공연명,장르명,세부장르명,출연진내용,제작진내용,기획제작사명,원작자명,극작가명
인더스트리얼 퍼포먼스,복합,다원/융복합,"예효승, 나혜영",,금은보화(주관),,
아웃 오브 더 블루,복합,복합,"신유, 김지연, 김대희, 류재경, 김은혜, 정재희, 장보영 등",류경한,"SY Ent(에스와이 이엔티)(주관), 김지연 아코디언 팝스오케스트라(주최)",,
이색콘서트,복합,복합,김진철,,"(주)지앤미디어(주최), (주)지앤미디어(기획사)",,
슬픔의 집,복합,다원/융복합,,"김지선, 강윤지, 문기강 등",,,
"차세대열전, 이어지음 프로젝트",복합,복합,"강인아, 고석진, 조의선, 최태훈","강안나, 강한별, 최세린 등",한국문화예술위원회(주최),,
얼씨구왕국의 삼총사,복합,다원/융복합,,,"부산시립예술단(주관), 부산시립극단(주관), (재)부산문화회관(주최)",,
"헨젤과 그레텔, 토선생 용궁가다 (패키지)",복합,복합,"김세연, 안숙선, 박애리, 남상일 등",,(재)춘천문화재단(주최),,
최정주의 아트앤뮤직 큐레이션: 20세기를 빛낸 화가들Ⅱ,복합,복합,최정주,,마리아칼라스홀(주최),,
할리우드의 피터와 늑대,복합,다원/융복합,한대수 등,,플랫폼엘 컨템포러리 아트센터(주최),,
최정주의 아트앤뮤직 큐레이션: 20세기를 빛낸 화가들Ⅲ,복합,복합,최정주,,마리아칼라스홀(주최),,
LED비바츠 태권발레 [철원],복합,복합,,,,,
"ACC 브런치 콘서트, 타악그룹 타고의 MAN AND DRUM",복합,복합,"김병주, 김상철, 김시원, 남화연, 박진영, 안종혁, 홍나라 등",,국립아시아문화전당(주최),,
전영랑 온희정의 국악과 트로트 크로스오버,복합,복합,"전영랑, 온희정",,"한국문화예술회관연합회(KoCACA)(주관), 의령군청(의령군)(주관), 문화체육관광부(주최)",,
"제17회 평창대관령음악제, 샌드아트와 함께 하는 음악여행: 동물의 사육제",복합,다원/융복합,"박진수, 채지혜, 김소염, 전한국",,"강원도청(주최), (재)강원문화재단(주관)",,
MUSEUM AFTER DARK,복합,다원/융복합,"신준식, 메건 슈베르트, 에린 지, 이루다, 강천일, 송승욱, 최낙권","김인현, 박진아, 허지은","(재)태진문화재단(주최), 프로덕션컴퍼니은(주관)",,
경주아티스트 페스티벌: 꿈의콘서트,복합,복합,,,"경주시(주최), 한국문화예술회관연합회(KoCACA)(주최), (재)경주문화재단(주관)",,
고희전＆조용주 희망 콘서트 [안성],복합,복합,"장예은, 최태영, 류아름, 정다운, 전계열, 견리나, 김이슬 등","문승용, 노연우",안성맞춤아트홀(안성시)(주최),,
"3시 공연산책, 나태주 시인과 함께하는 풍류 위의 시",복합,복합,나태주 등,"이수근, 손해장, 최현석 등","공주시문화시설사업소(공주문예회관)(주관), 공주시청(주최)",,
최정주의 아트앤뮤직 큐레이션: 20세기를 빛낸 화가들Ⅳ,복합,복합,최정주,,마리아칼라스홀(주최),,
유홍의 MIXTUM,복합,복합,"유홍, 진상태, 우웨이 나오코 키쿠치",,"왓와이아트(주최), 왓와이아트(주관)",,
공간,복합,복합,"김대현, 김바다, 김지온, 강찬, 김준영, 박준휘, 주민진 등",,"(주)창작하는 공간(주최), (주)창작하는 공간(제작사)",,
"메이드오브트리 Vol.5, 최용석 & 신문수",복합,복합,"최용석, 신문수",,옐로밤(주최),,
pan123mE1,복합,복합,"양조아, 김신록, 강말금, 성수연",,,,
ONE MOMENT,복합,복합,,,,,
"문화가 있는 날, 연극인 박정자 낭독 콘서트: 영영이별 영이별",복합,복합,"박정자, 이태경, 이정엽",,(재)춘천문화재단(주최),,
I have a dream,복합,복합,,,"이모션콘텐츠(주관), 세종문화예술회관(주관), 이모션콘텐츠(주최)",,
신데렐라,복합,다원/융복합,,,홀로키즈파크(주최),,
전원경의 미술관 옆 음악당 시즌 5,복합,복합,전원경,,"수원시청(주최), (재)수원문화재단(주관)",,
오페라와 뮤지컬의 향연,복합,복합,"오유석, 황태경, 이세영, 윤승환, 이상규, 이희주, 최혜진 등",,"스피리또(주관), 스피리또(주최)",,
베토벤X클림트 운명의 키스,복합,복합,"민우혁, 신영숙, 문재원, 이희주, 박한울 등",,"(재)천안문화재단(천안예술전당)(주최), 천안예술의전당(주최)",,
최정주의 아트앤뮤직 큐레이션: 인상주의 화가들 시리즈 Ⅱ,복합,복합,최정주,,마리아칼라스홀(주최),,
"온쉼표, 하루 (10월)",복합,복합,,,"프로젝트 날다(제작사), (재)세종문화회관(주최)",,
"짬콘서트:조선클럽, 재비＆유엔젤보이스 [용인]",복합,복합,,,"(재)경기도문화의전당(주최), (재)경기도문화의전당(주관)",,
점프 [울산],복합,복합,,,"울주문화예술회관(울주군시설관리공단)(주관), 한국문화예술회관연합회(KoCACA)(주최), 울산광역시 울주군청(주최)",,
Volare sul teatro (패키지),복합,복합,"김다운, 김홍인, 이루다, 이루마, 이지현, 임주찬, 신동하 등",,(재)춘천문화재단(주최),,
김영임 & 김용임과 함께하는 희희낙락 [영주],복합,복합,"김영임, 김용임, 고금성, 전영랑",,"한국문화예술회관연합회(KoCACA)(주최), 영주시문화예술회관(주관), (주)공간엔피엠(주관)",,
찰리채플린 시네마 콘서트 with 신나는섬 [태안],복합,복합,,,태안문화예술회관(주최),,
제16회 남양주 예술제,복합,복합,,,남양주시청(주관),,
금요공감 (11월),복합,복합,"이동명, 박종배, 차형도, 김진, 이소윤, 배슬비, 최동현 등","심새인, 김종현",국립국악원(주최),,
"수봉IN꿈노리, 샌드아트와 음악 안녕 비류야",복합,복합,,,"(사)한국예총 인천광역시연합회 인천예총(인천수봉문화회관)(주최), (사)한국예총 인천광역시연합회 인천예총(인천수봉문화회관)(주관)",,
제15회 열린심포니오케스트라 정기연주회,복합,복합,"김사도, 김유림, 이선진, 천하은, 신일호, 강현영, 홍봉기 등",,"열린심포니오케스트라(주최), 열린심포니오케스트라(주관)",,
"봉포유 Ⅳ, 다시만난 세상으로- 봄바람 쐬러가자",복합,복합,"최수진, 박희재, 김태헌, 최권호, 최만호, 손현진",,"한국문화예술회관연합회(KoCACA)(주관), 봉산문화회관(주관), 한국문화예술회관연합회(KoCACA)(주최), 봉산문화회관(주최)",,
밀양아리랑: 날 좀 보소,복합,복합,,,"(재)밀양문화재단(주관), 밀양시청(주최)",,
선율기록: BIG VIOLIN PLAYER,복합,복합,"임이환, 이준, 서희숙",,,,
장르불문 십분발휘,복합,복합,,,대전예술의전당(주최),,
동지섣달 꽃 본 듯이,복합,복합,,,"(재)밀양문화재단(주관), 밀양시청(주최)",,
Shall we Tango?,복합,복합,"박소현, 이네스 길, 유혜림, 우호균, 곽형훈",,쌀롱드무지끄(주최),,
친절한 돼지씨,복합,복합,"김소진, 정초롱, 백승태, 정혜인, 유예나, 김나윤 등","김혜성, 이고운 등","경기도청(주관), 한국문화예술위원회(주관), (재)의정부문화재단 (의정부예술의전당)(주최), 경기문화재단(주최)",,
지역문화예술활성화를 위한 문화 예술 여행,복합,복합,,,"제주특별자치도 문화예술진흥원(주관), 제주특별자치도 문화예술진흥원(주최)",,
코리아윈드필하모니 국악과 함께하는 이색콘서트,복합,복합,"서희태, 남상일, 오정해, 김산하, 이화영, 박정덕, 김무환 등",,"(재)달서문화재단 (웃는얼굴아트센터, 달서아트센터)(주최), 코리아윈드필하모니(주최)",,
"11시 음악산책, 공병우의 내 사랑",복합,복합,"공병우, 김민지, 박소영",,"광주문화예술회관(주최), 광주문화예술회관(주관)",,
BEST OF THE BEST [대구],복합,복합,"성민제, 이경선, 백윤학 등",,"(재)달서문화재단 (웃는얼굴아트센터, 달서아트센터)(주최), (재)달서문화재단 (웃는얼굴아트센터, 달서아트센터)(기획사)",,
클림트 & 뮤직 콘서트 [용인],복합,다원/융복합,"정우철, 박진우, 김재원, 석현수",,"한국문화예술회관연합회(KoCACA)(주최), (재)용인문화재단(주관), (주)앰버린(주관)",,
수험생을 위한 가족음악회 덕분에 콘서트,복합,복합,"김수경, 김선양, 김병현, 김민경, 류지은, 임봉석, 송성훈 등",,대구문화예술회관(주최),,
제4회 S.Festa,복합,복합,"김진현, 이용석, 김성경, 문경빈, 예재창, 제갈은하, 배지오 등","김성희, 장종호, 이지언","극단 가인(주최), 극단 가인(주관)",,
산타와 함께하는 빛의나라이야기,복합,다원/융복합,,,극단 상상마당컴퍼니(주최),,
제14회 서울국제문화공연,복합,복합,,,,,
축하 음악회 [부산],복합,복합,,,성원아트홀(주최),,
춘천시립교향악단과 강원도립국악관현악단이 함께하는 신년음악회,복합,복합,"이종진, 정기훈, 김은정, 이소연, 성재창, 홍정의, 윤은화 등",,춘천시립예술단(주최),,
그린스크린 글리치,복합,다원/융복합,"조아라, 손정현, 조희성, 신희정 등","신희정, 김민주, 윤해인 등",(주)이방인(주최),,
세종 예술제,복합,복합,박주영 등,,"(재)세종시문화재단(주관), 세종특별자치시청(주최)",,
세종시문화재단 공연장상주단체 페스티벌,복합,복합,,,"(재)세종시문화재단(주관), 세종특별자치시청(주최)",,
Harmony of Light [부산],복합,다원/융복합,,,"한국문화예술회관연합회(KoCACA)(주최), 부산광역시(주관)",,
"제19회 의정부음악극축제, 이희문＆프렐류드＆놈놈 잠비나이 VOMLab",복합,복합,이희문 등,,(재)의정부문화재단 (의정부예술의전당)(주최),,
영남필하모니오케스트라와 함께 하는 가족 클래식 음악회,복합,복합,"최지환, 오영지 등",,"(사)영남필하모닉오케스트라(주관), (사)영남필하모닉오케스트라(주최)",,
제19회 강릉국제청소년 예술축전,복합,복합,,,강릉시청(주최),,
"STAGE.5, 기술의 예술",복합,복합,,,"강릉아트센터(주최), 강릉아트센터(주관)",,
대구문화예술회관 개관 30주년 기념 공연,복합,복합,,"이현창, 김성용, 정철원 등",대구문화예술회관(주최),,
"그림 읽어주는 베토벤 THE CONCERT, 고흐vs고갱",복합,복합,조숙현 등,임용순,"대원미디어(주)(주최), 두손클래식엔터테인먼트(주)(주최), 대원미디어(주)(주관), 두손클래식엔터테인먼트(주)(주관)",,
악가무서화(樂歌舞書畵) [영주],복합,복합,,"박지훈, 이준학, 이호준 등",한국문화예술회관연합회(KoCACA)(주최),,
"수성월드뮤직페스티벌, 신노이",복합,복합,"김보라, 이원술 등",,"(재)수성문화재단 수성아트피아(주최), (재)수성문화재단 수성아트피아(기획사)",,
"짬콘서트:조선클럽, 오단해아트랩＆서울발레시어터 [용인]",복합,복합,오단해 등,,"(재)경기도문화의전당(주최), (재)경기도문화의전당(주관)",,
현대인을 위한 메디아트 콘서트 I [안동],복합,복합,"이상수, 박소연, 안은영, 이은실, 소현정, 김아람, 박소담 등","김신근, 정진","한국문화예술회관연합회(KoCACA)(주최), 안동문화예술의전당 (평생학습원)(주관)",,
"짬콘서트:조선클럽, 이날치 & 앰비규어스댄스컴퍼니 [용인]",복합,복합,,,"(재)경기도문화의전당(주최), (재)경기도문화의전당(주관)",,
텐트 속 가을 콘서트,복합,복합,,,,,
진성&남상일의 희희낙락 콘서트 [여주],복합,복합,"진성, 남상일, 최예림, 서정금",,"(재)여주세종문화재단(주최), (재)여주세종문화재단(주관)",,
코로나 극복기원 다큐·갈라콘서트 울림IV,복합,복합,"이승은, 하만택, 최영철, 김희정, 이정표, 임현경, 최영선 등",,"WK엔터테인먼트(주최), (주)코리아아르츠그룹(주관), (주)코리아아르츠그룹(주관), (주)코리아나매니지먼트(주관)",,
최정주의 아트앤뮤직 큐레이션: 인상주의 화가들 시리즈 Ⅲ,복합,복합,최정주,,마리아칼라스홀(주최),,
BEST OF THE BEST,복합,복합,"성민제, 민유경, 백윤학 등",,"한국문화예술회관연합회(KoCACA)(주최), 서산문화회관(주관), 클라츠컴퍼니(제작사)",,
미디어아트와 함께하는 포에트리 콜라보 음악회: 동주와 재하의 밤은 어둡지 않다,복합,다원/융복합,"박시원, 석상근, 서동진, 신하준, 이희주, 이정연 등",,"JK아트컴퍼니(주관), JK아트컴퍼니(주최)",,
홀로그램 판타지쇼! 올 댓 코리아: 소 랑 전 [부산],복합,다원/융복합,,,"부산학생예술문화회관(주최), 부산학생예술문화회관(기획사)",,
마법의 샘,복합,다원/융복합,"이승학, 조혜수, 정성현, 김현석, 오창선","정지현, 문진영, 이승규 등",국립아시아문화전당(주최),,
디스이즈 잇 [군산],복합,다원/융복합,,,"한국문화예술회관연합회(KoCACA)(주최), 군산예술의전당(주관)",,
음악으로 읽어주는 실크로드 이야기,복합,다원/융복합,"노영심, 류은빈, 김주영, 나희원, 박한결, 김건중, 박소연","노영심, 박한결, 윤혜린 등",,,
서울국제컴퓨터음악제,복합,다원/융복합,,,"한국전자음악협회(주최), 한다우리 예술기획(주관)",,
이정연댄스프로젝트: Lucid Dream Ⅱ,복합,다원/융복합,"이예진, 권민찬","이정연, 김진태, 현소영 등","한국문화예술위원회(주최), 이정연댄스프로젝트(제작사), 한양대학교 산학협력단(주관)",,
최정주의 아트앤뮤직 큐레이션: 도시의 미술관 산책 I,복합,복합,최정주,,마리아칼라스홀(주최),,
작은 모래가 들려주는 바다이야기: 인어공주 외,복합,다원/융복합,,,극단 상상마당컴퍼니(주최),,
신년음악회 [군포],복합,복합,"장윤성, 김순영 등",,"(재)군포문화재단(군포문화예술회관)(주최), (사)군포프라임필하모닉오케스트라(주관)",,
부채소녀,복합,복합,"김보림, 한진수, 이다미, 이근재, 김은영, 박한결, 이지혜 등","정미선, 윤현진, 김윤진 등",NMK 한국으로부터의 새로운 음악(주최),,
코미디 애니멀 쇼 [인천],복합,복합,,,아띠홀(주최),,
"＃의정부아트스테이지, 걱정말아요 그대",복합,복합,"이지연, 오기석, 신민정, 송민수, 한아름, 이상희, 김용환 등",,"(재)의정부문화재단 (의정부예술의전당)(주최), (재)의정부문화재단 (의정부예술의전당)(주관)",,
Sonic Illusion,복합,다원/융복합,,,"한국멀티미디어음악학회(주최), 계명대학교(주최)",,
최정주의 아트앤뮤직 큐레이션: 도시의 미술관 산책 Ⅱ,복합,복합,최정주,,마리아칼라스홀(주최),,
대구문화예술회관 새해희망콘서트,복합,복합,"이현창, 이화영, 이병삼, 이미연, 백나현, 김수동, 임형석 등",,대구문화예술회관(주최),,
천막극장,복합,복합,,,"대구광역시 서구문화회관(주최), 대구광역시 서구문화회관(주관)",,
코미디 애니멀쇼 [의정부],복합,복합,,,극단 상상마당컴퍼니(주최),,
"대전문화예술지킴이 감사콘서트, 제4편 그리운 그대여",복합,복합,"박지혜, 지현아, 박세환, 이상미, 조병주, 강지연, 조하나 등",,"대전문화예술지킴이(주최), 대전문화예술네트워크(주최), 지오엠미디어(주관)",,
최정주의 아트앤뮤직 큐레이션: 도시의 미술관 산책 Ⅲ,복합,복합,최정주,,마리아칼라스홀(주최),,
다크필드: FLIGHT,복합,다원/융복합,,"서미정, 김희수 최영은 등",(재)우란문화재단(주최),,
"통영국제음악제, 디어 루나",복합,복합,"김주원, 이승현, 이소정, 김윤아, 윤홍천, 한예리, 정미조 등","김주원, 김택수, 최수진 등","(재)통영국제음악재단(주최), 통영시(주관), (재)통영국제음악재단(주관), 통영시(주최)",,
"통영국제음악제, 이날치",복합,복합,"권송희, 신유진, 안이호, 이나래, 장영규, 정중엽, 이철희",,"(재)통영국제음악재단(주관), 통영시(주최), (재)통영국제음악재단(주최), 통영시(주관)",,
라이온킹외 친구들 [안산],복합,다원/융복합,,,,,
비올라 tuitti와 가야금의 FOREST SOUNDS,복합,복합,"유예슬, 박달님, 김단비, 정다솜, 김진아, 엄지유, 임송이 등",,(재)우진문화재단(주최),,
코미디애니멀쇼 [부천],복합,복합,,,키즈플러스(주최),,
"춘천시립합창단 어린이음악회, 친구야노올자: 콩쥐팥쥐",복합,복합,"임창은, 최은혜, 노효정, 김현애, 오창균, 박광석, 조용원 등","양홍주, 김명주 등","춘천시립예술단(주최), 춘천시청(주최), (재)춘천문화재단(주최)",,
"안산시립예술단 기획공연, 목요보노음악회",복합,복합,,,"안산시청(주최), 안산시립예술단(주관)",,
청산 The 그리다,복합,복합,"이밝음, 유성희, 황가연, 박한결, 조성일, 채승웅",,,,
"한국음악, 여섯 개의 길로 떠나는 음악여행 레게, 판소리를 만나다",복합,복합,김율희 등,,"광주광역시 북구(주최), 광주북구문화센터(주관)",,
Body ＆ Voice [인제],복합,복합,,,"(재)인제군문화재단(주최), (재)인제군문화재단(주관), Brassonit(주관)",,
"더 뉴바로크 컴퍼니, 세계의 조화 21",복합,다원/융복합,"최현정, 이한솔, 장유진, 전현호, 아렌트 흐러스펠트, 장정권, 박성민",,더뉴바로크컴퍼니(주관),,
최정주의 아트앤뮤직 큐레이션: 도시의 미술관 산책 Ⅳ,복합,복합,최정주,,마리아칼라스홀(주최),,
"해설이 있는 11시콘서트, 블랙스트링 [천안] (4월)",복합,복합,오유석 등,,(재)천안문화재단(천안예술전당)(주최),,
"K-Brunch Concert, 우리의 아침을 여는 한국음악: 첼로가야금 [대전]",복합,복합,"이정훈, 천지윤, 안은경, 김효영, 신주희, 김솔다니엘 등",,"대전시립연정국악원(주최), 대전국악방송(주최), 대전시립연정국악원(주관)",,
"리버사이드앙상블, 유니크와 샌드아트가 들려주는 어린왕자 이야기",복합,다원/융복합,"정지은, 김다솜, 오성준, 최은하, 조유미, 강병곤, 오현택 등",,경상남도문화예술회관(주최),,
"더 H 콘서트, 크로키키 브라더스X림스타악기앙상블 [화성]",복합,다원/융복합,,,"(재)화성시문화재단(주관), (재)화성시문화재단(주최)",,
이국정원,복합,다원/융복합,"박시원, 서현우, 김기창, 손현정, 나미희, 박영수 등",,"예술의전당(주최), (주)포도(주최)",,
"금욜로 시리즈, 첼로가야금 [포항]",복합,복합,"김 솔 다니엘, 윤다영",,(재)포항문화재단(주관),,
"ACC 창제작 어린이공연, 괴물 연을 그리다",복합,복합,"김보희, 김지애, 이원선, 최재형","이미희, 이보람, 서찬빈 등","아시아문화원(제작사), 문화예술교육 더베프(제작사)",,
코미디 애니멀 쇼 [구로],복합,복합,,,주니엔터테인먼트(주최),,
"샌드애니메이션, 동물의사육제 [의정부]",복합,다원/융복합,,,극단 상상마당컴퍼니(주관),,
봄내려온다,복합,복합,"강지예, 김경목, 김은비, 문인주, 손온유, 유낙원, 이대한 등","이광현, 이춘설희, 손온유 등","GLC컴퍼니(지엘씨컴퍼니)(주관), 퓨리파이(주최)",,
한웅원밴드 With 유태평양 [충주],복합,복합,"한웅원, 유태평양 등",,"문화체육관광부(주최), 한국문화예술회관연합회(KoCACA)(주관), 충주시문화회관(주관)",,
"SETUP 202, 당클매다",복합,다원/융복합,,"고동욱, 김준보, 김상완, 양이삭","(재)국립극단(주최), EASThug(제작사)",,
출범기념 오프닝 콘서트 [경기 광주],복합,복합,"장영규, 박준철, 이철희, 권송희, 신유진, 안이호, 이나래 등",,"(재)광주시문화재단 [경기광주](주최), (재)광주시문화재단 [경기광주](주관)",,
PICAS와 함께하는 어린이날 그림동화 음악회 Ⅷ,복합,복합,"윤혜경, 황지수, 최영진, 백혜원, 서의철, 황윤희, 임정철 등",,"이든예술기획(주관), 피카스(PICAS)(주최)",,
"영화의전당 개관 10주년 기념, 라이브 더빙쇼: 이국정원 [부산]",복합,다원/융복합,"박시원, 이수안, 서현우, 손현정, 나미희, 박영수",,"(재)영화의전당(주최), 한국영상자료원(주최), 문화상회 노닥(주관)",,
크로이처 소나타,복합,복합,"황건, 일리야 라쉬코프스키 등",황건,강동문화재단(강동아트센터)(주최),,
박애리와 함께하는 무브먼트 코리아3,복합,다원/융복합,박애리 등,,"(재)행복북구문화재단(어울아트센터)(주관), 광개토사물놀이예술단(주관), 한국문화예술회관연합회(KoCACA)(주최)",,
김영임 & 김용임과 함께하는 희희낙락 [통영],복합,복합,"김영임, 김용임, 고금성, 전영랑",,"통영시(주관), (주)공감엔피엠(주관)",,
갈라쇼 [대전],복합,복합,"최정원, 김혜원, 신주형, 김호준, 변재흥, 박수진, 임유 등",,아트피플컴퍼니(주최),,
탈피 [인천],복합,복합,"권순민, 이소산, 김기태, 양동환, 김미르, 손힘찬 등","임현태, 오수현, 고혜수 등","(재)인천광역시 부평구문화재단(부평아트센터)(주최), 부평문화사랑방(주관)",,
"요즘예술, 경기도극단 & 경기필하모닉오케스트라",복합,복합,정나라 등,"한태숙, 김정","경기아트센터(주최), 경기아트센터(주관)",,
생상스의 동물의 사육제 [화성],복합,다원/융복합,"이희주, 이정연, 신하준, 김정훈, 이예솔, 오승규, 박병준 등","김승민, 남다혜, 최혜진 등","스피리또(주관), 스피리또(주최)",,
대동춤Ⅱ,복합,복합,"추현탁, 이민형, 조아라, 조다솜, 유선후, 박솔지, 정민지 등","김상연, 노상민, 남경식 등",,,
"교육가족 공감 콘서트, 쉼",복합,복합,"이경구, 배다해, 한혜진, 김의형 등",,인천학생교육문화회관(주최),,
둥글고 둥글게 [부산],복합,복합,"장민승, 정재일",,"(재)영화의전당(주최), (재)영화의전당(주관), 한국영상자료원(주최), 한국영상자료원(주관)",,
해피콘서트 [군포],복합,복합,"박상우, 하윤주, 방수미, 고은영, 박희재, 백승욱 등",,"(재)군포문화재단(군포문화예술회관)(주최), 세종국악심포니오케스트라(세종국악관현악단)(주관)",,
쇼그맨 [밀양],복합,복합,"박성호, 김재욱, 이종훈, 김원효, 정범균",,"(재)밀양문화재단(주관), (재)밀양문화재단(주최)",,
나태주와 함께하는 LED 비바츠태권발레 [철원],복합,다원/융복합,나태주 등,,철원군(주최),,
스쿨 온 스테이지,복합,복합,"안헌영, 강민정, 하지희, 주윤정, 김보은, 이주헌, 전학수 등",,"(재)부산문화회관(주최), (재)부산문화회관(주관)",,
최정주의 아트앤뮤직 큐레이션: 도시의 미술관 산책 Ⅴ,복합,복합,최정주,,마리아칼라스홀(주최),,
"네버랜드 in 군포 Ⅰ, 동화 읽어주는 콘서트: 방귀며느리",복합,복합,"장예리, 정열, 이경구, 유병욱, 허윤, 박가영","배새암, 유보민, 송인석 등","(재)군포문화재단(군포문화예술회관)(주관), (재)군포문화재단(군포문화예술회관)(주최)",,
가야금 & 클래식 현(絃)의 풍류 [안동],복합,복합,,,"안동문화예술의전당 (평생학습원)(주최), 안동문화예술의전당 (평생학습원)(주관)",,
"트라이보울 시리즈, 우기부기",복합,복합,,,"예술공간 트라이보울(주관), 예술공간 트라이보울(주최), 인천광역시(주최), 인천광역시(주관), (재)인천문화재단(주최), (재)인천문화재단(주관)",,
"서현진과 함께하는 브런치 콘서트, 춤출까요? [인천] (5월)",복합,복합,"서현진, 정민호, 전현호, 최윤정, 강지연, 임샛별, 정건 등","제환정, 손일훈, 이다혜 등","(재)인천광역시 부평구문화재단(부평아트센터)(주관), (재)인천광역시 부평구문화재단(부평아트센터)(주최)",,
디스 이즈 잇 [김제],복합,다원/융복합,,,"김제시(김제시청)(주관), 한국문화예술회관연합회(KoCACA)(주관), 문화체육관광부(주최)",,
콜링,복합,복합,"김주현, 백유진, 진여준, 박성준, 이수진, 김수영, 강금화 등",,나래아트컴퍼니(기획사),,
재즈보컬 나혜영과 함께하는 시네마 뮤직 콘서트,복합,복합,"나혜영, 이미영, 김성수, 임주헌, 이인관, 조신일, 김경미 등","김상원, 정경은, 이경우 등","(재)노원문화재단(주관), (재)노원문화재단(주최)",,
피트정 초상화 Pete Jung Portrait,복합,다원/융복합,"피트정, 이미영, 안원석, 김영준, 김종훈",,"피트정컴퍼니(주최), 피트정컴퍼니(주관)",,
최정주의 아트앤뮤직 큐레이션: 도시의 미술관 산책 Ⅵ,복합,복합,최정주,,"(주)알피제이아트헤이스(주최), (주)알피제이아트헤이스(기획사)",,
"서현진과 함께하는 브런치 콘서트, 춤출까요? [인천] (6월)",복합,복합,"서현진, 김재원, 박강현, 이호찬, 박예은, 하지석, 한대교 등","제환정, 손일훈","(재)인천광역시 부평구문화재단(부평아트센터)(주관), (재)인천광역시 부평구문화재단(부평아트센터)(주최)",,
무한열전 [대구],복합,복합,김대산 등,,"(주)꿈꾸는씨어터(주최), (주)꿈꾸는씨어터(주관), 주니엔터테인먼트(주관), 프리뮤직밴드 몰랑(주관), 트래덜반(주관)",,
아직 가 닿지 못한 그곳 찬란한 벌판,복합,복합,"이산, 서경선, 권이은정, 김하람, 이륜화, 최김지정, 천샘 등","이산, 서경선, 천샘 등","오후의 예술공방(주최), by윤슬(주관)",,
미디어아트와 함께하는 포에트리 콜라보 음악회: 동주와 재하의 밤은 어둡지 않다 [고양],복합,다원/융복합,"서동진, 이희주, 김세환, 임덕수, 이정연, 이성구, 박종인 등",,"(주)제이케이앤컴퍼니(JKNCompany)(주관), (주)제이케이앤컴퍼니(JKNCompany)(주최)",,
JAZZ에 빠진 영화 OST 그리고 탭댄스 [김제],복합,복합,,,"문화체육관광부(주최), 김제시(김제시청)(주관), 한국문화예술회관연합회(KoCACA)(주관)",,
"공연으로 떠나는 세계여행, 아르헨티나",복합,복합,"이인경, 길태호, 김다솔, 장새봄, 박윤수, 김초롱",,"문화체육관광부(주최), 한국문화예술회관연합회(KoCACA)(주관), 남양주시청(주관)",,
KKun in 용인 페스티벌: 국악과 재즈의 만남,복합,복합,"조윤성, 김효영, 전창민, 신동진, 한다혜, 안승현 등",조윤성,"한국문화예술회관연합회(KoCACA)(주최), (재)용인문화재단(주관)",,
Spanish Heart,복합,복합,"민선재, 윤보영, 양보나, 최영민 등",,(주)샤콘느(주최),,
이국정원 [인천],복합,다원/융복합,"박시원, 이수안, 김기창, 손현정, 나미희, 박영수",,(재)인천광역시 부평구문화재단(부평아트센터)(주최),,
오정해·유태평양과 함께하는 한여름밤의 콘서트 [대구],복합,복합,"김현호, 유태평양, 홍혜림, 조대철, 오정해, 엄선민, 김신오 등","박연성, 정태민, 서보완 등","대구학생문화센터(주최), 영남국악관현악단(주관)",,
찰리채플린과 폴리의 라이브스크린 [대전],복합,다원/융복합,"양왕열, 최유석, 고길영, 이기명, 황성범, 성철모",,"공연기획피움(주관), 퓨전퍼커션밴드 폴리(주최)",,
제15회 현대음악앙상블 뉴던 정기연주회,복합,복합,"허정인, 강나영, 이상미, 유현문, 함솔희, 황진하, 류방열 등","설나라, 허윤성, 강나영 등","현대음악앙상블 뉴던 (New Dawn)(주최), 현대음악앙상블 뉴던 (New Dawn)(주관)",,
"여우락 페스티벌, Deep Sea Creatures",복합,다원/융복합,"박혜인, 노상호 등",,"국립극장(주최), 국립극장(주관)",,
최정주의 아트앤뮤직 큐레이션: 도시의 미술관 산책 Ⅶ,복합,복합,최정주,,마리아칼라스홀(주최),,
한낮의 유U;콘서트 (7월),복합,복합,"곽유평, 장주희, 정선호, 전아라, 한호승, 박상아, 송도환 등",,"(재)영화의전당(주최), (재)영화의전당(주관), 한국문화예술회관연합회(KoCACA)(주최), 한국문화예술회관연합회(KoCACA)(주관), (주)국제신문(주최), (주)국제신문(주관), 유성재즈악단(주최), 유성재즈악단(주관)",,
LED 비바츠 태권발레,복합,다원/융복합,,,"한국문화예술회관연합회(KoCACA)(주최), 함안군(주최), 함안문화예술회관(주관), 비바츠예술매니지먼트(주관)",,
무령 (7.24),복합,복합,,"박승희, 황호준, 김유미 등","공주시청(주최), 공주시충남연정국악원(주관)",,
무령 (7.25),복합,복합,,"박승희, 황호준, 김유미 등","공주시청(주최), 공주시충남연정국악원(주관)",,
자스무지쿠스 정기연주회 [대전],복합,복합,"조진웅, 박찬모, 김경희, 정유하, 하지욱, 한재현",,"자스 무지쿠스(주최), 자스 무지쿠스(주관)",,
"경기도예술단원 창작무대, Spero Spera: 마마 [수원]",복합,복합,"강구철, 국철민, 길준섭, 박성욱, 서동희, 손승주, 송다민 등","서동희, 손승주, 박성욱 등","경기아트센터(주관), 경기아트센터(주최)",,
"봉포유 렉처스테이지 I, 김설진X토리스 [대구]",복합,복합,"김설진, 곽동현, 백현호, 견두리, 이신예, 최홍석",,"봉산문화회관(주관), 한국문화예술회관연합회(KoCACA)(주최), 봉산문화회관(주최)",,
8월 토마토,복합,복합,,,,,
희망화원 [수원],복합,다원/융복합,"강구철, 국철민, 백선주, 이규석, 이예나, 이용문, 장지현 등","하수민, 채명신, 조승현","경기아트센터(주최), 경기아트센터(주관)",,
클림트 & 뮤직 콘서트 [익산],복합,다원/융복합,"정우철, 박진우, 김재원, 석현수",,"한국문화예술회관연합회(KoCACA)(주최), 익산예술의전당(주관), (주)앰버린(주관)",,
Blooming Space,복합,다원/융복합,"배진일, 이은정, 김민지, 최시원, 남선희, 윤혜수, 배상은","김명숙, 노현주, 이재형 등",김명숙 늘휘무용단(주최),,
박애리와 함께하는 무브먼트 코리아 3 [부산],복합,복합,박애리 등,,"금정문화회관(주관), 광개토사물놀이예술단(주관), 한국문화예술회관연합회(KoCACA)(주최)",,
"온쉼표, 국악 플라잉 퍼포먼스: 하루 (8월)",복합,복합,"정성태, 권해원, 김소희, 이수윤, 박수연, 박용호, 서상현 등","김경록, 강상구, 심주영 등",(재)세종문화회관(주최),,
최정주의 아트앤뮤직 큐레이션: 도시의 미술관 산책 Ⅷ,복합,다원/융복합,최정주,,마리아칼라스홀(주최),,
문화보물선을 만나러 가자,복합,복합,,,"예산군청(주최), 예산문화원(주관)",,
춘천문화예술회관 기획공연 (패키지),복합,복합,"최정원, 민경아, 박건형, 최재림, 김영주, 김경선 등",,,,
비바츠태권발레 [광양],복합,다원/융복합,,,"광양문화예술회관(광양시청)(주최), 한국문화예술회관연합회(KoCACA)(주최), 비바츠예술매니지먼트(주관)",,
"수봉IN꿈노리, 뮤직트립",복합,복합,,,"(사)한국예총 인천광역시연합회 인천예총(인천수봉문화회관)(주관), (사)한국예총 인천광역시연합회 인천예총(인천수봉문화회관)(주최)",,
"봉포유 렉처스테이지 II, 최석민 무용단X프렐류드 [대구]",복합,복합,"최석민, 고희안, 최진배, 리차드 로, 한웅원 등",,"봉산문화회관(주관), 한국문화예술회관연합회(KoCACA)(주최), 봉산문화회관(주최)",,
"아리랑, 택견과 만나다 [수원]",복합,복합,,,"수원시청(주최), (재)수원문화재단(주관), 발광엔터테인먼트(주관)",,
음악이 춤을추다 [대전],복합,복합,"김미현, 이지현, 장수지 등","서형원, 정우인, 한지용 등",대전시립연정국악원(주최),,
"제13회 DMZ국제다큐멘터리영화제, Docs on STAGE",복합,다원/융복합,"임지영, 박영성, 권지우, 김가은, 박혜림, 송해, 나태주 등","정민승, 정재일",DMZ국제다큐멘터리영화제(주최),,
드림스테이지 [김포],복합,복합,,,"(재)김포문화재단(주관), (재)김포문화재단(주최)",,
No Frame,복합,다원/융복합,"채진솔, 도로시, 박우성 등","채진솔, 도로시, 구본승 등","후용공연예술센터(기획사), 후용공연예술센터(주최)",,
The Magic 팬텀&퀸 [안산],복합,복합,"안세권, 김동현, 유성녀, 최형배 등",김봉미,"(사)베하 필하모닉 오케스트라(주최), (사)베하 필하모닉 오케스트라 통합(주최), 메이딧아트(주관)",,
젊은 예술가 초청 시리즈,복합,복합,"김정은, 이정은, 김태리, 이고은, 김상우, 이성재, 이수연 등",,"소극장 산울림(주최), 소극장 산울림(주관), 극단 산울림(주최), 극단 산울림(주관)",,
제32회 백제가요 정읍사문화제,복합,복합,"김용임, 강문경, 방서희 등",,"정읍시청(연지아트홀)(주최), 정읍사예술회관(주관)",,
성희승 별별 이야기,복합,다원/융복합,성희승,,"경기아트센터(주최), 경기아트센터(주관)",,
Drawing and POP [김제],복합,다원/융복합,,,"문화체육관광부(주최), 김제시(김제시청)(주관), 한국문화예술회관연합회(KoCACA)(주관)",,
김영임 & 김용임과 함께하는 희희낙락 [용인],복합,복합,"김영임, 김용임, 고금성, 최예림",,"(재)용인문화재단(주관), 한국문화예술회관연합회(KoCACA)(주최)",,
화려한 조명이 나를 비출 때 [안산],복합,복합,,,"(재)안산문화재단(안산문화예술의전당)(주최), (재)안산문화재단(안산문화예술의전당)(주관)",,
스토킹,복합,다원/융복합,"김현민, 홍지원, 권효정, 김하늘, 경찬솔, 손승욱, 백승훈 등","조인기, 신호철, 김하늘 등","극단 이인공감(주관), 극단 이인공감(주최)",,
벽을 뚫고 나온 꽃 [계양],복합,복합,,,"계양문화회관(인천광역시 계양구청)(주관), 한뫼국악예술단(주관), 한국문화예술회관연합회(KoCACA)(주최)",,
아트로드 [용인],복합,복합,,,"(재)용인문화재단(주최), (재)용인문화재단(주관)",,
마디와 매듭 쇼케이스,복합,복합,"박기량, 김단우, 장서이, 김정수, 한지향, 김나리, 김무빈 등","배삼식, 최우정, 정영두","아시아문화원(제작사), 국립아시아문화전당(주최), 아시아문화원(주최), 국립아시아문화전당(주관), 아시아문화원(주관)",,
같은공간 다른시간 [수원],복합,다원/융복합,신미리 등,,"경기아트센터(주최), 경기아트센터(주관)",,
"안동문화예술의전당 브런치콘서트, 레젤 트리오: 여인의 향기 (10월)",복합,복합,"김재원, 최정현, 장우리, 김동우, 정승희",,"안동문화예술의전당 (평생학습원)(주관), 안동문화예술의전당 (평생학습원)(주최)",,
"제60회 탐라문화제, 개막식",복합,복합,,,"제주특별자치도(주최), 한국예총 제주특별자치도연합회(주최), 탐라문화제추진위원회(주관)",,
"제60회 탐라문화제, 회원단체 공연",복합,복합,,,"한국예총 제주특별자치도연합회(주최), 제주특별자치도(주최), 탐라문화제추진위원회(주관)",,
두개의 눈,복합,다원/융복합,,,,,
별 헤는 밤 빼앗긴 들에서 꽃처럼 침묵을 깨다 [세종],복합,복합,"조광석, 정은혜, 홍정윤, 김민지, 윤설미, 정영란, 현은서 등",,"문화체육관광부(주최), (사)공명(주관), (사)국어문화원연합회(주관)",,
"제60회 탐라문화제, 시상식 및 폐막공연",복합,복합,양지은 등,,"한국예총 제주특별자치도연합회(주최), 제주특별자치도(주최), 탐라문화제추진위원회(주관)",,
Change Of Season 7,복합,복합,"박혜경, 최재호, 이유청, 하민우, 배형빈, 김다영, 한담희 등","황미숙, 조주원, 이현규 등",퍼포먼스그룹153(주최),,
MASK TOWEL DANCE for Orchestra,복합,복합,"김윤진, 권윤경, 한예진, 김주은, 손보리, 신유진, 유연주 등","정미선, 김세정, 이가영","NMK 한국으로부터의 새로운 음악(주최), 현대문화기획(주관)",,
친정엄마와 함께 감정 분리수거 [수원],복합,복합,"김용현, 함서율, 서지아, 김다예, 윤진웅, 조성태, 이재현",,"경기아트센터(주관), 경기아트센터(주최), 별난극단(제작사)",,
타파21,복합,복합,,,,,
"SPAF, 나는 그가 무겁다",복합,다원/융복합,윤종연,윤종연,"(재)예술경영지원센터(주관), 한국문화예술위원회(주최), (재)예술경영지원센터(주최)",,
"토요 브런치 콘서트, Arts Combi [김포]",복합,다원/융복합,"김기경, 윤보애, 플리에 아트, 강천일, 김영은, 이서윤, 주희정 등",,"(재)김포문화재단(주최), (재)김포문화재단(주관)",,
와일드 와일드,복합,복합,,"오준석, 최용진, 정석봉 등",,,
프로코피에프의 음악동화: 피터와 늑대 [부산],복합,다원/융복합,,,"영도문화예술회관(주최), 영도문화예술회관(주관), 미래필하모니오케스트라(주최), 미래필하모니오케스트라(주관)",,
세종의 꿈: 스물여둟짜랄의 신비,복합,복합,,"박순희, 김권섭, 김성민 등",(주)문화공감공존(주최),,
나태주와 함께하는 신세계판타지,복합,다원/융복합,나태주 등,조윤혜,"비바츠예술매니지먼트(주최), 비바츠예술매니지먼트(주관), 비바츠예술매니지먼트(제작사), 비바츠예술매니지먼트(기획사)",,
"The ART SPOT Series, 공간이 만든 공간",복합,복합,"황민왕, 이아람, 최인환, 김민영, 안정아, 유현준",,"(재)전통공연예술진흥재단(주최), 뮤지엄 SAN(주관)",,
명화 배달부,복합,복합,"도재혁, 민채홍, 한기태, 남강우, 강태훈, 박상수, 김형우 등","민채홍, 박검, 박서이 등",,,
이국정원 [김포],복합,다원/융복합,,,"(주)이앤에이그룹(주관), (재)김포문화재단(주최), 한국영상자료원(주최)",,
IMAGE of MUSIC 이은결 Ⅹ 조재혁 [안동],복합,다원/융복합,"이은결, 조재혁",,"안동문화예술의전당 (평생학습원)(주최), 안동문화예술의전당 (평생학습원)(주관)",,
THE 하랑콘서트: 끄적끄적,복합,복합,,,,,
"서현진과 함께하는 브런치 콘서트, 춤출까요?: 광기, 무섭도록 아름다운 [인천]",복합,복합,서현진,"제환정, 손일훈","(재)인천광역시 부평구문화재단(부평아트센터)(주최), (재)인천광역시 부평구문화재단(부평아트센터)(주관)",,
갈매기의 꿈 [계룡],복합,다원/융복합,,,"계룡시청(주최), (사)한국힙합문화협회 중앙회(주관), (사)한국힙합문화협회 충남지회(주관)",,
월드뮤직그룹 공명 & 비보이 & 전통무용의 콜라보 콘서트,복합,복합,"강선일, 박승원, 송경근, 임용주, 고성주, 김차돌, 김슬기 등",,"한국문화예술회관연합회(KoCACA)(주최), 김천시문화예술회관(주관)",,
문화를 꿈꾸며 삶을 노래하며,복합,복합,"김세은, 김성현, 고민수, 이정우, 강정은, 김경아, 이다연 등",,"서귀포예술의전당(주관), 서귀포예술의전당(주최)",,
"플러스: 강권순X송홍섭 앙상블, 이희문과 프렐류드",복합,복합,"강권순, 송홍섭, 서수진, 박은선, 이희문, 고희안, 최진배 등",,국립국악원(주최),,
With CAD,복합,복합,"홍승현, 윤대웅, 오승우, 이은빈, 이재경, 강현채, 여성은 등",,"무용협동조합연합회(주최), 무용협동조합연합회(주관)",,
1687,복합,복합,"추세령, 김승현, 김민지, 강대현 등","안상화, 김채린, 지석영 등","댄스무아(DanceMUA)(주최), 댄스무아(DanceMUA)(주관)",,
풍문속으로 사라진 꾼들: IT를 입고 부활하다 [부산],복합,다원/융복합,"이영주, 오장욱, 김인기, 김영진, 구본진, 전민규, 박진성 등",박준영,"페트라 아트 랩(주최), 페트라 아트 랩(주관)",,
더 쉐도우 [수원],복합,다원/융복합,"임하람, 이정현, 양시온, 김유희, 신유진, 정회훈","여성구, 박종화, 이상윤 등","매직플레이(제작사), 경기아트센터(주최)",,
김영임 & 김용임과 함께하는 희희낙락 [보령],복합,복합,"김영임, 김용임, 고금성, 전영랑",,"보령시청(주관), 한국문화예술회관연합회(KoCACA)(주최)",,
동물의 사육제 [의정부],복합,복합,,,극단 상상마당컴퍼니(주최),,
중구 어린이와 함께하는 코로나 극복 희망콘서트 1부,복합,복합,이상돈 등,,"인천광역시 중구청(주최), 인천광역시 중구청(주관)",,
처음인 오늘,복합,복합,,,"세겹줄누리(주최), 세겹줄누리(주관)",,
중구 어린이와 함께하는 코로나 극복 희망콘서트 2부,복합,복합,,,"인천광역시 중구청(주최), 인천광역시 중구청(주관)",,
IMAGE of MUSIC 이은결 Ⅹ 조재혁 [의정부],복합,복합,"이은결, 조재혁","구봉관, 정아람, 박웅 등","(재)의정부문화재단 (의정부예술의전당)(주최), (재)의정부문화재단 (의정부예술의전당)(주관)",,
쇼팽: 음악적 독립투사 이야기,복합,복합,"김기경, 황기석, 박경주 ,신현묵",,,,
음악에 날다 [고양],복합,복합,,,"예술기획 파홀로(주관), 제비회(주최)",,
가무악 길 [세종],복합,다원/융복합,"인현정, 임성해, 김보경, 최여진, 강연지, 병가온, 지유진 등","조성환, 김영덕 등",유진예술기획(주최),,
리듬 오브 코리아 [함양],복합,복합,,,"문화체육관광부(주관), 한국문화예술회관연합회(KoCACA)(주관), 한국문화예술위원회(주관), 함양군(주관), 진조크루(주관), 문화체육관광부(주최), 한국문화예술회관연합회(KoCACA)(주최), 한국문화예술위원회(주최), 함양군(주최), 진조크루(주최)",,
천문대에 피아노가 떨어졌다,복합,다원/융복합,"김록운, 지웅배, 천윤수",,아트에이드융합예술연구소(주최),,
미스테리우스 [해남],복합,복합,,,해남문화예술회관(주최),,
KBS진주방송국과 함께하는 윤지원의 렉쳐콘서트,복합,다원/융복합,"윤지원, 정용도, 하범석, 윤종수, 전유정, 김대호, 홍찬미 등",,"아트컴플렉스(주관), KBS 진주방송국(주최)",,
클림트&뮤직 콘서트 [음성],복합,다원/융복합,"정우철, 박진우, 김재원, 석현수",,"한국문화예술회관연합회(KoCACA)(주최), 음성군청(주관), (주)앰버린(주관)",,
천문대에 피아노가 떨어졌다 [선릉],복합,다원/융복합,"김록운, 지웅배, 천윤수",,아트에이드융합예술연구소(주최),,
삼성현 열린 가족콘서트 [경산],복합,복합,"윤희식, 신유식 등",,"삼성현역사문화공원(주관), 경산시청(주최)",,
클래식 샌드아트와 함께하는 나의 소원은,복합,다원/융복합,"김아진, 김하린, 박성신, 김지연, 구태완, 방휘, 임병욱 등",,"부평필하모닉 오케스트라(주최), 부평필하모닉 오케스트라(주관)",,
바람은 소리없이.. 두번째 이야기: 자유의 초상,복합,복합,,,,,
"서현진과 함께하는 브런치 콘서트, 춤출까요?: 우리 안의 아이에게, 호두까기 인형 [인천]",복합,복합,서현진,"제환정, 손일훈","(재)인천광역시 부평구문화재단(부평아트센터)(주최), (재)인천광역시 부평구문화재단(부평아트센터)(주관)",,
열린음악회 [창녕],복합,복합,"박옥경, 배진아, 유희연, 구태진, 박민호, 최준우, 정진순 등",,"문화체육관광부(주최), 한국문화예술회관연합회(KoCACA)(주관), 창녕군청(창녕문화예술회관)(주관)",,
제5회 대구국제컴퓨터음악제,복합,다원/융복합,,,다매체예술단 ARS(주최),,
그림자극으로 만나는 비발디의 사계 [울산],복합,다원/융복합,,,"한국문화예술회관연합회(KoCACA)(주최), 울산광역시 중구문화의전당(주관)",,
눈으로 보이지 않는 마음의 소리 [의정부],복합,복합,"박선기, 도희선, 정한나, 이규철, 이정현, 김형걸, 김은애 등",,(재)의정부문화재단 (의정부예술의전당)(주최),,
Color of winter,복합,다원/융복합,,,,,
시시딱딱,복합,다원/융복합,"이동준, 장주희, 박슬종, 정지현, 이동준, 유재영, 안혜진 등","이동준, 유재헌, 이정현 등","(주)라이브아레나(주관), (주)라이브아레나(기획사), (주)라이브아레나(제작사)",,
하나카드와 함께하는 예술기부 스페셜 콘서트: Dear.Me : 친애하는 나에게,복합,복합,"김주원, 정영재, 김현웅, 한상일, 박윤우 등","김성훈, 정윤민",예술의전당(주최),,
무용詩 낭송회 [춘천],복합,복합,"김다솔, 박용우, 김아론, 김주영, 조윤영, 윤애람, 권교혁 등","윤혜정, 전상영, 강상민 등","강원도청(주최), 강원도립무용단(주관)",,
미스테리우스 [인천],복합,다원/융복합,"권순민, 차현성, 여인규, 문진홍, 김동현, 김경민, 권태성 등","이종민, 박종훈, 김현섭 등","한국문화예술회관연합회(KoCACA)(주최), (재)인천서구문화재단(주최), 구니스컴퍼니(더구니스 크루)(주최)",,
"제33회 고양행주문화제, 행주 코로나19 국난극복 여민락 콘서트 [아람누리]",복합,복합,"김진산, 송영주, 한상원, 박승화, 정수라 등",,"고양시청(주최), (재)고양문화재단(주관), 고양문화원(주관)",,
"제33회 고양행주문화제, 행주 코로나19 국난극복 여민락 콘서트 [어울림누리]",복합,복합,"김주영, 김효영, 조윤성, 최우준, 홍서범, 박강성 등",,"(재)고양문화재단(주관), 고양시청(주최), 고양문화원(주관)",,
나태주와 함께하는 신세계판타지 [천안],복합,다원/융복합,나태주 등,"조윤혜, 박성룡, 김수한 등","비바츠예술매니지먼트(기획사), 비바츠예술매니지먼트(제작사), 비바츠예술매니지먼트(주관), 비바츠예술매니지먼트(주최)",,
"클래식인문학특강1, 조희창의 러시아 피아노 음악이야기",복합,복합,,,"안동문화예술의전당 (평생학습원)(주최), 안동문화예술의전당 (평생학습원)(주관)",,
쏘울브릿지 기획공연: 단사 에스파뇰,복합,복합,"박은희, 최지연, 배호신",,"쏘울브릿지(주최), 쏘울브릿지(주관)",,
unCERTAINTY 서수진 단독공연 (Feat.Coloris Trio x 정수동 x Park 8),복합,복합,"서수진, 김영후, 강재훈, 정수동, 신이안, 강예람 등",,"CJ문화재단(주최), (주)비이피씨탄젠트(주관)",,
"클래식인문학특강2, 미술과 음악이 함께하는 장일범의 전시회의 그림 렉쳐 콘서트",복합,다원/융복합,장일범,,"안동문화예술의전당 (평생학습원)(주최), 안동문화예술의전당 (평생학습원)(주관)",,
악가무서화 X 춤추는 미술관,복합,복합,"공인설, 한새영, 차혜림, 이성희, 이민영, 유가희, 최민서 등","박지훈, 이준학, 손지영 등",갬블러크루 (Gamblerz Crew)(주최),,
여수 시립예술단과 함께하는 송년음악회,복합,복합,,,여수시청(),,
Adieu 송년음악회 [대구],복합,복합,"백진현, 조선형, 이병삼, 김세현, 김다현 등",,"(재)대구광역시 동구문화재단(주최), 아양아트센터(주최), 대구스트링스심포니오케스트라(주최)",,
청청 PASSION 제,복합,복합,,,제주특별자치도 문화예술진흥원(주최),,
"최정주의 아트앤뮤직 큐레이션, 위대한 예술가 시리즈: Viva La Vida 프리다 칼로",복합,다원/융복합,최정주,,마리아칼라스홀(주최),,
안산시립예술단 특별기획공연: Winter Concert,복합,복합,,,"안산시청(주최), 안산시청(주관)",,
Chair Table Chair,복합,복합,"김희영, 최대성, 우석훈, 임동주, 심재성, 김한상 등","김희명, 최대성, 우석훈 등","팀 퍼니스트(제작사), 동래문화회관(주관), 팀 퍼니스트(주관), 한국문화예술회관연합회(KoCACA)(주최)",,
크리스마스 캐롤 [부산],복합,다원/융복합,이기선 등,"김지용, 백현주, 이정윤","부산시립예술단(주관), (재)부산문화회관(주최)",,
별세계 [제주],복합,다원/융복합,,,(사)전통예술공연개발원 마로(주최),,
허풍선이 클래식 우주판타스틱쇼 [과천],복합,다원/융복합,,,(주)그래피직스(주최),,
크리스마스 콘서트 [대구],복합,복합,"이희랑, 홍영은, 김다영, 김유리, 최승주, 김유진, 권혁민 등","송성훈, 이근, 남화진 등","대구광역시 서구문화회관(주최), 대구광역시 서구문화회관(주관), 프리소울컴퍼니(주최), 프리소울컴퍼니(주관)",,
굿: 마른오구,복합,복합,"김미숙, 이석현, 나헤영, 이민영, 서상현, 박영성, 문용식 등","김남진, 이상훈, 이희자 등","공연기획 MCT(주관), 댄스씨어터 창(주최)",,
와일드 와일드,복합,복합,,"오준석, 최용진, 정석봉 등",,,
虎氣: 범의 기운,복합,복합,"정지혜, 정보권, 양소민 등","이기쁨, 고동욱, 신동선 등","(재)국립정동극장(주최), (재)국립정동극장(제작사)",,
라이트 드로잉쇼 [의정부],복합,다원/융복합,,,극단 상상마당컴퍼니(주최),,
어린왕자 [부산],복합,복합,,,GS엔터테인먼트(주최),,
용인특례시 출범 전야제: 다시 새롭게 특례시 용인,복합,복합,"방성호, 함영선, 하지아, 심현경, 김연자, 이봉근, 유태평양 등",,"(재)용인문화재단(주관), (재)용인문화재단(주최)",,
다크필드: FLIGHT,복합,다원/융복합,,"서미정, 김혜리, 김희수 등",(재)우란문화재단(),,
레이져 홀로그램쇼 [인천],복합,다원/융복합,,,아띠홀(주최),,
울산공업센터 지정 60주년 기념 신년음악회: 앙코르! 울산 1962,복합,복합,"김대영, 민들레 등",,"울산광역시청(주최), 울산문화예술회관(주관)",,
"라이트드로잉쇼, 오로라의 환상여행",복합,다원/융복합,,,극단 상상마당컴퍼니(주최),,
"DAC플러스스테이지, 찾아오는 공연",복합,복합,"김준태, 손재명, 김다나 등",,대구시립예술단(주최),,
토요국악동화,복합,복합,,,국립국악원(주최),,
Eternal Moments 영원한 순간,복합,복합,"김웅식, 유홍, 강지은, 이화영, 황환희, 김도현, 강승민","강지은, 오영훈, 최인숙 등","왓와이아트(주최), 왓와이아트(주관), 왓와이아트(제작사)",,
NU PUNK IS HIPHOP,복합,복합,,,리브레호벤(LIBREJOVEN)(주최),,
새로운 시작 새로운 희망 콘서트,복합,복합,"우명선, 여경민, 양지민, 송성훈, 전대은, 정도영, 박근우 등",,"(재)거창문화재단(주최), COMPANY.F.S(FREE SOUL)(주최), (재)거창문화재단(주관), COMPANY.F.S(FREE SOUL)(주관)",,
제40회 파주시립예술단 신년음악회: Begin Aagain,복합,복합,"정성욱, 고영열 등",,"파주시청(주최), 파주시시립예술단(주관)",,
소리꾼 고영열 & 조윤성 트리오의 JAZZ IN NANBONGA,복합,복합,"고영열, 황호규, 조윤성, 신동진",,"(주)애영(주최), (주)애영(주관)",,
"방방곡곡 페스타, 코카카와 함께 하는 일상회복 힐링콘서트: 희망의 다리를 놓다 (2.20)",복합,복합,김이곤 등,,"한국문화예술회관연합회(KoCACA)(주최), 한국문화예술회관연합회(KoCACA)(주관)",,
"안동윈터아트페스티벌, 안동아코디언동호회 & 웅부실버악단 크로스오버 신바람콘서트 [안동]",복합,복합,,,안동문화예술의전당 (평생학습원)(주최),,
"방방곡곡 페스타, 코카카와 함께 하는 일상회복 힐링콘서트: 희망의 다리를 놓다 (2.21)",복합,복합,송영민 등,,"한국문화예술회관연합회(KoCACA)(주최), 한국문화예술회관연합회(KoCACA)(주관)",,
"방방곡곡 페스타, 코카카와 함께 하는 일상회복 힐링콘서트: 희망의 다리를 놓다 (2.22)",복합,복합,"손범수, 송사비, 김광현, 이예린, 김현정, 고상진, 최문석 등",,"한국문화예술회관연합회(KoCACA)(주최), 한국문화예술회관연합회(KoCACA)(주관)",,
어린이예술아카데미 발표회 (2부),복합,복합,"김리해, 김지민, 김해나, 류하영, 박지안, 박태한, 서주은 등",,"(재)행복북구문화재단(주최), (재)행복북구문화재단(주관)",,
"Spring Baroque, 댄싱 바로크",복합,복합,"조성연, 마르친 스비아트키에비츠, 서일영, 정지혜",,"(주)메이지프로덕션(주관), (주)메이지프로덕션(주최)",,
"그림 읽어주는 베토벤, 마네&모네 [부산]",복합,다원/융복합,조숙현 등,임용순,"좋은사람들(주최), 좋은사람들(주관), 아이에이치컬쳐(IH Culture)(주관)",,
"보이는 클래식, 들리는 미술",복합,다원/융복합,"이소영, 김홍연, 박주경, 전혜성, 방지성, 최한결, 김승원",,"에티카 앙상블(주최), 에티카 앙상블(주관), (재)세종문화회관(주최), (재)세종문화회관(주관)",,
고양특례시 출범 지역 예술인 축하콘서트,복합,복합,"이범학, 김나연, 문채윤, 이세은 등",,(재)고양문화재단(주최),,
새로운 시작을 위한 힐링콘서트: 탠텀&퀸 The magic [순천],복합,복합,"김주택, 유성녀, 최형배, 장하은, 김봉미 등",,"순천시(순천시청)(주최), 순천시(순천시청)(주관)",,
오페라마 토크 콘서트: 바리톤 정경의 정신 나간 작곡가와 키스하다,복합,복합,"정경, 전지윤",,"(주)아이피샵(주최), H&H 컴퍼니(주관)",,
"김남진피지컬씨어터, LINE: 줄 [부산]",복합,복합,"김주영, 이상훈, 김종환, 이준상, 정다래, 김홍인, 황인자 등","김남진, 이희자, 김호진 등","(주)이앤에이그룹(주관), 김남진피지컬씨어터(주최)",,
"그림으로 듣는 슈만, 사랑의 노래: To my Love",복합,다원/융복합,"이인학, 윤소영, 최윤성",,영음예술기획(주최),,
나태주 시인X앙상블 더류가 함께하는 시와 음악이 있는 콘서트,복합,다원/융복합,나태주 등,,"문화체육관광부(주최), 한국문화예술회관연합회(KoCACA)(주관), 인천광역시남동구도시관리공단(주관)",,
비발D마와 함께하는 씨네마콘서트,복합,복합,,,"고창군(고창군청)(주최), 고창군(고창군청)(제작사), 전라북도(주최)",,
동화나라 샌드북 [인천],복합,다원/융복합,,,아띠홀(주최),,
융·복합 미디어 쇼: HARMONY OF LIGH [광주],복합,다원/융복합,,,"광주광역시 북구(주최), 광주북구문화센터(주관)",,
"전원경의 아트살롱, 그림콘서트: 봄을 맞은 파리",복합,복합,"전원경, 김민정, 이승윤, 장예지, 김유진",,"(재)부산문화회관(주최), (재)부산문화회관(주관)",,
아우름 콘서트 [대구],복합,복합,"황대진, 위수인, 정효성, 이승희, 김효준, 김형석, 이영주 등",,"대구교육대학교(주최), 대구교육대학교 음악교육과(주관)",,
"을숙도문화회관 개관 20주년 기념콘서트, 조항조, 박애리 & 오케스트라",복합,복합,"조항조, 박애리, 홍희철, 김희정 등",,"을숙도문화회관(주최), 을숙도문화회관(주관)",,
을숙도문화회관20주년 콘서트,복합,복합,"조항조, 박애리 등",,"을숙도문화회관(주최), 을숙도문화회관(주관)",,
이영섭 ＋ 양승환 듀오콘서트: WE,복합,복합,"이영섭, 양승환",,Full Moon Company(보름달컴퍼니)(주관),,
노래와 춤이 함께하는 봄의 로망스,복합,복합,"오세민, 박소희, 박나래, 서훈하, 이태영, 양종근, 박은정 등",,"해운대문화회관(주최), 부산광역시 해운대구(주최), 솔라첼로 성악연구회(주관)",,
안산시립예술단 특별기획공연: 안산의 사계,복합,복합,,,"안산시청(주최), 안산시립예술단(주관)",,
"아세안 어린이공연, 거인 앙갈로",복합,복합,"이우영, 장경희, 김민정, 이경구, 이연주","최은정, 이가현, 지경민 등","국립아시아문화전당(제작사), 창작국악그룹 그림(the林)(제작사)",,
드로잉 퍼포먼스: 드로잉 매직쇼,복합,다원/융복합,,,"(사)한국예총 인천광역시연합회 인천예총(인천수봉문화회관)(주최), (사)한국예총 인천광역시연합회 인천예총(인천수봉문화회관)(주관)",,
건축! 음악을 품다,복합,다원/융복합,"장은제, 주희원, 문경민, 전영호, 강형문, 정영수, 백광호 등","박미진, 전영호, 이재성","아르케무지카 (arche musica)(주관), 아르케컬처(기획사)",,
안산시립예술단과 함께하는 수수콘(수요일 수려한 콘서트),복합,복합,,,"안산시청(주최), (재)안산문화재단(안산문화예술의전당)(주최)",,
수원시립교향악단 키즈콘서트,복합,복합,"신은혜, 박은수, 나웅준",,"수원시청(주최), 수원시립예술단(주관)",,
불켜는아이,복합,복합,,,"(재)노원문화재단(제작사), 봉산문화회관(제작사), 울산북구문화예술회관(제작사), (재)춘천인형극제(제작사), 한국문화예술회관연합회(KoCACA)(주최), 한국문화예술회관연합회(KoCACA)(주관)",,
동물의 사육제 [의정부],복합,다원/융복합,,,극단 상상마당컴퍼니(주최),,
오월어머니의 노래 순회공연,복합,복합,"임근단, 김전례, 김길자, 이근례, 김옥희, 원사순, 박유덕 등",,국립아시아문화전당(주최),,
장사익 & 홍지민과 함께하는 음악회: 어우름 [하남],복합,복합,"장사익, 홍지민, 방성호 등",,"(재)하남문화재단(주최), (재)하남문화재단(주관)",,
아이조아 잼스틱 [예산],복합,다원/융복합,,,"충청남도(주최), (재)충남문화재단(주관)",,
신중신 시인 등단 60주년 문학콘서트,복합,복합,"신중신, 이헤명, 이종현, 박수경, 김효진, 민근혜, 김한나 등",,"(재)거창문화재단(주최), (재)거창문화재단(주관)",,
"라스트 스트라디움, 까도까도 30",복합,복합,"차기은, 박지혜, 김소진, 김현규",,"유나이티드프로듀서스(UPD)(주최), 유나이티드프로듀서스(UPD)(기획사)",,
"통진 마티네 콘서트, 판소리와 탭댄스의 만남: 소리꾼, 탭꾼 [김포]",복합,복합,"최진숙, 이연호, 박용갑, 손윤, 송대의",,"(재)김포문화재단(주최), (재)김포문화재단(주관)",,
제주하모니 (5월),복합,복합,"변종수, 양정원 등",,"제주아트센터(주최), 제주아트센터(주관), (사)제주빌레앙상블(주관)",,
음으로 그린 樂 [부산],복합,복합,"김지우, 김고운, 김범석, 김하나, 김효영, 김수휘, 조성빈 등",,"해운대문화회관(주관), 한국문화예술회관연합회(KoCACA)(주관), 문화체육관광부(주최)",,
"제9회 예술공감, 샌드아트와 음악만들기",복합,복합,"안선애, 이화영선, 김성진, 설은경, 박보경, 김상식",,"을숙도문화회관(주최), 을숙도문화회관(주관)",,
"ACC 브런치콘서트, 팀 퍼니스트 서커스 음악극: 체어, 테이블, 체어 (5월)",복합,복합,"김희명, 최대성, 우석훈, 임동주, 신용, 심재성, 김한상",,"국립아시아문화전당(주최), 국립아시아문화전당재단(주관)",,
장사익 & 김영임 with 웨스턴심포니오케스트라 [경주],복합,복합,"장사익, 김영임, 방성호, 김성훈 등",,"한국수력원자력(주)(주최), (재)경주문화재단(주관)",,
보물섬을 찾아서 [부천],복합,다원/융복합,,,"(재)부천문화재단(주최), (재)부천문화재단(주관), 극단 조이키즈(주관)",,
"체어, 테이블, 체어",복합,복합,,,"문화체육관광부(주최), 한국문화예술회관연합회(KoCACA)(주관), (재)종로문화재단(주관)",,
"그림읽어주는 베토벤, THE CONCERT: 이중섭 편 [이천]",복합,다원/융복합,조숙현 등,임용순,"이천문화재단(주최), 이천문화재단(주관), 두손클래식엔터테인먼트(주)(제작사)",,
"제3회 이머시브 랩, 비보호 구역",복합,다원/융복합,"목수현, 박창준, 소진희, 이영건, 전찬욱","신수민, 유찬종, 이해정 등","사기꾼들(제작사), (주)이방인(주최)",,
춤과 함께하는 봄의 대향연,복합,복합,"손명균, 김희정, 장은녕, 최우석, 안희경, 이수향, 박민내, 손지현 등",,,,
아시아 콘텐츠 공연개발 쇼케이스: 고래씨 이상해,복합,복합,"선영욱, 안대천, 김용훈, 배정찬, 이강산, 민현기, 이정동","안정민, 오현종, 조은영 등","THE 광대(제작사), 국립아시아문화전당(주최)",,
"별별페스티벌, 단테: 지옥 편",복합,복합,"선한, 임태이, 김하은, 권주하","석수정, 이지윤, 유태선 등",별별극장(주최),,
매헌윤봉길의사 상하이의거 90주년 기념 음악축제,복합,복합,"백정원, 강화자, 장사익, 윤형주, 김지현, 이경진, 이정원 등",,"예술의전당(주최), (사)매헌 윤봉길의사 기념사업회(주최), 상하이의거 90주년 기념사업추진위원회(주관)",,
Harmony of Light [울산],복합,다원/융복합,,,"한국문화예술회관연합회(KoCACA)(주최), (재)울주문화재단(주관)",,
"제3회 이머시브 랩, 빈공간, 극장놀이",복합,복합,"김이슬, 최유화, 정재필, 황민지, 이효은 등","김이슬, 김지우, 오하늬","뭄플레이(제작사), (주)이방인(주최)",,
익산시립무용단 풍물단 합동공연: 넥스트모션Ⅳ,복합,복합,"최수진, 서관식, 정수미, 김수연, 손은해, 김민정, 박지나 등","김남인, 김미진, 김익주 등","익산시청(주최), 익산시립무용단(주관), 익산시립풍물단(주관)",,
빨간망토와 함께 떠나는 뮤직 트립,복합,복합,"김예본, 고미주, 이현지 등",,"(재)종로문화재단(주최), (재)종로문화재단(주관)",,
강아지 똥 [의정부],복합,복합,,,극단 상상마당컴퍼니(주최),,
두번째달X김준수X채수현: 새로운 세상으로의 초대 [인천],복합,복합,"김준수, 채수현 등",,(재)인천중구문화재단(주최),,
제22회 거창예총제,복합,복합,,,,,
"음악으로 그리는 일곱 가지 반 고흐, 별이 빛나는 밤에 [경기 광주]",복합,다원/융복합,"이희주, 민우혁, 김소향, 손태진, 정하은 등",,"(재)광주시문화재단 [경기광주](주관), JK아트컴퍼니(주관), 한국문화예술회관연합회(KoCACA)(주최)",,
"꽃, 나무",복합,복합,"김우성, 김동아, 심상우, 정수연, 조의선","정수연, 김우성",쌀롱드무지끄(주최),,
"신박한 스테이지, 고래의 노래",복합,복합,"서희진, 이지훈, 어성범, 홍효진, 이영미, 임종수, 김민경 등","서희진, 이해제, 김승언 등","(재)울주문화재단(주최), (재)울주문화재단(주관), 내드름연희단(제작사)",,
"GAC 화요극장, 위대한 낙서",복합,복합,,,"예술의전당(주최), 강릉아트센터(주관)",,
춘향 예화담 [연천],복합,복합,"김가을, 이다은, 이태민, 신하영, 김승우, 이승훈",,"문화체육관광부(주최), 한국문화예술회관연합회(KoCACA)(주관), 연천군시설관리공단(주관)",,
"전영랑, 강유진의 국악과 트로트의 만남",복합,복합,"전영랑, 강유진",,"문화체육관광부(주최), 문화체육관광부(주관), 한국문화예술회관연합회(KoCACA)(주최), 한국문화예술회관연합회(KoCACA)(주관), 함양군문화예술회관(주최), 함양군문화예술회관(주관)",,
민들레 가족극장,복합,복합,,,"이화뱅곳민들레연극마을(주최), 이화뱅곳민들레연극마을(주관)",,
자동차의 정맥 by OddVein,복합,복합,,,"JH CREATIVE(주최), JH CREATIVE(주관)",,
"아리랑, 택견과 만나다 [수원]",복합,복합,"김윤정, 이상호, 고윤영, 이지수, 변상아, 김성일, 김민성 등","박종욱, 이지수, 류정애 등","수원시청(주최), 경기문화재단(주최), (재)수원문화재단(주관), 수원SK아트리움(주관), 발광엔터테인먼트(주관)",,
BOOMI's Jazz Odyssey: 조선,복합,복합,,,"뮤직오디세이(주최), (재)인천광역시 부평구문화재단(부평아트센터)(주관)",,
꽃이 핍니다 [영천],복합,복합,"장사익, 김연자, 오정해, 전은석, 김현호 등",,"영천시청(주최), 영남국악관현악단(주관)",,
HYANGGA,복합,복합,"이봉근, 정재욱, 김재성, 김성화, 김인영 등",,(주)프로덕션 고금(주최),,
제17회 부산국제어린이청소년영화제 개막식,복합,복합,,,,,
사유하는 극장: 요즘 것들의 사유,복합,복합,"마혜령, 김수형, 정구영, 장동원, 이석주, 홍성하, 성숙진 등","김영원, 신해연, 임재훈 등","극장용(주최), 극장용(주관)",,
제31회 아트레온 갤러리 콘서트,복합,복합,"양대원, 허희정, 한덕현, 엄기환",,(주)아트레온(주최),,
민선8기 축하음악회 [천안],복합,복합,"박범훈, 김지나, 김동윤, 인순이, 이선영, 정찬욱 등",,"(재)천안문화재단(천안예술전당)(주최), 천안예술의전당(주최)",,
GoGoGo: 연주하Go 노래하Go 춤추Go [안성],복합,복합,"지명인, 백승화, 이정미, 이현지, 라해인, 윤소정, 신수빈 등",,"안성맞춤아트홀(안성시)(주최), 어쿠스틱 앙상블 재비(주관)",,
은곡마을 마실콘서트,복합,복합,"송영민, 김세훈, 문지원, 이호찬, 박인혜, 이준, 이민형",,"야기웍스(주최), 야기웍스(기획사)",,
시詩작作: 과정과 공유,복합,복합,,"남우찬, 김솔지, 김은경 등",,,
Letter (서신): Greeting from No Sign Lab,복합,복합,"우유연, 박지혁 등",,쌀롱드무지끄(주최),,
"전원경의 아트살롱, 그림콘서트: 로마의 여름 햇살",복합,복합,"전원경, 김민정, 이승윤, 김유진, 장지현",,"(재)부산문화회관(주최), (재)부산문화회관(주관)",,
"체어, 테이블 체어 [의정부]",복합,복합,"최대성, 김희명, 심재성, 김한상",심재성,,,
LED 비바츠태권발레 [창녕],복합,복합,,"조윤혜, 김혁인, 박성룡 등","창녕군청(창녕문화예술회관)(주관), 비바츠예술매니지먼트(주관), 창녕군청(창녕문화예술회관)(주최)",,
"여우락 페스티벌, 밤 새 Baum Sae Communication",복합,복합,"서수진, 황진아, 김보림",,국립극장(주최),,
밤의 찬가,복합,다원/융복합,"송철호, 이가은, 장찬호, 강성룡, 고소천, 박서란, 고진수 등","전민경, 수정, 정수진 등","더 그레잇 커미션(주최), 더 그레잇 커미션(주관)",,
생생 락樂 [울산],복합,복합,"박상운, 김예진, 이유나 등","홍은주, 박정은","울산광역시청(주최), 울산시립예술단(주관)",,
코미디 애니멀쇼 [안산],복합,복합,,,드리미(주최),,
거꾸로프로젝트: Gukpop Concert [평택],복합,복합,,,"(재)평택시문화재단(주관), (재)평택시문화재단(주최)",,
"5.18 42주년기념 융복합 창작오라토리오, 빛고을",복합,다원/융복합,"윤병길, 김하늘, 손승범, 장하랑, 이당금 등","유형민, 문병란, 김성훈 등","광주광역시(주최), 국립아시아문화전당(주최), 빛고을문화예술공연위원회(주관)",,
"스테이지 인 세종 시즌 1, 국악과 오케스트라의 앙상블: 세종실락",복합,복합,"지유진, 고애니 등","조성환, 고애니, 김영덕 등","(재)세종시문화재단(주관), 한국문화예술회관연합회(KoCACA)(주최)",,
샌드 팝페라: 금빛 모래의 향연 [수원],복합,복합,"신미리, 아리현, 장진호",,"신아트엔터테인먼트(주관), 경기아트센터(주최)",,
"여우락페스티벌, 차승민 X 장진아: Base Is Nice",복합,복합,"장진아, 차승민, 이태훈, 오연경, 김희영, 심운정, 최강희",,국립극장(주최),,
"여우락페스티벌, 지혜리 오케스트라: 너나:음양",복합,복합,"지혜리, 황민왕",,국립극장(주최),,
"코리아 탭 오케스트라, 올댓리듬 [통영]",복합,복합,,,"(재)통영국제음악재단(주최), (재)통영국제음악재단(주관), 통영시(주최), 통영시(주관)",,
"판페라, 소리의 서막을 열다",복합,복합,,,"(재)사천문화재단(주관), 사천시청(사천시문화예술회관)(주최)",,
"제32회 거창국제연극제, 한여름밤의 꿈",복합,복합,,,,,
제3회 대구학생문화센터 합창단·합주단·국악단 연합 정기연주회,복합,복합,,,"대구학생문화센터(주최), 대구학생문화센터(기획사)",,
한빛예술단의 일 더하기 We,복합,복합,,,,,
음악으로 듣는 마술극장 [김해],복합,복합,"신용운, 김성식, 홍석제, 임나래, 박리란, 박지인, 이영은 등","장하라, 정지원, 정우준 등","한국문화예술회관연합회(KoCACA)(주관), (재)김해문화재단(김해서부문화센터)(주관), (재)김해문화재단(김해서부문화센터)(주관), 문화체육관광부(주최)",,
"제938회 목요예술무대, 내 마음속 어린왕자 이야기: B612",복합,다원/융복합,"이혜민, 이석호, 송민주, 김정우, 박병호, 한선영","김영배, 장윤희, 강경호 등","(재)강남문화재단(주관), (재)강남문화재단(주최)",,
그림이 오감을 만났을때: 감각주의 [대구],복합,복합,"정우철, 노인호, 민시후 등",,"대덕문화전당(주최), 대덕문화전당(주관)",,
WAVEON 아트 페스티벌,복합,복합,,,"글루블루 레코즈(주최), 미러엑스(주최)",,
잇쇼(It Show) [김제],복합,다원/융복합,,,"김제시(김제시청)(주최), 김제시(김제시청)(주관)",,
"제32회 거창국제연극제, 춘향전",복합,복합,"서찬영, 배진형 등","허수정, 구본광, 정예린 등",CM코리아(제작사),,
등,복합,복합,"김범중, 문인옥, 문지수, 이승관, 이찬희, 이현정, 전제민 등","이재인, 강성현, 심지현 등",,,
"피아니스트가 들려주는 동화이야기, 신데렐라 [제주]",복합,다원/융복합,,,"문화체육관광부(주최), 제주특별자치도 문화예술진흥원(주관), 한국문화예술회관연합회(KoCACA)(주관)",,
경계선,복합,다원/융복합,,"장서현, 유현, 김지현 등","JH CREATIVE(주관), JH CREATIVE(주최)",,
지락발광至樂發光,복합,다원/융복합,"임현태, 박종훈, 이종민, 여인수, 김경민, 김응혁, 문진홍 등","임현태, 박종훈, 이종민 등","윌유 엔터테인먼트(주최), (재)인천서구문화재단(주관)",,
Music: Brain: Communication,복합,다원/융복합,,,창작마을미쁘다(주최),,
김준수 X 두번째달 콘서트 with 손에손에 뮤직 페스타,복합,복합,김준수,,"협동조합손에손에(주최), 포풀라(주관)",,
국악 IN 가요 [수원],복합,복합,"배대준, 전태원, 노결이, 서명희, 진현지, 박세훈","윤준열, 배대준","엠브릿지(주관), 경기아트센터(주최)",,
자연-적 [대구],복합,복합,"서민기, 김은별, 이언, 송한얼, 타잔로카, 이선민",서민기 등,"(재)행복북구문화재단(주최), (재)행복북구문화재단(어울아트센터)(주관)",,
청춘만발,복합,복합,"최수정, 김다혜, 황규창 등",,"(재)국립정동극장(주최), (재)국립정동극장(주관)",,
미디어아트 아이스쇼 G-SHOW: DRAGON FLOWER,복합,다원/융복합,"안건형, 김현, 김하늘, 조경아, 변세종, 정회권, 김다민 등","최철기, 전주우, 강지애 등","(주)라이브아레나(제작사), (주)라이브아레나(기획사)",,
나태주와 함께하는 LED 비바츠 태권발레 [태백],복합,다원/융복합,나태주 등,"조윤혜, 박성룡, 김수한 등","비바츠예술매니지먼트(제작사), 태백시(주관)",,
"울주 어린이 오감체험 축제, 공연",복합,복합,,,"(재)울주문화재단(주최), (재)울주문화재단(주관)",,
파포스,복합,복합,"박윤석, 박병호, 류이재, 김수훈, 이혜민","김제민, 성미림, 정주연 등",리멘워커(제작사),,
국악&힙합 융복합 퓨전콘서트,복합,다원/융복합,,,"문화체육관광부(주최), 한국문화예술회관연합회(KoCACA)(주관), 서귀포예술의전당(주관), 광개토사물놀이예술단(주관)",,
"수봉IN 기획공연, 樂 & 민yo!: 유쾌 경쾌 통쾌한 삼쾌 콘서트",복합,복합,,,"(사)한국예총 인천광역시연합회 인천예총(인천수봉문화회관)(주관), (사)한국예총 인천광역시연합회 인천예총(인천수봉문화회관)(주최)",,
갤럭시 일루젼쇼 [거창],복합,다원/융복합,"양재영, 김혜원, 김정민, 임태홍",,"한국문화예술위원회(주최), (재)거창문화재단(주관)",,
비제의 어린이놀이와 한국의 전래놀이 콘서트 [인천],복합,복합,"김성민, 이승우, 정연웅, 김동규, 이수민, 이미영, 이형민 등","이승우, 박온유, 박겨율 등","인천클라리넷앙상블(주최), 인천클라리넷앙상블(주관), 위드어스예술단(주최), 위드어스예술단(주관)",,
국악과 함께하는 LED태권발레축제,복합,다원/융복합,,,"비바츠아트그룹(주최), 비바츠아트그룹(주관)",,
"대한민국 치유예술제, 제이리의 Piano Drama Concert: Afterglow",복합,복합,윤영 등,"최윤영, 오상우",,,
"한여름밤의 작은극장, 헨젤과 그레텔 인 서커스 (Hansel and Gretel in Circus)",복합,복합,,"박연철, 현민경",,,
기록 [군산],복합,다원/융복합,,,"한국문화예술회관연합회(KoCACA)(주최), 군산예술의전당(주관), 윌유 엔터테인먼트(주관)",,
"플라멩코 X 국악, 소리로 타오르다",복합,복합,,,"김정문화회관(주최), 김정문화회관(주관)",,
Harmony of light [인제],복합,다원/융복합,,,"(재)인제군문화재단(주관), 한국문화예술회관연합회(KoCACA)(주최)",,
점입가경 (漸入歌境),복합,복합,,,,,
소나기,복합,복합,"임혜란, 강현욱, 홍채린, 박진수, 임은송, 김세연, 박은경 등","김하은, 노휘, 박대웅 등",윤아트(주관),,
신 천상열차분야지도,복합,다원/융복합,,,"한국문화예술회관연합회(KoCACA)(주최), 홍성군(주관)",,
지음지기 (知音知己),복합,복합,"배장은, 임연웅, 김은경, 오병옥, 장재효, 김예린","우선영, 이정면, 박준하 등",원스뮤직(주관),,
김영임 & 김용임과 함께하는 희희낙락 [대구],복합,복합,"김영임, 김용임 등",,"(재)대구광역시 동구문화재단(주관), 문화체육관광부(주관), 한국문화예술회관연합회(KoCACA)(주관), (재)대구광역시 동구문화재단(주최), 문화체육관광부(주최), 한국문화예술회관연합회(KoCACA)(주최)",,
재미있는 음악이야기 오페라 & 뮤지컬,복합,복합,,,,,
전북 9인9색,복합,복합,"최지영, 국재환, 홍화영, 최동욱, 박규연, 오정선, 김정순 등",,"문화공간이룸(주최), 문화공간이룸(주관)",,
K팝페라로 들려주는 성남민권운동 이야기: 그 날이 올 때 까지,복합,복합,,,,,
망각,복합,다원/융복합,,"남정현, 정대원, 장진성 등",,,
찾아가는 Let’s DMZ [이천],복합,다원/융복합,"송창진, 장원진, 문미경, 오빛나, 김지혜, 김보은, 이민재 등",,"경기도청(주최), 이천문화재단(주관), 경기문화재단(주관)",,
"그 여름, 나의 탱고 [천안]",복합,복합,"박은영, 박은지, 송명진, 김수아, 김용호, 은일, 홍형민 등",,복합문화공간 모나무르(주관),,
태권무 한빛,복합,복합,,,"제주아트센터(주최), 제주아트센터(주관), (주)와이킥엔터테인먼트(Y-KICK)(주관), 제주태권도사회적협동조합(주관)",,
"제주해녀의 숨결에 실린 푸르고 깊은 노래: 숨,빛,소리",복합,복합,,"고춘식, 전혁준","제주특별자치도 문화예술진흥원(주최), 제주특별자치도 문화예술진흥원(주관)",,
성남예총과 함께하는 withus concert,복합,복합,"양하영, 김장훈, 강성미, 강재경, 강태현, 고승찬, 권누리 등",,"사회적 협동조합 드림온(주최), 사회적 협동조합 드림온(주관)",,
비바체스와 함께하는 사랑의 하모니 정기연주회,복합,복합,"황성아, 전병하, 공점숙, 강미숙, 김남돌, 김준홍, 배미란 등",,"함안여성농업인종합지원센터(주최), 함안여성농업인종합지원센터(주관), 사랑의 하모니(주최), 사랑의 하모니(주관)",,
"대구 고교 특화형 문화예술 프로그램 D-ART, 오페라&뮤지컬 갈라콘서트",복합,복합,"신병기, 조상필 등",,아양아트센터(주최),,
"네버랜드 in 군포 Ⅲ, Balloons 벌룬스",복합,다원/융복합,,,"창작집단 움스(제작사), 문화체육관광부(주최), 한국문화예술회관연합회(KoCACA)(주관), (재)군포문화재단(군포문화예술회관)(주관)",,
"동,서양의 음악을 핫하고 힙하게!",복합,복합,"이은진, 김도아, 홍아람, 김태훈, 유재언, 신관선, 한기윤 등",이채현,"(재)고양문화재단(주최), 경기아트컬쳐(주관)",,
"저녁을 닮은 음악 3rd Stage, 신명으로 어울리다!",복합,복합,"김주언, 김종완, 채비성, 이수진, 두한별, 조은혜, 김승언 등",,"울산광역시 북구(주최), 울산북구문화예술회관(주관)",,
新 광대의 외침 시너어,복합,복합,"박혜미, 김운석, 이건환, 정지용, 박선예, 이태영, 정의진 등",,"한국문화예술회관연합회(KoCACA)(주최), 문화체육관광부(주관)",,
우울한 대로: 기억의 조각,복합,복합,,,,,
스트레인지 뷰티,복합,다원/융복합,"에메 음파네, 클레망 티리옹, 황혜란, 마리아 클라라 빌라 로보스, 파올라 피시오타노, 최용석","배요섭, 강정희, 안세운 등",(재)국립극단(제작사),,
둥지를 트는 새,복합,다원/융복합,"김창범, 이하영","이광현, 홍정민, 하승현 등",,,
프리소울의 희망리듬: 춤추는 클래식,복합,복합,서찬영 등,,"대구광역시 서구문화회관(주최), 대구광역시 서구문화회관(주관), 프리소울컴퍼니(주최), 프리소울컴퍼니(주관)",,
비제의 어린이놀이와 한국의 전래놀이 콘서트 [부평],복합,복합,"이지혜, 고민식, 정연웅, 김효정, 이명진","김성민, 이승우, 박온유 등","인천클라리넷앙상블(주최), 인천클라리넷앙상블(주관), 위드어스예술단(주최), 위드어스예술단(주관)",,
"현대자동차그룹 대학 연극 뮤지컬 페스티벌, 시상식",복합,복합,"최정원, 차지연, 양준모 등",,"현대자동차그룹(주최), (사)한국공연프로듀서협회(주최), 현대차그룹 대학 연극·뮤지컬 페스티벌 사무국(주관)",,
"제8회 대전음악제, 대전의 앙상블 동서양의 조화",복합,복합,"신유경, 유석주, 강석주 등",,"대전음악제 조직위원회(주최), 대전음악제 조직위원회(주관)",,
영감 7 - 절기 2,복합,복합,"김철수 ,이호윤, 김요셉, 이시현",,ToneAurea Co. (톤 아우레아)(주최),,
윤형주의 쎄시봉 콘서트,복합,복합,,,(재)세종문화회관 삼청각(주최),,
에코백,복합,복합,"이영민, 민현기, 김선우 등",김형준 등,"(재)부산문화회관(주최), 그루잠 프로덕션(제작사), (재)부산문화회관(주관)",,
"독일에서 만난 클래식, 시를 노래하다 [경기 광주]",복합,다원/융복합,"최원진, 최은석, 김경희, 박경태, 최보화","이강, 김성연","이강플레이(주최), 창의예술교실(주관)",,
일상이 되고픈 특별한 하루,복합,복합,"김시훈, 박미영, 김민영, 김수찬, 정인혜, 유성훈, 박태영 등","박소현, 박미영, 김동창 등","(주)아트브릿지(주최), (주)아트브릿지(주관)",,
예그리나 in 제물포구락부 1926 [인천],복합,복합,"구정은, 이형동, 유라선, 김재형, 신동호, 서동오, 임묵 등","송현민, 조하나, 한지은 등","인천광역시(주최), 인천관광공사(주관)",,
라임의 왕 김삿갓 [춘천],복합,복합,"심 욱, 이상엽, 김한림, 엄태호, 김채린, 최영은, 손영주 등","최정오, 이종환, 엄태환 등","(사)문화강대국(주최), (사)문화강대국(주관)",,
"그림자극으로 만나는 환상의 음악여행, 동물의 사육제 & 피터와 늑대",복합,복합,,,"한국문화예술회관연합회(KoCACA)(주최), 을숙도문화회관(주관)",,
융복합 렉처 아트쇼: 갤럭시 익스프레스,복합,다원/융복합,,,딜라이트뮤직(주최),,
제8회 셈플리체 정기연주회,복합,복합,"박상돈, 홍석재, 박범석, 이주원, 이요한, 서동건, 김보경 등","김지혜, 장세훈, 박현구",유진예술기획(주최),,
레인보우프로젝트 vol.2 [대구],복합,복합,"김준우, 정박수 등",,"곰스컴퍼니(주최), 곰스컴퍼니(주관)",,
"전원경의 아트살롱, 그림콘서트: 가을 고독한 뉴요커",복합,복합,"전원경, 김민정, 박영주, 민주신 등",,"(재)부산문화회관(주최), (재)부산문화회관(주관)",,
"수요공감, 황인유의 流 Ⅰ",복합,복합,,,국립부산국악원(주최),,
서리풀 음악회,복합,복합,"박소연, 박지민 등",,"서초구청(주최), (재)서초문화재단(주관)",,
제103회 전국(장애인)체전 기념 콘서트: 함께 뛰는 우리 with 초대,복합,복합,"김동현, 김민서 등",,"(재)울주문화재단(주최), (재)울주문화재단(주관)",,
소월 시극: 산산이 부서진 이름이여,복합,복합,"강분도, 김희정, 이윤지, 변지현, 박인수, 한미연, 이종민 등","임성용, 류미경 등",,,
"음악으로 그리는 일곱 가지 반 고흐, 별이 빛나는 밤에 [수원]",복합,다원/융복합,"신현선, 오유석, 이희주, 정하은, 김정훈, 박병준, 오승규 등",,"경기아트센터(주최), JK아트컴퍼니(주관)",,
"월간뮤지크, 동양고주파",복합,복합,,,"(재)양천문화재단(주관), 양천구(주최)",,
그랜드 엑스페디션,복합,다원/융복합,,,"(주)아이엠컬처(기획사), (주)뉴컨텐츠컴퍼니(제작사)",,
두두리야 어디갔니,복합,다원/융복합,"김은영, 이근재, 주여진, 임정민, 황규창","김상욱, 한우리, 박다솜 등",,,
무브먼트 코리아 [서귀포],복합,다원/융복합,,,"한국문화예술회관연합회(KoCACA)(주관), 서귀포예술의전당(주관), 광개토사물놀이예술단(주관), 문화체육관광부(주최)",,
"제27회 서곶문화예술제, 개막공연",복합,복합,,,"(재)인천서구문화재단(주최), (재)인천서구문화재단(주관)",,
"아트콘서트, 마티스가 사랑한 음악",복합,복합,,,"(재)부산문화회관(주최), (재)부산문화회관(주관)",,
"부산시립예술단, 재밌는 클래식 맛있는 클래식",복합,복합,,,"(재)부산문화회관(주최), 부산시립예술단(주관)",,
수궁으로 떠나는 상상여행 [수원],복합,복합,"봉다운, 전태원, 최유리, 도경한, 서승희, 정기훈, 한아윤 등","박명숙, 최교익, 장혜주 등","경기아트센터(주최), 극단 독무(주관), 하이브리드문화예술연구소(주관)",,
특별한 만남,복합,복합,,,,,
The Magic 팬텀 & 퀸 [연천],복합,복합,"김봉미, 정필립, 유성녀, 김주택, 최형배 등",,"연천수레울아트홀(주관), (사)베하 필하모닉 오케스트라(주관), 한국문화예술회관연합회(KoCACA)(주최)",,
마디와 매듭,복합,복합,"김나리, 김무빈, 조아라, 김단우, 장서이, 김정수, 이채은 등","정영두, 배삼식, 최우정 등",국립아시아문화전당(제작사),,
"제22회 SPAF, 5Edges: play/games/under fragility",복합,다원/융복합,,김형민 등,"(재)예술경영지원센터(주최), (재)예술경영지원센터(주관), (재)서울문화재단(주최)",,
잠시 놀다 motivated by 구운몽,복합,다원/융복합,"최병규, 이홍모, 이영규, 김현아, 박소연, 안재홍, 김동호 등","이유리, 안애순, 한상률 등",(재)서울예술단(제작사),,
"음악으로 그리는 일곱가지 반고흐, 별이 빛나는 밤에 [부산]",복합,다원/융복합,,,"부산학생예술문화회관(주최), 부산학생예술문화회관(기획사)",,
"최정주 아트앤뮤직 큐레이션, 프로방스 2",복합,복합,최정주,,"(재)재능문화 문화예술국(주최), (재)재능문화 문화예술국(주관)",,
"제22회 SPAF, 꼭두각시",복합,복합,,"이태원, 임진호 등","고블린파티(Goblin Party)(제작사), 음악동인고물(제작사), (재)예술경영지원센터(주관), (재)예술경영지원센터(주최), (재)서울문화재단(주최)",,
"서울국제공연예술제 협력프로그램, 불이 되는 숨",복합,복합,,"장수미, 신빛나리","(재)서울문화재단(주최), (재)예술경영지원센터(주최)",,
태권유랑단 녹두 [하남],복합,복합,이건일 등,,"한국문화예술회관연합회(KoCACA)(주최), (재)하남문화재단(주관), 한국소리문화의전당(주관), (학)우석학원(주관)",,
"비욘드 더 클래식 Ⅱ, 음악맛집 클래식당",복합,복합,"크리스티안 킴, 조윤경, 고영열, 구본수, 안두현 등",,,,
The magic 팬텀 & 퀸 [과천],복합,복합,"유성녀, 김주택, 김봉미, 정필립, 최형배 등",,"과천문화재단(주관), (사)베하 필하모닉 오케스트라(주관), 한국문화예술회관연합회(KoCACA)(주최)",,
"제22회 SPAF, 칭창총 소나타 No.1",복합,다원/융복합,"김미우, 니나 니크나프스, 세바스티안 페터, 유한솔",이보영,"(재)예술경영지원센터(주관), (재)예술경영지원센터(주최), (재)서울문화재단(주최)",,
"음악으로 그리는 일곱가지 반고흐, 별이 빛나는 밤에 [통영]",복합,다원/융복합,"이희주, 민우혁, 김소향, 손태진, 정하은",,"한국문화예술회관연합회(KoCACA)(주최), 통영시(주관), JK아트컴퍼니(주관)",,
시와 음악이 흐르는 도서관 음악회 [해남],복합,다원/융복합,"유자효, 정미애, 고민석 등",,해남군청(주최),,
"제946회 목요예술무대, 춤추는 서예",복합,다원/융복합,"이근요, 정지운, 오수현, 고해수, 양동환, 김경민, 이종민 등","임현태, 이진성, 윤재훈 등","(재)강남문화재단(주관), (재)강남문화재단(주최)",,
"비욘드 클래식, 음악맛집 클래식당",복합,복합,"안두현, 고영열, 구본수, 고윤경, 김경민",,"한국문화예술회관연합회(KoCACA)(주최), 홍성군(주관)",,
잇쇼(it SHOW) [창녕],복합,다원/융복합,,,"창녕군청(창녕문화예술회관)(주관), 극단 느낌(주관), 창녕군청(창녕문화예술회관)(주최)",,
"제22회 SPAF, SPAFxKNCDC 동시감각",복합,다원/융복합,"박상미, 양지연, 김희준, 정종웅",김보라 등,"(재)국립현대무용단(주최), (재)예술경영지원센터(주최), (재)예술경영지원센터(주관)",,
"제22회 SPAF, 시",복합,다원/융복합,조은희,조은희,"(재)예술경영지원센터(주관), (재)예술경영지원센터(주최), (재)서울문화재단(주최)",,
"다크필드 3부작, 코마",복합,다원/융복합,,,LG아트센터(주최),,
"다크필드 3부작, 고스트쉽",복합,다원/융복합,,,LG아트센터(주관),,
"다크필드 3부작, 플라이트",복합,다원/융복합,,,LG아트센터(주최),,
윤지원 audiovisual music concert: sonic illusion,복합,다원/융복합,,"윤지원, 여운승","한국멀티미디어음악학회(주최), 계명대학교(주최)",,
"토요키즈클래식, 클래식으로 만나는 뮤지컬 with 할로윈 [용인]",복합,복합,"김용진, 문성현, 신민경 등",,"(재)용인문화재단(주최), (재)용인문화재단(주관)",,
심청길 비밀레시피,복합,복합,"장길순, 박길순, 김기자, 이윤화, 이혜진, 김민희, 송민영 등","손혜정, 황호준, 문정연 등","극단 마실(기획사), 극단 마실(제작사)",,
갤럭시 일루전 쇼 [부산],복합,다원/융복합,"양재영, 김혜원, 김정민, 임태홍","임태홍, 박기준, 조세현 등","엘일루전(제작사), 한국문화예술회관연합회(KoCACA)(주최), (재)부산문화회관(주관), 엘일루전(주관)",,
황보종태 단독공연,복합,복합,"황보종태, 맹서령, 김선호, 유주영, 지민아, 노민수 등",,,,
최정원과 함께하는 문화가 있는날 [제주],복합,복합,"최정원, 이채영, 장진철, 백태진, 전성민, 그레이스 조",,"제주아트센터(주최), 제주아트센터(주관), (사)제주빌레앙상블(주관)",,
말라죽지 않을 정도만: 위기테라피 to 식물 놀 궁리 디너쇼,복합,복합,,"한아름, 조민영, 김희래 등","신촌문화발전소(서대문구청)(주최), 놀 궁리(주관)",,
"음악, 탱고를 만나다: Passion of TANGO [공주]",복합,복합,"김용진, 김성호, 박장근, 김동우, 정승희",,"문화체육관광부(주최), 한국문화예술회관연합회(KoCACA)(주관), (재)공주문화재단(주관), 공주시문화시설사업소(공주문예회관)(주관)",,
비오케이 문화산책 (10월),복합,복합,"송정연, 김재현, 김다빈, 윤병준, 김규리, 김학민, 이종빈 등",,비오케이 아트센터 (BOK아트센터)(주최),,
"제22회 SPAF, 빛 퍼포먼스: 심연의 숲",복합,다원/융복합,,에릭 아르날 부르취,"(재)예술경영지원센터(주최), (재)예술경영지원센터(주관)",,
햄릿: 소리의 심리학,복합,복합,"남명지, 이진희, 이희성, 신예은, 오현진, 염보배, 신서아 등","박성민, 이지희, 이주빈 등","(재)고양문화재단(주최), 하랑씨어터(주관)",,
"제22회 SPAF, 움직이는 숲 씨어터게임 1.0",복합,다원/융복합,,김보람,"무제의 길(제작사), Creative Group DOT(크리에이티브그룹도트)(제작사), (재)예술경영지원센터(주최), (재)예술경영지원센터(주관), (재)서울문화재단(주최)",,
방구 대 방구 [의정부],복합,복합,,,극단 상상마당컴퍼니(주최),,
"체어, 테이블, 체어 [대구]",복합,다원/융복합,"김희명, 최대성, 우석훈, 임동주, 신용, 심재성, 김한상",,"한국문화예술회관연합회(KoCACA)(주최), 봉산문화회관(주관), 팀 퍼니스트(주관)",,
24시간 프로젝트 시즌 5,복합,복합,"남예서, 신재민, 노현진, 허대욱, 그레이스 여, 정재원, 조윤성 등",,더하우스콘서트(주최),,
"월간뮤지크, 소리꾼 고영열X조윤성 트리오",복합,복합,고영열 등,,(재)양천문화재단(주최),,
"제2회 N티스트페스티벌, 조선의 다빈치코드",복합,복합,,,,,
디즈니 픽사 필름 콘서트: 코코 인 콘서트 (11.1),복합,다원/융복합,이병욱 등,,"서울신문사(주최), 코리아쿱오케스트라(협동조합 한국쿱오케스트라)(주관)",,
호루이안 인민 없는 경제,복합,복합,,,옵/신 페스티벌(주최),,
디즈니 픽사 필름 콘서트: 코코 인 콘서트 (11.2),복합,다원/융복합,이병욱 등,,"코리아쿱오케스트라(협동조합 한국쿱오케스트라)(주최), 코리아쿱오케스트라(협동조합 한국쿱오케스트라)(주관)",,
제주해녀 평화음악회,복합,복합,,,"제주시청(주최), 제주아트센터(주최), 제주시청(주관), 제주아트센터(주관), (사)제주문화기획연구소(주관)",,
6×8(육 곱하기 팔) 그리고 6피트의 땅,복합,다원/융복합,,"김원범, 박석광, 김혜영 등","인천광역시남동구도시관리공단(주최), (주)아트팩토리(주최), 인천광역시남동구도시관리공단(주관), (주)아트팩토리(주관)",,
다르미가틈,복합,복합,"김성필, 소재완, 김수빈, 차은미, 소명진, 신비성, 정도형 등",이지훈 등,아투즈컴퍼니(주최),,
"부산공연콘텐츠페스타, 토끼h의 시간",복합,다원/융복합,"전성호, 이혜수, 천권준, 이혜영, 김여진, 한상훈, 이인우 등","황지선, 조용현, 이용진 등","(재)부산문화회관(주최), 예술집단 C(주관)",,
Sea Of Love,복합,복합,"박해준, 최성후, 이현규, 최재호, 이유청, 하민우, 이현승 등","황미숙, 조주원",퍼포먼스그룹153(주관),,
"최정주 아트앤뮤직 큐레이션, 도시의 미술관 산책: 피렌체",복합,복합,최정주,,"JEI 재능문화(주최), JEI 재능문화(주관)",,
앙상블 클라비어 힙클 [안동],복합,복합,유성은 등,,"한국문화예술회관연합회(KoCACA)(주최), 안동문화예술의전당 (평생학습원)(주관)",,
제6회 대구국제컴퓨터음악제,복합,복합,,,다매체예술단 ARS(주최),,
세종메세나 콘서트,복합,복합,"이제석, 최용철, 서찬휘, 이주현, 김해정, 이창현, 이영승 등","이효식, 이도건 등","세종특별자치시청(주최), (재)세종시문화재단(주관)",,
신노이의 일루미네이션 [광명],복합,다원/융복합,"이정석, 김보라, 이원술, 고담 등",,"(재)광명문화재단(주최), 신노이(주최), (재)광명문화재단(주관), 신노이(주관)",,
"M.I.H 프로젝트 예술단 통합기획공연, MADE IN 화성",복합,복합,,,"(재)화성시문화재단(주관), 화성시청(주최)",,
"음악으로 그리는 일곱 가지 반 고흐, 별이 빛나는 밤에 [속초]",복합,다원/융복합,"이희주, 민우혁, 김소향, 손태진, 정하은 등",,"한국문화예술회관연합회(KoCACA)(주최), 속초시(주관), JK아트컴퍼니(주관)",,
데뷔를 대비하라,복합,복합,"이휴, 김보정, 안창용, 김바다, 이나원, 박용환, 전휘 등","김은영, 이승운, 권승연 등",(주)에이치제이컬쳐(HJ컬쳐)(주최),"고연주, 송윤아, 김유정 등",
크로이체르 소나타: 베토벤과 톨스토이의 만남 [용인],복합,복합,"박희진, 장재호, 나승준, 장희진, 김규철",함영준,"프로젝트 극악무도(주관), (재)용인문화재단(주최)",,
The Modern 402,복합,복합,"서영주, 전재홍, 임강희, 김민, 박세진, 김건우","서윤미, 정재혁, 이진욱 등",한국문화예술위원회(주최),서윤미,
Scene＃,복합,다원/융복합,"황진아, 지민아, 이시문, 정준규,","김태경, 한민우, 송주형 등",문화상인 보부(주관),,
노래가 되자,복합,다원/융복합,"김다임, 김유남, 오재성, 정은혜, 최정산","이보람, 권지현, 허이나 등",아주특별한예술마을(제작사),,
The Magic 팬텀 & 퀸 [대구],복합,복합,"김봉미, 유성녀, 김주택, 정필립, 최형배 등",,"한국문화예술회관연합회(KoCACA)(주최), (재)달서문화재단 (웃는얼굴아트센터, 달서아트센터)(주관), (사)베하 필하모닉 오케스트라(주관)",,
화려,복합,복합,"이지선, 이정수, 조도연, 박호서, 정선아, 양휘성, 백지원 등","송재섭, 홍문화, 김용균 등",,,
신노이 SINNOI [수원],복합,복합,"이원술, 김보라, 고담, 이정석",,"수원시청(주최), (재)수원문화재단(주관), 수원SK아트리움(주관)",,
물의감각,복합,복합,"이준, 이재하, 박종상, 이민형, 송하철, 방영문, 이민정",이준,"뮤직그룹 세움(주최), 뮤직그룹 세움(주관)",,
"전원경의 아트살롱, 그림콘서트: 상트페테르부르크의 겨울바람",복합,복합,"전원경, 김민정, 이승윤, 김유진, 신효은",,"(재)부산문화회관(주최), (재)부산문화회관(주관)",,
"그림자극으로 만나는 환상의 음악여행, 동물의 사육제 & 피터와 늑대 [김제]",복합,복합,"최진희, 배선옥, 서희경, 송은아, 민대식, 이송, 이정민 등","소중연, 이지우, 최혜령 등","김제시(김제시청)(주관), 한국문화예술회관연합회(KoCACA)(주최)",,
문밖의 사람들: 門外漢 이번 생은 주관식입니다,복합,복합,"최고은, 황현우, 민상용, 주소영, 박상흠 등",,"문화체육관광부(주최), (재)전통공연예술진흥재단(주관)",,
미디어아트 x 시나 쓰는 앨리스: 상실의 별,복합,다원/융복합,,,시나 쓰는 앨리스(주최),,
대한민국 동화축제 [포항],복합,복합,,,"경상북도(주최), 포항시청(주최), 경북일보(주관), 좋은사회연구원(주관)",,
고스트 인 더 씨어터,복합,다원/융복합,"강길완, 우상준, 황세주, 김상혁, 박시연","구도윤, 서정완, 백혜린 등","프로젝트 밈(주최), 프로젝트 밈(기획사)",,
크로키키 브라더스 [안양],복합,복합,,,"한국문화예술회관연합회(KoCACA)(주최), (재)안양문화예술재단(주관), 크로키키브라더스(주관)",,
THE BOUNDLESS TWIST,복합,복합,,"김성태, 이상진, 문우빈 등",몸판스튜디오(주최),,
"음악으로 그리는 일곱 가지 반 고흐, 별이 빛나는 밤에 [남양주]",복합,다원/융복합,"이희주, 김소향, 손태진, 김세환 등",,"JK아트컴퍼니(제작사), 다산아트홀(주최)",,
"SAC ON SCREEN, 위대한 낙서 [제주]",복합,복합,,,"제주아트센터(주최), 제주아트센터(주관)",,
청소년 교과서 음악회,복합,복합,"김용복, 백승미, 김우진, 한결후, 김지애, 김시아, 문대근 등",,"문화체육관광부(주최), 한국문화예술회관연합회(KoCACA)(주관), 고창군(고창군청)(주관)",,
Recovery 춘천: 놀我YOU,복합,복합,"김재헌, 김대원, 백대운, 송수민, 윤지훈, 이상엽, 전준영 등",,(재)춘천문화재단(주관),,
"감각주의 Ep1, 모네를 느끼다",복합,다원/융복합,"정우철, 민시후, 노인호",,대구학생문화센터(주최),,
기존의 인형들: 인형의 조건들,복합,복합,남긍호 등,"남긍호, 박민호, 조용경 등",조음기관(주최),,
노크,복합,복합,,,"바디퍼커션그룹 녹녹(주최), 바디퍼커션그룹 녹녹(주관)",,
레이져홀로그램쇼 [안산],복합,다원/융복합,,,드리미(주최),,
제32회 아트레온갤러리콘서트,복합,복합,"윤철희, 한덕현, 양대원, 허희정",,"(주)아트레온(주최), (주)아트레온(기획사)",,
김영임 & 김용임과 함께하는 희희낙락 [경기 광주],복합,복합,"김영임, 김용임, 고금성, 전영랑 등",,(재)광주시문화재단 [경기광주](주최),,
성남아트센터 후원회 음악회: Love of winter,복합,복합,"김태민, 안붕혁, 장형환, 배지영, 이한나, 배근영, 문지양 등",,,,
"얼리 윈터페스티벌, 잇쇼",복합,복합,,,인천문화예술회관(주최),,
김영임 김용임과 함께하는 희희낙락 [오산],복합,복합,"김영임, 김용임, 고금성, 전영랑",,"한국문화예술회관연합회(KoCACA)(주최), (재)오산문화재단(주관), (주)공감엔피엠(주관)",,
극단 선인장 갈라콘서트: 씨앗,복합,복합,"김가빈, 김인선, 김태은, 박은영, 박준일, 이성준, 정수정 등","안남수, 최태식 등","선인장뮤지컬컴퍼니(주관), 선인장뮤지컬컴퍼니(주최)",,
"흔들리며 피는 꽃 21, 낙동강 블루스",복합,복합,"최태식, 김학수, 이연희, 정진석, 형남수, 이현순, 조성진 등",,,,
"삼청각 수요상설공연, 거꾸로프로젝트: 흥보와 놀다",복합,복합,,,"(재)세종문화회관 삼청각(주최), (재)세종문화회관 삼청각(주관)",,
제주-싱가포르 교류 공연: 순환,복합,복합,,,"제주특별자치도(주최), 제주특별자치도(주관)",,
새로운 음악과 영상으로 한국을 그리는 음악회 [대전],복합,다원/융복합,"허정인, 강나영, 이상미, 유현문, 정아영, 황진하, 허윤성, 이화선 등","강나영, 이상미, 김병문 등",현대음악앙상블 뉴던 (New Dawn)(주최),,
환등회,복합,다원/융복합,"김솔빈, 김은지, 박유라, 박주빈, 류이재, 윤정로, 이은석 등","공영선, 엄지은, 여다함 등","대학로극장 쿼드(주최), 대학로극장 쿼드(주관)",,
경양식 돈가스,복합,다원/융복합,"김진곤, 김해중, 유혜림","남우찬, 한아름, 조연하 등",,,
희망 나눔 콘서트 [파주],복합,복합,,,"한국예총 파주지회 (파주예총)(주최), 한국예총 파주지회 (파주예총)(주관)",,
"제15회 예문학생예술단음악회, 예문학생윈드오케스트라, 예문학생시어터 공연: 홈커밍데이(Homecoming Day)",복합,복합,,,"부산학생예술문화회관(주최), 부산학생예술문화회관(기획사)",,
JUXTAPOSITION of Macro Cosmos,복합,다원/융복합,"라세원, 안상화, 최지원, 민경원, 전혜정","이현민, 허범수, 권혁은 등",한국예술종합학교(주최),,
달의 바다,복합,다원/융복합,"석우성, 강고은, 김선오","강고은, 김준효, 구선덕 등",스와뉴뮤직(Swanu music)(기획사),,
"아홉번째 스윙-바이, 김바리X정은혜: 박동",복합,복합,,,,,
디렉션 후원 나이트,복합,복합,"표인봉, 임보미, 이남현, 힘진철, 김진, 김재은 등",변유진 등,"방향인터내셔날(주최), (주) 아이비엔터테인먼트(주관), 극단 비지트(주관), 극단 초코가이즈(주관)",,
앙상블 노엘의 매지컬 싱어롱,복합,복합,"조예은, 주호영, 최설",,"비오케이 아트센터 (BOK아트센터)(주최), 비오케이 아트센터 (BOK아트센터)(주관)",,
"The story 인간문화재, 신영희",복합,다원/융복합,"신영희, 김백송, 김장호, 신시온, 변서영","김채린, 손혜선, 한성수","(재)한국문화재재단(기획사), (재)한국문화재재단(주최), 문화재청(주관)",,
송년음악회 [보령],복합,복합,"옥주현, 김승원, 김홍연, 유예동, 김찬양, 김주영, 이지원 등",,"보령시청(주관), 보령시청(주최)",,
"부산시립예술단 연합공연, 크리스마스 캐롤",복합,다원/융복합,,"찰스 디킨스, 김지용, 백현주 등","(재)부산문화회관(주최), 부산시립예술단(주관)",,
호두까기인형 [광주],복합,다원/융복합,"이정민, 배선옥, 송은아, 원우연, 최진희, 서희경, 이송 등","이정민, 이현주, 성민제 등","국립아시아문화전당(주최), 국립아시아문화전당재단(주관)",,
제60회 K-Theater Awards,복합,복합,"윤효상, 강승민, 현대철, 신미리, 서지아 등","김홍택, 권미혜, 현대철 등","(사)한국연극협회(주최), (사)한국연극협회(주관)",,
마주보는집 & 공감토크쇼,복합,복합,"허소영, 김만권, 신영은, 김춘자, 조재학, 김동일",정은경,"(재)춘천문화재단(주최), (재)춘천문화재단(주관)",신영은,
송년문화행사 [인천],복합,복합,"황영익, 김기태 등",,인천광역시(주최),,
방구 대 방구 [의정부],복합,복합,,,"극단 상상마당컴퍼니(주최), 영아츠컴퍼니(제작사), 클래식극장(제작사)",,
신년음악회,복합,복합,"조수미, 배일동, 이희문, 윤형주, 김도형, 김보경, 김소현 등",,"문화체육관광부(주최), 예술의전당(주관), KBS(주관), 예술의전당(기획사)",,
Happy New Year [인천],복합,복합,"양지은, 박학기, 박두섭 등",,,,
"신년음악회, 소복다복(笑福多福): 계묘년",복합,복합,,,(재)광명문화재단(주관),,
"창작산실, 김재훈의 P.N.O",복합,복합,"김재훈, 나경민, 남상봉, 양현모, 전보람 등","전보람, 김재훈",김재훈컴퍼니(제작사),,
신년음악회 [보령],복합,복합,"김바울, 고영열, 은가은 등",,"보령시청(주최), 보령시청(주관)",,
국립정동극장 신년음악회,복합,복합,,,"(재)국립정동극장(주최), (재)국립정동극장(제작사)",,
위사 페스티벌: NFF,복합,다원/융복합,"김동현, 허성영 등",,"(주)위사(주최), (주)위사(주관), 피이그(FIG)(주관)",,
"제9회 경기공연예술페스타, DAY 1",복합,복합,,,,,
"제9회 경기공연예술페스타, DAY 2",복합,복합,,,"경기문화재단(주최), (재)고양문화재단(주최)",,
"제9회 경기공연예술페스타, DAY 3",복합,다원/융복합,,,"경기문화재단(주최), (재)고양문화재단(주최)",,
the Black Show 003,복합,복합,,,닭대가리 코미디 클럽(주최),,
동물의 사육제 [세종],복합,복합,"강령은, 차지현, 박민선, 최소영, 토야마 나오코, 안은실, 김소희",,"비오케이 아트센터 (BOK아트센터)(주관), 세종클래식음악연구소(주관), 비오케이 아트센터 (BOK아트센터)(주최), 세종클래식음악연구소(주최)",,
3.1절 기념 한용운이 부르는 님의 침묵,복합,복합,"김기원, 서기철, 이다미, 하만택, 박종선, 정은선, 서승현 등",,"광주필하모니오케스트라(주최), (주)코리아나매니지먼트(주관)",,
"쌍투스코러스 겨울정기공연, To. Morrow",복합,다원/융복합,,,"쌍투스코러스(주최), 쌍투스코러스(기획사)",,
예감살롱콘서트,복합,복합,"박지영, 정혜주, 강유 등",,(주)예감(주최),,
ACC 브런치콘서트 (패키지),복합,복합,,,,,
소리가 춤을 부른다,복합,복합,"진유림, 이정희, 이윤석, 박재희, 한동희, 임현종, 김운태 등",,"(주)나우판코리아(주관), 축제의 땅(제작사)",,
신비한 극장,복합,다원/융복합,"이소영, 박지수 등","김종원, 임용현, 임지은 등",,,
"탱고, 매혹",복합,복합,"김주영, 서원채, 신미자, 우호균, 유혜림, 설원준, 서혜미 등",,"(재)마포문화재단(마포아트센터)(주최), 서커스아트컴퍼니모빌(주최)",,
"그림 읽어주는 베토벤 the 콘서트2, 고흐 & 고갱 [의정부]",복합,다원/융복합,,,(재)의정부문화재단 (의정부예술의전당)(주최),,
삼일절 104돌 기념 성남시민 어울림 한마당,복합,복합,,,,,
"모도다프로젝트, 감정: 팔이",복합,복합,서유리,,모도다프로젝트(주최),,
피콜리스트 김원미 & 안디아모 콘서트 [안동],복합,복합,"김원미, 조성현, 이유빈, 최진석, 조선아",,"안동문화예술의전당 (평생학습원)(주최), 안동문화예술의전당 (평생학습원)(주관)",,
"최정주 아트앤뮤직 큐레이션, 음악이 흐르는 도시 베네치아",복합,복합,최정주,,"JEI 재능문화(주최), JEI 재능문화(주관)",,
아름다운 물레방앗간 아가씨,복합,다원/융복합,"이종덕, 강한별, 민샛별","이종덕, 강한별, 민샛별 등","스텔라아트뮤직(주최), 카르디아 오페라단(주관)",,
늘휘무용단 봄신작: Rest. Art Oars,복합,다원/융복합,"배진일, 여길랑, 남선희, 윤혜수, 김민지, 최시","김민지, 최시원, 김익현 등",김명숙 늘휘무용단(주최),,
앙리 마티스 色을 노래하다,복합,다원/융복합,"손태진, 존노, 신현선, 대니구, 문재원",,"인천문화예술회관(주관), 인천광역시(주최)",,
즉흥공감극장(Playback Theatre)봄 정기공연,복합,복합,"남궁지숙, 모미나, 손현, 송아름, 신도원, 신동미, 조윤경","모미나, 엄서현, 박은경",,,
벌나비가 찾아와서 봄소식을 전하는데,복합,복합,"박상우, 고호정, 강승의, 윤은화, 정동민, 김남훈, 문채희 등",,,,
폼 미쳤다.,복합,다원/융복합,,,메이드인동감(주최),,
"제88회 명품콘서트, Asia & Saha 아티스트 콜라보",복합,복합,"이수인, 김지영, 서수정, 박태영, 김동현, 박수현, 권아름 등",,"을숙도문화회관(주관), 을숙도문화회관(주최)",,
"오픈씨어터 오발콘 시리즈 Ⅰ, Vamonos! 돈키호테",복합,복합,"백정현, 구본수, 정필립, 이한나 등","이혜경, 송주관, 강대근 등","오픈씨어터(주관), 오픈씨어터(주최)",,
"김준수와 함께하는 하남명무전, 봄, 춤으로 피어나다 [하남]",복합,복합,"정명숙, 조흥동, 김준수, 이세범, 장인숙, 조성란, 정다은 등","원지현, 이세범, 강준택 등","(재)하남문화재단(주관), (재)하남문화재단(주최)",,
토케토리 골방콘서트,복합,복합,최윤영,,기타고라스(주최),,
HAKUEI KIM X 이봉근 X 하윤주 콘서트: 3,복합,복합,"하윤주, 이봉근, 김재성, 김인영, 김성화 등",,"(주)프로덕션 고금(주최), (주)프로덕션 고금(주관)",,
다페르튜토 쿼드,복합,다원/융복합,"김용빈, 이종현, 임영, 전혜인, 최도혁, 하영미, 허윤경","김건태, 유지영, 박현정 등","대학로극장 쿼드(제작사), 대학로극장 쿼드(주최), 대학로극장 쿼드(주관)",,
"마티네콘서트 마실, 협궤열차의 꿈",복합,복합,,,,,
"아침음악나들이 1, 존노 & 고영열",복합,복합,"존노, 고영열",,(재)고양문화재단(주최),,
"통영국제음악제, 해리 파치: 플렉트럼과 타악기 춤",복합,복합,,,"통영시(주최), 통영시(주관), (재)통영국제음악재단(주최), (재)통영국제음악재단(주관)",,
첼로가야금 [연천],복합,복합,"김솔다니엘, 윤다영",,"연천군시설관리공단(주최), 연천수레울아트홀(주관)",,
읽은척 판소리 북 콘서트: 나는 고양이로소이다.,복합,복합,,,합굿마을문화생산자협동조합(주최),,
개구리왕자,복합,복합,"공예빈, 공다향","이성호, 장민호","청년테이블(기획사), 에술농장(제작사), 극단 보물섬(제작사)",장인호,
춘하추동 디톡스 콘서트,복합,복합,"남상일, 받구윤, 최연화 등",,"상주시청(주최), 상주시청(주관)",,
"통영국제음악회, 온드레이 아다멕: 디너",복합,복합,"샤를로트 기베, 로메오 몬테이로, 온드레이 아다멕 등",,"통영시(주최), 통영시(주관), (재)통영국제음악재단(주최), (재)통영국제음악재단(주관)",,
Talk Talk Talk,복합,복합,"정중화, 김덕화, 박병민, 김동문, 안재우",,"한국청소년동아리연맹(주최), 한국청소년동아리연맹(주관), (주)지앤씨 (GNC)(주관)",,
"춘천문화예술회관 개관 30주년, 우리 여기에: 첫째날 광장으로",복합,복합,"이유라, 최은영, 박희린, 백형민, 문창숙, 이현주, 홍향기 등",,(재)춘천문화재단(주최),,
제4회 장애인의 날 기념 위더스콘서트,복합,복합,"이성국, 김혜영, 황기순, 김동규, 정동하, 조성모, 송강호 등",,"사회적 협동조합 드림온(주최), 사회적 협동조합 드림온(주관)",,
Re:born과 함께하는 Refresh Concert,복합,복합,"박호민, 정승화, 한정현, 민종호, 강문종 등",,"영도문화예술회관(주최), 영도문화예술회관(주관)",,
"아름다운 동행 우리함께, SING A SONG",복합,복합,,,"서귀포예술의전당(주최), 서귀포예술의전당(주관)",,
"퍼플엘리, 에펠탑 앞에서 사진찍기",복합,복합,"이주희, 남영주, 정지현, 이주영, 최재호, 지혜림",,"제주아트센터(주최), 힘즈뮤직(주관)",,
"24시간 프로젝트 시즌6: 박지혁, 천지윤, 상흠, 박지선",복합,다원/융복합,"박지혁, 천지윤, 박지선 등",,더하우스콘서트(기획사),,
"인 하우스 아티스트 시리즈 I, 이진상",복합,다원/융복합,"이진상, 차진엽, 김은혜",,"롯데문화재단(주최), 롯데문화재단(주관)",,
"전원경의 아트살롱, 그림콘서트: 봄을 맞은 파리",복합,다원/융복합,"김예성, 정예찬, 현서진 등",,"(재)당진문화재단(주최), 당진문예의전당(주관)",,
소녀의 꿈,복합,복합,"박종화, 이정표 등",,"(재)금천문화재단(주최), (재)금천문화재단(주관)",,
룰루랄라와 함께하는 동화책 콘서트,복합,복합,,,협동조합 문화기획단 마주(주최),,
Lovely Concert: 매혹적인 클림트의 그림과 함께하는 아름다운 음악회,복합,다원/융복합,"배수진, 강희영, 윤석, 조완수, 박효진, 이희연, 윤정수",,"해운대문화회관(주최), (주)에스제이엔터(주관)",,
"제76회 (사)한국여성작곡가회 봄 정기발표회, 도약",복합,복합,"김사랑, 김주헤, 류경선, 박영란, 심유주, 정연옥, 김철진 등",,"(사)한국여성작곡가회(주최), 현대문화기획(주최), 현대문화기획(주관)",,
더 퍼스트 뮤직 IN 슬램덩크,복합,복합,"강수진, 엄상현, 신용우, 장민혁, 최낙윤, 장동국, 박상민 등",,"(주)더존테크윌(주최), 스튜디오 더존(주관)",,
별주부전,복합,복합,"김유희, 이원경, 김평석, 성보나, 박명현, 김명준, 권아림 등","여성구, 채지혜, 이원경 등",국립국악원(주최),,
광주상설공연(5월),복합,복합,,,"광주시청[경기](주최), 광주예술의전당 (구. 광주문화예술회관)(주관)",,
춘천시립교향악단 패밀리콘서트1,복합,다원/융복합,,,춘천시립교향악단(주최),,
원주시민과 함께하는 열린음악회 [원주],복합,복합,"김덕수, 진승훈, 위연승, 박현기, 윤형욱, 정주영, 박종성 등",,"(재)원주문화재단(주최), (재)원주문화재단(주관), (주)원앤원엔터테인먼트(기획사)",,
"광주시립교향악단, 그림자극과 함께하는 키즈클래식",복합,복합,김영언 등,,"광주예술의전당 (구. 광주문화예술회관)(주최), 광주시립교향악단(주관)",,
레이저 무브 아트쇼,복합,다원/융복합,,,,,
"피카스 그림동화 음악회, 장난감 병정과 발레리나",복합,복합,"윤혜경, 황지수, 홍성민, 김에슬, 김경선 등",,"피카스(PICAS)(주최), 이든예술기획(주관), 이든예술기획(주관)",,
페페의 꿈 [춘천],복합,복합,,,"(재)예술경영지원센터(주최), (재)춘천인형극제(주최), (재)춘천인형극제(주관), 음악극창작집단톰방(주관)",,
가슴이 콩닥콩닥 [창원],복합,복합,"김영재, 인윤선, 윤사랑, 박장원, 윤한나, 위초연, 윤성근 등","김 현, 김태희, 최성민 등","(재)창원문화재단(주최), (재)창원문화재단(주관)",,
방귀 며느리 [통영],복합,복합,"장예리, 정열, 허윤, 이경구, 유병욱, 박가영 등","배새암, 이경구 등","한국문화예술회관연합회(KoCACA)(주최), 통영시(주관), 아픽 (art-pig)(주관)",,
내시십분 콘서트 [부산],복합,복합,,,"다해아트미디어(주최), 다해아트미디어(주관)",,
수상한스테이지 (5월),복합,복합,"이가연, 김도현, 김신비, 반예림, 조은세 등",,"수상한 창고(수상한협동조합)(주최), 수상한 창고(수상한협동조합)(주관), 수상한 창고(수상한협동조합)(제작사)",,
그림이 오감를 만났을때: 감각주의,복합,다원/융복합,"정우철, 민시후, 노인호",,"대덕문화전당(주최), 대덕문화전당(주관)",,
봄 ＆ 희망 콘서트 [대구],복합,복합,"이동환, 고수진, 권재희, 박신해, 이윤경 등",,"대구문화예술진흥원(주최), (재)대구오페라하우스(주관), (재)대구오페라하우스(주관)",,
반짝반짝 그 찬란한 날 [대구],복합,복합,,,대구학생문화센터(주최),,
스페이스 크루즈(SPACE CRUISE),복합,복합,"홍종철, 김성은, 김보런, 김남훈, 김예송, 김태림, 부희주 등","김남훈, 정진용, 김학영 등","서귀포예술의전당(주최), (사)제주빌레앙상블(주관)",,
"브람스의 구연동화 연가곡, 아름다운 마겔로네",복합,복합,"이종덕, 이천초, 강한별, 민샛별 등","이종덕, 사공예원 등",카르디아 오페라단(주최),,
"천재 모차르트, 라마",복합,복합,"이승철, 김기종, 전재현, 강승호, 김정희, 임옥진, 이지아 등","이승철, 김기종, 이수정 등","스토리피아노(주최), 카랑엔터테인먼트(주최), 다이아예술문화단체(주최), 스토리피아노(주관)",,
"고스트쉽, 코마 [세종]",복합,다원/융복합,,,"(재)세종시문화관광재단(주최), (재)세종시문화관광재단(기획사)",,
"Asia & Saha Ⅱ, 중국편 (5.17)",복합,복합,"예 웨이양, 센 빙, 우 양, 우 팡, 김희정, 박태영, 김동현 등",,"을숙도문화회관(주최), 을숙도문화회관(주관)",,
"오월국제교류음악회, 평화와 희망을 기원하는 함께가자 희망찬 세상으로",복합,복합,,,"광산구청(주최), 광주광산구립합창단(주관)",,
동물의 사육제 & 피터와 늑대 [광양],복합,복합,"최진희, 배선옥, 서희경, 송은아, 민대식, 이송, 이정민 등","소중연, 이지우, 최혜령 등","광양문화예술회관(광양시청)(주최), 광양문화예술회관(광양시청)(주관)",,
"춘향, 날개를 뜯긴 새 [서울]",복합,복합,"조하늘, 전진홍, 이혁, 박지연, 성유빈, 윤성준, 박소현 등","노우성, 이규운, 이형주 등","(재)국립정동극장(주최), (재)국립정동극장(주관)",,
Reflection,복합,복합,"노은실, Jan Pech, 백다솜",,중력장(주최),,
미디어아트와 함께 하는 춤 이야기: The Moon [용인],복합,다원/융복합,,,(재)용인문화재단(주최),,
예술봄소리와 함께하는 EQ－UP (오전),복합,복합,"고영신, 이지선, 박현정, 백사론, 송다은 등",,"비오케이 아트센터 (BOK아트센터)(주최), 비오케이 아트센터 (BOK아트센터)(주관)",,
신현대 콘서트: 파키스탄 카라코람 히말라야 히스파빙하 원정대 후원콘서트,복합,복합,"진수영, 김설령, 허영택",,산악음악연구소(주최),,
마티네 콘서트 [용인],복합,복합,"김동규, 이상우, 변진섭, 최근순, 박해미, 최정원, 윤승업, 한아름 등",,"(재)용인문화재단(주최), (재)용인문화재단(주관)",,
DUO RECITAL,복합,복합,"김은희, 류정연, 정호정, 홍지혜, 유윤주, 조사방, 박경훈 등",,현대문화기획(주최),,
"일상문화도시 페스티벌, 강북Festa",복합,복합,,,"(재)강북문화재단(주최), 강북구청(주최)",,
"노래극,  오월",복합,복합,"이기녕, 승지나, 전승일, 박현서, 주홍, 홍성담 등",,"전남5.18민중항쟁 43주년 기념행사위원회(주최), (재)홍리김오월평화문화재단(주관)",,
김봉곤 훈장과 함께하는 NEW 조선통신사,복합,복합,"김봉곤, 김다현, 임상규 등",,"한국문화예술회관연합회(KoCACA)(주최), 무안군청(주관), 안산시립국악단(주관)",,
옹칼의 비밀 [강릉],복합,복합,"김동훈, 김태기, 이희경, 장혜령, 권다림, 윤국중, 조은진 등","김재현, 서승현, 정은혜 등","(사)아트컴퍼니 해랑(제작사), 문화체육관광부(주최), 문화체육관광부(주관), 강원특별자치도청(주최), 강원특별자치도청(주관), 강릉시청(주최), 강릉시청(주관), 강릉아트센터(주최), 강릉아트센터(주관), (재)강릉문화재단(주최), (재)강릉문화재단(주관)",,
"꿈 같은 마술이야기, 몽환록 [세종]",복합,복합,,,이모션콘텐츠(주최),,
저녁을 닮은 음악 (5월),복합,복합,"이주희, 남영주, 정지현, 김지영",,"울산광역시 북구(주최), 울산북구문화예술회관(주관)",,
"키즈콘서트2, 클래식 in 발레 [화성]",복합,복합,"김재원, 최재원, 최정현, 문명환, 장우리, 이현옥, 김란도 등",,"화성시청(주최), (재)화성시문화재단(주관)",,
그림자극과 함께하는 동물의 사육제,복합,복합,"이상명, 이리안, 한아름, 조형준, 함혜정, 손혜민, 김진탁 등",,"카리스 프로덕션(주최), 카리스 프로덕션(주관), 콘체르트 앙상블 <노래위에 날개위에>(주최), 콘체르트 앙상블 <노래위에 날개위에>(주관)",,
꿈꾸는 어린이 예술극장 [공주],복합,복합,,,"문화체육관광부(주최), 한국문화예술회관연합회(KoCACA)(주관), 공주문화관광재단(공주문예회관)(주관), (재)공주문화재단(주관)",,
광주상설공연(6월),복합,복합,,,"광주예술의전당 (구. 광주문화예술회관)(주최), 광주예술의전당 (구. 광주문화예술회관)(주관)",,
단오지향,복합,복합,"박인선, 김영찬, 김성의, 송재윤, 이상화, 이재현, 김우진 등","최지연, 오경택, 경민선 등","문화체육관광부(주최), 강원특별자치도청(주최), 강릉시청(주최), 강릉아트센터(주최), 문화체육관광부(주관), 강원특별자치도청(주관), 강릉시청(주관), 강릉아트센터(주관), (재)강릉문화재단(주최), (재)강릉문화재단(주관), (주)인사이트모션 서울돈화문국악당(제작사)",,
낭만 정원 콘서트: 낭만가객 조선판 풍류 [순천],복합,복합,"최백호, 동화락, 남상일, 박구윤, 김명진, 임재현, 김산옥 등",,"문화체육관광부(주최), 한국문화예술회관연합회(KoCACA)(주관), 순천시문화예술회관(주관), 순천시문화예술회관(기획사)",,
"제21회 정기공연 마상무예, 선기대 화성을 달리다",복합,복합,,권호성,"수원시립공연단(주관), 수원시청(주최)",,
Harmony of Light [인천],복합,다원/융복합,,,"인천학생교육문화회관(주최), 한국문화예술회관연합회(KoCACA)(주최)",,
만해 한용운 선생 79주기 추모예술제,복합,복합,"이건영, 김승회, 최은실, 송형은, 김예다, 김주리, 임덕수 등",이주영 등,(주)이노스토리(기획사),,
아웃풋 부산 6주년 [서울],복합,복합,,,"(주)비엔엘컬쳐스(주최), (주)비엔엘컬쳐스(기획사)",,
어느 삐에로의 사랑 이야기,복합,복합,"김라희, 윤현정, 황재원, 김민지, 김성진, 박은미, 김새은 등","장유상, 김수진, 이형진 등","(주)터틀 컴퍼니(주최), (주)터틀 컴퍼니(주관)",,
"브런치 콘서트, 김효영의 아름답고 신비한 생황의 초대 (6월)",복합,복합,"김효영, 박윤우, 강찬욱, 조영훈, 박병재",,"안동문화예술의전당 (평생학습원)(주최), 안동문화예술의전당 (평생학습원)(주관)",,
"The e-끌림 국악 콘서트, 유네스코 창작품 우리네 보물찾기",복합,복합,"김다솜, 안하윤, 고현아, 안유진, 이수민, 정애린, 김준호 등",,"한국문화예술회관연합회(KoCACA)(주최), 해운대문화회관(주최)",,
타악 & DJ퍼포먼스 BEAT OF SCHOOL,복합,복합,"이순만, 박종대, 이순하, 채우리, 정의철, 김동원","박종대, 채우리, 이여송 등","전라북도문화관광재단(주최), 고창군(고창군청)(주관), 전주덕진예술회관(주관)",,
"굿모닝콘서트, 비원 of No boundary",복합,복합,"박태영, 김동현, 길혜진, 조영식, 최승한, 유시은",,"을숙도문화회관(주최), 을숙도문화회관(주관)",,
"토크콘서트, Save the planet",복합,복합,,,"울산광역시학생교육문화회관(주최), 울산광역시학생교육문화회관(기획사)",,
"JUKEBOX OPERA, 내가 너라면? BODY CHANGE [광주]",복합,복합,"김성근, 박혜경, 김태연, 한여름, 김치영, 임지연","이경은, 임지연, 박혜경 등",비바무지카(주관),,
환대 (歡待),복합,다원/융복합,"김수정, 고성현, 박혜진, 이정원, 김기웅, 김수선 등",,"글로벌오페라단(주최), 글로벌오페라단(주최), 리음아트&컴퍼니(주관)",,
begin again 타쇼 time [안산],복합,복합,"김보경, 이유진, 방미영, 최경미, 김혜선, 김진옥, 황나윤 등",,,,
제2회 SECOME,복합,복합,,,"청소년 창의융합 기획단(주최), 청소년 창의융합 기획단(주관)",,
요리조리 벌룬쉐프의 동화이야기,복합,다원/융복합,김종환,김윤성,,,
"11기 안산디자인문화고등학교 공연콘텐츠과 졸업발표회, a11 for ONE",복합,복합,,,안산디자인문화고등학교(주최),,
"체어, 테이블, 체어 [인천]",복합,다원/융복합,그레고 다나 등,,"인천광역시 동구(동구문화체육센터)(주최), 아시테지 in 인천(주최), 남동문화재단(주최), 미추홀 학산문화원(학산소극장)(주최), (재)인천광역시 부평구문화재단(부평아트센터)(주최), 인천광역시 동구(동구문화체육센터)(주관), 아시테지 in 인천(주관), 남동문화재단(주관), 미추홀 학산문화원(학산소극장)(주관), (재)인천광역시 부평구문화재단(부평아트센터)(주관)",,
제12회 실용음악 & 댄스 콘서트,복합,복합,,,경북예술고등학교(주최),,
"제25회 파주예술제, 예향 속으로",복합,복합,"최지은, 성미나, 황경미, 김인애, 이유림, 조은비, 이창희 등",,"파주시청(주최), 대한무용협회(주관)",,
"호국보훈의달 기념콘서트, 아! 대한민국",복합,복합,,,"대덕문화전당(주최), 대덕문화전당(주관)",,
페페의 꿈 [부산],복합,복합,,,"(재)예술경영지원센터(주최), 금정문화회관(주관), 음악극창작집단톰방(주관)",,
진조크루 X 악단광칠: 리듬 오브 코리아 [대구],복합,복합,"방초롱, 이유진, 김유진, 김현수, 이향희, 전현준, 선우진영 등",,"(재)행복북구문화재단(어울아트센터)(주최), (재)행복북구문화재단(어울아트센터)(주관), 진조크루(주관), 악단광칠(주관)",,
허튼소리 Corea Beats [오산],복합,복합,"이호원, 안태림, 이준삼, 오영빈, 오혜영",김주홍,"한국문화예술회관연합회(KoCACA)(주최), (재)오산문화재단(주관), (사)노름마치예술단(주관)",,
COLORFULL RUN [세종],복합,복합,,,"본아트컴퍼니(주최), 본아트컴퍼니(주관)",,
"한빛예술단, 음악에 피어나는 시의 향기 [서울]",복합,다원/융복합,"김종훈, 오정해, 서해웅",,"한빛예술단(주최), 한빛예술단(주관)",,
"콘서트 가이드 김성민과 떠나는 아르헨티나 탱고여행, 피아졸라",복합,복합,"김성민, 김종완, 이안나, 강소연, 이영훈, 박재훈 등",,"영도문화예술회관(주최), 영도문화예술회관(주관), 예술기획 젬마(주관)",,
"인 하우스 아티스트 시리즈 II, 윤소영",복합,다원/융복합,"윤소영, 차진엽",,"롯데문화재단(주최), 롯데문화재단(주관)",,
5히려 좋아,복합,복합,"신도현, 강희경, 최영진, 오 현, 이재득, 양준혁",,(재)구로문화재단(주최),,
열린음악회: 국악신동김태연＆클라무오케스트라＆퓨전국악이희정밴드 [오산],복합,복합,"김태연, 유수영 등",,"한국문화예술회관연합회(KoCACA)(주최), (재)오산문화재단(주관), (재)오산문화재단(주최), (재)오산문화재단(기획사)",,
IT SHOW 예술로 그려지는 대한민국 [수원],복합,다원/융복합,"양원경, 박학범, 김태훈, 오세현, 이주민, 김재원, 정명인 등","박승구, 이원웅, 최용수 등","(재)수원문화재단(주최), 한국문화예술회관연합회(KoCACA)(주최), 수원SK아트리움(주관)",,
젊은날의 초상,복합,복합,"권대일, 김찬규, 진주백, 천병열, 권동우",,아산시청(주최),,
영남국악관현악단의 The Big Concert,복합,복합,"김현호, 장사익, 김단희, 민정민 등",,"부산광역시 해운대구(주최), 해운대문화회관(주최)",,
"일상으로 녹아내린 V, Real K-pop",복합,복합,,,"사운드팩토리판(주최), 사운드팩토리판(기획사)",,
테너 조용갑과 함께하는 5人 5色 Concert 오페라 & 크로스오버,복합,복합,"이미영, 김준영, 김은경, 이인필, 최지여, 엄재은, 한지훈",,"(주)티오피미디어(주최), 음악교육신문사(주최), (사)YK문화예술 (와이케이문화예술)(주최)",,
"The e-끌림 국악 콘서트, 토끼의 간을 찾아라",복합,복합,"이지현, 정수유, 이희진, 이주현, 이수현, 강민희, 전영주 등",,"한국문화예술회관연합회(KoCACA)(주최), 해운대문화회관(주최)",,
폴리팝 [안산],복합,다원/융복합,,"이길준, 염용균, 이승은 등","한국문화예술회관연합회(KoCACA)(주최), (재)안산문화재단(안산문화예술의전당)(주관), (재)의정부문화재단 (의정부예술의전당)(주관), (유)브러쉬씨어터(주관)",,
"브라소닛 빅밴드와 앰비규어스댄스컴퍼니, Body ＆ Voice [부천]",복합,복합,,,"한국문화예술회관연합회(KoCACA)(주최), (재)부천문화재단(주관), 브라소닛(주관)",,
"꿈나무극장 오감똑똑 어린이공연, 싸운드 써커스",복합,복합,,,(재)구로문화재단(주최),,
코미디 애니멀 쇼 [부천],복합,복합,,,,,
"시대 융화 콘서트, 이:음 [경기 광주]",복합,복합,"이희운, 신혜, 이선영, 안소예, 이영희, 김완수, 유상록 등",,"(재)광주시문화재단 [경기광주](주최), (사)한국경기소리보존회(주관)",,
광주상설공연 (7월),복합,복합,,,"광주예술의전당 (구. 광주문화예술회관)(주최), 광주예술의전당 (구. 광주문화예술회관)(주관)",,
JAZZ & 국악 With 웅산 [인천],복합,복합,"임교민, 남창동, 남해웅, 김은영, 임상규, 천성대",,"남동문화재단(주관), 한국문화예술회관연합회(KoCACA)(주최)",,
이천시민을 위한 희망음악회,복합,복합,"김병찬, 한경미, 신동원, 김민희, 이성빈, 이소영, 최유나 등",,"이천시공간정보산업협회(주최), 이천시공간정보산업협회(주관)",,
"3인 3색, 동행",복합,복합,"장유리, 윤승환, 박혜선, 최광자, 정지혜, 김주영, 김지윤 등",,"국립부산국악원(주최), 국립부산국악원(주관)",,
The Magic 팬텀 & 퀸 [논산],복합,복합,"김봉미, 김주택, 유성녀, 최형배, 정필립 등",,"한국문화예술회관연합회(KoCACA)(주최), 논산문화관광재단(주관)",,
미스테리우스 [경기 광주],복합,다원/융복합,"이종민, 박종훈, 김현섭, 이진성, 권순민, 김응혁, 여인수 등",,"(재)광주시문화재단 [경기광주](주최), (재)광주시문화재단 [경기광주](기획사), 구니스컴퍼니(더구니스 크루)(주최), 구니스컴퍼니(더구니스 크루)(주관)",,
세상의 모든 피리,복합,복합,"신주희, 이인, 김정현, 임진영, 임정민, 김가현, 정민정 등","배재영, 김백찬","(사)서울나눔뮤직그룹(주최), 리드예술기획(주관)",,
"쿼드초이스, 서도와 은미: 만병통치樂",복합,복합,"서도, 안은미, 김혜경, 김지연, 정의영, 문용식, 조선재 등","안은미, 서도, 이해성 등","(재)서울문화재단(주최), 대학로극장 쿼드(주최)",,
"아트캠프, 패밀리 펀펀데이",복합,복합,,,"대구광역시 서구문화회관(주최), 대구광역시 서구문화회관(주관)",,
"국립국악관현악단, 베스트컬렉션 [장흥]",복합,복합,"원영석, 장광수, 오경자, 조성모 등",,"장흥문화예술회관(주최), 장흥문화예술회관(기획사)",,
"미술관 옆 오페라하우스 Ⅰ, 오페라 카르멘",복합,다원/융복합,"이주헌, 손지현 등",,"(재)부산문화회관(주최), (재)부산문화회관(주관)",,
제30회 덕원예술고등학교 정기무용발표회,복합,복합,"김현준, 권비아, 김연서, 김주연, 김주은, 김지운, 김해솔 등","나일화, 고휘경, 김빛하나 등","덕원예술고등학교(주최), 덕원예술고등학교 무용부(주관)",,
열린음악회: 국악신동김태연＆클라무오케스트라＆퓨전국악이희정밴드 [김제],복합,복합,,,,,
"쿼드초이스, 무토(MUTO) x 입과손스튜디오: 두개의 눈",복합,복합,"박훈규, 박우재, 신범호, 홍찬혁, 이승희, 김소진, 이향하, 김홍식","유현진, 김세훈, 홍유진 등","(재)서울문화재단(주최), 대학로극장 쿼드(주최)",,
테디베어와 함께하는 LED발레 & 태권 [부천],복합,다원/융복합,조윤혜,,비바츠예술매니지먼트(주최),,
"여우락 페스티벌, 모듈라서울: lull~유영",복합,복합,"김대희, 안효주, 임용주, 이민채, 이종헌 등",,"국립극장(기획사), 국립극장(주최)",,
팜페라 콘서트,복합,복합,,,,,
"싱크넥스트23, 코끼리들이 웃는다, 물질",복합,다원/융복합,"남긍호, 서현성, 한기장, 이애리, 이재호","이진엽, 김준규, 신동선 등","(재)세종문화회관(주최), (재)세종문화회관(기획사)",,
"아시테지 국제여름축제, 스페인 유리아 : Rain",복합,다원/융복합,"Fernando Barado, Nerea Martinez, itziar Fragua",,"(사)국제아동청소년연극협회 한국본부(아시테지)(주최), (사)국제아동청소년연극협회 한국본부(아시테지)(주관)",,
알랭(Alain),복합,다원/융복합,염정연,"김민영, 서동주, 곽용민 등",,,
아트그룹 AMuse가 들려주는 지혜로운 전래동화 이야기 [대구],복합,복합,"하지현, 김민지, 우정훈, 오소영, 윤민경, 구진아","이희주, 김나영, 김영","아트그룹 AMuse(주관), 나온아트(주최), 아트그룹 AMuse(주최)",,
페페의 꿈 [상주],복합,복합,,,"(재)예술경영지원센터(주최), 음악극창작집단톰방(주관), 상주문화회관(주관)",,
ART ROAD SHOWCASE & ART EXHIBITION in KOREA,복합,다원/융복합,"헨리, 아이키, 키노, 홍현희",,,,
제134회 광주시립국악관현악단 정기연주회: 평화를 향한 역동과 진혼,복합,복합,"김병오, 최승욱, 노은아, 윤진철, 박애리, 박승희",,"광주예술의전당 (구. 광주문화예술회관)(주최), 광주시립국악관현악단(주관), 광주예술의전당 (구. 광주문화예술회관)(기획사)",,
"미야자키 하야오 영화음악 콘서트, Best Collection with 샌드아트 임혁필",복합,다원/융복합,"이현수, 이한나, 임혁필 등",,"(주)더존테크윌(주최), 스튜디오 더존(주관)",,
"중섭, 빛깔 있는 꿈 [서귀포]",복합,다원/융복합,"강지훈, 고건하, 김소여, 김은정, 김현주, 조성진","유홍영, 최은미, 채희준 등","김정문화회관(주최), 두근두근시어터(주관)",,
"전원경의 아트살롱, 그림콘서트: 로마의 여름 햇살",복합,복합,"권유성, 김건효, 신수현",,"(재)당진문화재단(주최), 당진문예의전당(주관)",,
"제3회 더 패스 정기연주회, 한 여름밤의 악몽",복합,복합,"김동섭, 류현수, 최진호, 한정민, 윤시진 등","공해미, 시현정","the Path(주최), 유진예술기획(주관)",,
밤이 없는 여름,복합,다원/융복합,"박우재, 베일리홍, 손상혁","김혜림, 배일홍, 전강희 등",신촌문화발전소(서대문구청)(주최),,
재즈& 국악 울림콘서트,복합,복합,"박종호, 최지안, 전제덕, 신승태, 김수유, 한웅원, 신현필 등",,"문화체육관광부(주최), 한국문화예술회관연합회(KoCACA)(주관), 의령군민문화회관(주관)",,
"LED 미디어 발레컬, 비바츠 태권발레 [천안]",복합,다원/융복합,,,,,
미디어아트 아이스 쇼 G-SHOW,복합,다원/융복합,"김현, 안건형, 안소현, 임은수, 변세종, 정덕훈, 정의혁 등","송동일, 진소현, 시수정 등","(주)라이브아레나(주최), (주)라이브아레나(제작사)",,
"싱크넥스트23, 서사무엘x지후트리: 그러면 사랑 얘기는 누가 하지",복합,복합,서사무엘 등,"허영균, 김나은 등",(재)세종문화회관(주최),,
뽀로로 매직 싱어롱쇼: 슈퍼스타 뽀로로 드림콘서트,복합,복합,,,"뽀로로파크(주최), 뽀로로파크(주관), (주)이에스생활문화 (ES생활문화)(주관)",,
오리지널 드로잉쇼,복합,다원/융복합,,,"한국문화예술회관연합회(KoCACA)(주최), 양산시시설관리공단(주최), 양산문화예술회관(주관), 킴스드로잉(주관)",,
"월드뮤직 페스티벌, 국악 & 트로트 Sweet콘서트 [의령]",복합,복합,"고금성, 강혜연, 송진호, 정현지, 윤성배, 이재서, 손용민 등",,"문화체육관광부(주최), 의령군청(의령군)(주관), 한국문화예술회관연합회(KoCACA)(주관)",,
"발레와 국악의 조합, 마블링 [화성]",복합,복합,"류형수, 이소정, 최예림, 지경서, 안지원, 김평화, 최영운 등",이윤지,"한국문화예술회관연합회(KoCACA)(주최), (재)화성시문화재단(주관), 프로젝트 클라우드 나인(주관)",,
모래의 마법사,복합,복합,,,GS엔터테인먼트(주최),,
광주상설공연 (8월),복합,복합,"김유환, 서정혁, 이경진, 이승민, 한은실, 신은선, 강호도 등",김용원 등,"광주광역시(주최), 광주예술의전당 (구. 광주문화예술회관)(주관)",,
"발레와 국악의 조합, 마블링 [포항]",복합,복합,,,"한국문화예술회관연합회(KoCACA)(주최), (재)포항문화재단(주최), (재)포항문화재단(기획사), (재)포항문화재단(주관), 프로젝트 클라우드 나인(주관)",,
"제20회 평창대관령음악제, Main Concert #18: 봄의 제전 & 신박듀오, 김지영, 이재우",복합,복합,"김지영, 이재우, 김용걸 등",,"강원특별자치도청(주최), (재)강원문화재단(주관)",,
"공연장상주단체 페스티벌, 한 여름 밤의 선물 [세종]",복합,복합,"이재욱, 송태섭, 이규혁, 정세홍, 김종욱, 권재은, 이혜민 등",,"(재)세종시문화관광재단(주최), 이모션콘텐츠(주최), 이모션콘텐츠(주관), 이모션콘텐츠(기획사), 본아트컴퍼니(주관), 한음오페라단(주관)",,
"열세번째 스윙-바이, 이중중첩 & Slow Steps",복합,복합,"김정제, 김은영, 문기덕, 김예지, 변혜경, 이응석, 김선기 등",,중력장(주최),,
샌드쉐도우쇼,복합,복합,김인수,,(주)별빛엔터테인먼트(주최),,
빛고을 뮤직페스티벌 [광주],복합,복합,"최윤영, 신희준, 송기정, 장경아, 김창국, 백진희, 임창숙 등","장용석, 정현준, 문형식","한국문화예술회관연합회(KoCACA)(주최), 광주광역시(주최), (재)광주문화재단(주관)",,
국립극장 달빛 상영회,복합,복합,,,"국립극장(주최), 국립극장(주관)",,
"춘하추동, 디톡스 콘서트 [보성]",복합,복합,"박구윤, 최연화, 남상일",,"한국문화예술회관연합회(KoCACA)(주최), 보성군청(주관), (사)전통공연예술연구소(주관)",,
파포스(PAPHOS) 2.0,복합,다원/융복합,"박병호, 임연지, 이창재, 신창호, 박지희, 김주은, 김봉관 등","강현욱, 김선미, 최세연 등","리멘워커(제작사), 주식회사 코스타(주최), 주식회사 코스타(기획사)",,
"제33회 거창국제연극제, 보드빌의 갈매기",복합,복합,"진성웅, 손수정 등","김근한, 강태식, 김소희 등","(재)거창문화재단(주최), (재)거창문화재단(주관)",안톤 체홉,
한여름밤 Ice Coffee 콘서트,복합,복합,"장사익, 유진박, 홍희철, 김희정, 윤선기, 박성의, 이우정 등",이수영 등,"을숙도문화회관(주최), 을숙도문화회관(주관)",,
"옛 그림과 소통하는 즐거움, 화통콘서트 [예산]",복합,다원/융복합,"정초롱, 오수연, 최종호, 박동국 등","김영옥, 유태환 등","한국문화예술회관연합회(KoCACA)(주최), 충청남도(주관), (재)충남문화관광재단(주관), 문화예술감성단체여민(與民)(주관), 문화예술감성단체여민(與民)(제작사), 문화예술감성단체여민(與民)(기획사)",,
"Chair, Table,  Chair",복합,복합,,,"(사)한국예총 인천광역시연합회 인천예총(인천수봉문화회관)(주최), (사)한국예총 인천광역시연합회 인천예총(인천수봉문화회관)(주관)",,
홍지민과 함께하는 판타스틱 쇼 [연천],복합,다원/융복합,"홍지민, 이가연, 유원석, 이선호, 임세준",,"연천군시설관리공단(주최), 연천수레울아트홀(주관), (주) 산책컴퍼니(주관), 연천군청(주최)",,
"기술 입은 문화예술교육, 무대는 살아있다: IV 쇼케이스",복합,다원/융복합,,,,,
"싱크넥스트23, 광광,굉굉",복합,복합,"성시영, 이일우, 황민왕","성시영, 이일우",(재)세종문화회관(제작사),,
Swing Train(스윙 트레인),복합,복합,,,"크루아(주최), 크루아(주관)",,
음악이 춤을 추다 [울산],복합,복합,,,울산광역시학생교육문화회관(주최),,
늦은 여름밤의 군민응원콘서트 [옥천],복합,복합,"김소현, 하현우, 김성훈, 방성호 등",,"옥천군청(주최), 웨스턴 심포니 오케스트라(주관)",,
"애국찬가 드라마콘서트, 동고동락 [안산]",복합,복합,"손병휘, 차준호, 금보미, 박준성, 손준영, 신채원, 홍세령 등",,,,
"남산골 밤마실, 기담야행2: 망혼일 축제",복합,복합,"강정임, 주종혁, 황미영 등","정은영, 김진이, 송정안 등","서울남산국악당(주최), 서울시청(주관)",,
스피리또앙상블과 함께하는 베토벤 & 클림트 운명의 키스,복합,복합,"김경희, 김재민, 김바울, 심근수 등",,"한국문화예술회관연합회(KoCACA)(주최), 논산문화관광재단(주관)",,
하모니 오브 라이트,복합,다원/융복합,,,"한국문화예술회관연합회(KoCACA)(주최), 울산북구문화예술회관(주관)",,
"싱크넥스트23, 모니카xCIFIKA: 쓰인 적 없는 ㅅ",복합,복합,,,"(재)세종문화회관(주최), (재)세종문화회관(제작사)",,
Orange Music,복합,복합,,,,,
피터와 늑대 [부산],복합,복합,"최진희, 원우영, 이송, 이한강, 이명진 등",,"(재)부산문화회관(주최), 극단 영(제작사)",,
JAZZ & 국악 With 웅산 [군산],복합,복합,"김은영, 임상규, 천성대, 남창동 등",,"한국문화예술회관연합회(KoCACA)(주최), 군산예술의전당(주최), 안산시립국악단(주관), 군산예술의전당(주관), 군산예술의전당(기획사), 군산시청(주최)",,
김준수 & 두 번째 달 콘서트 [평택],복합,복합,"김준수, 박진우, 조윤정, 김현보, 최진경, 이영훈, 박종선",,"(재)평택시문화재단(주최), (재)평택시문화재단(주관), (재)평택시문화재단(기획사)",,
발레 메카닉 [강동],복합,복합,"최소영, 정헌 등","김도윤, 문종인","(재)예술경영지원센터(주최), 강동문화재단(강동아트센터)(주관), (주)팀프앙상블(TIMF 앙상블)(주관), 아트프로젝트 보라(ArtProjectBORA)(제작사)",,
"세상 풍경, 소리에 담다",복합,복합,"신은오, 김태정, 김유신, 이성주, 노건형, 김다은, 최서영 등",,"김정문화회관(주최), 김정문화회관(주관)",,
태권무 한빛,복합,다원/융복합,,"김용재, 한승훈, 오수현 등","제주아트센터(주최), 제주태권도사회적협동조합(주관), (주)와이킥엔터테인먼트(Y-KICK)(주관)",,
"애국찬가 드라마콘서트, 동고동락 [고양]",복합,복합,,,경기아트센터(주최),,
너에게 들려주고 싶은 클래식 이야기: 너클리,복합,다원/융복합,"한상욱, 노예진 등",,"루스초이뮤직(주최), 마제스틱청소년오케스트라(주관), (사)마제스틱필하모닉오케스트라(주관)",,
누모리쇼,복합,복합,"윤세연, 구민지, 이아진, 이주용, 문상준, 신동철, 이안나 등",,"한국문화예술회관연합회(KoCACA)(주최), 광주예술의전당 (구. 광주문화예술회관)(주관), 누베이스레코드(주관)",,
"문화공감터 렉처 콘서트: 원도심 재생의 아름다움, 나의 일상에 들어오다",복합,복합,"오재철, 송미호 등",,"(재)당진문화재단(주최), (재)당진문화재단(주관)",,
세종이네 복숭아나무,복합,복합,"고두영, 고영신, 이지선, 허정인, 박현정, 이은혜, 황진하 등",,"더 퍼포머(주최), 더 퍼포머(주관)",,
"K-예술축제 아.우.름, 대전국악방송 공개음악회: 북새통 [대전]",복합,복합,박은영 등,"김재영, 김은민, 정현경 등","대전시립연정국악원(주최), 한국문화예술회관연합회(KoCACA)(주최), (재)예술경영지원센터(주최), 대전국악방송(주최), 문화체육관광부(주관), 한국문화예술위원회(주관)",,
"박순아 & 키무라 슌스케: mortal, immortal",복합,복합,"박순아, 키무라 슌스케, 여성룡",,,,
김태연과 함께하는 열린음악회 [영광],복합,복합,"김태연, 유수영, 이희정 등",,"영광군청(주최), 영광군청(주관), 한국문화예술회관연합회(KoCACA)(주최)",,
"싱크넥스트23, 궁리소 묻다의 우주 양자 마음",복합,복합,"나경민, 박선희, 박주빈, 배소현, 신재환, 이은지, 이주야 등","배요섭, 강정희, 최용석 등","(재)세종문화회관(주최), (재)세종문화회관(주관)",,
"개관 15주년 컬렉션 개막작, 물질 [창원]",복합,다원/융복합,"서현성, 이애리, 이재호, 김준봉, 마광현","윤한울, 최원석, 김준규 등","(재)예술경영지원센터(주최), 코끼리들이웃는다(주관), (재)창원문화재단(주최), (재)창원문화재단(주관), (재)창원문화재단(기획사)",,
Beyond the Sea,복합,다원/융복합,"최서희, 유키 코야마, 하효경","김자현, 이정섭, 김진일 등",,,
One Free Drink Concert [대전],복합,복합,"김유범, 홍이삭, 김형준, 김영수, 조윤성, 이혜은, 정혜은 등",,"나무예술기획(주최), 나무예술기획(주관), 복합문화공간 플랜에이(조이마루아트홀)(주최), 복합문화공간 플랜에이(조이마루아트홀)(주관), 충남일보(주관)",,
어린왕자를 찾아서,복합,다원/융복합,,,극단 상상마당컴퍼니(주최),,
"고스트 인 더 씨어터, 비욘드 게임",복합,다원/융복합,"강길완, 우상준, 황세주, 김상혁, 박시연","김상경, 김수현, 이중구 등","프로젝트 밈(주최), 프로젝트 밈(기획사), 프로젝트 밈(제작사)",구도윤,
신데렐라의 모래 이야기,복합,다원/융복합,"김지현, 강동명, 장성일, 김성결, 홍예원, 김도아, 김일훈","김대염, 박성진, 유혜상 등","콘텐츠컬쳐플레이스(제작사), 아트아우름(제작사), (주)골든뮤직엔터테인먼트(주최), (재)성동문화재단(주관)",,
요리조리 벌룬쉐프,복합,다원/융복합,,,상상발전소(주최),,
우드로우,복합,복합,"박상민, 박신혜, 송현우, 이현진, 유명지",,야기웍스(주최),,
조용필 음악과 함께하는 빛의 베아트리체 [하남],복합,다원/융복합,"허성재, 서연우, 김성은, 이도현, 윤석현, 서유진, 노유리 등","허성재, 김상교, 유경민 등","한국문화예술회관연합회(KoCACA)(주최), (재)하남문화재단(주관)",허성재,
"플래시콘서트, 알리 & 한동준 위드 오케스트라",복합,복합,"박상현, 한동준, 손현수 등",,"한국문화예술회관연합회(KoCACA)(주최), 남동문화재단(주관)",,
"브런치콘서트 피아니스트 김용진과 함께하는 이달의 공연: 보이는 콘서트, 현대무용 (8월)",복합,복합,"김용진, 조재형, 최정원, 이상엽",,"(재)구로문화재단(주최), (재)구로문화재단(주관), MEG컴퍼니(엠이지컴퍼니)(주관)",,
하우스콘서트 아리아리동동(同同) [함양],복합,복합,"임예슬, 한청종, 김성광, 윤병의, 배선희 등",,"함양군(주최), 함양군문화예술회관(주관)",,
"미술관 옆 오페라하우스 Ⅱ, 오페라 나비부인&투란도트",복합,다원/융복합,"이주헌, 손지현 등",,"(재)부산문화회관(주최), (재)부산문화회관(주관)",,
광주상설공연 (9월),복합,복합,"송선명, 김형석, 김나영, 김철환, 한지윤, 전미향, 김한송 등",,"광주광역시(주최), 광주광역시(기획사), 광주예술의전당 (구. 광주문화예술회관)(주최), 광주예술의전당 (구. 광주문화예술회관)(기획사)",,
"싱크넥스트23, 백현진 쑈: 공개방송",복합,복합,"백현진, 전제곤, 이태훈, 진수영 등",백현진 등,(재)세종문화회관(주최),,
물질 [고양],복합,다원/융복합,"김준봉, 마광현, 서현성, 이애리","이진엽, 세르지미, 신재욱 등","코끼리들이웃는다(제작사), (재)예술경영지원센터(주최), 코끼리들이웃는다(주관), (재)고양문화재단(주관)",,
Movie & Musical과 함께하는 음악산책 [홍주],복합,복합,"박혜나, 이승용, 김헌범, 박신유, 이윤석, 김만규, 유환삼 등",,"문화체육관광부(주최), 홍성군(주최), 한국문화예술회관연합회(KoCACA)(주관), 홍성군공공시설관리소(주관)",,
제9회 사랑앤 뇌병변 장애인을 위한 자선음악회,복합,복합,"박수용, 송기창, 김찬미, 류성직, 권휘소, 권용만 등",,사랑앤(주최),,
광주학생 탈렌트 페스티벌,복합,복합,"이찬율, 김세린, 고소연, 박태희, 정채은, 김지혜, 은연화 등",,광주광역시교육청(주최),,
"이앤아이앙상블 콘서트, 칼레이도 사이클 [용인]",복합,복합,"이혜정, 고재경, 최정산, 설호종, 장경아, 박진희, 김도윤 등","이혜정, 박진희, 김도윤 등","이앤아이앙상블 (E&I ensemble)(주최), 이앤아이앙상블 (E&I ensemble)(주관)",,
"태권무 한빛, 제주오백장군이야기",복합,복합,,,"한국문화예술회관연합회(KoCACA)(주최), 제주특별자치도 문화예술진흥원(주관)",,
"김천시립예술단 서울공연, Memory in 김천",복합,복합,"김성진, 김소현, 이태원, 김지연, 송영훈, 김태형, 장미선 등",,"김천시(김천시청)(주최), 김천시문화예술회관(주관)",,
"몽골국립예술단 초청공연, Nomad, met as art [예산]",복합,복합,,,"충청남도(주최), (재)충남문화관광재단(주관), 전통예술단 혼(주관)",,
JAZZ & 국악 with 웅산 [장흥],복합,복합,"임상규, 웅산, 제이세라, 천성대 등",,"한국문화예술회관연합회(KoCACA)(주최), 안산시청(주관), 장흥군청(주관)",,
홍지민과 함께하는 판타스틱쇼 시즌2,복합,복합,"이가연, 임세준, 유원석, 이선호 등",,"삼척시문화예술센터(주관), 한국문화예술회관연합회(KoCACA)(주최), (주) 산책컴퍼니(주관)",,
"가족과 함께하는 카툰 콘서트, 셜록홈즈 With POLYSYMPHONIC [대전]",복합,복합,"양왕열, 최유석, 고길영, 이기명, 황성범, 성절모, 이한호 등",,"퓨전퍼커션밴드 폴리(주최), 공연기획피움(주관)",,
"춘하추동, 디톡스 콘서트 : 남상일&박구윤&최연화",복합,복합,"남상일, 박구윤, 최연화",,"한국문화예술회관연합회(KoCACA)(주최), 남동문화재단(주관)",,
어머니 달의신화,복합,복합,,,"서귀포예술의전당(주최), (사)제주빌레앙상블(주관), 무용단 놈스(주관)",,
뷰티힐링 콘서트 with VIPIST [고양],복합,복합,"박현숙, 박은주, 이종원, 이하나, 정주미, 이채민 등",,에이블 코리아 주식회사(주관),,
퍼플콘서트 in 서울,복합,복합,,,,,
김영임 & 김용임과 함께하는 희희낙락 [문경],복합,복합,"김용임, 김영임, 고금성, 전영랑",,"한국문화예술회관연합회(KoCACA)(주최), 문경시(주관), (주)공감엔피엠(주관)",,
"남구청년예술제, 함께푸르다: 해야청청",복합,복합,권윤형,,"대덕문화전당(주최), 대덕문화전당(주관), 대덕문화전당(기획사)",,
오라토리오 마르티레스,복합,복합,"김도환, 박태영, 김호정, 백현호, 최병혁, 김지훈, 류성현 등",홍성욱 등,"아트팜엘케이(Art Farm LK)(주최), 아트팜엘케이(Art Farm LK)(주관)",,
그림자야 놀자 [부천],복합,복합,,,"(재)부천문화재단(주최), (재)부천문화재단(주관), 극단 모이세(주관)",,
"동고동락 청년 예술 콘서트, 청신호: 파동이 우리를 주파할 때 [안산]",복합,복합,"안왕식, 빈재현, 최진욱, 최진우, 박창훈, 이재영 등",,"(재)안산문화재단(안산문화예술의전당)(주최), (재)안산문화재단(안산문화예술의전당)(주관), (재)안산문화재단(안산문화예술의전당)(기획사)",,
"전주세계소리축제 개막공연, 상생과 회복 [전주]",복합,복합,"장일범, 박애리, 서선영, 김기훈, 문양숙, 김율희, 고영열 등","이소영, 박은혜, 박기남 등","(사)전주세계소리축제조직위원회(주최), (사)전주세계소리축제조직위원회(기획사)",,
"제14회 부산마루국제음악제, 프롬나드 콘서트IV, 지브리 WITH 샌드아트",복합,복합,"이병주, 임혁필, 박가경, 정회인 등",,"부산광역시(주최), 부산마루국제음악제 조직위원회(주관), 더존클래식(주최), 더존클래식(주관), 더존클래식(기획사)",,
물질 [광주],복합,다원/융복합,,,"광주예술의전당 (구. 광주문화예술회관)(주관), (재)예술경영지원센터(주최)",,
"서리풀악동문화공연, 매직컬 피터팬",복합,복합,,,서초구청(주최),,
"전원경의 아트살롱, 그림콘서트: 고독한 뉴요커",복합,복합,"조은형, 박상혁 등",,"(재)당진문화재단(주최), (재)당진문화재단(주관)",,
제113회 강릉시립합창단 정기연주회,복합,복합,"민인기, 최정원, 최은선, 송현주, 박수용 등",,"강릉아트센터(주최), 강릉시립합창단(주관)",,
호수 위 우주 [충주],복합,복합,"강다영, 김은진, 김하현, 민근혜, 배민우, 신이안, 심솔 등","곽창석, 노정식, 김태희 등","(재)예술경영지원센터(주최), 예술불꽃화랑(주관)",,
"이재무 & 이준행, 즐거운 소란",복합,다원/융복합,,,인 메이트(주관),,
형형색색 3인 3색 콘서트 [창원],복합,복합,"유도온, 권인하, 이응광",,"(재)창원문화재단(주최), (재)창원문화재단(기획사), 진해문화센터(주관)",,
시네마 음악회 [부산],복합,복합,"서희태, 정혜욱, 정주연, 김태우 등",,"(재)영화의전당(주최), KNN(주관)",,
을숙도문화회관 재개관기념 공연,복합,복합,"정동하, 홍희철, 최성근, 윤여경, 이주호, 김민영, 김민채 등",,"을숙도문화회관(주최), 을숙도문화회관(주관)",,
"제22회 전주세계소리축제, re:Orient [전주]",복합,복합,"키야 타바시안, 정상희, 디뎀 바사르, 오병옥, 패트릭 그레함, 하민 호나리, 이상화 등",,"(사)전주세계소리축제조직위원회(주최), (사)전주세계소리축제조직위원회(기획사)",,
"서구愛마토콘서트, 서풍: 이찬원, 정미애, 민요 김단희, 영남국악관현악단",복합,복합,"이찬원, 정미애, 김단희 등",,"한국문화예술회관연합회(KoCACA)(주최), 영남국악관현악단(주관), 대구광역시 서구문화회관(주관), 대구광역시 서구문화회관(주최)",,
브런치콘서트 피아니스트 김용진과 함께하는 이달의 공연: 국악이 흐르는 클래식 (9월),복합,복합,"김용진, 김진택, 이준목, 김지현, 서예지",,"(재)구로문화재단(주최), (재)구로문화재단(주관), MEG컴퍼니(엠이지컴퍼니)(주관)",,
"삼국유사교육문화회관 가을밤 콘서트, 모던민요: 송소희 & 두번째달 & 오단해",복합,복합,,,"군위군 시설관리사업소(주최), 군위군 시설관리사업소(주관)",,
광주상설공연 (10월),복합,복합,,,"광주예술의전당 (구. 광주문화예술회관)(주최), 광주예술의전당 (구. 광주문화예술회관)(주관), 광주광역시(주최)",,
"브라소닛 빅밴드와 앰비규어스댄스컴퍼니, Body ＆ Voice [안동]",복합,복합,"에릭 미야시로, 정수라 등",,"한국문화예술회관연합회(KoCACA)(주최), 안동문화예술의전당 (평생학습원)(주관), 브라소닛(주관), 앰비규어스댄스컴퍼니(주관)",,
"김남중의 쪽마루음악회, 낮별에서 밤별로: I.일월성신, 해와 달의기도",복합,다원/융복합,"김남중, 노은아, 서수복, 신주현, 김정근, 김선두","김남중, 김정근 등",,,
제14회 안산 성황 예술제,복합,복합,,,"민속문화인협회(주최), 민속문화인협회(기획사), 안산시청(주최), 민속문화인협회(주관), 안산문화원(주관)",,
"제12회 당진시민의 날, 기념식",복합,복합,안소미 등,,당진시(주최),,
제55회 군산 진포예술제 개막식,복합,복합,장민호 등,,"(사)군산예총(주최), (사)군산예총(주관)",,
"신라, 천년의 비상 [경주]",복합,복합,"김돈, 이해원, 박유리, 조아라, 정해윤, 김승철, 강현수 등","이건륜, 정가람, 김한길 등","경주시(주최), 울산광역시청(주최), 포항시청(주최), 경주시립예술단(주관), 울산시립예술단(주관), 포항시립예술단(주관)",,
설화와 국악심포니 만나다,복합,다원/융복합,"채길룡, 서진실, 장명서, 박진아, 민은선, 박미애, 윤남 등","이창현, 김혜성, 이태일 등","(재)군포문화재단(군포문화예술회관)(주최), (재)군포문화재단(군포문화예술회관)(주관)",,
발레 메카닉 [LG아트센터],복합,복합,,,"LG아트센터(주관), (주)팀프앙상블(TIMF 앙상블)(주관), (재)예술경영지원센터(주최)",,
"너드커넥션 단독 공연, 설명하기 어려운 것들",복합,다원/융복합,,,"유어썸머(주최), (주)하쿠나마타타(주최), (주)하쿠나마타타(주관)",,
호수 위 우주 [세종],복합,복합,"강다연, 김은진, 김하현, 민근혜, 배민우, 신이안, 심솔 등","곽창석, 김준환, 노정식 등","(재)예술경영지원센터(주최), 예술불꽃화랑(주관)",,
B612 [인천],복합,다원/융복합,"이혜민, 이석호, 박병호, 한선영, 송민주, 김정우","김영배, 장윤희, 강경호 등","한국문화예술회관연합회(KoCACA)(주최), (재)인천광역시 부평구문화재단(부평아트센터)(주최), (재)인천광역시 부평구문화재단(부평아트센터)(주관), (재)인천광역시 부평구문화재단(부평아트센터)(기획사)",,
제17회 당진예술제,복합,복합,"김차돌, 한미나 등",,"(사)한국예술문화단체총연합회(주최), (사)한국예술문화단체총연합회(주관), (사)한국연예예술인총연합회 당진지부(주최), (사)한국연예예술인총연합회 당진지부(주관)",,
환상노정기,복합,다원/융복합,,,"한국문화예술회관연합회(KoCACA)(주최), (재)밀양문화재단(주관), 창작국악그룹 그림(the林)(주관)",,
"제23회 SPAF, 플레시",복합,다원/융복합,"타케우치 아즈사, 셀린느 데바이저","프랑크 비그루, 커트 데셀러, 미리암 구르핑크 등","서울국제공연예술제(SPAF)(주최), 서울국제공연예술제(SPAF)(주관), (재)예술경영지원센터(주최), (재)예술경영지원센터(기획사)",,
그림 속으로 들어간 소녀,복합,복합,"선우정아, 한예리, 천성대, 마예지, 이경구, 고명진, 김하영 등","윤주희, 임오정, 허범수 등",,,
재즈 온 메이플스토리 [고양],복합,복합,김유원 등,,"(주)넥슨코리아(주최), (주)스톰프뮤직(주최), (주)스톰프뮤직(주관)",,
홍지민과 함께하는 판타스틱쇼 시즌2 [함양],복합,복합,"홍지민, 유원석, 아리현, 임세준, 이선호 등",,"한국문화예술회관연합회(KoCACA)(주최), 함양군문화예술회관(주관)",,
SBS 뽕사활동과 함께하는 희망나눔 열린음악회 [대구],복합,복합,"안치현, 양채원, 강재수, 고정우, 김성리, 양지원, 이하준 등",,"희망나눔(주최), 희망나눔(주관)",,
"창원문화재단과 함께하는 해군음악회, 항해 [창원]",복합,복합,"김혜민, 이현욱, 조형준, 조원철, 윤소미, 송성민, 강신현 등",,"(재)창원문화재단(주최), 진해문화센터(주관)",,
가을 콘서트 [광양],복합,복합,"최성수, 최진희, 조하도, 진소리, 조형빈, 서하은",,광양시청(주최),,
"신라, 천년의 비상 [울산]",복합,복합,"김돈, 이해원, 박유리, 조아라, 정해윤, 김승철, 강현수 등","이건륜, 정가람, 김한길 등","울산광역시청(주최), 경주시(주최), 포항시청(주최), 울산시립예술단(주관), 경주시립예술단(주관), 포항시립예술단(주관)",,
"제11회 자문밖문화축제, 오프닝공연",복합,복합,"김초롱, 김도현, 류현석, 이지영 등",,,,
예술로 fantastic collaboration!,복합,복합,"신유경, 이숙현, 황찰리, 박승헌, 이다은",,"공연예술기획 에이치아츠(H-Arts)(주최), 대구문화예술진흥원(주최), 예술로(주최), 공연예술기획 에이치아츠(H-Arts)(주관), 대구문화예술진흥원(주관), 예술로(주관)",,
디스이즈잇 [제주],복합,복합,,,"한국문화예술회관연합회(KoCACA)(주최), 제주아트센터(주관), 동감컴퍼니(주관)",,
황금 물고기 [화성],복합,다원/융복합,송인현 등,"송인현, 최형오, 김지웅 등",(주)극단민들레(주최),,
안티고네 [대전],복합,다원/융복합,,"오토 부르사티, 최성옥",대전예술의전당(주최),,
"그림이 오감을 만났을 때, 감각주의 Ep.2: 르누아르를 느끼다 [대구]",복합,복합,"정우철, 민시후, 노인호",,"대구학생문화센터(주최), 향기의 미술관(주관)",,
Jazz & 국악 With 웅산,복합,복합,"임상규, 모선미, 김보성, 천성대",,"한국문화예술회관연합회(KoCACA)(주최), 논산문화관광재단(주관)",,
"미술관 옆 오페라하우스 Ⅲ, 오페라 라 트라비아타",복합,다원/융복합,"이주헌, 손지현 등",,"(재)부산문화회관(주최), (재)부산문화회관(주관)",,
"제23회 SPAF, 구조와 의식",복합,복합,"강요찬, 황석민, 정은영, 성혜경, 양지수, 정지욱 등","이창준, 정승재, 김재억 등","서울국제공연예술제(SPAF)(주최), 서울국제공연예술제(SPAF)(주관), (재)예술경영지원센터(주최), (재)예술경영지원센터(기획사)",,
비비런: 출발! 타이탄 지구 탐사대,복합,다원/융복합,,"손상원, 이선경, 임진관 등","국립아시아문화전당(주최), 국립아시아문화전당재단(주관), (재)종로문화재단(주최), (재)종로문화재단(주관), (재)종로문화재단(기획사)",경민선,
햄릿: 소리의심리학,복합,복합,"남명지, 이진희, 이희성, 허윤, 오현진, 김지현, 최윤석 등","박성민, 이지희, 이진희 등","하랑씨어터(기획사), 하랑씨어터(제작사)",,
홍지민과 함께하는 판타스틱쇼 시즌2 [고령],복합,복합,"홍지민, 유원석, 이가연, 임세준, 이선호 등",,"한국문화예술회관연합회(KoCACA)(주최), 고령군청(주최), 대가야문화누리(주관), 어쿠스틱 앙상블 재비(주관), 고령군청(기획사)",,
"방방곡곡 문화공감, 누모리쇼",복합,복합,"이아진, 이안나, 구민지, 윤세연, 정준석, 문상준, 신동철 등",,"한국문화예술회관연합회(KoCACA)(주최), 이천문화재단(주관)",,
月간 경지: 두개의 Moon,복합,복합,"신도현, 강희경, 이재득, 오현, 양준혁, 최영진, 허이나 등",,"계양문화회관(인천광역시 계양구청)(주최), 계양문화회관(인천광역시 계양구청)(주관), 밴드 경지(주최), 밴드 경지(주관)",,
제29회 구미음악제,복합,복합,"권동출, 신민섭, 김지인, 김정화, 강명화, 이정애, 현동헌 등",,"(사)한국음악협회 구미지부(주최), (사)한국음악협회 구미지부(주관)",,
가을밤의 음악회,복합,복합,"정호윤, 이응광, 이상은, 변진섭, 이해리, 강민경, 이영현 등",,"강북구청(주최), 강북구청(기획사)",,
"제63주년 2.28민주운동 헌정공연, 굳센 강물처럼",복합,복합,이윤경 등,,"2.28민주운동기념사업회(주최), 2.28민주운동기념사업회(주관)",,
"제26회 광주소극장축제 공식참여작, 암향환향",복합,복합,"최미령, 류은경, 이지오","이민영, 이지오","광주소극장협회(주최), 광주소극장협회(기획사)",,
"프리즘홀 10주년 기념공연, 다브다 X 제이통: A.D.10",복합,복합,"이승현, 김지애, 이요셉, 노거현, 이정훈",,"프리즘홀(주관), 프리즘홀(주최), 까미뮤직(주최)",,
자유를 향한 소리 [부천],복합,복합,"김보람, 한진희, 주미란, 정진아, 오태형, 정순호, 손세종","김보람, 윤상원, 최민욱 등","한패(주최), 한패(주관), 한패(기획사)",,
속 시원한 음악회,복합,복합,"정준영, 이원용, 조찬욱, 강종영, 김종우, 황현석, 조예희 등",,"한국문화예술회관연합회(KoCACA)(주최), 한우리오페라단(주최), 한우리오페라단(주관), 충주시문화회관(주관)",,
미술관 옆 공연장: 그림에 음악과 향기를 더하다,복합,다원/융복합,"정우철, 노인호, 민시후",,(재)세종문화회관(주최),,
박 벌어진다 [연천],복합,다원/융복합,"김가을, 김민주, 정연주, 이다은, 이태민, 이승훈, 김승우",,"연천군시설관리공단(주최), 연천수레울아트홀(주관), 다원예술그룹 예화(주관)",,
"해금병창, 사철에 꽃길로 님을 모십니다",복합,복합,"금모래, 윤성희, 김현동, 안원석, 원익준",,"금모래컴퍼니(주최), 금모래컴퍼니(주관)",,
"김남중의 쪽마루음악회, 낮별에서 밤별로: II.풍청월랑, 맑은 바람 달에 스치우고",복합,다원/융복합,"김남중, 김하영, 정욱, 황지희, 김정근",김남중 등,,,
비오케이 문화산책 (10월),복합,복합,"김미경, 정호석, 박유나, 전예린, 이진, 장한별, 성시연 등",,"비오케이 아트센터 (BOK아트센터)(주최), (주)비오케이아트(주관)",,
Mr 오페라 Miss 뮤지컬 [경주],복합,복합,"강병길, 박정환, 김성진, 이민정, 박보윤, 권별, 박희애 등",,"경상북도(주최), 더 쉼(주관)",,
제10회 이데일리 문화대상 시상식,복합,복합,"정준호, 신현준, 김호중, 박성화, 김홍중, 정윤호, 강여상 등",,"(주)이데일리(주최), 곽재선문화재단(주관), (주)이데일리(기획사)",,
광주상설공연 (11월),복합,복합,,,"광주광역시(주최), 광주예술의전당 (구. 광주문화예술회관)(주관)",,
피노키오와 푸른고래 [인천],복합,다원/융복합,,,,,
"어텀바로크, 비바헨델: 아르카디아의 사랑 시즌2",복합,복합,"장혜지, 정시만, 김태일, 김세미, 길정석 등","김태형, 김나연, 김재연 등","(주)메이지프로덕션(주최), 스프링 바로크(주최), (주)메이지프로덕션(주관), 스프링 바로크(주관)",,
화합콘서트 동행 [전남 영광],복합,복합,"김재희, 강직, 박선경, 이남현, 강세웅, 이미경",,"전라남도(주최), 영광군청(주관), 영광예술의전당 (영광군문화교육사업소)(주최), 영광예술의전당 (영광군문화교육사업소)(기획사)",,
"최부미 Jazz Odyssey, 가려진 여정 [인천]",복합,복합,"최부미, 김선빈, 김봉관, 정미영, 김가연, 김정민, 김재진 등","최부미, 정미영, 정태진 등","뮤직오디세이(주최), 뮤직오디세이(주관), 남동문화재단(주최), 남동문화재단(주관)",,
동물의 사육제와 피터와 늑대,복합,복합,,,,,
방과후 공연놀이터,복합,복합,,,"(재)노원문화재단(주최), (재)노원문화재단(주관)",,
"부산국악방송 개국12주년기념 공개음악회, 좋아海 사랑海",복합,복합,"박애리, 이승희, 강태훈, 김태준, 함동우, 김성은, 양혜원 등",,"(재)국악방송(주최), 국립부산국악원(주최)",,
"팀 퍼니스트 서커스 음악극: 체어,테이블,체어 [광주]",복합,복합,"김희명, 최대성, 김한상, 심재성",,"광주광역시 북구(주최), 광주북구문화센터(주관)",,
깽판: 우리가 살판 [양주],복합,복합,,,"한국문화예술회관연합회(KoCACA)(주최), 양주도시공사(주관)",,
콘텐츠 창의인재동반사업 쇼케이스: 데뷔를 대비하라,복합,복합,"배병휘, 최경훈, 유혜림, 안미혜, 나규미, 김범진, 허재무 등",,"(주)에이치제이컬쳐(HJ컬쳐)(주최), (주)에이치제이컬쳐(HJ컬쳐)(주관)",,
실감 체험 야행길 공연: 아도의 향기를 찾아서,복합,다원/융복합,,,(사)문화창작집단 공터다(주관),,
숨 S:UM,복합,복합,"김나니, 유태평양, 이성은 등",,(재)의정부문화재단 (의정부예술의전당)(주최),,
고양 학생 뮤지컬&연극&영화 축제,복합,복합,,,경기도고양교육지원청(주최),,
"제41회 제물포예술제: No Instruments, Only Voices.",복합,복합,,,"(사)한국예총 인천광역시연합회 인천예총(인천수봉문화회관)(주최), (사)한국예총 인천광역시연합회 인천예총(인천수봉문화회관)(주관)",,
"관현악시리즈Ⅱ, 관현악의 기원: 이머시브 1인 관람극 (11.23)",복합,복합,윤현진,"서현석, 천재현",국립극장(주최),,
"관현악시리즈Ⅱ, 관현악의 기원: 이머시브 1인 관람극 (11.24)",복합,복합,윤현진,"서현석, 천재현",국립극장(주최),,
제1회 청바지 가을 음악회: 청년이 바꾸는 지방,복합,복합,"고경남, 신창훈, 손율이, 이경금, 임예슬",,"경상북도경제진흥원(GEPA)(주최), 경상북도경제진흥원(GEPA)(주관)",,
울산에이팜,복합,복합,"김태혜, 박지현, 박상민, 서지오, 최고은 등",,"(재)울산문화재단(주관), 울산광역시청(주최)",,
폴링 인 트롯 with 신유 [용인],복합,복합,"김성훈, 방성호 등",,"(재)용인문화재단(주최), 웨스턴 심포니 오케스트라(주관)",,
"서구愛마토콘서트, 나팔바지: X세대 엄빠의 가요 톱텐",복합,복합,"최서아, 김건우, 박영현, 김민준, 김채린, 박지수, 류정인 등","최두혁, 백승동, 문진학 등","한국문화예술회관연합회(KoCACA)(주최), 대구광역시 서구문화회관(주최), 카이로스댄스컴퍼니(주관), 대구광역시 서구문화회관(주관), 대구광역시 서구문화회관(기획사)","손호석, 김성원",
샌드 팝페라: 금빛 모래의 향연 [용인],복합,다원/융복합,,,"경기아트센터(주최), 신아트엔터테인먼트(주관)",,
"삼국유사교육문화회관 기획공연, 진조크루X악단광칠: 리듬오브코리아 (11월)",복합,다원/융복합,"방초롱, 이유진, 최은비, 김현수, 이향희, 김동훈, 전현준 등",,"군위군 시설관리사업소(주최), 군위군 시설관리사업소(주관), 군위군 시설관리사업소(기획사)",,
제11회 성남시 통고구마 축제,복합,복합,최태성 등,,"성남시청소년재단(주최), 성남시고교총동문연합회(주최), 성남시청청소년재단 중원청소년수련관(주관)",,
"전원경의 아트살롱, 그림 콘서트: 상트페테르부르크의 겨울 바람",복합,다원/융복합,"배진우, 강유경, 이레",,"당진문예의전당(주최), 당진문예의전당(주관), (재)당진문화재단(), (재)당진문화재단()",,
세종메세나 콘서트,복합,복합,"김계영, 백자현, 박수경, 최유미, 김흥용 등",,"(재)세종시문화관광재단(주최), 세종시메세나협회(주최)",,
노인과 바다,복합,다원/융복합,"남경읍, 이황의, 노시홍, 이석우, 박준석, 황경태","장경민, 하형주, 이수영 등","창작공간 스튜디오 블루(주최), (주)컬쳐버스(제작사), (주)모피어스(제작사), 창작공간 스튜디오 블루(제작사)",어니스트 헤밍웨이,
주창회 정기연주회: 현대음악 그리고 사계예찬 [대전],복합,복합,"이경원, 김효영, 윤병준, 김병현, 정다현, 이윤진, 이유림 등",,"주창회 (주제가 있는 창작 음악회)(주최), 대전예술기획(주관)",,
양선용 프로젝트: 소리의 숲,복합,다원/융복합,"양선용, 신보경, 신여름, 조옥근, 방지원","양선용, 김민주, 정혜지 등",beCODE(주관),,
The House Of M,복합,복합,,,엠체홉스튜디오(주최),,
광주상설공연 (12월),복합,복합,,,"광주예술의전당 (구. 광주문화예술회관)(주최), 광주예술의전당 (구. 광주문화예술회관)(주관)",,
드림 희망 콘서트 [김제],복합,복합,"김재원, 경보비, 유세미, 김윤희 등",,"전라북도문화관광재단(주최), 김제시(김제시청)(주관), (사)드림필(주관)",,
"AAA, 한재석 X 송지윤",복합,복합,"한재석, 송지윤",,중력장(주최),,
"무장애 문화향유 활성화 지원사업, 이심전심 문화공감",복합,복합,"김지호, 양지인, 도희선, 원미연, 전경호, 황수민 등",,(재)인천서구문화재단(주최),,
"대한문화예술제전, 회.귀",복합,복합,"박종원, 오유진, 황규선, 박미영, 유인상, 최창덕, 윤혜성 등",,"(사)대한문화예술진흥협회(주최), (사)대한문화예술진흥협회(주관)",,
국악이 흐르는 클래식 [오산],복합,복합,"김진택, 김명기, 김지현, 서예지, 김용진",,"(재)오산문화재단(주최), (재)오산문화재단(주관), MEG CLASSIC(주관)",,
"남상일 & 리사의 뮤지컬, 국악을 만나다 [연천]",복합,복합,"남상일, 정희선",,"문화체육관광부(주최), 한국문화예술회관연합회(KoCACA)(주관), 연천군시설관리공단(주최), 연천수레울아트홀(주관)",,
"AAA, 김혜연 X 최여완: 완연",복합,복합,"김혜연, 최여완",,중력장(주최),,
경민대학교 공연예술과 졸업공연,복합,복합,"한동욱, 백철인, 서동환, 정윤호, 정호진, 강민서, 공현일 등","박상순, 최현주, 조인기 등",경민대학교(주최),,
"한국예술융합학회, Art; Versa 시리즈 V: 동. 서양 예술의 융합",복합,복합,"김경수, 하현조, 송진호, 박흥우, 금혜승, 최소영, 이주혜 등",,"한국예술융합학회(주최), 클라시코 예술기획 (CLASSICO)(주관)",,
크리스마스 칸타타 [부산],복합,복합,"신지혁, 우태직, 최혜미, 보리스 아발랸, 박은숙, 이수연 등",,"(사)그라시아스합창단(주최), (사)그라시아스합창단(주관)",,
"배익한 재즈오케스트라, 소리: 흥을 더하다",복합,복합,"최선배, 최용민, 김광복, 김규형, 김영길, 이은비, 정승기 등","배익한, 한요한, 권오준 등","배익한 재즈 오케스트라(주최), 배익한 재즈 오케스트라(주관), JH Music Factory(주관)",,
"DSAC 문화나눔 프로젝트, 아모르 콘서트: 크로스 오버",복합,복합,"서찬영, 이솔로몬, 김현수 등","허정무, 황새미","(재)달서문화재단 (웃는얼굴아트센터, 달서아트센터)(주최)",,
부안 송년 콘서트,복합,복합,"김성근, 임재현, 권미희, 이아진, 김산옥, 임재현, 김현정 등",,"부안군청(주최), 부안군청(주관)",,
"일이구프로덕션 하반기 전시공연, 1984",복합,다원/융복합,"박정호, 오성민","송영찬, 박린, 김묘진 등",일이구프로덕션 (129프로덕션)(제작사),조지 오웰,
"행복한 동행, 모두의 예술",복합,복합,"심영건, 이들림 등",,(재)부산문화회관(주최),,
"예술동호회 교류 축제, 우다다다 미니콘서트",복합,복합,,,"영덕군(주최), (재)영덕문화관광재단(주관)",,
프렉티스: 사운드 엔텔레키 [서울],복합,복합,황선정 등,,"Laaf (라프)(주최), PRECTXE(프렉티스)(주관)",,
"AAA, Mohani X 마롱: 들고 나는 소리",복합,복합,,,중력장(),,
IT중소기업을 위한 송년음악회,복합,복합,"조수미, 김현수, 박종성, 최영선 등",,전자신문(주최),,
"바리톤 정 경의 오페라마, 정신나간 작곡가와 키스하다",복합,복합,"정경, 이소정, 변서연, 황창련",,"(재)부천아트센터(주최), (재)부천아트센터(주관), (재)부천아트센터(기획사)",,
PIUM Project 크리스마스 스페셜 콘서트 [대전],복합,복합,"박기영, 류정필, 원지혜 등",,"공연기획피움(주최), 세종아트피움(주관)",,
송년콘서트 [광양],복합,복합,"정영옥, 이광일 등",,광양시청(주최),,
송년행복콘서트,복합,복합,"박동희, 이선경, 윤여민, 고동현, 김지효, 김혜은, 강혜진 등",,"울산광역시청(주최), 울산시립예술단(주관)",,
"모두예술극장 개관프로그램, 어둠 속에, 풍경",복합,다원/융복합,"김기영, 김시락, 김남령, 박규민, 배요섭, 황혜란 등",배요섭,"궁리소 묻다(주관), (재)한국장애인문화예술원(주관), 문화체육관광부(주최), (재)한국장애인문화예술원(주최)",,
가라지 콘서트,복합,복합,,,"크리에이티브아트(주최), 광주FM(주최)",,
김준수 X 두번째달 콘서트 [광주],복합,복합,김준수 등,,"광주예술의전당 (구. 광주문화예술회관)(주최), 광주예술의전당 (구. 광주문화예술회관)(주관)",,
유토피아: 항해 [경기 광주],복합,다원/융복합,"김동현, 김정열, 문진홍, 여인수, 김경민, 권순민, 김예진 등","이종민, 박종훈, 오지원 등","(재)광주시문화재단 [경기광주](주최), 구니스컴퍼니(더구니스 크루)(주관)",,
"함께하는 사랑밭 감사 콘서트, 담다 닮다",복합,복합,"김정근, 윤민수, 김연지, 정가현, 조엘라 등",,"(사)함께하는 사랑밭(주최), 주식회사 아츠(주관)",,
"시시각각(詩視覺刻): 프린지로 부터, 김세은의 시時와 노래 [경기]",복합,다원/융복합,"김세은, 박이슬, 김계희, 이아름, 윤대원, 임성언",김세은,"커넥터스(주최), 커넥터스(주관), 커넥터스(기획사)",김세은,
"송년음악회, 우리가 함께한 순간들",복합,복합,"유채훈, 이응광, 김정아, 안미정, 유문선, 남형주",,인천학생교육문화회관(주최),,
힐링음악회 [안산],복합,복합,,,(재)안산문화재단(안산문화예술의전당)(주최),,
12월의 사랑가 [수원],복합,복합,"박한석, 김민지, 김영민, 이희주, 남지민, 남기진 등",,"경기아트센터(주최), 경기아트센터(주관)",,
"아트클래스 시리즈 3, 미켈란젤로와 음악의 만남",복합,다원/융복합,"전원경, 최성근, 권아름, 배주연, 김나래, 차호철, 유지현 등",,"을숙도문화회관(주최), 을숙도문화회관(주관)",,
동백꽃 여인 (La Traviata) [충주],복합,복합,"김현주, 엄강욱, 박중상, 김미아, 한지연, 문혜준, 이덕자 등",신서윤 등,"씨에스타(주최), 씨에스타(주관)",주세페 베르디,
"예술창작활동지원사업 선정 프로젝트, Live, Electronics in Forest",복합,복합,"허동혁, 진시영, 안상욱, 정중엽, 안정아, 여성룡, 유호식","박기남, 박수예, 한아름 등",(재)서울문화재단(주최),,
"송년콘서트: 수고했어, 올해도! [함양]",복합,복합,"최정원, 이신예, 임수정, 한아름, 이상은 등",,"함양군(주최), 함양군문화예술회관(주관)",,
송년음악회 [논산],복합,복합,"김민석, 김현수, 정필립 등",,"논산시청(주최), 논산문화원(주관)",,
"제2회 시민과 함께하는 남양주 예술제, 함께 피어 아름다운 꽃 예술花",복합,복합,"함주명, 강소은, 김명숙, 이예서, 이보나, 한예라, 함승영 등",,"보누스뮤지컬컴퍼니(주최), 아우룸예술그룹(주관), 남양주민예총(주관)",,
MBC 뮤직페스티벌 송년음악회,복합,복합,"박창근, 김소현, 임철호, 양태중, 최웅조 등",,"금산군(주최), 금산다락원(주관)",,
뮤지컬배우 박해미와 함께하는 열린음악회 [부안],복합,복합,"박해미, 박강수 등",,"전라북도문화관광재단(주최), 클나무필하모닉오케스트라(주관)",,
"김천시립예술단 송년음악회, CHRISTMAS CONCERT",복합,복합,"김성진, 홍성혁, 홍주영, 백재은, 김효종, 사무엘윤, 김태형 등",,"김천시(김천시청)(주최), 김천시립예술단(주관)",,
루비뮤직 Ruby music Vin chaud Christmas,복합,복합,,,(주)루비뮤직(주최),,
예문학생예술단 정기연주회,복합,복합,,,부산학생예술문화회관(주최),,
송년음악회 [칠곡군],복합,복합,"여자경, 김소현, 조휘, 하석배, 김은주, 방성택, 곽보라 등",,"경상북도(주최), 칠곡군(주최), 경북도립교향악단(주관), 칠곡군교육문화회관(주관)",,
"AAA, 최지송 X 양희진: 소리와 시간의 연무",복합,복합,"최지송, 양희진",,중력장(주최),,
ACC 송년음악회,복합,복합,"심수봉, 윤석철, 송민규, 임현진, 이한결 등",,국립아시아문화전당(주최),,
해피 아트: 크리스마스 선물,복합,복합,,,제주아트센터(주최),,
"마야, MAYA",복합,다원/융복합,"김정윤, 정선민","전민경, 박은수, 배준현 등","더 그레잇 커미션(기획사), 더 그레잇 커미션(제작사)",,
"흔들리며 피는 꽃 22, 괭이갈매기와 땅채송화의 섬, 독도",복합,복합,"조성진, 이현순, 이순애, 김언중, 백혜진, 이진영, 김경민 등",,대구민예총(주최),,
"AAA, 더 클라이머스: 남겨진 소리와 어떤 희망",복합,복합,"이용석, 손정민",,중력장(주최),,
그림자극과 함께하는 호두까기 인형 [수원],복합,복합,"민대식, 배선옥, 서희경, 이정민, 전주희, 최진희",,"경기아트센터(주최), 경기아트센터(주관)",,
"청소년을 위한 예술소풍 Ⅲ, 영화음악 옴니버스 콘서트",복합,복합,,,,,
뮤지컬군과 오페라양의 사랑이야기 [수원],복합,복합,"정나리, 전병호, 김기선, 주선중, 구본진, 김대엽, 곽상훈 등","이영숙, 평미영","경기아트센터(주최), 크레센도 아트(주관), 경기아트센터(기획사)",,
"단오장단과 함께하는 피아노의 향연, 일곱 번째 이야기",복합,복합,"임세복, 김유철, 양은영, 최은영, 김지현, 박미정, 박근우 등","임지선, 박영란 등","강음회(강원피아노음악연구회)(주최), 강음회(강원피아노음악연구회)(주관)",,
"이장희 프로젝트, 비인집: Home & Home [대구]",복합,복합,"안지혜, 이람, 박세기, 박일룡, 오영지 등",,"다원예술그룹 ONENESS(주최), 다원예술그룹 ONENESS(주관)",,
INTERCONNECTIONS: 상호연결,복합,복합,"진 패트릭 찬, 송지윤, 마이클 파운즈, 한지수",,리퀴드사운드(LIQUIDSOUND)(주최),,
한 해를 마무리 짓는 매듭달 음악회 [군포],복합,복합,"박호성, 이희문, 이성은, 조원석, 양진수, 고호정 등",김혜성,"(재)군포문화재단(군포문화예술회관)(주최), 세종국악심포니오케스트라(세종국악관현악단)(주관)",,
"성동문화나눔 송년 공연, 송년콘서트: 수고했어, 올해도!",복합,복합,"송영민, 성해린, 구본수, 권은주, 지세희, 김현정",,"성동구청(주최), (재)성동문화재단(주최), (재)성동문화재단(주관)",,
수원시민과 함께하는 수원시립예술단 송년음악회,복합,복합,"전찬솔, 옥주현, 이동규, 김정현, 최희준 등",,"수원시청(주최), 수원시립예술단(주관)",,
노인과 바다,복합,다원/융복합,"남경읍, 이황의, 노시홍, 이석우, 박준석, 황경태","장경민, 하형주, 이수영 등","창작공간 스튜디오 블루(주최), (주)컬쳐버스(제작사), (주)모피어스(제작사), 창작공간 스튜디오 블루(제작사)",어니스트 헤밍웨이,
너 혹시 그런 생각 해본 적 있어?,복합,다원/융복합,"박진우, 김민지, 임홍빈, 손재혁, 김수연","백승우, 김한일, 김성연 등","극단 아테크(ARTECH)(주최), 극단 아테크(ARTECH)(주관)",,
WeSA Festival: Sound is the New Music,복합,복합,"나카야마 아키코, 사이먼 웨덤, 김시마, 에릭 레이노, 루카 파간, 윤지영, 다니엘 하스 등",,"피이그(FIG)(주관), (주)위사(주최)",,
"스물한번째 스윙-바이, Improvisations",복합,복합,"김도연, 김은영, 송준영, 권세준, 애론 듀튼, 유마 우에사카 등",,중력장(주최),,
모래의 마법사,복합,복합,,,GS엔터테인먼트(주최),,
"신년음악회: 문화의 비상, 국민과 함께",복합,복합,"이승원, 박혜상, 양준모, 사무엘 윤, 신창용, 이재용, 엄지인 등",,"문화체육관광부(주최), 예술의전당(주관), KBS(주관)",,
광주상설공연 (2월),복합,복합,,,"광주예술의전당 (구. 광주문화예술회관)(주최), 광주예술의전당 (구. 광주문화예술회관)(주관)",,
인어공주 [화성],복합,다원/융복합,,,마법의정원(주최),,
Invocation,복합,복합,"렌젠후에, 제이콥 데이비드 수돌, 이든 막스, 주정현",,게토얼라이브(GhettoAlive)(주최),,
"신은미, 유진규, 배일동이 떠나는 신유배 기행",복합,복합,"신은미, 유진규, 배일동 등",,"(사)극단 현장 [진주](주최), (사)극단 현장 [진주](주관)",강병인,
피아노선생님이 들려주는 국악이야기 [김해],복합,복합,"정지혜, 성지희, 김민정, 이소영, 김민희, 김하원, 이미윤 등","이외숙, 이원진, 권혜경","(재)김해문화재단(김해서부문화센터)(주최), (재)김해문화재단(김해서부문화센터)(주관), (재)김해문화재단(김해서부문화센터)(기획사), 김해 아트 소사이어티(주최)",,
그림자극으로 만나는 비발디의 사계,복합,복합,"배선옥, 서희경, 최명숙, 최진희, 엄정훈, 이은아","이정민, 나현정, 최진희 등","동래문화회관(주최), 극단 영(주관), 클래식라디오(주관)",트리나 폴리스,
봄의향연 [오산],복합,복합,"차지연, 이건명, 김성훈, 방성호 등",,"(재)오산문화재단(주최), (재)오산문화재단(주관)",,
In & Around C,복합,복합,"김규리, 이호석, 김예슬, 안정아, 추현탁, 안상준, 설호종 등","장병욱, 윤현종, 류혜정 등","한국문화예술위원회(주최), 무지카 엑스 마키나(Musica ex Machina)(주관)",,
"그림 읽어주는 베토벤, THE CONCERT: 플란다스의 개 [울산]",복합,복합,조숙현 등,임용순,"좋은사람들(주최), 좋은사람들(주관)",,
Just 바리X운정X은용,복합,복합,"김바리, 심은용, 심운정",,(AKA)운뎅(주최),,
화통콘서트 [거창],복합,다원/융복합,"하동민, 오경준, 소명진, 차은미, 김도희, 이준혁, 임채선 등",,"(재)거창문화재단(주최), (재)거창문화재단(주관)",,
광주상설공연 (3월),복합,복합,"강예솔, 고재영, 공유민, 곽지오, 김도영, 김소영, 김주현 등","박경숙, 조가영, 장영재 등","광주광역시(주최), 광주예술의전당 (구. 광주문화예술회관)(주관)",,
"이데일리TV 신춘 오페라마 콘서트, A New Beginning",복합,복합,"정경, 박미자, 이소정 등",,(주)이데일리(주최),,
"삼성생명, 삼성화재와 함께하는 오페라마 음악회: 한국 가곡의 봄",복합,복합,"정경, 남상일, 이소정 등",,"(주)삼성화재해상보험(주최), (주)삼성생명보험(주최)",,
"시네마 클래식, 꽃피는 봄이 오면",복합,복합,"서훈, 장하은, 윤성은, 홍대성 등",,"인천광역시(주최), 인천광역시 남동구청(주최), 인천문화예술회관(주관), 남동문화재단(주관)",,
Colorful Music Gala Concert,복합,복합,,,(재)성남문화재단(주최),,
3.1절 기념 한용운이 부르는 님의침묵 [광주],복합,복합,"김기원, 서기철, 변지영, 최용호, 정은선, 박종선, 서승현 등",,"광주필하모니오케스트라(주최), 아시아문화기획(주관)",,
라움 마티네 콘서트,복합,복합,"이창용, 김덕우, 백은교, 강찬욱, 장우리, 이신규, 박건우 등",,"소셜베뉴 라움(주최), 라움아트센터(소셜베뉴 라움)(주최)",,
3.1절 기념 한용운이 부르는 님의침묵 [대구],복합,복합,"김기원, 서기철, 변지영, 최용호, 정은선, 박종선, 서승현 등",,"광주필하모니오케스트라(주최), 아시아문화기획(주관)",,
"파동 입자 13: 김지효, Joss Turnbull",복합,복합,"조스 턴불, 김지효 등",,중력장(기획사),,
"서울신문 창간 120주년 기념, 봄날음악회",복합,복합,"최영선, 일리야 라쉬코프스키, 장사익, 송소희 등",,"(주)서울신문사(주최), (주)서울신문사(주관)",,
"ON:明 창단 연주회, ON:明: 20.5",복합,복합,,,,,
"프리뮤직 콘서트: 강태환, 김덕수, 최선배 등",복합,복합,"김덕수, 정혜빈, 강효지, 강태환, 최선배, 강은일, 허희정 등",,게토얼라이브(GhettoAlive)(주관),,
"국악 트롯 콘서트, 동락 [안동]",복합,복합,"김현호, 박애리, 김희재, 정미애 등",,경상북도(주최),,
"수성아트피아 렉처콘서트 시리즈, 정호승의 작업노트",복합,복합,정호승,,"(재)수성문화재단 수성아트피아(주최), (재)수성문화재단 수성아트피아(주관)",,
한일 교류음악회,복합,복합,"박세연, 이지언, 김정수, 조혜령, 서수복, 김태정, 김세윤 등",,국립국악원(주최),,
ACC 신비한 극장,복합,다원/융복합,유수경 등,"신현필, 강보람, 임충일 등","국립아시아문화전당(주최), 국립아시아문화전당(주관)",,
"국립남도국악원 토요상설, 국악이 좋다: 국악의 향연: 꽃 피는 봄날",복합,복합,"나영선, 허정승, 김주원, 박범훈, 장예은, 이임정, 임늘솔 등",,국립남도국악원(주최),,
"일본민주음악협회 교류공연, 한일교류 음악회",복합,복합,"나카이 토모야, 나가스 토모카, 하세가와 쇼잔, 방수미, 서은기, 장지연 등",,"국립민속국악원(주최), (재)민주음악협회(주최)",,
"모두뮤직페스타, Belonging Ⅳ: 해방 Emancipation",복합,복합,배희관 등,,"(재)한국장애인문화예술원(주최), (재)한국장애인문화예술원(주관)",,
빨간풍선,복합,복합,"강희수, 백연구, 김동재, 윤영철, 설동호 등",,남동문화재단(주최),,
"EHWAJANG 326 ARTSTREET BORN SS CONCERT, Stage concert",복합,복합,"장군, 임수현, 왕승원, 김미현, 임정우, 김서현, 김의혁 등","김강동명, 김동창, 장환석 등","우남네트워크(기획사), (재)우호문화재단(주최), (주)앤플럭서스(제작사), 컬처유랑단 흥(제작사)",,
열린 음악회 [정읍],복합,복합,"김태연, 이희정, 권민환, 오세주, 신지용, 김휘상, 유수영 등",,"정읍시(문화예술과)(주최), 정읍시(문화예술과)(주관), 정읍시(문화예술과)(기획사)",,
"제155회 두레콘서트, 시와 노래가 있는 나태주 시인 토크 콘서트",복합,복합,"나태주, 허태연, 서재화 등",손덕기,"두레치과(주최), 뭘이런걸닷컴(주최)",,
"국립남도국악원 토요상설, 국악이 좋다: 엿장수 허쟁강",복합,복합,"고석진, 김수영, 장영구","권호성, 최병규, 이술아",국립남도국악원(주최),,
"통영국제음악제, 리히터스 패턴스",복합,복합,"마르쿠스 슈미클러, 게르하르트 리히터 등",코리나 벨츠 등,"통영시청(주최), (재)통영국제음악재단(주관)",,
"판소리 오페라, 소월 [고양]",복합,복합,"서의철, 박종선, 김은미, 김중일, 김창영, 권아람, 김진수 등","홍아람, 김종섭, 홍석임 등","오뮤(주최), 오뮤(제작사)",,
국립정동극장 신년음악회,복합,복합,"양준모, 하윤주, 윤형주, 이성준, 윤세연 등",,"(재)국립정동극장(주최), (재)국립정동극장(주관)",,
그대 먼 데서 이기고 돌아온 사람아,복합,복합,"신현대, 오성일, 강푸름, 류미야, 강수연, 김태선",,"당진문화연대(주최), 당진문화연대(주관)",,
4.4 독립만세운동 기념음악회: 달의 춤,복합,복합,"이대우, 정보권 등","김희연, 탁계석, 우효원","당진시(주최), (재)당진문화재단(주최), 당진문예의전당(주관), 당진시충남합창단(주관)",,
"스물네번째 스윙-바이, 자유즉흥연주",복합,복합,"심운정, 이선재, 장리오",,중력장(주최),,
"국립남도국악원 토요상설, 국악이 좋다: 국악의 향연",복합,복합,,,국립남도국악원(주최),,
광주상설공연 (4월),복합,복합,"김자영, 최은서, 송의로, 홍서희, 김지유, 신예인, 유수민 등","권기원, 박경숙, 이준 등","광주예술의전당 (구. 광주문화예술회관)(주최), 광주예술의전당 (구. 광주문화예술회관)(주관)",,
케이킥 태권쇼,복합,복합,,,"(주)유니프렌즈(주최), (주)와이킥엔터테인먼트(Y-KICK)(주관)",,
섀도우 콘서트 & 벽화체험,복합,복합,,,알레스 아트(주최),,
"신춘콘서트, 국악과 트로트의 만남 [함양]",복합,복합,"박애리, 남상일 등",,"함양군청(주최), 함양군문화예술회관(주관), 경상남도 함양군문화시설사업소(함양군문화예술회관)(주관)",,
"강릉아트센터 기획공연, 스트라빈스키의 병사이야기",복합,복합,"안재민, 이광석, 박수연, 송수현, 한민수, 신예은, 김지연 등","심재상, 정민, 조정근 등","강릉아트센터(주최), 강릉아트센터(주관)",,
라임의 왕 김삿갓 [춘천],복합,복합,"김형식, 이상엽, 김한림, 장현규, 김한빈, 최수현, 추보경 등","최정오, 이종환, 곽지은 등","(사) 문화강대국(주최), (사) 문화강대국(주관)",,
"체어, 테이블, 체어 [김포]",복합,복합,,,"(재)김포문화재단(주최), (재)김포문화재단(주관), 팀 퍼니스트(제작사)",,
미야자키 하야오 영화음악 콘서트 with 샌드애니메이션 [대전],복합,복합,"이현수, 이한나, 조재형, 진강우, 서희 등",,"(주)더존테크윌(기획사), (주)더존테크윌(주최), (주)더존테크윌(주관)",미야자키 하야오,
"은평과 마주해, 봄 콘서트",복합,복합,"최예림, 김준수, 조병석, 남준봉, 송은혜 등",,"(재)은평문화재단(주최), (재)은평문화재단(주관)",,
서커스 클래식,복합,복합,,,상상발전소(),,
"3rd GPD FORUM 예술뉴런 뮤지카,  with 권은비, 프라우드먼",복합,복합,권은비 등,,"GPD FORUM 추진위원회(주최), 지피디 파운데이션(주관)",,
"장사익 & 충남교향악단, 봄맞이 소리愛 [예산]",복합,복합,"장사익, 정나라, 김보경, 최정원, 장호진 등",,"충청남도(주최), (재)충남문화관광재단(주관)",,
"트라이보울 예술아카데미: 자라는 예술, 소년기 (4.20)",복합,복합,"이세라, 임이삭 등",,예술공간 트라이보울(주최),,
동아시아문화도시 개막식 [김해],복합,복합,"금난새, 은가은, 백지영 등",,"문화체육관광부(주최), 경상남도(주최), 김해시청(주최), 문화체육관광부(주관), 경상남도(주관), 김해시청(주관)",,
피콜로이스트 김원미와 안디아모 국악퓨전콘서트: 그리고 그 사랑,복합,복합,"김원미, 최진석, 김범식, 고유동, 장혜진, 김현섭",,"(재) 대구광역시 동구문화재단(아양아트센터)(주최), 아양아트센터(주최), (재) 대구광역시 동구문화재단(아양아트센터)(주관), 아양아트센터(주관)",,
"스물여섯번째 스윙-바이, 자유즉흥연주",복합,복합,"제레미 로즈, 석다연, 황진아",,중력장(주최),,
"토크콘서트, 추억은 몽글몽글",복합,복합,"권지훈, 이예슬, 고승조, 구국희, 신이나, 김미정, 조용민",,"동래문화회관(주최), 센티멘탈로그(주관)",,
세종예술의전당 국립심포니오케스트라 신년음악회,복합,복합,"다비드라일란트, 유성녀, 이해원, 조병익, 심현희, 박종석, 김수인 등",,"(재) 세종시문화관광재단(세종문화예술회관)(주최), 세종특별자치시청(주최), (재)코리안심포니오케스트라(국립심포니오케스트라)(주관)",,
적로: 이슬의 노래,복합,복합,"이상화, 정윤형, 하윤주, 박영규, 여상근, 한림, 김준수 등","배삼식, 최우정, 정영두 등","국립국악원(주최), 업플레이스(주관)",,
"피카스 그림동화 음악회, 엄마 찾아 삼만리",복합,복합,"윤혜경, 황지수, 진성원, 이현수, 김정아, 신수정, 홍성민 등",,"피카스(PICAS)(주최), 이든예술기획(주)(주관)",,
광주상설공연 (5월),복합,복합,,,"광주광역시(주최), 광주예술의전당 (구. 광주문화예술회관)(주관)",,
"일루젼매지컬, 몽환록 [대전]",복합,복합,,,"대전시립연정국악원(주최), 대전시립연정국악원(주관)",,
효 콘서트 [청양],복합,복합,"조명섭, 박민주, 박연아 등",,"청양군청(주최), 청양군청(주관)",,
제56회 군산 진포예술제 개막식,복합,복합,"김수희, 소명호 등",,"(사)한국예총군산지회(군산예총)(주최), (사)한국예총군산지회(군산예총)(주관), (사)한국예총군산지회(군산예총)(기획사)",,
모래에 이야기 꽃을 피우다 [인천],복합,복합,,,"(사)한국예총 인천광역시연합회 인천예총(인천수봉문화회관)(주최), (사)한국예총 인천광역시연합회 인천예총(인천수봉문화회관)(주관)",,
"태권무 한빛 시즌3, 태권예술로 제주를 품다",복합,복합,,"김용재, 한승훈, 오수현 등","제주아트센터(주최), 한빛사회적협동조합(구.제주태권도사회적협동조합)(주관), (주)와이킥엔터테인먼트(Y-KICK)(주관)",,
The K콘서트: Like a Star,복합,복합,"장선영, 신미리, 이석훈 등",,The-K 한국교직원공제회(주최),,
제11회 바이올리니스트 김다미와 함께 하는 루체현악앙상블 정기연주회 [울산],복합,다원/융복합,"김다미, 이경호 등",송숭주,"루체현악앙상블(주최), 루체현악앙상블(주관), 루체예술단(루체현악앙상블)(주최), 루체예술단(루체현악앙상블)(주관)",,
에코백 [보성],복합,복합,,,"(재)예술경영지원센터(주최), 보성군청(주관), 보성군문화예술회관(주관), 그루잠 프로덕션(주최), 그루잠 프로덕션(주관), 그루잠 프로덕션(기획사)",,
오월 어머니의 노래 [제주],복합,복합,"오정해, 황유순, 서지명, 이영효, 허대식, 김태근, 오능희 등","김점중, 유형민, 양승환 등","서귀포예술의전당(주최), 서귀포예술의전당(주관), 국립아시아문화전당(주최)",,
"효 콘서트, 소리정감",복합,복합,"남상일, 최예림, 김재빈",,"(재)울주문화재단(주최), (재)울주문화재단(주관)",,
"안산시립예술단 기획연주회, 목요보노음악회",복합,복합,,,"안산시청(주최), 안산시립예술단(주관), (재)안산문화재단(안산문화예술의전당)(주최), (재)안산문화재단(안산문화예술의전당)(주관), (재)안산문화재단(안산문화예술의전당)(기획사)",,
"가정의 달 기념공연, 가정음악회 [천안]",복합,복합,"박창근, 신효범, 오유석, 윤승환, 황태경, 김서영 등",,(재)천안문화재단(천안예술전당)(주최),,
"가족과 함께하는 카툰 콘서트, 셜록홈즈 [당진]",복합,복합,"양왕열, 최유석, 고길영, 이기명, 황성범, 성철모, 김지수 등",,"(재)당진문화재단(주최), 당진문예의전당(주관)",,
Printemps: Via Trio,복합,복합,"정지현, 이주희, 남영주, 이주영, 삐에르 파, 네드 달링턴, 구다영",,"대구광역시 서구문화회관(주최), 비원뮤직홀(주최), 비원뮤직홀(주관), 비원뮤직홀(기획사)",,
FINEDAY FESTIVAL,복합,복합,"이준형, 안예은, 최형배 등",,"(주)에스에이커뮤니케이션(주최), (주)에스에이커뮤니케이션(주관)",,
"김주원의 사색여정 with 소리꾼 이자람, 동행",복합,복합,"김주원, 이자람, 이준형","김주원, 주선희, 김성훈 등","(재)광명문화재단(주최), (재)광명문화재단(주관)",,
몽환록: 꿈 같은 마술 이야기 [세종],복합,복합,"이경재, 김보성, 김민규, 정경철, 박상현, 임성은, 황유진","이경재, 이희찬, 송기조 등","이모션콘텐츠(주최), 이모션콘텐츠(주관)",,
"평균율 너머, 우주 1회차: 왕혜인 X 김용성",복합,복합,"왕혜인, 김용성",,소마뮤직랩(SomaMusicLab)(주최),,
커피콘서트 Ⅲ. 책 읽어주는 큐레이터: 리어왕,복합,복합,"조숙현, 이현우, 남근형, 한동윤, 김다솔, 김동환",,"인천광역시(주최), 인천광역시 동구(동구문화체육센터)(주최), 인천문화예술회관(주관), 인천광역시 동구(동구문화체육센터)(주관)",,
"제18회 당진시건강가정대축제, 우리가족 놀이터 건가월드",복합,복합,,,"당진시건강가정지원센터(주최), 당진시건강가정지원센터(주관)",,
오월 어머니의 노래 [광주],복합,복합,"오정해, 황유순, 서지명, 정찬영, 김옥희, 이향란, 임현서 등","김점중, 유형민, 양승환 등","국립아시아문화전당(주최), (유)광민(주관)",,
"제주빌레앙상블, 열린음악회",복합,복합,"장필순, 장진형, 정애선, 이채영, 김신규, 정성민 등",,"김정문화회관(주최), (사)제주빌레앙상블(주관)",,
"The Strangers Strange Songs, 이방인의 낯선 노래",복합,복합,"김서린, 이혜인",,"스튜디오 뮤랑(기획사), 스튜디오 뮤랑(주최)",,
5월 오픈마이크,복합,복합,박지혁 등,,중력장(주최),,
"해설이 있는 음악회, 가족 음악회 [온양]",복합,복합,"김종규, 김혜린 등",,"(재)울주문화재단(주최), (재)울주문화재단(주관)",,
할망에게 묻고 답하다 [제주 서귀포],복합,복합,"정신애, 최성연, 정민자, 강상훈, 문석범, 장유정, 김남희 등","김지혜, 이광호, 김원재 등","김정문화회관(주최), HOHO호호플러스아카데미(주관)",,
광주상설공연 (6월),복합,복합,,,"광주광역시(주최), 광주예술의전당 (구. 광주문화예술회관)(주관)",,
오월 어머니의 노래 [서울],복합,복합,"이명자, 박형순, 추혜성, 김길자, 박유덕, 임현서, 김정자 등","김점중, 유형민, 양승환 등","국립아시아문화전당재단(주최), (유)광민(주관)",,
미야자키 하야오 영화음악 콘서트 with 샌드애니메이션 [과천],복합,복합,"이현수, 이한나, 장연주, 임소영, 서희 등",,(재)과천문화재단(주최),,
청소년과 함께하는 김숙진의 이야기가 있는 콘서트 [고양],복합,복합,"김숙진, 한아름, 지준혁, 김장훈 등",,"(재)고양문화재단(주최), (재)고양문화재단(주관)",,
"평화통일 음악회, 탈북민 애환!! 음악으로 듣는다 [사천]",복합,복합,,,"민주평화통일자문회의 사천시협의회(주최), 민주평화통일자문회의 사천시협의회(주관)",,
"조희창의 굿모닝 콘서트, 아리랑 온 더 로드",복합,복합,"고수정, 조윤성, 파코 드 진, 캐시 시갈 가르시아",,"(재)거제시문화예술재단(주최), 아델라이데(주관)",,
비르투오소 인 클래식 [하남],복합,복합,"조현우, 정석준, 이부영, 김정태, 김진현, 이미정, 김재민 등","김주원, 김동곤","뷰티풀데이(주최), 뷰티풀데이(주관), 뷰티풀데이(기획사)",,
"강릉단오제, 추억의 단오 [강릉]",복합,복합,"권다림, 서은선, 윤덕완, 정미영, 안정민, 조수행, 이희경 등","김재현, 김태윤, 서승현 등","(사)아트컴퍼니 해랑(주최), (사)아트컴퍼니 해랑(주관)",,
"스물아홉번째 스윙-바이, 자유즉흥연주",복합,복합,"심은용, 이선재, 김도영, 조민기, 김선기, 심운정, 정원미",,중력장(주최),,
제10회 서울페스티발앙상블 정기연주회,복합,복합,"최정연, 김문길, 장세정, 전경미, 임진향, 정해욱, 김정수 등","김난희, 오경열, 나지영","서울페스티발앙상블(주최), 영음예술기획(주최), 영음예술기획(주관), 영음예술기획(기획사)",,
"모두예술극장 기획프로그램: 어둠 속에, 풍경",복합,다원/융복합,"구예은, 김기영, 김시락, 박규민, 신나라, 하지영, 황혜란 등","배요섭, 강정희, 정주혜 등",(재)한국장애인문화예술원(제작사),,
미술관 옆 공연장: 그림에 음악과 향기를 더하다,복합,다원/융복합,"정우철, 민시후, 노인호",,"(재)세종문화회관(주최), (재)세종문화회관(기획사)",,
지락발광 [고령],복합,다원/융복합,,,"고령군청(주최), 대가야문화누리(주관)",,
"내가 농섬보다 외롭다, 사유의 시간 (06.22)",복합,복합,정다움 등,,"문화를 만드는 곳 열터(주최), 경기문화재단(주최)",,
"ACC 어린이공연, 마법의 샘",복합,다원/융복합,"이혜진, 우혜인, 김채린, 장호중, 김민국","문진영, 정지현, 박은주 등","국립아시아문화전당재단(제작사), 기룬스토리(제작사)",,
홍지민과 함께하는 판타스틱 쇼 [성주],복합,복합,"홍지민, 오은영, 유원석, 이상은, 임세준 등",,성주군청(주최),,
브비브비 시즌2 [울산],복합,다원/융복합,,,울산광역시학생교육문화회관(주최),,
"대한민국 청년축제, 청춘뉴런",복합,복합,,,청춘뉴런 조직위원회(주최),,
"배익한 재즈 오케스트라, 재즈와 판소리의 만남: 재즈 x 판",복합,복합,"김동기, 김예중, 박종상, 이창민, 최민호, 원익준, 장재효 등","배익한, 권오준, 고은별 등","배익한 재즈 오케스트라(주최), 배익한 재즈 오케스트라(주관), 배익한 재즈 오케스트라(기획사), 제이에이치팩토리(주관)",,
"아이티 아이들 돕기 프로젝트, 헤이쥬드 콘서트 [고양]",복합,복합,"표인봉, 안진우, 이연홍, 이은혜, 조규민, 김진철, 이남현 등",,"방향인터내셔날(주최), 뭘이런걸닷컴(주관), (주) 아이비엔터테인먼트(주관), 극단 비지트(주관)",,
6월 오픈마이크,복합,복합,,,중력장(주최),,
"최영림의 음악으로 더불어창작프로젝트 Part 2, 놀자 [춘천]",복합,복합,"최영림, 최새롬, 김석진, 김주향, 윤천기, 김대원, 최수빈 등","이종섭, 이석규, 이양규 등","제로뮤직(주최), 제로뮤직(주관)",,
광주상설공연 (7월),복합,복합,"신은선, 이승민, 조재경, 이유진, 노희설, 소지원, 박해라 등","김민정, 김지훈, 박지윤 등","광주예술의전당 (구. 광주문화예술회관)(주최), 광주예술의전당 (구. 광주문화예술회관)(주관)",,
"H-issue vol.1, 아트필드: 청 with 오정해 [하남]",복합,복합,"오정해, 최윤서, 허성재, 강태화, 강현수, 고민주, 김구름 등","허성재, 김상교, 김지안 등","(재)하남문화재단(주최), 아트필드(주관)",,
"아트캠프, 패밀리 펀펀데이",복합,복합,함서율 등,,"대구광역시 서구문화회관(주최), 대구광역시 서구문화회관(주관), 대구광역시 서구문화회관(기획사)",,
"그림이 오감을 만났을때, 감각주의 Ep.1: 르누아르, 일상의 행복을 그리다 [대구]",복합,다원/융복합,"정우철, 민시후, 노인호",,"대덕문화전당(주최), 대덕문화전당(주관)",,
"국립남도국악원 토요상설, 국악이 좋다: 기획공연 명인전 Ⅰ",복합,복합,"전광진, 문가영, 이지원, 이주원, 정성엽, 한상욱, 한재석 등",,국립남도국악원(주최),,
미야자키 하야오 영화음악 콘서트 with 샌드애니메이션 [창원],복합,복합,"이현수, 이하나, 조재형, 진강우, 서희 등",,"(주)더존테크윌(주최), (주)더존테크윌(주관), 스튜디오 더존(주최), 스튜디오 더존(주관)",,
우리가 기억 속에 간직하고 있는 장소들,복합,복합,"이선희, 고지영, 박수지, 정하은, 김희영, 이해정, 박성봉 등",,앙상블 더 거문고(주관),,
"매드라인 x 날라리와 쟁이, 화합과 교류의 두드림 [대구]",복합,복합,,"조영진, 김혜지, 김유진","매드라인(주최), 매드라인(주관), 유진예술기획(주관)",,
"서른두번째 스윙-바이, 자유즉흥연주",복합,복합,"백다솜, 서정민, 김시율, 박용은, 자레드 레드몬드, 톰 자케스",,중력장(주최),,
"K-클래식 콘서트 3, 충남예술고등학교 [천안]",복합,복합,,"정태수, 김송주, 구자은 등",(재)천안문화재단(천안예술전당)(주최),,
"이선경 무용단 정기공연, 트윈스 [대구]",복합,다원/융복합,,이선경,"이선경무용단(주최), 이선경무용단(주관), 이선경무용단(기획사)",,
"로사오케스트라심포닉아트, 뮤직스펙트럼 오브 가야금오케스트라",복합,복합,"정미화, 박현영, 신현욱, 남상일, 오서은, 신석현 등",정미화 등,"대덕문화전당(주최), 로사오케스트라심포닉아트(주관)",,
"The Strangers Strange Songs, 이방인의 낯선 노래 BY 서린사랑",복합,복합,,,,,
별세계 [세종],복합,다원/융복합,,,"퓨전국악그룹 풍류(주최), 퓨전국악그룹 풍류(주관), (사)전통예술공연개발원 마로(주관)",,
벽을 뚫고 나온 꽃 [과천],복합,복합,"김진경, 장재화, 김장영, 이지완, 서지영, 박미경, 이채현 등","오은명, 유길상, 김성철 등","(재)예술경영지원센터(주최), 한뫼국악예술단(주관), (재)과천문화재단(주관)",,
"한글음악집현전 시리즈3, 마법글자 한글: 뮤직 & 매직밴드를 만나다! [경산]",복합,복합,"하지훈, 이재경, 김종민, 임호균, 김희윤, 전잠언, 김도엽 등",,"예술마을민아트홀(주최), 예술마을민아트홀(주관)",,
"기술입은 문화예술교육, 왓이프 씨어터: AI로 풀어보는 상상극장 쇼케이스",복합,다원/융복합,,,(재)춘천문화재단(주최),,
한여름밤 Ice Coffee 콘서트,복합,복합,"박완규, 홍희철, 윤선기, 이우정, 김수동, 김민동 등",,"을숙도문화회관(주최), 을숙도문화회관(주관)",,
"체어, 테이블, 체어 [서울]",복합,복합,"최대성, 심재성, 이원호, 김한상, 김희명",,"강동문화재단(강동아트센터)(주최), 팀 퍼니스트(제작사)",,
"브런치&리너 콘서트, 피아니스트 김용진과 함께하는 이달의 공연: 7월의 발레",복합,복합,"김정수, 송태진, 박찬영, 조형국, 조재현, 윤여훈, 박장근 등",,"(재)구로문화재단(주최), (재)구로문화재단(주관), (재)구로문화재단(기획사)",,
대구학생문화센터 합창단·합주단·국악단 연합 정기연주회,복합,복합,"홍성수, 이영섭, 백윤학, 김지후 등",,"대구학생문화센터(주최), 대구학생문화센터(주관)",,
Acculturation (문화접변) 求音 (구음),복합,복합,"조훈, 박세찬, 황혜영, 임정민",,(재)수림문화재단(김희수아트센터)(주최),,
"제34회 거창국제연극제, 광화문, 그 사내",복합,다원/융복합,"김주호, 김태성, 강흥진, 박시명, 이진주, 최진호, 장효진 등","김지훈, 문승렬, 이성진 등","(주)대유커뮤니케이션즈(제작사), (재)거창문화재단(주관), (재)거창문화재단(주최), KBS창원방송총국(주최)",,
"제34회 거창국제연극제, 굿바이 햄릿 (7/30)",복합,복합,"서지유, 김필, 손정욱, 하경화, 박신후, 조연진, 하진 등","장봉태, 국민성, 박철중 등","(재)거창문화재단(주최), KBS창원방송총국(주최), (재)거창문화재단(주관)",,
알레스아트 야간개장,복합,복합,,,알레스 아트(주최),,
더 호러쇼: 기묘한 마을의 비밀,복합,복합,,,"(사) 글로벌문화예술협회(주최), 플레이온아트컴퍼니(주최), (사) 글로벌문화예술협회(주관), 플레이온아트컴퍼니(주관)",,
광주상설공연 (8월),복합,복합,,,"광주예술의전당 (구. 광주문화예술회관)(주최), 광주예술의전당 (구. 광주문화예술회관)(주관)",,
ceiling service vol.2,복합,다원/융복합,,,퍼밋(PERMIT)(주최),,
A prelingual sense,복합,다원/융복합,"양현석, 정은서, 조아영, 조군영, 박정범, 조병주","김예지, 김은지, 황영준 등","인천광역시(주최), (재)인천문화재단(주최)",,
"제34회 거창국제연극제: 체어, 테이블, 체어 (08.05)",복합,복합,,,"팀 퍼니스트(제작사), (재)거창문화재단(주최), (재)거창문화재단(주관), KBS창원방송총국(주최)",,
여섯 개의 불가능 [수원],복합,다원/융복합,"김민영, 양민정, 이고운","김민영, 양민정, 강대운 등","(재) 수원문화재단(수원SK아트리움)(주최), (재) 수원문화재단(수원SK아트리움)(주관)",,
"토요 특별기획공연, 여름방학",복합,복합,서동희 등,,"서초구청(주최), 서초구청(주관)",,
재즈와 탱고 그리고 성악이 흐르는 Happy Summertime Concert,복합,복합,"김종호, 조한샘, 최문석, 고상지, 최문석, 윤종수, 임선혜 등",,송파문화재단(주관),,
"이랑 만남시리즈 Ⅹ 기념 특별공연, 매직앙상블: 세계의 명화 [김해]",복합,복합,"정우준, 김경은, 홍석제, 임나래, 박리란, 박지이, 이영은 등",,"김해시청(주최), 아트매니지먼트 이랑(앙상블이랑)(주관)",,
제7회 서초문화원 클래식판타지,복합,복합,"양재무, 구교현, 김대엽, 양진모, 김신혜, 이승묵, 양송미 등","박기현, 유혜상, 박진희 등","서초문화원(주최), 서초문화원(주관), 서초문화원(제작사)",,
"뮤지컬 아이스쇼, G-SHOW: THE LUNA",복합,다원/융복합,"안소현, 임은수, 김준식, 김보근, 권민수, 곽영철, 채지영 등","송동일, 진소현, 진영섭 등","(주)라이브아레나(주최), (주)라이브아레나(제작사)",,
타악 & DJ퍼포먼스: BEAT OF SCHOOL,복합,복합,"이순만, 박태영, 박종대, 이순하, 채우리, 정의철, 김동원","이여송, 백중현, 윤왕호 등","(재)예술경영지원센터(주최), (재)전주문화재단(주관), 전주한벽문화관(주관), (사)타악연희원 아퀴(주관)",,
"패밀리 아이스쇼, 피터팬 온 아이스 오리지널 내한공연",복합,다원/융복합,"조티 폴리조아키스, 에릭 레드포드, 한나 아브라제비치, 로렌 파르","주세페 아레나, 실비오 아마토","(주)월드쇼마켓(주최), (주)고엔터테인먼트(주관)",,
"제23회 전주세계소리축제, 소리썸머나잇 DAY1",복합,복합,채수현 등,,"(사)전주세계소리축제조직위원회(주최), (사)전주세계소리축제조직위원회(기획사)",,
"국악과 미디의 크로스오버 콘서트, 흡수 (吸收) [대구]",복합,다원/융복합,"김채은, 성용욱","최욱현, 황창식, 소윤성 등","(주)꿈꾸는씨어터(주최), 악티스트(기획사)",,
"제23회 전주세계소리축제, 소리썸머나잇 DAY2",복합,복합,강은일 등,,(사)전주세계소리축제조직위원회(주최),,
"제1251회 서초금요음악회, Summer Night",복합,복합,,,"서초구청(주최), 서초구청(주관)",,
온가족이 함께하는 유모차 콘서트 [대전],복합,복합,"이윤소, 하정화, 최혜승, 유병혜, 복병연, 이민아",,"킨더리베 앙상블(주최), 나무예술기획(주최), 킨더리베 앙상블(주관), 나무예술기획(주관)",,
키즈 마티네 콘서트 [김포],복합,복합,,,"(재)김포문화재단(주최), (재)김포문화재단(주관), (재)김포문화재단()",,
"김주원의 사색여정 with 소프라노 황수미, 선물",복합,복합,"김주원, 황수미",,"(재)광명문화재단(주최), (재)광명문화재단(주관)",,
"제896회 전남도립국악단 토요가무악희 시즌3, 그린국악",복합,복합,"정길만, 문남철 등",양신승,"전라남도(주최), (재)전라남도문화관광재단(도립국악단)(주관)",,
"손병호 & 최지연과 함께하는 여민락 콘서트, 지금 뛰다: NOW JUMP [세종] (8월)",복합,복합,"손병호, 최지연, 장경진, 조진학, 서동건, 김하은, 이보름 등",,"세종특별자치시청(주최), (재) 세종시문화관광재단(세종문화예술회관)(주최), (재) 세종시문화관광재단(세종문화예술회관)(주관), (재) 세종시문화관광재단(세종문화예술회관)(기획사)",,
전국 농어촌 청춘토크쇼: 황금들녘 [천안],복합,복합,"강혜연, 박민수, 전유성, 민경진, 정재훈, 한태웅, 최교덕 등",,"충청남도(주최), (재)천안문화재단(천안예술전당)(주관), 뉴스1 대전충남(주관)",,
"K-예술축제 아.우.름, 대전국악방송 개국 7년 기념 공개 음악회",복합,복합,양준모 등,,"대전시립연정국악원(주최), 대전국악방송(주최), (재)예술경영지원센터(주관)",,
"싱크넥스트24, 이스트허그X64ksana: 군문열림",복합,다원/융복합,"강권순, 원재연 등","고동욱, 양이삭, 이재은 등",(재)세종문화회관(기획사),,
"공연장상주단체 페스티벌: 한 여름의 축제, YOU [세종]",복합,복합,이경재 등,,"세종특별자치시청(주최), (재) 세종시문화관광재단(세종문화예술회관)(주최), 세종시교향악단(주관), 이모션콘텐츠(주관), 퓨전국악그룹 풍류(주관)",,
안드로메다 유랑기 [원주],복합,복합,"임승환, 김희범","조수정, 한상복, 조민성 등","곁(BEsideU) [강원](주최), 곁(BEsideU) [강원](주관)",,
Triangle X sal?n de luna 03: 비유클리드 기하학,복합,복합,"안주희, 신유진 등","송진석, 이채령, 신영수 등","바라봄(barabom)(제작사), 플라멩코 델 서울(제작사)",,
"국립정동극장 예술단, 모던정동",복합,복합,"조하늘, 김민선, 김유리, 윤제원, 박소현, 박지연, 전진홍 등","정성숙, 김가람, 신창열 등","(재)국립정동극장(제작사), (재)국립정동극장(기획사), (재)국립정동극장(주최), (재)국립정동극장(주관), 국립정동극장 예술단(제작사)",,
"수면콘서트, 베스트드림콘서트",복합,복합,"서진원, 이진아, 윤한, 원민지 등",,"(주)지큐브스페이스(베스트슬립)(주최), (주)노미놈(주관)",,
"익산 브랜드 공연, WEST & EAST: 서쪽남자 & 동쪽여자",복합,복합,"고경보, 최수진, 정호석, 윤라은, 이길재, 김주영, 이용환 등","김익주, 노기환, 최석열 등","익산시청(주최), 익산예술의전당(주관), 익산시립예술단(주관)",,
ACC 빅도어콘서트,복합,복합,"박한율, 박경모, 이삼수, 김기범, 김요한, 신지용, 진수영 등",,"국립아시아문화전당(주최), 국립아시아문화전당재단(주관)",,
서도와 은미: 만병통치樂 [화성],복합,복합,"안은미, 김혜경, 문용식, 김덕영, 조선재, 김소연, 이현서 등","장진영, 김지명, 장태순 등","화성시청(주최), (재)화성시문화재단(주최), (재)화성시문화재단(주관), (재)화성시문화재단(기획사)",,
8월의 오픈마이크,복합,복합,이진석 등,,중력장(주최),,
"구름, 나무, 연못",복합,복합,"신유진, 강종길, 이정화","김선경, 신유진, 강종길 등","라흰갤러리(La Heen Gallery)(주최), 소림씨(주관), 바라봄(barabom)(주관)",,
"제24회 대전국제음악제 DCMF, 앙상블 콘쿠오레: 쇤베르크의 밤 150 [대전]",복합,복합,"문현주, 종기용, 김효영, 조슬린 등","장주영, 김하은","대전국제음악제 추진위원회(기획사), 대전국제음악제 추진위원회(주최), 대전국제음악제 추진위원회(주관), KBS대전방송총국(주최), 대전예술의전당(주최)",,
서른다섯번째 스윙-바이: Time Machine,복합,복합,"로익 장드리, 김예지, 김선기, 노은실, 한재석 등",,중력장(주최),,
"싱크넥스트24: 광광, 굉굉",복합,복합,"성시영, 이일우, 황민왕, 김지현, 윤지현","성시영, 이일우, 윤제호 등","(재)세종문화회관(제작사), (재)세종문화회관(기획사), (재)세종문화회관(주최)",,
"지박컨템포러리시리즈 Vol.24, 음악전시: blur",복합,복합,"추다혜, 최휘선, 김미나, 김빛나, 박지영, 박용은, 임가희 등","박지영, 정승재, 김미정 등",지박컨템포러리(Ji Park Contemporary)(주최),,
광주상설공연 (9월),복합,복합,,,"광주광역시(주최), 광주예술의전당 (구. 광주문화예술회관)(주관)",,
제1회 여수 국제 웹 페스트,복합,복합,,,"여수시청(주최), 여수시청(주관)",,
판타스틱 [남해],복합,복합,"우진호, 심영국, 하유리, 류병훈, 이윤선",,"(재)예술경영지원센터(주최), 남해군청(주관), (주) 휴먼피트니스랩(주관)",,
에코백 [담양],복합,복합,"김선우, 김정민, 민현기 등",,"(재)예술경영지원센터(주최), 담양군문화재단(주관), 그루잠 프로덕션(주관)",,
춘향: 날개를 뜯긴 새 [평택],복합,복합,"조하늘, 전진홍, 이혁, 박지연, 박소현, 나래, 윤성준 등","노우성, 이규운, 이형주 등","(재)평택시문화재단(주최), (재)평택시문화재단(주관)",,
"싱크넥스트24, 우국원: ORIGINALLY",복합,다원/융복합,우국원 등,"우국원, 박재원, 곽동엽 등",(재)세종문화회관(주최),,
"서울 컬쳐 클럽 예술 축제, ...한 당신을 위하여 건배!",복합,복합,"김지완, 이정민, 김예린, 김태현, 박해원, 로터스 루트, 카일 제임스 아브라함 등",,창작집단 불확정성의 원리(제작사),,
[데이터 분리] 바흐 Ⅹ 무브먼트 (패키지) (앵콜),복합,복합,"김민지, 김희준, 이경준, 신숙경, 양채민, 이정란, 임재성 등",,더하우스콘서트(주최),,
"바흐 Ⅹ 무브먼트, 무반주 첼로 모음곡 (앵콜) (9.7)",복합,복합,"김민지, 김희준, 이경준, 신숙경, 양채민, 이정란, 임재성 등",,더하우스콘서트(주최),,
"종교평화음악회, 팔공산은 사명대사를 모십니다 [대구]",복합,복합,"임관현, 남상일, 황은진, 김지영 등",,콘서트하우스(주최),,
퍼커셔니즘 [충북],복합,복합,"유승표, 진성현, 공빛나, 김영은, 설현주, 염신혜, 김홍기 등","장제효, 조재범, 정환진 등","(재)예술경영지원센터(주최), 증평군청(주관), (주) 마에스트리(주관)",,
"피아노 파 드 되, Dancing with Pierrot",복합,복합,"김민진, 정은조, 이아미, 안우재, 박건희, 이강원, 이승민 등",,"(주)아트앤아티스트(주최), (주)아트앤아티스트(기획사)",,
"제47회 심훈상록문화제, 개막식",복합,복합,김희재 등,,"(사) 심훈상록문화제 집행위원회(주최), (사) 심훈상록문화제 집행위원회(주관)",,
"바흐 Ⅹ 무브먼트, 무반주 바이올린 소나타 & 파르티타 (09.08) (앵콜)",복합,복합,"박진수, 금배섭, 김동현, 임희영, 김응수, 진영훈, 이지혜 등",,더하우스콘서트(주최),,
"제47회 심훈상록문화제, 폐막식",복합,복합,이솔로몬 등,,"(사) 심훈상록문화제 집행위원회(주최), (사) 심훈상록문화제 집행위원회(주관)",,
"KOREAN DRUM Ⅲ: THE DRUM SHAMAN, 영혼의 맥박소리",복합,복합,"김병주, 김시원, 이강일, 현호근, 박진영, 홍나라, 김상철 등",,"(사)국수호디딤무용단(주최), (사)국수호디딤무용단(주관)",,
방과후 공연놀이터,복합,복합,,,"(재)노원문화재단(주최), (재)노원문화재단(주관), (재)노원문화재단(노원문화예술회관)(주관), (재)노원문화재단(노원문화예술회관)(주최)",,
반석산피크닉: 미야자키하야오 영화음악 콘서트 with 샌드아트 애니메이션 [화성],복합,복합,"김예은, 조재형, 김회진, 조세형, 오춘화, 서희 등",최영선,"화성시청(주최), (재)화성시문화재단(주최), (재)화성시문화재단(주관), (재)화성시문화재단(기획사)",,
윤지원 AUDIOVISUAL MUSIC CONCERT: sonic illusion,복합,다원/융복합,윤지원,,,,
왕은 즐긴다: 리골레토 [김포],복합,다원/융복합,"이재성, 이유진, 박민, 정지환, 오세진, 홍승범, 이채현 등","이현영, 이진혁, 이채현 등","김포시오페라단(주최), JS오페라단(제이에스오페라단)(주관), 경기아트컬쳐(주관)",,
매직컬 판타지 콘서트 [동해],복합,복합,"최현우, 최정원, 이지훈",,"동해시청(주최), 케이에스엔커뮤니케이션즈(주관)",,
WeSA UNDER: THE DOOR,복합,복합,"김민섭, 진인화, 최재혁, 이시안, 강성진, 우형준, 최준혁 등",,(주)위사(주최),,
"평균율 너머, 우주 5회차: 왕혜인 Ⅹ 선지우 (9.21)",복합,복합,"왕혜인, 선지우",,소마뮤직랩(SomaMusicLab)(주최),,
"풍금 & 박세욱 WITH 현앙상블 콘서트, 신이 내린 목소리: 클래식과의 만남",복합,복합,"김분금, 박세욱, 박정현, 심영섭, 이윤재",,"PF컴퍼니(피에프컴퍼니)(주최), PF컴퍼니(피에프컴퍼니)(주관)",,
"9월 토요콘서트, 앰비규어스댄스컴퍼니 x 추다혜차지스 [창원]",복합,복합,"추다혜, 이시문, 김재호, 김다빈 등",김보람,(재)창원문화재단(주최),,
첼로가야금 [양주],복합,복합,"김솔다니열, 윤다영",,"(재)예술경영지원센터(주최), 양주도시공사(주관)",,
"글자공상, Daydreaming of Letter [통영]",복합,복합,"최노아, 계수정, 정우진",,튜나레이블(주최),,
비르투오소 인 클래식 [부천],복합,복합,"조현우, 김주원, 정석준, 이부영, 김정태, 김진현, 이미정 등","김동곤, 김주원","뷰티풀데이(주최), 뷰티풀데이(주관)",,
"스즈메의 문단속, 날씨의 아이, 너의 이름은. 갈라 콘서트 (9월)",복합,복합,"이재환, 최수진, 임규형, 류지호, 김상훈 등",,"사운드얼라이언스 (Sound Alliance)(주최), (주) 에이오디(AOD)(주관), (주) 앤유클래식(NU CLASSIC)(주최)",,
서구! 서풍 콘서트 [대구],복합,복합,"신승태, 정서주, 김현호 등",,"대구광역시 서구문화회관(주최), 대구광역시 서구문화회관(주관)",,
"현대음악앙상블 위로, 빛의 음악",복합,다원/융복합,"윤제호, 이명근, 김유경, 박신혜, 황수빈, 이승연, 변정인 등",,"위로앙상블(wiroensemble)(주최), 위로앙상블(wiroensemble)(주관), 현대문화기획(주관)",,
"META MUSICA Ⅹ 파사지오 앙상블, 프론티어 스피릿",복합,다원/융복합,"강은경, 김신웅, 김희라, 정성엽, 최혜연, 양송희, 김희은 등",,"메타무지카 (META MUSICA)(주최), 파사지오 앙상블(주최), 현대문화기획(주관)",,
"광화문, 그 사내 [구리]",복합,다원/융복합,"김주호, 김성수, 김태성, 강홍진, 박시명, 이진주, 최진호 등",,"(재)구리문화재단(구리아트홀)(주최), (재)구리문화재단(구리아트홀)(주관)",,
에버하트 콘서트,복합,복합,,,성동구자원봉사센터(주최),,
공간 갤러리 콘서트,복합,다원/융복합,"김인휘, 김순영, 이소연, 민현기, 김용임 등",,"르엘오페라단((사)르엘)(주최), 르엘오페라단((사)르엘)(주관)",,
"제1252회 서초금요음악회, 헝가리 국립무용단 특별공연: 카르파티아인의 메아리",복합,복합,,,"서초구청(주최), 서초구청(주관)",,
"돈키호테, 엉뚱하면 어때? [남양주]",복합,복합,,,남양주시청(주최),,
반고흐 콘서트 [김천],복합,복합,"이동섭, 이영표 등",,"김천시립도서관(주최), 김천시립율곡도서관(주관)",,
풍류 [안성],복합,복합,"오단해, 김수유, 구교진, 이효주, 조재범, 최힘찬",,안성맞춤아트홀(안성시)(주최),,
호수 위 우주 [충주],복합,다원/융복합,,,"(주)예술불꽃화랑(주관), 충주시청(주최), (재)충주문화관광재단(주관)",,
"제29회 서곶문화예술제: 옛 시로 듣는다, 달달한 시",복합,복합,"최윤미, 김중혁, 금모래, 원익준","최윤미, 김민아, 이하림 등","인천광역시 서구청(주최), (재)인천서구문화재단(주관)",,
문학주간 2024,복합,복합,,,한국문화예술위원회(주최),,
"칠곡교육가족한마음, 樂 콘서트 [칠곡]",복합,복합,"구수민, 김명훈, 박승일, 최도원 등",,경상북도 칠곡교육지원청(주최),,
"ACT 페스티벌, 오디오비주얼 콘서트",복합,다원/융복합,"료지 이케다, 아키코 나카야마, 히로시 와타나베, 사피 봉 등",,국립아시아문화전당(주최),,
카이스트 x 대전예당 공연실험실: X-Space,복합,다원/융복합,,"남주한, 윤상호 등","대전예술의전당(주최), 한국과학기술원(주최)",,
"한국 중국 일본, 발악콘서트",복합,복합,"카타오카 리사, 예웨이양, 김계선, 윤혜인, 이선혜, 김명진, 김수연 등",이수인,"을숙도문화회관(주최), 부산국악오케스트라(주관)",,
모나드 서울: 변화하는 각,복합,복합,"배일동, 이승재, 정은혜",,중력장(주최),,
"청년시점, 청년예술콘서트 1부",복합,복합,"김서현, 강지혜 등","노소연, 신은진, 정주희","(재)안산문화재단(안산문화예술의전당)(주최), (재)안산문화재단(안산문화예술의전당)(주관)",,
AAA: 연결 2일차,복합,다원/융복합,"송지윤, 한지수, 이용석 등","이현화, 이동민","중력장(주최), 중력장(주관)",,
"늘휘무용단 가을신작, 변곡의 점",복합,다원/융복합,"배진일, 이은정, 여길랑, 최시원, 이예은, 남선희, 윤혜수 등","김민지, 김선혁, 이수현 등","김명숙 늘휘무용단(주최), 김명숙 늘휘무용단(주관)",,
클나무오케스트라 & 팝핀현준 & 박애리 열린음악회 [부안],복합,복합,"남현준, 박애리 등",,"(재)전라북도문화관광재단(주최), 부안군청(주관), 클나무필하모닉오케스트라(주관), (사)전북예술문화원(클나무필하모닉오케스트라)(주관)",,
체인지 오브 시즌 10: 여정 [성남],복합,다원/융복합,"박찬이, 고대완, 전다정, 김승희, 하민우, 안치현 등","황미숙, 박혜준, 박상록 등","퍼포먼스그룹153(주최), 퍼포먼스그룹153(주관)",,
부산국제공연예술마켓 (BPAM) (전일권),복합,복합,,,"부산광역시(주최), (재)부산문화재단(주관)",,
"제24회 SPAF, LOD 뮤직씨어터: 우먼, 포인트 제로",복합,다원/융복합,"디마 오르쇼, 카를라 나하디 바벨레고토, 김혜림, 밀로스 밀리보예비치, 라파엘라 단크사그뮬러, 차토리 시미즈, 파라즈 에슈기 사흐라이 등","라일라 솔리만, 카나코 아베, 스테이시 하디 등","(재)예술경영지원센터(주최), 서울국제공연예술제(SPAF)(주관)",나왈 엘 사다위,
"제18회 당진예술제, 개막식",복합,복합,,,"(사) 한국예술문화단체총연합회 당진지회(주최), (사)한국음악협회 당진시지부(주관)",,
"제27회 광주소극장축제, 빛과 모래가 들려주는 음연동화",복합,다원/융복합,"김종명, 안혜영, 안상길, 이용준, 김현배, 정서우","김종명, 이용준 등","(사)한국소극장협회 광주지회(주최), 샌드아트월드(제작사)",,
"김주원의 사색여정 with 무용가 김매자, 배정혜, 국수호 그리고 이정윤의 별",복합,복합,"김주원, 김매자, 배정혜, 국수호, 이정윤",,"(재)광명문화재단(주최), (재)광명문화재단(주관)",,
미드-필ㄷ-ㅓ: 접촉면에 한하여,복합,다원/융복합,"고권금, 임영, 허윤경","허윤경, 양지울, 문홍식 등",,,
광주상설공연 (10월),복합,복합,강경순 등,,"광주광역시(주최), 광주예술의전당 (구. 광주문화예술회관)(주관)",,
ceiling service vol.3: DOME,복합,다원/융복합,"이대화, 김도언, 박유석, 이정훈 등",,퍼밋(PERMIT)(주최),,
제28회 대한노인회 덕양구지회 노인의날 축하공연,복합,복합,,,,,
서울아트마켓 (PAMS) [달오름극장],복합,복합,,,"(재)예술경영지원센터(주최), (재)예술경영지원센터(주관), (재)국립극장진흥재단(주관)",,
서울아트마켓 (PAMS) [하늘극장],복합,복합,,,"(재)예술경영지원센터(주최), (재)국립극장진흥재단(주최), (재)예술경영지원센터(주관)",,
소리동화: 팥죽할멈과 호랑이 & 방귀쟁이 며느리 편,복합,복합,"최한별, 박도영, 박하은, 양민석 등",,"박동의밴드(주최), 타피스토리(주관), 영산아트홀(주관), 클래식에이치(Classic H)(주관)",,
엄마의 일기장 [부산],복합,복합,"김민선, 이성호, 권예림, 변도현, 박수민, 임나경, 이시화 등","장진웅, 진설라, 이근희 등","부산광역시(주최), (재)부산문화회관(주관), 동아대학교 스테리어스 (STARRYUS)(주관)",,
그림이 오감를 만났을때: 감각주의 [부산],복합,다원/융복합,"정우철, 민사후, 노인호",,부산학생예술문화회관(주최),,
"이천국제음악제, icmf 오프닝 콘서트: 동서양의 하모니",복합,복합,"원재연, 이나래, 이철희, 김보경, 라이아 바예스, 키아라 디 바리, 존 아이젠 등",,"이천시(주최), 이천문화재단(주최), 이천시(주관), 이천문화재단(주관)",,
여성: 삶의 노래 WOMEN: THE LIFE OF SONG,복합,복합,"강채원, 백세리, 석수빈, 조윤수, 박유진, 윤수영, 김용건 등","조남수, 김신애",라뮤즈(주최),,
"한하운의 삶과 시, 파랑새 [김포]",복합,다원/융복합,"백승광, 박아름, 윤여길, 김진옥, 김나연","이은랑, 박경희, 함주명 등","예술창작집단 소리하나(주최), 극단 새나(주관)",,
sonic BLOOM,복합,다원/융복합,"다니엘 하스, 데릭 제토, 제니아 블랙 등",,"(재)성동문화재단(주최), 피이그(FIG)(주관), WeSA(주관)",,
하이커 페스타,복합,복합,노홍철 등,,"한국관광공사(주최), 하이커그라운드(주관)",,
"크로스파티, 두번째달 Ⅹ 김무빈: 국악 Ⅹ 월드뮤직 [과천]",복합,복합,"김현보, 박진우, 최진경, 이영훈, 조윤정, 박종선, 김무빈","문종태, 안윤미, 홍지연 등",(재)과천문화재단(주최),,
"NPAF, Harmony of 4 Piano & Magic: 4대 피아노와 마술의 하모니 [인천]",복합,복합,,,"남동문화재단(주최), (사)문화예술라온(제작사)",,
삼국의 현: 달을 바라보는 세 개의 시선 [김해],복합,다원/융복합,,,"문화체육관광부(주최), 경상남도(주최), 김해시청(주최), 문화체육관광부(주관), 경상남도(주관), 김해시청(주관), (재) 김해문화관광재단(주관)",,
"TABLAO DE NUEVO, POR EL MAR [제주]",복합,복합,"강지영, 김은현, 이영자, 김지선, 황이현, 설호종, 나선희",,따예르 플라멩코(TALLER FLAMENCO)(주최),,
미술관 옆 공연장: 페인팅 더 뮤직,복합,다원/융복합,"고희안, 김찬용",,"(재)세종문화회관(주최), 세종예술아카데미(주관)",,
"제24회 SPAF, 김재훈컴퍼니: PNO",복합,다원/융복합,"김재훈, 나경민, 남상봉, 양현모, 전보람 등","김재훈, 배소현, 신예슬 등","서울국제공연예술제(SPAF)(주관), 김재훈컴퍼니(제작사), (재)예술경영지원센터(주최)",,
제1회 Physical Performance Festival 피지컬 퍼포먼스 페스티벌,복합,복합,"김승록, 이영례, 서민준, 전원재, 장창완, 최지훈, 최하연 등","김윤희, 고다희, 이준호 등","Physical Performance Festival 집행위원회(주최), Physical Performance Festival 집행위원회(주관)",,
"글자공상, 최노아X계수정 라이브 퍼포먼스",복합,복합,"최노아, 계수정","계수정, 최노아, 정수진 등","(재)한국장애인문화예술원(주최), (재)한국장애인문화예술원(주관)",,
고양 학생 뮤지컬&연극&영화 축제,복합,복합,,,경기도고양교육지원청(주최),,
3팀 3색 가을 콘서트 [울진],복합,복합,김태원 등,,"울진군청(주최), 울진군청(주관)",,
배리어프리 뮤직페스티벌,복합,복합,"정혜윤, 김지현, 정한나, 김상진, 김요한, 정미애, 전경호 등",,"지아트컴퍼니(Gartcompany)(주최), 배리어프리운동본부(주관)",,
제3회 공감플러스,복합,복합,,,,,
에드바르의 초상수업 [부산],복합,복합,"하현수, 서치환, 서진원, 윤지수, 전서영, 조예림, 김예원 등","독고훈, 정유진, 김아영 등","부산광역시(주최), (재)부산문화회관(주관), Grow4Music with An die Musik(주관)",,
"하슬라국제예술제, 고귀한 두 여신이여 (10.18)",복합,복합,"이명주, 문정재, 조재혁, 김주원, 김현웅",,"강릉아트센터(주최), (사) 하슬라국제예술제(주최), 강릉아트센터(주관), (사) 하슬라국제예술제(주관)",,
"제1254회 서초금요음악회, 음악정원",복합,복합,,,"서초구청(주최), 서초구청(주관)",,
"세대공감 어울림 북콘서트, 김상욱 with 궤도 [경산]",복합,복합,"김상욱, 김재혁 등",,"경상북도교육청정보센터(주최), 경상북도교육청정보센터(기획사)",,
찰리채플린 시네마 콘서트 [부산],복합,다원/융복합,,,"(재) 부산진문화재단(주최), (재) 부산진문화재단(주관)",,
"삼척문화예술회관 개관 30주년 기념, 삼척시민과 함께하는 어!울림 콘서트",복합,복합,"안두현, 다니엘 린데만, 조용진, 고훈정, 구교현, 양준모, 최진우, 김산옥",,"삼척시청(주최), 삼척시청(주관), 코코클래식(주관)",,
"상상하는 그림동화, 점 [춘천]",복합,다원/융복합,"정재원, 정지인, 신정아","신영우, 박성호, 조은영 등","여우컴퍼니(제작사), 여우컴퍼니(주최), 여우컴퍼니(주관)",박성호,
가을날의 음악산책 [홍성],복합,복합,"김만규, 이승용, 김현범, 박신유, 이윤석 등",,"홍성군청(주최), 홍성군공공시설관리소(주관)",,
내가 농섬보다 외롭다,복합,복합,정다움 등,,문화발전소 열터(주최),,
"트라이보울 예술아카데미: 잘 아는 예술, 노년기 (10.19)",복합,복합,"황보출, 이현송, 김동현, 김형균, 조아라 등",,예술공간 트라이보울(주관),,
난·잡·한 자기소개,복합,다원/융복합,"강우석, 김민준, 김수진, 김창배, 부용구, 여인찬, 오다준 등","김창배, 강우석, 김민준 등","발달장애청년허브사부작사회적협동조합(제작사), 발달장애청년허브사부작사회적협동조합(주최), 발달장애청년허브사부작사회적협동조합(주관)",,
"강동예술인페스티벌, 강동무용협회",복합,복합,"고은수, 박수빈, 김선희, 장윤정, 조서영, 한보하, 강다인 등","김정록, 김남용, 정석순 등","(사) 한국예총 강동구지회(주최), 강동구립예술단(주최), 강동예술인페스티벌조직위원회(주관)",,
"제24회 SPAF, 모니카 림 & 민디 멩 왕: 망자를 위한 오페라",복합,다원/융복합,"모니카 림, 민디 멩 왕","모니카 림, 민디 멩 왕, 오필리아 황 등","(재)예술경영지원센터(주최), 서울국제공연예술제(SPAF)(주관)",,
한밤의 유U;콘서트: 가을 밤 현의 풍류 (10월),복합,복합,"고보성, 배경완, 황미정, 김보은, 박혜선, 정자경, 김영준 등",,"(재)영화의전당(주최), (주)국제신문(주최), (재)영화의전당(주관), (주)국제신문(주관)",,
함께하는 순간 [공주],복합,복합,"이지원, 김유나, 김윤상, 김초하, 심영건, 이들림 등","장애령, 하라 히토시","(재) 공주문화관광재단(공주문예회관)(주최), (재) 공주문화관광재단(공주문예회관)(주관)",,
"XR 공연, 도채비 [제주]",복합,다원/융복합,"박준하, 황지연, 장문선, 서의철, 양호성, 오유정, 남성훈","송해인, 양호성, 허준혁 등","(주) 인스피어(주최), (주) 인스피어(주관)",,
베스트슬립 수면콘서트,복합,복합,"서진원, 권정열, 배진영, 전윤한, 허윤, 최호경, 김하은 등",,"(주)지큐브스페이스(베스트슬립)(주최), 이노베이 주식회사(주관)",,
무브먼트 코리아 [논산],복합,다원/융복합,"남현준, 박애리 등",,"(재)예술경영지원센터(주최), 논산문화관광재단(주관), 광개토사물놀이예술단(주관)",,
제11회 이데일리 문화대상,복합,복합,,,"(주)이데일리(주최), 곽재선문화재단(주관)",,
첼로가야금 2.0 콘서트 [울산],복합,복합,"김솔다니엘, 윤다영",,"(재)예술경영지원센터(주최), (재)울주문화재단(주관)",,
도란도란 이야기보따리 [성남],복합,다원/융복합,,,"한국국학진흥원 아름다운 이야기할머니(주관), 문화체육관광부(주최)",,
"김수인, 이승민 극락 콘서트 [평택]",복합,복합,"김수인, 이승민",,"(재)평택시문화재단(주최), (재)평택시문화재단(주관)",,
"제20회 부산국제합창제, 대상경연 및 시상식",복합,복합,,,"부산광역시(주최), (사)한국합창조직위원회(주관)",,
"제주해녀 이야기: 섬, 숨, 삶 [제주]",복합,복합,민혜진 등,"고춘식, 김정연","제주아트센터(주최), 프로덕션 和(주관)",,
토크콘서트: Talk into the groove [원주],복합,복합,,,"(재)원주문화재단(주최), 원주시 창의문화도시지원센터(기획사)",,
VATERFLY HALLOWEEN COSTUME PARTY,복합,복합,,,"(주) 엔타시아(주최), 크로마 클럽(주관)",,
제2회 이앤아이앙상블 콘서트: 날것. 놀러. OLE! 감정에 자유를 주자 [용인],복합,복합,"박진희, 김도윤, 김혜영, 이유나, 이혜정, 이진경, 설호종",,"이앤아이앙상블 (E&I ensemble)(주최), 이앤아이앙상블 (E&I ensemble)(주관)",,
"강동예술인페스티벌, 강동국제장애인문화교류협회",복합,복합,,,"(사) 한국예총 강동구지회(주최), 강동구립예술단(주최), 강동예술인페스티벌조직위원회(주관)",,
춘향탈출 [광주],복합,복합,"박태영, 문다솜, 신솔찬, 권유현, 안혜지, 안유진, 김태산 등","박태영, 박은비, 문다솜 등","광주광역시(주최), 바오무용단(주관)",,
장사익과 함께하는 이브닝 콘서트: 만추 [용인],복합,복합,"장사익, 조연우, 문채원, 방성호 등",,"(재)용인문화재단(주최), 한국예술문화단체총연합회 용인지회(주관)",,
Nuvelletoile: En Espana [부평],복합,복합,"민샛별, 강한별, 이영자, 김동욱","민샛별, 강경호, 조성현 등",,,
제12회 단원구여성합창단 정기연주회,복합,복합,,,안산시 단원구청(주최),,
어울림문화학교 수강생 발표회 [고양],복합,복합,,,(재)고양문화재단(주최),,
한양대학교 무용학과 60주년 창작 춤 페스티벌,복합,복합,"이지우, 오아름, 이규빈, 이서진, 구민정, 우이나, 이현석 등","손관중, 문영철, 서연수","한양대학교 무용학과(주최), 한양대학교 예술, 체육대학(주최), 한양대학교 무용학과(주관), 한양대학교 예술, 체육대학(주관)",,
"2024 제11회 전남학교예술교육페스티벌, 복합",복합,복합,김선민 등,,"전라남도교육청(주최), 전남중등음악사랑연구회(주관)",,
SCAF 서초아트페스티벌,복합,복합,"강드보라, 김윤경, 변혜정, 박혜선, 김태훈, 김진석, 조가람 등",,"SC 엔터테인먼트 협동조합(주최), 케이클래식스테이지(K-CLASSIC STAGE)(주관)",,
대한민국 동화축제 [포항],복합,복합,,,"경상북도(주최), 포항시청(주최), 경북일보(주관)",,
이태석 사랑나눔 음악회,복합,복합,"황정민, 권은주, 윤종민, 배일동, 조시온, 김동원, 김영호 등",,"(사) 이태석재단(주최), 이태석리더십아카데미(주관)",,
"벗 & 공감, 클라운지콘서트 [대구]",복합,복합,"김주리, 이윤아, 이봉근, 최용호, 서미림, 박효진",,문화공간 라온(주최),,
"아트클래스 시리즈Ⅴ, 호퍼: 고독한 뉴요커 [을숙도]",복합,복합,"전원경, 최성근, 최지은, 배주연, 조무종, 김나연, 김지일 등",,"을숙도문화회관(주최), 을숙도문화회관(주관)",,
한국문화 큰잔치 (K-Wave Festival),복합,복합,,,"문화체육관광부(주최), 한국국제문화교류진흥원(KOFICE)(주관)",,
제4회 마두금 연주회: 마이동풍,복합,복합,"김연준, 염해석, 이은경, 정종수, 설호종",,"한국마두금연주자협회(주최), 한국마두금연주자협회(주관)",,
첼로가야금 2.0 콘서트 [용인],복합,복합,윤다영 등,,"(재)예술경영지원센터(주최), 첼로가야금(주관), (재)용인문화재단(주관)",,
광주상설공연 (11월),복합,복합,,,"광주광역시(주최), 광주예술의전당 (구. 광주문화예술회관)(주관)",,
"싱잉볼 콘서트, 하늘소리: 소망을 하늘로",복합,복합,"최익진, 한울, 이승훈, 김사라스와띠, 희궁, 다령, 우백 등",,"사라스와띠 큐어힐링협회&치유문화센터(주최), (주) 아트인뱅크(주관)",,
"나화랑, 파랑새 노래하는 청포도 넝쿨 아래로 [김천]",복합,복합,"장지숙, 이수연, 윤건우, 최정산, 고경민, 박진희, 김혜영 등","조명숙, 고재경","문화체육관광부(주최), 경상북도(주최), 지역문화진흥공동체 도시락(도시樂)(주관), 경북문화재단(주관), 지역문화진흥원()",,
제2회 롯데 러브 패밀리 동행 콘서트,복합,복합,,,,,
"공익활동을 위한 기금 마련 콘서트, 당신이 있어 참 좋다!",복합,복합,"정태춘, 박은옥, 박재준 등",박수정,"(사) 관악뿌리재단(주최), (사) 한국축제포럼 관악지부(주최)",,
"제6회 마포 M국악 페스티벌, 꼬레아 리듬터치 Ⅲ: 첼로가야금 2.0 콘서트",복합,복합,"김솔다니엘, 윤다영",,"(재)마포문화재단(마포아트센터)(주최), (재)예술경영지원센터(주최), (재)마포문화재단(마포아트센터)(주관)",,
Make a Creative 쇼케이스: 데뷔를 대비하라,복합,복합,,"손정원, 김유정, 강지희 등","(주)에이치제이컬쳐(HJ컬쳐)(주최), (주)에이치제이컬쳐(HJ컬쳐)(주관)",,
"제12회 성미산 동네연극축제, 난.잡.한 자기소개",복합,다원/융복합,"강우석, 김민준, 김수진, 김창배, 부용구, 여인찬, 오다준 등","김창배, 강우석, 김민준 등","성미산문화협동조합(주최), 성미산문화협동조합(주관), 공연예술창작터 수다(기획사), 발달장애청년허브사부작사회적협동조합(제작사), 공연예술창작터 수다(제작사)",,
"매간당, 그렇게 꿈속에서 죽었다: 3 Rooms",복합,다원/융복합,"유예진, 황재인, 김지연, 구민지, 임희종, 이수아","유예진, 박재식, 이선호 등","스튜디오 매간당(주최), 스튜디오 매간당(주관), 플레인비주얼샵(주관)",,
도란도란 이야기 보따리 [전주],복합,다원/융복합,,,"문화체육관광부(주최), 한국국학진흥원 아름다운 이야기할머니(주관)",,
EXHIBITION: EVENIF,복합,복합,"박준영, 민지선, 박성호",,"evenif ?????????(주최), evenif ?????????(주관)",,
홍지민과 함께하는 판타스틱쇼 [하남],복합,복합,홍지민,,"(재)하남문화재단(주최), (재)하남문화재단(주관), (재)하남문화재단(기획사)",,
"수림 공동기획 시리즈 넛지, 박선주: 도시 산조",복합,다원/융복합,"박선주, 김관지, 김희진, 김윤지 등","박선주, 이예지, 박혜림 등",(재)수림문화재단(기획사),,
"제64주년 2.28민주운동 헌정공연, 얼음 사이 핀 꽃",복합,복합,박정현 등,"황운기, 김인재","2.28민주운동기념사업회(주최), 2.28민주운동기념사업회(주관)",,
"장한나의 대전그랜드페스티벌, 첼로가야금 콘서트 [대전]",복합,복합,"김솔다니엘, 윤다영",,"대전예술의전당(주최), TJB 대전방송(주최)",,
동행 [대구],복합,복합,최예나 등,,"(재)수성문화재단 수성아트피아(주최), (재)수성문화재단 수성아트피아(주관)",,
"더 하우스 콘서트, 해금과 재즈피아노의 만남 [양산]",복합,복합,"천지윤, 허대욱",,"양산시시설관리공단(주최), 쌍벽루아트홀(주관), (재)예술경영지원센터(주최), 더하우스콘서트(주관)",,
"제21회 유엔참전용사, 영웅을 위한 음악회",복합,복합,"데이비드 이, 정제희, 문양숙 등",,"국가보훈부(주최), (사)호국문화진흥위원회(주최)",,
"제7회 동천정기음악회, Thank you for the music [대구]",복합,복합,,"최은지, 양지안, 김학만 등",대구동천초등학교(주최),,
환상덜미 [수원],복합,복합,"남기문, 유상호, 김정주, 전애현, 맹현영, 한상돈, 김필순 등","남기문, 김정주, 남기혁 등","꿈꾸는산대(주관), 수원특례시(주최), (재) 수원문화재단(수원SK아트리움)(주최)",,
나다 뮤직페스티벌 (NADA Art & Music Festival),복합,복합,"권세진, 박찬흠, 박태현, 송주형, 유다혜, 최노아, 최명은 등",,"예술단체 세가지질문(주관), (주)에이치비기획(주최), 페스티벌 나다 (Festival NADA)(주관)",,
무등의 산 [광주],복합,다원/융복합,,,"타악그룹 얼쑤(주최), 타악그룹 얼쑤(주관)",,
세이브미프로젝트 (SavemeProject),복합,복합,"서정민, 조가민, 윤예담, 여의주 등","최희은, 장윤서, 서정민 등","세이브로젝트 (SaveProject)(주최), 세이브로젝트 (SaveProject)(주관), 뉴아트플랫폼(구.Y&N팩토리)(기획사)",,
"발레 & 스트릿, 비트 온 포인트",복합,복합,,,"(재)강북문화재단(주최), 강북구청(주관)",,
"자선콘서트, 늦가을 이야기소리 [제주]",복합,복합,김미경 등,,"제주정도 라이온스클럽(주최), (주) 에스올레커뮤니케이션(주관)",,
기원: 더 비기닝,복합,복합,"강태환, 김덕수, 최선배, 이선재, 송준영, 전승훈, 문도연 등",,"게토얼라이브(GhettoAlive)(주최), 게토얼라이브(GhettoAlive)(주관)",,
Show me the 장구 프로젝트 [함안],복합,복합,,,"문화체육관광부(주최), (재)전통공연예술진흥재단(주관), 풍물패청음(주관), (재)전통공연예술진흥재단(주관)",,
재능 혜화 마티네: 한국의 소리와 서양의 소리의 만남,복합,복합,"강효주, 전태원, 박혜온, 윤재영, 공병우, 양귀비, 정이와 등",,"JEI 재능문화(주최), (재) 재능문화 (JEI 재능문화)(주최)",,
발칙한 세여자의 세계음악여행,복합,복합,"진윤희, 하태선, 최이안 등",,부산예술대학교 산학협력단(주최),,
세종메세나 콘서트,복합,복합,"박영주, 노수연, 정국철, 김화정, 박지혜, 김계영, 김민지 등","강동완, 이승기, 신소민 등","세종특별자치시청(주최), (재) 세종시문화관광재단(세종문화예술회관)(주관)",,
"당진시 인구 17만 달성 기념 축하 공연, 17 to 20",복합,복합,,"김성태, 이범석, 이용석 등","세한대학교 당진캠퍼스(주최), 세한대학교 전통연희학과(주관)",,
스피리또 앙상블과 함께하는 베토벤 Ⅹ 클림트: 운명의 키스,복합,다원/융복합,"김바울, 심근수, 김세환, 김정훈, 최보훈, 박병준, 오승규 등",,"(재)예술경영지원센터(주최), 남양주시청(주관), 스피리또(주관)",,
"송주원, 바스락 Rustling",복합,다원/융복합,송주원,"송주원, 김보경, 김지연 등",일일댄스 (11DANCE)(주최),,
Struggle,복합,복합,"한지원, 성주현, 강민지, 황서영, 김수지 등","김주빈, 허성임, 류백희 등","코리아댄스어브로드(주최), 코리아댄스어브로드(주관)",,
비르투오소 인 클래식 [의정부],복합,복합,"조현우, 정석준, 이부영, 김정태, 김진현, 이미정, 유정우 등","김주원, 김동곤","뷰티풀데이(주최), 뷰티풀데이(주관)",,
발레와 스트리트 댄스의 짜릿한 만남! 비트 온 포인트 [예천],복합,복합,,,"예천군청(주최), (재)예천문화관광재단(주관)",,
모나드 서울: 무수히 펼쳐지는 각,복합,복합,"정은혜, 송지윤, 이금희, 해미 클레멘세비츠",,중력장(주최),,
하슬라 사계 [강릉],복합,다원/융복합,"홍유지, 정하선, 송정석, 김민정, 김소리, 이현승, 김다함 등","김화옥, 정하선, 홍유지 등","문화체육관광부(주최), 강원특별자치도청(주최), 강릉아트센터(주최), 강릉아트센터(주관), 한소리전통예술단(제작사)",,
설탕요정이 읽어주는 호두까기 인형,복합,복합,"강혜진, 오은철 등","오은철, 김용걸, 김자은 등","(주)아트앤아티스트(주최), (주)아트앤아티스트(주관)",,
"10년을 날다, 나비",복합,복합,"김준성, 박상욱, 정원종","박정환, 박지호, 유서형 등",,,
달서구어르신 예능경연대회,복합,복합,,,"(재)달서문화재단 (웃는얼굴아트센터, 달서아트센터)(주최)",,
1＋1 THE ONE: 필연적조우,복합,복합,"홍석현, 이호찬, 김우연, 차성은, 이평은","안희경, 홍성현, 장성학 등","홍성현아트컴퍼니(주최), 홍성현아트컴퍼니(주관)",,
고3 수험생을 위한 힐링 콘서트 [구리],복합,복합,,,"(재)구리문화재단(구리아트홀)(주최), (재)구리문화재단(구리아트홀)(주관)",,
얼씨구! 브라보! 좋다! [세종],복합,복합,"권순찬, 지유진 등",,,,
"재즈앳에무, Black Forest",복합,복합,"황진아, 현석현 등",,복합문화공간 에무(주최),,
모던 아트 콜렉션 /혼,복합,다원/융복합,"이호준, 정주리, 최영진, 고영철","임재현, 권성화 등","경상북도(주최), 베아토예술인협회(주관), 베아토 예술인 협회(BEATO Artist Association)(주관)",,
"함께하는 사랑밭 감사콘서트: 사랑의 시간, 온기를 더하다",복합,복합,"백지영, 변진섭, 장상인, 강수경, 임수연, 김원종, 권영훈 등",,"(사)함께하는 사랑밭(주최), (사)함께하는 사랑밭(주관), 루나비스타(주관)",,
"보트피플ver.2, 바다의 아우슈비츠",복합,복합,,"김성원, 정호재, 남희경 등","트래덜반(제작사), (재)행복북구문화재단(주최), 트래덜반(주관), (재)행복북구문화재단(어울아트센터)(주최)",,
프렉티스: 사운드 엔텔레키 Vol.3,복합,다원/융복합,"에마 포흐그, 조엘 라부아, 필리프 반달, 고휘 등",,"Laaf (라프)(주최), PRECTXE(프렉티스)(주관)",,
"ceiling service vol.4, Night on Earth",복합,다원/융복합,,,퍼밋(PERMIT)(주최),,
"서른여덟번째 스윙-바이, 윤연준: 틈",복합,복합,"피정훈, 장석진, 이길재, 김지혜, 윤연준",,중력장(주최),,
"앙상블 위로 기획공연, 모던 남사당",복합,복합,"정한결, 박범태, 우미현, 김신, 양영광 등",,"위로앙상블(wiroensemble)(주최), 위로앙상블(wiroensemble)(주관), 현대문화기획(주관)",,
광주상설공연 (12월),복합,복합,,,"광주광역시(주최), 광주예술의전당 (구. 광주문화예술회관)(주관)",,
"제60회 예술공감, 앙상블 이도: 새롭게 만난 희로애락의 소리",복합,복합,"최삼중, 장서연, 이예빈, 김병재, 김주원, 유시은, 김동희 등",,"을숙도문화회관(주최), 을숙도문화회관(주관)",,
기업인을 위한 서경 송년음악회,복합,복합,"류성규, 김재민, 정하은, 민영기, 신예영, 이은미 등",,"(주)서울경제신문(주최), SEN(서울경제TV)(주관)",,
La trace: TRACES DE REVES,복합,다원/융복합,"송지윤, 주정현, 진유영, 한지수, 윤제호, 한재석","송지윤, 한지윤, 이인보 등",모아모아 프로덕션(moamoa production)(주관),,
"그, 그, 그: 그림자 그리고 그대",복합,다원/융복합,"김동옥, 김동환, 양승주, 배세연, 최정주",양승주 등,"다도스튜디오(주최), 다도스튜디오(주관)",,
작은겨울아동극축제 [춘천],복합,복합,"최형석, 김지숙, 임나경, 김록헌, 신영우, 신정아, 김성각 등","김병호, 서빈, 이용규 등","여우컴퍼니(주최), 여우컴퍼니(주관), 극단 즐거운사람들(제작사), 꿈동이인형극단(제작사), 북(BooK)극곰 예술여행(제작사), 문화예술교육 더베프(제작사)",,
성남아트센터 후원회 송년음악회,복합,복합,,,(재)성남문화재단(주최),,
"렉처콘서트, 차인표의 여행스케치 [태백]",복합,복합,"차인표, 남준봉, 조병석",,"태백시청(주최), 태백시청(주최)",,
"Anime X Game Festival, 레드 스테이지",복합,복합,"우에사카 스미레, 아카네 리제, 아라하시 타비, 아오쿠모 린, 타나카 미나미, 아카바네 켄지, 카노 요시키 등",,"대원미디어(주)(주최), Sony Music Ent. (소니뮤직엔터테인먼트)(주최), (주) 애니플러스(ANIPLUS)(주최), (주) 디앤씨미디어(D&C media)(주최), AGF 조직위원회(Anime X Game Festival)(주최), 대원콘텐츠라이브(대원미디어(주) )(주최)",,
에코백 [천안],복합,복합,,,천안어린이꿈누리터(주최),,
스테이지 만남동 [경기 광주],복합,복합,,,"(재)광주시문화재단 [경기광주](주최), (재)광주시문화재단 [경기광주](주관)",,
음악과 글쓰기 콘서트: 사이·회상,복합,복합,"강태훈, 고수연, 강서연, 최휘선, 함동우, 심정은, 강찬욱","김상욱, 박진형, 이인보 등",,,
"지후 X 지후트리: 마음의, 그림",복합,복합,"김지후, 박지후",,,,
"Adieu 중구, 힐링의 밤",복합,복합,"박상우, 김연자, 남상일, 윤은화, 고호정 등",,(재)인천중구문화재단(주관),,
시흥시 송년음악회,복합,복합,"신주용, 최정원, 김남희, 성주호, 이지민, 김경민 등",,"(사) 한국예총 시흥지회(주최), (사) 한국예총 시흥지회(주관)",,
하모니 오브 라이트 [인천],복합,다원/융복합,"박이슬, 전홍진, 이영준, 김진수, 김형호, 김완혁, 최현재 등","남대원, 김영섭, 구슬기 등","인천광역시(주최), 인천광역시 남동구청(주최), 인천문화예술회관(주관), 남동문화재단(주관)",,
공상페스티벌: 함께 꿈을 꾸다,복합,복합,,,"충청남도(주최), (재)충남문화관광재단(주관)",,
고양시 자원봉사자의날 기념행사,복합,복합,"안현성, 홍은서, 신가비, 허주영, 이혜원, 이미경, 김희석 등",임미경,(사) 고양시자원봉사센터(주최),,
"천안교육지원청, 쓰담쓰담 콘서트 [천안]",복합,복합,"이윤주, 이지영 등",,(재)천안문화재단(천안예술전당)(주최),,
송파 송년음악회,복합,복합,"신동일, 남경주, 정영주 등",,"송파구(주최), 송파문화재단(주관)",,
이금희와 함께하는 공감 토크콘서트 [김제],복합,복합,이금희 등,,"김제시(김제시청)(주최), 김제시(김제시청)(주관)",,
"부산시립예술단 연합공연, 가마釜 뫼山",복합,복합,"최수정, 장서윤, 한아름, 안세범 등","이청산, 조원행, 김지용 등","(재)부산문화회관(주최), 부산시립예술단(주관), 부산시립예술단(제작사), 부산광역시립예술단(주관), 부산광역시립예술단(제작사), 부산시립예술단(주관), 부산시립예술단(제작사)",,
경북대학교 신년음악회 [대구],복합,복합,"최정원, 조정현, 황원구 등",,경북대학교(주최),,
광주상설공연 (1월),복합,복합,,,광주예술의전당 (구. 광주문화예술회관)(주최),,
꿈의 오케스트라 강릉: 소망과 꿈을 모아서,복합,복합,,,"한국문화예술교육진흥원(주관), 강릉문화원(주관), 강릉아트센터(주관), 문화체육관광부(주최), 강릉시청(주최)",,
글로벌 인플루언서 엑스포 [고양],복합,복합,"고순호, 김동희, 원보라, 강욱, 김솔, 이석하, 권순혁 등",,"(사) 대한인플루언서협회(주최), 크리에이터링(주)(주최), GIE 조직위원회(주관)",,
콜드 블러드 [성남],복합,다원/융복합,,,(재)성남문화재단(주최),,
세종국악심포니오케스트라 & 김경호의 아리랑목동 [무안],복합,복합,"김경호, 박상우, 신문희, 윤하정, 정초롱, 고호정 등",,"(재)예술경영지원센터(주최), 무안군청(주관), 세종국악심포니오케스트라(세종국악관현악단)(주관)",,
와따가따 가족극장 겨울축제 [서울 노원],복합,복합,"김정규, 박혜선, 하택후, 이동준 등",,"(재)노원문화재단(주최), (재)노원문화재단(주관), (재)노원문화재단(노원문화예술회관)(주관), (재)노원문화재단(노원문화예술회관)(주최)",,
브라소닛 빅밴드 & 앰비규어스댄스컴퍼니: Body & Voice [서산],복합,다원/융복합,최재문 등,"천인우, 박진원, 김보람 등","서산시청(주최), 서산시문화회관(주관), (주)온아트(제작사)",,
도란도란 이야기 보따리 [서울],복합,다원/융복합,"송경화, 이숙자, 이영숙, 장송숙, 최홍숙, 허희자, 이심결 등","박성찬, 배미진, 양은숙 등","문화체육관광부(주최), 한국국학진흥원 아름다운 이야기할머니(주관)",,
"김주원의 사색여정 with 반도네오니스트 고상지, 축제",복합,복합,"김주원, 고상지",,"(재)광명문화재단(주최), (재)광명문화재단(주관)",,
"팀 퍼니스트, 트레인 블루스 Train Blues [광주]",복합,복합,"김희명, 최대성, 임동주, 김한상, 우석훈, 심재성, 신용",,"광주북구문화센터(주관), 광주광역시 북구시설관리공단(주최)",,
누모리 쇼 [논산],복합,복합,,,"(재)예술경영지원센터(주최), 논산문화관광재단(주관)",,
피아니스트 백채영 프로젝트 Vol. 2,복합,복합,"백채영, 박희라, 박기현",백채영,,,
청소년 음악 페스티벌 [고창],복합,복합,,,"고창군(고창군청)(주최), 고창군(고창군청)(주관)",,
"평택시립국악관현악단, 평택시민과 함께하는 국악성가의 밤",복합,복합,"김경아, 김미경, 김진선, 김혜선, 김효진, 남궁경희, 마은비 등",,"(재)평택시문화재단(주최), (재)평택시문화재단(주관)",,
고창 송년음악회,복합,복합,"장사익, 노동용, 정수민, 박현지, 김지혜, 황미숙, 고나은 등",,"고창군(고창군청)(주최), 고창군(고창군청)(주관)",,
송년음악회 [논산],복합,복합,"윤형주, 김순영, 전찬솔, 김봉미 등",,"논산시청(주최), 논산문화관광재단(주관)",,
"대덕문화전당 패밀리 페스타 Ⅳ, 호두까기 인형 [대구]",복합,다원/융복합,,"김동규, 최지운, 이인혁 등","대덕문화전당(주최), 대덕문화전당(주관), 문화기획 함박우슴(제작사)",,
서울아트랩 연말쌀콘: SAL-Vival,복합,복합,"길기현, 차승현, 박윤수, 박민하, 김민준, 정승준","김서현, 김영상, 최지송 등","서울아트랩(주최), 서울아트랩(기획사)",,
"나태주 시인과 함께하는 시와 음악: 가장 아름다운 선물, 당신 [공주]",복합,복합,"나태주, 한창훈, 강나영, 전진, 김도연, 김주완, 허정인 등",나태주 등,"(재) 공주문화관광재단(공주문예회관)(주최), (재) 공주문화관광재단(공주문예회관)(주관)",,
도란도란 이야기 보따리 [광주],복합,다원/융복합,"송경화, 이숙자, 이영숙, 장송숙, 최홍숙, 허희자, 이심결 등","박성찬, 배미진, 양은숙 등","문화체육관광부(주최), 한국국학진흥원 아름다운 이야기할머니(주관)",,
"서린사랑의 작은음악회, The Identity: 너와 나의 정체성",복합,복합,,,,,
알리 with 아듀 Concert [부산],복합,복합,"홍희철, 윤선기, 박지은, 박순기, 문한솔, 김동현 등",,"을숙도문화회관(주최), 부산국악오케스트라(주관)",,
조선마술사 [광주],복합,복합,,,"광주광역시 서구(빛고을국악전수관)(주최), 광주광역시 서구(빛고을국악전수관)(주관)",,
산타와 함께 하는 빛의 나라이야기 [의정부],복합,다원/융복합,,,극단 상상마당컴퍼니(의정부 우리소극장)(주최),,
오셀로: 소리의 심리학,복합,복합,"오현진, 이희성, 서민준, 이정은, 박수연, 이진희, 이대헌 등","박성민, 이지희, 이진희 등","모던팀브레(기획사), 하랑씨어터(제작사)",,
호두까기 인형 [화성],복합,복합,"이정민, 배선옥, 송은아, 원우연, 최진희, 서희경, 이송 등",,"극단 영(제작사), 화성시청(주최), (재)화성시문화재단(주관)",표트르 일리치 차이콥스키,
"크리스마스 이브 송년음악회: 사랑해요, 엄마! 콘서트 [포항]",복합,복합,"추혁진, 송광호, 홍원표, 류지광, 최성, 오장욱, 표나리",,(주) 세이클린(주관),,
엘림아트센터 크리스마스 콘서트: MUSIC & MAGIC,복합,복합,지혜준 등,,"엘림아트센터(주최), 엘림아트센터(주관)",,
안산시 송년음악회 [안산],복합,복합,"윤수현, 김소현, 김필 등",,안산시청(주최),,
"고등과학원 초학제 독립연구단, 공중매 (空中媒) : 떠오르는",복합,다원/융복합,"김대희, 송은수, 이창재","김제민, 권병준, 권오범 등","고등과학원(KIAS)(주최), 고등과학원 초학제 독립연구단(주관)",,
"고영열 단독 콘서트, Jazz in 모리: 자진모리",복합,복합,고영열,,"(주)사운드플랫폼(주최), 숲레코드(주관)",,
ICI-AVEC: 공명의 컨셉,복합,복합,"조은비, 문경환, 유예슬, 이지수, 조은율, 안창섭, 송혜진 등",최원철,"ICI-AVEC 이씨아베크(주최), ICI-AVEC 이씨아베크(주관), BMM부띠크모나코뮤지엄(주관), 룩스필하모닉오케스트라(주관)",,
도란도란 이야기 보따리 [제주],복합,다원/융복합,"최정숙, 유정민, 송년순, 김애순, 최홍숙, 허희자, 이심결 등","박성찬, 배미진, 양은숙 등","문화체육관광부(주최), 한국국학진흥원 아름다운 이야기할머니(주관)",,
"서울예술단 송년갈라, SPACon",복합,복합,,,"(재)서울예술단(주최), (재)국립극장진흥재단(주최)",,
고암 이응노 우리에게 보내는 희망편지 [충남],복합,다원/융복합,"박훈규, 임은유, 윤해경, 임현성, 송연서, 오현범, 장지성 등","김항식, 배예진, 위동희 등","문화체육관광부(주최), 충청남도(주최), 홍성군청(주최), 우리문화전문연희단체 꾼(주관)",,
제3회 부산국제어린이청소년아트페어 개막식,복합,복합,,,"BIKAF(부산국제어린이청소년아트페어)(주최), BIKAF(부산국제어린이청소년아트페어)(주관)",,
제야음악회 [대전],복합,복합,"정치용, 신영숙, 양준모, 전혜영, 권순찬, 윤부식, 민서아 등",,대전예술의전당(주최),,
"새해국악연: 청룡, 하늘을 날다",복합,복합,"황수경, 권성택, 이동영, 김세윤 등",,국립국악원(주최),,
"신년음악회, 뮤지컬 콘서트",복합,복합,"이동호, 신영숙, 이지훈 등",,"제주특별자치도 서귀포시(문화예술과)(주최), 제주특별자치도립 서귀포예술단(주관), 서귀포예술의전당(주관)",,
"신년음악회: 새로운 시작, 희망의 노래 [대구]",복합,복합,"장사익, 고성현, 하석배, 김현호 등",,"(재) 대구광역시 동구문화재단(아양아트센터)(주최), (재) 대구광역시 동구문화재단(아양아트센터)(주관)",,
"시선: si, Sonne!",복합,복합,"박경주, 황순미, 신원국, 최혁재, 왕명호, 김민욱, 한호진 등","이인보, 손현규, 유주영 등",한국문화예술위원회(주최),"주준영,  정세진",
한몽예술교류전 [남원],복합,복합,"강볼드 발진냠, 슐루운밧 뭉크에르덴, 수크바타르 투르바트, 엔흐바타르 자르갈마아, 조옥선, 김승정, 안명주",,국립민속국악원(주최),,
뮤즈하모니 신년음악회: 팝페라 X 국악,복합,복합,"안세라, 안유정, 정하라, 이정제, 최정회, 이기정, 홍영준 등",,"뮤즈하모니(주최), 뮤즈하모니(주관)",,
K-컬처 페스티벌 [평창],복합,복합,"김일중, 김희재, 박군, 조명섭, 양지은, 홍지윤, 박애리 등",,"강원특별자치도청(주최), 평창군청(주최), 강릉시청(주최), (재)2024강원동계청소년올림픽대회 조직위원회(주최)",,
신년콘서트 [거창],복합,복합,"장사익, 김연자, 나태주, 김도현, 김현호 등",,"(재)거창문화재단(주최), (재)거창문화재단(주관)",,
제3회 SA청소년오케스트라 정기연주회,복합,복합,"김도윤, 정은효, 황영훈, 김형석, 도연제, 정지연, 김지수 등",,"(주)에스에이뮤직 SAmusic(주최), SA청소년오케스트라(주관)",,
"그림 읽어주는 베토벤, THE CONCERT: 그리스 로마 신화",복합,복합,조숙현 등,임용순 등,"대원미디어(주)(주최), 두손클래식엔터테인먼트(주)(주최), 대원미디어(주)(주관), 두손클래식엔터테인먼트(주)(주관), 대원콘텐츠라이브(대원미디어(주) )(주최), 대원콘텐츠라이브(대원미디어(주) )(주관)",,
K-컬처 페스티벌 [강릉],복합,복합,,,"평창군청(주최), 강릉시청(주최), (재)2024강원동계청소년올림픽대회 조직위원회(주최), 강원특별자치도청(주최)",,
USW 신년음악회,복합,복합,"우나이 우레초, 김수진, 이지은, 에르완 리샤, 박진아, 윤현임, 이성주 등",김영은,"영음예술기획(주관), 수원대학교 음악대학(주관), 수원대학교 음악대학원(주관), 수원대학교(주최)",,
신년음악회 [보령],복합,복합,"김국환, 이시온, 김솔지, 이진영 등",,"보령시청(주최), 보령시청(주관)",,
신년음악회 [태안],복합,복합,"장사익, 송소희 등",,"태안군(주최), (주)스탠바이컴퍼니(주관)",,
"청소년을 위한 음악과 클래식의 징검다리, 음악에 색을 입히다",복합,복합,"오지연, 유순영, 이지연, 임덕수, 정욱",,"징검다리 프로젝트(주최), 블레씽 피아노(주관)",,
"그림 읽어주는 베토벤, THE CONCERT [김천]",복합,복합,조숙현 등,임용순 등,"김천시(김천시청)(주최), 김천시립율곡도서관(주관)",,
김동규와 함께하는 신년 음악회,복합,복합,"김동규, 이윤경, 조윤경, 박진수, 정윤형, 이태은 등",,"(재)울주문화재단(주최), (재)울주문화재단(주관)",,
