공연명,장르명,세부장르명,출연진내용,제작진내용,기획제작사명,원작자명,극작가명,출연진목록,제작진목록,세부장르,1번 장르,1번 장르 점수,2번 장르,2번 장르 점수,장르 분포
인더스트리얼 퍼포먼스,복합,다원/융복합,"예효승, 나혜영",,금은보화(주관),,,"['예효승', '나혜영']",[],현대무용+기악,현대무용,0.8333333333333334,기악,0.16666666666666669,"{'기악': 0.16666666666666669, '현대무용': 0.8333333333333334}"
아웃 오브 더 블루,복합,복합,"신유, 김지연, 김대희, 류재경, 김은혜, 정재희, 장보영 등",류경한,"SY Ent(에스와이 이엔티)(주관), 김지연 아코디언 팝스오케스트라(주최)",,,"['신유', '김지연', '김대희', '류재경', '김은혜', '정재희', '장보영']",['류경한'],기악+연극,기악,0.43986229819563166,연극,0.155511724742494,"{'대중가요': 0.07283741899126517, '성악': 0.12055691222357892, '기악': 0.43986229819563166, '넌버벌 퍼포먼스': 0.0004748338081671416, '뮤지컬': 0.11814595660749509, '발레': 0.0004748338081671416, '악극': 0.0004748338081671416, '연극': 0.155511724742494, '오페라': 0.011249908685806125, '한국무용': 0.006391993571480753, '현대무용': 0.03776755058806342, '혼합': 0.01578822412155746, '재즈/월드뮤직': 0.020463510848126237}"
이색콘서트,복합,복합,김진철,,"(주)지앤미디어(주최), (주)지앤미디어(기획사)",,,['김진철'],[],뮤지컬+기악,뮤지컬,0.828125,기악,0.140625,"{'기악': 0.140625, '대중가요': 0.015625, '뮤지컬': 0.828125, '연극': 0.015625}"
슬픔의 집,복합,다원/융복합,,"김지선, 강윤지, 문기강 등",,,,[],"['김지선', '강윤지', '문기강']",연극+기악,연극,0.435,기악,0.30916666666666665,"{'기악': 0.30916666666666665, '대중가요': 0.005, '뮤지컬': 0.185, '성악': 0.04083333333333333, '스트리트/스포츠댄스': 0.005, '연극': 0.435, '오페라': 0.01, '재즈/월드뮤직': 0.005, '현대무용': 0.005}"
"차세대열전, 이어지음 프로젝트",복합,복합,"강인아, 고석진, 조의선, 최태훈","강안나, 강한별, 최세린 등",한국문화예술위원회(주최),,,"['강인아', '고석진', '조의선', '최태훈']","['강안나', '강한별', '최세린']",기악+연극,기악,0.32277318640955005,연극,0.17972359251429018,"{'뮤지컬': 0.15050077946483864, '창극': 0.045454545454545456, '기악': 0.32277318640955005, '성악': 0.10480563207835933, '연희': 0.01584022038567493, '한국무용': 0.007575757575757575, '혼합': 0.025757575757575757, '대중가요': 0.03636363636363637, '현대무용': 0.10909090909090909, '연극': 0.17972359251429018, '오페라': 0.0021141649048625794}"
얼씨구왕국의 삼총사,복합,다원/융복합,,,"부산시립예술단(주관), 부산시립극단(주관), (재)부산문화회관(주최)",,,[],[],None,None,0.0,None,0.0,{}
"헨젤과 그레텔, 토선생 용궁가다 (패키지)",복합,복합,"김세연, 안숙선, 박애리, 남상일 등",,(재)춘천문화재단(주최),,,"['김세연', '안숙선', '박애리', '남상일']",[],창극+성악,창극,0.25712313911071677,성악,0.1950606329488317,"{'기악': 0.1297673272207434, '뮤지컬': 0.02952380952380953, '발레': 0.13802197802197805, '연극': 0.05670329670329671, '대중가요': 0.028932420236768067, '성악': 0.1950606329488317, '혼합': 0.12355811889973381, '창극': 0.25712313911071677, '기타': 0.008873114463176577, '넌버벌 퍼포먼스': 0.002070393374741201, '연희': 0.026027802425317957, '한국무용': 0.004337967070886326}"
최정주의 아트앤뮤직 큐레이션: 20세기를 빛낸 화가들Ⅱ,복합,복합,최정주,,마리아칼라스홀(주최),,,['최정주'],[],연극+기악,연극,0.3269230769230769,기악,0.3076923076923077,"{'기악': 0.3076923076923077, '성악': 0.07692307692307693, '연극': 0.3269230769230769, '재즈/월드뮤직': 0.038461538461538464, '오페라': 0.25}"
할리우드의 피터와 늑대,복합,다원/융복합,한대수 등,,플랫폼엘 컨템포러리 아트센터(주최),,,['한대수'],[],None,None,0.0,None,0.0,{}
최정주의 아트앤뮤직 큐레이션: 20세기를 빛낸 화가들Ⅲ,복합,복합,최정주,,마리아칼라스홀(주최),,,['최정주'],[],연극+기악,연극,0.3269230769230769,기악,0.3076923076923077,"{'기악': 0.3076923076923077, '성악': 0.07692307692307693, '연극': 0.3269230769230769, '재즈/월드뮤직': 0.038461538461538464, '오페라': 0.25}"
LED비바츠 태권발레 [철원],복합,복합,,,,,,[],[],None,None,0.0,None,0.0,{}
"ACC 브런치 콘서트, 타악그룹 타고의 MAN AND DRUM",복합,복합,"김병주, 김상철, 김시원, 남화연, 박진영, 안종혁, 홍나라 등",,국립아시아문화전당(주최),,,"['김병주', '김상철', '김시원', '남화연', '박진영', '안종혁', '홍나라']",[],기악+한국무용,기악,0.3482983682983683,한국무용,0.21583682983682984,"{'기악': 0.3482983682983683, '넌버벌 퍼포먼스': 0.08093706293706293, '대중가요': 0.03136130536130537, '연극': 0.08652680652680653, '연희': 0.024475524475524476, '한국무용': 0.21583682983682984, '뮤지컬': 0.055999999999999994, '창극': 0.06666666666666667, '현대무용': 0.016717948717948718, '혼합': 0.00517948717948718, '발레': 0.044, '성악': 0.009333333333333334, '재즈/월드뮤직': 0.014666666666666666}"
전영랑 온희정의 국악과 트로트 크로스오버,복합,복합,"전영랑, 온희정",,"한국문화예술회관연합회(KoCACA)(주관), 의령군청(의령군)(주관), 문화체육관광부(주최)",,,"['전영랑', '온희정']",[],성악+기악,성악,0.28125,기악,0.15625,"{'기악': 0.15625, '기타': 0.09375, '대중가요': 0.09375, '성악': 0.28125, '연희': 0.03125, '재즈/월드뮤직': 0.03125, '창극': 0.125, '한국무용': 0.03125, '혼합': 0.15625}"
"제17회 평창대관령음악제, 샌드아트와 함께 하는 음악여행: 동물의 사육제",복합,다원/융복합,"박진수, 채지혜, 김소염, 전한국",,"강원도청(주최), (재)강원문화재단(주관)",,,"['박진수', '채지혜', '김소염', '전한국']",[],기악+연극,기악,0.3761904761904762,연극,0.09238095238095237,"{'기악': 0.3761904761904762, '뮤지컬': 0.03619047619047619, '악극': 0.08285714285714287, '연극': 0.09238095238095237, '오페라': 0.005714285714285714, '대중가요': 0.06666666666666667, '현대무용': 0.03333333333333333, '성악': 0.08, '연희': 0.08, '혼합': 0.04, '인형극': 0.04, '재즈/월드뮤직': 0.06666666666666667}"
MUSEUM AFTER DARK,복합,다원/융복합,"신준식, 메건 슈베르트, 에린 지, 이루다, 강천일, 송승욱, 최낙권","김인현, 박진아, 허지은","(재)태진문화재단(주최), 프로덕션컴퍼니은(주관)",,,"['신준식', '메건 슈베르트', '에린 지', '이루다', '강천일', '송승욱', '최낙권']","['김인현', '박진아', '허지은']",연극+현대무용,연극,0.3568098568098568,현대무용,0.2867909867909868,"{'기악': 0.1421911421911422, '발레': 0.11888111888111887, '현대무용': 0.2867909867909868, '혼합': 0.008547008547008546, '넌버벌 퍼포먼스': 0.04615384615384615, '연극': 0.3568098568098568, '기타': 0.002331002331002331, '뮤지컬': 0.002331002331002331, '성악': 0.013986013986013986, '오페라': 0.021978021978021976}"
경주아티스트 페스티벌: 꿈의콘서트,복합,복합,,,"경주시(주최), 한국문화예술회관연합회(KoCACA)(주최), (재)경주문화재단(주관)",,,[],[],None,None,0.0,None,0.0,{}
고희전＆조용주 희망 콘서트 [안성],복합,복합,"장예은, 최태영, 류아름, 정다운, 전계열, 견리나, 김이슬 등","문승용, 노연우",안성맞춤아트홀(안성시)(주최),,,"['장예은', '최태영', '류아름', '정다운', '전계열', '견리나', '김이슬']","['문승용', '노연우']",기악+연극,기악,0.375990891990892,연극,0.36315958815958815,"{'기악': 0.375990891990892, '대중가요': 0.011692307692307693, '성악': 0.0442955152955153, '연희': 0.005098901098901099, '혼합': 0.004, '마당극': 0.1, '넌버벌 퍼포먼스': 0.001098901098901099, '뮤지컬': 0.043421443421443426, '악극': 0.001098901098901099, '연극': 0.36315958815958815, '오페라': 0.001098901098901099, '재즈/월드뮤직': 0.009207009207009207, '현대무용': 0.006504306504306505, '창극': 0.03333333333333333}"
"3시 공연산책, 나태주 시인과 함께하는 풍류 위의 시",복합,복합,나태주 등,"이수근, 손해장, 최현석 등","공주시문화시설사업소(공주문예회관)(주관), 공주시청(주최)",,,['나태주'],"['이수근', '손해장', '최현석']",기악+연희,기악,0.36004273504273504,연희,0.16666666666666666,"{'기악': 0.36004273504273504, '대중가요': 0.15918803418803418, '혼합': 0.06410256410256411, '뮤지컬': 0.1388888888888889, '연희': 0.16666666666666666, '연극': 0.06944444444444445, '오페라': 0.041666666666666664}"
최정주의 아트앤뮤직 큐레이션: 20세기를 빛낸 화가들Ⅳ,복합,복합,최정주,,마리아칼라스홀(주최),,,['최정주'],[],연극+기악,연극,0.3269230769230769,기악,0.3076923076923077,"{'기악': 0.3076923076923077, '성악': 0.07692307692307693, '연극': 0.3269230769230769, '재즈/월드뮤직': 0.038461538461538464, '오페라': 0.25}"
유홍의 MIXTUM,복합,복합,"유홍, 진상태, 우웨이 나오코 키쿠치",,"왓와이아트(주최), 왓와이아트(주관)",,,"['유홍', '진상태', '우웨이 나오코 키쿠치']",[],기악+혼합,기악,0.3703703703703704,혼합,0.2851851851851852,"{'기악': 0.3703703703703704, '성악': 0.07407407407407407, '연희': 0.1037037037037037, '혼합': 0.2851851851851852, '기타': 0.16666666666666666}"
공간,복합,복합,"김대현, 김바다, 김지온, 강찬, 김준영, 박준휘, 주민진 등",,"(주)창작하는 공간(주최), (주)창작하는 공간(제작사)",,,"['김대현', '김바다', '김지온', '강찬', '김준영', '박준휘', '주민진']",[],뮤지컬+연극,뮤지컬,0.6474758425224216,연극,0.19175001872118347,"{'기악': 0.058804856877548536, '대중가요': 0.020668693009118534, '뮤지컬': 0.6474758425224216, '성악': 0.011805078929306793, '연극': 0.19175001872118347, '한국무용': 0.004278197208876686, '혼합': 0.018032890575585072, '기타': 0.009170506912442394, '마임': 0.017141049968374445, '연희': 0.006957621758380771, '창극': 0.001075268817204301, '현대무용': 0.001075268817204301, '발레': 0.01176470588235294}"
"메이드오브트리 Vol.5, 최용석 & 신문수",복합,복합,"최용석, 신문수",,옐로밤(주최),,,"['최용석', '신문수']",[],대중가요+성악,대중가요,0.3333333333333333,성악,0.23015873015873015,"{'기악': 0.13095238095238096, '뮤지컬': 0.05357142857142857, '성악': 0.23015873015873015, '오페라': 0.011904761904761904, '창극': 0.1011904761904762, '악극': 0.041666666666666664, '연극': 0.027777777777777776, '재즈/월드뮤직': 0.013888888888888888, '현대무용': 0.013888888888888888, '혼합': 0.041666666666666664, '대중가요': 0.3333333333333333}"
pan123mE1,복합,복합,"양조아, 김신록, 강말금, 성수연",,,,,"['양조아', '김신록', '강말금', '성수연']",[],연극,연극,1.0,None,0.0,{'연극': 1.0}
ONE MOMENT,복합,복합,,,,,,[],[],None,None,0.0,None,0.0,{}
"문화가 있는 날, 연극인 박정자 낭독 콘서트: 영영이별 영이별",복합,복합,"박정자, 이태경, 이정엽",,(재)춘천문화재단(주최),,,"['박정자', '이태경', '이정엽']",[],연극+기악,연극,0.6875757575757577,기악,0.1766666666666667,"{'성악': 0.019090909090909096, '연극': 0.6875757575757577, '기악': 0.1766666666666667, '뮤지컬': 0.05000000000000001, '악극': 0.06666666666666668}"
I have a dream,복합,복합,,,"이모션콘텐츠(주관), 세종문화예술회관(주관), 이모션콘텐츠(주최)",,,[],[],None,None,0.0,None,0.0,{}
신데렐라,복합,다원/융복합,,,홀로키즈파크(주최),,,[],[],None,None,0.0,None,0.0,{}
전원경의 미술관 옆 음악당 시즌 5,복합,복합,전원경,,"수원시청(주최), (재)수원문화재단(주관)",,,['전원경'],[],기악+성악,기악,0.8947368421052632,성악,0.10526315789473684,"{'기악': 0.8947368421052632, '성악': 0.10526315789473684}"
오페라와 뮤지컬의 향연,복합,복합,"오유석, 황태경, 이세영, 윤승환, 이상규, 이희주, 최혜진 등",,"스피리또(주관), 스피리또(주최)",,,"['오유석', '황태경', '이세영', '윤승환', '이상규', '이희주', '최혜진']",[],성악+기악,성악,0.39374684329784726,기악,0.2323338608274538,"{'기악': 0.2323338608274538, '뮤지컬': 0.012410838861247499, '성악': 0.39374684329784726, '오페라': 0.0542775507208965, '재즈/월드뮤직': 0.03655385019021383, '연극': 0.21269296740994856, '연희': 0.00860231820780706, '혼합': 0.0072249077394875, '발레': 0.013368983957219254, '대중가요': 0.0060606060606060615, '한국무용': 0.02272727272727273}"
베토벤X클림트 운명의 키스,복합,복합,"민우혁, 신영숙, 문재원, 이희주, 박한울 등",,"(재)천안문화재단(천안예술전당)(주최), 천안예술의전당(주최)",,,"['민우혁', '신영숙', '문재원', '이희주', '박한울']",[],연극+기악,연극,0.3258865248226951,기악,0.27369039381883187,"{'기악': 0.27369039381883187, '기타': 0.013640589863345444, '대중가요': 0.014041688289223319, '뮤지컬': 0.2059433200714986, '성악': 0.07609860606584791, '넌버벌 퍼포먼스': 0.0008865248226950355, '연극': 0.3258865248226951, '혼합': 0.0026595744680851068, '오페라': 0.0010416666666666669, '재즈/월드뮤직': 0.004861111111111112, '한국무용': 0.03125000000000001, '서커스/마술': 0.037500000000000006, '현대무용': 0.012500000000000002}"
최정주의 아트앤뮤직 큐레이션: 인상주의 화가들 시리즈 Ⅱ,복합,복합,최정주,,마리아칼라스홀(주최),,,['최정주'],[],연극+기악,연극,0.3269230769230769,기악,0.3076923076923077,"{'기악': 0.3076923076923077, '성악': 0.07692307692307693, '연극': 0.3269230769230769, '재즈/월드뮤직': 0.038461538461538464, '오페라': 0.25}"
"온쉼표, 하루 (10월)",복합,복합,,,"프로젝트 날다(제작사), (재)세종문화회관(주최)",,,[],[],None,None,0.0,None,0.0,{}
"짬콘서트:조선클럽, 재비＆유엔젤보이스 [용인]",복합,복합,,,"(재)경기도문화의전당(주최), (재)경기도문화의전당(주관)",,,[],[],None,None,0.0,None,0.0,{}
점프 [울산],복합,복합,,,"울주문화예술회관(울주군시설관리공단)(주관), 한국문화예술회관연합회(KoCACA)(주최), 울산광역시 울주군청(주최)",,,[],[],None,None,0.0,None,0.0,{}
Volare sul teatro (패키지),복합,복합,"김다운, 김홍인, 이루다, 이루마, 이지현, 임주찬, 신동하 등",,(재)춘천문화재단(주최),,,"['김다운', '김홍인', '이루다', '이루마', '이지현', '임주찬', '신동하']",[],발레+현대무용,발레,0.2420407004094691,현대무용,0.20899731113408143,"{'기악': 0.12063763019239054, '뮤지컬': 0.03552889419227774, '발레': 0.2420407004094691, '연극': 0.15784371510812928, '오페라': 0.013061801429207133, '인형극': 0.003952569169960475, '현대무용': 0.20899731113408143, '혼합': 0.010703057060672956, '성악': 0.04466511001288228, '창극': 0.0006020469596628538, '한국무용': 0.0024081878386514152, '재즈/월드뮤직': 0.15955897649261497}"
김영임 & 김용임과 함께하는 희희낙락 [영주],복합,복합,"김영임, 김용임, 고금성, 전영랑",,"한국문화예술회관연합회(KoCACA)(주최), 영주시문화예술회관(주관), (주)공간엔피엠(주관)",,,"['김영임', '김용임', '고금성', '전영랑']",[],대중가요+혼합,대중가요,0.28087797619047616,혼합,0.25657242063492064,"{'기악': 0.08370535714285715, '기타': 0.056671626984126984, '대중가요': 0.28087797619047616, '성악': 0.22681051587301587, '연극': 0.008928571428571428, '연희': 0.030629960317460316, '한국무용': 0.016741071428571428, '혼합': 0.25657242063492064, '재즈/월드뮤직': 0.0078125, '창극': 0.03125}"
찰리채플린 시네마 콘서트 with 신나는섬 [태안],복합,복합,,,태안문화예술회관(주최),,,[],[],None,None,0.0,None,0.0,{}
제16회 남양주 예술제,복합,복합,,,남양주시청(주관),,,[],[],None,None,0.0,None,0.0,{}
금요공감 (11월),복합,복합,"이동명, 박종배, 차형도, 김진, 이소윤, 배슬비, 최동현 등","심새인, 김종현",국립국악원(주최),,,"['이동명', '박종배', '차형도', '김진', '이소윤', '배슬비', '최동현']","['심새인', '김종현']",연극+성악,연극,0.3111496186813792,성악,0.2270529295937645,"{'기악': 0.12029861648736424, '성악': 0.2270529295937645, '연극': 0.3111496186813792, '오페라': 0.029177718832891254, '현대무용': 0.15111302624914247, '뮤지컬': 0.13783979178716024, '연희': 0.00512820512820513, '한국무용': 0.00512820512820513, '대중가요': 0.0034965034965034974, '재즈/월드뮤직': 0.009615384615384618}"
"수봉IN꿈노리, 샌드아트와 음악 안녕 비류야",복합,복합,,,"(사)한국예총 인천광역시연합회 인천예총(인천수봉문화회관)(주최), (사)한국예총 인천광역시연합회 인천예총(인천수봉문화회관)(주관)",,,[],[],None,None,0.0,None,0.0,{}
제15회 열린심포니오케스트라 정기연주회,복합,복합,"김사도, 김유림, 이선진, 천하은, 신일호, 강현영, 홍봉기 등",,"열린심포니오케스트라(주최), 열린심포니오케스트라(주관)",,,"['김사도', '김유림', '이선진', '천하은', '신일호', '강현영', '홍봉기']",[],기악+연극,기악,0.65,연극,0.33125,"{'기악': 0.65, '대중가요': 0.00625, '뮤지컬': 0.00625, '연극': 0.33125, '혼합': 0.00625}"
"봉포유 Ⅳ, 다시만난 세상으로- 봄바람 쐬러가자",복합,복합,"최수진, 박희재, 김태헌, 최권호, 최만호, 손현진",,"한국문화예술회관연합회(KoCACA)(주관), 봉산문화회관(주관), 한국문화예술회관연합회(KoCACA)(주최), 봉산문화회관(주최)",,,"['최수진', '박희재', '김태헌', '최권호', '최만호', '손현진']",[],뮤지컬+재즈/월드뮤직,뮤지컬,0.3607928839812897,재즈/월드뮤직,0.1365539452495974,"{'기악': 0.08792270531400964, '기타': 0.07039337474120082, '대중가요': 0.03408480944712828, '뮤지컬': 0.3607928839812897, '서커스/마술': 0.009661835748792268, '악극': 0.0032206119162640897, '연극': 0.09903381642512075, '재즈/월드뮤직': 0.1365539452495974, '한국무용': 0.004830917874396134, '현대무용': 0.03671497584541062, '발레': 0.02222222222222222, '성악': 0.023456790123456785, '연희': 0.012345679012345677, '혼합': 0.09876543209876541}"
밀양아리랑: 날 좀 보소,복합,복합,,,"(재)밀양문화재단(주관), 밀양시청(주최)",,,[],[],None,None,0.0,None,0.0,{}
선율기록: BIG VIOLIN PLAYER,복합,복합,"임이환, 이준, 서희숙",,,,,"['임이환', '이준', '서희숙']",[],기악+연극,기악,0.47435897435897434,연극,0.18509615384615385,"{'기악': 0.47435897435897434, '기타': 0.004807692307692308, '대중가요': 0.004807692307692308, '뮤지컬': 0.04326923076923077, '성악': 0.019230769230769232, '연극': 0.18509615384615385, '현대무용': 0.0673076923076923, '혼합': 0.055288461538461536, '오페라': 0.08333333333333333, '한국무용': 0.0625}"
장르불문 십분발휘,복합,복합,,,대전예술의전당(주최),,,[],[],None,None,0.0,None,0.0,{}
동지섣달 꽃 본 듯이,복합,복합,,,"(재)밀양문화재단(주관), 밀양시청(주최)",,,[],[],None,None,0.0,None,0.0,{}
Shall we Tango?,복합,복합,"박소현, 이네스 길, 유혜림, 우호균, 곽형훈",,쌀롱드무지끄(주최),,,"['박소현', '이네스 길', '유혜림', '우호균', '곽형훈']",[],기악+연극,기악,0.4217889908256881,연극,0.3456422018348624,"{'기악': 0.4217889908256881, '기타': 0.0022935779816513763, '대중가요': 0.0022935779816513763, '뮤지컬': 0.041055045871559635, '발레': 0.0022935779816513763, '성악': 0.03876146788990826, '연극': 0.3456422018348624, '연희': 0.054587155963302755, '재즈/월드뮤직': 0.0022935779816513763, '한국무용': 0.022935779816513763, '현대무용': 0.034174311926605506, '혼합': 0.006880733944954129, '오페라': 0.025}"
친절한 돼지씨,복합,복합,"김소진, 정초롱, 백승태, 정혜인, 유예나, 김나윤 등","김혜성, 이고운 등","경기도청(주관), 한국문화예술위원회(주관), (재)의정부문화재단 (의정부예술의전당)(주최), 경기문화재단(주최)",,,"['김소진', '정초롱', '백승태', '정혜인', '유예나', '김나윤']","['김혜성', '이고운']",연극+기악,연극,0.2359616862846018,기악,0.21492561949256678,"{'기악': 0.21492561949256678, '뮤지컬': 0.17648858166099546, '성악': 0.049265698614101336, '연극': 0.2359616862846018, '인형극': 0.006149023390402701, '창극': 0.00777000777000777, '한국무용': 0.05387356975985739, '혼합': 0.16702528240989778, '연희': 0.012617012617012617, '오페라': 0.005596255596255596, '대중가요': 0.04376657824933687, '악극': 0.010610079575596816, '현대무용': 0.01595060457936712}"
지역문화예술활성화를 위한 문화 예술 여행,복합,복합,,,"제주특별자치도 문화예술진흥원(주관), 제주특별자치도 문화예술진흥원(주최)",,,[],[],None,None,0.0,None,0.0,{}
코리아윈드필하모니 국악과 함께하는 이색콘서트,복합,복합,"서희태, 남상일, 오정해, 김산하, 이화영, 박정덕, 김무환 등",,"(재)달서문화재단 (웃는얼굴아트센터, 달서아트센터)(주최), 코리아윈드필하모니(주최)",,,"['서희태', '남상일', '오정해', '김산하', '이화영', '박정덕', '김무환']",[],기악+혼합,기악,0.28440139897767025,혼합,0.21380952380952384,"{'기악': 0.28440139897767025, '기타': 0.06386602098466507, '대중가요': 0.06902475114339522, '성악': 0.19259483454398713, '오페라': 0.11844632768361585, '연희': 0.031190476190476196, '창극': 0.003174603174603175, '한국무용': 0.007777777777777779, '혼합': 0.21380952380952384, '뮤지컬': 0.0061904761904761916, '악극': 0.0028571428571428576, '연극': 0.006666666666666668}"
"11시 음악산책, 공병우의 내 사랑",복합,복합,"공병우, 김민지, 박소영",,"광주문화예술회관(주최), 광주문화예술회관(주관)",,,"['공병우', '김민지', '박소영']",[],연극+기악,연극,0.2848211940410522,기악,0.19294536288827935,"{'기악': 0.19294536288827935, '성악': 0.12100738690602038, '오페라': 0.1477381204072088, '기타': 0.0014814814814814816, '넌버벌 퍼포먼스': 0.0004938271604938272, '대중가요': 0.016868175166047505, '뮤지컬': 0.1550362114901122, '발레': 0.012980599647266314, '스트리트/스포츠댄스': 0.0024060940372997107, '악극': 0.0004938271604938272, '연극': 0.2848211940410522, '연희': 0.018180794776539458, '재즈/월드뮤직': 0.006167586025742054, '한국무용': 0.021549026229877293, '현대무용': 0.006293669556080903, '혼합': 0.010118203309692672, '창극': 0.0014184397163120566}"
BEST OF THE BEST [대구],복합,복합,"성민제, 이경선, 백윤학 등",,"(재)달서문화재단 (웃는얼굴아트센터, 달서아트센터)(주최), (재)달서문화재단 (웃는얼굴아트센터, 달서아트센터)(기획사)",,,"['성민제', '이경선', '백윤학']",[],기악+연극,기악,0.8775213675213674,연극,0.04,"{'기악': 0.8775213675213674, '기타': 0.017663817663817662, '뮤지컬': 0.01267806267806268, '재즈/월드뮤직': 0.029487179487179483, '성악': 0.018945868945868947, '연극': 0.04, '오페라': 0.0037037037037037034}"
클림트 & 뮤직 콘서트 [용인],복합,다원/융복합,"정우철, 박진우, 김재원, 석현수",,"한국문화예술회관연합회(KoCACA)(주최), (재)용인문화재단(주관), (주)앰버린(주관)",,,"['정우철', '박진우', '김재원', '석현수']",[],기악+연극,기악,0.47243671193453307,연극,0.2864714594255926,"{'기악': 0.47243671193453307, '대중가요': 0.01609216376532139, '재즈/월드뮤직': 0.04206618973934736, '현대무용': 0.013414728983591261, '연극': 0.2864714594255926, '성악': 0.14318540844599428, '스트리트/스포츠댄스': 0.0015525753891542, '연희': 0.0022497187851518562, '혼합': 0.0044994375703037125, '기타': 0.0012831479897348161, '뮤지컬': 0.015893025978118952, '오페라': 0.0004277159965782721, '한국무용': 0.0004277159965782721}"
수험생을 위한 가족음악회 덕분에 콘서트,복합,복합,"김수경, 김선양, 김병현, 김민경, 류지은, 임봉석, 송성훈 등",,대구문화예술회관(주최),,,"['김수경', '김선양', '김병현', '김민경', '류지은', '임봉석', '송성훈']",[],기악+오페라,기악,0.2967579210469496,오페라,0.28981596493944944,"{'기악': 0.2967579210469496, '뮤지컬': 0.04992876426793505, '성악': 0.19708851168400635, '연극': 0.09451415567640682, '오페라': 0.28981596493944944, '한국무용': 0.011712318515192338, '혼합': 0.006810357730878611, '대중가요': 0.011829031867199807, '재즈/월드뮤직': 0.004358684384129677, '기타': 0.022105597964376594, '발레': 0.00753934596173782, '연희': 0.0006361323155216284, '현대무용': 0.00690321364621619}"
제4회 S.Festa,복합,복합,"김진현, 이용석, 김성경, 문경빈, 예재창, 제갈은하, 배지오 등","김성희, 장종호, 이지언","극단 가인(주최), 극단 가인(주관)",,,"['김진현', '이용석', '김성경', '문경빈', '예재창', '제갈은하', '배지오']","['김성희', '장종호', '이지언']",연극+기악,연극,0.4225838264299803,기악,0.2360786068440616,"{'기악': 0.2360786068440616, '뮤지컬': 0.03045534559182202, '연극': 0.4225838264299803, '넌버벌 퍼포먼스': 0.021712158808933003, '대중가요': 0.028664821530826497, '재즈/월드뮤직': 0.06724565756823822, '한국무용': 0.009615384615384616, '성악': 0.12274676271331791, '오페라': 0.05288461538461539, '인형극': 0.0032051282051282055, '마임': 0.004807692307692308}"
산타와 함께하는 빛의나라이야기,복합,다원/융복합,,,극단 상상마당컴퍼니(주최),,,[],[],None,None,0.0,None,0.0,{}
제14회 서울국제문화공연,복합,복합,,,,,,[],[],None,None,0.0,None,0.0,{}
축하 음악회 [부산],복합,복합,,,성원아트홀(주최),,,[],[],None,None,0.0,None,0.0,{}
춘천시립교향악단과 강원도립국악관현악단이 함께하는 신년음악회,복합,복합,"이종진, 정기훈, 김은정, 이소연, 성재창, 홍정의, 윤은화 등",,춘천시립예술단(주최),,,"['이종진', '정기훈', '김은정', '이소연', '성재창', '홍정의', '윤은화']",[],기악+연극,기악,0.41359463987922496,연극,0.17118323047176803,"{'기악': 0.41359463987922496, '성악': 0.06338904836928554, '연극': 0.17118323047176803, '오페라': 0.018686386077690426, '한국무용': 0.004786879786879788, '혼합': 0.031041784302653874, '현대무용': 0.07730905458178186, '대중가요': 0.09565217391304348, '뮤지컬': 0.0658023136284006, '발레': 0.009990009990009992, '인형극': 0.0029970029970029974, '넌버벌 퍼포먼스': 0.00158102766798419, '마당극': 0.00632411067193676, '스트리트/스포츠댄스': 0.000790513833992095, '재즈/월드뮤직': 0.0090720873329569, '창극': 0.01264822134387352, '연희': 0.015151515151515154}"
그린스크린 글리치,복합,다원/융복합,"조아라, 손정현, 조희성, 신희정 등","신희정, 김민주, 윤해인 등",(주)이방인(주최),,,"['조아라', '손정현', '조희성', '신희정']","['신희정', '김민주', '윤해인']",기악+뮤지컬,기악,0.2696024189397838,뮤지컬,0.22644917176569265,"{'기악': 0.2696024189397838, '기타': 0.005347305617506338, '뮤지컬': 0.22644917176569265, '성악': 0.04758153676064123, '연극': 0.21245115419073216, '오페라': 0.0049474847982310674, '한국무용': 0.00596919616477002, '현대무용': 0.12962176664569872, '창극': 0.013888888888888888, '대중가요': 0.058043117744610274, '발레': 0.0006218905472636816, '악극': 0.0034954537656544864, '재즈/월드뮤직': 0.006990907531308973, '혼합': 0.0063690169840452905, '연희': 0.008620689655172414}"
세종 예술제,복합,복합,박주영 등,,"(재)세종시문화재단(주관), 세종특별자치시청(주최)",,,['박주영'],[],연극+기악,연극,0.41960784313725497,기악,0.4071895424836602,"{'기악': 0.4071895424836602, '뮤지컬': 0.04052287581699347, '성악': 0.08104575163398695, '연극': 0.41960784313725497, '한국무용': 0.04052287581699347, '혼합': 0.011111111111111113}"
세종시문화재단 공연장상주단체 페스티벌,복합,복합,,,"(재)세종시문화재단(주관), 세종특별자치시청(주최)",,,[],[],None,None,0.0,None,0.0,{}
Harmony of Light [부산],복합,다원/융복합,,,"한국문화예술회관연합회(KoCACA)(주최), 부산광역시(주관)",,,[],[],None,None,0.0,None,0.0,{}
"제19회 의정부음악극축제, 이희문＆프렐류드＆놈놈 잠비나이 VOMLab",복합,복합,이희문 등,,(재)의정부문화재단 (의정부예술의전당)(주최),,,['이희문'],[],혼합+성악,혼합,0.6875,성악,0.15178571428571427,"{'기악': 0.09821428571428571, '기타': 0.008928571428571428, '대중가요': 0.017857142857142856, '성악': 0.15178571428571427, '재즈/월드뮤직': 0.03571428571428571, '혼합': 0.6875}"
영남필하모니오케스트라와 함께 하는 가족 클래식 음악회,복합,복합,"최지환, 오영지 등",,"(사)영남필하모닉오케스트라(주관), (사)영남필하모닉오케스트라(주최)",,,"['최지환', '오영지']",[],연극+기악,연극,0.43939393939393945,기악,0.40404040404040403,"{'기악': 0.40404040404040403, '성악': 0.030303030303030307, '악극': 0.015151515151515154, '연극': 0.43939393939393945, '혼합': 0.11111111111111112}"
제19회 강릉국제청소년 예술축전,복합,복합,,,강릉시청(주최),,,[],[],None,None,0.0,None,0.0,{}
"STAGE.5, 기술의 예술",복합,복합,,,"강릉아트센터(주최), 강릉아트센터(주관)",,,[],[],None,None,0.0,None,0.0,{}
대구문화예술회관 개관 30주년 기념 공연,복합,복합,,"이현창, 김성용, 정철원 등",대구문화예술회관(주최),,,[],"['이현창', '김성용', '정철원']",현대무용+기악,현대무용,0.2991071428571429,기악,0.27222222222222225,"{'기악': 0.27222222222222225, '혼합': 0.04444444444444445, '뮤지컬': 0.027777777777777787, '인형극': 0.02380952380952381, '현대무용': 0.2991071428571429, '연극': 0.14375000000000002, '대중가요': 0.16666666666666669, '마당극': 0.005555555555555557, '오페라': 0.01666666666666667}"
"그림 읽어주는 베토벤 THE CONCERT, 고흐vs고갱",복합,복합,조숙현 등,임용순,"대원미디어(주)(주최), 두손클래식엔터테인먼트(주)(주최), 대원미디어(주)(주관), 두손클래식엔터테인먼트(주)(주관)",,,['조숙현'],['임용순'],기악+재즈/월드뮤직,기악,0.9635964912280702,재즈/월드뮤직,0.03640350877192983,"{'기악': 0.9635964912280702, '재즈/월드뮤직': 0.03640350877192983}"
악가무서화(樂歌舞書畵) [영주],복합,복합,,"박지훈, 이준학, 이호준 등",한국문화예술회관연합회(KoCACA)(주최),,,[],"['박지훈', '이준학', '이호준']",오페라+성악,오페라,0.23952380952380956,성악,0.2076190476190476,"{'기악': 0.15746031746031747, '대중가요': 0.0022222222222222222, '뮤지컬': 0.08126984126984127, '성악': 0.2076190476190476, '스트리트/스포츠댄스': 0.0022222222222222222, '악극': 0.0044444444444444444, '연극': 0.16396825396825396, '현대무용': 0.03555555555555555, '오페라': 0.23952380952380956, '한국무용': 0.055714285714285716, '혼합': 0.05}"
"수성월드뮤직페스티벌, 신노이",복합,복합,"김보라, 이원술 등",,"(재)수성문화재단 수성아트피아(주최), (재)수성문화재단 수성아트피아(기획사)",,,"['김보라', '이원술']",[],현대무용+기악,현대무용,0.33333333333333326,기악,0.223015873015873,"{'기악': 0.223015873015873, '기타': 0.005555555555555555, '대중가요': 0.005555555555555555, '뮤지컬': 0.016666666666666666, '성악': 0.061111111111111095, '연극': 0.01111111111111111, '연희': 0.053174603174603166, '오페라': 0.03888888888888888, '재즈/월드뮤직': 0.10634920634920633, '현대무용': 0.33333333333333326, '혼합': 0.11190476190476188, '한국무용': 0.03333333333333333}"
"짬콘서트:조선클럽, 오단해아트랩＆서울발레시어터 [용인]",복합,복합,오단해 등,,"(재)경기도문화의전당(주최), (재)경기도문화의전당(주관)",,,['오단해'],[],혼합+성악,혼합,0.3125,성악,0.28125,"{'기악': 0.125, '대중가요': 0.03125, '뮤지컬': 0.1875, '성악': 0.28125, '연희': 0.03125, '오페라': 0.03125, '혼합': 0.3125}"
현대인을 위한 메디아트 콘서트 I [안동],복합,복합,"이상수, 박소연, 안은영, 이은실, 소현정, 김아람, 박소담 등","김신근, 정진","한국문화예술회관연합회(KoCACA)(주최), 안동문화예술의전당 (평생학습원)(주관)",,,"['이상수', '박소연', '안은영', '이은실', '소현정', '김아람', '박소담']","['김신근', '정진']",연극+기악,연극,0.30179860345239684,기악,0.2866558685664014,"{'대중가요': 0.029658892995199856, '뮤지컬': 0.10308900139408612, '재즈/월드뮤직': 0.030728951357310175, '연극': 0.30179860345239684, '기악': 0.2866558685664014, '기타': 0.0003766478342749528, '발레': 0.0071734292073275105, '성악': 0.09247466380383416, '연희': 0.0034069508645779827, '오페라': 0.017796610169491522, '현대무용': 0.09035300114693512, '혼합': 0.0003766478342749528, '인형극': 0.00606060606060606, '악극': 0.013366750208855468, '한국무용': 0.016683375104427734}"
"짬콘서트:조선클럽, 이날치 & 앰비규어스댄스컴퍼니 [용인]",복합,복합,,,"(재)경기도문화의전당(주최), (재)경기도문화의전당(주관)",,,[],[],None,None,0.0,None,0.0,{}
텐트 속 가을 콘서트,복합,복합,,,,,,[],[],None,None,0.0,None,0.0,{}
진성&남상일의 희희낙락 콘서트 [여주],복합,복합,"진성, 남상일, 최예림, 서정금",,"(재)여주세종문화재단(주최), (재)여주세종문화재단(주관)",,,"['진성', '남상일', '최예림', '서정금']",[],대중가요+혼합,대중가요,0.22777028040185937,혼합,0.11846925004819739,"{'기악': 0.0896964633806739, '대중가요': 0.22777028040185937, '기타': 0.009523809523809523, '성악': 0.0956043956043956, '연희': 0.024310776942355887, '창극': 0.052503052503052504, '한국무용': 0.0031746031746031746, '혼합': 0.11846925004819739, '뮤지컬': 0.07085020242914979, '발레': 0.10526315789473684, '연극': 0.11052631578947367, '마당극': 0.09230769230769231}"
코로나 극복기원 다큐·갈라콘서트 울림IV,복합,복합,"이승은, 하만택, 최영철, 김희정, 이정표, 임현경, 최영선 등",,"WK엔터테인먼트(주최), (주)코리아아르츠그룹(주관), (주)코리아아르츠그룹(주관), (주)코리아나매니지먼트(주관)",,,"['이승은', '하만택', '최영철', '김희정', '이정표', '임현경', '최영선']",[],기악+성악,기악,0.35334235550411297,성악,0.31489084386309046,"{'기악': 0.35334235550411297, '넌버벌 퍼포먼스': 0.040873854827343195, '대중가요': 0.0846775032059058, '뮤지컬': 0.05143654959387581, '성악': 0.31489084386309046, '악극': 0.00854734920689934, '연극': 0.05814000648408644, '오페라': 0.03299070683109316, '한국무용': 0.006066734074823054, '혼합': 0.011135509686234323, '발레': 0.0022446689113355778, '현대무용': 0.011808910359634996, '기타': 0.023099850968703428, '스트리트/스포츠댄스': 0.00037257824143070045, '연희': 0.00037257824143070045}"
최정주의 아트앤뮤직 큐레이션: 인상주의 화가들 시리즈 Ⅲ,복합,복합,최정주,,마리아칼라스홀(주최),,,['최정주'],[],연극+기악,연극,0.3269230769230769,기악,0.3076923076923077,"{'기악': 0.3076923076923077, '성악': 0.07692307692307693, '연극': 0.3269230769230769, '재즈/월드뮤직': 0.038461538461538464, '오페라': 0.25}"
BEST OF THE BEST,복합,복합,"성민제, 민유경, 백윤학 등",,"한국문화예술회관연합회(KoCACA)(주최), 서산문화회관(주관), 클라츠컴퍼니(제작사)",,,"['성민제', '민유경', '백윤학']",[],기악+재즈/월드뮤직,기악,0.9209401709401709,재즈/월드뮤직,0.03205128205128205,"{'기악': 0.9209401709401709, '기타': 0.02207977207977208, '뮤지컬': 0.01103988603988604, '재즈/월드뮤직': 0.03205128205128205, '성악': 0.009259259259259259, '오페라': 0.004629629629629629}"
미디어아트와 함께하는 포에트리 콜라보 음악회: 동주와 재하의 밤은 어둡지 않다,복합,다원/융복합,"박시원, 석상근, 서동진, 신하준, 이희주, 이정연 등",,"JK아트컴퍼니(주관), JK아트컴퍼니(주최)",,,"['박시원', '석상근', '서동진', '신하준', '이희주', '이정연']",[],연극+기악,연극,0.24359307359307358,기악,0.22250251645373598,"{'기악': 0.22250251645373598, '기타': 0.01997941083306937, '뮤지컬': 0.21354837574349766, '연극': 0.24359307359307358, '대중가요': 0.010238095238095237, '성악': 0.10027561327561327, '오페라': 0.018714285714285715, '재즈/월드뮤직': 0.010339105339105339, '현대무용': 0.11752380952380954, '한국무용': 0.025, '악극': 0.018285714285714287}"
홀로그램 판타지쇼! 올 댓 코리아: 소 랑 전 [부산],복합,다원/융복합,,,"부산학생예술문화회관(주최), 부산학생예술문화회관(기획사)",,,[],[],None,None,0.0,None,0.0,{}
마법의 샘,복합,다원/융복합,"이승학, 조혜수, 정성현, 김현석, 오창선","정지현, 문진영, 이승규 등",국립아시아문화전당(주최),,,"['이승학', '조혜수', '정성현', '김현석', '오창선']","['정지현', '문진영', '이승규']",연극+기악,연극,0.4160493827160493,기악,0.2738095238095238,"{'뮤지컬': 0.23827160493827154, '연극': 0.4160493827160493, '기악': 0.2738095238095238, '재즈/월드뮤직': 0.02028218694885361, '현대무용': 0.04232804232804232, '오페라': 0.009259259259259257}"
디스이즈 잇 [군산],복합,다원/융복합,,,"한국문화예술회관연합회(KoCACA)(주최), 군산예술의전당(주관)",,,[],[],None,None,0.0,None,0.0,{}
음악으로 읽어주는 실크로드 이야기,복합,다원/융복합,"노영심, 류은빈, 김주영, 나희원, 박한결, 김건중, 박소연","노영심, 박한결, 윤혜린 등",,,,"['노영심', '류은빈', '김주영', '나희원', '박한결', '김건중', '박소연']","['노영심', '박한결', '윤혜린']",기악+혼합,기악,0.34308656436380397,혼합,0.1864579730197163,"{'기악': 0.34308656436380397, '대중가요': 0.03320506168569121, '뮤지컬': 0.05924269939100446, '발레': 0.008578674150708048, '성악': 0.020978900034590103, '스트리트/스포츠댄스': 0.0008928571428571427, '연극': 0.15161702200140456, '연희': 0.004543161640619266, '한국무용': 0.007780612244897957, '현대무용': 0.16558140205234634, '혼합': 0.1864579730197163, '재즈/월드뮤직': 0.0099273607748184, '기타': 0.000403551251008878, '오페라': 0.001210653753026634, '인형극': 0.006493506493506492}"
서울국제컴퓨터음악제,복합,다원/융복합,,,"한국전자음악협회(주최), 한다우리 예술기획(주관)",,,[],[],None,None,0.0,None,0.0,{}
이정연댄스프로젝트: Lucid Dream Ⅱ,복합,다원/융복합,"이예진, 권민찬","이정연, 김진태, 현소영 등","한국문화예술위원회(주최), 이정연댄스프로젝트(제작사), 한양대학교 산학협력단(주관)",,,"['이예진', '권민찬']","['이정연', '김진태', '현소영']",기악+현대무용,기악,0.30592888592888595,현대무용,0.2536071336071336,"{'기악': 0.30592888592888595, '대중가요': 0.02457912457912458, '마당극': 0.0016835016835016836, '뮤지컬': 0.10234210234210235, '발레': 0.035016835016835016, '성악': 0.023674843674843675, '연극': 0.18726088726088727, '오페라': 0.010572390572390573, '한국무용': 0.012794612794612796, '현대무용': 0.2536071336071336, '악극': 0.020317460317460317, '재즈/월드뮤직': 0.011111111111111112, '혼합': 0.011111111111111112}"
최정주의 아트앤뮤직 큐레이션: 도시의 미술관 산책 I,복합,복합,최정주,,마리아칼라스홀(주최),,,['최정주'],[],연극+기악,연극,0.3269230769230769,기악,0.3076923076923077,"{'기악': 0.3076923076923077, '성악': 0.07692307692307693, '연극': 0.3269230769230769, '재즈/월드뮤직': 0.038461538461538464, '오페라': 0.25}"
작은 모래가 들려주는 바다이야기: 인어공주 외,복합,다원/융복합,,,극단 상상마당컴퍼니(주최),,,[],[],None,None,0.0,None,0.0,{}
신년음악회 [군포],복합,복합,"장윤성, 김순영 등",,"(재)군포문화재단(군포문화예술회관)(주최), (사)군포프라임필하모닉오케스트라(주관)",,,"['장윤성', '김순영']",[],기악+오페라,기악,0.31565934065934065,오페라,0.22280219780219782,"{'기악': 0.31565934065934065, '기타': 0.004189560439560439, '성악': 0.19244505494505496, '오페라': 0.22280219780219782, '혼합': 0.002403846153846154, '재즈/월드뮤직': 0.0125, '뮤지컬': 0.08333333333333333, '악극': 0.08333333333333333, '연극': 0.08333333333333333}"
부채소녀,복합,복합,"김보림, 한진수, 이다미, 이근재, 김은영, 박한결, 이지혜 등","정미선, 윤현진, 김윤진 등",NMK 한국으로부터의 새로운 음악(주최),,,"['김보림', '한진수', '이다미', '이근재', '김은영', '박한결', '이지혜']","['정미선', '윤현진', '김윤진']",기악+뮤지컬,기악,0.3174723039482765,뮤지컬,0.14698309784122138,"{'기악': 0.3174723039482765, '성악': 0.06495768406523555, '연희': 0.0828997009431792, '혼합': 0.11529675638371291, '현대무용': 0.060783298826777084, '뮤지컬': 0.14698309784122138, '악극': 0.004629629629629629, '창극': 0.015873015873015872, '연극': 0.06277444819778916, '오페라': 0.07913291683314566, '대중가요': 0.00675178283873936, '재즈/월드뮤직': 0.014444444444444446, '한국무용': 0.008068783068783067, '기타': 0.008349436392914654, '마임': 0.00020128824476650564, '발레': 0.002846790890269151, '서커스/마술': 0.00020128824476650564, '인형극': 0.008333333333333333}"
코미디 애니멀 쇼 [인천],복합,복합,,,아띠홀(주최),,,[],[],None,None,0.0,None,0.0,{}
"＃의정부아트스테이지, 걱정말아요 그대",복합,복합,"이지연, 오기석, 신민정, 송민수, 한아름, 이상희, 김용환 등",,"(재)의정부문화재단 (의정부예술의전당)(주최), (재)의정부문화재단 (의정부예술의전당)(주관)",,,"['이지연', '오기석', '신민정', '송민수', '한아름', '이상희', '김용환']",[],기악+연극,기악,0.30666117018754113,연극,0.27440251888768,"{'기악': 0.30666117018754113, '기타': 0.0008802816901408449, '넌버벌 퍼포먼스': 0.0008802816901408449, '대중가요': 0.00442655935613682, '뮤지컬': 0.17906605391182695, '발레': 0.009357068335941575, '성악': 0.07099705941467072, '연극': 0.27440251888768, '오페라': 0.06148634229620144, '재즈/월드뮤직': 0.023571987480438178, '현대무용': 0.00266599597585513, '한국무용': 0.01205547597697267, '혼합': 0.03334473636197773, '창극': 0.004310344827586206, '마임': 0.008611955420466057, '악극': 0.007282168186423504}"
Sonic Illusion,복합,다원/융복합,,,"한국멀티미디어음악학회(주최), 계명대학교(주최)",,,[],[],None,None,0.0,None,0.0,{}
최정주의 아트앤뮤직 큐레이션: 도시의 미술관 산책 Ⅱ,복합,복합,최정주,,마리아칼라스홀(주최),,,['최정주'],[],연극+기악,연극,0.3269230769230769,기악,0.3076923076923077,"{'기악': 0.3076923076923077, '성악': 0.07692307692307693, '연극': 0.3269230769230769, '재즈/월드뮤직': 0.038461538461538464, '오페라': 0.25}"
대구문화예술회관 새해희망콘서트,복합,복합,"이현창, 이화영, 이병삼, 이미연, 백나현, 김수동, 임형석 등",,대구문화예술회관(주최),,,"['이현창', '이화영', '이병삼', '이미연', '백나현', '김수동', '임형석']",[],기악+성악,기악,0.5763569763569764,성악,0.14713619713619713,"{'기악': 0.5763569763569764, '혼합': 0.05454545454545454, '뮤지컬': 0.06277056277056277, '대중가요': 0.0015151515151515152, '성악': 0.14713619713619713, '연극': 0.10476190476190475, '연희': 0.0015151515151515152, '오페라': 0.04137529137529137, '한국무용': 0.0030303030303030303, '마당극': 0.0034965034965034965, '창극': 0.0034965034965034965}"
천막극장,복합,복합,,,"대구광역시 서구문화회관(주최), 대구광역시 서구문화회관(주관)",,,[],[],None,None,0.0,None,0.0,{}
코미디 애니멀쇼 [의정부],복합,복합,,,극단 상상마당컴퍼니(주최),,,[],[],None,None,0.0,None,0.0,{}
"대전문화예술지킴이 감사콘서트, 제4편 그리운 그대여",복합,복합,"박지혜, 지현아, 박세환, 이상미, 조병주, 강지연, 조하나 등",,"대전문화예술지킴이(주최), 대전문화예술네트워크(주최), 지오엠미디어(주관)",,,"['박지혜', '지현아', '박세환', '이상미', '조병주', '강지연', '조하나']",[],연극+기악,연극,0.28861752976346616,기악,0.22073714939475453,"{'기악': 0.22073714939475453, '대중가요': 0.016589919326051257, '뮤지컬': 0.08603285958099115, '성악': 0.14860670518289817, '스트리트/스포츠댄스': 0.004310344827586206, '연극': 0.28861752976346616, '연희': 0.001436781609195402, '오페라': 0.054460864805692386, '재즈/월드뮤직': 0.005747126436781608, '한국무용': 0.01497970691204263, '현대무용': 0.03884222418705177, '기타': 0.053424178895877, '혼합': 0.010831586303284414, '인형극': 0.011904761904761902, '넌버벌 퍼포먼스': 0.0018115942028985503, '발레': 0.04166666666666666}"
최정주의 아트앤뮤직 큐레이션: 도시의 미술관 산책 Ⅲ,복합,복합,최정주,,마리아칼라스홀(주최),,,['최정주'],[],연극+기악,연극,0.3269230769230769,기악,0.3076923076923077,"{'기악': 0.3076923076923077, '성악': 0.07692307692307693, '연극': 0.3269230769230769, '재즈/월드뮤직': 0.038461538461538464, '오페라': 0.25}"
다크필드: FLIGHT,복합,다원/융복합,,"서미정, 김희수 최영은 등",(재)우란문화재단(주최),,,[],"['서미정', '김희수 최영은']",연극+뮤지컬,연극,0.6818181818181819,뮤지컬,0.18181818181818182,"{'대중가요': 0.045454545454545456, '뮤지컬': 0.18181818181818182, '악극': 0.045454545454545456, '연극': 0.6818181818181819, '한국무용': 0.045454545454545456}"
"통영국제음악제, 디어 루나",복합,복합,"김주원, 이승현, 이소정, 김윤아, 윤홍천, 한예리, 정미조 등","김주원, 김택수, 최수진 등","(재)통영국제음악재단(주최), 통영시(주관), (재)통영국제음악재단(주관), 통영시(주최)",,,"['김주원', '이승현', '이소정', '김윤아', '윤홍천', '한예리', '정미조']","['김주원', '김택수', '최수진']",연극+기악,연극,0.24934920937530136,기악,0.19735534197051485,"{'기악': 0.19735534197051485, '기타': 0.014194705420382632, '발레': 0.11225839276817935, '성악': 0.052580298032380506, '연극': 0.24934920937530136, '연희': 0.002233040959201739, '재즈/월드뮤직': 0.07180521765596741, '창극': 0.002735978112175103, '현대무용': 0.06016299334742176, '혼합': 0.003480579750298707, '악극': 0.01231727473598135, '오페라': 0.03062926138437505, '대중가요': 0.04902470230864855, '뮤지컬': 0.13160521419872948, '스트리트/스포츠댄스': 0.000865051903114187, '한국무용': 0.004287648563261623, '서커스/마술': 0.0051150895140664975}"
"통영국제음악제, 이날치",복합,복합,"권송희, 신유진, 안이호, 이나래, 장영규, 정중엽, 이철희",,"(재)통영국제음악재단(주관), 통영시(주최), (재)통영국제음악재단(주최), 통영시(주관)",,,"['권송희', '신유진', '안이호', '이나래', '장영규', '정중엽', '이철희']",[],연극+혼합,연극,0.34605263157894744,혼합,0.24880504611404444,"{'대중가요': 0.07742605065185712, '성악': 0.11069459214620504, '혼합': 0.24880504611404444, '기악': 0.0859677419354839, '뮤지컬': 0.008225806451612905, '연극': 0.34605263157894744, '인형극': 0.005000000000000001, '한국무용': 0.015263157894736845, '현대무용': 0.07842105263157896, '창극': 0.017692307692307698, '연희': 0.006451612903225807}"
라이온킹외 친구들 [안산],복합,다원/융복합,,,,,,[],[],None,None,0.0,None,0.0,{}
비올라 tuitti와 가야금의 FOREST SOUNDS,복합,복합,"유예슬, 박달님, 김단비, 정다솜, 김진아, 엄지유, 임송이 등",,(재)우진문화재단(주최),,,"['유예슬', '박달님', '김단비', '정다솜', '김진아', '엄지유', '임송이']",[],기악+연극,기악,0.6082770270270269,연극,0.17574605855855854,"{'기악': 0.6082770270270269, '뮤지컬': 0.025476592664092655, '발레': 0.0033783783783783777, '성악': 0.05095318532818532, '연극': 0.17574605855855854, '재즈/월드뮤직': 0.06756756756756756, '기타': 0.024999999999999994, '대중가요': 0.005208333333333332, '악극': 0.005208333333333332, '연희': 0.005208333333333332, '한국무용': 0.01302083333333333, '현대무용': 0.014955357142857138}"
코미디애니멀쇼 [부천],복합,복합,,,키즈플러스(주최),,,[],[],None,None,0.0,None,0.0,{}
"춘천시립합창단 어린이음악회, 친구야노올자: 콩쥐팥쥐",복합,복합,"임창은, 최은혜, 노효정, 김현애, 오창균, 박광석, 조용원 등","양홍주, 김명주 등","춘천시립예술단(주최), 춘천시청(주최), (재)춘천문화재단(주최)",,,"['임창은', '최은혜', '노효정', '김현애', '오창균', '박광석', '조용원']","['양홍주', '김명주']",성악+연극,성악,0.39801587301587305,연극,0.17103174603174603,"{'기악': 0.08855311355311354, '성악': 0.39801587301587305, '악극': 0.0047619047619047615, '대중가요': 0.02967032967032967, '연희': 0.007142857142857143, '오페라': 0.007142857142857143, '재즈/월드뮤직': 0.06868131868131869, '뮤지컬': 0.14166666666666666, '연극': 0.17103174603174603, '기타': 0.05, '넌버벌 퍼포먼스': 0.008333333333333333, '한국무용': 0.016666666666666666, '혼합': 0.008333333333333333}"
"안산시립예술단 기획공연, 목요보노음악회",복합,복합,,,"안산시청(주최), 안산시립예술단(주관)",,,[],[],None,None,0.0,None,0.0,{}
청산 The 그리다,복합,복합,"이밝음, 유성희, 황가연, 박한결, 조성일, 채승웅",,,,,"['이밝음', '유성희', '황가연', '박한결', '조성일', '채승웅']",[],기악+혼합,기악,0.3814814814814815,혼합,0.2888888888888889,"{'기악': 0.3814814814814815, '혼합': 0.2888888888888889, '연극': 0.24537037037037035, '재즈/월드뮤직': 0.007407407407407408, '현대무용': 0.007407407407407408, '대중가요': 0.05555555555555555, '악극': 0.013888888888888888}"
"한국음악, 여섯 개의 길로 떠나는 음악여행 레게, 판소리를 만나다",복합,복합,김율희 등,,"광주광역시 북구(주최), 광주북구문화센터(주관)",,,['김율희'],[],한국무용+성악,한국무용,0.5487804878048781,성악,0.12195121951219512,"{'기악': 0.10975609756097561, '기타': 0.024390243902439025, '대중가요': 0.024390243902439025, '성악': 0.12195121951219512, '재즈/월드뮤직': 0.036585365853658534, '창극': 0.036585365853658534, '한국무용': 0.5487804878048781, '혼합': 0.0975609756097561}"
Body ＆ Voice [인제],복합,복합,,,"(재)인제군문화재단(주최), (재)인제군문화재단(주관), Brassonit(주관)",,,[],[],None,None,0.0,None,0.0,{}
"더 뉴바로크 컴퍼니, 세계의 조화 21",복합,다원/융복합,"최현정, 이한솔, 장유진, 전현호, 아렌트 흐러스펠트, 장정권, 박성민",,더뉴바로크컴퍼니(주관),,,"['최현정', '이한솔', '장유진', '전현호', '아렌트 흐러스펠트', '장정권', '박성민']",[],기악+연극,기악,0.4182364471866063,연극,0.33948451910408445,"{'기악': 0.4182364471866063, '대중가요': 0.0034090909090909102, '뮤지컬': 0.047414361001317545, '성악': 0.05789138066775926, '연극': 0.33948451910408445, '재즈/월드뮤직': 0.0025568181818181827, '혼합': 0.004166666666666668, '오페라': 0.11049519586104957, '발레': 0.003787878787878789, '악극': 0.007822793148880108, '한국무용': 0.00331439393939394, '스트리트/스포츠댄스': 0.001420454545454546}"
최정주의 아트앤뮤직 큐레이션: 도시의 미술관 산책 Ⅳ,복합,복합,최정주,,마리아칼라스홀(주최),,,['최정주'],[],연극+기악,연극,0.3269230769230769,기악,0.3076923076923077,"{'기악': 0.3076923076923077, '성악': 0.07692307692307693, '연극': 0.3269230769230769, '재즈/월드뮤직': 0.038461538461538464, '오페라': 0.25}"
"해설이 있는 11시콘서트, 블랙스트링 [천안] (4월)",복합,복합,오유석 등,,(재)천안문화재단(천안예술전당)(주최),,,['오유석'],[],성악+기악,성악,0.5357142857142858,기악,0.28571428571428575,"{'기악': 0.28571428571428575, '뮤지컬': 0.03571428571428572, '성악': 0.5357142857142858, '오페라': 0.10714285714285715, '재즈/월드뮤직': 0.03571428571428572}"
"K-Brunch Concert, 우리의 아침을 여는 한국음악: 첼로가야금 [대전]",복합,복합,"이정훈, 천지윤, 안은경, 김효영, 신주희, 김솔다니엘 등",,"대전시립연정국악원(주최), 대전국악방송(주최), 대전시립연정국악원(주관)",,,"['이정훈', '천지윤', '안은경', '김효영', '신주희', '김솔다니엘']",[],기악+연극,기악,0.4141229141229142,연극,0.2674501424501425,"{'기악': 0.4141229141229142, '대중가요': 0.02973646723646724, '마임': 0.009793447293447295, '뮤지컬': 0.04985754985754987, '성악': 0.06430606430606431, '연극': 0.2674501424501425, '한국무용': 0.011396011396011398, '현대무용': 0.0028490028490028496, '마당극': 0.006944444444444446, '악극': 0.006944444444444446, '연희': 0.006944444444444446, '혼합': 0.09485653235653238, '기타': 0.005291005291005292, '재즈/월드뮤직': 0.028083028083028087, '오페라': 0.0014245014245014248}"
"리버사이드앙상블, 유니크와 샌드아트가 들려주는 어린왕자 이야기",복합,다원/융복합,"정지은, 김다솜, 오성준, 최은하, 조유미, 강병곤, 오현택 등",,경상남도문화예술회관(주최),,,"['정지은', '김다솜', '오성준', '최은하', '조유미', '강병곤', '오현택']",[],현대무용+연극,현대무용,0.24222222222222226,연극,0.23051069703243615,"{'기악': 0.1351414768806073, '기타': 0.0022222222222222222, '뮤지컬': 0.008888888888888889, '성악': 0.1337129054520359, '연극': 0.23051069703243615, '한국무용': 0.0044444444444444444, '현대무용': 0.24222222222222226, '연희': 0.07857142857142857, '혼합': 0.06428571428571428, '대중가요': 0.1}"
"더 H 콘서트, 크로키키 브라더스X림스타악기앙상블 [화성]",복합,다원/융복합,,,"(재)화성시문화재단(주관), (재)화성시문화재단(주최)",,,[],[],None,None,0.0,None,0.0,{}
이국정원,복합,다원/융복합,"박시원, 서현우, 김기창, 손현정, 나미희, 박영수 등",,"예술의전당(주최), (주)포도(주최)",,,"['박시원', '서현우', '김기창', '손현정', '나미희', '박영수']",[],뮤지컬+연극,뮤지컬,0.4520905923344948,연극,0.44642857142857145,"{'기악': 0.014953542392566781, '기타': 0.009146341463414634, '뮤지컬': 0.4520905923344948, '연극': 0.44642857142857145, '성악': 0.005952380952380952, '연희': 0.002976190476190476, '혼합': 0.005952380952380952, '악극': 0.0625}"
"금욜로 시리즈, 첼로가야금 [포항]",복합,복합,"김 솔 다니엘, 윤다영",,(재)포항문화재단(주관),,,"['김 솔 다니엘', '윤다영']",[],연극+기악,연극,0.3333333333333333,기악,0.325,"{'기악': 0.325, '혼합': 0.25833333333333336, '발레': 0.041666666666666664, '재즈/월드뮤직': 0.041666666666666664, '연극': 0.3333333333333333}"
"ACC 창제작 어린이공연, 괴물 연을 그리다",복합,복합,"김보희, 김지애, 이원선, 최재형","이미희, 이보람, 서찬빈 등","아시아문화원(제작사), 문화예술교육 더베프(제작사)",,,"['김보희', '김지애', '이원선', '최재형']","['이미희', '이보람', '서찬빈']",연극+뮤지컬,연극,0.6100490196078433,뮤지컬,0.07829520697167758,"{'연극': 0.6100490196078433, '인형극': 0.06579520697167757, '기악': 0.06960784313725492, '대중가요': 0.047794117647058834, '마임': 0.006535947712418302, '뮤지컬': 0.07829520697167758, '성악': 0.013071895424836603, '혼합': 0.006535947712418302, '한국무용': 0.05833333333333335, '현대무용': 0.013888888888888892, '넌버벌 퍼포먼스': 0.011574074074074075, '재즈/월드뮤직': 0.01851851851851852}"
코미디 애니멀 쇼 [구로],복합,복합,,,주니엔터테인먼트(주최),,,[],[],None,None,0.0,None,0.0,{}
"샌드애니메이션, 동물의사육제 [의정부]",복합,다원/융복합,,,극단 상상마당컴퍼니(주관),,,[],[],None,None,0.0,None,0.0,{}
봄내려온다,복합,복합,"강지예, 김경목, 김은비, 문인주, 손온유, 유낙원, 이대한 등","이광현, 이춘설희, 손온유 등","GLC컴퍼니(지엘씨컴퍼니)(주관), 퓨리파이(주최)",,,"['강지예', '김경목', '김은비', '문인주', '손온유', '유낙원', '이대한']","['이광현', '이춘설희', '손온유']",뮤지컬+연극,뮤지컬,0.6376212145442914,연극,0.2341203495049649,"{'뮤지컬': 0.6376212145442914, '연극': 0.2341203495049649, '기악': 0.09979209979209981, '대중가요': 0.004158004158004159, '발레': 0.0020790020790020796, '성악': 0.004158004158004159, '혼합': 0.006237006237006238, '기타': 0.00591715976331361, '인형극': 0.00591715976331361}"
한웅원밴드 With 유태평양 [충주],복합,복합,"한웅원, 유태평양 등",,"문화체육관광부(주최), 한국문화예술회관연합회(KoCACA)(주관), 충주시문화회관(주관)",,,"['한웅원', '유태평양']",[],재즈/월드뮤직+창극,재즈/월드뮤직,0.30877192982456136,창극,0.15789473684210525,"{'기악': 0.12180451127819548, '기타': 0.04611528822055137, '대중가요': 0.04285714285714286, '성악': 0.13709273182957393, '재즈/월드뮤직': 0.30877192982456136, '혼합': 0.15037593984962405, '마당극': 0.008771929824561403, '연희': 0.017543859649122806, '창극': 0.15789473684210525, '한국무용': 0.008771929824561403}"
"SETUP 202, 당클매다",복합,다원/융복합,,"고동욱, 김준보, 김상완, 양이삭","(재)국립극단(주최), EASThug(제작사)",,,[],"['고동욱', '김준보', '김상완', '양이삭']",연극+기악,연극,0.5,기악,0.3333333333333333,"{'기악': 0.3333333333333333, '연희': 0.1, '성악': 0.03333333333333333, '연극': 0.5, '혼합': 0.03333333333333333}"
출범기념 오프닝 콘서트 [경기 광주],복합,복합,"장영규, 박준철, 이철희, 권송희, 신유진, 안이호, 이나래 등",,"(재)광주시문화재단 [경기광주](주최), (재)광주시문화재단 [경기광주](주관)",,,"['장영규', '박준철', '이철희', '권송희', '신유진', '안이호', '이나래']",[],혼합+연극,혼합,0.2943682237400404,연극,0.22368421052631576,"{'대중가요': 0.07038731877441555, '성악': 0.12335872013291366, '혼합': 0.2943682237400404, '연극': 0.22368421052631576, '한국무용': 0.013875598086124402, '현대무용': 0.07129186602870813, '뮤지컬': 0.09838709677419355, '창극': 0.016083916083916086, '기악': 0.0781524926686217, '인형극': 0.004545454545454546, '연희': 0.005865102639296188}"
PICAS와 함께하는 어린이날 그림동화 음악회 Ⅷ,복합,복합,"윤혜경, 황지수, 최영진, 백혜원, 서의철, 황윤희, 임정철 등",,"이든예술기획(주관), 피카스(PICAS)(주최)",,,"['윤혜경', '황지수', '최영진', '백혜원', '서의철', '황윤희', '임정철']",[],기악+성악,기악,0.47581911552499784,성악,0.1581342132812721,"{'기악': 0.47581911552499784, '뮤지컬': 0.02059460147695442, '성악': 0.1581342132812721, '연극': 0.0954520697167756, '한국무용': 0.08333333333333333, '기타': 0.0023148148148148147, '대중가요': 0.004629629629629629, '혼합': 0.02525252525252525, '발레': 0.041666666666666664, '악극': 0.024621212121212124, '연희': 0.03598484848484849, '창극': 0.032196969696969696}"
"영화의전당 개관 10주년 기념, 라이브 더빙쇼: 이국정원 [부산]",복합,다원/융복합,"박시원, 이수안, 서현우, 손현정, 나미희, 박영수",,"(재)영화의전당(주최), 한국영상자료원(주최), 문화상회 노닥(주관)",,,"['박시원', '이수안', '서현우', '손현정', '나미희', '박영수']",[],뮤지컬+연극,뮤지컬,0.4520905923344948,연극,0.44642857142857145,"{'기악': 0.014953542392566781, '기타': 0.009146341463414634, '뮤지컬': 0.4520905923344948, '연극': 0.44642857142857145, '성악': 0.005952380952380952, '연희': 0.002976190476190476, '혼합': 0.005952380952380952, '악극': 0.0625}"
크로이처 소나타,복합,복합,"황건, 일리야 라쉬코프스키 등",황건,강동문화재단(강동아트센터)(주최),,,"['황건', '일리야 라쉬코프스키']",['황건'],기악+연극,기악,0.5272536687631028,연극,0.4444444444444444,"{'기악': 0.5272536687631028, '연극': 0.4444444444444444, '성악': 0.028301886792452827}"
박애리와 함께하는 무브먼트 코리아3,복합,다원/융복합,박애리 등,,"(재)행복북구문화재단(어울아트센터)(주관), 광개토사물놀이예술단(주관), 한국문화예술회관연합회(KoCACA)(주최)",,,['박애리'],[],창극+혼합,창극,0.5507246376811594,혼합,0.18840579710144928,"{'기악': 0.06521739130434782, '기타': 0.007246376811594203, '넌버벌 퍼포먼스': 0.007246376811594203, '대중가요': 0.007246376811594203, '성악': 0.12318840579710146, '연희': 0.043478260869565216, '창극': 0.5507246376811594, '한국무용': 0.007246376811594203, '혼합': 0.18840579710144928}"
김영임 & 김용임과 함께하는 희희낙락 [통영],복합,복합,"김영임, 김용임, 고금성, 전영랑",,"통영시(주관), (주)공감엔피엠(주관)",,,"['김영임', '김용임', '고금성', '전영랑']",[],대중가요+혼합,대중가요,0.28087797619047616,혼합,0.25657242063492064,"{'기악': 0.08370535714285715, '기타': 0.056671626984126984, '대중가요': 0.28087797619047616, '성악': 0.22681051587301587, '연극': 0.008928571428571428, '연희': 0.030629960317460316, '한국무용': 0.016741071428571428, '혼합': 0.25657242063492064, '재즈/월드뮤직': 0.0078125, '창극': 0.03125}"
갈라쇼 [대전],복합,복합,"최정원, 김혜원, 신주형, 김호준, 변재흥, 박수진, 임유 등",,아트피플컴퍼니(주최),,,"['최정원', '김혜원', '신주형', '김호준', '변재흥', '박수진', '임유']",[],뮤지컬+연극,뮤지컬,0.25990018753176647,연극,0.25560240928661987,"{'기악': 0.11751727804359384, '기타': 0.01681096681096681, '대중가요': 0.008908635224424697, '뮤지컬': 0.25990018753176647, '성악': 0.06633629528366371, '연극': 0.25560240928661987, '현대무용': 0.09359307359307359, '혼합': 0.039790764790764786, '발레': 0.002631578947368421, '오페라': 0.02550125313283208, '재즈/월드뮤직': 0.005263157894736842, '한국무용': 0.023822055137844612, '넌버벌 퍼포먼스': 0.0038461538461538464, '마당극': 0.010714285714285714, '연희': 0.06976190476190476}"
탈피 [인천],복합,복합,"권순민, 이소산, 김기태, 양동환, 김미르, 손힘찬 등","임현태, 오수현, 고혜수 등","(재)인천광역시 부평구문화재단(부평아트센터)(주최), 부평문화사랑방(주관)",,,"['권순민', '이소산', '김기태', '양동환', '김미르', '손힘찬']","['임현태', '오수현', '고혜수']",뮤지컬+연극,뮤지컬,0.5447619047619048,연극,0.18961038961038962,"{'스트리트/스포츠댄스': 0.09090909090909093, '뮤지컬': 0.5447619047619048, '기타': 0.0018181818181818186, '대중가요': 0.050909090909090925, '성악': 0.02818181818181818, '악극': 0.04835497835497836, '연극': 0.18961038961038962, '기악': 0.015151515151515154, '창극': 0.030303030303030307}"
"요즘예술, 경기도극단 & 경기필하모닉오케스트라",복합,복합,정나라 등,"한태숙, 김정","경기아트센터(주최), 경기아트센터(주관)",,,['정나라'],"['한태숙', '김정']",연극+기악,연극,0.47561594202898555,기악,0.25391304347826094,"{'기악': 0.25391304347826094, '성악': 0.22898550724637684, '연극': 0.47561594202898555, '오페라': 0.0028985507246376816, '악극': 0.03858695652173914}"
생상스의 동물의 사육제 [화성],복합,다원/융복합,"이희주, 이정연, 신하준, 김정훈, 이예솔, 오승규, 박병준 등","김승민, 남다혜, 최혜진 등","스피리또(주관), 스피리또(주최)",,,"['이희주', '이정연', '신하준', '김정훈', '이예솔', '오승규', '박병준']","['김승민', '남다혜', '최혜진']",기악+연극,기악,0.31304920686223203,연극,0.22264848246991106,"{'기악': 0.31304920686223203, '대중가요': 0.05548287496816908, '뮤지컬': 0.12794064012551407, '성악': 0.10076030878551888, '재즈/월드뮤직': 0.06277905101434512, '한국무용': 0.017857142857142856, '악극': 0.013061224489795919, '연극': 0.22264848246991106, '오페라': 0.008961038961038961, '현대무용': 0.06121830550401979, '마당극': 0.005113636363636364, '스트리트/스포츠댄스': 0.0006493506493506494, '혼합': 0.0006493506493506494, '기타': 0.004201680672268907, '연희': 0.005627705627705628}"
대동춤Ⅱ,복합,복합,"추현탁, 이민형, 조아라, 조다솜, 유선후, 박솔지, 정민지 등","김상연, 노상민, 남경식 등",,,,"['추현탁', '이민형', '조아라', '조다솜', '유선후', '박솔지', '정민지']","['김상연', '노상민', '남경식']",기악+연극,기악,0.3681609375948998,연극,0.1458610362383947,"{'기악': 0.3681609375948998, '성악': 0.06881954523463957, '연희': 0.00912540988012686, '대중가요': 0.018934629311987798, '연극': 0.1458610362383947, '창극': 0.021892782270140757, '한국무용': 0.07808325846061692, '혼합': 0.11933404122083364, '기타': 0.0014814814814814812, '뮤지컬': 0.09063492063492062, '오페라': 0.011481481481481478, '현대무용': 0.05507936507936506, '넌버벌 퍼포먼스': 0.005555555555555554, '재즈/월드뮤직': 0.005555555555555554}"
"교육가족 공감 콘서트, 쉼",복합,복합,"이경구, 배다해, 한혜진, 김의형 등",,인천학생교육문화회관(주최),,,"['이경구', '배다해', '한혜진', '김의형']",[],연극+기악,연극,0.2705260093167702,기악,0.16733792701863354,"{'기악': 0.16733792701863354, '대중가요': 0.13050756987577639, '뮤지컬': 0.14471726190476192, '성악': 0.026680577122153208, '악극': 0.019717261904761904, '연극': 0.2705260093167702, '재즈/월드뮤직': 0.01953125, '한국무용': 0.019717261904761904, '현대무용': 0.15383184523809523, '혼합': 0.01171875, '기타': 0.03571428571428571}"
둥글고 둥글게 [부산],복합,복합,"장민승, 정재일",,"(재)영화의전당(주최), (재)영화의전당(주관), 한국영상자료원(주최), 한국영상자료원(주관)",,,"['장민승', '정재일']",[],성악+뮤지컬,성악,0.37037037037037046,뮤지컬,0.19191919191919196,"{'성악': 0.37037037037037046, '대중가요': 0.11111111111111112, '연극': 0.08754208754208756, '연희': 0.15824915824915825, '뮤지컬': 0.19191919191919196, '발레': 0.010101010101010104, '악극': 0.020202020202020207, '한국무용': 0.020202020202020207, '현대무용': 0.030303030303030307}"
해피콘서트 [군포],복합,복합,"박상우, 하윤주, 방수미, 고은영, 박희재, 백승욱 등",,"(재)군포문화재단(군포문화예술회관)(주최), 세종국악심포니오케스트라(세종국악관현악단)(주관)",,,"['박상우', '하윤주', '방수미', '고은영', '박희재', '백승욱']",[],혼합+기악,혼합,0.31345566475177644,기악,0.2152453354223045,"{'기악': 0.2152453354223045, '뮤지컬': 0.15871472882938487, '성악': 0.14184465452847805, '연희': 0.021378968253968254, '창극': 0.07023809523809524, '현대무용': 0.0035714285714285713, '혼합': 0.31345566475177644, '연극': 0.018361581920903956, '한국무용': 0.016666666666666666, '오페라': 0.029411764705882353, '대중가요': 0.01111111111111111}"
쇼그맨 [밀양],복합,복합,"박성호, 김재욱, 이종훈, 김원효, 정범균",,"(재)밀양문화재단(주관), (재)밀양문화재단(주최)",,,"['박성호', '김재욱', '이종훈', '김원효', '정범균']",[],연극+기타,연극,0.3802045344336173,기타,0.15126050420168066,"{'대중가요': 0.061543457962895294, '성악': 0.05188162221410303, '연극': 0.3802045344336173, '재즈/월드뮤직': 0.006211180124223601, '한국무용': 0.0591256569517439, '혼합': 0.030279503105590057, '인형극': 0.05357142857142856, '창극': 0.017857142857142856, '기악': 0.06509270374816592, '뮤지컬': 0.08669108669108669, '현대무용': 0.01587301587301587, '악극': 0.020408163265306117, '기타': 0.15126050420168066}"
나태주와 함께하는 LED 비바츠태권발레 [철원],복합,다원/융복합,나태주 등,,철원군(주최),,,['나태주'],[],대중가요+혼합,대중가요,0.5384615384615384,혼합,0.38461538461538464,"{'기악': 0.07692307692307693, '대중가요': 0.5384615384615384, '혼합': 0.38461538461538464}"
스쿨 온 스테이지,복합,복합,"안헌영, 강민정, 하지희, 주윤정, 김보은, 이주헌, 전학수 등",,"(재)부산문화회관(주최), (재)부산문화회관(주관)",,,"['안헌영', '강민정', '하지희', '주윤정', '김보은', '이주헌', '전학수']",[],기악+연극,기악,0.5886193886193887,연극,0.20773850773850777,"{'기악': 0.5886193886193887, '성악': 0.06923351923351923, '창극': 0.015873015873015872, '혼합': 0.04329604329604329, '대중가요': 0.021879021879021878, '연극': 0.20773850773850777, '한국무용': 0.012262262262262262, '현대무용': 0.025225225225225228, '연희': 0.015873015873015872}"
최정주의 아트앤뮤직 큐레이션: 도시의 미술관 산책 Ⅴ,복합,복합,최정주,,마리아칼라스홀(주최),,,['최정주'],[],연극+기악,연극,0.3269230769230769,기악,0.3076923076923077,"{'기악': 0.3076923076923077, '성악': 0.07692307692307693, '연극': 0.3269230769230769, '재즈/월드뮤직': 0.038461538461538464, '오페라': 0.25}"
"네버랜드 in 군포 Ⅰ, 동화 읽어주는 콘서트: 방귀며느리",복합,복합,"장예리, 정열, 이경구, 유병욱, 허윤, 박가영","배새암, 유보민, 송인석 등","(재)군포문화재단(군포문화예술회관)(주관), (재)군포문화재단(군포문화예술회관)(주최)",,,"['장예리', '정열', '이경구', '유병욱', '허윤', '박가영']","['배새암', '유보민', '송인석']",연극+기악,연극,0.41267450890612667,기악,0.23007192460317463,"{'기악': 0.23007192460317463, '뮤지컬': 0.14848957211089564, '서커스/마술': 0.009803921568627453, '악극': 0.017884637829490773, '연극': 0.41267450890612667, '대중가요': 0.003906250000000001, '성악': 0.05804811507936509, '재즈/월드뮤직': 0.014843750000000003, '한국무용': 0.006572420634920636, '현대무용': 0.07905505952380953, '혼합': 0.018649839743589747}"
가야금 & 클래식 현(絃)의 풍류 [안동],복합,복합,,,"안동문화예술의전당 (평생학습원)(주최), 안동문화예술의전당 (평생학습원)(주관)",,,[],[],None,None,0.0,None,0.0,{}
"트라이보울 시리즈, 우기부기",복합,복합,,,"예술공간 트라이보울(주관), 예술공간 트라이보울(주최), 인천광역시(주최), 인천광역시(주관), (재)인천문화재단(주최), (재)인천문화재단(주관)",,,[],[],None,None,0.0,None,0.0,{}
"서현진과 함께하는 브런치 콘서트, 춤출까요? [인천] (5월)",복합,복합,"서현진, 정민호, 전현호, 최윤정, 강지연, 임샛별, 정건 등","제환정, 손일훈, 이다혜 등","(재)인천광역시 부평구문화재단(부평아트센터)(주관), (재)인천광역시 부평구문화재단(부평아트센터)(주최)",,,"['서현진', '정민호', '전현호', '최윤정', '강지연', '임샛별', '정건']","['제환정', '손일훈', '이다혜']",기악+연극,기악,0.3014334356931178,연극,0.2864752785172039,"{'기악': 0.3014334356931178, '연극': 0.2864752785172039, '인형극': 0.027777777777777773, '성악': 0.09553250648085318, '오페라': 0.00551470588235294, '현대무용': 0.13508528411364543, '뮤지컬': 0.07672933303756284, '악극': 0.006696428571428569, '연희': 0.0007440476190476188, '한국무용': 0.0022321428571428566, '넌버벌 퍼포먼스': 0.00750517598343685, '스트리트/스포츠댄스': 0.00595238095238095, '대중가요': 0.0015527950310559, '발레': 0.044217687074829926, '재즈/월드뮤직': 0.0025510204081632647}"
디스 이즈 잇 [김제],복합,다원/융복합,,,"김제시(김제시청)(주관), 한국문화예술회관연합회(KoCACA)(주관), 문화체육관광부(주최)",,,[],[],None,None,0.0,None,0.0,{}
콜링,복합,복합,"김주현, 백유진, 진여준, 박성준, 이수진, 김수영, 강금화 등",,나래아트컴퍼니(기획사),,,"['김주현', '백유진', '진여준', '박성준', '이수진', '김수영', '강금화']",[],연극+기악,연극,0.3689539083286018,기악,0.24799848548958994,"{'기악': 0.24799848548958994, '대중가요': 0.042807835984304383, '뮤지컬': 0.06561945078640284, '발레': 0.01009497549019608, '성악': 0.05959146755535647, '연극': 0.3689539083286018, '오페라': 0.03105712985346346, '재즈/월드뮤직': 0.021293558184143226, '현대무용': 0.02454671318679679, '혼합': 0.03706166179909195, '넌버벌 퍼포먼스': 0.003623188405797102, '서커스/마술': 0.014190821256038648, '한국무용': 0.029519642877996948, '인형극': 0.022569444444444448, '연희': 0.0021219446682782706, '기타': 0.0011415525114155253, '창극': 0.0011415525114155253, '마임': 0.01666666666666667}"
재즈보컬 나혜영과 함께하는 시네마 뮤직 콘서트,복합,복합,"나혜영, 이미영, 김성수, 임주헌, 이인관, 조신일, 김경미 등","김상원, 정경은, 이경우 등","(재)노원문화재단(주관), (재)노원문화재단(주최)",,,"['나혜영', '이미영', '김성수', '임주헌', '이인관', '조신일', '김경미']","['김상원', '정경은', '이경우']",연극+기악,연극,0.2079506768764574,기악,0.17230171797175417,"{'현대무용': 0.07999999999999997, '기악': 0.17230171797175417, '대중가요': 0.07227278801049292, '뮤지컬': 0.07127473512436767, '성악': 0.07173922234674401, '연극': 0.2079506768764574, '오페라': 0.09241804830040122, '재즈/월드뮤직': 0.17005617754412347, '한국무용': 0.04063924580318023, '마당극': 0.0010928961748633878, '인형극': 0.006648451730418942, '혼합': 0.005424836601307189, '기타': 0.0009803921568627449, '발레': 0.0009803921568627449, '서커스/마술': 0.006220419202163622}"
피트정 초상화 Pete Jung Portrait,복합,다원/융복합,"피트정, 이미영, 안원석, 김영준, 김종훈",,"피트정컴퍼니(주최), 피트정컴퍼니(주관)",,,"['피트정', '이미영', '안원석', '김영준', '김종훈']",[],기악+연극,기악,0.29248683973768275,연극,0.17789464429123478,"{'재즈/월드뮤직': 0.17078770343101551, '혼합': 0.07879823904083927, '기악': 0.29248683973768275, '대중가요': 0.05337837837837838, '뮤지컬': 0.008982249030019731, '성악': 0.0735069586980415, '연극': 0.17789464429123478, '오페라': 0.004174556722327423, '한국무용': 0.0668918918918919, '현대무용': 0.039705882352941174, '기타': 0.003980891719745223, '인형극': 0.029411764705882353}"
최정주의 아트앤뮤직 큐레이션: 도시의 미술관 산책 Ⅵ,복합,복합,최정주,,"(주)알피제이아트헤이스(주최), (주)알피제이아트헤이스(기획사)",,,['최정주'],[],연극+기악,연극,0.3269230769230769,기악,0.3076923076923077,"{'기악': 0.3076923076923077, '성악': 0.07692307692307693, '연극': 0.3269230769230769, '재즈/월드뮤직': 0.038461538461538464, '오페라': 0.25}"
"서현진과 함께하는 브런치 콘서트, 춤출까요? [인천] (6월)",복합,복합,"서현진, 김재원, 박강현, 이호찬, 박예은, 하지석, 한대교 등","제환정, 손일훈","(재)인천광역시 부평구문화재단(부평아트센터)(주관), (재)인천광역시 부평구문화재단(부평아트센터)(주최)",,,"['서현진', '김재원', '박강현', '이호찬', '박예은', '하지석', '한대교']","['제환정', '손일훈']",기악+연극,기악,0.46578925598341364,연극,0.17486061744603487,"{'기악': 0.46578925598341364, '연극': 0.17486061744603487, '인형극': 0.03535353535353535, '기타': 0.009729204692219839, '대중가요': 0.003921793339861228, '뮤지컬': 0.049329430078767326, '성악': 0.03711343675744506, '스트리트/스포츠댄스': 0.00027218290691344586, '오페라': 0.00824666456560563, '재즈/월드뮤직': 0.0005443658138268917, '한국무용': 0.00027218290691344586, '현대무용': 0.09437106647948124, '발레': 0.12019626367598207}"
무한열전 [대구],복합,복합,김대산 등,,"(주)꿈꾸는씨어터(주최), (주)꿈꾸는씨어터(주관), 주니엔터테인먼트(주관), 프리뮤직밴드 몰랑(주관), 트래덜반(주관)",,,['김대산'],[],None,None,0.0,None,0.0,{}
아직 가 닿지 못한 그곳 찬란한 벌판,복합,복합,"이산, 서경선, 권이은정, 김하람, 이륜화, 최김지정, 천샘 등","이산, 서경선, 천샘 등","오후의 예술공방(주최), by윤슬(주관)",,,"['이산', '서경선', '권이은정', '김하람', '이륜화', '최김지정', '천샘']","['이산', '서경선', '천샘']",기악+마임,기악,0.25,마임,0.24074074074074073,"{'기악': 0.25, '마임': 0.24074074074074073, '뮤지컬': 0.06944444444444445, '성악': 0.023148148148148147, '연극': 0.1388888888888889, '창극': 0.037037037037037035, '넌버벌 퍼포먼스': 0.1111111111111111, '재즈/월드뮤직': 0.1111111111111111, '연희': 0.009259259259259259, '혼합': 0.009259259259259259}"
미디어아트와 함께하는 포에트리 콜라보 음악회: 동주와 재하의 밤은 어둡지 않다 [고양],복합,다원/융복합,"서동진, 이희주, 김세환, 임덕수, 이정연, 이성구, 박종인 등",,"(주)제이케이앤컴퍼니(JKNCompany)(주관), (주)제이케이앤컴퍼니(JKNCompany)(주최)",,,"['서동진', '이희주', '김세환', '임덕수', '이정연', '이성구', '박종인']",[],기악+연극,기악,0.22028538225906644,연극,0.2188256188256188,"{'기타': 0.03824939680202837, '뮤지컬': 0.12669250827145562, '성악': 0.11442823502034026, '연극': 0.2188256188256188, '재즈/월드뮤직': 0.09335621736937526, '현대무용': 0.09793650793650793, '기악': 0.22028538225906644, '대중가요': 0.03771929824561403, '한국무용': 0.02083333333333333, '발레': 0.0021929824561403503, '악극': 0.015238095238095236, '오페라': 0.006666666666666666, '연희': 0.007575757575757575}"
JAZZ에 빠진 영화 OST 그리고 탭댄스 [김제],복합,복합,,,"문화체육관광부(주최), 김제시(김제시청)(주관), 한국문화예술회관연합회(KoCACA)(주관)",,,[],[],None,None,0.0,None,0.0,{}
"공연으로 떠나는 세계여행, 아르헨티나",복합,복합,"이인경, 길태호, 김다솔, 장새봄, 박윤수, 김초롱",,"문화체육관광부(주최), 한국문화예술회관연합회(KoCACA)(주관), 남양주시청(주관)",,,"['이인경', '길태호', '김다솔', '장새봄', '박윤수', '김초롱']",[],기악+뮤지컬,기악,0.3560776720326685,뮤지컬,0.16850437464142284,"{'기악': 0.3560776720326685, '기타': 0.007352941176470588, '대중가요': 0.09924150383044786, '넌버벌 퍼포먼스': 0.000502008032128514, '뮤지컬': 0.16850437464142284, '성악': 0.08383534136546185, '연극': 0.009430579460699941, '한국무용': 0.000502008032128514, '발레': 0.008928571428571428, '인형극': 0.125, '재즈/월드뮤직': 0.03125, '혼합': 0.046875, '현대무용': 0.0625}"
KKun in 용인 페스티벌: 국악과 재즈의 만남,복합,복합,"조윤성, 김효영, 전창민, 신동진, 한다혜, 안승현 등",조윤성,"한국문화예술회관연합회(KoCACA)(주최), (재)용인문화재단(주관)",,,"['조윤성', '김효영', '전창민', '신동진', '한다혜', '안승현']",['조윤성'],기악+재즈/월드뮤직,기악,0.3253418253418254,재즈/월드뮤직,0.32163014663014666,"{'기악': 0.3253418253418254, '기타': 0.013695838695838698, '대중가요': 0.0298919798919799, '성악': 0.012551012551012554, '연극': 0.12081312081312083, '오페라': 0.09972279972279975, '재즈/월드뮤직': 0.32163014663014666, '뮤지컬': 0.0071225071225071235, '현대무용': 0.0014245014245014248, '혼합': 0.06780626780626782}"
Spanish Heart,복합,복합,"민선재, 윤보영, 양보나, 최영민 등",,(주)샤콘느(주최),,,"['민선재', '윤보영', '양보나', '최영민']",[],기악+연극,기악,0.31782017154687964,연극,0.26666666666666666,"{'기악': 0.31782017154687964, '성악': 0.17509612540668443, '오페라': 0.2074977817213842, '한국무용': 0.004347826086956522, '연극': 0.26666666666666666, '대중가요': 0.004081632653061224, '뮤지컬': 0.020408163265306124, '인형극': 0.004081632653061224}"
이국정원 [인천],복합,다원/융복합,"박시원, 이수안, 김기창, 손현정, 나미희, 박영수",,(재)인천광역시 부평구문화재단(부평아트센터)(주최),,,"['박시원', '이수안', '김기창', '손현정', '나미희', '박영수']",[],뮤지컬+연극,뮤지컬,0.659532105525137,연극,0.22448979591836737,"{'기악': 0.017089762734362038, '기타': 0.010452961672473868, '뮤지컬': 0.659532105525137, '연극': 0.22448979591836737, '성악': 0.006802721088435375, '연희': 0.0034013605442176874, '혼합': 0.006802721088435375, '악극': 0.07142857142857144}"
오정해·유태평양과 함께하는 한여름밤의 콘서트 [대구],복합,복합,"김현호, 유태평양, 홍혜림, 조대철, 오정해, 엄선민, 김신오 등","박연성, 정태민, 서보완 등","대구학생문화센터(주최), 영남국악관현악단(주관)",,,"['김현호', '유태평양', '홍혜림', '조대철', '오정해', '엄선민', '김신오']","['박연성', '정태민', '서보완']",혼합+기악,혼합,0.2382344750765803,기악,0.21077133992113742,"{'기악': 0.21077133992113742, '기타': 0.008519161150740097, '대중가요': 0.005046805046805046, '뮤지컬': 0.0036223036223036213, '성악': 0.17069201603614556, '연극': 0.11196581196581196, '오페라': 0.004273504273504273, '재즈/월드뮤직': 0.005623031938821412, '현대무용': 0.03280736357659435, '혼합': 0.2382344750765803, '마당극': 0.0013495276653171387, '연희': 0.01808367071524966, '창극': 0.0242914979757085, '한국무용': 0.1625216888374783, '악극': 0.0021978021978021974}"
찰리채플린과 폴리의 라이브스크린 [대전],복합,다원/융복합,"양왕열, 최유석, 고길영, 이기명, 황성범, 성철모",,"공연기획피움(주관), 퓨전퍼커션밴드 폴리(주최)",,,"['양왕열', '최유석', '고길영', '이기명', '황성범', '성철모']",[],재즈/월드뮤직+기악,재즈/월드뮤직,0.3451499118165785,기악,0.3128747795414462,"{'기악': 0.3128747795414462, '기타': 0.04673721340388007, '뮤지컬': 0.13880070546737214, '성악': 0.09541446208112873, '재즈/월드뮤직': 0.3451499118165785, '혼합': 0.03880070546737213, '대중가요': 0.011111111111111112, '연극': 0.011111111111111112}"
제15회 현대음악앙상블 뉴던 정기연주회,복합,복합,"허정인, 강나영, 이상미, 유현문, 함솔희, 황진하, 류방열 등","설나라, 허윤성, 강나영 등","현대음악앙상블 뉴던 (New Dawn)(주최), 현대음악앙상블 뉴던 (New Dawn)(주관)",,,"['허정인', '강나영', '이상미', '유현문', '함솔희', '황진하', '류방열']","['설나라', '허윤성', '강나영']",기악+성악,기악,0.5503896103896104,성악,0.19922077922077924,"{'기악': 0.5503896103896104, '성악': 0.19922077922077924, '연극': 0.17679653679653684, '발레': 0.060606060606060615, '뮤지컬': 0.006493506493506494, '한국무용': 0.006493506493506494}"
"여우락 페스티벌, Deep Sea Creatures",복합,다원/융복합,"박혜인, 노상호 등",,"국립극장(주최), 국립극장(주관)",,,"['박혜인', '노상호']",[],뮤지컬+성악,뮤지컬,0.42857142857142855,성악,0.2857142857142857,"{'뮤지컬': 0.42857142857142855, '발레': 0.14285714285714285, '성악': 0.2857142857142857, '연극': 0.14285714285714285}"
최정주의 아트앤뮤직 큐레이션: 도시의 미술관 산책 Ⅶ,복합,복합,최정주,,마리아칼라스홀(주최),,,['최정주'],[],연극+기악,연극,0.3269230769230769,기악,0.3076923076923077,"{'기악': 0.3076923076923077, '성악': 0.07692307692307693, '연극': 0.3269230769230769, '재즈/월드뮤직': 0.038461538461538464, '오페라': 0.25}"
한낮의 유U;콘서트 (7월),복합,복합,"곽유평, 장주희, 정선호, 전아라, 한호승, 박상아, 송도환 등",,"(재)영화의전당(주최), (재)영화의전당(주관), 한국문화예술회관연합회(KoCACA)(주최), 한국문화예술회관연합회(KoCACA)(주관), (주)국제신문(주최), (주)국제신문(주관), 유성재즈악단(주최), 유성재즈악단(주관)",,,"['곽유평', '장주희', '정선호', '전아라', '한호승', '박상아', '송도환']",[],연극+재즈/월드뮤직,연극,0.5694444444444445,재즈/월드뮤직,0.2333333333333334,"{'연극': 0.5694444444444445, '뮤지컬': 0.013888888888888892, '성악': 0.013888888888888892, '한국무용': 0.04166666666666668, '기악': 0.09444444444444447, '재즈/월드뮤직': 0.2333333333333334, '기타': 0.011111111111111113, '오페라': 0.022222222222222227}"
LED 비바츠 태권발레,복합,다원/융복합,,,"한국문화예술회관연합회(KoCACA)(주최), 함안군(주최), 함안문화예술회관(주관), 비바츠예술매니지먼트(주관)",,,[],[],None,None,0.0,None,0.0,{}
무령 (7.24),복합,복합,,"박승희, 황호준, 김유미 등","공주시청(주최), 공주시충남연정국악원(주관)",,,[],"['박승희', '황호준', '김유미']",기악+성악,기악,0.36294261294261293,성악,0.17975172975172973,"{'기악': 0.36294261294261293, '성악': 0.17975172975172973, '연극': 0.06267806267806268, '혼합': 0.05415140415140415, '뮤지컬': 0.056776556776556776, '창극': 0.0695970695970696, '한국무용': 0.0725071225071225, '대중가요': 0.003703703703703704, '발레': 0.045868945868945875, '오페라': 0.037037037037037035, '재즈/월드뮤직': 0.003703703703703704, '연희': 0.012820512820512822, '현대무용': 0.038461538461538464}"
무령 (7.25),복합,복합,,"박승희, 황호준, 김유미 등","공주시청(주최), 공주시충남연정국악원(주관)",,,[],"['박승희', '황호준', '김유미']",기악+성악,기악,0.36294261294261293,성악,0.17975172975172973,"{'기악': 0.36294261294261293, '성악': 0.17975172975172973, '연극': 0.06267806267806268, '혼합': 0.05415140415140415, '뮤지컬': 0.056776556776556776, '창극': 0.0695970695970696, '한국무용': 0.0725071225071225, '대중가요': 0.003703703703703704, '발레': 0.045868945868945875, '오페라': 0.037037037037037035, '재즈/월드뮤직': 0.003703703703703704, '연희': 0.012820512820512822, '현대무용': 0.038461538461538464}"
자스무지쿠스 정기연주회 [대전],복합,복합,"조진웅, 박찬모, 김경희, 정유하, 하지욱, 한재현",,"자스 무지쿠스(주최), 자스 무지쿠스(주관)",,,"['조진웅', '박찬모', '김경희', '정유하', '하지욱', '한재현']",[],재즈/월드뮤직+연극,재즈/월드뮤직,0.2304189435336976,연극,0.22971836906263132,"{'기악': 0.10130306851618326, '대중가요': 0.15255009107468123, '뮤지컬': 0.04119377889869692, '성악': 0.19731679977581615, '연극': 0.22971836906263132, '연희': 0.008196721311475409, '오페라': 0.039302227826817984, '재즈/월드뮤직': 0.2304189435336976}"
"경기도예술단원 창작무대, Spero Spera: 마마 [수원]",복합,복합,"강구철, 국철민, 길준섭, 박성욱, 서동희, 손승주, 송다민 등","서동희, 손승주, 박성욱 등","경기아트센터(주관), 경기아트센터(주최)",,,"['강구철', '국철민', '길준섭', '박성욱', '서동희', '손승주', '송다민']","['서동희', '손승주', '박성욱']",현대무용+서커스/마술,현대무용,0.3,서커스/마술,0.23928571428571427,"{'한국무용': 0.125, '기악': 0.03125, '대중가요': 0.11160714285714285, '성악': 0.1125, '연극': 0.03125, '오페라': 0.03125, '서커스/마술': 0.23928571428571427, '현대무용': 0.3, '마임': 0.017857142857142856}"
"봉포유 렉처스테이지 I, 김설진X토리스 [대구]",복합,복합,"김설진, 곽동현, 백현호, 견두리, 이신예, 최홍석",,"봉산문화회관(주관), 한국문화예술회관연합회(KoCACA)(주최), 봉산문화회관(주최)",,,"['김설진', '곽동현', '백현호', '견두리', '이신예', '최홍석']",[],성악+현대무용,성악,0.5984962406015039,현대무용,0.16517857142857145,"{'연극': 0.07440476190476192, '현대무용': 0.16517857142857145, '한국무용': 0.010416666666666668, '기악': 0.06400375939849626, '기타': 0.013157894736842106, '대중가요': 0.02478070175438597, '뮤지컬': 0.023026315789473686, '발레': 0.00986842105263158, '성악': 0.5984962406015039, '연희': 0.008333333333333335, '혼합': 0.008333333333333335}"
8월 토마토,복합,복합,,,,,,[],[],None,None,0.0,None,0.0,{}
희망화원 [수원],복합,다원/융복합,"강구철, 국철민, 백선주, 이규석, 이예나, 이용문, 장지현 등","하수민, 채명신, 조승현","경기아트센터(주최), 경기아트센터(주관)",,,"['강구철', '국철민', '백선주', '이규석', '이예나', '이용문', '장지현']","['하수민', '채명신', '조승현']",연극+기악,연극,0.31772379667116507,기악,0.21664096137780348,"{'뮤지컬': 0.08055555555555555, '현대무용': 0.025641025641025637, '기악': 0.21664096137780348, '기타': 0.0032051282051282046, '대중가요': 0.053846153846153835, '성악': 0.13204003598740438, '오페라': 0.03154520917678812, '스트리트/스포츠댄스': 0.004273504273504273, '연극': 0.31772379667116507, '한국무용': 0.07692307692307691, '발레': 0.03817235396182764, '혼합': 0.0194331983805668}"
클림트 & 뮤직 콘서트 [익산],복합,다원/융복합,"정우철, 박진우, 김재원, 석현수",,"한국문화예술회관연합회(KoCACA)(주최), 익산예술의전당(주관), (주)앰버린(주관)",,,"['정우철', '박진우', '김재원', '석현수']",[],기악+연극,기악,0.47243671193453307,연극,0.2864714594255926,"{'기악': 0.47243671193453307, '대중가요': 0.01609216376532139, '재즈/월드뮤직': 0.04206618973934736, '현대무용': 0.013414728983591261, '연극': 0.2864714594255926, '성악': 0.14318540844599428, '스트리트/스포츠댄스': 0.0015525753891542, '연희': 0.0022497187851518562, '혼합': 0.0044994375703037125, '기타': 0.0012831479897348161, '뮤지컬': 0.015893025978118952, '오페라': 0.0004277159965782721, '한국무용': 0.0004277159965782721}"
Blooming Space,복합,다원/융복합,"배진일, 이은정, 김민지, 최시원, 남선희, 윤혜수, 배상은","김명숙, 노현주, 이재형 등",김명숙 늘휘무용단(주최),,,"['배진일', '이은정', '김민지', '최시원', '남선희', '윤혜수', '배상은']","['김명숙', '노현주', '이재형']",연극+기악,연극,0.38421925476189045,기악,0.1731268731268731,"{'기악': 0.1731268731268731, '대중가요': 0.012393119369863556, '뮤지컬': 0.07101161829844001, '성악': 0.12643388767419775, '연극': 0.38421925476189045, '오페라': 0.0036330307648137104, '한국무용': 0.033942887431259526, '기타': 0.0005698005698005699, '넌버벌 퍼포먼스': 0.0001899335232668566, '발레': 0.015248948582281917, '스트리트/스포츠댄스': 0.0003798670465337132, '악극': 0.0001899335232668566, '연희': 0.004802604802604802, '재즈/월드뮤직': 0.0001899335232668566, '현대무용': 0.17195890529223862, '혼합': 0.0017094017094017094}"
박애리와 함께하는 무브먼트 코리아 3 [부산],복합,복합,박애리 등,,"금정문화회관(주관), 광개토사물놀이예술단(주관), 한국문화예술회관연합회(KoCACA)(주최)",,,['박애리'],[],창극+혼합,창극,0.5507246376811594,혼합,0.18840579710144928,"{'기악': 0.06521739130434782, '기타': 0.007246376811594203, '넌버벌 퍼포먼스': 0.007246376811594203, '대중가요': 0.007246376811594203, '성악': 0.12318840579710146, '연희': 0.043478260869565216, '창극': 0.5507246376811594, '한국무용': 0.007246376811594203, '혼합': 0.18840579710144928}"
"온쉼표, 국악 플라잉 퍼포먼스: 하루 (8월)",복합,복합,"정성태, 권해원, 김소희, 이수윤, 박수연, 박용호, 서상현 등","김경록, 강상구, 심주영 등",(재)세종문화회관(주최),,,"['정성태', '권해원', '김소희', '이수윤', '박수연', '박용호', '서상현']","['김경록', '강상구', '심주영']",연극+기악,연극,0.4012388812207653,기악,0.13833199141170158,"{'기악': 0.13833199141170158, '연극': 0.4012388812207653, '현대무용': 0.13517416225749562, '서커스/마술': 0.06481481481481483, '대중가요': 0.038939210950080516, '뮤지컬': 0.045897074610842734, '성악': 0.0769994632313473, '악극': 0.001207729468599034, '연희': 0.029679951690821264, '재즈/월드뮤직': 0.002415458937198068, '한국무용': 0.03081052066559313, '발레': 0.0006944444444444446, '오페라': 0.0041666666666666675, '혼합': 0.02407407407407408, '창극': 0.005555555555555557}"
최정주의 아트앤뮤직 큐레이션: 도시의 미술관 산책 Ⅷ,복합,다원/융복합,최정주,,마리아칼라스홀(주최),,,['최정주'],[],연극+기악,연극,0.3269230769230769,기악,0.3076923076923077,"{'기악': 0.3076923076923077, '성악': 0.07692307692307693, '연극': 0.3269230769230769, '재즈/월드뮤직': 0.038461538461538464, '오페라': 0.25}"
문화보물선을 만나러 가자,복합,복합,,,"예산군청(주최), 예산문화원(주관)",,,[],[],None,None,0.0,None,0.0,{}
춘천문화예술회관 기획공연 (패키지),복합,복합,"최정원, 민경아, 박건형, 최재림, 김영주, 김경선 등",,,,,"['최정원', '민경아', '박건형', '최재림', '김영주', '김경선']",[],뮤지컬+기악,뮤지컬,0.39375884497835717,기악,0.25090693782489787,"{'기악': 0.25090693782489787, '기타': 0.0036942855124673306, '대중가요': 0.03782746447934918, '뮤지컬': 0.39375884497835717, '성악': 0.03866700527454408, '연극': 0.19344816293818512, '현대무용': 0.06547739031109319, '혼합': 0.0011982351228470962, '넌버벌 퍼포먼스': 0.005173688100517369, '서커스/마술': 0.0029563932002956398, '오페라': 0.004434589800443459, '마당극': 0.002457002457002457}"
비바츠태권발레 [광양],복합,다원/융복합,,,"광양문화예술회관(광양시청)(주최), 한국문화예술회관연합회(KoCACA)(주최), 비바츠예술매니지먼트(주관)",,,[],[],None,None,0.0,None,0.0,{}
"수봉IN꿈노리, 뮤직트립",복합,복합,,,"(사)한국예총 인천광역시연합회 인천예총(인천수봉문화회관)(주관), (사)한국예총 인천광역시연합회 인천예총(인천수봉문화회관)(주최)",,,[],[],None,None,0.0,None,0.0,{}
"봉포유 렉처스테이지 II, 최석민 무용단X프렐류드 [대구]",복합,복합,"최석민, 고희안, 최진배, 리차드 로, 한웅원 등",,"봉산문화회관(주관), 한국문화예술회관연합회(KoCACA)(주최), 봉산문화회관(주최)",,,"['최석민', '고희안', '최진배', '리차드 로', '한웅원']",[],재즈/월드뮤직+한국무용,재즈/월드뮤직,0.4429021317829458,한국무용,0.27777777777777773,"{'한국무용': 0.27777777777777773, '현대무용': 0.05555555555555555, '기악': 0.10912583056478407, '기타': 0.017275747508305645, '대중가요': 0.05195528792912515, '성악': 0.008637873754152823, '재즈/월드뮤직': 0.4429021317829458, '혼합': 0.03676979512735327}"
"아리랑, 택견과 만나다 [수원]",복합,복합,,,"수원시청(주최), (재)수원문화재단(주관), 발광엔터테인먼트(주관)",,,[],[],None,None,0.0,None,0.0,{}
음악이 춤을추다 [대전],복합,복합,"김미현, 이지현, 장수지 등","서형원, 정우인, 한지용 등",대전시립연정국악원(주최),,,"['김미현', '이지현', '장수지']","['서형원', '정우인', '한지용']",연극+기악,연극,0.2829246971174351,기악,0.25643049257458933,"{'기악': 0.25643049257458933, '대중가요': 0.01587301587301587, '뮤지컬': 0.06240280994791156, '성악': 0.0765205145771485, '연극': 0.2829246971174351, '혼합': 0.19756123199831807, '한국무용': 0.021461859210203577, '발레': 0.03135672781710689, '오페라': 0.001471670345842531, '창극': 0.0007358351729212655, '현대무용': 0.006038923143284869, '재즈/월드뮤직': 0.04722222222222222}"
"제13회 DMZ국제다큐멘터리영화제, Docs on STAGE",복합,다원/융복합,"임지영, 박영성, 권지우, 김가은, 박혜림, 송해, 나태주 등","정민승, 정재일",DMZ국제다큐멘터리영화제(주최),,,"['임지영', '박영성', '권지우', '김가은', '박혜림', '송해', '나태주']","['정민승', '정재일']",기악+연극,기악,0.33802848722661033,연극,0.22622426539207777,"{'기악': 0.33802848722661033, '뮤지컬': 0.1959127125643961, '서커스/마술': 0.0010964912280701752, '성악': 0.02389675041132649, '연극': 0.22622426539207777, '현대무용': 0.03348612172141584, '대중가요': 0.08329731000538453, '오페라': 0.0017006802721088433, '재즈/월드뮤직': 0.0017006802721088433, '마임': 0.010416666666666664, '혼합': 0.03205128205128205, '연희': 0.03956228956228955, '발레': 0.002525252525252525, '악극': 0.00505050505050505, '한국무용': 0.00505050505050505}"
드림스테이지 [김포],복합,복합,,,"(재)김포문화재단(주관), (재)김포문화재단(주최)",,,[],[],None,None,0.0,None,0.0,{}
No Frame,복합,다원/융복합,"채진솔, 도로시, 박우성 등","채진솔, 도로시, 구본승 등","후용공연예술센터(기획사), 후용공연예술센터(주최)",,,"['채진솔', '도로시', '박우성']","['채진솔', '도로시', '구본승']",연극+기악,연극,0.75,기악,0.25,"{'기악': 0.25, '연극': 0.75}"
The Magic 팬텀&퀸 [안산],복합,복합,"안세권, 김동현, 유성녀, 최형배 등",김봉미,"(사)베하 필하모닉 오케스트라(주최), (사)베하 필하모닉 오케스트라 통합(주최), 메이딧아트(주관)",,,"['안세권', '김동현', '유성녀', '최형배']",['김봉미'],성악+서커스/마술,성악,0.3087093866448893,서커스/마술,0.21776796204583648,"{'기악': 0.17539567677152304, '성악': 0.3087093866448893, '기타': 0.018219680777125116, '넌버벌 퍼포먼스': 0.0027662517289073303, '대중가요': 0.013021047639349519, '뮤지컬': 0.014731731434913563, '발레': 0.0036883356385431073, '서커스/마술': 0.21776796204583648, '스트리트/스포츠댄스': 0.0009220839096357768, '악극': 0.0009220839096357768, '연극': 0.11152362233384291, '연희': 0.0009220839096357768, '오페라': 0.10403872035960554, '재즈/월드뮤직': 0.007837713231904103, '한국무용': 0.006308995171192157, '현대무용': 0.006915629322268326, '혼합': 0.0004610419548178884, '인형극': 0.005847953216374269}"
젊은 예술가 초청 시리즈,복합,복합,"김정은, 이정은, 김태리, 이고은, 김상우, 이성재, 이수연 등",,"소극장 산울림(주최), 소극장 산울림(주관), 극단 산울림(주최), 극단 산울림(주관)",,,"['김정은', '이정은', '김태리', '이고은', '김상우', '이성재', '이수연']",[],연극+기악,연극,0.43021272411120365,기악,0.22103163614767882,"{'기악': 0.22103163614767882, '뮤지컬': 0.04737207403051479, '발레': 0.05234467382804978, '성악': 0.08232975929504813, '스트리트/스포츠댄스': 0.000693000693000693, '연극': 0.43021272411120365, '오페라': 0.0693865194981614, '현대무용': 0.01946332296691098, '혼합': 0.009326873541984061, '기타': 0.0008361204013377926, '인형극': 0.007869368483179224, '창극': 0.0008361204013377926, '한국무용': 0.0034886402952369966, '악극': 0.015384615384615385, '대중가요': 0.03388231594670021, '재즈/월드뮤직': 0.004048582995951417, '서커스/마술': 0.0014936519790888722}"
제32회 백제가요 정읍사문화제,복합,복합,"김용임, 강문경, 방서희 등",,"정읍시청(연지아트홀)(주최), 정읍사예술회관(주관)",,,"['김용임', '강문경', '방서희']",[],대중가요+성악,대중가요,0.6458333333333333,성악,0.28125,"{'기타': 0.020833333333333332, '대중가요': 0.6458333333333333, '성악': 0.28125, '혼합': 0.052083333333333336}"
성희승 별별 이야기,복합,다원/융복합,성희승,,"경기아트센터(주최), 경기아트센터(주관)",,,['성희승'],[],None,None,0.0,None,0.0,{}
Drawing and POP [김제],복합,다원/융복합,,,"문화체육관광부(주최), 김제시(김제시청)(주관), 한국문화예술회관연합회(KoCACA)(주관)",,,[],[],None,None,0.0,None,0.0,{}
김영임 & 김용임과 함께하는 희희낙락 [용인],복합,복합,"김영임, 김용임, 고금성, 최예림",,"(재)용인문화재단(주관), 한국문화예술회관연합회(KoCACA)(주최)",,,"['김영임', '김용임', '고금성', '최예림']",[],혼합+대중가요,혼합,0.23716583124477864,대중가요,0.21121553884711783,"{'기악': 0.0830827067669173, '기타': 0.026587301587301593, '대중가요': 0.21121553884711783, '성악': 0.12519841269841273, '연극': 0.11766917293233085, '연희': 0.0235171261487051, '한국무용': 0.0071428571428571435, '혼합': 0.23716583124477864, '뮤지컬': 0.06315789473684211, '발레': 0.10526315789473685}"
화려한 조명이 나를 비출 때 [안산],복합,복합,,,"(재)안산문화재단(안산문화예술의전당)(주최), (재)안산문화재단(안산문화예술의전당)(주관)",,,[],[],None,None,0.0,None,0.0,{}
스토킹,복합,다원/융복합,"김현민, 홍지원, 권효정, 김하늘, 경찬솔, 손승욱, 백승훈 등","조인기, 신호철, 김하늘 등","극단 이인공감(주관), 극단 이인공감(주최)",,,"['김현민', '홍지원', '권효정', '김하늘', '경찬솔', '손승욱', '백승훈']","['조인기', '신호철', '김하늘']",연극+기악,연극,0.2997306397306397,기악,0.273939393939394,"{'기악': 0.273939393939394, '대중가요': 0.013333333333333334, '뮤지컬': 0.25427609427609427, '성악': 0.04760942760942761, '연극': 0.2997306397306397, '오페라': 0.059393939393939395, '인형극': 0.02222222222222222, '혼합': 0.02222222222222222, '한국무용': 0.007272727272727273}"
벽을 뚫고 나온 꽃 [계양],복합,복합,,,"계양문화회관(인천광역시 계양구청)(주관), 한뫼국악예술단(주관), 한국문화예술회관연합회(KoCACA)(주최)",,,[],[],None,None,0.0,None,0.0,{}
아트로드 [용인],복합,복합,,,"(재)용인문화재단(주최), (재)용인문화재단(주관)",,,[],[],None,None,0.0,None,0.0,{}
마디와 매듭 쇼케이스,복합,복합,"박기량, 김단우, 장서이, 김정수, 한지향, 김나리, 김무빈 등","배삼식, 최우정, 정영두","아시아문화원(제작사), 국립아시아문화전당(주최), 아시아문화원(주최), 국립아시아문화전당(주관), 아시아문화원(주관)",,,"['박기량', '김단우', '장서이', '김정수', '한지향', '김나리', '김무빈']","['배삼식', '최우정', '정영두']",연극+한국무용,연극,0.24829908463629394,한국무용,0.16145833333333331,"{'뮤지컬': 0.05102436323366556, '연극': 0.24829908463629394, '한국무용': 0.16145833333333331, '혼합': 0.15768939863715856, '기악': 0.1417191940811127, '현대무용': 0.12774465758819384, '기타': 0.010943090339892665, '대중가요': 0.010174418604651164, '성악': 0.06315051227841925, '연희': 0.008539244186046511, '마당극': 0.002976190476190476, '창극': 0.016281512605042014}"
같은공간 다른시간 [수원],복합,다원/융복합,신미리 등,,"경기아트센터(주최), 경기아트센터(주관)",,,['신미리'],[],기악+성악,기악,0.75,성악,0.25,"{'기악': 0.75, '성악': 0.25}"
"안동문화예술의전당 브런치콘서트, 레젤 트리오: 여인의 향기 (10월)",복합,복합,"김재원, 최정현, 장우리, 김동우, 정승희",,"안동문화예술의전당 (평생학습원)(주관), 안동문화예술의전당 (평생학습원)(주최)",,,"['김재원', '최정현', '장우리', '김동우', '정승희']",[],기악+연극,기악,0.40062088574557747,연극,0.13559097344158805,"{'기악': 0.40062088574557747, '기타': 0.0011227544910179645, '대중가요': 0.012653264898773884, '뮤지컬': 0.013906397730854086, '성악': 0.04430424864556602, '스트리트/스포츠댄스': 0.046180217561592754, '연극': 0.13559097344158805, '오페라': 0.024183775306529803, '재즈/월드뮤직': 0.0007485029940119763, '한국무용': 0.10840996578272032, '현대무용': 0.04650520387795838, '악극': 0.005952380952380954, '발레': 0.031250000000000014, '서커스/마술': 0.008928571428571432, '창극': 0.04464285714285716, '마당극': 0.07500000000000002}"
"제60회 탐라문화제, 개막식",복합,복합,,,"제주특별자치도(주최), 한국예총 제주특별자치도연합회(주최), 탐라문화제추진위원회(주관)",,,[],[],None,None,0.0,None,0.0,{}
"제60회 탐라문화제, 회원단체 공연",복합,복합,,,"한국예총 제주특별자치도연합회(주최), 제주특별자치도(주최), 탐라문화제추진위원회(주관)",,,[],[],None,None,0.0,None,0.0,{}
두개의 눈,복합,다원/융복합,,,,,,[],[],None,None,0.0,None,0.0,{}
별 헤는 밤 빼앗긴 들에서 꽃처럼 침묵을 깨다 [세종],복합,복합,"조광석, 정은혜, 홍정윤, 김민지, 윤설미, 정영란, 현은서 등",,"문화체육관광부(주최), (사)공명(주관), (사)국어문화원연합회(주관)",,,"['조광석', '정은혜', '홍정윤', '김민지', '윤설미', '정영란', '현은서']",[],기악+혼합,기악,0.2271490414347557,혼합,0.20068542568542566,"{'기악': 0.2271490414347557, '연희': 0.05653817082388511, '혼합': 0.20068542568542566, '뮤지컬': 0.099620925811402, '성악': 0.040997274330607666, '연극': 0.16321949655282988, '재즈/월드뮤직': 0.006846240179573513, '한국무용': 0.10055315055315057, '발레': 0.01522423784328546, '인형극': 0.017857142857142856, '창극': 0.011904761904761904, '현대무용': 0.0441358024691358, '기타': 0.0010582010582010583, '넌버벌 퍼포먼스': 0.00035273368606701937, '대중가요': 0.011035525321239607, '스트리트/스포츠댄스': 0.0007054673721340387, '악극': 0.00035273368606701937, '오페라': 0.001763668430335097}"
"제60회 탐라문화제, 시상식 및 폐막공연",복합,복합,양지은 등,,"한국예총 제주특별자치도연합회(주최), 제주특별자치도(주최), 탐라문화제추진위원회(주관)",,,['양지은'],[],기악+대중가요,기악,0.6833333333333332,대중가요,0.21666666666666662,"{'기악': 0.6833333333333332, '기타': 0.016666666666666663, '대중가요': 0.21666666666666662, '뮤지컬': 0.04999999999999999, '스트리트/스포츠댄스': 0.016666666666666663, '재즈/월드뮤직': 0.016666666666666663}"
Change Of Season 7,복합,복합,"박혜경, 최재호, 이유청, 하민우, 배형빈, 김다영, 한담희 등","황미숙, 조주원, 이현규 등",퍼포먼스그룹153(주최),,,"['박혜경', '최재호', '이유청', '하민우', '배형빈', '김다영', '한담희']","['황미숙', '조주원', '이현규']",연극+현대무용,연극,0.4223985722381102,현대무용,0.11651991712967326,"{'기악': 0.0604750174711664, '기타': 0.003759398496240602, '대중가요': 0.06875296348980561, '연극': 0.4223985722381102, '오페라': 0.09925715188873085, '인형극': 0.029494192523717565, '한국무용': 0.023836618573460686, '발레': 0.043597168597168605, '성악': 0.005791505791505793, '재즈/월드뮤직': 0.019787644787644793, '현대무용': 0.11651991712967326, '넌버벌 퍼포먼스': 0.08745644599303137, '뮤지컬': 0.013646922183507552, '악극': 0.001742160278745645, '연희': 0.00348432055749129}"
MASK TOWEL DANCE for Orchestra,복합,복합,"김윤진, 권윤경, 한예진, 김주은, 손보리, 신유진, 유연주 등","정미선, 김세정, 이가영","NMK 한국으로부터의 새로운 음악(주최), 현대문화기획(주관)",,,"['김윤진', '권윤경', '한예진', '김주은', '손보리', '신유진', '유연주']","['정미선', '김세정', '이가영']",기악+연극,기악,0.36328824212611877,연극,0.2296275420737401,"{'기악': 0.36328824212611877, '기타': 0.00784313725490196, '대중가요': 0.04246942679510829, '뮤지컬': 0.10027498804399809, '성악': 0.07562683610029378, '연극': 0.2296275420737401, '한국무용': 0.009803921568627453, '오페라': 0.03431372549019608, '현대무용': 0.0734593837535014, '재즈/월드뮤직': 0.029411764705882353, '창극': 0.0014347202295552368, '인형극': 0.0029411764705882353, '혼합': 0.011764705882352941, '발레': 0.017740429505135387}"
친정엄마와 함께 감정 분리수거 [수원],복합,복합,"김용현, 함서율, 서지아, 김다예, 윤진웅, 조성태, 이재현",,"경기아트센터(주관), 경기아트센터(주최), 별난극단(제작사)",,,"['김용현', '함서율', '서지아', '김다예', '윤진웅', '조성태', '이재현']",[],연극+뮤지컬,연극,0.3451752548526742,뮤지컬,0.3116650374714891,"{'기악': 0.06460146782727427, '뮤지컬': 0.3116650374714891, '연극': 0.3451752548526742, '오페라': 0.015873015873015872, '성악': 0.07013142174432496, '한국무용': 0.007407407407407408, '넌버벌 퍼포먼스': 0.037037037037037035, '서커스/마술': 0.07407407407407407, '발레': 0.015873015873015872, '대중가요': 0.01515151515151515, '마당극': 0.017921146953405017, '창극': 0.014336917562724014, '혼합': 0.01075268817204301}"
타파21,복합,복합,,,,,,[],[],None,None,0.0,None,0.0,{}
"SPAF, 나는 그가 무겁다",복합,다원/융복합,윤종연,윤종연,"(재)예술경영지원센터(주관), 한국문화예술위원회(주최), (재)예술경영지원센터(주최)",,,['윤종연'],['윤종연'],None,None,0.0,None,0.0,{}
"토요 브런치 콘서트, Arts Combi [김포]",복합,다원/융복합,"김기경, 윤보애, 플리에 아트, 강천일, 김영은, 이서윤, 주희정 등",,"(재)김포문화재단(주최), (재)김포문화재단(주관)",,,"['김기경', '윤보애', '플리에 아트', '강천일', '김영은', '이서윤', '주희정']",[],기악+성악,기악,0.4088888888888889,성악,0.14333333333333334,"{'기악': 0.4088888888888889, '뮤지컬': 0.08962962962962963, '성악': 0.14333333333333334, '연극': 0.1340740740740741, '재즈/월드뮤직': 0.001851851851851852, '넌버벌 퍼포먼스': 0.06666666666666667, '현대무용': 0.07314814814814814, '대중가요': 0.0029629629629629632, '발레': 0.0044444444444444444, '스트리트/스포츠댄스': 0.0014814814814814816, '악극': 0.0014814814814814816, '연희': 0.02462962962962963, '오페라': 0.02277777777777778, '한국무용': 0.01074074074074074, '혼합': 0.013888888888888888}"
와일드 와일드,복합,복합,,"오준석, 최용진, 정석봉 등",,,,[],"['오준석', '최용진', '정석봉']",넌버벌 퍼포먼스+연극,넌버벌 퍼포먼스,0.42666666666666664,연극,0.27166666666666667,"{'기악': 0.05, '대중가요': 0.025, '뮤지컬': 0.15166666666666667, '연극': 0.27166666666666667, '재즈/월드뮤직': 0.075, '넌버벌 퍼포먼스': 0.42666666666666664}"
프로코피에프의 음악동화: 피터와 늑대 [부산],복합,다원/융복합,,,"영도문화예술회관(주최), 영도문화예술회관(주관), 미래필하모니오케스트라(주최), 미래필하모니오케스트라(주관)",,,[],[],None,None,0.0,None,0.0,{}
세종의 꿈: 스물여둟짜랄의 신비,복합,복합,,"박순희, 김권섭, 김성민 등",(주)문화공감공존(주최),,,[],"['박순희', '김권섭', '김성민']",기악+연극,기악,0.5594823951085811,연극,0.19447079907231715,"{'기악': 0.5594823951085811, '연극': 0.19447079907231715, '뮤지컬': 0.07880033733923678, '오페라': 0.049678473539953624, '대중가요': 0.00403225806451613, '발레': 0.051312460468058194, '성악': 0.055502846299810255, '악극': 0.0013440860215053765, '재즈/월드뮤직': 0.00403225806451613, '현대무용': 0.0013440860215053765}"
나태주와 함께하는 신세계판타지,복합,다원/융복합,나태주 등,조윤혜,"비바츠예술매니지먼트(주최), 비바츠예술매니지먼트(주관), 비바츠예술매니지먼트(제작사), 비바츠예술매니지먼트(기획사)",,,['나태주'],['조윤혜'],대중가요+인형극,대중가요,0.2692307692307692,인형극,0.25,"{'기악': 0.038461538461538464, '대중가요': 0.2692307692307692, '혼합': 0.19230769230769232, '인형극': 0.25, '현대무용': 0.25}"
"The ART SPOT Series, 공간이 만든 공간",복합,복합,"황민왕, 이아람, 최인환, 김민영, 안정아, 유현준",,"(재)전통공연예술진흥재단(주최), 뮤지엄 SAN(주관)",,,"['황민왕', '이아람', '최인환', '김민영', '안정아', '유현준']",[],기악+연희,기악,0.2279329125521735,연희,0.16065119277885237,"{'기악': 0.2279329125521735, '성악': 0.15021319013200315, '연극': 0.15314839322678073, '연희': 0.16065119277885237, '한국무용': 0.04695116054158607, '혼합': 0.06674310292171437, '기타': 0.0020833333333333337, '대중가요': 0.009583333333333334, '오페라': 0.02028508771929825, '뮤지컬': 0.07216905901116429, '발레': 0.06060606060606061, '창극': 0.004545454545454546, '재즈/월드뮤직': 0.008421052631578949, '현대무용': 0.01666666666666667}"
명화 배달부,복합,복합,"도재혁, 민채홍, 한기태, 남강우, 강태훈, 박상수, 김형우 등","민채홍, 박검, 박서이 등",,,,"['도재혁', '민채홍', '한기태', '남강우', '강태훈', '박상수', '김형우']","['민채홍', '박검', '박서이']",현대무용+기악,현대무용,0.565064935064935,기악,0.15353535353535355,"{'서커스/마술': 0.1, '현대무용': 0.565064935064935, '뮤지컬': 0.03428571428571429, '스트리트/스포츠댄스': 0.014285714285714285, '기악': 0.15353535353535355, '연희': 0.005555555555555555, '연극': 0.10454545454545454, '대중가요': 0.01818181818181818, '악극': 0.004545454545454545}"
이국정원 [김포],복합,다원/융복합,,,"(주)이앤에이그룹(주관), (재)김포문화재단(주최), 한국영상자료원(주최)",,,[],[],None,None,0.0,None,0.0,{}
IMAGE of MUSIC 이은결 Ⅹ 조재혁 [안동],복합,다원/융복합,"이은결, 조재혁",,"안동문화예술의전당 (평생학습원)(주최), 안동문화예술의전당 (평생학습원)(주관)",,,"['이은결', '조재혁']",[],서커스/마술+기악,서커스/마술,0.43750000000000006,기악,0.28571428571428575,"{'서커스/마술': 0.43750000000000006, '연극': 0.06524725274725277, '기악': 0.28571428571428575, '발레': 0.04395604395604396, '성악': 0.010989010989010992, '한국무용': 0.07417582417582419, '현대무용': 0.08241758241758243}"
THE 하랑콘서트: 끄적끄적,복합,복합,,,,,,[],[],None,None,0.0,None,0.0,{}
"서현진과 함께하는 브런치 콘서트, 춤출까요?: 광기, 무섭도록 아름다운 [인천]",복합,복합,서현진,"제환정, 손일훈","(재)인천광역시 부평구문화재단(부평아트센터)(주최), (재)인천광역시 부평구문화재단(부평아트센터)(주관)",,,['서현진'],"['제환정', '손일훈']",기악+연극,기악,0.49603174603174605,연극,0.3888888888888889,"{'기악': 0.49603174603174605, '연극': 0.3888888888888889, '인형극': 0.09722222222222222, '성악': 0.017857142857142856}"
갈매기의 꿈 [계룡],복합,다원/융복합,,,"계룡시청(주최), (사)한국힙합문화협회 중앙회(주관), (사)한국힙합문화협회 충남지회(주관)",,,[],[],None,None,0.0,None,0.0,{}
월드뮤직그룹 공명 & 비보이 & 전통무용의 콜라보 콘서트,복합,복합,"강선일, 박승원, 송경근, 임용주, 고성주, 김차돌, 김슬기 등",,"한국문화예술회관연합회(KoCACA)(주최), 김천시문화예술회관(주관)",,,"['강선일', '박승원', '송경근', '임용주', '고성주', '김차돌', '김슬기']",[],연극+기악,연극,0.3016133963502383,기악,0.2730045954504158,"{'기악': 0.2730045954504158, '성악': 0.09730834467676569, '연극': 0.3016133963502383, '재즈/월드뮤직': 0.02296591151080314, '혼합': 0.20385336484407685, '대중가요': 0.011721611721611716, '뮤지컬': 0.03510378510378509, '발레': 0.005311355311355309, '악극': 0.02179691653375863, '창극': 0.010101010101010097, '기타': 0.006535947712418298, '서커스/마술': 0.002136752136752136, '한국무용': 0.002136752136752136, '현대무용': 0.006410256410256408}"
문화를 꿈꾸며 삶을 노래하며,복합,복합,"김세은, 김성현, 고민수, 이정우, 강정은, 김경아, 이다연 등",,"서귀포예술의전당(주관), 서귀포예술의전당(주최)",,,"['김세은', '김성현', '고민수', '이정우', '강정은', '김경아', '이다연']",[],기악+연극,기악,0.49652344367791007,연극,0.23202261200338117,"{'기악': 0.49652344367791007, '대중가요': 0.006366863905325442, '연극': 0.23202261200338117, '한국무용': 0.020249999999999994, '뮤지컬': 0.05644547759932372, '기타': 0.0017751479289940823, '성악': 0.059771569001717866, '악극': 0.0005917159763313607, '연희': 0.010958579881656801, '오페라': 0.05177514792899406, '인형극': 0.0017751479289940823, '창극': 0.0005917159763313607, '현대무용': 0.04912743026204563, '혼합': 0.008025147928994081, '마당극': 0.003999999999999998}"
"플러스: 강권순X송홍섭 앙상블, 이희문과 프렐류드",복합,복합,"강권순, 송홍섭, 서수진, 박은선, 이희문, 고희안, 최진배 등",,국립국악원(주최),,,"['강권순', '송홍섭', '서수진', '박은선', '이희문', '고희안', '최진배']",[],혼합+기악,혼합,0.2673840059279526,기악,0.21831163279265198,"{'기악': 0.21831163279265198, '성악': 0.11101605758582503, '재즈/월드뮤직': 0.19165864601654617, '현대무용': 0.005, '혼합': 0.2673840059279526, '대중가요': 0.0563202315810045, '뮤지컬': 0.01715686274509804, '연극': 0.1071078431372549, '창극': 0.0196078431372549, '기타': 0.006436877076411959}"
With CAD,복합,복합,"홍승현, 윤대웅, 오승우, 이은빈, 이재경, 강현채, 여성은 등",,"무용협동조합연합회(주최), 무용협동조합연합회(주관)",,,"['홍승현', '윤대웅', '오승우', '이은빈', '이재경', '강현채', '여성은']",[],기악+성악,기악,0.25589225589225595,성악,0.23737373737373738,"{'성악': 0.23737373737373738, '뮤지컬': 0.16666666666666669, '기악': 0.25589225589225595, '오페라': 0.07912457912457913, '발레': 0.01851851851851852, '대중가요': 0.05050505050505051, '연희': 0.005050505050505052, '재즈/월드뮤직': 0.18181818181818182, '한국무용': 0.005050505050505052}"
1687,복합,복합,"추세령, 김승현, 김민지, 강대현 등","안상화, 김채린, 지석영 등","댄스무아(DanceMUA)(주최), 댄스무아(DanceMUA)(주관)",,,"['추세령', '김승현', '김민지', '강대현']","['안상화', '김채린', '지석영']",한국무용+기악,한국무용,0.33071699905033236,기악,0.20345543345543343,"{'한국무용': 0.33071699905033236, '혼합': 0.02268518518518518, '기악': 0.20345543345543343, '넌버벌 퍼포먼스': 0.0023425134536245646, '대중가요': 0.03284764618097951, '뮤지컬': 0.09258773119884228, '성악': 0.026707423235201012, '연극': 0.19587765115542893, '오페라': 0.00743906299461855, '재즈/월드뮤직': 0.0023425134536245646, '현대무용': 0.02601297879075656, '기타': 0.004089506172839505, '발레': 0.005408583186360963, '스트리트/스포츠댄스': 0.0004115226337448559, '악극': 0.00020576131687242795, '연희': 0.04686948853615519}"
풍문속으로 사라진 꾼들: IT를 입고 부활하다 [부산],복합,다원/융복합,"이영주, 오장욱, 김인기, 김영진, 구본진, 전민규, 박진성 등",박준영,"페트라 아트 랩(주최), 페트라 아트 랩(주관)",,,"['이영주', '오장욱', '김인기', '김영진', '구본진', '전민규', '박진성']",['박준영'],연극+서커스/마술,연극,0.18578419537900645,서커스/마술,0.1272599541836774,"{'기악': 0.12574921681310383, '넌버벌 퍼포먼스': 0.008305567627601524, '대중가요': 0.04171655171464731, '마당극': 0.07822685788787484, '뮤지컬': 0.10875608488948246, '서커스/마술': 0.1272599541836774, '성악': 0.0623879112122248, '연극': 0.18578419537900645, '오페라': 0.01940332847611013, '재즈/월드뮤직': 0.06191215627513475, '한국무용': 0.08145038482117134, '기타': 0.017347820718607236, '현대무용': 0.06479046399733776, '혼합': 0.010053616795189829, '스트리트/스포츠댄스': 0.002331002331002331, '악극': 0.004524886877828054}"
더 쉐도우 [수원],복합,다원/융복합,"임하람, 이정현, 양시온, 김유희, 신유진, 정회훈","여성구, 박종화, 이상윤 등","매직플레이(제작사), 경기아트센터(주최)",,,"['임하람', '이정현', '양시온', '김유희', '신유진', '정회훈']","['여성구', '박종화', '이상윤']",연극+인형극,연극,0.3492624659291327,인형극,0.17083333333333336,"{'기악': 0.15958849726580226, '뮤지컬': 0.09191317941317943, '연극': 0.3492624659291327, '창극': 0.0030864197530864204, '혼합': 0.03873128447596534, '대중가요': 0.014898989898989903, '성악': 0.011495271867612298, '악극': 0.0027777777777777788, '연희': 0.006565656565656568, '오페라': 0.04444444444444446, '재즈/월드뮤직': 0.004629629629629631, '스트리트/스포츠댄스': 0.08333333333333336, '인형극': 0.17083333333333336, '한국무용': 0.008333333333333337, '현대무용': 0.008333333333333337, '기타': 0.0017730496453900713}"
김영임 & 김용임과 함께하는 희희낙락 [보령],복합,복합,"김영임, 김용임, 고금성, 전영랑",,"보령시청(주관), 한국문화예술회관연합회(KoCACA)(주최)",,,"['김영임', '김용임', '고금성', '전영랑']",[],대중가요+혼합,대중가요,0.28087797619047616,혼합,0.25657242063492064,"{'기악': 0.08370535714285715, '기타': 0.056671626984126984, '대중가요': 0.28087797619047616, '성악': 0.22681051587301587, '연극': 0.008928571428571428, '연희': 0.030629960317460316, '한국무용': 0.016741071428571428, '혼합': 0.25657242063492064, '재즈/월드뮤직': 0.0078125, '창극': 0.03125}"
동물의 사육제 [의정부],복합,복합,,,극단 상상마당컴퍼니(주최),,,[],[],None,None,0.0,None,0.0,{}
중구 어린이와 함께하는 코로나 극복 희망콘서트 1부,복합,복합,이상돈 등,,"인천광역시 중구청(주최), 인천광역시 중구청(주관)",,,['이상돈'],[],None,None,0.0,None,0.0,{}
처음인 오늘,복합,복합,,,"세겹줄누리(주최), 세겹줄누리(주관)",,,[],[],None,None,0.0,None,0.0,{}
중구 어린이와 함께하는 코로나 극복 희망콘서트 2부,복합,복합,,,"인천광역시 중구청(주최), 인천광역시 중구청(주관)",,,[],[],None,None,0.0,None,0.0,{}
IMAGE of MUSIC 이은결 Ⅹ 조재혁 [의정부],복합,복합,"이은결, 조재혁","구봉관, 정아람, 박웅 등","(재)의정부문화재단 (의정부예술의전당)(주최), (재)의정부문화재단 (의정부예술의전당)(주관)",,,"['이은결', '조재혁']","['구봉관', '정아람', '박웅']",서커스/마술+연극,서커스/마술,0.29166666666666663,연극,0.23431942453681584,"{'서커스/마술': 0.29166666666666663, '연극': 0.23431942453681584, '기악': 0.23073383942949155, '발레': 0.06634106634106633, '성악': 0.029065137760789932, '한국무용': 0.04945054945054944, '현대무용': 0.05494505494505494, '뮤지컬': 0.03623188405797101, '오페라': 0.007246376811594201}"
쇼팽: 음악적 독립투사 이야기,복합,복합,"김기경, 황기석, 박경주 ,신현묵",,,,,"['김기경', '황기석', '박경주', '신현묵']",[],연극+기악,연극,0.34722222222222227,기악,0.3240740740740741,"{'기악': 0.3240740740740741, '뮤지컬': 0.19259259259259257, '성악': 0.09999999999999999, '연극': 0.34722222222222227, '재즈/월드뮤직': 0.002777777777777778, '악극': 0.03333333333333333}"
음악에 날다 [고양],복합,복합,,,"예술기획 파홀로(주관), 제비회(주최)",,,[],[],None,None,0.0,None,0.0,{}
가무악 길 [세종],복합,다원/융복합,"인현정, 임성해, 김보경, 최여진, 강연지, 병가온, 지유진 등","조성환, 김영덕 등",유진예술기획(주최),,,"['인현정', '임성해', '김보경', '최여진', '강연지', '병가온', '지유진']","['조성환', '김영덕']",혼합+기악,혼합,0.29947147583313166,기악,0.26814791760325535,"{'기악': 0.26814791760325535, '대중가요': 0.0251236296987931, '뮤지컬': 0.03507740544777582, '발레': 0.0027434842249657067, '성악': 0.17190349390785123, '스트리트/스포츠댄스': 0.008622378992749364, '악극': 0.06593238118292585, '연극': 0.09021221657387236, '오페라': 0.012777374324215286, '인형극': 0.017930629041740156, '재즈/월드뮤직': 0.0006858710562414267, '한국무용': 0.0006858710562414267, '현대무용': 0.0006858710562414267, '혼합': 0.29947147583313166}"
리듬 오브 코리아 [함양],복합,복합,,,"문화체육관광부(주관), 한국문화예술회관연합회(KoCACA)(주관), 한국문화예술위원회(주관), 함양군(주관), 진조크루(주관), 문화체육관광부(주최), 한국문화예술회관연합회(KoCACA)(주최), 한국문화예술위원회(주최), 함양군(주최), 진조크루(주최)",,,[],[],None,None,0.0,None,0.0,{}
천문대에 피아노가 떨어졌다,복합,다원/융복합,"김록운, 지웅배, 천윤수",,아트에이드융합예술연구소(주최),,,"['김록운', '지웅배', '천윤수']",[],뮤지컬,뮤지컬,1.0,None,0.0,{'뮤지컬': 1.0}
미스테리우스 [해남],복합,복합,,,해남문화예술회관(주최),,,[],[],None,None,0.0,None,0.0,{}
KBS진주방송국과 함께하는 윤지원의 렉쳐콘서트,복합,다원/융복합,"윤지원, 정용도, 하범석, 윤종수, 전유정, 김대호, 홍찬미 등",,"아트컴플렉스(주관), KBS 진주방송국(주최)",,,"['윤지원', '정용도', '하범석', '윤종수', '전유정', '김대호', '홍찬미']",[],재즈/월드뮤직+기악,재즈/월드뮤직,0.2911462245166361,기악,0.26955599605766456,"{'기악': 0.26955599605766456, '뮤지컬': 0.010005973715651135, '성악': 0.010253161949491205, '연극': 0.23790322580645162, '오페라': 0.004629629629629629, '넌버벌 퍼포먼스': 0.01568100358422939, '재즈/월드뮤직': 0.2911462245166361, '대중가요': 0.15365632595888437, '기타': 0.007168458781362007}"
클림트&뮤직 콘서트 [음성],복합,다원/융복합,"정우철, 박진우, 김재원, 석현수",,"한국문화예술회관연합회(KoCACA)(주최), 음성군청(주관), (주)앰버린(주관)",,,"['정우철', '박진우', '김재원', '석현수']",[],기악+연극,기악,0.47243671193453307,연극,0.2864714594255926,"{'기악': 0.47243671193453307, '대중가요': 0.01609216376532139, '재즈/월드뮤직': 0.04206618973934736, '현대무용': 0.013414728983591261, '연극': 0.2864714594255926, '성악': 0.14318540844599428, '스트리트/스포츠댄스': 0.0015525753891542, '연희': 0.0022497187851518562, '혼합': 0.0044994375703037125, '기타': 0.0012831479897348161, '뮤지컬': 0.015893025978118952, '오페라': 0.0004277159965782721, '한국무용': 0.0004277159965782721}"
천문대에 피아노가 떨어졌다 [선릉],복합,다원/융복합,"김록운, 지웅배, 천윤수",,아트에이드융합예술연구소(주최),,,"['김록운', '지웅배', '천윤수']",[],뮤지컬,뮤지컬,1.0,None,0.0,{'뮤지컬': 1.0}
삼성현 열린 가족콘서트 [경산],복합,복합,"윤희식, 신유식 등",,"삼성현역사문화공원(주관), 경산시청(주최)",,,"['윤희식', '신유식']",[],연극+대중가요,연극,0.5,대중가요,0.25,"{'대중가요': 0.25, '성악': 0.125, '연희': 0.125, '연극': 0.5}"
클래식 샌드아트와 함께하는 나의 소원은,복합,다원/융복합,"김아진, 김하린, 박성신, 김지연, 구태완, 방휘, 임병욱 등",,"부평필하모닉 오케스트라(주최), 부평필하모닉 오케스트라(주관)",,,"['김아진', '김하린', '박성신', '김지연', '구태완', '방휘', '임병욱']",[],기악+성악,기악,0.2704475308641976,성악,0.2310660018993353,"{'기악': 0.2704475308641976, '기타': 0.05208333333333334, '발레': 0.011188271604938273, '성악': 0.2310660018993353, '연극': 0.11939102564102566, '대중가요': 0.04166666666666667, '넌버벌 퍼포먼스': 0.0007716049382716051, '뮤지컬': 0.03276353276353277, '악극': 0.0007716049382716051, '오페라': 0.20097340930674268, '한국무용': 0.0007716049382716051, '현대무용': 0.02291073124406458, '혼합': 0.0007716049382716051, '재즈/월드뮤직': 0.014423076923076927}"
바람은 소리없이.. 두번째 이야기: 자유의 초상,복합,복합,,,,,,[],[],None,None,0.0,None,0.0,{}
"서현진과 함께하는 브런치 콘서트, 춤출까요?: 우리 안의 아이에게, 호두까기 인형 [인천]",복합,복합,서현진,"제환정, 손일훈","(재)인천광역시 부평구문화재단(부평아트센터)(주최), (재)인천광역시 부평구문화재단(부평아트센터)(주관)",,,['서현진'],"['제환정', '손일훈']",기악+연극,기악,0.49603174603174605,연극,0.3888888888888889,"{'기악': 0.49603174603174605, '연극': 0.3888888888888889, '인형극': 0.09722222222222222, '성악': 0.017857142857142856}"
열린음악회 [창녕],복합,복합,"박옥경, 배진아, 유희연, 구태진, 박민호, 최준우, 정진순 등",,"문화체육관광부(주최), 한국문화예술회관연합회(KoCACA)(주관), 창녕군청(창녕문화예술회관)(주관)",,,"['박옥경', '배진아', '유희연', '구태진', '박민호', '최준우', '정진순']",[],현대무용+기타,현대무용,0.32222222222222224,기타,0.21333333333333332,"{'기악': 0.10222222222222221, '연희': 0.03555555555555555, '현대무용': 0.32222222222222224, '기타': 0.21333333333333332, '뮤지컬': 0.04666666666666667, '서커스/마술': 0.09666666666666666, '연극': 0.11666666666666665, '발레': 0.03333333333333333, '혼합': 0.03333333333333333}"
제5회 대구국제컴퓨터음악제,복합,다원/융복합,,,다매체예술단 ARS(주최),,,[],[],None,None,0.0,None,0.0,{}
그림자극으로 만나는 비발디의 사계 [울산],복합,다원/융복합,,,"한국문화예술회관연합회(KoCACA)(주최), 울산광역시 중구문화의전당(주관)",,,[],[],None,None,0.0,None,0.0,{}
눈으로 보이지 않는 마음의 소리 [의정부],복합,복합,"박선기, 도희선, 정한나, 이규철, 이정현, 김형걸, 김은애 등",,(재)의정부문화재단 (의정부예술의전당)(주최),,,"['박선기', '도희선', '정한나', '이규철', '이정현', '김형걸', '김은애']",[],성악+연극,성악,0.48243302591128684,연극,0.29509379509379513,"{'성악': 0.48243302591128684, '재즈/월드뮤직': 0.03535353535353535, '대중가요': 0.02103645147123408, '오페라': 0.04804567413263066, '기악': 0.08585858585858587, '연극': 0.29509379509379513, '뮤지컬': 0.013997113997113998, '악극': 0.0030303030303030307, '연희': 0.0030303030303030307, '인형극': 0.0060606060606060615, '한국무용': 0.0060606060606060615}"
Color of winter,복합,다원/융복합,,,,,,[],[],None,None,0.0,None,0.0,{}
시시딱딱,복합,다원/융복합,"이동준, 장주희, 박슬종, 정지현, 이동준, 유재영, 안혜진 등","이동준, 유재헌, 이정현 등","(주)라이브아레나(주관), (주)라이브아레나(기획사), (주)라이브아레나(제작사)",,,"['이동준', '장주희', '박슬종', '정지현', '이동준', '유재영', '안혜진']","['이동준', '유재헌', '이정현']",연극+한국무용,연극,0.4627548148445981,한국무용,0.14305985552115585,"{'기악': 0.09784756007666226, '기타': 0.013209494324045407, '대중가요': 0.0588235294117647, '뮤지컬': 0.08398659304232059, '성악': 0.023039215686274508, '악극': 0.013725490196078431, '연극': 0.4627548148445981, '연희': 0.00980392156862745, '재즈/월드뮤직': 0.019234360410830997, '한국무용': 0.14305985552115585, '현대무용': 0.05397852921072735, '혼합': 0.018575851393188854, '오페라': 0.00196078431372549}"
하나카드와 함께하는 예술기부 스페셜 콘서트: Dear.Me : 친애하는 나에게,복합,복합,"김주원, 정영재, 김현웅, 한상일, 박윤우 등","김성훈, 정윤민",예술의전당(주최),,,"['김주원', '정영재', '김현웅', '한상일', '박윤우']","['김성훈', '정윤민']",발레+기악,발레,0.31906704746362036,기악,0.3175142461729505,"{'기악': 0.3175142461729505, '기타': 0.0062432538514375436, '발레': 0.31906704746362036, '성악': 0.030613068892917216, '연극': 0.11212781057245215, '연희': 0.0009689922480620156, '재즈/월드뮤직': 0.051548698369906706, '창극': 0.0019379844961240312, '현대무용': 0.05582593946843362, '혼합': 0.032817398220307915, '악극': 0.006666666666666668, '오페라': 0.02652534113060429, '대중가요': 0.012160874231993486, '뮤지컬': 0.011769931157006442, '스트리트/스포츠댄스': 0.0010548523206751056, '한국무용': 0.013157894736842106}"
무용詩 낭송회 [춘천],복합,복합,"김다솔, 박용우, 김아론, 김주영, 조윤영, 윤애람, 권교혁 등","윤혜정, 전상영, 강상민 등","강원도청(주최), 강원도립무용단(주관)",,,"['김다솔', '박용우', '김아론', '김주영', '조윤영', '윤애람', '권교혁']","['윤혜정', '전상영', '강상민']",연극+한국무용,연극,0.22832527349658374,한국무용,0.19163696180827205,"{'기악': 0.178332078313253, '넌버벌 퍼포먼스': 0.009179575444635685, '대중가요': 0.0018135040160642572, '뮤지컬': 0.15185567758045168, '성악': 0.07525100401606426, '연극': 0.22832527349658374, '한국무용': 0.19163696180827205, '서커스/마술': 0.06696428571428571, '인형극': 0.004464285714285714, '발레': 0.00078125, '스트리트/스포츠댄스': 0.00078125, '연희': 0.0049479166666666664, '현대무용': 0.0078125, '혼합': 0.009672619047619048, '오페라': 0.06818181818181818}"
미스테리우스 [인천],복합,다원/융복합,"권순민, 차현성, 여인규, 문진홍, 김동현, 김경민, 권태성 등","이종민, 박종훈, 김현섭 등","한국문화예술회관연합회(KoCACA)(주최), (재)인천서구문화재단(주최), 구니스컴퍼니(더구니스 크루)(주최)",,,"['권순민', '차현성', '여인규', '문진홍', '김동현', '김경민', '권태성']","['이종민', '박종훈', '김현섭']",스트리트/스포츠댄스+연극,스트리트/스포츠댄스,0.40612477522268625,연극,0.19077988324081144,"{'스트리트/스포츠댄스': 0.40612477522268625, '뮤지컬': 0.09665752165683915, '기악': 0.13820078828881152, '기타': 0.0005186721991701244, '넌버벌 퍼포먼스': 0.0032007534396156353, '대중가요': 0.02400633326053723, '발레': 0.0020746887966804975, '서커스/마술': 0.0005186721991701244, '성악': 0.01338789942986715, '악극': 0.005233584479871878, '연극': 0.19077988324081144, '연희': 0.006015126099879343, '오페라': 0.04114367219917012, '재즈/월드뮤직': 0.013017336313326792, '한국무용': 0.019256629865915777, '현대무용': 0.016609339739389963, '혼합': 0.005820113041940951, '인형극': 0.003837719298245613, '마당극': 0.0005482456140350876, '창극': 0.013048245614035085}"
"제33회 고양행주문화제, 행주 코로나19 국난극복 여민락 콘서트 [아람누리]",복합,복합,"김진산, 송영주, 한상원, 박승화, 정수라 등",,"고양시청(주최), (재)고양문화재단(주관), 고양문화원(주관)",,,"['김진산', '송영주', '한상원', '박승화', '정수라']",[],대중가요+재즈/월드뮤직,대중가요,0.3120768120768121,재즈/월드뮤직,0.24675324675324675,"{'기악': 0.08125208125208125, '대중가요': 0.3120768120768121, '성악': 0.07611832611832613, '연극': 0.16683316683316685, '오페라': 0.004329004329004329, '재즈/월드뮤직': 0.24675324675324675, '뮤지컬': 0.10714285714285714, '기타': 0.005494505494505495}"
"제33회 고양행주문화제, 행주 코로나19 국난극복 여민락 콘서트 [어울림누리]",복합,복합,"김주영, 김효영, 조윤성, 최우준, 홍서범, 박강성 등",,"(재)고양문화재단(주관), 고양시청(주최), 고양문화원(주관)",,,"['김주영', '김효영', '조윤성', '최우준', '홍서범', '박강성']",[],대중가요+기악,대중가요,0.20773779852727214,기악,0.2056956754325175,"{'기악': 0.2056956754325175, '대중가요': 0.20773779852727214, '뮤지컬': 0.06406695156695155, '발레': 0.0013888888888888887, '성악': 0.02166012166012166, '스트리트/스포츠댄스': 0.0013888888888888887, '연극': 0.16009622259622258, '연희': 0.0013888888888888887, '한국무용': 0.012103174603174602, '현대무용': 0.004202279202279202, '혼합': 0.07203907203907203, '오페라': 0.030203280203280194, '재즈/월드뮤직': 0.18208593208593205, '기타': 0.03594282541650962}"
나태주와 함께하는 신세계판타지 [천안],복합,다원/융복합,나태주 등,"조윤혜, 박성룡, 김수한 등","비바츠예술매니지먼트(기획사), 비바츠예술매니지먼트(제작사), 비바츠예술매니지먼트(주관), 비바츠예술매니지먼트(주최)",,,['나태주'],"['조윤혜', '박성룡', '김수한']",대중가요+뮤지컬,대중가요,0.27631975867269987,뮤지컬,0.2019607843137255,"{'기악': 0.05067873303167421, '대중가요': 0.27631975867269987, '혼합': 0.07692307692307693, '인형극': 0.1, '현대무용': 0.2, '뮤지컬': 0.2019607843137255, '성악': 0.03529411764705882, '연극': 0.047058823529411764, '오페라': 0.011764705882352941}"
"클래식인문학특강1, 조희창의 러시아 피아노 음악이야기",복합,복합,,,"안동문화예술의전당 (평생학습원)(주최), 안동문화예술의전당 (평생학습원)(주관)",,,[],[],None,None,0.0,None,0.0,{}
쏘울브릿지 기획공연: 단사 에스파뇰,복합,복합,"박은희, 최지연, 배호신",,"쏘울브릿지(주최), 쏘울브릿지(주관)",,,"['박은희', '최지연', '배호신']",[],기악+연극,기악,0.29498746867167913,연극,0.23620589936379405,"{'기악': 0.29498746867167913, '뮤지컬': 0.13696741854636588, '성악': 0.019110275689223053, '연극': 0.23620589936379405, '대중가요': 0.025183150183150177, '연희': 0.017857142857142853, '재즈/월드뮤직': 0.0119047619047619, '한국무용': 0.11263736263736261, '현대무용': 0.10668498168498167, '발레': 0.03846153846153846}"
unCERTAINTY 서수진 단독공연 (Feat.Coloris Trio x 정수동 x Park 8),복합,복합,"서수진, 김영후, 강재훈, 정수동, 신이안, 강예람 등",,"CJ문화재단(주최), (주)비이피씨탄젠트(주관)",,,"['서수진', '김영후', '강재훈', '정수동', '신이안', '강예람']",[],재즈/월드뮤직+현대무용,재즈/월드뮤직,0.3706028631611797,현대무용,0.29375000000000007,"{'기악': 0.044215166172569834, '대중가요': 0.16313972538617572, '뮤지컬': 0.0735294117647059, '연극': 0.0036764705882352945, '재즈/월드뮤직': 0.3706028631611797, '창극': 0.0036764705882352945, '혼합': 0.012794507723513811, '성악': 0.009615384615384618, '현대무용': 0.29375000000000007, '한국무용': 0.025000000000000005}"
"클래식인문학특강2, 미술과 음악이 함께하는 장일범의 전시회의 그림 렉쳐 콘서트",복합,다원/융복합,장일범,,"안동문화예술의전당 (평생학습원)(주최), 안동문화예술의전당 (평생학습원)(주관)",,,['장일범'],[],성악+기악,성악,0.6445783132530121,기악,0.3192771084337349,"{'기악': 0.3192771084337349, '성악': 0.6445783132530121, '오페라': 0.03614457831325301}"
악가무서화 X 춤추는 미술관,복합,복합,"공인설, 한새영, 차혜림, 이성희, 이민영, 유가희, 최민서 등","박지훈, 이준학, 손지영 등",갬블러크루 (Gamblerz Crew)(주최),,,"['공인설', '한새영', '차혜림', '이성희', '이민영', '유가희', '최민서']","['박지훈', '이준학', '손지영']",연극+기악,연극,0.4224583826609333,기악,0.12742068300958023,"{'발레': 0.07692307692307693, '기악': 0.12742068300958023, '서커스/마술': 0.0024813895781637717, '연극': 0.4224583826609333, '인형극': 0.028122415219189414, '한국무용': 0.015951790145338533, '현대무용': 0.016156603253377446, '혼합': 0.03145241854919274, '뮤지컬': 0.0890405460172902, '성악': 0.09554476531220717, '연희': 0.014566828520316892, '오페라': 0.06768038163387001, '창극': 0.008781915758659945, '대중가요': 0.0008547008547008547, '스트리트/스포츠댄스': 0.0008547008547008547, '악극': 0.0017094017094017094}"
여수 시립예술단과 함께하는 송년음악회,복합,복합,,,여수시청(),,,[],[],None,None,0.0,None,0.0,{}
Adieu 송년음악회 [대구],복합,복합,"백진현, 조선형, 이병삼, 김세현, 김다현 등",,"(재)대구광역시 동구문화재단(주최), 아양아트센터(주최), 대구스트링스심포니오케스트라(주최)",,,"['백진현', '조선형', '이병삼', '김세현', '김다현']",[],기악+연극,기악,0.2769381182424661,연극,0.25469924812030076,"{'기악': 0.2769381182424661, '발레': 0.0024154589371980675, '성악': 0.15802085729621962, '오페라': 0.10693773483628556, '뮤지컬': 0.11549707602339182, '서커스/마술': 0.008771929824561403, '연극': 0.25469924812030076, '대중가요': 0.06018518518518518, '연희': 0.004629629629629629, '혼합': 0.011904761904761904}"
청청 PASSION 제,복합,복합,,,제주특별자치도 문화예술진흥원(주최),,,[],[],None,None,0.0,None,0.0,{}
"최정주의 아트앤뮤직 큐레이션, 위대한 예술가 시리즈: Viva La Vida 프리다 칼로",복합,다원/융복합,최정주,,마리아칼라스홀(주최),,,['최정주'],[],연극+기악,연극,0.3269230769230769,기악,0.3076923076923077,"{'기악': 0.3076923076923077, '성악': 0.07692307692307693, '연극': 0.3269230769230769, '재즈/월드뮤직': 0.038461538461538464, '오페라': 0.25}"
안산시립예술단 특별기획공연: Winter Concert,복합,복합,,,"안산시청(주최), 안산시청(주관)",,,[],[],None,None,0.0,None,0.0,{}
Chair Table Chair,복합,복합,"김희영, 최대성, 우석훈, 임동주, 심재성, 김한상 등","김희명, 최대성, 우석훈 등","팀 퍼니스트(제작사), 동래문화회관(주관), 팀 퍼니스트(주관), 한국문화예술회관연합회(KoCACA)(주최)",,,"['김희영', '최대성', '우석훈', '임동주', '심재성', '김한상']","['김희명', '최대성', '우석훈']",넌버벌 퍼포먼스+연극,넌버벌 퍼포먼스,0.3651851851851851,연극,0.18614379084967322,"{'기악': 0.03137254901960784, '성악': 0.023529411764705885, '연극': 0.18614379084967322, '연희': 0.008366013071895424, '현대무용': 0.00392156862745098, '넌버벌 퍼포먼스': 0.3651851851851851, '대중가요': 0.08888888888888888, '마임': 0.16000000000000003, '서커스/마술': 0.05481481481481481, '뮤지컬': 0.07037037037037037, '오페라': 0.007407407407407407}"
크리스마스 캐롤 [부산],복합,다원/융복합,이기선 등,"김지용, 백현주, 이정윤","부산시립예술단(주관), (재)부산문화회관(주최)",,,['이기선'],"['김지용', '백현주', '이정윤']",연극+성악,연극,0.2628043831168831,성악,0.2415223665223665,"{'기악': 0.15749458874458874, '뮤지컬': 0.14028228715728716, '성악': 0.2415223665223665, '연극': 0.2628043831168831, '대중가요': 0.019176136363636364, '오페라': 0.09226190476190475, '현대무용': 0.03645833333333333, '넌버벌 퍼포먼스': 0.004166666666666667, '인형극': 0.008333333333333333, '한국무용': 0.0375}"
별세계 [제주],복합,다원/융복합,,,(사)전통예술공연개발원 마로(주최),,,[],[],None,None,0.0,None,0.0,{}
허풍선이 클래식 우주판타스틱쇼 [과천],복합,다원/융복합,,,(주)그래피직스(주최),,,[],[],None,None,0.0,None,0.0,{}
크리스마스 콘서트 [대구],복합,복합,"이희랑, 홍영은, 김다영, 김유리, 최승주, 김유진, 권혁민 등","송성훈, 이근, 남화진 등","대구광역시 서구문화회관(주최), 대구광역시 서구문화회관(주관), 프리소울컴퍼니(주최), 프리소울컴퍼니(주관)",,,"['이희랑', '홍영은', '김다영', '김유리', '최승주', '김유진', '권혁민']","['송성훈', '이근', '남화진']",연극+기악,연극,0.39285961858691815,기악,0.3487483023392516,"{'기악': 0.3487483023392516, '오페라': 0.10077922077922082, '성악': 0.03578600114744695, '연극': 0.39285961858691815, '넌버벌 퍼포먼스': 0.0017421602787456452, '뮤지컬': 0.012327358213341175, '악극': 0.0034633306746148372, '연희': 0.0034843205574912905, '인형극': 0.013937282229965162, '현대무용': 0.007131242740998842, '대중가요': 0.0013367756741250723, '발레': 0.015127322476720072, '재즈/월드뮤직': 0.004193918531267931, '혼합': 0.005255306942053932, '서커스/마술': 0.03549450549450551, '마임': 0.017857142857142863, '한국무용': 0.0004761904761904764}"
굿: 마른오구,복합,복합,"김미숙, 이석현, 나헤영, 이민영, 서상현, 박영성, 문용식 등","김남진, 이상훈, 이희자 등","공연기획 MCT(주관), 댄스씨어터 창(주최)",,,"['김미숙', '이석현', '나헤영', '이민영', '서상현', '박영성', '문용식']","['김남진', '이상훈', '이희자']",연극+현대무용,연극,0.31767930009906586,현대무용,0.16120719289740187,"{'기악': 0.15716170012398145, '성악': 0.03008413226650231, '연극': 0.31767930009906586, '연희': 0.008115310077519382, '오페라': 0.028064876442526924, '한국무용': 0.029389880952380956, '현대무용': 0.16120719289740187, '혼합': 0.010890151515151518, '재즈/월드뮤직': 0.05320512820512822, '뮤지컬': 0.11130964099140354, '창극': 0.007135306553911206, '서커스/마술': 0.04166666666666667, '대중가요': 0.027597096530920063, '발레': 0.0035586349924585227, '기타': 0.009729853479853482, '스트리트/스포츠댄스': 0.0008012820512820514, '악극': 0.0024038461538461544}"
와일드 와일드,복합,복합,,"오준석, 최용진, 정석봉 등",,,,[],"['오준석', '최용진', '정석봉']",넌버벌 퍼포먼스+연극,넌버벌 퍼포먼스,0.42666666666666664,연극,0.27166666666666667,"{'기악': 0.05, '대중가요': 0.025, '뮤지컬': 0.15166666666666667, '연극': 0.27166666666666667, '재즈/월드뮤직': 0.075, '넌버벌 퍼포먼스': 0.42666666666666664}"
虎氣: 범의 기운,복합,복합,"정지혜, 정보권, 양소민 등","이기쁨, 고동욱, 신동선 등","(재)국립정동극장(주최), (재)국립정동극장(제작사)",,,"['정지혜', '정보권', '양소민']","['이기쁨', '고동욱', '신동선']",연극+기악,연극,0.39524384633080284,기악,0.16563146997929606,"{'기악': 0.16563146997929606, '넌버벌 퍼포먼스': 0.00644122383252818, '뮤지컬': 0.07533931446974924, '성악': 0.1616632160110421, '악극': 0.039423740510697025, '연극': 0.39524384633080284, '창극': 0.02613871635610766, '현대무용': 0.001610305958132045, '혼합': 0.06435472739820565, '오페라': 0.005952380952380952, '연희': 0.058201058201058205}"
라이트 드로잉쇼 [의정부],복합,다원/융복합,,,극단 상상마당컴퍼니(주최),,,[],[],None,None,0.0,None,0.0,{}
어린왕자 [부산],복합,복합,,,GS엔터테인먼트(주최),,,[],[],None,None,0.0,None,0.0,{}
용인특례시 출범 전야제: 다시 새롭게 특례시 용인,복합,복합,"방성호, 함영선, 하지아, 심현경, 김연자, 이봉근, 유태평양 등",,"(재)용인문화재단(주관), (재)용인문화재단(주최)",,,"['방성호', '함영선', '하지아', '심현경', '김연자', '이봉근', '유태평양']",[],성악+기악,성악,0.2767081839936065,기악,0.1770385854767648,"{'기악': 0.1770385854767648, '기타': 0.038348749402039695, '대중가요': 0.1046527176064097, '성악': 0.2767081839936065, '오페라': 0.057919621749408984, '연희': 0.03323041480936218, '혼합': 0.11945665273838649, '뮤지컬': 0.002136752136752137, '악극': 0.002136752136752137, '연극': 0.14102564102564102, '창극': 0.03722447143499775, '한국무용': 0.006222822012295697, '마당극': 0.001949317738791423, '재즈/월드뮤직': 0.001949317738791423}"
다크필드: FLIGHT,복합,다원/융복합,,"서미정, 김혜리, 김희수 등",(재)우란문화재단(),,,[],"['서미정', '김혜리', '김희수']",연극+기악,연극,0.6663299663299664,기악,0.18951418951418952,"{'대중가요': 0.024675324675324677, '뮤지컬': 0.060606060606060615, '악극': 0.015151515151515154, '연극': 0.6663299663299664, '한국무용': 0.015151515151515154, '기악': 0.18951418951418952, '성악': 0.004761904761904762, '연희': 0.014285714285714289, '혼합': 0.009523809523809525}"
레이져 홀로그램쇼 [인천],복합,다원/융복합,,,아띠홀(주최),,,[],[],None,None,0.0,None,0.0,{}
울산공업센터 지정 60주년 기념 신년음악회: 앙코르! 울산 1962,복합,복합,"김대영, 민들레 등",,"울산광역시청(주최), 울산문화예술회관(주관)",,,"['김대영', '민들레']",[],뮤지컬+연극,뮤지컬,0.3416666666666667,연극,0.25833333333333336,"{'기악': 0.09166666666666669, '대중가요': 0.19166666666666668, '뮤지컬': 0.3416666666666667, '성악': 0.05833333333333334, '연극': 0.25833333333333336, '오페라': 0.05833333333333334}"
"라이트드로잉쇼, 오로라의 환상여행",복합,다원/융복합,,,극단 상상마당컴퍼니(주최),,,[],[],None,None,0.0,None,0.0,{}
"DAC플러스스테이지, 찾아오는 공연",복합,복합,"김준태, 손재명, 김다나 등",,대구시립예술단(주최),,,"['김준태', '손재명', '김다나']",[],대중가요+성악,대중가요,0.25497076023391807,성악,0.23640350877192978,"{'기악': 0.11271929824561404, '대중가요': 0.25497076023391807, '성악': 0.23640350877192978, '연극': 0.010526315789473684, '오페라': 0.16710526315789473, '혼합': 0.021052631578947368, '뮤지컬': 0.175, '기타': 0.02222222222222222}"
토요국악동화,복합,복합,,,국립국악원(주최),,,[],[],None,None,0.0,None,0.0,{}
Eternal Moments 영원한 순간,복합,복합,"김웅식, 유홍, 강지은, 이화영, 황환희, 김도현, 강승민","강지은, 오영훈, 최인숙 등","왓와이아트(주최), 왓와이아트(주관), 왓와이아트(제작사)",,,"['김웅식', '유홍', '강지은', '이화영', '황환희', '김도현', '강승민']","['강지은', '오영훈', '최인숙']",기악+연극,기악,0.3792637912911695,연극,0.18349927699088836,"{'기악': 0.3792637912911695, '성악': 0.06725109152248036, '연희': 0.11005224969877124, '재즈/월드뮤직': 0.01566529754513325, '혼합': 0.07967047765860794, '연극': 0.18349927699088836, '대중가요': 0.011900033101621979, '뮤지컬': 0.015570715138954852, '오페라': 0.0061403508771929825, '한국무용': 0.005532288473439546, '넌버벌 퍼포먼스': 0.02631578947368421, '기타': 0.0019860973187686196, '발레': 0.0009930486593843098, '스트리트/스포츠댄스': 0.0004965243296921549, '악극': 0.0004965243296921549, '창극': 0.0019860973187686196, '현대무용': 0.09318034627174993}"
NU PUNK IS HIPHOP,복합,복합,,,리브레호벤(LIBREJOVEN)(주최),,,[],[],None,None,0.0,None,0.0,{}
새로운 시작 새로운 희망 콘서트,복합,복합,"우명선, 여경민, 양지민, 송성훈, 전대은, 정도영, 박근우 등",,"(재)거창문화재단(주최), COMPANY.F.S(FREE SOUL)(주최), (재)거창문화재단(주관), COMPANY.F.S(FREE SOUL)(주관)",,,"['우명선', '여경민', '양지민', '송성훈', '전대은', '정도영', '박근우']",[],오페라+기악,오페라,0.3712121212121212,기악,0.24823232323232325,"{'성악': 0.24722222222222223, '오페라': 0.3712121212121212, '기악': 0.24823232323232325, '뮤지컬': 0.13333333333333333}"
제40회 파주시립예술단 신년음악회: Begin Aagain,복합,복합,"정성욱, 고영열 등",,"파주시청(주최), 파주시시립예술단(주관)",,,"['정성욱', '고영열']",[],기악+성악,기악,0.33861480075901335,성악,0.22239089184060723,"{'기악': 0.33861480075901335, '뮤지컬': 0.014674256799493994, '발레': 0.010752688172043012, '성악': 0.22239089184060723, '악극': 0.010752688172043012, '연극': 0.19892473118279574, '오페라': 0.09408602150537634, '기타': 0.03921568627450981, '대중가요': 0.003921568627450981, '연희': 0.007843137254901962, '재즈/월드뮤직': 0.019607843137254905, '한국무용': 0.007843137254901962, '현대무용': 0.003921568627450981, '혼합': 0.027450980392156866}"
소리꾼 고영열 & 조윤성 트리오의 JAZZ IN NANBONGA,복합,복합,"고영열, 황호규, 조윤성, 신동진",,"(주)애영(주최), (주)애영(주관)",,,"['고영열', '황호규', '조윤성', '신동진']",[],재즈/월드뮤직+기악,재즈/월드뮤직,0.3435619307298624,기악,0.2170821336381109,"{'기악': 0.2170821336381109, '기타': 0.03396638370547289, '대중가요': 0.03270177876439736, '뮤지컬': 0.1269607843137255, '성악': 0.0926930725792206, '연희': 0.003921568627450981, '재즈/월드뮤직': 0.3435619307298624, '한국무용': 0.003921568627450981, '현대무용': 0.0019607843137254906, '혼합': 0.013725490196078433, '연극': 0.08633633633633636, '오페라': 0.04316816816816818}"
"방방곡곡 페스타, 코카카와 함께 하는 일상회복 힐링콘서트: 희망의 다리를 놓다 (2.20)",복합,복합,김이곤 등,,"한국문화예술회관연합회(KoCACA)(주최), 한국문화예술회관연합회(KoCACA)(주관)",,,['김이곤'],[],기악+성악,기악,0.9318181818181819,성악,0.045454545454545456,"{'기악': 0.9318181818181819, '성악': 0.045454545454545456, '오페라': 0.022727272727272728}"
"안동윈터아트페스티벌, 안동아코디언동호회 & 웅부실버악단 크로스오버 신바람콘서트 [안동]",복합,복합,,,안동문화예술의전당 (평생학습원)(주최),,,[],[],None,None,0.0,None,0.0,{}
"방방곡곡 페스타, 코카카와 함께 하는 일상회복 힐링콘서트: 희망의 다리를 놓다 (2.21)",복합,복합,송영민 등,,"한국문화예술회관연합회(KoCACA)(주최), 한국문화예술회관연합회(KoCACA)(주관)",,,['송영민'],[],기악+성악,기악,0.8375319459656809,성악,0.13572471705001826,"{'기악': 0.8375319459656809, '성악': 0.13572471705001826, '오페라': 0.02674333698430084}"
"방방곡곡 페스타, 코카카와 함께 하는 일상회복 힐링콘서트: 희망의 다리를 놓다 (2.22)",복합,복합,"손범수, 송사비, 김광현, 이예린, 김현정, 고상진, 최문석 등",,"한국문화예술회관연합회(KoCACA)(주최), 한국문화예술회관연합회(KoCACA)(주관)",,,"['손범수', '송사비', '김광현', '이예린', '김현정', '고상진', '최문석']",[],기악+연극,기악,0.4523461622575617,연극,0.12208271647655189,"{'기악': 0.4523461622575617, '뮤지컬': 0.09245896675234667, '기타': 0.0024444763447695997, '발레': 0.025905912269548633, '성악': 0.08460633568576414, '연극': 0.12208271647655189, '오페라': 0.05290520818380056, '재즈/월드뮤직': 0.037179942898417966, '대중가요': 0.012876534736521011, '인형극': 0.0009671179883945841, '혼합': 0.004835589941972921, '한국무용': 0.0031117627891821442, '현대무용': 0.10414704227020942, '서커스/마술': 0.004132231404958678}"
어린이예술아카데미 발표회 (2부),복합,복합,"김리해, 김지민, 김해나, 류하영, 박지안, 박태한, 서주은 등",,"(재)행복북구문화재단(주최), (재)행복북구문화재단(주관)",,,"['김리해', '김지민', '김해나', '류하영', '박지안', '박태한', '서주은']",[],연극+뮤지컬,연극,0.4349315068493151,뮤지컬,0.1917808219178082,"{'기악': 0.0410958904109589, '기타': 0.00228310502283105, '대중가요': 0.0182648401826484, '뮤지컬': 0.1917808219178082, '발레': 0.00228310502283105, '성악': 0.0091324200913242, '연극': 0.4349315068493151, '오페라': 0.0319634703196347, '한국무용': 0.0136986301369863, '현대무용': 0.08561643835616439, '혼합': 0.16894977168949774}"
"Spring Baroque, 댄싱 바로크",복합,복합,"조성연, 마르친 스비아트키에비츠, 서일영, 정지혜",,"(주)메이지프로덕션(주관), (주)메이지프로덕션(주최)",,,"['조성연', '마르친 스비아트키에비츠', '서일영', '정지혜']",[],기악+현대무용,기악,0.54579307568438,현대무용,0.16908212560386474,"{'기악': 0.54579307568438, '성악': 0.06833735909822866, '현대무용': 0.16908212560386474, '넌버벌 퍼포먼스': 0.00966183574879227, '뮤지컬': 0.028079710144927536, '악극': 0.048913043478260865, '연극': 0.10356280193236715, '창극': 0.007246376811594203, '혼합': 0.01932367149758454}"
"그림 읽어주는 베토벤, 마네&모네 [부산]",복합,다원/융복합,조숙현 등,임용순,"좋은사람들(주최), 좋은사람들(주관), 아이에이치컬쳐(IH Culture)(주관)",,,['조숙현'],['임용순'],기악+재즈/월드뮤직,기악,0.9635964912280702,재즈/월드뮤직,0.03640350877192983,"{'기악': 0.9635964912280702, '재즈/월드뮤직': 0.03640350877192983}"
"보이는 클래식, 들리는 미술",복합,다원/융복합,"이소영, 김홍연, 박주경, 전혜성, 방지성, 최한결, 김승원",,"에티카 앙상블(주최), 에티카 앙상블(주관), (재)세종문화회관(주최), (재)세종문화회관(주관)",,,"['이소영', '김홍연', '박주경', '전혜성', '방지성', '최한결', '김승원']",[],기악+연극,기악,0.7239791888510215,연극,0.11716097141629057,"{'기악': 0.7239791888510215, '기타': 0.0019342359767891683, '넌버벌 퍼포먼스': 0.0009671179883945841, '대중가요': 0.003184412888616314, '뮤지컬': 0.004334121355397951, '성악': 0.04599269438397616, '연극': 0.11716097141629057, '오페라': 0.06927430331685651, '재즈/월드뮤직': 0.014367881826095948, '한국무용': 0.0019342359767891683, '현대무용': 0.014936600042983021, '혼합': 0.0019342359767891683}"
고양특례시 출범 지역 예술인 축하콘서트,복합,복합,"이범학, 김나연, 문채윤, 이세은 등",,(재)고양문화재단(주최),,,"['이범학', '김나연', '문채윤', '이세은']",[],뮤지컬+연극,뮤지컬,0.2604166666666667,연극,0.24144345238095238,"{'기악': 0.20944940476190477, '기타': 0.0026041666666666665, '대중가요': 0.0026041666666666665, '뮤지컬': 0.2604166666666667, '발레': 0.0026041666666666665, '성악': 0.11309523809523808, '악극': 0.0026041666666666665, '연극': 0.24144345238095238, '오페라': 0.06175595238095238, '한국무용': 0.04427083333333333, '현대무용': 0.0026041666666666665, '혼합': 0.05654761904761904}"
새로운 시작을 위한 힐링콘서트: 탠텀&퀸 The magic [순천],복합,복합,"김주택, 유성녀, 최형배, 장하은, 김봉미 등",,"순천시(순천시청)(주최), 순천시(순천시청)(주관)",,,"['김주택', '유성녀', '최형배', '장하은', '김봉미']",[],성악+서커스/마술,성악,0.2747647414314081,서커스/마술,0.2168458781362007,"{'기악': 0.19275539275539277, '기타': 0.0445666241365166, '대중가요': 0.012845259081818222, '뮤지컬': 0.02823234113556694, '성악': 0.2747647414314081, '오페라': 0.110331643664977, '서커스/마술': 0.2168458781362007, '연극': 0.11680911680911682, '재즈/월드뮤직': 0.0028490028490028487}"
오페라마 토크 콘서트: 바리톤 정경의 정신 나간 작곡가와 키스하다,복합,복합,"정경, 전지윤",,"(주)아이피샵(주최), H&H 컴퍼니(주관)",,,"['정경', '전지윤']",[],오페라+기악,오페라,0.37037037037037035,기악,0.33333333333333326,"{'기악': 0.33333333333333326, '성악': 0.18518518518518517, '오페라': 0.37037037037037035, '연극': 0.11111111111111109}"
"김남진피지컬씨어터, LINE: 줄 [부산]",복합,복합,"김주영, 이상훈, 김종환, 이준상, 정다래, 김홍인, 황인자 등","김남진, 이희자, 김호진 등","(주)이앤에이그룹(주관), 김남진피지컬씨어터(주최)",,,"['김주영', '이상훈', '김종환', '이준상', '정다래', '김홍인', '황인자']","['김남진', '이희자', '김호진']",현대무용+연극,현대무용,0.2702694819294711,연극,0.19538033876724462,"{'기악': 0.09962467721072713, '대중가요': 0.08332667908792477, '뮤지컬': 0.09931224176580214, '발레': 0.02761400940466685, '성악': 0.037879767291532, '스트리트/스포츠댄스': 0.0014894419306184016, '연극': 0.19538033876724462, '연희': 0.01544117647058824, '한국무용': 0.031617647058823535, '현대무용': 0.2702694819294711, '혼합': 0.004201680672268908, '기타': 0.02386339151045034, '악극': 0.002262443438914028, '오페라': 0.03299174873569338, '재즈/월드뮤직': 0.00301659125188537, '서커스/마술': 0.03529411764705883, '넌버벌 퍼포먼스': 0.019607843137254905, '창극': 0.016806722689075633}"
"그림으로 듣는 슈만, 사랑의 노래: To my Love",복합,다원/융복합,"이인학, 윤소영, 최윤성",,영음예술기획(주최),,,"['이인학', '윤소영', '최윤성']",[],성악+기악,성악,0.6643437862950057,기악,0.24274099883855976,"{'기악': 0.24274099883855976, '성악': 0.6643437862950057, '오페라': 0.07619047619047617, '연극': 0.016724738675958185}"
나태주 시인X앙상블 더류가 함께하는 시와 음악이 있는 콘서트,복합,다원/융복합,나태주 등,,"문화체육관광부(주최), 한국문화예술회관연합회(KoCACA)(주관), 인천광역시남동구도시관리공단(주관)",,,['나태주'],[],대중가요+혼합,대중가요,0.5384615384615384,혼합,0.38461538461538464,"{'기악': 0.07692307692307693, '대중가요': 0.5384615384615384, '혼합': 0.38461538461538464}"
비발D마와 함께하는 씨네마콘서트,복합,복합,,,"고창군(고창군청)(주최), 고창군(고창군청)(제작사), 전라북도(주최)",,,[],[],None,None,0.0,None,0.0,{}
동화나라 샌드북 [인천],복합,다원/융복합,,,아띠홀(주최),,,[],[],None,None,0.0,None,0.0,{}
융·복합 미디어 쇼: HARMONY OF LIGH [광주],복합,다원/융복합,,,"광주광역시 북구(주최), 광주북구문화센터(주관)",,,[],[],None,None,0.0,None,0.0,{}
"전원경의 아트살롱, 그림콘서트: 봄을 맞은 파리",복합,복합,"전원경, 김민정, 이승윤, 장예지, 김유진",,"(재)부산문화회관(주최), (재)부산문화회관(주관)",,,"['전원경', '김민정', '이승윤', '장예지', '김유진']",[],기악+연극,기악,0.2367831463905665,연극,0.211413525757788,"{'기악': 0.2367831463905665, '성악': 0.10304264409096159, '기타': 0.0009107468123861565, '넌버벌 퍼포먼스': 0.012662883564522906, '대중가요': 0.07633272616879173, '마임': 0.0013661202185792348, '뮤지컬': 0.06412513816885401, '발레': 0.1252944748026715, '악극': 0.00045537340619307827, '연극': 0.211413525757788, '연희': 0.00045537340619307827, '오페라': 0.02843071318481154, '인형극': 0.02987560911058178, '재즈/월드뮤직': 0.005640558591378263, '한국무용': 0.004541357246275278, '현대무용': 0.08811778992106858, '혼합': 0.006192844799402176, '창극': 0.0021367521367521365, '서커스/마술': 0.002222222222222222}"
아우름 콘서트 [대구],복합,복합,"황대진, 위수인, 정효성, 이승희, 김효준, 김형석, 이영주 등",,"대구교육대학교(주최), 대구교육대학교 음악교육과(주관)",,,"['황대진', '위수인', '정효성', '이승희', '김효준', '김형석', '이영주']",[],기악+연극,기악,0.43846901751620865,연극,0.2326648257370597,"{'기악': 0.43846901751620865, '성악': 0.12564639915758705, '뮤지컬': 0.023040616813842594, '연극': 0.2326648257370597, '오페라': 0.009892180325561035, '재즈/월드뮤직': 0.016477839209643796, '한국무용': 0.09689261453967336, '혼합': 0.012834224598930482, '연희': 0.004132231404958678, '현대무용': 0.012285012285012286, '대중가요': 0.011469910063491023, '악극': 0.0019342359767891683, '인형극': 0.0019342359767891683, '넌버벌 퍼포먼스': 0.0030816640986132513, '마당극': 0.0015408320493066256, '서커스/마술': 0.007704160246533128}"
"을숙도문화회관 개관 20주년 기념콘서트, 조항조, 박애리 & 오케스트라",복합,복합,"조항조, 박애리, 홍희철, 김희정 등",,"을숙도문화회관(주최), 을숙도문화회관(주관)",,,"['조항조', '박애리', '홍희철', '김희정']",[],기악+창극,기악,0.19858203614242262,창극,0.18357487922705315,"{'대중가요': 0.16908212560386474, '기악': 0.19858203614242262, '기타': 0.044082125603864736, '넌버벌 퍼포먼스': 0.0024154589371980675, '성악': 0.15080962605117193, '연희': 0.014492753623188406, '창극': 0.18357487922705315, '한국무용': 0.00966183574879227, '혼합': 0.07210592234746825, '재즈/월드뮤직': 0.041666666666666664, '뮤지컬': 0.004115226337448559, '발레': 0.004115226337448559, '연극': 0.07541599570585078, '오페라': 0.008230452674897118, '현대무용': 0.02164966899266416}"
을숙도문화회관20주년 콘서트,복합,복합,"조항조, 박애리 등",,"을숙도문화회관(주최), 을숙도문화회관(주관)",,,"['조항조', '박애리']",[],창극+대중가요,창극,0.3671497584541063,대중가요,0.33816425120772947,"{'대중가요': 0.33816425120772947, '기악': 0.043478260869565216, '기타': 0.004830917874396135, '넌버벌 퍼포먼스': 0.004830917874396135, '성악': 0.0821256038647343, '연희': 0.028985507246376812, '창극': 0.3671497584541063, '한국무용': 0.004830917874396135, '혼합': 0.12560386473429952}"
이영섭 ＋ 양승환 듀오콘서트: WE,복합,복합,"이영섭, 양승환",,Full Moon Company(보름달컴퍼니)(주관),,,"['이영섭', '양승환']",[],기악+연극,기악,0.4353448275862069,연극,0.30942118226600984,"{'기악': 0.4353448275862069, '성악': 0.008928571428571428, '연극': 0.30942118226600984, '혼합': 0.11576354679802955, '인형극': 0.03571428571428571, '대중가요': 0.008620689655172414, '뮤지컬': 0.08620689655172414}"
노래와 춤이 함께하는 봄의 로망스,복합,복합,"오세민, 박소희, 박나래, 서훈하, 이태영, 양종근, 박은정 등",,"해운대문화회관(주최), 부산광역시 해운대구(주최), 솔라첼로 성악연구회(주관)",,,"['오세민', '박소희', '박나래', '서훈하', '이태영', '양종근', '박은정']",[],성악+기악,성악,0.31846006200073185,기악,0.20979273252000527,"{'기악': 0.20979273252000527, '성악': 0.31846006200073185, '연극': 0.14848036068131762, '혼합': 0.02323232323232323, '뮤지컬': 0.061176356870136776, '넌버벌 퍼포먼스': 0.018486298390604613, '연희': 0.004132231404958678, '현대무용': 0.021966072205306653, '악극': 0.009569377990430622, '오페라': 0.16443001443001443, '기타': 0.00202020202020202, '마당극': 0.00202020202020202, '발레': 0.00974025974025974, '창극': 0.0032467532467532465, '한국무용': 0.0032467532467532465}"
안산시립예술단 특별기획공연: 안산의 사계,복합,복합,,,"안산시청(주최), 안산시립예술단(주관)",,,[],[],None,None,0.0,None,0.0,{}
"아세안 어린이공연, 거인 앙갈로",복합,복합,"이우영, 장경희, 김민정, 이경구, 이연주","최은정, 이가현, 지경민 등","국립아시아문화전당(제작사), 창작국악그룹 그림(the林)(제작사)",,,"['이우영', '장경희', '김민정', '이경구', '이연주']","['최은정', '이가현', '지경민']",연극+기악,연극,0.35650511054608985,기악,0.16969817121460593,"{'기악': 0.16969817121460593, '악극': 0.033745670443786846, '연극': 0.35650511054608985, '한국무용': 0.029479157124112188, '현대무용': 0.1664164681343049, '혼합': 0.08604972008865451, '뮤지컬': 0.06654080743442826, '성악': 0.02567477688809808, '기타': 0.0021724643475942956, '넌버벌 퍼포먼스': 0.007597730138713745, '대중가요': 0.006390360522457683, '마임': 0.000819672131147541, '발레': 0.00273224043715847, '연희': 0.006939890710382515, '오페라': 0.015725094577553594, '인형극': 0.0031105506515342585, '재즈/월드뮤직': 0.008733589897374383, '창극': 0.011668524712002972}"
드로잉 퍼포먼스: 드로잉 매직쇼,복합,다원/융복합,,,"(사)한국예총 인천광역시연합회 인천예총(인천수봉문화회관)(주최), (사)한국예총 인천광역시연합회 인천예총(인천수봉문화회관)(주관)",,,[],[],None,None,0.0,None,0.0,{}
건축! 음악을 품다,복합,다원/융복합,"장은제, 주희원, 문경민, 전영호, 강형문, 정영수, 백광호 등","박미진, 전영호, 이재성","아르케무지카 (arche musica)(주관), 아르케컬처(기획사)",,,"['장은제', '주희원', '문경민', '전영호', '강형문', '정영수', '백광호']","['박미진', '전영호', '이재성']",기악+성악,기악,0.374568685282971,성악,0.219245040673612,"{'기악': 0.374568685282971, '뮤지컬': 0.0293040293040293, '오페라': 0.06819371105085391, '대중가요': 0.048593073593073584, '연극': 0.17291597291597285, '재즈/월드뮤직': 0.0047619047619047615, '성악': 0.219245040673612, '한국무용': 0.03479853479853479, '혼합': 0.023809523809523805, '연희': 0.023809523809523805}"
안산시립예술단과 함께하는 수수콘(수요일 수려한 콘서트),복합,복합,,,"안산시청(주최), (재)안산문화재단(안산문화예술의전당)(주최)",,,[],[],None,None,0.0,None,0.0,{}
수원시립교향악단 키즈콘서트,복합,복합,"신은혜, 박은수, 나웅준",,"수원시청(주최), 수원시립예술단(주관)",,,"['신은혜', '박은수', '나웅준']",[],기악+연극,기악,0.41529411764705876,연극,0.39333333333333337,"{'기악': 0.41529411764705876, '성악': 0.04862745098039216, '오페라': 0.029411764705882353, '연극': 0.39333333333333337, '뮤지컬': 0.1, '기타': 0.0044444444444444444, '재즈/월드뮤직': 0.008888888888888889}"
불켜는아이,복합,복합,,,"(재)노원문화재단(제작사), 봉산문화회관(제작사), 울산북구문화예술회관(제작사), (재)춘천인형극제(제작사), 한국문화예술회관연합회(KoCACA)(주최), 한국문화예술회관연합회(KoCACA)(주관)",,,[],[],None,None,0.0,None,0.0,{}
동물의 사육제 [의정부],복합,다원/융복합,,,극단 상상마당컴퍼니(주최),,,[],[],None,None,0.0,None,0.0,{}
오월어머니의 노래 순회공연,복합,복합,"임근단, 김전례, 김길자, 이근례, 김옥희, 원사순, 박유덕 등",,국립아시아문화전당(주최),,,"['임근단', '김전례', '김길자', '이근례', '김옥희', '원사순', '박유덕']",[],대중가요+연극,대중가요,0.5945321524836349,연극,0.2475933769734309,"{'대중가요': 0.5945321524836349, '마당극': 0.02040816326530612, '연극': 0.2475933769734309, '뮤지컬': 0.13746630727762804}"
장사익 & 홍지민과 함께하는 음악회: 어우름 [하남],복합,복합,"장사익, 홍지민, 방성호 등",,"(재)하남문화재단(주최), (재)하남문화재단(주관)",,,"['장사익', '홍지민', '방성호']",[],기악+혼합,기악,0.2813829787234042,혼합,0.23421052631578942,"{'기악': 0.2813829787234042, '기타': 0.07129813076061675, '성악': 0.13283228529589108, '연희': 0.007894736842105262, '혼합': 0.23421052631578942, '대중가요': 0.012356792144026185, '뮤지컬': 0.14999999999999997, '연극': 0.0019230769230769227, '한국무용': 0.0019230769230769227, '현대무용': 0.0019230769230769227, '오페라': 0.10425531914893615}"
아이조아 잼스틱 [예산],복합,다원/융복합,,,"충청남도(주최), (재)충남문화재단(주관)",,,[],[],None,None,0.0,None,0.0,{}
신중신 시인 등단 60주년 문학콘서트,복합,복합,"신중신, 이헤명, 이종현, 박수경, 김효진, 민근혜, 김한나 등",,"(재)거창문화재단(주최), (재)거창문화재단(주관)",,,"['신중신', '이헤명', '이종현', '박수경', '김효진', '민근혜', '김한나']",[],연극+기악,연극,0.39475305273624606,기악,0.2089647980404283,"{'기악': 0.2089647980404283, '기타': 0.007936507936507936, '대중가요': 0.033601319315605026, '뮤지컬': 0.11723113487819371, '연극': 0.39475305273624606, '현대무용': 0.009791795506081221, '발레': 0.03836322407750979, '성악': 0.10743327634083936, '한국무용': 0.021809936095650382, '오페라': 0.04985630615882717, '혼합': 0.0018552875695732839, '재즈/월드뮤직': 0.008403361344537815}"
"라스트 스트라디움, 까도까도 30",복합,복합,"차기은, 박지혜, 김소진, 김현규",,"유나이티드프로듀서스(UPD)(주최), 유나이티드프로듀서스(UPD)(기획사)",,,"['차기은', '박지혜', '김소진', '김현규']",[],기악+연극,기악,0.2685760617608373,연극,0.2624009403449872,"{'기악': 0.2685760617608373, '대중가요': 0.03550903119868637, '뮤지컬': 0.09178151061690425, '성악': 0.1418523463090802, '스트리트/스포츠댄스': 0.008620689655172414, '연극': 0.2624009403449872, '연희': 0.0028735632183908046, '오페라': 0.005747126436781609, '재즈/월드뮤직': 0.01744663382594417, '한국무용': 0.021842530707202146, '현대무용': 0.005747126436781609, '기타': 0.003144654088050314, '혼합': 0.10541738136077759, '인형극': 0.007575757575757576, '창극': 0.007575757575757576, '악극': 0.013888888888888888}"
"통진 마티네 콘서트, 판소리와 탭댄스의 만남: 소리꾼, 탭꾼 [김포]",복합,복합,"최진숙, 이연호, 박용갑, 손윤, 송대의",,"(재)김포문화재단(주최), (재)김포문화재단(주관)",,,"['최진숙', '이연호', '박용갑', '손윤', '송대의']",[],스트리트/스포츠댄스+혼합,스트리트/스포츠댄스,0.4924242424242424,혼합,0.1542207792207792,"{'창극': 0.041666666666666664, '한국무용': 0.041666666666666664, '혼합': 0.1542207792207792, '스트리트/스포츠댄스': 0.4924242424242424, '연희': 0.020833333333333332, '기악': 0.051948051948051945, '뮤지컬': 0.045454545454545456, '연극': 0.0625, '성악': 0.08928571428571429}"
제주하모니 (5월),복합,복합,"변종수, 양정원 등",,"제주아트센터(주최), 제주아트센터(주관), (사)제주빌레앙상블(주관)",,,"['변종수', '양정원']",[],오페라+연극,오페라,0.33333333333333326,연극,0.33333333333333326,"{'오페라': 0.33333333333333326, '연극': 0.33333333333333326, '기악': 0.06666666666666667, '대중가요': 0.06666666666666667, '한국무용': 0.19999999999999996}"
음으로 그린 樂 [부산],복합,복합,"김지우, 김고운, 김범석, 김하나, 김효영, 김수휘, 조성빈 등",,"해운대문화회관(주관), 한국문화예술회관연합회(KoCACA)(주관), 문화체육관광부(주최)",,,"['김지우', '김고운', '김범석', '김하나', '김효영', '김수휘', '조성빈']",[],연극+기악,연극,0.3291223003267537,기악,0.2564206373922973,"{'기악': 0.2564206373922973, '기타': 0.001098901098901099, '대중가요': 0.0073541842772612, '뮤지컬': 0.15079884128467125, '발레': 0.002197802197802198, '연극': 0.3291223003267537, '현대무용': 0.09575556865536623, '재즈/월드뮤직': 0.020418897341974267, '한국무용': 0.03172353961827646, '성악': 0.014830468676622523, '창극': 0.019230769230769232, '혼합': 0.06765805045157272, '오페라': 0.003390039447731755}"
"제9회 예술공감, 샌드아트와 음악만들기",복합,복합,"안선애, 이화영선, 김성진, 설은경, 박보경, 김상식",,"을숙도문화회관(주최), 을숙도문화회관(주관)",,,"['안선애', '이화영선', '김성진', '설은경', '박보경', '김상식']",[],기악+연극,기악,0.5164040720828355,연극,0.20972720031859812,"{'기악': 0.5164040720828355, '오페라': 0.12992831541218636, '뮤지컬': 0.002688172043010752, '발레': 0.002688172043010752, '성악': 0.12366711469534047, '연극': 0.20972720031859812, '혼합': 0.014896953405017918}"
"ACC 브런치콘서트, 팀 퍼니스트 서커스 음악극: 체어, 테이블, 체어 (5월)",복합,복합,"김희명, 최대성, 우석훈, 임동주, 신용, 심재성, 김한상",,"국립아시아문화전당(주최), 국립아시아문화전당재단(주관)",,,"['김희명', '최대성', '우석훈', '임동주', '신용', '심재성', '김한상']",[],넌버벌 퍼포먼스+연극,넌버벌 퍼포먼스,0.40444444444444444,연극,0.24,"{'넌버벌 퍼포먼스': 0.40444444444444444, '대중가요': 0.06666666666666667, '마임': 0.12000000000000002, '서커스/마술': 0.05222222222222221, '연극': 0.24, '뮤지컬': 0.10555555555555556, '오페라': 0.01111111111111111}"
장사익 & 김영임 with 웨스턴심포니오케스트라 [경주],복합,복합,"장사익, 김영임, 방성호, 김성훈 등",,"한국수력원자력(주)(주최), (재)경주문화재단(주관)",,,"['장사익', '김영임', '방성호', '김성훈']",[],기악+혼합,기악,0.27916531546634277,혼합,0.2225387156861412,"{'기악': 0.27916531546634277, '기타': 0.059576362899476765, '성악': 0.13924361613895844, '연희': 0.010741138560687433, '혼합': 0.2225387156861412, '대중가요': 0.019899745516305096, '연극': 0.0457416144339148, '한국무용': 0.027658431793770137, '오페라': 0.1045432730763078, '뮤지컬': 0.012658227848101266, '스트리트/스포츠댄스': 0.0018083182640144665, '재즈/월드뮤직': 0.0018083182640144665, '현대무용': 0.07461692205196535}"
보물섬을 찾아서 [부천],복합,다원/융복합,,,"(재)부천문화재단(주최), (재)부천문화재단(주관), 극단 조이키즈(주관)",,,[],[],None,None,0.0,None,0.0,{}
"체어, 테이블, 체어",복합,복합,,,"문화체육관광부(주최), 한국문화예술회관연합회(KoCACA)(주관), (재)종로문화재단(주관)",,,[],[],None,None,0.0,None,0.0,{}
"그림읽어주는 베토벤, THE CONCERT: 이중섭 편 [이천]",복합,다원/융복합,조숙현 등,임용순,"이천문화재단(주최), 이천문화재단(주관), 두손클래식엔터테인먼트(주)(제작사)",,,['조숙현'],['임용순'],기악+재즈/월드뮤직,기악,0.9635964912280702,재즈/월드뮤직,0.03640350877192983,"{'기악': 0.9635964912280702, '재즈/월드뮤직': 0.03640350877192983}"
"제3회 이머시브 랩, 비보호 구역",복합,다원/융복합,"목수현, 박창준, 소진희, 이영건, 전찬욱","신수민, 유찬종, 이해정 등","사기꾼들(제작사), (주)이방인(주최)",,,"['목수현', '박창준', '소진희', '이영건', '전찬욱']","['신수민', '유찬종', '이해정']",연극+기악,연극,0.41,기악,0.26,"{'성악': 0.16999999999999998, '연극': 0.41, '기악': 0.26, '뮤지컬': 0.12, '현대무용': 0.04}"
춤과 함께하는 봄의 대향연,복합,복합,"손명균, 김희정, 장은녕, 최우석, 안희경, 이수향, 박민내, 손지현 등",,,,,"['손명균', '김희정', '장은녕', '최우석', '안희경', '이수향', '박민내', '손지현']",[],기악+성악,기악,0.362058124376965,성악,0.1265623801855686,"{'기악': 0.362058124376965, '뮤지컬': 0.10246913580246916, '발레': 0.009135802469135803, '성악': 0.1265623801855686, '연극': 0.12191626409017715, '오페라': 0.03350970017636685, '현대무용': 0.0729898013955985, '혼합': 0.0555823939881911, '한국무용': 0.004347826086956523, '대중가요': 0.01142857142857143, '연희': 0.10000000000000002}"
아시아 콘텐츠 공연개발 쇼케이스: 고래씨 이상해,복합,복합,"선영욱, 안대천, 김용훈, 배정찬, 이강산, 민현기, 이정동","안정민, 오현종, 조은영 등","THE 광대(제작사), 국립아시아문화전당(주최)",,,"['선영욱', '안대천', '김용훈', '배정찬', '이강산', '민현기', '이정동']","['안정민', '오현종', '조은영']",연극+연희,연극,0.3482348282880403,연희,0.26874928333906656,"{'연극': 0.3482348282880403, '연희': 0.26874928333906656, '인형극': 0.04091192032368502, '혼합': 0.10683776434550424, '한국무용': 0.02346230158730158, '대중가요': 0.003472222222222221, '뮤지컬': 0.05317791005291003, '성악': 0.017943121693121688, '악극': 0.0011574074074074071, '현대무용': 0.0011574074074074071, '기악': 0.10208333333333332, '기타': 0.0010416666666666664, '넌버벌 퍼포먼스': 0.005208333333333332, '서커스/마술': 0.004166666666666666, '오페라': 0.02239583333333333}"
"별별페스티벌, 단테: 지옥 편",복합,복합,"선한, 임태이, 김하은, 권주하","석수정, 이지윤, 유태선 등",별별극장(주최),,,"['선한', '임태이', '김하은', '권주하']","['석수정', '이지윤', '유태선']",연극+기악,연극,0.3139388540075796,기악,0.22612657201576258,"{'연극': 0.3139388540075796, '연희': 0.08450704225352113, '기악': 0.22612657201576258, '넌버벌 퍼포먼스': 0.004016064257028113, '뮤지컬': 0.018414031713709297, '성악': 0.050638233685917376, '오페라': 0.03634538152610442, '인형극': 0.04467871485943775, '재즈/월드뮤직': 0.0010040160642570282, '한국무용': 0.0021777249844448215, '악극': 0.016666666666666666, '혼합': 0.04284037558685446, '현대무용': 0.04753521126760563, '창극': 0.013888888888888888, '대중가요': 0.09722222222222222}"
매헌윤봉길의사 상하이의거 90주년 기념 음악축제,복합,복합,"백정원, 강화자, 장사익, 윤형주, 김지현, 이경진, 이정원 등",,"예술의전당(주최), (사)매헌 윤봉길의사 기념사업회(주최), 상하이의거 90주년 기념사업추진위원회(주관)",,,"['백정원', '강화자', '장사익', '윤형주', '김지현', '이경진', '이정원']",[],연극+오페라,연극,0.1830549940292382,오페라,0.18032831918610193,"{'성악': 0.1760923473689431, '오페라': 0.18032831918610193, '기악': 0.1339288992704446, '기타': 0.01402281928597718, '연희': 0.003588516746411483, '혼합': 0.11001367053998633, '대중가요': 0.06628634523371366, '재즈/월드뮤직': 0.008906882591093117, '뮤지컬': 0.0581429395539138, '발레': 0.00758714969241285, '악극': 0.0014455868879161152, '연극': 0.1830549940292382, '창극': 0.007693476114528746, '현대무용': 0.024938878466314082, '스트리트/스포츠댄스': 0.0009671179883945841, '한국무용': 0.023002057044610235}"
Harmony of Light [울산],복합,다원/융복합,,,"한국문화예술회관연합회(KoCACA)(주최), (재)울주문화재단(주관)",,,[],[],None,None,0.0,None,0.0,{}
"제3회 이머시브 랩, 빈공간, 극장놀이",복합,복합,"김이슬, 최유화, 정재필, 황민지, 이효은 등","김이슬, 김지우, 오하늬","뭄플레이(제작사), (주)이방인(주최)",,,"['김이슬', '최유화', '정재필', '황민지', '이효은']","['김이슬', '김지우', '오하늬']",연극+뮤지컬,연극,0.4634491634491635,뮤지컬,0.17327633756205185,"{'기악': 0.14561500275785993, '뮤지컬': 0.17327633756205185, '성악': 0.05115830115830117, '연극': 0.4634491634491635, '재즈/월드뮤직': 0.027247655819084397, '현대무용': 0.11680455966170253, '기타': 0.0020408163265306124, '대중가요': 0.00816326530612245, '발레': 0.004081632653061225, '한국무용': 0.00816326530612245}"
익산시립무용단 풍물단 합동공연: 넥스트모션Ⅳ,복합,복합,"최수진, 서관식, 정수미, 김수연, 손은해, 김민정, 박지나 등","김남인, 김미진, 김익주 등","익산시청(주최), 익산시립무용단(주관), 익산시립풍물단(주관)",,,"['최수진', '서관식', '정수미', '김수연', '손은해', '김민정', '박지나']","['김남인', '김미진', '김익주']",연극+기악,연극,0.20007383524539923,기악,0.15177604691574645,"{'기악': 0.15177604691574645, '기타': 0.0016206767810474153, '대중가요': 0.011345630648252846, '뮤지컬': 0.11893666152590525, '서커스/마술': 0.006211180124223601, '악극': 0.005407428942991834, '연극': 0.20007383524539923, '재즈/월드뮤직': 0.04522027627872246, '한국무용': 0.11793578915488731, '현대무용': 0.025549842174931267, '발레': 0.06062286996052876, '인형극': 0.03904701855521527, '성악': 0.04338783488959802, '연희': 0.1142933746256127, '오페라': 0.010870054749242205, '혼합': 0.02580987118819583, '창극': 0.010993263702242028, '넌버벌 퍼포먼스': 0.008140425148621868, '마임': 0.0008782201405152224, '마당극': 0.0018796992481203004}"
빨간망토와 함께 떠나는 뮤직 트립,복합,복합,"김예본, 고미주, 이현지 등",,"(재)종로문화재단(주최), (재)종로문화재단(주관)",,,"['김예본', '고미주', '이현지']",[],기악+연극,기악,0.44808743169398907,연극,0.41980070716811313,"{'기악': 0.44808743169398907, '뮤지컬': 0.05239472838315654, '성악': 0.04371584699453552, '연극': 0.41980070716811313, '현대무용': 0.03600128576020572}"
강아지 똥 [의정부],복합,복합,,,극단 상상마당컴퍼니(주최),,,[],[],None,None,0.0,None,0.0,{}
두번째달X김준수X채수현: 새로운 세상으로의 초대 [인천],복합,복합,"김준수, 채수현 등",,(재)인천중구문화재단(주최),,,"['김준수', '채수현']",[],연극+성악,연극,0.3333333333333333,성악,0.19907407407407407,"{'기악': 0.14351851851851852, '기타': 0.0023148148148148147, '대중가요': 0.018518518518518517, '마당극': 0.0023148148148148147, '뮤지컬': 0.06944444444444445, '성악': 0.19907407407407407, '창극': 0.04398148148148148, '한국무용': 0.016203703703703703, '혼합': 0.07407407407407407, '연극': 0.3333333333333333, '연희': 0.013888888888888888, '현대무용': 0.08333333333333333}"
제22회 거창예총제,복합,복합,,,,,,[],[],None,None,0.0,None,0.0,{}
"음악으로 그리는 일곱 가지 반 고흐, 별이 빛나는 밤에 [경기 광주]",복합,다원/융복합,"이희주, 민우혁, 김소향, 손태진, 정하은 등",,"(재)광주시문화재단 [경기광주](주관), JK아트컴퍼니(주관), 한국문화예술회관연합회(KoCACA)(주최)",,,"['이희주', '민우혁', '김소향', '손태진', '정하은']",[],기악+뮤지컬,기악,0.3059389313744714,뮤지컬,0.1990771327008261,"{'기악': 0.3059389313744714, '대중가요': 0.10824622531939608, '뮤지컬': 0.1990771327008261, '성악': 0.12446013142877256, '재즈/월드뮤직': 0.00502989074417646, '한국무용': 0.03787878787878788, '기타': 0.06213327903223375, '오페라': 0.007421150278293137, '혼합': 0.0018552875695732843, '연극': 0.1479591836734694}"
"꽃, 나무",복합,복합,"김우성, 김동아, 심상우, 정수연, 조의선","정수연, 김우성",쌀롱드무지끄(주최),,,"['김우성', '김동아', '심상우', '정수연', '조의선']","['정수연', '김우성']",기악+연극,기악,0.42896613190730837,연극,0.17950089126559715,"{'기악': 0.42896613190730837, '뮤지컬': 0.1481283422459893, '성악': 0.1450980392156863, '연극': 0.17950089126559715, '혼합': 0.016310160427807485, '현대무용': 0.045454545454545456, '대중가요': 0.00267379679144385, '서커스/마술': 0.0053475935828877, '연희': 0.010249554367201427, '재즈/월드뮤직': 0.008021390374331552, '한국무용': 0.010249554367201427}"
"신박한 스테이지, 고래의 노래",복합,복합,"서희진, 이지훈, 어성범, 홍효진, 이영미, 임종수, 김민경 등","서희진, 이해제, 김승언 등","(재)울주문화재단(주최), (재)울주문화재단(주관), 내드름연희단(제작사)",,,"['서희진', '이지훈', '어성범', '홍효진', '이영미', '임종수', '김민경']","['서희진', '이해제', '김승언']",연극+연희,연극,0.3633199685998668,연희,0.25301708469647394,"{'연희': 0.25301708469647394, '기악': 0.10499585232409658, '기타': 0.0052710436298222555, '대중가요': 0.022543317581485516, '뮤지컬': 0.16348906018117212, '성악': 0.043381117045239184, '악극': 0.0007936507936507937, '연극': 0.3633199685998668, '혼합': 0.003495698533866472, '재즈/월드뮤직': 0.004477392836171461, '발레': 0.015872679295071152, '오페라': 0.010531523890302513, '한국무용': 0.0019083969465648852, '현대무용': 0.006903213646216189}"
"GAC 화요극장, 위대한 낙서",복합,복합,,,"예술의전당(주최), 강릉아트센터(주관)",,,[],[],None,None,0.0,None,0.0,{}
춘향 예화담 [연천],복합,복합,"김가을, 이다은, 이태민, 신하영, 김승우, 이승훈",,"문화체육관광부(주최), 한국문화예술회관연합회(KoCACA)(주관), 연천군시설관리공단(주관)",,,"['김가을', '이다은', '이태민', '신하영', '김승우', '이승훈']",[],연극+혼합,연극,0.3101922945672946,혼합,0.28568625443625445,"{'뮤지컬': 0.14949324324324326, '성악': 0.02637012012012012, '연극': 0.3101922945672946, '연희': 0.013888888888888888, '혼합': 0.28568625443625445, '기악': 0.16528460278460277, '대중가요': 0.043876262626262624, '기타': 0.001736111111111111, '악극': 0.001736111111111111, '재즈/월드뮤직': 0.001736111111111111}"
"전영랑, 강유진의 국악과 트로트의 만남",복합,복합,"전영랑, 강유진",,"문화체육관광부(주최), 문화체육관광부(주관), 한국문화예술회관연합회(KoCACA)(주최), 한국문화예술회관연합회(KoCACA)(주관), 함양군문화예술회관(주최), 함양군문화예술회관(주관)",,,"['전영랑', '강유진']",[],연극+기악,연극,0.375,기악,0.16319444444444445,"{'기악': 0.16319444444444445, '기타': 0.03125, '대중가요': 0.07291666666666667, '성악': 0.09375, '연희': 0.010416666666666666, '재즈/월드뮤직': 0.010416666666666666, '창극': 0.041666666666666664, '한국무용': 0.010416666666666666, '혼합': 0.06597222222222222, '뮤지컬': 0.041666666666666664, '연극': 0.375, '현대무용': 0.08333333333333333}"
민들레 가족극장,복합,복합,,,"이화뱅곳민들레연극마을(주최), 이화뱅곳민들레연극마을(주관)",,,[],[],None,None,0.0,None,0.0,{}
자동차의 정맥 by OddVein,복합,복합,,,"JH CREATIVE(주최), JH CREATIVE(주관)",,,[],[],None,None,0.0,None,0.0,{}
"아리랑, 택견과 만나다 [수원]",복합,복합,"김윤정, 이상호, 고윤영, 이지수, 변상아, 김성일, 김민성 등","박종욱, 이지수, 류정애 등","수원시청(주최), 경기문화재단(주최), (재)수원문화재단(주관), 수원SK아트리움(주관), 발광엔터테인먼트(주관)",,,"['김윤정', '이상호', '고윤영', '이지수', '변상아', '김성일', '김민성']","['박종욱', '이지수', '류정애']",연극+기악,연극,0.2705611370253315,기악,0.17761253665345741,"{'기악': 0.17761253665345741, '성악': 0.06782159277683576, '연극': 0.2705611370253315, '오페라': 0.010165732959850609, '한국무용': 0.054034745211215804, '현대무용': 0.04058264720029426, '대중가요': 0.007500000000000002, '마당극': 0.019025832555244322, '악극': 0.004493464052287582, '연희': 0.13964753088154627, '뮤지컬': 0.0798942475540941, '기타': 0.0010893246187363835, '넌버벌 퍼포먼스': 0.0010893246187363835, '재즈/월드뮤직': 0.01905205077199963, '혼합': 0.10156902725956435, '인형극': 0.0015873015873015875, '서커스/마술': 0.004273504273504275}"
BOOMI's Jazz Odyssey: 조선,복합,복합,,,"뮤직오디세이(주최), (재)인천광역시 부평구문화재단(부평아트센터)(주관)",,,[],[],None,None,0.0,None,0.0,{}
꽃이 핍니다 [영천],복합,복합,"장사익, 김연자, 오정해, 전은석, 김현호 등",,"영천시청(주최), 영남국악관현악단(주관)",,,"['장사익', '김연자', '오정해', '전은석', '김현호']",[],혼합+대중가요,혼합,0.3608817796124298,대중가요,0.16623538304210572,"{'기악': 0.09471566404339514, '기타': 0.03424972328112531, '성악': 0.15037207865602384, '연희': 0.034210526315789476, '혼합': 0.3608817796124298, '대중가요': 0.16623538304210572, '뮤지컬': 0.006727135298563869, '악극': 0.004081632653061224, '한국무용': 0.004081632653061224, '창극': 0.047619047619047616, '연극': 0.06507936507936508, '오페라': 0.007936507936507936, '재즈/월드뮤직': 0.007936507936507936, '현대무용': 0.015873015873015872}"
HYANGGA,복합,복합,"이봉근, 정재욱, 김재성, 김성화, 김인영 등",,(주)프로덕션 고금(주최),,,"['이봉근', '정재욱', '김재성', '김성화', '김인영']",[],연극+성악,연극,0.23485998650472337,성악,0.18947828487302176,"{'기악': 0.1848316157526684, '기타': 0.004807692307692309, '대중가요': 0.16305898049319104, '뮤지컬': 0.0947084713532082, '성악': 0.18947828487302176, '악극': 0.0024038461538461544, '연극': 0.23485998650472337, '연희': 0.0024038461538461544, '창극': 0.0024038461538461544, '한국무용': 0.004807692307692309, '혼합': 0.012019230769230772, '재즈/월드뮤직': 0.09853468899521532, '오페라': 0.005681818181818183}"
제17회 부산국제어린이청소년영화제 개막식,복합,복합,,,,,,[],[],None,None,0.0,None,0.0,{}
사유하는 극장: 요즘 것들의 사유,복합,복합,"마혜령, 김수형, 정구영, 장동원, 이석주, 홍성하, 성숙진 등","김영원, 신해연, 임재훈 등","극장용(주최), 극장용(주관)",,,"['마혜령', '김수형', '정구영', '장동원', '이석주', '홍성하', '성숙진']","['김영원', '신해연', '임재훈']",연극+기악,연극,0.2033333333333333,기악,0.19833333333333333,"{'뮤지컬': 0.18, '연극': 0.2033333333333333, '기악': 0.19833333333333333, '성악': 0.043333333333333335, '악극': 0.013333333333333332, '혼합': 0.02, '발레': 0.1, '한국무용': 0.1, '대중가요': 0.125, '연희': 0.016666666666666666}"
제31회 아트레온 갤러리 콘서트,복합,복합,"양대원, 허희정, 한덕현, 엄기환",,(주)아트레온(주최),,,"['양대원', '허희정', '한덕현', '엄기환']",[],기악+혼합,기악,0.7333333333333334,혼합,0.15,"{'기악': 0.7333333333333334, '성악': 0.03333333333333333, '혼합': 0.15, '기타': 0.08333333333333333}"
민선8기 축하음악회 [천안],복합,복합,"박범훈, 김지나, 김동윤, 인순이, 이선영, 정찬욱 등",,"(재)천안문화재단(천안예술전당)(주최), 천안예술의전당(주최)",,,"['박범훈', '김지나', '김동윤', '인순이', '이선영', '정찬욱']",[],기악+연극,기악,0.29853513356562145,연극,0.2761178861788618,"{'기악': 0.29853513356562145, '성악': 0.10570847851335659, '혼합': 0.05101045296167248, '마당극': 0.013333333333333336, '연희': 0.04833333333333334, '뮤지컬': 0.05452235772357724, '발레': 0.006250000000000001, '연극': 0.2761178861788618, '현대무용': 0.029522357723577242, '대중가요': 0.054166666666666675, '한국무용': 0.0041666666666666675, '기타': 0.01666666666666667, '재즈/월드뮤직': 0.04166666666666667}"
GoGoGo: 연주하Go 노래하Go 춤추Go [안성],복합,복합,"지명인, 백승화, 이정미, 이현지, 라해인, 윤소정, 신수빈 등",,"안성맞춤아트홀(안성시)(주최), 어쿠스틱 앙상블 재비(주관)",,,"['지명인', '백승화', '이정미', '이현지', '라해인', '윤소정', '신수빈']",[],연극+기악,연극,0.37338438258735107,기악,0.2566871237576869,"{'기악': 0.2566871237576869, '성악': 0.1586381069631248, '대중가요': 0.028138528138528143, '뮤지컬': 0.09183511414025858, '오페라': 0.012987012987012988, '악극': 0.04545454545454546, '연극': 0.37338438258735107, '창극': 0.003952569169960475, '한국무용': 0.019104084321475628, '현대무용': 0.009818532480056107}"
은곡마을 마실콘서트,복합,복합,"송영민, 김세훈, 문지원, 이호찬, 박인혜, 이준, 이민형",,"야기웍스(주최), 야기웍스(기획사)",,,"['송영민', '김세훈', '문지원', '이호찬', '박인혜', '이준', '이민형']",[],기악+성악,기악,0.5097912892911126,성악,0.15762200155528408,"{'기악': 0.5097912892911126, '성악': 0.15762200155528408, '오페라': 0.02975538517707192, '재즈/월드뮤직': 0.04807692307692307, '혼합': 0.09329740084582183, '대중가요': 0.004304295124324151, '연극': 0.11453325714373709, '한국무용': 0.004198631557122122, '발레': 0.0041529595669723045, '연희': 0.005555277513637956, '인형극': 0.010989010989010986, '기타': 0.0014792899408284023, '뮤지컬': 0.01331360946745562, '현대무용': 0.0014792899408284023, '창극': 0.0014513788098693757}"
시詩작作: 과정과 공유,복합,복합,,"남우찬, 김솔지, 김은경 등",,,,[],"['남우찬', '김솔지', '김은경']",연극+뮤지컬,연극,0.5186813186813188,뮤지컬,0.1274725274725275,"{'연극': 0.5186813186813188, '기타': 0.009340659340659342, '성악': 0.1197802197802198, '혼합': 0.04230769230769232, '대중가요': 0.0076923076923076945, '뮤지컬': 0.1274725274725275, '연희': 0.009890109890109893, '기악': 0.04835164835164836, '악극': 0.0043956043956043965, '오페라': 0.05494505494505496, '창극': 0.0021978021978021982, '한국무용': 0.0043956043956043965, '현대무용': 0.05054945054945056}"
Letter (서신): Greeting from No Sign Lab,복합,복합,"우유연, 박지혁 등",,쌀롱드무지끄(주최),,,"['우유연', '박지혁']",[],기악+재즈/월드뮤직,기악,0.8888888888888888,재즈/월드뮤직,0.1111111111111111,"{'기악': 0.8888888888888888, '재즈/월드뮤직': 0.1111111111111111}"
"전원경의 아트살롱, 그림콘서트: 로마의 여름 햇살",복합,복합,"전원경, 김민정, 이승윤, 김유진, 장지현",,"(재)부산문화회관(주최), (재)부산문화회관(주관)",,,"['전원경', '김민정', '이승윤', '김유진', '장지현']",[],기악+연극,기악,0.34009698654651194,연극,0.21726147897416226,"{'기악': 0.34009698654651194, '성악': 0.07185356027029882, '기타': 0.0009107468123861565, '넌버벌 퍼포먼스': 0.012662883564522906, '대중가요': 0.07633272616879173, '마임': 0.0013661202185792348, '뮤지컬': 0.05177945915650833, '발레': 0.03757517655705748, '악극': 0.00045537340619307827, '연극': 0.21726147897416226, '연희': 0.00045537340619307827, '오페라': 0.0693663856994314, '인형극': 0.005184251085890429, '재즈/월드뮤직': 0.005640558591378263, '한국무용': 0.004541357246275278, '현대무용': 0.08811778992106858, '혼합': 0.012040798015776443, '창극': 0.0021367521367521365, '서커스/마술': 0.002222222222222222}"
"체어, 테이블 체어 [의정부]",복합,복합,"최대성, 김희명, 심재성, 김한상",심재성,,,,"['최대성', '김희명', '심재성', '김한상']",['심재성'],넌버벌 퍼포먼스+뮤지컬,넌버벌 퍼포먼스,0.619047619047619,뮤지컬,0.14285714285714285,"{'넌버벌 퍼포먼스': 0.619047619047619, '대중가요': 0.09523809523809523, '뮤지컬': 0.14285714285714285, '연극': 0.14285714285714285}"
LED 비바츠태권발레 [창녕],복합,복합,,"조윤혜, 김혁인, 박성룡 등","창녕군청(창녕문화예술회관)(주관), 비바츠예술매니지먼트(주관), 창녕군청(창녕문화예술회관)(주최)",,,[],"['조윤혜', '김혁인', '박성룡']",대중가요+인형극,대중가요,0.33333333333333337,인형극,0.25000000000000006,"{'인형극': 0.25000000000000006, '현대무용': 0.25000000000000006, '대중가요': 0.33333333333333337, '뮤지컬': 0.16666666666666669}"
"여우락 페스티벌, 밤 새 Baum Sae Communication",복합,복합,"서수진, 황진아, 김보림",,국립극장(주최),,,"['서수진', '황진아', '김보림']",[],한국무용+현대무용,한국무용,0.22142857142857147,현대무용,0.21428571428571433,"{'기악': 0.14733893557422972, '대중가요': 0.03529411764705883, '뮤지컬': 0.017647058823529415, '연극': 0.005882352941176471, '재즈/월드뮤직': 0.1058823529411765, '창극': 0.005882352941176471, '혼합': 0.10826330532212887, '기타': 0.0071428571428571435, '성악': 0.0761904761904762, '연희': 0.04761904761904762, '오페라': 0.0071428571428571435, '한국무용': 0.22142857142857147, '현대무용': 0.21428571428571433}"
밤의 찬가,복합,다원/융복합,"송철호, 이가은, 장찬호, 강성룡, 고소천, 박서란, 고진수 등","전민경, 수정, 정수진 등","더 그레잇 커미션(주최), 더 그레잇 커미션(주관)",,,"['송철호', '이가은', '장찬호', '강성룡', '고소천', '박서란', '고진수']","['전민경', '수정', '정수진']",연극+현대무용,연극,0.40324056895485466,현대무용,0.24507936507936506,"{'뮤지컬': 0.030869923727066585, '악극': 0.012987012987012988, '연극': 0.40324056895485466, '기악': 0.2069047619047619, '대중가요': 0.017857142857142856, '성악': 0.03015873015873016, '한국무용': 0.001984126984126984, '혼합': 0.001984126984126984, '오페라': 0.01020408163265306, '현대무용': 0.24507936507936506, '스트리트/스포츠댄스': 0.014285714285714287, '재즈/월드뮤직': 0.02158730158730159, '기타': 0.002857142857142857}"
생생 락樂 [울산],복합,복합,"박상운, 김예진, 이유나 등","홍은주, 박정은","울산광역시청(주최), 울산시립예술단(주관)",,,"['박상운', '김예진', '이유나']","['홍은주', '박정은']",연극+기악,연극,0.2978017961570593,기악,0.19851712614870512,"{'기악': 0.19851712614870512, '기타': 0.010912698412698414, '넌버벌 퍼포먼스': 0.005952380952380953, '대중가요': 0.007936507936507938, '뮤지컬': 0.12040517961570595, '발레': 0.021720969089390144, '성악': 0.05002088554720135, '악극': 0.0019841269841269845, '연극': 0.2978017961570593, '한국무용': 0.08234126984126985, '현대무용': 0.1593306182121972, '혼합': 0.010912698412698414, '재즈/월드뮤직': 0.006944444444444445, '서커스/마술': 0.002192982456140351, '인형극': 0.002192982456140351, '오페라': 0.020833333333333336}"
코미디 애니멀쇼 [안산],복합,복합,,,드리미(주최),,,[],[],None,None,0.0,None,0.0,{}
거꾸로프로젝트: Gukpop Concert [평택],복합,복합,,,"(재)평택시문화재단(주관), (재)평택시문화재단(주최)",,,[],[],None,None,0.0,None,0.0,{}
"5.18 42주년기념 융복합 창작오라토리오, 빛고을",복합,다원/융복합,"윤병길, 김하늘, 손승범, 장하랑, 이당금 등","유형민, 문병란, 김성훈 등","광주광역시(주최), 국립아시아문화전당(주최), 빛고을문화예술공연위원회(주관)",,,"['윤병길', '김하늘', '손승범', '장하랑', '이당금']","['유형민', '문병란', '김성훈']",연극+기악,연극,0.38380123688584716,기악,0.16060707467516722,"{'기악': 0.16060707467516722, '성악': 0.14128905819433973, '오페라': 0.1344486608370456, '뮤지컬': 0.06067894131185271, '연극': 0.38380123688584716, '한국무용': 0.02124401913875598, '재즈/월드뮤직': 0.012376933895921236, '대중가요': 0.01919831223628692, '기타': 0.006329113924050634, '스트리트/스포츠댄스': 0.0012658227848101266, '현대무용': 0.05223184543637575, '혼합': 0.006528980679546968}"
"스테이지 인 세종 시즌 1, 국악과 오케스트라의 앙상블: 세종실락",복합,복합,"지유진, 고애니 등","조성환, 고애니, 김영덕 등","(재)세종시문화재단(주관), 한국문화예술회관연합회(KoCACA)(주최)",,,"['지유진', '고애니']","['조성환', '고애니', '김영덕']",기악+혼합,기악,0.3204481792717087,혼합,0.26157796451914106,"{'기악': 0.3204481792717087, '악극': 0.138562091503268, '혼합': 0.26157796451914106, '성악': 0.23865546218487396, '대중가요': 0.016806722689075633, '연극': 0.008403361344537816, '오페라': 0.01554621848739496}"
샌드 팝페라: 금빛 모래의 향연 [수원],복합,복합,"신미리, 아리현, 장진호",,"신아트엔터테인먼트(주관), 경기아트센터(주최)",,,"['신미리', '아리현', '장진호']",[],뮤지컬+기악,뮤지컬,0.2625,기악,0.25,"{'기악': 0.25, '성악': 0.14166666666666666, '기타': 0.07916666666666666, '대중가요': 0.016666666666666666, '뮤지컬': 0.2625, '연극': 0.25}"
"여우락페스티벌, 차승민 X 장진아: Base Is Nice",복합,복합,"장진아, 차승민, 이태훈, 오연경, 김희영, 심운정, 최강희",,국립극장(주최),,,"['장진아', '차승민', '이태훈', '오연경', '김희영', '심운정', '최강희']",[],연극+뮤지컬,연극,0.2627450980392157,뮤지컬,0.17275910364145658,"{'기타': 0.125, '기악': 0.11974789915966386, '대중가요': 0.014705882352941176, '마임': 0.0024509803921568627, '뮤지컬': 0.17275910364145658, '성악': 0.07156862745098039, '연극': 0.2627450980392157, '인형극': 0.0024509803921568627, '재즈/월드뮤직': 0.02275910364145658, '현대무용': 0.16491596638655462, '혼합': 0.025210084033613446, '연희': 0.01568627450980392}"
"여우락페스티벌, 지혜리 오케스트라: 너나:음양",복합,복합,"지혜리, 황민왕",,국립극장(주최),,,"['지혜리', '황민왕']",[],기악+연희,기악,0.48936170212765956,연희,0.3829787234042554,"{'기악': 0.48936170212765956, '성악': 0.028368794326241134, '연극': 0.0070921985815602835, '연희': 0.3829787234042554, '한국무용': 0.02127659574468085, '혼합': 0.07092198581560284}"
"코리아 탭 오케스트라, 올댓리듬 [통영]",복합,복합,,,"(재)통영국제음악재단(주최), (재)통영국제음악재단(주관), 통영시(주최), 통영시(주관)",,,[],[],None,None,0.0,None,0.0,{}
"판페라, 소리의 서막을 열다",복합,복합,,,"(재)사천문화재단(주관), 사천시청(사천시문화예술회관)(주최)",,,[],[],None,None,0.0,None,0.0,{}
"제32회 거창국제연극제, 한여름밤의 꿈",복합,복합,,,,,,[],[],None,None,0.0,None,0.0,{}
제3회 대구학생문화센터 합창단·합주단·국악단 연합 정기연주회,복합,복합,,,"대구학생문화센터(주최), 대구학생문화센터(기획사)",,,[],[],None,None,0.0,None,0.0,{}
한빛예술단의 일 더하기 We,복합,복합,,,,,,[],[],None,None,0.0,None,0.0,{}
음악으로 듣는 마술극장 [김해],복합,복합,"신용운, 김성식, 홍석제, 임나래, 박리란, 박지인, 이영은 등","장하라, 정지원, 정우준 등","한국문화예술회관연합회(KoCACA)(주관), (재)김해문화재단(김해서부문화센터)(주관), (재)김해문화재단(김해서부문화센터)(주관), 문화체육관광부(주최)",,,"['신용운', '김성식', '홍석제', '임나래', '박리란', '박지인', '이영은']","['장하라', '정지원', '정우준']",연극+기악,연극,0.34940114709851555,기악,0.3252452043570464,"{'기악': 0.3252452043570464, '기타': 0.04761904761904762, '뮤지컬': 0.15001144688644688, '성악': 0.1120981540389435, '연극': 0.34940114709851555, '대중가요': 0.009615384615384616, '발레': 0.001201923076923077, '스트리트/스포츠댄스': 0.002403846153846154, '오페라': 0.002403846153846154}"
"제938회 목요예술무대, 내 마음속 어린왕자 이야기: B612",복합,다원/융복합,"이혜민, 이석호, 송민주, 김정우, 박병호, 한선영","김영배, 장윤희, 강경호 등","(재)강남문화재단(주관), (재)강남문화재단(주최)",,,"['이혜민', '이석호', '송민주', '김정우', '박병호', '한선영']","['김영배', '장윤희', '강경호']",연극+뮤지컬,연극,0.5410511363636363,뮤지컬,0.18082386363636366,"{'기악': 0.09346590909090909, '넌버벌 퍼포먼스': 0.07102272727272727, '뮤지컬': 0.18082386363636366, '성악': 0.03835227272727273, '연극': 0.5410511363636363, '오페라': 0.008522727272727272, '대중가요': 0.011363636363636364, '한국무용': 0.002840909090909091, '연희': 0.005681818181818182, '발레': 0.015625, '스트리트/스포츠댄스': 0.015625, '현대무용': 0.015625}"
그림이 오감을 만났을때: 감각주의 [대구],복합,복합,"정우철, 노인호, 민시후 등",,"대덕문화전당(주최), 대덕문화전당(주관)",,,"['정우철', '노인호', '민시후']",[],기악+발레,기악,0.4424242424242424,발레,0.2,"{'기악': 0.4424242424242424, '대중가요': 0.01818181818181818, '재즈/월드뮤직': 0.13787878787878788, '현대무용': 0.01818181818181818, '연극': 0.13333333333333333, '기타': 0.03333333333333333, '스트리트/스포츠댄스': 0.016666666666666666, '발레': 0.2}"
WAVEON 아트 페스티벌,복합,복합,,,"글루블루 레코즈(주최), 미러엑스(주최)",,,[],[],None,None,0.0,None,0.0,{}
잇쇼(It Show) [김제],복합,다원/융복합,,,"김제시(김제시청)(주최), 김제시(김제시청)(주관)",,,[],[],None,None,0.0,None,0.0,{}
"제32회 거창국제연극제, 춘향전",복합,복합,"서찬영, 배진형 등","허수정, 구본광, 정예린 등",CM코리아(제작사),,,"['서찬영', '배진형']","['허수정', '구본광', '정예린']",기악+성악,기악,0.43728106185002735,성악,0.2956314997263273,"{'기악': 0.43728106185002735, '기타': 0.007881773399014778, '성악': 0.2956314997263273, '오페라': 0.07170566502463055, '연극': 0.125, '대중가요': 0.0625}"
등,복합,복합,"김범중, 문인옥, 문지수, 이승관, 이찬희, 이현정, 전제민 등","이재인, 강성현, 심지현 등",,,,"['김범중', '문인옥', '문지수', '이승관', '이찬희', '이현정', '전제민']","['이재인', '강성현', '심지현']",연극+기악,연극,0.450810060866452,기악,0.16516462860447828,"{'연극': 0.450810060866452, '뮤지컬': 0.10267857142857145, '성악': 0.0776310625464761, '기악': 0.16516462860447828, '대중가요': 0.02288310060866453, '재즈/월드뮤직': 0.016091051805337524, '혼합': 0.11142795174750066, '발레': 0.005357142857142858, '현대무용': 0.03141507615191826, '서커스/마술': 0.001879699248120301, '오페라': 0.007518796992481204, '한국무용': 0.007142857142857145}"
"피아니스트가 들려주는 동화이야기, 신데렐라 [제주]",복합,다원/융복합,,,"문화체육관광부(주최), 제주특별자치도 문화예술진흥원(주관), 한국문화예술회관연합회(KoCACA)(주관)",,,[],[],None,None,0.0,None,0.0,{}
경계선,복합,다원/융복합,,"장서현, 유현, 김지현 등","JH CREATIVE(주관), JH CREATIVE(주최)",,,[],"['장서현', '유현', '김지현']",기악+연극,기악,0.3879420774157617,연극,0.3064327485380117,"{'기악': 0.3879420774157617, '대중가요': 0.08021442495126707, '뮤지컬': 0.04696463380673908, '연극': 0.3064327485380117, '현대무용': 0.08421052631578949, '기타': 0.001754385964912281, '발레': 0.013909774436090226, '성악': 0.04548872180451129, '악극': 0.0008771929824561405, '오페라': 0.02130325814536341, '재즈/월드뮤직': 0.003508771929824562, '창극': 0.0008771929824561405, '혼합': 0.006516290726817043}"
지락발광至樂發光,복합,다원/융복합,"임현태, 박종훈, 이종민, 여인수, 김경민, 김응혁, 문진홍 등","임현태, 박종훈, 이종민 등","윌유 엔터테인먼트(주최), (재)인천서구문화재단(주관)",,,"['임현태', '박종훈', '이종민', '여인수', '김경민', '김응혁', '문진홍']","['임현태', '박종훈', '이종민']",뮤지컬+스트리트/스포츠댄스,뮤지컬,0.25654970760233914,스트리트/스포츠댄스,0.21962050516361822,"{'뮤지컬': 0.25654970760233914, '기악': 0.1289386587034963, '성악': 0.009182530795072787, '스트리트/스포츠댄스': 0.21962050516361822, '연극': 0.17590892123926832, '연희': 0.007281323877068557, '재즈/월드뮤직': 0.014856289660321013, '한국무용': 0.006258554186885652, '오페라': 0.08666666666666666, '대중가요': 0.03368421052631578, '악극': 0.009473684210526313, '넌버벌 퍼포먼스': 0.00175438596491228, '마당극': 0.0005847953216374267, '인형극': 0.0005847953216374267, '창극': 0.0005847953216374267, '현대무용': 0.04690058479532162, '혼합': 0.0011695906432748534}"
Music: Brain: Communication,복합,다원/융복합,,,창작마을미쁘다(주최),,,[],[],None,None,0.0,None,0.0,{}
김준수 X 두번째달 콘서트 with 손에손에 뮤직 페스타,복합,복합,김준수,,"협동조합손에손에(주최), 포풀라(주관)",,,['김준수'],[],연극+뮤지컬,연극,0.5,뮤지컬,0.1388888888888889,"{'기악': 0.06481481481481481, '기타': 0.004629629629629629, '대중가요': 0.037037037037037035, '마당극': 0.004629629629629629, '뮤지컬': 0.1388888888888889, '성악': 0.09259259259259259, '창극': 0.08796296296296297, '한국무용': 0.004629629629629629, '혼합': 0.06481481481481481, '연극': 0.5}"
국악 IN 가요 [수원],복합,복합,"배대준, 전태원, 노결이, 서명희, 진현지, 박세훈","윤준열, 배대준","엠브릿지(주관), 경기아트센터(주최)",,,"['배대준', '전태원', '노결이', '서명희', '진현지', '박세훈']","['윤준열', '배대준']",기악+연희,기악,0.5751633986928104,연희,0.14869281045751634,"{'기악': 0.5751633986928104, '대중가요': 0.02886710239651416, '성악': 0.08605664488017428, '연희': 0.14869281045751634, '창극': 0.029411764705882356, '한국무용': 0.00980392156862745, '혼합': 0.029411764705882356, '뮤지컬': 0.009259259259259259, '연극': 0.06481481481481481, '오페라': 0.018518518518518517}"
자연-적 [대구],복합,복합,"서민기, 김은별, 이언, 송한얼, 타잔로카, 이선민",서민기 등,"(재)행복북구문화재단(주최), (재)행복북구문화재단(어울아트센터)(주관)",,,"['서민기', '김은별', '이언', '송한얼', '타잔로카', '이선민']",['서민기'],기악+성악,기악,0.5498974709501027,성악,0.09842788790157211,"{'기악': 0.5498974709501027, '성악': 0.09842788790157211, '혼합': 0.06493506493506494, '재즈/월드뮤직': 0.07142857142857144, '뮤지컬': 0.020505809979494194, '연희': 0.01298701298701299, '한국무용': 0.08441558441558443, '현대무용': 0.061688311688311695, '대중가요': 0.03571428571428572}"
청춘만발,복합,복합,"최수정, 김다혜, 황규창 등",,"(재)국립정동극장(주최), (재)국립정동극장(주관)",,,"['최수정', '김다혜', '황규창']",[],기악+뮤지컬,기악,0.3662464985994398,뮤지컬,0.2766106442577031,"{'기악': 0.3662464985994398, '뮤지컬': 0.2766106442577031, '성악': 0.10364145658263305, '오페라': 0.019257703081232494, '혼합': 0.17542016806722688, '발레': 0.022058823529411766, '악극': 0.007352941176470588, '연극': 0.029411764705882353}"
미디어아트 아이스쇼 G-SHOW: DRAGON FLOWER,복합,다원/융복합,"안건형, 김현, 김하늘, 조경아, 변세종, 정회권, 김다민 등","최철기, 전주우, 강지애 등","(주)라이브아레나(제작사), (주)라이브아레나(기획사)",,,"['안건형', '김현', '김하늘', '조경아', '변세종', '정회권', '김다민']","['최철기', '전주우', '강지애']",연극+넌버벌 퍼포먼스,연극,0.45328856749311297,넌버벌 퍼포먼스,0.2,"{'기악': 0.09264807162534434, '대중가요': 0.10227272727272728, '뮤지컬': 0.03157713498622589, '성악': 0.018698347107438017, '연극': 0.45328856749311297, '오페라': 0.01890495867768595, '현대무용': 0.032196969696969696, '한국무용': 0.05041322314049587, '넌버벌 퍼포먼스': 0.2}"
나태주와 함께하는 LED 비바츠 태권발레 [태백],복합,다원/융복합,나태주 등,"조윤혜, 박성룡, 김수한 등","비바츠예술매니지먼트(제작사), 태백시(주관)",,,['나태주'],"['조윤혜', '박성룡', '김수한']",대중가요+뮤지컬,대중가요,0.27631975867269987,뮤지컬,0.2019607843137255,"{'기악': 0.05067873303167421, '대중가요': 0.27631975867269987, '혼합': 0.07692307692307693, '인형극': 0.1, '현대무용': 0.2, '뮤지컬': 0.2019607843137255, '성악': 0.03529411764705882, '연극': 0.047058823529411764, '오페라': 0.011764705882352941}"
"울주 어린이 오감체험 축제, 공연",복합,복합,,,"(재)울주문화재단(주최), (재)울주문화재단(주관)",,,[],[],None,None,0.0,None,0.0,{}
파포스,복합,복합,"박윤석, 박병호, 류이재, 김수훈, 이혜민","김제민, 성미림, 정주연 등",리멘워커(제작사),,,"['박윤석', '박병호', '류이재', '김수훈', '이혜민']","['김제민', '성미림', '정주연']",연극+뮤지컬,연극,0.7032134532134533,뮤지컬,0.11616161616161616,"{'연극': 0.7032134532134533, '기악': 0.1012043512043512, '뮤지컬': 0.11616161616161616, '넌버벌 퍼포먼스': 0.01515151515151515, '성악': 0.026418026418026416, '창극': 0.007936507936507936, '마당극': 0.004273504273504274, '오페라': 0.025641025641025644}"
국악&힙합 융복합 퓨전콘서트,복합,다원/융복합,,,"문화체육관광부(주최), 한국문화예술회관연합회(KoCACA)(주관), 서귀포예술의전당(주관), 광개토사물놀이예술단(주관)",,,[],[],None,None,0.0,None,0.0,{}
"수봉IN 기획공연, 樂 & 민yo!: 유쾌 경쾌 통쾌한 삼쾌 콘서트",복합,복합,,,"(사)한국예총 인천광역시연합회 인천예총(인천수봉문화회관)(주관), (사)한국예총 인천광역시연합회 인천예총(인천수봉문화회관)(주최)",,,[],[],None,None,0.0,None,0.0,{}
갤럭시 일루젼쇼 [거창],복합,다원/융복합,"양재영, 김혜원, 김정민, 임태홍",,"한국문화예술위원회(주최), (재)거창문화재단(주관)",,,"['양재영', '김혜원', '김정민', '임태홍']",[],연극+뮤지컬,연극,0.47136644637612135,뮤지컬,0.19408837421608321,"{'기악': 0.09298245614035087, '성악': 0.05276057791537669, '연극': 0.47136644637612135, '뮤지컬': 0.19408837421608321, '대중가요': 0.025348297213622296, '발레': 0.0032894736842105266, '오페라': 0.006578947368421053, '재즈/월드뮤직': 0.008049535603715172, '한국무용': 0.029208591331269355, '넌버벌 퍼포먼스': 0.004807692307692309, '기타': 0.0029411764705882357, '창극': 0.0014705882352941178, '혼합': 0.0029411764705882357, '서커스/마술': 0.10416666666666669}"
비제의 어린이놀이와 한국의 전래놀이 콘서트 [인천],복합,복합,"김성민, 이승우, 정연웅, 김동규, 이수민, 이미영, 이형민 등","이승우, 박온유, 박겨율 등","인천클라리넷앙상블(주최), 인천클라리넷앙상블(주관), 위드어스예술단(주최), 위드어스예술단(주관)",,,"['김성민', '이승우', '정연웅', '김동규', '이수민', '이미영', '이형민']","['이승우', '박온유', '박겨율']",기악+연극,기악,0.3211687242713909,연극,0.29547372531730137,"{'기악': 0.3211687242713909, '대중가요': 0.006777489171938889, '뮤지컬': 0.056240071542542465, '발레': 0.019928985862335012, '성악': 0.0869610579954134, '악극': 0.0033449413489736075, '연극': 0.29547372531730137, '오페라': 0.04359315765630221, '재즈/월드뮤직': 0.018403988666085443, '현대무용': 0.04314351593615114, '혼합': 0.012687456405487098, '서커스/마술': 0.038043478260869575, '기타': 0.001373626373626374, '스트리트/스포츠댄스': 0.000686813186813187, '연희': 0.006732536764705884, '한국무용': 0.04176396065182831, '인형극': 0.0036764705882352945}"
국악과 함께하는 LED태권발레축제,복합,다원/융복합,,,"비바츠아트그룹(주최), 비바츠아트그룹(주관)",,,[],[],None,None,0.0,None,0.0,{}
"대한민국 치유예술제, 제이리의 Piano Drama Concert: Afterglow",복합,복합,윤영 등,"최윤영, 오상우",,,,['윤영'],"['최윤영', '오상우']",기악+대중가요,기악,0.32500000000000007,대중가요,0.25000000000000006,"{'기악': 0.32500000000000007, '뮤지컬': 0.012500000000000002, '성악': 0.13333333333333336, '연극': 0.2041666666666667, '연희': 0.012500000000000002, '한국무용': 0.012500000000000002, '현대무용': 0.037500000000000006, '혼합': 0.012500000000000002, '대중가요': 0.25000000000000006}"
"한여름밤의 작은극장, 헨젤과 그레텔 인 서커스 (Hansel and Gretel in Circus)",복합,복합,,"박연철, 현민경",,,,[],"['박연철', '현민경']",인형극+연극,인형극,0.875,연극,0.125,"{'연극': 0.125, '인형극': 0.875}"
기록 [군산],복합,다원/융복합,,,"한국문화예술회관연합회(KoCACA)(주최), 군산예술의전당(주관), 윌유 엔터테인먼트(주관)",,,[],[],None,None,0.0,None,0.0,{}
"플라멩코 X 국악, 소리로 타오르다",복합,복합,,,"김정문화회관(주최), 김정문화회관(주관)",,,[],[],None,None,0.0,None,0.0,{}
Harmony of light [인제],복합,다원/융복합,,,"(재)인제군문화재단(주관), 한국문화예술회관연합회(KoCACA)(주최)",,,[],[],None,None,0.0,None,0.0,{}
점입가경 (漸入歌境),복합,복합,,,,,,[],[],None,None,0.0,None,0.0,{}
소나기,복합,복합,"임혜란, 강현욱, 홍채린, 박진수, 임은송, 김세연, 박은경 등","김하은, 노휘, 박대웅 등",윤아트(주관),,,"['임혜란', '강현욱', '홍채린', '박진수', '임은송', '김세연', '박은경']","['김하은', '노휘', '박대웅']",연극+기악,연극,0.2774567148941426,기악,0.24960061659901267,"{'뮤지컬': 0.05027528068932076, '성악': 0.039272614562629114, '악극': 0.07606516290726817, '연극': 0.2774567148941426, '한국무용': 0.005610678006142215, '현대무용': 0.05686274509803921, '오페라': 0.13857020297021788, '기악': 0.24960061659901267, '혼합': 0.0058823529411764705, '대중가요': 0.02865761689291101, '기타': 0.008403361344537815, '발레': 0.056832579185520364, '연희': 0.0008403361344537815, '넌버벌 퍼포먼스': 0.002834868887313962, '인형극': 0.002126151665485471, '재즈/월드뮤직': 0.0007087172218284905}"
신 천상열차분야지도,복합,다원/융복합,,,"한국문화예술회관연합회(KoCACA)(주최), 홍성군(주관)",,,[],[],None,None,0.0,None,0.0,{}
지음지기 (知音知己),복합,복합,"배장은, 임연웅, 김은경, 오병옥, 장재효, 김예린","우선영, 이정면, 박준하 등",원스뮤직(주관),,,"['배장은', '임연웅', '김은경', '오병옥', '장재효', '김예린']","['우선영', '이정면', '박준하']",뮤지컬+기타,뮤지컬,0.16859183782260706,기타,0.14187094956325727,"{'대중가요': 0.03028413028413028, '재즈/월드뮤직': 0.10464310464310465, '기악': 0.09053025976102898, '기타': 0.14187094956325727, '뮤지컬': 0.16859183782260706, '성악': 0.09906406829483752, '악극': 0.00169061707523246, '연극': 0.11402146017530633, '연희': 0.005973513665821358, '오페라': 0.02321171551940783, '창극': 0.00084530853761623, '한국무용': 0.027331642716258098, '현대무용': 0.09636517328825021, '혼합': 0.0904480135249366, '넌버벌 퍼포먼스': 0.005128205128205128}"
김영임 & 김용임과 함께하는 희희낙락 [대구],복합,복합,"김영임, 김용임 등",,"(재)대구광역시 동구문화재단(주관), 문화체육관광부(주관), 한국문화예술회관연합회(KoCACA)(주관), (재)대구광역시 동구문화재단(주최), 문화체육관광부(주최), 한국문화예술회관연합회(KoCACA)(주최)",,,"['김영임', '김용임']",[],대중가요+혼합,대중가요,0.431547619047619,혼합,0.21279761904761907,"{'기악': 0.08928571428571429, '기타': 0.03869047619047619, '대중가요': 0.431547619047619, '성악': 0.17410714285714285, '연극': 0.017857142857142856, '연희': 0.017857142857142856, '한국무용': 0.017857142857142856, '혼합': 0.21279761904761907}"
재미있는 음악이야기 오페라 & 뮤지컬,복합,복합,,,,,,[],[],None,None,0.0,None,0.0,{}
전북 9인9색,복합,복합,"최지영, 국재환, 홍화영, 최동욱, 박규연, 오정선, 김정순 등",,"문화공간이룸(주최), 문화공간이룸(주관)",,,"['최지영', '국재환', '홍화영', '최동욱', '박규연', '오정선', '김정순']",[],뮤지컬+연극,뮤지컬,0.2747795414462081,연극,0.21693121693121692,"{'기악': 0.17454438565549676, '뮤지컬': 0.2747795414462081, '성악': 0.19300411522633745, '연극': 0.21693121693121692, '스트리트/스포츠댄스': 0.018518518518518517, '한국무용': 0.011111111111111112, '발레': 0.1111111111111111}"
K팝페라로 들려주는 성남민권운동 이야기: 그 날이 올 때 까지,복합,복합,,,,,,[],[],None,None,0.0,None,0.0,{}
망각,복합,다원/융복합,,"남정현, 정대원, 장진성 등",,,,[],"['남정현', '정대원', '장진성']",기악+혼합,기악,0.6666666666666666,혼합,0.2222222222222222,"{'기악': 0.6666666666666666, '연극': 0.1111111111111111, '혼합': 0.2222222222222222}"
찾아가는 Let’s DMZ [이천],복합,다원/융복합,"송창진, 장원진, 문미경, 오빛나, 김지혜, 김보은, 이민재 등",,"경기도청(주최), 이천문화재단(주관), 경기문화재단(주관)",,,"['송창진', '장원진', '문미경', '오빛나', '김지혜', '김보은', '이민재']",[],연극+기악,연극,0.30108496732026147,기악,0.2635244319950203,"{'뮤지컬': 0.24466230936819172, '기악': 0.2635244319950203, '성악': 0.13903734827264239, '재즈/월드뮤직': 0.019592903828197946, '대중가요': 0.0013071895424836603, '악극': 0.00196078431372549, '연극': 0.30108496732026147, '연희': 0.0013071895424836603, '오페라': 0.0046535947712418296, '인형극': 0.0026143790849673205, '한국무용': 0.008986928104575163, '현대무용': 0.00196078431372549, '혼합': 0.009307189542483659}"
"그 여름, 나의 탱고 [천안]",복합,복합,"박은영, 박은지, 송명진, 김수아, 김용호, 은일, 홍형민 등",,복합문화공간 모나무르(주관),,,"['박은영', '박은지', '송명진', '김수아', '김용호', '은일', '홍형민']",[],연극+기악,연극,0.3377891897499741,기악,0.2838398692810457,"{'기악': 0.2838398692810457, '뮤지컬': 0.15725827367984233, '성악': 0.10982181761593525, '연극': 0.3377891897499741, '오페라': 0.0032679738562091504, '창극': 0.005490196078431372, '한국무용': 0.020784313725490198, '혼합': 0.014248366013071896, '발레': 0.02666666666666667, '현대무용': 0.017777777777777778, '악극': 0.0022222222222222222, '기타': 0.013888888888888888, '대중가요': 0.006944444444444444}"
태권무 한빛,복합,복합,,,"제주아트센터(주최), 제주아트센터(주관), (주)와이킥엔터테인먼트(Y-KICK)(주관), 제주태권도사회적협동조합(주관)",,,[],[],None,None,0.0,None,0.0,{}
"제주해녀의 숨결에 실린 푸르고 깊은 노래: 숨,빛,소리",복합,복합,,"고춘식, 전혁준","제주특별자치도 문화예술진흥원(주최), 제주특별자치도 문화예술진흥원(주관)",,,[],"['고춘식', '전혁준']",연극+혼합,연극,0.5555555555555555,혼합,0.3333333333333333,"{'혼합': 0.3333333333333333, '기악': 0.1111111111111111, '연극': 0.5555555555555555}"
성남예총과 함께하는 withus concert,복합,복합,"양하영, 김장훈, 강성미, 강재경, 강태현, 고승찬, 권누리 등",,"사회적 협동조합 드림온(주최), 사회적 협동조합 드림온(주관)",,,"['양하영', '김장훈', '강성미', '강재경', '강태현', '고승찬', '권누리']",[],대중가요+뮤지컬,대중가요,0.39666666666666667,뮤지컬,0.16666666666666666,"{'대중가요': 0.39666666666666667, '성악': 0.041666666666666664, '연극': 0.020555555555555553, '오페라': 0.006944444444444444, '현대무용': 0.020833333333333332, '뮤지컬': 0.16666666666666666, '기악': 0.006666666666666667, '재즈/월드뮤직': 0.006666666666666667, '기타': 0.16666666666666666, '연희': 0.16666666666666666}"
비바체스와 함께하는 사랑의 하모니 정기연주회,복합,복합,"황성아, 전병하, 공점숙, 강미숙, 김남돌, 김준홍, 배미란 등",,"함안여성농업인종합지원센터(주최), 함안여성농업인종합지원센터(주관), 사랑의 하모니(주최), 사랑의 하모니(주관)",,,"['황성아', '전병하', '공점숙', '강미숙', '김남돌', '김준홍', '배미란']",[],성악+오페라,성악,0.5,오페라,0.45,"{'기악': 0.05, '성악': 0.5, '오페라': 0.45}"
"대구 고교 특화형 문화예술 프로그램 D-ART, 오페라&뮤지컬 갈라콘서트",복합,복합,"신병기, 조상필 등",,아양아트센터(주최),,,"['신병기', '조상필']",[],기악+성악,기악,0.8263888888888888,성악,0.1736111111111111,"{'기악': 0.8263888888888888, '성악': 0.1736111111111111}"
"네버랜드 in 군포 Ⅲ, Balloons 벌룬스",복합,다원/융복합,,,"창작집단 움스(제작사), 문화체육관광부(주최), 한국문화예술회관연합회(KoCACA)(주관), (재)군포문화재단(군포문화예술회관)(주관)",,,[],[],None,None,0.0,None,0.0,{}
"동,서양의 음악을 핫하고 힙하게!",복합,복합,"이은진, 김도아, 홍아람, 김태훈, 유재언, 신관선, 한기윤 등",이채현,"(재)고양문화재단(주최), 경기아트컬쳐(주관)",,,"['이은진', '김도아', '홍아람', '김태훈', '유재언', '신관선', '한기윤']",['이채현'],연극+오페라,연극,0.27078231292517013,오페라,0.23513605442176874,"{'기악': 0.1255498866213152, '대중가요': 0.005034013605442177, '성악': 0.04293839758125473, '연극': 0.27078231292517013, '오페라': 0.23513605442176874, '한국무용': 0.10666800053354675, '연희': 0.02694444444444444, '뮤지컬': 0.08590947490107154, '마당극': 0.006802721088435374, '혼합': 0.02756802721088435, '서커스/마술': 0.049999999999999996, '창극': 0.016666666666666666}"
"저녁을 닮은 음악 3rd Stage, 신명으로 어울리다!",복합,복합,"김주언, 김종완, 채비성, 이수진, 두한별, 조은혜, 김승언 등",,"울산광역시 북구(주최), 울산북구문화예술회관(주관)",,,"['김주언', '김종완', '채비성', '이수진', '두한별', '조은혜', '김승언']",[],기악+연극,기악,0.3057059817170112,연극,0.2646139705882354,"{'기악': 0.3057059817170112, '대중가요': 0.06652661064425772, '성악': 0.10025456128397307, '재즈/월드뮤직': 0.03399859943977592, '현대무용': 0.0044467787114845945, '발레': 0.01397058823529412, '연극': 0.2646139705882354, '연희': 0.0014705882352941178, '오페라': 0.061605723370429265, '한국무용': 0.03713235294117648, '혼합': 0.005882352941176471, '뮤지컬': 0.07419763513513515, '인형극': 0.023437500000000003, '넌버벌 퍼포먼스': 0.003378378378378379, '스트리트/스포츠댄스': 0.003378378378378379}"
新 광대의 외침 시너어,복합,복합,"박혜미, 김운석, 이건환, 정지용, 박선예, 이태영, 정의진 등",,"한국문화예술회관연합회(KoCACA)(주최), 문화체육관광부(주관)",,,"['박혜미', '김운석', '이건환', '정지용', '박선예', '이태영', '정의진']",[],혼합+연희,혼합,0.38756613756613756,연희,0.17469135802469135,"{'기악': 0.09982363315696648, '뮤지컬': 0.020987654320987655, '연극': 0.09929453262786596, '연희': 0.17469135802469135, '혼합': 0.38756613756613756, '현대무용': 0.024603174603174603, '한국무용': 0.009259259259259259, '기타': 0.0024691358024691358, '마당극': 0.0024691358024691358, '성악': 0.04797178130511463, '오페라': 0.1308641975308642}"
우울한 대로: 기억의 조각,복합,복합,,,,,,[],[],None,None,0.0,None,0.0,{}
스트레인지 뷰티,복합,다원/융복합,"에메 음파네, 클레망 티리옹, 황혜란, 마리아 클라라 빌라 로보스, 파올라 피시오타노, 최용석","배요섭, 강정희, 안세운 등",(재)국립극단(제작사),,,"['에메 음파네', '클레망 티리옹', '황혜란', '마리아 클라라 빌라 로보스', '파올라 피시오타노', '최용석']","['배요섭', '강정희', '안세운']",연극+성악,연극,0.54375,성악,0.16964285714285715,"{'성악': 0.16964285714285715, '연극': 0.54375, '기악': 0.07410714285714286, '뮤지컬': 0.020089285714285712, '오페라': 0.004464285714285714, '창극': 0.07961309523809523, '악극': 0.015625, '재즈/월드뮤직': 0.005208333333333333, '현대무용': 0.026041666666666664, '혼합': 0.040625, '연희': 0.020833333333333332}"
둥지를 트는 새,복합,다원/융복합,"김창범, 이하영","이광현, 홍정민, 하승현 등",,,,"['김창범', '이하영']","['이광현', '홍정민', '하승현']",연극+서커스/마술,연극,0.35983599733599736,서커스/마술,0.16666666666666669,"{'대중가요': 0.04166666666666667, '서커스/마술': 0.16666666666666669, '연극': 0.35983599733599736, '기악': 0.12601010101010104, '성악': 0.08053751803751805, '연희': 0.011363636363636366, '뮤지컬': 0.13516483516483518, '기타': 0.009615384615384618, '인형극': 0.009615384615384618, '오페라': 0.02777777777777778, '재즈/월드뮤직': 0.01388888888888889, '발레': 0.01785714285714286}"
프리소울의 희망리듬: 춤추는 클래식,복합,복합,서찬영 등,,"대구광역시 서구문화회관(주최), 대구광역시 서구문화회관(주관), 프리소울컴퍼니(주최), 프리소울컴퍼니(주관)",,,['서찬영'],[],기악+성악,기악,0.7857142857142858,성악,0.15714285714285717,"{'기악': 0.7857142857142858, '기타': 0.014285714285714287, '성악': 0.15714285714285717, '오페라': 0.042857142857142864}"
비제의 어린이놀이와 한국의 전래놀이 콘서트 [부평],복합,복합,"이지혜, 고민식, 정연웅, 김효정, 이명진","김성민, 이승우, 박온유 등","인천클라리넷앙상블(주최), 인천클라리넷앙상블(주관), 위드어스예술단(주최), 위드어스예술단(주관)",,,"['이지혜', '고민식', '정연웅', '김효정', '이명진']","['김성민', '이승우', '박온유']",기악+연극,기악,0.36656272666090334,연극,0.22144290684427634,"{'기악': 0.36656272666090334, '기타': 0.0034838350055741356, '대중가요': 0.004166707532766438, '마임': 0.038740245261984385, '뮤지컬': 0.06612447792012184, '발레': 0.027624384525630295, '서커스/마술': 0.023690078037904124, '성악': 0.1275220393279959, '연극': 0.22144290684427634, '연희': 0.07720178372352285, '오페라': 0.02172682939533859, '현대무용': 0.0008990541949868737, '혼합': 0.013380162037451036, '재즈/월드뮤직': 0.005066170388751033, '악극': 0.0023685991427926907}"
"현대자동차그룹 대학 연극 뮤지컬 페스티벌, 시상식",복합,복합,"최정원, 차지연, 양준모 등",,"현대자동차그룹(주최), (사)한국공연프로듀서협회(주최), 현대차그룹 대학 연극·뮤지컬 페스티벌 사무국(주관)",,,"['최정원', '차지연', '양준모']",[],뮤지컬+현대무용,뮤지컬,0.5123073203863378,현대무용,0.1424242424242424,"{'기악': 0.05612206655640871, '기타': 0.03280788126932232, '대중가요': 0.004372584909497662, '뮤지컬': 0.5123073203863378, '성악': 0.11071983607123534, '연극': 0.08277110729940917, '현대무용': 0.1424242424242424, '혼합': 0.006125967794956019, '오페라': 0.05100671140939598, '재즈/월드뮤직': 0.0013422818791946308}"
"제8회 대전음악제, 대전의 앙상블 동서양의 조화",복합,복합,"신유경, 유석주, 강석주 등",,"대전음악제 조직위원회(주최), 대전음악제 조직위원회(주관)",,,"['신유경', '유석주', '강석주']",[],기악+뮤지컬,기악,0.8333333333333334,뮤지컬,0.08333333333333333,"{'기악': 0.8333333333333334, '뮤지컬': 0.08333333333333333, '성악': 0.08333333333333333}"
영감 7 - 절기 2,복합,복합,"김철수 ,이호윤, 김요셉, 이시현",,ToneAurea Co. (톤 아우레아)(주최),,,"['김철수', '이호윤', '김요셉', '이시현']",[],기악+성악,기악,0.3066326530612245,성악,0.23010204081632657,"{'기악': 0.3066326530612245, '뮤지컬': 0.057142857142857155, '성악': 0.23010204081632657, '한국무용': 0.17142857142857143, '현대무용': 0.22448979591836737, '연극': 0.010204081632653062}"
윤형주의 쎄시봉 콘서트,복합,복합,,,(재)세종문화회관 삼청각(주최),,,[],[],None,None,0.0,None,0.0,{}
에코백,복합,복합,"이영민, 민현기, 김선우 등",김형준 등,"(재)부산문화회관(주최), 그루잠 프로덕션(제작사), (재)부산문화회관(주관)",,,"['이영민', '민현기', '김선우']",['김형준'],연극+넌버벌 퍼포먼스,연극,0.36164772727272726,넌버벌 퍼포먼스,0.13844696969696965,"{'기악': 0.07638888888888888, '넌버벌 퍼포먼스': 0.13844696969696965, '서커스/마술': 0.05303030303030302, '성악': 0.07768308080808078, '연극': 0.36164772727272726, '현대무용': 0.002272727272727272, '뮤지컬': 0.05624999999999999, '재즈/월드뮤직': 0.06900252525252525, '기타': 0.005208333333333333, '연희': 0.062499999999999986, '오페라': 0.07152777777777776, '한국무용': 0.002083333333333333, '혼합': 0.004166666666666666, '대중가요': 0.019791666666666662}"
"독일에서 만난 클래식, 시를 노래하다 [경기 광주]",복합,다원/융복합,"최원진, 최은석, 김경희, 박경태, 최보화","이강, 김성연","이강플레이(주최), 창의예술교실(주관)",,,"['최원진', '최은석', '김경희', '박경태', '최보화']","['이강', '김성연']",기악+오페라,기악,0.30616605282106735,오페라,0.19678612732494127,"{'기악': 0.30616605282106735, '뮤지컬': 0.1627375624482664, '성악': 0.10421613236222688, '연극': 0.1617977242675893, '오페라': 0.19678612732494127, '재즈/월드뮤직': 0.02246336313959265, '대중가요': 0.00745156482861401, '연희': 0.006635441061670571, '기타': 0.014430014430014432, '마임': 0.002164502164502165, '발레': 0.002164502164502165, '악극': 0.002164502164502165, '인형극': 0.002164502164502165, '현대무용': 0.002164502164502165, '혼합': 0.006493506493506494}"
일상이 되고픈 특별한 하루,복합,복합,"김시훈, 박미영, 김민영, 김수찬, 정인혜, 유성훈, 박태영 등","박소현, 박미영, 김동창 등","(주)아트브릿지(주최), (주)아트브릿지(주관)",,,"['김시훈', '박미영', '김민영', '김수찬', '정인혜', '유성훈', '박태영']","['박소현', '박미영', '김동창']",연극+기악,연극,0.39120910533950737,기악,0.17111090605100143,"{'뮤지컬': 0.09029075202119627, '연극': 0.39120910533950737, '기악': 0.17111090605100143, '대중가요': 0.05901356543558378, '성악': 0.07264864407549103, '연희': 0.01642456676860347, '오페라': 0.03910045546558705, '한국무용': 0.06128950050968401, '발레': 0.0622721124441308, '재즈/월드뮤직': 0.0016698857234830197, '혼합': 0.015436867022001017, '현대무용': 0.018960244648318046, '기타': 0.0005733944954128442}"
예그리나 in 제물포구락부 1926 [인천],복합,복합,"구정은, 이형동, 유라선, 김재형, 신동호, 서동오, 임묵 등","송현민, 조하나, 한지은 등","인천광역시(주최), 인천관광공사(주관)",,,"['구정은', '이형동', '유라선', '김재형', '신동호', '서동오', '임묵']","['송현민', '조하나', '한지은']",연극+뮤지컬,연극,0.40657456263722314,뮤지컬,0.23175883256528415,"{'뮤지컬': 0.23175883256528415, '기악': 0.18765887742479234, '넌버벌 퍼포먼스': 0.011904761904761902, '연극': 0.40657456263722314, '성악': 0.03617052730312793, '오페라': 0.00921658986175115, '기타': 0.017857142857142856, '연희': 0.0023041474654377876, '재즈/월드뮤직': 0.0023041474654377876, '혼합': 0.04493087557603686, '한국무용': 0.018489254108723135, '현대무용': 0.03083028083028083}"
라임의 왕 김삿갓 [춘천],복합,복합,"심 욱, 이상엽, 김한림, 엄태호, 김채린, 최영은, 손영주 등","최정오, 이종환, 엄태환 등","(사)문화강대국(주최), (사)문화강대국(주관)",,,"['심 욱', '이상엽', '김한림', '엄태호', '김채린', '최영은', '손영주']","['최정오', '이종환', '엄태환']",연극+기악,연극,0.5116334947104179,기악,0.13068136991213913,"{'기악': 0.13068136991213913, '대중가요': 0.030582750582750583, '서커스/마술': 0.08564102564102563, '성악': 0.01803837188452573, '연극': 0.5116334947104179, '오페라': 0.015617715617715616, '현대무용': 0.015384615384615385, '뮤지컬': 0.12216424601039984, '한국무용': 0.006153846153846154, '연희': 0.038461538461538464, '마당극': 0.02564102564102564}"
"그림자극으로 만나는 환상의 음악여행, 동물의 사육제 & 피터와 늑대",복합,복합,,,"한국문화예술회관연합회(KoCACA)(주최), 을숙도문화회관(주관)",,,[],[],None,None,0.0,None,0.0,{}
융복합 렉처 아트쇼: 갤럭시 익스프레스,복합,다원/융복합,,,딜라이트뮤직(주최),,,[],[],None,None,0.0,None,0.0,{}
제8회 셈플리체 정기연주회,복합,복합,"박상돈, 홍석재, 박범석, 이주원, 이요한, 서동건, 김보경 등","김지혜, 장세훈, 박현구",유진예술기획(주최),,,"['박상돈', '홍석재', '박범석', '이주원', '이요한', '서동건', '김보경']","['김지혜', '장세훈', '박현구']",연극+기악,연극,0.32915959561212405,기악,0.22304429764108377,"{'기악': 0.22304429764108377, '기타': 0.0075187969924812035, '대중가요': 0.06963721160979013, '뮤지컬': 0.13038280614390005, '성악': 0.09519329759194128, '연극': 0.32915959561212405, '오페라': 0.022192679215935887, '연희': 0.05535547552354275, '인형극': 0.015094926859632743, '한국무용': 0.026205389563232703, '혼합': 0.010553258340373187, '발레': 0.0017636684303350971, '스트리트/스포츠댄스': 0.005542957923910305, '악극': 0.0022823944392571845, '재즈/월드뮤직': 0.004231766780786389, '현대무용': 0.0018414773316734103}"
레인보우프로젝트 vol.2 [대구],복합,복합,"김준우, 정박수 등",,"곰스컴퍼니(주최), 곰스컴퍼니(주관)",,,"['김준우', '정박수']",[],성악+연극,성악,0.6176470588235294,연극,0.14705882352941177,"{'기악': 0.11764705882352941, '기타': 0.058823529411764705, '대중가요': 0.029411764705882353, '성악': 0.6176470588235294, '연극': 0.14705882352941177, '혼합': 0.029411764705882353}"
"전원경의 아트살롱, 그림콘서트: 가을 고독한 뉴요커",복합,복합,"전원경, 김민정, 박영주, 민주신 등",,"(재)부산문화회관(주최), (재)부산문화회관(주관)",,,"['전원경', '김민정', '박영주', '민주신']",[],기악+연극,기악,0.3341093368811229,연극,0.2943869654935229,"{'기악': 0.3341093368811229, '성악': 0.06188305870143663, '기타': 0.0013661202185792352, '넌버벌 퍼포먼스': 0.018994325346784365, '대중가요': 0.004098360655737705, '마임': 0.0020491803278688526, '뮤지컬': 0.12510508617066, '발레': 0.0068306010928961755, '악극': 0.0006830601092896176, '연극': 0.2943869654935229, '연희': 0.0006830601092896176, '오페라': 0.022646069777217323, '인형극': 0.007776376628835647, '재즈/월드뮤직': 0.10068306010928962, '한국무용': 0.005700924758301808, '현대무용': 0.0027322404371584704, '혼합': 0.007067044976881044, '창극': 0.003205128205128206}"
"수요공감, 황인유의 流 Ⅰ",복합,복합,,,국립부산국악원(주최),,,[],[],None,None,0.0,None,0.0,{}
서리풀 음악회,복합,복합,"박소연, 박지민 등",,"서초구청(주최), (재)서초문화재단(주관)",,,"['박소연', '박지민']",[],연극+기악,연극,0.45572335251512014,기악,0.2417468528243347,"{'기악': 0.2417468528243347, '기타': 0.0014124293785310737, '대중가요': 0.02323302202236827, '뮤지컬': 0.07922444786851568, '발레': 0.026900359527478174, '성악': 0.06373227257004498, '연극': 0.45572335251512014, '연희': 0.01277606574216744, '오페라': 0.05015565548253201, '재즈/월드뮤직': 0.011616511011184135, '현대무용': 0.004237288135593221, '혼합': 0.0014124293785310737, '인형극': 0.02782931354359926}"
제103회 전국(장애인)체전 기념 콘서트: 함께 뛰는 우리 with 초대,복합,복합,"김동현, 김민서 등",,"(재)울주문화재단(주최), (재)울주문화재단(주관)",,,"['김동현', '김민서']",[],연극+기악,연극,0.4092614835844799,기악,0.15648176457741866,"{'기악': 0.15648176457741866, '기타': 0.002074688796680498, '넌버벌 퍼포먼스': 0.006224066390041493, '대중가요': 0.03470954356846473, '뮤지컬': 0.1479020164519182, '발레': 0.013298755186721991, '서커스/마술': 0.002074688796680498, '성악': 0.1430887384436194, '스트리트/스포츠댄스': 0.002074688796680498, '악극': 0.002074688796680498, '연극': 0.4092614835844799, '연희': 0.002074688796680498, '오페라': 0.002074688796680498, '재즈/월드뮤직': 0.017634854771784232, '한국무용': 0.019195239135182354, '현대무용': 0.025560165975103737, '혼합': 0.001037344398340249, '인형극': 0.013157894736842105}"
소월 시극: 산산이 부서진 이름이여,복합,복합,"강분도, 김희정, 이윤지, 변지현, 박인수, 한미연, 이종민 등","임성용, 류미경 등",,,,"['강분도', '김희정', '이윤지', '변지현', '박인수', '한미연', '이종민']","['임성용', '류미경']",기악+연극,기악,0.2428628933784553,연극,0.20540572544849095,"{'기악': 0.2428628933784553, '뮤지컬': 0.06902651285164946, '발레': 0.03908115766039263, '성악': 0.14801862885493203, '연극': 0.20540572544849095, '오페라': 0.10655490633632711, '현대무용': 0.014629145657893578, '혼합': 0.01467330307910018, '한국무용': 0.0425296442687747, '스트리트/스포츠댄스': 0.04163934426229508, '악극': 0.008306010928961749, '대중가요': 0.02909090909090909, '연희': 0.00909090909090909, '인형극': 0.02909090909090909}"
"음악으로 그리는 일곱 가지 반 고흐, 별이 빛나는 밤에 [수원]",복합,다원/융복합,"신현선, 오유석, 이희주, 정하은, 김정훈, 박병준, 오승규 등",,"경기아트센터(주최), JK아트컴퍼니(주관)",,,"['신현선', '오유석', '이희주', '정하은', '김정훈', '박병준', '오승규']",[],기악+성악,기악,0.3724352776116829,성악,0.1728525731329957,"{'기악': 0.3724352776116829, '대중가요': 0.03005111437842623, '성악': 0.1728525731329957, '오페라': 0.033828145247213975, '뮤지컬': 0.10107569198478288, '재즈/월드뮤직': 0.02626841370156878, '한국무용': 0.022727272727272724, '기타': 0.016233766233766232, '연극': 0.15438311688311684, '마당극': 0.006508264462809917, '스트리트/스포츠댄스': 0.0008264462809917354, '현대무용': 0.06198347107438015, '혼합': 0.0008264462809917354}"
"월간뮤지크, 동양고주파",복합,복합,,,"(재)양천문화재단(주관), 양천구(주최)",,,[],[],None,None,0.0,None,0.0,{}
그랜드 엑스페디션,복합,다원/융복합,,,"(주)아이엠컬처(기획사), (주)뉴컨텐츠컴퍼니(제작사)",,,[],[],None,None,0.0,None,0.0,{}
두두리야 어디갔니,복합,다원/융복합,"김은영, 이근재, 주여진, 임정민, 황규창","김상욱, 한우리, 박다솜 등",,,,"['김은영', '이근재', '주여진', '임정민', '황규창']","['김상욱', '한우리', '박다솜']",기악+연극,기악,0.4825494875494875,연극,0.1330102305102305,"{'기악': 0.4825494875494875, '대중가요': 0.028379028379028375, '뮤지컬': 0.07346866096866096, '성악': 0.01845238095238095, '악극': 0.010251322751322749, '연극': 0.1330102305102305, '연희': 0.08753968253968253, '오페라': 0.006944444444444443, '재즈/월드뮤직': 0.016111111111111107, '한국무용': 0.006547619047619047, '현대무용': 0.0019841269841269836, '혼합': 0.05031746031746031, '기타': 0.0011111111111111111, '넌버벌 퍼포먼스': 0.08333333333333331}"
무브먼트 코리아 [서귀포],복합,다원/융복합,,,"한국문화예술회관연합회(KoCACA)(주관), 서귀포예술의전당(주관), 광개토사물놀이예술단(주관), 문화체육관광부(주최)",,,[],[],None,None,0.0,None,0.0,{}
"제27회 서곶문화예술제, 개막공연",복합,복합,,,"(재)인천서구문화재단(주최), (재)인천서구문화재단(주관)",,,[],[],None,None,0.0,None,0.0,{}
"아트콘서트, 마티스가 사랑한 음악",복합,복합,,,"(재)부산문화회관(주최), (재)부산문화회관(주관)",,,[],[],None,None,0.0,None,0.0,{}
"부산시립예술단, 재밌는 클래식 맛있는 클래식",복합,복합,,,"(재)부산문화회관(주최), 부산시립예술단(주관)",,,[],[],None,None,0.0,None,0.0,{}
수궁으로 떠나는 상상여행 [수원],복합,복합,"봉다운, 전태원, 최유리, 도경한, 서승희, 정기훈, 한아윤 등","박명숙, 최교익, 장혜주 등","경기아트센터(주최), 극단 독무(주관), 하이브리드문화예술연구소(주관)",,,"['봉다운', '전태원', '최유리', '도경한', '서승희', '정기훈', '한아윤']","['박명숙', '최교익', '장혜주']",연극+성악,연극,0.22549603174603172,성악,0.16180237246413717,"{'기악': 0.06314988116458704, '대중가요': 0.12141106442577032, '성악': 0.16180237246413717, '연희': 0.014161220043572986, '창극': 0.04479847494553377, '한국무용': 0.10116518829754123, '혼합': 0.043971755368814196, '뮤지컬': 0.05628607503607503, '발레': 0.002976190476190476, '연극': 0.22549603174603172, '오페라': 0.037797619047619045, '스트리트/스포츠댄스': 0.008333333333333333, '현대무용': 0.11865079365079363}"
특별한 만남,복합,복합,,,,,,[],[],None,None,0.0,None,0.0,{}
The Magic 팬텀 & 퀸 [연천],복합,복합,"김봉미, 정필립, 유성녀, 김주택, 최형배 등",,"연천수레울아트홀(주관), (사)베하 필하모닉 오케스트라(주관), 한국문화예술회관연합회(KoCACA)(주최)",,,"['김봉미', '정필립', '유성녀', '김주택', '최형배']",[],성악+서커스/마술,성악,0.3765573798182494,서커스/마술,0.2439516129032258,"{'기악': 0.13895126612517916, '기타': 0.06992563498524228, '뮤지컬': 0.022145999162128192, '성악': 0.3765573798182494, '오페라': 0.13499266434049043, '대중가요': 0.013475442665484743, '서커스/마술': 0.2439516129032258}"
마디와 매듭,복합,복합,"김나리, 김무빈, 조아라, 김단우, 장서이, 김정수, 이채은 등","정영두, 배삼식, 최우정 등",국립아시아문화전당(제작사),,,"['김나리', '김무빈', '조아라', '김단우', '장서이', '김정수', '이채은']","['정영두', '배삼식', '최우정']",연극+기악,연극,0.3222553476315447,기악,0.16671610423320413,"{'기악': 0.16671610423320413, '기타': 0.014547745156500291, '성악': 0.07152727953001552, '연극': 0.3222553476315447, '혼합': 0.08959002224673748, '연희': 0.008036935704514366, '뮤지컬': 0.054558877814691785, '오페라': 0.002614379084967321, '한국무용': 0.08464052287581701, '현대무용': 0.139184514331372, '창극': 0.025127698138078764, '대중가요': 0.009575923392612862, '마당극': 0.008683473389355744, '재즈/월드뮤직': 0.002941176470588236}"
"제22회 SPAF, 5Edges: play/games/under fragility",복합,다원/융복합,,김형민 등,"(재)예술경영지원센터(주최), (재)예술경영지원센터(주관), (재)서울문화재단(주최)",,,[],['김형민'],현대무용+연극,현대무용,0.4912280701754386,연극,0.34649122807017546,"{'기악': 0.026315789473684213, '연극': 0.34649122807017546, '연희': 0.026315789473684213, '한국무용': 0.026315789473684213, '현대무용': 0.4912280701754386, '발레': 0.08333333333333334}"
잠시 놀다 motivated by 구운몽,복합,다원/융복합,"최병규, 이홍모, 이영규, 김현아, 박소연, 안재홍, 김동호 등","이유리, 안애순, 한상률 등",(재)서울예술단(제작사),,,"['최병규', '이홍모', '이영규', '김현아', '박소연', '안재홍', '김동호']","['이유리', '안애순', '한상률']",뮤지컬+연극,뮤지컬,0.31454177526945515,연극,0.15149223195180261,"{'기악': 0.11308844141969243, '뮤지컬': 0.31454177526945515, '한국무용': 0.06860814649347786, '발레': 0.012150697178945768, '성악': 0.08419588263863456, '연희': 0.06709277330746259, '서커스/마술': 0.030092592592592598, '기타': 0.0035423606009317237, '대중가요': 0.0045594686766109215, '스트리트/스포츠댄스': 0.0007032348804500704, '연극': 0.15149223195180261, '인형극': 0.006456974811405192, '재즈/월드뮤직': 0.001017108075679198, '현대무용': 0.13867756679669047, '오페라': 0.003466872110939908, '혼합': 0.0003138731952291275}"
"음악으로 그리는 일곱가지 반고흐, 별이 빛나는 밤에 [부산]",복합,다원/융복합,,,"부산학생예술문화회관(주최), 부산학생예술문화회관(기획사)",,,[],[],None,None,0.0,None,0.0,{}
"최정주 아트앤뮤직 큐레이션, 프로방스 2",복합,복합,최정주,,"(재)재능문화 문화예술국(주최), (재)재능문화 문화예술국(주관)",,,['최정주'],[],연극+기악,연극,0.3269230769230769,기악,0.3076923076923077,"{'기악': 0.3076923076923077, '성악': 0.07692307692307693, '연극': 0.3269230769230769, '재즈/월드뮤직': 0.038461538461538464, '오페라': 0.25}"
"제22회 SPAF, 꼭두각시",복합,복합,,"이태원, 임진호 등","고블린파티(Goblin Party)(제작사), 음악동인고물(제작사), (재)예술경영지원센터(주관), (재)예술경영지원센터(주최), (재)서울문화재단(주최)",,,[],"['이태원', '임진호']",현대무용+연극,현대무용,0.343343653250774,연극,0.2422037714607374,"{'기악': 0.11818181818181818, '대중가요': 0.022727272727272728, '뮤지컬': 0.045454545454545456, '성악': 0.06818181818181818, '연극': 0.2422037714607374, '현대무용': 0.343343653250774, '혼합': 0.07786377708978329, '악극': 0.02786377708978328, '한국무용': 0.05417956656346749}"
"서울국제공연예술제 협력프로그램, 불이 되는 숨",복합,복합,,"장수미, 신빛나리","(재)서울문화재단(주최), (재)예술경영지원센터(주최)",,,[],"['장수미', '신빛나리']",한국무용+연희,한국무용,0.3333333333333333,연희,0.3333333333333333,"{'한국무용': 0.3333333333333333, '연희': 0.3333333333333333, '연극': 0.16666666666666666, '현대무용': 0.16666666666666666}"
태권유랑단 녹두 [하남],복합,복합,이건일 등,,"한국문화예술회관연합회(KoCACA)(주최), (재)하남문화재단(주관), 한국소리문화의전당(주관), (학)우석학원(주관)",,,['이건일'],[],뮤지컬+연극,뮤지컬,0.8333333333333334,연극,0.12500000000000003,"{'대중가요': 0.04166666666666667, '뮤지컬': 0.8333333333333334, '연극': 0.12500000000000003}"
"비욘드 더 클래식 Ⅱ, 음악맛집 클래식당",복합,복합,"크리스티안 킴, 조윤경, 고영열, 구본수, 안두현 등",,,,,"['크리스티안 킴', '조윤경', '고영열', '구본수', '안두현']",[],기악+성악,기악,0.6328171880828428,성악,0.29143393502976045,"{'기악': 0.6328171880828428, '성악': 0.29143393502976045, '대중가요': 0.004524886877828055, '연극': 0.010256410256410258, '기타': 0.02567346210609968, '뮤지컬': 0.0019607843137254906, '연희': 0.003921568627450981, '재즈/월드뮤직': 0.009803921568627453, '한국무용': 0.003921568627450981, '현대무용': 0.0019607843137254906, '혼합': 0.013725490196078433}"
The magic 팬텀 & 퀸 [과천],복합,복합,"유성녀, 김주택, 김봉미, 정필립, 최형배 등",,"과천문화재단(주관), (사)베하 필하모닉 오케스트라(주관), 한국문화예술회관연합회(KoCACA)(주최)",,,"['유성녀', '김주택', '김봉미', '정필립', '최형배']",[],성악+서커스/마술,성악,0.3765573798182494,서커스/마술,0.2439516129032258,"{'기악': 0.1389512661251792, '기타': 0.06992563498524228, '대중가요': 0.013475442665484741, '성악': 0.3765573798182494, '오페라': 0.13499266434049043, '뮤지컬': 0.022145999162128192, '서커스/마술': 0.2439516129032258}"
"제22회 SPAF, 칭창총 소나타 No.1",복합,다원/융복합,"김미우, 니나 니크나프스, 세바스티안 페터, 유한솔",이보영,"(재)예술경영지원센터(주관), (재)예술경영지원센터(주최), (재)서울문화재단(주최)",,,"['김미우', '니나 니크나프스', '세바스티안 페터', '유한솔']",['이보영'],뮤지컬+연극,뮤지컬,0.43750000000000006,연극,0.38068181818181823,"{'뮤지컬': 0.43750000000000006, '연극': 0.38068181818181823, '기악': 0.05681818181818182, '성악': 0.12500000000000003}"
"음악으로 그리는 일곱가지 반고흐, 별이 빛나는 밤에 [통영]",복합,다원/융복합,"이희주, 민우혁, 김소향, 손태진, 정하은",,"한국문화예술회관연합회(KoCACA)(주최), 통영시(주관), JK아트컴퍼니(주관)",,,"['이희주', '민우혁', '김소향', '손태진', '정하은']",[],기악+뮤지컬,기악,0.3059389313744714,뮤지컬,0.1990771327008261,"{'기악': 0.3059389313744714, '대중가요': 0.10824622531939608, '뮤지컬': 0.1990771327008261, '성악': 0.12446013142877256, '재즈/월드뮤직': 0.00502989074417646, '한국무용': 0.03787878787878788, '기타': 0.06213327903223375, '오페라': 0.007421150278293137, '혼합': 0.0018552875695732843, '연극': 0.1479591836734694}"
시와 음악이 흐르는 도서관 음악회 [해남],복합,다원/융복합,"유자효, 정미애, 고민석 등",,해남군청(주최),,,"['유자효', '정미애', '고민석']",[],넌버벌 퍼포먼스+대중가요,넌버벌 퍼포먼스,0.5111111111111111,대중가요,0.36666666666666664,"{'넌버벌 퍼포먼스': 0.5111111111111111, '기악': 0.01111111111111111, '대중가요': 0.36666666666666664, '성악': 0.02222222222222222, '혼합': 0.08888888888888888}"
"제946회 목요예술무대, 춤추는 서예",복합,다원/융복합,"이근요, 정지운, 오수현, 고해수, 양동환, 김경민, 이종민 등","임현태, 이진성, 윤재훈 등","(재)강남문화재단(주관), (재)강남문화재단(주최)",,,"['이근요', '정지운', '오수현', '고해수', '양동환', '김경민', '이종민']","['임현태', '이진성', '윤재훈']",연극+뮤지컬,연극,0.38598200045568465,뮤지컬,0.354602415128731,"{'연극': 0.38598200045568465, '뮤지컬': 0.354602415128731, '악극': 0.04581909318751423, '기악': 0.07998405103668262, '넌버벌 퍼포먼스': 0.0023923444976076554, '대중가요': 0.042902711323763956, '마당극': 0.0007974481658692185, '성악': 0.008572567783094098, '스트리트/스포츠댄스': 0.039553429027113236, '인형극': 0.0007974481658692185, '재즈/월드뮤직': 0.004784688995215311, '창극': 0.0007974481658692185, '한국무용': 0.0007974481658692185, '현대무용': 0.01850079744816587, '혼합': 0.001594896331738437, '연희': 0.006060606060606061, '오페라': 0.006060606060606061}"
"비욘드 클래식, 음악맛집 클래식당",복합,복합,"안두현, 고영열, 구본수, 고윤경, 김경민",,"한국문화예술회관연합회(KoCACA)(주최), 홍성군(주관)",,,"['안두현', '고영열', '구본수', '고윤경', '김경민']",[],기악+성악,기악,0.42518111070992315,성악,0.25341099305945,"{'기악': 0.42518111070992315, '기타': 0.025673462106099665, '성악': 0.25341099305945, '대중가요': 0.01950464396284829, '뮤지컬': 0.06833505331957342, '연희': 0.015032679738562087, '재즈/월드뮤직': 0.018575851393188847, '한국무용': 0.005383556931544546, '현대무용': 0.03587891296869623, '혼합': 0.016649466804265562, '넌버벌 퍼포먼스': 0.004385964912280701, '마당극': 0.0014619883040935667, '스트리트/스포츠댄스': 0.005847953216374267, '악극': 0.0014619883040935667, '연극': 0.10029239766081868, '인형극': 0.0014619883040935667, '창극': 0.0014619883040935667}"
잇쇼(it SHOW) [창녕],복합,다원/융복합,,,"창녕군청(창녕문화예술회관)(주관), 극단 느낌(주관), 창녕군청(창녕문화예술회관)(주최)",,,[],[],None,None,0.0,None,0.0,{}
"제22회 SPAF, SPAFxKNCDC 동시감각",복합,다원/융복합,"박상미, 양지연, 김희준, 정종웅",김보라 등,"(재)국립현대무용단(주최), (재)예술경영지원센터(주최), (재)예술경영지원센터(주관)",,,"['박상미', '양지연', '김희준', '정종웅']",['김보라'],현대무용+기악,현대무용,0.44552299552299535,기악,0.1732804232804232,"{'기악': 0.1732804232804232, '현대무용': 0.44552299552299535, '성악': 0.03293650793650792, '연극': 0.07182539682539679, '오페라': 0.05727513227513226, '뮤지컬': 0.1305555555555555, '발레': 0.034900284900284885, '넌버벌 퍼포먼스': 0.027777777777777766, '기타': 0.001851851851851851, '대중가요': 0.001851851851851851, '연희': 0.001851851851851851, '재즈/월드뮤직': 0.003703703703703702, '혼합': 0.005555555555555554, '한국무용': 0.011111111111111108}"
"제22회 SPAF, 시",복합,다원/융복합,조은희,조은희,"(재)예술경영지원센터(주관), (재)예술경영지원센터(주최), (재)서울문화재단(주최)",,,['조은희'],['조은희'],연극+기악,연극,0.5,기악,0.25,"{'기악': 0.25, '대중가요': 0.041666666666666664, '성악': 0.125, '연희': 0.041666666666666664, '오페라': 0.041666666666666664, '연극': 0.5}"
"다크필드 3부작, 코마",복합,다원/융복합,,,LG아트센터(주최),,,[],[],None,None,0.0,None,0.0,{}
"다크필드 3부작, 고스트쉽",복합,다원/융복합,,,LG아트센터(주관),,,[],[],None,None,0.0,None,0.0,{}
"다크필드 3부작, 플라이트",복합,다원/융복합,,,LG아트센터(주최),,,[],[],None,None,0.0,None,0.0,{}
윤지원 audiovisual music concert: sonic illusion,복합,다원/융복합,,"윤지원, 여운승","한국멀티미디어음악학회(주최), 계명대학교(주최)",,,[],"['윤지원', '여운승']",연극+기악,연극,0.5625,기악,0.3125,"{'기악': 0.3125, '뮤지컬': 0.020833333333333332, '성악': 0.020833333333333332, '연극': 0.5625, '오페라': 0.020833333333333332, '넌버벌 퍼포먼스': 0.0625}"
"토요키즈클래식, 클래식으로 만나는 뮤지컬 with 할로윈 [용인]",복합,복합,"김용진, 문성현, 신민경 등",,"(재)용인문화재단(주최), (재)용인문화재단(주관)",,,"['김용진', '문성현', '신민경']",[],기악+연극,기악,0.5277419354838708,연극,0.3321146953405017,"{'기악': 0.5277419354838708, '대중가요': 0.01290322580645161, '뮤지컬': 0.009677419354838708, '성악': 0.0032258064516129024, '연극': 0.3321146953405017, '오페라': 0.0032258064516129024, '연희': 0.033333333333333326, '혼합': 0.033333333333333326, '한국무용': 0.04444444444444443}"
심청길 비밀레시피,복합,복합,"장길순, 박길순, 김기자, 이윤화, 이혜진, 김민희, 송민영 등","손혜정, 황호준, 문정연 등","극단 마실(기획사), 극단 마실(제작사)",,,"['장길순', '박길순', '김기자', '이윤화', '이혜진', '김민희', '송민영']","['손혜정', '황호준', '문정연']",연극+마임,연극,0.3856518042038403,마임,0.17307692307692304,"{'연극': 0.3856518042038403, '성악': 0.06500349826141681, '마임': 0.17307692307692304, '기악': 0.15932734937259824, '뮤지컬': 0.027814066275604732, '서커스/마술': 0.0012210012210012208, '오페라': 0.037779214249802476, '인형극': 0.013267777973660324, '창극': 0.02193106039259885, '한국무용': 0.007620584543661466, '혼합': 0.013400626522798467, '대중가요': 0.0029970029970029966, '재즈/월드뮤직': 0.013986013986013984, '현대무용': 0.07692307692307691}"
갤럭시 일루전 쇼 [부산],복합,다원/융복합,"양재영, 김혜원, 김정민, 임태홍","임태홍, 박기준, 조세현 등","엘일루전(제작사), 한국문화예술회관연합회(KoCACA)(주최), (재)부산문화회관(주관), 엘일루전(주관)",,,"['양재영', '김혜원', '김정민', '임태홍']","['임태홍', '박기준', '조세현']",연극+서커스/마술,연극,0.45908556742535067,서커스/마술,0.22222222222222224,"{'기악': 0.06198830409356724, '성악': 0.03517371861025112, '연극': 0.45908556742535067, '뮤지컬': 0.15320177328691262, '대중가요': 0.016898864809081527, '발레': 0.0021929824561403508, '오페라': 0.0043859649122807015, '재즈/월드뮤직': 0.005366357069143447, '한국무용': 0.019472394220846234, '넌버벌 퍼포먼스': 0.0032051282051282055, '기타': 0.00196078431372549, '창극': 0.000980392156862745, '혼합': 0.00196078431372549, '서커스/마술': 0.22222222222222224, '현대무용': 0.011904761904761904}"
황보종태 단독공연,복합,복합,"황보종태, 맹서령, 김선호, 유주영, 지민아, 노민수 등",,,,,"['황보종태', '맹서령', '김선호', '유주영', '지민아', '노민수']",[],기악+연극,기악,0.297452700378397,연극,0.25170278637770893,"{'성악': 0.12794117647058822, '연희': 0.041666666666666664, '재즈/월드뮤직': 0.17120915032679737, '기악': 0.297452700378397, '대중가요': 0.014052287581699347, '연극': 0.25170278637770893, '한국무용': 0.008823529411764706, '혼합': 0.0029411764705882353, '뮤지컬': 0.08421052631578947}"
최정원과 함께하는 문화가 있는날 [제주],복합,복합,"최정원, 이채영, 장진철, 백태진, 전성민, 그레이스 조",,"제주아트센터(주최), 제주아트센터(주관), (사)제주빌레앙상블(주관)",,,"['최정원', '이채영', '장진철', '백태진', '전성민', '그레이스 조']",[],뮤지컬+기악,뮤지컬,0.2879776021080368,기악,0.1737561954953259,"{'기악': 0.1737561954953259, '기타': 0.003607503607503607, '대중가요': 0.010822510822510822, '뮤지컬': 0.2879776021080368, '성악': 0.11688311688311687, '연극': 0.12833301963736746, '현대무용': 0.10530303030303029, '혼합': 0.0007215007215007215, '오페라': 0.17259552042160736}"
말라죽지 않을 정도만: 위기테라피 to 식물 놀 궁리 디너쇼,복합,복합,,"한아름, 조민영, 김희래 등","신촌문화발전소(서대문구청)(주최), 놀 궁리(주관)",,,[],"['한아름', '조민영', '김희래']",연극+뮤지컬,연극,0.39963966429483677,뮤지컬,0.21818555008210183,"{'기악': 0.13611111111111113, '대중가요': 0.002380952380952381, '뮤지컬': 0.21818555008210183, '성악': 0.11506568144499181, '연극': 0.39963966429483677, '한국무용': 0.00812807881773399, '현대무용': 0.002380952380952381, '혼합': 0.010509031198686371, '창극': 0.00574712643678161, '발레': 0.08333333333333334, '악극': 0.01851851851851852}"
"음악, 탱고를 만나다: Passion of TANGO [공주]",복합,복합,"김용진, 김성호, 박장근, 김동우, 정승희",,"문화체육관광부(주최), 한국문화예술회관연합회(KoCACA)(주관), (재)공주문화재단(주관), 공주시문화시설사업소(공주문예회관)(주관)",,,"['김용진', '김성호', '박장근', '김동우', '정승희']",[],기악+오페라,기악,0.3720103812134173,오페라,0.13406724697047281,"{'기악': 0.3720103812134173, '대중가요': 0.021018443219581743, '뮤지컬': 0.024984187223276413, '성악': 0.05905946608033895, '연극': 0.07474574059014287, '오페라': 0.13406724697047281, '기타': 0.003267973856209151, '스트리트/스포츠댄스': 0.02645502645502646, '악극': 0.005291005291005292, '현대무용': 0.04100529100529102, '발레': 0.027777777777777783, '한국무용': 0.09603174603174605, '서커스/마술': 0.007936507936507938, '창극': 0.039682539682539694, '마당극': 0.06666666666666668}"
비오케이 문화산책 (10월),복합,복합,"송정연, 김재현, 김다빈, 윤병준, 김규리, 김학민, 이종빈 등",,비오케이 아트센터 (BOK아트센터)(주최),,,"['송정연', '김재현', '김다빈', '윤병준', '김규리', '김학민', '이종빈']",[],기악+연극,기악,0.2672530778913758,연극,0.26072579902367143,"{'기악': 0.2672530778913758, '대중가요': 0.18717110312854998, '뮤지컬': 0.058400622230409475, '발레': 0.011544011544011547, '성악': 0.02312409812409813, '연극': 0.26072579902367143, '연희': 0.009523809523809526, '재즈/월드뮤직': 0.03870825785719404, '현대무용': 0.03127935893893341, '한국무용': 0.022566086395873635, '혼합': 0.058376316355039766, '기타': 0.0047281323877068565, '넌버벌 퍼포먼스': 0.0020202020202020206, '스트리트/스포츠댄스': 0.0020202020202020206, '오페라': 0.0020202020202020206, '인형극': 0.020538720538720544}"
"제22회 SPAF, 빛 퍼포먼스: 심연의 숲",복합,다원/융복합,,에릭 아르날 부르취,"(재)예술경영지원센터(주최), (재)예술경영지원센터(주관)",,,[],['에릭 아르날 부르취'],None,None,0.0,None,0.0,{}
햄릿: 소리의 심리학,복합,복합,"남명지, 이진희, 이희성, 신예은, 오현진, 염보배, 신서아 등","박성민, 이지희, 이주빈 등","(재)고양문화재단(주최), 하랑씨어터(주관)",,,"['남명지', '이진희', '이희성', '신예은', '오현진', '염보배', '신서아']","['박성민', '이지희', '이주빈']",연극+기악,연극,0.4387374777523519,기악,0.19202401348968853,"{'뮤지컬': 0.0813238698753573, '악극': 0.12917810691723736, '연극': 0.4387374777523519, '기악': 0.19202401348968853, '발레': 0.008187134502923975, '성악': 0.031305968376906586, '오페라': 0.0011695906432748536, '창극': 0.002339181286549707, '한국무용': 0.021720969089390137, '혼합': 0.021450292397660813, '현대무용': 0.04245228455754771, '인형극': 0.010666666666666666, '대중가요': 0.01944444444444444}"
"제22회 SPAF, 움직이는 숲 씨어터게임 1.0",복합,다원/융복합,,김보람,"무제의 길(제작사), Creative Group DOT(크리에이티브그룹도트)(제작사), (재)예술경영지원센터(주최), (재)예술경영지원센터(주관), (재)서울문화재단(주최)",,,[],['김보람'],현대무용+연극,현대무용,0.3461538461538462,연극,0.19500000000000003,"{'기악': 0.18903846153846157, '기타': 0.004807692307692309, '대중가요': 0.009615384615384618, '뮤지컬': 0.09961538461538462, '성악': 0.08692307692307694, '연극': 0.19500000000000003, '연희': 0.004807692307692309, '오페라': 0.004807692307692309, '창극': 0.014423076923076926, '한국무용': 0.01480769230769231, '현대무용': 0.3461538461538462, '발레': 0.010000000000000002, '혼합': 0.020000000000000004}"
방구 대 방구 [의정부],복합,복합,,,극단 상상마당컴퍼니(주최),,,[],[],None,None,0.0,None,0.0,{}
"체어, 테이블, 체어 [대구]",복합,다원/융복합,"김희명, 최대성, 우석훈, 임동주, 신용, 심재성, 김한상",,"한국문화예술회관연합회(KoCACA)(주최), 봉산문화회관(주관), 팀 퍼니스트(주관)",,,"['김희명', '최대성', '우석훈', '임동주', '신용', '심재성', '김한상']",[],넌버벌 퍼포먼스+연극,넌버벌 퍼포먼스,0.40444444444444444,연극,0.24,"{'넌버벌 퍼포먼스': 0.40444444444444444, '대중가요': 0.06666666666666667, '마임': 0.12000000000000002, '서커스/마술': 0.05222222222222221, '연극': 0.24, '뮤지컬': 0.10555555555555556, '오페라': 0.01111111111111111}"
24시간 프로젝트 시즌 5,복합,복합,"남예서, 신재민, 노현진, 허대욱, 그레이스 여, 정재원, 조윤성 등",,더하우스콘서트(주최),,,"['남예서', '신재민', '노현진', '허대욱', '그레이스 여', '정재원', '조윤성']",[],기악+연극,기악,0.508912849019232,연극,0.1551351351351351,"{'기악': 0.508912849019232, '기타': 0.0286036036036036, '발레': 0.10212765957446805, '성악': 0.030596128042936543, '연극': 0.1551351351351351, '재즈/월드뮤직': 0.11644144144144142, '대중가요': 0.021171171171171167, '뮤지컬': 0.002777777777777777, '오페라': 0.02867867867867867, '인형극': 0.002777777777777777, '혼합': 0.002777777777777777}"
"월간뮤지크, 소리꾼 고영열X조윤성 트리오",복합,복합,고영열 등,,(재)양천문화재단(주최),,,['고영열'],[],성악+기악,성악,0.5058823529411764,기악,0.15294117647058825,"{'기악': 0.15294117647058825, '기타': 0.11764705882352941, '대중가요': 0.011764705882352941, '뮤지컬': 0.011764705882352941, '성악': 0.5058823529411764, '연희': 0.023529411764705882, '재즈/월드뮤직': 0.058823529411764705, '한국무용': 0.023529411764705882, '현대무용': 0.011764705882352941, '혼합': 0.08235294117647059}"
"제2회 N티스트페스티벌, 조선의 다빈치코드",복합,복합,,,,,,[],[],None,None,0.0,None,0.0,{}
디즈니 픽사 필름 콘서트: 코코 인 콘서트 (11.1),복합,다원/융복합,이병욱 등,,"서울신문사(주최), 코리아쿱오케스트라(협동조합 한국쿱오케스트라)(주관)",,,['이병욱'],[],기악+오페라,기악,0.698936170212766,오페라,0.1319148936170213,"{'기악': 0.698936170212766, '발레': 0.0053191489361702135, '성악': 0.05851063829787235, '오페라': 0.1319148936170213, '혼합': 0.0053191489361702135, '한국무용': 0.10000000000000002}"
호루이안 인민 없는 경제,복합,복합,,,옵/신 페스티벌(주최),,,[],[],None,None,0.0,None,0.0,{}
디즈니 픽사 필름 콘서트: 코코 인 콘서트 (11.2),복합,다원/융복합,이병욱 등,,"코리아쿱오케스트라(협동조합 한국쿱오케스트라)(주최), 코리아쿱오케스트라(협동조합 한국쿱오케스트라)(주관)",,,['이병욱'],[],기악+오페라,기악,0.698936170212766,오페라,0.1319148936170213,"{'기악': 0.698936170212766, '발레': 0.0053191489361702135, '성악': 0.05851063829787235, '오페라': 0.1319148936170213, '혼합': 0.0053191489361702135, '한국무용': 0.10000000000000002}"
제주해녀 평화음악회,복합,복합,,,"제주시청(주최), 제주아트센터(주최), 제주시청(주관), 제주아트센터(주관), (사)제주문화기획연구소(주관)",,,[],[],None,None,0.0,None,0.0,{}
6×8(육 곱하기 팔) 그리고 6피트의 땅,복합,다원/융복합,,"김원범, 박석광, 김혜영 등","인천광역시남동구도시관리공단(주최), (주)아트팩토리(주최), 인천광역시남동구도시관리공단(주관), (주)아트팩토리(주관)",,,[],"['김원범', '박석광', '김혜영']",마임+연극,마임,0.5333333333333334,연극,0.1774509803921569,"{'마임': 0.5333333333333334, '연극': 0.1774509803921569, '인형극': 0.05000000000000001, '기악': 0.0823529411764706, '뮤지컬': 0.07058823529411766, '성악': 0.05098039215686275, '악극': 0.003921568627450981, '오페라': 0.015686274509803925, '재즈/월드뮤직': 0.007843137254901962, '한국무용': 0.007843137254901962}"
다르미가틈,복합,복합,"김성필, 소재완, 김수빈, 차은미, 소명진, 신비성, 정도형 등",이지훈 등,아투즈컴퍼니(주최),,,"['김성필', '소재완', '김수빈', '차은미', '소명진', '신비성', '정도형']",['이지훈'],기악+연극,기악,0.3868700481908029,연극,0.2424818263497509,"{'기악': 0.3868700481908029, '기타': 0.13461569876664217, '대중가요': 0.009474801927632118, '뮤지컬': 0.10054071714449075, '성악': 0.05407988238176918, '악극': 0.0025810667320101286, '연극': 0.2424818263497509, '현대무용': 0.0017152658662092626, '혼합': 0.026082251082251085, '연희': 0.041558441558441565}"
"부산공연콘텐츠페스타, 토끼h의 시간",복합,다원/융복합,"전성호, 이혜수, 천권준, 이혜영, 김여진, 한상훈, 이인우 등","황지선, 조용현, 이용진 등","(재)부산문화회관(주최), 예술집단 C(주관)",,,"['전성호', '이혜수', '천권준', '이혜영', '김여진', '한상훈', '이인우']","['황지선', '조용현', '이용진']",연극+뮤지컬,연극,0.39003898635477596,뮤지컬,0.17564892623716158,"{'기악': 0.07780071092764593, '마당극': 0.07461988304093568, '연극': 0.39003898635477596, '연희': 0.007017543859649124, '대중가요': 0.09677871148459385, '뮤지컬': 0.17564892623716158, '스트리트/스포츠댄스': 0.01666666666666667, '현대무용': 0.03920634920634921, '성악': 0.0059259259259259265, '악극': 0.0037037037037037043, '한국무용': 0.0059259259259259265, '오페라': 0.07111111111111112, '발레': 0.0022222222222222227, '기타': 0.006666666666666669, '재즈/월드뮤직': 0.013333333333333338, '혼합': 0.013333333333333338}"
Sea Of Love,복합,복합,"박해준, 최성후, 이현규, 최재호, 이유청, 하민우, 이현승 등","황미숙, 조주원",퍼포먼스그룹153(주관),,,"['박해준', '최성후', '이현규', '최재호', '이유청', '하민우', '이현승']","['황미숙', '조주원']",연극+현대무용,연극,0.44341649341649353,현대무용,0.11985446985446986,"{'기악': 0.1143797643797644, '대중가요': 0.0994802494802495, '연극': 0.44341649341649353, '발레': 0.04695079695079696, '뮤지컬': 0.012820512820512822, '성악': 0.016493416493416495, '오페라': 0.0020790020790020796, '인형극': 0.004158004158004159, '재즈/월드뮤직': 0.021309771309771314, '한국무용': 0.021621621621621626, '현대무용': 0.11985446985446986, '넌버벌 퍼포먼스': 0.09230769230769231, '혼합': 0.005128205128205129}"
"최정주 아트앤뮤직 큐레이션, 도시의 미술관 산책: 피렌체",복합,복합,최정주,,"JEI 재능문화(주최), JEI 재능문화(주관)",,,['최정주'],[],연극+기악,연극,0.3269230769230769,기악,0.3076923076923077,"{'기악': 0.3076923076923077, '성악': 0.07692307692307693, '연극': 0.3269230769230769, '재즈/월드뮤직': 0.038461538461538464, '오페라': 0.25}"
앙상블 클라비어 힙클 [안동],복합,복합,유성은 등,,"한국문화예술회관연합회(KoCACA)(주최), 안동문화예술의전당 (평생학습원)(주관)",,,['유성은'],[],대중가요,대중가요,1.0,None,0.0,{'대중가요': 1.0}
제6회 대구국제컴퓨터음악제,복합,복합,,,다매체예술단 ARS(주최),,,[],[],None,None,0.0,None,0.0,{}
세종메세나 콘서트,복합,복합,"이제석, 최용철, 서찬휘, 이주현, 김해정, 이창현, 이영승 등","이효식, 이도건 등","세종특별자치시청(주최), (재)세종시문화재단(주관)",,,"['이제석', '최용철', '서찬휘', '이주현', '김해정', '이창현', '이영승']","['이효식', '이도건']",연극+성악,연극,0.7561861215707368,성악,0.10408821947283484,"{'연극': 0.7561861215707368, '기악': 0.040882194728348566, '대중가요': 0.018154922001075845, '뮤지컬': 0.022727272727272724, '발레': 0.001748251748251748, '성악': 0.10408821947283484, '악극': 0.001748251748251748, '현대무용': 0.029720279720279717, '한국무용': 0.006993006993006992, '혼합': 0.017751479289940825}"
신노이의 일루미네이션 [광명],복합,다원/융복합,"이정석, 김보라, 이원술, 고담 등",,"(재)광명문화재단(주최), 신노이(주최), (재)광명문화재단(주관), 신노이(주관)",,,"['이정석', '김보라', '이원술', '고담']",[],기악+혼합,기악,0.3422771672771673,혼합,0.23543956043956046,"{'기악': 0.3422771672771673, '대중가요': 0.06688034188034189, '뮤지컬': 0.021153846153846155, '재즈/월드뮤직': 0.065995115995116, '혼합': 0.23543956043956046, '기타': 0.0027777777777777783, '성악': 0.030555555555555558, '연극': 0.005555555555555557, '연희': 0.02658730158730159, '오페라': 0.019444444444444448, '현대무용': 0.16666666666666669, '한국무용': 0.01666666666666667}"
"M.I.H 프로젝트 예술단 통합기획공연, MADE IN 화성",복합,복합,,,"(재)화성시문화재단(주관), 화성시청(주최)",,,[],[],None,None,0.0,None,0.0,{}
"음악으로 그리는 일곱 가지 반 고흐, 별이 빛나는 밤에 [속초]",복합,다원/융복합,"이희주, 민우혁, 김소향, 손태진, 정하은 등",,"한국문화예술회관연합회(KoCACA)(주최), 속초시(주관), JK아트컴퍼니(주관)",,,"['이희주', '민우혁', '김소향', '손태진', '정하은']",[],기악+뮤지컬,기악,0.3059389313744714,뮤지컬,0.1990771327008261,"{'기악': 0.3059389313744714, '대중가요': 0.10824622531939608, '뮤지컬': 0.1990771327008261, '성악': 0.12446013142877256, '재즈/월드뮤직': 0.00502989074417646, '한국무용': 0.03787878787878788, '기타': 0.06213327903223375, '오페라': 0.007421150278293137, '혼합': 0.0018552875695732843, '연극': 0.1479591836734694}"
데뷔를 대비하라,복합,복합,"이휴, 김보정, 안창용, 김바다, 이나원, 박용환, 전휘 등","김은영, 이승운, 권승연 등",(주)에이치제이컬쳐(HJ컬쳐)(주최),"고연주, 송윤아, 김유정 등",,"['이휴', '김보정', '안창용', '김바다', '이나원', '박용환', '전휘']","['김은영', '이승운', '권승연']",뮤지컬+연극,뮤지컬,0.31936050061050053,연극,0.3129014041514041,"{'뮤지컬': 0.31936050061050053, '연극': 0.3129014041514041, '현대무용': 0.022817460317460313, '대중가요': 0.01587301587301587, '기악': 0.06603174603174601, '성악': 0.13511904761904758, '악극': 0.0009920634920634918, '연희': 0.004206349206349206, '오페라': 0.006944444444444442, '재즈/월드뮤직': 0.016111111111111107, '한국무용': 0.006547619047619045, '혼합': 0.09198412698412696, '기타': 0.001111111111111111}"
크로이체르 소나타: 베토벤과 톨스토이의 만남 [용인],복합,복합,"박희진, 장재호, 나승준, 장희진, 김규철",함영준,"프로젝트 극악무도(주관), (재)용인문화재단(주최)",,,"['박희진', '장재호', '나승준', '장희진', '김규철']",['함영준'],연극+기악,연극,0.3821795384820595,기악,0.26506602641056426,"{'기악': 0.26506602641056426, '마당극': 0.008403361344537816, '성악': 0.07450980392156864, '연극': 0.3821795384820595, '현대무용': 0.04761904761904762, '오페라': 0.07936507936507937, '대중가요': 0.14285714285714288}"
The Modern 402,복합,복합,"서영주, 전재홍, 임강희, 김민, 박세진, 김건우","서윤미, 정재혁, 이진욱 등",한국문화예술위원회(주최),서윤미,,"['서영주', '전재홍', '임강희', '김민', '박세진', '김건우']","['서윤미', '정재혁', '이진욱']",연극+뮤지컬,연극,0.3257946175919336,뮤지컬,0.31004983237846157,"{'기악': 0.1371389500606696, '기타': 0.00168918918918919, '대중가요': 0.051252471984179315, '뮤지컬': 0.31004983237846157, '성악': 0.008111898714984273, '연극': 0.3257946175919336, '현대무용': 0.08997793444977495, '한국무용': 0.013042208465349698, '발레': 0.009336890243902442, '오페라': 0.04701404911008571, '재즈/월드뮤직': 0.0015243902439024395, '넌버벌 퍼포먼스': 0.00168918918918919, '연희': 0.00168918918918919, '혼합': 0.00168918918918919}"
Scene＃,복합,다원/융복합,"황진아, 지민아, 이시문, 정준규,","김태경, 한민우, 송주형 등",문화상인 보부(주관),,,"['황진아', '지민아', '이시문', '정준규']","['김태경', '한민우', '송주형']",연극+혼합,연극,0.35681216931216925,혼합,0.16075319016495485,"{'기악': 0.14666588857765328, '기타': 0.0078781512605042, '성악': 0.09272486772486771, '연희': 0.019841269841269837, '오페라': 0.0029761904761904756, '한국무용': 0.09226190476190475, '현대무용': 0.06058201058201057, '혼합': 0.16075319016495485, '연극': 0.35681216931216925, '대중가요': 0.014705882352941175, '재즈/월드뮤직': 0.014705882352941175, '뮤지컬': 0.02083333333333333, '발레': 0.0023148148148148143, '스트리트/스포츠댄스': 0.0023148148148148143, '창극': 0.0046296296296296285}"
노래가 되자,복합,다원/융복합,"김다임, 김유남, 오재성, 정은혜, 최정산","이보람, 권지현, 허이나 등",아주특별한예술마을(제작사),,,"['김다임', '김유남', '오재성', '정은혜', '최정산']","['이보람', '권지현', '허이나']",연극+뮤지컬,연극,0.49609938672438675,뮤지컬,0.13361742424242423,"{'연극': 0.49609938672438675, '뮤지컬': 0.13361742424242423, '인형극': 0.04577020202020202, '기악': 0.09063852813852814, '성악': 0.023268398268398268, '재즈/월드뮤직': 0.017676767676767676, '한국무용': 0.014520202020202022, '혼합': 0.011047979797979798, '발레': 0.003472222222222222, '창극': 0.006944444444444444, '현대무용': 0.003472222222222222, '마임': 0.11354166666666667, '서커스/마술': 0.005208333333333333, '넌버벌 퍼포먼스': 0.008680555555555554, '대중가요': 0.026041666666666668}"
The Magic 팬텀 & 퀸 [대구],복합,복합,"김봉미, 유성녀, 김주택, 정필립, 최형배 등",,"한국문화예술회관연합회(KoCACA)(주최), (재)달서문화재단 (웃는얼굴아트센터, 달서아트센터)(주관), (사)베하 필하모닉 오케스트라(주관)",,,"['김봉미', '유성녀', '김주택', '정필립', '최형배']",[],성악+서커스/마술,성악,0.3765573798182494,서커스/마술,0.2439516129032258,"{'기악': 0.13895126612517916, '기타': 0.06992563498524228, '뮤지컬': 0.022145999162128192, '성악': 0.3765573798182494, '오페라': 0.13499266434049043, '대중가요': 0.013475442665484741, '서커스/마술': 0.2439516129032258}"
화려,복합,복합,"이지선, 이정수, 조도연, 박호서, 정선아, 양휘성, 백지원 등","송재섭, 홍문화, 김용균 등",,,,"['이지선', '이정수', '조도연', '박호서', '정선아', '양휘성', '백지원']","['송재섭', '홍문화', '김용균']",연극+넌버벌 퍼포먼스,연극,0.28437809037932493,넌버벌 퍼포먼스,0.2294017699758309,"{'기악': 0.10050155372621708, '넌버벌 퍼포먼스': 0.2294017699758309, '대중가요': 0.012756909992912829, '성악': 0.03563165228422081, '연극': 0.28437809037932493, '한국무용': 0.009049773755656108, '현대무용': 0.0035031382279959128, '혼합': 0.005451670937142234, '뮤지컬': 0.13087586076315186, '악극': 0.05, '서커스/마술': 0.09318664235104189, '오페라': 0.0012406947890818859, '기타': 0.004633920296570899, '재즈/월드뮤직': 0.03938832252085264}"
신노이 SINNOI [수원],복합,복합,"이원술, 김보라, 고담, 이정석",,"수원시청(주최), (재)수원문화재단(주관), 수원SK아트리움(주관)",,,"['이원술', '김보라', '고담', '이정석']",[],기악+혼합,기악,0.3422771672771673,혼합,0.23543956043956046,"{'기악': 0.3422771672771673, '연희': 0.02658730158730159, '재즈/월드뮤직': 0.065995115995116, '혼합': 0.23543956043956046, '기타': 0.0027777777777777783, '대중가요': 0.06688034188034189, '뮤지컬': 0.021153846153846155, '성악': 0.030555555555555558, '연극': 0.005555555555555557, '오페라': 0.019444444444444448, '현대무용': 0.16666666666666669, '한국무용': 0.01666666666666667}"
물의감각,복합,복합,"이준, 이재하, 박종상, 이민형, 송하철, 방영문, 이민정",이준,"뮤직그룹 세움(주최), 뮤직그룹 세움(주관)",,,"['이준', '이재하', '박종상', '이민형', '송하철', '방영문', '이민정']",['이준'],기악+성악,기악,0.381197106069092,성악,0.18217531013437122,"{'기악': 0.381197106069092, '기타': 0.0029585798816568047, '대중가요': 0.007987776222832083, '뮤지컬': 0.02662721893491124, '성악': 0.18217531013437122, '연극': 0.1586259350228871, '현대무용': 0.006350052749873858, '혼합': 0.05008973889934057, '오페라': 0.07959401709401709, '악극': 0.004273504273504273, '재즈/월드뮤직': 0.09431524547803617, '연희': 0.0029027576197387514, '창극': 0.0014513788098693757, '한국무용': 0.0014513788098693757}"
"전원경의 아트살롱, 그림콘서트: 상트페테르부르크의 겨울바람",복합,복합,"전원경, 김민정, 이승윤, 김유진, 신효은",,"(재)부산문화회관(주최), (재)부산문화회관(주관)",,,"['전원경', '김민정', '이승윤', '김유진', '신효은']",[],기악+연극,기악,0.34971437302272074,연극,0.23784021647751158,"{'기악': 0.34971437302272074, '성악': 0.07425630793566515, '기타': 0.0010245901639344265, '넌버벌 퍼포먼스': 0.014245744010088273, '대중가요': 0.08587431693989073, '마임': 0.0015368852459016395, '뮤지컬': 0.05825189155107189, '발레': 0.015956284153005467, '악극': 0.0005122950819672132, '연극': 0.23784021647751158, '연희': 0.0005122950819672132, '오페라': 0.031984552332912995, '인형극': 0.005832282471626735, '재즈/월드뮤직': 0.006345628415300547, '한국무용': 0.00510902690205969, '현대무용': 0.0991325136612022, '혼합': 0.00696695039932745, '창극': 0.0024038461538461544, '서커스/마술': 0.0025000000000000005}"
"그림자극으로 만나는 환상의 음악여행, 동물의 사육제 & 피터와 늑대 [김제]",복합,복합,"최진희, 배선옥, 서희경, 송은아, 민대식, 이송, 이정민 등","소중연, 이지우, 최혜령 등","김제시(김제시청)(주관), 한국문화예술회관연합회(KoCACA)(주최)",,,"['최진희', '배선옥', '서희경', '송은아', '민대식', '이송', '이정민']","['소중연', '이지우', '최혜령']",연극+기악,연극,0.3694879954208312,기악,0.2529110780043616,"{'기악': 0.2529110780043616, '대중가요': 0.026490870240870244, '악극': 0.006410256410256411, '연극': 0.3694879954208312, '인형극': 0.22531566001715253, '뮤지컬': 0.043427119453238856, '기타': 0.0012437810945273632, '넌버벌 퍼포먼스': 0.0037313432835820895, '마당극': 0.0006218905472636816, '발레': 0.004094112769485903, '서커스/마술': 0.0012437810945273632, '성악': 0.011470425649530125, '연희': 0.0006218905472636816, '오페라': 0.0012437810945273632, '재즈/월드뮤직': 0.006218905472636815, '한국무용': 0.022871752349364286, '현대무용': 0.021351575456053068, '혼합': 0.0012437810945273632}"
문밖의 사람들: 門外漢 이번 생은 주관식입니다,복합,복합,"최고은, 황현우, 민상용, 주소영, 박상흠 등",,"문화체육관광부(주최), (재)전통공연예술진흥재단(주관)",,,"['최고은', '황현우', '민상용', '주소영', '박상흠']",[],대중가요+기악,대중가요,0.29332096474953623,기악,0.23727066584209447,"{'기악': 0.23727066584209447, '대중가요': 0.29332096474953623, '성악': 0.024036281179138325, '연극': 0.1469387755102041, '오페라': 0.004081632653061226, '재즈/월드뮤직': 0.04304267161410019, '한국무용': 0.004081632653061226, '혼합': 0.004081632653061226, '기타': 0.07142857142857145, '뮤지컬': 0.17171717171717177}"
미디어아트 x 시나 쓰는 앨리스: 상실의 별,복합,다원/융복합,,,시나 쓰는 앨리스(주최),,,[],[],None,None,0.0,None,0.0,{}
대한민국 동화축제 [포항],복합,복합,,,"경상북도(주최), 포항시청(주최), 경북일보(주관), 좋은사회연구원(주관)",,,[],[],None,None,0.0,None,0.0,{}
고스트 인 더 씨어터,복합,다원/융복합,"강길완, 우상준, 황세주, 김상혁, 박시연","구도윤, 서정완, 백혜린 등","프로젝트 밈(주최), 프로젝트 밈(기획사)",,,"['강길완', '우상준', '황세주', '김상혁', '박시연']","['구도윤', '서정완', '백혜린']",연극+뮤지컬,연극,0.38242424242424233,뮤지컬,0.3235281385281384,"{'연극': 0.38242424242424233, '뮤지컬': 0.3235281385281384, '악극': 0.046428571428571416, '대중가요': 0.04999999999999998, '기악': 0.1233333333333333, '기타': 0.0033333333333333322, '재즈/월드뮤직': 0.02999999999999999, '한국무용': 0.0033333333333333322, '현대무용': 0.0033333333333333322, '혼합': 0.019285714285714278, '성악': 0.009999999999999997, '창극': 0.004999999999999998}"
크로키키 브라더스 [안양],복합,복합,,,"한국문화예술회관연합회(KoCACA)(주최), (재)안양문화예술재단(주관), 크로키키브라더스(주관)",,,[],[],None,None,0.0,None,0.0,{}
THE BOUNDLESS TWIST,복합,복합,,"김성태, 이상진, 문우빈 등",몸판스튜디오(주최),,,[],"['김성태', '이상진', '문우빈']",연극+뮤지컬,연극,0.4362041467304626,뮤지컬,0.26395534290271133,"{'발레': 0.011904761904761904, '성악': 0.03571428571428571, '연극': 0.4362041467304626, '기악': 0.14177489177489178, '뮤지컬': 0.26395534290271133, '연희': 0.03463203463203463, '기타': 0.011904761904761904, '대중가요': 0.023809523809523808, '재즈/월드뮤직': 0.02819548872180451, '한국무용': 0.011904761904761904}"
"음악으로 그리는 일곱 가지 반 고흐, 별이 빛나는 밤에 [남양주]",복합,다원/융복합,"이희주, 김소향, 손태진, 김세환 등",,"JK아트컴퍼니(제작사), 다산아트홀(주최)",,,"['이희주', '김소향', '손태진', '김세환']",[],기악+연극,기악,0.2625245125245126,연극,0.2286324786324787,"{'기악': 0.2625245125245126, '대중가요': 0.17777777777777784, '뮤지컬': 0.11076331076331081, '성악': 0.12023624523624526, '재즈/월드뮤직': 0.014415214415214418, '한국무용': 0.044191919191919206, '기타': 0.030636030636030643, '오페라': 0.008658008658008661, '혼합': 0.0021645021645021654, '연극': 0.2286324786324787}"
"SAC ON SCREEN, 위대한 낙서 [제주]",복합,복합,,,"제주아트센터(주최), 제주아트센터(주관)",,,[],[],None,None,0.0,None,0.0,{}
청소년 교과서 음악회,복합,복합,"김용복, 백승미, 김우진, 한결후, 김지애, 김시아, 문대근 등",,"문화체육관광부(주최), 한국문화예술회관연합회(KoCACA)(주관), 고창군(고창군청)(주관)",,,"['김용복', '백승미', '김우진', '한결후', '김지애', '김시아', '문대근']",[],연극+기악,연극,0.4598787460189556,기악,0.20655385441847976,"{'한국무용': 0.14285714285714288, '기악': 0.20655385441847976, '대중가요': 0.018763669851502247, '뮤지컬': 0.08765972142281571, '성악': 0.040877172786922995, '연극': 0.4598787460189556, '오페라': 0.00391389432485323, '마임': 0.008403361344537816, '인형극': 0.008403361344537816, '혼합': 0.008403361344537816, '발레': 0.014285714285714289}"
Recovery 춘천: 놀我YOU,복합,복합,"김재헌, 김대원, 백대운, 송수민, 윤지훈, 이상엽, 전준영 등",,(재)춘천문화재단(주관),,,"['김재헌', '김대원', '백대운', '송수민', '윤지훈', '이상엽', '전준영']",[],연극+기악,연극,0.4118614718614719,기악,0.20623376623376624,"{'기악': 0.20623376623376624, '연극': 0.4118614718614719, '발레': 0.1, '대중가요': 0.02095238095238095, '악극': 0.014285714285714285, '뮤지컬': 0.022, '서커스/마술': 0.11133333333333333, '성악': 0.026666666666666665, '오페라': 0.006666666666666666, '현대무용': 0.02, '연희': 0.02, '혼합': 0.04}"
"감각주의 Ep1, 모네를 느끼다",복합,다원/융복합,"정우철, 민시후, 노인호",,대구학생문화센터(주최),,,"['정우철', '민시후', '노인호']",[],기악+발레,기악,0.4424242424242424,발레,0.2,"{'기악': 0.4424242424242424, '대중가요': 0.01818181818181818, '재즈/월드뮤직': 0.13787878787878788, '현대무용': 0.01818181818181818, '연극': 0.13333333333333333, '기타': 0.03333333333333333, '스트리트/스포츠댄스': 0.016666666666666666, '발레': 0.2}"
기존의 인형들: 인형의 조건들,복합,복합,남긍호 등,"남긍호, 박민호, 조용경 등",조음기관(주최),,,['남긍호'],"['남긍호', '박민호', '조용경']",연극+연희,연극,0.6805555555555556,연희,0.09444444444444443,"{'연극': 0.6805555555555556, '기악': 0.01111111111111111, '기타': 0.01111111111111111, '뮤지컬': 0.03888888888888888, '서커스/마술': 0.08055555555555555, '연희': 0.09444444444444443, '발레': 0.027777777777777773, '현대무용': 0.027777777777777773, '혼합': 0.027777777777777773}"
노크,복합,복합,,,"바디퍼커션그룹 녹녹(주최), 바디퍼커션그룹 녹녹(주관)",,,[],[],None,None,0.0,None,0.0,{}
레이져홀로그램쇼 [안산],복합,다원/융복합,,,드리미(주최),,,[],[],None,None,0.0,None,0.0,{}
제32회 아트레온갤러리콘서트,복합,복합,"윤철희, 한덕현, 양대원, 허희정",,"(주)아트레온(주최), (주)아트레온(기획사)",,,"['윤철희', '한덕현', '양대원', '허희정']",[],기악+혼합,기악,0.9,혼합,0.06666666666666667,"{'기악': 0.9, '성악': 0.03333333333333333, '혼합': 0.06666666666666667}"
김영임 & 김용임과 함께하는 희희낙락 [경기 광주],복합,복합,"김영임, 김용임, 고금성, 전영랑 등",,(재)광주시문화재단 [경기광주](주최),,,"['김영임', '김용임', '고금성', '전영랑']",[],대중가요+혼합,대중가요,0.28087797619047616,혼합,0.25657242063492064,"{'기악': 0.08370535714285715, '기타': 0.056671626984126984, '대중가요': 0.28087797619047616, '성악': 0.22681051587301587, '연극': 0.008928571428571428, '연희': 0.030629960317460316, '한국무용': 0.016741071428571428, '혼합': 0.25657242063492064, '재즈/월드뮤직': 0.0078125, '창극': 0.03125}"
성남아트센터 후원회 음악회: Love of winter,복합,복합,"김태민, 안붕혁, 장형환, 배지영, 이한나, 배근영, 문지양 등",,,,,"['김태민', '안붕혁', '장형환', '배지영', '이한나', '배근영', '문지양']",[],기악+성악,기악,0.2623441994247363,성악,0.2344199424736337,"{'연극': 0.1818181818181818, '성악': 0.2344199424736337, '기악': 0.2623441994247363, '뮤지컬': 0.061982480606641674, '오페라': 0.09599712368168743, '한국무용': 0.05357142857142856, '기타': 0.0019175455417066152, '발레': 0.0038350910834132304, '악극': 0.0009587727708533076, '재즈/월드뮤직': 0.0038350910834132304, '현대무용': 0.0009587727708533076, '혼합': 0.0009587727708533076, '인형극': 0.09740259740259738}"
"얼리 윈터페스티벌, 잇쇼",복합,복합,,,인천문화예술회관(주최),,,[],[],None,None,0.0,None,0.0,{}
김영임 김용임과 함께하는 희희낙락 [오산],복합,복합,"김영임, 김용임, 고금성, 전영랑",,"한국문화예술회관연합회(KoCACA)(주최), (재)오산문화재단(주관), (주)공감엔피엠(주관)",,,"['김영임', '김용임', '고금성', '전영랑']",[],대중가요+혼합,대중가요,0.28087797619047616,혼합,0.25657242063492064,"{'기악': 0.08370535714285715, '기타': 0.056671626984126984, '대중가요': 0.28087797619047616, '성악': 0.22681051587301587, '연극': 0.008928571428571428, '연희': 0.030629960317460316, '한국무용': 0.016741071428571428, '혼합': 0.25657242063492064, '재즈/월드뮤직': 0.0078125, '창극': 0.03125}"
극단 선인장 갈라콘서트: 씨앗,복합,복합,"김가빈, 김인선, 김태은, 박은영, 박준일, 이성준, 정수정 등","안남수, 최태식 등","선인장뮤지컬컴퍼니(주관), 선인장뮤지컬컴퍼니(주최)",,,"['김가빈', '김인선', '김태은', '박은영', '박준일', '이성준', '정수정']","['안남수', '최태식']",연극+뮤지컬,연극,0.36505496137849086,뮤지컬,0.20704418130888722,"{'기악': 0.12582548170783467, '뮤지컬': 0.20704418130888722, '연극': 0.36505496137849086, '발레': 0.007142857142857144, '대중가요': 0.14750445632798576, '성악': 0.06502419149477974, '연희': 0.001400560224089636, '재즈/월드뮤직': 0.001400560224089636, '한국무용': 0.030812324929971994, '현대무용': 0.001400560224089636, '마임': 0.02380952380952381, '오페라': 0.008594346829640949, '창극': 0.002100840336134454, '혼합': 0.010784313725490198, '넌버벌 퍼포먼스': 0.002100840336134454}"
"흔들리며 피는 꽃 21, 낙동강 블루스",복합,복합,"최태식, 김학수, 이연희, 정진석, 형남수, 이현순, 조성진 등",,,,,"['최태식', '김학수', '이연희', '정진석', '형남수', '이현순', '조성진']",[],연극+대중가요,연극,0.6175324675324675,대중가요,0.09415584415584415,"{'대중가요': 0.09415584415584415, '뮤지컬': 0.024350649350649345, '연극': 0.6175324675324675, '넌버벌 퍼포먼스': 0.012987012987012984, '기악': 0.09253246753246751, '재즈/월드뮤직': 0.03896103896103895, '한국무용': 0.014610389610389607, '성악': 0.06222943722943722, '연희': 0.030303030303030297, '인형극': 0.012337662337662337}"
"삼청각 수요상설공연, 거꾸로프로젝트: 흥보와 놀다",복합,복합,,,"(재)세종문화회관 삼청각(주최), (재)세종문화회관 삼청각(주관)",,,[],[],None,None,0.0,None,0.0,{}
제주-싱가포르 교류 공연: 순환,복합,복합,,,"제주특별자치도(주최), 제주특별자치도(주관)",,,[],[],None,None,0.0,None,0.0,{}
새로운 음악과 영상으로 한국을 그리는 음악회 [대전],복합,다원/융복합,"허정인, 강나영, 이상미, 유현문, 정아영, 황진하, 허윤성, 이화선 등","강나영, 이상미, 김병문 등",현대음악앙상블 뉴던 (New Dawn)(주최),,,"['허정인', '강나영', '이상미', '유현문', '정아영', '황진하', '허윤성', '이화선']","['강나영', '이상미', '김병문']",기악+연극,기악,0.4424801587301588,연극,0.20309523809523813,"{'기악': 0.4424801587301588, '성악': 0.13309523809523813, '연극': 0.20309523809523813, '발레': 0.04166666666666667, '뮤지컬': 0.013095238095238097, '한국무용': 0.02663690476190476, '오페라': 0.037500000000000006, '현대무용': 0.10243055555555557}"
환등회,복합,다원/융복합,"김솔빈, 김은지, 박유라, 박주빈, 류이재, 윤정로, 이은석 등","공영선, 엄지은, 여다함 등","대학로극장 쿼드(주최), 대학로극장 쿼드(주관)",,,"['김솔빈', '김은지', '박유라', '박주빈', '류이재', '윤정로', '이은석']","['공영선', '엄지은', '여다함']",연극+현대무용,연극,0.41623116760828627,현대무용,0.321563088512241,"{'연극': 0.41623116760828627, '기악': 0.10458254865034525, '기타': 0.0007062146892655366, '넌버벌 퍼포먼스': 0.0007062146892655366, '대중가요': 0.03342749529190207, '뮤지컬': 0.08971280602636532, '발레': 0.00440991839296924, '성악': 0.01818502824858757, '오페라': 0.00211864406779661, '한국무용': 0.0007062146892655366, '현대무용': 0.321563088512241, '혼합': 0.0007062146892655366, '재즈/월드뮤직': 0.006944444444444443}"
경양식 돈가스,복합,다원/융복합,"김진곤, 김해중, 유혜림","남우찬, 한아름, 조연하 등",,,,"['김진곤', '김해중', '유혜림']","['남우찬', '한아름', '조연하']",연극+기악,연극,0.8125495644765421,기악,0.05555555555555555,"{'뮤지컬': 0.04643742554493062, '연극': 0.8125495644765421, '인형극': 0.008547008547008548, '현대무용': 0.010134310134310135, '기악': 0.05555555555555555, '대중가요': 0.0015873015873015873, '성악': 0.04893267651888342, '한국무용': 0.00541871921182266, '혼합': 0.007006020799124247, '창극': 0.0038314176245210726}"
희망 나눔 콘서트 [파주],복합,복합,,,"한국예총 파주지회 (파주예총)(주최), 한국예총 파주지회 (파주예총)(주관)",,,[],[],None,None,0.0,None,0.0,{}
"제15회 예문학생예술단음악회, 예문학생윈드오케스트라, 예문학생시어터 공연: 홈커밍데이(Homecoming Day)",복합,복합,,,"부산학생예술문화회관(주최), 부산학생예술문화회관(기획사)",,,[],[],None,None,0.0,None,0.0,{}
JUXTAPOSITION of Macro Cosmos,복합,다원/융복합,"라세원, 안상화, 최지원, 민경원, 전혜정","이현민, 허범수, 권혁은 등",한국예술종합학교(주최),,,"['라세원', '안상화', '최지원', '민경원', '전혜정']","['이현민', '허범수', '권혁은']",기악+한국무용,기악,0.23923350041771096,한국무용,0.22556818181818186,"{'기악': 0.23923350041771096, '한국무용': 0.22556818181818186, '뮤지컬': 0.06726190476190479, '발레': 0.021428571428571432, '성악': 0.09242329308118784, '연극': 0.16754385964912286, '연희': 0.0023809523809523816, '현대무용': 0.044047619047619065, '혼합': 0.0653679653679654, '대중가요': 0.028691520467836268, '오페라': 0.018274853801169597, '기타': 0.013888888888888892, '재즈/월드뮤직': 0.013888888888888892}"
달의 바다,복합,다원/융복합,"석우성, 강고은, 김선오","강고은, 김준효, 구선덕 등",스와뉴뮤직(Swanu music)(기획사),,,"['석우성', '강고은', '김선오']","['강고은', '김준효', '구선덕']",연극+뮤지컬,연극,0.475,뮤지컬,0.375,"{'뮤지컬': 0.375, '연극': 0.475, '기악': 0.05, '대중가요': 0.1}"
"아홉번째 스윙-바이, 김바리X정은혜: 박동",복합,복합,,,,,,[],[],None,None,0.0,None,0.0,{}
디렉션 후원 나이트,복합,복합,"표인봉, 임보미, 이남현, 힘진철, 김진, 김재은 등",변유진 등,"방향인터내셔날(주최), (주) 아이비엔터테인먼트(주관), 극단 비지트(주관), 극단 초코가이즈(주관)",,,"['표인봉', '임보미', '이남현', '힘진철', '김진', '김재은']",['변유진'],뮤지컬+기악,뮤지컬,0.2948412698412699,기악,0.2823633156966491,"{'대중가요': 0.11111111111111113, '뮤지컬': 0.2948412698412699, '연극': 0.2076719576719577, '기악': 0.2823633156966491, '성악': 0.0624485596707819, '현대무용': 0.03045267489711935, '스트리트/스포츠댄스': 0.0027777777777777783, '한국무용': 0.008333333333333335}"
앙상블 노엘의 매지컬 싱어롱,복합,복합,"조예은, 주호영, 최설",,"비오케이 아트센터 (BOK아트센터)(주최), 비오케이 아트센터 (BOK아트센터)(주관)",,,"['조예은', '주호영', '최설']",[],성악+연극,성악,0.3125,연극,0.3125,"{'성악': 0.3125, '연극': 0.3125, '현대무용': 0.0625, '서커스/마술': 0.0625, '악극': 0.25}"
"The story 인간문화재, 신영희",복합,다원/융복합,"신영희, 김백송, 김장호, 신시온, 변서영","김채린, 손혜선, 한성수","(재)한국문화재재단(기획사), (재)한국문화재재단(주최), 문화재청(주관)",,,"['신영희', '김백송', '김장호', '신시온', '변서영']","['김채린', '손혜선', '한성수']",연극+기악,연극,0.21703703703703706,기악,0.16925925925925928,"{'성악': 0.14814814814814814, '연극': 0.21703703703703706, '연희': 0.07407407407407407, '한국무용': 0.12925925925925927, '기악': 0.16925925925925928, '대중가요': 0.08222222222222222, '뮤지컬': 0.15222222222222223, '현대무용': 0.027777777777777776}"
송년음악회 [보령],복합,복합,"옥주현, 김승원, 김홍연, 유예동, 김찬양, 김주영, 이지원 등",,"보령시청(주관), 보령시청(주최)",,,"['옥주현', '김승원', '김홍연', '유예동', '김찬양', '김주영', '이지원']",[],기악+연극,기악,0.49144393707946377,연극,0.22785377191114897,"{'기악': 0.49144393707946377, '기타': 0.007716963027989304, '넌버벌 퍼포먼스': 0.004553824796357921, '대중가요': 0.00798899618234898, '뮤지컬': 0.17021100858120847, '성악': 0.029082101370446305, '재즈/월드뮤직': 0.004928404928404929, '서커스/마술': 0.0018181818181818186, '현대무용': 0.013484848484848485, '연극': 0.22785377191114897, '발레': 0.0011363636363636365, '스트리트/스포츠댄스': 0.0011363636363636365, '연희': 0.0026266766020864385, '한국무용': 0.011392910368320205, '혼합': 0.017049890000709673, '악극': 0.007575757575757577}"
"부산시립예술단 연합공연, 크리스마스 캐롤",복합,다원/융복합,,"찰스 디킨스, 김지용, 백현주 등","(재)부산문화회관(주최), 부산시립예술단(주관)",,,[],"['찰스 디킨스', '김지용', '백현주']",연극+오페라,연극,0.44480519480519476,오페라,0.1845238095238095,"{'기악': 0.022727272727272728, '대중가요': 0.022727272727272728, '뮤지컬': 0.15913600288600288, '성악': 0.1660804473304473, '연극': 0.44480519480519476, '오페라': 0.1845238095238095}"
호두까기인형 [광주],복합,다원/융복합,"이정민, 배선옥, 송은아, 원우연, 최진희, 서희경, 이송 등","이정민, 이현주, 성민제 등","국립아시아문화전당(주최), 국립아시아문화전당재단(주관)",,,"['이정민', '배선옥', '송은아', '원우연', '최진희', '서희경', '이송']","['이정민', '이현주', '성민제']",연극+기악,연극,0.3133313964331292,기악,0.22940042569910474,"{'기악': 0.22940042569910474, '기타': 0.0054088531700472, '넌버벌 퍼포먼스': 0.005970149253731343, '마당극': 0.0009950248756218907, '뮤지컬': 0.040167017843291644, '발레': 0.0009950248756218907, '서커스/마술': 0.0019900497512437814, '성악': 0.04346975213333079, '연극': 0.3133313964331292, '연희': 0.0009950248756218907, '오페라': 0.005991752603521347, '인형극': 0.22088184399043898, '재즈/월드뮤직': 0.02096639310569659, '한국무용': 0.04877019754357205, '현대무용': 0.037397940057058265, '혼합': 0.0019900497512437814, '대중가요': 0.015384615384615387, '악극': 0.005128205128205129, '스트리트/스포츠댄스': 0.0007662835249042147}"
제60회 K-Theater Awards,복합,복합,"윤효상, 강승민, 현대철, 신미리, 서지아 등","김홍택, 권미혜, 현대철 등","(사)한국연극협회(주최), (사)한국연극협회(주관)",,,"['윤효상', '강승민', '현대철', '신미리', '서지아']","['김홍택', '권미혜', '현대철']",연극+기악,연극,0.6516233766233767,기악,0.24772727272727277,"{'기악': 0.24772727272727277, '연극': 0.6516233766233767, '성악': 0.02272727272727273, '뮤지컬': 0.06493506493506494, '발레': 0.012987012987012988}"
마주보는집 & 공감토크쇼,복합,복합,"허소영, 김만권, 신영은, 김춘자, 조재학, 김동일",정은경,"(재)춘천문화재단(주최), (재)춘천문화재단(주관)",신영은,,"['허소영', '김만권', '신영은', '김춘자', '조재학', '김동일']",['정은경'],연극+기악,연극,0.44841269841269843,기악,0.16883116883116883,"{'대중가요': 0.023809523809523808, '재즈/월드뮤직': 0.11904761904761905, '연극': 0.44841269841269843, '기악': 0.16883116883116883, '현대무용': 0.03571428571428571, '성악': 0.045454545454545456, '오페라': 0.12987012987012986, '한국무용': 0.012987012987012988, '뮤지컬': 0.015873015873015872}"
송년문화행사 [인천],복합,복합,"황영익, 김기태 등",,인천광역시(주최),,,"['황영익', '김기태']",[],대중가요+연극,대중가요,0.4366666666666667,연극,0.37777777777777777,"{'대중가요': 0.4366666666666667, '재즈/월드뮤직': 0.08333333333333333, '기타': 0.006666666666666667, '뮤지컬': 0.013333333333333334, '성악': 0.04777777777777777, '악극': 0.034444444444444444, '연극': 0.37777777777777777}"
방구 대 방구 [의정부],복합,복합,,,"극단 상상마당컴퍼니(주최), 영아츠컴퍼니(제작사), 클래식극장(제작사)",,,[],[],None,None,0.0,None,0.0,{}
신년음악회,복합,복합,"조수미, 배일동, 이희문, 윤형주, 김도형, 김보경, 김소현 등",,"문화체육관광부(주최), 예술의전당(주관), KBS(주관), 예술의전당(기획사)",,,"['조수미', '배일동', '이희문', '윤형주', '김도형', '김보경', '김소현']",[],연극+뮤지컬,연극,0.23801313279162076,뮤지컬,0.15772768229183173,"{'기악': 0.09100253729741356, '대중가요': 0.08339408145226186, '성악': 0.13060193672712025, '마임': 0.09090909090909094, '기타': 0.009554469920323582, '재즈/월드뮤직': 0.02026480170908675, '혼합': 0.14213090500969291, '뮤지컬': 0.15772768229183173, '스트리트/스포츠댄스': 0.00883720491563629, '연극': 0.23801313279162076, '현대무용': 0.0023436984221297955, '발레': 0.0022446689113355786, '악극': 0.0011223344556677893, '오페라': 0.006621773288439957, '인형극': 0.014670514670514674, '한국무용': 0.0005611672278338947}"
Happy New Year [인천],복합,복합,"양지은, 박학기, 박두섭 등",,,,,"['양지은', '박학기', '박두섭']",[],기악+대중가요,기악,0.47333333333333344,대중가요,0.4644444444444445,"{'기악': 0.47333333333333344, '기타': 0.017777777777777778, '대중가요': 0.4644444444444445, '뮤지컬': 0.020000000000000004, '스트리트/스포츠댄스': 0.006666666666666668, '재즈/월드뮤직': 0.006666666666666668, '성악': 0.011111111111111113}"
"신년음악회, 소복다복(笑福多福): 계묘년",복합,복합,,,(재)광명문화재단(주관),,,[],[],None,None,0.0,None,0.0,{}
"창작산실, 김재훈의 P.N.O",복합,복합,"김재훈, 나경민, 남상봉, 양현모, 전보람 등","전보람, 김재훈",김재훈컴퍼니(제작사),,,"['김재훈', '나경민', '남상봉', '양현모', '전보람']","['전보람', '김재훈']",연극+기악,연극,0.42142857142857143,기악,0.30277777777777776,"{'기악': 0.30277777777777776, '뮤지컬': 0.008333333333333333, '성악': 0.008333333333333333, '악극': 0.016666666666666666, '연극': 0.42142857142857143, '오페라': 0.008333333333333333, '혼합': 0.011904761904761904, '현대무용': 0.22222222222222224}"
신년음악회 [보령],복합,복합,"김바울, 고영열, 은가은 등",,"보령시청(주최), 보령시청(주관)",,,"['김바울', '고영열', '은가은']",[],성악+대중가요,성악,0.31490196078431376,대중가요,0.2,"{'기악': 0.1431372549019608, '기타': 0.11921568627450983, '뮤지컬': 0.1231372549019608, '성악': 0.31490196078431376, '오페라': 0.006666666666666668, '재즈/월드뮤직': 0.026274509803921573, '대중가요': 0.2, '연희': 0.007843137254901962, '한국무용': 0.007843137254901962, '현대무용': 0.003921568627450981, '혼합': 0.04705882352941177}"
국립정동극장 신년음악회,복합,복합,,,"(재)국립정동극장(주최), (재)국립정동극장(제작사)",,,[],[],None,None,0.0,None,0.0,{}
위사 페스티벌: NFF,복합,다원/융복합,"김동현, 허성영 등",,"(주)위사(주최), (주)위사(주관), 피이그(FIG)(주관)",,,"['김동현', '허성영']",[],기악+연극,기악,0.3364817645774187,연극,0.2509281502511466,"{'기악': 0.3364817645774187, '기타': 0.0020746887966804984, '넌버벌 퍼포먼스': 0.006224066390041494, '대중가요': 0.019709543568464733, '뮤지컬': 0.14956868311858487, '발레': 0.008298755186721993, '서커스/마술': 0.0020746887966804984, '성악': 0.02975540511028609, '스트리트/스포츠댄스': 0.0020746887966804984, '악극': 0.0020746887966804984, '연극': 0.2509281502511466, '연희': 0.0020746887966804984, '오페라': 0.0020746887966804984, '재즈/월드뮤직': 0.017634854771784236, '한국무용': 0.014195239135182355, '현대무용': 0.14056016597510376, '혼합': 0.0010373443983402492, '인형극': 0.013157894736842106}"
"제9회 경기공연예술페스타, DAY 1",복합,복합,,,,,,[],[],None,None,0.0,None,0.0,{}
"제9회 경기공연예술페스타, DAY 2",복합,복합,,,"경기문화재단(주최), (재)고양문화재단(주최)",,,[],[],None,None,0.0,None,0.0,{}
"제9회 경기공연예술페스타, DAY 3",복합,다원/융복합,,,"경기문화재단(주최), (재)고양문화재단(주최)",,,[],[],None,None,0.0,None,0.0,{}
the Black Show 003,복합,복합,,,닭대가리 코미디 클럽(주최),,,[],[],None,None,0.0,None,0.0,{}
동물의 사육제 [세종],복합,복합,"강령은, 차지현, 박민선, 최소영, 토야마 나오코, 안은실, 김소희",,"비오케이 아트센터 (BOK아트센터)(주관), 세종클래식음악연구소(주관), 비오케이 아트센터 (BOK아트센터)(주최), 세종클래식음악연구소(주최)",,,"['강령은', '차지현', '박민선', '최소영', '토야마 나오코', '안은실', '김소희']",[],기악+연극,기악,0.49146958469209095,연극,0.28183801670054864,"{'기악': 0.49146958469209095, '오페라': 0.024358974358974356, '뮤지컬': 0.04606168288233505, '발레': 0.0303030303030303, '연극': 0.28183801670054864, '성악': 0.03498187039587295, '혼합': 0.0024509803921568623, '현대무용': 0.06196581196581196, '한국무용': 0.01751207729468599, '대중가요': 0.0018115942028985503, '악극': 0.0018115942028985503, '연희': 0.0018115942028985503, '재즈/월드뮤직': 0.0036231884057971006}"
3.1절 기념 한용운이 부르는 님의 침묵,복합,복합,"김기원, 서기철, 이다미, 하만택, 박종선, 정은선, 서승현 등",,"광주필하모니오케스트라(주최), (주)코리아나매니지먼트(주관)",,,"['김기원', '서기철', '이다미', '하만택', '박종선', '정은선', '서승현']",[],연극+성악,연극,0.20091374269005846,성악,0.1924257759784076,"{'기악': 0.18939215024741343, '대중가요': 0.023237179487179488, '성악': 0.1924257759784076, '연극': 0.20091374269005846, '한국무용': 0.043750000000000004, '뮤지컬': 0.1918859649122807, '오페라': 0.11192082771030139, '재즈/월드뮤직': 0.006410256410256411, '혼합': 0.04006410256410257}"
"쌍투스코러스 겨울정기공연, To. Morrow",복합,다원/융복합,,,"쌍투스코러스(주최), 쌍투스코러스(기획사)",,,[],[],None,None,0.0,None,0.0,{}
예감살롱콘서트,복합,복합,"박지영, 정혜주, 강유 등",,(주)예감(주최),,,"['박지영', '정혜주', '강유']",[],기악+연극,기악,0.35569868727763454,연극,0.26195558827137766,"{'기악': 0.35569868727763454, '대중가요': 0.018016194331983804, '뮤지컬': 0.15717703349282292, '성악': 0.10404858299595142, '연극': 0.26195558827137766, '연희': 0.007894736842105262, '창극': 0.0026315789473684206, '한국무용': 0.0026315789473684206, '혼합': 0.007894736842105262, '기타': 0.015384615384615382, '발레': 0.06666666666666665}"
ACC 브런치콘서트 (패키지),복합,복합,,,,,,[],[],None,None,0.0,None,0.0,{}
소리가 춤을 부른다,복합,복합,"진유림, 이정희, 이윤석, 박재희, 한동희, 임현종, 김운태 등",,"(주)나우판코리아(주관), 축제의 땅(제작사)",,,"['진유림', '이정희', '이윤석', '박재희', '한동희', '임현종', '김운태']",[],한국무용+연극,한국무용,0.1921566312475403,연극,0.14350649350649347,"{'기악': 0.12168831168831165, '성악': 0.07679653679653678, '현대무용': 0.1123376623376623, '혼합': 0.08531286894923255, '대중가요': 0.018398268398268393, '뮤지컬': 0.019480519480519473, '발레': 0.09415584415584413, '연극': 0.14350649350649347, '연희': 0.1210153482880755, '한국무용': 0.1921566312475403, '기타': 0.0075757575757575725, '넌버벌 퍼포먼스': 0.0075757575757575725}"
신비한 극장,복합,다원/융복합,"이소영, 박지수 등","김종원, 임용현, 임지은 등",,,,"['이소영', '박지수']","['김종원', '임용현', '임지은']",연극+기악,연극,0.29522331982438366,기악,0.16736058341776427,"{'기악': 0.16736058341776427, '기타': 0.0026595744680851063, '넌버벌 퍼포먼스': 0.0013297872340425532, '대중가요': 0.07275835866261397, '뮤지컬': 0.1031816390858944, '성악': 0.052384118541033434, '연극': 0.29522331982438366, '오페라': 0.13952300039401103, '재즈/월드뮤직': 0.04299645390070922, '한국무용': 0.0026595744680851063, '현대무용': 0.07596937267814927, '혼합': 0.0026595744680851063, '발레': 0.0234375, '악극': 0.017857142857142856}"
"탱고, 매혹",복합,복합,"김주영, 서원채, 신미자, 우호균, 유혜림, 설원준, 서혜미 등",,"(재)마포문화재단(마포아트센터)(주최), 서커스아트컴퍼니모빌(주최)",,,"['김주영', '서원채', '신미자', '우호균', '유혜림', '설원준', '서혜미']",[],연극+기악,연극,0.6111607142857143,기악,0.16874999999999998,"{'기악': 0.16874999999999998, '대중가요': 0.00625, '뮤지컬': 0.128125, '발레': 0.003125, '성악': 0.025, '스트리트/스포츠댄스': 0.003125, '연극': 0.6111607142857143, '연희': 0.003125, '한국무용': 0.027232142857142858, '현대무용': 0.00625, '혼합': 0.017857142857142856}"
"그림 읽어주는 베토벤 the 콘서트2, 고흐 & 고갱 [의정부]",복합,다원/융복합,,,(재)의정부문화재단 (의정부예술의전당)(주최),,,[],[],None,None,0.0,None,0.0,{}
삼일절 104돌 기념 성남시민 어울림 한마당,복합,복합,,,,,,[],[],None,None,0.0,None,0.0,{}
"모도다프로젝트, 감정: 팔이",복합,복합,서유리,,모도다프로젝트(주최),,,['서유리'],[],연극+기악,연극,0.6666666666666666,기악,0.16666666666666666,"{'기악': 0.16666666666666666, '성악': 0.16666666666666666, '연극': 0.6666666666666666}"
피콜리스트 김원미 & 안디아모 콘서트 [안동],복합,복합,"김원미, 조성현, 이유빈, 최진석, 조선아",,"안동문화예술의전당 (평생학습원)(주최), 안동문화예술의전당 (평생학습원)(주관)",,,"['김원미', '조성현', '이유빈', '최진석', '조선아']",[],기악+연극,기악,0.39339748244977013,연극,0.22193260020057407,"{'기악': 0.39339748244977013, '기타': 0.013888888888888892, '뮤지컬': 0.17108448317598648, '재즈/월드뮤직': 0.013888888888888892, '성악': 0.05941141888854308, '연극': 0.22193260020057407, '대중가요': 0.03703703703703704, '오페라': 0.03586125808348031, '한국무용': 0.00411522633744856, '현대무용': 0.00411522633744856, '혼합': 0.029394473838918286, '인형극': 0.015873015873015876}"
"최정주 아트앤뮤직 큐레이션, 음악이 흐르는 도시 베네치아",복합,복합,최정주,,"JEI 재능문화(주최), JEI 재능문화(주관)",,,['최정주'],[],연극+기악,연극,0.3269230769230769,기악,0.3076923076923077,"{'기악': 0.3076923076923077, '성악': 0.07692307692307693, '연극': 0.3269230769230769, '재즈/월드뮤직': 0.038461538461538464, '오페라': 0.25}"
아름다운 물레방앗간 아가씨,복합,다원/융복합,"이종덕, 강한별, 민샛별","이종덕, 강한별, 민샛별 등","스텔라아트뮤직(주최), 카르디아 오페라단(주관)",,,"['이종덕', '강한별', '민샛별']","['이종덕', '강한별', '민샛별']",성악+뮤지컬,성악,0.47481481481481486,뮤지컬,0.21291989664082686,"{'성악': 0.47481481481481486, '오페라': 0.044651162790697675, '기악': 0.12222222222222223, '뮤지컬': 0.21291989664082686, '연극': 0.14539190353143844}"
늘휘무용단 봄신작: Rest. Art Oars,복합,다원/융복합,"배진일, 여길랑, 남선희, 윤혜수, 김민지, 최시","김민지, 최시원, 김익현 등",김명숙 늘휘무용단(주최),,,"['배진일', '여길랑', '남선희', '윤혜수', '김민지', '최시']","['김민지', '최시원', '김익현']",연극+현대무용,연극,0.44456790123456785,현대무용,0.12012345679012344,"{'연극': 0.44456790123456785, '한국무용': 0.07925925925925924, '기악': 0.1195238095238095, '기타': 0.0014814814814814812, '넌버벌 퍼포먼스': 0.0004938271604938271, '대중가요': 0.015449735449735446, '뮤지컬': 0.03795414462081128, '발레': 0.04631393298059964, '성악': 0.030123456790123453, '스트리트/스포츠댄스': 0.0009876543209876541, '악극': 0.0004938271604938271, '연희': 0.0958201058201058, '오페라': 0.0024691358024691353, '재즈/월드뮤직': 0.0004938271604938271, '현대무용': 0.12012345679012344, '혼합': 0.004444444444444444}"
앙리 마티스 色을 노래하다,복합,다원/융복합,"손태진, 존노, 신현선, 대니구, 문재원",,"인천문화예술회관(주관), 인천광역시(주최)",,,"['손태진', '존노', '신현선', '대니구', '문재원']",[],기악+성악,기악,0.4724776128917868,성악,0.2886393917479973,"{'기악': 0.4724776128917868, '기타': 0.03896185575430858, '대중가요': 0.10184774575018476, '뮤지컬': 0.002597402597402597, '성악': 0.2886393917479973, '오페라': 0.05973230098632767, '재즈/월드뮤직': 0.033146287674589554, '혼합': 0.002597402597402597}"
즉흥공감극장(Playback Theatre)봄 정기공연,복합,복합,"남궁지숙, 모미나, 손현, 송아름, 신도원, 신동미, 조윤경","모미나, 엄서현, 박은경",,,,"['남궁지숙', '모미나', '손현', '송아름', '신도원', '신동미', '조윤경']","['모미나', '엄서현', '박은경']",연극+기악,연극,0.7703819989534275,기악,0.1773417059131345,"{'연극': 0.7703819989534275, '기악': 0.1773417059131345, '성악': 0.035190999476713766, '대중가요': 0.013003663003663004, '연희': 0.0010204081632653062, '오페라': 0.0030612244897959186}"
벌나비가 찾아와서 봄소식을 전하는데,복합,복합,"박상우, 고호정, 강승의, 윤은화, 정동민, 김남훈, 문채희 등",,,,,"['박상우', '고호정', '강승의', '윤은화', '정동민', '김남훈', '문채희']",[],기악+혼합,기악,0.4041779251617128,혼합,0.21158172595165958,"{'기악': 0.4041779251617128, '뮤지컬': 0.11171643798762441, '성악': 0.03769841269841269, '연희': 0.007936507936507934, '창극': 0.003968253968253967, '현대무용': 0.03611111111111111, '혼합': 0.21158172595165958, '연극': 0.08389382118195676, '대중가요': 0.036576949620427866, '악극': 0.009259259259259257, '재즈/월드뮤직': 0.023349436392914646, '한국무용': 0.03373015873015872}"
폼 미쳤다.,복합,다원/융복합,,,메이드인동감(주최),,,[],[],None,None,0.0,None,0.0,{}
"제88회 명품콘서트, Asia & Saha 아티스트 콜라보",복합,복합,"이수인, 김지영, 서수정, 박태영, 김동현, 박수현, 권아름 등",,"을숙도문화회관(주관), 을숙도문화회관(주최)",,,"['이수인', '김지영', '서수정', '박태영', '김동현', '박수현', '권아름']",[],연극+기악,연극,0.36309379053119384,기악,0.3155800071909295,"{'기악': 0.3155800071909295, '성악': 0.07950617143363804, '기타': 0.006170434416230442, '뮤지컬': 0.04061185041166906, '연극': 0.36309379053119384, '연희': 0.008443161688957715, '발레': 0.0776098037508826, '오페라': 0.03072723726250698, '인형극': 0.005416002126528444, '재즈/월드뮤직': 0.0070439875937801264, '창극': 0.0006313131313131314, '한국무용': 0.021197258675419852, '현대무용': 0.017779454293977117, '혼합': 0.009950372457137749, '대중가요': 0.009439834024896267, '마임': 0.002272727272727273, '넌버벌 퍼포먼스': 0.002263296869105998, '서커스/마술': 0.0007544322897019993, '스트리트/스포츠댄스': 0.0007544322897019993, '악극': 0.0007544322897019993}"
"오픈씨어터 오발콘 시리즈 Ⅰ, Vamonos! 돈키호테",복합,복합,"백정현, 구본수, 정필립, 이한나 등","이혜경, 송주관, 강대근 등","오픈씨어터(주관), 오픈씨어터(주최)",,,"['백정현', '구본수', '정필립', '이한나']","['이혜경', '송주관', '강대근']",연극+기악,연극,0.2606060606060607,기악,0.24389810089401573,"{'기악': 0.24389810089401573, '성악': 0.1910303667088027, '오페라': 0.13122365427588656, '연극': 0.2606060606060607, '기타': 0.029539400877305756, '대중가요': 0.003952569169960475, '뮤지컬': 0.03758389261744967, '발레': 0.042844552911667014, '악극': 0.0006101281269066505, '재즈/월드뮤직': 0.012541522608636703, '현대무용': 0.010711138227916753, '혼합': 0.0006101281269066505, '연희': 0.002272727272727273, '한국무용': 0.032575757575757584}"
"김준수와 함께하는 하남명무전, 봄, 춤으로 피어나다 [하남]",복합,복합,"정명숙, 조흥동, 김준수, 이세범, 장인숙, 조성란, 정다은 등","원지현, 이세범, 강준택 등","(재)하남문화재단(주관), (재)하남문화재단(주최)",,,"['정명숙', '조흥동', '김준수', '이세범', '장인숙', '조성란', '정다은']","['원지현', '이세범', '강준택']",한국무용+연극,한국무용,0.33404558404558404,연극,0.22307692307692306,"{'성악': 0.09962962962962964, '연희': 0.009230769230769232, '한국무용': 0.33404558404558404, '현대무용': 0.02692307692307692, '혼합': 0.10433048433048434, '기악': 0.05843304843304843, '기타': 0.0022507122507122506, '대중가요': 0.02646723646723647, '마당극': 0.0007122507122507122, '뮤지컬': 0.09367521367521368, '창극': 0.013532763532763533, '연극': 0.22307692307692306, '발레': 0.006153846153846154, '오페라': 0.0015384615384615385}"
토케토리 골방콘서트,복합,복합,최윤영,,기타고라스(주최),,,['최윤영'],[],연극+성악,연극,0.4083333333333333,성악,0.26666666666666666,"{'기악': 0.15, '뮤지컬': 0.025, '성악': 0.26666666666666666, '연극': 0.4083333333333333, '연희': 0.025, '한국무용': 0.025, '현대무용': 0.075, '혼합': 0.025}"
HAKUEI KIM X 이봉근 X 하윤주 콘서트: 3,복합,복합,"하윤주, 이봉근, 김재성, 김인영, 김성화 등",,"(주)프로덕션 고금(주최), (주)프로덕션 고금(주관)",,,"['하윤주', '이봉근', '김재성', '김인영', '김성화']",[],성악+연극,성악,0.2066195865537971,연극,0.18098665467086522,"{'기악': 0.17818365844681636, '성악': 0.2066195865537971, '연희': 0.00560897435897436, '혼합': 0.1773504273504274, '기타': 0.004273504273504275, '대중가요': 0.08938576043839204, '뮤지컬': 0.0841853078695184, '악극': 0.0021367521367521374, '연극': 0.18098665467086522, '창극': 0.0021367521367521374, '한국무용': 0.004273504273504275, '재즈/월드뮤직': 0.059808612440191394, '오페라': 0.005050505050505052}"
다페르튜토 쿼드,복합,다원/융복합,"김용빈, 이종현, 임영, 전혜인, 최도혁, 하영미, 허윤경","김건태, 유지영, 박현정 등","대학로극장 쿼드(제작사), 대학로극장 쿼드(주최), 대학로극장 쿼드(주관)",,,"['김용빈', '이종현', '임영', '전혜인', '최도혁', '하영미', '허윤경']","['김건태', '유지영', '박현정']",연극+기악,연극,0.5537157287157288,기악,0.13004535147392293,"{'대중가요': 0.08149092970521545, '연극': 0.5537157287157288, '현대무용': 0.0930555555555556, '기악': 0.13004535147392293, '기타': 0.005266955266955269, '뮤지컬': 0.04308390022675739, '발레': 0.055555555555555566, '성악': 0.010389610389610393, '오페라': 0.017192331478045768, '재즈/월드뮤직': 0.0034013605442176882, '혼합': 0.0068027210884353765}"
"마티네콘서트 마실, 협궤열차의 꿈",복합,복합,,,,,,[],[],None,None,0.0,None,0.0,{}
"아침음악나들이 1, 존노 & 고영열",복합,복합,"존노, 고영열",,(재)고양문화재단(주최),,,"['존노', '고영열']",[],성악+기악,성악,0.5359600443951166,기악,0.1896781354051055,"{'기악': 0.1896781354051055, '기타': 0.1154273029966704, '성악': 0.5359600443951166, '오페라': 0.009433962264150945, '재즈/월드뮤직': 0.06714761376248614, '대중가요': 0.005882352941176472, '뮤지컬': 0.005882352941176472, '연희': 0.011764705882352944, '한국무용': 0.011764705882352944, '현대무용': 0.005882352941176472, '혼합': 0.0411764705882353}"
"통영국제음악제, 해리 파치: 플렉트럼과 타악기 춤",복합,복합,,,"통영시(주최), 통영시(주관), (재)통영국제음악재단(주최), (재)통영국제음악재단(주관)",,,[],[],None,None,0.0,None,0.0,{}
첼로가야금 [연천],복합,복합,"김솔다니엘, 윤다영",,"연천군시설관리공단(주최), 연천수레울아트홀(주관)",,,"['김솔다니엘', '윤다영']",[],기악+연극,기악,0.4583333333333333,연극,0.3333333333333333,"{'기악': 0.4583333333333333, '발레': 0.041666666666666664, '재즈/월드뮤직': 0.041666666666666664, '혼합': 0.125, '연극': 0.3333333333333333}"
읽은척 판소리 북 콘서트: 나는 고양이로소이다.,복합,복합,,,합굿마을문화생산자협동조합(주최),,,[],[],None,None,0.0,None,0.0,{}
개구리왕자,복합,복합,"공예빈, 공다향","이성호, 장민호","청년테이블(기획사), 에술농장(제작사), 극단 보물섬(제작사)",장인호,,"['공예빈', '공다향']","['이성호', '장민호']",뮤지컬+대중가요,뮤지컬,0.42876436288801245,대중가요,0.21848739495798325,"{'대중가요': 0.21848739495798325, '뮤지컬': 0.42876436288801245, '연극': 0.20994254844795066, '기악': 0.07675070028011208, '성악': 0.004201680672268909, '인형극': 0.004201680672268909, '재즈/월드뮤직': 0.004201680672268909, '서커스/마술': 0.041010689990281846, '기타': 0.0029154518950437326, '오페라': 0.009523809523809528}"
춘하추동 디톡스 콘서트,복합,복합,"남상일, 받구윤, 최연화 등",,"상주시청(주최), 상주시청(주관)",,,"['남상일', '받구윤', '최연화']",[],대중가요+성악,대중가요,0.38888888888888895,성악,0.19841269841269846,"{'기악': 0.08730158730158731, '기타': 0.07936507936507937, '대중가요': 0.38888888888888895, '성악': 0.19841269841269846, '연희': 0.1031746031746032, '창극': 0.015873015873015876, '한국무용': 0.007936507936507938, '혼합': 0.11904761904761907}"
"통영국제음악회, 온드레이 아다멕: 디너",복합,복합,"샤를로트 기베, 로메오 몬테이로, 온드레이 아다멕 등",,"통영시(주최), 통영시(주관), (재)통영국제음악재단(주최), (재)통영국제음악재단(주관)",,,"['샤를로트 기베', '로메오 몬테이로', '온드레이 아다멕']",[],None,None,0.0,None,0.0,{}
Talk Talk Talk,복합,복합,"정중화, 김덕화, 박병민, 김동문, 안재우",,"한국청소년동아리연맹(주최), 한국청소년동아리연맹(주관), (주)지앤씨 (GNC)(주관)",,,"['정중화', '김덕화', '박병민', '김동문', '안재우']",[],뮤지컬+재즈/월드뮤직,뮤지컬,0.26666666666666666,재즈/월드뮤직,0.25,"{'기악': 0.15, '재즈/월드뮤직': 0.25, '뮤지컬': 0.26666666666666666, '연극': 0.2222222222222222, '인형극': 0.1111111111111111}"
"춘천문화예술회관 개관 30주년, 우리 여기에: 첫째날 광장으로",복합,복합,"이유라, 최은영, 박희린, 백형민, 문창숙, 이현주, 홍향기 등",,(재)춘천문화재단(주최),,,"['이유라', '최은영', '박희린', '백형민', '문창숙', '이현주', '홍향기']",[],기악+연극,기악,0.2504292606783028,연극,0.24405775507308075,"{'기악': 0.2504292606783028, '발레': 0.11728395061728396, '성악': 0.061923513551866045, '연극': 0.24405775507308075, '한국무용': 0.0820207180360437, '현대무용': 0.1337874272740173, '연희': 0.027777777777777776, '오페라': 0.02055839364268483, '기타': 0.005555555555555556, '뮤지컬': 0.032886334610472544, '혼합': 0.005555555555555556, '스트리트/스포츠댄스': 0.001277139208173691, '인형극': 0.012771392081736908, '재즈/월드뮤직': 0.004115226337448559}"
제4회 장애인의 날 기념 위더스콘서트,복합,복합,"이성국, 김혜영, 황기순, 김동규, 정동하, 조성모, 송강호 등",,"사회적 협동조합 드림온(주최), 사회적 협동조합 드림온(주관)",,,"['이성국', '김혜영', '황기순', '김동규', '정동하', '조성모', '송강호']",[],대중가요+기악,대중가요,0.3,기악,0.13111600409394528,"{'기악': 0.13111600409394528, '뮤지컬': 0.07423103856927386, '성악': 0.11621305573511455, '악극': 0.0032679738562091504, '연극': 0.11622517596782304, '오페라': 0.016734899087840264, '재즈/월드뮤직': 0.006535947712418301, '한국무용': 0.016952614379084966, '마임': 0.1111111111111111, '기타': 0.016163003663003665, '발레': 0.0018315018315018317, '스트리트/스포츠댄스': 0.0018315018315018317, '현대무용': 0.07841117216117216, '연희': 0.005208333333333333, '대중가요': 0.3, '혼합': 0.004166666666666667}"
Re:born과 함께하는 Refresh Concert,복합,복합,"박호민, 정승화, 한정현, 민종호, 강문종 등",,"영도문화예술회관(주최), 영도문화예술회관(주관)",,,"['박호민', '정승화', '한정현', '민종호', '강문종']",[],오페라+연극,오페라,0.6142857142857142,연극,0.24107142857142858,"{'오페라': 0.6142857142857142, '연극': 0.24107142857142858, '성악': 0.033035714285714286, '악극': 0.004464285714285714, '뮤지컬': 0.10714285714285714}"
"아름다운 동행 우리함께, SING A SONG",복합,복합,,,"서귀포예술의전당(주최), 서귀포예술의전당(주관)",,,[],[],None,None,0.0,None,0.0,{}
"퍼플엘리, 에펠탑 앞에서 사진찍기",복합,복합,"이주희, 남영주, 정지현, 이주영, 최재호, 지혜림",,"제주아트센터(주최), 힘즈뮤직(주관)",,,"['이주희', '남영주', '정지현', '이주영', '최재호', '지혜림']",[],연극+기악,연극,0.3266285664883106,기악,0.24263866932174016,"{'기악': 0.24263866932174016, '기타': 0.020591371391076113, '뮤지컬': 0.05473085395575553, '성악': 0.07244373802936796, '악극': 0.0015748031496062992, '연극': 0.3266285664883106, '연희': 0.0007874015748031496, '오페라': 0.02311034705965808, '인형극': 0.011704618003830602, '재즈/월드뮤직': 0.010632961420362994, '한국무용': 0.045229639791647666, '현대무용': 0.0707001996372075, '혼합': 0.0015748031496062992, '대중가요': 0.038386824324324324, '발레': 0.0792652027027027}"
"24시간 프로젝트 시즌6: 박지혁, 천지윤, 상흠, 박지선",복합,다원/융복합,"박지혁, 천지윤, 박지선 등",,더하우스콘서트(기획사),,,"['박지혁', '천지윤', '박지선']",[],기악+연극,기악,0.5214833059660647,연극,0.1594827586206897,"{'기악': 0.5214833059660647, '재즈/월드뮤직': 0.03968253968253969, '기타': 0.011904761904761906, '성악': 0.06157635467980296, '혼합': 0.05877976190476191, '마임': 0.025862068965517244, '악극': 0.024245689655172417, '연극': 0.1594827586206897, '한국무용': 0.05010775862068966, '현대무용': 0.04687500000000001}"
"인 하우스 아티스트 시리즈 I, 이진상",복합,다원/융복합,"이진상, 차진엽, 김은혜",,"롯데문화재단(주최), 롯데문화재단(주관)",,,"['이진상', '차진엽', '김은혜']",[],기악+현대무용,기악,0.3680440621617092,현대무용,0.3243697478991597,"{'기악': 0.3680440621617092, '성악': 0.16622776622776622, '발레': 0.023529411764705882, '한국무용': 0.040336134453781515, '현대무용': 0.3243697478991597, '대중가요': 0.002564102564102564, '뮤지컬': 0.034757834757834755, '연극': 0.012535612535612533, '오페라': 0.007692307692307693, '재즈/월드뮤직': 0.005128205128205128, '혼합': 0.014814814814814814}"
"전원경의 아트살롱, 그림콘서트: 봄을 맞은 파리",복합,다원/융복합,"김예성, 정예찬, 현서진 등",,"(재)당진문화재단(주최), 당진문예의전당(주관)",,,"['김예성', '정예찬', '현서진']",[],기악+연극,기악,0.28846153846153844,연극,0.23076923076923075,"{'기악': 0.28846153846153844, '뮤지컬': 0.06538461538461539, '성악': 0.06538461538461539, '연극': 0.23076923076923075, '연희': 0.2, '오페라': 0.15}"
소녀의 꿈,복합,복합,"박종화, 이정표 등",,"(재)금천문화재단(주최), (재)금천문화재단(주관)",,,"['박종화', '이정표']",[],기악+연극,기악,0.3049645390070922,연극,0.16666666666666666,"{'기악': 0.3049645390070922, '기타': 0.09042553191489361, '성악': 0.09042553191489361, '혼합': 0.014184397163120567, '연극': 0.16666666666666666, '오페라': 0.16666666666666666, '대중가요': 0.16666666666666666}"
룰루랄라와 함께하는 동화책 콘서트,복합,복합,,,협동조합 문화기획단 마주(주최),,,[],[],None,None,0.0,None,0.0,{}
Lovely Concert: 매혹적인 클림트의 그림과 함께하는 아름다운 음악회,복합,다원/융복합,"배수진, 강희영, 윤석, 조완수, 박효진, 이희연, 윤정수",,"해운대문화회관(주최), (주)에스제이엔터(주관)",,,"['배수진', '강희영', '윤석', '조완수', '박효진', '이희연', '윤정수']",[],연극+성악,연극,0.4800064133397467,성악,0.20082571749238415,"{'뮤지컬': 0.021428571428571425, '성악': 0.20082571749238415, '연극': 0.4800064133397467, '재즈/월드뮤직': 0.031746031746031744, '오페라': 0.08417508417508418, '기악': 0.15404040404040403, '대중가요': 0.005555555555555556, '현대무용': 0.022222222222222223}"
"제76회 (사)한국여성작곡가회 봄 정기발표회, 도약",복합,복합,"김사랑, 김주헤, 류경선, 박영란, 심유주, 정연옥, 김철진 등",,"(사)한국여성작곡가회(주최), 현대문화기획(주최), 현대문화기획(주관)",,,"['김사랑', '김주헤', '류경선', '박영란', '심유주', '정연옥', '김철진']",[],기악+뮤지컬,기악,0.7598765432098765,뮤지컬,0.06878306878306878,"{'기악': 0.7598765432098765, '넌버벌 퍼포먼스': 0.007936507936507936, '뮤지컬': 0.06878306878306878, '성악': 0.04523809523809524, '연극': 0.05776014109347442, '연희': 0.003968253968253968, '혼합': 0.016313932980599646, '기타': 0.012345679012345678, '한국무용': 0.016666666666666666, '현대무용': 0.011111111111111112}"
더 퍼스트 뮤직 IN 슬램덩크,복합,복합,"강수진, 엄상현, 신용우, 장민혁, 최낙윤, 장동국, 박상민 등",,"(주)더존테크윌(주최), 스튜디오 더존(주관)",,,"['강수진', '엄상현', '신용우', '장민혁', '최낙윤', '장동국', '박상민']",[],연극+대중가요,연극,0.3733176986353031,대중가요,0.19298245614035095,"{'기악': 0.14029391660970614, '성악': 0.05844155844155847, '연극': 0.3733176986353031, '오페라': 0.012987012987012993, '뮤지컬': 0.012444905366865443, '발레': 0.12807881773399019, '대중가요': 0.19298245614035095, '악극': 0.07393483709273187, '기타': 0.0025062656641604017, '재즈/월드뮤직': 0.0025062656641604017, '혼합': 0.0025062656641604017}"
별주부전,복합,복합,"김유희, 이원경, 김평석, 성보나, 박명현, 김명준, 권아림 등","여성구, 채지혜, 이원경 등",국립국악원(주최),,,"['김유희', '이원경', '김평석', '성보나', '박명현', '김명준', '권아림']","['여성구', '채지혜', '이원경']",인형극+기악,인형극,0.3983333333333333,기악,0.16078947368421054,"{'인형극': 0.3983333333333333, '기악': 0.16078947368421054, '뮤지컬': 0.025, '성악': 0.09526315789473686, '악극': 0.065, '연극': 0.12850877192982454, '창극': 0.025, '대중가요': 0.005263157894736842, '발레': 0.005263157894736842, '연희': 0.06105263157894737, '혼합': 0.030526315789473686}"
광주상설공연(5월),복합,복합,,,"광주시청[경기](주최), 광주예술의전당 (구. 광주문화예술회관)(주관)",,,[],[],None,None,0.0,None,0.0,{}
춘천시립교향악단 패밀리콘서트1,복합,다원/융복합,,,춘천시립교향악단(주최),,,[],[],None,None,0.0,None,0.0,{}
원주시민과 함께하는 열린음악회 [원주],복합,복합,"김덕수, 진승훈, 위연승, 박현기, 윤형욱, 정주영, 박종성 등",,"(재)원주문화재단(주최), (재)원주문화재단(주관), (주)원앤원엔터테인먼트(기획사)",,,"['김덕수', '진승훈', '위연승', '박현기', '윤형욱', '정주영', '박종성']",[],기악+한국무용,기악,0.3909314075980743,한국무용,0.1547619047619048,"{'기악': 0.3909314075980743, '성악': 0.05075075075075076, '연희': 0.12959387959387964, '혼합': 0.12543257543257547, '한국무용': 0.1547619047619048, '뮤지컬': 0.01887601887601888, '연극': 0.10529577196243865, '기타': 0.006006006006006008, '재즈/월드뮤직': 0.003003003003003004, '오페라': 0.01234567901234568, '대중가요': 0.003003003003003004}"
"광주시립교향악단, 그림자극과 함께하는 키즈클래식",복합,복합,김영언 등,,"광주예술의전당 (구. 광주문화예술회관)(주최), 광주시립교향악단(주관)",,,['김영언'],[],기악,기악,1.0,None,0.0,{'기악': 1.0}
레이저 무브 아트쇼,복합,다원/융복합,,,,,,[],[],None,None,0.0,None,0.0,{}
"피카스 그림동화 음악회, 장난감 병정과 발레리나",복합,복합,"윤혜경, 황지수, 홍성민, 김에슬, 김경선 등",,"피카스(PICAS)(주최), 이든예술기획(주관), 이든예술기획(주관)",,,"['윤혜경', '황지수', '홍성민', '김에슬', '김경선']",[],기악+뮤지컬,기악,0.3820939787326341,뮤지컬,0.2092062050045243,"{'기악': 0.3820939787326341, '뮤지컬': 0.2092062050045243, '성악': 0.06106226274293499, '연극': 0.1850463909287438, '한국무용': 0.14285714285714282, '대중가요': 0.010582010582010578, '현대무용': 0.005291005291005289, '마당극': 0.0038610038610038602}"
페페의 꿈 [춘천],복합,복합,,,"(재)예술경영지원센터(주최), (재)춘천인형극제(주최), (재)춘천인형극제(주관), 음악극창작집단톰방(주관)",,,[],[],None,None,0.0,None,0.0,{}
가슴이 콩닥콩닥 [창원],복합,복합,"김영재, 인윤선, 윤사랑, 박장원, 윤한나, 위초연, 윤성근 등","김 현, 김태희, 최성민 등","(재)창원문화재단(주최), (재)창원문화재단(주관)",,,"['김영재', '인윤선', '윤사랑', '박장원', '윤한나', '위초연', '윤성근']","['김 현', '김태희', '최성민']",기악+연극,기악,0.32029108285105096,연극,0.23168768864397865,"{'기악': 0.32029108285105096, '뮤지컬': 0.1528500816880348, '성악': 0.10513440450807189, '연극': 0.23168768864397865, '오페라': 0.08372201492537315, '재즈/월드뮤직': 0.005597014925373135, '혼합': 0.03311567164179105, '연희': 0.03125000000000001, '대중가요': 0.020727040816326533, '스트리트/스포츠댄스': 0.015625000000000003}"
방귀 며느리 [통영],복합,복합,"장예리, 정열, 허윤, 이경구, 유병욱, 박가영 등","배새암, 이경구 등","한국문화예술회관연합회(KoCACA)(주최), 통영시(주관), 아픽 (art-pig)(주관)",,,"['장예리', '정열', '허윤', '이경구', '유병욱', '박가영']","['배새암', '이경구']",연극+기악,연극,0.37944222067525246,기악,0.23280677655677662,"{'기악': 0.23280677655677662, '뮤지컬': 0.11749312150895863, '서커스/마술': 0.009049773755656111, '악극': 0.022575746274841303, '연극': 0.37944222067525246, '대중가요': 0.007211538461538464, '성악': 0.05844780219780222, '재즈/월드뮤직': 0.019711538461538464, '한국무용': 0.012133699633699637, '현대무용': 0.12030677655677659, '혼합': 0.020821005917159772}"
내시십분 콘서트 [부산],복합,복합,,,"다해아트미디어(주최), 다해아트미디어(주관)",,,[],[],None,None,0.0,None,0.0,{}
수상한스테이지 (5월),복합,복합,"이가연, 김도현, 김신비, 반예림, 조은세 등",,"수상한 창고(수상한협동조합)(주최), 수상한 창고(수상한협동조합)(주관), 수상한 창고(수상한협동조합)(제작사)",,,"['이가연', '김도현', '김신비', '반예림', '조은세']",[],연극+대중가요,연극,0.48773584905660367,대중가요,0.13045822102425875,"{'기악': 0.09649595687331534, '대중가요': 0.13045822102425875, '뮤지컬': 0.09784366576819406, '성악': 0.06657681940700808, '오페라': 0.014285714285714282, '기타': 0.007547169811320753, '발레': 0.0037735849056603765, '스트리트/스포츠댄스': 0.0018867924528301883, '악극': 0.0018867924528301883, '연극': 0.48773584905660367, '연희': 0.0018867924528301883, '창극': 0.007547169811320753, '한국무용': 0.005660377358490565, '현대무용': 0.06886792452830187, '혼합': 0.007547169811320753}"
그림이 오감를 만났을때: 감각주의,복합,다원/융복합,"정우철, 민시후, 노인호",,"대덕문화전당(주최), 대덕문화전당(주관)",,,"['정우철', '민시후', '노인호']",[],기악+발레,기악,0.4424242424242424,발레,0.2,"{'기악': 0.4424242424242424, '대중가요': 0.01818181818181818, '재즈/월드뮤직': 0.13787878787878788, '현대무용': 0.01818181818181818, '연극': 0.13333333333333333, '기타': 0.03333333333333333, '스트리트/스포츠댄스': 0.016666666666666666, '발레': 0.2}"
봄 ＆ 희망 콘서트 [대구],복합,복합,"이동환, 고수진, 권재희, 박신해, 이윤경 등",,"대구문화예술진흥원(주최), (재)대구오페라하우스(주관), (재)대구오페라하우스(주관)",,,"['이동환', '고수진', '권재희', '박신해', '이윤경']",[],성악+연극,성악,0.35916078580965105,연극,0.24155763239875394,"{'기악': 0.19678258842477805, '성악': 0.35916078580965105, '연극': 0.24155763239875394, '오페라': 0.14270519422722364, '한국무용': 0.004192256341789053, '혼합': 0.002857142857142858, '대중가요': 0.01428571428571429, '기타': 0.003968253968253969, '뮤지컬': 0.004005340453938586, '발레': 0.001335113484646195, '현대무용': 0.029149977748108596}"
반짝반짝 그 찬란한 날 [대구],복합,복합,,,대구학생문화센터(주최),,,[],[],None,None,0.0,None,0.0,{}
스페이스 크루즈(SPACE CRUISE),복합,복합,"홍종철, 김성은, 김보런, 김남훈, 김예송, 김태림, 부희주 등","김남훈, 정진용, 김학영 등","서귀포예술의전당(주최), (사)제주빌레앙상블(주관)",,,"['홍종철', '김성은', '김보런', '김남훈', '김예송', '김태림', '부희주']","['김남훈', '정진용', '김학영']",기악+한국무용,기악,0.5809196421555971,한국무용,0.1309523809523809,"{'기악': 0.5809196421555971, '뮤지컬': 0.028377989052146353, '발레': 0.0008643042350907518, '성악': 0.08588695948246508, '연극': 0.08632753014775485, '오페라': 0.013828867761452028, '혼합': 0.0008643042350907518, '대중가요': 0.027472527472527465, '한국무용': 0.1309523809523809, '현대무용': 0.04450549450549451}"
"브람스의 구연동화 연가곡, 아름다운 마겔로네",복합,복합,"이종덕, 이천초, 강한별, 민샛별 등","이종덕, 사공예원 등",카르디아 오페라단(주최),,,"['이종덕', '이천초', '강한별', '민샛별']","['이종덕', '사공예원']",성악+오페라,성악,0.3748971193415638,오페라,0.35813953488372097,"{'성악': 0.3748971193415638, '오페라': 0.35813953488372097, '기악': 0.06790123456790124, '뮤지컬': 0.11828883146712604, '연극': 0.08077327973968801}"
"천재 모차르트, 라마",복합,복합,"이승철, 김기종, 전재현, 강승호, 김정희, 임옥진, 이지아 등","이승철, 김기종, 이수정 등","스토리피아노(주최), 카랑엔터테인먼트(주최), 다이아예술문화단체(주최), 스토리피아노(주관)",,,"['이승철', '김기종', '전재현', '강승호', '김정희', '임옥진', '이지아']","['이승철', '김기종', '이수정']",연극+기악,연극,0.38583103335660823,기악,0.18544352488399335,"{'기악': 0.18544352488399335, '대중가요': 0.13076271157363087, '연극': 0.38583103335660823, '뮤지컬': 0.08698003227717094, '성악': 0.12081727028168701, '인형극': 0.0396147261884606, '재즈/월드뮤직': 0.024602592320860848, '한국무용': 0.008359456635318703, '혼합': 0.014278959810874705, '마당극': 0.0009456264775413711, '발레': 0.00047281323877068556, '악극': 0.00047281323877068556, '연희': 0.00047281323877068556, '오페라': 0.0009456264775413711}"
"고스트쉽, 코마 [세종]",복합,다원/융복합,,,"(재)세종시문화관광재단(주최), (재)세종시문화관광재단(기획사)",,,[],[],None,None,0.0,None,0.0,{}
"Asia & Saha Ⅱ, 중국편 (5.17)",복합,복합,"예 웨이양, 센 빙, 우 양, 우 팡, 김희정, 박태영, 김동현 등",,"을숙도문화회관(주최), 을숙도문화회관(주관)",,,"['예 웨이양', '센 빙', '우 양', '우 팡', '김희정', '박태영', '김동현']",[],기악+연극,기악,0.3381298940583978,연극,0.24270142920661517,"{'기악': 0.3381298940583978, '뮤지컬': 0.03331486123701795, '발레': 0.11862208876962221, '성악': 0.12851538479061947, '연극': 0.24270142920661517, '오페라': 0.022434091359863607, '현대무용': 0.03202311297606666, '혼합': 0.022816065733058142, '한국무용': 0.01670986956838244, '기타': 0.0013831258644536656, '넌버벌 퍼포먼스': 0.004149377593360996, '대중가요': 0.013139695712309822, '서커스/마술': 0.0013831258644536656, '스트리트/스포츠댄스': 0.0013831258644536656, '악극': 0.0013831258644536656, '연희': 0.0013831258644536656, '재즈/월드뮤직': 0.011756569847856157, '인형극': 0.008771929824561405}"
"오월국제교류음악회, 평화와 희망을 기원하는 함께가자 희망찬 세상으로",복합,복합,,,"광산구청(주최), 광주광산구립합창단(주관)",,,[],[],None,None,0.0,None,0.0,{}
동물의 사육제 & 피터와 늑대 [광양],복합,복합,"최진희, 배선옥, 서희경, 송은아, 민대식, 이송, 이정민 등","소중연, 이지우, 최혜령 등","광양문화예술회관(광양시청)(주최), 광양문화예술회관(광양시청)(주관)",,,"['최진희', '배선옥', '서희경', '송은아', '민대식', '이송', '이정민']","['소중연', '이지우', '최혜령']",연극+기악,연극,0.3694879954208312,기악,0.2529110780043616,"{'기악': 0.2529110780043616, '대중가요': 0.026490870240870244, '악극': 0.006410256410256411, '연극': 0.3694879954208312, '인형극': 0.22531566001715253, '뮤지컬': 0.043427119453238856, '기타': 0.0012437810945273632, '넌버벌 퍼포먼스': 0.0037313432835820895, '마당극': 0.0006218905472636816, '발레': 0.004094112769485903, '서커스/마술': 0.0012437810945273632, '성악': 0.011470425649530125, '연희': 0.0006218905472636816, '오페라': 0.0012437810945273632, '재즈/월드뮤직': 0.006218905472636815, '한국무용': 0.022871752349364286, '현대무용': 0.021351575456053068, '혼합': 0.0012437810945273632}"
"춘향, 날개를 뜯긴 새 [서울]",복합,복합,"조하늘, 전진홍, 이혁, 박지연, 성유빈, 윤성준, 박소현 등","노우성, 이규운, 이형주 등","(재)국립정동극장(주최), (재)국립정동극장(주관)",,,"['조하늘', '전진홍', '이혁', '박지연', '성유빈', '윤성준', '박소현']","['노우성', '이규운', '이형주']",연극+한국무용,연극,0.25845821305076566,한국무용,0.2047374342193554,"{'기악': 0.1405567405351539, '성악': 0.016806979672602983, '연희': 0.10362131192946086, '한국무용': 0.2047374342193554, '현대무용': 0.012446483180428135, '혼합': 0.061631003063814714, '대중가요': 0.07819643249756579, '뮤지컬': 0.11240770722152264, '오페라': 0.009302832244008713, '연극': 0.25845821305076566, '기타': 0.0006116207951070336, '발레': 0.0006116207951070336, '재즈/월드뮤직': 0.0006116207951070336}"
Reflection,복합,복합,"노은실, Jan Pech, 백다솜",,중력장(주최),,,"['노은실', 'Jan Pech', '백다솜']",[],성악+기악,성악,0.4444444444444444,기악,0.20833333333333334,"{'기악': 0.20833333333333334, '성악': 0.4444444444444444, '연희': 0.041666666666666664, '오페라': 0.041666666666666664, '재즈/월드뮤직': 0.06944444444444443, '혼합': 0.13888888888888887, '기타': 0.027777777777777776, '현대무용': 0.027777777777777776}"
미디어아트와 함께 하는 춤 이야기: The Moon [용인],복합,다원/융복합,,,(재)용인문화재단(주최),,,[],[],None,None,0.0,None,0.0,{}
예술봄소리와 함께하는 EQ－UP (오전),복합,복합,"고영신, 이지선, 박현정, 백사론, 송다은 등",,"비오케이 아트센터 (BOK아트센터)(주최), 비오케이 아트센터 (BOK아트센터)(주관)",,,"['고영신', '이지선', '박현정', '백사론', '송다은']",[],기악+연극,기악,0.5402836134453782,연극,0.13593471479500893,"{'기악': 0.5402836134453782, '넌버벌 퍼포먼스': 0.0349264705882353, '대중가요': 0.04446778711484594, '성악': 0.05310828877005348, '연극': 0.13593471479500893, '한국무용': 0.014705882352941178, '현대무용': 0.0036764705882352945, '혼합': 0.019257703081232497, '뮤지컬': 0.06845238095238097, '악극': 0.03125000000000001, '기타': 0.002272727272727273, '오페라': 0.04571158008658009, '재즈/월드뮤직': 0.005952380952380953}"
신현대 콘서트: 파키스탄 카라코람 히말라야 히스파빙하 원정대 후원콘서트,복합,복합,"진수영, 김설령, 허영택",,산악음악연구소(주최),,,"['진수영', '김설령', '허영택']",[],재즈/월드뮤직+대중가요,재즈/월드뮤직,0.34722222222222215,대중가요,0.23484848484848486,"{'기악': 0.041666666666666664, '대중가요': 0.23484848484848486, '재즈/월드뮤직': 0.34722222222222215, '한국무용': 0.19444444444444445, '뮤지컬': 0.1818181818181818}"
마티네 콘서트 [용인],복합,복합,"김동규, 이상우, 변진섭, 최근순, 박해미, 최정원, 윤승업, 한아름 등",,"(재)용인문화재단(주최), (재)용인문화재단(주관)",,,"['김동규', '이상우', '변진섭', '최근순', '박해미', '최정원', '윤승업', '한아름']",[],뮤지컬+연극,뮤지컬,0.17548853389932847,연극,0.17504036117416927,"{'기악': 0.17316572073151018, '기타': 0.011355773855773856, '뮤지컬': 0.17548853389932847, '발레': 0.0007326007326007327, '성악': 0.1559508679631184, '스트리트/스포츠댄스': 0.0007326007326007327, '연극': 0.17504036117416927, '오페라': 0.07405779405779406, '현대무용': 0.07979159729159728, '연희': 0.0029605263157894738, '한국무용': 0.007417898193760263, '대중가요': 0.12435748462064251, '혼합': 0.012873646149508219, '악극': 0.002898550724637681, '재즈/월드뮤직': 0.0008771929824561403, '창극': 0.0022988505747126436}"
DUO RECITAL,복합,복합,"김은희, 류정연, 정호정, 홍지혜, 유윤주, 조사방, 박경훈 등",,현대문화기획(주최),,,"['김은희', '류정연', '정호정', '홍지혜', '유윤주', '조사방', '박경훈']",[],기악+성악,기악,0.4175992063492063,성악,0.2253596403596404,"{'기악': 0.4175992063492063, '뮤지컬': 0.0022222222222222222, '성악': 0.2253596403596404, '연극': 0.15067432567432568, '오페라': 0.10548687423687425, '한국무용': 0.04141414141414141, '현대무용': 0.0011111111111111111, '혼합': 0.04972222222222222, '대중가요': 0.006410256410256411}"
"일상문화도시 페스티벌, 강북Festa",복합,복합,,,"(재)강북문화재단(주최), 강북구청(주최)",,,[],[],None,None,0.0,None,0.0,{}
"노래극,  오월",복합,복합,"이기녕, 승지나, 전승일, 박현서, 주홍, 홍성담 등",,"전남5.18민중항쟁 43주년 기념행사위원회(주최), (재)홍리김오월평화문화재단(주관)",,,"['이기녕', '승지나', '전승일', '박현서', '주홍', '홍성담']",[],연극+재즈/월드뮤직,연극,0.2857142857142857,재즈/월드뮤직,0.25,"{'재즈/월드뮤직': 0.25, '기악': 0.25, '기타': 0.03571428571428571, '대중가요': 0.14285714285714285, '연극': 0.2857142857142857, '현대무용': 0.03571428571428571}"
김봉곤 훈장과 함께하는 NEW 조선통신사,복합,복합,"김봉곤, 김다현, 임상규 등",,"한국문화예술회관연합회(KoCACA)(주최), 무안군청(주관), 안산시립국악단(주관)",,,"['김봉곤', '김다현', '임상규']",[],연극+혼합,연극,0.23214285714285715,혼합,0.22142857142857145,"{'대중가요': 0.12857142857142856, '연희': 0.14285714285714285, '혼합': 0.22142857142857145, '한국무용': 0.1, '기악': 0.14285714285714285, '뮤지컬': 0.025, '성악': 0.007142857142857143, '연극': 0.23214285714285715}"
옹칼의 비밀 [강릉],복합,복합,"김동훈, 김태기, 이희경, 장혜령, 권다림, 윤국중, 조은진 등","김재현, 서승현, 정은혜 등","(사)아트컴퍼니 해랑(제작사), 문화체육관광부(주최), 문화체육관광부(주관), 강원특별자치도청(주최), 강원특별자치도청(주관), 강릉시청(주최), 강릉시청(주관), 강릉아트센터(주최), 강릉아트센터(주관), (재)강릉문화재단(주최), (재)강릉문화재단(주관)",,,"['김동훈', '김태기', '이희경', '장혜령', '권다림', '윤국중', '조은진']","['김재현', '서승현', '정은혜']",뮤지컬+연극,뮤지컬,0.33110374736894405,연극,0.27778140080866054,"{'기악': 0.08458058214533333, '대중가요': 0.013157894736842105, '뮤지컬': 0.33110374736894405, '성악': 0.018699562915375043, '연극': 0.27778140080866054, '현대무용': 0.06627363864205969, '혼합': 0.05322244080267187, '한국무용': 0.09643426748689907, '재즈/월드뮤직': 0.008495838526798279, '인형극': 0.02412280701754386, '넌버벌 퍼포먼스': 0.010526315789473684, '발레': 0.006704260651629072, '연희': 0.004511278195488722, '창극': 0.0043859649122807015}"
"꿈 같은 마술이야기, 몽환록 [세종]",복합,복합,,,이모션콘텐츠(주최),,,[],[],None,None,0.0,None,0.0,{}
저녁을 닮은 음악 (5월),복합,복합,"이주희, 남영주, 정지현, 김지영",,"울산광역시 북구(주최), 울산북구문화예술회관(주관)",,,"['이주희', '남영주', '정지현', '김지영']",[],연극+기악,연극,0.31919447569053866,기악,0.26595313978609814,"{'기악': 0.26595313978609814, '기타': 0.028176165479315084, '뮤지컬': 0.06759311336082989, '성악': 0.1035151856017998, '악극': 0.002249718785151856, '연극': 0.31919447569053866, '연희': 0.005688351456067991, '오페라': 0.06303274590676165, '인형극': 0.009990938632670917, '재즈/월드뮤직': 0.012321004517292481, '한국무용': 0.03082270966129234, '현대무용': 0.05528416090845787, '혼합': 0.00423384576927884, '발레': 0.023809523809523808, '창극': 0.000992063492063492, '대중가요': 0.0035714285714285718, '마임': 0.0035714285714285718}"
"키즈콘서트2, 클래식 in 발레 [화성]",복합,복합,"김재원, 최재원, 최정현, 문명환, 장우리, 이현옥, 김란도 등",,"화성시청(주최), (재)화성시문화재단(주관)",,,"['김재원', '최재원', '최정현', '문명환', '장우리', '이현옥', '김란도']",[],기악+연극,기악,0.7059675768446974,연극,0.23034407759060085,"{'기악': 0.7059675768446974, '기타': 0.000998003992015968, '대중가요': 0.0006653359946773121, '뮤지컬': 0.01236124242742585, '성악': 0.018080696843860173, '스트리트/스포츠댄스': 0.014594055821944871, '연극': 0.23034407759060085, '오페라': 0.00033266799733865603, '재즈/월드뮤직': 0.0006653359946773121, '한국무용': 0.011826920870901874, '현대무용': 0.00033266799733865603, '연희': 0.0038314176245210726}"
그림자극과 함께하는 동물의 사육제,복합,복합,"이상명, 이리안, 한아름, 조형준, 함혜정, 손혜민, 김진탁 등",,"카리스 프로덕션(주최), 카리스 프로덕션(주관), 콘체르트 앙상블 <노래위에 날개위에>(주최), 콘체르트 앙상블 <노래위에 날개위에>(주관)",,,"['이상명', '이리안', '한아름', '조형준', '함혜정', '손혜민', '김진탁']",[],연극+기악,연극,0.5767278698313181,기악,0.3190177638453501,"{'기악': 0.3190177638453501, '연극': 0.5767278698313181, '대중가요': 0.0012987012987012987, '뮤지컬': 0.03578145991939096, '성악': 0.04630541871921183, '한국무용': 0.004433497536945812, '현대무용': 0.00600089565606807, '혼합': 0.005732198835647111, '창극': 0.003134796238244514, '기타': 0.001567398119122257}"
꿈꾸는 어린이 예술극장 [공주],복합,복합,,,"문화체육관광부(주최), 한국문화예술회관연합회(KoCACA)(주관), 공주문화관광재단(공주문예회관)(주관), (재)공주문화재단(주관)",,,[],[],None,None,0.0,None,0.0,{}
광주상설공연(6월),복합,복합,,,"광주예술의전당 (구. 광주문화예술회관)(주최), 광주예술의전당 (구. 광주문화예술회관)(주관)",,,[],[],None,None,0.0,None,0.0,{}
단오지향,복합,복합,"박인선, 김영찬, 김성의, 송재윤, 이상화, 이재현, 김우진 등","최지연, 오경택, 경민선 등","문화체육관광부(주최), 강원특별자치도청(주최), 강릉시청(주최), 강릉아트센터(주최), 문화체육관광부(주관), 강원특별자치도청(주관), 강릉시청(주관), 강릉아트센터(주관), (재)강릉문화재단(주최), (재)강릉문화재단(주관), (주)인사이트모션 서울돈화문국악당(제작사)",,,"['박인선', '김영찬', '김성의', '송재윤', '이상화', '이재현', '김우진']","['최지연', '오경택', '경민선']",연극+현대무용,연극,0.24087499820243324,현대무용,0.18531687475868863,"{'뮤지컬': 0.0728303133210955, '성악': 0.01396082949607739, '연극': 0.24087499820243324, '연희': 0.06534803463869207, '창극': 0.009768782064797244, '한국무용': 0.12590251561978025, '현대무용': 0.18531687475868863, '혼합': 0.03620831542656572, '기악': 0.18036254996080364, '악극': 0.006017752369489995, '오페라': 0.01695687208772729, '마당극': 0.009487666034155597, '대중가요': 0.006731248874681591, '재즈/월드뮤직': 0.0028011204481792717, '발레': 0.00904977375565611, '인형극': 0.01838235294117647}"
낭만 정원 콘서트: 낭만가객 조선판 풍류 [순천],복합,복합,"최백호, 동화락, 남상일, 박구윤, 김명진, 임재현, 김산옥 등",,"문화체육관광부(주최), 한국문화예술회관연합회(KoCACA)(주관), 순천시문화예술회관(주관), 순천시문화예술회관(기획사)",,,"['최백호', '동화락', '남상일', '박구윤', '김명진', '임재현', '김산옥']",[],대중가요+기악,대중가요,0.2254333751044277,기악,0.1852249671798544,"{'기악': 0.1852249671798544, '기타': 0.04650017901897601, '대중가요': 0.2254333751044277, '성악': 0.07162996777658431, '재즈/월드뮤직': 0.021258503401360544, '연희': 0.017857142857142856, '창극': 0.026289682539682536, '한국무용': 0.12698412698412698, '혼합': 0.1419172932330827, '뮤지컬': 0.011904761904761904, '오페라': 0.125}"
"제21회 정기공연 마상무예, 선기대 화성을 달리다",복합,복합,,권호성,"수원시립공연단(주관), 수원시청(주최)",,,[],['권호성'],뮤지컬+연극,뮤지컬,0.8,연극,0.175,"{'뮤지컬': 0.8, '연극': 0.175, '연희': 0.025}"
Harmony of Light [인천],복합,다원/융복합,,,"인천학생교육문화회관(주최), 한국문화예술회관연합회(KoCACA)(주최)",,,[],[],None,None,0.0,None,0.0,{}
만해 한용운 선생 79주기 추모예술제,복합,복합,"이건영, 김승회, 최은실, 송형은, 김예다, 김주리, 임덕수 등",이주영 등,(주)이노스토리(기획사),,,"['이건영', '김승회', '최은실', '송형은', '김예다', '김주리', '임덕수']",['이주영'],연극+뮤지컬,연극,0.3484332997311828,뮤지컬,0.23523163377192982,"{'연극': 0.3484332997311828, '뮤지컬': 0.23523163377192982, '기악': 0.15496339134125636, '성악': 0.08968458191850594, '대중가요': 0.02818933043293718, '창극': 0.004032258064516129, '혼합': 0.06048387096774194, '기타': 0.015111019736842105, '발레': 0.005242598684210526, '재즈/월드뮤직': 0.003289473684210526, '오페라': 0.001953125, '한국무용': 0.04148065476190476, '현대무용': 0.011904761904761904}"
아웃풋 부산 6주년 [서울],복합,복합,,,"(주)비엔엘컬쳐스(주최), (주)비엔엘컬쳐스(기획사)",,,[],[],None,None,0.0,None,0.0,{}
어느 삐에로의 사랑 이야기,복합,복합,"김라희, 윤현정, 황재원, 김민지, 김성진, 박은미, 김새은 등","장유상, 김수진, 이형진 등","(주)터틀 컴퍼니(주최), (주)터틀 컴퍼니(주관)",,,"['김라희', '윤현정', '황재원', '김민지', '김성진', '박은미', '김새은']","['장유상', '김수진', '이형진']",연극+뮤지컬,연극,0.36774752997189714,뮤지컬,0.1963807159549196,"{'기악': 0.14489314297247097, '기타': 0.003067129629629629, '성악': 0.09410315572565614, '연극': 0.36774752997189714, '오페라': 0.0510698240242931, '뮤지컬': 0.1963807159549196, '현대무용': 0.03409911483810854, '발레': 0.07223520083063092, '넌버벌 퍼포먼스': 0.00015432098765432096, '대중가요': 0.009584331636218427, '스트리트/스포츠댄스': 0.0003086419753086419, '악극': 0.00015432098765432096, '연희': 0.0062169312169312145, '재즈/월드뮤직': 0.0007439436291637547, '한국무용': 0.005389587700908455, '혼합': 0.010947670462230335, '마당극': 0.0023148148148148143, '인형극': 0.0005896226415094338}"
"브런치 콘서트, 김효영의 아름답고 신비한 생황의 초대 (6월)",복합,복합,"김효영, 박윤우, 강찬욱, 조영훈, 박병재",,"안동문화예술의전당 (평생학습원)(주최), 안동문화예술의전당 (평생학습원)(주관)",,,"['김효영', '박윤우', '강찬욱', '조영훈', '박병재']",[],기악+재즈/월드뮤직,기악,0.5950063607587119,재즈/월드뮤직,0.12244038615511972,"{'기악': 0.5950063607587119, '대중가요': 0.013808161535434264, '뮤지컬': 0.015264255076167303, '성악': 0.034650955105500564, '연극': 0.07993521629885267, '오페라': 0.0057997557997558, '재즈/월드뮤직': 0.12244038615511972, '현대무용': 0.0018315018315018317, '혼합': 0.11709575690766914, '서커스/마술': 0.014167650531286897}"
"The e-끌림 국악 콘서트, 유네스코 창작품 우리네 보물찾기",복합,복합,"김다솜, 안하윤, 고현아, 안유진, 이수민, 정애린, 김준호 등",,"한국문화예술회관연합회(KoCACA)(주최), 해운대문화회관(주최)",,,"['김다솜', '안하윤', '고현아', '안유진', '이수민', '정애린', '김준호']",[],연희+연극,연희,0.2040029428193565,연극,0.18480731002078254,"{'기악': 0.1722977607465274, '성악': 0.08367074102368223, '연극': 0.18480731002078254, '연희': 0.2040029428193565, '혼합': 0.10634405521739489, '한국무용': 0.018987191650853892, '오페라': 0.07795406285681429, '대중가요': 0.007835230866540166, '뮤지컬': 0.040868121442125246, '현대무용': 0.09237824161922834, '인형극': 0.004901960784313726, '서커스/마술': 0.005952380952380953}"
타악 & DJ퍼포먼스 BEAT OF SCHOOL,복합,복합,"이순만, 박종대, 이순하, 채우리, 정의철, 김동원","박종대, 채우리, 이여송 등","전라북도문화관광재단(주최), 고창군(고창군청)(주관), 전주덕진예술회관(주관)",,,"['이순만', '박종대', '이순하', '채우리', '정의철', '김동원']","['박종대', '채우리', '이여송']",기악+연극,기악,0.29137529137529133,연극,0.1991841491841492,"{'기악': 0.29137529137529133, '넌버벌 퍼포먼스': 0.1438228438228438, '성악': 0.1062937062937063, '연희': 0.16515151515151513, '연극': 0.1991841491841492, '오페라': 0.07144522144522145, '현대무용': 0.022727272727272728}"
"굿모닝콘서트, 비원 of No boundary",복합,복합,"박태영, 김동현, 길혜진, 조영식, 최승한, 유시은",,"을숙도문화회관(주최), 을숙도문화회관(주관)",,,"['박태영', '김동현', '길혜진', '조영식', '최승한', '유시은']",[],기악+성악,기악,0.2216596857075127,성악,0.20852086494830543,"{'기악': 0.2216596857075127, '뮤지컬': 0.021899726174677038, '발레': 0.09976903571301912, '성악': 0.20852086494830543, '오페라': 0.08704161790261375, '혼합': 0.01013405681455474, '기타': 0.001037344398340249, '넌버벌 퍼포먼스': 0.0031120331950207467, '대중가요': 0.05152143845089903, '서커스/마술': 0.001037344398340249, '스트리트/스포츠댄스': 0.001037344398340249, '악극': 0.001037344398340249, '연극': 0.18796407512557328, '연희': 0.03228734439834025, '재즈/월드뮤직': 0.050484094052558784, '한국무용': 0.007097619567591177, '현대무용': 0.007780082987551867, '인형극': 0.006578947368421052}"
"토크콘서트, Save the planet",복합,복합,,,"울산광역시학생교육문화회관(주최), 울산광역시학생교육문화회관(기획사)",,,[],[],None,None,0.0,None,0.0,{}
"JUKEBOX OPERA, 내가 너라면? BODY CHANGE [광주]",복합,복합,"김성근, 박혜경, 김태연, 한여름, 김치영, 임지연","이경은, 임지연, 박혜경 등",비바무지카(주관),,,"['김성근', '박혜경', '김태연', '한여름', '김치영', '임지연']","['이경은', '임지연', '박혜경']",오페라+기악,오페라,0.43920218886387863,기악,0.1632818468469622,"{'기악': 0.1632818468469622, '성악': 0.03950122853111468, '연극': 0.06666480477089186, '연희': 0.004524886877828055, '오페라': 0.43920218886387863, '뮤지컬': 0.1315359477124183, '기타': 0.008642930856553146, '대중가요': 0.01722136222910217, '인형극': 0.03396972824217406, '한국무용': 0.011706656346749226, '넌버벌 퍼포먼스': 0.0012254901960784314, '발레': 0.06004901960784313, '스트리트/스포츠댄스': 0.0012254901960784314, '혼합': 0.0024509803921568627, '재즈/월드뮤직': 0.003676470588235294, '현대무용': 0.015120967741935484}"
환대 (歡待),복합,다원/융복합,"김수정, 고성현, 박혜진, 이정원, 김기웅, 김수선 등",,"글로벌오페라단(주최), 글로벌오페라단(주최), 리음아트&컴퍼니(주관)",,,"['김수정', '고성현', '박혜진', '이정원', '김기웅', '김수선']",[],기악+성악,기악,0.3756144661343914,성악,0.22651865569051122,"{'기악': 0.3756144661343914, '기타': 0.004327207315999346, '대중가요': 0.007409084619545392, '뮤지컬': 0.0475337007326422, '성악': 0.22651865569051122, '연극': 0.17274885934599507, '오페라': 0.1124307363799892, '현대무용': 0.024216187852551488, '혼합': 0.0009182736455463729, '창극': 0.007215007215007215, '한국무용': 0.02106782106782107}"
begin again 타쇼 time [안산],복합,복합,"김보경, 이유진, 방미영, 최경미, 김혜선, 김진옥, 황나윤 등",,,,,"['김보경', '이유진', '방미영', '최경미', '김혜선', '김진옥', '황나윤']",[],연극+기악,연극,0.38979711047059723,기악,0.16741179966350467,"{'기악': 0.16741179966350467, '대중가요': 0.027161142234671642, '뮤지컬': 0.09705022508198125, '발레': 0.0030864197530864196, '성악': 0.040743306179154434, '스트리트/스포츠댄스': 0.009700176366843033, '악극': 0.0025936300446104364, '연극': 0.38979711047059723, '오페라': 0.003922865442473286, '인형극': 0.021222377840024897, '재즈/월드뮤직': 0.0007716049382716049, '한국무용': 0.1522147909083118, '현대무용': 0.010225386450876646, '혼합': 0.00911012553169416, '서커스/마술': 0.0010504201680672268, '연희': 0.04219948849104859, '마당극': 0.021739130434782608}"
제2회 SECOME,복합,복합,,,"청소년 창의융합 기획단(주최), 청소년 창의융합 기획단(주관)",,,[],[],None,None,0.0,None,0.0,{}
요리조리 벌룬쉐프의 동화이야기,복합,다원/융복합,김종환,김윤성,,,,['김종환'],['김윤성'],대중가요+기악,대중가요,0.5178571428571429,기악,0.16071428571428573,"{'기악': 0.16071428571428573, '기타': 0.12500000000000003, '대중가요': 0.5178571428571429, '연희': 0.12500000000000003, '뮤지컬': 0.03571428571428572, '재즈/월드뮤직': 0.03571428571428572}"
"11기 안산디자인문화고등학교 공연콘텐츠과 졸업발표회, a11 for ONE",복합,복합,,,안산디자인문화고등학교(주최),,,[],[],None,None,0.0,None,0.0,{}
"체어, 테이블, 체어 [인천]",복합,다원/융복합,그레고 다나 등,,"인천광역시 동구(동구문화체육센터)(주최), 아시테지 in 인천(주최), 남동문화재단(주최), 미추홀 학산문화원(학산소극장)(주최), (재)인천광역시 부평구문화재단(부평아트센터)(주최), 인천광역시 동구(동구문화체육센터)(주관), 아시테지 in 인천(주관), 남동문화재단(주관), 미추홀 학산문화원(학산소극장)(주관), (재)인천광역시 부평구문화재단(부평아트센터)(주관)",,,['그레고 다나'],[],None,None,0.0,None,0.0,{}
제12회 실용음악 & 댄스 콘서트,복합,복합,,,경북예술고등학교(주최),,,[],[],None,None,0.0,None,0.0,{}
"제25회 파주예술제, 예향 속으로",복합,복합,"최지은, 성미나, 황경미, 김인애, 이유림, 조은비, 이창희 등",,"파주시청(주최), 대한무용협회(주관)",,,"['최지은', '성미나', '황경미', '김인애', '이유림', '조은비', '이창희']",[],연극+기악,연극,0.281027747978624,기악,0.23040258656654153,"{'기악': 0.23040258656654153, '기타': 0.0017730496453900709, '성악': 0.0401814271808014, '연극': 0.281027747978624, '재즈/월드뮤직': 0.006675010429703796, '한국무용': 0.11682708544410669, '현대무용': 0.11207784532252618, '뮤지컬': 0.059763071895424826, '대중가요': 0.0023809523809523807, '발레': 0.03248132586367881, '오페라': 0.07976190476190476, '악극': 0.003968253968253968, '혼합': 0.032679738562091505}"
"호국보훈의달 기념콘서트, 아! 대한민국",복합,복합,,,"대덕문화전당(주최), 대덕문화전당(주관)",,,[],[],None,None,0.0,None,0.0,{}
페페의 꿈 [부산],복합,복합,,,"(재)예술경영지원센터(주최), 금정문화회관(주관), 음악극창작집단톰방(주관)",,,[],[],None,None,0.0,None,0.0,{}
진조크루 X 악단광칠: 리듬 오브 코리아 [대구],복합,복합,"방초롱, 이유진, 김유진, 김현수, 이향희, 전현준, 선우진영 등",,"(재)행복북구문화재단(어울아트센터)(주최), (재)행복북구문화재단(어울아트센터)(주관), 진조크루(주관), 악단광칠(주관)",,,"['방초롱', '이유진', '김유진', '김현수', '이향희', '전현준', '선우진영']",[],연극+기악,연극,0.2951320383225754,기악,0.2506836019431927,"{'기악': 0.2506836019431927, '대중가요': 0.08411521130191206, '연희': 0.06809949221234386, '혼합': 0.0779461325593039, '뮤지컬': 0.05193376263548896, '서커스/마술': 0.004954938497137985, '성악': 0.09543278664122654, '악극': 0.0007002801120448178, '연극': 0.2951320383225754, '오페라': 0.025623097064912916, '인형극': 0.0007002801120448178, '한국무용': 0.008382327568708641, '현대무용': 0.024149743230625582, '발레': 0.007222222222222221, '재즈/월드뮤직': 0.004406487232574189, '기타': 0.0005175983436853001}"
허튼소리 Corea Beats [오산],복합,복합,"이호원, 안태림, 이준삼, 오영빈, 오혜영",김주홍,"한국문화예술회관연합회(KoCACA)(주최), (재)오산문화재단(주관), (사)노름마치예술단(주관)",,,"['이호원', '안태림', '이준삼', '오영빈', '오혜영']",['김주홍'],한국무용+기악,한국무용,0.1463443963443963,기악,0.14436026936026933,"{'기악': 0.14436026936026933, '뮤지컬': 0.1313131313131313, '연극': 0.1308321308321308, '연희': 0.11327561327561325, '재즈/월드뮤직': 0.05375180375180374, '한국무용': 0.1463443963443963, '혼합': 0.12337662337662336, '대중가요': 0.03174603174603174, '성악': 0.1157407407407407, '현대무용': 0.009259259259259257}"
COLORFULL RUN [세종],복합,복합,,,"본아트컴퍼니(주최), 본아트컴퍼니(주관)",,,[],[],None,None,0.0,None,0.0,{}
"한빛예술단, 음악에 피어나는 시의 향기 [서울]",복합,다원/융복합,"김종훈, 오정해, 서해웅",,"한빛예술단(주최), 한빛예술단(주관)",,,"['김종훈', '오정해', '서해웅']",[],기악+연극,기악,0.3758241758241758,연극,0.2025641025641026,"{'기악': 0.3758241758241758, '뮤지컬': 0.022344322344322345, '성악': 0.126007326007326, '연극': 0.2025641025641026, '재즈/월드뮤직': 0.025641025641025644, '기타': 0.019047619047619046, '대중가요': 0.009523809523809523, '악극': 0.009523809523809523, '연희': 0.06666666666666667, '한국무용': 0.009523809523809523, '혼합': 0.13333333333333333}"
"콘서트 가이드 김성민과 떠나는 아르헨티나 탱고여행, 피아졸라",복합,복합,"김성민, 김종완, 이안나, 강소연, 이영훈, 박재훈 등",,"영도문화예술회관(주최), 영도문화예술회관(주관), 예술기획 젬마(주관)",,,"['김성민', '김종완', '이안나', '강소연', '이영훈', '박재훈']",[],기악+뮤지컬,기악,0.292072468039024,뮤지컬,0.16416255774059377,"{'기악': 0.292072468039024, '대중가요': 0.04199468766001023, '뮤지컬': 0.16416255774059377, '발레': 0.13152396833611252, '성악': 0.06808542698604367, '악극': 0.0007331378299120234, '연극': 0.13890326414045576, '오페라': 0.013366288597550456, '재즈/월드뮤직': 0.08735904552436809, '현대무용': 0.03386354908532327, '혼합': 0.01751893939393939, '한국무용': 0.007575757575757574, '연희': 0.0028409090909090906}"
"인 하우스 아티스트 시리즈 II, 윤소영",복합,다원/융복합,"윤소영, 차진엽",,"롯데문화재단(주최), 롯데문화재단(주관)",,,"['윤소영', '차진엽']",[],현대무용+기악,현대무용,0.5406162464985994,기악,0.3448110951697752,"{'기악': 0.3448110951697752, '성악': 0.0040650406504065045, '연극': 0.0040650406504065045, '발레': 0.0392156862745098, '한국무용': 0.06722689075630252, '현대무용': 0.5406162464985994}"
5히려 좋아,복합,복합,"신도현, 강희경, 최영진, 오 현, 이재득, 양준혁",,(재)구로문화재단(주최),,,"['신도현', '강희경', '최영진', '오 현', '이재득', '양준혁']",[],혼합+기악,혼합,0.463718820861678,기악,0.2346938775510204,"{'기악': 0.2346938775510204, '혼합': 0.463718820861678, '연극': 0.17857142857142858, '기타': 0.003968253968253968, '대중가요': 0.03968253968253969, '성악': 0.007936507936507936, '발레': 0.07142857142857142}"
열린음악회: 국악신동김태연＆클라무오케스트라＆퓨전국악이희정밴드 [오산],복합,복합,"김태연, 유수영 등",,"한국문화예술회관연합회(KoCACA)(주최), (재)오산문화재단(주관), (재)오산문화재단(주최), (재)오산문화재단(기획사)",,,"['김태연', '유수영']",[],기악+발레,기악,0.5052083333333334,발레,0.25520833333333337,"{'기악': 0.5052083333333334, '기타': 0.010416666666666668, '넌버벌 퍼포먼스': 0.005208333333333334, '대중가요': 0.04687500000000001, '발레': 0.25520833333333337, '성악': 0.015625000000000003, '스트리트/스포츠댄스': 0.005208333333333334, '연극': 0.05208333333333334, '오페라': 0.09375000000000001, '혼합': 0.010416666666666668}"
IT SHOW 예술로 그려지는 대한민국 [수원],복합,다원/융복합,"양원경, 박학범, 김태훈, 오세현, 이주민, 김재원, 정명인 등","박승구, 이원웅, 최용수 등","(재)수원문화재단(주최), 한국문화예술회관연합회(KoCACA)(주최), 수원SK아트리움(주관)",,,"['양원경', '박학범', '김태훈', '오세현', '이주민', '김재원', '정명인']","['박승구', '이원웅', '최용수']",연극+기악,연극,0.2844591733110935,기악,0.20434102793339207,"{'스트리트/스포츠댄스': 0.10029940119760478, '기악': 0.20434102793339207, '대중가요': 0.0026396187217401926, '마당극': 0.008163265306122446, '뮤지컬': 0.17288315473263574, '성악': 0.10857265061713306, '연극': 0.2844591733110935, '오페라': 0.10846266650372723, '한국무용': 0.004301001837860892, '혼합': 0.004081632653061223, '기타': 0.000898203592814371, '재즈/월드뮤직': 0.0005988023952095807, '현대무용': 0.00029940119760479036}"
젊은날의 초상,복합,복합,"권대일, 김찬규, 진주백, 천병열, 권동우",,아산시청(주최),,,"['권대일', '김찬규', '진주백', '천병열', '권동우']",[],성악+기악,성악,0.42949735449735443,기악,0.2152116402116402,"{'기악': 0.2152116402116402, '성악': 0.42949735449735443, '악극': 0.06666666666666667, '연극': 0.14973544973544975, '뮤지컬': 0.1388888888888889}"
영남국악관현악단의 The Big Concert,복합,복합,"김현호, 장사익, 김단희, 민정민 등",,"부산광역시 해운대구(주최), 해운대문화회관(주최)",,,"['김현호', '장사익', '김단희', '민정민']",[],혼합+기악,혼합,0.4556692657569852,기악,0.18179012345679013,"{'기악': 0.18179012345679013, '기타': 0.02063027940220923, '대중가요': 0.00617283950617284, '뮤지컬': 0.014197530864197533, '성악': 0.17977582846003898, '연극': 0.08703703703703705, '오페라': 0.00925925925925926, '재즈/월드뮤직': 0.00925925925925926, '현대무용': 0.01851851851851852, '혼합': 0.4556692657569852, '연희': 0.006578947368421053, '창극': 0.011111111111111113}"
"일상으로 녹아내린 V, Real K-pop",복합,복합,,,"사운드팩토리판(주최), 사운드팩토리판(기획사)",,,[],[],None,None,0.0,None,0.0,{}
테너 조용갑과 함께하는 5人 5色 Concert 오페라 & 크로스오버,복합,복합,"이미영, 김준영, 김은경, 이인필, 최지여, 엄재은, 한지훈",,"(주)티오피미디어(주최), 음악교육신문사(주최), (사)YK문화예술 (와이케이문화예술)(주최)",,,"['이미영', '김준영', '김은경', '이인필', '최지여', '엄재은', '한지훈']",[],연극+성악,연극,0.3645234867246252,성악,0.21050188792124275,"{'기악': 0.1076209641674537, '대중가요': 0.0030030030030030025, '뮤지컬': 0.058197509810413016, '성악': 0.21050188792124275, '연극': 0.3645234867246252, '오페라': 0.033528033528033525, '재즈/월드뮤직': 0.030030030030030026, '한국무용': 0.0642909481619159, '현대무용': 0.0514999934354773, '기타': 0.002415744351228222, '마임': 0.019045611075971604, '연희': 0.008951692063646521, '창극': 0.002415744351228222, '혼합': 0.028461453508891833, '발레': 0.013071895424836598, '악극': 0.0024420024420024416}"
"The e-끌림 국악 콘서트, 토끼의 간을 찾아라",복합,복합,"이지현, 정수유, 이희진, 이주현, 이수현, 강민희, 전영주 등",,"한국문화예술회관연합회(KoCACA)(주최), 해운대문화회관(주최)",,,"['이지현', '정수유', '이희진', '이주현', '이수현', '강민희', '전영주']",[],연극+기악,연극,0.32059905111300757,기악,0.2740024495247012,"{'기악': 0.2740024495247012, '뮤지컬': 0.12318336854368728, '발레': 0.0087448185901029, '성악': 0.11461499520970943, '연극': 0.32059905111300757, '오페라': 0.0011037527593818982, '창극': 0.0005518763796909491, '한국무용': 0.022687491950242764, '현대무용': 0.058803276482294047, '혼합': 0.045632031161338266, '대중가요': 0.026939167797376748, '악극': 0.0018939393939393938, '연희': 0.001243781094527363}"
폴리팝 [안산],복합,다원/융복합,,"이길준, 염용균, 이승은 등","한국문화예술회관연합회(KoCACA)(주최), (재)안산문화재단(안산문화예술의전당)(주관), (재)의정부문화재단 (의정부예술의전당)(주관), (유)브러쉬씨어터(주관)",,,[],"['이길준', '염용균', '이승은']",악극+넌버벌 퍼포먼스,악극,0.2785905567300916,넌버벌 퍼포먼스,0.24244773314540752,"{'넌버벌 퍼포먼스': 0.24244773314540752, '뮤지컬': 0.22264505520319472, '악극': 0.2785905567300916, '연극': 0.08608409678177119, '기악': 0.11038759689922481, '대중가요': 0.004651162790697674, '성악': 0.018604651162790697, '오페라': 0.018604651162790697, '한국무용': 0.004651162790697674, '혼합': 0.013333333333333332}"
"브라소닛 빅밴드와 앰비규어스댄스컴퍼니, Body ＆ Voice [부천]",복합,복합,,,"한국문화예술회관연합회(KoCACA)(주최), (재)부천문화재단(주관), 브라소닛(주관)",,,[],[],None,None,0.0,None,0.0,{}
"꿈나무극장 오감똑똑 어린이공연, 싸운드 써커스",복합,복합,,,(재)구로문화재단(주최),,,[],[],None,None,0.0,None,0.0,{}
코미디 애니멀 쇼 [부천],복합,복합,,,,,,[],[],None,None,0.0,None,0.0,{}
"시대 융화 콘서트, 이:음 [경기 광주]",복합,복합,"이희운, 신혜, 이선영, 안소예, 이영희, 김완수, 유상록 등",,"(재)광주시문화재단 [경기광주](주최), (사)한국경기소리보존회(주관)",,,"['이희운', '신혜', '이선영', '안소예', '이영희', '김완수', '유상록']",[],기악+연극,기악,0.21210801393728224,연극,0.2069541231126597,"{'기악': 0.21210801393728224, '뮤지컬': 0.05407955865272939, '성악': 0.17762775842044135, '연극': 0.2069541231126597, '현대무용': 0.015389082462253194, '혼합': 0.14634146341463414, '재즈/월드뮤직': 0.03571428571428571, '인형극': 0.008928571428571428, '대중가요': 0.14285714285714285}"
광주상설공연 (7월),복합,복합,,,"광주예술의전당 (구. 광주문화예술회관)(주최), 광주예술의전당 (구. 광주문화예술회관)(주관)",,,[],[],None,None,0.0,None,0.0,{}
JAZZ & 국악 With 웅산 [인천],복합,복합,"임교민, 남창동, 남해웅, 김은영, 임상규, 천성대",,"남동문화재단(주관), 한국문화예술회관연합회(KoCACA)(주최)",,,"['임교민', '남창동', '남해웅', '김은영', '임상규', '천성대']",[],기악+성악,기악,0.40905219780219776,성악,0.1719093406593407,"{'기악': 0.40905219780219776, '연희': 0.08575091575091577, '혼합': 0.08875457875457876, '뮤지컬': 0.10833333333333335, '한국무용': 0.030654761904761903, '성악': 0.1719093406593407, '대중가요': 0.005952380952380953, '악극': 0.0014880952380952382, '연극': 0.05887820512820514, '오페라': 0.010416666666666668, '재즈/월드뮤직': 0.02416666666666667, '현대무용': 0.0029761904761904765, '기타': 0.001666666666666667}"
이천시민을 위한 희망음악회,복합,복합,"김병찬, 한경미, 신동원, 김민희, 이성빈, 이소영, 최유나 등",,"이천시공간정보산업협회(주최), 이천시공간정보산업협회(주관)",,,"['김병찬', '한경미', '신동원', '김민희', '이성빈', '이소영', '최유나']",[],연극+기악,연극,0.3628088125428551,기악,0.2855350618648491,"{'기악': 0.2855350618648491, '대중가요': 0.04857772251389273, '성악': 0.1567571612784379, '뮤지컬': 0.03283297343581031, '연극': 0.3628088125428551, '오페라': 0.0704458891515629, '인형극': 0.0032467532467532465, '재즈/월드뮤직': 0.016038039974210185, '한국무용': 0.0028553007276411533, '혼합': 0.004550827423167848, '기타': 0.0017730496453900709, '넌버벌 퍼포먼스': 0.0008865248226950354, '현대무용': 0.013691883372734436}"
"3인 3색, 동행",복합,복합,"장유리, 윤승환, 박혜선, 최광자, 정지혜, 김주영, 김지윤 등",,"국립부산국악원(주최), 국립부산국악원(주관)",,,"['장유리', '윤승환', '박혜선', '최광자', '정지혜', '김주영', '김지윤']",[],연극+기악,연극,0.3558108930032921,기악,0.24975548257832497,"{'기악': 0.24975548257832497, '대중가요': 0.014537037037037043, '연극': 0.3558108930032921, '오페라': 0.02483164983164984, '뮤지컬': 0.12315745616622528, '성악': 0.10920634530465813, '연희': 0.00502657168701945, '혼합': 0.029275278042312447, '기타': 0.0037037037037037047, '넌버벌 퍼포먼스': 0.006543370105991783, '악극': 0.030094094743672948, '창극': 0.0043478260869565235, '현대무용': 0.0054418126757516784, '발레': 0.0027425373134328367, '스트리트/스포츠댄스': 0.0012500000000000005, '한국무용': 0.032037135749822324, '재즈/월드뮤직': 0.0022388059701492543}"
The Magic 팬텀 & 퀸 [논산],복합,복합,"김봉미, 김주택, 유성녀, 최형배, 정필립 등",,"한국문화예술회관연합회(KoCACA)(주최), 논산문화관광재단(주관)",,,"['김봉미', '김주택', '유성녀', '최형배', '정필립']",[],성악+서커스/마술,성악,0.3765573798182494,서커스/마술,0.2439516129032258,"{'기악': 0.1389512661251792, '기타': 0.06992563498524228, '뮤지컬': 0.022145999162128192, '성악': 0.3765573798182494, '오페라': 0.13499266434049043, '대중가요': 0.013475442665484741, '서커스/마술': 0.2439516129032258}"
미스테리우스 [경기 광주],복합,다원/융복합,"이종민, 박종훈, 김현섭, 이진성, 권순민, 김응혁, 여인수 등",,"(재)광주시문화재단 [경기광주](주최), (재)광주시문화재단 [경기광주](기획사), 구니스컴퍼니(더구니스 크루)(주최), 구니스컴퍼니(더구니스 크루)(주관)",,,"['이종민', '박종훈', '김현섭', '이진성', '권순민', '김응혁', '여인수']",[],연극+스트리트/스포츠댄스,연극,0.2538677811550152,스트리트/스포츠댄스,0.22046099290780138,"{'기악': 0.18854609929078012, '대중가요': 0.03666666666666666, '악극': 0.006666666666666665, '연극': 0.2538677811550152, '오페라': 0.06499999999999999, '뮤지컬': 0.10833333333333332, '스트리트/스포츠댄스': 0.22046099290780138, '성악': 0.008421985815602835, '연희': 0.0021276595744680847, '재즈/월드뮤직': 0.008510638297872339, '한국무용': 0.024255319148936166, '혼합': 0.007142857142857141, '창극': 0.019999999999999997, '현대무용': 0.04999999999999999}"
세상의 모든 피리,복합,복합,"신주희, 이인, 김정현, 임진영, 임정민, 김가현, 정민정 등","배재영, 김백찬","(사)서울나눔뮤직그룹(주최), 리드예술기획(주관)",,,"['신주희', '이인', '김정현', '임진영', '임정민', '김가현', '정민정']","['배재영', '김백찬']",기악+연극,기악,0.39815109070935345,연극,0.22003688010043945,"{'기악': 0.39815109070935345, '성악': 0.07112562774639046, '연극': 0.22003688010043945, '뮤지컬': 0.034196484620213435, '연희': 0.0005787037037037037, '오페라': 0.043402777777777776, '인형극': 0.0005787037037037037, '재즈/월드뮤직': 0.0005787037037037037, '한국무용': 0.045423336472065284, '현대무용': 0.06943463590709353, '대중가요': 0.006944444444444444, '악극': 0.006944444444444444, '넌버벌 퍼포먼스': 0.0625, '기타': 0.0026041666666666665, '창극': 0.0375}"
"쿼드초이스, 서도와 은미: 만병통치樂",복합,복합,"서도, 안은미, 김혜경, 김지연, 정의영, 문용식, 조선재 등","안은미, 서도, 이해성 등","(재)서울문화재단(주최), 대학로극장 쿼드(주최)",,,"['서도', '안은미', '김혜경', '김지연', '정의영', '문용식', '조선재']","['안은미', '서도', '이해성']",현대무용+연극,현대무용,0.4509455629247296,연극,0.15490655178155177,"{'기악': 0.09327977192560526, '대중가요': 0.0625, '혼합': 0.031635802469135804, '한국무용': 0.013697490780824113, '현대무용': 0.4509455629247296, '성악': 0.05130139921806588, '넌버벌 퍼포먼스': 0.008440248023581357, '마당극': 0.0016233766233766235, '뮤지컬': 0.06820806508306508, '오페라': 0.052353587770254444, '발레': 0.00038580246913580245, '악극': 0.0035108024691358026, '연극': 0.15490655178155177, '재즈/월드뮤직': 0.007211538461538462}"
"아트캠프, 패밀리 펀펀데이",복합,복합,,,"대구광역시 서구문화회관(주최), 대구광역시 서구문화회관(주관)",,,[],[],None,None,0.0,None,0.0,{}
"국립국악관현악단, 베스트컬렉션 [장흥]",복합,복합,"원영석, 장광수, 오경자, 조성모 등",,"장흥문화예술회관(주최), 장흥문화예술회관(기획사)",,,"['원영석', '장광수', '오경자', '조성모']",[],기악+성악,기악,0.46428571428571425,성악,0.27714285714285714,"{'기악': 0.46428571428571425, '기타': 0.02, '성악': 0.27714285714285714, '혼합': 0.025, '연희': 0.02857142857142857, '대중가요': 0.185}"
"미술관 옆 오페라하우스 Ⅰ, 오페라 카르멘",복합,다원/융복합,"이주헌, 손지현 등",,"(재)부산문화회관(주최), (재)부산문화회관(주관)",,,"['이주헌', '손지현']",[],기악+뮤지컬,기악,0.5595238095238095,뮤지컬,0.25,"{'기악': 0.5595238095238095, '대중가요': 0.047619047619047616, '연희': 0.03571428571428571, '성악': 0.10714285714285714, '뮤지컬': 0.25}"
제30회 덕원예술고등학교 정기무용발표회,복합,복합,"김현준, 권비아, 김연서, 김주연, 김주은, 김지운, 김해솔 등","나일화, 고휘경, 김빛하나 등","덕원예술고등학교(주최), 덕원예술고등학교 무용부(주관)",,,"['김현준', '권비아', '김연서', '김주연', '김주은', '김지운', '김해솔']","['나일화', '고휘경', '김빛하나']",연극+발레,연극,0.34045459597430666,발레,0.16666666666666666,"{'기악': 0.16197958451928957, '대중가요': 0.06722045712757568, '뮤지컬': 0.05159382297782752, '서커스/마술': 0.0022522522522522522, '성악': 0.11207676053818992, '악극': 0.005292792792792793, '연극': 0.34045459597430666, '재즈/월드뮤직': 0.0011261261261261261, '현대무용': 0.08542845170752149, '오페라': 0.001937984496124031, '한국무용': 0.001937984496124031, '창극': 0.0020325203252032522, '발레': 0.16666666666666666}"
열린음악회: 국악신동김태연＆클라무오케스트라＆퓨전국악이희정밴드 [김제],복합,복합,,,,,,[],[],None,None,0.0,None,0.0,{}
"쿼드초이스, 무토(MUTO) x 입과손스튜디오: 두개의 눈",복합,복합,"박훈규, 박우재, 신범호, 홍찬혁, 이승희, 김소진, 이향하, 김홍식","유현진, 김세훈, 홍유진 등","(재)서울문화재단(주최), 대학로극장 쿼드(주최)",,,"['박훈규', '박우재', '신범호', '홍찬혁', '이승희', '김소진', '이향하', '김홍식']","['유현진', '김세훈', '홍유진']",혼합+기악,혼합,0.24475529372588198,기악,0.22621434937611412,"{'성악': 0.18806644336056103, '연극': 0.14151755107637462, '혼합': 0.24475529372588198, '기악': 0.22621434937611412, '재즈/월드뮤직': 0.0389810924369748, '한국무용': 0.032482174688057044, '대중가요': 0.04568181818181819, '뮤지컬': 0.024004965622612687, '오페라': 0.028529411764705886, '연희': 0.009772727272727275, '인형극': 0.012272727272727275, '창극': 0.0035547785547785558, '현대무용': 0.0041666666666666675}"
테디베어와 함께하는 LED발레 & 태권 [부천],복합,다원/융복합,조윤혜,,비바츠예술매니지먼트(주최),,,['조윤혜'],[],인형극+현대무용,인형극,0.5,현대무용,0.5,"{'인형극': 0.5, '현대무용': 0.5}"
"여우락 페스티벌, 모듈라서울: lull~유영",복합,복합,"김대희, 안효주, 임용주, 이민채, 이종헌 등",,"국립극장(기획사), 국립극장(주최)",,,"['김대희', '안효주', '임용주', '이민채', '이종헌']",[],기악+연극,기악,0.3572832396361809,연극,0.25291375291375295,"{'기악': 0.3572832396361809, '대중가요': 0.02797202797202798, '성악': 0.06837606837606838, '연극': 0.25291375291375295, '한국무용': 0.012820512820512824, '현대무용': 0.051282051282051294, '기타': 0.009803921568627453, '재즈/월드뮤직': 0.009803921568627453, '혼합': 0.16428995840760552, '넌버벌 퍼포먼스': 0.045454545454545456}"
팜페라 콘서트,복합,복합,,,,,,[],[],None,None,0.0,None,0.0,{}
"싱크넥스트23, 코끼리들이 웃는다, 물질",복합,다원/융복합,"남긍호, 서현성, 한기장, 이애리, 이재호","이진엽, 김준규, 신동선 등","(재)세종문화회관(주최), (재)세종문화회관(기획사)",,,"['남긍호', '서현성', '한기장', '이애리', '이재호']","['이진엽', '김준규', '신동선']",연극+기악,연극,0.5791005291005292,기악,0.14232804232804236,"{'연극': 0.5791005291005292, '기악': 0.14232804232804236, '대중가요': 0.003968253968253969, '한국무용': 0.033597883597883606, '현대무용': 0.04100529100529101, '뮤지컬': 0.12169312169312173, '성악': 0.03968253968253969, '인형극': 0.010582010582010583, '재즈/월드뮤직': 0.010582010582010583, '발레': 0.0074074074074074086, '악극': 0.0074074074074074086, '연희': 0.002645502645502646}"
"아시테지 국제여름축제, 스페인 유리아 : Rain",복합,다원/융복합,"Fernando Barado, Nerea Martinez, itziar Fragua",,"(사)국제아동청소년연극협회 한국본부(아시테지)(주최), (사)국제아동청소년연극협회 한국본부(아시테지)(주관)",,,"['Fernando Barado', 'Nerea Martinez', 'itziar Fragua']",[],None,None,0.0,None,0.0,{}
알랭(Alain),복합,다원/융복합,염정연,"김민영, 서동주, 곽용민 등",,,,['염정연'],"['김민영', '서동주', '곽용민']",현대무용+성악,현대무용,0.32222222222222235,성악,0.21052631578947376,"{'현대무용': 0.32222222222222235, '기악': 0.0937134502923977, '뮤지컬': 0.08070175438596494, '발레': 0.08888888888888892, '성악': 0.21052631578947376, '연극': 0.13552631578947372, '오페라': 0.036403508771929834, '재즈/월드뮤직': 0.0035087719298245623, '혼합': 0.02850877192982457}"
아트그룹 AMuse가 들려주는 지혜로운 전래동화 이야기 [대구],복합,복합,"하지현, 김민지, 우정훈, 오소영, 윤민경, 구진아","이희주, 김나영, 김영","아트그룹 AMuse(주관), 나온아트(주최), 아트그룹 AMuse(주최)",,,"['하지현', '김민지', '우정훈', '오소영', '윤민경', '구진아']","['이희주', '김나영', '김영']",기악+연극,기악,0.4034649685897751,연극,0.31410637557492127,"{'기악': 0.4034649685897751, '성악': 0.06338271184042168, '연극': 0.31410637557492127, '기타': 0.0073638668430335095, '넌버벌 퍼포먼스': 0.00016460905349794237, '대중가요': 0.052327491181657845, '뮤지컬': 0.07569332053809177, '발레': 0.008146310993533216, '스트리트/스포츠댄스': 0.0008500514403292181, '악극': 0.00016460905349794237, '연희': 0.005203924162257495, '오페라': 0.0018647119341563786, '재즈/월드뮤직': 0.002166923868312757, '한국무용': 0.04927193562610229, '현대무용': 0.0049717078189300415, '혼합': 0.0025231481481481485, '인형극': 0.008333333333333333}"
페페의 꿈 [상주],복합,복합,,,"(재)예술경영지원센터(주최), 음악극창작집단톰방(주관), 상주문화회관(주관)",,,[],[],None,None,0.0,None,0.0,{}
ART ROAD SHOWCASE & ART EXHIBITION in KOREA,복합,다원/융복합,"헨리, 아이키, 키노, 홍현희",,,,,"['헨리', '아이키', '키노', '홍현희']",[],None,None,0.0,None,0.0,{}
제134회 광주시립국악관현악단 정기연주회: 평화를 향한 역동과 진혼,복합,복합,"김병오, 최승욱, 노은아, 윤진철, 박애리, 박승희",,"광주예술의전당 (구. 광주문화예술회관)(주최), 광주시립국악관현악단(주관), 광주예술의전당 (구. 광주문화예술회관)(기획사)",,,"['김병오', '최승욱', '노은아', '윤진철', '박애리', '박승희']",[],기악+성악,기악,0.4130546855184538,성악,0.20665888057192414,"{'기악': 0.4130546855184538, '성악': 0.20665888057192414, '오페라': 0.05128205128205131, '대중가요': 0.010157314505140597, '연희': 0.026755852842809374, '혼합': 0.0712262509363959, '창극': 0.185875316310099, '기타': 0.0016103059581320457, '넌버벌 퍼포먼스': 0.0016103059581320457, '한국무용': 0.0016103059581320457, '연극': 0.022222222222222233, '뮤지컬': 0.00793650793650794}"
"미야자키 하야오 영화음악 콘서트, Best Collection with 샌드아트 임혁필",복합,다원/융복합,"이현수, 이한나, 임혁필 등",,"(주)더존테크윌(주최), 스튜디오 더존(주관)",,,"['이현수', '이한나', '임혁필']",[],기악+오페라,기악,0.3377364246491763,오페라,0.1343959731543624,"{'기악': 0.3377364246491763, '마임': 0.00909090909090909, '발레': 0.014460036607687615, '성악': 0.09636973764490543, '연극': 0.07045454545454546, '재즈/월드뮤직': 0.041732763880414886, '한국무용': 0.06818181818181819, '현대무용': 0.06952410006101281, '악극': 0.05134228187919463, '오페라': 0.1343959731543624, '기타': 0.05268456375838926, '뮤지컬': 0.05268456375838926, '혼합': 0.0013422818791946308}"
"중섭, 빛깔 있는 꿈 [서귀포]",복합,다원/융복합,"강지훈, 고건하, 김소여, 김은정, 김현주, 조성진","유홍영, 최은미, 채희준 등","김정문화회관(주최), 두근두근시어터(주관)",,,"['강지훈', '고건하', '김소여', '김은정', '김현주', '조성진']","['유홍영', '최은미', '채희준']",연극+뮤지컬,연극,0.46767645934312607,뮤지컬,0.24623524623524626,"{'기악': 0.10678981512314847, '뮤지컬': 0.24623524623524626, '연극': 0.46767645934312607, '인형극': 0.0418009768009768, '발레': 0.007326007326007326, '성악': 0.09354534354534355, '오페라': 0.002930402930402931, '한국무용': 0.0038278388278388275, '현대무용': 0.018994893994893996, '연희': 0.0009523809523809524, '창극': 0.0009523809523809524, '혼합': 0.006587301587301587, '대중가요': 0.0023809523809523807}"
"전원경의 아트살롱, 그림콘서트: 로마의 여름 햇살",복합,복합,"권유성, 김건효, 신수현",,"(재)당진문화재단(주최), 당진문예의전당(주관)",,,"['권유성', '김건효', '신수현']",[],기악+연극,기악,0.75,연극,0.125,"{'기악': 0.75, '연극': 0.125, '연희': 0.0625, '혼합': 0.0625}"
"제3회 더 패스 정기연주회, 한 여름밤의 악몽",복합,복합,"김동섭, 류현수, 최진호, 한정민, 윤시진 등","공해미, 시현정","the Path(주최), 유진예술기획(주관)",,,"['김동섭', '류현수', '최진호', '한정민', '윤시진']","['공해미', '시현정']",오페라+성악,오페라,0.2730880230880231,성악,0.24494949494949497,"{'기악': 0.2380952380952381, '기타': 0.016594516594516592, '성악': 0.24494949494949497, '오페라': 0.2730880230880231, '발레': 0.007575757575757575, '연극': 0.12878787878787878, '재즈/월드뮤직': 0.09090909090909091}"
밤이 없는 여름,복합,다원/융복합,"박우재, 베일리홍, 손상혁","김혜림, 배일홍, 전강희 등",신촌문화발전소(서대문구청)(주최),,,"['박우재', '베일리홍', '손상혁']","['김혜림', '배일홍', '전강희']",연극+기악,연극,0.3017127799736495,기악,0.2239161804379195,"{'기악': 0.2239161804379195, '성악': 0.1421670117322291, '재즈/월드뮤직': 0.023809523809523805, '혼합': 0.07936507936507935, '한국무용': 0.0851998243302591, '대중가요': 0.055555555555555546, '연극': 0.3017127799736495, '인형극': 0.007246376811594201, '현대무용': 0.06587615283267458, '연희': 0.01515151515151515}"
재즈& 국악 울림콘서트,복합,복합,"박종호, 최지안, 전제덕, 신승태, 김수유, 한웅원, 신현필 등",,"문화체육관광부(주최), 한국문화예술회관연합회(KoCACA)(주관), 의령군민문화회관(주관)",,,"['박종호', '최지안', '전제덕', '신승태', '김수유', '한웅원', '신현필']",[],재즈/월드뮤직+연극,재즈/월드뮤직,0.30515346133794774,연극,0.22391434561245882,"{'기악': 0.1265193615298437, '성악': 0.1384468625558772, '연극': 0.22391434561245882, '연희': 0.029874213836477988, '오페라': 0.0020964360587002098, '재즈/월드뮤직': 0.30515346133794774, '현대무용': 0.0020964360587002098, '기타': 0.020517342739564962, '대중가요': 0.08736037624926514, '혼합': 0.04920634920634921, '뮤지컬': 0.014814814814814815}"
"LED 미디어 발레컬, 비바츠 태권발레 [천안]",복합,다원/융복합,,,,,,[],[],None,None,0.0,None,0.0,{}
미디어아트 아이스 쇼 G-SHOW,복합,다원/융복합,"김현, 안건형, 안소현, 임은수, 변세종, 정덕훈, 정의혁 등","송동일, 진소현, 시수정 등","(주)라이브아레나(주최), (주)라이브아레나(제작사)",,,"['김현', '안건형', '안소현', '임은수', '변세종', '정덕훈', '정의혁']","['송동일', '진소현', '시수정']",연극+기악,연극,0.5017361111111112,기악,0.19965277777777782,"{'기악': 0.19965277777777782, '대중가요': 0.020833333333333336, '뮤지컬': 0.06597222222222222, '성악': 0.03125000000000001, '연극': 0.5017361111111112, '오페라': 0.010416666666666668, '현대무용': 0.03125000000000001, '넌버벌 퍼포먼스': 0.13888888888888892}"
"싱크넥스트23, 서사무엘x지후트리: 그러면 사랑 얘기는 누가 하지",복합,복합,서사무엘 등,"허영균, 김나은 등",(재)세종문화회관(주최),,,['서사무엘'],"['허영균', '김나은']",연극+기악,연극,0.4967532467532466,기악,0.15422077922077918,"{'대중가요': 0.09999999999999998, '오페라': 0.12922077922077918, '재즈/월드뮤직': 0.04999999999999999, '연극': 0.4967532467532466, '기악': 0.15422077922077918, '뮤지컬': 0.017857142857142853, '발레': 0.029220779220779213, '인형극': 0.022727272727272724}"
뽀로로 매직 싱어롱쇼: 슈퍼스타 뽀로로 드림콘서트,복합,복합,,,"뽀로로파크(주최), 뽀로로파크(주관), (주)이에스생활문화 (ES생활문화)(주관)",,,[],[],None,None,0.0,None,0.0,{}
오리지널 드로잉쇼,복합,다원/융복합,,,"한국문화예술회관연합회(KoCACA)(주최), 양산시시설관리공단(주최), 양산문화예술회관(주관), 킴스드로잉(주관)",,,[],[],None,None,0.0,None,0.0,{}
"월드뮤직 페스티벌, 국악 & 트로트 Sweet콘서트 [의령]",복합,복합,"고금성, 강혜연, 송진호, 정현지, 윤성배, 이재서, 손용민 등",,"문화체육관광부(주최), 의령군청(의령군)(주관), 한국문화예술회관연합회(KoCACA)(주관)",,,"['고금성', '강혜연', '송진호', '정현지', '윤성배', '이재서', '손용민']",[],기악+대중가요,기악,0.31666666666666665,대중가요,0.19444444444444445,"{'기타': 0.006944444444444444, '대중가요': 0.19444444444444445, '성악': 0.1284722222222222, '연희': 0.03819444444444445, '혼합': 0.05555555555555555, '뮤지컬': 0.02638888888888889, '기악': 0.31666666666666665, '연극': 0.15833333333333333, '현대무용': 0.0125, '오페라': 0.0625}"
"발레와 국악의 조합, 마블링 [화성]",복합,복합,"류형수, 이소정, 최예림, 지경서, 안지원, 김평화, 최영운 등",이윤지,"한국문화예술회관연합회(KoCACA)(주최), (재)화성시문화재단(주관), 프로젝트 클라우드 나인(주관)",,,"['류형수', '이소정', '최예림', '지경서', '안지원', '김평화', '최영운']",['이윤지'],발레+기악,발레,0.2557963215876985,기악,0.22822709854982853,"{'발레': 0.2557963215876985, '현대무용': 0.05131205984629321, '오페라': 0.1451520995879723, '기악': 0.22822709854982853, '기타': 0.0026737967914438497, '대중가요': 0.00907683647621728, '뮤지컬': 0.04269077620851462, '성악': 0.04169862803541684, '스트리트/스포츠댄스': 0.0028272113614447266, '연극': 0.18260678653765997, '연희': 0.0037292428933295802, '재즈/월드뮤직': 0.0013368983957219248, '한국무용': 0.0026737967914438497, '혼합': 0.02870813397129186, '악극': 0.0014903129657228016}"
모래의 마법사,복합,복합,,,GS엔터테인먼트(주최),,,[],[],None,None,0.0,None,0.0,{}
광주상설공연 (8월),복합,복합,"김유환, 서정혁, 이경진, 이승민, 한은실, 신은선, 강호도 등",김용원 등,"광주광역시(주최), 광주예술의전당 (구. 광주문화예술회관)(주관)",,,"['김유환', '서정혁', '이경진', '이승민', '한은실', '신은선', '강호도']",['김용원'],성악+연극,성악,0.36615960834079464,연극,0.2715569816169239,"{'기악': 0.13904346653978006, '성악': 0.36615960834079464, '오페라': 0.1409708461865806, '뮤지컬': 0.021016144167608258, '스트리트/스포츠댄스': 0.0009671179883945845, '악극': 0.0009671179883945845, '연극': 0.2715569816169239, '한국무용': 0.0037344159947909697, '현대무용': 0.004835589941972922, '기타': 0.0009000900090009004, '대중가요': 0.006300630063006303, '발레': 0.012691269126912697, '연희': 0.009164552818918259, '창극': 0.006300630063006303, '혼합': 0.015391539153915397}"
"발레와 국악의 조합, 마블링 [포항]",복합,복합,,,"한국문화예술회관연합회(KoCACA)(주최), (재)포항문화재단(주최), (재)포항문화재단(기획사), (재)포항문화재단(주관), 프로젝트 클라우드 나인(주관)",,,[],[],None,None,0.0,None,0.0,{}
"제20회 평창대관령음악제, Main Concert #18: 봄의 제전 & 신박듀오, 김지영, 이재우",복합,복합,"김지영, 이재우, 김용걸 등",,"강원특별자치도청(주최), (재)강원문화재단(주관)",,,"['김지영', '이재우', '김용걸']",[],발레+연극,발레,0.3676739926739926,연극,0.24547720797720793,"{'기악': 0.09878154253154252, '기타': 0.001157407407407407, '뮤지컬': 0.021990740740740734, '발레': 0.3676739926739926, '성악': 0.035119047619047605, '연극': 0.24547720797720793, '연희': 0.005324074074074072, '오페라': 0.05403439153439151, '인형극': 0.001157407407407407, '재즈/월드뮤직': 0.001157407407407407, '창극': 0.001157407407407407, '한국무용': 0.03535052910052909, '현대무용': 0.12097069597069594, '혼합': 0.002314814814814814, '대중가요': 0.004166666666666666, '마임': 0.004166666666666666}"
"공연장상주단체 페스티벌, 한 여름 밤의 선물 [세종]",복합,복합,"이재욱, 송태섭, 이규혁, 정세홍, 김종욱, 권재은, 이혜민 등",,"(재)세종시문화관광재단(주최), 이모션콘텐츠(주최), 이모션콘텐츠(주관), 이모션콘텐츠(기획사), 본아트컴퍼니(주관), 한음오페라단(주관)",,,"['이재욱', '송태섭', '이규혁', '정세홍', '김종욱', '권재은', '이혜민']",[],연극+기악,연극,0.5273407148407149,기악,0.19157925407925405,"{'기악': 0.19157925407925405, '기타': 0.004807692307692308, '뮤지컬': 0.07298951048951048, '성악': 0.051087801087801095, '연극': 0.5273407148407149, '오페라': 0.02403846153846154, '한국무용': 0.0625, '발레': 0.020833333333333332, '현대무용': 0.027777777777777776, '넌버벌 퍼포먼스': 0.017045454545454544}"
"열세번째 스윙-바이, 이중중첩 & Slow Steps",복합,복합,"김정제, 김은영, 문기덕, 김예지, 변혜경, 이응석, 김선기 등",,중력장(주최),,,"['김정제', '김은영', '문기덕', '김예지', '변혜경', '이응석', '김선기']",[],재즈/월드뮤직+기악,재즈/월드뮤직,0.33024216524216526,기악,0.19302808302808303,"{'재즈/월드뮤직': 0.33024216524216526, '기악': 0.19302808302808303, '대중가요': 0.06568986568986569, '뮤지컬': 0.13226495726495727, '성악': 0.05416157916157916, '악극': 0.0013227513227513227, '연극': 0.09685185185185184, '연희': 0.005608465608465609, '오페라': 0.028490028490028487, '한국무용': 0.016208791208791207, '현대무용': 0.014326414326414325, '혼합': 0.012602767602767604, '기타': 0.0014814814814814816, '발레': 0.002136752136752137, '인형극': 0.008547008547008548, '넌버벌 퍼포먼스': 0.037037037037037035}"
샌드쉐도우쇼,복합,복합,김인수,,(주)별빛엔터테인먼트(주최),,,['김인수'],[],기악+연극,기악,0.46875,연극,0.1875,"{'기악': 0.46875, '대중가요': 0.109375, '뮤지컬': 0.015625, '서커스/마술': 0.09375, '성악': 0.03125, '연극': 0.1875, '연희': 0.046875, '한국무용': 0.015625, '혼합': 0.03125}"
빛고을 뮤직페스티벌 [광주],복합,복합,"최윤영, 신희준, 송기정, 장경아, 김창국, 백진희, 임창숙 등","장용석, 정현준, 문형식","한국문화예술회관연합회(KoCACA)(주최), 광주광역시(주최), (재)광주문화재단(주관)",,,"['최윤영', '신희준', '송기정', '장경아', '김창국', '백진희', '임창숙']","['장용석', '정현준', '문형식']",연극+대중가요,연극,0.2624098124098124,대중가요,0.19262626262626262,"{'기악': 0.02606060606060606, '뮤지컬': 0.08666666666666667, '성악': 0.04161616161616162, '연극': 0.2624098124098124, '연희': 0.0033333333333333335, '한국무용': 0.09222222222222222, '현대무용': 0.01, '혼합': 0.08587301587301588, '대중가요': 0.19262626262626262, '재즈/월드뮤직': 0.12871572871572873, '마당극': 0.05714285714285714, '창극': 0.013333333333333334}"
국립극장 달빛 상영회,복합,복합,,,"국립극장(주최), 국립극장(주관)",,,[],[],None,None,0.0,None,0.0,{}
"춘하추동, 디톡스 콘서트 [보성]",복합,복합,"박구윤, 최연화, 남상일",,"한국문화예술회관연합회(KoCACA)(주최), 보성군청(주관), (사)전통공연예술연구소(주관)",,,"['박구윤', '최연화', '남상일']",[],대중가요+성악,대중가요,0.5399610136452242,성악,0.1322751322751323,"{'기타': 0.10554163185742134, '대중가요': 0.5399610136452242, '성악': 0.1322751322751323, '연희': 0.0687830687830688, '기악': 0.058201058201058205, '창극': 0.010582010582010583, '한국무용': 0.005291005291005292, '혼합': 0.07936507936507937}"
파포스(PAPHOS) 2.0,복합,다원/융복합,"박병호, 임연지, 이창재, 신창호, 박지희, 김주은, 김봉관 등","강현욱, 김선미, 최세연 등","리멘워커(제작사), 주식회사 코스타(주최), 주식회사 코스타(기획사)",,,"['박병호', '임연지', '이창재', '신창호', '박지희', '김주은', '김봉관']","['강현욱', '김선미', '최세연']",연극+기악,연극,0.3110246229719895,기악,0.18247407584145242,"{'기악': 0.18247407584145242, '연극': 0.3110246229719895, '뮤지컬': 0.12730580036892805, '성악': 0.10701177388350301, '혼합': 0.027450980392156862, '현대무용': 0.13631713554987213, '한국무용': 0.03911279654290502, '대중가요': 0.008829047566493765, '창극': 0.0034631177954781577, '재즈/월드뮤직': 0.029411764705882353, '악극': 0.007910750507099391, '오페라': 0.015821501014198783, '연희': 0.003866632860040568}"
"제33회 거창국제연극제, 보드빌의 갈매기",복합,복합,"진성웅, 손수정 등","김근한, 강태식, 김소희 등","(재)거창문화재단(주최), (재)거창문화재단(주관)",안톤 체홉,,"['진성웅', '손수정']","['김근한', '강태식', '김소희']",연극+재즈/월드뮤직,연극,0.688179347826087,재즈/월드뮤직,0.13043478260869568,"{'연극': 0.688179347826087, '기타': 0.03125000000000001, '뮤지컬': 0.07167119565217393, '재즈/월드뮤직': 0.13043478260869568, '기악': 0.0407608695652174, '대중가요': 0.0027173913043478264, '성악': 0.02411684782608696, '악극': 0.0027173913043478264, '연희': 0.0027173913043478264, '한국무용': 0.005434782608695653}"
한여름밤 Ice Coffee 콘서트,복합,복합,"장사익, 유진박, 홍희철, 김희정, 윤선기, 박성의, 이우정 등",이수영 등,"을숙도문화회관(주최), 을숙도문화회관(주관)",,,"['장사익', '유진박', '홍희철', '김희정', '윤선기', '박성의', '이우정']",['이수영'],기악+성악,기악,0.2226353153389635,성악,0.19337947542266434,"{'기악': 0.2226353153389635, '기타': 0.11118902271352363, '성악': 0.19337947542266434, '연희': 0.003588516746411483, '혼합': 0.11153423376916893, '재즈/월드뮤직': 0.053030303030303025, '뮤지컬': 0.021053446340802664, '발레': 0.0022446689113355778, '연극': 0.13309002064624254, '오페라': 0.09550292193970354, '현대무용': 0.014943706597879509, '한국무용': 0.010222161646449502, '대중가요': 0.027586206896551724}"
"옛 그림과 소통하는 즐거움, 화통콘서트 [예산]",복합,다원/융복합,"정초롱, 오수연, 최종호, 박동국 등","김영옥, 유태환 등","한국문화예술회관연합회(KoCACA)(주최), 충청남도(주관), (재)충남문화관광재단(주관), 문화예술감성단체여민(與民)(주관), 문화예술감성단체여민(與民)(제작사), 문화예술감성단체여민(與民)(기획사)",,,"['정초롱', '오수연', '최종호', '박동국']","['김영옥', '유태환']",혼합+기악,혼합,0.32592592592592595,기악,0.30185185185185187,"{'기악': 0.30185185185185187, '뮤지컬': 0.08950617283950617, '성악': 0.037037037037037035, '연희': 0.006172839506172839, '오페라': 0.06172839506172839, '혼합': 0.32592592592592595, '한국무용': 0.06666666666666667, '기타': 0.05555555555555555, '연극': 0.05555555555555555}"
"Chair, Table,  Chair",복합,복합,,,"(사)한국예총 인천광역시연합회 인천예총(인천수봉문화회관)(주최), (사)한국예총 인천광역시연합회 인천예총(인천수봉문화회관)(주관)",,,[],[],None,None,0.0,None,0.0,{}
홍지민과 함께하는 판타스틱 쇼 [연천],복합,다원/융복합,"홍지민, 이가연, 유원석, 이선호, 임세준",,"연천군시설관리공단(주최), 연천수레울아트홀(주관), (주) 산책컴퍼니(주관), 연천군청(주최)",,,"['홍지민', '이가연', '유원석', '이선호', '임세준']",[],뮤지컬+기악,뮤지컬,0.4002470799640611,기악,0.17986298292902067,"{'기악': 0.17986298292902067, '기타': 0.006410256410256411, '대중가요': 0.06349263943603566, '뮤지컬': 0.4002470799640611, '성악': 0.06031861220540465, '연극': 0.17455853894533138, '한국무용': 0.0016025641025641027, '현대무용': 0.0016025641025641027, '오페라': 0.011904761904761904, '서커스/마술': 0.10000000000000002}"
"기술 입은 문화예술교육, 무대는 살아있다: IV 쇼케이스",복합,다원/융복합,,,,,,[],[],None,None,0.0,None,0.0,{}
"싱크넥스트23, 광광,굉굉",복합,복합,"성시영, 이일우, 황민왕","성시영, 이일우",(재)세종문화회관(제작사),,,"['성시영', '이일우', '황민왕']","['성시영', '이일우']",기악+한국무용,기악,0.2420466058763931,한국무용,0.21717662951705505,"{'기악': 0.2420466058763931, '성악': 0.04501857480580885, '연극': 0.11641337386018238, '연희': 0.20854441067207025, '재즈/월드뮤직': 0.02857142857142857, '한국무용': 0.21717662951705505, '혼합': 0.05778453225261735, '대중가요': 0.04444444444444444, '현대무용': 0.04}"
Swing Train(스윙 트레인),복합,복합,,,"크루아(주최), 크루아(주관)",,,[],[],None,None,0.0,None,0.0,{}
음악이 춤을 추다 [울산],복합,복합,,,울산광역시학생교육문화회관(주최),,,[],[],None,None,0.0,None,0.0,{}
늦은 여름밤의 군민응원콘서트 [옥천],복합,복합,"김소현, 하현우, 김성훈, 방성호 등",,"옥천군청(주최), 웨스턴 심포니 오케스트라(주관)",,,"['김소현', '하현우', '김성훈', '방성호']",[],연극+기악,연극,0.25678359220063124,기악,0.23855638896891446,"{'기악': 0.23855638896891446, '기타': 0.04640536921317041, '대중가요': 0.07270379396495284, '뮤지컬': 0.09802408150663784, '성악': 0.046850176092850145, '연극': 0.25678359220063124, '재즈/월드뮤직': 0.008776959378997045, '오페라': 0.11406708260011729, '혼합': 0.01885092478030519, '스트리트/스포츠댄스': 0.0018083182640144663, '현대무용': 0.07461692205196534, '한국무용': 0.022556390977443604}"
"애국찬가 드라마콘서트, 동고동락 [안산]",복합,복합,"손병휘, 차준호, 금보미, 박준성, 손준영, 신채원, 홍세령 등",,,,,"['손병휘', '차준호', '금보미', '박준성', '손준영', '신채원', '홍세령']",[],뮤지컬+연극,뮤지컬,0.38829431438127093,연극,0.32419871794871796,"{'기악': 0.18032329988851728, '뮤지컬': 0.38829431438127093, '성악': 0.020659141583054628, '재즈/월드뮤직': 0.005434782608695652, '연극': 0.32419871794871796, '대중가요': 0.03461538461538462, '오페라': 0.004807692307692308, '발레': 0.041666666666666664}"
"남산골 밤마실, 기담야행2: 망혼일 축제",복합,복합,"강정임, 주종혁, 황미영 등","정은영, 김진이, 송정안 등","서울남산국악당(주최), 서울시청(주관)",,,"['강정임', '주종혁', '황미영']","['정은영', '김진이', '송정안']",연극+뮤지컬,연극,0.47345938375350144,뮤지컬,0.3071778711484594,"{'뮤지컬': 0.3071778711484594, '연극': 0.47345938375350144, '대중가요': 0.04166666666666667, '기악': 0.0582983193277311, '발레': 0.018382352941176475, '성악': 0.007352941176470589, '연희': 0.045343137254901966, '오페라': 0.0036764705882352945, '혼합': 0.01785714285714286, '재즈/월드뮤직': 0.01785714285714286, '악극': 0.00892857142857143}"
스피리또앙상블과 함께하는 베토벤 & 클림트 운명의 키스,복합,복합,"김경희, 김재민, 김바울, 심근수 등",,"한국문화예술회관연합회(KoCACA)(주최), 논산문화관광재단(주관)",,,"['김경희', '김재민', '김바울', '심근수']",[],기악+연극,기악,0.3655887828018976,연극,0.1888453531896155,"{'기악': 0.3655887828018976, '대중가요': 0.013661202185792351, '뮤지컬': 0.1133366360415541, '성악': 0.1662056886647051, '연극': 0.1888453531896155, '연희': 0.010974499089253189, '오페라': 0.0704133389379291, '재즈/월드뮤직': 0.011530054644808746, '기타': 0.04277777777777778, '발레': 0.0027777777777777783, '악극': 0.008333333333333335, '한국무용': 0.0027777777777777783, '현대무용': 0.0027777777777777783}"
하모니 오브 라이트,복합,다원/융복합,,,"한국문화예술회관연합회(KoCACA)(주최), 울산북구문화예술회관(주관)",,,[],[],None,None,0.0,None,0.0,{}
"싱크넥스트23, 모니카xCIFIKA: 쓰인 적 없는 ㅅ",복합,복합,,,"(재)세종문화회관(주최), (재)세종문화회관(제작사)",,,[],[],None,None,0.0,None,0.0,{}
Orange Music,복합,복합,,,,,,[],[],None,None,0.0,None,0.0,{}
피터와 늑대 [부산],복합,복합,"최진희, 원우영, 이송, 이한강, 이명진 등",,"(재)부산문화회관(주최), 극단 영(제작사)",,,"['최진희', '원우영', '이송', '이한강', '이명진']",[],기악+연극,기악,0.3226244343891403,연극,0.3153846153846154,"{'기악': 0.3226244343891403, '대중가요': 0.046153846153846156, '악극': 0.015384615384615385, '연극': 0.3153846153846154, '인형극': 0.1769230769230769, '뮤지컬': 0.011764705882352941, '혼합': 0.011764705882352941, '마임': 0.1}"
JAZZ & 국악 With 웅산 [군산],복합,복합,"김은영, 임상규, 천성대, 남창동 등",,"한국문화예술회관연합회(KoCACA)(주최), 군산예술의전당(주최), 안산시립국악단(주관), 군산예술의전당(주관), 군산예술의전당(기획사), 군산시청(주최)",,,"['김은영', '임상규', '천성대', '남창동']",[],기악+뮤지컬,기악,0.3711501831501831,뮤지컬,0.12333333333333334,"{'기악': 0.3711501831501831, '대중가요': 0.009523809523809523, '뮤지컬': 0.12333333333333334, '성악': 0.07505494505494506, '악극': 0.0023809523809523807, '연극': 0.0942051282051282, '연희': 0.10386813186813186, '오페라': 0.016666666666666666, '재즈/월드뮤직': 0.03866666666666667, '한국무용': 0.04904761904761905, '현대무용': 0.0047619047619047615, '혼합': 0.10867399267399266, '기타': 0.002666666666666667}"
김준수 & 두 번째 달 콘서트 [평택],복합,복합,"김준수, 박진우, 조윤정, 김현보, 최진경, 이영훈, 박종선",,"(재)평택시문화재단(주최), (재)평택시문화재단(주관), (재)평택시문화재단(기획사)",,,"['김준수', '박진우', '조윤정', '김현보', '최진경', '이영훈', '박종선']",[],연극+기악,연극,0.3097225026358885,기악,0.2200831413464706,"{'기악': 0.2200831413464706, '기타': 0.0007122507122507123, '대중가요': 0.061607616146432335, '마당극': 0.0007122507122507123, '뮤지컬': 0.05089921652421653, '성악': 0.11840444493352223, '창극': 0.013532763532763534, '한국무용': 0.02269027269027269, '혼합': 0.09067134277782132, '연극': 0.3097225026358885, '스트리트/스포츠댄스': 0.0006056935190793459, '연희': 0.003615233192004846, '재즈/월드뮤직': 0.02582278506807899, '현대무용': 0.01801103988603989, '인형극': 0.04395604395604396, '오페라': 0.01895340236686391}"
발레 메카닉 [강동],복합,복합,"최소영, 정헌 등","김도윤, 문종인","(재)예술경영지원센터(주최), 강동문화재단(강동아트센터)(주관), (주)팀프앙상블(TIMF 앙상블)(주관), 아트프로젝트 보라(ArtProjectBORA)(제작사)",,,"['최소영', '정헌']","['김도윤', '문종인']",기악+연극,기악,0.63667989996115,연극,0.12091346153846154,"{'기악': 0.63667989996115, '뮤지컬': 0.03163060897435898, '성악': 0.02728365384615385, '연극': 0.12091346153846154, '오페라': 0.0019230769230769234, '현대무용': 0.10431235431235433, '한국무용': 0.020833333333333336, '발레': 0.003906250000000001, '인형극': 0.010850694444444446, '넌버벌 퍼포먼스': 0.006944444444444445, '마임': 0.02777777777777778, '서커스/마술': 0.006944444444444445}"
"세상 풍경, 소리에 담다",복합,복합,"신은오, 김태정, 김유신, 이성주, 노건형, 김다은, 최서영 등",,"김정문화회관(주최), 김정문화회관(주관)",,,"['신은오', '김태정', '김유신', '이성주', '노건형', '김다은', '최서영']",[],기악+연극,기악,0.39395637042695875,연극,0.25040404040404046,"{'기악': 0.39395637042695875, '뮤지컬': 0.08371304077186432, '연희': 0.12630718954248368, '재즈/월드뮤직': 0.009586056644880176, '혼합': 0.0278322440087146, '연극': 0.25040404040404046, '성악': 0.03703703703703704, '기타': 0.0037037037037037043, '대중가요': 0.0037037037037037043, '발레': 0.029100529100529102, '오페라': 0.017989417989417993, '악극': 0.01666666666666667}"
태권무 한빛,복합,다원/융복합,,"김용재, 한승훈, 오수현 등","제주아트센터(주최), 제주태권도사회적협동조합(주관), (주)와이킥엔터테인먼트(Y-KICK)(주관)",,,[],"['김용재', '한승훈', '오수현']",기악+뮤지컬,기악,0.31111111111111106,뮤지컬,0.26984126984126977,"{'기악': 0.31111111111111106, '대중가요': 0.09999999999999998, '혼합': 0.06111111111111111, '뮤지컬': 0.26984126984126977, '성악': 0.027777777777777773, '악극': 0.07142857142857141, '연극': 0.1587301587301587}"
"애국찬가 드라마콘서트, 동고동락 [고양]",복합,복합,,,경기아트센터(주최),,,[],[],None,None,0.0,None,0.0,{}
너에게 들려주고 싶은 클래식 이야기: 너클리,복합,다원/융복합,"한상욱, 노예진 등",,"루스초이뮤직(주최), 마제스틱청소년오케스트라(주관), (사)마제스틱필하모닉오케스트라(주관)",,,"['한상욱', '노예진']",[],기악+연극,기악,0.802469135802469,연극,0.13580246913580243,"{'기악': 0.802469135802469, '넌버벌 퍼포먼스': 0.024691358024691353, '뮤지컬': 0.012345679012345677, '연극': 0.13580246913580243, '연희': 0.012345679012345677, '한국무용': 0.012345679012345677}"
누모리쇼,복합,복합,"윤세연, 구민지, 이아진, 이주용, 문상준, 신동철, 이안나 등",,"한국문화예술회관연합회(KoCACA)(주최), 광주예술의전당 (구. 광주문화예술회관)(주관), 누베이스레코드(주관)",,,"['윤세연', '구민지', '이아진', '이주용', '문상준', '신동철', '이안나']",[],기악+뮤지컬,기악,0.2919885125767478,뮤지컬,0.20324981844589685,"{'기악': 0.2919885125767478, '뮤지컬': 0.20324981844589685, '성악': 0.10122961642569483, '재즈/월드뮤직': 0.070679012345679, '혼합': 0.10862547039017625, '연극': 0.14889086947910474, '연희': 0.05050505050505049, '현대무용': 0.014730639730639728, '넌버벌 퍼포먼스': 0.0101010101010101}"
"문화공감터 렉처 콘서트: 원도심 재생의 아름다움, 나의 일상에 들어오다",복합,복합,"오재철, 송미호 등",,"(재)당진문화재단(주최), (재)당진문화재단(주관)",,,"['오재철', '송미호']",[],재즈/월드뮤직+기악,재즈/월드뮤직,0.888888888888889,기악,0.06481481481481481,"{'기악': 0.06481481481481481, '대중가요': 0.027777777777777776, '재즈/월드뮤직': 0.888888888888889, '기타': 0.018518518518518517}"
세종이네 복숭아나무,복합,복합,"고두영, 고영신, 이지선, 허정인, 박현정, 이은혜, 황진하 등",,"더 퍼포머(주최), 더 퍼포머(주관)",,,"['고두영', '고영신', '이지선', '허정인', '박현정', '이은혜', '황진하']",[],기악+연극,기악,0.4920480499892266,연극,0.14141018023370966,"{'서커스/마술': 0.08333333333333334, '기악': 0.4920480499892266, '넌버벌 퍼포먼스': 0.02456636500754148, '대중가요': 0.03349134525605114, '성악': 0.04921606715724364, '연극': 0.14141018023370966, '한국무용': 0.009803921568627453, '현대무용': 0.012992290933467406, '혼합': 0.021812827695180642, '뮤지컬': 0.05617623117623119, '악극': 0.02211538461538462, '기타': 0.0015151515151515154, '오페라': 0.04242239242239243, '재즈/월드뮤직': 0.003968253968253969, '발레': 0.003846153846153847, '연희': 0.0012820512820512823}"
"K-예술축제 아.우.름, 대전국악방송 공개음악회: 북새통 [대전]",복합,복합,박은영 등,"김재영, 김은민, 정현경 등","대전시립연정국악원(주최), 한국문화예술회관연합회(KoCACA)(주최), (재)예술경영지원센터(주최), 대전국악방송(주최), 문화체육관광부(주관), 한국문화예술위원회(주관)",,,['박은영'],"['김재영', '김은민', '정현경']",연극+기악,연극,0.40662568057526044,기악,0.36485503292225985,"{'기악': 0.36485503292225985, '뮤지컬': 0.14479124983326663, '성악': 0.037815126050420166, '연극': 0.40662568057526044, '오페라': 0.004201680672268907, '창극': 0.004201680672268907, '한국무용': 0.02100840336134454, '혼합': 0.01520244461420932, '대중가요': 0.0012987012987012987}"
"박순아 & 키무라 슌스케: mortal, immortal",복합,복합,"박순아, 키무라 슌스케, 여성룡",,,,,"['박순아', '키무라 슌스케', '여성룡']",[],혼합+기악,혼합,0.3705357142857143,기악,0.28125,"{'기악': 0.28125, '성악': 0.03125, '한국무용': 0.03125, '혼합': 0.3705357142857143, '뮤지컬': 0.07142857142857142, '창극': 0.14285714285714285, '현대무용': 0.07142857142857142}"
김태연과 함께하는 열린음악회 [영광],복합,복합,"김태연, 유수영, 이희정 등",,"영광군청(주최), 영광군청(주관), 한국문화예술회관연합회(KoCACA)(주최)",,,"['김태연', '유수영', '이희정']",[],기악+뮤지컬,기악,0.40926932367149743,뮤지컬,0.18115942028985502,"{'기악': 0.40926932367149743, '기타': 0.014190821256038641, '넌버벌 퍼포먼스': 0.003472222222222221, '대중가요': 0.03124999999999999, '발레': 0.17013888888888884, '성악': 0.017663043478260865, '스트리트/스포츠댄스': 0.003472222222222221, '연극': 0.07095410628019322, '오페라': 0.07699275362318839, '혼합': 0.006944444444444442, '뮤지컬': 0.18115942028985502, '악극': 0.0072463768115942, '한국무용': 0.0072463768115942}"
"싱크넥스트23, 궁리소 묻다의 우주 양자 마음",복합,복합,"나경민, 박선희, 박주빈, 배소현, 신재환, 이은지, 이주야 등","배요섭, 강정희, 최용석 등","(재)세종문화회관(주최), (재)세종문화회관(주관)",,,"['나경민', '박선희', '박주빈', '배소현', '신재환', '이은지', '이주야']","['배요섭', '강정희', '최용석']",연극+기악,연극,0.6014550929650488,기악,0.10425769228313475,"{'연극': 0.6014550929650488, '기악': 0.10425769228313475, '성악': 0.06841008057822216, '스트리트/스포츠댄스': 0.013888888888888888, '창극': 0.046750992063492064, '현대무용': 0.06426837512291052, '오페라': 0.004126082251082251, '한국무용': 0.013053097345132745, '대중가요': 0.021386430678466076, '마임': 0.0011061946902654867, '발레': 0.0005530973451327434, '악극': 0.008365597345132744, '재즈/월드뮤직': 0.010498374229015821, '혼합': 0.021418694690265486, '연희': 0.010416666666666666, '뮤지컬': 0.010044642857142856}"
"개관 15주년 컬렉션 개막작, 물질 [창원]",복합,다원/융복합,"서현성, 이애리, 이재호, 김준봉, 마광현","윤한울, 최원석, 김준규 등","(재)예술경영지원센터(주최), 코끼리들이웃는다(주관), (재)창원문화재단(주최), (재)창원문화재단(주관), (재)창원문화재단(기획사)",,,"['서현성', '이애리', '이재호', '김준봉', '마광현']","['윤한울', '최원석', '김준규']",연극+기악,연극,0.501851851851852,기악,0.16031746031746036,"{'연극': 0.501851851851852, '기악': 0.16031746031746036, '대중가요': 0.011375661375661377, '한국무용': 0.04100529100529101, '현대무용': 0.07592592592592594, '뮤지컬': 0.08862433862433865, '성악': 0.03703703703703704, '인형극': 0.010582010582010583, '재즈/월드뮤직': 0.0253968253968254, '발레': 0.0074074074074074086, '악극': 0.0074074074074074086, '서커스/마술': 0.027777777777777783, '혼합': 0.005291005291005292}"
Beyond the Sea,복합,다원/융복합,"최서희, 유키 코야마, 하효경","김자현, 이정섭, 김진일 등",,,,"['최서희', '유키 코야마', '하효경']","['김자현', '이정섭', '김진일']",연극+기악,연극,0.5089285714285714,기악,0.48660714285714285,"{'기악': 0.48660714285714285, '뮤지컬': 0.004464285714285714, '연극': 0.5089285714285714}"
One Free Drink Concert [대전],복합,복합,"김유범, 홍이삭, 김형준, 김영수, 조윤성, 이혜은, 정혜은 등",,"나무예술기획(주최), 나무예술기획(주관), 복합문화공간 플랜에이(조이마루아트홀)(주최), 복합문화공간 플랜에이(조이마루아트홀)(주관), 충남일보(주관)",,,"['김유범', '홍이삭', '김형준', '김영수', '조윤성', '이혜은', '정혜은']",[],기악+재즈/월드뮤직,기악,0.2525505016884328,재즈/월드뮤직,0.17093850048395504,"{'뮤지컬': 0.13148231079265563, '기악': 0.2525505016884328, '대중가요': 0.0881859131859132, '재즈/월드뮤직': 0.17093850048395504, '기타': 0.008683526786975064, '성악': 0.12692908986012436, '연극': 0.06633795685519825, '오페라': 0.05926055926055927, '넌버벌 퍼포먼스': 0.06611570247933886, '서커스/마술': 0.016528925619834715, '한국무용': 0.012987012987012988}"
어린왕자를 찾아서,복합,다원/융복합,,,극단 상상마당컴퍼니(주최),,,[],[],None,None,0.0,None,0.0,{}
"고스트 인 더 씨어터, 비욘드 게임",복합,다원/융복합,"강길완, 우상준, 황세주, 김상혁, 박시연","김상경, 김수현, 이중구 등","프로젝트 밈(주최), 프로젝트 밈(기획사), 프로젝트 밈(제작사)",구도윤,,"['강길완', '우상준', '황세주', '김상혁', '박시연']","['김상경', '김수현', '이중구']",뮤지컬+연극,뮤지컬,0.32503425993992036,연극,0.29494677230526295,"{'연극': 0.29494677230526295, '뮤지컬': 0.32503425993992036, '악극': 0.030922431865828097, '대중가요': 0.05660377358490567, '기악': 0.11282819207347512, '기타': 0.0058001397624039145, '재즈/월드뮤직': 0.03333333333333334, '한국무용': 0.045931915743236504, '현대무용': 0.019576719576719578, '성악': 0.0639412997903564, '마당극': 0.00209643605870021, '오페라': 0.001048218029350105, '스트리트/스포츠댄스': 0.007936507936507938}"
신데렐라의 모래 이야기,복합,다원/융복합,"김지현, 강동명, 장성일, 김성결, 홍예원, 김도아, 김일훈","김대염, 박성진, 유혜상 등","콘텐츠컬쳐플레이스(제작사), 아트아우름(제작사), (주)골든뮤직엔터테인먼트(주최), (재)성동문화재단(주관)",,,"['김지현', '강동명', '장성일', '김성결', '홍예원', '김도아', '김일훈']","['김대염', '박성진', '유혜상']",오페라+연극,오페라,0.386765933012063,연극,0.19827439072795114,"{'기악': 0.16802197487182008, '기타': 0.003072160038104311, '대중가요': 0.005096451536080019, '뮤지컬': 0.02091824584084646, '발레': 0.006419895893580104, '성악': 0.16747949189899655, '악극': 0.0026026604973973396, '연극': 0.19827439072795114, '오페라': 0.386765933012063, '재즈/월드뮤직': 0.003950435529382898, '창극': 0.00040485829959514174, '현대무용': 0.0026673017385091696, '혼합': 0.027915943705417393, '연희': 0.006410256410256411}"
요리조리 벌룬쉐프,복합,다원/융복합,,,상상발전소(주최),,,[],[],None,None,0.0,None,0.0,{}
우드로우,복합,복합,"박상민, 박신혜, 송현우, 이현진, 유명지",,야기웍스(주최),,,"['박상민', '박신혜', '송현우', '이현진', '유명지']",[],기악+연극,기악,0.34144968191222824,연극,0.2746707763938267,"{'기악': 0.34144968191222824, '기타': 0.03492798481797314, '대중가요': 0.06885964912280702, '뮤지컬': 0.188704137627173, '악극': 0.003905311223263639, '연극': 0.2746707763938267, '재즈/월드뮤직': 0.016405311223263642, '혼합': 0.016405311223263642, '발레': 0.003867501180916392, '성악': 0.018679145016532835, '한국무용': 0.001712328767123288, '현대무용': 0.010273972602739727, '서커스/마술': 0.013888888888888892, '오페라': 0.006250000000000002}"
조용필 음악과 함께하는 빛의 베아트리체 [하남],복합,다원/융복합,"허성재, 서연우, 김성은, 이도현, 윤석현, 서유진, 노유리 등","허성재, 김상교, 유경민 등","한국문화예술회관연합회(KoCACA)(주최), (재)하남문화재단(주관)",허성재,,"['허성재', '서연우', '김성은', '이도현', '윤석현', '서유진', '노유리']","['허성재', '김상교', '유경민']",연극+기악,연극,0.5713924652126899,기악,0.26317072440667943,"{'기악': 0.26317072440667943, '뮤지컬': 0.058847519521676814, '발레': 0.0008643042350907518, '성악': 0.06026258385808946, '연극': 0.5713924652126899, '오페라': 0.013828867761452028, '혼합': 0.0008643042350907518, '대중가요': 0.015384615384615384, '재즈/월드뮤직': 0.011538461538461536, '현대무용': 0.003846153846153846}"
"플래시콘서트, 알리 & 한동준 위드 오케스트라",복합,복합,"박상현, 한동준, 손현수 등",,"한국문화예술회관연합회(KoCACA)(주최), 남동문화재단(주관)",,,"['박상현', '한동준', '손현수']",[],기악+대중가요,기악,0.3972693972693973,대중가요,0.2237762237762238,"{'기악': 0.3972693972693973, '기타': 0.006993006993006994, '대중가요': 0.2237762237762238, '마당극': 0.0017482517482517485, '뮤지컬': 0.02938727938727939, '서커스/마술': 0.03113553113553114, '성악': 0.12071262071262072, '연극': 0.1182983682983683, '오페라': 0.008741258741258744, '재즈/월드뮤직': 0.020979020979020983, '현대무용': 0.0017482517482517485, '혼합': 0.003496503496503497, '발레': 0.02380952380952381, '악극': 0.011904761904761906}"
"브런치콘서트 피아니스트 김용진과 함께하는 이달의 공연: 보이는 콘서트, 현대무용 (8월)",복합,복합,"김용진, 조재형, 최정원, 이상엽",,"(재)구로문화재단(주최), (재)구로문화재단(주관), MEG컴퍼니(엠이지컴퍼니)(주관)",,,"['김용진', '조재형', '최정원', '이상엽']",[],기악+서커스/마술,기악,0.3957175441046409,서커스/마술,0.15904761904761905,"{'기악': 0.3957175441046409, '대중가요': 0.02090490155006284, '뮤지컬': 0.08769166317553413, '성악': 0.06470365272208589, '연극': 0.1173113624726528, '오페라': 0.011827956989247311, '재즈/월드뮤직': 0.004081632653061224, '혼합': 0.004803133374561946, '기타': 0.0036075036075036075, '현대무용': 0.1303030303030303, '서커스/마술': 0.15904761904761905}"
하우스콘서트 아리아리동동(同同) [함양],복합,복합,"임예슬, 한청종, 김성광, 윤병의, 배선희 등",,"함양군(주최), 함양군문화예술회관(주관)",,,"['임예슬', '한청종', '김성광', '윤병의', '배선희']",[],연극+재즈/월드뮤직,연극,0.5603174603174602,재즈/월드뮤직,0.22222222222222218,"{'뮤지컬': 0.1222222222222222, '연극': 0.5603174603174602, '기악': 0.022222222222222216, '성악': 0.04444444444444443, '재즈/월드뮤직': 0.22222222222222218, '현대무용': 0.028571428571428564}"
"미술관 옆 오페라하우스 Ⅱ, 오페라 나비부인&투란도트",복합,다원/융복합,"이주헌, 손지현 등",,"(재)부산문화회관(주최), (재)부산문화회관(주관)",,,"['이주헌', '손지현']",[],기악+뮤지컬,기악,0.5595238095238095,뮤지컬,0.25,"{'기악': 0.5595238095238095, '대중가요': 0.047619047619047616, '연희': 0.03571428571428571, '성악': 0.10714285714285714, '뮤지컬': 0.25}"
광주상설공연 (9월),복합,복합,"송선명, 김형석, 김나영, 김철환, 한지윤, 전미향, 김한송 등",,"광주광역시(주최), 광주광역시(기획사), 광주예술의전당 (구. 광주문화예술회관)(주최), 광주예술의전당 (구. 광주문화예술회관)(기획사)",,,"['송선명', '김형석', '김나영', '김철환', '한지윤', '전미향', '김한송']",[],기악+연극,기악,0.49459552304964544,연극,0.17022938829787237,"{'기악': 0.49459552304964544, '성악': 0.09990137411347519, '대중가요': 0.02264073581560284, '악극': 0.0021276595744680856, '연극': 0.17022938829787237, '오페라': 0.003690159574468086, '인형극': 0.014627659574468087, '기타': 0.0007812500000000002, '뮤지컬': 0.06145833333333334, '발레': 0.005729166666666667, '스트리트/스포츠댄스': 0.0007812500000000002, '연희': 0.0015625000000000003, '재즈/월드뮤직': 0.0007812500000000002, '한국무용': 0.05546875000000001, '현대무용': 0.005729166666666667, '혼합': 0.034895833333333334, '창극': 0.025000000000000005}"
"싱크넥스트23, 백현진 쑈: 공개방송",복합,복합,"백현진, 전제곤, 이태훈, 진수영 등",백현진 등,(재)세종문화회관(주최),,,"['백현진', '전제곤', '이태훈', '진수영']",['백현진'],현대무용+재즈/월드뮤직,현대무용,0.23529411764705888,재즈/월드뮤직,0.20739962651727362,"{'기악': 0.1831232492997199, '대중가요': 0.09640522875816995, '연극': 0.15108932461873642, '현대무용': 0.23529411764705888, '재즈/월드뮤직': 0.20739962651727362, '마임': 0.002178649237472767, '뮤지컬': 0.026579520697167763, '성악': 0.024400871459694995, '인형극': 0.002178649237472767, '혼합': 0.006535947712418302, '한국무용': 0.06481481481481483}"
물질 [고양],복합,다원/융복합,"김준봉, 마광현, 서현성, 이애리","이진엽, 세르지미, 신재욱 등","코끼리들이웃는다(제작사), (재)예술경영지원센터(주최), 코끼리들이웃는다(주관), (재)고양문화재단(주관)",,,"['김준봉', '마광현', '서현성', '이애리']","['이진엽', '세르지미', '신재욱']",연극+기악,연극,0.7523809523809524,기악,0.1130952380952381,"{'서커스/마술': 0.075, '연극': 0.7523809523809524, '기악': 0.1130952380952381, '대중가요': 0.005952380952380952, '한국무용': 0.005952380952380952, '현대무용': 0.005952380952380952, '뮤지컬': 0.041666666666666664}"
Movie & Musical과 함께하는 음악산책 [홍주],복합,복합,"박혜나, 이승용, 김헌범, 박신유, 이윤석, 김만규, 유환삼 등",,"문화체육관광부(주최), 홍성군(주최), 한국문화예술회관연합회(KoCACA)(주관), 홍성군공공시설관리소(주관)",,,"['박혜나', '이승용', '김헌범', '박신유', '이윤석', '김만규', '유환삼']",[],기악+뮤지컬,기악,0.5812307692307691,뮤지컬,0.2923076923076922,"{'기악': 0.5812307692307691, '기타': 0.01538461538461538, '뮤지컬': 0.2923076923076922, '성악': 0.01569230769230769, '연극': 0.08205128205128202, '한국무용': 0.010666666666666663, '혼합': 0.0026666666666666657}"
제9회 사랑앤 뇌병변 장애인을 위한 자선음악회,복합,복합,"박수용, 송기창, 김찬미, 류성직, 권휘소, 권용만 등",,사랑앤(주최),,,"['박수용', '송기창', '김찬미', '류성직', '권휘소', '권용만']",[],기악+성악,기악,0.39581708613966676,성악,0.26612143616751915,"{'기악': 0.39581708613966676, '성악': 0.26612143616751915, '재즈/월드뮤직': 0.02040816326530612, '오페라': 0.23963133640552997, '대중가요': 0.01098901098901099, '발레': 0.01098901098901099, '연극': 0.016483516483516484, '연희': 0.005494505494505495, '창극': 0.005494505494505495, '뮤지컬': 0.028571428571428574}"
광주학생 탈렌트 페스티벌,복합,복합,"이찬율, 김세린, 고소연, 박태희, 정채은, 김지혜, 은연화 등",,광주광역시교육청(주최),,,"['이찬율', '김세린', '고소연', '박태희', '정채은', '김지혜', '은연화']",[],기악+발레,기악,0.3953295002211411,발레,0.18487394957983194,"{'기악': 0.3953295002211411, '성악': 0.06104870018182711, '연극': 0.13563516634724065, '오페라': 0.07431716546267629, '대중가요': 0.09430438842203548, '발레': 0.18487394957983194, '뮤지컬': 0.021475256769374416, '악극': 0.0028011204481792717, '연희': 0.0018674136321195146, '인형극': 0.003734827264239029, '재즈/월드뮤직': 0.007581699346405229, '한국무용': 0.0009337068160597573, '현대무용': 0.0028011204481792717, '혼합': 0.013295985060690943}"
"이앤아이앙상블 콘서트, 칼레이도 사이클 [용인]",복합,복합,"이혜정, 고재경, 최정산, 설호종, 장경아, 박진희, 김도윤 등","이혜정, 박진희, 김도윤 등","이앤아이앙상블 (E&I ensemble)(주최), 이앤아이앙상블 (E&I ensemble)(주관)",,,"['이혜정', '고재경', '최정산', '설호종', '장경아', '박진희', '김도윤']","['이혜정', '박진희', '김도윤']",연극+기악,연극,0.3808197300599079,기악,0.20827579985289393,"{'기악': 0.20827579985289393, '뮤지컬': 0.057536684343578316, '성악': 0.045881132704705715, '스트리트/스포츠댄스': 0.006745737583395106, '연극': 0.3808197300599079, '오페라': 0.06625230465111857, '연희': 0.01079622132253711, '마임': 0.13963675213675214, '넌버벌 퍼포먼스': 0.007872244714349975, '서커스/마술': 0.011161718398560502, '대중가요': 0.021445221445221443, '현대무용': 0.005263157894736841, '재즈/월드뮤직': 0.01913875598086124, '인형극': 0.010486954565901931, '한국무용': 0.0013495276653171387, '혼합': 0.004048582995951416, '발레': 0.0032894736842105257}"
"태권무 한빛, 제주오백장군이야기",복합,복합,,,"한국문화예술회관연합회(KoCACA)(주최), 제주특별자치도 문화예술진흥원(주관)",,,[],[],None,None,0.0,None,0.0,{}
"김천시립예술단 서울공연, Memory in 김천",복합,복합,"김성진, 김소현, 이태원, 김지연, 송영훈, 김태형, 장미선 등",,"김천시(김천시청)(주최), 김천시문화예술회관(주관)",,,"['김성진', '김소현', '이태원', '김지연', '송영훈', '김태형', '장미선']",[],기악+연극,기악,0.3352454788637098,연극,0.2831976514201733,"{'기악': 0.3352454788637098, '뮤지컬': 0.15728707630563643, '발레': 0.002530532324439135, '성악': 0.08020903162622364, '연극': 0.2831976514201733, '오페라': 0.031737151405610196, '혼합': 0.03493814715252889, '기타': 0.004579443942587576, '대중가요': 0.021568154444170713, '재즈/월드뮤직': 0.013680425265791125, '현대무용': 0.031940487496043064, '넌버벌 퍼포먼스': 0.0005144032921810701, '악극': 0.0005144032921810701, '한국무용': 0.0010288065843621402, '연희': 0.0005144032921810701, '창극': 0.0005144032921810701}"
"몽골국립예술단 초청공연, Nomad, met as art [예산]",복합,복합,,,"충청남도(주최), (재)충남문화관광재단(주관), 전통예술단 혼(주관)",,,[],[],None,None,0.0,None,0.0,{}
JAZZ & 국악 with 웅산 [장흥],복합,복합,"임상규, 웅산, 제이세라, 천성대 등",,"한국문화예술회관연합회(KoCACA)(주최), 안산시청(주관), 장흥군청(주관)",,,"['임상규', '웅산', '제이세라', '천성대']",[],기악+재즈/월드뮤직,기악,0.26556776556776557,재즈/월드뮤직,0.2222222222222222,"{'기악': 0.26556776556776557, '연희': 0.10073260073260075, '혼합': 0.14652014652014653, '대중가요': 0.1111111111111111, '재즈/월드뮤직': 0.2222222222222222, '성악': 0.05128205128205129, '연극': 0.10256410256410257}"
홍지민과 함께하는 판타스틱쇼 시즌2,복합,복합,"이가연, 임세준, 유원석, 이선호 등",,"삼척시문화예술센터(주관), 한국문화예술회관연합회(KoCACA)(주최), (주) 산책컴퍼니(주관)",,,"['이가연', '임세준', '유원석', '이선호']",[],뮤지컬+연극,뮤지컬,0.33029649595687327,연극,0.20754716981132076,"{'기악': 0.1908355795148248, '대중가요': 0.07234501347708895, '뮤지컬': 0.33029649595687327, '성악': 0.06469002695417789, '오페라': 0.014285714285714285, '서커스/마술': 0.12000000000000002, '연극': 0.20754716981132076}"
"가족과 함께하는 카툰 콘서트, 셜록홈즈 With POLYSYMPHONIC [대전]",복합,복합,"양왕열, 최유석, 고길영, 이기명, 황성범, 성절모, 이한호 등",,"퓨전퍼커션밴드 폴리(주최), 공연기획피움(주관)",,,"['양왕열', '최유석', '고길영', '이기명', '황성범', '성절모', '이한호']",[],재즈/월드뮤직+기악,재즈/월드뮤직,0.363668430335097,기악,0.3165784832451499,"{'기악': 0.3165784832451499, '기타': 0.03932980599647266, '뮤지컬': 0.13139329805996472, '성악': 0.07689594356261022, '재즈/월드뮤직': 0.363668430335097, '혼합': 0.04991181657848324, '대중가요': 0.011111111111111112, '연극': 0.011111111111111112}"
"춘하추동, 디톡스 콘서트 : 남상일&박구윤&최연화",복합,복합,"남상일, 박구윤, 최연화",,"한국문화예술회관연합회(KoCACA)(주최), 남동문화재단(주관)",,,"['남상일', '박구윤', '최연화']",[],대중가요+성악,대중가요,0.5399610136452242,성악,0.1322751322751323,"{'기악': 0.058201058201058205, '기타': 0.10554163185742134, '대중가요': 0.5399610136452242, '성악': 0.1322751322751323, '연희': 0.0687830687830688, '창극': 0.010582010582010583, '한국무용': 0.005291005291005292, '혼합': 0.07936507936507937}"
어머니 달의신화,복합,복합,,,"서귀포예술의전당(주최), (사)제주빌레앙상블(주관), 무용단 놈스(주관)",,,[],[],None,None,0.0,None,0.0,{}
뷰티힐링 콘서트 with VIPIST [고양],복합,복합,"박현숙, 박은주, 이종원, 이하나, 정주미, 이채민 등",,에이블 코리아 주식회사(주관),,,"['박현숙', '박은주', '이종원', '이하나', '정주미', '이채민']",[],뮤지컬+한국무용,뮤지컬,0.28954104718810597,한국무용,0.19568288854003135,"{'기악': 0.17527167510360783, '성악': 0.06335216604124166, '악극': 0.00606060606060606, '연극': 0.16409889830057894, '오페라': 0.011774416060130343, '뮤지컬': 0.28954104718810597, '혼합': 0.023025210084033607, '기타': 0.0028571428571428567, '마당극': 0.0028571428571428567, '재즈/월드뮤직': 0.03755102040816326, '현대무용': 0.019999999999999997, '대중가요': 0.004081632653061223, '한국무용': 0.19568288854003135, '연희': 0.0038461538461538455}"
퍼플콘서트 in 서울,복합,복합,,,,,,[],[],None,None,0.0,None,0.0,{}
김영임 & 김용임과 함께하는 희희낙락 [문경],복합,복합,"김용임, 김영임, 고금성, 전영랑",,"한국문화예술회관연합회(KoCACA)(주최), 문경시(주관), (주)공감엔피엠(주관)",,,"['김용임', '김영임', '고금성', '전영랑']",[],대중가요+혼합,대중가요,0.28087797619047616,혼합,0.25657242063492064,"{'기타': 0.056671626984126984, '대중가요': 0.28087797619047616, '성악': 0.22681051587301587, '혼합': 0.25657242063492064, '기악': 0.08370535714285715, '연극': 0.008928571428571428, '연희': 0.030629960317460316, '한국무용': 0.016741071428571428, '재즈/월드뮤직': 0.0078125, '창극': 0.03125}"
"남구청년예술제, 함께푸르다: 해야청청",복합,복합,권윤형,,"대덕문화전당(주최), 대덕문화전당(주관), 대덕문화전당(기획사)",,,['권윤형'],[],현대무용+기악,현대무용,0.675,기악,0.125,"{'오페라': 0.1, '한국무용': 0.1, '현대무용': 0.675, '기악': 0.125}"
오라토리오 마르티레스,복합,복합,"김도환, 박태영, 김호정, 백현호, 최병혁, 김지훈, 류성현 등",홍성욱 등,"아트팜엘케이(Art Farm LK)(주최), 아트팜엘케이(Art Farm LK)(주관)",,,"['김도환', '박태영', '김호정', '백현호', '최병혁', '김지훈', '류성현']",['홍성욱'],기악+연극,기악,0.2264339288532837,연극,0.1679020947677664,"{'기악': 0.2264339288532837, '뮤지컬': 0.06869138324362205, '발레': 0.13305860805860806, '성악': 0.16673891351310707, '오페라': 0.12829232909878072, '혼합': 0.011890431293416368, '연극': 0.1679020947677664, '연희': 0.0237826021408111, '기타': 0.00101010101010101, '대중가요': 0.0025252525252525255, '악극': 0.0027589326096788785, '인형극': 0.00676164631388512, '재즈/월드뮤직': 0.000505050505050505, '한국무용': 0.0015151515151515152, '현대무용': 0.000505050505050505, '서커스/마술': 0.02860696517412935, '창극': 0.0012437810945273632, '넌버벌 퍼포먼스': 0.027777777777777776}"
그림자야 놀자 [부천],복합,복합,,,"(재)부천문화재단(주최), (재)부천문화재단(주관), 극단 모이세(주관)",,,[],[],None,None,0.0,None,0.0,{}
"동고동락 청년 예술 콘서트, 청신호: 파동이 우리를 주파할 때 [안산]",복합,복합,"안왕식, 빈재현, 최진욱, 최진우, 박창훈, 이재영 등",,"(재)안산문화재단(안산문화예술의전당)(주최), (재)안산문화재단(안산문화예술의전당)(주관), (재)안산문화재단(안산문화예술의전당)(기획사)",,,"['안왕식', '빈재현', '최진욱', '최진우', '박창훈', '이재영']",[],기악+현대무용,기악,0.4526493930905696,현대무용,0.20748716153127922,"{'기악': 0.4526493930905696, '성악': 0.07372198879551821, '연극': 0.16445494864612514, '현대무용': 0.20748716153127922, '한국무용': 0.095734126984127, '뮤지컬': 0.003968253968253969, '오페라': 0.0019841269841269845}"
"전주세계소리축제 개막공연, 상생과 회복 [전주]",복합,복합,"장일범, 박애리, 서선영, 김기훈, 문양숙, 김율희, 고영열 등","이소영, 박은혜, 박기남 등","(사)전주세계소리축제조직위원회(주최), (사)전주세계소리축제조직위원회(기획사)",,,"['장일범', '박애리', '서선영', '김기훈', '문양숙', '김율희', '고영열']","['이소영', '박은혜', '박기남']",성악+기악,성악,0.256168452466816,기악,0.19314911500495374,"{'기악': 0.19314911500495374, '성악': 0.256168452466816, '오페라': 0.08643864088334775, '기타': 0.014228856736830433, '넌버벌 퍼포먼스': 0.0016754034330352554, '대중가요': 0.008954585274627428, '연희': 0.02069906223358909, '창극': 0.07830800047130906, '한국무용': 0.08045731578282207, '혼합': 0.062292440783688466, '연극': 0.0857554849544837, '현대무용': 0.01635320503906236, '재즈/월드뮤직': 0.011469621579820304, '뮤지컬': 0.07664240794820687, '발레': 0.007407407407407407}"
"제14회 부산마루국제음악제, 프롬나드 콘서트IV, 지브리 WITH 샌드아트",복합,복합,"이병주, 임혁필, 박가경, 정회인 등",,"부산광역시(주최), 부산마루국제음악제 조직위원회(주관), 더존클래식(주최), 더존클래식(주관), 더존클래식(기획사)",,,"['이병주', '임혁필', '박가경', '정회인']",[],기악+재즈/월드뮤직,기악,0.7166666666666667,재즈/월드뮤직,0.19999999999999998,"{'기악': 0.7166666666666667, '재즈/월드뮤직': 0.19999999999999998, '기타': 0.08333333333333333}"
물질 [광주],복합,다원/융복합,,,"광주예술의전당 (구. 광주문화예술회관)(주관), (재)예술경영지원센터(주최)",,,[],[],None,None,0.0,None,0.0,{}
"서리풀악동문화공연, 매직컬 피터팬",복합,복합,,,서초구청(주최),,,[],[],None,None,0.0,None,0.0,{}
"전원경의 아트살롱, 그림콘서트: 고독한 뉴요커",복합,복합,"조은형, 박상혁 등",,"(재)당진문화재단(주최), (재)당진문화재단(주관)",,,"['조은형', '박상혁']",[],연극+뮤지컬,연극,0.6147058823529411,뮤지컬,0.15294117647058825,"{'연극': 0.6147058823529411, '기악': 0.08823529411764706, '대중가요': 0.04411764705882353, '뮤지컬': 0.15294117647058825, '넌버벌 퍼포먼스': 0.05, '악극': 0.05}"
제113회 강릉시립합창단 정기연주회,복합,복합,"민인기, 최정원, 최은선, 송현주, 박수용 등",,"강릉아트센터(주최), 강릉시립합창단(주관)",,,"['민인기', '최정원', '최은선', '송현주', '박수용']",[],성악+연극,성악,0.4707316734755759,연극,0.16927466165271043,"{'기악': 0.11706298444103322, '성악': 0.4707316734755759, '연극': 0.16927466165271043, '오페라': 0.013888888888888888, '기타': 0.0031565656565656565, '대중가요': 0.001893939393939394, '뮤지컬': 0.07298951048951048, '현대무용': 0.0890151515151515, '혼합': 0.0006313131313131314, '악극': 0.03159340659340659, '한국무용': 0.011904761904761904, '재즈/월드뮤직': 0.017857142857142856}"
호수 위 우주 [충주],복합,복합,"강다영, 김은진, 김하현, 민근혜, 배민우, 신이안, 심솔 등","곽창석, 노정식, 김태희 등","(재)예술경영지원센터(주최), 예술불꽃화랑(주관)",,,"['강다영', '김은진', '김하현', '민근혜', '배민우', '신이안', '심솔']","['곽창석', '노정식', '김태희']",현대무용+연극,현대무용,0.4166892481630333,연극,0.26554544742798303,"{'기악': 0.14499205479293165, '대중가요': 0.007024548950014788, '발레': 0.035326086956521736, '스트리트/스포츠댄스': 0.0036231884057971015, '연극': 0.26554544742798303, '오페라': 0.006074168797953965, '한국무용': 0.048563664596273294, '현대무용': 0.4166892481630333, '뮤지컬': 0.025883080504929244, '성악': 0.02961184473789516, '재즈/월드뮤직': 0.016666666666666666}"
"이재무 & 이준행, 즐거운 소란",복합,다원/융복합,,,인 메이트(주관),,,[],[],None,None,0.0,None,0.0,{}
형형색색 3인 3색 콘서트 [창원],복합,복합,"유도온, 권인하, 이응광",,"(재)창원문화재단(주최), (재)창원문화재단(기획사), 진해문화센터(주관)",,,"['유도온', '권인하', '이응광']",[],성악+대중가요,성악,0.44607843137254916,대중가요,0.3214285714285715,"{'대중가요': 0.3214285714285715, '성악': 0.44607843137254916, '기악': 0.13781512605042018, '기타': 0.055462184873949584, '뮤지컬': 0.011764705882352943, '연극': 0.011764705882352943, '오페라': 0.007843137254901962, '재즈/월드뮤직': 0.003921568627450981, '혼합': 0.003921568627450981}"
시네마 음악회 [부산],복합,복합,"서희태, 정혜욱, 정주연, 김태우 등",,"(재)영화의전당(주최), KNN(주관)",,,"['서희태', '정혜욱', '정주연', '김태우']",[],성악+연극,성악,0.3241499555058877,연극,0.3180926216640502,"{'기악': 0.13722701162168474, '기타': 0.012495676236596332, '대중가요': 0.05841404358353511, '성악': 0.3241499555058877, '오페라': 0.09820781854680159, '마당극': 0.005494505494505494, '연극': 0.3180926216640502, '악극': 0.0025510204081632647, '재즈/월드뮤직': 0.005102040816326529, '혼합': 0.0025510204081632647, '연희': 0.03571428571428571}"
을숙도문화회관 재개관기념 공연,복합,복합,"정동하, 홍희철, 최성근, 윤여경, 이주호, 김민영, 김민채 등",,"을숙도문화회관(주최), 을숙도문화회관(주관)",,,"['정동하', '홍희철', '최성근', '윤여경', '이주호', '김민영', '김민채']",[],연극+기악,연극,0.27483432326898755,기악,0.2266443931144476,"{'기악': 0.2266443931144476, '기타': 0.025000000000000005, '대중가요': 0.09208463949843262, '뮤지컬': 0.16234875983061103, '성악': 0.06122408293460926, '재즈/월드뮤직': 0.02432216905901117, '발레': 0.07066353187042843, '악극': 0.0031347962382445144, '연극': 0.27483432326898755, '인형극': 0.009404388714733545, '오페라': 0.016547049441786286, '혼합': 0.012958532695374803, '현대무용': 0.015151515151515154, '연희': 0.005681818181818183}"
"제22회 전주세계소리축제, re:Orient [전주]",복합,복합,"키야 타바시안, 정상희, 디뎀 바사르, 오병옥, 패트릭 그레함, 하민 호나리, 이상화 등",,"(사)전주세계소리축제조직위원회(주최), (사)전주세계소리축제조직위원회(기획사)",,,"['키야 타바시안', '정상희', '디뎀 바사르', '오병옥', '패트릭 그레함', '하민 호나리', '이상화']",[],기악+성악,기악,0.5326086956521738,성악,0.08378623188405798,"{'기악': 0.5326086956521738, '성악': 0.08378623188405798, '연희': 0.010416666666666666, '기타': 0.08333333333333333, '한국무용': 0.08333333333333333, '뮤지컬': 0.03260869565217391, '악극': 0.010869565217391304, '연극': 0.03260869565217391, '오페라': 0.06521739130434782, '혼합': 0.06521739130434782}"
"서구愛마토콘서트, 서풍: 이찬원, 정미애, 민요 김단희, 영남국악관현악단",복합,복합,"이찬원, 정미애, 김단희 등",,"한국문화예술회관연합회(KoCACA)(주최), 영남국악관현악단(주관), 대구광역시 서구문화회관(주관), 대구광역시 서구문화회관(주최)",,,"['이찬원', '정미애', '김단희']",[],대중가요+혼합,대중가요,0.5225806451612902,혼합,0.19999999999999993,"{'기악': 0.10537634408602146, '기타': 0.005376344086021503, '대중가요': 0.5225806451612902, '넌버벌 퍼포먼스': 0.011111111111111108, '성악': 0.08888888888888886, '혼합': 0.19999999999999993, '뮤지컬': 0.022222222222222216, '연극': 0.022222222222222216, '창극': 0.022222222222222216}"
브런치콘서트 피아니스트 김용진과 함께하는 이달의 공연: 국악이 흐르는 클래식 (9월),복합,복합,"김용진, 김진택, 이준목, 김지현, 서예지",,"(재)구로문화재단(주최), (재)구로문화재단(주관), MEG컴퍼니(엠이지컴퍼니)(주관)",,,"['김용진', '김진택', '이준목', '김지현', '서예지']",[],기악+뮤지컬,기악,0.4879159942349671,뮤지컬,0.2248261553811214,"{'기악': 0.4879159942349671, '대중가요': 0.012669779286926995, '뮤지컬': 0.2248261553811214, '성악': 0.10912218087515202, '연극': 0.10579902376910016, '오페라': 0.01799357264128062, '재즈/월드뮤직': 0.023064271255060727, '기타': 0.0013157894736842105, '발레': 0.010432330827067668, '악극': 0.0006578947368421052, '창극': 0.0006578947368421052, '현대무용': 0.0006578947368421052, '혼합': 0.004887218045112782}"
"삼국유사교육문화회관 가을밤 콘서트, 모던민요: 송소희 & 두번째달 & 오단해",복합,복합,,,"군위군 시설관리사업소(주최), 군위군 시설관리사업소(주관)",,,[],[],None,None,0.0,None,0.0,{}
광주상설공연 (10월),복합,복합,,,"광주예술의전당 (구. 광주문화예술회관)(주최), 광주예술의전당 (구. 광주문화예술회관)(주관), 광주광역시(주최)",,,[],[],None,None,0.0,None,0.0,{}
"브라소닛 빅밴드와 앰비규어스댄스컴퍼니, Body ＆ Voice [안동]",복합,복합,"에릭 미야시로, 정수라 등",,"한국문화예술회관연합회(KoCACA)(주최), 안동문화예술의전당 (평생학습원)(주관), 브라소닛(주관), 앰비규어스댄스컴퍼니(주관)",,,"['에릭 미야시로', '정수라']",[],기악+대중가요,기악,0.5,대중가요,0.3888888888888889,"{'기악': 0.5, '대중가요': 0.3888888888888889, '성악': 0.1111111111111111}"
"김남중의 쪽마루음악회, 낮별에서 밤별로: I.일월성신, 해와 달의기도",복합,다원/융복합,"김남중, 노은아, 서수복, 신주현, 김정근, 김선두","김남중, 김정근 등",,,,"['김남중', '노은아', '서수복', '신주현', '김정근', '김선두']","['김남중', '김정근']",기악+연극,기악,0.5229669615634528,연극,0.20000000000000004,"{'기악': 0.5229669615634528, '성악': 0.06757634827810267, '대중가요': 0.057929724596391265, '혼합': 0.0058479532163742695, '뮤지컬': 0.022222222222222227, '연극': 0.20000000000000004, '기타': 0.02469135802469136, '재즈/월드뮤직': 0.09876543209876544}"
제14회 안산 성황 예술제,복합,복합,,,"민속문화인협회(주최), 민속문화인협회(기획사), 안산시청(주최), 민속문화인협회(주관), 안산문화원(주관)",,,[],[],None,None,0.0,None,0.0,{}
"제12회 당진시민의 날, 기념식",복합,복합,안소미 등,,당진시(주최),,,['안소미'],[],연극,연극,1.0,None,0.0,{'연극': 1.0}
제55회 군산 진포예술제 개막식,복합,복합,장민호 등,,"(사)군산예총(주최), (사)군산예총(주관)",,,['장민호'],[],대중가요+뮤지컬,대중가요,0.42857142857142855,뮤지컬,0.2306122448979592,"{'기타': 0.01020408163265306, '대중가요': 0.42857142857142855, '뮤지컬': 0.2306122448979592, '서커스/마술': 0.11020408163265306, '연극': 0.15374149659863945, '기악': 0.03333333333333333, '오페라': 0.03333333333333333}"
"신라, 천년의 비상 [경주]",복합,복합,"김돈, 이해원, 박유리, 조아라, 정해윤, 김승철, 강현수 등","이건륜, 정가람, 김한길 등","경주시(주최), 울산광역시청(주최), 포항시청(주최), 경주시립예술단(주관), 울산시립예술단(주관), 포항시립예술단(주관)",,,"['김돈', '이해원', '박유리', '조아라', '정해윤', '김승철', '강현수']","['이건륜', '정가람', '김한길']",연극+기악,연극,0.2803369832781597,기악,0.26539593780973086,"{'성악': 0.2276093537756823, '기악': 0.26539593780973086, '뮤지컬': 0.11527035056446819, '연극': 0.2803369832781597, '오페라': 0.03480592892357597, '혼합': 0.011639613059491353, '기타': 0.006818583289171523, '한국무용': 0.005228758169934639, '현대무용': 0.00457516339869281, '창극': 0.009803921568627449, '연희': 0.029411764705882346, '악극': 0.0049019607843137246, '대중가요': 0.0042016806722689065}"
설화와 국악심포니 만나다,복합,다원/융복합,"채길룡, 서진실, 장명서, 박진아, 민은선, 박미애, 윤남 등","이창현, 김혜성, 이태일 등","(재)군포문화재단(군포문화예술회관)(주최), (재)군포문화재단(군포문화예술회관)(주관)",,,"['채길룡', '서진실', '장명서', '박진아', '민은선', '박미애', '윤남']","['이창현', '김혜성', '이태일']",성악+연극,성악,0.26442654567654567,연극,0.1924429736929737,"{'기악': 0.18286227661227658, '혼합': 0.11672008547008549, '대중가요': 0.05448717948717949, '뮤지컬': 0.03617909867909868, '성악': 0.26442654567654567, '한국무용': 0.012820512820512822, '연극': 0.1924429736929737, '기타': 0.0025252525252525255, '현대무용': 0.007575757575757576, '오페라': 0.026785714285714284, '발레': 0.05555555555555555, '연희': 0.047619047619047616}"
발레 메카닉 [LG아트센터],복합,복합,,,"LG아트센터(주관), (주)팀프앙상블(TIMF 앙상블)(주관), (재)예술경영지원센터(주최)",,,[],[],None,None,0.0,None,0.0,{}
"너드커넥션 단독 공연, 설명하기 어려운 것들",복합,다원/융복합,,,"유어썸머(주최), (주)하쿠나마타타(주최), (주)하쿠나마타타(주관)",,,[],[],None,None,0.0,None,0.0,{}
호수 위 우주 [세종],복합,복합,"강다연, 김은진, 김하현, 민근혜, 배민우, 신이안, 심솔 등","곽창석, 김준환, 노정식 등","(재)예술경영지원센터(주최), 예술불꽃화랑(주관)",,,"['강다연', '김은진', '김하현', '민근혜', '배민우', '신이안', '심솔']","['곽창석', '김준환', '노정식']",현대무용+기악,현대무용,0.4506175197351669,기악,0.20450089126559717,"{'기악': 0.20450089126559717, '연극': 0.19665775401069524, '한국무용': 0.06720779220779223, '뮤지컬': 0.010695187165775404, '성악': 0.026737967914438512, '오페라': 0.002673796791443851, '현대무용': 0.4506175197351669, '발레': 0.022727272727272735, '재즈/월드뮤직': 0.018181818181818188}"
B612 [인천],복합,다원/융복합,"이혜민, 이석호, 박병호, 한선영, 송민주, 김정우","김영배, 장윤희, 강경호 등","한국문화예술회관연합회(KoCACA)(주최), (재)인천광역시 부평구문화재단(부평아트센터)(주최), (재)인천광역시 부평구문화재단(부평아트센터)(주관), (재)인천광역시 부평구문화재단(부평아트센터)(기획사)",,,"['이혜민', '이석호', '박병호', '한선영', '송민주', '김정우']","['김영배', '장윤희', '강경호']",연극+뮤지컬,연극,0.5410511363636363,뮤지컬,0.18082386363636366,"{'기악': 0.09346590909090909, '넌버벌 퍼포먼스': 0.07102272727272727, '뮤지컬': 0.18082386363636366, '성악': 0.03835227272727273, '연극': 0.5410511363636363, '연희': 0.005681818181818182, '오페라': 0.008522727272727272, '대중가요': 0.011363636363636364, '한국무용': 0.002840909090909091, '발레': 0.015625, '스트리트/스포츠댄스': 0.015625, '현대무용': 0.015625}"
제17회 당진예술제,복합,복합,"김차돌, 한미나 등",,"(사)한국예술문화단체총연합회(주최), (사)한국예술문화단체총연합회(주관), (사)한국연예예술인총연합회 당진지부(주최), (사)한국연예예술인총연합회 당진지부(주관)",,,"['김차돌', '한미나']",[],기악+대중가요,기악,0.5,대중가요,0.5,"{'기악': 0.5, '대중가요': 0.5}"
환상노정기,복합,다원/융복합,,,"한국문화예술회관연합회(KoCACA)(주최), (재)밀양문화재단(주관), 창작국악그룹 그림(the林)(주관)",,,[],[],None,None,0.0,None,0.0,{}
"제23회 SPAF, 플레시",복합,다원/융복합,"타케우치 아즈사, 셀린느 데바이저","프랑크 비그루, 커트 데셀러, 미리암 구르핑크 등","서울국제공연예술제(SPAF)(주최), 서울국제공연예술제(SPAF)(주관), (재)예술경영지원센터(주최), (재)예술경영지원센터(기획사)",,,"['타케우치 아즈사', '셀린느 데바이저']","['프랑크 비그루', '커트 데셀러', '미리암 구르핑크']",None,None,0.0,None,0.0,{}
그림 속으로 들어간 소녀,복합,복합,"선우정아, 한예리, 천성대, 마예지, 이경구, 고명진, 김하영 등","윤주희, 임오정, 허범수 등",,,,"['선우정아', '한예리', '천성대', '마예지', '이경구', '고명진', '김하영']","['윤주희', '임오정', '허범수']",연극+기악,연극,0.33797184041888795,기악,0.2504397279549719,"{'대중가요': 0.08567304138950482, '재즈/월드뮤직': 0.02301136363636364, '혼합': 0.08663580737444376, '기악': 0.2504397279549719, '성악': 0.03890163559648039, '연극': 0.33797184041888795, '연희': 0.03234265734265735, '뮤지컬': 0.04031263719164875, '악극': 0.011954602415128732, '한국무용': 0.023698839039748135, '현대무용': 0.05593885281385282, '발레': 0.001108647450110865, '인형극': 0.00443458980044346, '기타': 0.007575757575757577}"
재즈 온 메이플스토리 [고양],복합,복합,김유원 등,,"(주)넥슨코리아(주최), (주)스톰프뮤직(주최), (주)스톰프뮤직(주관)",,,['김유원'],[],기악+성악,기악,0.9199999999999999,성악,0.06,"{'기악': 0.9199999999999999, '성악': 0.06, '재즈/월드뮤직': 0.02}"
홍지민과 함께하는 판타스틱쇼 시즌2 [함양],복합,복합,"홍지민, 유원석, 아리현, 임세준, 이선호 등",,"한국문화예술회관연합회(KoCACA)(주최), 함양군문화예술회관(주관)",,,"['홍지민', '유원석', '아리현', '임세준', '이선호']",[],뮤지컬+연극,뮤지컬,0.4740566037735849,연극,0.17455853894533133,"{'기악': 0.1560534591194968, '기타': 0.017521367521367518, '대중가요': 0.05079422673762295, '뮤지컬': 0.4740566037735849, '성악': 0.023810675697468146, '연극': 0.17455853894533133, '한국무용': 0.001602564102564102, '현대무용': 0.001602564102564102, '서커스/마술': 0.09999999999999999}"
SBS 뽕사활동과 함께하는 희망나눔 열린음악회 [대구],복합,복합,"안치현, 양채원, 강재수, 고정우, 김성리, 양지원, 이하준 등",,"희망나눔(주최), 희망나눔(주관)",,,"['안치현', '양채원', '강재수', '고정우', '김성리', '양지원', '이하준']",[],대중가요+뮤지컬,대중가요,0.46948590381426203,뮤지컬,0.1845771144278607,"{'기타': 0.058043117744610274, '대중가요': 0.46948590381426203, '연극': 0.10966003316749584, '현대무용': 0.08333333333333333, '기악': 0.04079601990049751, '뮤지컬': 0.1845771144278607, '발레': 0.0024875621890547263, '성악': 0.007462686567164179, '스트리트/스포츠댄스': 0.0024875621890547263, '혼합': 0.041666666666666664}"
"창원문화재단과 함께하는 해군음악회, 항해 [창원]",복합,복합,"김혜민, 이현욱, 조형준, 조원철, 윤소미, 송성민, 강신현 등",,"(재)창원문화재단(주최), 진해문화센터(주관)",,,"['김혜민', '이현욱', '조형준', '조원철', '윤소미', '송성민', '강신현']",[],기악+연극,기악,0.425225559263379,연극,0.3234413899041262,"{'기악': 0.425225559263379, '기타': 0.007071349118067693, '뮤지컬': 0.023359288097886538, '성악': 0.030333527552659917, '스트리트/스포츠댄스': 0.004608294930875575, '연극': 0.3234413899041262, '발레': 0.07142857142857142, '현대무용': 0.0073891625615763535, '오페라': 0.10714285714285712}"
가을 콘서트 [광양],복합,복합,"최성수, 최진희, 조하도, 진소리, 조형빈, 서하은",,광양시청(주최),,,"['최성수', '최진희', '조하도', '진소리', '조형빈', '서하은']",[],대중가요+기악,대중가요,0.25007541478129713,기악,0.19321266968325793,"{'기악': 0.19321266968325793, '기타': 0.03529411764705882, '대중가요': 0.25007541478129713, '성악': 0.12941176470588237, '오페라': 0.0058823529411764705, '재즈/월드뮤직': 0.0058823529411764705, '혼합': 0.0058823529411764705, '악극': 0.015384615384615385, '연극': 0.08205128205128205, '인형극': 0.07692307692307693, '마임': 0.1, '현대무용': 0.1}"
"신라, 천년의 비상 [울산]",복합,복합,"김돈, 이해원, 박유리, 조아라, 정해윤, 김승철, 강현수 등","이건륜, 정가람, 김한길 등","울산광역시청(주최), 경주시(주최), 포항시청(주최), 울산시립예술단(주관), 경주시립예술단(주관), 포항시립예술단(주관)",,,"['김돈', '이해원', '박유리', '조아라', '정해윤', '김승철', '강현수']","['이건륜', '정가람', '김한길']",연극+기악,연극,0.2803369832781597,기악,0.26539593780973086,"{'성악': 0.2276093537756823, '기악': 0.26539593780973086, '뮤지컬': 0.11527035056446819, '연극': 0.2803369832781597, '오페라': 0.03480592892357597, '혼합': 0.011639613059491353, '기타': 0.006818583289171523, '한국무용': 0.005228758169934639, '현대무용': 0.00457516339869281, '창극': 0.009803921568627449, '연희': 0.029411764705882346, '악극': 0.0049019607843137246, '대중가요': 0.0042016806722689065}"
"제11회 자문밖문화축제, 오프닝공연",복합,복합,"김초롱, 김도현, 류현석, 이지영 등",,,,,"['김초롱', '김도현', '류현석', '이지영']",[],기악+연극,기악,0.29637081718787317,연극,0.2557109081961547,"{'기악': 0.29637081718787317, '성악': 0.11301607751404114, '재즈/월드뮤직': 0.04578351164254249, '혼합': 0.05896226415094341, '현대무용': 0.12250792595319238, '기타': 0.006020162200030874, '대중가요': 0.005752995238491042, '뮤지컬': 0.060109795726120234, '발레': 0.009645980687456876, '스트리트/스포츠댄스': 0.0013477088948787065, '악극': 0.0013477088948787065, '연극': 0.2557109081961547, '연희': 0.0013477088948787065, '창극': 0.005390835579514826, '한국무용': 0.00847638310027139, '넌버벌 퍼포먼스': 0.0012586532410320962, '오페라': 0.006950562897699464}"
예술로 fantastic collaboration!,복합,복합,"신유경, 이숙현, 황찰리, 박승헌, 이다은",,"공연예술기획 에이치아츠(H-Arts)(주최), 대구문화예술진흥원(주최), 예술로(주최), 공연예술기획 에이치아츠(H-Arts)(주관), 대구문화예술진흥원(주관), 예술로(주관)",,,"['신유경', '이숙현', '황찰리', '박승헌', '이다은']",[],기악+재즈/월드뮤직,기악,0.45600064350064345,재즈/월드뮤직,0.1726190476190476,"{'기악': 0.45600064350064345, '뮤지컬': 0.11739864864864863, '성악': 0.0681708494208494, '재즈/월드뮤직': 0.1726190476190476, '연극': 0.17229729729729729, '혼합': 0.01351351351351351}"
디스이즈잇 [제주],복합,복합,,,"한국문화예술회관연합회(KoCACA)(주최), 제주아트센터(주관), 동감컴퍼니(주관)",,,[],[],None,None,0.0,None,0.0,{}
황금 물고기 [화성],복합,다원/융복합,송인현 등,"송인현, 최형오, 김지웅 등",(주)극단민들레(주최),,,['송인현'],"['송인현', '최형오', '김지웅']",연극+인형극,연극,0.5222222222222223,인형극,0.226984126984127,"{'연극': 0.5222222222222223, '연희': 0.07936507936507937, '넌버벌 퍼포먼스': 0.023809523809523808, '인형극': 0.226984126984127, '한국무용': 0.023809523809523808, '오페라': 0.028571428571428574, '기악': 0.007936507936507936, '대중가요': 0.031746031746031744, '뮤지컬': 0.047619047619047616, '재즈/월드뮤직': 0.007936507936507936}"
안티고네 [대전],복합,다원/융복합,,"오토 부르사티, 최성옥",대전예술의전당(주최),,,[],"['오토 부르사티', '최성옥']",현대무용,현대무용,1.0,None,0.0,{'현대무용': 1.0}
"그림이 오감을 만났을 때, 감각주의 Ep.2: 르누아르를 느끼다 [대구]",복합,복합,"정우철, 민시후, 노인호",,"대구학생문화센터(주최), 향기의 미술관(주관)",,,"['정우철', '민시후', '노인호']",[],기악+발레,기악,0.4424242424242424,발레,0.2,"{'기악': 0.4424242424242424, '대중가요': 0.01818181818181818, '재즈/월드뮤직': 0.13787878787878788, '현대무용': 0.01818181818181818, '연극': 0.13333333333333333, '기타': 0.03333333333333333, '스트리트/스포츠댄스': 0.016666666666666666, '발레': 0.2}"
Jazz & 국악 With 웅산,복합,복합,"임상규, 모선미, 김보성, 천성대",,"한국문화예술회관연합회(KoCACA)(주최), 논산문화관광재단(주관)",,,"['임상규', '모선미', '김보성', '천성대']",[],연극+기악,연극,0.36153846153846153,기악,0.2593406593406593,"{'기악': 0.2593406593406593, '연희': 0.11043956043956045, '혼합': 0.0879120879120879, '오페라': 0.05, '대중가요': 0.05, '연극': 0.36153846153846153, '현대무용': 0.05, '성악': 0.03076923076923077}"
"미술관 옆 오페라하우스 Ⅲ, 오페라 라 트라비아타",복합,다원/융복합,"이주헌, 손지현 등",,"(재)부산문화회관(주최), (재)부산문화회관(주관)",,,"['이주헌', '손지현']",[],기악+뮤지컬,기악,0.5595238095238095,뮤지컬,0.25,"{'기악': 0.5595238095238095, '대중가요': 0.047619047619047616, '연희': 0.03571428571428571, '성악': 0.10714285714285714, '뮤지컬': 0.25}"
"제23회 SPAF, 구조와 의식",복합,복합,"강요찬, 황석민, 정은영, 성혜경, 양지수, 정지욱 등","이창준, 정승재, 김재억 등","서울국제공연예술제(SPAF)(주최), 서울국제공연예술제(SPAF)(주관), (재)예술경영지원센터(주최), (재)예술경영지원센터(기획사)",,,"['강요찬', '황석민', '정은영', '성혜경', '양지수', '정지욱']","['이창준', '정승재', '김재억']",현대무용+한국무용,현대무용,0.4379273504273504,한국무용,0.1861111111111111,"{'한국무용': 0.1861111111111111, '현대무용': 0.4379273504273504, '기악': 0.12401960784313726, '뮤지컬': 0.07478991596638655, '발레': 0.050282805429864255, '성악': 0.0392156862745098, '연극': 0.059793148028442135, '연희': 0.0029411764705882353, '오페라': 0.0029411764705882353, '혼합': 0.014285714285714285, '인형극': 0.007692307692307693}"
비비런: 출발! 타이탄 지구 탐사대,복합,다원/융복합,,"손상원, 이선경, 임진관 등","국립아시아문화전당(주최), 국립아시아문화전당재단(주관), (재)종로문화재단(주최), (재)종로문화재단(주관), (재)종로문화재단(기획사)",경민선,,[],"['손상원', '이선경', '임진관']",기악+연극,기악,0.48268398268398266,연극,0.21212121212121213,"{'기악': 0.48268398268398266, '성악': 0.10173160173160173, '연희': 0.023809523809523808, '재즈/월드뮤직': 0.09523809523809523, '한국무용': 0.023809523809523808, '뮤지컬': 0.030303030303030304, '연극': 0.21212121212121213, '오페라': 0.030303030303030304}"
햄릿: 소리의심리학,복합,복합,"남명지, 이진희, 이희성, 허윤, 오현진, 김지현, 최윤석 등","박성민, 이지희, 이진희 등","하랑씨어터(기획사), 하랑씨어터(제작사)",,,"['남명지', '이진희', '이희성', '허윤', '오현진', '김지현', '최윤석']","['박성민', '이지희', '이진희']",연극+기악,연극,0.3951996385892267,기악,0.1937849792169014,"{'뮤지컬': 0.09610183252631764, '악극': 0.10005722220825197, '연극': 0.3951996385892267, '기악': 0.1937849792169014, '발레': 0.012433862433862432, '성악': 0.050296048556918126, '오페라': 0.04608744082428293, '창극': 0.00419103313840156, '한국무용': 0.014759120022277916, '혼합': 0.017181843497632972, '현대무용': 0.04360580939528307, '인형극': 0.008888888888888889, '대중가요': 0.008991228070175439, '기타': 0.0005847953216374269, '재즈/월드뮤직': 0.007836257309941521}"
홍지민과 함께하는 판타스틱쇼 시즌2 [고령],복합,복합,"홍지민, 유원석, 이가연, 임세준, 이선호 등",,"한국문화예술회관연합회(KoCACA)(주최), 고령군청(주최), 대가야문화누리(주관), 어쿠스틱 앙상블 재비(주관), 고령군청(기획사)",,,"['홍지민', '유원석', '이가연', '임세준', '이선호']",[],뮤지컬+기악,뮤지컬,0.40024707996406106,기악,0.17986298292902062,"{'기악': 0.17986298292902062, '기타': 0.006410256410256408, '대중가요': 0.06349263943603564, '뮤지컬': 0.40024707996406106, '성악': 0.06031861220540463, '연극': 0.17455853894533133, '한국무용': 0.001602564102564102, '현대무용': 0.001602564102564102, '서커스/마술': 0.09999999999999999, '오페라': 0.0119047619047619}"
"방방곡곡 문화공감, 누모리쇼",복합,복합,"이아진, 이안나, 구민지, 윤세연, 정준석, 문상준, 신동철 등",,"한국문화예술회관연합회(KoCACA)(주최), 이천문화재단(주관)",,,"['이아진', '이안나', '구민지', '윤세연', '정준석', '문상준', '신동철']",[],혼합+기악,혼합,0.2197365815012874,기악,0.21118043176866708,"{'기악': 0.21118043176866708, '뮤지컬': 0.2032498184458969, '성악': 0.10122961642569486, '연극': 0.1488908694791048, '혼합': 0.2197365815012874, '재즈/월드뮤직': 0.07067901234567901, '현대무용': 0.01473063973063973, '연희': 0.0303030303030303}"
月간 경지: 두개의 Moon,복합,복합,"신도현, 강희경, 이재득, 오현, 양준혁, 최영진, 허이나 등",,"계양문화회관(인천광역시 계양구청)(주최), 계양문화회관(인천광역시 계양구청)(주관), 밴드 경지(주최), 밴드 경지(주관)",,,"['신도현', '강희경', '이재득', '오현', '양준혁', '최영진', '허이나']",[],혼합+연극,혼합,0.40642182799045534,연극,0.24999999999999994,"{'기악': 0.23482726423902892, '혼합': 0.40642182799045534, '연극': 0.24999999999999994, '뮤지컬': 0.006535947712418299, '성악': 0.012708787218591137, '대중가요': 0.030864197530864192, '기타': 0.003086419753086419, '발레': 0.055555555555555546}"
제29회 구미음악제,복합,복합,"권동출, 신민섭, 김지인, 김정화, 강명화, 이정애, 현동헌 등",,"(사)한국음악협회 구미지부(주최), (사)한국음악협회 구미지부(주관)",,,"['권동출', '신민섭', '김지인', '김정화', '강명화', '이정애', '현동헌']",[],연극+기악,연극,0.2614087301587302,기악,0.20389159451659453,"{'기악': 0.20389159451659453, '현대무용': 0.125, '뮤지컬': 0.05555555555555555, '연극': 0.2614087301587302, '대중가요': 0.011904761904761904, '성악': 0.11050234487734488, '재즈/월드뮤직': 0.007936507936507936, '연희': 0.0026041666666666665, '오페라': 0.11513573232323233, '한국무용': 0.08333333333333333, '악극': 0.022727272727272724}"
가을밤의 음악회,복합,복합,"정호윤, 이응광, 이상은, 변진섭, 이해리, 강민경, 이영현 등",,"강북구청(주최), 강북구청(기획사)",,,"['정호윤', '이응광', '이상은', '변진섭', '이해리', '강민경', '이영현']",[],기악+연극,기악,0.2239947930350407,연극,0.2237402766814531,"{'기악': 0.2239947930350407, '뮤지컬': 0.15322745616863265, '성악': 0.14776017221837653, '오페라': 0.02475606005017769, '기타': 0.020787056081173726, '연극': 0.2237402766814531, '재즈/월드뮤직': 0.0022656909653813676, '혼합': 0.00106951871657754, '대중가요': 0.19129289392447282, '현대무용': 0.00990990990990991, '연희': 0.0011961722488038275}"
"제63주년 2.28민주운동 헌정공연, 굳센 강물처럼",복합,복합,이윤경 등,,"2.28민주운동기념사업회(주최), 2.28민주운동기념사업회(주관)",,,['이윤경'],[],기악+연극,기악,0.31619937694704053,연극,0.25545171339563866,"{'기악': 0.31619937694704053, '뮤지컬': 0.014018691588785048, '발레': 0.004672897196261683, '성악': 0.23753894080996887, '연극': 0.25545171339563866, '오페라': 0.06542056074766356, '한국무용': 0.004672897196261683, '현대무용': 0.10202492211838007}"
"제26회 광주소극장축제 공식참여작, 암향환향",복합,복합,"최미령, 류은경, 이지오","이민영, 이지오","광주소극장협회(주최), 광주소극장협회(기획사)",,,"['최미령', '류은경', '이지오']","['이민영', '이지오']",기악+연극,기악,0.5209302325581395,연극,0.2955602536997886,"{'연극': 0.2955602536997886, '기악': 0.5209302325581395, '뮤지컬': 0.0773784355179704, '성악': 0.046511627906976744, '연희': 0.009302325581395349, '오페라': 0.009302325581395349, '창극': 0.022832980972515855, '혼합': 0.01818181818181818}"
"프리즘홀 10주년 기념공연, 다브다 X 제이통: A.D.10",복합,복합,"이승현, 김지애, 이요셉, 노거현, 이정훈",,"프리즘홀(주관), 프리즘홀(주최), 까미뮤직(주최)",,,"['이승현', '김지애', '이요셉', '노거현', '이정훈']",[],연극+뮤지컬,연극,0.3113106488944166,뮤지컬,0.21856240061750115,"{'기악': 0.12023952716432242, '대중가요': 0.12820666241180018, '뮤지컬': 0.21856240061750115, '발레': 0.01808318264014467, '성악': 0.031319635936166094, '연극': 0.3113106488944166, '오페라': 0.0732368896925859, '현대무용': 0.009064774887559699, '혼합': 0.01914025103712371, '마임': 0.02099493643611291, '인형극': 0.008403361344537816, '한국무용': 0.014652014652014654, '마당극': 0.00892857142857143, '악극': 0.00892857142857143, '연희': 0.00892857142857143}"
자유를 향한 소리 [부천],복합,복합,"김보람, 한진희, 주미란, 정진아, 오태형, 정순호, 손세종","김보람, 윤상원, 최민욱 등","한패(주최), 한패(주관), 한패(기획사)",,,"['김보람', '한진희', '주미란', '정진아', '오태형', '정순호', '손세종']","['김보람', '윤상원', '최민욱']",기악+현대무용,기악,0.2512899005756148,현대무용,0.2085949764521193,"{'기악': 0.2512899005756148, '기타': 0.021781789638932497, '대중가요': 0.007849293563579277, '뮤지컬': 0.1134955520669806, '성악': 0.0707535321821036, '연극': 0.17221088435374146, '연희': 0.0013736263736263735, '오페라': 0.006475667189952902, '창극': 0.004120879120879121, '한국무용': 0.004230769230769231, '현대무용': 0.2085949764521193, '발레': 0.0028571428571428567, '혼합': 0.005714285714285713, '재즈/월드뮤직': 0.12925170068027209}"
속 시원한 음악회,복합,복합,"정준영, 이원용, 조찬욱, 강종영, 김종우, 황현석, 조예희 등",,"한국문화예술회관연합회(KoCACA)(주최), 한우리오페라단(주최), 한우리오페라단(주관), 충주시문화회관(주관)",,,"['정준영', '이원용', '조찬욱', '강종영', '김종우', '황현석', '조예희']",[],성악+연극,성악,0.43960363872644564,연극,0.19200779727095513,"{'기악': 0.1810591293047433, '성악': 0.43960363872644564, '연극': 0.19200779727095513, '재즈/월드뮤직': 0.011403508771929822, '기타': 0.02222222222222222, '오페라': 0.07592592592592591, '발레': 0.035185185185185174, '한국무용': 0.005555555555555555, '뮤지컬': 0.03703703703703703}"
미술관 옆 공연장: 그림에 음악과 향기를 더하다,복합,다원/융복합,"정우철, 노인호, 민시후",,(재)세종문화회관(주최),,,"['정우철', '노인호', '민시후']",[],기악+발레,기악,0.4424242424242424,발레,0.2,"{'기악': 0.4424242424242424, '대중가요': 0.01818181818181818, '재즈/월드뮤직': 0.13787878787878788, '현대무용': 0.01818181818181818, '연극': 0.13333333333333333, '기타': 0.03333333333333333, '스트리트/스포츠댄스': 0.016666666666666666, '발레': 0.2}"
박 벌어진다 [연천],복합,다원/융복합,"김가을, 김민주, 정연주, 이다은, 이태민, 이승훈, 김승우",,"연천군시설관리공단(주최), 연천수레울아트홀(주관), 다원예술그룹 예화(주관)",,,"['김가을', '김민주', '정연주', '이다은', '이태민', '이승훈', '김승우']",[],연극+기악,연극,0.463084793105621,기악,0.1600341249964899,"{'뮤지컬': 0.12097651160553242, '성악': 0.026618386109990587, '연극': 0.463084793105621, '연희': 0.019037356321839078, '혼합': 0.14126862844615676, '기악': 0.1600341249964899, '기타': 0.004797537098987819, '대중가요': 0.03539475915875169, '발레': 0.0006218905472636815, '악극': 0.004797537098987819, '오페라': 0.001243781094527363, '재즈/월드뮤직': 0.008292990864642304, '한국무용': 0.004117344312918167, '현대무용': 0.0097143592382913}"
"해금병창, 사철에 꽃길로 님을 모십니다",복합,복합,"금모래, 윤성희, 김현동, 안원석, 원익준",,"금모래컴퍼니(주최), 금모래컴퍼니(주관)",,,"['금모래', '윤성희', '김현동', '안원석', '원익준']",[],재즈/월드뮤직+성악,재즈/월드뮤직,0.35831244778613197,성악,0.2358813700918964,"{'기악': 0.23500417710944024, '대중가요': 0.09845446950710109, '성악': 0.2358813700918964, '오페라': 0.02631578947368421, '재즈/월드뮤직': 0.35831244778613197, '기타': 0.022222222222222223, '혼합': 0.023809523809523808}"
"김남중의 쪽마루음악회, 낮별에서 밤별로: II.풍청월랑, 맑은 바람 달에 스치우고",복합,다원/융복합,"김남중, 김하영, 정욱, 황지희, 김정근",김남중 등,,,,"['김남중', '김하영', '정욱', '황지희', '김정근']",['김남중'],기악+연극,기악,0.4303427946560168,연극,0.30974183426044793,"{'기악': 0.4303427946560168, '성악': 0.10146595033201795, '대중가요': 0.026046371574826865, '뮤지컬': 0.040507773498787626, '발레': 0.0013550135501355016, '연극': 0.30974183426044793, '인형극': 0.005420054200542006, '악극': 0.0058479532163742695, '스트리트/스포츠댄스': 0.0058479532163742695, '한국무용': 0.0058479532163742695, '현대무용': 0.0058479532163742695, '기타': 0.01234567901234568, '재즈/월드뮤직': 0.04938271604938272}"
비오케이 문화산책 (10월),복합,복합,"김미경, 정호석, 박유나, 전예린, 이진, 장한별, 성시연 등",,"비오케이 아트센터 (BOK아트센터)(주최), (주)비오케이아트(주관)",,,"['김미경', '정호석', '박유나', '전예린', '이진', '장한별', '성시연']",[],기악+연극,기악,0.43270944741532985,연극,0.2956845768610475,"{'기악': 0.43270944741532985, '대중가요': 0.012549019607843138, '성악': 0.11313131313131317, '연극': 0.2956845768610475, '연희': 0.003333333333333334, '재즈/월드뮤직': 0.006666666666666668, '한국무용': 0.010000000000000002, '혼합': 0.003333333333333334, '뮤지컬': 0.04714285714285715, '악극': 0.0071428571428571435, '오페라': 0.020000000000000004, '발레': 0.004545454545454546, '현대무용': 0.03787878787878789, '기타': 0.005882352941176471}"
Mr 오페라 Miss 뮤지컬 [경주],복합,복합,"강병길, 박정환, 김성진, 이민정, 박보윤, 권별, 박희애 등",,"경상북도(주최), 더 쉼(주관)",,,"['강병길', '박정환', '김성진', '이민정', '박보윤', '권별', '박희애']",[],오페라+기악,오페라,0.4259216060902279,기악,0.2673356549364614,"{'오페라': 0.4259216060902279, '기악': 0.2673356549364614, '기타': 0.0037878787878787876, '뮤지컬': 0.005987292277614858, '성악': 0.13463030228975978, '연극': 0.13469185994845817, '재즈/월드뮤직': 0.011363636363636364, '발레': 0.00219941348973607, '혼합': 0.01218841642228739, '현대무용': 0.0018939393939393938}"
제10회 이데일리 문화대상 시상식,복합,복합,"정준호, 신현준, 김호중, 박성화, 김홍중, 정윤호, 강여상 등",,"(주)이데일리(주최), 곽재선문화재단(주관), (주)이데일리(기획사)",,,"['정준호', '신현준', '김호중', '박성화', '김홍중', '정윤호', '강여상']",[],대중가요+연극,대중가요,0.3371030882992605,연극,0.23907910271546637,"{'기악': 0.21594171378860375, '성악': 0.07593984962406014, '연극': 0.23907910271546637, '연희': 0.09415584415584416, '한국무용': 0.006493506493506493, '혼합': 0.006493506493506493, '대중가요': 0.3371030882992605, '기타': 0.008264462809917356, '뮤지컬': 0.01652892561983471}"
광주상설공연 (11월),복합,복합,,,"광주광역시(주최), 광주예술의전당 (구. 광주문화예술회관)(주관)",,,[],[],None,None,0.0,None,0.0,{}
피노키오와 푸른고래 [인천],복합,다원/융복합,,,,,,[],[],None,None,0.0,None,0.0,{}
"어텀바로크, 비바헨델: 아르카디아의 사랑 시즌2",복합,복합,"장혜지, 정시만, 김태일, 김세미, 길정석 등","김태형, 김나연, 김재연 등","(주)메이지프로덕션(주최), 스프링 바로크(주최), (주)메이지프로덕션(주관), 스프링 바로크(주관)",,,"['장혜지', '정시만', '김태일', '김세미', '길정석']","['김태형', '김나연', '김재연']",연극+기악,연극,0.2952289094650206,기악,0.2615728728575951,"{'기악': 0.2615728728575951, '성악': 0.16907885067607292, '연극': 0.2952289094650206, '오페라': 0.13332782186948852, '현대무용': 0.015335648148148152, '넌버벌 퍼포먼스': 0.003968253968253969, '재즈/월드뮤직': 0.003968253968253969, '창극': 0.012419165196942975, '한국무용': 0.031144363609641387, '기타': 0.0013824588477366255, '대중가요': 0.0024112654320987653, '뮤지컬': 0.057334203861981646, '연희': 0.00051440329218107, '혼합': 0.007973251028806584, '발레': 0.0034722222222222225, '악극': 0.0008680555555555556}"
화합콘서트 동행 [전남 영광],복합,복합,"김재희, 강직, 박선경, 이남현, 강세웅, 이미경",,"전라남도(주최), 영광군청(주관), 영광예술의전당 (영광군문화교육사업소)(주최), 영광예술의전당 (영광군문화교육사업소)(기획사)",,,"['김재희', '강직', '박선경', '이남현', '강세웅', '이미경']",[],연극+기악,연극,0.26664050235478814,기악,0.2459183673469388,"{'기악': 0.2459183673469388, '대중가요': 0.03061224489795919, '뮤지컬': 0.18857927786499215, '연극': 0.26664050235478814, '한국무용': 0.03061224489795919, '연희': 0.01428571428571429, '오페라': 0.08095238095238097, '혼합': 0.01428571428571429, '성악': 0.11904761904761907, '현대무용': 0.0035714285714285726, '악극': 0.005494505494505496}"
"최부미 Jazz Odyssey, 가려진 여정 [인천]",복합,복합,"최부미, 김선빈, 김봉관, 정미영, 김가연, 김정민, 김재진 등","최부미, 정미영, 정태진 등","뮤직오디세이(주최), 뮤직오디세이(주관), 남동문화재단(주최), 남동문화재단(주관)",,,"['최부미', '김선빈', '김봉관', '정미영', '김가연', '김정민', '김재진']","['최부미', '정미영', '정태진']",연극+재즈/월드뮤직,연극,0.20061377492173346,재즈/월드뮤직,0.19088811995386393,"{'재즈/월드뮤직': 0.19088811995386393, '뮤지컬': 0.14140715109573243, '악극': 0.02941176470588236, '연극': 0.20061377492173346, '대중가요': 0.014302191464821227, '발레': 0.012324929971988797, '성악': 0.06920415224913497, '혼합': 0.011188004613610152, '기악': 0.13991596638655462, '현대무용': 0.16176470588235298, '기타': 0.01608996539792388, '창극': 0.0006920415224913496, '한국무용': 0.012197231833910036}"
동물의 사육제와 피터와 늑대,복합,복합,,,,,,[],[],None,None,0.0,None,0.0,{}
방과후 공연놀이터,복합,복합,,,"(재)노원문화재단(주최), (재)노원문화재단(주관)",,,[],[],None,None,0.0,None,0.0,{}
"부산국악방송 개국12주년기념 공개음악회, 좋아海 사랑海",복합,복합,"박애리, 이승희, 강태훈, 김태준, 함동우, 김성은, 양혜원 등",,"(재)국악방송(주최), 국립부산국악원(주최)",,,"['박애리', '이승희', '강태훈', '김태준', '함동우', '김성은', '양혜원']",[],기악+연극,기악,0.3315265962062892,연극,0.2654144209452748,"{'기악': 0.3315265962062892, '기타': 0.0013175230566534917, '넌버벌 퍼포먼스': 0.0013175230566534917, '대중가요': 0.0013175230566534917, '성악': 0.10234708215083828, '연희': 0.01708787479538468, '창극': 0.11961227178618485, '한국무용': 0.002387041773231032, '혼합': 0.07895543037572983, '뮤지컬': 0.05386542396696816, '연극': 0.2654144209452748, '오페라': 0.02276031965390855, '재즈/월드뮤직': 0.0010695187165775403, '발레': 0.0010214504596527069}"
"팀 퍼니스트 서커스 음악극: 체어,테이블,체어 [광주]",복합,복합,"김희명, 최대성, 김한상, 심재성",,"광주광역시 북구(주최), 광주북구문화센터(주관)",,,"['김희명', '최대성', '김한상', '심재성']",[],넌버벌 퍼포먼스+연극,넌버벌 퍼포먼스,0.638888888888889,연극,0.16666666666666666,"{'넌버벌 퍼포먼스': 0.638888888888889, '대중가요': 0.1111111111111111, '연극': 0.16666666666666666, '뮤지컬': 0.08333333333333333}"
깽판: 우리가 살판 [양주],복합,복합,,,"한국문화예술회관연합회(KoCACA)(주최), 양주도시공사(주관)",,,[],[],None,None,0.0,None,0.0,{}
콘텐츠 창의인재동반사업 쇼케이스: 데뷔를 대비하라,복합,복합,"배병휘, 최경훈, 유혜림, 안미혜, 나규미, 김범진, 허재무 등",,"(주)에이치제이컬쳐(HJ컬쳐)(주최), (주)에이치제이컬쳐(HJ컬쳐)(주관)",,,"['배병휘', '최경훈', '유혜림', '안미혜', '나규미', '김범진', '허재무']",[],연극+현대무용,연극,0.896729196729197,현대무용,0.047522847522847536,"{'연극': 0.896729196729197, '현대무용': 0.047522847522847536, '악극': 0.012987012987012991, '기악': 0.009090909090909094, '뮤지컬': 0.010101010101010104, '성악': 0.020202020202020207, '오페라': 0.0033670033670033677}"
실감 체험 야행길 공연: 아도의 향기를 찾아서,복합,다원/융복합,,,(사)문화창작집단 공터다(주관),,,[],[],None,None,0.0,None,0.0,{}
숨 S:UM,복합,복합,"김나니, 유태평양, 이성은 등",,(재)의정부문화재단 (의정부예술의전당)(주최),,,"['김나니', '유태평양', '이성은']",[],연극+성악,연극,0.34375,성악,0.16557017543859648,"{'기악': 0.15405701754385964, '뮤지컬': 0.0625, '성악': 0.16557017543859648, '연희': 0.0400219298245614, '혼합': 0.11239035087719298, '기타': 0.008771929824561403, '마당극': 0.0043859649122807015, '재즈/월드뮤직': 0.014802631578947368, '창극': 0.07894736842105263, '한국무용': 0.014802631578947368, '연극': 0.34375}"
고양 학생 뮤지컬&연극&영화 축제,복합,복합,,,경기도고양교육지원청(주최),,,[],[],None,None,0.0,None,0.0,{}
"제41회 제물포예술제: No Instruments, Only Voices.",복합,복합,,,"(사)한국예총 인천광역시연합회 인천예총(인천수봉문화회관)(주최), (사)한국예총 인천광역시연합회 인천예총(인천수봉문화회관)(주관)",,,[],[],None,None,0.0,None,0.0,{}
"관현악시리즈Ⅱ, 관현악의 기원: 이머시브 1인 관람극 (11.23)",복합,복합,윤현진,"서현석, 천재현",국립극장(주최),,,['윤현진'],"['서현석', '천재현']",기악+뮤지컬,기악,0.5335978835978836,뮤지컬,0.14074074074074075,"{'기악': 0.5335978835978836, '연희': 0.08095238095238096, '인형극': 0.036904761904761905, '혼합': 0.060714285714285714, '뮤지컬': 0.14074074074074075, '오페라': 0.03333333333333333, '연극': 0.10185185185185186, '성악': 0.011904761904761904}"
"관현악시리즈Ⅱ, 관현악의 기원: 이머시브 1인 관람극 (11.24)",복합,복합,윤현진,"서현석, 천재현",국립극장(주최),,,['윤현진'],"['서현석', '천재현']",기악+뮤지컬,기악,0.5335978835978836,뮤지컬,0.14074074074074075,"{'기악': 0.5335978835978836, '연희': 0.08095238095238096, '인형극': 0.036904761904761905, '혼합': 0.060714285714285714, '뮤지컬': 0.14074074074074075, '오페라': 0.03333333333333333, '연극': 0.10185185185185186, '성악': 0.011904761904761904}"
제1회 청바지 가을 음악회: 청년이 바꾸는 지방,복합,복합,"고경남, 신창훈, 손율이, 이경금, 임예슬",,"경상북도경제진흥원(GEPA)(주최), 경상북도경제진흥원(GEPA)(주관)",,,"['고경남', '신창훈', '손율이', '이경금', '임예슬']",[],기악+성악,기악,0.3333333333333333,성악,0.3333333333333333,"{'기악': 0.3333333333333333, '성악': 0.3333333333333333, '뮤지컬': 0.16666666666666666, '연극': 0.16666666666666666}"
울산에이팜,복합,복합,"김태혜, 박지현, 박상민, 서지오, 최고은 등",,"(재)울산문화재단(주관), 울산광역시청(주최)",,,"['김태혜', '박지현', '박상민', '서지오', '최고은']",[],연극+대중가요,연극,0.3642991507211621,대중가요,0.2459371503222742,"{'기악': 0.2447285519647633, '대중가요': 0.2459371503222742, '뮤지컬': 0.02914444949061692, '성악': 0.01966853855636214, '악극': 0.003465038435013709, '연극': 0.3642991507211621, '연희': 0.0019175455417066154, '오페라': 0.030567730447883853, '한국무용': 0.00599917819476784, '현대무용': 0.019774688398849473, '혼합': 0.02540381394521779, '기타': 0.002506265664160401, '재즈/월드뮤직': 0.006587898317221625}"
폴링 인 트롯 with 신유 [용인],복합,복합,"김성훈, 방성호 등",,"(재)용인문화재단(주최), 웨스턴 심포니 오케스트라(주관)",,,"['김성훈', '방성호']",[],기악+오페라,기악,0.3813964449232427,오페라,0.18295072788353867,"{'기악': 0.3813964449232427, '기타': 0.06901427417182872, '대중가요': 0.016967411796391062, '뮤지컬': 0.02215189873417722, '성악': 0.06369512523565851, '스트리트/스포츠댄스': 0.003164556962025317, '연극': 0.0711192538307795, '재즈/월드뮤직': 0.003164556962025317, '현대무용': 0.1305796135909394, '혼합': 0.016322451698867424, '오페라': 0.18295072788353867, '한국무용': 0.03947368421052632}"
"서구愛마토콘서트, 나팔바지: X세대 엄빠의 가요 톱텐",복합,복합,"최서아, 김건우, 박영현, 김민준, 김채린, 박지수, 류정인 등","최두혁, 백승동, 문진학 등","한국문화예술회관연합회(KoCACA)(주최), 대구광역시 서구문화회관(주최), 카이로스댄스컴퍼니(주관), 대구광역시 서구문화회관(주관), 대구광역시 서구문화회관(기획사)","손호석, 김성원",,"['최서아', '김건우', '박영현', '김민준', '김채린', '박지수', '류정인']","['최두혁', '백승동', '문진학']",현대무용+연극,현대무용,0.35801974675813686,연극,0.15977304512908228,"{'대중가요': 0.02757537723481996, '연극': 0.15977304512908228, '현대무용': 0.35801974675813686, '뮤지컬': 0.1101736890281782, '기악': 0.11123844352172525, '넌버벌 퍼포먼스': 0.001589825119236884, '성악': 0.06979342234760191, '연희': 0.031001589825119233, '오페라': 0.04613044299576808, '한국무용': 0.01609962904080551, '혼합': 0.006491785903550609, '발레': 0.06108101135190919, '재즈/월드뮤직': 0.0010319917440660474}"
샌드 팝페라: 금빛 모래의 향연 [용인],복합,다원/융복합,,,"경기아트센터(주최), 신아트엔터테인먼트(주관)",,,[],[],None,None,0.0,None,0.0,{}
"삼국유사교육문화회관 기획공연, 진조크루X악단광칠: 리듬오브코리아 (11월)",복합,다원/융복합,"방초롱, 이유진, 최은비, 김현수, 이향희, 김동훈, 전현준 등",,"군위군 시설관리사업소(주최), 군위군 시설관리사업소(주관), 군위군 시설관리사업소(기획사)",,,"['방초롱', '이유진', '최은비', '김현수', '이향희', '김동훈', '전현준']",[],연극+기악,연극,0.31080664149717857,기악,0.22016772892731973,"{'기악': 0.22016772892731973, '대중가요': 0.0994326716193724, '연희': 0.04726615887901054, '혼합': 0.11354137065454202, '뮤지컬': 0.04955281025453659, '서커스/마술': 0.003288271830471319, '성악': 0.09325024695868685, '악극': 0.0007002801120448179, '연극': 0.31080664149717857, '오페라': 0.015623097064912923, '인형극': 0.0007002801120448179, '한국무용': 0.019731533917914993, '현대무용': 0.024903711484593836, '기타': 0.0005175983436853001, '재즈/월드뮤직': 0.0005175983436853001}"
제11회 성남시 통고구마 축제,복합,복합,최태성 등,,"성남시청소년재단(주최), 성남시고교총동문연합회(주최), 성남시청청소년재단 중원청소년수련관(주관)",,,['최태성'],[],성악,성악,1.0,None,0.0,{'성악': 1.0}
"전원경의 아트살롱, 그림 콘서트: 상트페테르부르크의 겨울 바람",복합,다원/융복합,"배진우, 강유경, 이레",,"당진문예의전당(주최), 당진문예의전당(주관), (재)당진문화재단(), (재)당진문화재단()",,,"['배진우', '강유경', '이레']",[],기악+연극,기악,0.6375000000000001,연극,0.31250000000000006,"{'기악': 0.6375000000000001, '연극': 0.31250000000000006, '성악': 0.025000000000000005, '오페라': 0.012500000000000002, '현대무용': 0.012500000000000002}"
세종메세나 콘서트,복합,복합,"김계영, 백자현, 박수경, 최유미, 김흥용 등",,"(재)세종시문화관광재단(주최), 세종시메세나협회(주최)",,,"['김계영', '백자현', '박수경', '최유미', '김흥용']",[],성악+기악,성악,0.22455648926237165,기악,0.1718020541549954,"{'한국무용': 0.16281179138321997, '기악': 0.1718020541549954, '발레': 0.007936507936507938, '성악': 0.22455648926237165, '뮤지컬': 0.08979591836734695, '연극': 0.0489795918367347, '혼합': 0.008403361344537816, '마당극': 0.14285714285714288, '오페라': 0.14285714285714288}"
노인과 바다,복합,다원/융복합,"남경읍, 이황의, 노시홍, 이석우, 박준석, 황경태","장경민, 하형주, 이수영 등","창작공간 스튜디오 블루(주최), (주)컬쳐버스(제작사), (주)모피어스(제작사), 창작공간 스튜디오 블루(제작사)",어니스트 헤밍웨이,,"['남경읍', '이황의', '노시홍', '이석우', '박준석', '황경태']","['장경민', '하형주', '이수영']",연극+기악,연극,0.5524720565782272,기악,0.11724474020299791,"{'성악': 0.07465022710031784, '악극': 0.0464703425229741, '연극': 0.5524720565782272, '뮤지컬': 0.04428816293607582, '기악': 0.11724474020299791, '대중가요': 0.04370840895341802, '오페라': 0.007259528130671506, '현대무용': 0.06778584392014518, '마당극': 0.016666666666666666, '재즈/월드뮤직': 0.020833333333333332, '기타': 0.0028735632183908046, '한국무용': 0.005747126436781609}"
주창회 정기연주회: 현대음악 그리고 사계예찬 [대전],복합,복합,"이경원, 김효영, 윤병준, 김병현, 정다현, 이윤진, 이유림 등",,"주창회 (주제가 있는 창작 음악회)(주최), 대전예술기획(주관)",,,"['이경원', '김효영', '윤병준', '김병현', '정다현', '이윤진', '이유림']",[],기악+연극,기악,0.4277281977281977,연극,0.27214563214563214,"{'기악': 0.4277281977281977, '뮤지컬': 0.04074259074259074, '성악': 0.07982776482776482, '연극': 0.27214563214563214, '대중가요': 0.02882117882117882, '오페라': 0.003762903762903763, '재즈/월드뮤직': 0.022015022015022014, '현대무용': 0.020386280386280386, '혼합': 0.0638111888111888, '발레': 0.025174825174825177, '한국무용': 0.015584415584415584}"
양선용 프로젝트: 소리의 숲,복합,다원/융복합,"양선용, 신보경, 신여름, 조옥근, 방지원","양선용, 김민주, 정혜지 등",beCODE(주관),,,"['양선용', '신보경', '신여름', '조옥근', '방지원']","['양선용', '김민주', '정혜지']",기악+연극,기악,0.3823873192246841,연극,0.22424399098356895,"{'기악': 0.3823873192246841, '대중가요': 0.10277246247395501, '성악': 0.0978664370455415, '악극': 0.03682878709898783, '연극': 0.22424399098356895, '현대무용': 0.05468790421183628, '뮤지컬': 0.05693350225002309, '연희': 0.015030946065428824, '한국무용': 0.006254096449670304, '혼합': 0.010642521257549565, '기타': 0.0034954537656544864, '발레': 0.0006218905472636816, '오페라': 0.0012437810945273632, '재즈/월드뮤직': 0.006990907531308973}"
The House Of M,복합,복합,,,엠체홉스튜디오(주최),,,[],[],None,None,0.0,None,0.0,{}
광주상설공연 (12월),복합,복합,,,"광주예술의전당 (구. 광주문화예술회관)(주최), 광주예술의전당 (구. 광주문화예술회관)(주관)",,,[],[],None,None,0.0,None,0.0,{}
드림 희망 콘서트 [김제],복합,복합,"김재원, 경보비, 유세미, 김윤희 등",,"전라북도문화관광재단(주최), 김제시(김제시청)(주관), (사)드림필(주관)",,,"['김재원', '경보비', '유세미', '김윤희']",[],기악+성악,기악,0.3085955907733406,성악,0.19081836327345314,"{'기악': 0.3085955907733406, '기타': 0.170544625035643, '대중가요': 0.0033789563729683496, '뮤지컬': 0.05517190027117541, '성악': 0.19081836327345314, '스트리트/스포츠댄스': 0.0004990019960079841, '연극': 0.167763951564771, '오페라': 0.014784716281722272, '재즈/월드뮤직': 0.0009980039920159682, '한국무용': 0.01570046719747319, '현대무용': 0.06698251847952448, '연희': 0.004761904761904762}"
"AAA, 한재석 X 송지윤",복합,복합,"한재석, 송지윤",,중력장(주최),,,"['한재석', '송지윤']",[],혼합+재즈/월드뮤직,혼합,0.3666666666666667,재즈/월드뮤직,0.3222222222222222,"{'연희': 0.1111111111111111, '재즈/월드뮤직': 0.3222222222222222, '기악': 0.09999999999999999, '뮤지컬': 0.06666666666666667, '연극': 0.03333333333333333, '혼합': 0.3666666666666667}"
"무장애 문화향유 활성화 지원사업, 이심전심 문화공감",복합,복합,"김지호, 양지인, 도희선, 원미연, 전경호, 황수민 등",,(재)인천서구문화재단(주최),,,"['김지호', '양지인', '도희선', '원미연', '전경호', '황수민']",[],기악+성악,기악,0.4446778711484593,성악,0.169047619047619,"{'기악': 0.4446778711484593, '기타': 0.03214285714285713, '넌버벌 퍼포먼스': 0.003571428571428571, '뮤지컬': 0.09348739495798317, '성악': 0.169047619047619, '연극': 0.06176470588235292, '오페라': 0.029365079365079358, '창극': 0.003571428571428571, '악극': 0.008403361344537813, '대중가요': 0.13015873015873014, '재즈/월드뮤직': 0.0238095238095238}"
"대한문화예술제전, 회.귀",복합,복합,"박종원, 오유진, 황규선, 박미영, 유인상, 최창덕, 윤혜성 등",,"(사)대한문화예술진흥협회(주최), (사)대한문화예술진흥협회(주관)",,,"['박종원', '오유진', '황규선', '박미영', '유인상', '최창덕', '윤혜성']",[],한국무용+기악,한국무용,0.4008547008547009,기악,0.19298587885544405,"{'기악': 0.19298587885544405, '뮤지컬': 0.00641025641025641, '서커스/마술': 0.01282051282051282, '성악': 0.14091415830546267, '연극': 0.14159234485321442, '연희': 0.004914529914529914, '오페라': 0.028846153846153848, '현대무용': 0.01175213675213675, '혼합': 0.02371794871794872, '대중가요': 0.03519137866963954, '한국무용': 0.4008547008547009}"
국악이 흐르는 클래식 [오산],복합,복합,"김진택, 김명기, 김지현, 서예지, 김용진",,"(재)오산문화재단(주최), (재)오산문화재단(주관), MEG CLASSIC(주관)",,,"['김진택', '김명기', '김지현', '서예지', '김용진']",[],기악+연극,기악,0.48618970769710534,연극,0.23779628690494567,"{'기악': 0.48618970769710534, '성악': 0.11821755736381011, '재즈/월드뮤직': 0.03934618013565383, '뮤지컬': 0.06213898277322969, '연극': 0.23779628690494567, '기타': 0.0015037593984962407, '대중가요': 0.014479747756487997, '발레': 0.011922663802363051, '악극': 0.0007518796992481203, '오페라': 0.020564083018606422, '창극': 0.0007518796992481203, '현대무용': 0.0007518796992481203, '혼합': 0.0055853920515574655}"
"남상일 & 리사의 뮤지컬, 국악을 만나다 [연천]",복합,복합,"남상일, 정희선",,"문화체육관광부(주최), 한국문화예술회관연합회(KoCACA)(주관), 연천군시설관리공단(주최), 연천수레울아트홀(주관)",,,"['남상일', '정희선']",[],연극+성악,연극,0.21428571428571427,성악,0.17857142857142855,"{'기악': 0.0873015873015873, '기타': 0.023809523809523808, '대중가요': 0.09126984126984126, '성악': 0.17857142857142855, '연희': 0.047619047619047616, '창극': 0.015873015873015872, '한국무용': 0.11507936507936507, '혼합': 0.11904761904761904, '뮤지컬': 0.10714285714285714, '연극': 0.21428571428571427}"
"AAA, 김혜연 X 최여완: 완연",복합,복합,"김혜연, 최여완",,중력장(주최),,,"['김혜연', '최여완']",[],연극+기악,연극,0.22314239705544056,기악,0.19668737060041408,"{'기악': 0.19668737060041408, '대중가요': 0.057971014492753624, '성악': 0.16126063952150907, '연극': 0.22314239705544056, '오페라': 0.16264090177133653, '현대무용': 0.06602254428341385, '발레': 0.037037037037037035, '연희': 0.047619047619047616, '혼합': 0.047619047619047616}"
경민대학교 공연예술과 졸업공연,복합,복합,"한동욱, 백철인, 서동환, 정윤호, 정호진, 강민서, 공현일 등","박상순, 최현주, 조인기 등",경민대학교(주최),,,"['한동욱', '백철인', '서동환', '정윤호', '정호진', '강민서', '공현일']","['박상순', '최현주', '조인기']",뮤지컬+연극,뮤지컬,0.3260010822510823,연극,0.3043290043290044,"{'기악': 0.1159361471861472, '기타': 0.011363636363636366, '대중가요': 0.02272727272727273, '뮤지컬': 0.3260010822510823, '연극': 0.3043290043290044, '악극': 0.058928571428571434, '오페라': 0.00892857142857143, '성악': 0.010416666666666668, '현대무용': 0.020833333333333336, '창극': 0.07142857142857144, '한국무용': 0.028273809523809524, '발레': 0.010416666666666668, '혼합': 0.010416666666666668}"
"한국예술융합학회, Art; Versa 시리즈 V: 동. 서양 예술의 융합",복합,복합,"김경수, 하현조, 송진호, 박흥우, 금혜승, 최소영, 이주혜 등",,"한국예술융합학회(주최), 클라시코 예술기획 (CLASSICO)(주관)",,,"['김경수', '하현조', '송진호', '박흥우', '금혜승', '최소영', '이주혜']",[],기악+연극,기악,0.47077460043135105,연극,0.1671803406357182,"{'기악': 0.47077460043135105, '뮤지컬': 0.10861285506594433, '성악': 0.12576985011767622, '연극': 0.1671803406357182, '재즈/월드뮤직': 0.00322061191626409, '한국무용': 0.035280339628165715, '혼합': 0.004830917874396135, '오페라': 0.0017094017094017094, '현대무용': 0.08262108262108263}"
크리스마스 칸타타 [부산],복합,복합,"신지혁, 우태직, 최혜미, 보리스 아발랸, 박은숙, 이수연 등",,"(사)그라시아스합창단(주최), (사)그라시아스합창단(주관)",,,"['신지혁', '우태직', '최혜미', '보리스 아발랸', '박은숙', '이수연']",[],성악+뮤지컬,성악,0.6840807604116269,뮤지컬,0.14051782061899304,"{'뮤지컬': 0.14051782061899304, '성악': 0.6840807604116269, '기악': 0.05124159820761763, '대중가요': 0.0024271844660194177, '서커스/마술': 0.0024271844660194177, '연극': 0.09881441374159822, '오페라': 0.012042569081404034, '현대무용': 0.0012135922330097088, '혼합': 0.007234876773711726}"
"배익한 재즈오케스트라, 소리: 흥을 더하다",복합,복합,"최선배, 최용민, 김광복, 김규형, 김영길, 이은비, 정승기 등","배익한, 한요한, 권오준 등","배익한 재즈 오케스트라(주최), 배익한 재즈 오케스트라(주관), JH Music Factory(주관)",,,"['최선배', '최용민', '김광복', '김규형', '김영길', '이은비', '정승기']","['배익한', '한요한', '권오준']",기악+성악,기악,0.23033925512724812,성악,0.12708106830128638,"{'기악': 0.23033925512724812, '대중가요': 0.08177585415437078, '성악': 0.12708106830128638, '재즈/월드뮤직': 0.12602465735458065, '혼합': 0.12119331850453133, '악극': 0.004524886877828055, '연극': 0.12169564181948085, '창극': 0.08481781376518217, '한국무용': 0.026573426573426578, '연희': 0.006701631701631703, '발레': 0.008097165991902834, '오페라': 0.04571524966261809, '스트리트/스포츠댄스': 0.006410256410256411, '기타': 0.004524886877828055, '현대무용': 0.004524886877828055}"
"DSAC 문화나눔 프로젝트, 아모르 콘서트: 크로스 오버",복합,복합,"서찬영, 이솔로몬, 김현수 등","허정무, 황새미","(재)달서문화재단 (웃는얼굴아트센터, 달서아트센터)(주최)",,,"['서찬영', '이솔로몬', '김현수']","['허정무', '황새미']",기악+대중가요,기악,0.33155871044069807,대중가요,0.1850968648328897,"{'기악': 0.33155871044069807, '기타': 0.013897515527950311, '성악': 0.1818396923986986, '오페라': 0.0830449571132801, '대중가요': 0.1850968648328897, '뮤지컬': 0.015139751552795034, '서커스/마술': 0.004436557231588288, '연극': 0.050798580301685894, '연희': 0.02767302573203195, '재즈/월드뮤직': 0.0008873114463176575, '한국무용': 0.009815882874889086, '혼합': 0.02140638864241349, '현대무용': 0.0744047619047619}"
부안 송년 콘서트,복합,복합,"김성근, 임재현, 권미희, 이아진, 김산옥, 임재현, 김현정 등",,"부안군청(주최), 부안군청(주관)",,,"['김성근', '임재현', '권미희', '이아진', '김산옥', '임재현', '김현정']",[],오페라+뮤지컬,오페라,0.24685519758833543,뮤지컬,0.23995894278799235,"{'기악': 0.1628825235999546, '성악': 0.058160908543592876, '연극': 0.04257290062016646, '연희': 0.015651015651015652, '오페라': 0.24685519758833543, '뮤지컬': 0.23995894278799235, '재즈/월드뮤직': 0.009831029185867897, '창극': 0.01731601731601732, '혼합': 0.15885301489016662, '기타': 0.010742398518289861, '대중가요': 0.014168853218089212, '한국무용': 0.0005865102639296189, '현대무용': 0.01828845641162357, '서커스/마술': 0.004132231404958679}"
"일이구프로덕션 하반기 전시공연, 1984",복합,다원/융복합,"박정호, 오성민","송영찬, 박린, 김묘진 등",일이구프로덕션 (129프로덕션)(제작사),조지 오웰,,"['박정호', '오성민']","['송영찬', '박린', '김묘진']",연극+대중가요,연극,0.509375,대중가요,0.32812500000000006,"{'대중가요': 0.32812500000000006, '연극': 0.509375, '뮤지컬': 0.16250000000000003}"
"행복한 동행, 모두의 예술",복합,복합,"심영건, 이들림 등",,(재)부산문화회관(주최),,,"['심영건', '이들림']",[],기악+성악,기악,0.8333333333333334,성악,0.16666666666666669,"{'기악': 0.8333333333333334, '성악': 0.16666666666666669}"
"예술동호회 교류 축제, 우다다다 미니콘서트",복합,복합,,,"영덕군(주최), (재)영덕문화관광재단(주관)",,,[],[],None,None,0.0,None,0.0,{}
프렉티스: 사운드 엔텔레키 [서울],복합,복합,황선정 등,,"Laaf (라프)(주최), PRECTXE(프렉티스)(주관)",,,['황선정'],[],뮤지컬+악극,뮤지컬,0.6666666666666666,악극,0.3333333333333333,"{'뮤지컬': 0.6666666666666666, '악극': 0.3333333333333333}"
"AAA, Mohani X 마롱: 들고 나는 소리",복합,복합,,,중력장(),,,[],[],None,None,0.0,None,0.0,{}
IT중소기업을 위한 송년음악회,복합,복합,"조수미, 김현수, 박종성, 최영선 등",,전자신문(주최),,,"['조수미', '김현수', '박종성', '최영선']",[],기악+성악,기악,0.4587501845317609,성악,0.28897618014842186,"{'기악': 0.4587501845317609, '대중가요': 0.012884974690956943, '성악': 0.28897618014842186, '기타': 0.0017182567966602174, '뮤지컬': 0.036788726538370155, '서커스/마술': 0.005175983436853001, '연극': 0.05994807046125648, '연희': 0.03296825679666022, '오페라': 0.03045981400400502, '재즈/월드뮤직': 0.0010351966873706003, '한국무용': 0.011451863354037264, '혼합': 0.027226372335067982, '현대무용': 0.031249999999999997, '스트리트/스포츠댄스': 0.0006830601092896174, '악극': 0.0006830601092896174}"
"바리톤 정 경의 오페라마, 정신나간 작곡가와 키스하다",복합,복합,"정경, 이소정, 변서연, 황창련",,"(재)부천아트센터(주최), (재)부천아트센터(주관), (재)부천아트센터(기획사)",,,"['정경', '이소정', '변서연', '황창련']",[],기악+혼합,기악,0.28823529411764703,혼합,0.2,"{'기악': 0.28823529411764703, '성악': 0.13758169934640524, '오페라': 0.02516339869281046, '기타': 0.0058823529411764705, '대중가요': 0.014705882352941176, '뮤지컬': 0.01764705882352941, '발레': 0.0784313725490196, '스트리트/스포츠댄스': 0.0029411764705882353, '연극': 0.08137254901960785, '연희': 0.0029411764705882353, '재즈/월드뮤직': 0.0029411764705882353, '한국무용': 0.07254901960784313, '현대무용': 0.0696078431372549, '혼합': 0.2}"
PIUM Project 크리스마스 스페셜 콘서트 [대전],복합,복합,"박기영, 류정필, 원지혜 등",,"공연기획피움(주최), 세종아트피움(주관)",,,"['박기영', '류정필', '원지혜']",[],성악+뮤지컬,성악,0.29209583519928345,뮤지컬,0.25862068965517243,"{'기악': 0.2001418122107777, '기타': 0.01619644723092999, '대중가요': 0.17998955067920586, '뮤지컬': 0.25862068965517243, '성악': 0.29209583519928345, '재즈/월드뮤직': 0.017241379310344827, '악극': 0.017857142857142856, '오페라': 0.017857142857142856}"
송년콘서트 [광양],복합,복합,"정영옥, 이광일 등",,광양시청(주최),,,"['정영옥', '이광일']",[],기악+대중가요,기악,0.8333333333333333,대중가요,0.08333333333333333,"{'기악': 0.8333333333333333, '대중가요': 0.08333333333333333, '성악': 0.08333333333333333}"
송년행복콘서트,복합,복합,"박동희, 이선경, 윤여민, 고동현, 김지효, 김혜은, 강혜진 등",,"울산광역시청(주최), 울산시립예술단(주관)",,,"['박동희', '이선경', '윤여민', '고동현', '김지효', '김혜은', '강혜진']",[],성악+기악,성악,0.3852509413912923,기악,0.27695629581594494,"{'기악': 0.27695629581594494, '성악': 0.3852509413912923, '연극': 0.11363636363636365, '연희': 0.005952380952380952, '재즈/월드뮤직': 0.10992063492063492, '한국무용': 0.047619047619047616, '뮤지컬': 0.03321678321678322, '오페라': 0.024242424242424242, '혼합': 0.0032051282051282055}"
"모두예술극장 개관프로그램, 어둠 속에, 풍경",복합,다원/융복합,"김기영, 김시락, 김남령, 박규민, 배요섭, 황혜란 등",배요섭,"궁리소 묻다(주관), (재)한국장애인문화예술원(주관), 문화체육관광부(주최), (재)한국장애인문화예술원(주최)",,,"['김기영', '김시락', '김남령', '박규민', '배요섭', '황혜란']",['배요섭'],연극+기악,연극,0.37410037878787883,기악,0.25355113636363635,"{'기악': 0.25355113636363635, '뮤지컬': 0.056818181818181816, '성악': 0.14053030303030303, '연극': 0.37410037878787883, '창극': 0.10833333333333334, '혼합': 0.025, '연희': 0.041666666666666664}"
가라지 콘서트,복합,복합,,,"크리에이티브아트(주최), 광주FM(주최)",,,[],[],None,None,0.0,None,0.0,{}
김준수 X 두번째달 콘서트 [광주],복합,복합,김준수 등,,"광주예술의전당 (구. 광주문화예술회관)(주최), 광주예술의전당 (구. 광주문화예술회관)(주관)",,,['김준수'],[],연극+뮤지컬,연극,0.5,뮤지컬,0.1388888888888889,"{'기악': 0.06481481481481481, '기타': 0.004629629629629629, '대중가요': 0.037037037037037035, '마당극': 0.004629629629629629, '뮤지컬': 0.1388888888888889, '성악': 0.09259259259259259, '창극': 0.08796296296296297, '한국무용': 0.004629629629629629, '혼합': 0.06481481481481481, '연극': 0.5}"
유토피아: 항해 [경기 광주],복합,다원/융복합,"김동현, 김정열, 문진홍, 여인수, 김경민, 권순민, 김예진 등","이종민, 박종훈, 오지원 등","(재)광주시문화재단 [경기광주](주최), 구니스컴퍼니(더구니스 크루)(주관)",,,"['김동현', '김정열', '문진홍', '여인수', '김경민', '권순민', '김예진']","['이종민', '박종훈', '오지원']",연극+스트리트/스포츠댄스,연극,0.24291653154152168,스트리트/스포츠댄스,0.2198664269041988,"{'기악': 0.17773163449219265, '기타': 0.0026696524621835824, '넌버벌 퍼포먼스': 0.016112549700669377, '대중가요': 0.029839559710710617, '뮤지컬': 0.16490029823290359, '발레': 0.0032712024413269225, '서커스/마술': 0.0005532503457814661, '성악': 0.03332804510614401, '스트리트/스포츠댄스': 0.2198664269041988, '악극': 0.0066406911700643955, '연극': 0.24291653154152168, '연희': 0.006416134506537967, '오페라': 0.0438865836791148, '재즈/월드뮤직': 0.01388515873421525, '한국무용': 0.010381675031580008, '현대무용': 0.018774830113550356, '혼합': 0.003562617932567703, '인형극': 0.004093567251461988, '마당극': 0.0005847953216374269, '창극': 0.0005847953216374269}"
"함께하는 사랑밭 감사 콘서트, 담다 닮다",복합,복합,"김정근, 윤민수, 김연지, 정가현, 조엘라 등",,"(사)함께하는 사랑밭(주최), 주식회사 아츠(주관)",,,"['김정근', '윤민수', '김연지', '정가현', '조엘라']",[],기악+연극,기악,0.2626984126984127,연극,0.2619047619047619,"{'기악': 0.2626984126984127, '기타': 0.015873015873015872, '대중가요': 0.22222222222222224, '재즈/월드뮤직': 0.06349206349206349, '성악': 0.09285714285714286, '연극': 0.2619047619047619, '뮤지컬': 0.08095238095238096}"
"시시각각(詩視覺刻): 프린지로 부터, 김세은의 시時와 노래 [경기]",복합,다원/융복합,"김세은, 박이슬, 김계희, 이아름, 윤대원, 임성언",김세은,"커넥터스(주최), 커넥터스(주관), 커넥터스(기획사)",김세은,,"['김세은', '박이슬', '김계희', '이아름', '윤대원', '임성언']",['김세은'],기악+연극,기악,0.4338927738927739,연극,0.28722610722610725,"{'기악': 0.4338927738927739, '대중가요': 0.0072727272727272745, '연극': 0.28722610722610725, '한국무용': 0.0072727272727272745, '뮤지컬': 0.13636363636363638, '서커스/마술': 0.018181818181818184, '성악': 0.04540792540792541, '연희': 0.0036363636363636372, '혼합': 0.0082983682983683, '오페라': 0.004662004662004663, '현대무용': 0.0477855477855478}"
"송년음악회, 우리가 함께한 순간들",복합,복합,"유채훈, 이응광, 김정아, 안미정, 유문선, 남형주",,인천학생교육문화회관(주최),,,"['유채훈', '이응광', '김정아', '안미정', '유문선', '남형주']",[],기악+성악,기악,0.3961195589346849,성악,0.27939138618410325,"{'기악': 0.3961195589346849, '기타': 0.035107376283846865, '대중가요': 0.024943310657596366, '뮤지컬': 0.016127932654543296, '성악': 0.27939138618410325, '오페라': 0.01621092881597083, '재즈/월드뮤직': 0.0039482459650526875, '연극': 0.1098921049901442, '혼합': 0.009617180205415498, '한국무용': 0.035626102292768955, '현대무용': 0.05714285714285714, '연희': 0.01587301587301587}"
힐링음악회 [안산],복합,복합,,,(재)안산문화재단(안산문화예술의전당)(주최),,,[],[],None,None,0.0,None,0.0,{}
12월의 사랑가 [수원],복합,복합,"박한석, 김민지, 김영민, 이희주, 남지민, 남기진 등",,"경기아트센터(주최), 경기아트센터(주관)",,,"['박한석', '김민지', '김영민', '이희주', '남지민', '남기진']",[],기악+연극,기악,0.45488862211551284,연극,0.22217034962133,"{'기악': 0.45488862211551284, '기타': 0.00385932150638033, '넌버벌 퍼포먼스': 0.00035273368606701937, '대중가요': 0.026161575741407674, '뮤지컬': 0.10731551880011266, '발레': 0.02327745913180087, '성악': 0.08430853823010685, '스트리트/스포츠댄스': 0.0007054673721340387, '악극': 0.00035273368606701937, '연극': 0.22217034962133, '연희': 0.00891912320483749, '오페라': 0.001763668430335097, '재즈/월드뮤직': 0.01753293910156655, '한국무용': 0.039947089947089946, '현대무용': 0.0024691358024691358, '혼합': 0.0031746031746031746, '서커스/마술': 0.0028011204481792717}"
"아트클래스 시리즈 3, 미켈란젤로와 음악의 만남",복합,다원/융복합,"전원경, 최성근, 권아름, 배주연, 김나래, 차호철, 유지현 등",,"을숙도문화회관(주최), 을숙도문화회관(주관)",,,"['전원경', '최성근', '권아름', '배주연', '김나래', '차호철', '유지현']",[],기악+연극,기악,0.5480684033315613,연극,0.18855218855218858,"{'기악': 0.5480684033315613, '성악': 0.04873294346978558, '뮤지컬': 0.13888888888888892, '연극': 0.18855218855218858, '발레': 0.055555555555555566, '현대무용': 0.020202020202020207}"
동백꽃 여인 (La Traviata) [충주],복합,복합,"김현주, 엄강욱, 박중상, 김미아, 한지연, 문혜준, 이덕자 등",신서윤 등,"씨에스타(주최), 씨에스타(주관)",주세페 베르디,,"['김현주', '엄강욱', '박중상', '김미아', '한지연', '문혜준', '이덕자']",['신서윤'],연극+오페라,연극,0.38558201058201064,오페라,0.19312169312169317,"{'기악': 0.14603174603174607, '뮤지컬': 0.10793650793650796, '성악': 0.06283068783068785, '연극': 0.38558201058201064, '연희': 0.0015873015873015875, '창극': 0.0015873015873015875, '한국무용': 0.003174603174603175, '현대무용': 0.020502645502645505, '혼합': 0.06653439153439154, '오페라': 0.19312169312169317, '발레': 0.011111111111111113}"
"예술창작활동지원사업 선정 프로젝트, Live, Electronics in Forest",복합,복합,"허동혁, 진시영, 안상욱, 정중엽, 안정아, 여성룡, 유호식","박기남, 박수예, 한아름 등",(재)서울문화재단(주최),,,"['허동혁', '진시영', '안상욱', '정중엽', '안정아', '여성룡', '유호식']","['박기남', '박수예', '한아름']",연극+기악,연극,0.2065225323846014,기악,0.15523809523809526,"{'뮤지컬': 0.10846469622331692, '한국무용': 0.03880678708264915, '혼합': 0.09388615216201424, '발레': 0.08740740740740742, '연희': 0.09000000000000001, '대중가요': 0.01761904761904762, '서커스/마술': 0.04166666666666667, '연극': 0.2065225323846014, '재즈/월드뮤직': 0.01666666666666667, '기악': 0.15523809523809526, '성악': 0.045232621784345936, '창극': 0.021346469622331693, '현대무용': 0.07714285714285714}"
"송년콘서트: 수고했어, 올해도! [함양]",복합,복합,"최정원, 이신예, 임수정, 한아름, 이상은 등",,"함양군(주최), 함양군문화예술회관(주관)",,,"['최정원', '이신예', '임수정', '한아름', '이상은']",[],뮤지컬+성악,뮤지컬,0.22688391481494927,성악,0.20686788445409132,"{'기악': 0.18053843887177215, '기타': 0.021324354657687984, '대중가요': 0.03618586118586117, '뮤지컬': 0.22688391481494927, '성악': 0.20686788445409132, '연극': 0.1699953797654947, '현대무용': 0.08171288171288169, '혼합': 0.014974595434365546, '발레': 0.0046296296296296285, '한국무용': 0.051053639846743284, '창극': 0.003831417624521072, '오페라': 0.0020020020020020016}"
송년음악회 [논산],복합,복합,"김민석, 김현수, 정필립 등",,"논산시청(주최), 논산문화원(주관)",,,"['김민석', '김현수', '정필립']",[],성악+연극,성악,0.2577443609022557,연극,0.22158240870718998,"{'기악': 0.12053227698402018, '기타': 0.06394246485779667, '대중가요': 0.02419091206276561, '뮤지컬': 0.06998822183335578, '서커스/마술': 0.020081149164471287, '성악': 0.2577443609022557, '악극': 0.0021052631578947372, '연극': 0.22158240870718998, '연희': 0.04505802549852894, '오페라': 0.05616050997057863, '현대무용': 0.03960526315789475, '혼합': 0.040495259888852574, '발레': 0.023529411764705885, '재즈/월드뮤직': 0.0012422360248447205, '한국무용': 0.013742236024844723}"
"제2회 시민과 함께하는 남양주 예술제, 함께 피어 아름다운 꽃 예술花",복합,복합,"함주명, 강소은, 김명숙, 이예서, 이보나, 한예라, 함승영 등",,"보누스뮤지컬컴퍼니(주최), 아우룸예술그룹(주관), 남양주민예총(주관)",,,"['함주명', '강소은', '김명숙', '이예서', '이보나', '한예라', '함승영']",[],성악+연극,성악,0.3611111111111111,연극,0.16666666666666666,"{'연극': 0.16666666666666666, '연희': 0.125, '혼합': 0.027777777777777776, '악극': 0.05555555555555555, '기악': 0.1527777777777778, '성악': 0.3611111111111111, '뮤지컬': 0.06944444444444445, '스트리트/스포츠댄스': 0.013888888888888888, '오페라': 0.027777777777777776}"
MBC 뮤직페스티벌 송년음악회,복합,복합,"박창근, 김소현, 임철호, 양태중, 최웅조 등",,"금산군(주최), 금산다락원(주관)",,,"['박창근', '김소현', '임철호', '양태중', '최웅조']",[],성악+대중가요,성악,0.3959106971561564,대중가요,0.18390293325425655,"{'기타': 0.01167618059159315, '대중가요': 0.18390293325425655, '성악': 0.3959106971561564, '기악': 0.04912364058705523, '뮤지컬': 0.09959349593495935, '연극': 0.16883468834688345, '재즈/월드뮤직': 0.008130081300813009, '오페라': 0.07171717171717172, '혼합': 0.011111111111111112}"
뮤지컬배우 박해미와 함께하는 열린음악회 [부안],복합,복합,"박해미, 박강수 등",,"전라북도문화관광재단(주최), 클나무필하모닉오케스트라(주관)",,,"['박해미', '박강수']",[],뮤지컬+대중가요,뮤지컬,0.3888888888888889,대중가요,0.23770491803278687,"{'기악': 0.05555555555555555, '뮤지컬': 0.3888888888888889, '성악': 0.14722222222222223, '연극': 0.1361111111111111, '오페라': 0.022222222222222223, '기타': 0.00819672131147541, '대중가요': 0.23770491803278687, '재즈/월드뮤직': 0.004098360655737705}"
"김천시립예술단 송년음악회, CHRISTMAS CONCERT",복합,복합,"김성진, 홍성혁, 홍주영, 백재은, 김효종, 사무엘윤, 김태형 등",,"김천시(김천시청)(주최), 김천시립예술단(주관)",,,"['김성진', '홍성혁', '홍주영', '백재은', '김효종', '사무엘윤', '김태형']",[],성악+기악,성악,0.2812893215503957,기악,0.272366313554807,"{'기악': 0.272366313554807, '뮤지컬': 0.11705373280642102, '발레': 0.002419354838709678, '성악': 0.2812893215503957, '연극': 0.16117530691046353, '오페라': 0.11839982338579816, '혼합': 0.017975159299084033, '기타': 0.02561728395061729, '대중가요': 0.0018518518518518521, '연희': 0.000617283950617284, '창극': 0.000617283950617284, '한국무용': 0.000617283950617284}"
루비뮤직 Ruby music Vin chaud Christmas,복합,복합,,,(주)루비뮤직(주최),,,[],[],None,None,0.0,None,0.0,{}
예문학생예술단 정기연주회,복합,복합,,,부산학생예술문화회관(주최),,,[],[],None,None,0.0,None,0.0,{}
송년음악회 [칠곡군],복합,복합,"여자경, 김소현, 조휘, 하석배, 김은주, 방성택, 곽보라 등",,"경상북도(주최), 칠곡군(주최), 경북도립교향악단(주관), 칠곡군교육문화회관(주관)",,,"['여자경', '김소현', '조휘', '하석배', '김은주', '방성택', '곽보라']",[],기악+성악,기악,0.3500670471397066,성악,0.25772870653002977,"{'기악': 0.3500670471397066, '성악': 0.25772870653002977, '오페라': 0.06632956499428874, '기타': 0.010928096293949956, '대중가요': 0.003445796128722959, '뮤지컬': 0.11241428314599049, '연극': 0.13222268832024933, '재즈/월드뮤직': 0.004434589800443461, '혼합': 0.012470177687568997, '한국무용': 0.023751023751023757, '현대무용': 0.011056511056511061, '넌버벌 퍼포먼스': 0.015151515151515155}"
"AAA, 최지송 X 양희진: 소리와 시간의 연무",복합,복합,"최지송, 양희진",,중력장(주최),,,"['최지송', '양희진']",[],대중가요+연극,대중가요,0.3472222222222222,연극,0.3055555555555556,"{'기악': 0.22916666666666663, '대중가요': 0.3472222222222222, '창극': 0.0625, '연극': 0.3055555555555556, '연희': 0.05555555555555555}"
ACC 송년음악회,복합,복합,"심수봉, 윤석철, 송민규, 임현진, 이한결 등",,국립아시아문화전당(주최),,,"['심수봉', '윤석철', '송민규', '임현진', '이한결']",[],기악+대중가요,기악,0.3745390412057078,대중가요,0.23116883116883116,"{'대중가요': 0.23116883116883116, '기악': 0.3745390412057078, '재즈/월드뮤직': 0.14155844155844158, '뮤지컬': 0.0031746031746031746, '연극': 0.16225749559082892, '현대무용': 0.07671957671957672, '성악': 0.001763668430335097, '연희': 0.001763668430335097, '오페라': 0.007054673721340388}"
해피 아트: 크리스마스 선물,복합,복합,,,제주아트센터(주최),,,[],[],None,None,0.0,None,0.0,{}
"마야, MAYA",복합,다원/융복합,"김정윤, 정선민","전민경, 박은수, 배준현 등","더 그레잇 커미션(기획사), 더 그레잇 커미션(제작사)",,,"['김정윤', '정선민']","['전민경', '박은수', '배준현']",기악+연극,기악,0.3353432282003711,연극,0.2902597402597403,"{'기악': 0.3353432282003711, '뮤지컬': 0.13079777365491652, '연극': 0.2902597402597403, '오페라': 0.09461966604823749, '현대무용': 0.07755102040816328, '발레': 0.07142857142857144}"
"흔들리며 피는 꽃 22, 괭이갈매기와 땅채송화의 섬, 독도",복합,복합,"조성진, 이현순, 이순애, 김언중, 백혜진, 이진영, 김경민 등",,대구민예총(주최),,,"['조성진', '이현순', '이순애', '김언중', '백혜진', '이진영', '김경민']",[],연극+기악,연극,0.5484029128765973,기악,0.1435621396147712,"{'기악': 0.1435621396147712, '대중가요': 0.01281613123718387, '성악': 0.01806307727360359, '연극': 0.5484029128765973, '인형극': 0.04810014546856652, '한국무용': 0.002420824789245842, '연희': 0.1272727272727273, '기타': 0.0023310023310023314, '발레': 0.009324009324009326, '악극': 0.00312845049687155, '오페라': 0.01398601398601399, '재즈/월드뮤직': 0.007115691326217642, '넌버벌 퍼포먼스': 0.002392344497607656, '마당극': 0.0007974481658692186, '뮤지컬': 0.03620414673046253, '스트리트/스포츠댄스': 0.0031897926634768745, '창극': 0.0007974481658692186, '현대무용': 0.018500797448165872, '혼합': 0.0015948963317384372}"
"AAA, 더 클라이머스: 남겨진 소리와 어떤 희망",복합,복합,"이용석, 손정민",,중력장(주최),,,"['이용석', '손정민']",[],기악+연극,기악,0.41196236559139787,연극,0.19791666666666669,"{'기악': 0.41196236559139787, '넌버벌 퍼포먼스': 0.07056451612903226, '대중가요': 0.00806451612903226, '뮤지컬': 0.024193548387096777, '재즈/월드뮤직': 0.19354838709677422, '연극': 0.19791666666666669, '한국무용': 0.03125000000000001, '성악': 0.03125000000000001, '오페라': 0.03125000000000001}"
그림자극과 함께하는 호두까기 인형 [수원],복합,복합,"민대식, 배선옥, 서희경, 이정민, 전주희, 최진희",,"경기아트센터(주최), 경기아트센터(주관)",,,"['민대식', '배선옥', '서희경', '이정민', '전주희', '최진희']",[],인형극+연극,인형극,0.28421460084573086,연극,0.24055084929285347,"{'대중가요': 0.03946053946053946, '뮤지컬': 0.09740567416473599, '연극': 0.24055084929285347, '인형극': 0.28421460084573086, '기악': 0.16230334460611645, '기타': 0.002132196162046908, '넌버벌 퍼포먼스': 0.006396588486140724, '마당극': 0.001066098081023454, '발레': 0.03167834297898263, '서커스/마술': 0.002132196162046908, '성악': 0.01966358682776593, '연희': 0.001066098081023454, '오페라': 0.002132196162046908, '재즈/월드뮤직': 0.01066098081023454, '한국무용': 0.03920871831319592, '현대무용': 0.04680678241445831, '혼합': 0.002132196162046908, '악극': 0.010989010989010988}"
"청소년을 위한 예술소풍 Ⅲ, 영화음악 옴니버스 콘서트",복합,복합,,,,,,[],[],None,None,0.0,None,0.0,{}
뮤지컬군과 오페라양의 사랑이야기 [수원],복합,복합,"정나리, 전병호, 김기선, 주선중, 구본진, 김대엽, 곽상훈 등","이영숙, 평미영","경기아트센터(주최), 크레센도 아트(주관), 경기아트센터(기획사)",,,"['정나리', '전병호', '김기선', '주선중', '구본진', '김대엽', '곽상훈']","['이영숙', '평미영']",성악+오페라,성악,0.3689270152505446,오페라,0.3043913398692811,"{'성악': 0.3689270152505446, '오페라': 0.3043913398692811, '기악': 0.1468409586056645, '뮤지컬': 0.004901960784313725, '서커스/마술': 0.024509803921568627, '연극': 0.1400122549019608, '마임': 0.005208333333333333, '창극': 0.005208333333333333}"
"단오장단과 함께하는 피아노의 향연, 일곱 번째 이야기",복합,복합,"임세복, 김유철, 양은영, 최은영, 김지현, 박미정, 박근우 등","임지선, 박영란 등","강음회(강원피아노음악연구회)(주최), 강음회(강원피아노음악연구회)(주관)",,,"['임세복', '김유철', '양은영', '최은영', '김지현', '박미정', '박근우']","['임지선', '박영란']",기악+연극,기악,0.3155472013366751,연극,0.31513202197412726,"{'기타': 0.05231791600212655, '혼합': 0.05274119642540697, '기악': 0.3155472013366751, '성악': 0.14092276144907726, '뮤지컬': 0.09471177944862155, '연극': 0.31513202197412726, '현대무용': 0.009980506822612088, '대중가요': 0.002456140350877193, '발레': 0.0055639097744360905, '악극': 0.00035087719298245617, '오페라': 0.008521303258145364, '재즈/월드뮤직': 0.0014035087719298247, '창극': 0.00035087719298245617}"
"이장희 프로젝트, 비인집: Home & Home [대구]",복합,복합,"안지혜, 이람, 박세기, 박일룡, 오영지 등",,"다원예술그룹 ONENESS(주최), 다원예술그룹 ONENESS(주관)",,,"['안지혜', '이람', '박세기', '박일룡', '오영지']",[],연극+현대무용,연극,0.3888888888888889,현대무용,0.22222222222222224,"{'기악': 0.12962962962962962, '성악': 0.18518518518518523, '연극': 0.3888888888888889, '현대무용': 0.22222222222222224, '혼합': 0.07407407407407408}"
INTERCONNECTIONS: 상호연결,복합,복합,"진 패트릭 찬, 송지윤, 마이클 파운즈, 한지수",,리퀴드사운드(LIQUIDSOUND)(주최),,,"['진 패트릭 찬', '송지윤', '마이클 파운즈', '한지수']",[],혼합+기악,혼합,0.36666666666666675,기악,0.2916666666666667,"{'기악': 0.2916666666666667, '뮤지컬': 0.13333333333333336, '연극': 0.06666666666666668, '재즈/월드뮤직': 0.08333333333333334, '혼합': 0.36666666666666675, '대중가요': 0.04166666666666667, '악극': 0.008333333333333335, '오페라': 0.008333333333333335}"
한 해를 마무리 짓는 매듭달 음악회 [군포],복합,복합,"박호성, 이희문, 이성은, 조원석, 양진수, 고호정 등",김혜성,"(재)군포문화재단(군포문화예술회관)(주최), 세종국악심포니오케스트라(세종국악관현악단)(주관)",,,"['박호성', '이희문', '이성은', '조원석', '양진수', '고호정']",['김혜성'],혼합+연극,혼합,0.2379689276241,연극,0.20410193255020836,"{'기악': 0.1646456991284577, '연희': 0.04395604395604394, '성악': 0.07453896678034606, '기타': 0.001373626373626373, '대중가요': 0.06309208033345962, '재즈/월드뮤직': 0.0351616774030567, '혼합': 0.2379689276241, '뮤지컬': 0.044761273209549056, '연극': 0.20410193255020836, '한국무용': 0.04166666666666665, '현대무용': 0.0026525198938992037, '악극': 0.0833333333333333, '오페라': 0.002747252747252746}"
"성동문화나눔 송년 공연, 송년콘서트: 수고했어, 올해도!",복합,복합,"송영민, 성해린, 구본수, 권은주, 지세희, 김현정",,"성동구청(주최), (재)성동문화재단(주최), (재)성동문화재단(주관)",,,"['송영민', '성해린', '구본수', '권은주', '지세희', '김현정']",[],기악+성악,기악,0.4431411637979846,성악,0.20628837074108822,"{'기악': 0.4431411637979846, '성악': 0.20628837074108822, '오페라': 0.11382428153732385, '기타': 0.004818031430934656, '대중가요': 0.13790322580645162, '뮤지컬': 0.025146627565982405, '연극': 0.03563049853372434, '재즈/월드뮤직': 0.0016129032258064516, '한국무용': 0.0008064516129032258, '현대무용': 0.025146627565982405, '서커스/마술': 0.005681818181818182}"
수원시민과 함께하는 수원시립예술단 송년음악회,복합,복합,"전찬솔, 옥주현, 이동규, 김정현, 최희준 등",,"수원시청(주최), 수원시립예술단(주관)",,,"['전찬솔', '옥주현', '이동규', '김정현', '최희준']",[],기악+연극,기악,0.3732204011741682,연극,0.2740410052910052,"{'기악': 0.3732204011741682, '성악': 0.159145557005146, '기타': 0.01087645865043125, '넌버벌 퍼포먼스': 0.003498043052837572, '대중가요': 0.005812857867652387, '뮤지컬': 0.14210607378415593, '연극': 0.2740410052910052, '오페라': 0.023197751322751318, '연희': 0.0011574074074074071, '인형극': 0.0011574074074074071, '재즈/월드뮤직': 0.0011574074074074071, '한국무용': 0.0011574074074074071, '현대무용': 0.0011574074074074071, '발레': 0.0023148148148148143}"
노인과 바다,복합,다원/융복합,"남경읍, 이황의, 노시홍, 이석우, 박준석, 황경태","장경민, 하형주, 이수영 등","창작공간 스튜디오 블루(주최), (주)컬쳐버스(제작사), (주)모피어스(제작사), 창작공간 스튜디오 블루(제작사)",어니스트 헤밍웨이,,"['남경읍', '이황의', '노시홍', '이석우', '박준석', '황경태']","['장경민', '하형주', '이수영']",연극+기악,연극,0.5524720565782272,기악,0.11724474020299791,"{'성악': 0.07465022710031784, '악극': 0.0464703425229741, '연극': 0.5524720565782272, '뮤지컬': 0.04428816293607582, '기악': 0.11724474020299791, '대중가요': 0.04370840895341802, '오페라': 0.007259528130671506, '현대무용': 0.06778584392014518, '마당극': 0.016666666666666666, '재즈/월드뮤직': 0.020833333333333332, '기타': 0.0028735632183908046, '한국무용': 0.005747126436781609}"
너 혹시 그런 생각 해본 적 있어?,복합,다원/융복합,"박진우, 김민지, 임홍빈, 손재혁, 김수연","백승우, 김한일, 김성연 등","극단 아테크(ARTECH)(주최), 극단 아테크(ARTECH)(주관)",,,"['박진우', '김민지', '임홍빈', '손재혁', '김수연']","['백승우', '김한일', '김성연']",기악+연극,기악,0.3481596967317007,연극,0.3084349442692341,"{'기악': 0.3481596967317007, '대중가요': 0.009299670874474024, '성악': 0.06387716179197407, '스트리트/스포츠댄스': 0.0012812287352969767, '연극': 0.3084349442692341, '연희': 0.017168451236860525, '재즈/월드뮤직': 0.001821716729853213, '혼합': 0.014145120446900661, '기타': 0.005502645502645502, '넌버벌 퍼포먼스': 0.0002469135802469136, '뮤지컬': 0.1145074583778761, '발레': 0.0696449094935881, '악극': 0.00425830074380799, '오페라': 0.005245955064795645, '한국무용': 0.003506441223832528, '현대무용': 0.005196303964419906, '마당극': 0.02, '창극': 0.0029411764705882353, '마임': 0.0023809523809523807, '인형극': 0.0023809523809523807}"
WeSA Festival: Sound is the New Music,복합,복합,"나카야마 아키코, 사이먼 웨덤, 김시마, 에릭 레이노, 루카 파간, 윤지영, 다니엘 하스 등",,"피이그(FIG)(주관), (주)위사(주최)",,,"['나카야마 아키코', '사이먼 웨덤', '김시마', '에릭 레이노', '루카 파간', '윤지영', '다니엘 하스']",[],연극+대중가요,연극,0.3930232558139535,대중가요,0.22093023255813954,"{'기악': 0.13953488372093023, '대중가요': 0.22093023255813954, '성악': 0.03488372093023256, '연극': 0.3930232558139535, '현대무용': 0.011627906976744186, '뮤지컬': 0.2}"
"스물한번째 스윙-바이, Improvisations",복합,복합,"김도연, 김은영, 송준영, 권세준, 애론 듀튼, 유마 우에사카 등",,중력장(주최),,,"['김도연', '김은영', '송준영', '권세준', '애론 듀튼', '유마 우에사카']",[],기악+재즈/월드뮤직,기악,0.233901892206977,재즈/월드뮤직,0.16317460317460322,"{'기악': 0.233901892206977, '대중가요': 0.01923594296475653, '뮤지컬': 0.14970182046453237, '발레': 0.009887005649717517, '성악': 0.07096000358712226, '연극': 0.10098242310106718, '오페라': 0.01671374764595104, '창극': 0.0014124293785310739, '한국무용': 0.09925343018563361, '현대무용': 0.021522733387140173, '악극': 0.0019841269841269845, '연희': 0.008412698412698415, '재즈/월드뮤직': 0.16317460317460322, '혼합': 0.10063492063492066, '기타': 0.002222222222222223}"
모래의 마법사,복합,복합,,,GS엔터테인먼트(주최),,,[],[],None,None,0.0,None,0.0,{}
"신년음악회: 문화의 비상, 국민과 함께",복합,복합,"이승원, 박혜상, 양준모, 사무엘 윤, 신창용, 이재용, 엄지인 등",,"문화체육관광부(주최), 예술의전당(주관), KBS(주관)",,,"['이승원', '박혜상', '양준모', '사무엘 윤', '신창용', '이재용', '엄지인']",[],기악+연극,기악,0.3902533238709505,연극,0.1625874125874126,"{'기악': 0.3902533238709505, '기타': 0.012265139781918306, '발레': 0.0007770007770007771, '성악': 0.14377967365429417, '연극': 0.1625874125874126, '오페라': 0.07313109118246817, '마당극': 0.006993006993006993, '재즈/월드뮤직': 0.004939132455910979, '대중가요': 0.08141820893498745, '뮤지컬': 0.12324588163514338, '혼합': 0.0006101281269066504}"
광주상설공연 (2월),복합,복합,,,"광주예술의전당 (구. 광주문화예술회관)(주최), 광주예술의전당 (구. 광주문화예술회관)(주관)",,,[],[],None,None,0.0,None,0.0,{}
인어공주 [화성],복합,다원/융복합,,,마법의정원(주최),,,[],[],None,None,0.0,None,0.0,{}
Invocation,복합,복합,"렌젠후에, 제이콥 데이비드 수돌, 이든 막스, 주정현",,게토얼라이브(GhettoAlive)(주최),,,"['렌젠후에', '제이콥 데이비드 수돌', '이든 막스', '주정현']",[],재즈/월드뮤직+기악,재즈/월드뮤직,0.72,기악,0.2,"{'재즈/월드뮤직': 0.72, '기타': 0.04, '현대무용': 0.04, '기악': 0.2}"
"신은미, 유진규, 배일동이 떠나는 신유배 기행",복합,복합,"신은미, 유진규, 배일동 등",,"(사)극단 현장 [진주](주최), (사)극단 현장 [진주](주관)",강병인,,"['신은미', '유진규', '배일동']",[],마임+연극,마임,0.7,연극,0.275,"{'연극': 0.275, '기악': 0.025, '마임': 0.7}"
피아노선생님이 들려주는 국악이야기 [김해],복합,복합,"정지혜, 성지희, 김민정, 이소영, 김민희, 김하원, 이미윤 등","이외숙, 이원진, 권혜경","(재)김해문화재단(김해서부문화센터)(주최), (재)김해문화재단(김해서부문화센터)(주관), (재)김해문화재단(김해서부문화센터)(기획사), 김해 아트 소사이어티(주최)",,,"['정지혜', '성지희', '김민정', '이소영', '김민희', '김하원', '이미윤']","['이외숙', '이원진', '권혜경']",기악+연극,기악,0.4581724708315145,연극,0.20474492887302473,"{'기악': 0.4581724708315145, '넌버벌 퍼포먼스': 0.014044251111215402, '뮤지컬': 0.04578121085957928, '성악': 0.11228234898228937, '악극': 0.022890509348100222, '연극': 0.20474492887302473, '창극': 0.004823771546179573, '현대무용': 0.015014522824534804, '혼합': 0.013816991891651873, '기타': 0.002267178235088943, '대중가요': 0.005706884674446586, '마임': 0.0009457755359394704, '발레': 0.003152585119798234, '연희': 0.00031525851197982345, '오페라': 0.06906875039605581, '인형극': 0.006586099902619449, '재즈/월드뮤직': 0.015119603103558458, '한국무용': 0.005266858252423437}"
그림자극으로 만나는 비발디의 사계,복합,복합,"배선옥, 서희경, 최명숙, 최진희, 엄정훈, 이은아","이정민, 나현정, 최진희 등","동래문화회관(주최), 극단 영(주관), 클래식라디오(주관)",트리나 폴리스,,"['배선옥', '서희경', '최명숙', '최진희', '엄정훈', '이은아']","['이정민', '나현정', '최진희']",인형극+연극,인형극,0.22194380154579155,연극,0.1921789100893578,"{'기악': 0.14235315081086225, '연극': 0.1921789100893578, '인형극': 0.22194380154579155, '성악': 0.12957961515175442, '대중가요': 0.05445665445665445, '악극': 0.017094017094017092, '뮤지컬': 0.15786675090157676, '현대무용': 0.031643370449340597, '기타': 0.0016583747927031505, '넌버벌 퍼포먼스': 0.004975124378109452, '마당극': 0.0008291873963515753, '발레': 0.0008291873963515753, '서커스/마술': 0.0016583747927031505, '연희': 0.0008291873963515753, '오페라': 0.0016583747927031505, '재즈/월드뮤직': 0.008291873963515752, '한국무용': 0.030495669799152376, '혼합': 0.0016583747927031505}"
봄의향연 [오산],복합,복합,"차지연, 이건명, 김성훈, 방성호 등",,"(재)오산문화재단(주최), (재)오산문화재단(주관)",,,"['차지연', '이건명', '김성훈', '방성호']",[],기악+뮤지컬,기악,0.27709932322410663,뮤지컬,0.26072826146864836,"{'기악': 0.27709932322410663, '기타': 0.07571440242321237, '뮤지컬': 0.26072826146864836, '성악': 0.05644503269218065, '연극': 0.0651196573675927, '혼합': 0.01402628855396193, '대중가요': 0.011311607864260706, '스트리트/스포츠댄스': 0.002109704641350211, '재즈/월드뮤직': 0.002109704641350211, '현대무용': 0.08705307572729291, '오페라': 0.12196715192235909, '한국무용': 0.02631578947368421}"
In & Around C,복합,복합,"김규리, 이호석, 김예슬, 안정아, 추현탁, 안상준, 설호종 등","장병욱, 윤현종, 류혜정 등","한국문화예술위원회(주최), 무지카 엑스 마키나(Musica ex Machina)(주관)",,,"['김규리', '이호석', '김예슬', '안정아', '추현탁', '안상준', '설호종']","['장병욱', '윤현종', '류혜정']",기악+연극,기악,0.32935198992184284,연극,0.22542892156862746,"{'기악': 0.32935198992184284, '넌버벌 퍼포먼스': 0.0011363636363636363, '대중가요': 0.0792759324009324, '뮤지컬': 0.10766488413547237, '발레': 0.003587344028520499, '성악': 0.04630124777183601, '스트리트/스포츠댄스': 0.007386363636363637, '연극': 0.22542892156862746, '오페라': 0.013636363636363637, '인형극': 0.011553030303030303, '재즈/월드뮤직': 0.13635270979020978, '악극': 0.0012254901960784314, '혼합': 0.020833333333333332, '연희': 0.01001602564102564, '현대무용': 0.00625}"
"그림 읽어주는 베토벤, THE CONCERT: 플란다스의 개 [울산]",복합,복합,조숙현 등,임용순,"좋은사람들(주최), 좋은사람들(주관)",,,['조숙현'],['임용순'],기악+재즈/월드뮤직,기악,0.9635964912280702,재즈/월드뮤직,0.03640350877192983,"{'기악': 0.9635964912280702, '재즈/월드뮤직': 0.03640350877192983}"
Just 바리X운정X은용,복합,복합,"김바리, 심은용, 심운정",,(AKA)운뎅(주최),,,"['김바리', '심은용', '심운정']",[],현대무용+기악,현대무용,0.38857142857142857,기악,0.2257142857142857,"{'기악': 0.2257142857142857, '현대무용': 0.38857142857142857, '혼합': 0.12857142857142856, '연극': 0.15, '한국무용': 0.05, '뮤지컬': 0.02857142857142857, '재즈/월드뮤직': 0.02857142857142857}"
화통콘서트 [거창],복합,다원/융복합,"하동민, 오경준, 소명진, 차은미, 김도희, 이준혁, 임채선 등",,"(재)거창문화재단(주최), (재)거창문화재단(주관)",,,"['하동민', '오경준', '소명진', '차은미', '김도희', '이준혁', '임채선']",[],기악+뮤지컬,기악,0.2601578813343519,뮤지컬,0.19666666666666668,"{'기악': 0.2601578813343519, '성악': 0.13042780748663102, '뮤지컬': 0.19666666666666668, '연희': 0.06807104660045836, '창극': 0.02, '혼합': 0.046785714285714285, '기타': 0.014285714285714285, '연극': 0.1575, '대중가요': 0.014429590017825311, '발레': 0.003333333333333333, '한국무용': 0.003333333333333333, '현대무용': 0.009607843137254901, '악극': 0.006818181818181818, '오페라': 0.006818181818181818, '재즈/월드뮤직': 0.061764705882352944}"
광주상설공연 (3월),복합,복합,"강예솔, 고재영, 공유민, 곽지오, 김도영, 김소영, 김주현 등","박경숙, 조가영, 장영재 등","광주광역시(주최), 광주예술의전당 (구. 광주문화예술회관)(주관)",,,"['강예솔', '고재영', '공유민', '곽지오', '김도영', '김소영', '김주현']","['박경숙', '조가영', '장영재']",발레+연극,발레,0.3023909374355803,연극,0.22319367140795715,"{'뮤지컬': 0.05722080498866214, '성악': 0.07574694650587507, '연극': 0.22319367140795715, '발레': 0.3023909374355803, '기악': 0.1796488481756339, '대중가요': 0.023387574726860445, '마임': 0.002164502164502165, '재즈/월드뮤직': 0.018432088744588748, '창극': 0.02448979591836735, '기타': 0.0034013605442176874, '한국무용': 0.0011337868480725624, '오페라': 0.06051587301587302, '현대무용': 0.01922123015873016, '혼합': 0.009052579365079366}"
"이데일리TV 신춘 오페라마 콘서트, A New Beginning",복합,복합,"정경, 박미자, 이소정 등",,(주)이데일리(주최),,,"['정경', '박미자', '이소정']",[],성악+기악,성악,0.39611505521748935,기악,0.210868830290737,"{'기악': 0.210868830290737, '성악': 0.39611505521748935, '오페라': 0.03576459319359929, '기타': 0.011663286004056797, '대중가요': 0.018382352941176475, '뮤지컬': 0.02205882352941177, '발레': 0.09803921568627452, '스트리트/스포츠댄스': 0.0036764705882352945, '연극': 0.10171568627450982, '연희': 0.0036764705882352945, '재즈/월드뮤직': 0.0036764705882352945, '한국무용': 0.007352941176470589, '현대무용': 0.08700980392156864}"
"삼성생명, 삼성화재와 함께하는 오페라마 음악회: 한국 가곡의 봄",복합,복합,"정경, 남상일, 이소정 등",,"(주)삼성화재해상보험(주최), (주)삼성생명보험(주최)",,,"['정경', '남상일', '이소정']",[],성악+기악,성악,0.243405695611578,기악,0.23727824463118583,"{'기악': 0.23727824463118583, '성악': 0.243405695611578, '오페라': 0.03145424836601308, '기타': 0.019257703081232497, '대중가요': 0.04616013071895426, '연희': 0.027485994397759107, '창극': 0.007936507936507938, '한국무용': 0.011321195144724558, '혼합': 0.05952380952380953, '뮤지컬': 0.02205882352941177, '발레': 0.09803921568627452, '스트리트/스포츠댄스': 0.0036764705882352945, '연극': 0.10171568627450982, '재즈/월드뮤직': 0.0036764705882352945, '현대무용': 0.08700980392156864}"
"시네마 클래식, 꽃피는 봄이 오면",복합,복합,"서훈, 장하은, 윤성은, 홍대성 등",,"인천광역시(주최), 인천광역시 남동구청(주최), 인천문화예술회관(주관), 남동문화재단(주관)",,,"['서훈', '장하은', '윤성은', '홍대성']",[],기악+성악,기악,0.5656565656565656,성악,0.20124320124320125,"{'기악': 0.5656565656565656, '뮤지컬': 0.020396270396270396, '성악': 0.20124320124320125, '오페라': 0.007575757575757576, '기타': 0.017094017094017092, '대중가요': 0.008547008547008546, '연극': 0.17521367521367523, '재즈/월드뮤직': 0.004273504273504273}"
Colorful Music Gala Concert,복합,복합,,,(재)성남문화재단(주최),,,[],[],None,None,0.0,None,0.0,{}
3.1절 기념 한용운이 부르는 님의침묵 [광주],복합,복합,"김기원, 서기철, 변지영, 최용호, 정은선, 박종선, 서승현 등",,"광주필하모니오케스트라(주최), 아시아문화기획(주관)",,,"['김기원', '서기철', '변지영', '최용호', '정은선', '박종선', '서승현']",[],연극+기악,연극,0.30530303030303035,기악,0.1897435897435898,"{'기악': 0.1897435897435898, '대중가요': 0.03671328671328672, '성악': 0.138986013986014, '연극': 0.30530303030303035, '한국무용': 0.05681818181818183, '오페라': 0.09673659673659675, '기타': 0.011363636363636366, '재즈/월드뮤직': 0.006993006993006995, '혼합': 0.04370629370629371, '뮤지컬': 0.11363636363636366}"
라움 마티네 콘서트,복합,복합,"이창용, 김덕우, 백은교, 강찬욱, 장우리, 이신규, 박건우 등",,"소셜베뉴 라움(주최), 라움아트센터(소셜베뉴 라움)(주최)",,,"['이창용', '김덕우', '백은교', '강찬욱', '장우리', '이신규', '박건우']",[],기악+연극,기악,0.7546722647236933,연극,0.13321486469634616,"{'기악': 0.7546722647236933, '기타': 0.005837359098228663, '대중가요': 0.005315500685871056, '뮤지컬': 0.07081076080212131, '성악': 0.009430727023319615, '연극': 0.13321486469634616, '재즈/월드뮤직': 0.012978335934913201, '혼합': 0.0058244782232461595, '스트리트/스포츠댄스': 0.0019157088122605363}"
3.1절 기념 한용운이 부르는 님의침묵 [대구],복합,복합,"김기원, 서기철, 변지영, 최용호, 정은선, 박종선, 서승현 등",,"광주필하모니오케스트라(주최), 아시아문화기획(주관)",,,"['김기원', '서기철', '변지영', '최용호', '정은선', '박종선', '서승현']",[],연극+기악,연극,0.30530303030303035,기악,0.1897435897435898,"{'기악': 0.1897435897435898, '대중가요': 0.03671328671328672, '성악': 0.138986013986014, '연극': 0.30530303030303035, '한국무용': 0.05681818181818183, '오페라': 0.09673659673659675, '기타': 0.011363636363636366, '재즈/월드뮤직': 0.006993006993006995, '혼합': 0.04370629370629371, '뮤지컬': 0.11363636363636366}"
"파동 입자 13: 김지효, Joss Turnbull",복합,복합,"조스 턴불, 김지효 등",,중력장(기획사),,,"['조스 턴불', '김지효']",[],재즈/월드뮤직+기악,재즈/월드뮤직,0.35,기악,0.3,"{'기악': 0.3, '오페라': 0.1, '재즈/월드뮤직': 0.35, '한국무용': 0.25}"
"서울신문 창간 120주년 기념, 봄날음악회",복합,복합,"최영선, 일리야 라쉬코프스키, 장사익, 송소희 등",,"(주)서울신문사(주최), (주)서울신문사(주관)",,,"['최영선', '일리야 라쉬코프스키', '장사익', '송소희']",[],기악+성악,기악,0.4148108052376533,성악,0.2909494971576792,"{'기악': 0.4148108052376533, '기타': 0.03409993563142829, '대중가요': 0.00930262815508717, '뮤지컬': 0.019125683060109287, '성악': 0.2909494971576792, '스트리트/스포츠댄스': 0.0006830601092896174, '악극': 0.0006830601092896174, '연극': 0.0006830601092896174, '연희': 0.007262007477710668, '오페라': 0.003415300546448087, '혼합': 0.21898496240601498}"
"ON:明 창단 연주회, ON:明: 20.5",복합,복합,,,,,,[],[],None,None,0.0,None,0.0,{}
"프리뮤직 콘서트: 강태환, 김덕수, 최선배 등",복합,복합,"김덕수, 정혜빈, 강효지, 강태환, 최선배, 강은일, 허희정 등",,게토얼라이브(GhettoAlive)(주관),,,"['김덕수', '정혜빈', '강효지', '강태환', '최선배', '강은일', '허희정']",[],기악+혼합,기악,0.4672066476414303,혼합,0.17586173129651392,"{'기악': 0.4672066476414303, '성악': 0.09639245400114967, '연희': 0.02929975429975431, '혼합': 0.17586173129651392, '한국무용': 0.09090909090909093, '연극': 0.026623376623376625, '재즈/월드뮤직': 0.07566346696781481, '대중가요': 0.003952569169960475, '뮤지컬': 0.029545454545454552, '악극': 0.002272727272727273, '현대무용': 0.002272727272727273}"
"국악 트롯 콘서트, 동락 [안동]",복합,복합,"김현호, 박애리, 김희재, 정미애 등",,경상북도(주최),,,"['김현호', '박애리', '김희재', '정미애']",[],혼합+대중가요,혼합,0.22321454712759062,대중가요,0.15801074931509715,"{'기악': 0.14003806177719222, '기타': 0.004715896020243847, '대중가요': 0.15801074931509715, '뮤지컬': 0.05675805675805676, '성악': 0.06384026601417907, '연극': 0.14300144300144305, '오페라': 0.007936507936507938, '재즈/월드뮤직': 0.007936507936507938, '현대무용': 0.015873015873015876, '혼합': 0.22321454712759062, '넌버벌 퍼포먼스': 0.006832298136645964, '연희': 0.012422360248447206, '창극': 0.1573498964803313, '한국무용': 0.002070393374741201}"
"수성아트피아 렉처콘서트 시리즈, 정호승의 작업노트",복합,복합,정호승,,"(재)수성문화재단 수성아트피아(주최), (재)수성문화재단 수성아트피아(주관)",,,['정호승'],[],기악+연극,기악,0.75,연극,0.25,"{'기악': 0.75, '연극': 0.25}"
한일 교류음악회,복합,복합,"박세연, 이지언, 김정수, 조혜령, 서수복, 김태정, 김세윤 등",,국립국악원(주최),,,"['박세연', '이지언', '김정수', '조혜령', '서수복', '김태정', '김세윤']",[],기악+연극,기악,0.3827806459673927,연극,0.1612107547584064,"{'기악': 0.3827806459673927, '뮤지컬': 0.05587095303237575, '발레': 0.0027777777777777783, '성악': 0.14903696615837703, '연극': 0.1612107547584064, '오페라': 0.007679738562091505, '창극': 0.04722222222222223, '한국무용': 0.0027777777777777783, '기타': 0.0009689922480620156, '대중가요': 0.01356589147286822, '연희': 0.108812129502964, '현대무용': 0.024418604651162794, '혼합': 0.03797558508420822, '재즈/월드뮤직': 0.004901960784313726}"
ACC 신비한 극장,복합,다원/융복합,유수경 등,"신현필, 강보람, 임충일 등","국립아시아문화전당(주최), 국립아시아문화전당(주관)",,,['유수경'],"['신현필', '강보람', '임충일']",현대무용+연극,현대무용,0.2777777777777778,연극,0.25,"{'현대무용': 0.2777777777777778, '기악': 0.046296296296296294, '기타': 0.009259259259259259, '대중가요': 0.037037037037037035, '성악': 0.009259259259259259, '재즈/월드뮤직': 0.17592592592592593, '연극': 0.25, '넌버벌 퍼포먼스': 0.027777777777777776, '뮤지컬': 0.08333333333333333, '연희': 0.027777777777777776, '혼합': 0.05555555555555555}"
"국립남도국악원 토요상설, 국악이 좋다: 국악의 향연: 꽃 피는 봄날",복합,복합,"나영선, 허정승, 김주원, 박범훈, 장예은, 이임정, 임늘솔 등",,국립남도국악원(주최),,,"['나영선', '허정승', '김주원', '박범훈', '장예은', '이임정', '임늘솔']",[],기악+연극,기악,0.3831146179401993,연극,0.15949612403100777,"{'기악': 0.3831146179401993, '연극': 0.15949612403100777, '성악': 0.086578073089701, '혼합': 0.11028792912513843, '연희': 0.13978682170542636, '기타': 0.0014534883720930232, '발레': 0.07180232558139535, '재즈/월드뮤직': 0.0014534883720930232, '창극': 0.0029069767441860465, '현대무용': 0.0014534883720930232, '악극': 0.01, '오페라': 0.01, '마당극': 0.016666666666666666, '대중가요': 0.005}"
"일본민주음악협회 교류공연, 한일교류 음악회",복합,복합,"나카이 토모야, 나가스 토모카, 하세가와 쇼잔, 방수미, 서은기, 장지연 등",,"국립민속국악원(주최), (재)민주음악협회(주최)",,,"['나카이 토모야', '나가스 토모카', '하세가와 쇼잔', '방수미', '서은기', '장지연']",[],기악+성악,기악,0.5166666666666667,성악,0.16666666666666666,"{'기악': 0.5166666666666667, '성악': 0.16666666666666666, '연극': 0.03333333333333333, '창극': 0.13333333333333333, '한국무용': 0.03333333333333333, '연희': 0.11666666666666665}"
"모두뮤직페스타, Belonging Ⅳ: 해방 Emancipation",복합,복합,배희관 등,,"(재)한국장애인문화예술원(주최), (재)한국장애인문화예술원(주관)",,,['배희관'],[],대중가요,대중가요,1.0,None,0.0,{'대중가요': 1.0}
빨간풍선,복합,복합,"강희수, 백연구, 김동재, 윤영철, 설동호 등",,남동문화재단(주최),,,"['강희수', '백연구', '김동재', '윤영철', '설동호']",[],연극+대중가요,연극,0.4993939393939395,대중가요,0.34121212121212124,"{'기악': 0.03636363636363637, '대중가요': 0.34121212121212124, '뮤지컬': 0.08484848484848485, '연극': 0.4993939393939395, '재즈/월드뮤직': 0.018181818181818184, '악극': 0.020000000000000004}"
"EHWAJANG 326 ARTSTREET BORN SS CONCERT, Stage concert",복합,복합,"장군, 임수현, 왕승원, 김미현, 임정우, 김서현, 김의혁 등","김강동명, 김동창, 장환석 등","우남네트워크(기획사), (재)우호문화재단(주최), (주)앤플럭서스(제작사), 컬처유랑단 흥(제작사)",,,"['장군', '임수현', '왕승원', '김미현', '임정우', '김서현', '김의혁']","['김강동명', '김동창', '장환석']",연극+기악,연극,0.40466118338360985,기악,0.1631947250053868,"{'넌버벌 퍼포먼스': 0.027777777777777776, '대중가요': 0.0520906279178338, '연극': 0.40466118338360985, '기악': 0.1631947250053868, '뮤지컬': 0.0840428719564749, '성악': 0.05059523809523809, '오페라': 0.05487351190476191, '혼합': 0.005952380952380952, '한국무용': 0.11123876633986929, '재즈/월드뮤직': 0.041666666666666664, '기타': 0.0013020833333333333, '발레': 0.0013020833333333333, '현대무용': 0.0013020833333333333}"
열린 음악회 [정읍],복합,복합,"김태연, 이희정, 권민환, 오세주, 신지용, 김휘상, 유수영 등",,"정읍시(문화예술과)(주최), 정읍시(문화예술과)(주관), 정읍시(문화예술과)(기획사)",,,"['김태연', '이희정', '권민환', '오세주', '신지용', '김휘상', '유수영']",[],기악+연극,기악,0.5250711697722567,연극,0.11881038647342995,"{'기악': 0.5250711697722567, '기타': 0.007095410628019323, '넌버벌 퍼포먼스': 0.001736111111111111, '대중가요': 0.04340277777777777, '발레': 0.08506944444444443, '성악': 0.008831521739130434, '스트리트/스포츠댄스': 0.001736111111111111, '연극': 0.11881038647342995, '오페라': 0.0384963768115942, '혼합': 0.027281746031746032, '뮤지컬': 0.11141304347826086, '악극': 0.0036231884057971015, '한국무용': 0.0036231884057971015, '재즈/월드뮤직': 0.023809523809523808}"
"제155회 두레콘서트, 시와 노래가 있는 나태주 시인 토크 콘서트",복합,복합,"나태주, 허태연, 서재화 등",손덕기,"두레치과(주최), 뭘이런걸닷컴(주최)",,,"['나태주', '허태연', '서재화']",['손덕기'],대중가요+연극,대중가요,0.554131054131054,연극,0.16666666666666663,"{'기악': 0.02564102564102564, '대중가요': 0.554131054131054, '혼합': 0.07692307692307691, '연극': 0.16666666666666663, '기타': 0.031339031339031334, '성악': 0.10113960113960113, '연희': 0.018518518518518514, '재즈/월드뮤직': 0.02564102564102564}"
"국립남도국악원 토요상설, 국악이 좋다: 엿장수 허쟁강",복합,복합,"고석진, 김수영, 장영구","권호성, 최병규, 이술아",국립남도국악원(주최),,,"['고석진', '김수영', '장영구']","['권호성', '최병규', '이술아']",뮤지컬+기악,뮤지컬,0.3631028704088066,기악,0.26006372707285963,"{'기악': 0.26006372707285963, '뮤지컬': 0.3631028704088066, '성악': 0.07751794966406841, '연희': 0.05174653690635428, '기타': 0.015410958904109595, '대중가요': 0.033485540334855415, '연극': 0.10742009132420095, '오페라': 0.0015220700152207007, '창극': 0.0015220700152207007, '한국무용': 0.008929477422628111, '현대무용': 0.0015220700152207007, '혼합': 0.043188736681887385, '마임': 0.022222222222222233, '발레': 0.012345679012345684}"
"통영국제음악제, 리히터스 패턴스",복합,복합,"마르쿠스 슈미클러, 게르하르트 리히터 등",코리나 벨츠 등,"통영시청(주최), (재)통영국제음악재단(주관)",,,"['마르쿠스 슈미클러', '게르하르트 리히터']",['코리나 벨츠'],None,None,0.0,None,0.0,{}
"판소리 오페라, 소월 [고양]",복합,복합,"서의철, 박종선, 김은미, 김중일, 김창영, 권아람, 김진수 등","홍아람, 김종섭, 홍석임 등","오뮤(주최), 오뮤(제작사)",,,"['서의철', '박종선', '김은미', '김중일', '김창영', '권아람', '김진수']","['홍아람', '김종섭', '홍석임']",오페라+연극,오페라,0.2954584867628346,연극,0.19217995169082125,"{'기악': 0.09068868932999367, '뮤지컬': 0.08430099825027362, '성악': 0.15691143263607035, '악극': 0.018829600351339484, '연희': 0.03209175084175084, '창극': 0.04924242424242424, '혼합': 0.020396270396270396, '대중가요': 0.01201923076923077, '오페라': 0.2954584867628346, '재즈/월드뮤직': 0.024352006688963212, '연극': 0.19217995169082125, '발레': 0.0012077294685990338, '현대무용': 0.02232142857142857}"
국립정동극장 신년음악회,복합,복합,"양준모, 하윤주, 윤형주, 이성준, 윤세연 등",,"(재)국립정동극장(주최), (재)국립정동극장(주관)",,,"['양준모', '하윤주', '윤형주', '이성준', '윤세연']",[],뮤지컬+혼합,뮤지컬,0.33356776963830526,혼합,0.2114210934187247,"{'기악': 0.11756683571725023, '기타': 0.005019216428612402, '대중가요': 0.07766878907818504, '뮤지컬': 0.33356776963830526, '성악': 0.10566591036307448, '오페라': 0.028337061894108877, '재즈/월드뮤직': 0.021638399714462353, '혼합': 0.2114210934187247, '연희': 0.003472222222222222, '넌버벌 퍼포먼스': 0.0032679738562091504, '한국무용': 0.029411764705882353, '연극': 0.06296296296296296}"
그대 먼 데서 이기고 돌아온 사람아,복합,복합,"신현대, 오성일, 강푸름, 류미야, 강수연, 김태선",,"당진문화연대(주최), 당진문화연대(주관)",,,"['신현대', '오성일', '강푸름', '류미야', '강수연', '김태선']",[],성악+대중가요,성악,0.42934782608695654,대중가요,0.25,"{'대중가요': 0.25, '성악': 0.42934782608695654, '기악': 0.19293478260869565, '뮤지컬': 0.010869565217391304, '연극': 0.021739130434782608, '오페라': 0.06385869565217392, '재즈/월드뮤직': 0.03125}"
4.4 독립만세운동 기념음악회: 달의 춤,복합,복합,"이대우, 정보권 등","김희연, 탁계석, 우효원","당진시(주최), (재)당진문화재단(주최), 당진문예의전당(주관), 당진시충남합창단(주관)",,,"['이대우', '정보권']","['김희연', '탁계석', '우효원']",성악+연극,성악,0.6656575990079827,연극,0.13154589371980677,"{'기악': 0.08312588803637395, '성악': 0.6656575990079827, '뮤지컬': 0.03743961352657005, '악극': 0.004830917874396135, '연극': 0.13154589371980677, '창극': 0.01932367149758454, '혼합': 0.03908651734738691, '대중가요': 0.0044444444444444444, '한국무용': 0.0044444444444444444, '연희': 0.010101010101010102}"
"스물네번째 스윙-바이, 자유즉흥연주",복합,복합,"심운정, 이선재, 장리오",,중력장(주최),,,"['심운정', '이선재', '장리오']",[],현대무용+연극,현대무용,0.3771121351766514,연극,0.196236559139785,"{'기악': 0.13133640552995393, '뮤지컬': 0.11904761904761907, '재즈/월드뮤직': 0.10829493087557607, '현대무용': 0.3771121351766514, '혼합': 0.04377880184331798, '대중가요': 0.00806451612903226, '성악': 0.00806451612903226, '연극': 0.196236559139785, '창극': 0.00806451612903226}"
"국립남도국악원 토요상설, 국악이 좋다: 국악의 향연",복합,복합,,,국립남도국악원(주최),,,[],[],None,None,0.0,None,0.0,{}
광주상설공연 (4월),복합,복합,"김자영, 최은서, 송의로, 홍서희, 김지유, 신예인, 유수민 등","권기원, 박경숙, 이준 등","광주예술의전당 (구. 광주문화예술회관)(주최), 광주예술의전당 (구. 광주문화예술회관)(주관)",,,"['김자영', '최은서', '송의로', '홍서희', '김지유', '신예인', '유수민']","['권기원', '박경숙', '이준']",연극+뮤지컬,연극,0.2223734458896833,뮤지컬,0.2210881643552416,"{'기악': 0.1927440455680937, '대중가요': 0.020116396761133602, '뮤지컬': 0.2210881643552416, '성악': 0.10286200361788267, '연극': 0.2223734458896833, '마임': 0.0125, '연희': 0.0013297872340425532, '한국무용': 0.0026595744680851063, '혼합': 0.04483940261865794, '악극': 0.0625, '오페라': 0.05208333333333333, '발레': 0.0625, '기타': 0.001201923076923077, '현대무용': 0.001201923076923077}"
케이킥 태권쇼,복합,복합,,,"(주)유니프렌즈(주최), (주)와이킥엔터테인먼트(Y-KICK)(주관)",,,[],[],None,None,0.0,None,0.0,{}
섀도우 콘서트 & 벽화체험,복합,복합,,,알레스 아트(주최),,,[],[],None,None,0.0,None,0.0,{}
"신춘콘서트, 국악과 트로트의 만남 [함양]",복합,복합,"박애리, 남상일 등",,"함양군청(주최), 함양군문화예술회관(주관), 경상남도 함양군문화시설사업소(함양군문화예술회관)(주관)",,,"['박애리', '남상일']",[],창극+혼합,창극,0.3777317690361168,혼합,0.20496894409937885,"{'기악': 0.1016793190706234, '기타': 0.020703933747412008, '넌버벌 퍼포먼스': 0.004830917874396135, '대중가요': 0.04186795491143317, '성악': 0.17736369910282954, '연희': 0.06073153899240855, '창극': 0.3777317690361168, '한국무용': 0.010121923165401427, '혼합': 0.20496894409937885}"
"강릉아트센터 기획공연, 스트라빈스키의 병사이야기",복합,복합,"안재민, 이광석, 박수연, 송수현, 한민수, 신예은, 김지연 등","심재상, 정민, 조정근 등","강릉아트센터(주최), 강릉아트센터(주관)",,,"['안재민', '이광석', '박수연', '송수현', '한민수', '신예은', '김지연']","['심재상', '정민', '조정근']",연극+기악,연극,0.31162494912494915,기악,0.2639111881449046,"{'연극': 0.31162494912494915, '인형극': 0.05, '재즈/월드뮤직': 0.01324786324786325, '대중가요': 0.011944444444444445, '발레': 0.024386618419185473, '한국무용': 0.07723691945914167, '현대무용': 0.057496834441278885, '혼합': 0.011522633744855966, '기악': 0.2639111881449046, '뮤지컬': 0.13689461028541489, '성악': 0.027891741790209222, '연희': 0.0008333333333333334, '오페라': 0.012185818296929407, '넌버벌 퍼포먼스': 0.00041152263374485596, '악극': 0.00041152263374485596}"
라임의 왕 김삿갓 [춘천],복합,복합,"김형식, 이상엽, 김한림, 장현규, 김한빈, 최수현, 추보경 등","최정오, 이종환, 곽지은 등","(사) 문화강대국(주최), (사) 문화강대국(주관)",,,"['김형식', '이상엽', '김한림', '장현규', '김한빈', '최수현', '추보경']","['최정오', '이종환', '곽지은']",연극+기악,연극,0.604419191919192,기악,0.1075757575757576,"{'기악': 0.1075757575757576, '연극': 0.604419191919192, '성악': 0.09646464646464648, '대중가요': 0.0297979797979798, '서커스/마술': 0.09277777777777779, '오페라': 0.005555555555555557, '현대무용': 0.01666666666666667, '뮤지컬': 0.009242424242424245, '한국무용': 0.01666666666666667, '혼합': 0.020833333333333336}"
"체어, 테이블, 체어 [김포]",복합,복합,,,"(재)김포문화재단(주최), (재)김포문화재단(주관), 팀 퍼니스트(제작사)",,,[],[],None,None,0.0,None,0.0,{}
미야자키 하야오 영화음악 콘서트 with 샌드애니메이션 [대전],복합,복합,"이현수, 이한나, 조재형, 진강우, 서희 등",,"(주)더존테크윌(기획사), (주)더존테크윌(주최), (주)더존테크윌(주관)",미야자키 하야오,,"['이현수', '이한나', '조재형', '진강우', '서희']",[],기악+성악,기악,0.38372150632835905,성악,0.12057201095652928,"{'기악': 0.38372150632835905, '마임': 0.006493506493506494, '발레': 0.03413812138644353, '성악': 0.12057201095652928, '연극': 0.07413419913419914, '재즈/월드뮤직': 0.08150979732954804, '한국무용': 0.048701298701298704, '현대무용': 0.04966007147215201, '악극': 0.03667305848513902, '오페라': 0.09599712368168745, '기타': 0.0019175455417066154, '뮤지컬': 0.03763183125599233, '혼합': 0.005040405423914532, '대중가요': 0.023809523809523808}"
"은평과 마주해, 봄 콘서트",복합,복합,"최예림, 김준수, 조병석, 남준봉, 송은혜 등",,"(재)은평문화재단(주최), (재)은평문화재단(주관)",,,"['최예림', '김준수', '조병석', '남준봉', '송은혜']",[],연극+대중가요,연극,0.30519005847953223,대중가요,0.26034285059052864,"{'기악': 0.07080896686159845, '대중가요': 0.26034285059052864, '뮤지컬': 0.11794590643274855, '발레': 0.06578947368421054, '연극': 0.30519005847953223, '연희': 0.0032894736842105266, '혼합': 0.05567738791423003, '기타': 0.0074074074074074086, '마당극': 0.0011574074074074076, '성악': 0.06064814814814815, '창극': 0.021990740740740745, '한국무용': 0.015046296296296297, '재즈/월드뮤직': 0.014705882352941178}"
서커스 클래식,복합,복합,,,상상발전소(),,,[],[],None,None,0.0,None,0.0,{}
"3rd GPD FORUM 예술뉴런 뮤지카,  with 권은비, 프라우드먼",복합,복합,권은비 등,,"GPD FORUM 추진위원회(주최), 지피디 파운데이션(주관)",,,['권은비'],[],대중가요+뮤지컬,대중가요,0.8888888888888888,뮤지컬,0.1111111111111111,"{'대중가요': 0.8888888888888888, '뮤지컬': 0.1111111111111111}"
"장사익 & 충남교향악단, 봄맞이 소리愛 [예산]",복합,복합,"장사익, 정나라, 김보경, 최정원, 장호진 등",,"충청남도(주최), (재)충남문화관광재단(주관)",,,"['장사익', '정나라', '김보경', '최정원', '장호진']",[],기악+성악,기악,0.2887611255566167,성악,0.20068248949933842,"{'기악': 0.2887611255566167, '기타': 0.014501742571918013, '성악': 0.20068248949933842, '연희': 0.004385964912280702, '혼합': 0.13410748157336852, '연극': 0.12288477908445707, '오페라': 0.0022961770143734724, '대중가요': 0.024846347068569294, '뮤지컬': 0.09568346605383644, '발레': 0.0027434842249657067, '스트리트/스포츠댄스': 0.008622378992749364, '악극': 0.0013717421124828533, '인형극': 0.017930629041740156, '재즈/월드뮤직': 0.0006858710562414267, '한국무용': 0.0006858710562414267, '현대무용': 0.07981045018082056}"
"트라이보울 예술아카데미: 자라는 예술, 소년기 (4.20)",복합,복합,"이세라, 임이삭 등",,예술공간 트라이보울(주최),,,"['이세라', '임이삭']",[],발레+연극,발레,0.5,연극,0.5,"{'발레': 0.5, '연극': 0.5}"
동아시아문화도시 개막식 [김해],복합,복합,"금난새, 은가은, 백지영 등",,"문화체육관광부(주최), 경상남도(주최), 김해시청(주최), 문화체육관광부(주관), 경상남도(주관), 김해시청(주관)",,,"['금난새', '은가은', '백지영']",[],기악+대중가요,기악,0.3742762466291878,대중가요,0.2954248366013072,"{'기악': 0.3742762466291878, '성악': 0.0702340143516614, '오페라': 0.01365967365967366, '대중가요': 0.2954248366013072, '뮤지컬': 0.023529411764705882, '혼합': 0.011764705882352941, '기타': 0.005555555555555555, '연극': 0.20555555555555555}"
피콜로이스트 김원미와 안디아모 국악퓨전콘서트: 그리고 그 사랑,복합,복합,"김원미, 최진석, 김범식, 고유동, 장혜진, 김현섭",,"(재) 대구광역시 동구문화재단(아양아트센터)(주최), 아양아트센터(주최), (재) 대구광역시 동구문화재단(아양아트센터)(주관), 아양아트센터(주관)",,,"['김원미', '최진석', '김범식', '고유동', '장혜진', '김현섭']",[],기악+연극,기악,0.4004942912837651,연극,0.2598162071846283,"{'기악': 0.4004942912837651, '기타': 0.013888888888888895, '뮤지컬': 0.054629629629629646, '재즈/월드뮤직': 0.050925925925925944, '연극': 0.2598162071846283, '혼합': 0.03174603174603176, '연희': 0.018518518518518524, '대중가요': 0.023391812865497085, '성악': 0.005847953216374271, '현대무용': 0.0740740740740741, '스트리트/스포츠댄스': 0.022222222222222233, '창극': 0.022222222222222233, '한국무용': 0.022222222222222233}"
"스물여섯번째 스윙-바이, 자유즉흥연주",복합,복합,"제레미 로즈, 석다연, 황진아",,중력장(주최),,,"['제레미 로즈', '석다연', '황진아']",[],한국무용+기악,한국무용,0.36904761904761907,기악,0.24190476190476193,"{'기악': 0.24190476190476193, '기타': 0.025238095238095237, '재즈/월드뮤직': 0.17333333333333334, '성악': 0.07142857142857142, '연희': 0.023809523809523808, '오페라': 0.011904761904761904, '한국무용': 0.36904761904761907, '현대무용': 0.023809523809523808, '혼합': 0.05952380952380953}"
"토크콘서트, 추억은 몽글몽글",복합,복합,"권지훈, 이예슬, 고승조, 구국희, 신이나, 김미정, 조용민",,"동래문화회관(주최), 센티멘탈로그(주관)",,,"['권지훈', '이예슬', '고승조', '구국희', '신이나', '김미정', '조용민']",[],연극+뮤지컬,연극,0.2365350698684032,뮤지컬,0.2183896350563017,"{'발레': 0.1111111111111111, '기악': 0.13715913715913716, '뮤지컬': 0.2183896350563017, '성악': 0.07193732193732194, '연극': 0.2365350698684032, '한국무용': 0.024691358024691357, '대중가요': 0.0030864197530864196, '오페라': 0.15123456790123457, '인형극': 0.007054673721340388, '재즈/월드뮤직': 0.021604938271604937, '현대무용': 0.010141093474426807, '혼합': 0.007054673721340388}"
세종예술의전당 국립심포니오케스트라 신년음악회,복합,복합,"다비드라일란트, 유성녀, 이해원, 조병익, 심현희, 박종석, 김수인 등",,"(재) 세종시문화관광재단(세종문화예술회관)(주최), 세종특별자치시청(주최), (재)코리안심포니오케스트라(국립심포니오케스트라)(주관)",,,"['다비드라일란트', '유성녀', '이해원', '조병익', '심현희', '박종석', '김수인']",[],성악+발레,성악,0.34045138888888893,발레,0.18092105263157895,"{'기악': 0.16458333333333336, '기타': 0.008159722222222224, '대중가요': 0.018402777777777782, '성악': 0.34045138888888893, '오페라': 0.0417929292929293, '뮤지컬': 0.0018939393939393942, '연극': 0.16808712121212122, '혼합': 0.019649621212121215, '발레': 0.18092105263157895, '현대무용': 0.03782894736842106, '연희': 0.002604166666666667, '창극': 0.015625000000000003}"
적로: 이슬의 노래,복합,복합,"이상화, 정윤형, 하윤주, 박영규, 여상근, 한림, 김준수 등","배삼식, 최우정, 정영두 등","국립국악원(주최), 업플레이스(주관)",,,"['이상화', '정윤형', '하윤주', '박영규', '여상근', '한림', '김준수']","['배삼식', '최우정', '정영두']",혼합+기악,혼합,0.3050792643583565,기악,0.20601998896835852,"{'기악': 0.20601998896835852, '뮤지컬': 0.04456090407177364, '성악': 0.07412811310569462, '악극': 0.03680830039525692, '연극': 0.18850931677018634, '오페라': 0.016304347826086956, '혼합': 0.3050792643583565, '한국무용': 0.0034196127946127947, '연희': 0.001953125, '재즈/월드뮤직': 0.020833333333333332, '기타': 0.0005787037037037037, '대중가요': 0.004629629629629629, '마당극': 0.0035548941798941797, '창극': 0.027276882975412385, '현대무용': 0.06634358288770054}"
"피카스 그림동화 음악회, 엄마 찾아 삼만리",복합,복합,"윤혜경, 황지수, 진성원, 이현수, 김정아, 신수정, 홍성민 등",,"피카스(PICAS)(주최), 이든예술기획(주)(주관)",,,"['윤혜경', '황지수', '진성원', '이현수', '김정아', '신수정', '홍성민']",[],기악+연극,기악,0.29777829060917294,연극,0.21760648423230122,"{'기악': 0.29777829060917294, '뮤지컬': 0.08676557042570114, '성악': 0.1061064121215265, '연극': 0.21760648423230122, '한국무용': 0.13252431724653946, '오페라': 0.040027006172839504, '마임': 0.003787878787878788, '발레': 0.003787878787878788, '재즈/월드뮤직': 0.015151515151515152, '현대무용': 0.06482884399551066, '악극': 0.020833333333333332, '연희': 0.004629629629629629, '대중가요': 0.006172839506172839}"
광주상설공연 (5월),복합,복합,,,"광주광역시(주최), 광주예술의전당 (구. 광주문화예술회관)(주관)",,,[],[],None,None,0.0,None,0.0,{}
"일루젼매지컬, 몽환록 [대전]",복합,복합,,,"대전시립연정국악원(주최), 대전시립연정국악원(주관)",,,[],[],None,None,0.0,None,0.0,{}
효 콘서트 [청양],복합,복합,"조명섭, 박민주, 박연아 등",,"청양군청(주최), 청양군청(주관)",,,"['조명섭', '박민주', '박연아']",[],대중가요+기악,대중가요,0.4023809523809523,기악,0.18928571428571422,"{'대중가요': 0.4023809523809523, '성악': 0.07976190476190474, '기악': 0.18928571428571422, '뮤지컬': 0.017857142857142853, '연극': 0.06785714285714285, '오페라': 0.017857142857142853, '연희': 0.04999999999999999, '혼합': 0.04999999999999999, '한국무용': 0.12499999999999997}"
제56회 군산 진포예술제 개막식,복합,복합,"김수희, 소명호 등",,"(사)한국예총군산지회(군산예총)(주최), (사)한국예총군산지회(군산예총)(주관), (사)한국예총군산지회(군산예총)(기획사)",,,"['김수희', '소명호']",[],연극+성악,연극,0.4743169398907103,성악,0.31147540983606553,"{'기악': 0.07431693989071037, '대중가요': 0.024590163934426222, '뮤지컬': 0.049180327868852444, '발레': 0.016393442622950817, '성악': 0.31147540983606553, '연극': 0.4743169398907103, '오페라': 0.008196721311475409, '인형극': 0.008196721311475409, '악극': 0.033333333333333326}"
모래에 이야기 꽃을 피우다 [인천],복합,복합,,,"(사)한국예총 인천광역시연합회 인천예총(인천수봉문화회관)(주최), (사)한국예총 인천광역시연합회 인천예총(인천수봉문화회관)(주관)",,,[],[],None,None,0.0,None,0.0,{}
"태권무 한빛 시즌3, 태권예술로 제주를 품다",복합,복합,,"김용재, 한승훈, 오수현 등","제주아트센터(주최), 한빛사회적협동조합(구.제주태권도사회적협동조합)(주관), (주)와이킥엔터테인먼트(Y-KICK)(주관)",,,[],"['김용재', '한승훈', '오수현']",기악+뮤지컬,기악,0.31111111111111106,뮤지컬,0.26984126984126977,"{'기악': 0.31111111111111106, '대중가요': 0.09999999999999998, '혼합': 0.06111111111111111, '뮤지컬': 0.26984126984126977, '성악': 0.027777777777777773, '악극': 0.07142857142857141, '연극': 0.1587301587301587}"
The K콘서트: Like a Star,복합,복합,"장선영, 신미리, 이석훈 등",,The-K 한국교직원공제회(주최),,,"['장선영', '신미리', '이석훈']",[],기악+대중가요,기악,0.47222222222222215,대중가요,0.23148148148148148,"{'기악': 0.47222222222222215, '성악': 0.19444444444444442, '기타': 0.009259259259259259, '대중가요': 0.23148148148148148, '뮤지컬': 0.0925925925925926}"
제11회 바이올리니스트 김다미와 함께 하는 루체현악앙상블 정기연주회 [울산],복합,다원/융복합,"김다미, 이경호 등",송숭주,"루체현악앙상블(주최), 루체현악앙상블(주관), 루체예술단(루체현악앙상블)(주최), 루체예술단(루체현악앙상블)(주관)",,,"['김다미', '이경호']",['송숭주'],성악+기악,성악,0.491625816993464,기악,0.42320261437908496,"{'기악': 0.42320261437908496, '성악': 0.491625816993464, '재즈/월드뮤직': 0.001838235294117647, '뮤지컬': 0.027777777777777776, '연극': 0.027777777777777776, '오페라': 0.027777777777777776}"
에코백 [보성],복합,복합,,,"(재)예술경영지원센터(주최), 보성군청(주관), 보성군문화예술회관(주관), 그루잠 프로덕션(주최), 그루잠 프로덕션(주관), 그루잠 프로덕션(기획사)",,,[],[],None,None,0.0,None,0.0,{}
오월 어머니의 노래 [제주],복합,복합,"오정해, 황유순, 서지명, 이영효, 허대식, 김태근, 오능희 등","김점중, 유형민, 양승환 등","서귀포예술의전당(주최), 서귀포예술의전당(주관), 국립아시아문화전당(주최)",,,"['오정해', '황유순', '서지명', '이영효', '허대식', '김태근', '오능희']","['김점중', '유형민', '양승환']",성악+오페라,성악,0.3397883597883598,오페라,0.18333333333333332,"{'기악': 0.1500072979383324, '기타': 0.0038095238095238095, '대중가요': 0.048648056923918985, '뮤지컬': 0.061125151709859354, '성악': 0.3397883597883598, '악극': 0.0019047619047619048, '연희': 0.013333333333333334, '한국무용': 0.004803312629399586, '혼합': 0.03848932676518883, '오페라': 0.18333333333333332, '연극': 0.14233518161554143, '인형극': 0.012422360248447204}"
"효 콘서트, 소리정감",복합,복합,"남상일, 최예림, 김재빈",,"(재)울주문화재단(주최), (재)울주문화재단(주관)",,,"['남상일', '최예림', '김재빈']",[],기악+성악,기악,0.1549446532999165,성악,0.1443452380952381,"{'기악': 0.1549446532999165, '기타': 0.03273809523809524, '대중가요': 0.06560672514619885, '성악': 0.1443452380952381, '연희': 0.030388471177944864, '창극': 0.007936507936507938, '한국무용': 0.003968253968253969, '혼합': 0.13847117794486216, '뮤지컬': 0.11019736842105264, '발레': 0.13157894736842107, '연극': 0.13815789473684212, '오페라': 0.04166666666666667}"
"안산시립예술단 기획연주회, 목요보노음악회",복합,복합,,,"안산시청(주최), 안산시립예술단(주관), (재)안산문화재단(안산문화예술의전당)(주최), (재)안산문화재단(안산문화예술의전당)(주관), (재)안산문화재단(안산문화예술의전당)(기획사)",,,[],[],None,None,0.0,None,0.0,{}
"가정의 달 기념공연, 가정음악회 [천안]",복합,복합,"박창근, 신효범, 오유석, 윤승환, 황태경, 김서영 등",,(재)천안문화재단(천안예술전당)(주최),,,"['박창근', '신효범', '오유석', '윤승환', '황태경', '김서영']",[],성악+대중가요,성악,0.3159035645205858,대중가요,0.23071175278622089,"{'기타': 0.01456433637284701, '대중가요': 0.23071175278622089, '성악': 0.3159035645205858, '기악': 0.1235551948051948, '뮤지컬': 0.015752164502164503, '오페라': 0.032256493506493504, '재즈/월드뮤직': 0.013392857142857142, '연희': 0.003787878787878788, '혼합': 0.007575757575757576, '연극': 0.19125, '넌버벌 퍼포먼스': 0.005, '마임': 0.0025, '악극': 0.0075, '현대무용': 0.005, '스트리트/스포츠댄스': 0.03125}"
"가족과 함께하는 카툰 콘서트, 셜록홈즈 [당진]",복합,복합,"양왕열, 최유석, 고길영, 이기명, 황성범, 성철모, 김지수 등",,"(재)당진문화재단(주최), 당진문예의전당(주관)",,,"['양왕열', '최유석', '고길영', '이기명', '황성범', '성철모', '김지수']",[],기악+재즈/월드뮤직,기악,0.29884664365758495,재즈/월드뮤직,0.2823953823953824,"{'기악': 0.29884664365758495, '기타': 0.03823953823953823, '뮤지컬': 0.13722398098906546, '성악': 0.08943915653489264, '재즈/월드뮤직': 0.2823953823953824, '혼합': 0.032550536975315736, '대중가요': 0.009895414320193082, '연극': 0.07133035910187963, '마당극': 0.0008045052292839903, '서커스/마술': 0.010458567980691875, '오페라': 0.0008045052292839903, '한국무용': 0.0049367366342426685, '현대무용': 0.02307467271264536}"
Printemps: Via Trio,복합,복합,"정지현, 이주희, 남영주, 이주영, 삐에르 파, 네드 달링턴, 구다영",,"대구광역시 서구문화회관(주최), 비원뮤직홀(주최), 비원뮤직홀(주관), 비원뮤직홀(기획사)",,,"['정지현', '이주희', '남영주', '이주영', '삐에르 파', '네드 달링턴', '구다영']",[],연극+기악,연극,0.26852045838020244,기악,0.20227830896137977,"{'기악': 0.20227830896137977, '연극': 0.26852045838020244, '재즈/월드뮤직': 0.06793025871766027, '현대무용': 0.034889388826396694, '뮤지컬': 0.1047308539557555, '기타': 0.14059137139107608, '성악': 0.0810022965879265, '악극': 0.001574803149606299, '연희': 0.009120734908136481, '오페라': 0.020407644356955374, '인형극': 0.006299212598425196, '한국무용': 0.03712153168353955, '혼합': 0.00990813648293963, '대중가요': 0.014062499999999997, '발레': 0.0015624999999999997}"
FINEDAY FESTIVAL,복합,복합,"이준형, 안예은, 최형배 등",,"(주)에스에이커뮤니케이션(주최), (주)에스에이커뮤니케이션(주관)",,,"['이준형', '안예은', '최형배']",[],서커스/마술+성악,서커스/마술,0.33705332898881285,성악,0.19987373737373737,"{'기악': 0.07188552188552189, '대중가요': 0.16977571413055284, '뮤지컬': 0.18105517541001412, '서커스/마술': 0.33705332898881285, '성악': 0.19987373737373737, '연극': 0.020033670033670035, '연희': 0.005050505050505051, '한국무용': 0.0016835016835016836, '혼합': 0.010900673400673402, '기타': 0.0026881720430107525}"
"김주원의 사색여정 with 소리꾼 이자람, 동행",복합,복합,"김주원, 이자람, 이준형","김주원, 주선희, 김성훈 등","(재)광명문화재단(주최), (재)광명문화재단(주관)",,,"['김주원', '이자람', '이준형']","['김주원', '주선희', '김성훈']",성악+기악,성악,0.2925780699804096,기악,0.21038352964465962,"{'기악': 0.21038352964465962, '기타': 0.0078679048358177, '발레': 0.1044397463002114, '성악': 0.2925780699804096, '연극': 0.15627114649264648, '연희': 0.004868985841501697, '재즈/월드뮤직': 0.004731188550877649, '창극': 0.034531360112755455, '현대무용': 0.04959766075611325, '혼합': 0.016769412692965075, '악극': 0.014545454545454544, '오페라': 0.03368421052631579, '대중가요': 0.02965716409051351, '뮤지컬': 0.017223161493550146, '서커스/마술': 0.0064279155188246085, '한국무용': 0.015272340631192304, '스트리트/스포츠댄스': 0.001150747986191024}"
몽환록: 꿈 같은 마술 이야기 [세종],복합,복합,"이경재, 김보성, 김민규, 정경철, 박상현, 임성은, 황유진","이경재, 이희찬, 송기조 등","이모션콘텐츠(주최), 이모션콘텐츠(주관)",,,"['이경재', '김보성', '김민규', '정경철', '박상현', '임성은', '황유진']","['이경재', '이희찬', '송기조']",연극+오페라,연극,0.4431335331335331,오페라,0.12996447996447996,"{'기악': 0.06705294705294704, '서커스/마술': 0.08372127872127871, '연극': 0.4431335331335331, '오페라': 0.12996447996447996, '성악': 0.05804861804861804, '대중가요': 0.02235431235431235, '현대무용': 0.0547086247086247, '마임': 0.001212121212121212, '뮤지컬': 0.0648063048063048, '악극': 0.007417027417027417, '연희': 0.001212121212121212, '재즈/월드뮤직': 0.008018648018648019, '발레': 0.012409812409812409, '인형극': 0.014393939393939393, '기타': 0.0018648018648018646, '마당극': 0.00046620046620046615, '혼합': 0.02618492618492618, '한국무용': 0.00303030303030303}"
"평균율 너머, 우주 1회차: 왕혜인 X 김용성",복합,복합,"왕혜인, 김용성",,소마뮤직랩(SomaMusicLab)(주최),,,"['왕혜인', '김용성']",[],기악+뮤지컬,기악,0.4444444444444445,뮤지컬,0.33333333333333337,"{'기악': 0.4444444444444445, '기타': 0.02777777777777778, '서커스/마술': 0.02777777777777778, '성악': 0.11111111111111112, '재즈/월드뮤직': 0.02777777777777778, '한국무용': 0.02777777777777778, '뮤지컬': 0.33333333333333337}"
커피콘서트 Ⅲ. 책 읽어주는 큐레이터: 리어왕,복합,복합,"조숙현, 이현우, 남근형, 한동윤, 김다솔, 김동환",,"인천광역시(주최), 인천광역시 동구(동구문화체육센터)(주최), 인천문화예술회관(주관), 인천광역시 동구(동구문화체육센터)(주관)",,,"['조숙현', '이현우', '남근형', '한동윤', '김다솔', '김동환']",[],기악+뮤지컬,기악,0.43649203958691923,뮤지컬,0.208642785427424,"{'기악': 0.43649203958691923, '재즈/월드뮤직': 0.03523809523809524, '대중가요': 0.03834803499713139, '뮤지컬': 0.208642785427424, '발레': 0.012500000000000002, '성악': 0.03876470166379805, '연극': 0.11941946356855997, '현대무용': 0.043125000000000004, '넌버벌 퍼포먼스': 0.007068273092369478, '한국무용': 0.007068273092369478, '연희': 0.046666666666666676, '혼합': 0.006666666666666668}"
"제18회 당진시건강가정대축제, 우리가족 놀이터 건가월드",복합,복합,,,"당진시건강가정지원센터(주최), 당진시건강가정지원센터(주관)",,,[],[],None,None,0.0,None,0.0,{}
오월 어머니의 노래 [광주],복합,복합,"오정해, 황유순, 서지명, 정찬영, 김옥희, 이향란, 임현서 등","김점중, 유형민, 양승환 등","국립아시아문화전당(주최), (유)광민(주관)",,,"['오정해', '황유순', '서지명', '정찬영', '김옥희', '이향란', '임현서']","['김점중', '유형민', '양승환']",성악+연극,성악,0.3194139194139194,연극,0.19502336743716053,"{'기악': 0.17094859163824683, '기타': 0.0043956043956043965, '대중가요': 0.06712138436276369, '뮤지컬': 0.1056460780598712, '성악': 0.3194139194139194, '악극': 0.0021978021978021982, '연희': 0.015384615384615387, '한국무용': 0.0021978021978021982, '혼합': 0.04441076165214097, '스트리트/스포츠댄스': 0.025641025641025644, '연극': 0.19502336743716053, '마당극': 0.01098901098901099, '오페라': 0.025641025641025644, '인형극': 0.01098901098901099}"
"제주빌레앙상블, 열린음악회",복합,복합,"장필순, 장진형, 정애선, 이채영, 김신규, 정성민 등",,"김정문화회관(주최), (사)제주빌레앙상블(주관)",,,"['장필순', '장진형', '정애선', '이채영', '김신규', '정성민']",[],연극+기악,연극,0.29329004329004327,기악,0.22056277056277057,"{'기악': 0.22056277056277057, '기타': 0.019047619047619046, '대중가요': 0.13593073593073593, '뮤지컬': 0.08008658008658008, '혼합': 0.14285714285714285, '성악': 0.012987012987012988, '연극': 0.29329004329004327, '오페라': 0.09523809523809523}"
"The Strangers Strange Songs, 이방인의 낯선 노래",복합,복합,"김서린, 이혜인",,"스튜디오 뮤랑(기획사), 스튜디오 뮤랑(주최)",,,"['김서린', '이혜인']",[],기악+연극,기악,0.46666666666666673,연극,0.27222222222222225,"{'기악': 0.46666666666666673, '뮤지컬': 0.05, '성악': 0.06666666666666668, '연극': 0.27222222222222225, '한국무용': 0.01666666666666667, '현대무용': 0.01666666666666667, '재즈/월드뮤직': 0.11111111111111112}"
5월 오픈마이크,복합,복합,박지혁 등,,중력장(주최),,,['박지혁'],[],기악+재즈/월드뮤직,기악,0.8888888888888888,재즈/월드뮤직,0.1111111111111111,"{'기악': 0.8888888888888888, '재즈/월드뮤직': 0.1111111111111111}"
"해설이 있는 음악회, 가족 음악회 [온양]",복합,복합,"김종규, 김혜린 등",,"(재)울주문화재단(주최), (재)울주문화재단(주관)",,,"['김종규', '김혜린']",[],연극+뮤지컬,연극,0.3950617283950617,뮤지컬,0.2631578947368421,"{'기악': 0.1442495126705653, '뮤지컬': 0.2631578947368421, '성악': 0.12345679012345678, '연극': 0.3950617283950617, '오페라': 0.06172839506172839, '현대무용': 0.012345679012345678}"
할망에게 묻고 답하다 [제주 서귀포],복합,복합,"정신애, 최성연, 정민자, 강상훈, 문석범, 장유정, 김남희 등","김지혜, 이광호, 김원재 등","김정문화회관(주최), HOHO호호플러스아카데미(주관)",,,"['정신애', '최성연', '정민자', '강상훈', '문석범', '장유정', '김남희']","['김지혜', '이광호', '김원재']",연극+뮤지컬,연극,0.6513879151424791,뮤지컬,0.10675034528989906,"{'재즈/월드뮤직': 0.07020479302832246, '연극': 0.6513879151424791, '대중가요': 0.034204793028322446, '뮤지컬': 0.10675034528989906, '기악': 0.08538109602815486, '성악': 0.02940707223060165, '악극': 0.0013071895424836605, '연희': 0.000871459694989107, '오페라': 0.003102396514161221, '인형극': 0.001742919389978214, '한국무용': 0.005563934975699684, '현대무용': 0.0013071895424836605, '혼합': 0.006204793028322442, '기타': 0.002564102564102565}"
광주상설공연 (6월),복합,복합,,,"광주광역시(주최), 광주예술의전당 (구. 광주문화예술회관)(주관)",,,[],[],None,None,0.0,None,0.0,{}
오월 어머니의 노래 [서울],복합,복합,"이명자, 박형순, 추혜성, 김길자, 박유덕, 임현서, 김정자 등","김점중, 유형민, 양승환 등","국립아시아문화전당재단(주최), (유)광민(주관)",,,"['이명자', '박형순', '추혜성', '김길자', '박유덕', '임현서', '김정자']","['김점중', '유형민', '양승환']",기악+뮤지컬,기악,0.24794745484400654,뮤지컬,0.1807091737150293,"{'기악': 0.24794745484400654, '성악': 0.10833333333333332, '연극': 0.16315526535923414, '한국무용': 0.1125, '대중가요': 0.12200173498156583, '뮤지컬': 0.1807091737150293, '오페라': 0.03333333333333333, '인형극': 0.014285714285714285, '혼합': 0.017733990147783252}"
미야자키 하야오 영화음악 콘서트 with 샌드애니메이션 [과천],복합,복합,"이현수, 이한나, 장연주, 임소영, 서희 등",,(재)과천문화재단(주최),,,"['이현수', '이한나', '장연주', '임소영', '서희']",[],오페라+기악,오페라,0.19123521891978268,기악,0.1817164937970307,"{'기악': 0.1817164937970307, '마임': 0.006493506493506493, '발레': 0.03413812138644353, '성악': 0.14026409831778958, '연극': 0.16143578643578643, '재즈/월드뮤직': 0.0774281646764868, '한국무용': 0.0487012987012987, '현대무용': 0.049660071472152005, '악극': 0.036673058485139014, '오페라': 0.19123521891978268, '기타': 0.0019175455417066152, '뮤지컬': 0.04556833919250026, '혼합': 0.0009587727708533076, '대중가요': 0.023809523809523805}"
청소년과 함께하는 김숙진의 이야기가 있는 콘서트 [고양],복합,복합,"김숙진, 한아름, 지준혁, 김장훈 등",,"(재)고양문화재단(주최), (재)고양문화재단(주관)",,,"['김숙진', '한아름', '지준혁', '김장훈']",[],오페라+기타,오페라,0.2,기타,0.2,"{'기악': 0.088, '대중가요': 0.17885714285714285, '뮤지컬': 0.07182266009852217, '성악': 0.08807881773399015, '연극': 0.13312315270935962, '한국무용': 0.009753694581280788, '현대무용': 0.002857142857142857, '혼합': 0.012610837438423644, '창극': 0.006896551724137931, '오페라': 0.2, '재즈/월드뮤직': 0.008, '기타': 0.2}"
"평화통일 음악회, 탈북민 애환!! 음악으로 듣는다 [사천]",복합,복합,,,"민주평화통일자문회의 사천시협의회(주최), 민주평화통일자문회의 사천시협의회(주관)",,,[],[],None,None,0.0,None,0.0,{}
"조희창의 굿모닝 콘서트, 아리랑 온 더 로드",복합,복합,"고수정, 조윤성, 파코 드 진, 캐시 시갈 가르시아",,"(재)거제시문화예술재단(주최), 아델라이데(주관)",,,"['고수정', '조윤성', '파코 드 진', '캐시 시갈 가르시아']",[],기악+재즈/월드뮤직,기악,0.4523648648648649,재즈/월드뮤직,0.34943693693693695,"{'기악': 0.4523648648648649, '성악': 0.04617117117117118, '재즈/월드뮤직': 0.34943693693693695, '기타': 0.00900900900900901, '대중가요': 0.011261261261261262, '연극': 0.06700450450450451, '오페라': 0.06475225225225227}"
비르투오소 인 클래식 [하남],복합,복합,"조현우, 정석준, 이부영, 김정태, 김진현, 이미정, 김재민 등","김주원, 김동곤","뷰티풀데이(주최), 뷰티풀데이(주관), 뷰티풀데이(기획사)",,,"['조현우', '정석준', '이부영', '김정태', '김진현', '이미정', '김재민']","['김주원', '김동곤']",연극+기악,연극,0.3285126621951984,기악,0.2782070377859159,"{'기악': 0.2782070377859159, '기타': 0.014921531317154397, '대중가요': 0.01678156748911466, '뮤지컬': 0.055721564860715805, '성악': 0.08641718983809812, '악극': 0.04886572546949905, '연극': 0.3285126621951984, '현대무용': 0.002947656135732046, '재즈/월드뮤직': 0.023753059975520196, '혼합': 0.032703488372093026, '오페라': 0.016837121212121213, '한국무용': 0.016666666666666666, '발레': 0.07444282945736434, '연희': 0.0017684108527131783, '창극': 0.0014534883720930232}"
"강릉단오제, 추억의 단오 [강릉]",복합,복합,"권다림, 서은선, 윤덕완, 정미영, 안정민, 조수행, 이희경 등","김재현, 김태윤, 서승현 등","(사)아트컴퍼니 해랑(주최), (사)아트컴퍼니 해랑(주관)",,,"['권다림', '서은선', '윤덕완', '정미영', '안정민', '조수행', '이희경']","['김재현', '김태윤', '서승현']",뮤지컬+연극,뮤지컬,0.42468835662607285,연극,0.2532904177713866,"{'뮤지컬': 0.42468835662607285, '연극': 0.2532904177713866, '현대무용': 0.08128342245989305, '연희': 0.024649859943977587, '기악': 0.08619706706211895, '오페라': 0.008529411764705883, '성악': 0.00514087988136431, '재즈/월드뮤직': 0.006821552150271874, '인형극': 0.0196078431372549, '한국무용': 0.030303030303030304, '대중가요': 0.009579831932773107, '발레': 0.005042016806722689, '혼합': 0.030748663101604276, '서커스/마술': 0.0011764705882352942, '악극': 0.012941176470588235}"
"스물아홉번째 스윙-바이, 자유즉흥연주",복합,복합,"심은용, 이선재, 김도영, 조민기, 김선기, 심운정, 정원미",,중력장(주최),,,"['심은용', '이선재', '김도영', '조민기', '김선기', '심운정', '정원미']",[],연극+재즈/월드뮤직,연극,0.34706803053577245,재즈/월드뮤직,0.2021336638272122,"{'기악': 0.12180910487362101, '혼합': 0.05625960061443932, '연극': 0.34706803053577245, '한국무용': 0.020833333333333332, '대중가요': 0.03715786901270773, '성악': 0.007738677093515803, '재즈/월드뮤직': 0.2021336638272122, '창극': 0.014592933947772656, '현대무용': 0.13125960061443934, '뮤지컬': 0.03968253968253968, '마임': 0.0025252525252525255, '발레': 0.005050505050505051, '오페라': 0.013888888888888888}"
제10회 서울페스티발앙상블 정기연주회,복합,복합,"최정연, 김문길, 장세정, 전경미, 임진향, 정해욱, 김정수 등","김난희, 오경열, 나지영","서울페스티발앙상블(주최), 영음예술기획(주최), 영음예술기획(주관), 영음예술기획(기획사)",,,"['최정연', '김문길', '장세정', '전경미', '임진향', '정해욱', '김정수']","['김난희', '오경열', '나지영']",기악+연극,기악,0.56527529318227,연극,0.1394752534287418,"{'기악': 0.56527529318227, '성악': 0.09456370502882132, '연극': 0.1394752534287418, '오페라': 0.08333333333333334, '기타': 0.000894454382826476, '대중가요': 0.012522361359570664, '뮤지컬': 0.000894454382826476, '연희': 0.000894454382826476, '현대무용': 0.022540250447227194, '혼합': 0.0026833631484794278, '인형극': 0.07692307692307693}"
"모두예술극장 기획프로그램: 어둠 속에, 풍경",복합,다원/융복합,"구예은, 김기영, 김시락, 박규민, 신나라, 하지영, 황혜란 등","배요섭, 강정희, 정주혜 등",(재)한국장애인문화예술원(제작사),,,"['구예은', '김기영', '김시락', '박규민', '신나라', '하지영', '황혜란']","['배요섭', '강정희', '정주혜']",연극+기악,연극,0.43790792540792545,기악,0.2816724941724942,"{'기악': 0.2816724941724942, '뮤지컬': 0.03496503496503497, '성악': 0.08904428904428907, '연극': 0.43790792540792545, '창극': 0.04102564102564103, '혼합': 0.030769230769230774, '대중가요': 0.025641025641025644, '기타': 0.007692307692307694, '연희': 0.012820512820512822, '현대무용': 0.038461538461538464}"
미술관 옆 공연장: 그림에 음악과 향기를 더하다,복합,다원/융복합,"정우철, 민시후, 노인호",,"(재)세종문화회관(주최), (재)세종문화회관(기획사)",,,"['정우철', '민시후', '노인호']",[],기악+발레,기악,0.4424242424242424,발레,0.2,"{'기악': 0.4424242424242424, '대중가요': 0.01818181818181818, '재즈/월드뮤직': 0.13787878787878788, '현대무용': 0.01818181818181818, '연극': 0.13333333333333333, '기타': 0.03333333333333333, '스트리트/스포츠댄스': 0.016666666666666666, '발레': 0.2}"
지락발광 [고령],복합,다원/융복합,,,"고령군청(주최), 대가야문화누리(주관)",,,[],[],None,None,0.0,None,0.0,{}
"내가 농섬보다 외롭다, 사유의 시간 (06.22)",복합,복합,정다움 등,,"문화를 만드는 곳 열터(주최), 경기문화재단(주최)",,,['정다움'],[],기악,기악,1.0,None,0.0,{'기악': 1.0}
"ACC 어린이공연, 마법의 샘",복합,다원/융복합,"이혜진, 우혜인, 김채린, 장호중, 김민국","문진영, 정지현, 박은주 등","국립아시아문화전당재단(제작사), 기룬스토리(제작사)",,,"['이혜진', '우혜인', '김채린', '장호중', '김민국']","['문진영', '정지현', '박은주']",연극+기악,연극,0.5052536570183629,기악,0.13211095549330845,"{'기악': 0.13211095549330845, '뮤지컬': 0.131494708994709, '서커스/마술': 0.001322751322751323, '성악': 0.04685652038593216, '연극': 0.5052536570183629, '오페라': 0.043308434484905074, '인형극': 0.011126672891378775, '창극': 0.001322751322751323, '한국무용': 0.010634920634920638, '혼합': 0.0072829131652661075, '대중가요': 0.020000000000000004, '연희': 0.04166666666666667, '재즈/월드뮤직': 0.008333333333333333, '현대무용': 0.034523809523809526, '기타': 0.002380952380952381, '마당극': 0.002380952380952381}"
홍지민과 함께하는 판타스틱 쇼 [성주],복합,복합,"홍지민, 오은영, 유원석, 이상은, 임세준 등",,성주군청(주최),,,"['홍지민', '오은영', '유원석', '이상은', '임세준']",[],뮤지컬+연극,뮤지컬,0.3577220077220078,연극,0.1876670626670627,"{'기악': 0.1560489060489061, '기타': 0.029304029304029307, '대중가요': 0.03775368775368776, '뮤지컬': 0.3577220077220078, '성악': 0.049896049896049906, '연극': 0.1876670626670627, '한국무용': 0.019230769230769232, '현대무용': 0.0026606276606276607, '서커스/마술': 0.15714285714285717, '오페라': 0.0025740025740025744}"
브비브비 시즌2 [울산],복합,다원/융복합,,,울산광역시학생교육문화회관(주최),,,[],[],None,None,0.0,None,0.0,{}
"대한민국 청년축제, 청춘뉴런",복합,복합,,,청춘뉴런 조직위원회(주최),,,[],[],None,None,0.0,None,0.0,{}
"배익한 재즈 오케스트라, 재즈와 판소리의 만남: 재즈 x 판",복합,복합,"김동기, 김예중, 박종상, 이창민, 최민호, 원익준, 장재효 등","배익한, 권오준, 고은별 등","배익한 재즈 오케스트라(주최), 배익한 재즈 오케스트라(주관), 배익한 재즈 오케스트라(기획사), 제이에이치팩토리(주관)",,,"['김동기', '김예중', '박종상', '이창민', '최민호', '원익준', '장재효']","['배익한', '권오준', '고은별']",연극+재즈/월드뮤직,연극,0.2771103896103897,재즈/월드뮤직,0.26241432178932184,"{'기악': 0.14712593370681606, '대중가요': 0.05521947415329769, '성악': 0.04400385154061625, '재즈/월드뮤직': 0.26241432178932184, '연극': 0.2771103896103897, '뮤지컬': 0.010294913419913421, '기타': 0.05203956582633054, '악극': 0.0034722222222222225, '오페라': 0.01388888888888889, '혼합': 0.07837301587301589, '발레': 0.0029761904761904765, '서커스/마술': 0.0014880952380952382, '현대무용': 0.014093137254901961, '넌버벌 퍼포먼스': 0.037500000000000006}"
"아이티 아이들 돕기 프로젝트, 헤이쥬드 콘서트 [고양]",복합,복합,"표인봉, 안진우, 이연홍, 이은혜, 조규민, 김진철, 이남현 등",,"방향인터내셔날(주최), 뭘이런걸닷컴(주관), (주) 아이비엔터테인먼트(주관), 극단 비지트(주관)",,,"['표인봉', '안진우', '이연홍', '이은혜', '조규민', '김진철', '이남현']",[],뮤지컬+연극,뮤지컬,0.3478432158119658,연극,0.18446180555555555,"{'대중가요': 0.13467548076923078, '뮤지컬': 0.3478432158119658, '연극': 0.18446180555555555, '기악': 0.15919471153846154, '넌버벌 퍼포먼스': 0.0019230769230769232, '발레': 0.0057692307692307696, '성악': 0.09946581196581197, '악극': 0.0019230769230769232, '연희': 0.0019230769230769232, '오페라': 0.033547008547008546, '현대무용': 0.01581196581196581, '혼합': 0.013461538461538462}"
6월 오픈마이크,복합,복합,,,중력장(주최),,,[],[],None,None,0.0,None,0.0,{}
"최영림의 음악으로 더불어창작프로젝트 Part 2, 놀자 [춘천]",복합,복합,"최영림, 최새롬, 김석진, 김주향, 윤천기, 김대원, 최수빈 등","이종섭, 이석규, 이양규 등","제로뮤직(주최), 제로뮤직(주관)",,,"['최영림', '최새롬', '김석진', '김주향', '윤천기', '김대원', '최수빈']","['이종섭', '이석규', '이양규']",연극+기악,연극,0.36833642547928275,기악,0.2034322820037106,"{'연극': 0.36833642547928275, '혼합': 0.061904761904761914, '기악': 0.2034322820037106, '성악': 0.038095238095238106, '대중가요': 0.003401360544217688, '뮤지컬': 0.14625850340136057, '서커스/마술': 0.11564625850340139, '현대무용': 0.003401360544217688, '연희': 0.011904761904761908, '인형극': 0.011904761904761908, '마임': 0.035714285714285726}"
광주상설공연 (7월),복합,복합,"신은선, 이승민, 조재경, 이유진, 노희설, 소지원, 박해라 등","김민정, 김지훈, 박지윤 등","광주예술의전당 (구. 광주문화예술회관)(주최), 광주예술의전당 (구. 광주문화예술회관)(주관)",,,"['신은선', '이승민', '조재경', '이유진', '노희설', '소지원', '박해라']","['김민정', '김지훈', '박지윤']",연극+기악,연극,0.2655279833730638,기악,0.20364659733765766,"{'기악': 0.20364659733765766, '성악': 0.09928880098394328, '오페라': 0.10523312244491737, '기타': 0.0017775837371586723, '대중가요': 0.016422205911537452, '뮤지컬': 0.1563587619321584, '발레': 0.010622798056083333, '연극': 0.2655279833730638, '연희': 0.022587318469382046, '창극': 0.014489424465606455, '한국무용': 0.006634355667522216, '혼합': 0.03840126112989985, '서커스/마술': 0.02068746726082883, '악극': 0.0026828772539071797, '인형극': 0.008011845699069006, '현대무용': 0.01029455162985142, '마당극': 0.008403361344537815, '넌버벌 퍼포먼스': 0.006703879534159187, '마임': 0.0007232401157184185, '재즈/월드뮤직': 0.0015025636529975971}"
"H-issue vol.1, 아트필드: 청 with 오정해 [하남]",복합,복합,"오정해, 최윤서, 허성재, 강태화, 강현수, 고민주, 김구름 등","허성재, 김상교, 김지안 등","(재)하남문화재단(주최), 아트필드(주관)",,,"['오정해', '최윤서', '허성재', '강태화', '강현수', '고민주', '김구름']","['허성재', '김상교', '김지안']",연극+기악,연극,0.3166666666666667,기악,0.18272005772005775,"{'기악': 0.18272005772005775, '기타': 0.005714285714285715, '대중가요': 0.0028571428571428576, '뮤지컬': 0.054372294372294384, '성악': 0.09064213564213565, '악극': 0.007402597402597404, '연희': 0.020000000000000004, '한국무용': 0.02785714285714286, '혼합': 0.04000000000000001, '연극': 0.3166666666666667, '현대무용': 0.010101010101010102, '재즈/월드뮤직': 0.10000000000000002, '오페라': 0.01666666666666667, '발레': 0.12500000000000003}"
"아트캠프, 패밀리 펀펀데이",복합,복합,함서율 등,,"대구광역시 서구문화회관(주최), 대구광역시 서구문화회관(주관), 대구광역시 서구문화회관(기획사)",,,['함서율'],[],서커스/마술+넌버벌 퍼포먼스,서커스/마술,0.6666666666666666,넌버벌 퍼포먼스,0.3333333333333333,"{'넌버벌 퍼포먼스': 0.3333333333333333, '서커스/마술': 0.6666666666666666}"
"그림이 오감을 만났을때, 감각주의 Ep.1: 르누아르, 일상의 행복을 그리다 [대구]",복합,다원/융복합,"정우철, 민시후, 노인호",,"대덕문화전당(주최), 대덕문화전당(주관)",,,"['정우철', '민시후', '노인호']",[],기악+발레,기악,0.4424242424242424,발레,0.2,"{'기악': 0.4424242424242424, '대중가요': 0.01818181818181818, '재즈/월드뮤직': 0.13787878787878788, '현대무용': 0.01818181818181818, '연극': 0.13333333333333333, '기타': 0.03333333333333333, '스트리트/스포츠댄스': 0.016666666666666666, '발레': 0.2}"
"국립남도국악원 토요상설, 국악이 좋다: 기획공연 명인전 Ⅰ",복합,복합,"전광진, 문가영, 이지원, 이주원, 정성엽, 한상욱, 한재석 등",,국립남도국악원(주최),,,"['전광진', '문가영', '이지원', '이주원', '정성엽', '한상욱', '한재석']",[],기악+연극,기악,0.32725774529053214,연극,0.2505509821083591,"{'연극': 0.2505509821083591, '연희': 0.22563653711194692, '기악': 0.32725774529053214, '기타': 0.0014903129657228016, '넌버벌 퍼포먼스': 0.008224319699729534, '대중가요': 0.0044709388971684045, '뮤지컬': 0.031922464299513474, '성악': 0.017067631821730177, '한국무용': 0.037054286029695856, '혼합': 0.01272088567170534, '악극': 0.007575757575757574, '현대무용': 0.007575757575757574, '인형극': 0.002164502164502164, '오페라': 0.005681818181818181, '재즈/월드뮤직': 0.060606060606060594}"
미야자키 하야오 영화음악 콘서트 with 샌드애니메이션 [창원],복합,복합,"이현수, 이하나, 조재형, 진강우, 서희 등",,"(주)더존테크윌(주최), (주)더존테크윌(주관), 스튜디오 더존(주최), 스튜디오 더존(주관)",,,"['이현수', '이하나', '조재형', '진강우', '서희']",[],기악+뮤지컬,기악,0.34802565855197437,뮤지컬,0.15384615384615385,"{'기악': 0.34802565855197437, '마임': 0.006493506493506495, '발레': 0.030303030303030304, '성악': 0.08670151903234612, '연극': 0.10160672660672662, '재즈/월드뮤직': 0.07767470624613483, '한국무용': 0.054195804195804206, '현대무용': 0.04870129870129871, '악극': 0.03571428571428572, '오페라': 0.023351648351648355, '뮤지컬': 0.15384615384615385, '연희': 0.005494505494505496, '혼합': 0.004081632653061225, '대중가요': 0.02380952380952381}"
우리가 기억 속에 간직하고 있는 장소들,복합,복합,"이선희, 고지영, 박수지, 정하은, 김희영, 이해정, 박성봉 등",,앙상블 더 거문고(주관),,,"['이선희', '고지영', '박수지', '정하은', '김희영', '이해정', '박성봉']",[],기악+연극,기악,0.4930847338935574,연극,0.3536483532807062,"{'기악': 0.4930847338935574, '대중가요': 0.003787878787878788, '뮤지컬': 0.006764069264069264, '성악': 0.09732302011713777, '연극': 0.3536483532807062, '한국무용': 0.011363636363636362, '혼합': 0.003787878787878788, '기타': 0.014880952380952382, '연희': 0.01045751633986928, '현대무용': 0.004901960784313725}"
"매드라인 x 날라리와 쟁이, 화합과 교류의 두드림 [대구]",복합,복합,,"조영진, 김혜지, 김유진","매드라인(주최), 매드라인(주관), 유진예술기획(주관)",,,[],"['조영진', '김혜지', '김유진']",연극+기악,연극,0.4271043771043772,기악,0.2575505050505051,"{'기악': 0.2575505050505051, '연극': 0.4271043771043772, '뮤지컬': 0.19848484848484851, '발레': 0.016759259259259262, '성악': 0.040740740740740744, '현대무용': 0.009074074074074076, '혼합': 0.006851851851851853, '악극': 0.005050505050505052, '연희': 0.005050505050505052, '대중가요': 0.0011111111111111113, '서커스/마술': 0.003333333333333334, '오페라': 0.020000000000000004, '재즈/월드뮤직': 0.007777777777777779, '한국무용': 0.0011111111111111113}"
"서른두번째 스윙-바이, 자유즉흥연주",복합,복합,"백다솜, 서정민, 김시율, 박용은, 자레드 레드몬드, 톰 자케스",,중력장(주최),,,"['백다솜', '서정민', '김시율', '박용은', '자레드 레드몬드', '톰 자케스']",[],기악+뮤지컬,기악,0.6161908743430483,뮤지컬,0.10714285714285715,"{'기악': 0.6161908743430483, '기타': 0.01388888888888889, '성악': 0.08635265700483093, '재즈/월드뮤직': 0.03395577852099592, '현대무용': 0.01388888888888889, '혼합': 0.035024154589371984, '대중가요': 0.007246376811594204, '뮤지컬': 0.10714285714285715, '오페라': 0.02380952380952381, '연극': 0.06250000000000001}"
"K-클래식 콘서트 3, 충남예술고등학교 [천안]",복합,복합,,"정태수, 김송주, 구자은 등",(재)천안문화재단(천안예술전당)(주최),,,[],"['정태수', '김송주', '구자은']",기악+뮤지컬,기악,0.4772727272727273,뮤지컬,0.25,"{'뮤지컬': 0.25, '한국무용': 0.25, '기악': 0.4772727272727273, '성악': 0.022727272727272728}"
"이선경 무용단 정기공연, 트윈스 [대구]",복합,다원/융복합,,이선경,"이선경무용단(주최), 이선경무용단(주관), 이선경무용단(기획사)",,,[],['이선경'],연극+기악,연극,0.3181818181818182,기악,0.22402597402597402,"{'기악': 0.22402597402597402, '성악': 0.1525974025974026, '연희': 0.03571428571428571, '재즈/월드뮤직': 0.14285714285714285, '한국무용': 0.03571428571428571, '뮤지컬': 0.045454545454545456, '연극': 0.3181818181818182, '오페라': 0.045454545454545456}"
"로사오케스트라심포닉아트, 뮤직스펙트럼 오브 가야금오케스트라",복합,복합,"정미화, 박현영, 신현욱, 남상일, 오서은, 신석현 등",정미화 등,"대덕문화전당(주최), 로사오케스트라심포닉아트(주관)",,,"['정미화', '박현영', '신현욱', '남상일', '오서은', '신석현']",['정미화'],기악+성악,기악,0.29473304473304474,성악,0.1952380952380952,"{'기악': 0.29473304473304474, '성악': 0.1952380952380952, '혼합': 0.1329004329004329, '뮤지컬': 0.10909090909090909, '연극': 0.00909090909090909, '창극': 0.048629148629148626, '오페라': 0.03333333333333333, '기타': 0.0047619047619047615, '대중가요': 0.01111111111111111, '연희': 0.009523809523809523, '한국무용': 0.15158730158730158}"
"The Strangers Strange Songs, 이방인의 낯선 노래 BY 서린사랑",복합,복합,,,,,,[],[],None,None,0.0,None,0.0,{}
별세계 [세종],복합,다원/융복합,,,"퓨전국악그룹 풍류(주최), 퓨전국악그룹 풍류(주관), (사)전통예술공연개발원 마로(주관)",,,[],[],None,None,0.0,None,0.0,{}
벽을 뚫고 나온 꽃 [과천],복합,복합,"김진경, 장재화, 김장영, 이지완, 서지영, 박미경, 이채현 등","오은명, 유길상, 김성철 등","(재)예술경영지원센터(주최), 한뫼국악예술단(주관), (재)과천문화재단(주관)",,,"['김진경', '장재화', '김장영', '이지완', '서지영', '박미경', '이채현']","['오은명', '유길상', '김성철']",한국무용+연극,한국무용,0.4916071428571429,연극,0.2635186660871245,"{'기악': 0.11271498599439773, '성악': 0.02022532116294794, '연극': 0.2635186660871245, '오페라': 0.014588235294117647, '한국무용': 0.4916071428571429, '뮤지컬': 0.03324794745484401, '기타': 0.0020833333333333333, '대중가요': 0.05021551724137931, '인형극': 0.0020833333333333333, '혼합': 0.004750000000000001, '연희': 0.0026666666666666666, '재즈/월드뮤직': 0.0022988505747126436}"
"한글음악집현전 시리즈3, 마법글자 한글: 뮤직 & 매직밴드를 만나다! [경산]",복합,복합,"하지훈, 이재경, 김종민, 임호균, 김희윤, 전잠언, 김도엽 등",,"예술마을민아트홀(주최), 예술마을민아트홀(주관)",,,"['하지훈', '이재경', '김종민', '임호균', '김희윤', '전잠언', '김도엽']",[],기악+재즈/월드뮤직,기악,0.3222703222703223,재즈/월드뮤직,0.15824915824915828,"{'기악': 0.3222703222703223, '재즈/월드뮤직': 0.15824915824915828, '혼합': 0.03703703703703704, '대중가요': 0.08922558922558924, '성악': 0.13443963443963447, '연희': 0.0033670033670033677, '오페라': 0.0033670033670033677, '한국무용': 0.0033670033670033677, '뮤지컬': 0.05687830687830688, '서커스/마술': 0.00925925925925926, '연극': 0.14550264550264552, '기타': 0.03703703703703704}"
"기술입은 문화예술교육, 왓이프 씨어터: AI로 풀어보는 상상극장 쇼케이스",복합,다원/융복합,,,(재)춘천문화재단(주최),,,[],[],None,None,0.0,None,0.0,{}
한여름밤 Ice Coffee 콘서트,복합,복합,"박완규, 홍희철, 윤선기, 이우정, 김수동, 김민동 등",,"을숙도문화회관(주최), 을숙도문화회관(주관)",,,"['박완규', '홍희철', '윤선기', '이우정', '김수동', '김민동']",[],연극+성악,연극,0.2423780487804878,성악,0.23734756097560974,"{'기타': 0.10289634146341464, '대중가요': 0.0798780487804878, '성악': 0.23734756097560974, '연극': 0.2423780487804878, '기악': 0.18125, '재즈/월드뮤직': 0.03125, '오페라': 0.0625, '뮤지컬': 0.0625}"
"체어, 테이블, 체어 [서울]",복합,복합,"최대성, 심재성, 이원호, 김한상, 김희명",,"강동문화재단(강동아트센터)(주최), 팀 퍼니스트(제작사)",,,"['최대성', '심재성', '이원호', '김한상', '김희명']",[],넌버벌 퍼포먼스+연극,넌버벌 퍼포먼스,0.5476190476190476,연극,0.2857142857142857,"{'넌버벌 퍼포먼스': 0.5476190476190476, '대중가요': 0.09523809523809523, '뮤지컬': 0.07142857142857142, '연극': 0.2857142857142857}"
"브런치&리너 콘서트, 피아니스트 김용진과 함께하는 이달의 공연: 7월의 발레",복합,복합,"김정수, 송태진, 박찬영, 조형국, 조재현, 윤여훈, 박장근 등",,"(재)구로문화재단(주최), (재)구로문화재단(주관), (재)구로문화재단(기획사)",,,"['김정수', '송태진', '박찬영', '조형국', '조재현', '윤여훈', '박장근']",[],기악+연극,기악,0.6323765854317612,연극,0.16998277347114563,"{'기악': 0.6323765854317612, '기타': 0.004378409417169109, '대중가요': 0.05759402813666382, '뮤지컬': 0.05993396497272468, '성악': 0.030600732971914013, '연극': 0.16998277347114563, '연희': 0.0012919896640826878, '현대무용': 0.032558139534883734, '혼합': 0.0038759689922480637, '오페라': 0.00740740740740741}"
대구학생문화센터 합창단·합주단·국악단 연합 정기연주회,복합,복합,"홍성수, 이영섭, 백윤학, 김지후 등",,"대구학생문화센터(주최), 대구학생문화센터(주관)",,,"['홍성수', '이영섭', '백윤학', '김지후']",[],기악+연극,기악,0.589815518405944,연극,0.17500000000000002,"{'기악': 0.589815518405944, '기타': 0.007289204097714737, '대중가요': 0.0026595744680851068, '서커스/마술': 0.023492907801418442, '성악': 0.017072638748170665, '혼합': 0.03837386018237083, '뮤지컬': 0.1314814814814815, '연극': 0.17500000000000002, '오페라': 0.002314814814814815, '연희': 0.012500000000000002}"
Acculturation (문화접변) 求音 (구음),복합,복합,"조훈, 박세찬, 황혜영, 임정민",,(재)수림문화재단(김희수아트센터)(주최),,,"['조훈', '박세찬', '황혜영', '임정민']",[],기악+뮤지컬,기악,0.6527777777777779,뮤지컬,0.13082437275985667,"{'뮤지컬': 0.13082437275985667, '연극': 0.021953405017921153, '기악': 0.6527777777777779, '기타': 0.013888888888888893, '한국무용': 0.013888888888888893, '혼합': 0.013888888888888893, '대중가요': 0.013888888888888893, '악극': 0.013888888888888893, '넌버벌 퍼포먼스': 0.12500000000000006}"
"제34회 거창국제연극제, 광화문, 그 사내",복합,다원/융복합,"김주호, 김태성, 강흥진, 박시명, 이진주, 최진호, 장효진 등","김지훈, 문승렬, 이성진 등","(주)대유커뮤니케이션즈(제작사), (재)거창문화재단(주관), (재)거창문화재단(주최), KBS창원방송총국(주최)",,,"['김주호', '김태성', '강흥진', '박시명', '이진주', '최진호', '장효진']","['김지훈', '문승렬', '이성진']",연극+기악,연극,0.2990001730783118,기악,0.16978609625668448,"{'기악': 0.16978609625668448, '뮤지컬': 0.13266168799217837, '연극': 0.2990001730783118, '혼합': 0.006397973029103093, '넌버벌 퍼포먼스': 0.1028257456828885, '성악': 0.10793002515691591, '대중가요': 0.08017570664629488, '오페라': 0.017799847211611916, '한국무용': 0.005500381970970205, '현대무용': 0.00463458110516934, '재즈/월드뮤직': 0.005194805194805194, '기타': 0.012770562770562767, '발레': 0.005952380952380951, '악극': 0.0023647993797247524, '연희': 0.015623182787361889, '인형극': 0.005795696840472959, '서커스/마술': 0.024520255863539443, '창극': 0.001066098081023454}"
"제34회 거창국제연극제, 굿바이 햄릿 (7/30)",복합,복합,"서지유, 김필, 손정욱, 하경화, 박신후, 조연진, 하진 등","장봉태, 국민성, 박철중 등","(재)거창문화재단(주최), KBS창원방송총국(주최), (재)거창문화재단(주관)",,,"['서지유', '김필', '손정욱', '하경화', '박신후', '조연진', '하진']","['장봉태', '국민성', '박철중']",연극+뮤지컬,연극,0.8314709480630197,뮤지컬,0.11215650291737249,"{'연극': 0.8314709480630197, '대중가요': 0.056372549019607844, '뮤지컬': 0.11215650291737249}"
알레스아트 야간개장,복합,복합,,,알레스 아트(주최),,,[],[],None,None,0.0,None,0.0,{}
더 호러쇼: 기묘한 마을의 비밀,복합,복합,,,"(사) 글로벌문화예술협회(주최), 플레이온아트컴퍼니(주최), (사) 글로벌문화예술협회(주관), 플레이온아트컴퍼니(주관)",,,[],[],None,None,0.0,None,0.0,{}
광주상설공연 (8월),복합,복합,,,"광주예술의전당 (구. 광주문화예술회관)(주최), 광주예술의전당 (구. 광주문화예술회관)(주관)",,,[],[],None,None,0.0,None,0.0,{}
ceiling service vol.2,복합,다원/융복합,,,퍼밋(PERMIT)(주최),,,[],[],None,None,0.0,None,0.0,{}
A prelingual sense,복합,다원/융복합,"양현석, 정은서, 조아영, 조군영, 박정범, 조병주","김예지, 김은지, 황영준 등","인천광역시(주최), (재)인천문화재단(주최)",,,"['양현석', '정은서', '조아영', '조군영', '박정범', '조병주']","['김예지', '김은지', '황영준']",연극+기악,연극,0.3461914850686037,기악,0.2589171029848996,"{'대중가요': 0.018012354876761658, '뮤지컬': 0.11867342873698805, '연극': 0.3461914850686037, '오페라': 0.10582743527658782, '현대무용': 0.033101550050702595, '기악': 0.2589171029848996, '발레': 0.03379026027331112, '기타': 0.017372881355932204, '성악': 0.05077049833405765, '재즈/월드뮤직': 0.002403846153846154, '한국무용': 0.006315189048239896, '혼합': 0.001507496740547588, '인형극': 0.006410256410256411, '넌버벌 퍼포먼스': 0.0007062146892655367}"
"제34회 거창국제연극제: 체어, 테이블, 체어 (08.05)",복합,복합,,,"팀 퍼니스트(제작사), (재)거창문화재단(주최), (재)거창문화재단(주관), KBS창원방송총국(주최)",,,[],[],None,None,0.0,None,0.0,{}
여섯 개의 불가능 [수원],복합,다원/융복합,"김민영, 양민정, 이고운","김민영, 양민정, 강대운 등","(재) 수원문화재단(수원SK아트리움)(주최), (재) 수원문화재단(수원SK아트리움)(주관)",,,"['김민영', '양민정', '이고운']","['김민영', '양민정', '강대운']",뮤지컬+기악,뮤지컬,0.2581453634085213,기악,0.16615325940268738,"{'기악': 0.16615325940268738, '뮤지컬': 0.2581453634085213, '발레': 0.09523809523809525, '성악': 0.032237785098197004, '연극': 0.14041583892842477, '오페라': 0.052005012531328325, '재즈/월드뮤직': 0.005012531328320803, '혼합': 0.08468286099865048, '현대무용': 0.07724159898072942, '한국무용': 0.0888676540850454}"
"토요 특별기획공연, 여름방학",복합,복합,서동희 등,,"서초구청(주최), 서초구청(주관)",,,['서동희'],[],서커스/마술+성악,서커스/마술,0.6,성악,0.2,"{'서커스/마술': 0.6, '성악': 0.2, '현대무용': 0.2}"
재즈와 탱고 그리고 성악이 흐르는 Happy Summertime Concert,복합,복합,"김종호, 조한샘, 최문석, 고상지, 최문석, 윤종수, 임선혜 등",,송파문화재단(주관),,,"['김종호', '조한샘', '최문석', '고상지', '최문석', '윤종수', '임선혜']",[],기악+연극,기악,0.3452165263855662,연극,0.1854575163398693,"{'기악': 0.3452165263855662, '성악': 0.06125773496889919, '악극': 0.003787878787878788, '재즈/월드뮤직': 0.09104346878230758, '스트리트/스포츠댄스': 0.041666666666666664, '연극': 0.1854575163398693, '기타': 0.006552125800815376, '대중가요': 0.012240304490219137, '한국무용': 0.004629629629629629, '현대무용': 0.1574074074074074, '발레': 0.08333333333333333, '뮤지컬': 0.007407407407407408}"
"이랑 만남시리즈 Ⅹ 기념 특별공연, 매직앙상블: 세계의 명화 [김해]",복합,복합,"정우준, 김경은, 홍석제, 임나래, 박리란, 박지이, 이영은 등",,"김해시청(주최), 아트매니지먼트 이랑(앙상블이랑)(주관)",,,"['정우준', '김경은', '홍석제', '임나래', '박리란', '박지이', '이영은']",[],연극+기악,연극,0.37410192147034266,기악,0.34140907825118355,"{'기악': 0.34140907825118355, '연극': 0.37410192147034266, '뮤지컬': 0.1703703703703704, '성악': 0.04374825953773323, '한국무용': 0.011111111111111113, '현대무용': 0.0037037037037037043, '기타': 0.055555555555555566}"
제7회 서초문화원 클래식판타지,복합,복합,"양재무, 구교현, 김대엽, 양진모, 김신혜, 이승묵, 양송미 등","박기현, 유혜상, 박진희 등","서초문화원(주최), 서초문화원(주관), 서초문화원(제작사)",,,"['양재무', '구교현', '김대엽', '양진모', '김신혜', '이승묵', '양송미']","['박기현', '유혜상', '박진희']",오페라+성악,오페라,0.3260760972810308,성악,0.212621611293338,"{'기악': 0.20697005398143914, '성악': 0.212621611293338, '오페라': 0.3260760972810308, '재즈/월드뮤직': 0.008333333333333331, '혼합': 0.01868740051852006, '기타': 0.0031274158408883257, '대중가요': 0.006060212891332434, '연극': 0.0537196516323651, '현대무용': 0.05882352941176469, '발레': 0.06862745098039215, '한국무용': 0.01055806938159879, '뮤지컬': 0.02413273001508295, '연희': 0.0015082956259426844, '인형극': 0.0007541478129713422}"
"뮤지컬 아이스쇼, G-SHOW: THE LUNA",복합,다원/융복합,"안소현, 임은수, 김준식, 김보근, 권민수, 곽영철, 채지영 등","송동일, 진소현, 진영섭 등","(주)라이브아레나(주최), (주)라이브아레나(제작사)",,,"['안소현', '임은수', '김준식', '김보근', '권민수', '곽영철', '채지영']","['송동일', '진소현', '진영섭']",뮤지컬+연극,뮤지컬,0.512857142857143,연극,0.25000000000000006,"{'기악': 0.14095238095238097, '뮤지컬': 0.512857142857143, '연극': 0.25000000000000006, '성악': 0.020000000000000004, '악극': 0.020000000000000004, '대중가요': 0.006666666666666668, '혼합': 0.006666666666666668, '발레': 0.028571428571428574, '현대무용': 0.014285714285714287}"
타악 & DJ퍼포먼스: BEAT OF SCHOOL,복합,복합,"이순만, 박태영, 박종대, 이순하, 채우리, 정의철, 김동원","이여송, 백중현, 윤왕호 등","(재)예술경영지원센터(주최), (재)전주문화재단(주관), 전주한벽문화관(주관), (사)타악연희원 아퀴(주관)",,,"['이순만', '박태영', '박종대', '이순하', '채우리', '정의철', '김동원']","['이여송', '백중현', '윤왕호']",기악+연극,기악,0.23123543123543125,연극,0.19918414918414923,"{'기악': 0.23123543123543125, '뮤지컬': 0.05244755244755245, '발레': 0.059440559440559454, '성악': 0.09207459207459208, '오페라': 0.07843822843822844, '혼합': 0.006993006993006995, '넌버벌 퍼포먼스': 0.09533799533799533, '연희': 0.11666666666666667, '연극': 0.19918414918414923, '현대무용': 0.06818181818181819}"
"패밀리 아이스쇼, 피터팬 온 아이스 오리지널 내한공연",복합,다원/융복합,"조티 폴리조아키스, 에릭 레드포드, 한나 아브라제비치, 로렌 파르","주세페 아레나, 실비오 아마토","(주)월드쇼마켓(주최), (주)고엔터테인먼트(주관)",,,"['조티 폴리조아키스', '에릭 레드포드', '한나 아브라제비치', '로렌 파르']","['주세페 아레나', '실비오 아마토']",None,None,0.0,None,0.0,{}
"제23회 전주세계소리축제, 소리썸머나잇 DAY1",복합,복합,채수현 등,,"(사)전주세계소리축제조직위원회(주최), (사)전주세계소리축제조직위원회(기획사)",,,['채수현'],[],성악+기악,성악,0.3055555555555556,기악,0.2222222222222222,"{'기악': 0.2222222222222222, '성악': 0.3055555555555556, '연희': 0.027777777777777776, '한국무용': 0.027777777777777776, '혼합': 0.08333333333333333, '연극': 0.16666666666666666, '현대무용': 0.16666666666666666}"
"국악과 미디의 크로스오버 콘서트, 흡수 (吸收) [대구]",복합,다원/융복합,"김채은, 성용욱","최욱현, 황창식, 소윤성 등","(주)꿈꾸는씨어터(주최), 악티스트(기획사)",,,"['김채은', '성용욱']","['최욱현', '황창식', '소윤성']",연극+대중가요,연극,0.3902439024390243,대중가요,0.28888888888888886,"{'기악': 0.2092140921409214, '뮤지컬': 0.04065040650406503, '성악': 0.016260162601626015, '연극': 0.3902439024390243, '재즈/월드뮤직': 0.030352303523035227, '한국무용': 0.008130081300813007, '현대무용': 0.016260162601626015, '대중가요': 0.28888888888888886}"
"제23회 전주세계소리축제, 소리썸머나잇 DAY2",복합,복합,강은일 등,,(사)전주세계소리축제조직위원회(주최),,,['강은일'],[],기악+혼합,기악,0.4500000000000001,혼합,0.26250000000000007,"{'기악': 0.4500000000000001, '뮤지컬': 0.16250000000000003, '성악': 0.012500000000000004, '악극': 0.012500000000000004, '연극': 0.07500000000000001, '연희': 0.012500000000000004, '현대무용': 0.012500000000000004, '혼합': 0.26250000000000007}"
"제1251회 서초금요음악회, Summer Night",복합,복합,,,"서초구청(주최), 서초구청(주관)",,,[],[],None,None,0.0,None,0.0,{}
온가족이 함께하는 유모차 콘서트 [대전],복합,복합,"이윤소, 하정화, 최혜승, 유병혜, 복병연, 이민아",,"킨더리베 앙상블(주최), 나무예술기획(주최), 킨더리베 앙상블(주관), 나무예술기획(주관)",,,"['이윤소', '하정화', '최혜승', '유병혜', '복병연', '이민아']",[],기악+연극,기악,0.8395670754366407,연극,0.052118171683389086,"{'기악': 0.8395670754366407, '성악': 0.03696581196581197, '악극': 0.007246376811594204, '연극': 0.052118171683389086, '뮤지컬': 0.051282051282051294, '한국무용': 0.012820512820512824}"
키즈 마티네 콘서트 [김포],복합,복합,,,"(재)김포문화재단(주최), (재)김포문화재단(주관), (재)김포문화재단()",,,[],[],None,None,0.0,None,0.0,{}
"김주원의 사색여정 with 소프라노 황수미, 선물",복합,복합,"김주원, 황수미",,"(재)광명문화재단(주최), (재)광명문화재단(주관)",,,"['김주원', '황수미']",[],연극+기악,연극,0.40232558139534885,기악,0.221130713712911,"{'기악': 0.221130713712911, '기타': 0.0029069767441860465, '발레': 0.1436046511627907, '성악': 0.14382117080994386, '연극': 0.40232558139534885, '연희': 0.0029069767441860465, '재즈/월드뮤직': 0.0029069767441860465, '창극': 0.005813953488372093, '현대무용': 0.0029069767441860465, '혼합': 0.005813953488372093, '악극': 0.02, '오페라': 0.04586206896551724}"
"제896회 전남도립국악단 토요가무악희 시즌3, 그린국악",복합,복합,"정길만, 문남철 등",양신승,"전라남도(주최), (재)전라남도문화관광재단(도립국악단)(주관)",,,"['정길만', '문남철']",['양신승'],혼합+한국무용,혼합,0.5555555555555555,한국무용,0.27777777777777773,"{'연희': 0.05555555555555555, '한국무용': 0.27777777777777773, '현대무용': 0.1111111111111111, '혼합': 0.5555555555555555}"
"손병호 & 최지연과 함께하는 여민락 콘서트, 지금 뛰다: NOW JUMP [세종] (8월)",복합,복합,"손병호, 최지연, 장경진, 조진학, 서동건, 김하은, 이보름 등",,"세종특별자치시청(주최), (재) 세종시문화관광재단(세종문화예술회관)(주최), (재) 세종시문화관광재단(세종문화예술회관)(주관), (재) 세종시문화관광재단(세종문화예술회관)(기획사)",,,"['손병호', '최지연', '장경진', '조진학', '서동건', '김하은', '이보름']",[],연극+기악,연극,0.40134990511496543,기악,0.1256167527251865,"{'연극': 0.40134990511496543, '연희': 0.037774725274725286, '기악': 0.1256167527251865, '대중가요': 0.012591575091575094, '뮤지컬': 0.07591078600114746, '성악': 0.035506310958118195, '재즈/월드뮤직': 0.007458405048766495, '한국무용': 0.12032470541506687, '현대무용': 0.07417582417582419, '발레': 0.019230769230769235, '넌버벌 퍼포먼스': 0.00602409638554217, '오페라': 0.05451807228915664, '인형극': 0.004518072289156627, '악극': 0.025000000000000005}"
전국 농어촌 청춘토크쇼: 황금들녘 [천안],복합,복합,"강혜연, 박민수, 전유성, 민경진, 정재훈, 한태웅, 최교덕 등",,"충청남도(주최), (재)천안문화재단(천안예술전당)(주관), 뉴스1 대전충남(주관)",,,"['강혜연', '박민수', '전유성', '민경진', '정재훈', '한태웅', '최교덕']",[],연극+대중가요,연극,0.27002164502164505,대중가요,0.21825396825396826,"{'대중가요': 0.21825396825396826, '뮤지컬': 0.0891053391053391, '기악': 0.125, '연극': 0.27002164502164505, '성악': 0.07142857142857142, '재즈/월드뮤직': 0.0625, '악극': 0.008928571428571428, '혼합': 0.02976190476190476, '기타': 0.125}"
"K-예술축제 아.우.름, 대전국악방송 개국 7년 기념 공개 음악회",복합,복합,양준모 등,,"대전시립연정국악원(주최), 대전국악방송(주최), (재)예술경영지원센터(주관)",,,['양준모'],[],뮤지컬+성악,뮤지컬,0.6778523489932886,성악,0.14429530201342283,"{'기악': 0.03691275167785235, '기타': 0.003355704697986577, '대중가요': 0.003355704697986577, '뮤지컬': 0.6778523489932886, '성악': 0.14429530201342283, '오페라': 0.12751677852348994, '재즈/월드뮤직': 0.003355704697986577, '혼합': 0.003355704697986577}"
"싱크넥스트24, 이스트허그X64ksana: 군문열림",복합,다원/융복합,"강권순, 원재연 등","고동욱, 양이삭, 이재은 등",(재)세종문화회관(기획사),,,"['강권순', '원재연']","['고동욱', '양이삭', '이재은']",기악+연극,기악,0.4196948809852037,연극,0.1943796943796944,"{'기악': 0.4196948809852037, '성악': 0.10449866740189323, '재즈/월드뮤직': 0.005555555555555557, '현대무용': 0.005555555555555557, '혼합': 0.03518518518518519, '연희': 0.11469534050179213, '연극': 0.1943796943796944, '뮤지컬': 0.09660709660709664, '스트리트/스포츠댄스': 0.005698005698005699, '오페라': 0.005698005698005699, '한국무용': 0.005698005698005699, '기타': 0.0067340067340067354}"
"공연장상주단체 페스티벌: 한 여름의 축제, YOU [세종]",복합,복합,이경재 등,,"세종특별자치시청(주최), (재) 세종시문화관광재단(세종문화예술회관)(주최), 세종시교향악단(주관), 이모션콘텐츠(주관), 퓨전국악그룹 풍류(주관)",,,['이경재'],[],오페라+연극,오페라,0.46726190476190477,연극,0.23511904761904762,"{'기악': 0.11309523809523808, '서커스/마술': 0.1636904761904762, '연극': 0.23511904761904762, '오페라': 0.46726190476190477, '성악': 0.020833333333333332}"
안드로메다 유랑기 [원주],복합,복합,"임승환, 김희범","조수정, 한상복, 조민성 등","곁(BEsideU) [강원](주최), 곁(BEsideU) [강원](주관)",,,"['임승환', '김희범']","['조수정', '한상복', '조민성']",연극+악극,연극,0.6666666666666666,악극,0.25,"{'기악': 0.041666666666666664, '성악': 0.041666666666666664, '연극': 0.6666666666666666, '악극': 0.25}"
Triangle X sal?n de luna 03: 비유클리드 기하학,복합,복합,"안주희, 신유진 등","송진석, 이채령, 신영수 등","바라봄(barabom)(제작사), 플라멩코 델 서울(제작사)",,,"['안주희', '신유진']","['송진석', '이채령', '신영수']",현대무용+연극,현대무용,0.5245791245791245,연극,0.24444444444444446,"{'기악': 0.04696969696969697, '스트리트/스포츠댄스': 0.08417508417508418, '재즈/월드뮤직': 0.010101010101010102, '현대무용': 0.5245791245791245, '혼합': 0.05084175084175084, '대중가요': 0.011111111111111112, '뮤지컬': 0.005555555555555556, '성악': 0.005555555555555556, '연극': 0.24444444444444446, '인형극': 0.005555555555555556, '한국무용': 0.011111111111111112}"
"국립정동극장 예술단, 모던정동",복합,복합,"조하늘, 김민선, 김유리, 윤제원, 박소현, 박지연, 전진홍 등","정성숙, 김가람, 신창열 등","(재)국립정동극장(제작사), (재)국립정동극장(기획사), (재)국립정동극장(주최), (재)국립정동극장(주관), 국립정동극장 예술단(제작사)",,,"['조하늘', '김민선', '김유리', '윤제원', '박소현', '박지연', '전진홍']","['정성숙', '김가람', '신창열']",연극+기악,연극,0.25167607060597263,기악,0.2111218626063001,"{'기악': 0.2111218626063001, '성악': 0.02933423153720425, '연희': 0.0303408886490376, '한국무용': 0.15463161411353532, '현대무용': 0.03149410222804718, '혼합': 0.03980050647428199, '대중가요': 0.02524303159235766, '발레': 0.012762201138458463, '연극': 0.25167607060597263, '뮤지컬': 0.13538486839145492, '악극': 0.012796901893287435, '재즈/월드뮤직': 0.0014148336465126562, '서커스/마술': 0.005128205128205128, '창극': 0.04444444444444444, '기타': 0.0006116207951070337, '오페라': 0.007450980392156863, '넌버벌 퍼포먼스': 0.004696969696969698, '마당극': 0.0016666666666666668}"
"수면콘서트, 베스트드림콘서트",복합,복합,"서진원, 이진아, 윤한, 원민지 등",,"(주)지큐브스페이스(베스트슬립)(주최), (주)노미놈(주관)",,,"['서진원', '이진아', '윤한', '원민지']",[],연극+기악,연극,0.40974124809741247,기악,0.3820091324200913,"{'성악': 0.032343987823439876, '연극': 0.40974124809741247, '오페라': 0.027777777777777776, '기악': 0.3820091324200913, '대중가요': 0.04529680365296804, '악극': 0.00684931506849315, '재즈/월드뮤직': 0.022465753424657536, '한국무용': 0.0045662100456621, '현대무용': 0.03561643835616438, '뮤지컬': 0.03333333333333333}"
"익산 브랜드 공연, WEST & EAST: 서쪽남자 & 동쪽여자",복합,복합,"고경보, 최수진, 정호석, 윤라은, 이길재, 김주영, 이용환 등","김익주, 노기환, 최석열 등","익산시청(주최), 익산예술의전당(주관), 익산시립예술단(주관)",,,"['고경보', '최수진', '정호석', '윤라은', '이길재', '김주영', '이용환']","['김익주', '노기환', '최석열']",한국무용+성악,한국무용,0.23643718677252443,성악,0.17635024549918168,"{'한국무용': 0.23643718677252443, '기악': 0.11579318769420527, '기타': 0.0011148272017837235, '대중가요': 0.005789392537773667, '뮤지컬': 0.12571070234113713, '서커스/마술': 0.006688963210702341, '악극': 0.002229654403567447, '연극': 0.04635491320273929, '재즈/월드뮤직': 0.050020161768542896, '현대무용': 0.11964882943143812, '발레': 0.016346153846153847, '성악': 0.17635024549918168, '오페라': 0.024713584288052374, '스트리트/스포츠댄스': 0.0009615384615384616, '연희': 0.03942307692307692, '혼합': 0.024725274725274724, '넌버벌 퍼포먼스': 0.007692307692307693}"
ACC 빅도어콘서트,복합,복합,"박한율, 박경모, 이삼수, 김기범, 김요한, 신지용, 진수영 등",,"국립아시아문화전당(주최), 국립아시아문화전당재단(주관)",,,"['박한율', '박경모', '이삼수', '김기범', '김요한', '신지용', '진수영']",[],재즈/월드뮤직+기악,재즈/월드뮤직,0.3538771834226379,기악,0.23963385099748732,"{'기악': 0.23963385099748732, '대중가요': 0.074009324009324, '재즈/월드뮤직': 0.3538771834226379, '뮤지컬': 0.0806314897223988, '연극': 0.13390548845094297, '오페라': 0.009694850603941511, '한국무용': 0.06701631701631701, '현대무용': 0.003496503496503496, '혼합': 0.02947052947052946, '기타': 0.0020661157024793385, '성악': 0.006198347107438015}"
서도와 은미: 만병통치樂 [화성],복합,복합,"안은미, 김혜경, 문용식, 김덕영, 조선재, 김소연, 이현서 등","장진영, 김지명, 장태순 등","화성시청(주최), (재)화성시문화재단(주최), (재)화성시문화재단(주관), (재)화성시문화재단(기획사)",,,"['안은미', '김혜경', '문용식', '김덕영', '조선재', '김소연', '이현서']","['장진영', '김지명', '장태순']",현대무용+기악,현대무용,0.3976926739075078,기악,0.19287075172625048,"{'기악': 0.19287075172625048, '한국무용': 0.024728330067204755, '현대무용': 0.3976926739075078, '성악': 0.08861154474965219, '넌버벌 퍼포먼스': 0.0030557677616501154, '마당극': 0.0015278838808250577, '뮤지컬': 0.04949015179194208, '오페라': 0.016997708174178765, '연극': 0.15041721563460694, '기타': 0.006820119352088662, '대중가요': 0.022113720323438998, '재즈/월드뮤직': 0.0005683432793407219, '혼합': 0.03441060218553825, '연희': 0.005347593582887702, '인형극': 0.005347593582887702}"
8월의 오픈마이크,복합,복합,이진석 등,,중력장(주최),,,['이진석'],[],연극+대중가요,연극,0.5416666666666667,대중가요,0.16666666666666669,"{'대중가요': 0.16666666666666669, '연극': 0.5416666666666667, '재즈/월드뮤직': 0.16666666666666669, '뮤지컬': 0.12500000000000003}"
"구름, 나무, 연못",복합,복합,"신유진, 강종길, 이정화","김선경, 신유진, 강종길 등","라흰갤러리(La Heen Gallery)(주최), 소림씨(주관), 바라봄(barabom)(주관)",,,"['신유진', '강종길', '이정화']","['김선경', '신유진', '강종길']",연극+뮤지컬,연극,0.4143671383647799,뮤지컬,0.18907232704402516,"{'기악': 0.08920990566037736, '대중가요': 0.033608490566037735, '뮤지컬': 0.18907232704402516, '성악': 0.029716981132075472, '연극': 0.4143671383647799, '인형극': 0.0125, '한국무용': 0.03985849056603774, '현대무용': 0.078125, '혼합': 0.05, '서커스/마술': 0.041666666666666664, '악극': 0.00625, '스트리트/스포츠댄스': 0.015625}"
"제24회 대전국제음악제 DCMF, 앙상블 콘쿠오레: 쇤베르크의 밤 150 [대전]",복합,복합,"문현주, 종기용, 김효영, 조슬린 등","장주영, 김하은","대전국제음악제 추진위원회(기획사), 대전국제음악제 추진위원회(주최), 대전국제음악제 추진위원회(주관), KBS대전방송총국(주최), 대전예술의전당(주최)",,,"['문현주', '종기용', '김효영', '조슬린']","['장주영', '김하은']",기악+성악,기악,0.30658945185623326,성악,0.26523493717985974,"{'기악': 0.30658945185623326, '성악': 0.26523493717985974, '연희': 0.04638218923933209, '오페라': 0.08454603342727267, '혼합': 0.10282574568288853, '대중가요': 0.005494505494505495, '뮤지컬': 0.010878679553378347, '연극': 0.10285096429674744, '재즈/월드뮤직': 0.031025199699898497, '현대무용': 0.0018315018315018315, '넌버벌 퍼포먼스': 0.0068846815834767644, '인형극': 0.005163511187607573, '한국무용': 0.0017211703958691911, '악극': 0.028571428571428574}"
서른다섯번째 스윙-바이: Time Machine,복합,복합,"로익 장드리, 김예지, 김선기, 노은실, 한재석 등",,중력장(주최),,,"['로익 장드리', '김예지', '김선기', '노은실', '한재석']",[],재즈/월드뮤직+성악,재즈/월드뮤직,0.30769230769230765,성악,0.20467032967032966,"{'재즈/월드뮤직': 0.30769230769230765, '기악': 0.13855311355311356, '대중가요': 0.030036630036630037, '뮤지컬': 0.034340659340659344, '발레': 0.0027472527472527475, '성악': 0.20467032967032966, '연극': 0.10119047619047618, '오페라': 0.042582417582417584, '한국무용': 0.009615384615384614, '현대무용': 0.015018315018315019, '혼합': 0.03708791208791209, '인형극': 0.01098901098901099, '연희': 0.06547619047619048}"
"싱크넥스트24: 광광, 굉굉",복합,복합,"성시영, 이일우, 황민왕, 김지현, 윤지현","성시영, 이일우, 윤제호 등","(재)세종문화회관(제작사), (재)세종문화회관(기획사), (재)세종문화회관(주최)",,,"['성시영', '이일우', '황민왕', '김지현', '윤지현']","['성시영', '이일우', '윤제호']",기악+연극,기악,0.2515580699007351,연극,0.15371736885734646,"{'기악': 0.2515580699007351, '성악': 0.057298781016586156, '연극': 0.15371736885734646, '연희': 0.1390296071147135, '재즈/월드뮤직': 0.020451127819548873, '한국무용': 0.1447844196780367, '혼합': 0.07446287112580506, '대중가요': 0.03208576998050682, '현대무용': 0.0936842105263158, '기타': 0.0007017543859649122, '뮤지컬': 0.01137844611528822, '발레': 0.008594212804739121, '악극': 0.0003508771929824561, '오페라': 0.011551606288448394, '창극': 0.0003508771929824561}"
"지박컨템포러리시리즈 Vol.24, 음악전시: blur",복합,복합,"추다혜, 최휘선, 김미나, 김빛나, 박지영, 박용은, 임가희 등","박지영, 정승재, 김미정 등",지박컨템포러리(Ji Park Contemporary)(주최),,,"['추다혜', '최휘선', '김미나', '김빛나', '박지영', '박용은', '임가희']","['박지영', '정승재', '김미정']",기악+연극,기악,0.35116209792099884,연극,0.2821851727134234,"{'기악': 0.35116209792099884, '뮤지컬': 0.05594893958380799, '재즈/월드뮤직': 0.020432692307692304, '한국무용': 0.012061403508771926, '혼합': 0.09918024227234751, '연희': 0.025767543859649116, '기타': 0.002604166666666666, '성악': 0.08734842621259029, '연극': 0.2821851727134234, '대중가요': 0.003380847953216373, '창극': 0.0016447368421052626, '발레': 0.007812499999999998, '현대무용': 0.04476686507936507, '오페라': 0.0017361111111111106, '인형극': 0.003968253968253967}"
광주상설공연 (9월),복합,복합,,,"광주광역시(주최), 광주예술의전당 (구. 광주문화예술회관)(주관)",,,[],[],None,None,0.0,None,0.0,{}
제1회 여수 국제 웹 페스트,복합,복합,,,"여수시청(주최), 여수시청(주관)",,,[],[],None,None,0.0,None,0.0,{}
판타스틱 [남해],복합,복합,"우진호, 심영국, 하유리, 류병훈, 이윤선",,"(재)예술경영지원센터(주최), 남해군청(주관), (주) 휴먼피트니스랩(주관)",,,"['우진호', '심영국', '하유리', '류병훈', '이윤선']",[],연극+연희,연극,0.4666666666666668,연희,0.40000000000000013,"{'연극': 0.4666666666666668, '연희': 0.40000000000000013, '기악': 0.016666666666666673, '대중가요': 0.016666666666666673, '뮤지컬': 0.016666666666666673, '성악': 0.016666666666666673, '재즈/월드뮤직': 0.05000000000000002, '한국무용': 0.016666666666666673}"
에코백 [담양],복합,복합,"김선우, 김정민, 민현기 등",,"(재)예술경영지원센터(주최), 담양군문화재단(주관), 그루잠 프로덕션(주관)",,,"['김선우', '김정민', '민현기']",[],연극+연희,연극,0.46364379084967333,연희,0.08333333333333336,"{'기악': 0.07685185185185187, '넌버벌 퍼포먼스': 0.03611111111111112, '대중가요': 0.05163398692810459, '서커스/마술': 0.02222222222222223, '성악': 0.0553376906318083, '연극': 0.46364379084967333, '오페라': 0.053703703703703726, '재즈/월드뮤직': 0.020479302832244015, '기타': 0.0066993464052287595, '뮤지컬': 0.08120915032679742, '창극': 0.0019607843137254906, '한국무용': 0.03733660130718955, '혼합': 0.009477124183006539, '연희': 0.08333333333333336}"
춘향: 날개를 뜯긴 새 [평택],복합,복합,"조하늘, 전진홍, 이혁, 박지연, 박소현, 나래, 윤성준 등","노우성, 이규운, 이형주 등","(재)평택시문화재단(주최), (재)평택시문화재단(주관)",,,"['조하늘', '전진홍', '이혁', '박지연', '박소현', '나래', '윤성준']","['노우성', '이규운', '이형주']",한국무용+연극,한국무용,0.27140410088602207,연극,0.2251248797174323,"{'기악': 0.1405567405351539, '성악': 0.016806979672602983, '연희': 0.10362131192946086, '한국무용': 0.27140410088602207, '현대무용': 0.012446483180428135, '혼합': 0.061631003063814714, '대중가요': 0.04486309916423246, '뮤지컬': 0.11240770722152264, '오페라': 0.009302832244008713, '연극': 0.2251248797174323, '기타': 0.0006116207951070336, '발레': 0.0006116207951070336, '재즈/월드뮤직': 0.0006116207951070336}"
"싱크넥스트24, 우국원: ORIGINALLY",복합,다원/융복합,우국원 등,"우국원, 박재원, 곽동엽 등",(재)세종문화회관(주최),,,['우국원'],"['우국원', '박재원', '곽동엽']",연극+현대무용,연극,0.6,현대무용,0.2,"{'넌버벌 퍼포먼스': 0.1, '연극': 0.6, '한국무용': 0.1, '현대무용': 0.2}"
"서울 컬쳐 클럽 예술 축제, ...한 당신을 위하여 건배!",복합,복합,"김지완, 이정민, 김예린, 김태현, 박해원, 로터스 루트, 카일 제임스 아브라함 등",,창작집단 불확정성의 원리(제작사),,,"['김지완', '이정민', '김예린', '김태현', '박해원', '로터스 루트', '카일 제임스 아브라함']",[],연극+뮤지컬,연극,0.26089797323244057,뮤지컬,0.21461114410430332,"{'기악': 0.1974389519750948, '성악': 0.08289612318639976, '연극': 0.26089797323244057, '기타': 0.001658374792703151, '넌버벌 퍼포먼스': 0.004975124378109453, '마당극': 0.0008291873963515755, '뮤지컬': 0.21461114410430332, '발레': 0.007856303798467976, '서커스/마술': 0.003394485903814262, '연희': 0.004301409618573798, '오페라': 0.11068897401938081, '인형극': 0.009489589091579142, '재즈/월드뮤직': 0.0182393214109632, '한국무용': 0.030495669799152383, '현대무용': 0.03194098949695964, '혼합': 0.003394485903814262, '대중가요': 0.013419669669669669, '스트리트/스포츠댄스': 0.003472222222222222}"
[데이터 분리] 바흐 Ⅹ 무브먼트 (패키지) (앵콜),복합,복합,"김민지, 김희준, 이경준, 신숙경, 양채민, 이정란, 임재성 등",,더하우스콘서트(주최),,,"['김민지', '김희준', '이경준', '신숙경', '양채민', '이정란', '임재성']",[],기악+뮤지컬,기악,0.4800759595303499,뮤지컬,0.1698951597099745,"{'기악': 0.4800759595303499, '기타': 0.0008230452674897118, '넌버벌 퍼포먼스': 0.028052126200274346, '대중가요': 0.008583186360964137, '뮤지컬': 0.1698951597099745, '발레': 0.01647070350774054, '성악': 0.058152706421627495, '스트리트/스포츠댄스': 0.0005486968449931412, '악극': 0.0002743484224965706, '연극': 0.14965101266844183, '연희': 0.006937095825984714, '오페라': 0.03377914951989026, '재즈/월드뮤직': 0.0020380168528316674, '한국무용': 0.0032921810699588472, '현대무용': 0.03895747599451302, '혼합': 0.0024691358024691353}"
"바흐 Ⅹ 무브먼트, 무반주 첼로 모음곡 (앵콜) (9.7)",복합,복합,"김민지, 김희준, 이경준, 신숙경, 양채민, 이정란, 임재성 등",,더하우스콘서트(주최),,,"['김민지', '김희준', '이경준', '신숙경', '양채민', '이정란', '임재성']",[],기악+뮤지컬,기악,0.4800759595303499,뮤지컬,0.1698951597099745,"{'기악': 0.4800759595303499, '기타': 0.0008230452674897118, '넌버벌 퍼포먼스': 0.028052126200274346, '대중가요': 0.008583186360964137, '뮤지컬': 0.1698951597099745, '발레': 0.01647070350774054, '성악': 0.058152706421627495, '스트리트/스포츠댄스': 0.0005486968449931412, '악극': 0.0002743484224965706, '연극': 0.14965101266844183, '연희': 0.006937095825984714, '오페라': 0.03377914951989026, '재즈/월드뮤직': 0.0020380168528316674, '한국무용': 0.0032921810699588472, '현대무용': 0.03895747599451302, '혼합': 0.0024691358024691353}"
"종교평화음악회, 팔공산은 사명대사를 모십니다 [대구]",복합,복합,"임관현, 남상일, 황은진, 김지영 등",,콘서트하우스(주최),,,"['임관현', '남상일', '황은진', '김지영']",[],성악+기악,성악,0.2434523809523809,기악,0.22794312169312167,"{'성악': 0.2434523809523809, '기악': 0.22794312169312167, '기타': 0.009093915343915343, '대중가요': 0.02268518518518518, '연희': 0.021197089947089943, '창극': 0.006448412698412698, '한국무용': 0.2153769841269841, '혼합': 0.04199735449735449, '오페라': 0.058796296296296284, '뮤지컬': 0.021990740740740738, '발레': 0.027777777777777773, '연극': 0.07453703703703703, '인형극': 0.0011574074074074071, '재즈/월드뮤직': 0.0011574074074074071, '현대무용': 0.02222222222222222, '마임': 0.004166666666666667}"
퍼커셔니즘 [충북],복합,복합,"유승표, 진성현, 공빛나, 김영은, 설현주, 염신혜, 김홍기 등","장제효, 조재범, 정환진 등","(재)예술경영지원센터(주최), 증평군청(주관), (주) 마에스트리(주관)",,,"['유승표', '진성현', '공빛나', '김영은', '설현주', '염신혜', '김홍기']","['장제효', '조재범', '정환진']",기악+한국무용,기악,0.36730158730158735,한국무용,0.16888888888888892,"{'기악': 0.36730158730158735, '대중가요': 0.05206349206349207, '뮤지컬': 0.06539682539682541, '발레': 0.006666666666666668, '성악': 0.03563492063492064, '스트리트/스포츠댄스': 0.0022222222222222227, '악극': 0.0022222222222222227, '연극': 0.05944444444444446, '연희': 0.02305555555555556, '오페라': 0.03416666666666667, '한국무용': 0.16888888888888892, '현대무용': 0.043055555555555555, '혼합': 0.04464285714285715, '재즈/월드뮤직': 0.08333333333333334, '기타': 0.011904761904761906}"
"피아노 파 드 되, Dancing with Pierrot",복합,복합,"김민진, 정은조, 이아미, 안우재, 박건희, 이강원, 이승민 등",,"(주)아트앤아티스트(주최), (주)아트앤아티스트(기획사)",,,"['김민진', '정은조', '이아미', '안우재', '박건희', '이강원', '이승민']",[],기악+연극,기악,0.3392329584340923,연극,0.22242551444084502,"{'기악': 0.3392329584340923, '성악': 0.11630925765387598, '연극': 0.22242551444084502, '오페라': 0.010220376876397317, '현대무용': 0.036290322580645164, '발레': 0.1495933521923621, '혼합': 0.04616336633663366, '한국무용': 0.03372524752475248, '기타': 0.0012376237623762376, '대중가요': 0.008663366336633664, '뮤지컬': 0.02623762376237624, '연희': 0.0012376237623762376, '창극': 0.008663366336633664}"
"제47회 심훈상록문화제, 개막식",복합,복합,김희재 등,,"(사) 심훈상록문화제 집행위원회(주최), (사) 심훈상록문화제 집행위원회(주관)",,,['김희재'],[],기악+연극,기악,0.2878787878787879,연극,0.2727272727272727,"{'기악': 0.2878787878787879, '대중가요': 0.22727272727272727, '뮤지컬': 0.1893939393939394, '성악': 0.011363636363636364, '연극': 0.2727272727272727, '혼합': 0.011363636363636364}"
"바흐 Ⅹ 무브먼트, 무반주 바이올린 소나타 & 파르티타 (09.08) (앵콜)",복합,복합,"박진수, 금배섭, 김동현, 임희영, 김응수, 진영훈, 이지혜 등",,더하우스콘서트(주최),,,"['박진수', '금배섭', '김동현', '임희영', '김응수', '진영훈', '이지혜']",[],기악+연극,기악,0.4485163821569626,연극,0.22700308021944135,"{'기악': 0.4485163821569626, '뮤지컬': 0.08201633812717495, '악극': 0.0018820391227030234, '연극': 0.22700308021944135, '오페라': 0.008248498750032217, '대중가요': 0.0349514903682322, '현대무용': 0.14252569139588805, '한국무용': 0.013991005637653377, '기타': 0.0009934952993765913, '넌버벌 퍼포먼스': 0.002074688796680498, '발레': 0.007036438064311059, '서커스/마술': 0.0009934952993765913, '성악': 0.016566470126792774, '스트리트/스포츠댄스': 0.0006915629322268328, '연희': 0.0009934952993765913, '재즈/월드뮤직': 0.005878284923928078, '혼합': 0.0009496462004129334, '인형극': 0.004385964912280702, '마임': 0.0003019323671497585}"
"제47회 심훈상록문화제, 폐막식",복합,복합,이솔로몬 등,,"(사) 심훈상록문화제 집행위원회(주최), (사) 심훈상록문화제 집행위원회(주관)",,,['이솔로몬'],[],대중가요+기타,대중가요,0.9375,기타,0.0625,"{'기타': 0.0625, '대중가요': 0.9375}"
"KOREAN DRUM Ⅲ: THE DRUM SHAMAN, 영혼의 맥박소리",복합,복합,"김병주, 김시원, 이강일, 현호근, 박진영, 홍나라, 김상철 등",,"(사)국수호디딤무용단(주최), (사)국수호디딤무용단(주관)",,,"['김병주', '김시원', '이강일', '현호근', '박진영', '홍나라', '김상철']",[],기악+한국무용,기악,0.2882983682983683,한국무용,0.15583682983682984,"{'기악': 0.2882983682983683, '넌버벌 퍼포먼스': 0.10093706293706292, '대중가요': 0.03136130536130537, '연극': 0.08652680652680653, '연희': 0.024475524475524476, '한국무용': 0.15583682983682984, '현대무용': 0.016717948717948718, '혼합': 0.00517948717948718, '뮤지컬': 0.05600000000000001, '발레': 0.044, '성악': 0.10933333333333332, '재즈/월드뮤직': 0.014666666666666666, '창극': 0.06666666666666667}"
방과후 공연놀이터,복합,복합,,,"(재)노원문화재단(주최), (재)노원문화재단(주관), (재)노원문화재단(노원문화예술회관)(주관), (재)노원문화재단(노원문화예술회관)(주최)",,,[],[],None,None,0.0,None,0.0,{}
반석산피크닉: 미야자키하야오 영화음악 콘서트 with 샌드아트 애니메이션 [화성],복합,복합,"김예은, 조재형, 김회진, 조세형, 오춘화, 서희 등",최영선,"화성시청(주최), (재)화성시문화재단(주최), (재)화성시문화재단(주관), (재)화성시문화재단(기획사)",,,"['김예은', '조재형', '김회진', '조세형', '오춘화', '서희']",['최영선'],기악+성악,기악,0.6208903240050783,성악,0.1265994054518645,"{'기악': 0.6208903240050783, '기타': 0.0015664845173041897, '대중가요': 0.0216514875531269, '뮤지컬': 0.05426560688855772, '성악': 0.1265994054518645, '연극': 0.08715571010652978, '오페라': 0.010054644808743171, '현대무용': 0.014545454545454549, '재즈/월드뮤직': 0.04021164021164022, '혼합': 0.003174603174603175, '발레': 0.01851851851851852, '스트리트/스포츠댄스': 0.00045537340619307843, '악극': 0.00045537340619307843, '연희': 0.00045537340619307843}"
윤지원 AUDIOVISUAL MUSIC CONCERT: sonic illusion,복합,다원/융복합,윤지원,,,,,['윤지원'],[],연극+기악,연극,0.5625,기악,0.3125,"{'기악': 0.3125, '뮤지컬': 0.020833333333333332, '성악': 0.020833333333333332, '연극': 0.5625, '오페라': 0.020833333333333332, '넌버벌 퍼포먼스': 0.0625}"
왕은 즐긴다: 리골레토 [김포],복합,다원/융복합,"이재성, 이유진, 박민, 정지환, 오세진, 홍승범, 이채현 등","이현영, 이진혁, 이채현 등","김포시오페라단(주최), JS오페라단(제이에스오페라단)(주관), 경기아트컬쳐(주관)",,,"['이재성', '이유진', '박민', '정지환', '오세진', '홍승범', '이채현']","['이현영', '이진혁', '이채현']",기악+연극,기악,0.18120359419991774,연극,0.17851869331648745,"{'기악': 0.18120359419991774, '대중가요': 0.029528743315508022, '성악': 0.09084440681867154, '연극': 0.17851869331648745, '오페라': 0.12950520068167126, '뮤지컬': 0.1770450872656755, '한국무용': 0.16119101486748544, '서커스/마술': 0.0005252100840336134, '악극': 0.0005252100840336134, '연희': 0.026358543417366945, '인형극': 0.0005252100840336134, '현대무용': 0.009191176470588234, '혼합': 0.0076260504201680675, '재즈/월드뮤직': 0.004807692307692308, '기타': 0.0026041666666666665}"
매직컬 판타지 콘서트 [동해],복합,복합,"최현우, 최정원, 이지훈",,"동해시청(주최), 케이에스엔커뮤니케이션즈(주관)",,,"['최현우', '최정원', '이지훈']",[],서커스/마술+연극,서커스/마술,0.28019323671497587,연극,0.27691145408536716,"{'기악': 0.04274473513603949, '대중가요': 0.015896543070456116, '뮤지컬': 0.1911333835246879, '서커스/마술': 0.28019323671497587, '연극': 0.27691145408536716, '재즈/월드뮤직': 0.010869565217391306, '기타': 0.005796055796055797, '성악': 0.047402597402597405, '현대무용': 0.11868686868686869, '혼합': 0.004016354016354018, '악극': 0.0015873015873015877, '연희': 0.004761904761904762}"
WeSA UNDER: THE DOOR,복합,복합,"김민섭, 진인화, 최재혁, 이시안, 강성진, 우형준, 최준혁 등",,(주)위사(주최),,,"['김민섭', '진인화', '최재혁', '이시안', '강성진', '우형준', '최준혁']",[],연극+기악,연극,0.2833309331797236,기악,0.18965053763440862,"{'성악': 0.1586309523809524, '연극': 0.2833309331797236, '한국무용': 0.059821428571428574, '현대무용': 0.07108294930875576, '기악': 0.18965053763440862, '뮤지컬': 0.18020833333333336, '서커스/마술': 0.006250000000000001, '연희': 0.006250000000000001, '기타': 0.00403225806451613, '대중가요': 0.00403225806451613, '오페라': 0.00403225806451613, '혼합': 0.00403225806451613, '마당극': 0.007812500000000002, '재즈/월드뮤직': 0.020833333333333336}"
"평균율 너머, 우주 5회차: 왕혜인 Ⅹ 선지우 (9.21)",복합,복합,"왕혜인, 선지우",,소마뮤직랩(SomaMusicLab)(주최),,,"['왕혜인', '선지우']",[],기악,기악,1.0,None,0.0,{'기악': 1.0}
"풍금 & 박세욱 WITH 현앙상블 콘서트, 신이 내린 목소리: 클래식과의 만남",복합,복합,"김분금, 박세욱, 박정현, 심영섭, 이윤재",,"PF컴퍼니(피에프컴퍼니)(주최), PF컴퍼니(피에프컴퍼니)(주관)",,,"['김분금', '박세욱', '박정현', '심영섭', '이윤재']",[],연극+기악,연극,0.3214694344557045,기악,0.2555974334814017,"{'대중가요': 0.15314009661835748, '성악': 0.11451219694590269, '기악': 0.2555974334814017, '기타': 0.0024154589371980675, '마당극': 0.0024154589371980675, '뮤지컬': 0.05244996549344375, '서커스/마술': 0.01932367149758454, '연극': 0.3214694344557045, '오페라': 0.0024154589371980675, '재즈/월드뮤직': 0.020991310330386922, '한국무용': 0.004830917874396135, '악극': 0.041666666666666664, '혼합': 0.008771929824561403}"
"9월 토요콘서트, 앰비규어스댄스컴퍼니 x 추다혜차지스 [창원]",복합,복합,"추다혜, 이시문, 김재호, 김다빈 등",김보람,(재)창원문화재단(주최),,,"['추다혜', '이시문', '김재호', '김다빈']",['김보람'],혼합+연극,혼합,0.3078635459074801,연극,0.2844145267791636,"{'기악': 0.10569667230663733, '뮤지컬': 0.03316184760865611, '재즈/월드뮤직': 0.07809378581464378, '한국무용': 0.016200309147117654, '혼합': 0.3078635459074801, '기타': 0.011099210551651098, '대중가요': 0.06579170581263713, '연극': 0.2844145267791636, '현대무용': 0.0734860883797054, '성악': 0.01738461538461538, '연희': 0.0009615384615384614, '오페라': 0.0009615384615384614, '창극': 0.0028846153846153843, '발레': 0.0019999999999999996}"
첼로가야금 [양주],복합,복합,"김솔다니열, 윤다영",,"(재)예술경영지원센터(주최), 양주도시공사(주관)",,,"['김솔다니열', '윤다영']",[],연극+기악,연극,0.5,기악,0.1875,"{'기악': 0.1875, '발레': 0.0625, '재즈/월드뮤직': 0.0625, '혼합': 0.1875, '연극': 0.5}"
"글자공상, Daydreaming of Letter [통영]",복합,복합,"최노아, 계수정, 정우진",,튜나레이블(주최),,,"['최노아', '계수정', '정우진']",[],연극+대중가요,연극,0.8333333333333334,대중가요,0.16666666666666669,"{'대중가요': 0.16666666666666669, '연극': 0.8333333333333334}"
비르투오소 인 클래식 [부천],복합,복합,"조현우, 김주원, 정석준, 이부영, 김정태, 김진현, 이미정 등","김동곤, 김주원","뷰티풀데이(주최), 뷰티풀데이(주관)",,,"['조현우', '김주원', '정석준', '이부영', '김정태', '김진현', '이미정']","['김동곤', '김주원']",연극+기악,연극,0.31942143849641663,기악,0.27619291818458697,"{'기악': 0.27619291818458697, '기타': 0.014606608836534243, '대중가요': 0.01678156748911466, '뮤지컬': 0.04366799343214438, '성악': 0.07661098828771053, '악극': 0.05074072546949905, '연극': 0.31942143849641663, '현대무용': 0.002632733655111891, '발레': 0.10930232558139535, '연희': 0.0014534883720930232, '재즈/월드뮤직': 0.02447980416156671, '창극': 0.0029069767441860465, '혼합': 0.03415697674418605, '오페라': 0.011420454545454546, '한국무용': 0.015625}"
"스즈메의 문단속, 날씨의 아이, 너의 이름은. 갈라 콘서트 (9월)",복합,복합,"이재환, 최수진, 임규형, 류지호, 김상훈 등",,"사운드얼라이언스 (Sound Alliance)(주최), (주) 에이오디(AOD)(주관), (주) 앤유클래식(NU CLASSIC)(주최)",,,"['이재환', '최수진', '임규형', '류지호', '김상훈']",[],뮤지컬+연극,뮤지컬,0.19747929606625259,연극,0.17212732919254659,"{'기악': 0.09891304347826087, '대중가요': 0.1511231884057971, '뮤지컬': 0.19747929606625259, '연극': 0.17212732919254659, '연희': 0.026785714285714284, '한국무용': 0.08876811594202898, '현대무용': 0.08892339544513457, '기타': 0.0018115942028985507, '서커스/마술': 0.010869565217391304, '악극': 0.0036231884057971015, '재즈/월드뮤직': 0.0786231884057971, '발레': 0.025, '성악': 0.055952380952380955}"
서구! 서풍 콘서트 [대구],복합,복합,"신승태, 정서주, 김현호 등",,"대구광역시 서구문화회관(주최), 대구광역시 서구문화회관(주관)",,,"['신승태', '정서주', '김현호']",[],대중가요+연극,대중가요,0.23955026455026457,연극,0.23896825396825405,"{'기악': 0.09386243386243387, '기타': 0.015132275132275132, '대중가요': 0.23955026455026457, '성악': 0.1336507936507937, '연극': 0.23896825396825405, '재즈/월드뮤직': 0.02253968253968254, '혼합': 0.2192592592592593, '뮤지컬': 0.0037037037037037043, '오페라': 0.011111111111111113, '현대무용': 0.022222222222222227}"
"현대음악앙상블 위로, 빛의 음악",복합,다원/융복합,"윤제호, 이명근, 김유경, 박신혜, 황수빈, 이승연, 변정인 등",,"위로앙상블(wiroensemble)(주최), 위로앙상블(wiroensemble)(주관), 현대문화기획(주관)",,,"['윤제호', '이명근', '김유경', '박신혜', '황수빈', '이승연', '변정인']",[],기악+연극,기악,0.4806217547596857,연극,0.29161865627382866,"{'현대무용': 0.0977272727272727, '기악': 0.4806217547596857, '성악': 0.046931268482992616, '뮤지컬': 0.06533579033579032, '악극': 0.0012285012285012285, '연극': 0.29161865627382866, '연희': 0.0012285012285012285, '기타': 0.0031347962382445136, '발레': 0.003840125391849529, '오페라': 0.00606060606060606, '한국무용': 0.0022727272727272726}"
"META MUSICA Ⅹ 파사지오 앙상블, 프론티어 스피릿",복합,다원/융복합,"강은경, 김신웅, 김희라, 정성엽, 최혜연, 양송희, 김희은 등",,"메타무지카 (META MUSICA)(주최), 파사지오 앙상블(주최), 현대문화기획(주관)",,,"['강은경', '김신웅', '김희라', '정성엽', '최혜연', '양송희', '김희은']",[],기악+성악,기악,0.5944773175542406,성악,0.22958579881656804,"{'기악': 0.5944773175542406, '뮤지컬': 0.01952662721893491, '성악': 0.22958579881656804, '악극': 0.05384615384615384, '연극': 0.06923076923076922, '연희': 0.02564102564102564, '대중가요': 0.007692307692307693}"
"광화문, 그 사내 [구리]",복합,다원/융복합,"김주호, 김성수, 김태성, 강홍진, 박시명, 이진주, 최진호 등",,"(재)구리문화재단(구리아트홀)(주최), (재)구리문화재단(구리아트홀)(주관)",,,"['김주호', '김성수', '김태성', '강홍진', '박시명', '이진주', '최진호']",[],연극+뮤지컬,연극,0.28836833458337796,뮤지컬,0.2029620955850464,"{'기악': 0.17095610557519914, '뮤지컬': 0.2029620955850464, '연극': 0.28836833458337796, '혼합': 0.0026455026455026454, '넌버벌 퍼포먼스': 0.031746031746031744, '성악': 0.15850515069415744, '대중가요': 0.026633094039072824, '마당극': 0.0018214936247723133, '인형극': 0.011080752884031573, '재즈/월드뮤직': 0.03655130540376442, '한국무용': 0.014808564591592558, '오페라': 0.0196078431372549, '현대무용': 0.006535947712418301, '기타': 0.018518518518518517, '발레': 0.009259259259259259}"
에버하트 콘서트,복합,복합,,,성동구자원봉사센터(주최),,,[],[],None,None,0.0,None,0.0,{}
공간 갤러리 콘서트,복합,다원/융복합,"김인휘, 김순영, 이소연, 민현기, 김용임 등",,"르엘오페라단((사)르엘)(주최), 르엘오페라단((사)르엘)(주관)",,,"['김인휘', '김순영', '이소연', '민현기', '김용임']",[],성악+연극,성악,0.24788934897630555,연극,0.1779848171152519,"{'기악': 0.115916149068323, '발레': 0.006944444444444446, '성악': 0.24788934897630555, '오페라': 0.12093110190936279, '기타': 0.007275132275132276, '재즈/월드뮤직': 0.011812744421440076, '뮤지컬': 0.060685530250747646, '악극': 0.03703703703703704, '연극': 0.1779848171152519, '넌버벌 퍼포먼스': 0.011191626409017715, '대중가요': 0.0889291465378422, '마당극': 0.007729468599033818, '스트리트/스포츠댄스': 0.0009661835748792272, '창극': 0.015458937198067636, '혼합': 0.02443351736829998, '서커스/마술': 0.0074074074074074086, '연희': 0.055555555555555566, '한국무용': 0.0018518518518518521}"
"제1252회 서초금요음악회, 헝가리 국립무용단 특별공연: 카르파티아인의 메아리",복합,복합,,,"서초구청(주최), 서초구청(주관)",,,[],[],None,None,0.0,None,0.0,{}
"돈키호테, 엉뚱하면 어때? [남양주]",복합,복합,,,남양주시청(주최),,,[],[],None,None,0.0,None,0.0,{}
반고흐 콘서트 [김천],복합,복합,"이동섭, 이영표 등",,"김천시립도서관(주최), 김천시립율곡도서관(주관)",,,"['이동섭', '이영표']",[],연극+대중가요,연극,0.75,대중가요,0.125,"{'대중가요': 0.125, '연극': 0.75, '재즈/월드뮤직': 0.125}"
풍류 [안성],복합,복합,"오단해, 김수유, 구교진, 이효주, 조재범, 최힘찬",,안성맞춤아트홀(안성시)(주최),,,"['오단해', '김수유', '구교진', '이효주', '조재범', '최힘찬']",[],연극+기악,연극,0.17073170731707318,기악,0.1691955343466478,"{'기악': 0.1691955343466478, '대중가요': 0.1111712345772526, '뮤지컬': 0.14633693968927267, '성악': 0.08526733112828022, '연희': 0.005208333333333333, '오페라': 0.005208333333333333, '혼합': 0.1287914078674948, '기타': 0.02470669427191166, '재즈/월드뮤직': 0.15338248413540037, '연극': 0.17073170731707318}"
호수 위 우주 [충주],복합,다원/융복합,,,"(주)예술불꽃화랑(주관), 충주시청(주최), (재)충주문화관광재단(주관)",,,[],[],None,None,0.0,None,0.0,{}
"제29회 서곶문화예술제: 옛 시로 듣는다, 달달한 시",복합,복합,"최윤미, 김중혁, 금모래, 원익준","최윤미, 김민아, 이하림 등","인천광역시 서구청(주최), (재)인천서구문화재단(주관)",,,"['최윤미', '김중혁', '금모래', '원익준']","['최윤미', '김민아', '이하림']",재즈/월드뮤직+기악,재즈/월드뮤직,0.37380952380952376,기악,0.26902025177887245,"{'기악': 0.26902025177887245, '기타': 0.026984126984126985, '재즈/월드뮤직': 0.37380952380952376, '혼합': 0.031746031746031744, '대중가요': 0.03954570333880678, '성악': 0.019430760810071154, '뮤지컬': 0.04176245210727969, '발레': 0.022988505747126436, '연극': 0.1260536398467433, '한국무용': 0.026053639846743297, '현대무용': 0.011494252873563218, '오페라': 0.011111111111111112}"
문학주간 2024,복합,복합,,,한국문화예술위원회(주최),,,[],[],None,None,0.0,None,0.0,{}
"칠곡교육가족한마음, 樂 콘서트 [칠곡]",복합,복합,"구수민, 김명훈, 박승일, 최도원 등",,경상북도 칠곡교육지원청(주최),,,"['구수민', '김명훈', '박승일', '최도원']",[],연극+성악,연극,0.3333333333333333,성악,0.21376811594202896,"{'기악': 0.16062801932367152, '기타': 0.007246376811594203, '성악': 0.21376811594202896, '오페라': 0.007246376811594203, '발레': 0.05555555555555555, '연희': 0.05555555555555555, '뮤지컬': 0.16666666666666666, '연극': 0.3333333333333333}"
"ACT 페스티벌, 오디오비주얼 콘서트",복합,다원/융복합,"료지 이케다, 아키코 나카야마, 히로시 와타나베, 사피 봉 등",,국립아시아문화전당(주최),,,"['료지 이케다', '아키코 나카야마', '히로시 와타나베', '사피 봉']",[],None,None,0.0,None,0.0,{}
카이스트 x 대전예당 공연실험실: X-Space,복합,다원/융복합,,"남주한, 윤상호 등","대전예술의전당(주최), 한국과학기술원(주최)",,,[],"['남주한', '윤상호']",연극+오페라,연극,0.6333333333333333,오페라,0.2,"{'성악': 0.1138888888888889, '악극': 0.027777777777777776, '연극': 0.6333333333333333, '기악': 0.025, '오페라': 0.2}"
"한국 중국 일본, 발악콘서트",복합,복합,"카타오카 리사, 예웨이양, 김계선, 윤혜인, 이선혜, 김명진, 김수연 등",이수인,"을숙도문화회관(주최), 부산국악오케스트라(주관)",,,"['카타오카 리사', '예웨이양', '김계선', '윤혜인', '이선혜', '김명진', '김수연']",['이수인'],기악+연극,기악,0.33061976610906474,연극,0.30236454889840264,"{'재즈/월드뮤직': 0.10389610389610388, '기악': 0.33061976610906474, '악극': 0.01446922642574816, '연극': 0.30236454889840264, '대중가요': 0.007575757575757574, '성악': 0.046277997364953874, '창극': 0.010249554367201423, '한국무용': 0.09140316205533594, '뮤지컬': 0.018037420918023957, '발레': 0.05524877935363868, '연희': 0.011120424870593129, '오페라': 0.0014822134387351775, '현대무용': 0.0009881422924901183, '혼합': 0.0014822134387351775, '기타': 0.00478468899521531}"
모나드 서울: 변화하는 각,복합,복합,"배일동, 이승재, 정은혜",,중력장(주최),,,"['배일동', '이승재', '정은혜']",[],연극+마임,연극,0.43991640543364674,마임,0.2,"{'마임': 0.2, '뮤지컬': 0.11530825496342738, '성악': 0.034169278996865206, '연극': 0.43991640543364674, '기악': 0.08181818181818182, '재즈/월드뮤직': 0.00909090909090909, '한국무용': 0.03484848484848485, '혼합': 0.026515151515151512, '발레': 0.008333333333333333, '인형극': 0.025, '창극': 0.016666666666666666, '현대무용': 0.008333333333333333}"
"청년시점, 청년예술콘서트 1부",복합,복합,"김서현, 강지혜 등","노소연, 신은진, 정주희","(재)안산문화재단(안산문화예술의전당)(주최), (재)안산문화재단(안산문화예술의전당)(주관)",,,"['김서현', '강지혜']","['노소연', '신은진', '정주희']",기악+연극,기악,0.42853949763720084,연극,0.25656858049733305,"{'기악': 0.42853949763720084, '기타': 0.001736111111111111, '대중가요': 0.02467419894787183, '뮤지컬': 0.07371142586087794, '발레': 0.017529027660966263, '연극': 0.25656858049733305, '오페라': 0.01323036398467433, '한국무용': 0.04116637555405304, '현대무용': 0.004446138211382114, '성악': 0.1356882534342585, '악극': 0.0027100271002710027}"
AAA: 연결 2일차,복합,다원/융복합,"송지윤, 한지수, 이용석 등","이현화, 이동민","중력장(주최), 중력장(주관)",,,"['송지윤', '한지수', '이용석']","['이현화', '이동민']",연극+기악,연극,0.28500000000000003,기악,0.18249327956989245,"{'기악': 0.18249327956989245, '뮤지컬': 0.06301075268817205, '연극': 0.28500000000000003, '재즈/월드뮤직': 0.170127688172043, '혼합': 0.14666666666666667, '대중가요': 0.03551747311827957, '악극': 0.003333333333333333, '오페라': 0.003333333333333333, '넌버벌 퍼포먼스': 0.0282258064516129, '한국무용': 0.04583333333333333, '성악': 0.003125, '발레': 0.03333333333333333}"
"늘휘무용단 가을신작, 변곡의 점",복합,다원/융복합,"배진일, 이은정, 여길랑, 최시원, 이예은, 남선희, 윤혜수 등","김민지, 김선혁, 이수현 등","김명숙 늘휘무용단(주최), 김명숙 늘휘무용단(주관)",,,"['배진일', '이은정', '여길랑', '최시원', '이예은', '남선희', '윤혜수']","['김민지', '김선혁', '이수현']",연극+뮤지컬,연극,0.520619584054998,뮤지컬,0.12296050763868038,"{'기악': 0.10305681000498834, '대중가요': 0.020976364494725307, '뮤지컬': 0.12296050763868038, '성악': 0.030953156814245705, '연극': 0.520619584054998, '오페라': 0.005443921942068217, '한국무용': 0.04568475312461398, '현대무용': 0.11762157695534291, '발레': 0.007741518507564055, '기타': 0.000529100529100529, '넌버벌 퍼포먼스': 0.00017636684303350968, '스트리트/스포츠댄스': 0.00035273368606701937, '악극': 0.00017636684303350968, '연희': 0.005525659683442198, '재즈/월드뮤직': 0.00017636684303350968, '혼합': 0.003719497749348495, '서커스/마술': 0.014285714285714285}"
클나무오케스트라 & 팝핀현준 & 박애리 열린음악회 [부안],복합,복합,"남현준, 박애리 등",,"(재)전라북도문화관광재단(주최), 부안군청(주관), 클나무필하모닉오케스트라(주관), (사)전북예술문화원(클나무필하모닉오케스트라)(주관)",,,"['남현준', '박애리']",[],창극+혼합,창극,0.3671497584541063,혼합,0.26846100759144237,"{'대중가요': 0.05244996549344375, '현대무용': 0.14285714285714285, '혼합': 0.26846100759144237, '기악': 0.043478260869565216, '기타': 0.004830917874396135, '넌버벌 퍼포먼스': 0.004830917874396135, '성악': 0.0821256038647343, '연희': 0.028985507246376812, '창극': 0.3671497584541063, '한국무용': 0.004830917874396135}"
체인지 오브 시즌 10: 여정 [성남],복합,다원/융복합,"박찬이, 고대완, 전다정, 김승희, 하민우, 안치현 등","황미숙, 박혜준, 박상록 등","퍼포먼스그룹153(주최), 퍼포먼스그룹153(주관)",,,"['박찬이', '고대완', '전다정', '김승희', '하민우', '안치현']","['황미숙', '박혜준', '박상록']",연극+기악,연극,0.5470512820512822,기악,0.16923076923076924,"{'기악': 0.16923076923076924, '연극': 0.5470512820512822, '성악': 0.02435897435897436, '재즈/월드뮤직': 0.025, '기타': 0.03333333333333333, '대중가요': 0.03333333333333333, '현대무용': 0.12, '넌버벌 퍼포먼스': 0.027692307692307693, '한국무용': 0.02}"
부산국제공연예술마켓 (BPAM) (전일권),복합,복합,,,"부산광역시(주최), (재)부산문화재단(주관)",,,[],[],None,None,0.0,None,0.0,{}
"제24회 SPAF, LOD 뮤직씨어터: 우먼, 포인트 제로",복합,다원/융복합,"디마 오르쇼, 카를라 나하디 바벨레고토, 김혜림, 밀로스 밀리보예비치, 라파엘라 단크사그뮬러, 차토리 시미즈, 파라즈 에슈기 사흐라이 등","라일라 솔리만, 카나코 아베, 스테이시 하디 등","(재)예술경영지원센터(주최), 서울국제공연예술제(SPAF)(주관)",나왈 엘 사다위,,"['디마 오르쇼', '카를라 나하디 바벨레고토', '김혜림', '밀로스 밀리보예비치', '라파엘라 단크사그뮬러', '차토리 시미즈', '파라즈 에슈기 사흐라이']","['라일라 솔리만', '카나코 아베', '스테이시 하디']",연극+기악,연극,0.4051383399209486,기악,0.21936758893280633,"{'기악': 0.21936758893280633, '성악': 0.021739130434782608, '연극': 0.4051383399209486, '인형극': 0.021739130434782608, '한국무용': 0.08893280632411067, '현대무용': 0.19762845849802374, '연희': 0.045454545454545456}"
"제18회 당진예술제, 개막식",복합,복합,,,"(사) 한국예술문화단체총연합회 당진지회(주최), (사)한국음악협회 당진시지부(주관)",,,[],[],None,None,0.0,None,0.0,{}
"제27회 광주소극장축제, 빛과 모래가 들려주는 음연동화",복합,다원/융복합,"김종명, 안혜영, 안상길, 이용준, 김현배, 정서우","김종명, 이용준 등","(사)한국소극장협회 광주지회(주최), 샌드아트월드(제작사)",,,"['김종명', '안혜영', '안상길', '이용준', '김현배', '정서우']","['김종명', '이용준']",연극+뮤지컬,연극,0.6961352657004831,뮤지컬,0.19275362318840578,"{'연극': 0.6961352657004831, '현대무용': 0.11111111111111109, '뮤지컬': 0.19275362318840578}"
"김주원의 사색여정 with 무용가 김매자, 배정혜, 국수호 그리고 이정윤의 별",복합,복합,"김주원, 김매자, 배정혜, 국수호, 이정윤",,"(재)광명문화재단(주최), (재)광명문화재단(주관)",,,"['김주원', '김매자', '배정혜', '국수호', '이정윤']",[],한국무용+기악,한국무용,0.5334848484848486,기악,0.13027307963354476,"{'기악': 0.13027307963354476, '기타': 0.0011627906976744188, '발레': 0.05744186046511629, '성악': 0.010976744186046513, '연극': 0.08968023255813956, '연희': 0.01025369978858351, '재즈/월드뮤직': 0.0011627906976744188, '창극': 0.0023255813953488376, '현대무용': 0.08644056847545221, '혼합': 0.013436692506459949, '악극': 0.008000000000000002, '오페라': 0.008000000000000002, '한국무용': 0.5334848484848486, '마당극': 0.011111111111111113, '대중가요': 0.006250000000000001, '넌버벌 퍼포먼스': 0.003333333333333334, '뮤지컬': 0.020000000000000004, '인형극': 0.006666666666666668}"
미드-필ㄷ-ㅓ: 접촉면에 한하여,복합,다원/융복합,"고권금, 임영, 허윤경","허윤경, 양지울, 문홍식 등",,,,"['고권금', '임영', '허윤경']","['허윤경', '양지울', '문홍식']",연극+현대무용,연극,0.5408333333333333,현대무용,0.38,"{'연극': 0.5408333333333333, '발레': 0.06666666666666667, '현대무용': 0.38, '뮤지컬': 0.0125}"
광주상설공연 (10월),복합,복합,강경순 등,,"광주광역시(주최), 광주예술의전당 (구. 광주문화예술회관)(주관)",,,['강경순'],[],대중가요,대중가요,1.0,None,0.0,{'대중가요': 1.0}
ceiling service vol.3: DOME,복합,다원/융복합,"이대화, 김도언, 박유석, 이정훈 등",,퍼밋(PERMIT)(주최),,,"['이대화', '김도언', '박유석', '이정훈']",[],연극+대중가요,연극,0.2852564102564103,대중가요,0.24305555555555558,"{'대중가요': 0.24305555555555558, '재즈/월드뮤직': 0.16666666666666669, '기악': 0.017094017094017096, '마임': 0.029380341880341884, '뮤지컬': 0.12820512820512822, '성악': 0.008547008547008548, '연극': 0.2852564102564103, '한국무용': 0.03418803418803419, '현대무용': 0.004273504273504274, '마당극': 0.020833333333333336, '악극': 0.020833333333333336, '연희': 0.020833333333333336, '혼합': 0.020833333333333336}"
제28회 대한노인회 덕양구지회 노인의날 축하공연,복합,복합,,,,,,[],[],None,None,0.0,None,0.0,{}
서울아트마켓 (PAMS) [달오름극장],복합,복합,,,"(재)예술경영지원센터(주최), (재)예술경영지원센터(주관), (재)국립극장진흥재단(주관)",,,[],[],None,None,0.0,None,0.0,{}
서울아트마켓 (PAMS) [하늘극장],복합,복합,,,"(재)예술경영지원센터(주최), (재)국립극장진흥재단(주최), (재)예술경영지원센터(주관)",,,[],[],None,None,0.0,None,0.0,{}
소리동화: 팥죽할멈과 호랑이 & 방귀쟁이 며느리 편,복합,복합,"최한별, 박도영, 박하은, 양민석 등",,"박동의밴드(주최), 타피스토리(주관), 영산아트홀(주관), 클래식에이치(Classic H)(주관)",,,"['최한별', '박도영', '박하은', '양민석']",[],기악+연극,기악,0.5722527472527472,연극,0.28782051282051285,"{'기악': 0.5722527472527472, '연극': 0.28782051282051285, '오페라': 0.03159340659340659, '성악': 0.07261904761904762, '뮤지컬': 0.03571428571428571}"
엄마의 일기장 [부산],복합,복합,"김민선, 이성호, 권예림, 변도현, 박수민, 임나경, 이시화 등","장진웅, 진설라, 이근희 등","부산광역시(주최), (재)부산문화회관(주관), 동아대학교 스테리어스 (STARRYUS)(주관)",,,"['김민선', '이성호', '권예림', '변도현', '박수민', '임나경', '이시화']","['장진웅', '진설라', '이근희']",연극+기악,연극,0.5087853323147441,기악,0.17243442831678124,"{'기악': 0.17243442831678124, '대중가요': 0.013063407181054237, '발레': 0.04415584415584415, '성악': 0.03254392666157372, '연극': 0.5087853323147441, '한국무용': 0.005194805194805194, '현대무용': 0.030519480519480512, '뮤지컬': 0.1461802902979373, '인형극': 0.0026737967914438497, '재즈/월드뮤직': 0.007219251336898394, '서커스/마술': 0.010606060606060605, '스트리트/스포츠댄스': 0.004545454545454545, '혼합': 0.00909090909090909, '악극': 0.012987012987012984}"
그림이 오감를 만났을때: 감각주의 [부산],복합,다원/융복합,"정우철, 민사후, 노인호",,부산학생예술문화회관(주최),,,"['정우철', '민사후', '노인호']",[],기악+연극,기악,0.6262626262626263,연극,0.22222222222222224,"{'기악': 0.6262626262626263, '대중가요': 0.030303030303030307, '재즈/월드뮤직': 0.09090909090909091, '현대무용': 0.030303030303030307, '연극': 0.22222222222222224}"
"이천국제음악제, icmf 오프닝 콘서트: 동서양의 하모니",복합,복합,"원재연, 이나래, 이철희, 김보경, 라이아 바예스, 키아라 디 바리, 존 아이젠 등",,"이천시(주최), 이천문화재단(주최), 이천시(주관), 이천문화재단(주관)",,,"['원재연', '이나래', '이철희', '김보경', '라이아 바예스', '키아라 디 바리', '존 아이젠']",[],기악+성악,기악,0.26092621038857605,성악,0.2131547345525841,"{'기악': 0.26092621038857605, '성악': 0.2131547345525841, '연희': 0.05967741935483872, '대중가요': 0.034072367298173756, '뮤지컬': 0.14633393289307273, '혼합': 0.05776383910792516, '연극': 0.18030864197530871, '창극': 0.010000000000000004, '발레': 0.0024691358024691366, '스트리트/스포츠댄스': 0.0077601410934744295, '악극': 0.0012345679012345683, '오페라': 0.0006172839506172842, '인형극': 0.01613756613756614, '재즈/월드뮤직': 0.00830959164292498, '한국무용': 0.0006172839506172842, '현대무용': 0.0006172839506172842}"
여성: 삶의 노래 WOMEN: THE LIFE OF SONG,복합,복합,"강채원, 백세리, 석수빈, 조윤수, 박유진, 윤수영, 김용건 등","조남수, 김신애",라뮤즈(주최),,,"['강채원', '백세리', '석수빈', '조윤수', '박유진', '윤수영', '김용건']","['조남수', '김신애']",성악+기악,성악,0.32936507936507936,기악,0.2930764411027569,"{'기악': 0.2930764411027569, '성악': 0.32936507936507936, '오페라': 0.013888888888888888, '연극': 0.28044068504594816, '대중가요': 0.0014619883040935672, '뮤지컬': 0.0097953216374269, '재즈/월드뮤직': 0.0014619883040935672, '혼합': 0.042533416875522145, '한국무용': 0.027976190476190474}"
"한하운의 삶과 시, 파랑새 [김포]",복합,다원/융복합,"백승광, 박아름, 윤여길, 김진옥, 김나연","이은랑, 박경희, 함주명 등","예술창작집단 소리하나(주최), 극단 새나(주관)",,,"['백승광', '박아름', '윤여길', '김진옥', '김나연']","['이은랑', '박경희', '함주명']",연극+기악,연극,0.35328213453213453,기악,0.14277236652236652,"{'기악': 0.14277236652236652, '기타': 0.011047979797979798, '연극': 0.35328213453213453, '연희': 0.11688311688311687, '한국무용': 0.1236309523809524, '대중가요': 0.0009469696969696969, '뮤지컬': 0.04238927738927739, '발레': 0.04402389277389278, '성악': 0.036969696969696965, '악극': 0.046401515151515145, '오페라': 0.03977272727272727, '현대무용': 0.011576340326340327, '혼합': 0.0303030303030303}"
sonic BLOOM,복합,다원/융복합,"다니엘 하스, 데릭 제토, 제니아 블랙 등",,"(재)성동문화재단(주최), 피이그(FIG)(주관), WeSA(주관)",,,"['다니엘 하스', '데릭 제토', '제니아 블랙']",[],None,None,0.0,None,0.0,{}
하이커 페스타,복합,복합,노홍철 등,,"한국관광공사(주최), 하이커그라운드(주관)",,,['노홍철'],[],None,None,0.0,None,0.0,{}
"크로스파티, 두번째달 Ⅹ 김무빈: 국악 Ⅹ 월드뮤직 [과천]",복합,복합,"김현보, 박진우, 최진경, 이영훈, 조윤정, 박종선, 김무빈","문종태, 안윤미, 홍지연 등",(재)과천문화재단(주최),,,"['김현보', '박진우', '최진경', '이영훈', '조윤정', '박종선', '김무빈']","['문종태', '안윤미', '홍지연']",연극+기악,연극,0.28176316975529575,기악,0.20807365503761005,"{'기악': 0.20807365503761005, '대중가요': 0.04826746758025573, '성악': 0.13008408288895815, '재즈/월드뮤직': 0.02098101286781418, '혼합': 0.07338111415512796, '인형극': 0.03571428571428571, '한국무용': 0.020698051948051948, '스트리트/스포츠댄스': 0.0004921259842519685, '연극': 0.28176316975529575, '연희': 0.010749876968503937, '뮤지컬': 0.06376722958754208, '오페라': 0.07789963942307693, '현대무용': 0.014633969907407408, '기타': 0.0078125, '악극': 0.005681818181818182}"
"NPAF, Harmony of 4 Piano & Magic: 4대 피아노와 마술의 하모니 [인천]",복합,복합,,,"남동문화재단(주최), (사)문화예술라온(제작사)",,,[],[],None,None,0.0,None,0.0,{}
삼국의 현: 달을 바라보는 세 개의 시선 [김해],복합,다원/융복합,,,"문화체육관광부(주최), 경상남도(주최), 김해시청(주최), 문화체육관광부(주관), 경상남도(주관), 김해시청(주관), (재) 김해문화관광재단(주관)",,,[],[],None,None,0.0,None,0.0,{}
"TABLAO DE NUEVO, POR EL MAR [제주]",복합,복합,"강지영, 김은현, 이영자, 김지선, 황이현, 설호종, 나선희",,따예르 플라멩코(TALLER FLAMENCO)(주최),,,"['강지영', '김은현', '이영자', '김지선', '황이현', '설호종', '나선희']",[],연극+기악,연극,0.4588979579072459,기악,0.1855643118491416,"{'기악': 0.1855643118491416, '연극': 0.4588979579072459, '성악': 0.04671122994652407, '오페라': 0.05464646464646466, '재즈/월드뮤직': 0.06933155080213906, '스트리트/스포츠댄스': 0.04878787878787879, '한국무용': 0.011363636363636366, '혼합': 0.011363636363636366, '대중가요': 0.035151515151515156, '뮤지컬': 0.06727272727272729, '현대무용': 0.010909090909090912}"
미술관 옆 공연장: 페인팅 더 뮤직,복합,다원/융복합,"고희안, 김찬용",,"(재)세종문화회관(주최), 세종예술아카데미(주관)",,,"['고희안', '김찬용']",[],연극+재즈/월드뮤직,연극,0.375,재즈/월드뮤직,0.32558139534883723,"{'기악': 0.08139534883720931, '기타': 0.023255813953488372, '대중가요': 0.03488372093023256, '성악': 0.011627906976744186, '재즈/월드뮤직': 0.32558139534883723, '혼합': 0.023255813953488372, '뮤지컬': 0.125, '연극': 0.375}"
"제24회 SPAF, 김재훈컴퍼니: PNO",복합,다원/융복합,"김재훈, 나경민, 남상봉, 양현모, 전보람 등","김재훈, 배소현, 신예슬 등","서울국제공연예술제(SPAF)(주관), 김재훈컴퍼니(제작사), (재)예술경영지원센터(주최)",,,"['김재훈', '나경민', '남상봉', '양현모', '전보람']","['김재훈', '배소현', '신예슬']",연극+기악,연극,0.5120879120879122,기악,0.2282051282051282,"{'기악': 0.2282051282051282, '뮤지컬': 0.007692307692307694, '성악': 0.007692307692307694, '악극': 0.015384615384615387, '연극': 0.5120879120879122, '오페라': 0.007692307692307694, '혼합': 0.01098901098901099, '현대무용': 0.11794871794871797, '한국무용': 0.015384615384615387, '대중가요': 0.07692307692307693}"
제1회 Physical Performance Festival 피지컬 퍼포먼스 페스티벌,복합,복합,"김승록, 이영례, 서민준, 전원재, 장창완, 최지훈, 최하연 등","김윤희, 고다희, 이준호 등","Physical Performance Festival 집행위원회(주최), Physical Performance Festival 집행위원회(주관)",,,"['김승록', '이영례', '서민준', '전원재', '장창완', '최지훈', '최하연']","['김윤희', '고다희', '이준호']",연극+현대무용,연극,0.5059480202337344,현대무용,0.22848996008659872,"{'성악': 0.01194877951180472, '오페라': 0.009635854341736692, '한국무용': 0.014446599152481504, '현대무용': 0.22848996008659872, '넌버벌 퍼포먼스': 0.029761904761904757, '마임': 0.05436507936507936, '뮤지컬': 0.05580847723704866, '연극': 0.5059480202337344, '대중가요': 0.020113378684807254, '기악': 0.05846153846153844, '기타': 0.002312925170068027, '연희': 0.007346938775510203, '혼합': 0.0013605442176870745}"
"글자공상, 최노아X계수정 라이브 퍼포먼스",복합,복합,"최노아, 계수정","계수정, 최노아, 정수진 등","(재)한국장애인문화예술원(주최), (재)한국장애인문화예술원(주관)",,,"['최노아', '계수정']","['계수정', '최노아', '정수진']",기악+성악,기악,0.74,성악,0.1,"{'기악': 0.74, '기타': 0.02, '성악': 0.1, '연극': 0.04, '재즈/월드뮤직': 0.04, '현대무용': 0.06}"
고양 학생 뮤지컬&연극&영화 축제,복합,복합,,,경기도고양교육지원청(주최),,,[],[],None,None,0.0,None,0.0,{}
3팀 3색 가을 콘서트 [울진],복합,복합,김태원 등,,"울진군청(주최), 울진군청(주관)",,,['김태원'],[],뮤지컬+대중가요,뮤지컬,0.3783783783783784,대중가요,0.35135135135135137,"{'기악': 0.02702702702702703, '기타': 0.05405405405405406, '넌버벌 퍼포먼스': 0.05405405405405406, '대중가요': 0.35135135135135137, '뮤지컬': 0.3783783783783784, '성악': 0.02702702702702703, '연극': 0.10810810810810811}"
배리어프리 뮤직페스티벌,복합,복합,"정혜윤, 김지현, 정한나, 김상진, 김요한, 정미애, 전경호 등",,"지아트컴퍼니(Gartcompany)(주최), 배리어프리운동본부(주관)",,,"['정혜윤', '김지현', '정한나', '김상진', '김요한', '정미애', '전경호']",[],기악+연극,기악,0.32960627680582644,연극,0.2674730904395976,"{'기악': 0.32960627680582644, '마당극': 0.003367003367003367, '발레': 0.04125718336244652, '성악': 0.1135217655763673, '오페라': 0.041981506729606925, '한국무용': 0.013468013468013467, '현대무용': 0.011767833130062232, '기타': 0.003023053501522401, '대중가요': 0.05908309097163586, '뮤지컬': 0.05774314655541788, '악극': 0.0004784688995215311, '연극': 0.2674730904395976, '재즈/월드뮤직': 0.025329853559518632, '창극': 0.0004784688995215311, '혼합': 0.028390941703635205, '넌버벌 퍼포먼스': 0.0030303030303030303}"
제3회 공감플러스,복합,복합,,,,,,[],[],None,None,0.0,None,0.0,{}
에드바르의 초상수업 [부산],복합,복합,"하현수, 서치환, 서진원, 윤지수, 전서영, 조예림, 김예원 등","독고훈, 정유진, 김아영 등","부산광역시(주최), (재)부산문화회관(주관), Grow4Music with An die Musik(주관)",,,"['하현수', '서치환', '서진원', '윤지수', '전서영', '조예림', '김예원']","['독고훈', '정유진', '김아영']",연극+기악,연극,0.38196642578436046,기악,0.30823064314912135,"{'기악': 0.30823064314912135, '성악': 0.09221172094813397, '오페라': 0.048605719461697706, '연극': 0.38196642578436046, '대중가요': 0.02289252866698518, '뮤지컬': 0.09144486250464509, '연희': 0.00608053631151457, '한국무용': 0.01174674510272336, '기타': 0.016826923076923073, '현대무용': 0.009176587301587298, '악극': 0.0012019230769230768, '넌버벌 퍼포먼스': 0.009615384615384614}"
"하슬라국제예술제, 고귀한 두 여신이여 (10.18)",복합,복합,"이명주, 문정재, 조재혁, 김주원, 김현웅",,"강릉아트센터(주최), (사) 하슬라국제예술제(주최), 강릉아트센터(주관), (사) 하슬라국제예술제(주관)",,,"['이명주', '문정재', '조재혁', '김주원', '김현웅']",[],기악+발레,기악,0.3797073480555012,발레,0.322947014226084,"{'기악': 0.3797073480555012, '성악': 0.06723185159573669, '오페라': 0.03034883720930233, '혼합': 0.004377564979480164, '발레': 0.322947014226084, '연극': 0.08795308373796747, '한국무용': 0.03708791208791209, '현대무용': 0.0530789462475509, '기타': 0.0014534883720930232, '연희': 0.0014534883720930232, '재즈/월드뮤직': 0.0014534883720930232, '창극': 0.0029069767441860465, '악극': 0.01}"
"제1254회 서초금요음악회, 음악정원",복합,복합,,,"서초구청(주최), 서초구청(주관)",,,[],[],None,None,0.0,None,0.0,{}
"세대공감 어울림 북콘서트, 김상욱 with 궤도 [경산]",복합,복합,"김상욱, 김재혁 등",,"경상북도교육청정보센터(주최), 경상북도교육청정보센터(기획사)",,,"['김상욱', '김재혁']",[],기악+연극,기악,0.7757575757575758,연극,0.09696969696969697,"{'기악': 0.7757575757575758, '대중가요': 0.06060606060606061, '연극': 0.09696969696969697, '성악': 0.06666666666666667}"
찰리채플린 시네마 콘서트 [부산],복합,다원/융복합,,,"(재) 부산진문화재단(주최), (재) 부산진문화재단(주관)",,,[],[],None,None,0.0,None,0.0,{}
"삼척문화예술회관 개관 30주년 기념, 삼척시민과 함께하는 어!울림 콘서트",복합,복합,"안두현, 다니엘 린데만, 조용진, 고훈정, 구교현, 양준모, 최진우, 김산옥",,"삼척시청(주최), 삼척시청(주관), 코코클래식(주관)",,,"['안두현', '다니엘 린데만', '조용진', '고훈정', '구교현', '양준모', '최진우', '김산옥']",[],기악+뮤지컬,기악,0.41002287017330713,뮤지컬,0.17316057668406662,"{'기악': 0.41002287017330713, '기타': 0.017803028864320326, '성악': 0.08485353954255288, '대중가요': 0.0704575145408773, '재즈/월드뮤직': 0.023475950782997763, '혼합': 0.06332557484314814, '뮤지컬': 0.17316057668406662, '연극': 0.10601851851851851, '한국무용': 0.025462962962962965, '오페라': 0.025419463087248323}"
"상상하는 그림동화, 점 [춘천]",복합,다원/융복합,"정재원, 정지인, 신정아","신영우, 박성호, 조은영 등","여우컴퍼니(제작사), 여우컴퍼니(주최), 여우컴퍼니(주관)",박성호,,"['정재원', '정지인', '신정아']","['신영우', '박성호', '조은영']",인형극+연극,인형극,0.29382716049382723,연극,0.24026570048309182,"{'기악': 0.19043209876543216, '대중가요': 0.04750402576489534, '뮤지컬': 0.007530864197530865, '성악': 0.07761272141706926, '연극': 0.24026570048309182, '오페라': 0.00308641975308642, '인형극': 0.29382716049382723, '혼합': 0.026637144390767586, '한국무용': 0.07216183574879227, '재즈/월드뮤직': 0.004830917874396136, '창극': 0.013888888888888892, '연희': 0.022222222222222227}"
가을날의 음악산책 [홍성],복합,복합,"김만규, 이승용, 김현범, 박신유, 이윤석 등",,"홍성군청(주최), 홍성군공공시설관리소(주관)",,,"['김만규', '이승용', '김현범', '박신유', '이윤석']",[],기악+연극,기악,0.4266666666666666,연극,0.38888888888888884,"{'기악': 0.4266666666666666, '연극': 0.38888888888888884, '뮤지컬': 0.16666666666666666, '성악': 0.006666666666666667, '한국무용': 0.008888888888888889, '혼합': 0.0022222222222222222}"
내가 농섬보다 외롭다,복합,복합,정다움 등,,문화발전소 열터(주최),,,['정다움'],[],기악,기악,1.0,None,0.0,{'기악': 1.0}
"트라이보울 예술아카데미: 잘 아는 예술, 노년기 (10.19)",복합,복합,"황보출, 이현송, 김동현, 김형균, 조아라 등",,예술공간 트라이보울(주관),,,"['황보출', '이현송', '김동현', '김형균', '조아라']",[],연극+기악,연극,0.33338229959763055,기악,0.1662015182652877,"{'기악': 0.1662015182652877, '대중가요': 0.14561832819094234, '기타': 0.009360333841661645, '넌버벌 퍼포먼스': 0.004149377593360997, '뮤지컬': 0.15669251239244691, '발레': 0.005532503457814663, '서커스/마술': 0.0013831258644536658, '성악': 0.04576286266611666, '스트리트/스포츠댄스': 0.0013831258644536658, '악극': 0.0013831258644536658, '연극': 0.33338229959763055, '연희': 0.0013831258644536658, '오페라': 0.008790533271861075, '재즈/월드뮤직': 0.020303578394864706, '한국무용': 0.013167196460491944, '현대무용': 0.014077147687106198, '혼합': 0.03487959712026103, '인형극': 0.008771929824561405, '창극': 0.027777777777777783}"
난·잡·한 자기소개,복합,다원/융복합,"강우석, 김민준, 김수진, 김창배, 부용구, 여인찬, 오다준 등","김창배, 강우석, 김민준 등","발달장애청년허브사부작사회적협동조합(제작사), 발달장애청년허브사부작사회적협동조합(주최), 발달장애청년허브사부작사회적협동조합(주관)",,,"['강우석', '김민준', '김수진', '김창배', '부용구', '여인찬', '오다준']","['김창배', '강우석', '김민준']",연극+기악,연극,0.6968119000331017,기악,0.08484152598477325,"{'연극': 0.6968119000331017, '기악': 0.08484152598477325, '대중가요': 0.009142254220456801, '뮤지컬': 0.05797749089705395, '발레': 0.04802631578947368, '성악': 0.02535998013902681, '오페라': 0.0043859649122807015, '재즈/월드뮤직': 0.0027826050976497846, '현대무용': 0.06536535915259847, '인형극': 0.0005896226415094339, '한국무용': 0.003537735849056604, '혼합': 0.0011792452830188679}"
"강동예술인페스티벌, 강동무용협회",복합,복합,"고은수, 박수빈, 김선희, 장윤정, 조서영, 한보하, 강다인 등","김정록, 김남용, 정석순 등","(사) 한국예총 강동구지회(주최), 강동구립예술단(주최), 강동예술인페스티벌조직위원회(주관)",,,"['고은수', '박수빈', '김선희', '장윤정', '조서영', '한보하', '강다인']","['김정록', '김남용', '정석순']",연극+현대무용,연극,0.3485738835764191,현대무용,0.13088235294117648,"{'연극': 0.3485738835764191, '한국무용': 0.12894298589341693, '기악': 0.1264830690635711, '기타': 0.006833452424857091, '대중가요': 0.04868788032454361, '뮤지컬': 0.025276087446472844, '성악': 0.0522673809596984, '현대무용': 0.13088235294117648, '혼합': 0.01169850123957629, '창극': 0.0073275862068965525, '발레': 0.01496647509578544, '오페라': 0.0021551724137931034, '재즈/월드뮤직': 0.0021551724137931034, '서커스/마술': 0.0625, '연희': 0.03125}"
"제24회 SPAF, 모니카 림 & 민디 멩 왕: 망자를 위한 오페라",복합,다원/융복합,"모니카 림, 민디 멩 왕","모니카 림, 민디 멩 왕, 오필리아 황 등","(재)예술경영지원센터(주최), 서울국제공연예술제(SPAF)(주관)",,,"['모니카 림', '민디 멩 왕']","['모니카 림', '민디 멩 왕', '오필리아 황']",None,None,0.0,None,0.0,{}
한밤의 유U;콘서트: 가을 밤 현의 풍류 (10월),복합,복합,"고보성, 배경완, 황미정, 김보은, 박혜선, 정자경, 김영준 등",,"(재)영화의전당(주최), (주)국제신문(주최), (재)영화의전당(주관), (주)국제신문(주관)",,,"['고보성', '배경완', '황미정', '김보은', '박혜선', '정자경', '김영준']",[],기악+연극,기악,0.34031522922493335,연극,0.21228232181477047,"{'기악': 0.34031522922493335, '혼합': 0.09518659809030737, '성악': 0.16729932016556223, '연극': 0.21228232181477047, '한국무용': 0.007575757575757578, '기타': 0.006262197344999894, '대중가요': 0.0033670033670033677, '오페라': 0.007313045529606041, '뮤지컬': 0.12657584900293586, '재즈/월드뮤직': 0.0017371163867979159, '인형극': 0.021390374331550808, '현대무용': 0.010695187165775404}"
함께하는 순간 [공주],복합,복합,"이지원, 김유나, 김윤상, 김초하, 심영건, 이들림 등","장애령, 하라 히토시","(재) 공주문화관광재단(공주문예회관)(주최), (재) 공주문화관광재단(공주문예회관)(주관)",,,"['이지원', '김유나', '김윤상', '김초하', '심영건', '이들림']","['장애령', '하라 히토시']",기악+연극,기악,0.3917331265691921,연극,0.19527396248707724,"{'기악': 0.3917331265691921, '기타': 0.001639344262295082, '넌버벌 퍼포먼스': 0.001639344262295082, '대중가요': 0.010323438192290651, '뮤지컬': 0.09963816275291684, '성악': 0.06324028946979768, '연극': 0.19527396248707724, '연희': 0.10434204696499778, '한국무용': 0.015152857775808595, '혼합': 0.0143147245606262, '악극': 0.008333333333333333, '현대무용': 0.058333333333333334, '서커스/마술': 0.002702702702702703, '오페라': 0.03333333333333333}"
"XR 공연, 도채비 [제주]",복합,다원/융복합,"박준하, 황지연, 장문선, 서의철, 양호성, 오유정, 남성훈","송해인, 양호성, 허준혁 등","(주) 인스피어(주최), (주) 인스피어(주관)",,,"['박준하', '황지연', '장문선', '서의철', '양호성', '오유정', '남성훈']","['송해인', '양호성', '허준혁']",연희+악극,연희,0.31240530303030306,악극,0.17471590909090912,"{'기악': 0.09224401270772241, '넌버벌 퍼포먼스': 0.0041666666666666675, '대중가요': 0.015625000000000003, '뮤지컬': 0.10603311339198437, '성악': 0.07121212121212123, '연극': 0.05342741935483871, '연희': 0.31240530303030306, '발레': 0.012500000000000002, '악극': 0.17471590909090912, '창극': 0.024147727272727276, '혼합': 0.1335227272727273}"
베스트슬립 수면콘서트,복합,복합,"서진원, 권정열, 배진영, 전윤한, 허윤, 최호경, 김하은 등",,"(주)지큐브스페이스(베스트슬립)(주최), 이노베이 주식회사(주관)",,,"['서진원', '권정열', '배진영', '전윤한', '허윤', '최호경', '김하은']",[],연극+기악,연극,0.394647855491229,기악,0.24878779186008104,"{'성악': 0.0355756358768407, '연극': 0.394647855491229, '오페라': 0.05023427041499331, '대중가요': 0.13888888888888887, '기악': 0.24878779186008104, '발레': 0.013888888888888888, '뮤지컬': 0.0922738573340983, '넌버벌 퍼포먼스': 0.004016064257028113, '인형극': 0.003012048192771084, '재즈/월드뮤직': 0.0010040160642570282, '한국무용': 0.0010040160642570282, '악극': 0.016666666666666666}"
무브먼트 코리아 [논산],복합,다원/융복합,"남현준, 박애리 등",,"(재)예술경영지원센터(주최), 논산문화관광재단(주관), 광개토사물놀이예술단(주관)",,,"['남현준', '박애리']",[],창극+혼합,창극,0.3671497584541063,혼합,0.26846100759144237,"{'대중가요': 0.05244996549344375, '현대무용': 0.14285714285714285, '혼합': 0.26846100759144237, '기악': 0.043478260869565216, '기타': 0.004830917874396135, '넌버벌 퍼포먼스': 0.004830917874396135, '성악': 0.0821256038647343, '연희': 0.028985507246376812, '창극': 0.3671497584541063, '한국무용': 0.004830917874396135}"
제11회 이데일리 문화대상,복합,복합,,,"(주)이데일리(주최), 곽재선문화재단(주관)",,,[],[],None,None,0.0,None,0.0,{}
첼로가야금 2.0 콘서트 [울산],복합,복합,"김솔다니엘, 윤다영",,"(재)예술경영지원센터(주최), (재)울주문화재단(주관)",,,"['김솔다니엘', '윤다영']",[],기악+연극,기악,0.4583333333333333,연극,0.3333333333333333,"{'기악': 0.4583333333333333, '발레': 0.041666666666666664, '재즈/월드뮤직': 0.041666666666666664, '혼합': 0.125, '연극': 0.3333333333333333}"
도란도란 이야기보따리 [성남],복합,다원/융복합,,,"한국국학진흥원 아름다운 이야기할머니(주관), 문화체육관광부(주최)",,,[],[],None,None,0.0,None,0.0,{}
"김수인, 이승민 극락 콘서트 [평택]",복합,복합,"김수인, 이승민",,"(재)평택시문화재단(주최), (재)평택시문화재단(주관)",,,"['김수인', '이승민']",[],성악+연극,성악,0.28806380638063805,연극,0.1831820682068207,"{'기악': 0.11324257425742575, '기타': 0.010244774477447744, '대중가요': 0.04393564356435644, '성악': 0.28806380638063805, '연극': 0.1831820682068207, '연희': 0.010244774477447744, '창극': 0.06476897689768978, '현대무용': 0.08333333333333333, '혼합': 0.06338008800880089, '뮤지컬': 0.06996699669966998, '발레': 0.04653465346534654, '오페라': 0.016501650165016504, '한국무용': 0.006600660066006601}"
"제20회 부산국제합창제, 대상경연 및 시상식",복합,복합,,,"부산광역시(주최), (사)한국합창조직위원회(주관)",,,[],[],None,None,0.0,None,0.0,{}
"제주해녀 이야기: 섬, 숨, 삶 [제주]",복합,복합,민혜진 등,"고춘식, 김정연","제주아트센터(주최), 프로덕션 和(주관)",,,['민혜진'],"['고춘식', '김정연']",연극+혼합,연극,0.34642857142857136,혼합,0.19999999999999996,"{'발레': 0.09999999999999998, '한국무용': 0.09999999999999998, '연극': 0.34642857142857136, '혼합': 0.19999999999999996, '기악': 0.07499999999999998, '대중가요': 0.007142857142857141, '뮤지컬': 0.021428571428571425, '성악': 0.1464285714285714, '현대무용': 0.0035714285714285704}"
토크콘서트: Talk into the groove [원주],복합,복합,,,"(재)원주문화재단(주최), 원주시 창의문화도시지원센터(기획사)",,,[],[],None,None,0.0,None,0.0,{}
VATERFLY HALLOWEEN COSTUME PARTY,복합,복합,,,"(주) 엔타시아(주최), 크로마 클럽(주관)",,,[],[],None,None,0.0,None,0.0,{}
제2회 이앤아이앙상블 콘서트: 날것. 놀러. OLE! 감정에 자유를 주자 [용인],복합,복합,"박진희, 김도윤, 김혜영, 이유나, 이혜정, 이진경, 설호종",,"이앤아이앙상블 (E&I ensemble)(주최), 이앤아이앙상블 (E&I ensemble)(주관)",,,"['박진희', '김도윤', '김혜영', '이유나', '이혜정', '이진경', '설호종']",[],연극+기악,연극,0.43320995606621127,기악,0.21947914548629127,"{'기악': 0.21947914548629127, '대중가요': 0.015201465201465203, '뮤지컬': 0.0682210880921527, '성악': 0.05998304431920836, '연극': 0.43320995606621127, '연희': 0.007326007326007326, '오페라': 0.071987733338189, '인형극': 0.007116147741147741, '한국무용': 0.0037168713639301873, '혼합': 0.006715506715506715, '발레': 0.002232142857142857, '넌버벌 퍼포먼스': 0.003968253968253968, '마임': 0.06349206349206349, '서커스/마술': 0.003968253968253968, '악극': 0.0014005602240896359, '재즈/월드뮤직': 0.006769374416433239, '기타': 0.003968253968253968, '현대무용': 0.011111111111111112, '스트리트/스포츠댄스': 0.01013302034428795}"
"강동예술인페스티벌, 강동국제장애인문화교류협회",복합,복합,,,"(사) 한국예총 강동구지회(주최), 강동구립예술단(주최), 강동예술인페스티벌조직위원회(주관)",,,[],[],None,None,0.0,None,0.0,{}
춘향탈출 [광주],복합,복합,"박태영, 문다솜, 신솔찬, 권유현, 안혜지, 안유진, 김태산 등","박태영, 박은비, 문다솜 등","광주광역시(주최), 바오무용단(주관)",,,"['박태영', '문다솜', '신솔찬', '권유현', '안혜지', '안유진', '김태산']","['박태영', '박은비', '문다솜']",기악+한국무용,기악,0.21994072236007725,한국무용,0.1971326164874552,"{'기악': 0.21994072236007725, '뮤지컬': 0.03432588916459885, '발레': 0.133974358974359, '성악': 0.06837606837606838, '오페라': 0.020885028949545085, '혼합': 0.17644058450510064, '한국무용': 0.1971326164874552, '대중가요': 0.02768817204301076, '연극': 0.010752688172043012, '연희': 0.010752688172043012, '현대무용': 0.0913978494623656, '창극': 0.008333333333333335}"
장사익과 함께하는 이브닝 콘서트: 만추 [용인],복합,복합,"장사익, 조연우, 문채원, 방성호 등",,"(재)용인문화재단(주최), 한국예술문화단체총연합회 용인지회(주관)",,,"['장사익', '조연우', '문채원', '방성호']",[],기악+혼합,기악,0.3298140984311197,혼합,0.19517543859649122,"{'기악': 0.3298140984311197, '기타': 0.05300485255692422, '성악': 0.13795334833968653, '연희': 0.006578947368421052, '혼합': 0.19517543859649122, '발레': 0.015151515151515152, '악극': 0.015151515151515152, '연극': 0.015151515151515152, '오페라': 0.11718246292714378, '재즈/월드뮤직': 0.015151515151515152, '서커스/마술': 0.0925925925925926, '대중가요': 0.0070921985815602835}"
Nuvelletoile: En Espana [부평],복합,복합,"민샛별, 강한별, 이영자, 김동욱","민샛별, 강경호, 조성현 등",,,,"['민샛별', '강한별', '이영자', '김동욱']","['민샛별', '강경호', '조성현']",성악+연극,성악,0.27589184206831263,연극,0.25489315451695754,"{'기악': 0.22653093241328534, '성악': 0.27589184206831263, '뮤지컬': 0.08661588295651222, '연극': 0.25489315451695754, '오페라': 0.0017889087656529517, '스트리트/스포츠댄스': 0.038461538461538464, '재즈/월드뮤직': 0.02001039501039501, '한국무용': 0.011694386694386695, '혼합': 0.009615384615384616, '대중가요': 0.036036036036036036, '발레': 0.019230769230769232, '현대무용': 0.019230769230769232}"
제12회 단원구여성합창단 정기연주회,복합,복합,,,안산시 단원구청(주최),,,[],[],None,None,0.0,None,0.0,{}
어울림문화학교 수강생 발표회 [고양],복합,복합,,,(재)고양문화재단(주최),,,[],[],None,None,0.0,None,0.0,{}
한양대학교 무용학과 60주년 창작 춤 페스티벌,복합,복합,"이지우, 오아름, 이규빈, 이서진, 구민정, 우이나, 이현석 등","손관중, 문영철, 서연수","한양대학교 무용학과(주최), 한양대학교 예술, 체육대학(주최), 한양대학교 무용학과(주관), 한양대학교 예술, 체육대학(주관)",,,"['이지우', '오아름', '이규빈', '이서진', '구민정', '우이나', '이현석']","['손관중', '문영철', '서연수']",연극+현대무용,연극,0.4314495028780743,현대무용,0.25051020408163266,"{'기악': 0.06230376766091051, '대중가요': 0.08500130821559392, '뮤지컬': 0.016974097331240185, '발레': 0.058470695970695964, '연극': 0.4314495028780743, '성악': 0.005494505494505494, '재즈/월드뮤직': 0.0025510204081632647, '한국무용': 0.08724489795918366, '현대무용': 0.25051020408163266}"
"2024 제11회 전남학교예술교육페스티벌, 복합",복합,복합,김선민 등,,"전라남도교육청(주최), 전남중등음악사랑연구회(주관)",,,['김선민'],[],연극+기악,연극,0.3392857142857143,기악,0.2857142857142857,"{'기악': 0.2857142857142857, '뮤지컬': 0.017857142857142856, '성악': 0.017857142857142856, '연극': 0.3392857142857143, '연희': 0.14285714285714285, '재즈/월드뮤직': 0.05357142857142857, '창극': 0.017857142857142856, '마당극': 0.125}"
SCAF 서초아트페스티벌,복합,복합,"강드보라, 김윤경, 변혜정, 박혜선, 김태훈, 김진석, 조가람 등",,"SC 엔터테인먼트 협동조합(주최), 케이클래식스테이지(K-CLASSIC STAGE)(주관)",,,"['강드보라', '김윤경', '변혜정', '박혜선', '김태훈', '김진석', '조가람']",[],기악+연극,기악,0.4187836750861961,연극,0.30287999303921465,"{'기악': 0.4187836750861961, '대중가요': 0.0077475434618291756, '성악': 0.05282921249307804, '연극': 0.30287999303921465, '기타': 0.02154882154882155, '오페라': 0.014155157012299868, '뮤지컬': 0.16193845959436406, '마당극': 0.007421150278293135, '한국무용': 0.0036378187638691837, '혼합': 0.0037105751391465673, '인형극': 0.0053475935828877}"
대한민국 동화축제 [포항],복합,복합,,,"경상북도(주최), 포항시청(주최), 경북일보(주관)",,,[],[],None,None,0.0,None,0.0,{}
이태석 사랑나눔 음악회,복합,복합,"황정민, 권은주, 윤종민, 배일동, 조시온, 김동원, 김영호 등",,"(사) 이태석재단(주최), 이태석리더십아카데미(주관)",,,"['황정민', '권은주', '윤종민', '배일동', '조시온', '김동원', '김영호']",[],연극+오페라,연극,0.3287028657616894,오페라,0.21302354336410068,"{'뮤지컬': 0.011363636363636366, '성악': 0.2009572144401866, '연극': 0.3287028657616894, '오페라': 0.21302354336410068, '기악': 0.13567713332419215, '마임': 0.09090909090909093, '넌버벌 퍼포먼스': 0.0013986013986013988, '기타': 0.0036363636363636372, '연희': 0.0036363636363636372, '악극': 0.010695187165775402}"
"벗 & 공감, 클라운지콘서트 [대구]",복합,복합,"김주리, 이윤아, 이봉근, 최용호, 서미림, 박효진",,문화공간 라온(주최),,,"['김주리', '이윤아', '이봉근', '최용호', '서미림', '박효진']",[],연극+성악,연극,0.4251861042183623,성악,0.16346684406425496,"{'기악': 0.15360332049105396, '대중가요': 0.055892075878281315, '성악': 0.16346684406425496, '연극': 0.4251861042183623, '창극': 0.006436104218362284, '혼합': 0.11855573331592009, '기타': 0.027011639676113364, '뮤지컬': 0.015232793522267208, '악극': 0.0024038461538461544, '연희': 0.0024038461538461544, '한국무용': 0.004807692307692309, '현대무용': 0.025000000000000005}"
"아트클래스 시리즈Ⅴ, 호퍼: 고독한 뉴요커 [을숙도]",복합,복합,"전원경, 최성근, 최지은, 배주연, 조무종, 김나연, 김지일 등",,"을숙도문화회관(주최), 을숙도문화회관(주관)",,,"['전원경', '최성근', '최지은', '배주연', '조무종', '김나연', '김지일']",[],기악+연극,기악,0.4747225443928973,연극,0.2208554964539007,"{'기악': 0.4747225443928973, '성악': 0.06690929451287796, '뮤지컬': 0.1166666666666667, '기타': 0.0031693262411347524, '연극': 0.2208554964539007, '재즈/월드뮤직': 0.00927051671732523, '한국무용': 0.02409131205673759, '현대무용': 0.005296985815602838, '발레': 0.05104166666666667, '오페라': 0.01755952380952381, '대중가요': 0.0010416666666666669, '악극': 0.0010416666666666669, '혼합': 0.008333333333333335}"
한국문화 큰잔치 (K-Wave Festival),복합,복합,,,"문화체육관광부(주최), 한국국제문화교류진흥원(KOFICE)(주관)",,,[],[],None,None,0.0,None,0.0,{}
제4회 마두금 연주회: 마이동풍,복합,복합,"김연준, 염해석, 이은경, 정종수, 설호종",,"한국마두금연주자협회(주최), 한국마두금연주자협회(주관)",,,"['김연준', '염해석', '이은경', '정종수', '설호종']",[],연극+기악,연극,0.3661375661375662,기악,0.21596119929453264,"{'연극': 0.3661375661375662, '성악': 0.12716049382716052, '기악': 0.21596119929453264, '대중가요': 0.024691358024691364, '마임': 0.002469135802469136, '오페라': 0.16851851851851854, '한국무용': 0.018342151675485013, '현대무용': 0.04179894179894181, '뮤지컬': 0.02380952380952381, '스트리트/스포츠댄스': 0.011111111111111113}"
첼로가야금 2.0 콘서트 [용인],복합,복합,윤다영 등,,"(재)예술경영지원센터(주최), 첼로가야금(주관), (재)용인문화재단(주관)",,,['윤다영'],[],연극+기악,연극,0.5,기악,0.1875,"{'기악': 0.1875, '발레': 0.0625, '재즈/월드뮤직': 0.0625, '혼합': 0.1875, '연극': 0.5}"
광주상설공연 (11월),복합,복합,,,"광주광역시(주최), 광주예술의전당 (구. 광주문화예술회관)(주관)",,,[],[],None,None,0.0,None,0.0,{}
"싱잉볼 콘서트, 하늘소리: 소망을 하늘로",복합,복합,"최익진, 한울, 이승훈, 김사라스와띠, 희궁, 다령, 우백 등",,"사라스와띠 큐어힐링협회&치유문화센터(주최), (주) 아트인뱅크(주관)",,,"['최익진', '한울', '이승훈', '김사라스와띠', '희궁', '다령', '우백']",[],연극+뮤지컬,연극,0.4765625,뮤지컬,0.421875,"{'기악': 0.03125, '기타': 0.0078125, '대중가요': 0.015625, '뮤지컬': 0.421875, '성악': 0.015625, '악극': 0.0078125, '연극': 0.4765625, '재즈/월드뮤직': 0.0078125, '혼합': 0.015625}"
"나화랑, 파랑새 노래하는 청포도 넝쿨 아래로 [김천]",복합,복합,"장지숙, 이수연, 윤건우, 최정산, 고경민, 박진희, 김혜영 등","조명숙, 고재경","문화체육관광부(주최), 경상북도(주최), 지역문화진흥공동체 도시락(도시樂)(주관), 경북문화재단(주관), 지역문화진흥원()",,,"['장지숙', '이수연', '윤건우', '최정산', '고경민', '박진희', '김혜영']","['조명숙', '고재경']",연극+마임,연극,0.29250556458580446,마임,0.20538003663003665,"{'연극': 0.29250556458580446, '기악': 0.16327143254613272, '대중가요': 0.07373128489633343, '뮤지컬': 0.1480007238145445, '서커스/마술': 0.008598501013549557, '성악': 0.05324586892262506, '오페라': 0.03427858073774693, '현대무용': 0.0006934812760055478, '혼합': 0.00688146804651659, '마임': 0.20538003663003665, '연희': 0.0018315018315018315, '인형극': 0.0009157509157509158, '한국무용': 0.0037168713639301873, '악극': 0.0014005602240896359, '재즈/월드뮤직': 0.0028011204481792717, '넌버벌 퍼포먼스': 0.0027472527472527475}"
제2회 롯데 러브 패밀리 동행 콘서트,복합,복합,,,,,,[],[],None,None,0.0,None,0.0,{}
"공익활동을 위한 기금 마련 콘서트, 당신이 있어 참 좋다!",복합,복합,"정태춘, 박은옥, 박재준 등",박수정,"(사) 관악뿌리재단(주최), (사) 한국축제포럼 관악지부(주최)",,,"['정태춘', '박은옥', '박재준']",['박수정'],기악+대중가요,기악,0.36650922177237966,대중가요,0.34102564102564104,"{'기악': 0.36650922177237966, '기타': 0.016666666666666666, '대중가요': 0.34102564102564104, '재즈/월드뮤직': 0.03076923076923077, '뮤지컬': 0.005263157894736842, '성악': 0.06023391812865497, '연극': 0.10350877192982455, '한국무용': 0.021052631578947368, '현대무용': 0.005263157894736842, '혼합': 0.005263157894736842, '악극': 0.04444444444444444}"
"제6회 마포 M국악 페스티벌, 꼬레아 리듬터치 Ⅲ: 첼로가야금 2.0 콘서트",복합,복합,"김솔다니엘, 윤다영",,"(재)마포문화재단(마포아트센터)(주최), (재)예술경영지원센터(주최), (재)마포문화재단(마포아트센터)(주관)",,,"['김솔다니엘', '윤다영']",[],기악+연극,기악,0.4583333333333333,연극,0.3333333333333333,"{'기악': 0.4583333333333333, '발레': 0.041666666666666664, '재즈/월드뮤직': 0.041666666666666664, '혼합': 0.125, '연극': 0.3333333333333333}"
Make a Creative 쇼케이스: 데뷔를 대비하라,복합,복합,,"손정원, 김유정, 강지희 등","(주)에이치제이컬쳐(HJ컬쳐)(주최), (주)에이치제이컬쳐(HJ컬쳐)(주관)",,,[],"['손정원', '김유정', '강지희']",연극+기악,연극,0.45471014492753625,기악,0.33589087809036655,"{'연극': 0.45471014492753625, '기악': 0.33589087809036655, '뮤지컬': 0.0864236999147485, '발레': 0.005434782608695652, '성악': 0.02717391304347826, '악극': 0.005434782608695652, '현대무용': 0.016304347826086956, '오페라': 0.06862745098039216}"
"제12회 성미산 동네연극축제, 난.잡.한 자기소개",복합,다원/융복합,"강우석, 김민준, 김수진, 김창배, 부용구, 여인찬, 오다준 등","김창배, 강우석, 김민준 등","성미산문화협동조합(주최), 성미산문화협동조합(주관), 공연예술창작터 수다(기획사), 발달장애청년허브사부작사회적협동조합(제작사), 공연예술창작터 수다(제작사)",,,"['강우석', '김민준', '김수진', '김창배', '부용구', '여인찬', '오다준']","['김창배', '강우석', '김민준']",연극+기악,연극,0.6968119000331017,기악,0.08484152598477325,"{'연극': 0.6968119000331017, '기악': 0.08484152598477325, '대중가요': 0.009142254220456801, '뮤지컬': 0.05797749089705395, '발레': 0.04802631578947368, '성악': 0.02535998013902681, '오페라': 0.0043859649122807015, '재즈/월드뮤직': 0.0027826050976497846, '현대무용': 0.06536535915259847, '인형극': 0.0005896226415094339, '한국무용': 0.003537735849056604, '혼합': 0.0011792452830188679}"
"매간당, 그렇게 꿈속에서 죽었다: 3 Rooms",복합,다원/융복합,"유예진, 황재인, 김지연, 구민지, 임희종, 이수아","유예진, 박재식, 이선호 등","스튜디오 매간당(주최), 스튜디오 매간당(주관), 플레인비주얼샵(주관)",,,"['유예진', '황재인', '김지연', '구민지', '임희종', '이수아']","['유예진', '박재식', '이선호']",기악+혼합,기악,0.3191182588666866,혼합,0.2190063023396357,"{'기악': 0.3191182588666866, '성악': 0.07549349072329238, '연극': 0.1209895426296007, '혼합': 0.2190063023396357, '넌버벌 퍼포먼스': 0.0004748338081671415, '뮤지컬': 0.06536778600639269, '발레': 0.0004748338081671415, '악극': 0.003551756885090219, '오페라': 0.011368251881072397, '한국무용': 0.0004748338081671415, '현대무용': 0.0980149954508929, '재즈/월드뮤직': 0.008875739644970416, '연희': 0.04662004662004662, '스트리트/스포츠댄스': 0.0030769230769230774, '대중가요': 0.02709240445089502}"
도란도란 이야기 보따리 [전주],복합,다원/융복합,,,"문화체육관광부(주최), 한국국학진흥원 아름다운 이야기할머니(주관)",,,[],[],None,None,0.0,None,0.0,{}
EXHIBITION: EVENIF,복합,복합,"박준영, 민지선, 박성호",,"evenif ?????????(주최), evenif ?????????(주관)",,,"['박준영', '민지선', '박성호']",[],기악+연극,기악,0.2201426024955436,연극,0.1633089204061071,"{'기악': 0.2201426024955436, '대중가요': 0.12035573122529641, '뮤지컬': 0.07094474153297682, '서커스/마술': 0.01212121212121212, '성악': 0.09081608928156241, '스트리트/스포츠댄스': 0.00606060606060606, '연극': 0.1633089204061071, '현대무용': 0.023885918003565057, '혼합': 0.10451251646903818, '악극': 0.01176470588235294, '재즈/월드뮤직': 0.008695652173913042, '한국무용': 0.06739130434782607, '인형극': 0.07499999999999998, '창극': 0.024999999999999994}"
홍지민과 함께하는 판타스틱쇼 [하남],복합,복합,홍지민,,"(재)하남문화재단(주최), (재)하남문화재단(주관), (재)하남문화재단(기획사)",,,['홍지민'],[],뮤지컬+기악,뮤지컬,0.7500000000000001,기악,0.12500000000000003,"{'기악': 0.12500000000000003, '기타': 0.03846153846153847, '대중가요': 0.019230769230769235, '뮤지컬': 0.7500000000000001, '성악': 0.03846153846153847, '연극': 0.009615384615384618, '한국무용': 0.009615384615384618, '현대무용': 0.009615384615384618}"
"수림 공동기획 시리즈 넛지, 박선주: 도시 산조",복합,다원/융복합,"박선주, 김관지, 김희진, 김윤지 등","박선주, 이예지, 박혜림 등",(재)수림문화재단(기획사),,,"['박선주', '김관지', '김희진', '김윤지']","['박선주', '이예지', '박혜림']",연극+기악,연극,0.315658934263841,기악,0.30620287010303965,"{'기악': 0.30620287010303965, '넌버벌 퍼포먼스': 0.017582417582417582, '대중가요': 0.032886934714403265, '뮤지컬': 0.10456492371304704, '발레': 0.010714285714285714, '성악': 0.028115418315539726, '스트리트/스포츠댄스': 0.008791208791208791, '악극': 0.026373626373626374, '인형극': 0.004395604395604396, '한국무용': 0.03947569843092231, '현대무용': 0.043580793303951704, '혼합': 0.033116674691060825, '기타': 0.001148105625717566, '연극': 0.315658934263841, '오페라': 0.00859227436020888, '재즈/월드뮤직': 0.009184845005740528, '마임': 0.009615384615384616}"
"제64주년 2.28민주운동 헌정공연, 얼음 사이 핀 꽃",복합,복합,박정현 등,"황운기, 김인재","2.28민주운동기념사업회(주최), 2.28민주운동기념사업회(주관)",,,['박정현'],"['황운기', '김인재']",성악+연극,성악,0.3955942028985507,연극,0.3515527950310558,"{'기악': 0.07756521739130433, '기타': 0.0028985507246376808, '대중가요': 0.06376811594202897, '마당극': 0.0028985507246376808, '뮤지컬': 0.0629399585921325, '서커스/마술': 0.023188405797101446, '성악': 0.3955942028985507, '연극': 0.3515527950310558, '오페라': 0.01089855072463768, '재즈/월드뮤직': 0.0028985507246376808, '한국무용': 0.0057971014492753615}"
"장한나의 대전그랜드페스티벌, 첼로가야금 콘서트 [대전]",복합,복합,"김솔다니엘, 윤다영",,"대전예술의전당(주최), TJB 대전방송(주최)",,,"['김솔다니엘', '윤다영']",[],기악+연극,기악,0.4583333333333333,연극,0.3333333333333333,"{'기악': 0.4583333333333333, '발레': 0.041666666666666664, '재즈/월드뮤직': 0.041666666666666664, '혼합': 0.125, '연극': 0.3333333333333333}"
동행 [대구],복합,복합,최예나 등,,"(재)수성문화재단 수성아트피아(주최), (재)수성문화재단 수성아트피아(주관)",,,['최예나'],[],연극+대중가요,연극,0.5,대중가요,0.16666666666666666,"{'기악': 0.125, '대중가요': 0.16666666666666666, '뮤지컬': 0.041666666666666664, '성악': 0.020833333333333332, '연극': 0.5, '한국무용': 0.14583333333333334}"
"더 하우스 콘서트, 해금과 재즈피아노의 만남 [양산]",복합,복합,"천지윤, 허대욱",,"양산시시설관리공단(주최), 쌍벽루아트홀(주관), (재)예술경영지원센터(주최), 더하우스콘서트(주관)",,,"['천지윤', '허대욱']",[],연극+기악,연극,0.3666666666666667,기악,0.33809523809523806,"{'기악': 0.33809523809523806, '기타': 0.015873015873015872, '성악': 0.08095238095238096, '재즈/월드뮤직': 0.18253968253968256, '혼합': 0.015873015873015872, '연극': 0.3666666666666667}"
"제21회 유엔참전용사, 영웅을 위한 음악회",복합,복합,"데이비드 이, 정제희, 문양숙 등",,"국가보훈부(주최), (사)호국문화진흥위원회(주최)",,,"['데이비드 이', '정제희', '문양숙']",[],기악+오페라,기악,0.611111111111111,오페라,0.21111111111111108,"{'기악': 0.611111111111111, '성악': 0.04444444444444444, '오페라': 0.21111111111111108, '연희': 0.06666666666666667, '혼합': 0.06666666666666667}"
"제7회 동천정기음악회, Thank you for the music [대구]",복합,복합,,"최은지, 양지안, 김학만 등",대구동천초등학교(주최),,,[],"['최은지', '양지안', '김학만']",연극+기악,연극,0.3666666666666667,기악,0.30666666666666664,"{'기악': 0.30666666666666664, '연희': 0.013333333333333332, '현대무용': 0.26666666666666666, '혼합': 0.013333333333333332, '성악': 0.03333333333333333, '연극': 0.3666666666666667}"
환상덜미 [수원],복합,복합,"남기문, 유상호, 김정주, 전애현, 맹현영, 한상돈, 김필순 등","남기문, 김정주, 남기혁 등","꿈꾸는산대(주관), 수원특례시(주최), (재) 수원문화재단(수원SK아트리움)(주최)",,,"['남기문', '유상호', '김정주', '전애현', '맹현영', '한상돈', '김필순']","['남기문', '김정주', '남기혁']",연희+성악,연희,0.3042929292929293,성악,0.2689393939393939,"{'기악': 0.10606060606060605, '연희': 0.3042929292929293, '혼합': 0.0707070707070707, '성악': 0.2689393939393939, '연극': 0.045454545454545456, '오페라': 0.13636363636363635, '마당극': 0.06818181818181818}"
나다 뮤직페스티벌 (NADA Art & Music Festival),복합,복합,"권세진, 박찬흠, 박태현, 송주형, 유다혜, 최노아, 최명은 등",,"예술단체 세가지질문(주관), (주)에이치비기획(주최), 페스티벌 나다 (Festival NADA)(주관)",,,"['권세진', '박찬흠', '박태현', '송주형', '유다혜', '최노아', '최명은']",[],현대무용+스트리트/스포츠댄스,현대무용,0.32,스트리트/스포츠댄스,0.26666666666666666,"{'기악': 0.10666666666666666, '스트리트/스포츠댄스': 0.26666666666666666, '연극': 0.2444444444444444, '뮤지컬': 0.02222222222222222, '성악': 0.04, '현대무용': 0.32}"
무등의 산 [광주],복합,다원/융복합,,,"타악그룹 얼쑤(주최), 타악그룹 얼쑤(주관)",,,[],[],None,None,0.0,None,0.0,{}
세이브미프로젝트 (SavemeProject),복합,복합,"서정민, 조가민, 윤예담, 여의주 등","최희은, 장윤서, 서정민 등","세이브로젝트 (SaveProject)(주최), 세이브로젝트 (SaveProject)(주관), 뉴아트플랫폼(구.Y&N팩토리)(기획사)",,,"['서정민', '조가민', '윤예담', '여의주']","['최희은', '장윤서', '서정민']",기악+연극,기악,0.3698136645962733,연극,0.25999999999999995,"{'기악': 0.3698136645962733, '대중가요': 0.10869565217391301, '성악': 0.08695652173913042, '재즈/월드뮤직': 0.008695652173913042, '혼합': 0.008695652173913042, '뮤지컬': 0.12857142857142853, '오페라': 0.028571428571428564, '연극': 0.25999999999999995}"
"발레 & 스트릿, 비트 온 포인트",복합,복합,,,"(재)강북문화재단(주최), 강북구청(주관)",,,[],[],None,None,0.0,None,0.0,{}
"자선콘서트, 늦가을 이야기소리 [제주]",복합,복합,김미경 등,,"제주정도 라이온스클럽(주최), (주) 에스올레커뮤니케이션(주관)",,,['김미경'],[],연극+기악,연극,0.4785714285714284,기악,0.24999999999999994,"{'기악': 0.24999999999999994, '대중가요': 0.033333333333333326, '성악': 0.04999999999999999, '연극': 0.4785714285714284, '연희': 0.016666666666666663, '재즈/월드뮤직': 0.033333333333333326, '한국무용': 0.04999999999999999, '혼합': 0.016666666666666663, '뮤지컬': 0.035714285714285705, '악극': 0.035714285714285705}"
기원: 더 비기닝,복합,복합,"강태환, 김덕수, 최선배, 이선재, 송준영, 전승훈, 문도연 등",,"게토얼라이브(GhettoAlive)(주최), 게토얼라이브(GhettoAlive)(주관)",,,"['강태환', '김덕수', '최선배', '이선재', '송준영', '전승훈', '문도연']",[],혼합+재즈/월드뮤직,혼합,0.20985488867676805,재즈/월드뮤직,0.1734850002732191,"{'기악': 0.09743287302894597, '연극': 0.0843457617651166, '재즈/월드뮤직': 0.1734850002732191, '혼합': 0.20985488867676805, '성악': 0.05527738627317869, '연희': 0.07248157248157248, '한국무용': 0.13636363636363635, '대중가요': 0.05233966594415402, '창극': 0.002932551319648094, '현대무용': 0.03972908811618489, '뮤지컬': 0.07575757575757575}"
Show me the 장구 프로젝트 [함안],복합,복합,,,"문화체육관광부(주최), (재)전통공연예술진흥재단(주관), 풍물패청음(주관), (재)전통공연예술진흥재단(주관)",,,[],[],None,None,0.0,None,0.0,{}
재능 혜화 마티네: 한국의 소리와 서양의 소리의 만남,복합,복합,"강효주, 전태원, 박혜온, 윤재영, 공병우, 양귀비, 정이와 등",,"JEI 재능문화(주최), (재) 재능문화 (JEI 재능문화)(주최)",,,"['강효주', '전태원', '박혜온', '윤재영', '공병우', '양귀비', '정이와']",[],성악+기악,성악,0.4097430740588919,기악,0.37335207863633263,"{'기악': 0.37335207863633263, '성악': 0.4097430740588919, '연희': 0.02425770308123249, '한국무용': 0.012352941176470587, '현대무용': 0.005, '대중가요': 0.014705882352941176, '창극': 0.022058823529411766, '혼합': 0.028011204481792718, '오페라': 0.09489329268292683, '발레': 0.015625}"
발칙한 세여자의 세계음악여행,복합,복합,"진윤희, 하태선, 최이안 등",,부산예술대학교 산학협력단(주최),,,"['진윤희', '하태선', '최이안']",[],오페라+서커스/마술,오페라,0.3,서커스/마술,0.25,"{'기악': 0.05, '기타': 0.05, '성악': 0.1, '오페라': 0.3, '서커스/마술': 0.25, '뮤지컬': 0.25}"
세종메세나 콘서트,복합,복합,"박영주, 노수연, 정국철, 김화정, 박지혜, 김계영, 김민지 등","강동완, 이승기, 신소민 등","세종특별자치시청(주최), (재) 세종시문화관광재단(세종문화예술회관)(주관)",,,"['박영주', '노수연', '정국철', '김화정', '박지혜', '김계영', '김민지']","['강동완', '이승기', '신소민']",연극+기악,연극,0.2880216496368507,기악,0.23853975462503563,"{'기악': 0.23853975462503563, '뮤지컬': 0.1431876005988079, '연극': 0.2880216496368507, '성악': 0.0893772709214045, '한국무용': 0.025996733934274593, '악극': 0.013010446343779675, '오페라': 0.08052526443331039, '대중가요': 0.030572747814127117, '스트리트/스포츠댄스': 0.004358646887382519, '연희': 0.01711787573856539, '재즈/월드뮤직': 0.005494973311065264, '현대무용': 0.0039820545567672, '기타': 0.0020211793796699453, '혼합': 0.003160780519271085, '넌버벌 퍼포먼스': 0.00018993352326685656, '발레': 0.0544430877764211}"
"당진시 인구 17만 달성 기념 축하 공연, 17 to 20",복합,복합,,"김성태, 이범석, 이용석 등","세한대학교 당진캠퍼스(주최), 세한대학교 전통연희학과(주관)",,,[],"['김성태', '이범석', '이용석']",연극+뮤지컬,연극,0.3761724386724387,뮤지컬,0.1979472140762463,"{'발레': 0.007936507936507936, '성악': 0.007936507936507936, '연극': 0.3761724386724387, '기악': 0.19257086999022485, '뮤지컬': 0.1979472140762463, '연희': 0.015151515151515152, '넌버벌 퍼포먼스': 0.047043010752688165, '대중가요': 0.005376344086021505, '재즈/월드뮤직': 0.12903225806451613, '한국무용': 0.020833333333333332}"
스피리또 앙상블과 함께하는 베토벤 Ⅹ 클림트: 운명의 키스,복합,다원/융복합,"김바울, 심근수, 김세환, 김정훈, 최보훈, 박병준, 오승규 등",,"(재)예술경영지원센터(주최), 남양주시청(주관), 스피리또(주관)",,,"['김바울', '심근수', '김세환', '김정훈', '최보훈', '박병준', '오승규']",[],기악+연극,기악,0.38717485945427116,연극,0.20342948717948714,"{'기악': 0.38717485945427116, '기타': 0.025282051282051278, '뮤지컬': 0.12966433566433563, '성악': 0.08323104346633757, '오페라': 0.006545454545454544, '재즈/월드뮤직': 0.03022980940627999, '대중가요': 0.057283868092691606, '연극': 0.20342948717948714, '마당극': 0.007159090909090908, '스트리트/스포츠댄스': 0.0009090909090909089, '현대무용': 0.06818181818181816, '혼합': 0.0009090909090909089}"
"송주원, 바스락 Rustling",복합,다원/융복합,송주원,"송주원, 김보경, 김지연 등",일일댄스 (11DANCE)(주최),,,['송주원'],"['송주원', '김보경', '김지연']",현대무용+연극,현대무용,0.2736823361823362,연극,0.18227682811016147,"{'연희': 0.08333333333333334, '현대무용': 0.2736823361823362, '혼합': 0.08796296296296298, '한국무용': 0.08487654320987656, '기악': 0.10769400352733687, '대중가요': 0.01355820105820106, '뮤지컬': 0.07222561389228056, '발레': 0.003858024691358025, '성악': 0.028133903133903137, '스트리트/스포츠댄스': 0.009700176366843035, '악극': 0.002314814814814815, '연극': 0.18227682811016147, '오페라': 0.014245014245014247, '인형극': 0.020171957671957674, '재즈/월드뮤직': 0.01519468186134853, '넌버벌 퍼포먼스': 0.000771604938271605}"
Struggle,복합,복합,"한지원, 성주현, 강민지, 황서영, 김수지 등","김주빈, 허성임, 류백희 등","코리아댄스어브로드(주최), 코리아댄스어브로드(주관)",,,"['한지원', '성주현', '강민지', '황서영', '김수지']","['김주빈', '허성임', '류백희']",현대무용+연극,현대무용,0.2688808856876084,연극,0.22115560509918256,"{'기악': 0.12973760932944606, '성악': 0.017832847424684158, '연극': 0.22115560509918256, '재즈/월드뮤직': 0.0071428571428571435, '한국무용': 0.16763038548752834, '현대무용': 0.2688808856876084, '뮤지컬': 0.09101735932468225, '서커스/마술': 0.030612244897959183, '오페라': 0.01020408163265306, '넌버벌 퍼포먼스': 0.0022675736961451248, '발레': 0.03074563158596772, '연희': 0.0022675736961451248, '기타': 0.0014577259475218659, '혼합': 0.019047619047619046}"
비르투오소 인 클래식 [의정부],복합,복합,"조현우, 정석준, 이부영, 김정태, 김진현, 이미정, 유정우 등","김주원, 김동곤","뷰티풀데이(주최), 뷰티풀데이(주관)",,,"['조현우', '정석준', '이부영', '김정태', '김진현', '이미정', '유정우']","['김주원', '김동곤']",기악+연극,기악,0.31535361341422063,연극,0.3000960460240847,"{'기악': 0.31535361341422063, '기타': 0.014805188960520245, '대중가요': 0.017900338655055636, '뮤지컬': 0.04657919299428734, '성악': 0.08224369530442885, '악극': 0.04879010716746566, '연극': 0.3000960460240847, '현대무용': 0.0020330554336697383, '재즈/월드뮤직': 0.025336597307221542, '혼합': 0.03488372093023256, '오페라': 0.014691622103386811, '한국무용': 0.016666666666666666, '발레': 0.07829457364341084, '연희': 0.0007751937984496124, '창극': 0.0015503875968992248}"
발레와 스트리트 댄스의 짜릿한 만남! 비트 온 포인트 [예천],복합,복합,,,"예천군청(주최), (재)예천문화관광재단(주관)",,,[],[],None,None,0.0,None,0.0,{}
모나드 서울: 무수히 펼쳐지는 각,복합,복합,"정은혜, 송지윤, 이금희, 해미 클레멘세비츠",,중력장(주최),,,"['정은혜', '송지윤', '이금희', '해미 클레멘세비츠']",[],성악+혼합,성악,0.21065699006875474,혼합,0.20129233511586453,"{'기악': 0.19373567608861725, '뮤지컬': 0.10108225108225107, '성악': 0.21065699006875474, '연극': 0.12900432900432898, '재즈/월드뮤직': 0.08926661573720396, '한국무용': 0.0290934555640438, '혼합': 0.20129233511586453, '발레': 0.010154061624649859, '인형극': 0.017857142857142856, '창극': 0.011904761904761902, '현대무용': 0.005952380952380951}"
하슬라 사계 [강릉],복합,다원/융복합,"홍유지, 정하선, 송정석, 김민정, 김소리, 이현승, 김다함 등","김화옥, 정하선, 홍유지 등","문화체육관광부(주최), 강원특별자치도청(주최), 강릉아트센터(주최), 강릉아트센터(주관), 한소리전통예술단(제작사)",,,"['홍유지', '정하선', '송정석', '김민정', '김소리', '이현승', '김다함']","['김화옥', '정하선', '홍유지']",기악+뮤지컬,기악,0.3099852879361076,뮤지컬,0.26440100882723827,"{'기악': 0.3099852879361076, '뮤지컬': 0.26440100882723827, '혼합': 0.12351057867451305, '기타': 0.0005464480874316939, '넌버벌 퍼포먼스': 0.007597730138713743, '대중가요': 0.010528233151183968, '마임': 0.0008196721311475408, '발레': 0.002732240437158469, '성악': 0.039025500910746795, '악극': 0.015657839428331228, '연극': 0.19449138293400584, '연희': 0.00027322404371584694, '오페라': 0.009058427910886926, '인형극': 0.0031105506515342577, '재즈/월드뮤직': 0.013606557377049178, '한국무용': 0.0022803699033207224, '현대무용': 0.0010928961748633878, '창극': 0.0012820512820512818}"
설탕요정이 읽어주는 호두까기 인형,복합,복합,"강혜진, 오은철 등","오은철, 김용걸, 김자은 등","(주)아트앤아티스트(주최), (주)아트앤아티스트(주관)",,,"['강혜진', '오은철']","['오은철', '김용걸', '김자은']",기악+발레,기악,0.4001046572475144,발레,0.16679748822605966,"{'기악': 0.4001046572475144, '성악': 0.16020408163265307, '연극': 0.07142857142857142, '대중가요': 0.05442176870748299, '오페라': 0.023809523809523808, '재즈/월드뮤직': 0.04081632653061224, '발레': 0.16679748822605966, '한국무용': 0.00510204081632653, '현대무용': 0.0773155416012559}"
"10년을 날다, 나비",복합,복합,"김준성, 박상욱, 정원종","박정환, 박지호, 유서형 등",,,,"['김준성', '박상욱', '정원종']","['박정환', '박지호', '유서형']",연극+기악,연극,0.3260985293593989,기악,0.161280400954314,"{'기악': 0.161280400954314, '연극': 0.3260985293593989, '오페라': 0.1243291092475875, '넌버벌 퍼포먼스': 0.10227272727272728, '성악': 0.07306633461524767, '뮤지컬': 0.09293478260869564, '한국무용': 0.078125, '혼합': 0.015625, '기타': 0.005208333333333333, '재즈/월드뮤직': 0.015625, '대중가요': 0.005434782608695652}"
달서구어르신 예능경연대회,복합,복합,,,"(재)달서문화재단 (웃는얼굴아트센터, 달서아트센터)(주최)",,,[],[],None,None,0.0,None,0.0,{}
1＋1 THE ONE: 필연적조우,복합,복합,"홍석현, 이호찬, 김우연, 차성은, 이평은","안희경, 홍성현, 장성학 등","홍성현아트컴퍼니(주최), 홍성현아트컴퍼니(주관)",,,"['홍석현', '이호찬', '김우연', '차성은', '이평은']","['안희경', '홍성현', '장성학']",혼합+연극,혼합,0.359375,연극,0.2875,"{'뮤지컬': 0.025, '연극': 0.2875, '기악': 0.2519193585077343, '발레': 0.0007961783439490446, '성악': 0.009933272672126174, '재즈/월드뮤직': 0.018601190476190476, '혼합': 0.359375, '대중가요': 0.046875}"
고3 수험생을 위한 힐링 콘서트 [구리],복합,복합,,,"(재)구리문화재단(구리아트홀)(주최), (재)구리문화재단(구리아트홀)(주관)",,,[],[],None,None,0.0,None,0.0,{}
얼씨구! 브라보! 좋다! [세종],복합,복합,"권순찬, 지유진 등",,,,,"['권순찬', '지유진']",[],성악+기악,성악,0.29032258064516137,기악,0.2795698924731183,"{'기악': 0.2795698924731183, '성악': 0.29032258064516137, '오페라': 0.06451612903225808, '한국무용': 0.01612903225806452, '현대무용': 0.01612903225806452, '악극': 0.05555555555555556, '혼합': 0.27777777777777785}"
"재즈앳에무, Black Forest",복합,복합,"황진아, 현석현 등",,복합문화공간 에무(주최),,,"['황진아', '현석현']",[],한국무용+기악,한국무용,0.5535714285714286,기악,0.14285714285714285,"{'기악': 0.14285714285714285, '기타': 0.017857142857142856, '성악': 0.10714285714285714, '연희': 0.03571428571428571, '오페라': 0.017857142857142856, '한국무용': 0.5535714285714286, '현대무용': 0.03571428571428571, '혼합': 0.08928571428571429}"
모던 아트 콜렉션 /혼,복합,다원/융복합,"이호준, 정주리, 최영진, 고영철","임재현, 권성화 등","경상북도(주최), 베아토예술인협회(주관), 베아토 예술인 협회(BEATO Artist Association)(주관)",,,"['이호준', '정주리', '최영진', '고영철']","['임재현', '권성화']",기악+오페라,기악,0.37500000000000006,오페라,0.2803571428571429,"{'기악': 0.37500000000000006, '뮤지컬': 0.010317460317460319, '성악': 0.03955026455026456, '연극': 0.1048941798941799, '오페라': 0.2803571428571429, '한국무용': 0.02321428571428572, '혼합': 0.07996031746031747, '기타': 0.007870370370370371, '재즈/월드뮤직': 0.009523809523809525, '창극': 0.01904761904761905, '대중가요': 0.00462962962962963, '발레': 0.04166666666666667, '연희': 0.003968253968253969}"
"함께하는 사랑밭 감사콘서트: 사랑의 시간, 온기를 더하다",복합,복합,"백지영, 변진섭, 장상인, 강수경, 임수연, 김원종, 권영훈 등",,"(사)함께하는 사랑밭(주최), (사)함께하는 사랑밭(주관), 루나비스타(주관)",,,"['백지영', '변진섭', '장상인', '강수경', '임수연', '김원종', '권영훈']",[],연극+기악,연극,0.3111111111111111,기악,0.2642251461988304,"{'기악': 0.2642251461988304, '기타': 0.0027777777777777775, '대중가요': 0.1796783625730994, '성악': 0.21124269005847954, '연극': 0.3111111111111111, '연희': 0.011315789473684211, '재즈/월드뮤직': 0.011315789473684211, '오페라': 0.008333333333333333}"
"보트피플ver.2, 바다의 아우슈비츠",복합,복합,,"김성원, 정호재, 남희경 등","트래덜반(제작사), (재)행복북구문화재단(주최), 트래덜반(주관), (재)행복북구문화재단(어울아트센터)(주최)",,,[],"['김성원', '정호재', '남희경']",현대무용+연극,현대무용,0.48,연극,0.2533333333333333,"{'기악': 0.11111111111111112, '연극': 0.2533333333333333, '재즈/월드뮤직': 0.02222222222222222, '현대무용': 0.48, '넌버벌 퍼포먼스': 0.03333333333333333, '마임': 0.06666666666666667, '성악': 0.03333333333333333}"
프렉티스: 사운드 엔텔레키 Vol.3,복합,다원/융복합,"에마 포흐그, 조엘 라부아, 필리프 반달, 고휘 등",,"Laaf (라프)(주최), PRECTXE(프렉티스)(주관)",,,"['에마 포흐그', '조엘 라부아', '필리프 반달', '고휘']",[],None,None,0.0,None,0.0,{}
"ceiling service vol.4, Night on Earth",복합,다원/융복합,,,퍼밋(PERMIT)(주최),,,[],[],None,None,0.0,None,0.0,{}
"서른여덟번째 스윙-바이, 윤연준: 틈",복합,복합,"피정훈, 장석진, 이길재, 김지혜, 윤연준",,중력장(주최),,,"['피정훈', '장석진', '이길재', '김지혜', '윤연준']",[],기악+뮤지컬,기악,0.6443839397461113,뮤지컬,0.14379084967320263,"{'뮤지컬': 0.14379084967320263, '기악': 0.6443839397461113, '한국무용': 0.0191015679321374, '대중가요': 0.004293561396189682, '성악': 0.025842024753163682, '오페라': 0.008476567932137396, '재즈/월드뮤직': 0.009293561396189682, '악극': 0.002450980392156863, '연극': 0.10552287581699347, '연희': 0.0016339869281045754, '인형극': 0.003267973856209151, '현대무용': 0.002450980392156863, '혼합': 0.029491129785247434}"
"앙상블 위로 기획공연, 모던 남사당",복합,복합,"정한결, 박범태, 우미현, 김신, 양영광 등",,"위로앙상블(wiroensemble)(주최), 위로앙상블(wiroensemble)(주관), 현대문화기획(주관)",,,"['정한결', '박범태', '우미현', '김신', '양영광']",[],기악+성악,기악,0.5702380952380952,성악,0.23670634920634923,"{'기악': 0.5702380952380952, '성악': 0.23670634920634923, '오페라': 0.002777777777777778, '대중가요': 0.029166666666666667, '연희': 0.09722222222222222, '혼합': 0.013888888888888888, '한국무용': 0.027777777777777776, '기타': 0.022222222222222223}"
광주상설공연 (12월),복합,복합,,,"광주광역시(주최), 광주예술의전당 (구. 광주문화예술회관)(주관)",,,[],[],None,None,0.0,None,0.0,{}
"제60회 예술공감, 앙상블 이도: 새롭게 만난 희로애락의 소리",복합,복합,"최삼중, 장서연, 이예빈, 김병재, 김주원, 유시은, 김동희 등",,"을숙도문화회관(주최), 을숙도문화회관(주관)",,,"['최삼중', '장서연', '이예빈', '김병재', '김주원', '유시은', '김동희']",[],연극+기악,연극,0.3818393234672305,기악,0.27322762508809023,"{'기악': 0.27322762508809023, '성악': 0.12185553206483442, '오페라': 0.04133333333333334, '연극': 0.3818393234672305, '대중가요': 0.018545454545454552, '뮤지컬': 0.04581818181818183, '기타': 0.0051627906976744195, '발레': 0.05744186046511629, '연희': 0.026162790697674427, '재즈/월드뮤직': 0.0011627906976744188, '창극': 0.0023255813953488376, '현대무용': 0.0011627906976744188, '혼합': 0.0023255813953488376, '악극': 0.008000000000000002, '넌버벌 퍼포먼스': 0.013636363636363637}"
기업인을 위한 서경 송년음악회,복합,복합,"류성규, 김재민, 정하은, 민영기, 신예영, 이은미 등",,"(주)서울경제신문(주최), SEN(서울경제TV)(주관)",,,"['류성규', '김재민', '정하은', '민영기', '신예영', '이은미']",[],기악+연극,기악,0.293827160493827,연극,0.23912824389014853,"{'기악': 0.293827160493827, '기타': 0.04144620811287476, '성악': 0.1639329805996472, '뮤지컬': 0.13320735701688077, '발레': 0.017724867724867716, '악극': 0.005555555555555554, '연극': 0.23912824389014853, '연희': 0.001851851851851851, '오페라': 0.034391534391534376, '한국무용': 0.001851851851851851, '현대무용': 0.0030864197530864183, '대중가요': 0.06152683295540436, '재즈/월드뮤직': 0.002469135802469135}"
La trace: TRACES DE REVES,복합,다원/융복합,"송지윤, 주정현, 진유영, 한지수, 윤제호, 한재석","송지윤, 한지윤, 이인보 등",모아모아 프로덕션(moamoa production)(주관),,,"['송지윤', '주정현', '진유영', '한지수', '윤제호', '한재석']","['송지윤', '한지윤', '이인보']",기악+혼합,기악,0.3541666666666668,혼합,0.22142857142857153,"{'기악': 0.3541666666666668, '뮤지컬': 0.052380952380952396, '연극': 0.026190476190476198, '재즈/월드뮤직': 0.13571428571428573, '혼합': 0.22142857142857153, '기타': 0.01428571428571429, '현대무용': 0.08571428571428573, '대중가요': 0.029761904761904767, '악극': 0.0023809523809523816, '오페라': 0.0023809523809523816, '연희': 0.052380952380952396, '성악': 0.008928571428571432, '한국무용': 0.01428571428571429}"
"그, 그, 그: 그림자 그리고 그대",복합,다원/융복합,"김동옥, 김동환, 양승주, 배세연, 최정주",양승주 등,"다도스튜디오(주최), 다도스튜디오(주관)",,,"['김동옥', '김동환', '양승주', '배세연', '최정주']",['양승주'],연극+현대무용,연극,0.5322649572649575,현대무용,0.10277777777777782,"{'악극': 0.04166666666666668, '연극': 0.5322649572649575, '기악': 0.06794871794871797, '넌버벌 퍼포먼스': 0.0055555555555555575, '뮤지컬': 0.02222222222222223, '성악': 0.01837606837606838, '연희': 0.0388888888888889, '한국무용': 0.0055555555555555575, '현대무용': 0.10277777777777782, '혼합': 0.0055555555555555575, '발레': 0.09259259259259263, '인형극': 0.018518518518518524, '재즈/월드뮤직': 0.006410256410256413, '오페라': 0.04166666666666668}"
작은겨울아동극축제 [춘천],복합,복합,"최형석, 김지숙, 임나경, 김록헌, 신영우, 신정아, 김성각 등","김병호, 서빈, 이용규 등","여우컴퍼니(주최), 여우컴퍼니(주관), 극단 즐거운사람들(제작사), 꿈동이인형극단(제작사), 북(BooK)극곰 예술여행(제작사), 문화예술교육 더베프(제작사)",,,"['최형석', '김지숙', '임나경', '김록헌', '신영우', '신정아', '김성각']","['김병호', '서빈', '이용규']",연극+뮤지컬,연극,0.5410119047619049,뮤지컬,0.1357142857142857,"{'기악': 0.06041666666666667, '대중가요': 0.07222222222222222, '뮤지컬': 0.1357142857142857, '연극': 0.5410119047619049, '재즈/월드뮤직': 0.005555555555555555, '혼합': 0.006944444444444444, '성악': 0.0125, '오페라': 0.00625, '창극': 0.0020833333333333333, '악극': 0.022023809523809522, '인형극': 0.11861111111111113, '한국무용': 0.016666666666666666}"
성남아트센터 후원회 송년음악회,복합,복합,,,(재)성남문화재단(주최),,,[],[],None,None,0.0,None,0.0,{}
"렉처콘서트, 차인표의 여행스케치 [태백]",복합,복합,"차인표, 남준봉, 조병석",,"태백시청(주최), 태백시청(주최)",,,"['차인표', '남준봉', '조병석']",[],대중가요+기악,대중가요,0.6274509803921569,기악,0.3333333333333333,"{'기악': 0.3333333333333333, '대중가요': 0.6274509803921569, '재즈/월드뮤직': 0.0392156862745098}"
"Anime X Game Festival, 레드 스테이지",복합,복합,"우에사카 스미레, 아카네 리제, 아라하시 타비, 아오쿠모 린, 타나카 미나미, 아카바네 켄지, 카노 요시키 등",,"대원미디어(주)(주최), Sony Music Ent. (소니뮤직엔터테인먼트)(주최), (주) 애니플러스(ANIPLUS)(주최), (주) 디앤씨미디어(D&C media)(주최), AGF 조직위원회(Anime X Game Festival)(주최), 대원콘텐츠라이브(대원미디어(주) )(주최)",,,"['우에사카 스미레', '아카네 리제', '아라하시 타비', '아오쿠모 린', '타나카 미나미', '아카바네 켄지', '카노 요시키']",[],None,None,0.0,None,0.0,{}
에코백 [천안],복합,복합,,,천안어린이꿈누리터(주최),,,[],[],None,None,0.0,None,0.0,{}
스테이지 만남동 [경기 광주],복합,복합,,,"(재)광주시문화재단 [경기광주](주최), (재)광주시문화재단 [경기광주](주관)",,,[],[],None,None,0.0,None,0.0,{}
음악과 글쓰기 콘서트: 사이·회상,복합,복합,"강태훈, 고수연, 강서연, 최휘선, 함동우, 심정은, 강찬욱","김상욱, 박진형, 이인보 등",,,,"['강태훈', '고수연', '강서연', '최휘선', '함동우', '심정은', '강찬욱']","['김상욱', '박진형', '이인보']",기악+한국무용,기악,0.65117460641828,한국무용,0.07916666666666666,"{'기악': 0.65117460641828, '연희': 0.06574074074074074, '성악': 0.021785394265232974, '혼합': 0.05165828544061302, '대중가요': 0.020359848484848484, '뮤지컬': 0.010686063218390806, '발레': 0.010416666666666666, '재즈/월드뮤직': 0.021372126436781613, '현대무용': 0.010416666666666666, '연극': 0.05453476295210166, '스트리트/스포츠댄스': 0.0026881720430107525, '한국무용': 0.07916666666666666}"
"지후 X 지후트리: 마음의, 그림",복합,복합,"김지후, 박지후",,,,,"['김지후', '박지후']",[],연극+기악,연극,0.425,기악,0.39166666666666666,"{'기악': 0.39166666666666666, '뮤지컬': 0.10833333333333334, '연극': 0.425, '연희': 0.03333333333333333, '악극': 0.041666666666666664}"
"Adieu 중구, 힐링의 밤",복합,복합,"박상우, 김연자, 남상일, 윤은화, 고호정 등",,(재)인천중구문화재단(주관),,,"['박상우', '김연자', '남상일', '윤은화', '고호정']",[],기악+혼합,기악,0.24602334588138053,혼합,0.20019238351198992,"{'기악': 0.24602334588138053, '뮤지컬': 0.1675746569814367, '성악': 0.0742296918767507, '연희': 0.02777777777777778, '창극': 0.011243386243386244, '현대무용': 0.005952380952380953, '혼합': 0.20019238351198992, '연극': 0.0028248587570621473, '기타': 0.01774042950513539, '대중가요': 0.19488254238893626, '한국무용': 0.002645502645502646, '재즈/월드뮤직': 0.035024154589371984, '악극': 0.01388888888888889}"
시흥시 송년음악회,복합,복합,"신주용, 최정원, 김남희, 성주호, 이지민, 김경민 등",,"(사) 한국예총 시흥지회(주최), (사) 한국예총 시흥지회(주관)",,,"['신주용', '최정원', '김남희', '성주호', '이지민', '김경민']",[],연극+기악,연극,0.38105815741024446,기악,0.22668848191534216,"{'기악': 0.22668848191534216, '오페라': 0.05, '기타': 0.007697666318355974, '대중가요': 0.013765605235659681, '뮤지컬': 0.10988725732827365, '성악': 0.05661112027718198, '연극': 0.38105815741024446, '현대무용': 0.11446940234599035, '혼합': 0.002259436469962786, '재즈/월드뮤직': 0.013883847549909257, '한국무용': 0.002601330913490623, '넌버벌 퍼포먼스': 0.007393483709273183, '마당극': 0.0008771929824561403, '스트리트/스포츠댄스': 0.003508771929824561, '악극': 0.0008771929824561403, '인형극': 0.0008771929824561403, '창극': 0.0008771929824561403, '연희': 0.006666666666666666}"
하모니 오브 라이트 [인천],복합,다원/융복합,"박이슬, 전홍진, 이영준, 김진수, 김형호, 김완혁, 최현재 등","남대원, 김영섭, 구슬기 등","인천광역시(주최), 인천광역시 남동구청(주최), 인천문화예술회관(주관), 남동문화재단(주관)",,,"['박이슬', '전홍진', '이영준', '김진수', '김형호', '김완혁', '최현재']","['남대원', '김영섭', '구슬기']",기악+연극,기악,0.22408008658008657,연극,0.2215909090909091,"{'기악': 0.22408008658008657, '서커스/마술': 0.2, '성악': 0.05822510822510822, '연극': 0.2215909090909091, '뮤지컬': 0.1895021645021645, '대중가요': 0.005681818181818182, '연희': 0.032196969696969696, '재즈/월드뮤직': 0.017045454545454544, '현대무용': 0.051677489177489176}"
공상페스티벌: 함께 꿈을 꾸다,복합,복합,,,"충청남도(주최), (재)충남문화관광재단(주관)",,,[],[],None,None,0.0,None,0.0,{}
고양시 자원봉사자의날 기념행사,복합,복합,"안현성, 홍은서, 신가비, 허주영, 이혜원, 이미경, 김희석 등",임미경,(사) 고양시자원봉사센터(주최),,,"['안현성', '홍은서', '신가비', '허주영', '이혜원', '이미경', '김희석']",['임미경'],기악+성악,기악,0.33150537634408606,성악,0.21301075268817202,"{'기악': 0.33150537634408606, '성악': 0.21301075268817202, '대중가요': 0.06989247311827956, '연극': 0.19899090157154672, '재즈/월드뮤직': 0.00967741935483871, '뮤지컬': 0.10391025641025639, '악극': 0.010512820512820513, '오페라': 0.006666666666666666, '혼합': 0.05333333333333333, '현대무용': 0.0025}"
"천안교육지원청, 쓰담쓰담 콘서트 [천안]",복합,복합,"이윤주, 이지영 등",,(재)천안문화재단(천안예술전당)(주최),,,"['이윤주', '이지영']",[],연극+기악,연극,0.3763582966226138,기악,0.2172132484907815,"{'기악': 0.2172132484907815, '뮤지컬': 0.13326806983194647, '발레': 0.07177353565018764, '성악': 0.09520313264806657, '연극': 0.3763582966226138, '현대무용': 0.022923804862130855, '혼합': 0.018518518518518517, '기타': 0.0014684287812041117, '넌버벌 퍼포먼스': 0.0029368575624082235, '대중가요': 0.010279001468428781, '오페라': 0.016217980094632076, '재즈/월드뮤직': 0.023494860499265788, '한국무용': 0.010344264969815631}"
송파 송년음악회,복합,복합,"신동일, 남경주, 정영주 등",,"송파구(주최), 송파문화재단(주관)",,,"['신동일', '남경주', '정영주']",[],뮤지컬+기악,뮤지컬,0.5593567251461988,기악,0.19243961352657005,"{'기악': 0.19243961352657005, '기타': 0.025713196033562168, '성악': 0.03493516399694889, '연극': 0.06332528180354266, '뮤지컬': 0.5593567251461988, '악극': 0.029629629629629627, '오페라': 0.02222222222222222, '한국무용': 0.010916179337231968, '현대무용': 0.014814814814814814, '혼합': 0.03313840155945419, '대중가요': 0.013508771929824562}"
이금희와 함께하는 공감 토크콘서트 [김제],복합,복합,이금희 등,,"김제시(김제시청)(주최), 김제시(김제시청)(주관)",,,['이금희'],[],성악+기악,성악,0.5441176470588236,기악,0.32352941176470595,"{'기악': 0.32352941176470595, '발레': 0.014705882352941178, '성악': 0.5441176470588236, '재즈/월드뮤직': 0.014705882352941178, '한국무용': 0.014705882352941178, '혼합': 0.08823529411764708}"
"부산시립예술단 연합공연, 가마釜 뫼山",복합,복합,"최수정, 장서윤, 한아름, 안세범 등","이청산, 조원행, 김지용 등","(재)부산문화회관(주최), 부산시립예술단(주관), 부산시립예술단(제작사), 부산광역시립예술단(주관), 부산광역시립예술단(제작사), 부산시립예술단(주관), 부산시립예술단(제작사)",,,"['최수정', '장서윤', '한아름', '안세범']","['이청산', '조원행', '김지용']",기악+뮤지컬,기악,0.296003996003996,뮤지컬,0.21349378590757898,"{'기악': 0.296003996003996, '뮤지컬': 0.21349378590757898, '성악': 0.14358620306896167, '오페라': 0.04853479853479853, '혼합': 0.04148035872173803, '마당극': 0.01923076923076923, '연극': 0.16758815896746931, '연희': 0.0032051282051282046, '창극': 0.05393457117595047, '대중가요': 0.00809190809190809, '한국무용': 0.0037514209928003026, '현대무용': 0.0010989010989010987}"
경북대학교 신년음악회 [대구],복합,복합,"최정원, 조정현, 황원구 등",,경북대학교(주최),,,"['최정원', '조정현', '황원구']",[],성악+기악,성악,0.2659673659673659,기악,0.17113442113442112,"{'기악': 0.17113442113442112, '기타': 0.00505050505050505, '대중가요': 0.02226107226107226, '뮤지컬': 0.12575757575757576, '성악': 0.2659673659673659, '연극': 0.06767676767676767, '현대무용': 0.1424242424242424, '혼합': 0.00101010101010101, '연희': 0.0038461538461538464, '오페라': 0.13205128205128208, '재즈/월드뮤직': 0.046153846153846156, '마임': 0.016666666666666666}"
광주상설공연 (1월),복합,복합,,,광주예술의전당 (구. 광주문화예술회관)(주최),,,[],[],None,None,0.0,None,0.0,{}
꿈의 오케스트라 강릉: 소망과 꿈을 모아서,복합,복합,,,"한국문화예술교육진흥원(주관), 강릉문화원(주관), 강릉아트센터(주관), 문화체육관광부(주최), 강릉시청(주최)",,,[],[],None,None,0.0,None,0.0,{}
글로벌 인플루언서 엑스포 [고양],복합,복합,"고순호, 김동희, 원보라, 강욱, 김솔, 이석하, 권순혁 등",,"(사) 대한인플루언서협회(주최), 크리에이터링(주)(주최), GIE 조직위원회(주관)",,,"['고순호', '김동희', '원보라', '강욱', '김솔', '이석하', '권순혁']",[],기악+연극,기악,0.3056426332288401,연극,0.28319749216300943,"{'기악': 0.3056426332288401, '넌버벌 퍼포먼스': 0.02727272727272727, '대중가요': 0.00909090909090909, '뮤지컬': 0.14501567398119125, '성악': 0.20909090909090908, '연극': 0.28319749216300943, '서커스/마술': 0.013793103448275862, '재즈/월드뮤직': 0.006896551724137931}"
콜드 블러드 [성남],복합,다원/융복합,,,(재)성남문화재단(주최),,,[],[],None,None,0.0,None,0.0,{}
세종국악심포니오케스트라 & 김경호의 아리랑목동 [무안],복합,복합,"김경호, 박상우, 신문희, 윤하정, 정초롱, 고호정 등",,"(재)예술경영지원센터(주최), 무안군청(주관), 세종국악심포니오케스트라(세종국악관현악단)(주관)",,,"['김경호', '박상우', '신문희', '윤하정', '정초롱', '고호정']",[],혼합+뮤지컬,혼합,0.3692439252971941,뮤지컬,0.14892642556080812,"{'기악': 0.13558893353082216, '대중가요': 0.10824175824175823, '성악': 0.12381824524681666, '악극': 0.014102564102564103, '연극': 0.017805922890668655, '오페라': 0.014082214082214082, '재즈/월드뮤직': 0.028205128205128206, '혼합': 0.3692439252971941, '뮤지컬': 0.14892642556080812, '연희': 0.029780801209372636, '창극': 0.00510204081632653, '현대무용': 0.00510204081632653}"
와따가따 가족극장 겨울축제 [서울 노원],복합,복합,"김정규, 박혜선, 하택후, 이동준 등",,"(재)노원문화재단(주최), (재)노원문화재단(주관), (재)노원문화재단(노원문화예술회관)(주관), (재)노원문화재단(노원문화예술회관)(주최)",,,"['김정규', '박혜선', '하택후', '이동준']",[],연극+기악,연극,0.33303779161164565,기악,0.31381500345846697,"{'기악': 0.31381500345846697, '성악': 0.07523894862604541, '연극': 0.33303779161164565, '오페라': 0.12888291517323777, '기타': 0.013986354775828463, '대중가요': 0.03796296296296297, '뮤지컬': 0.02149122807017544, '악극': 0.008333333333333335, '연희': 0.005555555555555557, '재즈/월드뮤직': 0.008333333333333335, '한국무용': 0.03362573099415205, '현대무용': 0.006578947368421054, '혼합': 0.013157894736842108}"
브라소닛 빅밴드 & 앰비규어스댄스컴퍼니: Body & Voice [서산],복합,다원/융복합,최재문 등,"천인우, 박진원, 김보람 등","서산시청(주최), 서산시문화회관(주관), (주)온아트(제작사)",,,['최재문'],"['천인우', '박진원', '김보람']",대중가요+기악,대중가요,0.30479242979242965,기악,0.18206043956043952,"{'기악': 0.18206043956043952, '대중가요': 0.30479242979242965, '성악': 0.10833943833943831, '연극': 0.17611111111111105, '뮤지컬': 0.08876068376068373, '기타': 0.001602564102564102, '연희': 0.001602564102564102, '오페라': 0.001602564102564102, '창극': 0.004807692307692306, '한국무용': 0.004935897435897434, '현대무용': 0.11538461538461535, '발레': 0.0033333333333333322, '혼합': 0.0066666666666666645}"
도란도란 이야기 보따리 [서울],복합,다원/융복합,"송경화, 이숙자, 이영숙, 장송숙, 최홍숙, 허희자, 이심결 등","박성찬, 배미진, 양은숙 등","문화체육관광부(주최), 한국국학진흥원 아름다운 이야기할머니(주관)",,,"['송경화', '이숙자', '이영숙', '장송숙', '최홍숙', '허희자', '이심결']","['박성찬', '배미진', '양은숙']",연극+성악,연극,0.4465155945419103,성악,0.19444444444444442,"{'성악': 0.19444444444444442, '한국무용': 0.11111111111111109, '마임': 0.006944444444444443, '연극': 0.4465155945419103, '오페라': 0.006944444444444443, '창극': 0.006944444444444443, '기악': 0.16666666666666663, '인형극': 0.02339181286549707, '악극': 0.03703703703703703}"
"김주원의 사색여정 with 반도네오니스트 고상지, 축제",복합,복합,"김주원, 고상지",,"(재)광명문화재단(주최), (재)광명문화재단(주관)",,,"['김주원', '고상지']",[],발레+기악,발레,0.3936046511627907,기악,0.2841641722311766,"{'기악': 0.2841641722311766, '기타': 0.007857471793690996, '발레': 0.3936046511627907, '성악': 0.032392355514621225, '연극': 0.15232558139534885, '연희': 0.0029069767441860465, '재즈/월드뮤직': 0.06231291733824545, '창극': 0.005813953488372093, '현대무용': 0.0029069767441860465, '혼합': 0.005813953488372093, '악극': 0.02, '오페라': 0.02, '대중가요': 0.009900990099009901}"
"팀 퍼니스트, 트레인 블루스 Train Blues [광주]",복합,복합,"김희명, 최대성, 임동주, 김한상, 우석훈, 심재성, 신용",,"광주북구문화센터(주관), 광주광역시 북구시설관리공단(주최)",,,"['김희명', '최대성', '임동주', '김한상', '우석훈', '심재성', '신용']",[],넌버벌 퍼포먼스+연극,넌버벌 퍼포먼스,0.40444444444444444,연극,0.24,"{'넌버벌 퍼포먼스': 0.40444444444444444, '대중가요': 0.06666666666666667, '뮤지컬': 0.10555555555555556, '서커스/마술': 0.05222222222222221, '오페라': 0.01111111111111111, '연극': 0.24, '마임': 0.12000000000000002}"
누모리 쇼 [논산],복합,복합,,,"(재)예술경영지원센터(주최), 논산문화관광재단(주관)",,,[],[],None,None,0.0,None,0.0,{}
피아니스트 백채영 프로젝트 Vol. 2,복합,복합,"백채영, 박희라, 박기현",백채영,,,,"['백채영', '박희라', '박기현']",['백채영'],기악+연극,기악,0.4761904761904762,연극,0.3333333333333333,"{'기악': 0.4761904761904762, '연극': 0.3333333333333333, '발레': 0.16666666666666669, '한국무용': 0.023809523809523808}"
청소년 음악 페스티벌 [고창],복합,복합,,,"고창군(고창군청)(주최), 고창군(고창군청)(주관)",,,[],[],None,None,0.0,None,0.0,{}
"평택시립국악관현악단, 평택시민과 함께하는 국악성가의 밤",복합,복합,"김경아, 김미경, 김진선, 김혜선, 김효진, 남궁경희, 마은비 등",,"(재)평택시문화재단(주최), (재)평택시문화재단(주관)",,,"['김경아', '김미경', '김진선', '김혜선', '김효진', '남궁경희', '마은비']",[],연극+기악,연극,0.4509490871447393,기악,0.2724016866723739,"{'기악': 0.2724016866723739, '성악': 0.0816906340503816, '오페라': 0.07705627705627706, '대중가요': 0.007965367965367965, '연극': 0.4509490871447393, '연희': 0.007681159420289854, '재즈/월드뮤직': 0.006666666666666666, '한국무용': 0.015646527385657822, '혼합': 0.004632034632034631, '뮤지컬': 0.02317899491812535, '악극': 0.007142857142857143, '현대무용': 0.0262987012987013, '마당극': 0.017391304347826087, '발레': 0.0012987012987012987}"
고창 송년음악회,복합,복합,"장사익, 노동용, 정수민, 박현지, 김지혜, 황미숙, 고나은 등",,"고창군(고창군청)(주최), 고창군(고창군청)(주관)",,,"['장사익', '노동용', '정수민', '박현지', '김지혜', '황미숙', '고나은']",[],연극+혼합,연극,0.27493112116641527,혼합,0.1314124527003784,"{'기악': 0.12582805429864255, '기타': 0.010526315789473684, '성악': 0.06753166097748142, '연희': 0.0052545579635362915, '혼합': 0.1314124527003784, '오페라': 0.10465359477124184, '대중가요': 0.04630718954248366, '연극': 0.27493112116641527, '재즈/월드뮤직': 0.03030718954248366, '한국무용': 0.03398692810457517, '현대무용': 0.1296530920060332, '뮤지컬': 0.01503267973856209, '악극': 0.00196078431372549, '인형극': 0.0026143790849673205, '넌버벌 퍼포먼스': 0.02}"
송년음악회 [논산],복합,복합,"윤형주, 김순영, 전찬솔, 김봉미 등",,"논산시청(주최), 논산문화관광재단(주관)",,,"['윤형주', '김순영', '전찬솔', '김봉미']",[],성악+기악,성악,0.28858225108225116,기악,0.23948967698967702,"{'기악': 0.23948967698967702, '기타': 0.023451548451548457, '대중가요': 0.1153846153846154, '성악': 0.28858225108225116, '재즈/월드뮤직': 0.021153846153846155, '오페라': 0.14224109224109224, '뮤지컬': 0.058585858585858595, '악극': 0.05555555555555556, '연극': 0.05555555555555556}"
"대덕문화전당 패밀리 페스타 Ⅳ, 호두까기 인형 [대구]",복합,다원/융복합,,"김동규, 최지운, 이인혁 등","대덕문화전당(주최), 대덕문화전당(주관), 문화기획 함박우슴(제작사)",,,[],"['김동규', '최지운', '이인혁']",연극+기악,연극,0.3120192307692308,기악,0.2699862637362637,"{'기악': 0.2699862637362637, '기타': 0.0043956043956043965, '뮤지컬': 0.010989010989010992, '발레': 0.0021978021978021982, '성악': 0.08097527472527474, '스트리트/스포츠댄스': 0.0021978021978021982, '연극': 0.3120192307692308, '오페라': 0.0043956043956043965, '현대무용': 0.0940934065934066, '연희': 0.006250000000000001, '한국무용': 0.012500000000000002, '마당극': 0.06666666666666668, '혼합': 0.13333333333333336}"
서울아트랩 연말쌀콘: SAL-Vival,복합,복합,"길기현, 차승현, 박윤수, 박민하, 김민준, 정승준","김서현, 김영상, 최지송 등","서울아트랩(주최), 서울아트랩(기획사)",,,"['길기현', '차승현', '박윤수', '박민하', '김민준', '정승준']","['김서현', '김영상', '최지송']",기악+대중가요,기악,0.44017502579524526,대중가요,0.16698754752501793,"{'기악': 0.44017502579524526, '대중가요': 0.16698754752501793, '연극': 0.13585483163258158, '재즈/월드뮤직': 0.004708462332301342, '창극': 0.03277972027972028, '뮤지컬': 0.016003408091028744, '발레': 0.025760633200648676, '인형극': 0.058823529411764705, '성악': 0.029203381757561327, '오페라': 0.0029831011351909185, '현대무용': 0.04479861276494404, '서커스/마술': 0.004524886877828055, '한국무용': 0.014418918019696567, '연희': 0.0024509803921568627, '기타': 0.0009191176470588235, '마당극': 0.0196078431372549}"
"나태주 시인과 함께하는 시와 음악: 가장 아름다운 선물, 당신 [공주]",복합,복합,"나태주, 한창훈, 강나영, 전진, 김도연, 김주완, 허정인 등",나태주 등,"(재) 공주문화관광재단(공주문예회관)(주최), (재) 공주문화관광재단(공주문예회관)(주관)",,,"['나태주', '한창훈', '강나영', '전진', '김도연', '김주완', '허정인']",['나태주'],기악+연극,기악,0.28240580511766955,연극,0.13814529475546425,"{'기악': 0.28240580511766955, '대중가요': 0.11079943283333113, '혼합': 0.11875161875161876, '발레': 0.03569594247560349, '연극': 0.13814529475546425, '기타': 0.006060606060606061, '뮤지컬': 0.03165553843519945, '성악': 0.10625235404896421, '오페라': 0.1160189465274211, '창극': 0.0007704160246533128, '한국무용': 0.0015408320493066256, '현대무용': 0.0030816640986132513, '연희': 0.048821548821548814}"
도란도란 이야기 보따리 [광주],복합,다원/융복합,"송경화, 이숙자, 이영숙, 장송숙, 최홍숙, 허희자, 이심결 등","박성찬, 배미진, 양은숙 등","문화체육관광부(주최), 한국국학진흥원 아름다운 이야기할머니(주관)",,,"['송경화', '이숙자', '이영숙', '장송숙', '최홍숙', '허희자', '이심결']","['박성찬', '배미진', '양은숙']",연극+성악,연극,0.4465155945419103,성악,0.19444444444444442,"{'성악': 0.19444444444444442, '한국무용': 0.11111111111111109, '마임': 0.006944444444444443, '연극': 0.4465155945419103, '오페라': 0.006944444444444443, '창극': 0.006944444444444443, '기악': 0.16666666666666663, '인형극': 0.02339181286549707, '악극': 0.03703703703703703}"
"서린사랑의 작은음악회, The Identity: 너와 나의 정체성",복합,복합,,,,,,[],[],None,None,0.0,None,0.0,{}
알리 with 아듀 Concert [부산],복합,복합,"홍희철, 윤선기, 박지은, 박순기, 문한솔, 김동현 등",,"을숙도문화회관(주최), 부산국악오케스트라(주관)",,,"['홍희철', '윤선기', '박지은', '박순기', '문한솔', '김동현']",[],오페라+연극,오페라,0.23695260185504743,연극,0.20064891784211722,"{'기악': 0.16050812145843588, '기타': 0.08425541724296914, '성악': 0.18884250543049041, '재즈/월드뮤직': 0.0637478787165377, '오페라': 0.23695260185504743, '대중가요': 0.014992335288971651, '뮤지컬': 0.01801161330093133, '발레': 0.004870368735469824, '악극': 0.0021041170065624914, '연극': 0.20064891784211722, '넌버벌 퍼포먼스': 0.0027662517289073316, '서커스/마술': 0.0009220839096357773, '스트리트/스포츠댄스': 0.0009220839096357773, '연희': 0.0009220839096357773, '한국무용': 0.00630899517119216, '현대무용': 0.00691562932226833, '혼합': 0.00046104195481788863, '인형극': 0.005847953216374271}"
조선마술사 [광주],복합,복합,,,"광주광역시 서구(빛고을국악전수관)(주최), 광주광역시 서구(빛고을국악전수관)(주관)",,,[],[],None,None,0.0,None,0.0,{}
산타와 함께 하는 빛의 나라이야기 [의정부],복합,다원/융복합,,,극단 상상마당컴퍼니(의정부 우리소극장)(주최),,,[],[],None,None,0.0,None,0.0,{}
오셀로: 소리의 심리학,복합,복합,"오현진, 이희성, 서민준, 이정은, 박수연, 이진희, 이대헌 등","박성민, 이지희, 이진희 등","모던팀브레(기획사), 하랑씨어터(제작사)",,,"['오현진', '이희성', '서민준', '이정은', '박수연', '이진희', '이대헌']","['박성민', '이지희', '이진희']",연극+기악,연극,0.37267310145321986,기악,0.22229723207125954,"{'기악': 0.22229723207125954, '대중가요': 0.0076388888888888895, '뮤지컬': 0.09242968066766694, '연극': 0.37267310145321986, '악극': 0.08455114933375803, '인형극': 0.014572321682296108, '혼합': 0.011169166878549028, '넌버벌 퍼포먼스': 0.006944444444444444, '마임': 0.006944444444444444, '기타': 0.0006038647342995169, '발레': 0.01296741872441832, '성악': 0.0526271026414047, '오페라': 0.03648682839522791, '창극': 0.004502500211882362, '한국무용': 0.026474095867688546, '현대무용': 0.04642331511610688, '연희': 0.0006944444444444445}"
호두까기 인형 [화성],복합,복합,"이정민, 배선옥, 송은아, 원우연, 최진희, 서희경, 이송 등",,"극단 영(제작사), 화성시청(주최), (재)화성시문화재단(주관)",표트르 일리치 차이콥스키,,"['이정민', '배선옥', '송은아', '원우연', '최진희', '서희경', '이송']",[],연극+인형극,연극,0.34717347329287634,인형극,0.3112878829296741,"{'기악': 0.17849329360523392, '기타': 0.001492537313432836, '넌버벌 퍼포먼스': 0.004477611940298508, '마당극': 0.000746268656716418, '뮤지컬': 0.04529436152570482, '발레': 0.000746268656716418, '서커스/마술': 0.001492537313432836, '성악': 0.013764510779436153, '연극': 0.34717347329287634, '연희': 0.000746268656716418, '오페라': 0.001492537313432836, '인형극': 0.3112878829296741, '재즈/월드뮤직': 0.00746268656716418, '한국무용': 0.02744610281923715, '현대무용': 0.025621890547263687, '혼합': 0.001492537313432836, '대중가요': 0.02307692307692308, '악극': 0.0076923076923076945}"
"크리스마스 이브 송년음악회: 사랑해요, 엄마! 콘서트 [포항]",복합,복합,"추혁진, 송광호, 홍원표, 류지광, 최성, 오장욱, 표나리",,(주) 세이클린(주관),,,"['추혁진', '송광호', '홍원표', '류지광', '최성', '오장욱', '표나리']",[],연극+대중가요,연극,0.5370370370370371,대중가요,0.29398148148148145,"{'대중가요': 0.29398148148148145, '연극': 0.5370370370370371, '기악': 0.016203703703703703, '기타': 0.009259259259259259, '뮤지컬': 0.009259259259259259, '성악': 0.016203703703703703, '혼합': 0.006944444444444444, '서커스/마술': 0.1111111111111111}"
엘림아트센터 크리스마스 콘서트: MUSIC & MAGIC,복합,복합,지혜준 등,,"엘림아트센터(주최), 엘림아트센터(주관)",,,['지혜준'],[],넌버벌 퍼포먼스+서커스/마술,넌버벌 퍼포먼스,0.8333333333333334,서커스/마술,0.16666666666666666,"{'넌버벌 퍼포먼스': 0.8333333333333334, '서커스/마술': 0.16666666666666666}"
안산시 송년음악회 [안산],복합,복합,"윤수현, 김소현, 김필 등",,안산시청(주최),,,"['윤수현', '김소현', '김필']",[],연극+대중가요,연극,0.4657133328299227,대중가요,0.26732047119232805,"{'기타': 0.025353016688061617, '대중가요': 0.26732047119232805, '뮤지컬': 0.16254813863928114, '연극': 0.4657133328299227, '기악': 0.01524390243902439, '성악': 0.018292682926829267, '재즈/월드뮤직': 0.012195121951219513, '오페라': 0.016666666666666666, '혼합': 0.016666666666666666}"
"고등과학원 초학제 독립연구단, 공중매 (空中媒) : 떠오르는",복합,다원/융복합,"김대희, 송은수, 이창재","김제민, 권병준, 권오범 등","고등과학원(KIAS)(주최), 고등과학원 초학제 독립연구단(주관)",,,"['김대희', '송은수', '이창재']","['김제민', '권병준', '권오범']",연극+뮤지컬,연극,0.32673992673992674,뮤지컬,0.2857142857142857,"{'기악': 0.18681318681318682, '대중가요': 0.01098901098901099, '성악': 0.01098901098901099, '연극': 0.32673992673992674, '한국무용': 0.01098901098901099, '현대무용': 0.1391941391941392, '뮤지컬': 0.2857142857142857, '혼합': 0.028571428571428574}"
"고영열 단독 콘서트, Jazz in 모리: 자진모리",복합,복합,고영열,,"(주)사운드플랫폼(주최), 숲레코드(주관)",,,['고영열'],[],성악+기악,성악,0.5058823529411764,기악,0.15294117647058825,"{'기악': 0.15294117647058825, '기타': 0.11764705882352941, '대중가요': 0.011764705882352941, '뮤지컬': 0.011764705882352941, '성악': 0.5058823529411764, '연희': 0.023529411764705882, '재즈/월드뮤직': 0.058823529411764705, '한국무용': 0.023529411764705882, '현대무용': 0.011764705882352941, '혼합': 0.08235294117647059}"
ICI-AVEC: 공명의 컨셉,복합,복합,"조은비, 문경환, 유예슬, 이지수, 조은율, 안창섭, 송혜진 등",최원철,"ICI-AVEC 이씨아베크(주최), ICI-AVEC 이씨아베크(주관), BMM부띠크모나코뮤지엄(주관), 룩스필하모닉오케스트라(주관)",,,"['조은비', '문경환', '유예슬', '이지수', '조은율', '안창섭', '송혜진']",['최원철'],기악+성악,기악,0.3956142843610875,성악,0.2089236660847914,"{'기악': 0.3956142843610875, '발레': 0.014550264550264548, '연극': 0.11242371344673134, '오페라': 0.11243386243386243, '한국무용': 0.012527233115468408, '성악': 0.2089236660847914, '악극': 0.007469654528478057, '현대무용': 0.006380329909741674, '재즈/월드뮤직': 0.06692242114236999, '기타': 0.0010893246187363833, '넌버벌 퍼포먼스': 0.0010893246187363833, '마당극': 0.0010893246187363833, '뮤지컬': 0.03410059676044331, '연희': 0.015108458842474186, '혼합': 0.010277540968078052}"
도란도란 이야기 보따리 [제주],복합,다원/융복합,"최정숙, 유정민, 송년순, 김애순, 최홍숙, 허희자, 이심결 등","박성찬, 배미진, 양은숙 등","문화체육관광부(주최), 한국국학진흥원 아름다운 이야기할머니(주관)",,,"['최정숙', '유정민', '송년순', '김애순', '최홍숙', '허희자', '이심결']","['박성찬', '배미진', '양은숙']",연극+기악,연극,0.4346217105263158,기악,0.31250000000000006,"{'뮤지컬': 0.11979166666666667, '성악': 0.06510416666666669, '연극': 0.4346217105263158, '기악': 0.31250000000000006, '인형극': 0.026315789473684213, '악극': 0.04166666666666667}"
"서울예술단 송년갈라, SPACon",복합,복합,,,"(재)서울예술단(주최), (재)국립극장진흥재단(주최)",,,[],[],None,None,0.0,None,0.0,{}
고암 이응노 우리에게 보내는 희망편지 [충남],복합,다원/융복합,"박훈규, 임은유, 윤해경, 임현성, 송연서, 오현범, 장지성 등","김항식, 배예진, 위동희 등","문화체육관광부(주최), 충청남도(주최), 홍성군청(주최), 우리문화전문연희단체 꾼(주관)",,,"['박훈규', '임은유', '윤해경', '임현성', '송연서', '오현범', '장지성']","['김항식', '배예진', '위동희']",연극+뮤지컬,연극,0.7133333333333334,뮤지컬,0.10666666666666666,"{'성악': 0.04, '연극': 0.7133333333333334, '혼합': 0.04, '한국무용': 0.1, '뮤지컬': 0.10666666666666666}"
제3회 부산국제어린이청소년아트페어 개막식,복합,복합,,,"BIKAF(부산국제어린이청소년아트페어)(주최), BIKAF(부산국제어린이청소년아트페어)(주관)",,,[],[],None,None,0.0,None,0.0,{}
제야음악회 [대전],복합,복합,"정치용, 신영숙, 양준모, 전혜영, 권순찬, 윤부식, 민서아 등",,대전예술의전당(주최),,,"['정치용', '신영숙', '양준모', '전혜영', '권순찬', '윤부식', '민서아']",[],기악+성악,기악,0.3129309309878207,성악,0.26124715392991205,"{'기악': 0.3129309309878207, '성악': 0.26124715392991205, '혼합': 0.02420725121829075, '오페라': 0.058406581511149594, '기타': 0.0013803607977533436, '넌버벌 퍼포먼스': 0.0007092198581560282, '대중가요': 0.0027988005140654, '뮤지컬': 0.22493217192631723, '연극': 0.10626477541371156, '재즈/월드뮤직': 0.0006711409395973153, '한국무용': 0.0032258064516129024, '현대무용': 0.0032258064516129024}"
"새해국악연: 청룡, 하늘을 날다",복합,복합,"황수경, 권성택, 이동영, 김세윤 등",,국립국악원(주최),,,"['황수경', '권성택', '이동영', '김세윤']",[],기악+연극,기악,0.40993063892223564,연극,0.2575474634298164,"{'기악': 0.40993063892223564, '대중가요': 0.0171957671957672, '성악': 0.17003468053888224, '연극': 0.2575474634298164, '혼합': 0.1076986350095594, '연희': 0.023898448268196166, '뮤지컬': 0.005291005291005292, '오페라': 0.008403361344537816}"
"신년음악회, 뮤지컬 콘서트",복합,복합,"이동호, 신영숙, 이지훈 등",,"제주특별자치도 서귀포시(문화예술과)(주최), 제주특별자치도립 서귀포예술단(주관), 서귀포예술의전당(주관)",,,"['이동호', '신영숙', '이지훈']",[],연극+뮤지컬,연극,0.5032984352133288,뮤지컬,0.3306822019587977,"{'기악': 0.10474501857480584, '뮤지컬': 0.3306822019587977, '연극': 0.5032984352133288, '오페라': 0.01851851851851852, '기타': 0.0027693346842283017, '넌버벌 퍼포먼스': 0.0011820330969267141, '대중가요': 0.01148260722728808, '성악': 0.014251941911516382, '혼합': 0.006720702465383318, '악극': 0.0015873015873015877, '연희': 0.004761904761904762}"
"신년음악회: 새로운 시작, 희망의 노래 [대구]",복합,복합,"장사익, 고성현, 하석배, 김현호 등",,"(재) 대구광역시 동구문화재단(아양아트센터)(주최), (재) 대구광역시 동구문화재단(아양아트센터)(주관)",,,"['장사익', '고성현', '하석배', '김현호']",[],혼합+기악,혼합,0.30298974269225987,기악,0.28442290398812137,"{'기악': 0.28442290398812137, '기타': 0.01912609807346649, '성악': 0.26386205962865, '연희': 0.005639097744360902, '혼합': 0.30298974269225987, '오페라': 0.027134701047744524, '대중가요': 0.005291005291005291, '뮤지컬': 0.0026455026455026454, '연극': 0.06507936507936508, '재즈/월드뮤직': 0.007936507936507936, '현대무용': 0.015873015873015872}"
"시선: si, Sonne!",복합,복합,"박경주, 황순미, 신원국, 최혁재, 왕명호, 김민욱, 한호진 등","이인보, 손현규, 유주영 등",한국문화예술위원회(주최),"주준영,  정세진",,"['박경주', '황순미', '신원국', '최혁재', '왕명호', '김민욱', '한호진']","['이인보', '손현규', '유주영']",기악+연극,기악,0.5438698796558328,연극,0.2948717948717949,"{'기악': 0.5438698796558328, '뮤지컬': 0.004273504273504273, '연극': 0.2948717948717949, '성악': 0.05541548752251092, '악극': 0.00926164136866478, '연희': 0.03076923076923077, '한국무용': 0.015384615384615385, '혼합': 0.015384615384615385, '재즈/월드뮤직': 0.03076923076923077}"
한몽예술교류전 [남원],복합,복합,"강볼드 발진냠, 슐루운밧 뭉크에르덴, 수크바타르 투르바트, 엔흐바타르 자르갈마아, 조옥선, 김승정, 안명주",,국립민속국악원(주최),,,"['강볼드 발진냠', '슐루운밧 뭉크에르덴', '수크바타르 투르바트', '엔흐바타르 자르갈마아', '조옥선', '김승정', '안명주']",[],기악+연희,기악,0.6296296296296298,연희,0.33333333333333337,"{'연희': 0.33333333333333337, '기악': 0.6296296296296298, '재즈/월드뮤직': 0.00925925925925926, '한국무용': 0.01851851851851852, '혼합': 0.00925925925925926}"
뮤즈하모니 신년음악회: 팝페라 X 국악,복합,복합,"안세라, 안유정, 정하라, 이정제, 최정회, 이기정, 홍영준 등",,"뮤즈하모니(주최), 뮤즈하모니(주관)",,,"['안세라', '안유정', '정하라', '이정제', '최정회', '이기정', '홍영준']",[],기악+성악,기악,0.3839826839826839,성악,0.37316017316017314,"{'기악': 0.3839826839826839, '성악': 0.37316017316017314, '연극': 0.19047619047619044, '오페라': 0.023809523809523805, '현대무용': 0.02857142857142857}"
K-컬처 페스티벌 [평창],복합,복합,"김일중, 김희재, 박군, 조명섭, 양지은, 홍지윤, 박애리 등",,"강원특별자치도청(주최), 평창군청(주최), 강릉시청(주최), (재)2024강원동계청소년올림픽대회 조직위원회(주최)",,,"['김일중', '김희재', '박군', '조명섭', '양지은', '홍지윤', '박애리']",[],대중가요+기악,대중가요,0.3369038208168643,기악,0.2215716167890081,"{'뮤지컬': 0.1693073593073593, '기악': 0.2215716167890081, '대중가요': 0.3369038208168643, '성악': 0.0302437417654809, '연극': 0.06883116883116883, '혼합': 0.039953886693017124, '기타': 0.004782608695652174, '스트리트/스포츠댄스': 0.003333333333333333, '재즈/월드뮤직': 0.003333333333333333, '넌버벌 퍼포먼스': 0.0014492753623188406, '연희': 0.008695652173913044, '창극': 0.11014492753623188, '한국무용': 0.0014492753623188406}"
신년콘서트 [거창],복합,복합,"장사익, 김연자, 나태주, 김도현, 김현호 등",,"(재)거창문화재단(주최), (재)거창문화재단(주관)",,,"['장사익', '김연자', '나태주', '김도현', '김현호']",[],혼합+연극,혼합,0.3185654613698746,연극,0.17427935010482185,"{'기악': 0.11708727798489175, '기타': 0.027542631860202983, '성악': 0.0850908428581628, '연희': 0.006113455809334658, '혼합': 0.3185654613698746, '대중가요': 0.16870480251445846, '뮤지컬': 0.01882424877707897, '발레': 0.002358490566037736, '스트리트/스포츠댄스': 0.001179245283018868, '악극': 0.001179245283018868, '연극': 0.17427935010482185, '창극': 0.004716981132075472, '한국무용': 0.0035377358490566043, '현대무용': 0.05693134171907757, '오페라': 0.006944444444444445, '재즈/월드뮤직': 0.006944444444444445}"
제3회 SA청소년오케스트라 정기연주회,복합,복합,"김도윤, 정은효, 황영훈, 김형석, 도연제, 정지연, 김지수 등",,"(주)에스에이뮤직 SAmusic(주최), SA청소년오케스트라(주관)",,,"['김도윤', '정은효', '황영훈', '김형석', '도연제', '정지연', '김지수']",[],연극+기악,연극,0.39309254163742485,기악,0.2623523632459979,"{'기악': 0.2623523632459979, '뮤지컬': 0.16143843020917137, '발레': 0.00390625, '성악': 0.04774085053605154, '연극': 0.39309254163742485, '인형극': 0.01351026891252955, '넌버벌 퍼포먼스': 0.006944444444444444, '마임': 0.027777777777777776, '서커스/마술': 0.02132497541789577, '대중가요': 0.014758676959769032, '악극': 0.0026595744680851063, '오페라': 0.003765769158350593, '마당극': 0.0011061946902654867, '한국무용': 0.006788012872083669, '현대무용': 0.03172767497988737, '혼합': 0.0011061946902654867}"
"그림 읽어주는 베토벤, THE CONCERT: 그리스 로마 신화",복합,복합,조숙현 등,임용순 등,"대원미디어(주)(주최), 두손클래식엔터테인먼트(주)(주최), 대원미디어(주)(주관), 두손클래식엔터테인먼트(주)(주관), 대원콘텐츠라이브(대원미디어(주) )(주최), 대원콘텐츠라이브(대원미디어(주) )(주관)",,,['조숙현'],['임용순'],기악+재즈/월드뮤직,기악,0.9635964912280702,재즈/월드뮤직,0.03640350877192983,"{'기악': 0.9635964912280702, '재즈/월드뮤직': 0.03640350877192983}"
K-컬처 페스티벌 [강릉],복합,복합,,,"평창군청(주최), 강릉시청(주최), (재)2024강원동계청소년올림픽대회 조직위원회(주최), 강원특별자치도청(주최)",,,[],[],None,None,0.0,None,0.0,{}
USW 신년음악회,복합,복합,"우나이 우레초, 김수진, 이지은, 에르완 리샤, 박진아, 윤현임, 이성주 등",김영은,"영음예술기획(주관), 수원대학교 음악대학(주관), 수원대학교 음악대학원(주관), 수원대학교(주최)",,,"['우나이 우레초', '김수진', '이지은', '에르완 리샤', '박진아', '윤현임', '이성주']",['김영은'],기악+연극,기악,0.4602313109250325,연극,0.21941924925566522,"{'기악': 0.4602313109250325, '성악': 0.13693999550294278, '오페라': 0.049521463757916946, '대중가요': 0.011035102394894197, '뮤지컬': 0.037718560265730075, '연극': 0.21941924925566522, '인형극': 0.000673854447439353, '재즈/월드뮤직': 0.003136908634631471, '한국무용': 0.009921616011401308, '현대무용': 0.027583214335003527, '혼합': 0.018418042775557412, '발레': 0.007619047619047617, '악극': 0.0015681444991789816, '연희': 0.013096606458675423, '기타': 0.0021645021645021645, '스트리트/스포츠댄스': 0.0009523809523809523}"
신년음악회 [보령],복합,복합,"김국환, 이시온, 김솔지, 이진영 등",,"보령시청(주최), 보령시청(주관)",,,"['김국환', '이시온', '김솔지', '이진영']",[],연극+대중가요,연극,0.3935112506541078,대중가요,0.14835164835164835,"{'대중가요': 0.14835164835164835, '기악': 0.1391941391941392, '기타': 0.05638409209837781, '연극': 0.3935112506541078, '성악': 0.028519099947671375, '혼합': 0.00510204081632653, '뮤지컬': 0.07692307692307691, '연희': 0.05311355311355311, '발레': 0.014652014652014652, '악극': 0.003663003663003663, '오페라': 0.02197802197802198, '인형극': 0.05494505494505494, '재즈/월드뮤직': 0.003663003663003663}"
신년음악회 [태안],복합,복합,"장사익, 송소희 등",,"태안군(주최), (주)스탠바이컴퍼니(주관)",,,"['장사익', '송소희']",[],혼합+성악,혼합,0.43796992481203006,성악,0.38283208020050125,"{'기악': 0.08333333333333333, '기타': 0.06683375104427736, '성악': 0.38283208020050125, '연희': 0.013157894736842105, '혼합': 0.43796992481203006, '대중가요': 0.015873015873015872}"
"청소년을 위한 음악과 클래식의 징검다리, 음악에 색을 입히다",복합,복합,"오지연, 유순영, 이지연, 임덕수, 정욱",,"징검다리 프로젝트(주최), 블레씽 피아노(주관)",,,"['오지연', '유순영', '이지연', '임덕수', '정욱']",[],연극+기악,연극,0.3771909233176839,기악,0.34767248716470356,"{'기악': 0.34767248716470356, '뮤지컬': 0.11623527716003626, '성악': 0.06340190264393378, '연극': 0.3771909233176839, '기타': 0.01403817642698295, '넌버벌 퍼포먼스': 0.0008802816901408451, '대중가요': 0.009219792438843587, '발레': 0.012646542020152102, '오페라': 0.0008802816901408451, '재즈/월드뮤직': 0.02686146116464871, '현대무용': 0.0008802816901408451, '한국무용': 0.004629629629629629, '혼합': 0.02546296296296296}"
"그림 읽어주는 베토벤, THE CONCERT [김천]",복합,복합,조숙현 등,임용순 등,"김천시(김천시청)(주최), 김천시립율곡도서관(주관)",,,['조숙현'],['임용순'],기악+재즈/월드뮤직,기악,0.9635964912280702,재즈/월드뮤직,0.03640350877192983,"{'기악': 0.9635964912280702, '재즈/월드뮤직': 0.03640350877192983}"
김동규와 함께하는 신년 음악회,복합,복합,"김동규, 이윤경, 조윤경, 박진수, 정윤형, 이태은 등",,"(재)울주문화재단(주최), (재)울주문화재단(주관)",,,"['김동규', '이윤경', '조윤경', '박진수', '정윤형', '이태은']",[],기악+연극,기악,0.35600833270225796,연극,0.1845677189719246,"{'기악': 0.35600833270225796, '기타': 0.009849409849409851, '뮤지컬': 0.04414090582314883, '발레': 0.002259422820170484, '성악': 0.1611241583788313, '스트리트/스포츠댄스': 0.0012210012210012214, '연극': 0.1845677189719246, '오페라': 0.03496932281979012, '현대무용': 0.09346483820782887, '연희': 0.003472222222222223, '한국무용': 0.01303337109411876, '대중가요': 0.03874643874643875, '악극': 0.006637806637806639, '혼합': 0.05050505050505051}"
