person,genre,count,score
Aino Lehtovaara,인형극,1,1.0
Ali Mahmood Mohammed Al-Sudani,연극,1,1.0
Birger Heymann,뮤지컬,1,1.0
Bob Fosse,뮤지컬,1,1.0
Bruno Gangnon,서커스/마술,2,1.0
CHARLES JEONG,연극,1,1.0
Cavin Whang,뮤지컬,1,1.0
David Sholz,마임,1,1.0
Flip Fabrique,서커스/마술,2,1.0
Fred Edd,뮤지컬,1,1.0
Greg Park,뮤지컬,1,1.0
Hayder jumaah assi al-kinani,연극,1,1.0
Ilda Vanttaja,인형극,1,1.0
Imran Khan,넌버벌 퍼포먼스,1,1.0
JAMIE HORAN,연극,1,1.0
JASON LANE CUTLER,연극,1,1.0
JERRY,연극,1,1.0
John Kander,뮤지컬,1,1.0
Jonathan Munby,연극,1,1.0
Judith Bohlen,마임,1,1.0
Kemal Basar,연극,1,1.0
K레오,뮤지컬,1,1.0
Lionel Menard,마임,1,1.0
Mohammed Oda Shalash,연극,1,1.0
Natasha Gilmore,발레,2,1.0
Okan Ikinci,연극,1,1.0
Olivier Normand,서커스/마술,2,1.0
Pascal Brullemans,서커스/마술,1,1.0
Paul Pryce,연극,1,1.0
Phylemon Odhiambo,인형극,1,1.0
Pierre-Étienne Locas,서커스/마술,1,1.0
Riya Ranwar,넌버벌 퍼포먼스,1,1.0
Simon Godwin,연극,1,1.0
Tadeusz Stobodzianek,연극,1,1.0
Thibault Hennequin,연극,1,1.0
Yoshiko Waki,현대무용,1,1.0
Yuu Yoshimura,연극,1,1.0
Yves Simard,서커스/마술,1,1.0
Zeynep Yaylicioglu,연극,1,1.0
가네시타 다쓰오,연극,1,1.0
가소희,뮤지컬,2,1.0
가야 비하르,현대무용,1,1.0
가에타노 도니제티,오페라,1,1.0
가에탄 보르그,뮤지컬,1,1.0
가진일,기악,1,1.0
감다나,대중가요,1,1.0
감민정,뮤지컬,1,1.0
감성구,마임,1,1.0
감태웅,기악,1,1.0
강가람,오페라,1,1.0
강감찬,연극,1,1.0
강건욱,현대무용,1,1.0
강건일,연극,1,1.0
강건택,연극,2,1.0
강경동,연극,4,1.0
강경모,한국무용,1,0.5
강경모,현대무용,1,0.5
강경민,발레,1,1.0
강경신,성악,1,1.0
강경실,성악,1,1.0
강경연,연극,1,1.0
강경완,연극,2,1.0
강경원,뮤지컬,1,0.5
강경원,오페라,1,0.5
강경윤,연극,5,1.0
강경호,연극,2,1.0
강고은,뮤지컬,3,0.75
강고은,연극,1,0.25
강교상,기악,1,1.0
강권순,기악,1,1.0
강규승,발레,1,1.0
강규영,뮤지컬,1,1.0
강기원,연극,1,1.0
강기정,연극,1,1.0
강기혁,연극,2,1.0
강기호,연극,6,1.0
강나경,마임,1,1.0
강나래,연극,1,1.0
강나루,성악,1,1.0
강나리,기악,1,0.5
강나리,성악,1,0.5
강나연,뮤지컬,1,1.0
강나현,성악,1,0.5
강나현,혼합,1,0.5
강낙천,발레,1,1.0
강낙현,현대무용,1,1.0
강남,뮤지컬,6,1.0
강남욱,뮤지컬,1,0.5
강남욱,연극,1,0.5
강남진,연극,2,1.0
강너을,인형극,1,1.0
강노아,뮤지컬,13,0.9285714285714286
강노아,연극,1,0.07142857142857142
강노을,연극,2,0.3333333333333333
강노을,오페라,2,0.3333333333333333
강노을,한국무용,1,0.16666666666666666
강노을,혼합,1,0.16666666666666666
강다미,마당극,2,1.0
강다민,연극,1,1.0
강다빈,연극,1,1.0
강다연,연극,2,1.0
강다영,연극,2,1.0
강다인,기악,1,0.3333333333333333
강다인,연극,2,0.6666666666666666
강다현,성악,1,0.5
강다현,인형극,1,0.5
강다희,뮤지컬,4,1.0
강대근,연극,2,1.0
강대명,연극,1,1.0
강대원,성악,1,1.0
강대희,연극,2,1.0
강동규,기악,2,1.0
강동석,기악,9,1.0
강동우,연극,2,1.0
강동주,뮤지컬,1,0.3333333333333333
강동주,연극,2,0.6666666666666666
강동진,연극,1,1.0
강동혁,현대무용,1,1.0
강동화,연극,1,1.0
강동효,뮤지컬,1,0.16666666666666666
강동효,연극,5,0.8333333333333334
강동훈,기악,1,0.25
강동훈,성악,1,0.25
강동훈,연극,2,0.5
강량원,연극,9,1.0
강렬,연극,4,1.0
강령은,기악,1,1.0
강만수,연극,1,1.0
강만홍,연극,1,1.0
강명규,연극,1,1.0
강명선,기악,1,1.0
강명수,기타,1,1.0
강명숙,연극,2,1.0
강명주,연극,2,1.0
강명진,연극,3,1.0
강명화,성악,1,1.0
강문숙,성악,1,1.0
강미나,기악,1,1.0
강미란,기악,1,1.0
강미리,한국무용,1,1.0
강미선,기악,1,0.5
강미선,혼합,1,0.5
강미송,연극,2,1.0
강미연,성악,1,1.0
강미영,연극,3,0.75
강미영,한국무용,1,0.25
강미정,기악,3,0.5
강미정,마당극,1,0.16666666666666666
강미정,성악,1,0.16666666666666666
강미정,연극,1,0.16666666666666666
강미주,뮤지컬,1,1.0
강미진,연극,1,0.5
강미진,혼합,1,0.5
강미현,연극,2,1.0
강미혜,연극,2,1.0
강미화,연희,1,1.0
강민경,연극,1,1.0
강민백,연극,1,1.0
강민석,발레,1,0.3333333333333333
강민석,연극,1,0.3333333333333333
강민석,오페라,1,0.3333333333333333
강민성,연극,1,1.0
강민수,연극,12,1.0
강민숙,연극,1,1.0
강민아,연극,1,0.5
강민아,현대무용,1,0.5
강민영,뮤지컬,8,0.8888888888888888
강민영,연극,1,0.1111111111111111
강민오,뮤지컬,1,1.0
강민우,발레,1,0.125
강민우,성악,1,0.125
강민우,오페라,6,0.75
강민재,연극,7,1.0
강민정,연극,4,0.8
강민정,현대무용,1,0.2
강민제,연극,3,1.0
강민주,성악,1,0.25
강민주,연극,1,0.25
강민주,현대무용,2,0.5
강민지,기악,1,0.2
강민지,연극,3,0.6
강민지,현대무용,1,0.2
강민창,기악,1,1.0
강민형,연극,4,1.0
강민혜,연극,1,1.0
강민호,연극,3,0.75
강민호,오페라,1,0.25
강민희,연극,3,0.75
강민희,현대무용,1,0.25
강병권,연극,2,1.0
강병길,오페라,1,1.0
강병성,한국무용,1,1.0
강병우,연극,1,1.0
강병욱,연극,3,0.75
강병욱,오페라,1,0.25
강병운,성악,1,1.0
강병웅,뮤지컬,1,1.0
강병원,뮤지컬,34,1.0
강병주,뮤지컬,1,0.14285714285714285
강병주,연극,5,0.7142857142857143
강병주,혼합,1,0.14285714285714285
강병헌,뮤지컬,3,0.5
강병헌,연극,3,0.5
강병혁,혼합,2,1.0
강보경,연극,2,1.0
강보란,기악,1,0.5
강보란,연극,1,0.5
강보람,기악,1,0.1111111111111111
강보람,넌버벌 퍼포먼스,1,0.1111111111111111
강보람,뮤지컬,3,0.3333333333333333
강보람,연희,1,0.1111111111111111
강보람,현대무용,1,0.1111111111111111
강보람,혼합,2,0.2222222222222222
강보람 장수호,재즈/월드뮤직,1,1.0
강보름,연극,7,1.0
강보배,뮤지컬,2,1.0
강보영,뮤지컬,3,1.0
강보화,연극,1,1.0
강봄,뮤지컬,1,1.0
강봉금,연극,4,1.0
강봉자,뮤지컬,1,0.25
강봉자,연극,3,0.75
강봉훈,뮤지컬,2,0.4
강봉훈,연극,3,0.6
강빈,연극,1,1.0
강산,연극,1,1.0
강상구,기악,4,0.4
강상구,뮤지컬,1,0.1
강상구,창극,1,0.1
강상구,한국무용,2,0.2
강상구,현대무용,1,0.1
강상구,혼합,1,0.1
강상길,연극,1,1.0
강상민,연극,15,0.75
강상민,한국무용,2,0.1
강상민,현대무용,2,0.1
강상민,혼합,1,0.05
강상우,뮤지컬,1,0.5
강상우,연극,1,0.5
강상현,연극,5,1.0
강상훈,연극,2,1.0
강석민,재즈/월드뮤직,1,1.0
강석우,기악,1,0.5
강석우,오페라,1,0.5
강석호,뮤지컬,1,0.14285714285714285
강석호,연극,6,0.8571428571428571
강석훈,대중가요,1,0.09090909090909091
강석훈,뮤지컬,4,0.36363636363636365
강석훈,악극,2,0.18181818181818182
강석훈,연극,4,0.36363636363636365
강석희,오페라,1,1.0
강선숙,연극,3,1.0
강선영,악극,1,0.5
강선영,연극,1,0.5
강성민,발레,2,0.6666666666666666
강성민,연극,1,0.3333333333333333
강성삼,뮤지컬,1,1.0
강성애,기악,2,1.0
강성우,연극,9,1.0
강성욱,연극,1,1.0
강성웅,연극,1,1.0
강성주,혼합,1,1.0
강성현,혼합,1,1.0
강성혜,연극,1,1.0
강세구,기악,1,1.0
강세린,대중가요,1,1.0
강세영,발레,1,0.3333333333333333
강세영,연극,2,0.6666666666666666
강세현,연극,1,1.0
강소령,연극,2,1.0
강소연,뮤지컬,2,0.6666666666666666
강소연,연극,1,0.3333333333333333
강소정,악극,1,0.5
강소정,현대무용,1,0.5
강솔잎,기타,1,0.14285714285714285
강솔잎,뮤지컬,1,0.14285714285714285
강솔잎,악극,1,0.14285714285714285
강솔잎,연극,3,0.42857142857142855
강솔잎,혼합,1,0.14285714285714285
강수,오페라,2,1.0
강수경,연극,9,0.9
강수경,재즈/월드뮤직,1,0.1
강수빈,뮤지컬,1,0.5
강수빈,한국무용,1,0.5
강수아,현대무용,1,1.0
강수영,오페라,1,1.0
강수진,뮤지컬,1,0.034482758620689655
강수진,발레,26,0.896551724137931
강수진,연극,2,0.06896551724137931
강수창,뮤지컬,3,1.0
강수훈,연극,1,1.0
강숙,연극,1,1.0
강숙자,오페라,3,1.0
강숙현,연희,1,1.0
강순규,성악,1,0.25
강순규,오페라,3,0.75
강순목,뮤지컬,1,1.0
강승경,성악,1,1.0
강승구,뮤지컬,3,1.0
강승민,연극,2,1.0
강승연,대중가요,2,1.0
강승용,연극,1,1.0
강승원,연극,1,1.0
강승진,기악,1,1.0
강승현,연극,1,1.0
강승환,뮤지컬,1,0.5
강승환,연극,1,0.5
강신구,연극,1,0.5
강신구,한국무용,1,0.5
강신철,연극,5,1.0
강신형,기악,1,1.0
강신혜,악극,2,0.4
강신혜,연극,2,0.4
강신혜,재즈/월드뮤직,1,0.2
강신희,연극,2,1.0
강안나,현대무용,3,1.0
강애란,현대무용,1,1.0
강애심,현대무용,2,1.0
강양은,연극,1,1.0
강엘림,성악,1,1.0
강연경,연극,2,1.0
강연규,연극,2,1.0
강연우,연극,2,1.0
강연하,연극,1,1.0
강연호,연극,3,1.0
강영걸,연극,2,1.0
강영구,연희,1,1.0
강영아,한국무용,1,1.0
강영웅,기악,1,1.0
강영원,기악,4,1.0
강영이,기악,1,1.0
강영호,연극,2,1.0
강예나,발레,1,1.0
강예령,현대무용,1,1.0
강예리,성악,1,1.0
강예린,연극,2,1.0
강예림,연극,1,1.0
강예슬,연극,4,1.0
강예진,기악,1,0.3333333333333333
강예진,뮤지컬,1,0.3333333333333333
강예진,연극,1,0.3333333333333333
강예훈,연극,1,1.0
강옥균,넌버벌 퍼포먼스,1,1.0
강완규,한국무용,1,1.0
강요요,뮤지컬,1,0.5
강요요,현대무용,1,0.5
강요찬,한국무용,4,0.4444444444444444
강요찬,현대무용,5,0.5555555555555556
강용덕,오페라,1,1.0
강용복,뮤지컬,1,0.3333333333333333
강용복,연극,2,0.6666666666666666
강용석,뮤지컬,1,1.0
강용진,연극,1,1.0
강우리,대중가요,1,1.0
강우석,연극,1,1.0
강우정,연극,2,1.0
강우진,연극,1,1.0
강우향,대중가요,2,1.0
강우혁,연극,1,1.0
강원래,뮤지컬,2,1.0
강원재,뮤지컬,1,0.5
강원재,연극,1,0.5
강원준,연극,4,1.0
강원진,연극,1,1.0
강원희,기악,1,1.0
강유,기악,1,0.3333333333333333
강유,발레,1,0.3333333333333333
강유,연극,1,0.3333333333333333
강유경,연극,1,1.0
강유나,연극,1,1.0
강유미,뮤지컬,1,1.0
강유정,연극,9,0.8181818181818182
강유정,한국무용,2,0.18181818181818182
강유중,연극,4,0.8
강유중,혼합,1,0.2
강유진,연극,3,0.75
강유진,현대무용,1,0.25
강유찬,연극,1,1.0
강유희,인형극,1,1.0
강윤선,한국무용,1,1.0
강윤숙,재즈/월드뮤직,1,1.0
강윤식,기악,1,1.0
강윤주,연극,1,0.5
강윤주,한국무용,1,0.5
강윤지,연극,7,1.0
강으뜸,혼합,1,1.0
강은경,기악,7,0.7
강은경,악극,1,0.1
강은경,연극,2,0.2
강은교,연극,1,1.0
강은구,기악,2,0.3333333333333333
강은구,성악,3,0.5
강은구,현대무용,1,0.16666666666666666
강은미,기악,1,0.5
강은미,성악,1,0.5
강은빈,연극,1,0.5
강은빈,한국무용,1,0.5
강은영,기악,1,0.25
강은영,성악,1,0.25
강은영,한국무용,2,0.5
강은일,기악,1,0.5
강은일,혼합,1,0.5
강은정,연극,1,1.0
강은지,연극,1,1.0
강은하,기악,10,1.0
강은해,연극,2,1.0
강이슬,연극,1,1.0
강인구,뮤지컬,1,1.0
강인대,연극,1,1.0
강인모,오페라,1,1.0
강인성,연극,1,1.0
강인정,뮤지컬,1,0.16666666666666666
강인정,연극,5,0.8333333333333334
강인호,연극,1,1.0
강일경,연극,1,1.0
강장군,연극,1,1.0
강재림,연극,6,0.8571428571428571
강재림,오페라,1,0.14285714285714285
강재윤,연극,1,1.0
강재혁,연극,1,1.0
강재현,뮤지컬,1,0.5
강재현,오페라,1,0.5
강재훈,뮤지컬,1,0.5
강재훈,재즈/월드뮤직,1,0.5
강재힘,연극,1,1.0
강전영,인형극,1,1.0
강정균,연극,1,0.5
강정균,혼합,1,0.5
강정님,연극,1,1.0
강정민,연극,2,1.0
강정선,현대무용,1,1.0
강정수,연극,1,1.0
강정아,기악,1,0.5
강정아,성악,1,0.5
강정화,악극,1,0.1
강정화,연극,8,0.8
강정화,현대무용,1,0.1
강정환,현대무용,3,1.0
강정효,연극,1,1.0
강정후,연극,1,1.0
강정희,기악,1,0.2
강정희,연극,3,0.6
강정희,혼합,1,0.2
강제권,연극,5,1.0
강종임,연극,1,1.0
강종희,기악,3,0.75
강종희,혼합,1,0.25
강주경,연극,1,1.0
강주미,연희,1,0.5
강주미,한국무용,1,0.5
강주성,연극,7,1.0
강주영,연극,1,0.5
강주영,현대무용,1,0.5
강주이,기악,1,1.0
강주형,기악,1,1.0
강주희,성악,1,0.16666666666666666
강주희,연극,5,0.8333333333333334
강준,연극,1,1.0
강준구,연극,1,1.0
강준원,기악,2,1.0
강준일,기악,2,1.0
강준택,연극,3,1.0
강준혁,연극,1,1.0
강준희,연극,3,1.0
강지구,연극,1,1.0
강지권,연극,1,1.0
강지수,연극,4,1.0
강지승,기악,1,1.0
강지연,뮤지컬,1,0.5
강지연,발레,1,0.5
강지영,성악,1,0.25
강지영,연극,2,0.5
강지영,오페라,1,0.25
강지완,연극,1,1.0
강지우,연극,1,1.0
강지원,연극,9,1.0
강지윤,연극,4,1.0
강지은,연극,1,0.3333333333333333
강지은,연희,2,0.6666666666666666
강지형,연극,1,1.0
강지혜,뮤지컬,1,0.06666666666666667
강지혜,연극,12,0.8
강지혜,한국무용,2,0.13333333333333333
강지환,연극,1,1.0
강지훈,뮤지컬,1,1.0
강진구,대중가요,7,0.7
강진구,연극,3,0.3
강진명,뮤지컬,1,1.0
강진석,혼합,3,1.0
강진원,오페라,2,1.0
강진희,성악,5,1.0
강찬이,연극,1,1.0
강찬하,연극,1,1.0
강채연,뮤지컬,1,0.5
강채연,연극,1,0.5
강채원,성악,1,1.0
강채은,오페라,1,1.0
강천정,연극,1,1.0
강충만,마임,1,0.3333333333333333
강충만,연극,2,0.6666666666666666
강태경,성악,1,0.25
강태경,연극,3,0.75
강태구,기악,1,1.0
강태식,연극,2,1.0
강태욱,연극,2,0.6666666666666666
강태욱,오페라,1,0.3333333333333333
강태원,현대무용,4,1.0
강태준,연극,4,1.0
강태환,혼합,1,1.0
강필수,뮤지컬,1,1.0
강하늘,뮤지컬,1,0.25
강하늘,연극,3,0.75
강하님,뮤지컬,9,1.0
강하영,연극,1,1.0
강하은,기악,2,0.5
강하은,대중가요,1,0.25
강하은,인형극,1,0.25
강하주,연극,2,1.0
강한구,마임,1,1.0
강한근,연극,1,1.0
강한뫼,기악,7,0.7777777777777778
강한뫼,기타,1,0.1111111111111111
강한뫼,성악,1,0.1111111111111111
강한민,연극,3,1.0
강한별,뮤지컬,41,0.9534883720930233
강한별,연극,1,0.023255813953488372
강한별,오페라,1,0.023255813953488372
강한준,기악,1,1.0
강해랑,연극,3,1.0
강해수,오페라,1,1.0
강헌,뮤지컬,1,1.0
강헤명,뮤지컬,1,0.5
강헤명,오페라,1,0.5
강현경,마당극,1,1.0
강현나,기악,1,1.0
강현민,기악,2,0.3333333333333333
강현민,기타,1,0.16666666666666666
강현민,뮤지컬,3,0.5
강현식,기타,1,1.0
강현옥,한국무용,1,1.0
강현욱,기악,1,0.07692307692307693
강현욱,대중가요,1,0.07692307692307693
강현욱,연극,11,0.8461538461538461
강현주,연극,3,1.0
강현택,연극,1,1.0
강현호,기악,1,0.09090909090909091
강현호,뮤지컬,2,0.18181818181818182
강현호,한국무용,4,0.36363636363636365
강현호,현대무용,4,0.36363636363636365
강현후,한국무용,1,1.0
강형규,성악,2,1.0
강혜경,성악,6,0.6666666666666666
강혜경,연극,1,0.1111111111111111
강혜경,오페라,2,0.2222222222222222
강혜리,기악,2,1.0
강혜림,성악,1,0.3333333333333333
강혜림,연극,1,0.3333333333333333
강혜림,재즈/월드뮤직,1,0.3333333333333333
강혜명,오페라,5,1.0
강혜빈,연극,1,1.0
강혜영,오페라,1,1.0
강혜진,기악,1,0.5
강혜진,연극,1,0.5
강호석,뮤지컬,3,0.5
강호석,연극,3,0.5
강호원,뮤지컬,1,1.0
강호준,한국무용,1,1.0
강홍준,뮤지컬,1,1.0
강화자,오페라,5,1.0
강화정,연극,1,1.0
강환규,한국무용,1,1.0
강환영,기악,1,1.0
강효림,마임,1,1.0
강효정,기악,6,0.8571428571428571
강효정,성악,1,0.14285714285714285
강효주,성악,4,1.0
강효지,기악,3,1.0
강효형,발레,2,1.0
강훈,기악,1,1.0
강훈구,악극,1,0.1
강훈구,연극,9,0.9
강흥석,기악,1,1.0
강희경,연극,1,1.0
강희세,뮤지컬,1,1.0
강희우,기타,1,0.5
강희우,뮤지컬,1,0.5
강희은,연극,3,1.0
강희정,연극,3,1.0
게명국,재즈/월드뮤직,1,0.5
게명국,혼합,1,0.5
견민정,연극,1,1.0
경규선,연극,1,1.0
경규원,한국무용,1,1.0
경민선,기악,1,0.0625
경민선,연극,1,0.0625
경민선,인형극,5,0.3125
경민선,한국무용,7,0.4375
경민선,혼합,2,0.125
경상현,연극,1,1.0
경진수,뮤지컬,1,1.0
경회수,뮤지컬,1,1.0
경희설,기악,1,1.0
계명국,기악,3,1.0
계성원,기악,5,0.5555555555555556
계성원,한국무용,2,0.2222222222222222
계성원,혼합,2,0.2222222222222222
고강민,뮤지컬,21,0.5
고강민,연극,21,0.5
고건,연극,1,1.0
고건령,연극,2,1.0
고건우,뮤지컬,2,1.0
고검재,인형극,1,1.0
고군일,연극,1,1.0
고권금,연극,2,1.0
고귀경,연극,10,1.0
고규미,인형극,2,1.0
고규원,연극,1,1.0
고근영,연극,1,1.0
고근혜,연극,3,1.0
고금석,연극,1,1.0
고길영,기악,1,1.0
고난영,연극,1,1.0
고내현,연극,1,1.0
고능석,넌버벌 퍼포먼스,1,0.041666666666666664
고능석,마임,5,0.20833333333333334
고능석,서커스/마술,1,0.041666666666666664
고능석,연극,17,0.7083333333333334
고대인,기악,1,1.0
고대호,연극,3,1.0
고도일,뮤지컬,2,1.0
고동업,연극,2,1.0
고동옥,연극,2,1.0
고동욱,기악,1,0.16666666666666666
고동욱,성악,1,0.16666666666666666
고동욱,연극,3,0.5
고동욱,혼합,1,0.16666666666666666
고동현,기악,2,1.0
고동희,뮤지컬,2,0.6666666666666666
고동희,악극,1,0.3333333333333333
고만석,기악,2,1.0
고명지,연극,1,1.0
고명현,연극,3,1.0
고명희,연극,1,1.0
고문정,뮤지컬,1,1.0
고미경,뮤지컬,2,1.0
고민규,뮤지컬,6,1.0
고민주,연극,2,1.0
고민준,연극,1,1.0
고민지,연극,1,1.0
고병순,연극,1,1.0
고병일,뮤지컬,4,0.8
고병일,인형극,1,0.2
고보경,뮤지컬,1,1.0
고보민,연극,1,1.0
고봉조,뮤지컬,2,1.0
고빈서,연극,1,1.0
고상미,성악,1,1.0
고상욱,뮤지컬,1,1.0
고상지,발레,2,1.0
고서빈,연극,2,1.0
고서형,연극,1,1.0
고석기,연극,10,1.0
고석우,성악,4,1.0
고석진,기악,1,1.0
고선아,한국무용,1,1.0
고선옥,연극,2,1.0
고선웅,뮤지컬,20,0.3389830508474576
고선웅,연극,29,0.4915254237288136
고선웅,창극,10,0.1694915254237288
고선평,뮤지컬,2,0.2222222222222222
고선평,성악,1,0.1111111111111111
고선평,연극,6,0.6666666666666666
고설경,연극,1,1.0
고성원,연극,1,1.0
고성은,기악,1,1.0
고성일,기악,4,0.6666666666666666
고성일,성악,1,0.16666666666666666
고성일,오페라,1,0.16666666666666666
고성재,연희,1,1.0
고성진,뮤지컬,2,0.6666666666666666
고성진,성악,1,0.3333333333333333
고성현,기악,1,1.0
고소원,기악,1,1.0
고수민,연극,1,1.0
고수영,뮤지컬,2,0.3333333333333333
고수영,연극,4,0.6666666666666666
고순덕,연극,7,1.0
고승미,뮤지컬,1,1.0
고승민,뮤지컬,1,1.0
고승우,연극,1,1.0
고승유,기악,1,0.25
고승유,뮤지컬,1,0.25
고승유,연극,1,0.25
고승유,혼합,1,0.25
고아라,뮤지컬,1,0.3333333333333333
고아라,현대무용,2,0.6666666666666666
고야경,뮤지컬,4,1.0
고연옥,연극,4,0.5
고연옥,오페라,2,0.25
고연옥,창극,2,0.25
고연정,기악,1,1.0
고연주,연극,2,1.0
고영남,연극,1,1.0
고영란,성악,1,1.0
고영민,연극,1,1.0
고영범,뮤지컬,1,0.2
고영범,연극,4,0.8
고영복,기악,1,1.0
고영봉,뮤지컬,1,1.0
고영분,연희,1,1.0
고영신,기악,1,1.0
고영은,뮤지컬,1,0.5
고영은,연희,1,0.5
고영익,연극,2,1.0
고영일,기악,1,1.0
고영철,기악,1,0.3333333333333333
고영철,연극,2,0.6666666666666666
고예진,성악,1,1.0
고완석,연극,1,1.0
고용한,한국무용,1,1.0
고우리,연극,1,0.5
고우리,한국무용,1,0.5
고우석,혼합,1,1.0
고원석,연극,1,1.0
고유,연극,1,1.0
고유라,연극,2,1.0
고유연,연극,1,1.0
고유정,성악,3,1.0
고유진,대중가요,1,0.5
고유진,연극,1,0.5
고윤기,기악,1,1.0
고윤호,뮤지컬,1,1.0
고은결,연극,1,1.0
고은경,연극,2,1.0
고은님,뮤지컬,1,1.0
고은렬,연극,2,1.0
고은별,넌버벌 퍼포먼스,3,0.6
고은별,성악,1,0.2
고은별,연극,1,0.2
고은비,연극,2,1.0
고은애,연극,1,1.0
고은영,기악,1,1.0
고은정,연희,1,1.0
고은하,성악,1,1.0
고은희,뮤지컬,1,1.0
고이현,뮤지컬,1,1.0
고인배,연극,2,1.0
고일도,현대무용,1,1.0
고일언,오페라,1,1.0
고일혁,연극,1,1.0
고재강,뮤지컬,1,1.0
고재경,넌버벌 퍼포먼스,1,0.038461538461538464
고재경,마임,9,0.34615384615384615
고재경,서커스/마술,1,0.038461538461538464
고재경,연극,15,0.5769230769230769
고재귀,연극,1,0.5
고재귀,오페라,1,0.5
고재연,성악,1,1.0
고재영,연극,1,1.0
고재현,뮤지컬,4,0.5714285714285714
고재현,연극,2,0.2857142857142857
고재현,재즈/월드뮤직,1,0.14285714285714285
고정경,연극,1,1.0
고정민,연극,5,1.0
고정보,연희,1,1.0
고정욱,뮤지컬,25,1.0
고제형,오페라,7,1.0
고주영,연극,4,1.0
고주원,연극,1,1.0
고준,연극,3,0.75
고준,현대무용,1,0.25
고준영,연극,1,1.0
고지마 다카케루,인형극,1,1.0
고지수,연극,1,1.0
고지웅,연극,2,1.0
고지원,뮤지컬,1,1.0
고지인,현대무용,1,1.0
고지혁,연극,1,1.0
고진,연극,1,1.0
고진아,연극,1,1.0
고찬용,뮤지컬,1,1.0
고창길,기악,3,0.75
고창길,혼합,1,0.25
고춘식,혼합,1,1.0
고태규,연극,2,1.0
고태민,연극,4,1.0
고태암,오페라,1,1.0
고태우,연극,1,1.0
고태욱,혼합,1,1.0
고태은,기악,1,1.0
고태현,연극,3,1.0
고태호,마임,1,0.25
고태호,연극,3,0.75
고한비,연극,4,1.0
고한석,기악,1,1.0
고해성,연극,2,1.0
고해종,연극,2,1.0
고헤정,뮤지컬,1,1.0
고현경,연극,1,1.0
고현아,연희,1,0.5
고현아,오페라,1,0.5
고현정,대중가요,1,0.5
고현정,뮤지컬,1,0.5
고혜련,현대무용,1,1.0
고혜령,연극,1,1.0
고혜선,한국무용,1,1.0
고혜수,뮤지컬,3,1.0
고혜영,뮤지컬,1,1.0
고혜정,뮤지컬,2,0.13333333333333333
고혜정,연극,13,0.8666666666666667
고혜종,연극,1,1.0
고휘경,발레,1,1.0
고희선,뮤지컬,2,0.2222222222222222
고희선,발레,1,0.1111111111111111
고희선,연극,5,0.5555555555555556
고희선,현대무용,1,0.1111111111111111
곡수인,연극,5,1.0
공문정,발레,1,1.0
공병준,악극,1,1.0
공병태,발레,3,1.0
공성재,기악,1,1.0
공시온,기악,1,1.0
공양제,연극,7,1.0
공연화,한국무용,1,0.16666666666666666
공연화,현대무용,5,0.8333333333333334
공영선,현대무용,2,1.0
공영식,기악,1,0.5
공영식,오페라,1,0.5
공예빈,뮤지컬,11,1.0
공우영,기악,9,1.0
공원희,연극,1,1.0
공유빈,연극,8,1.0
공은영,연극,1,1.0
공응구,연희,1,1.0
공인식,넌버벌 퍼포먼스,1,1.0
공재민,연극,1,1.0
공준표,연극,1,1.0
공지혜,뮤지컬,1,1.0
공찬호,연극,1,1.0
공철우,연극,1,1.0
공태희,뮤지컬,1,1.0
공한식,뮤지컬,2,0.10526315789473684
공한식,연극,17,0.8947368421052632
공현준,연극,2,1.0
공형욱,기악,1,1.0
공혜경,오페라,4,1.0
공혜린,오페라,1,1.0
공혜영,기악,1,1.0
공홍표,성악,1,0.07142857142857142
공홍표,연극,6,0.42857142857142855
공홍표,오페라,5,0.35714285714285715
공홍표,혼합,2,0.14285714285714285
공희경,악극,1,1.0
곽나영,재즈/월드뮤직,1,1.0
곽내영,오페라,1,1.0
곽대희,연극,1,1.0
곽동근,뮤지컬,6,1.0
곽동인,발레,1,1.0
곽동주,연극,1,1.0
곽동현,성악,1,1.0
곽두성,뮤지컬,1,0.07692307692307693
곽두성,연극,11,0.8461538461538461
곽두성,오페라,1,0.07692307692307693
곽두한,연극,2,1.0
곽두환,연극,13,1.0
곽명숙,현대무용,2,1.0
곽명지,한국무용,6,0.8571428571428571
곽명지,현대무용,1,0.14285714285714285
곽미숙,뮤지컬,1,1.0
곽민기,뮤지컬,2,0.6666666666666666
곽민기,연극,1,0.3333333333333333
곽민서,기악,1,0.25
곽민서,연극,2,0.5
곽민서,연희,1,0.25
곽민석,연극,1,1.0
곽민재,뮤지컬,1,0.5
곽민재,연극,1,0.5
곽민희,연극,3,1.0
곽병창,연극,1,1.0
곽상희,뮤지컬,1,1.0
곽선혜,기악,1,0.25
곽선혜,악극,3,0.75
곽세은,뮤지컬,1,1.0
곽세희,연극,1,1.0
곽소정,연극,1,1.0
곽소현,연극,1,1.0
곽수은,기악,1,1.0
곽수정,악극,1,0.25
곽수정,연극,3,0.75
곽아영,악극,1,1.0
곽연우,연극,1,1.0
곽연진,연극,1,1.0
곽영은,기악,1,0.3333333333333333
곽영은,오페라,1,0.3333333333333333
곽영은,현대무용,1,0.3333333333333333
곽예령,연극,1,1.0
곽예진,연극,4,1.0
곽용민,기악,1,0.1111111111111111
곽용민,발레,1,0.1111111111111111
곽용민,연극,3,0.3333333333333333
곽용민,현대무용,4,0.4444444444444444
곽우철,성악,1,1.0
곽유진,연극,2,1.0
곽유하,현대무용,1,1.0
곽윤미,연극,4,1.0
곽윤아,발레,2,1.0
곽은비,연극,1,1.0
곽은수,기악,1,1.0
곽은영,뮤지컬,1,1.0
곽은태,성악,1,1.0
곽은혜,뮤지컬,1,1.0
곽정은,악극,1,0.5
곽정은,연극,1,0.5
곽정화,연극,1,1.0
곽종필,연극,3,1.0
곽주희,악극,1,1.0
곽준영,현대무용,1,1.0
곽지수,뮤지컬,1,1.0
곽태경,발레,1,1.0
곽태준,악극,1,0.125
곽태준,연극,7,0.875
곽현정,성악,1,0.16666666666666666
곽현정,오페라,5,0.8333333333333334
곽현주,성악,1,1.0
곽현지,연극,1,1.0
곽혜경,성악,3,0.6
곽혜경,재즈/월드뮤직,2,0.4
곽혜리,뮤지컬,1,1.0
곽호관,연극,1,1.0
곽효중,마임,1,0.5
곽효중,인형극,1,0.5
곽희찬,뮤지컬,4,1.0
구가빈,연극,2,1.0
구경훈,혼합,1,1.0
구근회,연극,1,1.0
구나영,뮤지컬,1,1.0
구다빈,뮤지컬,1,1.0
구도윤,뮤지컬,7,0.5
구도윤,악극,3,0.21428571428571427
구도윤,연극,2,0.14285714285714285
구도윤,혼합,2,0.14285714285714285
구동수,한국무용,2,0.6666666666666666
구동수,현대무용,1,0.3333333333333333
구동한,성악,1,1.0
구두리,연극,3,1.0
구모균,성악,1,1.0
구모영,기악,2,0.2222222222222222
구모영,오페라,7,0.7777777777777778
구문회,연극,1,1.0
구민재,연극,1,1.0
구민정,연극,1,1.0
구백산,뮤지컬,3,1.0
구보경,연극,11,1.0
구본광,성악,3,0.75
구본광,오페라,1,0.25
구본영,뮤지컬,1,1.0
구본주,연극,2,1.0
구본창,악극,1,1.0
구본춘,뮤지컬,2,1.0
구본현,연극,1,1.0
구상현,연극,1,1.0
구서영,한국무용,2,0.5
구서영,현대무용,2,0.5
구선진,뮤지컬,2,0.16666666666666666
구선진,연극,6,0.5
구선진,인형극,4,0.3333333333333333
구설아,뮤지컬,1,1.0
구소영,뮤지컬,1,1.0
구수민,기악,1,0.5
구수민,성악,1,0.5
구스타프 말러,기악,1,1.0
구시연,연극,1,0.5
구시연,현대무용,1,0.5
구옥분,뮤지컬,3,0.6
구옥분,연극,2,0.4
구유진,성악,1,0.125
구유진,오페라,7,0.875
구윤경,기악,1,1.0
구윤영,연극,2,1.0
구윤지,발레,1,1.0
구윤희,뮤지컬,1,0.5
구윤희,연극,1,0.5
구은서,연극,1,1.0
구은홍,연극,1,1.0
구인렬,기악,1,1.0
구자경,혼합,1,1.0
구자랑,현대무용,1,1.0
구자림,뮤지컬,1,0.5
구자림,연극,1,0.5
구자은,기악,8,1.0
구자헌,뮤지컬,3,1.0
구자헤,연극,1,1.0
구자혜,연극,8,1.0
구자환,마당극,1,1.0
구재공,연극,1,1.0
구재연,기악,1,0.16666666666666666
구재연,연희,1,0.16666666666666666
구재연,혼합,4,0.6666666666666666
구재홍,연극,1,0.125
구재홍,한국무용,4,0.5
구재홍,현대무용,3,0.375
구종회,기타,1,0.25
구종회,뮤지컬,1,0.25
구종회,연극,2,0.5
구준호,연극,1,1.0
구지수,연극,1,1.0
구지영,뮤지컬,20,1.0
구지혜,연극,1,1.0
구진아,연극,2,1.0
구찬영,연극,3,1.0
구천,오페라,1,1.0
구충길,뮤지컬,2,1.0
구태민,연극,1,1.0
구태석,연극,2,1.0
구태환,넌버벌 퍼포먼스,1,0.041666666666666664
구태환,뮤지컬,1,0.041666666666666664
구태환,연극,22,0.9166666666666666
구하나,연극,3,1.0
구한슬,뮤지컬,1,1.0
구한영,연극,1,1.0
구현소,연극,1,1.0
구현욱,뮤지컬,2,1.0
국민성,뮤지컬,8,0.34782608695652173
국민성,연극,15,0.6521739130434783
국수호,마당극,1,0.1111111111111111
국수호,한국무용,6,0.6666666666666666
국수호,현대무용,1,0.1111111111111111
국수호,혼합,1,0.1111111111111111
국순봉,연극,1,1.0
국윤호,인형극,1,1.0
국재환,뮤지컬,1,1.0
국지수,현대무용,2,1.0
국초롱,뮤지컬,1,0.3333333333333333
국초롱,연극,2,0.6666666666666666
국현,성악,2,1.0
궁도환,연극,1,1.0
궈천즈,연극,1,1.0
권가연,성악,2,1.0
권건하,연극,1,1.0
권경아,성악,1,1.0
권경은,뮤지컬,1,1.0
권경하,연극,1,1.0
권경훈,연극,2,1.0
권고섭,연극,1,1.0
권구용,뮤지컬,2,0.3333333333333333
권구용,서커스/마술,1,0.16666666666666666
권구용,연극,3,0.5
권근영,연극,5,1.0
권기량,연극,1,1.0
권기복,연극,1,1.0
권기원,뮤지컬,2,1.0
권기은,뮤지컬,2,0.6666666666666666
권기은,연극,1,0.3333333333333333
권나은,기악,1,0.25
권나은,성악,1,0.25
권나은,연극,2,0.5
권나현,연극,1,1.0
권다림,뮤지컬,1,1.0
권다빈,대중가요,1,1.0
권다솔,뮤지컬,1,1.0
권다인,연극,1,1.0
권단비,성악,1,1.0
권도경,뮤지컬,1,1.0
권도균,연극,1,1.0
권도윤,기악,1,1.0
권동출,기악,1,1.0
권동현,성악,3,1.0
권라임,성악,1,0.2
권라임,연극,4,0.8
권력,한국무용,1,1.0
권령은,뮤지컬,2,0.3333333333333333
권령은,연극,1,0.16666666666666666
권령은,현대무용,3,0.5
권명주,한국무용,1,0.5
권명주,현대무용,1,0.5
권명혜,기악,10,1.0
권문선,대중가요,1,1.0
권미란,기악,1,1.0
권미령,연극,2,1.0
권미솔,연극,1,1.0
권미영,한국무용,1,1.0
권미정,기악,1,0.5
권미정,현대무용,1,0.5
권미진,연극,1,1.0
권미혜,연극,1,1.0
권민경,연극,2,1.0
권민서,연극,1,1.0
권민석,기악,1,0.1
권민석,오페라,9,0.9
권민선,연극,1,1.0
권민성,연극,2,1.0
권민정,기타,1,0.5
권민정,창극,1,0.5
권민지,연극,2,1.0
권민찬,현대무용,1,1.0
권민희,연극,4,1.0
권병길,연극,1,1.0
권병민,연극,1,1.0
권병준,연극,1,0.3333333333333333
권병준,현대무용,2,0.6666666666666666
권보빈,발레,2,1.0
권사리,연극,1,1.0
권상우,연극,4,0.8
권상우,한국무용,1,0.2
권상진,연극,2,1.0
권새미,뮤지컬,1,1.0
권서령,연극,2,1.0
권서연,연극,1,1.0
권서의,연극,2,1.0
권석린,스트리트/스포츠댄스,1,0.14285714285714285
권석린,연희,1,0.14285714285714285
권석린,한국무용,1,0.14285714285714285
권석린,현대무용,1,0.14285714285714285
권석린,혼합,3,0.42857142857142855
권성순,뮤지컬,1,1.0
권성연,기악,2,0.6666666666666666
권성연,연극,1,0.3333333333333333
권성욱,연극,1,1.0
권성윤,연극,5,1.0
권성준,오페라,4,1.0
권성택,기악,1,0.5
권성택,성악,1,0.5
권성화,오페라,1,1.0
권세은,뮤지컬,1,1.0
권세현,발레,1,1.0
권소희,연극,2,1.0
권솔,연극,1,1.0
권수빈,성악,3,0.6
권수빈,오페라,2,0.4
권수은,뮤지컬,1,0.3333333333333333
권수은,성악,1,0.3333333333333333
권수은,재즈/월드뮤직,1,0.3333333333333333
권수정,연극,1,1.0
권수현,연극,9,0.9
권수현,연희,1,0.1
권순창,연극,1,1.0
권순환,연극,2,1.0
권승연,뮤지컬,6,0.8571428571428571
권승연,연극,1,0.14285714285714285
권승원,뮤지컬,1,1.0
권아람,뮤지컬,1,1.0
권안나,뮤지컬,2,1.0
권애진,연극,1,1.0
권연순,뮤지컬,1,0.25
권연순,연극,3,0.75
권영국,연극,2,1.0
권영민,오페라,1,1.0
권영심,한국무용,1,1.0
권영우,기악,1,1.0
권영일,성악,1,1.0
권영준,연극,1,1.0
권영현,연극,3,1.0
권영호,연극,9,1.0
권예리,연극,1,1.0
권예성,기악,2,1.0
권예원,연극,3,1.0
권예지,뮤지컬,1,1.0
권오경,기악,1,0.5
권오경,뮤지컬,1,0.5
권오단,오페라,3,1.0
권오석,혼합,1,1.0
권오섭,뮤지컬,7,1.0
권오성,연극,1,1.0
권오월,연극,1,1.0
권오윤,뮤지컬,1,0.1111111111111111
권오윤,연극,8,0.8888888888888888
권오현,기악,3,0.3
권오현,대중가요,1,0.1
권오현,연극,6,0.6
권용,연극,3,1.0
권용근,연극,1,1.0
권용기,뮤지컬,4,1.0
권용만,뮤지컬,1,0.2
권용만,오페라,4,0.8
권용운,연극,1,1.0
권용준,연극,2,1.0
권용진,기악,1,0.16666666666666666
권용진,성악,1,0.16666666666666666
권용진,오페라,4,0.6666666666666666
권우진,연극,3,1.0
권유미,기악,1,0.5
권유미,성악,1,0.5
권유빈,연극,1,1.0
권유선,성악,1,1.0
권유진,성악,2,0.6666666666666666
권유진,연극,1,0.3333333333333333
권윤구,뮤지컬,1,1.0
권윤형,기악,1,0.25
권윤형,현대무용,3,0.75
권율,기악,1,1.0
권은기,현대무용,1,1.0
권은별,연극,1,1.0
권은서,연극,1,1.0
권은실,기악,11,0.7857142857142857
권은실,성악,3,0.21428571428571427
권은아,넌버벌 퍼포먼스,1,0.023255813953488372
권은아,뮤지컬,42,0.9767441860465116
권은정,기악,1,1.0
권은지,기악,3,1.0
권은진,연극,2,1.0
권은하,연극,2,1.0
권이랑,뮤지컬,1,1.0
권이은정,재즈/월드뮤직,1,1.0
권이준,현대무용,1,1.0
권이진,인형극,2,1.0
권일심,연극,1,1.0
권재원,뮤지컬,2,1.0
권재인,연극,1,1.0
권재헌,현대무용,1,1.0
권정미,뮤지컬,1,0.125
권정미,연극,7,0.875
권정생,연극,2,1.0
권정욱,뮤지컬,3,1.0
권정은,뮤지컬,2,1.0
권정택,연극,3,1.0
권정환,기악,2,1.0
권정훈,연극,1,1.0
권정희,연극,2,1.0
권제인,연극,3,1.0
권주영,연극,1,1.0
권준성,연희,1,1.0
권준영,연극,1,1.0
권준철,뮤지컬,1,0.3333333333333333
권준철,연극,2,0.6666666666666666
권지나,마당극,1,1.0
권지애,연극,3,1.0
권지연,연극,2,1.0
권지영,기악,1,1.0
권지원,기악,1,0.25
권지원,오페라,3,0.75
권지인,한국무용,2,1.0
권지현,연극,10,0.9090909090909091
권지현,인형극,1,0.09090909090909091
권지혜,기악,5,1.0
권지휘,뮤지컬,1,0.5
권지휘,연극,1,0.5
권진상,뮤지컬,3,0.6
권진상,연극,2,0.4
권진성,연극,1,1.0
권진영,연극,1,1.0
권진의,연극,2,1.0
권찬기,뮤지컬,1,1.0
권찬민,연극,3,1.0
권찬우,뮤지컬,38,1.0
권태균,기악,1,0.5
권태균,현대무용,1,0.5
권태연,연극,1,1.0
권태오,성악,1,1.0
권태우,성악,2,1.0
권태웅,뮤지컬,3,0.42857142857142855
권태웅,연극,4,0.5714285714285714
권태윤,기악,1,1.0
권태일,연극,2,1.0
권태현,한국무용,1,0.5
권태현,현대무용,1,0.5
권태희,연극,1,1.0
권택삼,인형극,2,1.0
권하리,연극,1,1.0
권하빈,연극,1,1.0
권하영,기악,1,1.0
권하은,연극,2,1.0
권혁,연극,1,0.125
권혁,현대무용,7,0.875
권혁남,연극,3,1.0
권혁미,뮤지컬,8,0.8888888888888888
권혁미,연극,1,0.1111111111111111
권혁우,연극,8,0.8888888888888888
권혁우,연희,1,0.1111111111111111
권혁일,연극,1,1.0
권혁주,연극,1,1.0
권혁준,오페라,2,1.0
권혁진,연극,1,1.0
권현주,연극,1,1.0
권현지,연극,1,1.0
권현진,기악,1,1.0
권혜원,연극,1,1.0
권혜은,뮤지컬,2,1.0
권혜진,기악,2,1.0
권호성,뮤지컬,32,0.8
권호성,연극,7,0.175
권호성,연희,1,0.025
권홍석,뮤지컬,1,1.0
권효원,연극,1,0.14285714285714285
권효원,현대무용,6,0.8571428571428571
권효정,뮤지컬,1,0.3333333333333333
권효정,인형극,1,0.3333333333333333
권효정,혼합,1,0.3333333333333333
권효진,뮤지컬,5,0.7142857142857143
권효진,한국무용,2,0.2857142857142857
권희주,뮤지컬,1,1.0
궝용진,오페라,1,1.0
그레이스 조,오페라,1,1.0
그레이엄 빅,오페라,1,1.0
그레타 리,한국무용,1,1.0
근종천,연극,4,1.0
글렌 슬레이터,뮤지컬,1,1.0
금길동,기악,1,1.0
금난새,기악,24,0.8
금난새,성악,5,0.16666666666666666
금난새,오페라,1,0.03333333333333333
금단비,뮤지컬,1,1.0
금민영,발레,1,1.0
금배섭,연극,3,0.3
금배섭,현대무용,7,0.7
금세연,현대무용,1,1.0
금수진,연극,1,1.0
금수현,연극,1,0.5
금수현,오페라,1,0.5
금시원,현대무용,1,1.0
금정숙,연극,1,1.0
금진호,연극,6,1.0
금찬이,기악,1,1.0
기 나데르,현대무용,1,1.0
기국서,연극,7,1.0
기대호,연극,2,1.0
기민정,뮤지컬,1,0.1
기민정,성악,5,0.5
기민정,오페라,4,0.4
기성은,성악,1,1.0
기수진,기악,1,1.0
기숙희,기악,1,1.0
기영호,기악,4,1.0
기용근,연극,1,1.0
기은민,연극,1,1.0
기주봉,연극,1,1.0
기춘희,연극,3,0.75
기춘희,인형극,1,0.25
기태성,성악,1,1.0
기태인,연극,7,0.5833333333333334
기태인,인형극,5,0.4166666666666667
기하라,연극,1,1.0
긱명은,연극,1,1.0
길경호,오페라,1,1.0
길고은,연극,1,1.0
길기현,기악,1,1.0
길민지,인형극,1,1.0
길민호,오페라,3,1.0
길상수,연극,1,1.0
길석근,연희,1,1.0
길실현,기악,1,1.0
길애령,오페라,1,1.0
길연범,뮤지컬,2,0.2857142857142857
길연범,연극,5,0.7142857142857143
길유림,뮤지컬,2,1.0
길인범,연극,1,1.0
길주향,성악,1,1.0
길태임,연극,1,1.0
길현민,연극,2,1.0
길현아,현대무용,1,1.0
김 민,기악,1,1.0
김 신,기악,1,1.0
김 찬,뮤지컬,1,1.0
김가람,기악,4,0.18181818181818182
김가람,넌버벌 퍼포먼스,1,0.045454545454545456
김가람,뮤지컬,13,0.5909090909090909
김가람,연극,4,0.18181818181818182
김가민,연극,3,0.6
김가민,현대무용,2,0.4
김가빈,뮤지컬,1,0.3333333333333333
김가빈,연극,2,0.6666666666666666
김가연,기악,1,0.3333333333333333
김가연,연극,2,0.6666666666666666
김가영,연극,6,0.8571428571428571
김가영,오페라,1,0.14285714285714285
김가은,연극,5,0.7142857142857143
김가은,현대무용,2,0.2857142857142857
김가현,연극,2,0.3333333333333333
김가현,한국무용,1,0.16666666666666666
김가현,현대무용,3,0.5
김강곤,연극,2,0.5
김강곤,연희,1,0.25
김강곤,혼합,1,0.25
김강륜,연극,1,1.0
김강민,연극,1,1.0
김강석,연극,2,1.0
김강수,넌버벌 퍼포먼스,1,0.16666666666666666
김강수,마당극,1,0.16666666666666666
김강수,연극,3,0.5
김강수,혼합,1,0.16666666666666666
김강욱,성악,1,1.0
김강운,연극,1,1.0
김강일,연극,2,1.0
김강준,오페라,1,1.0
김강태,연극,2,1.0
김강현,뮤지컬,1,0.3333333333333333
김강현,연극,2,0.6666666666666666
김강호,연극,1,1.0
김강훈,기악,1,1.0
김거성,연극,1,1.0
김건,뮤지컬,1,0.3333333333333333
김건,연극,1,0.3333333333333333
김건,오페라,1,0.3333333333333333
김건보,연극,1,1.0
김건영,기악,2,0.11764705882352941
김건영,뮤지컬,1,0.058823529411764705
김건영,성악,2,0.11764705882352941
김건영,연극,7,0.4117647058823529
김건영,인형극,3,0.17647058823529413
김건영,혼합,2,0.11764705882352941
김건와,성악,1,1.0
김건우,연극,1,0.5
김건우,오페라,1,0.5
김건중,현대무용,2,1.0
김건태,연극,1,1.0
김건표,연극,4,1.0
김건하,연극,1,1.0
김건호,기악,1,1.0
김건희,연극,2,0.6666666666666666
김건희,현대무용,1,0.3333333333333333
김결,뮤지컬,2,0.2857142857142857
김결,연극,5,0.7142857142857143
김경건,재즈/월드뮤직,1,1.0
김경덕,연극,2,1.0
김경동,현대무용,1,1.0
김경락,인형극,1,1.0
김경란,한국무용,4,1.0
김경래,연극,1,1.0
김경록,연극,1,1.0
김경률,연극,1,1.0
김경림,연극,2,1.0
김경모,연극,2,1.0
김경미,뮤지컬,1,0.14285714285714285
김경미,연극,4,0.5714285714285714
김경미,오페라,2,0.2857142857142857
김경민,기악,2,0.13333333333333333
김경민,뮤지컬,4,0.26666666666666666
김경민,연극,6,0.4
김경민,연희,1,0.06666666666666667
김경민,현대무용,2,0.13333333333333333
김경빈,연극,5,1.0
김경석,발레,1,1.0
김경선,기악,2,1.0
김경성,연극,1,1.0
김경수,기악,2,0.09090909090909091
김경수,연극,17,0.7727272727272727
김경수,한국무용,3,0.13636363636363635
김경숙,연희,1,0.1111111111111111
김경숙,한국무용,8,0.8888888888888888
김경식,연극,1,0.5
김경식,현대무용,1,0.5
김경신,발레,1,0.1
김경신,연극,1,0.1
김경신,현대무용,8,0.8
김경아,기악,2,0.5
김경아,오페라,2,0.5
김경양,성악,1,1.0
김경완,연극,1,1.0
김경용,뮤지컬,4,0.5
김경용,연극,4,0.5
김경욱,서커스/마술,3,0.75
김경욱,연극,1,0.25
김경원,뮤지컬,1,0.5
김경원,오페라,1,0.5
김경육,연극,2,1.0
김경은,연극,5,1.0
김경익,뮤지컬,2,0.25
김경익,연극,6,0.75
김경인,스트리트/스포츠댄스,1,1.0
김경주,뮤지컬,2,0.25
김경주,연극,6,0.75
김경준,뮤지컬,2,1.0
김경진,발레,2,0.2857142857142857
김경진,연극,4,0.5714285714285714
김경진,현대무용,1,0.14285714285714285
김경채,대중가요,3,0.75
김경채,성악,1,0.25
김경태,연극,1,1.0
김경택,뮤지컬,6,1.0
김경포,발레,1,1.0
김경화,연극,1,1.0
김경희,기악,3,0.23076923076923078
김경희,뮤지컬,3,0.23076923076923078
김경희,성악,2,0.15384615384615385
김경희,연극,3,0.23076923076923078
김경희,오페라,2,0.15384615384615385
김계리,연극,1,1.0
김계옥,기악,1,1.0
김계향,연극,1,1.0
김고은,기악,1,0.5
김고은,뮤지컬,1,0.5
김공주,연극,1,1.0
김관,뮤지컬,1,0.07692307692307693
김관,연극,10,0.7692307692307693
김관,오페라,2,0.15384615384615385
김관우,기악,1,1.0
김관의,성악,1,1.0
김관주,연극,1,1.0
김광,연극,1,1.0
김광규,연극,1,1.0
김광림,뮤지컬,1,0.5
김광림,연극,1,0.5
김광민,발레,3,0.6
김광민,성악,1,0.2
김광민,현대무용,1,0.2
김광범,뮤지컬,1,0.09090909090909091
김광범,발레,10,0.9090909090909091
김광보,뮤지컬,1,0.07142857142857142
김광보,연극,12,0.8571428571428571
김광보,창극,1,0.07142857142857142
김광선,기타,2,1.0
김광섭,연극,12,1.0
김광숙,성악,1,1.0
김광영,뮤지컬,1,1.0
김광용,성악,1,0.5
김광용,인형극,1,0.5
김광일,연극,2,1.0
김광진,뮤지컬,1,0.08333333333333333
김광진,발레,11,0.9166666666666666
김광탁,연극,10,1.0
김광현,발레,3,0.25
김광현,성악,4,0.3333333333333333
김광현,연극,1,0.08333333333333333
김광현,오페라,1,0.08333333333333333
김광현,재즈/월드뮤직,3,0.25
김광홍,뮤지컬,2,0.4
김광홍,연극,3,0.6
김광훈,뮤지컬,2,0.10526315789473684
김광훈,연극,17,0.8947368421052632
김광희,기악,3,1.0
김교린,뮤지컬,1,1.0
김교열,현대무용,1,1.0
김교은,기악,1,0.125
김교은,연극,4,0.5
김교은,인형극,3,0.375
김국원,연극,1,1.0
김국진,연극,1,1.0
김국희,연극,2,1.0
김권섭,기악,5,0.4166666666666667
김권섭,뮤지컬,4,0.3333333333333333
김권섭,연극,1,0.08333333333333333
김권섭,오페라,2,0.16666666666666666
김권식,성악,1,1.0
김귀자,성악,1,0.3333333333333333
김귀자,오페라,2,0.6666666666666666
김규남,뮤지컬,2,0.25
김규남,연극,5,0.625
김규남,재즈/월드뮤직,1,0.125
김규도,연극,1,1.0
김규동,기악,2,1.0
김규리,뮤지컬,1,0.16666666666666666
김규리,연극,3,0.5
김규리,인형극,1,0.16666666666666666
김규리,재즈/월드뮤직,1,0.16666666666666666
김규민,기악,1,1.0
김규보,연극,1,1.0
김규섭,연극,1,0.5
김규섭,현대무용,1,0.5
김규식,기악,1,0.25
김규식,성악,1,0.25
김규식,혼합,2,0.5
김규원,기악,4,1.0
김규일,뮤지컬,5,0.7142857142857143
김규일,성악,1,0.14285714285714285
김규일,연극,1,0.14285714285714285
김규종,뮤지컬,6,1.0
김규진,뮤지컬,1,0.16666666666666666
김규진,연극,3,0.5
김규진,현대무용,2,0.3333333333333333
김규태,뮤지컬,1,1.0
김규현,성악,1,1.0
김규형,기악,1,0.3333333333333333
김규형,창극,2,0.6666666666666666
김균,성악,3,1.0
김균아,연극,1,1.0
김균하,연극,1,1.0
김근도,기악,1,1.0
김근영,성악,2,0.2857142857142857
김근영,연극,5,0.7142857142857143
김근한,연극,1,1.0
김근환,연극,1,1.0
김금지,연극,1,1.0
김금희,뮤지컬,1,1.0
김기경,기악,1,0.5
김기경,연극,1,0.5
김기남,뮤지컬,1,1.0
김기돈,오페라,1,1.0
김기란,연극,1,1.0
김기령,연극,1,1.0
김기린,연극,1,1.0
김기만,뮤지컬,1,1.0
김기범,기악,1,0.3333333333333333
김기범,연극,2,0.6666666666666666
김기분,연극,8,1.0
김기석,뮤지컬,7,0.4375
김기석,악극,3,0.1875
김기석,연극,6,0.375
김기성,연극,1,1.0
김기수,뮤지컬,1,0.16666666666666666
김기수,연극,3,0.5
김기수,현대무용,2,0.3333333333333333
김기순,기악,1,1.0
김기연,뮤지컬,1,1.0
김기영,성악,1,0.2
김기영,연극,2,0.4
김기영,창극,1,0.2
김기영,혼합,1,0.2
김기운,연극,1,1.0
김기웅,기악,1,0.3333333333333333
김기웅,연극,2,0.6666666666666666
김기인,기악,1,1.0
김기일,연극,5,1.0
김기정,대중가요,1,0.06666666666666667
김기정,뮤지컬,2,0.13333333333333333
김기정,악극,2,0.13333333333333333
김기정,연극,8,0.5333333333333333
김기정,인형극,1,0.06666666666666667
김기정,혼합,1,0.06666666666666667
김기조,대중가요,1,1.0
김기준,성악,1,0.14285714285714285
김기준,오페라,6,0.8571428571428571
김기중,뮤지컬,1,0.3333333333333333
김기중,연극,2,0.6666666666666666
김기철,연극,1,1.0
김기태,성악,1,0.08333333333333333
김기태,악극,1,0.08333333333333333
김기태,연극,10,0.8333333333333334
김기하,연극,1,1.0
김기헌,스트리트/스포츠댄스,1,1.0
김기현,연극,1,1.0
김기형,인형극,2,1.0
김기호,성악,1,0.3333333333333333
김기호,연희,1,0.3333333333333333
김기호,오페라,1,0.3333333333333333
김기홍,연극,1,0.5
김기홍,인형극,1,0.5
김길려,뮤지컬,9,0.9
김길려,오페라,1,0.1
김길리,뮤지컬,1,1.0
김길수,기악,1,0.5
김길수,성악,1,0.5
김길용,발레,30,1.0
김길태,뮤지컬,2,0.6666666666666666
김길태,스트리트/스포츠댄스,1,0.3333333333333333
김길환,대중가요,1,1.0
김꽃지,한국무용,1,1.0
김나경,연극,5,1.0
김나래,기악,1,0.25
김나래,뮤지컬,1,0.25
김나래,연극,2,0.5
김나리,연극,1,1.0
김나미,연극,1,1.0
김나민,연극,1,1.0
김나언,현대무용,1,1.0
김나연,성악,1,0.08333333333333333
김나연,연극,7,0.5833333333333334
김나연,오페라,1,0.08333333333333333
김나연,한국무용,2,0.16666666666666666
김나연,혼합,1,0.08333333333333333
김나영,기악,3,0.125
김나영,뮤지컬,4,0.16666666666666666
김나영,발레,1,0.041666666666666664
김나영,연극,4,0.16666666666666666
김나영,인형극,3,0.125
김나영,한국무용,8,0.3333333333333333
김나영,현대무용,1,0.041666666666666664
김나원,기악,1,0.3333333333333333
김나원,연극,2,0.6666666666666666
김나윤,뮤지컬,5,0.5
김나윤,연극,5,0.5
김나은,기악,1,0.045454545454545456
김나은,발레,1,0.045454545454545456
김나은,연극,17,0.7727272727272727
김나은,오페라,1,0.045454545454545456
김나은,인형극,2,0.09090909090909091
김나의,현대무용,1,1.0
김나이,발레,1,0.5
김나이,현대무용,1,0.5
김나정,기악,1,0.2
김나정,뮤지컬,2,0.4
김나정,성악,1,0.2
김나정,연극,1,0.2
김나혁,연극,3,1.0
김나현,연극,2,1.0
김나형,기악,1,1.0
김나희,뮤지컬,1,0.25
김나희,연극,3,0.75
김낙수장,연극,1,1.0
김낙형,연극,8,1.0
김난수,현대무용,1,1.0
김난희,인형극,1,1.0
김남경,악극,1,1.0
김남국,연극,1,1.0
김남규,오페라,1,1.0
김남령,기악,1,1.0
김남순,기악,5,0.8333333333333334
김남순,혼합,1,0.16666666666666666
김남식,연극,1,0.2
김남식,현대무용,4,0.8
김남언,연극,5,1.0
김남엽,스트리트/스포츠댄스,1,0.2
김남엽,연극,4,0.8
김남영,대중가요,1,1.0
김남용,한국무용,6,1.0
김남우,연극,7,1.0
김남웅,한국무용,1,1.0
김남윤,기악,15,0.9375
김남윤,오페라,1,0.0625
김남인,연희,1,1.0
김남정,현대무용,1,1.0
김남진,기악,1,0.16666666666666666
김남진,오페라,2,0.3333333333333333
김남진,현대무용,3,0.5
김남현,넌버벌 퍼포먼스,1,0.16666666666666666
김남현,뮤지컬,3,0.5
김남현,연극,2,0.3333333333333333
김남형,뮤지컬,1,1.0
김남호,마당극,1,0.25
김남호,뮤지컬,3,0.75
김남훈,기악,4,0.8
김남훈,현대무용,1,0.2
김남희,연극,2,1.0
김노운,연극,3,1.0
김노은,연극,1,1.0
김녹연,오페라,1,1.0
김누리,기악,2,1.0
김다나,기타,1,0.1111111111111111
김다나,대중가요,8,0.8888888888888888
김다래,연극,2,1.0
김다미,성악,1,1.0
김다별,연극,1,1.0
김다빈,연극,1,1.0
김다솔,기악,1,0.5
김다솔,뮤지컬,1,0.5
김다솜,연희,1,0.5
김다솜,혼합,1,0.5
김다애,발레,2,1.0
김다연,뮤지컬,1,0.5
김다연,연극,1,0.5
김다영,연극,2,1.0
김다운,연극,2,1.0
김다원,연극,2,1.0
김다윤,기악,1,0.5
김다윤,연극,1,0.5
김다은,기악,2,0.3333333333333333
김다은,악극,1,0.16666666666666666
김다은,연극,3,0.5
김다인,기타,1,0.16666666666666666
김다인,연극,5,0.8333333333333334
김다정,연극,4,0.8
김다정,연희,1,0.2
김다함,뮤지컬,1,1.0
김다현,연극,3,1.0
김다희,뮤지컬,2,1.0
김단,성악,1,1.0
김단비,기악,2,0.4
김단비,기타,1,0.2
김단비,성악,1,0.2
김단비,연극,1,0.2
김단후,연극,1,1.0
김달중,뮤지컬,4,0.8
김달중,연극,1,0.2
김달호,뮤지컬,2,1.0
김담은,연극,1,1.0
김당중,뮤지컬,1,1.0
김대경,기악,1,0.16666666666666666
김대경,성악,1,0.16666666666666666
김대경,연극,2,0.3333333333333333
김대경,오페라,2,0.3333333333333333
김대근,연극,3,1.0
김대로,연극,1,1.0
김대성,기악,11,0.8461538461538461
김대성,뮤지컬,1,0.07692307692307693
김대성,혼합,1,0.07692307692307693
김대승,뮤지컬,1,1.0
김대연,연극,2,1.0
김대염,기악,1,0.5
김대염,오페라,1,0.5
김대영,대중가요,1,0.5
김대영,연극,1,0.5
김대용,연극,2,1.0
김대웅,뮤지컬,2,0.4
김대웅,연극,3,0.6
김대원,연극,2,1.0
김대일,뮤지컬,1,0.25
김대일,창극,3,0.75
김대준,연극,1,1.0
김대진,기악,4,1.0
김대철,뮤지컬,6,0.6
김대철,연극,4,0.4
김대한,마당극,1,0.16666666666666666
김대한,발레,1,0.16666666666666666
김대한,연극,4,0.6666666666666666
김대현,뮤지컬,5,0.5
김대현,연극,4,0.4
김대현,혼합,1,0.1
김대형,뮤지컬,1,1.0
김대환,현대무용,1,1.0
김대희,연극,1,1.0
김덕구,뮤지컬,8,0.47058823529411764
김덕구,서커스/마술,8,0.47058823529411764
김덕구,악극,1,0.058823529411764705
김덕기,발레,1,0.25
김덕기,성악,2,0.5
김덕기,오페라,1,0.25
김덕남,악극,1,1.0
김덕수,한국무용,2,1.0
김덕영,연극,1,1.0
김덕용,뮤지컬,1,1.0
김덕진,연극,2,1.0
김덕천,연극,2,1.0
김덕환,연희,1,1.0
김덕희,뮤지컬,7,0.875
김덕희,연극,1,0.125
김도건,서커스/마술,1,1.0
김도경,연극,3,0.75
김도경,오페라,1,0.25
김도균,기악,1,1.0
김도민,연극,1,1.0
김도수,연극,1,1.0
김도신,뮤지컬,1,0.5
김도신,연극,1,0.5
김도연,기악,4,0.4444444444444444
김도연,뮤지컬,2,0.2222222222222222
김도연,성악,1,0.1111111111111111
김도연,연극,2,0.2222222222222222
김도영,연극,6,0.8571428571428571
김도영,창극,1,0.14285714285714285
김도윤,기악,5,0.2777777777777778
김도윤,넌버벌 퍼포먼스,1,0.05555555555555555
김도윤,마임,4,0.2222222222222222
김도윤,서커스/마술,1,0.05555555555555555
김도윤,연극,6,0.3333333333333333
김도윤,인형극,1,0.05555555555555555
김도이,기악,3,0.75
김도이,현대무용,1,0.25
김도임,한국무용,1,1.0
김도현,연극,3,0.75
김도현,현대무용,1,0.25
김도형,뮤지컬,3,0.2727272727272727
김도형,연극,7,0.6363636363636364
김도형,혼합,1,0.09090909090909091
김도혜,연극,1,1.0
김도후,뮤지컬,2,0.6666666666666666
김도후,성악,1,0.3333333333333333
김도훈,연극,13,0.9285714285714286
김도훈,한국무용,1,0.07142857142857142
김도휘,혼합,1,1.0
김도희,연극,3,1.0
김돈,기악,1,1.0
김동경,연극,1,1.0
김동곤,뮤지컬,1,0.2
김동곤,발레,3,0.6
김동곤,연극,1,0.2
김동국,연극,2,1.0
김동규,기악,1,0.03125
김동규,성악,1,0.03125
김동규,연극,13,0.40625
김동규,연희,1,0.03125
김동규,한국무용,2,0.0625
김동규,현대무용,14,0.4375
김동기,연극,2,1.0
김동률,연극,1,1.0
김동명,기악,4,0.8
김동명,연극,1,0.2
김동미,연극,3,1.0
김동민,뮤지컬,1,0.2
김동민,성악,1,0.2
김동민,연극,2,0.4
김동민,혼합,1,0.2
김동범,대중가요,1,1.0
김동석,기악,1,0.3333333333333333
김동석,연극,1,0.3333333333333333
김동석,현대무용,1,0.3333333333333333
김동섭,오페라,2,1.0
김동성,대중가요,1,1.0
김동수,연극,2,1.0
김동순,악극,1,0.125
김동순,연극,7,0.875
김동식,뮤지컬,31,0.96875
김동식,연극,1,0.03125
김동언,뮤지컬,2,1.0
김동연,뮤지컬,36,0.8780487804878049
김동연,연극,5,0.12195121951219512
김동영,기악,1,0.09090909090909091
김동영,대중가요,1,0.09090909090909091
김동영,성악,1,0.09090909090909091
김동영,연극,6,0.5454545454545454
김동영,인형극,2,0.18181818181818182
김동옥,연극,1,1.0
김동완,연극,2,1.0
김동우,기악,1,0.25
김동우,발레,1,0.25
김동우,한국무용,1,0.25
김동우,현대무용,1,0.25
김동욱,기악,5,0.22727272727272727
김동욱,연극,17,0.7727272727272727
김동원,연극,5,0.8333333333333334
김동원,오페라,1,0.16666666666666666
김동윤,기악,1,0.3333333333333333
김동윤,연극,2,0.6666666666666666
김동은,기악,1,1.0
김동익,연극,1,1.0
김동인,연극,1,1.0
김동일,성악,1,0.045454545454545456
김동일,연극,1,0.045454545454545456
김동일,오페라,20,0.9090909090909091
김동준,기악,1,0.14285714285714285
김동준,연극,5,0.7142857142857143
김동준,창극,1,0.14285714285714285
김동진,성악,1,0.3333333333333333
김동진,연극,2,0.6666666666666666
김동찬,연극,4,1.0
김동창,연극,4,1.0
김동철,기악,1,1.0
김동하,연극,1,1.0
김동학,기악,1,1.0
김동해,연극,1,1.0
김동혁,기악,1,0.125
김동혁,성악,1,0.125
김동혁,연극,5,0.625
김동혁,인형극,1,0.125
김동현,기악,2,0.10526315789473684
김동현,뮤지컬,1,0.05263157894736842
김동현,성악,1,0.05263157894736842
김동현,연극,13,0.6842105263157895
김동현,인형극,1,0.05263157894736842
김동현,한국무용,1,0.05263157894736842
김동형,연극,3,1.0
김동호,연희,1,1.0
김동화,뮤지컬,1,0.5
김동화,연극,1,0.5
김동환,연극,1,0.3333333333333333
김동환,연희,1,0.3333333333333333
김동환,현대무용,1,0.3333333333333333
김동훈,연극,12,0.8571428571428571
김동훈,한국무용,2,0.14285714285714285
김동휘,연극,3,1.0
김동희,기악,1,1.0
김두남,넌버벌 퍼포먼스,1,1.0
김두리,연극,1,1.0
김두영,기악,2,0.2857142857142857
김두영,성악,1,0.14285714285714285
김두영,연극,4,0.5714285714285714
김두용,연극,1,1.0
김두원,연극,1,1.0
김두찬,연극,1,1.0
김두환,뮤지컬,3,0.21428571428571427
김두환,악극,1,0.07142857142857142
김두환,연극,10,0.7142857142857143
김라윤,연극,1,1.0
김라희,뮤지컬,1,0.5
김라희,연극,1,0.5
김락현,연극,1,1.0
김란,연극,2,1.0
김란이,연극,9,1.0
김란희,한국무용,1,1.0
김래임,연극,2,1.0
김려경,기악,1,1.0
김려령,뮤지컬,2,1.0
김려원,기악,1,0.08333333333333333
김려원,연극,1,0.08333333333333333
김려원,연희,7,0.5833333333333334
김려원,한국무용,1,0.08333333333333333
김려원,현대무용,1,0.08333333333333333
김려원,혼합,1,0.08333333333333333
김령우,연극,1,1.0
김로완,연극,8,0.8888888888888888
김로완,인형극,1,0.1111111111111111
김록운,뮤지컬,1,1.0
김록원,연극,1,1.0
김록현,뮤지컬,1,1.0
김룡,뮤지컬,2,0.5
김룡,연극,2,0.5
김루비,연극,2,1.0
김륜회,연극,3,1.0
김률아,연극,1,1.0
김리나,기악,1,0.3333333333333333
김리나,연극,2,0.6666666666666666
김리아,연극,2,1.0
김린,뮤지컬,1,0.3333333333333333
김린,연극,2,0.6666666666666666
김린하,기악,1,0.5
김린하,성악,1,0.5
김마딘,연극,3,1.0
김만식,연극,1,1.0
김만재,연극,4,1.0
김만중,연극,12,1.0
김만희,연극,3,1.0
김말봉,연극,1,1.0
김매자,한국무용,4,0.8
김매자,현대무용,1,0.2
김면수,뮤지컬,17,1.0
김면지,기악,6,0.75
김면지,성악,1,0.125
김면지,한국무용,1,0.125
김명,연극,1,1.0
김명곤,성악,4,0.6666666666666666
김명곤,창극,2,0.3333333333333333
김명국,연극,1,1.0
김명근,연극,1,1.0
김명남,뮤지컬,1,0.3333333333333333
김명남,연극,2,0.6666666666666666
김명대,연극,2,1.0
김명록,연극,1,1.0
김명섭,연극,1,1.0
김명수,연극,1,1.0
김명순,기악,2,0.2
김명순,성악,2,0.2
김명순,악극,2,0.2
김명순,연극,3,0.3
김명순,오페라,1,0.1
김명신,기악,1,0.5
김명신,한국무용,1,0.5
김명엽,성악,1,1.0
김명이,성악,1,1.0
김명자,성악,1,0.3333333333333333
김명자,한국무용,2,0.6666666666666666
김명제,뮤지컬,10,1.0
김명종,뮤지컬,1,1.0
김명주,뮤지컬,6,0.3333333333333333
김명주,성악,11,0.6111111111111112
김명주,연극,1,0.05555555555555555
김명진,한국무용,2,1.0
김명집,연극,2,1.0
김명호,뮤지컬,7,0.5384615384615384
김명호,발레,4,0.3076923076923077
김명호,연극,1,0.07692307692307693
김명호,오페라,1,0.07692307692307693
김명화,연극,9,1.0
김명환,뮤지컬,1,0.25
김명환,연극,3,0.75
김명훈,뮤지컬,8,1.0
김명희,연극,1,1.0
김모든,현대무용,14,1.0
김모서,뮤지컬,1,1.0
김모은,연극,1,1.0
김묘선,한국무용,2,1.0
김묘진,대중가요,1,0.125
김묘진,연극,7,0.875
김문,연극,4,0.8
김문,오페라,1,0.2
김문겸,악극,1,0.25
김문겸,연극,2,0.5
김문겸,오페라,1,0.25
김문경,연극,1,1.0
김문고,혼합,1,1.0
김문광,뮤지컬,1,1.0
김문길,성악,1,1.0
김문성,기악,1,0.3333333333333333
김문성,성악,2,0.6666666666666666
김문슬,연극,1,1.0
김문신,발레,2,1.0
김문정,기악,1,0.023809523809523808
김문정,기타,1,0.023809523809523808
김문정,뮤지컬,39,0.9285714285714286
김문정,혼합,1,0.023809523809523808
김문정 황현정,뮤지컬,1,1.0
김문홍,성악,1,0.3333333333333333
김문홍,연극,2,0.6666666666666666
김문희,뮤지컬,1,0.2
김문희,성악,1,0.2
김문희,연극,3,0.6
김물,연극,1,1.0
김미경,뮤지컬,1,0.07142857142857142
김미경,악극,1,0.07142857142857142
김미경,연극,12,0.8571428571428571
김미나,연극,1,1.0
김미도,연극,1,1.0
김미라,연극,6,1.0
김미란,기악,1,0.034482758620689655
김미란,연극,18,0.6206896551724138
김미란,한국무용,9,0.3103448275862069
김미란,현대무용,1,0.034482758620689655
김미래,발레,1,1.0
김미리,연극,1,0.5
김미리,현대무용,1,0.5
김미림,연극,1,1.0
김미미,뮤지컬,1,1.0
김미선,성악,1,0.25
김미선,연극,1,0.25
김미선,한국무용,1,0.25
김미선,현대무용,1,0.25
김미성,기악,1,0.25
김미성,발레,1,0.25
김미성,성악,1,0.25
김미성,연극,1,0.25
김미소,대중가요,1,0.3333333333333333
김미소,연극,2,0.6666666666666666
김미순,뮤지컬,4,0.8
김미순,인형극,1,0.2
김미아,연극,1,1.0
김미애,한국무용,1,0.5
김미애,현대무용,1,0.5
김미연,뮤지컬,1,0.16666666666666666
김미연,발레,5,0.8333333333333334
김미영,기악,11,0.36666666666666664
김미영,뮤지컬,16,0.5333333333333333
김미영,연극,1,0.03333333333333333
김미영,현대무용,2,0.06666666666666667
김미자,성악,1,0.5
김미자,한국무용,1,0.5
김미정,기악,1,0.03571428571428571
김미정,뮤지컬,4,0.14285714285714285
김미정,연극,20,0.7142857142857143
김미정,인형극,1,0.03571428571428571
김미정,현대무용,1,0.03571428571428571
김미정,혼합,1,0.03571428571428571
김미지,연극,2,1.0
김미진,뮤지컬,1,0.5
김미진,연극,1,0.5
김미향,연극,2,1.0
김미현,연극,5,0.8333333333333334
김미현,한국무용,1,0.16666666666666666
김미혜,기악,1,0.3333333333333333
김미혜,연극,2,0.6666666666666666
김민,기악,35,0.7608695652173914
김민,성악,2,0.043478260869565216
김민,연극,7,0.15217391304347827
김민,현대무용,2,0.043478260869565216
김민경,뮤지컬,2,0.07407407407407407
김민경,발레,1,0.037037037037037035
김민경,성악,3,0.1111111111111111
김민경,연극,17,0.6296296296296297
김민경,오페라,3,0.1111111111111111
김민경,현대무용,1,0.037037037037037035
김민관,연극,1,1.0
김민교,발레,1,0.1
김민교,연극,9,0.9
김민구,연극,1,1.0
김민규,뮤지컬,7,0.6363636363636364
김민규,발레,1,0.09090909090909091
김민규,연극,2,0.18181818181818182
김민규,인형극,1,0.09090909090909091
김민기,뮤지컬,20,0.6896551724137931
김민기,악극,2,0.06896551724137931
김민기,연극,7,0.2413793103448276
김민동,기악,1,1.0
김민서,뮤지컬,2,0.3333333333333333
김민서,성악,2,0.3333333333333333
김민서,연극,2,0.3333333333333333
김민석,기악,1,0.058823529411764705
김민석,뮤지컬,2,0.11764705882352941
김민석,발레,2,0.11764705882352941
김민석,서커스/마술,1,0.058823529411764705
김민석,연극,11,0.6470588235294118
김민선,뮤지컬,1,0.2
김민선,연극,3,0.6
김민선,현대무용,1,0.2
김민섭,기악,2,0.1
김민섭,뮤지컬,3,0.15
김민섭,서커스/마술,1,0.05
김민섭,성악,1,0.05
김민섭,연극,11,0.55
김민섭,연희,1,0.05
김민섭,한국무용,1,0.05
김민성,기악,1,0.125
김민성,성악,1,0.125
김민성,연극,2,0.25
김민성,오페라,1,0.125
김민성,재즈/월드뮤직,1,0.125
김민성,한국무용,1,0.125
김민성,혼합,1,0.125
김민솔,연극,5,0.8333333333333334
김민솔,현대무용,1,0.16666666666666666
김민수,기악,1,0.011627906976744186
김민수,뮤지컬,57,0.6627906976744186
김민수,발레,1,0.011627906976744186
김민수,연극,18,0.20930232558139536
김민수,연희,2,0.023255813953488372
김민수,오페라,2,0.023255813953488372
김민수,한국무용,2,0.023255813953488372
김민수,현대무용,2,0.023255813953488372
김민수,혼합,1,0.011627906976744186
김민식,현대무용,1,1.0
김민아,연극,1,1.0
김민영,기악,1,0.041666666666666664
김민영,뮤지컬,8,0.3333333333333333
김민영,연극,7,0.2916666666666667
김민영,오페라,1,0.041666666666666664
김민영,현대무용,4,0.16666666666666666
김민영,혼합,3,0.125
김민우,기악,1,0.1111111111111111
김민우,기타,1,0.1111111111111111
김민우,뮤지컬,2,0.2222222222222222
김민우,연극,3,0.3333333333333333
김민우,재즈/월드뮤직,1,0.1111111111111111
김민우,한국무용,1,0.1111111111111111
김민재,성악,1,0.03333333333333333
김민재,연극,23,0.7666666666666667
김민재,오페라,6,0.2
김민정,기악,13,0.125
김민정,넌버벌 퍼포먼스,11,0.10576923076923077
김민정,뮤지컬,24,0.23076923076923078
김민정,성악,5,0.04807692307692308
김민정,연극,31,0.2980769230769231
김민정,오페라,12,0.11538461538461539
김민정,인형극,4,0.038461538461538464
김민정,창극,2,0.019230769230769232
김민정,한국무용,1,0.009615384615384616
김민정,혼합,1,0.009615384615384616
김민제,연극,1,1.0
김민조,연극,4,1.0
김민종,연극,1,1.0
김민주,기악,1,0.034482758620689655
김민주,기타,1,0.034482758620689655
김민주,뮤지컬,2,0.06896551724137931
김민주,악극,1,0.034482758620689655
김민주,연극,15,0.5172413793103449
김민주,연희,3,0.10344827586206896
김민주,재즈/월드뮤직,2,0.06896551724137931
김민주,한국무용,1,0.034482758620689655
김민주,현대무용,1,0.034482758620689655
김민주,혼합,2,0.06896551724137931
김민준,발레,1,0.3333333333333333
김민준,연극,1,0.3333333333333333
김민준,현대무용,1,0.3333333333333333
김민중,연극,6,1.0
김민지,기악,1,0.047619047619047616
김민지,대중가요,1,0.047619047619047616
김민지,뮤지컬,3,0.14285714285714285
김민지,발레,1,0.047619047619047616
김민지,연극,14,0.6666666666666666
김민지,연희,1,0.047619047619047616
김민진,연극,1,1.0
김민채,연극,4,1.0
김민철,기악,1,0.5
김민철,연극,1,0.5
김민태,기악,1,0.08333333333333333
김민태,연극,10,0.8333333333333334
김민태,인형극,1,0.08333333333333333
김민표,기악,7,1.0
김민하,서커스/마술,1,0.5
김민하,연극,1,0.5
김민혁,연극,13,1.0
김민협,연극,1,1.0
김민형,뮤지컬,1,0.5
김민형,연극,1,0.5
김민혜,연극,7,1.0
김민호,기악,1,0.07692307692307693
김민호,마당극,1,0.07692307692307693
김민호,연극,10,0.7692307692307693
김민호,오페라,1,0.07692307692307693
김민후,악극,1,0.5
김민후,연극,1,0.5
김민희,연극,6,1.0
김바미,뮤지컬,3,1.0
김방근,연극,1,1.0
김방술,오페라,5,1.0
김백보현,연극,1,1.0
김백찬,기악,2,0.4
김백찬,창극,3,0.6
김범,뮤지컬,1,1.0
김범기,기악,3,0.6
김범기,뮤지컬,1,0.2
김범기,연극,1,0.2
김범석,연극,1,0.25
김범석,창극,1,0.25
김범석,한국무용,1,0.25
김범석,혼합,1,0.25
김범수,대중가요,1,0.16666666666666666
김범수,뮤지컬,4,0.6666666666666666
김범수,악극,1,0.16666666666666666
김범준,한국무용,1,0.5
김범준,혼합,1,0.5
김범진,연극,2,1.0
김벼리,연극,2,1.0
김병건,연극,4,1.0
김병관,연극,1,1.0
김병구,현대무용,3,1.0
김병규,현대무용,1,1.0
김병균,연극,1,1.0
김병극,기악,1,0.25
김병극,뮤지컬,1,0.25
김병극,성악,1,0.25
김병극,혼합,1,0.25
김병무,기악,1,0.16666666666666666
김병무,오페라,5,0.8333333333333334
김병문,성악,1,0.5
김병문,오페라,1,0.5
김병민,성악,1,1.0
김병섭,기악,1,0.3333333333333333
김병섭,연극,1,0.3333333333333333
김병섭,연희,1,0.3333333333333333
김병수,연극,2,1.0
김병애,연극,3,1.0
김병조,한국무용,2,1.0
김병준,연극,1,1.0
김병진,뮤지컬,6,1.0
김병찬,기악,1,0.1
김병찬,대중가요,1,0.1
김병찬,뮤지컬,3,0.3
김병찬,연극,5,0.5
김병철,뮤지컬,5,0.625
김병철,연극,3,0.375
김병춘,연극,2,1.0
김병택,연극,1,1.0
김병호,악극,3,0.1875
김병호,연극,11,0.6875
김병호,인형극,1,0.0625
김병호,혼합,1,0.0625
김병화,연극,8,1.0
김병훈,악극,1,0.1
김병훈,연극,9,0.9
김병희,연극,1,1.0
김보경,기악,1,0.07142857142857142
김보경,대중가요,1,0.07142857142857142
김보경,뮤지컬,2,0.14285714285714285
김보경,스트리트/스포츠댄스,1,0.07142857142857142
김보경,연극,7,0.5
김보경,인형극,2,0.14285714285714285
김보관,연극,2,1.0
김보근,연극,2,1.0
김보라,한국무용,1,0.1
김보라,현대무용,9,0.9
김보람,기악,4,0.08
김보람,뮤지컬,9,0.18
김보람,발레,1,0.02
김보람,성악,1,0.02
김보람,연극,7,0.14
김보람,한국무용,1,0.02
김보람,현대무용,25,0.5
김보람,혼합,2,0.04
김보림,현대무용,1,1.0
김보미,기악,2,0.07142857142857142
김보미,성악,8,0.2857142857142857
김보미,오페라,16,0.5714285714285714
김보미,인형극,1,0.03571428571428571
김보미,현대무용,1,0.03571428571428571
김보민,기악,1,0.3333333333333333
김보민,연극,2,0.6666666666666666
김보보,기악,1,1.0
김보석,연극,1,1.0
김보성,연극,1,1.0
김보연,한국무용,1,1.0
김보영,기악,1,0.09090909090909091
김보영,뮤지컬,5,0.45454545454545453
김보영,성악,1,0.09090909090909091
김보영,연극,4,0.36363636363636365
김보용,연극,1,1.0
김보현,기악,4,0.5714285714285714
김보현,뮤지컬,1,0.14285714285714285
김보현,성악,1,0.14285714285714285
김보현,연극,1,0.14285714285714285
김보혜,오페라,3,1.0
김복만,연희,3,1.0
김복임,혼합,1,1.0
김복희,현대무용,2,1.0
김본이,악극,1,0.3333333333333333
김본이,연극,2,0.6666666666666666
김봄란,연극,1,1.0
김봄이,기악,1,1.0
김봄희,뮤지컬,1,0.25
김봄희,연극,3,0.75
김봉건,연극,2,1.0
김봉곤,연희,1,0.5
김봉곤,한국무용,1,0.5
김봉규,뮤지컬,1,1.0
김봉균,연극,4,1.0
김봉기,연극,1,1.0
김봉미,기악,2,0.15384615384615385
김봉미,기타,1,0.07692307692307693
김봉미,성악,5,0.38461538461538464
김봉미,오페라,5,0.38461538461538464
김봉성,연극,1,1.0
김봉수,연극,1,1.0
김봉순,뮤지컬,2,0.25
김봉순,성악,1,0.125
김봉순,창극,1,0.125
김봉순,혼합,4,0.5
김봉영,연극,1,1.0
김부경,한국무용,2,1.0
김부연,연극,1,1.0
김분선,현대무용,1,1.0
김비아,연극,2,1.0
김사랑,기악,2,0.6666666666666666
김사랑,뮤지컬,1,0.3333333333333333
김사빈,기악,1,1.0
김산,연극,3,1.0
김산봉,성악,2,1.0
김산준,연극,1,1.0
김산하,기악,1,0.5
김산하,혼합,1,0.5
김삼웅,기악,2,1.0
김삼일,연극,2,1.0
김삼진,현대무용,2,1.0
김상교,연극,1,1.0
김상구,서커스/마술,1,1.0
김상규,연극,1,1.0
김상근,현대무용,2,1.0
김상나,한국무용,1,1.0
김상덕,한국무용,6,0.6666666666666666
김상덕,현대무용,3,0.3333333333333333
김상문,마당극,1,1.0
김상미,뮤지컬,1,1.0
김상민,연극,1,1.0
김상범,연극,1,1.0
김상보,연극,1,1.0
김상복,기악,1,0.5
김상복,재즈/월드뮤직,1,0.5
김상봉,뮤지컬,1,0.2
김상봉,연극,4,0.8
김상수,연극,1,0.5
김상수,연희,1,0.5
김상순,연극,1,1.0
김상아,연극,3,1.0
김상연,기악,2,0.2857142857142857
김상연,한국무용,1,0.14285714285714285
김상연,혼합,4,0.5714285714285714
김상열,뮤지컬,1,0.2
김상열,연극,3,0.6
김상열,현대무용,1,0.2
김상엽,기악,1,0.3333333333333333
김상엽,현대무용,1,0.3333333333333333
김상엽,혼합,1,0.3333333333333333
김상완,연극,1,1.0
김상우,연극,1,1.0
김상욱,기악,13,1.0
김상원,연극,2,1.0
김상윤,연극,11,1.0
김상일,연극,1,1.0
김상재,뮤지컬,1,1.0
김상조,뮤지컬,2,1.0
김상준,연극,1,1.0
김상진,기악,1,0.14285714285714285
김상진,연극,6,0.8571428571428571
김상철,뮤지컬,1,0.3333333333333333
김상철,창극,2,0.6666666666666666
김상충,성악,1,1.0
김상헌,연희,1,1.0
김상현,기타,1,0.2
김상현,뮤지컬,1,0.2
김상현,연극,3,0.6
김상호,마당극,1,0.16666666666666666
김상호,뮤지컬,1,0.16666666666666666
김상호,성악,1,0.16666666666666666
김상호,연극,2,0.3333333333333333
김상호,연희,1,0.16666666666666666
김상후,연극,3,1.0
김상훈,뮤지컬,1,0.07142857142857142
김상훈,연극,10,0.7142857142857143
김상훈,현대무용,3,0.21428571428571427
김상희,뮤지컬,1,0.25
김상희,연극,3,0.75
김새암,기악,1,1.0
김서경,연극,1,1.0
김서란,연극,1,1.0
김서림,서커스/마술,6,1.0
김서아,연극,2,1.0
김서연,발레,1,0.5
김서연,연극,1,0.5
김서영,기악,1,0.25
김서영,성악,1,0.25
김서영,스트리트/스포츠댄스,1,0.25
김서영,연극,1,0.25
김서유,뮤지컬,1,1.0
김서윤,혼합,1,1.0
김서인,연극,2,1.0
김서준,연극,1,1.0
김서진,뮤지컬,1,0.1111111111111111
김서진,악극,1,0.1111111111111111
김서진,연희,5,0.5555555555555556
김서진,창극,1,0.1111111111111111
김서진,한국무용,1,0.1111111111111111
김서현,기악,4,0.23529411764705882
김서현,대중가요,2,0.11764705882352941
김서현,뮤지컬,1,0.058823529411764705
김서현,연극,9,0.5294117647058824
김서현,한국무용,1,0.058823529411764705
김서휘,마임,1,0.043478260869565216
김서휘,연극,22,0.9565217391304348
김서희,기악,1,0.5
김서희,연극,1,0.5
김석,뮤지컬,1,0.3333333333333333
김석,연극,2,0.6666666666666666
김석기,연극,3,1.0
김석만,연극,2,1.0
김석범,연극,5,1.0
김석이,연극,4,1.0
김석주,연극,6,1.0
김석중,성악,1,0.5
김석중,오페라,1,0.5
김석진,연극,1,1.0
김석현,뮤지컬,3,0.75
김석현,성악,1,0.25
김선,마당극,1,0.14285714285714285
김선,연극,2,0.2857142857142857
김선,오페라,3,0.42857142857142855
김선,창극,1,0.14285714285714285
김선경,기악,1,0.125
김선경,뮤지컬,2,0.25
김선경,스트리트/스포츠댄스,1,0.125
김선경,연극,1,0.125
김선경,현대무용,3,0.375
김선광,연극,1,1.0
김선구,기악,2,1.0
김선돈,발레,1,1.0
김선미,뮤지컬,28,0.875
김선미,연극,3,0.09375
김선미,연희,1,0.03125
김선민,마당극,1,0.25
김선민,연극,2,0.5
김선민,연희,1,0.25
김선빈,성악,2,0.6666666666666666
김선빈,연극,1,0.3333333333333333
김선아,기악,1,0.3333333333333333
김선아,성악,2,0.6666666666666666
김선애,연극,3,0.75
김선애,인형극,1,0.25
김선영,마당극,2,0.06451612903225806
김선영,뮤지컬,4,0.12903225806451613
김선영,성악,1,0.03225806451612903
김선영,연극,19,0.6129032258064516
김선영,한국무용,4,0.12903225806451613
김선영,혼합,1,0.03225806451612903
김선우,연극,4,1.0
김선욱,기악,1,0.5
김선욱,연극,1,0.5
김선웅,연극,5,1.0
김선율,뮤지컬,4,1.0
김선이,연극,3,1.0
김선재,기악,1,1.0
김선제,혼합,1,1.0
김선주,뮤지컬,2,1.0
김선준,연극,1,1.0
김선진,성악,1,0.5
김선진,스트리트/스포츠댄스,1,0.5
김선탁,발레,1,1.0
김선한,기악,1,1.0
김선혁,연극,1,1.0
김선현,연극,1,1.0
김선형,연극,1,1.0
김선혜,연극,1,1.0
김선호,기악,1,0.05263157894736842
김선호,뮤지컬,16,0.8421052631578947
김선호,연극,2,0.10526315789473684
김선화,뮤지컬,1,0.5
김선화,연극,1,0.5
김선희,기악,1,0.1111111111111111
김선희,뮤지컬,1,0.1111111111111111
김선희,발레,2,0.2222222222222222
김선희,성악,2,0.2222222222222222
김선희,연극,2,0.2222222222222222
김선희,혼합,1,0.1111111111111111
김설아,연극,1,1.0
김설진,연극,2,0.16666666666666666
김설진,한국무용,1,0.08333333333333333
김설진,현대무용,9,0.75
김섬,연극,1,1.0
김성강,뮤지컬,4,0.8
김성강,성악,1,0.2
김성겸,뮤지컬,1,1.0
김성경,기악,1,0.041666666666666664
김성경,뮤지컬,4,0.16666666666666666
김성경,성악,2,0.08333333333333333
김성경,연극,4,0.16666666666666666
김성경,오페라,12,0.5
김성경,인형극,1,0.041666666666666664
김성광,연극,2,0.3333333333333333
김성광,재즈/월드뮤직,4,0.6666666666666666
김성구,마임,1,0.023255813953488372
김성구,서커스/마술,3,0.06976744186046512
김성구,연극,34,0.7906976744186046
김성구,오페라,2,0.046511627906976744
김성구,한국무용,2,0.046511627906976744
김성구,현대무용,1,0.023255813953488372
김성국,기악,18,0.782608695652174
김성국,연희,3,0.13043478260869565
김성국,창극,2,0.08695652173913043
김성규,뮤지컬,1,1.0
김성근,뮤지컬,1,1.0
김성남,기악,1,0.5
김성남,성악,1,0.5
김성녀,연극,15,1.0
김성노,연극,12,1.0
김성두,마당극,1,0.125
김성두,연극,7,0.875
김성령,연극,1,1.0
김성미,발레,1,0.25
김성미,연극,3,0.75
김성민,기악,2,0.11764705882352941
김성민,뮤지컬,1,0.058823529411764705
김성민,발레,4,0.23529411764705882
김성민,성악,1,0.058823529411764705
김성민,연극,8,0.47058823529411764
김성민,오페라,1,0.058823529411764705
김성배,뮤지컬,2,0.2222222222222222
김성배,악극,3,0.3333333333333333
김성배,연극,1,0.1111111111111111
김성배,혼합,3,0.3333333333333333
김성범,한국무용,1,0.5
김성범,현대무용,1,0.5
김성빈,연극,2,1.0
김성수,뮤지컬,18,0.75
김성수,연극,3,0.125
김성수,인형극,2,0.08333333333333333
김성수,한국무용,1,0.041666666666666664
김성숙,뮤지컬,1,0.5
김성숙,연극,1,0.5
김성신,연극,1,1.0
김성아,기악,1,0.25
김성아,성악,3,0.75
김성옥,한국무용,1,1.0
김성용,연극,1,0.0625
김성용,현대무용,15,0.9375
김성우,기악,6,0.6
김성우,마당극,1,0.1
김성우,성악,1,0.1
김성우,연희,1,0.1
김성우,혼합,1,0.1
김성욱,뮤지컬,7,0.6363636363636364
김성욱,연극,1,0.09090909090909091
김성욱,한국무용,2,0.18181818181818182
김성욱,혼합,1,0.09090909090909091
김성원,연극,3,0.6
김성원,현대무용,2,0.4
김성윤,뮤지컬,1,1.0
김성은,뮤지컬,1,0.16666666666666666
김성은,성악,2,0.3333333333333333
김성은,연극,3,0.5
김성일,뮤지컬,5,0.4166666666666667
김성일,연극,7,0.5833333333333334
김성제,뮤지컬,4,0.4444444444444444
김성제,연극,5,0.5555555555555556
김성종,뮤지컬,2,0.5
김성종,연극,2,0.5
김성주,성악,1,1.0
김성준,연극,3,1.0
김성중,연극,1,1.0
김성진,기악,15,0.234375
김성진,성악,3,0.046875
김성진,연극,40,0.625
김성진,혼합,6,0.09375
김성찬,기악,1,0.5
김성찬,성악,1,0.5
김성철,한국무용,1,1.0
김성태,기악,1,0.09090909090909091
김성태,뮤지컬,1,0.09090909090909091
김성태,연극,8,0.7272727272727273
김성태,연희,1,0.09090909090909091
김성택,뮤지컬,2,0.5
김성택,연극,2,0.5
김성하,연극,1,0.3333333333333333
김성하,연희,1,0.3333333333333333
김성하,현대무용,1,0.3333333333333333
김성한,뮤지컬,1,0.5
김성한,현대무용,1,0.5
김성헌,뮤지컬,1,1.0
김성혁,연극,5,1.0
김성현,기악,3,0.42857142857142855
김성현,뮤지컬,1,0.14285714285714285
김성현,연극,2,0.2857142857142857
김성현,현대무용,1,0.14285714285714285
김성혜,뮤지컬,1,1.0
김성호,오페라,1,1.0
김성환,연극,15,1.0
김성후,연극,1,1.0
김성훈,연극,3,0.15789473684210525
김성훈,오페라,4,0.21052631578947367
김성훈,한국무용,3,0.15789473684210525
김성훈,현대무용,8,0.42105263157894735
김성훈,혼합,1,0.05263157894736842
김성희,대중가요,1,0.1
김성희,성악,3,0.3
김성희,연극,5,0.5
김성희,재즈/월드뮤직,1,0.1
김세선,뮤지컬,1,1.0
김세연,대중가요,1,0.07692307692307693
김세연,발레,11,0.8461538461538461
김세연,연극,1,0.07692307692307693
김세영,연극,2,1.0
김세온,연극,1,1.0
김세용,발레,1,1.0
김세욱,오페라,1,1.0
김세은,뮤지컬,1,0.25
김세은,연극,3,0.75
김세은. 김치영,연극,2,1.0
김세의,뮤지컬,2,1.0
김세이,기악,1,1.0
김세인,연극,1,1.0
김세일,연극,3,1.0
김세정,뮤지컬,1,1.0
김세준,연극,1,1.0
김세진,뮤지컬,1,0.25
김세진,연극,3,0.75
김세철,혼합,1,1.0
김세친,연극,1,1.0
김세한,뮤지컬,11,0.55
김세한,연극,9,0.45
김세향,연극,2,1.0
김세현,연극,3,1.0
김세홍,뮤지컬,1,0.3333333333333333
김세홍,연극,2,0.6666666666666666
김세환,연극,13,1.0
김세훈,재즈/월드뮤직,1,0.5
김세훈,혼합,1,0.5
김세휘,연극,6,1.0
김세희,뮤지컬,1,0.14285714285714285
김세희,성악,2,0.2857142857142857
김세희,연희,1,0.14285714285714285
김세희,혼합,3,0.42857142857142855
김소강,오페라,4,1.0
김소권,악극,1,0.5
김소권,연희,1,0.5
김소담,연극,1,1.0
김소라,기악,4,0.26666666666666666
김소라,뮤지컬,7,0.4666666666666667
김소라,연극,1,0.06666666666666667
김소라,연희,2,0.13333333333333333
김소라,창극,1,0.06666666666666667
김소리,연극,1,1.0
김소림,뮤지컬,1,1.0
김소미,연극,2,1.0
김소슬,연극,1,1.0
김소여,연극,1,1.0
김소연,기악,1,0.125
김소연,성악,2,0.25
김소연,연극,4,0.5
김소연,한국무용,1,0.125
김소영,성악,1,0.2
김소영,연극,3,0.6
김소영,창극,1,0.2
김소원,성악,1,1.0
김소윤,연극,9,1.0
김소이,연극,1,1.0
김소정,대중가요,1,0.027777777777777776
김소정,뮤지컬,19,0.5277777777777778
김소정,연극,15,0.4166666666666667
김소정,현대무용,1,0.027777777777777776
김소중,연극,3,1.0
김소진,기악,2,0.5
김소진,뮤지컬,1,0.25
김소진,혼합,1,0.25
김소현,연극,13,0.8666666666666667
김소현,오페라,1,0.06666666666666667
김소현,혼합,1,0.06666666666666667
김소형,연극,5,1.0
김소희,뮤지컬,1,0.0625
김소희,성악,1,0.0625
김소희,연극,14,0.875
김솔,뮤지컬,1,0.2
김솔,연극,4,0.8
김솔잎,연극,1,1.0
김솔지,대중가요,1,0.038461538461538464
김솔지,뮤지컬,14,0.5384615384615384
김솔지,연극,10,0.38461538461538464
김솔지,연희,1,0.038461538461538464
김송미,연극,1,0.5
김송미,오페라,1,0.5
김송이,뮤지컬,1,0.5
김송이,혼합,1,0.5
김송현,연극,1,1.0
김송희,기악,1,0.5
김송희,연극,1,0.5
김수겸,연극,1,1.0
김수경,기악,1,0.16666666666666666
김수경,뮤지컬,2,0.3333333333333333
김수경,성악,2,0.3333333333333333
김수경,연극,1,0.16666666666666666
김수나,현대무용,2,1.0
김수동,연극,1,1.0
김수려,연극,4,1.0
김수로,마임,1,0.023255813953488372
김수로,뮤지컬,20,0.46511627906976744
김수로,연극,22,0.5116279069767442
김수미,연극,8,1.0
김수민,기악,2,0.125
김수민,뮤지컬,5,0.3125
김수민,스트리트/스포츠댄스,1,0.0625
김수민,연극,6,0.375
김수민,인형극,1,0.0625
김수민,재즈/월드뮤직,1,0.0625
김수배,오페라,1,1.0
김수보,연극,1,1.0
김수빈,뮤지컬,11,0.44
김수빈,연극,14,0.56
김수아,뮤지컬,1,0.14285714285714285
김수아,성악,1,0.14285714285714285
김수아,연극,5,0.7142857142857143
김수연,기악,2,0.058823529411764705
김수연,뮤지컬,2,0.058823529411764705
김수연,발레,19,0.5588235294117647
김수연,연극,8,0.23529411764705882
김수연,연희,2,0.058823529411764705
김수연,창극,1,0.029411764705882353
김수열,오페라,3,1.0
김수영,기악,1,0.2
김수영,마임,1,0.2
김수영,연극,3,0.6
김수옥,연극,1,1.0
김수완,발레,2,1.0
김수원,뮤지컬,1,0.1111111111111111
김수원,연극,6,0.6666666666666666
김수원,연희,1,0.1111111111111111
김수원,혼합,1,0.1111111111111111
김수은,연극,3,1.0
김수일,기악,2,1.0
김수정,뮤지컬,1,0.03125
김수정,성악,4,0.125
김수정,연극,18,0.5625
김수정,오페라,9,0.28125
김수지,기악,1,0.5
김수지,연극,1,0.5
김수진,기악,1,0.06666666666666667
김수진,대중가요,1,0.06666666666666667
김수진,뮤지컬,1,0.06666666666666667
김수진,발레,1,0.06666666666666667
김수진,성악,2,0.13333333333333333
김수진,연극,9,0.6
김수창,발레,1,1.0
김수하,오페라,1,1.0
김수한,뮤지컬,1,0.5
김수한,현대무용,1,0.5
김수혁,연극,1,1.0
김수현,기악,1,0.07142857142857142
김수현,뮤지컬,4,0.2857142857142857
김수현,스트리트/스포츠댄스,1,0.07142857142857142
김수현,연극,2,0.14285714285714285
김수현,한국무용,4,0.2857142857142857
김수현,현대무용,2,0.14285714285714285
김수형,기악,1,0.06666666666666667
김수형,뮤지컬,3,0.2
김수형,성악,4,0.26666666666666666
김수형,악극,2,0.13333333333333333
김수형,연극,2,0.13333333333333333
김수형,혼합,3,0.2
김수혜,기악,2,1.0
김수호,기악,1,0.3333333333333333
김수호,연극,2,0.6666666666666666
김수홍,기악,3,0.75
김수홍,혼합,1,0.25
김수화,연극,1,1.0
김수환,연극,3,0.75
김수환,재즈/월드뮤직,1,0.25
김수휘,연극,1,1.0
김수희,기악,1,0.06666666666666667
김수희,악극,1,0.06666666666666667
김수희,연극,13,0.8666666666666667
김숙경,기악,1,0.5
김숙경,뮤지컬,1,0.5
김숙영,오페라,32,1.0
김숙자,한국무용,1,1.0
김숙종,연극,6,1.0
김숙희,뮤지컬,3,0.3
김숙희,연극,7,0.7
김순경,성악,3,1.0
김순기,오페라,1,1.0
김순명,연극,1,1.0
김순배,기악,1,1.0
김순영,뮤지컬,1,0.3333333333333333
김순영,악극,1,0.3333333333333333
김순영,연극,1,0.3333333333333333
김순자,연극,2,1.0
김순정,성악,1,0.5
김순정,연극,1,0.5
김순진,기악,1,1.0
김순태,연극,1,1.0
김순호,한국무용,1,1.0
김순화,오페라,4,1.0
김슬기,성악,1,0.08333333333333333
김슬기,연극,11,0.9166666666666666
김슬미,뮤지컬,1,1.0
김슬지,성악,1,1.0
김승곤,악극,1,1.0
김승규,연극,1,1.0
김승균,넌버벌 퍼포먼스,3,0.6
김승균,뮤지컬,1,0.2
김승균,연극,1,0.2
김승근,성악,1,1.0
김승덕,연극,3,1.0
김승래,연극,1,1.0
김승록,현대무용,1,1.0
김승림,기악,3,0.75
김승림,연극,1,0.25
김승민,뮤지컬,3,0.1
김승민,성악,1,0.03333333333333333
김승민,연극,25,0.8333333333333334
김승민,연희,1,0.03333333333333333
김승범,뮤지컬,1,0.5
김승범,연극,1,0.5
김승언,연극,1,1.0
김승연,기악,4,0.8
김승연,마당극,1,0.2
김승완,연극,8,1.0
김승왕,혼합,2,1.0
김승운,뮤지컬,1,1.0
김승원,기악,1,1.0
김승은,성악,1,1.0
김승일,기악,1,0.3333333333333333
김승일,한국무용,1,0.3333333333333333
김승일,현대무용,1,0.3333333333333333
김승재,뮤지컬,1,0.3333333333333333
김승재,연극,2,0.6666666666666666
김승주,연극,1,1.0
김승진,뮤지컬,2,0.09523809523809523
김승진,성악,2,0.09523809523809523
김승진,연극,12,0.5714285714285714
김승진,연희,1,0.047619047619047616
김승진,창극,1,0.047619047619047616
김승진,혼합,3,0.14285714285714285
김승찬,연극,1,1.0
김승철,연극,18,1.0
김승하,연극,1,1.0
김승해,현대무용,1,1.0
김승헌,서커스/마술,8,1.0
김승혁,스트리트/스포츠댄스,1,0.25
김승혁,연극,3,0.75
김승현,뮤지컬,2,0.5
김승현,연극,2,0.5
김승호,뮤지컬,1,0.5
김승호,성악,1,0.5
김승환,연극,2,0.6666666666666666
김승환,현대무용,1,0.3333333333333333
김승희,연극,1,1.0
김시내,성악,1,1.0
김시네,넌버벌 퍼포먼스,4,0.6666666666666666
김시네,서커스/마술,2,0.3333333333333333
김시번,연극,4,1.0
김시아,연극,1,1.0
김시언,오페라,3,1.0
김시연,현대무용,2,1.0
김시영,기악,1,1.0
김시온,뮤지컬,1,0.5
김시온,현대무용,1,0.5
김시운,연극,1,1.0
김시원,뮤지컬,1,0.2
김시원,발레,2,0.4
김시원,연극,2,0.4
김시윤,뮤지컬,30,0.967741935483871
김시윤,연극,1,0.03225806451612903
김시율,기악,1,0.125
김시율,뮤지컬,4,0.5
김시율,연극,3,0.375
김시은,연극,2,1.0
김시정,연극,2,1.0
김시평,연극,1,1.0
김시현,연극,2,1.0
김시호,기악,1,1.0
김시화,성악,1,0.25
김시화,창극,3,0.75
김식연,뮤지컬,1,0.25
김식연,연극,3,0.75
김신,기악,1,0.5
김신,성악,1,0.5
김신근,연극,9,0.75
김신근,오페라,3,0.25
김신기,연극,3,0.75
김신기,인형극,1,0.25
김신록,연극,1,1.0
김신빈,연극,1,1.0
김신아,기악,2,0.6666666666666666
김신아,연극,1,0.3333333333333333
김신애,연극,1,1.0
김신오,성악,1,1.0
김신욱,성악,1,1.0
김신웅,기악,1,0.5
김신웅,성악,1,0.5
김신원,연극,1,1.0
김신중,성악,1,1.0
김신혜,현대무용,1,1.0
김신효,연극,1,1.0
김신희,뮤지컬,2,1.0
김아라,기악,1,0.1
김아라,마임,1,0.1
김아라,스트리트/스포츠댄스,1,0.1
김아라,연극,7,0.7
김아람,기악,2,0.5
김아람,연극,2,0.5
김아름,뮤지컬,6,0.6666666666666666
김아름,성악,1,0.1111111111111111
김아름,연극,2,0.2222222222222222
김아리,연극,1,1.0
김아린,뮤지컬,3,1.0
김아영,넌버벌 퍼포먼스,2,0.15384615384615385
김아영,뮤지컬,4,0.3076923076923077
김아영,연극,6,0.46153846153846156
김아영,한국무용,1,0.07692307692307693
김아인,뮤지컬,2,1.0
김아정,연극,1,1.0
김아현,연극,1,1.0
김안나,뮤지컬,1,1.0
김안석,연극,1,1.0
김애경,연극,1,1.0
김애라,기악,4,0.5714285714285714
김애라,성악,3,0.42857142857142855
김애란,현대무용,1,1.0
김애리,연극,1,1.0
김애자,연극,7,1.0
김양근,현대무용,1,1.0
김양성,연극,1,1.0
김양수,뮤지컬,1,1.0
김양순,기악,1,0.013157894736842105
김양순,뮤지컬,75,0.9868421052631579
김양운,뮤지컬,24,1.0
김어진,성악,3,0.5
김어진,오페라,3,0.5
김언,연극,5,0.8333333333333334
김언,현대무용,1,0.16666666666666666
김언영,오페라,2,1.0
김언정,기악,2,1.0
김엄지,연극,1,1.0
김에은,연극,1,1.0
김여경,대중가요,1,1.0
김여래,연극,1,1.0
김여명,마당극,1,1.0
김여우리,뮤지컬,3,0.5
김여우리,연극,3,0.5
김여준,연극,1,1.0
김여진,연극,2,1.0
김연근,기악,1,1.0
김연미,뮤지컬,4,0.5714285714285714
김연미,연극,3,0.42857142857142855
김연민,연극,6,1.0
김연선,한국무용,1,1.0
김연수,기악,2,0.1111111111111111
김연수,성악,1,0.05555555555555555
김연수,스트리트/스포츠댄스,2,0.1111111111111111
김연수,연극,4,0.2222222222222222
김연수,창극,1,0.05555555555555555
김연수,한국무용,6,0.3333333333333333
김연수,현대무용,1,0.05555555555555555
김연수,혼합,1,0.05555555555555555
김연실,뮤지컬,1,1.0
김연아,연극,2,0.6666666666666666
김연아,현대무용,1,0.3333333333333333
김연우,연극,2,1.0
김연재,연극,2,0.6666666666666666
김연재,현대무용,1,0.3333333333333333
김연정,기악,1,0.3333333333333333
김연정,악극,2,0.6666666666666666
김연주,기타,1,0.2
김연주,뮤지컬,1,0.2
김연주,연극,2,0.4
김연주,연희,1,0.2
김연준,성악,1,0.2
김연준,연극,4,0.8
김연지,연극,1,1.0
김연진,뮤지컬,1,1.0
김연호,뮤지컬,3,0.375
김연호,서커스/마술,1,0.125
김연호,성악,3,0.375
김연호,연극,1,0.125
김연화,기악,1,0.25
김연화,악극,1,0.25
김연화,연극,2,0.5
김연희,뮤지컬,1,0.1111111111111111
김연희,성악,6,0.6666666666666666
김연희,연극,1,0.1111111111111111
김연희,오페라,1,0.1111111111111111
김염지,연극,2,1.0
김영,기악,1,0.3333333333333333
김영,뮤지컬,2,0.6666666666666666
김영경,기악,1,1.0
김영교,기악,1,0.3333333333333333
김영교,연희,2,0.6666666666666666
김영구,연극,1,1.0
김영규,연극,1,1.0
김영균,뮤지컬,1,0.5
김영균,연극,1,0.5
김영길,창극,1,0.2
김영길,한국무용,1,0.2
김영길,혼합,3,0.6
김영남,뮤지컬,1,0.09090909090909091
김영남,연극,3,0.2727272727272727
김영남,오페라,2,0.18181818181818182
김영남,한국무용,2,0.18181818181818182
김영남,현대무용,3,0.2727272727272727
김영덕,기악,1,0.3333333333333333
김영덕,혼합,2,0.6666666666666666
김영동,기악,1,1.0
김영락,연극,5,1.0
김영란,한국무용,1,1.0
김영랑,오페라,5,1.0
김영래,연극,11,1.0
김영만,뮤지컬,1,0.3333333333333333
김영만,창극,2,0.6666666666666666
김영무,연극,1,1.0
김영미,기악,1,0.043478260869565216
김영미,뮤지컬,5,0.21739130434782608
김영미,성악,1,0.043478260869565216
김영미,연극,5,0.21739130434782608
김영미,오페라,2,0.08695652173913043
김영미,한국무용,2,0.08695652173913043
김영미,현대무용,7,0.30434782608695654
김영민,뮤지컬,2,0.5
김영민,연극,2,0.5
김영배,연극,2,1.0
김영봉,창극,5,0.8333333333333334
김영봉,한국무용,1,0.16666666666666666
김영빈,연극,9,1.0
김영상,기악,4,1.0
김영생,한국무용,1,1.0
김영서,연극,1,1.0
김영석,연극,1,1.0
김영선,뮤지컬,8,0.7272727272727273
김영선,악극,1,0.09090909090909091
김영선,연극,2,0.18181818181818182
김영수,성악,4,0.5714285714285714
김영수,연극,1,0.14285714285714285
김영수,오페라,1,0.14285714285714285
김영수,한국무용,1,0.14285714285714285
김영숙,연극,2,0.6666666666666666
김영숙,한국무용,1,0.3333333333333333
김영순,연극,17,1.0
김영신,서커스/마술,1,0.3333333333333333
김영신,연극,2,0.6666666666666666
김영애,발레,1,0.5
김영애,한국무용,1,0.5
김영언,기악,1,1.0
김영오,연극,8,1.0
김영우,뮤지컬,1,0.25
김영우,연극,3,0.75
김영욱,뮤지컬,52,0.8387096774193549
김영욱,성악,1,0.016129032258064516
김영욱,연극,9,0.14516129032258066
김영운,성악,1,1.0
김영웅,연극,1,0.5
김영웅,한국무용,1,0.5
김영율,서커스/마술,1,1.0
김영은,기악,2,0.25
김영은,연극,2,0.25
김영은,연희,1,0.125
김영은,오페라,1,0.125
김영은,현대무용,1,0.125
김영은,혼합,1,0.125
김영인,뮤지컬,42,1.0
김영재,뮤지컬,1,1.0
김영제,기악,1,1.0
김영주,기악,1,0.3333333333333333
김영주,대중가요,1,0.3333333333333333
김영주,연극,1,0.3333333333333333
김영준,기악,3,0.17647058823529413
김영준,연극,6,0.35294117647058826
김영준,인형극,4,0.23529411764705882
김영준,현대무용,2,0.11764705882352941
김영준,혼합,2,0.11764705882352941
김영지,연희,1,1.0
김영진,기악,1,0.3333333333333333
김영진,현대무용,2,0.6666666666666666
김영찬,연극,2,0.25
김영찬,연희,3,0.375
김영찬,한국무용,2,0.25
김영찬,현대무용,1,0.125
김영채,뮤지컬,1,1.0
김영철,연극,3,1.0
김영춘,뮤지컬,10,1.0
김영택,대중가요,1,1.0
김영표,연극,1,1.0
김영현,뮤지컬,1,0.07692307692307693
김영현,연극,12,0.9230769230769231
김영호,기악,3,0.17647058823529413
김영호,악극,2,0.11764705882352941
김영호,연극,12,0.7058823529411765
김영화,뮤지컬,1,0.5
김영화,연극,1,0.5
김영확,연극,1,1.0
김영환,연극,4,1.0
김영후,대중가요,1,1.0
김영훈,뮤지컬,1,0.25
김영훈,연극,1,0.25
김영훈,재즈/월드뮤직,2,0.5
김영희,기악,2,0.6666666666666666
김영희,한국무용,1,0.3333333333333333
김예,연극,1,1.0
김예기,연극,16,1.0
김예나,뮤지컬,1,0.06666666666666667
김예나,연극,14,0.9333333333333333
김예라,기악,1,1.0
김예람,연극,1,1.0
김예린,뮤지컬,5,1.0
김예림,연극,3,0.6
김예림,현대무용,2,0.4
김예빈,연극,3,1.0
김예성,연극,1,1.0
김예슬,뮤지컬,4,0.5
김예슬,연극,2,0.25
김예슬,혼합,2,0.25
김예원,기타,1,0.25
김예원,연극,3,0.75
김예은,기악,1,0.09090909090909091
김예은,뮤지컬,4,0.36363636363636365
김예은,성악,1,0.09090909090909091
김예은,연극,4,0.36363636363636365
김예은,현대무용,1,0.09090909090909091
김예인,성악,1,0.5
김예인,오페라,1,0.5
김예주,연극,1,1.0
김예준,뮤지컬,1,0.5
김예준,연극,1,0.5
김예중,기악,2,0.5
김예중,기타,1,0.25
김예중,성악,1,0.25
김예지,기악,3,0.23076923076923078
김예지,뮤지컬,3,0.23076923076923078
김예지,성악,1,0.07692307692307693
김예지,연극,3,0.23076923076923078
김예지,오페라,2,0.15384615384615385
김예지,인형극,1,0.07692307692307693
김예진,뮤지컬,1,0.5
김예진,연극,1,0.5
김예찬,한국무용,1,0.5
김예찬,현대무용,1,0.5
김예카테리나,발레,1,1.0
김오키,재즈/월드뮤직,1,1.0
김오현,한국무용,1,1.0
김옥곤,악극,1,1.0
김옥란,연극,7,1.0
김옥련,발레,6,1.0
김옥미,연극,4,1.0
김옥희,연극,1,1.0
김온,뮤지컬,8,1.0
김온경,기악,1,0.25
김온경,한국무용,3,0.75
김완경,기악,1,0.25
김완경,연극,3,0.75
김완식,뮤지컬,3,1.0
김완욱,연극,1,1.0
김왕민,연극,1,1.0
김요섭,기악,1,0.25
김요섭,뮤지컬,1,0.25
김요섭,연극,2,0.5
김요셉,성악,1,0.5
김요셉,현대무용,1,0.5
김요안,연극,1,1.0
김요영,연극,2,1.0
김요찬,연극,5,0.8333333333333334
김요찬,연희,1,0.16666666666666666
김요한,기악,2,0.4
김요한,연극,3,0.6
김요환,연극,1,1.0
김용걸,기악,1,0.07692307692307693
김용걸,발레,11,0.8461538461538461
김용걸,현대무용,1,0.07692307692307693
김용관,뮤지컬,4,1.0
김용광,연극,3,1.0
김용규,기악,1,0.5
김용규,뮤지컬,1,0.5
김용년,연극,5,1.0
김용민,뮤지컬,1,0.05263157894736842
김용민,서커스/마술,18,0.9473684210526315
김용범,오페라,1,1.0
김용복,한국무용,1,1.0
김용상,연극,1,1.0
김용석,연극,1,1.0
김용선,연극,2,1.0
김용성,뮤지컬,4,1.0
김용수,뮤지컬,2,1.0
김용순,뮤지컬,1,1.0
김용식,대중가요,2,0.4
김용식,연극,3,0.6
김용우,기악,1,0.1111111111111111
김용우,연극,8,0.8888888888888888
김용운,연극,1,1.0
김용원,연극,13,1.0
김용을,연극,1,1.0
김용일,연극,1,1.0
김용재,기악,1,1.0
김용주,연극,3,1.0
김용준,연극,8,1.0
김용진,기악,4,0.8
김용진,연극,1,0.2
김용찬,기악,1,1.0
김용천,연극,1,1.0
김용철,한국무용,5,0.8333333333333334
김용철,현대무용,1,0.16666666666666666
김용하,기악,3,0.6
김용하,혼합,2,0.4
김용현,성악,1,0.06666666666666667
김용현,연극,13,0.8666666666666667
김용현,한국무용,1,0.06666666666666667
김용호,기악,1,0.125
김용호,성악,1,0.125
김용호,연극,6,0.75
김용화,연극,1,1.0
김용흠,한국무용,1,1.0
김우경,오페라,2,1.0
김우람,성악,1,1.0
김우림,연극,3,1.0
김우빈,재즈/월드뮤직,1,1.0
김우석,연극,2,1.0
김우성,기악,1,0.25
김우성,연극,2,0.5
김우성,현대무용,1,0.25
김우영,연극,2,1.0
김우옥,연극,3,1.0
김우정,연극,5,1.0
김우주,연극,2,1.0
김우진,기악,2,0.6666666666666666
김우진,연극,1,0.3333333333333333
김우찬,뮤지컬,1,1.0
김우탁,연극,1,1.0
김운기,뮤지컬,11,0.9166666666666666
김운기,연극,1,0.08333333333333333
김운미,현대무용,1,1.0
김운석,연희,5,0.5555555555555556
김운석,혼합,4,0.4444444444444444
김운진,뮤지컬,1,1.0
김운태,연희,6,0.75
김운태,혼합,2,0.25
김웅기,뮤지컬,2,1.0
김웅식,기악,1,1.0
김원,연극,9,0.8181818181818182
김원,현대무용,2,0.18181818181818182
김원경,연극,1,1.0
김원근,뮤지컬,1,1.0
김원길,성악,1,0.5
김원길,한국무용,1,0.5
김원명,혼합,1,1.0
김원민,연극,1,1.0
김원범,마임,2,1.0
김원빈,혼합,1,1.0
김원석,연극,3,1.0
김원식,연극,1,1.0
김원영,한국무용,1,1.0
김원우,연극,1,1.0
김원익,뮤지컬,3,0.42857142857142855
김원익,연극,4,0.5714285714285714
김원일,넌버벌 퍼포먼스,3,1.0
김원주,재즈/월드뮤직,1,1.0
김원진,연극,10,1.0
김원호,대중가요,1,1.0
김원화,연극,2,1.0
김원희,연극,1,1.0
김위연,악극,1,0.3333333333333333
김위연,연극,1,0.3333333333333333
김위연,혼합,1,0.3333333333333333
김위영,연극,1,1.0
김유겸,뮤지컬,1,1.0
김유경,성악,1,0.2
김유경,연극,4,0.8
김유나,연극,2,0.6666666666666666
김유나,오페라,1,0.3333333333333333
김유라,뮤지컬,1,0.25
김유라,연극,2,0.5
김유라,한국무용,1,0.25
김유리,기악,4,0.3076923076923077
김유리,발레,1,0.07692307692307693
김유리,서커스/마술,1,0.07692307692307693
김유리,연극,7,0.5384615384615384
김유리라,연극,5,1.0
김유림,연극,3,1.0
김유미,발레,3,0.23076923076923078
김유미,연극,1,0.07692307692307693
김유미,연희,1,0.07692307692307693
김유미,창극,1,0.07692307692307693
김유미,한국무용,4,0.3076923076923077
김유미,현대무용,3,0.23076923076923078
김유민,연극,2,1.0
김유빈,연극,2,1.0
김유선,뮤지컬,3,1.0
김유신,뮤지컬,2,0.4
김유신,연극,3,0.6
김유신정,연극,3,1.0
김유완,연극,1,1.0
김유원,기악,2,1.0
김유인,인형극,1,1.0
김유정,기악,2,0.0392156862745098
김유정,뮤지컬,1,0.0196078431372549
김유정,연극,34,0.6666666666666666
김유정,오페라,14,0.27450980392156865
김유정국,서커스/마술,3,1.0
김유진,연극,7,1.0
김유철,뮤지컬,2,0.6666666666666666
김유철,연극,1,0.3333333333333333
김유한,기악,1,1.0
김유현,뮤지컬,13,0.8666666666666667
김유현,연극,2,0.13333333333333333
김유환,성악,6,0.8571428571428571
김유환,오페라,1,0.14285714285714285
김윤경,기타,1,0.2
김윤경,연극,4,0.8
김윤관,현대무용,1,1.0
김윤규,뮤지컬,2,0.5
김윤규,연극,1,0.25
김윤규,현대무용,1,0.25
김윤기,기악,2,1.0
김윤만,혼합,1,1.0
김윤미,기악,4,0.4
김윤미,뮤지컬,2,0.2
김윤미,연극,4,0.4
김윤상,연희,1,1.0
김윤선,기악,1,1.0
김윤수,기악,1,0.25
김윤수,혼합,3,0.75
김윤식,연극,5,1.0
김윤아,성악,1,0.25
김윤아,연극,2,0.5
김윤아,현대무용,1,0.25
김윤영,뮤지컬,22,0.8461538461538461
김윤영,연극,4,0.15384615384615385
김윤재,연극,2,1.0
김윤정,기악,1,0.14285714285714285
김윤정,연극,2,0.2857142857142857
김윤정,한국무용,1,0.14285714285714285
김윤정,현대무용,3,0.42857142857142855
김윤조,연극,1,1.0
김윤주,연극,7,0.7777777777777778
김윤주,오페라,1,0.1111111111111111
김윤주,현대무용,1,0.1111111111111111
김윤중,뮤지컬,2,1.0
김윤지,연극,7,0.875
김윤지,한국무용,1,0.125
김윤찬,연극,2,1.0
김윤태,재즈/월드뮤직,1,1.0
김윤해,뮤지컬,1,1.0
김윤형,기악,2,0.6666666666666666
김윤형,뮤지컬,1,0.3333333333333333
김윤혜,한국무용,1,1.0
김윤호,기악,1,1.0
김윤희,뮤지컬,1,0.07692307692307693
김윤희,연극,6,0.46153846153846156
김윤희,한국무용,1,0.07692307692307693
김윤희,현대무용,5,0.38461538461538464
김율,뮤지컬,1,1.0
김율미,연극,1,1.0
김율희,한국무용,1,1.0
김은,기악,1,0.5
김은,연극,1,0.5
김은경,기악,1,0.07692307692307693
김은경,뮤지컬,1,0.07692307692307693
김은경,성악,2,0.15384615384615385
김은경,연극,3,0.23076923076923078
김은경,오페라,2,0.15384615384615385
김은경,현대무용,3,0.23076923076923078
김은경,혼합,1,0.07692307692307693
김은기,뮤지컬,1,1.0
김은덕,오페라,1,1.0
김은동,뮤지컬,1,1.0
김은령,기악,2,1.0
김은미,기악,4,0.17391304347826086
김은미,뮤지컬,1,0.043478260869565216
김은미,악극,1,0.043478260869565216
김은미,연극,17,0.7391304347826086
김은민,연극,4,1.0
김은비,기악,1,0.3333333333333333
김은비,뮤지컬,1,0.3333333333333333
김은비,연극,1,0.3333333333333333
김은빈,넌버벌 퍼포먼스,1,0.3333333333333333
김은빈,연극,2,0.6666666666666666
김은서,연극,3,1.0
김은선,기악,2,0.3333333333333333
김은선,뮤지컬,2,0.3333333333333333
김은선,연극,1,0.16666666666666666
김은선,연희,1,0.16666666666666666
김은성,기악,1,0.08333333333333333
김은성,뮤지컬,2,0.16666666666666666
김은성,성악,1,0.08333333333333333
김은성,연극,6,0.5
김은성,오페라,1,0.08333333333333333
김은성,창극,1,0.08333333333333333
김은수,기악,1,0.25
김은수,발레,1,0.25
김은수,연극,2,0.5
김은식,기악,2,1.0
김은실,연극,1,1.0
김은아,연극,4,1.0
김은안,뮤지컬,1,1.0
김은애,성악,1,1.0
김은영,기악,8,0.10666666666666667
김은영,기타,1,0.013333333333333334
김은영,뮤지컬,40,0.5333333333333333
김은영,성악,5,0.06666666666666667
김은영,연극,6,0.08
김은영,연희,2,0.02666666666666667
김은영,재즈/월드뮤직,2,0.02666666666666667
김은영,한국무용,5,0.06666666666666667
김은영,혼합,6,0.08
김은옥,혼합,1,1.0
김은우,연극,1,1.0
김은이,한국무용,1,1.0
김은저,연극,1,1.0
김은정,기악,2,0.09090909090909091
김은정,성악,2,0.09090909090909091
김은정,연극,17,0.7727272727272727
김은정,현대무용,1,0.045454545454545456
김은주,기악,1,0.16666666666666666
김은주,넌버벌 퍼포먼스,1,0.16666666666666666
김은주,성악,1,0.16666666666666666
김은주,연극,2,0.3333333333333333
김은주,한국무용,1,0.16666666666666666
김은지,기악,1,0.022222222222222223
김은지,뮤지컬,33,0.7333333333333333
김은지,발레,2,0.044444444444444446
김은지,연극,9,0.2
김은진,발레,1,0.25
김은진,연극,3,0.75
김은찬,악극,1,0.5
김은찬,혼합,1,0.5
김은초롱,연극,1,1.0
김은태,뮤지컬,1,1.0
김은택,연극,1,1.0
김은하,뮤지컬,1,0.5
김은하,연극,1,0.5
김은한,연극,2,1.0
김은향,현대무용,1,1.0
김은혁,연극,1,1.0
김은현,연극,1,1.0
김은형,기악,1,1.0
김은혜,기악,8,0.2962962962962963
김은혜,뮤지컬,4,0.14814814814814814
김은혜,성악,12,0.4444444444444444
김은혜,연극,1,0.037037037037037035
김은혜,혼합,2,0.07407407407407407
김은환,마당극,1,0.25
김은환,뮤지컬,1,0.25
김은환,연극,2,0.5
김은희,성악,1,0.09090909090909091
김은희,연극,6,0.5454545454545454
김은희,한국무용,4,0.36363636363636365
김응두,기악,1,1.0
김응수,기악,2,0.6666666666666666
김응수,뮤지컬,1,0.3333333333333333
김응완,뮤지컬,20,1.0
김응형,연극,2,0.6666666666666666
김응형,인형극,1,0.3333333333333333
김의연,연극,1,1.0
김의일,뮤지컬,2,1.0
김의진,성악,1,0.25
김의진,오페라,3,0.75
김의태,연극,3,1.0
김이경,연극,1,0.5
김이경,현대무용,1,0.5
김이곤,기악,1,1.0
김이끼,혼합,1,1.0
김이네,연극,2,1.0
김이수,연극,2,1.0
김이야,연극,1,1.0
김이연,현대무용,1,1.0
김이영,연극,2,1.0
김이율,뮤지컬,1,0.25
김이율,연극,3,0.75
김이정,기악,4,1.0
김이진,연극,1,1.0
김이혁,연극,4,1.0
김이환,연극,2,1.0
김익주,연희,2,0.5
김익주,한국무용,1,0.25
김익주,혼합,1,0.25
김익현,기악,1,0.16666666666666666
김익현,발레,2,0.3333333333333333
김익현,연극,1,0.16666666666666666
김익현,연희,1,0.16666666666666666
김익현,현대무용,1,0.16666666666666666
김인경,성악,1,0.058823529411764705
김인경,연극,14,0.8235294117647058
김인경,연희,1,0.058823529411764705
김인경,혼합,1,0.058823529411764705
김인규,기악,1,0.09090909090909091
김인규,발레,7,0.6363636363636364
김인규,연극,2,0.18181818181818182
김인규,오페라,1,0.09090909090909091
김인남,뮤지컬,1,1.0
김인선,대중가요,1,1.0
김인성,넌버벌 퍼포먼스,1,0.06666666666666667
김인성,뮤지컬,6,0.4
김인성,현대무용,8,0.5333333333333333
김인순,한국무용,1,1.0
김인식,기악,1,0.125
김인식,인형극,1,0.125
김인식,한국무용,1,0.125
김인식,현대무용,5,0.625
김인아,연극,1,1.0
김인애,기악,1,0.5
김인애,연극,1,0.5
김인열,한국무용,1,1.0
김인영,기악,1,1.0
김인우,뮤지컬,1,1.0
김인재,성악,2,1.0
김인주,연극,1,1.0
김인준,뮤지컬,1,1.0
김인중,악극,1,1.0
김인하,연극,2,1.0
김인혁,연극,4,1.0
김인현,연극,1,1.0
김인호,성악,1,1.0
김인휘,성악,1,1.0
김인희 제임스전,발레,1,1.0
김일구,창극,1,1.0
김일다,연극,1,1.0
김일륜,기악,1,0.5
김일륜,혼합,1,0.5
김일우,연극,2,1.0
김일태,연극,1,1.0
김일택,성악,2,1.0
김일현,기악,3,0.3333333333333333
김일현,연극,1,0.1111111111111111
김일현,오페라,2,0.2222222222222222
김일현,한국무용,1,0.1111111111111111
김일현,혼합,2,0.2222222222222222
김일환,연극,1,0.3333333333333333
김일환,오페라,2,0.6666666666666666
김임중,한국무용,1,1.0
김자경,연극,1,1.0
김자빈,연극,3,1.0
김자연,연극,3,1.0
김자영,뮤지컬,2,0.25
김자영,연극,6,0.75
김자한,연극,1,1.0
김자형,현대무용,2,1.0
김장동,연극,2,1.0
김장미,연극,3,1.0
김장섭,넌버벌 퍼포먼스,1,0.16666666666666666
김장섭,뮤지컬,1,0.16666666666666666
김장섭,연극,4,0.6666666666666666
김장연,기악,2,0.4
김장연,성악,1,0.2
김장연,혼합,2,0.4
김장우,한국무용,1,1.0
김장준,연극,2,1.0
김장호,연극,3,1.0
김장훈,기타,1,1.0
김재경,성악,1,0.125
김재경,연극,7,0.875
김재곤,기악,1,1.0
김재광,뮤지컬,2,1.0
김재권,발레,1,0.1111111111111111
김재권,연극,8,0.8888888888888888
김재규,성악,2,1.0
김재남,연극,2,1.0
김재덕,마임,1,0.029411764705882353
김재덕,뮤지컬,3,0.08823529411764706
김재덕,연극,6,0.17647058823529413
김재덕,한국무용,2,0.058823529411764705
김재덕,현대무용,22,0.6470588235294118
김재란,연극,5,1.0
김재리,현대무용,2,1.0
김재만,뮤지컬,1,0.5
김재만,연극,1,0.5
김재문,성악,1,1.0
김재민,기악,2,0.2857142857142857
김재민,뮤지컬,1,0.14285714285714285
김재민,연극,4,0.5714285714285714
김재범,성악,1,1.0
김재복,성악,1,0.5
김재복,창극,1,0.5
김재석,마당극,1,0.5
김재석,연극,1,0.5
김재선,연극,9,1.0
김재성,뮤지컬,4,0.6666666666666666
김재성,연극,2,0.3333333333333333
김재승,현대무용,1,1.0
김재신,뮤지컬,1,1.0
김재아,연극,2,1.0
김재억,발레,3,0.23076923076923078
김재억,연극,1,0.07692307692307693
김재억,인형극,1,0.07692307692307693
김재억,현대무용,8,0.6153846153846154
김재연,기악,1,0.3333333333333333
김재연,연극,1,0.3333333333333333
김재연,오페라,1,0.3333333333333333
김재엽,연극,15,1.0
김재영,기악,2,0.2857142857142857
김재영,뮤지컬,3,0.42857142857142855
김재영,연극,2,0.2857142857142857
김재옥,연극,2,1.0
김재우,기악,1,0.030303030303030304
김재우,뮤지컬,14,0.42424242424242425
김재우,성악,2,0.06060606060606061
김재우,연극,16,0.48484848484848486
김재욱,기악,2,0.2857142857142857
김재욱,악극,1,0.14285714285714285
김재욱,연극,4,0.5714285714285714
김재웅,연극,3,1.0
김재원,기악,11,0.5789473684210527
김재원,뮤지컬,2,0.10526315789473684
김재원,연극,6,0.3157894736842105
김재윤,연극,3,0.75
김재윤,현대무용,1,0.25
김재은,기악,2,0.2857142857142857
김재은,뮤지컬,3,0.42857142857142855
김재은,연극,2,0.2857142857142857
김재이,뮤지컬,1,0.5
김재이,연극,1,0.5
김재준,대중가요,1,1.0
김재철,뮤지컬,4,1.0
김재한,뮤지컬,8,0.7272727272727273
김재한,연극,3,0.2727272727272727
김재현,뮤지컬,3,0.2727272727272727
김재현,연극,1,0.09090909090909091
김재현,한국무용,2,0.18181818181818182
김재현,현대무용,2,0.18181818181818182
김재현,혼합,3,0.2727272727272727
김재형,뮤지컬,2,0.25
김재형,성악,1,0.125
김재형,연극,5,0.625
김재호,연극,6,1.0
김재홍,연극,1,1.0
김재환,연극,2,1.0
김재훈,연극,13,0.9285714285714286
김재훈,혼합,1,0.07142857142857142
김재희,기악,1,0.1
김재희,뮤지컬,2,0.2
김재희,연극,2,0.2
김재희,연희,1,0.1
김재희,오페라,3,0.3
김재희,혼합,1,0.1
김정,성악,1,0.043478260869565216
김정,악극,3,0.13043478260869565
김정,연극,19,0.8260869565217391
김정건,연극,1,1.0
김정관,악극,1,1.0
김정규,연극,1,0.3333333333333333
김정규,오페라,2,0.6666666666666666
김정균,연극,3,1.0
김정근,기악,2,0.3333333333333333
김정근,성악,1,0.16666666666666666
김정근,연극,3,0.5
김정란,연극,1,0.5
김정란,오페라,1,0.5
김정렬,악극,1,1.0
김정만,연극,1,1.0
김정묵,성악,1,0.2
김정묵,연극,4,0.8
김정미,기악,1,0.3333333333333333
김정미,인형극,1,0.3333333333333333
김정미,현대무용,1,0.3333333333333333
김정민,뮤지컬,10,0.4166666666666667
김정민,연극,11,0.4583333333333333
김정민,한국무용,3,0.125
김정석,연극,1,1.0
김정선,연극,6,1.0
김정섭,뮤지컬,1,0.25
김정섭,연극,3,0.75
김정수,기악,1,0.2
김정수,연극,3,0.6
김정수,현대무용,1,0.2
김정숙,뮤지컬,8,0.20512820512820512
김정숙,악극,2,0.05128205128205128
김정숙,연극,29,0.7435897435897436
김정순,발레,1,1.0
김정식,기악,1,1.0
김정아,기악,1,0.2
김정아,연극,1,0.2
김정아,한국무용,1,0.2
김정아,현대무용,2,0.4
김정연,성악,4,0.5
김정연,연극,4,0.5
김정열,기악,1,0.25
김정열,뮤지컬,2,0.5
김정열,연극,1,0.25
김정오,연극,1,0.5
김정오,연희,1,0.5
김정옥,연극,1,1.0
김정용,뮤지컬,1,0.125
김정용,연극,7,0.875
김정우,연극,2,1.0
김정운,연희,1,0.5
김정운,혼합,1,0.5
김정원,성악,1,0.14285714285714285
김정원,연극,5,0.7142857142857143
김정원,한국무용,1,0.14285714285714285
김정윤,기악,1,0.14285714285714285
김정윤,뮤지컬,1,0.14285714285714285
김정윤,오페라,4,0.5714285714285714
김정윤,현대무용,1,0.14285714285714285
김정은,기악,1,0.1111111111111111
김정은,뮤지컬,2,0.2222222222222222
김정은,성악,1,0.1111111111111111
김정은,연극,5,0.5555555555555556
김정이,연극,2,1.0
김정재,연극,2,1.0
김정주,성악,2,1.0
김정진,연희,1,1.0
김정철,기악,1,1.0
김정태,성악,1,0.5
김정태,혼합,1,0.5
김정택,성악,2,1.0
김정팔,연극,2,1.0
김정표,연극,1,1.0
김정하,뮤지컬,7,1.0
김정학,대중가요,1,0.2
김정학,성악,1,0.2
김정학,한국무용,3,0.6
김정한,마임,1,0.03125
김정한,뮤지컬,6,0.1875
김정한,연극,25,0.78125
김정향,연극,14,0.9333333333333333
김정향,인형극,1,0.06666666666666667
김정향 임,연극,1,1.0
김정혁,연희,1,1.0
김정현,기악,2,0.2222222222222222
김정현,뮤지컬,1,0.1111111111111111
김정현,연극,6,0.6666666666666666
김정호,발레,1,0.14285714285714285
김정호,연극,6,0.8571428571428571
김정화,연극,1,0.16666666666666666
김정화,현대무용,5,0.8333333333333334
김정환,뮤지컬,2,0.1
김정환,발레,1,0.05
김정환,연극,15,0.75
김정환,오페라,1,0.05
김정환,현대무용,1,0.05
김정회,연극,2,1.0
김정훈,연극,2,0.4
김정훈,현대무용,3,0.6
김정희,기악,2,0.4
김정희,연극,2,0.4
김정희,혼합,1,0.2
김제원,현대무용,1,1.0
김제윤,한국무용,1,0.5
김제윤,혼합,1,0.5
김제이,한국무용,1,1.0
김제형,연극,2,1.0
김조현,성악,1,0.5
김조현,연극,1,0.5
김종균,기악,3,0.3333333333333333
김종균,뮤지컬,1,0.1111111111111111
김종균,성악,2,0.2222222222222222
김종균,연극,3,0.3333333333333333
김종덕,성악,1,0.2
김종덕,한국무용,4,0.8
김종두,악극,1,1.0
김종락,창극,1,0.5
김종락,한국무용,1,0.5
김종련,뮤지컬,2,0.6666666666666666
김종련,연극,1,0.3333333333333333
김종률,뮤지컬,1,1.0
김종미,뮤지컬,1,1.0
김종민,연극,1,1.0
김종배,연극,1,1.0
김종석,기악,1,0.0070921985815602835
김종석,대중가요,1,0.0070921985815602835
김종석,뮤지컬,66,0.46808510638297873
김종석,서커스/마술,7,0.04964539007092199
김종석,성악,1,0.0070921985815602835
김종석,악극,1,0.0070921985815602835
김종석,연극,42,0.2978723404255319
김종석,연희,4,0.028368794326241134
김종석,인형극,2,0.014184397163120567
김종석,한국무용,3,0.02127659574468085
김종석,현대무용,12,0.0851063829787234
김종석,혼합,1,0.0070921985815602835
김종섭,기악,2,0.2
김종섭,성악,7,0.7
김종섭,오페라,1,0.1
김종성,뮤지컬,4,0.4
김종성,연극,6,0.6
김종수,대중가요,1,0.25
김종수,연극,2,0.5
김종수,한국무용,1,0.25
김종숙,뮤지컬,1,0.3333333333333333
김종숙,연극,2,0.6666666666666666
김종연,연극,1,1.0
김종우,뮤지컬,2,0.3333333333333333
김종우,발레,1,0.16666666666666666
김종우,연극,3,0.5
김종욱,기악,4,0.4444444444444444
김종욱,발레,1,0.1111111111111111
김종욱,연극,2,0.2222222222222222
김종욱,현대무용,2,0.2222222222222222
김종원,뮤지컬,3,0.3333333333333333
김종원,연극,6,0.6666666666666666
김종윤,기악,4,0.5
김종윤,뮤지컬,1,0.125
김종윤,성악,2,0.25
김종윤,연극,1,0.125
김종일,악극,2,0.6666666666666666
김종일,연희,1,0.3333333333333333
김종진,뮤지컬,2,1.0
김종찬,연극,1,0.5
김종찬,혼합,1,0.5
김종천,뮤지컬,2,0.5
김종천,성악,2,0.5
김종칠,연극,1,1.0
김종필,연극,8,1.0
김종한,연극,1,0.5
김종한,혼합,1,0.5
김종해,뮤지컬,149,0.9867549668874173
김종해,연극,2,0.013245033112582781
김종행,뮤지컬,1,1.0
김종헌,연극,6,1.0
김종혁,연극,1,1.0
김종현,기악,1,0.05263157894736842
김종현,뮤지컬,1,0.05263157894736842
김종현,성악,12,0.631578947368421
김종현,연극,3,0.15789473684210525
김종현,현대무용,2,0.10526315789473684
김종형,오페라,1,1.0
김종호,스트리트/스포츠댄스,1,0.5
김종호,연극,1,0.5
김종화,성악,1,0.5
김종화,연극,1,0.5
김종훈,기악,6,0.6
김종훈,성악,1,0.1
김종훈,연극,3,0.3
김종훤,연극,4,1.0
김종희,연극,4,1.0
김주,한국무용,1,1.0
김주경,현대무용,1,1.0
김주곤,오페라,1,1.0
김주광,기악,1,1.0
김주면,성악,1,1.0
김주미,연극,2,1.0
김주범,발레,2,1.0
김주빈,연극,2,0.3333333333333333
김주빈,한국무용,3,0.5
김주빈,혼합,1,0.16666666666666666
김주성,넌버벌 퍼포먼스,1,0.3333333333333333
김주성,현대무용,2,0.6666666666666666
김주슬기,연극,5,0.8333333333333334
김주슬기,현대무용,1,0.16666666666666666
김주신,연극,1,1.0
김주아,연극,1,1.0
김주연,뮤지컬,4,0.2
김주연,성악,1,0.05
김주연,악극,1,0.05
김주연,연극,14,0.7
김주영,뮤지컬,7,0.5
김주영,연극,5,0.35714285714285715
김주영,한국무용,1,0.07142857142857142
김주영,혼합,1,0.07142857142857142
김주완,연희,1,0.5
김주완,혼합,1,0.5
김주원,발레,10,0.4
김주원,성악,1,0.04
김주원,악극,2,0.08
김주원,연극,10,0.4
김주원,오페라,2,0.08
김주유,연극,1,1.0
김주은,기악,1,0.25
김주은,연극,3,0.75
김주일,기악,2,0.2857142857142857
김주일,발레,4,0.5714285714285714
김주일,오페라,1,0.14285714285714285
김주찬,대중가요,5,0.7142857142857143
김주찬,연극,1,0.14285714285714285
김주찬,연희,1,0.14285714285714285
김주한,뮤지컬,3,1.0
김주헌,연극,1,1.0
김주현,뮤지컬,2,0.2222222222222222
김주현,연극,2,0.2222222222222222
김주현,오페라,2,0.2222222222222222
김주현,현대무용,2,0.2222222222222222
김주현,혼합,1,0.1111111111111111
김주형,연극,3,1.0
김주혜,기악,1,1.0
김주호,넌버벌 퍼포먼스,2,0.2857142857142857
김주호,뮤지컬,1,0.14285714285714285
김주호,성악,3,0.42857142857142855
김주호,연극,1,0.14285714285714285
김주호 한정훈,뮤지컬,1,1.0
김주홍,대중가요,1,0.14285714285714285
김주홍,연희,1,0.14285714285714285
김주홍,재즈/월드뮤직,1,0.14285714285714285
김주홍,한국무용,1,0.14285714285714285
김주홍,혼합,3,0.42857142857142855
김주환,기타,1,0.3333333333333333
김주환,뮤지컬,1,0.3333333333333333
김주환,성악,1,0.3333333333333333
김주희,뮤지컬,1,0.1111111111111111
김주희,연극,8,0.8888888888888888
김준,뮤지컬,2,0.5
김준,연극,2,0.5
김준겸,연극,1,1.0
김준광,연극,1,1.0
김준권,발레,2,1.0
김준규,기악,1,0.25
김준규,뮤지컬,3,0.75
김준기,악극,1,0.5
김준기,연극,1,0.5
김준범,성악,1,0.5
김준범,연극,1,0.5
김준섭,연극,1,1.0
김준성,기악,1,0.09090909090909091
김준성,넌버벌 퍼포먼스,9,0.8181818181818182
김준성,연극,1,0.09090909090909091
김준수,연극,1,1.0
김준아,연극,2,1.0
김준영,기악,2,0.11764705882352941
김준영,마임,2,0.11764705882352941
김준영,발레,2,0.11764705882352941
김준영,연극,9,0.5294117647058824
김준영,연희,1,0.058823529411764705
김준영,혼합,1,0.058823529411764705
김준우,성악,1,1.0
김준차,기악,1,1.0
김준탁,연극,1,1.0
김준태,기악,1,0.125
김준태,뮤지컬,7,0.875
김준표,기악,2,0.3333333333333333
김준표,뮤지컬,3,0.5
김준표,연극,1,0.16666666666666666
김준한,연극,1,0.2
김준한,오페라,4,0.8
김준혁,연극,1,1.0
김준현,연극,2,1.0
김준호,기악,4,0.2857142857142857
김준호,서커스/마술,1,0.07142857142857142
김준호,연극,8,0.5714285714285714
김준호,오페라,1,0.07142857142857142
김준효,연극,1,1.0
김준희,기악,9,0.6923076923076923
김준희,연극,4,0.3076923076923077
김중석,기악,1,1.0
김중엽,연극,1,1.0
김중원,뮤지컬,1,0.5
김중원,오페라,1,0.5
김중현,뮤지컬,1,1.0
김지나,기악,1,0.3333333333333333
김지나,연극,2,0.6666666666666666
김지립,한국무용,1,1.0
김지만,성악,1,1.0
김지명,성악,2,0.18181818181818182
김지명,한국무용,1,0.09090909090909091
김지명,현대무용,5,0.45454545454545453
김지명,혼합,3,0.2727272727272727
김지민,연극,1,0.5
김지민,현대무용,1,0.5
김지산,연극,1,0.5
김지산,현대무용,1,0.5
김지선,뮤지컬,1,0.5
김지선,연극,1,0.5
김지성,연극,2,0.6666666666666666
김지성,현대무용,1,0.3333333333333333
김지수,기악,2,0.09090909090909091
김지수,뮤지컬,3,0.13636363636363635
김지수,성악,1,0.045454545454545456
김지수,연극,10,0.45454545454545453
김지수,한국무용,1,0.045454545454545456
김지수,현대무용,5,0.22727272727272727
김지숙,뮤지컬,1,0.25
김지숙,연극,3,0.75
김지승,연극,1,1.0
김지식,뮤지컬,25,0.78125
김지식,연극,7,0.21875
김지아,연극,3,1.0
김지안,발레,5,1.0
김지애,뮤지컬,1,0.5
김지애,연극,1,0.5
김지언,대중가요,1,1.0
김지연,뮤지컬,2,0.07692307692307693
김지연,성악,2,0.07692307692307693
김지연,연극,14,0.5384615384615384
김지연,오페라,2,0.07692307692307693
김지연,재즈/월드뮤직,3,0.11538461538461539
김지연,현대무용,3,0.11538461538461539
김지영,기악,1,0.025
김지영,대중가요,1,0.025
김지영,마임,1,0.025
김지영,뮤지컬,5,0.125
김지영,성악,2,0.05
김지영,연극,14,0.35
김지영,연희,1,0.025
김지영,오페라,9,0.225
김지영,한국무용,4,0.1
김지영,현대무용,2,0.05
김지요,현대무용,1,1.0
김지용,뮤지컬,5,0.2777777777777778
김지용,성악,1,0.05555555555555555
김지용,연극,9,0.5
김지용,오페라,3,0.16666666666666666
김지우,대중가요,1,0.02857142857142857
김지우,뮤지컬,1,0.02857142857142857
김지우,연극,30,0.8571428571428571
김지우,재즈/월드뮤직,1,0.02857142857142857
김지우,한국무용,2,0.05714285714285714
김지욱,성악,1,0.25
김지욱,악극,2,0.5
김지욱,연극,1,0.25
김지운,현대무용,3,1.0
김지웅,인형극,2,1.0
김지원,뮤지컬,52,0.8253968253968254
김지원,연극,5,0.07936507936507936
김지원,한국무용,4,0.06349206349206349
김지원,현대무용,2,0.031746031746031744
김지원 추정화,뮤지컬,1,1.0
김지유,뮤지컬,1,0.3333333333333333
김지유,연극,2,0.6666666666666666
김지윤,뮤지컬,2,0.3333333333333333
김지윤,연극,3,0.5
김지윤,한국무용,1,0.16666666666666666
김지은,기악,2,0.045454545454545456
김지은,뮤지컬,5,0.11363636363636363
김지은,성악,5,0.11363636363636363
김지은,연극,20,0.45454545454545453
김지은,오페라,8,0.18181818181818182
김지은,창극,1,0.022727272727272728
김지은,한국무용,2,0.045454545454545456
김지은,현대무용,1,0.022727272727272728
김지인,연극,1,1.0
김지정,현대무용,2,1.0
김지태,뮤지컬,1,1.0
김지향,기악,1,1.0
김지현,기악,12,0.34285714285714286
김지현,뮤지컬,1,0.02857142857142857
김지현,발레,2,0.05714285714285714
김지현,성악,2,0.05714285714285714
김지현,연극,14,0.4
김지현,오페라,3,0.08571428571428572
김지현,혼합,1,0.02857142857142857
김지형,뮤지컬,3,0.75
김지형,연극,1,0.25
김지혜,기악,2,0.08
김지혜,성악,1,0.04
김지혜,연극,18,0.72
김지혜,오페라,1,0.04
김지혜,재즈/월드뮤직,1,0.04
김지혜,혼합,2,0.08
김지호,기악,1,0.029411764705882353
김지호,뮤지컬,18,0.5294117647058824
김지호,악극,2,0.058823529411764705
김지호,연극,13,0.38235294117647056
김지환,기악,2,0.5
김지환,뮤지컬,1,0.25
김지환,연극,1,0.25
김지효,재즈/월드뮤직,1,0.5
김지효,한국무용,1,0.5
김지후,기악,3,0.75
김지후,연극,1,0.25
김지훈,뮤지컬,3,0.04477611940298507
김지훈,서커스/마술,23,0.34328358208955223
김지훈,악극,1,0.014925373134328358
김지훈,연극,21,0.31343283582089554
김지훈,연희,11,0.16417910447761194
김지훈,인형극,3,0.04477611940298507
김지훈,창극,1,0.014925373134328358
김지훈,혼합,4,0.05970149253731343
김지휴,뮤지컬,1,1.0
김지희,연극,3,1.0
김진,뮤지컬,1,1.0
김진각,한국무용,1,1.0
김진경,연극,3,1.0
김진곤,연극,2,1.0
김진교,연극,1,1.0
김진구,성악,1,0.5
김진구,현대무용,1,0.5
김진근,연극,3,1.0
김진기,연극,1,1.0
김진만,뮤지컬,2,0.08695652173913043
김진만,연극,21,0.9130434782608695
김진명,연극,1,1.0
김진미,뮤지컬,1,0.2
김진미,연극,2,0.4
김진미,한국무용,1,0.2
김진미,혼합,1,0.2
김진민,오페라,2,1.0
김진복,연극,2,1.0
김진상,기악,1,1.0
김진석,뮤지컬,1,1.0
김진선,연극,3,1.0
김진성,뮤지컬,1,0.2
김진성,연극,4,0.8
김진솔,연극,1,1.0
김진수,기악,6,0.2857142857142857
김진수,뮤지컬,3,0.14285714285714285
김진수,성악,4,0.19047619047619047
김진수,연극,7,0.3333333333333333
김진수,현대무용,1,0.047619047619047616
김진숙,연극,2,1.0
김진식,성악,1,1.0
김진아,뮤지컬,4,0.11428571428571428
김진아,성악,1,0.02857142857142857
김진아,연극,28,0.8
김진아,현대무용,2,0.05714285714285714
김진영,기악,1,0.047619047619047616
김진영,뮤지컬,16,0.7619047619047619
김진영,연극,4,0.19047619047619047
김진옥,한국무용,1,1.0
김진용,연극,1,1.0
김진우,발레,2,0.08333333333333333
김진우,스트리트/스포츠댄스,1,0.041666666666666664
김진우,연극,7,0.2916666666666667
김진우,오페라,1,0.041666666666666664
김진우,한국무용,7,0.2916666666666667
김진우,현대무용,6,0.25
김진욱,기악,1,0.08333333333333333
김진욱,서커스/마술,1,0.08333333333333333
김진욱,성악,5,0.4166666666666667
김진욱,연극,5,0.4166666666666667
김진원,한국무용,4,1.0
김진이,연극,4,0.6666666666666666
김진이,연희,2,0.3333333333333333
김진주,연극,2,1.0
김진철,뮤지컬,1,1.0
김진태,기악,3,0.3
김진태,대중가요,1,0.1
김진태,발레,3,0.3
김진태,재즈/월드뮤직,1,0.1
김진태,한국무용,1,0.1
김진태,혼합,1,0.1
김진하,기악,1,0.2
김진하,기타,1,0.2
김진하,뮤지컬,2,0.4
김진하,연극,1,0.2
김진한,연극,1,1.0
김진현,연극,6,1.0
김진호,뮤지컬,5,0.5555555555555556
김진호,성악,1,0.1111111111111111
김진호,연극,3,0.3333333333333333
김진홍,넌버벌 퍼포먼스,4,0.5714285714285714
김진홍,연극,3,0.42857142857142855
김진환,기악,2,0.09523809523809523
김진환,뮤지컬,13,0.6190476190476191
김진환,연극,5,0.23809523809523808
김진환,오페라,1,0.047619047619047616
김진환 장혁우,연극,2,1.0
김진휘,기악,1,1.0
김진희,뮤지컬,8,0.4
김진희,성악,3,0.15
김진희,악극,1,0.05
김진희,연극,6,0.3
김진희,한국무용,1,0.05
김진희,현대무용,1,0.05
김차경,창극,2,1.0
김차연,혼합,1,1.0
김찬,뮤지컬,6,0.8571428571428571
김찬,연극,1,0.14285714285714285
김찬규,성악,1,1.0
김찬미,기악,1,1.0
김찬양,연극,1,1.0
김찬영,기악,2,0.3333333333333333
김찬영,뮤지컬,2,0.3333333333333333
김찬영,성악,1,0.16666666666666666
김찬영,연극,1,0.16666666666666666
김찬우,연극,2,1.0
김찬정,성악,1,1.0
김찬희,성악,1,1.0
김창경,기악,1,1.0
김창곤,연극,3,1.0
김창기,연극,6,1.0
김창대,뮤지컬,4,1.0
김창돈,기악,1,1.0
김창모,연극,3,1.0
김창배,뮤지컬,1,0.3333333333333333
김창배,연극,2,0.6666666666666666
김창범,서커스/마술,1,1.0
김창영,오페라,2,0.6666666666666666
김창영,현대무용,1,0.3333333333333333
김창완,뮤지컬,2,1.0
김창우,혼합,1,1.0
김창인,스트리트/스포츠댄스,1,1.0
김창준,연극,1,1.0
김창호,기악,1,1.0
김창환,기악,3,0.2727272727272727
김창환,뮤지컬,1,0.09090909090909091
김창환,악극,1,0.09090909090909091
김창환,연극,1,0.09090909090909091
김창환,연희,1,0.09090909090909091
김창환,한국무용,1,0.09090909090909091
김창환,혼합,3,0.2727272727272727
김창효,뮤지컬,4,0.6666666666666666
김창효,연극,2,0.3333333333333333
김채령,기악,4,0.4
김채령,성악,3,0.3
김채령,오페라,3,0.3
김채린,기악,1,0.25
김채린,뮤지컬,1,0.25
김채린,연희,2,0.5
김채림,기악,2,1.0
김채민,뮤지컬,1,1.0
김채빈,연극,1,1.0
김채연,연극,4,1.0
김채영,뮤지컬,2,1.0
김채완,연극,1,1.0
김채우,뮤지컬,2,0.6666666666666666
김채우,연극,1,0.3333333333333333
김채원,기타,1,0.2
김채원,연극,4,0.8
김채은,연극,3,1.0
김채이,연극,1,1.0
김채현,연극,1,0.5
김채현,현대무용,1,0.5
김천,연극,1,1.0
김천웅,현대무용,1,1.0
김철,마임,1,0.25
김철,뮤지컬,1,0.25
김철,성악,1,0.25
김철,연극,1,0.25
김철리,연극,5,1.0
김철무,연극,1,1.0
김철민,연극,1,0.5
김철민,창극,1,0.5
김철수,기악,1,1.0
김철순,악극,1,1.0
김철우,뮤지컬,2,1.0
김철웅,오페라,1,1.0
김철의,연극,3,1.0
김철준,뮤지컬,4,1.0
김철진,기악,3,0.75
김철진,성악,1,0.25
김철현,넌버벌 퍼포먼스,1,0.0036496350364963502
김철현,뮤지컬,270,0.9854014598540146
김철현,연극,3,0.010948905109489052
김철환,뮤지컬,1,0.16666666666666666
김철환,연극,4,0.6666666666666666
김철환,한국무용,1,0.16666666666666666
김철희,발레,2,0.1
김철희,스트리트/스포츠댄스,1,0.05
김철희,한국무용,6,0.3
김철희,현대무용,11,0.55
김청경,서커스/마술,1,1.0
김청림,기악,3,1.0
김청묵,기타,1,0.5
김청묵,혼합,1,0.5
김청은,성악,1,1.0
김초롱,성악,1,0.5
김초롱,현대무용,1,0.5
김초슬,현대무용,1,1.0
김초원,연극,1,1.0
김초이,성악,1,1.0
김초현,연극,1,1.0
김최용준,연극,2,1.0
김춘경,연극,4,1.0
김춘광,악극,1,1.0
김춘범,뮤지컬,1,1.0
김춘봉,성악,1,0.5
김춘봉,창극,1,0.5
김춘수,창극,1,1.0
김충신,연극,1,1.0
김충실,연극,4,1.0
김충한,기악,1,0.07142857142857142
김충한,연희,3,0.21428571428571427
김충한,한국무용,3,0.21428571428571427
김충한,현대무용,1,0.07142857142857142
김충한,혼합,6,0.42857142857142855
김충현,연희,1,1.0
김충환,기악,1,1.0
김치성,연극,1,1.0
김치영,뮤지컬,7,1.0
김치현,연극,2,1.0
김탁환,성악,1,0.3333333333333333
김탁환,악극,1,0.3333333333333333
김탁환,창극,1,0.3333333333333333
김탄일,연극,1,1.0
김태경,연극,2,1.0
김태규,연극,2,1.0
김태균,연극,1,1.0
김태근,뮤지컬,1,0.043478260869565216
김태근,연극,20,0.8695652173913043
김태근,인형극,1,0.043478260869565216
김태근,한국무용,1,0.043478260869565216
김태기,뮤지컬,2,1.0
김태령,연극,9,1.0
김태린,뮤지컬,4,0.36363636363636365
김태린,연극,7,0.6363636363636364
김태명,연극,1,1.0
김태범,연극,1,1.0
김태석,뮤지컬,1,0.07692307692307693
김태석,연극,12,0.9230769230769231
김태섭,현대무용,4,1.0
김태성,연극,1,1.0
김태수,연극,7,1.0
김태식,성악,1,1.0
김태양,연극,1,1.0
김태연,발레,1,1.0
김태영,기악,4,0.14814814814814814
김태영,뮤지컬,4,0.14814814814814814
김태영,성악,4,0.14814814814814814
김태영,연극,7,0.25925925925925924
김태영,연희,1,0.037037037037037035
김태영,오페라,6,0.2222222222222222
김태영,한국무용,1,0.037037037037037035
김태완,연극,2,1.0
김태용,뮤지컬,2,0.3333333333333333
김태용,연극,2,0.3333333333333333
김태용,인형극,2,0.3333333333333333
김태우,성악,1,0.25
김태우,연극,2,0.5
김태우,연희,1,0.25
김태욱,연희,1,0.16666666666666666
김태욱,재즈/월드뮤직,1,0.16666666666666666
김태욱,현대무용,1,0.16666666666666666
김태욱,혼합,3,0.5
김태웅,성악,1,0.0625
김태웅,연극,1,0.0625
김태웅,오페라,14,0.875
김태유,연극,2,1.0
김태윤,뮤지컬,1,0.2
김태윤,악극,1,0.2
김태윤,연극,3,0.6
김태은,마임,1,0.3333333333333333
김태은,연극,2,0.6666666666666666
김태이,기악,1,0.5
김태이,뮤지컬,1,0.5
김태정,연희,2,1.0
김태진,연극,3,1.0
김태하,연극,4,1.0
김태헌,연극,1,0.5
김태헌,혼합,1,0.5
김태현,발레,1,0.047619047619047616
김태현,연극,20,0.9523809523809523
김태형,기악,1,0.015384615384615385
김태형,뮤지컬,38,0.5846153846153846
김태형,연극,26,0.4
김태호,뮤지컬,1,0.16666666666666666
김태호,연극,5,0.8333333333333334
김태환,넌버벌 퍼포먼스,3,0.3
김태환,연극,3,0.3
김태환,연희,1,0.1
김태환,인형극,1,0.1
김태환,한국무용,1,0.1
김태환,혼합,1,0.1
김태훈,뮤지컬,33,0.6470588235294118
김태훈,연극,17,0.3333333333333333
김태훈,한국무용,1,0.0196078431372549
김태희,뮤지컬,1,0.09090909090909091
김태희,연극,10,0.9090909090909091
김택수,기악,4,0.2857142857142857
김택수,연극,10,0.7142857142857143
김택희,연극,1,1.0
김통일,연극,3,1.0
김판서,성악,1,1.0
김판중,연극,1,1.0
김팔호,연극,1,1.0
김평강,현대무용,2,1.0
김평수,발레,1,0.5
김평수,현대무용,1,0.5
김평호,한국무용,11,0.7857142857142857
김평호,현대무용,3,0.21428571428571427
김푸르리,기악,1,1.0
김풍년,연극,5,0.5555555555555556
김풍년,창극,1,0.1111111111111111
김풍년,현대무용,3,0.3333333333333333
김필범,넌버벌 퍼포먼스,4,0.4
김필범,마당극,1,0.1
김필범,연극,3,0.3
김필범,연희,1,0.1
김필범,혼합,1,0.1
김하경,발레,1,1.0
김하나,뮤지컬,8,0.25
김하나,연극,22,0.6875
김하나,오페라,1,0.03125
김하나,현대무용,1,0.03125
김하늘,연극,2,1.0
김하늬,연극,1,1.0
김하린,기악,1,0.3333333333333333
김하린,기타,1,0.3333333333333333
김하린,대중가요,1,0.3333333333333333
김하림,뮤지컬,8,0.36363636363636365
김하림,서커스/마술,8,0.36363636363636365
김하림,연극,6,0.2727272727272727
김하빈,대중가요,4,1.0
김하얀,뮤지컬,1,1.0
김하연,연극,1,1.0
김하영,뮤지컬,6,0.3157894736842105
김하영,악극,1,0.05263157894736842
김하영,연극,12,0.631578947368421
김하윤,연극,2,1.0
김하은,기악,1,0.2
김하은,성악,1,0.2
김하은,악극,1,0.2
김하은,오페라,2,0.4
김하정,기악,1,0.05263157894736842
김하정,뮤지컬,2,0.10526315789473684
김하정,발레,5,0.2631578947368421
김하정,연극,7,0.3684210526315789
김하정,오페라,4,0.21052631578947367
김하진,뮤지컬,2,0.6666666666666666
김하진,연극,1,0.3333333333333333
김학남,오페라,2,1.0
김학선,뮤지컬,2,0.2857142857142857
김학선,연극,5,0.7142857142857143
김학수,연극,1,1.0
김학영,기악,1,0.3333333333333333
김학영,한국무용,2,0.6666666666666666
김학용,뮤지컬,1,1.0
김학재,뮤지컬,2,0.5
김학재,연극,2,0.5
김학준,뮤지컬,1,0.3333333333333333
김학준,연극,2,0.6666666666666666
김한,연극,1,1.0
김한강,연극,1,1.0
김한결,연극,1,1.0
김한기,기악,1,0.3333333333333333
김한기,성악,2,0.6666666666666666
김한길,연극,7,1.0
김한나,기악,1,0.2
김한나,발레,1,0.2
김한나,성악,1,0.2
김한나,연극,2,0.4
김한내,연극,9,1.0
김한들,연극,2,1.0
김한률,연극,1,1.0
김한봉희,연극,3,1.0
김한비,연극,1,1.0
김한샘,기악,1,1.0
김한석,연극,1,1.0
김한솔,뮤지컬,57,0.8769230769230769
김한솔,연극,8,0.12307692307692308
김한수,기악,1,1.0
김한신,기악,1,0.16666666666666666
김한신,뮤지컬,1,0.16666666666666666
김한신,연극,4,0.6666666666666666
김한아,연극,2,1.0
김한울,기악,1,1.0
김한재,기악,1,1.0
김한정,연극,2,1.0
김한주,뮤지컬,1,0.5
김한주,연극,1,0.5
김해리,연극,2,1.0
김해린,오페라,1,1.0
김해미,기악,2,0.4
김해미,연극,3,0.6
김해빈,연극,1,1.0
김해성,한국무용,1,0.5
김해성,현대무용,1,0.5
김해숙,연희,1,1.0
김해연,연극,1,1.0
김해웅,연극,6,1.0
김해윤,연극,1,1.0
김해일,혼합,1,1.0
김해준,연극,2,1.0
김해진,기악,2,1.0
김행덕,기악,1,1.0
김행임,연극,1,1.0
김향,한국무용,2,1.0
김향숙,성악,1,1.0
김향순,혼합,1,1.0
김향은,연극,2,1.0
김헌기,뮤지컬,1,0.125
김헌기,성악,1,0.125
김헌기,연극,5,0.625
김헌기,창극,1,0.125
김헌우,스트리트/스포츠댄스,1,1.0
김헌일,기악,2,1.0
김헌준,성악,1,1.0
김헤민,발레,1,1.0
김헤성,기악,1,0.3333333333333333
김헤성,뮤지컬,1,0.3333333333333333
김헤성,연희,1,0.3333333333333333
김헤지,연극,1,1.0
김혁,기악,1,0.5
김혁,발레,1,0.5
김혁민,연극,13,1.0
김혁수,뮤지컬,5,0.625
김혁수,연극,3,0.375
김현,연극,7,1.0
김현경,뮤지컬,1,0.25
김현경,연극,3,0.75
김현교,연극,1,1.0
김현규,악극,1,0.08333333333333333
김현규,연극,11,0.9166666666666666
김현기,연극,4,0.8
김현기,연희,1,0.2
김현동,성악,2,1.0
김현무,기악,2,0.4
김현무,기타,1,0.2
김현무,대중가요,1,0.2
김현무,마당극,1,0.2
김현미,기악,17,0.9444444444444444
김현미,성악,1,0.05555555555555555
김현범,연극,2,1.0
김현보,인형극,4,0.5714285714285714
김현보,한국무용,2,0.2857142857142857
김현보,혼합,1,0.14285714285714285
김현빈,연극,3,1.0
김현산,뮤지컬,3,0.6
김현산,악극,1,0.2
김현산,재즈/월드뮤직,1,0.2
김현서,연극,1,0.25
김현서,오페라,3,0.75
김현선,연극,2,1.0
김현섭,기악,1,0.2
김현섭,뮤지컬,1,0.2
김현섭,스트리트/스포츠댄스,1,0.2
김현섭,창극,1,0.2
김현섭,한국무용,1,0.2
김현성,연극,1,1.0
김현소,기악,1,1.0
김현수,뮤지컬,1,0.0625
김현수,연극,4,0.25
김현수,연희,3,0.1875
김현수,오페라,2,0.125
김현수,한국무용,1,0.0625
김현수,현대무용,3,0.1875
김현수,혼합,2,0.125
김현숙,기악,3,0.3333333333333333
김현숙,뮤지컬,1,0.1111111111111111
김현숙,발레,3,0.3333333333333333
김현숙,스트리트/스포츠댄스,1,0.1111111111111111
김현숙,연극,1,0.1111111111111111
김현승,오페라,1,1.0
김현식,뮤지컬,1,0.5
김현식,연희,1,0.5
김현실,기악,4,1.0
김현아,뮤지컬,1,0.5
김현아,연극,1,0.5
김현영,성악,1,0.3333333333333333
김현영,연극,2,0.6666666666666666
김현옥,기악,1,1.0
김현우,대중가요,2,0.25
김현우,연극,4,0.5
김현우,현대무용,2,0.25
김현웅,발레,2,1.0
김현이,뮤지컬,4,0.5714285714285714
김현이,연극,3,0.42857142857142855
김현일,연극,1,1.0
김현재,연극,1,0.3333333333333333
김현재,현대무용,2,0.6666666666666666
김현정,기악,2,0.09090909090909091
김현정,뮤지컬,4,0.18181818181818182
김현정,서커스/마술,1,0.045454545454545456
김현정,성악,1,0.045454545454545456
김현정,연극,4,0.18181818181818182
김현정,오페라,6,0.2727272727272727
김현정,현대무용,4,0.18181818181818182
김현조,기악,2,1.0
김현종,재즈/월드뮤직,9,1.0
김현주,뮤지컬,18,0.75
김현주,성악,1,0.041666666666666664
김현주,연극,3,0.125
김현주,현대무용,1,0.041666666666666664
김현주,혼합,1,0.041666666666666664
김현준,대중가요,1,0.3333333333333333
김현준,연극,2,0.6666666666666666
김현지,기악,1,0.0625
김현지,뮤지컬,4,0.25
김현지,연극,10,0.625
김현지,오페라,1,0.0625
김현진,대중가요,2,0.11764705882352941
김현진,뮤지컬,1,0.058823529411764705
김현진,연극,13,0.7647058823529411
김현진,현대무용,1,0.058823529411764705
김현탁,연극,8,1.0
김현태,성악,1,0.3333333333333333
김현태,한국무용,1,0.3333333333333333
김현태,현대무용,1,0.3333333333333333
김현혜,기악,1,1.0
김현호,연극,2,0.4
김현호,혼합,3,0.6
김현화,기악,1,1.0
김현회,연극,4,1.0
김현희,기악,1,0.08333333333333333
김현희,뮤지컬,2,0.16666666666666666
김현희,연극,9,0.75
김형건,연극,1,1.0
김형규,성악,1,0.5
김형규,연극,1,0.5
김형남,현대무용,6,1.0
김형미,연극,1,1.0
김형민,발레,1,0.16666666666666666
김형민,연극,1,0.16666666666666666
김형민,현대무용,4,0.6666666666666666
김형배,뮤지컬,2,0.6666666666666666
김형배,서커스/마술,1,0.3333333333333333
김형석,기악,3,0.2
김형석,대중가요,1,0.06666666666666667
김형석,성악,1,0.06666666666666667
김형석,연극,10,0.6666666666666666
김형섭,혼합,1,1.0
김형수,기악,1,1.0
김형식,성악,1,1.0
김형아,연극,5,1.0
김형연,연극,14,0.9333333333333333
김형연,현대무용,1,0.06666666666666667
김형용,연극,1,1.0
김형은,연극,2,1.0
김형주,연극,3,1.0
김형준,넌버벌 퍼포먼스,8,0.7272727272727273
김형준,서커스/마술,2,0.18181818181818182
김형준,재즈/월드뮤직,1,0.09090909090909091
김형중,연극,1,1.0
김형진,연극,2,1.0
김형희,현대무용,1,1.0
김혜경,기악,1,0.125
김혜경,성악,2,0.25
김혜경,오페라,2,0.25
김혜경,현대무용,3,0.375
김혜교,연극,1,1.0
김혜란,기악,1,0.125
김혜란,뮤지컬,1,0.125
김혜란,성악,1,0.125
김혜란,연극,4,0.5
김혜란,현대무용,1,0.125
김혜련,뮤지컬,1,1.0
김혜령,기악,1,0.25
김혜령,연극,2,0.5
김혜령,한국무용,1,0.25
김혜리,기악,1,0.1111111111111111
김혜리,연극,8,0.8888888888888888
김혜린,연극,3,1.0
김혜림,기악,1,0.09090909090909091
김혜림,연극,7,0.6363636363636364
김혜림,연희,1,0.09090909090909091
김혜림,한국무용,1,0.09090909090909091
김혜림,현대무용,1,0.09090909090909091
김혜미,연극,1,1.0
김혜민,발레,1,0.5
김혜민,연극,1,0.5
김혜빈,연극,3,0.75
김혜빈,연희,1,0.25
김혜선,연극,1,1.0
김혜성,기악,7,0.25
김혜성,뮤지컬,7,0.25
김혜성,성악,2,0.07142857142857142
김혜성,연극,2,0.07142857142857142
김혜성,연희,2,0.07142857142857142
김혜성,오페라,1,0.03571428571428571
김혜성,혼합,7,0.25
김혜숙,기악,1,0.5
김혜숙,연극,1,0.5
김혜승,한국무용,1,0.5
김혜승,현대무용,1,0.5
김혜연,발레,1,0.1111111111111111
김혜연,성악,1,0.1111111111111111
김혜연,연극,2,0.2222222222222222
김혜연,오페라,4,0.4444444444444444
김혜연,현대무용,1,0.1111111111111111
김혜영,마임,2,0.6666666666666666
김혜영,뮤지컬,1,0.3333333333333333
김혜원,넌버벌 퍼포먼스,1,0.038461538461538464
김혜원,뮤지컬,22,0.8461538461538461
김혜원,연극,3,0.11538461538461539
김혜윤,연극,2,0.5
김혜윤,현대무용,2,0.5
김혜인,성악,2,0.6666666666666666
김혜인,연극,1,0.3333333333333333
김혜자,기악,2,0.6666666666666666
김혜자,연희,1,0.3333333333333333
김혜정,기악,1,0.5
김혜정,마임,1,0.5
김혜정 김선호,뮤지컬,1,1.0
김혜주,연극,9,1.0
김혜준,연극,2,1.0
김혜지,기악,1,0.030303030303030304
김혜지,뮤지컬,3,0.09090909090909091
김혜지,악극,1,0.030303030303030304
김혜지,연극,27,0.8181818181818182
김혜지,연희,1,0.030303030303030304
김혜진,기악,12,0.48
김혜진,뮤지컬,5,0.2
김혜진,성악,1,0.04
김혜진,연극,3,0.12
김혜진,오페라,2,0.08
김혜진,한국무용,1,0.04
김혜진,현대무용,1,0.04
김호,뮤지컬,1,1.0
김호근,연극,1,1.0
김호동,한국무용,4,1.0
김호빈,뮤지컬,2,0.6666666666666666
김호빈,연극,1,0.3333333333333333
김호성,연극,1,1.0
김호연,현대무용,2,1.0
김호영,연극,1,1.0
김호은,한국무용,2,1.0
김호인,연극,1,1.0
김호정,기악,1,0.5
김호정,뮤지컬,1,0.5
김호준,연극,5,0.7142857142857143
김호준,연희,2,0.2857142857142857
김호진,발레,1,0.2
김호진,연극,1,0.2
김호진,오페라,1,0.2
김호진,현대무용,2,0.4
김호형,연극,1,1.0
김홍경,오페라,1,1.0
김홍교,연극,2,1.0
김홍기,한국무용,1,1.0
김홍남,넌버벌 퍼포먼스,2,1.0
김홍모,연극,1,0.5
김홍모,연희,1,0.5
김홍미,연극,1,1.0
김홍범,기악,1,1.0
김홍석,연극,1,1.0
김홍섭,인형극,2,1.0
김홍승,성악,1,0.5
김홍승,오페라,1,0.5
김홍식,성악,1,0.5
김홍식,오페라,1,0.5
김홍열,연극,1,1.0
김홍영,현대무용,1,1.0
김홍익,연극,1,1.0
김홍재,기악,3,1.0
김홍주,연극,6,1.0
김홍집,한국무용,1,1.0
김홍찬,연극,1,1.0
김홍희,연극,1,1.0
김화림,기악,5,1.0
김화미,한국무용,1,1.0
김화산,악극,1,1.0
김화성,연극,1,1.0
김화옥,뮤지컬,1,1.0
김화정,기악,1,1.0
김환일,연극,7,1.0
김환제,연극,1,1.0
김환희,현대무용,1,1.0
김활란,한국무용,1,1.0
김활빈,연극,2,1.0
김황도,연극,1,1.0
김회경,연극,2,1.0
김회민,뮤지컬,2,1.0
김회정,한국무용,1,1.0
김효경,기타,2,0.6666666666666666
김효경,대중가요,1,0.3333333333333333
김효근,뮤지컬,1,0.1
김효근,성악,8,0.8
김효근,오페라,1,0.1
김효동,연극,1,1.0
김효민,대중가요,1,1.0
김효분,한국무용,1,1.0
김효상,기악,1,0.1111111111111111
김효상,연극,8,0.8888888888888888
김효석,뮤지컬,178,1.0
김효선,뮤지컬,2,0.5
김효선,연극,2,0.5
김효섭,연극,1,1.0
김효성,오페라,3,1.0
김효숙,연극,1,1.0
김효신,연극,1,1.0
김효영,연극,1,0.5
김효영,혼합,1,0.5
김효원,현대무용,1,1.0
김효은,뮤지컬,5,1.0
김효인,연극,2,1.0
김효정,연희,1,1.0
김효주,기악,1,0.25
김효주,성악,1,0.25
김효주,연극,2,0.5
김효준,기악,1,0.2
김효준,연극,4,0.8
김효중,뮤지컬,5,0.625
김효중,연극,3,0.375
김효진,연극,5,0.8333333333333334
김효진,오페라,1,0.16666666666666666
김효환,뮤지컬,1,0.5
김효환,성악,1,0.5
김훈,한국무용,1,1.0
김휘상,연극,1,1.0
김휘수,뮤지컬,1,1.0
김휘연,뮤지컬,1,1.0
김휘진,연극,1,1.0
김흥교,연극,1,1.0
김흥완,성악,3,1.0
김흥용,오페라,6,1.0
김희경,연극,3,1.0
김희나,뮤지컬,1,1.0
김희라,기악,2,0.5
김희라,성악,2,0.5
김희래,뮤지컬,6,0.6666666666666666
김희래,악극,1,0.1111111111111111
김희래,연극,2,0.2222222222222222
김희명,넌버벌 퍼포먼스,1,1.0
김희범,악극,1,0.5
김희범,연극,1,0.5
김희상,연극,1,1.0
김희선,연극,2,0.3333333333333333
김희선,오페라,1,0.16666666666666666
김희선,인형극,1,0.16666666666666666
김희선,혼합,2,0.3333333333333333
김희성,연극,1,1.0
김희송,마당극,1,1.0
김희수,연극,7,1.0
김희순,연극,1,1.0
김희승,연극,1,1.0
김희연,뮤지컬,3,0.25
김희연,성악,6,0.5
김희연,연극,3,0.25
김희영,연극,14,0.9333333333333333
김희영,연희,1,0.06666666666666667
김희옥,성악,1,0.3333333333333333
김희옥,현대무용,1,0.3333333333333333
김희옥,혼합,1,0.3333333333333333
김희원,성악,1,1.0
김희은,대중가요,1,0.1
김희은,뮤지컬,1,0.1
김희은,악극,1,0.1
김희은,연극,7,0.7
김희재,기악,1,0.16666666666666666
김희재,뮤지컬,2,0.3333333333333333
김희재,연극,3,0.5
김희정,기악,9,0.391304347826087
김희정,성악,4,0.17391304347826086
김희정,연극,7,0.30434782608695654
김희정,한국무용,1,0.043478260869565216
김희정,현대무용,1,0.043478260869565216
김희정,혼합,1,0.043478260869565216
김희조,성악,1,0.5
김희조,혼합,1,0.5
김희주,연극,1,0.14285714285714285
김희주,오페라,6,0.8571428571428571
김희준,기악,1,0.125
김희준,넌버벌 퍼포먼스,2,0.25
김희준,뮤지컬,5,0.625
김희진,기악,3,0.2
김희진,뮤지컬,1,0.06666666666666667
김희진,연극,10,0.6666666666666666
김희진,현대무용,1,0.06666666666666667
깅병애,연극,1,1.0
까띠 라뺑,연극,2,1.0
끌로딘느 갈레아,연극,1,1.0
나가야마 토모유키,연극,1,1.0
나경민,연극,1,1.0
나경은,기악,2,1.0
나경호,연극,1,1.0
나금옥,연극,1,1.0
나단 기셰,뮤지컬,1,1.0
나대선,성악,1,1.0
나대철,뮤지컬,1,1.0
나대한,뮤지컬,2,1.0
나명숙,뮤지컬,1,1.0
나상만,연극,1,1.0
나석준,연극,3,1.0
나소연,성악,1,1.0
나수경,기악,1,0.5
나수경,연극,1,0.5
나수민,연극,3,1.0
나숙경,뮤지컬,6,0.75
나숙경,연극,2,0.25
나시예,연극,1,1.0
나실인,기악,3,0.15789473684210525
나실인,뮤지컬,2,0.10526315789473684
나실인,발레,2,0.10526315789473684
나실인,연극,4,0.21052631578947367
나실인,오페라,6,0.3157894736842105
나실인,창극,2,0.10526315789473684
나연주,연희,1,0.5
나연주,한국무용,1,0.5
나영수,성악,1,1.0
나영희,성악,1,1.0
나예은,연극,1,1.0
나예지,연극,2,1.0
나예지. 김지혜,연극,1,1.0
나오미 정,연극,1,1.0
나옥희,연극,3,1.0
나용희,혼합,1,1.0
나우르카 모레도,발레,1,1.0
나유빈,연극,1,1.0
나유진,연극,3,1.0
나윤규,성악,1,1.0
나윤서,연극,1,1.0
나윤영,연극,1,1.0
나윤지,기악,1,0.5
나윤지,연극,1,0.5
나윤진,연극,1,1.0
나은비,뮤지컬,1,1.0
나이덴 토도로프,기악,1,1.0
나인용,기악,1,0.5
나인용,성악,1,0.5
나일봉,뮤지컬,1,0.0625
나일봉,연극,15,0.9375
나정원,연극,1,1.0
나종건,연극,1,1.0
나준연,연극,2,1.0
나지원,연극,1,1.0
나지훈,연극,1,1.0
나진환,연극,14,1.0
나창진,연극,1,0.5
나창진,연희,1,0.5
나카시마 마코토,연극,1,1.0
나카시마 사토,연극,1,1.0
나타샤 파이 코스미두,연극,1,1.0
나탈리 사로트,연극,1,1.0
나탈리아,발레,1,1.0
나탈리아 스피치나,발레,1,1.0
나한수,뮤지컬,1,0.14285714285714285
나한수,연극,6,0.8571428571428571
나헤민,연극,1,1.0
나현민,연극,1,1.0
나혜민,연극,1,0.5
나혜민,현대무용,1,0.5
나호성,연극,2,1.0
나효신,성악,1,1.0
나효진,연극,2,1.0
나희경,연극,5,1.0
낙소용,연극,2,1.0
남경림,기악,2,1.0
남경민,연극,2,1.0
남경식,뮤지컬,2,0.022222222222222223
남경식,성악,1,0.011111111111111112
남경식,연극,70,0.7777777777777778
남경식,연희,2,0.022222222222222223
남경식,오페라,4,0.044444444444444446
남경식,한국무용,1,0.011111111111111112
남경식,현대무용,7,0.07777777777777778
남경식,혼합,3,0.03333333333333333
남경우,성악,2,1.0
남경읍,연극,1,1.0
남경주,뮤지컬,3,1.0
남국진,뮤지컬,1,1.0
남궁련,악극,1,0.5
남궁련,연극,1,0.5
남궁연,한국무용,1,1.0
남궁유진,뮤지컬,5,1.0
남궁은영,뮤지컬,1,1.0
남궁지숙,연극,1,1.0
남궁진,연극,8,0.8888888888888888
남궁진,오페라,1,0.1111111111111111
남궁호,연극,1,1.0
남권아,연극,1,1.0
남긍호,연극,1,1.0
남기륭,혼합,1,1.0
남기문,연희,2,1.0
남기범,기악,1,0.5
남기범,뮤지컬,1,0.5
남기쁨,연극,1,1.0
남기성,마당극,6,1.0
남기오,연극,5,1.0
남기욱,연극,1,1.0
남기윤,현대무용,2,1.0
남기재,뮤지컬,1,0.3333333333333333
남기재,인형극,1,0.3333333333333333
남기재,현대무용,1,0.3333333333333333
남기헌,연극,3,1.0
남기혁,오페라,2,1.0
남기형,뮤지컬,1,1.0
남나경,연극,3,1.0
남달리,악극,1,1.0
남대원,뮤지컬,1,0.5
남대원,서커스/마술,1,0.5
남덕윤,대중가요,2,1.0
남도윤,연극,4,1.0
남동현,연극,1,1.0
남동훈,기악,4,0.2222222222222222
남동훈,성악,1,0.05555555555555555
남동훈,연극,1,0.05555555555555555
남동훈,연희,6,0.3333333333333333
남동훈,한국무용,1,0.05555555555555555
남동훈,혼합,5,0.2777777777777778
남명옥,연극,5,1.0
남민우,악극,1,1.0
남보라,연극,1,1.0
남부현,성악,1,1.0
남상도,연극,1,1.0
남상봉,기악,1,1.0
남상식,연극,4,1.0
남상아,연극,1,1.0
남상오,연극,1,1.0
남상혁,연극,1,1.0
남석민,연극,2,1.0
남선희,연극,3,1.0
남소옥,연극,1,1.0
남수민,발레,1,1.0
남수빈,한국무용,1,1.0
남수진,기악,1,1.0
남승원,기악,1,1.0
남승주,뮤지컬,2,0.2857142857142857
남승주,연극,5,0.7142857142857143
남승혜,연극,1,0.5
남승혜,현대무용,1,0.5
남시화,대중가요,1,1.0
남연서,연극,1,1.0
남영모,현대무용,1,1.0
남영우,연극,3,1.0
남영호,현대무용,1,1.0
남우찬,연극,4,1.0
남우희,연극,3,1.0
남유빈,연극,1,1.0
남유선,재즈/월드뮤직,1,1.0
남유진,현대무용,1,1.0
남유하,연극,1,1.0
남육현,연극,7,1.0
남윤호,혼합,1,1.0
남은경,연극,1,1.0
남은미,뮤지컬,1,1.0
남은실,연극,1,1.0
남인우,대중가요,1,0.047619047619047616
남인우,뮤지컬,1,0.047619047619047616
남인우,성악,3,0.14285714285714285
남인우,악극,3,0.14285714285714285
남인우,연극,8,0.38095238095238093
남인우,창극,5,0.23809523809523808
남자은,오페라,2,1.0
남정호,현대무용,4,1.0
남종호,연극,1,1.0
남주경,연극,2,1.0
남주현,연극,1,1.0
남지수,연극,3,1.0
남지영,뮤지컬,2,1.0
남지우,연극,1,1.0
남지웅,현대무용,1,1.0
남지원,혼합,1,1.0
남지은,오페라,1,1.0
남진,기악,1,1.0
남진경,뮤지컬,1,1.0
남청진,기악,1,0.5
남청진,연극,1,0.5
남태관,연극,1,1.0
남태영,대중가요,1,1.0
남태인,뮤지컬,1,1.0
남태현,연극,2,1.0
남택근,연극,1,1.0
남하나,연극,1,1.0
남하진,연극,3,1.0
남헤경,뮤지컬,1,1.0
남현우,연극,2,1.0
남현정,뮤지컬,2,1.0
남형근,성악,1,1.0
남혜연,연극,1,1.0
남혜진,연극,2,1.0
남호성,연극,1,1.0
남화정,연희,1,1.0
남휘현,연극,1,1.0
남희경,현대무용,2,1.0
남희수,연극,1,1.0
남희영,연극,1,1.0
남희주,뮤지컬,1,1.0
네이선 발저,넌버벌 퍼포먼스,4,1.0
노경덕,뮤지컬,4,1.0
노경미,오페라,1,1.0
노경민,뮤지컬,1,0.125
노경민,연극,7,0.875
노경빈,악극,1,1.0
노경식,연극,5,1.0
노광태,뮤지컬,2,0.6666666666666666
노광태,연극,1,0.3333333333333333
노금선,성악,2,1.0
노기환,성악,3,0.75
노기환,한국무용,1,0.25
노기훈,뮤지컬,2,1.0
노다슬,뮤지컬,1,1.0
노명준,뮤지컬,2,0.125
노명준,연극,14,0.875
노미경,연극,1,1.0
노민혁,발레,1,1.0
노범수,연극,1,1.0
노병유,연희,1,1.0
노병준,연극,1,1.0
노보경,연극,1,1.0
노부영,기악,4,0.6666666666666666
노부영,혼합,2,0.3333333333333333
노상민,뮤지컬,1,0.5
노상민,현대무용,1,0.5
노선경,기악,1,1.0
노선락,기악,2,0.13333333333333333
노선락,뮤지컬,7,0.4666666666666667
노선락,연극,5,0.3333333333333333
노선락,혼합,1,0.06666666666666667
노성신,연극,1,0.3333333333333333
노성신,인형극,2,0.6666666666666666
노세연,연극,1,1.0
노세인,연극,4,1.0
노소현,연극,1,1.0
노수현,오페라,1,1.0
노승철,연극,1,1.0
노승환,성악,1,1.0
노승희,연극,1,1.0
노신영,뮤지컬,12,1.0
노심동,연극,5,0.7142857142857143
노심동,인형극,2,0.2857142857142857
노아람,기악,1,1.0
노연우,연극,1,1.0
노연정,기악,1,0.14285714285714285
노연정,뮤지컬,1,0.14285714285714285
노연정,연극,1,0.14285714285714285
노연정,오페라,4,0.5714285714285714
노연주,연극,3,1.0
노영지,마당극,1,1.0
노영훈,연극,1,1.0
노예슬,연극,1,0.5
노예슬,현대무용,1,0.5
노용석,뮤지컬,1,1.0
노용진,성악,1,1.0
노우성,뮤지컬,8,0.8
노우성,한국무용,2,0.2
노우진,연극,2,1.0
노원영,연극,1,1.0
노유정,연극,5,1.0
노유진,연극,1,1.0
노윤정,발레,1,0.5
노윤정,연극,1,0.5
노은미,연극,3,1.0
노은비,연극,1,1.0
노은실,성악,1,1.0
노은영,넌버벌 퍼포먼스,1,0.5
노은영,마임,1,0.5
노은지,연극,1,1.0
노을,연극,1,1.0
노이룸,오페라,6,1.0
노이슬,연극,8,1.0
노익환,기악,2,1.0
노재봉,기악,1,0.5
노재봉,성악,1,0.5
노재승,기악,1,1.0
노재현,뮤지컬,1,1.0
노재환,대중가요,1,0.05263157894736842
노재환,뮤지컬,15,0.7894736842105263
노재환,연극,3,0.15789473684210525
노정식,한국무용,3,0.21428571428571427
노정식,현대무용,11,0.7857142857142857
노정환,뮤지컬,3,1.0
노종수,연극,2,1.0
노주연,연극,1,1.0
노주현,연극,4,1.0
노주희,뮤지컬,1,0.3333333333333333
노주희,연극,2,0.6666666666666666
노준식,성악,1,1.0
노지상,연극,3,1.0
노지영,성악,1,1.0
노지우,연극,1,1.0
노지현,기악,2,0.06451612903225806
노지현,뮤지컬,29,0.9354838709677419
노진욱,연극,4,1.0
노진호,연극,1,1.0
노진환,현대무용,6,1.0
노태철,성악,2,1.0
노태호,기악,1,1.0
노택용,연희,1,1.0
노푸름,연극,9,1.0
노해린,기악,1,1.0
노현식,연극,1,0.2
노현식,한국무용,2,0.4
노현식,현대무용,2,0.4
노현열,연극,3,1.0
노현우,연극,1,1.0
노현웅,연극,4,1.0
노현희,뮤지컬,2,1.0
노형우,연극,1,1.0
노형진,재즈/월드뮤직,1,1.0
노혜란,뮤지컬,4,0.5714285714285714
노혜란,연극,3,0.42857142857142855
노혜주,뮤지컬,1,1.0
노휘,오페라,1,1.0
노희설,연극,1,1.0
노희순,연극,9,1.0
노희원,연극,1,1.0
노희준,연극,1,1.0
녹원,기악,1,1.0
누리아 귀우 사가라,현대무용,1,1.0
니컬러스 하이트너,연극,3,1.0
니콜 머스캣,현대무용,1,1.0
니콜라 베를로파,오페라,2,1.0
니콜라이 알렉세예프,기악,7,1.0
니크 바게나르,현대무용,1,1.0
닉 페인,연극,2,1.0
다니엘 기글베르거,기악,2,1.0
다니엘 도즈,기악,3,1.0
다니엘 오렌,오페라,1,1.0
다니엘 이리자리,연극,2,1.0
다니엘레 가티,오페라,1,1.0
다니엘레 피스코포,오페라,1,1.0
다리우슈 파에지,연극,1,1.0
다미로,뮤지컬,2,1.0
다미아노 미켈레토,오페라,1,1.0
다비데 리버모어,오페라,2,1.0
다비데 리베르모어,성악,1,1.0
다비트 라일란트,기악,1,1.0
단 에팅거,기악,1,1.0
대니 브라이트,현대무용,1,1.0
대릴 핑크니,연극,1,1.0
대학로도깨비,뮤지컬,1,1.0
덕순흥,창극,1,1.0
데빈 카메론,연극,1,1.0
데이브니어,재즈/월드뮤직,1,1.0
데이비드 맥비커,오페라,1,1.0
데이비드 이,기악,2,0.4
데이비드 이,오페라,3,0.6
데이비드 헨리 황,연극,1,1.0
도경국,연극,1,1.0
도경보,연극,3,1.0
도관홍,기악,1,1.0
도규,연극,1,1.0
도날드 워맥,기악,1,1.0
도널드 워맥,기악,1,1.0
도널드 위맥,기악,1,1.0
도메니코 이안노네,오페라,1,1.0
도메니코 프란키,오페라,2,1.0
도명호,현대무용,1,1.0
도미니크 드리요,발레,1,1.0
도미닉 쿡,뮤지컬,1,1.0
도미닉 후버,연극,1,1.0
도민주,연극,2,1.0
도밍고 힌도얀,기악,1,1.0
도브 아티아,뮤지컬,1,1.0
도상란,연극,1,1.0
도상민,연극,3,1.0
도아영,발레,3,1.0
도연,연극,1,1.0
도연오,대중가요,1,1.0
도영훈,뮤지컬,1,1.0
도예림,연극,2,1.0
도예은,뮤지컬,1,1.0
도예준,연극,2,1.0
도옥림,악극,1,1.0
도완석,연극,1,1.0
도유,한국무용,1,0.3333333333333333
도유,현대무용,2,0.6666666666666666
도유현,뮤지컬,1,0.5
도유현,연극,1,0.5
도은,연극,3,1.0
도은지,연극,1,1.0
도재명,현대무용,3,1.0
도재철,뮤지컬,1,1.0
도재형,연극,1,1.0
도정선,뮤지컬,1,1.0
도정욱,뮤지컬,1,1.0
도지원,현대무용,2,1.0
도지현,연극,2,1.0
도현진,성악,1,0.2
도현진,연극,2,0.4
도현진,혼합,2,0.4
도형우,연극,1,1.0
도희경,연극,1,0.5
도희경,인형극,1,0.5
독고훈,뮤지컬,2,0.5
독고훈,성악,1,0.25
독고훈,연극,1,0.25
돌리 파튼,뮤지컬,1,1.0
동 하,인형극,2,1.0
동다운,창극,1,1.0
동신일,오페라,4,1.0
동이향,연극,4,1.0
두나영,연극,1,1.0
두윤재,뮤지컬,2,0.6666666666666666
두윤재,서커스/마술,1,0.3333333333333333
듀이 델,현대무용,1,1.0
드니 포달리데스,연극,1,1.0
드류 콜비,인형극,1,1.0
드리스 두이비,연극,3,1.0
디미트리스 파파이오아누,현대무용,1,1.0
디자인 크리스토퍼 브레크네,현대무용,1,1.0
딩이텅,연극,1,1.0
라경민,연극,7,1.0
라성연,연극,6,1.0
라시내,현대무용,1,1.0
라영란,연극,4,1.0
라예송,인형극,1,0.2
라예송,한국무용,1,0.2
라예송,현대무용,3,0.6
라이언 루이스,연극,1,1.0
라이혜진,연극,1,1.0
라장흠,연희,1,1.0
라쥬 샤카,현대무용,1,1.0
라지웅,혼합,1,1.0
라클란 캐릭,연극,1,1.0
라키아,뮤지컬,1,0.5
라키아,성악,1,0.5
라파엘 파야레,기악,2,1.0
라현아,뮤지컬,2,1.0
라혜연,뮤지컬,1,1.0
랑지권,연극,1,1.0
레다,뮤지컬,1,1.0
레라 아우어바흐,발레,1,1.0
레오정,기악,1,1.0
레이먼 몬탈베티,연극,2,1.0
레이첼 포저,기악,1,1.0
레즈 브라더스톤,뮤지컬,1,0.5
레즈 브라더스톤,발레,1,0.5
레지날드 로즈,연극,2,1.0
레프 이바노프,발레,11,1.0
로렌스 코너,뮤지컬,1,1.0
로버트 라이언스,연극,2,1.0
로버트 스몰릭,연극,1,0.5
로버트 스몰릭,인형극,1,0.5
로버트 아이크,연극,2,1.0
로버트 요한슨,뮤지컬,16,1.0
로버트 윌슨,연극,1,1.0
로벝 요한슨,뮤지컬,1,1.0
로베르토 아바도,오페라,1,1.0
로빈 폭스,현대무용,1,1.0
로와정,현대무용,1,1.0
로이 토비아스,발레,5,1.0
로이드 컴퍼니,연극,1,1.0
로이스 응,현대무용,1,1.0
로즈송,성악,1,1.0
로타 쾨니히,오페라,1,1.0
롤랑 프티,발레,1,1.0
루기형,마당극,1,1.0
루도비코 에이나우디,연극,1,1.0
루돌프 부흐빈더,기악,1,1.0
루드비히 밍쿠스,발레,3,1.0
루시앙 레인즈,현대무용,1,1.0
루이자 스피나텔리,발레,4,1.0
루이즈 포티키 브라이언트,현대무용,1,1.0
루이지 일리카,오페라,1,1.0
루카 폰체타,현대무용,1,1.0
루트비히 밍쿠스,발레,4,1.0
루퍼트 굴드,연극,1,1.0
뤽 플라몽동,뮤지컬,15,1.0
류 신,연극,1,1.0
류가빈,연극,2,1.0
류가양,성악,2,1.0
류가연,연극,2,1.0
류가현,대중가요,4,1.0
류건우,연극,2,1.0
류경선,기악,3,1.0
류경인,연극,1,1.0
류경한,기악,3,1.0
류경호,뮤지컬,1,0.25
류경호,연극,3,0.75
류경화,성악,1,0.25
류경화,연희,2,0.5
류경화,혼합,1,0.25
류근혜,연극,4,1.0
류기형,마당극,12,0.75
류기형,창극,3,0.1875
류기형,혼합,1,0.0625
류동협,연극,1,1.0
류드밀라 티토바,발레,2,1.0
류명우,오페라,3,1.0
류명한,연극,3,0.42857142857142855
류명한,오페라,4,0.5714285714285714
류미선,연극,5,1.0
류백희,뮤지컬,1,0.058823529411764705
류백희,발레,3,0.17647058823529413
류백희,연극,4,0.23529411764705882
류백희,현대무용,9,0.5294117647058824
류병구,뮤지컬,1,1.0
류병훈,연희,2,1.0
류사라,연극,2,1.0
류상근,연극,3,0.75
류상근,인형극,1,0.25
류상현,기악,1,1.0
류선아,뮤지컬,3,1.0
류선영,기악,1,0.3333333333333333
류선영,연극,2,0.6666666666666666
류성,마당극,1,0.047619047619047616
류성,연극,20,0.9523809523809523
류성국,마임,6,0.42857142857142855
류성국,연극,8,0.5714285714285714
류성실,혼합,1,1.0
류성현,연극,1,1.0
류소설,넌버벌 퍼포먼스,1,1.0
류소연,연극,2,1.0
류수곤,성악,1,1.0
류승령,연극,1,1.0
류승주,연극,1,1.0
류승현,연극,2,1.0
류승희,연극,2,0.4
류승희,현대무용,3,0.6
류신,연극,4,1.0
류신열,오페라,1,1.0
류아름,기악,1,1.0
류언선,연희,1,1.0
류연주,연극,1,1.0
류영규,연극,1,1.0
류영수,한국무용,3,1.0
류완선,뮤지컬,1,1.0
류은나,기악,1,1.0
류이선,연극,1,1.0
류이현,연극,1,1.0
류자현,넌버벌 퍼포먼스,1,0.5
류자현,뮤지컬,1,0.5
류자현 양수연,뮤지컬,1,1.0
류장현,연희,1,0.2
류장현,한국무용,1,0.2
류장현,현대무용,3,0.6
류재국,연극,3,1.0
류재성,뮤지컬,1,1.0
류재원,기악,1,0.5
류재원,성악,1,0.5
류재준,기악,10,0.8333333333333334
류재준,성악,1,0.08333333333333333
류재준,악극,1,0.08333333333333333
류정문,연극,1,1.0
류정식,현대무용,1,1.0
류정아,뮤지컬,1,0.5
류정아,연극,1,0.5
류정애,연극,1,0.125
류정애,연희,6,0.75
류정애,혼합,1,0.125
류정연,기악,2,1.0
류정용,연희,1,1.0
류정한,뮤지컬,1,1.0
류정호,혼합,1,1.0
류제원,연극,1,1.0
류종록,연극,1,1.0
류종원,뮤지컬,1,1.0
류종은,연극,1,1.0
류주연,연극,16,1.0
류주영,한국무용,1,1.0
류주이,뮤지컬,1,1.0
류지미,연극,2,1.0
류지연,연극,5,0.22727272727272727
류지연,인형극,17,0.7727272727272727
류지웅,연극,1,1.0
류지은,오페라,1,1.0
류지현,오페라,1,1.0
류진석,연극,1,1.0
류진수,기악,1,0.5
류진수,연극,1,0.5
류진욱,현대무용,2,1.0
류찬,기악,1,0.05263157894736842
류찬,뮤지컬,2,0.10526315789473684
류찬,연극,12,0.631578947368421
류찬,연희,1,0.05263157894736842
류찬,인형극,3,0.15789473684210525
류창순,기악,1,1.0
류창준,성악,1,1.0
류태수,연극,1,1.0
류필립,기악,1,1.0
류한영,오페라,2,1.0
류한울,발레,1,1.0
류한필,성악,3,1.0
류현주,연극,1,1.0
류현지,현대무용,2,1.0
류형선,기악,5,0.45454545454545453
류형선,성악,1,0.09090909090909091
류형선,혼합,5,0.45454545454545453
류형수,오페라,1,1.0
류형준,한국무용,2,0.4
류형준,현대무용,3,0.6
류혜리,연극,1,1.0
류혜승,연극,1,1.0
류혜영,연극,4,1.0
류혜정,기악,1,1.0
류혜진,연극,1,1.0
류호건,혼합,1,1.0
류호림,연극,1,1.0
류홍근,연극,1,1.0
류희연,연극,1,1.0
류희천,기악,1,0.0625
류희천,뮤지컬,15,0.9375
르노 카퓌송,기악,1,1.0
리 선데이 에반스,연극,2,1.0
리강우,연극,1,1.0
리나 리모사니,현대무용,1,1.0
리안,서커스/마술,3,1.0
리안 김,성악,1,1.0
리안 힝클리,연극,2,1.0
리알 스칼렛,발레,1,1.0
리야오린,연극,1,1.0
리에 모리타,발레,2,1.0
리오르 나보크,기악,1,1.0
리우진,연극,6,1.0
리제임스,연극,1,1.0
리차드 이어,오페라,1,1.0
리처드 로저스,뮤지컬,1,1.0
리처드 이어,오페라,1,1.0
리카르도 코치안테,뮤지컬,19,1.0
린슈웨이,창극,1,1.0
린지 터너,연극,3,1.0
림스키 코르사코프,한국무용,1,1.0
림지언,연극,6,1.0
마도원,기악,3,0.75
마도원,대중가요,1,0.25
마두영,연극,1,1.0
마들렌 루안,연극,1,1.0
마르니 그린,현대무용,1,1.0
마르스,뮤지컬,1,1.0
마르첼로 모타델리,오페라,4,1.0
마르코 벨루시,오페라,1,1.0
마르코 볼레리,성악,1,1.0
마르코 아르투로 마렐리,오페라,1,1.0
마르티노 뮐러,뮤지컬,2,1.0
마리아 캄포스,현대무용,1,1.0
마리안느 앨리엇,연극,1,1.0
마리안느 엘리엇,연극,1,1.0
마리오 라다초프스키,발레,3,1.0
마리오 파블레 델 모나코,오페라,1,1.0
마리우스 쁘띠빠,발레,1,1.0
마리우스 프티빠,발레,2,1.0
마리우스 프티파,발레,30,1.0
마리위스 프티파,발레,3,1.0
마리코 카키자키,현대무용,1,1.0
마리티노 뮐러,뮤지컬,2,1.0
마리히코 하라,현대무용,1,1.0
마린 레린저,현대무용,1,1.0
마빈 쿠,현대무용,1,1.0
마상훈,기악,5,0.3333333333333333
마상훈,대중가요,3,0.2
마상훈,뮤지컬,1,0.06666666666666667
마상훈,발레,2,0.13333333333333333
마상훈,성악,1,0.06666666666666667
마상훈,스트리트/스포츠댄스,1,0.06666666666666667
마상훈,연극,1,0.06666666666666667
마상훈,인형극,1,0.06666666666666667
마선영,뮤지컬,1,1.0
마성혁,마당극,6,0.8571428571428571
마성혁,뮤지컬,1,0.14285714285714285
마승연,현대무용,3,1.0
마영남,뮤지컬,1,1.0
마원휘,뮤지컬,1,0.5
마원휘,성악,1,0.5
마은우,연극,3,1.0
마이클 메이어,오페라,2,1.0
마이클 존 라키우사,뮤지컬,1,1.0
마이클 최,기악,1,1.0
마이클 키친,현대무용,1,1.0
마정필,연극,2,1.0
마정화,연극,7,1.0
마지드 카얄,연극,1,1.0
마찬호,연극,6,1.0
마창욱,뮤지컬,3,0.75
마창욱,연극,1,0.25
마츠이구미,연극,1,1.0
마크 안토니 카르피오,성악,1,1.0
마크 오로위,연극,1,1.0
마크 테,연극,1,1.0
마티뉴 드세뉴,현대무용,1,1.0
마틴 크림프,연극,1,1.0
마현진,연극,4,1.0
마혜선,오페라,1,1.0
마히나,연극,1,1.0
막삿 예스칼리,뮤지컬,1,1.0
만민정,대중가요,1,1.0
말레나 페니쿡,연극,1,1.0
매튜 본,뮤지컬,2,0.5
매튜 본,현대무용,2,0.5
매튜본,발레,1,1.0
맹봉학,연극,2,1.0
맹서령,기악,1,1.0
맹성민,뮤지컬,1,0.3333333333333333
맹성민,창극,2,0.6666666666666666
맹성연,뮤지컬,5,1.0
맹운영,악극,1,1.0
머레이 쉬스갈,연극,1,1.0
머우썬,연극,1,1.0
메간 도헤니,현대무용,1,1.0
메리 짐머만,오페라,1,1.0
명상종,기악,3,1.0
명유빈,연극,1,1.0
명종환,악극,1,0.3333333333333333
명종환,연극,2,0.6666666666666666
명진숙,연극,1,1.0
명현진,뮤지컬,1,1.0
모고은,연극,1,1.0
모니 오바디아,오페라,1,1.0
모니카 카사데이,현대무용,1,1.0
모니카 효진 김,뮤지컬,1,1.0
모미나,기악,1,0.2
모미나,연극,4,0.8
모서영,기악,1,1.0
모석,한국무용,1,1.0
모성민,뮤지컬,1,1.0
모스 테 우루랑기 패터슨,현대무용,1,1.0
모슬아,연극,1,1.0
모지민,현대무용,1,1.0
목기린,한국무용,1,1.0
목수연,연극,1,1.0
목은아,오페라,3,1.0
목정민,연극,3,1.0
무르쿠스 젤크,연극,1,1.0
문가령,연극,1,1.0
문건우,연극,3,1.0
문경덕,기악,6,0.75
문경덕,혼합,2,0.25
문경수,뮤지컬,4,1.0
문경식,넌버벌 퍼포먼스,1,0.5
문경식,한국무용,1,0.5
문경초,연극,1,1.0
문경태,연극,6,1.0
문경해,기악,1,1.0
문고헌,연극,1,1.0
문광경,재즈/월드뮤직,1,1.0
문광수,연극,1,1.0
문귀환,뮤지컬,40,1.0
문기백,연극,4,1.0
문길곤,연극,5,1.0
문다솜,한국무용,1,0.5
문다솜,혼합,1,0.5
문다은,연극,1,1.0
문동민,성악,1,0.25
문동민,연극,3,0.75
문동진,뮤지컬,5,0.7142857142857143
문동진,연극,2,0.2857142857142857
문록선,기악,2,0.6666666666666666
문록선,성악,1,0.3333333333333333
문마리,연극,1,1.0
문명주,연극,1,1.0
문무진,혼합,1,1.0
문무학,성악,1,1.0
문무환,연극,1,1.0
문미정,연극,1,1.0
문민,연극,1,1.0
문민선,연극,2,1.0
문민지,연극,3,1.0
문민형,연극,2,1.0
문민화,연극,1,1.0
문병권,뮤지컬,2,1.0
문병남,발레,24,1.0
문병재,연극,3,1.0
문병주,연극,1,1.0
문보령,연극,1,1.0
문봉석,성악,1,1.0
문삼화,연극,36,1.0
문상화,연극,2,1.0
문상훈,연극,3,1.0
문새미,연극,4,1.0
문서진,현대무용,1,1.0
문서희,혼합,1,1.0
문석영,연극,1,1.0
문석종,연극,2,1.0
문선주,연극,2,1.0
문선화,연극,2,1.0
문성우,뮤지컬,5,1.0
문성윤,연극,1,1.0
문성재,연극,6,1.0
문성주,연극,1,1.0
문성진,연극,1,0.5
문성진,혼합,1,0.5
문성태,현대무용,1,1.0
문성필,연극,2,1.0
문성희,기악,1,1.0
문소문,악극,1,1.0
문소연,연극,1,1.0
문소윤,연극,2,1.0
문소율,연극,1,1.0
문소현,뮤지컬,2,0.6666666666666666
문소현,연극,1,0.3333333333333333
문소희,연극,1,1.0
문수영,연극,3,1.0
문수지,뮤지컬,1,0.5
문수지,발레,1,0.5
문수진,연극,2,1.0
문승현,연극,1,1.0
문시하,연극,1,1.0
문연지,연극,1,1.0
문영,발레,1,1.0
문영동,연극,1,1.0
문영미,연극,2,1.0
문영현,연극,2,1.0
문예민,연극,1,1.0
문예지,연극,1,1.0
문욱일,연극,1,1.0
문원섭,발레,2,0.6666666666666666
문원섭,한국무용,1,0.3333333333333333
문유경,뮤지컬,1,0.14285714285714285
문유경,연극,6,0.8571428571428571
문응관,연희,1,1.0
문의영,연극,2,1.0
문이로,연극,1,1.0
문이제,연극,4,1.0
문인주,뮤지컬,1,1.0
문일상,마당극,1,1.0
문재덕,기악,1,1.0
문재현,인형극,1,1.0
문재희,연극,2,0.6666666666666666
문재희,인형극,1,0.3333333333333333
문정연,마임,1,0.25
문정연,연극,3,0.75
문정원,기악,1,0.5
문정원,연극,1,0.5
문정인,성악,1,0.3333333333333333
문정인,연극,1,0.3333333333333333
문정인,연희,1,0.3333333333333333
문정일,뮤지컬,74,1.0
문정혜,기악,1,1.0
문정희,연극,2,1.0
문종근,뮤지컬,1,0.5
문종근,연극,1,0.5
문종민,재즈/월드뮤직,1,1.0
문종인,기악,11,0.9166666666666666
문종인,뮤지컬,1,0.08333333333333333
문종태,오페라,1,1.0
문종택,연극,1,1.0
문준영,연극,1,1.0
문준형,오페라,1,1.0
문지섭,성악,1,1.0
문지아,연극,1,1.0
문지애,현대무용,2,1.0
문지영,연극,1,1.0
문지완,연극,1,1.0
문지원,연극,1,1.0
문지윤,연극,1,1.0
문지은,기악,1,1.0
문지형,기악,1,1.0
문지혜,뮤지컬,1,0.25
문지혜,연극,3,0.75
문지혜. 김수진,연극,1,1.0
문지훈,뮤지컬,1,0.3333333333333333
문지훈,성악,1,0.3333333333333333
문지훈,현대무용,1,0.3333333333333333
문진성,연극,1,1.0
문진애,기악,5,0.8333333333333334
문진애,성악,1,0.16666666666666666
문진학,현대무용,4,1.0
문진홍,스트리트/스포츠댄스,1,1.0
문찬규,연극,1,1.0
문찬빈,연극,1,1.0
문찬양,오페라,1,1.0
문창성,연극,1,1.0
문창주,뮤지컬,1,0.3333333333333333
문창주,연극,2,0.6666666666666666
문창혁,인형극,1,1.0
문창환,오페라,6,1.0
문채연,연극,1,1.0
문치빈,한국무용,1,1.0
문치상,연극,1,1.0
문포근,기악,2,1.0
문하나,연극,2,1.0
문하연,성악,1,0.5
문하연,악극,1,0.5
문해성,연극,1,1.0
문해솔,연극,1,1.0
문현민,대중가요,1,1.0
문현정,연극,3,1.0
문현주,성악,2,1.0
문현진,뮤지컬,3,1.0
문현철,뮤지컬,3,0.75
문현철,서커스/마술,1,0.25
문형수,현대무용,1,1.0
문형식,재즈/월드뮤직,1,1.0
문형희,기악,2,1.0
문혜,연극,1,1.0
문혜경,연극,1,1.0
문혜성,뮤지컬,2,1.0
문혜정,연극,2,0.5
문혜정,인형극,1,0.25
문혜정,창극,1,0.25
문혜주,연극,1,1.0
문혜진,기타,1,1.0
문홍식,뮤지컬,1,0.125
문홍식,연극,7,0.875
문효원,연극,1,1.0
문효진,기악,1,0.5
문효진,성악,1,0.5
문훈숙,발레,5,1.0
문훈순,발레,1,1.0
문흥만,기악,1,1.0
문희영,연극,1,0.5
문희영,연희,1,0.5
문희은,연극,1,1.0
문희철,한국무용,1,0.5
문희철,혼합,1,0.5
미겔 데 세르반테스,발레,1,1.0
미나유,현대무용,1,1.0
미마성,서커스/마술,1,1.0
미성욱,연극,1,1.0
미셸 달루,현대무용,1,1.0
미셸 쇤베르그,뮤지컬,1,1.0
미셸 슈와이저,현대무용,1,1.0
미우라 카오리,뮤지컬,1,1.0
미의현,연극,1,1.0
미켈레눈노,연극,1,1.0
미하엘 레버,연극,4,1.0
미하엘 스트루밍어,오페라,1,1.0
미하엘 쿤체,뮤지컬,8,1.0
미하일 소콜로프,발레,2,1.0
믹고든,연극,1,1.0
민건호,연극,3,1.0
민경,연극,3,1.0
민경구,연극,1,1.0
민경대,뮤지컬,1,1.0
민경수,연극,5,1.0
민경아,기악,1,1.0
민경언,현대무용,1,1.0
민경욱,연극,10,1.0
민경원,기악,1,0.25
민경원,뮤지컬,3,0.75
민경찬,연극,1,1.0
민광숙,뮤지컬,1,0.3333333333333333
민광숙,연극,2,0.6666666666666666
민다은,뮤지컬,2,1.0
민두성,연극,4,1.0
민들레,뮤지컬,1,1.0
민명욱,연희,1,1.0
민병구,연극,12,0.9230769230769231
민병구,혼합,1,0.07692307692307693
민병욱,기악,2,1.0
민병은,연극,2,1.0
민복기,뮤지컬,4,0.3076923076923077
민복기,연극,9,0.6923076923076923
민상철,뮤지컬,2,0.6666666666666666
민상철,연극,1,0.3333333333333333
민새롬,기타,1,0.07142857142857142
민새롬,연극,12,0.8571428571428571
민새롬,한국무용,1,0.07142857142857142
민새롭,연극,1,1.0
민샛별,성악,2,1.0
민선해,뮤지컬,1,0.5
민선해,연극,1,0.5
민선홍,뮤지컬,1,1.0
민성오,연극,1,1.0
민성욱,연극,13,1.0
민성인,기악,1,1.0
민성호,연극,1,1.0
민세원,뮤지컬,1,1.0
민세현,연극,1,1.0
민세훈,성악,1,1.0
민소영,연극,1,1.0
민소윤,연극,2,1.0
민소정,연극,2,1.0
민수경,발레,1,1.0
민수정,대중가요,1,0.5
민수정,연극,1,0.5
민슬지,뮤지컬,1,0.25
민슬지,연극,3,0.75
민시후,발레,4,1.0
민아람,연극,1,1.0
민아름,연극,3,1.0
민애경,한국무용,1,0.5
민애경,현대무용,1,0.5
민영치,연희,1,1.0
민예린,연극,1,1.0
민예은,현대무용,1,1.0
민우기,연극,1,1.0
민유리,기악,1,0.5
민유리,오페라,1,0.5
민유빈,연극,1,1.0
민윤경,연극,1,1.0
민인기,성악,8,0.8888888888888888
민인기,오페라,1,0.1111111111111111
민정섭,뮤지컬,1,1.0
민정인,성악,1,1.0
민제희,연극,1,1.0
민준호,뮤지컬,5,0.10204081632653061
민준호,연극,41,0.8367346938775511
민준호,현대무용,3,0.061224489795918366
민찬홍,뮤지컬,49,0.8032786885245902
민찬홍,악극,2,0.03278688524590164
민찬홍,연극,9,0.14754098360655737
민찬홍,혼합,1,0.01639344262295082
민창홍,연극,1,1.0
민채,뮤지컬,1,1.0
민천홍,발레,1,0.25
민천홍,한국무용,1,0.25
민천홍,현대무용,2,0.5
민천흥,현대무용,1,1.0
민태림,연극,1,1.0
민향숙,한국무용,2,1.0
민현기,연극,2,0.6666666666666666
민현기,연희,1,0.3333333333333333
민현석,연극,1,1.0
민혜리,연극,1,1.0
민혜진,연극,1,1.0
민환기,연극,1,1.0
민활란,뮤지컬,5,1.0
민희진,연극,3,1.0
밀로 라우,연극,1,1.0
바굥ㅇ규,오페라,1,1.0
바르보라 라슈코바,발레,3,1.0
바박세련,연극,1,1.0
바샤르 무르쿠스,연극,1,1.0
바실리 바이노넨,발레,4,1.0
바실리 바이노센,발레,1,1.0
바이아이리엔,연극,1,1.0
바크당 차부키아니,발레,1,1.0
바크탕 차부키아니,발레,2,1.0
박가영,성악,1,0.3333333333333333
박가영,연극,1,0.3333333333333333
박가영,현대무용,1,0.3333333333333333
박가은,기악,1,1.0
박가인,뮤지컬,1,0.5
박가인,연극,1,0.5
박가희,성악,1,1.0
박강록,연극,1,1.0
박강복,연극,1,1.0
박강수,성악,3,0.5
박강수,연극,3,0.5
박강원,연극,2,1.0
박강의,기악,1,0.25
박강의,연희,1,0.25
박강의,혼합,2,0.5
박강준,기악,1,1.0
박건우,연극,1,1.0
박건욱,연극,2,1.0
박건호,연극,3,1.0
박게배,연극,1,1.0
박겨울,기악,1,1.0
박경남,기악,1,1.0
박경랑,연희,1,1.0
박경림,연극,1,1.0
박경숙,발레,22,1.0
박경순,연극,5,1.0
박경식,악극,2,0.15384615384615385
박경식,연극,11,0.8461538461538461
박경아,기악,1,0.5
박경아,연극,1,0.5
박경애,오페라,1,1.0
박경용,연극,1,0.5
박경용,한국무용,1,0.5
박경우,연극,2,1.0
박경원,연극,1,1.0
박경일,성악,1,0.3333333333333333
박경일,오페라,2,0.6666666666666666
박경주,기악,1,0.5
박경주,성악,1,0.5
박경준,연극,1,0.25
박경준,오페라,2,0.5
박경준,재즈/월드뮤직,1,0.25
박경진,기악,3,0.1
박경진,대중가요,1,0.03333333333333333
박경진,뮤지컬,2,0.06666666666666667
박경진,성악,2,0.06666666666666667
박경진,연극,5,0.16666666666666666
박경진,연희,1,0.03333333333333333
박경진,한국무용,7,0.23333333333333334
박경진,혼합,9,0.3
박경찬,뮤지컬,3,0.23076923076923078
박경찬,연극,10,0.7692307692307693
박경태,오페라,5,0.8333333333333334
박경태,재즈/월드뮤직,1,0.16666666666666666
박경현,기악,3,1.0
박경화,연극,2,1.0
박경훈,기악,2,0.5
박경훈,연극,1,0.25
박경훈,혼합,1,0.25
박경희,뮤지컬,5,0.38461538461538464
박경희,발레,2,0.15384615384615385
박경희,연극,5,0.38461538461538464
박경희,현대무용,1,0.07692307692307693
박계배,연극,1,1.0
박계훈,뮤지컬,2,0.6666666666666666
박계훈,연극,1,0.3333333333333333
박고운,연극,1,1.0
박고은,뮤지컬,5,0.5555555555555556
박고은,연극,4,0.4444444444444444
박관정,현대무용,3,1.0
박광배,뮤지컬,8,0.6153846153846154
박광배,연극,5,0.38461538461538464
박광복,연극,3,1.0
박광선,연극,2,1.0
박광용,연극,1,1.0
박광재,연극,1,1.0
박광천,연극,1,1.0
박광현,기악,1,1.0
박광훈,연극,9,1.0
박구용,연극,4,1.0
박귀화,뮤지컬,3,1.0
박규남,연극,13,1.0
박규리,뮤지컬,3,0.375
박규리,연극,3,0.375
박규리,재즈/월드뮤직,1,0.125
박규리,혼합,1,0.125
박규상,연극,2,1.0
박규석,서커스/마술,2,1.0
박규은,현대무용,1,1.0
박규현,연극,5,1.0
박그림,발레,1,0.3333333333333333
박그림,연극,2,0.6666666666666666
박근수,연극,1,1.0
박근식,악극,1,0.5
박근식,연극,1,0.5
박근여,기악,1,0.5
박근여,연극,1,0.5
박근영,뮤지컬,1,1.0
박근태,현대무용,4,0.8
박근태,혼합,1,0.2
박근형,연극,37,1.0
박근화,연극,6,1.0
박근희,혼합,1,1.0
박금옥,성악,1,1.0
박기나,마임,1,1.0
박기남,뮤지컬,6,0.6666666666666666
박기남,발레,1,0.1111111111111111
박기남,연극,2,0.2222222222222222
박기량,혼합,1,1.0
박기선,연극,1,1.0
박기수,뮤지컬,1,1.0
박기영,뮤지컬,1,1.0
박기용,연극,1,1.0
박기원,뮤지컬,2,1.0
박기집,성악,1,1.0
박기철,연극,1,1.0
박기태,뮤지컬,28,0.9655172413793104
박기태,연극,1,0.034482758620689655
박기헌,뮤지컬,2,1.0
박기현,발레,5,0.8333333333333334
박기현,한국무용,1,0.16666666666666666
박기환,오페라,1,0.5
박기환,현대무용,1,0.5
박꽃비,대중가요,1,1.0
박나경,연극,3,0.375
박나경,오페라,5,0.625
박나리,발레,1,0.5
박나리,연극,1,0.5
박나림,연극,1,1.0
박나연,연극,1,1.0
박나영,성악,1,1.0
박나현,연극,4,1.0
박남규,연극,2,1.0
박남선,뮤지컬,1,1.0
박낭주,연극,1,1.0
박노수,연극,1,1.0
박다미,연극,1,1.0
박다민,연극,1,1.0
박다솔,연극,5,1.0
박다솜,연극,1,1.0
박다시,연극,3,1.0
박다열,혼합,1,1.0
박다원,연극,2,1.0
박다은,기악,3,0.3333333333333333
박다은,뮤지컬,3,0.3333333333333333
박다은,성악,2,0.2222222222222222
박다은,연극,1,0.1111111111111111
박다인,연극,1,1.0
박다정,기악,3,0.75
박다정,성악,1,0.25
박다현,성악,1,1.0
박다훈,연극,3,1.0
박단비,연극,1,1.0
박대선,성악,1,1.0
박대성,연희,1,1.0
박대웅,기악,1,0.2
박대웅,뮤지컬,1,0.2
박대웅,연극,3,0.6
박대원,연극,1,1.0
박대정,연극,4,1.0
박대진,기악,4,1.0
박덕상,한국무용,1,0.5
박덕상,혼합,1,0.5
박도운,뮤지컬,1,1.0
박도윤,기악,1,0.16666666666666666
박도윤,뮤지컬,1,0.16666666666666666
박도윤,연극,4,0.6666666666666666
박도은,연극,1,1.0
박도하,연극,2,1.0
박도훈,성악,1,1.0
박동국,혼합,1,1.0
박동규,뮤지컬,1,0.14285714285714285
박동규,연극,5,0.7142857142857143
박동규,현대무용,1,0.14285714285714285
박동근,오페라,1,1.0
박동기,연극,3,1.0
박동빈,연극,1,1.0
박동석,성악,1,1.0
박동순,혼합,1,1.0
박동영,뮤지컬,1,0.5
박동영,연극,1,0.5
박동우,성악,6,0.2857142857142857
박동우,연극,11,0.5238095238095238
박동우,연희,2,0.09523809523809523
박동우,현대무용,1,0.047619047619047616
박동우,혼합,1,0.047619047619047616
박동욱,기악,1,1.0
박동의,기악,1,1.0
박동일,기악,1,0.2
박동일,넌버벌 퍼포먼스,1,0.2
박동일,뮤지컬,2,0.4
박동일,성악,1,0.2
박동재,뮤지컬,2,1.0
박동주,뮤지컬,1,0.5
박동주,연극,1,0.5
박동찬,기악,1,1.0
박동하,연극,2,1.0
박동화,연극,1,1.0
박동훈,연극,3,1.0
박동희,성악,17,0.7727272727272727
박동희,연극,5,0.22727272727272727
박두섭,기악,1,1.0
박두환,연극,1,1.0
박득환,연극,1,1.0
박래영,연극,1,1.0
박로사,기악,5,1.0
박만수,연극,1,1.0
박명근,연극,1,1.0
박명덕,기악,1,1.0
박명례,혼합,1,1.0
박명숙,한국무용,1,0.14285714285714285
박명숙,현대무용,6,0.8571428571428571
박명우,뮤지컬,33,1.0
박명진,연극,1,1.0
박명황,기악,1,1.0
박명훈,기악,5,1.0
박명희,연극,1,1.0
박무영,연극,2,1.0
박문수,연극,17,1.0
박문영,뮤지컬,2,0.4
박문영,연극,3,0.6
박문옥,연극,2,1.0
박문자,성악,1,1.0
박문희,기악,1,0.2
박문희,성악,4,0.8
박미라,연극,2,0.6666666666666666
박미라,혼합,1,0.3333333333333333
박미란,넌버벌 퍼포먼스,1,0.14285714285714285
박미란,뮤지컬,2,0.2857142857142857
박미란,연극,4,0.5714285714285714
박미령,대중가요,1,1.0
박미리,연극,2,1.0
박미선,기악,1,0.5
박미선,연극,1,0.5
박미소,뮤지컬,2,1.0
박미숙,성악,1,1.0
박미영,성악,1,0.2
박미영,연극,2,0.4
박미영,한국무용,2,0.4
박미옥,대중가요,1,1.0
박미정,기악,1,0.3333333333333333
박미정,뮤지컬,1,0.3333333333333333
박미정,연극,1,0.3333333333333333
박미주,연극,3,1.0
박미진,성악,2,0.6666666666666666
박미진,연희,1,0.3333333333333333
박미향,연희,6,0.5454545454545454
박미향,인형극,3,0.2727272727272727
박미향,혼합,2,0.18181818181818182
박미화,뮤지컬,1,1.0
박민경,대중가요,1,0.125
박민경,연극,7,0.875
박민관,연극,1,1.0
박민규,연극,24,1.0
박민량,연극,1,1.0
박민서,연극,1,1.0
박민석,연극,1,1.0
박민선,연극,1,1.0
박민수,뮤지컬,1,0.030303030303030304
박민수,연극,32,0.9696969696969697
박민승,연극,1,1.0
박민우,기악,1,0.3333333333333333
박민우,연극,1,0.3333333333333333
박민우,현대무용,1,0.3333333333333333
박민재,뮤지컬,3,0.5
박민재,악극,1,0.16666666666666666
박민재,연극,2,0.3333333333333333
박민정,뮤지컬,1,0.125
박민정,연극,7,0.875
박민종,기악,1,1.0
박민주,기악,2,0.4
박민주,연극,1,0.2
박민주,연희,1,0.2
박민주,혼합,1,0.2
박민준,현대무용,2,1.0
박민지,연극,3,0.75
박민지,현대무용,1,0.25
박민한,연극,3,1.0
박민형,뮤지컬,1,0.5
박민형,악극,1,0.5
박민혜,연극,1,1.0
박민호,뮤지컬,2,0.16666666666666666
박민호,발레,2,0.16666666666666666
박민호,서커스/마술,1,0.08333333333333333
박민호,연극,3,0.25
박민호,현대무용,2,0.16666666666666666
박민호,혼합,2,0.16666666666666666
박민희,뮤지컬,1,0.5
박민희,연극,1,0.5
박범,연극,1,1.0
박범석,뮤지컬,1,1.0
박범수,연극,1,1.0
박범준,연극,1,1.0
박범철,성악,1,1.0
박범태,성악,1,0.25
박범태,연희,2,0.5
박범태,한국무용,1,0.25
박범현,연극,1,1.0
박범훈,기악,8,0.5333333333333333
박범훈,마당극,2,0.13333333333333333
박범훈,성악,1,0.06666666666666667
박범훈,연희,1,0.06666666666666667
박범훈,혼합,3,0.2
박병건,뮤지컬,1,0.125
박병건,연극,5,0.625
박병건,연희,1,0.125
박병건,혼합,1,0.125
박병곤,뮤지컬,4,0.8
박병곤,혼합,1,0.2
박병석,연극,1,1.0
박병재,기악,1,1.0
박병주,연극,1,0.3333333333333333
박병주,오페라,2,0.6666666666666666
박병준,뮤지컬,2,1.0
박병철,스트리트/스포츠댄스,1,0.3333333333333333
박병철,한국무용,1,0.3333333333333333
박병철,혼합,1,0.3333333333333333
박병헌,뮤지컬,1,1.0
박병희,연극,1,1.0
박보경,연극,5,1.0
박보교,뮤지컬,1,1.0
박보승,연극,1,1.0
박보현,연극,1,1.0
박복신,연극,1,1.0
박본,연극,1,1.0
박봉,연극,1,1.0
박부경,기악,2,1.0
박사라,성악,1,1.0
박사랑,연극,1,1.0
박상규,연극,1,1.0
박상면,연극,1,1.0
박상미,기악,1,0.2
박상미,현대무용,4,0.8
박상민,기악,1,0.25
박상민,연극,3,0.75
박상봉,연극,52,0.9629629629629629
박상봉,혼합,2,0.037037037037037035
박상석,연극,4,1.0
박상섭,연극,1,1.0
박상수,연극,4,1.0
박상숙,연극,1,1.0
박상순,뮤지컬,1,0.2
박상순,악극,2,0.4
박상순,연극,2,0.4
박상연,기악,12,0.7058823529411765
박상연,연극,5,0.29411764705882354
박상열,성악,1,0.047619047619047616
박상열,오페라,20,0.9523809523809523
박상우,기악,1,0.01694915254237288
박상우,뮤지컬,53,0.8983050847457628
박상우,연극,1,0.01694915254237288
박상우,혼합,4,0.06779661016949153
박상욱,뮤지컬,1,0.125
박상욱,연극,1,0.125
박상욱,한국무용,5,0.625
박상욱,혼합,1,0.125
박상원,뮤지컬,32,1.0
박상은,기악,1,1.0
박상준,연극,7,1.0
박상진,연극,2,0.5
박상진,인형극,1,0.25
박상진,혼합,1,0.25
박상철,뮤지컬,4,0.21052631578947367
박상철,연극,15,0.7894736842105263
박상하,연극,4,1.0
박상혁,넌버벌 퍼포먼스,1,0.2
박상혁,뮤지컬,1,0.2
박상혁,악극,1,0.2
박상혁,연극,2,0.4
박상현,기악,4,0.19047619047619047
박상현,뮤지컬,1,0.047619047619047616
박상현,발레,2,0.09523809523809523
박상현,서커스/마술,1,0.047619047619047616
박상현,성악,5,0.23809523809523808
박상현,악극,1,0.047619047619047616
박상현,연극,7,0.3333333333333333
박상협,연극,10,1.0
박상호,연극,1,1.0
박상후,성악,1,0.25
박상후,연희,2,0.5
박상후,혼합,1,0.25
박상훈,뮤지컬,1,0.3333333333333333
박상훈,연극,2,0.6666666666666666
박상희,성악,2,0.5
박상희,연극,1,0.25
박상희,오페라,1,0.25
박새라,연극,1,1.0
박새봄,연극,1,1.0
박새연,연극,1,1.0
박서경,오페라,2,1.0
박서란,현대무용,1,1.0
박서연,뮤지컬,7,0.7777777777777778
박서연,한국무용,2,0.2222222222222222
박서영,연극,1,1.0
박서우,연극,1,1.0
박서원,연극,1,1.0
박서은,연극,1,1.0
박서인,연극,1,1.0
박서진,뮤지컬,2,1.0
박서현,연극,1,1.0
박서혜,연극,1,1.0
박서희,뮤지컬,1,1.0
박석광,연극,9,0.75
박석광,인형극,3,0.25
박석빈,연극,6,1.0
박석연,연극,1,1.0
박석영,연극,1,1.0
박석주,연극,1,1.0
박석진,뮤지컬,1,0.5
박석진,연극,1,0.5
박선'희,연극,1,1.0
박선교,발레,2,0.3333333333333333
박선교,연극,1,0.16666666666666666
박선교,재즈/월드뮤직,3,0.5
박선령,뮤지컬,21,1.0
박선미,성악,1,0.2
박선미,오페라,4,0.8
박선민,연극,1,0.5
박선민,인형극,1,0.5
박선애,뮤지컬,1,0.3333333333333333
박선애,성악,1,0.3333333333333333
박선애,연극,1,0.3333333333333333
박선영,뮤지컬,1,0.2
박선영,성악,2,0.4
박선영,연극,2,0.4
박선옥,뮤지컬,1,0.5
박선옥,성악,1,0.5
박선우,대중가요,1,0.3333333333333333
박선우,연극,2,0.6666666666666666
박선유,현대무용,1,1.0
박선임,현대무용,1,1.0
박선재,연극,2,1.0
박선정,발레,1,0.5
박선정,연극,1,0.5
박선주,기악,1,1.0
박선철,연극,1,1.0
박선하,성악,1,0.5
박선하,연극,1,0.5
박선혜,연극,1,1.0
박선화,기악,4,0.8
박선화,현대무용,1,0.2
박선희,기악,2,0.06060606060606061
박선희,성악,3,0.09090909090909091
박선희,연극,27,0.8181818181818182
박선희,오페라,1,0.030303030303030304
박설란,기악,2,1.0
박성규,연희,1,1.0
박성균,기악,2,1.0
박성근,연극,4,1.0
박성미,기악,5,0.625
박성미,뮤지컬,3,0.375
박성민,기악,8,0.17391304347826086
박성민,뮤지컬,4,0.08695652173913043
박성민,성악,1,0.021739130434782608
박성민,악극,3,0.06521739130434782
박성민,연극,30,0.6521739130434783
박성배,발레,1,1.0
박성범,기악,1,1.0
박성선,오페라,1,1.0
박성섭,연극,2,1.0
박성수,연극,2,1.0
박성순,뮤지컬,1,1.0
박성식,현대무용,1,1.0
박성신,성악,2,1.0
박성실,대중가요,1,0.5
박성실,연극,1,0.5
박성아,기악,1,0.5
박성아,한국무용,1,0.5
박성애,연극,1,1.0
박성완,현대무용,1,1.0
박성용,뮤지컬,1,1.0
박성우,연극,1,1.0
박성원,기악,1,0.08333333333333333
박성원,성악,2,0.16666666666666666
박성원,연극,9,0.75
박성윤,연극,4,1.0
박성율,연극,1,1.0
박성은,성악,1,0.14285714285714285
박성은,연극,3,0.42857142857142855
박성은,오페라,2,0.2857142857142857
박성은,현대무용,1,0.14285714285714285
박성일,뮤지컬,1,1.0
박성준,뮤지컬,2,0.16666666666666666
박성준,서커스/마술,1,0.08333333333333333
박성준,연극,7,0.5833333333333334
박성준,인형극,1,0.08333333333333333
박성준,혼합,1,0.08333333333333333
박성진,연극,2,0.6666666666666666
박성진,오페라,1,0.3333333333333333
박성찬,연극,15,0.7894736842105263
박성찬,인형극,4,0.21052631578947367
박성철,뮤지컬,4,0.6666666666666666
박성철,서커스/마술,1,0.16666666666666666
박성철,연극,1,0.16666666666666666
박성택,기악,1,1.0
박성헌,인형극,1,1.0
박성혁,연극,1,1.0
박성현,연극,2,0.5
박성현,현대무용,2,0.5
박성호,연극,1,0.125
박성호,인형극,3,0.375
박성호,창극,1,0.125
박성호,한국무용,2,0.25
박성호,혼합,1,0.125
박성화,연희,1,1.0
박성환,뮤지컬,1,0.25
박성환,성악,1,0.25
박성환,창극,2,0.5
박성훈,연극,1,0.3333333333333333
박성훈,한국무용,2,0.6666666666666666
박성희,연극,12,0.9230769230769231
박성희,오페라,1,0.07692307692307693
박세기,연극,1,1.0
박세담,연극,1,1.0
박세동,뮤지컬,2,1.0
박세련,연극,12,1.0
박세리,연극,1,1.0
박세린,기타,1,0.5
박세린,뮤지컬,1,0.5
박세아,뮤지컬,1,1.0
박세연,기악,1,0.5
박세연,창극,1,0.5
박세영,연극,2,1.0
박세웅,기악,1,1.0
박세원,기악,1,1.0
박세이,연극,5,1.0
박세재,연극,1,1.0
박세진,연극,2,1.0
박세찬,기악,1,1.0
박세향,성악,1,0.1111111111111111
박세향,연극,8,0.8888888888888888
박세현,뮤지컬,1,1.0
박세화,연극,1,1.0
박세환,대중가요,1,0.14285714285714285
박세환,성악,1,0.14285714285714285
박세환,연극,2,0.2857142857142857
박세환,오페라,2,0.2857142857142857
박세환,인형극,1,0.14285714285714285
박셩숙,발레,1,1.0
박소라,기악,1,0.14285714285714285
박소라,스트리트/스포츠댄스,1,0.14285714285714285
박소라,연극,4,0.5714285714285714
박소라,연희,1,0.14285714285714285
박소리,연극,2,1.0
박소산,연극,1,0.3333333333333333
박소산,인형극,1,0.3333333333333333
박소산,혼합,1,0.3333333333333333
박소연,기악,3,0.13636363636363635
박소연,뮤지컬,2,0.09090909090909091
박소연,발레,1,0.045454545454545456
박소연,연극,13,0.5909090909090909
박소연,연희,1,0.045454545454545456
박소연,인형극,2,0.09090909090909091
박소영,뮤지컬,38,0.5428571428571428
박소영,연극,30,0.42857142857142855
박소영,연희,1,0.014285714285714285
박소영,한국무용,1,0.014285714285714285
박소원,연극,1,1.0
박소윤,연극,2,1.0
박소은,연극,2,1.0
박소이,연극,1,1.0
박소정,뮤지컬,1,1.0
박소진,스트리트/스포츠댄스,1,1.0
박소현,뮤지컬,1,0.1
박소현,성악,1,0.1
박소현,연극,4,0.4
박소현,연희,2,0.2
박소현,오페라,1,0.1
박소현,현대무용,1,0.1
박소혜,연극,1,1.0
박소희,넌버벌 퍼포먼스,3,0.15789473684210525
박소희,뮤지컬,2,0.10526315789473684
박소희,성악,3,0.15789473684210525
박소희,악극,2,0.10526315789473684
박소희,연극,7,0.3684210526315789
박소희,현대무용,2,0.10526315789473684
박송연,연극,4,1.0
박송이,기악,1,1.0
박송주,연극,1,1.0
박송희,연극,2,1.0
박수강,연극,1,1.0
박수경,뮤지컬,22,0.6285714285714286
박수경,연극,12,0.34285714285714286
박수경,한국무용,1,0.02857142857142857
박수길,성악,1,1.0
박수로,현대무용,1,1.0
박수민,기악,1,0.3333333333333333
박수민,연극,2,0.6666666666666666
박수빈,기악,1,0.1
박수빈,뮤지컬,2,0.2
박수빈,연극,6,0.6
박수빈,창극,1,0.1
박수아,연극,9,1.0
박수연,기악,1,0.2
박수연,연극,3,0.6
박수연,한국무용,1,0.2
박수열,현대무용,4,1.0
박수예,기악,1,0.3333333333333333
박수예,연희,2,0.6666666666666666
박수원,연극,1,1.0
박수이,연극,10,1.0
박수인,혼합,1,1.0
박수정,기악,2,0.2222222222222222
박수정,성악,2,0.2222222222222222
박수정,악극,2,0.2222222222222222
박수정,연극,3,0.3333333333333333
박수지,연극,3,1.0
박수진,연극,1,0.2
박수진,연희,2,0.4
박수진,한국무용,1,0.2
박수진,현대무용,1,0.2
박수현,연극,5,1.0
박수희,성악,1,0.3333333333333333
박수희,오페라,2,0.6666666666666666
박숙영,한국무용,5,1.0
박숙자,한국무용,1,1.0
박순기,오페라,3,1.0
박순석,성악,1,0.5
박순석,오페라,1,0.5
박순영,기악,1,0.5
박순영,발레,1,0.5
박순호,연극,1,0.3333333333333333
박순호,현대무용,2,0.6666666666666666
박순희,기악,1,0.5
박순희,연극,1,0.5
박슬기,뮤지컬,3,1.0
박슬아,연극,2,1.0
박슬찬,연극,2,1.0
박승기,기악,1,1.0
박승아,뮤지컬,1,0.5
박승아,인형극,1,0.5
박승영,현대무용,1,1.0
박승우,연극,1,1.0
박승원,성악,1,0.09090909090909091
박승원,악극,1,0.09090909090909091
박승원,연극,7,0.6363636363636364
박승원,창극,1,0.09090909090909091
박승원,혼합,1,0.09090909090909091
박승유,발레,3,0.75
박승유,오페라,1,0.25
박승은,기악,2,1.0
박승재,연극,2,1.0
박승진,발레,1,0.5
박승진,연극,1,0.5
박승현,연극,1,1.0
박승화,연극,1,1.0
박승훤,연극,2,1.0
박승희,기악,5,0.35714285714285715
박승희,뮤지컬,1,0.07142857142857142
박승희,성악,5,0.35714285714285715
박승희,창극,1,0.07142857142857142
박승희,혼합,2,0.14285714285714285
박시내,한국무용,1,1.0
박시언,연극,1,1.0
박시연,뮤지컬,10,0.9090909090909091
박시연,연극,1,0.09090909090909091
박시우,연희,1,1.0
박시원,연극,1,1.0
박시종,한국무용,2,1.0
박시한,현대무용,1,1.0
박시현,연극,2,1.0
박신,뮤지컬,2,0.5
박신,오페라,2,0.5
박신기,발레,1,1.0
박신애,뮤지컬,4,0.5714285714285714
박신애,발레,1,0.14285714285714285
박신애,현대무용,2,0.2857142857142857
박신욱,현대무용,1,1.0
박신혜,뮤지컬,1,0.5
박신혜,연극,1,0.5
박신호,뮤지컬,15,0.9375
박신호,연극,1,0.0625
박심준,연극,1,1.0
박아름,연극,2,1.0
박아정,연극,16,1.0
박애리,창극,1,1.0
박애림,연극,3,1.0
박여선,연극,1,1.0
박연용,연극,4,1.0
박연우,연극,1,1.0
박연정,현대무용,1,1.0
박연주,뮤지컬,2,0.18181818181818182
박연주,발레,1,0.09090909090909091
박연주,연극,8,0.7272727272727273
박연철,인형극,1,1.0
박연태,연극,1,1.0
박연희,기악,1,0.3333333333333333
박연희,마당극,1,0.3333333333333333
박연희,연극,1,0.3333333333333333
박영국,오페라,2,1.0
박영권,연극,4,1.0
박영규,악극,1,0.5
박영규,연극,1,0.5
박영란,기악,5,0.5555555555555556
박영란,기타,1,0.1111111111111111
박영란,연극,2,0.2222222222222222
박영란,혼합,1,0.1111111111111111
박영록,연극,4,1.0
박영민,성악,1,0.5
박영민,연극,1,0.5
박영선,기악,2,0.6666666666666666
박영선,성악,1,0.3333333333333333
박영성,뮤지컬,1,1.0
박영수,악극,1,0.5
박영수,연극,1,0.5
박영숙,성악,1,1.0
박영식,성악,2,1.0
박영신,뮤지컬,1,1.0
박영아,연극,1,1.0
박영애,한국무용,2,0.5
박영애,혼합,2,0.5
박영은,연극,1,1.0
박영일,한국무용,1,1.0
박영재,기악,1,1.0
박영주,기악,1,0.09090909090909091
박영주,성악,1,0.09090909090909091
박영주,연극,9,0.8181818181818182
박영준,현대무용,1,1.0
박영진,한국무용,1,1.0
박영현,성악,1,1.0
박영호,성악,1,1.0
박영훈,기악,1,0.5
박영훈,성악,1,0.5
박영희,기악,1,0.14285714285714285
박영희,연극,2,0.2857142857142857
박영희,오페라,2,0.2857142857142857
박영희,인형극,2,0.2857142857142857
박예람,뮤지컬,2,0.4
박예람,연극,3,0.6
박예랑,연극,1,1.0
박예리,연극,1,1.0
박예림,뮤지컬,1,0.5
박예림,연극,1,0.5
박예선,연극,1,1.0
박예소,뮤지컬,11,1.0
박예솔,연극,1,1.0
박예슬,뮤지컬,1,0.125
박예슬,연극,7,0.875
박예원,기악,3,0.42857142857142855
박예원,한국무용,1,0.14285714285714285
박예원,혼합,3,0.42857142857142855
박예진,뮤지컬,1,0.3333333333333333
박예진,연극,2,0.6666666666666666
박오달,뮤지컬,11,1.0
박온별,연극,1,1.0
박온유,기악,1,1.0
박완서,연극,1,1.0
박요한,뮤지컬,3,1.0
박용갑,스트리트/스포츠댄스,2,0.5
박용갑,연극,2,0.5
박용구,발레,5,1.0
박용규,기악,1,0.5
박용규,오페라,1,0.5
박용명,성악,1,1.0
박용민,오페라,5,1.0
박용빈,기악,1,1.0
박용신,뮤지컬,1,0.25
박용신,연극,3,0.75
박용우,서커스/마술,1,1.0
박용운,연극,3,1.0
박용재,현대무용,1,1.0
박용준,기악,7,0.875
박용준,성악,1,0.125
박용진,뮤지컬,1,1.0
박용집,연극,2,1.0
박용태,넌버벌 퍼포먼스,1,0.045454545454545456
박용태,뮤지컬,2,0.09090909090909091
박용태,연극,19,0.8636363636363636
박용호,연극,1,1.0
박용휘,성악,1,0.25
박용휘,연극,2,0.5
박용휘,연희,1,0.25
박용희,뮤지컬,4,0.4
박용희,연극,6,0.6
박용힐,대중가요,1,1.0
박우성,연극,5,1.0
박우열,연극,2,1.0
박우일,연극,1,1.0
박우재,기악,1,0.3333333333333333
박우재,한국무용,1,0.3333333333333333
박우재,혼합,1,0.3333333333333333
박우주,현대무용,1,1.0
박우진,연극,3,1.0
박원강,뮤지컬,1,1.0
박원공,뮤지컬,1,1.0
박원광,뮤지컬,2,1.0
박원진,대중가요,1,0.5
박원진,연희,1,0.5
박원혁,연극,1,1.0
박위철,기악,1,1.0
박유나,연극,2,0.6666666666666666
박유나,현대무용,1,0.3333333333333333
박유내,연극,1,1.0
박유라,현대무용,1,1.0
박유미,연극,2,1.0
박유선,기악,1,1.0
박유신,기악,12,1.0
박유영,연극,1,1.0
박유정,연극,5,0.8333333333333334
박유정,현대무용,1,0.16666666666666666
박유진,기악,1,0.05
박유진,뮤지컬,2,0.1
박유진,성악,1,0.05
박유진,연극,13,0.65
박유진,한국무용,1,0.05
박유진,혼합,2,0.1
박유현,연극,1,1.0
박윤경,기악,1,0.5
박윤경,혼합,1,0.5
박윤배,뮤지컬,1,1.0
박윤선,연극,1,1.0
박윤성,연극,1,1.0
박윤솔,뮤지컬,6,0.8571428571428571
박윤솔,악극,1,0.14285714285714285
박윤수,인형극,1,1.0
박윤이,연희,1,1.0
박윤지,기악,2,1.0
박윤창,오페라,1,1.0
박윤초,연극,1,1.0
박윤하,연극,1,1.0
박윤혜,뮤지컬,4,0.8
박윤혜,악극,1,0.2
박윤호,연극,1,1.0
박윤환,기악,1,1.0
박윤희,뮤지컬,1,0.08333333333333333
박윤희,발레,2,0.16666666666666666
박윤희,연극,9,0.75
박융신,기악,1,1.0
박은경,기악,1,0.3333333333333333
박은경,연극,2,0.6666666666666666
박은명,뮤지컬,1,1.0
박은미,뮤지컬,1,1.0
박은비,성악,1,0.3333333333333333
박은비,혼합,2,0.6666666666666666
박은서,연극,1,1.0
박은선,성악,1,0.3333333333333333
박은선,연극,2,0.6666666666666666
박은성,연극,1,1.0
박은솔,뮤지컬,1,1.0
박은수,연극,1,1.0
박은숙,성악,1,1.0
박은아,연극,1,1.0
박은영,뮤지컬,5,0.5555555555555556
박은영,연극,4,0.4444444444444444
박은정,기악,1,0.3333333333333333
박은정,성악,2,0.6666666666666666
박은주,뮤지컬,2,0.4
박은주,연극,2,0.4
박은주,현대무용,1,0.2
박은지,기악,3,0.5
박은지,성악,2,0.3333333333333333
박은지,연극,1,0.16666666666666666
박은진,뮤지컬,1,1.0
박은택,연극,1,1.0
박은하,한국무용,1,1.0
박은현,연극,1,1.0
박은혜,기악,2,0.1
박은혜,뮤지컬,2,0.1
박은혜,연극,13,0.65
박은혜,오페라,1,0.05
박은혜,한국무용,1,0.05
박은혜,현대무용,1,0.05
박은호,뮤지컬,1,0.25
박은호,연극,3,0.75
박은희,기악,1,0.2
박은희,뮤지컬,2,0.4
박은희,연극,2,0.4
박응석,연극,1,1.0
박의수,성악,1,1.0
박의진,뮤지컬,2,0.6666666666666666
박의진,연극,1,0.3333333333333333
박이랑,연극,1,1.0
박이분,연극,1,1.0
박이슬,기악,1,1.0
박이제,기악,1,1.0
박이표,한국무용,5,1.0
박이현,연극,4,1.0
박인서,뮤지컬,1,0.041666666666666664
박인서,서커스/마술,20,0.8333333333333334
박인서,연극,3,0.125
박인선,뮤지컬,10,0.625
박인선,연극,6,0.375
박인수,기악,1,0.2
박인수,오페라,2,0.4
박인수,인형극,1,0.2
박인수,한국무용,1,0.2
박인아,연극,1,1.0
박인영,뮤지컬,2,1.0
박인욱,오페라,3,1.0
박인혁,뮤지컬,2,0.6666666666666666
박인혁,연극,1,0.3333333333333333
박인현,뮤지컬,2,1.0
박인혜,발레,1,0.047619047619047616
박인혜,성악,13,0.6190476190476191
박인혜,인형극,3,0.14285714285714285
박인혜,혼합,4,0.19047619047619047
박인호,기악,1,0.3333333333333333
박인호,성악,1,0.3333333333333333
박인호,연극,1,0.3333333333333333
박인환,연극,1,1.0
박일규,연극,1,1.0
박일석,연극,2,1.0
박일선,연극,1,1.0
박일호,기악,1,1.0
박자은,연극,2,1.0
박장렬,연극,18,1.0
박장면,연극,1,1.0
박장용,연극,1,1.0
박장한,서커스/마술,1,1.0
박재근,발레,1,1.0
박재나,오페라,3,1.0
박재련,연극,4,1.0
박재룡,성악,1,1.0
박재민,성악,1,1.0
박재범,기악,1,0.09090909090909091
박재범,연극,10,0.9090909090909091
박재성,연극,1,1.0
박재순,기악,1,0.5
박재순,한국무용,1,0.5
박재승,현대무용,1,1.0
박재식,대중가요,1,0.3333333333333333
박재식,뮤지컬,1,0.3333333333333333
박재식,연희,1,0.3333333333333333
박재연,뮤지컬,1,0.5
박재연,연극,1,0.5
박재완,연극,3,1.0
박재운,연극,4,0.8
박재운,혼합,1,0.2
박재이,연극,1,1.0
박재인,연극,1,1.0
박재진,연극,1,1.0
박재천,현대무용,1,1.0
박재춘,연극,2,0.5
박재춘,인형극,2,0.5
박재헌,오페라,1,0.5
박재헌,현대무용,1,0.5
박재현,뮤지컬,6,0.2857142857142857
박재현,발레,1,0.047619047619047616
박재현,성악,2,0.09523809523809523
박재현,스트리트/스포츠댄스,1,0.047619047619047616
박재현,연극,7,0.3333333333333333
박재현,현대무용,3,0.14285714285714285
박재현,혼합,1,0.047619047619047616
박재형,넌버벌 퍼포먼스,1,0.3333333333333333
박재형,연극,1,0.3333333333333333
박재형,오페라,1,0.3333333333333333
박재홍,기악,1,0.1
박재홍,발레,6,0.6
박재홍,성악,1,0.1
박재홍,연극,2,0.2
박재화,뮤지컬,1,0.2
박재화,연극,4,0.8
박재환,기악,5,1.0
박재훈,발레,2,1.0
박재희,한국무용,3,1.0
박정곤,성악,2,0.6666666666666666
박정곤,창극,1,0.3333333333333333
박정국,넌버벌 퍼포먼스,1,0.5
박정국,서커스/마술,1,0.5
박정규,기악,2,0.6666666666666666
박정규,서커스/마술,1,0.3333333333333333
박정근,연극,2,1.0
박정덕,오페라,1,1.0
박정렬,연극,1,1.0
박정만,뮤지컬,4,1.0
박정미,기악,1,1.0
박정민,뮤지컬,17,0.6071428571428571
박정민,성악,1,0.03571428571428571
박정민,연극,9,0.32142857142857145
박정민,현대무용,1,0.03571428571428571
박정배,뮤지컬,3,1.0
박정범,발레,1,0.3333333333333333
박정범,오페라,2,0.6666666666666666
박정빈,뮤지컬,1,0.5
박정빈,연극,1,0.5
박정석,연극,7,0.875
박정석,오페라,1,0.125
박정선,뮤지컬,6,0.6666666666666666
박정선,성악,1,0.1111111111111111
박정선,연극,2,0.2222222222222222
박정수,한국무용,1,1.0
박정순,연극,1,1.0
박정아,뮤지컬,12,0.631578947368421
박정아,스트리트/스포츠댄스,1,0.05263157894736842
박정아,연극,5,0.2631578947368421
박정아,현대무용,1,0.05263157894736842
박정양,기악,1,1.0
박정연,기악,1,0.5
박정연,재즈/월드뮤직,1,0.5
박정열,연극,6,1.0
박정옥,현대무용,1,1.0
박정용,뮤지컬,1,0.5
박정용,연극,1,0.5
박정우,뮤지컬,8,0.47058823529411764
박정우,성악,1,0.058823529411764705
박정우,연극,7,0.4117647058823529
박정우,현대무용,1,0.058823529411764705
박정운,연극,4,0.8
박정운,인형극,1,0.2
박정원,발레,2,0.2857142857142857
박정원,연극,3,0.42857142857142855
박정원,오페라,2,0.2857142857142857
박정은,기악,4,0.2222222222222222
박정은,성악,1,0.05555555555555555
박정은,연극,1,0.05555555555555555
박정은,오페라,3,0.16666666666666666
박정은,한국무용,5,0.2777777777777778
박정은,현대무용,4,0.2222222222222222
박정의,악극,1,0.047619047619047616
박정의,연극,20,0.9523809523809523
박정인,대중가요,1,0.05555555555555555
박정인,뮤지컬,15,0.8333333333333334
박정인,연극,2,0.1111111111111111
박정주,연극,2,1.0
박정준,연극,1,1.0
박정철,연희,1,1.0
박정하,연극,1,1.0
박정향,연극,1,1.0
박정혁,연극,1,1.0
박정현,뮤지컬,2,0.2857142857142857
박정현,연극,5,0.7142857142857143
박정혜,기악,1,0.25
박정혜,마당극,2,0.5
박정혜,성악,1,0.25
박정호,연극,8,1.0
박정환,성악,2,0.18181818181818182
박정환,연극,6,0.5454545454545454
박정환,오페라,3,0.2727272727272727
박정훈,한국무용,1,1.0
박정희,연극,13,1.0
박제영,연극,1,1.0
박제윤,뮤지컬,6,1.0
박종국,서커스/마술,1,1.0
박종대,기악,1,1.0
박종령,연극,1,1.0
박종문,뮤지컬,1,0.14285714285714285
박종문,연극,6,0.8571428571428571
박종민,연극,1,1.0
박종보,연극,3,1.0
박종상,연극,4,1.0
박종선,연극,5,1.0
박종세,기악,3,1.0
박종수,현대무용,2,1.0
박종숙,성악,1,1.0
박종엽,기악,1,1.0
박종우,뮤지컬,3,0.6
박종우,연극,2,0.4
박종욱,마당극,1,0.14285714285714285
박종욱,연극,1,0.14285714285714285
박종욱,연희,4,0.5714285714285714
박종욱,혼합,1,0.14285714285714285
박종원,성악,14,0.7777777777777778
박종원,연극,2,0.1111111111111111
박종원,현대무용,2,0.1111111111111111
박종일,성악,1,0.5
박종일,연극,1,0.5
박종준,오페라,3,1.0
박종찬,뮤지컬,2,1.0
박종철,연극,1,1.0
박종필,연희,1,0.25
박종필,한국무용,3,0.75
박종해,성악,1,1.0
박종현,현대무용,3,1.0
박종호,연극,1,1.0
박종화,연극,1,0.5
박종화,오페라,1,0.5
박종훈,스트리트/스포츠댄스,1,0.08333333333333333
박종훈,연극,4,0.3333333333333333
박종훈,오페라,7,0.5833333333333334
박종흠,스트리트/스포츠댄스,1,1.0
박주경,기악,1,1.0
박주리,연극,2,1.0
박주연,기악,1,0.5
박주연,성악,1,0.5
박주영,기악,1,0.058823529411764705
박주영,뮤지컬,1,0.058823529411764705
박주영,성악,2,0.11764705882352941
박주영,연극,12,0.7058823529411765
박주영,한국무용,1,0.058823529411764705
박주용,뮤지컬,1,0.3333333333333333
박주용,연극,2,0.6666666666666666
박주원,연극,3,0.75
박주원,현대무용,1,0.25
박주은,뮤지컬,1,1.0
박주한,연극,1,1.0
박주헌,서커스/마술,1,1.0
박주현,서커스/마술,7,0.6363636363636364
박주현,성악,1,0.09090909090909091
박주현,연극,1,0.09090909090909091
박주현,오페라,1,0.09090909090909091
박주현,한국무용,1,0.09090909090909091
박주형,뮤지컬,11,0.7857142857142857
박주형,연극,3,0.21428571428571427
박주혜,연극,2,1.0
박주희,성악,2,0.25
박주희,악극,2,0.25
박주희,연극,4,0.5
박준,기타,1,0.25
박준,연극,3,0.75
박준규,연극,13,1.0
박준만,기악,1,1.0
박준미,연극,2,1.0
박준범,뮤지컬,1,0.09090909090909091
박준범,연극,9,0.8181818181818182
박준범,혼합,1,0.09090909090909091
박준상,연극,1,1.0
박준서,연극,2,1.0
박준석,연극,1,1.0
박준선,기악,4,1.0
박준성,기악,2,0.6666666666666666
박준성,연극,1,0.3333333333333333
박준수,연극,2,1.0
박준식,연희,1,0.16666666666666666
박준식,한국무용,5,0.8333333333333334
박준영,기악,3,0.17647058823529413
박준영,뮤지컬,5,0.29411764705882354
박준영,성악,1,0.058823529411764705
박준영,악극,1,0.058823529411764705
박준영,연극,6,0.35294117647058826
박준영,현대무용,1,0.058823529411764705
박준오,연희,1,1.0
박준용,뮤지컬,5,0.7142857142857143
박준용,연극,1,0.14285714285714285
박준용,오페라,1,0.14285714285714285
박준우,연극,2,1.0
박준원,연극,2,1.0
박준철,뮤지컬,87,1.0
박준평,뮤지컬,1,1.0
박준하,뮤지컬,1,0.5
박준하,연극,1,0.5
박준한,기악,1,0.125
박준한,성악,1,0.125
박준한,연극,6,0.75
박준혁,뮤지컬,1,0.16666666666666666
박준혁,연극,5,0.8333333333333334
박준현,연극,1,1.0
박준형,기악,1,0.3333333333333333
박준형,연극,2,0.6666666666666666
박준환,뮤지컬,1,0.5
박준환,성악,1,0.5
박준희,연극,1,0.3333333333333333
박준희,현대무용,2,0.6666666666666666
박중현,뮤지컬,1,0.5
박중현,현대무용,1,0.5
박지리,뮤지컬,2,1.0
박지만,기악,1,0.16666666666666666
박지만,뮤지컬,3,0.5
박지만,연극,2,0.3333333333333333
박지명,연극,1,1.0
박지민,연극,2,1.0
박지선,악극,1,0.0625
박지선,연극,8,0.5
박지선,한국무용,1,0.0625
박지선,현대무용,3,0.1875
박지선,혼합,3,0.1875
박지수,기악,2,0.09523809523809523
박지수,성악,1,0.047619047619047616
박지수,연극,17,0.8095238095238095
박지수,현대무용,1,0.047619047619047616
박지연,대중가요,1,0.06666666666666667
박지연,뮤지컬,3,0.2
박지연,연극,11,0.7333333333333333
박지영,기악,1,0.09090909090909091
박지영,뮤지컬,3,0.2727272727272727
박지영,연극,7,0.6363636363636364
박지예,연극,1,1.0
박지용,연극,1,1.0
박지우,연극,2,1.0
박지운,기악,1,0.07692307692307693
박지운,성악,4,0.3076923076923077
박지운,오페라,8,0.6153846153846154
박지원,연극,4,1.0
박지윤,기악,2,0.2857142857142857
박지윤,뮤지컬,1,0.14285714285714285
박지윤,성악,1,0.14285714285714285
박지윤,연극,1,0.14285714285714285
박지윤,오페라,2,0.2857142857142857
박지은,성악,1,0.2
박지은,연극,3,0.6
박지은,재즈/월드뮤직,1,0.2
박지인,연극,3,1.0
박지헌,마당극,6,1.0
박지현,기악,2,0.25
박지현,연극,3,0.375
박지현,오페라,1,0.125
박지현,현대무용,1,0.125
박지현,혼합,1,0.125
박지형,기악,1,0.5
박지형,성악,1,0.5
박지혜,기악,1,0.018867924528301886
박지혜,기타,1,0.018867924528301886
박지혜,뮤지컬,9,0.16981132075471697
박지혜,성악,23,0.4339622641509434
박지혜,연극,15,0.2830188679245283
박지혜,한국무용,3,0.05660377358490566
박지혜,혼합,1,0.018867924528301886
박지호,뮤지컬,8,0.5333333333333333
박지호,연극,7,0.4666666666666667
박지훈,기악,1,0.16666666666666666
박지훈,뮤지컬,1,0.16666666666666666
박지훈,성악,3,0.5
박지훈,현대무용,1,0.16666666666666666
박지희,연극,2,0.5
박지희,한국무용,2,0.5
박진,뮤지컬,1,0.2
박진,연극,4,0.8
박진경,오페라,1,1.0
박진규,뮤지컬,7,0.5833333333333334
박진규,연극,5,0.4166666666666667
박진서,발레,6,0.8571428571428571
박진서,오페라,1,0.14285714285714285
박진선,연극,3,1.0
박진성,연극,3,1.0
박진솔,연극,1,1.0
박진수,대중가요,2,0.3333333333333333
박진수,뮤지컬,1,0.16666666666666666
박진수,연극,2,0.3333333333333333
박진수,현대무용,1,0.16666666666666666
박진승,기악,1,1.0
박진실,연극,1,1.0
박진아,연극,5,0.7142857142857143
박진아,오페라,2,0.2857142857142857
박진영,기악,1,1.0
박진완,뮤지컬,1,1.0
박진용,기악,1,0.2
박진용,재즈/월드뮤직,4,0.8
박진우,연극,7,1.0
박진원,대중가요,2,0.6666666666666666
박진원,뮤지컬,1,0.3333333333333333
박진익,뮤지컬,1,1.0
박진철,오페라,1,1.0
박진태,연극,2,1.0
박진하,연극,2,1.0
박진현,한국무용,1,1.0
박진형,기악,1,0.25
박진형,한국무용,3,0.75
박진호,기악,1,0.3333333333333333
박진호,연극,2,0.6666666666666666
박진홍,연희,2,1.0
박진휘,재즈/월드뮤직,1,1.0
박진희,뮤지컬,5,0.3333333333333333
박진희,연극,6,0.4
박진희,오페라,4,0.26666666666666666
박차리,연극,1,1.0
박차준,연극,1,1.0
박찬,연극,2,1.0
박찬규,연극,8,1.0
박찬대,성악,1,1.0
박찬미,기악,1,0.5
박찬미,연극,1,0.5
박찬민,뮤지컬,5,0.5555555555555556
박찬민,연극,4,0.4444444444444444
박찬수,연극,1,1.0
박찬우,연극,5,1.0
박찬욱,기악,1,1.0
박찬웅,기악,1,0.3333333333333333
박찬웅,성악,2,0.6666666666666666
박찬일,연극,1,1.0
박찬조,연극,4,1.0
박찬현,연극,1,1.0
박찬호,스트리트/스포츠댄스,1,0.09090909090909091
박찬호,연극,10,0.9090909090909091
박찬희,기악,1,0.5
박찬희,성악,1,0.5
박창민,연극,1,0.2
박창민,오페라,4,0.8
박창수,기악,1,0.3333333333333333
박창수,마당극,1,0.3333333333333333
박창수,혼합,1,0.3333333333333333
박창욱,연극,1,1.0
박창준,성악,1,1.0
박창학,뮤지컬,1,1.0
박창호,인형극,1,1.0
박창화,연극,4,1.0
박채림,연극,1,1.0
박채성,연극,1,1.0
박채연,연극,2,1.0
박채영,뮤지컬,1,1.0
박채원,혼합,1,1.0
박채희,뮤지컬,1,0.25
박채희,연극,3,0.75
박천강,연극,1,1.0
박천지,성악,1,1.0
박천휘,뮤지컬,7,1.0
박천휴,뮤지컬,3,0.75
박천휴,연극,1,0.25
박철규,연극,1,1.0
박철민,연극,1,1.0
박철순,현대무용,1,1.0
박철연,연극,1,1.0
박철영,연극,3,0.6
박철영,한국무용,2,0.4
박철중,뮤지컬,6,0.8571428571428571
박철중,연극,1,0.14285714285714285
박철현,연극,3,1.0
박철호,연극,1,1.0
박철홍,연극,1,1.0
박초아,현대무용,1,1.0
박초현,연극,1,1.0
박초희,연극,1,1.0
박춘근,연극,3,0.5
박춘근,오페라,3,0.5
박치열,뮤지컬,2,0.5
박치열,연극,2,0.5
박치용,성악,2,1.0
박칼린,기악,2,0.3333333333333333
박칼린,뮤지컬,1,0.16666666666666666
박칼린,성악,1,0.16666666666666666
박칼린,창극,1,0.16666666666666666
박칼린,혼합,1,0.16666666666666666
박탄,기악,3,1.0
박태련,마당극,1,1.0
박태수,연극,1,1.0
박태신,연극,2,1.0
박태양,연극,7,1.0
박태영,기악,2,0.3333333333333333
박태영,발레,3,0.5
박태영,성악,1,0.16666666666666666
박태종,성악,1,1.0
박태준,뮤지컬,1,0.16666666666666666
박태준,발레,1,0.16666666666666666
박태준,연극,2,0.3333333333333333
박태준,현대무용,2,0.3333333333333333
박태환,연극,2,0.25
박태환,오페라,5,0.625
박태환,한국무용,1,0.125
박태훈,연극,1,1.0
박태희,발레,10,1.0
박평준,기악,1,0.3333333333333333
박평준,오페라,2,0.6666666666666666
박표영,연극,1,1.0
박하나,연극,1,1.0
박하늘,연극,4,1.0
박하선,연극,1,1.0
박하실,기악,1,1.0
박하얀,성악,1,1.0
박하영,넌버벌 퍼포먼스,1,0.3333333333333333
박하영,연극,2,0.6666666666666666
박하은,기악,1,1.0
박학기,대중가요,1,1.0
박한결,혼합,1,1.0
박한규,기악,3,1.0
박한나,연극,1,1.0
박한별,연극,18,1.0
박한서,연극,2,1.0
박한수,연극,1,1.0
박한열,뮤지컬,4,0.5714285714285714
박한열,악극,3,0.42857142857142855
박한영,뮤지컬,3,0.75
박한영,악극,1,0.25
박한울,연극,1,1.0
박한이,성악,1,1.0
박한철,연극,1,1.0
박해란,연극,2,1.0
박해림,뮤지컬,22,1.0
박해미,뮤지컬,2,1.0
박해빈,인형극,1,1.0
박해성,연극,11,1.0
박해원,뮤지컬,2,0.2222222222222222
박해원,오페라,7,0.7777777777777778
박해정,뮤지컬,1,0.25
박해정,한국무용,3,0.75
박해준,연극,1,1.0
박헌규,기악,1,0.5
박헌규,넌버벌 퍼포먼스,1,0.5
박헌주,발레,1,1.0
박헤진,기악,1,1.0
박혁준,연극,3,1.0
박현,연극,1,1.0
박현경,발레,2,1.0
박현규,연극,1,1.0
박현도,연극,1,1.0
박현민,뮤지컬,1,0.3333333333333333
박현민,연극,2,0.6666666666666666
박현배,연극,1,1.0
박현상,기악,1,1.0
박현서,연극,1,1.0
박현석,뮤지컬,1,0.5
박현석,인형극,1,0.5
박현소리,연극,1,1.0
박현수,연극,4,1.0
박현숙,기악,2,0.11764705882352941
박현숙,뮤지컬,11,0.6470588235294118
박현숙,성악,2,0.11764705882352941
박현숙,연극,1,0.058823529411764705
박현숙,혼합,1,0.058823529411764705
박현순,연극,2,1.0
박현신,연극,1,1.0
박현아,현대무용,1,1.0
박현욱,연극,12,1.0
박현웅,연극,1,1.0
박현정,기악,3,0.14285714285714285
박현정,대중가요,5,0.23809523809523808
박현정,뮤지컬,1,0.047619047619047616
박현정,연극,7,0.3333333333333333
박현정,오페라,2,0.09523809523809523
박현정,재즈/월드뮤직,1,0.047619047619047616
박현정,혼합,2,0.09523809523809523
박현주,오페라,3,1.0
박현준,오페라,1,1.0
박현중,뮤지컬,74,1.0
박현지,연극,11,0.9166666666666666
박현지,한국무용,1,0.08333333333333333
박현철,뮤지컬,4,0.8
박현철,연극,1,0.2
박현춘,연극,1,1.0
박현향,뮤지컬,1,1.0
박현형,연극,7,1.0
박현희,기악,1,1.0
박형근,연극,1,1.0
박형섭,연극,2,1.0
박형순,연극,1,1.0
박형식,오페라,4,1.0
박형욱,연극,3,1.0
박형주,연극,1,1.0
박형준,기악,1,0.16666666666666666
박형준,뮤지컬,2,0.3333333333333333
박형준,연극,1,0.16666666666666666
박형준,인형극,2,0.3333333333333333
박형철,뮤지컬,4,1.0
박혜경,오페라,8,0.8888888888888888
박혜경,인형극,1,0.1111111111111111
박혜란,연극,1,1.0
박혜리나,기악,1,1.0
박혜림,기악,2,0.25
박혜림,마임,1,0.125
박혜림,연극,5,0.625
박혜미,혼합,1,1.0
박혜민,넌버벌 퍼포먼스,2,1.0
박혜산,기악,2,0.6666666666666666
박혜산,오페라,1,0.3333333333333333
박혜선,뮤지컬,1,0.05263157894736842
박혜선,연극,18,0.9473684210526315
박혜성,뮤지컬,1,1.0
박혜썬,연극,1,1.0
박혜연,오페라,1,1.0
박혜영,기악,2,0.5
박혜영,성악,2,0.5
박혜원,기악,1,0.5
박혜원,인형극,1,0.5
박혜정,기악,2,0.6666666666666666
박혜정,혼합,1,0.3333333333333333
박혜주,기타,1,0.07692307692307693
박혜주,대중가요,12,0.9230769230769231
박혜준,연극,1,1.0
박혜진,기악,5,0.3125
박혜진,성악,4,0.25
박혜진,오페라,7,0.4375
박혜현,기악,2,1.0
박호민,연극,1,1.0
박호빈,마임,1,0.07692307692307693
박호빈,뮤지컬,1,0.07692307692307693
박호빈,발레,1,0.07692307692307693
박호빈,연극,8,0.6153846153846154
박호빈,창극,1,0.07692307692307693
박호빈,현대무용,1,0.07692307692307693
박호성,기악,3,0.75
박호성,성악,1,0.25
박호일,연극,1,1.0
박호진,뮤지컬,1,1.0
박호천,연극,1,1.0
박홍석,연극,3,1.0
박홍주,연극,1,1.0
박홍진,연극,1,1.0
박화란,연극,1,1.0
박화수,오페라,2,1.0
박화정,기악,1,1.0
박화진,연극,1,1.0
박환호,연극,1,1.0
박환희,오페라,1,1.0
박회윤,연극,1,1.0
박효진,연극,4,0.8
박효진,현대무용,1,0.2
박훈영,뮤지컬,1,0.5
박훈영,연극,1,0.5
박휘남,연극,1,1.0
박휘아,성악,1,1.0
박희경,연극,1,1.0
박희도,연극,1,1.0
박희민,연극,8,1.0
박희승,현대무용,1,1.0
박희연,연극,2,1.0
박희원,기악,1,1.0
박희준,연극,1,1.0
박희진,연극,2,0.6666666666666666
박희진,현대무용,1,0.3333333333333333
박희찬,연극,1,1.0
박희태,한국무용,1,1.0
반능기,연극,1,1.0
반무섭,뮤지컬,2,0.16666666666666666
반무섭,연극,10,0.8333333333333334
반민순,현대무용,1,1.0
반민정,연극,1,1.0
반석진,연극,1,1.0
반숙진,한국무용,1,1.0
반영진,연극,1,1.0
반올림,뮤지컬,2,1.0
반지헌,마당극,1,1.0
반진수,연극,1,1.0
반칠우,연극,1,1.0
반필우,뮤지컬,2,0.5
반필우,연극,2,0.5
발레리아 포티,현대무용,1,1.0
발레리오 갈리,오페라,1,1.0
밝넝쿨,현대무용,6,1.0
방경미,악극,1,1.0
방도용,발레,3,0.75
방도용,연극,1,0.25
방무현,연극,2,1.0
방미경,연극,1,1.0
방백비,연극,1,1.0
방부영,성악,1,1.0
방산,연극,1,1.0
방석준,기악,1,1.0
방선혜,연극,1,1.0
방성택,기악,3,0.5
방성택,성악,2,0.3333333333333333
방성택,오페라,1,0.16666666666666666
방성혁,악극,1,0.1111111111111111
방성혁,연극,1,0.1111111111111111
방성혁,연희,5,0.5555555555555556
방성혁,인형극,1,0.1111111111111111
방성혁,혼합,1,0.1111111111111111
방성호,기악,1,0.5
방성호,오페라,1,0.5
방수미,성악,1,0.5
방수미,창극,1,0.5
방수연,연극,3,1.0
방수인,뮤지컬,1,1.0
방승주,기악,1,0.3333333333333333
방승주,악극,1,0.3333333333333333
방승주,연극,1,0.3333333333333333
방승호,기타,1,1.0
방승환,연극,2,0.6666666666666666
방승환,혼합,1,0.3333333333333333
방영미,연극,1,1.0
방예진,연극,2,1.0
방용원,연극,1,1.0
방윤경,혼합,1,1.0
방윤선,연극,1,1.0
방은승,성악,3,0.3333333333333333
방은승,오페라,6,0.6666666666666666
방은영,뮤지컬,1,1.0
방은혜,뮤지컬,1,1.0
방재원,기악,1,1.0
방재호,연극,1,1.0
방정욱,오페라,5,1.0
방정은,연극,1,1.0
방정환,인형극,2,1.0
방제관,연극,4,1.0
방제석,기악,1,1.0
방지영,뮤지컬,1,1.0
방지원,기악,1,1.0
방지혜,연극,1,1.0
방초록,연극,1,1.0
방태수,연극,6,1.0
방한석,연극,1,1.0
방헤영,연극,1,1.0
방현주,뮤지컬,1,1.0
방현혜,뮤지컬,2,1.0
방혜림,기악,1,1.0
방혜연,연극,1,1.0
방혜영,연극,7,1.0
방혜정,뮤지컬,5,1.0
방효정,기악,1,1.0
방희정,뮤지컬,1,1.0
배가현,뮤지컬,1,0.5
배가현,연극,1,0.5
배강원,한국무용,3,0.75
배강원,현대무용,1,0.25
배건호,연극,1,1.0
배경석,뮤지컬,1,1.0
배경술,현대무용,3,1.0
배경호,뮤지컬,3,1.0
배규린,성악,1,1.0
배규상,연극,1,1.0
배규진,연극,3,1.0
배근록,연극,1,1.0
배근영,뮤지컬,1,0.045454545454545456
배근영,연극,6,0.2727272727272727
배근영,인형극,15,0.6818181818181818
배기필,성악,1,1.0
배나경,발레,1,1.0
배대두,악극,1,0.045454545454545456
배대두,연극,15,0.6818181818181818
배대두,현대무용,6,0.2727272727272727
배동영,뮤지컬,2,1.0
배동진,기악,5,1.0
배명인,연극,1,1.0
배명한,연극,1,1.0
배문섭,연극,1,1.0
배문수,연극,1,1.0
배미령,연극,3,1.0
배미진,연극,7,1.0
배미향,연극,1,1.0
배민서,뮤지컬,1,0.5
배민서,연극,1,0.5
배민수,성악,1,1.0
배민주,연극,1,1.0
배민지,한국무용,1,1.0
배민후,기악,1,1.0
배민희,연극,1,1.0
배병민,혼합,1,1.0
배병휘,연극,1,1.0
배삼식,기악,1,0.047619047619047616
배삼식,마당극,1,0.047619047619047616
배삼식,뮤지컬,5,0.23809523809523808
배삼식,연극,6,0.2857142857142857
배삼식,창극,3,0.14285714285714285
배삼식,혼합,5,0.23809523809523808
배상범,뮤지컬,2,1.0
배상희,연희,3,1.0
배새암,뮤지컬,2,0.15384615384615385
배새암,악극,1,0.07692307692307693
배새암,연극,9,0.6923076923076923
배새암,혼합,1,0.07692307692307693
배새임,연극,1,1.0
배서영,뮤지컬,1,0.5
배서영,연극,1,0.5
배석준,뮤지컬,2,0.6666666666666666
배석준,연극,1,0.3333333333333333
배선애,연극,9,1.0
배선희,연극,2,1.0
배성식,발레,1,1.0
배성원,성악,1,1.0
배세연,연극,1,0.5
배세연,현대무용,1,0.5
배세영,연극,1,1.0
배세현,연극,1,1.0
배소현,연극,3,0.6
배소현,한국무용,1,0.2
배소현,현대무용,1,0.2
배수빈,뮤지컬,2,0.6666666666666666
배수빈,연극,1,0.3333333333333333
배수연,기악,1,0.5
배수연,뮤지컬,1,0.5
배수진,연극,1,0.5
배수진,오페라,1,0.5
배수현,한국무용,1,1.0
배수화,뮤지컬,1,1.0
배승준,연극,1,1.0
배승혜,기악,2,0.6666666666666666
배승혜,연극,1,0.3333333333333333
배시하,연극,1,1.0
배시현,뮤지컬,1,0.5
배시현,연극,1,0.5
배신도,연극,1,1.0
배영수,스트리트/스포츠댄스,1,1.0
배영은,뮤지컬,1,0.3333333333333333
배영은,연극,1,0.3333333333333333
배영은,혼합,1,0.3333333333333333
배요섭,성악,1,0.16666666666666666
배요섭,연극,2,0.3333333333333333
배요섭,연희,1,0.16666666666666666
배요섭,창극,2,0.3333333333333333
배용진,뮤지컬,1,1.0
배우진,연극,1,1.0
배원빈,뮤지컬,1,1.0
배원혁,연극,3,1.0
배유리,연극,3,0.75
배유리,현대무용,1,0.25
배유빈,연극,1,1.0
배유진,연극,1,1.0
배윤경,연극,3,1.0
배윤민정,연극,1,1.0
배윤진,뮤지컬,1,0.5
배윤진,연극,1,0.5
배윤희,연극,3,1.0
배은수,연극,1,0.5
배은수,인형극,1,0.5
배은욱,뮤지컬,2,0.6666666666666666
배은욱,연극,1,0.3333333333333333
배은주,뮤지컬,1,1.0
배은채,연극,2,1.0
배인경,연극,1,1.0
배인혁,뮤지컬,1,1.0
배인환,연극,2,1.0
배일환,연극,1,1.0
배재영,기악,6,1.0
배정민,뮤지컬,2,1.0
배정빈,연극,2,1.0
배정현,기악,2,1.0
배정혜,한국무용,4,1.0
배종근,혼합,1,1.0
배종선,기악,11,1.0
배종순,성악,1,1.0
배종우,연극,1,1.0
배종훈,기악,11,1.0
배주희,연극,2,1.0
배준,성악,1,1.0
배준용,발레,1,1.0
배지연,뮤지컬,1,1.0
배지은,뮤지컬,1,0.2
배지은,연극,4,0.8
배지현,연극,1,1.0
배진섭,연극,1,1.0
배진아,현대무용,1,1.0
배진영,뮤지컬,1,1.0
배진의,기악,2,1.0
배진호,한국무용,1,0.2
배진호,현대무용,4,0.8
배진화,연극,1,1.0
배창훈,기악,1,0.3333333333333333
배창훈,연극,2,0.6666666666666666
배철성,한국무용,1,1.0
배태미,연극,1,1.0
배태민,연극,1,1.0
배하랑,연극,1,1.0
배해률,뮤지컬,2,0.2857142857142857
배해률,연극,5,0.7142857142857143
배해일,뮤지컬,1,1.0
배현선,연극,1,1.0
배현아,연극,1,1.0
배현주,뮤지컬,2,1.0
배현지,성악,1,1.0
배형호,연극,1,1.0
배혜령,뮤지컬,1,1.0
배혜림,연극,1,1.0
배혜미,뮤지컬,4,1.0
배혜수,연극,1,1.0
배혜옥,연극,1,1.0
배혜진,뮤지컬,1,0.16666666666666666
배혜진,연극,2,0.3333333333333333
배혜진,현대무용,3,0.5
배효섭,연극,1,0.3333333333333333
배효섭,현대무용,2,0.6666666666666666
배희주,연극,1,1.0
백건,연극,1,1.0
백건우,뮤지컬,1,1.0
백경우,한국무용,1,1.0
백경희,연극,2,1.0
백광현,연극,9,1.0
백규진,연극,4,1.0
백금록,인형극,1,1.0
백기렬,연극,1,1.0
백남영,연극,6,1.0
백대승,연극,1,1.0
백대웅,기악,2,0.6666666666666666
백대웅,성악,1,0.3333333333333333
백도현,연극,1,1.0
백동선,연극,1,1.0
백동현,뮤지컬,1,0.5
백동현,성악,1,0.5
백두산,연극,1,1.0
백미미,연극,7,1.0
백미은,뮤지컬,1,1.0
백미정,기악,1,0.5
백미정,대중가요,1,0.5
백미진,한국무용,1,1.0
백민,마당극,1,1.0
백민관,연극,1,1.0
백민규,연극,1,1.0
백민석,뮤지컬,3,1.0
백민수,연극,5,0.7142857142857143
백민수,인형극,1,0.14285714285714285
백민수,혼합,1,0.14285714285714285
백민우,연극,1,1.0
백민제,연극,2,1.0
백민준,연극,1,0.5
백민준,재즈/월드뮤직,1,0.5
백민지,연극,2,1.0
백병동,기악,3,1.0
백서현,연극,2,1.0
백석현,연극,3,1.0
백선,연극,1,1.0
백성록,악극,1,1.0
백성욱,연극,1,1.0
백성호,연극,3,1.0
백소망,성악,1,1.0
백소연,연극,1,1.0
백소영,성악,1,1.0
백소정,연극,1,1.0
백송희,마당극,2,0.4
백송희,연극,1,0.2
백송희,연희,2,0.4
백수현,기악,4,1.0
백순원,연극,5,1.0
백순재,성악,1,0.25
백순재,오페라,3,0.75
백승동,기악,1,0.08333333333333333
백승동,발레,5,0.4166666666666667
백승동,연극,1,0.08333333333333333
백승동,오페라,1,0.08333333333333333
백승동,한국무용,1,0.08333333333333333
백승동,현대무용,2,0.16666666666666666
백승동,혼합,1,0.08333333333333333
백승렬,대중가요,2,1.0
백승록,기악,3,0.75
백승록,성악,1,0.25
백승문,연극,2,1.0
백승빈,연극,3,1.0
백승연,발레,3,0.75
백승연,성악,1,0.25
백승우,기악,2,0.2857142857142857
백승우,뮤지컬,5,0.7142857142857143
백승재,연극,1,1.0
백승진,연극,2,1.0
백승태,뮤지컬,1,0.3333333333333333
백승태,연극,2,0.6666666666666666
백승택,연극,1,1.0
백승현,기악,3,0.75
백승현,성악,1,0.25
백승호,성악,1,0.5
백승호,연극,1,0.5
백승화,뮤지컬,1,0.5
백승화,악극,1,0.5
백승환,뮤지컬,13,0.9285714285714286
백승환,연극,1,0.07142857142857142
백승훈,연극,2,1.0
백시은,연극,1,1.0
백시현,발레,1,0.5
백시현,연극,1,0.5
백연,발레,2,1.0
백연수,연극,1,1.0
백영린,연극,2,1.0
백영은,기악,5,0.7142857142857143
백영은,성악,1,0.14285714285714285
백영은,악극,1,0.14285714285714285
백영태,발레,4,1.0
백예준,뮤지컬,1,1.0
백오현,성악,1,1.0
백온유,연극,1,1.0
백용민,연극,3,1.0
백우주,성악,2,0.25
백우주,오페라,6,0.75
백운봉,연극,1,1.0
백운선,마당극,1,0.25
백운선,연극,3,0.75
백운철,연극,4,1.0
백원길,넌버벌 퍼포먼스,1,1.0
백유경,연극,1,1.0
백유미,기악,2,1.0
백유연,뮤지컬,3,1.0
백유진,연극,5,1.0
백윤학,기악,4,1.0
백은숙,기악,4,1.0
백은아,연극,4,1.0
백은정,뮤지컬,1,1.0
백은희,한국무용,1,1.0
백이준,연극,1,1.0
백자영,기악,2,1.0
백장미,연극,1,1.0
백재욱,연극,3,1.0
백재이,연극,3,1.0
백정현,기악,1,0.3333333333333333
백정현,연극,1,0.3333333333333333
백정현,오페라,1,0.3333333333333333
백종관,연극,1,0.3333333333333333
백종관,현대무용,2,0.6666666666666666
백종민,성악,1,0.5
백종민,연극,1,0.5
백종승,연극,1,1.0
백종오,연극,3,1.0
백종훈,뮤지컬,1,0.5
백종훈,연극,1,0.5
백주홍,연극,1,1.0
백주환,연극,1,1.0
백준호,기악,1,1.0
백중현,뮤지컬,1,0.5
백중현,현대무용,1,0.5
백중훈,연극,1,1.0
백지연,연극,2,1.0
백지영,연극,2,1.0
백지웅,연극,1,1.0
백지원,연극,2,1.0
백지은,연극,2,1.0
백지혜,연극,2,1.0
백진기,연극,1,1.0
백진우,연극,1,1.0
백진주,현대무용,3,1.0
백진현,기악,6,0.6666666666666666
백진현,성악,1,0.1111111111111111
백진현,오페라,2,0.2222222222222222
백진희,한국무용,1,1.0
백창엽,연극,1,1.0
백창하,뮤지컬,1,0.5
백창하,성악,1,0.5
백채영,연극,1,1.0
백채이,연극,1,1.0
백철,연극,1,1.0
백철호,뮤지컬,1,0.1
백철호,연극,9,0.9
백청심,기악,3,1.0
백하경,뮤지컬,2,1.0
백하룡,뮤지컬,1,0.3333333333333333
백하룡,연극,2,0.6666666666666666
백하슬기,뮤지컬,1,0.25
백하슬기,성악,1,0.25
백하슬기,악극,1,0.25
백하슬기,연극,1,0.25
백하은,뮤지컬,1,1.0
백하형기,서커스/마술,1,0.25
백하형기,연극,3,0.75
백한울,연극,6,1.0
백향민,기악,10,1.0
백현순,한국무용,1,1.0
백현아,현대무용,1,1.0
백현정,연극,1,1.0
백현주,뮤지컬,1,0.14285714285714285
백현주,성악,1,0.14285714285714285
백현주,연극,1,0.14285714285714285
백현주,오페라,4,0.5714285714285714
백현진,현대무용,1,1.0
백현철,기악,1,1.0
백현태,대중가요,1,1.0
백형구,뮤지컬,5,1.0
백형기,뮤지컬,1,1.0
백형민,기악,1,0.5
백형민,한국무용,1,0.5
백혜리,연극,1,1.0
백혜린,뮤지컬,2,0.14285714285714285
백혜린,연극,12,0.8571428571428571
백혜빈,뮤지컬,6,1.0
백효진,재즈/월드뮤직,3,1.0
백훈기,뮤지컬,1,0.125
백훈기,성악,1,0.125
백훈기,연극,5,0.625
백훈기,오페라,1,0.125
백희나,뮤지컬,101,1.0
밴자민 쉐어,뮤지컬,1,1.0
뱅상 르메르,오페라,3,1.0
뱅상 부사르,오페라,4,1.0
뱅셍 두베,서커스/마술,1,1.0
버나드 하먼,뮤지컬,1,1.0
번영진,연극,1,1.0
베노잇 유트라스,뮤지컬,1,1.0
베라 주아,오페라,1,1.0
베로니카 블코바,인형극,1,1.0
베르트 달하위센,발레,1,1.0
베리 워즈워드,발레,1,1.0
베일리 홍,연극,1,1.0
벤 키드,연극,1,1.0
벤자민 라우할라,재즈/월드뮤직,1,1.0
벤키드,연극,1,1.0
변광섭,연극,1,1.0
변기택,연희,1,1.0
변동준,뮤지컬,1,0.3333333333333333
변동준,연극,2,0.6666666666666666
변미라,성악,1,1.0
변상아,혼합,2,1.0
변선영,뮤지컬,1,0.3333333333333333
변선영,연극,2,0.6666666666666666
변선호,기악,1,1.0
변성우,기악,1,1.0
변성환,현대무용,1,1.0
변숙희,뮤지컬,3,1.0
변승채,연극,1,1.0
변영진,뮤지컬,2,0.1
변영진,연극,18,0.9
변영후,연극,10,1.0
변예진,연극,2,1.0
변오영,기악,1,1.0
변유정,마임,1,0.125
변유정,뮤지컬,2,0.25
변유정,연극,5,0.625
변윤진,연극,1,1.0
변은서,연극,3,1.0
변재중,뮤지컬,2,1.0
변정민,한국무용,1,1.0
변정욱,연극,1,1.0
변정원,연극,2,1.0
변정주,뮤지컬,1,1.0
변제남,기악,1,1.0
변종수,연극,1,1.0
변종혁,기악,2,1.0
변준섭,연극,1,1.0
변준성,연극,4,1.0
변지민,연극,2,1.0
변지연,한국무용,1,0.5
변지연,혼합,1,0.5
변진영,연극,1,1.0
변현수,연극,1,1.0
변현주,기악,1,0.3333333333333333
변현주,성악,1,0.3333333333333333
변현주,연극,1,0.3333333333333333
변효진,뮤지컬,2,0.5
변효진,연극,2,0.5
변희철,연극,1,1.0
보나 정,연극,1,1.0
보나정,연극,1,1.0
보두앵 드 제르,기악,1,1.0
보람,성악,1,1.0
보슈라 위즈겐,현대무용,1,1.0
보연,한국무용,1,1.0
보이스 아발랸,성악,1,1.0
보티스 세바,스트리트/스포츠댄스,1,1.0
복미경,한국무용,4,1.0
복영한,뮤지컬,8,0.5333333333333333
복영한,성악,1,0.06666666666666667
복영한,연극,6,0.4
복진오,연극,4,1.0
본주,연극,1,1.0
볼프강 네겔레,오페라,1,1.0
볼프강 본 쥬벡,오페라,1,1.0
볼프강 아마데우스 모차르트,오페라,2,1.0
봉다룬,연극,4,1.0
봉준수,악극,1,1.0
봉하륜,기악,1,1.0
봉하일,연극,1,1.0
봉혜정,연극,1,1.0
부다혜,기악,1,1.0
부새롬,연극,14,1.0
부시 무카젤,연극,2,1.0
분더캄머,기악,1,1.0
브라이언 요키,뮤지컬,1,1.0
브래드 글레드힐,연극,1,1.0
브래든 리,뮤지컬,1,1.0
비르거 하이만,뮤지컬,1,1.0
비선형,현대무용,1,1.0
비키 존스,연극,1,1.0
비토리오 보렐리,오페라,1,1.0
빅터 로저,연극,1,1.0
빅토르 그소프스키,발레,1,1.0
빅토르 위고,뮤지컬,1,1.0
빈대욱,뮤지컬,2,1.0
빈프리트 톨,기악,1,0.125
빈프리트 톨,성악,7,0.875
빔 클랩도르프,연극,1,1.0
사공예원,오페라,1,1.0
사다빈,뮤지컬,1,1.0
사라 발칭어,현대무용,1,1.0
사르토리아 알렉산드로,연극,1,1.0
사마네 아마디안,연극,1,1.0
사무엘 윤,기악,1,1.0
사바 카스마에이,연극,1,1.0
사성구,성악,1,0.1
사성구,연희,2,0.2
사성구,창극,5,0.5
사성구,한국무용,1,0.1
사성구,혼합,1,0.1
사이먼 고드원,연극,1,1.0
사이먼 스톤,연극,3,1.0
사이먼 스티븐스,연극,1,1.0
사이몬 바르살라즈,발레,5,1.0
사이몬 필립스,뮤지컬,1,1.0
사이조 미츠토시,연극,1,1.0
사정현,연극,1,1.0
사카구치 리코,뮤지컬,1,1.0
사카모토 히로미치,연극,1,1.0
사카이 사다츠키,넌버벌 퍼포먼스,1,0.5
사카이 사다츠키,마임,1,0.5
사쿠라하라 료,연극,1,1.0
삼재욱,인형극,1,1.0
상자루,뮤지컬,1,1.0
상지윤,연극,2,1.0
새라 스미스,연극,1,1.0
샘 멘데스,연극,1,1.0
샘 예이츠,연극,1,1.0
샤를 페로,뮤지컬,3,1.0
샤밀라 코드르,현대무용,2,1.0
샴술 아자르,연극,1,1.0
서 빈,혼합,1,1.0
서 진,연극,1,1.0
서가영,뮤지컬,1,0.05555555555555555
서가영,성악,1,0.05555555555555555
서가영,연극,14,0.7777777777777778
서가영,현대무용,2,0.1111111111111111
서견정,연극,2,1.0
서경교,대중가요,1,0.3333333333333333
서경교,뮤지컬,1,0.3333333333333333
서경교,연극,1,0.3333333333333333
서경동,연극,5,1.0
서경수,재즈/월드뮤직,1,1.0
서경원,발레,1,0.125
서경원,연극,7,0.875
서경훈,연극,3,1.0
서경희,연극,5,1.0
서공희,연극,1,1.0
서광이일,악극,1,1.0
서광일,악극,1,0.5
서광일,연희,1,0.5
서광재,연극,2,1.0
서규범,기악,1,1.0
서근재,뮤지컬,1,1.0
서기연,연극,1,1.0
서나영,기악,3,0.3333333333333333
서나영,연극,5,0.5555555555555556
서나영,혼합,1,0.1111111111111111
서다영,뮤지컬,4,0.6666666666666666
서다영,연극,2,0.3333333333333333
서다원,연극,4,1.0
서담희,연극,3,1.0
서덕원,재즈/월드뮤직,1,1.0
서동민,기악,1,0.25
서동민,뮤지컬,1,0.25
서동민,연극,2,0.5
서동진,현대무용,4,1.0
서동하,연극,1,1.0
서동훈,뮤지컬,2,0.5
서동훈,연극,2,0.5
서두은,연극,1,1.0
서라벌,발레,1,1.0
서란,연극,2,1.0
서련희,연극,1,1.0
서명지,연극,1,1.0
서명환,연극,1,0.5
서명환,인형극,1,0.5
서명훈,연극,1,1.0
서명희,기악,2,0.6666666666666666
서명희,연희,1,0.3333333333333333
서문채윤,연극,1,1.0
서미숙,발레,3,1.0
서미영,뮤지컬,6,0.8571428571428571
서미영,연극,1,0.14285714285714285
서미정,연극,1,1.0
서미카엘라,연극,1,1.0
서민경,연극,2,1.0
서민수,성악,1,0.5
서민수,연희,1,0.5
서민영,연극,1,1.0
서민우,뮤지컬,1,0.2
서민우,연극,4,0.8
서민재,기악,1,1.0
서민정,연극,1,1.0
서민준,연극,1,1.0
서민지,연극,3,1.0
서민희,뮤지컬,1,0.25
서민희,연극,3,0.75
서범석,뮤지컬,6,1.0
서병구,넌버벌 퍼포먼스,2,0.2857142857142857
서병구,뮤지컬,5,0.7142857142857143
서보라,성악,1,0.5
서보라,오페라,1,0.5
서빈,연극,2,1.0
서삼석,연극,9,1.0
서상권,넌버벌 퍼포먼스,1,0.5
서상권,연극,1,0.5
서상규,연극,1,0.5
서상규,연희,1,0.5
서상석,연극,1,1.0
서상완,뮤지컬,1,0.16666666666666666
서상완,연극,5,0.8333333333333334
서상우,연극,1,1.0
서상재,기악,1,0.125
서상재,발레,1,0.125
서상재,연극,1,0.125
서상재,연희,1,0.125
서상재,한국무용,1,0.125
서상재,현대무용,3,0.375
서상중,연극,1,1.0
서상현,서커스/마술,8,0.6666666666666666
서상현,연극,4,0.3333333333333333
서석빈,현대무용,1,1.0
서선애,뮤지컬,1,1.0
서선옥,오페라,1,1.0
서선희,기악,1,1.0
서설진,성악,1,1.0
서성림,연극,1,1.0
서성원,한국무용,5,1.0
서성종,연극,10,1.0
서성하,연극,1,1.0
서성환,오페라,2,1.0
서수빈,연극,1,1.0
서수아,연극,1,1.0
서수옥,연극,1,1.0
서수지,연극,1,1.0
서수현,연극,3,0.6
서수현,인형극,2,0.4
서숙진,연극,1,1.0
서순정,기악,9,0.75
서순정,성악,1,0.08333333333333333
서순정,혼합,2,0.16666666666666666
서슬기,악극,1,0.5
서슬기,연극,1,0.5
서승권,뮤지컬,1,0.5
서승권,성악,1,0.5
서승리,뮤지컬,5,1.0
서승연,뮤지컬,1,0.1111111111111111
서승연,연극,8,0.8888888888888888
서승진,현대무용,2,1.0
서승현,뮤지컬,3,0.75
서승현,혼합,1,0.25
서신우,연극,5,1.0
서어진,성악,1,1.0
서에본,연극,1,1.0
서여정,기악,1,1.0
서연성,연극,1,1.0
서연수,한국무용,2,0.4
서연수,현대무용,3,0.6
서연정,연극,1,1.0
서연주,기악,1,1.0
서연호,창극,1,1.0
서영길,서커스/마술,1,1.0
서영님,한국무용,1,1.0
서영란,현대무용,1,1.0
서영례,기악,1,1.0
서영미,성악,1,1.0
서영석,연극,1,1.0
서영오,연극,1,1.0
서영완,기악,1,0.09090909090909091
서영완,연극,5,0.45454545454545453
서영완,현대무용,5,0.45454545454545453
서영자,뮤지컬,1,1.0
서영제,연극,1,1.0
서영주,기악,1,0.5
서영주,현대무용,1,0.5
서영진,현대무용,1,1.0
서영채,뮤지컬,18,0.9
서영채,연극,2,0.1
서영호,혼합,2,1.0
서예나,뮤지컬,1,1.0
서예본,연극,1,1.0
서예준,연극,1,1.0
서요성,연극,1,1.0
서용주,기악,3,1.0
서용호,연극,1,1.0
서운,연극,1,1.0
서원진,연극,6,1.0
서유경,연극,1,1.0
서유나,연극,2,1.0
서유라,기악,2,1.0
서유리,연극,2,1.0
서유미,연극,1,1.0
서유빈,연극,1,1.0
서유석,뮤지컬,4,0.36363636363636365
서유석,성악,1,0.09090909090909091
서유석,악극,2,0.18181818181818182
서유석,연극,1,0.09090909090909091
서유석,연희,1,0.09090909090909091
서유석,창극,1,0.09090909090909091
서유석,혼합,1,0.09090909090909091
서유선,연극,1,1.0
서유진,기악,1,0.3333333333333333
서유진,연극,2,0.6666666666666666
서윤미,뮤지컬,7,0.875
서윤미,연극,1,0.125
서윤석,뮤지컬,1,0.3333333333333333
서윤석,악극,1,0.3333333333333333
서윤석,연극,1,0.3333333333333333
서윤수,현대무용,1,1.0
서윤우,뮤지컬,5,1.0
서윤하,연극,1,1.0
서윤환,연극,1,1.0
서은덕,연극,2,1.0
서은영,뮤지컬,16,0.8421052631578947
서은영,연극,1,0.05263157894736842
서은영,오페라,2,0.10526315789473684
서은정,기악,2,0.6666666666666666
서은정,연극,1,0.3333333333333333
서은주,연극,1,1.0
서은지,연극,4,1.0
서의석,연극,1,1.0
서의철,성악,1,0.25
서의철,악극,1,0.25
서의철,연희,1,0.25
서의철,창극,1,0.25
서이드,연극,1,1.0
서이아,연극,1,1.0
서이안,현대무용,1,1.0
서이진,현대무용,1,1.0
서인애,성악,1,0.2
서인애,오페라,4,0.8
서인영,연극,1,1.0
서자영,연희,1,1.0
서재재,연극,1,1.0
서재형,뮤지컬,8,0.6666666666666666
서재형,연극,1,0.08333333333333333
서재형,창극,1,0.08333333333333333
서재형,한국무용,1,0.08333333333333333
서재형,혼합,1,0.08333333333333333
서재화,연극,3,1.0
서정,뮤지컬,3,0.5
서정,연극,3,0.5
서정란,연극,3,1.0
서정록,뮤지컬,1,1.0
서정미,뮤지컬,1,1.0
서정민,기악,5,0.7142857142857143
서정민,뮤지컬,1,0.14285714285714285
서정민,오페라,1,0.14285714285714285
서정빈,연극,1,0.14285714285714285
서정빈,현대무용,6,0.8571428571428571
서정선,대중가요,1,0.125
서정선,뮤지컬,7,0.875
서정숙,한국무용,2,1.0
서정애,발레,1,0.3333333333333333
서정애,연극,2,0.6666666666666666
서정완,성악,2,0.1
서정완,연극,16,0.8
서정완,창극,1,0.05
서정완,혼합,1,0.05
서정인,연극,2,1.0
서정호,기악,1,1.0
서정화,뮤지컬,20,0.9523809523809523
서정화,연극,1,0.047619047619047616
서정희,뮤지컬,2,1.0
서조은,뮤지컬,1,1.0
서종민,연극,1,1.0
서종칠,오페라,1,1.0
서종현,연극,2,1.0
서주리,기악,1,1.0
서주연,뮤지컬,1,1.0
서주원,성악,1,0.5
서주원,연희,1,0.5
서주은,연극,1,1.0
서주하,연극,1,1.0
서준교,연극,1,1.0
서준석,연극,3,1.0
서준원,연극,1,1.0
서준호,연극,1,1.0
서중느,연극,1,1.0
서지민,연극,1,1.0
서지석,뮤지컬,1,1.0
서지선,연극,2,1.0
서지연,기악,1,1.0
서지영,연극,12,1.0
서지용,연극,3,1.0
서지웅,기악,1,1.0
서지원,연극,15,1.0
서지현,기악,1,1.0
서지혜,연극,9,1.0
서지환,연극,1,1.0
서지훈,기악,1,0.3333333333333333
서지훈,연극,1,0.3333333333333333
서지훈,현대무용,1,0.3333333333333333
서진,기악,3,0.6
서진,성악,1,0.2
서진,연극,1,0.2
서진실,성악,1,1.0
서진영,뮤지컬,2,1.0
서진욱,현대무용,1,1.0
서진원,연극,1,1.0
서진주,한국무용,4,1.0
서진호,연극,5,1.0
서진희,기악,1,0.07692307692307693
서진희,뮤지컬,3,0.23076923076923078
서진희,연극,9,0.6923076923076923
서찬영,기악,4,1.0
서창석,뮤지컬,1,1.0
서철,연극,1,1.0
서최선,성악,1,1.0
서충식,연극,8,1.0
서하나,뮤지컬,1,0.5
서하나,성악,1,0.5
서한솔,기악,1,1.0
서한우,연희,5,0.8333333333333334
서한우,혼합,1,0.16666666666666666
서해영,연극,2,1.0
서해자,인형극,1,1.0
서현민,현대무용,1,1.0
서현석,기악,1,0.5
서현석,연극,1,0.5
서현우,연극,3,1.0
서현재,혼합,1,1.0
서현제,연극,10,0.9090909090909091
서현제,연희,1,0.09090909090909091
서현주,연극,1,1.0
서현진,연극,2,1.0
서형덕,연극,1,1.0
서형래,뮤지컬,3,1.0
서형무,현대무용,1,1.0
서형선,연극,1,1.0
서형원,기악,4,0.4
서형원,연극,1,0.1
서형원,재즈/월드뮤직,1,0.1
서형원,혼합,4,0.4
서형일,성악,3,1.0
서형준,연극,1,1.0
서형진,오페라,1,1.0
서혜선,한국무용,1,1.0
서혜원,연극,2,1.0
서혜주,연극,1,1.0
서호진,성악,1,1.0
서홍석,뮤지컬,3,0.2727272727272727
서홍석,연극,6,0.5454545454545454
서홍석,오페라,2,0.18181818181818182
서화영,기악,1,0.5
서화영,연극,1,0.5
서효정,성악,1,1.0
서훈,기악,1,1.0
서휘리,연극,2,1.0
서휘원,뮤지컬,1,1.0
서희숙,연극,3,0.375
서희숙,한국무용,2,0.25
서희숙,현대무용,2,0.25
서희숙,혼합,1,0.125
서희영,기악,1,0.5
서희영,발레,1,0.5
서희정,뮤지컬,1,0.2
서희정,성악,2,0.4
서희정,오페라,1,0.2
서희정,한국무용,1,0.2
서희태,성악,2,1.0
석경환,연극,1,1.0
석민호,연극,2,1.0
석보미,발레,1,1.0
석봉준,연극,7,1.0
석성예,뮤지컬,2,0.3333333333333333
석성예,연극,4,0.6666666666666666
석성환,성악,1,1.0
석수정,성악,1,0.3333333333333333
석수정,연극,2,0.6666666666666666
석승주,연극,1,1.0
석애영,악극,1,0.3333333333333333
석애영,연극,2,0.6666666666666666
석예리,기악,1,0.5
석예리,악극,1,0.5
석예원,뮤지컬,1,1.0
석욱현,연극,1,1.0
석재원,기악,2,0.2857142857142857
석재원,뮤지컬,1,0.14285714285714285
석재원,연극,4,0.5714285714285714
석진욱,뮤지컬,9,1.0
석한남,한국무용,3,1.0
석호진,연극,2,1.0
석효진,연극,1,1.0
석희림,연극,1,1.0
선가인,연극,1,1.0
선광현,연극,3,1.0
선구영,성악,1,1.0
선명균,연극,1,1.0
선명주,뮤지컬,1,0.1111111111111111
선명주,연극,8,0.8888888888888888
선미화,뮤지컬,1,1.0
선민,연극,1,1.0
선보미,성악,1,1.0
선승수,기악,1,0.25
선승수,연극,3,0.75
선영국,혼합,1,1.0
선영욱,연극,3,0.3333333333333333
선영욱,연희,5,0.5555555555555556
선영욱,인형극,1,0.1111111111111111
선용,기악,1,1.0
선욱현,연극,14,1.0
선은지,한국무용,1,0.5
선은지,현대무용,1,0.5
선정찬,현대무용,1,1.0
선지은,뮤지컬,2,1.0
선한,연희,2,1.0
선희태,연극,1,1.0
설가민,뮤지컬,3,0.375
설가민,연극,5,0.625
설다헌,연극,1,1.0
설도윤,뮤지컬,8,1.0
설수경,기악,1,1.0
설연이,성악,1,1.0
설예준,기악,1,0.2
설예준,연극,3,0.6
설예준,현대무용,1,0.2
설요셉,현대무용,1,1.0
설유진,연극,7,1.0
설의현,현대무용,1,1.0
설자영,한국무용,1,1.0
설재서,연극,3,1.0
설정식,기악,1,1.0
설정환,성악,1,1.0
설종환,연극,1,1.0
설주영,연극,1,1.0
설지영,기악,1,1.0
설호종,연극,4,1.0
설희승,대중가요,1,1.0
섯으리,뮤지컬,1,1.0
성경,연극,1,1.0
성경원,뮤지컬,1,1.0
성경주,기악,1,0.5
성경주,성악,1,0.5
성경철,연극,4,1.0
성경희,성악,2,1.0
성근우,연극,2,1.0
성금연,현대무용,1,1.0
성기웅,연극,6,1.0
성기현,뮤지컬,1,1.0
성나리,연극,1,1.0
성노진,연극,1,1.0
성다윤,뮤지컬,1,1.0
성다인,연극,4,1.0
성대식,뮤지컬,1,0.3333333333333333
성대식,연극,2,0.6666666666666666
성도현,연극,1,1.0
성륜지,창극,1,1.0
성미란,연극,1,1.0
성미림,연극,13,0.9285714285714286
성미림,창극,1,0.07142857142857142
성민철,연극,3,0.75
성민철,인형극,1,0.25
성부현,한국무용,1,0.5
성부현,현대무용,1,0.5
성석배,연극,18,0.9473684210526315
성석배,현대무용,1,0.05263157894736842
성석현,오페라,1,1.0
성송현,대중가요,1,1.0
성수정,연극,3,1.0
성수진,연극,1,1.0
성수현,뮤지컬,1,1.0
성승연,연극,1,1.0
성승정,현대무용,1,1.0
성시영,연극,1,0.5
성시영,한국무용,1,0.5
성아령,연극,1,1.0
성안영,현대무용,1,1.0
성연국,연극,1,1.0
성연준,기악,1,1.0
성열석,뮤지컬,2,0.6666666666666666
성열석,연극,1,0.3333333333333333
성영근,창극,1,1.0
성예람,기악,1,1.0
성용원,기악,2,1.0
성유미,연극,3,1.0
성유진,연극,1,0.5
성유진,한국무용,1,0.5
성윤주,한국무용,1,1.0
성장순,마당극,2,0.6666666666666666
성장순,연극,1,0.3333333333333333
성재규,연극,3,1.0
성재준,뮤지컬,6,0.8571428571428571
성재준,연극,1,0.14285714285714285
성재현,뮤지컬,11,0.8461538461538461
성재현,악극,1,0.07692307692307693
성재현,연극,1,0.07692307692307693
성재형,한국무용,2,1.0
성정선,연극,1,1.0
성정현,연극,1,1.0
성종완,뮤지컬,35,0.8536585365853658
성종완,연극,6,0.14634146341463414
성종택,현대무용,1,1.0
성종현,뮤지컬,2,1.0
성주현,뮤지컬,7,1.0
성주혜,기악,1,0.5
성주혜,혼합,1,0.5
성준영,연극,2,1.0
성준현,연극,4,1.0
성지수,연극,1,1.0
성지우,한국무용,2,1.0
성지윤,연극,1,1.0
성지하,연극,1,1.0
성지형,뮤지컬,2,1.0
성찬경,뮤지컬,7,1.0
성찬휘,연극,1,1.0
성채린,넌버벌 퍼포먼스,1,1.0
성천모,뮤지컬,7,0.875
성천모,연극,1,0.125
성현경,연극,1,1.0
성혜준,뮤지컬,1,1.0
성호근,한국무용,1,1.0
성홍일,연극,1,1.0
성화숙,연극,4,1.0
성화정,한국무용,1,1.0
성희선,성악,1,1.0
성희주,연극,1,0.5
성희주,연희,1,0.5
세르게이 프로코피에프,발레,2,1.0
세르게이 프로코피예프,발레,2,1.0
세르게이S.프로코피에프,발레,1,1.0
세바스찬 가드너,연극,1,1.0
세바스티안 랑 레싱,오페라,4,1.0
세바스티안 클라렌,혼합,1,1.0
세실 샤두토,뮤지컬,1,1.0
세토야마 미사키,연극,1,1.0
션 다니엘스,뮤지컬,1,1.0
션 펜트랜드,기악,3,1.0
셰론 아일,현대무용,1,1.0
소경진,뮤지컬,1,0.16666666666666666
소경진,악극,1,0.16666666666666666
소경진,연극,2,0.3333333333333333
소경진,연희,2,0.3333333333333333
소냐 타예,뮤지컬,2,1.0
소냐 프리즐,오페라,1,1.0
소리,연극,1,1.0
소미경,뮤지컬,2,1.0
소민섭,연극,1,1.0
소병윤,성악,1,1.0
소성민,연극,1,1.0
소수빈,연극,1,1.0
소수정,기악,1,1.0
소순영,연극,1,1.0
소연아,연극,1,1.0
소영섭,재즈/월드뮤직,1,1.0
소예진,연극,2,1.0
소우현,연극,3,1.0
소운경,오페라,1,1.0
소윤실,연극,3,1.0
소윤정,연극,2,1.0
소은경,뮤지컬,1,0.2
소은경,오페라,4,0.8
소중연,기악,3,1.0
소지원,뮤지컬,1,1.0
소현,한국무용,1,1.0
소희영,연극,1,1.0
손건우,뮤지컬,1,0.16666666666666666
손건우,연극,5,0.8333333333333334
손경락,연극,1,1.0
손경성,연극,2,1.0
손경주,기악,1,1.0
손고명,연극,1,1.0
손고은,인형극,1,1.0
손관중,현대무용,8,1.0
손광중,현대무용,1,1.0
손규홍,연극,1,1.0
손금식,기악,1,1.0
손기주,뮤지컬,4,0.8
손기주,연극,1,0.2
손기호,연극,5,1.0
손나예,현대무용,1,1.0
손남목,뮤지컬,1,0.2
손남목,연극,4,0.8
손남욱,연극,2,1.0
손님,악극,1,1.0
손다은,연희,3,1.0
손다혜,기악,4,0.36363636363636365
손다혜,뮤지컬,3,0.2727272727272727
손다혜,악극,1,0.09090909090909091
손다혜,창극,1,0.09090909090909091
손다혜,혼합,2,0.18181818181818182
손대원,연극,3,1.0
손덕기,기악,1,0.07692307692307693
손덕기,기타,1,0.07692307692307693
손덕기,대중가요,3,0.23076923076923078
손덕기,성악,5,0.38461538461538464
손덕기,재즈/월드뮤직,2,0.15384615384615385
손덕기,혼합,1,0.07692307692307693
손동제,연극,1,1.0
손동현,성악,3,1.0
손라화,기악,1,1.0
손무경,한국무용,1,1.0
손미란,한국무용,2,1.0
손미애,연극,1,1.0
손민,기악,1,1.0
손민규,마당극,1,0.08333333333333333
손민규,뮤지컬,1,0.08333333333333333
손민규,연극,10,0.8333333333333334
손민선,연극,1,1.0
손민수,기악,1,0.5
손민수,연극,1,0.5
손민식,대중가요,1,1.0
손민영,발레,1,0.16666666666666666
손민영,연극,3,0.5
손민영,연희,2,0.3333333333333333
손민정,성악,1,1.0
손민지,연극,3,1.0
손민혁,연극,1,1.0
손민혜,뮤지컬,5,1.0
손민호,성악,1,1.0
손배영,뮤지컬,1,1.0
손범,연극,1,1.0
손병윤,뮤지컬,1,0.5
손병윤,연극,1,0.5
손병제,연극,2,1.0
손병태,연극,5,1.0
손보라,뮤지컬,1,1.0
손보미,연극,1,1.0
손봉기,뮤지컬,2,1.0
손빛나,기악,1,1.0
손상규,연극,5,1.0
손상민,뮤지컬,1,1.0
손상보,성악,1,1.0
손상욱,마당극,1,1.0
손상호,연극,1,1.0
손상훈,연극,2,1.0
손상희,연극,1,0.25
손상희,인형극,1,0.25
손상희,혼합,2,0.5
손서희,연극,2,1.0
손석민,연극,1,1.0
손석우,연극,1,1.0
손선근,연극,1,1.0
손선희,기악,1,1.0
손성돈,기악,1,1.0
손성래,오페라,2,1.0
손성제,한국무용,1,1.0
손성준,오페라,1,1.0
손성현,현대무용,1,1.0
손세리,연극,1,1.0
손세민,대중가요,1,1.0
손소영,현대무용,2,1.0
손소향,오페라,2,1.0
손소현,발레,2,1.0
손수남,연극,1,1.0
손수민,기타,1,0.05
손수민,뮤지컬,19,0.95
손수빈,연극,1,1.0
손수연,성악,4,0.4444444444444444
손수연,연극,2,0.2222222222222222
손수연,오페라,3,0.3333333333333333
손수영,뮤지컬,1,1.0
손승명,연극,3,1.0
손승욱,뮤지컬,1,1.0
손승희,기악,2,0.5
손승희,연극,2,0.5
손신형,연극,3,1.0
손아진,연극,3,1.0
손연주,연극,2,1.0
손열음,기악,22,0.9166666666666666
손열음,성악,2,0.08333333333333333
손영광,뮤지컬,1,1.0
손영규,연극,3,1.0
손영득,연극,1,1.0
손영선,서커스/마술,1,1.0
손영섭,연극,2,1.0
손영실,연극,1,1.0
손영욱,성악,1,1.0
손영이,한국무용,1,1.0
손영재,기악,1,1.0
손예란,현대무용,1,1.0
손예림,연극,2,1.0
손예운,발레,1,1.0
손예인,연극,3,1.0
손예진,오페라,1,1.0
손온유,뮤지컬,1,1.0
손우경,성악,1,0.3333333333333333
손우경,스트리트/스포츠댄스,1,0.3333333333333333
손우경,연극,1,0.3333333333333333
손욱,성악,1,0.16666666666666666
손욱,오페라,5,0.8333333333333334
손원정,연극,10,1.0
손원진,악극,1,1.0
손유라,연극,3,1.0
손유진,뮤지컬,2,0.5
손유진,연극,2,0.5
손유희,연극,1,1.0
손윤,스트리트/스포츠댄스,2,1.0
손윤정,성악,1,1.0
손윤필,뮤지컬,2,1.0
손은재,뮤지컬,1,0.16666666666666666
손은재,악극,1,0.16666666666666666
손은재,연극,4,0.6666666666666666
손은주,기악,1,1.0
손은지,연극,3,1.0
손은총,연극,2,1.0
손이담,연극,1,1.0
손인수,연극,1,1.0
손인영,한국무용,8,0.6153846153846154
손인영,현대무용,5,0.38461538461538464
손일훈,기악,13,0.9285714285714286
손일훈,성악,1,0.07142857142857142
손재린,연극,1,1.0
손재익,넌버벌 퍼포먼스,1,1.0
손정민,기악,1,0.3333333333333333
손정민,연극,2,0.6666666666666666
손정수,한국무용,1,1.0
손정연,한국무용,1,1.0
손정우,뮤지컬,1,0.125
손정우,연극,7,0.875
손정욱,연극,2,1.0
손정원,연극,1,1.0
손정은,기악,1,0.125
손정은,뮤지컬,1,0.125
손정은,연극,6,0.75
손정임,혼합,1,1.0
손정진,연희,1,1.0
손정현,현대무용,1,1.0
손정희,연극,4,1.0
손종민,연극,2,1.0
손종학,연극,1,1.0
손종화,기악,1,0.3333333333333333
손종화,연극,1,0.3333333333333333
손종화,재즈/월드뮤직,1,0.3333333333333333
손종환,연극,1,1.0
손주영,기악,1,0.3333333333333333
손주영,대중가요,1,0.3333333333333333
손주영,뮤지컬,1,0.3333333333333333
손준영,연극,3,1.0
손지민,연극,3,1.0
손지아,기악,2,0.6666666666666666
손지아,뮤지컬,1,0.3333333333333333
손지애,기악,1,1.0
손지영,기악,1,0.14285714285714285
손지영,뮤지컬,1,0.14285714285714285
손지영,성악,1,0.14285714285714285
손지영,연희,1,0.14285714285714285
손지영,한국무용,1,0.14285714285714285
손지영,혼합,2,0.2857142857142857
손지원,성악,1,0.5
손지원,연극,1,0.5
손지은,뮤지컬,1,1.0
손지현,뮤지컬,1,1.0
손지형,연극,13,1.0
손지희,성악,1,0.2
손지희,연극,1,0.2
손지희,연희,1,0.2
손지희,재즈/월드뮤직,1,0.2
손지희,혼합,1,0.2
손진영,기악,2,0.25
손진영,서커스/마술,1,0.125
손진영,연극,1,0.125
손진영,연희,1,0.125
손진영,한국무용,3,0.375
손진책,마당극,2,0.15384615384615385
손진책,뮤지컬,3,0.23076923076923078
손진책,연극,5,0.38461538461538464
손진책,오페라,1,0.07692307692307693
손진책,창극,1,0.07692307692307693
손진책,혼합,1,0.07692307692307693
손짖형,연극,1,1.0
손창성,연극,1,1.0
손청강,연극,5,1.0
손치현,뮤지컬,2,1.0
손튼 와일더,연극,1,1.0
손한묵,기악,1,1.0
손해영,연극,1,1.0
손해장,기악,1,0.5
손해장,연희,1,0.5
손혁일,뮤지컬,1,1.0
손현구,연극,1,1.0
손현규,연극,20,1.0
손현미,뮤지컬,1,0.5
손현미,연극,1,0.5
손현선,연극,1,1.0
손현준,연극,2,1.0
손현진,기타,1,0.14285714285714285
손현진,뮤지컬,6,0.8571428571428571
손형민,연극,9,1.0
손형우,연극,2,1.0
손형원,기악,1,1.0
손혜선,한국무용,1,1.0
손혜영,혼합,1,1.0
손혜정,마임,1,1.0
손호득,한국무용,1,1.0
손호석,기악,1,0.05555555555555555
손호석,넌버벌 퍼포먼스,1,0.05555555555555555
손호석,대중가요,1,0.05555555555555555
손호석,뮤지컬,8,0.4444444444444444
손호석,성악,3,0.16666666666666666
손호석,연극,3,0.16666666666666666
손호석,현대무용,1,0.05555555555555555
손호성,기악,1,0.05263157894736842
손호성,연극,18,0.9473684210526315
손호원,뮤지컬,1,1.0
손호정,연극,1,1.0
손호진,성악,1,1.0
손홍희,기악,1,0.5
손홍희,연희,1,0.5
손효범,뮤지컬,1,0.5
손효범,연극,1,0.5
손효석,연극,1,1.0
손효성,연극,1,1.0
손효원,뮤지컬,7,0.5384615384615384
손효원,연극,6,0.46153846153846156
손희남,뮤지컬,1,0.125
손희남,연극,5,0.625
손희남,인형극,1,0.125
손희남,현대무용,1,0.125
손희범,연극,1,1.0
손희서,서커스/마술,1,1.0
손희승,연극,2,1.0
손희영,연극,1,1.0
손희원,발레,1,0.25
손희원,성악,1,0.25
손희원,연극,1,0.25
손희원,현대무용,1,0.25
손희정,연극,1,1.0
송가란,뮤지컬,3,1.0
송갑석,뮤지컬,1,0.1111111111111111
송갑석,연극,8,0.8888888888888888
송경근,기악,2,0.5
송경근,연극,2,0.5
송경숙,뮤지컬,1,0.3333333333333333
송경숙,연극,2,0.6666666666666666
송경훈,연극,1,1.0
송관우,뮤지컬,1,1.0
송광호,연극,1,1.0
송규정,연희,1,1.0
송근석,연극,1,1.0
송근욱,연극,5,1.0
송기선,인형극,1,1.0
송기영,기악,1,1.0
송기조,서커스/마술,1,0.125
송기조,성악,2,0.25
송기조,연극,4,0.5
송기조,인형극,1,0.125
송길호,연극,1,1.0
송김경화,연극,4,1.0
송다현,뮤지컬,2,0.6666666666666666
송다현,재즈/월드뮤직,1,0.3333333333333333
송다훈,뮤지컬,1,1.0
송단비,기악,2,1.0
송대령,연극,1,1.0
송대영,연극,2,1.0
송대중,연극,1,1.0
송덕환,연극,1,1.0
송명민,기악,1,1.0
송명욱,연극,1,1.0
송명자,혼합,1,1.0
송명주,연극,1,1.0
송명화,연극,1,1.0
송미경,뮤지컬,2,1.0
송미란,뮤지컬,1,1.0
송미석,성악,1,1.0
송미숙,연극,3,1.0
송미영,연극,1,1.0
송민규,기악,1,0.5
송민규,현대무용,1,0.5
송민길,연극,8,1.0
송민서,연극,1,1.0
송민석,연극,1,1.0
송민선,기악,2,0.13333333333333333
송민선,대중가요,1,0.06666666666666667
송민선,뮤지컬,10,0.6666666666666666
송민선,연극,2,0.13333333333333333
송민숙,한국무용,1,1.0
송민우,연극,1,1.0
송민제,기악,1,1.0
송민호,연극,3,1.0
송민화,기악,1,1.0
송민환,인형극,1,1.0
송바다,뮤지컬,1,1.0
송범,한국무용,1,1.0
송병갑,마당극,3,0.75
송병갑,혼합,1,0.25
송병관,기악,1,0.3333333333333333
송병관,혼합,2,0.6666666666666666
송병용,연극,5,1.0
송보라,성악,2,0.6666666666666666
송보라,창극,1,0.3333333333333333
송보민,연극,1,1.0
송봉금,넌버벌 퍼포먼스,1,0.5
송봉금,뮤지컬,1,0.5
송봉주,성악,1,1.0
송상규,연극,1,1.0
송상익,연극,3,1.0
송서윤,연극,1,1.0
송선미,성악,1,1.0
송선민,뮤지컬,1,1.0
송선호,연극,2,1.0
송성원,연극,7,0.875
송성원,혼합,1,0.125
송성철,오페라,2,1.0
송성훈,오페라,2,1.0
송세연,연극,1,1.0
송소영,연극,1,1.0
송송이,뮤지컬,2,1.0
송송희,현대무용,1,1.0
송수민,발레,1,1.0
송수진,연극,1,1.0
송수헌,연극,1,1.0
송수현,연극,1,1.0
송순옥,연극,1,1.0
송승민,뮤지컬,2,0.5
송승민,성악,1,0.25
송승민,연극,1,0.25
송승욱,현대무용,1,1.0
송승환,넌버벌 퍼포먼스,1,0.25
송승환,뮤지컬,2,0.5
송승환,연극,1,0.25
송시준,뮤지컬,2,1.0
송시현,연극,8,1.0
송아람,연극,1,1.0
송아영,연극,2,1.0
송안지,기악,1,1.0
송안훈,기악,1,0.25
송안훈,오페라,3,0.75
송연주,연극,1,1.0
송영건,현대무용,2,1.0
송영견,기악,1,1.0
송영광,연극,1,1.0
송영길,연극,1,1.0
송영민,기악,16,0.7272727272727273
송영민,성악,5,0.22727272727272727
송영민,오페라,1,0.045454545454545456
송영수그 이인호,인형극,1,1.0
송영은,한국무용,1,1.0
송영인,기악,1,1.0
송영재,연극,1,1.0
송영준,연극,1,1.0
송영찬,연극,4,1.0
송영호,성악,1,1.0
송영훈,기악,6,0.75
송영훈,대중가요,1,0.125
송영훈,뮤지컬,1,0.125
송예슬,오페라,1,1.0
송용기,연극,1,1.0
송용일,뮤지컬,6,0.6
송용일,악극,1,0.1
송용일,연극,3,0.3
송우람,발레,1,1.0
송우미,기악,1,0.16666666666666666
송우미,오페라,5,0.8333333333333334
송욱경,뮤지컬,1,1.0
송원,연극,1,1.0
송유경,연극,1,1.0
송유담,연극,1,1.0
송유림,연극,1,1.0
송유섭,뮤지컬,2,1.0
송유영,연극,1,1.0
송유주,연극,1,1.0
송유진,연극,1,1.0
송윤규,연극,1,1.0
송윤서,뮤지컬,1,1.0
송윤석,연극,4,1.0
송윤아,연극,1,1.0
송윤재,기악,1,1.0
송윤주,기악,2,1.0
송은도,뮤지컬,24,0.8
송은도,연극,6,0.2
송은비,연극,3,1.0
송은서,뮤지컬,1,1.0
송은석,연극,4,1.0
송은수,뮤지컬,1,1.0
송은아,연극,1,1.0
송은재,성악,1,1.0
송은정,뮤지컬,1,0.5
송은정,성악,1,0.5
송은주,연극,1,0.3333333333333333
송은주,현대무용,1,0.3333333333333333
송은주,혼합,1,0.3333333333333333
송은진,대중가요,1,1.0
송은하,뮤지컬,1,0.08333333333333333
송은하,연극,11,0.9166666666666666
송은혜,연극,8,0.8888888888888888
송은혜,한국무용,1,0.1111111111111111
송이원,연극,5,1.0
송인서,뮤지컬,1,1.0
송인현,넌버벌 퍼포먼스,1,0.08333333333333333
송인현,연극,7,0.5833333333333334
송인현,연희,2,0.16666666666666666
송인현,인형극,1,0.08333333333333333
송인현,한국무용,1,0.08333333333333333
송인환,연극,1,1.0
송인효,연극,1,1.0
송인훈,기악,1,0.25
송인훈,뮤지컬,1,0.25
송인훈,한국무용,2,0.5
송장일,연극,1,1.0
송재경,연극,1,1.0
송재만,혼합,1,1.0
송재섭,넌버벌 퍼포먼스,1,1.0
송재윤,현대무용,1,1.0
송재은,연극,1,1.0
송재훈,연극,1,1.0
송전,연극,1,1.0
송정바우,연극,5,1.0
송정빈,발레,14,1.0
송정아,연극,1,1.0
송정안,악극,1,0.07142857142857142
송정안,연극,13,0.9285714285714286
송정우,연극,2,1.0
송정태,연극,1,1.0
송정하,연극,1,1.0
송정현,연극,1,1.0
송정혜,연극,2,1.0
송정희,성악,2,0.3333333333333333
송정희,연극,4,0.6666666666666666
송제용,뮤지컬,1,1.0
송주관,기악,2,0.2222222222222222
송주관,발레,4,0.4444444444444444
송주관,성악,1,0.1111111111111111
송주관,오페라,1,0.1111111111111111
송주관,재즈/월드뮤직,1,0.1111111111111111
송주리,뮤지컬,1,1.0
송주연,연희,1,1.0
송주영,발레,1,1.0
송주원,한국무용,1,0.3333333333333333
송주원,현대무용,2,0.6666666666666666
송주형,기악,1,0.2
송주형,성악,1,0.2
송주형,현대무용,3,0.6
송주혜,기악,1,1.0
송준영,한국무용,1,0.5
송준영,혼합,1,0.5
송준하,뮤지컬,1,1.0
송준한,연극,2,1.0
송준호,연극,2,1.0
송지섭,기악,2,1.0
송지연,기악,1,1.0
송지윤,혼합,1,1.0
송지은,연극,1,1.0
송지인,연극,18,0.8181818181818182
송지인,인형극,3,0.13636363636363635
송지인,현대무용,1,0.045454545454545456
송지현,뮤지컬,1,0.5
송지현,연극,1,0.5
송지훈,기악,1,0.09090909090909091
송지훈,성악,1,0.09090909090909091
송지훈,연극,1,0.09090909090909091
송지훈,창극,4,0.36363636363636365
송지훈,현대무용,3,0.2727272727272727
송지훈,혼합,1,0.09090909090909091
송진석,현대무용,2,1.0
송진주,연극,2,1.0
송짖현,연극,1,1.0
송창진,뮤지컬,2,1.0
송창현,성악,1,1.0
송창훈,연극,1,1.0
송천영,연극,6,1.0
송치곤,연극,2,1.0
송치규,연극,1,1.0
송치훈,연극,1,1.0
송태영,기악,2,0.5
송태영,연극,2,0.5
송태환,혼합,1,1.0
송태훈,혼합,1,1.0
송판수,연극,1,1.0
송하린,서커스/마술,1,1.0
송하영,연극,1,1.0
송하준,연극,1,1.0
송한나,연극,1,1.0
송한봉,연극,2,1.0
송한샘,뮤지컬,14,0.7368421052631579
송한샘,연극,5,0.2631578947368421
송해인,악극,1,0.5
송해인,연희,1,0.5
송혁규,기악,6,0.8571428571428571
송혁규,혼합,1,0.14285714285714285
송현미,뮤지컬,1,1.0
송현민,기악,1,0.25
송현민,한국무용,1,0.25
송현민,혼합,2,0.5
송현석,서커스/마술,5,1.0
송현수,연극,1,1.0
송현아,뮤지컬,1,0.5
송현아,혼합,1,0.5
송현옥,성악,1,0.1
송현옥,연극,9,0.9
송현정,뮤지컬,2,0.5
송현정,연극,1,0.25
송현정,연희,1,0.25
송현진,뮤지컬,2,0.4
송현진,연극,3,0.6
송현창,연극,7,1.0
송형관,연극,1,1.0
송형섭,연극,1,1.0
송형영,연극,1,1.0
송형종,연극,5,1.0
송혜선,뮤지컬,7,0.875
송혜선,연극,1,0.125
송혜원,기악,1,1.0
송혜진,기악,1,0.5
송혜진,성악,1,0.5
송호섭,발레,1,1.0
송화진,기악,7,0.7777777777777778
송화진,성악,2,0.2222222222222222
송효섭,뮤지컬,14,1.0
송효연,발레,1,1.0
송훈상,연극,17,1.0
송휘성,뮤지컬,1,1.0
송희근,뮤지컬,1,0.25
송희근,연극,3,0.75
송희송,기악,8,1.0
송희승,기악,1,1.0
송희원,발레,1,0.5
송희원,인형극,1,0.5
송희정,기악,1,0.5
송희정,성악,1,0.5
송희진,뮤지컬,9,0.9
송희진,연극,1,0.1
숀톤 와일더,연극,1,1.0
수정,연극,1,1.0
슈타우다허 미하엘,기악,1,1.0
슈테판 카에기,연극,1,1.0
스기야마 이타루,현대무용,1,1.0
스캇 슈왈츠,뮤지컬,1,1.0
스탠리 벌레슨,뮤지컬,1,1.0
스테파노 마시니,연극,2,1.0
스테파노 포다,오페라,2,1.0
스테판 그라이요,현대무용,1,1.0
스티브 쿠아포,연극,1,1.0
스티브 쿠이포,연극,1,1.0
스티븐 돌기노프,뮤지컬,2,1.0
스티븐 손드하임,뮤지컬,3,1.0
스티븐 슈왈츠,뮤지컬,2,1.0
스틴 비야케,발레,1,1.0
스피치나,발레,1,1.0
슬라바 폴루닌,마임,1,1.0
승 운,연극,1,1.0
승운,연극,1,0.3333333333333333
승운,창극,2,0.6666666666666666
시모지마 레이사,현대무용,1,1.0
시몬 비르살라제,발레,5,1.0
시몬 파스투크,발레,1,1.0
시성구,창극,1,1.0
시온성,뮤지컬,4,1.0
시율,뮤지컬,1,1.0
시코 세티안토,현대무용,1,1.0
시현,연극,1,1.0
시현정,오페라,2,1.0
신가영,연극,1,1.0
신가은,연극,1,1.0
신경도,연극,4,1.0
신경미,뮤지컬,6,1.0
신경민,성악,1,1.0
신경배,연극,1,1.0
신경수,연극,3,1.0
신경수 김태형,연극,1,1.0
신경아,한국무용,3,1.0
신경헤,연극,1,1.0
신경혜,뮤지컬,4,0.8
신경혜,연극,1,0.2
신경호,연극,2,1.0
신경환,연희,1,1.0
신계화,성악,2,0.6666666666666666
신계화,재즈/월드뮤직,1,0.3333333333333333
신관웅,대중가요,1,1.0
신규섭,넌버벌 퍼포먼스,1,0.5
신규섭,한국무용,1,0.5
신그린,연극,8,1.0
신금호,오페라,1,1.0
신기섭,연극,1,1.0
신기환,성악,2,0.6666666666666666
신기환,오페라,1,0.3333333333333333
신나경,기악,2,0.13333333333333333
신나경,연극,7,0.4666666666666667
신나경,연희,2,0.13333333333333333
신나경,재즈/월드뮤직,1,0.06666666666666667
신나경,현대무용,1,0.06666666666666667
신나경,혼합,2,0.13333333333333333
신난식,성악,1,1.0
신다슬,연극,1,1.0
신다영,연극,2,1.0
신대식,연극,3,1.0
신대영,뮤지컬,5,1.0
신대하,기악,1,1.0
신도환,연극,3,1.0
신동근,연극,1,1.0
신동민,연극,2,1.0
신동선,뮤지컬,2,0.047619047619047616
신동선,성악,1,0.023809523809523808
신동선,연극,38,0.9047619047619048
신동선,연희,1,0.023809523809523808
신동수,성악,6,1.0
신동은,뮤지컬,22,0.9166666666666666
신동은,연극,2,0.08333333333333333
신동이,연극,1,1.0
신동인,연극,9,1.0
신동일,기악,3,0.1111111111111111
신동일,뮤지컬,6,0.2222222222222222
신동일,악극,4,0.14814814814814814
신동일,연극,4,0.14814814814814814
신동일,오페라,3,0.1111111111111111
신동일,한국무용,1,0.037037037037037035
신동일,현대무용,2,0.07407407407407407
신동일,혼합,4,0.14814814814814814
신동재,연극,2,1.0
신동한,연극,1,1.0
신동호,연극,1,1.0
신동환,성악,1,1.0
신동훈,연극,2,1.0
신동희,뮤지컬,1,0.5
신동희,연극,1,0.5
신락훈,연극,3,1.0
신린,기악,1,1.0
신만식,기악,5,1.0
신만종,한국무용,1,1.0
신명민,악극,1,0.09090909090909091
신명민,연극,10,0.9090909090909091
신명수,연극,1,0.5
신명수,연희,1,0.5
신명욱,연극,1,1.0
신명종,기악,1,1.0
신문영,연극,1,1.0
신미경,발레,1,0.3333333333333333
신미경,연극,1,0.3333333333333333
신미경,한국무용,1,0.3333333333333333
신미도,연극,1,1.0
신민경,연극,2,1.0
신민규,연극,1,1.0
신민섭,뮤지컬,1,0.5
신민섭,연극,1,0.5
신민승,연극,3,1.0
신민영,연극,1,1.0
신민이,오페라,7,1.0
신민자,기악,1,1.0
신민주,연극,2,1.0
신민지,기악,1,0.5
신민지,대중가요,1,0.5
신민철,성악,1,1.0
신반석,뮤지컬,2,1.0
신범섭,연극,1,1.0
신범호,혼합,1,1.0
신별하,기악,1,1.0
신병철,뮤지컬,1,1.0
신보섭,대중가요,1,1.0
신봉주,연극,1,1.0
신비,한국무용,1,1.0
신빛나리,연극,1,0.5
신빛나리,현대무용,1,0.5
신사임,기악,4,1.0
신상용,오페라,1,1.0
신상웅,연극,2,1.0
신상준,기악,1,1.0
신상하,성악,1,1.0
신상혁,성악,1,1.0
신상현,마당극,1,0.3333333333333333
신상현,한국무용,1,0.3333333333333333
신상현,현대무용,1,0.3333333333333333
신상화,뮤지컬,2,1.0
신새봄,연극,2,1.0
신서현,연극,3,1.0
신석근,서커스/마술,2,1.0
신석현,한국무용,1,1.0
신선미,기악,1,0.3333333333333333
신선미,연극,1,0.3333333333333333
신선미,재즈/월드뮤직,1,0.3333333333333333
신선민,연희,1,1.0
신선섭,성악,3,0.17647058823529413
신선섭,오페라,14,0.8235294117647058
신선주,연극,1,1.0
신선호,뮤지컬,10,1.0
신선희,대중가요,1,1.0
신성우,뮤지컬,10,0.4
신성우,연극,14,0.56
신성우,오페라,1,0.04
신성은,성악,2,1.0
신성일,혼합,1,1.0
신성주,연극,1,1.0
신성철,한국무용,1,1.0
신성환,연극,2,1.0
신세빈,서커스/마술,1,0.25
신세빈,연극,1,0.25
신세빈,인형극,2,0.5
신소연,현대무용,1,1.0
신소영,뮤지컬,1,0.5
신소영,한국무용,1,0.5
신소우주,연극,1,1.0
신소희,성악,1,1.0
신수경,뮤지컬,2,1.0
신수나,한국무용,1,1.0
신수민,연극,1,1.0
신수연,서커스/마술,3,0.5
신수연,연극,3,0.5
신수이,연극,2,1.0
신수정,기악,1,0.25
신수정,연극,3,0.75
신수진,뮤지컬,9,1.0
신숙희,뮤지컬,1,0.5
신숙희,연극,1,0.5
신승렬,연극,16,0.9411764705882353
신승렬,오페라,1,0.058823529411764705
신승민,현대무용,3,1.0
신승빈,연극,3,1.0
신승연,뮤지컬,1,0.5
신승연,연극,1,0.5
신승열,뮤지컬,2,1.0
신승용,연극,1,1.0
신승원,발레,2,1.0
신승일,오페라,2,1.0
신승태,성악,1,0.5
신승태,연극,1,0.5
신승호,연극,1,1.0
신시아,연극,1,1.0
신안진,연극,1,1.0
신애경,기악,1,0.3333333333333333
신애경,성악,2,0.6666666666666666
신연욱,연극,1,1.0
신연주,연극,1,1.0
신연지,뮤지컬,7,1.0
신영길,연극,3,1.0
신영민,연극,1,1.0
신영선,연극,1,0.3333333333333333
신영선,오페라,2,0.6666666666666666
신영섭,마임,2,0.05128205128205128
신영섭,뮤지컬,13,0.3333333333333333
신영섭,성악,1,0.02564102564102564
신영섭,연극,23,0.5897435897435898
신영수,현대무용,1,1.0
신영숙,연극,1,1.0
신영순,기악,1,1.0
신영우,연극,1,0.3333333333333333
신영우,인형극,2,0.6666666666666666
신영은,연극,8,1.0
신영주,연극,2,1.0
신예송,연극,1,1.0
신예슬,대중가요,1,1.0
신예온,연극,1,1.0
신예용,연극,1,1.0
신예은,연극,1,1.0
신예정,연극,2,1.0
신예진,뮤지컬,8,1.0
신예훈,연희,1,1.0
신예휸,한국무용,1,1.0
신오일,연극,2,1.0
신완섭,기악,1,1.0
신용수,창극,1,1.0
신용천,기악,1,1.0
신용희,연극,2,1.0
신우경,연극,1,1.0
신우림,대중가요,1,0.5
신우림,연극,1,0.5
신우희,기악,1,1.0
신원민,현대무용,1,1.0
신원영,성악,1,0.5
신원영,연희,1,0.5
신원일,혼합,1,1.0
신원희,뮤지컬,4,1.0
신유경,기악,1,1.0
신유균,연희,1,1.0
신유섭,연극,1,1.0
신유식,연극,1,1.0
신유정,연극,1,1.0
신유주,뮤지컬,2,1.0
신유진,연극,1,1.0
신유청,연극,13,1.0
신윤수,기악,2,1.0
신윤아,연극,7,0.875
신윤아,인형극,1,0.125
신윤정,기악,1,0.5
신윤정,뮤지컬,1,0.5
신은경,뮤지컬,9,0.8181818181818182
신은경,발레,1,0.09090909090909091
신은경,재즈/월드뮤직,1,0.09090909090909091
신은석,발레,4,1.0
신은수,연극,1,1.0
신은영,연극,1,1.0
신은용,기악,1,1.0
신은진,성악,1,1.0
신은혜,기악,1,0.2
신은혜,연극,4,0.8
신은효,연극,1,1.0
신이수,연극,1,1.0
신이지,대중가요,1,1.0
신인균,기악,1,1.0
신인선,연극,1,0.06666666666666667
신인선,인형극,14,0.9333333333333333
신인수,연극,1,1.0
신인영,뮤지컬,1,1.0
신인철,연극,1,1.0
신재,연극,5,1.0
신재민,발레,2,1.0
신재아,뮤지컬,2,1.0
신재영,연극,1,1.0
신재욱,서커스/마술,1,0.2
신재욱,연극,4,0.8
신재운,연극,1,1.0
신재윤,한국무용,1,0.3333333333333333
신재윤,현대무용,2,0.6666666666666666
신재철,연극,5,1.0
신재홍,뮤지컬,1,1.0
신재훈,뮤지컬,1,0.045454545454545456
신재훈,연극,11,0.5
신재훈,연희,5,0.22727272727272727
신재훈,오페라,1,0.045454545454545456
신재훈,한국무용,3,0.13636363636363635
신재훈,혼합,1,0.045454545454545456
신재희,오페라,3,1.0
신정민,현대무용,1,0.5
신정민,혼합,1,0.5
신정식,뮤지컬,1,0.5
신정식,연극,1,0.5
신정옥,연극,7,1.0
신정임,연극,2,1.0
신정화,뮤지컬,10,1.0
신정훈,기악,1,1.0
신종철,뮤지컬,1,1.0
신종한,뮤지컬,1,0.1111111111111111
신종한,연극,8,0.8888888888888888
신주용,기악,1,0.5
신주용,오페라,1,0.5
신주헌,기악,1,1.0
신주훈,연극,6,1.0
신주희,연극,1,1.0
신준민,연극,1,1.0
신준영,연극,2,1.0
신준혁,연극,1,1.0
신준호,연극,1,1.0
신중현,뮤지컬,2,1.0
신지선,연극,1,1.0
신지수,기악,3,0.42857142857142855
신지수,연극,4,0.5714285714285714
신지연,연극,2,1.0
신지영,성악,1,0.2
신지영,연극,2,0.4
신지영,오페라,1,0.2
신지영,한국무용,1,0.2
신지예,연극,2,1.0
신지용,기악,3,0.75
신지용,뮤지컬,1,0.25
신지원,뮤지컬,2,0.18181818181818182
신지원,연극,9,0.8181818181818182
신지유,연극,1,1.0
신지윤,뮤지컬,1,1.0
신지은,연극,2,1.0
신지인,뮤지컬,1,0.2
신지인,연극,4,0.8
신지혜,뮤지컬,1,1.0
신지호,대중가요,1,1.0
신지환,연극,1,1.0
신지희,연극,1,1.0
신진경,연극,1,1.0
신진영,연극,2,1.0
신진호,연극,17,1.0
신찬선,연희,1,1.0
신창렬,기악,2,0.15384615384615385
신창렬,뮤지컬,1,0.07692307692307693
신창렬,연극,5,0.38461538461538464
신창렬,한국무용,1,0.07692307692307693
신창렬,혼합,4,0.3076923076923077
신창섭,기타,1,1.0
신창소,현대무용,1,1.0
신창식,기악,1,0.09090909090909091
신창식,뮤지컬,4,0.36363636363636365
신창식,성악,6,0.5454545454545454
신창열,기악,1,0.14285714285714285
신창열,악극,1,0.14285714285714285
신창열,연극,3,0.42857142857142855
신창열,혼합,2,0.2857142857142857
신창호,현대무용,4,1.0
신채은,기악,1,1.0
신천옹,뮤지컬,2,1.0
신철호,뮤지컬,4,1.0
신춘수,뮤지컬,33,1.0
신충녕,한국무용,1,1.0
신태영,연극,1,1.0
신태주,연극,1,1.0
신택기,뮤지컬,2,0.6666666666666666
신택기,연극,1,0.3333333333333333
신하준,연극,1,1.0
신한식,기악,1,1.0
신해민,연극,1,1.0
신해연,연극,2,1.0
신해은,연극,1,1.0
신해인,연극,1,1.0
신헤원,연극,1,1.0
신혁희,뮤지컬,1,1.0
신현민,성악,1,0.3333333333333333
신현민,오페라,2,0.6666666666666666
신현아,연극,1,1.0
신현우,현대무용,1,1.0
신현재,연극,1,1.0
신현주,연극,1,1.0
신현준,기악,1,1.0
신현지,발레,3,0.6
신현지,현대무용,2,0.4
신현진,발레,1,1.0
신형금,기악,4,0.8
신형금,연극,1,0.2
신혜령,한국무용,1,1.0
신혜민,연극,2,1.0
신혜빈,연극,1,1.0
신혜수,연극,1,1.0
신혜원,기악,1,0.3333333333333333
신혜원,연극,2,0.6666666666666666
신혜지,연극,1,1.0
신혜진,현대무용,1,1.0
신호,발레,1,0.05555555555555555
신호,연극,14,0.7777777777777778
신호,한국무용,1,0.05555555555555555
신호,현대무용,2,0.1111111111111111
신호수,연극,1,1.0
신호영,현대무용,4,1.0
신호정,연극,5,1.0
신홍철,오페라,1,1.0
신환희,기악,1,0.5
신환희,연희,1,0.5
신황철,연극,6,1.0
신회용,서커스/마술,2,1.0
신효정,연극,1,1.0
신효진,연극,4,0.6666666666666666
신효진,현대무용,2,0.3333333333333333
신효철,연극,1,1.0
신희무,현대무용,1,1.0
신희숙,악극,2,0.6666666666666666
신희숙,연희,1,0.3333333333333333
신희용,서커스/마술,22,1.0
신희정,뮤지컬,1,1.0
신희존,연극,4,0.8
신희존,한국무용,1,0.2
실바인 지로도,현대무용,1,1.0
실베스터 르베이,뮤지컬,8,1.0
실비 가로,현대무용,1,1.0
실비아 임,기악,1,1.0
심 준,뮤지컬,1,1.0
심 한,재즈/월드뮤직,1,1.0
심경숙,연극,2,0.5
심경숙,인형극,2,0.5
심규광,연극,1,1.0
심규만,대중가요,1,1.0
심규민,연극,1,1.0
심금호,오페라,1,1.0
심기범,연극,1,1.0
심다하,연극,2,1.0
심다혜,오페라,1,1.0
심도희,현대무용,1,1.0
심마리,연극,1,1.0
심문섭,연극,7,0.875
심문섭,오페라,1,0.125
심미란,연극,1,1.0
심미령,기악,1,0.5
심미령,성악,1,0.5
심민섭,연극,1,1.0
심민아,연극,1,1.0
심민혁,연극,1,1.0
심민희,연극,1,1.0
심병준,기악,1,1.0
심봉기,연극,1,1.0
심봉석,연극,4,1.0
심상교,연극,5,1.0
심상국,성악,1,1.0
심상민,연극,2,1.0
심상욱,뮤지컬,1,0.5
심상욱,연극,1,0.5
심상태,뮤지컬,1,1.0
심상학,연극,2,1.0
심상학 채승희,연극,1,1.0
심새인,뮤지컬,1,0.047619047619047616
심새인,연극,19,0.9047619047619048
심새인,현대무용,1,0.047619047619047616
심선민,기악,4,1.0
심설인,기악,4,0.26666666666666666
심설인,뮤지컬,11,0.7333333333333333
심성일,연극,3,1.0
심성필,연극,1,1.0
심세인,연극,1,1.0
심소라,성악,1,1.0
심소연,기악,1,1.0
심솔,현대무용,1,1.0
심수아,연극,1,1.0
심수연,현대무용,1,1.0
심숙경,한국무용,1,1.0
심승우,서커스/마술,10,1.0
심아영,연극,1,1.0
심연수,스트리트/스포츠댄스,1,1.0
심연아,기악,1,1.0
심연주,기타,1,0.05263157894736842
심연주,넌버벌 퍼포먼스,1,0.05263157894736842
심연주,마임,1,0.05263157894736842
심연주,뮤지컬,4,0.21052631578947367
심연주,악극,7,0.3684210526315789
심연주,연극,4,0.21052631578947367
심연주,오페라,1,0.05263157894736842
심영민,연극,4,1.0
심영섭,악극,1,0.25
심영섭,연극,3,0.75
심영준,연극,1,1.0
심예리,연극,1,1.0
심예린,오페라,2,1.0
심완,뮤지컬,2,1.0
심우선,연극,1,1.0
심우성,연극,1,1.0
심우인,연극,1,1.0
심운정,현대무용,1,1.0
심윤정,뮤지컬,4,1.0
심은경,연극,1,1.0
심은별,기악,1,1.0
심은보,연극,1,1.0
심은용,연극,3,0.75
심은용,한국무용,1,0.25
심이다은,연극,1,1.0
심인규,연극,1,1.0
심재균,연극,1,1.0
심재근,연극,2,1.0
심재민,연극,1,1.0
심재연,기악,2,0.6666666666666666
심재연,성악,1,0.3333333333333333
심재영,연극,1,1.0
심재욱,뮤지컬,2,0.25
심재욱,연극,5,0.625
심재욱,현대무용,1,0.125
심재은,연극,1,1.0
심재찬,연극,5,1.0
심재형,연극,1,1.0
심재훈,뮤지컬,3,1.0
심주영,기악,1,0.5
심주영,연희,1,0.5
심주한,뮤지컬,1,1.0
심준,뮤지컬,3,0.375
심준,연극,5,0.625
심준보,마임,1,0.25
심준보,뮤지컬,1,0.25
심준보,연극,2,0.5
심지,성악,1,1.0
심지윤,연극,1,1.0
심지현,연극,5,1.0
심지혜,연극,2,1.0
심지후,기악,1,0.2
심지후,연극,4,0.8
심진,연극,1,1.0
심진섭,오페라,1,1.0
심찬양,뮤지컬,1,1.0
심창훈,연극,1,1.0
심채선,연극,4,0.8
심채선,인형극,1,0.2
심태선,뮤지컬,4,0.8
심태선,악극,1,0.2
심페이 야마다,연극,1,1.0
심현승,연극,1,1.0
심현정,기악,2,1.0
심현호,성악,1,1.0
심형우,연극,5,1.0
심혜림,뮤지컬,1,1.0
심홍철,연극,4,1.0
심효정,연극,1,1.0
심희주,성악,1,1.0
심희진,기악,2,1.0
싱성호,연극,1,1.0
쓰치다 히데오,연극,1,1.0
아그리피나 바가노바,발레,1,1.0
아나펠라 폴라타이바오,연극,1,1.0
아네스 앙리,현대무용,1,1.0
아돌프 아당,발레,10,1.0
아디티 바그와트,현대무용,1,1.0
아딥 고르바니,연극,1,1.0
아룬 마샬,현대무용,1,1.0
아르노 베르나르,오페라,1,1.0
아리고 보이토,오페라,1,1.0
아리솔,연극,1,1.0
아리엘 도르프만,연극,1,1.0
아미르 레자 쿠헤스타니,연극,1,1.0
아서 로렌츠,뮤지컬,2,1.0
아소 케이코,인형극,2,1.0
아우렐리오 클롬보,오페라,1,1.0
아자데 샤미리,연극,1,1.0
아카다 토모히로,연극,2,1.0
아크람 칸,현대무용,1,1.0
아키노 료타,연극,1,1.0
아토니 도웰,발레,1,1.0
아현경,연극,1,1.0
아흐노 베르나르,오페라,1,1.0
아흐노 베흐나르,오페라,1,1.0
아흐노 베흐나흐,오페라,2,1.0
안갑성,뮤지컬,1,1.0
안건우,연극,4,1.0
안겸,현대무용,2,1.0
안경모,기악,1,0.058823529411764705
안경모,발레,1,0.058823529411764705
안경모,성악,1,0.058823529411764705
안경모,연극,5,0.29411764705882354
안경모,연희,1,0.058823529411764705
안경모,오페라,2,0.11764705882352941
안경모,현대무용,4,0.23529411764705882
안경모,혼합,2,0.11764705882352941
안경문,연극,1,1.0
안경용,연극,13,1.0
안경희,연극,1,0.5
안경희,한국무용,1,0.5
안광휘,연극,1,1.0
안규림,연극,1,1.0
안균형,성악,2,1.0
안근후,연극,1,1.0
안기옥,성악,1,1.0
안기혁,뮤지컬,1,0.3333333333333333
안기혁,연극,2,0.6666666666666666
안기현,연극,1,1.0
안꽃님,연극,1,1.0
안남경,연극,1,1.0
안남근,현대무용,2,1.0
안남수,뮤지컬,1,0.3333333333333333
안남수,연극,2,0.6666666666666666
안느 테레사 드 케이르스마커,현대무용,1,1.0
안다빈,대중가요,4,0.6666666666666666
안다빈,서커스/마술,1,0.16666666666666666
안다빈,성악,1,0.16666666666666666
안다연,뮤지컬,1,0.5
안다연,연극,1,0.5
안다인,연극,1,1.0
안달훈,연극,4,1.0
안대천,한국무용,1,0.2
안대천,혼합,4,0.8
안덕기,한국무용,1,1.0
안도영,연극,1,1.0
안동규,한국무용,1,1.0
안동용,대중가요,1,1.0
안동재,뮤지컬,1,1.0
안동진,기악,1,1.0
안동찬,성악,1,0.5
안동찬,한국무용,1,0.5
안동호,기악,3,1.0
안두진,기타,1,1.0
안두현,기악,11,0.8461538461538461
안두현,성악,2,0.15384615384615385
안드레아 카펠레리,오페라,1,1.0
안드레아스 슐러,오페라,1,1.0
안로검,연극,4,1.0
안로겸,연극,1,1.0
안리준,뮤지컬,1,0.3333333333333333
안리준,연극,2,0.6666666666666666
안마루,연극,2,1.0
안명주,기악,8,1.0
안미경,뮤지컬,1,0.3333333333333333
안미경,연극,2,0.6666666666666666
안미나,인형극,1,0.5
안미나,창극,1,0.5
안미랑,뮤지컬,1,1.0
안미빈,기악,1,1.0
안미영,연극,1,1.0
안미현,기악,3,0.75
안미현,뮤지컬,1,0.25
안미혜,연극,2,1.0
안민열,연극,10,1.0
안민정,기악,1,1.0
안민호,연극,1,1.0
안병구,넌버벌 퍼포먼스,1,0.16666666666666666
안병구,뮤지컬,3,0.5
안병구,성악,1,0.16666666666666666
안병구,연극,1,0.16666666666666666
안병순,현대무용,3,1.0
안병주,한국무용,2,1.0
안병준,성악,1,0.5
안병준,연극,1,0.5
안보리,연극,4,1.0
안보윤,연극,1,1.0
안비화,성악,1,1.0
안사라,기타,1,0.3333333333333333
안사라,뮤지컬,1,0.3333333333333333
안사라,연극,1,0.3333333333333333
안상수,성악,1,1.0
안상우,연극,7,1.0
안상욱,서커스/마술,1,0.25
안상욱,재즈/월드뮤직,1,0.25
안상욱,혼합,2,0.5
안상태,연극,1,1.0
안상화,한국무용,1,1.0
안서연,연극,2,0.6666666666666666
안서연,현대무용,1,0.3333333333333333
안서희,연극,1,1.0
안선경,연극,1,1.0
안선애,오페라,2,1.0
안선영,성악,1,1.0
안선우,성악,1,1.0
안성국,오페라,2,1.0
안성균,대중가요,1,1.0
안성민,기악,1,1.0
안성수,현대무용,8,1.0
안성준,기악,1,1.0
안성채,연극,1,1.0
안성헌,연극,2,1.0
안성혁,기악,1,1.0
안성현,연극,3,1.0
안성혜,연극,4,1.0
안성환,연극,1,0.5
안성환,현대무용,1,0.5
안세빈,연극,2,1.0
안세운,연극,2,1.0
안세현,발레,1,1.0
안세희,연극,1,1.0
안소림,연극,1,1.0
안소미,연극,4,1.0
안소영,연극,10,1.0
안소정,뮤지컬,2,0.6666666666666666
안소정,연극,1,0.3333333333333333
안소진,연극,2,1.0
안소현,연극,2,1.0
안송은,발레,1,1.0
안수경,연극,1,1.0
안수빈,연극,1,1.0
안수영,연극,1,0.3333333333333333
안수영,현대무용,2,0.6666666666666666
안수지,한국무용,3,1.0
안수현,뮤지컬,3,0.6
안수현,연극,1,0.2
안수현,재즈/월드뮤직,1,0.2
안수환,기악,1,1.0
안숙선,뮤지컬,1,0.16666666666666666
안숙선,성악,1,0.16666666666666666
안숙선,창극,4,0.6666666666666666
안순선,창극,1,1.0
안순성,연극,1,1.0
안슬이,연극,1,1.0
안승수,연극,1,1.0
안승주,연극,1,1.0
안승찬,연극,1,1.0
안승철,기악,1,1.0
안시원,연극,1,1.0
안시현,성악,1,1.0
안애순,한국무용,1,0.058823529411764705
안애순,현대무용,16,0.9411764705882353
안애술,현대무용,1,1.0
안에스더,연극,1,1.0
안연제,연극,1,1.0
안연주,연극,1,1.0
안영숙,기악,1,1.0
안영은,뮤지컬,91,1.0
안영일,오페라,1,1.0
안영준,연극,1,0.16666666666666666
안영준,현대무용,5,0.8333333333333334
안영현,연극,1,1.0
안영환,현대무용,1,1.0
안예은,뮤지컬,2,1.0
안왕기,연극,2,1.0
안용,연극,1,1.0
안용주,기악,1,1.0
안용철,연극,1,1.0
안원지,연극,1,1.0
안유선,연극,1,1.0
안유주,연극,1,1.0
안유진,현대무용,1,1.0
안윤국,연극,5,1.0
안윤미,뮤지컬,1,0.5
안윤미,연극,1,0.5
안윤진,뮤지컬,1,0.5
안윤진,현대무용,1,0.5
안윤철,연극,1,1.0
안은미,성악,1,0.05
안은미,한국무용,1,0.05
안은미,현대무용,18,0.9
안은비,뮤지컬,1,0.5
안은비,연극,1,0.5
안은샘,연극,2,1.0
안은영,기악,3,1.0
안은정,재즈/월드뮤직,1,1.0
안의숙,인형극,1,1.0
안이서,연희,1,1.0
안인모,기악,1,1.0
안인석,기악,1,0.5
안인석,뮤지컬,1,0.5
안자 뢰터캄프,현대무용,1,1.0
안재경,기악,1,1.0
안재령,기악,1,1.0
안재성,기악,1,1.0
안재승,뮤지컬,9,0.9
안재승,연극,1,0.1
안재연,발레,1,0.5
안재연,연극,1,0.5
안재영,현대무용,1,1.0
안재은,연극,1,1.0
안재준,연극,1,1.0
안재환,연극,1,1.0
안정모,마임,1,0.3333333333333333
안정모,뮤지컬,1,0.3333333333333333
안정모,서커스/마술,1,0.3333333333333333
안정미,뮤지컬,2,1.0
안정민,뮤지컬,2,0.14285714285714285
안정민,연극,12,0.8571428571428571
안정숙,한국무용,1,1.0
안정아,연극,1,1.0
안정하,뮤지컬,2,1.0
안정훈,연극,4,1.0
안제홍,연극,2,1.0
안종도,기악,3,0.75
안종도,연극,1,0.25
안종민,뮤지컬,3,0.75
안종민,연극,1,0.25
안종원,뮤지컬,2,1.0
안종희,기악,1,1.0
안주은,성악,2,0.2
안주은,오페라,8,0.8
안주희,스트리트/스포츠댄스,1,0.16666666666666666
안주희,현대무용,4,0.6666666666666666
안주희,혼합,1,0.16666666666666666
안준기,연극,2,1.0
안준성,연극,1,1.0
안준영,뮤지컬,1,0.1111111111111111
안준영,연극,8,0.8888888888888888
안준원,연극,6,1.0
안준형,마임,1,0.1111111111111111
안준형,뮤지컬,5,0.5555555555555556
안준형,연극,3,0.3333333333333333
안지선,성악,19,0.95
안지선,악극,1,0.05
안지영,성악,1,1.0
안지완,연극,2,1.0
안지은,기악,1,0.5
안지은,오페라,1,0.5
안지현,기악,1,0.1
안지현,연극,5,0.5
안지현,한국무용,2,0.2
안지현,현대무용,2,0.2
안지형,현대무용,4,1.0
안지혜,현대무용,1,1.0
안지환,성악,1,0.125
안지환,오페라,7,0.875
안진기,뮤지컬,1,1.0
안진상,연극,1,1.0
안진성,기악,1,0.02702702702702703
안진성,뮤지컬,31,0.8378378378378378
안진성,성악,3,0.08108108108108109
안진성,연희,1,0.02702702702702703
안진성,오페라,1,0.02702702702702703
안진희,연극,1,1.0
안창경,뮤지컬,1,1.0
안창용,뮤지컬,1,0.25
안창용,연극,2,0.5
안창용,현대무용,1,0.25
안채현,연극,1,1.0
안치선,연극,1,1.0
안태규,연극,15,1.0
안태훈,연극,1,1.0
안학원,연극,1,1.0
안해림,기악,1,1.0
안해인,연극,1,1.0
안헤민,연극,2,1.0
안혁선,성악,1,1.0
안혁원,뮤지컬,3,0.15
안혁원,연극,17,0.85
안현,연극,4,1.0
안현근,연극,1,1.0
안현석,뮤지컬,4,1.0
안현순,성악,1,1.0
안현정,기악,2,0.4
안현정,연극,3,0.6
안현주,기악,1,0.25
안현주,뮤지컬,1,0.25
안현주,연극,2,0.5
안현진,연극,2,1.0
안형국,뮤지컬,4,1.0
안형록,연극,1,0.25
안형록,오페라,1,0.25
안형록,현대무용,2,0.5
안혜리,연극,1,1.0
안혜민,대중가요,1,0.14285714285714285
안혜민,연극,5,0.7142857142857143
안혜민,인형극,1,0.14285714285714285
안혜승,기악,2,1.0
안혜진,뮤지컬,1,0.5
안혜진,연극,1,0.5
안호영,오페라,1,1.0
안호원,오페라,2,1.0
안효경,연극,1,1.0
안효영,성악,4,0.6666666666666666
안효영,오페라,2,0.3333333333333333
안효정,한국무용,1,1.0
안휘태,연극,1,1.0
안희경,연극,1,0.5
안희경,혼합,1,0.5
안희도,성악,1,1.0
안희성,연극,3,1.0
안희정,기악,3,0.6
안희정,오페라,2,0.4
안희주,연극,2,1.0
안희준,오페라,2,1.0
안희철,성악,2,0.2857142857142857
안희철,연극,5,0.7142857142857143
알라나 호가트,연극,1,1.0
알랭 젠킨스,연극,1,1.0
알레산드로 카메라,오페라,2,1.0
알레산드로 타베르마,현대무용,1,1.0
알렉산더 니티이,발레,2,1.0
알렉산드로,오페라,1,1.0
알렉산드로 카메라,오페라,1,1.0
알렉산드르 고르스키,발레,1,1.0
알렉스 스텐하우스,뮤지컬,1,1.0
알렉스 오예,오페라,1,1.0
알렉스 팀버스,뮤지컬,2,1.0
알렌산더 소디,오페라,4,1.0
알리시아 데 라 캄파 박,연극,1,1.0
알마트 아비셰프,뮤지컬,1,1.0
알버트 코엔,뮤지컬,1,1.0
알빈 미셸 주네세,인형극,2,1.0
앙드레 파토,연극,1,1.0
앙드레아 파시오토,연극,1,1.0
앙헬 로하스,뮤지컬,1,1.0
애나 존슨,넌버벌 퍼포먼스,2,1.0
애니 베이커,연극,1,1.0
애드리언 델라스,발레,1,1.0
앤드류 로이드 웨버,뮤지컬,4,1.0
앤드류 리빙스톤,연극,2,1.0
앤드류 사비스톤,뮤지컬,1,1.0
앤드류 아담슨,뮤지컬,1,1.0
앤디 세뇨르 주니어,뮤지컬,2,1.0
앤서니 멧세나,현대무용,1,1.0
야나 부르키에비초바,현대무용,1,1.0
야체크 프시비워비치,현대무용,1,1.0
야쿠브 율리네크,발레,1,1.0
얀 미루시치,현대무용,1,1.0
양가희,연극,2,1.0
양경아,기악,1,0.3333333333333333
양경아,성악,1,0.3333333333333333
양경아,오페라,1,0.3333333333333333
양경웅,연극,2,1.0
양경진,연극,8,1.0
양국선,연극,2,1.0
양권석,뮤지컬,2,0.4
양권석,연극,3,0.6
양근수,뮤지컬,1,1.0
양근아,연극,1,1.0
양근애,연극,3,1.0
양기영,오페라,2,1.0
양기찬,연극,7,1.0
양길모,뮤지컬,8,1.0
양길호,연극,2,1.0
양다영,발레,1,1.0
양대은,연극,3,1.0
양도선,뮤지컬,1,0.5
양도선,한국무용,1,0.5
양동륜,기악,1,1.0
양동민,기악,2,0.4
양동민,연극,3,0.6
양동주,현대무용,1,1.0
양동진,연극,1,1.0
양동현,한국무용,1,1.0
양동환,뮤지컬,1,1.0
양륜기,서커스/마술,4,1.0
양명은,발레,1,1.0
양모란,뮤지컬,1,1.0
양문섭,연극,1,1.0
양문수,뮤지컬,2,0.2857142857142857
양문수,연극,5,0.7142857142857143
양문정,연극,1,1.0
양문창,스트리트/스포츠댄스,1,0.5
양문창,연극,1,0.5
양문희,기타,1,1.0
양미경,뮤지컬,2,0.5
양미경,연극,2,0.5
양미지,연극,1,0.25
양미지,인형극,3,0.75
양민영,연극,1,1.0
양방언,기타,1,0.5
양방언,연희,1,0.5
양병현,현대무용,1,1.0
양병환,연극,16,1.0
양병훈,연극,1,1.0
양보현,연극,2,1.0
양상아,연극,1,1.0
양상진,오페라,1,1.0
양서연,현대무용,1,1.0
양서진,연극,1,1.0
양서희,발레,2,1.0
양선영,연극,1,1.0
양선용,기악,1,0.2
양선용,대중가요,1,0.2
양선용,성악,1,0.2
양선용,악극,1,0.2
양선용,연극,1,0.2
양선우,혼합,1,1.0
양선희,한국무용,1,1.0
양설희,연극,1,1.0
양성식,기악,3,1.0
양성애,연극,2,1.0
양성옥,한국무용,2,1.0
양성원,기악,22,1.0
양성필,한국무용,1,0.5
양성필,혼합,1,0.5
양성훈,연극,1,1.0
양세은,연극,1,1.0
양소담,연극,1,1.0
양소희,연극,2,1.0
양송미,오페라,1,1.0
양수근,뮤지컬,3,0.25
양수근,연극,6,0.5
양수근,인형극,3,0.25
양수민,연극,1,1.0
양수별,연극,1,1.0
양수빈,연극,1,1.0
양수연,연극,1,0.07692307692307693
양수연,오페라,9,0.6923076923076923
양수연,현대무용,1,0.07692307692307693
양수연,혼합,2,0.15384615384615385
양수은,인형극,1,1.0
양수화,오페라,3,1.0
양순희,현대무용,1,1.0
양승관,한국무용,1,0.5
양승관,현대무용,1,0.5
양승동,연극,4,1.0
양승민,연극,2,1.0
양승엽,성악,1,1.0
양승옥,성악,1,1.0
양승은,성악,1,1.0
양승일,연극,1,1.0
양승주,연극,1,1.0
양승진,뮤지컬,1,0.5
양승진,연극,1,0.5
양승호,뮤지컬,1,1.0
양승환,기악,7,0.2413793103448276
양승환,대중가요,1,0.034482758620689655
양승환,뮤지컬,10,0.3448275862068966
양승환,연극,10,0.3448275862068966
양승환,혼합,1,0.034482758620689655
양승희,연극,1,1.0
양신승,혼합,1,1.0
양신호,연극,1,1.0
양안수,연극,1,1.0
양양,연극,1,1.0
양여진,오페라,1,1.0
양연은,발레,1,1.0
양연주,연극,1,1.0
양영은,발레,15,1.0
양영진,뮤지컬,1,1.0
양영호,뮤지컬,1,1.0
양완식,기악,1,1.0
양왕열,재즈/월드뮤직,1,1.0
양요한,연극,1,1.0
양용준,한국무용,1,0.3333333333333333
양용준,현대무용,2,0.6666666666666666
양용환,성악,1,1.0
양우진,연극,2,1.0
양욱진,기악,2,1.0
양원영,혼합,1,1.0
양유빈,뮤지컬,1,1.0
양유진,연극,3,1.0
양윤소,뮤지컬,1,1.0
양윤희,기악,1,0.5
양윤희,현대무용,1,0.5
양은서,오페라,1,1.0
양은숙,악극,3,0.3333333333333333
양은숙,연극,6,0.6666666666666666
양은순,연극,1,1.0
양은실,연극,1,1.0
양은영,연극,3,1.0
양은진,연극,1,1.0
양은헤,현대무용,1,1.0
양은혜,기악,1,0.3333333333333333
양은혜,현대무용,2,0.6666666666666666
양이삭,연극,3,1.0
양이슬,성악,1,1.0
양이준,연극,1,1.0
양인선,뮤지컬,1,1.0
양인자,뮤지컬,2,1.0
양인혁,연극,1,1.0
양자경,마임,1,1.0
양자영,재즈/월드뮤직,1,1.0
양재무,성악,2,0.5
양재무,오페라,2,0.5
양재영,기악,1,0.16666666666666666
양재영,뮤지컬,1,0.16666666666666666
양재영,연극,4,0.6666666666666666
양재천,오페라,1,1.0
양재훈,성악,2,1.0
양전형,연극,1,1.0
양정모,연극,1,1.0
양정민,기악,1,1.0
양정수,현대무용,1,1.0
양정욱,연극,1,1.0
양정웅,뮤지컬,1,0.125
양정웅,연극,7,0.875
양정인,연극,4,1.0
양정현,연극,7,0.875
양정현,현대무용,1,0.125
양정화,연극,1,1.0
양조아,연극,1,1.0
양종승,한국무용,2,1.0
양종욱,연극,2,1.0
양종윤,연극,6,0.8571428571428571
양종윤,인형극,1,0.14285714285714285
양주인,뮤지컬,23,1.0
양준모,뮤지컬,4,1.0
양지모,연극,11,1.0
양지안,연극,1,1.0
양지연,뮤지컬,1,0.5
양지연,연극,1,0.5
양지영,오페라,1,1.0
양지운,연극,1,1.0
양지울,현대무용,1,1.0
양지은,기악,1,1.0
양지해,뮤지컬,6,0.75
양지해,악극,1,0.125
양지해,연극,1,0.125
양지훈,연극,1,1.0
양진모,오페라,15,1.0
양진서,연극,1,1.0
양진수,악극,1,1.0
양진영,뮤지컬,1,0.25
양진영,연극,3,0.75
양진우,연극,2,1.0
양진춘,연극,1,1.0
양찬주,연극,1,1.0
양찬희,성악,1,1.0
양채은,대중가요,1,0.5
양채은,연극,1,0.5
양청휘,오페라,1,1.0
양태석,한국무용,2,1.0
양태진,연극,2,1.0
양태훈,기악,1,0.5
양태훈,연극,1,0.5
양하연,연극,2,1.0
양하영,뮤지컬,1,1.0
양하정,현대무용,1,1.0
양한비,현대무용,1,1.0
양해연,연극,5,1.0
양현미,연극,1,1.0
양현석,연극,2,0.6666666666666666
양현석,현대무용,1,0.3333333333333333
양현아,연극,1,1.0
양현웅,서커스/마술,1,1.0
양현정,연극,1,1.0
양현지,연극,1,1.0
양혜영,혼합,1,1.0
양혜원,연극,1,1.0
양혜은,연극,1,1.0
양혜정,기악,1,0.3333333333333333
양혜정,연극,2,0.6666666666666666
양호성,악극,1,1.0
양호일,연극,1,1.0
양호진,뮤지컬,1,1.0
양효석,연극,1,1.0
양효윤,연극,4,1.0
양훈철,연극,1,1.0
양희영,기악,1,1.0
양희윤,뮤지컬,1,0.2
양희윤,연극,3,0.6
양희윤,현대무용,1,0.2
양희정,연극,2,1.0
양희진,연극,1,1.0
어거스트 스트린드베리,연극,1,1.0
어경준,연극,1,1.0
어니 루벤슈타인,뮤지컬,1,1.0
어소정,연극,1,1.0
어영애,기악,1,1.0
어일선,연극,2,1.0
어혜준,뮤지컬,1,1.0
얻몽열,뮤지컬,1,1.0
엄국천,혼합,1,1.0
엄기영,뮤지컬,1,1.0
엄기웅,스트리트/스포츠댄스,1,1.0
엄기원,연극,1,1.0
엄다해,뮤지컬,3,1.0
엄덕영,발레,1,0.3333333333333333
엄덕영,연극,1,0.3333333333333333
엄덕영,한국무용,1,0.3333333333333333
엄동열,넌버벌 퍼포먼스,10,0.5263157894736842
엄동열,뮤지컬,7,0.3684210526315789
엄동열,연극,2,0.10526315789473684
엄보영,성악,4,1.0
엄서현,연극,3,1.0
엄선미,연극,1,1.0
엄선민,한국무용,1,1.0
엄성현,연극,1,1.0
엄소연,대중가요,1,1.0
엄수현,뮤지컬,1,1.0
엄숙정,성악,7,0.3888888888888889
엄숙정,오페라,11,0.6111111111111112
엄연식,기악,1,1.0
엄예솔,연극,4,1.0
엄예은,서커스/마술,1,1.0
엄예지,연극,1,1.0
엄옥자,한국무용,2,1.0
엄용순,기악,1,1.0
엄윤기,뮤지컬,40,1.0
엄인희,연극,1,1.0
엄재민,기악,1,1.0
엄재용,발레,1,1.0
엄준용,연극,1,1.0
엄진선,연극,8,1.0
엄찬우,기악,1,1.0
엄철호,연극,1,1.0
엄태경,뮤지컬,1,1.0
엄태준,연극,1,1.0
엄태환,뮤지컬,4,0.3333333333333333
엄태환,연극,8,0.6666666666666666
엄태훈,연극,11,1.0
엄홍현,넌버벌 퍼포먼스,1,0.015625
엄홍현,뮤지컬,63,0.984375
엄희준,뮤지컬,1,0.3333333333333333
엄희준,연극,2,0.6666666666666666
에드몽 로스탕,연극,1,1.0
에르베 쿠비,현대무용,1,1.0
에르제베트 갸르마티,현대무용,1,1.0
에른스트 피뇽 에른스트,발레,2,1.0
에릭 고티에,발레,1,1.0
에릭 민 쿠엉 카스테잉,현대무용,1,1.0
에마누엘 쉬카네더,오페라,4,1.0
에밀 졸라,뮤지컬,1,1.0
에밀리 룬드,연극,1,1.0
에반-알렉시스 크리스트,오페라,1,1.0
에스테르 살라몬,현대무용,1,1.0
에슬리차 포포바,발레,1,1.0
에아 토라도,현대무용,1,1.0
에이드리언 노블,오페라,1,1.0
엘레나 두비네츠,기악,1,1.0
엘렌 윈드호스트,뮤지컬,1,1.0
엘리스 앙리,연극,1,1.0
엘리자베스 마리 라벡 방케,연극,1,1.0
엘튼 존,뮤지컬,2,1.0
여가휘,연극,2,1.0
여경민,오페라,1,1.0
여국군,뮤지컬,1,0.125
여국군,연극,7,0.875
여무영,연극,1,1.0
여민영,혼합,1,1.0
여성구,인형극,1,1.0
여순광,서커스/마술,1,1.0
여승용,뮤지컬,8,0.47058823529411764
여승용,연극,9,0.5294117647058824
여신동,뮤지컬,5,0.10204081632653061
여신동,성악,22,0.4489795918367347
여신동,연극,21,0.42857142857142855
여신동,혼합,1,0.02040816326530612
여온,연극,8,1.0
여울,혼합,1,1.0
여의주,대중가요,1,1.0
여인찬,연극,1,1.0
여자경,기악,11,0.6875
여자경,성악,1,0.0625
여자경,오페라,4,0.25
여재환,연극,1,1.0
여정윤,오페라,2,1.0
여지윤,대중가요,1,0.5
여지윤,성악,1,0.5
여지은,연극,2,1.0
여혜숙,기악,1,1.0
여혜진,연극,1,1.0
여훈,발레,4,1.0
여희명,기악,1,1.0
여희영,기악,3,1.0
여희찬,연극,1,1.0
연경진,뮤지컬,1,0.5
연경진,성악,1,0.5
연리목,뮤지컬,5,0.7142857142857143
연리목,서커스/마술,1,0.14285714285714285
연리목,혼합,1,0.14285714285714285
연분홍,뮤지컬,4,1.0
연용희,연극,1,1.0
연제은,연극,1,1.0
연제환,연극,1,1.0
연지아,연극,10,1.0
연충흠,오페라,1,1.0
연태흠,뮤지컬,1,1.0
연파랑,연극,4,1.0
연하늘,기악,1,1.0
염경관,기악,1,1.0
염경아,뮤지컬,1,1.0
염경호,기악,1,0.5
염경호,대중가요,1,0.5
염기윤,뮤지컬,4,0.8
염기윤,연극,1,0.2
염미정,뮤지컬,1,1.0
염보라,연극,1,1.0
염성민,재즈/월드뮤직,1,1.0
염연주,뮤지컬,1,1.0
염용군,연극,1,1.0
염용균,넌버벌 퍼포먼스,8,0.4444444444444444
염용균,뮤지컬,5,0.2777777777777778
염용균,악극,3,0.16666666666666666
염용균,연극,2,0.1111111111111111
염정은,연극,5,1.0
염준석,기악,1,0.5
염준석,연희,1,0.5
염준현,연극,1,1.0
염지선,연극,1,1.0
염지우,연극,1,1.0
염지웅,연극,1,1.0
염지호,연극,2,1.0
염진솔,현대무용,1,1.0
염창선,연극,2,1.0
엽태준,현대무용,1,1.0
예병대,성악,2,0.2
예병대,연극,7,0.7
예병대,오페라,1,0.1
예성훈,성악,1,1.0
예수빈,오페라,1,1.0
예신해,연극,1,1.0
예일,연극,1,1.0
예주열,뮤지컬,1,1.0
오가영,뮤지컬,2,1.0
오가현,연극,2,1.0
오경열,기악,6,1.0
오경택,뮤지컬,1,0.02631578947368421
오경택,연극,29,0.7631578947368421
오경택,한국무용,7,0.18421052631578946
오경택,현대무용,1,0.02631578947368421
오계영,연극,5,0.8333333333333334
오계영,오페라,1,0.16666666666666666
오광욱,뮤지컬,2,0.4
오광욱,연극,3,0.6
오귀스트 부르농빌,발레,1,1.0
오금희,연극,2,1.0
오기택,연극,5,1.0
오남이,연극,1,1.0
오노 마사오,인형극,3,1.0
오능희,성악,1,0.5
오능희,오페라,1,0.5
오다민,뮤지컬,1,1.0
오다은,뮤지컬,2,1.0
오도현,연극,1,1.0
오동국,기악,1,0.09090909090909091
오동국,성악,8,0.7272727272727273
오동국,오페라,2,0.18181818181818182
오동석,넌버벌 퍼포먼스,1,0.1111111111111111
오동석,뮤지컬,3,0.3333333333333333
오동석,서커스/마술,1,0.1111111111111111
오동석,연극,3,0.3333333333333333
오동석,인형극,1,0.1111111111111111
오득영,뮤지컬,1,1.0
오레지나,한국무용,1,1.0
오루피나,뮤지컬,34,0.9714285714285714
오루피나,연극,1,0.02857142857142857
오류미,뮤지컬,1,1.0
오륜,연극,1,1.0
오리 리치틱,현대무용,1,1.0
오리라,뮤지컬,2,0.5
오리라,연극,2,0.5
오만석,연극,3,1.0
오만호,연극,1,1.0
오미선,뮤지컬,1,1.0
오미영,뮤지컬,14,0.9333333333333333
오미영,연극,1,0.06666666666666667
오미정,기악,1,1.0
오미주,기악,1,1.0
오미환,성악,1,1.0
오민경,뮤지컬,2,1.0
오민석,뮤지컬,1,0.5
오민석,연극,1,0.5
오민수,스트리트/스포츠댄스,1,1.0
오민영,뮤지컬,28,0.9655172413793104
오민영,연극,1,0.034482758620689655
오범석,연극,1,1.0
오병돈,연극,1,1.0
오병희,기악,7,0.3181818181818182
오병희,성악,15,0.6818181818181818
오보석,연극,1,1.0
오상열,발레,1,1.0
오상영,혼합,1,1.0
오상운,연극,4,0.8
오상운,현대무용,1,0.2
오상원,뮤지컬,3,1.0
오상은,연극,1,1.0
오상준,뮤지컬,1,1.0
오상현,뮤지컬,51,1.0
오상훈,기악,1,1.0
오서은,뮤지컬,8,1.0
오서현,연극,1,1.0
오선명,현대무용,1,1.0
오선민,혼합,1,1.0
오선주,성악,2,1.0
오설균,뮤지컬,2,0.16666666666666666
오설균,연극,10,0.8333333333333334
오성경,연극,1,1.0
오성균,연극,1,1.0
오성룡,오페라,4,1.0
오성민,뮤지컬,4,0.8
오성민,연극,1,0.2
오성완,연극,13,1.0
오성운,오페라,1,1.0
오성준,연극,1,1.0
오성택,연극,4,1.0
오세곤,연극,22,1.0
오세관,연극,1,1.0
오세란,마당극,1,0.3333333333333333
오세란,연희,1,0.3333333333333333
오세란,혼합,1,0.3333333333333333
오세린,기악,2,0.6666666666666666
오세린,성악,1,0.3333333333333333
오세민,기악,1,0.25
오세민,뮤지컬,2,0.5
오세민,성악,1,0.25
오세신,연극,1,1.0
오세일,기악,1,0.5
오세일,오페라,1,0.5
오세준,뮤지컬,3,0.6
오세준,연극,2,0.4
오세혁,뮤지컬,43,0.5657894736842105
오세혁,연극,32,0.42105263157894735
오세혁,현대무용,1,0.013157894736842105
오세형,뮤지컬,1,1.0
오솔,뮤지컬,1,1.0
오수경,연극,11,1.0
오수미,현대무용,1,1.0
오수빈,연극,2,1.0
오수윤,뮤지컬,1,1.0
오수정,연극,2,1.0
오수진,연극,1,1.0
오수현,뮤지컬,2,0.3333333333333333
오수현,연극,4,0.6666666666666666
오숙자,기악,1,1.0
오순조,연극,1,1.0
오순화,기악,6,1.0
오순희,연극,1,1.0
오스카 해머슽타인,뮤지컬,1,1.0
오승아,연극,1,1.0
오승욱,연극,6,1.0
오승일,연극,4,1.0
오승재,연희,1,1.0
오승현,뮤지컬,5,0.625
오승현,연극,3,0.375
오시내,기타,1,1.0
오신현,성악,1,1.0
오에바다,연극,1,1.0
오여진,뮤지컬,1,0.5
오여진,연극,1,0.5
오연주,성악,1,0.5
오연주,오페라,1,0.5
오영민,연극,3,1.0
오영석,연극,2,1.0
오영섭,뮤지컬,6,1.0
오영일,연극,1,1.0
오영진,뮤지컬,2,0.5
오영진,연극,2,0.5
오영현,연극,1,1.0
오영호,연극,1,1.0
오영훈,기악,1,0.3333333333333333
오영훈,연희,1,0.3333333333333333
오영훈,혼합,1,0.3333333333333333
오예민,기악,2,1.0
오예승,기악,1,0.125
오예승,성악,2,0.25
오예승,악극,1,0.125
오예승,오페라,4,0.5
오예영,연극,1,1.0
오예진,연극,1,1.0
오용철,기악,1,1.0
오우성,연극,1,1.0
오우철,연극,1,1.0
오운근,성악,1,1.0
오원준,뮤지컬,1,1.0
오원택,기악,1,0.5
오원택,성악,1,0.5
오유리,뮤지컬,2,0.6666666666666666
오유리,오페라,1,0.3333333333333333
오유빈,한국무용,1,1.0
오유선,뮤지컬,1,1.0
오유진,연극,2,1.0
오윤구,연극,1,1.0
오윤균,오페라,3,1.0
오윤정,연극,1,1.0
오윤주,연극,1,1.0
오윤형,현대무용,1,1.0
오은경,성악,1,0.25
오은경,연극,3,0.75
오은명,한국무용,1,1.0
오은별,연극,1,1.0
오은정,기악,2,0.6666666666666666
오은정,성악,1,0.3333333333333333
오은지,연극,1,1.0
오은혜,재즈/월드뮤직,1,1.0
오은희,뮤지컬,1,0.5
오은희,오페라,1,0.5
오이돈,기악,1,0.2
오이돈,오페라,4,0.8
오인돈,오페라,1,1.0
오인두,연극,1,1.0
오인석,연극,1,1.0
오인순,연극,1,1.0
오인아,성악,1,1.0
오인하,뮤지컬,1,0.07142857142857142
오인하,연극,13,0.9285714285714286
오일룡,연극,1,1.0
오일영,연극,1,1.0
오장석,기타,2,0.25
오장석,대중가요,3,0.375
오장석,성악,3,0.375
오장환,성악,2,1.0
오재균,연극,12,1.0
오재우,기악,1,1.0
오재원,현대무용,1,1.0
오재익,뮤지컬,8,1.0
오재진,연극,1,1.0
오재철,재즈/월드뮤직,1,1.0
오재호,연극,1,1.0
오정국,뮤지컬,1,0.16666666666666666
오정국,연극,5,0.8333333333333334
오정단,연극,1,1.0
오정민,연극,2,1.0
오정석,기타,1,0.25
오정석,연극,1,0.25
오정석,인형극,2,0.5
오정원,현대무용,1,1.0
오정윤,한국무용,2,0.6666666666666666
오정윤,현대무용,1,0.3333333333333333
오정은,오페라,1,0.5
오정은,인형극,1,0.5
오정훈,연극,1,1.0
오정희,한국무용,1,1.0
오종무,오페라,1,1.0
오종성,기악,1,1.0
오종우,연극,1,1.0
오종협,연극,1,1.0
오종훈,뮤지컬,1,1.0
오주연,연극,9,1.0
오주영,뮤지컬,1,1.0
오주현,연희,1,1.0
오준석,넌버벌 퍼포먼스,4,0.13333333333333333
오준석,뮤지컬,19,0.6333333333333333
오준석,연극,7,0.23333333333333334
오준혁,뮤지컬,3,0.75
오준혁,성악,1,0.25
오증자,연극,9,1.0
오지나,연극,1,1.0
오지연,연극,4,1.0
오지영,기악,1,0.041666666666666664
오지영,뮤지컬,1,0.041666666666666664
오지영,서커스/마술,1,0.041666666666666664
오지영,오페라,21,0.875
오지용,연극,2,1.0
오지윤,기타,1,0.3333333333333333
오지윤,뮤지컬,1,0.3333333333333333
오지윤,연극,1,0.3333333333333333
오지은,현대무용,2,1.0
오지현,기악,1,1.0
오지혜,성악,2,0.6666666666666666
오지혜,한국무용,1,0.3333333333333333
오진경,한국무용,1,1.0
오진아,연극,1,1.0
오진욱,창극,7,1.0
오진하,연극,3,1.0
오진호,연극,4,1.0
오진희,뮤지컬,1,0.2
오진희,연극,2,0.4
오진희,현대무용,2,0.4
오창록,오페라,1,1.0
오창민,연극,2,1.0
오창석,대중가요,1,1.0
오창현,뮤지컬,1,1.0
오채령,연극,3,1.0
오채민,연극,7,1.0
오채연,연극,1,1.0
오채이,연극,1,1.0
오청우,연극,1,1.0
오충근,기악,18,1.0
오충료으 배소현,연극,1,1.0
오충룡,연극,1,1.0
오충섭,연극,6,1.0
오충수,뮤지컬,3,0.3333333333333333
오충수,연극,6,0.6666666666666666
오치운,연극,1,0.5
오치운,오페라,1,0.5
오타 나오미,연극,3,1.0
오타 신수케,연극,1,1.0
오타 토모카,연극,2,1.0
오탕,연극,3,1.0
오태광,연극,2,1.0
오태영,연극,4,1.0
오태형,재즈/월드뮤직,1,1.0
오태훈,연극,6,1.0
오택조,연극,2,1.0
오판진,연극,1,1.0
오푸름,현대무용,1,1.0
오필영,뮤지컬,2,1.0
오하빈,연극,1,1.0
오하영,뮤지컬,3,1.0
오하진,뮤지컬,1,1.0
오해룡,뮤지컬,2,1.0
오해이,성악,3,1.0
오헤리,뮤지컬,2,1.0
오혁,연극,1,1.0
오현경,연극,1,1.0
오현규,성악,1,1.0
오현기,연극,4,1.0
오현애,혼합,1,1.0
오현우,연극,1,1.0
오현정,연극,1,1.0
오현종,연극,1,1.0
오현주,기악,2,0.4
오현주,연희,3,0.6
오현진,악극,1,1.0
오현택,현대무용,1,1.0
오현희,연극,1,1.0
오혜리,뮤지컬,42,1.0
오혜린,발레,1,1.0
오혜영,뮤지컬,2,1.0
오혜인,기악,2,0.4
오혜인,뮤지컬,3,0.6
오혜진,연극,3,1.0
오홍진,연극,1,1.0
오화연,뮤지컬,1,1.0
오환민,연극,1,1.0
오환희,기악,1,1.0
오훈석,연극,1,1.0
오훈식,뮤지컬,4,1.0
옥경선,뮤지컬,1,1.0
옥민아,연희,1,1.0
옥상훈,기악,1,0.25
옥상훈,발레,1,0.25
옥상훈,현대무용,2,0.5
옥선이,연극,1,1.0
옥종근,인형극,1,1.0
옥창엽,기악,1,1.0
옥창환,연희,1,1.0
옥한나,넌버벌 퍼포먼스,1,0.1111111111111111
옥한나,뮤지컬,6,0.6666666666666666
옥한나,서커스/마술,1,0.1111111111111111
옥한나,연극,1,0.1111111111111111
온서연,연극,1,1.0
온유가,뮤지컬,1,1.0
온지연,연극,1,1.0
올레그 비노그라도프,발레,14,1.0
올레그 비노그라프,발레,1,1.0
올리버 그림,혼합,1,1.0
올리비에 레핀느,서커스/마술,1,1.0
올리비에 피,연극,1,1.0
옹용록,현대무용,1,1.0
옹켕센,창극,1,1.0
왕강민,연극,1,1.0
왕규자,발레,1,1.0
왕기석,창극,3,1.0
왕미영,기악,1,1.0
왕석청,연극,2,1.0
왕석현,성악,1,1.0
왕용범,기악,1,0.14285714285714285
왕용범,뮤지컬,6,0.8571428571428571
왕은미,연극,1,1.0
왕정민,연극,3,1.0
왕정현,연극,1,1.0
왕현지,연극,3,1.0
요 퀴린,뮤지컬,1,1.0
요나 김,오페라,1,1.0
요나 킴,오페라,4,1.0
요나스 마리아 드로스테,한국무용,1,1.0
요르단 크라체프,발레,1,1.0
요세프케이,뮤지컬,1,1.0
요시다 에리,뮤지컬,1,1.0
요시다 코나츠,연극,1,1.0
요시무라 유우,연극,1,1.0
요안 부르주아,현대무용,1,1.0
용민중,오페라,1,1.0
용선중,대중가요,1,0.16666666666666666
용선중,발레,1,0.16666666666666666
용선중,연극,2,0.3333333333333333
용선중,한국무용,2,0.3333333333333333
용혜정,혼합,2,1.0
용호성,연희,1,1.0
우경민,기악,2,1.0
우규선,연극,1,1.0
우기하,오페라,1,0.5
우기하,현대무용,1,0.5
우나이 우레초,성악,1,1.0
우다연,기악,1,1.0
우덕상,뮤지컬,1,0.3333333333333333
우덕상,연극,2,0.6666666666666666
우르시나 라르디,연극,1,1.0
우리,기악,1,1.0
우리예,연극,1,1.0
우명호,연극,1,1.0
우미현,기악,2,0.6666666666666666
우미현,성악,1,0.3333333333333333
우민제,연극,1,1.0
우상민,마당극,2,0.6666666666666666
우상민,연극,1,0.3333333333333333
우상욱,뮤지컬,22,0.9166666666666666
우상욱,연극,2,0.08333333333333333
우석훈,마임,4,0.8
우석훈,연극,1,0.2
우선영,현대무용,1,1.0
우성희,연희,1,1.0
우수빈,뮤지컬,1,1.0
우수정,연극,6,0.6666666666666666
우수정,인형극,2,0.2222222222222222
우수정,혼합,1,0.1111111111111111
우수진,연극,1,1.0
우수현,성악,1,0.16666666666666666
우수현,악극,1,0.16666666666666666
우수현,오페라,4,0.6666666666666666
우승권,연극,5,0.8333333333333334
우승권,혼합,1,0.16666666666666666
우승엽,연극,1,1.0
우시훈,연극,1,1.0
우신영,연극,1,1.0
우싱궈,창극,1,1.0
우에키 고,뮤지컬,1,1.0
우여진,연극,8,1.0
우영목,뮤지컬,1,1.0
우영선,현대무용,2,1.0
우영은,기악,4,0.8
우영은,성악,1,0.2
우영주,연극,2,1.0
우영택,연극,1,1.0
우예린,뮤지컬,2,1.0
우왕섭,오페라,1,1.0
우원석,오페라,1,1.0
우윤구,뮤지컬,1,1.0
우은애,연극,4,1.0
우은지,연극,1,1.0
우인제,기악,1,1.0
우재현,연극,1,0.5
우재현,한국무용,1,0.5
우정아,연극,1,1.0
우정은,기악,1,1.0
우종민,연극,3,1.0
우종억,기악,1,1.0
우종희,연극,5,1.0
우주현,연극,1,1.0
우준범,연극,1,1.0
우지민,연극,1,1.0
우지안,연극,4,1.0
우지영,현대무용,1,1.0
우지은,뮤지컬,5,1.0
우지현,연극,1,1.0
우지훈,연극,1,1.0
우진하,악극,2,1.0
우찬,뮤지컬,1,1.0
우창수,연극,2,1.0
우창훈,뮤지컬,1,1.0
우헌,성악,1,1.0
우현,인형극,1,1.0
우현이,뮤지컬,1,1.0
우현정,뮤지컬,1,1.0
우현주,연극,3,1.0
우혜민,연극,1,0.5
우혜민,창극,1,0.5
우혜영,발레,10,0.8333333333333334
우혜영,성악,1,0.08333333333333333
우혜영,오페라,1,0.08333333333333333
우혜인,연극,1,1.0
우호정,연극,1,1.0
우효원,성악,9,0.8181818181818182
우효원,연희,1,0.09090909090909091
우효원,혼합,1,0.09090909090909091
우희용,뮤지컬,1,1.0
운준호,혼합,1,1.0
움베르토 조르다노,오페라,1,1.0
원 일,성악,1,1.0
원경식,연극,1,1.0
원경진,기악,2,1.0
원광연,연극,3,1.0
원기연,연극,1,1.0
원담,연극,1,1.0
원덕희,연극,1,1.0
원동규,한국무용,1,1.0
원미솔,뮤지컬,25,1.0
원미자,한국무용,2,1.0
원서영,오페라,1,1.0
원소라,기악,1,1.0
원소미,연극,1,0.3333333333333333
원소미,한국무용,1,0.3333333333333333
원소미,현대무용,1,0.3333333333333333
원소연,연극,4,0.8
원소연,인형극,1,0.2
원소이,연극,1,1.0
원아영,연극,3,1.0
원영석,기악,1,1.0
원영식,연희,2,0.5
원영식,혼합,2,0.5
원영오,연극,18,0.9473684210526315
원영오,현대무용,1,0.05263157894736842
원예빈,연극,1,1.0
원완철,기악,2,1.0
원유섭,뮤지컬,1,1.0
원유종,서커스/마술,1,1.0
원윤환,연극,1,1.0
원인진,연극,2,1.0
원일,기악,10,0.5555555555555556
원일,뮤지컬,1,0.05555555555555555
원일,성악,1,0.05555555555555555
원일,연희,2,0.1111111111111111
원일,한국무용,1,0.05555555555555555
원일,혼합,3,0.16666666666666666
원자승,발레,5,1.0
원재성,기악,1,0.5
원재성,현대무용,1,0.5
원재연,기악,1,0.5
원재연,연희,1,0.5
원정재,연극,1,1.0
원종철,연극,8,1.0
원종하,악극,1,1.0
원지영,연극,1,1.0
원지현,성악,1,0.5
원지현,한국무용,1,0.5
원지훈,인형극,1,1.0
원진용,연극,1,0.5
원진용,현대무용,1,0.5
원진호,발레,1,0.5
원진호,현대무용,1,0.5
원채연,뮤지컬,1,0.5
원채연,연극,1,0.5
원춘규,연극,1,1.0
원태산,연극,1,1.0
원필녀,한국무용,3,1.0
원학연,성악,1,1.0
원혁상,연극,1,1.0
원혜연,연극,1,1.0
원혜인,발레,2,1.0
원혜진,연극,3,1.0
웡 테이 시,연극,1,1.0
웬 스니,연극,1,1.0
위가을,기악,2,1.0
위기훈,연극,9,1.0
위남호,연극,2,1.0
위니 홀즈맨,뮤지컬,2,1.0
위다솜,연극,1,1.0
위명우,뮤지컬,1,0.14285714285714285
위명우,연극,6,0.8571428571428571
위보라,현대무용,2,1.0
위서린,연극,1,1.0
위선일,연극,1,1.0
위성신,뮤지컬,3,0.17647058823529413
위성신,연극,14,0.8235294117647058
위소라,연극,2,1.0
위송이,한국무용,1,1.0
위수안,뮤지컬,3,0.75
위수안,연극,1,0.25
위유정,연극,1,1.0
위자현,연극,3,1.0
위지영,연극,3,1.0
위환,연극,1,1.0
윌 애런슨,뮤지컬,2,1.0
윌리엄 포사이스,발레,1,1.0
유가빈,연극,1,1.0
유가연,기악,1,1.0
유건우,성악,1,1.0
유경민,연극,2,1.0
유경은,연극,2,1.0
유경조,기악,9,0.45
유경조,성악,3,0.15
유경조,악극,1,0.05
유경조,연희,2,0.1
유경조,한국무용,4,0.2
유경조,혼합,1,0.05
유경진,한국무용,1,1.0
유경화,기악,1,0.25
유경화,연극,3,0.75
유광태,연극,1,1.0
유규림,연극,1,1.0
유규선,기악,1,1.0
유금령,성악,1,1.0
유길상,한국무용,1,1.0
유나영,연극,7,1.0
유남규,기악,1,1.0
유내수,마임,1,1.0
유다미,연극,18,1.0
유다영,연극,2,1.0
유다온,마임,1,1.0
유다혜,스트리트/스포츠댄스,1,1.0
유담,연극,1,1.0
유대식,오페라,1,1.0
유대안,성악,1,1.0
유대용,연극,1,1.0
유도현,연극,1,1.0
유동국,연극,1,1.0
유동근,연극,2,1.0
유리,연극,2,1.0
유리 그리가로비치,발레,7,1.0
유리 그리고로비치,발레,12,1.0
유리 바슈메트,기악,2,1.0
유리 사모두로프,발레,2,1.0
유리나,기악,1,1.0
유림,연극,1,1.0
유명진,연극,1,1.0
유명훈,연극,4,1.0
유모세,성악,1,1.0
유미경,마당극,1,0.5
유미경,연극,1,0.5
유미근,기악,1,1.0
유미리,뮤지컬,1,1.0
유미양,연극,6,1.0
유민경,현대무용,2,1.0
유민정,기악,2,1.0
유민혁,마당극,2,0.6666666666666666
유민혁,성악,1,0.3333333333333333
유민혜,연극,2,1.0
유민희,기악,4,0.6666666666666666
유민희,연희,1,0.16666666666666666
유민희,혼합,1,0.16666666666666666
유반야,연희,1,1.0
유벙헌,발레,1,1.0
유병영,연극,2,1.0
유병욱,기악,1,1.0
유병은,뮤지컬,7,0.875
유병은,연극,1,0.125
유병준,뮤지컬,1,1.0
유병한,연극,1,1.0
유병헌,뮤지컬,1,0.04
유병헌,발레,23,0.92
유병헌,현대무용,1,0.04
유병현,발레,2,1.0
유보민,뮤지컬,3,0.3333333333333333
유보민,연극,6,0.6666666666666666
유보배,연극,2,1.0
유복음,기악,2,1.0
유봄빛,연극,2,1.0
유봉주,현대무용,1,1.0
유빈,연극,1,1.0
유사원,기악,1,1.0
유상민,기악,1,1.0
유상통,서커스/마술,1,0.5
유상통,연극,1,0.5
유상현,연극,1,1.0
유상흘,발레,4,0.8
유상흘,연극,1,0.2
유서아,연극,2,1.0
유서연,뮤지컬,1,1.0
유서영,한국무용,1,1.0
유서윤,연극,1,1.0
유선식,발레,1,1.0
유선오,연극,1,1.0
유선자,뮤지컬,1,1.0
유선후,기악,1,0.14285714285714285
유선후,뮤지컬,1,0.14285714285714285
유선후,연극,2,0.2857142857142857
유선후,창극,1,0.14285714285714285
유선후,한국무용,1,0.14285714285714285
유선후,현대무용,1,0.14285714285714285
유성균,인형극,4,1.0
유성녀,성악,1,1.0
유성동,성악,1,1.0
유성모,뮤지컬,1,1.0
유성목,연극,1,1.0
유성엽,기악,1,0.5
유성엽,연극,1,0.5
유성윤,뮤지컬,1,1.0
유성재,연극,1,1.0
유성준,연극,1,1.0
유성희,연극,4,1.0
유세리,연극,1,1.0
유세움,재즈/월드뮤직,1,1.0
유세훈,뮤지컬,1,1.0
유소령,뮤지컬,1,1.0
유소리,뮤지컬,1,1.0
유소망,연극,1,1.0
유소양,연극,1,1.0
유소연,악극,1,1.0
유소영,기악,1,1.0
유소정,기악,1,0.3333333333333333
유소정,연극,1,0.3333333333333333
유소정,한국무용,1,0.3333333333333333
유송환,연극,1,1.0
유수미,연극,4,1.0
유수민,악극,1,1.0
유수빈,악극,1,0.5
유수빈,연극,1,0.5
유수연,연극,1,1.0
유수영,기악,1,1.0
유수정,성악,6,0.42857142857142855
유수정,연희,1,0.07142857142857142
유수정,창극,7,0.5
유수진,뮤지컬,1,0.3333333333333333
유수진,연극,2,0.6666666666666666
유수현,연극,2,1.0
유수호,연극,1,1.0
유순웅,연극,1,1.0
유슬기,뮤지컬,1,1.0
유슬아,성악,1,1.0
유승봉,뮤지컬,3,0.21428571428571427
유승봉,악극,6,0.42857142857142855
유승봉,연극,5,0.35714285714285715
유승열,재즈/월드뮤직,1,1.0
유승은,연극,1,1.0
유승찬,연극,3,0.6
유승찬,인형극,2,0.4
유승희,연극,1,1.0
유시우,연극,4,1.0
유시화,연극,1,1.0
유시효,뮤지컬,1,1.0
유신욱,연극,1,1.0
유아람,연극,2,0.6666666666666666
유아람,인형극,1,0.3333333333333333
유아리,현대무용,1,1.0
유아림,연극,1,1.0
유아영,혼합,1,1.0
유연,연극,5,1.0
유연민,연극,1,1.0
유연수,연극,1,1.0
유연심,뮤지컬,1,1.0
유연아,현대무용,1,1.0
유연옥,오페라,1,1.0
유연주,연극,1,1.0
유연희,뮤지컬,26,1.0
유영길,마당극,1,0.3333333333333333
유영길,성악,1,0.3333333333333333
유영길,연희,1,0.3333333333333333
유영대,기악,1,0.3333333333333333
유영대,성악,1,0.3333333333333333
유영대,혼합,1,0.3333333333333333
유영봉,연극,2,1.0
유영수,한국무용,2,1.0
유영아,기악,1,1.0
유영애,기악,1,0.16666666666666666
유영애,성악,2,0.3333333333333333
유영애,창극,3,0.5
유영은,뮤지컬,1,0.3333333333333333
유영은,발레,1,0.3333333333333333
유영은,성악,1,0.3333333333333333
유영재,뮤지컬,2,1.0
유영주,기악,1,0.5
유영주,스트리트/스포츠댄스,1,0.5
유예지,연극,2,1.0
유예진,혼합,1,1.0
유예찬,연극,3,0.75
유예찬,연희,1,0.25
유옥선,연극,2,1.0
유완례,서커스/마술,3,1.0
유요한,연극,1,0.3333333333333333
유요한,현대무용,2,0.6666666666666666
유용근,연극,2,1.0
유용석,연극,1,1.0
유용주,기악,1,1.0
유운,연극,1,1.0
유웅재,기악,1,1.0
유원규,악극,1,1.0
유원용,연극,2,1.0
유원일,연극,1,1.0
유원진,연극,1,1.0
유윤하,연극,1,1.0
유은경,연극,7,1.0
유은분,연극,1,1.0
유은선,기악,2,0.25
유은선,성악,2,0.25
유은선,창극,4,0.5
유은실,연극,1,1.0
유은정,연극,1,1.0
유은주,연극,4,1.0
유은지,기악,1,0.3333333333333333
유은지,연극,2,0.6666666666666666
유은하,연극,1,1.0
유은혜,뮤지컬,2,1.0
유의정,연극,1,1.0
유의종,연극,5,1.0
유인경,연희,1,1.0
유인상,한국무용,21,1.0
유인수,뮤지컬,22,0.6875
유인수,연극,10,0.3125
유인촌,성악,6,0.6666666666666666
유인촌,오페라,3,0.3333333333333333
유인화,발레,1,1.0
유일한,연극,9,1.0
유자적,연극,2,1.0
유자홍,뮤지컬,17,0.8947368421052632
유자홍,연극,2,0.10526315789473684
유장일,발레,6,1.0
유재경,뮤지컬,1,1.0
유재돈,연극,3,1.0
유재미,현대무용,1,1.0
유재민,연극,6,1.0
유재성,한국무용,1,1.0
유재우,성악,1,1.0
유재필,뮤지컬,2,1.0
유재헌,뮤지컬,1,0.09090909090909091
유재헌,연극,4,0.36363636363636365
유재헌,현대무용,6,0.5454545454545454
유재현,발레,1,0.3333333333333333
유재현,한국무용,1,0.3333333333333333
유재현,현대무용,1,0.3333333333333333
유재화,연극,2,1.0
유정,뮤지컬,1,0.5
유정,오페라,1,0.5
유정민,뮤지컬,1,0.3333333333333333
유정민,연극,2,0.6666666666666666
유정석,연극,2,1.0
유정숙,뮤지컬,1,0.1111111111111111
유정숙,연희,2,0.2222222222222222
유정숙,한국무용,6,0.6666666666666666
유정옥,현대무용,1,1.0
유정현,뮤지컬,3,1.0
유정호,연극,1,1.0
유정화,재즈/월드뮤직,1,1.0
유제민,뮤지컬,1,1.0
유종연,연극,2,1.0
유주상,기악,1,1.0
유주애,뮤지컬,2,0.6666666666666666
유주애,연극,1,0.3333333333333333
유주연,연극,1,1.0
유주영,연극,22,1.0
유주찬,뮤지컬,1,1.0
유준,오페라,2,1.0
유준규,발레,1,1.0
유준기,연극,6,1.0
유준식,뮤지컬,2,0.25
유준식,연극,6,0.75
유지수,기악,1,0.3333333333333333
유지수,연극,2,0.6666666666666666
유지숙,기악,4,0.25
유지숙,발레,2,0.125
유지숙,성악,7,0.4375
유지숙,한국무용,1,0.0625
유지숙,혼합,2,0.125
유지연,뮤지컬,1,0.5
유지연,연극,1,0.5
유지영,뮤지컬,1,0.5
유지영,연극,1,0.5
유지완,현대무용,3,1.0
유지원,스트리트/스포츠댄스,1,0.5
유지원,연극,1,0.5
유지인,성악,1,1.0
유지혜,기악,2,0.2222222222222222
유지혜,뮤지컬,6,0.6666666666666666
유지혜,연극,1,0.1111111111111111
유지훈,연극,2,1.0
유지희,성악,1,1.0
유진,연극,2,1.0
유진규,마임,2,1.0
유진선,기악,1,1.0
유진솔,기악,1,1.0
유진영,연극,1,1.0
유진월,연극,2,1.0
유진주,연희,1,0.5
유진주,혼합,1,0.5
유찬미,기악,1,0.3333333333333333
유찬미,성악,1,0.3333333333333333
유찬미,혼합,1,0.3333333333333333
유찬숙,연극,1,1.0
유참진,연극,1,1.0
유창선,연극,3,1.0
유창숙,기악,3,1.0
유채연,연극,1,1.0
유채하,뮤지컬,8,0.6666666666666666
유채하,연극,4,0.3333333333333333
유채현,기악,1,1.0
유철우,오페라,10,1.0
유치벽,연극,6,1.0
유키 구라모토,기악,1,1.0
유키 모리,기타,1,1.0
유태선,기악,1,0.16666666666666666
유태선,대중가요,1,0.16666666666666666
유태선,뮤지컬,1,0.16666666666666666
유태선,현대무용,3,0.5
유태웅,연극,16,1.0
유태현,연극,1,1.0
유태환,기악,1,0.5
유태환,뮤지컬,1,0.5
유태희,연극,8,1.0
유하나,기악,2,0.5
유하나,오페라,2,0.5
유하영,뮤지컬,1,1.0
유학승,뮤지컬,5,0.7142857142857143
유학승,연극,2,0.2857142857142857
유한나,기악,1,0.1
유한나,기타,1,0.1
유한나,뮤지컬,4,0.4
유한나,연극,4,0.4
유한솔,뮤지컬,1,1.0
유한수,연극,1,0.25
유한수,인형극,3,0.75
유헤정,혼합,1,1.0
유현,연극,1,1.0
유현규,연극,2,1.0
유현서,뮤지컬,2,0.6666666666666666
유현서,연극,1,0.3333333333333333
유현숙,연극,1,1.0
유현승,연극,1,1.0
유현정,연극,1,1.0
유현지,연극,1,1.0
유현진,성악,1,0.125
유현진,연극,2,0.25
유현진,혼합,5,0.625
유형광,오페라,2,1.0
유형민,기악,1,0.16666666666666666
유형민,대중가요,1,0.16666666666666666
유형민,뮤지컬,1,0.16666666666666666
유형민,성악,1,0.16666666666666666
유형민,오페라,2,0.3333333333333333
유형우,연극,1,1.0
유형직,기악,1,1.0
유혜린,뮤지컬,1,1.0
유혜상,기악,3,0.14285714285714285
유혜상,성악,6,0.2857142857142857
유혜상,오페라,7,0.3333333333333333
유혜상,혼합,5,0.23809523809523808
유혜승,뮤지컬,2,1.0
유혜자,연극,1,1.0
유혜정,기악,4,0.8
유혜정,혼합,1,0.2
유혜지,연극,1,1.0
유호식,현대무용,3,1.0
유호정,성악,1,1.0
유홍,연희,1,0.2
유홍,혼합,4,0.8
유홍선,연극,1,1.0
유홍영,뮤지컬,2,0.5
유홍영,연극,2,0.5
유화송,연극,1,1.0
유화정,뮤지컬,1,0.16666666666666666
유화정,성악,2,0.3333333333333333
유화정,오페라,3,0.5
유환웅,뮤지컬,3,0.75
유환웅,연극,1,0.25
유환임,연극,1,1.0
유회웅,발레,5,0.7142857142857143
유회웅,오페라,2,0.2857142857142857
유효숙,연극,1,1.0
유효정,뮤지컬,1,1.0
유훈,연극,1,1.0
유휘진,연극,1,1.0
유흥창,성악,1,1.0
유희경,발레,1,0.5
유희경,연극,1,0.5
유희리,기악,1,0.3333333333333333
유희리,대중가요,1,0.3333333333333333
유희리,뮤지컬,1,0.3333333333333333
유희문,오페라,3,1.0
유희성,뮤지컬,10,0.8333333333333334
유희성,현대무용,1,0.08333333333333333
유희성,혼합,1,0.08333333333333333
유희수,연극,1,1.0
유희오,뮤지컬,1,0.2
유희오,연극,4,0.8
유희웅,발레,4,1.0
유희은,연극,1,1.0
유희재,연극,1,1.0
육난희,한국무용,1,1.0
육다솔,연극,1,1.0
육동섭,기악,1,1.0
육완순,현대무용,1,1.0
육정학,한국무용,1,1.0
육중완,연극,1,1.0
육지,뮤지컬,1,0.5
육지,혼합,1,0.5
육하윤,현대무용,1,1.0
육혜수,마당극,1,0.3333333333333333
육혜수,한국무용,1,0.3333333333333333
육혜수,현대무용,1,0.3333333333333333
윤 숙,오페라,1,1.0
윤갑성,연극,1,1.0
윤건희,연극,1,1.0
윤경근,악극,2,0.5
윤경근,현대무용,2,0.5
윤경덕,현대무용,1,1.0
윤경미,연극,1,1.0
윤경민,연극,1,1.0
윤경선,기악,1,1.0
윤경실,연극,1,1.0
윤경연,연극,1,1.0
윤경원,기악,1,1.0
윤경화,기악,1,1.0
윤경희,기악,3,0.75
윤경희,연극,1,0.25
윤광덕,연극,1,0.5
윤광덕,오페라,1,0.5
윤광진,연극,6,1.0
윤광희,연극,4,1.0
윤교생,성악,2,1.0
윤규식,연극,3,1.0
윤금정,뮤지컬,14,1.0
윤기선,기악,3,0.75
윤기선,성악,1,0.25
윤기종,연희,1,0.5
윤기종,한국무용,1,0.5
윤기환,연극,1,1.0
윤기훈,연극,7,1.0
윤나라,현대무용,2,1.0
윤나빈,연극,1,1.0
윤노아,연극,1,1.0
윤노찬,연극,1,1.0
윤다영,연극,2,1.0
윤다협,연극,1,1.0
윤다혜,기악,1,1.0
윤대기,연극,1,1.0
윤대성,연극,1,1.0
윤대천,연희,1,1.0
윤덕경,한국무용,1,1.0
윤도경,연극,1,1.0
윤도연,발레,1,1.0
윤도은,연극,1,1.0
윤도일,연극,1,1.0
윤돈선,뮤지컬,1,0.2
윤돈선,연극,4,0.8
윤동금,성악,1,1.0
윤동연,뮤지컬,1,1.0
윤동인,기악,12,1.0
윤동주,연극,1,1.0
윤동찬,성악,2,1.0
윤두영,뮤지컬,1,0.5
윤두영,연극,1,0.5
윤라영,연극,1,1.0
윤령혜,연극,1,1.0
윤명화,한국무용,4,0.8
윤명화,혼합,1,0.2
윤문식,넌버벌 퍼포먼스,1,1.0
윤미경,기악,1,0.5
윤미경,연극,1,0.5
윤미라,연극,2,0.4
윤미라,한국무용,2,0.4
윤미라,현대무용,1,0.2
윤미란,연극,1,1.0
윤미성,연극,1,1.0
윤미연,뮤지컬,1,1.0
윤미정,현대무용,1,1.0
윤미현,기악,1,0.047619047619047616
윤미현,뮤지컬,1,0.047619047619047616
윤미현,성악,1,0.047619047619047616
윤미현,연극,11,0.5238095238095238
윤미현,오페라,7,0.3333333333333333
윤미희,연극,5,1.0
윤민구,연극,4,1.0
윤민석,한국무용,2,1.0
윤민정,현대무용,1,1.0
윤민철,연극,6,0.75
윤민철,오페라,2,0.25
윤민화,현대무용,1,1.0
윤민훈,뮤지컬,1,0.1111111111111111
윤민훈,연극,8,0.8888888888888888
윤별,기악,2,0.3333333333333333
윤별,발레,3,0.5
윤별,현대무용,1,0.16666666666666666
윤병진,연극,1,1.0
윤보경,연극,4,1.0
윤보라,뮤지컬,2,1.0
윤보람,기악,1,0.5
윤보람,현대무용,1,0.5
윤보리,뮤지컬,1,1.0
윤보애,기악,1,1.0
윤보영,기악,3,0.21428571428571427
윤보영,성악,3,0.21428571428571427
윤보영,오페라,8,0.5714285714285714
윤보중,연극,1,1.0
윤복경,기악,1,1.0
윤복진,뮤지컬,1,1.0
윤봉철,뮤지컬,1,1.0
윤빛나,기타,1,0.3333333333333333
윤빛나,성악,1,0.3333333333333333
윤빛나,오페라,1,0.3333333333333333
윤사비나,연극,1,1.0
윤상민,뮤지컬,2,1.0
윤상운,오페라,2,1.0
윤상원,기악,1,0.07142857142857142
윤상원,뮤지컬,12,0.8571428571428571
윤상원,현대무용,1,0.07142857142857142
윤상은,발레,2,1.0
윤상혁,연희,1,1.0
윤상현,연극,1,1.0
윤상호,기악,1,0.05
윤상호,성악,4,0.2
윤상호,연극,7,0.35
윤상호,오페라,8,0.4
윤색,연극,1,1.0
윤서,뮤지컬,4,1.0
윤서비,악극,1,0.5
윤서비,현대무용,1,0.5
윤서인,연극,2,1.0
윤서정,연극,1,1.0
윤서현,연극,2,1.0
윤석도,연극,1,1.0
윤석미,성악,1,0.5
윤석미,창극,1,0.5
윤석현,연극,2,1.0
윤석화,연극,2,1.0
윤선빈,오페라,1,1.0
윤선영,인형극,1,1.0
윤선정,연극,2,1.0
윤성광,연극,1,1.0
윤성민,넌버벌 퍼포먼스,1,0.003703703703703704
윤성민,뮤지컬,269,0.9962962962962963
윤성빈,연극,1,1.0
윤성수,현대무용,1,1.0
윤성우,오페라,1,1.0
윤성원,연극,2,1.0
윤성인,뮤지컬,1,1.0
윤성재,기악,1,1.0
윤성주,한국무용,12,0.75
윤성주,현대무용,4,0.25
윤성준,연극,1,0.5
윤성준,혼합,1,0.5
윤성진,기악,1,0.3333333333333333
윤성진,연극,2,0.6666666666666666
윤성철,한국무용,2,0.6666666666666666
윤성철,현대무용,1,0.3333333333333333
윤성호,연극,19,1.0
윤세민,악극,1,0.3333333333333333
윤세민,연극,2,0.6666666666666666
윤세연,뮤지컬,1,0.5
윤세연,연극,1,0.5
윤세현,연극,1,1.0
윤세희,한국무용,1,1.0
윤소라,인형극,1,1.0
윤소망,대중가요,1,1.0
윤소윤,연극,2,1.0
윤소정,연극,7,1.0
윤소진,연극,1,1.0
윤소희,뮤지컬,4,0.4444444444444444
윤소희,연극,5,0.5555555555555556
윤송미,한국무용,1,1.0
윤송아,기악,2,0.6666666666666666
윤송아,성악,1,0.3333333333333333
윤수,뮤지컬,1,1.0
윤수련,연극,1,1.0
윤수미,한국무용,9,1.0
윤수민,뮤지컬,1,1.0
윤수빈,연극,1,1.0
윤수연,연극,1,1.0
윤수영,성악,2,1.0
윤수진,뮤지컬,1,1.0
윤수혁,마당극,1,1.0
윤수호,연극,2,1.0
윤숙,기악,2,1.0
윤숙희,뮤지컬,1,0.25
윤숙희,성악,3,0.75
윤순,뮤지컬,1,1.0
윤순호,성악,1,1.0
윤슬,뮤지컬,4,1.0
윤슬기,한국무용,1,1.0
윤승아,성악,2,1.0
윤승업,오페라,1,1.0
윤승준,뮤지컬,1,1.0
윤승현,기악,2,1.0
윤시중,넌버벌 퍼포먼스,3,0.08571428571428572
윤시중,마임,1,0.02857142857142857
윤시중,연극,30,0.8571428571428571
윤시중,인형극,1,0.02857142857142857
윤안나,연극,2,1.0
윤암현,혼합,1,1.0
윤여문,뮤지컬,1,1.0
윤여성,연극,7,1.0
윤여송,연극,3,1.0
윤여숙,기악,1,0.25
윤여숙,한국무용,3,0.75
윤여주,연희,1,1.0
윤여진,성악,1,0.5
윤여진,오페라,1,0.5
윤여태,연극,1,1.0
윤연경,연극,4,1.0
윤연준,기악,1,1.0
윤영광,기악,1,0.5
윤영광,한국무용,1,0.5
윤영민,연극,1,1.0
윤영선,연극,6,1.0
윤영성,연극,1,1.0
윤영인,연극,2,0.6666666666666666
윤영인,한국무용,1,0.3333333333333333
윤영주,뮤지컬,2,1.0
윤영찬,연극,1,1.0
윤영화,한국무용,1,1.0
윤영훈,연극,1,1.0
윤예담,연극,2,1.0
윤예린,기악,1,1.0
윤예은,혼합,1,1.0
윤예준,연극,1,1.0
윤예진,연극,6,1.0
윤완석,연극,4,1.0
윤용근,연극,1,1.0
윤용주,기악,1,1.0
윤용준,기악,1,0.5
윤용준,연희,1,0.5
윤용훈,연극,1,1.0
윤우영,연극,2,1.0
윤원,연극,2,1.0
윤원상,연극,1,1.0
윤원준,기악,1,1.0
윤유성,기악,1,1.0
윤유현,연극,1,1.0
윤은대,뮤지컬,1,0.16666666666666666
윤은대,연극,5,0.8333333333333334
윤은서,연극,1,1.0
윤은정,뮤지컬,1,1.0
윤은하,한국무용,1,1.0
윤은향,기악,1,0.5
윤은향,뮤지컬,1,0.5
윤은혜,기악,2,1.0
윤응선,연극,1,1.0
윤의중,성악,14,0.9333333333333333
윤의중,오페라,1,0.06666666666666667
윤이나,오페라,1,1.0
윤이상,기악,1,1.0
윤이솜,연극,1,1.0
윤인아,연극,1,1.0
윤일상,뮤지컬,6,1.0
윤자영,연극,1,1.0
윤장미,오페라,1,1.0
윤장서,뮤지컬,1,1.0
윤재연,기악,1,1.0
윤재이,연극,1,1.0
윤재호,대중가요,1,1.0
윤재환,성악,1,1.0
윤재희,연극,1,1.0
윤전일,발레,5,0.625
윤전일,현대무용,3,0.375
윤정건,악극,7,0.875
윤정건,연극,1,0.125
윤정섭,연극,1,0.3333333333333333
윤정섭,인형극,2,0.6666666666666666
윤정아,기악,1,1.0
윤정오,연극,1,1.0
윤정욱,연극,1,1.0
윤정윤,뮤지컬,2,1.0
윤정은,뮤지컬,2,1.0
윤정인,뮤지컬,7,0.7
윤정인,연극,2,0.2
윤정인,한국무용,1,0.1
윤정현,혼합,1,1.0
윤정환,뮤지컬,4,0.2
윤정환,악극,1,0.05
윤정환,연극,15,0.75
윤정훈,연극,1,1.0
윤제호,현대무용,1,1.0
윤조병,연극,3,1.0
윤종건,연극,1,1.0
윤종구,연극,1,1.0
윤종서,연극,1,1.0
윤종수,연극,7,1.0
윤종일,성악,1,1.0
윤종현,한국무용,5,1.0
윤종호,연극,2,0.6666666666666666
윤종호,혼합,1,0.3333333333333333
윤주상,연극,4,1.0
윤주영,연극,3,1.0
윤주희,연극,1,1.0
윤준기,연극,3,1.0
윤준명,악극,1,1.0
윤준혁,기악,1,1.0
윤준호,기악,1,0.2
윤준호,성악,3,0.6
윤준호,혼합,1,0.2
윤중강,한국무용,1,0.2
윤중강,혼합,4,0.8
윤지수,연극,2,1.0
윤지언,연극,1,1.0
윤지영,뮤지컬,2,0.4
윤지영,연극,3,0.6
윤지원,기악,1,0.125
윤지원,넌버벌 퍼포먼스,1,0.125
윤지원,연극,6,0.75
윤지율,뮤지컬,4,1.0
윤지현,연극,1,0.5
윤지현,혼합,1,0.5
윤지형,연극,1,1.0
윤지홍,연극,7,1.0
윤지훈,뮤지컬,1,0.2
윤지훈,연극,4,0.8
윤진상,인형극,1,1.0
윤진서,연극,1,1.0
윤진솔,오페라,2,1.0
윤진실,기악,1,1.0
윤진영,뮤지컬,4,0.6666666666666666
윤진영,연극,2,0.3333333333333333
윤진철,기악,1,0.5
윤진철,창극,1,0.5
윤진하,연극,3,1.0
윤진희,연극,2,1.0
윤차연,기악,1,1.0
윤찬우,연극,2,1.0
윤채원,뮤지컬,1,0.3333333333333333
윤채원,연극,2,0.6666666666666666
윤철준,연극,1,1.0
윤태식,뮤지컬,2,0.18181818181818182
윤태식,성악,3,0.2727272727272727
윤태식,오페라,6,0.5454545454545454
윤태원,연극,2,1.0
윤태유,연극,1,1.0
윤태인,연극,1,1.0
윤푸름,현대무용,3,1.0
윤하경,오페라,1,1.0
윤하늘,성악,1,1.0
윤학,뮤지컬,1,1.0
윤학원,성악,1,1.0
윤학준,뮤지컬,1,0.16666666666666666
윤학준,성악,3,0.5
윤학준,오페라,2,0.3333333333333333
윤한결,기악,1,1.0
윤한솔,뮤지컬,1,0.07692307692307693
윤한솔,연극,12,0.9230769230769231
윤한욱,연극,1,1.0
윤한윤,혼합,1,1.0
윤해린,혼합,1,1.0
윤해원,기악,1,1.0
윤해인,연극,1,1.0
윤헤정,연극,1,1.0
윤헤주,연극,2,1.0
윤헤진,뮤지컬,2,1.0
윤혁진,기악,2,0.13333333333333333
윤혁진,뮤지컬,3,0.2
윤혁진,성악,8,0.5333333333333333
윤혁진,오페라,2,0.13333333333333333
윤현경,연극,1,1.0
윤현길,연극,1,1.0
윤현로,서커스/마술,1,1.0
윤현수,현대무용,1,1.0
윤현숙,연극,1,1.0
윤현식,뮤지컬,2,0.2222222222222222
윤현식,연극,7,0.7777777777777778
윤현정,뮤지컬,1,0.5
윤현정,현대무용,1,0.5
윤현종,기악,2,0.3333333333333333
윤현종,연극,3,0.5
윤현종,재즈/월드뮤직,1,0.16666666666666666
윤현지,연극,1,1.0
윤현진,기악,2,0.4
윤현진,뮤지컬,2,0.4
윤현진,오페라,1,0.2
윤현호,연극,2,1.0
윤형,뮤지컬,1,1.0
윤형석,뮤지컬,2,1.0
윤형철,연극,4,1.0
윤혜경,한국무용,1,1.0
윤혜리,기악,1,1.0
윤혜린,성악,1,0.14285714285714285
윤혜린,연극,5,0.7142857142857143
윤혜린,현대무용,1,0.14285714285714285
윤혜선,연극,1,1.0
윤혜수,연극,1,1.0
윤혜숙,연극,13,1.0
윤혜순,기악,1,1.0
윤혜정,뮤지컬,1,0.1
윤혜정,연극,3,0.3
윤혜정,한국무용,6,0.6
윤혜주,연극,4,1.0
윤혜지,뮤지컬,1,1.0
윤혜진,기악,2,0.08
윤혜진,뮤지컬,14,0.56
윤혜진,성악,1,0.04
윤혜진,악극,1,0.04
윤혜진,연극,4,0.16
윤혜진,인형극,1,0.04
윤혜진,창극,1,0.04
윤혜진,현대무용,1,0.04
윤호근,오페라,1,1.0
윤호설,뮤지컬,1,1.0
윤호섭,뮤지컬,1,0.3333333333333333
윤호섭,발레,1,0.3333333333333333
윤호섭,연극,1,0.3333333333333333
윤호세,기악,4,1.0
윤호연,연극,1,1.0
윤호진,뮤지컬,18,0.9473684210526315
윤호진,연극,1,0.05263157894736842
윤홍선,뮤지컬,23,0.9583333333333334
윤홍선,연극,1,0.041666666666666664
윤홍천,뮤지컬,1,1.0
윤희경,뮤지컬,7,0.7777777777777778
윤희경,성악,1,0.1111111111111111
윤희경,연극,1,0.1111111111111111
윤희균,연극,6,0.8571428571428571
윤희균,인형극,1,0.14285714285714285
윤희근,연극,1,1.0
윤희민,연극,3,1.0
윤희섭,현대무용,2,1.0
윤희은,대중가요,8,0.8888888888888888
윤희은,성악,1,0.1111111111111111
윤희정,연극,1,1.0
윤희주,연극,5,1.0
윤희중,성악,1,1.0
윤희철,연극,3,1.0
은빛나래,뮤지컬,1,1.0
은선우,연극,1,1.0
은용환,한국무용,1,1.0
은혁,뮤지컬,1,1.0
음대진,악극,1,0.125
음대진,연극,1,0.125
음대진,연희,2,0.25
음대진,인형극,3,0.375
음대진,혼합,1,0.125
음지수,한국무용,1,1.0
응웬 쑤언 박,연극,1,1.0
이 본,기악,1,1.0
이 철,기악,1,0.5
이 철,연극,1,0.5
이 현,연극,1,1.0
이 훈,뮤지컬,4,1.0
이가람,대중가요,4,0.5
이가람,성악,1,0.125
이가람,연극,3,0.375
이가민,기악,2,1.0
이가영,기악,1,0.16666666666666666
이가영,대중가요,2,0.3333333333333333
이가영,현대무용,3,0.5
이가은,뮤지컬,2,0.2857142857142857
이가은,연극,4,0.5714285714285714
이가은,오페라,1,0.14285714285714285
이가을,연극,4,1.0
이가현,뮤지컬,2,0.09090909090909091
이가현,악극,3,0.13636363636363635
이가현,연극,7,0.3181818181818182
이가현,혼합,10,0.45454545454545453
이강,기악,1,0.1111111111111111
이강,기타,1,0.1111111111111111
이강,뮤지컬,5,0.5555555555555556
이강,성악,1,0.1111111111111111
이강,연극,1,0.1111111111111111
이강규,기악,1,0.5
이강규,오페라,1,0.5
이강렬,연극,1,1.0
이강문,기악,1,1.0
이강민,연극,1,1.0
이강백,연극,2,1.0
이강선,연극,2,1.0
이강우,뮤지컬,1,0.09090909090909091
이강우,악극,2,0.18181818181818182
이강우,연극,8,0.7272727272727273
이강욱,뮤지컬,2,0.6666666666666666
이강욱,연극,1,0.3333333333333333
이강윤,뮤지컬,1,0.3333333333333333
이강윤,연극,2,0.6666666666666666
이강일,성악,1,1.0
이강임,기악,1,0.3333333333333333
이강임,연극,2,0.6666666666666666
이강현,연극,1,1.0
이강호,성악,4,0.10810810810810811
이강호,오페라,33,0.8918918918918919
이강희,뮤지컬,1,1.0
이건,연극,2,1.0
이건륜,기악,1,0.5
이건륜,뮤지컬,1,0.5
이건상,성악,1,1.0
이건석,기악,1,1.0
이건용,기악,7,0.4375
이건용,성악,1,0.0625
이건용,오페라,7,0.4375
이건용,혼합,1,0.0625
이건우,연극,5,0.7142857142857143
이건우,인형극,2,0.2857142857142857
이건웅,연극,1,1.0
이건일,뮤지컬,1,1.0
이건종,연극,3,1.0
이건형,기악,2,1.0
이건홍,연극,1,1.0
이건화,성악,1,1.0
이건회,기악,3,0.23076923076923078
이건회,성악,1,0.07692307692307693
이건회,연희,2,0.15384615384615385
이건회,한국무용,1,0.07692307692307693
이건회,혼합,6,0.46153846153846156
이건희,기악,1,0.14285714285714285
이건희,연극,5,0.7142857142857143
이건희,연희,1,0.14285714285714285
이검신,연극,1,1.0
이게준,연극,1,1.0
이게훈,연극,1,1.0
이경,뮤지컬,1,1.0
이경교,현대무용,1,1.0
이경구,뮤지컬,1,0.047619047619047616
이경구,성악,1,0.047619047619047616
이경구,악극,1,0.047619047619047616
이경구,연극,9,0.42857142857142855
이경구,한국무용,1,0.047619047619047616
이경구,현대무용,8,0.38095238095238093
이경국,연극,1,1.0
이경근,연극,4,1.0
이경남,연극,1,1.0
이경미,연극,2,1.0
이경민,기악,1,0.2
이경민,오페라,4,0.8
이경배,연극,1,1.0
이경빈,연극,1,1.0
이경선,기악,8,0.8
이경선,연극,2,0.2
이경섭,연희,1,1.0
이경성,연극,3,1.0
이경수,연극,1,1.0
이경숙,성악,1,1.0
이경순,한국무용,1,1.0
이경식,연극,1,1.0
이경아,연극,1,1.0
이경연,한국무용,1,1.0
이경열,마임,1,1.0
이경옥,한국무용,1,0.5
이경옥,현대무용,1,0.5
이경우,오페라,2,1.0
이경원,기악,3,0.5
이경원,연극,3,0.5
이경은,기악,10,0.3225806451612903
이경은,성악,1,0.03225806451612903
이경은,연극,5,0.16129032258064516
이경은,오페라,8,0.25806451612903225
이경은,현대무용,7,0.22580645161290322
이경재,기악,2,0.08333333333333333
이경재,서커스/마술,1,0.041666666666666664
이경재,성악,1,0.041666666666666664
이경재,연극,1,0.041666666666666664
이경재,오페라,19,0.7916666666666666
이경주,뮤지컬,1,1.0
이경준,뮤지컬,2,0.6666666666666666
이경준,연극,1,0.3333333333333333
이경진,연극,4,1.0
이경창,서커스/마술,1,1.0
이경천,기악,5,0.625
이경천,연극,3,0.375
이경태,연희,2,0.5
이경태,한국무용,1,0.25
이경태,혼합,1,0.25
이경표,연극,3,1.0
이경한,연극,2,1.0
이경헌,연극,2,1.0
이경화,뮤지컬,2,0.15384615384615385
이경화,성악,4,0.3076923076923077
이경화,오페라,1,0.07692307692307693
이경화,한국무용,3,0.23076923076923078
이경화,혼합,3,0.23076923076923078
이경환,연극,1,1.0
이경훈,기악,1,0.1111111111111111
이경훈,기타,1,0.1111111111111111
이경훈,뮤지컬,2,0.2222222222222222
이경훈,연극,5,0.5555555555555556
이경희,인형극,1,1.0
이계영,연극,1,1.0
이계원,연극,1,1.0
이고운,기악,3,0.23076923076923078
이고운,성악,1,0.07692307692307693
이고운,연극,1,0.07692307692307693
이고운,한국무용,3,0.23076923076923078
이고운,현대무용,1,0.07692307692307693
이고운,혼합,4,0.3076923076923077
이고은,발레,6,0.5454545454545454
이고은,연극,1,0.09090909090909091
이고은,오페라,2,0.18181818181818182
이고은,현대무용,2,0.18181818181818182
이곤,연극,6,1.0
이공주,연극,3,1.0
이관구,대중가요,1,1.0
이관우,기악,1,1.0
이관웅,성악,1,0.125
이관웅,한국무용,6,0.75
이관웅,혼합,1,0.125
이관호,연극,1,1.0
이광득,현대무용,1,1.0
이광룡,연극,1,1.0
이광민,연극,1,1.0
이광복,기악,1,0.08333333333333333
이광복,성악,1,0.08333333333333333
이광복,연극,10,0.8333333333333334
이광성,한국무용,1,1.0
이광순,오페라,2,1.0
이광식,연극,1,1.0
이광열,뮤지컬,174,1.0
이광현,기타,1,0.07692307692307693
이광현,뮤지컬,7,0.5384615384615384
이광현,연극,4,0.3076923076923077
이광현,인형극,1,0.07692307692307693
이광호,기악,1,0.125
이광호,뮤지컬,2,0.25
이광호,연극,5,0.625
이광훈,기악,1,0.5
이광훈,오페라,1,0.5
이교준,연극,5,1.0
이구삼,연극,1,1.0
이구열,현대무용,1,1.0
이구현,기악,1,1.0
이국군,연극,1,1.0
이국도,기악,1,1.0
이국희,뮤지컬,6,0.2857142857142857
이국희,발레,1,0.047619047619047616
이국희,연극,14,0.6666666666666666
이권아,연극,1,1.0
이귀숙,기악,2,1.0
이귀우,연극,1,1.0
이귀현,성악,1,1.0
이규,연극,3,0.75
이규,인형극,1,0.25
이규동,연극,1,1.0
이규린,뮤지컬,11,0.7333333333333333
이규린,연극,4,0.26666666666666666
이규범,기악,1,1.0
이규빈,연극,1,1.0
이규서,기악,2,1.0
이규석,성악,1,1.0
이규성,연극,1,0.5
이규성,현대무용,1,0.5
이규용,연극,5,1.0
이규운,연희,2,0.5
이규운,한국무용,2,0.5
이규원,뮤지컬,1,0.2
이규원,발레,1,0.2
이규원,연극,3,0.6
이규진,연극,1,1.0
이규철,연극,1,1.0
이규태,연극,2,1.0
이규현,연극,2,1.0
이규호,기악,1,0.5
이규호,연극,1,0.5
이근삼,뮤지컬,1,0.16666666666666666
이근삼,연극,5,0.8333333333333334
이근영,연극,1,1.0
이근진,연극,1,1.0
이근태,뮤지컬,1,1.0
이근형,기악,2,0.3333333333333333
이근형,성악,1,0.16666666666666666
이근형,오페라,3,0.5
이근희,연극,2,1.0
이금구,뮤지컬,8,0.6153846153846154
이금구,연극,5,0.38461538461538464
이금섭,혼합,1,1.0
이금이,뮤지컬,4,1.0
이금재,연극,1,1.0
이금정,연극,1,1.0
이금주,한국무용,1,1.0
이금철,마임,1,0.25
이금철,연극,3,0.75
이금희,성악,1,1.0
이기경,뮤지컬,1,1.0
이기근,연극,1,1.0
이기동,기악,1,1.0
이기복,연극,2,1.0
이기쁨,기악,1,0.017857142857142856
이기쁨,뮤지컬,21,0.375
이기쁨,성악,7,0.125
이기쁨,악극,1,0.017857142857142856
이기쁨,연극,20,0.35714285714285715
이기쁨,오페라,3,0.05357142857142857
이기쁨,창극,1,0.017857142857142856
이기쁨,혼합,2,0.03571428571428571
이기석,연극,2,1.0
이기선,기악,1,0.125
이기선,뮤지컬,2,0.25
이기선,성악,5,0.625
이기수,혼합,1,1.0
이기영,연극,2,1.0
이기용,성악,1,0.3333333333333333
이기용,연극,2,0.6666666666666666
이기은,오페라,1,1.0
이기인,연극,2,1.0
이기정,기악,8,1.0
이기현,한국무용,1,1.0
이기형,연극,1,1.0
이기호,연극,9,1.0
이기훈,성악,1,0.5
이기훈,재즈/월드뮤직,1,0.5
이기흥,서커스/마술,1,1.0
이긱느,연극,1,1.0
이길,연극,2,1.0
이길수,연극,1,1.0
이길영,연극,1,0.5
이길영,연희,1,0.5
이길원,연극,4,1.0
이길주,한국무용,1,1.0
이길준,넌버벌 퍼포먼스,7,0.3181818181818182
이길준,뮤지컬,9,0.4090909090909091
이길준,악극,3,0.13636363636363635
이길준,연극,3,0.13636363636363635
이길희,마당극,1,0.25
이길희,연극,3,0.75
이나경,연극,15,1.0
이나구,연극,3,0.75
이나구,한국무용,1,0.25
이나라,연극,2,1.0
이나름,연희,1,1.0
이나리,현대무용,1,1.0
이나림,대중가요,1,1.0
이나연,마임,1,1.0
이나영,뮤지컬,12,0.8
이나영,연극,3,0.2
이나오,뮤지컬,1,1.0
이나원,연극,1,1.0
이나현,현대무용,1,1.0
이나형,기악,2,1.0
이난영,대중가요,1,0.2
이난영,성악,1,0.2
이난영,연극,1,0.2
이난영,오페라,1,0.2
이난영,혼합,1,0.2
이난주,기악,1,1.0
이난초,창극,1,1.0
이남기,연극,3,1.0
이남영,한국무용,2,1.0
이누리,뮤지컬,4,0.5
이누리,서커스/마술,3,0.375
이누리,연극,1,0.125
이다 바구스 케이 수디아사,현대무용,1,1.0
이다겸,연극,1,1.0
이다교,연극,1,1.0
이다롱,뮤지컬,5,1.0
이다미,뮤지컬,1,1.0
이다빈,연극,4,0.8
이다빈,오페라,1,0.2
이다솜,뮤지컬,1,0.3333333333333333
이다솜,연극,2,0.6666666666666666
이다영,연극,1,1.0
이다예,연극,1,1.0
이다은,연극,2,1.0
이다정,연극,5,0.8333333333333334
이다정,인형극,1,0.16666666666666666
이다현,현대무용,1,1.0
이다혜,연극,3,1.0
이다훈,연극,1,1.0
이다희,뮤지컬,1,0.5
이다희,연극,1,0.5
이단비,기악,1,0.07142857142857142
이단비,마당극,1,0.07142857142857142
이단비,마임,1,0.07142857142857142
이단비,뮤지컬,1,0.07142857142857142
이단비,연극,7,0.5
이단비,현대무용,3,0.21428571428571427
이달균,오페라,2,1.0
이달형,연극,1,1.0
이당금,연극,7,1.0
이당금. 오성완,연극,1,1.0
이대건,현대무용,3,1.0
이대권,연극,1,1.0
이대석,연극,1,1.0
이대섭,뮤지컬,3,0.75
이대섭,발레,1,0.25
이대열,마임,1,0.3333333333333333
이대열,연극,1,0.3333333333333333
이대열,인형극,1,0.3333333333333333
이대영,마당극,1,0.058823529411764705
이대영,성악,1,0.058823529411764705
이대영,연극,15,0.8823529411764706
이대우,성악,3,1.0
이대웅,뮤지컬,14,0.42424242424242425
이대웅,연극,19,0.5757575757575758
이대현,연극,2,0.6666666666666666
이대현,한국무용,1,0.3333333333333333
이대호,연극,2,0.6666666666666666
이대호,현대무용,1,0.3333333333333333
이대희,한국무용,1,1.0
이덕근,연극,4,1.0
이덕수,악극,1,0.2
이덕수,재즈/월드뮤직,1,0.2
이덕수,혼합,3,0.6
이덕진,기악,2,1.0
이덕형,연극,5,1.0
이도,대중가요,1,1.0
이도경,뮤지컬,2,0.2222222222222222
이도경,연극,6,0.6666666666666666
이도경,한국무용,1,0.1111111111111111
이도민,연극,1,1.0
이도아,연극,1,1.0
이도연,연극,4,1.0
이도엽,기악,2,0.06666666666666667
이도엽,발레,6,0.2
이도엽,한국무용,2,0.06666666666666667
이도엽,현대무용,20,0.6666666666666666
이도영,연극,1,1.0
이도원,뮤지컬,1,1.0
이도윤,뮤지컬,2,0.15384615384615385
이도윤,연극,7,0.5384615384615384
이도윤,인형극,4,0.3076923076923077
이도은,연극,1,1.0
이도하,뮤지컬,2,1.0
이도현,연극,2,1.0
이도형,연극,2,1.0
이도훈,기악,2,0.4
이도훈,연극,3,0.6
이도희,연극,3,1.0
이돈용,뮤지컬,1,0.0625
이돈용,연극,15,0.9375
이돈형,연극,1,1.0
이동경,연극,1,1.0
이동규,연극,6,1.0
이동근,뮤지컬,2,0.2
이동근,연극,7,0.7
이동근,오페라,1,0.1
이동명,성악,1,1.0
이동민,발레,1,0.3333333333333333
이동민,연극,1,0.3333333333333333
이동민,한국무용,1,0.3333333333333333
이동빈,연극,1,1.0
이동석,연극,2,1.0
이동섭,연극,1,1.0
이동수,기악,1,0.16666666666666666
이동수,연극,5,0.8333333333333334
이동숙,한국무용,3,0.75
이동숙,현대무용,1,0.25
이동신,기악,1,0.16666666666666666
이동신,오페라,5,0.8333333333333334
이동연,기악,1,0.3333333333333333
이동연,뮤지컬,1,0.3333333333333333
이동연,연희,1,0.3333333333333333
이동영,연극,1,1.0
이동우,기악,1,0.5
이동우,기타,1,0.5
이동욱,기악,1,0.3333333333333333
이동욱,뮤지컬,2,0.6666666666666666
이동원,연극,1,1.0
이동인,연극,1,1.0
이동일,연극,1,1.0
이동준,기악,2,0.10526315789473684
이동준,기타,1,0.05263157894736842
이동준,뮤지컬,1,0.05263157894736842
이동준,연극,9,0.47368421052631576
이동준,한국무용,3,0.15789473684210525
이동준,현대무용,1,0.05263157894736842
이동준,혼합,2,0.10526315789473684
이동진,연극,1,1.0
이동초,성악,1,1.0
이동하,서커스/마술,1,0.16666666666666666
이동하,현대무용,5,0.8333333333333334
이동학,연극,1,1.0
이동혁,기악,4,0.8
이동혁,연극,1,0.2
이동현,성악,1,0.16666666666666666
이동현,연극,1,0.16666666666666666
이동현,한국무용,1,0.16666666666666666
이동현,현대무용,3,0.5
이동협,넌버벌 퍼포먼스,1,0.3333333333333333
이동협,뮤지컬,1,0.3333333333333333
이동협,연극,1,0.3333333333333333
이동형,기악,1,1.0
이동호,연극,8,0.8888888888888888
이동호,오페라,1,0.1111111111111111
이동환,연극,2,1.0
이동훈,기악,3,0.6
이동훈,연극,2,0.4
이동희,뮤지컬,1,1.0
이두성,연극,2,1.0
이두아,연극,2,1.0
이두원,뮤지컬,3,1.0
이든,오페라,1,1.0
이디트 헤르만,현대무용,4,1.0
이라영,연극,1,1.0
이라임,연극,4,1.0
이란아,연극,2,1.0
이란영,뮤지컬,2,1.0
이란희,연희,1,1.0
이랑,연극,2,1.0
이래경,연극,2,1.0
이래은,연극,6,1.0
이래이,오페라,1,1.0
이령,연극,1,1.0
이루다,발레,6,0.6666666666666666
이루다,현대무용,2,0.2222222222222222
이루다,혼합,1,0.1111111111111111
이루리,뮤지컬,2,0.5
이루리,발레,1,0.25
이루리,연극,1,0.25
이루마,발레,1,0.3333333333333333
이루마,현대무용,2,0.6666666666666666
이루화,연극,1,1.0
이룩,한국무용,2,1.0
이리나,기악,1,1.0
이마리솔,기악,1,1.0
이만방,기악,1,1.0
이만희,연극,8,1.0
이매방,한국무용,1,1.0
이명건,연극,2,1.0
이명국,오페라,1,1.0
이명노,연극,6,1.0
이명모,혼합,1,1.0
이명민,연극,1,1.0
이명선,연극,1,1.0
이명숙,연희,1,1.0
이명순,기악,1,1.0
이명우,연극,5,1.0
이명욱,성악,1,1.0
이명일,뮤지컬,5,0.8333333333333334
이명일,연극,1,0.16666666666666666
이명자,한국무용,1,1.0
이명진,마임,1,0.5
이명진,연극,1,0.5
이명찬,성악,1,1.0
이명한,연극,2,1.0
이명호,오페라,2,1.0
이명훈,연극,1,0.5
이명훈,한국무용,1,0.5
이명희,뮤지컬,1,0.25
이명희,연극,3,0.75
이목련,뮤지컬,1,0.14285714285714285
이목련,연극,6,0.8571428571428571
이무진,발레,1,1.0
이무홍,뮤지컬,1,1.0
이문석,기악,6,1.0
이문승,성악,1,1.0
이문열,뮤지컬,5,1.0
이문원,연극,1,1.0
이문재,인형극,1,1.0
이문주,연극,1,1.0
이문형,한국무용,1,1.0
이문호,뮤지컬,3,0.75
이문호,연극,1,0.25
이문희,기악,2,1.0
이미경,뮤지컬,19,0.7307692307692307
이미경,악극,1,0.038461538461538464
이미경,연극,6,0.23076923076923078
이미라,기악,1,0.043478260869565216
이미라,뮤지컬,16,0.6956521739130435
이미라,연극,6,0.2608695652173913
이미령,연극,1,1.0
이미리,연극,2,1.0
이미림,인형극,1,0.3333333333333333
이미림,혼합,2,0.6666666666666666
이미소,연극,1,1.0
이미숙,대중가요,1,0.16666666666666666
이미숙,연극,3,0.5
이미숙,한국무용,2,0.3333333333333333
이미쉘,연극,1,1.0
이미연,기악,3,1.0
이미영,기악,1,0.2
이미영,연극,1,0.2
이미영,한국무용,2,0.4
이미영,현대무용,1,0.2
이미은,연극,3,1.0
이미자,성악,1,1.0
이미정,연극,3,0.75
이미정,한국무용,1,0.25
이미주,연극,1,1.0
이미지,혼합,1,1.0
이미진,연극,1,0.25
이미진,현대무용,3,0.75
이미현,뮤지컬,1,0.16666666666666666
이미현,성악,1,0.16666666666666666
이미현,연극,2,0.3333333333333333
이미현,한국무용,2,0.3333333333333333
이미혜,연극,1,1.0
이미희,연극,4,0.5
이미희,인형극,2,0.25
이미희,한국무용,1,0.125
이미희,현대무용,1,0.125
이민,뮤지컬,11,1.0
이민경,뮤지컬,2,0.2857142857142857
이민경,연극,3,0.42857142857142855
이민경,오페라,1,0.14285714285714285
이민경,현대무용,1,0.14285714285714285
이민구,연극,5,1.0
이민규,성악,1,0.3333333333333333
이민규,연극,2,0.6666666666666666
이민기,연극,4,1.0
이민서,연극,1,1.0
이민성,성악,1,1.0
이민수,기악,2,0.4
이민수,성악,1,0.2
이민수,오페라,2,0.4
이민숙,연극,1,1.0
이민순,기악,2,1.0
이민애,한국무용,1,1.0
이민영,뮤지컬,4,0.36363636363636365
이민영,연극,5,0.45454545454545453
이민영,창극,1,0.09090909090909091
이민영,혼합,1,0.09090909090909091
이민우,연극,2,1.0
이민운,연극,1,1.0
이민재,연극,6,1.0
이민정,기악,2,0.6666666666666666
이민정,성악,1,0.3333333333333333
이민주,기악,2,0.2
이민주,뮤지컬,2,0.2
이민주,연극,6,0.6
이민준,연극,6,1.0
이민지,성악,1,0.125
이민지,연극,7,0.875
이민진,발레,1,1.0
이민찬,연극,1,1.0
이민하,뮤지컬,4,0.8
이민하,연극,1,0.2
이민한,연극,3,1.0
이민혁,뮤지컬,1,0.25
이민혁,연극,3,0.75
이민형,기악,1,1.0
이민호,연극,1,0.5
이민호,인형극,1,0.5
이민홍,뮤지컬,1,1.0
이반석,악극,1,1.0
이범권,연희,1,1.0
이범로,성악,3,0.23076923076923078
이범로,오페라,10,0.7692307692307693
이범석,뮤지컬,1,0.5
이범석,연극,1,0.5
이범선,연극,1,1.0
이범재,대중가요,1,0.125
이범재,뮤지컬,5,0.625
이범재,연극,1,0.125
이범재,재즈/월드뮤직,1,0.125
이범준,기악,1,0.3333333333333333
이범준,성악,2,0.6666666666666666
이범호,오페라,1,1.0
이범희,뮤지컬,1,1.0
이법승,성악,1,1.0
이병길,연극,1,1.0
이병렬,오페라,1,1.0
이병무,기악,2,1.0
이병묵,연극,1,1.0
이병빈,기타,1,1.0
이병선,인형극,1,1.0
이병승,뮤지컬,1,1.0
이병엽,현대무용,1,1.0
이병욱,기악,3,0.6
이병욱,오페라,1,0.2
이병욱,한국무용,1,0.2
이병웅,성악,1,0.2
이병웅,오페라,4,0.8
이병일,뮤지컬,1,1.0
이병준,한국무용,2,1.0
이병직,성악,1,1.0
이병창,뮤지컬,1,0.1111111111111111
이병창,연극,2,0.2222222222222222
이병창,인형극,6,0.6666666666666666
이병호,뮤지컬,24,0.8888888888888888
이병호,연극,2,0.07407407407407407
이병호,한국무용,1,0.037037037037037035
이병훈,뮤지컬,1,0.1
이병훈,악극,1,0.1
이병훈,연극,7,0.7
이병훈,인형극,1,0.1
이보 반 호프,연극,2,1.0
이보경,연극,3,1.0
이보나,뮤지컬,2,0.5
이보나,성악,1,0.25
이보나,오페라,1,0.25
이보늬,연극,1,1.0
이보라,기악,1,0.5
이보라,연극,1,0.5
이보라미,현대무용,1,1.0
이보람,넌버벌 퍼포먼스,1,0.041666666666666664
이보람,뮤지컬,2,0.08333333333333333
이보람,연극,18,0.75
이보람,인형극,2,0.08333333333333333
이보람,재즈/월드뮤직,1,0.041666666666666664
이보렴,기악,1,0.5
이보렴,성악,1,0.5
이보미,연극,7,1.0
이보영,연극,1,1.0
이보현,기악,1,1.0
이보휘,현대무용,1,1.0
이보희,뮤지컬,1,1.0
이보희 이보라,연극,1,1.0
이복선,현대무용,1,1.0
이복진,연극,1,1.0
이복행,연극,1,1.0
이본,기악,1,1.0
이봄,연극,2,1.0
이봉규,뮤지컬,1,0.25
이봉규,연극,3,0.75
이봉근,연극,2,1.0
이부열,연극,1,1.0
이브 사미흐,서커스/마술,1,1.0
이비안,뮤지컬,1,0.5
이비안,연극,1,0.5
이빛나,뮤지컬,1,0.25
이빛나,연극,2,0.5
이빛나,오페라,1,0.25
이사라,뮤지컬,1,1.0
이사벨라 버드,연극,1,1.0
이사야,연극,1,1.0
이사야 월슨,현대무용,1,1.0
이사헌,뮤지컬,1,1.0
이삭,연극,3,1.0
이산,마임,1,1.0
이산하,혼합,1,1.0
이삼열,성악,1,1.0
이삼우,뮤지컬,2,0.16666666666666666
이삼우,연극,10,0.8333333333333334
이삼헌,연극,1,0.5
이삼헌,연희,1,0.5
이상,연극,2,1.0
이상곤,뮤지컬,3,1.0
이상구,연극,3,1.0
이상권,재즈/월드뮤직,1,1.0
이상규,성악,1,1.0
이상근,기악,1,0.03333333333333333
이상근,연극,29,0.9666666666666667
이상기,기악,1,0.5
이상기,현대무용,1,0.5
이상길,한국무용,1,1.0
이상동,연극,1,1.0
이상래,뮤지컬,5,1.0
이상렬,연극,3,1.0
이상로,현대무용,1,1.0
이상률,연극,1,1.0
이상명,연극,6,1.0
이상문,기악,1,1.0
이상미,연극,2,1.0
이상민,뮤지컬,1,0.09090909090909091
이상민,성악,2,0.18181818181818182
이상민,오페라,7,0.6363636363636364
이상민,현대무용,1,0.09090909090909091
이상백,뮤지컬,1,1.0
이상봉,한국무용,2,0.5
이상봉,현대무용,2,0.5
이상빈,기악,1,1.0
이상석,연극,1,1.0
이상수,연극,3,1.0
이상숙,성악,3,0.5
이상숙,연극,1,0.16666666666666666
이상숙,혼합,2,0.3333333333333333
이상실,연극,1,1.0
이상아,성악,1,1.0
이상연,기악,1,0.5
이상연,연극,1,0.5
이상엽,뮤지컬,1,0.02
이상엽,서커스/마술,49,0.98
이상용,마당극,1,0.125
이상용,뮤지컬,1,0.125
이상용,연극,6,0.75
이상우,뮤지컬,2,0.08695652173913043
이상우,악극,1,0.043478260869565216
이상우,연극,20,0.8695652173913043
이상욱,기악,1,1.0
이상원,기악,4,0.3076923076923077
이상원,연극,7,0.5384615384615384
이상원,연희,2,0.15384615384615385
이상율,연극,7,1.0
이상은,기악,1,0.16666666666666666
이상은,기타,1,0.16666666666666666
이상은,뮤지컬,3,0.5
이상은,성악,1,0.16666666666666666
이상인,기악,1,0.5
이상인,대중가요,1,0.5
이상일,연극,4,1.0
이상재,기악,2,1.0
이상주,악극,1,0.3333333333333333
이상주,연극,2,0.6666666666666666
이상준,기악,4,0.36363636363636365
이상준,뮤지컬,2,0.18181818181818182
이상준,성악,3,0.2727272727272727
이상준,오페라,1,0.09090909090909091
이상준,재즈/월드뮤직,1,0.09090909090909091
이상직,기악,1,1.0
이상진,뮤지컬,55,0.9649122807017544
이상진,연극,1,0.017543859649122806
이상진,재즈/월드뮤직,1,0.017543859649122806
이상철,기악,2,0.3333333333333333
이상철,연극,3,0.5
이상철,오페라,1,0.16666666666666666
이상하,뮤지컬,1,0.5
이상하,악극,1,0.5
이상헌,연극,1,1.0
이상혁,연극,1,1.0
이상현,뮤지컬,1,0.3333333333333333
이상현,연극,2,0.6666666666666666
이상협,성악,1,0.5
이상협,연극,1,0.5
이상호,뮤지컬,4,0.2857142857142857
이상호,성악,1,0.07142857142857142
이상호,연극,7,0.5
이상호,연희,2,0.14285714285714285
이상화,기악,1,1.0
이상훈,기악,1,0.05263157894736842
이상훈,뮤지컬,7,0.3684210526315789
이상훈,연극,9,0.47368421052631576
이상훈,현대무용,2,0.10526315789473684
이상흡,한국무용,2,1.0
이상희,마임,1,0.047619047619047616
이상희,뮤지컬,2,0.09523809523809523
이상희,악극,1,0.047619047619047616
이상희,연극,17,0.8095238095238095
이새로미,인형극,4,1.0
이새벽,연극,1,1.0
이서림,연극,3,1.0
이서아,뮤지컬,1,0.5
이서아,연극,1,0.5
이서연,연극,4,1.0
이서영,뮤지컬,2,0.5
이서영,연극,2,0.5
이서원,연극,1,1.0
이서윤,성악,1,1.0
이서은,연극,1,1.0
이서인,기악,2,1.0
이서정,연극,1,1.0
이서현,오페라,1,1.0
이서환,연극,1,1.0
이서희,연극,1,1.0
이석규,뮤지컬,1,1.0
이석금,연희,2,0.6666666666666666
이석금,혼합,1,0.3333333333333333
이석도,연극,1,1.0
이석만,뮤지컬,1,1.0
이석원,뮤지컬,1,1.0
이석준,기악,2,0.25
이석준,뮤지컬,4,0.5
이석준,연극,2,0.25
이석중,기악,6,0.75
이석중,성악,1,0.125
이석중,연극,1,0.125
이석표,악극,1,0.3333333333333333
이석표,연극,2,0.6666666666666666
이석현,연극,1,1.0
이석호,뮤지컬,3,0.5
이석호,연극,3,0.5
이선,연극,7,1.0
이선경,기악,1,0.09090909090909091
이선경,뮤지컬,1,0.09090909090909091
이선경,성악,1,0.09090909090909091
이선경,연극,7,0.6363636363636364
이선경,오페라,1,0.09090909090909091
이선광,성악,1,1.0
이선미,뮤지컬,1,0.2
이선미,성악,3,0.6
이선미,연극,1,0.2
이선민,대중가요,1,0.25
이선민,한국무용,2,0.5
이선민,현대무용,1,0.25
이선시,현대무용,1,1.0
이선애,현대무용,1,1.0
이선연,연극,1,1.0
이선영,기악,3,0.125
이선영,뮤지컬,7,0.2916666666666667
이선영,성악,2,0.08333333333333333
이선영,연극,4,0.16666666666666666
이선영,재즈/월드뮤직,6,0.25
이선영,현대무용,2,0.08333333333333333
이선옥,혼합,1,1.0
이선우,뮤지컬,1,0.16666666666666666
이선우,연극,5,0.8333333333333334
이선욱,연극,1,1.0
이선유,연극,1,1.0
이선윤,연극,1,1.0
이선이,기악,2,1.0
이선재,뮤지컬,1,0.3333333333333333
이선재,연극,1,0.3333333333333333
이선재,현대무용,1,0.3333333333333333
이선정,뮤지컬,1,1.0
이선주,뮤지컬,1,1.0
이선태,현대무용,1,1.0
이선택,뮤지컬,2,0.3333333333333333
이선택,성악,4,0.6666666666666666
이선하,뮤지컬,1,1.0
이선현,연극,7,1.0
이선형,연극,1,1.0
이선희,연극,5,1.0
이설아,연극,1,1.0
이설애,현대무용,1,1.0
이섭,성악,1,1.0
이성곤,연극,4,1.0
이성교,연극,1,1.0
이성구,뮤지컬,1,0.09090909090909091
이성구,연극,9,0.8181818181818182
이성구,연희,1,0.09090909090909091
이성권,연극,2,1.0
이성규,연극,2,1.0
이성균,연극,3,1.0
이성록,재즈/월드뮤직,1,1.0
이성만,기악,1,1.0
이성모,뮤지컬,1,0.16666666666666666
이성모,연극,4,0.6666666666666666
이성모,현대무용,1,0.16666666666666666
이성민,기악,2,0.25
이성민,뮤지컬,1,0.125
이성민,성악,1,0.125
이성민,연극,3,0.375
이성민,연희,1,0.125
이성범,넌버벌 퍼포먼스,5,0.7142857142857143
이성범,서커스/마술,2,0.2857142857142857
이성빈,연극,1,1.0
이성섭,뮤지컬,7,0.7
이성섭,연극,3,0.3
이성수,연극,4,1.0
이성숙,뮤지컬,1,1.0
이성순,혼합,1,1.0
이성실,뮤지컬,1,1.0
이성아,뮤지컬,1,1.0
이성연,뮤지컬,1,1.0
이성열,뮤지컬,1,0.047619047619047616
이성열,연극,19,0.9047619047619048
이성열,창극,1,0.047619047619047616
이성용,뮤지컬,1,0.5
이성용,악극,1,0.5
이성우,기악,1,1.0
이성욱,기악,1,0.3333333333333333
이성욱,뮤지컬,1,0.3333333333333333
이성욱,오페라,1,0.3333333333333333
이성원,연극,4,1.0
이성은,연극,2,1.0
이성일,뮤지컬,14,0.7
이성일,연극,6,0.3
이성재,연극,8,1.0
이성주,기악,9,0.8181818181818182
이성주,연극,2,0.18181818181818182
이성준,기악,2,0.06666666666666667
이성준,뮤지컬,24,0.8
이성준,성악,1,0.03333333333333333
이성준,연극,2,0.06666666666666667
이성준,혼합,1,0.03333333333333333
이성직,연극,5,1.0
이성진,넌버벌 퍼포먼스,2,0.15384615384615385
이성진,뮤지컬,7,0.5384615384615384
이성진,성악,1,0.07692307692307693
이성진,연극,3,0.23076923076923078
이성찬,뮤지컬,1,1.0
이성천,기악,3,1.0
이성철,성악,1,0.16666666666666666
이성철,연극,5,0.8333333333333334
이성헌,혼합,1,1.0
이성현,기악,1,0.25
이성현,뮤지컬,3,0.75
이성형,연극,1,1.0
이성호,뮤지컬,9,0.6
이성호,서커스/마술,1,0.06666666666666667
이성호,연극,5,0.3333333333333333
이성환,연극,2,1.0
이성훈,뮤지컬,23,0.7931034482758621
이성훈,연극,5,0.1724137931034483
이성훈,오페라,1,0.034482758620689655
이성희,연극,2,0.6666666666666666
이성희,인형극,1,0.3333333333333333
이세기,연극,16,1.0
이세라,연극,1,1.0
이세령,뮤지컬,59,1.0
이세리,뮤지컬,1,1.0
이세민,기악,2,0.5
이세민,성악,1,0.25
이세민,연희,1,0.25
이세비,연극,1,1.0
이세승,연극,1,0.3333333333333333
이세승,현대무용,2,0.6666666666666666
이세연,연극,1,1.0
이세영,연극,2,1.0
이세직,연극,1,1.0
이세진,연극,2,1.0
이세호,오페라,2,1.0
이세훈,뮤지컬,1,1.0
이세희,연극,2,1.0
이소 케이코,인형극,1,1.0
이소금,연극,2,1.0
이소란,기악,1,1.0
이소미,기악,1,1.0
이소민,연극,1,0.5
이소민,오페라,1,0.5
이소선,연극,1,1.0
이소연,기악,10,0.47619047619047616
이소연,뮤지컬,1,0.047619047619047616
이소연,성악,3,0.14285714285714285
이소연,연극,5,0.23809523809523808
이소연,재즈/월드뮤직,1,0.047619047619047616
이소연,혼합,1,0.047619047619047616
이소영,뮤지컬,1,0.037037037037037035
이소영,연극,3,0.1111111111111111
이소영,오페라,20,0.7407407407407407
이소영,현대무용,3,0.1111111111111111
이소윤,뮤지컬,1,0.5
이소윤,연극,1,0.5
이소을,뮤지컬,1,0.5
이소을,연극,1,0.5
이소의,기악,4,0.8
이소의,성악,1,0.2
이소정,발레,1,0.3333333333333333
이소정,연극,1,0.3333333333333333
이소정,현대무용,1,0.3333333333333333
이소현,기악,1,0.16666666666666666
이소현,성악,1,0.16666666666666666
이소현,연극,3,0.5
이소현,오페라,1,0.16666666666666666
이소희,연극,2,1.0
이솔하,발레,1,1.0
이송,연극,1,1.0
이송연,연극,2,1.0
이송은,연극,2,1.0
이송이,연극,3,0.75
이송이,인형극,1,0.25
이송희,연극,2,1.0
이수경,기악,4,0.3333333333333333
이수경,대중가요,1,0.08333333333333333
이수경,연극,3,0.25
이수경,연희,1,0.08333333333333333
이수경,한국무용,1,0.08333333333333333
이수경,현대무용,1,0.08333333333333333
이수경,혼합,1,0.08333333333333333
이수근,뮤지컬,3,0.75
이수근,연희,1,0.25
이수나,뮤지컬,3,0.75
이수나,혼합,1,0.25
이수린,한국무용,3,1.0
이수림,연극,6,1.0
이수민,연극,13,0.7647058823529411
이수민,연희,1,0.058823529411764705
이수민,인형극,1,0.058823529411764705
이수민,한국무용,1,0.058823529411764705
이수민,혼합,1,0.058823529411764705
이수빈,뮤지컬,2,0.2222222222222222
이수빈,성악,1,0.1111111111111111
이수빈,연극,6,0.6666666666666666
이수연,기악,2,0.07692307692307693
이수연,뮤지컬,5,0.19230769230769232
이수연,성악,1,0.038461538461538464
이수연,연극,15,0.5769230769230769
이수연,오페라,2,0.07692307692307693
이수연,혼합,1,0.038461538461538464
이수영,기악,1,0.3333333333333333
이수영,연극,2,0.6666666666666666
이수윤,현대무용,2,1.0
이수은,기악,6,0.35294117647058826
이수은,성악,2,0.11764705882352941
이수은,연극,7,0.4117647058823529
이수은,오페라,2,0.11764705882352941
이수인,기악,1,0.05263157894736842
이수인,기타,1,0.05263157894736842
이수인,뮤지컬,1,0.05263157894736842
이수인,연극,15,0.7894736842105263
이수인,연희,1,0.05263157894736842
이수임,연극,1,1.0
이수자,한국무용,1,1.0
이수재,기악,2,1.0
이수정,기악,1,0.07692307692307693
이수정,대중가요,1,0.07692307692307693
이수정,뮤지컬,1,0.07692307692307693
이수정,연극,3,0.23076923076923078
이수정,인형극,7,0.5384615384615384
이수지,뮤지컬,1,1.0
이수진,기악,1,0.0625
이수진,뮤지컬,5,0.3125
이수진,연극,3,0.1875
이수진,인형극,3,0.1875
이수진,한국무용,4,0.25
이수함,뮤지컬,2,1.0
이수현,뮤지컬,2,0.25
이수현,연극,5,0.625
이수현,한국무용,1,0.125
이수형,기악,6,1.0
이수환,연극,1,1.0
이숙미,기악,1,1.0
이숙영,성악,1,1.0
이숙재,현대무용,1,1.0
이숙현,기악,1,0.5
이숙현,뮤지컬,1,0.5
이숙형,연극,1,1.0
이순교,뮤지컬,1,0.25
이순교,성악,3,0.75
이순규,연극,1,1.0
이순길,연극,1,1.0
이순애,연극,2,1.0
이순영,연극,2,0.6666666666666666
이순영,연희,1,0.3333333333333333
이순재,연극,10,0.8333333333333334
이순재,오페라,2,0.16666666666666666
이순정,연극,1,1.0
이순주,연극,3,1.0
이술아,뮤지컬,9,0.9
이술아,연희,1,0.1
이슬,뮤지컬,3,0.75
이슬,악극,1,0.25
이슬기,발레,1,0.1111111111111111
이슬기,성악,2,0.2222222222222222
이슬기,연극,5,0.5555555555555556
이슬기,혼합,1,0.1111111111111111
이슬람,뮤지컬,1,1.0
이슬비,연극,1,1.0
이슬아,뮤지컬,2,1.0
이승곤,재즈/월드뮤직,1,1.0
이승구,연극,1,1.0
이승권,기악,1,1.0
이승규,뮤지컬,1,1.0
이승기,발레,1,0.5
이승기,오페라,1,0.5
이승대,현대무용,6,1.0
이승목,기악,1,1.0
이승무,연극,1,1.0
이승묵,기악,1,1.0
이승미,기악,1,0.5
이승미,연극,1,0.5
이승민,뮤지컬,2,0.2
이승민,발레,1,0.1
이승민,성악,2,0.2
이승민,연극,4,0.4
이승민,혼합,1,0.1
이승복,연극,2,1.0
이승빈,연극,1,1.0
이승신,연극,1,1.0
이승아,한국무용,1,1.0
이승연,연극,2,1.0
이승엽,연극,1,0.3333333333333333
이승엽,혼합,2,0.6666666666666666
이승용,뮤지컬,1,1.0
이승우,기악,1,0.043478260869565216
이승우,뮤지컬,1,0.043478260869565216
이승우,서커스/마술,7,0.30434782608695654
이승우,성악,1,0.043478260869565216
이승우,연극,11,0.4782608695652174
이승우,오페라,1,0.043478260869565216
이승우,혼합,1,0.043478260869565216
이승운,혼합,1,1.0
이승원,기악,1,0.07692307692307693
이승원,마당극,1,0.07692307692307693
이승원,성악,1,0.07692307692307693
이승원,연극,6,0.46153846153846156
이승원,오페라,4,0.3076923076923077
이승윤,연극,1,0.25
이승윤,현대무용,3,0.75
이승은,기악,2,0.13333333333333333
이승은,넌버벌 퍼포먼스,5,0.3333333333333333
이승은,뮤지컬,5,0.3333333333333333
이승은,악극,1,0.06666666666666667
이승은,연극,1,0.06666666666666667
이승은,혼합,1,0.06666666666666667
이승은 정찬수,뮤지컬,1,1.0
이승재,연극,6,1.0
이승주,발레,1,0.2
이승주,연극,2,0.4
이승주,연희,1,0.2
이승주,현대무용,1,0.2
이승준,성악,1,0.2
이승준,연극,4,0.8
이승진,뮤지컬,1,0.3333333333333333
이승진,연극,2,0.6666666666666666
이승찬,뮤지컬,1,0.25
이승찬,연극,2,0.5
이승찬,한국무용,1,0.25
이승채,기악,2,1.0
이승철,연극,2,1.0
이승태,기악,9,0.75
이승태,성악,3,0.25
이승학,기악,1,0.5
이승학,연극,1,0.5
이승헌,연극,1,1.0
이승혁,연극,1,1.0
이승현,기악,1,0.3333333333333333
이승현,뮤지컬,1,0.3333333333333333
이승현,오페라,1,0.3333333333333333
이승혜,연극,4,1.0
이승호,기악,5,0.12195121951219512
이승호,성악,3,0.07317073170731707
이승호,연극,19,0.4634146341463415
이승호,한국무용,2,0.04878048780487805
이승호,현대무용,12,0.2926829268292683
이승환,연극,1,1.0
이승훈,뮤지컬,9,0.75
이승훈,연극,3,0.25
이승훤,기악,2,0.3333333333333333
이승훤,혼합,4,0.6666666666666666
이승희,기악,1,0.045454545454545456
이승희,뮤지컬,1,0.045454545454545456
이승희,성악,3,0.13636363636363635
이승희,연극,16,0.7272727272727273
이승희,연희,1,0.045454545454545456
이시다 세야,연극,1,1.0
이시문,혼합,1,1.0
이시영,연극,1,0.5
이시영,혼합,1,0.5
이시온,연극,3,1.0
이시우,기악,1,0.5
이시우,연극,1,0.5
이시원,뮤지컬,2,0.0625
이시원,연극,30,0.9375
이시은,연극,7,0.875
이시은,한국무용,1,0.125
이시정,연희,1,1.0
이시카와 쥬리,연극,1,1.0
이시행,뮤지컬,2,0.6666666666666666
이시행,현대무용,1,0.3333333333333333
이시현,현대무용,1,1.0
이시훈,대중가요,1,1.0
이신국,기악,1,1.0
이신규,기악,4,1.0
이신기,연극,1,1.0
이신남,연극,1,1.0
이신봉,기악,1,1.0
이신실,뮤지컬,1,0.16666666666666666
이신실,연극,4,0.6666666666666666
이신실,현대무용,1,0.16666666666666666
이신영,연극,7,1.0
이신우,기악,6,0.8571428571428571
이신우,혼합,1,0.14285714285714285
이신향,연극,1,1.0
이신혜,기악,1,0.3333333333333333
이신혜,연극,2,0.6666666666666666
이실,뮤지컬,2,1.0
이심지,뮤지컬,1,1.0
이아니스 파라스케보풀로스,연극,1,1.0
이아단,연극,1,1.0
이아라,연극,4,1.0
이아람,기악,1,0.045454545454545456
이아람,뮤지컬,7,0.3181818181818182
이아람,발레,6,0.2727272727272727
이아람,성악,1,0.045454545454545456
이아람,창극,1,0.045454545454545456
이아람,한국무용,5,0.22727272727272727
이아람,혼합,1,0.045454545454545456
이아로,기악,2,0.4
이아로,성악,1,0.2
이아로,혼합,2,0.4
이아롱,연극,1,1.0
이아륜,성악,1,1.0
이아름,연극,1,1.0
이아리,연극,1,1.0
이아린,연극,2,1.0
이아림,뮤지컬,2,0.4
이아림,연극,3,0.6
이아민,연희,1,1.0
이아성,서커스/마술,2,1.0
이아현,연극,2,1.0
이안나,기악,1,0.5
이안나,뮤지컬,1,0.5
이안호,연극,3,1.0
이애라,연극,2,1.0
이애린,연극,2,1.0
이애림,현대무용,1,1.0
이애주,한국무용,1,1.0
이애현,한국무용,3,1.0
이양구,연극,9,1.0
이양규,기악,1,0.5
이양규,마임,1,0.5
이양숙,연극,1,1.0
이양우,뮤지컬,1,0.1111111111111111
이양우,성악,1,0.1111111111111111
이양우,연극,7,0.7777777777777778
이양자,성악,1,1.0
이어린,현대무용,3,1.0
이어소,연극,1,1.0
이어진,기악,1,1.0
이언 릭슨,연극,1,1.0
이언주,한국무용,1,0.3333333333333333
이언주,현대무용,2,0.6666666666666666
이언진,연극,2,1.0
이엄지,뮤지컬,1,0.3333333333333333
이엄지,연극,2,0.6666666666666666
이에나,연극,1,1.0
이에린,기악,1,1.0
이에은,연극,1,1.0
이여름,한국무용,1,1.0
이여진,연극,4,1.0
이연경,뮤지컬,1,1.0
이연구,연극,1,1.0
이연국,기악,1,1.0
이연기,연극,1,1.0
이연성,성악,1,1.0
이연승,기악,1,1.0
이연아,연극,1,1.0
이연우,연극,9,1.0
이연자,기악,2,0.6666666666666666
이연자,성악,1,0.3333333333333333
이연주,연극,10,0.8333333333333334
이연주,창극,1,0.08333333333333333
이연주,현대무용,1,0.08333333333333333
이연준,연극,1,1.0
이연지,연극,3,0.6
이연지,재즈/월드뮤직,1,0.2
이연지,혼합,1,0.2
이연진,연극,3,1.0
이연호,스트리트/스포츠댄스,3,1.0
이연화,연극,1,1.0
이연희,성악,2,0.6666666666666666
이연희,연극,1,0.3333333333333333
이열우,연극,1,1.0
이염소,연극,1,1.0
이엽,연극,1,1.0
이영,연극,1,0.3333333333333333
이영,오페라,2,0.6666666666666666
이영건,연극,1,1.0
이영광,기악,2,0.4
이영광,연희,3,0.6
이영국,오페라,1,1.0
이영규,서커스/마술,1,0.5
이영규,성악,1,0.5
이영기,발레,2,0.5
이영기,오페라,2,0.5
이영도,발레,3,0.75
이영도,성악,1,0.25
이영돈,기악,1,0.5
이영돈,악극,1,0.5
이영란,뮤지컬,2,1.0
이영록,기악,1,0.5
이영록,뮤지컬,1,0.5
이영미,기악,1,0.3333333333333333
이영미,뮤지컬,2,0.6666666666666666
이영민,뮤지컬,1,0.25
이영민,연극,2,0.5
이영민,재즈/월드뮤직,1,0.25
이영석,성악,1,0.16666666666666666
이영석,연극,2,0.3333333333333333
이영석,오페라,3,0.5
이영섭,기악,3,0.21428571428571427
이영섭,연극,10,0.7142857142857143
이영섭,혼합,1,0.07142857142857142
이영성,현대무용,1,1.0
이영수,뮤지컬,3,0.42857142857142855
이영수,연극,4,0.5714285714285714
이영숙,연극,22,1.0
이영순,기악,1,0.3333333333333333
이영순,뮤지컬,1,0.3333333333333333
이영순,연극,1,0.3333333333333333
이영신,오페라,3,1.0
이영실,한국무용,1,1.0
이영애,연희,1,1.0
이영완,기악,5,1.0
이영우,성악,1,0.5
이영우,연극,1,0.5
이영욱,성악,1,0.2
이영욱,한국무용,1,0.2
이영욱,현대무용,2,0.4
이영욱,혼합,1,0.2
이영웅,연극,2,1.0
이영은,기악,1,0.14285714285714285
이영은,성악,1,0.14285714285714285
이영은,연극,5,0.7142857142857143
이영일,한국무용,6,0.6666666666666666
이영일,현대무용,3,0.3333333333333333
이영재,뮤지컬,6,0.5454545454545454
이영재,성악,1,0.09090909090909091
이영재,연극,4,0.36363636363636365
이영조,기악,2,0.3333333333333333
이영조,성악,3,0.5
이영조,혼합,1,0.16666666666666666
이영주,한국무용,1,1.0
이영준,연극,2,1.0
이영중,연극,2,1.0
이영진,뮤지컬,7,0.875
이영진,연극,1,0.125
이영찬,뮤지컬,11,0.4782608695652174
이영찬,발레,1,0.043478260869565216
이영찬,연극,6,0.2608695652173913
이영찬,현대무용,4,0.17391304347826086
이영찬,혼합,1,0.043478260869565216
이영철,기악,3,0.375
이영철,발레,4,0.5
이영철,한국무용,1,0.125
이영택,악극,1,0.5
이영택,연극,1,0.5
이영호,서커스/마술,1,1.0
이영효,오페라,1,1.0
이영훈,뮤지컬,3,0.3
이영훈,연극,5,0.5
이영훈,현대무용,2,0.2
이영희,혼합,1,1.0
이예나,연극,2,1.0
이예닮,연극,1,0.5
이예닮,현대무용,1,0.5
이예리,뮤지컬,3,0.6
이예리,연극,2,0.4
이예린,기악,3,0.23076923076923078
이예린,뮤지컬,3,0.23076923076923078
이예린,연극,7,0.5384615384615384
이예림,기악,1,0.25
이예림,연극,3,0.75
이예본,연극,1,1.0
이예빈,연극,1,1.0
이예서,연극,1,1.0
이예슬,연극,2,1.0
이예원,기악,2,0.2
이예원,뮤지컬,2,0.2
이예원,연극,4,0.4
이예원,연희,1,0.1
이예원,혼합,1,0.1
이예은,뮤지컬,1,0.5
이예은,연극,1,0.5
이예인,뮤지컬,1,1.0
이예지,뮤지컬,2,0.5
이예지,연극,2,0.5
이예진,기악,5,0.38461538461538464
이예진,뮤지컬,1,0.07692307692307693
이예진,연극,6,0.46153846153846156
이예진,현대무용,1,0.07692307692307693
이예찬,연극,1,1.0
이예희,뮤지컬,1,0.25
이예희,연극,3,0.75
이오진,연극,12,0.9230769230769231
이오진,현대무용,1,0.07692307692307693
이와이 히데토,연극,1,1.0
이완기,마당극,1,0.0625
이완기,연극,15,0.9375
이완희,연극,1,1.0
이왕수,성악,1,0.25
이왕수,연희,2,0.5
이왕수,창극,1,0.25
이왕의,연극,1,1.0
이왕일,연극,1,1.0
이왕혁,연극,3,1.0
이외주,오페라,3,1.0
이요한,연극,1,1.0
이요현,뮤지컬,2,1.0
이용갑,현대무용,1,1.0
이용구,성악,1,1.0
이용규,연극,2,1.0
이용근,기악,1,1.0
이용덕,한국무용,1,1.0
이용문,연극,2,1.0
이용석,기악,4,0.5
이용석,넌버벌 퍼포먼스,2,0.25
이용석,연극,1,0.125
이용석,한국무용,1,0.125
이용성,연극,2,1.0
이용수,마당극,1,0.16666666666666666
이용수,연극,5,0.8333333333333334
이용신,연희,1,1.0
이용아,뮤지컬,1,1.0
이용원,뮤지컬,1,1.0
이용주,기타,1,0.038461538461538464
이용주,넌버벌 퍼포먼스,1,0.038461538461538464
이용주,마임,1,0.038461538461538464
이용주,뮤지컬,5,0.19230769230769232
이용주,악극,7,0.2692307692307692
이용주,연극,6,0.23076923076923078
이용주,오페라,4,0.15384615384615385
이용주,한국무용,1,0.038461538461538464
이용탁,기악,8,0.7272727272727273
이용탁,연극,1,0.09090909090909091
이용탁,한국무용,2,0.18181818181818182
이용택,발레,4,1.0
이용화,기악,1,0.5
이용화,뮤지컬,1,0.5
이용훈,연극,2,1.0
이우람,연극,8,1.0
이우리,연극,4,1.0
이우리. 배진아,기악,1,1.0
이우림,연극,1,1.0
이우미,뮤지컬,7,0.6363636363636364
이우미,연극,4,0.36363636363636365
이우빈,현대무용,3,1.0
이우송,연극,1,1.0
이우영,뮤지컬,1,0.3333333333333333
이우영,연극,2,0.6666666666666666
이우재,현대무용,1,1.0
이우종,연극,1,1.0
이우직,기악,2,0.6666666666666666
이우직,오페라,1,0.3333333333333333
이우진,연극,1,0.5
이우진,오페라,1,0.5
이우찬,연희,1,1.0
이우창,뮤지컬,1,1.0
이우천,연극,17,1.0
이우철,연극,1,1.0
이우현,기악,1,1.0
이운복,기악,1,0.3333333333333333
이운복,성악,2,0.6666666666666666
이운호,기악,1,1.0
이웅,기악,1,0.25
이웅,성악,1,0.25
이웅,연극,1,0.25
이웅,혼합,1,0.25
이원구,한국무용,1,1.0
이원국,발레,4,1.0
이원림,연극,1,1.0
이원만,뮤지컬,2,0.5
이원만,연극,1,0.25
이원만,혼합,1,0.25
이원민,뮤지컬,2,0.6666666666666666
이원민,연극,1,0.3333333333333333
이원범,뮤지컬,2,1.0
이원석,연극,2,1.0
이원성,연극,1,1.0
이원아,발레,1,1.0
이원엽,연극,1,1.0
이원영,연극,1,1.0
이원재,연극,14,1.0
이원정,기악,2,0.6666666666666666
이원정,연극,1,0.3333333333333333
이원종,뮤지컬,3,0.2727272727272727
이원종,연극,8,0.7272727272727273
이원준,연극,3,1.0
이원태,기악,1,1.0
이원홍,마임,1,1.0
이원흥,인형극,1,1.0
이원희,기악,3,0.42857142857142855
이원희,성악,2,0.2857142857142857
이원희,연극,2,0.2857142857142857
이유경,뮤지컬,1,0.16666666666666666
이유경,연극,5,0.8333333333333334
이유나,연극,3,1.0
이유라,기악,3,0.375
이유라,성악,1,0.125
이유라,연극,1,0.125
이유라,연희,2,0.25
이유라,오페라,1,0.125
이유리,뮤지컬,14,0.8235294117647058
이유리,연극,3,0.17647058823529413
이유림,기악,1,0.14285714285714285
이유림,뮤지컬,1,0.14285714285714285
이유림,성악,1,0.14285714285714285
이유림,연극,3,0.42857142857142855
이유림,한국무용,1,0.14285714285714285
이유민,연극,1,1.0
이유빈,뮤지컬,1,0.3333333333333333
이유빈,연극,2,0.6666666666666666
이유성,현대무용,1,1.0
이유숙,연극,1,1.0
이유원,뮤지컬,2,1.0
이유정,기악,4,0.3333333333333333
이유정,뮤지컬,6,0.5
이유정,발레,1,0.08333333333333333
이유정,혼합,1,0.08333333333333333
이유주,연극,1,1.0
이유진,기악,3,0.15
이유진,대중가요,1,0.05
이유진,뮤지컬,7,0.35
이유진,성악,1,0.05
이유진,연극,8,0.4
이유찬,연극,1,1.0
이유환,성악,1,1.0
이윤경,기악,2,0.3333333333333333
이윤경,성악,1,0.16666666666666666
이윤경,연극,2,0.3333333333333333
이윤경,현대무용,1,0.16666666666666666
이윤나,뮤지컬,2,1.0
이윤미,연극,2,1.0
이윤서,연극,1,1.0
이윤선,연극,2,1.0
이윤성,연극,2,0.6666666666666666
이윤성,오페라,1,0.3333333333333333
이윤수,뮤지컬,4,0.26666666666666666
이윤수,연극,11,0.7333333333333333
이윤숙,연극,1,0.5
이윤숙,현대무용,1,0.5
이윤정,기악,2,0.14285714285714285
이윤정,뮤지컬,1,0.07142857142857142
이윤정,성악,1,0.07142857142857142
이윤정,연극,6,0.42857142857142855
이윤정,현대무용,4,0.2857142857142857
이윤제,넌버벌 퍼포먼스,1,1.0
이윤중,연극,1,1.0
이윤지,발레,1,0.3333333333333333
이윤지,연극,2,0.6666666666666666
이윤진,연극,3,1.0
이윤채,연극,1,1.0
이윤표,뮤지컬,1,1.0
이윤하,연극,1,1.0
이윤혁,연극,4,1.0
이윤형,연극,1,1.0
이윤혜,성악,1,1.0
이윤화,마임,1,1.0
이윤희,뮤지컬,2,0.3333333333333333
이윤희,연극,4,0.6666666666666666
이율,기악,2,0.6666666666666666
이율,연극,1,0.3333333333333333
이율구,기악,1,0.14285714285714285
이율구,뮤지컬,2,0.2857142857142857
이율구,연극,3,0.42857142857142855
이율구,혼합,1,0.14285714285714285
이율빈,연극,1,1.0
이은,넌버벌 퍼포먼스,1,0.5
이은,연극,1,0.5
이은결,서커스/마술,3,0.75
이은결,연극,1,0.25
이은경,기악,1,0.07142857142857142
이은경,뮤지컬,3,0.21428571428571427
이은경,연극,6,0.42857142857142855
이은경,한국무용,2,0.14285714285714285
이은경,현대무용,2,0.14285714285714285
이은교,발레,1,1.0
이은규,연극,2,0.3333333333333333
이은규,현대무용,3,0.5
이은규,혼합,1,0.16666666666666666
이은기,연극,5,1.0
이은미,기악,1,0.14285714285714285
이은미,발레,1,0.14285714285714285
이은미,성악,2,0.2857142857142857
이은미,연극,2,0.2857142857142857
이은미,오페라,1,0.14285714285714285
이은배,기악,2,0.6666666666666666
이은배,성악,1,0.3333333333333333
이은비,연극,10,1.0
이은샘,연극,1,1.0
이은서,연극,1,1.0
이은석,기악,1,0.1
이은석,연극,9,0.9
이은선,기악,1,0.3333333333333333
이은선,발레,1,0.3333333333333333
이은선,혼합,1,0.3333333333333333
이은솔,연극,2,1.0
이은송,연극,2,1.0
이은숙,뮤지컬,1,0.25
이은숙,성악,1,0.25
이은숙,연극,1,0.25
이은숙,연희,1,0.25
이은실,현대무용,1,1.0
이은아,뮤지컬,1,1.0
이은영,뮤지컬,4,0.36363636363636365
이은영,연극,7,0.6363636363636364
이은옥,연극,1,1.0
이은용,연극,1,1.0
이은정,뮤지컬,4,0.4444444444444444
이은정,연극,5,0.5555555555555556
이은주,기악,1,0.1
이은주,연극,8,0.8
이은주,한국무용,1,0.1
이은준,연극,25,1.0
이은지,기악,2,0.18181818181818182
이은지,연극,8,0.7272727272727273
이은지,재즈/월드뮤직,1,0.09090909090909091
이은진,연극,6,1.0
이은채,뮤지컬,1,0.25
이은채,연극,2,0.5
이은채,혼합,1,0.25
이은택,뮤지컬,2,1.0
이은하,연극,10,1.0
이은혜,뮤지컬,1,0.1111111111111111
이은혜,성악,1,0.1111111111111111
이은혜,연극,4,0.4444444444444444
이은혜,오페라,2,0.2222222222222222
이은혜,현대무용,1,0.1111111111111111
이은호,연극,5,0.8333333333333334
이은호,현대무용,1,0.16666666666666666
이은희,기악,1,0.14285714285714285
이은희,연극,2,0.2857142857142857
이은희,오페라,4,0.5714285714285714
이응규,뮤지컬,12,1.0
이응창,오페라,1,1.0
이의신,뮤지컬,1,1.0
이의영,기악,1,1.0
이의주,기악,3,0.12
이의주,성악,5,0.2
이의주,오페라,17,0.68
이의진,기악,2,0.6666666666666666
이의진,연극,1,0.3333333333333333
이이남,기악,1,1.0
이이림,연극,6,1.0
이이슬,한국무용,1,1.0
이인규,연극,1,1.0
이인노,연극,1,1.0
이인덕,기악,1,0.3333333333333333
이인덕,대중가요,1,0.3333333333333333
이인덕,혼합,1,0.3333333333333333
이인보,기악,1,0.2
이인보,연희,2,0.4
이인보,한국무용,1,0.2
이인보,혼합,1,0.2
이인복,뮤지컬,1,0.1
이인복,연극,9,0.9
이인수,연극,18,0.8571428571428571
이인수,연희,1,0.047619047619047616
이인수,오페라,1,0.047619047619047616
이인수,현대무용,1,0.047619047619047616
이인식,기악,1,1.0
이인애,악극,1,0.3333333333333333
이인애,연극,2,0.6666666666666666
이인영,연극,1,1.0
이인정,뮤지컬,1,0.5
이인정,연극,1,0.5
이인학,성악,1,1.0
이인혜,뮤지컬,5,0.7142857142857143
이인혜,연극,1,0.14285714285714285
이인혜,한국무용,1,0.14285714285714285
이인호,연극,1,0.3333333333333333
이인호,인형극,2,0.6666666666666666
이일구,성악,1,0.5
이일구,오페라,1,0.5
이일세,기악,2,1.0
이일영,연극,2,1.0
이일우,기악,5,0.5
이일우,한국무용,3,0.3
이일우,현대무용,2,0.2
이임주,뮤지컬,2,1.0
이임호,대중가요,1,1.0
이자람,성악,9,0.6
이자람,연극,1,0.06666666666666667
이자람,창극,5,0.3333333333333333
이자순,기악,2,0.1111111111111111
이자순,뮤지컬,1,0.05555555555555555
이자순,성악,1,0.05555555555555555
이자순,연극,14,0.7777777777777778
이잠부,연극,3,1.0
이장수,연극,1,1.0
이장용,뮤지컬,2,0.25
이장용,서커스/마술,6,0.75
이장욱,연극,1,1.0
이장은,연극,1,1.0
이장한,연극,2,0.25
이장한,한국무용,1,0.125
이장한,현대무용,5,0.625
이장헌,연극,1,1.0
이장환,뮤지컬,3,1.0
이장훈,연극,1,1.0
이장희,기악,1,1.0
이재,연극,2,1.0
이재경,재즈/월드뮤직,1,1.0
이재구,기악,1,1.0
이재국,연극,1,1.0
이재남,연극,2,1.0
이재령,연희,1,1.0
이재림,연극,1,1.0
이재문,기악,2,0.5
이재문,성악,1,0.25
이재문,현대무용,1,0.25
이재민,대중가요,2,0.14285714285714285
이재민,뮤지컬,1,0.07142857142857142
이재민,연극,10,0.7142857142857143
이재민,한국무용,1,0.07142857142857142
이재빈,연극,1,1.0
이재상,기악,1,0.125
이재상,연극,7,0.875
이재섭,뮤지컬,2,1.0
이재성,기악,2,0.15384615384615385
이재성,뮤지컬,1,0.07692307692307693
이재성,성악,2,0.15384615384615385
이재성,연극,4,0.3076923076923077
이재성,오페라,2,0.15384615384615385
이재성,한국무용,2,0.15384615384615385
이재순,뮤지컬,2,1.0
이재신,성악,4,1.0
이재안,성악,1,1.0
이재억,발레,1,1.0
이재영,현대무용,12,1.0
이재왕,연극,1,1.0
이재용,연극,3,1.0
이재우,연극,3,1.0
이재욱,연극,1,0.5
이재욱,한국무용,1,0.5
이재웅,연극,1,1.0
이재원,성악,1,0.2
이재원,연극,4,0.8
이재윤,뮤지컬,1,0.041666666666666664
이재윤,서커스/마술,20,0.8333333333333334
이재윤,성악,1,0.041666666666666664
이재윤,현대무용,2,0.08333333333333333
이재은,기타,2,0.06060606060606061
이재은,뮤지컬,27,0.8181818181818182
이재은,연극,4,0.12121212121212122
이재인,연극,2,1.0
이재준,기악,3,0.3333333333333333
이재준,뮤지컬,4,0.4444444444444444
이재준,성악,1,0.1111111111111111
이재준,혼합,1,0.1111111111111111
이재진,연극,1,1.0
이재창,넌버벌 퍼포먼스,2,1.0
이재철,뮤지컬,1,0.14285714285714285
이재철,연극,6,0.8571428571428571
이재하,성악,1,1.0
이재현,기악,1,0.16666666666666666
이재현,연극,5,0.8333333333333334
이재협,연극,1,1.0
이재형,현대무용,1,1.0
이재호,기악,1,0.06666666666666667
이재호,발레,1,0.06666666666666667
이재호,악극,1,0.06666666666666667
이재호,연극,3,0.2
이재호,한국무용,4,0.26666666666666666
이재호,현대무용,5,0.3333333333333333
이재홍,기악,2,1.0
이재화,연극,1,0.2
이재화,인형극,1,0.2
이재화,한국무용,2,0.4
이재화,현대무용,1,0.2
이재환,연희,1,0.16666666666666666
이재환,한국무용,4,0.6666666666666666
이재환,현대무용,1,0.16666666666666666
이재후,연극,1,1.0
이재훈,성악,1,0.3333333333333333
이재훈,오페라,2,0.6666666666666666
이재훈 이우찬,기악,1,1.0
이재희,연희,1,0.5
이재희,현대무용,1,0.5
이저열,대중가요,1,1.0
이저현,연극,1,1.0
이정,뮤지컬,1,0.2
이정,연극,4,0.8
이정건,연극,1,1.0
이정경,연극,1,1.0
이정규,뮤지컬,2,0.3333333333333333
이정규,연극,4,0.6666666666666666
이정근,마당극,1,1.0
이정기,뮤지컬,1,1.0
이정길,뮤지컬,2,0.2857142857142857
이정길,연극,5,0.7142857142857143
이정남,연극,3,1.0
이정대,기악,1,0.2
이정대,연극,4,0.8
이정면,기악,1,0.3333333333333333
이정면,성악,2,0.6666666666666666
이정미,연극,1,1.0
이정민,기악,2,0.1111111111111111
이정민,뮤지컬,1,0.05555555555555555
이정민,성악,1,0.05555555555555555
이정민,연극,6,0.3333333333333333
이정민,인형극,1,0.05555555555555555
이정민,한국무용,4,0.2222222222222222
이정민,현대무용,3,0.16666666666666666
이정보,뮤지컬,1,1.0
이정빈,뮤지컬,1,1.0
이정석,기악,1,1.0
이정섭,연극,1,1.0
이정수,뮤지컬,9,0.14516129032258066
이정수,서커스/마술,40,0.6451612903225806
이정수,성악,1,0.016129032258064516
이정수,연극,10,0.16129032258064516
이정수,오페라,1,0.016129032258064516
이정수,현대무용,1,0.016129032258064516
이정숙,현대무용,1,1.0
이정식,뮤지컬,7,1.0
이정아,뮤지컬,1,0.16666666666666666
이정아,연극,3,0.5
이정아,오페라,2,0.3333333333333333
이정애,연극,1,1.0
이정연,기악,6,0.2857142857142857
이정연,뮤지컬,5,0.23809523809523808
이정연,성악,1,0.047619047619047616
이정연,악극,3,0.14285714285714285
이정연,연극,4,0.19047619047619047
이정연,현대무용,2,0.09523809523809523
이정엽,연극,1,1.0
이정우,연극,1,1.0
이정욱,뮤지컬,1,1.0
이정운,연극,1,1.0
이정원,뮤지컬,2,0.4
이정원,연극,1,0.2
이정원,한국무용,1,0.2
이정원,현대무용,1,0.2
이정유,연극,4,1.0
이정윤,기악,4,0.13333333333333333
이정윤,넌버벌 퍼포먼스,1,0.03333333333333333
이정윤,뮤지컬,6,0.2
이정윤,연극,3,0.1
이정윤,인형극,2,0.06666666666666667
이정윤,한국무용,9,0.3
이정윤,현대무용,5,0.16666666666666666
이정은,발레,1,0.058823529411764705
이정은,연극,7,0.4117647058823529
이정은,오페라,8,0.47058823529411764
이정은,인형극,1,0.058823529411764705
이정인,뮤지컬,9,0.8181818181818182
이정인,연극,2,0.18181818181818182
이정주,뮤지컬,1,0.5
이정주,현대무용,1,0.5
이정진,연극,1,0.2
이정진,현대무용,2,0.4
이정진,혼합,2,0.4
이정철,성악,1,1.0
이정태,혼합,1,1.0
이정필,연희,1,1.0
이정하,뮤지컬,1,0.06666666666666667
이정하,연극,13,0.8666666666666667
이정하,인형극,1,0.06666666666666667
이정한,연극,1,1.0
이정혁,연극,3,1.0
이정현,뮤지컬,1,0.14285714285714285
이정현,연극,6,0.8571428571428571
이정혜,스트리트/스포츠댄스,1,0.5
이정혜,한국무용,1,0.5
이정호,기악,11,0.5238095238095238
이정호,뮤지컬,2,0.09523809523809523
이정호,성악,1,0.047619047619047616
이정호,연극,1,0.047619047619047616
이정호,연희,1,0.047619047619047616
이정호,한국무용,1,0.047619047619047616
이정호,현대무용,1,0.047619047619047616
이정호,혼합,3,0.14285714285714285
이정화,뮤지컬,1,0.3333333333333333
이정화,서커스/마술,1,0.3333333333333333
이정화,연극,1,0.3333333333333333
이정환,연극,3,0.42857142857142855
이정환,오페라,4,0.5714285714285714
이정훈,대중가요,1,0.0625
이정훈,마당극,1,0.0625
이정훈,마임,1,0.0625
이정훈,악극,1,0.0625
이정훈,연극,10,0.625
이정훈,연희,1,0.0625
이정훈,혼합,1,0.0625
이정희,발레,1,1.0
이제민,연극,1,1.0
이제성,연극,1,1.0
이제우,연극,7,1.0
이제학,뮤지컬,1,0.5
이제학,창극,1,0.5
이제형,연극,1,1.0
이제훈,혼합,1,1.0
이조욱,기악,1,1.0
이종경,연극,1,1.0
이종국,뮤지컬,1,0.16666666666666666
이종국,연극,5,0.8333333333333334
이종규,발레,1,1.0
이종근,연극,2,1.0
이종길,뮤지컬,1,1.0
이종대,성악,1,1.0
이종두,넌버벌 퍼포먼스,2,1.0
이종득,성악,1,1.0
이종무,연극,3,1.0
이종민,뮤지컬,3,0.6
이종민,스트리트/스포츠댄스,2,0.4
이종석,뮤지컬,6,1.0
이종섭,뮤지컬,1,1.0
이종성,기악,1,0.3333333333333333
이종성,뮤지컬,1,0.3333333333333333
이종성,연극,1,0.3333333333333333
이종숙,한국무용,1,1.0
이종승,연극,1,1.0
이종열,뮤지컬,1,0.25
이종열,연극,3,0.75
이종영,발레,1,0.25
이종영,한국무용,1,0.25
이종영,현대무용,2,0.5
이종오,뮤지컬,1,1.0
이종우,연극,2,1.0
이종욱,기악,1,1.0
이종윤,연극,1,1.0
이종은,뮤지컬,7,1.0
이종일,연극,4,1.0
이종진,연극,1,0.25
이종진,현대무용,3,0.75
이종찬,뮤지컬,1,1.0
이종태,뮤지컬,1,0.5
이종태,연극,1,0.5
이종혁,뮤지컬,5,0.8333333333333334
이종혁,연극,1,0.16666666666666666
이종호,뮤지컬,2,0.03773584905660377
이종호,서커스/마술,45,0.8490566037735849
이종호,한국무용,4,0.07547169811320754
이종호,현대무용,2,0.03773584905660377
이종화,뮤지컬,2,0.3333333333333333
이종화,연극,4,0.6666666666666666
이종환,연극,2,1.0
이종훈,뮤지컬,5,0.38461538461538464
이종훈,연극,7,0.5384615384615384
이종훈,한국무용,1,0.07692307692307693
이종희,현대무용,1,1.0
이주경,혼합,1,1.0
이주란,오페라,1,1.0
이주빈,연극,1,1.0
이주서,연극,1,1.0
이주성,연극,1,1.0
이주아,혼합,1,1.0
이주야,연극,1,1.0
이주연,성악,1,0.14285714285714285
이주연,연극,4,0.5714285714285714
이주연,인형극,1,0.14285714285714285
이주연,재즈/월드뮤직,1,0.14285714285714285
이주영,뮤지컬,4,0.19047619047619047
이주영,연극,10,0.47619047619047616
이주영,한국무용,5,0.23809523809523808
이주영,현대무용,2,0.09523809523809523
이주원,뮤지컬,2,0.125
이주원,연극,2,0.125
이주원,연희,8,0.5
이주원,오페라,1,0.0625
이주원,한국무용,3,0.1875
이주은,기악,1,0.14285714285714285
이주은,뮤지컬,3,0.42857142857142855
이주은,연극,3,0.42857142857142855
이주하,발레,1,1.0
이주학,연극,1,1.0
이주한,연극,9,1.0
이주행,마당극,1,1.0
이주헌,기악,1,1.0
이주현,뮤지컬,2,0.18181818181818182
이주현,연극,4,0.36363636363636365
이주현,한국무용,1,0.09090909090909091
이주현,현대무용,4,0.36363636363636365
이주형,뮤지컬,2,0.2222222222222222
이주형,발레,3,0.3333333333333333
이주형,연극,4,0.4444444444444444
이주호,연극,5,1.0
이주환,기악,1,0.06666666666666667
이주환,연극,1,0.06666666666666667
이주환,인형극,12,0.8
이주환,현대무용,1,0.06666666666666667
이주희,기악,1,0.06666666666666667
이주희,뮤지컬,2,0.13333333333333333
이주희,성악,6,0.4
이주희,연극,4,0.26666666666666666
이주희,오페라,2,0.13333333333333333
이주희 김연희,성악,1,1.0
이죽,연극,1,1.0
이준,기악,2,0.6666666666666666
이준,오페라,1,0.3333333333333333
이준경,연극,1,1.0
이준규,연극,1,1.0
이준기,기악,1,1.0
이준령,연극,1,1.0
이준목,뮤지컬,9,1.0
이준민,한국무용,1,1.0
이준상,넌버벌 퍼포먼스,3,0.3333333333333333
이준상,뮤지컬,5,0.5555555555555556
이준상,연극,1,0.1111111111111111
이준서,연극,1,1.0
이준석,기악,5,0.2777777777777778
이준석,연극,13,0.7222222222222222
이준선,연극,1,1.0
이준성,기악,1,0.3333333333333333
이준성,연극,2,0.6666666666666666
이준수,연극,2,1.0
이준식,기악,1,1.0
이준아,성악,1,1.0
이준열,성악,1,0.5
이준열,연극,1,0.5
이준엽,연극,2,1.0
이준영,대중가요,1,0.2
이준영,연극,4,0.8
이준우,뮤지컬,3,0.2
이준우,연극,12,0.8
이준욱,현대무용,5,1.0
이준철,현대무용,1,1.0
이준표,성악,1,0.5
이준표,현대무용,1,0.5
이준행,기악,1,1.0
이준혁,기악,1,0.3333333333333333
이준혁,성악,2,0.6666666666666666
이준형,기악,1,0.25
이준형,성악,3,0.75
이준호,기악,2,0.14285714285714285
이준호,넌버벌 퍼포먼스,1,0.07142857142857142
이준호,마임,1,0.07142857142857142
이준호,뮤지컬,2,0.14285714285714285
이준호,연극,8,0.5714285714285714
이준휘,연극,1,1.0
이준희,연극,2,1.0
이중배,연극,2,1.0
이중세,뮤지컬,3,1.0
이중옥,연극,5,1.0
이중우,성악,1,1.0
이중현,기악,3,1.0
이지나,뮤지컬,49,0.8909090909090909
이지나,연극,5,0.09090909090909091
이지나,한국무용,1,0.01818181818181818
이지만,연극,1,1.0
이지민,넌버벌 퍼포먼스,1,0.047619047619047616
이지민,연극,17,0.8095238095238095
이지민,현대무용,3,0.14285714285714285
이지선,넌버벌 퍼포먼스,1,0.25
이지선,뮤지컬,2,0.5
이지선,악극,1,0.25
이지수,기악,5,0.21739130434782608
이지수,뮤지컬,3,0.13043478260869565
이지수,성악,1,0.043478260869565216
이지수,연극,10,0.43478260869565216
이지수,연희,2,0.08695652173913043
이지수,재즈/월드뮤직,1,0.043478260869565216
이지수,혼합,1,0.043478260869565216
이지숙,연극,6,0.8571428571428571
이지숙,현대무용,1,0.14285714285714285
이지아,성악,1,1.0
이지안,기악,1,0.3333333333333333
이지안,기타,1,0.3333333333333333
이지안,연극,1,0.3333333333333333
이지언,성악,1,1.0
이지연,기악,10,0.18518518518518517
이지연,뮤지컬,21,0.3888888888888889
이지연,발레,1,0.018518518518518517
이지연,연극,3,0.05555555555555555
이지연,재즈/월드뮤직,6,0.1111111111111111
이지연,한국무용,2,0.037037037037037035
이지연,혼합,11,0.2037037037037037
이지영,기악,2,0.044444444444444446
이지영,뮤지컬,12,0.26666666666666666
이지영,발레,1,0.022222222222222223
이지영,연극,28,0.6222222222222222
이지영,오페라,1,0.022222222222222223
이지영,한국무용,1,0.022222222222222223
이지용,연극,9,1.0
이지운,연극,1,1.0
이지울,연극,1,1.0
이지웅,뮤지컬,1,0.5
이지웅,연극,1,0.5
이지원,뮤지컬,1,0.08333333333333333
이지원,악극,1,0.08333333333333333
이지원,연극,8,0.6666666666666666
이지원,현대무용,1,0.08333333333333333
이지원,혼합,1,0.08333333333333333
이지윤,연극,5,0.8333333333333334
이지윤,창극,1,0.16666666666666666
이지은,기악,1,0.034482758620689655
이지은,뮤지컬,5,0.1724137931034483
이지은,성악,2,0.06896551724137931
이지은,연극,19,0.6551724137931034
이지은,오페라,1,0.034482758620689655
이지은,혼합,1,0.034482758620689655
이지인,기악,1,0.2
이지인,뮤지컬,3,0.6
이지인,연극,1,0.2
이지향,연극,6,1.0
이지혁,뮤지컬,1,1.0
이지현,기악,1,0.034482758620689655
이지현,뮤지컬,7,0.2413793103448276
이지현,발레,2,0.06896551724137931
이지현,성악,6,0.20689655172413793
이지현,연극,12,0.41379310344827586
이지현,현대무용,1,0.034482758620689655
이지형,대중가요,1,0.1
이지형,뮤지컬,1,0.1
이지형,성악,1,0.1
이지형,연극,6,0.6
이지형,혼합,1,0.1
이지혜,기악,2,0.09523809523809523
이지혜,뮤지컬,4,0.19047619047619047
이지혜,발레,1,0.047619047619047616
이지혜,연극,13,0.6190476190476191
이지혜,오페라,1,0.047619047619047616
이지호,뮤지컬,2,1.0
이지홍,악극,1,0.3333333333333333
이지홍,오페라,2,0.6666666666666666
이지화,연극,1,1.0
이지환,연극,1,1.0
이지후,연극,1,1.0
이지훈,연극,6,1.0
이지희,기악,1,0.07692307692307693
이지희,뮤지컬,3,0.23076923076923078
이지희,성악,1,0.07692307692307693
이지희,악극,2,0.15384615384615385
이지희,연극,3,0.23076923076923078
이지희,현대무용,3,0.23076923076923078
이진,연극,1,1.0
이진경,연극,4,0.8
이진경,오페라,1,0.2
이진규,뮤지컬,9,0.9
이진규,서커스/마술,1,0.1
이진명,연극,2,1.0
이진모,연극,1,1.0
이진석,뮤지컬,1,0.25
이진석,연극,3,0.75
이진선,기악,2,0.2
이진선,뮤지컬,6,0.6
이진선,연극,1,0.1
이진선,인형극,1,0.1
이진설,연극,1,1.0
이진섭,뮤지컬,1,0.16666666666666666
이진섭,연극,5,0.8333333333333334
이진성,뮤지컬,1,0.2
이진성,연극,4,0.8
이진수,기악,1,0.2
이진수,발레,1,0.2
이진수,연극,3,0.6
이진숙,연극,4,1.0
이진실,뮤지컬,1,0.14285714285714285
이진실,성악,5,0.7142857142857143
이진실,한국무용,1,0.14285714285714285
이진아,뮤지컬,1,0.2
이진아,연극,3,0.6
이진아,현대무용,1,0.2
이진엽,뮤지컬,2,0.25
이진엽,연극,6,0.75
이진영,연극,1,0.3333333333333333
이진영,연희,1,0.3333333333333333
이진영,인형극,1,0.3333333333333333
이진우,기악,1,0.2
이진우,연극,2,0.4
이진우,연희,2,0.4
이진욱,기악,1,0.07142857142857142
이진욱,뮤지컬,9,0.6428571428571429
이진욱,연극,4,0.2857142857142857
이진재,뮤지컬,1,1.0
이진하,기악,1,1.0
이진혁,뮤지컬,6,0.8571428571428571
이진혁,오페라,1,0.14285714285714285
이진형,기악,2,0.3333333333333333
이진형,뮤지컬,2,0.3333333333333333
이진형,연극,1,0.16666666666666666
이진형,현대무용,1,0.16666666666666666
이진호,뮤지컬,2,0.2857142857142857
이진호,연극,5,0.7142857142857143
이진환,기악,1,1.0
이진희,기악,2,0.14285714285714285
이진희,뮤지컬,3,0.21428571428571427
이진희,성악,1,0.07142857142857142
이진희,악극,1,0.07142857142857142
이진희,연극,4,0.2857142857142857
이진희,한국무용,1,0.07142857142857142
이진희,현대무용,2,0.14285714285714285
이짖수,기악,1,1.0
이찬민,연극,1,1.0
이찬빈,연극,1,1.0
이찬양,연극,3,1.0
이찬용,연극,2,1.0
이찬우,기악,2,0.6666666666666666
이찬우,뮤지컬,1,0.3333333333333333
이찬욱,연극,2,1.0
이찬해,기악,1,1.0
이찬희,연극,1,1.0
이창균,연극,3,1.0
이창근,연극,1,1.0
이창기,연극,1,1.0
이창노,연극,1,1.0
이창민,연극,2,1.0
이창수,연극,2,1.0
이창신,연극,1,1.0
이창원,성악,5,0.16666666666666666
이창원,연극,23,0.7666666666666667
이창원,오페라,2,0.06666666666666667
이창익,악극,1,1.0
이창현,성악,1,1.0
이창형,기악,3,0.5
이창형,성악,1,0.16666666666666666
이창형,연극,2,0.3333333333333333
이창호,성악,1,0.08333333333333333
이창호,연극,11,0.9166666666666666
이창훈,연극,4,0.5
이창훈,연희,2,0.25
이창훈,한국무용,1,0.125
이창훈,혼합,1,0.125
이창희,뮤지컬,1,0.3333333333333333
이창희,연극,1,0.3333333333333333
이창희,혼합,1,0.3333333333333333
이채령,현대무용,1,1.0
이채린,연극,4,1.0
이채미,혼합,1,1.0
이채욱,연극,3,1.0
이채원,연극,1,1.0
이채은,연극,1,1.0
이채현,한국무용,2,1.0
이채희,연극,1,1.0
이천초,오페라,2,1.0
이철민,기악,3,0.75
이철민,성악,1,0.25
이철성,연극,1,1.0
이철옥,기악,1,1.0
이철우,기악,1,0.14285714285714285
이철우,뮤지컬,3,0.42857142857142855
이철우,연극,2,0.2857142857142857
이철우,오페라,1,0.14285714285714285
이철웅,기악,1,1.0
이철진,발레,1,0.03225806451612903
이철진,한국무용,18,0.5806451612903226
이철진,현대무용,11,0.3548387096774194
이철진,혼합,1,0.03225806451612903
이철현,연극,1,1.0
이철희,연극,17,0.85
이철희,창극,2,0.1
이철희,혼합,1,0.05
이청산,기악,2,1.0
이청아,기악,1,1.0
이청언,연극,1,1.0
이초롱,연극,2,1.0
이초은,연극,1,1.0
이초희,연극,1,1.0
이춘국,연극,1,1.0
이춘삼,혼합,1,1.0
이춘자,기악,1,0.5
이춘자,한국무용,1,0.5
이충무,뮤지컬,1,0.3333333333333333
이충무,연극,2,0.6666666666666666
이충수,기악,1,1.0
이치민,연극,4,0.6666666666666666
이치민,혼합,2,0.3333333333333333
이치우,연극,8,1.0
이치호,연극,3,1.0
이칠성,오페라,4,1.0
이탐구,성악,1,1.0
이태경,기악,1,0.2
이태경,뮤지컬,1,0.2
이태경,연극,3,0.6
이태권,뮤지컬,2,0.2857142857142857
이태권,연극,4,0.5714285714285714
이태권,혼합,1,0.14285714285714285
이태규,넌버벌 퍼포먼스,1,0.5
이태규,연극,1,0.5
이태금,연극,1,1.0
이태린,뮤지컬,1,0.1111111111111111
이태린,연극,8,0.8888888888888888
이태민,기악,1,1.0
이태백,기악,3,0.42857142857142855
이태백,성악,1,0.14285714285714285
이태백,창극,3,0.42857142857142855
이태상,한국무용,1,0.5
이태상,현대무용,1,0.5
이태석,현대무용,2,1.0
이태섭,연극,22,0.88
이태섭,한국무용,2,0.08
이태섭,현대무용,1,0.04
이태식,연극,1,1.0
이태양,연극,2,0.2
이태양,현대무용,8,0.8
이태영,오페라,1,1.0
이태원,기악,1,0.2
이태원,연극,2,0.4
이태원,현대무용,1,0.2
이태원,혼합,1,0.2
이태일,연극,1,0.5
이태일,연희,1,0.5
이태정,기악,1,1.0
이태주,연극,3,1.0
이태현,연극,1,1.0
이태형,뮤지컬,1,1.0
이태훈,뮤지컬,1,0.2
이태훈,성악,1,0.2
이태훈,연극,3,0.6
이태희,연극,1,1.0
이택기,연극,4,1.0
이택주,기악,1,1.0
이택희,뮤지컬,5,1.0
이통휘,연극,1,1.0
이판준,성악,1,1.0
이필주,연극,7,1.0
이하경,성악,1,0.2
이하경,한국무용,4,0.8
이하나,뮤지컬,2,1.0
이하느리,기악,2,1.0
이하늘,연극,3,1.0
이하늬,연극,1,1.0
이하림,기악,1,1.0
이하미,뮤지컬,5,0.5555555555555556
이하미,연극,4,0.4444444444444444
이하슬,성악,1,0.14285714285714285
이하슬,연극,5,0.7142857142857143
이하슬,현대무용,1,0.14285714285714285
이하얀,연극,1,1.0
이하연,넌버벌 퍼포먼스,1,0.25
이하연,뮤지컬,3,0.75
이하영,기악,1,0.2
이하영,뮤지컬,2,0.4
이하영,연극,2,0.4
이하은,뮤지컬,3,0.75
이하은,연극,1,0.25
이하정,기악,1,0.5
이하정,연극,1,0.5
이학,현대무용,1,1.0
이학경,기악,2,1.0
이학민,뮤지컬,1,1.0
이학재,연극,1,1.0
이한교,연극,3,1.0
이한나,뮤지컬,1,0.25
이한나,성악,1,0.25
이한나,오페라,2,0.5
이한다솜,넌버벌 퍼포먼스,1,1.0
이한밀,뮤지컬,10,1.0
이한빛,연극,5,1.0
이한솔,연극,2,1.0
이한수,연극,1,1.0
이한순,연극,4,1.0
이한슬,연극,4,1.0
이한승,연극,11,1.0
이한아,연극,1,1.0
이한얼,재즈/월드뮤직,2,1.0
이한영,뮤지컬,1,1.0
이한용,연극,2,1.0
이한음,서커스/마술,1,1.0
이한희,연극,1,1.0
이항나,연극,1,1.0
이해,성악,1,0.5
이해,오페라,1,0.5
이해니,발레,2,1.0
이해리,연극,1,1.0
이해미,기악,1,1.0
이해성,연극,10,0.9090909090909091
이해성,오페라,1,0.09090909090909091
이해솔,연극,3,1.0
이해열,기악,1,1.0
이해웅,서커스/마술,5,1.0
이해원,연극,1,1.0
이해인,연극,6,1.0
이해재,연극,1,1.0
이해정,기악,1,1.0
이해제,연극,13,1.0
이해준,뮤지컬,1,0.08333333333333333
이해준,연극,6,0.5
이해준,현대무용,5,0.4166666666666667
이해찬,연극,3,1.0
이행운,연극,1,1.0
이향송,창극,1,1.0
이향요,연극,1,1.0
이향하,기악,1,0.1
이향하,성악,5,0.5
이향하,연극,1,0.1
이향하,연희,1,0.1
이향하,인형극,1,0.1
이향하,한국무용,1,0.1
이향희,기악,1,0.5
이향희,성악,1,0.5
이헌열,연극,1,1.0
이헌일,연극,1,1.0
이헌재,뮤지컬,10,0.8333333333333334
이헌재,연극,2,0.16666666666666666
이헌진,연극,1,1.0
이헤경,한국무용,1,1.0
이헤연,연극,1,1.0
이헤정,연극,1,1.0
이헤지,연극,1,1.0
이헤진,오페라,1,1.0
이혁근,연극,1,1.0
이혁열,한국무용,1,1.0
이혁우,연극,1,1.0
이혁일,한국무용,1,1.0
이혁재,연극,1,1.0
이현,기악,1,0.2
이현,연극,3,0.6
이현,한국무용,1,0.2
이현경,연극,7,1.0
이현구,연극,2,1.0
이현규,뮤지컬,1,0.16666666666666666
이현규,연극,5,0.8333333333333334
이현기,연극,1,1.0
이현동,연극,2,1.0
이현미,뮤지컬,43,1.0
이현민,기악,1,0.16666666666666666
이현민,기타,1,0.16666666666666666
이현민,대중가요,1,0.16666666666666666
이현민,성악,1,0.16666666666666666
이현민,오페라,1,0.16666666666666666
이현민,재즈/월드뮤직,1,0.16666666666666666
이현서,뮤지컬,1,0.3333333333333333
이현서,연극,2,0.6666666666666666
이현석,연극,7,1.0
이현섭,대중가요,1,0.041666666666666664
이현섭,뮤지컬,21,0.875
이현섭,연극,2,0.08333333333333333
이현성,기악,1,1.0
이현솔,연극,1,1.0
이현수,악극,2,0.25
이현수,연극,1,0.125
이현수,오페라,1,0.125
이현수,한국무용,2,0.25
이현수,현대무용,2,0.25
이현숙,성악,1,1.0
이현순,연극,4,1.0
이현슌,연극,1,1.0
이현승,연극,2,1.0
이현식,연극,1,1.0
이현아,기타,1,0.25
이현아,뮤지컬,2,0.5
이현아,오페라,1,0.25
이현영,뮤지컬,2,0.5
이현영,오페라,2,0.5
이현우,대중가요,1,0.14285714285714285
이현우,뮤지컬,1,0.14285714285714285
이현우,연극,4,0.5714285714285714
이현우,재즈/월드뮤직,1,0.14285714285714285
이현이,연극,1,1.0
이현재,뮤지컬,1,1.0
이현정,기악,1,0.02631578947368421
이현정,대중가요,1,0.02631578947368421
이현정,뮤지컬,19,0.5
이현정,서커스/마술,1,0.02631578947368421
이현정,성악,2,0.05263157894736842
이현정,연극,5,0.13157894736842105
이현정,오페라,4,0.10526315789473684
이현정,현대무용,2,0.05263157894736842
이현정,혼합,3,0.07894736842105263
이현주,기악,2,0.07407407407407407
이현주,성악,8,0.2962962962962963
이현주,연극,10,0.37037037037037035
이현주,오페라,1,0.037037037037037035
이현주,재즈/월드뮤직,1,0.037037037037037035
이현주,한국무용,4,0.14814814814814814
이현주,현대무용,1,0.037037037037037035
이현준,연극,2,0.6666666666666666
이현준,오페라,1,0.3333333333333333
이현지,뮤지컬,1,0.058823529411764705
이현지,연극,15,0.8823529411764706
이현지,현대무용,1,0.058823529411764705
이현직,연극,4,1.0
이현진,기악,2,0.2222222222222222
이현진,뮤지컬,1,0.1111111111111111
이현진,서커스/마술,1,0.1111111111111111
이현진,연극,5,0.5555555555555556
이현창,기악,7,0.7
이현창,뮤지컬,1,0.1
이현창,혼합,2,0.2
이현철,성악,2,0.5
이현철,연극,2,0.5
이현화,연극,2,1.0
이현희,성악,1,1.0
이형근,성악,1,1.0
이형미,연극,1,1.0
이형민,연극,2,0.6666666666666666
이형민,오페라,1,0.3333333333333333
이형식,연극,1,1.0
이형오,연극,1,1.0
이형우,연극,1,1.0
이형욱,연극,3,1.0
이형일,연극,1,1.0
이형자,연극,1,1.0
이형주,뮤지컬,1,0.2
이형주,연극,3,0.6
이형주,한국무용,1,0.2
이형호,뮤지컬,1,1.0
이형흔,한국무용,1,1.0
이혜경,연극,3,0.3333333333333333
이혜경,오페라,2,0.2222222222222222
이혜경,한국무용,3,0.3333333333333333
이혜경,현대무용,1,0.1111111111111111
이혜꼉,뮤지컬,1,1.0
이혜리,연극,1,0.3333333333333333
이혜리,연희,1,0.3333333333333333
이혜리,현대무용,1,0.3333333333333333
이혜린,기악,2,0.3333333333333333
이혜린,뮤지컬,1,0.16666666666666666
이혜린,연극,3,0.5
이혜림,뮤지컬,1,0.3333333333333333
이혜림,연극,2,0.6666666666666666
이혜미,연극,1,1.0
이혜민,연극,3,1.0
이혜빈,연극,1,1.0
이혜상,현대무용,2,1.0
이혜선,뮤지컬,1,0.3333333333333333
이혜선,오페라,2,0.6666666666666666
이혜성,기악,1,0.3333333333333333
이혜성,뮤지컬,2,0.6666666666666666
이혜수,마당극,1,1.0
이혜숙,연극,1,1.0
이혜연,연극,2,1.0
이혜영,오페라,3,1.0
이혜원,기악,1,0.06666666666666667
이혜원,뮤지컬,2,0.13333333333333333
이혜원,악극,1,0.06666666666666667
이혜원,연극,2,0.13333333333333333
이혜원,오페라,1,0.06666666666666667
이혜원,혼합,8,0.5333333333333333
이혜인,연극,2,0.6666666666666666
이혜인,재즈/월드뮤직,1,0.3333333333333333
이혜정,뮤지컬,1,0.07692307692307693
이혜정,연극,9,0.6923076923076923
이혜정,연희,1,0.07692307692307693
이혜정,오페라,2,0.15384615384615385
이혜준,한국무용,1,0.5
이혜준,현대무용,1,0.5
이혜지,연극,9,0.75
이혜지,현대무용,3,0.25
이혜진,기악,1,0.058823529411764705
이혜진,성악,4,0.23529411764705882
이혜진,연극,2,0.11764705882352941
이혜진,오페라,7,0.4117647058823529
이혜진,인형극,2,0.11764705882352941
이혜진,혼합,1,0.058823529411764705
이호광,연극,1,1.0
이호근,뮤지컬,1,0.2
이호근,연극,4,0.8
이호림,연극,2,1.0
이호석,재즈/월드뮤직,1,1.0
이호성,기악,2,1.0
이호연,성악,1,0.25
이호연,연극,3,0.75
이호영,연극,7,0.875
이호영,현대무용,1,0.125
이호웅,연극,2,1.0
이호원,대중가요,1,0.14285714285714285
이호원,연극,4,0.5714285714285714
이호원,연희,2,0.2857142857142857
이호정,뮤지컬,1,0.1
이호정,연극,9,0.9
이호준,연극,1,0.25
이호준,오페라,1,0.25
이호준,한국무용,1,0.25
이호준,혼합,1,0.25
이호진,서커스/마술,1,1.0
이호철,연극,1,1.0
이호택,성악,1,1.0
이호현,연극,1,1.0
이홍근,연극,2,1.0
이홍기,연극,16,1.0
이홍도,연극,3,1.0
이홍득,성악,1,1.0
이홍석,기악,1,1.0
이홍우,뮤지컬,1,1.0
이홍이,연극,16,1.0
이홍진,뮤지컬,29,1.0
이홍찬,뮤지컬,1,1.0
이홍철,뮤지컬,1,1.0
이화,연극,6,1.0
이화림,성악,1,1.0
이화선,한국무용,1,0.25
이화선,현대무용,3,0.75
이화영,기악,1,1.0
이화원,연극,5,1.0
이화인,현대무용,1,1.0
이화정,뮤지컬,3,0.5
이화정,연극,2,0.3333333333333333
이화정,한국무용,1,0.16666666666666666
이환,뮤지컬,2,1.0
이환석,기악,4,0.6666666666666666
이환석,성악,2,0.3333333333333333
이황,연극,4,1.0
이황용,뮤지컬,2,0.3333333333333333
이황용,연극,4,0.6666666666666666
이황지,연극,1,1.0
이회수,성악,1,0.05
이회수,오페라,19,0.95
이효담,혼합,1,1.0
이효민,연극,8,1.0
이효빈,연극,1,1.0
이효상,오페라,2,1.0
이효석,기타,1,0.06666666666666667
이효석,성악,8,0.5333333333333333
이효석,오페라,6,0.4
이효수,한국무용,1,1.0
이효숙,기악,1,0.1
이효숙,뮤지컬,2,0.2
이효숙,연극,7,0.7
이효식,연극,2,1.0
이효영,대중가요,1,1.0
이효원,기악,1,0.3333333333333333
이효원,연극,2,0.6666666666666666
이효재,뮤지컬,1,1.0
이효정,대중가요,1,0.16666666666666666
이효정,성악,1,0.16666666666666666
이효정,연극,4,0.6666666666666666
이효주,연극,3,1.0
이효진,연극,16,1.0
이후,뮤지컬,1,1.0
이후림,연극,5,1.0
이후민,연극,1,1.0
이후성,연극,1,1.0
이후승,현대무용,1,1.0
이훈,뮤지컬,64,1.0
이훈경,연극,10,1.0
이훈교,대중가요,1,1.0
이훈국,연극,5,1.0
이훈제,연극,1,1.0
이훈호,연극,7,1.0
이훈희,연극,1,1.0
이휘순,연희,1,0.5
이휘순,혼합,1,0.5
이휘연,연극,1,1.0
이흔주,뮤지컬,1,1.0
이흥근,연극,2,1.0
이희경,연극,1,0.3333333333333333
이희경,인형극,1,0.3333333333333333
이희경,한국무용,1,0.3333333333333333
이희균,기악,1,1.0
이희란,연극,1,1.0
이희문,기악,1,0.07142857142857142
이희문,성악,3,0.21428571428571427
이희문,혼합,10,0.7142857142857143
이희수,기악,1,0.25
이희수,오페라,3,0.75
이희숙,연극,1,1.0
이희순,연극,10,1.0
이희원,연극,3,0.75
이희원,인형극,1,0.25
이희은,연극,2,1.0
이희자,기타,1,0.14285714285714285
이희자,한국무용,3,0.42857142857142855
이희자,현대무용,3,0.42857142857142855
이희재,연극,1,1.0
이희정,뮤지컬,1,1.0
이희주,기악,2,0.5
이희주,성악,1,0.25
이희주,한국무용,1,0.25
이희준,뮤지컬,31,0.9393939393939394
이희준,성악,1,0.030303030303030304
이희준,연극,1,0.030303030303030304
이희진,뮤지컬,4,0.4444444444444444
이희진,성악,1,0.1111111111111111
이희진,연극,3,0.3333333333333333
이희진,혼합,1,0.1111111111111111
이희찬,서커스/마술,1,0.3333333333333333
이희찬,연극,1,0.3333333333333333
이희찬,혼합,1,0.3333333333333333
이희택,연극,4,1.0
인구슬,성악,1,1.0
인남순,한국무용,11,1.0
인서완,연극,1,1.0
인선희,연극,1,1.0
인소연,기악,1,1.0
인승현,혼합,1,1.0
인은희,기악,1,1.0
인정아,인형극,2,1.0
인정주,한국무용,1,0.1111111111111111
인정주,현대무용,8,0.8888888888888888
인지아,연극,1,1.0
인현석,연극,1,1.0
인현진,기악,4,1.0
일렌자 로시,현대무용,1,1.0
일리야 니쿠로프,현대무용,1,1.0
임 봄,뮤지컬,1,1.0
임가원,인형극,1,1.0
임강훈,뮤지컬,3,1.0
임건백,뮤지컬,5,1.0
임건수,연극,3,1.0
임건우,뮤지컬,1,0.5
임건우,연극,1,0.5
임경미,연희,1,1.0
임경식,연극,2,1.0
임경희,마당극,1,0.5
임경희,혼합,1,0.5
임광욱,연극,1,1.0
임교민,기악,3,0.75
임교민,뮤지컬,1,0.25
임국현,연극,1,1.0
임권묵,성악,1,1.0
임규란,연극,1,1.0
임규섭,연극,1,1.0
임규수,성악,1,1.0
임긍수,성악,2,1.0
임기정,연극,2,1.0
임길호,연극,4,1.0
임나래,뮤지컬,1,1.0
임나영,오페라,1,1.0
임누리,연극,1,1.0
임대규,연극,1,1.0
임대익,기악,4,1.0
임덕희,성악,3,1.0
임도연,연극,1,1.0
임도영,연극,1,1.0
임도완,뮤지컬,3,0.1
임도완,연극,26,0.8666666666666667
임도완,연희,1,0.03333333333333333
임동국,기악,1,1.0
임동균,뮤지컬,2,1.0
임동욱,연극,2,1.0
임동현,넌버벌 퍼포먼스,2,0.6666666666666666
임동현,연극,1,0.3333333333333333
임두현,연극,1,1.0
임란칸,인형극,1,1.0
임로운,기악,1,1.0
임리원,연극,1,1.0
임만욱,연극,1,1.0
임미경,연극,1,1.0
임미례,한국무용,1,1.0
임미정,기악,7,1.0
임민,연극,6,1.0
임민경,연극,4,1.0
임민솔,연극,2,1.0
임민정,연극,1,1.0
임민주,연극,1,1.0
임민지,뮤지컬,1,1.0
임민혁,연극,10,0.9090909090909091
임민혁,한국무용,1,0.09090909090909091
임민홍,뮤지컬,1,0.5
임민홍,연극,1,0.5
임밀,기악,2,0.2
임밀,연극,8,0.8
임범규,뮤지컬,1,0.3333333333333333
임범규,연극,2,0.6666666666666666
임범서,연극,1,1.0
임범수,연극,2,1.0
임병수,연극,3,1.0
임병우,뮤지컬,10,0.7692307692307693
임병우,연극,3,0.23076923076923078
임병욱,오페라,1,1.0
임병채,마임,1,1.0
임보라,대중가요,1,1.0
임보미,연극,1,1.0
임봉석,성악,1,0.14285714285714285
임봉석,오페라,6,0.8571428571428571
임빛나,연극,1,1.0
임상욱,연극,1,1.0
임상원,연극,1,1.0
임상일,뮤지컬,1,1.0
임상종,성악,1,1.0
임상준,뮤지컬,1,0.5
임상준,연극,1,0.5
임상호,기악,4,1.0
임상희,연극,1,1.0
임색별,현대무용,1,1.0
임서언,연극,1,1.0
임서진,연극,2,1.0
임서현,연극,1,1.0
임석현,연극,1,1.0
임선경,뮤지컬,3,0.1875
임선경,성악,2,0.125
임선경,악극,2,0.125
임선경,연극,3,0.1875
임선경,오페라,5,0.3125
임선경,혼합,1,0.0625
임선명,뮤지컬,1,1.0
임선빈,연극,3,1.0
임선애,연극,1,1.0
임선열,현대무용,1,1.0
임선영,마임,1,0.2
임선영,연극,3,0.6
임선영,현대무용,1,0.2
임선진,뮤지컬,5,1.0
임선희,연극,2,1.0
임성균,연극,1,1.0
임성빈,연극,7,1.0
임성수,뮤지컬,3,1.0
임성옥,한국무용,1,1.0
임성주,뮤지컬,1,0.25
임성주,연극,3,0.75
임성준,연희,1,1.0
임성혁,기악,1,1.0
임성현,연극,6,1.0
임세륜,연극,1,1.0
임세영,뮤지컬,2,0.3333333333333333
임세영,연극,4,0.6666666666666666
임세운,연극,1,1.0
임세정,오페라,1,1.0
임세준,연극,1,1.0
임세호,뮤지컬,1,0.2
임세호,연극,4,0.8
임소윤,뮤지컬,1,1.0
임소현,연극,2,1.0
임소혜,연극,1,1.0
임수림,연극,1,1.0
임수빈,연극,2,1.0
임수아,연극,1,1.0
임수연,기악,1,0.5
임수연,연극,1,0.5
임수영,기악,1,1.0
임수정,기악,1,0.14285714285714285
임수정,대중가요,1,0.14285714285714285
임수정,연극,3,0.42857142857142855
임수정,한국무용,2,0.2857142857142857
임수진,기악,4,0.4444444444444444
임수진,연극,5,0.5555555555555556
임수현,기악,2,0.15384615384615385
임수현,뮤지컬,1,0.07692307692307693
임수현,연극,10,0.7692307692307693
임수환,연극,2,1.0
임숙균,뮤지컬,2,0.3333333333333333
임숙균,연극,4,0.6666666666666666
임숙연,연극,1,1.0
임숙희,연극,1,1.0
임순택,연극,3,1.0
임순희,연극,3,1.0
임승의,성악,1,1.0
임승종,연극,2,1.0
임승태,연극,5,1.0
임승혁,기악,1,1.0
임승현,현대무용,1,1.0
임승환,악극,1,1.0
임신아,뮤지컬,1,1.0
임실비아,기악,1,1.0
임애영,악극,1,1.0
임야비,기악,3,0.6
임야비,연극,2,0.4
임양혁,뮤지컬,15,0.8823529411764706
임양혁,연극,2,0.11764705882352941
임에빈,연극,1,1.0
임여청,연극,1,1.0
임연우,뮤지컬,1,1.0
임연주,연희,1,1.0
임연지,성악,1,1.0
임연희,연극,1,1.0
임영규,연극,1,1.0
임영근,뮤지컬,1,1.0
임영록,연극,7,1.0
임영민,연극,3,1.0
임영순,한국무용,4,1.0
임영애,연극,1,1.0
임영우,연극,1,1.0
임영욱,한국무용,2,0.6666666666666666
임영욱,현대무용,1,0.3333333333333333
임영웅,연극,1,1.0
임영주,연극,1,1.0
임영준,연극,1,1.0
임영호,기악,1,0.08333333333333333
임영호,연희,7,0.5833333333333334
임영호,혼합,4,0.3333333333333333
임예주,한국무용,1,1.0
임예지,연극,9,1.0
임예진,연극,1,1.0
임오섭,악극,1,0.2
임오섭,연희,1,0.2
임오섭,한국무용,2,0.4
임오섭,현대무용,1,0.2
임요한,연극,4,0.8
임요한,창극,1,0.2
임용순,기악,35,0.9210526315789473
임용순,재즈/월드뮤직,3,0.07894736842105263
임용주,기악,1,0.3333333333333333
임용주,성악,1,0.3333333333333333
임용주,혼합,1,0.3333333333333333
임우빈,혼합,1,1.0
임우상,성악,2,1.0
임우재,한국무용,1,1.0
임우준,기악,5,1.0
임우철,마임,1,1.0
임우현,뮤지컬,5,0.5555555555555556
임우현,연극,4,0.4444444444444444
임웅균,성악,1,1.0
임웅수,혼합,1,1.0
임원진,연극,1,1.0
임유영,연극,1,1.0
임유정,성악,3,1.0
임유진,연극,4,1.0
임윤희,혼합,1,1.0
임은경,성악,2,1.0
임은림,연극,3,1.0
임은석,연극,1,1.0
임은영,연극,1,1.0
임은정,연극,1,1.0
임은주,연극,4,0.8
임은주,인형극,1,0.2
임은총,연극,1,1.0
임은혜,연극,5,1.0
임이규,연극,1,1.0
임인국,대중가요,1,1.0
임일,뮤지컬,1,0.3333333333333333
임일,연극,2,0.6666666666666666
임일애,연극,1,1.0
임일진,뮤지컬,1,0.05
임일진,연극,19,0.95
임장환,기악,4,1.0
임장후,연극,1,1.0
임재경,기악,1,1.0
임재교,연극,1,1.0
임재덕,연극,2,0.3333333333333333
임재덕,현대무용,2,0.3333333333333333
임재덕,혼합,2,0.3333333333333333
임재명,연극,2,1.0
임재민,연극,1,1.0
임재백,연극,2,1.0
임재식,성악,1,1.0
임재일,연극,1,1.0
임재창,연극,2,1.0
임재태,연희,1,1.0
임재한,뮤지컬,1,1.0
임재현,오페라,1,1.0
임재홍,기악,1,0.5
임재홍,현대무용,1,0.5
임정란,성악,1,1.0
임정미,발레,3,1.0
임정민,넌버벌 퍼포먼스,1,1.0
임정수,인형극,1,1.0
임정숙,연극,5,1.0
임정은,기악,1,0.05263157894736842
임정은,성악,1,0.05263157894736842
임정은,연극,9,0.47368421052631576
임정은,현대무용,8,0.42105263157894735
임정자,악극,1,1.0
임정철,기악,2,1.0
임정하,현대무용,4,1.0
임정혁,연극,19,1.0
임정현,혼합,1,1.0
임정호,재즈/월드뮤직,1,1.0
임정화,뮤지컬,1,1.0
임정희,현대무용,1,1.0
임제백,연극,1,1.0
임종민,연극,1,1.0
임종서,연극,2,1.0
임종우,기악,1,1.0
임종현,연희,1,1.0
임종호,마당극,1,1.0
임종훈,연극,2,1.0
임종희,기악,1,1.0
임주섭,기악,1,0.5
임주섭,성악,1,0.5
임주신,뮤지컬,2,0.16666666666666666
임주신,연극,9,0.75
임주신,현대무용,1,0.08333333333333333
임주은,연극,4,1.0
임주현,서커스/마술,6,0.6666666666666666
임주현,연극,3,0.3333333333333333
임주희,연극,4,1.0
임준석,연극,2,1.0
임준수,연극,1,1.0
임준혁,연극,3,1.0
임준형,뮤지컬,1,0.16666666666666666
임준형,연극,4,0.6666666666666666
임준형,연희,1,0.16666666666666666
임준호,성악,1,1.0
임준희,기악,5,0.625
임준희,연극,2,0.25
임준희,오페라,1,0.125
임중석,넌버벌 퍼포먼스,4,0.8
임중석,연극,1,0.2
임지민,뮤지컬,2,0.2857142857142857
임지민,연극,5,0.7142857142857143
임지상,연극,1,1.0
임지섭,성악,1,1.0
임지성,연극,1,1.0
임지수,연극,2,1.0
임지애,한국무용,1,1.0
임지언,뮤지컬,1,0.5
임지언,연극,1,0.5
임지연,오페라,6,1.0
임지영,기악,1,0.5
임지영,뮤지컬,1,0.5
임지웅,연극,1,0.5
임지웅,혼합,1,0.5
임지윤,연극,6,0.8571428571428571
임지윤,현대무용,1,0.14285714285714285
임지은,뮤지컬,1,0.3333333333333333
임지은,재즈/월드뮤직,1,0.3333333333333333
임지은,현대무용,1,0.3333333333333333
임지지,연극,1,1.0
임지현,기악,1,1.0
임지형,현대무용,1,1.0
임지후,현대무용,1,1.0
임지훈,기악,1,1.0
임진솔,현대무용,1,1.0
임진영,한국무용,1,0.5
임진영,현대무용,1,0.5
임진택,성악,1,0.5
임진택,연극,1,0.5
임진혁,뮤지컬,2,0.25
임진혁,연극,6,0.75
임진현,연극,1,1.0
임진형,기악,2,1.0
임진호,악극,1,0.05263157894736842
임진호,연극,4,0.21052631578947367
임진호,한국무용,3,0.15789473684210525
임진호,현대무용,10,0.5263157894736842
임진호,혼합,1,0.05263157894736842
임진환,연극,2,1.0
임진효,뮤지컬,1,0.2
임진효,연극,4,0.8
임진희,연극,2,1.0
임찬기,연극,1,1.0
임찬희,오페라,1,1.0
임창빈,연극,2,1.0
임창성,재즈/월드뮤직,1,1.0
임창주,연극,1,1.0
임채리,뮤지컬,4,1.0
임채문,기악,1,1.0
임채선,뮤지컬,2,1.0
임채원,연극,1,1.0
임채은,뮤지컬,1,1.0
임철민,성악,1,1.0
임청화,기악,1,0.2
임청화,성악,3,0.6
임청화,연극,1,0.2
임태산,연극,1,1.0
임태성,연극,2,1.0
임태웅,현대무용,1,1.0
임태홍,연극,2,1.0
임태훈,연극,1,1.0
임태희,오페라,2,1.0
임필립,연극,1,1.0
임하령,연극,2,1.0
임하리,연극,1,1.0
임학선,한국무용,1,1.0
임한경,혼합,1,1.0
임한귀,성악,7,1.0
임한나,뮤지컬,1,1.0
임한빈,연극,1,1.0
임한종,오페라,1,1.0
임한창,뮤지컬,1,0.25
임한창,악극,1,0.25
임한창,연극,2,0.5
임해윤,연극,1,1.0
임해철,뮤지컬,1,1.0
임헌량,오페라,1,1.0
임헌정,기악,10,0.7692307692307693
임헌정,성악,1,0.07692307692307693
임헌정,오페라,2,0.15384615384615385
임헤경,연극,1,1.0
임헤선,뮤지컬,1,1.0
임혁진,연극,1,1.0
임현빈,악극,1,0.5
임현빈,창극,1,0.5
임현선,한국무용,2,1.0
임현수,기악,1,0.3333333333333333
임현수,뮤지컬,1,0.3333333333333333
임현수,연희,1,0.3333333333333333
임현식,뮤지컬,2,1.0
임현우,연극,1,1.0
임현정,기악,1,1.0
임현주,뮤지컬,1,1.0
임현준,연극,1,1.0
임현진,연극,1,1.0
임현택,한국무용,3,1.0
임형섭,기악,1,1.0
임형우,연극,1,1.0
임형진,기악,1,0.25
임형진,연극,3,0.75
임형택,뮤지컬,2,0.2857142857142857
임형택,악극,1,0.14285714285714285
임형택,연극,4,0.5714285714285714
임혜경,발레,1,0.09090909090909091
임혜경,성악,1,0.09090909090909091
임혜경,연극,9,0.8181818181818182
임혜란,악극,1,0.2
임혜란,연극,1,0.2
임혜란,오페라,2,0.4
임혜란,현대무용,1,0.2
임혜린,연극,3,1.0
임혜선,뮤지컬,5,0.8333333333333334
임혜선,연극,1,0.16666666666666666
임혜원,연극,1,1.0
임혜인,기악,3,0.75
임혜인,악극,1,0.25
임홍빈,마당극,1,0.2
임홍빈,연극,4,0.8
임홍석,연극,5,1.0
임황건,연극,3,1.0
임효섭,연극,16,1.0
임효승,오페라,2,1.0
임후성,연극,3,1.0
임희경,연극,1,1.0
임희라,성악,1,1.0
임희수,연극,1,1.0
임희연,기악,1,0.16666666666666666
임희연,연희,4,0.6666666666666666
임희연,혼합,1,0.16666666666666666
임희정,현대무용,1,1.0
임희준,연극,2,0.5
임희준,오페라,2,0.5
잇아협,연극,1,1.0
잉빌드 아스펠리,인형극,1,1.0
잉선민,현대무용,1,1.0
잊어경,연극,1,1.0
잊옹훈,연극,1,1.0
자근호,연극,1,1.0
자넷 웡,연극,1,1.0
자스민 두베,연극,1,1.0
자코모 포치니,오페라,1,1.0
자코모 푸치니,오페라,1,1.0
잔 마리 르 프랭스 드 보몽,뮤지컬,1,1.0
잔루카 팔라스키,성악,1,1.0
잔카를로 데 모나코,오페라,1,1.0
잔카를로 델 모나코,오페라,1,1.0
잔카를코 델 모나코,오페라,1,1.0
잘 폴 사르트르,연극,1,1.0
장 코라이,발레,2,1.0
장 크리스토프 마이요,발레,2,1.0
장 프랑수아 오귀스트,연극,1,1.0
장 피에르 반데르스푸이,뮤지컬,1,1.0
장 호,연극,1,1.0
장경민,마당극,3,0.2
장경민,연극,9,0.6
장경민,현대무용,3,0.2
장경섭,뮤지컬,6,0.3333333333333333
장경섭,연극,12,0.6666666666666666
장경숙,연극,5,1.0
장경환,기악,1,0.5
장경환,성악,1,0.5
장계숙,연극,1,1.0
장광석,성악,3,0.75
장광석,오페라,1,0.25
장광열,발레,3,0.42857142857142855
장광열,현대무용,4,0.5714285714285714
장구보,오페라,1,0.3333333333333333
장구보,현대무용,2,0.6666666666666666
장귀성,연극,1,1.0
장규배,악극,1,1.0
장근영,연극,1,1.0
장기영,악극,1,1.0
장기철,혼합,1,1.0
장기호,연희,2,1.0
장길황,오페라,2,1.0
장남수,대중가요,1,0.2
장남수,마당극,2,0.4
장남수,연극,2,0.4
장남일,뮤지컬,1,1.0
장누리,오페라,1,1.0
장다현,연극,1,1.0
장달식,오페라,1,1.0
장대림,인형극,1,1.0
장대욱,연극,1,1.0
장대준,연극,1,1.0
장도혁,연극,3,1.0
장동규,연극,1,1.0
장동민,연극,1,1.0
장동인,성악,1,1.0
장두이,연극,3,1.0
장두현,연극,1,1.0
장래황,기악,1,1.0
장래훈,한국무용,2,1.0
장명규,기악,1,1.0
장명성,뮤지컬,1,1.0
장명숙,한국무용,1,1.0
장명식,연극,8,1.0
장명주,뮤지컬,1,0.3333333333333333
장명주,연극,2,0.6666666666666666
장명진,오페라,1,1.0
장명훈,연극,1,1.0
장문권,성악,1,1.0
장문정,연극,1,1.0
장문희,연극,1,1.0
장미,연극,1,1.0
장미영,한국무용,1,1.0
장미지,기악,1,1.0
장미진,연극,2,1.0
장미화,기악,1,1.0
장민경,기악,1,1.0
장민석,기악,1,0.3333333333333333
장민석,연극,2,0.6666666666666666
장민성,연극,1,1.0
장민승,성악,1,1.0
장민아,뮤지컬,1,1.0
장민애,연극,1,1.0
장민준,연극,4,1.0
장민하,한국무용,2,1.0
장민현,연극,3,1.0
장민호,기악,1,0.06666666666666667
장민호,뮤지컬,6,0.4
장민호,서커스/마술,3,0.2
장민호,연극,4,0.26666666666666666
장민호,오페라,1,0.06666666666666667
장병수,뮤지컬,1,1.0
장병욱,뮤지컬,1,1.0
장병인,연극,1,1.0
장병준,기악,1,0.2
장병준,성악,1,0.2
장병준,오페라,3,0.6
장병혁,오페라,1,1.0
장보름이,연희,1,1.0
장보배,연극,1,1.0
장보윤,기악,1,1.0
장봉태,연극,11,1.0
장비단,연극,1,1.0
장사익,혼합,1,1.0
장산,연극,5,1.0
장산하,뮤지컬,2,1.0
장상우,연극,2,1.0
장상현,연극,1,1.0
장서문,오페라,9,1.0
장서영,연극,1,1.0
장서원,연극,1,1.0
장서윤,연극,1,0.3333333333333333
장서윤,창극,2,0.6666666666666666
장서이,연극,1,0.16666666666666666
장서이,한국무용,4,0.6666666666666666
장서이,현대무용,1,0.16666666666666666
장서준,연극,1,1.0
장서현,기악,1,0.5
장서현,현대무용,1,0.5
장서희,연극,2,1.0
장석영,오페라,2,1.0
장석준,연극,1,1.0
장석진,기악,7,0.875
장석진,한국무용,1,0.125
장석환,연극,2,1.0
장선문,성악,1,1.0
장선순,기악,2,1.0
장선아,뮤지컬,1,1.0
장선일,기악,1,1.0
장선현,연극,1,1.0
장선희,발레,2,1.0
장설아,성악,1,1.0
장설화,연극,1,1.0
장성원,연극,2,1.0
장성은,서커스/마술,1,0.5
장성은,연극,1,0.5
장성진,연극,1,1.0
장성훈,연극,1,1.0
장성희,뮤지컬,3,0.3
장성희,연극,7,0.7
장세민,뮤지컬,1,1.0
장세완,기악,2,0.4
장세완,성악,3,0.6
장세웅,기악,2,1.0
장세윤,연극,4,1.0
장세진,연극,2,1.0
장세현,연극,1,1.0
장세훈,기악,1,0.5
장세훈,성악,1,0.5
장소연,연극,1,1.0
장소영,넌버벌 퍼포먼스,2,0.05555555555555555
장소영,뮤지컬,33,0.9166666666666666
장소영,연극,1,0.027777777777777776
장소원,뮤지컬,2,1.0
장소익,연극,11,1.0
장수경,연희,1,0.5
장수경,오페라,1,0.5
장수길,기악,1,1.0
장수동,기악,1,0.03333333333333333
장수동,성악,8,0.26666666666666666
장수동,오페라,21,0.7
장수미,연희,1,1.0
장수민,연극,1,1.0
장수진,연극,1,1.0
장수철,악극,2,0.4
장수철,연극,3,0.6
장수호,기악,1,0.5
장수호,성악,1,0.5
장수화,기악,1,1.0
장슬아,연극,2,1.0
장승헌,한국무용,7,1.0
장승현,기악,3,1.0
장시영,기악,2,1.0
장시완,연극,1,1.0
장시재,현대무용,1,1.0
장시헌,연극,1,1.0
장신혜,한국무용,1,1.0
장심자,뮤지컬,2,1.0
장애령,기악,1,1.0
장여규,현대무용,1,1.0
장연웅,기악,3,0.6
장연웅,뮤지컬,1,0.2
장연웅,연희,1,0.2
장연희,기악,1,0.5
장연희,한국무용,1,0.5
장영,연극,2,1.0
장영국,연극,1,1.0
장영규,연극,4,0.21052631578947367
장영규,한국무용,1,0.05263157894736842
장영규,현대무용,13,0.6842105263157895
장영규,혼합,1,0.05263157894736842
장영두,성악,1,1.0
장영목,성악,1,1.0
장영민,기악,1,1.0
장영복,기악,1,1.0
장영섭,넌버벌 퍼포먼스,1,0.05
장영섭,뮤지컬,3,0.15
장영섭,연극,15,0.75
장영섭,현대무용,1,0.05
장영주,연극,2,1.0
장영진,뮤지컬,1,1.0
장영채,연극,1,1.0
장예나,연극,1,1.0
장예림,연극,1,1.0
장예지,발레,3,1.0
장예진,뮤지컬,1,0.3333333333333333
장예진,연극,2,0.6666666666666666
장요석,연극,2,1.0
장요휘,연극,1,1.0
장용석,대중가요,1,0.09090909090909091
장용석,연극,9,0.8181818181818182
장용석,재즈/월드뮤직,1,0.09090909090909091
장용식,연극,1,1.0
장용웅,연극,2,1.0
장용철,연극,2,1.0
장용휘,뮤지컬,1,0.25
장용휘,연극,3,0.75
장우성,뮤지컬,22,0.9166666666666666
장우성,발레,1,0.041666666666666664
장우성,연극,1,0.041666666666666664
장우영,연극,1,1.0
장우재,뮤지컬,20,0.6060606060606061
장우재,연극,13,0.3939393939393939
장운규,발레,6,0.6
장운규,악극,1,0.1
장운규,연극,3,0.3
장원,대중가요,1,0.25
장원,연극,3,0.75
장원두,연희,1,1.0
장원정,뮤지컬,1,0.2
장원정,연극,4,0.8
장원진,뮤지컬,1,1.0
장유경,한국무용,5,1.0
장유민,뮤지컬,1,1.0
장유상,연극,1,1.0
장유성,뮤지컬,2,1.0
장유정,뮤지컬,22,0.7586206896551724
장유정,연극,7,0.2413793103448276
장유진,오페라,1,1.0
장유하,뮤지컬,1,1.0
장윤,기악,1,1.0
장윤나,한국무용,1,0.5
장윤나,현대무용,1,0.5
장윤상,연극,1,1.0
장윤성,기악,1,0.2
장윤성,성악,1,0.2
장윤성,오페라,3,0.6
장윤영,연극,4,0.5714285714285714
장윤영,오페라,3,0.42857142857142855
장윤원,연극,1,1.0
장윤정,연극,1,1.0
장윤진,연극,1,1.0
장윤하,넌버벌 퍼포먼스,1,0.16666666666666666
장윤하,연극,5,0.8333333333333334
장윤혁,연극,3,1.0
장윤호,연극,8,1.0
장윤희,넌버벌 퍼포먼스,2,1.0
장은숙,연극,1,1.0
장은실,대중가요,1,0.09090909090909091
장은실,연극,7,0.6363636363636364
장은실,인형극,2,0.18181818181818182
장은실,창극,1,0.09090909090909091
장은익,오페라,2,1.0
장은정,뮤지컬,2,0.25
장은정,연극,2,0.25
장은정,현대무용,4,0.5
장은주,성악,1,0.14285714285714285
장은주,연극,3,0.42857142857142855
장은주,인형극,3,0.42857142857142855
장은혁,연극,1,1.0
장은혜,성악,1,0.25
장은혜,오페라,3,0.75
장은호,기악,2,1.0
장이삭,연극,3,1.0
장이정,현대무용,1,1.0
장이주,연극,1,1.0
장이준,연극,1,1.0
장익렬,연극,11,1.0
장인경,기악,1,1.0
장인규,연극,1,1.0
장인선,뮤지컬,1,0.5
장인선,현대무용,1,0.5
장인숙,기악,1,0.2
장인숙,뮤지컬,1,0.2
장인숙,성악,1,0.2
장인숙,연극,1,0.2
장인숙,한국무용,1,0.2
장인영,기악,1,0.5
장인영,연극,1,0.5
장인지,현대무용,1,1.0
장일범,성악,2,1.0
장일수,연극,7,1.0
장일승,연극,1,0.5
장일승,연희,1,0.5
장일호,현대무용,1,1.0
장임숙,연극,1,1.0
장임순,마당극,1,0.16666666666666666
장임순,연극,1,0.16666666666666666
장임순,연희,3,0.5
장임순,한국무용,1,0.16666666666666666
장재영,성악,1,0.25
장재영,연극,3,0.75
장재용,뮤지컬,1,0.5
장재용,연극,1,0.5
장재욱,연극,1,1.0
장재원,연극,2,1.0
장재윤,연극,1,1.0
장재키,연극,2,1.0
장재헌,뮤지컬,1,1.0
장재호,성악,3,0.3333333333333333
장재호,연극,1,0.1111111111111111
장재호,오페라,5,0.5555555555555556
장재효,혼합,1,1.0
장정문,기악,1,1.0
장정아,연극,2,1.0
장정인,연극,6,0.6666666666666666
장정인,인형극,3,0.3333333333333333
장정하,연극,1,1.0
장정환,기악,1,1.0
장종도,연극,13,1.0
장종호,연극,1,1.0
장주네,연극,2,1.0
장주아,오페라,2,1.0
장주연,연극,1,1.0
장주환,연극,3,1.0
장주희,기악,1,0.25
장주희,연극,3,0.75
장준근,기악,1,1.0
장준석,연극,1,1.0
장준원,연극,2,1.0
장준혁,연극,1,1.0
장준호,뮤지컬,1,1.0
장준휘,뮤지컬,2,1.0
장지민,기악,1,0.125
장지민,연희,1,0.125
장지민,한국무용,3,0.375
장지민,혼합,3,0.375
장지선,오페라,1,1.0
장지수,연극,1,1.0
장지승,연극,1,1.0
장지영,뮤지컬,14,0.5833333333333334
장지영,연극,8,0.3333333333333333
장지영,현대무용,2,0.08333333333333333
장지욱,발레,2,0.6666666666666666
장지욱,현대무용,1,0.3333333333333333
장지은,뮤지컬,1,0.16666666666666666
장지은,연극,5,0.8333333333333334
장지현,기악,1,1.0
장지호,현대무용,7,1.0
장진,연극,7,1.0
장진규,오페라,7,1.0
장진수,연극,2,1.0
장진영,기악,1,0.0625
장진영,한국무용,1,0.0625
장진영,현대무용,14,0.875
장진옥,기악,1,1.0
장진욱,연극,1,1.0
장진웅,성악,1,0.1
장진웅,연극,9,0.9
장진한,뮤지컬,7,0.875
장진한,서커스/마술,1,0.125
장진혁,연극,1,1.0
장진호,연극,1,1.0
장차현실,연극,1,1.0
장창석,연극,7,1.0
장채원,연극,1,1.0
장철,성악,1,0.5
장철,오페라,1,0.5
장철기,성악,1,0.3333333333333333
장철기,연극,1,0.3333333333333333
장철기,연희,1,0.3333333333333333
장춘희,기악,1,1.0
장코라이,발레,1,1.0
장태순,기악,1,0.09090909090909091
장태순,대중가요,1,0.09090909090909091
장태순,성악,4,0.36363636363636365
장태순,연극,1,0.09090909090909091
장태순,연희,1,0.09090909090909091
장태순,인형극,1,0.09090909090909091
장태순,혼합,2,0.18181818181818182
장태준,연극,7,1.0
장태평,기악,4,0.8
장태평,성악,1,0.2
장태홍,뮤지컬,3,1.0
장필강,연극,1,1.0
장하다,연극,1,1.0
장하람,연극,1,1.0
장하얀,기악,1,1.0
장하영,연극,1,1.0
장하윤,연극,2,1.0
장하은,연극,4,1.0
장한나,기악,3,0.6
장한나,한국무용,2,0.4
장한새,연극,10,1.0
장한선,연극,3,1.0
장한섬,성악,1,0.2
장한섬,오페라,4,0.8
장한솔,기악,1,0.3333333333333333
장한솔,뮤지컬,1,0.3333333333333333
장한솔,연극,1,0.3333333333333333
장한순,연극,1,1.0
장항석,뮤지컬,2,0.6666666666666666
장항석,혼합,1,0.3333333333333333
장항준,연극,2,1.0
장해강,연극,2,1.0
장해라,뮤지컬,1,1.0
장해람,연극,3,1.0
장해민,연극,2,1.0
장헤림,뮤지컬,1,1.0
장혁,연극,1,1.0
장혁우,뮤지컬,7,0.3888888888888889
장혁우,서커스/마술,1,0.05555555555555555
장혁우,악극,3,0.16666666666666666
장혁우,연극,7,0.3888888888888889
장현민,연극,3,1.0
장현석,성악,1,1.0
장현수,창극,1,0.16666666666666666
장현수,한국무용,5,0.8333333333333334
장현아,뮤지컬,2,1.0
장현일,연극,2,1.0
장현정,연극,3,1.0
장현주,연극,2,0.6666666666666666
장현주,오페라,1,0.3333333333333333
장현진,연극,2,0.6666666666666666
장현진,연희,1,0.3333333333333333
장현채,연극,1,1.0
장현호,연극,1,1.0
장형길,연극,1,1.0
장형선,인형극,1,1.0
장혜령,한국무용,1,1.0
장혜리,뮤지컬,2,1.0
장혜린,기악,1,0.08333333333333333
장혜린,뮤지컬,10,0.8333333333333334
장혜린,오페라,1,0.08333333333333333
장혜림,발레,1,0.07142857142857142
장혜림,연극,2,0.14285714285714285
장혜림,한국무용,7,0.5
장혜림,현대무용,4,0.2857142857142857
장혜선,악극,1,1.0
장혜숙,기악,1,1.0
장혜원,뮤지컬,1,0.2
장혜원,연극,4,0.8
장혜정,뮤지컬,1,1.0
장혜주,연극,2,0.5
장혜주,창극,1,0.25
장혜주,한국무용,1,0.25
장혜지,연극,1,1.0
장혜진,연극,1,0.3333333333333333
장혜진,현대무용,2,0.6666666666666666
장호,기악,1,0.047619047619047616
장호,연극,20,0.9523809523809523
장호룡,연극,1,1.0
장호정,연희,1,1.0
장호준,현대무용,1,1.0
장효강,뮤지컬,1,0.5
장효강,현대무용,1,0.5
장효빈,연극,2,1.0
장효정,연극,3,1.0
장효진,연극,1,1.0
장효훈,연극,1,1.0
장희경,기악,1,1.0
장희랑,연극,2,1.0
장희선,뮤지컬,80,1.0
장희영,연극,1,1.0
장희원,기악,4,0.26666666666666666
장희원,뮤지컬,1,0.06666666666666667
장희원,성악,3,0.2
장희원,오페라,6,0.4
장희원,현대무용,1,0.06666666666666667
장희재,연극,4,1.0
장희정,연극,2,1.0
재원경,기악,1,1.0
잭 머피,뮤지컬,1,1.0
쟘파올로 비산티,오페라,1,1.0
쟝주네,연극,1,1.0
적극,연희,2,0.5
적극,현대무용,2,0.5
전가연,연극,1,1.0
전강현,연극,1,1.0
전강호,연극,1,1.0
전강희,연극,10,1.0
전경란,연극,7,1.0
전경렬,연극,1,1.0
전경숙,성악,2,0.6666666666666666
전경숙,악극,1,0.3333333333333333
전경화,연극,1,1.0
전계근,연극,1,1.0
전국영,기악,3,1.0
전규민,연극,1,1.0
전규상,연극,2,1.0
전근호,기악,1,0.5
전근호,대중가요,1,0.5
전기광,연극,19,1.0
전기우,연극,1,1.0
전노민,연극,3,1.0
전누리,연극,1,1.0
전다록,연극,5,1.0
전다빈,기악,2,0.6666666666666666
전다빈,악극,1,0.3333333333333333
전다운,연극,4,1.0
전단아,연극,1,1.0
전도민,연극,1,1.0
전도현,연극,1,1.0
전동렬,연극,1,1.0
전동민,뮤지컬,2,1.0
전명수,연극,1,1.0
전무진,연극,1,1.0
전미숙,현대무용,7,1.0
전미정,연극,1,1.0
전미주,연극,2,1.0
전민경,연극,3,0.6
전민경,현대무용,2,0.4
전민규,마당극,3,1.0
전민배,기악,1,0.25
전민배,연극,2,0.5
전민배,혼합,1,0.25
전민서,연극,1,1.0
전민선,현대무용,1,1.0
전민지,연극,1,1.0
전민혁,뮤지컬,1,1.0
전민화,기악,1,1.0
전범석,서커스/마술,5,1.0
전병곤,뮤지컬,1,1.0
전병관,연극,1,1.0
전병덕,연극,1,1.0
전병성,연극,2,1.0
전병운,성악,2,0.6666666666666666
전병운,오페라,1,0.3333333333333333
전병윤,기악,1,1.0
전병은,연극,1,1.0
전병하,오페라,2,1.0
전병훈,성악,1,1.0
전보경,성악,3,1.0
전보근,한국무용,1,1.0
전보람,기악,1,0.5
전보람,현대무용,1,0.5
전보미,기악,1,1.0
전보연,연극,2,1.0
전보현,연극,1,0.5
전보현,한국무용,1,0.5
전상배,기악,1,0.047619047619047616
전상배,연극,20,0.9523809523809523
전상수,연극,1,1.0
전상영,오페라,1,1.0
전상우,연극,1,1.0
전상준,연극,2,1.0
전상진,연극,1,1.0
전상헌,뮤지컬,38,1.0
전상현,뮤지컬,1,1.0
전상효,넌버벌 퍼포먼스,1,1.0
전새롬,연극,2,1.0
전서아,연극,6,1.0
전서연,기악,1,0.2
전서연,뮤지컬,3,0.6
전서연,연희,1,0.2
전선형,연극,1,1.0
전성민,뮤지컬,39,0.975
전성민,현대무용,1,0.025
전성애,연극,4,0.8
전성애,오페라,1,0.2
전성열,연극,1,1.0
전성욱,연극,2,1.0
전성재,현대무용,4,1.0
전성혁,연극,1,1.0
전성현,성악,2,0.4
전성현,연극,3,0.6
전성환,악극,1,1.0
전성희,연극,1,1.0
전세기,연극,3,1.0
전세현,연극,4,1.0
전세호,연극,2,1.0
전소라,연극,1,1.0
전소영,기악,1,1.0
전소정,연극,1,1.0
전소현,뮤지컬,3,1.0
전솔희,뮤지컬,2,0.4
전솔희,인형극,3,0.6
전송배,뮤지컬,1,1.0
전송이,악극,1,1.0
전송희,뮤지컬,1,0.5
전송희,연극,1,0.5
전수양,뮤지컬,94,0.9894736842105263
전수양,창극,1,0.010526315789473684
전수진,기악,1,0.25
전수진,발레,2,0.5
전수진,연극,1,0.25
전수현,연극,1,0.5
전수현,현대무용,1,0.5
전순열,연극,2,1.0
전순희,한국무용,1,1.0
전승구,연극,1,1.0
전승민,연극,1,1.0
전승병,혼합,1,1.0
전승연,연극,1,1.0
전승우,뮤지컬,1,0.3333333333333333
전승우,연극,2,0.6666666666666666
전승준,성악,1,1.0
전승진,연극,1,1.0
전승현,발레,1,1.0
전승환,뮤지컬,3,0.42857142857142855
전승환,성악,1,0.14285714285714285
전승환,연극,3,0.42857142857142855
전승희,연극,2,1.0
전시후,연극,3,1.0
전아란,연극,1,1.0
전양배,연극,1,1.0
전양식,뮤지컬,1,0.2
전양식,연극,4,0.8
전연숙,오페라,1,1.0
전연주,뮤지컬,2,1.0
전연진,연극,2,1.0
전영수,악극,1,1.0
전영준,뮤지컬,4,0.3333333333333333
전영준,연극,8,0.6666666666666666
전영지,연극,1,1.0
전영현,연극,1,1.0
전영호,기악,2,0.2857142857142857
전영호,성악,4,0.5714285714285714
전영호,오페라,1,0.14285714285714285
전영희,연극,1,1.0
전예은,기악,1,0.125
전예은,오페라,7,0.875
전예정,연극,1,1.0
전예진,뮤지컬,1,1.0
전예총,뮤지컬,1,0.2
전예총,연극,3,0.6
전예총,인형극,1,0.2
전용석,연극,28,1.0
전용선,기악,1,1.0
전용준,성악,1,1.0
전용환,연극,5,1.0
전우대,연극,1,1.0
전우수,연극,2,1.0
전우실,기악,3,1.0
전우재,뮤지컬,3,0.6
전우재,인형극,2,0.4
전우진,연극,1,0.5
전우진,한국무용,1,0.5
전욱용,오페라,3,1.0
전웅,연극,8,1.0
전윤환,뮤지컬,1,0.1
전윤환,연극,9,0.9
전은선,발레,1,1.0
전은영,뮤지컬,2,1.0
전은자,한국무용,1,1.0
전은주,연극,1,1.0
전이현,연극,1,1.0
전인,연극,1,1.0
전인기,연극,1,1.0
전인두,한국무용,2,0.4
전인두,현대무용,1,0.2
전인두,혼합,2,0.4
전인섭,연극,4,1.0
전인철,연극,24,1.0
전인평,기악,2,1.0
전인호,현대무용,1,1.0
전자희,기악,1,1.0
전재민,뮤지컬,9,0.9
전재민,연극,1,0.1
전재성,연극,1,1.0
전재승,기악,3,0.75
전재승,성악,1,0.25
전재완,연극,6,1.0
전재현,연극,1,1.0
전재호,뮤지컬,3,0.75
전재호,연극,1,0.25
전재홍,연극,1,1.0
전정임,기악,1,0.2
전정임,성악,1,0.2
전정임,오페라,3,0.6
전종권,연극,2,1.0
전주우,넌버벌 퍼포먼스,1,0.5
전주우,연극,1,0.5
전주은,기악,1,1.0
전주협,연극,1,1.0
전준범,넌버벌 퍼포먼스,1,1.0
전중용,연극,4,1.0
전지니,연극,3,1.0
전지성,성악,1,0.1
전지성,오페라,9,0.9
전지영,연극,1,0.5
전지영,오페라,1,0.5
전지윤,오페라,1,1.0
전지호,성악,1,1.0
전진,오페라,1,1.0
전진명,연극,1,1.0
전진모,연극,1,1.0
전진희,한국무용,2,0.6666666666666666
전진희,현대무용,1,0.3333333333333333
전찬용,연극,1,1.0
전창근,연극,1,1.0
전창훈,뮤지컬,17,0.9444444444444444
전창훈,연극,1,0.05555555555555555
전채린,연극,1,1.0
전청일,연극,2,1.0
전태훈,뮤지컬,4,0.5
전태훈,서커스/마술,1,0.125
전태훈,인형극,3,0.375
전필립,연극,1,1.0
전하겸,연극,1,1.0
전하경,뮤지컬,1,0.14285714285714285
전하경,연극,5,0.7142857142857143
전하경,현대무용,1,0.14285714285714285
전하늘,연극,1,1.0
전하얀,연극,2,1.0
전하은,뮤지컬,1,1.0
전해리,연극,1,1.0
전헤지,연극,1,1.0
전혁식,연극,1,1.0
전혁준,연극,6,1.0
전혁진,현대무용,2,1.0
전현미,뮤지컬,5,0.16129032258064516
전현미,발레,3,0.0967741935483871
전현미,연극,23,0.7419354838709677
전현식,연극,3,1.0
전현아,연극,1,1.0
전현정,연극,5,0.8333333333333334
전현정,인형극,1,0.16666666666666666
전현준,연극,2,1.0
전현철,연극,1,1.0
전형근,연극,1,1.0
전형재,연극,1,1.0
전혜린,뮤지컬,2,0.6666666666666666
전혜린,연극,1,0.3333333333333333
전혜림,연극,2,1.0
전혜승,오페라,2,1.0
전혜연,연극,1,1.0
전혜윤,발레,3,0.2727272727272727
전혜윤,연극,8,0.7272727272727273
전혜정,연극,1,1.0
전호선,기악,1,1.0
전호성,연극,2,1.0
전호진,뮤지컬,1,1.0
전호현,뮤지컬,1,0.5
전호현,연극,1,0.5
전홍기,발레,1,0.16666666666666666
전홍기,한국무용,3,0.5
전홍기,현대무용,2,0.3333333333333333
전화승,연극,2,1.0
전화진,연극,1,1.0
전효성,뮤지컬,1,0.5
전효성,연극,1,0.5
전효숙,오페라,1,1.0
전효정,발레,10,1.0
전훈,연극,9,1.0
전희범,기악,1,1.0
전희숙,연극,1,1.0
전희진,연극,1,1.0
정 영,뮤지컬,1,1.0
정 윤,뮤지컬,1,1.0
정 준,뮤지컬,1,1.0
정 헌,기악,1,1.0
정가람,기악,1,0.07142857142857142
정가람,대중가요,1,0.07142857142857142
정가람,뮤지컬,7,0.5
정가람,연극,5,0.35714285714285715
정가영,성악,1,1.0
정갑균,뮤지컬,1,0.058823529411764705
정갑균,성악,1,0.058823529411764705
정갑균,오페라,15,0.8823529411764706
정갑희,뮤지컬,2,0.6666666666666666
정갑희,인형극,1,0.3333333333333333
정강화,발레,1,1.0
정건영,인형극,1,1.0
정건우,연극,1,1.0
정건하,연극,1,1.0
정겨운,기악,1,1.0
정결,연극,2,1.0
정경미,연희,1,1.0
정경선,뮤지컬,1,0.2
정경선,성악,1,0.2
정경선,연극,3,0.6
정경숙,기악,1,0.3333333333333333
정경숙,성악,2,0.6666666666666666
정경아,연극,1,1.0
정경영,기악,2,1.0
정경원,연극,2,1.0
정경인,뮤지컬,2,1.0
정경진,뮤지컬,26,0.8125
정경진,연극,4,0.125
정경진,혼합,2,0.0625
정경철,연극,1,1.0
정경표,발레,2,1.0
정경호,성악,1,0.3333333333333333
정경호,연극,2,0.6666666666666666
정경화,기악,1,0.5
정경화,한국무용,1,0.5
정경환,연극,3,1.0
정경희,뮤지컬,1,0.16666666666666666
정경희,연극,5,0.8333333333333334
정관영,한국무용,1,1.0
정광교,기악,1,1.0
정광익,뮤지컬,1,0.5
정광익,성악,1,0.5
정광진,연극,2,0.6666666666666666
정광진,한국무용,1,0.3333333333333333
정광한,연극,2,1.0
정광환,연극,10,1.0
정구명,연극,1,1.0
정구영,한국무용,1,1.0
정구진,연극,15,1.0
정구호,한국무용,8,0.7272727272727273
정구호,현대무용,3,0.2727272727272727
정구홍,뮤지컬,1,0.5
정구홍,연극,1,0.5
정귀성,연극,1,1.0
정귀자,한국무용,1,1.0
정귀화,연극,1,1.0
정규원,뮤지컬,1,0.3333333333333333
정규원,연극,1,0.3333333333333333
정규원,한국무용,1,0.3333333333333333
정규철,넌버벌 퍼포먼스,2,1.0
정금련,성악,1,1.0
정금형,현대무용,1,1.0
정금희,한국무용,3,1.0
정기열,연극,1,1.0
정기영,연극,1,1.0
정기정,연극,1,0.5
정기정,현대무용,1,0.5
정기준,연극,7,1.0
정기환,뮤지컬,1,0.3333333333333333
정기환,악극,1,0.3333333333333333
정기환,연극,1,0.3333333333333333
정길만,한국무용,2,0.3333333333333333
정길만,현대무용,1,0.16666666666666666
정길만,혼합,3,0.5
정길선,기악,2,1.0
정길우,성악,1,1.0
정나금,연극,1,1.0
정나라,성악,1,1.0
정나래,기악,2,1.0
정나리,오페라,1,1.0
정나현,연극,1,1.0
정나희,재즈/월드뮤직,1,1.0
정낙일,뮤지컬,1,0.3333333333333333
정낙일,연극,2,0.6666666666666666
정남규,기악,2,0.3333333333333333
정남규,성악,4,0.6666666666666666
정다래,현대무용,1,1.0
정다미,뮤지컬,4,1.0
정다빈,연극,2,1.0
정다샘,기악,1,1.0
정다솔,연극,5,1.0
정다슬,현대무용,1,1.0
정다영,뮤지컬,1,0.09090909090909091
정다영,발레,9,0.8181818181818182
정다영,현대무용,1,0.09090909090909091
정다운,연극,11,1.0
정다원,연극,1,1.0
정다은,뮤지컬,1,0.5
정다은,연극,1,0.5
정다이,연극,1,1.0
정다정,연극,1,1.0
정단혜,뮤지컬,1,1.0
정달영,뮤지컬,1,1.0
정닷돌,연극,1,1.0
정대균,마임,1,0.16666666666666666
정대균,연극,5,0.8333333333333334
정대근,뮤지컬,1,1.0
정대용,연극,3,1.0
정대원,연극,1,0.3333333333333333
정대원,혼합,2,0.6666666666666666
정대진,연극,2,1.0
정대훈,연극,1,1.0
정덕기,성악,1,1.0
정덕재,성악,1,1.0
정도겸,한국무용,1,1.0
정도영,뮤지컬,3,1.0
정도형,기악,1,1.0
정도희,기악,1,1.0
정동균,기악,1,0.3333333333333333
정동균,발레,1,0.3333333333333333
정동균,혼합,1,0.3333333333333333
정동민,혼합,1,1.0
정동석,뮤지컬,1,1.0
정동훈,연희,1,1.0
정동희,기악,1,0.5
정동희,혼합,1,0.5
정두원,연극,1,1.0
정두환,오페라,1,1.0
정래욱,뮤지컬,5,1.0
정록이,현대무용,2,1.0
정명군,연극,1,1.0
정명심,연극,1,1.0
정명원,연극,8,1.0
정명주,뮤지컬,1,0.5
정명주,연극,1,0.5
정명철,연극,1,1.0
정명필,연극,2,0.6666666666666666
정명필,인형극,1,0.3333333333333333
정명현,연극,1,1.0
정명훈,기악,1,0.125
정명훈,성악,1,0.125
정명훈,한국무용,4,0.5
정명훈,현대무용,2,0.25
정모경,뮤지컬,2,1.0
정목일,성악,1,1.0
정문선,연극,1,1.0
정문주,한국무용,1,1.0
정문희,연극,9,0.9
정문희,인형극,1,0.1
정미경,뮤지컬,1,1.0
정미녕,연극,1,1.0
정미리,연극,1,1.0
정미선,기악,1,0.5
정미선,오페라,1,0.5
정미소,연극,2,1.0
정미숙,연극,1,0.5
정미숙,한국무용,1,0.5
정미심,한국무용,3,1.0
정미영,현대무용,1,1.0
정미현,기악,1,1.0
정미화,기악,3,0.75
정미화,혼합,1,0.25
정민,기악,3,0.75
정민,뮤지컬,1,0.25
정민경,기악,1,0.2
정민경,뮤지컬,4,0.8
정민기,연극,1,1.0
정민석,연극,2,1.0
정민선,기타,1,0.1111111111111111
정민선,뮤지컬,2,0.2222222222222222
정민선,창극,1,0.1111111111111111
정민선,현대무용,5,0.5555555555555556
정민설,뮤지컬,3,1.0
정민성,성악,1,1.0
정민수,연극,1,0.3333333333333333
정민수,현대무용,2,0.6666666666666666
정민아,뮤지컬,4,0.6666666666666666
정민아,연극,2,0.3333333333333333
정민영,뮤지컬,1,0.16666666666666666
정민영,연극,5,0.8333333333333334
정민자,연극,6,1.0
정민정,성악,1,0.3333333333333333
정민정,오페라,2,0.6666666666666666
정민주,뮤지컬,1,0.25
정민주,연극,3,0.75
정민지,기악,1,1.0
정민찬,연극,18,1.0
정민철,연극,1,1.0
정민혁,뮤지컬,2,0.15384615384615385
정민혁,연극,11,0.8461538461538461
정민희,성악,1,0.3333333333333333
정민희,연극,2,0.6666666666666666
정범관,현대무용,1,1.0
정범모,연극,1,1.0
정범종,연극,1,1.0
정범철,뮤지컬,2,0.03636363636363636
정범철,악극,2,0.03636363636363636
정범철,연극,51,0.9272727272727272
정별님,오페라,1,1.0
정병구,서커스/마술,2,1.0
정병국,서커스/마술,1,1.0
정병목,연극,2,1.0
정병수,연극,9,1.0
정보경,한국무용,3,0.5
정보경,현대무용,3,0.5
정보나,재즈/월드뮤직,1,1.0
정보은,연극,1,1.0
정보형,기악,1,0.25
정보형,오페라,3,0.75
정봉석,연극,5,1.0
정봉환,연극,5,1.0
정봉황,연극,1,1.0
정부원,연극,1,1.0
정상국,뮤지컬,2,1.0
정상미,연극,3,1.0
정상수,연극,11,1.0
정상식,뮤지컬,1,1.0
정상용,성악,1,1.0
정상원,연극,1,1.0
정상철,연극,1,1.0
정상현,연극,5,1.0
정상훈,연극,9,1.0
정새롬,기악,2,0.2857142857142857
정새롬,혼합,5,0.7142857142857143
정서빈,연극,3,1.0
정서연,대중가요,11,0.7857142857142857
정서연,성악,1,0.07142857142857142
정서연,연극,1,0.07142857142857142
정서연,연희,1,0.07142857142857142
정서영,오페라,1,1.0
정서옥,창극,1,1.0
정서웅,연극,1,1.0
정서윤,기악,1,0.5
정서윤,연극,1,0.5
정서현,연극,2,1.0
정서희,한국무용,1,1.0
정석봉,넌버벌 퍼포먼스,4,1.0
정석순,현대무용,6,1.0
정석일,연극,2,1.0
정석주,기악,1,1.0
정석희,연극,1,1.0
정선경,뮤지컬,1,0.5
정선경,연극,1,0.5
정선구,성악,1,0.25
정선구,창극,3,0.75
정선기,뮤지컬,2,1.0
정선빈,마당극,1,0.5
정선빈,한국무용,1,0.5
정선아,연극,1,0.5
정선아,재즈/월드뮤직,1,0.5
정선영,기악,1,0.0625
정선영,성악,2,0.125
정선영,오페라,13,0.8125
정선옥,창극,3,1.0
정선욱,연극,2,1.0
정선하,연극,2,1.0
정선향,연극,1,1.0
정선현,뮤지컬,3,0.3333333333333333
정선현,연극,6,0.6666666666666666
정선호,연극,2,1.0
정선화,한국무용,3,1.0
정성경,뮤지컬,2,0.5
정성경,연극,2,0.5
정성구,연극,2,1.0
정성국,성악,1,1.0
정성규,연극,1,1.0
정성근,연극,1,1.0
정성모,뮤지컬,1,1.0
정성민,연극,1,1.0
정성복,발레,7,1.0
정성숙,한국무용,2,1.0
정성순,연극,1,1.0
정성엽,기악,1,1.0
정성우,연극,1,1.0
정성욱,기악,1,0.25
정성욱,연극,2,0.5
정성욱,오페라,1,0.25
정성운,연극,2,1.0
정성윤,연극,1,1.0
정성준,현대무용,1,1.0
정성진,연극,3,1.0
정성태,연극,2,0.4
정성태,현대무용,3,0.6
정성택,연극,1,0.5
정성택,현대무용,1,0.5
정성훈,연희,1,1.0
정세빈,기악,1,1.0
정세영,뮤지컬,1,0.2
정세영,연극,4,0.8
정세혁,연극,27,1.0
정세화,기악,1,1.0
정세훈,기악,2,1.0
정세희,기악,1,1.0
정소리,뮤지컬,2,0.6666666666666666
정소리,연극,1,0.3333333333333333
정소안,연극,1,1.0
정소연,뮤지컬,1,0.3333333333333333
정소연,한국무용,2,0.6666666666666666
정소영,뮤지컬,1,0.2
정소영,연극,3,0.6
정소영,오페라,1,0.2
정소원,연극,1,1.0
정소윤,뮤지컬,1,0.5
정소윤,연극,1,0.5
정소은,연극,2,1.0
정소일,기악,1,1.0
정소희,기악,1,1.0
정송이,성악,1,1.0
정수경,연극,2,1.0
정수년,기악,1,1.0
정수동,현대무용,4,1.0
정수란,기악,1,1.0
정수림,성악,1,1.0
정수미,성악,1,0.08333333333333333
정수미,연극,9,0.75
정수미,인형극,2,0.16666666666666666
정수봉,뮤지컬,4,0.5714285714285714
정수봉,인형극,3,0.42857142857142855
정수빈,뮤지컬,1,0.2
정수빈,연극,4,0.8
정수연,기악,3,0.5
정수연,뮤지컬,1,0.16666666666666666
정수연,성악,1,0.16666666666666666
정수연,연극,1,0.16666666666666666
정수용,연극,1,1.0
정수윤,대중가요,1,0.3333333333333333
정수윤,연극,2,0.6666666666666666
정수은,연극,2,1.0
정수지,악극,2,0.5
정수지,연극,2,0.5
정수진,기악,1,1.0
정수현,연극,1,1.0
정수화,기악,1,0.1111111111111111
정수화,뮤지컬,3,0.3333333333333333
정수화,성악,1,0.1111111111111111
정수화,연극,2,0.2222222222222222
정수화,오페라,2,0.2222222222222222
정수황,뮤지컬,1,0.5
정수황,연극,1,0.5
정숙향,뮤지컬,1,1.0
정숙희,연극,2,0.6666666666666666
정숙희,한국무용,1,0.3333333333333333
정순도,기타,1,0.16666666666666666
정순도,성악,2,0.3333333333333333
정순도,악극,2,0.3333333333333333
정순도,혼합,1,0.16666666666666666
정순돈,대중가요,1,0.5
정순돈,뮤지컬,1,0.5
정순영,기악,1,1.0
정순지,연극,1,1.0
정순태,한국무용,6,0.6
정순태,현대무용,4,0.4
정숨,연극,1,1.0
정숨이,뮤지컬,1,1.0
정슬기,기타,1,0.3333333333333333
정슬기,대중가요,2,0.6666666666666666
정승리,기악,2,0.5
정승리,혼합,2,0.5
정승민,연극,1,0.5
정승민,한국무용,1,0.5
정승빈,한국무용,1,1.0
정승아,연극,1,1.0
정승애,연극,1,1.0
정승원,기악,2,1.0
정승재,기악,2,0.25
정승재,발레,1,0.125
정승재,현대무용,5,0.625
정승준,성악,1,0.041666666666666664
정승준,연극,20,0.8333333333333334
정승준,연희,1,0.041666666666666664
정승준,현대무용,2,0.08333333333333333
정승진,연극,12,0.631578947368421
정승진,인형극,7,0.3684210526315789
정승천,연희,2,1.0
정승현,연극,9,1.0
정승호,뮤지컬,4,0.2222222222222222
정승호,연극,11,0.6111111111111112
정승호,오페라,3,0.16666666666666666
정승화,오페라,4,1.0
정승환,연극,10,0.7692307692307693
정승환,한국무용,1,0.07692307692307693
정승환,현대무용,2,0.15384615384615385
정승희,마당극,3,0.6
정승희,한국무용,2,0.4
정시온,연극,1,1.0
정시윤,연극,1,1.0
정신혜,기악,1,0.125
정신혜,연희,1,0.125
정신혜,한국무용,6,0.75
정아련,연극,1,1.0
정아름,뮤지컬,1,0.14285714285714285
정아름,연극,5,0.7142857142857143
정아름,오페라,1,0.14285714285714285
정아린,연극,2,1.0
정아미,현대무용,1,1.0
정아현,연극,1,1.0
정안나,연극,8,0.8888888888888888
정안나,혼합,1,0.1111111111111111
정애란,연극,3,1.0
정애련,성악,1,1.0
정애솔,대중가요,1,0.14285714285714285
정애솔,연극,6,0.8571428571428571
정연누,연극,1,1.0
정연두,기악,1,1.0
정연락,성악,6,0.6666666666666666
정연락,연희,2,0.2222222222222222
정연락,혼합,1,0.1111111111111111
정연복,기악,1,1.0
정연식,연극,2,1.0
정연우,연극,1,1.0
정연재,발레,1,0.5
정연재,성악,1,0.5
정연종,연극,1,1.0
정연주,연극,9,1.0
정연준,연극,1,1.0
정연허,연극,1,1.0
정연희,현대무용,1,1.0
정영,뮤지컬,4,0.26666666666666666
정영,발레,1,0.06666666666666667
정영,연극,9,0.6
정영,창극,1,0.06666666666666667
정영돈,연극,3,1.0
정영두,창극,2,0.11764705882352941
정영두,현대무용,8,0.47058823529411764
정영두,혼합,7,0.4117647058823529
정영만,연희,1,0.3333333333333333
정영만,한국무용,1,0.3333333333333333
정영만,혼합,1,0.3333333333333333
정영민,뮤지컬,1,0.09090909090909091
정영민,연극,9,0.8181818181818182
정영민,혼합,1,0.09090909090909091
정영빈,기악,1,1.0
정영서,뮤지컬,3,0.75
정영서,연극,1,0.25
정영석,뮤지컬,8,1.0
정영선,연극,1,1.0
정영수,연극,1,1.0
정영신,연극,1,1.0
정영아,뮤지컬,1,0.25
정영아,연극,3,0.75
정영안,기악,1,1.0
정영웅,연극,2,1.0
정영일,뮤지컬,2,1.0
정영재,발레,4,1.0
정영진,연극,1,1.0
정영호,연극,1,1.0
정영희,기악,1,1.0
정예경,뮤지컬,1,1.0
정예람,혼합,1,1.0
정예림,연극,1,0.5
정예림,한국무용,1,0.5
정예영,뮤지컬,2,1.0
정예원,연극,2,1.0
정예은,성악,2,1.0
정예준,뮤지컬,1,1.0
정예지,기악,1,0.25
정예지,뮤지컬,1,0.25
정예지,연극,2,0.5
정예진,뮤지컬,1,0.16666666666666666
정예진,연극,5,0.8333333333333334
정예찬,연희,2,1.0
정옥다예,연극,1,1.0
정옥용,뮤지컬,2,0.5
정옥용,연극,2,0.5
정온비,뮤지컬,1,1.0
정욕용,연극,1,1.0
정용경 박경령,연극,2,1.0
정용석,뮤지컬,19,1.0
정용운,재즈/월드뮤직,1,1.0
정용원,연극,1,1.0
정용진,한국무용,4,1.0
정우근,연극,2,1.0
정우림,뮤지컬,1,1.0
정우성,뮤지컬,1,0.1
정우성,연극,9,0.9
정우순,연극,1,1.0
정우연,기악,1,1.0
정우인,기악,3,0.375
정우인,재즈/월드뮤직,1,0.125
정우인,혼합,4,0.5
정우재,뮤지컬,1,1.0
정우정,기악,1,1.0
정우준,연극,1,1.0
정우진,연극,1,1.0
정우철,기악,1,0.3333333333333333
정우철,연극,2,0.6666666666666666
정욱,연극,3,1.0
정욱권,연극,1,1.0
정욱현,연극,3,1.0
정운봉,연극,2,1.0
정원기,기악,1,0.2
정원기,뮤지컬,2,0.4
정원기,연극,1,0.2
정원기,연희,1,0.2
정원영,인형극,1,1.0
정원일,뮤지컬,1,1.0
정월태,오페라,1,1.0
정유경,연극,2,0.6666666666666666
정유경,한국무용,1,0.3333333333333333
정유나,연극,2,1.0
정유라,연극,1,1.0
정유란,뮤지컬,2,0.6666666666666666
정유란,연극,1,0.3333333333333333
정유빈,기악,1,1.0
정유석,기악,1,0.037037037037037035
정유석,뮤지컬,1,0.037037037037037035
정유석,연극,23,0.8518518518518519
정유석,한국무용,1,0.037037037037037035
정유석,현대무용,1,0.037037037037037035
정유식,기악,4,0.6666666666666666
정유식,성악,1,0.16666666666666666
정유식,오페라,1,0.16666666666666666
정유정,한국무용,1,0.5
정유정,혼합,1,0.5
정유진,기악,1,0.05555555555555555
정유진,뮤지컬,2,0.1111111111111111
정유진,성악,1,0.05555555555555555
정유진,연극,12,0.6666666666666666
정유진,현대무용,2,0.1111111111111111
정윤,뮤지컬,9,0.75
정윤,연극,3,0.25
정윤경,연극,4,1.0
정윤서,뮤지컬,1,1.0
정윤수,기악,1,1.0
정윤아,연극,1,1.0
정윤정,성악,1,0.5
정윤정,창극,1,0.5
정윤지,넌버벌 퍼포먼스,1,0.004149377593360996
정윤지,뮤지컬,240,0.995850622406639
정윤호,연극,3,1.0
정윤희,연극,2,1.0
정으뜸,연극,5,1.0
정은,한국무용,1,1.0
정은경,뮤지컬,1,0.1111111111111111
정은경,연극,8,0.8888888888888888
정은란,연극,1,1.0
정은비,뮤지컬,4,0.6666666666666666
정은비,연극,2,0.3333333333333333
정은샘,연극,4,1.0
정은선,기악,1,0.3333333333333333
정은선,연극,1,0.3333333333333333
정은선,오페라,1,0.3333333333333333
정은송,한국무용,1,1.0
정은숙,성악,1,1.0
정은순,연극,2,1.0
정은신,기악,2,1.0
정은영,뮤지컬,4,0.5714285714285714
정은영,연극,2,0.2857142857142857
정은영,혼합,1,0.14285714285714285
정은용,뮤지컬,1,1.0
정은재,뮤지컬,1,0.3333333333333333
정은재,연극,2,0.6666666666666666
정은정,뮤지컬,1,0.3333333333333333
정은정,오페라,2,0.6666666666666666
정은주,성악,1,0.3333333333333333
정은주,연극,1,0.3333333333333333
정은주,현대무용,1,0.3333333333333333
정은준,뮤지컬,1,1.0
정은지,인형극,1,1.0
정은총,연극,2,1.0
정은하,한국무용,1,1.0
정은혜,뮤지컬,10,0.4166666666666667
정은혜,발레,1,0.041666666666666664
정은혜,연극,4,0.16666666666666666
정은혜,인형극,3,0.125
정은혜,창극,2,0.08333333333333333
정은혜,한국무용,2,0.08333333333333333
정은혜,현대무용,1,0.041666666666666664
정은혜,혼합,1,0.041666666666666664
정은희,대중가요,1,0.25
정은희,발레,2,0.5
정은희,성악,1,0.25
정을석,뮤지컬,11,1.0
정의록,뮤지컬,1,1.0
정의석,현대무용,3,1.0
정의순,연극,4,1.0
정의신,연극,7,1.0
정의엽,연극,2,1.0
정의영,뮤지컬,2,0.2857142857142857
정의영,연극,5,0.7142857142857143
정의윤,연극,1,1.0
정의철,연극,3,1.0
정이삭,연극,3,1.0
정이슬,뮤지컬,1,0.5
정이슬,연극,1,0.5
정이진,연극,1,1.0
정이현,연극,1,1.0
정이형,연극,1,1.0
정인국,연극,1,1.0
정인배,연극,1,0.5
정인배,인형극,1,0.5
정인석,뮤지컬,11,0.9166666666666666
정인석,연극,1,0.08333333333333333
정인숙,마당극,1,0.3333333333333333
정인숙,연극,1,0.3333333333333333
정인숙,오페라,1,0.3333333333333333
정인정,뮤지컬,1,0.09090909090909091
정인정,연극,10,0.9090909090909091
정인지,연극,1,1.0
정인혁,성악,1,0.14285714285714285
정인혁,연극,4,0.5714285714285714
정인혁,오페라,2,0.2857142857142857
정인혜,연극,1,1.0
정인화,발레,1,1.0
정일균,뮤지컬,1,0.3333333333333333
정일균,연극,2,0.6666666666666666
정일련,기악,1,0.3333333333333333
정일련,혼합,2,0.6666666666666666
정일만,뮤지컬,2,0.2222222222222222
정일만,연극,7,0.7777777777777778
정일성,연극,3,1.0
정일주,스트리트/스포츠댄스,1,1.0
정일행,기악,5,0.8333333333333334
정일행,혼합,1,0.16666666666666666
정임순,한국무용,1,1.0
정자경,뮤지컬,1,1.0
정자영,뮤지컬,1,0.5
정자영,성악,1,0.5
정재국,연희,1,1.0
정재만,연극,1,0.5
정재만,한국무용,1,0.5
정재명,연극,1,1.0
정재민,기악,1,0.5
정재민,성악,1,0.5
정재연,성악,1,0.3333333333333333
정재연,혼합,2,0.6666666666666666
정재열,성악,7,0.875
정재열,혼합,1,0.125
정재엽,발레,5,1.0
정재영,연극,1,0.5
정재영,창극,1,0.5
정재우,연극,1,0.25
정재우,현대무용,3,0.75
정재윤,기악,2,0.5
정재윤,발레,1,0.25
정재윤,성악,1,0.25
정재은,기악,1,1.0
정재일,뮤지컬,19,0.5757575757575758
정재일,발레,1,0.030303030303030304
정재일,악극,2,0.06060606060606061
정재일,연극,5,0.15151515151515152
정재일,연희,1,0.030303030303030304
정재일,한국무용,2,0.06060606060606061
정재일,현대무용,3,0.09090909090909091
정재진,한국무용,2,1.0
정재춘,연극,9,1.0
정재필,연극,1,1.0
정재학,연극,3,1.0
정재헌,뮤지컬,2,0.15384615384615385
정재헌,연극,11,0.8461538461538461
정재혁,뮤지컬,2,0.6666666666666666
정재혁,연극,1,0.3333333333333333
정재호,성악,1,0.07142857142857142
정재호,연극,13,0.9285714285714286
정재환,연극,1,0.3333333333333333
정재환,인형극,2,0.6666666666666666
정재훈,기악,1,0.16666666666666666
정재훈,뮤지컬,3,0.5
정재훈,연극,1,0.16666666666666666
정재훈,혼합,1,0.16666666666666666
정재희,뮤지컬,1,1.0
정정록,현대무용,1,1.0
정정미,뮤지컬,1,1.0
정종남,기악,2,1.0
정종수,오페라,1,1.0
정종영,기악,1,1.0
정종임,기악,4,0.10526315789473684
정종임,뮤지컬,1,0.02631578947368421
정종임,성악,1,0.02631578947368421
정종임,악극,3,0.07894736842105263
정종임,연극,5,0.13157894736842105
정종임,창극,2,0.05263157894736842
정종임,한국무용,2,0.05263157894736842
정종임,현대무용,3,0.07894736842105263
정종임,혼합,17,0.4473684210526316
정주리,기악,1,1.0
정주미,한국무용,1,1.0
정주연,연극,2,1.0
정주영,기악,1,0.1111111111111111
정주영,연극,7,0.7777777777777778
정주영,오페라,1,0.1111111111111111
정주영 민들레,연극,1,1.0
정주원,연극,1,0.5
정주원,현대무용,1,0.5
정주현,기악,1,0.3333333333333333
정주현,오페라,2,0.6666666666666666
정주혜,연극,1,1.0
정주호,연극,2,1.0
정주홍,마임,1,0.5
정주홍,연극,1,0.5
정주흥,연극,1,1.0
정주희,기악,2,0.6666666666666666
정주희,연극,1,0.3333333333333333
정준,뮤지컬,78,0.9176470588235294
정준,성악,1,0.011764705882352941
정준,악극,2,0.023529411764705882
정준,연극,4,0.047058823529411764
정준경,연극,7,1.0
정준규,연극,1,1.0
정준기,대중가요,3,0.75
정준기,성악,1,0.25
정준수,기악,4,0.8
정준수,성악,1,0.2
정준영,연극,13,1.0
정준태,기악,1,0.5
정준태,연희,1,0.5
정준호,연극,2,1.0
정중헌,연극,2,1.0
정중현,발레,2,0.5
정중현,성악,1,0.25
정중현,재즈/월드뮤직,1,0.25
정지강,기악,1,1.0
정지석,연극,1,1.0
정지선,대중가요,1,0.5
정지선,연극,1,0.5
정지섭,연극,4,1.0
정지수,뮤지컬,1,0.2
정지수,연극,4,0.8
정지아,연극,2,0.6666666666666666
정지아,오페라,1,0.3333333333333333
정지연,뮤지컬,1,1.0
정지영,연극,6,1.0
정지오,연극,2,1.0
정지우,성악,1,0.5
정지우,오페라,1,0.5
정지원,성악,1,0.25
정지원,연극,3,0.75
정지윤,기악,1,0.16666666666666666
정지윤,뮤지컬,1,0.16666666666666666
정지윤,발레,2,0.3333333333333333
정지윤,성악,1,0.16666666666666666
정지윤,혼합,1,0.16666666666666666
정지은,기악,2,0.6666666666666666
정지은,현대무용,1,0.3333333333333333
정지철,성악,1,0.5
정지철,오페라,1,0.5
정지현,뮤지컬,1,0.2
정지현,연극,4,0.8
정지혜,기악,1,0.125
정지혜,뮤지컬,1,0.125
정지혜,성악,1,0.125
정지혜,악극,2,0.25
정지혜,연극,3,0.375
정지호,마임,1,0.16666666666666666
정지호,악극,2,0.3333333333333333
정지호,연극,3,0.5
정진,뮤지컬,5,0.7142857142857143
정진,현대무용,2,0.2857142857142857
정진각,연극,1,1.0
정진국,연극,18,1.0
정진새,연극,11,0.8461538461538461
정진새,혼합,2,0.15384615384615385
정진세,악극,1,0.5
정진세,연희,1,0.5
정진수,연극,4,1.0
정진아,현대무용,1,1.0
정진영,연극,2,0.6666666666666666
정진영,혼합,1,0.3333333333333333
정진용,기악,1,1.0
정진우,뮤지컬,3,0.42857142857142855
정진우,연극,2,0.2857142857142857
정진우,현대무용,2,0.2857142857142857
정진웅,서커스/마술,1,0.3333333333333333
정진웅,연극,2,0.6666666666666666
정진윤,뮤지컬,1,1.0
정진채,기악,1,1.0
정진철,기악,1,0.14285714285714285
정진철,스트리트/스포츠댄스,1,0.14285714285714285
정진철,연극,3,0.42857142857142855
정진철,연희,2,0.2857142857142857
정진향,기악,1,1.0
정진호,오페라,1,1.0
정진화,연극,1,0.5
정진화,현대무용,1,0.5
정진훈,뮤지컬,1,1.0
정진희,기악,1,0.3333333333333333
정진희,연극,2,0.6666666666666666
정차영,연극,3,1.0
정찬동,연극,1,1.0
정찬미,연극,1,0.5
정찬미,혼합,1,0.5
정찬민,뮤지컬,1,0.5
정찬민,연극,1,0.5
정찬수,뮤지컬,9,0.5625
정찬수,연극,3,0.1875
정찬수,오페라,4,0.25
정찬영,기악,1,0.3333333333333333
정찬영,스트리트/스포츠댄스,1,0.3333333333333333
정찬영,연극,1,0.3333333333333333
정찬우,뮤지컬,1,0.25
정찬우,연극,3,0.75
정찬호,연극,4,1.0
정찬홍,발레,1,0.5
정찬홍,현대무용,1,0.5
정찬희,기악,1,0.25
정찬희,연극,2,0.5
정찬희,인형극,1,0.25
정창교,서커스/마술,1,1.0
정창석,연극,2,1.0
정창운,연극,1,1.0
정창윤,연극,14,1.0
정창준,기악,1,1.0
정창현,기악,1,1.0
정창환,연극,1,1.0
정채림,연극,5,0.8333333333333334
정채림,재즈/월드뮤직,1,0.16666666666666666
정채윤,연극,1,1.0
정채의,연극,1,1.0
정철,뮤지컬,2,0.5
정철,연극,2,0.5
정철민,연극,1,1.0
정철원,마당극,1,0.03333333333333333
정철원,뮤지컬,2,0.06666666666666667
정철원,연극,24,0.8
정철원,오페라,3,0.1
정철인,현대무용,13,1.0
정철한,현대무용,1,1.0
정철현,연극,7,1.0
정철호,연극,2,1.0
정춘권,뮤지컬,15,0.8823529411764706
정춘권,연극,2,0.11764705882352941
정춘식,연극,3,1.0
정춘헌,뮤지컬,1,1.0
정충현,성악,1,1.0
정치용,기악,2,0.4
정치용,성악,1,0.2
정치용,오페라,1,0.2
정치용,혼합,1,0.2
정치현,현대무용,1,1.0
정태근,뮤지컬,1,1.0
정태민,연극,9,1.0
정태봉,기악,3,1.0
정태성,뮤지컬,1,0.3333333333333333
정태성,오페라,2,0.6666666666666666
정태영,뮤지컬,12,1.0
정태윤,연극,1,1.0
정태호,연극,3,1.0
정태훈,연극,3,1.0
정태희,기악,1,1.0
정택수,뮤지컬,1,0.5
정택수,연극,1,0.5
정필균,연극,1,1.0
정필이,뮤지컬,3,1.0
정핑이,뮤지컬,1,1.0
정하나,한국무용,1,1.0
정하늘,연극,1,0.3333333333333333
정하늘,현대무용,2,0.6666666666666666
정하린,악극,1,0.5
정하린,연극,1,0.5
정하백,연극,1,1.0
정하선,기악,1,0.5
정하선,뮤지컬,1,0.5
정하영,연극,3,1.0
정하은,연극,1,1.0
정하해,기악,3,1.0
정한결,기악,1,0.3333333333333333
정한결,성악,2,0.6666666666666666
정한나,성악,2,0.3333333333333333
정한나,연극,4,0.6666666666666666
정한별,연극,4,1.0
정한솔,뮤지컬,1,1.0
정한용,연극,1,1.0
정해권,연극,1,1.0
정해솔,연극,1,1.0
정해원,연극,3,1.0
정해인,연극,1,1.0
정해지,연극,1,1.0
정향숙,한국무용,2,1.0
정헌,기악,2,1.0
정헤란,발레,1,1.0
정헤량,연극,1,1.0
정헤정,연극,1,1.0
정헤진,한국무용,2,1.0
정혁,기악,1,1.0
정혁준,한국무용,1,1.0
정혁진,연극,1,1.0
정현,연극,2,1.0
정현구,기악,1,1.0
정현기,연극,2,1.0
정현수,기악,2,0.18181818181818182
정현수,뮤지컬,7,0.6363636363636364
정현수,성악,1,0.09090909090909091
정현수,연극,1,0.09090909090909091
정현숙,연희,1,0.5
정현숙,한국무용,1,0.5
정현승,뮤지컬,1,1.0
정현욱,뮤지컬,4,0.6666666666666666
정현욱,연극,2,0.3333333333333333
정현정,성악,1,1.0
정현주,연극,1,1.0
정현준,대중가요,1,0.2
정현준,연극,3,0.6
정현준,창극,1,0.2
정현지,기악,1,0.5
정현지,연극,1,0.5
정현진,기악,2,1.0
정현찬,연극,4,1.0
정현희,연극,1,1.0
정형국,성악,2,1.0
정형석,연극,11,1.0
정형일,발레,15,0.9375
정형일,현대무용,1,0.0625
정형진,연극,1,1.0
정혜란,뮤지컬,1,0.3333333333333333
정혜란,발레,1,0.3333333333333333
정혜란,오페라,1,0.3333333333333333
정혜령,연극,1,1.0
정혜리,기악,3,0.5
정혜리,성악,1,0.16666666666666666
정혜리,혼합,2,0.3333333333333333
정혜린,연극,2,1.0
정혜림,대중가요,9,0.75
정혜림,악극,1,0.08333333333333333
정혜림,연극,2,0.16666666666666666
정혜미,뮤지컬,1,0.5
정혜미,창극,1,0.5
정혜민,뮤지컬,1,0.5
정혜민,연극,1,0.5
정혜수,연극,6,1.0
정혜연,연극,1,1.0
정혜영,기악,1,0.5
정혜영,뮤지컬,1,0.5
정혜원,기악,2,0.5
정혜원,한국무용,1,0.25
정혜원,현대무용,1,0.25
정혜인,기악,1,1.0
정혜정,연극,2,0.5
정혜정,오페라,1,0.25
정혜정,한국무용,1,0.25
정혜준,한국무용,1,1.0
정혜지,뮤지컬,2,0.5
정혜지,연극,2,0.5
정혜진,기악,1,0.045454545454545456
정혜진,넌버벌 퍼포먼스,1,0.045454545454545456
정혜진,오페라,1,0.045454545454545456
정혜진,한국무용,15,0.6818181818181818
정혜진,현대무용,3,0.13636363636363635
정혜진,혼합,1,0.045454545454545456
정호,뮤지컬,1,1.0
정호봉,혼합,1,1.0
정호붕,기악,1,0.14285714285714285
정호붕,뮤지컬,1,0.14285714285714285
정호붕,악극,1,0.14285714285714285
정호붕,창극,1,0.14285714285714285
정호붕,혼합,3,0.42857142857142855
정호연,연극,1,1.0
정호영,기악,1,0.25
정호영,뮤지컬,1,0.25
정호영,창극,1,0.25
정호영,한국무용,1,0.25
정호윤,뮤지컬,20,1.0
정호정,오페라,11,1.0
정호준,뮤지컬,3,1.0
정홍구,연극,1,1.0
정홍섭,오페라,1,1.0
정홍수,기악,1,1.0
정홍식,기악,1,1.0
정화별,뮤지컬,2,1.0
정황관,연극,1,1.0
정회진,뮤지컬,6,1.0
정회훈,연극,1,1.0
정효민,기악,1,0.5
정효민,한국무용,1,0.5
정효원,오페라,1,1.0
정효정,오페라,1,1.0
정효진,연극,1,1.0
정훈,연극,3,1.0
정훈목,현대무용,3,1.0
정휘경,뮤지컬,3,1.0
정희경,성악,1,0.3333333333333333
정희경,연극,2,0.6666666666666666
정희보,기악,2,0.6666666666666666
정희보,재즈/월드뮤직,1,0.3333333333333333
정희수,연극,1,1.0
정희연,연극,1,0.5
정희연,현대무용,1,0.5
정희영,뮤지컬,4,1.0
정희윤,스트리트/스포츠댄스,1,1.0
정희은,기악,2,0.5
정희은,현대무용,2,0.5
정희준,성악,1,1.0
정희중,연극,2,1.0
정희진,뮤지컬,3,0.6
정희진,연극,2,0.4
정희훈,연극,2,1.0
제갈수영,기악,1,1.0
제라르 프레스귀르빅,뮤지컬,1,1.0
제람,연극,1,1.0
제롬 로빈스,발레,1,1.0
제롬 카플랑,발레,2,1.0
제미 잔 델리오르만,기악,1,1.0
제상아,연극,5,1.0
제상철,오페라,1,1.0
제성선,기악,1,1.0
제이미 로이드,연극,4,1.0
제이미 맥다니엘,넌버벌 퍼포먼스,1,0.25
제이미 맥다니엘,뮤지컬,3,0.75
제이미 호런,연극,1,1.0
제임스,뮤지컬,1,1.0
제임스 레바인,오페라,3,1.0
제임스 저드,기악,3,1.0
제임스 전,발레,4,1.0
제임스 카메론,뮤지컬,1,1.0
제임스 터글,발레,3,1.0
제임스전,발레,3,1.0
제프 소벨,연극,2,1.0
제프 칼훈,뮤지컬,1,1.0
제희찬,연극,2,1.0
조 만텔로,뮤지컬,2,1.0
조 준,연극,1,1.0
조 희,서커스/마술,3,1.0
조가영,발레,9,1.0
조가희,기악,1,0.5
조가희,연극,1,0.5
조강이,연극,1,1.0
조건재,뮤지컬,1,1.0
조경미,연극,1,0.5
조경미,현대무용,1,0.5
조경민,연극,1,1.0
조경빈,연극,2,1.0
조경수,연극,2,1.0
조경식,대중가요,1,1.0
조경우,연극,1,1.0
조경은,연극,1,1.0
조경조,연극,1,1.0
조경진,연극,2,0.6666666666666666
조경진,오페라,1,0.3333333333333333
조경찬,오페라,1,1.0
조경택,연극,1,1.0
조경환,뮤지컬,1,1.0
조경훈,기타,1,0.041666666666666664
조경훈,연극,23,0.9583333333333334
조경희,마당극,1,0.07142857142857142
조경희,뮤지컬,1,0.07142857142857142
조경희,연극,8,0.5714285714285714
조경희,오페라,1,0.07142857142857142
조경희,인형극,2,0.14285714285714285
조경희,재즈/월드뮤직,1,0.07142857142857142
조계원,뮤지컬,5,1.0
조광호,오페라,1,1.0
조광화,뮤지컬,2,0.3333333333333333
조광화,연극,1,0.16666666666666666
조광화,오페라,1,0.16666666666666666
조광화,창극,2,0.3333333333333333
조광희,마당극,1,0.5
조광희,뮤지컬,1,0.5
조국영,기악,1,1.0
조규식,연희,2,1.0
조규영,기악,1,1.0
조규철,뮤지컬,1,0.5
조규철,오페라,1,0.5
조근휘,연극,1,1.0
조금희,연극,3,1.0
조기쁨,연극,1,1.0
조기숙,발레,1,1.0
조기왕,연극,1,1.0
조기천,성악,1,1.0
조기현,연극,1,1.0
조길나,뮤지컬,31,1.0
조길예,연극,1,1.0
조나단 라슨,뮤지컬,1,1.0
조남규,한국무용,4,0.5
조남규,현대무용,4,0.5
조너선 먼비,연극,1,1.0
조다윤,연극,7,1.0
조다은,연극,6,1.0
조대근,서커스/마술,8,1.0
조대상,연극,1,1.0
조대식,한국무용,1,1.0
조대현,연극,1,1.0
조대흠,연극,2,1.0
조동준,기악,3,1.0
조동희,서커스/마술,1,1.0
조득춘,연극,1,1.0
조라승,뮤지컬,4,1.0
조란 토도로비치,오페라,1,1.0
조르죠 본조바니,오페라,1,1.0
조르죠 본조반니,오페라,1,1.0
조만수,기악,1,0.06666666666666667
조만수,뮤지컬,1,0.06666666666666667
조만수,연극,13,0.8666666666666667
조만호,연극,2,1.0
조명균,연극,10,1.0
조명숙,뮤지컬,1,1.0
조명진,성악,1,0.5
조명진,연극,1,0.5
조명현,연극,3,1.0
조모세,연극,1,1.0
조문기,연극,1,1.0
조문정,연극,2,1.0
조문주,뮤지컬,1,1.0
조미경,뮤지컬,1,1.0
조미선,연극,1,1.0
조미숙,오페라,1,1.0
조미연,연극,1,1.0
조미원,성악,1,1.0
조미향,연극,1,1.0
조미형,뮤지컬,1,1.0
조민경,연극,1,1.0
조민국,연극,1,1.0
조민기,연극,1,1.0
조민상,연극,2,1.0
조민수,연극,1,1.0
조민영,뮤지컬,1,0.2
조민영,연극,4,0.8
조민우,연희,1,1.0
조민정,연극,3,1.0
조민주,연극,3,1.0
조민지,성악,1,1.0
조민철,연극,4,1.0
조민형,뮤지컬,20,1.0
조민혜,성악,1,1.0
조범준,뮤지컬,9,0.9
조범준,연극,1,0.1
조병진,연극,4,1.0
조보경,연극,1,1.0
조보성,현대무용,1,1.0
조보우,연극,4,1.0
조보현,발레,1,1.0
조비 탈보트,발레,1,1.0
조빛나,뮤지컬,1,1.0
조사방,기악,2,1.0
조상욱,기악,7,1.0
조상원,뮤지컬,1,1.0
조상익,기악,1,0.5
조상익,성악,1,0.5
조서영,연극,1,1.0
조서우,연극,3,0.6
조서우,한국무용,2,0.4
조서진,연극,1,1.0
조서희,기악,3,1.0
조석연,연희,1,0.5
조석연,현대무용,1,0.5
조석준,연극,1,1.0
조석진,연극,1,1.0
조석현,연극,2,0.6666666666666666
조석현,혼합,1,0.3333333333333333
조석희,연희,1,1.0
조선아,뮤지컬,1,1.0
조선형,뮤지컬,30,0.7894736842105263
조선형,서커스/마술,3,0.07894736842105263
조선형,연극,5,0.13157894736842105
조선희,기악,2,1.0
조성국,연극,1,1.0
조성규,연극,1,1.0
조성돈,혼합,1,1.0
조성만,성악,1,1.0
조성미,발레,2,1.0
조성민,한국무용,1,1.0
조성범,뮤지컬,12,1.0
조성빈,현대무용,1,1.0
조성아,기악,1,0.5
조성아,현대무용,1,0.5
조성연,기악,7,1.0
조성옥,성악,1,0.125
조성옥,연극,3,0.375
조성옥,인형극,4,0.5
조성우,기악,3,0.6
조성우,연극,2,0.4
조성욱,연극,1,1.0
조성원,연극,4,1.0
조성은,기악,1,0.3333333333333333
조성은,성악,2,0.6666666666666666
조성일,악극,1,0.125
조성일,연극,7,0.875
조성제,연희,1,1.0
조성준,기악,1,0.1111111111111111
조성준,연극,8,0.8888888888888888
조성중,뮤지컬,2,1.0
조성진,연극,9,0.9
조성진,인형극,1,0.1
조성한,연극,1,1.0
조성현,대중가요,1,0.3333333333333333
조성현,연극,2,0.6666666666666666
조성환,기악,1,0.25
조성환,악극,1,0.25
조성환,혼합,2,0.5
조성훈,연극,1,1.0
조성희,뮤지컬,4,0.8
조성희,악극,1,0.2
조세경,성악,1,1.0
조세령,연극,1,1.0
조세연,뮤지컬,1,0.5
조세연,연극,1,0.5
조세은,마당극,5,1.0
조세현,뮤지컬,2,0.2857142857142857
조세현,연극,4,0.5714285714285714
조세현,현대무용,1,0.14285714285714285
조세훈,연희,1,1.0
조셉 제이콥스,뮤지컬,2,1.0
조셩연,기악,1,1.0
조소아,기악,18,1.0
조소연,성악,1,1.0
조소하,기악,1,1.0
조수경,기악,1,0.5
조수경,뮤지컬,1,0.5
조수나,연극,1,1.0
조수민,기악,1,0.3333333333333333
조수민,뮤지컬,1,0.3333333333333333
조수민,연극,1,0.3333333333333333
조수빈,뮤지컬,1,0.5
조수빈,연극,1,0.5
조수아,연극,1,1.0
조수연,연극,3,1.0
조수용,연극,5,1.0
조수인,연극,2,1.0
조수잔나,연극,2,1.0
조수정,연극,2,1.0
조수진,성악,1,0.5
조수진,연극,1,0.5
조수하,연극,1,1.0
조수현,기악,1,0.08333333333333333
조수현,뮤지컬,2,0.16666666666666666
조수현,연극,8,0.6666666666666666
조수현,오페라,1,0.08333333333333333
조수형,연극,2,1.0
조숙현,기악,2,1.0
조승룡,뮤지컬,3,0.5
조승룡,성악,2,0.3333333333333333
조승룡,오페라,1,0.16666666666666666
조승민,연극,1,1.0
조승연,연극,1,1.0
조승철,뮤지컬,2,0.4
조승철,연극,2,0.4
조승철,오페라,1,0.2
조승현,뮤지컬,1,0.2
조승현,연극,4,0.8
조승혜,연극,3,1.0
조승희,연극,1,1.0
조시온,오페라,1,1.0
조신후,연극,3,1.0
조아라,뮤지컬,3,0.5
조아라,연극,2,0.3333333333333333
조아라,창극,1,0.16666666666666666
조아름,뮤지컬,4,0.8
조아름,연극,1,0.2
조아영,연극,1,1.0
조아현,연극,2,1.0
조애진,연극,1,1.0
조양운,뮤지컬,1,1.0
조양훈,연극,1,1.0
조양희,현대무용,2,1.0
조엘 폼므라,연극,2,1.0
조여진,연극,1,1.0
조연재,연극,5,1.0
조연정,연극,4,1.0
조연하,연극,5,1.0
조영,연극,2,1.0
조영권,뮤지컬,1,1.0
조영규,기악,1,0.3333333333333333
조영규,연극,1,0.3333333333333333
조영규,한국무용,1,0.3333333333333333
조영근,뮤지컬,3,0.42857142857142855
조영근,연극,4,0.5714285714285714
조영길,연극,1,1.0
조영미,기악,5,1.0
조영민,뮤지컬,3,1.0
조영방,기악,1,1.0
조영선,창극,1,1.0
조영성,뮤지컬,1,1.0
조영욱,기악,1,1.0
조영웅,연극,1,1.0
조영자,창극,2,1.0
조영제,마당극,1,1.0
조영주,연극,2,1.0
조영준,기악,3,1.0
조영진,뮤지컬,2,1.0
조영태,뮤지컬,2,1.0
조영해,뮤지컬,1,0.5
조영해,성악,1,0.5
조영화,연극,1,1.0
조영환,뮤지컬,10,0.9090909090909091
조영환,연극,1,0.09090909090909091
조예나,뮤지컬,1,0.125
조예나,연극,7,0.875
조예림,기악,1,1.0
조예본,기악,1,1.0
조예서,뮤지컬,4,1.0
조예원,기타,1,0.08333333333333333
조예원,뮤지컬,2,0.16666666666666666
조예원,연극,9,0.75
조예은,연극,8,1.0
조예주,연극,2,1.0
조오령,뮤지컬,1,0.5
조오령,오페라,1,0.5
조오튼,연극,1,1.0
조요한,기악,1,1.0
조용경,연극,1,0.5
조용경,연희,1,0.5
조용미,기악,1,1.0
조용민,오페라,1,1.0
조용상,오페라,1,1.0
조용수,성악,1,1.0
조용신,뮤지컬,2,1.0
조용안,창극,1,0.3333333333333333
조용안,한국무용,1,0.3333333333333333
조용안,혼합,1,0.3333333333333333
조용우,오페라,1,1.0
조용욱,연극,3,1.0
조용진,연극,2,0.5
조용진,한국무용,1,0.25
조용진,혼합,1,0.25
조우경,연극,1,1.0
조우리,기악,1,0.5
조우리,연극,1,0.5
조우석,넌버벌 퍼포먼스,2,1.0
조우성,기악,2,0.5
조우성,성악,1,0.25
조우성,연극,1,0.25
조운조,기악,1,1.0
조원동,뮤지컬,1,1.0
조원석,연극,1,0.5
조원석,한국무용,1,0.5
조원영,뮤지컬,7,0.5
조원영,연극,7,0.5
조원재,연극,1,1.0
조원준,연극,1,1.0
조원행,기악,2,1.0
조원희,연극,4,1.0
조유근,연극,1,1.0
조유리,기악,1,0.1
조유리,서커스/마술,9,0.9
조유림,연극,2,1.0
조유진,연극,3,1.0
조윤근,현대무용,1,1.0
조윤라,발레,3,1.0
조윤선,연극,2,1.0
조윤성,기악,1,0.25
조윤성,연극,1,0.25
조윤성,오페라,1,0.25
조윤성,재즈/월드뮤직,1,0.25
조윤수,기악,3,1.0
조윤아,발레,1,1.0
조윤재,뮤지컬,3,1.0
조윤정,기악,1,0.5
조윤정,연극,1,0.5
조윤지,뮤지컬,3,1.0
조윤진,뮤지컬,15,1.0
조윤한,연극,1,1.0
조윤화,연극,1,1.0
조윤희,뮤지컬,1,1.0
조은,연극,1,1.0
조은겨레,연극,4,1.0
조은경,연극,11,1.0
조은나,오페라,4,1.0
조은별,오페라,1,1.0
조은비,발레,1,0.047619047619047616
조은비,성악,1,0.047619047619047616
조은비,악극,1,0.047619047619047616
조은비,연극,1,0.047619047619047616
조은비,오페라,16,0.7619047619047619
조은비,현대무용,1,0.047619047619047616
조은빈,성악,1,1.0
조은서,연극,1,1.0
조은수,혼합,1,1.0
조은실,연극,1,1.0
조은아,뮤지컬,2,0.4
조은아,연극,2,0.4
조은아,한국무용,1,0.2
조은영,기악,1,0.1
조은영,연극,3,0.3
조은영,연희,2,0.2
조은영,인형극,4,0.4
조은정,연극,1,1.0
조은주,연극,4,1.0
조은지,연극,2,1.0
조은진,넌버벌 퍼포먼스,2,0.2
조은진,연극,1,0.1
조은진,현대무용,7,0.7
조은헤,연극,1,1.0
조은형,연극,1,1.0
조은혜,뮤지컬,1,0.2
조은혜,연극,2,0.4
조은혜,오페라,2,0.4
조은희,연극,2,1.0
조이재,연극,1,1.0
조이주,연극,3,1.0
조익현,성악,1,0.5
조익현,연극,1,0.5
조인곤,연극,1,1.0
조인기,뮤지컬,1,1.0
조인상,기악,7,1.0
조인서,연극,1,1.0
조인성,연극,1,1.0
조인숙,연극,2,1.0
조인우,뮤지컬,1,1.0
조인형,성악,1,1.0
조인호,한국무용,3,0.6
조인호,현대무용,2,0.4
조일경,기악,1,0.0625
조일경,발레,1,0.0625
조일경,성악,1,0.0625
조일경,한국무용,2,0.125
조일경,현대무용,9,0.5625
조일경,혼합,2,0.125
조일신,뮤지컬,1,0.125
조일신,연극,7,0.875
조일영,연극,2,1.0
조일하,성악,1,1.0
조일희,현대무용,1,1.0
조자현,뮤지컬,1,1.0
조장남,성악,2,0.18181818181818182
조장남,오페라,9,0.8181818181818182
조장호,연극,1,1.0
조장훈,오페라,1,1.0
조재구,뮤지컬,1,1.0
조재국,뮤지컬,9,1.0
조재명,연극,2,1.0
조재민,기악,2,1.0
조재빈,연극,1,1.0
조재선,기악,1,1.0
조재영,연극,1,1.0
조재욱,연극,1,1.0
조재은,뮤지컬,178,1.0
조재혁,기악,2,0.2857142857142857
조재혁,발레,1,0.14285714285714285
조재혁,한국무용,2,0.2857142857142857
조재혁,현대무용,2,0.2857142857142857
조재현,대중가요,1,0.3333333333333333
조재현,뮤지컬,1,0.3333333333333333
조재현,연극,1,0.3333333333333333
조정규,창극,1,1.0
조정근,한국무용,1,0.5
조정근,현대무용,1,0.5
조정만,뮤지컬,23,1.0
조정민,연극,4,1.0
조정빈,연극,1,1.0
조정수,연극,1,0.5
조정수,한국무용,1,0.5
조정웅,연극,1,1.0
조정일,뮤지컬,1,0.07142857142857142
조정일,성악,1,0.07142857142857142
조정일,악극,1,0.07142857142857142
조정일,연극,2,0.14285714285714285
조정일,연희,7,0.5
조정일,인형극,1,0.07142857142857142
조정일,혼합,1,0.07142857142857142
조정필,오페라,1,1.0
조정현,기악,2,0.16666666666666666
조정현,마임,1,0.08333333333333333
조정현,뮤지컬,1,0.08333333333333333
조정현,성악,1,0.08333333333333333
조정현,오페라,7,0.5833333333333334
조정흠,연극,1,1.0
조정희,서커스/마술,10,0.9090909090909091
조정희,연극,1,0.09090909090909091
조제인,연극,5,1.0
조주연,뮤지컬,1,0.5
조주연,연극,1,0.5
조주원,넌버벌 퍼포먼스,1,0.25
조주원,연극,3,0.75
조주현,발레,9,0.4090909090909091
조주현,연희,1,0.045454545454545456
조주현,한국무용,8,0.36363636363636365
조주현,현대무용,4,0.18181818181818182
조준,연극,4,1.0
조준형,연극,1,1.0
조준홍,현대무용,1,1.0
조준희,마임,1,0.09090909090909091
조준희,뮤지컬,1,0.09090909090909091
조준희,연극,9,0.8181818181818182
조중혁,오페라,1,1.0
조중현,기악,1,1.0
조지 발란신,발레,1,1.0
조지 탈보트,발레,1,1.0
조지민,연극,1,1.0
조지영,연극,1,1.0
조지원,연극,11,1.0
조지형,연극,2,1.0
조지훈,연극,1,1.0
조진아,뮤지컬,1,0.5
조진아,연극,1,0.5
조진옥,기악,2,1.0
조진호,연극,3,1.0
조찬미,연극,1,1.0
조창주,연극,9,1.0
조창현,기타,1,1.0
조채은,뮤지컬,1,1.0
조철민,연극,5,1.0
조최효정,연극,3,1.0
조춘호,연극,1,1.0
조충만,연극,8,1.0
조충호,현대무용,1,1.0
조태욱,연희,1,1.0
조태준,연극,5,1.0
조태호,뮤지컬,1,1.0
조풍연,혼합,1,1.0
조하나,연극,13,0.7222222222222222
조하나,현대무용,5,0.2777777777777778
조하람,뮤지컬,1,1.0
조하린,연극,1,1.0
조하석,연극,3,1.0
조하영,연극,7,1.0
조하은,오페라,1,1.0
조한,연극,3,1.0
조한결,뮤지컬,5,1.0
조한나,뮤지컬,62,1.0
조한민,혼합,1,1.0
조한빈,연극,4,1.0
조한성,뮤지컬,1,0.25
조한성,연극,3,0.75
조한익,기악,3,0.6
조한익,성악,1,0.2
조한익,연극,1,0.2
조한준,연극,2,1.0
조한진,혼합,1,1.0
조한철,연극,1,1.0
조해리,기악,1,1.0
조해민,연극,1,1.0
조해인,재즈/월드뮤직,2,1.0
조현건,악극,1,0.3333333333333333
조현건,연극,2,0.6666666666666666
조현도,현대무용,1,1.0
조현미,대중가요,1,0.5
조현미,뮤지컬,1,0.5
조현배,현대무용,1,1.0
조현빈,연극,1,1.0
조현산,연극,9,0.28125
조현산,인형극,22,0.6875
조현산,한국무용,1,0.03125
조현상,발레,3,0.5
조현상,연극,1,0.16666666666666666
조현상,현대무용,2,0.3333333333333333
조현수,오페라,1,1.0
조현숙,대중가요,1,1.0
조현아,연극,2,1.0
조현애,성악,1,1.0
조현영,발레,1,1.0
조현우,기악,2,0.4
조현우,성악,1,0.2
조현우,악극,1,0.2
조현우,연극,1,0.2
조현이,연극,1,1.0
조현일,기악,1,1.0
조현정,연극,6,1.0
조현준,성악,2,1.0
조현지,기악,3,0.42857142857142855
조현지,연극,4,0.5714285714285714
조현진,뮤지컬,1,0.3333333333333333
조현진,연극,2,0.6666666666666666
조현훈,연극,1,1.0
조현희,연극,2,1.0
조형규,연극,1,1.0
조형빈,마임,1,0.5
조형빈,현대무용,1,0.5
조형숙,악극,1,1.0
조형준,연극,1,1.0
조혜란,연극,1,1.0
조혜랑,연극,1,1.0
조혜련,연극,1,1.0
조혜령,연극,1,1.0
조혜선,뮤지컬,1,0.5
조혜선,성악,1,0.5
조혜숙,기악,1,0.5
조혜숙,연극,1,0.5
조혜영,기악,1,0.14285714285714285
조혜영,뮤지컬,1,0.14285714285714285
조혜영,성악,5,0.7142857142857143
조혜원,연극,3,1.0
조혜윤,연극,1,1.0
조혜인,연극,1,1.0
조혜정,현대무용,3,1.0
조호석,뮤지컬,1,1.0
조홍기,기악,1,0.3333333333333333
조홍기,성악,2,0.6666666666666666
조홍동,한국무용,1,1.0
조화성,연극,1,1.0
조환준,현대무용,1,1.0
조환지,뮤지컬,1,1.0
조효린,연극,1,1.0
조효민,연극,1,1.0
조훈,기악,3,1.0
조흥동,한국무용,5,1.0
조희,뮤지컬,1,0.06666666666666667
조희,서커스/마술,14,0.9333333333333333
조희봉,뮤지컬,2,1.0
조희성,대중가요,2,0.6666666666666666
조희성,성악,1,0.3333333333333333
조희원,혼합,1,1.0
조희재,연극,1,1.0
조희주,성악,1,1.0
조희진,기악,3,1.0
조희창,기악,2,1.0
존 내피어,뮤지컬,8,1.0
존 노이마이어,발레,1,1.0
존 랜치베리,발레,1,1.0
존 로건,뮤지컬,2,1.0
존 케이지,기악,1,1.0
존내피어,뮤지컬,3,1.0
졸탄 주라프스키,현대무용,1,1.0
좌동엽,뮤지컬,3,0.75
좌동엽,연극,1,0.25
주가은,연극,1,1.0
주가을,연극,1,1.0
주건우,연극,1,1.0
주광영,성악,2,1.0
주란숙,연극,10,1.0
주리 페로,발레,1,1.0
주리아,뮤지컬,1,1.0
주미나,뮤지컬,7,1.0
주민주,뮤지컬,1,1.0
주민진,뮤지컬,2,1.0
주보라,한국무용,2,1.0
주보미,연극,1,1.0
주붐,연극,1,1.0
주상옥,연극,1,1.0
주상욱,연극,1,1.0
주서연,연극,1,1.0
주서정,연극,1,1.0
주서희,연극,1,1.0
주선영,성악,2,1.0
주선옥,연극,2,1.0
주선하,연극,1,1.0
주성근,연극,7,1.0
주성환,연극,1,1.0
주세페 베르디,오페라,4,0.8
주세페 베르디,현대무용,1,0.2
주세페 팔렐라,오페라,1,1.0
주소연,기악,1,0.1111111111111111
주소연,뮤지컬,7,0.7777777777777778
주소연,혼합,1,0.1111111111111111
주소영,기악,7,0.7777777777777778
주소영,뮤지컬,1,0.1111111111111111
주소영,성악,1,0.1111111111111111
주소은,기악,1,1.0
주소형,연극,5,1.0
주수경,연극,1,1.0
주수연,연극,1,1.0
주수자,연극,3,1.0
주수진,기악,1,1.0
주슬아,뮤지컬,1,1.0
주승민,연극,4,1.0
주승우,연극,1,1.0
주아진,연극,1,1.0
주애리,뮤지컬,2,0.18181818181818182
주애리,연극,9,0.8181818181818182
주양돈,연극,1,1.0
주연선,기악,1,1.0
주연우,연극,1,1.0
주영롱,기악,1,0.2
주영롱,연희,1,0.2
주영롱,혼합,3,0.6
주영민,뮤지컬,2,0.6666666666666666
주영민,연극,1,0.3333333333333333
주영석,한국무용,1,1.0
주영우,연극,1,1.0
주영훈,기악,1,0.5
주영훈,연극,1,0.5
주예령,연극,2,1.0
주예리,연극,1,1.0
주예민,뮤지컬,1,1.0
주요철,연극,1,0.5
주요철,혼합,1,0.5
주요한,연극,2,1.0
주용철,한국무용,1,0.14285714285714285
주용철,현대무용,6,0.8571428571428571
주용필,연극,3,1.0
주운숙,성악,2,1.0
주원규,연극,5,1.0
주원성,뮤지컬,2,1.0
주유랑,연극,1,1.0
주유정,악극,1,0.3333333333333333
주유정,연극,2,0.6666666666666666
주유진,연극,3,1.0
주은길,연극,6,1.0
주의성,기악,1,1.0
주이나,연극,1,1.0
주이진,연극,1,1.0
주인로,성악,1,1.0
주인희,뮤지컬,1,1.0
주자네 케네디,연극,1,1.0
주자영,성악,2,1.0
주재만,발레,11,1.0
주재민,기악,2,1.0
주재실,성악,1,1.0
주재형,연극,1,1.0
주정연,한국무용,1,1.0
주정우,연극,1,1.0
주정현,기악,1,1.0
주정훈,연극,1,1.0
주준영,기악,1,1.0
주지인,연극,1,1.0
주지희,연극,3,1.0
주진,서커스/마술,1,1.0
주진현,연극,1,1.0
주진형,연극,2,1.0
주진희,한국무용,1,1.0
주창윤,기악,1,0.2
주창윤,성악,3,0.6
주창윤,혼합,1,0.2
주창환,연극,1,1.0
주하민,악극,1,1.0
주현아,연극,1,1.0
주현우,연극,3,1.0
주현정,연극,1,1.0
주현지,기악,1,0.2
주현지,뮤지컬,1,0.2
주현지,연극,2,0.4
주현지,연희,1,0.2
주형준,뮤지컬,2,0.6666666666666666
주형준,성악,1,0.3333333333333333
주혜자,연극,11,1.0
주호민,뮤지컬,1,1.0
주호성,연극,7,1.0
주호종,창극,5,0.8333333333333334
주호종,한국무용,1,0.16666666666666666
주희성,기악,1,1.0
주희중,연극,1,1.0
준도,인형극,1,1.0
줄리 링컨,발레,1,1.0
줄리 테이머,뮤지컬,2,0.6666666666666666
줄리 테이머,오페라,1,0.3333333333333333
줄리아노 페파라니,뮤지컬,1,1.0
줄리안 코바체프,기악,3,0.75
줄리안 코바체프,오페라,1,0.25
줄리앙 샤바스,오페라,1,1.0
줄리앙 푸쉬,현대무용,1,1.0
줄리오 프란디,오페라,1,1.0
중원눙,연극,1,1.0
중차오,연극,1,1.0
쥘 마스네,발레,1,1.0
쥘 페로,발레,3,1.0
지 영,뮤지컬,1,1.0
지강숙,뮤지컬,2,0.6666666666666666
지강숙,악극,1,0.3333333333333333
지경민,악극,1,0.043478260869565216
지경민,연극,6,0.2608695652173913
지경민,창극,1,0.043478260869565216
지경민,한국무용,2,0.08695652173913043
지경민,현대무용,13,0.5652173913043478
지경희,재즈/월드뮤직,1,1.0
지구,연극,2,1.0
지기학,성악,3,0.3333333333333333
지기학,연극,1,0.1111111111111111
지기학,연희,1,0.1111111111111111
지기학,창극,3,0.3333333333333333
지기학,혼합,1,0.1111111111111111
지나 김,성악,1,1.0
지나 지온프리도,연극,1,1.0
지다흰,연극,1,1.0
지대현,연극,9,1.0
지미 데이비스,인형극,1,1.0
지민기,연극,1,1.0
지민아,연극,2,1.0
지민영,뮤지컬,8,0.8888888888888888
지민영,연극,1,0.1111111111111111
지민정,연극,1,1.0
지빈,뮤지컬,1,1.0
지상훈,대중가요,5,1.0
지서훤,뮤지컬,1,0.2
지서훤,성악,1,0.2
지서훤,연극,1,0.2
지서훤,연희,1,0.2
지서훤,한국무용,1,0.2
지서휜,성악,1,1.0
지선미,오페라,2,1.0
지선애,뮤지컬,4,1.0
지선우,연극,1,1.0
지성구,연극,1,1.0
지성민,기악,2,1.0
지성자,기악,1,1.0
지소라,뮤지컬,1,0.5
지소라,연극,1,0.5
지소연,연극,6,0.8571428571428571
지소연,혼합,1,0.14285714285714285
지소지,연극,1,1.0
지수정,연극,1,1.0
지순자,기악,1,1.0
지승민,연극,1,1.0
지승현,연극,1,1.0
지아코모 푸치니,오페라,2,1.0
지연실,연극,1,1.0
지영,뮤지컬,2,1.0
지예림,뮤지컬,1,1.0
지예안,마임,1,1.0
지오 포르마,성악,1,1.0
지우영,발레,11,1.0
지유정,성악,1,1.0
지윤정,연극,3,1.0
지윤진,기악,1,1.0
지은실,기악,1,1.0
지은주,오페라,5,1.0
지이선,발레,1,0.3333333333333333
지이선,연극,2,0.6666666666666666
지인우,뮤지컬,3,1.0
지정남,마당극,2,1.0
지젤 비엔,현대무용,1,1.0
지중배,오페라,1,1.0
지평권,발레,1,1.0
지하,연극,1,1.0
지현숙,연극,4,1.0
지혜성,연극,2,1.0
지혜정,성악,1,1.0
지화충,한국무용,1,0.5
지화충,현대무용,1,0.5
진경희,연극,1,1.0
진귀옥,성악,1,1.0
진규영,기악,1,0.3333333333333333
진규영,성악,1,0.3333333333333333
진규영,오페라,1,0.3333333333333333
진규태,연극,2,1.0
진남수,뮤지컬,15,1.0
진다연,뮤지컬,1,1.0
진명용,연극,1,1.0
진민범,악극,1,0.5
진민범,오페라,1,0.5
진병식,연극,1,1.0
진복기,연극,1,1.0
진석곤,뮤지컬,1,1.0
진성선,연극,1,1.0
진성수,창극,1,1.0
진성웅,연극,5,1.0
진성준,연극,1,1.0
진성환,뮤지컬,1,1.0
진세인,뮤지컬,1,1.0
진소영,기악,1,0.3333333333333333
진소영,성악,2,0.6666666666666666
진솔,기악,5,0.625
진솔,성악,2,0.25
진솔,오페라,1,0.125
진수연,한국무용,1,1.0
진수영,재즈/월드뮤직,1,0.5
진수영,한국무용,1,0.5
진승민,발레,1,1.0
진승욱,연극,2,1.0
진승휘,연극,1,1.0
진시영,발레,2,1.0
진영기,성악,1,1.0
진영섭,뮤지컬,33,1.0
진영준,기악,3,0.5
진영준,연희,1,0.16666666666666666
진영준,창극,1,0.16666666666666666
진영준,한국무용,1,0.16666666666666666
진영진,연극,1,0.3333333333333333
진영진,한국무용,1,0.3333333333333333
진영진,현대무용,1,0.3333333333333333
진옥섭,연희,8,0.5
진옥섭,한국무용,5,0.3125
진옥섭,혼합,3,0.1875
진용국,성악,2,1.0
진용남,뮤지컬,1,1.0
진용석,연극,2,1.0
진유정,발레,5,0.8333333333333334
진유정,연극,1,0.16666666666666666
진윤선,연극,1,1.0
진윤일,기악,14,1.0
진재은,연극,2,1.0
진정민,성악,1,1.0
진정하,뮤지컬,1,0.25
진정하,연극,3,0.75
진정훈,대중가요,1,0.2
진정훈,뮤지컬,4,0.8
진제니,연극,1,1.0
진종민,연극,2,1.0
진종현,뮤지컬,2,0.08695652173913043
진종현,연극,21,0.9130434782608695
진종환,연극,1,1.0
진종훈,연극,2,1.0
진주,연극,6,1.0
진주경,연극,1,1.0
진주백,기악,1,0.05555555555555555
진주백,뮤지컬,15,0.8333333333333334
진주백,성악,1,0.05555555555555555
진주백,연극,1,0.05555555555555555
진주영,성악,1,1.0
진주호,연극,1,1.0
진준엽,연극,1,1.0
진준한,기악,1,1.0
진지숙,연극,3,1.0
진태옥,연극,1,1.0
진태윤,연극,1,1.0
진필경,연희,1,1.0
진한서,뮤지컬,3,0.75
진한서,성악,1,0.25
진해정,연극,5,1.0
진현수,연극,1,1.0
진형재,연극,1,1.0
진혜린,연극,1,1.0
진혜문,대중가요,1,1.0
진희연,기악,1,1.0
질 마으,뮤지컬,9,1.0
질 망,뮤지컬,1,1.0
질리언 린,뮤지컬,12,1.0
질마으,뮤지컬,9,1.0
짐 럭스턴,현대무용,1,1.0
징민호,뮤지컬,1,1.0
쯔카구치 토모,악극,1,1.0
차 희,연극,1,1.0
차경찬,연극,1,1.0
차근호,연극,11,1.0
차나영,연극,4,1.0
차도남,대중가요,1,1.0
차도담,기타,1,0.2
차도담,대중가요,1,0.2
차도담,성악,3,0.6
차동석,기타,1,1.0
차두옥,연극,3,1.0
차명희,한국무용,1,1.0
차문호,기악,1,1.0
차민엽,연극,6,1.0
차민영,기악,1,0.5
차민영,연희,1,0.5
차민하,연극,1,1.0
차백호,기악,1,1.0
차보경,연극,1,1.0
차상경,연극,1,1.0
차새싹,기악,1,1.0
차서영,연극,1,0.5
차서영,혼합,1,0.5
차선영,성악,1,1.0
차선호,연극,1,1.0
차선희,인형극,2,1.0
차수빈,연극,1,1.0
차수자,연극,2,1.0
차수정,한국무용,8,0.8
차수정,현대무용,2,0.2
차수현,뮤지컬,1,1.0
차승엽,기악,1,1.0
차승현,대중가요,1,1.0
차승호,뮤지컬,4,0.8
차승호,연극,1,0.2
차아린,연극,1,1.0
차영준,뮤지컬,1,0.5
차영준,연극,1,0.5
차영희,성악,1,1.0
차예빈,연극,1,1.0
차예지,연극,1,1.0
차왕현,연극,1,1.0
차웅,기악,7,0.5833333333333334
차웅,성악,3,0.25
차웅,오페라,2,0.16666666666666666
차윤신,발레,3,1.0
차은선,기악,1,0.3333333333333333
차은선,연극,2,0.6666666666666666
차의정,뮤지컬,1,1.0
차장미,연극,1,1.0
차재용,연극,1,1.0
차재훈,연극,2,1.0
차정숙,마당극,1,1.0
차정훈,연극,1,1.0
차종현,성악,1,0.5
차종현,현대무용,1,0.5
차준상,연극,2,1.0
차준호,뮤지컬,1,1.0
차지명,성악,1,1.0
차지선,악극,1,0.5
차지선,연극,1,0.5
차지성,뮤지컬,2,0.3333333333333333
차지성,연극,4,0.6666666666666666
차지수,연극,6,1.0
차지언,한국무용,2,1.0
차지예,연극,1,1.0
차지현,연극,1,1.0
차진광,서커스/마술,3,0.5
차진광,연극,2,0.3333333333333333
차진광,현대무용,1,0.16666666666666666
차진규,혼합,1,1.0
차진엽,한국무용,1,0.14285714285714285
차진엽,현대무용,6,0.8571428571428571
차차,뮤지컬,1,1.0
차채민,연극,1,1.0
차채은,연극,1,1.0
차태호,연극,1,1.0
차평온,기악,1,1.0
차한결,연극,1,1.0
차해수,연극,3,1.0
차현석,악극,1,0.03333333333333333
차현석,연극,27,0.9
차현석,오페라,2,0.06666666666666667
차혜정,뮤지컬,1,1.0
차호진,연극,1,1.0
차화연,연극,1,1.0
차화영,연극,1,1.0
차효정,연극,1,1.0
차훈,뮤지컬,1,1.0
차희,연극,5,1.0
차희주,연극,3,1.0
채경화,기악,2,1.0
채광수,대중가요,1,1.0
채군,연극,2,1.0
채규희,기악,1,0.5
채규희,뮤지컬,1,0.5
채근주,오페라,1,1.0
채로사,뮤지컬,2,0.6666666666666666
채로사,연극,1,0.3333333333333333
채명석,넌버벌 퍼포먼스,1,0.14285714285714285
채명석,연극,4,0.5714285714285714
채명석,인형극,2,0.2857142857142857
채명성,한국무용,1,1.0
채미진,기악,2,1.0
채민,한국무용,2,1.0
채상묵,한국무용,2,1.0
채석진,연극,2,0.4
채석진,인형극,3,0.6
채송화,연극,1,1.0
채수남,뮤지컬,1,0.5
채수남,성악,1,0.5
채수룡,연극,1,1.0
채수욱,연극,11,1.0
채수원,연극,1,1.0
채수진,기악,1,1.0
채수현,성악,1,0.3333333333333333
채수현,연극,1,0.3333333333333333
채수현,현대무용,1,0.3333333333333333
채승목,연극,2,1.0
채승엽,성악,1,1.0
채승훈,연극,1,1.0
채승희,연극,1,1.0
채연희,기악,1,1.0
채영,연극,1,1.0
채우일,연극,1,1.0
채유니,연극,1,1.0
채유빈,연극,1,1.0
채윤일,연극,1,1.0
채인아,뮤지컬,1,1.0
채인애,서커스/마술,5,1.0
채인희,기악,2,1.0
채임경,뮤지컬,3,1.0
채정규,연극,1,0.5
채정규,인형극,1,0.5
채종력,기악,1,1.0
채주원,연극,1,1.0
채준영,재즈/월드뮤직,1,1.0
채지은,오페라,2,1.0
채지하,연극,1,1.0
채지혜,기악,1,0.2
채지혜,성악,1,0.2
채지혜,악극,1,0.2
채지혜,연희,1,0.2
채지혜,인형극,1,0.2
채치민,연극,2,1.0
채치성,기악,7,1.0
채필병,연극,2,1.0
채하늘,연극,1,1.0
채한숙,기악,1,0.2
채한숙,한국무용,3,0.6
채한숙,혼합,1,0.2
채한울,뮤지컬,5,1.0
채향순,창극,2,0.5
채향순,한국무용,2,0.5
채현원,뮤지컬,6,0.8571428571428571
채현원,연극,1,0.14285714285714285
채형식,연극,1,1.0
채홍석,연극,2,1.0
채훈병,뮤지컬,5,1.0
채희수,뮤지컬,1,0.25
채희수,연극,3,0.75
채희완,마당극,1,0.2
채희완,연희,2,0.4
채희완,인형극,1,0.2
채희완,혼합,1,0.2
채희원,연극,2,1.0
채희준,뮤지컬,3,1.0
채희진,오페라,2,1.0
천경원,기악,1,1.0
천경필,성악,5,0.8333333333333334
천경필,악극,1,0.16666666666666666
천대식,연극,1,1.0
천대웅,연극,3,0.75
천대웅,한국무용,1,0.25
천득우,성악,1,1.0
천명관,연극,1,1.0
천상민,연극,1,1.0
천상현,연극,1,1.0
천성애,뮤지컬,1,1.0
천성운,연극,2,1.0
천성진,연극,1,1.0
천세은,뮤지컬,28,1.0
천세훈,현대무용,1,1.0
천소연,현대무용,1,1.0
천승세,연극,2,1.0
천아란,연극,1,1.0
천영진,뮤지컬,1,0.5
천영진,연극,1,0.5
천영훈,연극,3,1.0
천예원,연극,1,1.0
천유정,뮤지컬,2,1.0
천윤경,발레,2,1.0
천은영,연극,8,1.0
천인우,대중가요,2,1.0
천재현,기악,5,0.35714285714285715
천재현,성악,1,0.07142857142857142
천재현,연희,4,0.2857142857142857
천재현,인형극,1,0.07142857142857142
천재현,혼합,3,0.21428571428571427
천정락,연극,1,1.0
천정명,연극,2,1.0
천정완,한국무용,1,1.0
천정현,연극,1,1.0
천정훈,기악,1,0.5
천정훈,성악,1,0.5
천주미,성악,1,1.0
천지영,기악,1,1.0
천창훈,연극,4,1.0
천혜미,오페라,1,1.0
천효범,연극,1,1.0
천효제,성악,1,1.0
천희영,기악,2,1.0
초지형,오페라,1,1.0
최 윤,기악,1,1.0
최가경,뮤지컬,1,1.0
최가람,연극,1,1.0
최가슬,뮤지컬,1,1.0
최가희,뮤지컬,1,1.0
최갑원,뮤지컬,3,1.0
최강지,성악,1,0.0625
최강지,오페라,15,0.9375
최건우,연극,1,1.0
최경란,한국무용,2,1.0
최경만,혼합,2,1.0
최경선,연극,1,1.0
최경숙,악극,1,1.0
최경원,넌버벌 퍼포먼스,1,1.0
최경자,한국무용,2,1.0
최경주,재즈/월드뮤직,1,1.0
최경준,연극,1,1.0
최경현,기악,1,1.0
최경화,뮤지컬,1,1.0
최경훈,악극,1,0.14285714285714285
최경훈,연극,5,0.7142857142857143
최경훈,현대무용,1,0.14285714285714285
최경희,연극,6,1.0
최고나,연극,2,1.0
최고은,연극,1,1.0
최공주,한국무용,1,1.0
최광균,뮤지컬,1,1.0
최광일,뮤지컬,3,1.0
최교익,성악,1,0.1111111111111111
최교익,연극,6,0.6666666666666666
최교익,창극,1,0.1111111111111111
최교익,한국무용,1,0.1111111111111111
최귀섭,뮤지컬,1,1.0
최귀웅,연극,5,1.0
최규선,연극,5,1.0
최규재,스트리트/스포츠댄스,1,1.0
최규창,악극,1,0.16666666666666666
최규창,연극,5,0.8333333333333334
최규태,현대무용,1,1.0
최규형,연극,1,1.0
최규호,뮤지컬,1,1.0
최규화,연극,1,1.0
최근순,성악,1,1.0
최기룡,연극,1,1.0
최기섭,현대무용,1,1.0
최기우,뮤지컬,1,0.25
최기우,연극,1,0.25
최기우,연희,1,0.25
최기우,혼합,1,0.25
최기진,기악,1,0.3333333333333333
최기진,재즈/월드뮤직,2,0.6666666666666666
최기현,연극,1,1.0
최기홍,연극,2,1.0
최나라,연극,1,1.0
최나솔,연극,3,1.0
최낙권,연극,1,1.0
최다름,연극,1,1.0
최다빈,연극,1,1.0
최다연,연극,1,1.0
최다영,연극,1,1.0
최다은,연극,2,1.0
최다정,뮤지컬,4,1.0
최다형,뮤지컬,1,1.0
최다혜,기악,2,1.0
최다희,연극,2,1.0
최단,연극,2,1.0
최당석,연극,4,1.0
최대명,뮤지컬,3,1.0
최대봉,뮤지컬,1,1.0
최대성,넌버벌 퍼포먼스,1,1.0
최대용,뮤지컬,3,0.6
최대용,연극,1,0.2
최대용,오페라,1,0.2
최대우,성악,1,1.0
최대하,넌버벌 퍼포먼스,1,1.0
최덕렬,기악,3,0.75
최덕렬,혼합,1,0.25
최덕식,오페라,2,1.0
최도아,연극,1,1.0
최도원,연극,1,1.0
최동구,연극,1,1.0
최동민,한국무용,1,1.0
최동석,연극,2,1.0
최동우,연극,1,1.0
최동익,기악,2,0.6666666666666666
최동익,혼합,1,0.3333333333333333
최동호,기악,1,0.5
최동호,연극,1,0.5
최동확,연극,1,1.0
최동환,연극,1,1.0
최두선,뮤지컬,1,0.3333333333333333
최두선,연극,2,0.6666666666666666
최두혁,발레,1,0.08333333333333333
최두혁,한국무용,1,0.08333333333333333
최두혁,현대무용,10,0.8333333333333334
최둘이,연극,2,1.0
최득규,뮤지컬,1,0.14285714285714285
최득규,오페라,6,0.8571428571428571
최로사,연극,4,0.8
최로사,인형극,1,0.2
최리아,연극,1,1.0
최만,재즈/월드뮤직,1,0.5
최만,창극,1,0.5
최명로,연극,1,1.0
최명인,연극,1,1.0
최명준,뮤지컬,4,1.0
최명진,기악,1,1.0
최명현,현대무용,1,1.0
최명훈,기악,3,1.0
최명희,연극,2,0.6666666666666666
최명희,인형극,1,0.3333333333333333
최무성,연극,7,1.0
최무열,뮤지컬,7,1.0
최문경,뮤지컬,1,0.5
최문경,연극,1,0.5
최문석,연극,1,0.16666666666666666
최문석,현대무용,5,0.8333333333333334
최문주,연극,2,1.0
최문혁,연극,1,0.5
최문혁,현대무용,1,0.5
최뮤열,뮤지컬,1,1.0
최미경,넌버벌 퍼포먼스,1,0.25
최미경,연극,3,0.75
최미란,기악,2,1.0
최미선,연극,4,1.0
최미소,연극,1,1.0
최미정,기악,1,1.0
최미지,대중가요,3,0.17647058823529413
최미지,성악,2,0.11764705882352941
최미지,오페라,12,0.7058823529411765
최미혜,기악,1,1.0
최미희,혼합,1,1.0
최민,뮤지컬,1,0.3333333333333333
최민,스트리트/스포츠댄스,1,0.3333333333333333
최민,연극,1,0.3333333333333333
최민규,연극,3,1.0
최민서,연극,1,1.0
최민석,성악,1,0.5
최민석,재즈/월드뮤직,1,0.5
최민선,기악,2,0.18181818181818182
최민선,뮤지컬,1,0.09090909090909091
최민선,악극,7,0.6363636363636364
최민선,연극,1,0.09090909090909091
최민성,뮤지컬,1,1.0
최민수,연극,3,1.0
최민영,연극,2,1.0
최민용,연극,1,1.0
최민우,연극,1,1.0
최민욱,뮤지컬,2,0.3333333333333333
최민욱,연극,4,0.6666666666666666
최민자,인형극,1,1.0
최민주,연극,7,1.0
최민준,기악,1,0.5
최민준,혼합,1,0.5
최민지,연극,1,1.0
최민철,뮤지컬,2,1.0
최민해,뮤지컬,1,0.5
최민해,연극,1,0.5
최민환,뮤지컬,2,1.0
최바울,연극,2,1.0
최반디,연극,1,1.0
최범순,연극,1,1.0
최병각,서커스/마술,4,1.0
최병광,뮤지컬,1,1.0
최병국,연극,2,1.0
최병규,기악,1,0.1111111111111111
최병규,뮤지컬,5,0.5555555555555556
최병규,발레,1,0.1111111111111111
최병규,성악,1,0.1111111111111111
최병규,연희,1,0.1111111111111111
최병길,한국무용,1,1.0
최병로,연극,14,1.0
최병원,성악,2,1.0
최병일,연극,1,1.0
최병재,한국무용,3,0.75
최병재,혼합,1,0.25
최병철,연극,1,1.0
최병훈,연극,11,1.0
최보성,뮤지컬,1,1.0
최보슬,연극,1,1.0
최보영,연극,3,1.0
최보윤,연극,18,1.0
최보정,연극,1,1.0
최봉래,연극,1,1.0
최봉민,연극,1,1.0
최부미,뮤지컬,2,0.5
최부미,악극,1,0.25
최부미,연극,1,0.25
최빛나,뮤지컬,8,0.6666666666666666
최빛나,연극,3,0.25
최빛나,혼합,1,0.08333333333333333
최사무엘,연극,1,1.0
최상균,오페라,1,1.0
최상무,기악,1,0.07692307692307693
최상무,성악,2,0.15384615384615385
최상무,오페라,10,0.7692307692307693
최상열,현대무용,2,1.0
최상우,연극,1,1.0
최상운,연극,1,1.0
최상익,연극,1,1.0
최상인,뮤지컬,6,1.0
최상준,연극,2,1.0
최상지,기악,1,0.1
최상지,현대무용,9,0.9
최상철,현대무용,10,1.0
최상협,대중가요,5,1.0
최상호,오페라,1,1.0
최샘이,연극,8,0.8888888888888888
최샘이,연희,1,0.1111111111111111
최서라,연극,1,1.0
최서아,뮤지컬,1,1.0
최서연,연극,1,1.0
최서영,연극,3,1.0
최서원,뮤지컬,1,0.3333333333333333
최서원,연극,2,0.6666666666666666
최서은,연극,8,1.0
최서진,연극,1,1.0
최서하,연극,1,1.0
최서희,연극,2,1.0
최석민,한국무용,2,1.0
최석열,넌버벌 퍼포먼스,1,0.1
최석열,뮤지컬,2,0.2
최석열,오페라,1,0.1
최석열,한국무용,4,0.4
최석열,현대무용,2,0.2
최석원,연극,11,1.0
최석태,기악,1,0.5
최석태,성악,1,0.5
최석현,기악,2,0.5
최석현,성악,1,0.25
최석현,연극,1,0.25
최석훈,기악,2,1.0
최선미,기악,1,0.25
최선미,발레,1,0.25
최선미,성악,2,0.5
최선영,기악,2,0.6666666666666666
최선영,한국무용,1,0.3333333333333333
최선용,성악,1,1.0
최선정,뮤지컬,1,1.0
최선희,한국무용,1,1.0
최설화,연극,1,1.0
최성,연극,1,1.0
최성국,연극,1,1.0
최성규,연극,1,1.0
최성근,뮤지컬,2,1.0
최성대,연극,4,1.0
최성봉,악극,7,0.7
최성봉,연극,3,0.3
최성빈,연극,1,1.0
최성신,기악,1,0.25
최성신,한국무용,1,0.25
최성신,혼합,2,0.5
최성연,연극,1,1.0
최성옥,현대무용,3,1.0
최성우,서커스/마술,1,0.5
최성우,연극,1,0.5
최성욱,연극,1,0.3333333333333333
최성욱,오페라,1,0.3333333333333333
최성욱,현대무용,1,0.3333333333333333
최성은,연극,3,0.75
최성은,한국무용,1,0.25
최성진,기악,1,0.2
최성진,뮤지컬,1,0.2
최성진,연극,2,0.4
최성진,혼합,1,0.2
최성호,연극,2,1.0
최성환,기악,1,1.0
최성희,연극,2,1.0
최세나,기악,1,1.0
최세리,연극,2,1.0
최세린,연극,1,1.0
최세마,인형극,1,1.0
최세아,인형극,1,1.0
최세연,뮤지컬,22,1.0
최세종,성악,2,1.0
최세진,기악,1,1.0
최세헌,연극,1,0.5
최세헌,현대무용,1,0.5
최세희,연극,1,1.0
최소리,연극,1,1.0
최소린,연극,1,1.0
최소미,기악,1,0.5
최소미,연희,1,0.5
최소빈,발레,6,1.0
최소영,연극,1,0.16666666666666666
최소영,한국무용,1,0.16666666666666666
최소영,현대무용,4,0.6666666666666666
최소현,뮤지컬,1,0.1111111111111111
최소현,연극,8,0.8888888888888888
최솔,연극,4,1.0
최솔휘,연극,1,1.0
최송림,연극,2,1.0
최수경,뮤지컬,2,1.0
최수명,뮤지컬,2,1.0
최수빈,서커스/마술,1,1.0
최수열,기악,2,0.6666666666666666
최수열,한국무용,1,0.3333333333333333
최수완,연극,3,1.0
최수정,뮤지컬,4,1.0
최수지,성악,1,1.0
최수진,발레,1,0.2
최수진,재즈/월드뮤직,3,0.6
최수진,현대무용,1,0.2
최수환,마당극,1,0.5
최수환,현대무용,1,0.5
최순강,뮤지컬,1,1.0
최순영,기악,1,1.0
최슬기,뮤지컬,3,1.0
최승규,연극,1,1.0
최승민,현대무용,1,1.0
최승식,기악,3,1.0
최승연,연극,1,1.0
최승열,뮤지컬,2,0.1111111111111111
최승열,성악,1,0.05555555555555555
최승열,악극,1,0.05555555555555555
최승열,연극,13,0.7222222222222222
최승열,오페라,1,0.05555555555555555
최승완,연극,1,1.0
최승우,성악,1,0.3333333333333333
최승우,오페라,2,0.6666666666666666
최승원,성악,1,0.5
최승원,연극,1,0.5
최승은,연극,3,1.0
최승주,연극,1,1.0
최승지,연극,1,1.0
최승천,기타,1,1.0
최승한,성악,1,0.5
최승한,오페라,1,0.5
최승혜,발레,1,0.5
최승혜,연극,1,0.5
최승호,성악,1,0.3333333333333333
최승호,악극,1,0.3333333333333333
최승호,혼합,1,0.3333333333333333
최승환,뮤지컬,1,0.5
최승환,연극,1,0.5
최승희,연극,2,0.2222222222222222
최승희,오페라,7,0.7777777777777778
최시울,한국무용,1,1.0
최신아,한국무용,1,1.0
최신일,기악,3,1.0
최아람,연극,2,1.0
최아련,연극,2,1.0
최아름,악극,1,0.16666666666666666
최아름,연극,4,0.6666666666666666
최아름,현대무용,1,0.16666666666666666
최아영,성악,1,1.0
최애란,기악,1,1.0
최양현,연극,3,1.0
최에녹,뮤지컬,1,1.0
최여림,성악,1,0.125
최여림,연극,4,0.5
최여림,연희,2,0.25
최여림,혼합,1,0.125
최여영,연희,1,0.5
최여영,혼합,1,0.5
최여천,기악,1,1.0
최연,연극,1,1.0
최연경,연극,1,1.0
최연수,연극,2,1.0
최연실,뮤지컬,1,1.0
최연지,뮤지컬,1,1.0
최열임,연극,1,1.0
최영,연극,2,1.0
최영광,연극,1,1.0
최영규,뮤지컬,1,1.0
최영균,뮤지컬,8,1.0
최영길,뮤지컬,2,0.6666666666666666
최영길,현대무용,1,0.3333333333333333
최영도,기악,1,1.0
최영미,기악,1,0.16666666666666666
최영미,뮤지컬,1,0.16666666666666666
최영미,서커스/마술,3,0.5
최영미,혼합,1,0.16666666666666666
최영민,기악,1,0.3333333333333333
최영민,성악,1,0.3333333333333333
최영민,연극,1,0.3333333333333333
최영선,기악,6,0.75
최영선,성악,2,0.25
최영섭,기악,1,0.3333333333333333
최영섭,성악,1,0.3333333333333333
최영섭,오페라,1,0.3333333333333333
최영수,현대무용,1,1.0
최영아,기악,2,0.6666666666666666
최영아,뮤지컬,1,0.3333333333333333
최영애,성악,1,1.0
최영열,연극,1,1.0
최영오,연극,1,1.0
최영우,기악,1,0.125
최영우,성악,3,0.375
최영우,연극,3,0.375
최영우,재즈/월드뮤직,1,0.125
최영원,연극,2,1.0
최영윤,연극,2,1.0
최영은,뮤지컬,8,0.36363636363636365
최영은,연극,11,0.5
최영은,오페라,3,0.13636363636363635
최영재,뮤지컬,1,0.14285714285714285
최영재,연극,6,0.8571428571428571
최영주,뮤지컬,2,0.4
최영주,연극,2,0.4
최영주,오페라,1,0.2
최영준,기악,1,0.3333333333333333
최영준,한국무용,2,0.6666666666666666
최영진,기악,1,0.5
최영진,발레,1,0.5
최영탁,현대무용,1,1.0
최영현,현대무용,3,1.0
최영화,기악,1,0.3333333333333333
최영화,연극,2,0.6666666666666666
최영환,뮤지컬,3,0.17647058823529413
최영환,연극,14,0.8235294117647058
최예나,연극,3,0.75
최예나,한국무용,1,0.25
최예린,기악,1,1.0
최예림,발레,1,0.5
최예림,연극,1,0.5
최예슬,연극,1,1.0
최예승,뮤지컬,2,1.0
최예정,악극,1,1.0
최예지,기악,1,0.5
최예지,연희,1,0.5
최완자,성악,1,1.0
최완호,기악,1,1.0
최요한,성악,1,0.3333333333333333
최요한,오페라,2,0.6666666666666666
최용규,연극,2,1.0
최용석,뮤지컬,3,0.125
최용석,성악,8,0.3333333333333333
최용석,악극,3,0.125
최용석,연극,2,0.08333333333333333
최용석,재즈/월드뮤직,1,0.041666666666666664
최용석,창극,3,0.125
최용석,현대무용,1,0.041666666666666664
최용석,혼합,3,0.125
최용성,연극,1,1.0
최용진,넌버벌 퍼포먼스,4,1.0
최용철,연극,2,1.0
최용혁,연극,3,1.0
최용호,연극,2,1.0
최용환,성악,1,1.0
최용훈,성악,1,0.0625
최용훈,연극,15,0.9375
최우근,연극,3,1.0
최우석,연희,1,1.0
최우성,연극,4,1.0
최우영,연극,3,1.0
최우정,기악,2,0.18181818181818182
최우정,성악,1,0.09090909090909091
최우정,현대무용,1,0.09090909090909091
최우정,혼합,7,0.6363636363636364
최우진,연극,1,1.0
최운학,뮤지컬,1,0.3333333333333333
최운학,연극,2,0.6666666666666666
최원,연극,2,1.0
최원규,한국무용,1,1.0
최원록,기악,2,1.0
최원석,기악,2,0.09523809523809523
최원석,연극,17,0.8095238095238095
최원석,현대무용,1,0.047619047619047616
최원석,혼합,1,0.047619047619047616
최원선,한국무용,2,0.5
최원선,현대무용,2,0.5
최원식,인형극,1,1.0
최원영,뮤지컬,2,0.3333333333333333
최원영,연극,4,0.6666666666666666
최원종,연극,35,1.0
최원주,연극,1,1.0
최원준,연극,1,1.0
최원중,연극,1,1.0
최원혁,발레,1,0.3333333333333333
최원혁,연희,1,0.3333333333333333
최원혁,한국무용,1,0.3333333333333333
최원형,뮤지컬,3,0.5
최원형,연극,3,0.5
최원호,연극,1,1.0
최유경,연극,1,0.5
최유경,오페라,1,0.5
최유나,연극,4,1.0
최유난,연극,1,1.0
최유리,스트리트/스포츠댄스,1,0.1
최유리,연극,7,0.7
최유리,오페라,2,0.2
최유림,뮤지컬,2,0.5
최유림,연극,2,0.5
최유미,마당극,1,1.0
최유민,현대무용,1,1.0
최유빈,뮤지컬,1,1.0
최유선,뮤지컬,3,1.0
최유정,뮤지컬,1,0.25
최유정,서커스/마술,1,0.25
최유정,연극,2,0.5
최유진,성악,1,0.1111111111111111
최유진,연극,5,0.5555555555555556
최유진,한국무용,2,0.2222222222222222
최유진,혼합,1,0.1111111111111111
최유하,연극,3,1.0
최유환,기악,2,1.0
최윤,뮤지컬,1,0.5
최윤,연극,1,0.5
최윤기,연극,2,1.0
최윤녕,재즈/월드뮤직,1,1.0
최윤서,뮤지컬,2,0.3333333333333333
최윤서,연극,4,0.6666666666666666
최윤석,연극,1,0.3333333333333333
최윤석,오페라,2,0.6666666666666666
최윤성,성악,1,1.0
최윤실,연극,1,1.0
최윤영,성악,1,0.3333333333333333
최윤영,연극,2,0.6666666666666666
최윤재,연극,1,1.0
최윤정,넌버벌 퍼포먼스,1,0.08333333333333333
최윤정,뮤지컬,4,0.3333333333333333
최윤정,스트리트/스포츠댄스,1,0.08333333333333333
최윤정,악극,1,0.08333333333333333
최윤정,연극,5,0.4166666666666667
최윤택,연희,1,1.0
최윤혁,연극,3,1.0
최윤호,기악,2,0.6666666666666666
최윤호,대중가요,1,0.3333333333333333
최윤희,오페라,1,1.0
최은,연극,1,1.0
최은미,연극,2,0.6666666666666666
최은미,인형극,1,0.3333333333333333
최은별,연극,2,0.6666666666666666
최은별,인형극,1,0.3333333333333333
최은빈,연극,1,1.0
최은석,연극,2,1.0
최은선,악극,1,0.16666666666666666
최은선,연극,5,0.8333333333333334
최은숙,오페라,1,1.0
최은식,기악,1,1.0
최은아,한국무용,1,1.0
최은영,연극,8,1.0
최은용,한국무용,2,1.0
최은이,뮤지컬,1,1.0
최은정,기악,1,0.1
최은정,악극,1,0.1
최은정,연극,8,0.8
최은준,오페라,1,1.0
최은지,현대무용,3,1.0
최은진,연극,3,1.0
최은혜,뮤지컬,7,1.0
최은호,연극,2,1.0
최은희,기악,1,0.25
최은희,뮤지컬,1,0.25
최은희,연극,1,0.25
최은희,한국무용,1,0.25
최이노,뮤지컬,1,1.0
최이담,기악,2,1.0
최이순,기악,1,0.2
최이순,성악,1,0.2
최이순,오페라,3,0.6
최이안,뮤지컬,1,1.0
최이정,연극,1,1.0
최이현,뮤지컬,4,0.5714285714285714
최이현,연극,3,0.42857142857142855
최인경,오페라,1,1.0
최인수,연극,20,1.0
최인숙,뮤지컬,3,0.13043478260869565
최인숙,한국무용,1,0.043478260869565216
최인숙,현대무용,19,0.8260869565217391
최인양,뮤지컬,5,0.7142857142857143
최인양,연극,1,0.14285714285714285
최인양,인형극,1,0.14285714285714285
최인호,연희,1,1.0
최인화,오페라,1,1.0
최인환,성악,8,0.7272727272727273
최인환,연극,1,0.09090909090909091
최인환,연희,1,0.09090909090909091
최인환,한국무용,1,0.09090909090909091
최인훈,연극,4,1.0
최일규,연극,3,1.0
최자영,성악,1,0.5
최자영,연극,1,0.5
최자인,한국무용,2,0.5
최자인,현대무용,2,0.5
최재광,연극,1,1.0
최재도,오페라,1,1.0
최재림,연극,2,1.0
최재민,연극,13,1.0
최재성,연극,7,1.0
최재영,뮤지컬,1,0.1
최재영,악극,1,0.1
최재영,연극,6,0.6
최재영,오페라,2,0.2
최재오,연극,3,1.0
최재옥,연극,1,1.0
최재우,연극,4,1.0
최재원,연극,1,1.0
최재일,연극,1,1.0
최재학,혼합,2,1.0
최재혁,기악,6,0.6
최재혁,성악,1,0.1
최재혁,연극,1,0.1
최재혁,현대무용,2,0.2
최재현,연극,1,1.0
최재호,발레,1,0.25
최재호,연극,2,0.5
최재호,현대무용,1,0.25
최재훈,악극,1,1.0
최재희,성악,1,0.25
최재희,현대무용,3,0.75
최정,뮤지컬,2,0.6666666666666666
최정,연극,1,0.3333333333333333
최정민,기악,1,0.3333333333333333
최정민,성악,1,0.3333333333333333
최정민,연극,1,0.3333333333333333
최정배,연극,1,1.0
최정산,마임,4,0.8
최정산,연극,1,0.2
최정석,서커스/마술,12,1.0
최정수,재즈/월드뮤직,2,1.0
최정아,뮤지컬,1,1.0
최정오,연극,2,1.0
최정우,기악,1,0.5
최정우,대중가요,1,0.5
최정운,연극,1,1.0
최정원,연극,1,0.3333333333333333
최정원,현대무용,2,0.6666666666666666
최정윤,뮤지컬,1,0.25
최정윤,발레,2,0.5
최정윤,현대무용,1,0.25
최정은,뮤지컬,2,0.6666666666666666
최정은,연극,1,0.3333333333333333
최정주,연극,1,0.5
최정주,오페라,1,0.5
최정철,성악,1,1.0
최정호,뮤지컬,1,0.5
최정호,연극,1,0.5
최정환,기악,1,0.14285714285714285
최정환,뮤지컬,1,0.14285714285714285
최정환,연극,2,0.2857142857142857
최정환,연희,1,0.14285714285714285
최정환,현대무용,1,0.14285714285714285
최정환,혼합,1,0.14285714285714285
최정훈,오페라,5,1.0
최종률,연극,5,1.0
최종범,현대무용,2,1.0
최종서,연극,1,1.0
최종욱,연극,3,1.0
최종원,오페라,1,0.3333333333333333
최종원,현대무용,2,0.6666666666666666
최종윤,기악,3,0.3333333333333333
최종윤,뮤지컬,6,0.6666666666666666
최종율,대중가요,1,1.0
최종인,한국무용,1,1.0
최종찬,연극,6,1.0
최종혁,뮤지컬,17,0.7083333333333334
최종혁,악극,1,0.041666666666666664
최종혁,연극,5,0.20833333333333334
최종혁,현대무용,1,0.041666666666666664
최종환,뮤지컬,1,0.3333333333333333
최종환,연극,1,0.3333333333333333
최종환,혼합,1,0.3333333333333333
최종훈,뮤지컬,2,1.0
최주봉,뮤지컬,4,0.6666666666666666
최주봉,연극,2,0.3333333333333333
최주용,연극,1,1.0
최주환,뮤지컬,1,0.16666666666666666
최주환,연극,5,0.8333333333333334
최주희,뮤지컬,1,1.0
최준구,연극,2,1.0
최준명,한국무용,1,1.0
최준수,연극,1,1.0
최준영,기악,1,0.5
최준영,연극,1,0.5
최준혁,성악,2,0.6666666666666666
최준혁,연극,1,0.3333333333333333
최준형,인형극,1,1.0
최준호,연극,4,1.0
최준환,한국무용,1,1.0
최중원,기악,1,1.0
최지민,뮤지컬,1,0.5
최지민,혼합,1,0.5
최지송,기악,1,0.25
최지송,대중가요,2,0.5
최지송,창극,1,0.25
최지수,기악,1,0.2
최지수,연극,4,0.8
최지순,기악,1,1.0
최지승,성악,1,1.0
최지연,대중가요,1,0.07692307692307693
최지연,발레,2,0.15384615384615385
최지연,연극,2,0.15384615384615385
최지연,한국무용,4,0.3076923076923077
최지연,현대무용,4,0.3076923076923077
최지영,기악,2,0.2857142857142857
최지영,뮤지컬,3,0.42857142857142855
최지영,연극,2,0.2857142857142857
최지예,기악,6,1.0
최지욱,연극,1,1.0
최지운,기악,1,0.3333333333333333
최지운,연극,1,0.3333333333333333
최지운,혼합,1,0.3333333333333333
최지원,발레,1,0.14285714285714285
최지원,연극,5,0.7142857142857143
최지원,한국무용,1,0.14285714285714285
최지은,뮤지컬,1,0.125
최지은,연극,7,0.875
최지헌,마임,1,1.0
최지현,뮤지컬,1,0.5
최지현,연극,1,0.5
최지형,오페라,10,1.0
최지혜,기악,4,0.21052631578947367
최지혜,뮤지컬,6,0.3157894736842105
최지혜,연극,9,0.47368421052631576
최지혜 든,성악,1,1.0
최지환,연극,1,1.0
최지훈,연극,3,1.0
최지훈 강인정,연극,1,1.0
최지희,현대무용,3,1.0
최진,뮤지컬,1,0.25
최진,성악,2,0.5
최진,연희,1,0.25
최진규,오페라,6,1.0
최진근,연극,2,0.2
최진근,인형극,8,0.8
최진석,기악,2,0.6666666666666666
최진석,연극,1,0.3333333333333333
최진선,연극,2,1.0
최진수,발레,17,0.9444444444444444
최진수,현대무용,1,0.05555555555555555
최진아,연극,10,1.0
최진영,혼합,1,1.0
최진우,기악,1,0.5
최진우,연극,1,0.5
최진욱,한국무용,9,0.75
최진욱,현대무용,3,0.25
최진원,연극,3,1.0
최진주,연극,1,1.0
최진한,성악,1,0.2
최진한,현대무용,4,0.8
최진혁,연극,1,0.2
최진혁,오페라,4,0.8
최진호,기악,9,0.75
최진호,성악,3,0.25
최진화,기악,2,1.0
최진환,성악,1,1.0
최찬미,연극,1,1.0
최창국,기악,1,1.0
최창근,연극,2,1.0
최창덕,한국무용,2,1.0
최창렬,연극,2,1.0
최창식,기악,1,0.3333333333333333
최창식,연극,2,0.6666666666666666
최창희,뮤지컬,1,1.0
최천희,성악,1,1.0
최철,성악,1,0.125
최철,연극,4,0.5
최철,오페라,3,0.375
최철기,넌버벌 퍼포먼스,7,0.7
최철기,뮤지컬,1,0.1
최철기,연극,2,0.2
최철욱,연희,4,1.0
최청자,한국무용,1,0.25
최청자,현대무용,3,0.75
최청정,연극,1,1.0
최치림,연극,2,1.0
최치언,연극,6,1.0
최치원,연극,1,1.0
최치환,기악,1,0.3333333333333333
최치환,연극,2,0.6666666666666666
최태경,연극,1,1.0
최태선,뮤지컬,1,0.5
최태선,연극,1,0.5
최태식,뮤지컬,1,0.125
최태식,연극,7,0.875
최태안,연극,1,1.0
최태익,혼합,1,1.0
최태지,발레,15,1.0
최태현,마당극,1,0.16666666666666666
최태현,현대무용,5,0.8333333333333334
최태황,연극,2,1.0
최판수,오페라,1,1.0
최필규,연극,3,1.0
최하나림,연극,2,1.0
최하늘,기악,1,0.2
최하늘,성악,1,0.2
최하늘,연극,2,0.4
최하늘,인형극,1,0.2
최하람,오페라,1,1.0
최하영,대중가요,3,1.0
최하은,연극,1,1.0
최하정,대중가요,1,1.0
최한결,연극,8,1.0
최한별,기악,2,1.0
최한비,연극,1,1.0
최한빈,연극,1,1.0
최한석,연극,2,1.0
최한성,연극,1,1.0
최한솔,악극,1,0.25
최한솔,연극,3,0.75
최한원,기악,1,1.0
최해권,기악,1,1.0
최해리,한국무용,3,1.0
최해인,연극,2,0.6666666666666666
최해인,혼합,1,0.3333333333333333
최해주,연극,7,1.0
최혁,뮤지컬,1,1.0
최혁재,기악,1,1.0
최혁주,연극,1,1.0
최현,연극,3,0.6
최현,한국무용,2,0.4
최현규,뮤지컬,1,1.0
최현미,뮤지컬,31,0.96875
최현미,연극,1,0.03125
최현비,연극,5,1.0
최현서,연극,6,1.0
최현석,기악,2,0.5
최현석,연희,1,0.25
최현석,오페라,1,0.25
최현섭,연극,4,1.0
최현아,연극,1,1.0
최현영,연극,1,1.0
최현우,서커스/마술,5,0.8333333333333334
최현우,연극,1,0.16666666666666666
최현이,기악,1,1.0
최현정,연극,5,0.8333333333333334
최현정,오페라,1,0.16666666666666666
최현주,뮤지컬,6,0.5
최현주,발레,1,0.08333333333333333
최현주,연극,2,0.16666666666666666
최현주,한국무용,1,0.08333333333333333
최현주,현대무용,1,0.08333333333333333
최현주,혼합,1,0.08333333333333333
최현진,기악,1,1.0
최현창,기악,1,1.0
최현호,연극,1,1.0
최형배,서커스/마술,10,1.0
최형범,연극,1,0.5
최형범,한국무용,1,0.5
최형열,연극,1,1.0
최형오,연극,3,0.6
최형오,오페라,1,0.2
최형오,인형극,1,0.2
최형우,연극,1,1.0
최형욱,기악,1,1.0
최형준,연극,1,1.0
최혜련,뮤지컬,1,1.0
최혜리,기악,1,0.2
최혜리,뮤지컬,1,0.2
최혜리,연극,2,0.4
최혜리,현대무용,1,0.2
최혜연,성악,1,1.0
최혜영,기악,1,1.0
최혜원,현대무용,16,1.0
최혜주,연극,6,0.8571428571428571
최혜주,한국무용,1,0.14285714285714285
최호경,연극,1,1.0
최호연,기악,1,0.5
최호연,연극,1,0.5
최호영,연극,6,1.0
최호정,현대무용,3,1.0
최호현,기타,1,0.25
최호현,성악,3,0.75
최홍경,연극,1,1.0
최홍기,오페라,1,1.0
최홍준,연극,2,1.0
최환용,기악,2,1.0
최효민,발레,1,1.0
최효영,성악,2,1.0
최훈락,기악,1,1.0
최훈차,성악,2,1.0
최흥규,뮤지컬,1,0.2
최흥규,연극,4,0.8
최희만,연극,1,1.0
최희범,현대무용,1,1.0
최희승,연극,1,1.0
최희영,뮤지컬,1,0.5
최희영,성악,1,0.5
최희원,연극,2,1.0
최희정,뮤지컬,1,0.3333333333333333
최희정,연극,2,0.6666666666666666
최희준,기악,6,0.75
최희준,성악,1,0.125
최희준,오페라,1,0.125
최희진,연극,1,1.0
최힐,기악,3,1.0
추경아,현대무용,1,1.0
추다혜,혼합,2,1.0
추동균,연극,1,0.5
추동균,오페라,1,0.5
추명철,연극,1,1.0
추미림,연극,1,1.0
추미정,뮤지컬,1,1.0
추민주,뮤지컬,44,0.9565217391304348
추민주,연극,2,0.043478260869565216
추보름,연극,5,1.0
추세령,한국무용,1,1.0
추세은,연극,1,1.0
추수빈,기악,1,1.0
추연우,연극,2,1.0
추정화,뮤지컬,35,0.8536585365853658
추정화,발레,4,0.0975609756097561
추정화,연극,2,0.04878048780487805
추주식,연극,2,1.0
추준호,연극,1,1.0
추지숙,연극,1,1.0
추태영,뮤지컬,3,0.375
추태영,연극,5,0.625
추헌엽,연극,1,1.0
추현종,악극,1,0.5
추현종,혼합,1,0.5
카노메 유키,연극,1,1.0
카노코 타무라,연극,1,1.0
카렐 드 루이,뮤지컬,1,1.0
카르멘 키르히베거,성악,1,1.0
카를라 리코티,오페라,1,1.0
카를로 리치,오페라,1,1.0
카를로 빨레스키,오페라,1,1.0
카를로스 로드리게즈,뮤지컬,1,1.0
카를로스 칼보,현대무용,1,1.0
카릴 페트렌코,기악,1,1.0
카말리딘 우린바이예프,발레,1,1.0
카미유 파닌,현대무용,1,1.0
카와카미 마오,연극,1,1.0
칼 오르프,성악,1,1.0
캐머런 매킨토시,뮤지컬,1,1.0
캐빈 아담스,오페라,1,1.0
컬리디,뮤지컬,1,1.0
케네스 맥밀란,발레,3,1.0
케보크 무라드,오페라,1,1.0
케빈 바버 픽카드,발레,1,1.0
케소 데커,발레,1,1.0
케이스 워너,오페라,1,1.0
코나테 이브라힘,기타,1,1.0
코너 맥퍼슨,연극,1,1.0
코노 타케히로,연극,1,1.0
코메디 프랑세즈,연극,1,1.0
코어드 마이어링,기악,1,1.0
코엔 커셀,발레,1,1.0
코즈카 켄지,인형극,2,1.0
콘스탄틴 세르게예프,발레,6,1.0
콘스탄틴 트링크스,오페라,1,1.0
콤므 드 벨시즈,연극,1,1.0
쿨루드 바젤,연극,1,1.0
크리스 제이젝,연극,1,1.0
크리스토퍼 윌든,오페라,1,1.0
크리스토퍼 휠든,발레,3,1.0
크리스토프 가르시아,연극,1,1.0
크리스토프 노보그로츠키,발레,1,1.0
크리스토프 에센바흐,기악,1,1.0
크리스티안 D. 델라허,뮤지컬,1,1.0
크리스티안 제카,연극,1,1.0
크리스티앙 본느프와,뮤지컬,1,1.0
크리스틴 존스,오페라,1,1.0
클라라 펠루포 발렌티니,오페라,1,1.0
클라우디오 마리아 미켈리,오페라,1,1.0
클레망 에르비외 레제,연극,1,1.0
클레멍 카마르-메르시에,기악,1,1.0
클레어 배런,연극,1,1.0
키스 라이,연극,1,1.0
키스 워너,오페라,1,1.0
키시다 쿠니오,연극,1,1.0
키아라 베르사니,현대무용,1,1.0
키얀 바야니,한국무용,1,1.0
키요야마 코즈에,뮤지컬,1,1.0
킴 바홀라,뮤지컬,2,1.0
타나카 시호,연극,1,1.0
타리크 조던,현대무용,1,1.0
탁계석,기악,1,0.1
탁계석,성악,9,0.9
탁미영,성악,1,1.0
탁원태,연극,3,1.0
탁은지,연극,2,1.0
탁지현,발레,1,1.0
탁현욱,기악,1,1.0
탁형선,연극,2,0.5
탁형선,현대무용,2,0.5
탁호영,연극,2,1.0
태령,뮤지컬,1,1.0
태보라,연극,1,1.0
태연,연극,1,1.0
태정화,기악,1,1.0
태준호,뮤지컬,1,1.0
태혜신,한국무용,1,1.0
테로 사리넨,한국무용,1,1.0
테오필 코티에,발레,1,1.0
테이 블로우,연극,1,1.0
토니 슈미트,성악,1,1.0
토마스 오스터마이어,연극,1,1.0
토마스 졸리,연극,1,1.0
토시키 오카다,연극,1,1.0
퇴민,연극,1,1.0
트레버 넌,뮤지컬,14,1.0
티모시 윌리엄스,뮤지컬,1,1.0
티아고 호드리게스,연극,1,1.0
티아구 호드리게스,연극,1,1.0
티치아노 산티,오페라,5,1.0
틸리 테일러,연극,1,1.0
틸만 카니츠,혼합,1,1.0
팀 라이스,뮤지컬,3,1.0
파브리세 라만린곰,현대무용,1,1.0
파비오 체레사,오페라,7,1.0
파올로 카리야니,오페라,1,1.0
파우엘,뮤지컬,1,1.0
파울로 티지아넬,현대무용,1,1.0
파트리스 바르,발레,4,1.0
파트리스 코리에,오페라,1,1.0
패트리샤 레스닉,뮤지컬,1,1.0
페드로 코스타,연극,1,1.0
페르디낭 에롤,발레,1,1.0
페르디낭 헤롤드,발레,1,1.0
페터 슈타인,오페라,1,1.0
펠리체로마니,오페라,1,1.0
펠릭스 크리거,오페라,1,1.0
편기홍,연극,2,1.0
편기흥,연극,2,1.0
편다솜,연극,1,1.0
편도아,기악,1,0.5
편도아,혼합,1,0.5
편도훈,연극,4,1.0
편재민,연극,1,1.0
편준원,뮤지컬,3,0.6
편준원,연극,2,0.4
편진아,뮤지컬,1,1.0
평미영,성악,1,1.0
폴 매튜스,기악,5,1.0
폴 프라이스,연극,1,1.0
폴 헤이바트,연극,2,1.0
표강성,뮤지컬,1,1.0
표기훈,연극,2,1.0
표민지,연극,2,1.0
표상만,현대무용,1,0.5
표상만,혼합,1,0.5
표상아,뮤지컬,14,0.6363636363636364
표상아,연극,8,0.36363636363636365
표수헌,연극,1,1.0
표원섭,연극,8,1.0
표윤미,혼합,2,1.0
표인봉,뮤지컬,1,1.0
표재순,뮤지컬,2,0.4
표재순,연극,3,0.6
표재희,연극,1,1.0
표정화,연극,1,1.0
표지원,오페라,1,1.0
표지인,연극,4,1.0
표찬용,현대무용,1,1.0
표태용,성악,1,1.0
표트로 일리치 차이코프스키,뮤지컬,1,1.0
표트르 일리치 차이콥스키,발레,3,1.0
표트르 차이콥스키,발레,5,1.0
표하나,연극,1,1.0
표현진,오페라,13,1.0
표희주,연극,1,1.0
프란체스코 본디,오페라,3,1.0
프란체스코 에스포지토,오페라,1,1.0
프랑코 제프렐리,오페라,1,1.0
프랭크 와일드혼,뮤지컬,2,1.0
프레데릭 애쉬튼,발레,2,1.0
프레드릭 애쉬톤,발레,1,1.0
프레드릭 애쉬튼,발레,1,1.0
플라멘 카르타로프,오페라,2,1.0
피에터 쇠만,기악,1,1.0
피에트로 마룰로,현대무용,1,1.0
피재호,연극,4,1.0
피정후,기악,1,1.0
피정훈,뮤지컬,1,1.0
피터 페코브섹,연극,1,1.0
피호영,기악,1,1.0
필립 드쿠플레,현대무용,1,1.0
필립 슈톨츨,오페라,1,1.0
필립 윤트,기악,2,1.0
필립 폴진,뮤지컬,1,1.0
하경한,연극,2,1.0
하경화,연극,4,1.0
하권재,현대무용,1,1.0
하나경,혼합,1,1.0
하누리,연극,1,1.0
하동국,연극,1,1.0
하동기,연극,9,1.0
하동욱,오페라,4,1.0
하만택,기악,1,0.1
하만택,성악,8,0.8
하만택,오페라,1,0.1
하명진,연극,1,0.5
하명진,현대무용,1,0.5
하미화,뮤지컬,1,1.0
하병훈,연극,11,1.0
하보연,연극,1,1.0
하상오,인형극,10,1.0
하상철,연극,2,1.0
하상호,인형극,1,1.0
하서미,연극,3,1.0
하석준,성악,1,1.0
하선이,뮤지컬,2,0.6666666666666666
하선이,연극,1,0.3333333333333333
하성림,성악,1,1.0
하성주,연극,1,1.0
하성훈,연극,2,1.0
하소정,연극,2,1.0
하송,연극,1,1.0
하수민,연극,11,1.0
하수연,기악,1,1.0
하승수,발레,1,1.0
하승한,뮤지컬,1,1.0
하시모토 잇세이,연극,1,1.0
하아무,연극,1,1.0
하연,연극,1,1.0
하연경,연극,1,1.0
하연정,연극,3,1.0
하연화,한국무용,2,1.0
하영미,연극,4,1.0
하영준,연극,1,1.0
하용현,연극,1,1.0
하원준,기악,1,0.5
하원준,뮤지컬,1,0.5
하유경,뮤지컬,4,1.0
하유나,뮤지컬,1,1.0
하유정,기악,1,1.0
하유진,기악,1,1.0
하윤주,혼합,1,1.0
하은섬,뮤지컬,4,1.0
하은지,성악,1,1.0
하은희,마당극,1,1.0
하이정,현대무용,1,1.0
하일호,악극,1,0.1
하일호,연극,9,0.9
하정은,연극,3,1.0
하정희,기악,1,1.0
하종욱,연극,1,1.0
하주원,연극,1,1.0
하준석,뮤지컬,4,1.0
하지오,뮤지컬,2,0.6666666666666666
하지오,연극,1,0.3333333333333333
하지우,연극,2,1.0
하지운,연극,1,1.0
하지웅,연극,2,1.0
하지현,연극,1,1.0
하지혜,현대무용,3,1.0
하진선,연극,2,1.0
하진욱,연극,1,1.0
하찬,뮤지컬,1,1.0
하타 마사후미,뮤지컬,1,1.0
하태규,악극,1,1.0
하태성,뮤지컬,2,1.0
하택후,기악,1,1.0
하현봉,뮤지컬,1,0.16666666666666666
하현봉,연극,5,0.8333333333333334
하현정,연극,1,1.0
하현준,기악,1,1.0
하형주,연극,3,0.75
하형주,재즈/월드뮤직,1,0.25
하혜영,성악,1,1.0
하효정,연극,1,1.0
하희원,성악,1,1.0
한 마르가리타,한국무용,1,1.0
한가은,연극,3,1.0
한가을,연극,4,1.0
한가현,기악,1,1.0
한갑수,뮤지컬,2,0.6666666666666666
한갑수,연극,1,0.3333333333333333
한결,연극,1,1.0
한경숙,뮤지컬,7,0.7777777777777778
한경숙,연극,2,0.2222222222222222
한경아,현대무용,1,1.0
한경진,기악,2,1.0
한경훈,연극,3,1.0
한경희,성악,2,1.0
한고은,연극,4,1.0
한곤,뮤지컬,1,1.0
한광수,기악,1,1.0
한국정,연극,5,1.0
한규남,연극,1,1.0
한규범,연극,2,1.0
한규은,현대무용,2,1.0
한금주,연극,1,1.0
한기남,기악,1,1.0
한기련,기악,1,1.0
한기원,뮤지컬,1,1.0
한기윤,연극,1,1.0
한기은,연극,2,1.0
한기태,현대무용,1,1.0
한다원,연극,1,1.0
한다정,연극,1,1.0
한단아,뮤지컬,1,1.0
한대관,뮤지컬,1,1.0
한대섭,기악,4,0.5
한대섭,악극,1,0.125
한대섭,오페라,3,0.375
한덕균,연극,3,1.0
한덕택,기악,1,1.0
한동길,기타,2,0.6666666666666666
한동길,대중가요,1,0.3333333333333333
한동엽,연극,2,0.5
한동엽,연희,1,0.25
한동엽,한국무용,1,0.25
한동운,기악,5,0.4166666666666667
한동운,뮤지컬,3,0.25
한동운,연극,1,0.08333333333333333
한동운,오페라,3,0.25
한동일,오페라,1,1.0
한동훈,연극,1,1.0
한동희,성악,1,0.2
한동희,연극,3,0.6
한동희,한국무용,1,0.2
한만섭,기악,1,1.0
한만윤,연극,1,1.0
한만주,혼합,1,1.0
한메산,연극,1,1.0
한명선,기악,1,1.0
한명옥,한국무용,4,1.0
한명정,혼합,1,1.0
한명찬,연극,1,1.0
한명철,연극,1,1.0
한무대,뮤지컬,1,1.0
한문규,오페라,1,1.0
한문희,연극,6,1.0
한미경,성악,1,1.0
한미리,연극,1,1.0
한미선,기악,1,1.0
한민규,기악,2,0.15384615384615385
한민규,연극,11,0.8461538461538461
한민선,기악,1,1.0
한민희,한국무용,1,0.5
한민희,현대무용,1,0.5
한백,연극,3,1.0
한병수,연극,1,1.0
한보라,성악,1,1.0
한보람,뮤지컬,9,0.8181818181818182
한보람,연극,1,0.09090909090909091
한보람,오페라,1,0.09090909090909091
한빈,성악,1,1.0
한빛나,연극,1,1.0
한사빈,연극,1,1.0
한상률,연극,1,0.25
한상률,현대무용,3,0.75
한상민,연극,1,1.0
한상우,연극,1,1.0
한상욱,기악,4,1.0
한상원,뮤지컬,3,0.75
한상원,성악,1,0.25
한상일,기악,7,0.7
한상일,성악,1,0.1
한상일,혼합,2,0.2
한상태,뮤지컬,4,1.0
한상헌,연극,1,1.0
한상호,기악,1,0.09090909090909091
한상호,뮤지컬,4,0.36363636363636365
한상호,성악,1,0.09090909090909091
한상호,연극,4,0.36363636363636365
한상호,오페라,1,0.09090909090909091
한상훈,기타,1,0.1
한상훈,뮤지컬,8,0.8
한상훈,연극,1,0.1
한새봄,연극,2,1.0
한서연,연극,2,1.0
한서희,뮤지컬,2,0.6666666666666666
한서희,성악,1,0.3333333333333333
한선경,성악,1,1.0
한선덕,뮤지컬,1,0.16666666666666666
한선덕,연극,5,0.8333333333333334
한선영,연극,1,1.0
한설,연극,1,1.0
한설희,연극,1,1.0
한성민,연극,1,1.0
한성우,발레,1,1.0
한성운,연극,7,1.0
한성일,대중가요,1,0.5
한성일,연극,1,0.5
한성주,기악,1,0.3333333333333333
한성주,연극,2,0.6666666666666666
한성현,연극,2,1.0
한세빈,연극,2,1.0
한소영,뮤지컬,5,1.0
한솔잎,성악,1,0.5
한솔잎,현대무용,1,0.5
한송연,연극,1,1.0
한송이,연극,2,1.0
한송호,연극,1,1.0
한송희,뮤지컬,1,0.3333333333333333
한송희,연극,2,0.6666666666666666
한수경,한국무용,1,1.0
한수문,한국무용,5,1.0
한수연,연극,2,1.0
한수정,뮤지컬,3,0.6
한수정,연극,2,0.4
한수진,기악,5,1.0
한수현,기악,1,1.0
한숙현,기악,3,0.5
한숙현,성악,1,0.16666666666666666
한숙현,오페라,2,0.3333333333333333
한스 판 마넨,발레,1,1.0
한승기,연극,1,1.0
한승모,뮤지컬,1,0.5
한승모,연극,1,0.5
한승석,성악,1,0.05263157894736842
한승석,악극,1,0.05263157894736842
한승석,창극,15,0.7894736842105263
한승석,한국무용,1,0.05263157894736842
한승석,혼합,1,0.05263157894736842
한승수,오페라,1,1.0
한승업,연극,1,1.0
한승연,성악,3,1.0
한승엽,기악,1,0.5
한승엽,연극,1,0.5
한승우,연극,1,1.0
한승우너,뮤지컬,1,1.0
한승원,뮤지컬,65,0.8783783783783784
한승원,악극,1,0.013513513513513514
한승원,오페라,8,0.10810810810810811
한승재,연극,1,1.0
한승주,한국무용,1,1.0
한승현,연극,1,1.0
한승훈,기악,1,0.16666666666666666
한승훈,뮤지컬,3,0.5
한승훈,성악,1,0.16666666666666666
한승훈,혼합,1,0.16666666666666666
한신용,넌버벌 퍼포먼스,1,1.0
한아름,뮤지컬,10,0.3448275862068966
한아름,성악,2,0.06896551724137931
한아름,연극,14,0.4827586206896552
한아름,창극,1,0.034482758620689655
한아름,한국무용,1,0.034482758620689655
한아름,혼합,1,0.034482758620689655
한애정,뮤지컬,1,0.3333333333333333
한애정,연극,2,0.6666666666666666
한여원,연극,1,1.0
한연호,기악,1,1.0
한영남,연극,1,1.0
한영숙,한국무용,1,1.0
한영준,기악,1,1.0
한영훈,서커스/마술,2,0.6666666666666666
한영훈,연극,1,0.3333333333333333
한예란,뮤지컬,2,1.0
한예린,연극,2,1.0
한예진,성악,2,0.5
한예진,재즈/월드뮤직,2,0.5
한예찬,오페라,1,1.0
한옥미,기악,2,1.0
한요섭,연극,1,1.0
한용희,성악,1,1.0
한우경,연극,5,1.0
한원군,인형극,1,1.0
한원균,성악,1,0.05263157894736842
한원균,연극,16,0.8421052631578947
한원균,인형극,2,0.10526315789473684
한원식,연극,3,1.0
한유경,연극,1,1.0
한유고,연극,1,1.0
한유승,기악,1,0.1111111111111111
한유승,뮤지컬,8,0.8888888888888888
한유진,연극,7,1.0
한윤구,연극,3,1.0
한윤서,연극,2,1.0
한윤섭,연극,22,1.0
한윤제,뮤지컬,2,0.5
한윤제,연극,2,0.5
한윤지,기악,3,1.0
한은비,연극,1,0.5
한은비,한국무용,1,0.5
한은선,기악,1,1.0
한은정,연극,1,1.0
한은헤,연극,1,1.0
한은혜,연극,2,0.6666666666666666
한은혜,인형극,1,0.3333333333333333
한의주,연극,1,1.0
한이정,연극,1,1.0
한인선,기악,1,1.0
한인옥,성악,1,1.0
한재국,연극,1,1.0
한재권,연극,10,1.0
한재림,뮤지컬,1,1.0
한재영,성악,1,1.0
한재용,성악,1,1.0
한재은,뮤지컬,20,1.0
한재준,오페라,1,1.0
한재진,연극,5,1.0
한재현,연극,1,1.0
한재형,연극,1,1.0
한재호,현대무용,1,1.0
한재훈,뮤지컬,1,0.5
한재훈,연극,1,0.5
한전기,뮤지컬,1,0.5
한전기,연극,1,0.5
한정림,기타,1,0.125
한정림,뮤지컬,6,0.75
한정림,연극,1,0.125
한정미,현대무용,1,1.0
한정민,연극,1,1.0
한정석,뮤지컬,5,1.0
한정수,연극,3,1.0
한정숙,뮤지컬,1,1.0
한정아,연극,2,1.0
한정원,발레,1,1.0
한정현,뮤지컬,3,0.75
한정현,연극,1,0.25
한정화,연극,1,1.0
한정훈,성악,2,0.6666666666666666
한정훈,오페라,1,0.3333333333333333
한제민,연극,1,1.0
한종엽,연극,1,1.0
한주연,기악,1,0.16666666666666666
한주연,연극,4,0.6666666666666666
한주연,현대무용,1,0.16666666666666666
한주영,연극,1,1.0
한주은,뮤지컬,1,1.0
한주헌,기악,3,1.0
한준용,뮤지컬,2,1.0
한준휘,인형극,1,1.0
한중곤,연극,1,1.0
한지나,기악,1,1.0
한지민,연극,1,1.0
한지수,기악,1,0.3333333333333333
한지수,뮤지컬,1,0.3333333333333333
한지수,혼합,1,0.3333333333333333
한지안,뮤지컬,19,1.0
한지연,연극,1,1.0
한지용,기악,1,0.2
한지용,재즈/월드뮤직,1,0.2
한지용,혼합,3,0.6
한지원,뮤지컬,1,0.14285714285714285
한지원,서커스/마술,3,0.42857142857142855
한지원,연극,2,0.2857142857142857
한지원,오페라,1,0.14285714285714285
한지윤,기악,2,0.6666666666666666
한지윤,혼합,1,0.3333333333333333
한지은,연극,4,1.0
한지현,오페라,2,1.0
한지혜,연극,11,0.9166666666666666
한지혜,현대무용,1,0.08333333333333333
한지호,마임,1,1.0
한지훈,연극,2,1.0
한진,기악,2,1.0
한진구,기악,3,1.0
한진국,한국무용,1,1.0
한진규,연극,1,1.0
한진섭,뮤지컬,3,1.0
한진수,연희,1,1.0
한찬영,기악,1,1.0
한창수,성악,1,1.0
한창운,연극,2,1.0
한창호,한국무용,1,0.16666666666666666
한창호,현대무용,5,0.8333333333333334
한철,마당극,1,0.5
한철,연극,1,0.5
한철선,발레,1,1.0
한초롱,성악,2,1.0
한충은,연희,2,1.0
한태곤,연극,2,1.0
한태규,기악,1,1.0
한태숙,악극,1,0.0625
한태숙,연극,15,0.9375
한태준,연극,1,1.0
한태희,뮤지컬,1,1.0
한필름,발레,1,0.5
한필름,한국무용,1,0.5
한필수,뮤지컬,1,0.5
한필수,연극,1,0.5
한해운,연극,1,1.0
한혁진,연극,1,1.0
한현민,한국무용,1,1.0
한현수,연극,1,1.0
한현주,연극,5,1.0
한형민,연극,1,1.0
한형주,연극,1,1.0
한혜경,한국무용,5,1.0
한혜민,연극,5,0.4166666666666667
한혜민,인형극,7,0.5833333333333334
한혜수,뮤지컬,2,0.5
한혜수,연극,2,0.5
한혜신,뮤지컬,5,0.5
한혜신,연극,5,0.5
한혜원,연극,1,1.0
한혜정,연희,1,1.0
한혜주,발레,1,0.5
한혜주,연극,1,0.5
한호성,연극,2,1.0
한홍규,연극,1,1.0
한희상,연극,1,1.0
한희석,연극,1,1.0
한희수,연희,1,0.5
한희수,혼합,1,0.5
한희태,연극,1,0.16666666666666666
한희태,오페라,2,0.3333333333333333
한희태,창극,1,0.16666666666666666
한희태,혼합,2,0.3333333333333333
함계민,연극,1,1.0
함다예,현대무용,1,1.0
함도윤,발레,7,0.875
함도윤,현대무용,1,0.125
함석헌,성악,1,1.0
함세덕,연극,1,1.0
함승완,연극,2,1.0
함승원,연극,1,1.0
함승철,스트리트/스포츠댄스,1,1.0
함신익,기악,2,0.6666666666666666
함신익,성악,1,0.3333333333333333
함영규,뮤지컬,1,0.3333333333333333
함영규,연극,2,0.6666666666666666
함영림,기악,4,1.0
함예린,대중가요,2,1.0
함유선,연극,5,1.0
함유운,연극,1,1.0
함유진,뮤지컬,1,1.0
함자은,연극,1,1.0
함제범,연극,1,1.0
함주명,악극,1,0.5
함주명,연희,1,0.5
함지민,연극,1,1.0
함지선,기악,1,1.0
함지현,연극,4,1.0
함채연,연극,1,1.0
함태영,연극,1,1.0
함태현,연극,1,1.0
함현상,기악,4,0.36363636363636365
함현상,성악,3,0.2727272727272727
함현상,창극,1,0.09090909090909091
함현상,혼합,3,0.2727272727272727
함현진,서커스/마술,1,1.0
함형식,뮤지컬,3,0.6
함형식,연극,2,0.4
함형준,연극,1,1.0
함형현,연극,1,1.0
함혜정,연극,1,1.0
해나,뮤지컬,1,1.0
해정,뮤지컬,1,0.5
해정,연극,1,0.5
해진,뮤지컬,1,0.5
해진,연극,1,0.5
허갑균,연희,1,1.0
허강녕,뮤지컬,16,1.0
허걸재,성악,2,1.0
허경,연극,2,1.0
허경미,현대무용,2,1.0
허군열,기악,3,0.75
허군열,한국무용,1,0.25
허귀행,연극,1,1.0
허나영,성악,1,1.0
허누리,현대무용,1,1.0
허다경,연극,1,1.0
허대식,성악,1,0.3333333333333333
허대식,오페라,2,0.6666666666666666
허대욱,연극,1,1.0
허동근,연극,1,1.0
허동수,연극,1,1.0
허동혁,발레,1,0.2
허동혁,연희,3,0.6
허동혁,한국무용,1,0.2
허명현,악극,1,1.0
허미리,연극,1,1.0
허민영,연극,2,1.0
허범수,성악,1,0.09090909090909091
허범수,한국무용,2,0.18181818181818182
허범수,혼합,8,0.7272727272727273
허병필,연극,1,1.0
허복산,뮤지컬,1,1.0
허복영,기악,1,0.06666666666666667
허복영,성악,2,0.13333333333333333
허복영,오페라,12,0.8
허석민,뮤지컬,4,0.18181818181818182
허석민,연극,18,0.8181818181818182
허선영,한국무용,1,0.3333333333333333
허선영,현대무용,2,0.6666666666666666
허선혜,연극,7,1.0
허성,연극,1,1.0
허성수,연극,1,1.0
허성영,기악,1,1.0
허성윤,연극,4,1.0
허성은,현대무용,1,1.0
허성임,현대무용,4,1.0
허성준,기악,1,0.5
허성준,현대무용,1,0.5
허솔,기타,1,0.3333333333333333
허솔,연극,2,0.6666666666666666
허솔빈,연극,1,1.0
허수정,연극,1,1.0
허수진,기악,1,1.0
허수현,뮤지컬,47,0.9591836734693877
허수현,연극,2,0.04081632653061224
허순양,대중가요,1,1.0
허순회,기악,1,1.0
허시윤,연극,1,1.0
허신애,연극,1,1.0
허신혜,연극,1,1.0
허안,뮤지컬,4,1.0
허연정,뮤지컬,5,0.7142857142857143
허연정,연극,2,0.2857142857142857
허연화,연극,1,1.0
허영균,연극,6,1.0
허영숙,한국무용,1,1.0
허영웅,연극,18,1.0
허영훈,성악,1,1.0
허용순,발레,1,1.0
허유미,한국무용,1,1.0
허유진,연극,1,1.0
허윤,연극,1,1.0
허윤경,연극,2,0.5
허윤경,현대무용,2,0.5
허윤선,인형극,1,1.0
허윤정,기악,1,0.2
허윤정,연극,3,0.6
허윤정,혼합,1,0.2
허윤호,기악,1,1.0
허윤희,연극,1,1.0
허은녕,뮤지컬,1,0.25
허은녕,연극,3,0.75
허은화,성악,3,1.0
허이나,연극,1,1.0
허재성,연극,1,1.0
허재홍,연극,1,1.0
허정무,기악,1,0.3333333333333333
허정무,오페라,1,0.3333333333333333
허정무,현대무용,1,0.3333333333333333
허정승,연희,1,1.0
허정원,뮤지컬,1,0.5
허정원,연극,1,0.5
허정이,연극,1,1.0
허정인,기악,1,0.5
허정인,연극,1,0.5
허정진,마당극,1,0.16666666666666666
허정진,뮤지컬,1,0.16666666666666666
허정진,악극,2,0.3333333333333333
허정진,연극,2,0.3333333333333333
허정현,연극,2,1.0
허종원,뮤지컬,7,1.0
허준,기악,1,1.0
허준성,연극,1,1.0
허준혁,혼합,1,1.0
허준희,기악,2,0.6666666666666666
허준희,연희,1,0.3333333333333333
허지나,연극,1,1.0
허지수,연극,1,1.0
허지은,연극,1,0.5
허지은,현대무용,1,0.5
허지혜,뮤지컬,1,0.125
허지혜,연극,6,0.75
허지혜,혼합,1,0.125
허진경,연극,1,1.0
허진석,연극,1,1.0
허진영,연극,1,1.0
허진원,연극,1,1.0
허창열,연극,1,0.09090909090909091
허창열,연희,6,0.5454545454545454
허창열,창극,1,0.09090909090909091
허창열,한국무용,3,0.2727272727272727
허철,성악,2,0.5
허철,오페라,2,0.5
허태영,창극,1,1.0
허태인,연극,1,1.0
허현,연극,1,1.0
허현강,연극,1,1.0
허현호,악극,3,1.0
허혜영,기악,1,1.0
허환,한국무용,1,0.25
허환,현대무용,3,0.75
허훈,연극,4,1.0
헤럴드핀터,연극,1,1.0
헨릭 맨파,현대무용,1,1.0
헬렌 델프라트,연극,1,1.0
현기영,오페라,1,1.0
현나박,기악,1,1.0
현다정,연극,1,1.0
현대영,연극,2,1.0
현대철,연극,9,1.0
현동우,연극,1,1.0
현동윤,연극,1,1.0
현동헌,뮤지컬,1,0.16666666666666666
현동헌,오페라,5,0.8333333333333334
현동현,오페라,2,1.0
현림,연극,7,1.0
현미경,기악,1,1.0
현미자,연극,1,1.0
현민선,연극,1,1.0
현민우,기악,1,1.0
현보람,한국무용,1,1.0
현석주,성악,1,0.2
현석주,연극,1,0.2
현석주,오페라,3,0.6
현선경,성악,1,1.0
현선화,연극,1,1.0
현소희,연극,2,1.0
현승철,연극,1,1.0
현승훈,연희,1,1.0
현어진,뮤지컬,1,0.3333333333333333
현어진,악극,1,0.3333333333333333
현어진,재즈/월드뮤직,1,0.3333333333333333
현예찬,연극,1,1.0
현용호,연극,2,1.0
현우,연극,1,1.0
현유진,뮤지컬,1,0.3333333333333333
현유진,연극,2,0.6666666666666666
현윤섭,연극,1,1.0
현재혁,뮤지컬,1,1.0
현재호,악극,1,1.0
현정연,연극,1,1.0
현제명,오페라,1,1.0
현종찬,성악,1,1.0
현주은,뮤지컬,3,1.0
현지야,뮤지컬,1,1.0
현지연,성악,1,1.0
현지예,현대무용,1,1.0
현지원,대중가요,1,1.0
현지은,뮤지컬,2,0.6666666666666666
현지은,악극,1,0.3333333333333333
현진건,뮤지컬,1,1.0
현진경,기악,2,1.0
현진호,연극,1,1.0
현채희,연극,1,1.0
현천행,연극,2,1.0
현태웅,연극,1,1.0
현호정,연극,1,1.0
형남희,기악,1,1.0
형한별,연극,1,1.0
혜하,연극,1,1.0
호민,연극,9,1.0
호세 마르티네스,발레,1,1.0
호세 카를로스 알론소,연극,2,1.0
호수,기악,1,1.0
호영미,연극,1,1.0
호잇,연극,1,1.0
호페쉬 쉑터,발레,1,1.0
홍건모,넌버벌 퍼포먼스,2,0.6666666666666666
홍건모,뮤지컬,1,0.3333333333333333
홍건의,뮤지컬,1,1.0
홍경민,뮤지컬,3,1.0
홍경섭,기악,2,0.3333333333333333
홍경섭,재즈/월드뮤직,4,0.6666666666666666
홍경숙,뮤지컬,12,0.5714285714285714
홍경숙,연극,7,0.3333333333333333
홍경숙,인형극,2,0.09523809523809523
홍경인,뮤지컬,1,1.0
홍경화,현대무용,1,1.0
홍관흥,연극,1,1.0
홍광일,기악,1,1.0
홍근혁,연극,3,1.0
홍기선,뮤지컬,1,1.0
홍난파,성악,1,1.0
홍난희,현대무용,1,1.0
홍단비,뮤지컬,4,0.26666666666666666
홍단비,성악,1,0.06666666666666667
홍단비,악극,1,0.06666666666666667
홍단비,연극,8,0.5333333333333333
홍단비,혼합,1,0.06666666666666667
홍대성,성악,1,1.0
홍대열,연극,1,1.0
홍동기,기악,1,1.0
홍동진,연극,15,1.0
홍란주,연극,4,1.0
홍루현,연극,2,1.0
홍명미,연극,1,1.0
홍명화,연극,1,1.0
홍문기,뮤지컬,1,0.5
홍문기,오페라,1,0.5
홍문식,오페라,2,1.0
홍문종,연극,1,1.0
홍문표,기악,1,0.5
홍문표,연극,1,0.5
홍문화,넌버벌 퍼포먼스,1,0.16666666666666666
홍문화,연극,5,0.8333333333333334
홍민경,연극,1,1.0
홍민기,연극,1,1.0
홍민웅,혼합,2,1.0
홍민정,성악,9,0.36
홍민정,오페라,16,0.64
홍민정. 박정용,성악,1,1.0
홍민진,연극,4,1.0
홍보라,서커스/마술,6,1.0
홍보람,뮤지컬,2,1.0
홍보희,연희,1,1.0
홍사빈,뮤지컬,3,0.42857142857142855
홍사빈,악극,1,0.14285714285714285
홍사빈,연극,3,0.42857142857142855
홍상진,연극,1,0.5
홍상진,연희,1,0.5
홍서벽,악극,1,1.0
홍서혜,연극,1,1.0
홍서희,마임,1,0.2
홍서희,연극,4,0.8
홍석영,연극,2,1.0
홍석원,기악,15,0.75
홍석원,오페라,5,0.25
홍석임,오페라,3,1.0
홍석진,현대무용,1,1.0
홍석찬,연극,2,1.0
홍석환,성악,1,0.25
홍석환,연극,2,0.5
홍석환,한국무용,1,0.25
홍선미,뮤지컬,1,0.25
홍선미,연극,2,0.5
홍선미,현대무용,1,0.25
홍선재,기악,1,1.0
홍설희,기악,1,1.0
홍성덕,창극,1,1.0
홍성락,연극,2,1.0
홍성미,오페라,2,1.0
홍성민,뮤지컬,1,0.5
홍성민,연극,1,0.5
홍성수,뮤지컬,5,0.8333333333333334
홍성수,서커스/마술,1,0.16666666666666666
홍성순,연극,2,1.0
홍성연,기악,1,0.03225806451612903
홍성연,뮤지컬,7,0.22580645161290322
홍성연,악극,3,0.0967741935483871
홍성연,연극,19,0.6129032258064516
홍성연,혼합,1,0.03225806451612903
홍성용,기악,1,0.3333333333333333
홍성용,연극,2,0.6666666666666666
홍성우,발레,3,1.0
홍성욱,뮤지컬,2,0.05714285714285714
홍성욱,발레,33,0.9428571428571428
홍성제,연극,1,1.0
홍성찬,연극,1,1.0
홍성철,재즈/월드뮤직,1,1.0
홍성택,기악,4,0.8
홍성택,성악,1,0.2
홍성학,연극,3,1.0
홍성현,연극,1,1.0
홍성훈,성악,2,0.6666666666666666
홍성훈,연극,1,0.3333333333333333
홍세영,성악,1,0.5
홍세영,연극,1,0.5
홍세윤,연극,1,1.0
홍세정,뮤지컬,1,1.0
홍세훈,뮤지컬,1,1.0
홍세희,발레,1,1.0
홍소라,연극,3,1.0
홍수경,연극,1,1.0
홍수미,기악,3,1.0
홍수민,뮤지컬,2,0.4
홍수민,연극,3,0.6
홍수인,연극,1,1.0
홍수진,기악,1,1.0
홍순목,연극,1,1.0
홍순섭,연극,4,1.0
홍순철,연극,1,1.0
홍승광,넌버벌 퍼포먼스,1,0.5
홍승광,뮤지컬,1,0.5
홍승기,기악,5,0.8333333333333334
홍승기,성악,1,0.16666666666666666
홍승안,연극,1,1.0
홍승연,현대무용,1,1.0
홍승일,연극,1,1.0
홍승현,뮤지컬,1,1.0
홍승희,뮤지컬,199,0.9900497512437811
홍승희,연극,1,0.004975124378109453
홍승희,혼합,1,0.004975124378109453
홍승희 김영인,뮤지컬,1,1.0
홍승희 정호윤,뮤지컬,1,1.0
홍신주,기악,1,0.25
홍신주,뮤지컬,1,0.25
홍신주,성악,2,0.5
홍아람,뮤지컬,2,0.2222222222222222
홍아람,성악,1,0.1111111111111111
홍아람,오페라,6,0.6666666666666666
홍연경,한국무용,1,0.5
홍연경,현대무용,1,0.5
홍연우,연극,10,1.0
홍영근,연극,1,1.0
홍영림,연극,1,1.0
홍영미,기악,1,0.2
홍영미,연극,4,0.8
홍영상,기악,1,0.5
홍영상,성악,1,0.5
홍영은,성악,1,0.25
홍영은,연극,3,0.75
홍영준,연극,1,1.0
홍영진,연극,1,1.0
홍영희,오페라,1,1.0
홍예림,혼합,1,1.0
홍예성,연극,1,1.0
홍예원,연극,2,1.0
홍예은,성악,1,0.25
홍예은,오페라,3,0.75
홍용한,발레,2,1.0
홍우연,발레,1,1.0
홍우찬,연극,7,1.0
홍웅,연극,1,1.0
홍원기,연극,2,0.18181818181818182
홍원기,오페라,5,0.45454545454545453
홍원기,창극,1,0.09090909090909091
홍원기,한국무용,3,0.2727272727272727
홍원표,연극,1,1.0
홍유선,뮤지컬,14,0.9333333333333333
홍유선,연극,1,0.06666666666666667
홍유진,성악,2,0.16666666666666666
홍유진,연극,8,0.6666666666666666
홍유진,현대무용,1,0.08333333333333333
홍유진,혼합,1,0.08333333333333333
홍윤경,기악,1,0.08333333333333333
홍윤경,뮤지컬,11,0.9166666666666666
홍윤서,연극,2,1.0
홍윤진,기악,1,1.0
홍윤화,연극,2,1.0
홍은아,연극,1,1.0
홍은정,연극,1,1.0
홍은주,기악,1,0.1111111111111111
홍은주,한국무용,3,0.3333333333333333
홍은주,현대무용,5,0.5555555555555556
홍이빈,연극,1,1.0
홍이삭,재즈/월드뮤직,1,1.0
홍인배,기악,1,1.0
홍인표,연극,1,1.0
홍인호,연희,1,1.0
홍자연,연극,4,1.0
홍재임,연극,5,1.0
홍재찬,인형극,1,1.0
홍정민,뮤지컬,1,0.14285714285714285
홍정민,발레,1,0.14285714285714285
홍정민,성악,2,0.2857142857142857
홍정민,연극,3,0.42857142857142855
홍정의,뮤지컬,3,0.5
홍정의,성악,1,0.16666666666666666
홍정의,연극,1,0.16666666666666666
홍정의,연희,1,0.16666666666666666
홍정표,성악,2,1.0
홍정호,연극,4,1.0
홍정희,오페라,2,1.0
홍제만,오페라,1,1.0
홍종명,연극,1,1.0
홍종화,기악,1,0.25
홍종화,뮤지컬,1,0.25
홍종화,연극,2,0.5
홍주아,연극,5,1.0
홍주아 박진우,연극,1,1.0
홍주연,연극,1,1.0
홍주영,기악,1,0.25
홍주영,기타,1,0.25
홍주영,연극,2,0.5
홍주원,연극,1,1.0
홍주희,성악,1,0.09090909090909091
홍주희,연극,8,0.7272727272727273
홍주희,오페라,1,0.09090909090909091
홍주희,혼합,1,0.09090909090909091
홍준기,뮤지컬,1,1.0
홍준영,한국무용,1,1.0
홍준의,연극,1,1.0
홍준호,연극,1,1.0
홍준화,뮤지컬,1,1.0
홍지선,기악,1,1.0
홍지수,연극,1,1.0
홍지안,연극,1,1.0
홍지연,기악,1,0.2
홍지연,연극,4,0.8
홍지영,대중가요,1,0.14285714285714285
홍지영,연극,1,0.14285714285714285
홍지영,창극,1,0.14285714285714285
홍지영,한국무용,4,0.5714285714285714
홍지우,현대무용,1,1.0
홍지원,뮤지컬,1,0.2
홍지원,연극,1,0.2
홍지원,오페라,3,0.6
홍지현,연극,1,0.5
홍지현,현대무용,1,0.5
홍지혜,성악,2,1.0
홍진기,연극,1,1.0
홍진선,오페라,1,1.0
홍진웅,연극,3,1.0
홍진형,연극,4,1.0
홍창수,연극,1,1.0
홍채원,기악,3,0.375
홍채원,연극,5,0.625
홍채효,연극,1,1.0
홍충민,뮤지컬,3,0.5
홍충민,연극,3,0.5
홍학표,연극,2,1.0
홍해현,연극,1,1.0
홍현석,연극,1,1.0
홍현우,연극,8,1.0
홍현주,오페라,1,0.5
홍현주,재즈/월드뮤직,1,0.5
홍현지,연극,1,1.0
홍혜란,오페라,1,1.0
홍혜련,연극,3,1.0
홍혜림,혼합,1,1.0
홍혜선,뮤지컬,1,0.5
홍혜선,연극,1,0.5
홍혜영,연극,1,1.0
홍혜원,뮤지컬,4,1.0
홍혜진,연극,1,1.0
홍효주,성악,1,1.0
홍희경,발레,2,1.0
황 럼 뚱,연극,1,1.0
황강민,연극,1,1.0
황건희,연극,5,1.0
황경은,현대무용,1,1.0
황경호,발레,1,0.16666666666666666
황경호,연극,4,0.6666666666666666
황경호,현대무용,1,0.16666666666666666
황교성,연극,3,1.0
황교진,연극,1,1.0
황규동,뮤지컬,25,1.0
황규백,혼합,1,1.0
황규선,한국무용,1,1.0
황규연,연극,4,1.0
황근복,연극,3,1.0
황근생,연극,1,1.0
황금성,연극,1,1.0
황기현,뮤지컬,2,0.18181818181818182
황기현,연극,9,0.8181818181818182
황나경,연극,1,1.0
황나영,연극,4,1.0
황나은,연극,1,1.0
황다경,연극,1,1.0
황덕신,연극,4,1.0
황도민,기악,1,1.0
황도원,연극,1,1.0
황동근,연극,5,1.0
황동우,연극,9,1.0
황동준,성악,1,0.5
황동준,혼합,1,0.5
황동찬,기악,2,1.0
황두수,대중가요,1,0.037037037037037035
황두수,뮤지컬,23,0.8518518518518519
황두수,연극,3,0.1111111111111111
황루시,연희,1,1.0
황만우,연극,1,1.0
황모과,연희,1,1.0
황문주,한국무용,1,0.5
황문주,현대무용,1,0.5
황미나,기악,3,0.5
황미나,뮤지컬,1,0.16666666666666666
황미나,연극,1,0.16666666666666666
황미나,오페라,1,0.16666666666666666
황미란,기악,1,0.5
황미란,연극,1,0.5
황미래,성악,1,1.0
황미숙,넌버벌 퍼포먼스,1,0.2
황미숙,연극,2,0.4
황미숙,한국무용,1,0.2
황미숙,현대무용,1,0.2
황미애,연극,6,1.0
황미정,기악,1,1.0
황미주,뮤지컬,6,1.0
황민왕,연희,7,1.0
황민정,뮤지컬,3,1.0
황민형,뮤지컬,1,1.0
황바울,뮤지컬,7,1.0
황배진,연극,1,1.0
황병권,마당극,1,1.0
황병기,기악,3,1.0
황병수,연극,1,1.0
황새미,대중가요,1,0.3333333333333333
황새미,성악,2,0.6666666666666666
황석영,연극,1,1.0
황석용,연극,2,0.6666666666666666
황석용,인형극,1,0.3333333333333333
황석정,오페라,1,1.0
황석현,기악,1,1.0
황석희,뮤지컬,2,0.3333333333333333
황석희,연극,4,0.6666666666666666
황선록,연극,2,1.0
황선미,성악,1,0.5
황선미,연극,1,0.5
황선영,뮤지컬,7,0.7777777777777778
황선영,연극,2,0.2222222222222222
황선희,뮤지컬,1,1.0
황설윤,오페라,3,1.0
황설하,연극,1,1.0
황성곤,성악,1,0.5
황성곤,오페라,1,0.5
황성범,뮤지컬,1,1.0
황성순,기악,1,1.0
황성식,연극,1,0.5
황성식,현대무용,1,0.5
황성윤,오페라,1,1.0
황성은,연극,3,1.0
황성진,오페라,1,1.0
황성하,인형극,3,1.0
황성현,연극,2,1.0
황성호,연극,1,1.0
황성화,뮤지컬,1,0.5
황성화,연극,1,0.5
황세원,연극,2,1.0
황세희,연극,3,1.0
황수경,기악,1,1.0
황수미,연극,1,1.0
황수빈,기악,1,0.5
황수빈,연극,1,0.5
황수아,연극,4,1.0
황수정,현대무용,1,1.0
황수지,연극,1,1.0
황수진,성악,1,1.0
황수현,연극,1,0.2
황수현,현대무용,4,0.8
황순기,기악,1,0.5
황순기,대중가요,1,0.5
황승경,악극,1,0.3333333333333333
황승경,연극,2,0.6666666666666666
황승연,혼합,1,1.0
황승일,연극,1,1.0
황승주,성악,1,1.0
황승현,연극,1,1.0
황시영,연극,2,1.0
황시윤,연극,4,1.0
황아름,연극,1,1.0
황연수,연극,1,1.0
황연희,뮤지컬,3,0.1875
황연희,연극,13,0.8125
황영복,기악,1,1.0
황영은,기악,1,1.0
황영호,연극,1,1.0
황예솔,연극,1,1.0
황예슬,뮤지컬,11,0.9166666666666666
황예슬,연극,1,0.08333333333333333
황예원,기악,2,1.0
황예은,성악,2,1.0
황예지,연극,1,1.0
황운기,연극,9,1.0
황운용,연극,1,1.0
황웅기,연극,1,1.0
황유경,뮤지컬,1,0.25
황유경,연극,3,0.75
황유순,성악,1,1.0
황유정,기악,1,1.0
황유택,연극,1,1.0
황윤기,연극,1,1.0
황윤동,연극,19,1.0
황윤정,기악,3,0.75
황윤정,성악,1,0.25
황윤지,연극,1,0.5
황윤지,한국무용,1,0.5
황윤하,연극,3,1.0
황윤희,기악,2,1.0
황은미,뮤지컬,1,1.0
황은별,연극,2,1.0
황은영,뮤지컬,2,0.3333333333333333
황은영,성악,4,0.6666666666666666
황은정,재즈/월드뮤직,2,1.0
황은진,한국무용,1,1.0
황은화,연극,1,1.0
황은후,연극,1,1.0
황의성,창극,1,1.0
황의종,기악,1,1.0
황이레,뮤지컬,1,1.0
황이선,뮤지컬,1,0.07142857142857142
황이선,악극,1,0.07142857142857142
황이선,연극,12,0.8571428571428571
황익순,발레,4,0.8
황익순,현대무용,1,0.2
황인뢰,연극,2,1.0
황인서,기악,1,1.0
황인선,발레,3,1.0
황인영,발레,1,1.0
황인우,뮤지컬,1,1.0
황인준,연극,1,1.0
황인철,현대무용,1,1.0
황인호,연극,1,1.0
황일선,연극,3,1.0
황일영,넌버벌 퍼포먼스,2,0.6666666666666666
황일영,한국무용,1,0.3333333333333333
황자람,뮤지컬,1,0.3333333333333333
황자람,연극,2,0.6666666666666666
황자미,연극,1,1.0
황재두,창극,1,1.0
황재섭,발레,1,0.25
황재섭,한국무용,1,0.25
황재섭,현대무용,2,0.5
황재인,기악,1,1.0
황재현,연극,1,1.0
황재희,연극,2,1.0
황정남,마당극,1,0.2
황정남,발레,1,0.2
황정남,한국무용,3,0.6
황정미,연극,1,1.0
황정민,연극,1,1.0
황정숙,기악,1,1.0
황정우,스트리트/스포츠댄스,1,1.0
황정원,연극,2,1.0
황정은,뮤지컬,1,0.16666666666666666
황정은,성악,1,0.16666666666666666
황정은,연극,3,0.5
황정은,오페라,1,0.16666666666666666
황종량,한국무용,1,1.0
황종모,현대무용,1,1.0
황주영,연극,1,1.0
황주원,대중가요,2,1.0
황준,뮤지컬,1,1.0
황준석,연극,1,1.0
황준용,연극,1,1.0
황준형,연극,5,1.0
황준희,연극,2,1.0
황지선,마당극,1,0.06666666666666667
황지선,연극,13,0.8666666666666667
황지선,현대무용,1,0.06666666666666667
황지성,연극,1,1.0
황지연,기악,1,0.010752688172043012
황지연,뮤지컬,90,0.967741935483871
황지연,연극,2,0.021505376344086023
황지영,뮤지컬,4,0.6666666666666666
황지영,연극,1,0.16666666666666666
황지영,창극,1,0.16666666666666666
황지우,연극,1,1.0
황지인,기악,2,0.6666666666666666
황지인,마당극,1,0.3333333333333333
황지현,뮤지컬,2,1.0
황지훈,연극,1,1.0
황진,기악,5,1.0
황진성,뮤지컬,1,0.25
황진성,발레,2,0.5
황진성,연극,1,0.25
황진아,한국무용,1,1.0
황진호,연극,1,1.0
황찬용,한국무용,1,1.0
황찰리,기악,1,0.3333333333333333
황찰리,재즈/월드뮤직,2,0.6666666666666666
황청하,성악,1,1.0
황태경,연극,1,1.0
황태규,연극,1,1.0
황태선,연극,11,0.9166666666666666
황태선,혼합,1,0.08333333333333333
황태승,연극,1,1.0
황태윤,성악,1,1.0
황태율,뮤지컬,3,0.75
황태율,성악,1,0.25
황태인,한국무용,1,1.0
황택하,연극,1,1.0
황텅셩,현대무용,1,1.0
황하연,기악,2,1.0
황해숙,오페라,1,1.0
황혁진,서커스/마술,7,0.875
황혁진,연극,1,0.125
황현순,뮤지컬,1,1.0
황현우,뮤지컬,1,1.0
황현정,뮤지컬,20,1.0
황형순,뮤지컬,1,1.0
황혜령,기악,1,1.0
황혜리,기악,1,1.0
황혜영,기악,1,1.0
황혜원,연극,1,1.0
황혜정,기악,1,0.5
황혜정,혼합,1,0.5
황혜지,기악,1,0.3333333333333333
황혜지,연극,2,0.6666666666666666
황호규,뮤지컬,3,0.75
황호규,연극,1,0.25
황호빈,연극,1,1.0
황호연,연극,1,1.0
황호준,기악,4,0.15384615384615385
황호준,뮤지컬,7,0.2692307692307692
황호준,성악,2,0.07692307692307693
황호준,연극,2,0.07692307692307693
황호준,창극,7,0.2692307692307692
황호준,한국무용,1,0.038461538461538464
황호준,혼합,3,0.11538461538461539
황호찬,연극,1,1.0
황희상,현대무용,2,1.0
황희원,뮤지컬,4,0.5
황희원,연극,4,0.5
황희천,기악,4,0.8
황희천,대중가요,1,0.2
회상지,현대무용,1,1.0
후지와라 하루키,연극,1,1.0
후쿠나가 아사코,뮤지컬,1,1.0
훌리안 바트,기악,2,1.0
휴 휠러,뮤지컬,2,1.0
히로아키 우메다,현대무용,1,1.0
히사이시 조,기악,1,1.0
힌리히 호르스트코테,오페라,1,1.0
