person,genre,count,score
10CM,대중가요,1,1.0
JERRY,연극,1,1.0
qkrtnsdk,기악,1,1.0
가득희,연극,1,1.0
가람,뮤지컬,1,1.0
가람이,뮤지컬,1,1.0
가즈시 오노,기악,1,1.0
가호,대중가요,1,1.0
간미연,뮤지컬,3,0.75
간미연,연극,1,0.25
간효진,기악,1,1.0
감보정,연극,1,1.0
감수정,뮤지컬,1,1.0
감혜진,오페라,1,1.0
강건후,대중가요,1,1.0
강경동,연극,1,1.0
강경원,성악,1,0.5
강경원,오페라,1,0.5
강경이,성악,1,1.0
강경준,뮤지컬,1,1.0
강고은,연극,2,1.0
강기성,성악,1,1.0
강기연,뮤지컬,1,0.5
강기연,연극,1,0.5
강기영,뮤지컬,1,1.0
강기정,연극,1,1.0
강기호,연극,3,1.0
강길원,연희,1,1.0
강나래,기악,1,1.0
강나리,뮤지컬,1,0.5
강나리,연극,1,0.5
강나영,발레,2,1.0
강나현,뮤지컬,1,0.5
강나현,창극,1,0.5
강낙현,현대무용,1,1.0
강남,뮤지컬,1,1.0
강남주,기악,1,1.0
강남희,성악,1,1.0
강노아,뮤지컬,1,1.0
강다솜,현대무용,1,1.0
강다영,발레,1,1.0
강다윤,연극,1,1.0
강다현,성악,1,1.0
강다현 김혜원,연극,1,1.0
강다형,연극,2,1.0
강대근,연극,3,1.0
강대명,기악,1,1.0
강대영,연극,1,1.0
강대운,뮤지컬,2,1.0
강대웅,뮤지컬,3,1.0
강대진,뮤지컬,1,1.0
강대희,연극,1,1.0
강동명,오페라,1,1.0
강동석,기악,5,0.8333333333333334
강동석,뮤지컬,1,0.16666666666666666
강동수,연극,1,1.0
강동언,한국무용,1,1.0
강동엽,기악,4,1.0
강동옥,연희,1,1.0
강동우,뮤지컬,1,1.0
강동웅,연극,1,1.0
강동훈,성악,1,1.0
강두,연극,1,1.0
강량원,연극,1,1.0
강령은,기악,2,1.0
강리정,대중가요,2,1.0
강만호,기악,1,1.0
강메라,기악,1,1.0
강명주,연극,1,1.0
강모세,현대무용,1,1.0
강무림,기악,2,0.5
강무림,성악,1,0.25
강무림,오페라,1,0.25
강미사,기악,1,1.0
강미선,기악,1,0.3333333333333333
강미선,발레,1,0.3333333333333333
강미선,연희,1,0.3333333333333333
강미연,기악,1,1.0
강미영,연극,1,1.0
강미정,연극,1,1.0
강민경,기악,1,0.5
강민경,성악,1,0.5
강민석,기악,1,0.16666666666666666
강민석,성악,1,0.16666666666666666
강민석,연극,3,0.5
강민석,오페라,1,0.16666666666666666
강민성,오페라,3,1.0
강민솔,기악,1,1.0
강민송,기악,2,1.0
강민수,기악,1,1.0
강민숙,연극,1,1.0
강민영,뮤지컬,1,1.0
강민우,발레,1,0.5
강민우,오페라,1,0.5
강민원,연극,1,1.0
강민정,기악,4,0.8
강민정,연극,1,0.2
강민제,연극,1,1.0
강민주,연극,1,0.5
강민주,현대무용,1,0.5
강민지,기악,1,0.16666666666666666
강민지,발레,1,0.16666666666666666
강민지,연극,4,0.6666666666666666
강민하,뮤지컬,1,1.0
강민형,연극,1,1.0
강민호,연극,2,1.0
강범수,연극,1,1.0
강별,연극,1,1.0
강병욱,연극,1,1.0
강병웅,연극,3,1.0
강병원,뮤지컬,6,1.0
강병주,연극,1,0.5
강병주,혼합,1,0.5
강병준,연극,1,1.0
강병호,기악,1,1.0
강보라,기악,1,1.0
강보람,현대무용,1,1.0
강보름,연극,1,1.0
강보은,뮤지컬,1,1.0
강봉금,연극,1,1.0
강부영,성악,1,1.0
강부자,연극,1,1.0
강산에,대중가요,1,1.0
강산이,재즈/월드뮤직,1,1.0
강산하,뮤지컬,2,1.0
강상규,악극,1,1.0
강상길,연극,1,1.0
강상언,대중가요,1,1.0
강상준,뮤지컬,1,1.0
강서희,연극,1,1.0
강석민,연극,1,1.0
강석우,성악,1,1.0
강석원,성악,1,1.0
강석호,뮤지컬,1,0.5
강석호,연극,1,0.5
강석훈,연극,1,1.0
강석희,기악,1,0.5
강석희,대중가요,1,0.5
강선민,뮤지컬,1,1.0
강선영,연극,2,1.0
강선일,기악,1,1.0
강성경,서커스/마술,1,1.0
강성숙,연극,1,1.0
강성애,기악,2,1.0
강성우,기악,1,1.0
강성욱,연극,2,1.0
강성진,뮤지컬,1,0.25
강성진,연극,3,0.75
강성해,악극,1,1.0
강성호,기악,1,1.0
강세영,발레,1,1.0
강세은,기악,1,1.0
강소연,뮤지컬,1,0.5
강소연,연극,1,0.5
강소영,기악,1,0.5
강소영,오페라,1,0.5
강수미,연극,1,1.0
강수이,기악,2,1.0
강수정,기악,1,1.0
강수진,발레,3,1.0
강수창,뮤지컬,6,1.0
강수현,연극,1,1.0
강숙현,연희,1,1.0
강순규,성악,1,1.0
강승구,뮤지컬,1,1.0
강승리,연극,2,1.0
강승리. 김광원,연극,1,1.0
강승민,기악,4,0.6666666666666666
강승민,연극,2,0.3333333333333333
강승우,연극,1,1.0
강승주,뮤지컬,1,1.0
강승호,기악,1,0.25
강승호,연극,3,0.75
강승훈,대중가요,1,1.0
강시민,연극,1,1.0
강신구,넌버벌 퍼포먼스,1,0.5
강신구,연극,1,0.5
강신모,오페라,2,1.0
강신욱,기악,1,1.0
강신일,기악,1,0.5
강신일,연극,1,0.5
강신태,기악,1,0.5
강신태,기타,1,0.5
강신혜,연극,2,1.0
강아림,악극,1,1.0
강아솔,기악,1,1.0
강아연,기악,1,1.0
강아영,뮤지컬,1,1.0
강아홀,기악,1,1.0
강안나,기악,1,1.0
강애심,연극,4,1.0
강여진,연극,1,1.0
강연정,뮤지컬,1,0.5
강연정,연극,1,0.5
강연종,성악,1,1.0
강연주,연극,1,1.0
강연지,기악,1,1.0
강연호,연극,2,1.0
강영고,연극,1,1.0
강영미,한국무용,1,1.0
강영석,연극,1,1.0
강영원,기악,2,1.0
강영은,연극,4,1.0
강영이,기악,1,1.0
강영지,연극,1,1.0
강예리,연극,1,1.0
강예린,연극,1,1.0
강예슬,대중가요,1,1.0
강예은,연극,1,1.0
강예진,연극,1,1.0
강요섭,현대무용,3,1.0
강요셉,오페라,1,1.0
강요요,뮤지컬,1,1.0
강우람,연극,3,1.0
강우림,연극,1,1.0
강우성,기악,2,0.6666666666666666
강우성,성악,1,0.3333333333333333
강우정,연극,1,1.0
강우진,연극,1,1.0
강원기,연희,1,1.0
강원래,뮤지컬,2,1.0
강원석,성악,1,1.0
강원재,뮤지컬,1,0.3333333333333333
강원재,연극,2,0.6666666666666666
강유나,기악,1,1.0
강유미,뮤지컬,1,1.0
강유선,기악,1,1.0
강유정,기악,1,1.0
강유중,연극,3,0.75
강유중,혼합,1,0.25
강유진,연극,1,1.0
강유찬,연극,1,1.0
강유희,연극,1,0.5
강유희,인형극,1,0.5
강윤석,기악,2,0.6666666666666666
강윤석,뮤지컬,1,0.3333333333333333
강윤지,기악,1,0.3333333333333333
강윤지,성악,1,0.3333333333333333
강윤지,연극,1,0.3333333333333333
강은경,기악,1,1.0
강은비,뮤지컬,2,1.0
강은영,재즈/월드뮤직,1,1.0
강은일,기악,2,0.6666666666666666
강은일,연극,1,0.3333333333333333
강은정,기악,3,1.0
강은하,기악,1,1.0
강은혜,발레,2,1.0
강이낻,뮤지컬,1,1.0
강이슬,연극,1,1.0
강이채,대중가요,2,1.0
강인대,연극,1,1.0
강인성,연극,1,1.0
강일경,연극,2,1.0
강일생,연극,1,1.0
강자연,기악,1,1.0
강재림,연극,2,1.0
강재훈,재즈/월드뮤직,4,1.0
강재훈 크리스 바가,재즈/월드뮤직,1,1.0
강전영,인형극,1,1.0
강전한,대중가요,1,1.0
강정선,현대무용,1,1.0
강정숙,기악,1,0.5
강정숙,성악,1,0.5
강정우,기타,1,0.3333333333333333
강정우,뮤지컬,2,0.6666666666666666
강정은,기악,1,1.0
강정임,뮤지컬,3,0.75
강정임,연극,1,0.25
강정호,기악,3,1.0
강정화,연극,2,1.0
강정희,연극,1,1.0
강제권,연극,2,1.0
강종현,연극,1,1.0
강주리,기악,1,0.5
강주리,연극,1,0.5
강주미,한국무용,1,1.0
강주영,연극,1,1.0
강주이,기악,1,1.0
강주형,한국무용,1,1.0
강주희,기악,1,0.16666666666666666
강주희,연극,5,0.8333333333333334
강준,연극,1,1.0
강준경,기악,1,1.0
강준영,연극,1,1.0
강준우,대중가요,1,1.0
강중원,인형극,1,1.0
강지나,연극,1,1.0
강지수,연극,2,1.0
강지연,발레,1,0.5
강지연,성악,1,0.5
강지영,기악,2,1.0
강지완,연극,3,1.0
강지원,기악,1,0.3333333333333333
강지원,연극,2,0.6666666666666666
강지유,연극,1,1.0
강지윤,연극,1,1.0
강지은,기악,1,0.125
강지은,연극,7,0.875
강지헤,뮤지컬,1,1.0
강지현,연극,2,1.0
강지혜,뮤지컬,5,0.5555555555555556
강지혜,연극,4,0.4444444444444444
강진,대중가요,1,1.0
강진구,연극,1,1.0
강진석,혼합,1,1.0
강진수,연극,1,1.0
강진안 김건중,현대무용,1,1.0
강진철,연극,2,1.0
강진희,성악,3,1.0
강찬,뮤지컬,5,0.8333333333333334
강찬,연극,1,0.16666666666666666
강찬욱,기악,2,1.0
강채권,연극,1,1.0
강채연,기악,1,1.0
강채원,성악,1,1.0
강철,기악,1,1.0
강초롱,기악,2,1.0
강태식,재즈/월드뮤직,1,1.0
강태영,기악,1,0.5
강태영,연극,1,0.5
강태우,연극,1,1.0
강태욱,연극,1,1.0
강태원,현대무용,1,1.0
강태을,뮤지컬,2,1.0
강필석,뮤지컬,5,0.8333333333333334
강필석,연극,1,0.16666666666666666
강하늘,연극,1,1.0
강하주,연극,1,1.0
강학수,연극,1,1.0
강한결,재즈/월드뮤직,1,1.0
강한나,현대무용,1,1.0
강한뫼,기악,1,1.0
강한별,기악,1,0.25
강한별,연극,3,0.75
강한솔,연극,1,1.0
강해진,연극,3,1.0
강헤명,오페라,2,1.0
강헤정,기악,2,0.5
강헤정,성악,2,0.5
강혁,현대무용,2,1.0
강현구,뮤지컬,2,0.5
강현구,연극,2,0.5
강현식,기타,1,1.0
강현아,연극,1,1.0
강현영,기악,1,1.0
강현우,연극,1,1.0
강현욱,연극,2,1.0
강현주,연극,1,1.0
강현호,현대무용,1,1.0
강형규,기악,1,0.25
강형규,성악,1,0.25
강형규,오페라,2,0.5
강형철,연극,1,1.0
강형호,기타,3,1.0
강혜련,연극,3,1.0
강혜명,오페라,1,1.0
강혜연,뮤지컬,1,1.0
강혜은,한국무용,1,1.0
강혜인,뮤지컬,1,0.5
강혜인,연극,1,0.5
강혜정,기악,5,0.625
강혜정,성악,2,0.25
강혜정,오페라,1,0.125
강혜지,기악,1,1.0
강호곤,성악,1,1.0
강호현,발레,1,1.0
강홍석,뮤지컬,3,1.0
강홍은,연극,1,1.0
강화자,성악,1,0.5
강화자,오페라,1,0.5
강효석,연극,1,1.0
강효정,기악,2,0.5
강효정,발레,1,0.25
강효정,연극,1,0.25
강효주,기악,1,1.0
강효지,기악,1,1.0
강효진,기악,1,1.0
강효형,발레,1,1.0
강훈,기악,1,0.5
강훈,성악,1,0.5
강희만,연극,1,1.0
강희석,연극,1,1.0
강희세,뮤지컬,1,1.0
강희수,대중가요,1,1.0
강희영,연극,1,1.0
강희윤,기악,1,1.0
강희은,기악,1,1.0
강희제,연극,1,1.0
겅두섭,뮤지컬,1,1.0
견두리,성악,2,1.0
견민성,연극,2,1.0
견진현,뮤지컬,1,1.0
경민선,기악,1,0.5
경민선,한국무용,1,0.5
경지은,연극,4,1.0
경진수,뮤지컬,1,1.0
경희설,기악,3,1.0
계범주,대중가요,1,1.0
고강민,뮤지컬,3,0.5
고강민,연극,3,0.5
고건,연극,1,1.0
고경록,연극,1,1.0
고경인,연극,1,1.0
고관수,기악,1,1.0
고광철,성악,1,1.0
고귀경,연극,1,1.0
고귀현,연극,3,1.0
고금성,대중가요,1,0.3333333333333333
고금성,성악,1,0.3333333333333333
고금성,혼합,1,0.3333333333333333
고기현,연극,1,1.0
고길영,기악,1,1.0
고난영,연극,2,1.0
고능석,마임,1,0.3333333333333333
고능석,연극,2,0.6666666666666666
고동균,연극,2,1.0
고동욱,연극,1,1.0
고동현,성악,3,1.0
고동휘,뮤지컬,1,1.0
고로헌,기악,1,1.0
고린,기악,1,1.0
고명기,기악,1,1.0
고명진,기악,1,1.0
고명환,연극,1,1.0
고명희,연극,1,1.0
고민규,연극,1,1.0
고민진,오페라,1,1.0
고범찬,연극,1,1.0
고병량,기악,1,1.0
고병준,성악,1,1.0
고병택,연극,1,1.0
고봉조,뮤지컬,1,1.0
고상지,기악,4,0.5714285714285714
고상지,기타,1,0.14285714285714285
고상지,재즈/월드뮤직,2,0.2857142857142857
고상호,대중가요,1,0.3333333333333333
고상호,뮤지컬,2,0.6666666666666666
고석기,연극,2,1.0
고선미,성악,1,1.0
고선웅,뮤지컬,1,0.125
고선웅,연극,6,0.75
고선웅,창극,1,0.125
고성재,연극,1,1.0
고성헌,기악,1,1.0
고성현,기악,4,0.5714285714285714
고성현,성악,3,0.42857142857142855
고성희,성악,1,1.0
고소연,기악,1,1.0
고소현,기악,2,0.6666666666666666
고소현,성악,1,0.3333333333333333
고수빈,연극,1,1.0
고수영,기악,1,0.5
고수영,연극,1,0.5
고수진,오페라,1,1.0
고수희,연극,2,1.0
고순덕,연극,1,1.0
고승미,뮤지컬,2,1.0
고승유,연극,1,1.0
고승희,성악,2,1.0
고아라,기악,1,0.14285714285714285
고아라,성악,4,0.5714285714285714
고아라,연극,2,0.2857142857142857
고애니,기악,1,1.0
고애리,연극,2,1.0
고연경,기악,1,0.5
고연경,연극,1,0.5
고연옥,연극,1,1.0
고영민,뮤지컬,1,1.0
고영봉,뮤지컬,1,1.0
고영빈,뮤지컬,1,0.3333333333333333
고영빈,연극,2,0.6666666666666666
고영열,기타,3,0.75
고영열,혼합,1,0.25
고영욱,인형극,1,1.0
고영일,기악,1,0.5
고영일,기타,1,0.5
고영주,연극,1,1.0
고영찬,대중가요,1,1.0
고영철,연극,1,1.0
고영호,오페라,1,1.0
고예린,기악,1,1.0
고예주,대중가요,1,1.0
고용선,연극,4,1.0
고우리,한국무용,3,1.0
고우림,기악,1,0.25
고우림,기타,3,0.75
고우서,연극,2,1.0
고운,뮤지컬,1,0.5
고운,연극,1,0.5
고유진,뮤지컬,3,1.0
고은경,연극,1,0.5
고은경,인형극,1,0.5
고은별,연극,1,1.0
고은비,뮤지컬,1,1.0
고은성,대중가요,1,0.5
고은성,뮤지컬,1,0.5
고은영,뮤지컬,2,0.4
고은영,오페라,2,0.4
고은영,혼합,1,0.2
고은정,오페라,1,1.0
고은지,기악,1,0.3333333333333333
고은지,성악,2,0.6666666666666666
고은하,성악,1,1.0
고의석,기악,3,1.0
고인배,연극,1,1.0
고재경,마임,4,0.5714285714285714
고재경,연극,3,0.42857142857142855
고재규,재즈/월드뮤직,1,1.0
고재현,혼합,1,1.0
고정현,기악,1,1.0
고정훈,성악,1,0.5
고정훈,연극,1,0.5
고제형,오페라,1,1.0
고조영,연극,1,1.0
고종승,뮤지컬,1,1.0
고주영,연극,1,1.0
고주원,연극,1,1.0
고준오,뮤지컬,1,1.0
고지완,오페라,1,1.0
고지은,성악,1,0.5
고지은,연극,1,0.5
고지혁,연극,1,1.0
고진수,대중가요,1,0.5
고진수,연극,1,0.5
고진아,기악,1,1.0
고진영,기악,1,1.0
고진호,성악,1,1.0
고찬용,뮤지컬,1,1.0
고창환,넌버벌 퍼포먼스,1,1.0
고철순,연극,1,1.0
고충진,기악,1,0.5
고충진,성악,1,0.5
고태선,서커스/마술,2,1.0
고태열,연극,1,1.0
고태욱,악극,1,1.0
고태현,연극,1,1.0
고한승,기악,1,0.5
고한승,성악,1,0.5
고한웅,기타,1,1.0
고현경,기악,1,1.0
고현아,오페라,2,1.0
고현준,연극,1,1.0
고형민,기악,1,1.0
고형준,연극,4,1.0
고혜선,한국무용,1,1.0
고혜수,뮤지컬,2,1.0
고혜운,기악,1,1.0
고혜정,연극,1,1.0
고혜종,연극,1,1.0
고홍진,연극,1,1.0
고훈,발레,1,1.0
고훈정,기타,1,0.2
고훈정,뮤지컬,4,0.8
고흥열,현대무용,1,1.0
고희안,재즈/월드뮤직,9,1.0
곡수인,연극,2,1.0
공귀주,기악,1,1.0
공기남,대중가요,1,1.0
공미연,성악,1,1.0
공민선,한국무용,1,1.0
공민섭,뮤지컬,1,1.0
공민채,기악,1,1.0
공병우,기악,1,0.3333333333333333
공병우,오페라,2,0.6666666666666666
공병준,악극,2,0.6666666666666666
공병준,연극,1,0.3333333333333333
공상아,연극,1,1.0
공선민,연극,1,1.0
공성재,한국무용,1,1.0
공세정,기악,1,1.0
공소영,연극,2,1.0
공승아,연극,1,1.0
공양제,연극,2,1.0
공연화,현대무용,1,1.0
공원영,기악,1,1.0
공재민,연극,4,1.0
공재현,연극,2,1.0
공정연,기악,1,1.0
공지혜,연극,1,1.0
공찬호,연극,3,1.0
공홍표,연극,1,1.0
공희경,악극,1,1.0
공희상,성악,2,1.0
곽근아,연극,2,1.0
곽나영,기악,1,1.0
곽다인,뮤지컬,1,1.0
곽동연,연극,1,1.0
곽동주,연극,1,1.0
곽동현,대중가요,2,0.5
곽동현,성악,2,0.5
곽두성,연극,3,1.0
곽두환,연극,6,1.0
곽민진,기악,1,1.0
곽보라,성악,1,1.0
곽선영,연극,1,1.0
곽성은,연극,3,1.0
곽수정,연극,1,1.0
곽아영,기악,2,0.6666666666666666
곽아영,악극,1,0.3333333333333333
곽연희,기악,3,0.75
곽연희,오페라,1,0.25
곽예진,연극,1,1.0
곽유평,연극,2,1.0
곽유하,현대무용,1,1.0
곽은태,뮤지컬,2,1.0
곽재영,기악,1,1.0
곽재용,대중가요,1,1.0
곽재혁,기악,1,1.0
곽정,기악,2,1.0
곽준용,대중가요,1,1.0
곽지수,연극,1,1.0
곽지숙,연극,2,1.0
곽지승,기악,1,1.0
곽지웅,대중가요,1,0.3333333333333333
곽지웅,성악,1,0.3333333333333333
곽지웅,재즈/월드뮤직,1,0.3333333333333333
곽창선,성악,1,1.0
곽태준,악극,1,1.0
곽하은,연극,2,1.0
곽현주,성악,2,0.6666666666666666
곽현주,오페라,1,0.3333333333333333
곽현호,뮤지컬,1,1.0
곽혜진,연극,1,1.0
곽희찬,뮤지컬,1,1.0
구가빈,연극,1,1.0
구경훈,넌버벌 퍼포먼스,1,1.0
구관회,연극,2,1.0
구교진,재즈/월드뮤직,2,1.0
구기환,연극,1,1.0
구다빈,뮤지컬,1,1.0
구다영,성악,1,1.0
구도윤,뮤지컬,1,1.0
구모영,오페라,1,1.0
구미정,기악,1,1.0
구민영,기악,1,0.3333333333333333
구민영,성악,1,0.3333333333333333
구민영,오페라,1,0.3333333333333333
구민정,연극,1,1.0
구민지,기악,1,1.0
구본광,기악,1,0.25
구본광,오페라,3,0.75
구본룡,기악,1,1.0
구본수,기악,2,0.4
구본수,성악,3,0.6
구본영,연극,2,1.0
구본진,서커스/마술,1,0.25
구본진,연극,2,0.5
구본진,오페라,1,0.25
구선진,마임,1,1.0
구선화,연극,1,1.0
구수민,기악,1,0.5
구수민,오페라,1,0.5
구시연,연극,1,1.0
구아인,기악,1,1.0
구예니,성악,1,1.0
구예은,기악,1,1.0
구옥분,연극,1,1.0
구원영,뮤지컬,1,1.0
구윤영,연극,1,1.0
구윤희,뮤지컬,2,1.0
구은경,성악,1,0.3333333333333333
구은경,오페라,2,0.6666666666666666
구은정,기악,1,1.0
구은홍,연극,2,1.0
구자순,연극,1,1.0
구자승,연극,1,1.0
구자윤,연극,1,1.0
구자은,기악,1,1.0
구자환,연희,1,1.0
구재연,연희,1,0.5
구재연,혼합,1,0.5
구재홍,연극,1,1.0
구정은,뮤지컬,1,1.0
구종회,연극,1,1.0
구주완,뮤지컬,1,1.0
구준모,뮤지컬,2,1.0
구지애,기악,1,1.0
구지영,뮤지컬,6,1.0
구지우,기악,2,1.0
구지혜,연극,1,1.0
구진아,연극,3,1.0
구채린,기악,2,1.0
구태민,연극,2,1.0
구태성,뮤지컬,1,1.0
구태환,연극,2,1.0
구현모,발레,1,1.0
구혜진,기악,1,1.0
구희령,기악,2,1.0
구희영,연극,1,1.0
구희원,기악,1,1.0
국수호,마당극,1,1.0
국윤종,기악,1,0.3333333333333333
국윤종,성악,1,0.3333333333333333
국윤종,오페라,1,0.3333333333333333
국은선,성악,1,1.0
국지영,성악,1,1.0
국초롱,연극,1,1.0
권가연,성악,1,1.0
권강현,연극,1,1.0
권건우,연극,3,1.0
권건하,연극,1,1.0
권겸민,연극,2,1.0
권경민,연극,1,1.0
권경은,연극,1,1.0
권경하,연극,1,1.0
권경훈,연극,1,1.0
권경희,성악,1,1.0
권귀빈,연극,1,1.0
권그림,기악,1,1.0
권근영,연극,2,1.0
권기온,연극,1,1.0
권기은,뮤지컬,2,0.6666666666666666
권기은,연극,1,0.3333333333333333
권기혜,기악,2,1.0
권김현영,연극,1,1.0
권나영,연극,1,1.0
권나형,기타,1,1.0
권다솔,재즈/월드뮤직,1,1.0
권다은,기악,2,1.0
권도경,뮤지컬,1,1.0
권도윤,기악,1,0.3333333333333333
권도윤,연극,1,0.3333333333333333
권도윤,연희,1,0.3333333333333333
권도형,연극,1,1.0
권라임,연극,1,1.0
권로,연극,1,1.0
권리사,현대무용,1,1.0
권명주,한국무용,1,1.0
권명혜,기악,2,1.0
권미나,기악,2,0.5
권미나,연극,2,0.5
권미솔,연극,1,1.0
권미혜,기악,1,1.0
권민석,기악,1,1.0
권민선,연극,1,1.0
권민영,연극,1,1.0
권민지,기악,1,1.0
권병관,연극,1,1.0
권병길,연극,1,1.0
권보빈,발레,1,1.0
권삼중,연극,1,1.0
권상기,기악,1,1.0
권상석,뮤지컬,1,1.0
권새롬,기악,1,1.0
권서경,대중가요,1,1.0
권서령,연극,1,1.0
권서진,기악,1,1.0
권서현,연극,1,1.0
권설후,한국무용,1,1.0
권성빈,연극,1,1.0
권성윤,연극,2,1.0
권성준,성악,1,0.3333333333333333
권성준,오페라,2,0.6666666666666666
권성택,혼합,1,1.0
권소라,오페라,1,1.0
권소원,연극,1,1.0
권소이,뮤지컬,1,1.0
권소정,한국무용,1,1.0
권소희,연극,1,1.0
권송희,대중가요,1,1.0
권수경,연극,1,1.0
권수미,기악,1,1.0
권수민,성악,1,1.0
권수빈,성악,1,0.5
권수빈,오페라,1,0.5
권수영,성악,1,0.5
권수영,오페라,1,0.5
권수현,성악,1,0.5
권수현,연극,1,0.5
권순관,대중가요,3,1.0
권순광,현대무용,1,1.0
권순미,연극,5,1.0
권순별,연극,1,1.0
권순지,기악,1,1.0
권순찬,성악,2,1.0
권순태,오페라,1,1.0
권순형,연극,1,1.0
권신혜,연극,1,1.0
권아린,뮤지컬,1,1.0
권연우,성악,1,1.0
권영기,오페라,2,1.0
권영선,기악,2,1.0
권영심,연희,1,0.3333333333333333
권영심,한국무용,2,0.6666666666666666
권영은,뮤지컬,1,1.0
권영인,기악,1,1.0
권영진,기악,2,1.0
권영환,대중가요,1,1.0
권예나,기악,1,1.0
권예진,현대무용,1,1.0
권오단,오페라,1,1.0
권오빈,기악,1,1.0
권오섭,뮤지컬,2,1.0
권오성,뮤지컬,1,1.0
권오윤,연극,1,1.0
권오율,연극,2,1.0
권오혁,성악,1,1.0
권오현,기타,1,0.3333333333333333
권오현,대중가요,1,0.3333333333333333
권오현,연극,1,0.3333333333333333
권요안,기악,1,1.0
권용국,뮤지컬,1,1.0
권용기,뮤지컬,1,1.0
권용만,뮤지컬,1,1.0
권용상,연희,1,1.0
권용식,성악,1,1.0
권용준,연극,1,1.0
권용진,성악,1,1.0
권우경,뮤지컬,1,1.0
권우람,넌버벌 퍼포먼스,1,1.0
권유리,연극,5,1.0
권유정,발레,1,1.0
권윤애,연극,1,1.0
권윤한,기악,1,1.0
권은아,넌버벌 퍼포먼스,1,0.25
권은아,뮤지컬,3,0.75
권은영,기악,1,1.0
권은정,뮤지컬,4,1.0
권은혜,연극,1,1.0
권은화,성악,1,1.0
권일,연극,1,1.0
권재원,뮤지컬,1,0.5
권재원,연극,1,0.5
권재은,연극,1,1.0
권재헌,현대무용,1,1.0
권정미,연극,3,1.0
권정수,연극,1,1.0
권정원,성악,1,1.0
권정훈,연극,4,1.0
권정희,연극,2,1.0
권제인,연극,2,1.0
권주영,연극,3,1.0
권주용,기악,2,1.0
권주희,기악,1,1.0
권준석,기악,1,1.0
권준철,현대무용,1,1.0
권지숙,연극,1,1.0
권지애,연극,1,1.0
권지영,기악,1,1.0
권지현,연극,1,1.0
권지혜,연희,1,1.0
권찬미,연극,2,1.0
권철,연극,1,1.0
권태건,연극,3,1.0
권태우,연극,1,1.0
권태웅,연극,1,1.0
권태진,뮤지컬,1,0.5
권태진,연극,1,0.5
권태훈,뮤지컬,1,1.0
권택기,연극,1,1.0
권택천,기악,1,1.0
권하율,연극,1,1.0
권한나,뮤지컬,2,1.0
권한숙,기악,1,1.0
권향자,연극,1,1.0
권혁,연극,2,0.3333333333333333
권혁,현대무용,4,0.6666666666666666
권혁대,성악,1,1.0
권혁미,뮤지컬,2,1.0
권혁민,기악,1,1.0
권혁선,뮤지컬,1,1.0
권혁연,기악,1,1.0
권혁우,연극,1,1.0
권혁재,기악,1,1.0
권혁주,기악,1,1.0
권혁준,연극,3,1.0
권혁진,뮤지컬,1,1.0
권현수,기악,1,1.0
권현진,기악,4,1.0
권형준,연극,1,1.0
권혜영,연극,1,1.0
권혜원,연극,2,1.0
권혜은,뮤지컬,2,1.0
권혜인,기악,1,1.0
권혜진,기악,2,1.0
권호성,뮤지컬,3,0.75
권호성,연극,1,0.25
권호정,기악,1,1.0
권화평,대중가요,1,1.0
권효원,연극,1,0.5
권효원,현대무용,1,0.5
권효은,연극,1,1.0
권효정,뮤지컬,1,1.0
권효진,뮤지컬,1,1.0
권효창,기악,2,1.0
권희준,성악,1,0.5
권희준,오페라,1,0.5
규현,뮤지컬,2,1.0
그리고리 알럼얀,기악,2,1.0
근종천,연극,1,1.0
금난새,기악,8,0.5714285714285714
금난새,성악,5,0.35714285714285715
금난새,오페라,1,0.07142857142857142
금동훈,기악,1,1.0
금명식,재즈/월드뮤직,1,1.0
금배섭,연극,2,0.3333333333333333
금배섭,현대무용,4,0.6666666666666666
금보미,뮤지컬,1,1.0
금수현,연극,2,1.0
금승훈,뮤지컬,1,1.0
금영식,대중가요,1,1.0
금잔디,대중가요,1,1.0
금조,뮤지컬,1,1.0
기국서,연극,3,1.0
기다윤,연극,1,1.0
기리보이,대중가요,1,1.0
기민정,성악,1,1.0
기세중,뮤지컬,3,0.75
기세중,연극,1,0.25
기숙희,기악,1,1.0
기영욱,연극,1,1.0
기영호,기악,1,1.0
기은유,연극,1,1.0
기정수,뮤지컬,2,1.0
기주봉,연극,2,1.0
기춘희,인형극,1,1.0
길경호,오페라,1,1.0
길누리,기악,1,1.0
길미정,뮤지컬,1,1.0
길병민,기타,1,0.2
길병민,성악,4,0.8
길석근,연희,1,1.0
길수경,연극,1,1.0
길애령,오페라,1,1.0
길연범,뮤지컬,3,0.6
길연범,연극,2,0.4
길정석,연극,1,1.0
길정선,기악,1,1.0
길현민,연극,1,1.0
김가람,기악,2,0.3333333333333333
김가람,뮤지컬,3,0.5
김가람,연극,1,0.16666666666666666
김가빈,기악,1,0.5
김가빈,연극,1,0.5
김가슬,뮤지컬,1,1.0
김가연,기악,1,1.0
김가영,기악,4,0.6666666666666666
김가영,연극,1,0.16666666666666666
김가영,오페라,1,0.16666666666666666
김가온,기악,1,1.0
김가은,기악,2,0.4
김가은,연극,2,0.4
김가은,현대무용,1,0.2
김가인,기악,2,1.0
김가현,연극,7,1.0
김갑연,연극,1,1.0
김강,성악,1,1.0
김강규,기악,1,1.0
김강수,넌버벌 퍼포먼스,1,0.5
김강수,마당극,1,0.5
김강운,연극,1,1.0
김강태,기악,1,0.5
김강태,뮤지컬,1,0.5
김강현,연극,1,1.0
김강호,기악,1,1.0
김강훈,기악,1,1.0
김강희,연극,2,1.0
김거성,연극,2,1.0
김건수,연극,1,1.0
김건영,재즈/월드뮤직,6,1.0
김건우,연극,4,1.0
김건일,성악,1,1.0
김건주,뮤지컬,1,1.0
김건중,현대무용,2,1.0
김건호,연극,1,1.0
김건희,연극,1,1.0
김결,연극,3,1.0
김경남,서커스/마술,4,0.8
김경남,연극,1,0.2
김경단,기악,1,1.0
김경동,기악,1,1.0
김경락,인형극,1,1.0
김경란,기악,2,1.0
김경록,뮤지컬,1,1.0
김경룡,연극,1,1.0
김경리,기악,1,1.0
김경림,기타,1,0.5
김경림,뮤지컬,1,0.5
김경미,성악,1,0.3333333333333333
김경미,연극,1,0.3333333333333333
김경미,오페라,1,0.3333333333333333
김경민,기악,3,0.3
김경민,넌버벌 퍼포먼스,1,0.1
김경민,대중가요,1,0.1
김경민,마당극,1,0.1
김경민,뮤지컬,2,0.2
김경민,연극,2,0.2
김경빈,연극,2,1.0
김경서,연극,1,1.0
김경수,기악,1,0.16666666666666666
김경수,뮤지컬,4,0.6666666666666666
김경수,연극,1,0.16666666666666666
김경숙,연극,2,0.5
김경숙,한국무용,2,0.5
김경신,현대무용,3,1.0
김경아,기악,4,1.0
김경애,뮤지컬,1,0.5
김경애,한국무용,1,0.5
김경은,기악,1,1.0
김경익,연극,1,1.0
김경주,연극,1,1.0
김경진,기악,1,0.25
김경진,연극,2,0.5
김경진,한국무용,1,0.25
김경천,오페라,2,1.0
김경탁,뮤지컬,1,0.5
김경탁,연극,1,0.5
김경택,뮤지컬,1,1.0
김경한,성악,1,1.0
김경현,기악,1,1.0
김경호,대중가요,4,0.8
김경호,연극,1,0.2
김경훈,연극,2,1.0
김경희,기악,1,0.125
김경희,성악,2,0.25
김경희,연극,3,0.375
김경희,오페라,2,0.25
김계남,연극,2,1.0
김계림,연극,1,1.0
김계화,기악,1,1.0
김계희,성악,1,0.5
김계희,연희,1,0.5
김고운,기악,4,0.5714285714285714
김고운,뮤지컬,1,0.14285714285714285
김고운,연극,2,0.2857142857142857
김곤호,넌버벌 퍼포먼스,1,1.0
김곽경희,연극,5,1.0
김관식,연극,1,1.0
김관우,기악,1,1.0
김관장,연극,3,1.0
김관지,현대무용,1,1.0
김관현,오페라,1,1.0
김광규,연극,1,1.0
김광민,기악,1,0.5
김광민,넌버벌 퍼포먼스,1,0.5
김광보,뮤지컬,1,1.0
김광석,대중가요,1,1.0
김광섭,뮤지컬,1,0.25
김광섭,연극,3,0.75
김광숙,성악,1,1.0
김광영,뮤지컬,1,1.0
김광원,연극,2,1.0
김광일,뮤지컬,1,1.0
김광현,기악,6,0.6666666666666666
김광현,기타,1,0.1111111111111111
김광현,성악,2,0.2222222222222222
김광훈,기악,3,0.75
김광훈,연극,1,0.25
김교은,연극,1,0.5
김교은,인형극,1,0.5
김국주,대중가요,1,1.0
김국한,기악,1,0.5
김국한,성악,1,0.5
김국환,대중가요,1,1.0
김국희,뮤지컬,1,1.0
김권,연극,2,1.0
김권훈,연극,1,1.0
김규,기악,3,1.0
김규도,연극,2,1.0
김규리,기악,3,0.6
김규리,연극,2,0.4
김규림,연극,1,1.0
김규민,기악,1,1.0
김규섭,연극,2,1.0
김규식,기악,1,1.0
김규연,기악,2,1.0
김규용,기악,1,1.0
김규종,뮤지컬,3,1.0
김규진,기악,1,1.0
김규태,연극,1,1.0
김규하,재즈/월드뮤직,1,1.0
김규현,기악,4,1.0
김규희,기악,1,1.0
김근도,기악,1,1.0
김근영,연극,2,1.0
김근혜,기악,2,1.0
김근화,기악,2,1.0
김금나,뮤지컬,1,1.0
김금미,창극,1,1.0
김금인,연극,1,1.0
김기경,기악,4,0.8
김기경,뮤지컬,1,0.2
김기남,기악,1,0.5
김기남,뮤지컬,1,0.5
김기덕,혼합,2,1.0
김기란,연극,1,1.0
김기령,뮤지컬,1,1.0
김기분,연극,2,1.0
김기쁨,기악,1,1.0
김기석,뮤지컬,3,0.6
김기석,연극,2,0.4
김기선,뮤지컬,1,0.5
김기선,오페라,1,0.5
김기완,발레,2,1.0
김기일,연극,2,1.0
김기정,뮤지컬,1,0.25
김기정,연극,3,0.75
김기주,연극,2,1.0
김기준,오페라,2,1.0
김기중,기악,1,1.0
김기진,성악,1,1.0
김기태,연극,2,1.0
김기헌,연극,1,1.0
김기홍,연극,1,1.0
김기환,연극,1,1.0
김기훈,기악,1,0.16666666666666666
김기훈,성악,3,0.5
김기훈,오페라,1,0.16666666666666666
김기훈,현대무용,1,0.16666666666666666
김길려,뮤지컬,1,1.0
김나경,연극,1,1.0
김나래,기악,1,1.0
김나리,기악,2,0.5
김나리,성악,2,0.5
김나무,연극,1,1.0
김나연,기악,4,0.5
김나연,발레,1,0.125
김나연,연극,3,0.375
김나영,기악,3,0.3
김나영,뮤지컬,1,0.1
김나영,성악,4,0.4
김나영,연극,1,0.1
김나영,한국무용,1,0.1
김나윤,뮤지컬,3,0.42857142857142855
김나윤,연극,4,0.5714285714285714
김나율,뮤지컬,2,1.0
김나은,발레,1,0.25
김나은,연극,3,0.75
김나정,기악,1,1.0
김나혁,연극,1,1.0
김나현,기악,1,0.3333333333333333
김나현,연극,2,0.6666666666666666
김나희,대중가요,4,0.5714285714285714
김나희,연극,3,0.42857142857142855
김난희,기악,1,0.5
김난희,연극,1,0.5
김남경,악극,1,1.0
김남수,연극,1,1.0
김남순,기악,3,0.75
김남순,혼합,1,0.25
김남엽,연극,1,1.0
김남영,성악,1,1.0
김남우,연극,1,1.0
김남윤,기악,7,0.875
김남윤,오페라,1,0.125
김남주,뮤지컬,1,0.5
김남주,연극,1,0.5
김남표,기악,1,0.3333333333333333
김남표,악극,1,0.3333333333333333
김남표,연극,1,0.3333333333333333
김남혜,연극,1,1.0
김남호,기악,1,0.5
김남호,뮤지컬,1,0.5
김남희,연극,1,1.0
김노연,연극,1,1.0
김누리,기악,2,0.6666666666666666
김누리,오페라,1,0.3333333333333333
김늘매,연극,1,1.0
김늘메,연극,1,1.0
김다미,기악,17,0.9444444444444444
김다미,성악,1,0.05555555555555555
김다빈,기악,1,0.5
김다빈,연극,1,0.5
김다솔,기악,3,0.3
김다솔,뮤지컬,7,0.7
김다애,연극,1,1.0
김다연,기악,2,0.4
김다연,뮤지컬,1,0.2
김다연,연극,2,0.4
김다영,뮤지컬,1,0.14285714285714285
김다영,악극,1,0.14285714285714285
김다영,연극,5,0.7142857142857143
김다운,발레,2,1.0
김다원,기악,1,1.0
김다은,악극,1,0.5
김다은,오페라,1,0.5
김다인,기악,1,1.0
김다임,연극,1,1.0
김다정,연극,1,1.0
김다현,뮤지컬,1,0.5
김다현,연극,1,0.5
김다혜,기악,2,0.6666666666666666
김다혜,연극,1,0.3333333333333333
김다흰,뮤지컬,2,1.0
김단비,연극,1,1.0
김단아,뮤지컬,1,0.25
김단아,연극,3,0.75
김단율,연극,3,1.0
김단희,창극,1,1.0
김달님,연극,2,1.0
김달의,성악,1,1.0
김달진,기악,1,1.0
김담희,연극,2,1.0
김대경,연극,2,1.0
김대권,뮤지컬,1,0.5
김대권,연극,1,0.5
김대령,연극,4,1.0
김대범,연극,1,1.0
김대성,기악,1,0.2
김대성,뮤지컬,1,0.2
김대성,연극,3,0.6
김대수,성악,2,0.6666666666666666
김대수,오페라,1,0.3333333333333333
김대식,연극,1,1.0
김대연,기악,2,0.6666666666666666
김대연,연극,1,0.3333333333333333
김대영,기악,2,0.4
김대영,연극,3,0.6
김대운,연극,1,1.0
김대웅,뮤지컬,3,1.0
김대원,연극,2,1.0
김대일,기악,1,0.5
김대일,성악,1,0.5
김대종,뮤지컬,1,0.5
김대종,연극,1,0.5
김대준,기악,1,1.0
김대진,기악,8,0.8888888888888888
김대진,성악,1,0.1111111111111111
김대철,뮤지컬,2,0.6666666666666666
김대철,연극,1,0.3333333333333333
김대한,발레,1,0.5
김대한,연극,1,0.5
김대현,대중가요,2,0.18181818181818182
김대현,뮤지컬,8,0.7272727272727273
김대현,한국무용,1,0.09090909090909091
김대형,악극,1,1.0
김대호,넌버벌 퍼포먼스,1,0.09090909090909091
김대호,대중가요,3,0.2727272727272727
김대호,뮤지컬,1,0.09090909090909091
김대호,연극,1,0.09090909090909091
김대호,재즈/월드뮤직,5,0.45454545454545453
김대화,연극,1,1.0
김대환,기악,2,1.0
김대흥,연극,1,1.0
김대희,기악,1,0.3333333333333333
김대희,성악,1,0.3333333333333333
김대희,연극,1,0.3333333333333333
김덕기,기악,3,0.75
김덕기,오페라,1,0.25
김덕수,기악,2,1.0
김덕우,기악,9,1.0
김덕현,연극,1,1.0
김덕환,연극,1,1.0
김덕희,연극,1,1.0
김도경,연극,1,1.0
김도균,기악,1,1.0
김도빈,뮤지컬,4,0.6666666666666666
김도빈,연극,2,0.3333333333333333
김도신,연극,2,1.0
김도연,기악,2,0.4
김도연,대중가요,1,0.2
김도연,연극,2,0.4
김도영,마임,1,0.3333333333333333
김도영,연극,2,0.6666666666666666
김도완,연극,2,1.0
김도원,뮤지컬,1,1.0
김도윤,기악,1,0.5
김도윤,연극,1,0.5
김도은,연극,1,1.0
김도이,기악,2,1.0
김도하,뮤지컬,1,0.5
김도하,연극,1,0.5
김도한,뮤지컬,1,0.3333333333333333
김도한,연극,1,0.3333333333333333
김도한,인형극,1,0.3333333333333333
김도현,뮤지컬,2,0.5
김도현,연극,2,0.5
김도형,뮤지컬,3,1.0
김도혜,악극,1,0.5
김도혜,연희,1,0.5
김도훈,연극,1,1.0
김돈,성악,1,1.0
김동건,뮤지컬,1,1.0
김동곤,연극,1,1.0
김동국,연극,1,1.0
김동규,기악,1,0.07142857142857142
김동규,성악,6,0.42857142857142855
김동규,연극,3,0.21428571428571427
김동규,현대무용,4,0.2857142857142857
김동근,혼합,1,1.0
김동녘,성악,1,0.25
김동녘,오페라,3,0.75
김동림,연극,1,1.0
김동명,대중가요,1,0.5
김동명,연극,1,0.5
김동민,기악,2,0.4
김동민,뮤지컬,1,0.2
김동민,연극,2,0.4
김동빈,뮤지컬,1,1.0
김동석,현대무용,1,1.0
김동섭,기악,4,0.6666666666666666
김동섭,성악,2,0.3333333333333333
김동수,기악,2,1.0
김동순,뮤지컬,2,0.5
김동순,연극,1,0.25
김동순,오페라,1,0.25
김동연,뮤지컬,3,0.5
김동연,악극,1,0.16666666666666666
김동연,연극,2,0.3333333333333333
김동완,뮤지컬,1,0.5
김동완,연극,1,0.5
김동우,성악,1,0.5
김동우,스트리트/스포츠댄스,1,0.5
김동욱,기악,4,0.36363636363636365
김동욱,대중가요,2,0.18181818181818182
김동욱,연극,4,0.36363636363636365
김동욱,재즈/월드뮤직,1,0.09090909090909091
김동원,기악,1,0.09090909090909091
김동원,성악,1,0.09090909090909091
김동원,연극,5,0.45454545454545453
김동원,오페라,4,0.36363636363636365
김동윤,연극,2,1.0
김동인,연극,1,1.0
김동일,연극,3,0.6
김동일,오페라,1,0.2
김동일,현대무용,1,0.2
김동재,대중가요,1,0.3333333333333333
김동재,악극,1,0.3333333333333333
김동재,연극,1,0.3333333333333333
김동주,연극,1,1.0
김동준,기악,3,0.6
김동준,뮤지컬,1,0.2
김동준,연극,1,0.2
김동진,기악,1,1.0
김동찬,연극,1,1.0
김동하,연극,1,1.0
김동한,대중가요,1,0.5
김동한,뮤지컬,1,0.5
김동혁,기악,1,0.25
김동혁,성악,2,0.5
김동혁,연극,1,0.25
김동현,기악,10,0.4166666666666667
김동현,뮤지컬,1,0.041666666666666664
김동현,성악,1,0.041666666666666664
김동현,악극,1,0.041666666666666664
김동현,연극,9,0.375
김동현,재즈/월드뮤직,1,0.041666666666666664
김동현,현대무용,1,0.041666666666666664
김동환,뮤지컬,1,1.0
김동훈,연극,3,0.6
김동훈,한국무용,2,0.4
김동휘,기악,1,0.3333333333333333
김동휘,연극,2,0.6666666666666666
김동희,뮤지컬,1,1.0
김두리,뮤지컬,1,1.0
김두민,기악,1,1.0
김두봉,연극,1,1.0
김두현,뮤지컬,3,0.75
김두현,연극,1,0.25
김두환,연극,1,1.0
김라영,연극,1,1.0
김라윤,연극,1,1.0
김라희,오페라,2,1.0
김락균,현대무용,1,1.0
김락현,연극,1,1.0
김락호,기악,1,1.0
김란도,기악,1,1.0
김란이,연극,1,1.0
김란희,연극,1,1.0
김래주,성악,1,0.3333333333333333
김래주,오페라,2,0.6666666666666666
김래훈,연극,1,1.0
김량하,기악,1,1.0
김려원,뮤지컬,6,1.0
김련경,뮤지컬,1,1.0
김록기,뮤지컬,1,1.0
김록운,뮤지컬,1,1.0
김록원,연극,1,1.0
김뢰하,연극,1,1.0
김류하,뮤지컬,1,1.0
김륜형,서커스/마술,1,1.0
김리라,기악,1,0.5
김리라,연극,1,0.5
김리현,뮤지컬,2,0.6666666666666666
김리현,연극,1,0.3333333333333333
김리회,발레,2,1.0
김린,연극,2,1.0
김린아,연극,2,1.0
김마리,대중가요,1,1.0
김마주,연극,1,1.0
김만수,성악,1,1.0
김만식,뮤지컬,1,0.5
김만식,연극,1,0.5
김만재,연극,1,1.0
김매심,연극,1,1.0
김매자,한국무용,1,1.0
김면수,뮤지컬,3,1.0
김명,연극,1,1.0
김명곤,성악,1,0.25
김명곤,연극,3,0.75
김명기,연극,1,1.0
김명선,기악,1,1.0
김명섭,뮤지컬,1,0.5
김명섭,연극,1,0.5
김명수,연극,1,1.0
김명식,연극,1,1.0
김명연,연극,1,1.0
김명원,재즈/월드뮤직,1,1.0
김명윤,발레,1,1.0
김명일,연극,2,1.0
김명임,연극,1,1.0
김명주,기악,1,0.5
김명주,연극,1,0.5
김명준,성악,1,1.0
김명집,연극,1,1.0
김명철,성악,1,1.0
김명한,기악,2,1.0
김명호,뮤지컬,1,1.0
김명화,연극,4,1.0
김명훈,뮤지컬,2,1.0
김명희,뮤지컬,5,1.0
김모든,현대무용,1,1.0
김모람,연극,1,1.0
김모은,연극,1,1.0
김목경,재즈/월드뮤직,2,1.0
김목인,대중가요,2,1.0
김묘진,연극,1,1.0
김무빈,기악,1,1.0
김무선,기악,1,1.0
김문경,기악,2,0.6666666666666666
김문경,성악,1,0.3333333333333333
김문광,뮤지컬,1,1.0
김문길,기악,1,1.0
김문석,기악,1,1.0
김문수,넌버벌 퍼포먼스,1,1.0
김문숙,성악,1,1.0
김문식,연극,2,1.0
김문정,기악,5,1.0
김문주,기악,1,1.0
김문환,창극,1,1.0
김미나,연극,2,1.0
김미란,기악,1,0.25
김미란,연극,3,0.75
김미래,기악,1,0.5
김미래,연극,1,0.5
김미령,기악,1,0.5
김미령,연극,1,0.5
김미로,뮤지컬,2,0.6666666666666666
김미로,연극,1,0.3333333333333333
김미르,뮤지컬,1,1.0
김미리,연극,1,1.0
김미리내,연극,1,1.0
김미리네,기악,1,1.0
김미림,뮤지컬,1,0.5
김미림,성악,1,0.5
김미미,뮤지컬,1,1.0
김미선,연극,1,0.5
김미선,현대무용,1,0.5
김미성,성악,1,0.5
김미성,연극,1,0.5
김미수,뮤지컬,1,1.0
김미숙,기악,1,1.0
김미아,성악,1,1.0
김미연,기악,1,1.0
김미영,기악,3,0.42857142857142855
김미영,뮤지컬,1,0.14285714285714285
김미영,악극,1,0.14285714285714285
김미영,연극,2,0.2857142857142857
김미용,기악,1,1.0
김미자,기악,1,0.3333333333333333
김미자,성악,1,0.3333333333333333
김미자,한국무용,1,0.3333333333333333
김미정,기악,2,0.2
김미정,뮤지컬,2,0.2
김미정,성악,1,0.1
김미정,연극,4,0.4
김미정,한국무용,1,0.1
김미준,연극,1,1.0
김미진,기악,2,0.3333333333333333
김미진,마당극,1,0.16666666666666666
김미진,뮤지컬,1,0.16666666666666666
김미진,연극,2,0.3333333333333333
김미향,연극,3,1.0
김미현,연극,1,1.0
김미혜,기타,1,1.0
김미희,마당극,1,1.0
김민,기악,2,0.5
김민,연극,2,0.5
김민건,재즈/월드뮤직,1,1.0
김민경,기악,2,0.25
김민경,뮤지컬,1,0.125
김민경,연극,5,0.625
김민교,연극,3,1.0
김민구,기악,1,1.0
김민국,뮤지컬,1,0.5
김민국,연극,1,0.5
김민규,서커스/마술,1,0.3333333333333333
김민규,연극,2,0.6666666666666666
김민기,뮤지컬,7,0.5384615384615384
김민기,성악,1,0.07692307692307693
김민기,악극,1,0.07692307692307693
김민기,연극,4,0.3076923076923077
김민동,연극,1,1.0
김민서,기악,1,0.5
김민서,연극,1,0.5
김민석,기타,2,0.18181818181818182
김민석,뮤지컬,4,0.36363636363636365
김민석,성악,3,0.2727272727272727
김민석,오페라,2,0.18181818181818182
김민선,성악,1,0.25
김민선,연극,3,0.75
김민섭,연극,2,1.0
김민성,기악,2,0.4
김민성,성악,1,0.2
김민성,연극,2,0.4
김민솔,연극,1,1.0
김민수,기악,1,0.25
김민수,발레,1,0.25
김민수,연극,2,0.5
김민승,기악,6,1.0
김민영,연극,2,0.6666666666666666
김민영,오페라,1,0.3333333333333333
김민우,연희,1,1.0
김민욱,기악,2,1.0
김민이,기악,2,1.0
김민재,기악,1,0.2
김민재,성악,1,0.2
김민재,연극,1,0.2
김민재,오페라,2,0.4
김민정,기악,9,0.5
김민정,마임,1,0.05555555555555555
김민정,연극,3,0.16666666666666666
김민정,오페라,3,0.16666666666666666
김민정,한국무용,1,0.05555555555555555
김민정,혼합,1,0.05555555555555555
김민조,연극,2,1.0
김민종,발레,1,1.0
김민주,기악,3,0.42857142857142855
김민주,연극,2,0.2857142857142857
김민주,한국무용,2,0.2857142857142857
김민준,기악,1,0.2
김민준,연극,1,0.2
김민준,오페라,1,0.2
김민준,재즈/월드뮤직,1,0.2
김민준,현대무용,1,0.2
김민지,기악,15,0.46875
김민지,뮤지컬,3,0.09375
김민지,성악,6,0.1875
김민지,연극,3,0.09375
김민지,오페라,1,0.03125
김민지,한국무용,2,0.0625
김민지,현대무용,1,0.03125
김민지,혼합,1,0.03125
김민진,성악,1,0.3333333333333333
김민진,연극,1,0.3333333333333333
김민진,현대무용,1,0.3333333333333333
김민찬,발레,1,1.0
김민채,연극,1,1.0
김민철,연극,1,1.0
김민태,연극,3,1.0
김민하,연극,1,1.0
김민형,기악,1,0.16666666666666666
김민형,서커스/마술,3,0.5
김민형,성악,1,0.16666666666666666
김민형,오페라,1,0.16666666666666666
김민혜,연극,1,0.5
김민혜,오페라,1,0.5
김민호,뮤지컬,1,0.5
김민호,연극,1,0.5
김민홍,기악,1,1.0
김민후,악극,1,1.0
김민희,기악,5,0.7142857142857143
김민희,연극,2,0.2857142857142857
김바니,기악,1,1.0
김바다,뮤지컬,1,1.0
김바리,현대무용,1,1.0
김바울,기타,4,1.0
김반디,성악,1,1.0
김방술,기악,1,0.16666666666666666
김방술,성악,3,0.5
김방술,오페라,2,0.3333333333333333
김방언,뮤지컬,2,0.6666666666666666
김방언,연극,1,0.3333333333333333
김백송,성악,2,1.0
김버들,연극,1,1.0
김범구,기악,3,1.0
김범석,뮤지컬,1,0.5
김범석,창극,1,0.5
김범선,연극,1,1.0
김범수,대중가요,2,0.18181818181818182
김범수,뮤지컬,1,0.09090909090909091
김범수,연극,8,0.7272727272727273
김범식,뮤지컬,1,1.0
김범우,연극,1,1.0
김범준,뮤지컬,3,0.75
김범준,연극,1,0.25
김범진,성악,1,0.5
김범진,연극,1,0.5
김별,연극,2,1.0
김병건,연극,4,1.0
김병극,뮤지컬,1,1.0
김병무,대중가요,1,0.3333333333333333
김병무,오페라,1,0.3333333333333333
김병무,재즈/월드뮤직,1,0.3333333333333333
김병석,연극,1,1.0
김병수,뮤지컬,1,1.0
김병애,연극,2,1.0
김병완,기악,1,1.0
김병주,연극,1,1.0
김병준,연극,2,1.0
김병진,뮤지컬,1,0.25
김병진,성악,3,0.75
김병찬,기악,1,0.3333333333333333
김병찬,연극,2,0.6666666666666666
김병천,기악,1,1.0
김병철,뮤지컬,1,0.5
김병철,연극,1,0.5
김병현,기악,2,0.6666666666666666
김병현,성악,1,0.3333333333333333
김병화,한국무용,1,1.0
김보강,뮤지컬,3,1.0
김보경,기악,6,0.42857142857142855
김보경,성악,1,0.07142857142857142
김보경,연극,7,0.5
김보근,연극,1,1.0
김보나,기악,2,0.6666666666666666
김보나,연극,1,0.3333333333333333
김보라,기악,4,0.5
김보라,성악,1,0.125
김보라,연극,1,0.125
김보라,오페라,1,0.125
김보라,현대무용,1,0.125
김보람,기악,3,0.17647058823529413
김보람,성악,1,0.058823529411764705
김보람,연극,6,0.35294117647058826
김보람,현대무용,7,0.4117647058823529
김보리,기악,1,1.0
김보림,성악,1,0.5
김보림,연희,1,0.5
김보미,기악,1,0.25
김보미,오페라,2,0.5
김보미,현대무용,1,0.25
김보연,뮤지컬,1,1.0
김보영,기악,1,0.3333333333333333
김보영,뮤지컬,1,0.3333333333333333
김보영,연극,1,0.3333333333333333
김보예,연극,1,1.0
김보용,연극,1,1.0
김보은,기악,1,0.5
김보은,연극,1,0.5
김보정,뮤지컬,1,0.5
김보정,연극,1,0.5
김보현,연극,4,1.0
김보혜,오페라,1,1.0
김복만,연희,2,1.0
김복수,기악,1,1.0
김복희,기악,1,1.0
김본이,연극,1,1.0
김봄,뮤지컬,1,0.5
김봄,연극,1,0.5
김봄날,기악,1,1.0
김봄소리,기악,1,1.0
김봄희,연극,1,1.0
김봉곤,연희,1,1.0
김봉균,연극,1,1.0
김봉미,기악,3,0.3333333333333333
김봉미,성악,1,0.1111111111111111
김봉미,오페라,5,0.5555555555555556
김봉수,현대무용,1,1.0
김봉영,기악,1,1.0
김부경,한국무용,1,1.0
김부련,성악,1,1.0
김부연,연극,1,1.0
김부영,뮤지컬,1,0.5
김부영,창극,1,0.5
김부원,뮤지컬,1,0.5
김부원,연극,1,0.5
김분선,현대무용,1,1.0
김사라,뮤지컬,1,1.0
김사랑,넌버벌 퍼포먼스,1,0.5
김사랑,연극,1,0.5
김사월,대중가요,2,1.0
김사홍,뮤지컬,1,1.0
김사희,연극,6,1.0
김산,기악,1,1.0
김산옥,성악,1,1.0
김삼일,연극,1,1.0
김상각,현대무용,1,1.0
김상경,기악,1,1.0
김상곤,성악,1,1.0
김상균,기악,1,0.5
김상균,연극,1,0.5
김상두,연극,1,1.0
김상록,연극,1,1.0
김상미,뮤지컬,1,1.0
김상범,연극,1,1.0
김상보,연극,4,1.0
김상봉,스트리트/스포츠댄스,1,0.5
김상봉,연극,1,0.5
김상선,성악,1,1.0
김상아,연극,1,1.0
김상애,기악,2,1.0
김상연,기악,1,1.0
김상엽,기악,1,1.0
김상우,기악,1,0.25
김상우,연극,3,0.75
김상욱,기악,1,0.5
김상욱,대중가요,1,0.5
김상원,기악,3,1.0
김상윤,기악,2,0.6666666666666666
김상윤,연극,1,0.3333333333333333
김상은,성악,1,0.3333333333333333
김상은,오페라,2,0.6666666666666666
김상일,연극,1,1.0
김상조,뮤지컬,1,1.0
김상진,기악,15,0.8823529411764706
김상진,연극,1,0.058823529411764705
김상진,오페라,1,0.058823529411764705
김상충,성악,1,1.0
김상헌,기악,1,1.0
김상현,기타,1,1.0
김상호,성악,1,0.2
김상호,연극,3,0.6
김상호,연희,1,0.2
김상훈,기악,2,0.4
김상훈,연극,2,0.4
김상훈,현대무용,1,0.2
김상희,성악,1,0.3333333333333333
김상희,연극,2,0.6666666666666666
김새랑,기악,2,1.0
김샤론,오페라,1,1.0
김서별,뮤지컬,2,0.6666666666666666
김서별,연극,1,0.3333333333333333
김서연,발레,1,0.5
김서연,연극,1,0.5
김서영,연극,3,1.0
김서유,뮤지컬,1,1.0
김서진,연희,1,0.5
김서진,창극,1,0.5
김서현,기악,3,0.75
김서현,연극,1,0.25
김서환,뮤지컬,2,1.0
김서휘,연극,3,1.0
김석,연극,1,1.0
김석구,기악,1,1.0
김석기,연극,2,1.0
김석주,발레,2,1.0
김석준,성악,1,1.0
김석중,기악,1,0.3333333333333333
김석중,한국무용,1,0.3333333333333333
김석중,혼합,1,0.3333333333333333
김석환,뮤지컬,3,0.75
김석환,연극,1,0.25
김석훈,기악,1,1.0
김선,오페라,1,1.0
김선경,대중가요,1,0.5
김선경,연극,1,0.5
김선권,연극,1,1.0
김선규,연극,1,1.0
김선기,연극,3,1.0
김선미,기악,1,0.1111111111111111
김선미,뮤지컬,3,0.3333333333333333
김선미,성악,3,0.3333333333333333
김선미,연극,1,0.1111111111111111
김선미,오페라,1,0.1111111111111111
김선민,기악,1,0.5
김선민,연극,1,0.5
김선아,기악,4,0.6666666666666666
김선아,성악,1,0.16666666666666666
김선아,연극,1,0.16666666666666666
김선영,기악,2,0.15384615384615385
김선영,뮤지컬,5,0.38461538461538464
김선영,악극,1,0.07692307692307693
김선영,연극,5,0.38461538461538464
김선옥,기악,1,0.5
김선옥,성악,1,0.5
김선용,뮤지컬,1,0.3333333333333333
김선용,성악,1,0.3333333333333333
김선용,오페라,1,0.3333333333333333
김선우,기악,1,0.25
김선우,서커스/마술,1,0.25
김선우,연극,1,0.25
김선우,오페라,1,0.25
김선욱,기악,3,1.0
김선유,뮤지컬,1,1.0
김선이,연극,1,1.0
김선일,대중가요,1,1.0
김선정,기악,2,0.4
김선정,성악,1,0.2
김선정,오페라,1,0.2
김선정,한국무용,1,0.2
김선주,기악,3,1.0
김선중,대중가요,1,1.0
김선진,연극,2,1.0
김선표,연극,1,1.0
김선형,뮤지컬,1,1.0
김선호,뮤지컬,2,0.6666666666666666
김선호,연극,1,0.3333333333333333
김선화,뮤지컬,1,1.0
김선효,기악,1,0.5
김선효,뮤지컬,1,0.5
김선희,기악,3,0.375
김선희,기타,2,0.25
김선희,뮤지컬,2,0.25
김선희,연극,1,0.125
김설,연극,2,1.0
김설빈,연극,2,1.0
김설아,기악,1,1.0
김설진,연극,2,0.2857142857142857
김설진,현대무용,5,0.7142857142857143
김설혜,발레,1,1.0
김성각,연극,2,1.0
김성건,뮤지컬,1,1.0
김성결,기악,1,0.5
김성결,뮤지컬,1,0.5
김성경,기악,3,0.6
김성경,오페라,2,0.4
김성광,연극,1,1.0
김성구,연극,4,0.8
김성구,현대무용,1,0.2
김성국,기악,1,0.5
김성국,연극,1,0.5
김성규,대중가요,1,0.3333333333333333
김성규,뮤지컬,1,0.3333333333333333
김성규,연극,1,0.3333333333333333
김성근,오페라,1,1.0
김성녀,연극,1,1.0
김성노,연극,2,1.0
김성대,인형극,1,1.0
김성두,연극,1,1.0
김성미,기악,1,0.3333333333333333
김성미,뮤지컬,2,0.6666666666666666
김성민,기악,2,0.15384615384615385
김성민,뮤지컬,1,0.07692307692307693
김성민,발레,1,0.07692307692307693
김성민,성악,1,0.07692307692307693
김성민,연극,5,0.38461538461538464
김성민,오페라,2,0.15384615384615385
김성민,현대무용,1,0.07692307692307693
김성범,현대무용,2,1.0
김성수,기악,1,0.08333333333333333
김성수,대중가요,2,0.16666666666666666
김성수,뮤지컬,2,0.16666666666666666
김성수,성악,1,0.08333333333333333
김성수,연극,3,0.25
김성수,재즈/월드뮤직,3,0.25
김성숙,기악,1,0.5
김성숙,연극,1,0.5
김성식,기타,1,0.5
김성식,연극,1,0.5
김성신,기악,1,1.0
김성아,기악,2,1.0
김성연,기악,2,0.6666666666666666
김성연,오페라,1,0.3333333333333333
김성옥,한국무용,1,1.0
김성용,현대무용,2,1.0
김성우,현대무용,1,1.0
김성욱,뮤지컬,1,1.0
김성웅,뮤지컬,1,1.0
김성은,연극,3,0.75
김성은,오페라,1,0.25
김성일,뮤지컬,3,0.5
김성일,연극,2,0.3333333333333333
김성일,인형극,1,0.16666666666666666
김성주,연극,2,1.0
김성준,기악,1,0.14285714285714285
김성준,성악,1,0.14285714285714285
김성준,연극,4,0.5714285714285714
김성준,재즈/월드뮤직,1,0.14285714285714285
김성중,연극,1,1.0
김성진,기악,6,0.3333333333333333
김성진,뮤지컬,1,0.05555555555555555
김성진,성악,2,0.1111111111111111
김성진,연극,5,0.2777777777777778
김성진,오페라,4,0.2222222222222222
김성찬,기악,1,1.0
김성천,오페라,1,1.0
김성철,뮤지컬,1,0.3333333333333333
김성철,연극,2,0.6666666666666666
김성탁,뮤지컬,1,0.3333333333333333
김성탁,연극,2,0.6666666666666666
김성태,연극,4,1.0
김성택,뮤지컬,1,1.0
김성하,기악,1,1.0
김성헌,뮤지컬,2,1.0
김성헤,기악,1,1.0
김성현,기악,3,0.25
김성현,뮤지컬,2,0.16666666666666666
김성현,성악,2,0.16666666666666666
김성현,연극,3,0.25
김성현,현대무용,2,0.16666666666666666
김성혜,기악,1,0.5
김성혜,성악,1,0.5
김성환,기악,1,0.16666666666666666
김성환,뮤지컬,1,0.16666666666666666
김성환,성악,1,0.16666666666666666
김성환,연극,3,0.5
김성후,연극,1,1.0
김성훈,기악,1,0.125
김성훈,연극,3,0.375
김성훈,재즈/월드뮤직,1,0.125
김성훈,현대무용,3,0.375
김세경,기악,1,1.0
김세동,연극,2,1.0
김세미,넌버벌 퍼포먼스,1,1.0
김세선,뮤지컬,1,1.0
김세연,기악,1,0.25
김세연,발레,3,0.75
김세영,기악,2,1.0
김세용,연극,1,1.0
김세윤,성악,1,1.0
김세인,연극,1,1.0
김세일,기악,4,0.5
김세일,성악,4,0.5
김세중,뮤지컬,1,0.5
김세중,연극,1,0.5
김세진,기악,1,0.3333333333333333
김세진,마당극,1,0.3333333333333333
김세진,한국무용,1,0.3333333333333333
김세현,연극,1,1.0
김세홍,연극,1,1.0
김세환,연극,5,1.0
김세희,기악,1,0.3333333333333333
김세희,뮤지컬,1,0.3333333333333333
김세희,연극,1,0.3333333333333333
김소년,뮤지컬,1,1.0
김소라,성악,1,0.5
김소라,한국무용,1,0.5
김소리,연극,1,1.0
김소림,뮤지컬,1,1.0
김소미,연극,1,1.0
김소민,연극,7,1.0
김소여,연극,3,1.0
김소연,기악,6,0.6
김소연,연극,1,0.1
김소연,현대무용,1,0.1
김소연,혼합,2,0.2
김소영,기악,1,0.2
김소영,뮤지컬,1,0.2
김소영,연극,2,0.4
김소영,한국무용,1,0.2
김소원,기악,2,1.0
김소유,대중가요,6,1.0
김소윤,기악,1,0.5
김소윤,연극,1,0.5
김소이,연극,1,1.0
김소정,기악,4,0.5
김소정,뮤지컬,2,0.25
김소정,연극,2,0.25
김소중,연극,1,1.0
김소진,뮤지컬,1,0.5
김소진,성악,1,0.5
김소향,뮤지컬,4,1.0
김소현,뮤지컬,1,0.3333333333333333
김소현,성악,1,0.3333333333333333
김소현,연극,1,0.3333333333333333
김소형,기악,1,1.0
김소희,연극,2,1.0
김솔,기악,3,0.5
김솔,뮤지컬,1,0.16666666666666666
김솔,연극,2,0.3333333333333333
김솔 다니엘,혼합,1,1.0
김솔다니엘,기악,1,1.0
김솔로몬,뮤지컬,1,1.0
김솔미,성악,1,1.0
김솔지,성악,1,0.3333333333333333
김솔지,연극,2,0.6666666666666666
김송연,성악,1,1.0
김수경,기악,1,0.3333333333333333
김수경,뮤지컬,1,0.3333333333333333
김수경,한국무용,1,0.3333333333333333
김수령,연극,1,1.0
김수로,뮤지컬,1,0.14285714285714285
김수로,연극,5,0.7142857142857143
김수로,현대무용,1,0.14285714285714285
김수미,기악,1,0.3333333333333333
김수미,성악,1,0.3333333333333333
김수미,오페라,1,0.3333333333333333
김수민,뮤지컬,1,0.2
김수민,연극,4,0.8
김수빈,기악,2,0.6666666666666666
김수빈,연극,1,0.3333333333333333
김수아,발레,1,0.25
김수아,악극,1,0.25
김수아,연극,2,0.5
김수암,기악,1,1.0
김수양,연극,1,1.0
김수언,기악,1,1.0
김수연,기악,5,0.2777777777777778
김수연,뮤지컬,2,0.1111111111111111
김수연,성악,3,0.16666666666666666
김수연,연극,7,0.3888888888888889
김수연,창극,1,0.05555555555555555
김수열,재즈/월드뮤직,1,1.0
김수영,기악,3,0.3
김수영,대중가요,3,0.3
김수영,뮤지컬,1,0.1
김수영,연극,2,0.2
김수영,한국무용,1,0.1
김수완,발레,1,1.0
김수웅,뮤지컬,1,1.0
김수원,연극,1,1.0
김수유,기악,1,0.5
김수유,재즈/월드뮤직,1,0.5
김수은,연극,1,1.0
김수인,현대무용,2,1.0
김수잔,현대무용,1,1.0
김수정,기악,2,0.14285714285714285
김수정,성악,2,0.14285714285714285
김수정,연극,10,0.7142857142857143
김수지,기악,7,0.875
김수지,뮤지컬,1,0.125
김수진,기악,7,0.875
김수진,연극,1,0.125
김수찬,대중가요,2,0.6666666666666666
김수찬,연극,1,0.3333333333333333
김수하,뮤지컬,3,1.0
김수한,연극,1,1.0
김수향,성악,1,1.0
김수현,기악,2,0.16666666666666666
김수현,뮤지컬,1,0.08333333333333333
김수현,성악,1,0.08333333333333333
김수현,악극,2,0.16666666666666666
김수현,연극,4,0.3333333333333333
김수현,한국무용,1,0.08333333333333333
김수현,현대무용,1,0.08333333333333333
김수혜,뮤지컬,1,1.0
김수홍,기악,3,0.75
김수홍,혼합,1,0.25
김수환,연극,1,1.0
김수훈,뮤지컬,1,1.0
김수희,뮤지컬,1,0.1111111111111111
김수희,발레,2,0.2222222222222222
김수희,성악,4,0.4444444444444444
김수희,연극,2,0.2222222222222222
김숙,기악,1,1.0
김숙영,오페라,2,1.0
김숙자,연극,1,0.3333333333333333
김숙자,한국무용,2,0.6666666666666666
김숙희,연극,1,1.0
김순기,성악,1,1.0
김순남,연극,1,1.0
김순녀,기악,1,1.0
김순덕,연극,1,1.0
김순영,기악,1,0.125
김순영,기타,1,0.125
김순영,성악,4,0.5
김순영,오페라,1,0.125
김순영,재즈/월드뮤직,1,0.125
김순정,발레,1,1.0
김순택,기타,1,0.14285714285714285
김순택,뮤지컬,6,0.8571428571428571
김순향,기악,1,1.0
김순희,오페라,3,1.0
김스라,기악,1,1.0
김슬,연극,1,1.0
김슬기,대중가요,1,0.25
김슬기,연극,3,0.75
김승곤,악극,1,1.0
김승균,뮤지컬,1,1.0
김승기,연극,1,1.0
김승대,뮤지컬,1,1.0
김승록,현대무용,1,1.0
김승림,기악,1,1.0
김승민,연극,4,1.0
김승범,연극,1,1.0
김승수,연극,3,1.0
김승애,한국무용,2,1.0
김승연,기악,2,0.6666666666666666
김승연,연극,1,0.3333333333333333
김승완,연극,2,1.0
김승원,기악,2,1.0
김승은,연극,1,1.0
김승직,기악,4,0.4
김승직,성악,3,0.3
김승직,오페라,3,0.3
김승진,뮤지컬,1,0.5
김승진,연희,1,0.5
김승철,기악,1,0.16666666666666666
김승철,연극,5,0.8333333333333334
김승태,성악,1,1.0
김승혁,연극,2,1.0
김승현,연극,3,0.6
김승현,오페라,1,0.2
김승현,현대무용,1,0.2
김승혜,연극,1,1.0
김승호,재즈/월드뮤직,1,1.0
김승화,연극,2,1.0
김승환,뮤지컬,2,0.2222222222222222
김승환,악극,2,0.2222222222222222
김승환,연극,5,0.5555555555555556
김시권,연극,1,1.0
김시내,기악,1,1.0
김시번,연극,1,1.0
김시아,연극,1,1.0
김시언,오페라,2,1.0
김시영,연극,5,1.0
김시온,기악,1,1.0
김시원,연극,2,1.0
김시유,연극,5,1.0
김시진,뮤지컬,1,0.5
김시진,오페라,1,0.5
김시철,기악,1,1.0
김시현,마당극,1,0.5
김시현,연극,1,0.5
김신,기악,1,0.5
김신,기타,1,0.5
김신기,뮤지컬,1,1.0
김신록,연극,2,1.0
김신실,연극,2,1.0
김신아,뮤지컬,1,1.0
김신애,연극,2,1.0
김신영,기악,2,0.3333333333333333
김신영,성악,1,0.16666666666666666
김신영,연극,2,0.3333333333333333
김신영,연희,1,0.16666666666666666
김신용,연극,1,1.0
김신욱,성악,1,1.0
김신혜,기악,4,0.4
김신혜,기타,1,0.1
김신혜,대중가요,1,0.1
김신혜,성악,1,0.1
김신혜,연극,1,0.1
김신혜,오페라,2,0.2
김신화,기악,1,1.0
김실즈,연극,1,1.0
김아라,연극,1,1.0
김아람,연극,1,1.0
김아름,기악,5,1.0
김아리,기악,1,1.0
김아림,성악,1,1.0
김아석,연극,1,1.0
김아연,기악,1,1.0
김아영,기악,3,0.3333333333333333
김아영,뮤지컬,1,0.1111111111111111
김아영,연극,5,0.5555555555555556
김애리,기악,1,0.5
김애리,혼합,1,0.5
김애자,연극,1,1.0
김양균,연극,3,1.0
김양섭,뮤지컬,1,1.0
김양오,대중가요,1,1.0
김양화,한국무용,1,0.5
김양화,혼합,1,0.5
김양훈,뮤지컬,3,1.0
김양희,연극,2,1.0
김어령,기악,1,1.0
김어진,연극,2,0.5
김어진,오페라,2,0.5
김어진. 신익훈,연극,1,1.0
김언수,연극,1,1.0
김언진,기악,1,1.0
김에셀,기악,1,1.0
김에스더,발레,1,1.0
김여우리,뮤지컬,1,1.0
김여은,연극,1,1.0
김여준,기악,1,1.0
김여진,기악,1,0.125
김여진,뮤지컬,2,0.25
김여진,연극,2,0.25
김여진,오페라,2,0.25
김여진,한국무용,1,0.125
김여희,연희,1,1.0
김연경,기악,2,1.0
김연귀,기악,1,0.5
김연귀,재즈/월드뮤직,1,0.5
김연미,연극,1,1.0
김연민,연극,1,1.0
김연서,기악,1,1.0
김연선,한국무용,2,1.0
김연수,연극,3,0.5
김연수,창극,1,0.16666666666666666
김연수,한국무용,1,0.16666666666666666
김연수,현대무용,1,0.16666666666666666
김연우,연극,1,1.0
김연자,대중가요,1,1.0
김연재,연극,2,1.0
김연정,기악,1,0.3333333333333333
김연정,뮤지컬,1,0.3333333333333333
김연정,악극,1,0.3333333333333333
김연주,기악,3,0.75
김연주,연극,1,0.25
김연주 둥,뮤지컬,1,1.0
김연지,뮤지컬,1,1.0
김연진,기악,1,0.2
김연진,성악,1,0.2
김연진,연극,2,0.4
김연진,한국무용,1,0.2
김연철,연극,2,1.0
김연호,연극,1,1.0
김연화,기악,1,1.0
김연희,연극,2,1.0
김영,성악,1,0.5
김영,연극,1,0.5
김영건,연극,1,1.0
김영경,연극,2,1.0
김영교,연희,1,1.0
김영구,한국무용,1,1.0
김영규,연극,2,1.0
김영균,연극,3,1.0
김영기,기악,3,0.75
김영기,넌버벌 퍼포먼스,1,0.25
김영남,연극,2,0.5
김영남,오페라,1,0.25
김영남,현대무용,1,0.25
김영노,연극,5,1.0
김영덕,기악,1,1.0
김영래,연극,1,1.0
김영립,기악,1,1.0
김영미,기악,1,0.16666666666666666
김영미,대중가요,2,0.3333333333333333
김영미,연극,1,0.16666666666666666
김영미,오페라,2,0.3333333333333333
김영민,기악,1,0.25
김영민,성악,1,0.25
김영민,연극,2,0.5
김영복,오페라,1,1.0
김영빈,연극,2,1.0
김영산,기악,1,1.0
김영삼,연극,1,1.0
김영상,기악,1,1.0
김영선,뮤지컬,1,1.0
김영성,연극,1,1.0
김영소,대중가요,2,1.0
김영수,성악,3,1.0
김영숙,한국무용,1,1.0
김영순,연극,1,1.0
김영신,기악,1,0.3333333333333333
김영신,뮤지컬,2,0.6666666666666666
김영실,연극,1,1.0
김영아,기악,1,1.0
김영애,기악,1,1.0
김영언,기악,3,1.0
김영오,연극,1,1.0
김영옥,연극,1,1.0
김영욱,기악,4,0.3076923076923077
김영욱,뮤지컬,6,0.46153846153846156
김영욱,성악,1,0.07692307692307693
김영욱,연극,2,0.15384615384615385
김영웅,연극,2,1.0
김영원,뮤지컬,1,1.0
김영은,기악,5,0.7142857142857143
김영은,뮤지컬,2,0.2857142857142857
김영임,기악,4,0.8
김영임,혼합,1,0.2
김영자,성악,1,0.5
김영자,연희,1,0.5
김영재,기악,1,0.16666666666666666
김영재,뮤지컬,1,0.16666666666666666
김영재,연극,2,0.3333333333333333
김영재,오페라,1,0.16666666666666666
김영재,재즈/월드뮤직,1,0.16666666666666666
김영절,기악,1,1.0
김영제,성악,1,1.0
김영조,연극,1,1.0
김영주,기악,3,0.3333333333333333
김영주,뮤지컬,4,0.4444444444444444
김영주,오페라,2,0.2222222222222222
김영준,기악,2,0.4
김영준,연극,2,0.4
김영준,인형극,1,0.2
김영지,기악,1,1.0
김영진,대중가요,2,0.2222222222222222
김영진,서커스/마술,1,0.1111111111111111
김영진,성악,2,0.2222222222222222
김영진,연극,1,0.1111111111111111
김영진,재즈/월드뮤직,2,0.2222222222222222
김영진,한국무용,1,0.1111111111111111
김영찬,연극,1,0.3333333333333333
김영찬,한국무용,1,0.3333333333333333
김영찬,현대무용,1,0.3333333333333333
김영철,연극,2,1.0
김영춘,뮤지컬,4,1.0
김영표,연극,1,1.0
김영하,기악,1,1.0
김영한,기악,1,0.25
김영한,뮤지컬,1,0.25
김영한,연극,2,0.5
김영현,연극,3,1.0
김영호,기악,4,0.4444444444444444
김영호,연극,5,0.5555555555555556
김영화,성악,2,1.0
김영환,뮤지컬,1,0.3333333333333333
김영환,연극,2,0.6666666666666666
김영후,재즈/월드뮤직,1,1.0
김영훈,연극,2,1.0
김영희,연극,1,1.0
김예기,연극,1,1.0
김예나,연극,5,1.0
김예나. 김효인,연극,1,1.0
김예라,기악,1,1.0
김예리,기악,1,0.5
김예리,연극,1,0.5
김예린,뮤지컬,5,1.0
김예림,연극,1,0.5
김예림,현대무용,1,0.5
김예별,연극,1,1.0
김예솔,기악,1,1.0
김예송,기악,1,1.0
김예슬,기악,3,0.5
김예슬,뮤지컬,1,0.16666666666666666
김예슬,성악,1,0.16666666666666666
김예슬,연극,1,0.16666666666666666
김예원,뮤지컬,1,1.0
김예은,기악,2,0.5
김예은,연극,1,0.25
김예은,오페라,1,0.25
김예준,뮤지컬,1,1.0
김예중,재즈/월드뮤직,1,1.0
김예지,기악,2,0.5
김예지,연극,1,0.25
김예지,오페라,1,0.25
김예진,뮤지컬,2,0.3333333333333333
김예진,성악,2,0.3333333333333333
김예진,연극,1,0.16666666666666666
김예진,한국무용,1,0.16666666666666666
김예카테리나,발레,1,1.0
김예현,기악,1,1.0
김오수,성악,1,1.0
김오진,기악,1,1.0
김오키,현대무용,1,1.0
김옥,오페라,2,1.0
김옥경,현대무용,1,1.0
김옥란,연극,2,1.0
김옥련,발레,1,1.0
김옥희,연극,1,1.0
김온유,기악,1,0.5
김온유,성악,1,0.5
김완식,뮤지컬,1,1.0
김완철,기악,1,1.0
김완혁,서커스/마술,1,1.0
김왕근,연극,1,1.0
김요섭,기악,1,1.0
김요찬,연극,1,1.0
김요한,기악,2,0.5
김요한,연극,1,0.25
김요한,재즈/월드뮤직,1,0.25
김요환,연극,1,1.0
김용겸,연극,1,1.0
김용관,뮤지컬,1,1.0
김용광,연극,2,1.0
김용균,뮤지컬,1,1.0
김용근,악극,1,1.0
김용년,연극,1,1.0
김용민,기악,1,0.25
김용민,뮤지컬,1,0.25
김용민,서커스/마술,2,0.5
김용배,기악,2,0.6666666666666666
김용배,성악,1,0.3333333333333333
김용석,연극,3,1.0
김용선,연극,5,1.0
김용수,뮤지컬,1,1.0
김용식,기악,2,1.0
김용운,연극,2,1.0
김용인,뮤지컬,1,1.0
김용임,기타,1,0.2
김용임,대중가요,3,0.6
김용임,혼합,1,0.2
김용재,기악,1,1.0
김용준,기악,1,1.0
김용진,기악,4,1.0
김용천,연극,1,1.0
김용한,뮤지컬,1,1.0
김용현,연극,2,0.6666666666666666
김용현,한국무용,1,0.3333333333333333
김용호,기타,1,0.3333333333333333
김용호,연극,2,0.6666666666666666
김용환,기악,1,1.0
김용훈,연희,2,1.0
김용희,연극,3,1.0
김우경 이명훈,기악,1,1.0
김우람,성악,1,1.0
김우림,연극,2,1.0
김우석,뮤지컬,2,1.0
김우성,기악,1,1.0
김우연,기악,3,1.0
김우정,연극,3,1.0
김우주,오페라,1,1.0
김우진,기악,3,0.6
김우진,대중가요,1,0.2
김우진,연극,1,0.2
김우태,성악,1,1.0
김우현,뮤지컬,1,1.0
김우형,뮤지컬,1,1.0
김욱,기악,2,0.5
김욱,연극,2,0.5
김욱현,뮤지컬,1,1.0
김운기,뮤지컬,2,1.0
김운석,기악,1,1.0
김운선,연희,1,1.0
김운성,기악,1,1.0
김운영,성악,1,1.0
김운태,혼합,1,1.0
김웅식,기악,2,1.0
김웅희,연극,1,1.0
김원,연극,1,0.5
김원,오페라,1,0.5
김원곤,뮤지컬,1,1.0
김원동,오페라,1,1.0
김원민,혼합,1,1.0
김원빈,뮤지컬,1,1.0
김원석,연극,1,1.0
김원영,현대무용,1,1.0
김원우,연극,1,1.0
김원정,연극,2,1.0
김원준,대중가요,1,1.0
김원중,연극,1,1.0
김원진,기악,1,0.1
김원진,연극,9,0.9
김원태,연극,4,1.0
김원혜,기악,1,1.0
김위곤,연극,1,1.0
김위영,연극,1,1.0
김유경,기악,5,1.0
김유나,연극,3,1.0
김유남,연극,1,1.0
김유리,기악,7,0.875
김유리,연극,1,0.125
김유림,연극,1,1.0
김유미,기악,3,0.2727272727272727
김유미,발레,2,0.18181818181818182
김유미,성악,1,0.09090909090909091
김유미,연극,1,0.09090909090909091
김유미,오페라,1,0.09090909090909091
김유미,한국무용,3,0.2727272727272727
김유민,뮤지컬,1,0.5
김유민,연극,1,0.5
김유빈,기악,6,1.0
김유상,기악,2,1.0
김유석,연극,1,1.0
김유선,기악,1,1.0
김유섬,기악,1,0.5
김유섬,성악,1,0.5
김유성,기악,3,0.6
김유성,대중가요,1,0.2
김유성,뮤지컬,1,0.2
김유신정,연극,1,1.0
김유운,성악,1,1.0
김유정,기악,2,0.18181818181818182
김유정,뮤지컬,5,0.45454545454545453
김유정,성악,1,0.09090909090909091
김유정,악극,1,0.09090909090909091
김유정,연극,2,0.18181818181818182
김유진,기악,3,0.1875
김유진,뮤지컬,2,0.125
김유진,성악,2,0.125
김유진,연극,5,0.3125
김유진,오페라,4,0.25
김유현,뮤지컬,1,1.0
김윤,연극,1,1.0
김윤경,기악,1,0.5
김윤경,연극,1,0.5
김윤곤,기악,2,1.0
김윤미,뮤지컬,1,0.2
김윤미,연극,2,0.4
김윤미,현대무용,2,0.4
김윤설,연극,2,1.0
김윤수,연극,1,1.0
김윤아,대중가요,1,0.2
김윤아,연극,4,0.8
김윤영,뮤지컬,1,1.0
김윤우,기악,2,1.0
김윤정,기악,1,0.3333333333333333
김윤정,연극,2,0.6666666666666666
김윤주,연극,2,1.0
김윤지,기악,2,0.5
김윤지,연극,2,0.5
김윤태,뮤지컬,1,0.25
김윤태,연극,2,0.5
김윤태,재즈/월드뮤직,1,0.25
김윤현,현대무용,1,1.0
김윤호,기악,1,1.0
김윤후,뮤지컬,1,0.5
김윤후,연극,1,0.5
김윤희,기악,2,0.3333333333333333
김윤희,뮤지컬,1,0.16666666666666666
김윤희,연극,1,0.16666666666666666
김윤희,오페라,2,0.3333333333333333
김율리,연극,1,1.0
김율미,연극,1,1.0
김율하,뮤지컬,1,1.0
김율희,기악,1,0.2
김율희,기타,1,0.2
김율희,대중가요,2,0.4
김율희,성악,1,0.2
김은,성악,1,1.0
김은경,기악,1,0.16666666666666666
김은경,성악,1,0.16666666666666666
김은경,악극,1,0.16666666666666666
김은경,오페라,1,0.16666666666666666
김은경,창극,1,0.16666666666666666
김은경,현대무용,1,0.16666666666666666
김은곤,혼합,1,1.0
김은교,기악,1,0.5
김은교,오페라,1,0.5
김은국,성악,1,1.0
김은근,기악,1,1.0
김은미,연극,6,0.8571428571428571
김은미,오페라,1,0.14285714285714285
김은민,연극,1,1.0
김은별,재즈/월드뮤직,1,1.0
김은서,연극,1,1.0
김은석,기악,1,0.5
김은석,연극,1,0.5
김은성,기악,1,1.0
김은수,연극,1,1.0
김은숙,기악,1,0.3333333333333333
김은숙,연극,1,0.3333333333333333
김은숙,혼합,1,0.3333333333333333
김은식,기악,1,1.0
김은실,성악,1,0.5
김은실,오페라,1,0.5
김은아,기악,1,0.5
김은아,연극,1,0.5
김은영,기악,1,0.08333333333333333
김은영,뮤지컬,3,0.25
김은영,성악,2,0.16666666666666666
김은영,연극,2,0.16666666666666666
김은영,오페라,3,0.25
김은영,재즈/월드뮤직,1,0.08333333333333333
김은옥,대중가요,1,1.0
김은우,연극,8,1.0
김은정,기악,6,0.42857142857142855
김은정,발레,1,0.07142857142857142
김은정,연극,5,0.35714285714285715
김은정,오페라,1,0.07142857142857142
김은정,한국무용,1,0.07142857142857142
김은주,기악,3,0.75
김은주,뮤지컬,1,0.25
김은지,기악,4,0.26666666666666666
김은지,뮤지컬,6,0.4
김은지,성악,1,0.06666666666666667
김은지,연극,2,0.13333333333333333
김은지,현대무용,2,0.13333333333333333
김은진,기악,3,0.75
김은진,발레,1,0.25
김은찬,기악,1,1.0
김은채,뮤지컬,2,1.0
김은총,성악,1,0.5
김은총,재즈/월드뮤직,1,0.5
김은하,연극,1,1.0
김은형,성악,1,1.0
김은혜,기악,3,0.5
김은혜,성악,3,0.5
김은환,뮤지컬,1,0.5
김은환,연극,1,0.5
김은희,기악,1,0.09090909090909091
김은희,뮤지컬,1,0.09090909090909091
김은희,성악,1,0.09090909090909091
김은희,연극,7,0.6363636363636364
김은희,오페라,1,0.09090909090909091
김을지,기악,1,1.0
김응두,기악,1,1.0
김응수,기악,2,0.6666666666666666
김응수,성악,1,0.3333333333333333
김응형,연극,1,1.0
김의지,오페라,1,1.0
김의진,오페라,1,1.0
김의환,악극,1,1.0
김이경,연극,1,0.5
김이경,현대무용,1,0.5
김이곤,기악,3,1.0
김이선,기타,1,0.5
김이선,연극,1,0.5
김이수,연극,2,1.0
김이슬,연극,1,1.0
김이영,연극,1,1.0
김이정,기악,2,1.0
김이지,연극,1,1.0
김이후,뮤지컬,3,1.0
김인경,연극,2,1.0
김인규,연극,1,1.0
김인균,기악,1,1.0
김인수,기악,3,0.5
김인수,대중가요,1,0.16666666666666666
김인수,연극,2,0.3333333333333333
김인식,현대무용,1,1.0
김인애,현대무용,1,1.0
김인재,성악,2,1.0
김인정,연극,2,1.0
김인하,기악,1,0.5
김인하,뮤지컬,1,0.5
김인휘,오페라,2,1.0
김일,성악,1,1.0
김일교,연극,2,1.0
김일구,성악,1,1.0
김일동,악극,1,1.0
김일중,뮤지컬,1,1.0
김일현,기악,1,0.3333333333333333
김일현,한국무용,1,0.3333333333333333
김일현,혼합,1,0.3333333333333333
김자영,연극,2,1.0
김자현,기악,1,1.0
김잔디,뮤지컬,1,1.0
김장미,발레,1,1.0
김장수,대중가요,2,1.0
김장연,성악,1,1.0
김장원,대중가요,1,1.0
김장현,연극,1,1.0
김장훈,대중가요,2,1.0
김재건,연극,2,1.0
김재경,연극,3,1.0
김재곤,기악,2,1.0
김재광,기타,1,0.25
김재광,뮤지컬,3,0.75
김재광 김민경,연극,1,1.0
김재국,대중가요,1,0.5
김재국,재즈/월드뮤직,1,0.5
김재규,성악,1,1.0
김재덕,현대무용,2,1.0
김재락,혼합,1,1.0
김재란,연극,1,1.0
김재만,뮤지컬,1,0.5
김재만,연극,1,0.5
김재민,뮤지컬,3,1.0
김재범,뮤지컬,4,0.6666666666666666
김재범,연극,2,0.3333333333333333
김재빈,기타,1,1.0
김재선,뮤지컬,1,0.5
김재선,연극,1,0.5
김재승,현대무용,1,1.0
김재억,현대무용,1,1.0
김재언,기악,1,1.0
김재연,기악,2,0.5
김재연,연극,2,0.5
김재엽,연극,1,1.0
김재영,기악,6,1.0
김재옥,연극,2,1.0
김재우,기악,1,0.5
김재우,연극,1,0.5
김재욱,대중가요,1,0.5
김재욱,연극,1,0.5
김재원,기악,18,0.75
김재원,스트리트/스포츠댄스,1,0.041666666666666664
김재원,연극,5,0.20833333333333334
김재윤,기악,3,1.0
김재은,뮤지컬,1,0.25
김재은,연극,3,0.75
김재이,성악,1,1.0
김재인,뮤지컬,2,0.6666666666666666
김재인,연극,1,0.3333333333333333
김재일,기악,1,0.2
김재일,오페라,4,0.8
김재중,대중가요,1,1.0
김재찬,오페라,2,1.0
김재하,대중가요,1,1.0
김재학,기악,1,0.5
김재학,연극,1,0.5
김재한,뮤지컬,1,0.25
김재한,연극,2,0.5
김재한,한국무용,1,0.25
김재현,연극,3,0.75
김재현,현대무용,1,0.25
김재형,기악,1,0.14285714285714285
김재형,뮤지컬,1,0.14285714285714285
김재형,성악,2,0.2857142857142857
김재형,연극,3,0.42857142857142855
김재홍,연극,1,1.0
김재환,대중가요,1,1.0
김재훈,기악,1,0.25
김재훈,악극,1,0.25
김재훈,연극,2,0.5
김재흥,연극,2,1.0
김재희,기악,1,0.5
김재희,연극,1,0.5
김정,악극,1,0.16666666666666666
김정,연극,5,0.8333333333333334
김정경,기악,1,1.0
김정관,악극,1,1.0
김정권,기악,2,0.5
김정권,성악,2,0.5
김정규,성악,1,0.3333333333333333
김정규,연극,1,0.3333333333333333
김정규,오페라,1,0.3333333333333333
김정균,연극,1,1.0
김정근,대중가요,1,1.0
김정기,기악,1,0.5
김정기,현대무용,1,0.5
김정길,기악,1,1.0
김정남,연극,1,1.0
김정만,연극,1,1.0
김정문,연극,1,1.0
김정미,기악,3,0.5
김정미,성악,2,0.3333333333333333
김정미,현대무용,1,0.16666666666666666
김정미 김승직,성악,1,1.0
김정민,기악,2,0.2222222222222222
김정민,기타,1,0.1111111111111111
김정민,뮤지컬,1,0.1111111111111111
김정민,성악,1,0.1111111111111111
김정민,연극,4,0.4444444444444444
김정선,기악,1,0.3333333333333333
김정선,대중가요,1,0.3333333333333333
김정선,성악,1,0.3333333333333333
김정수,기악,5,0.45454545454545453
김정수,현대무용,5,0.45454545454545453
김정수,혼합,1,0.09090909090909091
김정숙,연극,5,1.0
김정승,기악,1,1.0
김정아,기악,4,0.8
김정아,오페라,1,0.2
김정연,기악,1,1.0
김정우,오페라,1,1.0
김정욱,기악,1,1.0
김정운,기악,1,0.2
김정운,연극,2,0.4
김정운,연희,2,0.4
김정원,기악,4,0.8
김정원,연극,1,0.2
김정윤,뮤지컬,1,1.0
김정은,기악,6,0.5454545454545454
김정은,연극,2,0.18181818181818182
김정은,오페라,1,0.09090909090909091
김정은,현대무용,1,0.09090909090909091
김정은,혼합,1,0.09090909090909091
김정인,기악,3,0.6
김정인,연극,2,0.4
김정주,성악,1,1.0
김정택,대중가요,1,1.0
김정하,기악,2,0.5
김정하,연극,2,0.5
김정한,뮤지컬,2,0.4
김정한,연극,3,0.6
김정혁,연극,1,1.0
김정현,기악,4,0.8
김정현,재즈/월드뮤직,1,0.2
김정호,연극,10,1.0
김정화,기악,1,0.2
김정화,연극,3,0.6
김정화,오페라,1,0.2
김정환,발레,1,0.25
김정환,연극,2,0.5
김정환,오페라,1,0.25
김정후,뮤지컬,1,1.0
김정훈,기악,2,0.2
김정훈,성악,1,0.1
김정훈,연극,5,0.5
김정훈,오페라,1,0.1
김정훈,현대무용,1,0.1
김정휘,기악,1,1.0
김정희,재즈/월드뮤직,1,0.5
김정희,한국무용,1,0.5
김제윤,재즈/월드뮤직,2,1.0
김제형,연극,2,1.0
김제훈,성악,1,1.0
김조현,연극,1,1.0
김종구,뮤지컬,8,0.8
김종구,연극,2,0.2
김종국,대중가요,4,0.6666666666666666
김종국,재즈/월드뮤직,2,0.3333333333333333
김종균,뮤지컬,1,1.0
김종년,뮤지컬,1,1.0
김종두,악극,1,1.0
김종련,뮤지컬,1,1.0
김종민,뮤지컬,1,0.5
김종민,연극,1,0.5
김종보,연극,1,1.0
김종서,대중가요,1,1.0
김종석,뮤지컬,7,0.5833333333333334
김종석,연극,4,0.3333333333333333
김종석,현대무용,1,0.08333333333333333
김종선,연극,1,1.0
김종신,현대무용,1,1.0
김종영,기악,1,0.5
김종영,성악,1,0.5
김종우,기악,1,1.0
김종욱,기악,3,1.0
김종윤,기악,2,1.0
김종일,악극,1,1.0
김종표,기악,3,0.375
김종표,오페라,5,0.625
김종해,뮤지컬,4,1.0
김종헌,연극,1,1.0
김종현,기악,4,0.4444444444444444
김종현,대중가요,2,0.2222222222222222
김종현,성악,2,0.2222222222222222
김종현,연극,1,0.1111111111111111
김종호,기악,1,1.0
김종환,대중가요,1,1.0
김종훈,기악,2,0.5
김종훈,뮤지컬,1,0.25
김종훈,연극,1,0.25
김종희,연극,1,1.0
김주,한국무용,1,1.0
김주경,뮤지컬,1,0.5
김주경,연극,1,0.5
김주리,기악,2,0.6666666666666666
김주리,혼합,1,0.3333333333333333
김주빈,연극,1,0.5
김주빈,현대무용,1,0.5
김주애,연극,1,1.0
김주연,기악,1,0.08333333333333333
김주연,뮤지컬,4,0.3333333333333333
김주연,연극,7,0.5833333333333334
김주영,기악,5,1.0
김주완,연극,3,0.75
김주완,오페라,1,0.25
김주왕,뮤지컬,1,1.0
김주원,기악,1,0.07142857142857142
김주원,발레,7,0.5
김주원,성악,2,0.14285714285714285
김주원,연극,4,0.2857142857142857
김주유,연극,3,1.0
김주은,기악,2,0.6666666666666666
김주은,성악,1,0.3333333333333333
김주일,발레,1,0.5
김주일,연극,1,0.5
김주찬,연극,2,1.0
김주택,기악,1,0.125
김주택,기타,2,0.25
김주택,성악,2,0.25
김주택,오페라,3,0.375
김주하,연극,3,1.0
김주현,기악,2,0.2857142857142857
김주현,발레,2,0.2857142857142857
김주현,오페라,2,0.2857142857142857
김주현,현대무용,1,0.14285714285714285
김주형,기악,1,1.0
김주혜,기악,1,0.5
김주혜,연극,1,0.5
김주호,뮤지컬,8,1.0
김주홍,혼합,1,1.0
김주환,대중가요,1,1.0
김주희,뮤지컬,1,0.25
김주희,연극,2,0.5
김주희,오페라,1,0.25
김죽엽,한국무용,1,1.0
김준,연극,2,0.6666666666666666
김준,재즈/월드뮤직,1,0.3333333333333333
김준겸,연극,1,1.0
김준광,연극,1,1.0
김준기,현대무용,1,1.0
김준범,재즈/월드뮤직,1,1.0
김준빈,오페라,2,1.0
김준삼,연극,2,1.0
김준서,연극,2,1.0
김준성,기악,1,1.0
김준수,기악,1,0.2
김준수,마당극,1,0.2
김준수,뮤지컬,2,0.4
김준수,창극,1,0.2
김준아,연극,1,1.0
김준연,오페라,2,1.0
김준영,기악,1,0.14285714285714285
김준영,마임,2,0.2857142857142857
김준영,뮤지컬,2,0.2857142857142857
김준영,연극,2,0.2857142857142857
김준용,서커스/마술,1,1.0
김준우,기악,1,0.5
김준우,연극,1,0.5
김준원,연극,1,1.0
김준차,기악,3,1.0
김준태,뮤지컬,1,1.0
김준표,서커스/마술,1,0.3333333333333333
김준표,연극,2,0.6666666666666666
김준한,연극,1,1.0
김준현,뮤지컬,2,1.0
김준형,기악,1,0.3333333333333333
김준형,뮤지컬,1,0.3333333333333333
김준형,연극,1,0.3333333333333333
김준호,연극,2,1.0
김준홍,성악,1,1.0
김준희,기악,4,0.5
김준희,연극,4,0.5
김중,연극,2,1.0
김중연,대중가요,2,1.0
김중원,뮤지컬,1,1.0
김중일,성악,1,0.5
김중일,오페라,1,0.5
김지강,뮤지컬,1,1.0
김지나,기악,1,0.25
김지나,연극,3,0.75
김지단,오페라,3,1.0
김지명,기악,2,0.6666666666666666
김지명,기타,1,0.3333333333333333
김지민,뮤지컬,1,0.16666666666666666
김지민,연극,3,0.5
김지민,현대무용,2,0.3333333333333333
김지석,연극,1,0.5
김지석,재즈/월드뮤직,1,0.5
김지선,기악,1,0.25
김지선,뮤지컬,1,0.25
김지선,성악,1,0.25
김지선,연극,1,0.25
김지성,성악,1,0.5
김지성,연극,1,0.5
김지수,기악,2,0.3333333333333333
김지수,뮤지컬,1,0.16666666666666666
김지수,연극,2,0.3333333333333333
김지수,현대무용,1,0.16666666666666666
김지숙,기악,1,0.25
김지숙,연극,2,0.5
김지숙,창극,1,0.25
김지식,뮤지컬,3,0.75
김지식,연극,1,0.25
김지아,연극,1,1.0
김지안,발레,1,1.0
김지애,성악,1,0.3333333333333333
김지애,연극,1,0.3333333333333333
김지애,혼합,1,0.3333333333333333
김지양,기악,1,1.0
김지연,기악,3,0.375
김지연,뮤지컬,1,0.125
김지연,연극,4,0.5
김지영,기악,3,0.2
김지영,마임,1,0.06666666666666667
김지영,발레,2,0.13333333333333333
김지영,연극,7,0.4666666666666667
김지영,한국무용,1,0.06666666666666667
김지영,혼합,1,0.06666666666666667
김지온,뮤지컬,2,1.0
김지용,연극,1,1.0
김지우,기악,1,0.1111111111111111
김지우,기타,1,0.1111111111111111
김지우,뮤지컬,3,0.3333333333333333
김지우,발레,1,0.1111111111111111
김지우,연극,3,0.3333333333333333
김지욱,악극,1,0.3333333333333333
김지욱,연극,2,0.6666666666666666
김지웅,뮤지컬,1,0.5
김지웅,연극,1,0.5
김지원,기악,10,0.5882352941176471
김지원,기타,1,0.058823529411764705
김지원,뮤지컬,2,0.11764705882352941
김지원,성악,1,0.058823529411764705
김지원,연극,3,0.17647058823529413
김지유,뮤지컬,3,0.75
김지유,연극,1,0.25
김지윤,기악,9,0.6923076923076923
김지윤,뮤지컬,2,0.15384615384615385
김지윤,발레,1,0.07692307692307693
김지윤,악극,1,0.07692307692307693
김지은,기악,10,0.43478260869565216
김지은,뮤지컬,2,0.08695652173913043
김지은,성악,1,0.043478260869565216
김지은,연극,6,0.2608695652173913
김지은,오페라,1,0.043478260869565216
김지은,창극,1,0.043478260869565216
김지은,한국무용,2,0.08695652173913043
김지은 홍서해,연극,1,1.0
김지은김민정,한국무용,1,1.0
김지인,재즈/월드뮤직,1,1.0
김지철,뮤지컬,4,1.0
김지하,연극,1,1.0
김지한,뮤지컬,1,1.0
김지향,기악,1,1.0
김지현,기악,5,0.3125
김지현,대중가요,1,0.0625
김지현,뮤지컬,3,0.1875
김지현,성악,4,0.25
김지현,연극,2,0.125
김지현,오페라,1,0.0625
김지형,연극,2,0.6666666666666666
김지형,현대무용,1,0.3333333333333333
김지혜,기악,11,0.6875
김지혜,뮤지컬,1,0.0625
김지혜,연극,3,0.1875
김지혜,현대무용,1,0.0625
김지호,뮤지컬,4,0.4
김지호,성악,2,0.2
김지호,악극,1,0.1
김지호,연극,2,0.2
김지호,오페라,1,0.1
김지환,뮤지컬,2,0.6666666666666666
김지환,연극,1,0.3333333333333333
김지후,뮤지컬,1,1.0
김지훈,기악,3,0.13636363636363635
김지훈,기타,1,0.045454545454545456
김지훈,대중가요,1,0.045454545454545456
김지훈,뮤지컬,3,0.13636363636363635
김지훈,성악,3,0.13636363636363635
김지훈,연극,9,0.4090909090909091
김지훈,오페라,1,0.045454545454545456
김지훈,인형극,1,0.045454545454545456
김지휘,뮤지컬,2,0.5
김지휘,연극,2,0.5
김지희,기악,1,0.5
김지희,연극,1,0.5
김진,현대무용,1,1.0
김진곤,연극,2,1.0
김진명,연극,1,1.0
김진미,뮤지컬,1,1.0
김진복,연극,1,1.0
김진석,기악,1,1.0
김진선,기악,1,0.5
김진선,연극,1,0.5
김진세,기악,1,1.0
김진수,기악,1,0.16666666666666666
김진수,대중가요,1,0.16666666666666666
김진수,연극,3,0.5
김진수,재즈/월드뮤직,1,0.16666666666666666
김진승,기악,1,1.0
김진아,뮤지컬,1,0.1111111111111111
김진아,연극,7,0.7777777777777778
김진아,현대무용,1,0.1111111111111111
김진안,기악,1,0.5
김진안,성악,1,0.5
김진영,뮤지컬,6,0.8571428571428571
김진영,연극,1,0.14285714285714285
김진우,뮤지컬,3,0.6
김진우,연극,1,0.2
김진우,현대무용,1,0.2
김진욱,기악,1,0.3333333333333333
김진욱,서커스/마술,1,0.3333333333333333
김진욱,연극,1,0.3333333333333333
김진이,연극,1,1.0
김진주,기악,1,0.25
김진주,연극,3,0.75
김진철,뮤지컬,2,1.0
김진추,성악,1,1.0
김진태,기악,1,1.0
김진택,기악,3,1.0
김진혁,연극,2,1.0
김진현,연극,1,1.0
김진형,연희,1,1.0
김진호,마임,1,0.1111111111111111
김진호,연극,8,0.8888888888888888
김진홍,기악,1,0.5
김진홍,연극,1,0.5
김진환,넌버벌 퍼포먼스,1,0.3333333333333333
김진환,마당극,1,0.3333333333333333
김진환,뮤지컬,1,0.3333333333333333
김진희,기악,2,0.18181818181818182
김진희,뮤지컬,1,0.09090909090909091
김진희,발레,1,0.09090909090909091
김진희,연극,6,0.5454545454545454
김진희,한국무용,1,0.09090909090909091
김찬,뮤지컬,1,0.3333333333333333
김찬,연극,2,0.6666666666666666
김찬규,악극,1,0.5
김찬규,연극,1,0.5
김찬미,성악,1,1.0
김찬양,기악,1,1.0
김찬영,뮤지컬,2,1.0
김찬우,연극,3,1.0
김찬욱,기악,1,0.5
김찬욱,성악,1,0.5
김찬종,뮤지컬,2,1.0
김찬혁,연극,1,1.0
김찬형,뮤지컬,1,1.0
김찬호,뮤지컬,8,0.8888888888888888
김찬호,연극,1,0.1111111111111111
김창규,성악,1,0.5
김창규,오페라,1,0.5
김창기,연극,1,1.0
김창봉,연극,1,1.0
김창선,뮤지컬,1,1.0
김창옥,기악,1,1.0
김창우,혼합,1,1.0
김창준,연극,1,1.0
김창호,기악,1,1.0
김채리,발레,1,1.0
김채림,기악,2,1.0
김채빈,기악,1,1.0
김채선,기악,1,1.0
김채연,연극,2,1.0
김채원,기악,4,0.3333333333333333
김채원,성악,1,0.08333333333333333
김채원,연극,7,0.5833333333333334
김채윤,연극,3,1.0
김채율,연극,3,1.0
김채은,기악,1,1.0
김채이,뮤지컬,1,0.5
김채이,연극,1,0.5
김채인,기악,1,1.0
김채현,연극,1,0.5
김채현,현대무용,1,0.5
김천,기악,1,1.0
김천웅,현대무용,1,1.0
김철,뮤지컬,1,1.0
김철구,서커스/마술,1,1.0
김철리,연극,3,1.0
김철영,연극,1,1.0
김철우,기악,2,1.0
김철웅,기악,1,1.0
김철준,뮤지컬,1,0.5
김철준,성악,1,0.5
김철진,기악,1,1.0
김철현,기악,1,0.16666666666666666
김철현,뮤지컬,4,0.6666666666666666
김철현,연극,1,0.16666666666666666
김철호,기악,2,0.6666666666666666
김철호,재즈/월드뮤직,1,0.3333333333333333
김철환,연극,2,1.0
김철희,현대무용,4,1.0
김청만,성악,2,0.6666666666666666
김청만,연희,1,0.3333333333333333
김청순,연극,1,1.0
김청아,뮤지컬,1,1.0
김초록,뮤지컬,1,1.0
김초롱,혼합,1,1.0
김초희,연극,1,0.5
김초희,현대무용,1,0.5
김추월,연극,1,1.0
김춘식,연극,1,1.0
김충근,연극,2,1.0
김충신,연극,1,1.0
김충실,연극,2,1.0
김충희,성악,2,1.0
김치영,오페라,1,1.0
김치우,뮤지컬,1,1.0
김치헌,기타,1,1.0
김치현,연극,1,1.0
김캐런,기악,1,1.0
김탄일,연극,1,1.0
김태경,기악,1,0.5
김태경,뮤지컬,1,0.5
김태규,연극,1,1.0
김태근,연극,6,1.0
김태기,기악,1,1.0
김태동,연극,1,1.0
김태령,연극,3,1.0
김태린,연극,2,1.0
김태문,뮤지컬,1,1.0
김태민,연극,2,1.0
김태석,발레,1,0.5
김태석,연극,1,0.5
김태선,오페라,1,1.0
김태섭,현대무용,1,1.0
김태성,기악,1,0.3333333333333333
김태성,연극,1,0.3333333333333333
김태성,오페라,1,0.3333333333333333
김태수,연극,2,1.0
김태양,연극,1,1.0
김태영,기악,2,0.2222222222222222
김태영,뮤지컬,1,0.1111111111111111
김태영,성악,1,0.1111111111111111
김태영,연극,4,0.4444444444444444
김태영,현대무용,1,0.1111111111111111
김태오,뮤지컬,1,0.5
김태오,연극,1,0.5
김태완,넌버벌 퍼포먼스,1,0.25
김태완,뮤지컬,1,0.25
김태완,연극,2,0.5
김태용,기악,1,0.5
김태용,연극,1,0.5
김태우,기악,1,0.16666666666666666
김태우,대중가요,2,0.3333333333333333
김태우,연극,2,0.3333333333333333
김태우,혼합,1,0.16666666666666666
김태욱,연극,1,0.5
김태욱,현대무용,1,0.5
김태웅,오페라,1,1.0
김태유,인형극,2,1.0
김태윤,기악,1,0.125
김태윤,뮤지컬,2,0.25
김태윤,악극,2,0.25
김태윤,연극,3,0.375
김태은,기악,2,0.6666666666666666
김태은,연극,1,0.3333333333333333
김태인,연극,2,1.0
김태일,성악,2,1.0
김태정,기악,1,1.0
김태혁,기악,1,1.0
김태현,기악,1,0.08333333333333333
김태현,뮤지컬,4,0.3333333333333333
김태현,연극,6,0.5
김태현,재즈/월드뮤직,1,0.08333333333333333
김태형,기악,14,0.5384615384615384
김태형,뮤지컬,5,0.19230769230769232
김태형,성악,1,0.038461538461538464
김태형,연극,5,0.19230769230769232
김태형,창극,1,0.038461538461538464
김태호,뮤지컬,1,1.0
김태환,기악,1,0.25
김태환,뮤지컬,1,0.25
김태환,연극,2,0.5
김태훈,기악,1,0.125
김태훈,대중가요,1,0.125
김태훈,마당극,1,0.125
김태훈,연극,5,0.625
김태희,기악,3,1.0
김택민,연극,2,1.0
김택준,재즈/월드뮤직,1,1.0
김통일,연극,3,1.0
김판민,기악,1,1.0
김평온,연극,1,1.0
김풍년,연극,2,1.0
김필,대중가요,2,1.0
김필균,기악,4,1.0
김필범,넌버벌 퍼포먼스,1,0.3333333333333333
김필범,마당극,2,0.6666666666666666
김하경,기악,2,1.0
김하나,뮤지컬,1,0.14285714285714285
김하나,연극,6,0.8571428571428571
김하림,기악,1,0.5
김하림,연극,1,0.5
김하얀,기악,1,0.5
김하얀,뮤지컬,1,0.5
김하연,기악,1,0.3333333333333333
김하연,한국무용,1,0.3333333333333333
김하연,혼합,1,0.3333333333333333
김하영,기악,1,0.3333333333333333
김하영,연극,2,0.6666666666666666
김하진,기악,1,0.3333333333333333
김하진,연극,2,0.6666666666666666
김하현,기악,1,1.0
김하희,연극,1,1.0
김학래,대중가요,2,1.0
김학선,뮤지컬,1,0.5
김학선,연극,1,0.5
김학수,뮤지컬,1,1.0
김학준,기악,1,0.3333333333333333
김학준,연극,2,0.6666666666666666
김한,기악,3,0.75
김한,성악,1,0.25
김한결,대중가요,1,0.3333333333333333
김한결,연극,2,0.6666666666666666
김한글,기악,2,1.0
김한길,기악,3,0.6
김한길,성악,2,0.4
김한나,연극,2,0.6666666666666666
김한나,오페라,1,0.3333333333333333
김한내,연극,3,1.0
김한백,성악,1,1.0
김한별이,연극,2,1.0
김한봉희,연극,1,1.0
김한샘,기악,1,0.5
김한샘,발레,1,0.5
김한솔,현대무용,1,1.0
김한송이,기악,1,0.5
김한송이,혼합,1,0.5
김한슬,발레,1,1.0
김한신,연극,3,1.0
김한휘,기악,1,1.0
김해리,기악,1,1.0
김해미,연극,5,1.0
김해솔,연극,1,1.0
김해율,연극,2,1.0
김해은,기악,4,1.0
김해일,혼합,2,1.0
김해중,연극,1,1.0
김향은,기악,1,1.0
김헌기,연극,2,0.6666666666666666
김헌기,창극,1,0.3333333333333333
김헌일,기악,2,1.0
김헤미,재즈/월드뮤직,1,1.0
김헤빈,넌버벌 퍼포먼스,1,1.0
김헤성,기악,1,1.0
김헤영,기악,2,1.0
김헤원,기악,1,1.0
김헤지,기악,1,1.0
김헤진,현대무용,1,1.0
김혁민,연극,9,1.0
김혁수,기악,1,1.0
김현,연극,2,0.4
김현,오페라,2,0.4
김현,현대무용,1,0.2
김현경,기악,1,0.5
김현경,성악,1,0.5
김현곤,기악,1,1.0
김현국,뮤지컬,1,1.0
김현규,기악,4,0.4444444444444444
김현규,성악,2,0.2222222222222222
김현규,연극,3,0.3333333333333333
김현균,연극,1,1.0
김현기,연극,1,1.0
김현남,기악,2,1.0
김현미,기악,11,1.0
김현보,성악,1,1.0
김현서,기악,1,0.2
김현서,성악,1,0.2
김현서,연극,2,0.4
김현서,오페라,1,0.2
김현섭,연극,2,1.0
김현성,연극,1,1.0
김현수,기악,4,0.36363636363636365
김현수,연극,4,0.36363636363636365
김현수,오페라,3,0.2727272727272727
김현아,기악,4,0.5
김현아,뮤지컬,2,0.25
김현아,연극,1,0.125
김현아,한국무용,1,0.125
김현영,연극,4,1.0
김현우,연극,1,0.5
김현우,현대무용,1,0.5
김현웅,발레,1,1.0
김현정,기악,8,0.5714285714285714
김현정,연극,5,0.35714285714285715
김현정,오페라,1,0.07142857142857142
김현주,기악,2,0.08
김현주,뮤지컬,14,0.56
김현주,연극,6,0.24
김현주,현대무용,1,0.04
김현주,혼합,2,0.08
김현준,뮤지컬,2,0.4
김현준,연극,3,0.6
김현중,연극,1,1.0
김현지,기악,1,0.14285714285714285
김현지,뮤지컬,3,0.42857142857142855
김현지,연극,3,0.42857142857142855
김현진,뮤지컬,5,0.45454545454545453
김현진,연극,5,0.45454545454545453
김현진,현대무용,1,0.09090909090909091
김현채,기악,1,1.0
김현철,기악,2,0.5
김현철,대중가요,1,0.25
김현철,연극,1,0.25
김현호,성악,1,0.3333333333333333
김현호,연극,1,0.3333333333333333
김현호,오페라,1,0.3333333333333333
김현회,연극,2,1.0
김현희,기악,4,0.5
김현희,성악,1,0.125
김현희,연극,2,0.25
김현희,오페라,1,0.125
김형관,기악,1,1.0
김형규,연극,1,1.0
김형남,현대무용,1,1.0
김형명,연극,1,1.0
김형미,기악,1,1.0
김형민,연극,1,1.0
김형범,연극,1,1.0
김형석,기악,3,0.75
김형석,오페라,1,0.25
김형수,기악,1,1.0
김형아,연극,1,1.0
김형연,연극,4,1.0
김형용,기악,1,0.5
김형용,연극,1,0.5
김형우,기악,1,1.0
김형욱,연극,1,1.0
김형일,연극,1,1.0
김형주,성악,1,1.0
김형준,기타,1,0.3333333333333333
김형준,뮤지컬,1,0.3333333333333333
김형준,오페라,1,0.3333333333333333
김형중,대중가요,1,1.0
김형찬,기악,3,1.0
김형철,성악,1,1.0
김형호,뮤지컬,1,1.0
김혜강,연극,1,1.0
김혜경,현대무용,1,1.0
김혜라,연극,1,1.0
김혜란,기악,1,0.25
김혜란,뮤지컬,3,0.75
김혜련,기악,1,1.0
김혜령,연극,1,1.0
김혜리,연극,1,1.0
김혜린,연극,1,0.5
김혜린,오페라,1,0.5
김혜림,기악,1,1.0
김혜명,뮤지컬,1,1.0
김혜미,기악,3,0.6
김혜미,넌버벌 퍼포먼스,1,0.2
김혜미,현대무용,1,0.2
김혜민,기악,1,1.0
김혜빈,뮤지컬,1,0.5
김혜빈,성악,1,0.5
김혜선,기악,2,1.0
김혜성,기악,1,0.25
김혜성,뮤지컬,1,0.25
김혜성,연극,1,0.25
김혜성,연희,1,0.25
김혜수,연극,1,1.0
김혜숙,마임,1,1.0
김혜승,현대무용,1,1.0
김혜실,기악,1,1.0
김혜연,기악,1,0.5
김혜연,대중가요,1,0.5
김혜영,성악,1,0.3333333333333333
김혜영,연극,1,0.3333333333333333
김혜영,오페라,1,0.3333333333333333
김혜원,뮤지컬,1,0.2
김혜원,성악,1,0.2
김혜원,연극,3,0.6
김혜윤,현대무용,2,1.0
김혜은,성악,3,1.0
김혜인,뮤지컬,1,1.0
김혜정,뮤지컬,1,0.3333333333333333
김혜정,발레,1,0.3333333333333333
김혜정,연극,1,0.3333333333333333
김혜주,연극,1,1.0
김혜지,기악,6,0.42857142857142855
김혜지,연극,7,0.5
김혜지,현대무용,1,0.07142857142857142
김혜진,기악,4,0.3076923076923077
김혜진,뮤지컬,3,0.23076923076923078
김혜진,성악,1,0.07692307692307693
김혜진,오페라,2,0.15384615384615385
김혜진,한국무용,1,0.07692307692307693
김혜진,현대무용,2,0.15384615384615385
김호동,한국무용,1,1.0
김호빈,뮤지컬,1,1.0
김호연,현대무용,1,1.0
김호영,기타,1,0.3333333333333333
김호영,뮤지컬,2,0.6666666666666666
김호은,현대무용,1,1.0
김호정,기악,10,1.0
김호준,뮤지컬,1,0.2
김호준,연극,3,0.6
김호준,혼합,1,0.2
김호중,대중가요,1,1.0
김호진,연극,1,1.0
김호철,재즈/월드뮤직,2,1.0
김홍국,기악,1,1.0
김홍규,연극,1,1.0
김홍기,기악,2,1.0
김홍남,넌버벌 퍼포먼스,1,0.5
김홍남,연극,1,0.5
김홍모,연극,1,1.0
김홍민,기악,1,1.0
김홍박,기악,4,1.0
김홍석,뮤지컬,1,0.5
김홍석,악극,1,0.5
김홍섭,연극,1,0.5
김홍섭,인형극,1,0.5
김홍수,성악,1,1.0
김홍식,성악,1,0.5
김홍식,연극,1,0.5
김홍연,기악,1,1.0
김홍영,현대무용,2,1.0
김홍우,기악,2,1.0
김홍인,발레,1,0.5
김홍인,현대무용,1,0.5
김홍준,기악,1,1.0
김홍지,서커스/마술,1,1.0
김홍표,연극,1,1.0
김화복,기악,1,1.0
김화영,연극,1,1.0
김환제,연극,1,1.0
김환희,뮤지컬,1,0.5
김환희,악극,1,0.5
김활란,기악,1,1.0
김회진,기악,1,1.0
김효경,뮤지컬,3,0.75
김효경,현대무용,1,0.25
김효근,성악,2,1.0
김효나,성악,1,1.0
김효배,연극,1,1.0
김효상,연극,2,1.0
김효석,뮤지컬,6,1.0
김효선,기악,1,0.2
김효선,뮤지컬,4,0.8
김효섭,연극,1,1.0
김효숙,연극,1,1.0
김효승,뮤지컬,1,0.5
김효승,연극,1,0.5
김효신,기악,1,0.5
김효신,성악,1,0.5
김효영,기악,3,0.5
김효영,뮤지컬,1,0.16666666666666666
김효영,성악,1,0.16666666666666666
김효영,혼합,1,0.16666666666666666
김효은,뮤지컬,1,1.0
김효인,연극,2,1.0
김효주,오페라,1,1.0
김효준,기악,1,1.0
김효중,연극,1,1.0
김효진,연극,4,0.8
김효진,오페라,1,0.2
김훈,오페라,1,1.0
김훈만,연극,3,1.0
김훈민,연극,2,1.0
김훨,기악,1,0.5
김훨,대중가요,1,0.5
김휘곤,연희,1,1.0
김휘진,연극,1,1.0
김희경,연극,1,1.0
김희래,기악,1,1.0
김희명,넌버벌 퍼포먼스,2,1.0
김희상,연극,2,1.0
김희선,기악,2,1.0
김희송,마당극,1,1.0
김희수,기악,1,0.3333333333333333
김희수,연극,2,0.6666666666666666
김희연,성악,1,0.3333333333333333
김희연,연극,2,0.6666666666666666
김희영,연극,1,1.0
김희원,현대무용,2,1.0
김희윤,뮤지컬,1,0.5
김희윤,연극,1,0.5
김희재,대중가요,3,0.75
김희재,연극,1,0.25
김희정,기악,3,0.3
김희정,성악,3,0.3
김희정,연극,1,0.1
김희정,오페라,1,0.1
김희정,현대무용,2,0.2
김희주,성악,1,0.3333333333333333
김희주,연극,2,0.6666666666666666
김희준,기악,2,0.5
김희준,넌버벌 퍼포먼스,1,0.25
김희준,현대무용,1,0.25
김희중,연극,1,1.0
김희진,기악,3,0.75
김희진,연극,1,0.25
김희창,기악,1,0.25
김희창,뮤지컬,2,0.5
김희창,연극,1,0.25
김희태,연극,1,1.0
김희화,뮤지컬,1,1.0
김히어라,뮤지컬,2,1.0
나겸,재즈/월드뮤직,1,1.0
나경민,연극,2,1.0
나경호,뮤지컬,1,0.3333333333333333
나경호,연극,2,0.6666666666666666
나근우,악극,1,1.0
나기수,악극,1,1.0
나누리,기악,3,1.0
나다솜,기악,2,1.0
나도현,연극,1,1.0
나상만,연극,1,1.0
나상윤,기악,1,1.0
나석준,연극,1,1.0
나선진,혼합,1,1.0
나성인,기악,2,1.0
나세진,서커스/마술,2,1.0
나승서,성악,1,1.0
나승인,뮤지컬,1,1.0
나승준,기악,2,1.0
나승현,연극,2,1.0
나신영,한국무용,1,1.0
나실인,기악,2,0.5
나실인,발레,1,0.25
나실인,연극,1,0.25
나애선,연극,1,1.0
나영선,연극,1,1.0
나영아,연극,1,1.0
나영흠,연극,1,1.0
나예서,기악,1,1.0
나예지,기악,2,0.6666666666666666
나예지,연극,1,0.3333333333333333
나예지. 김지혜,연극,1,1.0
나우호,연극,2,1.0
나웅준,기악,3,1.0
나윤권,대중가요,1,1.0
나윤규,성악,1,1.0
나윤선,대중가요,1,0.3333333333333333
나윤선,재즈/월드뮤직,2,0.6666666666666666
나윤호,연극,1,1.0
나은선,연극,1,1.0
나은일,기악,1,1.0
나의석,오페라,2,1.0
나인국,기악,6,1.0
나정혜,기악,5,1.0
나정훈,성악,1,1.0
나종민,연극,2,1.0
나준석,연극,2,1.0
나지수,기악,1,1.0
나지영,기악,1,1.0
나지원,연극,1,1.0
나지현,기악,1,1.0
나진환,연극,2,1.0
나채원,기악,2,1.0
나탈리 베니워스,뮤지컬,1,1.0
나탈리베니워스,뮤지컬,1,1.0
나태주,대중가요,1,1.0
나하나,기타,1,0.16666666666666666
나하나,대중가요,1,0.16666666666666666
나하나,뮤지컬,4,0.6666666666666666
나한수,뮤지컬,1,0.5
나한수,연극,1,0.5
나현민,연극,1,1.0
나현우,뮤지컬,1,1.0
나혜수,기악,1,1.0
나혜숙,오페라,1,1.0
나호숙,연극,1,1.0
나희경,연극,1,1.0
나희영,오페라,1,1.0
남가람,연극,1,1.0
남가영,현대무용,1,1.0
남경민,연극,1,1.0
남경식,연극,7,0.7777777777777778
남경식,현대무용,1,0.1111111111111111
남경식,혼합,1,0.1111111111111111
남경읍,악극,1,1.0
남경주,기타,1,0.1
남경주,대중가요,1,0.1
남경주,뮤지컬,8,0.8
남경희,연극,1,1.0
남광우,연극,1,1.0
남국진,뮤지컬,1,1.0
남궁동,기악,1,1.0
남궁련,악극,1,1.0
남궁송,오페라,2,1.0
남궁유진,뮤지컬,2,1.0
남궁인,뮤지컬,1,1.0
남궁지숙,연극,1,1.0
남궁진,연극,2,1.0
남근형,기악,1,1.0
남기애,연극,1,1.0
남기오,연극,1,1.0
남기욱,연극,1,1.0
남기윤,현대무용,1,1.0
남기혁,오페라,1,1.0
남기형,연극,3,1.0
남대원,서커스/마술,1,1.0
남동진,연극,1,1.0
남명렬,악극,1,0.5
남명렬,연극,1,0.5
남명지,연극,2,1.0
남문철,뮤지컬,1,0.5
남문철,연극,1,0.5
남미선,대중가요,1,1.0
남미정,연극,2,1.0
남보라,연극,2,1.0
남보현,연극,1,1.0
남상오,연극,1,1.0
남상욱,연극,1,1.0
남상일,기악,1,0.1
남상일,대중가요,1,0.1
남상일,성악,5,0.5
남상일,연희,1,0.1
남상일,혼합,2,0.2
남상혁,연극,1,1.0
남석민,연극,2,1.0
남선경,발레,1,1.0
남선희,연극,1,0.5
남선희,한국무용,1,0.5
남성훈,기악,1,0.5
남성훈,성악,1,0.5
남수정,한국무용,1,1.0
남수현,연극,1,1.0
남승민,대중가요,1,1.0
남승주,연극,2,1.0
남승혜,연극,1,1.0
남승희,연극,1,1.0
남아연,기악,1,1.0
남영우,연극,1,1.0
남영주,기악,1,1.0
남예지,재즈/월드뮤직,1,1.0
남옥분,한국무용,1,1.0
남옥선,기악,1,1.0
남용섭,뮤지컬,1,1.0
남우진,뮤지컬,1,1.0
남우찬,연극,1,1.0
남유리,연극,1,1.0
남유리나,기악,2,1.0
남유미,연극,1,1.0
남유선,대중가요,1,0.14285714285714285
남유선,재즈/월드뮤직,6,0.8571428571428571
남유하,뮤지컬,1,1.0
남은실,연극,3,1.0
남은혜,성악,1,1.0
남이슬,연극,1,1.0
남인우,연극,1,1.0
남자은,기악,2,0.5
남자은,성악,2,0.5
남재영,연극,1,1.0
남정우,뮤지컬,1,1.0
남준우,뮤지컬,1,1.0
남지영,뮤지컬,1,1.0
남지우,연극,1,1.0
남진,기악,1,0.3333333333333333
남진,대중가요,2,0.6666666666666666
남진경,기타,1,1.0
남창동,기악,1,0.3333333333333333
남창동,연희,1,0.3333333333333333
남창동,한국무용,1,0.3333333333333333
남태관,연극,2,1.0
남택근,연극,1,1.0
남해현,뮤지컬,1,1.0
남헤경,뮤지컬,1,1.0
남헤덕,성악,1,1.0
남혜진,연극,1,1.0
남호섭,연극,1,1.0
남호성,연극,1,1.0
남희석,기악,1,1.0
남희정,연극,1,1.0
네이브,대중가요,1,1.0
노경범,오페라,1,1.0
노경아,기악,1,1.0
노경진,기악,1,1.0
노광흔,뮤지컬,1,1.0
노금선,성악,1,1.0
노대한,뮤지컬,1,1.0
노대환,뮤지컬,3,1.0
노명준,연극,2,1.0
노미례,기악,3,1.0
노민정,기악,1,1.0
노병유,연희,1,1.0
노보,현대무용,1,1.0
노부영,기악,1,1.0
노상원,연극,1,1.0
노석채,연극,1,1.0
노석체,연극,1,1.0
노선경,기악,1,1.0
노선택,기타,1,0.5
노선택,혼합,1,0.5
노선형,기악,1,1.0
노성훈,기타,1,0.5
노성훈,오페라,1,0.5
노세인,연극,1,1.0
노수빈,연극,1,1.0
노수영,기악,1,1.0
노승우,연극,1,1.0
노시아,연극,2,1.0
노시영,기악,1,1.0
노시온,기악,1,1.0
노신옥,기악,1,1.0
노신욱,기악,1,1.0
노심동,연극,1,1.0
노연정,오페라,1,1.0
노영남,기악,1,1.0
노영성,연극,1,1.0
노예리,기악,1,1.0
노예진,기악,3,1.0
노용석,뮤지컬,1,1.0
노용재,연극,1,1.0
노우성,뮤지컬,2,1.0
노원빈,기악,2,1.0
노유정,연극,2,1.0
노유진,연극,1,1.0
노윤,뮤지컬,4,1.0
노윤섭,성악,1,1.0
노윤정,기악,1,0.5
노윤정,연극,1,0.5
노은경,기악,1,1.0
노은미,연극,1,1.0
노은아,기악,1,1.0
노은지,연극,2,1.0
노의찬,연극,1,1.0
노이룸,오페라,1,1.0
노이슬,연극,3,1.0
노인경,기악,1,1.0
노재환,뮤지컬,2,0.6666666666666666
노재환,연극,1,0.3333333333333333
노정이,기악,1,1.0
노정현,연극,2,1.0
노주연,연극,1,1.0
노주호,현대무용,1,1.0
노준영,연극,2,1.0
노지영,기악,1,1.0
노지윤,기악,1,1.0
노진경,연극,1,1.0
노진욱,뮤지컬,1,0.5
노진욱,연극,1,0.5
노진원,연극,2,1.0
노진호,연극,1,1.0
노진환,현대무용,1,1.0
노태준,뮤지컬,1,1.0
노태철,기악,1,1.0
노태현,뮤지컬,1,1.0
노태호,현대무용,1,1.0
노푸름,연극,2,1.0
노하민,연극,1,1.0
노하은,기악,1,1.0
노현수,연극,1,1.0
노현웅,연극,3,1.0
노현주,성악,1,1.0
노현진,기악,1,1.0
노현창,뮤지컬,1,1.0
노현태,연극,1,1.0
노현희,뮤지컬,2,1.0
노형우,연극,1,1.0
노혜선,한국무용,1,1.0
노혜임,기악,1,1.0
노혜정,기악,1,1.0
노호태,뮤지컬,1,1.0
노화연,현대무용,2,1.0
노화영,기악,1,1.0
노희설,연극,2,1.0
노희찬,기타,1,0.14285714285714285
노희찬,뮤지컬,6,0.8571428571428571
니컬러스 하이트너,연극,1,1.0
니콜라이 알렉세예프,기악,3,1.0
니키,연극,1,1.0
니키타 지민,기악,1,1.0
닉 조나스,뮤지컬,1,1.0
닐루 무히디노바,재즈/월드뮤직,1,1.0
다니엘 고,재즈/월드뮤직,1,1.0
다니엘 전,기악,1,1.0
다니엘 조,기악,1,1.0
다린,기악,1,0.5
다린,대중가요,1,0.5
다원,연극,1,1.0
다향,뮤지컬,2,1.0
달리,대중가요,1,1.0
대니구,기악,1,1.0
대학로도깨비,뮤지컬,1,1.0
더콰이엇,대중가요,1,1.0
데이먼브라운,재즈/월드뮤직,1,1.0
도경보,연극,1,1.0
도경한,기악,1,1.0
도광원,연극,1,1.0
도기문,서커스/마술,1,1.0
도상란,연극,1,1.0
도승은,재즈/월드뮤직,1,1.0
도아영,발레,1,1.0
도영웅,연극,1,1.0
도영희,연극,1,1.0
도예라,기악,1,1.0
도예성,연극,1,1.0
도예준,연극,1,1.0
도옥림,악극,1,1.0
도유정,연극,1,1.0
도유진,발레,1,1.0
도재혁,서커스/마술,1,1.0
도창선,뮤지컬,1,0.5
도창선,연극,1,0.5
도하련,발레,1,1.0
도효재,연극,1,1.0
도희선,성악,1,1.0
독고영,기악,1,1.0
돔잘,기악,1,1.0
동준모,기악,1,1.0
동하,연극,1,1.0
드니 성호,기악,1,1.0
드미트로 지유스킨,성악,1,1.0
드미트리 로카렌코프,기악,1,1.0
드미트리 시쉬킨,기악,2,1.0
디르크 카프탄. 황수미,기악,1,1.0
디미트리 그루즈예프,발레,1,1.0
딥플로우,대중가요,1,1.0
라다운,기악,1,1.0
라명숙,한국무용,1,0.5
라명숙,현대무용,1,0.5
라민 카림루,뮤지컬,2,1.0
라비,대중가요,1,1.0
라비니아 마이어,기악,2,1.0
라성연,연극,2,1.0
라세영,현대무용,1,1.0
라세원,기악,2,1.0
라소영,연극,3,1.0
라영란,연극,3,1.0
라예송,현대무용,1,1.0
라하영,기악,2,1.0
라현범,기악,1,1.0
라혜연,뮤지컬,3,1.0
라희선,연극,1,1.0
랄프 고토니,기악,1,1.0
램씨,대중가요,1,1.0
레아 살롱가,뮤지컬,1,1.0
레오나르도 브라보,기악,1,1.0
레오니다스 카바코스,기악,2,1.0
레이프 오베 안스네스,기악,1,1.0
려욱,뮤지컬,1,1.0
로라 미넨,기악,1,1.0
로렌스 코너,뮤지컬,1,1.0
로버트 요한슨,뮤지컬,2,1.0
로베르토 알라냐,오페라,1,1.0
로아,넌버벌 퍼포먼스,1,1.0
루나,뮤지컬,3,1.0
루도빗 코박,기악,2,1.0
루드비히 밍쿠스,발레,1,1.0
루디박,오페라,1,1.0
루시드폴,대중가요,1,1.0
루이스 초이,기악,1,1.0
루치아 라카라,발레,1,1.0
루크 트레더웨이,연극,1,1.0
류가빈,현대무용,1,1.0
류경균,기악,1,1.0
류경선,기악,1,1.0
류경수,기악,1,1.0
류경인,연극,2,1.0
류경호,연극,1,1.0
류경환,연극,1,1.0
류권하,연극,1,1.0
류기범,연극,1,1.0
류기형,마당극,1,1.0
류명우,기악,2,1.0
류문규,성악,1,0.5
류문규,오페라,1,0.5
류백희,현대무용,2,1.0
류병구,뮤지컬,1,1.0
류상근,인형극,1,1.0
류상우,넌버벌 퍼포먼스,1,1.0
류상현,기악,1,1.0
류상희,기악,1,1.0
류석원,기악,2,0.5
류석원,성악,2,0.5
류석호,연극,1,1.0
류선영,연극,1,1.0
류선옥,연극,1,1.0
류성,연극,1,1.0
류성구,기악,1,1.0
류성국,마임,3,1.0
류성규,성악,1,1.0
류성우,발레,1,1.0
류성훈,연극,1,1.0
류세일,뮤지컬,1,0.5
류세일,연극,1,0.5
류수진,성악,1,1.0
류승현,연극,1,1.0
류시현,연극,1,1.0
류신열,오페라,1,1.0
류엘,뮤지컬,1,1.0
류영규,연극,1,1.0
류영현,연극,1,1.0
류원경,연극,1,1.0
류인기,재즈/월드뮤직,1,1.0
류인혁,재즈/월드뮤직,1,1.0
류자현,기악,1,1.0
류장현,성악,1,1.0
류재경,기악,1,1.0
류재영,기악,1,1.0
류정아,뮤지컬,1,1.0
류정필,기악,1,0.3333333333333333
류정필,성악,2,0.6666666666666666
류정한,넌버벌 퍼포먼스,1,0.25
류정한,뮤지컬,3,0.75
류정훈,뮤지컬,1,1.0
류제승,연극,1,1.0
류제원,연극,1,1.0
류제희,연극,1,1.0
류종원,뮤지컬,1,1.0
류주비,뮤지컬,1,1.0
류지광,대중가요,3,1.0
류지선,성악,1,1.0
류지아,기악,1,1.0
류지애,연극,2,1.0
류지은,오페라,1,1.0
류지한,뮤지컬,1,1.0
류지훈,연극,5,1.0
류진욱,현대무용,1,1.0
류진현,연극,3,1.0
류찬,뮤지컬,1,1.0
류찬열,뮤지컬,1,1.0
류창선,기악,1,1.0
류태수,연극,1,1.0
류태형,기악,2,1.0
류현수,기악,1,0.5
류현수,성악,1,0.5
류현주,연극,1,1.0
류형선,기악,1,1.0
류형수,발레,1,1.0
류형준,현대무용,1,1.0
류혜린,연극,2,1.0
류혜영,연극,1,1.0
류혜진,연극,1,0.5
류혜진,한국무용,1,0.5
류희,뮤지컬,1,1.0
르네 파페,오페라,1,1.0
리민,연극,1,1.0
리사,뮤지컬,2,1.0
리샤르 샤레스트,뮤지컬,1,1.0
리알 스칼렛,발레,1,1.0
리우진,연극,3,1.0
리을,연극,1,1.0
리차드 로,재즈/월드뮤직,1,1.0
리차드로,재즈/월드뮤직,1,1.0
리처드 로저스,뮤지컬,1,1.0
리처드 용재 오닐,기악,2,1.0
리처드 용재오닐,기악,1,1.0
리처드 이어,오페라,1,1.0
리카르도 코치안테,뮤지컬,1,1.0
리햐르드센 필립,기악,1,1.0
린 칭이,기악,1,1.0
린아,뮤지컬,1,1.0
린지,뮤지컬,1,1.0
린지 터너,연극,1,1.0
림지언,연극,2,1.0
마광현,연극,1,1.0
마놀로 까닌,성악,2,1.0
마누엘 바이얀드,재즈/월드뮤직,3,1.0
마도원,기악,1,1.0
마두금,기악,1,1.0
마두영,연극,2,1.0
마르쿠스 슈텐츠,기악,2,1.0
마르티노 뮐러,뮤지컬,1,1.0
마리아 안드레바,기악,1,1.0
마리아 킴,재즈/월드뮤직,1,1.0
마리아넬라 누네즈,발레,2,1.0
마리아킴,재즈/월드뮤직,2,1.0
마리안느 엘리엇,연극,1,1.0
마리우스 프티빠,발레,1,1.0
마리우스 프티파,발레,2,1.0
마리위스 프티파,발레,1,1.0
마미선,연극,2,1.0
마선영,뮤지컬,1,1.0
마소율,연극,1,1.0
마시모 자네티,기악,7,1.0
마은우,연극,1,1.0
마이클 리,기악,1,0.3333333333333333
마이클 리,뮤지컬,2,0.6666666666666666
마이클리,뮤지컬,3,1.0
마정석,연극,1,1.0
마정화,연극,2,1.0
마첼 피커링,뮤지컬,1,1.0
마코노 오조네,기악,1,1.0
마코토 오조네,기악,1,1.0
마크 깁슨,오페라,1,1.0
마티외 에르조그,기악,1,1.0
마틴 푹스베르거,기악,1,1.0
마틴 하비,발레,1,1.0
마현진,뮤지컬,1,1.0
마혜선,기악,1,0.5
마혜선,성악,1,0.5
마희선,연극,1,1.0
말리카,연극,1,1.0
매튜 골딩,발레,1,1.0
맥스,대중가요,1,1.0
맷 레이시,뮤지컬,1,1.0
맷레이시,뮤지컬,2,1.0
맹봉학,연극,1,1.0
맹상열,연극,1,1.0
맹승지,연극,1,1.0
맹원태,뮤지컬,1,1.0
맹은지,기악,1,1.0
맹준관,기악,2,1.0
맹준열,연극,1,1.0
먼치맨,대중가요,1,1.0
메간 올트,뮤지컬,1,1.0
멜라니 C,뮤지컬,1,1.0
멜로우 키친,기악,1,1.0
명계남,연극,1,1.0
명인호,뮤지컬,1,0.5
명인호,연극,1,0.5
명종환,연극,2,1.0
모건우,연극,1,1.0
모고은,연극,2,1.0
모란,대중가요,1,1.0
모린 립맨,뮤지컬,1,1.0
목은아,오페라,2,1.0
목진호,서커스/마술,1,1.0
목혜진,기악,1,1.0
문경민,연극,1,1.0
문경재,현대무용,1,1.0
문경초,뮤지컬,1,0.5
문경초,연극,1,0.5
문경태,연극,2,1.0
문경희,연극,2,1.0
문근정,성악,1,1.0
문남권,뮤지컬,1,1.0
문남식,연극,1,1.0
문동민,성악,1,1.0
문동진,연극,1,1.0
문동혁,기타,1,1.0
문동환,기악,1,1.0
문록선,기악,2,1.0
문명환,기악,4,1.0
문민,연극,2,1.0
문민경,연극,1,1.0
문민규,기악,1,1.0
문민영,기악,2,1.0
문민지,연극,1,1.0
문법준,연극,1,1.0
문별이,연극,1,1.0
문병권,뮤지컬,1,1.0
문병남,발레,3,1.0
문병성,뮤지컬,1,1.0
문병재,연극,1,1.0
문빈,기악,1,1.0
문상준,연극,1,1.0
문상희,연극,2,1.0
문새암,연극,1,1.0
문새한별,혼합,1,1.0
문서현,기악,4,1.0
문석종,뮤지컬,1,1.0
문선주,연극,1,1.0
문선화,연극,4,1.0
문성우,기악,1,0.3333333333333333
문성우,뮤지컬,2,0.6666666666666666
문성일,뮤지컬,4,1.0
문성주,연극,2,1.0
문성준,현대무용,1,1.0
문성현,연극,1,1.0
문세희,기악,1,1.0
문소희,대중가요,1,1.0
문수아,연극,3,1.0
문수주,현대무용,1,1.0
문수지,뮤지컬,1,1.0
문숙경,연극,1,1.0
문승찬,재즈/월드뮤직,1,1.0
문에주,연극,1,1.0
문연주,대중가요,1,1.0
문영우,오페라,1,1.0
문영욱,연극,1,1.0
문예민,연극,1,1.0
문예은,기악,1,1.0
문예주,연극,1,1.0
문예지,연극,1,1.0
문요현,뮤지컬,1,1.0
문웅휘,기악,3,1.0
문유영,연극,1,1.0
문인서,기악,1,1.0
문자영,대중가요,1,1.0
문자희,기악,2,1.0
문장원,뮤지컬,1,1.0
문재연,기악,1,1.0
문재원,기악,6,0.75
문재원,성악,1,0.125
문재원,오페라,1,0.125
문정근,혼합,1,1.0
문정심,기악,1,1.0
문정원,기악,1,1.0
문정재,기악,11,1.0
문종근,뮤지컬,1,0.5
문종근,연극,1,0.5
문종석,연극,1,1.0
문주영,기악,1,1.0
문준경,연극,3,1.0
문준하,기악,1,1.0
문준혁,뮤지컬,1,1.0
문지수,뮤지컬,1,1.0
문지아,연극,4,1.0
문지연,연극,1,1.0
문지영,기악,11,0.7857142857142857
문지영,기타,1,0.07142857142857142
문지영,성악,1,0.07142857142857142
문지영,연극,1,0.07142857142857142
문지우,뮤지컬,3,1.0
문지웅,기악,1,1.0
문지원,기악,6,1.0
문지윤,연극,2,1.0
문지형,기악,2,1.0
문지혜,뮤지컬,1,1.0
문지훈,성악,1,0.5
문지훈,현대무용,1,0.5
문진아,뮤지컬,4,1.0
문창완,연극,2,1.0
문태국,기악,3,1.0
문태수,연극,1,1.0
문태유,뮤지컬,1,1.0
문하나,연극,1,1.0
문학연,연극,1,1.0
문해화,연극,1,1.0
문향미,성악,1,1.0
문혁진,기악,1,1.0
문현영,기악,1,1.0
문현옥,기악,1,1.0
문현정,연극,5,1.0
문현주,연희,1,1.0
문현준,연극,1,1.0
문형돈,연극,1,1.0
문형수,현대무용,1,1.0
문형식,대중가요,1,1.0
문혜림,연극,1,1.0
문혜인,연극,3,1.0
문혜주,연극,1,1.0
문혜준,혼합,1,1.0
문호진,연극,1,1.0
문홍식,연극,2,1.0
문희경,재즈/월드뮤직,1,1.0
문희철,한국무용,1,1.0
므래넌 조,기악,1,1.0
미나유,현대무용,1,1.0
미리암 라파르그,기악,2,1.0
미셸 쇤베르그,뮤지컬,1,1.0
미은화,기악,1,1.0
미카엘 오브러츠키,기악,2,1.0
민경,연극,1,1.0
민경록,연극,1,1.0
민경미,연극,1,1.0
민경선,기악,1,1.0
민경식,기악,9,1.0
민경아,기악,1,0.2
민경아,뮤지컬,4,0.8
민경욱,연극,2,1.0
민경원,뮤지컬,2,1.0
민경인,재즈/월드뮤직,2,1.0
민경조,뮤지컬,1,1.0
민경환,오페라,1,1.0
민경황,기악,1,1.0
민광숙,연극,1,1.0
민기욱,연극,2,1.0
민나경,기악,1,1.0
민나리,연극,1,1.0
민대식,뮤지컬,1,1.0
민두성,연극,2,1.0
민명희,성악,1,1.0
민병상,뮤지컬,2,1.0
민병욱,뮤지컬,1,0.2
민병욱,악극,1,0.2
민병욱,연극,3,0.6
민병은,연극,2,1.0
민상철,뮤지컬,1,1.0
민새롬,연극,1,1.0
민서영,기악,1,1.0
민선우,연극,2,1.0
민성욱,연극,1,1.0
민세현,연극,1,1.0
민수경,발레,1,1.0
민숙연,오페라,1,1.0
민시후,기타,1,1.0
민신혜,연극,2,1.0
민아람,뮤지컬,1,1.0
민영기,뮤지컬,5,1.0
민영치,기악,1,0.5
민영치,연희,1,0.5
민예지,연극,2,1.0
민예찬,기악,1,1.0
민용진,뮤지컬,3,1.0
민우혁,기타,1,0.1
민우혁,뮤지컬,9,0.9
민유경,기악,2,1.0
민유선,연극,1,1.0
민은경,마당극,1,1.0
민은홍,기악,1,1.0
민정기,뮤지컬,1,1.0
민정오,연극,1,1.0
민종호,오페라,1,1.0
민준호,뮤지컬,1,0.125
민준호,연극,6,0.75
민준호,현대무용,1,0.125
민지선,혼합,1,1.0
민지희,뮤지컬,1,0.5
민지희,연극,1,0.5
민찬홍,뮤지컬,6,0.8571428571428571
민찬홍,연극,1,0.14285714285714285
민찬흥,기악,1,1.0
민채연,연극,2,1.0
민채원,뮤지컬,3,0.75
민채원,연극,1,0.25
민충석,연극,1,1.0
민해경,대중가요,1,1.0
민현기,연극,1,0.5
민현기,연희,1,0.5
민현석,연극,1,1.0
민혜경,연희,1,1.0
민혜윤,성악,1,1.0
민혜진,연극,1,1.0
바딤 문타기로프,발레,1,1.0
바림 문타기로프,발레,1,1.0
바박세련,연극,1,1.0
바실리 볼론킨,성악,1,1.0
바크탕 차부키아니,발레,1,1.0
박가경,기악,1,1.0
박가람,뮤지컬,1,0.5
박가람,연극,1,0.5
박가영,기악,1,0.3333333333333333
박가영,뮤지컬,2,0.6666666666666666
박갑수,연극,2,1.0
박갑윤,재즈/월드뮤직,1,1.0
박강록,연극,3,1.0
박강성,대중가요,1,1.0
박강수,대중가요,5,1.0
박강원,연극,2,1.0
박강현,기타,1,0.16666666666666666
박강현,뮤지컬,5,0.8333333333333334
박강훈,연극,1,1.0
박건,뮤지컬,1,1.0
박건령,뮤지컬,1,1.0
박건엽,연극,2,1.0
박건영,기악,3,1.0
박건우,기악,4,1.0
박건형,뮤지컬,2,0.6666666666666666
박건형,연극,1,0.3333333333333333
박경난,기악,1,1.0
박경돈,넌버벌 퍼포먼스,1,1.0
박경란,기악,1,1.0
박경림,기타,1,1.0
박경민,기악,4,0.8
박경민,성악,1,0.2
박경소,기악,1,1.0
박경숙,오페라,1,1.0
박경순,연극,1,1.0
박경식,연극,4,1.0
박경애,발레,1,1.0
박경옥,기악,2,1.0
박경우,연극,1,1.0
박경은,연극,2,1.0
박경재,재즈/월드뮤직,1,1.0
박경주,연극,1,1.0
박경준,연극,1,0.5
박경준,오페라,1,0.5
박경진,뮤지컬,1,0.5
박경진,혼합,1,0.5
박경찬,연극,7,1.0
박경태,기악,1,1.0
박경현,기악,1,0.5
박경현,연극,1,0.5
박경호,기악,2,1.0
박경화,기악,2,1.0
박경희,성악,1,1.0
박계숙,창극,1,1.0
박고운,기악,2,0.6666666666666666
박고운,성악,1,0.3333333333333333
박고은,연극,1,1.0
박관령,뮤지컬,1,1.0
박광배,뮤지컬,1,1.0
박광선,뮤지컬,1,1.0
박광식,기타,1,0.5
박광식,재즈/월드뮤직,1,0.5
박광재,뮤지컬,1,0.3333333333333333
박광재,연극,2,0.6666666666666666
박광현,기악,2,0.3333333333333333
박광현,연극,1,0.16666666666666666
박광현,재즈/월드뮤직,2,0.3333333333333333
박광현,현대무용,1,0.16666666666666666
박구윤,기타,1,0.5
박구윤,대중가요,1,0.5
박군호,연극,1,1.0
박귀화,뮤지컬,4,1.0
박규남,연극,4,1.0
박규상,연극,1,1.0
박규원,뮤지컬,7,0.875
박규원,연극,1,0.125
박규희,기악,3,0.75
박규희,대중가요,1,0.25
박근식,뮤지컬,2,0.6666666666666666
박근식,한국무용,1,0.3333333333333333
박근영,뮤지컬,1,1.0
박근창,대중가요,1,1.0
박근태,현대무용,1,1.0
박근혁,대중가요,1,1.0
박근형,연극,10,0.9090909090909091
박근형,혼합,1,0.09090909090909091
박근홍,대중가요,1,1.0
박기남,발레,1,1.0
박기덕,연극,1,1.0
박기영,대중가요,1,0.5
박기영,뮤지컬,1,0.5
박기용,연극,1,1.0
박기원,연극,2,1.0
박기은,현대무용,1,1.0
박기이,기악,1,1.0
박기천,오페라,2,1.0
박기헌,뮤지컬,1,1.0
박기환,현대무용,1,1.0
박기훈,기악,1,0.16666666666666666
박기훈,기타,3,0.5
박기훈,대중가요,1,0.16666666666666666
박기훈,현대무용,1,0.16666666666666666
박기흥,기악,3,1.0
박나래미,연극,1,1.0
박나리,발레,1,0.5
박나리,현대무용,1,0.5
박나영,기악,1,1.0
박나윤,기악,1,1.0
박나현,기악,1,0.5
박나현,혼합,1,0.5
박낭주,연극,1,1.0
박노을,기악,4,0.8
박노을,혼합,1,0.2
박노익,기악,4,1.0
박농우,기악,1,1.0
박눈실,한국무용,1,1.0
박다미,연극,2,1.0
박다솜,기악,2,1.0
박다열,기악,1,1.0
박다영,뮤지컬,2,1.0
박다울,기악,1,1.0
박다원,연극,2,1.0
박다은,뮤지컬,2,1.0
박다진,연극,2,1.0
박단비,연극,1,1.0
박달나무,기악,1,1.0
박달님,기악,1,1.0
박대용,오페라,1,1.0
박대원,뮤지컬,1,0.5
박대원,연극,1,0.5
박대인,연극,1,1.0
박대진,기악,1,1.0
박댇선,성악,1,1.0
박덕상,기악,1,0.16666666666666666
박덕상,한국무용,4,0.6666666666666666
박덕상,혼합,1,0.16666666666666666
박도경,연극,1,1.0
박도령,연극,1,1.0
박도욱,연극,1,1.0
박도운,현대무용,1,1.0
박도윤,연극,2,1.0
박도현,성악,1,0.5
박도현,악극,1,0.5
박동기,연극,1,1.0
박동빈,연극,1,1.0
박동석,기악,6,1.0
박동수,연극,1,1.0
박동우,연극,2,1.0
박동욱,연극,3,1.0
박동의,기악,2,1.0
박동일,기악,1,0.3333333333333333
박동일,넌버벌 퍼포먼스,1,0.3333333333333333
박동일,뮤지컬,1,0.3333333333333333
박동준,연극,1,1.0
박동혁,기악,1,0.2
박동혁,뮤지컬,4,0.8
박동훈,연극,4,1.0
박동희,기악,1,0.3333333333333333
박동희,성악,2,0.6666666666666666
박두성,뮤지컬,1,1.0
박두환,연극,1,1.0
박두희,뮤지컬,2,1.0
박라온,성악,1,1.0
박란주,뮤지컬,2,1.0
박로준,뮤지컬,1,1.0
박로한,기악,1,1.0
박루아,연극,2,1.0
박마리,성악,2,1.0
박마리솔,연극,1,1.0
박마리아,연극,1,1.0
박명선,뮤지컬,2,1.0
박명숙,오페라,1,0.5
박명숙,현대무용,1,0.5
박명신,연극,1,1.0
박명훈,기악,1,0.5
박명훈,현대무용,1,0.5
박무성,성악,1,0.5
박무성,오페라,1,0.5
박무영,연극,3,1.0
박문규,연극,1,0.3333333333333333
박문규,오페라,2,0.6666666666666666
박문주,성악,1,1.0
박문현,연극,1,1.0
박미경,대중가요,2,1.0
박미란,연극,1,1.0
박미리,연극,2,1.0
박미부,연극,1,1.0
박미선,기악,3,0.6
박미선,연극,2,0.4
박미영,기악,3,0.5
박미영,성악,1,0.16666666666666666
박미영,연극,2,0.3333333333333333
박미자,기악,2,0.3333333333333333
박미자,성악,4,0.6666666666666666
박미정,기악,7,0.875
박미정,연극,1,0.125
박미향,인형극,2,1.0
박미현,대중가요,1,1.0
박미혜,오페라,1,1.0
박미화,기악,2,0.6666666666666666
박미화,연극,1,0.3333333333333333
박미희,기악,5,1.0
박민,기악,2,0.6666666666666666
박민,오페라,1,0.3333333333333333
박민경,연극,2,1.0
박민국,연극,1,1.0
박민규,뮤지컬,2,0.25
박민규,연극,6,0.75
박민서,성악,1,0.5
박민서,연극,1,0.5
박민석,기악,1,0.5
박민석,뮤지컬,1,0.5
박민선,기악,5,0.8333333333333334
박민선,연극,1,0.16666666666666666
박민성,뮤지컬,4,0.8
박민성,연극,1,0.2
박민수,연극,6,1.0
박민순,기악,1,1.0
박민승,뮤지컬,1,0.5
박민승,연극,1,0.5
박민아,기악,1,1.0
박민우,넌버벌 퍼포먼스,1,0.3333333333333333
박민우,연극,2,0.6666666666666666
박민정,연극,7,1.0
박민주,성악,1,1.0
박민준,연극,1,1.0
박민지,기악,2,1.0
박민혜,연극,1,1.0
박민호,연극,1,0.5
박민호,현대무용,1,0.5
박민희,기악,2,0.6666666666666666
박민희,뮤지컬,1,0.3333333333333333
박범규,연극,1,1.0
박범석,연극,1,1.0
박범준,연극,2,1.0
박범진,연극,1,1.0
박범철,성악,1,1.0
박범태,대중가요,1,0.3333333333333333
박범태,성악,2,0.6666666666666666
박범훈,마당극,1,0.5
박범훈,연희,1,0.5
박병곤,혼합,1,1.0
박병재,기악,2,1.0
박병주,오페라,1,1.0
박병진,기악,1,1.0
박병호,기악,1,1.0
박병휘,성악,1,1.0
박보경,기악,2,1.0
박보윤,기악,1,0.5
박보윤,성악,1,0.5
박보희,성악,1,1.0
박복신,연극,1,1.0
박복희,기악,1,1.0
박사으히,기악,1,1.0
박상규,기타,1,1.0
박상민,기악,1,0.3333333333333333
박상민,대중가요,2,0.6666666666666666
박상범,연극,2,1.0
박상보,연극,1,1.0
박상봉,연극,9,1.0
박상석,연극,1,1.0
박상아,기타,1,1.0
박상연,기악,3,0.6
박상연,연극,2,0.4
박상열,기악,1,0.5
박상열,오페라,1,0.5
박상영,오페라,1,1.0
박상옥,기악,1,1.0
박상우,기악,1,0.25
박상우,연극,1,0.25
박상우,연희,1,0.25
박상우,혼합,1,0.25
박상욱,기악,2,0.3333333333333333
박상욱,연극,1,0.16666666666666666
박상욱,오페라,1,0.16666666666666666
박상욱,한국무용,2,0.3333333333333333
박상원,연극,1,1.0
박상윤,뮤지컬,1,0.5
박상윤,연극,1,0.5
박상종,연극,2,1.0
박상준,연극,1,1.0
박상진,성악,1,0.25
박상진,연극,1,0.25
박상진,오페라,2,0.5
박상철,뮤지컬,1,0.25
박상철,연극,3,0.75
박상하,연극,1,1.0
박상혁,뮤지컬,2,1.0
박상현,기악,5,0.2631578947368421
박상현,기타,1,0.05263157894736842
박상현,대중가요,1,0.05263157894736842
박상현,서커스/마술,1,0.05263157894736842
박상현,성악,4,0.21052631578947367
박상현,연극,5,0.2631578947368421
박상현,오페라,2,0.10526315789473684
박상협,연극,1,1.0
박상호,기악,1,1.0
박상후,연극,2,0.6666666666666666
박상후,혼합,1,0.3333333333333333
박상훈,악극,1,0.2
박상훈,연극,4,0.8
박상희,기악,3,0.375
박상희,뮤지컬,3,0.375
박상희,성악,1,0.125
박상희,연극,1,0.125
박새미,연극,1,1.0
박새별,대중가요,1,1.0
박새은,한국무용,1,1.0
박새한,한국무용,1,1.0
박서린,대중가요,1,1.0
박서연,오페라,1,1.0
박서영,기악,2,1.0
박서원,연극,1,1.0
박서윤,연극,1,1.0
박서진,대중가요,2,1.0
박서현,기악,2,1.0
박서혜,연극,1,1.0
박석용,뮤지컬,2,1.0
박석원,연극,1,1.0
박선교,연극,1,1.0
박선령,뮤지컬,5,0.8333333333333334
박선령,연극,1,0.16666666666666666
박선미,발레,1,0.3333333333333333
박선미,연극,1,0.3333333333333333
박선미,오페라,1,0.3333333333333333
박선민,성악,2,1.0
박선아,기악,1,1.0
박선영,기악,1,0.16666666666666666
박선영,성악,5,0.8333333333333334
박선옥,연극,1,1.0
박선요,기타,1,1.0
박선유,현대무용,1,1.0
박선진,성악,1,1.0
박선화,기악,1,0.5
박선화,현대무용,1,0.5
박선휘,오페라,1,1.0
박선희,성악,2,0.25
박선희,연극,5,0.625
박선희,오페라,1,0.125
박설영,기악,1,1.0
박성광,기악,1,1.0
박성규,한국무용,1,1.0
박성균,기악,1,1.0
박성도,창극,1,1.0
박성령,기타,1,1.0
박성미,기악,1,1.0
박성민,기악,2,0.2
박성민,뮤지컬,1,0.1
박성민,연극,7,0.7
박성섭,연극,1,1.0
박성순,연극,1,1.0
박성아,기악,1,1.0
박성연,대중가요,7,1.0
박성열,기악,1,1.0
박성완,기악,2,1.0
박성원,기악,1,0.14285714285714285
박성원,연극,6,0.8571428571428571
박성율,한국무용,1,1.0
박성은,성악,2,0.4
박성은,연극,3,0.6
박성이,연극,1,1.0
박성준,연극,2,0.6666666666666666
박성준,혼합,1,0.3333333333333333
박성진,기악,1,0.2
박성진,성악,4,0.8
박성찬,연극,3,1.0
박성헌,연극,1,1.0
박성현,기악,1,0.2
박성현,대중가요,1,0.2
박성현,연극,2,0.4
박성현,현대무용,1,0.2
박성호,재즈/월드뮤직,1,1.0
박성환,기타,1,0.25
박성환,대중가요,1,0.25
박성환,성악,1,0.25
박성환,연극,1,0.25
박성희,기악,1,0.2
박성희,성악,2,0.4
박성희,연극,1,0.2
박성희,연희,1,0.2
박세련,연극,1,1.0
박세리,기악,1,1.0
박세미,성악,1,1.0
박세민,연극,1,1.0
박세아,뮤지컬,1,1.0
박세웅,뮤지컬,2,1.0
박세원,기악,1,1.0
박세은,연극,1,1.0
박세인,연극,1,1.0
박세정,연극,2,1.0
박세준,기악,1,1.0
박세진,연극,3,1.0
박세향,연극,2,1.0
박세화,뮤지컬,1,1.0
박세환,성악,1,1.0
박세훈,연극,1,1.0
박세희,성악,1,1.0
박센,연극,1,1.0
박소담,연극,6,1.0
박소라,연극,1,1.0
박소민,뮤지컬,2,0.6666666666666666
박소민,연극,1,0.3333333333333333
박소산,뮤지컬,1,0.5
박소산,연극,1,0.5
박소아,연극,1,1.0
박소연,기악,5,0.4166666666666667
박소연,뮤지컬,2,0.16666666666666666
박소연,성악,2,0.16666666666666666
박소연,연극,3,0.25
박소영,기악,3,0.15789473684210525
박소영,뮤지컬,8,0.42105263157894735
박소영,성악,1,0.05263157894736842
박소영,연극,7,0.3684210526315789
박소윤,연극,1,1.0
박소은,기악,1,0.1111111111111111
박소은,대중가요,4,0.4444444444444444
박소은,뮤지컬,1,0.1111111111111111
박소은,성악,1,0.1111111111111111
박소은,오페라,2,0.2222222222222222
박소정,연극,1,1.0
박소진,성악,1,0.3333333333333333
박소진,오페라,2,0.6666666666666666
박소현,기악,7,0.5384615384615384
박소현,뮤지컬,1,0.07692307692307693
박소현,발레,1,0.07692307692307693
박소현,연극,3,0.23076923076923078
박소현,재즈/월드뮤직,1,0.07692307692307693
박소희,기악,1,0.2
박소희,뮤지컬,1,0.2
박소희,연극,3,0.6
박솔원,연극,1,1.0
박송,연극,1,1.0
박송권,기타,1,0.5
박송권,뮤지컬,1,0.5
박송연,연극,1,1.0
박송이,기악,1,1.0
박수경,성악,1,1.0
박수로,현대무용,1,1.0
박수미,기악,1,1.0
박수민,뮤지컬,1,0.5
박수민,연극,1,0.5
박수빈,기악,3,0.6
박수빈,연극,2,0.4
박수아,연극,1,1.0
박수야,연극,2,1.0
박수연,기악,1,0.2
박수연,연극,2,0.4
박수연,오페라,1,0.2
박수연,한국무용,1,0.2
박수영,현대무용,1,1.0
박수정,기악,1,0.3333333333333333
박수정,연극,2,0.6666666666666666
박수진,기악,6,0.5
박수진,성악,1,0.08333333333333333
박수진,연극,5,0.4166666666666667
박수현,기악,3,1.0
박수호,성악,1,1.0
박수희,기악,1,1.0
박숙련,기악,1,1.0
박숙자,한국무용,1,1.0
박순기,성악,1,1.0
박순아,기악,1,1.0
박순여,기악,1,1.0
박순영,기악,1,1.0
박순호,현대무용,2,1.0
박슬기,기악,1,0.16666666666666666
박슬기,뮤지컬,2,0.3333333333333333
박슬기,발레,3,0.5
박슬아,연극,3,1.0
박승민,기악,1,1.0
박승빈,기악,1,1.0
박승영,현대무용,1,1.0
박승원,기악,2,0.6666666666666666
박승원,뮤지컬,1,0.3333333333333333
박승유,기악,1,1.0
박승주,기악,1,0.5
박승주,기타,1,0.5
박승혁,성악,1,1.0
박승희,기악,2,0.5
박승희,성악,2,0.5
박시내,연극,2,1.0
박시아,성악,1,1.0
박시영,연극,1,1.0
박시완,넌버벌 퍼포먼스,1,1.0
박시우,연극,1,1.0
박시원,뮤지컬,2,1.0
박시은,기악,1,1.0
박시인,뮤지컬,1,1.0
박시현,기악,1,0.5
박시현,뮤지컬,1,0.5
박신,뮤지컬,2,1.0
박신애,기악,2,0.2857142857142857
박신애,연극,4,0.5714285714285714
박신애,현대무용,1,0.14285714285714285
박신영,뮤지컬,1,0.25
박신영,연극,2,0.5
박신영,현대무용,1,0.25
박신운,연극,1,1.0
박신의,기악,1,1.0
박신해,오페라,1,1.0
박신혜,기악,6,1.0
박신호,뮤지컬,5,1.0
박신후,뮤지컬,1,0.3333333333333333
박신후,연극,2,0.6666666666666666
박아름,연극,1,1.0
박아정,연극,5,1.0
박애리,기악,1,0.2
박애리,성악,2,0.4
박애리,창극,1,0.2
박애리,혼합,1,0.2
박에셀,기타,1,1.0
박에은,기악,1,1.0
박연수,뮤지컬,1,0.25
박연수,서커스/마술,2,0.5
박연수,연극,1,0.25
박연술,연극,1,1.0
박연용,연극,1,1.0
박연주,연극,3,1.0
박연태,연극,3,1.0
박연하,연극,2,1.0
박연희,기악,2,0.5
박연희,발레,1,0.25
박연희,연극,1,0.25
박영기,연극,1,0.5
박영기,한국무용,1,0.5
박영남,연극,1,1.0
박영대,현대무용,1,1.0
박영덕,연극,1,1.0
박영란,기악,2,1.0
박영록,연극,1,1.0
박영민,기악,1,0.5
박영민,성악,1,0.5
박영성,기악,9,1.0
박영수,기악,1,0.125
박영수,뮤지컬,5,0.625
박영수,연극,1,0.125
박영수,혼합,1,0.125
박영숙,연극,1,1.0
박영승,기악,1,1.0
박영식,성악,1,1.0
박영애,한국무용,1,1.0
박영은,연극,1,1.0
박영인,연극,1,1.0
박영일,한국무용,1,1.0
박영자,성악,1,1.0
박영정,뮤지컬,1,1.0
박영준,현대무용,1,1.0
박영진,발레,1,1.0
박영환,성악,1,0.5
박영환,오페라,1,0.5
박영훈,넌버벌 퍼포먼스,1,0.3333333333333333
박영훈,대중가요,1,0.3333333333333333
박영훈,현대무용,1,0.3333333333333333
박영희,기악,1,0.5
박영희,성악,1,0.5
박예랑,연극,1,1.0
박예린,연극,1,1.0
박예소,뮤지컬,4,1.0
박예슬,뮤지컬,1,0.3333333333333333
박예슬,악극,1,0.3333333333333333
박예슬,연극,1,0.3333333333333333
박예원,기악,3,1.0
박예은,발레,5,1.0
박예정,기악,1,1.0
박예진,연극,1,1.0
박옥출,연극,1,1.0
박완,대중가요,1,0.5
박완,재즈/월드뮤직,1,0.5
박완규,기타,1,0.3333333333333333
박완규,연극,2,0.6666666666666666
박완서,연극,1,1.0
박요셉,기악,1,0.3333333333333333
박요셉,기타,1,0.3333333333333333
박요셉,대중가요,1,0.3333333333333333
박요한,뮤지컬,3,1.0
박용,연극,1,1.0
박용갑,기악,1,0.3333333333333333
박용갑,뮤지컬,1,0.3333333333333333
박용갑,연극,1,0.3333333333333333
박용우,연극,1,0.5
박용우,한국무용,1,0.5
박용은,기악,5,1.0
박용태,연극,1,1.0
박용희,연극,1,1.0
박우근,기악,1,1.0
박우빈,기악,1,1.0
박우열,연극,3,1.0
박우재,기악,2,1.0
박우정,연극,1,1.0
박우진,연극,2,1.0
박운용,연극,1,1.0
박운주,기악,3,1.0
박웅,뮤지컬,5,0.7142857142857143
박웅,연극,2,0.2857142857142857
박웅서,뮤지컬,1,1.0
박원강,뮤지컬,1,1.0
박원공,뮤지컬,1,1.0
박원석,성악,2,1.0
박원선,성악,1,1.0
박원준,기악,1,1.0
박월산,연희,1,1.0
박유겸,기타,1,1.0
박유나,연극,1,1.0
박유덕,뮤지컬,5,1.0
박유라,기악,1,1.0
박유리,오페라,2,1.0
박유미,기악,1,0.5
박유미,연극,1,0.5
박유빈,연극,1,1.0
박유신,기악,4,0.8
박유신,연극,1,0.2
박유정,연극,1,0.5
박유정,현대무용,1,0.5
박유진,뮤지컬,1,0.2
박유진,연극,4,0.8
박유키호,성악,2,1.0
박유흠,연극,3,1.0
박윤경,기악,1,1.0
박윤석,연극,3,1.0
박윤수,기악,2,1.0
박윤식,대중가요,1,1.0
박윤우,기악,3,0.6
박윤우,대중가요,1,0.2
박윤우,재즈/월드뮤직,1,0.2
박윤정,기악,1,0.5
박윤정,연극,1,0.5
박윤희,연극,5,1.0
박으뜸,성악,1,1.0
박은경,기악,2,0.3333333333333333
박은경,성악,1,0.16666666666666666
박은경,연극,3,0.5
박은미,뮤지컬,1,0.5
박은미,연희,1,0.5
박은비,발레,1,1.0
박은서,기악,1,1.0
박은석,뮤지컬,1,0.2
박은석,연극,4,0.8
박은선,재즈/월드뮤직,1,1.0
박은성,뮤지컬,1,1.0
박은솔,연극,1,1.0
박은식,기악,2,1.0
박은영,뮤지컬,1,1.0
박은옥,대중가요,3,1.0
박은정,기악,1,0.3333333333333333
박은정,성악,2,0.6666666666666666
박은주,기악,1,0.2
박은주,연극,3,0.6
박은주,오페라,1,0.2
박은지,기악,2,0.6666666666666666
박은지,발레,1,0.3333333333333333
박은진,연극,2,1.0
박은태,뮤지컬,4,1.0
박은혜,기악,1,0.3333333333333333
박은혜,연극,2,0.6666666666666666
박은희,기악,3,1.0
박의서,기악,1,1.0
박의현,오페라,1,1.0
박이슬,서커스/마술,1,1.0
박이연,성악,1,1.0
박인경,연극,3,1.0
박인서,뮤지컬,1,0.3333333333333333
박인서,서커스/마술,2,0.6666666666666666
박인석,기악,1,1.0
박인선,성악,1,0.3333333333333333
박인선,창극,1,0.3333333333333333
박인선,혼합,1,0.3333333333333333
박인숙,기악,1,1.0
박인영,뮤지컬,1,1.0
박인욱,기악,2,0.6666666666666666
박인욱,오페라,1,0.3333333333333333
박인정,혼합,1,1.0
박인지,연극,1,1.0
박인혜,성악,1,1.0
박인환,연극,1,1.0
박인희,기악,2,1.0
박일곤,뮤지컬,1,1.0
박일용,연극,1,1.0
박장근,기악,1,1.0
박장렬,연극,2,1.0
박장호,성악,1,1.0
박재경,연극,1,1.0
박재근,서커스/마술,2,1.0
박재련,연극,2,1.0
박재린,기악,7,1.0
박재민,연극,1,1.0
박재범,연극,2,1.0
박재선,연극,1,1.0
박재성,기악,1,0.5
박재성,뮤지컬,1,0.5
박재승,연극,2,1.0
박재연,기악,2,0.6666666666666666
박재연,연극,1,0.3333333333333333
박재완,연극,2,1.0
박재우,기악,1,1.0
박재운,연극,1,1.0
박재은,기악,1,1.0
박재현,기악,2,0.2222222222222222
박재현,뮤지컬,2,0.2222222222222222
박재현,연극,5,0.5555555555555556
박재홍,기악,3,0.42857142857142855
박재홍,인형극,2,0.2857142857142857
박재홍,재즈/월드뮤직,2,0.2857142857142857
박재화,연극,1,1.0
박재희,한국무용,2,1.0
박정경,한국무용,1,1.0
박정국,기악,1,1.0
박정근,연극,2,1.0
박정남,마당극,1,1.0
박정림,연극,1,1.0
박정민,뮤지컬,2,0.14285714285714285
박정민,성악,3,0.21428571428571427
박정민,연극,3,0.21428571428571427
박정민,오페라,6,0.42857142857142855
박정복,뮤지컬,1,0.25
박정복,연극,3,0.75
박정서,연극,1,1.0
박정선,연극,1,1.0
박정수,연극,2,1.0
박정숙,기악,1,1.0
박정순,연극,1,1.0
박정아,뮤지컬,2,0.5
박정아,연극,2,0.5
박정애,기악,1,1.0
박정우,뮤지컬,1,0.3333333333333333
박정우,연극,2,0.6666666666666666
박정운,인형극,2,1.0
박정원,기악,1,0.1111111111111111
박정원,뮤지컬,6,0.6666666666666666
박정원,성악,1,0.1111111111111111
박정원,오페라,1,0.1111111111111111
박정은,기악,1,0.1111111111111111
박정은,뮤지컬,2,0.2222222222222222
박정은,오페라,1,0.1111111111111111
박정은,한국무용,2,0.2222222222222222
박정은,현대무용,3,0.3333333333333333
박정의,연극,3,1.0
박정인,뮤지컬,2,0.5
박정인,연극,2,0.5
박정자,연극,1,1.0
박정주,연극,1,1.0
박정준,기악,1,1.0
박정진,한국무용,1,1.0
박정현,뮤지컬,1,0.5
박정현,연극,1,0.5
박정혜,성악,1,1.0
박정화,연극,1,1.0
박정환,기악,2,0.6666666666666666
박정환,성악,1,0.3333333333333333
박정후,뮤지컬,1,0.25
박정후,연극,3,0.75
박정희,기악,3,0.5
박정희,연극,3,0.5
박제나,뮤지컬,1,1.0
박제욱,연극,1,1.0
박제인,기악,1,1.0
박종근,기악,1,0.3333333333333333
박종근,성악,2,0.6666666666666666
박종덕,재즈/월드뮤직,1,1.0
박종배,현대무용,1,1.0
박종빈,연극,2,1.0
박종상,악극,1,0.3333333333333333
박종상,연극,1,0.3333333333333333
박종상,재즈/월드뮤직,1,0.3333333333333333
박종석,기악,1,0.3333333333333333
박종석,발레,1,0.3333333333333333
박종석,연극,1,0.3333333333333333
박종선,오페라,2,1.0
박종성,기악,4,0.8
박종성,성악,1,0.2
박종수,뮤지컬,1,0.3333333333333333
박종수,현대무용,2,0.6666666666666666
박종승,뮤지컬,1,1.0
박종열,기악,1,1.0
박종위,발레,1,1.0
박종준,오페라,1,1.0
박종찬,뮤지컬,2,0.6666666666666666
박종찬,연극,1,0.3333333333333333
박종태,연극,2,1.0
박종해,기악,6,1.0
박종현,성악,1,0.3333333333333333
박종현,연극,1,0.3333333333333333
박종현,현대무용,1,0.3333333333333333
박종호,기악,4,1.0
박종화,기악,5,0.8333333333333334
박종화,연극,1,0.16666666666666666
박종환,기악,1,1.0
박종훈,기악,3,0.75
박종훈,연극,1,0.25
박주경,기악,1,1.0
박주언,대중가요,1,1.0
박주연,연극,1,1.0
박주영,기악,3,0.6
박주영,연극,2,0.4
박주용,연극,2,1.0
박주운,기악,2,1.0
박주원,기악,1,0.14285714285714285
박주원,대중가요,1,0.14285714285714285
박주원,연극,1,0.14285714285714285
박주원,재즈/월드뮤직,4,0.5714285714285714
박주진,기악,1,1.0
박주형,뮤지컬,1,1.0
박주홍,연극,1,1.0
박주희,기타,1,0.5
박주희,연극,1,0.5
박준,기타,1,1.0
박준규,대중가요,1,0.16666666666666666
박준규,연극,5,0.8333333333333334
박준면,뮤지컬,3,1.0
박준민,연극,1,1.0
박준범,연극,1,0.5
박준범,혼합,1,0.5
박준서,연극,2,1.0
박준석,성악,1,0.5
박준석,연극,1,0.5
박준선,기악,1,1.0
박준성,기악,1,0.3333333333333333
박준성,뮤지컬,1,0.3333333333333333
박준성,연극,1,0.3333333333333333
박준수,뮤지컬,1,1.0
박준식,마당극,1,1.0
박준영,기악,5,0.625
박준영,뮤지컬,1,0.125
박준영,성악,1,0.125
박준영,혼합,1,0.125
박준오,기타,1,1.0
박준평,뮤지컬,1,1.0
박준형,현대무용,1,1.0
박준호,기악,1,0.16666666666666666
박준호,대중가요,2,0.3333333333333333
박준호,뮤지컬,1,0.16666666666666666
박준호,스트리트/스포츠댄스,1,0.16666666666666666
박준호,악극,1,0.16666666666666666
박준후,뮤지컬,2,0.4
박준후,연극,3,0.6
박준휘,기타,1,0.16666666666666666
박준휘,뮤지컬,5,0.8333333333333334
박지만,뮤지컬,1,0.5
박지만,연극,1,0.5
박지민,기악,3,0.6
박지민,성악,1,0.2
박지민,연극,1,0.2
박지선,성악,1,0.3333333333333333
박지선,연극,2,0.6666666666666666
박지수,기악,1,0.3333333333333333
박지수,연극,2,0.6666666666666666
박지아,연극,5,1.0
박지연,뮤지컬,2,1.0
박지영,기악,1,0.14285714285714285
박지영,뮤지컬,1,0.14285714285714285
박지영,성악,1,0.14285714285714285
박지영,연극,4,0.5714285714285714
박지우,뮤지컬,3,0.5
박지우,성악,1,0.16666666666666666
박지우,연극,2,0.3333333333333333
박지운,기악,1,0.2
박지운,오페라,4,0.8
박지원,뮤지컬,1,0.5
박지원,연극,1,0.5
박지윤,기악,1,0.2
박지윤,뮤지컬,2,0.4
박지윤,연극,1,0.2
박지윤,오페라,1,0.2
박지은,기악,4,0.5
박지은,발레,1,0.125
박지은,성악,2,0.25
박지은,연극,1,0.125
박지인,기악,1,0.5
박지인,연극,1,0.5
박지하,기악,1,1.0
박지한,연극,1,1.0
박지현,기악,3,0.42857142857142855
박지현,성악,1,0.14285714285714285
박지현,연극,1,0.14285714285714285
박지현,오페라,2,0.2857142857142857
박지형,기악,3,1.0
박지혜,기악,2,0.16666666666666666
박지혜,뮤지컬,3,0.25
박지혜,성악,2,0.16666666666666666
박지혜,연극,1,0.08333333333333333
박지혜,오페라,2,0.16666666666666666
박지혜,재즈/월드뮤직,1,0.08333333333333333
박지혜,현대무용,1,0.08333333333333333
박지호,뮤지컬,8,0.8
박지호,연극,2,0.2
박지후,연극,1,1.0
박지훈,뮤지컬,2,0.2857142857142857
박지훈,성악,2,0.2857142857142857
박지훈,연극,3,0.42857142857142855
박지희,연극,2,0.5
박지희,한국무용,1,0.25
박지희,현대무용,1,0.25
박진,성악,1,0.5
박진,연극,1,0.5
박진경,기악,2,0.5
박진경,오페라,1,0.25
박진경,한국무용,1,0.25
박진교,재즈/월드뮤직,1,1.0
박진규,뮤지컬,1,1.0
박진선,기악,1,0.5
박진선,연극,1,0.5
박진성,연극,1,1.0
박진수,기악,6,0.6666666666666666
박진수,뮤지컬,1,0.1111111111111111
박진수,연극,2,0.2222222222222222
박진아,기악,1,0.3333333333333333
박진아,연극,2,0.6666666666666666
박진영,뮤지컬,1,1.0
박진우,기악,5,0.8333333333333334
박진우,성악,1,0.16666666666666666
박진원,뮤지컬,1,0.3333333333333333
박진원,연극,2,0.6666666666666666
박진주,뮤지컬,1,1.0
박진철,오페라,1,1.0
박진형,기악,4,1.0
박진호,연극,1,0.5
박진호,현대무용,1,0.5
박진희,기악,1,0.25
박진희,연극,2,0.5
박진희,연희,1,0.25
박찬국,연극,1,1.0
박찬미,기악,1,1.0
박찬민,기악,5,0.7142857142857143
박찬민,뮤지컬,1,0.14285714285714285
박찬민,성악,1,0.14285714285714285
박찬서,연극,1,1.0
박찬양,뮤지컬,1,1.0
박찬영,기악,1,0.2
박찬영,뮤지컬,3,0.6
박찬영,연극,1,0.2
박찬우,기악,1,1.0
박찬일,오페라,2,1.0
박찬정,대중가요,1,1.0
박찬혁,기악,1,1.0
박찬형,기악,1,1.0
박찬호,기악,1,0.16666666666666666
박찬호,연극,5,0.8333333333333334
박찬희,기악,1,1.0
박창곤,기타,1,1.0
박창국,연극,1,1.0
박창순,연극,1,1.0
박창욱,연극,1,1.0
박천기,연극,3,1.0
박천지,성악,1,1.0
박천휘,기악,1,0.5
박천휘,연극,1,0.5
박철민,뮤지컬,1,0.3333333333333333
박철민,연극,2,0.6666666666666666
박철순,현대무용,1,1.0
박철연,연극,1,1.0
박철현,연극,1,1.0
박철홍,연극,1,1.0
박초롱,기악,1,1.0
박춘근,연극,1,0.5
박춘근,오페라,1,0.5
박춘석,기악,1,1.0
박충현,연극,1,1.0
박치상,기악,4,1.0
박치완,기악,1,1.0
박칼린,기악,1,0.5
박칼린,혼합,1,0.5
박태련,마당극,1,1.0
박태성,연극,1,1.0
박태양,연극,1,1.0
박태영,기악,2,1.0
박태을,뮤지컬,1,1.0
박태준,연극,1,1.0
박태진,넌버벌 퍼포먼스,1,1.0
박태형,기악,3,1.0
박태홍,재즈/월드뮤직,1,1.0
박태환,연극,3,0.5
박태환,오페라,3,0.5
박태흥,기악,1,1.0
박평광,넌버벌 퍼포먼스,1,1.0
박푸름,성악,1,0.3333333333333333
박푸름,악극,1,0.3333333333333333
박푸름,오페라,1,0.3333333333333333
박하나,기악,4,0.8
박하나,연극,1,0.2
박하늘,연극,2,1.0
박하명,연극,1,1.0
박하양,기악,1,1.0
박하연,기악,1,1.0
박하영,연극,1,1.0
박하은,기악,1,1.0
박학기,대중가요,1,1.0
박한결,기악,1,0.5
박한결,현대무용,1,0.5
박한근,뮤지컬,3,1.0
박한돌,뮤지컬,1,1.0
박한들,뮤지컬,1,1.0
박한별,연극,2,1.0
박한샘,연극,1,1.0
박한솔,연극,1,1.0
박한열,뮤지컬,2,1.0
박한울,연극,3,1.0
박한율,대중가요,1,0.5
박한율,재즈/월드뮤직,1,0.5
박한일,연극,1,1.0
박해란,연극,1,1.0
박해림,뮤지컬,2,1.0
박해미,뮤지컬,2,0.5
박해미,연극,1,0.25
박해미,오페라,1,0.25
박해빈,인형극,1,1.0
박해성,연극,3,1.0
박해수,기악,1,0.5
박해수,발레,1,0.5
박해원,연극,2,1.0
박해준,연극,1,1.0
박해진,기악,1,1.0
박헌주,발레,1,1.0
박혁기,오페라,2,1.0
박현,기악,2,1.0
박현규,연극,2,1.0
박현미,연극,1,1.0
박현민,마임,1,0.14285714285714285
박현민,연극,6,0.8571428571428571
박현서,연극,1,1.0
박현수,기타,1,0.5
박현수,연극,1,0.5
박현숙,기악,1,0.3333333333333333
박현숙,뮤지컬,1,0.3333333333333333
박현숙,악극,1,0.3333333333333333
박현승,연극,4,1.0
박현아,기악,1,0.5
박현아,성악,1,0.5
박현옥,오페라,2,1.0
박현우,서커스/마술,2,1.0
박현욱,연극,5,1.0
박현정,기악,3,0.5
박현정,성악,1,0.16666666666666666
박현정,연극,1,0.16666666666666666
박현정,오페라,1,0.16666666666666666
박현주,기악,1,0.2
박현주,성악,2,0.4
박현주,연극,1,0.2
박현주,오페라,1,0.2
박현준,기악,1,0.3333333333333333
박현준,연극,1,0.3333333333333333
박현준,혼합,1,0.3333333333333333
박현지,기악,1,0.3333333333333333
박현지,연극,2,0.6666666666666666
박현진,오페라,2,1.0
박현철,뮤지컬,1,0.5
박현철,연극,1,0.5
박현형,연극,1,1.0
박현호,연극,2,1.0
박형규,뮤지컬,2,0.6666666666666666
박형규,연극,1,0.3333333333333333
박형근,연극,3,1.0
박형석,연극,1,1.0
박형섭,연극,1,1.0
박형준,뮤지컬,1,0.3333333333333333
박형준,연극,2,0.6666666666666666
박형진,오페라,1,1.0
박혜경,오페라,1,1.0
박혜나,기타,1,0.3333333333333333
박혜나,뮤지컬,2,0.6666666666666666
박혜란,연극,1,1.0
박혜련,성악,2,0.6666666666666666
박혜련,혼합,1,0.3333333333333333
박혜령,기악,2,1.0
박혜리,대중가요,1,0.3333333333333333
박혜리,연극,1,0.3333333333333333
박혜리,재즈/월드뮤직,1,0.3333333333333333
박혜림,성악,1,0.5
박혜림,연극,1,0.5
박혜미,기악,1,1.0
박혜민,기악,1,0.3333333333333333
박혜민,뮤지컬,2,0.6666666666666666
박혜상,성악,3,1.0
박혜선,기악,2,0.3333333333333333
박혜선,뮤지컬,1,0.16666666666666666
박혜선,연극,3,0.5
박혜성,뮤지컬,1,1.0
박혜신,기악,1,0.5
박혜신,대중가요,1,0.5
박혜연,기악,1,1.0
박혜영,기악,1,0.5
박혜영,연극,1,0.5
박혜원,대중가요,2,1.0
박혜윤,기악,2,1.0
박혜인,뮤지컬,1,1.0
박혜정,기악,1,1.0
박혜준,기악,3,1.0
박혜진,기악,1,0.2
박혜진,성악,1,0.2
박혜진,오페라,3,0.6
박혜현,기악,2,1.0
박호산,뮤지컬,1,1.0
박호성,기악,4,0.8
박호성,성악,1,0.2
박화란,연극,1,1.0
박화정,기악,1,1.0
박화진,연극,1,1.0
박효주,마당극,1,1.0
박휘남,연극,2,1.0
박휘암,기악,2,1.0
박휘연,현대무용,1,1.0
박흥우,성악,1,1.0
박희라,기악,1,1.0
박희망,기악,1,1.0
박희민,연극,5,1.0
박희성,기악,1,1.0
박희연,기악,1,0.5
박희연,연극,1,0.5
박희원,뮤지컬,2,0.5
박희원,연극,1,0.25
박희원,창극,1,0.25
박희은,연극,1,1.0
박희재,뮤지컬,1,1.0
박희정,기악,1,0.3333333333333333
박희정,한국무용,1,0.3333333333333333
박희정,혼합,1,0.3333333333333333
박희찬,연극,1,1.0
반무섭,뮤지컬,2,0.5
반무섭,연극,2,0.5
반민정,연극,1,1.0
반상윤,연극,1,1.0
반석진,연극,1,1.0
반선경,기악,1,1.0
반영진,연극,1,1.0
반은세,연극,1,1.0
반자성,뮤지컬,1,1.0
반재호,뮤지컬,1,1.0
발렌티나 리시차,기악,1,1.0
발보나 나쿠,기악,1,1.0
밝넝쿨,현대무용,2,1.0
방경난,기악,1,1.0
방광식,성악,1,1.0
방글,기악,1,1.0
방기범,뮤지컬,1,1.0
방도용,발레,1,0.3333333333333333
방도용,연극,2,0.6666666666666666
방무현,연극,2,1.0
방미라,연극,1,1.0
방미연,뮤지컬,2,1.0
방병조,재즈/월드뮤직,1,1.0
방선영,기악,1,1.0
방선혁,뮤지컬,1,1.0
방선혜,연극,1,1.0
방성택,기악,1,1.0
방성혁,인형극,1,1.0
방성호,기악,1,0.3333333333333333
방성호,기타,1,0.3333333333333333
방성호,대중가요,1,0.3333333333333333
방세원,기악,1,1.0
방수미,성악,1,0.3333333333333333
방수미,연극,1,0.3333333333333333
방수미,한국무용,1,0.3333333333333333
방수연,성악,1,0.5
방수연,연극,1,0.5
방승민,연극,1,1.0
방승주,기악,1,1.0
방승훈,연극,1,1.0
방신제,성악,2,1.0
방아람,기악,1,1.0
방연수,뮤지컬,1,1.0
방영기,기악,1,1.0
방우리,기악,1,1.0
방은영,뮤지컬,1,1.0
방은현,기악,1,0.3333333333333333
방은현,성악,2,0.6666666666666666
방은희,연극,2,1.0
방인주,기악,1,1.0
방재호,연극,1,1.0
방정아,기악,1,1.0
방정욱,오페라,1,1.0
방정은,연극,1,1.0
방준경,성악,1,1.0
방지성,기악,2,1.0
방지연,기악,1,0.5
방지연,연극,1,0.5
방지원,기악,1,0.5
방지원,대중가요,1,0.5
방진수,뮤지컬,1,0.5
방진수,악극,1,0.5
방진아,연극,1,1.0
방진의,뮤지컬,1,1.0
방한석,연극,1,1.0
방혜림,연극,1,1.0
방혜연,연극,1,1.0
방혜영,연극,3,1.0
방혜정,뮤지컬,4,1.0
방효섭,성악,1,0.5
방효섭,오페라,1,0.5
배가영,현대무용,2,1.0
배건재,창극,1,1.0
배건호,연극,1,1.0
배경진,뮤지컬,1,1.0
배경한,기악,1,1.0
배경호,뮤지컬,1,1.0
배광수,기악,1,1.0
배규진,연극,2,1.0
배근영,연극,1,0.5
배근영,인형극,1,0.5
배기범,연극,1,1.0
배기태,기악,1,1.0
배나라,뮤지컬,2,1.0
배다솜,뮤지컬,1,1.0
배다해,대중가요,1,1.0
배대두,연극,2,0.6666666666666666
배대두,현대무용,1,0.3333333333333333
배두훈,기타,3,0.42857142857142855
배두훈,뮤지컬,4,0.5714285714285714
배런,현대무용,1,1.0
배문수,연극,3,1.0
배미령,연극,1,1.0
배미선,뮤지컬,1,1.0
배민수,기악,1,0.3333333333333333
배민수,성악,2,0.6666666666666666
배병민,기악,1,0.5
배병민,혼합,1,0.5
배보경,연극,2,1.0
배삼식,창극,1,1.0
배상규,연극,1,1.0
배상은,기악,2,0.6666666666666666
배상은,현대무용,1,0.3333333333333333
배새암,뮤지컬,1,0.3333333333333333
배새암,연극,2,0.6666666666666666
배서연,연극,1,1.0
배서영,뮤지컬,1,1.0
배서정,오페라,1,1.0
배선희,연극,1,0.5
배선희,현대무용,1,0.5
배설하,연극,2,1.0
배성우,기악,3,1.0
배성은,기악,1,1.0
배세영,연극,1,1.0
배소현,연극,2,1.0
배솔비,현대무용,1,1.0
배수경,연극,1,1.0
배수화,뮤지컬,1,1.0
배승빈,성악,1,1.0
배승혜,연극,1,1.0
배시현,연극,1,1.0
배연우,뮤지컬,1,1.0
배영지,연극,1,1.0
배예림,뮤지컬,4,1.0
배예빈,기악,1,1.0
배요섭,연극,1,1.0
배우선,성악,1,1.0
배우진,연극,2,1.0
배원,기악,1,1.0
배원희,기악,2,1.0
배유경,성악,1,1.0
배유리,연극,1,1.0
배윤범,연극,1,1.0
배윤정,연극,1,1.0
배은미,연극,1,1.0
배은수,연극,1,1.0
배은아,기악,1,0.3333333333333333
배은아,성악,2,0.6666666666666666
배은정,연극,1,1.0
배은지,뮤지컬,1,1.0
배은진,기악,1,1.0
배은환,악극,1,0.3333333333333333
배은환,오페라,2,0.6666666666666666
배은희,혼합,1,1.0
배인혁,대중가요,1,1.0
배일호,대중가요,1,1.0
배일환,연극,1,1.0
배자희,기악,2,1.0
배장은,재즈/월드뮤직,2,1.0
배장흠,기악,2,1.0
배재완,뮤지컬,1,1.0
배재혁,오페라,1,1.0
배정민,뮤지컬,1,1.0
배정빈,연극,1,1.0
배정윤,뮤지컬,1,1.0
배정찬,연희,1,1.0
배정현,기악,3,1.0
배종옥,연극,1,1.0
배종훈,기악,1,1.0
배준성,뮤지컬,3,1.0
배준수,뮤지컬,1,0.5
배준수,연극,1,0.5
배지은,연극,1,1.0
배지현,연극,1,1.0
배지혜,기악,1,1.0
배진만,연극,1,1.0
배진석,오페라,1,1.0
배진형,기악,2,0.4
배진형,성악,1,0.2
배진형,오페라,2,0.4
배태한,기악,2,0.6666666666666666
배태한,성악,1,0.3333333333333333
배한나,뮤지컬,2,1.0
배한슬,뮤지컬,1,1.0
배해선,뮤지컬,1,0.25
배해선,연극,3,0.75
배해신,기악,1,1.0
배헤리,성악,1,1.0
배현아,연극,1,1.0
배혜리,성악,1,0.3333333333333333
배혜리,오페라,2,0.6666666666666666
배혜미,뮤지컬,2,1.0
배혜수,연극,2,1.0
배혜연,성악,1,1.0
배혜진,성악,1,1.0
배훈,연극,1,1.0
백건우,기악,11,1.0
백경우,한국무용,2,1.0
백경화,기악,1,1.0
백경희,연극,1,1.0
백광현,연극,3,1.0
백금옥,성악,1,1.0
백기렬,연극,1,1.0
백기범,뮤지컬,2,1.0
백기한,뮤지컬,1,1.0
백나라,뮤지컬,1,1.0
백나현,성악,1,1.0
백남영,연극,2,1.0
백도현,연극,1,1.0
백동현,뮤지컬,1,0.5
백동현,연극,1,0.5
백동훈,오페라,1,1.0
백미숙,기악,1,1.0
백민수,연극,1,1.0
백민아,기악,1,1.0
백민정,기악,1,1.0
백상원,연극,1,1.0
백석광,연극,5,1.0
백석현,연극,1,1.0
백선우,연극,1,1.0
백선주,뮤지컬,1,1.0
백성록,악극,1,1.0
백성수,연극,2,1.0
백성철,연극,1,1.0
백소망,한국무용,1,1.0
백소정,연극,5,1.0
백수희,연극,1,1.0
백순원,연극,1,1.0
백순재,오페라,1,1.0
백승렬,기타,1,0.25
백승렬,뮤지컬,3,0.75
백승록,기악,1,0.5
백승록,성악,1,0.5
백승문,연극,3,1.0
백승빈,연극,1,1.0
백승우,기악,1,0.5
백승우,뮤지컬,1,0.5
백승윤,연극,1,1.0
백승화,대중가요,1,1.0
백승훈,뮤지컬,1,1.0
백시은,연극,1,1.0
백아,대중가요,1,1.0
백아미,기악,1,1.0
백양임,연극,1,1.0
백양지,기악,3,1.0
백에훈,성악,1,1.0
백연구,대중가요,1,1.0
백영린,연극,1,1.0
백영옥,기악,1,1.0
백예린,대중가요,1,1.0
백예지,한국무용,1,1.0
백우람,연극,1,1.0
백우주,오페라,2,1.0
백우현,재즈/월드뮤직,1,1.0
백운철,연극,3,1.0
백원주,기악,1,1.0
백윤기,연극,1,1.0
백윤학,기타,2,0.6666666666666666
백윤학,뮤지컬,1,0.3333333333333333
백은경,연극,1,1.0
백은교,기악,1,1.0
백은혜,연극,1,1.0
백이준,연극,1,1.0
백익남,연극,3,1.0
백인태,뮤지컬,1,1.0
백자영,기악,2,1.0
백재경,연극,2,1.0
백재연,성악,1,1.0
백재은,기악,4,0.4444444444444444
백재은,성악,3,0.3333333333333333
백재은,오페라,2,0.2222222222222222
백재이,연극,1,1.0
백재현,뮤지컬,4,1.0
백정현,기악,2,1.0
백종승,연극,1,1.0
백종우,기악,1,1.0
백종훈,연극,1,1.0
백주연,기악,1,1.0
백주영,기악,5,1.0
백준영,뮤지컬,1,1.0
백준원,기악,1,1.0
백중현,뮤지컬,1,1.0
백중훈,연극,1,1.0
백지연,뮤지컬,1,0.5
백지연,연극,1,0.5
백지영,기타,1,0.2
백지영,대중가요,3,0.6
백지영,연극,1,0.2
백지웅,대중가요,1,1.0
백진주,현대무용,2,1.0
백진철,연극,1,1.0
백진현,기악,5,0.7142857142857143
백진현,발레,1,0.14285714285714285
백진현,성악,1,0.14285714285714285
백채린,연극,1,1.0
백철호,뮤지컬,1,0.25
백철호,연극,3,0.75
백하경,뮤지컬,1,1.0
백하형기,연극,1,1.0
백한울,연극,2,1.0
백향민,기악,1,1.0
백헤선,기악,1,1.0
백현규,연극,1,1.0
백현주,뮤지컬,1,0.5
백현주,오페라,1,0.5
백현진,대중가요,1,1.0
백현호,기악,1,0.25
백현호,성악,3,0.75
백형민,현대무용,1,1.0
백형훈,뮤지컬,4,1.0
백혜경,연극,1,1.0
백혜리,연극,1,1.0
백혜린,뮤지컬,1,0.5
백혜린,연극,1,0.5
백혜선,기악,1,1.0
백호진,연극,1,1.0
백효성,연극,1,1.0
백희나,뮤지컬,3,1.0
백희영,기악,1,1.0
백희진,기악,1,1.0
뱃사공,대중가요,1,1.0
범길,연극,1,1.0
베네딕트 컴버배치,연극,1,1.0
베로니카 코프요바,기악,1,1.0
베리 더글라스,기악,1,1.0
베벌리 차이앗,뮤지컬,3,1.0
벤,대중가요,1,1.0
벤 마일스,연극,1,1.0
벤 포스터,뮤지컬,1,1.0
벤네트 가르트사이드,발레,1,1.0
벤자민 콜리,뮤지컬,2,1.0
벤킴,기악,1,1.0
변가온,기악,1,1.0
변규리,기악,1,1.0
변나라,연극,1,1.0
변다희,넌버벌 퍼포먼스,1,1.0
변민모,연극,1,1.0
변병철,성악,1,1.0
변새봄,기악,1,1.0
변성완,발레,1,1.0
변숙희,뮤지컬,1,1.0
변승록,연극,2,1.0
변신영,기악,1,1.0
변영규,연극,1,1.0
변영진,연극,1,1.0
변영후,연극,5,1.0
변예진,기악,1,1.0
변욱,기악,1,1.0
변유연,기악,2,1.0
변유진,기악,1,1.0
변윤정,연극,1,1.0
변일훈,기악,1,1.0
변정란,성악,1,1.0
변정욱,연극,1,1.0
변정원,연극,1,1.0
변정인,기악,4,1.0
변지민,연극,1,1.0
변지영,기악,1,0.5
변지영,오페라,1,0.5
변지우,기악,1,1.0
변진,기악,1,1.0
변진섭,대중가요,4,1.0
변현정,기악,2,1.0
변혜령,현대무용,1,1.0
변혜림,현대무용,1,1.0
변효준,연극,1,1.0
변효진,뮤지컬,1,0.5
변효진,연극,1,0.5
병헌,연극,2,1.0
보그단 플로피뉴,발레,2,1.0
복미경,한국무용,1,1.0
복영한,뮤지컬,1,0.3333333333333333
복영한,성악,1,0.3333333333333333
복영한,연극,1,0.3333333333333333
볼드윈,기악,1,1.0
볼프강 바우어,기악,1,1.0
봉다룬,연극,1,1.0
봉소라,기악,1,1.0
봉승호,연극,1,1.0
봉혜정,성악,1,0.5
봉혜정,연극,1,0.5
부경보,뮤지컬,1,1.0
부민영,한국무용,1,1.0
부새롬,연극,1,1.0
부서훈,성악,1,1.0
부진서,연극,2,1.0
브라이언 신,재즈/월드뮤직,1,1.0
브래딕,기악,1,1.0
브랜든 최,기악,5,1.0
브루스강,재즈/월드뮤직,1,1.0
블랏코 누셰브,기악,1,1.0
비프리,대중가요,1,1.0
빅토르 데미아노프,성악,1,1.0
빅토르 위고,뮤지컬,1,1.0
빅토리아,뮤지컬,1,1.0
빈센트,대중가요,1,1.0
빈순애,기악,1,1.0
빈자성,연극,1,1.0
빈프리트 톨,성악,4,1.0
사공,대중가요,1,1.0
사다빈,뮤지컬,1,1.0
사무엘 윤,성악,1,1.0
사이먼 러셀 빌,연극,1,1.0
사이먼도미닉,대중가요,1,1.0
사주현,기악,1,1.0
사헌순,기악,2,1.0
산드로 쿠투렐로,기악,2,1.0
산들,뮤지컬,1,1.0
샘 멘데스,연극,1,1.0
서가영,뮤지컬,11,1.0
서경동,연극,2,1.0
서경수,뮤지컬,3,0.75
서경수,연극,1,0.25
서경연,기악,1,1.0
서경희,연극,1,1.0
서공희,연극,1,1.0
서광재,연극,2,1.0
서규인,기악,1,1.0
서나영,기악,3,0.75
서나영,혼합,1,0.25
서다영,뮤지컬,1,1.0
서다원,연극,1,1.0
서다현,현대무용,1,1.0
서담희,연극,1,1.0
서대덕,연극,3,1.0
서덕원,재즈/월드뮤직,3,1.0
서덕훈,뮤지컬,2,0.5
서덕훈,연극,2,0.5
서동갑,연극,3,1.0
서동석,연극,1,1.0
서동운,연극,1,1.0
서동은,연극,1,1.0
서동진,기타,1,0.25
서동진,뮤지컬,2,0.5
서동진,연극,1,0.25
서동현,연극,5,1.0
서만재,기악,1,1.0
서명균,연극,1,1.0
서명현,기악,1,0.5
서명현,연극,1,0.5
서명훈,연극,3,1.0
서무진,오페라,1,1.0
서문경,연극,1,1.0
서문탁,대중가요,3,1.0
서미경,기악,1,1.0
서미숙,발레,1,1.0
서미영,뮤지컬,1,1.0
서미정,연극,2,1.0
서민균,뮤지컬,1,1.0
서민기,혼합,1,1.0
서민석,기타,1,0.5
서민석,대중가요,1,0.5
서민정,연극,2,0.6666666666666666
서민정,혼합,1,0.3333333333333333
서민준,연극,1,1.0
서민지,뮤지컬,1,1.0
서반석,뮤지컬,1,1.0
서범석,뮤지컬,3,0.75
서범석,한국무용,1,0.25
서범수,기악,1,1.0
서병구,뮤지컬,1,1.0
서병철,연극,2,1.0
서보권,현대무용,3,1.0
서삼석,연극,4,1.0
서상규,연극,1,1.0
서상금,기악,1,1.0
서상백,기악,1,1.0
서상완,뮤지컬,1,1.0
서상원,한국무용,1,1.0
서상현,연극,1,1.0
서석진,뮤지컬,3,1.0
서석호,오페라,1,1.0
서선미리,기악,1,1.0
서선영,기악,3,0.6
서선영,오페라,2,0.4
서선택,연극,1,1.0
서성영,연극,1,1.0
서성원,한국무용,1,1.0
서성은,기악,1,1.0
서성종,연극,1,1.0
서성하,연극,1,1.0
서세린,연극,1,1.0
서송희,발레,1,0.16666666666666666
서송희,연극,5,0.8333333333333334
서수민,기악,3,1.0
서수복,기악,1,1.0
서수옥,연극,1,1.0
서수진,기악,1,0.25
서수진,대중가요,2,0.5
서수진,재즈/월드뮤직,1,0.25
서수현,뮤지컬,1,0.3333333333333333
서수현,연극,2,0.6666666666666666
서순정,기악,1,1.0
서승연,기악,1,1.0
서승원,뮤지컬,2,0.6666666666666666
서승원,연극,1,0.3333333333333333
서승환,성악,1,1.0
서신우,연극,2,1.0
서어진,성악,1,0.5
서어진,연극,1,0.5
서영도,재즈/월드뮤직,1,1.0
서영수,뮤지컬,1,1.0
서영오,연극,1,1.0
서영완,연극,1,1.0
서영우,연극,1,1.0
서영일,기악,1,1.0
서영주,뮤지컬,1,0.5
서영주,연극,1,0.5
서영찬,기악,1,1.0
서영채,뮤지컬,2,1.0
서예리,기악,1,1.0
서예은,성악,1,1.0
서예화,연극,2,1.0
서예희,연극,1,1.0
서옥순,성악,1,1.0
서용호,연극,1,1.0
서우연,뮤지컬,1,1.0
서우형,기악,6,1.0
서원오,발레,1,1.0
서원호,연극,1,1.0
서유덕,연극,1,1.0
서유리,연극,1,1.0
서유석,뮤지컬,1,0.5
서유석,악극,1,0.5
서윤미,뮤지컬,2,1.0
서윤오,연극,1,1.0
서윤진,연극,1,1.0
서윤하,연극,1,1.0
서은경,연극,1,1.0
서은광,뮤지컬,4,1.0
서은교,연극,1,1.0
서은미,기악,1,0.5
서은미,혼합,1,0.5
서은영,기악,1,0.2
서은영,뮤지컬,4,0.8
서은재,기악,1,1.0
서의철,연희,1,1.0
서이숙,연극,1,1.0
서이아,연극,1,1.0
서인권,뮤지컬,3,0.75
서인권,연극,1,0.25
서인애,오페라,1,1.0
서일영,현대무용,1,1.0
서자영,대중가요,1,1.0
서재영,연극,1,1.0
서재하,대중가요,1,1.0
서재형,창극,1,0.5
서재형,혼합,1,0.5
서정금,마당극,1,0.3333333333333333
서정금,창극,2,0.6666666666666666
서정란,연극,1,1.0
서정민,성악,1,1.0
서정선,뮤지컬,1,1.0
서정식,연극,4,1.0
서정심,기악,1,1.0
서정애,연극,1,1.0
서정와,연극,1,1.0
서정욱,뮤지컬,1,1.0
서정은,기악,1,1.0
서정인,기악,1,1.0
서정준,연극,1,1.0
서정혁,성악,2,1.0
서정화,뮤지컬,7,1.0
서정훈,연희,1,1.0
서제광,연극,1,1.0
서종칠,오페라,1,1.0
서좌백,연극,1,1.0
서주영,기악,1,0.5
서주영,대중가요,1,0.5
서주현,기악,1,0.3333333333333333
서주현,연극,2,0.6666666666666666
서주희,기악,4,0.6666666666666666
서주희,발레,1,0.16666666666666666
서주희,연극,1,0.16666666666666666
서준호,연극,1,1.0
서지선,연극,1,1.0
서지아,뮤지컬,1,1.0
서지영,연극,2,1.0
서지우,연극,1,1.0
서지웅,뮤지컬,1,1.0
서지원,기악,2,0.2
서지원,뮤지컬,6,0.6
서지원,성악,1,0.1
서지원,연극,1,0.1
서지형,뮤지컬,1,1.0
서지혜,기악,1,0.3333333333333333
서지혜,연극,2,0.6666666666666666
서지후,연극,1,1.0
서진,기악,3,0.75
서진,연극,1,0.25
서진욱,마임,1,1.0
서진원,연극,3,1.0
서진희,연극,1,1.0
서찬양,뮤지컬,2,1.0
서찬영,기악,3,0.6
서찬영,오페라,2,0.4
서창호,연극,3,1.0
서창희,연극,1,1.0
서채원,연극,1,1.0
서충식,연극,2,1.0
서치환,성악,1,1.0
서태원,연극,1,1.0
서필,기악,1,0.5
서필,오페라,1,0.5
서필원,기악,1,1.0
서하은,기악,1,1.0
서한나,기악,1,1.0
서한우,연희,1,1.0
서해린,현대무용,1,1.0
서햬연,오페라,1,1.0
서현우,연극,2,1.0
서현정,대중가요,1,1.0
서현제,연극,4,1.0
서현철,연극,2,1.0
서형래,뮤지컬,1,1.0
서형민,기악,2,1.0
서형일,성악,2,1.0
서형훈,뮤지컬,2,1.0
서혜원,연극,1,1.0
서혜주,뮤지컬,2,1.0
서홍석,연극,1,1.0
서활란,기악,1,0.5
서활란,성악,1,0.5
서효림,연극,1,1.0
서효준,연극,1,1.0
서훈,기악,2,0.6666666666666666
서훈,오페라,1,0.3333333333333333
서희,연극,1,1.0
서희철,성악,1,1.0
서희태,기악,5,0.7142857142857143
서희태,성악,2,0.2857142857142857
석민주,연극,1,1.0
석봉준,연극,2,1.0
석상근,기악,3,0.75
석상근,오페라,1,0.25
석성예,뮤지컬,1,1.0
석승권,오페라,1,1.0
석인모,기악,1,1.0
석정엽,성악,1,1.0
석현,연극,1,1.0
석현수,기악,1,0.3333333333333333
석현수,성악,2,0.6666666666666666
석현준,뮤지컬,1,1.0
석혜은,성악,1,1.0
석효진,연극,2,1.0
선란희,혼합,1,1.0
선명균,연극,6,1.0
선명주,연극,1,1.0
선민철,연극,1,1.0
선승미,기악,1,1.0
선영국,혼합,1,1.0
선영욱,연희,2,1.0
선우예권,기악,2,1.0
선우정아,대중가요,6,1.0
선우지현,기악,1,1.0
선우채영,연극,2,1.0
선욱현,연극,2,1.0
선은지,현대무용,1,1.0
선일,뮤지컬,1,1.0
선종남,연극,2,1.0
선찬용,뮤지컬,1,1.0
선채민,뮤지컬,1,1.0
선현오,기악,1,1.0
선호,서커스/마술,1,1.0
설가은,뮤지컬,1,1.0
설달영,연극,1,1.0
설동호,대중가요,1,1.0
설수경,기악,3,1.0
설승혜,연극,1,1.0
설운도,대중가요,3,1.0
설유승,기악,1,1.0
설유진,연극,2,1.0
설윤희,연극,1,1.0
설은경,기악,1,1.0
설재영,뮤지컬,1,1.0
설재환,연극,2,1.0
설창호,연극,1,1.0
설호열,넌버벌 퍼포먼스,1,1.0
설호종,대중가요,1,1.0
설화,뮤지컬,2,1.0
설희수,기악,1,1.0
설희영,기악,1,1.0
성경주,기악,3,1.0
성경현,기악,1,1.0
성굉모,기악,1,1.0
성근창,연극,2,1.0
성기문,재즈/월드뮤직,2,1.0
성기선,기악,3,1.0
성기윤,기타,1,0.5
성기윤,뮤지컬,1,0.5
성낙원,대중가요,1,1.0
성노진,연극,3,1.0
성담,대중가요,1,1.0
성대식,뮤지컬,1,1.0
성두섭,뮤지컬,3,0.75
성두섭,연극,1,0.25
성문원,성악,1,1.0
성미경,기악,2,1.0
성미림,연극,3,1.0
성민,뮤지컬,2,1.0
성민제,기악,3,0.75
성민제,뮤지컬,1,0.25
성민철,연극,2,1.0
성병숙,연극,3,1.0
성보경,기악,2,1.0
성빈,대중가요,1,1.0
성상윤,연희,1,1.0
성석배,연극,3,1.0
성수연,연극,1,1.0
성스런,현대무용,1,1.0
성슬기,성악,1,1.0
성승민,오페라,1,1.0
성승욱,오페라,1,1.0
성승한,기타,1,1.0
성시연,기악,2,1.0
성시영 송영인,기악,1,1.0
성시준,현대무용,1,1.0
성애순,성악,1,1.0
성여진,연극,1,1.0
성연화,연극,1,1.0
성열석,뮤지컬,1,1.0
성영규,기악,1,1.0
성영주,대중가요,1,1.0
성용원,성악,1,1.0
성원,연극,2,1.0
성윤기,연극,1,1.0
성일모,재즈/월드뮤직,1,1.0
성장순,마당극,1,1.0
성재원,성악,1,1.0
성재준,연극,1,1.0
성재창,기악,5,1.0
성종완,뮤지컬,3,1.0
성주혜,기악,1,1.0
성준현,연극,2,1.0
성준홍,기악,1,1.0
성지루,연극,1,1.0
성지민,기악,3,1.0
성지송,대중가요,1,1.0
성지하,연극,3,1.0
성지호,연극,1,1.0
성찬휘,연극,1,1.0
성천모,뮤지컬,3,0.75
성천모,연극,1,0.25
성철모,성악,2,1.0
성하진,연극,1,1.0
성해라,기악,2,1.0
성해린,기악,1,1.0
성해빈,기타,1,1.0
성현구,대중가요,1,1.0
성희진,기악,1,1.0
세르게이 타라소프,기악,1,1.0
세바스티안 랑 레싱,오페라,2,1.0
션 드래빗,재즈/월드뮤직,1,1.0
소경진,연극,1,1.0
소광민,넌버벌 퍼포먼스,1,1.0
소냐 론챠르,기악,1,1.0
소명진,연희,1,1.0
소미경,뮤지컬,1,1.0
소병윤,성악,1,1.0
소상덕,재즈/월드뮤직,1,1.0
소순영,연극,1,1.0
소야,대중가요,1,1.0
소연아,연극,1,1.0
소유경,연극,3,1.0
소은경,기악,1,0.5
소은경,오페라,1,0.5
소정화,뮤지컬,2,1.0
소종호,연극,2,1.0
소한숙,기악,1,1.0
소현정,기악,5,1.0
손가슬,기악,2,1.0
손건우,뮤지컬,2,0.6666666666666666
손건우,연극,1,0.3333333333333333
손경락,연극,1,1.0
손경림,연극,1,1.0
손경성,연극,2,1.0
손경주,기악,1,1.0
손고명,연극,2,1.0
손기영,기악,1,1.0
손기태,연극,2,1.0
손기호,연극,1,1.0
손나예,현대무용,1,1.0
손난희,연극,1,1.0
손남목,뮤지컬,1,0.5
손남목,연극,1,0.5
손남욱,연극,1,1.0
손님,악극,1,1.0
손다경,기악,1,1.0
손다영,기악,1,1.0
손다혜,기악,1,0.3333333333333333
손다혜,뮤지컬,1,0.3333333333333333
손다혜,악극,1,0.3333333333333333
손대원,연극,1,1.0
손동철,성악,1,1.0
손명균,기악,2,1.0
손명희,기악,1,1.0
손무정,기악,1,1.0
손미나,연극,1,1.0
손미란,연극,1,1.0
손미리,연극,1,1.0
손미선,성악,1,1.0
손민광,연극,2,1.0
손민규,뮤지컬,1,1.0
손민수,기악,6,0.8571428571428571
손민수,성악,1,0.14285714285714285
손민주,기악,1,0.5
손민주,연희,1,0.5
손민혜,뮤지컬,1,1.0
손민호,성악,2,1.0
손민희,연극,1,1.0
손배영,뮤지컬,1,1.0
손범수,기악,1,1.0
손상은,뮤지컬,2,1.0
손상훈,연극,2,1.0
손새하,기악,1,1.0
손서인,연극,3,1.0
손석배,넌버벌 퍼포먼스,1,1.0
손선근,연극,1,1.0
손성국,기악,1,1.0
손성래,오페라,1,1.0
손성제,대중가요,1,1.0
손성찬,연극,1,1.0
손성호,연극,3,1.0
손세아,기악,1,1.0
손세인,연극,1,1.0
손세창,성악,1,1.0
손세희,한국무용,1,1.0
손소이,기악,1,1.0
손수경,연극,1,1.0
손수민,뮤지컬,3,1.0
손수연,오페라,2,1.0
손숙,연극,4,1.0
손승리,발레,1,1.0
손승범,성악,1,1.0
손승연,뮤지컬,1,1.0
손아인,기악,2,1.0
손연지,오페라,2,1.0
손열음,기악,25,0.9615384615384616
손열음,성악,1,0.038461538461538464
손영규,연극,1,1.0
손영림,연극,1,1.0
손예슬,뮤지컬,1,1.0
손예은,연극,1,1.0
손우정,연극,2,1.0
손우혁,연극,2,1.0
손원정,연극,2,1.0
손유경,성악,2,1.0
손유동,뮤지컬,2,1.0
손유민,연극,1,1.0
손유희,발레,2,1.0
손윤필,연극,1,1.0
손은영,기악,1,1.0
손은재,뮤지컬,1,0.3333333333333333
손은재,악극,1,0.3333333333333333
손은재,연극,1,0.3333333333333333
손은정,기악,1,1.0
손은총,연극,1,1.0
손인경,성악,1,1.0
손인수,연극,1,1.0
손인영,한국무용,1,1.0
손재원,연극,1,1.0
손재익,연극,1,1.0
손정범,기악,2,1.0
손정수,기타,1,0.3333333333333333
손정수,대중가요,1,0.3333333333333333
손정수,서커스/마술,1,0.3333333333333333
손정아,성악,1,0.5
손정아,오페라,1,0.5
손정우,뮤지컬,1,0.16666666666666666
손정우,연극,5,0.8333333333333334
손정욱,연극,1,1.0
손정현,현대무용,2,1.0
손제영,기악,1,1.0
손제학,뮤지컬,2,0.6666666666666666
손제학,연극,1,0.3333333333333333
손종희,기악,1,1.0
손주앙,기악,2,0.6666666666666666
손주앙,성악,1,0.3333333333333333
손주연,현대무용,1,1.0
손주원,연극,1,1.0
손주은,오페라,1,1.0
손준호,뮤지컬,5,0.7142857142857143
손준호,성악,1,0.14285714285714285
손준호,연극,1,0.14285714285714285
손지민,연극,1,1.0
손지수,기악,1,0.25
손지수,성악,2,0.5
손지수,오페라,1,0.25
손지애,뮤지컬,2,1.0
손지원,연극,3,1.0
손지윤,연극,2,1.0
손지현,기악,1,0.3333333333333333
손지현,뮤지컬,1,0.3333333333333333
손지현,성악,1,0.3333333333333333
손지형,연극,3,1.0
손지혜,기악,1,1.0
손진아,기악,1,1.0
손진영,연극,1,1.0
손진책,마당극,1,0.5
손진책,연극,1,0.5
손진환,연극,1,1.0
손찬성,연극,2,1.0
손철주,연희,1,1.0
손철호,오페라,2,1.0
손치현,뮤지컬,5,1.0
손치호,기악,1,1.0
손태진,오페라,3,1.0
손택근,연극,1,1.0
손하늘,기악,2,1.0
손한요,기악,1,1.0
손해장,연희,1,1.0
손헤수,기악,1,1.0
손혁,넌버벌 퍼포먼스,1,1.0
손현,성악,1,1.0
손현규,연극,3,1.0
손현정,뮤지컬,1,1.0
손현주,기악,1,1.0
손현준,연극,1,1.0
손현지,연극,1,1.0
손현진,뮤지컬,3,1.0
손형민,연극,1,1.0
손혜림,기악,2,1.0
손혜미,기악,1,1.0
손혜수,기악,1,0.14285714285714285
손혜수,성악,3,0.42857142857142855
손혜수,오페라,3,0.42857142857142855
손혜은,오페라,2,1.0
손호석,뮤지컬,4,1.0
손호성,연극,6,1.0
손호영,대중가요,1,0.5
손호영,뮤지컬,1,0.5
손호용,기악,1,1.0
손호원,뮤지컬,1,1.0
손홍민,뮤지컬,1,1.0
손효창,기악,1,1.0
손희남,연극,2,1.0
손희원,연극,1,1.0
송가인,대중가요,7,1.0
송갑석,뮤지컬,1,1.0
송강수,혼합,1,1.0
송경근,기악,1,0.5
송경근,악극,1,0.5
송경철,연극,1,1.0
송경훈,기악,1,1.0
송광일,마임,1,0.125
송광일,뮤지컬,1,0.125
송광일,연극,6,0.75
송근욱,연극,1,1.0
송근혁,기악,1,1.0
송기조,연극,3,1.0
송기종,연극,1,1.0
송기혁,혼합,1,1.0
송기호,연극,2,1.0
송길호,연극,1,1.0
송난영,성악,1,1.0
송다민,서커스/마술,1,1.0
송다영,연극,1,1.0
송다윤,기악,1,1.0
송단비,악극,1,1.0
송대관,대중가요,2,1.0
송대명,연극,2,1.0
송동윤,악극,1,1.0
송명기,연극,2,1.0
송명민,기악,2,1.0
송명숙,기악,1,1.0
송명욱,연극,1,1.0
송명인,연극,1,1.0
송명훈,기악,1,1.0
송문선,뮤지컬,2,1.0
송미경,뮤지컬,2,1.0
송미진,연극,1,1.0
송미호,기악,1,1.0
송민국,뮤지컬,1,1.0
송민선,뮤지컬,2,1.0
송민정,기악,2,1.0
송민제,기악,5,1.0
송민종,연극,1,1.0
송민준,대중가요,1,1.0
송민태,성악,1,1.0
송병철,뮤지컬,1,0.3333333333333333
송병철,연극,2,0.6666666666666666
송보라,성악,3,1.0
송보민,연극,1,1.0
송보은,기악,1,1.0
송선미,기악,1,0.3333333333333333
송선미,성악,2,0.6666666666666666
송선아,성악,1,0.3333333333333333
송선아,오페라,2,0.6666666666666666
송성록,성악,1,1.0
송성철,오페라,1,1.0
송성훈,기악,1,1.0
송세빈,발레,1,1.0
송소란,성악,1,1.0
송소윤,기악,1,1.0
송소희,성악,4,1.0
송송희,현대무용,2,1.0
송수미,기악,1,1.0
송수연,연희,1,1.0
송수현,뮤지컬,1,1.0
송순규,성악,1,1.0
송순단,혼합,1,1.0
송순섭,성악,1,1.0
송순옥,연극,1,1.0
송승민,기악,1,1.0
송승연,성악,1,1.0
송승현,기악,2,1.0
송승호,기타,1,0.3333333333333333
송승호,한국무용,1,0.3333333333333333
송승호,혼합,1,0.3333333333333333
송승환,넌버벌 퍼포먼스,1,0.3333333333333333
송승환,연극,2,0.6666666666666666
송시준,성악,1,1.0
송연화,기악,1,1.0
송영길,뮤지컬,3,1.0
송영미,뮤지컬,1,0.5
송영미,연극,1,0.5
송영민,기악,22,1.0
송영수그 이인호,인형극,1,1.0
송영숙,연극,1,1.0
송영우,기타,1,1.0
송영인,기악,1,1.0
송영재,연극,1,1.0
송영주,대중가요,1,0.3333333333333333
송영주,재즈/월드뮤직,2,0.6666666666666666
송영현,기악,2,1.0
송영훈,기악,8,0.8888888888888888
송영훈,뮤지컬,1,0.1111111111111111
송용섭,연극,1,1.0
송용식,연극,1,1.0
송용진,뮤지컬,2,1.0
송용창,재즈/월드뮤직,1,1.0
송원근,뮤지컬,6,1.0
송유섭,뮤지컬,1,1.0
송유식,연극,1,1.0
송유진,기악,2,0.6666666666666666
송유진,연극,1,0.3333333333333333
송유택,뮤지컬,3,0.75
송유택,연극,1,0.25
송윤석,연극,1,1.0
송윤지,기악,2,1.0
송윤진,성악,1,1.0
송은도,뮤지컬,2,0.6666666666666666
송은도,연극,1,0.3333333333333333
송은비,연극,1,1.0
송은석,연극,1,1.0
송은정,기악,1,0.5
송은정,인형극,1,0.5
송은지,연극,3,1.0
송은진,기악,1,1.0
송은희,성악,1,1.0
송이,연극,1,1.0
송이원,연극,2,1.0
송인성,연극,1,1.0
송인호,기악,1,1.0
송인훈,뮤지컬,1,1.0
송일국,뮤지컬,1,1.0
송재경,기악,2,1.0
송재호,뮤지컬,1,1.0
송재훈,성악,1,1.0
송정,기악,1,1.0
송정민,기악,8,1.0
송정빈,발레,1,1.0
송정아,성악,3,0.75
송정아,연극,1,0.25
송정안,연극,3,1.0
송정연,기악,1,1.0
송정우,연극,3,1.0
송정하,오페라,1,1.0
송정희,성악,1,0.3333333333333333
송정희,연극,2,0.6666666666666666
송주리,뮤지컬,5,1.0
송주연,기악,2,0.6666666666666666
송주연,뮤지컬,1,0.3333333333333333
송주영,발레,1,1.0
송주원,한국무용,1,0.5
송주원,현대무용,1,0.5
송주호,기악,2,1.0
송준서,재즈/월드뮤직,3,1.0
송준승,연극,1,1.0
송준영,재즈/월드뮤직,3,1.0
송지나,연극,1,1.0
송지민,연극,1,1.0
송지선,성악,1,1.0
송지수,뮤지컬,1,1.0
송지아,대중가요,1,1.0
송지언,연극,1,1.0
송지연,오페라,1,1.0
송지원,기악,8,0.8888888888888888
송지원,성악,1,0.1111111111111111
송지은,연극,1,0.5
송지은,오페라,1,0.5
송지인,연극,1,1.0
송지헌,뮤지컬,1,1.0
송지현,기악,1,0.5
송지현,연극,1,0.5
송지훈,뮤지컬,1,1.0
송진,발레,2,1.0
송채원,기악,1,1.0
송천영,연극,2,1.0
송치경,기악,1,1.0
송치훈,연극,1,1.0
송태진,기악,1,1.0
송태환,악극,1,0.5
송태환,연극,1,0.5
송하림,연극,1,1.0
송하연,재즈/월드뮤직,1,1.0
송하영,뮤지컬,1,0.5
송하영,연극,1,0.5
송하예,대중가요,1,1.0
송하준,연극,1,1.0
송하철,재즈/월드뮤직,1,1.0
송한샘,뮤지컬,3,0.75
송한샘,연극,1,0.25
송한얼,기악,1,1.0
송항현,기악,1,1.0
송헤주,기악,1,1.0
송현승,한국무용,2,1.0
송현옥,연극,1,1.0
송현우,기악,1,1.0
송현욱,기악,1,1.0
송현정,기악,1,0.5
송현정,성악,1,0.5
송현주,기악,1,0.5
송현주,성악,1,0.5
송현지,뮤지컬,1,1.0
송현창,연극,2,1.0
송형원,연극,1,1.0
송형종,연극,1,1.0
송혜선,뮤지컬,1,1.0
송혜은,기악,1,1.0
송혜주,기악,1,1.0
송혜진,성악,1,1.0
송호섭,기악,4,1.0
송화정,연극,1,1.0
송화현,기악,2,1.0
송효섭,기악,1,1.0
송효진,뮤지컬,1,1.0
송훈상,연극,3,1.0
송휘성,뮤지컬,1,1.0
송희근,기악,2,1.0
송희송,기악,1,1.0
송희영,기악,1,1.0
송희진,뮤지컬,1,0.5
송희진,연극,1,0.5
숀 드래빗,재즈/월드뮤직,1,1.0
수렌 바그라투니,기악,1,1.0
수호,뮤지컬,1,1.0
숙행,대중가요,6,1.0
순우경,연극,1,1.0
순지선,기악,1,1.0
슐러 헨슬리,뮤지컬,1,1.0
스뱌트끼나,기타,1,1.0
스뱌트킨,기타,1,1.0
스베틀린 루세브,기악,2,1.0
스캇 슈왈츠,뮤지컬,1,1.0
스테파노 마시니,연극,1,1.0
스텔라장,대중가요,1,1.0
스티븐 돌기노프,뮤지컬,1,1.0
슬릭,대중가요,1,1.0
승경훈,기악,2,1.0
승지나,기악,1,1.0
승하철,재즈/월드뮤직,1,1.0
시노스케 다카하시,기악,2,1.0
시도,대중가요,1,1.0
시몬 트렙체스키,기악,1,1.0
시아란 힌즈,연극,1,1.0
시에라 보게스,뮤지컬,1,1.0
시오반 스탁그,기악,1,1.0
시현정,오페라,1,1.0
신강수,연극,1,1.0
신경도,연극,3,1.0
신경민,연극,1,1.0
신경섭,뮤지컬,1,1.0
신경식,기악,1,1.0
신경헤,연극,1,1.0
신경혜,뮤지컬,1,0.5
신경혜,연극,1,0.5
신고은,뮤지컬,2,1.0
신관웅,재즈/월드뮤직,2,1.0
신광일,대중가요,1,1.0
신광현,연극,2,1.0
신광희,뮤지컬,2,0.5
신광희,연극,2,0.5
신구,연극,9,1.0
신규란,기악,1,1.0
신규식,성악,2,1.0
신그린,연극,1,1.0
신금숙,연극,1,1.0
신금호,오페라,1,1.0
신기원,연극,1,1.0
신기주,뮤지컬,2,1.0
신나경,기악,1,1.0
신날새,기악,1,1.0
신남섭,성악,1,1.0
신다영,연극,1,1.0
신덕규,연극,3,1.0
신동근,뮤지컬,1,1.0
신동민,연극,1,1.0
신동선,연극,5,1.0
신동열,기악,1,1.0
신동엽,한국무용,1,1.0
신동원,성악,2,1.0
신동은,뮤지컬,2,0.6666666666666666
신동은,연극,1,0.3333333333333333
신동일,기악,4,0.5
신동일,뮤지컬,1,0.125
신동일,연극,1,0.125
신동일,오페라,1,0.125
신동일,혼합,1,0.125
신동재,기악,1,1.0
신동준,연극,3,1.0
신동진,재즈/월드뮤직,5,1.0
신동찬,연극,4,1.0
신동하,재즈/월드뮤직,1,1.0
신동혁,연극,1,1.0
신동호,기악,1,1.0
신명민,연극,3,1.0
신명섭,재즈/월드뮤직,5,1.0
신명욱,기악,1,1.0
신명준,오페라,2,1.0
신명진,기악,1,1.0
신문범,연희,1,1.0
신문성,연극,2,1.0
신미경,발레,1,1.0
신미림,기악,1,1.0
신미정,기악,1,1.0
신민경,기악,1,0.5
신민경,연극,1,0.5
신민규,기악,1,0.2
신민규,연극,3,0.6
신민규,현대무용,1,0.2
신민섭,뮤지컬,1,0.5
신민섭,연극,1,0.5
신민원,오페라,1,1.0
신민정,기악,1,0.3333333333333333
신민정,오페라,2,0.6666666666666666
신민희,뮤지컬,1,1.0
신병기,기악,2,0.6666666666666666
신병기,성악,1,0.3333333333333333
신병준,기타,1,1.0
신보경,대중가요,1,0.5
신보경,연극,1,0.5
신보문,현대무용,1,1.0
신봄이,기악,1,1.0
신사랑,연극,2,1.0
신상근,기악,4,0.4444444444444444
신상근,성악,3,0.3333333333333333
신상근,오페라,2,0.2222222222222222
신상민,뮤지컬,1,1.0
신상언,뮤지컬,1,1.0
신상옥,기악,1,1.0
신상웅,연극,1,1.0
신상일,기악,1,1.0
신상준,기악,1,1.0
신상훈,연극,1,1.0
신새봄,뮤지컬,1,1.0
신새연,연극,1,1.0
신서율,기악,1,1.0
신서진,연극,4,1.0
신선경,재즈/월드뮤직,1,1.0
신선섭,오페라,1,1.0
신선영,연극,1,1.0
신선호,뮤지컬,1,1.0
신성,대중가요,2,1.0
신성록,넌버벌 퍼포먼스,1,0.16666666666666666
신성록,뮤지컬,5,0.8333333333333334
신성민,뮤지컬,1,0.5
신성민,연극,1,0.5
신성우,뮤지컬,1,1.0
신성희,기악,8,0.7272727272727273
신성희,성악,1,0.09090909090909091
신성희,오페라,2,0.18181818181818182
신세윤,연극,2,1.0
신세지,연극,1,1.0
신소연,기악,1,0.5
신소연,연극,1,0.5
신소영,기악,2,0.6666666666666666
신소영,성악,1,0.3333333333333333
신소이,재즈/월드뮤직,1,1.0
신수영,기악,1,1.0
신수정,연희,1,1.0
신수진,뮤지컬,3,1.0
신수현,기악,1,0.5
신수현,연극,1,0.5
신숙희,뮤지컬,1,0.3333333333333333
신숙희,연극,2,0.6666666666666666
신슬아,기악,1,1.0
신승렬,연극,3,1.0
신승민,기악,1,0.5
신승민,현대무용,1,0.5
신승아,성악,2,0.6666666666666666
신승아,오페라,1,0.3333333333333333
신승연,연극,1,1.0
신승원,발레,1,1.0
신승은,대중가요,1,1.0
신승태,기악,1,0.3333333333333333
신승태,성악,1,0.3333333333333333
신승태,혼합,1,0.3333333333333333
신승환,기악,1,1.0
신시아,연극,2,1.0
신시우,뮤지컬,1,1.0
신시현,뮤지컬,1,1.0
신아라,기악,1,0.3333333333333333
신아라,연극,2,0.6666666666666666
신아람,재즈/월드뮤직,1,1.0
신아름,연극,1,1.0
신아현,기악,1,1.0
신안진,연극,2,1.0
신애경,성악,1,1.0
신양주,연극,1,1.0
신여숙,뮤지컬,1,1.0
신연미,연극,1,1.0
신연식,성악,1,1.0
신연재,연극,1,1.0
신영민,연극,1,1.0
신영선,오페라,1,1.0
신영섭,연극,3,1.0
신영숙,넌버벌 퍼포먼스,1,0.08333333333333333
신영숙,뮤지컬,10,0.8333333333333334
신영숙,혼합,1,0.08333333333333333
신영옥,기악,1,0.5
신영옥,성악,1,0.5
신영은,연극,1,1.0
신영희,성악,4,1.0
신예진,뮤지컬,2,1.0
신예찬,대중가요,1,1.0
신용빈,연극,2,1.0
신용휴,기악,1,1.0
신우,연극,1,1.0
신욱,연극,2,1.0
신원민,현대무용,2,1.0
신원섭,기악,1,1.0
신유,대중가요,2,1.0
신유섭,기타,1,1.0
신유식,연희,1,1.0
신유주,연극,1,1.0
신유진,대중가요,1,1.0
신유철,연극,1,1.0
신유청,연극,3,1.0
신윤경,기악,1,1.0
신윤수,연극,1,1.0
신윤원,기악,1,1.0
신윤지,연극,1,1.0
신윤철,연극,1,1.0
신은경,뮤지컬,2,1.0
신은미,연극,1,1.0
신은석,현대무용,1,1.0
신은정,악극,1,1.0
신은주,현대무용,1,1.0
신은지,연극,1,1.0
신은진,기악,1,1.0
신은총,뮤지컬,1,1.0
신은혜,기악,1,0.5
신은혜,성악,1,0.5
신의정,뮤지컬,2,1.0
신의호,뮤지컬,1,1.0
신이랑,연극,1,1.0
신이은,기악,1,1.0
신익훈,연극,1,1.0
신인선,대중가요,2,0.4
신인선,인형극,3,0.6
신인철,연극,1,1.0
신장환,연극,1,1.0
신재,연극,2,1.0
신재서,연극,1,1.0
신재선,악극,1,1.0
신재열,뮤지컬,1,1.0
신재현,뮤지컬,1,1.0
신재호,기타,1,1.0
신재홍,뮤지컬,1,1.0
신재환,연극,2,1.0
신재훈,기악,1,0.25
신재훈,뮤지컬,1,0.25
신재훈,연극,1,0.25
신재훈,혼합,1,0.25
신재희,뮤지컬,1,0.5
신재희,현대무용,1,0.5
신정만,연극,3,1.0
신정순,성악,1,1.0
신정연,연극,1,1.0
신정옥,연극,1,1.0
신정윤,연극,1,1.0
신정은,연극,2,1.0
신정혜,기악,1,1.0
신정화,뮤지컬,1,1.0
신정훈,넌버벌 퍼포먼스,1,0.5
신정훈,연극,1,0.5
신종호,성악,1,1.0
신주련,성악,1,1.0
신주연,기악,2,1.0
신주현,연극,2,1.0
신주협,뮤지컬,1,1.0
신주훈,연극,2,1.0
신준민,연극,1,1.0
신준일,연극,1,1.0
신준희,기악,2,1.0
신지국,대중가요,1,1.0
신지수,연극,1,1.0
신지아,기악,2,0.6666666666666666
신지아,기타,1,0.3333333333333333
신지연,기악,1,0.25
신지연,성악,1,0.25
신지연,연극,2,0.5
신지예,연극,1,1.0
신지용,기악,1,1.0
신지원,연극,2,1.0
신지은,뮤지컬,1,1.0
신지인,연극,1,1.0
신지철,연극,3,1.0
신지향,성악,1,1.0
신지현,기악,1,1.0
신지혜,기악,2,0.4
신지혜,연극,2,0.4
신지혜,한국무용,1,0.2
신지화,오페라,1,1.0
신지훈,연극,2,1.0
신지희,기악,1,0.5
신지희,성악,1,0.5
신진영,연극,1,1.0
신진원,성악,1,1.0
신진호,연극,6,1.0
신창렬,한국무용,1,0.5
신창렬,혼합,1,0.5
신창소,현대무용,1,1.0
신창열,기악,1,1.0
신창용,기악,2,1.0
신창주,뮤지컬,2,0.6666666666666666
신창주,연극,1,0.3333333333333333
신채이,기악,1,1.0
신천옹,뮤지컬,2,1.0
신철진,연극,1,1.0
신춘수,뮤지컬,3,1.0
신태양,연극,2,1.0
신하빈,뮤지컬,1,1.0
신하은,연극,1,1.0
신한샘,연극,1,1.0
신해수,현대무용,1,1.0
신해윤,연극,1,1.0
신해은,연극,1,1.0
신헤정,연극,1,1.0
신현경,연극,1,1.0
신현규,연극,1,1.0
신현묵,뮤지컬,1,0.5
신현묵,연극,1,0.5
신현상,연극,1,1.0
신현선,성악,1,0.5
신현선,오페라,1,0.5
신현숙,연희,1,1.0
신현식,혼합,1,1.0
신현욱,성악,1,1.0
신현종,연극,1,1.0
신현주,연극,1,1.0
신현필,재즈/월드뮤직,4,1.0
신혜미,기악,1,1.0
신혜원,기악,1,0.5
신혜원,뮤지컬,1,0.5
신혜지,연극,2,1.0
신혜진,현대무용,1,1.0
신호,연극,3,1.0
신호연,기악,1,1.0
신호영,현대무용,1,1.0
신호용,뮤지컬,1,1.0
신홍우,연극,1,1.0
신화철,연극,1,1.0
신황철,연극,1,1.0
신효건,기악,1,1.0
신효근,연극,1,1.0
신효림,뮤지컬,1,1.0
신효범,대중가요,1,1.0
신효정,기악,1,1.0
신효진,기악,1,0.5
신효진,연극,1,0.5
신희라,기악,1,1.0
신희선,기악,2,1.0
신희진,연극,4,1.0
심관섭,기악,3,1.0
심규민,재즈/월드뮤직,6,1.0
심규현,연극,2,1.0
심규호,기악,3,1.0
심금호,오페라,1,1.0
심다혜,오페라,1,1.0
심미란,연극,4,1.0
심미성,연극,1,1.0
심민섭,연극,1,1.0
심민희,연극,1,1.0
심보라미,기악,1,1.0
심상교,연극,1,1.0
심상욱,뮤지컬,1,1.0
심상학,연극,2,1.0
심새인,연극,1,0.5
심새인,현대무용,1,0.5
심선민,기악,6,1.0
심선화,연극,1,1.0
심설인,뮤지컬,1,1.0
심소라,혼합,1,1.0
심소영,연극,1,1.0
심수봉,대중가요,1,1.0
심수연,현대무용,1,1.0
심수영,연극,1,1.0
심시원,뮤지컬,6,1.0
심안나,연극,1,1.0
심연주,악극,2,0.5
심연주,연극,2,0.5
심영섭,기악,1,0.5
심영섭,연극,1,0.5
심옥식,기악,1,1.0
심완,뮤지컬,2,1.0
심완준,연극,2,1.0
심우선,연극,2,1.0
심우섭,연극,1,1.0
심우성,뮤지컬,2,0.6666666666666666
심우성,연극,1,0.3333333333333333
심운정,기악,1,1.0
심원석,연극,3,1.0
심윤정,뮤지컬,1,1.0
심은별,기악,1,1.0
심은주,기악,1,1.0
심재광,기악,1,1.0
심재련,대중가요,1,1.0
심재성,넌버벌 퍼포먼스,1,0.5
심재성,뮤지컬,1,0.5
심재완,연극,1,1.0
심재욱,연극,1,1.0
심재찬,연극,1,1.0
심재현,뮤지컬,1,1.0
심재호,현대무용,2,1.0
심정은,연극,3,1.0
심준복,성악,1,1.0
심준호,기악,8,0.8888888888888888
심준호,성악,1,0.1111111111111111
심지유,연극,1,1.0
심지윤,기악,1,1.0
심지후,성악,1,0.3333333333333333
심지후,연극,2,0.6666666666666666
심진,연극,1,1.0
심진경,연극,1,1.0
심채선,연극,1,0.5
심채선,인형극,1,0.5
심현미,연극,1,1.0
심현희,발레,1,1.0
심형우,연극,3,1.0
심희진,기악,1,1.0
싱성호,연극,1,1.0
아누 탈리,기악,1,1.0
아누탈리,기악,1,1.0
아돌프 아당,발레,2,1.0
아드리앙 페뤼숑,기악,2,1.0
아드리엘 김,기악,1,1.0
아렌트 흐로스펠트,기악,1,0.5
아렌트 흐로스펠트,성악,1,0.5
아리엘,재즈/월드뮤직,1,1.0
아리현,기타,1,0.25
아리현,대중가요,1,0.25
아리현,뮤지컬,2,0.5
아비람 라이케르트,기악,2,1.0
아윤석,기악,1,1.0
아이비,뮤지컬,2,1.0
아일,대중가요,1,1.0
안가을,기악,1,1.0
안건우,연극,1,1.0
안겸,현대무용,1,1.0
안경모,발레,1,0.5
안경모,현대무용,1,0.5
안국선,기악,2,1.0
안규림,연극,1,1.0
안균형,오페라,1,1.0
안꽃님,연극,1,1.0
안나 네트렙코,오페라,1,1.0
안남근,발레,1,0.5
안남근,현대무용,1,0.5
안다은,대중가요,2,1.0
안대성,오페라,1,1.0
안대원,연극,1,1.0
안대천,연희,2,0.6666666666666666
안대천,혼합,1,0.3333333333333333
안대현,기악,1,0.5
안대현,오페라,1,0.5
안덕용,연극,1,1.0
안동영,성악,3,1.0
안동호,기악,2,1.0
안두현,기악,3,1.0
안두호,뮤지컬,3,0.75
안두호,연극,1,0.25
안드레,뮤지컬,1,1.0
안드레아스 에렛,기악,1,1.0
안드레이 그리고리예프,기악,1,0.5
안드레이 그리고리예프,성악,1,0.5
안드레이 도가딘,기악,1,1.0
안드리스 넬슨스,기악,1,1.0
안드리야 파블로빅,기악,1,1.0
안로검,연극,1,1.0
안명주,기악,5,1.0
안미경,연극,1,1.0
안미영,연극,3,1.0
안미현,기악,1,1.0
안민열,연극,2,1.0
안민정,기악,1,1.0
안병각,기악,1,1.0
안병식,연극,3,1.0
안병찬,연극,1,1.0
안보리,연극,1,1.0
안사라,기타,1,1.0
안상민,연극,1,1.0
안상완,연극,3,1.0
안상우,연극,1,1.0
안상욱,혼합,1,1.0
안상훈,연극,1,1.0
안서희,연극,1,1.0
안석진,기악,1,1.0
안석환,연극,1,1.0
안선영,성악,1,1.0
안선정,연극,1,1.0
안선제,연극,1,1.0
안성수,현대무용,1,1.0
안성윤,기악,1,1.0
안성찬,연극,1,1.0
안성채,연극,1,1.0
안성필,기악,1,1.0
안성헌,연극,1,1.0
안성현,성악,1,0.5
안성현,연극,1,0.5
안성혜,연극,1,1.0
안성희,기악,1,1.0
안세인,연극,1,1.0
안세형,연극,2,1.0
안세훈,기악,7,1.0
안소연,기악,1,0.25
안소연,뮤지컬,2,0.5
안소연,연극,1,0.25
안소영,연극,4,0.8
안소영,오페라,1,0.2
안소정,악극,1,0.5
안소정,연극,1,0.5
안소현,기악,1,0.3333333333333333
안소현,뮤지컬,1,0.3333333333333333
안소현,연극,1,0.3333333333333333
안솔희,기악,1,1.0
안수경,기악,1,1.0
안수민,기악,1,0.5
안수민,연극,1,0.5
안수정,성악,1,1.0
안수현,뮤지컬,1,1.0
안수호,연극,1,1.0
안숙선,성악,4,0.6666666666666666
안숙선,창극,1,0.16666666666666666
안숙선,혼합,1,0.16666666666666666
안순성,연극,1,1.0
안스완,연극,1,1.0
안승원,연극,1,1.0
안시원,연극,1,1.0
안신영,기악,1,1.0
안애순,현대무용,1,1.0
안에스더,연극,1,1.0
안연주,연극,1,1.0
안영은,뮤지컬,4,0.6666666666666666
안영은,연극,2,0.3333333333333333
안영주,기악,2,1.0
안영지,기악,1,1.0
안예슬,연극,1,1.0
안예은,대중가요,2,0.6666666666666666
안예은,연극,1,0.3333333333333333
안예진,기악,1,1.0
안예찬,성악,1,1.0
안온유,기악,1,1.0
안왕기,연극,3,1.0
안용세,연극,1,1.0
안용주,기악,5,1.0
안용헌,기악,1,1.0
안우정,기악,1,1.0
안원석,대중가요,1,0.5
안원석,재즈/월드뮤직,1,0.5
안유민,연극,1,1.0
안유안,뮤지컬,1,1.0
안유정,연극,2,1.0
안유진,뮤지컬,1,0.25
안유진,연극,1,0.25
안유진,현대무용,2,0.5
안윤국,연극,1,1.0
안윤철,연극,2,1.0
안율,연극,1,1.0
안은경,기악,1,1.0
안은샘,연극,1,1.0
안은실,기악,1,1.0
안은영,악극,1,1.0
안은지,기악,1,1.0
안이호,성악,1,1.0
안인모,기악,2,1.0
안일구,기악,2,1.0
안자영,뮤지컬,2,1.0
안재구,연극,1,1.0
안재영,뮤지컬,4,1.0
안재욱,연극,1,1.0
안재필,대중가요,1,1.0
안재혁,연극,2,1.0
안재형,연극,1,1.0
안정덕,대중가요,1,0.5
안정덕,재즈/월드뮤직,1,0.5
안정모,마임,1,1.0
안정민,연극,1,1.0
안정아,기악,1,1.0
안제홍,연극,1,1.0
안젤로 델 베키오,뮤지컬,1,1.0
안종도,기악,2,1.0
안종민,기악,1,0.3333333333333333
안종민,뮤지컬,1,0.3333333333333333
안종민,재즈/월드뮤직,1,0.3333333333333333
안종현,기악,2,1.0
안주연,연극,1,1.0
안주은,오페라,1,1.0
안준영,뮤지컬,2,0.4
안준영,연극,3,0.6
안준용,기악,1,1.0
안준원,연극,1,1.0
안준형,뮤지컬,1,1.0
안준호,연극,1,1.0
안중언,연극,2,1.0
안중현,연극,2,1.0
안지영,연극,1,0.5
안지영,현대무용,1,0.5
안지용,기악,1,1.0
안지원,기악,1,1.0
안지윤,연극,1,1.0
안지은,기악,1,0.5
안지은,연극,1,0.5
안지현,연극,2,1.0
안지형,현대무용,2,1.0
안지혜,현대무용,1,1.0
안지환,뮤지컬,1,0.3333333333333333
안지환,오페라,2,0.6666666666666666
안진,기악,1,1.0
안진영,뮤지컬,1,1.0
안진희,기악,1,1.0
안창민,기악,1,1.0
안창용,뮤지컬,5,1.0
안창현,연극,1,1.0
안치운,연극,1,1.0
안치은,성악,1,1.0
안치환,대중가요,1,1.0
안태규,연극,5,1.0
안태랑,연극,1,1.0
안태영,연극,1,1.0
안태원,현대무용,1,1.0
안태준,연극,1,1.0
안톤 지바예,기악,1,1.0
안하윤,한국무용,1,1.0
안헤민,연극,1,1.0
안혁원,뮤지컬,1,0.5
안혁원,연극,1,0.5
안현,연극,1,1.0
안현경,연극,1,1.0
안현민,현대무용,1,1.0
안현배,기타,1,1.0
안현석,뮤지컬,2,1.0
안현우,연극,1,1.0
안현정,연극,2,1.0
안현주,뮤지컬,1,1.0
안현준,기타,1,1.0
안혜경,연극,1,1.0
안혜리,기악,1,1.0
안혜수,기악,3,1.0
안효원,연극,1,1.0
안효정,기악,1,1.0
안희도,성악,1,1.0
안희성,연극,1,1.0
안희은,오페라,1,1.0
안희진,기악,1,1.0
안희찬,기악,2,1.0
안희철,연극,2,1.0
알도사리 압둘라,연극,1,1.0
알렉 쉬친,기악,1,1.0
알렉산더 라자레프,기악,2,1.0
알렉산더 람,기악,1,1.0
알렉산더 소모프,기악,1,1.0
알렉산더 크라포브스키,기악,1,1.0
알렉상드르 바티,기악,1,1.0
알렉세이 볼로딘,기악,1,1.0
알렉스,기악,1,1.0
알렉스 시피아긴,재즈/월드뮤직,1,1.0
알렉스 헨슨,뮤지컬,1,1.0
알리나 코조카루,발레,2,1.0
알피 보,뮤지컬,1,1.0
앙리 마티스,기악,1,1.0
애덤 고들리,연극,1,1.0
애리,대중가요,1,1.0
앤드루 위밍 마,기악,1,1.0
앤드류 로이드 웨버,뮤지컬,2,1.0
앤드류 배,기악,1,1.0
앤드류 브래딕,기악,1,1.0
앤드류 타이슨,기악,1,1.0
앨리스 배트,뮤지컬,2,1.0
야닉 네제-세겐,오페라,1,1.0
야로스와브 돔잘,기악,1,1.0
양경아,기악,1,0.5
양경아,성악,1,0.5
양경웅,연극,1,1.0
양경원,연극,1,1.0
양경현,연극,2,1.0
양고운,기악,2,1.0
양권석,연극,2,1.0
양근석,넌버벌 퍼포먼스,1,1.0
양근아,연극,2,1.0
양근애,연극,1,1.0
양근화,오페라,1,1.0
양금석,연극,1,1.0
양기찬,연극,1,1.0
양기훈,기악,1,0.3333333333333333
양기훈,성악,2,0.6666666666666666
양길모,뮤지컬,1,1.0
양길순,한국무용,1,1.0
양나영,연극,1,1.0
양대국,연극,1,1.0
양대은,연극,2,1.0
양동민,연극,1,1.0
양동선,연극,1,1.0
양동진,연극,1,1.0
양동탁,연극,2,1.0
양동환,뮤지컬,1,1.0
양두름,오페라,2,1.0
양맑은새미,기악,1,1.0
양맑은소리,기악,1,1.0
양명진,기악,1,1.0
양문수,뮤지컬,2,1.0
양미경,뮤지컬,4,1.0
양민제,기악,1,1.0
양병현,현대무용,1,1.0
양병환,연극,3,1.0
양보현,연극,2,1.0
양상아,연극,1,1.0
양서빈,연극,3,1.0
양서윤,뮤지컬,1,1.0
양서정,뮤지컬,1,0.5
양서정,연극,1,0.5
양서준,뮤지컬,1,0.25
양서준,연극,3,0.75
양석진,성악,1,0.5
양석진,오페라,1,0.5
양선용,대중가요,2,1.0
양성국,연극,1,1.0
양성식,기악,2,1.0
양성옥,한국무용,1,1.0
양성원,기악,15,1.0
양성태,뮤지컬,1,1.0
양성필,한국무용,1,1.0
양성훈,연극,2,1.0
양소민,연극,2,1.0
양송미,기악,1,0.14285714285714285
양송미,성악,3,0.42857142857142855
양송미,오페라,3,0.42857142857142855
양수근,뮤지컬,1,0.5
양수근,연극,1,0.5
양수빈,연극,1,1.0
양수아,연극,1,1.0
양수연,연극,1,1.0
양수원,기악,1,1.0
양수정,기악,1,1.0
양수진,기악,1,0.5
양수진,성악,1,0.5
양순덕,연극,1,1.0
양순희,현대무용,1,1.0
양슬기,기악,1,1.0
양승관,현대무용,5,1.0
양승규,기악,1,1.0
양승리,대중가요,1,0.125
양승리,뮤지컬,4,0.5
양승리,연극,3,0.375
양승빈,기악,1,1.0
양승엽,성악,3,0.75
양승엽,오페라,1,0.25
양승은,성악,1,1.0
양승주,연극,1,1.0
양승진,연극,2,1.0
양승한,연극,2,1.0
양승혜,대중가요,1,1.0
양승환,기악,1,0.25
양승환,뮤지컬,1,0.25
양승환,연극,2,0.5
양승희,기악,5,0.8333333333333334
양승희,연극,1,0.16666666666666666
양시은,뮤지컬,1,1.0
양신우,뮤지컬,1,1.0
양영아,발레,2,1.0
양영욱,기악,1,1.0
양영호,뮤지컬,2,1.0
양왕열,성악,2,1.0
양요섭,뮤지컬,1,1.0
양욱진,기악,3,1.0
양원윤,기악,1,1.0
양유진,기악,1,1.0
양윤정,기악,3,1.0
양윤희,기악,1,1.0
양은정,연극,1,1.0
양은진,연극,1,1.0
양이삭,연극,1,1.0
양인모,기악,7,1.0
양인준,기악,1,0.5
양인준,성악,1,0.5
양자경,마임,1,1.0
양자열,기악,1,1.0
양재무,기악,1,0.16666666666666666
양재무,성악,5,0.8333333333333334
양재범,연극,1,1.0
양재영,연극,1,1.0
양재진,기악,1,1.0
양재춘,기악,1,1.0
양재혁,성악,1,1.0
양정민,기악,1,0.5
양정민,마당극,1,0.5
양정아,기악,1,1.0
양정욱,연극,1,1.0
양정웅,연극,1,1.0
양정윤,기악,7,1.0
양정현,연극,2,1.0
양정화,연극,2,1.0
양제인,기악,1,1.0
양종대,오페라,1,1.0
양종윤,연극,2,1.0
양주영,연극,1,1.0
양주인,뮤지컬,2,1.0
양준모,기악,1,0.125
양준모,기타,1,0.125
양준모,뮤지컬,4,0.5
양준모,성악,2,0.25
양준영,발레,1,1.0
양준혁,대중가요,1,1.0
양지,기악,1,0.5
양지,오페라,1,0.5
양지모,연극,2,1.0
양지민,기악,2,1.0
양지선,연극,2,1.0
양지연,오페라,1,1.0
양지영,기악,1,1.0
양지욱,기악,1,1.0
양지운,연극,1,1.0
양지원,기악,1,0.1111111111111111
양지원,기타,1,0.1111111111111111
양지원,뮤지컬,7,0.7777777777777778
양지인,기악,2,1.0
양지혜,기악,1,1.0
양진규,연극,1,1.0
양진모,기타,1,0.14285714285714285
양진모,대중가요,1,0.14285714285714285
양진모,오페라,5,0.7142857142857143
양진석,현대무용,1,1.0
양진영,연극,2,0.6666666666666666
양진영,현대무용,1,0.3333333333333333
양진철,연극,1,1.0
양진춘,악극,1,1.0
양태상,연극,1,1.0
양태진,연극,1,1.0
양태훈,연극,1,1.0
양통,기악,1,1.0
양하영,대중가요,3,0.75
양하영,성악,1,0.25
양한나,기악,2,1.0
양한울,연극,1,1.0
양현석,연극,2,1.0
양현우,기악,1,1.0
양혜순,기악,6,1.0
양혜욱,뮤지컬,1,1.0
양혜원,뮤지컬,1,1.0
양혜정,넌버벌 퍼포먼스,1,1.0
양흥주,연극,1,1.0
양희경,기악,2,0.4
양희경,연극,3,0.6
양희웅,한국무용,1,1.0
양희재,발레,1,1.0
양희준,뮤지컬,2,0.5
양희준,성악,2,0.5
양희진,연희,1,1.0
어달호,오페라,1,1.0
어소정,연극,1,1.0
어연경,기악,1,1.0
어우리,연극,1,1.0
어유진,기악,2,1.0
어은정,기악,1,1.0
어인정,기악,1,1.0
어지은,기악,1,1.0
어차피,대중가요,1,1.0
어철민,기악,2,0.6666666666666666
어철민,뮤지컬,1,0.3333333333333333
언희,뮤지컬,1,1.0
엄광용,기악,1,1.0
엄규성,발레,1,1.0
엄기준,넌버벌 퍼포먼스,1,0.14285714285714285
엄기준,뮤지컬,5,0.7142857142857143
엄기준,연극,1,0.14285714285714285
엄다해,뮤지컬,1,1.0
엄담희,연극,1,1.0
엄대현,뮤지컬,1,0.5
엄대현,연극,1,0.5
엄덕영,한국무용,1,1.0
엄선민,기악,1,1.0
엄선영,뮤지컬,1,1.0
엄성현,연극,3,1.0
엄성화,성악,1,0.3333333333333333
엄성화,오페라,2,0.6666666666666666
엄예솔,연극,1,1.0
엄윤숙,기악,1,1.0
엄재두,기악,1,1.0
엄주리,기악,1,1.0
엄주빈,기악,2,1.0
엄지용,연극,1,1.0
엄진용,대중가요,1,1.0
엄태경,뮤지컬,1,1.0
엄태리,뮤지컬,2,1.0
엄태윤,기악,1,1.0
엄태준,연극,4,1.0
엄태호,연극,1,1.0
엄태훈,연극,4,1.0
엄하은,기악,1,1.0
엄현수,연극,2,1.0
엄홍현,넌버벌 퍼포먼스,1,0.14285714285714285
엄홍현,뮤지컬,6,0.8571428571428571
엄희정,기악,1,0.5
엄희정,혼합,1,0.5
에녹,뮤지컬,4,1.0
에드윈 킴,기악,1,1.0
에르완 리샤,기악,1,1.0
에리나 타카하쉬,발레,1,1.0
에릭 미야시로,기악,2,1.0
에릭 웡,기악,1,1.0
에몬,대중가요,1,1.0
에밀리 케이시,뮤지컬,1,1.0
에밀리아노 베르나고찌,기악,1,1.0
에밀리케이시,뮤지컬,1,1.0
에스더 유,기악,1,1.0
에이드리언 노블,오페라,1,1.0
에이든 반야드,뮤지컬,1,1.0
에일리,대중가요,2,1.0
엔리코파체,기악,1,1.0
엘레나 아발리안,기악,1,1.0
엘리강,성악,1,1.0
엘리나 가랑차,오페라,1,1.0
엘리사 린,오페라,1,1.0
엘리자베스 맥고리안,발레,1,1.0
여가휘,연극,1,1.0
여국군,연극,2,1.0
여근하,성악,1,1.0
여동윤,연극,3,1.0
여명효,기악,1,1.0
여미혜,기악,1,1.0
여성룡,창극,1,0.5
여성룡,현대무용,1,0.5
여시현,연극,1,1.0
여신동,성악,2,0.4
여신동,연극,3,0.6
여우린,연극,1,1.0
여윤수,기악,1,1.0
여은,뮤지컬,1,1.0
여자경,기악,10,0.7692307692307693
여자경,오페라,3,0.23076923076923078
여정윤,뮤지컬,1,1.0
여지영,연극,1,1.0
여진우,연극,1,1.0
여한나,뮤지컬,1,0.5
여한나,서커스/마술,1,0.5
여혜진,연극,3,1.0
여희명,기악,1,1.0
연광철,기악,1,1.0
연운경,연극,1,1.0
연정흠,기악,1,0.5
연정흠,혼합,1,0.5
연제준,대중가요,1,1.0
연주하,연극,1,1.0
연지아,연극,1,1.0
연지형,기악,1,1.0
연하늘,기악,2,0.5
연하늘,기타,1,0.25
연하늘,대중가요,1,0.25
연효정,기악,1,1.0
염경묵,기악,1,0.3333333333333333
염경묵,성악,2,0.6666666666666666
염기윤,연극,2,1.0
염따,대중가요,1,1.0
염성연,연극,1,1.0
염예은,뮤지컬,1,1.0
염용균,악극,3,1.0
염유리,기타,1,1.0
염재욱,연극,1,1.0
염정숙,연극,1,1.0
염정연,현대무용,1,1.0
염정윤,연극,2,1.0
염정은,연극,1,1.0
염정제,기타,1,1.0
염지혜,현대무용,1,1.0
염진솔,현대무용,1,1.0
염하린,발레,1,1.0
염현준,오페라,2,1.0
영탁,대중가요,1,1.0
예병대,연극,2,0.6666666666666666
예병대,오페라,1,0.3333333333333333
예수빈,뮤지컬,1,1.0
예수정,연극,2,1.0
예일,연극,1,1.0
예효승,기악,1,1.0
옌 친시앙,기악,1,1.0
오가빈,뮤지컬,2,1.0
오가현,기악,1,0.5
오가현,연극,1,0.5
오경록,기타,1,1.0
오경열,기악,2,1.0
오경준,창극,1,1.0
오경택,뮤지컬,1,0.3333333333333333
오경택,연극,2,0.6666666666666666
오경희,기악,1,1.0
오근영,기악,1,0.5
오근영,연극,1,0.5
오근욱,연극,3,1.0
오금희,연극,1,1.0
오기쁨,뮤지컬,1,1.0
오나영,대중가요,1,1.0
오남영,연극,2,1.0
오단해,성악,2,1.0
오대석,연극,2,1.0
오덕선,성악,1,1.0
오덕진,기악,1,1.0
오동국,성악,3,0.6
오동국,오페라,2,0.4
오동규,발레,1,0.5
오동규,연극,1,0.5
오동민,연극,1,1.0
오동준,연극,3,1.0
오동진,기타,1,1.0
오동한,재즈/월드뮤직,1,1.0
오득영,뮤지컬,1,1.0
오루피나,뮤지컬,2,1.0
오만석,뮤지컬,4,0.8
오만석,연극,1,0.2
오명준,연극,2,1.0
오문강,연극,1,1.0
오미란,연극,2,1.0
오미선,기악,2,0.3333333333333333
오미선,성악,1,0.16666666666666666
오미선,오페라,3,0.5
오미영,뮤지컬,2,1.0
오민석,연극,1,1.0
오민애,연극,1,1.0
오민영,뮤지컬,2,1.0
오범석,뮤지컬,1,1.0
오병철,기악,1,1.0
오병희,기악,2,1.0
오보경,연극,1,1.0
오보혜,연극,1,1.0
오빛나리,연극,1,1.0
오산하,뮤지컬,1,1.0
오상석,연극,1,1.0
오상운,연극,1,1.0
오상은,기악,3,0.75
오상은,연극,1,0.25
오상진,기악,3,1.0
오상택,성악,1,0.5
오상택,오페라,1,0.5
오상훈,기악,1,1.0
오새희,연극,1,1.0
오서아,연극,1,1.0
오서은,뮤지컬,3,1.0
오선미,뮤지컬,1,1.0
오설균,뮤지컬,1,0.25
오설균,연극,3,0.75
오성균,연극,1,1.0
오성민,연극,1,1.0
오성완,연극,2,1.0
오성진,연극,1,1.0
오성택,대중가요,1,0.3333333333333333
오성택,연극,1,0.3333333333333333
오성택,재즈/월드뮤직,1,0.3333333333333333
오세곤,연극,5,1.0
오세관,연극,1,1.0
오세미,연극,3,1.0
오세민,뮤지컬,1,1.0
오세영,성악,1,1.0
오세웅,대중가요,1,1.0
오세원,오페라,2,1.0
오세일,기악,2,1.0
오세정,기악,1,0.5
오세정,성악,1,0.5
오세철,연극,1,1.0
오세혁,뮤지컬,4,0.8
오세혁,연극,1,0.2
오세현,기악,1,1.0
오소라,기악,1,1.0
오소연,연극,3,1.0
오수경,연극,2,1.0
오수민,기악,1,1.0
오수빈,연극,3,1.0
오수윤,연극,1,1.0
오수현,뮤지컬,1,1.0
오수혜,연극,3,1.0
오순영,성악,1,0.5
오순영,오페라,1,0.5
오순태,연극,3,1.0
오순화,기악,2,1.0
오스모 벤스케,기악,5,1.0
오스카 해머슽타인,뮤지컬,1,1.0
오승규,기악,1,1.0
오승연,기악,1,1.0
오승은,연극,1,1.0
오승주,성악,1,1.0
오승준,기악,1,0.2
오승준,뮤지컬,1,0.2
오승준,악극,1,0.2
오승준,연극,2,0.4
오승현,연극,3,1.0
오승훈,뮤지컬,1,1.0
오승희,기악,1,1.0
오신영,기악,1,0.3333333333333333
오신영,성악,1,0.3333333333333333
오신영,오페라,1,0.3333333333333333
오신정,기악,1,1.0
오아라,기악,1,1.0
오에바다,연극,1,1.0
오연재,연극,1,1.0
오연택,기악,4,1.0
오영근,기악,1,1.0
오영란,기악,1,1.0
오영민,기악,1,0.3333333333333333
오영민,성악,1,0.3333333333333333
오영민,오페라,1,0.3333333333333333
오영석,연극,1,1.0
오예승,오페라,1,1.0
오완우,연극,2,1.0
오왠,대중가요,1,1.0
오요환,뮤지컬,1,1.0
오용,연극,5,1.0
오용택,대중가요,1,1.0
오우철,연극,1,1.0
오원준,뮤지컬,1,1.0
오유겸,뮤지컬,1,1.0
오유경,성악,1,1.0
오유리,오페라,1,1.0
오유민,뮤지컬,2,1.0
오유석,성악,1,1.0
오유선,기악,2,0.6666666666666666
오유선,뮤지컬,1,0.3333333333333333
오윤주,기악,6,0.8571428571428571
오윤주,인형극,1,0.14285714285714285
오윤형,현대무용,2,1.0
오은경,성악,1,0.5
오은경,오페라,1,0.5
오은솔,뮤지컬,1,1.0
오은수,성악,1,1.0
오은영,서커스/마술,1,1.0
오은정,기악,1,1.0
오은지,기악,1,1.0
오은철,기악,2,1.0
오은희,뮤지컬,1,1.0
오의식,뮤지컬,1,0.3333333333333333
오의식,연극,2,0.6666666666666666
오인순,연극,2,1.0
오일영,연극,1,1.0
오자경,기악,1,1.0
오장욱,서커스/마술,1,1.0
오재균,연극,4,1.0
오재성,뮤지컬,1,1.0
오재윤,연극,1,1.0
오재익,뮤지컬,3,1.0
오재호,뮤지컬,1,1.0
오정국,연극,1,1.0
오정렬,연극,1,1.0
오정민,기악,1,0.5
오정민,연극,1,0.5
오정석,기타,1,1.0
오정선,기악,1,1.0
오정은,한국무용,1,1.0
오정택,재즈/월드뮤직,2,1.0
오정해,한국무용,1,1.0
오정혜,성악,1,1.0
오정훈,연극,3,1.0
오종대,대중가요,1,1.0
오종혁,뮤지컬,5,0.7142857142857143
오종혁,연극,2,0.2857142857142857
오주연,기악,1,1.0
오주원,연극,2,1.0
오주현,연극,1,1.0
오주환,대중가요,1,1.0
오준석,뮤지컬,1,0.3333333333333333
오준석,재즈/월드뮤직,2,0.6666666666666666
오준혁,대중가요,1,1.0
오지선,기악,2,1.0
오지성,연극,1,1.0
오지숙,연극,3,1.0
오지연,기악,1,1.0
오지영,연극,1,0.5
오지영,오페라,1,0.5
오지윤,연극,1,1.0
오지은,기악,4,0.8
오지은,대중가요,1,0.2
오지현,기악,1,1.0
오지혜,기악,1,1.0
오지환,기악,1,1.0
오진석,연극,1,1.0
오진아,연극,1,1.0
오진영,연극,1,1.0
오진욱,창극,1,1.0
오진원,재즈/월드뮤직,1,1.0
오진주,기악,2,1.0
오진하,연극,1,1.0
오진호,연극,1,1.0
오창민,연극,1,1.0
오창석,뮤지컬,1,1.0
오채령,연극,1,1.0
오채민,연극,2,1.0
오초롱,성악,1,1.0
오충근,기악,5,1.0
오충선,기악,1,1.0
오충수,뮤지컬,2,0.4
오충수,연극,3,0.6
오치운,연극,1,1.0
오쿠다 마사시,마임,1,1.0
오태근,연극,2,1.0
오태은,연극,2,1.0
오태후,연극,1,1.0
오태훈,연극,1,1.0
오태희,넌버벌 퍼포먼스,1,1.0
오택조,연극,3,1.0
오필영,뮤지컬,1,1.0
오하람,연극,1,1.0
오하영,뮤지컬,3,0.75
오하영,현대무용,1,0.25
오하윤,연극,1,1.0
오한솔,연극,2,1.0
오헤림,기악,1,1.0
오현,기악,1,1.0
오현경,연극,1,1.0
오현기,연극,1,1.0
오현미,성악,2,1.0
오현민,기악,1,1.0
오현범,뮤지컬,1,1.0
오현서,연극,2,1.0
오현선,기악,2,1.0
오현수,연극,1,1.0
오현우,연극,2,1.0
오현욱,연극,1,1.0
오현정,연극,2,1.0
오현지,연극,1,1.0
오현진,기악,1,0.3333333333333333
오현진,연극,2,0.6666666666666666
오현철,연극,1,1.0
오혜린,뮤지컬,1,1.0
오혜림,기악,1,1.0
오혜미,뮤지컬,1,1.0
오혜민,연극,2,1.0
오혜언,기악,1,1.0
오혜원,연희,1,1.0
오혜인,기악,1,0.5
오혜인,뮤지컬,1,0.5
오혜정,뮤지컬,1,1.0
오혜지,연극,1,1.0
오혜진,기악,1,0.5
오혜진,연극,1,0.5
오화평,재즈/월드뮤직,1,1.0
오훈식,뮤지컬,2,1.0
오희진,성악,1,0.5
오희진,오페라,1,0.5
옥믿음,기악,1,1.0
옥윤재,기악,1,1.0
옥자인,기악,1,1.0
옥주현,기타,1,0.1111111111111111
옥주현,넌버벌 퍼포먼스,1,0.1111111111111111
옥주현,뮤지컬,7,0.7777777777777778
옥진우,재즈/월드뮤직,2,1.0
온주완,뮤지컬,2,1.0
온해성,연극,1,1.0
올레디,대중가요,1,1.0
옹켕센,창극,1,1.0
왕 츠하오,기악,1,1.0
왕과열,오페라,1,1.0
왕광렬,오페라,1,1.0
왕광열,오페라,1,1.0
왕기석,창극,1,1.0
왕기철,창극,1,1.0
왕기헌,성악,2,0.5
왕기헌,오페라,2,0.5
왕보인,연극,1,1.0
왕수정,오페라,1,1.0
왕승원,기악,1,1.0
왕시연,창극,1,1.0
왕영호,성악,1,1.0
왕용범,뮤지컬,1,1.0
왕윤정,창극,1,1.0
왕정현,연극,1,1.0
왕조현,연극,1,1.0
왕지원,기악,1,0.2
왕지원,발레,4,0.8
왕혜인,기악,1,1.0
외르크 페터 바이글레,기악,1,1.0
요나 아코스타,발레,1,1.0
요요미,대중가요,1,1.0
요한 코보그,발레,1,1.0
용하정,재즈/월드뮤직,1,1.0
우가은,연극,1,1.0
우건희,발레,2,1.0
우경식,기악,1,0.5
우경식,성악,1,0.5
우규선,연극,1,1.0
우길옥,기악,1,1.0
우나이 우레초,기악,1,1.0
우다온,기악,1,1.0
우두연,연극,3,1.0
우미영,기악,1,0.5
우미영,성악,1,0.5
우미현,기악,1,1.0
우미화,연극,2,1.0
우범진,연극,2,1.0
우상민,마당극,1,0.5
우상민,연극,1,0.5
우상욱,뮤지컬,3,1.0
우석훈,넌버벌 퍼포먼스,1,1.0
우선영,현대무용,1,1.0
우성훈,대중가요,1,1.0
우세리,연극,1,1.0
우소혜,성악,1,0.5
우소혜,혼합,1,0.5
우수연,기악,1,0.5
우수연,성악,1,0.5
우수윤,연극,1,1.0
우수정,연극,5,1.0
우수현,성악,1,1.0
우숙영,기악,1,1.0
우순실,대중가요,2,1.0
우아미,성악,1,1.0
우여진,연극,1,1.0
우영남,연극,3,1.0
우영욱,기악,2,1.0
우영은,기악,4,1.0
우예주,기악,1,1.0
우용기,기악,1,1.0
우원석,성악,1,1.0
우윤,연극,1,1.0
우은애,연극,1,1.0
우장희,혼합,1,1.0
우정아,연극,2,1.0
우정은,기악,1,1.0
우정화,기악,1,1.0
우정훈,기악,1,0.5
우정훈,기타,1,0.5
우종민,연극,2,1.0
우종희,연극,1,1.0
우주아,기악,1,1.0
우주엽,기악,1,1.0
우주현,연극,1,1.0
우주호,기악,1,0.3333333333333333
우주호,성악,1,0.3333333333333333
우주호,오페라,1,0.3333333333333333
우지안,연극,1,1.0
우지연,기악,2,1.0
우지현,연극,1,1.0
우지희,뮤지컬,1,1.0
우진하,악극,1,1.0
우찬,연극,1,1.0
우창수,연극,1,1.0
우창훈,기악,1,1.0
우쿠다 마사시,넌버벌 퍼포먼스,1,1.0
우현경,기악,1,1.0
우현주,연극,2,1.0
우혜민,연극,5,1.0
우혜영,넌버벌 퍼포먼스,1,0.3333333333333333
우혜영,발레,2,0.6666666666666666
우혜인,연극,1,1.0
우희범,뮤지컬,1,1.0
웅산,재즈/월드뮤직,1,1.0
원근희,뮤지컬,2,0.6666666666666666
원근희,연극,1,0.3333333333333333
원금연,기타,1,1.0
원덕현,기악,1,1.0
원덕희,연극,3,1.0
원미솔,뮤지컬,2,1.0
원미연,대중가요,2,1.0
원민지,기악,1,1.0
원병훈,기타,1,1.0
원선윤,기악,1,1.0
원소연,연극,2,1.0
원아영,기악,1,0.3333333333333333
원아영,연극,2,0.6666666666666666
원영석,기악,2,1.0
원영숙,연극,1,1.0
원영오,연극,2,1.0
원완규,연극,1,1.0
원완철,기악,1,1.0
원유경,뮤지컬,1,1.0
원유섭,뮤지컬,1,1.0
원유종,서커스/마술,1,1.0
원일,기악,1,1.0
원자희,연극,1,1.0
원장현,성악,1,0.5
원장현,혼합,1,0.5
원재연,기악,8,1.0
원종호,기악,1,1.0
원종환,기타,1,0.25
원종환,뮤지컬,1,0.25
원종환,연극,2,0.5
원주,뮤지컬,2,1.0
원지혜,기악,1,1.0
원지희,성악,1,1.0
원진경,기악,1,1.0
원진호,발레,2,1.0
원채리,현대무용,1,1.0
원춘규,연극,1,1.0
원탐슬,뮤지컬,1,1.0
원표,연극,1,1.0
원현정,기악,1,1.0
원형준,기악,3,1.0
웨슬리 볼드윈,기악,1,1.0
웨인 린,기악,1,1.0
위명우,연극,1,1.0
위성신,뮤지컬,1,0.3333333333333333
위성신,연극,2,0.6666666666666666
위세연,기악,1,1.0
위소라,연극,1,1.0
위수인,기악,1,1.0
위원희,기악,1,1.0
위유정,연극,3,1.0
위은영,기악,2,1.0
위자현,연극,5,1.0
위희순,연극,1,1.0
윌슨 응,기악,3,1.0
유가연,연극,1,1.0
유건우,뮤지컬,1,0.5
유건우,연극,1,0.5
유경민,연극,1,1.0
유경은,연극,1,1.0
유경조,기악,2,0.5
유경조,성악,1,0.25
유경조,한국무용,1,0.25
유규림,연극,1,1.0
유근영,기악,1,1.0
유기원,뮤지컬,1,1.0
유나결,연극,1,1.0
유나영,연극,3,1.0
유다미,연극,3,1.0
유담연,연극,1,1.0
유도겸,연극,1,1.0
유도원,기악,1,0.5
유도원,대중가요,1,0.5
유독현,연극,3,1.0
유동국,연극,1,1.0
유동균,서커스/마술,2,1.0
유동범,연극,1,1.0
유동선,기악,1,1.0
유동원,연극,1,1.0
유동인,현대무용,2,1.0
유동훈,뮤지컬,2,1.0
유르나코프 팀,기악,1,1.0
유리,발레,1,1.0
유리 그리고로비치,발레,1,1.0
유리슬,기악,3,1.0
유리아,뮤지컬,5,1.0
유명재,연극,1,1.0
유명지,대중가요,2,0.5
유명지,뮤지컬,2,0.5
유명진,연극,2,1.0
유명훈,연극,1,1.0
유문선,기악,1,1.0
유미,대중가요,1,1.0
유미근,기악,1,1.0
유미선,연극,1,1.0
유미향,기악,3,1.0
유민정,기악,1,0.5
유민정,연극,1,0.5
유민지,연극,1,1.0
유민휘,뮤지컬,1,1.0
유민희,기악,1,0.5
유민희,연희,1,0.5
유믿음,연극,1,1.0
유병열,기타,1,1.0
유병영,연극,3,1.0
유병욱,기악,2,0.6666666666666666
유병욱,연극,1,0.3333333333333333
유병혜,기악,3,1.0
유병훈,연극,1,1.0
유사랑,재즈/월드뮤직,1,1.0
유상오,기악,2,1.0
유상원,연극,1,1.0
유상현,성악,1,1.0
유상흘,발레,1,1.0
유서진,기악,1,1.0
유석균,성악,1,1.0
유선경,기악,2,0.6666666666666666
유선경,악극,1,0.3333333333333333
유선영,연극,2,1.0
유선후,뮤지컬,1,0.3333333333333333
유선후,한국무용,2,0.6666666666666666
유성권,기악,1,1.0
유성녀,기악,2,0.6666666666666666
유성녀,오페라,1,0.3333333333333333
유성민,기악,1,1.0
유성재,기타,1,0.16666666666666666
유성재,뮤지컬,5,0.8333333333333334
유성주,연극,1,1.0
유성희,연극,1,1.0
유세이,발레,1,1.0
유세형,기악,1,1.0
유소람,기악,2,1.0
유소령,연극,1,1.0
유소영,기악,1,0.3333333333333333
유소영,성악,2,0.6666666666666666
유수민,악극,1,1.0
유수연,연극,1,1.0
유수인,연극,1,1.0
유수정,창극,1,1.0
유수지,기악,2,1.0
유수진,연극,2,1.0
유수현,연극,1,1.0
유숙주,뮤지컬,1,0.5
유숙주,연극,1,0.5
유순영,기악,1,1.0
유순웅,연극,4,1.0
유순철,연극,1,1.0
유승락,연극,2,1.0
유승민,연극,1,1.0
유승봉,악극,1,1.0
유승수,넌버벌 퍼포먼스,2,1.0
유승열,재즈/월드뮤직,1,1.0
유승엽,기악,1,1.0
유승우,뮤지컬,1,1.0
유승유,연극,1,1.0
유승재,기악,1,1.0
유승철,기타,1,0.3333333333333333
유승철,재즈/월드뮤직,2,0.6666666666666666
유승현,기타,1,0.1111111111111111
유승현,뮤지컬,8,0.8888888888888888
유승혜,대중가요,1,1.0
유승호,재즈/월드뮤직,1,1.0
유시연,기악,2,1.0
유시우,뮤지컬,1,0.25
유시우,연극,3,0.75
유시현,뮤지컬,1,1.0
유신,뮤지컬,1,1.0
유아람,연극,1,1.0
유아름,연극,4,1.0
유연,연극,2,1.0
유연석,뮤지컬,1,1.0
유영규,연극,1,1.0
유영길,연희,1,1.0
유영대,기악,3,0.5
유영대,성악,3,0.5
유영민,연극,1,1.0
유영서,연극,1,1.0
유영섭,연극,1,1.0
유영수,재즈/월드뮤직,1,1.0
유영애,성악,1,0.5
유영애,창극,1,0.5
유영우,연극,1,1.0
유영욱,기악,3,1.0
유영은,발레,1,1.0
유영재,기악,1,1.0
유영전,연극,3,1.0
유영주,성악,1,1.0
유영희,연희,1,1.0
유예린,연극,1,1.0
유온,연극,1,1.0
유용,연극,1,1.0
유용석,연극,1,1.0
유용인,기악,1,1.0
유용호,대중가요,1,1.0
유우연,기악,2,1.0
유원용,연극,1,1.0
유원준,연극,1,1.0
유원진,연극,2,1.0
유유림,연극,1,1.0
유은,뮤지컬,1,1.0
유은경,연극,2,1.0
유은동,성악,1,1.0
유은선,성악,1,1.0
유은숙,연극,1,1.0
유은재,연극,2,1.0
유은정,성악,2,1.0
유은지,기악,1,1.0
유은한,연극,1,1.0
유은혜,뮤지컬,1,1.0
유의봉,연극,1,1.0
유이삭,기악,1,1.0
유인경,기악,1,0.5
유인경,악극,1,0.5
유인상,연극,1,0.5
유인상,한국무용,1,0.5
유인선,연극,1,1.0
유인수,뮤지컬,2,0.5
유인수,연극,2,0.5
유일락,연극,1,1.0
유일리,연극,1,1.0
유일웅,악극,1,1.0
유일한,연극,3,1.0
유자영,기악,1,1.0
유자홍,뮤지컬,1,1.0
유장일,발레,1,1.0
유재아,기악,3,1.0
유재연,기악,1,0.5
유재연,연극,1,0.5
유재우,기악,1,1.0
유재중,연극,1,1.0
유재현,발레,1,1.0
유정기,연극,2,1.0
유정민,뮤지컬,3,1.0
유정은,기악,1,0.3333333333333333
유정은,뮤지컬,1,0.3333333333333333
유정은,연극,1,0.3333333333333333
유정인,연극,2,1.0
유정호,연극,2,1.0
유제민,뮤지컬,1,1.0
유제윤,뮤지컬,1,0.5
유제윤,연극,1,0.5
유종미,대중가요,1,1.0
유종연,연극,2,1.0
유종한,성악,1,1.0
유주영,연극,4,1.0
유주혜,뮤지컬,5,1.0
유준상,뮤지컬,2,1.0
유준원,연극,1,1.0
유지나,대중가요,2,1.0
유지수,기악,4,0.6666666666666666
유지수,성악,1,0.16666666666666666
유지수,연극,1,0.16666666666666666
유지숙,기악,1,0.25
유지숙,성악,2,0.5
유지숙,혼합,1,0.25
유지연,기악,1,0.25
유지연,대중가요,1,0.25
유지연,악극,1,0.25
유지연,연극,1,0.25
유지영,연극,1,0.5
유지영,현대무용,1,0.5
유지원,연극,2,1.0
유지인,성악,1,1.0
유지현,기악,1,1.0
유지홍,기악,2,1.0
유지훈,연극,1,1.0
유지희,기악,1,1.0
유진,연극,1,1.0
유진 아메스만,기악,1,1.0
유진규,마임,1,1.0
유진박,재즈/월드뮤직,1,1.0
유진섭,기악,3,1.0
유진아,기악,1,1.0
유참진,연극,1,1.0
유채꽃,기악,1,1.0
유채연,기악,1,1.0
유채훈,기타,3,1.0
유철우,오페라,2,1.0
유철호,뮤지컬,1,1.0
유춘랑,성악,1,1.0
유치벽,연극,1,1.0
유태강,뮤지컬,2,1.0
유태건,연극,3,1.0
유태근,기악,1,1.0
유태평양,마당극,1,0.2
유태평양,성악,3,0.6
유태평양,연희,1,0.2
유태희,연극,1,1.0
유하나,기악,1,1.0
유하나루,기악,1,1.0
유하니,기악,1,1.0
유하영,기악,1,0.5
유하영,재즈/월드뮤직,1,0.5
유한나,기악,4,0.5714285714285714
유한나,뮤지컬,1,0.14285714285714285
유한나,연극,2,0.2857142857142857
유현서,연극,1,1.0
유현석,뮤지컬,2,1.0
유현수,기악,2,1.0
유현욱,오페라,1,1.0
유현정,기악,1,0.3333333333333333
유현정,연극,2,0.6666666666666666
유현주,연극,1,1.0
유현진,연극,1,1.0
유형수,발레,1,1.0
유형욱,연극,2,1.0
유혜리,뮤지컬,1,0.5
유혜리,서커스/마술,1,0.5
유혜상,성악,1,1.0
유혜성,연극,1,1.0
유혜원,기악,1,1.0
유혜자,연극,1,1.0
유호정,기악,1,1.0
유호제,성악,1,1.0
유화정,성악,1,0.5
유화정,오페라,1,0.5
유환민,기악,1,1.0
유환웅,뮤지컬,4,0.8
유환웅,연극,1,0.2
유회승,뮤지컬,1,1.0
유회웅,오페라,1,1.0
유효정,기악,3,1.0
유효준,대중가요,1,1.0
유효현,연극,1,1.0
유휘찬,성악,1,1.0
유희문,오페라,1,1.0
유희성,뮤지컬,4,1.0
유희승,뮤지컬,1,1.0
유희웅,발레,1,1.0
육도현,재즈/월드뮤직,1,1.0
육소희,기악,1,1.0
육중완,대중가요,3,1.0
육지,뮤지컬,1,1.0
육현욱,연극,2,1.0
윤가현,연극,1,1.0
윤강,한국무용,1,1.0
윤건,대중가요,1,0.25
윤건,한국무용,2,0.5
윤건,혼합,1,0.25
윤경아,연희,1,1.0
윤경진,현대무용,1,1.0
윤경혜,뮤지컬,1,1.0
윤경화,연극,2,1.0
윤계열,연극,2,1.0
윤공주,뮤지컬,2,1.0
윤관우,연극,1,1.0
윤광진,연극,2,1.0
윤광희,연극,2,1.0
윤교야,연극,1,1.0
윤귀태,성악,1,1.0
윤규현,연극,3,1.0
윤기환,연극,1,1.0
윤나라,현대무용,2,1.0
윤나리,기악,1,0.5
윤나리,성악,1,0.5
윤나무,발레,1,1.0
윤노찬,연극,1,1.0
윤다빈,기악,1,1.0
윤다솜,기악,1,0.5
윤다솜,연극,1,0.5
윤다영,발레,1,0.5
윤다영,혼합,1,0.5
윤대성,연극,1,1.0
윤덕희,기악,2,1.0
윤도근,성악,1,1.0
윤도은,연극,1,1.0
윤도현,대중가요,3,1.0
윤도훈,연극,1,1.0
윤돈선,연극,2,1.0
윤동원,연극,1,1.0
윤동인,기악,3,1.0
윤동재,연극,1,1.0
윤동주,연극,1,1.0
윤동환,기악,5,1.0
윤매고동,한국무용,1,1.0
윤명림,연극,1,1.0
윤명진,연극,1,1.0
윤명화,한국무용,2,0.6666666666666666
윤명화,혼합,1,0.3333333333333333
윤문식,마당극,1,1.0
윤미경,연극,4,1.0
윤미라,뮤지컬,1,1.0
윤미소,뮤지컬,1,0.5
윤미소,한국무용,1,0.5
윤민구,기악,1,0.2
윤민구,성악,1,0.2
윤민구,연극,3,0.6
윤민규,기악,1,1.0
윤민석,한국무용,2,1.0
윤민영,뮤지컬,1,1.0
윤민철,연극,1,1.0
윤범호,연극,2,1.0
윤별,발레,1,1.0
윤병길,오페라,2,1.0
윤병화,기악,1,1.0
윤보라,기악,1,1.0
윤복희,뮤지컬,2,1.0
윤부식,성악,1,1.0
윤상아,기악,3,0.75
윤상아,오페라,1,0.25
윤상운,성악,1,0.5
윤상운,오페라,1,0.5
윤상원,뮤지컬,2,1.0
윤상은,발레,2,1.0
윤상인,기악,1,1.0
윤상정,연극,1,1.0
윤상현,연극,2,1.0
윤상호,성악,1,0.1111111111111111
윤상호,연극,7,0.7777777777777778
윤상호,오페라,1,0.1111111111111111
윤상화,연극,1,1.0
윤상희,뮤지컬,1,0.5
윤상희,연극,1,0.5
윤서경,기악,1,1.0
윤서영,연극,2,1.0
윤서우,기악,1,1.0
윤서준,성악,3,1.0
윤서진,기악,1,1.0
윤석민,뮤지컬,1,1.0
윤석우,기악,3,0.75
윤석우,성악,1,0.25
윤석원,뮤지컬,2,1.0
윤석철,대중가요,2,1.0
윤석현,뮤지컬,1,0.25
윤석현,연극,3,0.75
윤석환,연극,1,1.0
윤석희,기악,1,1.0
윤선빈,오페라,1,1.0
윤설미,기악,1,1.0
윤성규,기악,3,1.0
윤성근,기악,1,1.0
윤성기,대중가요,1,1.0
윤성민,뮤지컬,4,0.8
윤성민,연극,1,0.2
윤성배,기악,1,1.0
윤성영,기악,1,1.0
윤성우,오페라,3,1.0
윤성욱,연극,1,1.0
윤성원,뮤지컬,3,0.6
윤성원,연극,2,0.4
윤성인,뮤지컬,1,1.0
윤성재,기악,1,1.0
윤성준,기악,1,1.0
윤성현,기악,1,1.0
윤성호,연극,5,1.0
윤성회,기악,1,0.3333333333333333
윤성회,성악,1,0.3333333333333333
윤성회,오페라,1,0.3333333333333333
윤성희,기악,1,1.0
윤세나,대중가요,1,1.0
윤세인,뮤지컬,1,0.5
윤세인,연극,1,0.5
윤세지,기악,1,1.0
윤소연,연극,1,1.0
윤소영,기악,6,1.0
윤소원,연극,1,1.0
윤소은,기악,1,1.0
윤소희,기악,6,0.6666666666666666
윤소희,연극,3,0.3333333333333333
윤솔,기악,1,0.5
윤솔,뮤지컬,1,0.5
윤솔샘,기악,1,1.0
윤수일,대중가요,1,1.0
윤수정,기악,1,1.0
윤수지,연극,1,1.0
윤수현,대중가요,1,0.3333333333333333
윤수현,연극,2,0.6666666666666666
윤숙,기악,1,1.0
윤숙경,기악,1,1.0
윤숙이,연극,1,1.0
윤순,뮤지컬,1,1.0
윤승민,현대무용,2,1.0
윤승업,기악,1,1.0
윤승우,뮤지컬,1,1.0
윤승재,기악,1,1.0
윤승진,현대무용,1,1.0
윤승호,기악,3,1.0
윤승환,기악,1,0.25
윤승환,성악,2,0.5
윤승환,오페라,1,0.25
윤시중,연극,2,1.0
윤아련,연극,1,1.0
윤아르나,기악,1,0.5
윤아르나,성악,1,0.5
윤아인,기악,1,1.0
윤안나,연극,1,1.0
윤에진,기악,1,1.0
윤여민,기악,1,1.0
윤여성,연극,3,1.0
윤여영,기악,2,1.0
윤여원,연극,1,1.0
윤여주,기악,1,1.0
윤여진,기악,2,1.0
윤여훈,기악,4,1.0
윤연경,연극,1,1.0
윤연나,한국무용,1,1.0
윤연희,한국무용,1,1.0
윤염광,기악,4,1.0
윤영민,기악,1,1.0
윤영서,연극,1,1.0
윤영석,뮤지컬,1,1.0
윤영선,연극,1,1.0
윤영식,현대무용,1,1.0
윤영인,연극,1,1.0
윤영진,혼합,1,1.0
윤영철,대중가요,1,1.0
윤예람,한국무용,1,1.0
윤예슬,기악,1,1.0
윤예은,연극,1,1.0
윤예지,오페라,1,1.0
윤예진,기악,1,1.0
윤오건,오페라,3,1.0
윤오성,발레,1,1.0
윤완석,연극,1,1.0
윤용근,연극,1,1.0
윤용혁,연극,2,1.0
윤우영,연극,2,1.0
윤운영,연극,1,1.0
윤유경,기악,1,1.0
윤유선,연극,3,1.0
윤유성,기악,1,1.0
윤유정,기악,1,1.0
윤유진,기악,1,1.0
윤은규,기악,2,1.0
윤은솔,기악,2,1.0
윤은정,연극,3,1.0
윤은하,현대무용,1,1.0
윤은화,기악,2,1.0
윤의중,성악,1,1.0
윤인지,뮤지컬,1,1.0
윤일식,연극,2,0.6666666666666666
윤일식,현대무용,1,0.3333333333333333
윤일중,성악,1,1.0
윤자영,연극,1,1.0
윤재원,대중가요,1,1.0
윤재현,기악,1,0.5
윤재현,악극,1,0.5
윤전일,발레,6,1.0
윤정난,성악,2,0.4
윤정난,오페라,3,0.6
윤정섭,뮤지컬,1,1.0
윤정연,기악,1,1.0
윤정욱,뮤지컬,4,0.6666666666666666
윤정욱,연극,2,0.3333333333333333
윤정인,기악,1,0.25
윤정인,성악,1,0.25
윤정인,연극,1,0.25
윤정인,현대무용,1,0.25
윤정일,연극,1,1.0
윤정화,뮤지컬,1,1.0
윤정환,뮤지컬,1,1.0
윤정훈,뮤지컬,3,1.0
윤정희,현대무용,1,1.0
윤종건,연극,1,1.0
윤종률,재즈/월드뮤직,1,1.0
윤종서,연극,2,1.0
윤종수,기악,5,0.625
윤종수,대중가요,1,0.125
윤종수,연극,1,0.125
윤종수,재즈/월드뮤직,1,0.125
윤주리,기악,1,1.0
윤중강,연극,1,1.0
윤지선,연극,1,1.0
윤지영,기악,1,0.2
윤지영,대중가요,1,0.2
윤지영,뮤지컬,1,0.2
윤지영,연극,2,0.4
윤지용,기악,3,1.0
윤지우,기악,1,0.5
윤지우,혼합,1,0.5
윤지원,연극,1,1.0
윤지현,기악,1,1.0
윤지혜,기악,1,0.3333333333333333
윤지혜,뮤지컬,1,0.3333333333333333
윤지혜,연극,1,0.3333333333333333
윤지홍,연극,5,1.0
윤지환,성악,1,1.0
윤진성,혼합,1,1.0
윤진솔,뮤지컬,1,1.0
윤진웅,뮤지컬,2,1.0
윤진이,연극,1,1.0
윤진태,기악,1,1.0
윤채린,연극,1,1.0
윤채빈,기악,1,1.0
윤채은,뮤지컬,1,1.0
윤철희,기악,1,1.0
윤초원,기악,1,1.0
윤태규,기악,1,1.0
윤태석,기악,1,1.0
윤태식,오페라,1,1.0
윤태언,기악,1,1.0
윤태유,뮤지컬,1,1.0
윤태호,연극,1,1.0
윤하정,기악,1,0.5
윤하정,연희,1,0.5
윤학,뮤지컬,1,1.0
윤한,기악,2,0.6666666666666666
윤한,대중가요,1,0.3333333333333333
윤한솔,대중가요,1,0.2
윤한솔,연극,4,0.8
윤한슬,연극,1,1.0
윤해선,대중가요,1,1.0
윤해승,기악,1,1.0
윤해원,기악,1,1.0
윤해지,발레,1,1.0
윤헤진,재즈/월드뮤직,1,1.0
윤혁진,성악,1,0.5
윤혁진,연극,1,0.5
윤현길,연극,3,1.0
윤현상,기악,1,1.0
윤현식,연극,1,1.0
윤현옥,기악,1,1.0
윤현임,기악,1,1.0
윤현정,기악,1,0.25
윤현정,성악,3,0.75
윤현종,기악,1,0.5
윤현종,대중가요,1,0.5
윤현지,연극,1,1.0
윤현진,기악,1,0.5
윤현진,인형극,1,0.5
윤형렬,뮤지컬,1,1.0
윤형석,연극,1,1.0
윤형숙,기악,1,1.0
윤혜경,기악,1,0.5
윤혜경,한국무용,1,0.5
윤혜련,성악,1,1.0
윤혜리,기악,4,1.0
윤혜린,기악,1,1.0
윤혜림,성악,1,1.0
윤혜미,연극,1,1.0
윤혜숙,연극,3,1.0
윤혜순,기악,1,1.0
윤혜정,뮤지컬,1,1.0
윤혜진,기악,2,0.6666666666666666
윤혜진,연극,1,0.3333333333333333
윤호근,기악,1,0.5
윤호근,성악,1,0.5
윤호정,연극,1,1.0
윤효린,기악,3,1.0
윤효비,연극,1,1.0
윤효원,연극,1,1.0
윤효정,기악,1,1.0
윤희석,뮤지컬,1,1.0
윤희설,연극,1,1.0
윤희연,기악,1,0.25
윤희연,뮤지컬,2,0.5
윤희연,혼합,1,0.25
윤희정,재즈/월드뮤직,1,1.0
윤희철,연극,1,1.0
은가은,뮤지컬,1,1.0
은빛나,성악,1,1.0
은상희,한국무용,1,1.0
은솔,연극,1,1.0
은여인,기악,1,1.0
은정아,재즈/월드뮤직,1,1.0
은정완,연극,1,1.0
은중기,기악,1,1.0
음대진,인형극,1,1.0
음두현,기악,1,1.0
이가빈,기악,1,1.0
이가연,기악,1,1.0
이가영,발레,1,0.3333333333333333
이가영,현대무용,2,0.6666666666666666
이가은,기악,3,0.75
이가은,뮤지컬,1,0.25
이가을,연극,2,0.6666666666666666
이가을,한국무용,1,0.3333333333333333
이가키 히데유키,기악,1,1.0
이가현,뮤지컬,1,0.5
이가현,혼합,1,0.5
이갑선,연극,1,1.0
이강,뮤지컬,1,1.0
이강민,뮤지컬,1,0.5
이강민,연극,1,0.5
이강산,연희,1,1.0
이강수,재즈/월드뮤직,1,1.0
이강우,악극,1,0.2
이강우,연극,3,0.6
이강우,연희,1,0.2
이강욱,연극,3,1.0
이강원,기악,4,1.0
이강윤,성악,2,1.0
이강진,성악,1,1.0
이강철,연극,2,1.0
이강현,기악,1,1.0
이강호,기악,2,0.2857142857142857
이강호,성악,1,0.14285714285714285
이강호,오페라,4,0.5714285714285714
이건명,기타,1,0.14285714285714285
이건명,뮤지컬,5,0.7142857142857143
이건명,연극,1,0.14285714285714285
이건영,연극,1,1.0
이건용,기악,1,1.0
이건우,기악,1,1.0
이건형,기악,2,1.0
이건희,기악,1,0.2
이건희,뮤지컬,1,0.2
이건희,성악,1,0.2
이건희,연극,2,0.4
이걸재,성악,1,1.0
이경,연극,1,1.0
이경구,기악,1,0.16666666666666666
이경구,뮤지컬,2,0.3333333333333333
이경구,연극,1,0.16666666666666666
이경구,한국무용,1,0.16666666666666666
이경구,현대무용,1,0.16666666666666666
이경면,기악,2,1.0
이경미,기악,1,0.5
이경미,대중가요,1,0.5
이경민,기악,8,0.7272727272727273
이경민,연극,3,0.2727272727272727
이경선,기악,8,0.8888888888888888
이경선,뮤지컬,1,0.1111111111111111
이경섭,넌버벌 퍼포먼스,2,1.0
이경성,연극,2,1.0
이경숙,기악,5,1.0
이경아,기악,1,1.0
이경열,연극,1,1.0
이경엽,현대무용,1,1.0
이경우,연극,1,0.5
이경우,재즈/월드뮤직,1,0.5
이경원,기악,2,0.4
이경원,뮤지컬,2,0.4
이경원,연극,1,0.2
이경은,기악,1,0.14285714285714285
이경은,연극,1,0.14285714285714285
이경은,오페라,2,0.2857142857142857
이경은,한국무용,1,0.14285714285714285
이경은,현대무용,2,0.2857142857142857
이경자,뮤지컬,1,0.5
이경자,연희,1,0.5
이경재,오페라,2,1.0
이경준,기악,2,1.0
이경진,기악,5,0.5555555555555556
이경진,연극,3,0.3333333333333333
이경진,오페라,1,0.1111111111111111
이경화,기악,1,0.5
이경화,연극,1,0.5
이경희,기악,2,0.3333333333333333
이경희,성악,2,0.3333333333333333
이경희,오페라,2,0.3333333333333333
이계훈,연극,1,1.0
이고운,연극,1,0.3333333333333333
이고운,한국무용,1,0.3333333333333333
이고운,혼합,1,0.3333333333333333
이고은,기악,2,0.6666666666666666
이고은,발레,1,0.3333333333333333
이관영,연극,1,1.0
이관우,기악,1,1.0
이광근,오페라,1,1.0
이광백,마당극,1,1.0
이광복,연극,2,0.6666666666666666
이광복,창극,1,0.3333333333333333
이광석,한국무용,1,0.5
이광석,혼합,1,0.5
이광순,오페라,1,1.0
이광식,연극,1,1.0
이광열,뮤지컬,8,1.0
이광익,연극,1,1.0
이광진,현대무용,1,1.0
이광현,기타,1,1.0
이광호,기악,1,0.25
이광호,뮤지컬,1,0.25
이광호,성악,1,0.25
이광호,연극,1,0.25
이광희,연극,1,1.0
이국희,뮤지컬,1,0.25
이국희,연극,3,0.75
이궁아라,연극,1,1.0
이권세,기악,1,1.0
이권형,서커스/마술,1,1.0
이귀란,기악,2,1.0
이귀숙,기악,1,1.0
이규,연극,1,1.0
이규리,연극,1,1.0
이규린,뮤지컬,1,0.3333333333333333
이규린,연극,2,0.6666666666666666
이규범,연극,1,1.0
이규봉,기악,1,0.25
이규봉,성악,2,0.5
이규봉,오페라,1,0.25
이규빈,연극,2,1.0
이규서,기악,1,1.0
이규성,기악,2,0.6666666666666666
이규성,연극,1,0.3333333333333333
이규용,연극,2,1.0
이규재,대중가요,1,1.0
이규철,성악,2,0.5
이규철,오페라,2,0.5
이규태,뮤지컬,1,0.3333333333333333
이규태,연극,2,0.6666666666666666
이규한,연극,1,1.0
이규혁,연극,1,1.0
이규현,연극,1,1.0
이규형,뮤지컬,4,1.0
이규호,연극,1,1.0
이규화,연극,2,1.0
이그림,연극,1,1.0
이근식,성악,1,1.0
이근호,연극,2,1.0
이금구,뮤지컬,2,0.6666666666666666
이금구,연극,1,0.3333333333333333
이금섭,혼합,1,1.0
이금철,연극,1,1.0
이기경,성악,1,1.0
이기돈,연극,1,1.0
이기동,기악,1,0.5
이기동,뮤지컬,1,0.5
이기로,기악,1,1.0
이기문,성악,1,1.0
이기쁨,뮤지컬,2,0.3333333333333333
이기쁨,연극,4,0.6666666666666666
이기석,기악,2,0.6666666666666666
이기석,성악,1,0.3333333333333333
이기선,기악,1,0.2
이기선,성악,4,0.8
이기성,성악,1,1.0
이기연,오페라,1,1.0
이기영,기악,1,1.0
이기욱,기악,1,0.5
이기욱,연극,1,0.5
이기웅,연극,2,1.0
이기은,오페라,1,1.0
이기인,연극,1,1.0
이기정,기악,3,1.0
이기준,기악,1,0.5
이기준,연극,1,0.5
이기찬,대중가요,1,1.0
이기창,악극,1,1.0
이기행,발레,1,1.0
이기혁,연극,1,1.0
이기현,뮤지컬,1,1.0
이기호,연극,1,1.0
이기화,기악,1,1.0
이길영,연극,2,1.0
이길재,기악,1,1.0
이길준,뮤지컬,1,0.3333333333333333
이길준,악극,2,0.6666666666666666
이길한,연극,2,1.0
이나겸,현대무용,1,1.0
이나경,뮤지컬,1,0.14285714285714285
이나경,연극,6,0.8571428571428571
이나구,한국무용,1,1.0
이나라,기악,1,0.5
이나라,혼합,1,0.5
이나래,기악,2,1.0
이나연,마임,1,1.0
이나영,기악,3,0.5
이나영,뮤지컬,1,0.16666666666666666
이나영,연극,1,0.16666666666666666
이나영,인형극,1,0.16666666666666666
이나우,기악,1,1.0
이나현,기악,1,0.3333333333333333
이나현,연극,1,0.3333333333333333
이나현,현대무용,1,0.3333333333333333
이난초,성악,1,1.0
이난희,연극,2,1.0
이남기,연극,1,1.0
이남림,기악,1,1.0
이남주,연극,1,1.0
이네스 길,기악,1,1.0
이노영,기악,1,1.0
이다겸,현대무용,1,1.0
이다미,기악,1,0.5
이다미,오페라,1,0.5
이다솔,성악,1,1.0
이다솜,연극,2,1.0
이다연,기악,1,0.5
이다연,성악,1,0.5
이다영,기악,1,1.0
이다은,뮤지컬,1,0.5
이다은,연극,1,0.5
이다인,한국무용,1,1.0
이다정,연극,2,1.0
이다혜,기악,1,0.3333333333333333
이다혜,연극,2,0.6666666666666666
이단비,연극,1,1.0
이달형,연극,1,1.0
이담,뮤지컬,1,1.0
이당금,연극,1,1.0
이대건,현대무용,1,1.0
이대규,연극,2,1.0
이대기,뮤지컬,1,1.0
이대범,성악,2,0.6666666666666666
이대범,오페라,1,0.3333333333333333
이대연,연극,1,1.0
이대열,마임,1,0.3333333333333333
이대열,연극,2,0.6666666666666666
이대엽,연극,1,1.0
이대웅,뮤지컬,4,1.0
이대원,대중가요,1,1.0
이대한,연극,1,1.0
이대호,현대무용,2,1.0
이대희,뮤지컬,1,0.3333333333333333
이대희,연극,2,0.6666666666666666
이덕용,성악,1,1.0
이덕재,뮤지컬,1,1.0
이덕형,연극,1,1.0
이도연,연극,2,1.0
이도엽,기악,1,0.25
이도엽,연극,3,0.75
이도윤,마임,1,1.0
이도은,기악,1,1.0
이도현,연극,1,1.0
이도훈,연극,2,1.0
이돈용,연극,3,1.0
이동건,뮤지컬,1,0.5
이동건,발레,1,0.5
이동국,뮤지컬,1,1.0
이동규,연극,3,1.0
이동균,뮤지컬,1,0.5
이동균,연희,1,0.5
이동근,기악,1,1.0
이동명,성악,2,0.4
이동명,오페라,2,0.4
이동명,현대무용,1,0.2
이동빈,연극,1,0.5
이동빈,창극,1,0.5
이동석,연극,1,1.0
이동수,기악,1,0.5
이동수,뮤지컬,1,0.5
이동신,기악,2,0.5
이동신,오페라,2,0.5
이동열,기악,1,1.0
이동영,기악,1,0.5
이동영,연극,1,0.5
이동우,넌버벌 퍼포먼스,1,0.25
이동우,악극,1,0.25
이동우,연극,2,0.5
이동욱,연극,2,0.6666666666666666
이동욱,재즈/월드뮤직,1,0.3333333333333333
이동원,넌버벌 퍼포먼스,1,0.5
이동원,연극,1,0.5
이동익,연극,1,1.0
이동인,기악,1,0.5
이동인,연극,1,0.5
이동준,대중가요,2,0.4
이동준,연극,3,0.6
이동진,기악,1,1.0
이동탁,발레,1,1.0
이동하,연극,3,0.5
이동하,현대무용,3,0.5
이동학,연극,1,1.0
이동혁,기악,1,0.3333333333333333
이동혁,연극,2,0.6666666666666666
이동현,연극,1,1.0
이동협,연극,2,1.0
이동호,뮤지컬,1,0.5
이동호,연극,1,0.5
이동환,연극,2,0.6666666666666666
이동환,오페라,1,0.3333333333333333
이동훈,기악,1,0.5
이동훈,연극,1,0.5
이동희,뮤지컬,1,0.5
이동희,연극,1,0.5
이두성,마임,2,1.0
이두연,연극,3,1.0
이두영,기악,1,1.0
이두원,연극,1,1.0
이디트 헤르만,현대무용,1,1.0
이라라,기악,1,1.0
이라영,연극,1,1.0
이라이,연극,1,1.0
이란영,뮤지컬,2,1.0
이래경,연극,1,1.0
이래은,연극,2,1.0
이령,뮤지컬,4,0.6666666666666666
이령,연극,2,0.3333333333333333
이로아,연극,1,1.0
이로운,기악,1,0.3333333333333333
이로운,연극,1,0.3333333333333333
이로운,재즈/월드뮤직,1,0.3333333333333333
이루다,발레,2,0.6666666666666666
이루다,현대무용,1,0.3333333333333333
이루리,발레,1,0.5
이루리,연극,1,0.5
이루마,발레,1,0.5
이루마,현대무용,1,0.5
이루미,기악,4,1.0
이륜관,연극,1,1.0
이름,연극,1,1.0
이리나,기악,1,1.0
이리나 오시포바,기악,1,1.0
이리안,연극,1,1.0
이리원,기타,1,1.0
이림호,한국무용,1,1.0
이마리,뮤지컬,1,0.5
이마리,연극,1,0.5
이마리솔,기악,2,1.0
이명,기악,2,1.0
이명건,재즈/월드뮤직,1,1.0
이명국,오페라,1,1.0
이명노,연극,1,1.0
이명덕,연극,2,1.0
이명숙,성악,1,1.0
이명우,연극,1,1.0
이명일,기악,1,1.0
이명주,기악,2,0.6666666666666666
이명주,성악,1,0.3333333333333333
이명진,기악,1,1.0
이명희,뮤지컬,1,1.0
이목련,연극,1,1.0
이무열,기악,1,1.0
이무은,기악,1,1.0
이문경,기악,1,1.0
이문석,기악,1,1.0
이문세,대중가요,2,1.0
이문수,연극,1,1.0
이문영,발레,1,1.0
이문주,연극,1,1.0
이문호,뮤지컬,1,0.5
이문호,연극,1,0.5
이문희,기악,1,1.0
이문희 박성희,기악,1,1.0
이미경,기악,1,0.16666666666666666
이미경,성악,1,0.16666666666666666
이미경,연극,4,0.6666666666666666
이미나,기악,1,0.5
이미나,성악,1,0.5
이미라,뮤지컬,2,0.6666666666666666
이미라,연극,1,0.3333333333333333
이미리,발레,1,0.5
이미리,성악,1,0.5
이미림,기악,1,1.0
이미선,기악,1,0.5
이미선,성악,1,0.5
이미성,기악,1,1.0
이미소,기악,1,1.0
이미솔,기악,1,1.0
이미숙,연극,3,0.75
이미숙,혼합,1,0.25
이미연,기악,6,0.8571428571428571
이미연,연극,1,0.14285714285714285
이미영,한국무용,1,1.0
이미영. 임주헌,재즈/월드뮤직,1,1.0
이미옥,연극,1,1.0
이미은,연극,1,1.0
이미정,연극,5,1.0
이미주,한국무용,1,1.0
이미진,현대무용,1,1.0
이미현,성악,1,0.5
이미현,연극,1,0.5
이미혜,연극,1,1.0
이미화,연극,1,1.0
이미희,현대무용,1,1.0
이민경,기악,1,0.3333333333333333
이민경,연극,2,0.6666666666666666
이민기,재즈/월드뮤직,1,1.0
이민서,기악,1,0.5
이민서,연극,1,0.5
이민성,연극,2,1.0
이민숙,연극,1,1.0
이민아,뮤지컬,1,0.25
이민아,연극,2,0.5
이민아,한국무용,1,0.25
이민영,뮤지컬,1,0.3333333333333333
이민영,오페라,1,0.3333333333333333
이민영,창극,1,0.3333333333333333
이민재,기악,1,0.25
이민재,뮤지컬,2,0.5
이민재,연극,1,0.25
이민정,기악,2,0.2857142857142857
이민정,성악,2,0.2857142857142857
이민정,연극,3,0.42857142857142855
이민주,기악,2,0.5
이민주,연극,2,0.5
이민지,연극,1,1.0
이민진,발레,1,1.0
이민한,연극,1,1.0
이민혁,대중가요,4,0.8
이민혁,연극,1,0.2
이민형,기악,4,1.0
이민호,기악,4,1.0
이민희,기악,1,0.5
이민희,대중가요,1,0.5
이바람 라이케르트,기악,1,1.0
이범로,오페라,1,1.0
이범재,뮤지컬,1,1.0
이범주,기악,1,0.3333333333333333
이범주,성악,1,0.3333333333333333
이범주,오페라,1,0.3333333333333333
이범진,기악,1,1.0
이법승,기악,2,1.0
이병구,기악,1,1.0
이병룡,성악,1,1.0
이병무,기악,1,0.5
이병무,대중가요,1,0.5
이병묵,연극,1,1.0
이병선,인형극,1,1.0
이병옥,연극,1,1.0
이병우,기악,1,1.0
이병욱,기악,3,0.6
이병욱,성악,2,0.4
이병진,현대무용,1,1.0
이병철,대중가요,1,0.5
이병철,연극,1,0.5
이병호,뮤지컬,3,0.75
이병호,연극,1,0.25
이보 포고렐리치,기악,1,1.0
이보나,뮤지컬,2,1.0
이보라,뮤지컬,1,0.3333333333333333
이보라,성악,1,0.3333333333333333
이보라,연극,1,0.3333333333333333
이보람,연극,5,1.0
이보연,기악,2,1.0
이보임,기악,1,1.0
이복진,연극,1,1.0
이봄소리,뮤지컬,2,1.0
이봉규,연극,1,1.0
이봉근,기타,1,0.125
이봉근,대중가요,4,0.5
이봉근,연극,3,0.375
이봉근 김나니,성악,1,1.0
이봉기,기악,1,1.0
이봉련,연극,2,1.0
이부열,연극,1,1.0
이비,기악,1,1.0
이빛나,뮤지컬,1,0.5
이빛나,연극,1,0.5
이빛나리,연극,1,1.0
이사랑,한국무용,1,1.0
이사야,오페라,1,1.0
이삭,연극,1,1.0
이산,마임,2,1.0
이삼열,기타,1,1.0
이삼우,연극,1,1.0
이상,대중가요,1,1.0
이상경,기악,1,1.0
이상규,성악,1,0.25
이상규,오페라,3,0.75
이상근,뮤지컬,1,0.3333333333333333
이상근,연극,2,0.6666666666666666
이상래,연극,1,1.0
이상렬,연극,2,1.0
이상로,발레,2,1.0
이상면,대중가요,1,1.0
이상미,연극,2,1.0
이상민,기악,6,0.46153846153846156
이상민,뮤지컬,3,0.23076923076923078
이상민,발레,1,0.07692307692307693
이상민,성악,1,0.07692307692307693
이상민,악극,1,0.07692307692307693
이상민,오페라,1,0.07692307692307693
이상숙,연극,1,1.0
이상승,연극,1,1.0
이상아,연극,1,1.0
이상우,연극,1,1.0
이상원,연극,4,1.0
이상윤,연극,1,1.0
이상은,기악,10,0.9090909090909091
이상은,뮤지컬,1,0.09090909090909091
이상이,뮤지컬,1,0.5
이상이,연극,1,0.5
이상인,대중가요,1,1.0
이상일,연극,1,1.0
이상주,성악,1,1.0
이상준,기악,1,0.2
이상준,뮤지컬,2,0.4
이상준,성악,2,0.4
이상직,재즈/월드뮤직,1,1.0
이상철,연극,5,1.0
이상혁,대중가요,1,0.2
이상혁,뮤지컬,2,0.4
이상혁,연극,2,0.4
이상협,대중가요,1,0.5
이상협,재즈/월드뮤직,1,0.5
이상호,뮤지컬,1,1.0
이상화,악극,1,0.5
이상화,오페라,1,0.5
이상회,기악,1,1.0
이상훈,연극,1,0.25
이상훈,오페라,1,0.25
이상훈,재즈/월드뮤직,1,0.25
이상훈,현대무용,1,0.25
이상흔,뮤지컬,1,1.0
이상희,기악,2,0.5
이상희,연극,2,0.5
이새나,뮤지컬,1,1.0
이새롬,기악,3,0.42857142857142855
이새롬,연극,4,0.5714285714285714
이새벽,기악,2,1.0
이새봄,기악,1,1.0
이새하,기타,1,1.0
이서경,연극,1,1.0
이서림,연극,2,1.0
이서연,연극,1,1.0
이서영,뮤지컬,1,0.3333333333333333
이서영,연극,2,0.6666666666666666
이서원,연극,1,1.0
이서이,연극,1,1.0
이서한,연극,1,1.0
이서현,기악,5,1.0
이석,혼합,1,1.0
이석도,연극,2,1.0
이석엽,연극,1,1.0
이석원,뮤지컬,1,0.5
이석원,성악,1,0.5
이석율,대중가요,1,1.0
이석종,성악,1,1.0
이석준,기악,5,0.3125
이석준,뮤지컬,7,0.4375
이석준,연극,4,0.25
이석중,기악,4,1.0
이석표,연극,2,1.0
이석호,연극,1,1.0
이석훈,뮤지컬,2,1.0
이선,뮤지컬,4,0.5
이선,연극,4,0.5
이선경,연극,2,0.6666666666666666
이선경,재즈/월드뮤직,1,0.3333333333333333
이선근,뮤지컬,2,1.0
이선덕,뮤지컬,1,1.0
이선미,연극,1,1.0
이선민,기악,1,0.5
이선민,현대무용,1,0.5
이선아,발레,1,0.5
이선아,성악,1,0.5
이선엽,성악,1,1.0
이선영,기악,2,0.6666666666666666
이선영,혼합,1,0.3333333333333333
이선옥,기악,1,1.0
이선우,발레,1,0.25
이선우,연극,1,0.25
이선우,오페라,2,0.5
이선이,기악,1,1.0
이선재,연극,1,0.3333333333333333
이선재,재즈/월드뮤직,2,0.6666666666666666
이선정,기악,1,1.0
이선주,연극,3,1.0
이선진,기악,1,1.0
이선태,발레,1,0.5
이선태,연극,1,0.5
이선행,기악,1,1.0
이선호,기악,2,1.0
이선화,기악,1,0.5
이선화,현대무용,1,0.5
이선휘,연극,1,1.0
이선희,연극,1,0.5
이선희,한국무용,1,0.5
이설,연극,1,1.0
이설의,기악,1,1.0
이설형,뮤지컬,1,1.0
이설희,연극,1,1.0
이섬,연극,1,1.0
이섬승,기악,4,1.0
이섭정,연극,1,1.0
이성경,연극,2,1.0
이성구,연극,2,1.0
이성규,성악,1,0.3333333333333333
이성규,연극,2,0.6666666666666666
이성균,연극,1,1.0
이성근,연극,1,1.0
이성모,연극,1,1.0
이성미,기악,1,1.0
이성민,뮤지컬,1,0.3333333333333333
이성민,연극,2,0.6666666666666666
이성빈,기악,3,1.0
이성섭,뮤지컬,2,0.5
이성섭,연극,2,0.5
이성수,연극,1,0.5
이성수,연희,1,0.5
이성순,기악,1,0.3333333333333333
이성순,연극,2,0.6666666666666666
이성열,기악,2,0.6666666666666666
이성열,연극,1,0.3333333333333333
이성요,기악,1,1.0
이성우,오페라,1,1.0
이성욱,뮤지컬,1,1.0
이성원,연극,1,0.5
이성원,오페라,1,0.5
이성은,기악,1,0.3333333333333333
이성은,연극,2,0.6666666666666666
이성일,연극,3,1.0
이성재,연극,1,1.0
이성주,기악,5,0.8333333333333334
이성주,뮤지컬,1,0.16666666666666666
이성준,기악,1,0.25
이성준,뮤지컬,1,0.25
이성준,성악,1,0.25
이성준,한국무용,1,0.25
이성진,기악,1,0.3333333333333333
이성진,뮤지컬,2,0.6666666666666666
이성찬,뮤지컬,1,1.0
이성천,기악,1,1.0
이성하,기악,1,1.0
이성현,기악,1,1.0
이성호,뮤지컬,4,0.4
이성호,연극,6,0.6
이성훈,뮤지컬,2,0.3333333333333333
이성훈,오페라,4,0.6666666666666666
이성희,연극,1,0.3333333333333333
이성희,한국무용,2,0.6666666666666666
이세기,연극,1,1.0
이세란,기악,2,1.0
이세령,뮤지컬,1,1.0
이세리,뮤지컬,1,1.0
이세미,기악,1,1.0
이세승,현대무용,2,1.0
이세영,기악,1,0.16666666666666666
이세영,성악,1,0.16666666666666666
이세영,연극,4,0.6666666666666666
이세인,기악,2,0.5
이세인,발레,1,0.25
이세인,연극,1,0.25
이세진,성악,1,0.5
이세진,오페라,1,0.5
이세헌,현대무용,1,1.0
이세형,연극,1,1.0
이세희,연극,2,1.0
이소금,연극,1,1.0
이소라,기악,1,0.14285714285714285
이소라,대중가요,4,0.5714285714285714
이소라,연극,2,0.2857142857142857
이소란,기악,1,1.0
이소림,기악,2,1.0
이소명,성악,1,1.0
이소미,성악,1,1.0
이소빈,성악,1,1.0
이소산,뮤지컬,1,1.0
이소연,기악,2,0.25
이소연,뮤지컬,1,0.125
이소연,성악,1,0.125
이소연,연극,1,0.125
이소연,오페라,2,0.25
이소연,창극,1,0.125
이소영,기악,3,0.3
이소영,성악,5,0.5
이소영,오페라,2,0.2
이소윤,현대무용,1,1.0
이소은,뮤지컬,1,1.0
이소의,기악,1,1.0
이소정,기악,2,0.4
이소정,발레,1,0.2
이소정,연극,2,0.4
이소혜,성악,1,0.3333333333333333
이소혜,오페라,2,0.6666666666666666
이소희,뮤지컬,1,0.3333333333333333
이소희,연극,2,0.6666666666666666
이솔,기악,1,1.0
이솔비,악극,1,0.5
이솔비,연극,1,0.5
이송연,대중가요,1,1.0
이송현,기악,1,1.0
이송희,기악,2,0.5
이송희,연극,2,0.5
이수경,성악,1,0.3333333333333333
이수경,연극,1,0.3333333333333333
이수경,연희,1,0.3333333333333333
이수근,연희,1,1.0
이수동,연극,1,1.0
이수림,연극,1,1.0
이수미,기악,1,0.16666666666666666
이수미,성악,2,0.3333333333333333
이수미,연극,2,0.3333333333333333
이수미,오페라,1,0.16666666666666666
이수민,기악,11,0.7857142857142857
이수민,연극,3,0.21428571428571427
이수빈,기악,1,0.1111111111111111
이수빈,뮤지컬,4,0.4444444444444444
이수빈,발레,1,0.1111111111111111
이수빈,악극,1,0.1111111111111111
이수빈,연극,2,0.2222222222222222
이수아,기악,3,0.5
이수아,뮤지컬,2,0.3333333333333333
이수아,오페라,1,0.16666666666666666
이수연,연극,2,1.0
이수영,연극,1,0.3333333333333333
이수영,오페라,1,0.3333333333333333
이수영,한국무용,1,0.3333333333333333
이수웅,연극,1,1.0
이수윤,현대무용,1,1.0
이수은,기악,2,0.5
이수은,연극,2,0.5
이수인,연극,6,1.0
이수정,기악,2,0.3333333333333333
이수정,뮤지컬,1,0.16666666666666666
이수정,연극,3,0.5
이수진,기악,1,0.25
이수진,연극,2,0.5
이수진,한국무용,1,0.25
이수함,뮤지컬,2,1.0
이수현,연극,1,0.3333333333333333
이수현,한국무용,2,0.6666666666666666
이수형,기악,2,1.0
이수홍,기악,1,1.0
이수환,기악,1,1.0
이숙영,기악,1,1.0
이숙정,기악,1,1.0
이순교,성악,1,1.0
이순길,연극,1,1.0
이순재,연극,12,0.9230769230769231
이순재,오페라,1,0.07692307692307693
이순형,뮤지컬,2,1.0
이순환,연극,1,1.0
이슬,기악,2,0.5
이슬,넌버벌 퍼포먼스,1,0.25
이슬,연극,1,0.25
이슬기,기악,4,0.2857142857142857
이슬기,뮤지컬,2,0.14285714285714285
이슬기,연극,5,0.35714285714285715
이슬기,연희,1,0.07142857142857142
이슬기,혼합,2,0.14285714285714285
이승경,기악,1,1.0
이승곤,재즈/월드뮤직,1,1.0
이승구,기악,1,1.0
이승규,뮤지컬,1,1.0
이승기,연극,1,1.0
이승동,기악,1,1.0
이승목,연극,1,1.0
이승묵,오페라,2,1.0
이승민,기악,1,0.2
이승민,뮤지컬,1,0.2
이승민,연극,1,0.2
이승민,창극,2,0.4
이승범,성악,1,1.0
이승복,연극,1,1.0
이승분,연극,1,1.0
이승연,기악,1,0.5
이승연,연극,1,0.5
이승왕,오페라,1,1.0
이승우,기악,1,0.08333333333333333
이승우,뮤지컬,2,0.16666666666666666
이승우,성악,1,0.08333333333333333
이승우,연극,5,0.4166666666666667
이승우,오페라,1,0.08333333333333333
이승우,혼합,2,0.16666666666666666
이승원,기악,8,0.8
이승원,연극,2,0.2
이승윤,성악,1,1.0
이승은,기악,1,0.3333333333333333
이승은,뮤지컬,1,0.3333333333333333
이승은,성악,1,0.3333333333333333
이승재,뮤지컬,1,0.2
이승재,연극,4,0.8
이승주,한국무용,1,1.0
이승준,재즈/월드뮤직,1,1.0
이승철,대중가요,2,1.0
이승하,재즈/월드뮤직,1,1.0
이승한,뮤지컬,1,1.0
이승헌,연극,2,1.0
이승혁,기악,1,1.0
이승현,기악,2,0.2
이승현,뮤지컬,4,0.4
이승현,발레,1,0.1
이승현,연극,3,0.3
이승호,기악,1,0.25
이승호,연극,3,0.75
이승환,대중가요,13,1.0
이승훈,기타,1,0.14285714285714285
이승훈,연극,6,0.8571428571428571
이승훤,기악,1,1.0
이승희,기악,5,0.5555555555555556
이승희,성악,2,0.2222222222222222
이승희,연극,2,0.2222222222222222
이시강,뮤지컬,1,1.0
이시문,기타,1,1.0
이시영,뮤지컬,1,0.5
이시영,연극,1,0.5
이시온,기타,1,1.0
이시우,기악,1,1.0
이시운,연극,1,1.0
이시원,연극,3,1.0
이시은,연극,1,1.0
이시현,기악,1,0.5
이시현,연극,1,0.5
이시형,연극,3,1.0
이시환,연극,1,1.0
이시훈,연극,1,1.0
이신규,기악,13,1.0
이신기,연극,1,1.0
이신실,현대무용,1,1.0
이신애,마당극,1,1.0
이신영,기악,1,0.3333333333333333
이신영,연극,2,0.6666666666666666
이신예,성악,2,1.0
이신형,기악,2,1.0
이신호,기악,1,1.0
이실,뮤지컬,2,1.0
이아경,기악,1,0.3333333333333333
이아경,성악,2,0.6666666666666666
이아단,연극,1,1.0
이아람,기악,3,0.42857142857142855
이아람,뮤지컬,1,0.14285714285714285
이아람,발레,2,0.2857142857142857
이아람,혼합,1,0.14285714285714285
이아름,기악,3,0.5
이아름,연극,3,0.5
이아진,뮤지컬,3,1.0
이애리,기악,1,1.0
이애린,연극,1,1.0
이애주,한국무용,2,1.0
이양경,기악,2,1.0
이양구,연극,2,1.0
이양규,기악,1,1.0
이양숙,연극,2,1.0
이양호,연극,1,1.0
이언,기악,2,1.0
이언진,연극,2,1.0
이언화,기악,1,1.0
이엄지,뮤지컬,1,0.5
이엄지,연극,1,0.5
이에리사,기악,1,1.0
이에린,기악,1,1.0
이에소,연극,1,1.0
이에스더,기악,1,1.0
이에슬,연극,1,1.0
이여진,연극,1,1.0
이연경,한국무용,1,1.0
이연구,연극,1,1.0
이연기,연극,1,1.0
이연성,기타,1,0.5
이연성,성악,1,0.5
이연숙,대중가요,1,1.0
이연우,뮤지컬,1,0.16666666666666666
이연우,연극,5,0.8333333333333334
이연재,기악,1,1.0
이연정,성악,1,1.0
이연주,뮤지컬,1,0.2
이연주,연극,4,0.8
이연진,연극,1,1.0
이연희,기악,1,1.0
이염소,연극,1,1.0
이영교,기악,1,1.0
이영규,뮤지컬,2,0.6666666666666666
이영규,서커스/마술,1,0.3333333333333333
이영기,오페라,2,1.0
이영도,현대무용,1,1.0
이영록,뮤지컬,1,0.5
이영록,연극,1,0.5
이영매,연극,1,1.0
이영미,기악,1,0.5
이영미,뮤지컬,1,0.5
이영민,기악,1,0.25
이영민,성악,1,0.25
이영민,연극,1,0.25
이영민,현대무용,1,0.25
이영석,기악,1,0.5
이영석,연극,1,0.5
이영섭,기악,1,0.3333333333333333
이영섭,성악,1,0.3333333333333333
이영섭,연극,1,0.3333333333333333
이영수,뮤지컬,1,0.5
이영수,연극,1,0.5
이영숙,연극,4,0.8
이영숙,오페라,1,0.2
이영신,기악,1,0.3333333333333333
이영신,성악,2,0.6666666666666666
이영옥,성악,1,0.25
이영옥,연극,3,0.75
이영우,기악,2,1.0
이영욱,뮤지컬,3,0.75
이영욱,현대무용,1,0.25
이영운,연극,2,1.0
이영은,기악,4,0.6666666666666666
이영은,연극,2,0.3333333333333333
이영자,스트리트/스포츠댄스,1,1.0
이영재,뮤지컬,2,1.0
이영조,기악,2,0.6666666666666666
이영조,성악,1,0.3333333333333333
이영주,기악,3,0.42857142857142855
이영주,서커스/마술,1,0.14285714285714285
이영주,재즈/월드뮤직,3,0.42857142857142855
이영중,연극,2,1.0
이영지,연극,2,1.0
이영진,연극,1,1.0
이영찬,연극,1,1.0
이영철,기악,2,1.0
이영탁,대중가요,1,1.0
이영택,대중가요,1,0.5
이영택,악극,1,0.5
이영한,서커스/마술,1,1.0
이영호. 김성수,뮤지컬,1,1.0
이영화,기악,1,0.5
이영화,성악,1,0.5
이영환,연극,3,1.0
이영훈,기악,2,0.5
이영훈,성악,1,0.25
이영훈,혼합,1,0.25
이영희,기악,1,0.5
이영희,연극,1,0.5
이예닮,한국무용,1,1.0
이예루,뮤지컬,1,1.0
이예린,기악,9,0.75
이예린,성악,1,0.08333333333333333
이예린,연극,2,0.16666666666666666
이예림,현대무용,1,1.0
이예본,한국무용,1,1.0
이예빈,뮤지컬,1,0.3333333333333333
이예빈,연극,2,0.6666666666666666
이예성,기악,1,1.0
이예슬,연극,1,1.0
이예영,성악,2,1.0
이예원,뮤지컬,1,0.5
이예원,연극,1,0.5
이예은,뮤지컬,4,0.6666666666666666
이예은,연극,2,0.3333333333333333
이예음,성악,1,1.0
이예인,뮤지컬,1,1.0
이예준,기악,1,0.5
이예준,대중가요,1,0.5
이예지,오페라,1,1.0
이예진,기악,2,0.6666666666666666
이예진,연극,1,0.3333333333333333
이예찬,연극,2,1.0
이오진,연극,3,1.0
이옥규,기악,1,1.0
이온숙,성악,1,1.0
이완규,뮤지컬,1,1.0
이완기,연극,1,1.0
이완희,연극,1,1.0
이왕혁,연극,1,1.0
이요나,연극,1,1.0
이요한,성악,1,1.0
이용관,뮤지컬,1,1.0
이용규,뮤지컬,1,1.0
이용도,연극,1,1.0
이용문,연극,1,1.0
이용석,넌버벌 퍼포먼스,1,0.14285714285714285
이용석,재즈/월드뮤직,6,0.8571428571428571
이용성,연극,1,1.0
이용우,현대무용,1,1.0
이용원,기악,1,1.0
이용주,악극,1,0.3333333333333333
이용주,연극,2,0.6666666666666666
이용진,재즈/월드뮤직,1,1.0
이용탁,기악,2,0.5
이용탁,한국무용,2,0.5
이용헌,연극,1,1.0
이우건,연극,1,1.0
이우람,뮤지컬,1,0.2
이우람,연극,4,0.8
이우석,악극,1,1.0
이우선,한국무용,1,1.0
이우성,현대무용,1,1.0
이우송,연극,1,1.0
이우영,혼합,1,1.0
이우일,기악,2,1.0
이우종,뮤지컬,1,1.0
이우진,기악,2,0.5
이우진,뮤지컬,1,0.25
이우진,오페라,1,0.25
이우천,연극,1,1.0
이우형,대중가요,1,1.0
이운복,기악,1,1.0
이운호,연극,1,1.0
이웅렬,연극,1,1.0
이웅현,연극,1,1.0
이웅희,기악,1,1.0
이원만,연극,1,1.0
이원민,뮤지컬,1,1.0
이원복,기악,1,1.0
이원상,뮤지컬,1,1.0
이원석,대중가요,1,1.0
이원설,발레,1,1.0
이원성,연극,2,1.0
이원아,발레,1,1.0
이원영,연극,1,1.0
이원우,기악,1,0.16666666666666666
이원우,대중가요,1,0.16666666666666666
이원우,연극,4,0.6666666666666666
이원장,연극,1,1.0
이원재,연극,7,1.0
이원주,기악,1,1.0
이원준,성악,2,0.2857142857142857
이원준,연극,5,0.7142857142857143
이원혁,뮤지컬,1,0.3333333333333333
이원혁,서커스/마술,2,0.6666666666666666
이원희,대중가요,1,0.5
이원희,뮤지컬,1,0.5
이유경,기악,1,0.2
이유경,뮤지컬,2,0.4
이유경,성악,1,0.2
이유경,연극,1,0.2
이유나,연극,1,1.0
이유라,발레,1,0.5
이유라,성악,1,0.5
이유리,기악,1,0.25
이유리,대중가요,1,0.25
이유리,연극,2,0.5
이유림,현대무용,2,1.0
이유민,기악,2,1.0
이유범,발레,1,1.0
이유선,연극,1,1.0
이유숙,연극,1,1.0
이유연,연극,1,1.0
이유정,뮤지컬,1,1.0
이유진,기악,5,0.5555555555555556
이유진,성악,1,0.1111111111111111
이유진,악극,1,0.1111111111111111
이유진,연극,2,0.2222222222222222
이유현,기악,2,1.0
이유화,기악,1,0.5
이유화,성악,1,0.5
이윤경,기악,1,0.14285714285714285
이윤경,성악,3,0.42857142857142855
이윤경,연극,3,0.42857142857142855
이윤나,뮤지컬,2,1.0
이윤미,기악,1,0.5
이윤미,연극,1,0.5
이윤상,연극,3,1.0
이윤석,기악,8,0.8888888888888888
이윤석,성악,1,0.1111111111111111
이윤선,연극,4,1.0
이윤수,기악,2,0.4
이윤수,연극,3,0.6
이윤숙,성악,2,1.0
이윤아,성악,1,1.0
이윤의,악극,1,1.0
이윤재,연극,1,1.0
이윤정,기악,8,0.34782608695652173
이윤정,뮤지컬,2,0.08695652173913043
이윤정,성악,3,0.13043478260869565
이윤정,연극,8,0.34782608695652173
이윤정,한국무용,1,0.043478260869565216
이윤정,현대무용,1,0.043478260869565216
이윤주,기악,2,0.6666666666666666
이윤주,연극,1,0.3333333333333333
이윤지,기악,2,0.2857142857142857
이윤지,발레,1,0.14285714285714285
이윤지,성악,2,0.2857142857142857
이윤지,연극,2,0.2857142857142857
이윤하,기악,1,1.0
이윤희,기악,1,0.5
이윤희,연극,1,0.5
이율,뮤지컬,2,1.0
이율구,뮤지컬,1,1.0
이은,연극,1,1.0
이은결,서커스/마술,1,1.0
이은경,기악,1,0.14285714285714285
이은경,성악,2,0.2857142857142857
이은경,연극,1,0.14285714285714285
이은경,오페라,1,0.14285714285714285
이은경,현대무용,2,0.2857142857142857
이은기,성악,1,0.5
이은기,연극,1,0.5
이은랑,오페라,1,1.0
이은미,기악,3,0.75
이은미,기타,1,0.25
이은비,성악,1,0.5
이은비,연극,1,0.5
이은빈,기악,1,1.0
이은새,기악,1,1.0
이은서,기악,2,0.6666666666666666
이은서,연극,1,0.3333333333333333
이은석,연극,1,1.0
이은솜,기타,1,1.0
이은송,한국무용,1,1.0
이은수,기악,1,1.0
이은숙,뮤지컬,1,0.5
이은숙,연극,1,0.5
이은실,악극,1,1.0
이은아,뮤지컬,1,0.3333333333333333
이은아,연극,2,0.6666666666666666
이은애,뮤지컬,1,1.0
이은영,기악,1,0.2
이은영,뮤지컬,1,0.2
이은영,성악,1,0.2
이은영,연극,1,0.2
이은영,재즈/월드뮤직,1,0.2
이은용,연극,1,1.0
이은원,발레,1,1.0
이은율,한국무용,1,1.0
이은정,기악,4,0.5714285714285714
이은정,뮤지컬,1,0.14285714285714285
이은정,연극,1,0.14285714285714285
이은정,오페라,1,0.14285714285714285
이은주,기악,1,0.16666666666666666
이은주,연극,5,0.8333333333333334
이은준,기악,1,0.25
이은준,연극,3,0.75
이은지,기악,4,0.5
이은지,연극,4,0.5
이은진,기악,1,0.3333333333333333
이은진,성악,2,0.6666666666666666
이은창,연극,1,1.0
이은채,연극,1,1.0
이은향,연극,1,1.0
이은혜,기악,2,0.2222222222222222
이은혜,뮤지컬,1,0.1111111111111111
이은혜,발레,2,0.2222222222222222
이은혜,성악,1,0.1111111111111111
이은혜,연극,1,0.1111111111111111
이은혜,오페라,2,0.2222222222222222
이은호,기악,2,0.3333333333333333
이은호,연극,4,0.6666666666666666
이은희,성악,2,1.0
이음,연극,1,1.0
이응광,기악,2,0.2
이응광,기타,1,0.1
이응광,성악,6,0.6
이응광,오페라,1,0.1
이응규,뮤지컬,3,1.0
이응석,넌버벌 퍼포먼스,1,0.5
이응석,뮤지컬,1,0.5
이의령,연극,1,1.0
이의주,오페라,3,1.0
이의진,기악,2,1.0
이의현,연극,1,1.0
이이림,연극,1,1.0
이이슬,기악,1,0.5
이이슬,현대무용,1,0.5
이익현,기악,2,0.6666666666666666
이익현,한국무용,1,0.3333333333333333
이인경,기악,1,1.0
이인석,연극,2,1.0
이인수,연극,1,0.3333333333333333
이인수,현대무용,2,0.6666666666666666
이인식,연극,1,1.0
이인애,기악,2,1.0
이인영,기악,2,1.0
이인원,기타,1,1.0
이인준,연극,1,1.0
이인지,기악,1,1.0
이인철,성악,1,1.0
이인학,성악,1,0.5
이인학,오페라,1,0.5
이인화,뮤지컬,1,1.0
이일령,성악,1,1.0
이일섭,연극,3,1.0
이일영,연극,1,1.0
이일주,기악,1,1.0
이일진,연극,1,1.0
이자람,기악,1,0.25
이자람,성악,3,0.75
이자순,연극,3,1.0
이자연,대중가요,1,1.0
이자영,기악,1,0.5
이자영,뮤지컬,1,0.5
이장우,뮤지컬,1,1.0
이재경,기악,3,1.0
이재균,뮤지컬,4,0.6666666666666666
이재균,악극,1,0.16666666666666666
이재균,연극,1,0.16666666666666666
이재문,기악,1,1.0
이재민,연극,1,1.0
이재복,성악,1,1.0
이재서,기악,1,1.0
이재석,현대무용,1,1.0
이재섭,연극,1,1.0
이재성,기악,1,0.2
이재성,대중가요,2,0.4
이재성,연극,2,0.4
이재식,넌버벌 퍼포먼스,1,1.0
이재신,성악,3,1.0
이재영,기악,1,0.125
이재영,뮤지컬,1,0.125
이재영,연극,3,0.375
이재영,현대무용,3,0.375
이재완,기악,5,1.0
이재우,발레,1,1.0
이재욱,뮤지컬,1,0.3333333333333333
이재욱,성악,1,0.3333333333333333
이재욱,연극,1,0.3333333333333333
이재원,기악,1,0.2
이재원,성악,1,0.2
이재원,연극,3,0.6
이재윤,연극,1,1.0
이재은,기악,1,0.16666666666666666
이재은,뮤지컬,3,0.5
이재은,성악,1,0.16666666666666666
이재은,오페라,1,0.16666666666666666
이재일,마당극,1,0.5
이재일,연희,1,0.5
이재정,연극,1,1.0
이재준,기악,1,0.5
이재준,뮤지컬,1,0.5
이재진,기악,1,1.0
이재찬,연극,2,1.0
이재철,뮤지컬,2,1.0
이재혁,기악,1,0.5
이재혁,연극,1,0.5
이재형,기악,3,0.5
이재형,뮤지컬,2,0.3333333333333333
이재형,연극,1,0.16666666666666666
이재혜,연극,1,1.0
이재호,기악,1,0.5
이재호,연극,1,0.5
이재후,발레,1,1.0
이재훈,기악,1,1.0
이재희,연극,1,1.0
이저현,연극,1,1.0
이정경,연극,1,1.0
이정국,연극,1,1.0
이정권,기악,1,1.0
이정규,뮤지컬,2,0.4
이정규,연극,3,0.6
이정기,뮤지컬,2,0.6666666666666666
이정기,연극,1,0.3333333333333333
이정남,연극,3,1.0
이정란,기악,6,0.8571428571428571
이정란,성악,1,0.14285714285714285
이정미,기악,1,0.3333333333333333
이정미,연극,2,0.6666666666666666
이정민,기악,7,0.5833333333333334
이정민,넌버벌 퍼포먼스,1,0.08333333333333333
이정민,마당극,1,0.08333333333333333
이정민,연극,1,0.08333333333333333
이정민,재즈/월드뮤직,1,0.08333333333333333
이정민,현대무용,1,0.08333333333333333
이정보,뮤지컬,1,1.0
이정석,대중가요,2,1.0
이정선,성악,1,1.0
이정수,뮤지컬,2,0.6666666666666666
이정수,성악,1,0.3333333333333333
이정식,재즈/월드뮤직,1,1.0
이정아,기악,2,0.4
이정아,뮤지컬,2,0.4
이정아,성악,1,0.2
이정연,기악,3,0.42857142857142855
이정연,뮤지컬,2,0.2857142857142857
이정연,악극,1,0.14285714285714285
이정연,연극,1,0.14285714285714285
이정열,뮤지컬,4,1.0
이정우,기악,1,1.0
이정원,기악,3,0.42857142857142855
이정원,뮤지컬,1,0.14285714285714285
이정원,성악,3,0.42857142857142855
이정윤,기악,1,0.5
이정윤,한국무용,1,0.5
이정은,기악,3,0.3
이정은,성악,3,0.3
이정은,연극,2,0.2
이정은,오페라,2,0.2
이정인,기악,2,0.4
이정인,연극,2,0.4
이정인,현대무용,1,0.2
이정일,기악,1,0.5
이정일,성악,1,0.5
이정재,연극,1,1.0
이정제,현대무용,1,1.0
이정주,뮤지컬,1,0.5
이정주,연극,1,0.5
이정춘,연극,1,1.0
이정표,기타,1,0.5
이정표,성악,1,0.5
이정하,대중가요,1,0.3333333333333333
이정하,연극,2,0.6666666666666666
이정헌,오페라,1,1.0
이정혁,연극,2,1.0
이정현,기악,3,0.75
이정현,연극,1,0.25
이정혜,기악,1,1.0
이정호,현대무용,1,1.0
이정환,오페라,1,1.0
이정후,연극,2,1.0
이정훈,연극,5,1.0
이정희,기악,1,0.3333333333333333
이정희,한국무용,1,0.3333333333333333
이정희,현대무용,1,0.3333333333333333
이제민,연극,2,1.0
이제성,연극,1,1.0
이제우,연극,1,1.0
이제헌,기악,1,1.0
이제훈,혼합,1,1.0
이종관,기악,1,0.5
이종관,성악,1,0.5
이종구,연극,1,1.0
이종근,연극,1,1.0
이종만,기악,1,1.0
이종민,연극,2,1.0
이종석,뮤지컬,1,1.0
이종섭,기악,1,0.5
이종섭,뮤지컬,1,0.5
이종성,기악,1,0.5
이종성,재즈/월드뮤직,1,0.5
이종승,연극,1,1.0
이종욱,연극,1,1.0
이종운,기악,1,1.0
이종원,뮤지컬,3,0.6
이종원,연극,1,0.2
이종원,재즈/월드뮤직,1,0.2
이종윤,기악,1,0.25
이종윤,뮤지컬,1,0.25
이종윤,연극,2,0.5
이종은,기악,3,0.6
이종은,연극,1,0.2
이종은,오페라,1,0.2
이종인,연극,1,1.0
이종진,기악,2,0.4
이종진,성악,1,0.2
이종진,현대무용,2,0.4
이종찬,연극,2,1.0
이종혁,뮤지컬,3,0.5
이종혁,연극,3,0.5
이종호,뮤지컬,1,0.25
이종호,성악,1,0.25
이종호,한국무용,2,0.5
이종화,기악,1,1.0
이종환,뮤지컬,1,0.5
이종환,연극,1,0.5
이종훈,대중가요,1,0.25
이종훈,뮤지컬,1,0.25
이종훈,연극,1,0.25
이종훈,한국무용,1,0.25
이주광,뮤지컬,3,1.0
이주리,성악,1,1.0
이주미,재즈/월드뮤직,3,1.0
이주빈,기악,1,1.0
이주성,현대무용,1,1.0
이주승,연극,1,1.0
이주실,연극,1,1.0
이주야,연극,1,1.0
이주언,기악,1,1.0
이주연,기악,2,0.2857142857142857
이주연,성악,1,0.14285714285714285
이주연,연극,2,0.2857142857142857
이주연,오페라,2,0.2857142857142857
이주영,기악,1,0.08333333333333333
이주영,대중가요,1,0.08333333333333333
이주영,뮤지컬,2,0.16666666666666666
이주영,연극,7,0.5833333333333334
이주영,한국무용,1,0.08333333333333333
이주용,기악,1,1.0
이주원,기악,1,0.2
이주원,연극,2,0.4
이주원,인형극,1,0.2
이주원,혼합,1,0.2
이주은,기악,1,1.0
이주찬,연극,1,1.0
이주행,마당극,1,1.0
이주헌,기악,2,1.0
이주혁,기악,1,1.0
이주현,기악,1,0.25
이주현,뮤지컬,1,0.25
이주현,연극,1,0.25
이주현,현대무용,1,0.25
이주형,기악,1,0.5
이주형,연극,1,0.5
이주호,대중가요,1,0.25
이주호,뮤지컬,1,0.25
이주호,연극,2,0.5
이주화,연극,2,1.0
이주희,기악,4,0.3076923076923077
이주희,성악,1,0.07692307692307693
이주희,연극,5,0.38461538461538464
이주희,오페라,1,0.07692307692307693
이주희,인형극,1,0.07692307692307693
이주희,혼합,1,0.07692307692307693
이준,뮤지컬,1,0.25
이준,연극,3,0.75
이준녕,뮤지컬,1,1.0
이준목,기악,3,0.3
이준목,뮤지컬,6,0.6
이준목,성악,1,0.1
이준범,연극,1,1.0
이준삼,기악,1,1.0
이준서,기악,2,1.0
이준석,연극,4,0.8
이준석,오페라,1,0.2
이준선,연극,1,1.0
이준성,기악,1,0.25
이준성,연극,3,0.75
이준연,현대무용,1,1.0
이준영,기악,2,0.25
이준영,뮤지컬,1,0.125
이준영,연극,5,0.625
이준우,기악,1,0.3333333333333333
이준우,연극,2,0.6666666666666666
이준욱,현대무용,1,1.0
이준철,현대무용,1,1.0
이준학,오페라,2,1.0
이준헌,연극,1,1.0
이준혁,뮤지컬,5,0.8333333333333334
이준혁,연극,1,0.16666666666666666
이준현,연극,1,1.0
이준형,대중가요,1,0.25
이준형,성악,3,0.75
이준호,뮤지컬,2,0.4
이준호,연극,3,0.6
이준희,기악,1,0.3333333333333333
이준희,연극,2,0.6666666666666666
이중세,뮤지컬,1,1.0
이중옥,연극,1,1.0
이중희,기악,1,1.0
이지나,뮤지컬,4,0.5714285714285714
이지나,연극,3,0.42857142857142855
이지만,연극,1,1.0
이지명,뮤지컬,1,1.0
이지민,뮤지컬,5,0.5
이지민,연극,3,0.3
이지민,재즈/월드뮤직,1,0.1
이지민,현대무용,1,0.1
이지석,뮤지컬,1,1.0
이지선,기악,3,0.5
이지선,뮤지컬,1,0.16666666666666666
이지선,한국무용,2,0.3333333333333333
이지성,연극,1,1.0
이지수,기악,2,0.2857142857142857
이지수,뮤지컬,3,0.42857142857142855
이지수,성악,1,0.14285714285714285
이지수,연극,1,0.14285714285714285
이지숙,뮤지컬,6,0.75
이지숙,성악,1,0.125
이지숙,연극,1,0.125
이지아,기악,1,1.0
이지안,연극,2,1.0
이지언,기악,1,1.0
이지연,기악,9,0.8181818181818182
이지연,뮤지컬,1,0.09090909090909091
이지연,재즈/월드뮤직,1,0.09090909090909091
이지영,기악,13,0.48148148148148145
이지영,뮤지컬,1,0.037037037037037035
이지영,발레,1,0.037037037037037035
이지영,성악,3,0.1111111111111111
이지영,연극,5,0.18518518518518517
이지영,재즈/월드뮤직,4,0.14814814814814814
이지용,연극,3,1.0
이지운,연극,1,1.0
이지원,기악,2,0.2857142857142857
이지원,대중가요,1,0.14285714285714285
이지원,성악,1,0.14285714285714285
이지원,연극,2,0.2857142857142857
이지원,현대무용,1,0.14285714285714285
이지유,연극,2,0.6666666666666666
이지유,인형극,1,0.3333333333333333
이지윤,기악,7,1.0
이지율,기악,1,1.0
이지은,기악,2,0.16666666666666666
이지은,뮤지컬,4,0.3333333333333333
이지은,악극,1,0.08333333333333333
이지은,연극,5,0.4166666666666667
이지하,연극,1,1.0
이지행,기악,1,1.0
이지향,연극,1,1.0
이지혁,연극,3,1.0
이지현,기악,3,0.21428571428571427
이지현,발레,1,0.07142857142857142
이지현,성악,1,0.07142857142857142
이지현,연극,8,0.5714285714285714
이지현,한국무용,1,0.07142857142857142
이지형,대중가요,3,1.0
이지혜,기악,15,0.5172413793103449
이지혜,마임,1,0.034482758620689655
이지혜,뮤지컬,4,0.13793103448275862
이지혜,연극,9,0.3103448275862069
이지호,연극,2,1.0
이지환,기악,1,0.5
이지환,성악,1,0.5
이지훈,기악,2,0.25
이지훈,뮤지컬,4,0.5
이지훈,연극,2,0.25
이지희,기악,1,1.0
이진,기악,1,1.0
이진경,연극,5,1.0
이진기,뮤지컬,4,1.0
이진리,악극,1,1.0
이진명,연극,2,1.0
이진상,기악,9,1.0
이진샘,연극,2,1.0
이진서,대중가요,1,1.0
이진석,연극,1,1.0
이진선,뮤지컬,1,0.5
이진선,현대무용,1,0.5
이진성,기악,2,0.3333333333333333
이진성,연극,4,0.6666666666666666
이진실,성악,1,0.5
이진실,연극,1,0.5
이진아,기악,1,0.5
이진아,연극,1,0.5
이진영,기악,5,0.7142857142857143
이진영,발레,1,0.14285714285714285
이진영,재즈/월드뮤직,1,0.14285714285714285
이진옥,기악,1,1.0
이진우,기타,1,0.14285714285714285
이진우,대중가요,1,0.14285714285714285
이진우,뮤지컬,3,0.42857142857142855
이진우,성악,1,0.14285714285714285
이진우,연극,1,0.14285714285714285
이진욱,뮤지컬,2,1.0
이진원,기악,1,1.0
이진주,연극,1,1.0
이진철,기악,1,0.5
이진철,연극,1,0.5
이진혁,뮤지컬,1,1.0
이진형,뮤지컬,1,1.0
이진혜,기악,1,0.5
이진혜,성악,1,0.5
이진호,연극,2,1.0
이진화,기악,1,1.0
이진희,기악,1,0.25
이진희,뮤지컬,1,0.25
이진희,연극,2,0.5
이찬,발레,1,1.0
이찬미,기악,1,1.0
이찬양,연극,2,1.0
이찬우,뮤지컬,1,1.0
이찬원,대중가요,3,1.0
이찬해,기악,1,1.0
이찬후,연극,1,1.0
이찬희,대중가요,1,1.0
이창건,연극,4,0.8
이창건,오페라,1,0.2
이창기,연극,2,1.0
이창민,연극,1,0.5
이창민,현대무용,1,0.5
이창신,연극,1,1.0
이창용,기악,1,0.25
이창용,기타,1,0.25
이창용,뮤지컬,2,0.5
이창원,연극,3,0.75
이창원,오페라,1,0.25
이창익,악극,2,1.0
이창주,연극,2,1.0
이창형,기악,3,0.75
이창형,성악,1,0.25
이창호,연극,5,1.0
이창훈,연극,1,0.3333333333333333
이창훈,한국무용,2,0.6666666666666666
이창희,기악,1,0.5
이창희,연극,1,0.5
이채,연극,2,1.0
이채란,성악,1,1.0
이채림,연극,1,1.0
이채성,연극,1,1.0
이채연,연극,1,1.0
이채영,뮤지컬,1,1.0
이채원,성악,1,1.0
이채유,연극,1,1.0
이채윤,기악,1,0.5
이채윤,연극,1,0.5
이채현,기악,1,0.3333333333333333
이채현,연극,1,0.3333333333333333
이채현,혼합,1,0.3333333333333333
이철민,기악,2,1.0
이철웅,기악,1,1.0
이철진,한국무용,4,0.8
이철진,혼합,1,0.2
이철호,기악,1,0.5
이철호,대중가요,1,0.5
이철희,연극,5,1.0
이청오,뮤지컬,1,1.0
이초롱,연극,2,1.0
이초아,연극,1,1.0
이초희,기악,1,0.5
이초희,연극,1,0.5
이춘국,연극,1,1.0
이춘미,기악,1,1.0
이춘혜,기악,1,1.0
이춘희,연극,1,1.0
이충식,연극,1,1.0
이충주,기타,1,0.3333333333333333
이충주,뮤지컬,2,0.6666666666666666
이충하,혼합,1,1.0
이충호,기악,1,0.5
이충호,연극,1,0.5
이치민,연극,1,1.0
이칠규,기악,1,1.0
이칠성,오페라,1,1.0
이크신,연극,1,1.0
이탁호,연극,1,1.0
이태경,기악,2,0.3333333333333333
이태경,뮤지컬,1,0.16666666666666666
이태경,연극,3,0.5
이태권,혼합,1,1.0
이태규,연극,1,1.0
이태린,연극,1,1.0
이태민,기악,1,1.0
이태백,기악,3,0.6
이태백,성악,2,0.4
이태빈,연극,1,1.0
이태상,현대무용,1,1.0
이태섭,연극,6,1.0
이태성,연극,1,1.0
이태양,현대무용,3,1.0
이태영,마당극,1,0.3333333333333333
이태영,연극,2,0.6666666666666666
이태오,뮤지컬,1,1.0
이태완,창극,1,1.0
이태욱,뮤지컬,1,1.0
이태원,연극,1,1.0
이태은,뮤지컬,1,0.3333333333333333
이태은,연극,1,0.3333333333333333
이태은,오페라,1,0.3333333333333333
이태일,연극,1,1.0
이태준,연극,1,1.0
이태형,뮤지컬,1,1.0
이태호,연극,2,1.0
이태훈,연극,1,1.0
이태희,대중가요,1,1.0
이택기,기악,3,1.0
이택주,기악,3,1.0
이택희,뮤지컬,1,1.0
이평화,기악,1,0.3333333333333333
이평화,연극,2,0.6666666666666666
이필승,현대무용,1,1.0
이필주,연극,2,1.0
이하경,성악,1,1.0
이하나,뮤지컬,1,0.5
이하나,연희,1,0.5
이하늘,기악,1,0.5
이하늘,연극,1,0.5
이하린,연극,2,1.0
이하미,연극,1,1.0
이하슬,연극,1,1.0
이하영,기악,1,1.0
이하은,발레,1,0.5
이하은,연극,1,0.5
이하정,연극,1,1.0
이하준,연극,1,1.0
이학,현대무용,1,1.0
이학경,기악,2,1.0
이학재,연극,1,1.0
이한,연극,1,1.0
이한나,기악,7,0.7
이한나,발레,1,0.1
이한나,오페라,1,0.1
이한나,현대무용,1,0.1
이한밀,뮤지컬,2,1.0
이한범,넌버벌 퍼포먼스,2,1.0
이한별,뮤지컬,1,0.5
이한별,연극,1,0.5
이한빈,대중가요,1,1.0
이한섭,연극,1,1.0
이한솔,성악,1,0.25
이한솔,연극,2,0.5
이한솔,한국무용,1,0.25
이한승,연극,1,1.0
이한얼,대중가요,1,0.5
이한얼,재즈/월드뮤직,1,0.5
이한용,연극,1,1.0
이한위,연극,2,1.0
이한주,뮤지컬,1,1.0
이한진,대중가요,1,0.5
이한진,재즈/월드뮤직,1,0.5
이한호,성악,1,1.0
이한희,연극,1,1.0
이항석,기악,2,1.0
이해니,발레,1,1.0
이해든,기악,1,1.0
이해리,연극,1,1.0
이해선,한국무용,1,1.0
이해성,악극,1,0.25
이해성,오페라,3,0.75
이해숙,대중가요,1,1.0
이해인,성악,1,0.5
이해인,연극,1,0.5
이해재,연극,1,1.0
이해제,연극,7,1.0
이해준,뮤지컬,3,0.5
이해준,연극,3,0.5
이해진,뮤지컬,2,1.0
이해찬,오페라,1,1.0
이향수,기악,2,1.0
이향욱,오페라,1,1.0
이향진,기악,1,1.0
이향하,성악,1,0.5
이향하,연극,1,0.5
이헌일,연극,1,1.0
이헌재,뮤지컬,1,1.0
이헤민,연극,1,1.0
이헤정,연극,1,1.0
이헤지,연극,1,1.0
이헤진,기악,1,0.5
이헤진,오페라,1,0.5
이혁우,뮤지컬,1,0.5
이혁우,연극,1,0.5
이현,기악,1,0.14285714285714285
이현,뮤지컬,2,0.2857142857142857
이현,성악,3,0.42857142857142855
이현,오페라,1,0.14285714285714285
이현강,기악,1,0.5
이현강,뮤지컬,1,0.5
이현경,기악,1,0.14285714285714285
이현경,연극,2,0.2857142857142857
이현경,한국무용,1,0.14285714285714285
이현경,현대무용,3,0.42857142857142855
이현도,뮤지컬,2,1.0
이현민,기악,1,0.3333333333333333
이현민,기타,1,0.3333333333333333
이현민,성악,1,0.3333333333333333
이현빈,기악,1,1.0
이현석,연극,3,1.0
이현섭,뮤지컬,1,1.0
이현수,마임,1,0.3333333333333333
이현수,발레,1,0.3333333333333333
이현수,연극,1,0.3333333333333333
이현승,기악,1,0.5
이현승,연극,1,0.5
이현식,연극,1,1.0
이현아,연극,2,1.0
이현애,기악,3,1.0
이현영,오페라,1,1.0
이현옥,기악,1,0.3333333333333333
이현옥,성악,1,0.3333333333333333
이현옥,연극,1,0.3333333333333333
이현우,기악,1,0.5
이현우,뮤지컬,1,0.5
이현웅,기악,2,1.0
이현재,기악,1,0.5
이현재,뮤지컬,1,0.5
이현정,기악,4,0.5
이현정,뮤지컬,1,0.125
이현정,성악,1,0.125
이현정,연극,1,0.125
이현정,현대무용,1,0.125
이현종,오페라,2,1.0
이현주,기악,5,0.5
이현주,연극,3,0.3
이현주,인형극,1,0.1
이현주,현대무용,1,0.1
이현주 임지호,연극,1,1.0
이현준,발레,2,0.4
이현준,연극,2,0.4
이현준,재즈/월드뮤직,1,0.2
이현지,뮤지컬,1,0.14285714285714285
이현지,성악,1,0.14285714285714285
이현지,연극,5,0.7142857142857143
이현직,연극,3,1.0
이현진,기악,4,0.5
이현진,뮤지컬,1,0.125
이현진,연극,3,0.375
이현창,기악,1,1.0
이현철,기악,1,1.0
이현호,연극,1,1.0
이현희,연극,2,1.0
이형규,뮤지컬,1,1.0
이형민,기악,1,0.5
이형민,오페라,1,0.5
이형빈,연극,1,1.0
이형선,연극,1,1.0
이형오,연극,2,1.0
이형우,서커스/마술,1,0.5
이형우,현대무용,1,0.5
이형자,연극,1,1.0
이형주,뮤지컬,1,0.25
이형주,연극,3,0.75
이형천,기악,1,1.0
이형철,기악,1,1.0
이형훈,뮤지컬,2,0.2222222222222222
이형훈,연극,7,0.7777777777777778
이혜경,기악,2,0.2857142857142857
이혜경,뮤지컬,4,0.5714285714285714
이혜경,오페라,1,0.14285714285714285
이혜리,대중가요,1,0.5
이혜리,뮤지컬,1,0.5
이혜린,연극,1,1.0
이혜림,기악,1,0.2
이혜림,뮤지컬,3,0.6
이혜림,연극,1,0.2
이혜미,연극,1,1.0
이혜민,넌버벌 퍼포먼스,2,0.6666666666666666
이혜민,연극,1,0.3333333333333333
이혜상,현대무용,5,1.0
이혜성,기악,1,0.5
이혜성,뮤지컬,1,0.5
이혜수,뮤지컬,1,1.0
이혜연,연극,2,1.0
이혜영,기악,2,0.6666666666666666
이혜영,오페라,1,0.3333333333333333
이혜원,기악,3,0.75
이혜원,연극,1,0.25
이혜인,기악,1,0.5
이혜인,연극,1,0.5
이혜전,오페라,2,1.0
이혜정,연극,3,1.0
이혜주,기악,1,0.5
이혜주,연극,1,0.5
이혜준,현대무용,2,1.0
이혜지,연극,1,1.0
이혜진,기악,1,0.16666666666666666
이혜진,성악,1,0.16666666666666666
이혜진,연극,2,0.3333333333333333
이혜진,오페라,2,0.3333333333333333
이호,연극,1,1.0
이호근,연극,1,1.0
이호림,연극,2,1.0
이호빈,기악,1,1.0
이호석,기악,1,0.5
이호석,대중가요,1,0.5
이호성,연극,2,1.0
이호수,연극,1,1.0
이호연,기악,1,1.0
이호열,연극,8,1.0
이호영,뮤지컬,1,0.25
이호영,연극,3,0.75
이호용,연희,1,1.0
이호원,기악,1,0.3333333333333333
이호원,연극,2,0.6666666666666666
이호정,기악,1,0.3333333333333333
이호정,성악,1,0.3333333333333333
이호정,연극,1,0.3333333333333333
이호준,기악,1,0.5
이호준,연극,1,0.5
이호진,기악,1,0.5
이호진,뮤지컬,1,0.5
이호찬,기악,13,1.0
이호철,연극,1,1.0
이호택,오페라,1,1.0
이홍,현대무용,1,1.0
이홍경,기악,1,1.0
이홍기,연극,3,1.0
이홍렬,연극,1,1.0
이홍모,뮤지컬,2,1.0
이홍석,기악,1,1.0
이홍이,연극,3,1.0
이홍재,악극,1,1.0
이홍주,연극,1,1.0
이화,연극,1,1.0
이화경,기악,1,1.0
이화선,현대무용,2,1.0
이화영,기악,4,0.4
이화영,성악,1,0.1
이화영,연극,4,0.4
이화영,오페라,1,0.1
이화용,뮤지컬,2,1.0
이화정,기악,1,0.5
이화정,연극,1,0.5
이환,연극,2,1.0
이환범,연극,1,1.0
이황섭,연극,2,1.0
이황용,연극,1,1.0
이황의,연극,1,1.0
이회수,오페라,3,1.0
이회영,기악,1,1.0
이회원,대중가요,1,1.0
이효빈,기악,1,1.0
이효석,오페라,2,1.0
이효숙,기악,1,0.5
이효숙,연극,1,0.5
이효연,기악,1,1.0
이효원,기악,3,1.0
이효정,뮤지컬,2,1.0
이효주,기악,3,1.0
이효진,연극,4,1.0
이후림,뮤지컬,1,0.5
이후림,연극,1,0.5
이후성,연극,2,1.0
이훈희,연극,1,1.0
이휘종,뮤지컬,1,0.5
이휘종,연극,1,0.5
이휴,뮤지컬,1,1.0
이흔지,연극,1,1.0
이희경,연극,1,1.0
이희랑,기악,1,1.0
이희명,기악,5,1.0
이희문,기악,2,0.15384615384615385
이희문,대중가요,1,0.07692307692307693
이희문,성악,4,0.3076923076923077
이희문,재즈/월드뮤직,2,0.15384615384615385
이희문,혼합,4,0.3076923076923077
이희민,서커스/마술,2,1.0
이희상,기악,2,1.0
이희선,연극,2,1.0
이희수,오페라,1,1.0
이희순,연극,1,1.0
이희애,악극,1,1.0
이희영,기악,1,1.0
이희우,기악,1,1.0
이희원,기악,1,0.3333333333333333
이희원,연극,2,0.6666666666666666
이희자,연극,1,1.0
이희정,뮤지컬,1,1.0
이희준,뮤지컬,7,1.0
이희중,뮤지컬,1,1.0
인남순,한국무용,2,1.0
인도연,성악,1,1.0
인소연,기악,3,1.0
인수연,기악,1,1.0
인윤비,연극,1,1.0
인윤성,뮤지컬,1,1.0
인의주,연극,1,1.0
인정아,인형극,1,1.0
인준호,재즈/월드뮤직,1,1.0
인형경,기악,1,1.0
일리야 라쉬코프스키,기악,10,0.9090909090909091
일리야 라쉬코프스키,성악,1,0.09090909090909091
일리야라쉬코프스키,기악,1,1.0
임가진,기악,1,1.0
임강성,뮤지컬,2,1.0
임강훈,뮤지컬,1,1.0
임강희,연극,1,1.0
임건혁,연극,2,1.0
임경섭,오페라,2,1.0
임경아,오페라,1,1.0
임경원,기악,5,1.0
임고은,연극,1,1.0
임국희,기악,1,1.0
임권묵,기악,1,0.3333333333333333
임권묵,성악,2,0.6666666666666666
임귀성,한국무용,1,1.0
임규한,연극,2,1.0
임규형,뮤지컬,1,1.0
임금희,기악,1,0.25
임금희,뮤지컬,1,0.25
임금희,성악,1,0.25
임금희,오페라,1,0.25
임기정,연극,5,1.0
임기현,연극,1,1.0
임남희,기악,1,1.0
임누리,연극,1,1.0
임다운,현대무용,1,1.0
임다은,기악,1,1.0
임다해,연극,1,1.0
임대섭,재즈/월드뮤직,1,1.0
임대일,연극,1,1.0
임덕수,기악,1,1.0
임도경,기악,1,1.0
임도완,연극,2,1.0
임도화,성악,1,1.0
임동건,재즈/월드뮤직,1,1.0
임동균,뮤지컬,2,1.0
임동민,기악,4,1.0
임동식,악극,1,1.0
임동욱,연극,3,1.0
임동주,넌버벌 퍼포먼스,1,1.0
임동진,뮤지컬,2,1.0
임동혁,기악,5,1.0
임려원,기악,1,1.0
임명운,성악,1,1.0
임모윤,연극,1,1.0
임미가,기악,1,1.0
임미례,한국무용,2,1.0
임미성,재즈/월드뮤직,1,1.0
임미소,연극,1,1.0
임미정,재즈/월드뮤직,1,1.0
임민,연극,1,1.0
임민경,연극,1,1.0
임민혁,연극,2,1.0
임범수,연극,2,1.0
임병근,뮤지컬,4,1.0
임병우,뮤지컬,2,1.0
임병채,마임,1,1.0
임봉석,기악,1,0.5
임봉석,오페라,1,0.5
임상규,기악,1,1.0
임상기,기악,1,1.0
임상숙,뮤지컬,1,1.0
임상일,뮤지컬,1,1.0
임상현,연극,1,1.0
임상희,기악,1,1.0
임샛별,연극,1,0.2
임샛별,현대무용,4,0.8
임서진,연극,1,1.0
임선미,연극,1,1.0
임선빈,연극,1,1.0
임선아,뮤지컬,3,0.6
임선아,성악,1,0.2
임선아,오페라,1,0.2
임선영,기악,1,1.0
임선진,뮤지컬,1,1.0
임선혜,기악,1,0.3333333333333333
임선혜,성악,2,0.6666666666666666
임성목,뮤지컬,1,1.0
임성빈,연극,3,1.0
임성애,기악,1,1.0
임성윤,기악,4,1.0
임성준,연희,1,1.0
임성현,연극,2,1.0
임세경,성악,1,0.5
임세경,오페라,1,0.5
임세란,기악,1,1.0
임세영,뮤지컬,2,0.6666666666666666
임세영,연극,1,0.3333333333333333
임세준,대중가요,1,1.0
임세호,뮤지컬,1,0.3333333333333333
임세호,연극,2,0.6666666666666666
임소라,현대무용,1,1.0
임소영,연극,1,1.0
임소정,현대무용,3,1.0
임송현,연극,1,1.0
임수아,뮤지컬,1,0.5
임수아,연극,1,0.5
임수연,기악,3,1.0
임수영,성악,1,1.0
임수정,기악,1,0.3333333333333333
임수정,한국무용,2,0.6666666666666666
임수진,연극,1,1.0
임수현,연극,3,1.0
임수환,연극,1,1.0
임숙균,연극,1,1.0
임숙연,연극,1,1.0
임슬해,뮤지컬,1,1.0
임승구,기악,2,1.0
임승범,연극,3,1.0
임승태,연극,2,1.0
임승환,기악,1,0.3333333333333333
임승환,연극,2,0.6666666666666666
임승훈,기악,2,0.6666666666666666
임승훈,성악,1,0.3333333333333333
임시내,기악,2,0.6666666666666666
임시내,대중가요,1,0.3333333333333333
임아라,연극,2,1.0
임아란,오페라,1,1.0
임아림,기악,2,1.0
임아영,연극,1,1.0
임애진,기타,1,1.0
임양혁,뮤지컬,5,0.8333333333333334
임양혁,연극,1,0.16666666666666666
임에빈,연극,1,1.0
임여은,기악,1,1.0
임연실,기악,2,1.0
임영규,연극,1,1.0
임영란,연극,1,1.0
임영순,한국무용,2,1.0
임영식,연극,2,1.0
임영우,연극,1,1.0
임영웅,대중가요,3,1.0
임영준,연극,2,1.0
임영호,한국무용,1,1.0
임예린,성악,1,1.0
임예빈,연극,1,1.0
임예송,기악,1,1.0
임예슬,뮤지컬,1,1.0
임예지,연극,1,1.0
임예진,연극,2,1.0
임요섭,기악,1,1.0
임요한,연극,1,1.0
임용순,기악,2,1.0
임용주,기악,2,0.6666666666666666
임용주,성악,1,0.3333333333333333
임용훈,재즈/월드뮤직,1,1.0
임우빈,현대무용,1,1.0
임우준,기악,4,1.0
임우현,뮤지컬,1,0.5
임우현,연극,1,0.5
임원,연극,2,1.0
임원택,대중가요,1,1.0
임유성,연극,1,1.0
임유연,기악,1,1.0
임윤경,연극,1,1.0
임윤미,기악,2,1.0
임윤비,연극,1,1.0
임윤서,연극,2,1.0
임윤진,연극,1,1.0
임윤찬,기악,3,1.0
임윤희,한국무용,1,1.0
임은경,성악,1,0.5
임은경,오페라,1,0.5
임은선,연극,1,1.0
임은송,기타,1,1.0
임은연,연극,2,1.0
임은정,현대무용,2,1.0
임은진,기악,1,1.0
임은혜,연극,1,1.0
임은희,연극,2,1.0
임이랑,기악,1,1.0
임일,연극,1,1.0
임일규,연극,1,1.0
임일애,연극,1,1.0
임일진,연극,2,1.0
임재경,기악,2,1.0
임재덕,혼합,1,1.0
임재범,뮤지컬,1,1.0
임재성,기악,4,0.6666666666666666
임재성,연극,2,0.3333333333333333
임재신,대중가요,1,1.0
임재웅,기악,1,1.0
임재은,뮤지컬,1,1.0
임재현,기악,1,0.5
임재현,재즈/월드뮤직,1,0.5
임재홍,기악,8,1.0
임정균,연극,1,1.0
임정모,뮤지컬,1,1.0
임정민,기악,1,1.0
임정수,뮤지컬,4,1.0
임정연,기악,1,1.0
임정완,기악,1,1.0
임정은,연극,4,1.0
임정혁,연극,2,1.0
임정화,기악,1,1.0
임정희,연극,1,1.0
임종경,현대무용,1,1.0
임종서,연극,1,1.0
임종철,연극,2,1.0
임종현,연극,2,1.0
임종희,기악,1,1.0
임주연,기악,1,1.0
임주영,기악,1,1.0
임주헌,재즈/월드뮤직,1,1.0
임주희,기악,5,0.5555555555555556
임주희,성악,3,0.3333333333333333
임주희,연극,1,0.1111111111111111
임준성,뮤지컬,2,1.0
임준혁,뮤지컬,2,0.6666666666666666
임준혁,연극,1,0.3333333333333333
임준호,성악,1,0.5
임준호,연극,1,0.5
임준희,오페라,1,1.0
임지민,연극,2,1.0
임지수,연극,2,1.0
임지연,기악,1,1.0
임지영,기악,5,0.8333333333333334
임지영,뮤지컬,1,0.16666666666666666
임지원,기악,1,1.0
임지윤,현대무용,1,1.0
임지은,연극,1,1.0
임지현,악극,1,1.0
임지환,기악,1,1.0
임지희,기악,2,1.0
임진섭,뮤지컬,4,1.0
임진아,연극,2,1.0
임진웅,뮤지컬,1,1.0
임진유,연극,2,1.0
임진혁,연극,3,1.0
임진호,현대무용,2,1.0
임찬민,기타,3,0.42857142857142855
임찬민,뮤지컬,3,0.42857142857142855
임찬민,연극,1,0.14285714285714285
임찬양,성악,1,0.5
임찬양,오페라,1,0.5
임찬우,기악,1,1.0
임창빈,연극,1,1.0
임창섭,연극,4,1.0
임창은,성악,2,1.0
임창주,연극,1,1.0
임창진,오페라,1,1.0
임채리,뮤지컬,1,1.0
임채문,기악,1,1.0
임채선,기악,2,0.5
임채선,대중가요,1,0.25
임채선,재즈/월드뮤직,1,0.25
임청화,성악,2,1.0
임태경,뮤지컬,1,1.0
임태산,뮤지컬,1,1.0
임태현,연극,2,1.0
임하람,기악,1,1.0
임한귀,성악,1,1.0
임한나,연극,2,1.0
임한별,기악,1,1.0
임한솔,뮤지컬,2,1.0
임한종,오페라,1,1.0
임해정,인형극,1,1.0
임향화,연극,2,1.0
임헌일,대중가요,1,1.0
임헌정,기악,3,1.0
임혁빈,연극,1,1.0
임혁진,연극,1,1.0
임현구,연극,1,1.0
임현모,연극,1,1.0
임현빈,창극,1,1.0
임현수,뮤지컬,1,0.5
임현수,재즈/월드뮤직,1,0.5
임현애,기악,1,1.0
임현영,기악,1,1.0
임현정,기악,4,1.0
임현제,연극,1,1.0
임현준,뮤지컬,1,0.5
임현준,연극,1,0.5
임현진,오페라,1,0.5
임현진,현대무용,1,0.5
임형섭,기악,2,0.6666666666666666
임형섭,성악,1,0.3333333333333333
임형우,연극,1,1.0
임형진,기악,1,0.5
임형진,연극,1,0.5
임형택,연극,1,1.0
임혜리,기악,1,1.0
임혜영,뮤지컬,1,1.0
임호열,기악,1,1.0
임호영,연극,1,1.0
임홍균,기악,2,1.0
임홍재,기악,1,1.0
임홍준,현대무용,1,1.0
임화영,기악,1,1.0
임황건,성악,1,0.5
임황건,연극,1,0.5
임효선,기악,6,1.0
임효섭,연극,2,1.0
임후성,연극,2,1.0
임희성,오페라,1,1.0
임희수,연극,1,1.0
임희영,기악,2,1.0
임희종,현대무용,1,1.0
잇아민,기악,1,1.0
잉성진,기악,1,1.0
작정원,뮤지컬,1,1.0
장경미,기악,1,1.0
장경민,마당극,1,0.2
장경민,연극,2,0.4
장경민,현대무용,2,0.4
장경섭,연극,5,1.0
장경숙,연극,1,1.0
장경아,재즈/월드뮤직,1,1.0
장경욱,성악,1,1.0
장경원,연극,3,1.0
장경희,기악,2,0.5
장경희,한국무용,1,0.25
장경희,혼합,1,0.25
장광순,대중가요,1,1.0
장광열,발레,1,1.0
장규배,악극,1,1.0
장기석,연극,3,1.0
장기철,혼합,1,1.0
장남일,뮤지컬,1,1.0
장누리,오페라,1,1.0
장다연,연극,1,1.0
장대건,기악,4,1.0
장대준,연극,1,1.0
장덕수,연극,1,1.0
장도훈,성악,1,1.0
장동민,연극,1,1.0
장두이,연극,2,1.0
장두익,현대무용,1,1.0
장두환,뮤지컬,1,1.0
장라윤,현대무용,1,1.0
장래훈,현대무용,1,1.0
장루카 테라노바,오페라,1,1.0
장률,연극,1,1.0
장린,기악,1,1.0
장마리아,악극,1,0.5
장마리아,오페라,1,0.5
장명진,오페라,1,1.0
장명화,기악,1,1.0
장명훈,연극,3,1.0
장문규,연극,2,1.0
장문영,기악,1,0.3333333333333333
장문영,연극,2,0.6666666666666666
장문정,연극,3,1.0
장문희,성악,1,1.0
장미경,기악,1,0.5
장미경,성악,1,0.5
장민구,대중가요,2,1.0
장민석,뮤지컬,1,1.0
장민성,연극,1,1.0
장민수,연극,2,1.0
장민준,연극,4,1.0
장민호,대중가요,3,0.6
장민호,뮤지컬,1,0.2
장민호,연극,1,0.2
장범준,대중가요,2,1.0
장병욱,뮤지컬,1,1.0
장보영,기악,1,1.0
장사익,기악,1,0.3333333333333333
장사익,기타,1,0.3333333333333333
장사익,혼합,1,0.3333333333333333
장삼수,기악,1,1.0
장새봄,기악,2,1.0
장샘이,연극,1,1.0
장서문,오페라,1,1.0
장서영,대중가요,1,1.0
장석범,기악,1,0.5
장석범,성악,1,0.5
장석진,기악,2,1.0
장석환,연극,1,1.0
장선미,뮤지컬,2,1.0
장선아,기악,2,1.0
장선영,기악,1,1.0
장선우,기악,1,1.0
장선주,뮤지컬,2,0.6666666666666666
장선주,연극,1,0.3333333333333333
장선혜,기악,1,1.0
장설하,연극,2,1.0
장성빈,기악,1,1.0
장성실,연극,2,1.0
장성욱,현대무용,1,1.0
장성익,연극,2,1.0
장성일,오페라,3,1.0
장성진,기악,1,1.0
장성호,뮤지컬,1,1.0
장성희,뮤지컬,2,0.5
장성희,연극,2,0.5
장세영,기악,1,1.0
장세완,성악,1,1.0
장세웅,연극,1,1.0
장세윤,연극,1,1.0
장세현,뮤지컬,1,1.0
장세환,연극,2,1.0
장소연,기타,1,0.3333333333333333
장소연,뮤지컬,2,0.6666666666666666
장소익,연극,1,1.0
장송희,기악,1,1.0
장수동,기악,1,0.2
장수동,오페라,4,0.8
장수민,기악,1,1.0
장수빈,기악,1,1.0
장수지,연극,2,1.0
장승호,기악,1,0.25
장승호,재즈/월드뮤직,3,0.75
장아름,연극,1,1.0
장영,연극,1,1.0
장영광,기악,1,1.0
장영미,기악,2,1.0
장영섭,뮤지컬,1,1.0
장영은,연극,2,1.0
장영주,연극,2,1.0
장영철,연극,1,1.0
장영휘,연극,2,1.0
장예리,기악,1,0.5
장예리,뮤지컬,1,0.5
장예린,한국무용,1,1.0
장예슬,연극,2,1.0
장예원,뮤지컬,2,0.6666666666666666
장예원,연극,1,0.3333333333333333
장예지,인형극,1,1.0
장완희,연극,1,1.0
장요석,연극,1,1.0
장용,성악,1,0.5
장용,연극,1,0.5
장용석,연극,1,1.0
장용웅,연극,1,1.0
장용철,연극,5,1.0
장용현,연극,1,1.0
장용휘,연극,2,1.0
장우리,기악,10,1.0
장우성,뮤지컬,3,0.75
장우성,연극,1,0.25
장우재,뮤지컬,7,0.875
장우재,연극,1,0.125
장우정,연극,2,1.0
장우필,기악,1,1.0
장운규,발레,1,1.0
장원,기악,1,1.0
장원경,연극,2,1.0
장원정,연극,2,1.0
장유경,기악,2,0.5
장유경,한국무용,2,0.5
장유리,기악,1,1.0
장유정,뮤지컬,2,0.6666666666666666
장유정,연극,1,0.3333333333333333
장유진,기악,4,1.0
장유희,악극,1,1.0
장윤,기악,1,1.0
장윤나,현대무용,1,1.0
장윤석,연극,1,1.0
장윤선,기악,1,1.0
장윤성,기악,15,0.9375
장윤성,오페라,1,0.0625
장윤영,성악,1,0.5
장윤영,오페라,1,0.5
장윤정,기악,1,0.16666666666666666
장윤정,대중가요,4,0.6666666666666666
장윤정,성악,1,0.16666666666666666
장윤혜,기악,1,1.0
장윤호,연극,1,1.0
장은,오페라,1,1.0
장은경,기악,4,1.0
장은성,재즈/월드뮤직,1,1.0
장은실,연극,1,1.0
장은아,넌버벌 퍼포먼스,1,0.125
장은아,뮤지컬,7,0.875
장은영,성악,1,1.0
장은정,뮤지컬,1,0.3333333333333333
장은정,연극,1,0.3333333333333333
장은정,현대무용,1,0.3333333333333333
장은주,기악,1,0.5
장은주,연극,1,0.5
장은혜,성악,2,0.6666666666666666
장은혜,오페라,1,0.3333333333333333
장은호,기악,1,1.0
장은희,뮤지컬,1,1.0
장의현,재즈/월드뮤직,1,1.0
장익렬,연극,4,1.0
장인경,기악,1,1.0
장인혁,뮤지컬,2,1.0
장일범,기악,6,0.75
장일범,성악,1,0.125
장일범,오페라,1,0.125
장일승,연극,1,1.0
장재영,기악,2,0.6666666666666666
장재영,연극,1,0.3333333333333333
장재용,뮤지컬,1,1.0
장재혁,기악,1,1.0
장재호,연극,3,1.0
장정권,성악,1,1.0
장정민,기악,1,0.5
장정민,대중가요,1,0.5
장정선,악극,1,1.0
장정원,대중가요,1,1.0
장정인,연극,5,1.0
장정하,연극,1,1.0
장종도,연극,2,1.0
장종선,기악,2,1.0
장종호,연극,1,1.0
장주연,기악,2,1.0
장주영,기악,1,1.0
장준석,연극,5,1.0
장준호,연극,1,1.0
장지민,기악,1,1.0
장지수,연극,1,1.0
장지아,연극,2,1.0
장지애,성악,1,1.0
장지영,뮤지컬,1,0.5
장지영,오페라,1,0.5
장지은,기악,1,0.3333333333333333
장지은,연극,2,0.6666666666666666
장지현,혼합,1,1.0
장지호,현대무용,1,1.0
장지후,뮤지컬,5,0.8333333333333334
장지후,연극,1,0.16666666666666666
장지희,기악,2,0.6666666666666666
장지희,연극,1,0.3333333333333333
장진,연극,1,1.0
장진규,성악,1,0.5
장진규,오페라,1,0.5
장진선,기악,4,1.0
장진웅,연극,1,1.0
장진희,연극,1,1.0
장창석,연극,1,1.0
장철,기악,1,1.0
장철준,오페라,1,1.0
장태순,성악,1,1.0
장태웅,재즈/월드뮤직,1,1.0
장태준,연극,2,1.0
장태평,기악,1,1.0
장태화,기악,1,1.0
장태훈,연극,1,1.0
장필립,오페라,1,1.0
장하나,연극,2,1.0
장하다,연극,1,1.0
장하란,연극,1,1.0
장하얀,기악,3,1.0
장하연,뮤지컬,1,1.0
장하은,기악,1,0.5
장하은,기타,1,0.5
장한길,연극,1,1.0
장한별,기악,1,1.0
장한새,기악,1,0.5
장한새,연극,1,0.5
장해라,뮤지컬,1,1.0
장혁우,연극,1,1.0
장혁조,연극,1,1.0
장혁준,기악,2,1.0
장현구,연극,1,1.0
장현룡,기악,1,1.0
장현수,한국무용,2,1.0
장현주,오페라,1,1.0
장현준,연극,1,1.0
장현진,기악,1,1.0
장형길,연극,1,1.0
장혜린,뮤지컬,2,0.5
장혜린,오페라,2,0.5
장혜림,발레,1,1.0
장혜민,뮤지컬,1,1.0
장혜성,연극,2,1.0
장혜원,성악,1,1.0
장혜지,오페라,1,1.0
장혜진,기악,1,1.0
장호,연극,3,1.0
장호근,연극,1,1.0
장호일,기타,1,1.0
장호정,발레,1,1.0
장호진,기악,1,1.0
장회원,현대무용,1,1.0
장효근,연극,1,1.0
장효영,뮤지컬,1,1.0
장효원,기악,1,1.0
장효진,대중가요,1,1.0
장희선,뮤지컬,5,1.0
장희웅,뮤지컬,1,1.0
장희원,대중가요,1,0.5
장희원,성악,1,0.5
장희재,연극,4,1.0
장희정,연극,1,0.5
장희정,현대무용,1,0.5
장희진,기악,1,1.0
재경,뮤지컬,2,1.0
잭 오슬랜더,재즈/월드뮤직,1,1.0
적재,대중가요,3,1.0
전가영,한국무용,1,1.0
전강,연극,1,1.0
전강현,연극,1,1.0
전강희,연극,1,1.0
전걸,뮤지컬,1,1.0
전경구,기악,1,1.0
전경란,연극,2,1.0
전경호,기악,1,1.0
전경희,연극,1,1.0
전국향,연극,1,1.0
전규일,연극,1,1.0
전기광,연극,2,1.0
전기우,연극,2,1.0
전나래,발레,1,1.0
전나영,뮤지컬,2,1.0
전다빈,악극,1,1.0
전대현,연극,1,1.0
전도민,연극,1,1.0
전동민,뮤지컬,1,1.0
전동석,뮤지컬,5,1.0
전미도,뮤지컬,1,1.0
전미미,기악,1,1.0
전미주,연극,3,1.0
전민서,연극,1,1.0
전민영,연극,1,1.0
전민정,기악,1,0.5
전민정,성악,1,0.5
전민지,연극,2,1.0
전민호,연극,1,1.0
전박찬,연극,4,1.0
전병운,오페라,2,1.0
전병일,연극,1,1.0
전병철,기악,1,1.0
전병호,오페라,4,1.0
전병훈,혼합,1,1.0
전보람,현대무용,2,1.0
전보영,뮤지컬,2,1.0
전보현,한국무용,2,1.0
전삼근,연극,1,1.0
전상아,뮤지컬,1,1.0
전상준,연극,1,1.0
전상헌,뮤지컬,2,1.0
전새론,연희,1,1.0
전서아,연극,1,1.0
전서연,뮤지컬,1,1.0
전서진,연극,1,1.0
전석형,뮤지컬,1,1.0
전석호,기악,2,1.0
전선우,연극,2,1.0
전선화,성악,1,1.0
전선희,기악,5,1.0
전성권,연극,1,1.0
전성민,뮤지컬,2,0.5
전성민,연극,1,0.25
전성민,현대무용,1,0.25
전성식,재즈/월드뮤직,1,1.0
전성열,연극,1,1.0
전성우,뮤지컬,2,1.0
전성욱,연극,2,1.0
전성하,연극,1,1.0
전성현,연극,1,1.0
전성호,기악,1,0.5
전성호,연극,1,0.5
전세기,연극,2,1.0
전소영,기악,1,0.5
전소영,연극,1,0.5
전소현,뮤지컬,1,1.0
전소희,현대무용,1,1.0
전송이,뮤지컬,1,1.0
전수경,뮤지컬,2,0.6666666666666666
전수경,성악,1,0.3333333333333333
전수미,기악,3,0.42857142857142855
전수미,뮤지컬,3,0.42857142857142855
전수미,성악,1,0.14285714285714285
전수빈,기악,2,1.0
전수양,뮤지컬,5,1.0
전수지,연극,1,1.0
전수진,기악,1,0.25
전수진,뮤지컬,2,0.5
전수진,성악,1,0.25
전수창,뮤지컬,1,1.0
전수현,연극,2,0.6666666666666666
전수현,현대무용,1,0.3333333333333333
전순희,한국무용,1,1.0
전슬기,연극,2,1.0
전승우,연극,1,1.0
전승현,연극,2,0.5
전승현,오페라,2,0.5
전승환,연극,1,1.0
전시몬,연극,1,1.0
전시연,연극,1,1.0
전아현,연극,1,1.0
전아희,연극,1,1.0
전양배,연극,1,1.0
전양식,연극,2,1.0
전영곤,기타,1,1.0
전영광,뮤지컬,1,1.0
전영랑,기악,1,0.3333333333333333
전영랑,대중가요,1,0.3333333333333333
전영랑,혼합,1,0.3333333333333333
전영미,성악,1,1.0
전영지,연극,1,1.0
전영희,연극,3,1.0
전예원,기악,1,1.0
전예은,기악,1,1.0
전예지,기악,1,1.0
전용범,연극,1,1.0
전용우,기악,4,1.0
전용준,대중가요,2,0.5
전용준,재즈/월드뮤직,2,0.5
전용진,성악,1,1.0
전용해,기악,1,1.0
전용현,대중가요,1,1.0
전용환,연극,1,1.0
전우석,기악,1,1.0
전우태,연극,1,1.0
전운종,연극,1,1.0
전웅,연극,3,1.0
전원주,악극,1,1.0
전유라,기악,1,1.0
전유림,연극,1,1.0
전유정,재즈/월드뮤직,1,1.0
전유진,기악,1,0.5
전유진,성악,1,0.5
전윤환,연극,1,1.0
전윤희,연극,1,1.0
전은석,창극,1,1.0
전은정,연극,1,1.0
전은주,연극,1,1.0
전이현,연극,1,1.0
전익수,연극,1,1.0
전인근,기악,1,1.0
전인창,기악,1,1.0
전인철,연극,2,1.0
전인홍,기악,2,1.0
전재성,기악,2,1.0
전재원,뮤지컬,2,1.0
전재형,기타,1,0.3333333333333333
전재형,연극,2,0.6666666666666666
전정민,성악,1,1.0
전정욱,연극,4,1.0
전제곤,기악,1,0.5
전제곤,재즈/월드뮤직,1,0.5
전제덕,재즈/월드뮤직,2,1.0
전종권,연극,1,1.0
전주영,연극,2,1.0
전주형,연극,1,1.0
전주홍,대중가요,1,1.0
전준수,연극,1,1.0
전준용,연극,1,1.0
전준우,연극,1,1.0
전중용,연극,3,1.0
전지석,연극,1,1.0
전지성,성악,1,0.5
전지성,오페라,1,0.5
전지순,기악,1,1.0
전지안,연극,1,1.0
전지연,대중가요,1,1.0
전지온,연극,1,1.0
전지원,뮤지컬,1,1.0
전지호,연극,1,1.0
전지훈,기악,1,1.0
전진,성악,1,1.0
전진경,연극,1,1.0
전진령,재즈/월드뮤직,1,1.0
전진미,발레,1,1.0
전진아,기악,1,1.0
전진우,연극,1,1.0
전진주,기악,5,1.0
전진희,기악,1,0.3333333333333333
전진희,대중가요,1,0.3333333333333333
전진희,한국무용,1,0.3333333333333333
전찬용,연극,1,1.0
전창민,재즈/월드뮤직,6,1.0
전창훈,뮤지컬,1,1.0
전채안,기악,1,1.0
전채연,발레,1,1.0
전춘근,뮤지컬,1,1.0
전태원,성악,1,1.0
전태현,성악,1,0.5
전태현,오페라,1,0.5
전필재,연극,1,1.0
전하영,뮤지컬,2,1.0
전학수,기악,1,1.0
전한국,기악,1,1.0
전해리,성악,1,1.0
전해은,성악,1,1.0
전헤수,기악,1,1.0
전헤지,연극,1,1.0
전혁준,연극,4,1.0
전현미,발레,1,0.5
전현미,연극,1,0.5
전형민,뮤지컬,1,1.0
전형숙,연극,1,1.0
전혜선,뮤지컬,1,1.0
전혜성,기악,2,1.0
전혜영,성악,2,1.0
전혜윤,연극,1,0.5
전혜윤,현대무용,1,0.5
전혜정,기악,1,1.0
전혜진,악극,1,1.0
전혜현,기악,1,0.5
전혜현,대중가요,1,0.5
전호정,기악,1,1.0
전호준,혼합,1,1.0
전호현,연극,2,1.0
전홍진,서커스/마술,1,1.0
전환성,기악,1,0.3333333333333333
전환성,현대무용,2,0.6666666666666666
전효성,뮤지컬,1,1.0
전효정,발레,1,1.0
전효진,발레,1,1.0
전희수,연극,1,1.0
전희자,한국무용,1,1.0
정가람,뮤지컬,2,1.0
정가빈,뮤지컬,1,1.0
정갑균,뮤지컬,1,1.0
정강석,뮤지컬,1,1.0
정건,현대무용,1,1.0
정경,기악,1,0.5
정경,성악,1,0.5
정경미,연극,1,1.0
정경선,연극,1,1.0
정경식,연극,2,1.0
정경아,연극,2,1.0
정경영,기악,5,1.0
정경인,뮤지컬,1,1.0
정경진,뮤지컬,7,1.0
정경표,발레,1,1.0
정경호,성악,1,0.3333333333333333
정경호,연극,1,0.3333333333333333
정경호,오페라,1,0.3333333333333333
정경화,기악,1,0.5
정경화,연극,1,0.5
정경희,뮤지컬,1,0.3333333333333333
정경희,연극,2,0.6666666666666666
정고운,기악,1,1.0
정광영,연극,1,1.0
정광익,연극,1,1.0
정광환,연극,2,1.0
정구익,연극,1,1.0
정구진,연극,3,1.0
정귀성,연극,3,1.0
정규원,뮤지컬,1,1.0
정규철,넌버벌 퍼포먼스,1,1.0
정금희,한국무용,1,1.0
정기영,연극,1,1.0
정기정,연극,1,1.0
정기준,연극,2,1.0
정길만,한국무용,2,0.5
정길만,현대무용,2,0.5
정길선,기악,1,1.0
정꽃님,오페라,1,1.0
정나라,기악,5,0.8333333333333334
정나라,성악,1,0.16666666666666666
정나영,기악,1,1.0
정낙일,뮤지컬,1,1.0
정남규,성악,1,1.0
정다경,대중가요,7,1.0
정다빈,기악,1,1.0
정다슬,현대무용,2,1.0
정다영,기악,2,0.6666666666666666
정다영,대중가요,1,0.3333333333333333
정다운,기악,5,0.4166666666666667
정다운,뮤지컬,5,0.4166666666666667
정다운,연극,2,0.16666666666666666
정다은,뮤지컬,1,0.5
정다은,한국무용,1,0.5
정다정,연극,2,1.0
정다한,대중가요,1,1.0
정다해,기악,1,1.0
정다현,기악,2,1.0
정단비,연극,1,1.0
정단혜,뮤지컬,1,1.0
정달영,뮤지컬,1,1.0
정대경,연극,1,1.0
정대곤,연극,1,1.0
정대용,연극,2,1.0
정대진,연극,4,1.0
정대현,대중가요,1,0.5
정대현,뮤지컬,1,0.5
정대훈,연극,1,1.0
정덕근,기악,1,1.0
정도영,뮤지컬,1,1.0
정도행,기악,2,1.0
정동렬,성악,1,1.0
정동연,뮤지컬,2,1.0
정동원,대중가요,3,1.0
정동하,대중가요,2,1.0
정동화,뮤지컬,4,1.0
정동환,연극,1,1.0
정래석,연극,3,1.0
정록기,기악,2,0.6666666666666666
정록기,성악,1,0.3333333333333333
정록이,현대무용,1,1.0
정명군,연극,2,1.0
정명준,재즈/월드뮤직,1,1.0
정명지,발레,1,1.0
정명필,연극,1,1.0
정명훈,기악,3,0.5
정명훈,성악,1,0.16666666666666666
정명훈,연극,1,0.16666666666666666
정명훈,한국무용,1,0.16666666666666666
정무진,성악,1,1.0
정문성,뮤지컬,2,1.0
정미경,기악,1,1.0
정미녕,연극,1,1.0
정미리,연극,1,1.0
정미심,한국무용,2,1.0
정미애,대중가요,7,0.875
정미애,성악,1,0.125
정미연,성악,1,1.0
정미정,창극,1,1.0
정미조,대중가요,1,0.5
정미조,재즈/월드뮤직,1,0.5
정민,뮤지컬,3,1.0
정민경,기악,2,1.0
정민교,기악,1,1.0
정민균,대중가요,1,1.0
정민석,연극,6,1.0
정민선,뮤지컬,1,1.0
정민성,기타,3,1.0
정민수,현대무용,1,1.0
정민아,뮤지컬,2,1.0
정민영,뮤지컬,1,1.0
정민자,연극,2,1.0
정민정,기악,1,0.25
정민정,성악,1,0.25
정민정,오페라,2,0.5
정민제,연극,4,1.0
정민진,기악,1,1.0
정민찬,발레,1,0.5
정민찬,연극,1,0.5
정민호,기악,1,0.3333333333333333
정민호,성악,1,0.3333333333333333
정민호,현대무용,1,0.3333333333333333
정민희,성악,1,1.0
정밀아,대중가요,2,1.0
정범진,연극,1,1.0
정범철,연극,5,1.0
정병구,서커스/마술,1,1.0
정병목,연극,1,1.0
정병수,연극,1,1.0
정병인,연희,1,1.0
정병화,성악,1,1.0
정보경,현대무용,1,1.0
정보권,성악,2,1.0
정보람,성악,1,1.0
정봉교,기악,1,1.0
정봉석,연극,1,1.0
정봉환,연극,1,1.0
정부용,연극,1,1.0
정상욱,기악,1,1.0
정상원,기악,1,1.0
정상윤,뮤지컬,3,1.0
정상일,성악,1,1.0
정상철,연극,1,1.0
정상효,현대무용,1,1.0
정상훈,기타,1,0.16666666666666666
정상훈,뮤지컬,1,0.16666666666666666
정상훈,연극,4,0.6666666666666666
정상희,기악,3,0.6
정상희,성악,1,0.2
정상희,연희,1,0.2
정새별,연극,2,1.0
정서미,기악,2,1.0
정서빈,연극,1,1.0
정서우,뮤지컬,1,0.5
정서우,연극,1,0.5
정서은,기악,2,1.0
정서주,연극,1,1.0
정서현,기악,1,1.0
정석순,현대무용,1,1.0
정석희,연극,3,1.0
정선겸,기악,2,1.0
정선경,뮤지컬,2,0.5
정선경,악극,1,0.25
정선경,연극,1,0.25
정선구,성악,1,1.0
정선기,뮤지컬,1,1.0
정선미,기악,1,0.5
정선미,연극,1,0.5
정선아,기타,3,0.3
정선아,뮤지컬,3,0.3
정선아,성악,2,0.2
정선아,연극,2,0.2
정선우,기악,1,1.0
정선욱,연극,1,1.0
정선주,연극,1,1.0
정선화,기악,1,0.16666666666666666
정선화,성악,5,0.8333333333333334
정선희,연극,1,1.0
정설지,연극,1,1.0
정성경,뮤지컬,1,0.5
정성경,연극,1,0.5
정성낙,연극,1,1.0
정성룡,성악,1,1.0
정성문,기악,1,1.0
정성미,오페라,1,1.0
정성민,연극,4,1.0
정성복,발레,1,1.0
정성우,기악,1,1.0
정성욱,기악,1,1.0
정성웅,뮤지컬,1,1.0
정성윤,기악,1,1.0
정성일,뮤지컬,2,0.6666666666666666
정성일,연극,1,0.3333333333333333
정성재,악극,1,1.0
정성조,연극,2,1.0
정성준,현대무용,1,1.0
정성진,연극,1,1.0
정성태,연극,1,1.0
정성호,연극,2,1.0
정성화,뮤지컬,1,0.5
정성화,연극,1,0.5
정성훈,기악,1,1.0
정세라,연극,1,1.0
정세연,기악,1,1.0
정세영,연극,4,1.0
정세혁,연극,5,1.0
정세현,기악,1,0.5
정세현,연극,1,0.5
정세화,기악,2,1.0
정세훈,기악,3,1.0
정소라,기악,4,1.0
정소리,뮤지컬,1,0.5
정소리,연극,1,0.5
정소미,연극,1,1.0
정소영,기악,1,0.5
정소영,오페라,1,0.5
정소윤,기악,1,0.5
정소윤,뮤지컬,1,0.5
정소은,연극,1,1.0
정소정,혼합,1,1.0
정소현,뮤지컬,1,1.0
정소희,기악,1,0.3333333333333333
정소희,연극,1,0.3333333333333333
정소희,현대무용,1,0.3333333333333333
정솔,기악,2,1.0
정솔비,기악,1,1.0
정송희,혼합,1,1.0
정수경,기악,1,0.5
정수경,연극,1,0.5
정수동,현대무용,3,1.0
정수라,대중가요,1,1.0
정수련,연극,1,1.0
정수미,연극,3,0.75
정수미,인형극,1,0.25
정수민,기악,1,1.0
정수연,기악,2,0.5
정수연,연극,2,0.5
정수영,연극,3,1.0
정수용,연극,2,1.0
정수욱,대중가요,1,0.5
정수욱,재즈/월드뮤직,1,0.5
정수은,기악,1,1.0
정수정,오페라,1,1.0
정수지,연극,2,1.0
정수현,기악,1,0.3333333333333333
정수현,뮤지컬,1,0.3333333333333333
정수현,연극,1,0.3333333333333333
정수환,뮤지컬,2,1.0
정수황,연극,1,1.0
정순기,연극,1,1.0
정순도,악극,1,1.0
정순민,기악,2,1.0
정순섭,기악,1,1.0
정순임,성악,2,1.0
정순태,한국무용,1,1.0
정슬기,기악,1,1.0
정승기,오페라,1,1.0
정승민,연극,3,1.0
정승수,대중가요,1,1.0
정승아,연극,1,1.0
정승연,기악,5,0.8333333333333334
정승연,성악,1,0.16666666666666666
정승원,기악,7,0.875
정승원,연극,1,0.125
정승재,기악,1,1.0
정승준,성악,1,0.25
정승준,연극,2,0.5
정승준,현대무용,1,0.25
정승현,연극,2,1.0
정승호,뮤지컬,1,0.5
정승호,연극,1,0.5
정승화,오페라,1,1.0
정승환,뮤지컬,2,0.5
정승환,연극,2,0.5
정승희,스트리트/스포츠댄스,1,0.3333333333333333
정승희,한국무용,2,0.6666666666666666
정시영,오페라,1,1.0
정시윤,연극,2,1.0
정신애,재즈/월드뮤직,1,1.0
정신혜,연희,1,0.5
정신혜,한국무용,1,0.5
정아더,연극,2,1.0
정아람,연극,1,1.0
정아롱다롱,오페라,1,1.0
정아름,뮤지컬,2,0.5
정아름,연극,2,0.5
정아린,연극,2,1.0
정아미,연극,5,1.0
정아연,기악,1,1.0
정애솔,연극,1,1.0
정애화,연극,2,1.0
정양아,연극,1,1.0
정양직,연극,1,1.0
정여원,연극,1,1.0
정여은,뮤지컬,1,1.0
정여진,뮤지컬,1,1.0
정연,뮤지컬,1,0.5
정연,연극,1,0.5
정연수,연극,1,1.0
정연심,연극,2,1.0
정연재,성악,1,1.0
정연주,연극,2,1.0
정연준,기악,1,1.0
정연채,연극,1,1.0
정열,뮤지컬,1,0.5
정열,연극,1,0.5
정영,뮤지컬,1,1.0
정영두,현대무용,3,1.0
정영래,뮤지컬,1,1.0
정영록,연극,1,1.0
정영만,성악,1,0.3333333333333333
정영만,연희,1,0.3333333333333333
정영만,혼합,1,0.3333333333333333
정영서,뮤지컬,3,1.0
정영석,뮤지컬,4,1.0
정영선,기악,1,1.0
정영성,연극,5,1.0
정영숙,연극,3,1.0
정영아,뮤지컬,2,1.0
정영안,기악,1,1.0
정영인,기악,1,1.0
정영일,뮤지컬,1,1.0
정영재,발레,2,0.6666666666666666
정영재,연극,1,0.3333333333333333
정영주,기타,1,0.3333333333333333
정영주,뮤지컬,2,0.6666666666666666
정영하,기악,1,0.3333333333333333
정영하,성악,2,0.6666666666666666
정영호,연극,1,1.0
정예경,뮤지컬,2,1.0
정예원,기악,1,0.25
정예원,대중가요,2,0.5
정예원,뮤지컬,1,0.25
정예지,뮤지컬,1,1.0
정예진,성악,1,1.0
정옥용,연극,2,1.0
정옥희,기악,1,1.0
정온비,연극,1,1.0
정욕용,연극,1,1.0
정용도,재즈/월드뮤직,2,1.0
정용락,연극,1,1.0
정용진,한국무용,1,1.0
정우근,연극,1,1.0
정우빈,뮤지컬,1,1.0
정우성,연극,2,1.0
정우연,기악,1,0.5
정우연,뮤지컬,1,0.5
정우찬,기악,2,1.0
정우훈,연극,1,1.0
정욱,연극,1,1.0
정욱권,연극,1,1.0
정욱진,뮤지컬,5,1.0
정욱현,연극,2,1.0
정운선,뮤지컬,1,0.5
정운선,연극,1,0.5
정원기,기악,1,1.0
정원순,기악,2,1.0
정원영,기악,3,0.5
정원영,뮤지컬,3,0.5
정원조,연극,2,1.0
정유경,연극,2,1.0
정유나,연극,1,1.0
정유라,연극,1,1.0
정유란,뮤지컬,1,1.0
정유미,연극,1,1.0
정유민,기악,2,1.0
정유석,연극,4,0.8
정유석,현대무용,1,0.2
정유식,기악,1,0.5
정유식,오페라,1,0.5
정유원,뮤지컬,1,1.0
정유은,기악,1,1.0
정유정,악극,1,1.0
정유종,대중가요,1,1.0
정유지,뮤지컬,1,1.0
정유진,기악,1,0.2
정유진,성악,1,0.2
정유진,연극,2,0.4
정유진,현대무용,1,0.2
정윤,뮤지컬,1,1.0
정윤경,연극,2,1.0
정윤서,뮤지컬,1,1.0
정윤성,한국무용,2,1.0
정윤아,연극,1,1.0
정윤영,연극,1,1.0
정윤정,기악,1,1.0
정윤지,뮤지컬,3,1.0
정윤형,성악,1,1.0
정윤혜,기악,1,1.0
정윤호,기타,1,0.5
정윤호,뮤지컬,1,0.5
정윤희,성악,1,1.0
정으뜸,연극,1,1.0
정은경,기악,1,1.0
정은규,뮤지컬,1,1.0
정은비,뮤지컬,1,0.5
정은비,연극,1,0.5
정은성,성악,1,0.5
정은성,연극,1,0.5
정은영,기악,1,0.5
정은영,연극,1,0.5
정은정,오페라,1,1.0
정은주,기악,2,1.0
정은지,기악,1,1.0
정은진,성악,1,1.0
정은파,한국무용,1,1.0
정은혜,뮤지컬,2,1.0
정은희,발레,1,1.0
정의갑,연극,1,1.0
정의경,기악,1,1.0
정의근,기악,1,0.3333333333333333
정의근,성악,1,0.3333333333333333
정의근,오페라,1,0.3333333333333333
정의신,연극,1,1.0
정의욱,뮤지컬,1,1.0
정의진,뮤지컬,1,0.3333333333333333
정의진,연극,2,0.6666666666666666
정의찬,기악,1,1.0
정의철,연극,1,0.5
정의철,오페라,1,0.5
정이세,한국무용,1,1.0
정인배,연극,1,0.5
정인배,인형극,1,0.5
정인범,연극,1,1.0
정인석,뮤지컬,1,0.5
정인석,연극,1,0.5
정인선,발레,1,1.0
정인성,기악,1,1.0
정인숙,오페라,1,1.0
정인아,뮤지컬,1,1.0
정인정,연극,1,1.0
정인지,뮤지컬,6,0.75
정인지,연극,2,0.25
정인혁,현대무용,1,1.0
정인혜,연극,1,1.0
정일련,기악,1,1.0
정일만,뮤지컬,1,1.0
정일성,연극,1,1.0
정일우,연극,1,1.0
정장환,연극,1,1.0
정재엽,발레,1,1.0
정재용,연극,1,1.0
정재우,연극,1,0.16666666666666666
정재우,현대무용,5,0.8333333333333334
정재원,기악,1,1.0
정재은,기악,3,0.375
정재은,넌버벌 퍼포먼스,1,0.125
정재은,뮤지컬,1,0.125
정재은,연극,3,0.375
정재일,대중가요,2,0.14285714285714285
정재일,뮤지컬,6,0.42857142857142855
정재일,발레,1,0.07142857142857142
정재일,악극,1,0.07142857142857142
정재일,연극,3,0.21428571428571427
정재일,한국무용,1,0.07142857142857142
정재종,뮤지컬,1,0.3333333333333333
정재종,연극,2,0.6666666666666666
정재진,뮤지컬,2,0.4
정재진,연극,3,0.6
정재춘,연극,1,1.0
정재헌,뮤지컬,1,0.5
정재헌,서커스/마술,1,0.5
정재형,기악,2,0.4
정재형,오페라,2,0.4
정재형,재즈/월드뮤직,1,0.2
정재호,연극,2,1.0
정재환,뮤지컬,2,1.0
정재훈,기악,1,0.25
정재훈,연극,3,0.75
정재희,기악,1,0.5
정재희,뮤지컬,1,0.5
정제윤,오페라,1,1.0
정종석,넌버벌 퍼포먼스,1,1.0
정종욱,연극,2,1.0
정종임,연극,2,1.0
정종훈,뮤지컬,1,0.5
정종훈,연극,1,0.5
정주리,성악,1,1.0
정주연,성악,1,0.5
정주연,연극,1,0.5
정주엽,기악,1,1.0
정주영,연극,1,1.0
정주영 민들레,연극,1,1.0
정주원,연극,1,1.0
정주은,기악,1,1.0
정주혜,연극,1,1.0
정주희,기악,1,0.3333333333333333
정주희,연극,1,0.3333333333333333
정주희,오페라,1,0.3333333333333333
정준,뮤지컬,2,0.6666666666666666
정준,악극,1,0.3333333333333333
정준수,기악,1,1.0
정준식,성악,1,1.0
정준영,연극,3,1.0
정준우,기악,1,1.0
정준태,마당극,2,0.6666666666666666
정준태,성악,1,0.3333333333333333
정준호,연극,1,0.3333333333333333
정준호,한국무용,2,0.6666666666666666
정준환,연극,1,1.0
정쥬리,기악,3,1.0
정지강,기악,1,1.0
정지교,기악,2,1.0
정지만,발레,1,1.0
정지수,뮤지컬,1,1.0
정지아,연극,1,1.0
정지영,기악,2,1.0
정지용,기악,3,1.0
정지우,뮤지컬,1,1.0
정지원,기악,1,0.2
정지원,뮤지컬,1,0.2
정지원,연극,2,0.4
정지원,오페라,1,0.2
정지윤,성악,1,1.0
정지은,기악,3,0.5
정지은,성악,2,0.3333333333333333
정지은,연극,1,0.16666666666666666
정지은 이은영,한국무용,1,1.0
정지인,기악,2,0.6666666666666666
정지인,연극,1,0.3333333333333333
정지찬,대중가요,1,1.0
정지철,성악,1,0.5
정지철,오페라,1,0.5
정지태,기악,1,1.0
정지현,현대무용,1,1.0
정지혜,기악,2,0.25
정지혜,뮤지컬,1,0.125
정지혜,성악,1,0.125
정지혜,악극,2,0.25
정지혜,연극,1,0.125
정지혜,창극,1,0.125
정지환,연극,1,1.0
정지훈,기악,4,0.6666666666666666
정지훈,악극,1,0.16666666666666666
정지훈,창극,1,0.16666666666666666
정지희,기악,1,1.0
정진각,연극,2,1.0
정진경,기악,6,1.0
정진국,연극,3,1.0
정진새,연극,1,1.0
정진세,악극,1,1.0
정진우,기악,3,0.75
정진우,혼합,1,0.25
정진웅,연극,1,1.0
정진원,뮤지컬,1,1.0
정진윤,뮤지컬,1,1.0
정진철,연극,1,0.5
정진철,연희,1,0.5
정진환,성악,1,1.0
정진희,기악,1,1.0
정차영,연극,1,1.0
정찬수,연극,1,1.0
정찬영,기악,1,1.0
정찬혁,오페라,1,1.0
정찬호,연극,5,1.0
정찬희,기악,1,0.3333333333333333
정찬희,연극,2,0.6666666666666666
정창교,서커스/마술,1,1.0
정창욱,연극,1,1.0
정채무,연극,1,1.0
정철,연극,1,1.0
정철원,연극,3,1.0
정철인,현대무용,3,1.0
정철현,연극,1,1.0
정철호,뮤지컬,1,1.0
정초롱,성악,1,0.3333333333333333
정초롱,연희,1,0.3333333333333333
정초롱,혼합,1,0.3333333333333333
정초립,연극,1,1.0
정춘권,뮤지컬,6,1.0
정춘헌,뮤지컬,1,1.0
정충구,연극,1,1.0
정치국,기악,4,1.0
정치용,기악,7,1.0
정치훈,기악,1,1.0
정태민,연극,1,1.0
정태성,기악,1,1.0
정태양,성악,3,1.0
정태영,연극,1,1.0
정태진,뮤지컬,1,1.0
정태춘,대중가요,3,1.0
정태호,기악,1,0.25
정태호,연극,3,0.75
정태환,연극,1,1.0
정태훈,연극,1,1.0
정택수,뮤지컬,2,1.0
정평,뮤지컬,2,1.0
정필립,기타,2,0.5
정필립,오페라,2,0.5
정필희,기악,1,1.0
정하나,기악,1,0.3333333333333333
정하나,악극,1,0.3333333333333333
정하나,연극,1,0.3333333333333333
정하늘,연극,1,0.5
정하늘,현대무용,1,0.5
정하솔,연극,1,1.0
정하영,기악,1,0.5
정하영,연극,1,0.5
정하은,기악,1,0.5
정하은,성악,1,0.5
정학균,기악,1,1.0
정학수,기악,1,1.0
정한나,성악,1,0.5
정한나,연극,1,0.5
정한별,현대무용,1,1.0
정한빈,기악,3,1.0
정한빛,기악,1,1.0
정한솔,기악,3,0.6
정한솔,대중가요,1,0.2
정한솔,재즈/월드뮤직,1,0.2
정한슬,악극,1,1.0
정한용,연극,2,1.0
정해빈,연극,1,1.0
정해성,성악,1,1.0
정해일,대중가요,1,1.0
정해진,연극,1,1.0
정헌,기악,2,0.6666666666666666
정헌,성악,1,0.3333333333333333
정헌호,연극,1,1.0
정헤민,오페라,1,1.0
정헤연,기악,1,1.0
정헤진,한국무용,1,1.0
정현,연극,1,1.0
정현기,연극,1,1.0
정현서,대중가요,1,1.0
정현수,기악,1,0.5
정현수,성악,1,0.5
정현승,연극,1,1.0
정현욱,연극,1,1.0
정현주,성악,1,0.5
정현주,연극,1,0.5
정현준,연극,1,1.0
정현진,기악,1,1.0
정현철,연극,1,1.0
정현호,뮤지컬,1,0.5
정현호,연극,1,0.5
정형국,성악,1,1.0
정형렬,연극,3,1.0
정형석,연극,2,1.0
정형일,발레,7,1.0
정혜경,기악,1,1.0
정혜란,뮤지컬,1,1.0
정혜리,기악,1,1.0
정혜린,연극,1,1.0
정혜민,기악,2,0.6666666666666666
정혜민,오페라,1,0.3333333333333333
정혜선,연극,2,1.0
정혜연,기악,2,1.0
정혜원,기악,1,1.0
정혜윤,기악,1,1.0
정혜은,기악,1,1.0
정혜인,뮤지컬,1,1.0
정혜주,성악,1,1.0
정혜지,연극,1,1.0
정혜진,성악,1,1.0
정호,뮤지컬,2,1.0
정호영,연극,1,1.0
정호원,연극,1,1.0
정호윤,뮤지컬,1,1.0
정호정,성악,2,0.6666666666666666
정호정,오페라,1,0.3333333333333333
정호준,뮤지컬,2,1.0
정홍섭,뮤지컬,1,1.0
정홍식,기악,4,1.0
정화용,기악,1,1.0
정환,연극,2,1.0
정환호,기악,1,1.0
정회권,연극,2,1.0
정회성,연극,1,1.0
정회훈,연극,1,1.0
정효민,기악,1,1.0
정효선,마당극,1,1.0
정효정,오페라,1,1.0
정효진,뮤지컬,1,1.0
정휘,뮤지컬,3,0.75
정휘,악극,1,0.25
정휘욱,뮤지컬,2,0.5
정휘욱,연극,2,0.5
정희라,뮤지컬,1,1.0
정희수,연극,1,1.0
정희숙,기악,1,1.0
정희영,뮤지컬,1,0.3333333333333333
정희영,연극,2,0.6666666666666666
정희윤,연극,2,1.0
정희은,현대무용,1,1.0
정희진,연극,3,1.0
정희훈,연극,2,1.0
제갈복,기악,1,1.0
제갈소망,성악,1,1.0
제갈숙영,한국무용,1,1.0
제니,대중가요,1,1.0
제라드 페슨,기악,1,1.0
제상철,기악,1,0.5
제상철,오페라,1,0.5
제은빈,연극,1,1.0
제이미 로이드,연극,1,1.0
제이미 맥다니엘,넌버벌 퍼포먼스,1,0.25
제이미 맥다니엘,뮤지컬,3,0.75
제이민,뮤지컬,2,1.0
제이슨 라일리,발레,1,1.0
제이슨 크리미,기악,1,1.0
제이슨 팔머,재즈/월드뮤직,1,1.0
제이통,대중가요,1,1.0
제이피 요프리,기악,1,1.0
제임스 매커보이,연극,1,1.0
제임스 보스윅,뮤지컬,2,1.0
제임스 저드,기악,4,1.0
제임스 전,발레,1,1.0
제임스 코든,연극,1,1.0
제프리 자이글러,기악,1,1.0
제프리 지글러,기악,1,1.0
제희형,뮤지컬,1,1.0
젤리코 루치치,오페라,1,1.0
조가람,기악,2,1.0
조가완,성악,1,1.0
조갑경,대중가요,2,1.0
조갑용,기악,1,1.0
조경곤,성악,1,1.0
조경란,연극,2,1.0
조경미,연극,1,1.0
조경섭,뮤지컬,1,1.0
조경진,기악,1,0.5
조경진,연극,1,0.5
조경현,연극,1,1.0
조경화,성악,1,1.0
조경환,뮤지컬,1,1.0
조경훈,연극,4,1.0
조광래,성악,1,1.0
조광화,뮤지컬,1,1.0
조광훈,뮤지컬,1,1.0
조광희,혼합,1,1.0
조권,뮤지컬,1,1.0
조규석,오페라,1,1.0
조규성,성악,1,1.0
조규원,재즈/월드뮤직,1,1.0
조규진,기악,1,1.0
조규철,기악,1,1.0
조근호,기악,1,1.0
조기왕,연극,1,1.0
조기철,넌버벌 퍼포먼스,1,1.0
조나단 록스머스,뮤지컬,3,1.0
조남열,재즈/월드뮤직,1,1.0
조누리,기악,1,0.5
조누리,혼합,1,0.5
조다원,뮤지컬,1,1.0
조달환,연극,3,1.0
조대상,연극,1,1.0
조라승,뮤지컬,1,1.0
조령빈,연극,1,1.0
조르죠 본조반니,오페라,1,1.0
조만수,연극,2,1.0
조만호,연극,1,1.0
조명균,연극,4,1.0
조명섭,대중가요,3,0.75
조명섭,성악,1,0.25
조명현,뮤지컬,2,1.0
조명희,기악,1,1.0
조모세,연극,1,1.0
조무종,기악,1,1.0
조문기,연극,1,1.0
조미경,오페라,1,1.0
조미선,연극,1,1.0
조미영,기악,1,1.0
조미정,기악,1,1.0
조미향,연극,1,1.0
조민국,연극,1,1.0
조민규,기타,3,1.0
조민기,재즈/월드뮤직,2,1.0
조민상,연극,5,1.0
조민선,연극,2,1.0
조민솔,연극,1,1.0
조민수,연극,2,1.0
조민정,연극,1,1.0
조민지,성악,2,0.6666666666666666
조민지,연극,1,0.3333333333333333
조민철,연극,2,1.0
조민형,뮤지컬,2,1.0
조민호,뮤지컬,1,1.0
조민희,연극,3,1.0
조범준,뮤지컬,6,1.0
조병욱,뮤지컬,1,0.5
조병욱,성악,1,0.5
조보우,연극,1,1.0
조보은,연극,1,1.0
조부현,연극,2,1.0
조삼희,뮤지컬,1,1.0
조상욱,기악,1,1.0
조상웅,뮤지컬,1,1.0
조상필,기악,1,1.0
조상현,기악,1,1.0
조서연,연극,1,1.0
조석준,뮤지컬,1,0.3333333333333333
조석준,연극,2,0.6666666666666666
조선명,뮤지컬,1,1.0
조선아,오페라,1,1.0
조선형,뮤지컬,5,0.5555555555555556
조선형,성악,2,0.2222222222222222
조선형,연극,2,0.2222222222222222
조설영,기악,1,1.0
조성규,연극,1,1.0
조성동,뮤지컬,1,1.0
조성모,기타,1,0.5
조성모,대중가요,1,0.5
조성숙,성악,2,1.0
조성연,기악,2,1.0
조성옥,연극,1,1.0
조성우,연극,1,1.0
조성욱,연극,1,1.0
조성운,연극,1,1.0
조성윤,뮤지컬,2,0.5
조성윤,연극,2,0.5
조성준,뮤지컬,3,1.0
조성중,뮤지컬,1,1.0
조성진,기악,7,1.0
조성현,기악,12,0.9230769230769231
조성현,연극,1,0.07692307692307693
조성호,기악,2,1.0
조성환,기악,1,1.0
조성훈,기악,1,1.0
조성희,뮤지컬,1,1.0
조세피나 가브리엘,뮤지컬,1,1.0
조세형,성악,1,1.0
조세훈,기악,1,1.0
조셉 칼레야,오페라,1,1.0
조소정,대중가요,1,1.0
조수미,기악,1,1.0
조수민,기악,2,0.6666666666666666
조수민,연극,1,0.3333333333333333
조수빈,뮤지컬,1,0.3333333333333333
조수빈,연극,2,0.6666666666666666
조수연,연극,3,1.0
조수용,연극,1,1.0
조수원,넌버벌 퍼포먼스,2,1.0
조수인,연극,1,1.0
조수잔나,연극,2,1.0
조수정,연극,1,1.0
조수진,연극,1,1.0
조수하,뮤지컬,1,0.5
조수하,연극,1,0.5
조수현,기악,3,0.75
조수현,연극,1,0.25
조수황,성악,2,1.0
조숙현,기악,3,1.0
조순자,기악,1,1.0
조승룡,뮤지컬,4,1.0
조승민,연극,1,1.0
조승연,연극,1,1.0
조승우,뮤지컬,1,1.0
조승희,연극,1,1.0
조시연,연극,1,1.0
조시현,연극,1,1.0
조아나 암필,뮤지컬,2,1.0
조아라,기악,1,0.25
조아라,뮤지컬,1,0.25
조아라,연극,2,0.5
조아해,연극,1,1.0
조아현,연극,2,1.0
조야 페트로바,기악,2,1.0
조엘,성악,1,1.0
조연우,기악,1,1.0
조연재,기악,1,0.3333333333333333
조연재,연극,2,0.6666666666666666
조연정,뮤지컬,1,1.0
조연진,뮤지컬,1,0.5
조연진,연극,1,0.5
조연호,연극,2,1.0
조연화,뮤지컬,2,1.0
조연희,연극,1,1.0
조영구,대중가요,1,1.0
조영규,연극,2,0.6666666666666666
조영규,한국무용,1,0.3333333333333333
조영근,뮤지컬,1,0.5
조영근,연극,1,0.5
조영남,성악,1,1.0
조영덕,재즈/월드뮤직,1,1.0
조영래,연극,1,1.0
조영목,기악,1,1.0
조영미,기악,1,0.3333333333333333
조영미,연극,2,0.6666666666666666
조영웅,기악,1,0.5
조영웅,뮤지컬,1,0.5
조영임,뮤지컬,1,1.0
조영자,혼합,1,1.0
조영조,기악,1,1.0
조영주,연극,1,1.0
조영준,뮤지컬,1,1.0
조영진,연극,2,1.0
조영철,연극,1,1.0
조영해,성악,1,1.0
조영환,뮤지컬,1,1.0
조영훈,기악,5,0.7142857142857143
조영훈,서커스/마술,2,0.2857142857142857
조예닮,기악,1,1.0
조예림,기악,1,1.0
조예본,기악,1,1.0
조예서,뮤지컬,2,1.0
조예영,악극,1,1.0
조예지,기악,1,1.0
조옥형,연극,1,1.0
조옥희,오페라,1,1.0
조요한,기악,1,1.0
조용경,연극,1,1.0
조용기,뮤지컬,1,0.5
조용기,연극,1,0.5
조용대,오페라,1,1.0
조용득,기악,1,1.0
조용미,기악,3,1.0
조용복,성악,1,1.0
조용석,연극,1,1.0
조용수,성악,3,0.75
조용수,연희,1,0.25
조용신,뮤지컬,1,1.0
조용안,성악,1,1.0
조용우,기악,6,1.0
조용원,재즈/월드뮤직,1,1.0
조용태,뮤지컬,1,1.0
조우석,넌버벌 퍼포먼스,1,1.0
조우영,기악,1,1.0
조우태,기악,1,1.0
조우현,연극,2,1.0
조원동,뮤지컬,1,1.0
조원상,대중가요,1,1.0
조원석,기악,1,0.25
조원석,뮤지컬,1,0.25
조원석,성악,1,0.25
조원석,혼합,1,0.25
조원영,뮤지컬,1,0.5
조원영,연극,1,0.5
조유라,기악,1,1.0
조유림,기악,1,1.0
조유빈,기악,1,1.0
조유진,연극,2,1.0
조윤경,기악,2,1.0
조윤범,기악,4,1.0
조윤상,기악,1,1.0
조윤선,뮤지컬,1,1.0
조윤성,기악,4,0.6666666666666666
조윤성,재즈/월드뮤직,2,0.3333333333333333
조윤수,연극,1,1.0
조윤영,기악,1,1.0
조윤정,기악,2,0.6666666666666666
조윤정,성악,1,0.3333333333333333
조윤주,기악,2,0.6666666666666666
조윤주,성악,1,0.3333333333333333
조윤지,기악,1,0.5
조윤지,연극,1,0.5
조윤진,기악,1,0.3333333333333333
조윤진,뮤지컬,2,0.6666666666666666
조윤한,연극,1,1.0
조윤환,기악,1,0.2
조윤환,성악,2,0.4
조윤환,오페라,2,0.4
조은,기악,1,0.3333333333333333
조은,뮤지컬,1,0.3333333333333333
조은,연극,1,0.3333333333333333
조은결,기악,1,1.0
조은경,연극,3,1.0
조은나,오페라,1,1.0
조은비,오페라,2,1.0
조은서,기악,2,0.6666666666666666
조은서,연극,1,0.3333333333333333
조은성,기악,2,0.6666666666666666
조은성,한국무용,1,0.3333333333333333
조은아,한국무용,1,1.0
조은애,기악,1,1.0
조은영,성악,1,0.3333333333333333
조은영,연극,1,0.3333333333333333
조은영,연희,1,0.3333333333333333
조은원,연극,1,1.0
조은주,대중가요,1,1.0
조은진,연극,3,0.6
조은진,현대무용,2,0.4
조은체,연극,1,1.0
조은혜,기악,1,0.25
조은혜,성악,2,0.5
조은혜,오페라,1,0.25
조의선,기악,1,0.3333333333333333
조의선,성악,1,0.3333333333333333
조의선,연희,1,0.3333333333333333
조의진,연극,3,1.0
조이스 양,기악,1,1.0
조익현,성악,3,1.0
조인상,기악,3,1.0
조인영,성악,1,1.0
조인재,성악,1,1.0
조인혁,기악,3,1.0
조인호,현대무용,2,1.0
조일경,현대무용,1,1.0
조일신,뮤지컬,1,0.25
조일신,연극,3,0.75
조장남,오페라,2,1.0
조재경,성악,1,1.0
조재문,뮤지컬,3,0.75
조재문,연극,1,0.25
조재복,기악,1,1.0
조재신,기타,1,1.0
조재웅,연극,1,1.0
조재윤,연극,1,1.0
조재은,뮤지컬,7,1.0
조재익,대중가요,1,1.0
조재혁,기악,5,1.0
조재현,기악,5,0.7142857142857143
조재현,뮤지컬,1,0.14285714285714285
조재현,연극,1,0.14285714285714285
조재형,기악,3,1.0
조재호,연극,2,1.0
조정규,창극,2,1.0
조정명,뮤지컬,1,0.5
조정명,연극,1,0.5
조정민,연극,1,1.0
조정수,한국무용,1,1.0
조정순,성악,1,1.0
조정윤,연극,1,1.0
조정은,뮤지컬,1,1.0
조정일,연희,2,0.6666666666666666
조정일,혼합,1,0.3333333333333333
조정치,대중가요,2,1.0
조정현,기악,3,0.42857142857142855
조정현,성악,1,0.14285714285714285
조정현,재즈/월드뮤직,3,0.42857142857142855
조정호,연극,1,1.0
조정환,뮤지컬,2,1.0
조정흠,연극,2,1.0
조정희,현대무용,1,1.0
조제상,연극,2,1.0
조제이,기악,1,1.0
조주경,연극,3,1.0
조주연,기악,1,1.0
조주현,발레,1,0.3333333333333333
조주현,성악,1,0.3333333333333333
조주현,연극,1,0.3333333333333333
조준,연극,6,1.0
조준상,연극,1,1.0
조준우,넌버벌 퍼포먼스,2,1.0
조준형,연극,1,1.0
조준호,대중가요,1,1.0
조준휘,기악,2,1.0
조준희,뮤지컬,1,1.0
조지석,오페라,2,1.0
조지선,기악,1,1.0
조지승,뮤지컬,1,1.0
조지연,기악,1,1.0
조지영,성악,1,0.5
조지영,연극,1,0.5
조지현,기악,1,0.5
조지현,연극,1,0.5
조진원,기악,1,1.0
조진주,기악,5,1.0
조진호,연극,1,1.0
조창배,혼합,1,1.0
조창우,뮤지컬,2,0.5
조창우,연극,2,0.5
조창원,연극,1,1.0
조창주,연극,1,1.0
조철희,기악,1,0.5
조철희,오페라,1,0.5
조춘호,연극,2,1.0
조충만,연극,1,1.0
조충범,뮤지컬,1,1.0
조태관,연극,1,1.0
조태진,성악,1,1.0
조풍래,뮤지컬,4,1.0
조하경,현대무용,1,1.0
조하나,연극,7,1.0
조한,기악,3,1.0
조한결,대중가요,1,0.5
조한결,성악,1,0.5
조한나,기악,1,0.2
조한나,뮤지컬,2,0.4
조한나,성악,2,0.4
조한샘,기악,1,1.0
조항선,연극,1,1.0
조항조,대중가요,1,1.0
조해담,기악,1,1.0
조현,기악,1,0.5
조현,악극,1,0.5
조현근,성악,1,1.0
조현배,현대무용,2,1.0
조현산,한국무용,1,1.0
조현수,기악,1,1.0
조현숙,연극,1,1.0
조현아,기악,1,0.5
조현아,연극,1,0.5
조현애,오페라,4,1.0
조현영,발레,1,1.0
조현우,연극,2,1.0
조현재,연극,1,1.0
조현지,기악,1,1.0
조현진,기악,1,1.0
조현철,연극,4,1.0
조현희,연극,1,1.0
조형곤,악극,1,1.0
조형균,뮤지컬,6,1.0
조형래,연극,4,1.0
조형숙,악극,1,1.0
조형준,기악,3,0.75
조형준,성악,1,0.25
조혜란,성악,1,1.0
조혜련,연극,1,1.0
조혜령,기악,1,1.0
조혜선,연극,2,1.0
조혜숙,기악,1,1.0
조혜안,연극,2,1.0
조혜연,연극,1,1.0
조혜운,기악,1,1.0
조혜원,현대무용,1,1.0
조혜인,연극,1,1.0
조혜정,기악,4,1.0
조혜진,기악,1,0.5
조혜진,오페라,1,0.5
조혜현,현대무용,1,1.0
조호동,연극,1,1.0
조홍기,성악,1,1.0
조홍일,뮤지컬,1,0.5
조홍일,연극,1,0.5
조환,연극,1,1.0
조환지,뮤지컬,1,1.0
조황경,한국무용,4,1.0
조효린,연극,1,1.0
조효정,뮤지컬,1,1.0
조후찬,재즈/월드뮤직,2,1.0
조훈,뮤지컬,4,1.0
조훈희,기악,2,1.0
조휘,기타,1,0.5
조휘,뮤지컬,1,0.5
조휘령,연극,2,1.0
조휘주,악극,1,1.0
조흥래,발레,1,1.0
조희,뮤지컬,1,0.3333333333333333
조희,서커스/마술,2,0.6666666666666666
조희규,기악,1,1.0
조희민,뮤지컬,1,1.0
조희연,기악,1,1.0
조희창,기악,7,0.875
조희창,오페라,1,0.125
존내피어,뮤지컬,2,1.0
존노,성악,3,1.0
좌유란,연극,1,1.0
좌정우,연극,1,1.0
주건호,연극,1,1.0
주나모,현대무용,1,1.0
주노르 소우사,발레,1,1.0
주동하,연극,2,1.0
주란숙,연극,3,1.0
주미강,기악,1,1.0
주미나,뮤지컬,1,1.0
주미래,재즈/월드뮤직,1,1.0
주민진,뮤지컬,3,1.0
주민혁,기악,1,1.0
주보라,기악,3,1.0
주선언,성악,1,1.0
주선영,성악,1,1.0
주선옥,연극,1,1.0
주세페 베르디,오페라,1,1.0
주소연,뮤지컬,3,1.0
주소영,뮤지컬,1,1.0
주소은,기악,1,1.0
주수진,기악,1,1.0
주연선,기악,2,1.0
주연희,한국무용,1,1.0
주영규,오페라,1,1.0
주영롱,연희,1,0.5
주영롱,혼합,1,0.5
주영호,연극,1,0.5
주영호,한국무용,1,0.5
주요한,연극,1,1.0
주용철,현대무용,1,1.0
주용필,연극,1,1.0
주우성,연극,1,1.0
주유랑,연극,1,1.0
주윤경,기악,1,1.0
주윤아,기악,1,1.0
주윤정,기악,1,1.0
주윤하,대중가요,1,1.0
주은아,기악,1,1.0
주은지,기악,1,1.0
주익성,기악,1,1.0
주인로,성악,1,1.0
주자영,성악,1,1.0
주재근,연희,1,1.0
주재만,발레,1,1.0
주재현,뮤지컬,1,1.0
주재후,연극,2,1.0
주정현,기악,1,1.0
주정훈,연극,1,1.0
주종혁,뮤지컬,1,1.0
주지영,기악,1,1.0
주지희,연극,1,1.0
주진,서커스/마술,1,1.0
주진서,기악,1,1.0
주진오,연극,1,1.0
주진형,연극,1,1.0
주창환,연극,1,1.0
주태윤,뮤지컬,2,1.0
주하영,현대무용,2,1.0
주하율,기악,1,1.0
주현우,연극,3,1.0
주혜성,기악,1,1.0
주혜영,현대무용,1,1.0
주혜원,연극,1,1.0
주홍진,기악,2,1.0
주화준,재즈/월드뮤직,2,1.0
주희,현대무용,1,1.0
주희성,기악,3,1.0
주희원,뮤지컬,1,1.0
주희정,기악,1,1.0
준 스미스,재즈/월드뮤직,1,1.0
줄리안 코바체프,기악,9,1.0
중원눙,연극,1,1.0
쥘 아팝,기악,2,1.0
지,대중가요,1,1.0
지경민,현대무용,2,1.0
지광윤,기악,1,1.0
지근우,뮤지컬,2,1.0
지기학,성악,1,1.0
지나경,연극,1,1.0
지민근,기악,3,1.0
지민영,뮤지컬,1,0.5
지민영,연극,1,0.5
지백,기악,1,1.0
지상록,연극,1,1.0
지상희,기악,1,1.0
지새롬,뮤지컬,1,1.0
지서율,뮤지컬,1,1.0
지성미,연극,1,1.0
지성호,기악,2,1.0
지세희,대중가요,1,1.0
지소연,연극,2,1.0
지수아,연극,1,1.0
지순자,혼합,1,1.0
지승태,뮤지컬,2,0.6666666666666666
지승태,연극,1,0.3333333333333333
지신엽,기타,1,1.0
지연실,연극,1,1.0
지영훈,대중가요,1,1.0
지우영,발레,1,1.0
지원선,뮤지컬,2,1.0
지유정,성악,1,1.0
지유진,기악,1,1.0
지윤권,기악,1,1.0
지윤정,연극,3,1.0
지은진,연극,1,1.0
지은혜,기악,1,1.0
지이선,발레,1,0.5
지이선,연극,1,0.5
지인규,연극,1,1.0
지인우,뮤지컬,1,1.0
지인호,연극,1,1.0
지일주,뮤지컬,1,1.0
지주연,연극,1,1.0
지진석,뮤지컬,1,1.0
지해나,성악,1,1.0
지헤연,연극,1,1.0
지헤준,서커스/마술,1,1.0
지현준,연극,1,1.0
지혜근,뮤지컬,1,1.0
지혜련,뮤지컬,1,1.0
지혜인,기악,1,1.0
지호림,연극,1,1.0
진 잭슨,재즈/월드뮤직,1,1.0
진기정,기악,1,0.5
진기정,마당극,1,0.5
진남수,뮤지컬,2,1.0
진다연,뮤지컬,1,1.0
진덕,기악,2,1.0
진동욱,대중가요,1,1.0
진미사,뮤지컬,1,1.0
진민범,악극,1,1.0
진민수,기악,1,1.0
진상현,뮤지컬,1,1.0
진석,연극,1,1.0
진선규,연극,1,1.0
진선미,기악,2,0.6666666666666666
진선미,연극,1,0.3333333333333333
진성,대중가요,4,1.0
진성민,뮤지컬,1,1.0
진성원,기악,2,0.6666666666666666
진성원,성악,1,0.3333333333333333
진성환,뮤지컬,1,1.0
진소영,기악,1,1.0
진솔,기악,4,1.0
진시라,연극,2,1.0
진시안,연극,1,1.0
진애숙,연극,1,1.0
진양혜,기악,1,1.0
진영선,기악,2,1.0
진영섭,뮤지컬,1,1.0
진예진,성악,1,1.0
진옥섭,성악,1,0.5
진옥섭,혼합,1,0.5
진유림,성악,1,1.0
진유정,성악,2,1.0
진윤경,기악,1,1.0
진윤일,기악,9,1.0
진은준,기악,1,1.0
진정하,연극,3,1.0
진종민,연극,1,1.0
진종현,뮤지컬,1,0.2
진종현,연극,4,0.8
진종훈,연극,1,1.0
진주백,뮤지컬,1,1.0
진지숙,연극,1,1.0
진지한,연극,1,1.0
진찬주,기악,1,1.0
진채원,기악,1,1.0
진태연,연극,2,1.0
진태옥,연극,1,1.0
진하연,연극,1,1.0
진한빛,뮤지컬,1,1.0
진한서,뮤지컬,1,1.0
진현우,현대무용,1,1.0
진형운,성악,1,1.0
진형준,기악,2,1.0
진혜란,연극,1,1.0
진혜빈,기악,1,1.0
진호,대중가요,1,0.5
진호,뮤지컬,1,0.5
질 마으,뮤지컬,1,1.0
질리언 린,뮤지컬,2,1.0
쯔카구치 토모,악극,1,1.0
차강석,뮤지컬,1,1.0
차경훈,기악,1,1.0
차근영,기악,1,1.0
차나영,연극,1,1.0
차도하,연극,1,1.0
차두리,연극,2,1.0
차명희,한국무용,3,1.0
차미연,기악,1,1.0
차민규,재즈/월드뮤직,1,1.0
차민정,기악,1,1.0
차보영,성악,1,1.0
차선희,뮤지컬,1,1.0
차세인,연극,1,1.0
차수민,연극,1,1.0
차수영,연극,4,1.0
차승욱,연극,1,1.0
차승현,기악,1,1.0
차승호,뮤지컬,1,1.0
차승희,성악,1,1.0
차영숙,연극,1,1.0
차영우,연극,1,1.0
차영준,연극,1,1.0
차용학,연극,2,1.0
차우경,연극,1,1.0
차유경,연극,2,1.0
차은선,연극,1,1.0
차은수,연극,1,1.0
차은진,연극,1,1.0
차이화,연극,1,1.0
차인성,연극,1,1.0
차정현,뮤지컬,1,1.0
차준명,연극,1,1.0
차준호,뮤지컬,2,1.0
차지성,연극,1,1.0
차지연,기타,2,0.3333333333333333
차지연,뮤지컬,2,0.3333333333333333
차지연,연극,2,0.3333333333333333
차지예,연극,1,1.0
차지현,기악,1,1.0
차진이,연극,1,1.0
차푸름,뮤지컬,1,1.0
차하연,뮤지컬,1,1.0
차학연,뮤지컬,3,1.0
차현석,연극,5,1.0
차현지,뮤지컬,1,0.5
차현지,연극,1,0.5
차형도,연극,2,0.6666666666666666
차형도,현대무용,1,0.3333333333333333
차형은,연극,5,1.0
차혜경,기악,1,1.0
차홍서,기악,1,1.0
차희,연극,1,1.0
찰스 올리비에리 먼로,기악,1,1.0
창모,대중가요,1,1.0
채경선,넌버벌 퍼포먼스,2,1.0
채경화,기악,1,1.0
채군,연극,1,1.0
채다인,기악,1,1.0
채동혁,뮤지컬,1,1.0
채문영,기악,4,1.0
채민수,연극,1,1.0
채상묵,한국무용,2,1.0
채서원,연극,1,1.0
채석진,연극,1,1.0
채송화,연극,1,1.0
채수빈,연극,1,1.0
채수욱,연극,1,1.0
채수현,성악,1,1.0
채연,대중가요,1,1.0
채영은,연극,1,1.0
채영준,기악,1,0.5
채영준,오페라,1,0.5
채원영,창극,1,1.0
채유니,연극,1,1.0
채윤정,연극,1,1.0
채은옥,대중가요,1,1.0
채재일,기악,6,1.0
채종욱,넌버벌 퍼포먼스,1,0.5
채종욱,마당극,1,0.5
채지민,연극,1,1.0
채진경,연극,1,1.0
채진영,성악,2,1.0
채초희,연극,1,1.0
채치민,연극,1,1.0
채태인,뮤지컬,1,1.0
채한숙,한국무용,1,1.0
채한울,뮤지컬,2,1.0
채향순,성악,1,1.0
채현원,뮤지컬,2,1.0
채형봉,기악,1,1.0
채환,대중가요,1,0.3333333333333333
채환,뮤지컬,2,0.6666666666666666
채희영,기악,1,1.0
채희준,뮤지컬,3,1.0
천경필,성악,1,0.5
천경필,악극,1,0.5
천대웅,연극,1,1.0
천대윤,기악,1,1.0
천상혁,성악,1,1.0
천새롬,연극,1,1.0
천성대,성악,1,1.0
천성욱,대중가요,1,1.0
천성운,연극,1,1.0
천세은,뮤지컬,2,1.0
천슬기,기악,1,1.0
천영학,기악,1,1.0
천예나,기악,2,1.0
천용성,대중가요,2,1.0
천우리,연극,1,1.0
천우영,연극,1,1.0
천유경,연극,1,1.0
천윤경,연극,1,1.0
천은영,연극,1,1.0
천재권,뮤지컬,1,1.0
천정하,뮤지컬,1,1.0
천주미,성악,2,0.6666666666666666
천주미,혼합,1,0.3333333333333333
천지윤,기악,2,1.0
천지현,넌버벌 퍼포먼스,1,1.0
천창훈,연극,1,1.0
천화숙,성악,1,1.0
천효범,연극,1,1.0
천휘수,기악,1,1.0
청하,대중가요,1,1.0
촤한결,기악,1,1.0
최가슬,뮤지컬,1,1.0
최강미,성악,1,1.0
최강열,뮤지컬,3,1.0
최강지,오페라,9,1.0
최강현,연극,1,1.0
최건우,연극,1,1.0
최경선,성악,1,1.0
최경숙,성악,1,1.0
최경원,혼합,1,1.0
최경은,기악,2,1.0
최경자,한국무용,1,1.0
최경철,연극,1,1.0
최경현,기악,1,1.0
최경혜,성악,1,1.0
최경화,뮤지컬,1,1.0
최경훈,악극,1,0.3333333333333333
최경훈,연극,1,0.3333333333333333
최경훈,현대무용,1,0.3333333333333333
최고운,기악,1,1.0
최고은,기악,2,0.6666666666666666
최고은,대중가요,1,0.3333333333333333
최공석,오페라,2,1.0
최관용,기악,1,1.0
최광석,연극,1,1.0
최광일,성악,1,1.0
최광제,뮤지컬,2,1.0
최광희,뮤지컬,1,1.0
최구웅,연극,1,1.0
최귀선,연극,1,1.0
최귀섭,뮤지컬,1,1.0
최귀웅,연극,2,1.0
최규웅,연극,1,1.0
최규정,기악,2,1.0
최규창,연극,1,1.0
최규혁,기악,1,1.0
최규화,연극,2,1.0
최균,뮤지컬,1,0.5
최균,연극,1,0.5
최근정,기악,1,1.0
최기섭,넌버벌 퍼포먼스,2,1.0
최기우,뮤지컬,1,1.0
최기웅,뮤지컬,1,1.0
최기현,연극,1,1.0
최기호,뮤지컬,1,1.0
최나경,기악,2,1.0
최나라,뮤지컬,1,1.0
최나은,기악,2,1.0
최다운,뮤지컬,1,1.0
최다혜,연극,1,0.5
최다혜,혼합,1,0.5
최담,연극,1,1.0
최대성,넌버벌 퍼포먼스,2,1.0
최대운,연극,1,1.0
최대철,뮤지컬,1,1.0
최덕렬,기악,1,1.0
최덕술,성악,1,1.0
최도혁,연극,1,1.0
최동석,연극,2,1.0
최동현,현대무용,1,1.0
최동호,기악,1,1.0
최두선,뮤지컬,1,0.5
최두선,연극,1,0.5
최둘이,연극,1,1.0
최득규,기악,1,0.3333333333333333
최득규,오페라,2,0.6666666666666666
최로사,기악,1,1.0
최리라,기악,1,1.0
최만,재즈/월드뮤직,1,1.0
최만수,연극,1,1.0
최명경,연극,3,1.0
최명우,성악,1,1.0
최명현,현대무용,2,1.0
최무성,연극,1,1.0
최무열,뮤지컬,1,1.0
최문경,연극,1,1.0
최문복,연극,1,1.0
최문석,기악,3,1.0
최미나,성악,1,1.0
최미란,성악,2,1.0
최미래,기악,1,1.0
최미소,뮤지컬,1,0.5
최미소,연극,1,0.5
최미용,뮤지컬,1,1.0
최미정,기악,1,0.5
최미정,뮤지컬,1,0.5
최민,기악,1,1.0
최민경,기악,4,1.0
최민선,현대무용,1,1.0
최민성,뮤지컬,1,1.0
최민수,연극,1,1.0
최민영,연극,2,1.0
최민우,뮤지컬,2,0.6666666666666666
최민우,연극,1,0.3333333333333333
최민재,기악,1,1.0
최민정,기악,2,1.0
최민지,기악,1,0.5
최민지,연극,1,0.5
최민철,뮤지컬,2,1.0
최민혜,성악,1,1.0
최민호,재즈/월드뮤직,1,1.0
최민후,뮤지컬,1,1.0
최바울,연극,1,1.0
최백호,기타,1,0.2
최백호,대중가요,1,0.2
최백호,재즈/월드뮤직,3,0.6
최병규,뮤지컬,2,1.0
최병길,한국무용,1,1.0
최병로,연극,1,1.0
최병준,성악,1,1.0
최병철,연극,5,1.0
최병혁,오페라,1,1.0
최병현,연극,1,1.0
최병호,기악,1,1.0
최병훈,연극,1,1.0
최보규,연극,1,1.0
최보라,뮤지컬,1,1.0
최보미,재즈/월드뮤직,1,1.0
최보성,뮤지컬,1,1.0
최보윤,기악,2,0.3333333333333333
최보윤,연극,4,0.6666666666666666
최보한,성악,2,0.6666666666666666
최보한,오페라,1,0.3333333333333333
최보혜,기악,1,1.0
최보희,연극,2,1.0
최부건,연극,1,1.0
최사무엘,기악,1,0.3333333333333333
최사무엘,연극,2,0.6666666666666666
최삼,대중가요,1,1.0
최상무,성악,1,0.16666666666666666
최상무,오페라,5,0.8333333333333334
최상배,연극,4,1.0
최상석,연극,1,1.0
최상열,현대무용,1,1.0
최상인,뮤지컬,1,1.0
최상철,현대무용,2,1.0
최상태,연극,1,1.0
최새롬,기악,1,1.0
최새봄,대중가요,1,1.0
최샘이,연극,2,1.0
최서아,현대무용,1,1.0
최서연,뮤지컬,1,1.0
최서영,기악,1,1.0
최서은,연극,2,1.0
최서진,연극,1,1.0
최서희,기악,2,1.0
최석민,현대무용,1,1.0
최석원,뮤지컬,1,0.5
최석원,연극,1,0.5
최석준,연극,2,1.0
최석진,뮤지컬,3,0.75
최석진,연극,1,0.25
최석태,성악,1,1.0
최선미,기악,1,0.5
최선미,오페라,1,0.5
최선배,재즈/월드뮤직,2,1.0
최선아,기악,1,1.0
최선영,현대무용,1,1.0
최선유,기악,1,1.0
최설,악극,1,1.0
최성규,뮤지컬,1,1.0
최성근,성악,1,1.0
최성수,대중가요,4,0.8
최성수,오페라,1,0.2
최성식,기악,2,1.0
최성애,뮤지컬,1,1.0
최성욱,뮤지컬,1,0.3333333333333333
최성욱,연극,2,0.6666666666666666
최성원,뮤지컬,1,1.0
최성은,대중가요,1,0.5
최성은,악극,1,0.5
최성재,마임,1,1.0
최성주,성악,1,1.0
최성진,연극,1,1.0
최성혜,뮤지컬,1,1.0
최성훈,기타,3,0.75
최성훈,성악,1,0.25
최세리,기악,1,1.0
최세열,재즈/월드뮤직,1,1.0
최세진,기악,1,1.0
최소리,기악,1,0.5
최소리,뮤지컬,1,0.5
최소린,연극,1,1.0
최소영,기악,3,0.42857142857142855
최소영,뮤지컬,2,0.2857142857142857
최소영,현대무용,2,0.2857142857142857
최소현,연극,1,1.0
최솔,뮤지컬,1,0.25
최솔,연극,3,0.75
최송필,오페라,1,1.0
최송희,연극,1,1.0
최수명,뮤지컬,1,1.0
최수안,성악,1,1.0
최수안. 황안나,성악,1,1.0
최수연,뮤지컬,2,1.0
최수열,기악,10,1.0
최수완,연극,1,1.0
최수원,기악,1,1.0
최수은,기악,1,1.0
최수정,기악,1,0.3333333333333333
최수정,성악,2,0.6666666666666666
최수지,기악,1,0.5
최수지,연극,1,0.5
최수진,대중가요,2,0.2857142857142857
최수진,뮤지컬,1,0.14285714285714285
최수진,악극,1,0.14285714285714285
최수진,연극,1,0.14285714285714285
최수진,재즈/월드뮤직,1,0.14285714285714285
최수진,현대무용,1,0.14285714285714285
최수형,뮤지컬,1,1.0
최순진,연극,2,1.0
최승리,기악,1,1.0
최승만,성악,1,1.0
최승열,뮤지컬,1,0.3333333333333333
최승열,연극,2,0.6666666666666666
최승원,성악,1,1.0
최승윤,오페라,1,1.0
최승은,성악,1,0.5
최승은,연극,1,0.5
최승일,연극,1,1.0
최승주,연극,1,1.0
최승혁,기악,1,1.0
최승현,오페라,1,1.0
최승호,연극,1,0.5
최승호,창극,1,0.5
최승희,오페라,2,1.0
최시원,현대무용,1,1.0
최신민,오페라,1,1.0
최아름,뮤지컬,1,0.5
최아름,연극,1,0.5
최아현,기악,3,1.0
최애리,연극,2,1.0
최엄지,연극,1,1.0
최에선,기악,1,1.0
최여은,연극,2,1.0
최연수,연극,1,1.0
최연옥,연극,1,1.0
최연우,기악,1,0.5
최연우,대중가요,1,0.5
최연주,성악,1,1.0
최영권,기악,1,1.0
최영규,발레,1,1.0
최영도,뮤지컬,1,0.3333333333333333
최영도,연극,2,0.6666666666666666
최영미,기악,1,1.0
최영민,기악,1,0.5
최영민,뮤지컬,1,0.5
최영선,기악,4,0.8
최영선,성악,1,0.2
최영신,오페라,1,1.0
최영애,기악,1,1.0
최영완,연극,1,1.0
최영우,뮤지컬,1,1.0
최영운,오페라,1,1.0
최영윤,연극,1,1.0
최영은,뮤지컬,2,0.5
최영은,연극,2,0.5
최영재,뮤지컬,2,0.4
최영재,연극,3,0.6
최영주,연극,2,0.6666666666666666
최영주,오페라,1,0.3333333333333333
최영준,연극,2,0.5
최영준,오페라,1,0.25
최영준,현대무용,1,0.25
최영진,기악,4,0.5714285714285714
최영진,대중가요,1,0.14285714285714285
최영진,성악,1,0.14285714285714285
최영진,연극,1,0.14285714285714285
최영현,현대무용,3,1.0
최영환,연극,1,1.0
최예경,뮤지컬,1,0.5
최예경,연극,1,0.5
최예근,대중가요,1,1.0
최예나,기악,2,0.6666666666666666
최예나,연극,1,0.3333333333333333
최예리,기악,1,1.0
최예림,기악,1,1.0
최예승,뮤지컬,1,0.3333333333333333
최예승,연극,2,0.6666666666666666
최예양,뮤지컬,1,1.0
최예윤,뮤지컬,1,1.0
최예은,기악,2,1.0
최예인,기악,4,1.0
최예지,연극,1,1.0
최온겸,연극,1,1.0
최완규,기악,1,1.0
최요섭,기악,1,0.3333333333333333
최요섭,성악,1,0.3333333333333333
최요섭,오페라,1,0.3333333333333333
최요한,연극,1,1.0
최용기,기악,1,1.0
최용민,연극,1,1.0
최용석,기악,2,0.6666666666666666
최용석,창극,1,0.3333333333333333
최용수,뮤지컬,1,1.0
최용식,연극,1,1.0
최용우,뮤지컬,1,1.0
최용준,기악,1,0.5
최용준,뮤지컬,1,0.5
최용진,연극,1,1.0
최용현,연극,1,1.0
최용호,기타,1,1.0
최우리,뮤지컬,1,1.0
최우석,연극,2,0.3333333333333333
최우석,현대무용,4,0.6666666666666666
최우성,연극,2,1.0
최우정,기악,1,0.5
최우정,연극,1,0.5
최우제,오페라,1,1.0
최우혁,넌버벌 퍼포먼스,1,0.5
최우혁,악극,1,0.5
최욱로,연극,1,1.0
최운학,연극,1,1.0
최원경,연극,1,1.0
최원석,연극,2,1.0
최원선,한국무용,1,1.0
최원영,연희,1,1.0
최원익,오페라,1,1.0
최원재,연극,1,1.0
최원종,연극,2,1.0
최원혁,뮤지컬,1,1.0
최원형,뮤지컬,1,0.5
최원형,연극,1,0.5
최원호,기악,1,1.0
최원휘,성악,2,1.0
최유나,연극,1,1.0
최유리,뮤지컬,1,0.3333333333333333
최유리,연극,1,0.3333333333333333
최유리,한국무용,1,0.3333333333333333
최유림,연극,1,1.0
최유미,마당극,1,0.5
최유미,성악,1,0.5
최유빈,기악,1,1.0
최유진,기악,3,0.6
최유진,성악,1,0.2
최유진,연극,1,0.2
최유찬,연극,1,1.0
최유하,뮤지컬,1,1.0
최윤범,연극,4,1.0
최윤서,기악,1,0.5
최윤서,연극,1,0.5
최윤석,기악,1,0.5
최윤석,연극,1,0.5
최윤애,기악,1,1.0
최윤영,기악,2,0.6666666666666666
최윤영,연희,1,0.3333333333333333
최윤정,기악,5,0.45454545454545453
최윤정,성악,2,0.18181818181818182
최윤정,연극,3,0.2727272727272727
최윤정,현대무용,1,0.09090909090909091
최윤제,기악,1,1.0
최윤희,기악,1,0.5
최윤희,성악,1,0.5
최은석,오페라,4,1.0
최은선,기악,3,0.5
최은선,성악,1,0.16666666666666666
최은선,연극,2,0.3333333333333333
최은숙,한국무용,1,1.0
최은식,기악,3,1.0
최은실,뮤지컬,1,1.0
최은영,기악,1,0.5
최은영,연극,1,0.5
최은정,기악,3,0.75
최은정,악극,1,0.25
최은주,기악,1,1.0
최은지,기악,1,0.25
최은지,현대무용,3,0.75
최은창,재즈/월드뮤직,3,1.0
최은해,뮤지컬,1,1.0
최이노,뮤지컬,1,1.0
최이담,기악,2,1.0
최이레,연극,2,1.0
최이삭,기악,2,1.0
최이슬,연극,1,1.0
최이진,연극,1,1.0
최인선,기악,2,1.0
최인성,기타,1,1.0
최인수,연극,2,1.0
최인숙,현대무용,4,1.0
최인식,성악,1,1.0
최인영,기악,1,0.25
최인영,연극,2,0.5
최인영,한국무용,1,0.25
최인철,인형극,2,1.0
최인혁,기악,1,1.0
최인혜,뮤지컬,2,1.0
최인환,기악,2,1.0
최임경,연극,1,1.0
최자연,뮤지컬,1,1.0
최자영,기악,1,0.5
최자영,성악,1,0.5
최자윤,혼합,1,1.0
최자인,뮤지컬,1,1.0
최재근,기악,1,1.0
최재도,성악,2,1.0
최재라,기악,1,1.0
최재림,뮤지컬,4,1.0
최재민,연극,5,1.0
최재성,연극,2,1.0
최재영,뮤지컬,1,0.5
최재영,악극,1,0.5
최재웅,뮤지컬,1,0.5
최재웅,연극,1,0.5
최재원,기악,5,0.8333333333333334
최재원,성악,1,0.16666666666666666
최재일,연극,1,1.0
최재혁,기악,2,0.6666666666666666
최재혁,연극,1,0.3333333333333333
최재호,기악,1,1.0
최재훈,악극,1,1.0
최재희,기악,1,1.0
최정,연극,1,1.0
최정기,뮤지컬,2,1.0
최정빈,오페라,2,1.0
최정산,마임,2,0.5
최정산,연극,2,0.5
최정수,뮤지컬,1,1.0
최정아,기악,1,1.0
최정연,기악,1,1.0
최정원,기악,4,0.19047619047619047
최정원,기타,2,0.09523809523809523
최정원,대중가요,1,0.047619047619047616
최정원,뮤지컬,10,0.47619047619047616
최정원,성악,4,0.19047619047619047
최정윤,기악,2,0.5
최정윤,성악,1,0.25
최정윤,연극,1,0.25
최정은,기악,2,0.6666666666666666
최정은,뮤지컬,1,0.3333333333333333
최정주,기악,1,1.0
최정철,성악,1,1.0
최정헌,연극,1,1.0
최정현,기악,2,0.4
최정현,스트리트/스포츠댄스,1,0.2
최정현,연극,2,0.4
최정홍,현대무용,1,1.0
최정화,뮤지컬,3,0.75
최정화,연극,1,0.25
최제우,연극,1,1.0
최종관,뮤지컬,1,1.0
최종률,연극,2,1.0
최종우,성악,2,0.5
최종우,오페라,2,0.5
최종원,연극,1,0.3333333333333333
최종원,오페라,1,0.3333333333333333
최종원,현대무용,1,0.3333333333333333
최종윤,뮤지컬,1,1.0
최종인,현대무용,1,1.0
최종훈,뮤지컬,1,0.5
최종훈,연극,1,0.5
최주봉,악극,1,1.0
최주연,기악,3,1.0
최주영,기악,1,0.5
최주영,연극,1,0.5
최주용,연극,1,1.0
최주환,연극,1,1.0
최준용,연극,1,1.0
최준원,기악,1,1.0
최준희,넌버벌 퍼포먼스,1,1.0
최중혁,기악,1,1.0
최지민,기악,1,1.0
최지선,연극,1,1.0
최지수,뮤지컬,1,1.0
최지승,성악,1,1.0
최지아,기악,1,0.5
최지아,뮤지컬,1,0.5
최지연,기악,2,0.25
최지연,대중가요,1,0.125
최지연,연극,5,0.625
최지영,기악,2,0.3333333333333333
최지영,연극,4,0.6666666666666666
최지웅,기악,2,1.0
최지원,기악,2,0.3333333333333333
최지원,발레,1,0.16666666666666666
최지원,연극,3,0.5
최지은,기악,1,0.16666666666666666
최지은,연극,5,0.8333333333333334
최지인,기악,2,0.5
최지인,뮤지컬,2,0.5
최지형,오페라,3,1.0
최지혜,뮤지컬,2,0.4
최지혜,연극,3,0.6
최지호,기악,2,0.5
최지호,성악,1,0.25
최지호,스트리트/스포츠댄스,1,0.25
최지환,기악,3,0.6
최지환,악극,1,0.2
최지환,연극,1,0.2
최지훈,연극,2,1.0
최진,기악,1,0.5
최진,뮤지컬,1,0.5
최진경,성악,1,1.0
최진규,오페라,1,1.0
최진배,기악,1,0.3333333333333333
최진배,재즈/월드뮤직,2,0.6666666666666666
최진봉,기악,1,1.0
최진석,기악,2,0.5
최진석,연극,2,0.5
최진선,연극,1,1.0
최진숙,한국무용,1,1.0
최진아,기악,1,0.3333333333333333
최진아,연극,2,0.6666666666666666
최진영,기악,1,0.25
최진영,넌버벌 퍼포먼스,2,0.5
최진영,연극,1,0.25
최진욱,연극,1,1.0
최진이,뮤지컬,1,1.0
최진한,현대무용,4,1.0
최진혁,오페라,1,1.0
최진호,연극,1,1.0
최찬영,연극,1,1.0
최찬혜,성악,1,1.0
최창우,연극,1,1.0
최창욱,뮤지컬,1,1.0
최철기,넌버벌 퍼포먼스,1,1.0
최철욱,대중가요,1,1.0
최치림,연극,1,1.0
최태선,한국무용,1,1.0
최태지,발레,2,1.0
최태황,연극,1,1.0
최필규,연극,3,1.0
최하늘,연극,1,1.0
최하람,기악,1,1.0
최하영,연극,1,1.0
최하윤,뮤지컬,1,1.0
최하은,뮤지컬,1,1.0
최한결,기악,7,0.7
최한결,성악,1,0.1
최한결,연극,2,0.2
최한글,재즈/월드뮤직,2,1.0
최한나,기악,1,1.0
최한별,연극,1,1.0
최한솔,연극,1,1.0
최항석,재즈/월드뮤직,1,1.0
최해리,한국무용,1,1.0
최해주,연극,1,1.0
최혁,뮤지컬,1,1.0
최혁재,기악,3,1.0
최현규,뮤지컬,1,0.5
최현규,연극,1,0.5
최현석,연희,1,1.0
최현선,뮤지컬,2,1.0
최현성,연극,1,1.0
최현수,성악,1,1.0
최현승,성악,1,1.0
최현아,기악,4,0.8
최현아,연극,1,0.2
최현영,성악,1,1.0
최현우,뮤지컬,1,0.25
최현우,서커스/마술,2,0.5
최현우,연극,1,0.25
최현욱,기악,1,1.0
최현웅,연극,3,1.0
최현이,기악,1,1.0
최현정,기악,1,0.16666666666666666
최현정,대중가요,1,0.16666666666666666
최현정,연극,2,0.3333333333333333
최현정,재즈/월드뮤직,1,0.16666666666666666
최현정,혼합,1,0.16666666666666666
최현주,연극,1,1.0
최현호,기악,8,1.0
최형록,기악,4,1.0
최형범 유인하,대중가요,1,1.0
최혜리,기악,4,0.8
최혜리,연극,1,0.2
최혜림,기악,2,1.0
최혜승,기악,1,1.0
최혜원,현대무용,4,1.0
최혜인,기악,1,1.0
최혜정,기악,1,0.5
최혜정,연극,1,0.5
최혜지,연극,1,1.0
최혜진,재즈/월드뮤직,1,1.0
최호민,연극,1,1.0
최호성,창극,1,1.0
최호승,뮤지컬,3,0.5
최호승,연극,3,0.5
최호승 김보정,연극,1,1.0
최호영,연극,2,1.0
최호윤,뮤지컬,1,1.0
최호중,뮤지컬,1,0.5
최호중,연극,1,0.5
최홍기,오페라,1,1.0
최홍석,성악,2,1.0
최홍준,연극,1,1.0
최황순,연극,1,1.0
최효선,한국무용,1,1.0
최효원,서커스/마술,1,1.0
최효정,연극,1,1.0
최효주,연극,1,1.0
최효진,현대무용,1,1.0
최훈락,기악,1,0.5
최훈락,성악,1,0.5
최휘선,연희,1,1.0
최흥규,연극,1,1.0
최희범,연극,1,1.0
최희승,연극,1,1.0
최희아,현대무용,1,1.0
최희연,기악,3,1.0
최희용,기타,1,1.0
최희원,기악,1,1.0
최희재,발레,1,1.0
최희정,기악,1,1.0
최희준,기악,4,1.0
최희중,기악,1,1.0
최희진,연극,6,1.0
최히원,기악,1,1.0
추교준,기악,2,1.0
추덕원,오페라,1,1.0
추동균,연극,1,1.0
추민기,연극,1,1.0
추민실,기악,1,1.0
추민주,뮤지컬,5,1.0
추보름,연극,1,1.0
추석영,연극,1,1.0
추성민,성악,1,1.0
추세민,연극,1,1.0
추예인,연극,1,1.0
추원주,기악,1,1.0
추인엽,연극,1,1.0
추정화,뮤지컬,5,0.8333333333333334
추정화,연극,1,0.16666666666666666
추준호,연극,1,1.0
추지숙,연극,1,1.0
추태영,뮤지컬,1,0.3333333333333333
추태영,연극,2,0.6666666666666666
추현엽,연극,1,1.0
추현종,창극,1,1.0
추현탁,기악,1,1.0
추희명,기악,1,0.5
추희명,성악,1,0.5
취미소,뮤지컬,1,1.0
치하루 아이자와,기악,1,1.0
칭이 린,기악,1,1.0
카롤 마리아노프스키,기악,1,1.0
카를로 빨레스키,오페라,1,1.0
카미키타 켄,대중가요,1,1.0
카이,기타,1,0.1111111111111111
카이,넌버벌 퍼포먼스,1,0.1111111111111111
카이,뮤지컬,7,0.7777777777777778
카주히코 콘도,기악,2,1.0
카트리나 모리슨,기악,1,1.0
캐머런 매킨토시,뮤지컬,1,1.0
캐슬린 김,기악,1,1.0
커트 올즈,뮤지컬,2,1.0
컬리디,뮤지컬,1,1.0
케보크 무라드,오페라,1,1.0
케빈 해리스,재즈/월드뮤직,1,1.0
케빈오,대중가요,2,1.0
케이윌,대중가요,1,1.0
케이틀린 피니,뮤지컬,2,1.0
켄고 나카무라,기악,2,1.0
콘스탄틴 노보셀로프,기악,1,1.0
콘스탄틴 리프시츠,기악,1,1.0
콘스탄틴 세르게예프,발레,1,1.0
콘스탄틴 에밀리아노프,기악,1,1.0
콜드베이,대중가요,1,1.0
쿠미 마츠오,기악,1,1.0
쿠프카 피오르트,기악,1,1.0
크리스 모일즈,뮤지컬,1,1.0
크리스텔 리,기악,3,1.0
크리스토퍼 윌든,오페라,1,1.0
크리스토프 포펜,기악,1,1.0
크리스티나 파사로이우,오페라,1,1.0
크리스티안 김,기악,1,1.0
클라라 버디에,뮤지컬,1,1.0
클레어 라이언,뮤지컬,3,1.0
키릴 로딘,오페라,1,1.0
키릴 카슈닌,기악,1,1.0
탁경민,연극,1,1.0
탁계석,기악,1,1.0
탁상현,혼합,1,1.0
탁윤지,기악,3,1.0
탁정연,기악,1,1.0
탁형선,연극,1,1.0
탁호영,연극,1,1.0
탈리아 버트,뮤지컬,2,1.0
태민웅,연극,1,1.0
태선이,기악,2,1.0
태연,대중가요,1,1.0
태지윤,대중가요,1,1.0
태진아,대중가요,1,1.0
태항호,연극,1,1.0
테이,뮤지컬,3,1.0
토모 켈러,기악,1,1.0
토모켈러,기악,1,1.0
트레버 넌,뮤지컬,4,1.0
티에리 피셔,기악,2,1.0
팀 라이스,뮤지컬,1,1.0
팀 민친,뮤지컬,1,1.0
파올로 타발리오네,기악,2,1.0
팔로알토,대중가요,1,1.0
팽가붕,기악,1,1.0
편다연,연극,1,1.0
편준원,뮤지컬,1,0.5
편준원,연극,1,0.5
편진아,뮤지컬,1,1.0
평미영,성악,1,1.0
폴 커비,재즈/월드뮤직,2,1.0
폴 포츠,성악,3,1.0
폴킴,대중가요,1,1.0
표경빈,연극,2,1.0
표규선,기악,2,1.0
표기훈,연극,1,1.0
표두란,연극,1,1.0
표상아,뮤지컬,1,1.0
표세구,기악,1,1.0
표아림,뮤지컬,1,0.5
표아림,연극,1,0.5
표이준,기악,1,1.0
표인봉,뮤지컬,1,1.0
표재순,뮤지컬,2,1.0
표지훈,연극,1,1.0
표진호,기악,1,1.0
표트르 일리치 차이콥스키,발레,2,1.0
표하나,연극,1,1.0
표현진,오페라,1,1.0
프랑크-마이클 에르벤,기악,1,1.0
프랭크 와일드혼,뮤지컬,1,1.0
프레디 켐프,기악,1,1.0
플로 칼리,뮤지컬,1,1.0
플로린 일리에스쿠,기악,1,1.0
피경선,기악,1,1.0
피다현,한국무용,1,1.0
피설아,연극,2,1.0
피에타리 인키넨,기악,1,1.0
피오트르 쿠프카,기악,2,1.0
피인혁,기악,1,0.5
피인혁,대중가요,1,0.5
피지융,연극,1,1.0
피터 오브차로프,기악,1,1.0
피터 오차로프,기악,1,1.0
피트 갤러거,뮤지컬,1,1.0
필립 윤트,기악,1,1.0
필립페 노하렛,기악,2,1.0
필윤,재즈/월드뮤직,1,1.0
하경화,연극,1,1.0
하동국,연극,1,1.0
하동균,대중가요,1,1.0
하동기,연극,2,1.0
하동완,기악,2,1.0
하들리 프레이저,뮤지컬,1,1.0
하림,대중가요,1,1.0
하미미,뮤지컬,3,1.0
하미연,연극,1,1.0
하미혜,연극,1,1.0
하민경,기악,1,1.0
하박,넌버벌 퍼포먼스,2,1.0
하범석,대중가요,2,0.6666666666666666
하범석,재즈/월드뮤직,1,0.3333333333333333
하별,연극,1,1.0
하병훈,연극,2,1.0
하보연,연극,3,1.0
하상오,인형극,2,1.0
하상철,연극,1,1.0
하석배,성악,1,1.0
하성광,연극,3,1.0
하성림,기악,1,0.3333333333333333
하성림,성악,2,0.6666666666666666
하성민,연극,5,1.0
하성우,재즈/월드뮤직,1,1.0
하성호,기악,1,0.5
하성호,성악,1,0.5
하성훈,연극,1,1.0
하세연,성악,1,1.0
하세훈,성악,1,0.25
하세훈,오페라,3,0.75
하송,연극,1,1.0
하수민,연극,2,1.0
하수진,기악,1,1.0
하애정,한국무용,3,1.0
하연정,연극,1,1.0
하영미,기악,2,1.0
하우현,기악,1,1.0
하유경,뮤지컬,1,1.0
하유나,기악,1,1.0
하유비,대중가요,1,1.0
하유빈,기악,1,1.0
하유진,뮤지컬,1,1.0
하윤주,성악,1,1.0
하은유,연극,1,1.0
하이진,재즈/월드뮤직,1,1.0
하일호,연극,1,1.0
하정원,기악,1,1.0
하정희,혼합,1,1.0
하종혁,기악,1,1.0
하주현,오페라,1,1.0
하지석,발레,1,1.0
하지아,성악,1,1.0
하지영,연극,1,1.0
하지웅,연극,2,1.0
하지원,기악,2,1.0
하지현,기악,1,1.0
하지희,연극,1,1.0
하진성,기악,1,1.0
하현상,대중가요,2,1.0
하현우,대중가요,1,1.0
하현정,현대무용,1,1.0
하현준,기악,1,1.0
하형주,연극,2,1.0
한가람,뮤지컬,1,1.0
한가을,뮤지컬,1,0.3333333333333333
한가을,연극,2,0.6666666666666666
한가음,뮤지컬,1,1.0
한가현,기악,2,1.0
한건규,연극,1,1.0
한경록,대중가요,1,1.0
한경미,기악,1,1.0
한경석,오페라,2,1.0
한경성,기악,1,0.3333333333333333
한경성,성악,1,0.3333333333333333
한경성,오페라,1,0.3333333333333333
한경숙,뮤지컬,1,1.0
한경애,연극,1,1.0
한경훈,연극,1,1.0
한규성,뮤지컬,1,1.0
한규원,기악,2,1.0
한규현,기악,1,1.0
한근희,성악,1,1.0
한기원,기악,1,0.5
한기원,뮤지컬,1,0.5
한기윤,연희,1,1.0
한기정,기악,2,1.0
한나리,기악,1,1.0
한나숙,성악,1,1.0
한나형,성악,2,1.0
한다연,연극,1,1.0
한다희,연극,1,1.0
한단아,기악,2,0.6666666666666666
한단아,뮤지컬,1,0.3333333333333333
한덕규,혼합,1,1.0
한덕균,연극,2,1.0
한동연,기악,1,1.0
한동엽,한국무용,1,0.5
한동엽,현대무용,1,0.5
한동완,연극,2,1.0
한동운,기악,4,1.0
한동일,오페라,1,1.0
한동준,대중가요,1,1.0
한동훈,연극,1,1.0
한동희,연극,2,0.6666666666666666
한동희,한국무용,1,0.3333333333333333
한록수,연극,2,1.0
한만호,서커스/마술,1,1.0
한명옥,한국무용,1,1.0
한명원,기악,1,1.0
한문경,기악,1,1.0
한미래,뮤지컬,3,1.0
한미선,연극,3,1.0
한미연,기악,2,0.6666666666666666
한미연,성악,1,0.3333333333333333
한미주,연희,1,1.0
한민구,연극,1,1.0
한민규,기악,2,0.2857142857142857
한민규,연극,5,0.7142857142857143
한민석,연극,2,1.0
한민선,기악,3,0.75
한민선,성악,1,0.25
한백,연극,1,1.0
한범희,악극,1,1.0
한병윤,연극,1,1.0
한보라,성악,1,0.3333333333333333
한보라,오페라,2,0.6666666666666666
한빛나,연극,1,1.0
한상민,뮤지컬,1,0.5
한상민,연극,1,0.5
한상우,연극,1,1.0
한상욱,기악,3,0.5
한상욱,연극,3,0.5
한상일,기악,5,0.8333333333333334
한상일,성악,1,0.16666666666666666
한상철,연극,1,1.0
한상희,기타,1,1.0
한새롬,연극,1,1.0
한서호,뮤지컬,1,1.0
한석현,뮤지컬,1,1.0
한선영,연극,3,1.0
한성민,기악,1,1.0
한성욱,연극,1,1.0
한성원,기악,1,1.0
한성은,기악,1,1.0
한성현,연극,1,1.0
한세라,뮤지컬,1,1.0
한소라,기악,5,1.0
한소영,뮤지컬,1,1.0
한솔잎,기악,2,1.0
한송,연극,1,1.0
한송이,대중가요,1,0.5
한송이,연극,1,0.5
한송호,연극,1,1.0
한송희,연극,3,1.0
한수경,기악,1,1.0
한수림,뮤지컬,1,1.0
한수문,한국무용,1,1.0
한수빈,성악,1,1.0
한수정,뮤지컬,6,0.8571428571428571
한수정,연극,1,0.14285714285714285
한수지,기악,1,1.0
한수진,기악,8,1.0
한수혜,기악,2,1.0
한순욱,기악,1,1.0
한승규,연극,2,1.0
한승렬,기악,1,0.5
한승렬,연극,1,0.5
한승석,창극,1,1.0
한승업,연극,1,1.0
한승엽,연극,1,1.0
한승우,뮤지컬,2,1.0
한승원,뮤지컬,7,1.0
한승재,연극,1,1.0
한승헌,연극,1,1.0
한아름,기악,2,0.15384615384615385
한아름,뮤지컬,1,0.07692307692307693
한아름,성악,2,0.15384615384615385
한아름,연극,6,0.46153846153846156
한아름,창극,1,0.07692307692307693
한아름,혼합,1,0.07692307692307693
한애정,연극,1,1.0
한여름,인형극,1,1.0
한여진,기악,3,1.0
한연숙,기악,1,1.0
한영광,대중가요,1,1.0
한영길,혼합,1,1.0
한영선,연극,1,1.0
한영애,기악,1,1.0
한영은,기악,1,1.0
한영주,연극,1,1.0
한영화,기악,1,1.0
한예지,기악,1,1.0
한예진,기악,1,0.3333333333333333
한예진,성악,1,0.3333333333333333
한예진,오페라,1,0.3333333333333333
한용란,성악,1,1.0
한용섭,기악,1,1.0
한용희,기악,1,1.0
한우경,연극,1,1.0
한우람,기악,1,1.0
한우리,기악,1,1.0
한우열,뮤지컬,1,1.0
한웅원,재즈/월드뮤직,6,1.0
한원균,연극,3,1.0
한유정,재즈/월드뮤직,1,1.0
한유진,발레,1,1.0
한윤구,연극,1,1.0
한윤석,오페라,3,1.0
한윤아,뮤지컬,4,1.0
한윤주,현대무용,1,1.0
한윤지,기악,1,1.0
한윤춘,연극,4,1.0
한윤희,연극,2,1.0
한은,기악,2,1.0
한은진,성악,1,1.0
한은혜,오페라,1,1.0
한은희,기악,1,1.0
한이연,연극,2,1.0
한인선,기악,1,1.0
한인수,연극,1,1.0
한재권,연극,2,1.0
한재아,뮤지컬,1,1.0
한재은,뮤지컬,3,1.0
한재준 김선규,뮤지컬,1,1.0
한재진,연극,2,1.0
한재현,연극,1,1.0
한정림,기타,2,1.0
한정미,한국무용,1,1.0
한정석,뮤지컬,1,1.0
한정수,연극,1,1.0
한정원,기악,1,1.0
한정현,오페라,1,1.0
한정호,연극,1,1.0
한정훈,넌버벌 퍼포먼스,1,1.0
한정희,기악,1,1.0
한종두,연극,1,1.0
한주연,연극,1,1.0
한주하,연극,1,1.0
한준헌,오페라,1,1.0
한준희,뮤지컬,1,0.3333333333333333
한준희,서커스/마술,2,0.6666666666666666
한중곤,연극,1,1.0
한지상,뮤지컬,3,0.6
한지상,성악,1,0.2
한지상,연극,1,0.2
한지수,기악,2,1.0
한지안,뮤지컬,2,1.0
한지애,기악,1,1.0
한지연,기악,2,1.0
한지엽,뮤지컬,2,1.0
한지영,연희,1,1.0
한지우,현대무용,1,1.0
한지원,연극,2,1.0
한지윤,기악,1,1.0
한지은,기악,8,1.0
한지혁,연극,1,1.0
한지혜,기악,1,0.14285714285714285
한지혜,연극,5,0.7142857142857143
한지혜,오페라,1,0.14285714285714285
한지호,기악,2,0.4
한지호,마임,1,0.2
한지호,서커스/마술,2,0.4
한지후,성악,1,1.0
한지훈,연극,2,1.0
한지희,기악,2,0.6666666666666666
한지희,연극,1,0.3333333333333333
한진규,연극,1,1.0
한진만,성악,1,1.0
한진섭,뮤지컬,1,1.0
한진우,연극,2,1.0
한채령,현대무용,1,1.0
한채빈,연극,1,1.0
한채아,뮤지컬,1,1.0
한채율,뮤지컬,1,0.3333333333333333
한채율,연극,2,0.6666666666666666
한철훈,연극,1,1.0
한초아,연극,1,1.0
한충렬,대중가요,1,1.0
한충은,기악,1,1.0
한태숙,악극,1,0.5
한태숙,연극,1,0.5
한태인,기타,2,1.0
한태준,연극,3,1.0
한필수,연극,1,1.0
한헤수,연극,1,1.0
한현미,기악,1,1.0
한현민,뮤지컬,2,1.0
한현준,연극,1,1.0
한현진,기악,1,1.0
한혜란,뮤지컬,1,1.0
한혜린,기악,1,1.0
한혜민,기악,1,0.25
한혜민,인형극,3,0.75
한혜수,연극,1,1.0
한혜신,뮤지컬,1,0.3333333333333333
한혜신,연극,2,0.6666666666666666
한혜열,기악,1,0.3333333333333333
한혜열,오페라,2,0.6666666666666666
한혜진,연극,2,1.0
한훈,연극,4,1.0
한훈헌,오페라,1,1.0
한희경,연극,1,1.0
한희도,뮤지컬,2,1.0
한희철,기악,4,1.0
함경,기악,1,1.0
함대교,현대무용,1,1.0
함민영,연극,2,1.0
함보영,혼합,1,1.0
함석영,마당극,1,1.0
함석헌,기타,1,0.5
함석헌,대중가요,1,0.5
함수연,연극,1,1.0
함신익,기악,7,1.0
함연지,뮤지컬,1,1.0
함영규,뮤지컬,1,1.0
함영림,기악,1,1.0
함영택,악극,1,1.0
함요한,연극,2,1.0
함유운,연극,1,1.0
함유진,기악,1,1.0
함윤미,기악,1,1.0
함윤혜,성악,1,1.0
함의영,기악,1,1.0
함인아,기악,1,1.0
함제범,연극,1,1.0
함지민,기악,2,1.0
함지희,성악,1,1.0
함채련,연극,1,1.0
함춘호,기타,1,0.5
함춘호,성악,1,0.5
함현상,창극,1,1.0
함형래,연극,2,1.0
함희원,현대무용,1,1.0
항지환,대중가요,1,1.0
해나,뮤지컬,2,1.0
행온휘슬,대중가요,1,1.0
허 철,연극,1,1.0
허각,대중가요,1,1.0
허강녕,뮤지컬,1,1.0
허경수,기악,1,1.0
허군열,기악,1,0.5
허군열,한국무용,1,0.5
허나영,오페라,1,1.0
허남원,성악,1,0.5
허남원,오페라,1,0.5
허대식,기악,1,1.0
허대욱,연극,2,1.0
허동권,오페라,3,1.0
허동수,연극,1,1.0
허명현,악극,1,1.0
허미경,성악,1,1.0
허민진,뮤지컬,1,1.0
허복영,기악,1,0.5
허복영,오페라,1,0.5
허서영,발레,1,1.0
허석민,연극,4,1.0
허선혜,연극,1,1.0
허성,재즈/월드뮤직,2,1.0
허성민,연극,2,1.0
허성윤,연극,2,1.0
허솔,기악,1,1.0
허수정,기악,2,1.0
허수현,뮤지컬,6,0.8571428571428571
허수현,연극,1,0.14285714285714285
허순미,뮤지컬,1,1.0
허승연,연극,1,1.0
허에은,기악,1,1.0
허연정,뮤지컬,2,0.6666666666666666
허연정,연극,1,0.3333333333333333
허영균,연극,2,1.0
허영손,연극,3,1.0
허영웅,연극,4,1.0
허영지,연극,1,1.0
허영택,뮤지컬,1,1.0
허영훈,기악,3,0.5
허영훈,대중가요,1,0.16666666666666666
허영훈,성악,1,0.16666666666666666
허영훈,오페라,1,0.16666666666666666
허예빈,기악,1,1.0
허욱,연극,1,1.0
허유나,연극,1,1.0
허유림,기악,2,1.0
허유미,연극,1,1.0
허윤,기악,1,0.25
허윤,연극,3,0.75
허윤경,연극,1,0.5
허윤경,현대무용,1,0.5
허윤정,기악,3,1.0
허윤지,기악,1,0.5
허윤지,연극,1,0.5
허윤혜,뮤지컬,5,1.0
허윤희,연극,1,1.0
허은혜,기악,1,1.0
허인영,연극,1,1.0
허자현,기악,1,1.0
허재영,기악,2,1.0
허재원,기악,1,1.0
허정림,성악,1,1.0
허정미,연극,1,1.0
허정민,혼합,1,1.0
허정인,성악,1,1.0
허정호,뮤지컬,1,0.3333333333333333
허정호,연극,2,0.6666666666666666
허정화,기악,1,1.0
허정희,뮤지컬,1,0.5
허정희,연극,1,0.5
허종오,연극,1,1.0
허종훈,성악,1,1.0
허준석,연극,1,1.0
허준성,연극,1,1.0
허지선,혼합,2,1.0
허지윤,기악,1,1.0
허지행,연극,1,1.0
허진,연극,2,1.0
허진경,연극,1,1.0
허진석,연극,1,1.0
허진아,성악,1,1.0
허진호,기악,1,0.5
허진호,재즈/월드뮤직,1,0.5
허창열,혼합,1,1.0
허철,기악,3,0.6
허철,오페라,2,0.4
허태영,창극,1,1.0
허하림,연극,1,1.0
허혁,뮤지컬,2,1.0
허현호,악극,1,1.0
허혜수,연극,1,1.0
허혜진,뮤지컬,1,1.0
허호,성악,1,1.0
허효정,기악,1,1.0
허희경,오페라,1,1.0
허희정,기악,2,0.6666666666666666
허희정,혼합,1,0.3333333333333333
헤르민 하젤보크,성악,1,1.0
헤이든 바움,뮤지컬,2,1.0
혁오,대중가요,1,1.0
현대영,연극,1,1.0
현대철,연극,2,1.0
현동헌,기악,1,1.0
현동현,오페라,2,1.0
현리,연극,1,1.0
현림,연극,2,1.0
현민,뮤지컬,1,1.0
현병수,서커스/마술,1,1.0
현석준,뮤지컬,4,0.8
현석준,연극,1,0.2
현성,연극,1,1.0
현소영,기악,2,1.0
현숙,대중가요,1,1.0
현순철,뮤지컬,1,1.0
현승철,연극,1,1.0
현승훈,한국무용,1,1.0
현승희,기악,1,1.0
현아람,기악,1,1.0
현애란,연극,1,1.0
현영경,기악,1,1.0
현우,연극,1,1.0
현은영,연극,1,1.0
현재은,연극,1,1.0
현재호,악극,1,1.0
현주은,뮤지컬,3,1.0
현준희,성악,1,1.0
현지은,기악,1,0.5
현지은,뮤지컬,1,0.5
현진영,재즈/월드뮤직,1,1.0
현진주,대중가요,1,1.0
현혜선,연극,1,1.0
현혜정,성악,1,1.0
형수운,기악,1,1.0
호란,대중가요,1,1.0
호산,뮤지컬,1,0.5
호산,연극,1,0.5
호재훈,연극,1,1.0
호천,연극,2,1.0
홈샘,기악,1,1.0
홍가경,뮤지컬,3,1.0
홍경민,대중가요,2,1.0
홍경섭,기악,1,1.0
홍경수,뮤지컬,1,1.0
홍경숙,뮤지컬,1,1.0
홍경아,뮤지컬,1,1.0
홍경우,현대무용,1,1.0
홍경인,연극,1,1.0
홍관표,기타,1,1.0
홍광표,연극,1,1.0
홍광호,뮤지컬,1,1.0
홍금택,연극,1,0.5
홍금택,인형극,1,0.5
홍기쁨,성악,1,1.0
홍기선,뮤지컬,1,1.0
홍기주,뮤지컬,1,1.0
홍기준,연극,4,1.0
홍나현,뮤지컬,1,1.0
홍대광,대중가요,2,1.0
홍대성,성악,1,1.0
홍대열,연극,2,1.0
홍도영,연극,1,1.0
홍리나,연극,1,1.0
홍명환,연극,1,1.0
홍문종,연극,1,1.0
홍미금,뮤지컬,1,1.0
홍민기,연극,1,1.0
홍민수,기악,2,1.0
홍민웅,기악,1,1.0
홍민정,오페라,1,1.0
홍민지,기악,1,1.0
홍보람,넌버벌 퍼포먼스,1,1.0
홍사빈,연극,1,1.0
홍상용,연극,1,1.0
홍상표,연극,1,1.0
홍상희,기악,1,1.0
홍서연,뮤지컬,1,1.0
홍서영,뮤지컬,3,1.0
홍서준,연극,1,1.0
홍서혜,연극,1,1.0
홍서희,연극,1,1.0
홍석원,기악,4,0.6666666666666666
홍석원,오페라,2,0.3333333333333333
홍석임,오페라,1,1.0
홍석찬,연극,1,1.0
홍선우,연극,1,1.0
홍성기,성악,1,1.0
홍성미,오페라,2,0.6666666666666666
홍성미,한국무용,1,0.3333333333333333
홍성민,뮤지컬,1,0.3333333333333333
홍성민,연극,2,0.6666666666666666
홍성수,기악,7,1.0
홍성순,연극,1,1.0
홍성안,연극,2,1.0
홍성연,뮤지컬,1,0.5
홍성연,연극,1,0.5
홍성용,기악,1,0.3333333333333333
홍성용,연극,2,0.6666666666666666
홍성우,연극,1,1.0
홍성욱,발레,1,1.0
홍성진,기타,1,1.0
홍성택,기악,2,1.0
홍성호,연극,1,1.0
홍성훈,연극,2,1.0
홍성희,뮤지컬,4,0.8
홍성희,연극,1,0.2
홍세린,기악,1,1.0
홍세연,연극,1,1.0
홍세영,연극,1,1.0
홍소라,연극,1,1.0
홍소림,기악,1,1.0
홍소유,기악,7,1.0
홍수경,기악,1,1.0
홍수민,뮤지컬,1,0.3333333333333333
홍수민,연극,2,0.6666666666666666
홍수연,기악,1,1.0
홍수영,연극,1,1.0
홍순목,연극,2,1.0
홍순섭,연극,2,1.0
홍순연,연극,1,1.0
홍순철,기악,1,1.0
홍승균,연극,1,1.0
홍승범,오페라,1,1.0
홍승비,연극,1,1.0
홍승아,기악,1,1.0
홍승안,뮤지컬,3,0.75
홍승안,연극,1,0.25
홍승준,기악,1,1.0
홍승표,연극,1,1.0
홍승혜,기악,1,1.0
홍승희,마당극,1,0.25
홍승희,뮤지컬,3,0.75
홍신자,현대무용,1,1.0
홍연우,연극,1,1.0
홍연지,한국무용,1,1.0
홍영진,연극,1,1.0
홍예린,기악,2,0.6666666666666666
홍예린,뮤지컬,1,0.3333333333333333
홍예선,오페라,3,1.0
홍예지,기악,1,1.0
홍예진,기악,1,0.5
홍예진,성악,1,0.5
홍우진,연극,1,1.0
홍원기,기악,1,0.5
홍원기,오페라,1,0.5
홍원빈,대중가요,1,1.0
홍원표,성악,1,1.0
홍유선,뮤지컬,2,1.0
홍유진,기악,1,0.5
홍유진,현대무용,1,0.5
홍윤갑,넌버벌 퍼포먼스,1,1.0
홍윤호,기악,1,1.0
홍윤희,연극,3,1.0
홍은선,기악,2,1.0
홍은영,기악,2,0.6666666666666666
홍은영,성악,1,0.3333333333333333
홍은정,연극,3,1.0
홍은주,한국무용,2,1.0
홍의연,기악,2,1.0
홍의준,연극,3,1.0
홍이삭,대중가요,3,1.0
홍인경,기악,1,1.0
홍자,대중가요,6,1.0
홍자연,연극,2,1.0
홍재임,연극,1,1.0
홍정민,뮤지컬,1,0.5
홍정민,재즈/월드뮤직,1,0.5
홍정연,현대무용,1,1.0
홍정은,연극,5,1.0
홍정의,연극,1,1.0
홍정호,연극,3,1.0
홍정희,오페라,1,1.0
홍종원,기악,1,1.0
홍종화,뮤지컬,1,1.0
홍주명,연극,1,1.0
홍주아,연극,2,1.0
홍주영,기악,1,0.5
홍주영,성악,1,0.5
홍주원,연극,1,1.0
홍주찬,뮤지컬,2,1.0
홍주헌,성악,1,1.0
홍주희,기악,1,1.0
홍준기,뮤지컬,2,1.0
홍준영,연극,1,1.0
홍지나,성악,1,1.0
홍지민,대중가요,1,0.16666666666666666
홍지민,뮤지컬,4,0.6666666666666666
홍지민,성악,1,0.16666666666666666
홍지아,연극,1,1.0
홍지연,뮤지컬,1,0.25
홍지연,악극,1,0.25
홍지연,연극,2,0.5
홍지영,한국무용,2,1.0
홍지예,연극,1,1.0
홍지원,연극,1,0.25
홍지원,오페라,3,0.75
홍지형,오페라,1,1.0
홍지희,뮤지컬,1,1.0
홍진성,기타,1,1.0
홍진영,기악,2,0.6666666666666666
홍진영,대중가요,1,0.3333333333333333
홍진현,연극,1,1.0
홍진호,기악,2,0.5
홍진호,대중가요,1,0.25
홍진호,성악,1,0.25
홍찬미,대중가요,1,0.5
홍찬미,재즈/월드뮤직,1,0.5
홍채현,기악,1,1.0
홍청의,기악,3,1.0
홍태한,연희,1,1.0
홍태훈,대중가요,1,0.16666666666666666
홍태훈,재즈/월드뮤직,5,0.8333333333333334
홍한별,연극,2,1.0
홍향기,발레,1,1.0
홍헤진,기악,1,1.0
홍현수,성악,1,1.0
홍현주,기악,2,1.0
홍현택,연극,1,1.0
홍혜란,기악,1,0.3333333333333333
홍혜란,성악,2,0.6666666666666666
홍혜인,기악,1,1.0
홍휘영,뮤지컬,1,0.5
홍휘영,연극,1,0.5
홍희선,기악,1,1.0
황건영,기악,1,1.0
황건하,기타,4,1.0
황경미,현대무용,1,1.0
황경호,발레,1,1.0
황광선,성악,1,1.0
황교진,연극,1,1.0
황규찬,연극,2,1.0
황규태,오페라,1,1.0
황금성,연극,1,1.0
황기석,뮤지컬,2,0.6666666666666666
황기석,연극,1,0.3333333333333333
황남규,성악,1,1.0
황녹연,오페라,1,1.0
황대남,기악,1,1.0
황대연,기악,1,1.0
황대진,기악,2,1.0
황덕신,연극,1,1.0
황덕호,기악,4,1.0
황도연,연극,1,1.0
황동근,연극,2,1.0
황동연,성악,1,1.0
황동우,연극,2,1.0
황동준,성악,1,1.0
황두수,뮤지컬,2,1.0
황두현,뮤지컬,1,1.0
황라원,뮤지컬,2,1.0
황려진,뮤지컬,1,1.0
황만익,뮤지컬,1,0.5
황만익,연극,1,0.5
황명하,대중가요,1,1.0
황무영,연극,1,1.0
황문희,기악,2,1.0
황미래,기악,1,1.0
황민솔,기악,2,1.0
황민수,뮤지컬,7,1.0
황민아,뮤지컬,1,1.0
황민왕,기악,3,0.6
황민왕,연희,1,0.2
황민왕,혼합,1,0.2
황민정,뮤지컬,1,1.0
황민형,뮤지컬,1,1.0
황바울,뮤지컬,1,0.3333333333333333
황바울,연극,2,0.6666666666666666
황배진,연극,2,1.0
황범식,악극,1,1.0
황보건,기악,1,1.0
황보승,대중가요,2,0.6666666666666666
황보승,성악,1,0.3333333333333333
황보영,기악,3,1.0
황보현,성악,1,1.0
황상하,뮤지컬,1,1.0
황석희,뮤지컬,1,1.0
황선미,연극,1,1.0
황선엽,성악,1,1.0
황선영,뮤지컬,2,1.0
황선홍,성악,1,1.0
황선화,연극,1,1.0
황설하,연극,1,1.0
황성곤,기악,1,1.0
황성범,성악,1,1.0
황성빈,연극,1,1.0
황성윤,오페라,1,1.0
황성진,연극,1,1.0
황성현,뮤지컬,1,0.5
황성현,연극,1,0.5
황세연,기타,1,1.0
황세원,연극,2,1.0
황세희,기악,2,1.0
황소원,기악,1,1.0
황소진,기악,1,1.0
황수미,기악,1,0.5
황수미,성악,1,0.5
황수연,연극,1,1.0
황수지,연극,1,1.0
황순미,연극,7,1.0
황순빈,성악,1,1.0
황순종,연극,1,1.0
황시윤,연극,1,1.0
황연희,연극,2,1.0
황영미,기악,1,1.0
황영수,성악,1,1.0
황영심,기악,1,1.0
황영준,연극,2,1.0
황영희,연극,1,1.0
황예슬,뮤지컬,1,1.0
황예지,기악,1,1.0
황예진,기악,3,1.0
황예찬,기악,2,1.0
황요한,기악,1,0.5
황요한,넌버벌 퍼포먼스,1,0.5
황용하,뮤지컬,1,1.0
황운기,연극,1,1.0
황웅기,연극,1,1.0
황원상,연극,1,1.0
황유리,연극,1,1.0
황유택,연극,1,1.0
황윤동,연극,2,1.0
황윤선,기악,1,1.0
황윤재,현대무용,1,1.0
황윤정,오페라,1,1.0
황윤제,뮤지컬,1,1.0
황윤하,기악,1,1.0
황윤희,기악,1,0.3333333333333333
황윤희,연극,2,0.6666666666666666
황은별,연극,1,1.0
황은영,기악,1,1.0
황은후,연극,2,1.0
황의성,창극,1,1.0
황의진,뮤지컬,1,1.0
황의창,기악,1,1.0
황의출,창극,1,1.0
황이레,기악,3,1.0
황이선,연극,1,1.0
황이현,스트리트/스포츠댄스,1,1.0
황인교,기악,1,1.0
황인규,기악,1,1.0
황인덕,연극,2,1.0
황인배,기악,2,1.0
황인선,발레,2,1.0
황인수,연극,1,1.0
황인영,기악,1,1.0
황인자,성악,1,1.0
황일선,연극,1,1.0
황자람,연극,1,1.0
황재두,창극,1,1.0
황재선,연극,1,1.0
황재섭,발레,1,0.5
황재섭,현대무용,1,0.5
황재훈,연극,2,1.0
황정남,한국무용,1,1.0
황정민,성악,1,1.0
황정용,뮤지컬,1,1.0
황정하,기악,1,1.0
황준형,연극,1,1.0
황준희,연극,1,1.0
황지선,연극,1,1.0
황지성,대중가요,1,1.0
황지수,기악,1,1.0
황지영,뮤지컬,1,0.5
황지영,성악,1,0.5
황지원,기악,4,0.5714285714285714
황지원,기타,2,0.2857142857142857
황지원,성악,1,0.14285714285714285
황지윤,연극,1,1.0
황지은,연극,1,1.0
황지인,기악,3,0.75
황지인,마당극,1,0.25
황지현,연극,3,1.0
황진성,발레,1,1.0
황진영,오페라,1,1.0
황진우,연극,1,1.0
황진하,기악,1,1.0
황진호,성악,1,1.0
황찬용,현대무용,1,1.0
황청하,넌버벌 퍼포먼스,1,1.0
황태경,성악,2,0.6666666666666666
황태경,연극,1,0.3333333333333333
황태선,연극,1,0.5
황태선,혼합,1,0.5
황한슬,연극,1,1.0
황한얼,기악,2,1.0
황해숙,오페라,1,1.0
황현무,재즈/월드뮤직,1,1.0
황현빈,연극,1,1.0
황현선,연극,1,1.0
황현아,마당극,1,0.5
황현아,연극,1,0.5
황현욱,연극,1,1.0
황현정,기악,1,0.5
황현정,뮤지컬,1,0.5
황현태,연극,1,1.0
황혜란,연극,1,1.0
황혜선,연극,1,1.0
황혜재,성악,1,1.0
황호규,재즈/월드뮤직,3,1.0
황호준,성악,1,0.2
황호준,연극,1,0.2
황호준,창극,1,0.2
황호준,혼합,2,0.4
황효진,기악,1,1.0
황희선,연극,1,1.0
황희원,뮤지컬,1,0.3333333333333333
황희원,연극,2,0.6666666666666666
휴 잭맨,뮤지컬,1,1.0
흔한이름,대중가요,1,1.0
희난명,연극,1,1.0
희진,뮤지컬,1,1.0
히단 마무도프,기악,1,1.0
히바 타와지,뮤지컬,1,1.0
