공연명,장르명,세부장르명,출연진내용,제작진내용,기획제작사명,원작자명,극작가명,출연진내용_list,제작진내용_list,출연진내용_standardized,제작진내용_standardized,Original_Index_df_complex,Predicted_Top_2_Genres,Predicted_Top_2_Probabilities,Predicted_Genre_Combination
인더스트리얼 퍼포먼스,복합,다원/융복합,"예효승, 나혜영",,금은보화(주관),,,"['예효승', '나혜영']",[],"['예효승', '나혜영']",[],0,"['뮤지컬', '연극']","[-3.766942609217949e-05, -11.247454643249512]",뮤지컬 + 연극
아웃 오브 더 블루,복합,복합,"신유, 김지연, 김대희, 류재경, 김은혜, 정재희, 장보영 등",류경한,"SY Ent(에스와이 이엔티)(주관), 김지연 아코디언 팝스오케스트라(주최)",,,"['신유', '김지연', '김대희', '류재경', '김은혜', '정재희', '장보영']",['류경한'],"['신유', '김지연', '김대희', '류재경', '김은혜', '정재희', '장보영']",['류경한'],1,"['뮤지컬', '연극']","[-3.099393507000059e-05, -11.345272064208984]",뮤지컬 + 연극
이색콘서트,복합,복합,김진철,,"(주)지앤미디어(주최), (주)지앤미디어(기획사)",,,['김진철'],[],['김진철'],[],2,"['대중음악', '연극']","[-5.817244164063595e-05, -10.747735977172852]",대중음악 + 연극
슬픔의 집,복합,다원/융복합,,"김지선, 강윤지, 문기강 등",,,,[],"['김지선', '강윤지', '문기강']",[],"['김지선', '강윤지', '문기강']",3,"['대중음악', '연극']","[-0.9334772229194641, -1.318832278251648]",대중음악 + 연극
"차세대열전, 이어지음 프로젝트",복합,복합,"강인아, 고석진, 조의선, 최태훈","강안나, 강한별, 최세린 등",한국문화예술위원회(주최),,,"['강인아', '고석진', '조의선', '최태훈']","['강안나', '강한별', '최세린']","['강인아', '고석진', '조의선', '최태훈']","['강안나', '강한별', '최세린']",4,"['뮤지컬', '대중음악']","[-4.827859811484814e-05, -10.738018989562988]",뮤지컬 + 대중음악
얼씨구왕국의 삼총사,복합,다원/융복합,,,"부산시립예술단(주관), 부산시립극단(주관), (재)부산문화회관(주최)",,,[],[],[],[],5,"['뮤지컬', '대중음악']","[-5.149708886165172e-05, -10.721914291381836]",뮤지컬 + 대중음악
"헨젤과 그레텔, 토선생 용궁가다 (패키지)",복합,복합,"김세연, 안숙선, 박애리, 남상일 등",,(재)춘천문화재단(주최),,,"['김세연', '안숙선', '박애리', '남상일']",[],"['김세연', '안숙선', '박애리', '남상일']",[],6,"['뮤지컬', '연극']","[-4.076874756719917e-05, -11.099251747131348]",뮤지컬 + 연극
최정주의 아트앤뮤직 큐레이션: 20세기를 빛낸 화가들Ⅱ,복합,복합,최정주,,마리아칼라스홀(주최),,,['최정주'],[],['최정주'],[],7,"['연극', '서커스/마술']","[-6.663577369181439e-05, -10.669751167297363]",연극 + 서커스/마술
할리우드의 피터와 늑대,복합,다원/융복합,한대수 등,,플랫폼엘 컨템포러리 아트센터(주최),,,['한대수'],[],['한대수'],[],8,"['뮤지컬', '대중음악']","[-4.9470632802695036e-05, -10.865165710449219]",뮤지컬 + 대중음악
최정주의 아트앤뮤직 큐레이션: 20세기를 빛낸 화가들Ⅲ,복합,복합,최정주,,마리아칼라스홀(주최),,,['최정주'],[],['최정주'],[],9,"['연극', '대중음악']","[-6.3774932641536e-05, -10.75096607208252]",연극 + 대중음악
LED비바츠 태권발레 [철원],복합,복합,,,,,,[],[],[],[],10,"['뮤지컬', '대중음악']","[-7.4741430580616e-05, -10.388036727905273]",뮤지컬 + 대중음악
"ACC 브런치 콘서트, 타악그룹 타고의 MAN AND DRUM",복합,복합,"김병주, 김상철, 김시원, 남화연, 박진영, 안종혁, 홍나라 등",,국립아시아문화전당(주최),,,"['김병주', '김상철', '김시원', '남화연', '박진영', '안종혁', '홍나라']",[],"['김병주', '김상철', '김시원', '남화연', '박진영', '안종혁', '홍나라']",[],11,"['연극', '서커스/마술']","[-5.817244164063595e-05, -10.781944274902344]",연극 + 서커스/마술
전영랑 온희정의 국악과 트로트 크로스오버,복합,복합,"전영랑, 온희정",,"한국문화예술회관연합회(KoCACA)(주관), 의령군청(의령군)(주관), 문화체육관광부(주최)",,,"['전영랑', '온희정']",[],"['전영랑', '온희정']",[],12,"['뮤지컬', '연극']","[-4.8636207793606445e-05, -10.835370063781738]",뮤지컬 + 연극
"제17회 평창대관령음악제, 샌드아트와 함께 하는 음악여행: 동물의 사육제",복합,다원/융복합,"박진수, 채지혜, 김소염, 전한국",,"강원도청(주최), (재)강원문화재단(주관)",,,"['박진수', '채지혜', '김소염', '전한국']",[],"['박진수', '채지혜', '김소염', '전한국']",[],13,"['뮤지컬', '대중음악']","[-4.5536911784438416e-05, -10.866446495056152]",뮤지컬 + 대중음악
MUSEUM AFTER DARK,복합,다원/융복합,"신준식, 메건 슈베르트, 에린 지, 이루다, 강천일, 송승욱, 최낙권","김인현, 박진아, 허지은","(재)태진문화재단(주최), 프로덕션컴퍼니은(주관)",,,"['신준식', '메건 슈베르트', '에린 지', '이루다', '강천일', '송승욱', '최낙권']","['김인현', '박진아', '허지은']","['신준식', '메건 슈베르트', '에린 지', '이루다', '강천일', '송승욱', '최낙권']","['김인현', '박진아', '허지은']",14,"['뮤지컬', '대중음악']","[-4.875540980719961e-05, -10.864838600158691]",뮤지컬 + 대중음악
경주아티스트 페스티벌: 꿈의콘서트,복합,복합,,,"경주시(주최), 한국문화예술회관연합회(KoCACA)(주최), (재)경주문화재단(주관)",,,[],[],[],[],15,"['연극', '대중음악']","[-6.09140915912576e-05, -10.718544006347656]",연극 + 대중음악
고희전＆조용주 희망 콘서트 [안성],복합,복합,"장예은, 최태영, 류아름, 정다운, 전계열, 견리나, 김이슬 등","문승용, 노연우",안성맞춤아트홀(안성시)(주최),,,"['장예은', '최태영', '류아름', '정다운', '전계열', '견리나', '김이슬']","['문승용', '노연우']","['장예은', '최태영', '류아름', '정다운', '전계열', '견리나', '김이슬']","['문승용', '노연우']",16,"['연극', '서커스/마술']","[-6.19869097135961e-05, -10.579005241394043]",연극 + 서커스/마술
"3시 공연산책, 나태주 시인과 함께하는 풍류 위의 시",복합,복합,나태주 등,"이수근, 손해장, 최현석 등","공주시문화시설사업소(공주문예회관)(주관), 공주시청(주최)",,,['나태주'],"['이수근', '손해장', '최현석']",['나태주'],"['이수근', '손해장', '최현석']",17,"['연극', '대중음악']","[-6.961580220377073e-05, -10.654999732971191]",연극 + 대중음악
최정주의 아트앤뮤직 큐레이션: 20세기를 빛낸 화가들Ⅳ,복합,복합,최정주,,마리아칼라스홀(주최),,,['최정주'],[],['최정주'],[],18,"['대중음악', '뮤지컬']","[-5.185469490243122e-05, -10.861495018005371]",대중음악 + 뮤지컬
유홍의 MIXTUM,복합,복합,"유홍, 진상태, 우웨이 나오코 키쿠치",,"왓와이아트(주최), 왓와이아트(주관)",,,"['유홍', '진상태', '우웨이 나오코 키쿠치']",[],"['유홍', '진상태', '우웨이 나오코 키쿠치']",[],19,"['뮤지컬', '대중음악']","[-3.6954195820726454e-05, -11.245043754577637]",뮤지컬 + 대중음악
공간,복합,복합,"김대현, 김바다, 김지온, 강찬, 김준영, 박준휘, 주민진 등",,"(주)창작하는 공간(주최), (주)창작하는 공간(제작사)",,,"['김대현', '김바다', '김지온', '강찬', '김준영', '박준휘', '주민진']",[],"['김대현', '김바다', '김지온', '강찬', '김준영', '박준휘', '주민진']",[],20,"['대중음악', '연극']","[-0.9433931708335876, -1.304266333580017]",대중음악 + 연극
"메이드오브트리 Vol.5, 최용석 & 신문수",복합,복합,"최용석, 신문수",,옐로밤(주최),,,"['최용석', '신문수']",[],"['최용석', '신문수']",[],21,"['대중음악', '연극']","[-0.9596730470657349, -1.3004149198532104]",대중음악 + 연극
pan123mE1,복합,복합,"양조아, 김신록, 강말금, 성수연",,,,,"['양조아', '김신록', '강말금', '성수연']",[],"['양조아', '김신록', '강말금', '성수연']",[],22,"['대중음악', '연극']","[-0.920292317867279, -1.3091646432876587]",대중음악 + 연극
ONE MOMENT,복합,복합,,,,,,[],[],[],[],23,"['뮤지컬', '대중음악']","[-4.5298504119273275e-05, -10.878393173217773]",뮤지컬 + 대중음악
"문화가 있는 날, 연극인 박정자 낭독 콘서트: 영영이별 영이별",복합,복합,"박정자, 이태경, 이정엽",,(재)춘천문화재단(주최),,,"['박정자', '이태경', '이정엽']",[],"['박정자', '이태경', '이정엽']",[],24,"['뮤지컬', '대중음악']","[-4.23184028477408e-05, -11.072035789489746]",뮤지컬 + 대중음악
I have a dream,복합,복합,,,"이모션콘텐츠(주관), 세종문화예술회관(주관), 이모션콘텐츠(주최)",,,[],[],[],[],25,"['뮤지컬', '대중음악']","[-4.172238186583854e-05, -11.101594924926758]",뮤지컬 + 대중음악
신데렐라,복합,다원/융복합,,,홀로키즈파크(주최),,,[],[],[],[],26,"['뮤지컬', '연극']","[-4.3987260141875595e-05, -11.007691383361816]",뮤지컬 + 연극
전원경의 미술관 옆 음악당 시즌 5,복합,복합,전원경,,"수원시청(주최), (재)수원문화재단(주관)",,,['전원경'],[],['전원경'],[],27,"['뮤지컬', '연극']","[-3.516612196108326e-05, -11.282814025878906]",뮤지컬 + 연극
오페라와 뮤지컬의 향연,복합,복합,"오유석, 황태경, 이세영, 윤승환, 이상규, 이희주, 최혜진 등",,"스피리또(주관), 스피리또(주최)",,,"['오유석', '황태경', '이세영', '윤승환', '이상규', '이희주', '최혜진']",[],"['오유석', '황태경', '이세영', '윤승환', '이상규', '이희주', '최혜진']",[],28,"['뮤지컬', '대중음악']","[-4.160317621426657e-05, -10.938812255859375]",뮤지컬 + 대중음악
베토벤X클림트 운명의 키스,복합,복합,"민우혁, 신영숙, 문재원, 이희주, 박한울 등",,"(재)천안문화재단(천안예술전당)(주최), 천안예술의전당(주최)",,,"['민우혁', '신영숙', '문재원', '이희주', '박한울']",[],"['민우혁', '신영숙', '문재원', '이희주', '박한울']",[],29,"['뮤지컬', '대중음악']","[-5.876845170860179e-05, -10.64342975616455]",뮤지컬 + 대중음악
최정주의 아트앤뮤직 큐레이션: 인상주의 화가들 시리즈 Ⅱ,복합,복합,최정주,,마리아칼라스홀(주최),,,['최정주'],[],['최정주'],[],30,"['대중음악', '연극']","[-0.9372875094413757, -1.3227458000183105]",대중음악 + 연극
"온쉼표, 하루 (10월)",복합,복합,,,"프로젝트 날다(제작사), (재)세종문화회관(주최)",,,[],[],[],[],31,"['대중음악', '뮤지컬']","[-6.186770770000294e-05, -10.7081880569458]",대중음악 + 뮤지컬
"짬콘서트:조선클럽, 재비＆유엔젤보이스 [용인]",복합,복합,,,"(재)경기도문화의전당(주최), (재)경기도문화의전당(주관)",,,[],[],[],[],32,"['뮤지컬', '연극']","[-5.936446541454643e-05, -10.576580047607422]",뮤지컬 + 연극
점프 [울산],복합,복합,,,"울주문화예술회관(울주군시설관리공단)(주관), 한국문화예술회관연합회(KoCACA)(주최), 울산광역시 울주군청(주최)",,,[],[],[],[],33,"['대중음악', '연극']","[-0.9683868288993835, -1.3042420148849487]",대중음악 + 연극
Volare sul teatro (패키지),복합,복합,"김다운, 김홍인, 이루다, 이루마, 이지현, 임주찬, 신동하 등",,(재)춘천문화재단(주최),,,"['김다운', '김홍인', '이루다', '이루마', '이지현', '임주찬', '신동하']",[],"['김다운', '김홍인', '이루다', '이루마', '이지현', '임주찬', '신동하']",[],34,"['대중음악', '연극']","[-0.9391148090362549, -1.3005897998809814]",대중음악 + 연극
김영임 & 김용임과 함께하는 희희낙락 [영주],복합,복합,"김영임, 김용임, 고금성, 전영랑",,"한국문화예술회관연합회(KoCACA)(주최), 영주시문화예술회관(주관), (주)공간엔피엠(주관)",,,"['김영임', '김용임', '고금성', '전영랑']",[],"['김영임', '김용임', '고금성', '전영랑']",[],35,"['대중음악', '연극']","[-0.9343409538269043, -1.3032469749450684]",대중음악 + 연극
찰리채플린 시네마 콘서트 with 신나는섬 [태안],복합,복합,,,태안문화예술회관(주최),,,[],[],[],[],36,"['대중음악', '연극']","[-0.9574952125549316, -1.3031156063079834]",대중음악 + 연극
제16회 남양주 예술제,복합,복합,,,남양주시청(주관),,,[],[],[],[],37,"['뮤지컬', '대중음악']","[-3.194758028257638e-05, -11.47222900390625]",뮤지컬 + 대중음악
금요공감 (11월),복합,복합,"이동명, 박종배, 차형도, 김진, 이소윤, 배슬비, 최동현 등","심새인, 김종현",국립국악원(주최),,,"['이동명', '박종배', '차형도', '김진', '이소윤', '배슬비', '최동현']","['심새인', '김종현']","['이동명', '박종배', '차형도', '김진', '이소윤', '배슬비', '최동현']","['심새인', '김종현']",38,"['연극', '대중음악']","[-7.64102369430475e-05, -10.505075454711914]",연극 + 대중음악
"수봉IN꿈노리, 샌드아트와 음악 안녕 비류야",복합,복합,,,"(사)한국예총 인천광역시연합회 인천예총(인천수봉문화회관)(주최), (사)한국예총 인천광역시연합회 인천예총(인천수봉문화회관)(주관)",,,[],[],[],[],39,"['연극', '서커스/마술']","[-6.067568756407127e-05, -10.652383804321289]",연극 + 서커스/마술
제15회 열린심포니오케스트라 정기연주회,복합,복합,"김사도, 김유림, 이선진, 천하은, 신일호, 강현영, 홍봉기 등",,"열린심포니오케스트라(주최), 열린심포니오케스트라(주관)",,,"['김사도', '김유림', '이선진', '천하은', '신일호', '강현영', '홍봉기']",[],"['김사도', '김유림', '이선진', '천하은', '신일호', '강현영', '홍봉기']",[],40,"['대중음악', '연극']","[-0.9383234977722168, -1.32069993019104]",대중음악 + 연극
"봉포유 Ⅳ, 다시만난 세상으로- 봄바람 쐬러가자",복합,복합,"최수진, 박희재, 김태헌, 최권호, 최만호, 손현진",,"한국문화예술회관연합회(KoCACA)(주관), 봉산문화회관(주관), 한국문화예술회관연합회(KoCACA)(주최), 봉산문화회관(주최)",,,"['최수진', '박희재', '김태헌', '최권호', '최만호', '손현진']",[],"['최수진', '박희재', '김태헌', '최권호', '최만호', '손현진']",[],41,"['뮤지컬', '대중음악']","[-4.649054244509898e-05, -10.934496879577637]",뮤지컬 + 대중음악
밀양아리랑: 날 좀 보소,복합,복합,,,"(재)밀양문화재단(주관), 밀양시청(주최)",,,[],[],[],[],42,"['대중음악', '뮤지컬']","[-8.713819261174649e-05, -10.238143920898438]",대중음악 + 뮤지컬
선율기록: BIG VIOLIN PLAYER,복합,복합,"임이환, 이준, 서희숙",,,,,"['임이환', '이준', '서희숙']",[],"['임이환', '이준', '서희숙']",[],43,"['뮤지컬', '대중음악']","[-6.19869097135961e-05, -10.498187065124512]",뮤지컬 + 대중음악
장르불문 십분발휘,복합,복합,,,대전예술의전당(주최),,,[],[],[],[],44,"['대중음악', '연극']","[-8.630380034446716e-05, -10.325777053833008]",대중음악 + 연극
동지섣달 꽃 본 듯이,복합,복합,,,"(재)밀양문화재단(주관), 밀양시청(주최)",,,[],[],[],[],45,"['연극', '대중음악']","[-8.475421054754406e-05, -10.415910720825195]",연극 + 대중음악
Shall we Tango?,복합,복합,"박소현, 이네스 길, 유혜림, 우호균, 곽형훈",,쌀롱드무지끄(주최),,,"['박소현', '이네스 길', '유혜림', '우호균', '곽형훈']",[],"['박소현', '이네스 길', '유혜림', '우호균', '곽형훈']",[],46,"['대중음악', '연극']","[-5.924526340095326e-05, -10.710251808166504]",대중음악 + 연극
친절한 돼지씨,복합,복합,"김소진, 정초롱, 백승태, 정혜인, 유예나, 김나윤 등","김혜성, 이고운 등","경기도청(주관), 한국문화예술위원회(주관), (재)의정부문화재단 (의정부예술의전당)(주최), 경기문화재단(주최)",,,"['김소진', '정초롱', '백승태', '정혜인', '유예나', '김나윤']","['김혜성', '이고운']","['김소진', '정초롱', '백승태', '정혜인', '유예나', '김나윤']","['김혜성', '이고운']",47,"['서커스/마술', '대중무용']","[-0.00017045476124621928, -9.576349258422852]",서커스/마술 + 대중무용
지역문화예술활성화를 위한 문화 예술 여행,복합,복합,,,"제주특별자치도 문화예술진흥원(주관), 제주특별자치도 문화예술진흥원(주최)",,,[],[],[],[],48,"['뮤지컬', '대중음악']","[-5.7338023907504976e-05, -10.700800895690918]",뮤지컬 + 대중음악
코리아윈드필하모니 국악과 함께하는 이색콘서트,복합,복합,"서희태, 남상일, 오정해, 김산하, 이화영, 박정덕, 김무환 등",,"(재)달서문화재단 (웃는얼굴아트센터, 달서아트센터)(주최), 코리아윈드필하모니(주최)",,,"['서희태', '남상일', '오정해', '김산하', '이화영', '박정덕', '김무환']",[],"['서희태', '남상일', '오정해', '김산하', '이화영', '박정덕', '김무환']",[],49,"['뮤지컬', '연극']","[-4.410646579344757e-05, -10.995280265808105]",뮤지컬 + 연극
"11시 음악산책, 공병우의 내 사랑",복합,복합,"공병우, 김민지, 박소영",,"광주문화예술회관(주최), 광주문화예술회관(주관)",,,"['공병우', '김민지', '박소영']",[],"['공병우', '김민지', '박소영']",[],50,"['대중음악', '연극']","[-0.940649151802063, -1.3198432922363281]",대중음악 + 연극
BEST OF THE BEST [대구],복합,복합,"성민제, 이경선, 백윤학 등",,"(재)달서문화재단 (웃는얼굴아트센터, 달서아트센터)(주최), (재)달서문화재단 (웃는얼굴아트센터, 달서아트센터)(기획사)",,,"['성민제', '이경선', '백윤학']",[],"['성민제', '이경선', '백윤학']",[],51,"['연극', '대중음악']","[-6.90197994117625e-05, -10.460037231445312]",연극 + 대중음악
클림트 & 뮤직 콘서트 [용인],복합,다원/융복합,"정우철, 박진우, 김재원, 석현수",,"한국문화예술회관연합회(KoCACA)(주최), (재)용인문화재단(주관), (주)앰버린(주관)",,,"['정우철', '박진우', '김재원', '석현수']",[],"['정우철', '박진우', '김재원', '석현수']",[],52,"['뮤지컬', '연극']","[-6.186770770000294e-05, -10.614774703979492]",뮤지컬 + 연극
수험생을 위한 가족음악회 덕분에 콘서트,복합,복합,"김수경, 김선양, 김병현, 김민경, 류지은, 임봉석, 송성훈 등",,대구문화예술회관(주최),,,"['김수경', '김선양', '김병현', '김민경', '류지은', '임봉석', '송성훈']",[],"['김수경', '김선양', '김병현', '김민경', '류지은', '임봉석', '송성훈']",[],53,"['뮤지컬', '대중음악']","[-3.790783375734463e-05, -11.144309997558594]",뮤지컬 + 대중음악
제4회 S.Festa,복합,복합,"김진현, 이용석, 김성경, 문경빈, 예재창, 제갈은하, 배지오 등","김성희, 장종호, 이지언","극단 가인(주최), 극단 가인(주관)",,,"['김진현', '이용석', '김성경', '문경빈', '예재창', '제갈은하', '배지오']","['김성희', '장종호', '이지언']","['김진현', '이용석', '김성경', '문경빈', '예재창', '제갈은하', '배지오']","['김성희', '장종호', '이지언']",54,"['대중음악', '연극']","[-0.929510235786438, -1.3423614501953125]",대중음악 + 연극
산타와 함께하는 빛의나라이야기,복합,다원/융복합,,,극단 상상마당컴퍼니(주최),,,[],[],[],[],55,"['대중음악', '뮤지컬']","[-6.723177648382261e-05, -10.508663177490234]",대중음악 + 뮤지컬
제14회 서울국제문화공연,복합,복합,,,,,,[],[],[],[],56,"['뮤지컬', '연극']","[-3.540453326422721e-05, -11.294724464416504]",뮤지컬 + 연극
축하 음악회 [부산],복합,복합,,,성원아트홀(주최),,,[],[],[],[],57,"['뮤지컬', '대중음악']","[-4.3748852476710454e-05, -11.076726913452148]",뮤지컬 + 대중음악
춘천시립교향악단과 강원도립국악관현악단이 함께하는 신년음악회,복합,복합,"이종진, 정기훈, 김은정, 이소연, 성재창, 홍정의, 윤은화 등",,춘천시립예술단(주최),,,"['이종진', '정기훈', '김은정', '이소연', '성재창', '홍정의', '윤은화']",[],"['이종진', '정기훈', '김은정', '이소연', '성재창', '홍정의', '윤은화']",[],58,"['연극', '대중음악']","[-7.497983460780233e-05, -10.55006217956543]",연극 + 대중음악
그린스크린 글리치,복합,다원/융복합,"조아라, 손정현, 조희성, 신희정 등","신희정, 김민주, 윤해인 등",(주)이방인(주최),,,"['조아라', '손정현', '조희성', '신희정']","['신희정', '김민주', '윤해인']","['조아라', '손정현', '조희성', '신희정']","['신희정', '김민주', '윤해인']",59,"['연극', '대중음악']","[-6.115249561844394e-05, -10.75999641418457]",연극 + 대중음악
세종 예술제,복합,복합,박주영 등,,"(재)세종시문화재단(주관), 세종특별자치시청(주최)",,,['박주영'],[],['박주영'],[],60,"['연극', '대중음악']","[-9.858122211880982e-05, -10.199699401855469]",연극 + 대중음악
세종시문화재단 공연장상주단체 페스티벌,복합,복합,,,"(재)세종시문화재단(주관), 세종특별자치시청(주최)",,,[],[],[],[],61,"['연극', '대중음악']","[-7.712543447269127e-05, -10.499752044677734]",연극 + 대중음악
Harmony of Light [부산],복합,다원/융복합,,,"한국문화예술회관연합회(KoCACA)(주최), 부산광역시(주관)",,,[],[],[],[],62,"['뮤지컬', '대중음악']","[-4.207999518257566e-05, -10.983389854431152]",뮤지컬 + 대중음악
"제19회 의정부음악극축제, 이희문＆프렐류드＆놈놈 잠비나이 VOMLab",복합,복합,이희문 등,,(재)의정부문화재단 (의정부예술의전당)(주최),,,['이희문'],[],['이희문'],[],63,"['연극', '대중음악']","[-9.715084888739511e-05, -10.195920944213867]",연극 + 대중음악
영남필하모니오케스트라와 함께 하는 가족 클래식 음악회,복합,복합,"최지환, 오영지 등",,"(사)영남필하모닉오케스트라(주관), (사)영남필하모닉오케스트라(주최)",,,"['최지환', '오영지']",[],"['최지환', '오영지']",[],64,"['연극', '대중음악']","[-7.784063927829266e-05, -10.410492897033691]",연극 + 대중음악
제19회 강릉국제청소년 예술축전,복합,복합,,,강릉시청(주최),,,[],[],[],[],65,"['연극', '대중음악']","[-8.940297266235575e-05, -10.354782104492188]",연극 + 대중음악
"STAGE.5, 기술의 예술",복합,복합,,,"강릉아트센터(주최), 강릉아트센터(주관)",,,[],[],[],[],66,"['뮤지컬', '대중음악']","[-3.731181277544238e-05, -11.098430633544922]",뮤지컬 + 대중음악
대구문화예술회관 개관 30주년 기념 공연,복합,복합,,"이현창, 김성용, 정철원 등",대구문화예술회관(주최),,,[],"['이현창', '김성용', '정철원']",[],"['이현창', '김성용', '정철원']",67,"['뮤지컬', '대중음악']","[-5.829164365422912e-05, -10.569347381591797]",뮤지컬 + 대중음악
"그림 읽어주는 베토벤 THE CONCERT, 고흐vs고갱",복합,복합,조숙현 등,임용순,"대원미디어(주)(주최), 두손클래식엔터테인먼트(주)(주최), 대원미디어(주)(주관), 두손클래식엔터테인먼트(주)(주관)",,,['조숙현'],['임용순'],['조숙현'],['임용순'],68,"['뮤지컬', '대중음악']","[-4.815939246327616e-05, -10.825939178466797]",뮤지컬 + 대중음악
악가무서화(樂歌舞書畵) [영주],복합,복합,,"박지훈, 이준학, 이호준 등",한국문화예술회관연합회(KoCACA)(주최),,,[],"['박지훈', '이준학', '이호준']",[],"['박지훈', '이준학', '이호준']",69,"['대중음악', '뮤지컬']","[-5.61460001335945e-05, -10.80654239654541]",대중음악 + 뮤지컬
"수성월드뮤직페스티벌, 신노이",복합,복합,"김보라, 이원술 등",,"(재)수성문화재단 수성아트피아(주최), (재)수성문화재단 수성아트피아(기획사)",,,"['김보라', '이원술']",[],"['김보라', '이원술']",[],70,"['대중음악', '연극']","[-0.948932945728302, -1.2983355522155762]",대중음악 + 연극
"짬콘서트:조선클럽, 오단해아트랩＆서울발레시어터 [용인]",복합,복합,오단해 등,,"(재)경기도문화의전당(주최), (재)경기도문화의전당(주관)",,,['오단해'],[],['오단해'],[],71,"['대중음악', '연극']","[-0.9370592832565308, -1.3212696313858032]",대중음악 + 연극
현대인을 위한 메디아트 콘서트 I [안동],복합,복합,"이상수, 박소연, 안은영, 이은실, 소현정, 김아람, 박소담 등","김신근, 정진","한국문화예술회관연합회(KoCACA)(주최), 안동문화예술의전당 (평생학습원)(주관)",,,"['이상수', '박소연', '안은영', '이은실', '소현정', '김아람', '박소담']","['김신근', '정진']","['이상수', '박소연', '안은영', '이은실', '소현정', '김아람', '박소담']","['김신근', '정진']",72,"['연극', '대중음악']","[-5.6622808187967166e-05, -10.8441801071167]",연극 + 대중음악
"짬콘서트:조선클럽, 이날치 & 앰비규어스댄스컴퍼니 [용인]",복합,복합,,,"(재)경기도문화의전당(주최), (재)경기도문화의전당(주관)",,,[],[],[],[],73,"['대중음악', '뮤지컬']","[-5.829164365422912e-05, -10.704800605773926]",대중음악 + 뮤지컬
텐트 속 가을 콘서트,복합,복합,,,,,,[],[],[],[],74,"['대중음악', '뮤지컬']","[-5.5549986427649856e-05, -10.554197311401367]",대중음악 + 뮤지컬
진성&남상일의 희희낙락 콘서트 [여주],복합,복합,"진성, 남상일, 최예림, 서정금",,"(재)여주세종문화재단(주최), (재)여주세종문화재단(주관)",,,"['진성', '남상일', '최예림', '서정금']",[],"['진성', '남상일', '최예림', '서정금']",[],75,"['뮤지컬', '대중음악']","[-5.1377883210079744e-05, -10.786225318908691]",뮤지컬 + 대중음악
코로나 극복기원 다큐·갈라콘서트 울림IV,복합,복합,"이승은, 하만택, 최영철, 김희정, 이정표, 임현경, 최영선 등",,"WK엔터테인먼트(주최), (주)코리아아르츠그룹(주관), (주)코리아아르츠그룹(주관), (주)코리아나매니지먼트(주관)",,,"['이승은', '하만택', '최영철', '김희정', '이정표', '임현경', '최영선']",[],"['이승은', '하만택', '최영철', '김희정', '이정표', '임현경', '최영선']",[],76,"['연극', '대중음악']","[-8.844937838148326e-05, -10.204188346862793]",연극 + 대중음악
최정주의 아트앤뮤직 큐레이션: 인상주의 화가들 시리즈 Ⅲ,복합,복합,최정주,,마리아칼라스홀(주최),,,['최정주'],[],['최정주'],[],77,"['연극', '대중음악']","[-7.223821739898995e-05, -10.515684127807617]",연극 + 대중음악
BEST OF THE BEST,복합,복합,"성민제, 민유경, 백윤학 등",,"한국문화예술회관연합회(KoCACA)(주최), 서산문화회관(주관), 클라츠컴퍼니(제작사)",,,"['성민제', '민유경', '백윤학']",[],"['성민제', '민유경', '백윤학']",[],78,"['뮤지컬', '연극']","[-5.340433563105762e-05, -10.772427558898926]",뮤지컬 + 연극
미디어아트와 함께하는 포에트리 콜라보 음악회: 동주와 재하의 밤은 어둡지 않다,복합,다원/융복합,"박시원, 석상근, 서동진, 신하준, 이희주, 이정연 등",,"JK아트컴퍼니(주관), JK아트컴퍼니(주최)",,,"['박시원', '석상근', '서동진', '신하준', '이희주', '이정연']",[],"['박시원', '석상근', '서동진', '신하준', '이희주', '이정연']",[],79,"['뮤지컬', '대중음악']","[-4.756337511935271e-05, -10.893691062927246]",뮤지컬 + 대중음악
홀로그램 판타지쇼! 올 댓 코리아: 소 랑 전 [부산],복합,다원/융복합,,,"부산학생예술문화회관(주최), 부산학생예술문화회관(기획사)",,,[],[],[],[],80,"['연극', '서커스/마술']","[-6.603976362384856e-05, -10.573406219482422]",연극 + 서커스/마술
마법의 샘,복합,다원/융복합,"이승학, 조혜수, 정성현, 김현석, 오창선","정지현, 문진영, 이승규 등",국립아시아문화전당(주최),,,"['이승학', '조혜수', '정성현', '김현석', '오창선']","['정지현', '문진영', '이승규']","['이승학', '조혜수', '정성현', '김현석', '오창선']","['정지현', '문진영', '이승규']",81,"['뮤지컬', '연극']","[-3.4450891689630225e-05, -11.333590507507324]",뮤지컬 + 연극
디스이즈 잇 [군산],복합,다원/융복합,,,"한국문화예술회관연합회(KoCACA)(주최), 군산예술의전당(주관)",,,[],[],[],[],82,"['뮤지컬', '대중음악']","[-5.054346183896996e-05, -10.77184772491455]",뮤지컬 + 대중음악
음악으로 읽어주는 실크로드 이야기,복합,다원/융복합,"노영심, 류은빈, 김주영, 나희원, 박한결, 김건중, 박소연","노영심, 박한결, 윤혜린 등",,,,"['노영심', '류은빈', '김주영', '나희원', '박한결', '김건중', '박소연']","['노영심', '박한결', '윤혜린']","['노영심', '류은빈', '김주영', '나희원', '박한결', '김건중', '박소연']","['노영심', '박한결', '윤혜린']",83,"['뮤지컬', '연극']","[-4.1960789531003684e-05, -11.0923490524292]",뮤지컬 + 연극
서울국제컴퓨터음악제,복합,다원/융복합,,,"한국전자음악협회(주최), 한다우리 예술기획(주관)",,,[],[],[],[],84,"['연극', '대중음악']","[-8.368142152903602e-05, -10.379935264587402]",연극 + 대중음악
이정연댄스프로젝트: Lucid Dream Ⅱ,복합,다원/융복합,"이예진, 권민찬","이정연, 김진태, 현소영 등","한국문화예술위원회(주최), 이정연댄스프로젝트(제작사), 한양대학교 산학협력단(주관)",,,"['이예진', '권민찬']","['이정연', '김진태', '현소영']","['이예진', '권민찬']","['이정연', '김진태', '현소영']",85,"['서커스/마술', '대중무용']","[-0.00013469743134919554, -9.744746208190918]",서커스/마술 + 대중무용
최정주의 아트앤뮤직 큐레이션: 도시의 미술관 산책 I,복합,복합,최정주,,마리아칼라스홀(주최),,,['최정주'],[],['최정주'],[],86,"['대중음악', '연극']","[-0.9394585490226746, -1.3175067901611328]",대중음악 + 연극
작은 모래가 들려주는 바다이야기: 인어공주 외,복합,다원/융복합,,,극단 상상마당컴퍼니(주최),,,[],[],[],[],87,"['뮤지컬', '대중음악']","[-3.4450891689630225e-05, -11.281305313110352]",뮤지컬 + 대중음악
신년음악회 [군포],복합,복합,"장윤성, 김순영 등",,"(재)군포문화재단(군포문화예술회관)(주최), (사)군포프라임필하모닉오케스트라(주관)",,,"['장윤성', '김순영']",[],"['장윤성', '김순영']",[],88,"['연극', '뮤지컬']","[-8.427741704508662e-05, -10.36645793914795]",연극 + 뮤지컬
부채소녀,복합,복합,"김보림, 한진수, 이다미, 이근재, 김은영, 박한결, 이지혜 등","정미선, 윤현진, 김윤진 등",NMK 한국으로부터의 새로운 음악(주최),,,"['김보림', '한진수', '이다미', '이근재', '김은영', '박한결', '이지혜']","['정미선', '윤현진', '김윤진']","['김보림', '한진수', '이다미', '이근재', '김은영', '박한결', '이지혜']","['정미선', '윤현진', '김윤진']",89,"['뮤지컬', '대중음악']","[-3.707340147229843e-05, -11.209336280822754]",뮤지컬 + 대중음악
코미디 애니멀 쇼 [인천],복합,복합,,,아띠홀(주최),,,[],[],[],[],90,"['뮤지컬', '대중음악']","[-3.564294092939235e-05, -11.256743431091309]",뮤지컬 + 대중음악
"＃의정부아트스테이지, 걱정말아요 그대",복합,복합,"이지연, 오기석, 신민정, 송민수, 한아름, 이상희, 김용환 등",,"(재)의정부문화재단 (의정부예술의전당)(주최), (재)의정부문화재단 (의정부예술의전당)(주관)",,,"['이지연', '오기석', '신민정', '송민수', '한아름', '이상희', '김용환']",[],"['이지연', '오기석', '신민정', '송민수', '한아름', '이상희', '김용환']",[],91,"['대중음악', '뮤지컬']","[-6.12716976320371e-05, -10.604925155639648]",대중음악 + 뮤지컬
Sonic Illusion,복합,다원/융복합,,,"한국멀티미디어음악학회(주최), 계명대학교(주최)",,,[],[],[],[],92,"['뮤지컬', '연극']","[-5.018585216021165e-05, -10.847777366638184]",뮤지컬 + 연극
최정주의 아트앤뮤직 큐레이션: 도시의 미술관 산책 Ⅱ,복합,복합,최정주,,마리아칼라스홀(주최),,,['최정주'],[],['최정주'],[],93,"['뮤지컬', '연극']","[-4.053033626405522e-05, -11.036693572998047]",뮤지컬 + 연극
대구문화예술회관 새해희망콘서트,복합,복합,"이현창, 이화영, 이병삼, 이미연, 백나현, 김수동, 임형석 등",,대구문화예술회관(주최),,,"['이현창', '이화영', '이병삼', '이미연', '백나현', '김수동', '임형석']",[],"['이현창', '이화영', '이병삼', '이미연', '백나현', '김수동', '임형석']",[],94,"['연극', '대중음악']","[-7.045020902296528e-05, -10.5773344039917]",연극 + 대중음악
천막극장,복합,복합,,,"대구광역시 서구문화회관(주최), 대구광역시 서구문화회관(주관)",,,[],[],[],[],95,"['뮤지컬', '대중음악']","[-4.458328112377785e-05, -10.893174171447754]",뮤지컬 + 대중음악
코미디 애니멀쇼 [의정부],복합,복합,,,극단 상상마당컴퍼니(주최),,,[],[],[],[],96,"['대중음악', '연극']","[-0.9414463043212891, -1.2917338609695435]",대중음악 + 연극
"대전문화예술지킴이 감사콘서트, 제4편 그리운 그대여",복합,복합,"박지혜, 지현아, 박세환, 이상미, 조병주, 강지연, 조하나 등",,"대전문화예술지킴이(주최), 대전문화예술네트워크(주최), 지오엠미디어(주관)",,,"['박지혜', '지현아', '박세환', '이상미', '조병주', '강지연', '조하나']",[],"['박지혜', '지현아', '박세환', '이상미', '조병주', '강지연', '조하나']",[],97,"['대중음악', '연극']","[-0.9259970784187317, -1.3040859699249268]",대중음악 + 연극
최정주의 아트앤뮤직 큐레이션: 도시의 미술관 산책 Ⅲ,복합,복합,최정주,,마리아칼라스홀(주최),,,['최정주'],[],['최정주'],[],98,"['대중음악', '연극']","[-0.9420726299285889, -1.3250271081924438]",대중음악 + 연극
다크필드: FLIGHT,복합,다원/융복합,,"서미정, 김희수 최영은 등",(재)우란문화재단(주최),,,[],"['서미정', '김희수 최영은']",[],"['서미정', '김희수 최영은']",99,"['대중음악', '연극']","[-0.9398936033248901, -1.3354830741882324]",대중음악 + 연극
"통영국제음악제, 디어 루나",복합,복합,"김주원, 이승현, 이소정, 김윤아, 윤홍천, 한예리, 정미조 등","김주원, 김택수, 최수진 등","(재)통영국제음악재단(주최), 통영시(주관), (재)통영국제음악재단(주관), 통영시(주최)",,,"['김주원', '이승현', '이소정', '김윤아', '윤홍천', '한예리', '정미조']","['김주원', '김택수', '최수진']","['김주원', '이승현', '이소정', '김윤아', '윤홍천', '한예리', '정미조']","['김주원', '김택수', '최수진']",100,"['대중음악', '연극']","[-0.8966658115386963, -1.3646960258483887]",대중음악 + 연극
"통영국제음악제, 이날치",복합,복합,"권송희, 신유진, 안이호, 이나래, 장영규, 정중엽, 이철희",,"(재)통영국제음악재단(주관), 통영시(주최), (재)통영국제음악재단(주최), 통영시(주관)",,,"['권송희', '신유진', '안이호', '이나래', '장영규', '정중엽', '이철희']",[],"['권송희', '신유진', '안이호', '이나래', '장영규', '정중엽', '이철희']",[],101,"['대중음악', '연극']","[-0.8996289372444153, -1.3435081243515015]",대중음악 + 연극
라이온킹외 친구들 [안산],복합,다원/융복합,,,,,,[],[],[],[],102,"['연극', '대중음악']","[-9.202533692587167e-05, -10.242992401123047]",연극 + 대중음악
비올라 tuitti와 가야금의 FOREST SOUNDS,복합,복합,"유예슬, 박달님, 김단비, 정다솜, 김진아, 엄지유, 임송이 등",,(재)우진문화재단(주최),,,"['유예슬', '박달님', '김단비', '정다솜', '김진아', '엄지유', '임송이']",[],"['유예슬', '박달님', '김단비', '정다솜', '김진아', '엄지유', '임송이']",[],103,"['대중음악', '연극']","[-0.9353441596031189, -1.3329029083251953]",대중음악 + 연극
코미디애니멀쇼 [부천],복합,복합,,,키즈플러스(주최),,,[],[],[],[],104,"['대중음악', '연극']","[-0.94625324010849, -1.2848949432373047]",대중음악 + 연극
"춘천시립합창단 어린이음악회, 친구야노올자: 콩쥐팥쥐",복합,복합,"임창은, 최은혜, 노효정, 김현애, 오창균, 박광석, 조용원 등","양홍주, 김명주 등","춘천시립예술단(주최), 춘천시청(주최), (재)춘천문화재단(주최)",,,"['임창은', '최은혜', '노효정', '김현애', '오창균', '박광석', '조용원']","['양홍주', '김명주']","['임창은', '최은혜', '노효정', '김현애', '오창균', '박광석', '조용원']","['양홍주', '김명주']",105,"['뮤지컬', '대중음악']","[-4.792098479811102e-05, -10.81252670288086]",뮤지컬 + 대중음악
"안산시립예술단 기획공연, 목요보노음악회",복합,복합,,,"안산시청(주최), 안산시립예술단(주관)",,,[],[],[],[],106,"['뮤지컬', '대중음악']","[-4.911301948595792e-05, -10.752715110778809]",뮤지컬 + 대중음악
청산 The 그리다,복합,복합,"이밝음, 유성희, 황가연, 박한결, 조성일, 채승웅",,,,,"['이밝음', '유성희', '황가연', '박한결', '조성일', '채승웅']",[],"['이밝음', '유성희', '황가연', '박한결', '조성일', '채승웅']",[],107,"['뮤지컬', '대중음악']","[-5.709961988031864e-05, -10.690479278564453]",뮤지컬 + 대중음악
"한국음악, 여섯 개의 길로 떠나는 음악여행 레게, 판소리를 만나다",복합,복합,김율희 등,,"광주광역시 북구(주최), 광주북구문화센터(주관)",,,['김율희'],[],['김율희'],[],108,"['뮤지컬', '대중음악']","[-4.017272294731811e-05, -11.02793025970459]",뮤지컬 + 대중음악
Body ＆ Voice [인제],복합,복합,,,"(재)인제군문화재단(주최), (재)인제군문화재단(주관), Brassonit(주관)",,,[],[],[],[],109,"['연극', '대중음악']","[-5.709961988031864e-05, -10.727296829223633]",연극 + 대중음악
"더 뉴바로크 컴퍼니, 세계의 조화 21",복합,다원/융복합,"최현정, 이한솔, 장유진, 전현호, 아렌트 흐러스펠트, 장정권, 박성민",,더뉴바로크컴퍼니(주관),,,"['최현정', '이한솔', '장유진', '전현호', '아렌트 흐러스펠트', '장정권', '박성민']",[],"['최현정', '이한솔', '장유진', '전현호', '아렌트 흐러스펠트', '장정권', '박성민']",[],110,"['연극', '대중음악']","[-8.296622399939224e-05, -10.246114730834961]",연극 + 대중음악
최정주의 아트앤뮤직 큐레이션: 도시의 미술관 산책 Ⅳ,복합,복합,최정주,,마리아칼라스홀(주최),,,['최정주'],[],['최정주'],[],111,"['연극', '서커스/마술']","[-6.472854875028133e-05, -10.632203102111816]",연극 + 서커스/마술
"해설이 있는 11시콘서트, 블랙스트링 [천안] (4월)",복합,복합,오유석 등,,(재)천안문화재단(천안예술전당)(주최),,,['오유석'],[],['오유석'],[],112,"['뮤지컬', '연극']","[-5.61460001335945e-05, -10.681833267211914]",뮤지컬 + 연극
"K-Brunch Concert, 우리의 아침을 여는 한국음악: 첼로가야금 [대전]",복합,복합,"이정훈, 천지윤, 안은경, 김효영, 신주희, 김솔다니엘 등",,"대전시립연정국악원(주최), 대전국악방송(주최), 대전시립연정국악원(주관)",,,"['이정훈', '천지윤', '안은경', '김효영', '신주희', '김솔다니엘']",[],"['이정훈', '천지윤', '안은경', '김효영', '신주희', '김솔다니엘']",[],113,"['뮤지컬', '대중음악']","[-2.992108420585282e-05, -11.569662094116211]",뮤지컬 + 대중음악
"리버사이드앙상블, 유니크와 샌드아트가 들려주는 어린왕자 이야기",복합,다원/융복합,"정지은, 김다솜, 오성준, 최은하, 조유미, 강병곤, 오현택 등",,경상남도문화예술회관(주최),,,"['정지은', '김다솜', '오성준', '최은하', '조유미', '강병곤', '오현택']",[],"['정지은', '김다솜', '오성준', '최은하', '조유미', '강병곤', '오현택']",[],114,"['연극', '대중음악']","[-7.962863310240209e-05, -10.447059631347656]",연극 + 대중음악
"더 H 콘서트, 크로키키 브라더스X림스타악기앙상블 [화성]",복합,다원/융복합,,,"(재)화성시문화재단(주관), (재)화성시문화재단(주최)",,,[],[],[],[],115,"['뮤지컬', '대중음악']","[-4.339123915997334e-05, -10.963584899902344]",뮤지컬 + 대중음악
이국정원,복합,다원/융복합,"박시원, 서현우, 김기창, 손현정, 나미희, 박영수 등",,"예술의전당(주최), (주)포도(주최)",,,"['박시원', '서현우', '김기창', '손현정', '나미희', '박영수']",[],"['박시원', '서현우', '김기창', '손현정', '나미희', '박영수']",[],116,"['연극', '대중음악']","[-5.936446541454643e-05, -10.855213165283203]",연극 + 대중음악
"금욜로 시리즈, 첼로가야금 [포항]",복합,복합,"김 솔 다니엘, 윤다영",,(재)포항문화재단(주관),,,"['김 솔 다니엘', '윤다영']",[],"['김 솔 다니엘', '윤다영']",[],117,"['연극', '대중음악']","[-8.821098163025454e-05, -10.202587127685547]",연극 + 대중음악
"ACC 창제작 어린이공연, 괴물 연을 그리다",복합,복합,"김보희, 김지애, 이원선, 최재형","이미희, 이보람, 서찬빈 등","아시아문화원(제작사), 문화예술교육 더베프(제작사)",,,"['김보희', '김지애', '이원선', '최재형']","['이미희', '이보람', '서찬빈']","['김보희', '김지애', '이원선', '최재형']","['이미희', '이보람', '서찬빈']",118,"['뮤지컬', '대중음악']","[-4.088794958079234e-05, -10.990995407104492]",뮤지컬 + 대중음악
코미디 애니멀 쇼 [구로],복합,복합,,,주니엔터테인먼트(주최),,,[],[],[],[],119,"['뮤지컬', '대중음악']","[-3.182837463100441e-05, -11.381888389587402]",뮤지컬 + 대중음악
"샌드애니메이션, 동물의사육제 [의정부]",복합,다원/융복합,,,극단 상상마당컴퍼니(주관),,,[],[],[],[],120,"['연극', '서커스/마술']","[-5.98412734689191e-05, -10.822630882263184]",연극 + 서커스/마술
봄내려온다,복합,복합,"강지예, 김경목, 김은비, 문인주, 손온유, 유낙원, 이대한 등","이광현, 이춘설희, 손온유 등","GLC컴퍼니(지엘씨컴퍼니)(주관), 퓨리파이(주최)",,,"['강지예', '김경목', '김은비', '문인주', '손온유', '유낙원', '이대한']","['이광현', '이춘설희', '손온유']","['강지예', '김경목', '김은비', '문인주', '손온유', '유낙원', '이대한']","['이광현', '이춘설희', '손온유']",121,"['뮤지컬', '대중음악']","[-3.909988299710676e-05, -11.000494956970215]",뮤지컬 + 대중음악
한웅원밴드 With 유태평양 [충주],복합,복합,"한웅원, 유태평양 등",,"문화체육관광부(주최), 한국문화예술회관연합회(KoCACA)(주관), 충주시문화회관(주관)",,,"['한웅원', '유태평양']",[],"['한웅원', '유태평양']",[],122,"['대중음악', '연극']","[-5.638440416078083e-05, -10.75870132446289]",대중음악 + 연극
"SETUP 202, 당클매다",복합,다원/융복합,,"고동욱, 김준보, 김상완, 양이삭","(재)국립극단(주최), EASThug(제작사)",,,[],"['고동욱', '김준보', '김상완', '양이삭']",[],"['고동욱', '김준보', '김상완', '양이삭']",123,"['뮤지컬', '대중음악']","[-3.480850500636734e-05, -11.328556060791016]",뮤지컬 + 대중음악
출범기념 오프닝 콘서트 [경기 광주],복합,복합,"장영규, 박준철, 이철희, 권송희, 신유진, 안이호, 이나래 등",,"(재)광주시문화재단 [경기광주](주최), (재)광주시문화재단 [경기광주](주관)",,,"['장영규', '박준철', '이철희', '권송희', '신유진', '안이호', '이나래']",[],"['장영규', '박준철', '이철희', '권송희', '신유진', '안이호', '이나래']",[],124,"['대중음악', '뮤지컬']","[-5.769562994828448e-05, -10.769351959228516]",대중음악 + 뮤지컬
PICAS와 함께하는 어린이날 그림동화 음악회 Ⅷ,복합,복합,"윤혜경, 황지수, 최영진, 백혜원, 서의철, 황윤희, 임정철 등",,"이든예술기획(주관), 피카스(PICAS)(주최)",,,"['윤혜경', '황지수', '최영진', '백혜원', '서의철', '황윤희', '임정철']",[],"['윤혜경', '황지수', '최영진', '백혜원', '서의철', '황윤희', '임정철']",[],125,"['뮤지컬', '대중음악']","[-5.376194530981593e-05, -10.730536460876465]",뮤지컬 + 대중음악
"영화의전당 개관 10주년 기념, 라이브 더빙쇼: 이국정원 [부산]",복합,다원/융복합,"박시원, 이수안, 서현우, 손현정, 나미희, 박영수",,"(재)영화의전당(주최), 한국영상자료원(주최), 문화상회 노닥(주관)",,,"['박시원', '이수안', '서현우', '손현정', '나미희', '박영수']",[],"['박시원', '이수안', '서현우', '손현정', '나미희', '박영수']",[],126,"['뮤지컬', '연극']","[-4.8874615458771586e-05, -10.857023239135742]",뮤지컬 + 연극
크로이처 소나타,복합,복합,"황건, 일리야 라쉬코프스키 등",황건,강동문화재단(강동아트센터)(주최),,,"['황건', '일리야 라쉬코프스키']",['황건'],"['황건', '일리야 라쉬코프스키']",['황건'],127,"['대중음악', '뮤지컬']","[-7.10462118149735e-05, -10.546012878417969]",대중음악 + 뮤지컬
박애리와 함께하는 무브먼트 코리아3,복합,다원/융복합,박애리 등,,"(재)행복북구문화재단(어울아트센터)(주관), 광개토사물놀이예술단(주관), 한국문화예술회관연합회(KoCACA)(주최)",,,['박애리'],[],['박애리'],[],128,"['대중음악', '뮤지컬']","[-6.389413465512916e-05, -10.516995429992676]",대중음악 + 뮤지컬
김영임 & 김용임과 함께하는 희희낙락 [통영],복합,복합,"김영임, 김용임, 고금성, 전영랑",,"통영시(주관), (주)공감엔피엠(주관)",,,"['김영임', '김용임', '고금성', '전영랑']",[],"['김영임', '김용임', '고금성', '전영랑']",[],129,"['대중음악', '연극']","[-0.9599020481109619, -1.275115966796875]",대중음악 + 연극
갈라쇼 [대전],복합,복합,"최정원, 김혜원, 신주형, 김호준, 변재흥, 박수진, 임유 등",,아트피플컴퍼니(주최),,,"['최정원', '김혜원', '신주형', '김호준', '변재흥', '박수진', '임유']",[],"['최정원', '김혜원', '신주형', '김호준', '변재흥', '박수진', '임유']",[],130,"['뮤지컬', '대중음악']","[-6.651657167822123e-05, -10.505413055419922]",뮤지컬 + 대중음악
탈피 [인천],복합,복합,"권순민, 이소산, 김기태, 양동환, 김미르, 손힘찬 등","임현태, 오수현, 고혜수 등","(재)인천광역시 부평구문화재단(부평아트센터)(주최), 부평문화사랑방(주관)",,,"['권순민', '이소산', '김기태', '양동환', '김미르', '손힘찬']","['임현태', '오수현', '고혜수']","['권순민', '이소산', '김기태', '양동환', '김미르', '손힘찬']","['임현태', '오수현', '고혜수']",131,"['연극', '대중음악']","[-7.56950321374461e-05, -10.513988494873047]",연극 + 대중음악
"요즘예술, 경기도극단 & 경기필하모닉오케스트라",복합,복합,정나라 등,"한태숙, 김정","경기아트센터(주최), 경기아트센터(주관)",,,['정나라'],"['한태숙', '김정']",['정나라'],"['한태숙', '김정']",132,"['연극', '대중음악']","[-6.41325386823155e-05, -10.653360366821289]",연극 + 대중음악
생상스의 동물의 사육제 [화성],복합,다원/융복합,"이희주, 이정연, 신하준, 김정훈, 이예솔, 오승규, 박병준 등","김승민, 남다혜, 최혜진 등","스피리또(주관), 스피리또(주최)",,,"['이희주', '이정연', '신하준', '김정훈', '이예솔', '오승규', '박병준']","['김승민', '남다혜', '최혜진']","['이희주', '이정연', '신하준', '김정훈', '이예솔', '오승규', '박병준']","['김승민', '남다혜', '최혜진']",133,"['연극', '대중음악']","[-7.545663538621739e-05, -10.47957706451416]",연극 + 대중음악
대동춤Ⅱ,복합,복합,"추현탁, 이민형, 조아라, 조다솜, 유선후, 박솔지, 정민지 등","김상연, 노상민, 남경식 등",,,,"['추현탁', '이민형', '조아라', '조다솜', '유선후', '박솔지', '정민지']","['김상연', '노상민', '남경식']","['추현탁', '이민형', '조아라', '조다솜', '유선후', '박솔지', '정민지']","['김상연', '노상민', '남경식']",134,"['대중음악', '연극']","[-0.9444465637207031, -1.3033242225646973]",대중음악 + 연극
"교육가족 공감 콘서트, 쉼",복합,복합,"이경구, 배다해, 한혜진, 김의형 등",,인천학생교육문화회관(주최),,,"['이경구', '배다해', '한혜진', '김의형']",[],"['이경구', '배다해', '한혜진', '김의형']",[],135,"['대중음악', '연극']","[-0.9104610085487366, -1.3446813821792603]",대중음악 + 연극
둥글고 둥글게 [부산],복합,복합,"장민승, 정재일",,"(재)영화의전당(주최), (재)영화의전당(주관), 한국영상자료원(주최), 한국영상자료원(주관)",,,"['장민승', '정재일']",[],"['장민승', '정재일']",[],136,"['대중음악', '뮤지컬']","[-6.460934673668817e-05, -10.609535217285156]",대중음악 + 뮤지컬
해피콘서트 [군포],복합,복합,"박상우, 하윤주, 방수미, 고은영, 박희재, 백승욱 등",,"(재)군포문화재단(군포문화예술회관)(주최), 세종국악심포니오케스트라(세종국악관현악단)(주관)",,,"['박상우', '하윤주', '방수미', '고은영', '박희재', '백승욱']",[],"['박상우', '하윤주', '방수미', '고은영', '박희재', '백승욱']",[],137,"['연극', '대중음악']","[-5.2927523938706145e-05, -10.884934425354004]",연극 + 대중음악
쇼그맨 [밀양],복합,복합,"박성호, 김재욱, 이종훈, 김원효, 정범균",,"(재)밀양문화재단(주관), (재)밀양문화재단(주최)",,,"['박성호', '김재욱', '이종훈', '김원효', '정범균']",[],"['박성호', '김재욱', '이종훈', '김원효', '정범균']",[],138,"['연극', '대중음악']","[-6.222531374078244e-05, -10.748281478881836]",연극 + 대중음악
나태주와 함께하는 LED 비바츠태권발레 [철원],복합,다원/융복합,나태주 등,,철원군(주최),,,['나태주'],[],['나태주'],[],139,"['대중음악', '연극']","[-0.9285140037536621, -1.3078681230545044]",대중음악 + 연극
스쿨 온 스테이지,복합,복합,"안헌영, 강민정, 하지희, 주윤정, 김보은, 이주헌, 전학수 등",,"(재)부산문화회관(주최), (재)부산문화회관(주관)",,,"['안헌영', '강민정', '하지희', '주윤정', '김보은', '이주헌', '전학수']",[],"['안헌영', '강민정', '하지희', '주윤정', '김보은', '이주헌', '전학수']",[],140,"['서커스/마술', '대중무용']","[-0.00017975145601667464, -9.456780433654785]",서커스/마술 + 대중무용
최정주의 아트앤뮤직 큐레이션: 도시의 미술관 산책 Ⅴ,복합,복합,최정주,,마리아칼라스홀(주최),,,['최정주'],[],['최정주'],[],141,"['대중음악', '연극']","[-0.9367127418518066, -1.297477126121521]",대중음악 + 연극
"네버랜드 in 군포 Ⅰ, 동화 읽어주는 콘서트: 방귀며느리",복합,복합,"장예리, 정열, 이경구, 유병욱, 허윤, 박가영","배새암, 유보민, 송인석 등","(재)군포문화재단(군포문화예술회관)(주관), (재)군포문화재단(군포문화예술회관)(주최)",,,"['장예리', '정열', '이경구', '유병욱', '허윤', '박가영']","['배새암', '유보민', '송인석']","['장예리', '정열', '이경구', '유병욱', '허윤', '박가영']","['배새암', '유보민', '송인석']",142,"['대중음악', '뮤지컬']","[-6.472854875028133e-05, -10.52193832397461]",대중음악 + 뮤지컬
가야금 & 클래식 현(絃)의 풍류 [안동],복합,복합,,,"안동문화예술의전당 (평생학습원)(주최), 안동문화예술의전당 (평생학습원)(주관)",,,[],[],[],[],143,"['뮤지컬', '대중음악']","[-4.303362584323622e-05, -10.977307319641113]",뮤지컬 + 대중음악
"트라이보울 시리즈, 우기부기",복합,복합,,,"예술공간 트라이보울(주관), 예술공간 트라이보울(주최), 인천광역시(주최), 인천광역시(주관), (재)인천문화재단(주최), (재)인천문화재단(주관)",,,[],[],[],[],144,"['뮤지컬', '대중음악']","[-3.9457496313843876e-05, -11.099376678466797]",뮤지컬 + 대중음악
"서현진과 함께하는 브런치 콘서트, 춤출까요? [인천] (5월)",복합,복합,"서현진, 정민호, 전현호, 최윤정, 강지연, 임샛별, 정건 등","제환정, 손일훈, 이다혜 등","(재)인천광역시 부평구문화재단(부평아트센터)(주관), (재)인천광역시 부평구문화재단(부평아트센터)(주최)",,,"['서현진', '정민호', '전현호', '최윤정', '강지연', '임샛별', '정건']","['제환정', '손일훈', '이다혜']","['서현진', '정민호', '전현호', '최윤정', '강지연', '임샛별', '정건']","['제환정', '손일훈', '이다혜']",145,"['연극', '대중음악']","[-7.593343616463244e-05, -10.3926420211792]",연극 + 대중음악
디스 이즈 잇 [김제],복합,다원/융복합,,,"김제시(김제시청)(주관), 한국문화예술회관연합회(KoCACA)(주관), 문화체육관광부(주최)",,,[],[],[],[],146,"['뮤지컬', '대중음악']","[-5.1973900554003194e-05, -10.828591346740723]",뮤지컬 + 대중음악
콜링,복합,복합,"김주현, 백유진, 진여준, 박성준, 이수진, 김수영, 강금화 등",,나래아트컴퍼니(기획사),,,"['김주현', '백유진', '진여준', '박성준', '이수진', '김수영', '강금화']",[],"['김주현', '백유진', '진여준', '박성준', '이수진', '김수영', '강금화']",[],147,"['연극', '서커스/마술']","[-6.782778655178845e-05, -10.597530364990234]",연극 + 서커스/마술
재즈보컬 나혜영과 함께하는 시네마 뮤직 콘서트,복합,복합,"나혜영, 이미영, 김성수, 임주헌, 이인관, 조신일, 김경미 등","김상원, 정경은, 이경우 등","(재)노원문화재단(주관), (재)노원문화재단(주최)",,,"['나혜영', '이미영', '김성수', '임주헌', '이인관', '조신일', '김경미']","['김상원', '정경은', '이경우']","['나혜영', '이미영', '김성수', '임주헌', '이인관', '조신일', '김경미']","['김상원', '정경은', '이경우']",148,"['뮤지컬', '연극']","[-4.029192859889008e-05, -11.04218864440918]",뮤지컬 + 연극
피트정 초상화 Pete Jung Portrait,복합,다원/융복합,"피트정, 이미영, 안원석, 김영준, 김종훈",,"피트정컴퍼니(주최), 피트정컴퍼니(주관)",,,"['피트정', '이미영', '안원석', '김영준', '김종훈']",[],"['피트정', '이미영', '안원석', '김영준', '김종훈']",[],149,"['연극', '대중음악']","[-5.900685573578812e-05, -10.731171607971191]",연극 + 대중음악
최정주의 아트앤뮤직 큐레이션: 도시의 미술관 산책 Ⅵ,복합,복합,최정주,,"(주)알피제이아트헤이스(주최), (주)알피제이아트헤이스(기획사)",,,['최정주'],[],['최정주'],[],150,"['뮤지컬', '연극']","[-3.099393507000059e-05, -11.404855728149414]",뮤지컬 + 연극
"서현진과 함께하는 브런치 콘서트, 춤출까요? [인천] (6월)",복합,복합,"서현진, 김재원, 박강현, 이호찬, 박예은, 하지석, 한대교 등","제환정, 손일훈","(재)인천광역시 부평구문화재단(부평아트센터)(주관), (재)인천광역시 부평구문화재단(부평아트센터)(주최)",,,"['서현진', '김재원', '박강현', '이호찬', '박예은', '하지석', '한대교']","['제환정', '손일훈']","['서현진', '김재원', '박강현', '이호찬', '박예은', '하지석', '한대교']","['제환정', '손일훈']",151,"['연극', '뮤지컬']","[-6.41325386823155e-05, -10.6830415725708]",연극 + 뮤지컬
무한열전 [대구],복합,복합,김대산 등,,"(주)꿈꾸는씨어터(주최), (주)꿈꾸는씨어터(주관), 주니엔터테인먼트(주관), 프리뮤직밴드 몰랑(주관), 트래덜반(주관)",,,['김대산'],[],['김대산'],[],152,"['뮤지컬', '대중음악']","[-3.766942609217949e-05, -11.198758125305176]",뮤지컬 + 대중음악
아직 가 닿지 못한 그곳 찬란한 벌판,복합,복합,"이산, 서경선, 권이은정, 김하람, 이륜화, 최김지정, 천샘 등","이산, 서경선, 천샘 등","오후의 예술공방(주최), by윤슬(주관)",,,"['이산', '서경선', '권이은정', '김하람', '이륜화', '최김지정', '천샘']","['이산', '서경선', '천샘']","['이산', '서경선', '권이은정', '김하람', '이륜화', '최김지정', '천샘']","['이산', '서경선', '천샘']",153,"['뮤지컬', '연극']","[-4.172238186583854e-05, -11.040711402893066]",뮤지컬 + 연극
미디어아트와 함께하는 포에트리 콜라보 음악회: 동주와 재하의 밤은 어둡지 않다 [고양],복합,다원/융복합,"서동진, 이희주, 김세환, 임덕수, 이정연, 이성구, 박종인 등",,"(주)제이케이앤컴퍼니(JKNCompany)(주관), (주)제이케이앤컴퍼니(JKNCompany)(주최)",,,"['서동진', '이희주', '김세환', '임덕수', '이정연', '이성구', '박종인']",[],"['서동진', '이희주', '김세환', '임덕수', '이정연', '이성구', '박종인']",[],154,"['뮤지컬', '연극']","[-2.8967437174287625e-05, -11.515792846679688]",뮤지컬 + 연극
JAZZ에 빠진 영화 OST 그리고 탭댄스 [김제],복합,복합,,,"문화체육관광부(주최), 김제시(김제시청)(주관), 한국문화예술회관연합회(KoCACA)(주관)",,,[],[],[],[],155,"['대중음악', '뮤지컬']","[-4.815939246327616e-05, -10.866436958312988]",대중음악 + 뮤지컬
"공연으로 떠나는 세계여행, 아르헨티나",복합,복합,"이인경, 길태호, 김다솔, 장새봄, 박윤수, 김초롱",,"문화체육관광부(주최), 한국문화예술회관연합회(KoCACA)(주관), 남양주시청(주관)",,,"['이인경', '길태호', '김다솔', '장새봄', '박윤수', '김초롱']",[],"['이인경', '길태호', '김다솔', '장새봄', '박윤수', '김초롱']",[],156,"['뮤지컬', '연극']","[-6.0437283536884934e-05, -10.625986099243164]",뮤지컬 + 연극
KKun in 용인 페스티벌: 국악과 재즈의 만남,복합,복합,"조윤성, 김효영, 전창민, 신동진, 한다혜, 안승현 등",조윤성,"한국문화예술회관연합회(KoCACA)(주최), (재)용인문화재단(주관)",,,"['조윤성', '김효영', '전창민', '신동진', '한다혜', '안승현']",['조윤성'],"['조윤성', '김효영', '전창민', '신동진', '한다혜', '안승현']",['조윤성'],157,"['연극', '서커스/마술']","[-6.603976362384856e-05, -10.594103813171387]",연극 + 서커스/마술
Spanish Heart,복합,복합,"민선재, 윤보영, 양보나, 최영민 등",,(주)샤콘느(주최),,,"['민선재', '윤보영', '양보나', '최영민']",[],"['민선재', '윤보영', '양보나', '최영민']",[],158,"['연극', '대중음악']","[-8.129743218887597e-05, -10.349175453186035]",연극 + 대중음악
이국정원 [인천],복합,다원/융복합,"박시원, 이수안, 김기창, 손현정, 나미희, 박영수",,(재)인천광역시 부평구문화재단(부평아트센터)(주최),,,"['박시원', '이수안', '김기창', '손현정', '나미희', '박영수']",[],"['박시원', '이수안', '김기창', '손현정', '나미희', '박영수']",[],159,"['대중음악', '연극']","[-0.9284713268280029, -1.343738317489624]",대중음악 + 연극
오정해·유태평양과 함께하는 한여름밤의 콘서트 [대구],복합,복합,"김현호, 유태평양, 홍혜림, 조대철, 오정해, 엄선민, 김신오 등","박연성, 정태민, 서보완 등","대구학생문화센터(주최), 영남국악관현악단(주관)",,,"['김현호', '유태평양', '홍혜림', '조대철', '오정해', '엄선민', '김신오']","['박연성', '정태민', '서보완']","['김현호', '유태평양', '홍혜림', '조대철', '오정해', '엄선민', '김신오']","['박연성', '정태민', '서보완']",160,"['연극', '대중음악']","[-9.16677454370074e-05, -10.190555572509766]",연극 + 대중음악
찰리채플린과 폴리의 라이브스크린 [대전],복합,다원/융복합,"양왕열, 최유석, 고길영, 이기명, 황성범, 성철모",,"공연기획피움(주관), 퓨전퍼커션밴드 폴리(주최)",,,"['양왕열', '최유석', '고길영', '이기명', '황성범', '성철모']",[],"['양왕열', '최유석', '고길영', '이기명', '황성범', '성철모']",[],161,"['뮤지컬', '연극']","[-4.458328112377785e-05, -10.928828239440918]",뮤지컬 + 연극
제15회 현대음악앙상블 뉴던 정기연주회,복합,복합,"허정인, 강나영, 이상미, 유현문, 함솔희, 황진하, 류방열 등","설나라, 허윤성, 강나영 등","현대음악앙상블 뉴던 (New Dawn)(주최), 현대음악앙상블 뉴던 (New Dawn)(주관)",,,"['허정인', '강나영', '이상미', '유현문', '함솔희', '황진하', '류방열']","['설나라', '허윤성', '강나영']","['허정인', '강나영', '이상미', '유현문', '함솔희', '황진하', '류방열']","['설나라', '허윤성', '강나영']",162,"['연극', '대중음악']","[-7.176141662057489e-05, -10.501161575317383]",연극 + 대중음악
"여우락 페스티벌, Deep Sea Creatures",복합,다원/융복합,"박혜인, 노상호 등",,"국립극장(주최), 국립극장(주관)",,,"['박혜인', '노상호']",[],"['박혜인', '노상호']",[],163,"['연극', '대중음악']","[-6.913899414939806e-05, -10.638568878173828]",연극 + 대중음악
최정주의 아트앤뮤직 큐레이션: 도시의 미술관 산책 Ⅶ,복합,복합,최정주,,마리아칼라스홀(주최),,,['최정주'],[],['최정주'],[],164,"['뮤지컬', '대중음악']","[-4.327203714638017e-05, -11.043679237365723]",뮤지컬 + 대중음악
한낮의 유U;콘서트 (7월),복합,복합,"곽유평, 장주희, 정선호, 전아라, 한호승, 박상아, 송도환 등",,"(재)영화의전당(주최), (재)영화의전당(주관), 한국문화예술회관연합회(KoCACA)(주최), 한국문화예술회관연합회(KoCACA)(주관), (주)국제신문(주최), (주)국제신문(주관), 유성재즈악단(주최), 유성재즈악단(주관)",,,"['곽유평', '장주희', '정선호', '전아라', '한호승', '박상아', '송도환']",[],"['곽유평', '장주희', '정선호', '전아라', '한호승', '박상아', '송도환']",[],165,"['뮤지컬', '연극']","[-4.434487345861271e-05, -11.044565200805664]",뮤지컬 + 연극
LED 비바츠 태권발레,복합,다원/융복합,,,"한국문화예술회관연합회(KoCACA)(주최), 함안군(주최), 함안문화예술회관(주관), 비바츠예술매니지먼트(주관)",,,[],[],[],[],166,"['뮤지컬', '대중음악']","[-3.731181277544238e-05, -11.160654067993164]",뮤지컬 + 대중음악
무령 (7.24),복합,복합,,"박승희, 황호준, 김유미 등","공주시청(주최), 공주시충남연정국악원(주관)",,,[],"['박승희', '황호준', '김유미']",[],"['박승희', '황호준', '김유미']",167,"['뮤지컬', '대중음악']","[-4.1126360883936286e-05, -11.153596878051758]",뮤지컬 + 대중음악
무령 (7.25),복합,복합,,"박승희, 황호준, 김유미 등","공주시청(주최), 공주시충남연정국악원(주관)",,,[],"['박승희', '황호준', '김유미']",[],"['박승희', '황호준', '김유미']",168,"['연극', '대중음악']","[-9.214453893946484e-05, -10.160482406616211]",연극 + 대중음악
자스무지쿠스 정기연주회 [대전],복합,복합,"조진웅, 박찬모, 김경희, 정유하, 하지욱, 한재현",,"자스 무지쿠스(주최), 자스 무지쿠스(주관)",,,"['조진웅', '박찬모', '김경희', '정유하', '하지욱', '한재현']",[],"['조진웅', '박찬모', '김경희', '정유하', '하지욱', '한재현']",[],169,"['연극', '뮤지컬']","[-8.105902816168964e-05, -10.390715599060059]",연극 + 뮤지컬
"경기도예술단원 창작무대, Spero Spera: 마마 [수원]",복합,복합,"강구철, 국철민, 길준섭, 박성욱, 서동희, 손승주, 송다민 등","서동희, 손승주, 박성욱 등","경기아트센터(주관), 경기아트센터(주최)",,,"['강구철', '국철민', '길준섭', '박성욱', '서동희', '손승주', '송다민']","['서동희', '손승주', '박성욱']","['강구철', '국철민', '길준섭', '박성욱', '서동희', '손승주', '송다민']","['서동희', '손승주', '박성욱']",170,"['연극', '뮤지컬']","[-7.617183291586116e-05, -10.578838348388672]",연극 + 뮤지컬
"봉포유 렉처스테이지 I, 김설진X토리스 [대구]",복합,복합,"김설진, 곽동현, 백현호, 견두리, 이신예, 최홍석",,"봉산문화회관(주관), 한국문화예술회관연합회(KoCACA)(주최), 봉산문화회관(주최)",,,"['김설진', '곽동현', '백현호', '견두리', '이신예', '최홍석']",[],"['김설진', '곽동현', '백현호', '견두리', '이신예', '최홍석']",[],171,"['연극', '대중음악']","[-6.568216485902667e-05, -10.653032302856445]",연극 + 대중음악
8월 토마토,복합,복합,,,,,,[],[],[],[],172,"['뮤지컬', '대중음악']","[-3.182837463100441e-05, -11.391596794128418]",뮤지컬 + 대중음악
희망화원 [수원],복합,다원/융복합,"강구철, 국철민, 백선주, 이규석, 이예나, 이용문, 장지현 등","하수민, 채명신, 조승현","경기아트센터(주최), 경기아트센터(주관)",,,"['강구철', '국철민', '백선주', '이규석', '이예나', '이용문', '장지현']","['하수민', '채명신', '조승현']","['강구철', '국철민', '백선주', '이규석', '이예나', '이용문', '장지현']","['하수민', '채명신', '조승현']",173,"['대중음악', '뮤지컬']","[-5.054346183896996e-05, -10.866228103637695]",대중음악 + 뮤지컬
클림트 & 뮤직 콘서트 [익산],복합,다원/융복합,"정우철, 박진우, 김재원, 석현수",,"한국문화예술회관연합회(KoCACA)(주최), 익산예술의전당(주관), (주)앰버린(주관)",,,"['정우철', '박진우', '김재원', '석현수']",[],"['정우철', '박진우', '김재원', '석현수']",[],174,"['뮤지컬', '대중음악']","[-4.31528314948082e-05, -11.09960651397705]",뮤지컬 + 대중음악
Blooming Space,복합,다원/융복합,"배진일, 이은정, 김민지, 최시원, 남선희, 윤혜수, 배상은","김명숙, 노현주, 이재형 등",김명숙 늘휘무용단(주최),,,"['배진일', '이은정', '김민지', '최시원', '남선희', '윤혜수', '배상은']","['김명숙', '노현주', '이재형']","['배진일', '이은정', '김민지', '최시원', '남선희', '윤혜수', '배상은']","['김명숙', '노현주', '이재형']",175,"['연극', '대중음악']","[-8.809178689261898e-05, -10.321730613708496]",연극 + 대중음악
박애리와 함께하는 무브먼트 코리아 3 [부산],복합,복합,박애리 등,,"금정문화회관(주관), 광개토사물놀이예술단(주관), 한국문화예술회관연합회(KoCACA)(주최)",,,['박애리'],[],['박애리'],[],176,"['연극', '서커스/마술']","[-6.758938252460212e-05, -10.715022087097168]",연극 + 서커스/마술
"온쉼표, 국악 플라잉 퍼포먼스: 하루 (8월)",복합,복합,"정성태, 권해원, 김소희, 이수윤, 박수연, 박용호, 서상현 등","김경록, 강상구, 심주영 등",(재)세종문화회관(주최),,,"['정성태', '권해원', '김소희', '이수윤', '박수연', '박용호', '서상현']","['김경록', '강상구', '심주영']","['정성태', '권해원', '김소희', '이수윤', '박수연', '박용호', '서상현']","['김경록', '강상구', '심주영']",177,"['대중음악', '연극']","[-0.9225749373435974, -1.3504897356033325]",대중음악 + 연극
최정주의 아트앤뮤직 큐레이션: 도시의 미술관 산책 Ⅷ,복합,다원/융복합,최정주,,마리아칼라스홀(주최),,,['최정주'],[],['최정주'],[],178,"['대중음악', '뮤지컬']","[-5.471556869451888e-05, -10.692997932434082]",대중음악 + 뮤지컬
문화보물선을 만나러 가자,복합,복합,,,"예산군청(주최), 예산문화원(주관)",,,[],[],[],[],179,"['대중음악', '연극']","[-0.9226862788200378, -1.3049455881118774]",대중음악 + 연극
춘천문화예술회관 기획공연 (패키지),복합,복합,"최정원, 민경아, 박건형, 최재림, 김영주, 김경선 등",,,,,"['최정원', '민경아', '박건형', '최재림', '김영주', '김경선']",[],"['최정원', '민경아', '박건형', '최재림', '김영주', '김경선']",[],180,"['대중음악', '연극']","[-0.9339055418968201, -1.3169918060302734]",대중음악 + 연극
비바츠태권발레 [광양],복합,다원/융복합,,,"광양문화예술회관(광양시청)(주최), 한국문화예술회관연합회(KoCACA)(주최), 비바츠예술매니지먼트(주관)",,,[],[],[],[],181,"['대중음악', '연극']","[-0.9198934435844421, -1.3175439834594727]",대중음악 + 연극
"수봉IN꿈노리, 뮤직트립",복합,복합,,,"(사)한국예총 인천광역시연합회 인천예총(인천수봉문화회관)(주관), (사)한국예총 인천광역시연합회 인천예총(인천수봉문화회관)(주최)",,,[],[],[],[],182,"['연극', '대중음악']","[-6.3774932641536e-05, -10.666990280151367]",연극 + 대중음악
"봉포유 렉처스테이지 II, 최석민 무용단X프렐류드 [대구]",복합,복합,"최석민, 고희안, 최진배, 리차드 로, 한웅원 등",,"봉산문화회관(주관), 한국문화예술회관연합회(KoCACA)(주최), 봉산문화회관(주최)",,,"['최석민', '고희안', '최진배', '리차드 로', '한웅원']",[],"['최석민', '고희안', '최진배', '리차드 로', '한웅원']",[],183,"['연극', '대중음악']","[-5.94836674281396e-05, -10.738905906677246]",연극 + 대중음악
"아리랑, 택견과 만나다 [수원]",복합,복합,,,"수원시청(주최), (재)수원문화재단(주관), 발광엔터테인먼트(주관)",,,[],[],[],[],184,"['뮤지컬', '대중음악']","[-4.100715523236431e-05, -10.998274803161621]",뮤지컬 + 대중음악
음악이 춤을추다 [대전],복합,복합,"김미현, 이지현, 장수지 등","서형원, 정우인, 한지용 등",대전시립연정국악원(주최),,,"['김미현', '이지현', '장수지']","['서형원', '정우인', '한지용']","['김미현', '이지현', '장수지']","['서형원', '정우인', '한지용']",185,"['뮤지컬', '대중음악']","[-5.209310256759636e-05, -10.833337783813477]",뮤지컬 + 대중음악
"제13회 DMZ국제다큐멘터리영화제, Docs on STAGE",복합,다원/융복합,"임지영, 박영성, 권지우, 김가은, 박혜림, 송해, 나태주 등","정민승, 정재일",DMZ국제다큐멘터리영화제(주최),,,"['임지영', '박영성', '권지우', '김가은', '박혜림', '송해', '나태주']","['정민승', '정재일']","['임지영', '박영성', '권지우', '김가은', '박혜림', '송해', '나태주']","['정민승', '정재일']",186,"['연극', '서커스/마술']","[-7.295342220459133e-05, -10.525681495666504]",연극 + 서커스/마술
드림스테이지 [김포],복합,복합,,,"(재)김포문화재단(주관), (재)김포문화재단(주최)",,,[],[],[],[],187,"['연극', '대중음악']","[-6.83045873302035e-05, -10.624517440795898]",연극 + 대중음악
No Frame,복합,다원/융복합,"채진솔, 도로시, 박우성 등","채진솔, 도로시, 구본승 등","후용공연예술센터(기획사), 후용공연예술센터(주최)",,,"['채진솔', '도로시', '박우성']","['채진솔', '도로시', '구본승']","['채진솔', '도로시', '박우성']","['채진솔', '도로시', '구본승']",188,"['뮤지컬', '대중음악']","[-4.875540980719961e-05, -10.890275001525879]",뮤지컬 + 대중음악
The Magic 팬텀&퀸 [안산],복합,복합,"안세권, 김동현, 유성녀, 최형배 등",김봉미,"(사)베하 필하모닉 오케스트라(주최), (사)베하 필하모닉 오케스트라 통합(주최), 메이딧아트(주관)",,,"['안세권', '김동현', '유성녀', '최형배']",['김봉미'],"['안세권', '김동현', '유성녀', '최형배']",['김봉미'],189,"['서커스/마술', '대중무용']","[-0.00010716341057559475, -10.221565246582031]",서커스/마술 + 대중무용
젊은 예술가 초청 시리즈,복합,복합,"김정은, 이정은, 김태리, 이고은, 김상우, 이성재, 이수연 등",,"소극장 산울림(주최), 소극장 산울림(주관), 극단 산울림(주최), 극단 산울림(주관)",,,"['김정은', '이정은', '김태리', '이고은', '김상우', '이성재', '이수연']",[],"['김정은', '이정은', '김태리', '이고은', '김상우', '이성재', '이수연']",[],190,"['연극', '대중음악']","[-6.23445157543756e-05, -10.640580177307129]",연극 + 대중음악
제32회 백제가요 정읍사문화제,복합,복합,"김용임, 강문경, 방서희 등",,"정읍시청(연지아트홀)(주최), 정읍사예술회관(주관)",,,"['김용임', '강문경', '방서희']",[],"['김용임', '강문경', '방서희']",[],191,"['연극', '대중음악']","[-7.009260298218578e-05, -10.494038581848145]",연극 + 대중음악
성희승 별별 이야기,복합,다원/융복합,성희승,,"경기아트센터(주최), 경기아트센터(주관)",,,['성희승'],[],['성희승'],[],192,"['대중음악', '뮤지컬']","[-6.210611172718927e-05, -10.603354454040527]",대중음악 + 뮤지컬
Drawing and POP [김제],복합,다원/융복합,,,"문화체육관광부(주최), 김제시(김제시청)(주관), 한국문화예술회관연합회(KoCACA)(주관)",,,[],[],[],[],193,"['뮤지컬', '연극']","[-5.245071224635467e-05, -10.808727264404297]",뮤지컬 + 연극
김영임 & 김용임과 함께하는 희희낙락 [용인],복합,복합,"김영임, 김용임, 고금성, 최예림",,"(재)용인문화재단(주관), 한국문화예술회관연합회(KoCACA)(주최)",,,"['김영임', '김용임', '고금성', '최예림']",[],"['김영임', '김용임', '고금성', '최예림']",[],194,"['연극', '대중음악']","[-5.1377883210079744e-05, -10.94331169128418]",연극 + 대중음악
화려한 조명이 나를 비출 때 [안산],복합,복합,,,"(재)안산문화재단(안산문화예술의전당)(주최), (재)안산문화재단(안산문화예술의전당)(주관)",,,[],[],[],[],195,"['연극', '대중음악']","[-7.545663538621739e-05, -10.483397483825684]",연극 + 대중음악
스토킹,복합,다원/융복합,"김현민, 홍지원, 권효정, 김하늘, 경찬솔, 손승욱, 백승훈 등","조인기, 신호철, 김하늘 등","극단 이인공감(주관), 극단 이인공감(주최)",,,"['김현민', '홍지원', '권효정', '김하늘', '경찬솔', '손승욱', '백승훈']","['조인기', '신호철', '김하늘']","['김현민', '홍지원', '권효정', '김하늘', '경찬솔', '손승욱', '백승훈']","['조인기', '신호철', '김하늘']",196,"['연극', '서커스/마술']","[-5.149708886165172e-05, -10.849747657775879]",연극 + 서커스/마술
벽을 뚫고 나온 꽃 [계양],복합,복합,,,"계양문화회관(인천광역시 계양구청)(주관), 한뫼국악예술단(주관), 한국문화예술회관연합회(KoCACA)(주최)",,,[],[],[],[],197,"['뮤지컬', '대중음악']","[-4.362964682513848e-05, -11.005752563476562]",뮤지컬 + 대중음악
아트로드 [용인],복합,복합,,,"(재)용인문화재단(주최), (재)용인문화재단(주관)",,,[],[],[],[],198,"['대중음악', '연극']","[-0.9557389616966248, -1.2820303440093994]",대중음악 + 연극
마디와 매듭 쇼케이스,복합,복합,"박기량, 김단우, 장서이, 김정수, 한지향, 김나리, 김무빈 등","배삼식, 최우정, 정영두","아시아문화원(제작사), 국립아시아문화전당(주최), 아시아문화원(주최), 국립아시아문화전당(주관), 아시아문화원(주관)",,,"['박기량', '김단우', '장서이', '김정수', '한지향', '김나리', '김무빈']","['배삼식', '최우정', '정영두']","['박기량', '김단우', '장서이', '김정수', '한지향', '김나리', '김무빈']","['배삼식', '최우정', '정영두']",199,"['대중음악', '연극']","[-0.9447154998779297, -1.3210738897323608]",대중음악 + 연극
같은공간 다른시간 [수원],복합,다원/융복합,신미리 등,,"경기아트센터(주최), 경기아트센터(주관)",,,['신미리'],[],['신미리'],[],200,"['대중음악', '연극']","[-0.941802442073822, -1.3055962324142456]",대중음악 + 연극
"안동문화예술의전당 브런치콘서트, 레젤 트리오: 여인의 향기 (10월)",복합,복합,"김재원, 최정현, 장우리, 김동우, 정승희",,"안동문화예술의전당 (평생학습원)(주관), 안동문화예술의전당 (평생학습원)(주최)",,,"['김재원', '최정현', '장우리', '김동우', '정승희']",[],"['김재원', '최정현', '장우리', '김동우', '정승희']",[],201,"['연극', '뮤지컬']","[-6.627816765103489e-05, -10.676006317138672]",연극 + 뮤지컬
"제60회 탐라문화제, 개막식",복합,복합,,,"제주특별자치도(주최), 한국예총 제주특별자치도연합회(주최), 탐라문화제추진위원회(주관)",,,[],[],[],[],202,"['뮤지컬', '대중음악']","[-3.969590397900902e-05, -11.129409790039062]",뮤지컬 + 대중음악
"제60회 탐라문화제, 회원단체 공연",복합,복합,,,"한국예총 제주특별자치도연합회(주최), 제주특별자치도(주최), 탐라문화제추진위원회(주관)",,,[],[],[],[],203,"['연극', '대중음악']","[-8.809178689261898e-05, -10.353404998779297]",연극 + 대중음악
두개의 눈,복합,다원/융복합,,,,,,[],[],[],[],204,"['연극', '대중음악']","[-7.521823135903105e-05, -10.54907512664795]",연극 + 대중음악
별 헤는 밤 빼앗긴 들에서 꽃처럼 침묵을 깨다 [세종],복합,복합,"조광석, 정은혜, 홍정윤, 김민지, 윤설미, 정영란, 현은서 등",,"문화체육관광부(주최), (사)공명(주관), (사)국어문화원연합회(주관)",,,"['조광석', '정은혜', '홍정윤', '김민지', '윤설미', '정영란', '현은서']",[],"['조광석', '정은혜', '홍정윤', '김민지', '윤설미', '정영란', '현은서']",[],205,"['뮤지컬', '연극']","[-4.2199197196168825e-05, -11.008305549621582]",뮤지컬 + 연극
"제60회 탐라문화제, 시상식 및 폐막공연",복합,복합,양지은 등,,"한국예총 제주특별자치도연합회(주최), 제주특별자치도(주최), 탐라문화제추진위원회(주관)",,,['양지은'],[],['양지은'],[],206,"['뮤지컬', '대중음악']","[-4.792098479811102e-05, -10.880232810974121]",뮤지컬 + 대중음악
Change Of Season 7,복합,복합,"박혜경, 최재호, 이유청, 하민우, 배형빈, 김다영, 한담희 등","황미숙, 조주원, 이현규 등",퍼포먼스그룹153(주최),,,"['박혜경', '최재호', '이유청', '하민우', '배형빈', '김다영', '한담희']","['황미숙', '조주원', '이현규']","['박혜경', '최재호', '이유청', '하민우', '배형빈', '김다영', '한담희']","['황미숙', '조주원', '이현규']",207,"['연극', '대중음악']","[-6.592056161025539e-05, -10.588294982910156]",연극 + 대중음악
MASK TOWEL DANCE for Orchestra,복합,복합,"김윤진, 권윤경, 한예진, 김주은, 손보리, 신유진, 유연주 등","정미선, 김세정, 이가영","NMK 한국으로부터의 새로운 음악(주최), 현대문화기획(주관)",,,"['김윤진', '권윤경', '한예진', '김주은', '손보리', '신유진', '유연주']","['정미선', '김세정', '이가영']","['김윤진', '권윤경', '한예진', '김주은', '손보리', '신유진', '유연주']","['정미선', '김세정', '이가영']",208,"['연극', '대중음악']","[-6.23445157543756e-05, -10.704426765441895]",연극 + 대중음악
친정엄마와 함께 감정 분리수거 [수원],복합,복합,"김용현, 함서율, 서지아, 김다예, 윤진웅, 조성태, 이재현",,"경기아트센터(주관), 경기아트센터(주최), 별난극단(제작사)",,,"['김용현', '함서율', '서지아', '김다예', '윤진웅', '조성태', '이재현']",[],"['김용현', '함서율', '서지아', '김다예', '윤진웅', '조성태', '이재현']",[],209,"['연극', '대중음악']","[-6.282132380874828e-05, -10.679840087890625]",연극 + 대중음악
타파21,복합,복합,,,,,,[],[],[],[],210,"['대중음악', '뮤지컬']","[-7.092700980138034e-05, -10.355835914611816]",대중음악 + 뮤지컬
"SPAF, 나는 그가 무겁다",복합,다원/융복합,윤종연,윤종연,"(재)예술경영지원센터(주관), 한국문화예술위원회(주최), (재)예술경영지원센터(주최)",,,['윤종연'],['윤종연'],['윤종연'],['윤종연'],211,"['연극', '대중음악']","[-7.748303323751315e-05, -10.53292179107666]",연극 + 대중음악
"토요 브런치 콘서트, Arts Combi [김포]",복합,다원/융복합,"김기경, 윤보애, 플리에 아트, 강천일, 김영은, 이서윤, 주희정 등",,"(재)김포문화재단(주최), (재)김포문화재단(주관)",,,"['김기경', '윤보애', '플리에 아트', '강천일', '김영은', '이서윤', '주희정']",[],"['김기경', '윤보애', '플리에 아트', '강천일', '김영은', '이서윤', '주희정']",[],212,"['연극', '대중음악']","[-8.034383063204587e-05, -10.440617561340332]",연극 + 대중음악
와일드 와일드,복합,복합,,"오준석, 최용진, 정석봉 등",,,,[],"['오준석', '최용진', '정석봉']",[],"['오준석', '최용진', '정석봉']",213,"['대중음악', '연극']","[-6.603976362384856e-05, -10.591658592224121]",대중음악 + 연극
프로코피에프의 음악동화: 피터와 늑대 [부산],복합,다원/융복합,,,"영도문화예술회관(주최), 영도문화예술회관(주관), 미래필하모니오케스트라(주최), 미래필하모니오케스트라(주관)",,,[],[],[],[],214,"['연극', '서커스/마술']","[-7.974783511599526e-05, -10.341175079345703]",연극 + 서커스/마술
세종의 꿈: 스물여둟짜랄의 신비,복합,복합,,"박순희, 김권섭, 김성민 등",(주)문화공감공존(주최),,,[],"['박순희', '김권섭', '김성민']",[],"['박순희', '김권섭', '김성민']",215,"['연극', '대중음악']","[-8.34430247778073e-05, -10.414460182189941]",연극 + 대중음악
나태주와 함께하는 신세계판타지,복합,다원/융복합,나태주 등,조윤혜,"비바츠예술매니지먼트(주최), 비바츠예술매니지먼트(주관), 비바츠예술매니지먼트(제작사), 비바츠예술매니지먼트(기획사)",,,['나태주'],['조윤혜'],['나태주'],['조윤혜'],216,"['뮤지컬', '대중음악']","[-5.686121585313231e-05, -10.629388809204102]",뮤지컬 + 대중음악
"The ART SPOT Series, 공간이 만든 공간",복합,복합,"황민왕, 이아람, 최인환, 김민영, 안정아, 유현준",,"(재)전통공연예술진흥재단(주최), 뮤지엄 SAN(주관)",,,"['황민왕', '이아람', '최인환', '김민영', '안정아', '유현준']",[],"['황민왕', '이아람', '최인환', '김민영', '안정아', '유현준']",[],217,"['연극', '서커스/마술']","[-5.3165931603871286e-05, -10.845640182495117]",연극 + 서커스/마술
명화 배달부,복합,복합,"도재혁, 민채홍, 한기태, 남강우, 강태훈, 박상수, 김형우 등","민채홍, 박검, 박서이 등",,,,"['도재혁', '민채홍', '한기태', '남강우', '강태훈', '박상수', '김형우']","['민채홍', '박검', '박서이']","['도재혁', '민채홍', '한기태', '남강우', '강태훈', '박상수', '김형우']","['민채홍', '박검', '박서이']",218,"['뮤지컬', '대중음악']","[-3.707340147229843e-05, -11.282208442687988]",뮤지컬 + 대중음악
이국정원 [김포],복합,다원/융복합,,,"(주)이앤에이그룹(주관), (재)김포문화재단(주최), 한국영상자료원(주최)",,,[],[],[],[],219,"['뮤지컬', '대중음악']","[-4.637133679352701e-05, -10.991291999816895]",뮤지컬 + 대중음악
IMAGE of MUSIC 이은결 Ⅹ 조재혁 [안동],복합,다원/융복합,"이은결, 조재혁",,"안동문화예술의전당 (평생학습원)(주최), 안동문화예술의전당 (평생학습원)(주관)",,,"['이은결', '조재혁']",[],"['이은결', '조재혁']",[],220,"['연극', '대중음악']","[-6.985420623095706e-05, -10.60633373260498]",연극 + 대중음악
THE 하랑콘서트: 끄적끄적,복합,복합,,,,,,[],[],[],[],221,"['뮤지컬', '서커스/마술']","[-3.755022044060752e-05, -11.1101713180542]",뮤지컬 + 서커스/마술
"서현진과 함께하는 브런치 콘서트, 춤출까요?: 광기, 무섭도록 아름다운 [인천]",복합,복합,서현진,"제환정, 손일훈","(재)인천광역시 부평구문화재단(부평아트센터)(주최), (재)인천광역시 부평구문화재단(부평아트센터)(주관)",,,['서현진'],"['제환정', '손일훈']",['서현진'],"['제환정', '손일훈']",222,"['뮤지컬', '연극']","[-4.3987260141875595e-05, -11.042998313903809]",뮤지컬 + 연극
갈매기의 꿈 [계룡],복합,다원/융복합,,,"계룡시청(주최), (사)한국힙합문화협회 중앙회(주관), (사)한국힙합문화협회 충남지회(주관)",,,[],[],[],[],223,"['서커스/마술', '연극']","[-0.00018916724366135895, -9.715259552001953]",서커스/마술 + 연극
월드뮤직그룹 공명 & 비보이 & 전통무용의 콜라보 콘서트,복합,복합,"강선일, 박승원, 송경근, 임용주, 고성주, 김차돌, 김슬기 등",,"한국문화예술회관연합회(KoCACA)(주최), 김천시문화예술회관(주관)",,,"['강선일', '박승원', '송경근', '임용주', '고성주', '김차돌', '김슬기']",[],"['강선일', '박승원', '송경근', '임용주', '고성주', '김차돌', '김슬기']",[],224,"['뮤지컬', '대중음악']","[-4.8397800128441304e-05, -10.839247703552246]",뮤지컬 + 대중음악
문화를 꿈꾸며 삶을 노래하며,복합,복합,"김세은, 김성현, 고민수, 이정우, 강정은, 김경아, 이다연 등",,"서귀포예술의전당(주관), 서귀포예술의전당(주최)",,,"['김세은', '김성현', '고민수', '이정우', '강정은', '김경아', '이다연']",[],"['김세은', '김성현', '고민수', '이정우', '강정은', '김경아', '이다연']",[],225,"['연극', '대중음악']","[-0.00013565097469836473, -9.779170036315918]",연극 + 대중음악
"플러스: 강권순X송홍섭 앙상블, 이희문과 프렐류드",복합,복합,"강권순, 송홍섭, 서수진, 박은선, 이희문, 고희안, 최진배 등",,국립국악원(주최),,,"['강권순', '송홍섭', '서수진', '박은선', '이희문', '고희안', '최진배']",[],"['강권순', '송홍섭', '서수진', '박은선', '이희문', '고희안', '최진배']",[],226,"['연극', '대중음악']","[-7.60526381782256e-05, -10.478704452514648]",연극 + 대중음악
With CAD,복합,복합,"홍승현, 윤대웅, 오승우, 이은빈, 이재경, 강현채, 여성은 등",,"무용협동조합연합회(주최), 무용협동조합연합회(주관)",,,"['홍승현', '윤대웅', '오승우', '이은빈', '이재경', '강현채', '여성은']",[],"['홍승현', '윤대웅', '오승우', '이은빈', '이재경', '강현채', '여성은']",[],227,"['뮤지컬', '대중음악']","[-4.3748852476710454e-05, -10.943074226379395]",뮤지컬 + 대중음악
1687,복합,복합,"추세령, 김승현, 김민지, 강대현 등","안상화, 김채린, 지석영 등","댄스무아(DanceMUA)(주최), 댄스무아(DanceMUA)(주관)",,,"['추세령', '김승현', '김민지', '강대현']","['안상화', '김채린', '지석영']","['추세령', '김승현', '김민지', '강대현']","['안상화', '김채린', '지석영']",228,"['뮤지컬', '연극']","[-3.790783375734463e-05, -11.168885231018066]",뮤지컬 + 연극
풍문속으로 사라진 꾼들: IT를 입고 부활하다 [부산],복합,다원/융복합,"이영주, 오장욱, 김인기, 김영진, 구본진, 전민규, 박진성 등",박준영,"페트라 아트 랩(주최), 페트라 아트 랩(주관)",,,"['이영주', '오장욱', '김인기', '김영진', '구본진', '전민규', '박진성']",['박준영'],"['이영주', '오장욱', '김인기', '김영진', '구본진', '전민규', '박진성']",['박준영'],229,"['대중음악', '뮤지컬']","[-6.4490144723095e-05, -10.685059547424316]",대중음악 + 뮤지컬
더 쉐도우 [수원],복합,다원/융복합,"임하람, 이정현, 양시온, 김유희, 신유진, 정회훈","여성구, 박종화, 이상윤 등","매직플레이(제작사), 경기아트센터(주최)",,,"['임하람', '이정현', '양시온', '김유희', '신유진', '정회훈']","['여성구', '박종화', '이상윤']","['임하람', '이정현', '양시온', '김유희', '신유진', '정회훈']","['여성구', '박종화', '이상윤']",230,"['뮤지컬', '대중음악']","[-4.660974445869215e-05, -10.829813003540039]",뮤지컬 + 대중음악
김영임 & 김용임과 함께하는 희희낙락 [보령],복합,복합,"김영임, 김용임, 고금성, 전영랑",,"보령시청(주관), 한국문화예술회관연합회(KoCACA)(주최)",,,"['김영임', '김용임', '고금성', '전영랑']",[],"['김영임', '김용임', '고금성', '전영랑']",[],231,"['연극', '서커스/마술']","[-5.9602869441732764e-05, -10.727779388427734]",연극 + 서커스/마술
동물의 사육제 [의정부],복합,복합,,,극단 상상마당컴퍼니(주최),,,[],[],[],[],232,"['대중음악', '뮤지컬']","[-5.876845170860179e-05, -10.63020133972168]",대중음악 + 뮤지컬
중구 어린이와 함께하는 코로나 극복 희망콘서트 1부,복합,복합,이상돈 등,,"인천광역시 중구청(주최), 인천광역시 중구청(주관)",,,['이상돈'],[],['이상돈'],[],233,"['뮤지컬', '연극']","[-3.9219088648678735e-05, -11.133293151855469]",뮤지컬 + 연극
처음인 오늘,복합,복합,,,"세겹줄누리(주최), 세겹줄누리(주관)",,,[],[],[],[],234,"['대중음악', '뮤지컬']","[-4.494089080253616e-05, -11.043952941894531]",대중음악 + 뮤지컬
중구 어린이와 함께하는 코로나 극복 희망콘서트 2부,복합,복합,,,"인천광역시 중구청(주최), 인천광역시 중구청(주관)",,,[],[],[],[],235,"['서커스/마술', '연극']","[-0.0001668790791882202, -9.78297233581543]",서커스/마술 + 연극
IMAGE of MUSIC 이은결 Ⅹ 조재혁 [의정부],복합,복합,"이은결, 조재혁","구봉관, 정아람, 박웅 등","(재)의정부문화재단 (의정부예술의전당)(주최), (재)의정부문화재단 (의정부예술의전당)(주관)",,,"['이은결', '조재혁']","['구봉관', '정아람', '박웅']","['이은결', '조재혁']","['구봉관', '정아람', '박웅']",236,"['연극', '서커스/마술']","[-5.531158240046352e-05, -10.79202938079834]",연극 + 서커스/마술
쇼팽: 음악적 독립투사 이야기,복합,복합,"김기경, 황기석, 박경주 ,신현묵",,,,,"['김기경', '황기석', '박경주', '신현묵']",[],"['김기경', '황기석', '박경주', '신현묵']",[],237,"['뮤지컬', '연극']","[-2.95634672511369e-05, -11.464518547058105]",뮤지컬 + 연극
음악에 날다 [고양],복합,복합,,,"예술기획 파홀로(주관), 제비회(주최)",,,[],[],[],[],238,"['연극', '대중음악']","[-9.035655966727063e-05, -10.265825271606445]",연극 + 대중음악
가무악 길 [세종],복합,다원/융복합,"인현정, 임성해, 김보경, 최여진, 강연지, 병가온, 지유진 등","조성환, 김영덕 등",유진예술기획(주최),,,"['인현정', '임성해', '김보경', '최여진', '강연지', '병가온', '지유진']","['조성환', '김영덕']","['인현정', '임성해', '김보경', '최여진', '강연지', '병가온', '지유진']","['조성환', '김영덕']",239,"['뮤지컬', '대중음악']","[-3.707340147229843e-05, -11.17672061920166]",뮤지컬 + 대중음악
리듬 오브 코리아 [함양],복합,복합,,,"문화체육관광부(주관), 한국문화예술회관연합회(KoCACA)(주관), 한국문화예술위원회(주관), 함양군(주관), 진조크루(주관), 문화체육관광부(주최), 한국문화예술회관연합회(KoCACA)(주최), 한국문화예술위원회(주최), 함양군(주최), 진조크루(주최)",,,[],[],[],[],240,"['연극', '대중음악']","[-8.880697714630514e-05, -10.395256996154785]",연극 + 대중음악
천문대에 피아노가 떨어졌다,복합,다원/융복합,"김록운, 지웅배, 천윤수",,아트에이드융합예술연구소(주최),,,"['김록운', '지웅배', '천윤수']",[],"['김록운', '지웅배', '천윤수']",[],241,"['뮤지컬', '대중음악']","[-4.6967357775429264e-05, -10.857613563537598]",뮤지컬 + 대중음악
미스테리우스 [해남],복합,복합,,,해남문화예술회관(주최),,,[],[],[],[],242,"['연극', '대중음악']","[-7.843663479434326e-05, -10.5546875]",연극 + 대중음악
KBS진주방송국과 함께하는 윤지원의 렉쳐콘서트,복합,다원/융복합,"윤지원, 정용도, 하범석, 윤종수, 전유정, 김대호, 홍찬미 등",,"아트컴플렉스(주관), KBS 진주방송국(주최)",,,"['윤지원', '정용도', '하범석', '윤종수', '전유정', '김대호', '홍찬미']",[],"['윤지원', '정용도', '하범석', '윤종수', '전유정', '김대호', '홍찬미']",[],243,"['뮤지컬', '연극']","[-5.543078441405669e-05, -10.712387084960938]",뮤지컬 + 연극
클림트&뮤직 콘서트 [음성],복합,다원/융복합,"정우철, 박진우, 김재원, 석현수",,"한국문화예술회관연합회(KoCACA)(주최), 음성군청(주관), (주)앰버린(주관)",,,"['정우철', '박진우', '김재원', '석현수']",[],"['정우철', '박진우', '김재원', '석현수']",[],244,"['대중음악', '연극']","[-0.9198055863380432, -1.3251631259918213]",대중음악 + 연극
천문대에 피아노가 떨어졌다 [선릉],복합,다원/융복합,"김록운, 지웅배, 천윤수",,아트에이드융합예술연구소(주최),,,"['김록운', '지웅배', '천윤수']",[],"['김록운', '지웅배', '천윤수']",[],245,"['뮤지컬', '연극']","[-5.435795901576057e-05, -10.699707984924316]",뮤지컬 + 연극
삼성현 열린 가족콘서트 [경산],복합,복합,"윤희식, 신유식 등",,"삼성현역사문화공원(주관), 경산시청(주최)",,,"['윤희식', '신유식']",[],"['윤희식', '신유식']",[],246,"['대중음악', '연극']","[-0.9493638873100281, -1.2944564819335938]",대중음악 + 연극
클래식 샌드아트와 함께하는 나의 소원은,복합,다원/융복합,"김아진, 김하린, 박성신, 김지연, 구태완, 방휘, 임병욱 등",,"부평필하모닉 오케스트라(주최), 부평필하모닉 오케스트라(주관)",,,"['김아진', '김하린', '박성신', '김지연', '구태완', '방휘', '임병욱']",[],"['김아진', '김하린', '박성신', '김지연', '구태완', '방휘', '임병욱']",[],247,"['뮤지컬', '대중음악']","[-3.8265450712060556e-05, -11.24398422241211]",뮤지컬 + 대중음악
바람은 소리없이.. 두번째 이야기: 자유의 초상,복합,복합,,,,,,[],[],[],[],248,"['뮤지컬', '대중음악']","[-4.565611743601039e-05, -10.883859634399414]",뮤지컬 + 대중음악
"서현진과 함께하는 브런치 콘서트, 춤출까요?: 우리 안의 아이에게, 호두까기 인형 [인천]",복합,복합,서현진,"제환정, 손일훈","(재)인천광역시 부평구문화재단(부평아트센터)(주최), (재)인천광역시 부평구문화재단(부평아트센터)(주관)",,,['서현진'],"['제환정', '손일훈']",['서현진'],"['제환정', '손일훈']",249,"['뮤지컬', '대중음악']","[-4.565611743601039e-05, -10.87192440032959]",뮤지컬 + 대중음악
열린음악회 [창녕],복합,복합,"박옥경, 배진아, 유희연, 구태진, 박민호, 최준우, 정진순 등",,"문화체육관광부(주최), 한국문화예술회관연합회(KoCACA)(주관), 창녕군청(창녕문화예술회관)(주관)",,,"['박옥경', '배진아', '유희연', '구태진', '박민호', '최준우', '정진순']",[],"['박옥경', '배진아', '유희연', '구태진', '박민호', '최준우', '정진순']",[],250,"['뮤지컬', '대중음악']","[-2.169585604860913e-05, -11.846961975097656]",뮤지컬 + 대중음악
제5회 대구국제컴퓨터음악제,복합,다원/융복합,,,다매체예술단 ARS(주최),,,[],[],[],[],251,"['연극', '대중음악']","[-7.509902934543788e-05, -10.546804428100586]",연극 + 대중음악
그림자극으로 만나는 비발디의 사계 [울산],복합,다원/융복합,,,"한국문화예술회관연합회(KoCACA)(주최), 울산광역시 중구문화의전당(주관)",,,[],[],[],[],252,"['뮤지컬', '연극']","[-3.9934315282152966e-05, -11.138090133666992]",뮤지컬 + 연극
눈으로 보이지 않는 마음의 소리 [의정부],복합,복합,"박선기, 도희선, 정한나, 이규철, 이정현, 김형걸, 김은애 등",,(재)의정부문화재단 (의정부예술의전당)(주최),,,"['박선기', '도희선', '정한나', '이규철', '이정현', '김형걸', '김은애']",[],"['박선기', '도희선', '정한나', '이규철', '이정현', '김형걸', '김은애']",[],253,"['뮤지컬', '연극']","[-5.209310256759636e-05, -10.70948314666748]",뮤지컬 + 연극
Color of winter,복합,다원/융복합,,,,,,[],[],[],[],254,"['뮤지컬', '대중음악']","[-4.410646579344757e-05, -10.977922439575195]",뮤지컬 + 대중음악
시시딱딱,복합,다원/융복합,"이동준, 장주희, 박슬종, 정지현, 이동준, 유재영, 안혜진 등","이동준, 유재헌, 이정현 등","(주)라이브아레나(주관), (주)라이브아레나(기획사), (주)라이브아레나(제작사)",,,"['이동준', '장주희', '박슬종', '정지현', '이동준', '유재영', '안혜진']","['이동준', '유재헌', '이정현']","['이동준', '장주희', '박슬종', '정지현', '이동준', '유재영', '안혜진']","['이동준', '유재헌', '이정현']",255,"['서커스/마술', '대중무용']","[-0.00018261195509694517, -9.330876350402832]",서커스/마술 + 대중무용
하나카드와 함께하는 예술기부 스페셜 콘서트: Dear.Me : 친애하는 나에게,복합,복합,"김주원, 정영재, 김현웅, 한상일, 박윤우 등","김성훈, 정윤민",예술의전당(주최),,,"['김주원', '정영재', '김현웅', '한상일', '박윤우']","['김성훈', '정윤민']","['김주원', '정영재', '김현웅', '한상일', '박윤우']","['김성훈', '정윤민']",256,"['서커스/마술', '대중무용']","[-0.00015817821258679032, -9.822691917419434]",서커스/마술 + 대중무용
무용詩 낭송회 [춘천],복합,복합,"김다솔, 박용우, 김아론, 김주영, 조윤영, 윤애람, 권교혁 등","윤혜정, 전상영, 강상민 등","강원도청(주최), 강원도립무용단(주관)",,,"['김다솔', '박용우', '김아론', '김주영', '조윤영', '윤애람', '권교혁']","['윤혜정', '전상영', '강상민']","['김다솔', '박용우', '김아론', '김주영', '조윤영', '윤애람', '권교혁']","['윤혜정', '전상영', '강상민']",257,"['대중음악', '뮤지컬']","[-5.769562994828448e-05, -10.653943061828613]",대중음악 + 뮤지컬
미스테리우스 [인천],복합,다원/융복합,"권순민, 차현성, 여인규, 문진홍, 김동현, 김경민, 권태성 등","이종민, 박종훈, 김현섭 등","한국문화예술회관연합회(KoCACA)(주최), (재)인천서구문화재단(주최), 구니스컴퍼니(더구니스 크루)(주최)",,,"['권순민', '차현성', '여인규', '문진홍', '김동현', '김경민', '권태성']","['이종민', '박종훈', '김현섭']","['권순민', '차현성', '여인규', '문진홍', '김동현', '김경민', '권태성']","['이종민', '박종훈', '김현섭']",258,"['서커스/마술', '대중무용']","[-0.00017641419253777713, -9.654444694519043]",서커스/마술 + 대중무용
"제33회 고양행주문화제, 행주 코로나19 국난극복 여민락 콘서트 [아람누리]",복합,복합,"김진산, 송영주, 한상원, 박승화, 정수라 등",,"고양시청(주최), (재)고양문화재단(주관), 고양문화원(주관)",,,"['김진산', '송영주', '한상원', '박승화', '정수라']",[],"['김진산', '송영주', '한상원', '박승화', '정수라']",[],259,"['뮤지컬', '대중음악']","[-4.494089080253616e-05, -10.933849334716797]",뮤지컬 + 대중음악
"제33회 고양행주문화제, 행주 코로나19 국난극복 여민락 콘서트 [어울림누리]",복합,복합,"김주영, 김효영, 조윤성, 최우준, 홍서범, 박강성 등",,"(재)고양문화재단(주관), 고양시청(주최), 고양문화원(주관)",,,"['김주영', '김효영', '조윤성', '최우준', '홍서범', '박강성']",[],"['김주영', '김효영', '조윤성', '최우준', '홍서범', '박강성']",[],260,"['뮤지컬', '대중음악']","[-5.578839045483619e-05, -10.674633979797363]",뮤지컬 + 대중음악
나태주와 함께하는 신세계판타지 [천안],복합,다원/융복합,나태주 등,"조윤혜, 박성룡, 김수한 등","비바츠예술매니지먼트(기획사), 비바츠예술매니지먼트(제작사), 비바츠예술매니지먼트(주관), 비바츠예술매니지먼트(주최)",,,['나태주'],"['조윤혜', '박성룡', '김수한']",['나태주'],"['조윤혜', '박성룡', '김수한']",261,"['뮤지컬', '대중음악']","[-5.221230458118953e-05, -10.791504859924316]",뮤지컬 + 대중음악
"클래식인문학특강1, 조희창의 러시아 피아노 음악이야기",복합,복합,,,"안동문화예술의전당 (평생학습원)(주최), 안동문화예술의전당 (평생학습원)(주관)",,,[],[],[],[],262,"['대중음악', '뮤지컬']","[-4.684815212385729e-05, -11.040108680725098]",대중음악 + 뮤지컬
쏘울브릿지 기획공연: 단사 에스파뇰,복합,복합,"박은희, 최지연, 배호신",,"쏘울브릿지(주최), 쏘울브릿지(주관)",,,"['박은희', '최지연', '배호신']",[],"['박은희', '최지연', '배호신']",[],263,"['대중음악', '뮤지컬']","[-6.12716976320371e-05, -10.678656578063965]",대중음악 + 뮤지컬
unCERTAINTY 서수진 단독공연 (Feat.Coloris Trio x 정수동 x Park 8),복합,복합,"서수진, 김영후, 강재훈, 정수동, 신이안, 강예람 등",,"CJ문화재단(주최), (주)비이피씨탄젠트(주관)",,,"['서수진', '김영후', '강재훈', '정수동', '신이안', '강예람']",[],"['서수진', '김영후', '강재훈', '정수동', '신이안', '강예람']",[],264,"['뮤지컬', '연극']","[-4.708655978902243e-05, -10.884939193725586]",뮤지컬 + 연극
"클래식인문학특강2, 미술과 음악이 함께하는 장일범의 전시회의 그림 렉쳐 콘서트",복합,다원/융복합,장일범,,"안동문화예술의전당 (평생학습원)(주최), 안동문화예술의전당 (평생학습원)(주관)",,,['장일범'],[],['장일범'],[],265,"['연극', '대중음악']","[-7.283422019099817e-05, -10.535386085510254]",연극 + 대중음악
악가무서화 X 춤추는 미술관,복합,복합,"공인설, 한새영, 차혜림, 이성희, 이민영, 유가희, 최민서 등","박지훈, 이준학, 손지영 등",갬블러크루 (Gamblerz Crew)(주최),,,"['공인설', '한새영', '차혜림', '이성희', '이민영', '유가희', '최민서']","['박지훈', '이준학', '손지영']","['공인설', '한새영', '차혜림', '이성희', '이민영', '유가희', '최민서']","['박지훈', '이준학', '손지영']",266,"['연극', '대중음악']","[-8.701899787411094e-05, -10.208273887634277]",연극 + 대중음악
여수 시립예술단과 함께하는 송년음악회,복합,복합,,,여수시청(),,,[],[],[],[],267,"['뮤지컬', '대중음악']","[-5.435795901576057e-05, -10.719001770019531]",뮤지컬 + 대중음악
Adieu 송년음악회 [대구],복합,복합,"백진현, 조선형, 이병삼, 김세현, 김다현 등",,"(재)대구광역시 동구문화재단(주최), 아양아트센터(주최), 대구스트링스심포니오케스트라(주최)",,,"['백진현', '조선형', '이병삼', '김세현', '김다현']",[],"['백진현', '조선형', '이병삼', '김세현', '김다현']",[],268,"['뮤지컬', '연극']","[-5.173549288883805e-05, -10.830647468566895]",뮤지컬 + 연극
청청 PASSION 제,복합,복합,,,제주특별자치도 문화예술진흥원(주최),,,[],[],[],[],269,"['연극', '서커스/마술']","[-7.199982064776123e-05, -10.555773735046387]",연극 + 서커스/마술
"최정주의 아트앤뮤직 큐레이션, 위대한 예술가 시리즈: Viva La Vida 프리다 칼로",복합,다원/융복합,최정주,,마리아칼라스홀(주최),,,['최정주'],[],['최정주'],[],270,"['뮤지컬', '대중음악']","[-3.838465272565372e-05, -11.167458534240723]",뮤지컬 + 대중음악
안산시립예술단 특별기획공연: Winter Concert,복합,복합,,,"안산시청(주최), 안산시청(주관)",,,[],[],[],[],271,"['뮤지컬', '대중음악']","[-4.184158387943171e-05, -10.973894119262695]",뮤지컬 + 대중음악
Chair Table Chair,복합,복합,"김희영, 최대성, 우석훈, 임동주, 심재성, 김한상 등","김희명, 최대성, 우석훈 등","팀 퍼니스트(제작사), 동래문화회관(주관), 팀 퍼니스트(주관), 한국문화예술회관연합회(KoCACA)(주최)",,,"['김희영', '최대성', '우석훈', '임동주', '심재성', '김한상']","['김희명', '최대성', '우석훈']","['김희영', '최대성', '우석훈', '임동주', '심재성', '김한상']","['김희명', '최대성', '우석훈']",272,"['뮤지컬', '대중음악']","[-4.136476854910143e-05, -10.990642547607422]",뮤지컬 + 대중음악
크리스마스 캐롤 [부산],복합,다원/융복합,이기선 등,"김지용, 백현주, 이정윤","부산시립예술단(주관), (재)부산문화회관(주최)",,,['이기선'],"['김지용', '백현주', '이정윤']",['이기선'],"['김지용', '백현주', '이정윤']",273,"['뮤지컬', '대중음악']","[-4.851700214203447e-05, -10.955839157104492]",뮤지컬 + 대중음악
별세계 [제주],복합,다원/융복합,,,(사)전통예술공연개발원 마로(주최),,,[],[],[],[],274,"['대중음악', '뮤지컬']","[-6.90197994117625e-05, -10.41526985168457]",대중음악 + 뮤지컬
허풍선이 클래식 우주판타스틱쇼 [과천],복합,다원/융복합,,,(주)그래피직스(주최),,,[],[],[],[],275,"['뮤지컬', '대중음악']","[-3.4450891689630225e-05, -11.35247802734375]",뮤지컬 + 대중음악
크리스마스 콘서트 [대구],복합,복합,"이희랑, 홍영은, 김다영, 김유리, 최승주, 김유진, 권혁민 등","송성훈, 이근, 남화진 등","대구광역시 서구문화회관(주최), 대구광역시 서구문화회관(주관), 프리소울컴퍼니(주최), 프리소울컴퍼니(주관)",,,"['이희랑', '홍영은', '김다영', '김유리', '최승주', '김유진', '권혁민']","['송성훈', '이근', '남화진']","['이희랑', '홍영은', '김다영', '김유리', '최승주', '김유진', '권혁민']","['송성훈', '이근', '남화진']",276,"['연극', '대중음악']","[-6.222531374078244e-05, -10.766777992248535]",연극 + 대중음악
굿: 마른오구,복합,복합,"김미숙, 이석현, 나헤영, 이민영, 서상현, 박영성, 문용식 등","김남진, 이상훈, 이희자 등","공연기획 MCT(주관), 댄스씨어터 창(주최)",,,"['김미숙', '이석현', '나헤영', '이민영', '서상현', '박영성', '문용식']","['김남진', '이상훈', '이희자']","['김미숙', '이석현', '나헤영', '이민영', '서상현', '박영성', '문용식']","['김남진', '이상훈', '이희자']",277,"['뮤지컬', '연극']","[-5.6622808187967166e-05, -10.651667594909668]",뮤지컬 + 연극
와일드 와일드,복합,복합,,"오준석, 최용진, 정석봉 등",,,,[],"['오준석', '최용진', '정석봉']",[],"['오준석', '최용진', '정석봉']",278,"['연극', '뮤지컬']","[-7.819823804311454e-05, -10.461688995361328]",연극 + 뮤지컬
虎氣: 범의 기운,복합,복합,"정지혜, 정보권, 양소민 등","이기쁨, 고동욱, 신동선 등","(재)국립정동극장(주최), (재)국립정동극장(제작사)",,,"['정지혜', '정보권', '양소민']","['이기쁨', '고동욱', '신동선']","['정지혜', '정보권', '양소민']","['이기쁨', '고동욱', '신동선']",279,"['연극', '서커스/마술']","[-6.97350042173639e-05, -10.679010391235352]",연극 + 서커스/마술
라이트 드로잉쇼 [의정부],복합,다원/융복합,,,극단 상상마당컴퍼니(주최),,,[],[],[],[],280,"['뮤지컬', '대중음악']","[-4.541770613286644e-05, -10.951395988464355]",뮤지컬 + 대중음악
어린왕자 [부산],복합,복합,,,GS엔터테인먼트(주최),,,[],[],[],[],281,"['대중음악', '뮤지컬']","[-4.9470632802695036e-05, -10.902751922607422]",대중음악 + 뮤지컬
용인특례시 출범 전야제: 다시 새롭게 특례시 용인,복합,복합,"방성호, 함영선, 하지아, 심현경, 김연자, 이봉근, 유태평양 등",,"(재)용인문화재단(주관), (재)용인문화재단(주최)",,,"['방성호', '함영선', '하지아', '심현경', '김연자', '이봉근', '유태평양']",[],"['방성호', '함영선', '하지아', '심현경', '김연자', '이봉근', '유태평양']",[],282,"['대중음악', '뮤지컬']","[-7.283422019099817e-05, -10.521720886230469]",대중음악 + 뮤지컬
다크필드: FLIGHT,복합,다원/융복합,,"서미정, 김혜리, 김희수 등",(재)우란문화재단(),,,[],"['서미정', '김혜리', '김희수']",[],"['서미정', '김혜리', '김희수']",283,"['뮤지컬', '연극']","[-4.088794958079234e-05, -11.089473724365234]",뮤지컬 + 연극
레이져 홀로그램쇼 [인천],복합,다원/융복합,,,아띠홀(주최),,,[],[],[],[],284,"['뮤지컬', '대중음악']","[-4.994744449504651e-05, -10.901416778564453]",뮤지컬 + 대중음악
울산공업센터 지정 60주년 기념 신년음악회: 앙코르! 울산 1962,복합,복합,"김대영, 민들레 등",,"울산광역시청(주최), 울산문화예술회관(주관)",,,"['김대영', '민들레']",[],"['김대영', '민들레']",[],285,"['뮤지컬', '대중음악']","[-3.075552376685664e-05, -11.388687133789062]",뮤지컬 + 대중음악
"라이트드로잉쇼, 오로라의 환상여행",복합,다원/융복합,,,극단 상상마당컴퍼니(주최),,,[],[],[],[],286,"['연극', '대중음악']","[-9.917721035890281e-05, -10.17430305480957]",연극 + 대중음악
"DAC플러스스테이지, 찾아오는 공연",복합,복합,"김준태, 손재명, 김다나 등",,대구시립예술단(주최),,,"['김준태', '손재명', '김다나']",[],"['김준태', '손재명', '김다나']",[],287,"['뮤지컬', '연극']","[-5.638440416078083e-05, -10.661674499511719]",뮤지컬 + 연극
토요국악동화,복합,복합,,,국립국악원(주최),,,[],[],[],[],288,"['연극', '대중음악']","[-7.438383181579411e-05, -10.429723739624023]",연극 + 대중음악
Eternal Moments 영원한 순간,복합,복합,"김웅식, 유홍, 강지은, 이화영, 황환희, 김도현, 강승민","강지은, 오영훈, 최인숙 등","왓와이아트(주최), 왓와이아트(주관), 왓와이아트(제작사)",,,"['김웅식', '유홍', '강지은', '이화영', '황환희', '김도현', '강승민']","['강지은', '오영훈', '최인숙']","['김웅식', '유홍', '강지은', '이화영', '황환희', '김도현', '강승민']","['강지은', '오영훈', '최인숙']",289,"['뮤지컬', '연극']","[-3.862306402879767e-05, -11.207250595092773]",뮤지컬 + 연극
NU PUNK IS HIPHOP,복합,복합,,,리브레호벤(LIBREJOVEN)(주최),,,[],[],[],[],290,"['대중음악', '연극']","[-0.9456310868263245, -1.3206422328948975]",대중음악 + 연극
새로운 시작 새로운 희망 콘서트,복합,복합,"우명선, 여경민, 양지민, 송성훈, 전대은, 정도영, 박근우 등",,"(재)거창문화재단(주최), COMPANY.F.S(FREE SOUL)(주최), (재)거창문화재단(주관), COMPANY.F.S(FREE SOUL)(주관)",,,"['우명선', '여경민', '양지민', '송성훈', '전대은', '정도영', '박근우']",[],"['우명선', '여경민', '양지민', '송성훈', '전대은', '정도영', '박근우']",[],291,"['대중음악', '연극']","[-0.9489001631736755, -1.2791142463684082]",대중음악 + 연극
제40회 파주시립예술단 신년음악회: Begin Aagain,복합,복합,"정성욱, 고영열 등",,"파주시청(주최), 파주시시립예술단(주관)",,,"['정성욱', '고영열']",[],"['정성욱', '고영열']",[],292,"['연극', '대중음악']","[-7.426462980220094e-05, -10.483522415161133]",연극 + 대중음악
소리꾼 고영열 & 조윤성 트리오의 JAZZ IN NANBONGA,복합,복합,"고영열, 황호규, 조윤성, 신동진",,"(주)애영(주최), (주)애영(주관)",,,"['고영열', '황호규', '조윤성', '신동진']",[],"['고영열', '황호규', '조윤성', '신동진']",[],293,"['뮤지컬', '대중음악']","[-5.209310256759636e-05, -10.71811580657959]",뮤지컬 + 대중음악
"방방곡곡 페스타, 코카카와 함께 하는 일상회복 힐링콘서트: 희망의 다리를 놓다 (2.20)",복합,복합,김이곤 등,,"한국문화예술회관연합회(KoCACA)(주최), 한국문화예술회관연합회(KoCACA)(주관)",,,['김이곤'],[],['김이곤'],[],294,"['뮤지컬', '연극']","[-5.23315102327615e-05, -10.889944076538086]",뮤지컬 + 연극
"안동윈터아트페스티벌, 안동아코디언동호회 & 웅부실버악단 크로스오버 신바람콘서트 [안동]",복합,복합,,,안동문화예술의전당 (평생학습원)(주최),,,[],[],[],[],295,"['연극', '대중음악']","[-6.997340824455023e-05, -10.609291076660156]",연극 + 대중음악
"방방곡곡 페스타, 코카카와 함께 하는 일상회복 힐링콘서트: 희망의 다리를 놓다 (2.21)",복합,복합,송영민 등,,"한국문화예술회관연합회(KoCACA)(주최), 한국문화예술회관연합회(KoCACA)(주관)",,,['송영민'],[],['송영민'],[],296,"['뮤지컬', '대중음악']","[-5.090107151772827e-05, -10.814330101013184]",뮤지컬 + 대중음악
"방방곡곡 페스타, 코카카와 함께 하는 일상회복 힐링콘서트: 희망의 다리를 놓다 (2.22)",복합,복합,"손범수, 송사비, 김광현, 이예린, 김현정, 고상진, 최문석 등",,"한국문화예술회관연합회(KoCACA)(주최), 한국문화예술회관연합회(KoCACA)(주관)",,,"['손범수', '송사비', '김광현', '이예린', '김현정', '고상진', '최문석']",[],"['손범수', '송사비', '김광현', '이예린', '김현정', '고상진', '최문석']",[],297,"['대중음악', '연극']","[-0.9159424901008606, -1.3149970769882202]",대중음악 + 연극
어린이예술아카데미 발표회 (2부),복합,복합,"김리해, 김지민, 김해나, 류하영, 박지안, 박태한, 서주은 등",,"(재)행복북구문화재단(주최), (재)행복북구문화재단(주관)",,,"['김리해', '김지민', '김해나', '류하영', '박지안', '박태한', '서주은']",[],"['김리해', '김지민', '김해나', '류하영', '박지안', '박태한', '서주은']",[],298,"['연극', '대중음악']","[-7.402622577501461e-05, -10.553140640258789]",연극 + 대중음악
"Spring Baroque, 댄싱 바로크",복합,복합,"조성연, 마르친 스비아트키에비츠, 서일영, 정지혜",,"(주)메이지프로덕션(주관), (주)메이지프로덕션(주최)",,,"['조성연', '마르친 스비아트키에비츠', '서일영', '정지혜']",[],"['조성연', '마르친 스비아트키에비츠', '서일영', '정지혜']",[],299,"['뮤지컬', '대중음악']","[-5.0424259825376794e-05, -10.709768295288086]",뮤지컬 + 대중음악
"그림 읽어주는 베토벤, 마네&모네 [부산]",복합,다원/융복합,조숙현 등,임용순,"좋은사람들(주최), 좋은사람들(주관), 아이에이치컬쳐(IH Culture)(주관)",,,['조숙현'],['임용순'],['조숙현'],['임용순'],300,"['연극', '서커스/마술']","[-6.639736966462806e-05, -10.676676750183105]",연극 + 서커스/마술
"보이는 클래식, 들리는 미술",복합,다원/융복합,"이소영, 김홍연, 박주경, 전혜성, 방지성, 최한결, 김승원",,"에티카 앙상블(주최), 에티카 앙상블(주관), (재)세종문화회관(주최), (재)세종문화회관(주관)",,,"['이소영', '김홍연', '박주경', '전혜성', '방지성', '최한결', '김승원']",[],"['이소영', '김홍연', '박주경', '전혜성', '방지성', '최한결', '김승원']",[],301,"['연극', '대중음악']","[-7.974783511599526e-05, -10.425492286682129]",연극 + 대중음악
고양특례시 출범 지역 예술인 축하콘서트,복합,복합,"이범학, 김나연, 문채윤, 이세은 등",,(재)고양문화재단(주최),,,"['이범학', '김나연', '문채윤', '이세은']",[],"['이범학', '김나연', '문채윤', '이세은']",[],302,"['뮤지컬', '대중음악']","[-3.85038583772257e-05, -11.12777042388916]",뮤지컬 + 대중음악
새로운 시작을 위한 힐링콘서트: 탠텀&퀸 The magic [순천],복합,복합,"김주택, 유성녀, 최형배, 장하은, 김봉미 등",,"순천시(순천시청)(주최), 순천시(순천시청)(주관)",,,"['김주택', '유성녀', '최형배', '장하은', '김봉미']",[],"['김주택', '유성녀', '최형배', '장하은', '김봉미']",[],303,"['뮤지컬', '대중음악']","[-5.411955135059543e-05, -10.685291290283203]",뮤지컬 + 대중음악
오페라마 토크 콘서트: 바리톤 정경의 정신 나간 작곡가와 키스하다,복합,복합,"정경, 전지윤",,"(주)아이피샵(주최), H&H 컴퍼니(주관)",,,"['정경', '전지윤']",[],"['정경', '전지윤']",[],304,"['뮤지컬', '대중음악']","[-4.672895011026412e-05, -10.962048530578613]",뮤지컬 + 대중음악
"김남진피지컬씨어터, LINE: 줄 [부산]",복합,복합,"김주영, 이상훈, 김종환, 이준상, 정다래, 김홍인, 황인자 등","김남진, 이희자, 김호진 등","(주)이앤에이그룹(주관), 김남진피지컬씨어터(주최)",,,"['김주영', '이상훈', '김종환', '이준상', '정다래', '김홍인', '황인자']","['김남진', '이희자', '김호진']","['김주영', '이상훈', '김종환', '이준상', '정다래', '김홍인', '황인자']","['김남진', '이희자', '김호진']",305,"['연극', '대중음악']","[-7.343022298300639e-05, -10.60976791381836]",연극 + 대중음악
"그림으로 듣는 슈만, 사랑의 노래: To my Love",복합,다원/융복합,"이인학, 윤소영, 최윤성",,영음예술기획(주최),,,"['이인학', '윤소영', '최윤성']",[],"['이인학', '윤소영', '최윤성']",[],306,"['대중음악', '뮤지컬']","[-6.282132380874828e-05, -10.431536674499512]",대중음악 + 뮤지컬
나태주 시인X앙상블 더류가 함께하는 시와 음악이 있는 콘서트,복합,다원/융복합,나태주 등,,"문화체육관광부(주최), 한국문화예술회관연합회(KoCACA)(주관), 인천광역시남동구도시관리공단(주관)",,,['나태주'],[],['나태주'],[],307,"['대중음악', '연극']","[-0.9365699887275696, -1.3270584344863892]",대중음악 + 연극
비발D마와 함께하는 씨네마콘서트,복합,복합,,,"고창군(고창군청)(주최), 고창군(고창군청)(제작사), 전라북도(주최)",,,[],[],[],[],308,"['뮤지컬', '대중음악']","[-5.4596363042946905e-05, -10.714468955993652]",뮤지컬 + 대중음악
동화나라 샌드북 [인천],복합,다원/융복합,,,아띠홀(주최),,,[],[],[],[],309,"['뮤지컬', '연극']","[-5.018585216021165e-05, -10.843572616577148]",뮤지컬 + 연극
융·복합 미디어 쇼: HARMONY OF LIGH [광주],복합,다원/융복합,,,"광주광역시 북구(주최), 광주북구문화센터(주관)",,,[],[],[],[],310,"['대중음악', '뮤지컬']","[-5.9602869441732764e-05, -10.739388465881348]",대중음악 + 뮤지컬
"전원경의 아트살롱, 그림콘서트: 봄을 맞은 파리",복합,복합,"전원경, 김민정, 이승윤, 장예지, 김유진",,"(재)부산문화회관(주최), (재)부산문화회관(주관)",,,"['전원경', '김민정', '이승윤', '장예지', '김유진']",[],"['전원경', '김민정', '이승윤', '장예지', '김유진']",[],311,"['연극', '대중음악']","[-7.521823135903105e-05, -10.525444030761719]",연극 + 대중음악
아우름 콘서트 [대구],복합,복합,"황대진, 위수인, 정효성, 이승희, 김효준, 김형석, 이영주 등",,"대구교육대학교(주최), 대구교육대학교 음악교육과(주관)",,,"['황대진', '위수인', '정효성', '이승희', '김효준', '김형석', '이영주']",[],"['황대진', '위수인', '정효성', '이승희', '김효준', '김형석', '이영주']",[],312,"['뮤지컬', '대중음악']","[-4.684815212385729e-05, -10.994327545166016]",뮤지컬 + 대중음악
"을숙도문화회관 개관 20주년 기념콘서트, 조항조, 박애리 & 오케스트라",복합,복합,"조항조, 박애리, 홍희철, 김희정 등",,"을숙도문화회관(주최), 을숙도문화회관(주관)",,,"['조항조', '박애리', '홍희철', '김희정']",[],"['조항조', '박애리', '홍희철', '김희정']",[],313,"['뮤지컬', '대중음악']","[-4.4225667807040736e-05, -10.987584114074707]",뮤지컬 + 대중음악
을숙도문화회관20주년 콘서트,복합,복합,"조항조, 박애리 등",,"을숙도문화회관(주최), 을숙도문화회관(주관)",,,"['조항조', '박애리']",[],"['조항조', '박애리']",[],314,"['뮤지컬', '대중음악']","[-3.659658250398934e-05, -11.190800666809082]",뮤지컬 + 대중음악
이영섭 ＋ 양승환 듀오콘서트: WE,복합,복합,"이영섭, 양승환",,Full Moon Company(보름달컴퍼니)(주관),,,"['이영섭', '양승환']",[],"['이영섭', '양승환']",[],315,"['연극', '서커스/마술']","[-6.341733387671411e-05, -10.77893352508545]",연극 + 서커스/마술
노래와 춤이 함께하는 봄의 로망스,복합,복합,"오세민, 박소희, 박나래, 서훈하, 이태영, 양종근, 박은정 등",,"해운대문화회관(주최), 부산광역시 해운대구(주최), 솔라첼로 성악연구회(주관)",,,"['오세민', '박소희', '박나래', '서훈하', '이태영', '양종근', '박은정']",[],"['오세민', '박소희', '박나래', '서훈하', '이태영', '양종근', '박은정']",[],316,"['연극', '대중음악']","[-9.321732068201527e-05, -10.161993026733398]",연극 + 대중음악
안산시립예술단 특별기획공연: 안산의 사계,복합,복합,,,"안산시청(주최), 안산시립예술단(주관)",,,[],[],[],[],317,"['연극', '대중음악']","[-7.581423415103927e-05, -10.546686172485352]",연극 + 대중음악
"아세안 어린이공연, 거인 앙갈로",복합,복합,"이우영, 장경희, 김민정, 이경구, 이연주","최은정, 이가현, 지경민 등","국립아시아문화전당(제작사), 창작국악그룹 그림(the林)(제작사)",,,"['이우영', '장경희', '김민정', '이경구', '이연주']","['최은정', '이가현', '지경민']","['이우영', '장경희', '김민정', '이경구', '이연주']","['최은정', '이가현', '지경민']",318,"['뮤지컬', '대중음악']","[-4.017272294731811e-05, -11.151273727416992]",뮤지컬 + 대중음악
드로잉 퍼포먼스: 드로잉 매직쇼,복합,다원/융복합,,,"(사)한국예총 인천광역시연합회 인천예총(인천수봉문화회관)(주최), (사)한국예총 인천광역시연합회 인천예총(인천수봉문화회관)(주관)",,,[],[],[],[],319,"['뮤지컬', '대중음악']","[-3.302042750874534e-05, -11.451598167419434]",뮤지컬 + 대중음악
건축! 음악을 품다,복합,다원/융복합,"장은제, 주희원, 문경민, 전영호, 강형문, 정영수, 백광호 등","박미진, 전영호, 이재성","아르케무지카 (arche musica)(주관), 아르케컬처(기획사)",,,"['장은제', '주희원', '문경민', '전영호', '강형문', '정영수', '백광호']","['박미진', '전영호', '이재성']","['장은제', '주희원', '문경민', '전영호', '강형문', '정영수', '백광호']","['박미진', '전영호', '이재성']",320,"['뮤지컬', '연극']","[-4.541770613286644e-05, -10.943821907043457]",뮤지컬 + 연극
안산시립예술단과 함께하는 수수콘(수요일 수려한 콘서트),복합,복합,,,"안산시청(주최), (재)안산문화재단(안산문화예술의전당)(주최)",,,[],[],[],[],321,"['뮤지컬', '대중음악']","[-4.255681051290594e-05, -11.104567527770996]",뮤지컬 + 대중음악
수원시립교향악단 키즈콘서트,복합,복합,"신은혜, 박은수, 나웅준",,"수원시청(주최), 수원시립예술단(주관)",,,"['신은혜', '박은수', '나웅준']",[],"['신은혜', '박은수', '나웅준']",[],322,"['연극', '서커스/마술']","[-5.07818695041351e-05, -10.88048267364502]",연극 + 서커스/마술
불켜는아이,복합,복합,,,"(재)노원문화재단(제작사), 봉산문화회관(제작사), 울산북구문화예술회관(제작사), (재)춘천인형극제(제작사), 한국문화예술회관연합회(KoCACA)(주최), 한국문화예술회관연합회(KoCACA)(주관)",,,[],[],[],[],323,"['대중음악', '연극']","[-5.98412734689191e-05, -10.741166114807129]",대중음악 + 연극
동물의 사육제 [의정부],복합,다원/융복합,,,극단 상상마당컴퍼니(주최),,,[],[],[],[],324,"['대중음악', '연극']","[-0.9100538492202759, -1.3348654508590698]",대중음악 + 연극
오월어머니의 노래 순회공연,복합,복합,"임근단, 김전례, 김길자, 이근례, 김옥희, 원사순, 박유덕 등",,국립아시아문화전당(주최),,,"['임근단', '김전례', '김길자', '이근례', '김옥희', '원사순', '박유덕']",[],"['임근단', '김전례', '김길자', '이근례', '김옥희', '원사순', '박유덕']",[],325,"['대중음악', '뮤지컬']","[-7.73638384998776e-05, -10.287347793579102]",대중음악 + 뮤지컬
장사익 & 홍지민과 함께하는 음악회: 어우름 [하남],복합,복합,"장사익, 홍지민, 방성호 등",,"(재)하남문화재단(주최), (재)하남문화재단(주관)",,,"['장사익', '홍지민', '방성호']",[],"['장사익', '홍지민', '방성호']",[],326,"['뮤지컬', '대중음악']","[-3.40932747349143e-05, -11.318547248840332]",뮤지컬 + 대중음악
아이조아 잼스틱 [예산],복합,다원/융복합,,,"충청남도(주최), (재)충남문화재단(주관)",,,[],[],[],[],327,"['뮤지컬', '대중음악']","[-4.95898348162882e-05, -10.829648971557617]",뮤지컬 + 대중음악
신중신 시인 등단 60주년 문학콘서트,복합,복합,"신중신, 이헤명, 이종현, 박수경, 김효진, 민근혜, 김한나 등",,"(재)거창문화재단(주최), (재)거창문화재단(주관)",,,"['신중신', '이헤명', '이종현', '박수경', '김효진', '민근혜', '김한나']",[],"['신중신', '이헤명', '이종현', '박수경', '김효진', '민근혜', '김한나']",[],328,"['뮤지컬', '대중음악']","[-4.7801782784517854e-05, -10.871024131774902]",뮤지컬 + 대중음악
"라스트 스트라디움, 까도까도 30",복합,복합,"차기은, 박지혜, 김소진, 김현규",,"유나이티드프로듀서스(UPD)(주최), 유나이티드프로듀서스(UPD)(기획사)",,,"['차기은', '박지혜', '김소진', '김현규']",[],"['차기은', '박지혜', '김소진', '김현규']",[],329,"['뮤지컬', '연극']","[-3.397406908334233e-05, -11.320438385009766]",뮤지컬 + 연극
"통진 마티네 콘서트, 판소리와 탭댄스의 만남: 소리꾼, 탭꾼 [김포]",복합,복합,"최진숙, 이연호, 박용갑, 손윤, 송대의",,"(재)김포문화재단(주최), (재)김포문화재단(주관)",,,"['최진숙', '이연호', '박용갑', '손윤', '송대의']",[],"['최진숙', '이연호', '박용갑', '손윤', '송대의']",[],330,"['뮤지컬', '서커스/마술']","[-2.7894584491150454e-05, -11.568962097167969]",뮤지컬 + 서커스/마술
제주하모니 (5월),복합,복합,"변종수, 양정원 등",,"제주아트센터(주최), 제주아트센터(주관), (사)제주빌레앙상블(주관)",,,"['변종수', '양정원']",[],"['변종수', '양정원']",[],331,"['서커스/마술', '연극']","[-8.809178689261898e-05, -10.461158752441406]",서커스/마술 + 연극
음으로 그린 樂 [부산],복합,복합,"김지우, 김고운, 김범석, 김하나, 김효영, 김수휘, 조성빈 등",,"해운대문화회관(주관), 한국문화예술회관연합회(KoCACA)(주관), 문화체육관광부(주최)",,,"['김지우', '김고운', '김범석', '김하나', '김효영', '김수휘', '조성빈']",[],"['김지우', '김고운', '김범석', '김하나', '김효영', '김수휘', '조성빈']",[],332,"['대중음악', '연극']","[-0.9439396262168884, -1.3103063106536865]",대중음악 + 연극
"제9회 예술공감, 샌드아트와 음악만들기",복합,복합,"안선애, 이화영선, 김성진, 설은경, 박보경, 김상식",,"을숙도문화회관(주최), 을숙도문화회관(주관)",,,"['안선애', '이화영선', '김성진', '설은경', '박보경', '김상식']",[],"['안선애', '이화영선', '김성진', '설은경', '박보경', '김상식']",[],333,"['대중음악', '연극']","[-0.9327001571655273, -1.326789140701294]",대중음악 + 연극
"ACC 브런치콘서트, 팀 퍼니스트 서커스 음악극: 체어, 테이블, 체어 (5월)",복합,복합,"김희명, 최대성, 우석훈, 임동주, 신용, 심재성, 김한상",,"국립아시아문화전당(주최), 국립아시아문화전당재단(주관)",,,"['김희명', '최대성', '우석훈', '임동주', '신용', '심재성', '김한상']",[],"['김희명', '최대성', '우석훈', '임동주', '신용', '심재성', '김한상']",[],334,"['대중음악', '연극']","[-0.9348662495613098, -1.3105583190917969]",대중음악 + 연극
장사익 & 김영임 with 웨스턴심포니오케스트라 [경주],복합,복합,"장사익, 김영임, 방성호, 김성훈 등",,"한국수력원자력(주)(주최), (재)경주문화재단(주관)",,,"['장사익', '김영임', '방성호', '김성훈']",[],"['장사익', '김영임', '방성호', '김성훈']",[],335,"['대중음악', '연극']","[-0.918599009513855, -1.3481502532958984]",대중음악 + 연극
보물섬을 찾아서 [부천],복합,다원/융복합,,,"(재)부천문화재단(주최), (재)부천문화재단(주관), 극단 조이키즈(주관)",,,[],[],[],[],336,"['대중음악', '연극']","[-0.9500294923782349, -1.323909044265747]",대중음악 + 연극
"체어, 테이블, 체어",복합,복합,,,"문화체육관광부(주최), 한국문화예술회관연합회(KoCACA)(주관), (재)종로문화재단(주관)",,,[],[],[],[],337,"['대중음악', '연극']","[-0.9401363134384155, -1.2926445007324219]",대중음악 + 연극
"그림읽어주는 베토벤, THE CONCERT: 이중섭 편 [이천]",복합,다원/융복합,조숙현 등,임용순,"이천문화재단(주최), 이천문화재단(주관), 두손클래식엔터테인먼트(주)(제작사)",,,['조숙현'],['임용순'],['조숙현'],['임용순'],338,"['서커스/마술', '대중무용']","[-0.00017677174764685333, -9.832576751708984]",서커스/마술 + 대중무용
"제3회 이머시브 랩, 비보호 구역",복합,다원/융복합,"목수현, 박창준, 소진희, 이영건, 전찬욱","신수민, 유찬종, 이해정 등","사기꾼들(제작사), (주)이방인(주최)",,,"['목수현', '박창준', '소진희', '이영건', '전찬욱']","['신수민', '유찬종', '이해정']","['목수현', '박창준', '소진희', '이영건', '전찬욱']","['신수민', '유찬종', '이해정']",339,"['연극', '대중음악']","[-6.842378934379667e-05, -10.672893524169922]",연극 + 대중음악
춤과 함께하는 봄의 대향연,복합,복합,"손명균, 김희정, 장은녕, 최우석, 안희경, 이수향, 박민내, 손지현 등",,,,,"['손명균', '김희정', '장은녕', '최우석', '안희경', '이수향', '박민내', '손지현']",[],"['손명균', '김희정', '장은녕', '최우석', '안희경', '이수향', '박민내', '손지현']",[],340,"['대중음악', '뮤지컬']","[-6.890059739816934e-05, -10.441279411315918]",대중음악 + 뮤지컬
아시아 콘텐츠 공연개발 쇼케이스: 고래씨 이상해,복합,복합,"선영욱, 안대천, 김용훈, 배정찬, 이강산, 민현기, 이정동","안정민, 오현종, 조은영 등","THE 광대(제작사), 국립아시아문화전당(주최)",,,"['선영욱', '안대천', '김용훈', '배정찬', '이강산', '민현기', '이정동']","['안정민', '오현종', '조은영']","['선영욱', '안대천', '김용훈', '배정찬', '이강산', '민현기', '이정동']","['안정민', '오현종', '조은영']",341,"['뮤지컬', '연극']","[-3.7788631743751466e-05, -11.176257133483887]",뮤지컬 + 연극
"별별페스티벌, 단테: 지옥 편",복합,복합,"선한, 임태이, 김하은, 권주하","석수정, 이지윤, 유태선 등",별별극장(주최),,,"['선한', '임태이', '김하은', '권주하']","['석수정', '이지윤', '유태선']","['선한', '임태이', '김하은', '권주하']","['석수정', '이지윤', '유태선']",342,"['연극', '대중음악']","[-7.068861305015162e-05, -10.582530975341797]",연극 + 대중음악
매헌윤봉길의사 상하이의거 90주년 기념 음악축제,복합,복합,"백정원, 강화자, 장사익, 윤형주, 김지현, 이경진, 이정원 등",,"예술의전당(주최), (사)매헌 윤봉길의사 기념사업회(주최), 상하이의거 90주년 기념사업추진위원회(주관)",,,"['백정원', '강화자', '장사익', '윤형주', '김지현', '이경진', '이정원']",[],"['백정원', '강화자', '장사익', '윤형주', '김지현', '이경진', '이정원']",[],343,"['대중음악', '뮤지컬']","[-7.152301259338856e-05, -10.4981107711792]",대중음악 + 뮤지컬
Harmony of Light [울산],복합,다원/융복합,,,"한국문화예술회관연합회(KoCACA)(주최), (재)울주문화재단(주관)",,,[],[],[],[],344,"['연극', '대중음악']","[-8.11782301752828e-05, -10.360257148742676]",연극 + 대중음악
"제3회 이머시브 랩, 빈공간, 극장놀이",복합,복합,"김이슬, 최유화, 정재필, 황민지, 이효은 등","김이슬, 김지우, 오하늬","뭄플레이(제작사), (주)이방인(주최)",,,"['김이슬', '최유화', '정재필', '황민지', '이효은']","['김이슬', '김지우', '오하늬']","['김이슬', '최유화', '정재필', '황민지', '이효은']","['김이슬', '김지우', '오하늬']",345,"['대중음악', '연극']","[-0.9452723860740662, -1.296962857246399]",대중음악 + 연극
익산시립무용단 풍물단 합동공연: 넥스트모션Ⅳ,복합,복합,"최수진, 서관식, 정수미, 김수연, 손은해, 김민정, 박지나 등","김남인, 김미진, 김익주 등","익산시청(주최), 익산시립무용단(주관), 익산시립풍물단(주관)",,,"['최수진', '서관식', '정수미', '김수연', '손은해', '김민정', '박지나']","['김남인', '김미진', '김익주']","['최수진', '서관식', '정수미', '김수연', '손은해', '김민정', '박지나']","['김남인', '김미진', '김익주']",346,"['연극', '대중음악']","[-7.343022298300639e-05, -10.610976219177246]",연극 + 대중음악
빨간망토와 함께 떠나는 뮤직 트립,복합,복합,"김예본, 고미주, 이현지 등",,"(재)종로문화재단(주최), (재)종로문화재단(주관)",,,"['김예본', '고미주', '이현지']",[],"['김예본', '고미주', '이현지']",[],347,"['연극', '서커스/마술']","[-5.793403761344962e-05, -10.639484405517578]",연극 + 서커스/마술
강아지 똥 [의정부],복합,복합,,,극단 상상마당컴퍼니(주최),,,[],[],[],[],348,"['대중음악', '연극']","[-0.9487521648406982, -1.2981237173080444]",대중음악 + 연극
두번째달X김준수X채수현: 새로운 세상으로의 초대 [인천],복합,복합,"김준수, 채수현 등",,(재)인천중구문화재단(주최),,,"['김준수', '채수현']",[],"['김준수', '채수현']",[],349,"['연극', '서커스/마술']","[-6.615896563744172e-05, -10.668407440185547]",연극 + 서커스/마술
제22회 거창예총제,복합,복합,,,,,,[],[],[],[],350,"['서커스/마술', '대중무용']","[-0.0001984637783607468, -9.640260696411133]",서커스/마술 + 대중무용
"음악으로 그리는 일곱 가지 반 고흐, 별이 빛나는 밤에 [경기 광주]",복합,다원/융복합,"이희주, 민우혁, 김소향, 손태진, 정하은 등",,"(재)광주시문화재단 [경기광주](주관), JK아트컴퍼니(주관), 한국문화예술회관연합회(KoCACA)(주최)",,,"['이희주', '민우혁', '김소향', '손태진', '정하은']",[],"['이희주', '민우혁', '김소향', '손태진', '정하은']",[],351,"['연극', '대중음악']","[-8.594620157964528e-05, -10.275707244873047]",연극 + 대중음악
"꽃, 나무",복합,복합,"김우성, 김동아, 심상우, 정수연, 조의선","정수연, 김우성",쌀롱드무지끄(주최),,,"['김우성', '김동아', '심상우', '정수연', '조의선']","['정수연', '김우성']","['김우성', '김동아', '심상우', '정수연', '조의선']","['정수연', '김우성']",352,"['연극', '대중음악']","[-8.082063141046092e-05, -10.310819625854492]",연극 + 대중음악
"신박한 스테이지, 고래의 노래",복합,복합,"서희진, 이지훈, 어성범, 홍효진, 이영미, 임종수, 김민경 등","서희진, 이해제, 김승언 등","(재)울주문화재단(주최), (재)울주문화재단(주관), 내드름연희단(제작사)",,,"['서희진', '이지훈', '어성범', '홍효진', '이영미', '임종수', '김민경']","['서희진', '이해제', '김승언']","['서희진', '이지훈', '어성범', '홍효진', '이영미', '임종수', '김민경']","['서희진', '이해제', '김승언']",353,"['연극', '서커스/마술']","[-6.186770770000294e-05, -10.614811897277832]",연극 + 서커스/마술
"GAC 화요극장, 위대한 낙서",복합,복합,,,"예술의전당(주최), 강릉아트센터(주관)",,,[],[],[],[],354,"['연극', '서커스/마술']","[-7.509902934543788e-05, -10.571179389953613]",연극 + 서커스/마술
춘향 예화담 [연천],복합,복합,"김가을, 이다은, 이태민, 신하영, 김승우, 이승훈",,"문화체육관광부(주최), 한국문화예술회관연합회(KoCACA)(주관), 연천군시설관리공단(주관)",,,"['김가을', '이다은', '이태민', '신하영', '김승우', '이승훈']",[],"['김가을', '이다은', '이태민', '신하영', '김승우', '이승훈']",[],355,"['연극', '대중음악']","[-9.97731985989958e-05, -10.201716423034668]",연극 + 대중음악
"전영랑, 강유진의 국악과 트로트의 만남",복합,복합,"전영랑, 강유진",,"문화체육관광부(주최), 문화체육관광부(주관), 한국문화예술회관연합회(KoCACA)(주최), 한국문화예술회관연합회(KoCACA)(주관), 함양군문화예술회관(주최), 함양군문화예술회관(주관)",,,"['전영랑', '강유진']",[],"['전영랑', '강유진']",[],356,"['서커스/마술', '대중무용']","[-0.00021181246847845614, -9.358692169189453]",서커스/마술 + 대중무용
민들레 가족극장,복합,복합,,,"이화뱅곳민들레연극마을(주최), 이화뱅곳민들레연극마을(주관)",,,[],[],[],[],357,"['연극', '서커스/마술']","[-6.341733387671411e-05, -10.677154541015625]",연극 + 서커스/마술
자동차의 정맥 by OddVein,복합,복합,,,"JH CREATIVE(주최), JH CREATIVE(주관)",,,[],[],[],[],358,"['서커스/마술', '대중무용']","[-0.0001225396408699453, -9.981410026550293]",서커스/마술 + 대중무용
"아리랑, 택견과 만나다 [수원]",복합,복합,"김윤정, 이상호, 고윤영, 이지수, 변상아, 김성일, 김민성 등","박종욱, 이지수, 류정애 등","수원시청(주최), 경기문화재단(주최), (재)수원문화재단(주관), 수원SK아트리움(주관), 발광엔터테인먼트(주관)",,,"['김윤정', '이상호', '고윤영', '이지수', '변상아', '김성일', '김민성']","['박종욱', '이지수', '류정애']","['김윤정', '이상호', '고윤영', '이지수', '변상아', '김성일', '김민성']","['박종욱', '이지수', '류정애']",359,"['대중음악', '연극']","[-0.947300136089325, -1.3042900562286377]",대중음악 + 연극
BOOMI's Jazz Odyssey: 조선,복합,복합,,,"뮤직오디세이(주최), (재)인천광역시 부평구문화재단(부평아트센터)(주관)",,,[],[],[],[],360,"['대중음악', '연극']","[-0.9386892914772034, -1.322704792022705]",대중음악 + 연극
꽃이 핍니다 [영천],복합,복합,"장사익, 김연자, 오정해, 전은석, 김현호 등",,"영천시청(주최), 영남국악관현악단(주관)",,,"['장사익', '김연자', '오정해', '전은석', '김현호']",[],"['장사익', '김연자', '오정해', '전은석', '김현호']",[],361,"['대중음악', '뮤지컬']","[-5.054346183896996e-05, -10.883416175842285]",대중음악 + 뮤지컬
HYANGGA,복합,복합,"이봉근, 정재욱, 김재성, 김성화, 김인영 등",,(주)프로덕션 고금(주최),,,"['이봉근', '정재욱', '김재성', '김성화', '김인영']",[],"['이봉근', '정재욱', '김재성', '김성화', '김인영']",[],362,"['연극', '대중음악']","[-6.925819616299123e-05, -10.560345649719238]",연극 + 대중음악
제17회 부산국제어린이청소년영화제 개막식,복합,복합,,,,,,[],[],[],[],363,"['연극', '서커스/마술']","[-7.414542778860778e-05, -10.590126991271973]",연극 + 서커스/마술
사유하는 극장: 요즘 것들의 사유,복합,복합,"마혜령, 김수형, 정구영, 장동원, 이석주, 홍성하, 성숙진 등","김영원, 신해연, 임재훈 등","극장용(주최), 극장용(주관)",,,"['마혜령', '김수형', '정구영', '장동원', '이석주', '홍성하', '성숙진']","['김영원', '신해연', '임재훈']","['마혜령', '김수형', '정구영', '장동원', '이석주', '홍성하', '성숙진']","['김영원', '신해연', '임재훈']",364,"['뮤지컬', '대중음악']","[-4.172238186583854e-05, -11.128005981445312]",뮤지컬 + 대중음악
제31회 아트레온 갤러리 콘서트,복합,복합,"양대원, 허희정, 한덕현, 엄기환",,(주)아트레온(주최),,,"['양대원', '허희정', '한덕현', '엄기환']",[],"['양대원', '허희정', '한덕현', '엄기환']",[],365,"['뮤지컬', '연극']","[-5.221230458118953e-05, -10.815179824829102]",뮤지컬 + 연극
민선8기 축하음악회 [천안],복합,복합,"박범훈, 김지나, 김동윤, 인순이, 이선영, 정찬욱 등",,"(재)천안문화재단(천안예술전당)(주최), 천안예술의전당(주최)",,,"['박범훈', '김지나', '김동윤', '인순이', '이선영', '정찬욱']",[],"['박범훈', '김지나', '김동윤', '인순이', '이선영', '정찬욱']",[],366,"['연극', '대중음악']","[-6.627816765103489e-05, -10.60562515258789]",연극 + 대중음악
GoGoGo: 연주하Go 노래하Go 춤추Go [안성],복합,복합,"지명인, 백승화, 이정미, 이현지, 라해인, 윤소정, 신수빈 등",,"안성맞춤아트홀(안성시)(주최), 어쿠스틱 앙상블 재비(주관)",,,"['지명인', '백승화', '이정미', '이현지', '라해인', '윤소정', '신수빈']",[],"['지명인', '백승화', '이정미', '이현지', '라해인', '윤소정', '신수빈']",[],367,"['연극', '대중음악']","[-6.460934673668817e-05, -10.683145523071289]",연극 + 대중음악
은곡마을 마실콘서트,복합,복합,"송영민, 김세훈, 문지원, 이호찬, 박인혜, 이준, 이민형",,"야기웍스(주최), 야기웍스(기획사)",,,"['송영민', '김세훈', '문지원', '이호찬', '박인혜', '이준', '이민형']",[],"['송영민', '김세훈', '문지원', '이호찬', '박인혜', '이준', '이민형']",[],368,"['대중음악', '뮤지컬']","[-6.16293036728166e-05, -10.53208065032959]",대중음악 + 뮤지컬
시詩작作: 과정과 공유,복합,복합,,"남우찬, 김솔지, 김은경 등",,,,[],"['남우찬', '김솔지', '김은경']",[],"['남우찬', '김솔지', '김은경']",369,"['뮤지컬', '대중음악']","[-4.172238186583854e-05, -11.067275047302246]",뮤지컬 + 대중음악
Letter (서신): Greeting from No Sign Lab,복합,복합,"우유연, 박지혁 등",,쌀롱드무지끄(주최),,,"['우유연', '박지혁']",[],"['우유연', '박지혁']",[],370,"['대중음악', '연극']","[-0.9516087770462036, -1.3104585409164429]",대중음악 + 연극
"전원경의 아트살롱, 그림콘서트: 로마의 여름 햇살",복합,복합,"전원경, 김민정, 이승윤, 김유진, 장지현",,"(재)부산문화회관(주최), (재)부산문화회관(주관)",,,"['전원경', '김민정', '이승윤', '김유진', '장지현']",[],"['전원경', '김민정', '이승윤', '김유진', '장지현']",[],371,"['뮤지컬', '연극']","[-2.825220326485578e-05, -11.640578269958496]",뮤지컬 + 연극
"체어, 테이블 체어 [의정부]",복합,복합,"최대성, 김희명, 심재성, 김한상",심재성,,,,"['최대성', '김희명', '심재성', '김한상']",['심재성'],"['최대성', '김희명', '심재성', '김한상']",['심재성'],372,"['연극', '대중음악']","[-8.535020606359467e-05, -10.389245986938477]",연극 + 대중음악
LED 비바츠태권발레 [창녕],복합,복합,,"조윤혜, 김혁인, 박성룡 등","창녕군청(창녕문화예술회관)(주관), 비바츠예술매니지먼트(주관), 창녕군청(창녕문화예술회관)(주최)",,,[],"['조윤혜', '김혁인', '박성룡']",[],"['조윤혜', '김혁인', '박성룡']",373,"['뮤지컬', '연극']","[-3.1709168979432434e-05, -11.519194602966309]",뮤지컬 + 연극
"여우락 페스티벌, 밤 새 Baum Sae Communication",복합,복합,"서수진, 황진아, 김보림",,국립극장(주최),,,"['서수진', '황진아', '김보림']",[],"['서수진', '황진아', '김보림']",[],374,"['연극', '대중음악']","[-7.235741941258311e-05, -10.552921295166016]",연극 + 대중음악
밤의 찬가,복합,다원/융복합,"송철호, 이가은, 장찬호, 강성룡, 고소천, 박서란, 고진수 등","전민경, 수정, 정수진 등","더 그레잇 커미션(주최), 더 그레잇 커미션(주관)",,,"['송철호', '이가은', '장찬호', '강성룡', '고소천', '박서란', '고진수']","['전민경', '수정', '정수진']","['송철호', '이가은', '장찬호', '강성룡', '고소천', '박서란', '고진수']","['전민경', '수정', '정수진']",375,"['연극', '대중음악']","[-7.10462118149735e-05, -10.52023696899414]",연극 + 대중음악
생생 락樂 [울산],복합,복합,"박상운, 김예진, 이유나 등","홍은주, 박정은","울산광역시청(주최), 울산시립예술단(주관)",,,"['박상운', '김예진', '이유나']","['홍은주', '박정은']","['박상운', '김예진', '이유나']","['홍은주', '박정은']",376,"['뮤지컬', '대중음악']","[-6.890059739816934e-05, -10.48065185546875]",뮤지컬 + 대중음악
코미디 애니멀쇼 [안산],복합,복합,,,드리미(주최),,,[],[],[],[],377,"['연극', '대중음악']","[-8.880697714630514e-05, -10.258106231689453]",연극 + 대중음악
거꾸로프로젝트: Gukpop Concert [평택],복합,복합,,,"(재)평택시문화재단(주관), (재)평택시문화재단(주최)",,,[],[],[],[],378,"['서커스/마술', '연극']","[-0.00019095504831057042, -9.73619270324707]",서커스/마술 + 연극
"5.18 42주년기념 융복합 창작오라토리오, 빛고을",복합,다원/융복합,"윤병길, 김하늘, 손승범, 장하랑, 이당금 등","유형민, 문병란, 김성훈 등","광주광역시(주최), 국립아시아문화전당(주최), 빛고을문화예술공연위원회(주관)",,,"['윤병길', '김하늘', '손승범', '장하랑', '이당금']","['유형민', '문병란', '김성훈']","['윤병길', '김하늘', '손승범', '장하랑', '이당금']","['유형민', '문병란', '김성훈']",379,"['대중음악', '연극']","[-5.090107151772827e-05, -10.856675148010254]",대중음악 + 연극
"스테이지 인 세종 시즌 1, 국악과 오케스트라의 앙상블: 세종실락",복합,복합,"지유진, 고애니 등","조성환, 고애니, 김영덕 등","(재)세종시문화재단(주관), 한국문화예술회관연합회(KoCACA)(주최)",,,"['지유진', '고애니']","['조성환', '고애니', '김영덕']","['지유진', '고애니']","['조성환', '고애니', '김영덕']",380,"['연극', '대중음악']","[-9.035655966727063e-05, -10.326906204223633]",연극 + 대중음악
샌드 팝페라: 금빛 모래의 향연 [수원],복합,복합,"신미리, 아리현, 장진호",,"신아트엔터테인먼트(주관), 경기아트센터(주최)",,,"['신미리', '아리현', '장진호']",[],"['신미리', '아리현', '장진호']",[],381,"['연극', '대중음악']","[-7.188061863416806e-05, -10.510744094848633]",연극 + 대중음악
"여우락페스티벌, 차승민 X 장진아: Base Is Nice",복합,복합,"장진아, 차승민, 이태훈, 오연경, 김희영, 심운정, 최강희",,국립극장(주최),,,"['장진아', '차승민', '이태훈', '오연경', '김희영', '심운정', '최강희']",[],"['장진아', '차승민', '이태훈', '오연경', '김희영', '심운정', '최강희']",[],382,"['연극', '대중음악']","[-6.925819616299123e-05, -10.593852043151855]",연극 + 대중음악
"여우락페스티벌, 지혜리 오케스트라: 너나:음양",복합,복합,"지혜리, 황민왕",,국립극장(주최),,,"['지혜리', '황민왕']",[],"['지혜리', '황민왕']",[],383,"['연극', '서커스/마술']","[-6.222531374078244e-05, -10.727923393249512]",연극 + 서커스/마술
"코리아 탭 오케스트라, 올댓리듬 [통영]",복합,복합,,,"(재)통영국제음악재단(주최), (재)통영국제음악재단(주관), 통영시(주최), 통영시(주관)",,,[],[],[],[],384,"['서커스/마술', '대중무용']","[-0.0001267114421352744, -9.969732284545898]",서커스/마술 + 대중무용
"판페라, 소리의 서막을 열다",복합,복합,,,"(재)사천문화재단(주관), 사천시청(사천시문화예술회관)(주최)",,,[],[],[],[],385,"['뮤지컬', '대중음악']","[-4.8993817472364753e-05, -10.842811584472656]",뮤지컬 + 대중음악
"제32회 거창국제연극제, 한여름밤의 꿈",복합,복합,,,,,,[],[],[],[],386,"['뮤지컬', '연극']","[-4.351044481154531e-05, -11.113744735717773]",뮤지컬 + 연극
제3회 대구학생문화센터 합창단·합주단·국악단 연합 정기연주회,복합,복합,,,"대구학생문화센터(주최), 대구학생문화센터(기획사)",,,[],[],[],[],387,"['연극', '서커스/마술']","[-6.353653589030728e-05, -10.678328514099121]",연극 + 서커스/마술
한빛예술단의 일 더하기 We,복합,복합,,,,,,[],[],[],[],388,"['뮤지컬', '대중음악']","[-3.707340147229843e-05, -11.227492332458496]",뮤지컬 + 대중음악
음악으로 듣는 마술극장 [김해],복합,복합,"신용운, 김성식, 홍석제, 임나래, 박리란, 박지인, 이영은 등","장하라, 정지원, 정우준 등","한국문화예술회관연합회(KoCACA)(주관), (재)김해문화재단(김해서부문화센터)(주관), (재)김해문화재단(김해서부문화센터)(주관), 문화체육관광부(주최)",,,"['신용운', '김성식', '홍석제', '임나래', '박리란', '박지인', '이영은']","['장하라', '정지원', '정우준']","['신용운', '김성식', '홍석제', '임나래', '박리란', '박지인', '이영은']","['장하라', '정지원', '정우준']",389,"['뮤지컬', '대중음악']","[-4.589452510117553e-05, -10.88331413269043]",뮤지컬 + 대중음악
"제938회 목요예술무대, 내 마음속 어린왕자 이야기: B612",복합,다원/융복합,"이혜민, 이석호, 송민주, 김정우, 박병호, 한선영","김영배, 장윤희, 강경호 등","(재)강남문화재단(주관), (재)강남문화재단(주최)",,,"['이혜민', '이석호', '송민주', '김정우', '박병호', '한선영']","['김영배', '장윤희', '강경호']","['이혜민', '이석호', '송민주', '김정우', '박병호', '한선영']","['김영배', '장윤희', '강경호']",390,"['연극', '대중음악']","[-6.580135959666222e-05, -10.602829933166504]",연극 + 대중음악
그림이 오감을 만났을때: 감각주의 [대구],복합,복합,"정우철, 노인호, 민시후 등",,"대덕문화전당(주최), 대덕문화전당(주관)",,,"['정우철', '노인호', '민시후']",[],"['정우철', '노인호', '민시후']",[],391,"['연극', '서커스/마술']","[-6.258291978156194e-05, -10.688858985900879]",연극 + 서커스/마술
WAVEON 아트 페스티벌,복합,복합,,,"글루블루 레코즈(주최), 미러엑스(주최)",,,[],[],[],[],392,"['뮤지컬', '대중음악']","[-3.182837463100441e-05, -11.383875846862793]",뮤지컬 + 대중음악
잇쇼(It Show) [김제],복합,다원/융복합,,,"김제시(김제시청)(주최), 김제시(김제시청)(주관)",,,[],[],[],[],393,"['연극', '서커스/마술']","[-5.376194530981593e-05, -10.74309253692627]",연극 + 서커스/마술
"제32회 거창국제연극제, 춘향전",복합,복합,"서찬영, 배진형 등","허수정, 구본광, 정예린 등",CM코리아(제작사),,,"['서찬영', '배진형']","['허수정', '구본광', '정예린']","['서찬영', '배진형']","['허수정', '구본광', '정예린']",394,"['연극', '대중음악']","[-9.095255518332124e-05, -10.374106407165527]",연극 + 대중음악
등,복합,복합,"김범중, 문인옥, 문지수, 이승관, 이찬희, 이현정, 전제민 등","이재인, 강성현, 심지현 등",,,,"['김범중', '문인옥', '문지수', '이승관', '이찬희', '이현정', '전제민']","['이재인', '강성현', '심지현']","['김범중', '문인옥', '문지수', '이승관', '이찬희', '이현정', '전제민']","['이재인', '강성현', '심지현']",395,"['연극', '서커스/마술']","[-6.603976362384856e-05, -10.70327377319336]",연극 + 서커스/마술
"피아니스트가 들려주는 동화이야기, 신데렐라 [제주]",복합,다원/융복합,,,"문화체육관광부(주최), 제주특별자치도 문화예술진흥원(주관), 한국문화예술회관연합회(KoCACA)(주관)",,,[],[],[],[],396,"['연극', '대중음악']","[-6.711257447022945e-05, -10.534713745117188]",연극 + 대중음악
경계선,복합,다원/융복합,,"장서현, 유현, 김지현 등","JH CREATIVE(주관), JH CREATIVE(주최)",,,[],"['장서현', '유현', '김지현']",[],"['장서현', '유현', '김지현']",397,"['대중음악', '뮤지컬']","[-6.23445157543756e-05, -10.726689338684082]",대중음악 + 뮤지컬
지락발광至樂發光,복합,다원/융복합,"임현태, 박종훈, 이종민, 여인수, 김경민, 김응혁, 문진홍 등","임현태, 박종훈, 이종민 등","윌유 엔터테인먼트(주최), (재)인천서구문화재단(주관)",,,"['임현태', '박종훈', '이종민', '여인수', '김경민', '김응혁', '문진홍']","['임현태', '박종훈', '이종민']","['임현태', '박종훈', '이종민', '여인수', '김경민', '김응혁', '문진홍']","['임현태', '박종훈', '이종민']",398,"['대중음악', '연극']","[-0.9423578977584839, -1.3045039176940918]",대중음악 + 연극
Music: Brain: Communication,복합,다원/융복합,,,창작마을미쁘다(주최),,,[],[],[],[],399,"['뮤지컬', '연극']","[-4.207999518257566e-05, -11.027414321899414]",뮤지컬 + 연극
김준수 X 두번째달 콘서트 with 손에손에 뮤직 페스타,복합,복합,김준수,,"협동조합손에손에(주최), 포풀라(주관)",,,['김준수'],[],['김준수'],[],400,"['대중음악', '뮤지컬']","[-5.745722592109814e-05, -10.736448287963867]",대중음악 + 뮤지컬
국악 IN 가요 [수원],복합,복합,"배대준, 전태원, 노결이, 서명희, 진현지, 박세훈","윤준열, 배대준","엠브릿지(주관), 경기아트센터(주최)",,,"['배대준', '전태원', '노결이', '서명희', '진현지', '박세훈']","['윤준열', '배대준']","['배대준', '전태원', '노결이', '서명희', '진현지', '박세훈']","['윤준열', '배대준']",401,"['연극', '대중음악']","[-7.581423415103927e-05, -10.411917686462402]",연극 + 대중음악
자연-적 [대구],복합,복합,"서민기, 김은별, 이언, 송한얼, 타잔로카, 이선민",서민기 등,"(재)행복북구문화재단(주최), (재)행복북구문화재단(어울아트센터)(주관)",,,"['서민기', '김은별', '이언', '송한얼', '타잔로카', '이선민']",['서민기'],"['서민기', '김은별', '이언', '송한얼', '타잔로카', '이선민']",['서민기'],402,"['뮤지컬', '대중음악']","[-5.185469490243122e-05, -10.73643970489502]",뮤지컬 + 대중음악
청춘만발,복합,복합,"최수정, 김다혜, 황규창 등",,"(재)국립정동극장(주최), (재)국립정동극장(주관)",,,"['최수정', '김다혜', '황규창']",[],"['최수정', '김다혜', '황규창']",[],403,"['대중음악', '연극']","[-0.9247123599052429, -1.3203458786010742]",대중음악 + 연극
미디어아트 아이스쇼 G-SHOW: DRAGON FLOWER,복합,다원/융복합,"안건형, 김현, 김하늘, 조경아, 변세종, 정회권, 김다민 등","최철기, 전주우, 강지애 등","(주)라이브아레나(제작사), (주)라이브아레나(기획사)",,,"['안건형', '김현', '김하늘', '조경아', '변세종', '정회권', '김다민']","['최철기', '전주우', '강지애']","['안건형', '김현', '김하늘', '조경아', '변세종', '정회권', '김다민']","['최철기', '전주우', '강지애']",404,"['대중음악', '연극']","[-7.64102369430475e-05, -10.373627662658691]",대중음악 + 연극
나태주와 함께하는 LED 비바츠 태권발레 [태백],복합,다원/융복합,나태주 등,"조윤혜, 박성룡, 김수한 등","비바츠예술매니지먼트(제작사), 태백시(주관)",,,['나태주'],"['조윤혜', '박성룡', '김수한']",['나태주'],"['조윤혜', '박성룡', '김수한']",405,"['연극', '대중음악']","[-8.272782724816352e-05, -10.381784439086914]",연극 + 대중음악
"울주 어린이 오감체험 축제, 공연",복합,복합,,,"(재)울주문화재단(주최), (재)울주문화재단(주관)",,,[],[],[],[],406,"['대중음악', '연극']","[-0.9351603388786316, -1.3125510215759277]",대중음악 + 연극
파포스,복합,복합,"박윤석, 박병호, 류이재, 김수훈, 이혜민","김제민, 성미림, 정주연 등",리멘워커(제작사),,,"['박윤석', '박병호', '류이재', '김수훈', '이혜민']","['김제민', '성미림', '정주연']","['박윤석', '박병호', '류이재', '김수훈', '이혜민']","['김제민', '성미림', '정주연']",407,"['대중음악', '연극']","[-0.9334960579872131, -1.3372420072555542]",대중음악 + 연극
국악&힙합 융복합 퓨전콘서트,복합,다원/융복합,,,"문화체육관광부(주최), 한국문화예술회관연합회(KoCACA)(주관), 서귀포예술의전당(주관), 광개토사물놀이예술단(주관)",,,[],[],[],[],408,"['대중음악', '연극']","[-0.9262889623641968, -1.3159003257751465]",대중음악 + 연극
"수봉IN 기획공연, 樂 & 민yo!: 유쾌 경쾌 통쾌한 삼쾌 콘서트",복합,복합,,,"(사)한국예총 인천광역시연합회 인천예총(인천수봉문화회관)(주관), (사)한국예총 인천광역시연합회 인천예총(인천수봉문화회관)(주최)",,,[],[],[],[],409,"['뮤지컬', '대중음악']","[-5.3881147323409095e-05, -10.811784744262695]",뮤지컬 + 대중음악
갤럭시 일루젼쇼 [거창],복합,다원/융복합,"양재영, 김혜원, 김정민, 임태홍",,"한국문화예술위원회(주최), (재)거창문화재단(주관)",,,"['양재영', '김혜원', '김정민', '임태홍']",[],"['양재영', '김혜원', '김정민', '임태홍']",[],410,"['연극', '대중음악']","[-7.116541382856667e-05, -10.678807258605957]",연극 + 대중음악
비제의 어린이놀이와 한국의 전래놀이 콘서트 [인천],복합,복합,"김성민, 이승우, 정연웅, 김동규, 이수민, 이미영, 이형민 등","이승우, 박온유, 박겨율 등","인천클라리넷앙상블(주최), 인천클라리넷앙상블(주관), 위드어스예술단(주최), 위드어스예술단(주관)",,,"['김성민', '이승우', '정연웅', '김동규', '이수민', '이미영', '이형민']","['이승우', '박온유', '박겨율']","['김성민', '이승우', '정연웅', '김동규', '이수민', '이미영', '이형민']","['이승우', '박온유', '박겨율']",411,"['대중음악', '연극']","[-0.9471864104270935, -1.2962725162506104]",대중음악 + 연극
국악과 함께하는 LED태권발레축제,복합,다원/융복합,,,"비바츠아트그룹(주최), 비바츠아트그룹(주관)",,,[],[],[],[],412,"['연극', '서커스/마술']","[-6.01988795096986e-05, -10.65030288696289]",연극 + 서커스/마술
"대한민국 치유예술제, 제이리의 Piano Drama Concert: Afterglow",복합,복합,윤영 등,"최윤영, 오상우",,,,['윤영'],"['최윤영', '오상우']",['윤영'],"['최윤영', '오상우']",413,"['연극', '대중음악']","[-8.844937838148326e-05, -10.362704277038574]",연극 + 대중음악
"한여름밤의 작은극장, 헨젤과 그레텔 인 서커스 (Hansel and Gretel in Circus)",복합,복합,,"박연철, 현민경",,,,[],"['박연철', '현민경']",[],"['박연철', '현민경']",414,"['뮤지컬', '연극']","[-2.90866428258596e-05, -11.531253814697266]",뮤지컬 + 연극
기록 [군산],복합,다원/융복합,,,"한국문화예술회관연합회(KoCACA)(주최), 군산예술의전당(주관), 윌유 엔터테인먼트(주관)",,,[],[],[],[],415,"['대중음악', '연극']","[-5.757642793469131e-05, -10.693706512451172]",대중음악 + 연극
"플라멩코 X 국악, 소리로 타오르다",복합,복합,,,"김정문화회관(주최), 김정문화회관(주관)",,,[],[],[],[],416,"['뮤지컬', '대중음악']","[-4.172238186583854e-05, -11.013166427612305]",뮤지컬 + 대중음악
Harmony of light [인제],복합,다원/융복합,,,"(재)인제군문화재단(주관), 한국문화예술회관연합회(KoCACA)(주최)",,,[],[],[],[],417,"['대중음악', '연극']","[-0.9507396221160889, -1.3077023029327393]",대중음악 + 연극
점입가경 (漸入歌境),복합,복합,,,,,,[],[],[],[],418,"['대중음악', '연극']","[-0.950103759765625, -1.299436330795288]",대중음악 + 연극
소나기,복합,복합,"임혜란, 강현욱, 홍채린, 박진수, 임은송, 김세연, 박은경 등","김하은, 노휘, 박대웅 등",윤아트(주관),,,"['임혜란', '강현욱', '홍채린', '박진수', '임은송', '김세연', '박은경']","['김하은', '노휘', '박대웅']","['임혜란', '강현욱', '홍채린', '박진수', '임은송', '김세연', '박은경']","['김하은', '노휘', '박대웅']",419,"['연극', '대중음악']","[-8.165503095369786e-05, -10.425207138061523]",연극 + 대중음악
신 천상열차분야지도,복합,다원/융복합,,,"한국문화예술회관연합회(KoCACA)(주최), 홍성군(주관)",,,[],[],[],[],420,"['대중음악', '연극']","[-0.9424065947532654, -1.3124094009399414]",대중음악 + 연극
지음지기 (知音知己),복합,복합,"배장은, 임연웅, 김은경, 오병옥, 장재효, 김예린","우선영, 이정면, 박준하 등",원스뮤직(주관),,,"['배장은', '임연웅', '김은경', '오병옥', '장재효', '김예린']","['우선영', '이정면', '박준하']","['배장은', '임연웅', '김은경', '오병옥', '장재효', '김예린']","['우선영', '이정면', '박준하']",421,"['대중음악', '연극']","[-0.9305845499038696, -1.312002182006836]",대중음악 + 연극
김영임 & 김용임과 함께하는 희희낙락 [대구],복합,복합,"김영임, 김용임 등",,"(재)대구광역시 동구문화재단(주관), 문화체육관광부(주관), 한국문화예술회관연합회(KoCACA)(주관), (재)대구광역시 동구문화재단(주최), 문화체육관광부(주최), 한국문화예술회관연합회(KoCACA)(주최)",,,"['김영임', '김용임']",[],"['김영임', '김용임']",[],422,"['뮤지컬', '연극']","[-5.471556869451888e-05, -10.735180854797363]",뮤지컬 + 연극
재미있는 음악이야기 오페라 & 뮤지컬,복합,복합,,,,,,[],[],[],[],423,"['대중음악', '연극']","[-0.937980592250824, -1.3376976251602173]",대중음악 + 연극
전북 9인9색,복합,복합,"최지영, 국재환, 홍화영, 최동욱, 박규연, 오정선, 김정순 등",,"문화공간이룸(주최), 문화공간이룸(주관)",,,"['최지영', '국재환', '홍화영', '최동욱', '박규연', '오정선', '김정순']",[],"['최지영', '국재환', '홍화영', '최동욱', '박규연', '오정선', '김정순']",[],424,"['뮤지컬', '대중음악']","[-4.303362584323622e-05, -10.943050384521484]",뮤지컬 + 대중음악
K팝페라로 들려주는 성남민권운동 이야기: 그 날이 올 때 까지,복합,복합,,,,,,[],[],[],[],425,"['뮤지컬', '대중음악']","[-5.578839045483619e-05, -10.630311965942383]",뮤지컬 + 대중음악
망각,복합,다원/융복합,,"남정현, 정대원, 장진성 등",,,,[],"['남정현', '정대원', '장진성']",[],"['남정현', '정대원', '장진성']",426,"['대중음악', '연극']","[-0.936887264251709, -1.314300298690796]",대중음악 + 연극
찾아가는 Let’s DMZ [이천],복합,다원/융복합,"송창진, 장원진, 문미경, 오빛나, 김지혜, 김보은, 이민재 등",,"경기도청(주최), 이천문화재단(주관), 경기문화재단(주관)",,,"['송창진', '장원진', '문미경', '오빛나', '김지혜', '김보은', '이민재']",[],"['송창진', '장원진', '문미경', '오빛나', '김지혜', '김보은', '이민재']",[],427,"['연극', '대중음악']","[-7.152301259338856e-05, -10.622556686401367]",연극 + 대중음악
"그 여름, 나의 탱고 [천안]",복합,복합,"박은영, 박은지, 송명진, 김수아, 김용호, 은일, 홍형민 등",,복합문화공간 모나무르(주관),,,"['박은영', '박은지', '송명진', '김수아', '김용호', '은일', '홍형민']",[],"['박은영', '박은지', '송명진', '김수아', '김용호', '은일', '홍형민']",[],428,"['뮤지컬', '연극']","[-4.1483970562694594e-05, -11.075989723205566]",뮤지컬 + 연극
태권무 한빛,복합,복합,,,"제주아트센터(주최), 제주아트센터(주관), (주)와이킥엔터테인먼트(Y-KICK)(주관), 제주태권도사회적협동조합(주관)",,,[],[],[],[],429,"['뮤지컬', '연극']","[-6.210611172718927e-05, -10.595337867736816]",뮤지컬 + 연극
"제주해녀의 숨결에 실린 푸르고 깊은 노래: 숨,빛,소리",복합,복합,,"고춘식, 전혁준","제주특별자치도 문화예술진흥원(주최), 제주특별자치도 문화예술진흥원(주관)",,,[],"['고춘식', '전혁준']",[],"['고춘식', '전혁준']",430,"['연극', '서커스/마술']","[-7.045020902296528e-05, -10.516073226928711]",연극 + 서커스/마술
성남예총과 함께하는 withus concert,복합,복합,"양하영, 김장훈, 강성미, 강재경, 강태현, 고승찬, 권누리 등",,"사회적 협동조합 드림온(주최), 사회적 협동조합 드림온(주관)",,,"['양하영', '김장훈', '강성미', '강재경', '강태현', '고승찬', '권누리']",[],"['양하영', '김장훈', '강성미', '강재경', '강태현', '고승찬', '권누리']",[],431,"['연극', '대중음악']","[-8.010543388081715e-05, -10.435789108276367]",연극 + 대중음악
비바체스와 함께하는 사랑의 하모니 정기연주회,복합,복합,"황성아, 전병하, 공점숙, 강미숙, 김남돌, 김준홍, 배미란 등",,"함안여성농업인종합지원센터(주최), 함안여성농업인종합지원센터(주관), 사랑의 하모니(주최), 사랑의 하모니(주관)",,,"['황성아', '전병하', '공점숙', '강미숙', '김남돌', '김준홍', '배미란']",[],"['황성아', '전병하', '공점숙', '강미숙', '김남돌', '김준홍', '배미란']",[],432,"['연극', '대중음악']","[-6.48477507638745e-05, -10.646322250366211]",연극 + 대중음악
"대구 고교 특화형 문화예술 프로그램 D-ART, 오페라&뮤지컬 갈라콘서트",복합,복합,"신병기, 조상필 등",,아양아트센터(주최),,,"['신병기', '조상필']",[],"['신병기', '조상필']",[],433,"['연극', '서커스/마술']","[-7.772143726469949e-05, -10.514366149902344]",연극 + 서커스/마술
"네버랜드 in 군포 Ⅲ, Balloons 벌룬스",복합,다원/융복합,,,"창작집단 움스(제작사), 문화체육관광부(주최), 한국문화예술회관연합회(KoCACA)(주관), (재)군포문화재단(군포문화예술회관)(주관)",,,[],[],[],[],434,"['뮤지컬', '대중음악']","[-4.172238186583854e-05, -11.01457405090332]",뮤지컬 + 대중음악
"동,서양의 음악을 핫하고 힙하게!",복합,복합,"이은진, 김도아, 홍아람, 김태훈, 유재언, 신관선, 한기윤 등",이채현,"(재)고양문화재단(주최), 경기아트컬쳐(주관)",,,"['이은진', '김도아', '홍아람', '김태훈', '유재언', '신관선', '한기윤']",['이채현'],"['이은진', '김도아', '홍아람', '김태훈', '유재언', '신관선', '한기윤']",['이채현'],435,"['연극', '대중음악']","[-6.472854875028133e-05, -10.639012336730957]",연극 + 대중음악
"저녁을 닮은 음악 3rd Stage, 신명으로 어울리다!",복합,복합,"김주언, 김종완, 채비성, 이수진, 두한별, 조은혜, 김승언 등",,"울산광역시 북구(주최), 울산북구문화예술회관(주관)",,,"['김주언', '김종완', '채비성', '이수진', '두한별', '조은혜', '김승언']",[],"['김주언', '김종완', '채비성', '이수진', '두한별', '조은혜', '김승언']",[],436,"['대중음악', '연극']","[-0.946026086807251, -1.2879672050476074]",대중음악 + 연극
新 광대의 외침 시너어,복합,복합,"박혜미, 김운석, 이건환, 정지용, 박선예, 이태영, 정의진 등",,"한국문화예술회관연합회(KoCACA)(주최), 문화체육관광부(주관)",,,"['박혜미', '김운석', '이건환', '정지용', '박선예', '이태영', '정의진']",[],"['박혜미', '김운석', '이건환', '정지용', '박선예', '이태영', '정의진']",[],437,"['뮤지컬', '연극']","[-4.911301948595792e-05, -10.904292106628418]",뮤지컬 + 연극
우울한 대로: 기억의 조각,복합,복합,,,,,,[],[],[],[],438,"['연극', '대중음악']","[-7.056941103655845e-05, -10.65390396118164]",연극 + 대중음악
스트레인지 뷰티,복합,다원/융복합,"에메 음파네, 클레망 티리옹, 황혜란, 마리아 클라라 빌라 로보스, 파올라 피시오타노, 최용석","배요섭, 강정희, 안세운 등",(재)국립극단(제작사),,,"['에메 음파네', '클레망 티리옹', '황혜란', '마리아 클라라 빌라 로보스', '파올라 피시오타노', '최용석']","['배요섭', '강정희', '안세운']","['에메 음파네', '클레망 티리옹', '황혜란', '마리아 클라라 빌라 로보스', '파올라 피시오타노', '최용석']","['배요섭', '강정희', '안세운']",439,"['연극', '서커스/마술']","[-5.745722592109814e-05, -10.80429458618164]",연극 + 서커스/마술
둥지를 트는 새,복합,다원/융복합,"김창범, 이하영","이광현, 홍정민, 하승현 등",,,,"['김창범', '이하영']","['이광현', '홍정민', '하승현']","['김창범', '이하영']","['이광현', '홍정민', '하승현']",440,"['연극', '대중음악']","[-7.450303382938728e-05, -10.50184154510498]",연극 + 대중음악
프리소울의 희망리듬: 춤추는 클래식,복합,복합,서찬영 등,,"대구광역시 서구문화회관(주최), 대구광역시 서구문화회관(주관), 프리소울컴퍼니(주최), 프리소울컴퍼니(주관)",,,['서찬영'],[],['서찬영'],[],441,"['연극', '대중음악']","[-7.688703772146255e-05, -10.499529838562012]",연극 + 대중음악
비제의 어린이놀이와 한국의 전래놀이 콘서트 [부평],복합,복합,"이지혜, 고민식, 정연웅, 김효정, 이명진","김성민, 이승우, 박온유 등","인천클라리넷앙상블(주최), 인천클라리넷앙상블(주관), 위드어스예술단(주최), 위드어스예술단(주관)",,,"['이지혜', '고민식', '정연웅', '김효정', '이명진']","['김성민', '이승우', '박온유']","['이지혜', '고민식', '정연웅', '김효정', '이명진']","['김성민', '이승우', '박온유']",442,"['뮤지컬', '연극']","[-5.006664650863968e-05, -10.818717956542969]",뮤지컬 + 연극
"현대자동차그룹 대학 연극 뮤지컬 페스티벌, 시상식",복합,복합,"최정원, 차지연, 양준모 등",,"현대자동차그룹(주최), (사)한국공연프로듀서협회(주최), 현대차그룹 대학 연극·뮤지컬 페스티벌 사무국(주관)",,,"['최정원', '차지연', '양준모']",[],"['최정원', '차지연', '양준모']",[],443,"['뮤지컬', '대중음악']","[-5.376194530981593e-05, -10.784027099609375]",뮤지컬 + 대중음악
"제8회 대전음악제, 대전의 앙상블 동서양의 조화",복합,복합,"신유경, 유석주, 강석주 등",,"대전음악제 조직위원회(주최), 대전음악제 조직위원회(주관)",,,"['신유경', '유석주', '강석주']",[],"['신유경', '유석주', '강석주']",[],444,"['연극', '대중음악']","[-8.177422569133341e-05, -10.353250503540039]",연극 + 대중음악
영감 7 - 절기 2,복합,복합,"김철수 ,이호윤, 김요셉, 이시현",,ToneAurea Co. (톤 아우레아)(주최),,,"['김철수', '이호윤', '김요셉', '이시현']",[],"['김철수', '이호윤', '김요셉', '이시현']",[],445,"['뮤지컬', '대중음악']","[-4.207999518257566e-05, -11.032665252685547]",뮤지컬 + 대중음악
윤형주의 쎄시봉 콘서트,복합,복합,,,(재)세종문화회관 삼청각(주최),,,[],[],[],[],446,"['연극', '대중음악']","[-9.42901024245657e-05, -10.290300369262695]",연극 + 대중음악
에코백,복합,복합,"이영민, 민현기, 김선우 등",김형준 등,"(재)부산문화회관(주최), 그루잠 프로덕션(제작사), (재)부산문화회관(주관)",,,"['이영민', '민현기', '김선우']",['김형준'],"['이영민', '민현기', '김선우']",['김형준'],447,"['서커스/마술', '대중무용']","[-0.0001652104256208986, -9.938076972961426]",서커스/마술 + 대중무용
"독일에서 만난 클래식, 시를 노래하다 [경기 광주]",복합,다원/융복합,"최원진, 최은석, 김경희, 박경태, 최보화","이강, 김성연","이강플레이(주최), 창의예술교실(주관)",,,"['최원진', '최은석', '김경희', '박경태', '최보화']","['이강', '김성연']","['최원진', '최은석', '김경희', '박경태', '최보화']","['이강', '김성연']",448,"['연극', '대중음악']","[-8.797258487902582e-05, -10.225763320922852]",연극 + 대중음악
일상이 되고픈 특별한 하루,복합,복합,"김시훈, 박미영, 김민영, 김수찬, 정인혜, 유성훈, 박태영 등","박소현, 박미영, 김동창 등","(주)아트브릿지(주최), (주)아트브릿지(주관)",,,"['김시훈', '박미영', '김민영', '김수찬', '정인혜', '유성훈', '박태영']","['박소현', '박미영', '김동창']","['김시훈', '박미영', '김민영', '김수찬', '정인혜', '유성훈', '박태영']","['박소현', '박미영', '김동창']",449,"['뮤지컬', '대중음악']","[-7.378782902378589e-05, -10.361863136291504]",뮤지컬 + 대중음악
예그리나 in 제물포구락부 1926 [인천],복합,복합,"구정은, 이형동, 유라선, 김재형, 신동호, 서동오, 임묵 등","송현민, 조하나, 한지은 등","인천광역시(주최), 인천관광공사(주관)",,,"['구정은', '이형동', '유라선', '김재형', '신동호', '서동오', '임묵']","['송현민', '조하나', '한지은']","['구정은', '이형동', '유라선', '김재형', '신동호', '서동오', '임묵']","['송현민', '조하나', '한지은']",450,"['뮤지컬', '대중음악']","[-4.8397800128441304e-05, -10.921857833862305]",뮤지컬 + 대중음악
라임의 왕 김삿갓 [춘천],복합,복합,"심 욱, 이상엽, 김한림, 엄태호, 김채린, 최영은, 손영주 등","최정오, 이종환, 엄태환 등","(사)문화강대국(주최), (사)문화강대국(주관)",,,"['심 욱', '이상엽', '김한림', '엄태호', '김채린', '최영은', '손영주']","['최정오', '이종환', '엄태환']","['심 욱', '이상엽', '김한림', '엄태호', '김채린', '최영은', '손영주']","['최정오', '이종환', '엄태환']",451,"['연극', '대중음악']","[-9.476689592702314e-05, -10.161131858825684]",연극 + 대중음악
"그림자극으로 만나는 환상의 음악여행, 동물의 사육제 & 피터와 늑대",복합,복합,,,"한국문화예술회관연합회(KoCACA)(주최), 을숙도문화회관(주관)",,,[],[],[],[],452,"['연극', '대중음악']","[-6.723177648382261e-05, -10.557363510131836]",연극 + 대중음악
융복합 렉처 아트쇼: 갤럭시 익스프레스,복합,다원/융복합,,,딜라이트뮤직(주최),,,[],[],[],[],453,"['연극', '대중음악']","[-7.748303323751315e-05, -10.508598327636719]",연극 + 대중음악
제8회 셈플리체 정기연주회,복합,복합,"박상돈, 홍석재, 박범석, 이주원, 이요한, 서동건, 김보경 등","김지혜, 장세훈, 박현구",유진예술기획(주최),,,"['박상돈', '홍석재', '박범석', '이주원', '이요한', '서동건', '김보경']","['김지혜', '장세훈', '박현구']","['박상돈', '홍석재', '박범석', '이주원', '이요한', '서동건', '김보경']","['김지혜', '장세훈', '박현구']",454,"['뮤지컬', '대중음악']","[-5.829164365422912e-05, -10.616771697998047]",뮤지컬 + 대중음악
레인보우프로젝트 vol.2 [대구],복합,복합,"김준우, 정박수 등",,"곰스컴퍼니(주최), 곰스컴퍼니(주관)",,,"['김준우', '정박수']",[],"['김준우', '정박수']",[],455,"['뮤지컬', '대중음악']","[-4.124556289752945e-05, -11.069385528564453]",뮤지컬 + 대중음악
"전원경의 아트살롱, 그림콘서트: 가을 고독한 뉴요커",복합,복합,"전원경, 김민정, 박영주, 민주신 등",,"(재)부산문화회관(주최), (재)부산문화회관(주관)",,,"['전원경', '김민정', '박영주', '민주신']",[],"['전원경', '김민정', '박영주', '민주신']",[],456,"['뮤지컬', '연극']","[-4.2914423829643056e-05, -11.008807182312012]",뮤지컬 + 연극
"수요공감, 황인유의 流 Ⅰ",복합,복합,,,국립부산국악원(주최),,,[],[],[],[],457,"['대중음악', '연극']","[-6.5205356804654e-05, -10.6045503616333]",대중음악 + 연극
서리풀 음악회,복합,복합,"박소연, 박지민 등",,"서초구청(주최), (재)서초문화재단(주관)",,,"['박소연', '박지민']",[],"['박소연', '박지민']",[],458,"['뮤지컬', '연극']","[-3.397406908334233e-05, -11.353422164916992]",뮤지컬 + 연극
제103회 전국(장애인)체전 기념 콘서트: 함께 뛰는 우리 with 초대,복합,복합,"김동현, 김민서 등",,"(재)울주문화재단(주최), (재)울주문화재단(주관)",,,"['김동현', '김민서']",[],"['김동현', '김민서']",[],459,"['연극', '대중음악']","[-7.319182623177767e-05, -10.573434829711914]",연극 + 대중음악
소월 시극: 산산이 부서진 이름이여,복합,복합,"강분도, 김희정, 이윤지, 변지현, 박인수, 한미연, 이종민 등","임성용, 류미경 등",,,,"['강분도', '김희정', '이윤지', '변지현', '박인수', '한미연', '이종민']","['임성용', '류미경']","['강분도', '김희정', '이윤지', '변지현', '박인수', '한미연', '이종민']","['임성용', '류미경']",460,"['뮤지컬', '대중음악']","[-8.689979586051777e-05, -10.196383476257324]",뮤지컬 + 대중음악
"음악으로 그리는 일곱 가지 반 고흐, 별이 빛나는 밤에 [수원]",복합,다원/융복합,"신현선, 오유석, 이희주, 정하은, 김정훈, 박병준, 오승규 등",,"경기아트센터(주최), JK아트컴퍼니(주관)",,,"['신현선', '오유석', '이희주', '정하은', '김정훈', '박병준', '오승규']",[],"['신현선', '오유석', '이희주', '정하은', '김정훈', '박병준', '오승규']",[],461,"['뮤지컬', '연극']","[-3.71926071238704e-05, -11.209867477416992]",뮤지컬 + 연극
"월간뮤지크, 동양고주파",복합,복합,,,"(재)양천문화재단(주관), 양천구(주최)",,,[],[],[],[],462,"['연극', '대중음악']","[-7.4741430580616e-05, -10.481634140014648]",연극 + 대중음악
그랜드 엑스페디션,복합,다원/융복합,,,"(주)아이엠컬처(기획사), (주)뉴컨텐츠컴퍼니(제작사)",,,[],[],[],[],463,"['연극', '대중음악']","[-8.821098163025454e-05, -10.3269681930542]",연극 + 대중음악
두두리야 어디갔니,복합,다원/융복합,"김은영, 이근재, 주여진, 임정민, 황규창","김상욱, 한우리, 박다솜 등",,,,"['김은영', '이근재', '주여진', '임정민', '황규창']","['김상욱', '한우리', '박다솜']","['김은영', '이근재', '주여진', '임정민', '황규창']","['김상욱', '한우리', '박다솜']",464,"['뮤지컬', '연극']","[-3.8742269680369645e-05, -11.198419570922852]",뮤지컬 + 연극
무브먼트 코리아 [서귀포],복합,다원/융복합,,,"한국문화예술회관연합회(KoCACA)(주관), 서귀포예술의전당(주관), 광개토사물놀이예술단(주관), 문화체육관광부(주최)",,,[],[],[],[],465,"['대중음악', '연극']","[-0.9179556965827942, -1.3147969245910645]",대중음악 + 연극
"제27회 서곶문화예술제, 개막공연",복합,복합,,,"(재)인천서구문화재단(주최), (재)인천서구문화재단(주관)",,,[],[],[],[],466,"['연극', '대중음악']","[-7.414542778860778e-05, -10.495185852050781]",연극 + 대중음악
"아트콘서트, 마티스가 사랑한 음악",복합,복합,,,"(재)부산문화회관(주최), (재)부산문화회관(주관)",,,[],[],[],[],467,"['뮤지컬', '대중음악']","[-4.029192859889008e-05, -10.99222183227539]",뮤지컬 + 대중음악
"부산시립예술단, 재밌는 클래식 맛있는 클래식",복합,복합,,,"(재)부산문화회관(주최), 부산시립예술단(주관)",,,[],[],[],[],468,"['뮤지컬', '대중음악']","[-3.9457496313843876e-05, -11.128634452819824]",뮤지컬 + 대중음악
수궁으로 떠나는 상상여행 [수원],복합,복합,"봉다운, 전태원, 최유리, 도경한, 서승희, 정기훈, 한아윤 등","박명숙, 최교익, 장혜주 등","경기아트센터(주최), 극단 독무(주관), 하이브리드문화예술연구소(주관)",,,"['봉다운', '전태원', '최유리', '도경한', '서승희', '정기훈', '한아윤']","['박명숙', '최교익', '장혜주']","['봉다운', '전태원', '최유리', '도경한', '서승희', '정기훈', '한아윤']","['박명숙', '최교익', '장혜주']",469,"['대중음악', '뮤지컬']","[-5.495397272170521e-05, -10.83278751373291]",대중음악 + 뮤지컬
특별한 만남,복합,복합,,,,,,[],[],[],[],470,"['대중음악', '연극']","[-0.9327958822250366, -1.3168141841888428]",대중음악 + 연극
The Magic 팬텀 & 퀸 [연천],복합,복합,"김봉미, 정필립, 유성녀, 김주택, 최형배 등",,"연천수레울아트홀(주관), (사)베하 필하모닉 오케스트라(주관), 한국문화예술회관연합회(KoCACA)(주최)",,,"['김봉미', '정필립', '유성녀', '김주택', '최형배']",[],"['김봉미', '정필립', '유성녀', '김주택', '최형배']",[],471,"['대중음악', '연극']","[-0.9314978718757629, -1.3142778873443604]",대중음악 + 연극
마디와 매듭,복합,복합,"김나리, 김무빈, 조아라, 김단우, 장서이, 김정수, 이채은 등","정영두, 배삼식, 최우정 등",국립아시아문화전당(제작사),,,"['김나리', '김무빈', '조아라', '김단우', '장서이', '김정수', '이채은']","['정영두', '배삼식', '최우정']","['김나리', '김무빈', '조아라', '김단우', '장서이', '김정수', '이채은']","['정영두', '배삼식', '최우정']",472,"['뮤지컬', '대중음악']","[-3.504691630951129e-05, -11.275769233703613]",뮤지컬 + 대중음악
"제22회 SPAF, 5Edges: play/games/under fragility",복합,다원/융복합,,김형민 등,"(재)예술경영지원센터(주최), (재)예술경영지원센터(주관), (재)서울문화재단(주최)",,,[],['김형민'],[],['김형민'],473,"['연극', '서커스/마술']","[-7.319182623177767e-05, -10.579878807067871]",연극 + 서커스/마술
잠시 놀다 motivated by 구운몽,복합,다원/융복합,"최병규, 이홍모, 이영규, 김현아, 박소연, 안재홍, 김동호 등","이유리, 안애순, 한상률 등",(재)서울예술단(제작사),,,"['최병규', '이홍모', '이영규', '김현아', '박소연', '안재홍', '김동호']","['이유리', '안애순', '한상률']","['최병규', '이홍모', '이영규', '김현아', '박소연', '안재홍', '김동호']","['이유리', '안애순', '한상률']",474,"['뮤지컬', '연극']","[-4.5298504119273275e-05, -10.905058860778809]",뮤지컬 + 연극
"음악으로 그리는 일곱가지 반고흐, 별이 빛나는 밤에 [부산]",복합,다원/융복합,,,"부산학생예술문화회관(주최), 부산학생예술문화회관(기획사)",,,[],[],[],[],475,"['뮤지컬', '대중음악']","[-5.1973900554003194e-05, -10.759858131408691]",뮤지컬 + 대중음악
"최정주 아트앤뮤직 큐레이션, 프로방스 2",복합,복합,최정주,,"(재)재능문화 문화예술국(주최), (재)재능문화 문화예술국(주관)",,,['최정주'],[],['최정주'],[],476,"['뮤지컬', '대중음악']","[-4.851700214203447e-05, -10.877440452575684]",뮤지컬 + 대중음악
"제22회 SPAF, 꼭두각시",복합,복합,,"이태원, 임진호 등","고블린파티(Goblin Party)(제작사), 음악동인고물(제작사), (재)예술경영지원센터(주관), (재)예술경영지원센터(주최), (재)서울문화재단(주최)",,,[],"['이태원', '임진호']",[],"['이태원', '임진호']",477,"['뮤지컬', '연극']","[-4.9828242481453344e-05, -10.78906536102295]",뮤지컬 + 연극
"서울국제공연예술제 협력프로그램, 불이 되는 숨",복합,복합,,"장수미, 신빛나리","(재)서울문화재단(주최), (재)예술경영지원센터(주최)",,,[],"['장수미', '신빛나리']",[],"['장수미', '신빛나리']",478,"['대중음악', '연극']","[-7.259582343976945e-05, -10.486544609069824]",대중음악 + 연극
태권유랑단 녹두 [하남],복합,복합,이건일 등,,"한국문화예술회관연합회(KoCACA)(주최), (재)하남문화재단(주관), 한국소리문화의전당(주관), (학)우석학원(주관)",,,['이건일'],[],['이건일'],[],479,"['대중음악', '연극']","[-0.9320328235626221, -1.34867262840271]",대중음악 + 연극
"비욘드 더 클래식 Ⅱ, 음악맛집 클래식당",복합,복합,"크리스티안 킴, 조윤경, 고영열, 구본수, 안두현 등",,,,,"['크리스티안 킴', '조윤경', '고영열', '구본수', '안두현']",[],"['크리스티안 킴', '조윤경', '고영열', '구본수', '안두현']",[],480,"['뮤지컬', '연극']","[-5.149708886165172e-05, -10.834264755249023]",뮤지컬 + 연극
The magic 팬텀 & 퀸 [과천],복합,복합,"유성녀, 김주택, 김봉미, 정필립, 최형배 등",,"과천문화재단(주관), (사)베하 필하모닉 오케스트라(주관), 한국문화예술회관연합회(KoCACA)(주최)",,,"['유성녀', '김주택', '김봉미', '정필립', '최형배']",[],"['유성녀', '김주택', '김봉미', '정필립', '최형배']",[],481,"['대중음악', '연극']","[-0.9582571387290955, -1.290295958518982]",대중음악 + 연극
"제22회 SPAF, 칭창총 소나타 No.1",복합,다원/융복합,"김미우, 니나 니크나프스, 세바스티안 페터, 유한솔",이보영,"(재)예술경영지원센터(주관), (재)예술경영지원센터(주최), (재)서울문화재단(주최)",,,"['김미우', '니나 니크나프스', '세바스티안 페터', '유한솔']",['이보영'],"['김미우', '니나 니크나프스', '세바스티안 페터', '유한솔']",['이보영'],482,"['대중음악', '연극']","[-0.9419857263565063, -1.3274775743484497]",대중음악 + 연극
"음악으로 그리는 일곱가지 반고흐, 별이 빛나는 밤에 [통영]",복합,다원/융복합,"이희주, 민우혁, 김소향, 손태진, 정하은",,"한국문화예술회관연합회(KoCACA)(주최), 통영시(주관), JK아트컴퍼니(주관)",,,"['이희주', '민우혁', '김소향', '손태진', '정하은']",[],"['이희주', '민우혁', '김소향', '손태진', '정하은']",[],483,"['대중음악', '연극']","[-0.9311127066612244, -1.3294564485549927]",대중음악 + 연극
시와 음악이 흐르는 도서관 음악회 [해남],복합,다원/융복합,"유자효, 정미애, 고민석 등",,해남군청(주최),,,"['유자효', '정미애', '고민석']",[],"['유자효', '정미애', '고민석']",[],484,"['연극', '대중음악']","[-5.9602869441732764e-05, -10.763654708862305]",연극 + 대중음악
"제946회 목요예술무대, 춤추는 서예",복합,다원/융복합,"이근요, 정지운, 오수현, 고해수, 양동환, 김경민, 이종민 등","임현태, 이진성, 윤재훈 등","(재)강남문화재단(주관), (재)강남문화재단(주최)",,,"['이근요', '정지운', '오수현', '고해수', '양동환', '김경민', '이종민']","['임현태', '이진성', '윤재훈']","['이근요', '정지운', '오수현', '고해수', '양동환', '김경민', '이종민']","['임현태', '이진성', '윤재훈']",485,"['연극', '대중음악']","[-7.4741430580616e-05, -10.445035934448242]",연극 + 대중음악
"비욘드 클래식, 음악맛집 클래식당",복합,복합,"안두현, 고영열, 구본수, 고윤경, 김경민",,"한국문화예술회관연합회(KoCACA)(주최), 홍성군(주관)",,,"['안두현', '고영열', '구본수', '고윤경', '김경민']",[],"['안두현', '고영열', '구본수', '고윤경', '김경민']",[],486,"['대중음악', '연극']","[-0.9103777408599854, -1.33237886428833]",대중음악 + 연극
잇쇼(it SHOW) [창녕],복합,다원/융복합,,,"창녕군청(창녕문화예술회관)(주관), 극단 느낌(주관), 창녕군청(창녕문화예술회관)(주최)",,,[],[],[],[],487,"['대중음악', '연극']","[-0.9555110335350037, -1.2838633060455322]",대중음악 + 연극
"제22회 SPAF, SPAFxKNCDC 동시감각",복합,다원/융복합,"박상미, 양지연, 김희준, 정종웅",김보라 등,"(재)국립현대무용단(주최), (재)예술경영지원센터(주최), (재)예술경영지원센터(주관)",,,"['박상미', '양지연', '김희준', '정종웅']",['김보라'],"['박상미', '양지연', '김희준', '정종웅']",['김보라'],488,"['대중음악', '연극']","[-0.9293026328086853, -1.3373863697052002]",대중음악 + 연극
"제22회 SPAF, 시",복합,다원/융복합,조은희,조은희,"(재)예술경영지원센터(주관), (재)예술경영지원센터(주최), (재)서울문화재단(주최)",,,['조은희'],['조은희'],['조은희'],['조은희'],489,"['대중음악', '뮤지컬']","[-5.638440416078083e-05, -10.649044036865234]",대중음악 + 뮤지컬
"다크필드 3부작, 코마",복합,다원/융복합,,,LG아트센터(주최),,,[],[],[],[],490,"['연극', '대중음악']","[-7.986703712958843e-05, -10.44863224029541]",연극 + 대중음악
"다크필드 3부작, 고스트쉽",복합,다원/융복합,,,LG아트센터(주관),,,[],[],[],[],491,"['연극', '서커스/마술']","[-6.067568756407127e-05, -10.647077560424805]",연극 + 서커스/마술
"다크필드 3부작, 플라이트",복합,다원/융복합,,,LG아트센터(주최),,,[],[],[],[],492,"['연극', '서커스/마술']","[-5.972207145532593e-05, -10.637784957885742]",연극 + 서커스/마술
윤지원 audiovisual music concert: sonic illusion,복합,다원/융복합,,"윤지원, 여운승","한국멀티미디어음악학회(주최), 계명대학교(주최)",,,[],"['윤지원', '여운승']",[],"['윤지원', '여운승']",493,"['뮤지컬', '대중음악']","[-3.2543604902457446e-05, -11.40677261352539]",뮤지컬 + 대중음악
"토요키즈클래식, 클래식으로 만나는 뮤지컬 with 할로윈 [용인]",복합,복합,"김용진, 문성현, 신민경 등",,"(재)용인문화재단(주최), (재)용인문화재단(주관)",,,"['김용진', '문성현', '신민경']",[],"['김용진', '문성현', '신민경']",[],494,"['뮤지컬', '연극']","[-4.410646579344757e-05, -10.95630168914795]",뮤지컬 + 연극
심청길 비밀레시피,복합,복합,"장길순, 박길순, 김기자, 이윤화, 이혜진, 김민희, 송민영 등","손혜정, 황호준, 문정연 등","극단 마실(기획사), 극단 마실(제작사)",,,"['장길순', '박길순', '김기자', '이윤화', '이혜진', '김민희', '송민영']","['손혜정', '황호준', '문정연']","['장길순', '박길순', '김기자', '이윤화', '이혜진', '김민희', '송민영']","['손혜정', '황호준', '문정연']",495,"['뮤지컬', '대중음악']","[-4.303362584323622e-05, -10.941575050354004]",뮤지컬 + 대중음악
갤럭시 일루전 쇼 [부산],복합,다원/융복합,"양재영, 김혜원, 김정민, 임태홍","임태홍, 박기준, 조세현 등","엘일루전(제작사), 한국문화예술회관연합회(KoCACA)(주최), (재)부산문화회관(주관), 엘일루전(주관)",,,"['양재영', '김혜원', '김정민', '임태홍']","['임태홍', '박기준', '조세현']","['양재영', '김혜원', '김정민', '임태홍']","['임태홍', '박기준', '조세현']",496,"['연극', '대중음악']","[-7.509902934543788e-05, -10.468771934509277]",연극 + 대중음악
황보종태 단독공연,복합,복합,"황보종태, 맹서령, 김선호, 유주영, 지민아, 노민수 등",,,,,"['황보종태', '맹서령', '김선호', '유주영', '지민아', '노민수']",[],"['황보종태', '맹서령', '김선호', '유주영', '지민아', '노민수']",[],497,"['대중음악', '연극']","[-0.9622668027877808, -1.2890123128890991]",대중음악 + 연극
최정원과 함께하는 문화가 있는날 [제주],복합,복합,"최정원, 이채영, 장진철, 백태진, 전성민, 그레이스 조",,"제주아트센터(주최), 제주아트센터(주관), (사)제주빌레앙상블(주관)",,,"['최정원', '이채영', '장진철', '백태진', '전성민', '그레이스 조']",[],"['최정원', '이채영', '장진철', '백태진', '전성민', '그레이스 조']",[],498,"['대중음악', '연극']","[-0.9535780549049377, -1.3284764289855957]",대중음악 + 연극
말라죽지 않을 정도만: 위기테라피 to 식물 놀 궁리 디너쇼,복합,복합,,"한아름, 조민영, 김희래 등","신촌문화발전소(서대문구청)(주최), 놀 궁리(주관)",,,[],"['한아름', '조민영', '김희래']",[],"['한아름', '조민영', '김희래']",499,"['대중음악', '연극']","[-0.9343217611312866, -1.3195388317108154]",대중음악 + 연극
"음악, 탱고를 만나다: Passion of TANGO [공주]",복합,복합,"김용진, 김성호, 박장근, 김동우, 정승희",,"문화체육관광부(주최), 한국문화예술회관연합회(KoCACA)(주관), (재)공주문화재단(주관), 공주시문화시설사업소(공주문예회관)(주관)",,,"['김용진', '김성호', '박장근', '김동우', '정승희']",[],"['김용진', '김성호', '박장근', '김동우', '정승희']",[],500,"['대중음악', '연극']","[-0.9293098449707031, -1.3106921911239624]",대중음악 + 연극
비오케이 문화산책 (10월),복합,복합,"송정연, 김재현, 김다빈, 윤병준, 김규리, 김학민, 이종빈 등",,비오케이 아트센터 (BOK아트센터)(주최),,,"['송정연', '김재현', '김다빈', '윤병준', '김규리', '김학민', '이종빈']",[],"['송정연', '김재현', '김다빈', '윤병준', '김규리', '김학민', '이종빈']",[],501,"['대중음악', '연극']","[-0.9794734716415405, -1.2628281116485596]",대중음악 + 연극
"제22회 SPAF, 빛 퍼포먼스: 심연의 숲",복합,다원/융복합,,에릭 아르날 부르취,"(재)예술경영지원센터(주최), (재)예술경영지원센터(주관)",,,[],['에릭 아르날 부르취'],[],['에릭 아르날 부르취'],502,"['대중음악', '연극']","[-0.9262430667877197, -1.325480341911316]",대중음악 + 연극
햄릿: 소리의 심리학,복합,복합,"남명지, 이진희, 이희성, 신예은, 오현진, 염보배, 신서아 등","박성민, 이지희, 이주빈 등","(재)고양문화재단(주최), 하랑씨어터(주관)",,,"['남명지', '이진희', '이희성', '신예은', '오현진', '염보배', '신서아']","['박성민', '이지희', '이주빈']","['남명지', '이진희', '이희성', '신예은', '오현진', '염보배', '신서아']","['박성민', '이지희', '이주빈']",503,"['대중음악', '연극']","[-0.9146745800971985, -1.3030264377593994]",대중음악 + 연극
"제22회 SPAF, 움직이는 숲 씨어터게임 1.0",복합,다원/융복합,,김보람,"무제의 길(제작사), Creative Group DOT(크리에이티브그룹도트)(제작사), (재)예술경영지원센터(주최), (재)예술경영지원센터(주관), (재)서울문화재단(주최)",,,[],['김보람'],[],['김보람'],504,"['대중음악', '연극']","[-0.9325578212738037, -1.270676612854004]",대중음악 + 연극
방구 대 방구 [의정부],복합,복합,,,극단 상상마당컴퍼니(주최),,,[],[],[],[],505,"['뮤지컬', '서커스/마술']","[-3.40932747349143e-05, -11.414976119995117]",뮤지컬 + 서커스/마술
"체어, 테이블, 체어 [대구]",복합,다원/융복합,"김희명, 최대성, 우석훈, 임동주, 신용, 심재성, 김한상",,"한국문화예술회관연합회(KoCACA)(주최), 봉산문화회관(주관), 팀 퍼니스트(주관)",,,"['김희명', '최대성', '우석훈', '임동주', '신용', '심재성', '김한상']",[],"['김희명', '최대성', '우석훈', '임동주', '신용', '심재성', '김한상']",[],506,"['연극', '대중음악']","[-7.998623186722398e-05, -10.381717681884766]",연극 + 대중음악
24시간 프로젝트 시즌 5,복합,복합,"남예서, 신재민, 노현진, 허대욱, 그레이스 여, 정재원, 조윤성 등",,더하우스콘서트(주최),,,"['남예서', '신재민', '노현진', '허대욱', '그레이스 여', '정재원', '조윤성']",[],"['남예서', '신재민', '노현진', '허대욱', '그레이스 여', '정재원', '조윤성']",[],507,"['뮤지컬', '연극']","[-6.067568756407127e-05, -10.525622367858887]",뮤지컬 + 연극
"월간뮤지크, 소리꾼 고영열X조윤성 트리오",복합,복합,고영열 등,,(재)양천문화재단(주최),,,['고영열'],[],['고영열'],[],508,"['연극', '대중음악']","[-7.581423415103927e-05, -10.535423278808594]",연극 + 대중음악
"제2회 N티스트페스티벌, 조선의 다빈치코드",복합,복합,,,,,,[],[],[],[],509,"['연극', '대중음악']","[-0.00010013079008786008, -10.070898056030273]",연극 + 대중음악
디즈니 픽사 필름 콘서트: 코코 인 콘서트 (11.1),복합,다원/융복합,이병욱 등,,"서울신문사(주최), 코리아쿱오케스트라(협동조합 한국쿱오케스트라)(주관)",,,['이병욱'],[],['이병욱'],[],510,"['뮤지컬', '연극']","[-3.9934315282152966e-05, -11.197582244873047]",뮤지컬 + 연극
호루이안 인민 없는 경제,복합,복합,,,옵/신 페스티벌(주최),,,[],[],[],[],511,"['대중음악', '연극']","[-0.9383945465087891, -1.3042634725570679]",대중음악 + 연극
디즈니 픽사 필름 콘서트: 코코 인 콘서트 (11.2),복합,다원/융복합,이병욱 등,,"코리아쿱오케스트라(협동조합 한국쿱오케스트라)(주최), 코리아쿱오케스트라(협동조합 한국쿱오케스트라)(주관)",,,['이병욱'],[],['이병욱'],[],512,"['대중음악', '연극']","[-0.9626488089561462, -1.287253975868225]",대중음악 + 연극
제주해녀 평화음악회,복합,복합,,,"제주시청(주최), 제주아트센터(주최), 제주시청(주관), 제주아트센터(주관), (사)제주문화기획연구소(주관)",,,[],[],[],[],513,"['뮤지컬', '대중음악']","[-4.410646579344757e-05, -10.873719215393066]",뮤지컬 + 대중음악
6×8(육 곱하기 팔) 그리고 6피트의 땅,복합,다원/융복합,,"김원범, 박석광, 김혜영 등","인천광역시남동구도시관리공단(주최), (주)아트팩토리(주최), 인천광역시남동구도시관리공단(주관), (주)아트팩토리(주관)",,,[],"['김원범', '박석광', '김혜영']",[],"['김원범', '박석광', '김혜영']",514,"['연극', '대중음악']","[-8.475421054754406e-05, -10.36568832397461]",연극 + 대중음악
다르미가틈,복합,복합,"김성필, 소재완, 김수빈, 차은미, 소명진, 신비성, 정도형 등",이지훈 등,아투즈컴퍼니(주최),,,"['김성필', '소재완', '김수빈', '차은미', '소명진', '신비성', '정도형']",['이지훈'],"['김성필', '소재완', '김수빈', '차은미', '소명진', '신비성', '정도형']",['이지훈'],515,"['연극', '대중음악']","[-7.509902934543788e-05, -10.522984504699707]",연극 + 대중음악
"부산공연콘텐츠페스타, 토끼h의 시간",복합,다원/융복합,"전성호, 이혜수, 천권준, 이혜영, 김여진, 한상훈, 이인우 등","황지선, 조용현, 이용진 등","(재)부산문화회관(주최), 예술집단 C(주관)",,,"['전성호', '이혜수', '천권준', '이혜영', '김여진', '한상훈', '이인우']","['황지선', '조용현', '이용진']","['전성호', '이혜수', '천권준', '이혜영', '김여진', '한상훈', '이인우']","['황지선', '조용현', '이용진']",516,"['연극', '뮤지컬']","[-9.226373367710039e-05, -10.323001861572266]",연극 + 뮤지컬
Sea Of Love,복합,복합,"박해준, 최성후, 이현규, 최재호, 이유청, 하민우, 이현승 등","황미숙, 조주원",퍼포먼스그룹153(주관),,,"['박해준', '최성후', '이현규', '최재호', '이유청', '하민우', '이현승']","['황미숙', '조주원']","['박해준', '최성후', '이현규', '최재호', '이유청', '하민우', '이현승']","['황미숙', '조주원']",517,"['대중음악', '연극']","[-0.9452987909317017, -1.3236565589904785]",대중음악 + 연극
"최정주 아트앤뮤직 큐레이션, 도시의 미술관 산책: 피렌체",복합,복합,최정주,,"JEI 재능문화(주최), JEI 재능문화(주관)",,,['최정주'],[],['최정주'],[],518,"['대중음악', '연극']","[-0.898240327835083, -1.3352831602096558]",대중음악 + 연극
앙상블 클라비어 힙클 [안동],복합,복합,유성은 등,,"한국문화예술회관연합회(KoCACA)(주최), 안동문화예술의전당 (평생학습원)(주관)",,,['유성은'],[],['유성은'],[],519,"['연극', '서커스/마술']","[-5.566918844124302e-05, -10.794116020202637]",연극 + 서커스/마술
제6회 대구국제컴퓨터음악제,복합,복합,,,다매체예술단 ARS(주최),,,[],[],[],[],520,"['뮤지컬', '연극']","[-5.400034933700226e-05, -10.761054039001465]",뮤지컬 + 연극
세종메세나 콘서트,복합,복합,"이제석, 최용철, 서찬휘, 이주현, 김해정, 이창현, 이영승 등","이효식, 이도건 등","세종특별자치시청(주최), (재)세종시문화재단(주관)",,,"['이제석', '최용철', '서찬휘', '이주현', '김해정', '이창현', '이영승']","['이효식', '이도건']","['이제석', '최용철', '서찬휘', '이주현', '김해정', '이창현', '이영승']","['이효식', '이도건']",521,"['연극', '대중음악']","[-7.581423415103927e-05, -10.51269817352295]",연극 + 대중음악
신노이의 일루미네이션 [광명],복합,다원/융복합,"이정석, 김보라, 이원술, 고담 등",,"(재)광명문화재단(주최), 신노이(주최), (재)광명문화재단(주관), 신노이(주관)",,,"['이정석', '김보라', '이원술', '고담']",[],"['이정석', '김보라', '이원술', '고담']",[],522,"['뮤지컬', '연극']","[-4.124556289752945e-05, -10.997315406799316]",뮤지컬 + 연극
"M.I.H 프로젝트 예술단 통합기획공연, MADE IN 화성",복합,복합,,,"(재)화성시문화재단(주관), 화성시청(주최)",,,[],[],[],[],523,"['대중음악', '연극']","[-0.9207363128662109, -1.2897984981536865]",대중음악 + 연극
"음악으로 그리는 일곱 가지 반 고흐, 별이 빛나는 밤에 [속초]",복합,다원/융복합,"이희주, 민우혁, 김소향, 손태진, 정하은 등",,"한국문화예술회관연합회(KoCACA)(주최), 속초시(주관), JK아트컴퍼니(주관)",,,"['이희주', '민우혁', '김소향', '손태진', '정하은']",[],"['이희주', '민우혁', '김소향', '손태진', '정하은']",[],524,"['대중음악', '연극']","[-0.9370081424713135, -1.2905139923095703]",대중음악 + 연극
데뷔를 대비하라,복합,복합,"이휴, 김보정, 안창용, 김바다, 이나원, 박용환, 전휘 등","김은영, 이승운, 권승연 등",(주)에이치제이컬쳐(HJ컬쳐)(주최),"고연주, 송윤아, 김유정 등",,"['이휴', '김보정', '안창용', '김바다', '이나원', '박용환', '전휘']","['김은영', '이승운', '권승연']","['이휴', '김보정', '안창용', '김바다', '이나원', '박용환', '전휘']","['김은영', '이승운', '권승연']",525,"['대중음악', '뮤지컬']","[-6.01988795096986e-05, -10.727739334106445]",대중음악 + 뮤지컬
크로이체르 소나타: 베토벤과 톨스토이의 만남 [용인],복합,복합,"박희진, 장재호, 나승준, 장희진, 김규철",함영준,"프로젝트 극악무도(주관), (재)용인문화재단(주최)",,,"['박희진', '장재호', '나승준', '장희진', '김규철']",['함영준'],"['박희진', '장재호', '나승준', '장희진', '김규철']",['함영준'],526,"['연극', '서커스/마술']","[-8.463501580990851e-05, -10.298308372497559]",연극 + 서커스/마술
The Modern 402,복합,복합,"서영주, 전재홍, 임강희, 김민, 박세진, 김건우","서윤미, 정재혁, 이진욱 등",한국문화예술위원회(주최),서윤미,,"['서영주', '전재홍', '임강희', '김민', '박세진', '김건우']","['서윤미', '정재혁', '이진욱']","['서영주', '전재홍', '임강희', '김민', '박세진', '김건우']","['서윤미', '정재혁', '이진욱']",527,"['연극', '대중음악']","[-8.11782301752828e-05, -10.417407035827637]",연극 + 대중음악
Scene＃,복합,다원/융복합,"황진아, 지민아, 이시문, 정준규,","김태경, 한민우, 송주형 등",문화상인 보부(주관),,,"['황진아', '지민아', '이시문', '정준규']","['김태경', '한민우', '송주형']","['황진아', '지민아', '이시문', '정준규']","['김태경', '한민우', '송주형']",528,"['뮤지컬', '대중음악']","[-8.356221951544285e-05, -10.127056121826172]",뮤지컬 + 대중음악
노래가 되자,복합,다원/융복합,"김다임, 김유남, 오재성, 정은혜, 최정산","이보람, 권지현, 허이나 등",아주특별한예술마을(제작사),,,"['김다임', '김유남', '오재성', '정은혜', '최정산']","['이보람', '권지현', '허이나']","['김다임', '김유남', '오재성', '정은혜', '최정산']","['이보람', '권지현', '허이나']",529,"['대중음악', '연극']","[-0.919243335723877, -1.3483843803405762]",대중음악 + 연극
The Magic 팬텀 & 퀸 [대구],복합,복합,"김봉미, 유성녀, 김주택, 정필립, 최형배 등",,"한국문화예술회관연합회(KoCACA)(주최), (재)달서문화재단 (웃는얼굴아트센터, 달서아트센터)(주관), (사)베하 필하모닉 오케스트라(주관)",,,"['김봉미', '유성녀', '김주택', '정필립', '최형배']",[],"['김봉미', '유성녀', '김주택', '정필립', '최형배']",[],530,"['대중음악', '연극']","[-0.9289517402648926, -1.3097646236419678]",대중음악 + 연극
화려,복합,복합,"이지선, 이정수, 조도연, 박호서, 정선아, 양휘성, 백지원 등","송재섭, 홍문화, 김용균 등",,,,"['이지선', '이정수', '조도연', '박호서', '정선아', '양휘성', '백지원']","['송재섭', '홍문화', '김용균']","['이지선', '이정수', '조도연', '박호서', '정선아', '양휘성', '백지원']","['송재섭', '홍문화', '김용균']",531,"['뮤지컬', '대중음악']","[-3.755022044060752e-05, -11.185404777526855]",뮤지컬 + 대중음악
신노이 SINNOI [수원],복합,복합,"이원술, 김보라, 고담, 이정석",,"수원시청(주최), (재)수원문화재단(주관), 수원SK아트리움(주관)",,,"['이원술', '김보라', '고담', '이정석']",[],"['이원술', '김보라', '고담', '이정석']",[],532,"['연극', '서커스/마술']","[-6.854299135738984e-05, -10.484724044799805]",연극 + 서커스/마술
물의감각,복합,복합,"이준, 이재하, 박종상, 이민형, 송하철, 방영문, 이민정",이준,"뮤직그룹 세움(주최), 뮤직그룹 세움(주관)",,,"['이준', '이재하', '박종상', '이민형', '송하철', '방영문', '이민정']",['이준'],"['이준', '이재하', '박종상', '이민형', '송하철', '방영문', '이민정']",['이준'],533,"['뮤지컬', '대중음악']","[-4.184158387943171e-05, -11.076034545898438]",뮤지컬 + 대중음악
"전원경의 아트살롱, 그림콘서트: 상트페테르부르크의 겨울바람",복합,복합,"전원경, 김민정, 이승윤, 김유진, 신효은",,"(재)부산문화회관(주최), (재)부산문화회관(주관)",,,"['전원경', '김민정', '이승윤', '김유진', '신효은']",[],"['전원경', '김민정', '이승윤', '김유진', '신효은']",[],534,"['뮤지컬', '대중음악']","[-4.732496745418757e-05, -10.94915771484375]",뮤지컬 + 대중음악
"그림자극으로 만나는 환상의 음악여행, 동물의 사육제 & 피터와 늑대 [김제]",복합,복합,"최진희, 배선옥, 서희경, 송은아, 민대식, 이송, 이정민 등","소중연, 이지우, 최혜령 등","김제시(김제시청)(주관), 한국문화예술회관연합회(KoCACA)(주최)",,,"['최진희', '배선옥', '서희경', '송은아', '민대식', '이송', '이정민']","['소중연', '이지우', '최혜령']","['최진희', '배선옥', '서희경', '송은아', '민대식', '이송', '이정민']","['소중연', '이지우', '최혜령']",535,"['연극', '서커스/마술']","[-6.687417771900073e-05, -10.621824264526367]",연극 + 서커스/마술
문밖의 사람들: 門外漢 이번 생은 주관식입니다,복합,복합,"최고은, 황현우, 민상용, 주소영, 박상흠 등",,"문화체육관광부(주최), (재)전통공연예술진흥재단(주관)",,,"['최고은', '황현우', '민상용', '주소영', '박상흠']",[],"['최고은', '황현우', '민상용', '주소영', '박상흠']",[],536,"['뮤지컬', '대중음악']","[-5.0424259825376794e-05, -10.78537654876709]",뮤지컬 + 대중음악
미디어아트 x 시나 쓰는 앨리스: 상실의 별,복합,다원/융복합,,,시나 쓰는 앨리스(주최),,,[],[],[],[],537,"['뮤지컬', '대중음악']","[-3.6954195820726454e-05, -11.191431045532227]",뮤지컬 + 대중음악
대한민국 동화축제 [포항],복합,복합,,,"경상북도(주최), 포항시청(주최), 경북일보(주관), 좋은사회연구원(주관)",,,[],[],[],[],538,"['서커스/마술', '연극']","[-0.00015448330668732524, -9.98296070098877]",서커스/마술 + 연극
고스트 인 더 씨어터,복합,다원/융복합,"강길완, 우상준, 황세주, 김상혁, 박시연","구도윤, 서정완, 백혜린 등","프로젝트 밈(주최), 프로젝트 밈(기획사)",,,"['강길완', '우상준', '황세주', '김상혁', '박시연']","['구도윤', '서정완', '백혜린']","['강길완', '우상준', '황세주', '김상혁', '박시연']","['구도윤', '서정완', '백혜린']",539,"['연극', '대중음악']","[-9.059495641849935e-05, -10.342355728149414]",연극 + 대중음악
크로키키 브라더스 [안양],복합,복합,,,"한국문화예술회관연합회(KoCACA)(주최), (재)안양문화예술재단(주관), 크로키키브라더스(주관)",,,[],[],[],[],540,"['연극', '대중음악']","[-8.439661905867979e-05, -10.329601287841797]",연극 + 대중음악
THE BOUNDLESS TWIST,복합,복합,,"김성태, 이상진, 문우빈 등",몸판스튜디오(주최),,,[],"['김성태', '이상진', '문우빈']",[],"['김성태', '이상진', '문우빈']",541,"['대중음악', '연극']","[-0.918795108795166, -1.3308202028274536]",대중음악 + 연극
"음악으로 그리는 일곱 가지 반 고흐, 별이 빛나는 밤에 [남양주]",복합,다원/융복합,"이희주, 김소향, 손태진, 김세환 등",,"JK아트컴퍼니(제작사), 다산아트홀(주최)",,,"['이희주', '김소향', '손태진', '김세환']",[],"['이희주', '김소향', '손태진', '김세환']",[],542,"['연극', '서커스/마술']","[-6.580135959666222e-05, -10.64856243133545]",연극 + 서커스/마술
"SAC ON SCREEN, 위대한 낙서 [제주]",복합,복합,,,"제주아트센터(주최), 제주아트센터(주관)",,,[],[],[],[],543,"['대중음악', '연극']","[-0.9011415839195251, -1.3486720323562622]",대중음악 + 연극
청소년 교과서 음악회,복합,복합,"김용복, 백승미, 김우진, 한결후, 김지애, 김시아, 문대근 등",,"문화체육관광부(주최), 한국문화예술회관연합회(KoCACA)(주관), 고창군(고창군청)(주관)",,,"['김용복', '백승미', '김우진', '한결후', '김지애', '김시아', '문대근']",[],"['김용복', '백승미', '김우진', '한결후', '김지애', '김시아', '문대근']",[],544,"['대중음악', '연극']","[-0.9288008213043213, -1.3087317943572998]",대중음악 + 연극
Recovery 춘천: 놀我YOU,복합,복합,"김재헌, 김대원, 백대운, 송수민, 윤지훈, 이상엽, 전준영 등",,(재)춘천문화재단(주관),,,"['김재헌', '김대원', '백대운', '송수민', '윤지훈', '이상엽', '전준영']",[],"['김재헌', '김대원', '백대운', '송수민', '윤지훈', '이상엽', '전준영']",[],545,"['대중음악', '연극']","[-0.947302520275116, -1.2955573797225952]",대중음악 + 연극
"감각주의 Ep1, 모네를 느끼다",복합,다원/융복합,"정우철, 민시후, 노인호",,대구학생문화센터(주최),,,"['정우철', '민시후', '노인호']",[],"['정우철', '민시후', '노인호']",[],546,"['연극', '대중음악']","[-8.618460560683161e-05, -10.349844932556152]",연극 + 대중음악
기존의 인형들: 인형의 조건들,복합,복합,남긍호 등,"남긍호, 박민호, 조용경 등",조음기관(주최),,,['남긍호'],"['남긍호', '박민호', '조용경']",['남긍호'],"['남긍호', '박민호', '조용경']",547,"['대중음악', '연극']","[-0.9365248084068298, -1.3145804405212402]",대중음악 + 연극
노크,복합,복합,,,"바디퍼커션그룹 녹녹(주최), 바디퍼커션그룹 녹녹(주관)",,,[],[],[],[],548,"['연극', '대중음악']","[-5.280832192511298e-05, -10.89283561706543]",연극 + 대중음악
레이져홀로그램쇼 [안산],복합,다원/융복합,,,드리미(주최),,,[],[],[],[],549,"['대중음악', '연극']","[-0.935467541217804, -1.3147165775299072]",대중음악 + 연극
제32회 아트레온갤러리콘서트,복합,복합,"윤철희, 한덕현, 양대원, 허희정",,"(주)아트레온(주최), (주)아트레온(기획사)",,,"['윤철희', '한덕현', '양대원', '허희정']",[],"['윤철희', '한덕현', '양대원', '허희정']",[],550,"['대중음악', '연극']","[-0.9092873930931091, -1.333235263824463]",대중음악 + 연극
김영임 & 김용임과 함께하는 희희낙락 [경기 광주],복합,복합,"김영임, 김용임, 고금성, 전영랑 등",,(재)광주시문화재단 [경기광주](주최),,,"['김영임', '김용임', '고금성', '전영랑']",[],"['김영임', '김용임', '고금성', '전영랑']",[],551,"['연극', '대중음악']","[-6.782778655178845e-05, -10.699527740478516]",연극 + 대중음악
성남아트센터 후원회 음악회: Love of winter,복합,복합,"김태민, 안붕혁, 장형환, 배지영, 이한나, 배근영, 문지양 등",,,,,"['김태민', '안붕혁', '장형환', '배지영', '이한나', '배근영', '문지양']",[],"['김태민', '안붕혁', '장형환', '배지영', '이한나', '배근영', '문지양']",[],552,"['뮤지컬', '대중음악']","[-4.172238186583854e-05, -11.092411041259766]",뮤지컬 + 대중음악
"얼리 윈터페스티벌, 잇쇼",복합,복합,,,인천문화예술회관(주최),,,[],[],[],[],553,"['대중음악', '연극']","[-0.9523785710334778, -1.3103582859039307]",대중음악 + 연극
김영임 김용임과 함께하는 희희낙락 [오산],복합,복합,"김영임, 김용임, 고금성, 전영랑",,"한국문화예술회관연합회(KoCACA)(주최), (재)오산문화재단(주관), (주)공감엔피엠(주관)",,,"['김영임', '김용임', '고금성', '전영랑']",[],"['김영임', '김용임', '고금성', '전영랑']",[],554,"['뮤지컬', '대중음악']","[-4.255681051290594e-05, -11.106829643249512]",뮤지컬 + 대중음악
극단 선인장 갈라콘서트: 씨앗,복합,복합,"김가빈, 김인선, 김태은, 박은영, 박준일, 이성준, 정수정 등","안남수, 최태식 등","선인장뮤지컬컴퍼니(주관), 선인장뮤지컬컴퍼니(주최)",,,"['김가빈', '김인선', '김태은', '박은영', '박준일', '이성준', '정수정']","['안남수', '최태식']","['김가빈', '김인선', '김태은', '박은영', '박준일', '이성준', '정수정']","['안남수', '최태식']",555,"['뮤지컬', '서커스/마술']","[-2.7179348762729205e-05, -11.574427604675293]",뮤지컬 + 서커스/마술
"흔들리며 피는 꽃 21, 낙동강 블루스",복합,복합,"최태식, 김학수, 이연희, 정진석, 형남수, 이현순, 조성진 등",,,,,"['최태식', '김학수', '이연희', '정진석', '형남수', '이현순', '조성진']",[],"['최태식', '김학수', '이연희', '정진석', '형남수', '이현순', '조성진']",[],556,"['연극', '서커스/마술']","[-6.937739817658439e-05, -10.612013816833496]",연극 + 서커스/마술
"삼청각 수요상설공연, 거꾸로프로젝트: 흥보와 놀다",복합,복합,,,"(재)세종문화회관 삼청각(주최), (재)세종문화회관 삼청각(주관)",,,[],[],[],[],557,"['연극', '대중음악']","[-8.451581379631534e-05, -10.431483268737793]",연극 + 대중음악
제주-싱가포르 교류 공연: 순환,복합,복합,,,"제주특별자치도(주최), 제주특별자치도(주관)",,,[],[],[],[],558,"['뮤지컬', '대중음악']","[-4.088794958079234e-05, -11.004676818847656]",뮤지컬 + 대중음악
새로운 음악과 영상으로 한국을 그리는 음악회 [대전],복합,다원/융복합,"허정인, 강나영, 이상미, 유현문, 정아영, 황진하, 허윤성, 이화선 등","강나영, 이상미, 김병문 등",현대음악앙상블 뉴던 (New Dawn)(주최),,,"['허정인', '강나영', '이상미', '유현문', '정아영', '황진하', '허윤성', '이화선']","['강나영', '이상미', '김병문']","['허정인', '강나영', '이상미', '유현문', '정아영', '황진하', '허윤성', '이화선']","['강나영', '이상미', '김병문']",559,"['연극', '서커스/마술']","[-7.199982064776123e-05, -10.515559196472168]",연극 + 서커스/마술
환등회,복합,다원/융복합,"김솔빈, 김은지, 박유라, 박주빈, 류이재, 윤정로, 이은석 등","공영선, 엄지은, 여다함 등","대학로극장 쿼드(주최), 대학로극장 쿼드(주관)",,,"['김솔빈', '김은지', '박유라', '박주빈', '류이재', '윤정로', '이은석']","['공영선', '엄지은', '여다함']","['김솔빈', '김은지', '박유라', '박주빈', '류이재', '윤정로', '이은석']","['공영선', '엄지은', '여다함']",560,"['대중음악', '연극']","[-5.9602869441732764e-05, -10.633852005004883]",대중음악 + 연극
경양식 돈가스,복합,다원/융복합,"김진곤, 김해중, 유혜림","남우찬, 한아름, 조연하 등",,,,"['김진곤', '김해중', '유혜림']","['남우찬', '한아름', '조연하']","['김진곤', '김해중', '유혜림']","['남우찬', '한아름', '조연하']",561,"['대중음악', '연극']","[-0.9391746520996094, -1.3112322092056274]",대중음악 + 연극
희망 나눔 콘서트 [파주],복합,복합,,,"한국예총 파주지회 (파주예총)(주최), 한국예총 파주지회 (파주예총)(주관)",,,[],[],[],[],562,"['연극', '서커스/마술']","[-6.270212179515511e-05, -10.516023635864258]",연극 + 서커스/마술
"제15회 예문학생예술단음악회, 예문학생윈드오케스트라, 예문학생시어터 공연: 홈커밍데이(Homecoming Day)",복합,복합,,,"부산학생예술문화회관(주최), 부산학생예술문화회관(기획사)",,,[],[],[],[],563,"['연극', '대중음악']","[-7.891343557275832e-05, -10.507018089294434]",연극 + 대중음악
JUXTAPOSITION of Macro Cosmos,복합,다원/융복합,"라세원, 안상화, 최지원, 민경원, 전혜정","이현민, 허범수, 권혁은 등",한국예술종합학교(주최),,,"['라세원', '안상화', '최지원', '민경원', '전혜정']","['이현민', '허범수', '권혁은']","['라세원', '안상화', '최지원', '민경원', '전혜정']","['이현민', '허범수', '권혁은']",564,"['서커스/마술', '대중무용']","[-0.00018416139937471598, -9.713882446289062]",서커스/마술 + 대중무용
달의 바다,복합,다원/융복합,"석우성, 강고은, 김선오","강고은, 김준효, 구선덕 등",스와뉴뮤직(Swanu music)(기획사),,,"['석우성', '강고은', '김선오']","['강고은', '김준효', '구선덕']","['석우성', '강고은', '김선오']","['강고은', '김준효', '구선덕']",565,"['대중음악', '연극']","[-0.9456404447555542, -1.2976189851760864]",대중음악 + 연극
"아홉번째 스윙-바이, 김바리X정은혜: 박동",복합,복합,,,,,,[],[],[],[],566,"['대중음악', '연극']","[-0.9434711337089539, -1.323915958404541]",대중음악 + 연극
디렉션 후원 나이트,복합,복합,"표인봉, 임보미, 이남현, 힘진철, 김진, 김재은 등",변유진 등,"방향인터내셔날(주최), (주) 아이비엔터테인먼트(주관), 극단 비지트(주관), 극단 초코가이즈(주관)",,,"['표인봉', '임보미', '이남현', '힘진철', '김진', '김재은']",['변유진'],"['표인봉', '임보미', '이남현', '힘진철', '김진', '김재은']",['변유진'],567,"['대중음악', '연극']","[-0.9210517406463623, -1.3350013494491577]",대중음악 + 연극
앙상블 노엘의 매지컬 싱어롱,복합,복합,"조예은, 주호영, 최설",,"비오케이 아트센터 (BOK아트센터)(주최), 비오케이 아트센터 (BOK아트센터)(주관)",,,"['조예은', '주호영', '최설']",[],"['조예은', '주호영', '최설']",[],568,"['연극', '대중음악']","[-6.878139538457617e-05, -10.583991050720215]",연극 + 대중음악
"The story 인간문화재, 신영희",복합,다원/융복합,"신영희, 김백송, 김장호, 신시온, 변서영","김채린, 손혜선, 한성수","(재)한국문화재재단(기획사), (재)한국문화재재단(주최), 문화재청(주관)",,,"['신영희', '김백송', '김장호', '신시온', '변서영']","['김채린', '손혜선', '한성수']","['신영희', '김백송', '김장호', '신시온', '변서영']","['김채린', '손혜선', '한성수']",569,"['연극', '대중음악']","[-7.295342220459133e-05, -10.593888282775879]",연극 + 대중음악
송년음악회 [보령],복합,복합,"옥주현, 김승원, 김홍연, 유예동, 김찬양, 김주영, 이지원 등",,"보령시청(주관), 보령시청(주최)",,,"['옥주현', '김승원', '김홍연', '유예동', '김찬양', '김주영', '이지원']",[],"['옥주현', '김승원', '김홍연', '유예동', '김찬양', '김주영', '이지원']",[],570,"['대중음악', '연극']","[-0.9652107954025269, -1.2839208841323853]",대중음악 + 연극
"부산시립예술단 연합공연, 크리스마스 캐롤",복합,다원/융복합,,"찰스 디킨스, 김지용, 백현주 등","(재)부산문화회관(주최), 부산시립예술단(주관)",,,[],"['찰스 디킨스', '김지용', '백현주']",[],"['찰스 디킨스', '김지용', '백현주']",571,"['대중음악', '연극']","[-0.9526077508926392, -1.2847265005111694]",대중음악 + 연극
호두까기인형 [광주],복합,다원/융복합,"이정민, 배선옥, 송은아, 원우연, 최진희, 서희경, 이송 등","이정민, 이현주, 성민제 등","국립아시아문화전당(주최), 국립아시아문화전당재단(주관)",,,"['이정민', '배선옥', '송은아', '원우연', '최진희', '서희경', '이송']","['이정민', '이현주', '성민제']","['이정민', '배선옥', '송은아', '원우연', '최진희', '서희경', '이송']","['이정민', '이현주', '성민제']",572,"['뮤지컬', '대중음악']","[-6.103329360485077e-05, -10.62081527709961]",뮤지컬 + 대중음악
제60회 K-Theater Awards,복합,복합,"윤효상, 강승민, 현대철, 신미리, 서지아 등","김홍택, 권미혜, 현대철 등","(사)한국연극협회(주최), (사)한국연극협회(주관)",,,"['윤효상', '강승민', '현대철', '신미리', '서지아']","['김홍택', '권미혜', '현대철']","['윤효상', '강승민', '현대철', '신미리', '서지아']","['김홍택', '권미혜', '현대철']",573,"['대중음악', '연극']","[-0.9165773391723633, -1.3153181076049805]",대중음악 + 연극
마주보는집 & 공감토크쇼,복합,복합,"허소영, 김만권, 신영은, 김춘자, 조재학, 김동일",정은경,"(재)춘천문화재단(주최), (재)춘천문화재단(주관)",신영은,,"['허소영', '김만권', '신영은', '김춘자', '조재학', '김동일']",['정은경'],"['허소영', '김만권', '신영은', '김춘자', '조재학', '김동일']",['정은경'],574,"['대중음악', '연극']","[-0.9542000889778137, -1.2945201396942139]",대중음악 + 연극
송년문화행사 [인천],복합,복합,"황영익, 김기태 등",,인천광역시(주최),,,"['황영익', '김기태']",[],"['황영익', '김기태']",[],575,"['대중음악', '연극']","[-0.9611839652061462, -1.2813442945480347]",대중음악 + 연극
방구 대 방구 [의정부],복합,복합,,,"극단 상상마당컴퍼니(주최), 영아츠컴퍼니(제작사), 클래식극장(제작사)",,,[],[],[],[],576,"['대중음악', '연극']","[-0.9251222014427185, -1.3141300678253174]",대중음악 + 연극
신년음악회,복합,복합,"조수미, 배일동, 이희문, 윤형주, 김도형, 김보경, 김소현 등",,"문화체육관광부(주최), 예술의전당(주관), KBS(주관), 예술의전당(기획사)",,,"['조수미', '배일동', '이희문', '윤형주', '김도형', '김보경', '김소현']",[],"['조수미', '배일동', '이희문', '윤형주', '김도형', '김보경', '김소현']",[],577,"['뮤지컬', '대중음악']","[-4.088794958079234e-05, -11.158329963684082]",뮤지컬 + 대중음악
Happy New Year [인천],복합,복합,"양지은, 박학기, 박두섭 등",,,,,"['양지은', '박학기', '박두섭']",[],"['양지은', '박학기', '박두섭']",[],578,"['대중음악', '뮤지컬']","[-4.9828242481453344e-05, -10.876055717468262]",대중음악 + 뮤지컬
"신년음악회, 소복다복(笑福多福): 계묘년",복합,복합,,,(재)광명문화재단(주관),,,[],[],[],[],579,"['대중음악', '연극']","[-0.9194740056991577, -1.331001877784729]",대중음악 + 연극
"창작산실, 김재훈의 P.N.O",복합,복합,"김재훈, 나경민, 남상봉, 양현모, 전보람 등","전보람, 김재훈",김재훈컴퍼니(제작사),,,"['김재훈', '나경민', '남상봉', '양현모', '전보람']","['전보람', '김재훈']","['김재훈', '나경민', '남상봉', '양현모', '전보람']","['전보람', '김재훈']",580,"['연극', '서커스/마술']","[-4.768258077092469e-05, -11.011487007141113]",연극 + 서커스/마술
신년음악회 [보령],복합,복합,"김바울, 고영열, 은가은 등",,"보령시청(주최), 보령시청(주관)",,,"['김바울', '고영열', '은가은']",[],"['김바울', '고영열', '은가은']",[],581,"['뮤지컬', '연극']","[-5.4596363042946905e-05, -10.759265899658203]",뮤지컬 + 연극
국립정동극장 신년음악회,복합,복합,,,"(재)국립정동극장(주최), (재)국립정동극장(제작사)",,,[],[],[],[],582,"['대중음악', '연극']","[-0.9471904635429382, -1.2991979122161865]",대중음악 + 연극
위사 페스티벌: NFF,복합,다원/융복합,"김동현, 허성영 등",,"(주)위사(주최), (주)위사(주관), 피이그(FIG)(주관)",,,"['김동현', '허성영']",[],"['김동현', '허성영']",[],583,"['연극', '대중음악']","[-8.642300235806033e-05, -10.284119606018066]",연극 + 대중음악
"제9회 경기공연예술페스타, DAY 1",복합,복합,,,,,,[],[],[],[],584,"['연극', '대중음악']","[-9.846202738117427e-05, -10.108675003051758]",연극 + 대중음악
"제9회 경기공연예술페스타, DAY 2",복합,복합,,,"경기문화재단(주최), (재)고양문화재단(주최)",,,[],[],[],[],585,"['연극', '대중음악']","[-6.19869097135961e-05, -10.757662773132324]",연극 + 대중음악
"제9회 경기공연예술페스타, DAY 3",복합,다원/융복합,,,"경기문화재단(주최), (재)고양문화재단(주최)",,,[],[],[],[],586,"['연극', '대중음악']","[-7.402622577501461e-05, -10.548487663269043]",연극 + 대중음악
the Black Show 003,복합,복합,,,닭대가리 코미디 클럽(주최),,,[],[],[],[],587,"['대중음악', '연극']","[-0.9211344122886658, -1.3163089752197266]",대중음악 + 연극
동물의 사육제 [세종],복합,복합,"강령은, 차지현, 박민선, 최소영, 토야마 나오코, 안은실, 김소희",,"비오케이 아트센터 (BOK아트센터)(주관), 세종클래식음악연구소(주관), 비오케이 아트센터 (BOK아트센터)(주최), 세종클래식음악연구소(주최)",,,"['강령은', '차지현', '박민선', '최소영', '토야마 나오코', '안은실', '김소희']",[],"['강령은', '차지현', '박민선', '최소영', '토야마 나오코', '안은실', '김소희']",[],588,"['연극', '뮤지컬']","[-7.354942499659956e-05, -10.486400604248047]",연극 + 뮤지컬
3.1절 기념 한용운이 부르는 님의 침묵,복합,복합,"김기원, 서기철, 이다미, 하만택, 박종선, 정은선, 서승현 등",,"광주필하모니오케스트라(주최), (주)코리아나매니지먼트(주관)",,,"['김기원', '서기철', '이다미', '하만택', '박종선', '정은선', '서승현']",[],"['김기원', '서기철', '이다미', '하만택', '박종선', '정은선', '서승현']",[],589,"['연극', '서커스/마술']","[-5.471556869451888e-05, -10.844736099243164]",연극 + 서커스/마술
"쌍투스코러스 겨울정기공연, To. Morrow",복합,다원/융복합,,,"쌍투스코러스(주최), 쌍투스코러스(기획사)",,,[],[],[],[],590,"['뮤지컬', '대중음악']","[-3.2782016205601394e-05, -11.300069808959961]",뮤지컬 + 대중음악
예감살롱콘서트,복합,복합,"박지영, 정혜주, 강유 등",,(주)예감(주최),,,"['박지영', '정혜주', '강유']",[],"['박지영', '정혜주', '강유']",[],591,"['연극', '대중음악']","[-9.083335316972807e-05, -10.343263626098633]",연극 + 대중음악
ACC 브런치콘서트 (패키지),복합,복합,,,,,,[],[],[],[],592,"['연극', '서커스/마술']","[-6.48477507638745e-05, -10.619834899902344]",연극 + 서커스/마술
소리가 춤을 부른다,복합,복합,"진유림, 이정희, 이윤석, 박재희, 한동희, 임현종, 김운태 등",,"(주)나우판코리아(주관), 축제의 땅(제작사)",,,"['진유림', '이정희', '이윤석', '박재희', '한동희', '임현종', '김운태']",[],"['진유림', '이정희', '이윤석', '박재희', '한동희', '임현종', '김운태']",[],593,"['대중음악', '연극']","[-0.9520551562309265, -1.292980670928955]",대중음악 + 연극
신비한 극장,복합,다원/융복합,"이소영, 박지수 등","김종원, 임용현, 임지은 등",,,,"['이소영', '박지수']","['김종원', '임용현', '임지은']","['이소영', '박지수']","['김종원', '임용현', '임지은']",594,"['뮤지컬', '대중음악']","[-6.389413465512916e-05, -10.44833755493164]",뮤지컬 + 대중음악
"탱고, 매혹",복합,복합,"김주영, 서원채, 신미자, 우호균, 유혜림, 설원준, 서혜미 등",,"(재)마포문화재단(마포아트센터)(주최), 서커스아트컴퍼니모빌(주최)",,,"['김주영', '서원채', '신미자', '우호균', '유혜림', '설원준', '서혜미']",[],"['김주영', '서원채', '신미자', '우호균', '유혜림', '설원준', '서혜미']",[],595,"['대중음악', '연극']","[-5.1377883210079744e-05, -10.827437400817871]",대중음악 + 연극
"그림 읽어주는 베토벤 the 콘서트2, 고흐 & 고갱 [의정부]",복합,다원/융복합,,,(재)의정부문화재단 (의정부예술의전당)(주최),,,[],[],[],[],596,"['대중음악', '연극']","[-0.9282514452934265, -1.3230785131454468]",대중음악 + 연극
삼일절 104돌 기념 성남시민 어울림 한마당,복합,복합,,,,,,[],[],[],[],597,"['연극', '뮤지컬']","[-9.142934868577868e-05, -10.16515064239502]",연극 + 뮤지컬
"모도다프로젝트, 감정: 팔이",복합,복합,서유리,,모도다프로젝트(주최),,,['서유리'],[],['서유리'],[],598,"['연극', '대중음악']","[-7.10462118149735e-05, -10.516250610351562]",연극 + 대중음악
피콜리스트 김원미 & 안디아모 콘서트 [안동],복합,복합,"김원미, 조성현, 이유빈, 최진석, 조선아",,"안동문화예술의전당 (평생학습원)(주최), 안동문화예술의전당 (평생학습원)(주관)",,,"['김원미', '조성현', '이유빈', '최진석', '조선아']",[],"['김원미', '조성현', '이유빈', '최진석', '조선아']",[],599,"['연극', '서커스/마술']","[-5.98412734689191e-05, -10.690215110778809]",연극 + 서커스/마술
"최정주 아트앤뮤직 큐레이션, 음악이 흐르는 도시 베네치아",복합,복합,최정주,,"JEI 재능문화(주최), JEI 재능문화(주관)",,,['최정주'],[],['최정주'],[],600,"['대중음악', '뮤지컬']","[-6.115249561844394e-05, -10.577224731445312]",대중음악 + 뮤지컬
아름다운 물레방앗간 아가씨,복합,다원/융복합,"이종덕, 강한별, 민샛별","이종덕, 강한별, 민샛별 등","스텔라아트뮤직(주최), 카르디아 오페라단(주관)",,,"['이종덕', '강한별', '민샛별']","['이종덕', '강한별', '민샛별']","['이종덕', '강한별', '민샛별']","['이종덕', '강한별', '민샛별']",601,"['뮤지컬', '대중음악']","[-4.494089080253616e-05, -10.860716819763184]",뮤지컬 + 대중음악
늘휘무용단 봄신작: Rest. Art Oars,복합,다원/융복합,"배진일, 여길랑, 남선희, 윤혜수, 김민지, 최시","김민지, 최시원, 김익현 등",김명숙 늘휘무용단(주최),,,"['배진일', '여길랑', '남선희', '윤혜수', '김민지', '최시']","['김민지', '최시원', '김익현']","['배진일', '여길랑', '남선희', '윤혜수', '김민지', '최시']","['김민지', '최시원', '김익현']",602,"['대중음악', '연극']","[-0.9490170478820801, -1.299013376235962]",대중음악 + 연극
앙리 마티스 色을 노래하다,복합,다원/융복합,"손태진, 존노, 신현선, 대니구, 문재원",,"인천문화예술회관(주관), 인천광역시(주최)",,,"['손태진', '존노', '신현선', '대니구', '문재원']",[],"['손태진', '존노', '신현선', '대니구', '문재원']",[],603,"['연극', '서커스/마술']","[-5.8887653722194955e-05, -10.767863273620605]",연극 + 서커스/마술
즉흥공감극장(Playback Theatre)봄 정기공연,복합,복합,"남궁지숙, 모미나, 손현, 송아름, 신도원, 신동미, 조윤경","모미나, 엄서현, 박은경",,,,"['남궁지숙', '모미나', '손현', '송아름', '신도원', '신동미', '조윤경']","['모미나', '엄서현', '박은경']","['남궁지숙', '모미나', '손현', '송아름', '신도원', '신동미', '조윤경']","['모미나', '엄서현', '박은경']",604,"['연극', '대중음악']","[-6.305972783593461e-05, -10.736520767211914]",연극 + 대중음악
벌나비가 찾아와서 봄소식을 전하는데,복합,복합,"박상우, 고호정, 강승의, 윤은화, 정동민, 김남훈, 문채희 등",,,,,"['박상우', '고호정', '강승의', '윤은화', '정동민', '김남훈', '문채희']",[],"['박상우', '고호정', '강승의', '윤은화', '정동민', '김남훈', '문채희']",[],605,"['대중음악', '연극']","[-0.9555101990699768, -1.2871768474578857]",대중음악 + 연극
폼 미쳤다.,복합,다원/융복합,,,메이드인동감(주최),,,[],[],[],[],606,"['대중음악', '연극']","[-0.9430015087127686, -1.296546459197998]",대중음악 + 연극
"제88회 명품콘서트, Asia & Saha 아티스트 콜라보",복합,복합,"이수인, 김지영, 서수정, 박태영, 김동현, 박수현, 권아름 등",,"을숙도문화회관(주관), 을숙도문화회관(주최)",,,"['이수인', '김지영', '서수정', '박태영', '김동현', '박수현', '권아름']",[],"['이수인', '김지영', '서수정', '박태영', '김동현', '박수현', '권아름']",[],607,"['대중음악', '연극']","[-0.9374025464057922, -1.303383708000183]",대중음악 + 연극
"오픈씨어터 오발콘 시리즈 Ⅰ, Vamonos! 돈키호테",복합,복합,"백정현, 구본수, 정필립, 이한나 등","이혜경, 송주관, 강대근 등","오픈씨어터(주관), 오픈씨어터(주최)",,,"['백정현', '구본수', '정필립', '이한나']","['이혜경', '송주관', '강대근']","['백정현', '구본수', '정필립', '이한나']","['이혜경', '송주관', '강대근']",608,"['대중음악', '연극']","[-0.9478457570075989, -1.3057736158370972]",대중음악 + 연극
"김준수와 함께하는 하남명무전, 봄, 춤으로 피어나다 [하남]",복합,복합,"정명숙, 조흥동, 김준수, 이세범, 장인숙, 조성란, 정다은 등","원지현, 이세범, 강준택 등","(재)하남문화재단(주관), (재)하남문화재단(주최)",,,"['정명숙', '조흥동', '김준수', '이세범', '장인숙', '조성란', '정다은']","['원지현', '이세범', '강준택']","['정명숙', '조흥동', '김준수', '이세범', '장인숙', '조성란', '정다은']","['원지현', '이세범', '강준택']",609,"['대중음악', '연극']","[-0.9453464150428772, -1.3187334537506104]",대중음악 + 연극
토케토리 골방콘서트,복합,복합,최윤영,,기타고라스(주최),,,['최윤영'],[],['최윤영'],[],610,"['대중음악', '연극']","[-0.9268683195114136, -1.310239315032959]",대중음악 + 연극
HAKUEI KIM X 이봉근 X 하윤주 콘서트: 3,복합,복합,"하윤주, 이봉근, 김재성, 김인영, 김성화 등",,"(주)프로덕션 고금(주최), (주)프로덕션 고금(주관)",,,"['하윤주', '이봉근', '김재성', '김인영', '김성화']",[],"['하윤주', '이봉근', '김재성', '김인영', '김성화']",[],611,"['대중음악', '연극']","[-0.950182318687439, -1.3024044036865234]",대중음악 + 연극
다페르튜토 쿼드,복합,다원/융복합,"김용빈, 이종현, 임영, 전혜인, 최도혁, 하영미, 허윤경","김건태, 유지영, 박현정 등","대학로극장 쿼드(제작사), 대학로극장 쿼드(주최), 대학로극장 쿼드(주관)",,,"['김용빈', '이종현', '임영', '전혜인', '최도혁', '하영미', '허윤경']","['김건태', '유지영', '박현정']","['김용빈', '이종현', '임영', '전혜인', '최도혁', '하영미', '허윤경']","['김건태', '유지영', '박현정']",612,"['대중음악', '연극']","[-0.9036737084388733, -1.3590912818908691]",대중음악 + 연극
"마티네콘서트 마실, 협궤열차의 꿈",복합,복합,,,,,,[],[],[],[],613,"['대중음악', '연극']","[-0.9366565942764282, -1.321293830871582]",대중음악 + 연극
"아침음악나들이 1, 존노 & 고영열",복합,복합,"존노, 고영열",,(재)고양문화재단(주최),,,"['존노', '고영열']",[],"['존노', '고영열']",[],614,"['대중음악', '연극']","[-0.9466908574104309, -1.298872470855713]",대중음악 + 연극
"통영국제음악제, 해리 파치: 플렉트럼과 타악기 춤",복합,복합,,,"통영시(주최), 통영시(주관), (재)통영국제음악재단(주최), (재)통영국제음악재단(주관)",,,[],[],[],[],615,"['대중음악', '연극']","[-0.9172319173812866, -1.3139970302581787]",대중음악 + 연극
첼로가야금 [연천],복합,복합,"김솔다니엘, 윤다영",,"연천군시설관리공단(주최), 연천수레울아트홀(주관)",,,"['김솔다니엘', '윤다영']",[],"['김솔다니엘', '윤다영']",[],616,"['대중음악', '연극']","[-0.9196632504463196, -1.3223457336425781]",대중음악 + 연극
읽은척 판소리 북 콘서트: 나는 고양이로소이다.,복합,복합,,,합굿마을문화생산자협동조합(주최),,,[],[],[],[],617,"['대중음악', '연극']","[-0.9748390913009644, -1.2765390872955322]",대중음악 + 연극
개구리왕자,복합,복합,"공예빈, 공다향","이성호, 장민호","청년테이블(기획사), 에술농장(제작사), 극단 보물섬(제작사)",장인호,,"['공예빈', '공다향']","['이성호', '장민호']","['공예빈', '공다향']","['이성호', '장민호']",618,"['대중음악', '연극']","[-0.9404293894767761, -1.3163225650787354]",대중음악 + 연극
춘하추동 디톡스 콘서트,복합,복합,"남상일, 받구윤, 최연화 등",,"상주시청(주최), 상주시청(주관)",,,"['남상일', '받구윤', '최연화']",[],"['남상일', '받구윤', '최연화']",[],619,"['대중음악', '연극']","[-0.9318780303001404, -1.275354027748108]",대중음악 + 연극
"통영국제음악회, 온드레이 아다멕: 디너",복합,복합,"샤를로트 기베, 로메오 몬테이로, 온드레이 아다멕 등",,"통영시(주최), 통영시(주관), (재)통영국제음악재단(주최), (재)통영국제음악재단(주관)",,,"['샤를로트 기베', '로메오 몬테이로', '온드레이 아다멕']",[],"['샤를로트 기베', '로메오 몬테이로', '온드레이 아다멕']",[],620,"['대중음악', '연극']","[-0.9110444784164429, -1.3057104349136353]",대중음악 + 연극
Talk Talk Talk,복합,복합,"정중화, 김덕화, 박병민, 김동문, 안재우",,"한국청소년동아리연맹(주최), 한국청소년동아리연맹(주관), (주)지앤씨 (GNC)(주관)",,,"['정중화', '김덕화', '박병민', '김동문', '안재우']",[],"['정중화', '김덕화', '박병민', '김동문', '안재우']",[],621,"['대중음악', '연극']","[-0.9367461204528809, -1.3060423135757446]",대중음악 + 연극
"춘천문화예술회관 개관 30주년, 우리 여기에: 첫째날 광장으로",복합,복합,"이유라, 최은영, 박희린, 백형민, 문창숙, 이현주, 홍향기 등",,(재)춘천문화재단(주최),,,"['이유라', '최은영', '박희린', '백형민', '문창숙', '이현주', '홍향기']",[],"['이유라', '최은영', '박희린', '백형민', '문창숙', '이현주', '홍향기']",[],622,"['대중음악', '뮤지컬']","[-6.568216485902667e-05, -10.496221542358398]",대중음악 + 뮤지컬
제4회 장애인의 날 기념 위더스콘서트,복합,복합,"이성국, 김혜영, 황기순, 김동규, 정동하, 조성모, 송강호 등",,"사회적 협동조합 드림온(주최), 사회적 협동조합 드림온(주관)",,,"['이성국', '김혜영', '황기순', '김동규', '정동하', '조성모', '송강호']",[],"['이성국', '김혜영', '황기순', '김동규', '정동하', '조성모', '송강호']",[],623,"['대중음악', '뮤지컬']","[-5.245071224635467e-05, -10.840271949768066]",대중음악 + 뮤지컬
Re:born과 함께하는 Refresh Concert,복합,복합,"박호민, 정승화, 한정현, 민종호, 강문종 등",,"영도문화예술회관(주최), 영도문화예술회관(주관)",,,"['박호민', '정승화', '한정현', '민종호', '강문종']",[],"['박호민', '정승화', '한정현', '민종호', '강문종']",[],624,"['뮤지컬', '대중음악']","[-4.31528314948082e-05, -10.947328567504883]",뮤지컬 + 대중음악
"아름다운 동행 우리함께, SING A SONG",복합,복합,,,"서귀포예술의전당(주최), 서귀포예술의전당(주관)",,,[],[],[],[],625,"['뮤지컬', '대중음악']","[-3.7431014789035544e-05, -11.184235572814941]",뮤지컬 + 대중음악
"퍼플엘리, 에펠탑 앞에서 사진찍기",복합,복합,"이주희, 남영주, 정지현, 이주영, 최재호, 지혜림",,"제주아트센터(주최), 힘즈뮤직(주관)",,,"['이주희', '남영주', '정지현', '이주영', '최재호', '지혜림']",[],"['이주희', '남영주', '정지현', '이주영', '최재호', '지혜림']",[],626,"['대중음악', '뮤지컬']","[-6.48477507638745e-05, -10.453529357910156]",대중음악 + 뮤지컬
"24시간 프로젝트 시즌6: 박지혁, 천지윤, 상흠, 박지선",복합,다원/융복합,"박지혁, 천지윤, 박지선 등",,더하우스콘서트(기획사),,,"['박지혁', '천지윤', '박지선']",[],"['박지혁', '천지윤', '박지선']",[],627,"['뮤지컬', '대중음악']","[-4.362964682513848e-05, -11.016321182250977]",뮤지컬 + 대중음악
"인 하우스 아티스트 시리즈 I, 이진상",복합,다원/융복합,"이진상, 차진엽, 김은혜",,"롯데문화재단(주최), 롯데문화재단(주관)",,,"['이진상', '차진엽', '김은혜']",[],"['이진상', '차진엽', '김은혜']",[],628,"['뮤지컬', '연극']","[-3.766942609217949e-05, -11.34078311920166]",뮤지컬 + 연극
"전원경의 아트살롱, 그림콘서트: 봄을 맞은 파리",복합,다원/융복합,"김예성, 정예찬, 현서진 등",,"(재)당진문화재단(주최), 당진문예의전당(주관)",,,"['김예성', '정예찬', '현서진']",[],"['김예성', '정예찬', '현서진']",[],629,"['뮤지컬', '대중음악']","[-3.0517112463712692e-05, -11.413103103637695]",뮤지컬 + 대중음악
소녀의 꿈,복합,복합,"박종화, 이정표 등",,"(재)금천문화재단(주최), (재)금천문화재단(주관)",,,"['박종화', '이정표']",[],"['박종화', '이정표']",[],630,"['연극', '서커스/마술']","[-6.627816765103489e-05, -10.598939895629883]",연극 + 서커스/마술
룰루랄라와 함께하는 동화책 콘서트,복합,복합,,,협동조합 문화기획단 마주(주최),,,[],[],[],[],631,"['대중음악', '연극']","[-0.9416521787643433, -1.307762861251831]",대중음악 + 연극
Lovely Concert: 매혹적인 클림트의 그림과 함께하는 아름다운 음악회,복합,다원/융복합,"배수진, 강희영, 윤석, 조완수, 박효진, 이희연, 윤정수",,"해운대문화회관(주최), (주)에스제이엔터(주관)",,,"['배수진', '강희영', '윤석', '조완수', '박효진', '이희연', '윤정수']",[],"['배수진', '강희영', '윤석', '조완수', '박효진', '이희연', '윤정수']",[],632,"['대중음악', '연극']","[-0.9593409299850464, -1.3095570802688599]",대중음악 + 연극
"제76회 (사)한국여성작곡가회 봄 정기발표회, 도약",복합,복합,"김사랑, 김주헤, 류경선, 박영란, 심유주, 정연옥, 김철진 등",,"(사)한국여성작곡가회(주최), 현대문화기획(주최), 현대문화기획(주관)",,,"['김사랑', '김주헤', '류경선', '박영란', '심유주', '정연옥', '김철진']",[],"['김사랑', '김주헤', '류경선', '박영란', '심유주', '정연옥', '김철진']",[],633,"['대중음악', '연극']","[-0.9263579845428467, -1.3181959390640259]",대중음악 + 연극
더 퍼스트 뮤직 IN 슬램덩크,복합,복합,"강수진, 엄상현, 신용우, 장민혁, 최낙윤, 장동국, 박상민 등",,"(주)더존테크윌(주최), 스튜디오 더존(주관)",,,"['강수진', '엄상현', '신용우', '장민혁', '최낙윤', '장동국', '박상민']",[],"['강수진', '엄상현', '신용우', '장민혁', '최낙윤', '장동국', '박상민']",[],634,"['대중음악', '연극']","[-0.9523506760597229, -1.2981810569763184]",대중음악 + 연극
별주부전,복합,복합,"김유희, 이원경, 김평석, 성보나, 박명현, 김명준, 권아림 등","여성구, 채지혜, 이원경 등",국립국악원(주최),,,"['김유희', '이원경', '김평석', '성보나', '박명현', '김명준', '권아림']","['여성구', '채지혜', '이원경']","['김유희', '이원경', '김평석', '성보나', '박명현', '김명준', '권아림']","['여성구', '채지혜', '이원경']",635,"['대중음악', '연극']","[-0.9299938082695007, -1.3196258544921875]",대중음악 + 연극
광주상설공연(5월),복합,복합,,,"광주시청[경기](주최), 광주예술의전당 (구. 광주문화예술회관)(주관)",,,[],[],[],[],636,"['대중음악', '뮤지컬']","[-4.851700214203447e-05, -10.88317584991455]",대중음악 + 뮤지컬
춘천시립교향악단 패밀리콘서트1,복합,다원/융복합,,,춘천시립교향악단(주최),,,[],[],[],[],637,"['대중음악', '연극']","[-0.9400314688682556, -1.2950433492660522]",대중음악 + 연극
원주시민과 함께하는 열린음악회 [원주],복합,복합,"김덕수, 진승훈, 위연승, 박현기, 윤형욱, 정주영, 박종성 등",,"(재)원주문화재단(주최), (재)원주문화재단(주관), (주)원앤원엔터테인먼트(기획사)",,,"['김덕수', '진승훈', '위연승', '박현기', '윤형욱', '정주영', '박종성']",[],"['김덕수', '진승훈', '위연승', '박현기', '윤형욱', '정주영', '박종성']",[],638,"['대중음악', '연극']","[-0.9218626618385315, -1.3254033327102661]",대중음악 + 연극
"광주시립교향악단, 그림자극과 함께하는 키즈클래식",복합,복합,김영언 등,,"광주예술의전당 (구. 광주문화예술회관)(주최), 광주시립교향악단(주관)",,,['김영언'],[],['김영언'],[],639,"['연극', '대중음악']","[-7.283422019099817e-05, -10.599660873413086]",연극 + 대중음악
레이저 무브 아트쇼,복합,다원/융복합,,,,,,[],[],[],[],640,"['연극', '대중음악']","[-0.00011646069469861686, -9.968368530273438]",연극 + 대중음악
"피카스 그림동화 음악회, 장난감 병정과 발레리나",복합,복합,"윤혜경, 황지수, 홍성민, 김에슬, 김경선 등",,"피카스(PICAS)(주최), 이든예술기획(주관), 이든예술기획(주관)",,,"['윤혜경', '황지수', '홍성민', '김에슬', '김경선']",[],"['윤혜경', '황지수', '홍성민', '김에슬', '김경선']",[],641,"['연극', '대중음악']","[-7.486063259420916e-05, -10.462926864624023]",연극 + 대중음악
페페의 꿈 [춘천],복합,복합,,,"(재)예술경영지원센터(주최), (재)춘천인형극제(주최), (재)춘천인형극제(주관), 음악극창작집단톰방(주관)",,,[],[],[],[],642,"['연극', '서커스/마술']","[-5.829164365422912e-05, -10.737874984741211]",연극 + 서커스/마술
가슴이 콩닥콩닥 [창원],복합,복합,"김영재, 인윤선, 윤사랑, 박장원, 윤한나, 위초연, 윤성근 등","김 현, 김태희, 최성민 등","(재)창원문화재단(주최), (재)창원문화재단(주관)",,,"['김영재', '인윤선', '윤사랑', '박장원', '윤한나', '위초연', '윤성근']","['김 현', '김태희', '최성민']","['김영재', '인윤선', '윤사랑', '박장원', '윤한나', '위초연', '윤성근']","['김 현', '김태희', '최성민']",643,"['연극', '뮤지컬']","[-0.00011359999916749075, -10.08348274230957]",연극 + 뮤지컬
방귀 며느리 [통영],복합,복합,"장예리, 정열, 허윤, 이경구, 유병욱, 박가영 등","배새암, 이경구 등","한국문화예술회관연합회(KoCACA)(주최), 통영시(주관), 아픽 (art-pig)(주관)",,,"['장예리', '정열', '허윤', '이경구', '유병욱', '박가영']","['배새암', '이경구']","['장예리', '정열', '허윤', '이경구', '유병욱', '박가영']","['배새암', '이경구']",644,"['서커스/마술', '대중무용']","[-0.0001255195093108341, -9.871444702148438]",서커스/마술 + 대중무용
내시십분 콘서트 [부산],복합,복합,,,"다해아트미디어(주최), 다해아트미디어(주관)",,,[],[],[],[],645,"['서커스/마술', '대중무용']","[-0.00010024998482549563, -10.180338859558105]",서커스/마술 + 대중무용
수상한스테이지 (5월),복합,복합,"이가연, 김도현, 김신비, 반예림, 조은세 등",,"수상한 창고(수상한협동조합)(주최), 수상한 창고(수상한협동조합)(주관), 수상한 창고(수상한협동조합)(제작사)",,,"['이가연', '김도현', '김신비', '반예림', '조은세']",[],"['이가연', '김도현', '김신비', '반예림', '조은세']",[],646,"['연극', '대중음악']","[-6.627816765103489e-05, -10.588665962219238]",연극 + 대중음악
그림이 오감를 만났을때: 감각주의,복합,다원/융복합,"정우철, 민시후, 노인호",,"대덕문화전당(주최), 대덕문화전당(주관)",,,"['정우철', '민시후', '노인호']",[],"['정우철', '민시후', '노인호']",[],647,"['대중음악', '연극']","[-0.9211658239364624, -1.3173093795776367]",대중음악 + 연극
봄 ＆ 희망 콘서트 [대구],복합,복합,"이동환, 고수진, 권재희, 박신해, 이윤경 등",,"대구문화예술진흥원(주최), (재)대구오페라하우스(주관), (재)대구오페라하우스(주관)",,,"['이동환', '고수진', '권재희', '박신해', '이윤경']",[],"['이동환', '고수진', '권재희', '박신해', '이윤경']",[],648,"['연극', '대중음악']","[-6.115249561844394e-05, -10.806112289428711]",연극 + 대중음악
반짝반짝 그 찬란한 날 [대구],복합,복합,,,대구학생문화센터(주최),,,[],[],[],[],649,"['대중음악', '연극']","[-0.9176867008209229, -1.3066915273666382]",대중음악 + 연극
스페이스 크루즈(SPACE CRUISE),복합,복합,"홍종철, 김성은, 김보런, 김남훈, 김예송, 김태림, 부희주 등","김남훈, 정진용, 김학영 등","서귀포예술의전당(주최), (사)제주빌레앙상블(주관)",,,"['홍종철', '김성은', '김보런', '김남훈', '김예송', '김태림', '부희주']","['김남훈', '정진용', '김학영']","['홍종철', '김성은', '김보런', '김남훈', '김예송', '김태림', '부희주']","['김남훈', '정진용', '김학영']",650,"['뮤지컬', '서커스/마술']","[-2.9444261599564925e-05, -11.506209373474121]",뮤지컬 + 서커스/마술
"브람스의 구연동화 연가곡, 아름다운 마겔로네",복합,복합,"이종덕, 이천초, 강한별, 민샛별 등","이종덕, 사공예원 등",카르디아 오페라단(주최),,,"['이종덕', '이천초', '강한별', '민샛별']","['이종덕', '사공예원']","['이종덕', '이천초', '강한별', '민샛별']","['이종덕', '사공예원']",651,"['대중음악', '연극']","[-0.950705349445343, -1.297046184539795]",대중음악 + 연극
"천재 모차르트, 라마",복합,복합,"이승철, 김기종, 전재현, 강승호, 김정희, 임옥진, 이지아 등","이승철, 김기종, 이수정 등","스토리피아노(주최), 카랑엔터테인먼트(주최), 다이아예술문화단체(주최), 스토리피아노(주관)",,,"['이승철', '김기종', '전재현', '강승호', '김정희', '임옥진', '이지아']","['이승철', '김기종', '이수정']","['이승철', '김기종', '전재현', '강승호', '김정희', '임옥진', '이지아']","['이승철', '김기종', '이수정']",652,"['대중음악', '연극']","[-0.9454503059387207, -1.3201279640197754]",대중음악 + 연극
"고스트쉽, 코마 [세종]",복합,다원/융복합,,,"(재)세종시문화관광재단(주최), (재)세종시문화관광재단(기획사)",,,[],[],[],[],653,"['뮤지컬', '대중음악']","[-4.7444173105759546e-05, -10.709159851074219]",뮤지컬 + 대중음악
"Asia & Saha Ⅱ, 중국편 (5.17)",복합,복합,"예 웨이양, 센 빙, 우 양, 우 팡, 김희정, 박태영, 김동현 등",,"을숙도문화회관(주최), 을숙도문화회관(주관)",,,"['예 웨이양', '센 빙', '우 양', '우 팡', '김희정', '박태영', '김동현']",[],"['예 웨이양', '센 빙', '우 양', '우 팡', '김희정', '박태영', '김동현']",[],654,"['뮤지컬', '대중음악']","[-4.327203714638017e-05, -11.008744239807129]",뮤지컬 + 대중음악
"오월국제교류음악회, 평화와 희망을 기원하는 함께가자 희망찬 세상으로",복합,복합,,,"광산구청(주최), 광주광산구립합창단(주관)",,,[],[],[],[],655,"['대중음악', '연극']","[-0.9406033158302307, -1.279463768005371]",대중음악 + 연극
동물의 사육제 & 피터와 늑대 [광양],복합,복합,"최진희, 배선옥, 서희경, 송은아, 민대식, 이송, 이정민 등","소중연, 이지우, 최혜령 등","광양문화예술회관(광양시청)(주최), 광양문화예술회관(광양시청)(주관)",,,"['최진희', '배선옥', '서희경', '송은아', '민대식', '이송', '이정민']","['소중연', '이지우', '최혜령']","['최진희', '배선옥', '서희경', '송은아', '민대식', '이송', '이정민']","['소중연', '이지우', '최혜령']",656,"['대중음악', '연극']","[-0.9514561295509338, -1.314773678779602]",대중음악 + 연극
"춘향, 날개를 뜯긴 새 [서울]",복합,복합,"조하늘, 전진홍, 이혁, 박지연, 성유빈, 윤성준, 박소현 등","노우성, 이규운, 이형주 등","(재)국립정동극장(주최), (재)국립정동극장(주관)",,,"['조하늘', '전진홍', '이혁', '박지연', '성유빈', '윤성준', '박소현']","['노우성', '이규운', '이형주']","['조하늘', '전진홍', '이혁', '박지연', '성유빈', '윤성준', '박소현']","['노우성', '이규운', '이형주']",657,"['대중음악', '연극']","[-0.9439519047737122, -1.316540002822876]",대중음악 + 연극
Reflection,복합,복합,"노은실, Jan Pech, 백다솜",,중력장(주최),,,"['노은실', 'Jan Pech', '백다솜']",[],"['노은실', 'Jan Pech', '백다솜']",[],658,"['연극', '대중음악']","[-8.141662692651153e-05, -10.369457244873047]",연극 + 대중음악
미디어아트와 함께 하는 춤 이야기: The Moon [용인],복합,다원/융복합,,,(재)용인문화재단(주최),,,[],[],[],[],659,"['뮤지컬', '대중음악']","[-5.793403761344962e-05, -10.6675386428833]",뮤지컬 + 대중음악
예술봄소리와 함께하는 EQ－UP (오전),복합,복합,"고영신, 이지선, 박현정, 백사론, 송다은 등",,"비오케이 아트센터 (BOK아트센터)(주최), 비오케이 아트센터 (BOK아트센터)(주관)",,,"['고영신', '이지선', '박현정', '백사론', '송다은']",[],"['고영신', '이지선', '박현정', '백사론', '송다은']",[],660,"['대중음악', '연극']","[-8.272782724816352e-05, -10.378191947937012]",대중음악 + 연극
신현대 콘서트: 파키스탄 카라코람 히말라야 히스파빙하 원정대 후원콘서트,복합,복합,"진수영, 김설령, 허영택",,산악음악연구소(주최),,,"['진수영', '김설령', '허영택']",[],"['진수영', '김설령', '허영택']",[],661,"['대중음악', '연극']","[-0.9292604327201843, -1.3142836093902588]",대중음악 + 연극
마티네 콘서트 [용인],복합,복합,"김동규, 이상우, 변진섭, 최근순, 박해미, 최정원, 윤승업, 한아름 등",,"(재)용인문화재단(주최), (재)용인문화재단(주관)",,,"['김동규', '이상우', '변진섭', '최근순', '박해미', '최정원', '윤승업', '한아름']",[],"['김동규', '이상우', '변진섭', '최근순', '박해미', '최정원', '윤승업', '한아름']",[],662,"['대중음악', '뮤지컬']","[-5.602679812000133e-05, -10.787951469421387]",대중음악 + 뮤지컬
DUO RECITAL,복합,복합,"김은희, 류정연, 정호정, 홍지혜, 유윤주, 조사방, 박경훈 등",,현대문화기획(주최),,,"['김은희', '류정연', '정호정', '홍지혜', '유윤주', '조사방', '박경훈']",[],"['김은희', '류정연', '정호정', '홍지혜', '유윤주', '조사방', '박경훈']",[],663,"['대중음악', '연극']","[-0.9427320957183838, -1.284332036972046]",대중음악 + 연극
"일상문화도시 페스티벌, 강북Festa",복합,복합,,,"(재)강북문화재단(주최), 강북구청(주최)",,,[],[],[],[],664,"['대중음악', '뮤지컬']","[-5.066266385256313e-05, -10.839896202087402]",대중음악 + 뮤지컬
"노래극,  오월",복합,복합,"이기녕, 승지나, 전승일, 박현서, 주홍, 홍성담 등",,"전남5.18민중항쟁 43주년 기념행사위원회(주최), (재)홍리김오월평화문화재단(주관)",,,"['이기녕', '승지나', '전승일', '박현서', '주홍', '홍성담']",[],"['이기녕', '승지나', '전승일', '박현서', '주홍', '홍성담']",[],665,"['뮤지컬', '대중음악']","[-4.565611743601039e-05, -10.940529823303223]",뮤지컬 + 대중음악
김봉곤 훈장과 함께하는 NEW 조선통신사,복합,복합,"김봉곤, 김다현, 임상규 등",,"한국문화예술회관연합회(KoCACA)(주최), 무안군청(주관), 안산시립국악단(주관)",,,"['김봉곤', '김다현', '임상규']",[],"['김봉곤', '김다현', '임상규']",[],666,"['연극', '대중음악']","[-7.021180499577895e-05, -10.571232795715332]",연극 + 대중음악
옹칼의 비밀 [강릉],복합,복합,"김동훈, 김태기, 이희경, 장혜령, 권다림, 윤국중, 조은진 등","김재현, 서승현, 정은혜 등","(사)아트컴퍼니 해랑(제작사), 문화체육관광부(주최), 문화체육관광부(주관), 강원특별자치도청(주최), 강원특별자치도청(주관), 강릉시청(주최), 강릉시청(주관), 강릉아트센터(주최), 강릉아트센터(주관), (재)강릉문화재단(주최), (재)강릉문화재단(주관)",,,"['김동훈', '김태기', '이희경', '장혜령', '권다림', '윤국중', '조은진']","['김재현', '서승현', '정은혜']","['김동훈', '김태기', '이희경', '장혜령', '권다림', '윤국중', '조은진']","['김재현', '서승현', '정은혜']",667,"['대중음악', '뮤지컬']","[-5.972207145532593e-05, -10.529153823852539]",대중음악 + 뮤지컬
"꿈 같은 마술이야기, 몽환록 [세종]",복합,복합,,,이모션콘텐츠(주최),,,[],[],[],[],668,"['뮤지컬', '대중음악']","[-4.2437604861333966e-05, -11.03693962097168]",뮤지컬 + 대중음악
저녁을 닮은 음악 (5월),복합,복합,"이주희, 남영주, 정지현, 김지영",,"울산광역시 북구(주최), 울산북구문화예술회관(주관)",,,"['이주희', '남영주', '정지현', '김지영']",[],"['이주희', '남영주', '정지현', '김지영']",[],669,"['연극', '대중음악']","[-6.031808152329177e-05, -10.734007835388184]",연극 + 대중음악
"키즈콘서트2, 클래식 in 발레 [화성]",복합,복합,"김재원, 최재원, 최정현, 문명환, 장우리, 이현옥, 김란도 등",,"화성시청(주최), (재)화성시문화재단(주관)",,,"['김재원', '최재원', '최정현', '문명환', '장우리', '이현옥', '김란도']",[],"['김재원', '최재원', '최정현', '문명환', '장우리', '이현옥', '김란도']",[],670,"['연극', '대중음악']","[-6.687417771900073e-05, -10.635841369628906]",연극 + 대중음악
그림자극과 함께하는 동물의 사육제,복합,복합,"이상명, 이리안, 한아름, 조형준, 함혜정, 손혜민, 김진탁 등",,"카리스 프로덕션(주최), 카리스 프로덕션(주관), 콘체르트 앙상블 <노래위에 날개위에>(주최), 콘체르트 앙상블 <노래위에 날개위에>(주관)",,,"['이상명', '이리안', '한아름', '조형준', '함혜정', '손혜민', '김진탁']",[],"['이상명', '이리안', '한아름', '조형준', '함혜정', '손혜민', '김진탁']",[],671,"['연극', '서커스/마술']","[-5.507317473529838e-05, -10.88196849822998]",연극 + 서커스/마술
꿈꾸는 어린이 예술극장 [공주],복합,복합,,,"문화체육관광부(주최), 한국문화예술회관연합회(KoCACA)(주관), 공주문화관광재단(공주문예회관)(주관), (재)공주문화재단(주관)",,,[],[],[],[],672,"['연극', '대중음악']","[-7.939023635117337e-05, -10.500259399414062]",연극 + 대중음악
광주상설공연(6월),복합,복합,,,"광주예술의전당 (구. 광주문화예술회관)(주최), 광주예술의전당 (구. 광주문화예술회관)(주관)",,,[],[],[],[],673,"['대중음악', '연극']","[-0.9354633688926697, -1.300809621810913]",대중음악 + 연극
단오지향,복합,복합,"박인선, 김영찬, 김성의, 송재윤, 이상화, 이재현, 김우진 등","최지연, 오경택, 경민선 등","문화체육관광부(주최), 강원특별자치도청(주최), 강릉시청(주최), 강릉아트센터(주최), 문화체육관광부(주관), 강원특별자치도청(주관), 강릉시청(주관), 강릉아트센터(주관), (재)강릉문화재단(주최), (재)강릉문화재단(주관), (주)인사이트모션 서울돈화문국악당(제작사)",,,"['박인선', '김영찬', '김성의', '송재윤', '이상화', '이재현', '김우진']","['최지연', '오경택', '경민선']","['박인선', '김영찬', '김성의', '송재윤', '이상화', '이재현', '김우진']","['최지연', '오경택', '경민선']",674,"['대중음악', '연극']","[-0.9119513630867004, -1.308434009552002]",대중음악 + 연극
낭만 정원 콘서트: 낭만가객 조선판 풍류 [순천],복합,복합,"최백호, 동화락, 남상일, 박구윤, 김명진, 임재현, 김산옥 등",,"문화체육관광부(주최), 한국문화예술회관연합회(KoCACA)(주관), 순천시문화예술회관(주관), 순천시문화예술회관(기획사)",,,"['최백호', '동화락', '남상일', '박구윤', '김명진', '임재현', '김산옥']",[],"['최백호', '동화락', '남상일', '박구윤', '김명진', '임재현', '김산옥']",[],675,"['대중음악', '연극']","[-0.949015200138092, -1.288224458694458]",대중음악 + 연극
"제21회 정기공연 마상무예, 선기대 화성을 달리다",복합,복합,,권호성,"수원시립공연단(주관), 수원시청(주최)",,,[],['권호성'],[],['권호성'],676,"['대중음악', '연극']","[-0.945639431476593, -1.296148657798767]",대중음악 + 연극
Harmony of Light [인천],복합,다원/융복합,,,"인천학생교육문화회관(주최), 한국문화예술회관연합회(KoCACA)(주최)",,,[],[],[],[],677,"['대중음악', '연극']","[-0.9211795330047607, -1.319152593612671]",대중음악 + 연극
만해 한용운 선생 79주기 추모예술제,복합,복합,"이건영, 김승회, 최은실, 송형은, 김예다, 김주리, 임덕수 등",이주영 등,(주)이노스토리(기획사),,,"['이건영', '김승회', '최은실', '송형은', '김예다', '김주리', '임덕수']",['이주영'],"['이건영', '김승회', '최은실', '송형은', '김예다', '김주리', '임덕수']",['이주영'],678,"['대중음악', '연극']","[-0.9318597912788391, -1.3114193677902222]",대중음악 + 연극
아웃풋 부산 6주년 [서울],복합,복합,,,"(주)비엔엘컬쳐스(주최), (주)비엔엘컬쳐스(기획사)",,,[],[],[],[],679,"['대중음악', '연극']","[-0.9223095178604126, -1.3052997589111328]",대중음악 + 연극
어느 삐에로의 사랑 이야기,복합,복합,"김라희, 윤현정, 황재원, 김민지, 김성진, 박은미, 김새은 등","장유상, 김수진, 이형진 등","(주)터틀 컴퍼니(주최), (주)터틀 컴퍼니(주관)",,,"['김라희', '윤현정', '황재원', '김민지', '김성진', '박은미', '김새은']","['장유상', '김수진', '이형진']","['김라희', '윤현정', '황재원', '김민지', '김성진', '박은미', '김새은']","['장유상', '김수진', '이형진']",680,"['뮤지컬', '연극']","[-3.516612196108326e-05, -11.259883880615234]",뮤지컬 + 연극
"브런치 콘서트, 김효영의 아름답고 신비한 생황의 초대 (6월)",복합,복합,"김효영, 박윤우, 강찬욱, 조영훈, 박병재",,"안동문화예술의전당 (평생학습원)(주최), 안동문화예술의전당 (평생학습원)(주관)",,,"['김효영', '박윤우', '강찬욱', '조영훈', '박병재']",[],"['김효영', '박윤우', '강찬욱', '조영훈', '박병재']",[],681,"['뮤지컬', '대중음악']","[-4.935142715112306e-05, -10.749229431152344]",뮤지컬 + 대중음악
"The e-끌림 국악 콘서트, 유네스코 창작품 우리네 보물찾기",복합,복합,"김다솜, 안하윤, 고현아, 안유진, 이수민, 정애린, 김준호 등",,"한국문화예술회관연합회(KoCACA)(주최), 해운대문화회관(주최)",,,"['김다솜', '안하윤', '고현아', '안유진', '이수민', '정애린', '김준호']",[],"['김다솜', '안하윤', '고현아', '안유진', '이수민', '정애린', '김준호']",[],682,"['연극', '서커스/마술']","[-6.663577369181439e-05, -10.65822982788086]",연극 + 서커스/마술
타악 & DJ퍼포먼스 BEAT OF SCHOOL,복합,복합,"이순만, 박종대, 이순하, 채우리, 정의철, 김동원","박종대, 채우리, 이여송 등","전라북도문화관광재단(주최), 고창군(고창군청)(주관), 전주덕진예술회관(주관)",,,"['이순만', '박종대', '이순하', '채우리', '정의철', '김동원']","['박종대', '채우리', '이여송']","['이순만', '박종대', '이순하', '채우리', '정의철', '김동원']","['박종대', '채우리', '이여송']",683,"['연극', '대중음악']","[-7.450303382938728e-05, -10.611706733703613]",연극 + 대중음악
"굿모닝콘서트, 비원 of No boundary",복합,복합,"박태영, 김동현, 길혜진, 조영식, 최승한, 유시은",,"을숙도문화회관(주최), 을숙도문화회관(주관)",,,"['박태영', '김동현', '길혜진', '조영식', '최승한', '유시은']",[],"['박태영', '김동현', '길혜진', '조영식', '최승한', '유시은']",[],684,"['연극', '서커스/마술']","[-7.521823135903105e-05, -10.530120849609375]",연극 + 서커스/마술
"토크콘서트, Save the planet",복합,복합,,,"울산광역시학생교육문화회관(주최), 울산광역시학생교육문화회관(기획사)",,,[],[],[],[],685,"['대중음악', '연극']","[-0.9125620722770691, -1.3360469341278076]",대중음악 + 연극
"JUKEBOX OPERA, 내가 너라면? BODY CHANGE [광주]",복합,복합,"김성근, 박혜경, 김태연, 한여름, 김치영, 임지연","이경은, 임지연, 박혜경 등",비바무지카(주관),,,"['김성근', '박혜경', '김태연', '한여름', '김치영', '임지연']","['이경은', '임지연', '박혜경']","['김성근', '박혜경', '김태연', '한여름', '김치영', '임지연']","['이경은', '임지연', '박혜경']",686,"['대중음악', '연극']","[-0.9143592715263367, -1.3284201622009277]",대중음악 + 연극
환대 (歡待),복합,다원/융복합,"김수정, 고성현, 박혜진, 이정원, 김기웅, 김수선 등",,"글로벌오페라단(주최), 글로벌오페라단(주최), 리음아트&컴퍼니(주관)",,,"['김수정', '고성현', '박혜진', '이정원', '김기웅', '김수선']",[],"['김수정', '고성현', '박혜진', '이정원', '김기웅', '김수선']",[],687,"['대중음악', '연극']","[-0.9428214430809021, -1.3102302551269531]",대중음악 + 연극
begin again 타쇼 time [안산],복합,복합,"김보경, 이유진, 방미영, 최경미, 김혜선, 김진옥, 황나윤 등",,,,,"['김보경', '이유진', '방미영', '최경미', '김혜선', '김진옥', '황나윤']",[],"['김보경', '이유진', '방미영', '최경미', '김혜선', '김진옥', '황나윤']",[],688,"['대중음악', '연극']","[-0.9502413272857666, -1.2846055030822754]",대중음악 + 연극
제2회 SECOME,복합,복합,,,"청소년 창의융합 기획단(주최), 청소년 창의융합 기획단(주관)",,,[],[],[],[],689,"['뮤지컬', '대중음악']","[-2.90866428258596e-05, -11.49423599243164]",뮤지컬 + 대중음악
요리조리 벌룬쉐프의 동화이야기,복합,다원/융복합,김종환,김윤성,,,,['김종환'],['김윤성'],['김종환'],['김윤성'],690,"['연극', '대중음악']","[-5.972207145532593e-05, -10.72998046875]",연극 + 대중음악
"11기 안산디자인문화고등학교 공연콘텐츠과 졸업발표회, a11 for ONE",복합,복합,,,안산디자인문화고등학교(주최),,,[],[],[],[],691,"['뮤지컬', '대중음악']","[-6.496695277746767e-05, -10.511112213134766]",뮤지컬 + 대중음악
"체어, 테이블, 체어 [인천]",복합,다원/융복합,그레고 다나 등,,"인천광역시 동구(동구문화체육센터)(주최), 아시테지 in 인천(주최), 남동문화재단(주최), 미추홀 학산문화원(학산소극장)(주최), (재)인천광역시 부평구문화재단(부평아트센터)(주최), 인천광역시 동구(동구문화체육센터)(주관), 아시테지 in 인천(주관), 남동문화재단(주관), 미추홀 학산문화원(학산소극장)(주관), (재)인천광역시 부평구문화재단(부평아트센터)(주관)",,,['그레고 다나'],[],['그레고 다나'],[],692,"['연극', '대중음악']","[-7.068861305015162e-05, -10.551152229309082]",연극 + 대중음악
제12회 실용음악 & 댄스 콘서트,복합,복합,,,경북예술고등학교(주최),,,[],[],[],[],693,"['대중음악', '연극']","[-0.9393616318702698, -1.2934685945510864]",대중음악 + 연극
"제25회 파주예술제, 예향 속으로",복합,복합,"최지은, 성미나, 황경미, 김인애, 이유림, 조은비, 이창희 등",,"파주시청(주최), 대한무용협회(주관)",,,"['최지은', '성미나', '황경미', '김인애', '이유림', '조은비', '이창희']",[],"['최지은', '성미나', '황경미', '김인애', '이유림', '조은비', '이창희']",[],694,"['대중음악', '연극']","[-0.9317115545272827, -1.3279082775115967]",대중음악 + 연극
"호국보훈의달 기념콘서트, 아! 대한민국",복합,복합,,,"대덕문화전당(주최), 대덕문화전당(주관)",,,[],[],[],[],695,"['연극', '서커스/마술']","[-6.639736966462806e-05, -10.611427307128906]",연극 + 서커스/마술
페페의 꿈 [부산],복합,복합,,,"(재)예술경영지원센터(주최), 금정문화회관(주관), 음악극창작집단톰방(주관)",,,[],[],[],[],696,"['뮤지컬', '대중음악']","[-3.218599158572033e-05, -11.307191848754883]",뮤지컬 + 대중음악
진조크루 X 악단광칠: 리듬 오브 코리아 [대구],복합,복합,"방초롱, 이유진, 김유진, 김현수, 이향희, 전현준, 선우진영 등",,"(재)행복북구문화재단(어울아트센터)(주최), (재)행복북구문화재단(어울아트센터)(주관), 진조크루(주관), 악단광칠(주관)",,,"['방초롱', '이유진', '김유진', '김현수', '이향희', '전현준', '선우진영']",[],"['방초롱', '이유진', '김유진', '김현수', '이향희', '전현준', '선우진영']",[],697,"['연극', '대중음악']","[-6.90197994117625e-05, -10.642224311828613]",연극 + 대중음악
허튼소리 Corea Beats [오산],복합,복합,"이호원, 안태림, 이준삼, 오영빈, 오혜영",김주홍,"한국문화예술회관연합회(KoCACA)(주최), (재)오산문화재단(주관), (사)노름마치예술단(주관)",,,"['이호원', '안태림', '이준삼', '오영빈', '오혜영']",['김주홍'],"['이호원', '안태림', '이준삼', '오영빈', '오혜영']",['김주홍'],698,"['연극', '대중음악']","[-6.925819616299123e-05, -10.565398216247559]",연극 + 대중음악
COLORFULL RUN [세종],복합,복합,,,"본아트컴퍼니(주최), 본아트컴퍼니(주관)",,,[],[],[],[],699,"['연극', '대중음악']","[-8.356221951544285e-05, -10.281840324401855]",연극 + 대중음악
"한빛예술단, 음악에 피어나는 시의 향기 [서울]",복합,다원/융복합,"김종훈, 오정해, 서해웅",,"한빛예술단(주최), 한빛예술단(주관)",,,"['김종훈', '오정해', '서해웅']",[],"['김종훈', '오정해', '서해웅']",[],700,"['연극', '대중음악']","[-7.83174327807501e-05, -10.398862838745117]",연극 + 대중음악
"콘서트 가이드 김성민과 떠나는 아르헨티나 탱고여행, 피아졸라",복합,복합,"김성민, 김종완, 이안나, 강소연, 이영훈, 박재훈 등",,"영도문화예술회관(주최), 영도문화예술회관(주관), 예술기획 젬마(주관)",,,"['김성민', '김종완', '이안나', '강소연', '이영훈', '박재훈']",[],"['김성민', '김종완', '이안나', '강소연', '이영훈', '박재훈']",[],701,"['대중음악', '연극']","[-7.402622577501461e-05, -10.452455520629883]",대중음악 + 연극
"인 하우스 아티스트 시리즈 II, 윤소영",복합,다원/융복합,"윤소영, 차진엽",,"롯데문화재단(주최), 롯데문화재단(주관)",,,"['윤소영', '차진엽']",[],"['윤소영', '차진엽']",[],702,"['연극', '대중음악']","[-9.715084888739511e-05, -10.176712989807129]",연극 + 대중음악
5히려 좋아,복합,복합,"신도현, 강희경, 최영진, 오 현, 이재득, 양준혁",,(재)구로문화재단(주최),,,"['신도현', '강희경', '최영진', '오 현', '이재득', '양준혁']",[],"['신도현', '강희경', '최영진', '오 현', '이재득', '양준혁']",[],703,"['연극', '서커스/마술']","[-6.031808152329177e-05, -10.75455093383789]",연극 + 서커스/마술
열린음악회: 국악신동김태연＆클라무오케스트라＆퓨전국악이희정밴드 [오산],복합,복합,"김태연, 유수영 등",,"한국문화예술회관연합회(KoCACA)(주최), (재)오산문화재단(주관), (재)오산문화재단(주최), (재)오산문화재단(기획사)",,,"['김태연', '유수영']",[],"['김태연', '유수영']",[],704,"['연극', '서커스/마술']","[-7.068861305015162e-05, -10.61475944519043]",연극 + 서커스/마술
IT SHOW 예술로 그려지는 대한민국 [수원],복합,다원/융복합,"양원경, 박학범, 김태훈, 오세현, 이주민, 김재원, 정명인 등","박승구, 이원웅, 최용수 등","(재)수원문화재단(주최), 한국문화예술회관연합회(KoCACA)(주최), 수원SK아트리움(주관)",,,"['양원경', '박학범', '김태훈', '오세현', '이주민', '김재원', '정명인']","['박승구', '이원웅', '최용수']","['양원경', '박학범', '김태훈', '오세현', '이주민', '김재원', '정명인']","['박승구', '이원웅', '최용수']",705,"['대중음악', '뮤지컬']","[-7.164221460698172e-05, -10.390177726745605]",대중음악 + 뮤지컬
젊은날의 초상,복합,복합,"권대일, 김찬규, 진주백, 천병열, 권동우",,아산시청(주최),,,"['권대일', '김찬규', '진주백', '천병열', '권동우']",[],"['권대일', '김찬규', '진주백', '천병열', '권동우']",[],706,"['대중음악', '연극']","[-0.9559329748153687, -1.3302466869354248]",대중음악 + 연극
영남국악관현악단의 The Big Concert,복합,복합,"김현호, 장사익, 김단희, 민정민 등",,"부산광역시 해운대구(주최), 해운대문화회관(주최)",,,"['김현호', '장사익', '김단희', '민정민']",[],"['김현호', '장사익', '김단희', '민정민']",[],707,"['대중음악', '연극']","[-0.931438684463501, -1.3039681911468506]",대중음악 + 연극
"일상으로 녹아내린 V, Real K-pop",복합,복합,,,"사운드팩토리판(주최), 사운드팩토리판(기획사)",,,[],[],[],[],708,"['대중음악', '연극']","[-0.9179720878601074, -1.3335652351379395]",대중음악 + 연극
테너 조용갑과 함께하는 5人 5色 Concert 오페라 & 크로스오버,복합,복합,"이미영, 김준영, 김은경, 이인필, 최지여, 엄재은, 한지훈",,"(주)티오피미디어(주최), 음악교육신문사(주최), (사)YK문화예술 (와이케이문화예술)(주최)",,,"['이미영', '김준영', '김은경', '이인필', '최지여', '엄재은', '한지훈']",[],"['이미영', '김준영', '김은경', '이인필', '최지여', '엄재은', '한지훈']",[],709,"['대중음악', '연극']","[-0.9315167665481567, -1.3155155181884766]",대중음악 + 연극
"The e-끌림 국악 콘서트, 토끼의 간을 찾아라",복합,복합,"이지현, 정수유, 이희진, 이주현, 이수현, 강민희, 전영주 등",,"한국문화예술회관연합회(KoCACA)(주최), 해운대문화회관(주최)",,,"['이지현', '정수유', '이희진', '이주현', '이수현', '강민희', '전영주']",[],"['이지현', '정수유', '이희진', '이주현', '이수현', '강민희', '전영주']",[],710,"['연극', '대중음악']","[-6.890059739816934e-05, -10.533187866210938]",연극 + 대중음악
폴리팝 [안산],복합,다원/융복합,,"이길준, 염용균, 이승은 등","한국문화예술회관연합회(KoCACA)(주최), (재)안산문화재단(안산문화예술의전당)(주관), (재)의정부문화재단 (의정부예술의전당)(주관), (유)브러쉬씨어터(주관)",,,[],"['이길준', '염용균', '이승은']",[],"['이길준', '염용균', '이승은']",711,"['뮤지컬', '연극']","[-4.494089080253616e-05, -11.02102279663086]",뮤지컬 + 연극
"브라소닛 빅밴드와 앰비규어스댄스컴퍼니, Body ＆ Voice [부천]",복합,복합,,,"한국문화예술회관연합회(KoCACA)(주최), (재)부천문화재단(주관), 브라소닛(주관)",,,[],[],[],[],712,"['뮤지컬', '대중음악']","[-4.255681051290594e-05, -11.069256782531738]",뮤지컬 + 대중음악
"꿈나무극장 오감똑똑 어린이공연, 싸운드 써커스",복합,복합,,,(재)구로문화재단(주최),,,[],[],[],[],713,"['대중음악', '연극']","[-0.9239201545715332, -1.3219287395477295]",대중음악 + 연극
코미디 애니멀 쇼 [부천],복합,복합,,,,,,[],[],[],[],714,"['서커스/마술', '대중무용']","[-0.00010835537250386551, -10.242889404296875]",서커스/마술 + 대중무용
"시대 융화 콘서트, 이:음 [경기 광주]",복합,복합,"이희운, 신혜, 이선영, 안소예, 이영희, 김완수, 유상록 등",,"(재)광주시문화재단 [경기광주](주최), (사)한국경기소리보존회(주관)",,,"['이희운', '신혜', '이선영', '안소예', '이영희', '김완수', '유상록']",[],"['이희운', '신혜', '이선영', '안소예', '이영희', '김완수', '유상록']",[],715,"['서커스/마술', '연극']","[-0.0001370812824461609, -9.917984008789062]",서커스/마술 + 연극
광주상설공연 (7월),복합,복합,,,"광주예술의전당 (구. 광주문화예술회관)(주최), 광주예술의전당 (구. 광주문화예술회관)(주관)",,,[],[],[],[],716,"['뮤지컬', '대중음악']","[-5.352353764465079e-05, -10.77790641784668]",뮤지컬 + 대중음악
JAZZ & 국악 With 웅산 [인천],복합,복합,"임교민, 남창동, 남해웅, 김은영, 임상규, 천성대",,"남동문화재단(주관), 한국문화예술회관연합회(KoCACA)(주최)",,,"['임교민', '남창동', '남해웅', '김은영', '임상규', '천성대']",[],"['임교민', '남창동', '남해웅', '김은영', '임상규', '천성대']",[],717,"['뮤지컬', '연극']","[-4.0649541915627196e-05, -11.164352416992188]",뮤지컬 + 연극
이천시민을 위한 희망음악회,복합,복합,"김병찬, 한경미, 신동원, 김민희, 이성빈, 이소영, 최유나 등",,"이천시공간정보산업협회(주최), 이천시공간정보산업협회(주관)",,,"['김병찬', '한경미', '신동원', '김민희', '이성빈', '이소영', '최유나']",[],"['김병찬', '한경미', '신동원', '김민희', '이성빈', '이소영', '최유나']",[],718,"['연극', '대중음악']","[-6.806619057897478e-05, -10.603913307189941]",연극 + 대중음악
"3인 3색, 동행",복합,복합,"장유리, 윤승환, 박혜선, 최광자, 정지혜, 김주영, 김지윤 등",,"국립부산국악원(주최), 국립부산국악원(주관)",,,"['장유리', '윤승환', '박혜선', '최광자', '정지혜', '김주영', '김지윤']",[],"['장유리', '윤승환', '박혜선', '최광자', '정지혜', '김주영', '김지윤']",[],719,"['뮤지컬', '대중음악']","[-6.305972783593461e-05, -10.502666473388672]",뮤지컬 + 대중음악
The Magic 팬텀 & 퀸 [논산],복합,복합,"김봉미, 김주택, 유성녀, 최형배, 정필립 등",,"한국문화예술회관연합회(KoCACA)(주최), 논산문화관광재단(주관)",,,"['김봉미', '김주택', '유성녀', '최형배', '정필립']",[],"['김봉미', '김주택', '유성녀', '최형배', '정필립']",[],720,"['대중음악', '뮤지컬']","[-7.056941103655845e-05, -10.567172050476074]",대중음악 + 뮤지컬
미스테리우스 [경기 광주],복합,다원/융복합,"이종민, 박종훈, 김현섭, 이진성, 권순민, 김응혁, 여인수 등",,"(재)광주시문화재단 [경기광주](주최), (재)광주시문화재단 [경기광주](기획사), 구니스컴퍼니(더구니스 크루)(주최), 구니스컴퍼니(더구니스 크루)(주관)",,,"['이종민', '박종훈', '김현섭', '이진성', '권순민', '김응혁', '여인수']",[],"['이종민', '박종훈', '김현섭', '이진성', '권순민', '김응혁', '여인수']",[],721,"['뮤지컬', '연극']","[-3.540453326422721e-05, -11.144760131835938]",뮤지컬 + 연극
세상의 모든 피리,복합,복합,"신주희, 이인, 김정현, 임진영, 임정민, 김가현, 정민정 등","배재영, 김백찬","(사)서울나눔뮤직그룹(주최), 리드예술기획(주관)",,,"['신주희', '이인', '김정현', '임진영', '임정민', '김가현', '정민정']","['배재영', '김백찬']","['신주희', '이인', '김정현', '임진영', '임정민', '김가현', '정민정']","['배재영', '김백찬']",722,"['연극', '대중음악']","[-6.425174069590867e-05, -10.660648345947266]",연극 + 대중음악
"쿼드초이스, 서도와 은미: 만병통치樂",복합,복합,"서도, 안은미, 김혜경, 김지연, 정의영, 문용식, 조선재 등","안은미, 서도, 이해성 등","(재)서울문화재단(주최), 대학로극장 쿼드(주최)",,,"['서도', '안은미', '김혜경', '김지연', '정의영', '문용식', '조선재']","['안은미', '서도', '이해성']","['서도', '안은미', '김혜경', '김지연', '정의영', '문용식', '조선재']","['안은미', '서도', '이해성']",723,"['서커스/마술', '대중무용']","[-0.00013541258522309363, -10.077784538269043]",서커스/마술 + 대중무용
"아트캠프, 패밀리 펀펀데이",복합,복합,,,"대구광역시 서구문화회관(주최), 대구광역시 서구문화회관(주관)",,,[],[],[],[],724,"['대중음악', '뮤지컬']","[-6.365573790390044e-05, -10.60288143157959]",대중음악 + 뮤지컬
"국립국악관현악단, 베스트컬렉션 [장흥]",복합,복합,"원영석, 장광수, 오경자, 조성모 등",,"장흥문화예술회관(주최), 장흥문화예술회관(기획사)",,,"['원영석', '장광수', '오경자', '조성모']",[],"['원영석', '장광수', '오경자', '조성모']",[],725,"['연극', '대중음악']","[-6.3774932641536e-05, -10.696684837341309]",연극 + 대중음악
"미술관 옆 오페라하우스 Ⅰ, 오페라 카르멘",복합,다원/융복합,"이주헌, 손지현 등",,"(재)부산문화회관(주최), (재)부산문화회관(주관)",,,"['이주헌', '손지현']",[],"['이주헌', '손지현']",[],726,"['대중음악', '뮤지컬']","[-6.723177648382261e-05, -10.516504287719727]",대중음악 + 뮤지컬
제30회 덕원예술고등학교 정기무용발표회,복합,복합,"김현준, 권비아, 김연서, 김주연, 김주은, 김지운, 김해솔 등","나일화, 고휘경, 김빛하나 등","덕원예술고등학교(주최), 덕원예술고등학교 무용부(주관)",,,"['김현준', '권비아', '김연서', '김주연', '김주은', '김지운', '김해솔']","['나일화', '고휘경', '김빛하나']","['김현준', '권비아', '김연서', '김주연', '김주은', '김지운', '김해솔']","['나일화', '고휘경', '김빛하나']",727,"['연극', '서커스/마술']","[-6.246371776796877e-05, -10.671725273132324]",연극 + 서커스/마술
열린음악회: 국악신동김태연＆클라무오케스트라＆퓨전국악이희정밴드 [김제],복합,복합,,,,,,[],[],[],[],728,"['뮤지컬', '연극']","[-3.576214658096433e-05, -11.257293701171875]",뮤지컬 + 연극
"쿼드초이스, 무토(MUTO) x 입과손스튜디오: 두개의 눈",복합,복합,"박훈규, 박우재, 신범호, 홍찬혁, 이승희, 김소진, 이향하, 김홍식","유현진, 김세훈, 홍유진 등","(재)서울문화재단(주최), 대학로극장 쿼드(주최)",,,"['박훈규', '박우재', '신범호', '홍찬혁', '이승희', '김소진', '이향하', '김홍식']","['유현진', '김세훈', '홍유진']","['박훈규', '박우재', '신범호', '홍찬혁', '이승희', '김소진', '이향하', '김홍식']","['유현진', '김세훈', '홍유진']",729,"['대중음악', '연극']","[-0.9338988661766052, -1.327418565750122]",대중음악 + 연극
테디베어와 함께하는 LED발레 & 태권 [부천],복합,다원/융복합,조윤혜,,비바츠예술매니지먼트(주최),,,['조윤혜'],[],['조윤혜'],[],730,"['대중음악', '연극']","[-0.9131219983100891, -1.3231828212738037]",대중음악 + 연극
"여우락 페스티벌, 모듈라서울: lull~유영",복합,복합,"김대희, 안효주, 임용주, 이민채, 이종헌 등",,"국립극장(기획사), 국립극장(주최)",,,"['김대희', '안효주', '임용주', '이민채', '이종헌']",[],"['김대희', '안효주', '임용주', '이민채', '이종헌']",[],731,"['대중음악', '연극']","[-0.9615972638130188, -1.2949289083480835]",대중음악 + 연극
팜페라 콘서트,복합,복합,,,,,,[],[],[],[],732,"['뮤지컬', '대중음악']","[-5.769562994828448e-05, -10.637288093566895]",뮤지컬 + 대중음악
"싱크넥스트23, 코끼리들이 웃는다, 물질",복합,다원/융복합,"남긍호, 서현성, 한기장, 이애리, 이재호","이진엽, 김준규, 신동선 등","(재)세종문화회관(주최), (재)세종문화회관(기획사)",,,"['남긍호', '서현성', '한기장', '이애리', '이재호']","['이진엽', '김준규', '신동선']","['남긍호', '서현성', '한기장', '이애리', '이재호']","['이진엽', '김준규', '신동선']",733,"['대중음악', '연극']","[-0.9355930685997009, -1.2958152294158936]",대중음악 + 연극
"아시테지 국제여름축제, 스페인 유리아 : Rain",복합,다원/융복합,"Fernando Barado, Nerea Martinez, itziar Fragua",,"(사)국제아동청소년연극협회 한국본부(아시테지)(주최), (사)국제아동청소년연극협회 한국본부(아시테지)(주관)",,,"['Fernando Barado', 'Nerea Martinez', 'itziar Fragua']",[],"['Fernando Barado', 'Nerea Martinez', 'itziar Fragua']",[],734,"['뮤지컬', '대중음악']","[-4.6132929128361866e-05, -10.933485984802246]",뮤지컬 + 대중음악
알랭(Alain),복합,다원/융복합,염정연,"김민영, 서동주, 곽용민 등",,,,['염정연'],"['김민영', '서동주', '곽용민']",['염정연'],"['김민영', '서동주', '곽용민']",735,"['뮤지컬', '연극']","[-4.9232225137529895e-05, -10.887566566467285]",뮤지컬 + 연극
아트그룹 AMuse가 들려주는 지혜로운 전래동화 이야기 [대구],복합,복합,"하지현, 김민지, 우정훈, 오소영, 윤민경, 구진아","이희주, 김나영, 김영","아트그룹 AMuse(주관), 나온아트(주최), 아트그룹 AMuse(주최)",,,"['하지현', '김민지', '우정훈', '오소영', '윤민경', '구진아']","['이희주', '김나영', '김영']","['하지현', '김민지', '우정훈', '오소영', '윤민경', '구진아']","['이희주', '김나영', '김영']",736,"['연극', '대중음악']","[-8.260862523457035e-05, -10.394702911376953]",연극 + 대중음악
페페의 꿈 [상주],복합,복합,,,"(재)예술경영지원센터(주최), 음악극창작집단톰방(주관), 상주문화회관(주관)",,,[],[],[],[],737,"['연극', '대중음악']","[-7.676783570786938e-05, -10.517820358276367]",연극 + 대중음악
ART ROAD SHOWCASE & ART EXHIBITION in KOREA,복합,다원/융복합,"헨리, 아이키, 키노, 홍현희",,,,,"['헨리', '아이키', '키노', '홍현희']",[],"['헨리', '아이키', '키노', '홍현희']",[],738,"['뮤지컬', '대중음악']","[-3.8265450712060556e-05, -11.174591064453125]",뮤지컬 + 대중음악
제134회 광주시립국악관현악단 정기연주회: 평화를 향한 역동과 진혼,복합,복합,"김병오, 최승욱, 노은아, 윤진철, 박애리, 박승희",,"광주예술의전당 (구. 광주문화예술회관)(주최), 광주시립국악관현악단(주관), 광주예술의전당 (구. 광주문화예술회관)(기획사)",,,"['김병오', '최승욱', '노은아', '윤진철', '박애리', '박승희']",[],"['김병오', '최승욱', '노은아', '윤진철', '박애리', '박승희']",[],739,"['대중음악', '연극']","[-0.9355637431144714, -1.2892181873321533]",대중음악 + 연극
"미야자키 하야오 영화음악 콘서트, Best Collection with 샌드아트 임혁필",복합,다원/융복합,"이현수, 이한나, 임혁필 등",,"(주)더존테크윌(주최), 스튜디오 더존(주관)",,,"['이현수', '이한나', '임혁필']",[],"['이현수', '이한나', '임혁필']",[],740,"['대중음악', '연극']","[-0.9255231618881226, -1.3106648921966553]",대중음악 + 연극
"중섭, 빛깔 있는 꿈 [서귀포]",복합,다원/융복합,"강지훈, 고건하, 김소여, 김은정, 김현주, 조성진","유홍영, 최은미, 채희준 등","김정문화회관(주최), 두근두근시어터(주관)",,,"['강지훈', '고건하', '김소여', '김은정', '김현주', '조성진']","['유홍영', '최은미', '채희준']","['강지훈', '고건하', '김소여', '김은정', '김현주', '조성진']","['유홍영', '최은미', '채희준']",741,"['대중음악', '연극']","[-0.9488949775695801, -1.2949706315994263]",대중음악 + 연극
"전원경의 아트살롱, 그림콘서트: 로마의 여름 햇살",복합,복합,"권유성, 김건효, 신수현",,"(재)당진문화재단(주최), 당진문예의전당(주관)",,,"['권유성', '김건효', '신수현']",[],"['권유성', '김건효', '신수현']",[],742,"['대중음악', '뮤지컬']","[-5.185469490243122e-05, -10.874552726745605]",대중음악 + 뮤지컬
"제3회 더 패스 정기연주회, 한 여름밤의 악몽",복합,복합,"김동섭, 류현수, 최진호, 한정민, 윤시진 등","공해미, 시현정","the Path(주최), 유진예술기획(주관)",,,"['김동섭', '류현수', '최진호', '한정민', '윤시진']","['공해미', '시현정']","['김동섭', '류현수', '최진호', '한정민', '윤시진']","['공해미', '시현정']",743,"['연극', '대중음악']","[-6.985420623095706e-05, -10.606062889099121]",연극 + 대중음악
밤이 없는 여름,복합,다원/융복합,"박우재, 베일리홍, 손상혁","김혜림, 배일홍, 전강희 등",신촌문화발전소(서대문구청)(주최),,,"['박우재', '베일리홍', '손상혁']","['김혜림', '배일홍', '전강희']","['박우재', '베일리홍', '손상혁']","['김혜림', '배일홍', '전강희']",744,"['뮤지컬', '대중음악']","[-3.2305197237292305e-05, -11.32300090789795]",뮤지컬 + 대중음악
재즈& 국악 울림콘서트,복합,복합,"박종호, 최지안, 전제덕, 신승태, 김수유, 한웅원, 신현필 등",,"문화체육관광부(주최), 한국문화예술회관연합회(KoCACA)(주관), 의령군민문화회관(주관)",,,"['박종호', '최지안', '전제덕', '신승태', '김수유', '한웅원', '신현필']",[],"['박종호', '최지안', '전제덕', '신승태', '김수유', '한웅원', '신현필']",[],745,"['대중음악', '연극']","[-0.930173933506012, -1.3171024322509766]",대중음악 + 연극
"LED 미디어 발레컬, 비바츠 태권발레 [천안]",복합,다원/융복합,,,,,,[],[],[],[],746,"['대중음악', '연극']","[-0.9487429857254028, -1.3180458545684814]",대중음악 + 연극
미디어아트 아이스 쇼 G-SHOW,복합,다원/융복합,"김현, 안건형, 안소현, 임은수, 변세종, 정덕훈, 정의혁 등","송동일, 진소현, 시수정 등","(주)라이브아레나(주최), (주)라이브아레나(제작사)",,,"['김현', '안건형', '안소현', '임은수', '변세종', '정덕훈', '정의혁']","['송동일', '진소현', '시수정']","['김현', '안건형', '안소현', '임은수', '변세종', '정덕훈', '정의혁']","['송동일', '진소현', '시수정']",747,"['대중음악', '연극']","[-0.9472684264183044, -1.2732207775115967]",대중음악 + 연극
"싱크넥스트23, 서사무엘x지후트리: 그러면 사랑 얘기는 누가 하지",복합,복합,서사무엘 등,"허영균, 김나은 등",(재)세종문화회관(주최),,,['서사무엘'],"['허영균', '김나은']",['서사무엘'],"['허영균', '김나은']",748,"['뮤지컬', '연극']","[-7.080780778778717e-05, -10.368170738220215]",뮤지컬 + 연극
뽀로로 매직 싱어롱쇼: 슈퍼스타 뽀로로 드림콘서트,복합,복합,,,"뽀로로파크(주최), 뽀로로파크(주관), (주)이에스생활문화 (ES생활문화)(주관)",,,[],[],[],[],749,"['대중음악', '연극']","[-0.9241636991500854, -1.3182337284088135]",대중음악 + 연극
오리지널 드로잉쇼,복합,다원/융복합,,,"한국문화예술회관연합회(KoCACA)(주최), 양산시시설관리공단(주최), 양산문화예술회관(주관), 킴스드로잉(주관)",,,[],[],[],[],750,"['대중음악', '연극']","[-0.9275416731834412, -1.3320279121398926]",대중음악 + 연극
"월드뮤직 페스티벌, 국악 & 트로트 Sweet콘서트 [의령]",복합,복합,"고금성, 강혜연, 송진호, 정현지, 윤성배, 이재서, 손용민 등",,"문화체육관광부(주최), 의령군청(의령군)(주관), 한국문화예술회관연합회(KoCACA)(주관)",,,"['고금성', '강혜연', '송진호', '정현지', '윤성배', '이재서', '손용민']",[],"['고금성', '강혜연', '송진호', '정현지', '윤성배', '이재서', '손용민']",[],751,"['대중음악', '연극']","[-0.9310310482978821, -1.3049207925796509]",대중음악 + 연극
"발레와 국악의 조합, 마블링 [화성]",복합,복합,"류형수, 이소정, 최예림, 지경서, 안지원, 김평화, 최영운 등",이윤지,"한국문화예술회관연합회(KoCACA)(주최), (재)화성시문화재단(주관), 프로젝트 클라우드 나인(주관)",,,"['류형수', '이소정', '최예림', '지경서', '안지원', '김평화', '최영운']",['이윤지'],"['류형수', '이소정', '최예림', '지경서', '안지원', '김평화', '최영운']",['이윤지'],752,"['연극', '대중음악']","[-8.940297266235575e-05, -10.26400375366211]",연극 + 대중음악
모래의 마법사,복합,복합,,,GS엔터테인먼트(주최),,,[],[],[],[],753,"['대중음악', '연극']","[-0.9303045272827148, -1.3190239667892456]",대중음악 + 연극
광주상설공연 (8월),복합,복합,"김유환, 서정혁, 이경진, 이승민, 한은실, 신은선, 강호도 등",김용원 등,"광주광역시(주최), 광주예술의전당 (구. 광주문화예술회관)(주관)",,,"['김유환', '서정혁', '이경진', '이승민', '한은실', '신은선', '강호도']",['김용원'],"['김유환', '서정혁', '이경진', '이승민', '한은실', '신은선', '강호도']",['김용원'],754,"['대중음악', '연극']","[-0.9327749609947205, -1.3192408084869385]",대중음악 + 연극
"발레와 국악의 조합, 마블링 [포항]",복합,복합,,,"한국문화예술회관연합회(KoCACA)(주최), (재)포항문화재단(주최), (재)포항문화재단(기획사), (재)포항문화재단(주관), 프로젝트 클라우드 나인(주관)",,,[],[],[],[],755,"['뮤지컬', '연극']","[-4.0411134250462055e-05, -11.11793327331543]",뮤지컬 + 연극
"제20회 평창대관령음악제, Main Concert #18: 봄의 제전 & 신박듀오, 김지영, 이재우",복합,복합,"김지영, 이재우, 김용걸 등",,"강원특별자치도청(주최), (재)강원문화재단(주관)",,,"['김지영', '이재우', '김용걸']",[],"['김지영', '이재우', '김용걸']",[],756,"['대중음악', '연극']","[-0.9147610068321228, -1.3234466314315796]",대중음악 + 연극
"공연장상주단체 페스티벌, 한 여름 밤의 선물 [세종]",복합,복합,"이재욱, 송태섭, 이규혁, 정세홍, 김종욱, 권재은, 이혜민 등",,"(재)세종시문화관광재단(주최), 이모션콘텐츠(주최), 이모션콘텐츠(주관), 이모션콘텐츠(기획사), 본아트컴퍼니(주관), 한음오페라단(주관)",,,"['이재욱', '송태섭', '이규혁', '정세홍', '김종욱', '권재은', '이혜민']",[],"['이재욱', '송태섭', '이규혁', '정세홍', '김종욱', '권재은', '이혜민']",[],757,"['대중음악', '연극']","[-0.9611462950706482, -1.2902169227600098]",대중음악 + 연극
"열세번째 스윙-바이, 이중중첩 & Slow Steps",복합,복합,"김정제, 김은영, 문기덕, 김예지, 변혜경, 이응석, 김선기 등",,중력장(주최),,,"['김정제', '김은영', '문기덕', '김예지', '변혜경', '이응석', '김선기']",[],"['김정제', '김은영', '문기덕', '김예지', '변혜경', '이응석', '김선기']",[],758,"['대중음악', '연극']","[-0.9384310245513916, -1.2943373918533325]",대중음악 + 연극
샌드쉐도우쇼,복합,복합,김인수,,(주)별빛엔터테인먼트(주최),,,['김인수'],[],['김인수'],[],759,"['연극', '대중음악']","[-7.819823804311454e-05, -10.46286392211914]",연극 + 대중음악
빛고을 뮤직페스티벌 [광주],복합,복합,"최윤영, 신희준, 송기정, 장경아, 김창국, 백진희, 임창숙 등","장용석, 정현준, 문형식","한국문화예술회관연합회(KoCACA)(주최), 광주광역시(주최), (재)광주문화재단(주관)",,,"['최윤영', '신희준', '송기정', '장경아', '김창국', '백진희', '임창숙']","['장용석', '정현준', '문형식']","['최윤영', '신희준', '송기정', '장경아', '김창국', '백진희', '임창숙']","['장용석', '정현준', '문형식']",760,"['연극', '서커스/마술']","[-6.389413465512916e-05, -10.69691276550293]",연극 + 서커스/마술
국립극장 달빛 상영회,복합,복합,,,"국립극장(주최), 국립극장(주관)",,,[],[],[],[],761,"['뮤지컬', '대중음악']","[-4.9232225137529895e-05, -10.847404479980469]",뮤지컬 + 대중음악
"춘하추동, 디톡스 콘서트 [보성]",복합,복합,"박구윤, 최연화, 남상일",,"한국문화예술회관연합회(KoCACA)(주최), 보성군청(주관), (사)전통공연예술연구소(주관)",,,"['박구윤', '최연화', '남상일']",[],"['박구윤', '최연화', '남상일']",[],762,"['연극', '대중음악']","[-7.593343616463244e-05, -10.442519187927246]",연극 + 대중음악
파포스(PAPHOS) 2.0,복합,다원/융복합,"박병호, 임연지, 이창재, 신창호, 박지희, 김주은, 김봉관 등","강현욱, 김선미, 최세연 등","리멘워커(제작사), 주식회사 코스타(주최), 주식회사 코스타(기획사)",,,"['박병호', '임연지', '이창재', '신창호', '박지희', '김주은', '김봉관']","['강현욱', '김선미', '최세연']","['박병호', '임연지', '이창재', '신창호', '박지희', '김주은', '김봉관']","['강현욱', '김선미', '최세연']",763,"['대중음악', '연극']","[-0.9420647621154785, -1.3265491724014282]",대중음악 + 연극
"제33회 거창국제연극제, 보드빌의 갈매기",복합,복합,"진성웅, 손수정 등","김근한, 강태식, 김소희 등","(재)거창문화재단(주최), (재)거창문화재단(주관)",안톤 체홉,,"['진성웅', '손수정']","['김근한', '강태식', '김소희']","['진성웅', '손수정']","['김근한', '강태식', '김소희']",764,"['연극', '대중음악']","[-5.328513361746445e-05, -10.787549018859863]",연극 + 대중음악
한여름밤 Ice Coffee 콘서트,복합,복합,"장사익, 유진박, 홍희철, 김희정, 윤선기, 박성의, 이우정 등",이수영 등,"을숙도문화회관(주최), 을숙도문화회관(주관)",,,"['장사익', '유진박', '홍희철', '김희정', '윤선기', '박성의', '이우정']",['이수영'],"['장사익', '유진박', '홍희철', '김희정', '윤선기', '박성의', '이우정']",['이수영'],765,"['연극', '대중음악']","[-6.687417771900073e-05, -10.674688339233398]",연극 + 대중음악
"옛 그림과 소통하는 즐거움, 화통콘서트 [예산]",복합,다원/융복합,"정초롱, 오수연, 최종호, 박동국 등","김영옥, 유태환 등","한국문화예술회관연합회(KoCACA)(주최), 충청남도(주관), (재)충남문화관광재단(주관), 문화예술감성단체여민(與民)(주관), 문화예술감성단체여민(與民)(제작사), 문화예술감성단체여민(與民)(기획사)",,,"['정초롱', '오수연', '최종호', '박동국']","['김영옥', '유태환']","['정초롱', '오수연', '최종호', '박동국']","['김영옥', '유태환']",766,"['연극', '대중음악']","[-6.23445157543756e-05, -10.670300483703613]",연극 + 대중음악
"Chair, Table,  Chair",복합,복합,,,"(사)한국예총 인천광역시연합회 인천예총(인천수봉문화회관)(주최), (사)한국예총 인천광역시연합회 인천예총(인천수봉문화회관)(주관)",,,[],[],[],[],767,"['연극', '서커스/마술']","[-6.818538531661034e-05, -10.596973419189453]",연극 + 서커스/마술
홍지민과 함께하는 판타스틱 쇼 [연천],복합,다원/융복합,"홍지민, 이가연, 유원석, 이선호, 임세준",,"연천군시설관리공단(주최), 연천수레울아트홀(주관), (주) 산책컴퍼니(주관), 연천군청(주최)",,,"['홍지민', '이가연', '유원석', '이선호', '임세준']",[],"['홍지민', '이가연', '유원석', '이선호', '임세준']",[],768,"['연극', '대중음악']","[-7.974783511599526e-05, -10.446640968322754]",연극 + 대중음악
"기술 입은 문화예술교육, 무대는 살아있다: IV 쇼케이스",복합,다원/융복합,,,,,,[],[],[],[],769,"['뮤지컬', '대중음악']","[-4.8040190449682996e-05, -10.837357521057129]",뮤지컬 + 대중음악
"싱크넥스트23, 광광,굉굉",복합,복합,"성시영, 이일우, 황민왕","성시영, 이일우",(재)세종문화회관(제작사),,,"['성시영', '이일우', '황민왕']","['성시영', '이일우']","['성시영', '이일우', '황민왕']","['성시영', '이일우']",770,"['대중음악', '연극']","[-0.9506787657737732, -1.316282033920288]",대중음악 + 연극
Swing Train(스윙 트레인),복합,복합,,,"크루아(주최), 크루아(주관)",,,[],[],[],[],771,"['연극', '대중음악']","[-8.582700684200972e-05, -10.240350723266602]",연극 + 대중음악
음악이 춤을 추다 [울산],복합,복합,,,울산광역시학생교육문화회관(주최),,,[],[],[],[],772,"['연극', '대중음악']","[-5.9960475482512265e-05, -10.791827201843262]",연극 + 대중음악
늦은 여름밤의 군민응원콘서트 [옥천],복합,복합,"김소현, 하현우, 김성훈, 방성호 등",,"옥천군청(주최), 웨스턴 심포니 오케스트라(주관)",,,"['김소현', '하현우', '김성훈', '방성호']",[],"['김소현', '하현우', '김성훈', '방성호']",[],773,"['대중음악', '연극']","[-5.924526340095326e-05, -10.704147338867188]",대중음악 + 연극
"애국찬가 드라마콘서트, 동고동락 [안산]",복합,복합,"손병휘, 차준호, 금보미, 박준성, 손준영, 신채원, 홍세령 등",,,,,"['손병휘', '차준호', '금보미', '박준성', '손준영', '신채원', '홍세령']",[],"['손병휘', '차준호', '금보미', '박준성', '손준영', '신채원', '홍세령']",[],774,"['뮤지컬', '대중음악']","[-4.1126360883936286e-05, -11.071274757385254]",뮤지컬 + 대중음악
"남산골 밤마실, 기담야행2: 망혼일 축제",복합,복합,"강정임, 주종혁, 황미영 등","정은영, 김진이, 송정안 등","서울남산국악당(주최), 서울시청(주관)",,,"['강정임', '주종혁', '황미영']","['정은영', '김진이', '송정안']","['강정임', '주종혁', '황미영']","['정은영', '김진이', '송정안']",775,"['연극', '서커스/마술']","[-5.364274329622276e-05, -10.90000057220459]",연극 + 서커스/마술
스피리또앙상블과 함께하는 베토벤 & 클림트 운명의 키스,복합,복합,"김경희, 김재민, 김바울, 심근수 등",,"한국문화예술회관연합회(KoCACA)(주최), 논산문화관광재단(주관)",,,"['김경희', '김재민', '김바울', '심근수']",[],"['김경희', '김재민', '김바울', '심근수']",[],776,"['대중음악', '연극']","[-0.9271934628486633, -1.3103535175323486]",대중음악 + 연극
하모니 오브 라이트,복합,다원/융복합,,,"한국문화예술회관연합회(KoCACA)(주최), 울산북구문화예술회관(주관)",,,[],[],[],[],777,"['연극', '대중음악']","[-7.581423415103927e-05, -10.46987247467041]",연극 + 대중음악
"싱크넥스트23, 모니카xCIFIKA: 쓰인 적 없는 ㅅ",복합,복합,,,"(재)세종문화회관(주최), (재)세종문화회관(제작사)",,,[],[],[],[],778,"['뮤지컬', '대중음악']","[-4.732496745418757e-05, -10.943643569946289]",뮤지컬 + 대중음악
Orange Music,복합,복합,,,,,,[],[],[],[],779,"['대중음악', '연극']","[-0.9134357571601868, -1.3166522979736328]",대중음악 + 연극
피터와 늑대 [부산],복합,복합,"최진희, 원우영, 이송, 이한강, 이명진 등",,"(재)부산문화회관(주최), 극단 영(제작사)",,,"['최진희', '원우영', '이송', '이한강', '이명진']",[],"['최진희', '원우영', '이송', '이한강', '이명진']",[],780,"['연극', '대중음악']","[-6.675497570540756e-05, -10.697823524475098]",연극 + 대중음악
JAZZ & 국악 With 웅산 [군산],복합,복합,"김은영, 임상규, 천성대, 남창동 등",,"한국문화예술회관연합회(KoCACA)(주최), 군산예술의전당(주최), 안산시립국악단(주관), 군산예술의전당(주관), 군산예술의전당(기획사), 군산시청(주최)",,,"['김은영', '임상규', '천성대', '남창동']",[],"['김은영', '임상규', '천성대', '남창동']",[],781,"['대중음악', '연극']","[-0.9523186683654785, -1.2849340438842773]",대중음악 + 연극
김준수 & 두 번째 달 콘서트 [평택],복합,복합,"김준수, 박진우, 조윤정, 김현보, 최진경, 이영훈, 박종선",,"(재)평택시문화재단(주최), (재)평택시문화재단(주관), (재)평택시문화재단(기획사)",,,"['김준수', '박진우', '조윤정', '김현보', '최진경', '이영훈', '박종선']",[],"['김준수', '박진우', '조윤정', '김현보', '최진경', '이영훈', '박종선']",[],782,"['연극', '서커스/마술']","[-7.688703772146255e-05, -10.505278587341309]",연극 + 서커스/마술
발레 메카닉 [강동],복합,복합,"최소영, 정헌 등","김도윤, 문종인","(재)예술경영지원센터(주최), 강동문화재단(강동아트센터)(주관), (주)팀프앙상블(TIMF 앙상블)(주관), 아트프로젝트 보라(ArtProjectBORA)(제작사)",,,"['최소영', '정헌']","['김도윤', '문종인']","['최소영', '정헌']","['김도윤', '문종인']",783,"['뮤지컬', '대중음악']","[-5.638440416078083e-05, -10.669171333312988]",뮤지컬 + 대중음악
"세상 풍경, 소리에 담다",복합,복합,"신은오, 김태정, 김유신, 이성주, 노건형, 김다은, 최서영 등",,"김정문화회관(주최), 김정문화회관(주관)",,,"['신은오', '김태정', '김유신', '이성주', '노건형', '김다은', '최서영']",[],"['신은오', '김태정', '김유신', '이성주', '노건형', '김다은', '최서영']",[],784,"['대중음악', '연극']","[-0.9400444626808167, -1.3337370157241821]",대중음악 + 연극
태권무 한빛,복합,다원/융복합,,"김용재, 한승훈, 오수현 등","제주아트센터(주최), 제주태권도사회적협동조합(주관), (주)와이킥엔터테인먼트(Y-KICK)(주관)",,,[],"['김용재', '한승훈', '오수현']",[],"['김용재', '한승훈', '오수현']",785,"['뮤지컬', '연극']","[-6.05564855504781e-05, -10.566023826599121]",뮤지컬 + 연극
"애국찬가 드라마콘서트, 동고동락 [고양]",복합,복합,,,경기아트센터(주최),,,[],[],[],[],786,"['연극', '대중음악']","[-7.283422019099817e-05, -10.540810585021973]",연극 + 대중음악
너에게 들려주고 싶은 클래식 이야기: 너클리,복합,다원/융복합,"한상욱, 노예진 등",,"루스초이뮤직(주최), 마제스틱청소년오케스트라(주관), (사)마제스틱필하모닉오케스트라(주관)",,,"['한상욱', '노예진']",[],"['한상욱', '노예진']",[],787,"['대중음악', '연극']","[-0.9411064386367798, -1.2989840507507324]",대중음악 + 연극
누모리쇼,복합,복합,"윤세연, 구민지, 이아진, 이주용, 문상준, 신동철, 이안나 등",,"한국문화예술회관연합회(KoCACA)(주최), 광주예술의전당 (구. 광주문화예술회관)(주관), 누베이스레코드(주관)",,,"['윤세연', '구민지', '이아진', '이주용', '문상준', '신동철', '이안나']",[],"['윤세연', '구민지', '이아진', '이주용', '문상준', '신동철', '이안나']",[],788,"['대중음악', '연극']","[-0.919130265712738, -1.3046724796295166]",대중음악 + 연극
"문화공감터 렉처 콘서트: 원도심 재생의 아름다움, 나의 일상에 들어오다",복합,복합,"오재철, 송미호 등",,"(재)당진문화재단(주최), (재)당진문화재단(주관)",,,"['오재철', '송미호']",[],"['오재철', '송미호']",[],789,"['대중음악', '연극']","[-0.9614191651344299, -1.2861270904541016]",대중음악 + 연극
세종이네 복숭아나무,복합,복합,"고두영, 고영신, 이지선, 허정인, 박현정, 이은혜, 황진하 등",,"더 퍼포머(주최), 더 퍼포머(주관)",,,"['고두영', '고영신', '이지선', '허정인', '박현정', '이은혜', '황진하']",[],"['고두영', '고영신', '이지선', '허정인', '박현정', '이은혜', '황진하']",[],790,"['대중음악', '연극']","[-0.9378143548965454, -1.2985962629318237]",대중음악 + 연극
"K-예술축제 아.우.름, 대전국악방송 공개음악회: 북새통 [대전]",복합,복합,박은영 등,"김재영, 김은민, 정현경 등","대전시립연정국악원(주최), 한국문화예술회관연합회(KoCACA)(주최), (재)예술경영지원센터(주최), 대전국악방송(주최), 문화체육관광부(주관), 한국문화예술위원회(주관)",,,['박은영'],"['김재영', '김은민', '정현경']",['박은영'],"['김재영', '김은민', '정현경']",791,"['연극', '대중음악']","[-5.769562994828448e-05, -10.732324600219727]",연극 + 대중음악
"박순아 & 키무라 슌스케: mortal, immortal",복합,복합,"박순아, 키무라 슌스케, 여성룡",,,,,"['박순아', '키무라 슌스케', '여성룡']",[],"['박순아', '키무라 슌스케', '여성룡']",[],792,"['대중음악', '연극']","[-0.928200900554657, -1.3103978633880615]",대중음악 + 연극
김태연과 함께하는 열린음악회 [영광],복합,복합,"김태연, 유수영, 이희정 등",,"영광군청(주최), 영광군청(주관), 한국문화예술회관연합회(KoCACA)(주최)",,,"['김태연', '유수영', '이희정']",[],"['김태연', '유수영', '이희정']",[],793,"['연극', '대중음악']","[-8.809178689261898e-05, -10.273695945739746]",연극 + 대중음악
"싱크넥스트23, 궁리소 묻다의 우주 양자 마음",복합,복합,"나경민, 박선희, 박주빈, 배소현, 신재환, 이은지, 이주야 등","배요섭, 강정희, 최용석 등","(재)세종문화회관(주최), (재)세종문화회관(주관)",,,"['나경민', '박선희', '박주빈', '배소현', '신재환', '이은지', '이주야']","['배요섭', '강정희', '최용석']","['나경민', '박선희', '박주빈', '배소현', '신재환', '이은지', '이주야']","['배요섭', '강정희', '최용석']",794,"['연극', '대중음악']","[-8.368142152903602e-05, -10.357571601867676]",연극 + 대중음악
"개관 15주년 컬렉션 개막작, 물질 [창원]",복합,다원/융복합,"서현성, 이애리, 이재호, 김준봉, 마광현","윤한울, 최원석, 김준규 등","(재)예술경영지원센터(주최), 코끼리들이웃는다(주관), (재)창원문화재단(주최), (재)창원문화재단(주관), (재)창원문화재단(기획사)",,,"['서현성', '이애리', '이재호', '김준봉', '마광현']","['윤한울', '최원석', '김준규']","['서현성', '이애리', '이재호', '김준봉', '마광현']","['윤한울', '최원석', '김준규']",795,"['대중음악', '연극']","[-0.9209650754928589, -1.3308207988739014]",대중음악 + 연극
Beyond the Sea,복합,다원/융복합,"최서희, 유키 코야마, 하효경","김자현, 이정섭, 김진일 등",,,,"['최서희', '유키 코야마', '하효경']","['김자현', '이정섭', '김진일']","['최서희', '유키 코야마', '하효경']","['김자현', '이정섭', '김진일']",796,"['대중음악', '연극']","[-0.9331970810890198, -1.316097617149353]",대중음악 + 연극
One Free Drink Concert [대전],복합,복합,"김유범, 홍이삭, 김형준, 김영수, 조윤성, 이혜은, 정혜은 등",,"나무예술기획(주최), 나무예술기획(주관), 복합문화공간 플랜에이(조이마루아트홀)(주최), 복합문화공간 플랜에이(조이마루아트홀)(주관), 충남일보(주관)",,,"['김유범', '홍이삭', '김형준', '김영수', '조윤성', '이혜은', '정혜은']",[],"['김유범', '홍이삭', '김형준', '김영수', '조윤성', '이혜은', '정혜은']",[],797,"['뮤지컬', '대중음악']","[-3.2543604902457446e-05, -11.395139694213867]",뮤지컬 + 대중음악
어린왕자를 찾아서,복합,다원/융복합,,,극단 상상마당컴퍼니(주최),,,[],[],[],[],798,"['대중음악', '연극']","[-0.9240641593933105, -1.2944812774658203]",대중음악 + 연극
"고스트 인 더 씨어터, 비욘드 게임",복합,다원/융복합,"강길완, 우상준, 황세주, 김상혁, 박시연","김상경, 김수현, 이중구 등","프로젝트 밈(주최), 프로젝트 밈(기획사), 프로젝트 밈(제작사)",구도윤,,"['강길완', '우상준', '황세주', '김상혁', '박시연']","['김상경', '김수현', '이중구']","['강길완', '우상준', '황세주', '김상혁', '박시연']","['김상경', '김수현', '이중구']",799,"['대중음악', '연극']","[-0.9250755310058594, -1.3470180034637451]",대중음악 + 연극
신데렐라의 모래 이야기,복합,다원/융복합,"김지현, 강동명, 장성일, 김성결, 홍예원, 김도아, 김일훈","김대염, 박성진, 유혜상 등","콘텐츠컬쳐플레이스(제작사), 아트아우름(제작사), (주)골든뮤직엔터테인먼트(주최), (재)성동문화재단(주관)",,,"['김지현', '강동명', '장성일', '김성결', '홍예원', '김도아', '김일훈']","['김대염', '박성진', '유혜상']","['김지현', '강동명', '장성일', '김성결', '홍예원', '김도아', '김일훈']","['김대염', '박성진', '유혜상']",800,"['서커스/마술', '대중무용']","[-0.00013326710904948413, -9.845154762268066]",서커스/마술 + 대중무용
요리조리 벌룬쉐프,복합,다원/융복합,,,상상발전소(주최),,,[],[],[],[],801,"['연극', '대중음악']","[-6.151010165922344e-05, -10.716426849365234]",연극 + 대중음악
우드로우,복합,복합,"박상민, 박신혜, 송현우, 이현진, 유명지",,야기웍스(주최),,,"['박상민', '박신혜', '송현우', '이현진', '유명지']",[],"['박상민', '박신혜', '송현우', '이현진', '유명지']",[],802,"['뮤지컬', '대중음악']","[-4.0649541915627196e-05, -11.054465293884277]",뮤지컬 + 대중음악
조용필 음악과 함께하는 빛의 베아트리체 [하남],복합,다원/융복합,"허성재, 서연우, 김성은, 이도현, 윤석현, 서유진, 노유리 등","허성재, 김상교, 유경민 등","한국문화예술회관연합회(KoCACA)(주최), (재)하남문화재단(주관)",허성재,,"['허성재', '서연우', '김성은', '이도현', '윤석현', '서유진', '노유리']","['허성재', '김상교', '유경민']","['허성재', '서연우', '김성은', '이도현', '윤석현', '서유진', '노유리']","['허성재', '김상교', '유경민']",803,"['연극', '대중음악']","[-8.391981828026474e-05, -10.338160514831543]",연극 + 대중음악
"플래시콘서트, 알리 & 한동준 위드 오케스트라",복합,복합,"박상현, 한동준, 손현수 등",,"한국문화예술회관연합회(KoCACA)(주최), 남동문화재단(주관)",,,"['박상현', '한동준', '손현수']",[],"['박상현', '한동준', '손현수']",[],804,"['연극', '대중음악']","[-7.688703772146255e-05, -10.434137344360352]",연극 + 대중음악
"브런치콘서트 피아니스트 김용진과 함께하는 이달의 공연: 보이는 콘서트, 현대무용 (8월)",복합,복합,"김용진, 조재형, 최정원, 이상엽",,"(재)구로문화재단(주최), (재)구로문화재단(주관), MEG컴퍼니(엠이지컴퍼니)(주관)",,,"['김용진', '조재형', '최정원', '이상엽']",[],"['김용진', '조재형', '최정원', '이상엽']",[],805,"['대중음악', '뮤지컬']","[-6.09140915912576e-05, -10.583480834960938]",대중음악 + 뮤지컬
하우스콘서트 아리아리동동(同同) [함양],복합,복합,"임예슬, 한청종, 김성광, 윤병의, 배선희 등",,"함양군(주최), 함양군문화예술회관(주관)",,,"['임예슬', '한청종', '김성광', '윤병의', '배선희']",[],"['임예슬', '한청종', '김성광', '윤병의', '배선희']",[],806,"['대중음악', '연극']","[-6.472854875028133e-05, -10.54394817352295]",대중음악 + 연극
"미술관 옆 오페라하우스 Ⅱ, 오페라 나비부인&투란도트",복합,다원/융복합,"이주헌, 손지현 등",,"(재)부산문화회관(주최), (재)부산문화회관(주관)",,,"['이주헌', '손지현']",[],"['이주헌', '손지현']",[],807,"['뮤지컬', '대중음악']","[-3.4927710657939315e-05, -11.409481048583984]",뮤지컬 + 대중음악
광주상설공연 (9월),복합,복합,"송선명, 김형석, 김나영, 김철환, 한지윤, 전미향, 김한송 등",,"광주광역시(주최), 광주광역시(기획사), 광주예술의전당 (구. 광주문화예술회관)(주최), 광주예술의전당 (구. 광주문화예술회관)(기획사)",,,"['송선명', '김형석', '김나영', '김철환', '한지윤', '전미향', '김한송']",[],"['송선명', '김형석', '김나영', '김철환', '한지윤', '전미향', '김한송']",[],808,"['연극', '대중음악']","[-6.961580220377073e-05, -10.523691177368164]",연극 + 대중음악
"싱크넥스트23, 백현진 쑈: 공개방송",복합,복합,"백현진, 전제곤, 이태훈, 진수영 등",백현진 등,(재)세종문화회관(주최),,,"['백현진', '전제곤', '이태훈', '진수영']",['백현진'],"['백현진', '전제곤', '이태훈', '진수영']",['백현진'],809,"['대중음악', '연극']","[-0.9332582354545593, -1.3271050453186035]",대중음악 + 연극
물질 [고양],복합,다원/융복합,"김준봉, 마광현, 서현성, 이애리","이진엽, 세르지미, 신재욱 등","코끼리들이웃는다(제작사), (재)예술경영지원센터(주최), 코끼리들이웃는다(주관), (재)고양문화재단(주관)",,,"['김준봉', '마광현', '서현성', '이애리']","['이진엽', '세르지미', '신재욱']","['김준봉', '마광현', '서현성', '이애리']","['이진엽', '세르지미', '신재욱']",810,"['대중음악', '연극']","[-0.9601050019264221, -1.266815423965454]",대중음악 + 연극
Movie & Musical과 함께하는 음악산책 [홍주],복합,복합,"박혜나, 이승용, 김헌범, 박신유, 이윤석, 김만규, 유환삼 등",,"문화체육관광부(주최), 홍성군(주최), 한국문화예술회관연합회(KoCACA)(주관), 홍성군공공시설관리소(주관)",,,"['박혜나', '이승용', '김헌범', '박신유', '이윤석', '김만규', '유환삼']",[],"['박혜나', '이승용', '김헌범', '박신유', '이윤석', '김만규', '유환삼']",[],811,"['연극', '대중음악']","[-7.962863310240209e-05, -10.378748893737793]",연극 + 대중음악
제9회 사랑앤 뇌병변 장애인을 위한 자선음악회,복합,복합,"박수용, 송기창, 김찬미, 류성직, 권휘소, 권용만 등",,사랑앤(주최),,,"['박수용', '송기창', '김찬미', '류성직', '권휘소', '권용만']",[],"['박수용', '송기창', '김찬미', '류성직', '권휘소', '권용만']",[],812,"['뮤지컬', '대중음악']","[-5.9602869441732764e-05, -10.619781494140625]",뮤지컬 + 대중음악
광주학생 탈렌트 페스티벌,복합,복합,"이찬율, 김세린, 고소연, 박태희, 정채은, 김지혜, 은연화 등",,광주광역시교육청(주최),,,"['이찬율', '김세린', '고소연', '박태희', '정채은', '김지혜', '은연화']",[],"['이찬율', '김세린', '고소연', '박태희', '정채은', '김지혜', '은연화']",[],813,"['대중음악', '연극']","[-0.9396994113922119, -1.2978277206420898]",대중음악 + 연극
"이앤아이앙상블 콘서트, 칼레이도 사이클 [용인]",복합,복합,"이혜정, 고재경, 최정산, 설호종, 장경아, 박진희, 김도윤 등","이혜정, 박진희, 김도윤 등","이앤아이앙상블 (E&I ensemble)(주최), 이앤아이앙상블 (E&I ensemble)(주관)",,,"['이혜정', '고재경', '최정산', '설호종', '장경아', '박진희', '김도윤']","['이혜정', '박진희', '김도윤']","['이혜정', '고재경', '최정산', '설호종', '장경아', '박진희', '김도윤']","['이혜정', '박진희', '김도윤']",814,"['대중음악', '연극']","[-0.9408681392669678, -1.311208724975586]",대중음악 + 연극
"태권무 한빛, 제주오백장군이야기",복합,복합,,,"한국문화예술회관연합회(KoCACA)(주최), 제주특별자치도 문화예술진흥원(주관)",,,[],[],[],[],815,"['뮤지컬', '연극']","[-5.185469490243122e-05, -10.8961763381958]",뮤지컬 + 연극
"김천시립예술단 서울공연, Memory in 김천",복합,복합,"김성진, 김소현, 이태원, 김지연, 송영훈, 김태형, 장미선 등",,"김천시(김천시청)(주최), 김천시문화예술회관(주관)",,,"['김성진', '김소현', '이태원', '김지연', '송영훈', '김태형', '장미선']",[],"['김성진', '김소현', '이태원', '김지연', '송영훈', '김태형', '장미선']",[],816,"['연극', '대중음악']","[-7.688703772146255e-05, -10.433049201965332]",연극 + 대중음악
"몽골국립예술단 초청공연, Nomad, met as art [예산]",복합,복합,,,"충청남도(주최), (재)충남문화관광재단(주관), 전통예술단 혼(주관)",,,[],[],[],[],817,"['연극', '서커스/마술']","[-6.067568756407127e-05, -10.662422180175781]",연극 + 서커스/마술
JAZZ & 국악 with 웅산 [장흥],복합,복합,"임상규, 웅산, 제이세라, 천성대 등",,"한국문화예술회관연합회(KoCACA)(주최), 안산시청(주관), 장흥군청(주관)",,,"['임상규', '웅산', '제이세라', '천성대']",[],"['임상규', '웅산', '제이세라', '천성대']",[],818,"['뮤지컬', '연극']","[-6.294052582234144e-05, -10.556411743164062]",뮤지컬 + 연극
홍지민과 함께하는 판타스틱쇼 시즌2,복합,복합,"이가연, 임세준, 유원석, 이선호 등",,"삼척시문화예술센터(주관), 한국문화예술회관연합회(KoCACA)(주최), (주) 산책컴퍼니(주관)",,,"['이가연', '임세준', '유원석', '이선호']",[],"['이가연', '임세준', '유원석', '이선호']",[],819,"['뮤지컬', '연극']","[-4.875540980719961e-05, -10.837601661682129]",뮤지컬 + 연극
"가족과 함께하는 카툰 콘서트, 셜록홈즈 With POLYSYMPHONIC [대전]",복합,복합,"양왕열, 최유석, 고길영, 이기명, 황성범, 성절모, 이한호 등",,"퓨전퍼커션밴드 폴리(주최), 공연기획피움(주관)",,,"['양왕열', '최유석', '고길영', '이기명', '황성범', '성절모', '이한호']",[],"['양왕열', '최유석', '고길영', '이기명', '황성범', '성절모', '이한호']",[],820,"['연극', '대중음악']","[-7.64102369430475e-05, -10.391376495361328]",연극 + 대중음악
"춘하추동, 디톡스 콘서트 : 남상일&박구윤&최연화",복합,복합,"남상일, 박구윤, 최연화",,"한국문화예술회관연합회(KoCACA)(주최), 남동문화재단(주관)",,,"['남상일', '박구윤', '최연화']",[],"['남상일', '박구윤', '최연화']",[],821,"['대중음악', '뮤지컬']","[-5.280832192511298e-05, -10.778033256530762]",대중음악 + 뮤지컬
어머니 달의신화,복합,복합,,,"서귀포예술의전당(주최), (사)제주빌레앙상블(주관), 무용단 놈스(주관)",,,[],[],[],[],822,"['대중음악', '연극']","[-0.9608123302459717, -1.311849594116211]",대중음악 + 연극
뷰티힐링 콘서트 with VIPIST [고양],복합,복합,"박현숙, 박은주, 이종원, 이하나, 정주미, 이채민 등",,에이블 코리아 주식회사(주관),,,"['박현숙', '박은주', '이종원', '이하나', '정주미', '이채민']",[],"['박현숙', '박은주', '이종원', '이하나', '정주미', '이채민']",[],823,"['대중음악', '연극']","[-0.938101053237915, -1.3141989707946777]",대중음악 + 연극
퍼플콘서트 in 서울,복합,복합,,,,,,[],[],[],[],824,"['대중음악', '연극']","[-0.922660768032074, -1.306831955909729]",대중음악 + 연극
김영임 & 김용임과 함께하는 희희낙락 [문경],복합,복합,"김용임, 김영임, 고금성, 전영랑",,"한국문화예술회관연합회(KoCACA)(주최), 문경시(주관), (주)공감엔피엠(주관)",,,"['김용임', '김영임', '고금성', '전영랑']",[],"['김용임', '김영임', '고금성', '전영랑']",[],825,"['대중음악', '연극']","[-0.9067245125770569, -1.3422250747680664]",대중음악 + 연극
"남구청년예술제, 함께푸르다: 해야청청",복합,복합,권윤형,,"대덕문화전당(주최), 대덕문화전당(주관), 대덕문화전당(기획사)",,,['권윤형'],[],['권윤형'],[],826,"['대중음악', '연극']","[-0.922450602054596, -1.3108930587768555]",대중음악 + 연극
오라토리오 마르티레스,복합,복합,"김도환, 박태영, 김호정, 백현호, 최병혁, 김지훈, 류성현 등",홍성욱 등,"아트팜엘케이(Art Farm LK)(주최), 아트팜엘케이(Art Farm LK)(주관)",,,"['김도환', '박태영', '김호정', '백현호', '최병혁', '김지훈', '류성현']",['홍성욱'],"['김도환', '박태영', '김호정', '백현호', '최병혁', '김지훈', '류성현']",['홍성욱'],827,"['대중음악', '연극']","[-0.9273306131362915, -1.3324085474014282]",대중음악 + 연극
그림자야 놀자 [부천],복합,복합,,,"(재)부천문화재단(주최), (재)부천문화재단(주관), 극단 모이세(주관)",,,[],[],[],[],828,"['연극', '서커스/마술']","[-5.2927523938706145e-05, -10.836991310119629]",연극 + 서커스/마술
"동고동락 청년 예술 콘서트, 청신호: 파동이 우리를 주파할 때 [안산]",복합,복합,"안왕식, 빈재현, 최진욱, 최진우, 박창훈, 이재영 등",,"(재)안산문화재단(안산문화예술의전당)(주최), (재)안산문화재단(안산문화예술의전당)(주관), (재)안산문화재단(안산문화예술의전당)(기획사)",,,"['안왕식', '빈재현', '최진욱', '최진우', '박창훈', '이재영']",[],"['안왕식', '빈재현', '최진욱', '최진우', '박창훈', '이재영']",[],829,"['연극', '대중음악']","[-6.365573790390044e-05, -10.697151184082031]",연극 + 대중음악
"전주세계소리축제 개막공연, 상생과 회복 [전주]",복합,복합,"장일범, 박애리, 서선영, 김기훈, 문양숙, 김율희, 고영열 등","이소영, 박은혜, 박기남 등","(사)전주세계소리축제조직위원회(주최), (사)전주세계소리축제조직위원회(기획사)",,,"['장일범', '박애리', '서선영', '김기훈', '문양숙', '김율희', '고영열']","['이소영', '박은혜', '박기남']","['장일범', '박애리', '서선영', '김기훈', '문양숙', '김율희', '고영열']","['이소영', '박은혜', '박기남']",830,"['대중음악', '연극']","[-0.9233947992324829, -1.3354452848434448]",대중음악 + 연극
"제14회 부산마루국제음악제, 프롬나드 콘서트IV, 지브리 WITH 샌드아트",복합,복합,"이병주, 임혁필, 박가경, 정회인 등",,"부산광역시(주최), 부산마루국제음악제 조직위원회(주관), 더존클래식(주최), 더존클래식(주관), 더존클래식(기획사)",,,"['이병주', '임혁필', '박가경', '정회인']",[],"['이병주', '임혁필', '박가경', '정회인']",[],831,"['대중음악', '뮤지컬']","[-5.185469490243122e-05, -10.803985595703125]",대중음악 + 뮤지컬
물질 [광주],복합,다원/융복합,,,"광주예술의전당 (구. 광주문화예술회관)(주관), (재)예술경영지원센터(주최)",,,[],[],[],[],832,"['뮤지컬', '대중음악']","[-4.756337511935271e-05, -10.926677703857422]",뮤지컬 + 대중음악
"서리풀악동문화공연, 매직컬 피터팬",복합,복합,,,서초구청(주최),,,[],[],[],[],833,"['대중음악', '연극']","[-0.92392498254776, -1.3267505168914795]",대중음악 + 연극
"전원경의 아트살롱, 그림콘서트: 고독한 뉴요커",복합,복합,"조은형, 박상혁 등",,"(재)당진문화재단(주최), (재)당진문화재단(주관)",,,"['조은형', '박상혁']",[],"['조은형', '박상혁']",[],834,"['대중음악', '연극']","[-0.909929096698761, -1.3376092910766602]",대중음악 + 연극
제113회 강릉시립합창단 정기연주회,복합,복합,"민인기, 최정원, 최은선, 송현주, 박수용 등",,"강릉아트센터(주최), 강릉시립합창단(주관)",,,"['민인기', '최정원', '최은선', '송현주', '박수용']",[],"['민인기', '최정원', '최은선', '송현주', '박수용']",[],835,"['연극', '대중음악']","[-7.414542778860778e-05, -10.48531436920166]",연극 + 대중음악
호수 위 우주 [충주],복합,복합,"강다영, 김은진, 김하현, 민근혜, 배민우, 신이안, 심솔 등","곽창석, 노정식, 김태희 등","(재)예술경영지원센터(주최), 예술불꽃화랑(주관)",,,"['강다영', '김은진', '김하현', '민근혜', '배민우', '신이안', '심솔']","['곽창석', '노정식', '김태희']","['강다영', '김은진', '김하현', '민근혜', '배민우', '신이안', '심솔']","['곽창석', '노정식', '김태희']",836,"['연극', '대중음악']","[-0.0001070442158379592, -10.071830749511719]",연극 + 대중음악
"이재무 & 이준행, 즐거운 소란",복합,다원/융복합,,,인 메이트(주관),,,[],[],[],[],837,"['연극', '대중음악']","[-8.141662692651153e-05, -10.386643409729004]",연극 + 대중음악
형형색색 3인 3색 콘서트 [창원],복합,복합,"유도온, 권인하, 이응광",,"(재)창원문화재단(주최), (재)창원문화재단(기획사), 진해문화센터(주관)",,,"['유도온', '권인하', '이응광']",[],"['유도온', '권인하', '이응광']",[],838,"['연극', '서커스/마술']","[-6.19869097135961e-05, -10.675427436828613]",연극 + 서커스/마술
시네마 음악회 [부산],복합,복합,"서희태, 정혜욱, 정주연, 김태우 등",,"(재)영화의전당(주최), KNN(주관)",,,"['서희태', '정혜욱', '정주연', '김태우']",[],"['서희태', '정혜욱', '정주연', '김태우']",[],839,"['대중음악', '연극']","[-5.602679812000133e-05, -10.766592025756836]",대중음악 + 연극
을숙도문화회관 재개관기념 공연,복합,복합,"정동하, 홍희철, 최성근, 윤여경, 이주호, 김민영, 김민채 등",,"을숙도문화회관(주최), 을숙도문화회관(주관)",,,"['정동하', '홍희철', '최성근', '윤여경', '이주호', '김민영', '김민채']",[],"['정동하', '홍희철', '최성근', '윤여경', '이주호', '김민영', '김민채']",[],840,"['대중음악', '연극']","[-5.149708886165172e-05, -10.84630012512207]",대중음악 + 연극
"제22회 전주세계소리축제, re:Orient [전주]",복합,복합,"키야 타바시안, 정상희, 디뎀 바사르, 오병옥, 패트릭 그레함, 하민 호나리, 이상화 등",,"(사)전주세계소리축제조직위원회(주최), (사)전주세계소리축제조직위원회(기획사)",,,"['키야 타바시안', '정상희', '디뎀 바사르', '오병옥', '패트릭 그레함', '하민 호나리', '이상화']",[],"['키야 타바시안', '정상희', '디뎀 바사르', '오병옥', '패트릭 그레함', '하민 호나리', '이상화']",[],841,"['뮤지컬', '대중음악']","[-5.4596363042946905e-05, -10.674939155578613]",뮤지컬 + 대중음악
"서구愛마토콘서트, 서풍: 이찬원, 정미애, 민요 김단희, 영남국악관현악단",복합,복합,"이찬원, 정미애, 김단희 등",,"한국문화예술회관연합회(KoCACA)(주최), 영남국악관현악단(주관), 대구광역시 서구문화회관(주관), 대구광역시 서구문화회관(주최)",,,"['이찬원', '정미애', '김단희']",[],"['이찬원', '정미애', '김단희']",[],842,"['연극', '대중음악']","[-8.21318244561553e-05, -10.299948692321777]",연극 + 대중음악
브런치콘서트 피아니스트 김용진과 함께하는 이달의 공연: 국악이 흐르는 클래식 (9월),복합,복합,"김용진, 김진택, 이준목, 김지현, 서예지",,"(재)구로문화재단(주최), (재)구로문화재단(주관), MEG컴퍼니(엠이지컴퍼니)(주관)",,,"['김용진', '김진택', '이준목', '김지현', '서예지']",[],"['김용진', '김진택', '이준목', '김지현', '서예지']",[],843,"['연극', '서커스/마술']","[-7.068861305015162e-05, -10.653753280639648]",연극 + 서커스/마술
"삼국유사교육문화회관 가을밤 콘서트, 모던민요: 송소희 & 두번째달 & 오단해",복합,복합,,,"군위군 시설관리사업소(주최), 군위군 시설관리사업소(주관)",,,[],[],[],[],844,"['대중음악', '연극']","[-0.9383626580238342, -1.302432656288147]",대중음악 + 연극
광주상설공연 (10월),복합,복합,,,"광주예술의전당 (구. 광주문화예술회관)(주최), 광주예술의전당 (구. 광주문화예술회관)(주관), 광주광역시(주최)",,,[],[],[],[],845,"['대중음악', '연극']","[-0.9390290379524231, -1.3289895057678223]",대중음악 + 연극
"브라소닛 빅밴드와 앰비규어스댄스컴퍼니, Body ＆ Voice [안동]",복합,복합,"에릭 미야시로, 정수라 등",,"한국문화예술회관연합회(KoCACA)(주최), 안동문화예술의전당 (평생학습원)(주관), 브라소닛(주관), 앰비규어스댄스컴퍼니(주관)",,,"['에릭 미야시로', '정수라']",[],"['에릭 미야시로', '정수라']",[],846,"['대중음악', '연극']","[-0.9313770532608032, -1.3189061880111694]",대중음악 + 연극
"김남중의 쪽마루음악회, 낮별에서 밤별로: I.일월성신, 해와 달의기도",복합,다원/융복합,"김남중, 노은아, 서수복, 신주현, 김정근, 김선두","김남중, 김정근 등",,,,"['김남중', '노은아', '서수복', '신주현', '김정근', '김선두']","['김남중', '김정근']","['김남중', '노은아', '서수복', '신주현', '김정근', '김선두']","['김남중', '김정근']",847,"['대중음악', '연극']","[-0.9463154673576355, -1.2802186012268066]",대중음악 + 연극
제14회 안산 성황 예술제,복합,복합,,,"민속문화인협회(주최), 민속문화인협회(기획사), 안산시청(주최), 민속문화인협회(주관), 안산문화원(주관)",,,[],[],[],[],848,"['대중음악', '연극']","[-0.9421985745429993, -1.325995922088623]",대중음악 + 연극
"제12회 당진시민의 날, 기념식",복합,복합,안소미 등,,당진시(주최),,,['안소미'],[],['안소미'],[],849,"['연극', '대중음악']","[-6.460934673668817e-05, -10.648062705993652]",연극 + 대중음악
제55회 군산 진포예술제 개막식,복합,복합,장민호 등,,"(사)군산예총(주최), (사)군산예총(주관)",,,['장민호'],[],['장민호'],[],850,"['연극', '서커스/마술']","[-5.578839045483619e-05, -10.825336456298828]",연극 + 서커스/마술
"신라, 천년의 비상 [경주]",복합,복합,"김돈, 이해원, 박유리, 조아라, 정해윤, 김승철, 강현수 등","이건륜, 정가람, 김한길 등","경주시(주최), 울산광역시청(주최), 포항시청(주최), 경주시립예술단(주관), 울산시립예술단(주관), 포항시립예술단(주관)",,,"['김돈', '이해원', '박유리', '조아라', '정해윤', '김승철', '강현수']","['이건륜', '정가람', '김한길']","['김돈', '이해원', '박유리', '조아라', '정해윤', '김승철', '강현수']","['이건륜', '정가람', '김한길']",851,"['뮤지컬', '연극']","[-5.900685573578812e-05, -10.622339248657227]",뮤지컬 + 연극
설화와 국악심포니 만나다,복합,다원/융복합,"채길룡, 서진실, 장명서, 박진아, 민은선, 박미애, 윤남 등","이창현, 김혜성, 이태일 등","(재)군포문화재단(군포문화예술회관)(주최), (재)군포문화재단(군포문화예술회관)(주관)",,,"['채길룡', '서진실', '장명서', '박진아', '민은선', '박미애', '윤남']","['이창현', '김혜성', '이태일']","['채길룡', '서진실', '장명서', '박진아', '민은선', '박미애', '윤남']","['이창현', '김혜성', '이태일']",852,"['대중음악', '연극']","[-7.581423415103927e-05, -10.467925071716309]",대중음악 + 연극
발레 메카닉 [LG아트센터],복합,복합,,,"LG아트센터(주관), (주)팀프앙상블(TIMF 앙상블)(주관), (재)예술경영지원센터(주최)",,,[],[],[],[],853,"['대중음악', '연극']","[-7.450303382938728e-05, -10.487651824951172]",대중음악 + 연극
"너드커넥션 단독 공연, 설명하기 어려운 것들",복합,다원/융복합,,,"유어썸머(주최), (주)하쿠나마타타(주최), (주)하쿠나마타타(주관)",,,[],[],[],[],854,"['대중음악', '연극']","[-0.93314129114151, -1.3233606815338135]",대중음악 + 연극
호수 위 우주 [세종],복합,복합,"강다연, 김은진, 김하현, 민근혜, 배민우, 신이안, 심솔 등","곽창석, 김준환, 노정식 등","(재)예술경영지원센터(주최), 예술불꽃화랑(주관)",,,"['강다연', '김은진', '김하현', '민근혜', '배민우', '신이안', '심솔']","['곽창석', '김준환', '노정식']","['강다연', '김은진', '김하현', '민근혜', '배민우', '신이안', '심솔']","['곽창석', '김준환', '노정식']",855,"['대중음악', '연극']","[-0.958740234375, -1.3026862144470215]",대중음악 + 연극
B612 [인천],복합,다원/융복합,"이혜민, 이석호, 박병호, 한선영, 송민주, 김정우","김영배, 장윤희, 강경호 등","한국문화예술회관연합회(KoCACA)(주최), (재)인천광역시 부평구문화재단(부평아트센터)(주최), (재)인천광역시 부평구문화재단(부평아트센터)(주관), (재)인천광역시 부평구문화재단(부평아트센터)(기획사)",,,"['이혜민', '이석호', '박병호', '한선영', '송민주', '김정우']","['김영배', '장윤희', '강경호']","['이혜민', '이석호', '박병호', '한선영', '송민주', '김정우']","['김영배', '장윤희', '강경호']",856,"['대중음악', '연극']","[-0.9375267624855042, -1.3183213472366333]",대중음악 + 연극
제17회 당진예술제,복합,복합,"김차돌, 한미나 등",,"(사)한국예술문화단체총연합회(주최), (사)한국예술문화단체총연합회(주관), (사)한국연예예술인총연합회 당진지부(주최), (사)한국연예예술인총연합회 당진지부(주관)",,,"['김차돌', '한미나']",[],"['김차돌', '한미나']",[],857,"['대중음악', '연극']","[-0.9193217754364014, -1.3292479515075684]",대중음악 + 연극
환상노정기,복합,다원/융복합,,,"한국문화예술회관연합회(KoCACA)(주최), (재)밀양문화재단(주관), 창작국악그룹 그림(the林)(주관)",,,[],[],[],[],858,"['대중음악', '연극']","[-0.9296358823776245, -1.3347482681274414]",대중음악 + 연극
"제23회 SPAF, 플레시",복합,다원/융복합,"타케우치 아즈사, 셀린느 데바이저","프랑크 비그루, 커트 데셀러, 미리암 구르핑크 등","서울국제공연예술제(SPAF)(주최), 서울국제공연예술제(SPAF)(주관), (재)예술경영지원센터(주최), (재)예술경영지원센터(기획사)",,,"['타케우치 아즈사', '셀린느 데바이저']","['프랑크 비그루', '커트 데셀러', '미리암 구르핑크']","['타케우치 아즈사', '셀린느 데바이저']","['프랑크 비그루', '커트 데셀러', '미리암 구르핑크']",859,"['대중음악', '뮤지컬']","[-5.9126061387360096e-05, -10.6464204788208]",대중음악 + 뮤지컬
그림 속으로 들어간 소녀,복합,복합,"선우정아, 한예리, 천성대, 마예지, 이경구, 고명진, 김하영 등","윤주희, 임오정, 허범수 등",,,,"['선우정아', '한예리', '천성대', '마예지', '이경구', '고명진', '김하영']","['윤주희', '임오정', '허범수']","['선우정아', '한예리', '천성대', '마예지', '이경구', '고명진', '김하영']","['윤주희', '임오정', '허범수']",860,"['대중음악', '뮤지컬']","[-5.376194530981593e-05, -10.757110595703125]",대중음악 + 뮤지컬
재즈 온 메이플스토리 [고양],복합,복합,김유원 등,,"(주)넥슨코리아(주최), (주)스톰프뮤직(주최), (주)스톰프뮤직(주관)",,,['김유원'],[],['김유원'],[],861,"['뮤지컬', '연극']","[-4.1126360883936286e-05, -10.969995498657227]",뮤지컬 + 연극
홍지민과 함께하는 판타스틱쇼 시즌2 [함양],복합,복합,"홍지민, 유원석, 아리현, 임세준, 이선호 등",,"한국문화예술회관연합회(KoCACA)(주최), 함양군문화예술회관(주관)",,,"['홍지민', '유원석', '아리현', '임세준', '이선호']",[],"['홍지민', '유원석', '아리현', '임세준', '이선호']",[],862,"['연극', '서커스/마술']","[-6.115249561844394e-05, -10.622514724731445]",연극 + 서커스/마술
SBS 뽕사활동과 함께하는 희망나눔 열린음악회 [대구],복합,복합,"안치현, 양채원, 강재수, 고정우, 김성리, 양지원, 이하준 등",,"희망나눔(주최), 희망나눔(주관)",,,"['안치현', '양채원', '강재수', '고정우', '김성리', '양지원', '이하준']",[],"['안치현', '양채원', '강재수', '고정우', '김성리', '양지원', '이하준']",[],863,"['대중음악', '연극']","[-0.9253094792366028, -1.3459041118621826]",대중음악 + 연극
"창원문화재단과 함께하는 해군음악회, 항해 [창원]",복합,복합,"김혜민, 이현욱, 조형준, 조원철, 윤소미, 송성민, 강신현 등",,"(재)창원문화재단(주최), 진해문화센터(주관)",,,"['김혜민', '이현욱', '조형준', '조원철', '윤소미', '송성민', '강신현']",[],"['김혜민', '이현욱', '조형준', '조원철', '윤소미', '송성민', '강신현']",[],864,"['연극', '서커스/마술']","[-7.331102824537084e-05, -10.530744552612305]",연극 + 서커스/마술
가을 콘서트 [광양],복합,복합,"최성수, 최진희, 조하도, 진소리, 조형빈, 서하은",,광양시청(주최),,,"['최성수', '최진희', '조하도', '진소리', '조형빈', '서하은']",[],"['최성수', '최진희', '조하도', '진소리', '조형빈', '서하은']",[],865,"['대중음악', '연극']","[-0.9468780755996704, -1.2982656955718994]",대중음악 + 연극
"신라, 천년의 비상 [울산]",복합,복합,"김돈, 이해원, 박유리, 조아라, 정해윤, 김승철, 강현수 등","이건륜, 정가람, 김한길 등","울산광역시청(주최), 경주시(주최), 포항시청(주최), 울산시립예술단(주관), 경주시립예술단(주관), 포항시립예술단(주관)",,,"['김돈', '이해원', '박유리', '조아라', '정해윤', '김승철', '강현수']","['이건륜', '정가람', '김한길']","['김돈', '이해원', '박유리', '조아라', '정해윤', '김승철', '강현수']","['이건륜', '정가람', '김한길']",866,"['연극', '대중음악']","[-7.30726242181845e-05, -10.608112335205078]",연극 + 대중음악
"제11회 자문밖문화축제, 오프닝공연",복합,복합,"김초롱, 김도현, 류현석, 이지영 등",,,,,"['김초롱', '김도현', '류현석', '이지영']",[],"['김초롱', '김도현', '류현석', '이지영']",[],867,"['대중음악', '연극']","[-0.936761736869812, -1.3398804664611816]",대중음악 + 연극
예술로 fantastic collaboration!,복합,복합,"신유경, 이숙현, 황찰리, 박승헌, 이다은",,"공연예술기획 에이치아츠(H-Arts)(주최), 대구문화예술진흥원(주최), 예술로(주최), 공연예술기획 에이치아츠(H-Arts)(주관), 대구문화예술진흥원(주관), 예술로(주관)",,,"['신유경', '이숙현', '황찰리', '박승헌', '이다은']",[],"['신유경', '이숙현', '황찰리', '박승헌', '이다은']",[],868,"['대중음악', '연극']","[-0.9383084774017334, -1.3297370672225952]",대중음악 + 연극
디스이즈잇 [제주],복합,복합,,,"한국문화예술회관연합회(KoCACA)(주최), 제주아트센터(주관), 동감컴퍼니(주관)",,,[],[],[],[],869,"['연극', '서커스/마술']","[-5.8530047681415454e-05, -10.77669906616211]",연극 + 서커스/마술
황금 물고기 [화성],복합,다원/융복합,송인현 등,"송인현, 최형오, 김지웅 등",(주)극단민들레(주최),,,['송인현'],"['송인현', '최형오', '김지웅']",['송인현'],"['송인현', '최형오', '김지웅']",870,"['대중음악', '뮤지컬']","[-5.2927523938706145e-05, -10.809967994689941]",대중음악 + 뮤지컬
안티고네 [대전],복합,다원/융복합,,"오토 부르사티, 최성옥",대전예술의전당(주최),,,[],"['오토 부르사티', '최성옥']",[],"['오토 부르사티', '최성옥']",871,"['연극', '대중음악']","[-8.368142152903602e-05, -10.350523948669434]",연극 + 대중음악
"그림이 오감을 만났을 때, 감각주의 Ep.2: 르누아르를 느끼다 [대구]",복합,복합,"정우철, 민시후, 노인호",,"대구학생문화센터(주최), 향기의 미술관(주관)",,,"['정우철', '민시후', '노인호']",[],"['정우철', '민시후', '노인호']",[],872,"['대중음악', '연극']","[-0.9438084363937378, -1.311950445175171]",대중음악 + 연극
Jazz & 국악 With 웅산,복합,복합,"임상규, 모선미, 김보성, 천성대",,"한국문화예술회관연합회(KoCACA)(주최), 논산문화관광재단(주관)",,,"['임상규', '모선미', '김보성', '천성대']",[],"['임상규', '모선미', '김보성', '천성대']",[],873,"['연극', '대중음악']","[-7.855583680793643e-05, -10.350221633911133]",연극 + 대중음악
"미술관 옆 오페라하우스 Ⅲ, 오페라 라 트라비아타",복합,다원/융복합,"이주헌, 손지현 등",,"(재)부산문화회관(주최), (재)부산문화회관(주관)",,,"['이주헌', '손지현']",[],"['이주헌', '손지현']",[],874,"['연극', '서커스/마술']","[-7.83174327807501e-05, -10.45612907409668]",연극 + 서커스/마술
"제23회 SPAF, 구조와 의식",복합,복합,"강요찬, 황석민, 정은영, 성혜경, 양지수, 정지욱 등","이창준, 정승재, 김재억 등","서울국제공연예술제(SPAF)(주최), 서울국제공연예술제(SPAF)(주관), (재)예술경영지원센터(주최), (재)예술경영지원센터(기획사)",,,"['강요찬', '황석민', '정은영', '성혜경', '양지수', '정지욱']","['이창준', '정승재', '김재억']","['강요찬', '황석민', '정은영', '성혜경', '양지수', '정지욱']","['이창준', '정승재', '김재억']",875,"['연극', '대중음악']","[-9.595887240720913e-05, -10.057991981506348]",연극 + 대중음악
비비런: 출발! 타이탄 지구 탐사대,복합,다원/융복합,,"손상원, 이선경, 임진관 등","국립아시아문화전당(주최), 국립아시아문화전당재단(주관), (재)종로문화재단(주최), (재)종로문화재단(주관), (재)종로문화재단(기획사)",경민선,,[],"['손상원', '이선경', '임진관']",[],"['손상원', '이선경', '임진관']",876,"['대중음악', '연극']","[-0.948108434677124, -1.2865439653396606]",대중음악 + 연극
햄릿: 소리의심리학,복합,복합,"남명지, 이진희, 이희성, 허윤, 오현진, 김지현, 최윤석 등","박성민, 이지희, 이진희 등","하랑씨어터(기획사), 하랑씨어터(제작사)",,,"['남명지', '이진희', '이희성', '허윤', '오현진', '김지현', '최윤석']","['박성민', '이지희', '이진희']","['남명지', '이진희', '이희성', '허윤', '오현진', '김지현', '최윤석']","['박성민', '이지희', '이진희']",877,"['연극', '서커스/마술']","[-6.0794889577664435e-05, -10.737478256225586]",연극 + 서커스/마술
홍지민과 함께하는 판타스틱쇼 시즌2 [고령],복합,복합,"홍지민, 유원석, 이가연, 임세준, 이선호 등",,"한국문화예술회관연합회(KoCACA)(주최), 고령군청(주최), 대가야문화누리(주관), 어쿠스틱 앙상블 재비(주관), 고령군청(기획사)",,,"['홍지민', '유원석', '이가연', '임세준', '이선호']",[],"['홍지민', '유원석', '이가연', '임세준', '이선호']",[],878,"['대중음악', '연극']","[-0.9455258846282959, -1.2923393249511719]",대중음악 + 연극
"방방곡곡 문화공감, 누모리쇼",복합,복합,"이아진, 이안나, 구민지, 윤세연, 정준석, 문상준, 신동철 등",,"한국문화예술회관연합회(KoCACA)(주최), 이천문화재단(주관)",,,"['이아진', '이안나', '구민지', '윤세연', '정준석', '문상준', '신동철']",[],"['이아진', '이안나', '구민지', '윤세연', '정준석', '문상준', '신동철']",[],879,"['뮤지컬', '연극']","[-3.611976353568025e-05, -11.214906692504883]",뮤지컬 + 연극
月간 경지: 두개의 Moon,복합,복합,"신도현, 강희경, 이재득, 오현, 양준혁, 최영진, 허이나 등",,"계양문화회관(인천광역시 계양구청)(주최), 계양문화회관(인천광역시 계양구청)(주관), 밴드 경지(주최), 밴드 경지(주관)",,,"['신도현', '강희경', '이재득', '오현', '양준혁', '최영진', '허이나']",[],"['신도현', '강희경', '이재득', '오현', '양준혁', '최영진', '허이나']",[],880,"['대중음악', '연극']","[-0.9375569820404053, -1.3211438655853271]",대중음악 + 연극
제29회 구미음악제,복합,복합,"권동출, 신민섭, 김지인, 김정화, 강명화, 이정애, 현동헌 등",,"(사)한국음악협회 구미지부(주최), (사)한국음악협회 구미지부(주관)",,,"['권동출', '신민섭', '김지인', '김정화', '강명화', '이정애', '현동헌']",[],"['권동출', '신민섭', '김지인', '김정화', '강명화', '이정애', '현동헌']",[],881,"['대중음악', '연극']","[-8.201262971851975e-05, -10.242522239685059]",대중음악 + 연극
가을밤의 음악회,복합,복합,"정호윤, 이응광, 이상은, 변진섭, 이해리, 강민경, 이영현 등",,"강북구청(주최), 강북구청(기획사)",,,"['정호윤', '이응광', '이상은', '변진섭', '이해리', '강민경', '이영현']",[],"['정호윤', '이응광', '이상은', '변진섭', '이해리', '강민경', '이영현']",[],882,"['대중음악', '연극']","[-0.9143518209457397, -1.3556498289108276]",대중음악 + 연극
"제63주년 2.28민주운동 헌정공연, 굳센 강물처럼",복합,복합,이윤경 등,,"2.28민주운동기념사업회(주최), 2.28민주운동기념사업회(주관)",,,['이윤경'],[],['이윤경'],[],883,"['뮤지컬', '대중음악']","[-4.9828242481453344e-05, -10.815937995910645]",뮤지컬 + 대중음악
"제26회 광주소극장축제 공식참여작, 암향환향",복합,복합,"최미령, 류은경, 이지오","이민영, 이지오","광주소극장협회(주최), 광주소극장협회(기획사)",,,"['최미령', '류은경', '이지오']","['이민영', '이지오']","['최미령', '류은경', '이지오']","['이민영', '이지오']",884,"['연극', '대중음악']","[-6.305972783593461e-05, -10.66622543334961]",연극 + 대중음악
"프리즘홀 10주년 기념공연, 다브다 X 제이통: A.D.10",복합,복합,"이승현, 김지애, 이요셉, 노거현, 이정훈",,"프리즘홀(주관), 프리즘홀(주최), 까미뮤직(주최)",,,"['이승현', '김지애', '이요셉', '노거현', '이정훈']",[],"['이승현', '김지애', '이요셉', '노거현', '이정훈']",[],885,"['대중음악', '연극']","[-0.9430226683616638, -1.2760915756225586]",대중음악 + 연극
자유를 향한 소리 [부천],복합,복합,"김보람, 한진희, 주미란, 정진아, 오태형, 정순호, 손세종","김보람, 윤상원, 최민욱 등","한패(주최), 한패(주관), 한패(기획사)",,,"['김보람', '한진희', '주미란', '정진아', '오태형', '정순호', '손세종']","['김보람', '윤상원', '최민욱']","['김보람', '한진희', '주미란', '정진아', '오태형', '정순호', '손세종']","['김보람', '윤상원', '최민욱']",886,"['대중음악', '연극']","[-0.9413501620292664, -1.299546241760254]",대중음악 + 연극
속 시원한 음악회,복합,복합,"정준영, 이원용, 조찬욱, 강종영, 김종우, 황현석, 조예희 등",,"한국문화예술회관연합회(KoCACA)(주최), 한우리오페라단(주최), 한우리오페라단(주관), 충주시문화회관(주관)",,,"['정준영', '이원용', '조찬욱', '강종영', '김종우', '황현석', '조예희']",[],"['정준영', '이원용', '조찬욱', '강종영', '김종우', '황현석', '조예희']",[],887,"['대중음악', '연극']","[-0.9436258673667908, -1.2832481861114502]",대중음악 + 연극
미술관 옆 공연장: 그림에 음악과 향기를 더하다,복합,다원/융복합,"정우철, 노인호, 민시후",,(재)세종문화회관(주최),,,"['정우철', '노인호', '민시후']",[],"['정우철', '노인호', '민시후']",[],888,"['대중음악', '연극']","[-0.928199052810669, -1.3353452682495117]",대중음악 + 연극
박 벌어진다 [연천],복합,다원/융복합,"김가을, 김민주, 정연주, 이다은, 이태민, 이승훈, 김승우",,"연천군시설관리공단(주최), 연천수레울아트홀(주관), 다원예술그룹 예화(주관)",,,"['김가을', '김민주', '정연주', '이다은', '이태민', '이승훈', '김승우']",[],"['김가을', '김민주', '정연주', '이다은', '이태민', '이승훈', '김승우']",[],889,"['대중음악', '연극']","[-0.9047824144363403, -1.3433223962783813]",대중음악 + 연극
"해금병창, 사철에 꽃길로 님을 모십니다",복합,복합,"금모래, 윤성희, 김현동, 안원석, 원익준",,"금모래컴퍼니(주최), 금모래컴퍼니(주관)",,,"['금모래', '윤성희', '김현동', '안원석', '원익준']",[],"['금모래', '윤성희', '김현동', '안원석', '원익준']",[],890,"['대중음악', '연극']","[-0.9493703842163086, -1.285827875137329]",대중음악 + 연극
"김남중의 쪽마루음악회, 낮별에서 밤별로: II.풍청월랑, 맑은 바람 달에 스치우고",복합,다원/융복합,"김남중, 김하영, 정욱, 황지희, 김정근",김남중 등,,,,"['김남중', '김하영', '정욱', '황지희', '김정근']",['김남중'],"['김남중', '김하영', '정욱', '황지희', '김정근']",['김남중'],891,"['대중음악', '연극']","[-0.9491811394691467, -1.3265352249145508]",대중음악 + 연극
비오케이 문화산책 (10월),복합,복합,"김미경, 정호석, 박유나, 전예린, 이진, 장한별, 성시연 등",,"비오케이 아트센터 (BOK아트센터)(주최), (주)비오케이아트(주관)",,,"['김미경', '정호석', '박유나', '전예린', '이진', '장한별', '성시연']",[],"['김미경', '정호석', '박유나', '전예린', '이진', '장한별', '성시연']",[],892,"['대중음악', '연극']","[-0.9243355989456177, -1.2929809093475342]",대중음악 + 연극
Mr 오페라 Miss 뮤지컬 [경주],복합,복합,"강병길, 박정환, 김성진, 이민정, 박보윤, 권별, 박희애 등",,"경상북도(주최), 더 쉼(주관)",,,"['강병길', '박정환', '김성진', '이민정', '박보윤', '권별', '박희애']",[],"['강병길', '박정환', '김성진', '이민정', '박보윤', '권별', '박희애']",[],893,"['대중음악', '연극']","[-0.9340505599975586, -1.3073012828826904]",대중음악 + 연극
제10회 이데일리 문화대상 시상식,복합,복합,"정준호, 신현준, 김호중, 박성화, 김홍중, 정윤호, 강여상 등",,"(주)이데일리(주최), 곽재선문화재단(주관), (주)이데일리(기획사)",,,"['정준호', '신현준', '김호중', '박성화', '김홍중', '정윤호', '강여상']",[],"['정준호', '신현준', '김호중', '박성화', '김홍중', '정윤호', '강여상']",[],894,"['대중음악', '연극']","[-0.9543577432632446, -1.2834867238998413]",대중음악 + 연극
광주상설공연 (11월),복합,복합,,,"광주광역시(주최), 광주예술의전당 (구. 광주문화예술회관)(주관)",,,[],[],[],[],895,"['대중음악', '연극']","[-0.9465615749359131, -1.3220897912979126]",대중음악 + 연극
피노키오와 푸른고래 [인천],복합,다원/융복합,,,,,,[],[],[],[],896,"['대중음악', '연극']","[-0.9258705377578735, -1.3437213897705078]",대중음악 + 연극
"어텀바로크, 비바헨델: 아르카디아의 사랑 시즌2",복합,복합,"장혜지, 정시만, 김태일, 김세미, 길정석 등","김태형, 김나연, 김재연 등","(주)메이지프로덕션(주최), 스프링 바로크(주최), (주)메이지프로덕션(주관), 스프링 바로크(주관)",,,"['장혜지', '정시만', '김태일', '김세미', '길정석']","['김태형', '김나연', '김재연']","['장혜지', '정시만', '김태일', '김세미', '길정석']","['김태형', '김나연', '김재연']",897,"['연극', '대중음악']","[-5.721882189391181e-05, -10.774772644042969]",연극 + 대중음악
화합콘서트 동행 [전남 영광],복합,복합,"김재희, 강직, 박선경, 이남현, 강세웅, 이미경",,"전라남도(주최), 영광군청(주관), 영광예술의전당 (영광군문화교육사업소)(주최), 영광예술의전당 (영광군문화교육사업소)(기획사)",,,"['김재희', '강직', '박선경', '이남현', '강세웅', '이미경']",[],"['김재희', '강직', '박선경', '이남현', '강세웅', '이미경']",[],898,"['대중음악', '연극']","[-0.9197246432304382, -1.3437594175338745]",대중음악 + 연극
"최부미 Jazz Odyssey, 가려진 여정 [인천]",복합,복합,"최부미, 김선빈, 김봉관, 정미영, 김가연, 김정민, 김재진 등","최부미, 정미영, 정태진 등","뮤직오디세이(주최), 뮤직오디세이(주관), 남동문화재단(주최), 남동문화재단(주관)",,,"['최부미', '김선빈', '김봉관', '정미영', '김가연', '김정민', '김재진']","['최부미', '정미영', '정태진']","['최부미', '김선빈', '김봉관', '정미영', '김가연', '김정민', '김재진']","['최부미', '정미영', '정태진']",899,"['대중음악', '연극']","[-0.9536694884300232, -1.3065087795257568]",대중음악 + 연극
동물의 사육제와 피터와 늑대,복합,복합,,,,,,[],[],[],[],900,"['대중음악', '연극']","[-0.9346529841423035, -1.3212839365005493]",대중음악 + 연극
방과후 공연놀이터,복합,복합,,,"(재)노원문화재단(주최), (재)노원문화재단(주관)",,,[],[],[],[],901,"['대중음악', '연극']","[-0.940464437007904, -1.3287456035614014]",대중음악 + 연극
"부산국악방송 개국12주년기념 공개음악회, 좋아海 사랑海",복합,복합,"박애리, 이승희, 강태훈, 김태준, 함동우, 김성은, 양혜원 등",,"(재)국악방송(주최), 국립부산국악원(주최)",,,"['박애리', '이승희', '강태훈', '김태준', '함동우', '김성은', '양혜원']",[],"['박애리', '이승희', '강태훈', '김태준', '함동우', '김성은', '양혜원']",[],902,"['대중음악', '연극']","[-0.9565073847770691, -1.2836652994155884]",대중음악 + 연극
"팀 퍼니스트 서커스 음악극: 체어,테이블,체어 [광주]",복합,복합,"김희명, 최대성, 김한상, 심재성",,"광주광역시 북구(주최), 광주북구문화센터(주관)",,,"['김희명', '최대성', '김한상', '심재성']",[],"['김희명', '최대성', '김한상', '심재성']",[],903,"['대중음악', '연극']","[-0.9336260557174683, -1.3109186887741089]",대중음악 + 연극
깽판: 우리가 살판 [양주],복합,복합,,,"한국문화예술회관연합회(KoCACA)(주최), 양주도시공사(주관)",,,[],[],[],[],904,"['대중음악', '연극']","[-0.9440608620643616, -1.2814327478408813]",대중음악 + 연극
콘텐츠 창의인재동반사업 쇼케이스: 데뷔를 대비하라,복합,복합,"배병휘, 최경훈, 유혜림, 안미혜, 나규미, 김범진, 허재무 등",,"(주)에이치제이컬쳐(HJ컬쳐)(주최), (주)에이치제이컬쳐(HJ컬쳐)(주관)",,,"['배병휘', '최경훈', '유혜림', '안미혜', '나규미', '김범진', '허재무']",[],"['배병휘', '최경훈', '유혜림', '안미혜', '나규미', '김범진', '허재무']",[],905,"['대중음악', '연극']","[-0.9392011165618896, -1.3220614194869995]",대중음악 + 연극
실감 체험 야행길 공연: 아도의 향기를 찾아서,복합,다원/융복합,,,(사)문화창작집단 공터다(주관),,,[],[],[],[],906,"['대중음악', '연극']","[-0.960448145866394, -1.2728463411331177]",대중음악 + 연극
숨 S:UM,복합,복합,"김나니, 유태평양, 이성은 등",,(재)의정부문화재단 (의정부예술의전당)(주최),,,"['김나니', '유태평양', '이성은']",[],"['김나니', '유태평양', '이성은']",[],907,"['대중음악', '연극']","[-0.9401563405990601, -1.2992193698883057]",대중음악 + 연극
고양 학생 뮤지컬&연극&영화 축제,복합,복합,,,경기도고양교육지원청(주최),,,[],[],[],[],908,"['대중음악', '연극']","[-0.9657654762268066, -1.2863636016845703]",대중음악 + 연극
"제41회 제물포예술제: No Instruments, Only Voices.",복합,복합,,,"(사)한국예총 인천광역시연합회 인천예총(인천수봉문화회관)(주최), (사)한국예총 인천광역시연합회 인천예총(인천수봉문화회관)(주관)",,,[],[],[],[],909,"['대중음악', '연극']","[-0.9401021599769592, -1.2902902364730835]",대중음악 + 연극
"관현악시리즈Ⅱ, 관현악의 기원: 이머시브 1인 관람극 (11.23)",복합,복합,윤현진,"서현석, 천재현",국립극장(주최),,,['윤현진'],"['서현석', '천재현']",['윤현진'],"['서현석', '천재현']",910,"['대중음악', '연극']","[-0.9345322847366333, -1.2828290462493896]",대중음악 + 연극
"관현악시리즈Ⅱ, 관현악의 기원: 이머시브 1인 관람극 (11.24)",복합,복합,윤현진,"서현석, 천재현",국립극장(주최),,,['윤현진'],"['서현석', '천재현']",['윤현진'],"['서현석', '천재현']",911,"['연극', '대중음악']","[-6.270212179515511e-05, -10.626029014587402]",연극 + 대중음악
제1회 청바지 가을 음악회: 청년이 바꾸는 지방,복합,복합,"고경남, 신창훈, 손율이, 이경금, 임예슬",,"경상북도경제진흥원(GEPA)(주최), 경상북도경제진흥원(GEPA)(주관)",,,"['고경남', '신창훈', '손율이', '이경금', '임예슬']",[],"['고경남', '신창훈', '손율이', '이경금', '임예슬']",[],912,"['연극', '대중음악']","[-6.961580220377073e-05, -10.665587425231934]",연극 + 대중음악
울산에이팜,복합,복합,"김태혜, 박지현, 박상민, 서지오, 최고은 등",,"(재)울산문화재단(주관), 울산광역시청(주최)",,,"['김태혜', '박지현', '박상민', '서지오', '최고은']",[],"['김태혜', '박지현', '박상민', '서지오', '최고은']",[],913,"['대중음악', '뮤지컬']","[-7.795983401592821e-05, -10.42127513885498]",대중음악 + 뮤지컬
폴링 인 트롯 with 신유 [용인],복합,복합,"김성훈, 방성호 등",,"(재)용인문화재단(주최), 웨스턴 심포니 오케스트라(주관)",,,"['김성훈', '방성호']",[],"['김성훈', '방성호']",[],914,"['연극', '대중음악']","[-9.440929716220126e-05, -10.206698417663574]",연극 + 대중음악
"서구愛마토콘서트, 나팔바지: X세대 엄빠의 가요 톱텐",복합,복합,"최서아, 김건우, 박영현, 김민준, 김채린, 박지수, 류정인 등","최두혁, 백승동, 문진학 등","한국문화예술회관연합회(KoCACA)(주최), 대구광역시 서구문화회관(주최), 카이로스댄스컴퍼니(주관), 대구광역시 서구문화회관(주관), 대구광역시 서구문화회관(기획사)","손호석, 김성원",,"['최서아', '김건우', '박영현', '김민준', '김채린', '박지수', '류정인']","['최두혁', '백승동', '문진학']","['최서아', '김건우', '박영현', '김민준', '김채린', '박지수', '류정인']","['최두혁', '백승동', '문진학']",915,"['대중음악', '연극']","[-0.9377833008766174, -1.3093098402023315]",대중음악 + 연극
샌드 팝페라: 금빛 모래의 향연 [용인],복합,다원/융복합,,,"경기아트센터(주최), 신아트엔터테인먼트(주관)",,,[],[],[],[],916,"['대중음악', '연극']","[-0.9287940859794617, -1.3438928127288818]",대중음악 + 연극
"삼국유사교육문화회관 기획공연, 진조크루X악단광칠: 리듬오브코리아 (11월)",복합,다원/융복합,"방초롱, 이유진, 최은비, 김현수, 이향희, 김동훈, 전현준 등",,"군위군 시설관리사업소(주최), 군위군 시설관리사업소(주관), 군위군 시설관리사업소(기획사)",,,"['방초롱', '이유진', '최은비', '김현수', '이향희', '김동훈', '전현준']",[],"['방초롱', '이유진', '최은비', '김현수', '이향희', '김동훈', '전현준']",[],917,"['연극', '대중음악']","[-9.858122211880982e-05, -10.20384693145752]",연극 + 대중음악
제11회 성남시 통고구마 축제,복합,복합,최태성 등,,"성남시청소년재단(주최), 성남시고교총동문연합회(주최), 성남시청청소년재단 중원청소년수련관(주관)",,,['최태성'],[],['최태성'],[],918,"['연극', '서커스/마술']","[-4.994744449504651e-05, -11.003195762634277]",연극 + 서커스/마술
"전원경의 아트살롱, 그림 콘서트: 상트페테르부르크의 겨울 바람",복합,다원/융복합,"배진우, 강유경, 이레",,"당진문예의전당(주최), 당진문예의전당(주관), (재)당진문화재단(), (재)당진문화재단()",,,"['배진우', '강유경', '이레']",[],"['배진우', '강유경', '이레']",[],919,"['뮤지컬', '연극']","[-4.017272294731811e-05, -11.123088836669922]",뮤지컬 + 연극
세종메세나 콘서트,복합,복합,"김계영, 백자현, 박수경, 최유미, 김흥용 등",,"(재)세종시문화관광재단(주최), 세종시메세나협회(주최)",,,"['김계영', '백자현', '박수경', '최유미', '김흥용']",[],"['김계영', '백자현', '박수경', '최유미', '김흥용']",[],920,"['뮤지컬', '연극']","[-3.433168603805825e-05, -11.34598159790039]",뮤지컬 + 연극
노인과 바다,복합,다원/융복합,"남경읍, 이황의, 노시홍, 이석우, 박준석, 황경태","장경민, 하형주, 이수영 등","창작공간 스튜디오 블루(주최), (주)컬쳐버스(제작사), (주)모피어스(제작사), 창작공간 스튜디오 블루(제작사)",어니스트 헤밍웨이,,"['남경읍', '이황의', '노시홍', '이석우', '박준석', '황경태']","['장경민', '하형주', '이수영']","['남경읍', '이황의', '노시홍', '이석우', '박준석', '황경태']","['장경민', '하형주', '이수영']",921,"['대중음악', '뮤지컬']","[-5.2927523938706145e-05, -10.838263511657715]",대중음악 + 뮤지컬
주창회 정기연주회: 현대음악 그리고 사계예찬 [대전],복합,복합,"이경원, 김효영, 윤병준, 김병현, 정다현, 이윤진, 이유림 등",,"주창회 (주제가 있는 창작 음악회)(주최), 대전예술기획(주관)",,,"['이경원', '김효영', '윤병준', '김병현', '정다현', '이윤진', '이유림']",[],"['이경원', '김효영', '윤병준', '김병현', '정다현', '이윤진', '이유림']",[],922,"['연극', '대중음악']","[-9.107174992095679e-05, -10.271065711975098]",연극 + 대중음악
양선용 프로젝트: 소리의 숲,복합,다원/융복합,"양선용, 신보경, 신여름, 조옥근, 방지원","양선용, 김민주, 정혜지 등",beCODE(주관),,,"['양선용', '신보경', '신여름', '조옥근', '방지원']","['양선용', '김민주', '정혜지']","['양선용', '신보경', '신여름', '조옥근', '방지원']","['양선용', '김민주', '정혜지']",923,"['대중음악', '연극']","[-0.9494921565055847, -1.3018145561218262]",대중음악 + 연극
The House Of M,복합,복합,,,엠체홉스튜디오(주최),,,[],[],[],[],924,"['대중음악', '연극']","[-0.9471781849861145, -1.2972074747085571]",대중음악 + 연극
광주상설공연 (12월),복합,복합,,,"광주예술의전당 (구. 광주문화예술회관)(주최), 광주예술의전당 (구. 광주문화예술회관)(주관)",,,[],[],[],[],925,"['대중음악', '연극']","[-0.9380770921707153, -1.3090635538101196]",대중음악 + 연극
드림 희망 콘서트 [김제],복합,복합,"김재원, 경보비, 유세미, 김윤희 등",,"전라북도문화관광재단(주최), 김제시(김제시청)(주관), (사)드림필(주관)",,,"['김재원', '경보비', '유세미', '김윤희']",[],"['김재원', '경보비', '유세미', '김윤희']",[],926,"['대중음악', '연극']","[-0.9342262148857117, -1.345224380493164]",대중음악 + 연극
"AAA, 한재석 X 송지윤",복합,복합,"한재석, 송지윤",,중력장(주최),,,"['한재석', '송지윤']",[],"['한재석', '송지윤']",[],927,"['대중음악', '연극']","[-0.9732493758201599, -1.304639458656311]",대중음악 + 연극
"무장애 문화향유 활성화 지원사업, 이심전심 문화공감",복합,복합,"김지호, 양지인, 도희선, 원미연, 전경호, 황수민 등",,(재)인천서구문화재단(주최),,,"['김지호', '양지인', '도희선', '원미연', '전경호', '황수민']",[],"['김지호', '양지인', '도희선', '원미연', '전경호', '황수민']",[],928,"['대중음악', '연극']","[-0.929923415184021, -1.2951065301895142]",대중음악 + 연극
"대한문화예술제전, 회.귀",복합,복합,"박종원, 오유진, 황규선, 박미영, 유인상, 최창덕, 윤혜성 등",,"(사)대한문화예술진흥협회(주최), (사)대한문화예술진흥협회(주관)",,,"['박종원', '오유진', '황규선', '박미영', '유인상', '최창덕', '윤혜성']",[],"['박종원', '오유진', '황규선', '박미영', '유인상', '최창덕', '윤혜성']",[],929,"['대중음악', '연극']","[-0.9167004227638245, -1.351823091506958]",대중음악 + 연극
국악이 흐르는 클래식 [오산],복합,복합,"김진택, 김명기, 김지현, 서예지, 김용진",,"(재)오산문화재단(주최), (재)오산문화재단(주관), MEG CLASSIC(주관)",,,"['김진택', '김명기', '김지현', '서예지', '김용진']",[],"['김진택', '김명기', '김지현', '서예지', '김용진']",[],930,"['대중음악', '연극']","[-0.9155808687210083, -1.3232145309448242]",대중음악 + 연극
"남상일 & 리사의 뮤지컬, 국악을 만나다 [연천]",복합,복합,"남상일, 정희선",,"문화체육관광부(주최), 한국문화예술회관연합회(KoCACA)(주관), 연천군시설관리공단(주최), 연천수레울아트홀(주관)",,,"['남상일', '정희선']",[],"['남상일', '정희선']",[],931,"['대중음악', '뮤지컬']","[-5.674201020156033e-05, -10.776798248291016]",대중음악 + 뮤지컬
"AAA, 김혜연 X 최여완: 완연",복합,복합,"김혜연, 최여완",,중력장(주최),,,"['김혜연', '최여완']",[],"['김혜연', '최여완']",[],932,"['뮤지컬', '대중음악']","[-3.957670196541585e-05, -11.122509002685547]",뮤지컬 + 대중음악
경민대학교 공연예술과 졸업공연,복합,복합,"한동욱, 백철인, 서동환, 정윤호, 정호진, 강민서, 공현일 등","박상순, 최현주, 조인기 등",경민대학교(주최),,,"['한동욱', '백철인', '서동환', '정윤호', '정호진', '강민서', '공현일']","['박상순', '최현주', '조인기']","['한동욱', '백철인', '서동환', '정윤호', '정호진', '강민서', '공현일']","['박상순', '최현주', '조인기']",933,"['대중음악', '뮤지컬']","[-6.675497570540756e-05, -10.604541778564453]",대중음악 + 뮤지컬
"한국예술융합학회, Art; Versa 시리즈 V: 동. 서양 예술의 융합",복합,복합,"김경수, 하현조, 송진호, 박흥우, 금혜승, 최소영, 이주혜 등",,"한국예술융합학회(주최), 클라시코 예술기획 (CLASSICO)(주관)",,,"['김경수', '하현조', '송진호', '박흥우', '금혜승', '최소영', '이주혜']",[],"['김경수', '하현조', '송진호', '박흥우', '금혜승', '최소영', '이주혜']",[],934,"['뮤지컬', '대중음악']","[-4.9232225137529895e-05, -10.755965232849121]",뮤지컬 + 대중음악
크리스마스 칸타타 [부산],복합,복합,"신지혁, 우태직, 최혜미, 보리스 아발랸, 박은숙, 이수연 등",,"(사)그라시아스합창단(주최), (사)그라시아스합창단(주관)",,,"['신지혁', '우태직', '최혜미', '보리스 아발랸', '박은숙', '이수연']",[],"['신지혁', '우태직', '최혜미', '보리스 아발랸', '박은숙', '이수연']",[],935,"['연극', '대중음악']","[-0.00010764019680209458, -10.12337589263916]",연극 + 대중음악
"배익한 재즈오케스트라, 소리: 흥을 더하다",복합,복합,"최선배, 최용민, 김광복, 김규형, 김영길, 이은비, 정승기 등","배익한, 한요한, 권오준 등","배익한 재즈 오케스트라(주최), 배익한 재즈 오케스트라(주관), JH Music Factory(주관)",,,"['최선배', '최용민', '김광복', '김규형', '김영길', '이은비', '정승기']","['배익한', '한요한', '권오준']","['최선배', '최용민', '김광복', '김규형', '김영길', '이은비', '정승기']","['배익한', '한요한', '권오준']",936,"['연극', '서커스/마술']","[-5.2569914259947836e-05, -10.861529350280762]",연극 + 서커스/마술
"DSAC 문화나눔 프로젝트, 아모르 콘서트: 크로스 오버",복합,복합,"서찬영, 이솔로몬, 김현수 등","허정무, 황새미","(재)달서문화재단 (웃는얼굴아트센터, 달서아트센터)(주최)",,,"['서찬영', '이솔로몬', '김현수']","['허정무', '황새미']","['서찬영', '이솔로몬', '김현수']","['허정무', '황새미']",937,"['대중음악', '연극']","[-0.9104699492454529, -1.3151092529296875]",대중음악 + 연극
부안 송년 콘서트,복합,복합,"김성근, 임재현, 권미희, 이아진, 김산옥, 임재현, 김현정 등",,"부안군청(주최), 부안군청(주관)",,,"['김성근', '임재현', '권미희', '이아진', '김산옥', '임재현', '김현정']",[],"['김성근', '임재현', '권미희', '이아진', '김산옥', '임재현', '김현정']",[],938,"['대중음악', '연극']","[-0.9122071862220764, -1.3369591236114502]",대중음악 + 연극
"일이구프로덕션 하반기 전시공연, 1984",복합,다원/융복합,"박정호, 오성민","송영찬, 박린, 김묘진 등",일이구프로덕션 (129프로덕션)(제작사),조지 오웰,,"['박정호', '오성민']","['송영찬', '박린', '김묘진']","['박정호', '오성민']","['송영찬', '박린', '김묘진']",939,"['대중음악', '연극']","[-0.9367514252662659, -1.328820824623108]",대중음악 + 연극
"행복한 동행, 모두의 예술",복합,복합,"심영건, 이들림 등",,(재)부산문화회관(주최),,,"['심영건', '이들림']",[],"['심영건', '이들림']",[],940,"['뮤지컬', '연극']","[-5.364274329622276e-05, -10.755256652832031]",뮤지컬 + 연극
"예술동호회 교류 축제, 우다다다 미니콘서트",복합,복합,,,"영덕군(주최), (재)영덕문화관광재단(주관)",,,[],[],[],[],941,"['대중음악', '연극']","[-0.9319652318954468, -1.296088457107544]",대중음악 + 연극
프렉티스: 사운드 엔텔레키 [서울],복합,복합,황선정 등,,"Laaf (라프)(주최), PRECTXE(프렉티스)(주관)",,,['황선정'],[],['황선정'],[],942,"['연극', '서커스/마술']","[-6.782778655178845e-05, -10.654526710510254]",연극 + 서커스/마술
"AAA, Mohani X 마롱: 들고 나는 소리",복합,복합,,,중력장(),,,[],[],[],[],943,"['연극', '뮤지컬']","[-8.368142152903602e-05, -10.317573547363281]",연극 + 뮤지컬
IT중소기업을 위한 송년음악회,복합,복합,"조수미, 김현수, 박종성, 최영선 등",,전자신문(주최),,,"['조수미', '김현수', '박종성', '최영선']",[],"['조수미', '김현수', '박종성', '최영선']",[],944,"['연극', '대중음악']","[-7.319182623177767e-05, -10.637276649475098]",연극 + 대중음악
"바리톤 정 경의 오페라마, 정신나간 작곡가와 키스하다",복합,복합,"정경, 이소정, 변서연, 황창련",,"(재)부천아트센터(주최), (재)부천아트센터(주관), (재)부천아트센터(기획사)",,,"['정경', '이소정', '변서연', '황창련']",[],"['정경', '이소정', '변서연', '황창련']",[],945,"['연극', '대중음악']","[-8.904537389753386e-05, -10.328444480895996]",연극 + 대중음악
PIUM Project 크리스마스 스페셜 콘서트 [대전],복합,복합,"박기영, 류정필, 원지혜 등",,"공연기획피움(주최), 세종아트피움(주관)",,,"['박기영', '류정필', '원지혜']",[],"['박기영', '류정필', '원지혜']",[],946,"['연극', '대중음악']","[-9.202533692587167e-05, -10.202589988708496]",연극 + 대중음악
송년콘서트 [광양],복합,복합,"정영옥, 이광일 등",,광양시청(주최),,,"['정영옥', '이광일']",[],"['정영옥', '이광일']",[],947,"['연극', '대중음악']","[-7.891343557275832e-05, -10.466300010681152]",연극 + 대중음악
송년행복콘서트,복합,복합,"박동희, 이선경, 윤여민, 고동현, 김지효, 김혜은, 강혜진 등",,"울산광역시청(주최), 울산시립예술단(주관)",,,"['박동희', '이선경', '윤여민', '고동현', '김지효', '김혜은', '강혜진']",[],"['박동희', '이선경', '윤여민', '고동현', '김지효', '김혜은', '강혜진']",[],948,"['대중음악', '연극']","[-0.9296324253082275, -1.352997064590454]",대중음악 + 연극
"모두예술극장 개관프로그램, 어둠 속에, 풍경",복합,다원/융복합,"김기영, 김시락, 김남령, 박규민, 배요섭, 황혜란 등",배요섭,"궁리소 묻다(주관), (재)한국장애인문화예술원(주관), 문화체육관광부(주최), (재)한국장애인문화예술원(주최)",,,"['김기영', '김시락', '김남령', '박규민', '배요섭', '황혜란']",['배요섭'],"['김기영', '김시락', '김남령', '박규민', '배요섭', '황혜란']",['배요섭'],949,"['연극', '서커스/마술']","[-6.222531374078244e-05, -10.735211372375488]",연극 + 서커스/마술
가라지 콘서트,복합,복합,,,"크리에이티브아트(주최), 광주FM(주최)",,,[],[],[],[],950,"['뮤지컬', '대중음악']","[-6.317892984952778e-05, -10.522406578063965]",뮤지컬 + 대중음악
김준수 X 두번째달 콘서트 [광주],복합,복합,김준수 등,,"광주예술의전당 (구. 광주문화예술회관)(주최), 광주예술의전당 (구. 광주문화예술회관)(주관)",,,['김준수'],[],['김준수'],[],951,"['연극', '대중음악']","[-0.00010251473577227443, -10.095589637756348]",연극 + 대중음악
유토피아: 항해 [경기 광주],복합,다원/융복합,"김동현, 김정열, 문진홍, 여인수, 김경민, 권순민, 김예진 등","이종민, 박종훈, 오지원 등","(재)광주시문화재단 [경기광주](주최), 구니스컴퍼니(더구니스 크루)(주관)",,,"['김동현', '김정열', '문진홍', '여인수', '김경민', '권순민', '김예진']","['이종민', '박종훈', '오지원']","['김동현', '김정열', '문진홍', '여인수', '김경민', '권순민', '김예진']","['이종민', '박종훈', '오지원']",952,"['연극', '대중음악']","[-7.045020902296528e-05, -10.54574203491211]",연극 + 대중음악
"함께하는 사랑밭 감사 콘서트, 담다 닮다",복합,복합,"김정근, 윤민수, 김연지, 정가현, 조엘라 등",,"(사)함께하는 사랑밭(주최), 주식회사 아츠(주관)",,,"['김정근', '윤민수', '김연지', '정가현', '조엘라']",[],"['김정근', '윤민수', '김연지', '정가현', '조엘라']",[],953,"['연극', '대중음악']","[-0.0001070442158379592, -10.06068229675293]",연극 + 대중음악
"시시각각(詩視覺刻): 프린지로 부터, 김세은의 시時와 노래 [경기]",복합,다원/융복합,"김세은, 박이슬, 김계희, 이아름, 윤대원, 임성언",김세은,"커넥터스(주최), 커넥터스(주관), 커넥터스(기획사)",김세은,,"['김세은', '박이슬', '김계희', '이아름', '윤대원', '임성언']",['김세은'],"['김세은', '박이슬', '김계희', '이아름', '윤대원', '임성언']",['김세은'],954,"['연극', '대중음악']","[-8.999896090244874e-05, -10.359518051147461]",연극 + 대중음악
"송년음악회, 우리가 함께한 순간들",복합,복합,"유채훈, 이응광, 김정아, 안미정, 유문선, 남형주",,인천학생교육문화회관(주최),,,"['유채훈', '이응광', '김정아', '안미정', '유문선', '남형주']",[],"['유채훈', '이응광', '김정아', '안미정', '유문선', '남형주']",[],955,"['연극', '대중음악']","[-7.664863369427621e-05, -10.370054244995117]",연극 + 대중음악
힐링음악회 [안산],복합,복합,,,(재)안산문화재단(안산문화예술의전당)(주최),,,[],[],[],[],956,"['연극', '서커스/마술']","[-7.915183232398704e-05, -10.478700637817383]",연극 + 서커스/마술
12월의 사랑가 [수원],복합,복합,"박한석, 김민지, 김영민, 이희주, 남지민, 남기진 등",,"경기아트센터(주최), 경기아트센터(주관)",,,"['박한석', '김민지', '김영민', '이희주', '남지민', '남기진']",[],"['박한석', '김민지', '김영민', '이희주', '남지민', '남기진']",[],957,"['연극', '대중음악']","[-8.225102646974847e-05, -10.375802040100098]",연극 + 대중음악
"아트클래스 시리즈 3, 미켈란젤로와 음악의 만남",복합,다원/융복합,"전원경, 최성근, 권아름, 배주연, 김나래, 차호철, 유지현 등",,"을숙도문화회관(주최), 을숙도문화회관(주관)",,,"['전원경', '최성근', '권아름', '배주연', '김나래', '차호철', '유지현']",[],"['전원경', '최성근', '권아름', '배주연', '김나래', '차호철', '유지현']",[],958,"['대중음악', '연극']","[-0.9519059658050537, -1.2827394008636475]",대중음악 + 연극
동백꽃 여인 (La Traviata) [충주],복합,복합,"김현주, 엄강욱, 박중상, 김미아, 한지연, 문혜준, 이덕자 등",신서윤 등,"씨에스타(주최), 씨에스타(주관)",주세페 베르디,,"['김현주', '엄강욱', '박중상', '김미아', '한지연', '문혜준', '이덕자']",['신서윤'],"['김현주', '엄강욱', '박중상', '김미아', '한지연', '문혜준', '이덕자']",['신서윤'],959,"['대중음악', '연극']","[-0.9621263146400452, -1.2956340312957764]",대중음악 + 연극
"예술창작활동지원사업 선정 프로젝트, Live, Electronics in Forest",복합,복합,"허동혁, 진시영, 안상욱, 정중엽, 안정아, 여성룡, 유호식","박기남, 박수예, 한아름 등",(재)서울문화재단(주최),,,"['허동혁', '진시영', '안상욱', '정중엽', '안정아', '여성룡', '유호식']","['박기남', '박수예', '한아름']","['허동혁', '진시영', '안상욱', '정중엽', '안정아', '여성룡', '유호식']","['박기남', '박수예', '한아름']",960,"['뮤지컬', '대중음악']","[-4.708655978902243e-05, -10.900308609008789]",뮤지컬 + 대중음악
"송년콘서트: 수고했어, 올해도! [함양]",복합,복합,"최정원, 이신예, 임수정, 한아름, 이상은 등",,"함양군(주최), 함양군문화예술회관(주관)",,,"['최정원', '이신예', '임수정', '한아름', '이상은']",[],"['최정원', '이신예', '임수정', '한아름', '이상은']",[],961,"['대중음악', '연극']","[-0.9354009628295898, -1.312101125717163]",대중음악 + 연극
송년음악회 [논산],복합,복합,"김민석, 김현수, 정필립 등",,"논산시청(주최), 논산문화원(주관)",,,"['김민석', '김현수', '정필립']",[],"['김민석', '김현수', '정필립']",[],962,"['연극', '서커스/마술']","[-6.651657167822123e-05, -10.619451522827148]",연극 + 서커스/마술
"제2회 시민과 함께하는 남양주 예술제, 함께 피어 아름다운 꽃 예술花",복합,복합,"함주명, 강소은, 김명숙, 이예서, 이보나, 한예라, 함승영 등",,"보누스뮤지컬컴퍼니(주최), 아우룸예술그룹(주관), 남양주민예총(주관)",,,"['함주명', '강소은', '김명숙', '이예서', '이보나', '한예라', '함승영']",[],"['함주명', '강소은', '김명숙', '이예서', '이보나', '한예라', '함승영']",[],963,"['연극', '대중음악']","[-6.961580220377073e-05, -10.564404487609863]",연극 + 대중음악
MBC 뮤직페스티벌 송년음악회,복합,복합,"박창근, 김소현, 임철호, 양태중, 최웅조 등",,"금산군(주최), 금산다락원(주관)",,,"['박창근', '김소현', '임철호', '양태중', '최웅조']",[],"['박창근', '김소현', '임철호', '양태중', '최웅조']",[],964,"['연극', '대중음악']","[-6.19869097135961e-05, -10.813488960266113]",연극 + 대중음악
뮤지컬배우 박해미와 함께하는 열린음악회 [부안],복합,복합,"박해미, 박강수 등",,"전라북도문화관광재단(주최), 클나무필하모닉오케스트라(주관)",,,"['박해미', '박강수']",[],"['박해미', '박강수']",[],965,"['연극', '대중음악']","[-6.818538531661034e-05, -10.587055206298828]",연극 + 대중음악
"김천시립예술단 송년음악회, CHRISTMAS CONCERT",복합,복합,"김성진, 홍성혁, 홍주영, 백재은, 김효종, 사무엘윤, 김태형 등",,"김천시(김천시청)(주최), 김천시립예술단(주관)",,,"['김성진', '홍성혁', '홍주영', '백재은', '김효종', '사무엘윤', '김태형']",[],"['김성진', '홍성혁', '홍주영', '백재은', '김효종', '사무엘윤', '김태형']",[],966,"['연극', '대중음악']","[-6.544376083184034e-05, -10.629974365234375]",연극 + 대중음악
루비뮤직 Ruby music Vin chaud Christmas,복합,복합,,,(주)루비뮤직(주최),,,[],[],[],[],967,"['연극', '대중음악']","[-7.807903602952138e-05, -10.44700813293457]",연극 + 대중음악
예문학생예술단 정기연주회,복합,복합,,,부산학생예술문화회관(주최),,,[],[],[],[],968,"['연극', '대중음악']","[-9.178694017464295e-05, -10.211607933044434]",연극 + 대중음악
송년음악회 [칠곡군],복합,복합,"여자경, 김소현, 조휘, 하석배, 김은주, 방성택, 곽보라 등",,"경상북도(주최), 칠곡군(주최), 경북도립교향악단(주관), 칠곡군교육문화회관(주관)",,,"['여자경', '김소현', '조휘', '하석배', '김은주', '방성택', '곽보라']",[],"['여자경', '김소현', '조휘', '하석배', '김은주', '방성택', '곽보라']",[],969,"['연극', '대중음악']","[-7.164221460698172e-05, -10.52818775177002]",연극 + 대중음악
"AAA, 최지송 X 양희진: 소리와 시간의 연무",복합,복합,"최지송, 양희진",,중력장(주최),,,"['최지송', '양희진']",[],"['최지송', '양희진']",[],970,"['연극', '서커스/마술']","[-7.712543447269127e-05, -10.430741310119629]",연극 + 서커스/마술
ACC 송년음악회,복합,복합,"심수봉, 윤석철, 송민규, 임현진, 이한결 등",,국립아시아문화전당(주최),,,"['심수봉', '윤석철', '송민규', '임현진', '이한결']",[],"['심수봉', '윤석철', '송민규', '임현진', '이한결']",[],971,"['연극', '대중음악']","[-8.523101132595912e-05, -10.349740982055664]",연극 + 대중음악
해피 아트: 크리스마스 선물,복합,복합,,,제주아트센터(주최),,,[],[],[],[],972,"['연극', '대중음악']","[-9.7508447652217e-05, -10.145405769348145]",연극 + 대중음악
"마야, MAYA",복합,다원/융복합,"김정윤, 정선민","전민경, 박은수, 배준현 등","더 그레잇 커미션(기획사), 더 그레잇 커미션(제작사)",,,"['김정윤', '정선민']","['전민경', '박은수', '배준현']","['김정윤', '정선민']","['전민경', '박은수', '배준현']",973,"['연극', '뮤지컬']","[-6.723177648382261e-05, -10.711288452148438]",연극 + 뮤지컬
"흔들리며 피는 꽃 22, 괭이갈매기와 땅채송화의 섬, 독도",복합,복합,"조성진, 이현순, 이순애, 김언중, 백혜진, 이진영, 김경민 등",,대구민예총(주최),,,"['조성진', '이현순', '이순애', '김언중', '백혜진', '이진영', '김경민']",[],"['조성진', '이현순', '이순애', '김언중', '백혜진', '이진영', '김경민']",[],974,"['연극', '대중음악']","[-8.153582894010469e-05, -10.245819091796875]",연극 + 대중음악
"AAA, 더 클라이머스: 남겨진 소리와 어떤 희망",복합,복합,"이용석, 손정민",,중력장(주최),,,"['이용석', '손정민']",[],"['이용석', '손정민']",[],975,"['연극', '서커스/마술']","[-6.222531374078244e-05, -10.772181510925293]",연극 + 서커스/마술
그림자극과 함께하는 호두까기 인형 [수원],복합,복합,"민대식, 배선옥, 서희경, 이정민, 전주희, 최진희",,"경기아트센터(주최), 경기아트센터(주관)",,,"['민대식', '배선옥', '서희경', '이정민', '전주희', '최진희']",[],"['민대식', '배선옥', '서희경', '이정민', '전주희', '최진희']",[],976,"['연극', '대중음악']","[-6.592056161025539e-05, -10.578975677490234]",연극 + 대중음악
"청소년을 위한 예술소풍 Ⅲ, 영화음악 옴니버스 콘서트",복합,복합,,,,,,[],[],[],[],977,"['연극', '대중음악']","[-9.905801562126726e-05, -10.111234664916992]",연극 + 대중음악
뮤지컬군과 오페라양의 사랑이야기 [수원],복합,복합,"정나리, 전병호, 김기선, 주선중, 구본진, 김대엽, 곽상훈 등","이영숙, 평미영","경기아트센터(주최), 크레센도 아트(주관), 경기아트센터(기획사)",,,"['정나리', '전병호', '김기선', '주선중', '구본진', '김대엽', '곽상훈']","['이영숙', '평미영']","['정나리', '전병호', '김기선', '주선중', '구본진', '김대엽', '곽상훈']","['이영숙', '평미영']",978,"['연극', '대중음악']","[-0.00010442188795423135, -10.061578750610352]",연극 + 대중음악
"단오장단과 함께하는 피아노의 향연, 일곱 번째 이야기",복합,복합,"임세복, 김유철, 양은영, 최은영, 김지현, 박미정, 박근우 등","임지선, 박영란 등","강음회(강원피아노음악연구회)(주최), 강음회(강원피아노음악연구회)(주관)",,,"['임세복', '김유철', '양은영', '최은영', '김지현', '박미정', '박근우']","['임지선', '박영란']","['임세복', '김유철', '양은영', '최은영', '김지현', '박미정', '박근우']","['임지선', '박영란']",979,"['연극', '대중음악']","[-6.627816765103489e-05, -10.642120361328125]",연극 + 대중음악
"이장희 프로젝트, 비인집: Home & Home [대구]",복합,복합,"안지혜, 이람, 박세기, 박일룡, 오영지 등",,"다원예술그룹 ONENESS(주최), 다원예술그룹 ONENESS(주관)",,,"['안지혜', '이람', '박세기', '박일룡', '오영지']",[],"['안지혜', '이람', '박세기', '박일룡', '오영지']",[],980,"['연극', '뮤지컬']","[-8.046303264563903e-05, -10.42833423614502]",연극 + 뮤지컬
INTERCONNECTIONS: 상호연결,복합,복합,"진 패트릭 찬, 송지윤, 마이클 파운즈, 한지수",,리퀴드사운드(LIQUIDSOUND)(주최),,,"['진 패트릭 찬', '송지윤', '마이클 파운즈', '한지수']",[],"['진 패트릭 찬', '송지윤', '마이클 파운즈', '한지수']",[],981,"['연극', '서커스/마술']","[-5.9602869441732764e-05, -10.729972839355469]",연극 + 서커스/마술
한 해를 마무리 짓는 매듭달 음악회 [군포],복합,복합,"박호성, 이희문, 이성은, 조원석, 양진수, 고호정 등",김혜성,"(재)군포문화재단(군포문화예술회관)(주최), 세종국악심포니오케스트라(세종국악관현악단)(주관)",,,"['박호성', '이희문', '이성은', '조원석', '양진수', '고호정']",['김혜성'],"['박호성', '이희문', '이성은', '조원석', '양진수', '고호정']",['김혜성'],982,"['연극', '서커스/마술']","[-7.056941103655845e-05, -10.641366958618164]",연극 + 서커스/마술
"성동문화나눔 송년 공연, 송년콘서트: 수고했어, 올해도!",복합,복합,"송영민, 성해린, 구본수, 권은주, 지세희, 김현정",,"성동구청(주최), (재)성동문화재단(주최), (재)성동문화재단(주관)",,,"['송영민', '성해린', '구본수', '권은주', '지세희', '김현정']",[],"['송영민', '성해린', '구본수', '권은주', '지세희', '김현정']",[],983,"['연극', '대중음악']","[-7.593343616463244e-05, -10.460293769836426]",연극 + 대중음악
수원시민과 함께하는 수원시립예술단 송년음악회,복합,복합,"전찬솔, 옥주현, 이동규, 김정현, 최희준 등",,"수원시청(주최), 수원시립예술단(주관)",,,"['전찬솔', '옥주현', '이동규', '김정현', '최희준']",[],"['전찬솔', '옥주현', '이동규', '김정현', '최희준']",[],984,"['연극', '대중음악']","[-8.654219709569588e-05, -10.20172119140625]",연극 + 대중음악
노인과 바다,복합,다원/융복합,"남경읍, 이황의, 노시홍, 이석우, 박준석, 황경태","장경민, 하형주, 이수영 등","창작공간 스튜디오 블루(주최), (주)컬쳐버스(제작사), (주)모피어스(제작사), 창작공간 스튜디오 블루(제작사)",어니스트 헤밍웨이,,"['남경읍', '이황의', '노시홍', '이석우', '박준석', '황경태']","['장경민', '하형주', '이수영']","['남경읍', '이황의', '노시홍', '이석우', '박준석', '황경태']","['장경민', '하형주', '이수영']",985,"['연극', '대중음악']","[-7.521823135903105e-05, -10.551698684692383]",연극 + 대중음악
너 혹시 그런 생각 해본 적 있어?,복합,다원/융복합,"박진우, 김민지, 임홍빈, 손재혁, 김수연","백승우, 김한일, 김성연 등","극단 아테크(ARTECH)(주최), 극단 아테크(ARTECH)(주관)",,,"['박진우', '김민지', '임홍빈', '손재혁', '김수연']","['백승우', '김한일', '김성연']","['박진우', '김민지', '임홍빈', '손재혁', '김수연']","['백승우', '김한일', '김성연']",986,"['연극', '대중음악']","[-8.439661905867979e-05, -10.319478988647461]",연극 + 대중음악
WeSA Festival: Sound is the New Music,복합,복합,"나카야마 아키코, 사이먼 웨덤, 김시마, 에릭 레이노, 루카 파간, 윤지영, 다니엘 하스 등",,"피이그(FIG)(주관), (주)위사(주최)",,,"['나카야마 아키코', '사이먼 웨덤', '김시마', '에릭 레이노', '루카 파간', '윤지영', '다니엘 하스']",[],"['나카야마 아키코', '사이먼 웨덤', '김시마', '에릭 레이노', '루카 파간', '윤지영', '다니엘 하스']",[],987,"['연극', '뮤지컬']","[-8.427741704508662e-05, -10.357490539550781]",연극 + 뮤지컬
"스물한번째 스윙-바이, Improvisations",복합,복합,"김도연, 김은영, 송준영, 권세준, 애론 듀튼, 유마 우에사카 등",,중력장(주최),,,"['김도연', '김은영', '송준영', '권세준', '애론 듀튼', '유마 우에사카']",[],"['김도연', '김은영', '송준영', '권세준', '애론 듀튼', '유마 우에사카']",[],988,"['연극', '서커스/마술']","[-6.925819616299123e-05, -10.568158149719238]",연극 + 서커스/마술
모래의 마법사,복합,복합,,,GS엔터테인먼트(주최),,,[],[],[],[],989,"['연극', '서커스/마술']","[-5.638440416078083e-05, -10.748071670532227]",연극 + 서커스/마술
"신년음악회: 문화의 비상, 국민과 함께",복합,복합,"이승원, 박혜상, 양준모, 사무엘 윤, 신창용, 이재용, 엄지인 등",,"문화체육관광부(주최), 예술의전당(주관), KBS(주관)",,,"['이승원', '박혜상', '양준모', '사무엘 윤', '신창용', '이재용', '엄지인']",[],"['이승원', '박혜상', '양준모', '사무엘 윤', '신창용', '이재용', '엄지인']",[],990,"['연극', '대중음악']","[-6.270212179515511e-05, -10.749271392822266]",연극 + 대중음악
광주상설공연 (2월),복합,복합,,,"광주예술의전당 (구. 광주문화예술회관)(주최), 광주예술의전당 (구. 광주문화예술회관)(주관)",,,[],[],[],[],991,"['연극', '뮤지컬']","[-6.83045873302035e-05, -10.581554412841797]",연극 + 뮤지컬
인어공주 [화성],복합,다원/융복합,,,마법의정원(주최),,,[],[],[],[],992,"['연극', '대중음악']","[-7.486063259420916e-05, -10.52541446685791]",연극 + 대중음악
Invocation,복합,복합,"렌젠후에, 제이콥 데이비드 수돌, 이든 막스, 주정현",,게토얼라이브(GhettoAlive)(주최),,,"['렌젠후에', '제이콥 데이비드 수돌', '이든 막스', '주정현']",[],"['렌젠후에', '제이콥 데이비드 수돌', '이든 막스', '주정현']",[],993,"['연극', '대중음악']","[-6.627816765103489e-05, -10.541692733764648]",연극 + 대중음악
"신은미, 유진규, 배일동이 떠나는 신유배 기행",복합,복합,"신은미, 유진규, 배일동 등",,"(사)극단 현장 [진주](주최), (사)극단 현장 [진주](주관)",강병인,,"['신은미', '유진규', '배일동']",[],"['신은미', '유진규', '배일동']",[],994,"['연극', '대중음악']","[-7.83174327807501e-05, -10.427284240722656]",연극 + 대중음악
피아노선생님이 들려주는 국악이야기 [김해],복합,복합,"정지혜, 성지희, 김민정, 이소영, 김민희, 김하원, 이미윤 등","이외숙, 이원진, 권혜경","(재)김해문화재단(김해서부문화센터)(주최), (재)김해문화재단(김해서부문화센터)(주관), (재)김해문화재단(김해서부문화센터)(기획사), 김해 아트 소사이어티(주최)",,,"['정지혜', '성지희', '김민정', '이소영', '김민희', '김하원', '이미윤']","['이외숙', '이원진', '권혜경']","['정지혜', '성지희', '김민정', '이소영', '김민희', '김하원', '이미윤']","['이외숙', '이원진', '권혜경']",995,"['연극', '대중음악']","[-6.842378934379667e-05, -10.673429489135742]",연극 + 대중음악
그림자극으로 만나는 비발디의 사계,복합,복합,"배선옥, 서희경, 최명숙, 최진희, 엄정훈, 이은아","이정민, 나현정, 최진희 등","동래문화회관(주최), 극단 영(주관), 클래식라디오(주관)",트리나 폴리스,,"['배선옥', '서희경', '최명숙', '최진희', '엄정훈', '이은아']","['이정민', '나현정', '최진희']","['배선옥', '서희경', '최명숙', '최진희', '엄정훈', '이은아']","['이정민', '나현정', '최진희']",996,"['연극', '서커스/마술']","[-5.411955135059543e-05, -10.837252616882324]",연극 + 서커스/마술
봄의향연 [오산],복합,복합,"차지연, 이건명, 김성훈, 방성호 등",,"(재)오산문화재단(주최), (재)오산문화재단(주관)",,,"['차지연', '이건명', '김성훈', '방성호']",[],"['차지연', '이건명', '김성훈', '방성호']",[],997,"['연극', '뮤지컬']","[-9.107174992095679e-05, -10.296856880187988]",연극 + 뮤지컬
In & Around C,복합,복합,"김규리, 이호석, 김예슬, 안정아, 추현탁, 안상준, 설호종 등","장병욱, 윤현종, 류혜정 등","한국문화예술위원회(주최), 무지카 엑스 마키나(Musica ex Machina)(주관)",,,"['김규리', '이호석', '김예슬', '안정아', '추현탁', '안상준', '설호종']","['장병욱', '윤현종', '류혜정']","['김규리', '이호석', '김예슬', '안정아', '추현탁', '안상준', '설호종']","['장병욱', '윤현종', '류혜정']",998,"['연극', '뮤지컬']","[-7.188061863416806e-05, -10.506714820861816]",연극 + 뮤지컬
"그림 읽어주는 베토벤, THE CONCERT: 플란다스의 개 [울산]",복합,복합,조숙현 등,임용순,"좋은사람들(주최), 좋은사람들(주관)",,,['조숙현'],['임용순'],['조숙현'],['임용순'],999,"['연극', '대중음악']","[-6.8662193370983e-05, -10.606621742248535]",연극 + 대중음악
Just 바리X운정X은용,복합,복합,"김바리, 심은용, 심운정",,(AKA)운뎅(주최),,,"['김바리', '심은용', '심운정']",[],"['김바리', '심은용', '심운정']",[],1000,"['연극', '대중음악']","[-6.425174069590867e-05, -10.728707313537598]",연극 + 대중음악
화통콘서트 [거창],복합,다원/융복합,"하동민, 오경준, 소명진, 차은미, 김도희, 이준혁, 임채선 등",,"(재)거창문화재단(주최), (재)거창문화재단(주관)",,,"['하동민', '오경준', '소명진', '차은미', '김도희', '이준혁', '임채선']",[],"['하동민', '오경준', '소명진', '차은미', '김도희', '이준혁', '임채선']",[],1001,"['연극', '뮤지컬']","[-7.486063259420916e-05, -10.534790992736816]",연극 + 뮤지컬
광주상설공연 (3월),복합,복합,"강예솔, 고재영, 공유민, 곽지오, 김도영, 김소영, 김주현 등","박경숙, 조가영, 장영재 등","광주광역시(주최), 광주예술의전당 (구. 광주문화예술회관)(주관)",,,"['강예솔', '고재영', '공유민', '곽지오', '김도영', '김소영', '김주현']","['박경숙', '조가영', '장영재']","['강예솔', '고재영', '공유민', '곽지오', '김도영', '김소영', '김주현']","['박경숙', '조가영', '장영재']",1002,"['연극', '대중음악']","[-8.272782724816352e-05, -10.427404403686523]",연극 + 대중음악
"이데일리TV 신춘 오페라마 콘서트, A New Beginning",복합,복합,"정경, 박미자, 이소정 등",,(주)이데일리(주최),,,"['정경', '박미자', '이소정']",[],"['정경', '박미자', '이소정']",[],1003,"['대중음악', '연극']","[-0.9547225832939148, -1.30905282497406]",대중음악 + 연극
"삼성생명, 삼성화재와 함께하는 오페라마 음악회: 한국 가곡의 봄",복합,복합,"정경, 남상일, 이소정 등",,"(주)삼성화재해상보험(주최), (주)삼성생명보험(주최)",,,"['정경', '남상일', '이소정']",[],"['정경', '남상일', '이소정']",[],1004,"['대중음악', '연극']","[-0.9260547757148743, -1.3393244743347168]",대중음악 + 연극
"시네마 클래식, 꽃피는 봄이 오면",복합,복합,"서훈, 장하은, 윤성은, 홍대성 등",,"인천광역시(주최), 인천광역시 남동구청(주최), 인천문화예술회관(주관), 남동문화재단(주관)",,,"['서훈', '장하은', '윤성은', '홍대성']",[],"['서훈', '장하은', '윤성은', '홍대성']",[],1005,"['대중음악', '연극']","[-0.9675848484039307, -1.2688881158828735]",대중음악 + 연극
Colorful Music Gala Concert,복합,복합,,,(재)성남문화재단(주최),,,[],[],[],[],1006,"['대중음악', '연극']","[-0.9448400139808655, -1.2841094732284546]",대중음악 + 연극
3.1절 기념 한용운이 부르는 님의침묵 [광주],복합,복합,"김기원, 서기철, 변지영, 최용호, 정은선, 박종선, 서승현 등",,"광주필하모니오케스트라(주최), 아시아문화기획(주관)",,,"['김기원', '서기철', '변지영', '최용호', '정은선', '박종선', '서승현']",[],"['김기원', '서기철', '변지영', '최용호', '정은선', '박종선', '서승현']",[],1007,"['대중음악', '연극']","[-0.9416405558586121, -1.3264491558074951]",대중음악 + 연극
라움 마티네 콘서트,복합,복합,"이창용, 김덕우, 백은교, 강찬욱, 장우리, 이신규, 박건우 등",,"소셜베뉴 라움(주최), 라움아트센터(소셜베뉴 라움)(주최)",,,"['이창용', '김덕우', '백은교', '강찬욱', '장우리', '이신규', '박건우']",[],"['이창용', '김덕우', '백은교', '강찬욱', '장우리', '이신규', '박건우']",[],1008,"['대중무용', '서커스/마술']","[-0.002126219915226102, -6.295268535614014]",대중무용 + 서커스/마술
3.1절 기념 한용운이 부르는 님의침묵 [대구],복합,복합,"김기원, 서기철, 변지영, 최용호, 정은선, 박종선, 서승현 등",,"광주필하모니오케스트라(주최), 아시아문화기획(주관)",,,"['김기원', '서기철', '변지영', '최용호', '정은선', '박종선', '서승현']",[],"['김기원', '서기철', '변지영', '최용호', '정은선', '박종선', '서승현']",[],1009,"['대중무용', '서커스/마술']","[-0.0020239122677594423, -6.32452392578125]",대중무용 + 서커스/마술
"파동 입자 13: 김지효, Joss Turnbull",복합,복합,"조스 턴불, 김지효 등",,중력장(기획사),,,"['조스 턴불', '김지효']",[],"['조스 턴불', '김지효']",[],1010,"['대중음악', '연극']","[-0.9449664354324341, -1.2704906463623047]",대중음악 + 연극
"서울신문 창간 120주년 기념, 봄날음악회",복합,복합,"최영선, 일리야 라쉬코프스키, 장사익, 송소희 등",,"(주)서울신문사(주최), (주)서울신문사(주관)",,,"['최영선', '일리야 라쉬코프스키', '장사익', '송소희']",[],"['최영선', '일리야 라쉬코프스키', '장사익', '송소희']",[],1011,"['대중음악', '연극']","[-0.9457904696464539, -1.302339792251587]",대중음악 + 연극
"ON:明 창단 연주회, ON:明: 20.5",복합,복합,,,,,,[],[],[],[],1012,"['대중음악', '연극']","[-0.9229890704154968, -1.3189661502838135]",대중음악 + 연극
"프리뮤직 콘서트: 강태환, 김덕수, 최선배 등",복합,복합,"김덕수, 정혜빈, 강효지, 강태환, 최선배, 강은일, 허희정 등",,게토얼라이브(GhettoAlive)(주관),,,"['김덕수', '정혜빈', '강효지', '강태환', '최선배', '강은일', '허희정']",[],"['김덕수', '정혜빈', '강효지', '강태환', '최선배', '강은일', '허희정']",[],1013,"['대중음악', '연극']","[-0.9511985778808594, -1.3145406246185303]",대중음악 + 연극
"국악 트롯 콘서트, 동락 [안동]",복합,복합,"김현호, 박애리, 김희재, 정미애 등",,경상북도(주최),,,"['김현호', '박애리', '김희재', '정미애']",[],"['김현호', '박애리', '김희재', '정미애']",[],1014,"['대중음악', '연극']","[-0.9056534171104431, -1.3408609628677368]",대중음악 + 연극
"수성아트피아 렉처콘서트 시리즈, 정호승의 작업노트",복합,복합,정호승,,"(재)수성문화재단 수성아트피아(주최), (재)수성문화재단 수성아트피아(주관)",,,['정호승'],[],['정호승'],[],1015,"['대중음악', '연극']","[-0.9377086162567139, -1.2974740266799927]",대중음악 + 연극
한일 교류음악회,복합,복합,"박세연, 이지언, 김정수, 조혜령, 서수복, 김태정, 김세윤 등",,국립국악원(주최),,,"['박세연', '이지언', '김정수', '조혜령', '서수복', '김태정', '김세윤']",[],"['박세연', '이지언', '김정수', '조혜령', '서수복', '김태정', '김세윤']",[],1016,"['대중음악', '연극']","[-0.94699627161026, -1.3050576448440552]",대중음악 + 연극
ACC 신비한 극장,복합,다원/융복합,유수경 등,"신현필, 강보람, 임충일 등","국립아시아문화전당(주최), 국립아시아문화전당(주관)",,,['유수경'],"['신현필', '강보람', '임충일']",['유수경'],"['신현필', '강보람', '임충일']",1017,"['대중음악', '연극']","[-0.9370077848434448, -1.3097256422042847]",대중음악 + 연극
"국립남도국악원 토요상설, 국악이 좋다: 국악의 향연: 꽃 피는 봄날",복합,복합,"나영선, 허정승, 김주원, 박범훈, 장예은, 이임정, 임늘솔 등",,국립남도국악원(주최),,,"['나영선', '허정승', '김주원', '박범훈', '장예은', '이임정', '임늘솔']",[],"['나영선', '허정승', '김주원', '박범훈', '장예은', '이임정', '임늘솔']",[],1018,"['대중음악', '연극']","[-0.9549312591552734, -1.295114278793335]",대중음악 + 연극
"일본민주음악협회 교류공연, 한일교류 음악회",복합,복합,"나카이 토모야, 나가스 토모카, 하세가와 쇼잔, 방수미, 서은기, 장지연 등",,"국립민속국악원(주최), (재)민주음악협회(주최)",,,"['나카이 토모야', '나가스 토모카', '하세가와 쇼잔', '방수미', '서은기', '장지연']",[],"['나카이 토모야', '나가스 토모카', '하세가와 쇼잔', '방수미', '서은기', '장지연']",[],1019,"['대중음악', '연극']","[-0.9613516330718994, -1.2923612594604492]",대중음악 + 연극
"모두뮤직페스타, Belonging Ⅳ: 해방 Emancipation",복합,복합,배희관 등,,"(재)한국장애인문화예술원(주최), (재)한국장애인문화예술원(주관)",,,['배희관'],[],['배희관'],[],1020,"['대중음악', '연극']","[-0.9144072532653809, -1.3296051025390625]",대중음악 + 연극
빨간풍선,복합,복합,"강희수, 백연구, 김동재, 윤영철, 설동호 등",,남동문화재단(주최),,,"['강희수', '백연구', '김동재', '윤영철', '설동호']",[],"['강희수', '백연구', '김동재', '윤영철', '설동호']",[],1021,"['대중음악', '연극']","[-0.9165262579917908, -1.3163342475891113]",대중음악 + 연극
"EHWAJANG 326 ARTSTREET BORN SS CONCERT, Stage concert",복합,복합,"장군, 임수현, 왕승원, 김미현, 임정우, 김서현, 김의혁 등","김강동명, 김동창, 장환석 등","우남네트워크(기획사), (재)우호문화재단(주최), (주)앤플럭서스(제작사), 컬처유랑단 흥(제작사)",,,"['장군', '임수현', '왕승원', '김미현', '임정우', '김서현', '김의혁']","['김강동명', '김동창', '장환석']","['장군', '임수현', '왕승원', '김미현', '임정우', '김서현', '김의혁']","['김강동명', '김동창', '장환석']",1022,"['대중음악', '연극']","[-0.9451380372047424, -1.303053855895996]",대중음악 + 연극
열린 음악회 [정읍],복합,복합,"김태연, 이희정, 권민환, 오세주, 신지용, 김휘상, 유수영 등",,"정읍시(문화예술과)(주최), 정읍시(문화예술과)(주관), 정읍시(문화예술과)(기획사)",,,"['김태연', '이희정', '권민환', '오세주', '신지용', '김휘상', '유수영']",[],"['김태연', '이희정', '권민환', '오세주', '신지용', '김휘상', '유수영']",[],1023,"['대중음악', '연극']","[-0.929896354675293, -1.3482078313827515]",대중음악 + 연극
"제155회 두레콘서트, 시와 노래가 있는 나태주 시인 토크 콘서트",복합,복합,"나태주, 허태연, 서재화 등",손덕기,"두레치과(주최), 뭘이런걸닷컴(주최)",,,"['나태주', '허태연', '서재화']",['손덕기'],"['나태주', '허태연', '서재화']",['손덕기'],1024,"['대중음악', '연극']","[-0.9320579767227173, -1.3322560787200928]",대중음악 + 연극
"국립남도국악원 토요상설, 국악이 좋다: 엿장수 허쟁강",복합,복합,"고석진, 김수영, 장영구","권호성, 최병규, 이술아",국립남도국악원(주최),,,"['고석진', '김수영', '장영구']","['권호성', '최병규', '이술아']","['고석진', '김수영', '장영구']","['권호성', '최병규', '이술아']",1025,"['대중음악', '연극']","[-0.9149536490440369, -1.2937262058258057]",대중음악 + 연극
"통영국제음악제, 리히터스 패턴스",복합,복합,"마르쿠스 슈미클러, 게르하르트 리히터 등",코리나 벨츠 등,"통영시청(주최), (재)통영국제음악재단(주관)",,,"['마르쿠스 슈미클러', '게르하르트 리히터']",['코리나 벨츠'],"['마르쿠스 슈미클러', '게르하르트 리히터']",['코리나 벨츠'],1026,"['대중음악', '연극']","[-0.9268652200698853, -1.3199492692947388]",대중음악 + 연극
"판소리 오페라, 소월 [고양]",복합,복합,"서의철, 박종선, 김은미, 김중일, 김창영, 권아람, 김진수 등","홍아람, 김종섭, 홍석임 등","오뮤(주최), 오뮤(제작사)",,,"['서의철', '박종선', '김은미', '김중일', '김창영', '권아람', '김진수']","['홍아람', '김종섭', '홍석임']","['서의철', '박종선', '김은미', '김중일', '김창영', '권아람', '김진수']","['홍아람', '김종섭', '홍석임']",1027,"['대중음악', '연극']","[-0.9127240180969238, -1.3374191522598267]",대중음악 + 연극
국립정동극장 신년음악회,복합,복합,"양준모, 하윤주, 윤형주, 이성준, 윤세연 등",,"(재)국립정동극장(주최), (재)국립정동극장(주관)",,,"['양준모', '하윤주', '윤형주', '이성준', '윤세연']",[],"['양준모', '하윤주', '윤형주', '이성준', '윤세연']",[],1028,"['대중음악', '연극']","[-0.9195677042007446, -1.3357380628585815]",대중음악 + 연극
그대 먼 데서 이기고 돌아온 사람아,복합,복합,"신현대, 오성일, 강푸름, 류미야, 강수연, 김태선",,"당진문화연대(주최), 당진문화연대(주관)",,,"['신현대', '오성일', '강푸름', '류미야', '강수연', '김태선']",[],"['신현대', '오성일', '강푸름', '류미야', '강수연', '김태선']",[],1029,"['대중음악', '연극']","[-0.9223113059997559, -1.3329815864562988]",대중음악 + 연극
4.4 독립만세운동 기념음악회: 달의 춤,복합,복합,"이대우, 정보권 등","김희연, 탁계석, 우효원","당진시(주최), (재)당진문화재단(주최), 당진문예의전당(주관), 당진시충남합창단(주관)",,,"['이대우', '정보권']","['김희연', '탁계석', '우효원']","['이대우', '정보권']","['김희연', '탁계석', '우효원']",1030,"['대중음악', '연극']","[-0.9482520818710327, -1.3016103506088257]",대중음악 + 연극
"스물네번째 스윙-바이, 자유즉흥연주",복합,복합,"심운정, 이선재, 장리오",,중력장(주최),,,"['심운정', '이선재', '장리오']",[],"['심운정', '이선재', '장리오']",[],1031,"['대중음악', '연극']","[-0.9354379177093506, -1.3208038806915283]",대중음악 + 연극
"국립남도국악원 토요상설, 국악이 좋다: 국악의 향연",복합,복합,,,국립남도국악원(주최),,,[],[],[],[],1032,"['대중음악', '연극']","[-0.9425088167190552, -1.2957756519317627]",대중음악 + 연극
광주상설공연 (4월),복합,복합,"김자영, 최은서, 송의로, 홍서희, 김지유, 신예인, 유수민 등","권기원, 박경숙, 이준 등","광주예술의전당 (구. 광주문화예술회관)(주최), 광주예술의전당 (구. 광주문화예술회관)(주관)",,,"['김자영', '최은서', '송의로', '홍서희', '김지유', '신예인', '유수민']","['권기원', '박경숙', '이준']","['김자영', '최은서', '송의로', '홍서희', '김지유', '신예인', '유수민']","['권기원', '박경숙', '이준']",1033,"['대중음악', '연극']","[-0.9271426200866699, -1.3040060997009277]",대중음악 + 연극
케이킥 태권쇼,복합,복합,,,"(주)유니프렌즈(주최), (주)와이킥엔터테인먼트(Y-KICK)(주관)",,,[],[],[],[],1034,"['대중음악', '연극']","[-0.9362325668334961, -1.3049330711364746]",대중음악 + 연극
섀도우 콘서트 & 벽화체험,복합,복합,,,알레스 아트(주최),,,[],[],[],[],1035,"['대중음악', '연극']","[-0.9670519828796387, -1.3011460304260254]",대중음악 + 연극
"신춘콘서트, 국악과 트로트의 만남 [함양]",복합,복합,"박애리, 남상일 등",,"함양군청(주최), 함양군문화예술회관(주관), 경상남도 함양군문화시설사업소(함양군문화예술회관)(주관)",,,"['박애리', '남상일']",[],"['박애리', '남상일']",[],1036,"['대중음악', '연극']","[-0.9391250610351562, -1.3299827575683594]",대중음악 + 연극
"강릉아트센터 기획공연, 스트라빈스키의 병사이야기",복합,복합,"안재민, 이광석, 박수연, 송수현, 한민수, 신예은, 김지연 등","심재상, 정민, 조정근 등","강릉아트센터(주최), 강릉아트센터(주관)",,,"['안재민', '이광석', '박수연', '송수현', '한민수', '신예은', '김지연']","['심재상', '정민', '조정근']","['안재민', '이광석', '박수연', '송수현', '한민수', '신예은', '김지연']","['심재상', '정민', '조정근']",1037,"['대중음악', '연극']","[-0.9328974485397339, -1.3288092613220215]",대중음악 + 연극
라임의 왕 김삿갓 [춘천],복합,복합,"김형식, 이상엽, 김한림, 장현규, 김한빈, 최수현, 추보경 등","최정오, 이종환, 곽지은 등","(사) 문화강대국(주최), (사) 문화강대국(주관)",,,"['김형식', '이상엽', '김한림', '장현규', '김한빈', '최수현', '추보경']","['최정오', '이종환', '곽지은']","['김형식', '이상엽', '김한림', '장현규', '김한빈', '최수현', '추보경']","['최정오', '이종환', '곽지은']",1038,"['대중음악', '연극']","[-0.9332515597343445, -1.3068811893463135]",대중음악 + 연극
"체어, 테이블, 체어 [김포]",복합,복합,,,"(재)김포문화재단(주최), (재)김포문화재단(주관), 팀 퍼니스트(제작사)",,,[],[],[],[],1039,"['대중음악', '연극']","[-0.9365527629852295, -1.337951421737671]",대중음악 + 연극
미야자키 하야오 영화음악 콘서트 with 샌드애니메이션 [대전],복합,복합,"이현수, 이한나, 조재형, 진강우, 서희 등",,"(주)더존테크윌(기획사), (주)더존테크윌(주최), (주)더존테크윌(주관)",미야자키 하야오,,"['이현수', '이한나', '조재형', '진강우', '서희']",[],"['이현수', '이한나', '조재형', '진강우', '서희']",[],1040,"['대중음악', '연극']","[-0.9617403745651245, -1.2797904014587402]",대중음악 + 연극
"은평과 마주해, 봄 콘서트",복합,복합,"최예림, 김준수, 조병석, 남준봉, 송은혜 등",,"(재)은평문화재단(주최), (재)은평문화재단(주관)",,,"['최예림', '김준수', '조병석', '남준봉', '송은혜']",[],"['최예림', '김준수', '조병석', '남준봉', '송은혜']",[],1041,"['대중음악', '연극']","[-0.9182519316673279, -1.351471185684204]",대중음악 + 연극
서커스 클래식,복합,복합,,,상상발전소(),,,[],[],[],[],1042,"['대중음악', '연극']","[-0.9354550838470459, -1.3384087085723877]",대중음악 + 연극
"3rd GPD FORUM 예술뉴런 뮤지카,  with 권은비, 프라우드먼",복합,복합,권은비 등,,"GPD FORUM 추진위원회(주최), 지피디 파운데이션(주관)",,,['권은비'],[],['권은비'],[],1043,"['대중음악', '연극']","[-0.9435033798217773, -1.3127758502960205]",대중음악 + 연극
"장사익 & 충남교향악단, 봄맞이 소리愛 [예산]",복합,복합,"장사익, 정나라, 김보경, 최정원, 장호진 등",,"충청남도(주최), (재)충남문화관광재단(주관)",,,"['장사익', '정나라', '김보경', '최정원', '장호진']",[],"['장사익', '정나라', '김보경', '최정원', '장호진']",[],1044,"['대중음악', '연극']","[-0.9163808226585388, -1.3051396608352661]",대중음악 + 연극
"트라이보울 예술아카데미: 자라는 예술, 소년기 (4.20)",복합,복합,"이세라, 임이삭 등",,예술공간 트라이보울(주최),,,"['이세라', '임이삭']",[],"['이세라', '임이삭']",[],1045,"['대중음악', '연극']","[-0.9361186623573303, -1.3189222812652588]",대중음악 + 연극
동아시아문화도시 개막식 [김해],복합,복합,"금난새, 은가은, 백지영 등",,"문화체육관광부(주최), 경상남도(주최), 김해시청(주최), 문화체육관광부(주관), 경상남도(주관), 김해시청(주관)",,,"['금난새', '은가은', '백지영']",[],"['금난새', '은가은', '백지영']",[],1046,"['대중음악', '연극']","[-0.9322364330291748, -1.304375410079956]",대중음악 + 연극
피콜로이스트 김원미와 안디아모 국악퓨전콘서트: 그리고 그 사랑,복합,복합,"김원미, 최진석, 김범식, 고유동, 장혜진, 김현섭",,"(재) 대구광역시 동구문화재단(아양아트센터)(주최), 아양아트센터(주최), (재) 대구광역시 동구문화재단(아양아트센터)(주관), 아양아트센터(주관)",,,"['김원미', '최진석', '김범식', '고유동', '장혜진', '김현섭']",[],"['김원미', '최진석', '김범식', '고유동', '장혜진', '김현섭']",[],1047,"['대중음악', '연극']","[-0.9267787933349609, -1.3357505798339844]",대중음악 + 연극
"스물여섯번째 스윙-바이, 자유즉흥연주",복합,복합,"제레미 로즈, 석다연, 황진아",,중력장(주최),,,"['제레미 로즈', '석다연', '황진아']",[],"['제레미 로즈', '석다연', '황진아']",[],1048,"['대중음악', '연극']","[-0.9296620488166809, -1.3118236064910889]",대중음악 + 연극
"토크콘서트, 추억은 몽글몽글",복합,복합,"권지훈, 이예슬, 고승조, 구국희, 신이나, 김미정, 조용민",,"동래문화회관(주최), 센티멘탈로그(주관)",,,"['권지훈', '이예슬', '고승조', '구국희', '신이나', '김미정', '조용민']",[],"['권지훈', '이예슬', '고승조', '구국희', '신이나', '김미정', '조용민']",[],1049,"['대중음악', '연극']","[-0.970674991607666, -1.2967147827148438]",대중음악 + 연극
세종예술의전당 국립심포니오케스트라 신년음악회,복합,복합,"다비드라일란트, 유성녀, 이해원, 조병익, 심현희, 박종석, 김수인 등",,"(재) 세종시문화관광재단(세종문화예술회관)(주최), 세종특별자치시청(주최), (재)코리안심포니오케스트라(국립심포니오케스트라)(주관)",,,"['다비드라일란트', '유성녀', '이해원', '조병익', '심현희', '박종석', '김수인']",[],"['다비드라일란트', '유성녀', '이해원', '조병익', '심현희', '박종석', '김수인']",[],1050,"['대중음악', '연극']","[-0.9356397986412048, -1.2966599464416504]",대중음악 + 연극
적로: 이슬의 노래,복합,복합,"이상화, 정윤형, 하윤주, 박영규, 여상근, 한림, 김준수 등","배삼식, 최우정, 정영두 등","국립국악원(주최), 업플레이스(주관)",,,"['이상화', '정윤형', '하윤주', '박영규', '여상근', '한림', '김준수']","['배삼식', '최우정', '정영두']","['이상화', '정윤형', '하윤주', '박영규', '여상근', '한림', '김준수']","['배삼식', '최우정', '정영두']",1051,"['대중음악', '연극']","[-0.9559279084205627, -1.2920126914978027]",대중음악 + 연극
"피카스 그림동화 음악회, 엄마 찾아 삼만리",복합,복합,"윤혜경, 황지수, 진성원, 이현수, 김정아, 신수정, 홍성민 등",,"피카스(PICAS)(주최), 이든예술기획(주)(주관)",,,"['윤혜경', '황지수', '진성원', '이현수', '김정아', '신수정', '홍성민']",[],"['윤혜경', '황지수', '진성원', '이현수', '김정아', '신수정', '홍성민']",[],1052,"['대중음악', '연극']","[-0.9264190793037415, -1.3217142820358276]",대중음악 + 연극
광주상설공연 (5월),복합,복합,,,"광주광역시(주최), 광주예술의전당 (구. 광주문화예술회관)(주관)",,,[],[],[],[],1053,"['대중음악', '연극']","[-0.9479244351387024, -1.3092008829116821]",대중음악 + 연극
"일루젼매지컬, 몽환록 [대전]",복합,복합,,,"대전시립연정국악원(주최), 대전시립연정국악원(주관)",,,[],[],[],[],1054,"['대중음악', '연극']","[-0.9219199419021606, -1.3004804849624634]",대중음악 + 연극
효 콘서트 [청양],복합,복합,"조명섭, 박민주, 박연아 등",,"청양군청(주최), 청양군청(주관)",,,"['조명섭', '박민주', '박연아']",[],"['조명섭', '박민주', '박연아']",[],1055,"['대중음악', '연극']","[-0.9295700192451477, -1.3109153509140015]",대중음악 + 연극
제56회 군산 진포예술제 개막식,복합,복합,"김수희, 소명호 등",,"(사)한국예총군산지회(군산예총)(주최), (사)한국예총군산지회(군산예총)(주관), (사)한국예총군산지회(군산예총)(기획사)",,,"['김수희', '소명호']",[],"['김수희', '소명호']",[],1056,"['대중음악', '연극']","[-0.9307706952095032, -1.3279850482940674]",대중음악 + 연극
모래에 이야기 꽃을 피우다 [인천],복합,복합,,,"(사)한국예총 인천광역시연합회 인천예총(인천수봉문화회관)(주최), (사)한국예총 인천광역시연합회 인천예총(인천수봉문화회관)(주관)",,,[],[],[],[],1057,"['대중음악', '연극']","[-0.9108549356460571, -1.317702293395996]",대중음악 + 연극
"태권무 한빛 시즌3, 태권예술로 제주를 품다",복합,복합,,"김용재, 한승훈, 오수현 등","제주아트센터(주최), 한빛사회적협동조합(구.제주태권도사회적협동조합)(주관), (주)와이킥엔터테인먼트(Y-KICK)(주관)",,,[],"['김용재', '한승훈', '오수현']",[],"['김용재', '한승훈', '오수현']",1058,"['대중음악', '연극']","[-0.9344053268432617, -1.3355928659439087]",대중음악 + 연극
The K콘서트: Like a Star,복합,복합,"장선영, 신미리, 이석훈 등",,The-K 한국교직원공제회(주최),,,"['장선영', '신미리', '이석훈']",[],"['장선영', '신미리', '이석훈']",[],1059,"['대중음악', '연극']","[-0.9478890895843506, -1.303931474685669]",대중음악 + 연극
제11회 바이올리니스트 김다미와 함께 하는 루체현악앙상블 정기연주회 [울산],복합,다원/융복합,"김다미, 이경호 등",송숭주,"루체현악앙상블(주최), 루체현악앙상블(주관), 루체예술단(루체현악앙상블)(주최), 루체예술단(루체현악앙상블)(주관)",,,"['김다미', '이경호']",['송숭주'],"['김다미', '이경호']",['송숭주'],1060,"['대중음악', '연극']","[-0.928209662437439, -1.3154528141021729]",대중음악 + 연극
에코백 [보성],복합,복합,,,"(재)예술경영지원센터(주최), 보성군청(주관), 보성군문화예술회관(주관), 그루잠 프로덕션(주최), 그루잠 프로덕션(주관), 그루잠 프로덕션(기획사)",,,[],[],[],[],1061,"['대중음악', '연극']","[-0.9420620203018188, -1.3052095174789429]",대중음악 + 연극
오월 어머니의 노래 [제주],복합,복합,"오정해, 황유순, 서지명, 이영효, 허대식, 김태근, 오능희 등","김점중, 유형민, 양승환 등","서귀포예술의전당(주최), 서귀포예술의전당(주관), 국립아시아문화전당(주최)",,,"['오정해', '황유순', '서지명', '이영효', '허대식', '김태근', '오능희']","['김점중', '유형민', '양승환']","['오정해', '황유순', '서지명', '이영효', '허대식', '김태근', '오능희']","['김점중', '유형민', '양승환']",1062,"['대중음악', '연극']","[-0.9161567091941833, -1.3299909830093384]",대중음악 + 연극
"효 콘서트, 소리정감",복합,복합,"남상일, 최예림, 김재빈",,"(재)울주문화재단(주최), (재)울주문화재단(주관)",,,"['남상일', '최예림', '김재빈']",[],"['남상일', '최예림', '김재빈']",[],1063,"['대중음악', '연극']","[-0.9348294734954834, -1.3075135946273804]",대중음악 + 연극
"안산시립예술단 기획연주회, 목요보노음악회",복합,복합,,,"안산시청(주최), 안산시립예술단(주관), (재)안산문화재단(안산문화예술의전당)(주최), (재)안산문화재단(안산문화예술의전당)(주관), (재)안산문화재단(안산문화예술의전당)(기획사)",,,[],[],[],[],1064,"['대중음악', '연극']","[-0.9360420107841492, -1.317477822303772]",대중음악 + 연극
"가정의 달 기념공연, 가정음악회 [천안]",복합,복합,"박창근, 신효범, 오유석, 윤승환, 황태경, 김서영 등",,(재)천안문화재단(천안예술전당)(주최),,,"['박창근', '신효범', '오유석', '윤승환', '황태경', '김서영']",[],"['박창근', '신효범', '오유석', '윤승환', '황태경', '김서영']",[],1065,"['대중음악', '연극']","[-0.9432703852653503, -1.3268866539001465]",대중음악 + 연극
"가족과 함께하는 카툰 콘서트, 셜록홈즈 [당진]",복합,복합,"양왕열, 최유석, 고길영, 이기명, 황성범, 성철모, 김지수 등",,"(재)당진문화재단(주최), 당진문예의전당(주관)",,,"['양왕열', '최유석', '고길영', '이기명', '황성범', '성철모', '김지수']",[],"['양왕열', '최유석', '고길영', '이기명', '황성범', '성철모', '김지수']",[],1066,"['대중음악', '연극']","[-0.9292247891426086, -1.3029277324676514]",대중음악 + 연극
Printemps: Via Trio,복합,복합,"정지현, 이주희, 남영주, 이주영, 삐에르 파, 네드 달링턴, 구다영",,"대구광역시 서구문화회관(주최), 비원뮤직홀(주최), 비원뮤직홀(주관), 비원뮤직홀(기획사)",,,"['정지현', '이주희', '남영주', '이주영', '삐에르 파', '네드 달링턴', '구다영']",[],"['정지현', '이주희', '남영주', '이주영', '삐에르 파', '네드 달링턴', '구다영']",[],1067,"['대중음악', '연극']","[-0.928723156452179, -1.3100124597549438]",대중음악 + 연극
FINEDAY FESTIVAL,복합,복합,"이준형, 안예은, 최형배 등",,"(주)에스에이커뮤니케이션(주최), (주)에스에이커뮤니케이션(주관)",,,"['이준형', '안예은', '최형배']",[],"['이준형', '안예은', '최형배']",[],1068,"['대중음악', '연극']","[-0.9360769987106323, -1.3090234994888306]",대중음악 + 연극
"김주원의 사색여정 with 소리꾼 이자람, 동행",복합,복합,"김주원, 이자람, 이준형","김주원, 주선희, 김성훈 등","(재)광명문화재단(주최), (재)광명문화재단(주관)",,,"['김주원', '이자람', '이준형']","['김주원', '주선희', '김성훈']","['김주원', '이자람', '이준형']","['김주원', '주선희', '김성훈']",1069,"['대중음악', '연극']","[-0.9401204586029053, -1.3099232912063599]",대중음악 + 연극
몽환록: 꿈 같은 마술 이야기 [세종],복합,복합,"이경재, 김보성, 김민규, 정경철, 박상현, 임성은, 황유진","이경재, 이희찬, 송기조 등","이모션콘텐츠(주최), 이모션콘텐츠(주관)",,,"['이경재', '김보성', '김민규', '정경철', '박상현', '임성은', '황유진']","['이경재', '이희찬', '송기조']","['이경재', '김보성', '김민규', '정경철', '박상현', '임성은', '황유진']","['이경재', '이희찬', '송기조']",1070,"['대중음악', '연극']","[-0.9365239143371582, -1.3070580959320068]",대중음악 + 연극
"평균율 너머, 우주 1회차: 왕혜인 X 김용성",복합,복합,"왕혜인, 김용성",,소마뮤직랩(SomaMusicLab)(주최),,,"['왕혜인', '김용성']",[],"['왕혜인', '김용성']",[],1071,"['대중음악', '연극']","[-0.9375419616699219, -1.3125300407409668]",대중음악 + 연극
커피콘서트 Ⅲ. 책 읽어주는 큐레이터: 리어왕,복합,복합,"조숙현, 이현우, 남근형, 한동윤, 김다솔, 김동환",,"인천광역시(주최), 인천광역시 동구(동구문화체육센터)(주최), 인천문화예술회관(주관), 인천광역시 동구(동구문화체육센터)(주관)",,,"['조숙현', '이현우', '남근형', '한동윤', '김다솔', '김동환']",[],"['조숙현', '이현우', '남근형', '한동윤', '김다솔', '김동환']",[],1072,"['대중음악', '연극']","[-0.8958160281181335, -1.3324120044708252]",대중음악 + 연극
"제18회 당진시건강가정대축제, 우리가족 놀이터 건가월드",복합,복합,,,"당진시건강가정지원센터(주최), 당진시건강가정지원센터(주관)",,,[],[],[],[],1073,"['대중음악', '연극']","[-0.9491866230964661, -1.2926843166351318]",대중음악 + 연극
오월 어머니의 노래 [광주],복합,복합,"오정해, 황유순, 서지명, 정찬영, 김옥희, 이향란, 임현서 등","김점중, 유형민, 양승환 등","국립아시아문화전당(주최), (유)광민(주관)",,,"['오정해', '황유순', '서지명', '정찬영', '김옥희', '이향란', '임현서']","['김점중', '유형민', '양승환']","['오정해', '황유순', '서지명', '정찬영', '김옥희', '이향란', '임현서']","['김점중', '유형민', '양승환']",1074,"['대중음악', '연극']","[-0.9339104890823364, -1.3239336013793945]",대중음악 + 연극
"제주빌레앙상블, 열린음악회",복합,복합,"장필순, 장진형, 정애선, 이채영, 김신규, 정성민 등",,"김정문화회관(주최), (사)제주빌레앙상블(주관)",,,"['장필순', '장진형', '정애선', '이채영', '김신규', '정성민']",[],"['장필순', '장진형', '정애선', '이채영', '김신규', '정성민']",[],1075,"['대중음악', '연극']","[-0.9202063679695129, -1.3284673690795898]",대중음악 + 연극
"The Strangers Strange Songs, 이방인의 낯선 노래",복합,복합,"김서린, 이혜인",,"스튜디오 뮤랑(기획사), 스튜디오 뮤랑(주최)",,,"['김서린', '이혜인']",[],"['김서린', '이혜인']",[],1076,"['대중음악', '연극']","[-0.9114174246788025, -1.343209981918335]",대중음악 + 연극
5월 오픈마이크,복합,복합,박지혁 등,,중력장(주최),,,['박지혁'],[],['박지혁'],[],1077,"['대중음악', '연극']","[-0.9213476777076721, -1.3136308193206787]",대중음악 + 연극
"해설이 있는 음악회, 가족 음악회 [온양]",복합,복합,"김종규, 김혜린 등",,"(재)울주문화재단(주최), (재)울주문화재단(주관)",,,"['김종규', '김혜린']",[],"['김종규', '김혜린']",[],1078,"['대중음악', '연극']","[-0.9487028121948242, -1.3317543268203735]",대중음악 + 연극
할망에게 묻고 답하다 [제주 서귀포],복합,복합,"정신애, 최성연, 정민자, 강상훈, 문석범, 장유정, 김남희 등","김지혜, 이광호, 김원재 등","김정문화회관(주최), HOHO호호플러스아카데미(주관)",,,"['정신애', '최성연', '정민자', '강상훈', '문석범', '장유정', '김남희']","['김지혜', '이광호', '김원재']","['정신애', '최성연', '정민자', '강상훈', '문석범', '장유정', '김남희']","['김지혜', '이광호', '김원재']",1079,"['대중음악', '연극']","[-0.9255865216255188, -1.3046177625656128]",대중음악 + 연극
광주상설공연 (6월),복합,복합,,,"광주광역시(주최), 광주예술의전당 (구. 광주문화예술회관)(주관)",,,[],[],[],[],1080,"['대중음악', '연극']","[-0.9476408362388611, -1.2724921703338623]",대중음악 + 연극
오월 어머니의 노래 [서울],복합,복합,"이명자, 박형순, 추혜성, 김길자, 박유덕, 임현서, 김정자 등","김점중, 유형민, 양승환 등","국립아시아문화전당재단(주최), (유)광민(주관)",,,"['이명자', '박형순', '추혜성', '김길자', '박유덕', '임현서', '김정자']","['김점중', '유형민', '양승환']","['이명자', '박형순', '추혜성', '김길자', '박유덕', '임현서', '김정자']","['김점중', '유형민', '양승환']",1081,"['대중음악', '연극']","[-0.9484977126121521, -1.3175164461135864]",대중음악 + 연극
미야자키 하야오 영화음악 콘서트 with 샌드애니메이션 [과천],복합,복합,"이현수, 이한나, 장연주, 임소영, 서희 등",,(재)과천문화재단(주최),,,"['이현수', '이한나', '장연주', '임소영', '서희']",[],"['이현수', '이한나', '장연주', '임소영', '서희']",[],1082,"['대중음악', '연극']","[-0.9241577386856079, -1.3206202983856201]",대중음악 + 연극
청소년과 함께하는 김숙진의 이야기가 있는 콘서트 [고양],복합,복합,"김숙진, 한아름, 지준혁, 김장훈 등",,"(재)고양문화재단(주최), (재)고양문화재단(주관)",,,"['김숙진', '한아름', '지준혁', '김장훈']",[],"['김숙진', '한아름', '지준혁', '김장훈']",[],1083,"['대중음악', '연극']","[-0.9265784025192261, -1.3384901285171509]",대중음악 + 연극
"평화통일 음악회, 탈북민 애환!! 음악으로 듣는다 [사천]",복합,복합,,,"민주평화통일자문회의 사천시협의회(주최), 민주평화통일자문회의 사천시협의회(주관)",,,[],[],[],[],1084,"['대중음악', '연극']","[-0.9503322243690491, -1.3461145162582397]",대중음악 + 연극
"조희창의 굿모닝 콘서트, 아리랑 온 더 로드",복합,복합,"고수정, 조윤성, 파코 드 진, 캐시 시갈 가르시아",,"(재)거제시문화예술재단(주최), 아델라이데(주관)",,,"['고수정', '조윤성', '파코 드 진', '캐시 시갈 가르시아']",[],"['고수정', '조윤성', '파코 드 진', '캐시 시갈 가르시아']",[],1085,"['대중음악', '연극']","[-0.9357789754867554, -1.2931928634643555]",대중음악 + 연극
비르투오소 인 클래식 [하남],복합,복합,"조현우, 정석준, 이부영, 김정태, 김진현, 이미정, 김재민 등","김주원, 김동곤","뷰티풀데이(주최), 뷰티풀데이(주관), 뷰티풀데이(기획사)",,,"['조현우', '정석준', '이부영', '김정태', '김진현', '이미정', '김재민']","['김주원', '김동곤']","['조현우', '정석준', '이부영', '김정태', '김진현', '이미정', '김재민']","['김주원', '김동곤']",1086,"['대중음악', '연극']","[-0.9109148383140564, -1.3541431427001953]",대중음악 + 연극
"강릉단오제, 추억의 단오 [강릉]",복합,복합,"권다림, 서은선, 윤덕완, 정미영, 안정민, 조수행, 이희경 등","김재현, 김태윤, 서승현 등","(사)아트컴퍼니 해랑(주최), (사)아트컴퍼니 해랑(주관)",,,"['권다림', '서은선', '윤덕완', '정미영', '안정민', '조수행', '이희경']","['김재현', '김태윤', '서승현']","['권다림', '서은선', '윤덕완', '정미영', '안정민', '조수행', '이희경']","['김재현', '김태윤', '서승현']",1087,"['대중음악', '연극']","[-0.9361148476600647, -1.3309004306793213]",대중음악 + 연극
"스물아홉번째 스윙-바이, 자유즉흥연주",복합,복합,"심은용, 이선재, 김도영, 조민기, 김선기, 심운정, 정원미",,중력장(주최),,,"['심은용', '이선재', '김도영', '조민기', '김선기', '심운정', '정원미']",[],"['심은용', '이선재', '김도영', '조민기', '김선기', '심운정', '정원미']",[],1088,"['대중음악', '연극']","[-0.9275265336036682, -1.3019477128982544]",대중음악 + 연극
제10회 서울페스티발앙상블 정기연주회,복합,복합,"최정연, 김문길, 장세정, 전경미, 임진향, 정해욱, 김정수 등","김난희, 오경열, 나지영","서울페스티발앙상블(주최), 영음예술기획(주최), 영음예술기획(주관), 영음예술기획(기획사)",,,"['최정연', '김문길', '장세정', '전경미', '임진향', '정해욱', '김정수']","['김난희', '오경열', '나지영']","['최정연', '김문길', '장세정', '전경미', '임진향', '정해욱', '김정수']","['김난희', '오경열', '나지영']",1089,"['대중음악', '연극']","[-0.9373873472213745, -1.330051302909851]",대중음악 + 연극
"모두예술극장 기획프로그램: 어둠 속에, 풍경",복합,다원/융복합,"구예은, 김기영, 김시락, 박규민, 신나라, 하지영, 황혜란 등","배요섭, 강정희, 정주혜 등",(재)한국장애인문화예술원(제작사),,,"['구예은', '김기영', '김시락', '박규민', '신나라', '하지영', '황혜란']","['배요섭', '강정희', '정주혜']","['구예은', '김기영', '김시락', '박규민', '신나라', '하지영', '황혜란']","['배요섭', '강정희', '정주혜']",1090,"['대중음악', '연극']","[-0.91681969165802, -1.3187990188598633]",대중음악 + 연극
미술관 옆 공연장: 그림에 음악과 향기를 더하다,복합,다원/융복합,"정우철, 민시후, 노인호",,"(재)세종문화회관(주최), (재)세종문화회관(기획사)",,,"['정우철', '민시후', '노인호']",[],"['정우철', '민시후', '노인호']",[],1091,"['대중음악', '연극']","[-0.962692379951477, -1.2828322649002075]",대중음악 + 연극
지락발광 [고령],복합,다원/융복합,,,"고령군청(주최), 대가야문화누리(주관)",,,[],[],[],[],1092,"['대중음악', '연극']","[-0.9497028589248657, -1.3040034770965576]",대중음악 + 연극
"내가 농섬보다 외롭다, 사유의 시간 (06.22)",복합,복합,정다움 등,,"문화를 만드는 곳 열터(주최), 경기문화재단(주최)",,,['정다움'],[],['정다움'],[],1093,"['대중음악', '연극']","[-0.9181544780731201, -1.3270177841186523]",대중음악 + 연극
"ACC 어린이공연, 마법의 샘",복합,다원/융복합,"이혜진, 우혜인, 김채린, 장호중, 김민국","문진영, 정지현, 박은주 등","국립아시아문화전당재단(제작사), 기룬스토리(제작사)",,,"['이혜진', '우혜인', '김채린', '장호중', '김민국']","['문진영', '정지현', '박은주']","['이혜진', '우혜인', '김채린', '장호중', '김민국']","['문진영', '정지현', '박은주']",1094,"['대중음악', '연극']","[-0.9199249744415283, -1.31797456741333]",대중음악 + 연극
홍지민과 함께하는 판타스틱 쇼 [성주],복합,복합,"홍지민, 오은영, 유원석, 이상은, 임세준 등",,성주군청(주최),,,"['홍지민', '오은영', '유원석', '이상은', '임세준']",[],"['홍지민', '오은영', '유원석', '이상은', '임세준']",[],1095,"['대중음악', '연극']","[-0.9570520520210266, -1.3056113719940186]",대중음악 + 연극
브비브비 시즌2 [울산],복합,다원/융복합,,,울산광역시학생교육문화회관(주최),,,[],[],[],[],1096,"['대중음악', '연극']","[-0.9404076933860779, -1.3257256746292114]",대중음악 + 연극
"대한민국 청년축제, 청춘뉴런",복합,복합,,,청춘뉴런 조직위원회(주최),,,[],[],[],[],1097,"['대중음악', '연극']","[-0.935041606426239, -1.3128435611724854]",대중음악 + 연극
"배익한 재즈 오케스트라, 재즈와 판소리의 만남: 재즈 x 판",복합,복합,"김동기, 김예중, 박종상, 이창민, 최민호, 원익준, 장재효 등","배익한, 권오준, 고은별 등","배익한 재즈 오케스트라(주최), 배익한 재즈 오케스트라(주관), 배익한 재즈 오케스트라(기획사), 제이에이치팩토리(주관)",,,"['김동기', '김예중', '박종상', '이창민', '최민호', '원익준', '장재효']","['배익한', '권오준', '고은별']","['김동기', '김예중', '박종상', '이창민', '최민호', '원익준', '장재효']","['배익한', '권오준', '고은별']",1098,"['대중음악', '연극']","[-0.9293853640556335, -1.3257296085357666]",대중음악 + 연극
"아이티 아이들 돕기 프로젝트, 헤이쥬드 콘서트 [고양]",복합,복합,"표인봉, 안진우, 이연홍, 이은혜, 조규민, 김진철, 이남현 등",,"방향인터내셔날(주최), 뭘이런걸닷컴(주관), (주) 아이비엔터테인먼트(주관), 극단 비지트(주관)",,,"['표인봉', '안진우', '이연홍', '이은혜', '조규민', '김진철', '이남현']",[],"['표인봉', '안진우', '이연홍', '이은혜', '조규민', '김진철', '이남현']",[],1099,"['대중음악', '연극']","[-0.9393523931503296, -1.3123259544372559]",대중음악 + 연극
6월 오픈마이크,복합,복합,,,중력장(주최),,,[],[],[],[],1100,"['대중음악', '연극']","[-0.8982763886451721, -1.350590705871582]",대중음악 + 연극
"최영림의 음악으로 더불어창작프로젝트 Part 2, 놀자 [춘천]",복합,복합,"최영림, 최새롬, 김석진, 김주향, 윤천기, 김대원, 최수빈 등","이종섭, 이석규, 이양규 등","제로뮤직(주최), 제로뮤직(주관)",,,"['최영림', '최새롬', '김석진', '김주향', '윤천기', '김대원', '최수빈']","['이종섭', '이석규', '이양규']","['최영림', '최새롬', '김석진', '김주향', '윤천기', '김대원', '최수빈']","['이종섭', '이석규', '이양규']",1101,"['대중음악', '연극']","[-0.9395597577095032, -1.2979426383972168]",대중음악 + 연극
광주상설공연 (7월),복합,복합,"신은선, 이승민, 조재경, 이유진, 노희설, 소지원, 박해라 등","김민정, 김지훈, 박지윤 등","광주예술의전당 (구. 광주문화예술회관)(주최), 광주예술의전당 (구. 광주문화예술회관)(주관)",,,"['신은선', '이승민', '조재경', '이유진', '노희설', '소지원', '박해라']","['김민정', '김지훈', '박지윤']","['신은선', '이승민', '조재경', '이유진', '노희설', '소지원', '박해라']","['김민정', '김지훈', '박지윤']",1102,"['대중음악', '연극']","[-0.9292556643486023, -1.334086537361145]",대중음악 + 연극
"H-issue vol.1, 아트필드: 청 with 오정해 [하남]",복합,복합,"오정해, 최윤서, 허성재, 강태화, 강현수, 고민주, 김구름 등","허성재, 김상교, 김지안 등","(재)하남문화재단(주최), 아트필드(주관)",,,"['오정해', '최윤서', '허성재', '강태화', '강현수', '고민주', '김구름']","['허성재', '김상교', '김지안']","['오정해', '최윤서', '허성재', '강태화', '강현수', '고민주', '김구름']","['허성재', '김상교', '김지안']",1103,"['대중음악', '연극']","[-0.932696521282196, -1.3160796165466309]",대중음악 + 연극
"아트캠프, 패밀리 펀펀데이",복합,복합,함서율 등,,"대구광역시 서구문화회관(주최), 대구광역시 서구문화회관(주관), 대구광역시 서구문화회관(기획사)",,,['함서율'],[],['함서율'],[],1104,"['대중음악', '연극']","[-0.9450374245643616, -1.3328059911727905]",대중음악 + 연극
"그림이 오감을 만났을때, 감각주의 Ep.1: 르누아르, 일상의 행복을 그리다 [대구]",복합,다원/융복합,"정우철, 민시후, 노인호",,"대덕문화전당(주최), 대덕문화전당(주관)",,,"['정우철', '민시후', '노인호']",[],"['정우철', '민시후', '노인호']",[],1105,"['대중음악', '연극']","[-0.9529301524162292, -1.2889618873596191]",대중음악 + 연극
"국립남도국악원 토요상설, 국악이 좋다: 기획공연 명인전 Ⅰ",복합,복합,"전광진, 문가영, 이지원, 이주원, 정성엽, 한상욱, 한재석 등",,국립남도국악원(주최),,,"['전광진', '문가영', '이지원', '이주원', '정성엽', '한상욱', '한재석']",[],"['전광진', '문가영', '이지원', '이주원', '정성엽', '한상욱', '한재석']",[],1106,"['대중음악', '연극']","[-0.9273560047149658, -1.316483736038208]",대중음악 + 연극
미야자키 하야오 영화음악 콘서트 with 샌드애니메이션 [창원],복합,복합,"이현수, 이하나, 조재형, 진강우, 서희 등",,"(주)더존테크윌(주최), (주)더존테크윌(주관), 스튜디오 더존(주최), 스튜디오 더존(주관)",,,"['이현수', '이하나', '조재형', '진강우', '서희']",[],"['이현수', '이하나', '조재형', '진강우', '서희']",[],1107,"['대중음악', '연극']","[-0.9349854588508606, -1.336442470550537]",대중음악 + 연극
우리가 기억 속에 간직하고 있는 장소들,복합,복합,"이선희, 고지영, 박수지, 정하은, 김희영, 이해정, 박성봉 등",,앙상블 더 거문고(주관),,,"['이선희', '고지영', '박수지', '정하은', '김희영', '이해정', '박성봉']",[],"['이선희', '고지영', '박수지', '정하은', '김희영', '이해정', '박성봉']",[],1108,"['대중음악', '연극']","[-0.9204692840576172, -1.3446881771087646]",대중음악 + 연극
"매드라인 x 날라리와 쟁이, 화합과 교류의 두드림 [대구]",복합,복합,,"조영진, 김혜지, 김유진","매드라인(주최), 매드라인(주관), 유진예술기획(주관)",,,[],"['조영진', '김혜지', '김유진']",[],"['조영진', '김혜지', '김유진']",1109,"['대중음악', '연극']","[-0.9205278158187866, -1.360356092453003]",대중음악 + 연극
"서른두번째 스윙-바이, 자유즉흥연주",복합,복합,"백다솜, 서정민, 김시율, 박용은, 자레드 레드몬드, 톰 자케스",,중력장(주최),,,"['백다솜', '서정민', '김시율', '박용은', '자레드 레드몬드', '톰 자케스']",[],"['백다솜', '서정민', '김시율', '박용은', '자레드 레드몬드', '톰 자케스']",[],1110,"['대중음악', '연극']","[-0.9505602121353149, -1.3155827522277832]",대중음악 + 연극
"K-클래식 콘서트 3, 충남예술고등학교 [천안]",복합,복합,,"정태수, 김송주, 구자은 등",(재)천안문화재단(천안예술전당)(주최),,,[],"['정태수', '김송주', '구자은']",[],"['정태수', '김송주', '구자은']",1111,"['대중음악', '연극']","[-0.9366893768310547, -1.2880662679672241]",대중음악 + 연극
"이선경 무용단 정기공연, 트윈스 [대구]",복합,다원/융복합,,이선경,"이선경무용단(주최), 이선경무용단(주관), 이선경무용단(기획사)",,,[],['이선경'],[],['이선경'],1112,"['대중음악', '연극']","[-0.9717780947685242, -1.2969553470611572]",대중음악 + 연극
"로사오케스트라심포닉아트, 뮤직스펙트럼 오브 가야금오케스트라",복합,복합,"정미화, 박현영, 신현욱, 남상일, 오서은, 신석현 등",정미화 등,"대덕문화전당(주최), 로사오케스트라심포닉아트(주관)",,,"['정미화', '박현영', '신현욱', '남상일', '오서은', '신석현']",['정미화'],"['정미화', '박현영', '신현욱', '남상일', '오서은', '신석현']",['정미화'],1113,"['대중음악', '연극']","[-0.9515745043754578, -1.344770908355713]",대중음악 + 연극
"The Strangers Strange Songs, 이방인의 낯선 노래 BY 서린사랑",복합,복합,,,,,,[],[],[],[],1114,"['대중음악', '연극']","[-0.9513131976127625, -1.33492112159729]",대중음악 + 연극
별세계 [세종],복합,다원/융복합,,,"퓨전국악그룹 풍류(주최), 퓨전국악그룹 풍류(주관), (사)전통예술공연개발원 마로(주관)",,,[],[],[],[],1115,"['대중음악', '연극']","[-0.9264675974845886, -1.307374358177185]",대중음악 + 연극
벽을 뚫고 나온 꽃 [과천],복합,복합,"김진경, 장재화, 김장영, 이지완, 서지영, 박미경, 이채현 등","오은명, 유길상, 김성철 등","(재)예술경영지원센터(주최), 한뫼국악예술단(주관), (재)과천문화재단(주관)",,,"['김진경', '장재화', '김장영', '이지완', '서지영', '박미경', '이채현']","['오은명', '유길상', '김성철']","['김진경', '장재화', '김장영', '이지완', '서지영', '박미경', '이채현']","['오은명', '유길상', '김성철']",1116,"['대중음악', '연극']","[-0.9194639325141907, -1.2907178401947021]",대중음악 + 연극
"한글음악집현전 시리즈3, 마법글자 한글: 뮤직 & 매직밴드를 만나다! [경산]",복합,복합,"하지훈, 이재경, 김종민, 임호균, 김희윤, 전잠언, 김도엽 등",,"예술마을민아트홀(주최), 예술마을민아트홀(주관)",,,"['하지훈', '이재경', '김종민', '임호균', '김희윤', '전잠언', '김도엽']",[],"['하지훈', '이재경', '김종민', '임호균', '김희윤', '전잠언', '김도엽']",[],1117,"['대중음악', '연극']","[-0.9387208819389343, -1.3157498836517334]",대중음악 + 연극
"기술입은 문화예술교육, 왓이프 씨어터: AI로 풀어보는 상상극장 쇼케이스",복합,다원/융복합,,,(재)춘천문화재단(주최),,,[],[],[],[],1118,"['대중음악', '연극']","[-0.9215685129165649, -1.3356757164001465]",대중음악 + 연극
한여름밤 Ice Coffee 콘서트,복합,복합,"박완규, 홍희철, 윤선기, 이우정, 김수동, 김민동 등",,"을숙도문화회관(주최), 을숙도문화회관(주관)",,,"['박완규', '홍희철', '윤선기', '이우정', '김수동', '김민동']",[],"['박완규', '홍희철', '윤선기', '이우정', '김수동', '김민동']",[],1119,"['대중음악', '연극']","[-0.9663043022155762, -1.2825214862823486]",대중음악 + 연극
"체어, 테이블, 체어 [서울]",복합,복합,"최대성, 심재성, 이원호, 김한상, 김희명",,"강동문화재단(강동아트센터)(주최), 팀 퍼니스트(제작사)",,,"['최대성', '심재성', '이원호', '김한상', '김희명']",[],"['최대성', '심재성', '이원호', '김한상', '김희명']",[],1120,"['대중음악', '연극']","[-0.9294690489768982, -1.3170650005340576]",대중음악 + 연극
"브런치&리너 콘서트, 피아니스트 김용진과 함께하는 이달의 공연: 7월의 발레",복합,복합,"김정수, 송태진, 박찬영, 조형국, 조재현, 윤여훈, 박장근 등",,"(재)구로문화재단(주최), (재)구로문화재단(주관), (재)구로문화재단(기획사)",,,"['김정수', '송태진', '박찬영', '조형국', '조재현', '윤여훈', '박장근']",[],"['김정수', '송태진', '박찬영', '조형국', '조재현', '윤여훈', '박장근']",[],1121,"['대중음악', '연극']","[-0.927631676197052, -1.3219397068023682]",대중음악 + 연극
대구학생문화센터 합창단·합주단·국악단 연합 정기연주회,복합,복합,"홍성수, 이영섭, 백윤학, 김지후 등",,"대구학생문화센터(주최), 대구학생문화센터(주관)",,,"['홍성수', '이영섭', '백윤학', '김지후']",[],"['홍성수', '이영섭', '백윤학', '김지후']",[],1122,"['대중음악', '연극']","[-0.9095954895019531, -1.346863031387329]",대중음악 + 연극
Acculturation (문화접변) 求音 (구음),복합,복합,"조훈, 박세찬, 황혜영, 임정민",,(재)수림문화재단(김희수아트센터)(주최),,,"['조훈', '박세찬', '황혜영', '임정민']",[],"['조훈', '박세찬', '황혜영', '임정민']",[],1123,"['대중음악', '연극']","[-0.9458538293838501, -1.3076387643814087]",대중음악 + 연극
"제34회 거창국제연극제, 광화문, 그 사내",복합,다원/융복합,"김주호, 김태성, 강흥진, 박시명, 이진주, 최진호, 장효진 등","김지훈, 문승렬, 이성진 등","(주)대유커뮤니케이션즈(제작사), (재)거창문화재단(주관), (재)거창문화재단(주최), KBS창원방송총국(주최)",,,"['김주호', '김태성', '강흥진', '박시명', '이진주', '최진호', '장효진']","['김지훈', '문승렬', '이성진']","['김주호', '김태성', '강흥진', '박시명', '이진주', '최진호', '장효진']","['김지훈', '문승렬', '이성진']",1124,"['대중음악', '연극']","[-0.9573123455047607, -1.308750867843628]",대중음악 + 연극
"제34회 거창국제연극제, 굿바이 햄릿 (7/30)",복합,복합,"서지유, 김필, 손정욱, 하경화, 박신후, 조연진, 하진 등","장봉태, 국민성, 박철중 등","(재)거창문화재단(주최), KBS창원방송총국(주최), (재)거창문화재단(주관)",,,"['서지유', '김필', '손정욱', '하경화', '박신후', '조연진', '하진']","['장봉태', '국민성', '박철중']","['서지유', '김필', '손정욱', '하경화', '박신후', '조연진', '하진']","['장봉태', '국민성', '박철중']",1125,"['대중음악', '연극']","[-0.937635064125061, -1.3185534477233887]",대중음악 + 연극
알레스아트 야간개장,복합,복합,,,알레스 아트(주최),,,[],[],[],[],1126,"['대중음악', '연극']","[-0.932163417339325, -1.3032310009002686]",대중음악 + 연극
더 호러쇼: 기묘한 마을의 비밀,복합,복합,,,"(사) 글로벌문화예술협회(주최), 플레이온아트컴퍼니(주최), (사) 글로벌문화예술협회(주관), 플레이온아트컴퍼니(주관)",,,[],[],[],[],1127,"['대중음악', '연극']","[-0.9265172481536865, -1.3163812160491943]",대중음악 + 연극
광주상설공연 (8월),복합,복합,,,"광주예술의전당 (구. 광주문화예술회관)(주최), 광주예술의전당 (구. 광주문화예술회관)(주관)",,,[],[],[],[],1128,"['대중음악', '연극']","[-0.9521121978759766, -1.303876280784607]",대중음악 + 연극
ceiling service vol.2,복합,다원/융복합,,,퍼밋(PERMIT)(주최),,,[],[],[],[],1129,"['대중음악', '연극']","[-6.389413465512916e-05, -10.591824531555176]",대중음악 + 연극
A prelingual sense,복합,다원/융복합,"양현석, 정은서, 조아영, 조군영, 박정범, 조병주","김예지, 김은지, 황영준 등","인천광역시(주최), (재)인천문화재단(주최)",,,"['양현석', '정은서', '조아영', '조군영', '박정범', '조병주']","['김예지', '김은지', '황영준']","['양현석', '정은서', '조아영', '조군영', '박정범', '조병주']","['김예지', '김은지', '황영준']",1130,"['대중음악', '뮤지컬']","[-5.364274329622276e-05, -10.734071731567383]",대중음악 + 뮤지컬
"제34회 거창국제연극제: 체어, 테이블, 체어 (08.05)",복합,복합,,,"팀 퍼니스트(제작사), (재)거창문화재단(주최), (재)거창문화재단(주관), KBS창원방송총국(주최)",,,[],[],[],[],1131,"['대중음악', '연극']","[-6.55629628454335e-05, -10.617684364318848]",대중음악 + 연극
여섯 개의 불가능 [수원],복합,다원/융복합,"김민영, 양민정, 이고운","김민영, 양민정, 강대운 등","(재) 수원문화재단(수원SK아트리움)(주최), (재) 수원문화재단(수원SK아트리움)(주관)",,,"['김민영', '양민정', '이고운']","['김민영', '양민정', '강대운']","['김민영', '양민정', '이고운']","['김민영', '양민정', '강대운']",1132,"['대중음악', '뮤지컬']","[-5.4596363042946905e-05, -10.718622207641602]",대중음악 + 뮤지컬
"토요 특별기획공연, 여름방학",복합,복합,서동희 등,,"서초구청(주최), 서초구청(주관)",,,['서동희'],[],['서동희'],[],1133,"['대중음악', '뮤지컬']","[-6.294052582234144e-05, -10.531697273254395]",대중음악 + 뮤지컬
재즈와 탱고 그리고 성악이 흐르는 Happy Summertime Concert,복합,복합,"김종호, 조한샘, 최문석, 고상지, 최문석, 윤종수, 임선혜 등",,송파문화재단(주관),,,"['김종호', '조한샘', '최문석', '고상지', '최문석', '윤종수', '임선혜']",[],"['김종호', '조한샘', '최문석', '고상지', '최문석', '윤종수', '임선혜']",[],1134,"['대중음악', '뮤지컬']","[-5.566918844124302e-05, -10.719193458557129]",대중음악 + 뮤지컬
"이랑 만남시리즈 Ⅹ 기념 특별공연, 매직앙상블: 세계의 명화 [김해]",복합,복합,"정우준, 김경은, 홍석제, 임나래, 박리란, 박지이, 이영은 등",,"김해시청(주최), 아트매니지먼트 이랑(앙상블이랑)(주관)",,,"['정우준', '김경은', '홍석제', '임나래', '박리란', '박지이', '이영은']",[],"['정우준', '김경은', '홍석제', '임나래', '박리란', '박지이', '이영은']",[],1135,"['대중음악', '뮤지컬']","[-6.663577369181439e-05, -10.532939910888672]",대중음악 + 뮤지컬
제7회 서초문화원 클래식판타지,복합,복합,"양재무, 구교현, 김대엽, 양진모, 김신혜, 이승묵, 양송미 등","박기현, 유혜상, 박진희 등","서초문화원(주최), 서초문화원(주관), 서초문화원(제작사)",,,"['양재무', '구교현', '김대엽', '양진모', '김신혜', '이승묵', '양송미']","['박기현', '유혜상', '박진희']","['양재무', '구교현', '김대엽', '양진모', '김신혜', '이승묵', '양송미']","['박기현', '유혜상', '박진희']",1136,"['대중음악', '뮤지컬']","[-5.686121585313231e-05, -10.708106994628906]",대중음악 + 뮤지컬
"뮤지컬 아이스쇼, G-SHOW: THE LUNA",복합,다원/융복합,"안소현, 임은수, 김준식, 김보근, 권민수, 곽영철, 채지영 등","송동일, 진소현, 진영섭 등","(주)라이브아레나(주최), (주)라이브아레나(제작사)",,,"['안소현', '임은수', '김준식', '김보근', '권민수', '곽영철', '채지영']","['송동일', '진소현', '진영섭']","['안소현', '임은수', '김준식', '김보근', '권민수', '곽영철', '채지영']","['송동일', '진소현', '진영섭']",1137,"['대중음악', '연극']","[-5.507317473529838e-05, -10.81623649597168]",대중음악 + 연극
타악 & DJ퍼포먼스: BEAT OF SCHOOL,복합,복합,"이순만, 박태영, 박종대, 이순하, 채우리, 정의철, 김동원","이여송, 백중현, 윤왕호 등","(재)예술경영지원센터(주최), (재)전주문화재단(주관), 전주한벽문화관(주관), (사)타악연희원 아퀴(주관)",,,"['이순만', '박태영', '박종대', '이순하', '채우리', '정의철', '김동원']","['이여송', '백중현', '윤왕호']","['이순만', '박태영', '박종대', '이순하', '채우리', '정의철', '김동원']","['이여송', '백중현', '윤왕호']",1138,"['대중음악', '뮤지컬']","[-5.602679812000133e-05, -10.66240406036377]",대중음악 + 뮤지컬
"패밀리 아이스쇼, 피터팬 온 아이스 오리지널 내한공연",복합,다원/융복합,"조티 폴리조아키스, 에릭 레드포드, 한나 아브라제비치, 로렌 파르","주세페 아레나, 실비오 아마토","(주)월드쇼마켓(주최), (주)고엔터테인먼트(주관)",,,"['조티 폴리조아키스', '에릭 레드포드', '한나 아브라제비치', '로렌 파르']","['주세페 아레나', '실비오 아마토']","['조티 폴리조아키스', '에릭 레드포드', '한나 아브라제비치', '로렌 파르']","['주세페 아레나', '실비오 아마토']",1139,"['대중음악', '뮤지컬']","[-7.128461584215984e-05, -10.398186683654785]",대중음악 + 뮤지컬
"제23회 전주세계소리축제, 소리썸머나잇 DAY1",복합,복합,채수현 등,,"(사)전주세계소리축제조직위원회(주최), (사)전주세계소리축제조직위원회(기획사)",,,['채수현'],[],['채수현'],[],1140,"['대중음악', '연극']","[-7.486063259420916e-05, -10.444190979003906]",대중음악 + 연극
"국악과 미디의 크로스오버 콘서트, 흡수 (吸收) [대구]",복합,다원/융복합,"김채은, 성용욱","최욱현, 황창식, 소윤성 등","(주)꿈꾸는씨어터(주최), 악티스트(기획사)",,,"['김채은', '성용욱']","['최욱현', '황창식', '소윤성']","['김채은', '성용욱']","['최욱현', '황창식', '소윤성']",1141,"['대중음악', '뮤지컬']","[-7.331102824537084e-05, -10.388402938842773]",대중음악 + 뮤지컬
"제23회 전주세계소리축제, 소리썸머나잇 DAY2",복합,복합,강은일 등,,(사)전주세계소리축제조직위원회(주최),,,['강은일'],[],['강은일'],[],1142,"['대중음악', '연극']","[-6.782778655178845e-05, -10.552916526794434]",대중음악 + 연극
"제1251회 서초금요음악회, Summer Night",복합,복합,,,"서초구청(주최), 서초구청(주관)",,,[],[],[],[],1143,"['대중음악', '뮤지컬']","[-5.9602869441732764e-05, -10.707883834838867]",대중음악 + 뮤지컬
온가족이 함께하는 유모차 콘서트 [대전],복합,복합,"이윤소, 하정화, 최혜승, 유병혜, 복병연, 이민아",,"킨더리베 앙상블(주최), 나무예술기획(주최), 킨더리베 앙상블(주관), 나무예술기획(주관)",,,"['이윤소', '하정화', '최혜승', '유병혜', '복병연', '이민아']",[],"['이윤소', '하정화', '최혜승', '유병혜', '복병연', '이민아']",[],1144,"['대중음악', '뮤지컬']","[-6.854299135738984e-05, -10.538948059082031]",대중음악 + 뮤지컬
키즈 마티네 콘서트 [김포],복합,복합,,,"(재)김포문화재단(주최), (재)김포문화재단(주관), (재)김포문화재단()",,,[],[],[],[],1145,"['대중음악', '뮤지컬']","[-5.4596363042946905e-05, -10.80512523651123]",대중음악 + 뮤지컬
"김주원의 사색여정 with 소프라노 황수미, 선물",복합,복합,"김주원, 황수미",,"(재)광명문화재단(주최), (재)광명문화재단(주관)",,,"['김주원', '황수미']",[],"['김주원', '황수미']",[],1146,"['대중음악', '연극']","[-5.972207145532593e-05, -10.727865219116211]",대중음악 + 연극
"제896회 전남도립국악단 토요가무악희 시즌3, 그린국악",복합,복합,"정길만, 문남철 등",양신승,"전라남도(주최), (재)전라남도문화관광재단(도립국악단)(주관)",,,"['정길만', '문남철']",['양신승'],"['정길만', '문남철']",['양신승'],1147,"['대중음악', '뮤지컬']","[-6.5205356804654e-05, -10.622303009033203]",대중음악 + 뮤지컬
"손병호 & 최지연과 함께하는 여민락 콘서트, 지금 뛰다: NOW JUMP [세종] (8월)",복합,복합,"손병호, 최지연, 장경진, 조진학, 서동건, 김하은, 이보름 등",,"세종특별자치시청(주최), (재) 세종시문화관광재단(세종문화예술회관)(주최), (재) 세종시문화관광재단(세종문화예술회관)(주관), (재) 세종시문화관광재단(세종문화예술회관)(기획사)",,,"['손병호', '최지연', '장경진', '조진학', '서동건', '김하은', '이보름']",[],"['손병호', '최지연', '장경진', '조진학', '서동건', '김하은', '이보름']",[],1148,"['대중음악', '뮤지컬']","[-7.497983460780233e-05, -10.393111228942871]",대중음악 + 뮤지컬
전국 농어촌 청춘토크쇼: 황금들녘 [천안],복합,복합,"강혜연, 박민수, 전유성, 민경진, 정재훈, 한태웅, 최교덕 등",,"충청남도(주최), (재)천안문화재단(천안예술전당)(주관), 뉴스1 대전충남(주관)",,,"['강혜연', '박민수', '전유성', '민경진', '정재훈', '한태웅', '최교덕']",[],"['강혜연', '박민수', '전유성', '민경진', '정재훈', '한태웅', '최교덕']",[],1149,"['서커스/마술', '대중무용']","[-0.00012432756193447858, -9.969755172729492]",서커스/마술 + 대중무용
"K-예술축제 아.우.름, 대전국악방송 개국 7년 기념 공개 음악회",복합,복합,양준모 등,,"대전시립연정국악원(주최), 대전국악방송(주최), (재)예술경영지원센터(주관)",,,['양준모'],[],['양준모'],[],1150,"['서커스/마술', '대중무용']","[-0.00014125302550382912, -9.919035911560059]",서커스/마술 + 대중무용
"싱크넥스트24, 이스트허그X64ksana: 군문열림",복합,다원/융복합,"강권순, 원재연 등","고동욱, 양이삭, 이재은 등",(재)세종문화회관(기획사),,,"['강권순', '원재연']","['고동욱', '양이삭', '이재은']","['강권순', '원재연']","['고동욱', '양이삭', '이재은']",1151,"['뮤지컬', '대중음악']","[-3.6238969187252223e-05, -11.245580673217773]",뮤지컬 + 대중음악
"공연장상주단체 페스티벌: 한 여름의 축제, YOU [세종]",복합,복합,이경재 등,,"세종특별자치시청(주최), (재) 세종시문화관광재단(세종문화예술회관)(주최), 세종시교향악단(주관), 이모션콘텐츠(주관), 퓨전국악그룹 풍류(주관)",,,['이경재'],[],['이경재'],[],1152,"['뮤지컬', '연극']","[-3.302042750874534e-05, -11.359159469604492]",뮤지컬 + 연극
안드로메다 유랑기 [원주],복합,복합,"임승환, 김희범","조수정, 한상복, 조민성 등","곁(BEsideU) [강원](주최), 곁(BEsideU) [강원](주관)",,,"['임승환', '김희범']","['조수정', '한상복', '조민성']","['임승환', '김희범']","['조수정', '한상복', '조민성']",1153,"['뮤지컬', '연극']","[-4.792098479811102e-05, -10.849932670593262]",뮤지컬 + 연극
Triangle X sal?n de luna 03: 비유클리드 기하학,복합,복합,"안주희, 신유진 등","송진석, 이채령, 신영수 등","바라봄(barabom)(제작사), 플라멩코 델 서울(제작사)",,,"['안주희', '신유진']","['송진석', '이채령', '신영수']","['안주희', '신유진']","['송진석', '이채령', '신영수']",1154,"['뮤지컬', '대중음악']","[-4.541770613286644e-05, -10.874497413635254]",뮤지컬 + 대중음악
"국립정동극장 예술단, 모던정동",복합,복합,"조하늘, 김민선, 김유리, 윤제원, 박소현, 박지연, 전진홍 등","정성숙, 김가람, 신창열 등","(재)국립정동극장(제작사), (재)국립정동극장(기획사), (재)국립정동극장(주최), (재)국립정동극장(주관), 국립정동극장 예술단(제작사)",,,"['조하늘', '김민선', '김유리', '윤제원', '박소현', '박지연', '전진홍']","['정성숙', '김가람', '신창열']","['조하늘', '김민선', '김유리', '윤제원', '박소현', '박지연', '전진홍']","['정성숙', '김가람', '신창열']",1155,"['뮤지컬', '연극']","[-4.005352093372494e-05, -11.095388412475586]",뮤지컬 + 연극
"수면콘서트, 베스트드림콘서트",복합,복합,"서진원, 이진아, 윤한, 원민지 등",,"(주)지큐브스페이스(베스트슬립)(주최), (주)노미놈(주관)",,,"['서진원', '이진아', '윤한', '원민지']",[],"['서진원', '이진아', '윤한', '원민지']",[],1156,"['뮤지컬', '대중음악']","[-4.637133679352701e-05, -10.923348426818848]",뮤지컬 + 대중음악
"익산 브랜드 공연, WEST & EAST: 서쪽남자 & 동쪽여자",복합,복합,"고경보, 최수진, 정호석, 윤라은, 이길재, 김주영, 이용환 등","김익주, 노기환, 최석열 등","익산시청(주최), 익산예술의전당(주관), 익산시립예술단(주관)",,,"['고경보', '최수진', '정호석', '윤라은', '이길재', '김주영', '이용환']","['김익주', '노기환', '최석열']","['고경보', '최수진', '정호석', '윤라은', '이길재', '김주영', '이용환']","['김익주', '노기환', '최석열']",1157,"['뮤지컬', '대중음악']","[-3.6954195820726454e-05, -11.250899314880371]",뮤지컬 + 대중음악
ACC 빅도어콘서트,복합,복합,"박한율, 박경모, 이삼수, 김기범, 김요한, 신지용, 진수영 등",,"국립아시아문화전당(주최), 국립아시아문화전당재단(주관)",,,"['박한율', '박경모', '이삼수', '김기범', '김요한', '신지용', '진수영']",[],"['박한율', '박경모', '이삼수', '김기범', '김요한', '신지용', '진수영']",[],1158,"['뮤지컬', '대중음악']","[-4.005352093372494e-05, -11.238040924072266]",뮤지컬 + 대중음악
서도와 은미: 만병통치樂 [화성],복합,복합,"안은미, 김혜경, 문용식, 김덕영, 조선재, 김소연, 이현서 등","장진영, 김지명, 장태순 등","화성시청(주최), (재)화성시문화재단(주최), (재)화성시문화재단(주관), (재)화성시문화재단(기획사)",,,"['안은미', '김혜경', '문용식', '김덕영', '조선재', '김소연', '이현서']","['장진영', '김지명', '장태순']","['안은미', '김혜경', '문용식', '김덕영', '조선재', '김소연', '이현서']","['장진영', '김지명', '장태순']",1159,"['뮤지컬', '연극']","[-4.458328112377785e-05, -10.979737281799316]",뮤지컬 + 연극
8월의 오픈마이크,복합,복합,이진석 등,,중력장(주최),,,['이진석'],[],['이진석'],[],1160,"['뮤지컬', '대중음악']","[-3.2543604902457446e-05, -11.376832962036133]",뮤지컬 + 대중음악
"구름, 나무, 연못",복합,복합,"신유진, 강종길, 이정화","김선경, 신유진, 강종길 등","라흰갤러리(La Heen Gallery)(주최), 소림씨(주관), 바라봄(barabom)(주관)",,,"['신유진', '강종길', '이정화']","['김선경', '신유진', '강종길']","['신유진', '강종길', '이정화']","['김선경', '신유진', '강종길']",1161,"['뮤지컬', '대중음악']","[-3.766942609217949e-05, -11.248777389526367]",뮤지컬 + 대중음악
"제24회 대전국제음악제 DCMF, 앙상블 콘쿠오레: 쇤베르크의 밤 150 [대전]",복합,복합,"문현주, 종기용, 김효영, 조슬린 등","장주영, 김하은","대전국제음악제 추진위원회(기획사), 대전국제음악제 추진위원회(주최), 대전국제음악제 추진위원회(주관), KBS대전방송총국(주최), 대전예술의전당(주최)",,,"['문현주', '종기용', '김효영', '조슬린']","['장주영', '김하은']","['문현주', '종기용', '김효영', '조슬린']","['장주영', '김하은']",1162,"['뮤지컬', '대중음악']","[-4.9232225137529895e-05, -10.820277214050293]",뮤지컬 + 대중음악
서른다섯번째 스윙-바이: Time Machine,복합,복합,"로익 장드리, 김예지, 김선기, 노은실, 한재석 등",,중력장(주최),,,"['로익 장드리', '김예지', '김선기', '노은실', '한재석']",[],"['로익 장드리', '김예지', '김선기', '노은실', '한재석']",[],1163,"['뮤지컬', '대중음악']","[-3.7431014789035544e-05, -11.269618034362793]",뮤지컬 + 대중음악
"싱크넥스트24: 광광, 굉굉",복합,복합,"성시영, 이일우, 황민왕, 김지현, 윤지현","성시영, 이일우, 윤제호 등","(재)세종문화회관(제작사), (재)세종문화회관(기획사), (재)세종문화회관(주최)",,,"['성시영', '이일우', '황민왕', '김지현', '윤지현']","['성시영', '이일우', '윤제호']","['성시영', '이일우', '황민왕', '김지현', '윤지현']","['성시영', '이일우', '윤제호']",1164,"['뮤지컬', '대중음악']","[-4.3748852476710454e-05, -10.881053924560547]",뮤지컬 + 대중음악
"지박컨템포러리시리즈 Vol.24, 음악전시: blur",복합,복합,"추다혜, 최휘선, 김미나, 김빛나, 박지영, 박용은, 임가희 등","박지영, 정승재, 김미정 등",지박컨템포러리(Ji Park Contemporary)(주최),,,"['추다혜', '최휘선', '김미나', '김빛나', '박지영', '박용은', '임가희']","['박지영', '정승재', '김미정']","['추다혜', '최휘선', '김미나', '김빛나', '박지영', '박용은', '임가희']","['박지영', '정승재', '김미정']",1165,"['뮤지컬', '대중음악']","[-4.410646579344757e-05, -10.925765037536621]",뮤지컬 + 대중음악
광주상설공연 (9월),복합,복합,,,"광주광역시(주최), 광주예술의전당 (구. 광주문화예술회관)(주관)",,,[],[],[],[],1166,"['뮤지컬', '대중음악']","[-3.266281055402942e-05, -11.382314682006836]",뮤지컬 + 대중음악
제1회 여수 국제 웹 페스트,복합,복합,,,"여수시청(주최), 여수시청(주관)",,,[],[],[],[],1167,"['뮤지컬', '연극']","[-3.671578815556131e-05, -11.23580551147461]",뮤지컬 + 연극
판타스틱 [남해],복합,복합,"우진호, 심영국, 하유리, 류병훈, 이윤선",,"(재)예술경영지원센터(주최), 남해군청(주관), (주) 휴먼피트니스랩(주관)",,,"['우진호', '심영국', '하유리', '류병훈', '이윤선']",[],"['우진호', '심영국', '하유리', '류병훈', '이윤선']",[],1168,"['뮤지컬', '대중음악']","[-5.125868119648658e-05, -10.793878555297852]",뮤지컬 + 대중음악
에코백 [담양],복합,복합,"김선우, 김정민, 민현기 등",,"(재)예술경영지원센터(주최), 담양군문화재단(주관), 그루잠 프로덕션(주관)",,,"['김선우', '김정민', '민현기']",[],"['김선우', '김정민', '민현기']",[],1169,"['뮤지컬', '연극']","[-4.6132929128361866e-05, -10.921123504638672]",뮤지컬 + 연극
춘향: 날개를 뜯긴 새 [평택],복합,복합,"조하늘, 전진홍, 이혁, 박지연, 박소현, 나래, 윤성준 등","노우성, 이규운, 이형주 등","(재)평택시문화재단(주최), (재)평택시문화재단(주관)",,,"['조하늘', '전진홍', '이혁', '박지연', '박소현', '나래', '윤성준']","['노우성', '이규운', '이형주']","['조하늘', '전진홍', '이혁', '박지연', '박소현', '나래', '윤성준']","['노우성', '이규운', '이형주']",1170,"['뮤지컬', '연극']","[-3.6954195820726454e-05, -11.30922794342041]",뮤지컬 + 연극
"싱크넥스트24, 우국원: ORIGINALLY",복합,다원/융복합,우국원 등,"우국원, 박재원, 곽동엽 등",(재)세종문화회관(주최),,,['우국원'],"['우국원', '박재원', '곽동엽']",['우국원'],"['우국원', '박재원', '곽동엽']",1171,"['뮤지컬', '연극']","[-5.793403761344962e-05, -10.673225402832031]",뮤지컬 + 연극
"서울 컬쳐 클럽 예술 축제, ...한 당신을 위하여 건배!",복합,복합,"김지완, 이정민, 김예린, 김태현, 박해원, 로터스 루트, 카일 제임스 아브라함 등",,창작집단 불확정성의 원리(제작사),,,"['김지완', '이정민', '김예린', '김태현', '박해원', '로터스 루트', '카일 제임스 아브라함']",[],"['김지완', '이정민', '김예린', '김태현', '박해원', '로터스 루트', '카일 제임스 아브라함']",[],1172,"['뮤지컬', '대중음악']","[-5.006664650863968e-05, -10.795089721679688]",뮤지컬 + 대중음악
[데이터 분리] 바흐 Ⅹ 무브먼트 (패키지) (앵콜),복합,복합,"김민지, 김희준, 이경준, 신숙경, 양채민, 이정란, 임재성 등",,더하우스콘서트(주최),,,"['김민지', '김희준', '이경준', '신숙경', '양채민', '이정란', '임재성']",[],"['김민지', '김희준', '이경준', '신숙경', '양채민', '이정란', '임재성']",[],1173,"['뮤지컬', '대중음악']","[-6.031808152329177e-05, -10.55783748626709]",뮤지컬 + 대중음악
"바흐 Ⅹ 무브먼트, 무반주 첼로 모음곡 (앵콜) (9.7)",복합,복합,"김민지, 김희준, 이경준, 신숙경, 양채민, 이정란, 임재성 등",,더하우스콘서트(주최),,,"['김민지', '김희준', '이경준', '신숙경', '양채민', '이정란', '임재성']",[],"['김민지', '김희준', '이경준', '신숙경', '양채민', '이정란', '임재성']",[],1174,"['대중음악', '연극']","[-0.9440156817436218, -1.2961736917495728]",대중음악 + 연극
"종교평화음악회, 팔공산은 사명대사를 모십니다 [대구]",복합,복합,"임관현, 남상일, 황은진, 김지영 등",,콘서트하우스(주최),,,"['임관현', '남상일', '황은진', '김지영']",[],"['임관현', '남상일', '황은진', '김지영']",[],1175,"['뮤지컬', '대중음악']","[-3.85038583772257e-05, -11.164694786071777]",뮤지컬 + 대중음악
퍼커셔니즘 [충북],복합,복합,"유승표, 진성현, 공빛나, 김영은, 설현주, 염신혜, 김홍기 등","장제효, 조재범, 정환진 등","(재)예술경영지원센터(주최), 증평군청(주관), (주) 마에스트리(주관)",,,"['유승표', '진성현', '공빛나', '김영은', '설현주', '염신혜', '김홍기']","['장제효', '조재범', '정환진']","['유승표', '진성현', '공빛나', '김영은', '설현주', '염신혜', '김홍기']","['장제효', '조재범', '정환진']",1176,"['뮤지컬', '대중음악']","[-4.279521817807108e-05, -11.04056453704834]",뮤지컬 + 대중음악
"피아노 파 드 되, Dancing with Pierrot",복합,복합,"김민진, 정은조, 이아미, 안우재, 박건희, 이강원, 이승민 등",,"(주)아트앤아티스트(주최), (주)아트앤아티스트(기획사)",,,"['김민진', '정은조', '이아미', '안우재', '박건희', '이강원', '이승민']",[],"['김민진', '정은조', '이아미', '안우재', '박건희', '이강원', '이승민']",[],1177,"['뮤지컬', '대중음악']","[-5.6980417866725475e-05, -10.626910209655762]",뮤지컬 + 대중음악
"제47회 심훈상록문화제, 개막식",복합,복합,김희재 등,,"(사) 심훈상록문화제 집행위원회(주최), (사) 심훈상록문화제 집행위원회(주관)",,,['김희재'],[],['김희재'],[],1178,"['뮤지컬', '대중음악']","[-4.2676016164477915e-05, -10.977535247802734]",뮤지컬 + 대중음악
"바흐 Ⅹ 무브먼트, 무반주 바이올린 소나타 & 파르티타 (09.08) (앵콜)",복합,복합,"박진수, 금배섭, 김동현, 임희영, 김응수, 진영훈, 이지혜 등",,더하우스콘서트(주최),,,"['박진수', '금배섭', '김동현', '임희영', '김응수', '진영훈', '이지혜']",[],"['박진수', '금배섭', '김동현', '임희영', '김응수', '진영훈', '이지혜']",[],1179,"['뮤지컬', '연극']","[-4.172238186583854e-05, -11.031342506408691]",뮤지컬 + 연극
"제47회 심훈상록문화제, 폐막식",복합,복합,이솔로몬 등,,"(사) 심훈상록문화제 집행위원회(주최), (사) 심훈상록문화제 집행위원회(주관)",,,['이솔로몬'],[],['이솔로몬'],[],1180,"['대중음악', '연극']","[-0.9300859570503235, -1.3235294818878174]",대중음악 + 연극
"KOREAN DRUM Ⅲ: THE DRUM SHAMAN, 영혼의 맥박소리",복합,복합,"김병주, 김시원, 이강일, 현호근, 박진영, 홍나라, 김상철 등",,"(사)국수호디딤무용단(주최), (사)국수호디딤무용단(주관)",,,"['김병주', '김시원', '이강일', '현호근', '박진영', '홍나라', '김상철']",[],"['김병주', '김시원', '이강일', '현호근', '박진영', '홍나라', '김상철']",[],1181,"['대중음악', '연극']","[-0.9155083298683167, -1.3446035385131836]",대중음악 + 연극
방과후 공연놀이터,복합,복합,,,"(재)노원문화재단(주최), (재)노원문화재단(주관), (재)노원문화재단(노원문화예술회관)(주관), (재)노원문화재단(노원문화예술회관)(주최)",,,[],[],[],[],1182,"['뮤지컬', '대중음악']","[-3.671578815556131e-05, -11.06855297088623]",뮤지컬 + 대중음악
반석산피크닉: 미야자키하야오 영화음악 콘서트 with 샌드아트 애니메이션 [화성],복합,복합,"김예은, 조재형, 김회진, 조세형, 오춘화, 서희 등",최영선,"화성시청(주최), (재)화성시문화재단(주최), (재)화성시문화재단(주관), (재)화성시문화재단(기획사)",,,"['김예은', '조재형', '김회진', '조세형', '오춘화', '서희']",['최영선'],"['김예은', '조재형', '김회진', '조세형', '오춘화', '서희']",['최영선'],1183,"['연극', '서커스/마술']","[-5.924526340095326e-05, -10.764618873596191]",연극 + 서커스/마술
윤지원 AUDIOVISUAL MUSIC CONCERT: sonic illusion,복합,다원/융복합,윤지원,,,,,['윤지원'],[],['윤지원'],[],1184,"['뮤지컬', '대중음악']","[-3.8980677345534787e-05, -11.063913345336914]",뮤지컬 + 대중음악
왕은 즐긴다: 리골레토 [김포],복합,다원/융복합,"이재성, 이유진, 박민, 정지환, 오세진, 홍승범, 이채현 등","이현영, 이진혁, 이채현 등","김포시오페라단(주최), JS오페라단(제이에스오페라단)(주관), 경기아트컬쳐(주관)",,,"['이재성', '이유진', '박민', '정지환', '오세진', '홍승범', '이채현']","['이현영', '이진혁', '이채현']","['이재성', '이유진', '박민', '정지환', '오세진', '홍승범', '이채현']","['이현영', '이진혁', '이채현']",1185,"['대중음악', '뮤지컬']","[-5.6622808187967166e-05, -10.643733024597168]",대중음악 + 뮤지컬
매직컬 판타지 콘서트 [동해],복합,복합,"최현우, 최정원, 이지훈",,"동해시청(주최), 케이에스엔커뮤니케이션즈(주관)",,,"['최현우', '최정원', '이지훈']",[],"['최현우', '최정원', '이지훈']",[],1186,"['서커스/마술', '대중무용']","[-0.00013469743134919554, -10.005486488342285]",서커스/마술 + 대중무용
WeSA UNDER: THE DOOR,복합,복합,"김민섭, 진인화, 최재혁, 이시안, 강성진, 우형준, 최준혁 등",,(주)위사(주최),,,"['김민섭', '진인화', '최재혁', '이시안', '강성진', '우형준', '최준혁']",[],"['김민섭', '진인화', '최재혁', '이시안', '강성진', '우형준', '최준혁']",[],1187,"['연극', '서커스/마술']","[-6.01988795096986e-05, -10.701351165771484]",연극 + 서커스/마술
"평균율 너머, 우주 5회차: 왕혜인 Ⅹ 선지우 (9.21)",복합,복합,"왕혜인, 선지우",,소마뮤직랩(SomaMusicLab)(주최),,,"['왕혜인', '선지우']",[],"['왕혜인', '선지우']",[],1188,"['연극', '대중음악']","[-0.0001037067049765028, -10.108540534973145]",연극 + 대중음악
"풍금 & 박세욱 WITH 현앙상블 콘서트, 신이 내린 목소리: 클래식과의 만남",복합,복합,"김분금, 박세욱, 박정현, 심영섭, 이윤재",,"PF컴퍼니(피에프컴퍼니)(주최), PF컴퍼니(피에프컴퍼니)(주관)",,,"['김분금', '박세욱', '박정현', '심영섭', '이윤재']",[],"['김분금', '박세욱', '박정현', '심영섭', '이윤재']",[],1189,"['대중음악', '뮤지컬']","[-6.782778655178845e-05, -10.514665603637695]",대중음악 + 뮤지컬
"9월 토요콘서트, 앰비규어스댄스컴퍼니 x 추다혜차지스 [창원]",복합,복합,"추다혜, 이시문, 김재호, 김다빈 등",김보람,(재)창원문화재단(주최),,,"['추다혜', '이시문', '김재호', '김다빈']",['김보람'],"['추다혜', '이시문', '김재호', '김다빈']",['김보람'],1190,"['대중음악', '연극']","[-5.864924969500862e-05, -10.801231384277344]",대중음악 + 연극
첼로가야금 [양주],복합,복합,"김솔다니열, 윤다영",,"(재)예술경영지원센터(주최), 양주도시공사(주관)",,,"['김솔다니열', '윤다영']",[],"['김솔다니열', '윤다영']",[],1191,"['뮤지컬', '대중음악']","[-4.1126360883936286e-05, -11.014540672302246]",뮤지컬 + 대중음악
"글자공상, Daydreaming of Letter [통영]",복합,복합,"최노아, 계수정, 정우진",,튜나레이블(주최),,,"['최노아', '계수정', '정우진']",[],"['최노아', '계수정', '정우진']",[],1192,"['대중음악', '연극']","[-0.93901127576828, -1.296975016593933]",대중음악 + 연극
비르투오소 인 클래식 [부천],복합,복합,"조현우, 김주원, 정석준, 이부영, 김정태, 김진현, 이미정 등","김동곤, 김주원","뷰티풀데이(주최), 뷰티풀데이(주관)",,,"['조현우', '김주원', '정석준', '이부영', '김정태', '김진현', '이미정']","['김동곤', '김주원']","['조현우', '김주원', '정석준', '이부영', '김정태', '김진현', '이미정']","['김동곤', '김주원']",1193,"['대중음악', '연극']","[-0.9537962675094604, -1.298661708831787]",대중음악 + 연극
"스즈메의 문단속, 날씨의 아이, 너의 이름은. 갈라 콘서트 (9월)",복합,복합,"이재환, 최수진, 임규형, 류지호, 김상훈 등",,"사운드얼라이언스 (Sound Alliance)(주최), (주) 에이오디(AOD)(주관), (주) 앤유클래식(NU CLASSIC)(주최)",,,"['이재환', '최수진', '임규형', '류지호', '김상훈']",[],"['이재환', '최수진', '임규형', '류지호', '김상훈']",[],1194,"['대중음악', '연극']","[-0.9499034285545349, -1.3138186931610107]",대중음악 + 연극
서구! 서풍 콘서트 [대구],복합,복합,"신승태, 정서주, 김현호 등",,"대구광역시 서구문화회관(주최), 대구광역시 서구문화회관(주관)",,,"['신승태', '정서주', '김현호']",[],"['신승태', '정서주', '김현호']",[],1195,"['연극', '서커스/마술']","[-7.235741941258311e-05, -10.489239692687988]",연극 + 서커스/마술
"현대음악앙상블 위로, 빛의 음악",복합,다원/융복합,"윤제호, 이명근, 김유경, 박신혜, 황수빈, 이승연, 변정인 등",,"위로앙상블(wiroensemble)(주최), 위로앙상블(wiroensemble)(주관), 현대문화기획(주관)",,,"['윤제호', '이명근', '김유경', '박신혜', '황수빈', '이승연', '변정인']",[],"['윤제호', '이명근', '김유경', '박신혜', '황수빈', '이승연', '변정인']",[],1196,"['연극', '대중음악']","[-0.00011753345461329445, -9.838842391967773]",연극 + 대중음악
"META MUSICA Ⅹ 파사지오 앙상블, 프론티어 스피릿",복합,다원/융복합,"강은경, 김신웅, 김희라, 정성엽, 최혜연, 양송희, 김희은 등",,"메타무지카 (META MUSICA)(주최), 파사지오 앙상블(주최), 현대문화기획(주관)",,,"['강은경', '김신웅', '김희라', '정성엽', '최혜연', '양송희', '김희은']",[],"['강은경', '김신웅', '김희라', '정성엽', '최혜연', '양송희', '김희은']",[],1197,"['연극', '서커스/마술']","[-5.507317473529838e-05, -10.641765594482422]",연극 + 서커스/마술
"광화문, 그 사내 [구리]",복합,다원/융복합,"김주호, 김성수, 김태성, 강홍진, 박시명, 이진주, 최진호 등",,"(재)구리문화재단(구리아트홀)(주최), (재)구리문화재단(구리아트홀)(주관)",,,"['김주호', '김성수', '김태성', '강홍진', '박시명', '이진주', '최진호']",[],"['김주호', '김성수', '김태성', '강홍진', '박시명', '이진주', '최진호']",[],1198,"['연극', '서커스/마술']","[-6.3774932641536e-05, -10.616645812988281]",연극 + 서커스/마술
에버하트 콘서트,복합,복합,,,성동구자원봉사센터(주최),,,[],[],[],[],1199,"['연극', '대중음악']","[-6.69933797325939e-05, -10.631765365600586]",연극 + 대중음악
공간 갤러리 콘서트,복합,다원/융복합,"김인휘, 김순영, 이소연, 민현기, 김용임 등",,"르엘오페라단((사)르엘)(주최), 르엘오페라단((사)르엘)(주관)",,,"['김인휘', '김순영', '이소연', '민현기', '김용임']",[],"['김인휘', '김순영', '이소연', '민현기', '김용임']",[],1200,"['연극', '대중음악']","[-7.259582343976945e-05, -10.643714904785156]",연극 + 대중음악
"제1252회 서초금요음악회, 헝가리 국립무용단 특별공연: 카르파티아인의 메아리",복합,복합,,,"서초구청(주최), 서초구청(주관)",,,[],[],[],[],1201,"['연극', '대중음악']","[-7.891343557275832e-05, -10.499003410339355]",연극 + 대중음악
"돈키호테, 엉뚱하면 어때? [남양주]",복합,복합,,,남양주시청(주최),,,[],[],[],[],1202,"['연극', '뮤지컬']","[-6.544376083184034e-05, -10.742048263549805]",연극 + 뮤지컬
반고흐 콘서트 [김천],복합,복합,"이동섭, 이영표 등",,"김천시립도서관(주최), 김천시립율곡도서관(주관)",,,"['이동섭', '이영표']",[],"['이동섭', '이영표']",[],1203,"['연극', '대중음악']","[-7.152301259338856e-05, -10.51528549194336]",연극 + 대중음악
풍류 [안성],복합,복합,"오단해, 김수유, 구교진, 이효주, 조재범, 최힘찬",,안성맞춤아트홀(안성시)(주최),,,"['오단해', '김수유', '구교진', '이효주', '조재범', '최힘찬']",[],"['오단해', '김수유', '구교진', '이효주', '조재범', '최힘찬']",[],1204,"['연극', '대중음악']","[-6.5205356804654e-05, -10.633646011352539]",연극 + 대중음악
호수 위 우주 [충주],복합,다원/융복합,,,"(주)예술불꽃화랑(주관), 충주시청(주최), (재)충주문화관광재단(주관)",,,[],[],[],[],1205,"['연극', '대중음악']","[-7.1403817855753e-05, -10.59017562866211]",연극 + 대중음악
"제29회 서곶문화예술제: 옛 시로 듣는다, 달달한 시",복합,복합,"최윤미, 김중혁, 금모래, 원익준","최윤미, 김민아, 이하림 등","인천광역시 서구청(주최), (재)인천서구문화재단(주관)",,,"['최윤미', '김중혁', '금모래', '원익준']","['최윤미', '김민아', '이하림']","['최윤미', '김중혁', '금모래', '원익준']","['최윤미', '김민아', '이하림']",1206,"['뮤지컬', '대중음악']","[-5.61460001335945e-05, -10.631985664367676]",뮤지컬 + 대중음악
문학주간 2024,복합,복합,,,한국문화예술위원회(주최),,,[],[],[],[],1207,"['연극', '서커스/마술']","[-5.94836674281396e-05, -10.71042251586914]",연극 + 서커스/마술
"칠곡교육가족한마음, 樂 콘서트 [칠곡]",복합,복합,"구수민, 김명훈, 박승일, 최도원 등",,경상북도 칠곡교육지원청(주최),,,"['구수민', '김명훈', '박승일', '최도원']",[],"['구수민', '김명훈', '박승일', '최도원']",[],1208,"['대중음악', '연극']","[-0.9310974478721619, -1.3321906328201294]",대중음악 + 연극
"ACT 페스티벌, 오디오비주얼 콘서트",복합,다원/융복합,"료지 이케다, 아키코 나카야마, 히로시 와타나베, 사피 봉 등",,국립아시아문화전당(주최),,,"['료지 이케다', '아키코 나카야마', '히로시 와타나베', '사피 봉']",[],"['료지 이케다', '아키코 나카야마', '히로시 와타나베', '사피 봉']",[],1209,"['연극', '대중음악']","[-8.749579137656838e-05, -10.305004119873047]",연극 + 대중음악
카이스트 x 대전예당 공연실험실: X-Space,복합,다원/융복합,,"남주한, 윤상호 등","대전예술의전당(주최), 한국과학기술원(주최)",,,[],"['남주한', '윤상호']",[],"['남주한', '윤상호']",1210,"['연극', '서커스/마술']","[-5.495397272170521e-05, -10.872591972351074]",연극 + 서커스/마술
"한국 중국 일본, 발악콘서트",복합,복합,"카타오카 리사, 예웨이양, 김계선, 윤혜인, 이선혜, 김명진, 김수연 등",이수인,"을숙도문화회관(주최), 부산국악오케스트라(주관)",,,"['카타오카 리사', '예웨이양', '김계선', '윤혜인', '이선혜', '김명진', '김수연']",['이수인'],"['카타오카 리사', '예웨이양', '김계선', '윤혜인', '이선혜', '김명진', '김수연']",['이수인'],1211,"['연극', '뮤지컬']","[-9.274052717955783e-05, -10.210516929626465]",연극 + 뮤지컬
모나드 서울: 변화하는 각,복합,복합,"배일동, 이승재, 정은혜",,중력장(주최),,,"['배일동', '이승재', '정은혜']",[],"['배일동', '이승재', '정은혜']",[],1212,"['연극', '대중음악']","[-7.378782902378589e-05, -10.607085227966309]",연극 + 대중음악
"청년시점, 청년예술콘서트 1부",복합,복합,"김서현, 강지혜 등","노소연, 신은진, 정주희","(재)안산문화재단(안산문화예술의전당)(주최), (재)안산문화재단(안산문화예술의전당)(주관)",,,"['김서현', '강지혜']","['노소연', '신은진', '정주희']","['김서현', '강지혜']","['노소연', '신은진', '정주희']",1213,"['연극', '서커스/마술']","[-5.8530047681415454e-05, -10.798705101013184]",연극 + 서커스/마술
AAA: 연결 2일차,복합,다원/융복합,"송지윤, 한지수, 이용석 등","이현화, 이동민","중력장(주최), 중력장(주관)",,,"['송지윤', '한지수', '이용석']","['이현화', '이동민']","['송지윤', '한지수', '이용석']","['이현화', '이동민']",1214,"['연극', '대중음악']","[-7.128461584215984e-05, -10.575716018676758]",연극 + 대중음악
"늘휘무용단 가을신작, 변곡의 점",복합,다원/융복합,"배진일, 이은정, 여길랑, 최시원, 이예은, 남선희, 윤혜수 등","김민지, 김선혁, 이수현 등","김명숙 늘휘무용단(주최), 김명숙 늘휘무용단(주관)",,,"['배진일', '이은정', '여길랑', '최시원', '이예은', '남선희', '윤혜수']","['김민지', '김선혁', '이수현']","['배진일', '이은정', '여길랑', '최시원', '이예은', '남선희', '윤혜수']","['김민지', '김선혁', '이수현']",1215,"['연극', '뮤지컬']","[-8.11782301752828e-05, -10.491419792175293]",연극 + 뮤지컬
클나무오케스트라 & 팝핀현준 & 박애리 열린음악회 [부안],복합,복합,"남현준, 박애리 등",,"(재)전라북도문화관광재단(주최), 부안군청(주관), 클나무필하모닉오케스트라(주관), (사)전북예술문화원(클나무필하모닉오케스트라)(주관)",,,"['남현준', '박애리']",[],"['남현준', '박애리']",[],1216,"['연극', '대중음악']","[-6.997340824455023e-05, -10.581561088562012]",연극 + 대중음악
체인지 오브 시즌 10: 여정 [성남],복합,다원/융복합,"박찬이, 고대완, 전다정, 김승희, 하민우, 안치현 등","황미숙, 박혜준, 박상록 등","퍼포먼스그룹153(주최), 퍼포먼스그룹153(주관)",,,"['박찬이', '고대완', '전다정', '김승희', '하민우', '안치현']","['황미숙', '박혜준', '박상록']","['박찬이', '고대완', '전다정', '김승희', '하민우', '안치현']","['황미숙', '박혜준', '박상록']",1217,"['대중음악', '연극']","[-0.9072567820549011, -1.314488172531128]",대중음악 + 연극
부산국제공연예술마켓 (BPAM) (전일권),복합,복합,,,"부산광역시(주최), (재)부산문화재단(주관)",,,[],[],[],[],1218,"['연극', '대중음악']","[-7.354942499659956e-05, -10.590214729309082]",연극 + 대중음악
"제24회 SPAF, LOD 뮤직씨어터: 우먼, 포인트 제로",복합,다원/융복합,"디마 오르쇼, 카를라 나하디 바벨레고토, 김혜림, 밀로스 밀리보예비치, 라파엘라 단크사그뮬러, 차토리 시미즈, 파라즈 에슈기 사흐라이 등","라일라 솔리만, 카나코 아베, 스테이시 하디 등","(재)예술경영지원센터(주최), 서울국제공연예술제(SPAF)(주관)",나왈 엘 사다위,,"['디마 오르쇼', '카를라 나하디 바벨레고토', '김혜림', '밀로스 밀리보예비치', '라파엘라 단크사그뮬러', '차토리 시미즈', '파라즈 에슈기 사흐라이']","['라일라 솔리만', '카나코 아베', '스테이시 하디']","['디마 오르쇼', '카를라 나하디 바벨레고토', '김혜림', '밀로스 밀리보예비치', '라파엘라 단크사그뮬러', '차토리 시미즈', '파라즈 에슈기 사흐라이']","['라일라 솔리만', '카나코 아베', '스테이시 하디']",1219,"['대중음악', '연극']","[-0.9647995829582214, -1.2968766689300537]",대중음악 + 연극
"제18회 당진예술제, 개막식",복합,복합,,,"(사) 한국예술문화단체총연합회 당진지회(주최), (사)한국음악협회 당진시지부(주관)",,,[],[],[],[],1220,"['대중음악', '뮤지컬']","[-7.92710343375802e-05, -10.336977005004883]",대중음악 + 뮤지컬
"제27회 광주소극장축제, 빛과 모래가 들려주는 음연동화",복합,다원/융복합,"김종명, 안혜영, 안상길, 이용준, 김현배, 정서우","김종명, 이용준 등","(사)한국소극장협회 광주지회(주최), 샌드아트월드(제작사)",,,"['김종명', '안혜영', '안상길', '이용준', '김현배', '정서우']","['김종명', '이용준']","['김종명', '안혜영', '안상길', '이용준', '김현배', '정서우']","['김종명', '이용준']",1221,"['연극', '대중음악']","[-8.070142939686775e-05, -10.50482177734375]",연극 + 대중음악
"김주원의 사색여정 with 무용가 김매자, 배정혜, 국수호 그리고 이정윤의 별",복합,복합,"김주원, 김매자, 배정혜, 국수호, 이정윤",,"(재)광명문화재단(주최), (재)광명문화재단(주관)",,,"['김주원', '김매자', '배정혜', '국수호', '이정윤']",[],"['김주원', '김매자', '배정혜', '국수호', '이정윤']",[],1222,"['연극', '대중음악']","[-6.627816765103489e-05, -10.727266311645508]",연극 + 대중음악
미드-필ㄷ-ㅓ: 접촉면에 한하여,복합,다원/융복합,"고권금, 임영, 허윤경","허윤경, 양지울, 문홍식 등",,,,"['고권금', '임영', '허윤경']","['허윤경', '양지울', '문홍식']","['고권금', '임영', '허윤경']","['허윤경', '양지울', '문홍식']",1223,"['뮤지컬', '연극']","[-5.2689116273541003e-05, -10.779111862182617]",뮤지컬 + 연극
광주상설공연 (10월),복합,복합,강경순 등,,"광주광역시(주최), 광주예술의전당 (구. 광주문화예술회관)(주관)",,,['강경순'],[],['강경순'],[],1224,"['연극', '뮤지컬']","[-7.271502545336261e-05, -10.55882453918457]",연극 + 뮤지컬
ceiling service vol.3: DOME,복합,다원/융복합,"이대화, 김도언, 박유석, 이정훈 등",,퍼밋(PERMIT)(주최),,,"['이대화', '김도언', '박유석', '이정훈']",[],"['이대화', '김도언', '박유석', '이정훈']",[],1225,"['연극', '대중음악']","[-7.60526381782256e-05, -10.42332649230957]",연극 + 대중음악
제28회 대한노인회 덕양구지회 노인의날 축하공연,복합,복합,,,,,,[],[],[],[],1226,"['대중음악', '연극']","[-0.9290941953659058, -1.3297324180603027]",대중음악 + 연극
서울아트마켓 (PAMS) [달오름극장],복합,복합,,,"(재)예술경영지원센터(주최), (재)예술경영지원센터(주관), (재)국립극장진흥재단(주관)",,,[],[],[],[],1227,"['대중음악', '연극']","[-0.9404091835021973, -1.3091998100280762]",대중음악 + 연극
서울아트마켓 (PAMS) [하늘극장],복합,복합,,,"(재)예술경영지원센터(주최), (재)국립극장진흥재단(주최), (재)예술경영지원센터(주관)",,,[],[],[],[],1228,"['대중음악', '뮤지컬']","[-6.210611172718927e-05, -10.626984596252441]",대중음악 + 뮤지컬
소리동화: 팥죽할멈과 호랑이 & 방귀쟁이 며느리 편,복합,복합,"최한별, 박도영, 박하은, 양민석 등",,"박동의밴드(주최), 타피스토리(주관), 영산아트홀(주관), 클래식에이치(Classic H)(주관)",,,"['최한별', '박도영', '박하은', '양민석']",[],"['최한별', '박도영', '박하은', '양민석']",[],1229,"['대중음악', '연극']","[-6.675497570540756e-05, -10.646537780761719]",대중음악 + 연극
엄마의 일기장 [부산],복합,복합,"김민선, 이성호, 권예림, 변도현, 박수민, 임나경, 이시화 등","장진웅, 진설라, 이근희 등","부산광역시(주최), (재)부산문화회관(주관), 동아대학교 스테리어스 (STARRYUS)(주관)",,,"['김민선', '이성호', '권예림', '변도현', '박수민', '임나경', '이시화']","['장진웅', '진설라', '이근희']","['김민선', '이성호', '권예림', '변도현', '박수민', '임나경', '이시화']","['장진웅', '진설라', '이근희']",1230,"['대중음악', '연극']","[-0.9303653836250305, -1.298189640045166]",대중음악 + 연극
그림이 오감를 만났을때: 감각주의 [부산],복합,다원/융복합,"정우철, 민사후, 노인호",,부산학생예술문화회관(주최),,,"['정우철', '민사후', '노인호']",[],"['정우철', '민사후', '노인호']",[],1231,"['대중음악', '뮤지컬']","[-6.4490144723095e-05, -10.526883125305176]",대중음악 + 뮤지컬
"이천국제음악제, icmf 오프닝 콘서트: 동서양의 하모니",복합,복합,"원재연, 이나래, 이철희, 김보경, 라이아 바예스, 키아라 디 바리, 존 아이젠 등",,"이천시(주최), 이천문화재단(주최), 이천시(주관), 이천문화재단(주관)",,,"['원재연', '이나래', '이철희', '김보경', '라이아 바예스', '키아라 디 바리', '존 아이젠']",[],"['원재연', '이나래', '이철희', '김보경', '라이아 바예스', '키아라 디 바리', '존 아이젠']",[],1232,"['대중음악', '연극']","[-0.9393668174743652, -1.3232223987579346]",대중음악 + 연극
여성: 삶의 노래 WOMEN: THE LIFE OF SONG,복합,복합,"강채원, 백세리, 석수빈, 조윤수, 박유진, 윤수영, 김용건 등","조남수, 김신애",라뮤즈(주최),,,"['강채원', '백세리', '석수빈', '조윤수', '박유진', '윤수영', '김용건']","['조남수', '김신애']","['강채원', '백세리', '석수빈', '조윤수', '박유진', '윤수영', '김용건']","['조남수', '김신애']",1233,"['대중음악', '연극']","[-7.939023635117337e-05, -10.254719734191895]",대중음악 + 연극
"한하운의 삶과 시, 파랑새 [김포]",복합,다원/융복합,"백승광, 박아름, 윤여길, 김진옥, 김나연","이은랑, 박경희, 함주명 등","예술창작집단 소리하나(주최), 극단 새나(주관)",,,"['백승광', '박아름', '윤여길', '김진옥', '김나연']","['이은랑', '박경희', '함주명']","['백승광', '박아름', '윤여길', '김진옥', '김나연']","['이은랑', '박경희', '함주명']",1234,"['대중음악', '뮤지컬']","[-5.090107151772827e-05, -10.779335021972656]",대중음악 + 뮤지컬
sonic BLOOM,복합,다원/융복합,"다니엘 하스, 데릭 제토, 제니아 블랙 등",,"(재)성동문화재단(주최), 피이그(FIG)(주관), WeSA(주관)",,,"['다니엘 하스', '데릭 제토', '제니아 블랙']",[],"['다니엘 하스', '데릭 제토', '제니아 블랙']",[],1235,"['대중음악', '연극']","[-0.9159857034683228, -1.319948434829712]",대중음악 + 연극
하이커 페스타,복합,복합,노홍철 등,,"한국관광공사(주최), 하이커그라운드(주관)",,,['노홍철'],[],['노홍철'],[],1236,"['대중음악', '연극']","[-0.9291578531265259, -1.3226033449172974]",대중음악 + 연극
"크로스파티, 두번째달 Ⅹ 김무빈: 국악 Ⅹ 월드뮤직 [과천]",복합,복합,"김현보, 박진우, 최진경, 이영훈, 조윤정, 박종선, 김무빈","문종태, 안윤미, 홍지연 등",(재)과천문화재단(주최),,,"['김현보', '박진우', '최진경', '이영훈', '조윤정', '박종선', '김무빈']","['문종태', '안윤미', '홍지연']","['김현보', '박진우', '최진경', '이영훈', '조윤정', '박종선', '김무빈']","['문종태', '안윤미', '홍지연']",1237,"['연극', '서커스/마술']","[-6.353653589030728e-05, -10.6923246383667]",연극 + 서커스/마술
"NPAF, Harmony of 4 Piano & Magic: 4대 피아노와 마술의 하모니 [인천]",복합,복합,,,"남동문화재단(주최), (사)문화예술라온(제작사)",,,[],[],[],[],1238,"['연극', '대중음악']","[-7.378782902378589e-05, -10.553906440734863]",연극 + 대중음악
삼국의 현: 달을 바라보는 세 개의 시선 [김해],복합,다원/융복합,,,"문화체육관광부(주최), 경상남도(주최), 김해시청(주최), 문화체육관광부(주관), 경상남도(주관), 김해시청(주관), (재) 김해문화관광재단(주관)",,,[],[],[],[],1239,"['대중음악', '연극']","[-0.9188345670700073, -1.3290901184082031]",대중음악 + 연극
"TABLAO DE NUEVO, POR EL MAR [제주]",복합,복합,"강지영, 김은현, 이영자, 김지선, 황이현, 설호종, 나선희",,따예르 플라멩코(TALLER FLAMENCO)(주최),,,"['강지영', '김은현', '이영자', '김지선', '황이현', '설호종', '나선희']",[],"['강지영', '김은현', '이영자', '김지선', '황이현', '설호종', '나선희']",[],1240,"['대중음악', '연극']","[-0.9127166867256165, -1.3318324089050293]",대중음악 + 연극
미술관 옆 공연장: 페인팅 더 뮤직,복합,다원/융복합,"고희안, 김찬용",,"(재)세종문화회관(주최), 세종예술아카데미(주관)",,,"['고희안', '김찬용']",[],"['고희안', '김찬용']",[],1241,"['대중음악', '연극']","[-6.580135959666222e-05, -10.646195411682129]",대중음악 + 연극
"제24회 SPAF, 김재훈컴퍼니: PNO",복합,다원/융복합,"김재훈, 나경민, 남상봉, 양현모, 전보람 등","김재훈, 배소현, 신예슬 등","서울국제공연예술제(SPAF)(주관), 김재훈컴퍼니(제작사), (재)예술경영지원센터(주최)",,,"['김재훈', '나경민', '남상봉', '양현모', '전보람']","['김재훈', '배소현', '신예슬']","['김재훈', '나경민', '남상봉', '양현모', '전보람']","['김재훈', '배소현', '신예슬']",1242,"['뮤지컬', '연극']","[-5.638440416078083e-05, -10.708934783935547]",뮤지컬 + 연극
제1회 Physical Performance Festival 피지컬 퍼포먼스 페스티벌,복합,복합,"김승록, 이영례, 서민준, 전원재, 장창완, 최지훈, 최하연 등","김윤희, 고다희, 이준호 등","Physical Performance Festival 집행위원회(주최), Physical Performance Festival 집행위원회(주관)",,,"['김승록', '이영례', '서민준', '전원재', '장창완', '최지훈', '최하연']","['김윤희', '고다희', '이준호']","['김승록', '이영례', '서민준', '전원재', '장창완', '최지훈', '최하연']","['김윤희', '고다희', '이준호']",1243,"['연극', '대중음악']","[-6.210611172718927e-05, -10.713183403015137]",연극 + 대중음악
"글자공상, 최노아X계수정 라이브 퍼포먼스",복합,복합,"최노아, 계수정","계수정, 최노아, 정수진 등","(재)한국장애인문화예술원(주최), (재)한국장애인문화예술원(주관)",,,"['최노아', '계수정']","['계수정', '최노아', '정수진']","['최노아', '계수정']","['계수정', '최노아', '정수진']",1244,"['대중음악', '연극']","[-0.9129911065101624, -1.3392597436904907]",대중음악 + 연극
고양 학생 뮤지컬&연극&영화 축제,복합,복합,,,경기도고양교육지원청(주최),,,[],[],[],[],1245,"['대중음악', '연극']","[-6.603976362384856e-05, -10.610566139221191]",대중음악 + 연극
3팀 3색 가을 콘서트 [울진],복합,복합,김태원 등,,"울진군청(주최), 울진군청(주관)",,,['김태원'],[],['김태원'],[],1246,"['대중음악', '연극']","[-0.9305375814437866, -1.3102993965148926]",대중음악 + 연극
배리어프리 뮤직페스티벌,복합,복합,"정혜윤, 김지현, 정한나, 김상진, 김요한, 정미애, 전경호 등",,"지아트컴퍼니(Gartcompany)(주최), 배리어프리운동본부(주관)",,,"['정혜윤', '김지현', '정한나', '김상진', '김요한', '정미애', '전경호']",[],"['정혜윤', '김지현', '정한나', '김상진', '김요한', '정미애', '전경호']",[],1247,"['연극', '대중음악']","[-6.389413465512916e-05, -10.645554542541504]",연극 + 대중음악
제3회 공감플러스,복합,복합,,,,,,[],[],[],[],1248,"['연극', '대중음악']","[-0.00012814177898690104, -9.859638214111328]",연극 + 대중음악
에드바르의 초상수업 [부산],복합,복합,"하현수, 서치환, 서진원, 윤지수, 전서영, 조예림, 김예원 등","독고훈, 정유진, 김아영 등","부산광역시(주최), (재)부산문화회관(주관), Grow4Music with An die Musik(주관)",,,"['하현수', '서치환', '서진원', '윤지수', '전서영', '조예림', '김예원']","['독고훈', '정유진', '김아영']","['하현수', '서치환', '서진원', '윤지수', '전서영', '조예림', '김예원']","['독고훈', '정유진', '김아영']",1249,"['대중음악', '연극']","[-0.9605265259742737, -1.2989341020584106]",대중음악 + 연극
"하슬라국제예술제, 고귀한 두 여신이여 (10.18)",복합,복합,"이명주, 문정재, 조재혁, 김주원, 김현웅",,"강릉아트센터(주최), (사) 하슬라국제예술제(주최), 강릉아트센터(주관), (사) 하슬라국제예술제(주관)",,,"['이명주', '문정재', '조재혁', '김주원', '김현웅']",[],"['이명주', '문정재', '조재혁', '김주원', '김현웅']",[],1250,"['대중음악', '연극']","[-0.9128812551498413, -1.3460063934326172]",대중음악 + 연극
"제1254회 서초금요음악회, 음악정원",복합,복합,,,"서초구청(주최), 서초구청(주관)",,,[],[],[],[],1251,"['대중음악', '연극']","[-0.9388649463653564, -1.3458999395370483]",대중음악 + 연극
"세대공감 어울림 북콘서트, 김상욱 with 궤도 [경산]",복합,복합,"김상욱, 김재혁 등",,"경상북도교육청정보센터(주최), 경상북도교육청정보센터(기획사)",,,"['김상욱', '김재혁']",[],"['김상욱', '김재혁']",[],1252,"['연극', '대중음악']","[-5.018585216021165e-05, -10.993160247802734]",연극 + 대중음악
찰리채플린 시네마 콘서트 [부산],복합,다원/융복합,,,"(재) 부산진문화재단(주최), (재) 부산진문화재단(주관)",,,[],[],[],[],1253,"['대중음악', '연극']","[-0.9453897476196289, -1.3269257545471191]",대중음악 + 연극
"삼척문화예술회관 개관 30주년 기념, 삼척시민과 함께하는 어!울림 콘서트",복합,복합,"안두현, 다니엘 린데만, 조용진, 고훈정, 구교현, 양준모, 최진우, 김산옥",,"삼척시청(주최), 삼척시청(주관), 코코클래식(주관)",,,"['안두현', '다니엘 린데만', '조용진', '고훈정', '구교현', '양준모', '최진우', '김산옥']",[],"['안두현', '다니엘 린데만', '조용진', '고훈정', '구교현', '양준모', '최진우', '김산옥']",[],1254,"['대중음악', '연극']","[-0.9176387190818787, -1.3413277864456177]",대중음악 + 연극
"상상하는 그림동화, 점 [춘천]",복합,다원/융복합,"정재원, 정지인, 신정아","신영우, 박성호, 조은영 등","여우컴퍼니(제작사), 여우컴퍼니(주최), 여우컴퍼니(주관)",박성호,,"['정재원', '정지인', '신정아']","['신영우', '박성호', '조은영']","['정재원', '정지인', '신정아']","['신영우', '박성호', '조은영']",1255,"['대중음악', '연극']","[-0.9187729954719543, -1.3259029388427734]",대중음악 + 연극
가을날의 음악산책 [홍성],복합,복합,"김만규, 이승용, 김현범, 박신유, 이윤석 등",,"홍성군청(주최), 홍성군공공시설관리소(주관)",,,"['김만규', '이승용', '김현범', '박신유', '이윤석']",[],"['김만규', '이승용', '김현범', '박신유', '이윤석']",[],1256,"['대중음악', '연극']","[-0.9223397970199585, -1.3442072868347168]",대중음악 + 연극
내가 농섬보다 외롭다,복합,복합,정다움 등,,문화발전소 열터(주최),,,['정다움'],[],['정다움'],[],1257,"['뮤지컬', '대중음악']","[-5.054346183896996e-05, -10.775980949401855]",뮤지컬 + 대중음악
"트라이보울 예술아카데미: 잘 아는 예술, 노년기 (10.19)",복합,복합,"황보출, 이현송, 김동현, 김형균, 조아라 등",,예술공간 트라이보울(주관),,,"['황보출', '이현송', '김동현', '김형균', '조아라']",[],"['황보출', '이현송', '김동현', '김형균', '조아라']",[],1258,"['대중음악', '연극']","[-0.9224368333816528, -1.2889463901519775]",대중음악 + 연극
난·잡·한 자기소개,복합,다원/융복합,"강우석, 김민준, 김수진, 김창배, 부용구, 여인찬, 오다준 등","김창배, 강우석, 김민준 등","발달장애청년허브사부작사회적협동조합(제작사), 발달장애청년허브사부작사회적협동조합(주최), 발달장애청년허브사부작사회적협동조합(주관)",,,"['강우석', '김민준', '김수진', '김창배', '부용구', '여인찬', '오다준']","['김창배', '강우석', '김민준']","['강우석', '김민준', '김수진', '김창배', '부용구', '여인찬', '오다준']","['김창배', '강우석', '김민준']",1259,"['대중음악', '연극']","[-0.9285990595817566, -1.3048198223114014]",대중음악 + 연극
"강동예술인페스티벌, 강동무용협회",복합,복합,"고은수, 박수빈, 김선희, 장윤정, 조서영, 한보하, 강다인 등","김정록, 김남용, 정석순 등","(사) 한국예총 강동구지회(주최), 강동구립예술단(주최), 강동예술인페스티벌조직위원회(주관)",,,"['고은수', '박수빈', '김선희', '장윤정', '조서영', '한보하', '강다인']","['김정록', '김남용', '정석순']","['고은수', '박수빈', '김선희', '장윤정', '조서영', '한보하', '강다인']","['김정록', '김남용', '정석순']",1260,"['대중음악', '연극']","[-0.9477366805076599, -1.2970865964889526]",대중음악 + 연극
"제24회 SPAF, 모니카 림 & 민디 멩 왕: 망자를 위한 오페라",복합,다원/융복합,"모니카 림, 민디 멩 왕","모니카 림, 민디 멩 왕, 오필리아 황 등","(재)예술경영지원센터(주최), 서울국제공연예술제(SPAF)(주관)",,,"['모니카 림', '민디 멩 왕']","['모니카 림', '민디 멩 왕', '오필리아 황']","['모니카 림', '민디 멩 왕']","['모니카 림', '민디 멩 왕', '오필리아 황']",1261,"['대중음악', '연극']","[-0.9374142289161682, -1.342502474784851]",대중음악 + 연극
한밤의 유U;콘서트: 가을 밤 현의 풍류 (10월),복합,복합,"고보성, 배경완, 황미정, 김보은, 박혜선, 정자경, 김영준 등",,"(재)영화의전당(주최), (주)국제신문(주최), (재)영화의전당(주관), (주)국제신문(주관)",,,"['고보성', '배경완', '황미정', '김보은', '박혜선', '정자경', '김영준']",[],"['고보성', '배경완', '황미정', '김보은', '박혜선', '정자경', '김영준']",[],1262,"['대중음악', '연극']","[-0.9321011900901794, -1.3000519275665283]",대중음악 + 연극
함께하는 순간 [공주],복합,복합,"이지원, 김유나, 김윤상, 김초하, 심영건, 이들림 등","장애령, 하라 히토시","(재) 공주문화관광재단(공주문예회관)(주최), (재) 공주문화관광재단(공주문예회관)(주관)",,,"['이지원', '김유나', '김윤상', '김초하', '심영건', '이들림']","['장애령', '하라 히토시']","['이지원', '김유나', '김윤상', '김초하', '심영건', '이들림']","['장애령', '하라 히토시']",1263,"['연극', '대중음악']","[-7.462222856702283e-05, -10.51339054107666]",연극 + 대중음악
"XR 공연, 도채비 [제주]",복합,다원/융복합,"박준하, 황지연, 장문선, 서의철, 양호성, 오유정, 남성훈","송해인, 양호성, 허준혁 등","(주) 인스피어(주최), (주) 인스피어(주관)",,,"['박준하', '황지연', '장문선', '서의철', '양호성', '오유정', '남성훈']","['송해인', '양호성', '허준혁']","['박준하', '황지연', '장문선', '서의철', '양호성', '오유정', '남성훈']","['송해인', '양호성', '허준혁']",1264,"['연극', '대중음악']","[-8.451581379631534e-05, -10.398301124572754]",연극 + 대중음악
베스트슬립 수면콘서트,복합,복합,"서진원, 권정열, 배진영, 전윤한, 허윤, 최호경, 김하은 등",,"(주)지큐브스페이스(베스트슬립)(주최), 이노베이 주식회사(주관)",,,"['서진원', '권정열', '배진영', '전윤한', '허윤', '최호경', '김하은']",[],"['서진원', '권정열', '배진영', '전윤한', '허윤', '최호경', '김하은']",[],1265,"['대중음악', '연극']","[-0.9457471370697021, -1.3223823308944702]",대중음악 + 연극
무브먼트 코리아 [논산],복합,다원/융복합,"남현준, 박애리 등",,"(재)예술경영지원센터(주최), 논산문화관광재단(주관), 광개토사물놀이예술단(주관)",,,"['남현준', '박애리']",[],"['남현준', '박애리']",[],1266,"['대중음악', '뮤지컬']","[-8.320462075062096e-05, -10.375082015991211]",대중음악 + 뮤지컬
제11회 이데일리 문화대상,복합,복합,,,"(주)이데일리(주최), 곽재선문화재단(주관)",,,[],[],[],[],1267,"['대중음악', '연극']","[-0.9432931542396545, -1.3041532039642334]",대중음악 + 연극
첼로가야금 2.0 콘서트 [울산],복합,복합,"김솔다니엘, 윤다영",,"(재)예술경영지원센터(주최), (재)울주문화재단(주관)",,,"['김솔다니엘', '윤다영']",[],"['김솔다니엘', '윤다영']",[],1268,"['대중음악', '연극']","[-0.9316146373748779, -1.3186960220336914]",대중음악 + 연극
도란도란 이야기보따리 [성남],복합,다원/융복합,,,"한국국학진흥원 아름다운 이야기할머니(주관), 문화체육관광부(주최)",,,[],[],[],[],1269,"['대중음악', '연극']","[-0.9309908747673035, -1.339482307434082]",대중음악 + 연극
"김수인, 이승민 극락 콘서트 [평택]",복합,복합,"김수인, 이승민",,"(재)평택시문화재단(주최), (재)평택시문화재단(주관)",,,"['김수인', '이승민']",[],"['김수인', '이승민']",[],1270,"['대중음악', '연극']","[-0.9379544258117676, -1.3389538526535034]",대중음악 + 연극
"제20회 부산국제합창제, 대상경연 및 시상식",복합,복합,,,"부산광역시(주최), (사)한국합창조직위원회(주관)",,,[],[],[],[],1271,"['대중음악', '연극']","[-0.9156208634376526, -1.3328176736831665]",대중음악 + 연극
"제주해녀 이야기: 섬, 숨, 삶 [제주]",복합,복합,민혜진 등,"고춘식, 김정연","제주아트센터(주최), 프로덕션 和(주관)",,,['민혜진'],"['고춘식', '김정연']",['민혜진'],"['고춘식', '김정연']",1272,"['대중음악', '연극']","[-0.9267425537109375, -1.3205955028533936]",대중음악 + 연극
토크콘서트: Talk into the groove [원주],복합,복합,,,"(재)원주문화재단(주최), 원주시 창의문화도시지원센터(기획사)",,,[],[],[],[],1273,"['연극', '대중음악']","[-5.721882189391181e-05, -10.796195983886719]",연극 + 대중음악
VATERFLY HALLOWEEN COSTUME PARTY,복합,복합,,,"(주) 엔타시아(주최), 크로마 클럽(주관)",,,[],[],[],[],1274,"['대중음악', '연극']","[-0.9288051724433899, -1.314043641090393]",대중음악 + 연극
제2회 이앤아이앙상블 콘서트: 날것. 놀러. OLE! 감정에 자유를 주자 [용인],복합,복합,"박진희, 김도윤, 김혜영, 이유나, 이혜정, 이진경, 설호종",,"이앤아이앙상블 (E&I ensemble)(주최), 이앤아이앙상블 (E&I ensemble)(주관)",,,"['박진희', '김도윤', '김혜영', '이유나', '이혜정', '이진경', '설호종']",[],"['박진희', '김도윤', '김혜영', '이유나', '이혜정', '이진경', '설호종']",[],1275,"['대중음악', '연극']","[-0.9385595917701721, -1.3037843704223633]",대중음악 + 연극
"강동예술인페스티벌, 강동국제장애인문화교류협회",복합,복합,,,"(사) 한국예총 강동구지회(주최), 강동구립예술단(주최), 강동예술인페스티벌조직위원회(주관)",,,[],[],[],[],1276,"['대중음악', '연극']","[-0.9333297610282898, -1.3191545009613037]",대중음악 + 연극
춘향탈출 [광주],복합,복합,"박태영, 문다솜, 신솔찬, 권유현, 안혜지, 안유진, 김태산 등","박태영, 박은비, 문다솜 등","광주광역시(주최), 바오무용단(주관)",,,"['박태영', '문다솜', '신솔찬', '권유현', '안혜지', '안유진', '김태산']","['박태영', '박은비', '문다솜']","['박태영', '문다솜', '신솔찬', '권유현', '안혜지', '안유진', '김태산']","['박태영', '박은비', '문다솜']",1277,"['대중음악', '연극']","[-0.9300295114517212, -1.3113412857055664]",대중음악 + 연극
장사익과 함께하는 이브닝 콘서트: 만추 [용인],복합,복합,"장사익, 조연우, 문채원, 방성호 등",,"(재)용인문화재단(주최), 한국예술문화단체총연합회 용인지회(주관)",,,"['장사익', '조연우', '문채원', '방성호']",[],"['장사익', '조연우', '문채원', '방성호']",[],1278,"['대중음악', '연극']","[-0.9340783357620239, -1.319963812828064]",대중음악 + 연극
Nuvelletoile: En Espana [부평],복합,복합,"민샛별, 강한별, 이영자, 김동욱","민샛별, 강경호, 조성현 등",,,,"['민샛별', '강한별', '이영자', '김동욱']","['민샛별', '강경호', '조성현']","['민샛별', '강한별', '이영자', '김동욱']","['민샛별', '강경호', '조성현']",1279,"['대중음악', '연극']","[-0.941419243812561, -1.3111361265182495]",대중음악 + 연극
제12회 단원구여성합창단 정기연주회,복합,복합,,,안산시 단원구청(주최),,,[],[],[],[],1280,"['대중음악', '연극']","[-0.9382203221321106, -1.3094433546066284]",대중음악 + 연극
어울림문화학교 수강생 발표회 [고양],복합,복합,,,(재)고양문화재단(주최),,,[],[],[],[],1281,"['대중음악', '연극']","[-0.9456653594970703, -1.2863914966583252]",대중음악 + 연극
한양대학교 무용학과 60주년 창작 춤 페스티벌,복합,복합,"이지우, 오아름, 이규빈, 이서진, 구민정, 우이나, 이현석 등","손관중, 문영철, 서연수","한양대학교 무용학과(주최), 한양대학교 예술, 체육대학(주최), 한양대학교 무용학과(주관), 한양대학교 예술, 체육대학(주관)",,,"['이지우', '오아름', '이규빈', '이서진', '구민정', '우이나', '이현석']","['손관중', '문영철', '서연수']","['이지우', '오아름', '이규빈', '이서진', '구민정', '우이나', '이현석']","['손관중', '문영철', '서연수']",1282,"['뮤지컬', '대중음악']","[-5.435795901576057e-05, -10.64774227142334]",뮤지컬 + 대중음악
"2024 제11회 전남학교예술교육페스티벌, 복합",복합,복합,김선민 등,,"전라남도교육청(주최), 전남중등음악사랑연구회(주관)",,,['김선민'],[],['김선민'],[],1283,"['대중음악', '연극']","[-0.9450275897979736, -1.3023945093154907]",대중음악 + 연극
SCAF 서초아트페스티벌,복합,복합,"강드보라, 김윤경, 변혜정, 박혜선, 김태훈, 김진석, 조가람 등",,"SC 엔터테인먼트 협동조합(주최), 케이클래식스테이지(K-CLASSIC STAGE)(주관)",,,"['강드보라', '김윤경', '변혜정', '박혜선', '김태훈', '김진석', '조가람']",[],"['강드보라', '김윤경', '변혜정', '박혜선', '김태훈', '김진석', '조가람']",[],1284,"['연극', '대중음악']","[-6.770858453819528e-05, -10.630390167236328]",연극 + 대중음악
대한민국 동화축제 [포항],복합,복합,,,"경상북도(주최), 포항시청(주최), 경북일보(주관)",,,[],[],[],[],1285,"['대중음악', '연극']","[-0.9418860673904419, -1.3187787532806396]",대중음악 + 연극
이태석 사랑나눔 음악회,복합,복합,"황정민, 권은주, 윤종민, 배일동, 조시온, 김동원, 김영호 등",,"(사) 이태석재단(주최), 이태석리더십아카데미(주관)",,,"['황정민', '권은주', '윤종민', '배일동', '조시온', '김동원', '김영호']",[],"['황정민', '권은주', '윤종민', '배일동', '조시온', '김동원', '김영호']",[],1286,"['연극', '대중음악']","[-6.341733387671411e-05, -10.723790168762207]",연극 + 대중음악
"벗 & 공감, 클라운지콘서트 [대구]",복합,복합,"김주리, 이윤아, 이봉근, 최용호, 서미림, 박효진",,문화공간 라온(주최),,,"['김주리', '이윤아', '이봉근', '최용호', '서미림', '박효진']",[],"['김주리', '이윤아', '이봉근', '최용호', '서미림', '박효진']",[],1287,"['대중음악', '연극']","[-0.9509129524230957, -1.2956191301345825]",대중음악 + 연극
"아트클래스 시리즈Ⅴ, 호퍼: 고독한 뉴요커 [을숙도]",복합,복합,"전원경, 최성근, 최지은, 배주연, 조무종, 김나연, 김지일 등",,"을숙도문화회관(주최), 을숙도문화회관(주관)",,,"['전원경', '최성근', '최지은', '배주연', '조무종', '김나연', '김지일']",[],"['전원경', '최성근', '최지은', '배주연', '조무종', '김나연', '김지일']",[],1288,"['대중음악', '연극']","[-0.9437634348869324, -1.3074564933776855]",대중음악 + 연극
한국문화 큰잔치 (K-Wave Festival),복합,복합,,,"문화체육관광부(주최), 한국국제문화교류진흥원(KOFICE)(주관)",,,[],[],[],[],1289,"['연극', '대중음악']","[-7.807903602952138e-05, -10.43595027923584]",연극 + 대중음악
제4회 마두금 연주회: 마이동풍,복합,복합,"김연준, 염해석, 이은경, 정종수, 설호종",,"한국마두금연주자협회(주최), 한국마두금연주자협회(주관)",,,"['김연준', '염해석', '이은경', '정종수', '설호종']",[],"['김연준', '염해석', '이은경', '정종수', '설호종']",[],1290,"['대중음악', '연극']","[-5.9126061387360096e-05, -10.731348037719727]",대중음악 + 연극
첼로가야금 2.0 콘서트 [용인],복합,복합,윤다영 등,,"(재)예술경영지원센터(주최), 첼로가야금(주관), (재)용인문화재단(주관)",,,['윤다영'],[],['윤다영'],[],1291,"['대중음악', '연극']","[-0.9276852011680603, -1.3348408937454224]",대중음악 + 연극
광주상설공연 (11월),복합,복합,,,"광주광역시(주최), 광주예술의전당 (구. 광주문화예술회관)(주관)",,,[],[],[],[],1292,"['대중음악', '연극']","[-0.9302831292152405, -1.317732810974121]",대중음악 + 연극
"싱잉볼 콘서트, 하늘소리: 소망을 하늘로",복합,복합,"최익진, 한울, 이승훈, 김사라스와띠, 희궁, 다령, 우백 등",,"사라스와띠 큐어힐링협회&치유문화센터(주최), (주) 아트인뱅크(주관)",,,"['최익진', '한울', '이승훈', '김사라스와띠', '희궁', '다령', '우백']",[],"['최익진', '한울', '이승훈', '김사라스와띠', '희궁', '다령', '우백']",[],1293,"['대중음악', '연극']","[-0.9529550671577454, -1.3037470579147339]",대중음악 + 연극
"나화랑, 파랑새 노래하는 청포도 넝쿨 아래로 [김천]",복합,복합,"장지숙, 이수연, 윤건우, 최정산, 고경민, 박진희, 김혜영 등","조명숙, 고재경","문화체육관광부(주최), 경상북도(주최), 지역문화진흥공동체 도시락(도시樂)(주관), 경북문화재단(주관), 지역문화진흥원()",,,"['장지숙', '이수연', '윤건우', '최정산', '고경민', '박진희', '김혜영']","['조명숙', '고재경']","['장지숙', '이수연', '윤건우', '최정산', '고경민', '박진희', '김혜영']","['조명숙', '고재경']",1294,"['대중음악', '연극']","[-0.9313681721687317, -1.3183517456054688]",대중음악 + 연극
제2회 롯데 러브 패밀리 동행 콘서트,복합,복합,,,,,,[],[],[],[],1295,"['대중음악', '연극']","[-0.9305797815322876, -1.339815378189087]",대중음악 + 연극
"공익활동을 위한 기금 마련 콘서트, 당신이 있어 참 좋다!",복합,복합,"정태춘, 박은옥, 박재준 등",박수정,"(사) 관악뿌리재단(주최), (사) 한국축제포럼 관악지부(주최)",,,"['정태춘', '박은옥', '박재준']",['박수정'],"['정태춘', '박은옥', '박재준']",['박수정'],1296,"['대중음악', '연극']","[-0.9389334321022034, -1.3162894248962402]",대중음악 + 연극
"제6회 마포 M국악 페스티벌, 꼬레아 리듬터치 Ⅲ: 첼로가야금 2.0 콘서트",복합,복합,"김솔다니엘, 윤다영",,"(재)마포문화재단(마포아트센터)(주최), (재)예술경영지원센터(주최), (재)마포문화재단(마포아트센터)(주관)",,,"['김솔다니엘', '윤다영']",[],"['김솔다니엘', '윤다영']",[],1297,"['대중음악', '연극']","[-0.9266413450241089, -1.358910322189331]",대중음악 + 연극
Make a Creative 쇼케이스: 데뷔를 대비하라,복합,복합,,"손정원, 김유정, 강지희 등","(주)에이치제이컬쳐(HJ컬쳐)(주최), (주)에이치제이컬쳐(HJ컬쳐)(주관)",,,[],"['손정원', '김유정', '강지희']",[],"['손정원', '김유정', '강지희']",1298,"['대중음악', '연극']","[-0.9550612568855286, -1.2964677810668945]",대중음악 + 연극
"제12회 성미산 동네연극축제, 난.잡.한 자기소개",복합,다원/융복합,"강우석, 김민준, 김수진, 김창배, 부용구, 여인찬, 오다준 등","김창배, 강우석, 김민준 등","성미산문화협동조합(주최), 성미산문화협동조합(주관), 공연예술창작터 수다(기획사), 발달장애청년허브사부작사회적협동조합(제작사), 공연예술창작터 수다(제작사)",,,"['강우석', '김민준', '김수진', '김창배', '부용구', '여인찬', '오다준']","['김창배', '강우석', '김민준']","['강우석', '김민준', '김수진', '김창배', '부용구', '여인찬', '오다준']","['김창배', '강우석', '김민준']",1299,"['대중음악', '연극']","[-0.9560874104499817, -1.2881098985671997]",대중음악 + 연극
"매간당, 그렇게 꿈속에서 죽었다: 3 Rooms",복합,다원/융복합,"유예진, 황재인, 김지연, 구민지, 임희종, 이수아","유예진, 박재식, 이선호 등","스튜디오 매간당(주최), 스튜디오 매간당(주관), 플레인비주얼샵(주관)",,,"['유예진', '황재인', '김지연', '구민지', '임희종', '이수아']","['유예진', '박재식', '이선호']","['유예진', '황재인', '김지연', '구민지', '임희종', '이수아']","['유예진', '박재식', '이선호']",1300,"['연극', '대중음악']","[-7.64102369430475e-05, -10.523850440979004]",연극 + 대중음악
도란도란 이야기 보따리 [전주],복합,다원/융복합,,,"문화체육관광부(주최), 한국국학진흥원 아름다운 이야기할머니(주관)",,,[],[],[],[],1301,"['대중음악', '연극']","[-0.9348097443580627, -1.3204591274261475]",대중음악 + 연극
EXHIBITION: EVENIF,복합,복합,"박준영, 민지선, 박성호",,"evenif ?????????(주최), evenif ?????????(주관)",,,"['박준영', '민지선', '박성호']",[],"['박준영', '민지선', '박성호']",[],1302,"['대중음악', '연극']","[-0.9835876226425171, -1.2990999221801758]",대중음악 + 연극
홍지민과 함께하는 판타스틱쇼 [하남],복합,복합,홍지민,,"(재)하남문화재단(주최), (재)하남문화재단(주관), (재)하남문화재단(기획사)",,,['홍지민'],[],['홍지민'],[],1303,"['대중음악', '연극']","[-0.9321376085281372, -1.3050498962402344]",대중음악 + 연극
"수림 공동기획 시리즈 넛지, 박선주: 도시 산조",복합,다원/융복합,"박선주, 김관지, 김희진, 김윤지 등","박선주, 이예지, 박혜림 등",(재)수림문화재단(기획사),,,"['박선주', '김관지', '김희진', '김윤지']","['박선주', '이예지', '박혜림']","['박선주', '김관지', '김희진', '김윤지']","['박선주', '이예지', '박혜림']",1304,"['대중음악', '연극']","[-0.9267041683197021, -1.3243606090545654]",대중음악 + 연극
"제64주년 2.28민주운동 헌정공연, 얼음 사이 핀 꽃",복합,복합,박정현 등,"황운기, 김인재","2.28민주운동기념사업회(주최), 2.28민주운동기념사업회(주관)",,,['박정현'],"['황운기', '김인재']",['박정현'],"['황운기', '김인재']",1305,"['대중음악', '연극']","[-0.9469296932220459, -1.3088462352752686]",대중음악 + 연극
"장한나의 대전그랜드페스티벌, 첼로가야금 콘서트 [대전]",복합,복합,"김솔다니엘, 윤다영",,"대전예술의전당(주최), TJB 대전방송(주최)",,,"['김솔다니엘', '윤다영']",[],"['김솔다니엘', '윤다영']",[],1306,"['대중음악', '연극']","[-0.9417117834091187, -1.2959866523742676]",대중음악 + 연극
동행 [대구],복합,복합,최예나 등,,"(재)수성문화재단 수성아트피아(주최), (재)수성문화재단 수성아트피아(주관)",,,['최예나'],[],['최예나'],[],1307,"['대중음악', '연극']","[-0.9497837424278259, -1.2965586185455322]",대중음악 + 연극
"더 하우스 콘서트, 해금과 재즈피아노의 만남 [양산]",복합,복합,"천지윤, 허대욱",,"양산시시설관리공단(주최), 쌍벽루아트홀(주관), (재)예술경영지원센터(주최), 더하우스콘서트(주관)",,,"['천지윤', '허대욱']",[],"['천지윤', '허대욱']",[],1308,"['대중음악', '연극']","[-0.9466096758842468, -1.3177294731140137]",대중음악 + 연극
"제21회 유엔참전용사, 영웅을 위한 음악회",복합,복합,"데이비드 이, 정제희, 문양숙 등",,"국가보훈부(주최), (사)호국문화진흥위원회(주최)",,,"['데이비드 이', '정제희', '문양숙']",[],"['데이비드 이', '정제희', '문양숙']",[],1309,"['뮤지컬', '대중음악']","[-4.23184028477408e-05, -11.082618713378906]",뮤지컬 + 대중음악
"제7회 동천정기음악회, Thank you for the music [대구]",복합,복합,,"최은지, 양지안, 김학만 등",대구동천초등학교(주최),,,[],"['최은지', '양지안', '김학만']",[],"['최은지', '양지안', '김학만']",1310,"['연극', '대중음악']","[-8.570780482841656e-05, -10.241385459899902]",연극 + 대중음악
환상덜미 [수원],복합,복합,"남기문, 유상호, 김정주, 전애현, 맹현영, 한상돈, 김필순 등","남기문, 김정주, 남기혁 등","꿈꾸는산대(주관), 수원특례시(주최), (재) 수원문화재단(수원SK아트리움)(주최)",,,"['남기문', '유상호', '김정주', '전애현', '맹현영', '한상돈', '김필순']","['남기문', '김정주', '남기혁']","['남기문', '유상호', '김정주', '전애현', '맹현영', '한상돈', '김필순']","['남기문', '김정주', '남기혁']",1311,"['연극', '대중음악']","[-6.425174069590867e-05, -10.610804557800293]",연극 + 대중음악
나다 뮤직페스티벌 (NADA Art & Music Festival),복합,복합,"권세진, 박찬흠, 박태현, 송주형, 유다혜, 최노아, 최명은 등",,"예술단체 세가지질문(주관), (주)에이치비기획(주최), 페스티벌 나다 (Festival NADA)(주관)",,,"['권세진', '박찬흠', '박태현', '송주형', '유다혜', '최노아', '최명은']",[],"['권세진', '박찬흠', '박태현', '송주형', '유다혜', '최노아', '최명은']",[],1312,"['대중음악', '연극']","[-0.9249129891395569, -1.3276840448379517]",대중음악 + 연극
무등의 산 [광주],복합,다원/융복합,,,"타악그룹 얼쑤(주최), 타악그룹 얼쑤(주관)",,,[],[],[],[],1313,"['대중음악', '연극']","[-0.9418827295303345, -1.273149013519287]",대중음악 + 연극
세이브미프로젝트 (SavemeProject),복합,복합,"서정민, 조가민, 윤예담, 여의주 등","최희은, 장윤서, 서정민 등","세이브로젝트 (SaveProject)(주최), 세이브로젝트 (SaveProject)(주관), 뉴아트플랫폼(구.Y&N팩토리)(기획사)",,,"['서정민', '조가민', '윤예담', '여의주']","['최희은', '장윤서', '서정민']","['서정민', '조가민', '윤예담', '여의주']","['최희은', '장윤서', '서정민']",1314,"['연극', '대중음악']","[-6.592056161025539e-05, -10.716109275817871]",연극 + 대중음악
"발레 & 스트릿, 비트 온 포인트",복합,복합,,,"(재)강북문화재단(주최), 강북구청(주관)",,,[],[],[],[],1315,"['연극', '대중음악']","[-5.6503606174374e-05, -10.786368370056152]",연극 + 대중음악
"자선콘서트, 늦가을 이야기소리 [제주]",복합,복합,김미경 등,,"제주정도 라이온스클럽(주최), (주) 에스올레커뮤니케이션(주관)",,,['김미경'],[],['김미경'],[],1316,"['뮤지컬', '대중음악']","[-4.565611743601039e-05, -10.912707328796387]",뮤지컬 + 대중음악
기원: 더 비기닝,복합,복합,"강태환, 김덕수, 최선배, 이선재, 송준영, 전승훈, 문도연 등",,"게토얼라이브(GhettoAlive)(주최), 게토얼라이브(GhettoAlive)(주관)",,,"['강태환', '김덕수', '최선배', '이선재', '송준영', '전승훈', '문도연']",[],"['강태환', '김덕수', '최선배', '이선재', '송준영', '전승훈', '문도연']",[],1317,"['대중음악', '연극']","[-0.9409465193748474, -1.3044798374176025]",대중음악 + 연극
Show me the 장구 프로젝트 [함안],복합,복합,,,"문화체육관광부(주최), (재)전통공연예술진흥재단(주관), 풍물패청음(주관), (재)전통공연예술진흥재단(주관)",,,[],[],[],[],1318,"['서커스/마술', '대중무용']","[-0.00010644822759786621, -9.953522682189941]",서커스/마술 + 대중무용
재능 혜화 마티네: 한국의 소리와 서양의 소리의 만남,복합,복합,"강효주, 전태원, 박혜온, 윤재영, 공병우, 양귀비, 정이와 등",,"JEI 재능문화(주최), (재) 재능문화 (JEI 재능문화)(주최)",,,"['강효주', '전태원', '박혜온', '윤재영', '공병우', '양귀비', '정이와']",[],"['강효주', '전태원', '박혜온', '윤재영', '공병우', '양귀비', '정이와']",[],1319,"['연극', '대중음악']","[-6.246371776796877e-05, -10.705038070678711]",연극 + 대중음악
발칙한 세여자의 세계음악여행,복합,복합,"진윤희, 하태선, 최이안 등",,부산예술대학교 산학협력단(주최),,,"['진윤희', '하태선', '최이안']",[],"['진윤희', '하태선', '최이안']",[],1320,"['대중음악', '연극']","[-0.9331104159355164, -1.3448657989501953]",대중음악 + 연극
세종메세나 콘서트,복합,복합,"박영주, 노수연, 정국철, 김화정, 박지혜, 김계영, 김민지 등","강동완, 이승기, 신소민 등","세종특별자치시청(주최), (재) 세종시문화관광재단(세종문화예술회관)(주관)",,,"['박영주', '노수연', '정국철', '김화정', '박지혜', '김계영', '김민지']","['강동완', '이승기', '신소민']","['박영주', '노수연', '정국철', '김화정', '박지혜', '김계영', '김민지']","['강동완', '이승기', '신소민']",1321,"['뮤지컬', '대중음악']","[-5.602679812000133e-05, -10.701509475708008]",뮤지컬 + 대중음악
"당진시 인구 17만 달성 기념 축하 공연, 17 to 20",복합,복합,,"김성태, 이범석, 이용석 등","세한대학교 당진캠퍼스(주최), 세한대학교 전통연희학과(주관)",,,[],"['김성태', '이범석', '이용석']",[],"['김성태', '이범석', '이용석']",1322,"['뮤지컬', '연극']","[-5.090107151772827e-05, -10.84868335723877]",뮤지컬 + 연극
스피리또 앙상블과 함께하는 베토벤 Ⅹ 클림트: 운명의 키스,복합,다원/융복합,"김바울, 심근수, 김세환, 김정훈, 최보훈, 박병준, 오승규 등",,"(재)예술경영지원센터(주최), 남양주시청(주관), 스피리또(주관)",,,"['김바울', '심근수', '김세환', '김정훈', '최보훈', '박병준', '오승규']",[],"['김바울', '심근수', '김세환', '김정훈', '최보훈', '박병준', '오승규']",[],1323,"['연극', '대중음악']","[-8.21318244561553e-05, -10.39101791381836]",연극 + 대중음악
"송주원, 바스락 Rustling",복합,다원/융복합,송주원,"송주원, 김보경, 김지연 등",일일댄스 (11DANCE)(주최),,,['송주원'],"['송주원', '김보경', '김지연']",['송주원'],"['송주원', '김보경', '김지연']",1324,"['대중음악', '연극']","[-0.9366607069969177, -1.3095719814300537]",대중음악 + 연극
Struggle,복합,복합,"한지원, 성주현, 강민지, 황서영, 김수지 등","김주빈, 허성임, 류백희 등","코리아댄스어브로드(주최), 코리아댄스어브로드(주관)",,,"['한지원', '성주현', '강민지', '황서영', '김수지']","['김주빈', '허성임', '류백희']","['한지원', '성주현', '강민지', '황서영', '김수지']","['김주빈', '허성임', '류백희']",1325,"['대중음악', '연극']","[-0.964391827583313, -1.2927980422973633]",대중음악 + 연극
비르투오소 인 클래식 [의정부],복합,복합,"조현우, 정석준, 이부영, 김정태, 김진현, 이미정, 유정우 등","김주원, 김동곤","뷰티풀데이(주최), 뷰티풀데이(주관)",,,"['조현우', '정석준', '이부영', '김정태', '김진현', '이미정', '유정우']","['김주원', '김동곤']","['조현우', '정석준', '이부영', '김정태', '김진현', '이미정', '유정우']","['김주원', '김동곤']",1326,"['대중음악', '연극']","[-6.067568756407127e-05, -10.617328643798828]",대중음악 + 연극
발레와 스트리트 댄스의 짜릿한 만남! 비트 온 포인트 [예천],복합,복합,,,"예천군청(주최), (재)예천문화관광재단(주관)",,,[],[],[],[],1327,"['대중음악', '연극']","[-0.9444355368614197, -1.2928673028945923]",대중음악 + 연극
모나드 서울: 무수히 펼쳐지는 각,복합,복합,"정은혜, 송지윤, 이금희, 해미 클레멘세비츠",,중력장(주최),,,"['정은혜', '송지윤', '이금희', '해미 클레멘세비츠']",[],"['정은혜', '송지윤', '이금희', '해미 클레멘세비츠']",[],1328,"['대중음악', '연극']","[-0.9535373449325562, -1.3261334896087646]",대중음악 + 연극
하슬라 사계 [강릉],복합,다원/융복합,"홍유지, 정하선, 송정석, 김민정, 김소리, 이현승, 김다함 등","김화옥, 정하선, 홍유지 등","문화체육관광부(주최), 강원특별자치도청(주최), 강릉아트센터(주최), 강릉아트센터(주관), 한소리전통예술단(제작사)",,,"['홍유지', '정하선', '송정석', '김민정', '김소리', '이현승', '김다함']","['김화옥', '정하선', '홍유지']","['홍유지', '정하선', '송정석', '김민정', '김소리', '이현승', '김다함']","['김화옥', '정하선', '홍유지']",1329,"['대중음악', '연극']","[-0.9304433465003967, -1.3094394207000732]",대중음악 + 연극
설탕요정이 읽어주는 호두까기 인형,복합,복합,"강혜진, 오은철 등","오은철, 김용걸, 김자은 등","(주)아트앤아티스트(주최), (주)아트앤아티스트(주관)",,,"['강혜진', '오은철']","['오은철', '김용걸', '김자은']","['강혜진', '오은철']","['오은철', '김용걸', '김자은']",1330,"['대중음악', '연극']","[-0.9260203242301941, -1.3145456314086914]",대중음악 + 연극
"10년을 날다, 나비",복합,복합,"김준성, 박상욱, 정원종","박정환, 박지호, 유서형 등",,,,"['김준성', '박상욱', '정원종']","['박정환', '박지호', '유서형']","['김준성', '박상욱', '정원종']","['박정환', '박지호', '유서형']",1331,"['대중음악', '연극']","[-0.937317967414856, -1.3309516906738281]",대중음악 + 연극
달서구어르신 예능경연대회,복합,복합,,,"(재)달서문화재단 (웃는얼굴아트센터, 달서아트센터)(주최)",,,[],[],[],[],1332,"['대중음악', '연극']","[-0.9229061007499695, -1.356080412864685]",대중음악 + 연극
1＋1 THE ONE: 필연적조우,복합,복합,"홍석현, 이호찬, 김우연, 차성은, 이평은","안희경, 홍성현, 장성학 등","홍성현아트컴퍼니(주최), 홍성현아트컴퍼니(주관)",,,"['홍석현', '이호찬', '김우연', '차성은', '이평은']","['안희경', '홍성현', '장성학']","['홍석현', '이호찬', '김우연', '차성은', '이평은']","['안희경', '홍성현', '장성학']",1333,"['대중음악', '연극']","[-0.9229562878608704, -1.3277640342712402]",대중음악 + 연극
고3 수험생을 위한 힐링 콘서트 [구리],복합,복합,,,"(재)구리문화재단(구리아트홀)(주최), (재)구리문화재단(구리아트홀)(주관)",,,[],[],[],[],1334,"['대중음악', '연극']","[-0.9542534351348877, -1.2889785766601562]",대중음악 + 연극
얼씨구! 브라보! 좋다! [세종],복합,복합,"권순찬, 지유진 등",,,,,"['권순찬', '지유진']",[],"['권순찬', '지유진']",[],1335,"['대중음악', '연극']","[-0.9447024464607239, -1.3137598037719727]",대중음악 + 연극
"재즈앳에무, Black Forest",복합,복합,"황진아, 현석현 등",,복합문화공간 에무(주최),,,"['황진아', '현석현']",[],"['황진아', '현석현']",[],1336,"['뮤지컬', '대중음악']","[-4.851700214203447e-05, -10.82409381866455]",뮤지컬 + 대중음악
모던 아트 콜렉션 /혼,복합,다원/융복합,"이호준, 정주리, 최영진, 고영철","임재현, 권성화 등","경상북도(주최), 베아토예술인협회(주관), 베아토 예술인 협회(BEATO Artist Association)(주관)",,,"['이호준', '정주리', '최영진', '고영철']","['임재현', '권성화']","['이호준', '정주리', '최영진', '고영철']","['임재현', '권성화']",1337,"['대중음악', '연극']","[-0.9162980914115906, -1.3468092679977417]",대중음악 + 연극
"함께하는 사랑밭 감사콘서트: 사랑의 시간, 온기를 더하다",복합,복합,"백지영, 변진섭, 장상인, 강수경, 임수연, 김원종, 권영훈 등",,"(사)함께하는 사랑밭(주최), (사)함께하는 사랑밭(주관), 루나비스타(주관)",,,"['백지영', '변진섭', '장상인', '강수경', '임수연', '김원종', '권영훈']",[],"['백지영', '변진섭', '장상인', '강수경', '임수연', '김원종', '권영훈']",[],1338,"['대중음악', '연극']","[-0.9401946067810059, -1.3082162141799927]",대중음악 + 연극
"보트피플ver.2, 바다의 아우슈비츠",복합,복합,,"김성원, 정호재, 남희경 등","트래덜반(제작사), (재)행복북구문화재단(주최), 트래덜반(주관), (재)행복북구문화재단(어울아트센터)(주최)",,,[],"['김성원', '정호재', '남희경']",[],"['김성원', '정호재', '남희경']",1339,"['대중음악', '연극']","[-0.9386326670646667, -1.358325719833374]",대중음악 + 연극
프렉티스: 사운드 엔텔레키 Vol.3,복합,다원/융복합,"에마 포흐그, 조엘 라부아, 필리프 반달, 고휘 등",,"Laaf (라프)(주최), PRECTXE(프렉티스)(주관)",,,"['에마 포흐그', '조엘 라부아', '필리프 반달', '고휘']",[],"['에마 포흐그', '조엘 라부아', '필리프 반달', '고휘']",[],1340,"['대중음악', '연극']","[-0.9165453314781189, -1.2913453578948975]",대중음악 + 연극
"ceiling service vol.4, Night on Earth",복합,다원/융복합,,,퍼밋(PERMIT)(주최),,,[],[],[],[],1341,"['대중음악', '연극']","[-7.009260298218578e-05, -10.496405601501465]",대중음악 + 연극
"서른여덟번째 스윙-바이, 윤연준: 틈",복합,복합,"피정훈, 장석진, 이길재, 김지혜, 윤연준",,중력장(주최),,,"['피정훈', '장석진', '이길재', '김지혜', '윤연준']",[],"['피정훈', '장석진', '이길재', '김지혜', '윤연준']",[],1342,"['대중음악', '연극']","[-0.9636268019676208, -1.2695999145507812]",대중음악 + 연극
"앙상블 위로 기획공연, 모던 남사당",복합,복합,"정한결, 박범태, 우미현, 김신, 양영광 등",,"위로앙상블(wiroensemble)(주최), 위로앙상블(wiroensemble)(주관), 현대문화기획(주관)",,,"['정한결', '박범태', '우미현', '김신', '양영광']",[],"['정한결', '박범태', '우미현', '김신', '양영광']",[],1343,"['대중음악', '연극']","[-0.8983872532844543, -1.3557101488113403]",대중음악 + 연극
광주상설공연 (12월),복합,복합,,,"광주광역시(주최), 광주예술의전당 (구. 광주문화예술회관)(주관)",,,[],[],[],[],1344,"['뮤지컬', '대중음악']","[-3.790783375734463e-05, -11.141101837158203]",뮤지컬 + 대중음악
"제60회 예술공감, 앙상블 이도: 새롭게 만난 희로애락의 소리",복합,복합,"최삼중, 장서연, 이예빈, 김병재, 김주원, 유시은, 김동희 등",,"을숙도문화회관(주최), 을숙도문화회관(주관)",,,"['최삼중', '장서연', '이예빈', '김병재', '김주원', '유시은', '김동희']",[],"['최삼중', '장서연', '이예빈', '김병재', '김주원', '유시은', '김동희']",[],1345,"['대중음악', '연극']","[-0.9391126036643982, -1.3387407064437866]",대중음악 + 연극
기업인을 위한 서경 송년음악회,복합,복합,"류성규, 김재민, 정하은, 민영기, 신예영, 이은미 등",,"(주)서울경제신문(주최), SEN(서울경제TV)(주관)",,,"['류성규', '김재민', '정하은', '민영기', '신예영', '이은미']",[],"['류성규', '김재민', '정하은', '민영기', '신예영', '이은미']",[],1346,"['대중음악', '연극']","[-0.9267155528068542, -1.3170006275177002]",대중음악 + 연극
La trace: TRACES DE REVES,복합,다원/융복합,"송지윤, 주정현, 진유영, 한지수, 윤제호, 한재석","송지윤, 한지윤, 이인보 등",모아모아 프로덕션(moamoa production)(주관),,,"['송지윤', '주정현', '진유영', '한지수', '윤제호', '한재석']","['송지윤', '한지윤', '이인보']","['송지윤', '주정현', '진유영', '한지수', '윤제호', '한재석']","['송지윤', '한지윤', '이인보']",1347,"['연극', '대중음악']","[-8.642300235806033e-05, -10.259328842163086]",연극 + 대중음악
"그, 그, 그: 그림자 그리고 그대",복합,다원/융복합,"김동옥, 김동환, 양승주, 배세연, 최정주",양승주 등,"다도스튜디오(주최), 다도스튜디오(주관)",,,"['김동옥', '김동환', '양승주', '배세연', '최정주']",['양승주'],"['김동옥', '김동환', '양승주', '배세연', '최정주']",['양승주'],1348,"['대중음악', '연극']","[-0.9200511574745178, -1.3100335597991943]",대중음악 + 연극
작은겨울아동극축제 [춘천],복합,복합,"최형석, 김지숙, 임나경, 김록헌, 신영우, 신정아, 김성각 등","김병호, 서빈, 이용규 등","여우컴퍼니(주최), 여우컴퍼니(주관), 극단 즐거운사람들(제작사), 꿈동이인형극단(제작사), 북(BooK)극곰 예술여행(제작사), 문화예술교육 더베프(제작사)",,,"['최형석', '김지숙', '임나경', '김록헌', '신영우', '신정아', '김성각']","['김병호', '서빈', '이용규']","['최형석', '김지숙', '임나경', '김록헌', '신영우', '신정아', '김성각']","['김병호', '서빈', '이용규']",1349,"['대중음악', '연극']","[-0.9552733898162842, -1.3053302764892578]",대중음악 + 연극
성남아트센터 후원회 송년음악회,복합,복합,,,(재)성남문화재단(주최),,,[],[],[],[],1350,"['연극', '뮤지컬']","[-7.354942499659956e-05, -10.553878784179688]",연극 + 뮤지컬
"렉처콘서트, 차인표의 여행스케치 [태백]",복합,복합,"차인표, 남준봉, 조병석",,"태백시청(주최), 태백시청(주최)",,,"['차인표', '남준봉', '조병석']",[],"['차인표', '남준봉', '조병석']",[],1351,"['대중음악', '연극']","[-0.9566707611083984, -1.3184959888458252]",대중음악 + 연극
"Anime X Game Festival, 레드 스테이지",복합,복합,"우에사카 스미레, 아카네 리제, 아라하시 타비, 아오쿠모 린, 타나카 미나미, 아카바네 켄지, 카노 요시키 등",,"대원미디어(주)(주최), Sony Music Ent. (소니뮤직엔터테인먼트)(주최), (주) 애니플러스(ANIPLUS)(주최), (주) 디앤씨미디어(D&C media)(주최), AGF 조직위원회(Anime X Game Festival)(주최), 대원콘텐츠라이브(대원미디어(주) )(주최)",,,"['우에사카 스미레', '아카네 리제', '아라하시 타비', '아오쿠모 린', '타나카 미나미', '아카바네 켄지', '카노 요시키']",[],"['우에사카 스미레', '아카네 리제', '아라하시 타비', '아오쿠모 린', '타나카 미나미', '아카바네 켄지', '카노 요시키']",[],1352,"['연극', '대중음악']","[-7.843663479434326e-05, -10.466208457946777]",연극 + 대중음악
에코백 [천안],복합,복합,,,천안어린이꿈누리터(주최),,,[],[],[],[],1353,"['대중음악', '연극']","[-0.9505912065505981, -1.287097454071045]",대중음악 + 연극
스테이지 만남동 [경기 광주],복합,복합,,,"(재)광주시문화재단 [경기광주](주최), (재)광주시문화재단 [경기광주](주관)",,,[],[],[],[],1354,"['연극', '대중음악']","[-6.472854875028133e-05, -10.718388557434082]",연극 + 대중음악
음악과 글쓰기 콘서트: 사이·회상,복합,복합,"강태훈, 고수연, 강서연, 최휘선, 함동우, 심정은, 강찬욱","김상욱, 박진형, 이인보 등",,,,"['강태훈', '고수연', '강서연', '최휘선', '함동우', '심정은', '강찬욱']","['김상욱', '박진형', '이인보']","['강태훈', '고수연', '강서연', '최휘선', '함동우', '심정은', '강찬욱']","['김상욱', '박진형', '이인보']",1355,"['대중음악', '연극']","[-0.9319332242012024, -1.3247888088226318]",대중음악 + 연극
"지후 X 지후트리: 마음의, 그림",복합,복합,"김지후, 박지후",,,,,"['김지후', '박지후']",[],"['김지후', '박지후']",[],1356,"['연극', '대중음악']","[-0.00012265883560758084, -9.770856857299805]",연극 + 대중음악
"Adieu 중구, 힐링의 밤",복합,복합,"박상우, 김연자, 남상일, 윤은화, 고호정 등",,(재)인천중구문화재단(주관),,,"['박상우', '김연자', '남상일', '윤은화', '고호정']",[],"['박상우', '김연자', '남상일', '윤은화', '고호정']",[],1357,"['대중음악', '뮤지컬']","[-7.73638384998776e-05, -10.336140632629395]",대중음악 + 뮤지컬
시흥시 송년음악회,복합,복합,"신주용, 최정원, 김남희, 성주호, 이지민, 김경민 등",,"(사) 한국예총 시흥지회(주최), (사) 한국예총 시흥지회(주관)",,,"['신주용', '최정원', '김남희', '성주호', '이지민', '김경민']",[],"['신주용', '최정원', '김남희', '성주호', '이지민', '김경민']",[],1358,"['연극', '대중음악']","[-7.033100700937212e-05, -10.567511558532715]",연극 + 대중음악
하모니 오브 라이트 [인천],복합,다원/융복합,"박이슬, 전홍진, 이영준, 김진수, 김형호, 김완혁, 최현재 등","남대원, 김영섭, 구슬기 등","인천광역시(주최), 인천광역시 남동구청(주최), 인천문화예술회관(주관), 남동문화재단(주관)",,,"['박이슬', '전홍진', '이영준', '김진수', '김형호', '김완혁', '최현재']","['남대원', '김영섭', '구슬기']","['박이슬', '전홍진', '이영준', '김진수', '김형호', '김완혁', '최현재']","['남대원', '김영섭', '구슬기']",1359,"['대중음악', '연극']","[-0.9681461453437805, -1.2985914945602417]",대중음악 + 연극
공상페스티벌: 함께 꿈을 꾸다,복합,복합,,,"충청남도(주최), (재)충남문화관광재단(주관)",,,[],[],[],[],1360,"['대중음악', '연극']","[-0.9616168737411499, -1.2912940979003906]",대중음악 + 연극
고양시 자원봉사자의날 기념행사,복합,복합,"안현성, 홍은서, 신가비, 허주영, 이혜원, 이미경, 김희석 등",임미경,(사) 고양시자원봉사센터(주최),,,"['안현성', '홍은서', '신가비', '허주영', '이혜원', '이미경', '김희석']",['임미경'],"['안현성', '홍은서', '신가비', '허주영', '이혜원', '이미경', '김희석']",['임미경'],1361,"['대중음악', '연극']","[-0.9316458702087402, -1.3180582523345947]",대중음악 + 연극
"천안교육지원청, 쓰담쓰담 콘서트 [천안]",복합,복합,"이윤주, 이지영 등",,(재)천안문화재단(천안예술전당)(주최),,,"['이윤주', '이지영']",[],"['이윤주', '이지영']",[],1362,"['연극', '서커스/마술']","[-6.687417771900073e-05, -10.616961479187012]",연극 + 서커스/마술
송파 송년음악회,복합,복합,"신동일, 남경주, 정영주 등",,"송파구(주최), 송파문화재단(주관)",,,"['신동일', '남경주', '정영주']",[],"['신동일', '남경주', '정영주']",[],1363,"['연극', '대중음악']","[-7.843663479434326e-05, -10.419124603271484]",연극 + 대중음악
이금희와 함께하는 공감 토크콘서트 [김제],복합,복합,이금희 등,,"김제시(김제시청)(주최), 김제시(김제시청)(주관)",,,['이금희'],[],['이금희'],[],1364,"['연극', '서커스/마술']","[-7.73638384998776e-05, -10.497544288635254]",연극 + 서커스/마술
"부산시립예술단 연합공연, 가마釜 뫼山",복합,복합,"최수정, 장서윤, 한아름, 안세범 등","이청산, 조원행, 김지용 등","(재)부산문화회관(주최), 부산시립예술단(주관), 부산시립예술단(제작사), 부산광역시립예술단(주관), 부산광역시립예술단(제작사), 부산시립예술단(주관), 부산시립예술단(제작사)",,,"['최수정', '장서윤', '한아름', '안세범']","['이청산', '조원행', '김지용']","['최수정', '장서윤', '한아름', '안세범']","['이청산', '조원행', '김지용']",1365,"['연극', '서커스/마술']","[-5.185469490243122e-05, -10.875663757324219]",연극 + 서커스/마술
경북대학교 신년음악회 [대구],복합,복합,"최정원, 조정현, 황원구 등",,경북대학교(주최),,,"['최정원', '조정현', '황원구']",[],"['최정원', '조정현', '황원구']",[],1366,"['연극', '대중음악']","[-7.068861305015162e-05, -10.595172882080078]",연극 + 대중음악
광주상설공연 (1월),복합,복합,,,광주예술의전당 (구. 광주문화예술회관)(주최),,,[],[],[],[],1367,"['대중음악', '뮤지컬']","[-7.617183291586116e-05, -10.396350860595703]",대중음악 + 뮤지컬
꿈의 오케스트라 강릉: 소망과 꿈을 모아서,복합,복합,,,"한국문화예술교육진흥원(주관), 강릉문화원(주관), 강릉아트센터(주관), 문화체육관광부(주최), 강릉시청(주최)",,,[],[],[],[],1368,"['대중음악', '연극']","[-0.9310745596885681, -1.3159334659576416]",대중음악 + 연극
글로벌 인플루언서 엑스포 [고양],복합,복합,"고순호, 김동희, 원보라, 강욱, 김솔, 이석하, 권순혁 등",,"(사) 대한인플루언서협회(주최), 크리에이터링(주)(주최), GIE 조직위원회(주관)",,,"['고순호', '김동희', '원보라', '강욱', '김솔', '이석하', '권순혁']",[],"['고순호', '김동희', '원보라', '강욱', '김솔', '이석하', '권순혁']",[],1369,"['뮤지컬', '대중음악']","[-3.290122185717337e-05, -11.435230255126953]",뮤지컬 + 대중음악
콜드 블러드 [성남],복합,다원/융복합,,,(재)성남문화재단(주최),,,[],[],[],[],1370,"['연극', '대중음악']","[-7.378782902378589e-05, -10.521293640136719]",연극 + 대중음악
세종국악심포니오케스트라 & 김경호의 아리랑목동 [무안],복합,복합,"김경호, 박상우, 신문희, 윤하정, 정초롱, 고호정 등",,"(재)예술경영지원센터(주최), 무안군청(주관), 세종국악심포니오케스트라(세종국악관현악단)(주관)",,,"['김경호', '박상우', '신문희', '윤하정', '정초롱', '고호정']",[],"['김경호', '박상우', '신문희', '윤하정', '정초롱', '고호정']",[],1371,"['연극', '대중음악']","[-7.92710343375802e-05, -10.48236083984375]",연극 + 대중음악
와따가따 가족극장 겨울축제 [서울 노원],복합,복합,"김정규, 박혜선, 하택후, 이동준 등",,"(재)노원문화재단(주최), (재)노원문화재단(주관), (재)노원문화재단(노원문화예술회관)(주관), (재)노원문화재단(노원문화예술회관)(주최)",,,"['김정규', '박혜선', '하택후', '이동준']",[],"['김정규', '박혜선', '하택후', '이동준']",[],1372,"['대중음악', '연극']","[-0.9298604726791382, -1.3161545991897583]",대중음악 + 연극
브라소닛 빅밴드 & 앰비규어스댄스컴퍼니: Body & Voice [서산],복합,다원/융복합,최재문 등,"천인우, 박진원, 김보람 등","서산시청(주최), 서산시문화회관(주관), (주)온아트(제작사)",,,['최재문'],"['천인우', '박진원', '김보람']",['최재문'],"['천인우', '박진원', '김보람']",1373,"['연극', '대중음악']","[-5.280832192511298e-05, -10.883493423461914]",연극 + 대중음악
도란도란 이야기 보따리 [서울],복합,다원/융복합,"송경화, 이숙자, 이영숙, 장송숙, 최홍숙, 허희자, 이심결 등","박성찬, 배미진, 양은숙 등","문화체육관광부(주최), 한국국학진흥원 아름다운 이야기할머니(주관)",,,"['송경화', '이숙자', '이영숙', '장송숙', '최홍숙', '허희자', '이심결']","['박성찬', '배미진', '양은숙']","['송경화', '이숙자', '이영숙', '장송숙', '최홍숙', '허희자', '이심결']","['박성찬', '배미진', '양은숙']",1374,"['연극', '서커스/마술']","[-5.793403761344962e-05, -10.740928649902344]",연극 + 서커스/마술
"김주원의 사색여정 with 반도네오니스트 고상지, 축제",복합,복합,"김주원, 고상지",,"(재)광명문화재단(주최), (재)광명문화재단(주관)",,,"['김주원', '고상지']",[],"['김주원', '고상지']",[],1375,"['대중음악', '뮤지컬']","[-5.2927523938706145e-05, -10.708678245544434]",대중음악 + 뮤지컬
"팀 퍼니스트, 트레인 블루스 Train Blues [광주]",복합,복합,"김희명, 최대성, 임동주, 김한상, 우석훈, 심재성, 신용",,"광주북구문화센터(주관), 광주광역시 북구시설관리공단(주최)",,,"['김희명', '최대성', '임동주', '김한상', '우석훈', '심재성', '신용']",[],"['김희명', '최대성', '임동주', '김한상', '우석훈', '심재성', '신용']",[],1376,"['대중음악', '연극']","[-8.535020606359467e-05, -10.239694595336914]",대중음악 + 연극
누모리 쇼 [논산],복합,복합,,,"(재)예술경영지원센터(주최), 논산문화관광재단(주관)",,,[],[],[],[],1377,"['뮤지컬', '연극']","[-4.23184028477408e-05, -11.033479690551758]",뮤지컬 + 연극
피아니스트 백채영 프로젝트 Vol. 2,복합,복합,"백채영, 박희라, 박기현",백채영,,,,"['백채영', '박희라', '박기현']",['백채영'],"['백채영', '박희라', '박기현']",['백채영'],1378,"['대중음악', '뮤지컬']","[-6.532455881824717e-05, -10.574057579040527]",대중음악 + 뮤지컬
청소년 음악 페스티벌 [고창],복합,복합,,,"고창군(고창군청)(주최), 고창군(고창군청)(주관)",,,[],[],[],[],1379,"['대중음악', '뮤지컬']","[-5.566918844124302e-05, -10.800060272216797]",대중음악 + 뮤지컬
"평택시립국악관현악단, 평택시민과 함께하는 국악성가의 밤",복합,복합,"김경아, 김미경, 김진선, 김혜선, 김효진, 남궁경희, 마은비 등",,"(재)평택시문화재단(주최), (재)평택시문화재단(주관)",,,"['김경아', '김미경', '김진선', '김혜선', '김효진', '남궁경희', '마은비']",[],"['김경아', '김미경', '김진선', '김혜선', '김효진', '남궁경희', '마은비']",[],1380,"['대중음악', '연극']","[-6.627816765103489e-05, -10.581281661987305]",대중음악 + 연극
고창 송년음악회,복합,복합,"장사익, 노동용, 정수민, 박현지, 김지혜, 황미숙, 고나은 등",,"고창군(고창군청)(주최), 고창군(고창군청)(주관)",,,"['장사익', '노동용', '정수민', '박현지', '김지혜', '황미숙', '고나은']",[],"['장사익', '노동용', '정수민', '박현지', '김지혜', '황미숙', '고나은']",[],1381,"['대중음악', '연극']","[-0.9416176080703735, -1.306720495223999]",대중음악 + 연극
송년음악회 [논산],복합,복합,"윤형주, 김순영, 전찬솔, 김봉미 등",,"논산시청(주최), 논산문화관광재단(주관)",,,"['윤형주', '김순영', '전찬솔', '김봉미']",[],"['윤형주', '김순영', '전찬솔', '김봉미']",[],1382,"['대중음악', '연극']","[-0.9228163957595825, -1.3176138401031494]",대중음악 + 연극
"대덕문화전당 패밀리 페스타 Ⅳ, 호두까기 인형 [대구]",복합,다원/융복합,,"김동규, 최지운, 이인혁 등","대덕문화전당(주최), 대덕문화전당(주관), 문화기획 함박우슴(제작사)",,,[],"['김동규', '최지운', '이인혁']",[],"['김동규', '최지운', '이인혁']",1383,"['대중음악', '뮤지컬']","[-7.188061863416806e-05, -10.451247215270996]",대중음악 + 뮤지컬
서울아트랩 연말쌀콘: SAL-Vival,복합,복합,"길기현, 차승현, 박윤수, 박민하, 김민준, 정승준","김서현, 김영상, 최지송 등","서울아트랩(주최), 서울아트랩(기획사)",,,"['길기현', '차승현', '박윤수', '박민하', '김민준', '정승준']","['김서현', '김영상', '최지송']","['길기현', '차승현', '박윤수', '박민하', '김민준', '정승준']","['김서현', '김영상', '최지송']",1384,"['연극', '대중음악']","[-9.798523387871683e-05, -10.145796775817871]",연극 + 대중음악
"나태주 시인과 함께하는 시와 음악: 가장 아름다운 선물, 당신 [공주]",복합,복합,"나태주, 한창훈, 강나영, 전진, 김도연, 김주완, 허정인 등",나태주 등,"(재) 공주문화관광재단(공주문예회관)(주최), (재) 공주문화관광재단(공주문예회관)(주관)",,,"['나태주', '한창훈', '강나영', '전진', '김도연', '김주완', '허정인']",['나태주'],"['나태주', '한창훈', '강나영', '전진', '김도연', '김주완', '허정인']",['나태주'],1385,"['연극', '대중음악']","[-8.296622399939224e-05, -10.380314826965332]",연극 + 대중음악
도란도란 이야기 보따리 [광주],복합,다원/융복합,"송경화, 이숙자, 이영숙, 장송숙, 최홍숙, 허희자, 이심결 등","박성찬, 배미진, 양은숙 등","문화체육관광부(주최), 한국국학진흥원 아름다운 이야기할머니(주관)",,,"['송경화', '이숙자', '이영숙', '장송숙', '최홍숙', '허희자', '이심결']","['박성찬', '배미진', '양은숙']","['송경화', '이숙자', '이영숙', '장송숙', '최홍숙', '허희자', '이심결']","['박성찬', '배미진', '양은숙']",1386,"['대중음악', '뮤지컬']","[-5.6622808187967166e-05, -10.744215965270996]",대중음악 + 뮤지컬
"서린사랑의 작은음악회, The Identity: 너와 나의 정체성",복합,복합,,,,,,[],[],[],[],1387,"['대중음악', '연극']","[-0.9527361392974854, -1.279606819152832]",대중음악 + 연극
알리 with 아듀 Concert [부산],복합,복합,"홍희철, 윤선기, 박지은, 박순기, 문한솔, 김동현 등",,"을숙도문화회관(주최), 부산국악오케스트라(주관)",,,"['홍희철', '윤선기', '박지은', '박순기', '문한솔', '김동현']",[],"['홍희철', '윤선기', '박지은', '박순기', '문한솔', '김동현']",[],1388,"['연극', '대중음악']","[-7.116541382856667e-05, -10.548563957214355]",연극 + 대중음악
조선마술사 [광주],복합,복합,,,"광주광역시 서구(빛고을국악전수관)(주최), 광주광역시 서구(빛고을국악전수관)(주관)",,,[],[],[],[],1389,"['뮤지컬', '대중음악']","[-3.40932747349143e-05, -11.289273262023926]",뮤지컬 + 대중음악
산타와 함께 하는 빛의 나라이야기 [의정부],복합,다원/융복합,,,극단 상상마당컴퍼니(의정부 우리소극장)(주최),,,[],[],[],[],1390,"['대중음악', '연극']","[-0.9137923121452332, -1.327417016029358]",대중음악 + 연극
오셀로: 소리의 심리학,복합,복합,"오현진, 이희성, 서민준, 이정은, 박수연, 이진희, 이대헌 등","박성민, 이지희, 이진희 등","모던팀브레(기획사), 하랑씨어터(제작사)",,,"['오현진', '이희성', '서민준', '이정은', '박수연', '이진희', '이대헌']","['박성민', '이지희', '이진희']","['오현진', '이희성', '서민준', '이정은', '박수연', '이진희', '이대헌']","['박성민', '이지희', '이진희']",1391,"['대중음악', '연극']","[-0.9187513589859009, -1.3678255081176758]",대중음악 + 연극
호두까기 인형 [화성],복합,복합,"이정민, 배선옥, 송은아, 원우연, 최진희, 서희경, 이송 등",,"극단 영(제작사), 화성시청(주최), (재)화성시문화재단(주관)",표트르 일리치 차이콥스키,,"['이정민', '배선옥', '송은아', '원우연', '최진희', '서희경', '이송']",[],"['이정민', '배선옥', '송은아', '원우연', '최진희', '서희경', '이송']",[],1392,"['뮤지컬', '대중음악']","[-4.637133679352701e-05, -10.878377914428711]",뮤지컬 + 대중음악
"크리스마스 이브 송년음악회: 사랑해요, 엄마! 콘서트 [포항]",복합,복합,"추혁진, 송광호, 홍원표, 류지광, 최성, 오장욱, 표나리",,(주) 세이클린(주관),,,"['추혁진', '송광호', '홍원표', '류지광', '최성', '오장욱', '표나리']",[],"['추혁진', '송광호', '홍원표', '류지광', '최성', '오장욱', '표나리']",[],1393,"['뮤지컬', '연극']","[-3.540453326422721e-05, -11.238985061645508]",뮤지컬 + 연극
엘림아트센터 크리스마스 콘서트: MUSIC & MAGIC,복합,복합,지혜준 등,,"엘림아트센터(주최), 엘림아트센터(주관)",,,['지혜준'],[],['지혜준'],[],1394,"['대중음악', '연극']","[-0.9302446246147156, -1.31082284450531]",대중음악 + 연극
안산시 송년음악회 [안산],복합,복합,"윤수현, 김소현, 김필 등",,안산시청(주최),,,"['윤수현', '김소현', '김필']",[],"['윤수현', '김소현', '김필']",[],1395,"['대중음악', '연극']","[-0.9349352717399597, -1.3395788669586182]",대중음악 + 연극
"고등과학원 초학제 독립연구단, 공중매 (空中媒) : 떠오르는",복합,다원/융복합,"김대희, 송은수, 이창재","김제민, 권병준, 권오범 등","고등과학원(KIAS)(주최), 고등과학원 초학제 독립연구단(주관)",,,"['김대희', '송은수', '이창재']","['김제민', '권병준', '권오범']","['김대희', '송은수', '이창재']","['김제민', '권병준', '권오범']",1396,"['대중음악', '연극']","[-0.9130375385284424, -1.3315269947052002]",대중음악 + 연극
"고영열 단독 콘서트, Jazz in 모리: 자진모리",복합,복합,고영열,,"(주)사운드플랫폼(주최), 숲레코드(주관)",,,['고영열'],[],['고영열'],[],1397,"['대중음악', '연극']","[-0.9493497014045715, -1.335733413696289]",대중음악 + 연극
ICI-AVEC: 공명의 컨셉,복합,복합,"조은비, 문경환, 유예슬, 이지수, 조은율, 안창섭, 송혜진 등",최원철,"ICI-AVEC 이씨아베크(주최), ICI-AVEC 이씨아베크(주관), BMM부띠크모나코뮤지엄(주관), 룩스필하모닉오케스트라(주관)",,,"['조은비', '문경환', '유예슬', '이지수', '조은율', '안창섭', '송혜진']",['최원철'],"['조은비', '문경환', '유예슬', '이지수', '조은율', '안창섭', '송혜진']",['최원철'],1398,"['대중음악', '연극']","[-0.9374206066131592, -1.3313759565353394]",대중음악 + 연극
도란도란 이야기 보따리 [제주],복합,다원/융복합,"최정숙, 유정민, 송년순, 김애순, 최홍숙, 허희자, 이심결 등","박성찬, 배미진, 양은숙 등","문화체육관광부(주최), 한국국학진흥원 아름다운 이야기할머니(주관)",,,"['최정숙', '유정민', '송년순', '김애순', '최홍숙', '허희자', '이심결']","['박성찬', '배미진', '양은숙']","['최정숙', '유정민', '송년순', '김애순', '최홍숙', '허희자', '이심결']","['박성찬', '배미진', '양은숙']",1399,"['대중음악', '연극']","[-0.938775360584259, -1.3015360832214355]",대중음악 + 연극
"서울예술단 송년갈라, SPACon",복합,복합,,,"(재)서울예술단(주최), (재)국립극장진흥재단(주최)",,,[],[],[],[],1400,"['연극', '대중음악']","[-5.674201020156033e-05, -10.820540428161621]",연극 + 대중음악
고암 이응노 우리에게 보내는 희망편지 [충남],복합,다원/융복합,"박훈규, 임은유, 윤해경, 임현성, 송연서, 오현범, 장지성 등","김항식, 배예진, 위동희 등","문화체육관광부(주최), 충청남도(주최), 홍성군청(주최), 우리문화전문연희단체 꾼(주관)",,,"['박훈규', '임은유', '윤해경', '임현성', '송연서', '오현범', '장지성']","['김항식', '배예진', '위동희']","['박훈규', '임은유', '윤해경', '임현성', '송연서', '오현범', '장지성']","['김항식', '배예진', '위동희']",1401,"['뮤지컬', '대중음악']","[-5.221230458118953e-05, -10.746451377868652]",뮤지컬 + 대중음악
제3회 부산국제어린이청소년아트페어 개막식,복합,복합,,,"BIKAF(부산국제어린이청소년아트페어)(주최), BIKAF(부산국제어린이청소년아트페어)(주관)",,,[],[],[],[],1402,"['대중음악', '연극']","[-0.9297496676445007, -1.3199917078018188]",대중음악 + 연극
제야음악회 [대전],복합,복합,"정치용, 신영숙, 양준모, 전혜영, 권순찬, 윤부식, 민서아 등",,대전예술의전당(주최),,,"['정치용', '신영숙', '양준모', '전혜영', '권순찬', '윤부식', '민서아']",[],"['정치용', '신영숙', '양준모', '전혜영', '권순찬', '윤부식', '민서아']",[],1403,"['대중음악', '뮤지컬']","[-6.854299135738984e-05, -10.513532638549805]",대중음악 + 뮤지컬
"새해국악연: 청룡, 하늘을 날다",복합,복합,"황수경, 권성택, 이동영, 김세윤 등",,국립국악원(주최),,,"['황수경', '권성택', '이동영', '김세윤']",[],"['황수경', '권성택', '이동영', '김세윤']",[],1404,"['대중음악', '연극']","[-0.9308508038520813, -1.3231775760650635]",대중음악 + 연극
"신년음악회, 뮤지컬 콘서트",복합,복합,"이동호, 신영숙, 이지훈 등",,"제주특별자치도 서귀포시(문화예술과)(주최), 제주특별자치도립 서귀포예술단(주관), 서귀포예술의전당(주관)",,,"['이동호', '신영숙', '이지훈']",[],"['이동호', '신영숙', '이지훈']",[],1405,"['뮤지컬', '대중음악']","[-4.303362584323622e-05, -10.918522834777832]",뮤지컬 + 대중음악
"신년음악회: 새로운 시작, 희망의 노래 [대구]",복합,복합,"장사익, 고성현, 하석배, 김현호 등",,"(재) 대구광역시 동구문화재단(아양아트센터)(주최), (재) 대구광역시 동구문화재단(아양아트센터)(주관)",,,"['장사익', '고성현', '하석배', '김현호']",[],"['장사익', '고성현', '하석배', '김현호']",[],1406,"['대중음악', '뮤지컬']","[-5.590759246842936e-05, -10.696972846984863]",대중음악 + 뮤지컬
"시선: si, Sonne!",복합,복합,"박경주, 황순미, 신원국, 최혁재, 왕명호, 김민욱, 한호진 등","이인보, 손현규, 유주영 등",한국문화예술위원회(주최),"주준영,  정세진",,"['박경주', '황순미', '신원국', '최혁재', '왕명호', '김민욱', '한호진']","['이인보', '손현규', '유주영']","['박경주', '황순미', '신원국', '최혁재', '왕명호', '김민욱', '한호진']","['이인보', '손현규', '유주영']",1407,"['대중음악', '연극']","[-0.942820131778717, -1.3245490789413452]",대중음악 + 연극
한몽예술교류전 [남원],복합,복합,"강볼드 발진냠, 슐루운밧 뭉크에르덴, 수크바타르 투르바트, 엔흐바타르 자르갈마아, 조옥선, 김승정, 안명주",,국립민속국악원(주최),,,"['강볼드 발진냠', '슐루운밧 뭉크에르덴', '수크바타르 투르바트', '엔흐바타르 자르갈마아', '조옥선', '김승정', '안명주']",[],"['강볼드 발진냠', '슐루운밧 뭉크에르덴', '수크바타르 투르바트', '엔흐바타르 자르갈마아', '조옥선', '김승정', '안명주']",[],1408,"['대중음악', '연극']","[-0.9249057173728943, -1.3409582376480103]",대중음악 + 연극
뮤즈하모니 신년음악회: 팝페라 X 국악,복합,복합,"안세라, 안유정, 정하라, 이정제, 최정회, 이기정, 홍영준 등",,"뮤즈하모니(주최), 뮤즈하모니(주관)",,,"['안세라', '안유정', '정하라', '이정제', '최정회', '이기정', '홍영준']",[],"['안세라', '안유정', '정하라', '이정제', '최정회', '이기정', '홍영준']",[],1409,"['대중음악', '연극']","[-0.9486511945724487, -1.2890212535858154]",대중음악 + 연극
K-컬처 페스티벌 [평창],복합,복합,"김일중, 김희재, 박군, 조명섭, 양지은, 홍지윤, 박애리 등",,"강원특별자치도청(주최), 평창군청(주최), 강릉시청(주최), (재)2024강원동계청소년올림픽대회 조직위원회(주최)",,,"['김일중', '김희재', '박군', '조명섭', '양지은', '홍지윤', '박애리']",[],"['김일중', '김희재', '박군', '조명섭', '양지은', '홍지윤', '박애리']",[],1410,"['대중음악', '연극']","[-0.9446146488189697, -1.3032079935073853]",대중음악 + 연극
신년콘서트 [거창],복합,복합,"장사익, 김연자, 나태주, 김도현, 김현호 등",,"(재)거창문화재단(주최), (재)거창문화재단(주관)",,,"['장사익', '김연자', '나태주', '김도현', '김현호']",[],"['장사익', '김연자', '나태주', '김도현', '김현호']",[],1411,"['대중음악', '연극']","[-0.9226201176643372, -1.3386523723602295]",대중음악 + 연극
제3회 SA청소년오케스트라 정기연주회,복합,복합,"김도윤, 정은효, 황영훈, 김형석, 도연제, 정지연, 김지수 등",,"(주)에스에이뮤직 SAmusic(주최), SA청소년오케스트라(주관)",,,"['김도윤', '정은효', '황영훈', '김형석', '도연제', '정지연', '김지수']",[],"['김도윤', '정은효', '황영훈', '김형석', '도연제', '정지연', '김지수']",[],1412,"['대중음악', '연극']","[-0.9190577864646912, -1.3526701927185059]",대중음악 + 연극
"그림 읽어주는 베토벤, THE CONCERT: 그리스 로마 신화",복합,복합,조숙현 등,임용순 등,"대원미디어(주)(주최), 두손클래식엔터테인먼트(주)(주최), 대원미디어(주)(주관), 두손클래식엔터테인먼트(주)(주관), 대원콘텐츠라이브(대원미디어(주) )(주최), 대원콘텐츠라이브(대원미디어(주) )(주관)",,,['조숙현'],['임용순'],['조숙현'],['임용순'],1413,"['대중음악', '연극']","[-0.9580149054527283, -1.3085745573043823]",대중음악 + 연극
K-컬처 페스티벌 [강릉],복합,복합,,,"평창군청(주최), 강릉시청(주최), (재)2024강원동계청소년올림픽대회 조직위원회(주최), 강원특별자치도청(주최)",,,[],[],[],[],1414,"['대중음악', '뮤지컬']","[-6.3774932641536e-05, -10.594259262084961]",대중음악 + 뮤지컬
USW 신년음악회,복합,복합,"우나이 우레초, 김수진, 이지은, 에르완 리샤, 박진아, 윤현임, 이성주 등",김영은,"영음예술기획(주관), 수원대학교 음악대학(주관), 수원대학교 음악대학원(주관), 수원대학교(주최)",,,"['우나이 우레초', '김수진', '이지은', '에르완 리샤', '박진아', '윤현임', '이성주']",['김영은'],"['우나이 우레초', '김수진', '이지은', '에르완 리샤', '박진아', '윤현임', '이성주']",['김영은'],1415,"['연극', '서커스/마술']","[-7.915183232398704e-05, -10.487669944763184]",연극 + 서커스/마술
신년음악회 [보령],복합,복합,"김국환, 이시온, 김솔지, 이진영 등",,"보령시청(주최), 보령시청(주관)",,,"['김국환', '이시온', '김솔지', '이진영']",[],"['김국환', '이시온', '김솔지', '이진영']",[],1416,"['대중음악', '연극']","[-5.674201020156033e-05, -10.721748352050781]",대중음악 + 연극
신년음악회 [태안],복합,복합,"장사익, 송소희 등",,"태안군(주최), (주)스탠바이컴퍼니(주관)",,,"['장사익', '송소희']",[],"['장사익', '송소희']",[],1417,"['연극', '대중음악']","[-8.701899787411094e-05, -10.397239685058594]",연극 + 대중음악
"청소년을 위한 음악과 클래식의 징검다리, 음악에 색을 입히다",복합,복합,"오지연, 유순영, 이지연, 임덕수, 정욱",,"징검다리 프로젝트(주최), 블레씽 피아노(주관)",,,"['오지연', '유순영', '이지연', '임덕수', '정욱']",[],"['오지연', '유순영', '이지연', '임덕수', '정욱']",[],1418,"['대중음악', '연극']","[-0.9713898301124573, -1.260069727897644]",대중음악 + 연극
"그림 읽어주는 베토벤, THE CONCERT [김천]",복합,복합,조숙현 등,임용순 등,"김천시(김천시청)(주최), 김천시립율곡도서관(주관)",,,['조숙현'],['임용순'],['조숙현'],['임용순'],1419,"['대중음악', '연극']","[-0.9487776756286621, -1.3089685440063477]",대중음악 + 연극
김동규와 함께하는 신년 음악회,복합,복합,"김동규, 이윤경, 조윤경, 박진수, 정윤형, 이태은 등",,"(재)울주문화재단(주최), (재)울주문화재단(주관)",,,"['김동규', '이윤경', '조윤경', '박진수', '정윤형', '이태은']",[],"['김동규', '이윤경', '조윤경', '박진수', '정윤형', '이태은']",[],1420,"['연극', '대중음악']","[-5.090107151772827e-05, -10.928109169006348]",연극 + 대중음악
