id,공연명,장르명,세부장르명,출연진내용,제작진내용,기획제작사명,원작자명,극작가명
1,보디가드,뮤지컬,뮤지컬,"김선영, 박기영, 손승연, 해나, 이동건, 강경준, 최현선 등","박소영, 박지훈, 김준태 등",(주)CJ ENM(제작사),,
15015,인어공주 [구미],뮤지컬,뮤지컬,"김우현, 김효경, 김두현, 박동혁, 문지우, 손치현, 박소민","손지현, 김현주, 박신호 등","극단 레미.레오(기획사), 극단 레미.레오(주최)",,
15050,허클베리피: 분신 9,대중음악,대중가요,,,"(주)하이라이트레코즈(주최), (주)하이라이트레코즈(주관)",,
20381,절대 변하지 않는 것들,한국음악(국악),기악,"안은경, 전우석, 김기중, 장경희, 임용주","류형선, 정우연, 최경현 등",,,
20389,난타 [명동],뮤지컬,넌버벌 퍼포먼스,"손석배, 유승수, 황요한, 김문수, 김대호, 조기철, 이한범 등",송승환,(주)피엠씨프러덕션(PMC Production)(제작사),,
23421,헨젤과 그레텔 [강동],뮤지컬,뮤지컬,,,우리인형극단(주최),,
23468,신비아파트 시즌3: 뱀파이어왕의 비밀 [서울(앵콜)],뮤지컬,뮤지컬,,"김영욱, 김철현, 윤성민 등","DS뮤지컬컴퍼니(제작사), (주)CJ ENM(제작사), (주)CJ ENM(주최), DS뮤지컬컴퍼니(주최)",,
34133,듀랑고,연극,연극,"김재건, 이대연, 박상훈, 허진, 최지혜","정승현, 박춘근, 김수희 등",팀돌(TEAM 돌)(제작사),줄리아 조,
34230,인어공주 [경주],뮤지컬,뮤지컬,,,극단 해미소(주최),,
34457,달콤한 의뢰인 [대구],연극,연극,,,"하모니아아트홀(주관), 하모니아아트홀(주최)",,
34472,스위니토드,뮤지컬,뮤지컬,"조승우, 홍광호, 박은태, 김지현, 린아, 김도형, 서영주 등","신춘수, 권도경, 마선영 등","(주)오디컴퍼니(ODCOMPANY)(제작사), 롯데엔터테인먼트(제작사), TBC(제작사), TJB 대전방송(제작사), 오픈리뷰(주)(주관), SBS(주최), (주)창작컴퍼니다(주관)",,
58435,은하계 제국에서 랑데부,연극,연극,"조수연, 홍선우, 전호현, 허윤경","정성경, 전강희, 김승환 등",스페이스몽키(제작사),공동창작,
58511,신데렐라 [구미],뮤지컬,뮤지컬,,,"명작극장(기획사), 명작극장(주최)",,
59274,팡팡공룡버블쇼 [부산],뮤지컬,뮤지컬,,,"주니엔터테인먼트(주최), 주니엔터테인먼트(주관)",,
59390,그로기,뮤지컬,뮤지컬,"김범수, 최호윤, 김효영, 정호준, 이대희, 신새봄, 김수희","박정우, 이재철, 진성환 등","아트레볼루션(주최), 해운대문화회관(주최), 해운대문화회관(주관)",,
59395,아버지들,연극,연극,"강해진, 김소영, 김시영, 김태우, 남문철, 양주영, 유원준 등","김수희, 조경훈, 박선교 등",극단 미인(제작사),김수희,
59430,트롯줌마,연극,연극,,,"공연제작 엑터스토리(주최), 공연제작 엑터스토리(주관)",,
59445,은규,연극,연극,,,"(주) 위너스아트컴퍼니(기획사), (주) 위너스아트컴퍼니(주최)",,
59551,"김장훈 소극장 100회 콘서트 시즌 5, 더 클래식 2",대중음악,대중가요,김장훈,,"(주)에프엑스솔루션(주최), (주)에프엑스솔루션(주관)",,
59871,신데렐라 [영등포],뮤지컬,뮤지컬,"윤정욱, 임정수, 이선, 배예림, 이령, 이지은",방혜정,"극단 서하(제작사), 극단 서하(기획사)",,
59971,"아람누리 신년음악회, 선우예권 피아노 리사이틀",서양음악(클래식),기악,"선우예권, 임주희, 최형록",,(재)고양문화재단(제작사),,
60593,제2회 리즈주니어챔버 정기연주회,서양음악(클래식),기악,,,리즈주니어챔버(주최),,
60783,Happy New TOWMOO Concert,서양음악(클래식),기악,,,"또모(주최), 또모(주관)",,
61512,피터래빗 [부천],뮤지컬,뮤지컬,,,"문화기획이유(제작사), (재)부천문화재단(주최), (재)부천문화재단(주관)",,
62027,핑크퐁과 아기상어의 바다대모험 [마포],뮤지컬,뮤지컬,"신상민, 박소은, 조수빈, 박지혜, 이종환, 김광섭, 전하영 등","양길모, 최정은, 박세아 등","(주)유진엠플러스(제작사), (주)유진엠플러스(주관), (주)스마트스터디(주관), (주)MPLUS(엠플러스)(주최), (주)다다엔터테인먼트(주최)",,
67837,코코몽 친구들의 겨울모험 [구리],뮤지컬,뮤지컬,,,롯데백화점 [구리](주최),,
68090,하얀이와 충치마왕 [구리],뮤지컬,뮤지컬,,,롯데백화점 [구리](주최),,
68147,세례요한,뮤지컬,뮤지컬,"김솔로몬, 이수함, 이나영, 박예소, 이동국","서은영, 박예소, 김은지 등",조이피플(주관),,
68175,미스터쇼 (Mr.SHOW),뮤지컬,뮤지컬,"문요현, 민정기, 노진욱, 김사홍, 정윤호, 이희중, 김동희 등",,"(주)포킥스엔터테인먼트(제작사), (주)포킥스엔터테인먼트(주최), (주)포킥스엔터테인먼트(주관)",,
73207,알사탕,뮤지컬,뮤지컬,안진영 등,,"할리퀸크리에이션즈(주)(제작사), 할리퀸크리에이션즈(주)(주최)",,
75764,키움 콘서트,서양음악(클래식),기악,,,유니온 청소년 오케스트라(주최),,
75772,AFTERSHOCK,대중음악,기타,,,벙커스튜디오댄스학원(주최),,
76136,알사탕 [고양],뮤지컬,뮤지컬,,"백희나, 전수양, 장희선 등","할리퀸크리에이션즈(주)(제작사), (재)고양문화재단(주관), (주)씽크브릿지(주관), (재)고양문화재단(주최), (주)씽크브릿지(주최)",,
76703,대전시민천문대어린이합창단과 함께하는 희망콘서트,서양음악(클래식),성악,"이미현, 김동규, 이은경, 김응수 등",,유진예술기획(주관),,
76968,은여인 교수 퇴임 음악회,서양음악(클래식),기악,은여인,,유진예술기획(주관),,
76976,이민아의 춤,무용(서양/한국무용),한국무용,이민아,,"이민아무용단(주최), 이민아무용단(주관)",,
78408,인천뉴필하모닉 오케스트라 연주회,서양음악(클래식),기악,"이종관, 송근혁, 최선미, 알렉스 등",,인천학생교육문화회관(주최),,
79453,헤드윅 [춘천],뮤지컬,뮤지컬,"오만석, 전동석, 유리아, 최기호, 조삼희, 이한주, 최기웅 등","김영욱, 임양혁, 송한샘 등","(주)쇼노트(제작사), (재)춘천문화재단(주최), (주)쇼노트(기획사)",,
81081,사춘기메들리,연극,연극,"김윤, 홍리나, 공소영, 유의봉, 윤형석, 최호민, 나도현 등",,"마스터프로덕션(제작사), 마루프로덕션(제작사), 마루프로덕션(기획사), 마루프로덕션(주최)",곽인근,박상준(각색)
81156,연애하기 좋은 날,연극,연극,"박도경, 정민제, 이유경, 김윤후, 석민주, 김부연, 전대현 등",,"(주)팀플레이예술기획(제작사), (주)팀플레이예술기획(기획사)",박상준,
81496,경자년 새해맞이 굿잔치: 굿(Good)이로구나!,한국음악(국악),연희,홍태한 등,,국립부산국악원(주최),,
81707,판타스틱 스노우맨 [강동],뮤지컬,뮤지컬,,,(주)수이앤엠(주관),,
86091,평택시민과 함께 하는 정태춘 박은옥 신년음악회,대중음악,대중가요,"정태춘, 박은옥 등",,"평택시청(주최), 문화예술기획봄(주관)",,
87470,귀환 [부산],뮤지컬,뮤지컬,"이진기, 김민석, 이정열, 김순택, 이재균, 차학연, 이지숙 등","장우재, 정경진, 이희준 등","(주)인사이트엔터테인먼트(제작사), 육군본부(주최), 육군본부(주관), (주)컬쳐박스(주최), (주)컬쳐박스(주관)",,
93519,강이채 비밀의 방 IV,대중음악,대중가요,강이채,,(주)프라이빗커브(주최),,
93884,옥탑방 고양이 [대학로],연극,연극,"김혜라, 김정문, 한채빈, 이진실, 김수현, 김태인, 김채율 등",,"(주)레드앤블루(구. 악어컴퍼니)(주관), (주)레드앤블루(구. 악어컴퍼니)(주최)",김유리,박은혜(각색)
104204,비비빅쇼,대중음악,대중가요,"호란, 박근홍, 조은주, 송지아, 윤세나 등",,한국블루스소사이어티(주최),,
104208,1미터 마술공연 [강남],서커스/마술,서커스/마술,"강성경, 도기문, 정창교, 최효원",,"문팩토리매직(제작사), 티수(주최), 티수(기획사)",,
104257,정글헌터어드벤처! 백설공주 [성남],뮤지컬,뮤지컬,,,"(주)한울엔터테인먼트(주관), 주주메카(주최)",,
105978,맘마미아 [성남],뮤지컬,뮤지컬,"최정원, 신영숙, 루나, 이수빈, 홍지민, 김영주, 박준면 등",,"(주)에스플레이프로젝트(주관), (주)에스플레이프로젝트(주최), (주)공연마루(주최)",,
116185,제169회 성남시립교향악단 정기연주회,서양음악(클래식),기악,"금난새, 최아현, 윤상아, 허영훈 등",금난새,"성남시립교향악단(주관), 성남시청(주최)",,
117877,환상동화,연극,연극,"강하늘, 송광일, 기세중, 장지후, 원종환, 육현욱, 박규원 등","김동연, 이재원, 송희진 등","극단 시인과무사(제작사), (주)스토리피(제작사), (주)CJ ENM(제작사), 극단 시인과무사(주최), (주)스토리피(주최)",김동연,
121827,산타와 월드스타 뽀로로,뮤지컬,뮤지컬,,"김종해, 김선호, 강노아 등","(주)이에스생활문화 (ES생활문화)(제작사), (주)이에스생활문화 (ES생활문화)(주관), (주)KBSN(케이비에스앤)(주최)",,
125057,렛잇고 [양주],뮤지컬,뮤지컬,"송주리, 서가영 등",,"극단 예일(주최), 극단 예일(주관)",,
125628,썬앤문,한국음악(국악),기악,"박나현, 서은미, 조누리, 엄희정, 김한송이, 김하연, 윤지우 등",박칼린,(주)키위미디어그룹(제작사),,
127589,이승환 30주년 콘서트: 무적전설 [천안],대중음악,대중가요,이승환,,"(주)하늘이엔티(주최), (주)하늘이엔티(주관), (주)드림팩토리클럽(주관)",,
129328,사과가 쿵! [부산],뮤지컬,뮤지컬,,,"극단 복주머니(제작사), 극단 바위처럼(주최), 동그라미 그리기(주관)",,
130595,루나틱,뮤지컬,뮤지컬,"최예윤, 허윤혜, 손예슬, 박웅, 강동석, 이정연, 이민재 등","대학로도깨비, 황선영, 권오섭 등","(주)리히더스(제작사), (주)리히더스(주최)",,
131209,고스트,연극,연극,"안태영, 석현, 김대영, 박소영, 허윤, 오수혜, 박수야, 문새암 등",,"(주)플레이팩토리(주최), (주)아신아트컴퍼니(주최)",,
131290,오마이갓,연극,연극,"윤계열, 임종철, 박건엽, 피설아, 배설하, 최솔, 박태환 등",,"설앤수컴퍼니(주최), 설앤수컴퍼니(주관)",,
131325,너의 목소리가 들려,연극,연극,"추세민, 설재환, 이리안, 피설아, 윤계열, 박건엽, 배설하 등",,설앤수컴퍼니(주최),,
131477,크리미널,연극,연극,"김현진, 전지온, 안율, 이희원, 정세영, 서채원, 허유나 등",김현진 등,극단 쉼터(제작사),김현진,
131518,겁쟁이 빌리 [강북],뮤지컬,뮤지컬,,,"피터폴앤메리(주최), 피터폴앤메리(주관), 이지기획(주최), 이지기획(주관)",,
132539,시간을 파는 상점,연극,연극,"정해빈, 신서진, 김보람, 신희진, 이세형, 이시운, 류권하 등","김선영, 정진국, 김진아","파랑컴퍼니(주최), 파랑컴퍼니(주관)",김선영,김진아(각색)
132731,내일은 내일에게,연극,연극,"김보람, 신희진, 신서진, 백지연, 조은진, 김소민, 소유경 등","김지은, 정진국, 홍연우","파랑컴퍼니(주최), 파랑씨어터(주관), 파랑컴퍼니(주관)",김선영,
132761,그남자 그여자,연극,연극,"고우서, 이수영, 한아름, 한지희, 김범수, 이윤선, 신지철 등",,"파랑컴퍼니(주최), 파랑컴퍼니(주관)",,
133269,캐빈 엘리쇼 [서울(앵콜)],뮤지컬,뮤지컬,,,"(주)캐리소프트(캐리TV)(제작사), (주)캐리소프트(캐리TV)(주관), (주)캐리소프트(캐리TV)(주최)",,
134972,영웅본색,뮤지컬,뮤지컬,"유준상, 임태경, 민우혁, 한지상, 박영수, 이장우, 최대철 등","왕용범, 이성준, 문성우 등",(주)빅픽쳐프로덕션(제작사),,
140205,스토리 오브 마이 라이프,뮤지컬,뮤지컬,"고영빈, 강필석, 김다현, 송원근, 조성윤, 이석준, 정동화 등","신춘수, 정승호, 나한수 등","(주)오디컴퍼니(ODCOMPANY)(제작사), 롯데엔터테인먼트(제작사), TBC(제작사), 오픈리뷰(주)(주관)",,
147460,MINI LIVE MAGAZINE HO VOL.3,대중음악,대중가요,진호,,"(주)큐브엔터테인먼트(주최), (주)큐브엔터테인먼트(주관)",,
148108,제773회 전라남도립국악단 토요공연: 남도풍류,한국음악(국악),혼합,,,(재)전라남도문화관광재단(도립국악단)(주관),,
148177,TINGLE 팅글,무용(서양/한국무용),현대무용,"권리사, 김윤미, 김지수, 김재현, 김초희, 박기은, 박기훈 등",전성민,물음표무용단(주최),,
148199,러브액츄얼리 [창원],연극,연극,"정성민, 백재경, 신희진",,(주)예술공장(주최),,
148296,"롤링 25주년 기념 공연 vol.3, 볼빨간사춘기 콘서트",대중음악,대중가요,,,"롤링홀(주최), 롤링홀(주관)",,
149164,"롤링 25주년 기념 공연 vol.4,  GROOVL1N concert",대중음악,대중가요,"라비, 콜드베이, 시도 등",,"롤링홀(주최), 롤링홀(주관)",,
149911,아기돼지 삼형제 [대구],뮤지컬,뮤지컬,,,"(주)교문(주관), (주)대구백화점 대백프라자(주최)",,
150585,방귀쟁이 며느리 [대구],연극,인형극,,,"(주)교문(주관), (주)대구백화점 대백프라자(주최)",,
150745,쉬어매드니스 [대학로],연극,연극,"임정균, 강태우, 문선화, 김민서, 김락현, 이제성, 김해율 등",서성종 등,"(주)콘텐츠플래닝(제작사), (주)콘텐츠플래닝(주관), (주)콘텐츠플래닝(주최)",P. 포트너,
152171,김종욱 찾기,뮤지컬,뮤지컬,"정승환, 정재환, 김도현, 조연화, 김유진, 김진우, 문준혁 등","황두수, 장유정, 김혜성 등","(주)CJ ENM(제작사), (주)네오프로덕션(주관), (주)네오프로덕션(제작사)",,
154123,그리스,뮤지컬,뮤지컬,"서경수, 김태오, 정대현, 양서윤, 한재아, 박광선, 임정모 등","신춘수, 김정한, 신선호 등","(주)오디컴퍼니(ODCOMPANY)(제작사), 오픈리뷰(주)(주관), SBS(주최)",,
169857,"체홉, 여자를 읽다.",연극,연극,"고명환, 신정만, 장희재, 임진유, 이호준, 서은교, 박종찬 등",,"(주)씨어터오(제작사), 바라이엔티(주최), 바라이엔티(주관)",안톤 체호프,
169906,우리들의 사랑,뮤지컬,뮤지컬,"김미진, 홍경아, 박시원, 지혜련, 김소년, 허영택, 이민재 등","이금구, 황두수, 김성일 등","엘피 스토리(제작사), 엘피 스토리(기획사)",,
170656,베이비버스,뮤지컬,뮤지컬,,,"EBS미디어(주)(제작사), 에이치제이컬쳐(주)(제작사), EBS미디어(주)(주관), (주)에이치제이컬쳐(HJ컬쳐)(주관), (주)에이치제이컬쳐(HJ컬쳐)(제작사)",,
177568,지저스,뮤지컬,뮤지컬,"문장원, 지원선, 김현국, 이동희, 간미연, 윤미소, 안소현 등","손남목, 엄다해, 채현원 등","원패스엔터테인먼트(제작사), 원패스엔터테인먼트(주최)",,
177848,달동네 [부산],연극,연극,,,"극단 바라(제작사), 극단 바라(주최)",,
177937,원더의 공룡대모험 [부산],서커스/마술,서커스/마술,,,"원더매직(제작사), 원더매직(주관), (재)부산문화회관(주최)",,
178856,오케스트라와 함께하는 소프라노 김방술 초청독창회,서양음악(클래식),성악,"김방술, 윤상운, 김충희 등",,부산문화(주최),,
178861,돼지책 [을숙도],뮤지컬,뮤지컬,,,"극단 가람(가람뮤지컬)(제작사), 교육극단 파랑새(주관)",,
179423,뷰티풀라이프 [대구],연극,연극,"조준, 김진호, 김원진, 유태건, 이미정, 김사희, 김가현 등",,"(주)비컨크리에이티브(기획사), (주)비컨크리에이티브(주최)",,
180128,치르치르의 파랑새를 찾아서,뮤지컬,뮤지컬,,,"극단 선물(제작사), (주)리히더스(기획사)",,
180195,스크루지의 세 가지 선물,뮤지컬,뮤지컬,,,"콘텐츠79(제작사), 콘텐츠79(주관), 콘텐츠79(주최)",,
180307,허각 콘서트: 공연각 [부산],대중음악,대중가요,허각,,"(주)플레이엠엔터테인먼트(제작사), (주)카카오엔터테인먼트 (구. 카카오엠)(제작사), (주)플레이엠엔터테인먼트(기획사), (주)카카오엔터테인먼트 (구. 카카오엠)(기획사), (주)월드쇼마켓(주최)",,
181792,치링치링 시크릿 쥬쥬 시즌2: 별의 여신 [수원],뮤지컬,뮤지컬,,"김철현, 윤성민, 정윤지 등","DS뮤지컬컴퍼니(제작사), 영실업(제작사), 빅탑엔터테인먼트(주최), (주)하늘이엔티(주최)",,
187735,집짓는 아기돼지삼형제 [의정부],뮤지컬,뮤지컬,,,의정부 우리소극장(제작사),,
187886,"김수로 Curated 15, 까사 발렌티나",연극,연극,"김정환, 엄담희, 윤대성, 성근창, 김원중, 전우태, 김준호 등",,"파운데이션(주관), 현대카드(주최)",하비 피어스타인,
189044,"쉽게 보는 셰익스피어 시리즈, 템페스트",뮤지컬,뮤지컬,"김신기, 최나라, 이지연, 오재성, 김주희, 김수지, 이강민 등","김광보, 오세혁, 신재훈 등","서울시극단(주관), (재)세종문화회관(주최)",,
191051,환러춘제 한중우호음악회,서양음악(클래식),성악,"하성호, 이세영, 윤승환, 황태경, 이상규, 이규철, 오유석 등",,"(주)아주뉴스코퍼레이션(주최), (사)서울팝스오케스트라(주관)",,
194279,두산 신년음악회,서양음악(클래식),기악,,,,,
197271,제4회 앙상블 뷰티풀 랑데부 정기연주회,서양음악(클래식),기악,"문주영, 김영준, 엄광용, 임재성, 황효진, 김가람, 최인혁 등",,"앙상블 뷰티풀 랑데부(주최), World Culture Networks (WCN)(주관)",,
197749,해설이 있는 청소년 음악회 감탄사 시리즈 1,서양음악(클래식),기악,"김수연, 이항석, 최완규, 김지혜, 유재우, 김재일, 윤아르나",,영음예술기획(주최),,
198254,김태용 귀국 피아노 독주회,서양음악(클래식),기악,김태용,,이든예술기획(주최),,
198657,박혜윤 피아노 독주회,서양음악(클래식),기악,박혜윤,,"음악교육신문(주최), 음악교육신문사(주최)",,
199005,피어리스: 더 하이스쿨 맥베스,연극,연극,"오남영, 부진서, 변승록, 정대용, 김신록","이오진, 심지후, 전서아 등","호랑이기운(제작사), 플레이포라이프(Play for Life)(기획사)",박지해,
199440,TIMF 신년음악회 [통영],서양음악(클래식),기악,,,"(재)통영국제음악재단(주최), (재)통영국제음악재단(주관)",,
201465,빈 소년 합창단 [오산],서양음악(클래식),성악,마놀로 까닌 등,,(재)오산문화재단(주최),,
202593,누가 내머리에 똥 쌌어? [대전],뮤지컬,뮤지컬,,,"아이에이치컬쳐(IH Culture)(주관), 아이에이치컬쳐(IH Culture)(주최)",,
203271,미녀와 야수 [대전],뮤지컬,뮤지컬,,,극단 나눔(제작사),,
203982,신데렐라 [부산],뮤지컬,뮤지컬,"한수정, 최강열, 김예진, 최지인, 강대웅, 정수현, 오가빈 등","한수정, 김현주, 박지호 등","극단 레미.레오(기획사), 극단 레미.레오(주최)",,
204024,장화 신은 고양이 비긴즈,뮤지컬,뮤지컬,"진한빛, 이진우, 이우진, 이상민, 오유민, 김태문, 김도원 등",,"(주)에이치제이컬쳐(HJ컬쳐)(주최), (재)국립박물관문화재단(주최)",,
212287,행오버: 게임의 시작,연극,연극,"박상후, 김세동, 원표, 이두연, 안재혁, 고동균, 이현아 등",정구진,(주)엠컬쳐컴퍼니(제작사),정구진,
214152,한뼘사이 [광주],연극,연극,"차수영, 이채유, 유예린, 최상배, 임창섭, 범길, 김상아 등",,"(주)금호고속(기획사), (주)금호고속(주최)",,
214481,죽여주는 이야기,연극,연극,"이봉근, 유혜성, 조시연, 김미진, 박상현, 김준형, 노진욱 등",,"(주)삼형제엔터테인먼트(주최), (주)삼형제엔터테인먼트(기획사), CREATIVE 틈(극단 틈)(제작사)",이훈국,
214585,구름빵2,뮤지컬,뮤지컬,,,(주)문화아이콘(제작사),,
214812,사랑은 비를 타고,뮤지컬,뮤지컬,"홍경수, 이영호. 김성수, 박세웅, 박준후, 김지휘, 김주왕 등","정유란, 오은희, 최귀섭 등",(주)문화아이콘(제작사),,
215677,럭키,연극,연극,"임기정, 박수빈, 홍기준, 나영아, 신지철, 김유나, 최병철 등",,(주)팀플레이예술기획(제작사),,
215806,6시 퇴근 [대학로],뮤지컬,뮤지컬,"고유진, 박한근, 이주광, 최호승, 박웅, 유환웅, 김다흰 등","유환웅, 박원공, 이윤나 등","고스트 컴퍼니(제작사), 고스트 컴퍼니(주최)",,
217723,뷰티풀라이프,연극,연극,"조준, 김원진, 김진호, 정경식, 김가현, 김사희, 권순미 등","김승민, 허영웅","(주)지안컴퍼니(구. (주)집컴퍼니)(주최), (주)지안컴퍼니(구. (주)집컴퍼니)(주관), (주)지안컴퍼니(구. (주)집컴퍼니)(기획사)",김원진,
219268,발칙한 로맨스,연극,연극,"허성민, 서신우, 김정운, 박준후, 임샛별, 오미란, 김사희 등","김민교, 김승민, 허영웅 등",(주)지안컴퍼니(구. (주)집컴퍼니)(제작사),김민교,
220488,당신만이,뮤지컬,뮤지컬,"장인혁, 박민승, 박준성, 조영임, 최소영, 홍가경, 최성애 등",,"(주)도모컴퍼니(제작사), 극단 오늘(제작사), (주)도모컴퍼니(주관)",,
220536,브레멘 음악대 [제주],뮤지컬,뮤지컬,"류희, 송현지, 전송이, 부경보, 강기영 등",이광호,"아이짬컴퍼니(기획사), 아이짬컴퍼니(주최)",,
221529,뚜껑없는 열차 [순천],연극,연극,"유숙주, 서동운, 전소영, 박성은, 손유민, 송은비, 남희정 등","임우현, 이학재, 노진호","극단 깡통(기획사), 버프리 아트플랫폼(주최)",김원진,임우현(각색)
221537,아이다,뮤지컬,뮤지컬,"윤공주, 전나영, 김우형, 최재림, 정선아, 아이비, 박송권 등","이지영, 오민영, 문병권 등","(주)신시컴퍼니(주최), SBS(주최)",,
245801,OurR 첫 번째 단독 콘서트: I I I,대중음악,대중가요,,,"퍼레이드(주관), Faction A Like(주관)",,
246043,신데렐라 [광주],뮤지컬,뮤지컬,"안자영, 강수창, 김효선, 김진영, 유태강, 서석진, 감수정 등","강수창, 김현주, 박지호 등","극단 레미.레오(기획사), 극단 레미.레오(주최)",,
246051,ENOi 1st MINI ALBUM Red in the Apple COMEBACK SHOWCASE,대중음악,대중가요,,,"키더웨일엔터테인먼트(주최), 키더웨일엔터테인먼트(주관)",,
246489,아기돼지 삼형제 외 1편 [인천],뮤지컬,뮤지컬,,"현주은, 채희준","극단 무지개(주최), 극단 무지개(주관)",,
246587,헬로카봇 시즌5: 별똥별을 지켜라,뮤지컬,뮤지컬,,,"(주)하쿠나마타타(주관), (주)초이락컨텐츠팩토리(주최), (주)하쿠나마타타(주최)",,
250869,이소라 콘서트 [대구],대중음악,대중가요,이소라,,"(주)밝은누리(주관), (주)인터파크(주최)",,
251959,김종국 콘서트: 진국 [광주],대중음악,대중가요,김종국,,"(주)공연마루(주최), 제이케이 이엔티 (JK ENT)(제작사), (주)딜라잇컴퍼니(제작사)",,
253710,빈 소년 합창단 신년음악회 [광주],서양음악(클래식),성악,,,(주)원앤원엔터테인먼트(주최),,
254280,백설공주 [광주],뮤지컬,뮤지컬,,,"아트박스컴퍼니(주관), 나루뮤지컬컴퍼니(나루기획)(주관), 아트박스컴퍼니(주최), 나루뮤지컬컴퍼니(나루기획)(주최)",,
255036,작업의 정석 [수원],연극,연극,,,"(주)네오프로덕션(제작사), 극단 꿈의 공작소(주관), KBS 수원아트홀(주관), 극단 꿈의 공작소(주최), KBS 수원아트홀(주최)",,
255314,"앙코르 산울림고전극장, 외갈매기",연극,연극,"서동현, 조현철, 김승은, 이찬후, 전미주, 강다형, 김어진 등","박경식, 김한신, 황수지 등","공연창작소 공간(주최), 공연창작소 공간(주관), 공연창작소 공간(제작사)",안톤 체호프,박경식(각색)
255359,"이천아트홀 인형극 페스티벌, 빈대떡 신사",연극,인형극,,,이천아트홀(주관),,
256035,빈 소년 합창단 신년음악회 [창원],서양음악(클래식),성악,,,(재)창원문화재단(주최),,
256793,창원시 통합 10주년기념 창원시립교향악단 신년음악회,서양음악(클래식),기악,"김대진, 서선영, 진성원 등",김대진,"창원시립예술단(주관), 창원시청(주최)",,
259298,내일은 미스트롯 전국투어 콘서트: 청춘 [성남],대중음악,대중가요,"홍자, 송가인, 정미애, 정다경, 숙행, 박성연, 김소유 등",,"(주)콘서트가든(주관), 코로나엑스엔터테인먼트(주관), TV조선(주최), 포켓돌스튜디오(주최)",,
270021,그대를 사랑합니다 [서울],연극,연극,"이순재, 박인환, 손숙, 정영숙, 이문수, 신철진, 연운경 등",,"(주)아크컴퍼니(제작사), (주)나인스토리(제작사)",강풀,
274049,꽃의 비밀 [서울],연극,연극,"강애심, 이선주, 배종옥, 조연진, 김규리, 김나연, 문수아 등","장진, 이엄지, 나한수 등","문화창작집단 수다(제작사), (주)파크컴퍼니(주최), (주)장차앤코(주최)",장진,
277087,김문정 바이올린 리사이틀,서양음악(클래식),기악,"김문정, 쿠미 마츠오",,"클라쎄(주최), 클라쎄(주관)",,
277123,가족 마술쇼 & 버블쇼,서커스/마술,서커스/마술,,,JM엔터테인먼트(주최),,
277223,Salon de Cinema,서양음악(클래식),기악,"최보윤, 이나래, 홍현주, 권다은",,쌀롱드무지끄(주최),,
277258,JUN. K Special Day: Walking on the Moon,대중음악,대중가요,,,"컴퍼니지(제작사), (주)제이와이피엔터테인먼트(JYP Entertainment)(주최)",,
278186,빈센트 반 고흐 [대학로],뮤지컬,뮤지컬,"이준혁, 조형균, 김대현, 배두훈, 박유덕, 박정원, 송유택 등","한승원, 김종석, 김규종 등",(주)에이치제이컬쳐(HJ컬쳐)(주최),,
280608,쓰릴 미,뮤지컬,뮤지컬,"양지원, 김현진, 김우석, 이해준, 구준모, 노윤, 김동빈 등","스티븐 돌기노프, 이대웅, 이한밀 등",달컴퍼니(주관),,
282057,엘리펀트송,연극,연극,"정일우, 강승호, 곽동연, 이석준, 고영빈, 양승리, 고수희 등","김지호, 김승완, 박동우 등",(주)나인스토리(제작사),니콜라스 빌런,
285050,정글라이프,뮤지컬,뮤지컬,"이시강, 김지온, 유현석, 주종혁, 서승원, 이주광, 하미미 등","박주형, 조민형, 이현섭 등","와컴퍼니 (WA COMPANY)(제작사), 와컴퍼니 (WA COMPANY)(주최)",,
285928,우리집에 왜 왔니,연극,연극,"박경현, 박대원, 김용석, 한초아, 신아라, 김나영, 김주일 등","이해재, 최소현, 이태린 등","(주)아크컴퍼니(기획사), (주)아크컴퍼니(주최)",이윤희,최소현(각색)
286100,천로역정,뮤지컬,뮤지컬,"유건우, 이수함, 박민규, 김형준, 김성진, 정소리, 이완규 등","서은영, 박다은, 김은지 등","조이피플(제작사), 조이피플(기획사)",,
286129,오백에 삼십 [대구],연극,연극,"김성주, 서대덕, 유일락, 권도윤, 소유경, 이윤선, 정민제 등",,"(주)아트플러스씨어터(주관), (주)아트플러스씨어터(주최)",,
286548,"Let’s Dance, CRAZY!!_SACHOOM2",뮤지컬,넌버벌 퍼포먼스,"로아, 양근석, 이용석, 이동우, 박민우, 변다희 등",,"(주)두비커뮤니케이션(주최), (주)두비커뮤니케이션(주관)",,
286731,"굿나잇, 케플러",연극,연극,"김지훈, 곽성은, 박준범, 강희제, 박민호","손지형, 김나은, 고태현 등",거북이걸음 프로젝트(기획사),손지형,
286760,넌 특별하단다,뮤지컬,뮤지컬,"임태산, 민병욱, 백나라, 최예경, 라혜연, 정재진, 지근우 등",,"아트컴퍼니 행복자(주최), 아트컴퍼니 행복자(주관)",,
287054,엄마는 안 가르쳐줘,뮤지컬,뮤지컬,,,"아트컴퍼니 행복자(주관), 아트컴퍼니 행복자(주최)",,
287327,바보사랑,뮤지컬,뮤지컬,"이슬기, 신의호, 이다은, 윤솔, 김혜진, 홍성희, 인윤성 등","배경호, 손민혜, 이진선 등","(주)세븐파이프(주관), (주)세븐파이프(주최)",,
287377,라쿠나 단독 콘서트: HAPPILY EVER AFTER,대중음악,대중가요,,,"밴드 라쿠나(주최), 밴드 라쿠나(주관)",,
287654,성냥팔이소녀 [부천],뮤지컬,뮤지컬,,,"(주)어린이상상연구소(주최), (주)어린이상상연구소(주관)",,
287709,치유,연극,연극,"오보경, 신은미, 김병석, 김수연, 변민모","김영호, 이민주",아트솔루스(ART SOLLUSE)(주최),김영호,
287713,불편한 너와의 사정거리,연극,연극,"맹봉학, 손정욱, 박선옥, 김미준, 전서진, 노윤정, 문태수, 조주경, 김윤태, 이종승, 변윤정, 공재민","정범철, 배대두, 김명집 등","지공연협동조합(제작사), 지공연협동조합(주관)",정범철,
287734,토요명품공연,한국음악(국악),연희,,,국립국악원(주최),,
288005,페퍼는 나쁘지 않아,연극,연극,"김지은, 이가을",박장렬,연극집단 반(제작사),이가을,
288008,줄리 앤 폴,뮤지컬,뮤지컬,"김주연, 이지수, 박정원, 송유택, 정휘, 김지민, 신창주 등","유인수, 김지호, 김유정 등","(주)연우무대(제작사), (주)연우무대(기획사)",,
289547,극적인 하룻밤,연극,연극,"류지훈, 오세미, 허욱, 최유진, 이시형, 김재은, 최귀선 등","유인수, 이중옥, 이이림 등","(주)연우무대(제작사), (주)연우무대(기획사)",황윤정,
296228,뮤하트,연극,연극,"임찬민, 남경민, 박해원, 이후림, 우찬, 유영민, 원종환 등","송승환, 이광호, 성재준 등","(주)피엠씨프러덕션(PMC Production)(제작사), (주)피엠씨프러덕션(PMC Production)(주관), (주)피엠씨프러덕션(PMC Production)(주최)",,
297940,비바 프랜드,뮤지컬,뮤지컬,,,"MBC(주최), (주)KBSN(케이비에스앤)(주최)",,
297953,미녀와야수 [대전],뮤지컬,뮤지컬,"김예린, 이화용, 정다운, 이준목, 조성준, 한승우, 최진이 등","박귀화, 김현주, 박지호 등","극단 레미.레오(기획사), 극단 레미.레오(주최)",,
298010,더 사이언스 오브 소리노리,뮤지컬,뮤지컬,,,"(재)용인문화재단(주관), (재)용인문화재단(주최)",,
298596,여신님이 보고 계셔 [대학로],뮤지컬,뮤지컬,"성두섭, 조성윤, 서경수, 정욱진, 정휘, 진호, 박준휘 등","유인수, 박소영, 한정석 등","(주)연우무대(제작사), (주)연우무대(기획사)",,
301696,조지아 맥브라이드의 전설,연극,연극,"박은석, 강영석, 이상이, 성지루, 백석광, 신창주, 송광일 등","김영욱, 임양혁, 송한샘 등","(주)쇼노트(제작사), (주)쇼노트(기획사), SBS(주최)",매튜 로페즈,
305164,늘근도둑이야기 [대학로],연극,연극,"노진원, 전재형, 황성현, 박철민, 태항호, 추민기, 유일한 등",,(주)나인스토리(제작사),이상우,
307001,연애하기 좋은날 [부산],연극,연극,,,(주)조은극장(제작사),,
307378,룸넘버13 [부산],연극,연극,,,KNN(제작사),,
307847,신데렐라 [서산],뮤지컬,뮤지컬,"윤정욱, 임정수, 이선, 배예림, 이령, 이지은",방혜정,"옴니아트홀(기획사), 옴니아트홀(주최)",,
308037,"비프리, 제이통, 먼치맨 Live [부산]",대중음악,대중가요,"비프리, 제이통, 먼치맨",,"Whip(윕)(주최), Whip(윕)(주관)",,
308055,위대한 개츠비,뮤지컬,뮤지컬,"박정복, 강상준, 김사라, 이서영, 마현진, 이기현, 이종석 등","김용관, 김선화, 최경화 등","(주)마스트엔터테인먼트 (마스트인터내셔널)(주관), (주)그레뱅코리아(주최)",,
311105,창밖의 여자,연극,연극,"이하은, 이한솔",백재이,"떼아뜨르 다락(주최), 떼아뜨르 다락(주관)",신성우,
311109,돌아와요 미자씨 [대구],연극,연극,"이창건, 박인경, 권성윤, 강영은, 윤규현","정병수, 김하나, 예병대 등","창작플레이(주최), 창작플레이(기획사)",김하나,
311183,이윤정 오보에 독주회,서양음악(클래식),기악,"이윤정, 위원희",,"엘림아트센터(주최), 엘림아트센터(주관)",,
311259,롯데백화점 잠실점 VIP Culture Show,대중음악,기타,,,"롯데백화점 [잠실](주최), 롯데백화점 [잠실](주관)",,
311279,이데일리 신년음악회,서양음악(클래식),기악,"정나라, 임수연, 허영훈, 문정재, 이지훈, 강미선, 콘스탄틴 노보셀로프 등",,"(주)이데일리(주최), (주)이데일리(주관)",,
311299,중앙인 신년 희망 콘서트,서양음악(클래식),기악,"신동열, 손현주, 정슬기, 신동호, 이정미, 김정민, 김미래 등",허복영,예술기획 파홀로(주관),,
311321,수지오페라단 신년음악회,서양음악(클래식),오페라,"마크 깁슨, 장루카 테라노바, 크리스티나 파사로이우, 키릴 로딘 등",,수지오페라단(주최),,
311839,두 여자 [대학로],연극,연극,"문성현, 김강희, 박유미, 임수환, 유상원, 이영지",,공연예술집단 노는이(제작사),서상우,
312044,개미와 베짱이 [안산],연극,인형극,,,드리미(주최),,
312093,꿀벌 마야의 모험 [안산],뮤지컬,뮤지컬,,,드리미(주최),,
312113,작업의 정석,뮤지컬,뮤지컬,,,(주)네오프로덕션(제작사),,
312727,오백에 삼십 [대학로],연극,연극,"김연수, 이정혁, 하성훈, 이영지, 이윤경, 정민제, 장민수 등","이홍기, 박아정","(주)아트플러스씨어터(제작사), 극단 돼지(제작사), 대학로발전소(기획사)",박아정,
315201,시크릿 [대학로],연극,연극,"윤여원, 김연호, 최원석, 신동찬, 이종혁, 성윤기, 설달영 등",,"극단 탑아트(제작사), 극단 탑아트(기획사)",,
315208,파브르의 꿀벌나라 대모험,뮤지컬,뮤지컬,,"조준희, 서상완, 김성일 등","강동문화재단(강동아트센터)(주최), (주)문화공작소 상상마루(주최)",,
316207,MAGIC & ILLUSION [안양],서커스/마술,서커스/마술,,,"극단 동그라미(주관), 안양아트센터(주최)",,
318485,그놈은예뻤다,연극,연극,"정태호, 송병철, 김대성, 김현영, 황혜선, 심정은, 최보규 등",,"(주)재미들다(주최), (주)재미들다(주관)",,
318700,만주전선,연극,연극,"김정민, 한승규, 김거성, 장지수, 김슬기, 박예진, 윤종서 등","남승주, 박연태, 이태일 등","컴퍼니 연결(주최), 컴퍼니 연결(주관)",박근형,
318715,에일리 전국투어 콘서트: I AM：RE-BORN [서울],대중음악,대중가요,에일리,,"(주)로켓쓰리엔터테인먼트(제작사), (주)컬쳐팩토리(주최), (주)컬쳐팩토리(주관)",,
323849,Midnight Travel,뮤지컬,뮤지컬,"박성민, 김솔, 김민기, 김수훈, 노호태, 배재완, 이현강 등","조경환, 정지수, 전효성 등",유호컴퍼니(주최),,
323925,"창작산실, 코리올라너스",연극,연극,"강명주, 최요한, 백익남, 김훈만, 신안진, 변효준, 선명균 등","박해성, 강지혜, 김형연 등",극단 상상만발극장(제작사),윌리엄 셰익스피어,박해성(재창작)
323929,"서울 아시테지 겨울축제, 낱말 공장 나라",연극,연극,"김지선, 조혜연, 여진우, 표두란, 심상학","김형아, 심상학, 황덕신 등","(사)국제아동청소년연극협회 한국본부(아시테지)(주관), (사)국제아동청소년연극협회 한국본부(아시테지)(주최)",이야기꾼의 책공연,
324992,"서울 아시테지 겨울축제, 우산도둑",연극,연극,"김예나, 김효인, 신덕규, 전영희","김예나, 김우정, 김주빈 등","(사)국제아동청소년연극협회 한국본부(아시테지)(주관), (사)국제아동청소년연극협회 한국본부(아시테지)(주최)",장성희,
325557,오페라의 유령 월드투어 [부산],뮤지컬,뮤지컬,"조나단 록스머스, 클레어 라이언, 클라라 버디에, 맷레이시, 베벌리 차이앗, 제임스 보스윅, 커트 올즈 등",,"롯데엔터테인먼트(제작사), KNN(주최), 드림씨어터(주최)",,
337470,신년운세로 풀어보는 당신의 팔자를 살리는 음악,한국음악(국악),성악,"이희문, 장도훈, 고진호, 홍예진, 이유경, 배승빈, 김솔미 등",,"(주)인사이트모션 서울돈화문국악당(주최), (주)인사이트모션 서울돈화문국악당(주관)",,
337676,장경미 THE 9TH 독주회,한국음악(국악),기악,"장경미, 윤승환",,"(주)인사이트모션 서울돈화문국악당(주최), (주)인사이트모션 서울돈화문국악당(주관)",,
337706,김현희 해금 줄풍류 산조 II 음반발매기념 렉처콘서트,한국음악(국악),기악,김현희,,"(주)인사이트모션 서울돈화문국악당(주최), (주)인사이트모션 서울돈화문국악당(주관)",,
337803,오래전애,연극,연극,"정찬호, 홍정은, 정민석",,"재인촌 우듬지(주최), 한옥마을아트홀(주관)",,
337808,그림자를 판 사나이,뮤지컬,뮤지컬,"양지원, 장지후, 최민후, 김찬호, 조형균, 박규원, 여은 등","오훈식, 정영, 오루피나 등","(주)R&Dworks(알앤디웍스)(제작사), 클립서비스(주관)",,
340889,메리제인,연극,연극,"이봉련, 임강희, 예수정, 홍윤희, 우현주, 정재은, 이지하 등","우현주, 최영은, 조수현 등",맨씨어터(제작사),에이미 헤어조그,
341375,연애플레이리스트 [청주],연극,연극,"윤민구, 김승화, 장수지, 신태양, 조재호",,"(주)휴콘프로덕션(제작사), 소명기획(주관), 소명기획(주관)",,
341417,미녀와 야수 [인천 부평],뮤지컬,뮤지컬,,,"극단 레미.레오(주최), 극단 레미.레오(주관)",,
341445,콩쥐팥쥐 [인천],뮤지컬,뮤지컬,,,극단 레미.레오(제작사),,
341450,수상한 흥신소 3탄 [대학로],연극,연극,"정헌호, 장민수, 박은혜, 반은세, 박한샘, 최효정, 송기호 등",,"(주)이엠에프(주관), (주)이엠에프(주최)",,
342319,신비한 요리집 1탄: 백년국수 [대전],연극,연극,"김성탁, 문혜인, 강승리, 김광원, 신주현",,"(주)아신아트컴퍼니(주최), (주)아신아트컴퍼니(주관)",,
342636,구름 한 가운데,연극,연극,"전박찬, 김은정, 임호영","손원정, 손호성, 김형연 등",극단 코끼리만보(제작사),아미르 레자 쿠헤스타니,
343083,슈퍼밴드 TOP3 콘서트 [수원],대중음악,대중가요,"아일, 하현상, 홍진호, 김영소, 신광일, 신예찬, 조원상 등",,"(유)디온커뮤니케이션(주최), (유)디온커뮤니케이션(주관), (주)스프링이엔티(주최), (주)스프링이엔티(주관), (주)드림어스컴퍼니(제작사), (주)JTBC(제작사)",,
347683,북극곰 예술여행,연극,연극,"김영현, 윤도훈, 김태근, 양근아, 손지원, 박종빈, 박현규 등","김영현, 한우경, 이현지 등","북(BooK)극곰 예술여행(주최), 북(BooK)극곰 예술여행(주관)",김영현,
347701,끝까지 간다,연극,연극,"김준희, 유용, 구관회, 윤정욱, 권소원, 정소리, 신정은 등","김영현, 이현지, 이경구 등","북(BooK)극곰 예술여행(주관), 북(BooK)극곰 예술여행(주최)",김준호,김영현(각색)
347734,케이윌 전국투어 콘서트: THE K.WILL [광주],대중음악,대중가요,,,"(유)디온커뮤니케이션(주관), (주)스프링이엔티(주관), (주)스타쉽엔터테인먼트(주최)",,
355147,자명교 10대교주,연극,연극,"김정호, 정아린, 이영섭, 남지우, 최다혜, 박제욱, 박소현 등","이호영, 김남엽, 윤종건","극단 말과말사이(주최), 극단 말과말사이(주관)",이호영,
355157,대화,연극,연극,"김성일, 구선화, 민병욱, 김관장, 이형주, 신욱, 우혜민","김승철, 박찬호, 공양제 등",극작프로젝트그룹 야간비행(주최),"구선화, 우혜민, 김영경",
355160,어린왕자의 꿈,뮤지컬,뮤지컬,,"소미경, 조성중, 김윤미 등",(주)팀플레이예술기획(제작사),,
355172,나의 PS 파트너,연극,연극,"장경원, 전승현, 이탁호, 우두연, 지헤연, 고귀현, 오수빈 등",,"(주)팀플레이예술기획(제작사), (주)팀플레이예술기획(기획사)","김민수, 변성현",정세혁(각색)
355899,반짝반짝 라푼젤,뮤지컬,뮤지컬,"이시영, 허정호, 김성환, 임슬해",김대철,달밤엔컴퍼니(달밤N컴퍼니)(주최),,
355956,안녕 달아,뮤지컬,뮤지컬,"이마리, 김연정, 황민아, 최솔, 김대철, 최다운, 최광희",,"달밤엔컴퍼니(달밤N컴퍼니)(주최), 달밤엔컴퍼니(달밤N컴퍼니)(제작사)",,
355993,멈춰진 계절,연극,연극,"박슬아, 최애리, 민나리, 임송현, 김성환",,"달밤엔컴퍼니(달밤N컴퍼니)(기획사), 달밤엔컴퍼니(달밤N컴퍼니)(주최)",,
356121,십이야,뮤지컬,뮤지컬,,,"극단 서울(주관), (주)EMC Edutainment(주최)",,
356272,난타 [제주],뮤지컬,넌버벌 퍼포먼스,,,(주)피엠씨프러덕션(PMC Production)(제작사),,
359390,공룡 애니멀쇼 [인천],서커스/마술,서커스/마술,,,"주니엔터테인먼트(주최), 주니엔터테인먼트(주관)",,
359526,호두까기 인형 [인천],뮤지컬,뮤지컬,,,아띠홀(주최),,
359532,"서울 아시테지 겨울축제, room, chink, room",연극,연극,한지혜,"한지혜, 송기조, 정명필 등","(사)국제아동청소년연극협회 한국본부(아시테지)(주최), (사)국제아동청소년연극협회 한국본부(아시테지)(주관)",,
359648,"서울 아시테지 겨울축제, 무니의 문",연극,인형극,한혜민,한혜민,"(사)국제아동청소년연극협회 한국본부(아시테지)(주최), (사)국제아동청소년연극협회 한국본부(아시테지)(주관)",한혜민,
359952,백설공주와 일곱난쟁이 [광주],뮤지컬,뮤지컬,,,극단 레미.레오(주최),,
359959,백설공주 [광주 수완],뮤지컬,뮤지컬,,,"극단 레미.레오(주최), 극단 레미.레오(기획사)",,
359992,AKMU CONCERT: 항해 [진주],대중음악,대중가요,,,"(주)전공이엔티(주관), (주)타입커뮤니케이션(주최), YG ENTERTAINMENT(와이지 엔터테인먼트)(주최)",,
364682,마음에 쏙 드는 엄마를 원하세요? [수원],뮤지컬,뮤지컬,,"노현희, 심완, 강원래 등","도서출판 아람(주최), 좋은사람들(주관), 아이에이치컬쳐(IH Culture)(주관)",,
364937,셜록홈즈 [서울],연극,연극,"이두연, 전슬기, 이영운, 황성빈, 조제상, 문민, 이건희 등",,"(주)엠컬쳐컴퍼니(주최), (주)엠컬쳐컴퍼니(기획사)",아서 코난 도일,
365522,"Tune Up Jazz Stage, 비상",대중음악,재즈/월드뮤직,"김태현, 황호규, 케빈 해리스, 제이슨 팔머, 잭 오슬랜더, 용하정",,"(주)비이피씨탄젠트(주관), CJ문화재단(주최)",,
365674,말괄량이삐삐와 검은머리해적단,뮤지컬,뮤지컬,,,"극단 말과말사이(주최), 극단 말과말사이(주관)",,
365701,박재홍 밴드,대중음악,재즈/월드뮤직,"박재홍, 성기문, 류인혁, 김지인, 임주헌",,"디엔와이컴퍼니(주최), 디엔와이컴퍼니(기획사)",,
365724,요리하는 마술사 [대학로],서커스/마술,서커스/마술,"박연수, 한준희, 이원혁, 고태선, 박현우, 이희민","김용민, 조희, 박인서","(주)미스터이엔티(주최), (주)미스터이엔티(주관)",,
365986,조각: 사라진 기억,연극,연극,"김현서, 호천, 이건희, 송대명, 김동윤, 정종훈, 서성하 등","진종현, 박상철","위로컴퍼니(제작사), 위로컴퍼니(기획사)",진종현,
366224,아기돼지 삼형제 [대학로],뮤지컬,뮤지컬,,,"명작극장(주관), 명작극장(주최)",,
366242,쿤의 모험,연극,연극,"김승환, 정선경, 김현진, 김혜원, 문현준, 안소정, 김부원 등","김미영, 손은재, 김동현 등","(유)브러쉬씨어터(주최), (유)브러쉬씨어터(주관)",,
366398,아기돼지삼형제: 늑대숲 또옹돼지 원정대,뮤지컬,뮤지컬,,,지니아트랩(제작사),,
366452,한뼘사이,연극,연극,"차수영, 황지현, 김주하, 이연우, 최상배, 임창섭, 한훈 등",노푸름,극단 파릇(제작사),,
367334,8시에 만나,뮤지컬,뮤지컬,"박재성, 이승우, 윤세인, 김경민","권재원, 강희세, 장영섭","바라이엔티(주최), 바라이엔티(주관)",,"권재원, 김민섭(각색)"
367341,잇츠! 홈쇼핑 주식회사,연극,연극,"김영옥, 장동민, 김영희, 이혜정, 조혜련, 이현정, 김승혜 등",,이매진디아츠팩토리(주관),,
367834,라푼젤 [금천],뮤지컬,뮤지컬,,,"극단 레미.레오(주최), 극단 레미.레오(주관)",,
367877,하남문화재단 신년음악회,서양음악(클래식),기악,"정봉교, 박미자, 이영화, 송은진 등",,"(재)하남문화재단(주최), (재)하남문화재단(주관)",,
368982,호랑이와 곶감 [경기],뮤지컬,뮤지컬,,,신세계 문화홀 [경기](주최),,
369436,김해은&장대건의 아트& 컬쳐: 르네상스 예술의 부활,서양음악(클래식),기악,"김해은, 장대건",,신세계 문화홀 [경기](주최),,
369490,미래상상마술쇼,뮤지컬,뮤지컬,"최원혁, 유혜리, 임지영, 박정은, 김태현",,"브이매직엔터테인먼트(주최), 브이매직엔터테인먼트(기획사)",,
370358,점프 [서울],뮤지컬,넌버벌 퍼포먼스,,,(주)예감(제작사),,
370530,파이어맨 [명보아트홀],뮤지컬,넌버벌 퍼포먼스,"홍윤갑, 김광민, 신정훈, 최준희, 김세미, 손혁, 김영기 등",,(주)에픽씨어터(제작사),,
370600,알사탕 [부산],뮤지컬,뮤지컬,,"백희나, 전수양, 장희선 등","할리퀸크리에이션즈(주)(제작사), (주)씽크브릿지(주관), (주)씽크브릿지(주최)",,
374685,여자만세2,연극,연극,"양희경, 성병숙, 윤유선, 최지연, 김용선, 정아미, 서송희 등","장경섭, 손정우, 김연희 등","극단 휴먼비(제작사), 예술의전당(주최)",국민성,
375704,빅 피쉬,뮤지컬,뮤지컬,"남경주, 박호산, 손준호, 구원영, 김지우, 이창용, 김성철 등","스캇 슈왈츠, 김정한, 김성수 등",(주)CJ ENM(제작사),,
386563,웃는남자 [서울],뮤지컬,뮤지컬,"이석훈, 규현, 박강현, 수호, 민영기, 양준모, 신영숙 등","엄홍현, 로버트 요한슨, 프랭크 와일드혼 등","(주)EMK뮤지컬컴퍼니(제작사), (주)EMK뮤지컬컴퍼니(주관), (주)카카오(주최), SBS(주최)",,
414568,구름빵 2,뮤지컬,뮤지컬,,,2001아울렛 [구로](주최),,
414791,아쿠아쇼 [인천 송도],서커스/마술,서커스/마술,,,송도케이라이브극장(주최),,
414815,버블J의 언빌리버블쇼 [인천],서커스/마술,서커스/마술,,,(주)ENTI(이엔티아이)(주최),,
414890,나는연주가,대중음악,기타,,,공연제작사 동감(제작사),,
414893,스노우버블쇼 [인천],서커스/마술,서커스/마술,,,"공연제작사 동감(기획사), 공연제작사 동감(주최)",,
415088,가방 들어주는 아이 [공주],뮤지컬,뮤지컬,,,"국립공주박물관(주최), 국립공주박물관(주관)",,
415573,딩동댕 동화나라콘서트 [도봉],뮤지컬,뮤지컬,,"정춘헌, 권용만 등","(주)한울엔터테인먼트(주최), (주)한울엔터테인먼트(주관)",,
416127,난타 [홍대],뮤지컬,넌버벌 퍼포먼스,"이한범, 김곤호, 설호열, 유승수, 고창환, 이동원, 김태완 등",,(주)피엠씨프러덕션(PMC Production)(제작사),,
418719,VINCENT 리뉴얼 콘서트,대중음악,대중가요,빈센트,,"피플게이트(주최), 피플게이트(주관)",,
418751,폴킴 투어 콘서트: 마음 [제주(앵콜)],대중음악,대중가요,폴킴,,"(주)공연팀(제작사), (주)뉴런뮤직(주최), (주)공연마루(주관)",,
426323,다함께 다방구,뮤지컬,뮤지컬,"이승재, 황용하, 강보은, 김은희, 한재준 김선규, 김보영 등","김남호, 진종현, 박상철 등","위로컴퍼니(기획사), 위로컴퍼니(주최)",,
426344,안나라수마나라,연극,연극,"최윤범, 김미리, 주건호, 김종보, 안선제, 서윤진, 정세영 등","진종훈, 진종현, 장익렬 등","위로컴퍼니(제작사), 위로컴퍼니(기획사)",하일권,진종현(극본)
426363,죽어야 사는 남자,연극,연극,"이환범, 정의진, 정서빈, 김수민, 오태근, 박성원","진종현, 장익렬, 곽두성 등","위로컴퍼니(제작사), 위로컴퍼니(기획사)",진종현,
426496,어린이 캣프렌즈,뮤지컬,뮤지컬,,,"리딩컬쳐(기획사), 리딩컬쳐(주최)",,
426704,허풍선이 과학쇼 시즌2: 마리퀴리 vs 아인슈타인,뮤지컬,뮤지컬,"박지원, 안유안, 김명희, 김선효, 김강태, 이준녕",,"(주)마인드블로잉이엔티(주관), (주)그래피직스(주최), 대원미디어(주)(주관)",,
427719,스위치,연극,연극,"백광현, 서동은, 최예지, 박혜림, 김승현, 이승현, 최하늘 등",고석기,"극단 아루또(주최), 극단 아루또(주관)",고석기,
428030,페인터즈 [종로],뮤지컬,넌버벌 퍼포먼스,"강신구, 권우람, 소광민, 홍보람 등","정규철, 조우석, 김홍남 등",(주)펜타토닉/액션드로잉 히어로(제작사),,
428111,브레멘 음악대 [인천],뮤지컬,뮤지컬,,,"(주)ENTI(이엔티아이)(주최), (주)ENTI(이엔티아이)(기획사)",,
428203,궁 나와라 뚝딱: 5대 궁궐 이야기,뮤지컬,뮤지컬,"서정화, 정춘권, 이혜경, 김양훈, 김상미, 정영서","정춘권, 서정화, 서영채 등",극단 오렌지컴퍼니(오렌지아트컴퍼니)(주최),,
428209,페인터즈:히어로 [제주],뮤지컬,넌버벌 퍼포먼스,,,(주)펜타토닉/액션드로잉 히어로(제작사),,
428211,본 이베어 내한공연,대중음악,대중가요,,,(주)프라이빗커브(주최),,
431397,레베카,뮤지컬,뮤지컬,"류정한, 엄기준, 카이, 신성록, 신영숙, 옥주현, 장은아 등","엄홍현, 로버트 요한슨, 제이미 맥다니엘 등","(주)EMK뮤지컬컴퍼니(제작사), 롯데엔터테인먼트(제작사), (주)EMK뮤지컬컴퍼니(주관), (재)중구문화재단(충무아트센터)(주최), (주)카카오(주최), SBS(주최)",,
442527,도둑배우,연극,연극,"이한위, 권혁준, 병헌, 김영한, 김가은, 김소민, 김지훈 등",김태훈,"(주)파크컴퍼니(제작사), (재)중구문화재단(충무아트센터)(주최), (주)파크컴퍼니(주최)",,
444579,어른동생,뮤지컬,뮤지컬,"백선주, 배은지, 남정우, 김성웅, 김진우, 박다은, 정혜인 등",송미경,극단 어른동생(제작사),,
444855,연애 리플레이,연극,연극,"김보람, 송형원, 장예슬, 김현수, 차인성, 박민준, 박영숙 등","박성섭, 김강운, 문홍식 등","극단 박장대소(주관), 극단 박장대소(주최)",장미,
444874,그녀를 믿지 마세요 [대전],연극,연극,,,"(주)이수컴퍼니(기획사), (주)이수컴퍼니(주최)",,
445329,HOTEL DE LIGHT [정선],뮤지컬,뮤지컬,,,"(주)강원랜드(기획사), (주)강원랜드(주최)",,
445343,Young Trapper Concert,대중음악,대중가요,,,"오드네이션(주관), 논디파인(주최)",,
445419,WITZ STAGE 1,대중음악,대중가요,,,"(주)춘엔터테인먼트(기획사), (주)춘엔터테인먼트(주최)",,
445917,꿀벌마야의 모험 [천안],뮤지컬,뮤지컬,,,아이키즈(주최),,
445927,기분을 말해봐 [천안],뮤지컬,뮤지컬,,,극단 크레파스(주최),,
445929,안나와 엘사의 생일파티 [천안],뮤지컬,뮤지컬,,,아이키즈(주최),,
445987,작업의 정석 1탄,연극,연극,"김동원, 김도현, 김종민, 손윤필, 권찬미, 성지호, 박소민 등",,"(주)네오프로덕션(주최), (주)네오프로덕션(주관)","신정구, 오기환",황두수(각색)
449001,프리프링 마리의 마법학교 대모험 [서울],뮤지컬,뮤지컬,,"이종섭, 김태영, 박진수 등","문화공작소 조이(주관), 에스앤씨컴퍼니(주최)",,
449041,핫식스,연극,연극,"이재형, 좌정우, 이현희, 김나연, 임종철, 박태환, 신한샘",,설앤수컴퍼니(제작사),,
449520,팥죽할멈과 호랑이 [용인],뮤지컬,뮤지컬,,,"동그라미 그리기(제작사), 동그라미 그리기(주관), 동그라미 그리기(주최)",,
450045,해설이 있는 바리톤 황선엽 리사이틀,서양음악(클래식),성악,"황선엽, 황정민",,인터뮤지카 코리아(주관),,
450062,"술술클래식, 내 인생의 클래식",서양음악(클래식),기악,"이상민, 황덕호, 이지영 등",,(주)클럽발코니(주최),,
450083,뷰티풀라이프 [춘천],연극,연극,"최상태, 전준우, 김효진, 배윤정",,"소극장 연극바보들(주최), (주)지안컴퍼니(구. (주)집컴퍼니)(제작사)",,
450333,리얼공룡쇼! 정글헌터어드벤처 [대구],뮤지컬,뮤지컬,,,"주주메카(주최), 주주메카(주관), (주)한울엔터테인먼트(주최), (주)한울엔터테인먼트(주관)",,
450349,경종수정실록,뮤지컬,뮤지컬,"에녹, 성두섭, 정동화, 신성민, 작정원, 홍승안, 김종구 등","이성진, 정준, 조한나 등",(주)뉴프로덕션(제작사),,
452070,톡톡,연극,연극,"박상종, 서현철, 최진석, 김진수, 황만익, 정수영, 유지수 등","이해제, 김희재, 박정희 등",(주)연극열전(제작사),로랑 바피,오세혁(각색)
453071,리틀캣 [양산],뮤지컬,뮤지컬,,,"가족뮤지컬극단 오즈(주최), 가족뮤지컬극단 오즈(주관)",,
453542,광주국악상설공연 (1월),한국음악(국악),기악,,,"광주문화예술회관(주관), 광주시청(주최)",,
454300,수상한 흥신소 1탄 [대학로],연극,연극,"이환, 이한섭, 박미리, 박혜리, 김태근, 노용재, 방혜림 등",,"(주)이엠에프(주최), (주)이엠에프(주관)",임길호,
460331,라푼젤 [대전],뮤지컬,뮤지컬,,,"가족뮤지컬극단 오즈(기획사), 가족뮤지컬극단 오즈(주최)",,
460374,"서울 아시테지 겨울축제, 즐거운 나의 집",연극,마임,"구선진, 서진욱, 이도윤","안정모, 임병채, 한지호 등","(사)국제아동청소년연극협회 한국본부(아시테지)(주관), (사)국제아동청소년연극협회 한국본부(아시테지)(주최)",,
460997,"서울 아시테지 겨울축제, 보이야르의 노래",연극,연극,"김다영, 한선영, 김양균, 김솔지, 방지연","이영숙, 우수정, 강정화 등","(사)국제아동청소년연극협회 한국본부(아시테지)(주관), (사)국제아동청소년연극협회 한국본부(아시테지)(주최)",김지현,
461685,빨래,뮤지컬,뮤지컬,"김청아, 김미미, 이진혁, 이선덕, 진미사, 강나리, 최정화 등","추민주, 원유섭, 서정선 등","(주)씨에이치수박(주관), (주)씨에이치수박(주최)",,
463850,아이스크림 왕국의 뽀로로와 친구들 [부산],뮤지컬,뮤지컬,,"오재익, 안영은, 천세은 등","(주)이에스생활문화 (ES생활문화)(제작사), (주)화랑엔터테인먼트(주관), (주)KBSN(케이비에스앤)(주최)",,
469909,꼬마버스 타요와 하하호호 노래자랑  [서울],뮤지컬,뮤지컬,,"오재익, 안영은, 김선호 등","(주)이에스생활문화 (ES생활문화)(제작사), (주)이에스생활문화 (ES생활문화)(주관), (주)아이코닉스(주최), (주)KBSN(케이비에스앤)(주최)",,
472309,작업의 정석 [코엑스],연극,연극,"강병준, 박민우, 강현아, 김채율, 장지희, 진시안, 함요한 등",,(주)나인스토리(제작사),,
473811,BB 1st 크게 망할 대망 콘서트,대중음악,대중가요,,,베짱이홀(주최),,
473865,"Meet the Artist, 첼리스트 양성원",서양음악(클래식),기악,양성원,,(주)마스트미디어(주최),,
473965,안녕 스크루지 [김포],뮤지컬,뮤지컬,,,괜찮은 홀 [김포](주최),,
474222,피터팬 [창원],뮤지컬,뮤지컬,,,포도나무(주최),,
474307,"MPMG WEEK, Limited Edition: ALONG",대중음악,대중가요,"이민혁, 이한빈, 심재련, 김도연, 이회원",,"(주)Master Plan Music Group(MPMG, 엠피엠지)(주최)",,
474545,2호선 세입자,연극,연극,"최지영, 신윤철, 이창기, 정서주, 양은진, 허윤지, 장용 등","양지모, 손형민","(주)레드앤블루(구. 악어컴퍼니)(주관), (주)레드앤블루(구. 악어컴퍼니)(주최)",,
479337,신데렐라 [수원],뮤지컬,뮤지컬,,,피터폴앤메리(주최),,
479481,인어공주 [일산],뮤지컬,뮤지컬,"원탐슬, 우희범, 최보라, 김종민, 신경섭, 김혜명, 최지아 등","정진윤, 김현주, 노용석 등","극단 레미.레오(주최), 극단 레미.레오(기획사)",,
479523,플란다스의 개 [고양],뮤지컬,뮤지컬,,,극단 레미.레오(주최),,
479527,치카치카 버블맨,연극,연극,,,티수(주최),,
479530,당신이 주인공 1탄,연극,연극,"김찬혁, 김범선, 김병주, 유재중, 안상민, 정현, 김영재 등",,(주)도향엔터테인먼트(제작사),,
479536,당신이 주인공 2탄 [홍대],연극,연극,김대범 등,,(주)도향엔터테인먼트(제작사),,
479588,고고다이노 공룡탐험대: 우르르 행성을 구하라! [진주],뮤지컬,뮤지컬,,,케이팬엔터테인먼트(주관),,
480918,쪼아맨과 멜롱이 시즌2: 흥청망청별로 잡혀간 멜롱이 구출대작전,뮤지컬,뮤지컬,,,"(주)제이디비엔터테인먼트(주최), (주)제이디비엔터테인먼트(주관)",,
480931,써니텐,뮤지컬,뮤지컬,"민용진, 박지우, 김범석, 한미래, 김영신, 김수현, 신광희",,"하마컴퍼니(제작사), 하마컴퍼니(기획사)",,
481087,프리즌,뮤지컬,뮤지컬,"남용섭, 박태을, 김종훈, 김태완, 주재현, 김대권, 김용균 등",,"(주)이수엔터테인먼트(제작사), (주)이수엔터테인먼트(기획사)",,
481123,나의 PS 파트너 [광주],연극,연극,"우두연, 고우서, 이태영, 오수빈, 박한울, 김혜원, 김준영 등",,극단 논다(주최),,
481599,맥스 첫 내한공연: THE INTIMATE AF TOUR,대중음악,대중가요,맥스,,"(주)라이브네이션코리아(주최), (주)라이브네이션코리아(주관)",,
483505,PIANO DUO,서양음악(클래식),기악,"김주연, 장영미",,통의동클래식(주최),,
483519,윤수일 골든마이크 쇼,대중음악,대중가요,"윤수일, 요요미, 송민준, 남승민",,(주)누리마루엔터테인먼트(주최),,
483598,백설공주 [울산],뮤지컬,뮤지컬,,,"극단 레미.레오(주최), 극단 레미.레오(기획사)",,
483601,백설공주와 일곱난쟁이 [울산],뮤지컬,뮤지컬,,,극단 레미.레오(주최),,
483628,팥죽할머니와 호랑이 [울산],뮤지컬,뮤지컬,,,극단 레미.레오(주최),,
483632,백설공주 [남양주],뮤지컬,뮤지컬,,,"극단 중원극회(기획사), 극단 중원극회(주최)",,
484049,하얀이와 충치마왕 [부천],뮤지컬,뮤지컬,,,키즈플러스(주최),,
484145,얼음왕국 버블쇼 [부천],서커스/마술,서커스/마술,,,키즈플러스(주최),,
484171,"금호영재콘서트, 김규용 대금 독주회",한국음악(국악),기악,김규용,,(재)금호아시아나문화재단 (금호문화재단)(주최),,
484192,"금호영아티스트콘서트, 이연재 오보에 독주회",서양음악(클래식),기악,"이연재, 장주연",,(재)금호아시아나문화재단 (금호문화재단)(주최),,
484205,송치경 교수 정년퇴임 음악회,서양음악(클래식),기악,"송치경, 정아연, 이윤희, 한현진, 양혜순, 박태형, 이경민",,유진예술기획(주최),,
484207,양지 피아노 독주회,서양음악(클래식),기악,양지,,(주)음연(주최),,
484215,김혜실 귀국 피아노 독주회,서양음악(클래식),기악,김혜실,,"음악교육신문(주최), 음악교육신문사(주최)",,
484222,구미정 피아노 독주회,서양음악(클래식),기악,구미정,,이든예술기획(주최),,
484240,어린이 마술쇼 [수원],서커스/마술,서커스/마술,"유동균, 조영훈, 도재혁, 이영한, 한지호",,"미리내마술극단(주최), 미리내마술극단(주관)",,
484295,라이어 1탄 [서울],연극,연극,"정영성, 정용락, 권오율, 송기호, 김시영, 안유민, 김가현 등",,"파파프로덕션(주최), 파파프로덕션(주관)",R.쿠니,
489022,장윤정 라이브 콘서트 [부천],대중음악,대중가요,장윤정,,"(주)우리기획(제작사), (주)라이브컬쳐(주관)",,
494657,판타스틱 [대학로],뮤지컬,넌버벌 퍼포먼스,,,(주)해라(제작사),,
494687,그남자그여자 [대구],연극,연극,"유인상, 김재원, 박휘남, 최혜정, 박한울, 한아름, 김동민 등",,"여우별아트홀 (극단여우별)(주관), 여우별아트홀 (극단여우별)(주최)",,
495144,정동하 전국 투어 콘서트: SKETCH [광주],대중음악,대중가요,정동하,,"(주)컴퍼니에이이엔티(주관), 킹콩이앤엠(주관), 매일 신문사(주최)",,
496016,택시안에서 [부산],연극,연극,"김주경, 김민호, 남기형, 함요한, 김두현, 김상두, 고영빈 등",,"극단 바라(제작사), 극단 바라(주최), 미니티켓(기획사)",,
496110,"창작산실, 오월바람",무용(서양/한국무용),발레,"윤전일, 박예은, 정영재, 김순정, 김지안, 이상로, 이진영 등","황진성, 문병남, 민수경 등",M발레단(엠발레단)(주최),,
496507,"창작산실, 목련 아래의 디오니소스",연극,연극,"명계남, 양동탁, 박희은, 서정식, 노준영","김명화, 임승태, 권정희 등","극단 난희(제작사), 아트 리버(Arts River)(기획사), 극단 난희 (The 난희)(제작사)",김명화,
496775,"서울 아시테지 겨울축제, 깨비가 잃어버린 도깨비 방망이",연극,연극,"유독현, 권제인, 김윤미, 신민규, 오완우, 김채연, 이은주 등","김효숙, 윤시중, 김상희 등","(사)국제아동청소년연극협회 한국본부(아시테지)(주최), (사)국제아동청소년연극협회 한국본부(아시테지)(주관)",정승진,
496964,"창작산실, 호모파베르",무용(서양/한국무용),현대무용,"최우석, 이현경, 김희정, 심재호, 양승관, 장라윤","김경신, 류백희, 조일경 등",언플러그드바디즈(주최),,
497386,"창작산실, 체액",연극,연극,"이은주, 이진경, 임영준, 최석준, 이세인, 오민애, 김아영","하수민, 이윤정, 신민섭 등","플레이씨어터 즉각반응(주관), 컬처버스(주관), 한국문화예술위원회(주최)",신해연,
497805,초록마술사의 쿡&매직,서커스/마술,서커스/마술,,,GS엔터테인먼트(주최),,
497843,행쇼,연극,연극,"박진성, 이정혁, 김정인, 김혜수, 유동원, 장혜성, 박지혜 등",,"극단 활주로(주최), 극단 활주로(기획사)",,
497845,오! 나의 귀신님,연극,연극,"김지욱, 나우호, 선우채영, 이예은, 김도연, 이규화, 윤은정 등",봉다룬,"극단 활주로(제작사), 극단 활주로(주최), 극단 활주로(주관)",김우경,
497938,그 분이 오셨다,연극,연극,"조춘호, 김초희, 서주현, 윤성욱, 김영규, 강주리, 황지은","이준석, 조만호, 문성주 등",극단 길손(제작사),김환일,"조춘호, 극단 길손(각색)"
497944,흑백다방,연극,연극,"이황의, 이달형, 윤상호, 정성호, 윤상현, 윤돈선, 윤기환 등",차현석,"극단 후암(주최), 극단 후암(주관)",차현석,
497953,"안녕하세요, 무평읍",연극,연극,"윤숙이, 윤상현, 이준영, 홍광표, 이은정, 양권석, 천윤경 등","함유운, 임숙연, 이윤희 등",연극실험실 늘(제작사),프리드리히 뒤렌마트,
497954,달콤한 무한상상!,서커스/마술,서커스/마술,,,블루엔터테인먼트(주최),,
497961,자메이카 헬스클럽 [해피씨어터],연극,연극,"박성현, 정영성, 유건우, 박예린, 이윤경, 유나결, 김수찬 등","서진원, 김재한, 강민석 등",내유외강컴퍼니(제작사),서진원,
498178,요리하는 마술사 [파주],서커스/마술,서커스/마술,"박연수, 한준희, 고태선, 이원혁, 박현우, 이희민","조희, 김용민, 박인서","(주)미스터이엔티(주최), (주)미스터이엔티(주관), (주)미스터이엔티(기획사)",,
498390,바리톤 김동섭의 슈베르트 겨울나그네,서양음악(클래식),성악,"김동섭, 정민정",,신세계 문화홀 [대구](주최),,
498583,첼로 김해은 & 기타 장대건 르네상스 예술의 부활 [대구],서양음악(클래식),기악,"김해은, 장대건",,신세계 문화홀 [대구](주최),,
498677,그리즐리 두번째 정규앨범: 삶，숨，쉼 음감회,대중음악,대중가요,,,"EGO엔터테인먼트(주최), EGO엔터테인먼트(주관)",,
498755,연애플레이리스트,연극,연극,"진지한, 김양균, 한성욱, 우가은, 김미리내, 박세진, 박수야 등",,(주)휴콘프로덕션(제작사),,
499291,해녀의 부엌: 해녀이야기,연극,연극,,,(주)해녀의 부엌(주최),,
499499,매직기프트쇼,뮤지컬,뮤지컬,"류엘, 박건령, 김잔디","이상민, 홍기선, 한기원 등","대교 트라움벨트(주최), 대교 트라움벨트(주관)",,
500051,옹알스,뮤지컬,넌버벌 퍼포먼스,"조수원, 조준우, 채경선, 최기섭, 하박, 이경섭, 최진영",,"극단 옹알스(제작사), (주)쇼플레이(주최)",,
504760,창문 넘어 도망친 100세 노인,연극,연극,"오용, 배해선, 김아영, 오소연, 오종혁, 이형훈, 최호승 등","김태형, 구윤영, 장호 등",(주)연극열전(제작사),요나스 요나손,지이선(극작)
505970,겨울은 춥고 봄은 멀다,연극,연극,"강지은, 김정호, 이원재, 이호열, 김병건, 이현직, 안상완 등","박근형, 박희민, 김혁민 등","극단 골목길(제작사), 극단 골목길(주최), 극단 골목길(주관)",박근형,
506117,"윈터뮤직페스타, 데이브레이크 & 모노플로 & 워킹애프터유",대중음악,대중가요,,,,,
506127,요한계시록,뮤지컬,뮤지컬,"권한나, 권혜은, 김범준, 김재광, 방미연, 신호용, 심재성 등","윤성인, 김광영, 윤지영 등",아티스컴퍼니 (문화동행 아티스)(주관),,
507373,문지기 문지기 문열어라 [청주],한국음악(국악),혼합,,"박병곤, 이태권, 신동일 등","음악극창작집단 톰방_삭제(주최), 음악극창작집단톰방(주최)",,
507379,그대와 영원히,뮤지컬,뮤지컬,"조예서, 김서별, 손상은, 박다영, 서민지, 임재은, 박재현 등","김기석, 김은지, 김도형 등",극단 지우(제작사),,
507381,노리야 학교가자 [마당세실극장],연극,연극,,,"애드컨텐츠(제작사), 애드컨텐츠(주최), 애드컨텐츠(주관)",,
507405,노리야 놀러가자,뮤지컬,뮤지컬,,,"애드컨텐츠(주최), 애드컨텐츠(주관), 애드컨텐츠(제작사)",,
507561,연애플레이리스트 [대구],연극,연극,"윤민구, 김승화, 장수지, 신태양, 조재호",,"(주)비컨크리에이티브(기획사), (주)비컨크리에이티브(주최)",,
508417,그녀를 믿지 마세요,연극,연극,"봉승호, 조용기, 신광희, 오태후, 박지우, 김건우, 박은주 등","이상원, 이주영, 강대근 등","하마컴퍼니(주최), 하마컴퍼니(기획사)",,
508573,팬레터,뮤지컬,뮤지컬,"김재범, 김종구, 김경수, 이규형, 이용규, 백형훈, 문성일 등","강병원, 김태형, 한재은 등",라이브(주)(제작사),,
512892,수상한 흥신소 2탄,연극,연극,"최지영, 지상록, 김범수, 신희진, 이윤경, 주우성, 이진호 등",,(주)이엠에프(제작사),,
516217,슈퍼브라더스,서커스/마술,서커스/마술,,,신세계 문화홀 [충청](주최),,
516727,박강수 소극장콘서트 [남원],대중음악,대중가요,박강수,,"베짱이홀(기획사), 베짱이홀(주최)",,
516751,오버코트,연극,연극,"김지환, 오에바다, 윤지원, 정수지, 오완우, 김채연, 신민규 등",,극단 하땅세(제작사),윤시중,
516824,＃나만빼고,연극,연극,"최진욱, 주재후, 전세기, 김태현, 권신혜, 윤지영, 김달님 등","박상협, 박민수, 박성희 등","극단 화담(주최), 극단 화담(주관)",박상협,
516960,분장실,연극,연극,"오승준, 서덕훈, 문선화, 김지영, 구본영, 홍대열, 김채원 등","양보현, 이강우, 문선화 등","벋을컴퍼니(주최), 벋을컴퍼니(주관)",양보현,
516964,기억을 지워드립니다,연극,연극,"홍대열, 백성수, 김지영, 고수빈, 구본영, 서덕훈, 오승준 등","양보현, 이강우, 문선화 등","벋을컴퍼니(주최), 벋을컴퍼니(주관)",양보현,
517017,별자리 체험마술쇼,서커스/마술,서커스/마술,"유혜리, 이형우, 김선우",,브이매직엔터테인먼트(주최),,
517118,아이언 마스크,뮤지컬,뮤지컬,"산들, 노태현, 김동한, 이건명, 김준현, 신성우, 서범석 등","방은영, 김완식, 노우성 등","(주)메이커스프로덕션(제작사), (주)글로벌컨텐츠(주관), (주)플레이앤씨(주최)",,
522104,성냥팔이소녀와 루돌프 [창원],뮤지컬,뮤지컬,"다향, 희진, 재경, 성민","이성호, 이정규, 장민호 등",(주)예술공장(기획사),,
522195,여자는 울지 않는다,연극,연극,"강승민, 김유민, 문경태, 문경희, 박진호, 이희순, 장석환 등","박혜선, 박상봉, 김하림 등",극단 청우(주최),이보람,
522233,더 나은 노래,뮤지컬,뮤지컬,"손홍민, 김은채, 장희웅, 최미용, 정택수, 황의진, 김명희","김효선, 박혜선, 이정보 등",극단 좋은나무좋은열매(제작사),,
522240,출동! 슈퍼윙스 시즌3: 우주기지를 지켜라! [청주],뮤지컬,뮤지컬,,,"(주)이에스생활문화 (ES생활문화)(제작사), (주)드림엔터테인먼트(주최)",,
523463,택시안에서 [서울],연극,연극,"손찬성, 한송호, 이규, 이용헌, 임현준, 박소희, 송유진 등",,"극단 바라(주최), 극단 바라(주관)",이규인,
523527,Memory in dream,연극,연극,"강연정, 서예화, 오의식, 박은석, 김선호, 오세미, 고애리 등",,(주)스탠바이컴퍼니(제작사),,
524597,바람이 불어오는 곳 [대학로],뮤지컬,뮤지컬,"박형규, 황려진, 언희, 박두성, 이현도, 박신후","이금구, 김명훈, 이택희 등","엘피 스토리(제작사), 엘피 스토리(기획사)",,
524749,기적의 소년,연극,연극,"정형렬, 오동준, 전정욱, 최현웅, 이준성, 신동찬, 백승문 등","김성준, 유수현, 한민규 등",극단 혈우(제작사),한민규,
524763,보잉보잉,연극,연극,"은정완, 최현규, 정태영, 이석준, 이하린, 강신혜, 권서현 등",손남목,원패스엔터테인먼트(제작사),M.까몰레띠,손남목(각색)
524886,검정고무신 [부산],연극,연극,"김지연, 이지훈, 최재민, 이은호, 박신영","최재민, 정봉석","(사)극단 에저또(주최), (사)극단 에저또(주관)",김지연,김문홍(각색)
525010,자베트,연극,연극,"박종태, 이미숙, 최희진, 김주희, 채석진","김정, 김광규, 남경식 등",프로젝트 내친김에(주최),귄터 아이히,
525102,내일은 미스트롯 전국투어 콘서트: 청춘 [천안],대중음악,대중가요,"홍자, 송가인, 정다경, 김나희, 숙행, 박성연, 정미애 등",,"(주)컬쳐팩토리_삭제(주관), (주)빅포엔터테인먼트(주관), TV조선(주최), 포켓돌스튜디오(주최), (주)컬쳐팩토리(주관)",,
531536,빈 소년 합창단 [강릉],서양음악(클래식),성악,,,"강릉아트센터(주최), 강릉아트센터(주관)",,
532756,겨울이야기 [강릉],뮤지컬,뮤지컬,,,"극단 해미소(기획사), 극단 해미소(주최)",,
533182,송대관 VS 태진아 라이벌콘서트: 한판붙자 [청주],대중음악,대중가요,"송대관, 태진아",,"(주)피앤씨플랜(주관), (주)피앤씨플랜(주최)",,
534193,춘풍이 온다,연극,마당극,"김준수, 유태평양, 서정금, 민은경, 김미진, 홍승희, 정준태","손진책, 박범훈, 국수호 등","국립극장(주최), 국립극장(주관)",김지일,배삼식(각색)
589816,알라딘과 자스민공주 [거창],뮤지컬,뮤지컬,,,"(재)거창문화재단(주최), (재)거창문화재단(주관)",,
590335,코리아윈드필하모니 더 워 콘서트 [대구],서양음악(클래식),기악,"신병기, 김수지 등",,,,
590684,아프리카 리듬과 열정을 아냐포! [대구],대중음악,재즈/월드뮤직,,,"(재)달서문화재단 (웃는얼굴아트센터, 달서아트센터)(주최), 한국문화예술회관연합회(KoCACA)(주최)",,
591088,그녀를 믿지 마세요 [대구],연극,연극,,,대구광역시 서구문화회관(주최),,
591384,PASSION [대구],서양음악(클래식),성악,"곽보라, 김민선, 홍기쁨, 조광래, 김병현, 박선민 등",,"대구음악협회(주관), (재)수성문화재단 수성아트피아(주최)",,
591387,배은진 비올라 리사이틀 [대구],서양음악(클래식),기악,"배은진, 김민지, 김종현",,"(재)수성문화재단 수성아트피아(주최), (재)수성문화재단 수성아트피아(주관)",,
591388,청소년 협주곡의 밤 [대구],서양음악(클래식),기악,,,,,
591389,싯다르타 [대구],뮤지컬,뮤지컬,"김보강, 조범준, 허윤혜, 김태현, 배준성, 박상희, 김석환 등","김면수, 성천모, 조범준 등","(주)엠에스엠시(제작사), (주)엠에스엠시(주관)",,
591517,누수공사 [부산],연극,연극,"길수경, 박강록, 허승연, 김상호, 박유진, 성하진, 최혜지","김학준, 김상호, 이주현 등","극단 연(주최), 극단 연(주관)",윤성호,
591562,"부산마루국제음악제, 염원 하늘에 닿다: 메인콘서트Ⅱ",한국음악(국악),기악,"이승희, 김스라, 최재근, 전성호, 금동훈, 이현철, 한용섭 등",유경조,"부산광역시(주최), 국립부산국악원(주관), 부산마루국제음악제 조직위원회(주관)",,
591699,검은스님들 [부산],연극,연극,,,"(주) 위너스아트컴퍼니(주최), (주) 위너스아트컴퍼니(기획사)",,
591878,"예술의전당 어린이 가족 페스티벌, 에스메의 여름",연극,연극,"심우성, 이새롬, 강나리, 서인권, 김예은","홍성연, 민찬홍, 이윤정 등",예술의전당(주최),마이크 케니,
592326,썸씽로튼,뮤지컬,뮤지컬,"강필석, 이지훈, 서은광, 박건형, 서경수, 임규형, 노윤 등","신재홍, 이지나, 황석희 등",(주)엠씨어터(제작사),,
612995,변하지 않는 것들: page 2,대중음악,대중가요,권순관,,"민트페이퍼(주최), 해피로봇 레코드(주최)",,
613169,홍도1589,뮤지컬,뮤지컬,"김미림, 김민지, 강현구, 이영욱, 권우경, 이성주, 정홍섭 등","권호성, 최기우, 진남수 등","전라북도문화관광재단(주관), 전라북도(주최)",,
613299,부산시립무용단 안무가양성 프로젝트: 몸으로 쓰는 시,무용(서양/한국무용),현대무용,"장래훈, 김수잔, 류가빈, 하현정, 윤은하, 강모세, 조현배 등",,"부산시립예술단(주관), (재)부산문화회관(주최)",,
613595,"박찬민 아나운서와 함께하는 마티네 콘서트, 드라마틱 플루트",서양음악(클래식),기악,"박찬민, 필립 윤트, 연효정",,(재)부산문화회관(주최),,
614118,우리는 친구다,연극,연극,,"김민기, 정재일",학전(제작사),폴커 루드비히,김민기(번안)
614836,"트라이보울 시리즈, 쉼표 (comma)",서양음악(클래식),기악,"이유진, 홍소유",,예술공간 트라이보울(주관),,
614844,모던타임즈 [대구],무용(서양/한국무용),현대무용,"박종수, 김홍영, 박정은, 성시준, 최선영, 최서아, 윤정인 등","노진환, 주용철, 김태섭 등","한국문화예술위원회(주최), 봉산문화회관(주최), 한국문화예술회관연합회(KoCACA)(주관), 봉산문화회관(주관), 노진환 댄스프로젝트(주관)",,
614993,단재의 혼,뮤지컬,악극,"김수현, 배은환, 민병욱, 김남표, 박푸름, 최설, 이동우 등","천경필, 정순도, 정준",대전예술의전당(주최),,
615487,색소폰 콰르텟 에스윗,서양음악(클래식),기악,,,신세계문화홀 [센텀시티](),,
615621,뭉치와 병균 끈적이,뮤지컬,뮤지컬,,,신세계문화홀 [센텀시티](주관),,
615878,싯다르타 [부산],뮤지컬,뮤지컬,"김보강, 조범준, 허윤혜, 김태현, 배준성, 박상희, 김석환 등","김면수, 성천모, 조범준 등","(주)엠에스엠시(제작사), (주)엠에스엠시(주관)",,
616432,가을은 두 번째 봄,서양음악(클래식),기악,강신태 등,,어린이예술단 햇살나무(주관),,
616784,속죄,연극,연극,"류시현, 임기정, 장우정, 전승현, 이아름 ,권찬미, 손민광 등","신그린, 김재경, 김경빈","극단 화살표(주최), 극단 화살표(주관)",,
616792,펀홈,뮤지컬,뮤지컬,"방진의, 최유하, 유주혜, 이지수, 유시현, 설가은, 최재웅 등","박소영, 채한울, 박은영 등",달컴퍼니(주관),,
628986,ANNE : 빨강머리 앤,뮤지컬,뮤지컬,,,"(주)EMC Edutainment(주최), 극단 서울(주관)",,
629137,그림자 재판,연극,연극,"홍경인, 김현균, 손성호, 최진석, 김경룡, 김영웅, 김명식 등","양태진, 하형주, 우규선 등",창작공간 스튜디오 블루(기획사),오태영,
629281,"권리장전, 친일탐구: 총독의 소리 국민적 인간의 생산",연극,연극,"이시형, 현은영, 홍성호","고혜종, 김경빈",,고혜종,
629290,"권리장전, 친일탐구: 1984",연극,연극,"강대근, 남이슬, 이웅현, 최희승","이순길, 곽예진, 오성민 등",,이순길,
629381,"권리장전, 친일탐구: 어느 (친일파)의 하루",연극,연극,"김소영, 이아름, 허지행","양지모, 최샘이, 김유리 등","권리장전축제운영위(주관), 권리장전축제운영위(주최)",공동 창작,
629413,공룡 타루,뮤지컬,뮤지컬,"이자영, 김지강, 선일, 박지훈, 김종년, 남우진, 김성건 등","진영섭, 이혜성, 김명훈 등","(주)컬쳐홀릭(제작사), (재)국립박물관문화재단(주최), (재)국립박물관문화재단(제작사), (주)컬쳐홀릭(주최), (주)창라이프(주최), (주)창라이프(제작사)",,
630083,미래의 여름,연극,연극,"김호진, 한송희, 장세환, 김희정, 김방언","신명민, 정승준, 정유석 등","창작집단LAS(주최), 창작집단LAS(주관)",한송희,
630158,"송영민의 뮤직 브런치 (6,7,8월)",서양음악(클래식),기악,"송영민, 양정윤, 이상은, 이현웅, 구자은",,"(재)노원문화재단(주최), (재)노원문화재단(주관)",,
630388,시데레우스,뮤지컬,뮤지컬,"박민성, 임병근, 이창용, 정욱진, 기세중, 임찬민, 홍지희 등","신동은, 백승우, 이유정 등",(주)랑(제작사),,
640437,"연극열전8, 마우스피스",연극,연극,"김여진, 김신록, 장률, 이휘종","부새롬, 김종석, 최보윤 등",(주)연극열전(제작사),키이란 헐리,
645059,찬란하지 않아도 괜찮아,연극,연극,"박소담, 박희원, 김영진, 임건혁, 이종원, 김찬, 서정준 등","이성모, 박경찬, 조원영 등","콘티(Con.T)(주관), 콘티(Con.T)(주최)",까마중,정가람(각색)
646638,여름은 덥고 겨울은 길다,연극,연극,"방은희, 강지은, 성노진, 서동갑, 오순태, 이호열, 이지혜 등","박근형, 박희민, 김혁민 등","극단 골목길(제작사), 극단 골목길(주관), 극단 골목길(주최)",박근형,
646783,마른대지,연극,연극,"김정, 황은후, 조의진, 강혜련, 정대진 등","윤혜숙, 김태령, 신지원 등","극단 래빗홀씨어터(제작사), 두산아트센터((재)두산연강재단)(기획사), 극단 래빗홀씨어터(기획사)",루비 래 슈피겔,
648369,렌트,뮤지컬,뮤지컬,"오종혁, 장지후, 정원영, 배두훈, 김수하, 김호영, 김지휘 등","이재은, 황현정, 오민영 등","(주)신시컴퍼니(제작사), (주)신시컴퍼니(주최), (주)신시컴퍼니(기획사)",,
660628,꽃보다 슈퍼스타,뮤지컬,뮤지컬,"김다솔, 오선미, 정여은","김철준, 하유경, 이은정 등","바인프로덕션(제작사), 바인프로덕션(기획사)",,
660642,화전가,연극,연극,"김정은, 문예주, 박소연, 박윤정, 예수정, 이다혜, 이유진 등","박상봉, 최보윤, 이성열 등",,배삼식,
663081,루드윅: 베토벤 더 피아노,뮤지컬,뮤지컬,"서범석, 김주호, 박유덕, 양지원, 김준영, 박준휘, 조환지 등","허강녕, 추정화, 허수현 등","과수원뮤지컬컴퍼니(제작사), 과수원뮤지컬컴퍼니(기획사), 과수원뮤지컬컴퍼니(주최)",,
678010,하늘정원,연극,연극,"강성욱, 이소정, 김희진, 윤지혜, 박강훈, 정희윤, 신동준 등",,"극단 유랑선(주최), 극단 유랑선(주관)",송선호,
678225,신기한 워터쇼 [김포],서커스/마술,서커스/마술,,,괜찮은 홀 [김포](주최),,
678237,오! 나의귀신님 [대전],연극,연극,"김승현, 손찬성, 이기혁, 윤다솜, 곽지수, 하은유, 김윤수 등",,"극단 활주로(제작사), 극단 활주로(주최)",,
678523,인피니티 플라잉(INFINITY FLYING) [경주],뮤지컬,넌버벌 퍼포먼스,,최철기,,,
678706,월명,뮤지컬,뮤지컬,"정호준, 류찬열, 이수정, 신시현, 나승인, 이덕재, 박진주 등","우상욱, 김선희, 이현정 등","(재)국립정동극장(제작사), (재)국립정동극장(주최)",,
682316,"제2회 스튜디오76 페스티벌, 패치워크 브레히트: Capital 02.",연극,연극,한윤춘,"임일진, 박용갑, 여국군 등",테아터라움 철학하는 몸(제작사),임형진,
682335,제2회 76페스티벌,연극,연극,"강한별, 김진주, 박민규, 여동윤, 유정호, 조영진, 한태준 등","박민규, 김용광, 임형진 등","아트 리버(Arts River)(기획사), 스튜디오76(주관), 스튜디오76(주최)","최지수, 민복기, 임형진, 존 밀링턴 씽, 안톤 체호프, 정세혁",
682344,정씨여자,연극,연극,"최석준, 신광현, 오연재, 박지원, 김성국, 이동환, 강한솔","안성현, 김동욱, 유경은 등","극단 작은곰(주최), 극단 작은곰(주관)",반무섭,안성현(각색)
682346,어쩌면 해피엔딩,뮤지컬,뮤지컬,"정문성, 전성우, 양희준, 전미도, 강혜인, 한채아, 성종완 등","김동연, 박지혜, 주소연 등","(주)CJ ENM(제작사), (주)CJ ENM(기획사), 오픈리뷰(주)(주최)",,
704554,마마누요,뮤지컬,뮤지컬,"전형민, 조연진, 강성진, 권오성 ,장인혁, 김재민, 장선미 등",표인봉,,,
704604,더 스테이지: K-POP 아이돌 도전기,뮤지컬,뮤지컬,"송재호, 김동준, 서우연, 조다원, 김예준, 지진석, 최창욱 등","신동일, 김진영, 이율구 등","비케이플래닛(주최), 비케이플래닛(주관), 아트피아컴퍼니(기획사)",,
705018,로로스페이스 썸머 뮤직페스티벌,대중음악,기타,"김형준, 김지명, 박성령, 박에셀, 성승한, 민시후, 김미혜 등",,"툴뮤직엔터테인먼트(주관), 툴뮤직엔터테인먼트(주최)",,
705066,피터팬,뮤지컬,뮤지컬,,,,,
705071,러브스펠,연극,연극,"윤교야, 백현규, 최한결, 김진혁, 정경호, 김강희, 차형은",김성현,케이뮤지컬컴퍼니(주관),김성현,
705093,로미오와 줄리엣,뮤지컬,뮤지컬,"임성목, 김광일, 김단아, 한미래, 윤석민, 이석준, 김수영 등","이석원, 남국진, 서미영 등","케이뮤지컬컴퍼니(주최), 케이뮤지컬컴퍼니(주관)",,
705124,알사탕 [서울],뮤지컬,뮤지컬,,"장희선, 홍승희, 전수양 등","할리퀸크리에이션즈(주)(제작사), 할리퀸크리에이션즈(주)(주최)",,
710553,새빨간 거짓말 [부산],연극,연극,,,(주)플레이더부산(주최),,
710589,연극 라면,연극,연극,"서윤오, 강대영, 송용섭, 설윤희, 박소희, 장예슬, 김중 등",김두환,(주)엠컬쳐컴퍼니(제작사),김두환,
710789,"제19회 의정부음악극축제, 리골레토 [의정부]",뮤지컬,악극,,"쯔카구치 토모, 손다혜, 서유석 등",(재)의정부문화재단 (의정부예술의전당)(주최),,
710909,"SAC ON SCREEN, 라 바야데르",무용(서양/한국무용),발레,"김채리, 김태석, 최지원 등","루드비히 밍쿠스, 마리위스 프티파, 바크탕 차부키아니 등","(재)유니버설발레단(기획사), (재)광주문화재단(주최)",,
710969,제4회 미스터리 스릴러전,연극,연극,"류현주, 권순미, 서세린, 이정은, 이우람, 최이진, 임진혁 등","신영은, 김은아, 김나혁 등","문화나눔공존(기획사), 문화나눔공존(주최)",,
710974,피터팬과 후크선장 [구미],뮤지컬,뮤지컬,,,극단 레미.레오(주최),,
711803,미녀와 야수 [정읍],뮤지컬,뮤지컬,,,"정읍시청(연지아트홀)(주관), 극단 엄청난 친구들 L company(주관), 정읍시청(연지아트홀)(주최), 극단 엄청난 친구들 L company(주최)",,
712477,킹스턴 루디스카 콘서트,대중음악,대중가요,"이석율, 최철욱, 한영광, 김정근, 성낙원, 서재하, 피인혁 등",,"창녕군청(창녕문화예술회관)(주최), 뮤직앤컴퍼니(주관)",,
712561,뜬쇠예술단의 뜬쇠한마당,한국음악(국악),연희,,"이수근, 최현석, 손해장 등","공주시문화시설사업소(공주문예회관)(주관), 공주시청(주최)",,
712619,"작곡가 집중탐구 Ⅲ, 비발디 [당진]",서양음악(클래식),기악,"홍원기, 김민지, 사헌순, 신정혜, 김수지, 박은지 등",,,,
712637,신데렐라 [당진],뮤지컬,뮤지컬,,,극단 해미소(주최),,
712801,팔로우미 [부산(앵콜)],연극,연극,"박규남, 김실즈, 정종욱",박규남,"(주)문화락(주최), (주)문화락(기획사)",박규남,
712821,블러디 사일런스,뮤지컬,뮤지컬,"박란주, 김이후, 유현석, 황민수, 임진섭, 윤석원, 양승리 등","안현석, 이대웅, 정호윤 등","(주)컨텐츠원(제작사), (주)컨텐츠원(주최)",,
716992,봄날의 곰,뮤지컬,뮤지컬,,"송미경, 조선형","으랏차차스토리(주관), 으랏차차스토리(주최), 대학로발전소(기획사)",,
717204,인어공주 [천안],뮤지컬,뮤지컬,,,키즈플러스(주최),,
717324,말안듣는청개구리와 개미와베짱이 [천안],뮤지컬,뮤지컬,,,키즈플러스(주최),,
717366,"댄스, 힙합에 빠지다",대중음악,대중가요,"박준호, 아리현 등",,"한국문화예술회관연합회(KoCACA)(주관), 연천수레울아트홀(주관), 문화체육관광부(주최)",,
717402,서울시오페라단 정기공연: 세비야의 이발사,서양음악(클래식),오페라,"공병우, 안대현, 허남원, 변지영, 김예은, 성승민, 전승현 등","이경재, 장서문, 정효정 등","서울시오페라단(주관), (재)세종문화회관(주최)",,
719111,모차르트 10주년 기념공연,뮤지컬,뮤지컬,"김준수, 박강현, 박은태, 김소향, 김연지, 민영기, 손준호 등","엄홍현, 김지원, 유희성 등","(주)EMK뮤지컬컴퍼니(제작사), (재)세종문화회관(주최), (주)카카오(주최), SBS(주최)",,
737433,미네소타 컨템퍼러리 앙상블 MCE 정기연주회,서양음악(클래식),기악,"김혜지, 박민희, 박소영, 나예지, 조현진, 유수지, 조현수 등",,(사)부암뮤직소사이어티(주최),,
737639,제84회 바로크와 현대가곡연구회 정기연주회,서양음악(클래식),성악,"도희선, 백재연, 최명우, 최윤정, 한나숙, 한나형, 이상준 등",,"콘서트디자인(주관), 바로크와 현대가곡연구회(주최)",,
737815,신미정 피아노 독주회,서양음악(클래식),기악,신미정,,지클레프(주최),,
737970,"산울림 고전극장, 소년 간첩",연극,연극,"손지원, 이하준, 정승민, 조현철, 김어진, 강우람, 서동현","박경식, 김한신, 전미주 등","공연창작소 공간(제작사), 극단 산울림(주최)",알퐁스 도데,박경식(각색)
737981,"산울림 고전극장, 보들레르",연극,연극,"나경민, 김사랑, 신욱, 김관장, 백승문, 이수연, 신동찬 등","한민규, 유수진, 박종화 등","극단 혈우(제작사), 극단 산울림(제작사), 극단 산울림(주최)",샤를 보들레르,
738194,전진아 거문고 독주회,한국음악(국악),기악,"전진아, 이태백",,,,
738238,정고운 가야금 소리 움직임,한국음악(국악),기악,"정고운, 이태백",,서울 문화콘텐츠 연구소(주관),,
738282,토요국악동화,한국음악(국악),혼합,,,국립국악원(주최),,
738528,박상민 소극장 콘서트: 니가 그리운 날엔,대중음악,대중가요,박상민,,"팍스뮤직엔터테인먼트(주관), 팍스뮤직엔터테인먼트(주최)",,
738614,여명 1919,연극,연극,임정은 등,"이일영, 남상혁, 노은미 등","씨어터세종(주관), (사) 항일여성독립운동기념사업회(주최)",,
738615,안티고네,연극,연극,,장윤호,"극단 등대(주관), 극단 등대(주최)",소포클래스,
738650,오싹한 연애,연극,연극,"차형은, 김태환, 이시원, 김채율, 최용식, 한승렬",,"(주)레드앤블루(구. 악어컴퍼니)(주최), (주)레드앤블루(구. 악어컴퍼니)(주관)",,
739683,나무늘보 릴렉스,뮤지컬,뮤지컬,,"조윤진, 김진환, 전창훈 등","고집센아이컴퍼니(제작사), NC컴퍼니(엔씨컴퍼니)(주관), NC컴퍼니(엔씨컴퍼니)(주최), (주)에이엠컬처(주최), (주)에이엠컬처(주관)",,
739928,꿈꾸는 쌩상(프리뷰),뮤지컬,뮤지컬,,"이명희, 서유석, 고영봉 등","(주)문화놀이터 동화(제작사), (주)에이엠컬처(기획사), (주)에이엠컬처(주관), (주)에이엠컬처(주최)",,
740068,아모르파티,뮤지컬,뮤지컬,"이기동, 현순철, 이보라, 이슬기, 김여진, 오산하, 한소영 등","서형래, 이영수, 안수현 등","제이티앤미디어(주)(제작사), 제이티앤미디어(주)(기획사), 제이티앤미디어(주)(주관), 제이티앤미디어(주)(주최)",,
740686,리미트,연극,연극,"허성민, 서신우, 오미란, 김민교, 김시권, 김영환, 황유리 등","김승민, 김민교, 허영웅","(주)지안컴퍼니(구. (주)집컴퍼니)(제작사), (주)지안컴퍼니(구. (주)집컴퍼니)(기획사), (주)지안컴퍼니(구. (주)집컴퍼니)(주관)",김민교,
740777,박진수 귀국 바이올린 독주회,서양음악(클래식),기악,"박진수, 송영민",,(주)마스트미디어(주최),,
741168,소프라노 신지연 귀국 독창회,서양음악(클래식),성악,신지연,,예인예술기획(주최),,
741487,피아니스트 강정은의 Romantic Story Ⅳ,서양음악(클래식),기악,강정은,,"음악교육신문(주최), 음악교육신문사(주최)",,
741570,장혜진 귀국 바이올린 독주회,서양음악(클래식),기악,"장혜진, 쿠프카 피오르트",,예인예술기획(주최),,
741779,박은식 피아노 독주회,서양음악(클래식),기악,박은식,,조인클래식(주최),,
742011,이정란 음반발매기념 리사이틀 [서울],서양음악(클래식),기악,"이정란, 일리야 라쉬코프스키",,MOC프로덕션(목프로덕션)(주최),,
742920,제15회 라메르에릴 정기연주회,서양음악(클래식),기악,"박준영, 이명주, 김효영, 이슬기, 양경아, 임성윤, 최규정 등",,"지클레프(주관), 앙상블 라 메르 에 릴(주최)",,
744339,오케스트라 앙상블 서울 OES의 베토벤 시리즈 IV,서양음악(클래식),기악,"이규서, 임주희 등",,"오케스트라앙상블서울 (OES)(주최), 오케스트라앙상블서울 (OES)(주관)",,
745479,뚝딱하니 용궁,뮤지컬,뮤지컬,,,"(주)위플레이프로덕션(주최), (주)위플레이프로덕션(주관)",,
745523,달의 목소리,연극,연극,,,"(재)춘천문화재단(주최), 극단 독립극장(주최)",,
746173,브레멘음악대 [수원],뮤지컬,뮤지컬,,,"극단 꿈의 공작소(주관), 극단 꿈의 공작소(주최)",,
746514,그녀를 믿지 마세요 [수원],연극,연극,,,"KBS 수원아트홀(주최), KBS 수원아트홀(주관), 극단 꿈의 공작소(주최), 극단 꿈의 공작소(주관), 하마컴퍼니(제작사)",,
746909,"SAC ON SCREEN, 여자만세",연극,연극,"성병숙, 김용선, 하성민, 최지연, 서송희",장경섭,(재)광주문화재단(주최),국민성,
746930,마리 퀴리,뮤지컬,뮤지컬,"김소향, 옥주현, 김히어라, 이봄소리, 양승리, 김찬호, 박영수 등","강병원, 천세은, 최종윤 등","라이브(주)(제작사), 우리별이야기(제작사)",,
763448,마티네 콘서트,서양음악(클래식),기악,,,(재)성남문화재단(제작사),,
763467,안성맞춤 남사당공연,한국음악(국악),연희,,,"안성시청(기획사), 안성시청(주최)",,
763627,"제19회 의정부음악극축제, 카르멘",뮤지컬,악극,"심연주, 이솔비, 이수빈 등","이용주, 심연주, 진민범 등",(재)의정부문화재단 (의정부예술의전당)(주최),,
764016,극장괴담4 [대구],연극,연극,"이미정, 박일용, 이난희, 권건우, 변영규, 조민선",김종석,"극단 예전(제작사), 호러공연예술협회(주최), 호러공연예술협회(주관)",김태석,
764018,원하고 바라고 [대구],연극,연극,,,"교육극단 나무테랑(주최), 교육극단 나무테랑(기획사)",,
764019,몸부림,연극,연극,"여혜진, 조정흠, 권건우, 이미경","이창호, 이남기, 김미향 등","극단 원각사(주관), 극단 원각사(주최)",이창호,
764023,대전시립합창단 가족음악회,서양음악(클래식),성악,"김동혁, 김수희, 박성진, 양왕열, 이한호, 성철모 등",,"대전시립합창단(주관), 대전광역시청(주최)",,
764043,비올리스트 임형진 두 번째 독주회,서양음악(클래식),기악,"임형진, 이태경",,공연기획피움(주관),,
764055,찰칵,연극,연극,"강애심, 이진경","하수민, 윤안나, 남경식 등","플레이씨어터 즉각반응(제작사), 컬처버스(주관), CJ문화재단(주최)",하수민,
764188,제이미,뮤지컬,뮤지컬,"조권, 신주협, 최정원, 김선영, 윤희석, 최호중, 정영아 등","김영욱, 이성훈, 임양혁 등","(주)쇼노트(제작사), (주)쇼노트(기획사), SBS(주최), A.C. Orange Company(기획사), A.C. Orange Company(제작사)",,
788808,리얼리티,연극,연극,"차수민, 정지원, 임혁빈, 장현구, 안승원, 안재혁, 임원 등",안태규,"윈컬쳐컴퍼니(제작사), 윈컬쳐컴퍼니(기획사)",안태규,
788873,캔터빌의 유령,뮤지컬,뮤지컬,"김성현, 유정민, 김동순, 설재영, 김유민, 최용수, 조선형 등","조선형, 오준석, 컬리디 등","MJ플래닛(엠제이플래닛)(주최), 강동문화재단(강동아트센터)(), 강동문화재단(강동아트센터)()",,
789105,금요공감 (8월),한국음악(국악),기악,"박태영, 김철웅 등",,국립국악원(주최),,
789733,다담,한국음악(국악),기악,"허진호, 신날새 등",,국립국악원(주최),,
790095,"수요열린예술무대, 뒤란 (8.19)",대중음악,대중가요,,,"울산문화예술회관(주관), UBC울산방송(주관), 울산광역시청(주최)",,
790245,인제 연극 릴레이,연극,연극,"김수진, 이운호, 김대운, 김은정, 송명기, 강해진, 유순웅 등","장대준, 권오현, 김도훈 등","(재)인제군문화재단(주최), (재)인제군문화재단(주관), 창작공간 스튜디오 블루(주관)",,
790299,두여자 [대구],연극,연극,,,하모니아아트홀(주관),,
790450,하이마스크 시즌2: 프로포즈 [안동],뮤지컬,넌버벌 퍼포먼스,,,"(사)경북미래문화재단(기획사), (사)경북미래문화재단(주최)",,
790455,변사또 생일잔치,한국음악(국악),창극,,,(재)전주문화재단(주관),,
790477,용을 쫓는 사냥꾼,한국음악(국악),연희,,,"합굿마을문화생산자협동조합_삭제(주관), 전라북도(주최), 전라북도문화관광재단(주최), 합굿마을문화생산자협동조합(주관)",,
790598,도서관에 간 사자,뮤지컬,뮤지컬,,,극단 아름다운세상(주관),,
790770,자취,연극,연극,"오승현, 김현서, 호천, 이정은, 지나경, 조민솔, 송대명 등","진종현, 박상철",위로컴퍼니(기획사),진종현,
791090,라면에 파송송,뮤지컬,뮤지컬,"김재선, 박준호, 이예은, 김태경",,"극단 기적(제작사), 극단 기적(주최), 극단 기적(주관)",,
791094,미아 파밀리아,뮤지컬,뮤지컬,"이승현, 김도빈, 권용국, 황민수, 유성재, 조풍래, 안창용 등","홍승희, 이희준, 박현숙 등","(주)홍컴퍼니(제작사), (주)홍컴퍼니(주최), (주)홍컴퍼니(기획사)",,
803049,한뼘사이 [대전],연극,연극,"차수영, 황지현, 김주하, 이연우, 최상배, 임창섭, 한훈 등",,"(주)이수컴퍼니(주최), (주)이수컴퍼니(기획사)",,
803163,신비한 놀이터 [서울],뮤지컬,뮤지컬,,"정준, 조한나, 오루피나",할리퀸크리에이션즈(주)(제작사),,
805242,미녀와 야수 [서울 금천],뮤지컬,뮤지컬,,,극단 레미.레오(제작사),,
805265,벌룬아트쇼 [대구],서커스/마술,서커스/마술,,,"탑(TOP)엔터테인먼트(주최), 탑(TOP)엔터테인먼트(주관)",,
805281,세자매,연극,연극,"한채율, 최예승, 손서인, 김도하, 양서준, 박정후, 안시원 등","정욕용, 진정하, 김나윤","희원극단(제작사), 희원극단(주최), 희원예술단(주관)",안톤 체호프,
805290,라스트 세션,연극,연극,"신구, 남명렬, 이석준, 이상윤","오경택, 김승완, 김혜지 등",(주)파크컴퍼니(제작사),마크 세인트 저메인,
813609,이철진의 월요승무이야기,무용(서양/한국무용),한국무용,"차명희, 박덕상, 하애정, 정윤성 등",엄덕영,"(사)한국춤예술센터(주관), (주)구슬주머니(주최)",,
813611,안녕! 도깨비,연극,인형극,"이주희, 고은경, 이현주, 이병선, 인정아, 한여름, 정수미 등","배근영, 김영준, 김교은 등","한국문화예술회관연합회(KoCACA)(주최), (사)한국예총 인천광역시연합회 인천예총(인천수봉문화회관)(주관), 극단 로.기.나래(주관)",박승아,
813723,제84회 순천시립합창단 정기연주회,서양음악(클래식),성악,,,,,
814637,여수국제음악제,서양음악(클래식),기악,"임주연, 서주희, 이성열, 라하영, 황인배, 김지원, 유세형 등",,"(재)범민문화재단(주최), (사)한국음악교육협회(주관)",,
815593,세빌리아의 이발사 [여수],서양음악(클래식),오페라,"하세훈, 장혜지, 김종표, 최공석, 김재찬, 신민정, 송성철","이소영, 이강호","GS칼텍스 예울마루(주최), GS칼텍스 예울마루(주관)",,
817665,개세끼들 [여수],연극,연극,"이황섭, 이헌일, 홍정호, 김태영, 최윤범, 최성욱","곽두환, 조아현, 이상원 등","(주)컬쳐익스트림엔터테인먼트(주최), 극단 그림일기(주관)",곽두환,
817735,"부산문화회관 챔버페스티벌, 조이오브스트링스의 The Color of Classics : 컬러 심리로 보는 클래식",서양음악(클래식),기악,"이성주, 이상민 등",,(재)부산문화회관(주최),,
817974,청개구리 이야기,연극,인형극,,,"(주)대구백화점 대백프라자(주최), (주)교문(주관)",,
818215,이정란 음반발매기념 리사이틀 [대구],서양음악(클래식),기악,"이정란, 일리야 라쉬코프스키",,MOC프로덕션(목프로덕션)(주최),,
818243,제465회 대구시립교향악단 정기연주회 [대구],서양음악(클래식),기악,"줄리안 코바체프, 이호원, 손은영 등",,"대구시립교향악단(주관), 대구시립예술단(주최)",,
818601,하티와 광대들,연극,인형극,"임해정, 송은정, 박정운, 강중원, 고영욱","박정운, 기춘희, 류상근 등",극단 토박이(제작사),박정운,
818750,개와 고양이의 시간,뮤지컬,뮤지컬,"송원근, 고상호, 유리아, 배나라, 고훈정, 문태유, 강지헤 등","송은도, 임병우, 한경숙 등","(주)아떼오드(제작사), 클립서비스(기획사), 클립서비스(주최)",,
836504,"김문정과 함께하는 여민락콘서트, POP MUSIC IN MUSICAL［세종］",서양음악(클래식),기악,김문정,,"세종특별자치시청(주최), (재)세종시문화재단(주관)",,
836676,하모니-카,뮤지컬,뮤지컬,"박웅, 조정환, 민아람, 조희민, 제희형, 홍종화, 김영환 등",,,,
837351,전설의 리틀 농구단,뮤지컬,뮤지컬,"유승현, 안재영, 송유택, 김현진, 임진섭, 신창주, 박대원 등","박해림, 황예슬, 장우성 등","(재)안산문화재단(제작사), (주)아이엠컬처(주최), (주)아이엠컬처(주관), (주)아이엠컬처(제작사), (재)안산문화재단(안산문화예술의전당)(제작사)",,
849922,나는 거기 있었다...,연극,연극,"양대국, 임상현, 김대희, 김춘식, 김민진, 이준, 노석체","김성노, 김철리, 허성윤 등","극단 동양레퍼토리(주관), 극단 동양레퍼토리(주최)",존 디퓨스코,
850175,"제7회 대한민국 신진연출가전, 황제의 전갈",연극,연극,"구본진, 차준명, 이정후, 염정윤, 이강철, 유경민, 홍수민","최서은, 황태경, 조선형 등","(사)한국연출가협회(주최), (사)한국연출가협회(주관), (재)성동문화재단(주최), (재)성동문화재단(주관)",프란츠 카프카,
850228,아기돼지 삼형제 [울산],뮤지컬,뮤지컬,,,"극단 레미.레오(기획사), 극단 레미.레오(주최)",,
852136,흉터 [대학로],연극,연극,,,"(주)아트플러스씨어터(주최), 대학로발전소(주관)",,
852480,청남대재즈토닉페스티벌,대중음악,재즈/월드뮤직,"최백호, 이지민, 이영주, 이한얼, 강한결, 장은성 등",,"CJB청주방송(주최), CJB청주방송(주관)",,
853020,라움 마티네 콘서트: 살롱 드 아르떼 (패키지),서양음악(클래식),기악,이신규 등,,라움아트센터(라움)(제작사),,
853052,알래스카와 같은,연극,연극,"송지현, 장영은, 한민구","엄예솔, 윤영인, 정승환 등",(주)이방인(제작사),해롤드 핀터,
853077,고모령에 달(月) 지고 [부산],연극,연극,,전승환,공연예술 전위(구.극단 전위무대)(주최),이상용,
853081,레이져 홀로그램쇼 [인천],서커스/마술,서커스/마술,,,아띠홀(주최),,
853123,SUMMER NIGHT,서양음악(클래식),기악,"김현정, 이수홍, 김량하",,쌀롱드무지끄(주최),,
853154,여름이 끝날 무렵,서양음악(클래식),기악,"문서현, 박소희",,쌀롱드무지끄(주최),,
853177,피아노의 숲,서양음악(클래식),기악,"최한결, 이정은",,쌀롱드무지끄(주최),,
853193,"밀양공연예술축제, 꿈꾸는 별들",연극,연극,"박수민, 이홍주, 김유석, 조정명, 김봄, 빈자성, 박영은 등","최원형, 박유진, 박민혜 등",(재)밀양문화재단(주관),윤대성,
853285,"대전 우리소리축제 하하하, 쪽빛황혼",연극,마당극,,,"대전시립연정국악원(주관), 대전시립연정국악원(주최), (사)마당극패 우금치(제작사)",,
853562,"대전 우리소리축제 하하하, 오방신: 이희문 X 놈놈 X 밴드허송세월 / 송소희 X 두번째달",한국음악(국악),성악,"이희문, 송소희 등",,"대전시립연정국악원(주관), 대전시립연정국악원(주최), 두번째 달(제작사), 오방신과(제작사)",,
854656,"대전 우리소리축제 하하하, 퓨전국악그룹: 풍류 & 지유진",한국음악(국악),혼합,,,"대전시립연정국악원(주관), 대전시립연정국악원(주최)",,
854826,YOU & IT,뮤지컬,뮤지컬,"서형훈, 설화, 김영한, 백승렬, 윤진솔, 서찬양, 권소이","오서은, 이응규, 이종혁 등","EG뮤지컬컴퍼니&오케스트라(주최), EG뮤지컬컴퍼니&오케스트라(주관)",,
855116,"대전 우리소리축제 하하하, 금송가야금연주단: 22살 로맨스",한국음악(국악),기악,,,"대전시립연정국악원(주관), 대전시립연정국악원(주최)",,
855192,판소리 다섯마당 [대전],한국음악(국악),성악,"유태평양, 전태원, 이진우, 이윤아, 김보림",,"대전시립연정국악원(주최), 대전시립연정국악원(주관)",,
855381,"대전 우리소리축제 하하하, 국악앙상블 너울: 청춘의 우리 소리, 젊음(音)",한국음악(국악),성악,,,"대전시립연정국악원(주관), 대전국악방송(주관), 대전시립연정국악원(주최), 대전국악방송(주최)",,
855448,노인과 바다 [광주],한국음악(국악),성악,"이자람, 이준형","박지혜, 여신동",광주문화예술회관(주최),,
855845,제67회 광주연우회 정기연주회,뮤지컬,악극,"김일동, 장마리아, 김홍석, 최은정, 신은정, 이상화, 임지현 등","최재훈, 김승곤, 김남경 등",광주연우회(주최),,
856065,내일은 미스터트롯 대국민 감사콘서트 [서울],대중음악,대중가요,"임영웅, 이찬원, 김호중, 정동원, 장민호, 김희재, 김경민 등",,"TV조선(주최), (주)쇼플레이(제작사)",,
926030,"마리아칼라스홀 초청연주 시리즈, 한희철 피아노 독주회 Ⅱ",서양음악(클래식),기악,한희철,,마리아칼라스홀(주최),,
926056,어나더 컨트리,연극,연극,"이해준, 김찬호, 이지현, 남가람, 김태오, 한동훈, 심수영 등","이성일, 이지나, 이수인 등",(주)페이지1(Page1)(제작사),줄리안 미첼,
931860,비스티,뮤지컬,뮤지컬,"김종구, 정동화, 박규원, 조풍래, 안창용, 손유동, 구준모 등",,(주)네오프로덕션(제작사),,
934134,통의동클래식 열다섯번째 연주회,서양음악(클래식),성악,"이준목, 임승훈, 배태한, 손주앙",,통의동클래식(주최),,
934135,미스터 얼간이 [부산],연극,연극,"이재영, 이대희, 장세윤, 박강록, 허진, 김수령, 손수경",,"(주)조은아트플러스(주최), (주)조은아트플러스(주관)",,
934164,연애하기 좋은 날 [부산],연극,연극,"김영삼, 유온, 손미리, 안예슬, 박강록",,"KNN(주최), KNN(기획사)",,
934963,"제1회 29아나 관람전, 클래식",연극,연극,"김수은, 박진원, 장하나, 엄대현, 박재현","이정하, 노이슬, 민병은 등",,"김기석, 박진원",
934964,"제1회 29아나 관람전, 우로보로스",연극,연극,"이현경, 조정민, 이영은, 오일영, 김동휘, 서효준, 김다혜 등","김영미, 추보름, 이유리 등",,김영미,
934975,신나는 클래식 세계여행 [안성],서양음악(클래식),기악,,,한다우리 예술기획(주관),,
935476,순수하지않아 [전주],연극,연극,"유동범, 공선민, 정광익, 채초희","유한나, 류경호, 홍성용 등","공연예술 용(주관), 공연예술 용(주최)",이창희,
935814,두뇌수술,연극,연극,"권태건, 김원태, 김청순, 신재환, 이동영, 이주형, 이지원 등","윤한솔, 정유진, 우수정 등","그린피그(제작사), (주)스탭서울컴퍼니(기획사)",진우촌,
936321,혜화동 마술사,뮤지컬,뮤지컬,"한준희, 박연수, 원유경, 이원혁","조희, 김용민, 박인서","(주)미스터이엔티(주최), (주)미스터이엔티(주관)",,
936371,내 모든 걸 [청주],연극,연극,"김기정, 지인호, 이석호, 한이연, 정다운, 김준아, 황영준 등",,"소명기획(주관), 이연컴퍼니(주최), 소명기획(주관)",,
936441,돈데보이,연극,연극,"이태훈, 이화영, 최승일, 이승현, 이수정, 정대곤, 홍은정 등","손정우, 김선영, 손대원 등","극단 유목민(주최), 극단 유목민(주관)",정경진,
936631,"톡톡 클래식, 위대한 작곡가: 베토벤 이야기",서양음악(클래식),기악,"조윤범, 김우연, 이응광, 김재원, 이소영, 임재성, 홍은선 등",,"한국문화예술회관연합회(KoCACA)(주최), (재)성동문화재단(주관)",,
939610,알라딘과 자스민공주 [익산],뮤지컬,뮤지컬,"김다솔, 서가영, 한윤아, 심시원, 노대한, 서지원, 권은정 등","이광열, 김효석, 조재은 등","극단 예일(제작사), 극단 예일(주최), 극단 예일(주관)",,
940146,팬텀싱어3 콘서트 [대구],대중음악,기타,"박기훈, 유채훈, 정민성, 최성훈, 고영열, 김바울, 황건하 등",,"(주)JTBC(제작사), (주)드림어스컴퍼니(제작사), (주)에스제이엔터(주관), (주)에스제이엔터(주최)",,
961901,가야금의 현:실,한국음악(국악),기악,"주보라, 예효승, 조현, 한지수, 이기화",,아이러브아트센터(주최),,
961949,흥해도 청춘 망해도 청춘,연극,연극,"백경희, 김정하, 신동혁, 김현철, 박세민, 이혜정, 박형석 등",나석준,"극단 STW(주최), 서경아트컴퍼니(주관)",나석준,
962510,자메이카 헬스클럽,연극,연극,"김권, 나준석, 정재훈, 강민석, 유선영, 박다진, 임윤서 등",,내유외강컴퍼니(제작사),,
962621,연작소설,연극,연극,"박민규, 이태경, 강연호, 김진주, 서명훈","김하나, 하보연, 김재우 등",극단 난연(),김하나,
962772,모노디즘 단독공연: 집회,대중음악,대중가요,,,"프리즘플러스(주관), 프리즘플러스(주최)",,
962832,"햇님이달님이 [청주,세종］",뮤지컬,뮤지컬,"박선령, 허혁, 조재문, 이혜림","이병호, 이미라, 경진수 등","극단 하이(SNG 씨어터, 하이뮤지컬컴퍼니)(제작사), 극단 하이(SNG 씨어터, 하이뮤지컬컴퍼니)(기획사), 극단 하이(SNG 씨어터, 하이뮤지컬컴퍼니)(주최)",,
962841,우면산 별밤축제,한국음악(국악),혼합,"지순자, 김원민 등",황호준,국립국악원(주최),,
963247,THE 가구,연극,연극,"손고명, 이일진, 이지현, 김윤아, 강이슬, 한아름, 황현빈 등","김학선, 구가빈, 백혜린 등","(주)다담 커뮤니케이션즈(극단 담쟁이)(제작사), (주)다담 커뮤니케이션즈(극단 담쟁이)(기획사), (주)다담 커뮤니케이션즈(극단 담쟁이)(주최)",김학선,
963260,조각 [전주],연극,연극,"이섭정, 임재성, 김태동, 김대경, 김은지, 고태열, 최효주 등",,"한해랑아트홀(극단 한해랑)(주최), 한해랑아트홀(극단 한해랑)(주관)",,
963438,"썸머 브리즈, 홍진호",서양음악(클래식),기악,홍진호,,(주)크레디아뮤직앤아티스트(기획사),,
968247,"클래식 레볼루션, 양성원 & 엔리코 파체",서양음악(클래식),기악,"양성원, 엔리코파체",,"롯데문화재단(주최), 롯데문화재단(주관)",,
969002,"클래식 레볼루션, 양성원 & 엔리코 파체 II",서양음악(클래식),기악,양성원 등,,"롯데문화재단(주최), 롯데문화재단(주관)",,
969839,"클래식 레볼루션, 성남시립교향악단",서양음악(클래식),기악,"금난새, 김기경 등",,"롯데문화재단(주최), 롯데문화재단(주관)",,
970612,"클래식 레볼루션, 임현정",서양음악(클래식),기악,임현정,,"롯데문화재단(주최), 롯데문화재단(주관)",,
971553,"함신익과 심포니 송 마스터즈 시리즈 IV,  베토벤과 멘델스존",서양음악(클래식),기악,"함신익, 유영욱, 허철, 김정수 등",,"함신익과 심포니 송(주관), 함신익과 심포니 송(주최)",,
971568,"함신익과 심포니 송 마스터즈 시리즈 Ⅴ, 차이코프스키와 바르톡",서양음악(클래식),기악,"함신익, 조이스 양 등",,"함신익과 심포니 송(주최), 함신익과 심포니 송(주관), 함신익과 심포니 송(주관)",,
971781,정명훈 & 원 코리아 오케스트라,서양음악(클래식),기악,정명훈 등,,롯데문화재단(주최),,
972762,"클래식 레볼루션, 체임버뮤직데이 I",서양음악(클래식),기악,"김승직, 김태형, 이지혜 등",,"롯데문화재단(주최), 롯데문화재단(주관)",,
973367,"클래식 레볼루션, 체임버뮤직데이 II",서양음악(클래식),기악,"김승직, 김태형, 이지혜 등",,"롯데문화재단(주최), 롯데문화재단(주관)",,
973973,"클래식 레볼루션, 체임버뮤직데이 III",서양음악(클래식),기악,"김승직, 김태형, 이지혜 등",,"롯데문화재단(주최), 롯데문화재단(주관)",,
974716,"클래식 레볼루션, 크리스토프 포펜 & 김태형",서양음악(클래식),기악,"김태형, 크리스토프 포펜",,"롯데문화재단(주최), 롯데문화재단(주관)",,
975502,"함신익과 심포니 송 마스터즈 시리즈 Ⅴ, 베토벤과 그의 후손들",서양음악(클래식),기악,"함신익, 김다미 등",,"함신익과 심포니 송(주최), 함신익과 심포니 송(주관)",,
975991,그랜드오페라단 창단 24주년 기념,서양음악(클래식),오페라,"윤정난, 김라희, 김은경, 김동원, 윤병길, 김동원 등","안지환, 카를로 빨레스키, 이우진 등","예인예술기획(주관), 그랜드오페라단(주최)",,
976088,"클래식 레볼루션, 서울튜티챔버오케스트라",서양음악(클래식),기악,고소현 등,,"롯데문화재단(주최), 롯데문화재단(주관)",,
977048,피아니스트 강지은의 Story of Life,서양음악(클래식),기악,강지은,,(주)마스트미디어(주최),,
977101,한성은 귀국 플루트 독주회,서양음악(클래식),기악,"한성은, 윤효린",,예진문화기획사 (매니지먼트예진)(주최),,
977151,양선용 프로젝트: Soundscape,대중음악,대중가요,"양선용, 방지원, 신보경, 김태훈, 백승화",양선용,"beCODE(주관), 양선용 프로젝트(주최)",,
977159,헤이린 첫 정규 미니앨범 발매 단독 콘서트,대중음악,대중가요,,,,,
977343,용기 없는 일주일,뮤지컬,뮤지컬,,"홍경숙, 배혜미, 라혜연 등",아트컴퍼니 행복자(주관),,
977403,엄마는 안가르쳐줘,뮤지컬,뮤지컬,"조용기, 지근우, 정재진, 지민영, 배혜미, 라혜연, 이태경 등",,"아트컴퍼니 행복자(주최), 아트컴퍼니 행복자(주관)",,
977564,팬텀싱어3 콘서트 [서울],대중음악,기타,"박기훈, 유채훈, 정민성, 최성훈, 고영열, 김바울, 황건하 등",,"(주)JTBC(주최), (주)JTBC(주관), (주)드림어스컴퍼니(주최), (주)드림어스컴퍼니(주관)",,
991989,프리즌 [대학로],뮤지컬,뮤지컬,"한희도, 원주, 양문수, 임한솔, 이현, 강대운, 지서율",,"(주)극단가게(주최), (주)극단가게(주관)",,
992108,토끼와자라 [창원],뮤지컬,뮤지컬,,,드리미(주최),,
992149,머더 발라드,뮤지컬,뮤지컬,"김재범, 김경수, 고은성, 김소향, 김려원, 이예은, 허혜진 등","김은영, 홍유선, 이엄지 등","(주)더블케이 필름 앤 씨어터 (더블케이엔터테인먼트)(제작사), (재)세종문화회관(주최), (주)더블케이 필름 앤 씨어터 (더블케이엔터테인먼트)(주최)",,
993700,레미제라블,연극,연극,"윤여성, 문창완, 하성민, 오현경, 박웅, 최종원, 이호성 등","이성구, 윤여성, 이윤수 등","극단 로얄씨어터(주관), 문화예술렛츠(주관)",빅토르 위고,국민성(각색)
998233,"DCMF, #01 개막콘서트: DCMF 앙상블 연주회",서양음악(클래식),기악,진솔 등,,"대구콘서트하우스(주관), 대구국제현대음악제(주관), 젊은음악인의모임(주관), 대구콘서트하우스(주최), 대구국제현대음악제(주최), 젊은음악인의모임(주최)",,
998280,"DCMF, #02: TIMF Ensemble 초청연주회",서양음악(클래식),기악,,,"대구콘서트하우스(주관), 대구국제현대음악제(주관), 젊은음악인의모임(주관), 대구콘서트하우스(주최), 대구국제현대음악제(주최), 젊은음악인의모임(주최)",,
998327,"DCMF, #03: Ensemble Eins 초청연주회",서양음악(클래식),기악,,,"젊은음악인의모임(주관), 대구콘서트하우스(주최), 대구국제현대음악제(주최)",,
998374,"DCMF, #04: 이영우 피아노 독주회",서양음악(클래식),기악,이영우 등,,"젊은음악인의모임(주관), 대구콘서트하우스(주최), 대구국제현대음악제(주최)",,
998421,"DCMF, #05: Percussion Group Rims 연주회",서양음악(클래식),기악,,,"젊은음악인의모임(주관), 대구콘서트하우스(주최), 대구국제현대음악제(주최)",,
998468,담소네공방: FLOWER DAY,대중음악,대중가요,,,,,
998621,"클래식 할 뻔(FUN)2, 세계음악기행: 변병에 핀 클래식의 꽃",서양음악(클래식),기악,"서희태, 여윤수 등",,"울산광역시청(주최), 울산시립예술단(주관)",,
999269,UNMARRIED MOTHER CONCERT,서양음악(클래식),성악,"윤정난, 방신제, 김중일, 박정민, 윤현정",,"(주)비오케이아트(주관), (주)비오케이아트(주최)",,
999282,"제38회 대한민국연극제 in 세종, 네트워킹 페스티벌 공연",연극,연극,,"안민열, 변영진, 최승열 등","세종특별자치시청(주최), (사)한국연극협회(주최), (사)한국연극협회(주관), 대한민국연극제집행위원회(주관)",,
999300,늘근도둑이야기 [안동],연극,연극,,,"안동문화예술의전당 (평생학습원)(주최), 안동문화예술의전당 (평생학습원)(주관)",,
1020618,총알탄 사람들,연극,연극,"이정춘, 홍기준, 우두연, 최병철, 전민지, 오수빈, 신지철 등","정세혁, 방무현, 김민섭 등","이매진디아츠팩토리(주관), 블레스 이엔티(주최)",정세혁,
1020644,이웃집 쌀통 [대구],연극,연극,"구진아, 신숙희, 유민지, 김현지, 박형근","김란이, 이국희, 서정란 등",극단 온누리(제작사),김란이,
1020660,와이프,연극,연극,"이주영, 오용, 손지윤, 백석광, 우범진, 정환, 송광일, 김현","신유청, 박상봉, 강지혜 등","마크923(주최), 마크923(제작사)",사무엘 아담슨,윤성호(각색)
1022620,매직프렌즈 마술쇼,서커스/마술,서커스/마술,,,드림팩토리(제작사),,
1022638,한가족 마술쇼 [인천],서커스/마술,서커스/마술,,,"공연제작사 동감(주최), 공연제작사 동감(기획사)",,
1022709,헤뽀빠: 별에서 온 편지,연극,연극,"김동재, 송하준, 김민국, 김범우, 노진경, 방진아, 서태원 등","소순영, 한백, 유다미 등",극단 배우는 사람들(주최),,
1023205,동행,무용(서양/한국무용),현대무용,"최명현, 이병진, 김종신, 최영준, 정지현, 강한나, 이영민 등","최명현, 박민호, 이영욱 등",,,
1023269,"봄 작가, 겨울 무대 낭독공연",연극,연극,"김유진, 이새롬, 감보정, 송영미, 조하나, 서정식, 장준석 등","이기쁨, 신명민, 조명균 등",(사)한국극작가협회(주최),,
1023483,시르렁 실겅 톱질이야!  [남원],한국음악(국악),창극,"배건재, 황의출, 임현빈, 이승민, 박계숙, 채원영, 이태완 등","허태영, 황의성, 황재두 등","전라북도문화관광재단(주최), 남원시립국악단(주관), 전라북도(주최), 남원시(주최)",최기우,
1023489,도고 트로트 보이즈 [아산],뮤지컬,뮤지컬,"정호, 안드레, 박종승, 정다운, 양영호","엄태경, 양영호, 정호 등",(주)지앤미디어(제작사),,
1023499,세대공감: 교과서에 수록된 우리민요,한국음악(국악),성악,"임도화, 배유경, 최미나, 김유운, 김지원, 조가완, 김제훈 등",,"(주)인사이트모션 서울돈화문국악당(주최), (주)인사이트모션 서울돈화문국악당(주관)",,
1030176,홍민지 타악기독주회,서양음악(클래식),기악,"홍민지, 장일범, 이승현, 김나연, 이현경, 조영조",,"카로스타악기앙상블(주최), 카로스타악기앙상블(주관)",,
1030243,기분을 말해봐 [부천],뮤지컬,뮤지컬,,,"피터폴앤메리(주최), 피터폴앤메리(제작사), 극단 크레파스(제작사), 피터폴앤메리(주관)",,
1030544,토끼와자라 [부천],뮤지컬,뮤지컬,,,키즈플러스(주최),,
1030548,"장일범의 해설이 있는 11시 콘서트, 피아니스트 임동민",서양음악(클래식),기악,"임동민, 장일범",,"천안예술의전당(주최), (재)천안문화재단(천안예술전당)(주최)",,
1030794,한영화 & 최예인 피아노 듀오 리사이틀 [천안],서양음악(클래식),기악,"한영화, 최예인",,,,
1030827,"ACC 브런치콘서트, 강은일의 오래된 미래",한국음악(국악),기악,"강은일, 김윤곤, 박광현, 배정현",,아시아문화원(주관),,
1031207,나의 PS파트너 [대구],연극,연극,"장경원, 임현모, 이요나, 김현진, 강홍은, 이유나, 지인규 등",,"여우별아트홀 (극단여우별)(주최), 여우별아트홀 (극단여우별)(기획사)",,
1031752,아기돼지 삼형제 [구로],뮤지컬,뮤지컬,,,2001아울렛 [구로](주최),,
1031980,이승환 뮤비 콘서트: 출첵,대중음악,대중가요,이승환 등,,"(주)드림팩토리클럽(주최), (주)드림팩토리클럽(기획사)",,
1032753,"해설이 있는 음악회, 오미선 ＆ 나승서: 가곡，시에 물들다",한국음악(국악),성악,"오미선, 나승서, 이영신, 천상혁, 장석범",,"인천문화예술회관(주최), 인천문화예술회관(주관)",,
1032830,"커피콘서트VI, 김현철: 달콤한 여유",대중음악,대중가요,김현철,,"인천문화예술회관(주최), 인천문화예술회관(주관)",,
1033415,연희는 방구왕 [부천],한국음악(국악),연희,,,"(재)부천문화재단(주최), (재)부천문화재단(주관)",,
1033567,"문화콘서트 난장, 나주정미소 난장곡간 (8.20)",대중음악,대중가요,,,"광주문화방송(주)(광주MBC)(주관), (주)램프(주관), 광주문화방송(주)(광주MBC)(주최), 나주시 도시재생과(주최), 나주읍성도시재생주민협의체(주최)",,
1033741,난설,뮤지컬,뮤지컬,"안유진, 정인지, 김려원, 정성일, 양승리, 안재영, 최호승 등","노재환, 박정인, 이기쁨 등","(주)콘텐츠플래닝(제작사), (주)콘텐츠플래닝(주최)",,
1041233,나의 알바인생,연극,연극,"남유미, 신지훈, 고지혁, 김현우",유동국,,,
1041842,정밀아 콘서트: 그리운 은하수,대중음악,대중가요,정밀아,,(주)페이지터너(주최),,
1041978,브레멘 음악대 [창원],뮤지컬,뮤지컬,,"이성호, 이정규, 이문호 등","(주)예술공장(주최), (주)예술공장(주관)",,
1042033,경섬,연극,연극,"박형준, 송경철, 김도신, 이현승, 도유정, 이원준,김찬규 등",,극단 희래단(주관),황성은,
1042058,관리인,연극,연극,"이형선, 최혜리, 이정연",임종서,"극단 JSA(주관), 극단 JSA(주최)",헤롤드 핀터,
1042070,청춘이 레몬을 깨물 때,연극,연극,"박현수, 조수빈, 김수민, 김설빈, 박석원, 강수현, 이창민","최원종, 이시원","극단 내 마음의 지도(제작사), 극단 내 마음의 지도(주최)",최원종,
1042075,생산적 장례식,연극,연극,"박우열, 김태현, 유일한, 이초아, 권순별, 김연진, 어우리 등","강재림, 장하다, 백기렬 등","극단 줌(주관), 극단 줌(주최)",강재림,
1042087,이민희 플루트 귀국 독주회,서양음악(클래식),기악,"이민희, 권은영",,음악춘추사(주최),,
1042088,손혜미 피아노 독주회,서양음악(클래식),기악,손혜미,,지클레프(주최),,
1042089,이혜원 바이올린 독주회,서양음악(클래식),기악,"이혜원, 김경란, 박미정",,지클레프(주최),,
1042093,이은정 바이올린 독주회,서양음악(클래식),기악,"이은정, 한미연",,조인클래식(주최),,
1042095,콜레기움 무지쿰 서울 정기연주회,서양음악(클래식),기악,"백승록, 김민경, 노신옥, 김은식, 김한글, 정다해, 유리슬 등",,마에스트로 컴퍼니(주관),,
1042142,안일구 플루트 독주회,서양음악(클래식),기악,"안일구, 문재원",,클라쎄(주최),,
1042151,바리톤 김대수 독창회,서양음악(클래식),성악,"김대수, 박은정",,영음예술기획(주최),,
1042178,알앤디웍스 두번째 콘서트: R＆D works UNIVERSE,뮤지컬,뮤지컬,"송용진, 지혜근, 김찬호, 고훈정, 조형균, 양지원, 최서연 등","오훈식, 신은경, 채현원 등","(주)R&Dworks(알앤디웍스)(제작사), 클립서비스(주관)",,
1043763,베르테르,뮤지컬,뮤지컬,"엄기준, 카이, 유연석, 규현, 나현우, 김예원, 이지혜 등","고선웅, 조광화, 정민선 등","(주)CJ ENM(제작사), 극단 갖가지(제작사), (주)CJ ENM(기획사), 극단 갖가지(기획사)",,
1065367,언플러그드,연극,연극,"권정수, 허정호, 이마리, 윤효비, 신재서, 임원, 박슬아 등",,"달밤엔컴퍼니(달밤N컴퍼니)(주최), 달밤엔씨어터(주관)",,
1065397,아는 엔딩,연극,연극,"선명균, 김훈만, 신사랑, 차승욱",박해성,"극단 상상만발극장(기획사), 극단 상상만발극장(주최)",,
1065511,엔드게임,연극,연극,"기주봉, 정재진, 임지수, 박윤석","오세곤, 기국서","극단 76단(주최), 극단 76단(주관)",사무엘 베케트,
1065531,정재은 파이프 오르간 독주회,서양음악(클래식),기악,"정재은, 정경, 홍예린",,예음클래식(주관),,
1065541,제20회 국민일보 신인음악회,서양음악(클래식),기악,"노하은, 김신화, 양슬기, 홍예지, 한영은, 하우현, 양수원 등",,"영산아트홀(주최), 국민일보(주최), 영산아트홀(주관)",,
1065859,제64회 연세신포니에타 정기연주회,서양음악(클래식),기악,"이택주, 우정은, 박동석, 김태형, 이무열, 노원빈, 박혜준 등",이택주,"(사)더무악뮤직컴퍼니(주최), (주)마스트미디어(주관)",,
1066096,제9회 대한민국 신인 음악제 II,서양음악(클래식),기악,"우다온, 박시은, 장수빈, 김민서, 조해담, 이건희, 강민수 등",,"예음클래식(주최), 한국 영아티스트 음악협회(주관)",,
1066116,"신비아파트 시즌3, 뱀파이어왕의 비밀 [서울(앵콜)]",뮤지컬,뮤지컬,,,"DS뮤지컬컴퍼니(제작사), (주)CJ ENM(제작사), DS뮤지컬컴퍼니(주최), (주)CJ ENM(주최)",,
1078348,흉터 [대구],연극,연극,"이종환, 최종훈, 이평화, 고귀현, 유원진, 윤운영, 엄현수 등","이홍기, 석봉준, 홍재임","(주)아트플러스씨어터(제작사), 극단 돼지(제작사)",석봉준,
1078755,메리골드,뮤지컬,뮤지컬,"선찬용, 이영록, 박웅서, 조효정, 최수연, 장효영, 정서우","신경혜, 유은혜, 정은혜 등","극단 비유(기획사), 극단 비유(주최)",,
1079111,그해 분장실,연극,연극,"윤범호, 오태은, 김정훈, 유아름, 전주형, 윤성민","박복신, 강기호, 안지현 등",,강기호,
1079898,"브런치클래식, 베토벤의 보석상자 Ⅲ: 베토벤과 함께 춤을 [군포]",서양음악(클래식),기악,"장윤성, 전용우, 이승원, 김이곤, 이예린, 정상희, 김영기 등",,"(재)군포문화재단(군포문화예술회관)(주관), (사)군포프라임필하모닉오케스트라(주관), 한국문화예술회관연합회(KoCACA)(주최)",,
1080298,제10회 별의별 춤 페스티벌,무용(서양/한국무용),한국무용,,,"(사)한국춤예술센터(주관), (사)한국춤예술센터(주최)",,
1080302,"전라북도 공연예술 페스타, 콜비츠와의 대화 [전주]",연극,연극,방수미 등,"김유미, 황호준, 김지훈",,황호준,
1080355,"전라북도 공연예술 페스타, 말괄량이 길들이기 [전주]",뮤지컬,뮤지컬,"이용관, 송수현, 고준오, 김세희, 박진영, 김선형, 최용우 등","김경민, 윤순, 송인훈 등","예술집단 고하(주관), 예술집단 고하(주최)",,
1080375,"제1회 코델 페스티벌, 괴물",연극,연극,"최미소, 나영흠","김나연, 강민호, 정다운 등","코델아트홀(주최), 생이아름다운극단(주관)",,
1080430,씨유 투모로우,연극,연극,"정유경, 양지선, 최규화, 손기태, 김민, 장호근",,,,
1080442,"제1회 코델 페스티벌, See you tomorrow",연극,연극,"최규화, 손기태, 정유경, 장효근, 김민, 양지선","박하나, 민세현, 김은수 등","코델아트홀(주최), 생이아름다운극단(주관)",박하나,
1080530,강제 결혼,연극,연극,"김정한, 손선근, 김영노, 도예성, 김범준, 정해진, 신지혜 등","김정한, 김서휘","생이아름다운극단(제작사), 코델아트홀(제작사), 생이아름다운극단(주관), 코델아트홀(주최)",,
1080534,"SURL concert: Ah, ah, ah, ah What can I do?",대중음악,대중가요,,,"민트페이퍼(주최), 해피로봇 레코드(주최)",,
1080915,신팽슬여사 행장기 [대구],연극,연극,,"김미정, 김지식","극단 구리거울(주최), 극단 구리거울(주관)","김미정, 김지식",
1088687,"제6회 무죽 페스티벌, 절대영도",연극,연극,"류진현, 서삼석, 윤상호","오재균, 조하나, 김민태 등","극단 신인류(구. 극단 로가로세)(기획사), 극장 동국(주최), 극장 동국(주관), 극단 놀터(제작사)",가네시타 다츠오,"아라이키쿠코, 윤상호(각색)"
1088691,"제6회 무죽 페스티벌, 신인류",연극,연극,,"최무성, 임요한 등","극장 동국(주최), 극장 동국(주관), 극단 신인류(구. 극단 로가로세)(제작사)",최무성,
1088717,이한진 밴드 [인천],대중음악,재즈/월드뮤직,"이한진, 안정덕, 김재국, 금명식, 김병무, 주미래",,"엘림아트센터(주최), 엘림아트센터(주관)",,
1088819,윤소희 비올라 독주회 [인천],서양음악(클래식),기악,"윤소희, 오연택",,"엘림아트센터(주최), 엘림아트센터(주관)",,
1088852,박혜선 파이프 오르간 독주회 [인천],서양음악(클래식),기악,박혜선,,엘림아트센터(주최),,
1088864,이윤석 하모니카 독주회 [인천],서양음악(클래식),기악,"이윤석, 김기경",,"엘림아트센터(주최), 엘림아트센터(주관)",,
1088950,운곡 로맨스: 생명의 날개옷 [고창],한국음악(국악),혼합,"윤영진, 김은숙, 정소정, 김애리, 김호준, 이충하, 박성준 등","구재연, 주영롱, 황태선 등","전라북도무형문화재제7-6호(사)고창농악보존회(주관), 전라북도(주최), 전라북도문화관광재단(주최), 고창군(고창군청)(주최)",,
1089058,일곱마리아기염소와 늑대 [안산],연극,인형극,,,드리미(주최),,
1089133,기분을 말해봐 [안산],뮤지컬,뮤지컬,,,"피터폴앤메리(제작사), 극단 크레파스(제작사), 피터폴앤메리(주관), 피터폴앤메리(주최)",,
1089167,"뮤지컬, 재즈에 빠지다!: 이지훈 & 전수경 [보성]",뮤지컬,뮤지컬,"이지훈, 전수경",,"보성문화예술회관(주관), 한국문화예술회관연합회(KoCACA)(주최)",,
1089421,"헬로! 오페라, 세빌리아의 이발사 [보성]",서양음악(클래식),오페라,,,"한국문화예술회관연합회(KoCACA)(주최), 보성문화예술회관(주관)",,
1089461,방울방울 버블쇼 [부산],서커스/마술,서커스/마술,,,티수(주최),,
1089527,초록마술사의 스토리텔링매직쇼,서커스/마술,서커스/마술,김경남,,GS엔터테인먼트(주최),,
1089678,킹키부츠,뮤지컬,뮤지컬,"이석훈, 김성규, 박은태, 최재림, 강홍석, 김지우, 김환희 등",,"(주)CJ ENM(제작사), (주)CJ ENM(기획사)",,
1120171,브로드웨이 42번가,뮤지컬,뮤지컬,"송일국, 이종혁, 양준모, 최정원, 정영주, 배해선, 전수경 등",,"(주)CJ ENM(제작사), (주)샘컴퍼니(제작사), 롯데엔터테인먼트(제작사), 오픈리뷰(주)(기획사), 오픈리뷰(주)(주최)",,
1154006,그녀가산다 [대구],연극,연극,"박인경, 강영은, 이창건, 윤규현, 김현성, 권성윤, 이지민 등",,"창작플레이(주최), 창작플레이(기획사)",,
1155664,알라딘과 자스민공주 [통영],뮤지컬,뮤지컬,"김다솔, 서가영, 한윤아, 심시원, 노대환, 서지원, 권은정 등","이광열, 김효석, 조재은 등","극단 예일(주최), 극단 예일(주관), 극단 예일(제작사)",,
1155681,"한수원과 함께하는 문화가 있는 날, 조아콘서트",대중음악,대중가요,"조성모, 방성호 등",,(재)경주문화재단(주관),,
1156634,누가 내 머리에 똥 쌌어? [영주],뮤지컬,뮤지컬,,,"한국문화예술회관연합회(KoCACA)(주최), 영주시문화예술회관(주관), 극단옹기종기(주관)",,
1156676,유랑극단 [포항],연극,연극,"김용운, 김민철, 최현아, 이흔지, 하지희, 정구익, 김순남 등","김하영, 박정우, 권혜원 등",,류보미르 시모비치,소민(각색)
1156716,버라이어티 서커스쇼 [정선],서커스/마술,서커스/마술,,,"(주)강원랜드(기획사), (주)강원랜드(주최)",,
1156734,찰리채플린 시네마콘서트 with 신나는섬 [울산],대중음악,대중가요,,,울주문화예술회관(울주군시설관리공단)(주관),,
1156872,모이라이 게임,연극,연극,"심민섭, 유효현, 강예리, 이은창, 기다윤, 김희주","최지원, 김서영, 김연수 등",(재)서울문화재단(주최),공동 창작,
1156898,We 2Z Live: Contact,대중음악,대중가요,,,ART K GLOBAL(아트 케이 글로벌)(제작사),,
1156963,유림식당,연극,연극,"조성운, 김원우, 한송, 김진혁, 이윤정","위명우, 우창수, 이해준 등",극단 휘파람(기획사),고진아,
1156976,찔려찔러,뮤지컬,뮤지컬,"임현준, 박민규, 방연수, 윤경혜, 최용준, 송지수, 김시진 등","임세영, 최영재, 임세호 등",극단 클라우드(플레이클라우드)(제작사),,
1157192,"티엘아이 아트센터 젊은음악가시리즈, 양윤희 피아노 독주회",서양음악(클래식),기악,양윤희,,"티엘아이 아트센터(주최), (주)조슈아(티엘아이 아트센터) (주최)",,
1157209,"티엘아이 아트센터 젊은음악가시리즈, 송민제 첼로 독주회",서양음악(클래식),기악,"송민제, 이현진",,"티엘아이 아트센터(주최), (주)조슈아(티엘아이 아트센터) (주최)",,
1157306,"티엘아이 아트센터 젊은음악가시리즈, 이정현 첼로 독주회",서양음악(클래식),기악,이정현,,"티엘아이 아트센터(주최), (주)조슈아(티엘아이 아트센터) (주최)",,
1157316,베어 더 뮤지컬,뮤지컬,뮤지컬,"기세중, 오승훈, 정휘, 김리현, 문성일, 임준혁, 홍승안 등","임동균, 이재준, 정도영 등","(주)쇼플레이(제작사), 오픈리뷰(주)(주관)",,
1173528,"대한민국오페라페스티벌, 세빌리아의 이발사",서양음악(클래식),오페라,"양두름, 구은경, 강동명, 김종표, 박상욱, 김영복, 김윤희 등","김선, 조르죠 본조반니, 한동일 등","대한민국오페라페스티벌 조직위원회(주최), 김선국제오페라단(주관)",,
1174687,광염소나타,뮤지컬,뮤지컬,"김지철, 유승현, 유회승, 홍주찬, 김주호, 이선근, 려욱 등","김지호, 정민아 등","(주)신스웨이브(제작사), (주)신스웨이브(기획사), (주)신스웨이브(주최)",,
1191837,더 모먼트,뮤지컬,뮤지컬,"박시원, 원종환, 유성재, 강정우, 주민진, 유제윤, 김지은 등","표상아, 김여우리 등","(주)스탠바이컴퍼니(제작사), (주)스탠바이컴퍼니(기획사)",,
1205521,살고지고,연극,연극,"오인순, 김성숙","송현창, 전양식, 최사무엘 등",극단 원공(제작사),류수현,송현창(각색)
1205570,존경하는 엘레나 선생님,연극,연극,"정재은, 우미화, 양소민, 김도빈, 박정복, 강승호, 김현준 등","정인석, 이봉규, 김태형 등","(주)아이엠컬처(제작사), (주)아이엠컬처(기획사)",류드밀라 라주몹스까야,오인하(각색)
1209612,오페라의 유령 월드투어 [대구],뮤지컬,뮤지컬,"조나단 록스머스, 에이든 반야드, 클레어 라이언, 케이틀린 피니, 메간 올트, 맷 레이시, 베벌리 차이앗 등",,"대구MBC(주최), 파워엔터테인먼트(주)(주관), 클립서비스(주관), 에스앤코(S&CO)(제작사), 롯데엔터테인먼트(제작사)",,
1251115,"베토벤, 음악이 되다",서양음악(클래식),기악,"김기쁨, 김설아, 김요한, 박희성, 송승현, 신봄이, 이소림 등",,앙상블리안(주최),,
1251118,"음악의 밤, 밤의 음악",서양음악(클래식),기악,하동완,,,,
1251143,피아노트리오 울림의 우리가 사랑한 트리오,서양음악(클래식),기악,"황예진, 황예찬, 황민솔",,앙상블리안(주최),,
1252134,통영 힐링 콘서트,대중음악,재즈/월드뮤직,"고희안, 신현필",,"통영시(주최), 통영리스타트플랫폼(주관), 한국토지주택공사(주최)",,
1252203,마쯔와 신기한 돌,연극,연극,,,이야기꾼의 책공연(주관),마르쿠스피스터,
1252331,페인터즈 [서대문],뮤지컬,넌버벌 퍼포먼스,,,"(주)펜타토닉/액션드로잉 히어로(주최), (주)펜타토닉/액션드로잉 히어로(주관)",,
1252355,서울녘 피아졸라,서양음악(클래식),기악,"손다영, 강민석",,아르케컬처(주최),,
1252411,21세기 살롱콘서트 [부산],서양음악(클래식),기악,,,,,
1252441,클래식 샹들리에 in 나루,서양음악(클래식),기악,"브랜든 최, 변현정, 장우리, 김재원",,"한국문화예술회관연합회(KoCACA)(주최), (재)광진문화재단(주관)",,
1252533,알라딘과 자스민공주 [용인],뮤지컬,뮤지컬,,"이광열, 김효석, 조재은",극단 예일(제작사),,
1253190,청춘만발,한국음악(국악),기악,,,"(재)국립정동극장(제작사), (재)국립정동극장(주최)",,
1310701,피아노를 위한 큐레이션 피아노위크 [대구],서양음악(클래식),기악,"이미연, 김미리네, 김종현, 장태화, 정지교, 최훈락, 추교준",이미연,"(재)달서문화재단 (웃는얼굴아트센터, 달서아트센터)(주최)",,
1310733,"화 앙상블, 피아노와 타악기의 만남 [대구]",서양음악(클래식),기악,"김수연, 주은아, 정유민, 한성원, 성경현, 정하영, 김연주 등",,"(재)달서문화재단 (웃는얼굴아트센터, 달서아트센터)(기획사), (재)달서문화재단 (웃는얼굴아트센터, 달서아트센터)(주최)",,
1310905,언덕을 넘어서 가자,연극,연극,"김삼일, 홍문종, 서영우, 채치민, 이동학, 김미향","이국희, 김진희, 구진아 등",대구문화예술회관(주최),이만희,
1311037,고전적 낭만,서양음악(클래식),기악,"최혜리, 이강원, 송정민, 경희설, 이언",,"대구음악협회(주관), (재)수성문화재단 수성아트피아(주최)",,
1311041,백경우의 전통춤 기원(祈願) [대구],무용(서양/한국무용),한국무용,"백경우, 장유경, 공성재, 김세진, 김양화, 김영진, 방수미 등",,"(재)수성문화재단 수성아트피아(주최), (재)수성문화재단 수성아트피아(주관)",,
1311056,이상한 나라의 앨리스 [부산],뮤지컬,뮤지컬,,,(주)ENTI(이엔티아이)(기획사),,
1311064,토요신명,한국음악(국악),혼합,,,국립부산국악원(주최),,
1311066,"베토벤 피아노 소나타 전곡연주회 VII, 박정희 피아노 리사이틀",서양음악(클래식),기악,박정희,,"아트뱅크코레아(주최), 아트뱅크코레아(주관)",,
1336468,마술피리 [구로아트벨리],서양음악(클래식),오페라,"박혁기, 김은영, 조지석, 이성훈, 전병운, 정재형, 남궁송 등","백우주, 박정은, 홍성미 등",오르페우스 오페라단(주최),,
1336507,기차,연극,연극,"김민규, 김요환, 이동인, 김영건, 김서연, 한다희, 장희정 등","박정의, 조선형, 양동민 등","극단 초인(제작사), 극단 초인(주관), 극단 초인(주최)",,
1336518,착한 사람,연극,연극,"김주원, 박경찬, 박동훈, 서민정, 안왕기, 위자현, 장준석 등","조명균, 안왕기, 위자현 등","연극집단 무공연마(기획사), 연극집단 무공연마(제작사)",베르톨트 브레히트,조명균(각색)
1336636,슈퍼맨처럼-!,뮤지컬,뮤지컬,,"김민기, 정재일",학전(제작사),,
1336884,안개,연극,연극,"신정훈, 장문규, 김성현, 배상규, 양권석, 정양직, 조정윤 등","박지수, 황일선, 김병찬","극단 아우토반(주최), 극단 아우토반(주관)",,
1336938,양욱진 첼로 독주회,서양음악(클래식),기악,"양욱진, 박민선",,,,
1340056,바틀비 신화,연극,연극,"이상승, 이현석, 김현아, 윤소연, 한상욱, 나승현, 김상우","연지아, 노유정, 김재홍 등",창작집단 혜윰(제작사),허먼멜빌,연지아(재창작)
1340250,혜영에게 [대구],연극,연극,"이광희, 박지훈, 이규리, 이다은",김현규,"극단 하루(주관), 극단 헛짓(주관)",김현규,
1340280,"권리장전, 친일탐구: 알츠, 하이! 뭐？",연극,연극,"오현지, 이경열","김영철, 도상란, 김상진 등",루씨드드림 문화예술협동조합(제작사),도상란,
1340286,플레이 위드 햄릿,연극,연극,"박동욱, 이섬, 임승범, 온해성","유인수, 박선희, 조승연 등","(주)연우무대(제작사), (주)연우무대(기획사), 플레이위드(제작사), 플레이위드(기획사)",윌리엄 셰익스피어,박선희(각색)
1341258,인계점,연극,연극,"이승기, 이지영, 장덕수, 이민재, 이설희","김연미, 박경찬, 김진아","콘티(Con.T)(제작사), 콘티(Con.T)(기획사)",이성모,김연미(각색)
1341309,백범,뮤지컬,뮤지컬,"김명희, 채태인, 권상석, 최현선, 이정수, 민준호, 유신 등","장성희, 장우성, 원미솔 등","(재)국립박물관문화재단(제작사), (재)국립박물관문화재단(주관), (재)국립박물관문화재단(주최)",,
1341572,오방신과 발광,한국음악(국악),혼합,"이희문, 신승태, 조원석, 노선택, 선란희, 박현준, 송승호 등",,"(재)노원문화재단(주최), (재)노원문화재단(주관)",,
1361250,"연극열전8, 아들 Le Fils",연극,연극,"김승수, 이주승, 이석준, 강승호, 정수영, 양서빈, 송영숙 등","민새롬, 임수현, 오태훈 등","(주)연극열전(제작사), (주)연극열전(주최), (주)연극열전(기획사)",플로리앙 젤레르,
1367217,"몽중인-나는 춘향이 아니라,",연극,연극,"이승희, 이향하, 장혁조 등","이승희, 이연주, 유현진 등","두산아트센터((재)두산연강재단)(제작사), 두산아트센터((재)두산연강재단)(기획사)",,
1368372,"My Song for You VOL.13, 택우＆윤한솔",대중음악,대중가요,윤한솔 등,,"롤링홀(주최), 롤링홀(주관)",,
1384334,"OMC 콘서트, 원플러스원",뮤지컬,뮤지컬,"박규원, 양지원",,과수원뮤지컬컴퍼니(주최),,
1385051,행복,연극,연극,"정영성, 차형은, 김범수, 주현우, 김단율, 김보람, 김소민 등",,"파랑컴퍼니(기획사), 파랑컴퍼니(주최)",,
1385132,첼로 두오 헤르츠 리사이틀,서양음악(클래식),기악,"김현정, 손종희, 진선미",,"피들스공연기획(주최), 피들스공연기획(주관)",,
1387593,돌이 된 여자,연극,연극,"이준호, 김여은, 임후성","임후성, 김성민, 유은경 등","극단 피오르(제작사), 극단 피오르(주관), 극단 피오르(주최)",김성민,
1415416,토끼와 자라 [대전],뮤지컬,뮤지컬,"이준목, 정다운, 이경원, 김예린, 김유정","박귀화, 이준목, 신수진",가족뮤지컬극단 오즈(제작사),,
1417707,아양신인안무가페스티벌 [대구],무용(서양/한국무용),현대무용,"박광현, 박도운, 김민준, 장성욱","강정선, 김영남, 임지윤 등","(재)대구광역시 동구문화재단(주최), (재)대구광역시 동구문화재단(주관)",,
1418080,"PARS'S 작가전 3rd, 몰리에르",연극,연극,"김경훈, 강지나, 황시윤, 장재영, 김대원, 이지운, 김수한 등","조기왕, 김은희, 이종근 등","PARS(공연예술연구스튜디오)(주최), 동서대학교 LINC+ 사업단(주관)",,
1418443,정윤정 피아노 독주회,서양음악(클래식),기악,정윤정,,이든예술기획(주최),,
1418445,동물없는 연극,연극,연극,"정연주, 이지혜, 정주희, 오지영, 표하나, 강지현, 백상원","김세환, 박민우, 우혜인 등",극단 어느날(제작사),장 미셀 리브,
1418453,방귀쟁이 며느리 [구미(신평)],뮤지컬,뮤지컬,,,극단 레미.레오(주최),,
1420115,떳다! 복(福)고풍,한국음악(국악),연희,,,"고창군(고창군청)(주최), 전라북도(주최), 고창군(고창군청)(주관)",,
1420152,핑크퐁 클래식나라: 뚜띠를 찾아라 [공주],뮤지컬,뮤지컬,,,공주시문화시설사업소(공주문예회관)(주관),,
1420640,보잉보잉 [공주],연극,연극,,,"공주시문화시설사업소(공주문예회관)(주관), 공주시청(주최)",,
1437348,이음콘서트,서양음악(클래식),기악,"권주용, 강초롱, 김종훈, 전경호, 김선희, 강무림",김희준,"(사)서울오케스트라(주최), (사)서울오케스트라(주관)",,
1437675,마술피리 [세종문화회관],서양음악(클래식),오페라,"정성미, 김성진, 최은석, 이주연, 신명준, 김성천, 이경희 등","홍지원, 박지운, 목은아 등",(사)뉴서울오페라단(주최),,
1438509,유한나 귀국 바이올린 독주회,서양음악(클래식),기악,유한나,,,,
1438712,문세희 피아노 독주회,서양음악(클래식),기악,문세희,,,,
1438724,판 페스티벌,연극,연극,,,"극단 산울림(주최), 극단 산울림(주관)",,
1438969,수요춤전,무용(서양/한국무용),한국무용,"공민선, 김경숙, 최경자, 윤명화, 이지선, 김부경, 정용진 등",,국립국악원(주최),,
1439976,이단자들,연극,연극,"김난희, 안수호, 윤경화, 이선주, 이정재, 최명경 등","박상봉, 김성구, 김철환 등",극단 사개탐사(제작사),리차드 빈,박혜선(각색)
1440000,지구를 떠나는 법,연극,연극,"신장환, 노현수, 허정희","이상철, 김효상, 한원균 등","극단 은행나무(주최), 극단 은행나무(주관)",,
1442513,김연정 바이올린 독주회,서양음악(클래식),기악,"김연정, 정도행",,프로아트엔터테인먼트(주최),,
1442515,TRIO CONCERT: 트리오 101 희망을 노래하다,서양음악(클래식),기악,"한소라, 김영은, 공원영",,영음예술기획(주최),,
1442523,왔어! 왔어!,뮤지컬,뮤지컬,"김도하, 최예승, 김나윤, 한채율, 권기은, 박정후, 양서준 등","김나윤, 최지혜, 권기은 등","희원극단(주관), 남북하나재단창작지원사업(주최)",,
1442533,제169회 인천시립합창단 정기연주회,서양음악(클래식),성악,"김종현, 강헤정, 강지연 등",김종현,"인천시립합창단(주관), 인천문화예술회관(주관), 인천광역시(주최)",,
1442896,"클래식시리즈 3, 엔니오 모리꼬네를 위하여",서양음악(클래식),기악,"김문경, 안두현, 송영훈, 신창용, 손지수 등",,"인천문화예술회관(주최), 인천문화예술회관(주관)",,
1456226,힐링매직콘서트,서커스/마술,서커스/마술,,,"(주)대구백화점 대백프라자(주최), (주)교문(주관), (주)블루아트컴퍼니(주관)",,
1456283,베니스의 상인 [대구],연극,연극,"김민선, 석효진, 이혜정, 조유진","강석호, 김지영, 손지형 등",,윌리엄 셰익스피어,김지영(각색)
1486459,독도 아리랑,뮤지컬,뮤지컬,"서정화, 정춘권, 정희라, 김양훈, 정영석","서정화, 정영석, 서영채 등","극단 오렌지컴퍼니(오렌지아트컴퍼니)(주최), 극단 오렌지컴퍼니(오렌지아트컴퍼니)(제작사)",,
1487136,이퀄,연극,연극,"김지휘, 조성윤, 최정헌, 안태준, 이수웅, 지호림","이은영, 이홍이, 최민우 등","(주)스탠바이컴퍼니(제작사), (주)스탠바이컴퍼니(주최)",스에미츠 켄이치,
1491752,행복 [대전],연극,연극,"정영성, 차형은, 김범수, 주현우, 김단율, 김보람, 김소민 등","이선희, 정세혁","파랑컴퍼니(주최), 파랑컴퍼니(제작사), 극단 화살표(제작사)",이선희,
1491793,Stage 30 (9월),대중음악,대중가요,"조정치, 김종국, 손성제, 정수욱, 윤석철, 서수진 등",,"유나이티드프로듀서스(UPD)(주관), 스트라디움(주최)",,
1491911,"친절한 디토씨의 클래식 음악여행 #1, 이탈리아 고전음악 순례",대중음악,기타,황지원 등,,(주)클럽발코니(주최),,
1491944,청의 [대구],뮤지컬,뮤지컬,"강산하, 이우람, 구주완, 민경조, 이지민, 김동민, 최영재 등","강석호, 김은환, 김재만 등","공연제작 엑터스토리(주관), 공연제작 엑터스토리(주최)",,
1499254,오만과 편견,연극,연극,"김지현, 정운선, 백은혜, 홍우진, 이동하, 신성민, 이형훈 등","박소영, 김희수, 최영은 등","달컴퍼니(제작사), (주)파크컴퍼니(제작사), (주)엠피앤컴퍼니(주최), (주)엠피앤컴퍼니(기획사)",제인 오스틴,
1503239,청년풍물야인전,한국음악(국악),연희,,,"(주)구슬주머니(주최), (주)구슬주머니(주관)",,
1503665,"고수의콘서트 레퍼토리Ⅱ, 민요와 함께 놀다 가(歌)",한국음악(국악),성악,"조경곤, 유춘랑, 김형철, 민명희, 정예진, 황영수, 박미영 등",,"(재)인천서구문화재단(주관), 한국문화예술회관연합회(KoCACA)(주최)",,
1503716,생쥐와 딸기 & 꾀 많은 토끼,연극,인형극,,,"(주)대구백화점 대백프라자(주최), (주)교문(주관)",,
1503959,인어공주 [목포],뮤지컬,뮤지컬,,,아리커뮤니케이션즈(주최),,
1503975,"제39회 대구음악제, 가을밤, 아름다운 선율 속으로...",서양음악(클래식),기악,"정효민, 김은지, 최민정, 배원, 구본룡, 이경희, 박주영 등","김헌일, 오은정","대구음악협회(주관), 대구음악협회(주최)",,
1503978,"썸머 페스티벌, 피아니스트 박종훈 Family Concert [대구]",서양음악(클래식),기악,"박종훈, 박미선, 박치상, 경희설, 돔잘",,"대구콘서트하우스(주최), 대구콘서트하우스(주관), 공간울림(주최), 공간울림(주관)",,
1534292,미오 프라텔로,뮤지컬,뮤지컬,"이승현, 김대현, 최석진, 김순택, 최호승, 백기범, 정성일 등","노재환, 박정인, 이희준 등","(주)콘텐츠플래닝(제작사), (주)콘텐츠플래닝(주최), 클립서비스(기획사), 클립서비스(주최)",,
1535529,성난 서울 삼신할미,연극,연극,"신아름, 이연주, 박새미, 이두원, 김홍규, 구민정, 김신영 등","남궁진, 박다원, 남택근 등",극단 향연(주최),,
1535537,생활풍경,연극,연극,"강주희, 고용선, 권미나, 권주영, 김보경, 김선기, 김해미 등","김수정, 원아영, 전웅 등","극단 신세계(구. 창작집단 툭)(주최), 극단 신세계(구. 창작집단 툭)(주관)","김수정, 원아영",
1536043,무인도 탈출기,뮤지컬,뮤지컬,"유승현, 강찬, 안재영, 박건, 손지애, 이휴","윤상원, 박인영, 박지윤 등","극단 섬으로간 나비(주최), 극단 섬으로간 나비(제작사)",,
1543704,알라딘과 요술램프 [울산],뮤지컬,뮤지컬,"이영재, 박동혁, 김영춘, 김진영, 오하영, 김영은, 강은비","김영춘, 신예진, 박신호",극단 지니(제작사),,
1545262,블랙코메디,연극,연극,"배시현, 윤상정, 박소현, 이상렬, 배정빈, 유형욱, 윤호정 등","조수잔나, 이상렬, 김명 등","프로젝트비규정장소(주최), 프로젝트비규정장소(주관)",피터 쉐퍼,조수잔나(각색)
1545353,덕분에 콘서트,대중음악,대중가요,,,"강릉시청(주최), 강원영동CBS(주최)",,
1545445,차이콥스키 시리즈 [인천],서양음악(클래식),기악,"김규연, 지윤권, 이지혜, 김지윤, 이한나, 윤소희, 송영훈 등",,인천광역시 경제자유구역청(아트센터 인천)(주최),,
1545796,"마티네 콘서트, 오전11시, 클래식 공방",서양음악(클래식),기악,"안종도, 유영욱, 피터 오브차로프, 홍혜란",,인천광역시 경제자유구역청(아트센터 인천)(주최),,
1545926,Altos Romanticism,서양음악(클래식),기악,"문명환, 송영민",,쌀롱드무지끄(주최),,
1545938,sonata op.120,서양음악(클래식),기악,"심규호, 박진형",,쌀롱드무지끄(주최),,
1545950,Bach & Ysaye,서양음악(클래식),기악,문지형,,쌀롱드무지끄(주최),,
1545956,음악이란 언어로,서양음악(클래식),기악,박진형,,쌀롱드무지끄(주최),,
1545970,시골학생,연극,연극,"박정민, 강준영, 신경민, 최이슬, 박소영, 박유빈, 정재종 등","오충수, 이준호, 김선영",CS뮤지컬컴퍼니(제작사),오충수,
1545982,쉿! [대전],연극,연극,"이영중, 윤희철, 엄성현, 김은우, 정석희","유나영, 주란숙, 윤용근 등","극단 토끼가사는달(제작사), 극단 토끼가사는달(주관)",안톤 체호프,유나영(각색)
1546989,"괴테의 시(詩)를 노래하는 음악가들 시리즈 Ⅰ,II",서양음악(클래식),성악,"강진희, 조성숙, 이정은, 송선미, 채진영, 박종근, 김병진 등",강진희,"레알슈팀메(주관), 레알슈팀메(주최)",,
1547277,"11시 음악산책 6, 정재형의 프롬나드",대중음악,재즈/월드뮤직,"정재형, 이상협",,"광주문화예술회관(주최), 광주문화예술회관(주관)",,
1547798,허풍선이 극장의 비밀,뮤지컬,뮤지컬,,,"(주)마인드블로잉이엔티(주관), (주)마인드블로잉이엔티(주최)",,
1547946,"마리아칼라스홀 초청연주 시리즈, 한희철 피아노 독주회 Ⅳ",서양음악(클래식),기악,한희철,,마리아칼라스홀(주최),,
1576871,문화가 있는 날,무용(서양/한국무용),현대무용,,,경상남도문화예술회관(주최),,
1577633,우리집에 손주며느릿감이 온다,연극,연극,"김한봉희, 조아라, 김영준","방혜영, 임성빈, 김영준 등",연극집단 공외(제작사),방혜영,
1580215,싸이코패스를 사랑한 스토커 [대구],연극,연극,"이창호, 전아현, 조정흠, 장선주","이창호, 여혜진","극단 미르(주최), 극단 미르(주관)",이창호,
1580221,덤 웨이터,연극,연극,"김동현, 박경우","하병훈, 안희성, 이동규 등","극단 인파(INPA)(제작사), 극단 인파(INPA)(주최), 극단 인파(INPA)(주관)",해롤드 핀터,
1580225,플라타너스,연극,연극,"정재우, 박미부, 오동준, 최찬영, 최현웅, 최영진","이준성, 남궁진, 어소정 등",극공생집단 야기(제작사),이준성,
1580390,박소은의 어쿠스틱 단독콘서트: 손없는날,대중음악,대중가요,박소은,,"프리즘플러스(주최), 프리즘플러스(주관), 까미뮤직(주최), 까미뮤직(주관)",,
1580509,단짠콘서트,대중음악,대중가요,,,"프리즘플러스(주관), 까미뮤직(주관), 프리즘플러스(주최), 까미뮤직(주최)",,
1580558,"빨간모자야 조심해! [청주, 세종]",뮤지컬,뮤지컬,"박선령, 허혁, 조재문, 이혜림","이병호, 박선령, 김병철 등","극단 하이(SNG 씨어터, 하이뮤지컬컴퍼니)(제작사), 극단 하이(SNG 씨어터, 하이뮤지컬컴퍼니)(기획사), 극단 하이(SNG 씨어터, 하이뮤지컬컴퍼니)(주최)",,
1580570,코뿔소,연극,연극,"이재찬, 이동현, 박준서, 김아람, 장현준, 한승헌, 안예은","오정국, 전현미, 배지현 등","해운대문화회관(주최), 해운대문화회관(주관), 프로젝트팀 이틀(주최), 프로젝트팀 이틀(주관)",외젠 이오네스코,
1580590,행쇼 [전주],연극,연극,,,"한해랑아트홀(극단 한해랑)(주최), 한해랑아트홀(극단 한해랑)(주관)",,
1580634,"세계4대오페라축제, 라트라비아타",서양음악(클래식),오페라,"김순영, 허영훈, 박정민, 하주현, 김재일, 김재찬, 이준석 등","정지철, 양진모, 윤선빈 등","(사)김자경오페라단(주관), 세계4대오페라축제(주최)",,
1580693,쇼팽으로 만나는 지브리 오케스트라,서양음악(클래식),기악,"정한빈, 안두현 등",,"(주)스톰프뮤직(주최), (주)스톰프뮤직(주관)",,
1581024,"세계4대오페라축제, 사랑의 묘약",서양음악(클래식),오페라,"박선휘, 김주완, 왕광렬, 주영규, 이경희 등","박태환, 김남윤, 방정욱 등","세계4대오페라축제(주최), (주)더블유필하모닉오케스트라(주관), 송파구(주관)",,
1581091,소프라노 이현민 독창회,서양음악(클래식),성악,"이현민, 양기훈",,"콘서트디자인(주관), 봄빛앙상블앤오페라(주최)",,
1581095,한동연 첼로 독주회,서양음악(클래식),기악,"한동연, 황보영, 이나영",,지클레프(주최),,
1581096,JUNGLE,연극,연극,"강인성, 권재은, 김동현, 김승기, 김준삼, 김태민, 김태성 등","김혜성, 김혜리, 오가현 등","극단 ETS(극단 이티에스)(주최), 극단 ETS(극단 이티에스)(주관)","조 머피, 조 로버트슨",
1581279,내 모든 걸 [대구],연극,연극,"김기정, 한이연, 황영준",,(주)교문(주최),,
1581608,셰프: 비밥의 새로운 이름,뮤지컬,넌버벌 퍼포먼스,,,(주)페르소나(제작사),,
1592904,Play Blue Note Masterpiece VOL3 [대구(앵콜)],대중음악,재즈/월드뮤직,"이지영, 조정현, 이용석, 최은창, 한웅원",,"플러스히치(주최), 플러스히치(기획사)",,
1592985,"재즈 명반을 만나다 2, My Song [대구]",대중음악,재즈/월드뮤직,"승하철, 김성수, 송준영",,플러스히치(주최),,
1593178,제174회 포항시립교향악단 정기연주회,서양음악(클래식),기악,"임헌정, 김윤희 등",,포항시립교향악단(주최),,
1593210,"대구아티스트위크 시즌 Ⅲ, 피아노: 정나영 & 문민영 듀오 리사이틀",서양음악(클래식),기악,"정나영, 문민영",,"대구콘서트하우스(주관), 대구콘서트하우스(주최)",,
1593416,"대구아티스트위크 시즌 Ⅲ, 피아노: Virtuoso & Piano Fantasy",서양음악(클래식),기악,"이지은, 이재준, 김효준, 추교준, 서주희, 이다영",,"대구콘서트하우스(주관), 대구콘서트하우스(주최)",,
1593632,"제39회 대구음악제, Piano! From now on",서양음악(클래식),기악,"김성연, 위수인, 정유민, 김연귀",,"대구음악협회(주최), 대구음악협회(주관)",,
1593633,"렉쳐콘서트, 류태형의 클래식 탐구생활",서양음악(클래식),기악,"류태형, 윤은솔, 박수현, 문서현, 조형준",,"대구콘서트하우스(주관), 대구콘서트하우스(주최)",,
1593661,재즈피아니스트 송준서의 시네마 뮤직,대중음악,재즈/월드뮤직,송준서,,"NorthTower(기획사), THE GRANDE MUSIC STUDIO (더그란데뮤직스튜디오)(주최)",,
1593724,"미니멀라이프페스티벌, 유용호 & 그＿냥",대중음악,대중가요,유용호 등,,"엠와이뮤직(주최), 엠와이뮤직(주관)",,
1593769,새침때기 토끼와 용감한 자라의 모험,뮤지컬,뮤지컬,,,극단 상상마당컴퍼니(주최),,
1593778,브릴리언트: 찬란하게 빛나던,연극,연극,"간미연, 김서별, 황바울, 염성연","장혁우, 백영린, 김기석 등","사회적협동조합 무하(주최), 사회적협동조합 무하(주관)",장혁우,
1594179,"바이올리니스트 박소연의 클래식 인사이드 시리즈 II, 눈이 닿는 곳마다 아름다운 체코 클래식",서양음악(클래식),기악,"박소연, 소현정, 정진경, 박요셉",,안동문화예술의전당 (평생학습원)(주최),,
1594187,굿모닝 씨어터 [안동],연극,연극,"이서영, 강기호, 오태은, 김정훈, 민준호, 임영란, 유아름 등",,"한국문화예술회관연합회(KoCACA)(주최), 안동문화예술의전당 (평생학습원)(주관), (재)경기도문화의전당(주관)",,
1615072,"아르코 파트너, 다가오는 것들 & 산양의 노래",무용(서양/한국무용),현대무용,"조인호, 김주빈, 이혜준, 선은지, 이대호, 정재우, 이다겸 등","정보경, 강낙현, 조인호 등",,,
1615223,장문로41가길,연극,연극,"조민상, 우영남, 김보현, 박지영, 남은실, 홍성안, 윤지홍","윤지홍, 정하늘",창작예술집단 보광극장(제작사),윤지홍,
1615263,제24회 살롱음악회,서양음악(클래식),성악,전영미,,살롱드 파주(주최),,
1615309,근대 춤유산: 신민요춤의 재발견,무용(서양/한국무용),한국무용,"강주미, 김선정, 남수정, 이창훈, 백소망, 송승호, 이사랑 등","김경숙, 최해리, 이창훈 등","(주)인사이트모션 서울돈화문국악당(주관), (주)인사이트모션 서울돈화문국악당(주최)",,
1622828,유령 [부산],연극,연극,"김기태, 김리라, 이크신, 양재영, 곽동주","노형우, 김희주, 손상훈 등","극단 등나무 (공연전문점R)(주최), 극단 등나무 (공연전문점R)(주관)",,
1622834,신현필 x 고희안 듀오 콘서트: Dear Schubert,대중음악,재즈/월드뮤직,"고희안, 신현필",,뮤직앤컴퍼니(주최),,
1622900,나와 함께 블루스를,연극,연극,"문혜인, 박재완, 최윤정, 이상혁",최석원,"(주)아신아트컴퍼니(주최), (주)아신아트컴퍼니(주관)",,
1622910,풍류열전(하반기) [대구],한국음악(국악),혼합,"허지선, 김소연, 우소혜, 최현정, 김기덕 등",,"(주)꿈꾸는씨어터(주최), (주)꿈꾸는씨어터(주관)",,
1622914,행복 [대구],연극,연극,"정영성, 차형은, 김범수, 주현우, 김단율, 김보람, 김소민 등",,"여우별아트홀 (극단여우별)(주최), 여우별아트홀 (극단여우별)(주관)",,
1623179,"제2회 실험극 페스티벌, 파지 [대구]",연극,연극,,,"극단 동성로(제작사), 극단 동성로(주최), 극단 동성로(주관)",,
1623181,"제2회 실험극 페스티벌, 고급지지 않은 보이첵 [대구]",연극,연극,,,"극단 동성로(주관), 극단 동성로(주최)",,
1623319,"5959 LIVE, 앙상블 시나위",한국음악(국악),혼합,"신현식, 정송희, 허희정, 김양화",,"구름속의사람들(주최), 구름속의사람들(주관)",,
1623346,여기가 집이다,연극,연극,"나종민, 최영도, 이서한, 문지윤, 김관식, 정지아, 한새롬 등","이준영, 손호성, 박소라 등","극단 놀땅(제작사), 극단 놀땅(주최)",장우재(장경순),
1623359,"커피콘서트 Ⅶ , 음악그룹 the튠: 길가락 유랑",한국음악(국악),기악,"이성순, 고현경, 이유진, 송한얼",,"인천문화예술회관(주최), 인천문화예술회관(주관)",,
1627433,미스매치 리딩 쇼케이스,뮤지컬,뮤지컬,"문남권, 신동근, 노현창","류병구, 문수지, 정달영 등","메이크잇라이트(기획사), 메이크잇라이트(주최)",,
1628545,박기훈 임채선 듀오의 Play List,서양음악(클래식),기악,"박기훈, 임채선, 강아솔",,문악HOM(제작사),,
1628585,Global Connecting in Seoul,대중음악,대중가요,,,(주)페이지터너(주최),,
1628609,강샤인하우스콘서트 [서울(앵콜)],서양음악(클래식),성악,이강윤,,강샤인엔터테인먼트(제작사),,
1628719,컬러스 오브 러브,뮤지컬,뮤지컬,"박시인, 정우빈, 염예은, 배연우, 지원선, 이현재","최혁, 이태형, 이진형 등",,,
1628863,무지개의 끝,연극,연극,"백은경, 조주경, 공재민, 백선우, 박수연, 김호준","채수욱, 최서진, 장호 등","아트 리버(Arts River)(기획사), 창작집단 오늘도 봄(제작사)",채수욱,
1628909,"위대한 유산, 베토벤 32개 피아노 소나타를 만나다, Vol.1 Pianist 이영신",서양음악(클래식),기악,이영신,,클라시코 예술기획 (CLASSICO)(주최),,
1628919,"위대한 유산, 베토벤 32개 피아노 소나타를 만나다, Vol.2 Pianist 신이은",서양음악(클래식),기악,신이은,,클라시코 예술기획 (CLASSICO)(주최),,
1628923,주진서 피아노 독주회,서양음악(클래식),기악,주진서,,조인클래식(주최),,
1628927,"위대한 유산, 베토벤 32개 피아노 소나타를 만나다, Vol.3 Pianist 이재완",서양음악(클래식),기악,이재완,,클라시코 예술기획 (CLASSICO)(주최),,
1628928,임성윤 바이올린 독주회,서양음악(클래식),기악,"임성윤, 문정재",,지클레프(주최),,
1628932,"위대한 유산, 베토벤 32개 피아노 소나타를 만나다, Vol.4 Pianist 김보경",서양음악(클래식),기악,김보경,,클라시코 예술기획 (CLASSICO)(주최),,
1628951,유성민 바이올린 독주회,서양음악(클래식),기악,유성민,,예인예술기획(주최),,
1628954,"금호영아티스트콘서트, 노현진 피아노 독주회",서양음악(클래식),기악,노현진,,(재)금호아시아나문화재단 (금호문화재단)(주최),,
1628986,"금호영체임버콘서트, 아레테 콰르텟 연주회",서양음악(클래식),기악,"전채안, 김동휘, 장윤선, 박성현",,(재)금호아시아나문화재단 (금호문화재단)(주최),,
1629090,포어스트만 콰르텟 정기연주회,서양음악(클래식),기악,"고성현, 이현애, 김재윤, 김용식",,영음예술기획(주최),,
1629119,제20회 앙상블 디아파종 정기연주회,서양음악(클래식),기악,"이윤정, 김수지, 송호섭, 장재영, 이석준, 오정민, 김형찬 등",,"영음예술기획(주관), 앙상블 디아파종(주최)",,
1629126,"위대한 유산, 베토벤 32개 피아노 소나타를 만나다, Vol.5 Pianist 정민경",서양음악(클래식),기악,정민경,,클라시코 예술기획 (CLASSICO)(주최),,
1772585,쉬지 스톨크(Suzy Storck),연극,연극,"박현미, 황순미, 이동혁, 김상보, 장원경","이하정, 심채선, 유성희 등",극단 프랑코포니(제작사),마갈리 무젤,
1772859,"영산아트홀 전문연주자시리즈, 뉴바로크앙상블 콘서트",서양음악(클래식),기악,"양윤정, 김연주, 이현정, 김혜지, 유하니, 윤다솜",,영산아트홀(주최),,
1772959,테너 최현승 귀국 독창회,서양음악(클래식),성악,"최현승, 박현주",,UNICO(유니코 예술기획)(주최),,
1772960,Ensemble Eins New Music Concert VI,서양음악(클래식),기악,"제라드 페슨, 박명훈, 김성미, 이병무 등",,"앙상블아인스(주최), 앙상블아인스(주관)",,
1772984,클래식의 재발견 시리즈 II,서양음악(클래식),기악,"이웅희, 김성결, 제갈복, 허은혜, 오현선, 이민주, 이성요 등",,"노스텍사스대학교 음악대학 한국동문회(주최), 카리스 프로덕션(주관)",,
1772990,바리톤 최종우 독창회,서양음악(클래식),성악,"최종우, 이지원, 박현아, 류수진",,"영음예술기획(주관), 한세대학교 예술학부(주최)",,
1772994,최정현 바이올린 독주회,서양음악(클래식),기악,"김재원, 장우리, 김현규, 최정현",,예인예술기획(주최),,
1772997,작곡가 신귀복 음악인생 60: 얼굴,서양음악(클래식),기악,"김창옥, 임승환, 김지현, 민은홍, 유소영, 이미경, 이효숙 등",,"지클레프(주최), 엘 . 컬처(주최), 엘 . 컬처(주관)",,
1772999,제16회 포더피아노 정기연주회,서양음악(클래식),기악,"김현정, 한우리, 안정아, 위은영, 맹은지, 권혜진, 이진영 등",,영음예술기획(주관),,
1773003,"한국피아노 재능기부협회 특별기획연주 II, 베토벤 탄생 250주년 기념 음악회",서양음악(클래식),기악,"공민채, 송지원, 정쥬리, 손다경, 박설영, 손은정, 최현아 등",,"한국피아노재능기부협회(주관), 한국피아노재능기부협회(주최)",,
1773009,제10회 이화브릴란테앙상블 정기연주회,서양음악(클래식),기악,"윤동인, 한지애, 정쥬리, 김찬양, 김성경, 이보임, 최나은 등",,"이화브릴란테앙상블(주최), 시티필하모니오케스트라(주관)",,
1773010,소프라노 강경이 독창회,서양음악(클래식),성악,"강경이, 김태형, 이영신",,,,
1773218,베이스 이대범 독창회,서양음악(클래식),성악,"이대범, 공희상, 김수연, 김효근, 김주원, 이기경, 안성현 등",,콘서트디자인(주최),,
1773261,문명환 비올라 독주회,서양음악(클래식),기악,"문명환, 송영민",,뮤직클레프(주최),,
1773262,매치메이커,연극,연극,"이채윤, 서문경, 송미진, 이준헌, 문형돈, 강소연, 권삼중 등","김만재, 송명욱, 이신기 등","극단 난리부르스(제작사), 름다(제작사), 극단 난리부르스(주최)",손톤 와일더,
1773651,울림,연극,연극,"조수정, 도광원, 위희순, 양동진, 김선표, 이원우","김종희, 나실인, 박무영 등",극단 시선(제작사),홍란주,
1773925,김목경 7th 외출,대중음악,재즈/월드뮤직,김목경,,,,
1774287,작가를 찾는 6인의 등장인물,연극,연극,"조은경, 김성일, 이형주, 민병욱, 김영경, 우혜민, 이진샘 등","황동근, 김승철, 박찬호 등","창작공동체 아르케(주최), 창작공동체 아르케(제작사)",루이지 피란델로,
1774399,우리시대 라이벌 춤으로 맞장!,무용(서양/한국무용),한국무용,"차명희, 이종호, 권영심, 권명주, 윤매고동, 문희철",,"(주)구슬주머니(주최), (주)구슬주머니(주관)",,
1774404,앙상블 리에티 기획공연 Ⅱ [전주],서양음악(클래식),기악,"조윤성, 김미진, 성민제",,"리에티앙상블(주관), 리에티앙상블(주최)",,
1774409,일주일간의 기적,연극,연극,"김승수, 주진형, 이선재, 이상훈, 강형철, 박루아",정광환,극단 공백(제작사),정광환,
1774411,오! 금남식당,연극,연극,,,전라남도학생교육문화회관(주최),,
1775284,김종욱 찾기 [여수],뮤지컬,뮤지컬,"정승환, 조연화, 김진우 등",,전라남도학생교육문화회관(제작사),,
1776892,팥죽할머니와 호랑이 [대구],뮤지컬,뮤지컬,"이경자, 김지원, 김련경","김미정, 김기정, 권효정 등","극단 구리거울(주최), 극단 구리거울(주관), 극단 구리거울(제작사)",,
1777227,데이브레이크 × ÷ SHOW: 몇 배의 즐거움을 함께 나누자,대중음악,대중가요,,,"민트페이퍼(주최), 해피로봇 레코드(주최), 퍼레이드(주관)",,
1777491,순정이 블루스,연극,연극,"정찬호, 진시라, 홍정은, 정민석",,"한옥마을아트홀(주관), 재인촌 우듬지(주최)",,
1777494,실내악 시리즈 10 [인천],서양음악(클래식),기악,"정원영, 문명환, 장우리, 송영민",,"엘림아트센터(주최), 엘림아트센터(주관)",,
1777523,이은빈 비올라 독주회 [인천],서양음악(클래식),기악,"이은빈 , 박영성",,"엘림아트센터(주최), 엘림아트센터(주관)",,
1777594,손민수 피아노 독주회 [인천],서양음악(클래식),기악,손민수,,"엘림아트센터(주최), 엘림아트센터(주관)",,
1777746,"코챔과 함께하는 실내악 시리즈 4, 코리아나 챔버 뮤직 소사이어티",서양음악(클래식),기악,"김현미, 최규정, 김상진, 임경원, 이한나, 김우진, 이창형 등",,"엘림아트센터(주최), 엘림아트센터(주관)",,
1777812,김현미 바이올린 독주회,서양음악(클래식),기악,"김현미, 피오트르 쿠프카",,"엘림아트센터(주관), 엘림아트센터(주최)",,
1777895,다니엘전 바이올린 독주회 [인천],서양음악(클래식),기악,"다니엘 전, 김정은",,"엘림아트센터(주최), 엘림아트센터(주관)",,
1777932,리벤토 현악사중주 시리즈,서양음악(클래식),기악,"박재린, 김정수, 박운주, 박기흥",,"엘림아트센터(주관), 엘림아트센터(주최)",,
1777967,"자양스테이션 아티스트 라운지, 아니무스 콰르텟 (9월)",서양음악(클래식),기악,"이준목, 임승훈, 배태한, 손주앙",,파리뮤직포럼(주최),,
1777973,"미니멀라이프페스티벌, 랍스타&마틴스미스",대중음악,대중가요,,,"엠와이뮤직(주최), 엠와이뮤직(주관)",,
1891842,별의 아이들,뮤지컬,뮤지컬,"김윤태, 표아림, 김범준, 박상혁, 신지은, 배한슬, 김고운","박상혁, 임세영, 조일신 등","극단 클라우드(플레이클라우드)(제작사), 클라우드그라운드(주)(주최)",,
1891952,"온스테이지, 배다해의 어쿠스틱라이브",대중음악,대중가요,배다해,,"피지앤픽쳐스(주최), 피지앤픽쳐스(주관)",,
1891987,캣츠 40주년 내한공연 [서울],뮤지컬,뮤지컬,"조아나 암필, 앨리스 배트, 헤이든 바움, 나탈리베니워스, 탈리아 버트, 에밀리케이시, 벤자민 콜리 등","트레버 넌, 질리언 린, 존내피어 등","롯데엔터테인먼트(제작사), 클립서비스(주관), 에스앤코(S&CO)(제작사)",,
1947347,2인극 페스티벌 [대구],연극,연극,"예병대, 조영근, 노희설, 김은미, 강영은, 박세향","이현진, 오설균, 김진희","극단 고도(주관), 극단 고도(주최)","김나정, 김환일, 김윤미",
1947353,만나지 못한 친구 [대구],연극,연극,"최우정, 김명일, 김진희, 윤규현, 강영은, 나애선","안희철, 최주환, 추동균 등","극단 초이스시어터(구. 극단 마카)(주최), 극단 초이스시어터(구. 극단 마카)(주관)",안희철,
1947356,너클리6: 너에게 들려주고 싶은 클래식이야기 [광림아트센터],서양음악(클래식),기악,"한상욱, 안인모 등","한상욱, 안인모","(사)마제스틱필하모닉오케스트라(주관), 루스초이뮤직(주최)",,
1947525,"클래식으로 읽는 안데르센 4대 동화, 나이팅게일",서양음악(클래식),기악,"김봉미, 김성헤, 김종표, 김연서 등",김봉미,"(사)베하 필하모닉 오케스트라(주최), (사)베하 필하모닉 오케스트라 통합(주최), 문화기획 융(주관)",,
1947542,조주연 피아노 독주회,서양음악(클래식),기악,조주연,,이든예술기획(주최),,
1947552,좀비덤: 생명의 나무,뮤지컬,뮤지컬,"한혜란, 이태욱, 김희화, 천재권, 조영웅, 이유경, 이주호 등",,"대원미디어(주)(주최), 대원미디어(주)(주관), (주)애니작(주최), (주)애니작(주관)",,
1947555,"Meet the Artist, 피아니스트 김태형",서양음악(클래식),기악,김태형,,(주)마스트미디어(주최),,
1947635,사랑해요 당신,연극,연극,"이순재, 정영숙",,"컬처마인(주관), 양산문화예술회관(주관), 양산시시설관리공단(주최), 양산시시설관리공단(주최)",,
1948015,엘렉트라,연극,연극,"강지완, 김시아, 문수아, 손현지, 송은지, 심안나, 안창현 등","이수인, 성미림, 엄태훈 등",극단 떼아뜨르 봄날(제작사),소포클레스,이수인(각색)
1948334,벚꽃나무넘어,연극,연극,"김도영, 김라윤, 박세진, 박성이, 강혜인, 호재훈","임세영, 조일신, 최영재 등",극단 클라우드(플레이클라우드)(주관),김아형,
1948440,행복한 장의사,연극,연극,"이동우, 황진우, 안주연","조일신, 최영재, 임세호 등",극단 클라우드(플레이클라우드)(제작사),조일신,
1948521,강아지 죽기로 결심하다,연극,연극,"홍현택, 안태랑, 박영기, 김소연, 한희경","최민수, 강지윤, 여국군 등","프로젝트 키덜트(제작사), 프로젝트 키덜트(주관), 프로젝트 키덜트(주최)",최민수,
1948549,개량인간,연극,연극,"김곽경희, 강연주, 정지환, 이수연, 전정욱, 황한슬","이용문, 김강현, 유다미 등","극단 길벗(주관), 극단 길벗(주최)",이용문,
1948558,이수민 플루트 독주회 [성남],서양음악(클래식),기악,이수민,,"티엘아이 아트센터(주최), (주)조슈아(티엘아이 아트센터) (주최)",,
1948568,히스토리 보이즈,연극,연극,"오대석, 박정복, 양소민, 견민성, 이재균, 이해준, 현석준 등","김태형, 배미령, 여신동 등","(주)노네임씨어터컴퍼니(제작사), (주)노네임씨어터컴퍼니(기획사)",알렌 베넷,이인수(드라마터그)
1958336,"웰컴대학로, 광염 소나타",뮤지컬,뮤지컬,"김지철, 유승현, 유희승, 홍주찬, 김주호, 이선근 등","최진, 신정화, 김지호 등","(주)신스웨이브(제작사), (주)신스웨이브(기획사), 한국관광공사(주최), 한국관광공사(주관)",,
1984373,다우트,연극,연극,"신해윤, 박동빈, 조수인, 조수민",,"신프로젝트(주관), 신프로젝트(주최)",존 패트릭 션리,
2000255,"제2회 말모이연극제, 싸나이로만스",연극,연극,"강진철, 김채윤, 심우선","박도윤, 백중훈, 이윤선 등","무대그리고나(제작사), 말모이연극제운영위원회(주최)",박도윤,
2000270,"제2회 말모이연극제, 없시요",연극,연극,"이태호, 정욱권, 윤아련, 조정호","강제권, 오진하","말모이연극제운영위원회(주최), 말모이연극제운영위원회(주관), 창작집단 곰(제작사)",강제권,
2000277,"제2회 말모이연극제, 불매기라는 이름의 달항아리",연극,연극,,"박정순, 이자순, 박성민 등","박정순의 사랑방(제작사), 말모이연극제운영위원회(주관), 말모이연극제운영위원회(주최)",박정순,
2000283,"제2회 말모이연극제, 잉큼잉큼 소설극장",연극,연극,"한미선, 임동욱, 조민희, 유현정","박성민, 권정미, 김현주","말모이연극제운영위원회(주최), 말모이연극제운영위원회(주관), 극단 늑대(제작사)","현진건, 주요섭",
2020783,20세기 작가,연극,연극,"이주화, 곽근아",차현석,"한울타리 극단(주최), 한울타리 극단(주관)",차현석,
2020794,@GODBLOG,연극,연극,"김하희, 이민정, 이승훈, 이재혜, 임정희","박현지, 임예지, 박고은 등",그린피그(제작사),재닛 윈터슨,전성현(드라마터그)
2020829,강샤인하우스콘서트 [부산],서양음악(클래식),성악,이강윤,,강샤인엔터테인먼트(제작사),,
2020874,"대구오페라축제, 댄스 카르멘",서양음악(클래식),오페라,"박소진, 오영민, 권성준, 이상훈, 김민준","최상무, 김영남, 김현서 등","(재)대구오페라하우스(주최), (재)대구오페라하우스(주관), 카이로스댄스컴퍼니(주관)",,
2020976,더 북: 성경이 된 사람들,뮤지컬,뮤지컬,"권한나, 김남주, 김범준, 김재광, 김정후, 박종수, 방미연 등","권혜은, 김재광, 김지훈 등","광야아트미니스트리(주최), 아티스컴퍼니 (문화동행 아티스)(주관)",,
2021046,이일주 작품발표회 V [전주],서양음악(클래식),기악,"이일주, 문예은, 이효빈, 안창민, 서하은, 이정우, 신슬아 등",,현대문화기획(주관),,
2021148,오! 나의귀신님 [광주],연극,연극,"김지욱, 나우호, 선우채영, 이예은, 이궁아라, 윤은정, 이규화 등",,"극단 논다(주최), 극단 논다(주관)",,
2031791,타임택시,연극,연극,"김동현, 박신후, 김경남, 주진오, 이성민, 이성순, 문지영 등","정범철, 김대한, 배대두 등","극발전소301(제작사), 아트 리버(Arts River)(기획사), 극발전소301(주최)",정범철,
2034032,"제38회 대한민국연극제 in 세종, 본선 대회",연극,연극,,,"세종특별자치시청(주최), (사)한국연극협회(주최), (사)한국연극협회(주관), 대한민국연극제집행위원회(주관)",,
2034039,제1회 일편단심페스티벌,연극,연극,"임기정, 이수민, 홍기준, 홍휘영, 최병철, 정승원, 손민광 등","정세혁, 김재경, 안성헌 등","극단 화살표(주최), 극단 화살표(주관), 일편단심페스티벌 운영위원회(주관)",,
2035268,카프카 변신,연극,연극,"이일섭, 원근희, 서광재, 이은향, 임은연, 엄지용, 조지영 등","김철리, 정재호, 하형주 등",극단 이구아구(제작사),프란츠 카프카,
2035308,"NT Live, 시라노 드베르주라크",연극,연극,제임스 매커보이,제이미 로이드,국립극장(주최),에드몽 로스탕,마틴 크림프(각색)
2037928,베이비 박스,연극,연극,"한윤춘, 권지숙, 김채원, 심원석, 안소영, 홍명환, 조호동","이은준, 김혁민, 김병건 등","극단 파수꾼(제작사), 극단 파수꾼(주관), 극단 파수꾼(주최)",이은준,
2040509,스카팽,연극,연극,"권은혜, 김명기, 문에주, 박경주, 성원, 윤세인, 이유진 등","임도완, 정승호, 신호 등",,몰리에르,임도완(각색)
2041338,스탈린에게 보내는 연애편지,연극,연극,"백익남, 오대석, 최희진","손원정, 김재선, 이은혜 등",극단 코끼리만보(제작사),후안 마요르가,
2041630,왕중왕,연극,연극,"이서원, 신동준, 장다연, 남태관, 김세중, 강지현","남기욱, 박지인, 김혜지 등",,여온,
2041813,복녀씨 이야기 [부산],연극,연극,"이현옥, 정소희, 강범수, 강정희",,,,
2043477,동행 [대구],연극,연극,,,"극단 가인(제작사), 극단 가인(주관), 극단 가인(주최)",,
2043478,토끼 깡충,연극,연극,한선영,"박지선, 탁호영, 서현제 등","이야기 양동이(주최), 이야기 양동이(주관), 성미산마을극장(주최), 성미산마을극장(주관)",마저리 윌리엄스,박지선(각색)
2043481,카르멘 [성남],연극,연극,"박준석, 강선영, 정연채, 양성훈, 함형래, 조현재, 김서영 등","이용주, 심연주, 정수지 등","(재)성남문화재단(주최), (재)성남문화재단(주관)",,
2059607,"1866 푸른책, 그리고 박병선 [창원]",연극,연극,,"싱성호, 이정규, 이문호 등","(주)예술공장(제작사), (주)예술공장(기획사)",공지희,
2059609,동굴가족,연극,연극,"이순재, 정창욱, 나호숙, 박우열, 박재민, 지주연, 이규빈 등","최종률, 윤완석, 이순재 등",관악극예술회(제작사),윌리엄 써로연,
2059733,새들의 무덤,연극,연극,"서동갑, 손성호, 김현, 장재호, 곽지숙, 김시영, 조형래 등",,플레이씨어터 즉각반응(제작사),하수민,
2059918,성실로28길,연극,연극,"김택민, 장성실 등","이지현, 서현제, 우수정 등",프로젝트 아이(제작사),공동창작,
2061387,필경사 바틀비 [부산],연극,연극,"박찬영, 강원재, 이은주, 박센, 배문수","최은영, 조수용, 박철홍 등","극단 바다와문화를 사랑하는 사람들(주관), 극단 바다와문화를 사랑하는 사람들(주최)",,최은영(각색)
2061457,"그날, 오월 아리랑",연극,연극,"정경아, 이영환, 고난영, 노은지, 송민종, 노희설, 김경숙 등",양태훈,"광주문화예술회관(주관), 한국문화예술회관연합회(KoCACA)(주최)",김은성,양태훈(각색)
2062853,"혜화동1번지 7기동인 가을페스티벌, 맞;춤: 관람모드-만나는 방식",연극,연극,"박하늘, 유현주, 홍성훈","신재, 김제형, 김은정 등",제로셋(0set) 프로젝트(제작사),,
2063730,물고기 남자,연극,연극,"이진샘, 허동수, 류지훈, 이지혁, 곽유평, 이보라","김성진, 박민선, 김유정 등","극단 무아지경(제작사), 극단 무아지경(주관), 극단 무아지경(주최)",이강백,
2063869,알려지지 않은 예술가의 눈물과 자이툰 파스타,연극,연극,"권겸민, 권정훈, 김보나, 김세환, 박소연, 박용우, 이원준","임지민, 김민조, 이지민","(재)국립극단(제작사), (재)국립극단(주관)",박상영,김연재(각색)
2064226,맥햄리셀,연극,연극,"한민석, 박현승, 문지아, 이혜민, 김린아, 김민지, 문준경 등",,"뜻밖의 극장(주관), 뜻밖의 극장(주최)",윌리엄 셰익스피어,
2066099,"제38회 대한민국연극제 in 세종, 네트워킹 페스티벌",연극,연극,,,"세종특별자치시청(주최), (사)한국연극협회(주최), (사)한국연극협회(주관), 대한민국연극제집행위원회(주관)",,
2066106,"키우피우 오브제극축제, 얼굴과 얼굴-마주;봄 (10.8~10.17)",연극,연극,"고은경, 이현주, 고명희, 윤혜진","김숙희, 배근영, 장은주","극단 로.기.나래(제작사), (재)종로문화재단(주최), 한국문화예술회관연합회(KoCACA)(주최)",,
2074797,창문 넘어 도망친 100세 노인 [천안],연극,연극,"오용, 오소연, 이형훈, 김보정, 임진아","지이선, 김태형, 김은영","(재)천안문화재단(천안예술전당)(주최), (주)연극열전(제작사)",요나스 요나손,지이선(극작)
2075070,배우들,연극,연극,"박성원, 성지하, 김지훈, 김현호","노이슬, 양병환, 이강민 등","극단 배우들(제작사), 극단 혜화공감(기획사)",박성원,
2075076,카프카의 변신,연극,연극,"이호림, 한진우, 김채원, 민채연, 이동협, 임종현, 정수연 등","장경민, 임정은, 구재홍 등","(주)후플러스(제작사), (주)후플러스(주관), 극단 시민극장(주최)",프란츠 카프카,장경민(재구성)
2075720,"제3회 프로젝트10MINUTES, 비주류",연극,연극,,,프로젝트10(주최),,
2075804,일 없습니다,연극,연극,"남기형, 김언수, 이제우, 김남우","송근욱, 이현지, 이창기 등","극단 리셋(RESET)(주최), 극단 리셋(RESET)(주관)",송근욱,
2076122,아싸,연극,연극,,,"극단 그림일기(주최), 극단 영화(주관)",곽두환,
2076452,향촌연가 [대구],연극,연극,"권경훈, 김하나, 도효재, 손세인, 이나경, 이송희","안건우, 성석배",,안건우,
2076570,"제6회 무죽 페스티벌, 복날은 간다",연극,연극,"이승훈, 임대일, 이봉근, 한미선, 이성근, 임동욱, 조민희 등","양수근, 박성민, 권정미 등","극장 동국(주최), 극장 동국(주관), 극단 늑대(제작사)",양수근,
2076590,알을 깨고 나온 새는 무엇으로 나는가 [대전],연극,연극,"정현주, 이진아, 서다원, 이진호","김인경, 유치벽","극단 빈들(주최), 극단 빈들(주관)",김인경,
2076596,별이네 헤어살롱 [대구],연극,연극,"이지영, 박인경, 이창건, 황현아",,"창작플레이(주최), 창작플레이(주관)",,
2077234,웃기는 어둠,연극,연극,"윤상화, 마두영, 김지훈, 라소영",이은기,,볼프람 로츠,
2088756,"웰컴대학로, 템플",연극,연극,"김주연, 노정현, 유연, 윤석현, 윤성원, 이종혁, 차형도 등","심새인, 민준호, 남경식 등","공연배달서비스간다(제작사), 한국관광공사(주관), 한국관광공사(주최)",민준호,
2110214,"제2회 말모이 연극제, 덫",연극,연극,"박재현, 박정서, 남광우, 김진아, 이주호, 정현호, 오혜진 등",김진아,"말모이연극제운영위원회(주최), 말모이연극제운영위원회(주관), 창작집단 혜화살롱(제작사)",허진원,
2110231,"제2회 말모이연극제, 동백꽃",연극,연극,"김시원, 조재웅, 윤소원","이자순, 장형길, 허진석 등","말모이연극제운영위원회(주관), 말모이연극제운영위원회(주최), ACTS138(제작사)",김유정,이자순(각색)
2110291,사랑을 이루어 드립니다,연극,연극,,,"아트 컬쳐 신(주최), 아트 컬쳐 신(주관)",,
2110850,"볼라레, 백형민의 춤 이야기 (10월)",무용(서양/한국무용),현대무용,"백형민, 김태영, 안태원, 김정기, 배런, 박종현, 이선화",,(재)춘천문화재단(주최),,
2110925,백조의 호수,무용(서양/한국무용),발레,"남선경, 엄규성, 김진희, 장호정, 김지윤, 권유정, 김수아 등","서미숙, 도아영, 정은희 등","문화체육관광부(주최), (재)구로문화재단(주관), 한국문화예술회관연합회(KoCACA)(주관)",,
2111419,"씨네스테이지, 백조의 호수",무용(서양/한국무용),발레,"마리아넬라 누네즈, 바림 문타기로프, 벤네트 가르트사이드, 엘리자베스 맥고리안 등","표트르 일리치 차이콥스키, 마리우스 프티파, 리알 스칼렛",,,
2111648,"춘하추동 명인명무, 이정희",무용(서양/한국무용),한국무용,"이정희, 백예지, 김정희, 김연선, 이수영, 김영찬, 권설후 등",,"(재)노원문화재단(주최), (재)노원문화재단(주관)",,
2111939,제176회 대전시립연정국악원 국악연주단 정기공연,무용(서양/한국무용),한국무용,,"이용탁, 홍지영, 김영숙","대전시립연정국악원(주관), 대전광역시청(주최)",,
2112789,"제179회 GAC목요예술무대, Cake Walk",대중무용,스트리트/스포츠댄스,,,강동문화재단(강동아트센터)(주최),,
2113238,"댄스살롱 Ⅱ, 여인의 향기 [군포]",대중무용,스트리트/스포츠댄스,"김재원, 최정현, 최지호, 김동우, 정승희",,"한국문화예술회관연합회(KoCACA)(주관), (재)군포문화재단(군포문화예술회관)(주관), 문화체육관광부(주최)",,
2113408,바리톤 제상철 리사이틀,서양음악(클래식),기악,"제상철, 남자은",,(재)수성문화재단 수성아트피아(주최),,
2113414,금어기행 [부산],서양음악(클래식),기악,"김강규, 김유섬, 조윤환 등","신동일, 오세일, 진소영 등",금정문화회관(주최),,
2113440,"KCO의 오전 11시, 클래식 정원 2",서양음악(클래식),기악,"박혜진, 강보라, 유소람, 김수정, 천대윤",,"(사)코리안챔버오케스트라(구. 서울바로크합주단)(주관), (재)세종문화회관(주관), (사)코리안챔버오케스트라(구. 서울바로크합주단)(주최), (재)세종문화회관(주최)",,
2113473,베토벤 탄생 250주년 기념 음악회 [대구],서양음악(클래식),기악,"최윤희, 김정화, 한용희, 김승철 등",,"(재)대구광역시 동구문화재단(주관), 아양아트센터(주관), 한국문화예술회관연합회(KoCACA)(주최)",,
2113827,옛날옛적 클래식,서양음악(클래식),기악,"최연우, 최윤정, 송은정, 이희영, 조재형, 장은경, 김수진 등",,삼윤(주최),,
2113829,임동혁 피아노 리사이틀 [용인],서양음악(클래식),기악,임동혁,,"(재)용인문화재단(주최), (재)용인문화재단(주관), (주)크레디아뮤직앤아티스트(주관)",,
2114473,탁윤지 첼로 독주회,서양음악(클래식),기악,"탁윤지, 한지은",,조인클래식(주최),,
2114700,이경화 피아노 독주회,서양음악(클래식),기악,이경화,,마에스트로 컴퍼니(주최),,
2114800,피아니스트 최승리의 아름다운 동행,서양음악(클래식),기악,"최승리, 성경주, 장우리, 김은교, 나성인",,예인예술기획(주최),,
2115025,"베토벤 탄생 250주년 기념, 이혜경 피아노 독주회",서양음악(클래식),기악,이혜경,,(주)서울예술기획(주최),,
2115244,제169회 한국독일가곡연구회 정기연주회,서양음악(클래식),기악,"안성희, 김정욱, 최혜정, 이영미 등",,한국독일가곡연구회(주최),,
2115477,앙상블 공간 프로젝트 열 번째 이야기,서양음악(클래식),기악,"안동호, 유진섭, 김정아, 이항석, 공세정, 양지욱, 김창호 등",안동호,앙상블 공간(주최),,
2115700,이철민 귀국 피아노 독주회,서양음악(클래식),기악,이철민,,이든예술기획(주최),,
2116165,김광훈 바이올린 독주회,서양음악(클래식),기악,"김광훈, 김용진",,영음예술기획(주최),,
2116326,장영광 클라리넷 독주회,서양음악(클래식),기악,"송영민, 장우리, 고상지, 김진택, 이시현, 장영광",,(주)마스트미디어(주최),,
2116505,앙상블 위로 정기연주회,서양음악(클래식),기악,"김유경, 박신혜, 변정인, 강태영, 윤석우, 이은지, 승경훈",,"앙상블 위로(주최), 아트포레 (ArtFaure)(주관)",,
2116706,제11회 아카데미 열정과 나눔 정기연주회,서양음악(클래식),기악,"정현수, 진윤일, 양정윤",진윤일,아카데미 열정과 나눔(주최),,
2116994,피아니스트 김유정 초청 리사이틀,서양음악(클래식),기악,김유정,,예인예술기획(주최),,
2117556,서울스프링실내악축제 (10.13),서양음악(클래식),기악,"김영호, 박상욱, 김다미, 양정윤, 김상진, 문태국, 이윤정 등",강동석,(사)서울스프링실내악축제집행위원회(주최),,
2119178,코리안심포니오케스트라: 고전적; Classical,서양음악(클래식),기악,"아누 탈리, 박종해 등",,(재)코리안심포니오케스트라(국립심포니오케스트라)(주최),,
2119657,"춘천시립교향악단 패밀리콘서트 2, 신나는 오케스트라와 함께하는 음악회",서양음악(클래식),기악,"이종진, 안소현, 박민지, 박예원, 정영인, 임상기, 권상기 등",,"춘천시립예술단(주최), (재)춘천문화재단(주최)",,
2120745,"앤솔러지 시리즈 V, 정나라 ＆ 김다미 [수원]",서양음악(클래식),기악,"정나라, 김다미 등",,"(재)경기도문화의전당(주최), 경기필하모닉오케스트라(주관)",,
2120977,백건우와 슈만 [수원],서양음악(클래식),기악,백건우,,(재)경기도문화의전당(주최),,
2121999,서울스프링실내악축제 (10.12),서양음악(클래식),기악,"김영호, 강동석, 양인모, 김상진, 강승민, 조성현, 채재일 등",강동석,"(사)서울스프링실내악축제집행위원회(주최), (사)서울스프링실내악축제집행위원회(주관)",,
2122019,서울스프링실내악축제 (10.14),서양음악(클래식),기악,"김영호, 임주희, 강승민, 윤혜리, 이윤정, 조인혁 등",강동석,(사)서울스프링실내악축제집행위원회(주최),,
2122233,대전시립교향악단 챔버시리즈 5,서양음악(클래식),기악,임희영 등,,"대전시립교향악단(주관), 대전광역시청(주최)",,
2122243,김영주 클라리넷 귀국독주회,서양음악(클래식),기악,"김영주, 이진영, 유병혜",,"대전예술기획(주관), 대전예술기획(주최)",,
2122260,비올라 안용주 리사이틀,서양음악(클래식),기악,"안용주, 민경식, 나웅준",,"대전예술기획(주관), 대전예술기획(주최)",,
2122268,"유벨톤 기획 연주 시리즈3, 협주곡 음악회: 나는연주자다4 [대전]",서양음악(클래식),기악,"김수경, 강미연, 조유라, 우길옥, 백종우, 순지선, 하종혁",,"유벨톤 심포니 오케스트라(주최), 유벨톤 심포니 오케스트라(주관)",,
2122278,이지혜 바이올린 리사이틀 [대전],서양음악(클래식),기악,"이지혜, 민경식",,"대전예술기획(주최), 대전예술기획(주관)",,
2122281,"아침을 여는 클래식, 피아니스트 문지영 (10월)",서양음악(클래식),기악,문지영,,대전예술의전당(주최),,
2122616,여행콘서트,서양음악(클래식),기악,"조은혜, 김성민, 조은, 현지은, 임찬우, 배해신, 박찬영 등",,"울산광역시청(주최), 울산시립예술단(주관)",,
2122728,"위대한 작곡가의 불꽃 같은 연애사＃1, 그대, 불멸의 연인",서양음악(클래식),기악,조희창,,(주)클럽발코니(주최),,
2122747,"썸머 페스티벌, 코리아 윈드 필하모니 [대구]",서양음악(클래식),기악,"신병기, 김성연, 최영애 등",,"대구콘서트하우스(주최), 대구콘서트하우스(주관), 공간울림(주최), 공간울림(주관)",,
2122953,"월드오케스트라시리즈, WOS 비르투오소 챔버",서양음악(클래식),기악,"여자경, 김다미 등",,"대구콘서트하우스(주최), 월드오케스트라시리즈 조직위원회(주관)",,
2123352,"월드오케스트라시리즈, 대구MBC교향악단",서양음악(클래식),기악,"진솔, 크리스텔 리 등",,"월드오케스트라시리즈 조직위원회(주관), 대구콘서트하우스(주최)",,
2124235,Musical Offering,서양음악(클래식),기악,김예은,,쌀롱드무지끄(주최),,
2124241,Travel beyond COVID,서양음악(클래식),기악,"홍예린, 김민정",,쌀롱드무지끄(주최),,
2124253,"하나의 공간, 넷의 시선",서양음악(클래식),기악,"오연택, 김채원, 윤소희, 변일훈",,쌀롱드무지끄(주최),,
2124265,갓 구운 크루아상,서양음악(클래식),기악,"이수민, 안희진, 이기준",,쌀롱드무지끄(주최),,
2124277,한밤중의 슈베르트,서양음악(클래식),기악,나누리,,쌀롱드무지끄(주최),,
2124289,시월애,서양음악(클래식),기악,최한결,,쌀롱드무지끄(주최),,
2124299,베토벤 탄생 250주년: 바이올린 & 피아노 듀오 연주,서양음악(클래식),기악,"원형준, 이지혜",,쌀롱드무지끄(주최),,
2124315,제2회 대전호른앙상블 정기연주회,서양음악(클래식),기악,"유선경, 정준우, 이현우, 이하늘, 권영진",,"공연기획피움(주관), 대전호른앙상블(주최)",,
2124320,"제6회 바로크음악제, 조성연 하프시코드 리사이틀",서양음악(클래식),기악,조성연,,"대전예술기획(주최), KBS대전방송총국(주최), 대전시립연정국악원(주최)",,
2124431,리움챔버오케스트라 오작교 프로젝트: La Danse,서양음악(클래식),기악,"안희찬, 강철, 피경선, 이은경, 허재영, 장하얀, 정홍식 등",,"리움유스오케스트라(주관), 리움유스오케스트라(주최)",,
2124492,"김현정 글로리아의 베토벤 불멸의 연인, 엘리제를 위하여",서양음악(클래식),기악,김현정,,"리음아트&컴퍼니(주관), 아르템공연예술기획(주관), 아르템공연예술기획(주최)",,
2124639,백건우와 슈만,서양음악(클래식),기악,백건우,,(주)빈체로(주최),,
2126110,"앤솔러지 시리즈 V, 정나라 ＆ 김다미 [서울]",서양음악(클래식),기악,"정나라, 김다미 등",,"(재)경기도문화의전당(주최), 경기필하모닉오케스트라(주관)",,
2126346,라흐마니노프 & 그리그,서양음악(클래식),기악,"최영선, 일리야 라쉬코프스키, 원재연 등",,"(사)밀레니엄심포니오케스트라(주최), (사)밀레니엄심포니오케스트라(주관)",,
2126976,임지희 바이올린 독주회,서양음악(클래식),기악,"임지희, 박은식",,예인예술기획(주최),,
2126987,제42회 신음악회 작품발표회,서양음악(클래식),기악,"김자현, 김지은, 설수경, 박순영, 하민경, 김애리, 류경선 등",,"현대문화기획(주관), 신음악회(주최)",,
2126991,신윤경 비올라 독주회,서양음악(클래식),기악,"신윤경, 한지은",,지클레프(주최),,
2126998,서울스프링실내악축제 (10.15),서양음악(클래식),기악,"박상욱, 이미연, 임효선, 이경선, 문태국, 이윤정, 이민호 등",강동석,"(사)서울스프링실내악축제집행위원회(주최), (사)서울스프링실내악축제집행위원회(주관)",,
2127029,"썸머 페스티벌, 렉처 콘서트: 바르톡톡 [대구]",서양음악(클래식),기악,"인소연, 이상준, 윤솔",,"대구콘서트하우스(주최), 대구콘서트하우스(주관), 공간울림(주최), 공간울림(주관)",,
2127127,디엘앙상블 두 번째 콘서트,서양음악(클래식),기악,"최혜리, 박신혜, 오지환, 이나영",,"디엘앙상블(주관), 디엘앙상블(주최)",,
2127132,바이올리니스트 한소라 & 피아니스트 채문영 듀오 연주회,서양음악(클래식),기악,"한소라, 채문영",,"서울토포스앙상블(주최), 마에스트로 컴퍼니(주관)",,
2127136,박수진 바이올린 독주회,서양음악(클래식),기악,"박수진, 홍소유",,지클레프(주최),,
2127160,이윤경 오보에 독주회,서양음악(클래식),기악,"이윤경, 문재원, 김연화",,지클레프(주최),,
2127164,이수아 바이올린 독주회,서양음악(클래식),기악,"이수아, 황지인",,지클레프(주최),,
2127165,김지혜 바이올린 독주회,서양음악(클래식),기악,"김지혜, 조수현",,지클레프(주최),,
2127167,"금호영아티스트콘서트, 권영진 호른 독주회",서양음악(클래식),기악,권영진,,(재)금호아시아나문화재단 (금호문화재단)(주최),,
2127171,"위대한 유산, 베토벤 32개 피아노 소나타를 만나다, Vol.6 Pianist 윤병화",서양음악(클래식),기악,윤병화,,클라시코 예술기획 (CLASSICO)(주최),,
2127180,"아름다운 목요일, 베토벤의 시간 ‘17’20: Happy Birthday Ludwig I",서양음악(클래식),기악,"양성원, 채재일, 김홍박, 이민호 등",,(재)금호아시아나문화재단 (금호문화재단)(주최),,
2127319,"아름다운 목요일, 베토벤의 시간 ‘17‘20: Happy Birthday Ludwig II",서양음악(클래식),기악,"양성원, 채재일, 김홍박 등",,(재)금호아시아나문화재단 (금호문화재단)(주최),,
2127439,"아름다운 목요일, 베토벤의 시간 ‘17‘20: Happy Birthday Ludwig Ⅲ",서양음악(클래식),기악,"양성원, 채재일, 김홍박, 이민호 등",,(재)금호아시아나문화재단 (금호문화재단)(주최),,
2127595,제21회 더 브라이튼 피아노 앙상블 정기연주회,서양음악(클래식),기악,"심은주, 육소희, 임연실, 이화정, 오상은, 정지혜, 우숙영 등",,"영음예술기획(주관), 더 브라이튼 피아노 앙상블(주최)",,
2127602,"서울스프링실내악축제, 개막공연",서양음악(클래식),기악,,,"(사)서울스프링실내악축제집행위원회(주최), (사)서울스프링실내악축제집행위원회(주관)",,
2127722,서울스프링실내악축제 (10.11),서양음악(클래식),기악,,,"(사)서울스프링실내악축제집행위원회(주최), (사)서울스프링실내악축제집행위원회(주관)",,
2127837,박진희 파이프오르간 독주회,서양음악(클래식),기악,"박진희, 김철우, 김수영, 백향민, 박상현, 윤태규",,영산아트홀(주최),,
2128060,도음신인음악회,서양음악(클래식),기악,"박성원, 정유은, 박혜미, 김수진, 허예빈, 이예성, 김시온 등",,"도음사회적협동조합(주최), 도음사회적협동조합(주관)",,
2128090,"브런치클래식 , 베토벤의 보석상자: Ⅴ. 베토벤 고전의 완성 [군포]",서양음악(클래식),기악,"장윤성, 전용우, 이승원, 김이곤, 이예린, 정상희, 김영기 등",,"(재)군포문화재단(군포문화예술회관)(주관), (사)군포프라임필하모닉오케스트라(주관), 한국문화예술회관연합회(KoCACA)(주최)",,
2128334,칼레이도스코프 뮤직 소사이어티 [인천],서양음악(클래식),기악,"나혜수, 이지연, 어철민, 심관섭, 임재홍, 박정준, 류경수 등",,"엘림아트센터(주최), 엘림아트센터(주관)",,
2128372,KCO 피아노 트리오 [인천],서양음악(클래식),기악,"임재홍, 박노을, 나정혜, 지민근",,"엘림아트센터(주최), 엘림아트센터(주관)",,
2128408,"자양스테이션 아티스트 라운지, 아우름 트리오 (10월)",서양음악(클래식),기악,"정서은, 방우리, 김누리",,파리뮤직포럼(주최),,
2128411,"Meet the Artist, 바이올리니스트 대니 구",서양음악(클래식),기악,대니구,,(주)마스트미디어(주최),,
2128505,퍼니밴드의 Sing Sing Sing Concert [통영],서양음악(클래식),기악,"이정민, 김정현, 박태흥, 이종성, 안종민, 임재현",,"통영시(주최), 한국문화예술회관연합회(KoCACA)(주최), (재)통영국제음악재단(주관), 통영시민문화회관(주관)",,
2129323,Movist / Movie_st,서양음악(클래식),기악,"김우성, 이경미, 이승구, 정수연",,쌀롱드무지끄(주최),,
2129340,"티엘아이 챔버 뮤직 페스티벌 Ⅰ, Night of Piazzolla",서양음악(클래식),기악,"송영민, 김덕우, 홍진호 등","이예린, 송영민","티엘아이 아트센터(주최), (주)조슈아(티엘아이 아트센터) (주최)",,
2129901,"티엘아이 챔버 뮤직 페스티벌 Ⅱ, New Combination Ⅲ",서양음악(클래식),기악,"심선민, 송효섭, 양정윤 등",,"티엘아이 아트센터(주최), (주)조슈아(티엘아이 아트센터) (주최)",,
2129911,부산마루국제음악제 개막공연: 운명,서양음악(클래식),성악,"금난새, 일리야 라쉬코프스키 등",금난새,"부산마루국제음악제 조직위원회(주관), 을숙도문화회관(주최)",,
2130162,테너 윤서준 ＆ 바리톤 안동영 듀오콘서트,서양음악(클래식),성악,"윤서준, 안동영",,"(주)위클래식(주최), (주)위클래식(주관)",,
2130757,제12회 성악음악학술연구회 정기연주회,서양음악(클래식),성악,"고선미, 송지선, 박지영, 김은희, 한나형, 유화정, 박성진 등",,,,
2130982,한국가곡 100주년 기념: 그리운 20세기 한국가곡,서양음악(클래식),성악,"김순영, 김민지, 김은경, 이정원, 강형규, 곽창선",,(사)밀레니엄심포니오케스트라(주최),,
2131349,바흐솔리스텐서울 마스터피스시리즈 IX,서양음악(클래식),성악,"박승희, 최윤정, 김세일, 송승연, 박승혁 등",박승희,"(주)마스트미디어(주관), 바흐솔리스텐서울(주최)",,
2131636,이마에스트리 우리 가곡 부르는 날: 힘내라 대한민국!,서양음악(클래식),성악,"양재무, 김한길 등",,"(사)미래성악포럼(주최), (사)미래성악포럼(주관), 음악춘추사(주관)",,
2132591,제22회 춘천시립청소년합창단 정기연주회,서양음악(클래식),성악,"이경희, 강석우 등",,"춘천시청(주최), (재)춘천문화재단(주최), 춘천시립예술단(주최)",,
2133361,대전시립합창단 기획연주회: 가곡의 향기,서양음악(클래식),성악,"천경필, 임권묵, 박성진, 조정순, 허정인, 김수희, 권순찬 등",,"대전시립합창단(주관), 대전광역시청(주최)",,
2133442,"제6회 바로크음악제, 카운터테너 장정권과 바로크 팰리즈",서양음악(클래식),성악,"장정권, 김예진, 백승록, 원지희, 최유미",,"대전예술기획(주최), KBS대전방송총국(주최), 대전시립연정국악원(주최)",,
2133446,사랑을 노래하다: 가을의 팬텀,서양음악(클래식),성악,"김영수, 손혜수, 길병민, 손지수, 김민석 등",,"한다우리 예술기획(주관), 디아트원(주최)",,
2142173,제175회 수원시립합창단 정기연주회,서양음악(클래식),성악,"박지훈, 우아미, 유은정, 함춘호, 윤혜림, 이세진, 고동현 등",,수원시청(주최),,
2142292,독립을 외치던 그날... 시를 노래하다,서양음악(클래식),성악,"김혜진, 문향미, 유상현, 최병준, 김세윤, 이근식, 최경숙 등",,"한국문화예술회관연합회(KoCACA)(주관), 파주도시관광공사(주관), 파주오페라단(주관), 문화체육관광부(주최)",,
2142395,테너 양재혁 독창회,서양음악(클래식),성악,"양재혁, 이수미",,콘서트디자인(주최),,
2142397,제82회 프랑스가곡연구회 정기연주회,서양음악(클래식),성악,"박경희, 성재원, 송현정, 윤아르나, 임금희, 최재도, 김태일 등",,"코바기획(주관), 프랑스가곡연구회(주최)",,
2142410,"대구오페라축제, 가곡과의 아름다운 동행",서양음악(클래식),성악,"주선영, 배헤리, 마혜선, 이수미, 김동녘, 송민태, 소병윤 등","최상무, 박범철","(재)대구오페라하우스(주최), (재)대구오페라하우스(주관), 포럼 가곡과 사노라면(주관)",,
2142568,카발레리아 루스티카나 [부산],서양음악(클래식),오페라,"박현정, 허동권, 최강지, 손혜은, 손연지 등","최강지, 노연정 등","부산광역시(주최), (재)부산문화회관(주관), 부산 캄머오페라단(주관)",,
2142765,운수좋은날 [부산],서양음악(클래식),오페라,"김신혜, 전병호, 박정민, 고민진, 이창원, 양종대, 조윤환 등","장진규, 박지운, 이기은 등","부산광역시(주최), (재)부산문화회관(주관), 드림문화예술오페라단(주관)",,
2142956,버섯피자,서양음악(클래식),오페라,,,,,
2143139,카발레리아루스티카나&팔리아치,서양음악(클래식),오페라,"박소은, 김래주, 염현준, 김경희, 안희은, 오상택, 오세원 등","임한종, 이혜경, 이혜진 등","뉴뮤직컴퍼니(NEWMUSICCOMPANY)(주최), 뉴뮤직컴퍼니(NEWMUSICCOMPANY)(주관)",,
2143392,국립오페라단과 함께하는 가을밤 콘서트,서양음악(클래식),오페라,"여자경, 김영미, 신지화, 김희정, 오은경, 서햬연, 박지현 등",,"(재)국립오페라단(주관), (재)국립오페라단(주최)",,
2143969,오페라카니발 [춘천],서양음악(클래식),오페라,"김민석, 김승직, 김현수 ,장필립, 김주택, 손혜수, 손태진",,(재)춘천문화재단(주최),,
2144956,오유리 스토리텔링 오페라 리골렛토,서양음악(클래식),오페라,"김영주, 김종표, 구은경, 허희경, 전병호, 김기선, 신민정 등","오지영, 박상열, 오유리 등",전문예술단체 문화뱅크(주최),,
2145283,라 트라비아타 [익산],서양음악(클래식),오페라,"김주현, 박지현, 이승묵, 성승욱, 최정빈, 하세훈, 김지단 등",최지형,"익산시청(주최), 익산예술의전당(주관)",,
2145970,"세계4대오페라축제, 투란도트",서양음악(클래식),오페라,"박지혜, 이기연, 조현애, 이현종, 정꽃님, 안균형, 한경석 등","이명국, 김봉미, 윤상호 등","세계4대오페라축제(주최), 송파구(주관), 김앤리오페라단(주관)",,
2146085,"세계4대오페라축제, 카르멘",서양음악(클래식),오페라,"조미경, 엄성화, 강형규, 박유리, 홍예선, 김주희, 김재일 등","장수동, 시현정, 정민정","세계4대오페라축제(주최), 서울오페라앙상블(주관)",,
2146261,마술피리,서양음악(클래식),오페라,"이경진, 김성진, 최은석, 이주연, 신명준, 이성훈, 이민영 등","홍지원, 박지운, 목은아 등","(사)뉴서울오페라단(주최), (사)뉴서울오페라단(주관)",,
2146277,"씨네 스테이지, 맥베스",서양음악(클래식),오페라,"안나 네트렙코, 젤리코 루치치, 르네 파페, 조셉 칼레야","주세페 베르디, 에이드리언 노블","울산광역시 중구청(주최), 울산광역시 중구문화의전당(주관)",,
2146409,"대구오페라축제, 광장오페라: 라 보엠",서양음악(클래식),오페라,"손주은, 조규석, 이소혜, 강민성, 이준학, 김창규, 한준헌 등","최상무, 유철우","(재)대구오페라하우스(주관), (재)대구오페라하우스(주최)",,
2146699,"대구오페라축제, 해설 카르멘",서양음악(클래식),오페라,"김순희, 김동녘, 이준학, 김현정","최상무, 이혜영, 장윤영","(재)대구오페라하우스(주최), (재)대구오페라하우스(주관)",,
2146842,"대구오페라축제, 춘향전",서양음악(클래식),오페라,"고수진, 노성훈, 이수미, 박찬일, 권성준, 이소혜, 이상규","최상무, 이동신, 표현진","(재)대구오페라하우스(주최), (재)대구오페라하우스(주관)",,
2146932,"대구오페라축제, 달의 세계",서양음악(클래식),오페라,"한훈헌, 김동녘, 강민성, 장마리아, 이은경, 손정아, 이상규","최상무, 윤성우, 최영주 등","(재)대구오페라하우스(주최), (재)대구오페라하우스(주관), 꿈더함 Dream Plus(주관)",,
2147118,"제6회 바로크음악제, 음악그룹 나무: 팔음 & 완창판소리 프로젝트",한국음악(국악),기악,"이아람, 황민왕, 최인환 등",조성연,"대전시립연정국악원(주최), KBS대전방송총국(주최), 대전예술기획(주최)",,
2147321,목이 긴 메아리,한국음악(국악),기악,"김한길, 유선경",,음악그룹 오롯(주최),,
2147381,"수요공감, 정윤형",한국음악(국악),성악,정윤형,,국립부산국악원(주최),,
2147398,"수요공감, 박소영",한국음악(국악),성악,박소영,,국립부산국악원(주최),,
2147444,목요풍류,한국음악(국악),성악,"조의선, 신지희, 홍현수, 박소연, 김성현, 이광호, 류지선 등",,국립국악원(주최),,
2147944,"제6회 궁중문화축전, 궁중연화",한국음악(국악),연희,,,"문화재청(주최), (재)한국문화재재단(주관)",,
2148420,궁: 장녹수전,한국음악(국악),혼합,,,경상남도문화예술회관(주최),,
2149140,한양나들이,한국음악(국악),혼합,,"선영국, 조정일, 안대천 등",(주)쥬스컴퍼니(Juice Comefunny)(주최),,
2149147,"미니멀라이프페스티벌, 정튠 & 정아로 & 그래쓰",대중음악,대중가요,,,"엠와이뮤직(주최), 엠와이뮤직(주관)",,
2149253,"청소년드림콘서트, 홍이삭 [용인]",대중음악,대중가요,홍이삭,,"(재)용인문화재단(주최), (재)용인문화재단(주관), 뮤직 쥬 엔터테인먼트(주관)",,
2149618,"청소년드림콘서트, 멜로우키친 [용인]",대중음악,대중가요,"임재신, 윤재원, 김상욱, 곽준용",,"(재)용인문화재단(주최), (재)용인문화재단(주관), 뮤직 쥬 엔터테인먼트(주관)",,
2149767,"온쉼표 콘서트, 사이먼도미닉 & 카더가든 (10월)",대중음악,대중가요,,,(재)세종문화회관(주최),,
2151811,온쉼표 콘서트: 사이먼도미닉 & 카더가든 (9월),대중음악,대중가요,,,,,
2154313,STAGE 30 (10월),대중음악,대중가요,조정치 등,,"스트라디움(주최), 유나이티드프로듀서스(UPD)(주관)",,
2154314,전국 TOP10 가요쇼 [익산],대중음악,대중가요,"김국환, 유지나, 김혜연, 현숙, 배일호, 이혜리, 문연주 등",,"익산시청(주최), (주)전주방송 JTV(주최), 익산예술의전당(주관)",,
2155415,프리즘브레이크 vol.6,대중음악,대중가요,,,"프리즘플러스(주최), 프리즘플러스(주관), 까미뮤직(주최), 까미뮤직(주관)",,
2155448,빌리카터 2집 발매 콘서트,대중음악,대중가요,,,,,
2155501,전기뱀장어 싱글 발매 기념 공연,대중음악,대중가요,,,유어썸머(주최),,
2155699,"문화가 있는 날, 찰리채플린 시네마 콘서트 with 신나는섬",대중음악,대중가요,"최성은, 김동재, 윤영철, 김은옥, 백연구, 설동호",,(재)춘천문화재단(주최),,
2155829,"5959 LIVE, 소울소스 meets 김율희",대중음악,대중가요,김율희 등,,"구름속의사람들(주최), 구름속의사람들(주관)",,
2155937,쏜애플 Unplugged Live: 넓은 밤,대중음악,대중가요,,,"민트페이퍼(주최), 해피로봇 레코드(주최), 퍼레이드(주관)",,
2156225,"미니멀라이프페스티벌, DEUL & 모티",대중음악,대중가요,,,"엠와이뮤직(주관), 엠와이뮤직(주최)",,
2156244,"그래도, 여름 콘서트",대중음악,대중가요,,,"(재)경기도문화의전당(주최), (재)경기도문화의전당(주관)",,
2156605,Pulse 와 함께하는 JAZZ CONCERT [대구],대중음악,재즈/월드뮤직,"김연귀, 김민건, 김제윤, 오준석, 이용진, 이상직",,(주)엔에이치엔티켓링크(주최),,
2156616,"재즈 명반을 만나다 1, Getz/Gilberto",대중음악,재즈/월드뮤직,"이용석, 마리아킴, 허성, 옥진우, 김대호, 김건영",,플러스히치(주최),,
2156881,"수요음악방 시즌2, 샹송",대중음악,재즈/월드뮤직,"강은영, 장경아, 윤종률",,"(재)구로문화재단(주최), (재)구로문화재단(주관)",,
2156915,피아졸라의 천사와 악마 [예산],대중음악,기타,고상지 등,,"(주)프라이빗커브(제작사), 충청남도(주최), (재)충남문화재단(주관)",,
2157100,뮤직 캠핑,대중음악,기타,"조휘, 우정훈, 최용호, 박상규, 박혜나, 남진경, 문지영 등",,"(재)평택시문화재단(주관), (재)평택시문화재단(주최)",,
2158829,동춘 서커스 [안산],서커스/마술,서커스/마술,,,"(주)티켓랩(주최), (주)티켓랩(기획사)",,
2158844,익스트림 팝 & 버블 쇼 [연천],서커스/마술,서커스/마술,"손정수, 선호",,"한국문화예술회관연합회(KoCACA)(주관), 연천군시설관리공단(주관), 문화체육관광부(주최)",,
2159047,꾸러기 소방대,뮤지컬,뮤지컬,,,동래문화회관(주최),,
2169874,토장군을 찾아라,뮤지컬,뮤지컬,,,"극단 오오씨어터(제작사), (재)부산문화회관(주최)",,
2202490,"OMC 콘서트, 차니규니",뮤지컬,뮤지컬,"김찬호, 조형균",,과수원뮤지컬컴퍼니(주최),,
2203811,"OMC 콘서트, 러빙뉴",뮤지컬,뮤지컬,"임병근, 정욱진",,과수원뮤지컬컴퍼니(주최),,
2205603,"OMC 콘서트, THE 슈또풍",뮤지컬,뮤지컬,"박영수, 김도빈, 조풍래",,과수원뮤지컬컴퍼니(주최),,
2206314,"OMC 콘서트, 이진욱의 정원",뮤지컬,뮤지컬,이진욱,,과수원뮤지컬컴퍼니(주최),,
2221635,아이캔플라이 (I CAN FLY),뮤지컬,뮤지컬,"김유성, 이진희, 박준영, 김재한, 최자연, 김수혜, 정예원 등",,"(주)해그림(제작사), (주)해그림(주최)",,
2221687,너랑나랑 아리랑,뮤지컬,뮤지컬,"박찬양, 서인권, 윤희연, 이수아, 정동연, 임상숙","구도윤, 손다혜, 강유미 등","(주)이비컴퍼니(주최), (주)이비컴퍼니(주관), 동화 Donghwa(주최), 동화 Donghwa(주관)",,
2222753,광주,뮤지컬,뮤지컬,"민우혁, 서은광, 민영기, 김찬호, 장은아, 정인지, 정유지 등","강병원, 고강민, 유희성 등","문화체육관광부(주최), 광주광역시(주최), (재)광주문화재단(주관), 라이브(주)(주관), 라이브(주)(제작사), 극공작소 마방진(제작사), 클립서비스(기획사)",,
2227188,신데렐라 [대구],뮤지컬,뮤지컬,,,"(주)교문(주최), (주)교문(주관)",,
2227688,세종 이도의 꿈,뮤지컬,뮤지컬,"서정화, 정춘권, 김혜정, 이혜경, 김양훈, 정영석, 정영서","정춘권, 서정화, 박광배 등",극단 오렌지컴퍼니(오렌지아트컴퍼니)(제작사),,
2227749,가방 들어주는 아이,뮤지컬,뮤지컬,"김은지, 이원민, 윤정훈, 길미정, 이종윤, 최예양","조윤진, 곽희찬","고집센아이컴퍼니(주관), 고집센아이컴퍼니(주최)",,
2227808,"공주와 개구리, 개구리 왕자",뮤지컬,뮤지컬,,,"명작극장(주최), 명작극장(주관)",,
2235439,팥죽 할머니와 호랑이 [인천],뮤지컬,뮤지컬,,,아띠홀(주최),,
2235455,아킬레스,뮤지컬,뮤지컬,"고훈정, 양지원, 이승현, 김이후, 홍미금, 서동진, 정선기","김운기, 이희준, 이아람 등","MJ Starfish(제작사), MJ Starfish(주최), MJ Starfish(기획사)",,
2245573,우당탕탕 해적악단의 비밀 [청주],뮤지컬,뮤지컬,"정효진, 김창선, 오혜미, 이규태, 정강석",,"소명기획(주관), 예술램프 죠이(주최), 소명기획(주관)",,
2245591,"SAC ON SCREEN, 웃는 남자",뮤지컬,뮤지컬,"박강현, 양준모, 민경아, 신영숙, 조휘, 이상준, 김나윤","엄홍현, 오필영, 안현주 등","예술의전당(주최), (재)성동문화재단(주최)",,
2256869,늑대와 빨간모자 [구로],뮤지컬,뮤지컬,,,2001아울렛 [구로](주최),,
2330119,방귀쟁이 며느리 [부산],뮤지컬,뮤지컬,,,"동그라미 그리기(주관), (재)부산문화회관(주최)",,
2330129,REBIRTH [대구],뮤지컬,뮤지컬,,,"원따나라(주최), 원따나라(주관)",,
2330544,바람이 불어오는 곳 [보성],뮤지컬,뮤지컬,,,"보성문화예술회관(주관), 엘피 스토리(주최), 한국문화예술회관연합회(KoCACA)(주최)",,
2330714,로키의 마술극장,뮤지컬,뮤지컬,,,,,
2393133,"씨네스테이지, 오클라호마!",뮤지컬,뮤지컬,"모린 립맨, 휴 잭맨, 조세피나 가브리엘, 슐러 헨슬리 등","리처드 로저스, 오스카 해머슽타인, 트레버 넌 등","울산광역시 중구청(주최), 울산광역시 중구문화의전당(주관)",,
2424896,"THE불협화음 인문학콘서트, 이야기 극장: 100년의 동요",서양음악(클래식),성악,"김영, 홍원표, 송순규, 구예니, 이기문",,"문화체육관광부(주최), 한국문화예술회관연합회(KoCACA)(주관), 동래문화회관(주관)",,
2425263,혹부리 할아버지 [금천],뮤지컬,뮤지컬,,,극단 레미.레오(),,
2425282,눈의 여왕 [대전],뮤지컬,뮤지컬,"김예린, 이준목, 정다운, 이경원, 이화용, 김유정","이준목, 김예린, 신수진 등",가족뮤지컬극단 오즈(제작사),,
2425284,구두방할아버지와 요정들 [구미],뮤지컬,뮤지컬,,,극단 레미.레오(제작사),,
2425403,춤추는 프린세스 [인천],뮤지컬,뮤지컬,,,아띠홀(주최),,
2425427,무지개랜드,뮤지컬,뮤지컬,"고운, 이한별, 한서호, 김영재, 오은솔","김호빈, 정영일, 송유섭 등","별빛ENT(주최), 빈컴퍼니(주관)",,
2427192,전진주 바이올린 독주회,서양음악(클래식),기악,"전진주, 민경식",,영음예술기획(주최),,
2427388,"웰컴대학로, 썬앤문",한국음악(국악),혼합,"박나현, 서은미, 조누리 ,엄희정, 김한송이, 김하연, 윤지우 등",박칼린,"(주)키위미디어그룹(제작사), (주)더스타아시아(제작사), 한국관광공사(주최), 한국관광공사(주관)",,
2434243,블랙메리포핀스,뮤지컬,뮤지컬,"김도빈, 박민성, 이율, 임준혁, 이해준, 노윤, 임찬민 등","서윤미, 김은영, 양주인 등","(주)컴인컴퍼니(제작사), (주)컴인컴퍼니(주최), 언플랜프로젝트(주최), (주)컴인컴퍼니(기획사)",,
2435453,네디아,연극,연극,"김태민, 김태윤, 박단비, 이목련, 이예린, 유지원, 장한길 등","이원성, 김서현, 황준희 등","미스터리컴퍼니(제작사), 극단 미스터리(주관), 극단 미스터리(주최)",에우리피데스,이원성(재창작)
2435574,빨강머리 앤 콘서트: 자작나무 숲의 초록바람,뮤지컬,뮤지컬,"조지승, 이예은, 이지수, 배정윤, 고동휘, 김예슬, 강승주 등","서윤미, 김은영, 오유선 등",관악문화재단(제작사),,
2436767,위수 단독공연: Flower Shop,대중음악,대중가요,,,"포크라노스(주최), 캐스퍼라이브(주관)",,
2437081,할로윈매직쇼: 흑마술사의 비밀,서커스/마술,서커스/마술,김경남,,GS엔터테인먼트(주최),,
2437111,#셰익스피어 SNS를 시작하다,연극,연극,"한현준, 한병윤, 정준환, 박민국, 채영은, 한수정, 이영운 등","한윤구, 박현지","(주)소풍전날(제작사), (주)소풍전날(주최)",윌리엄 셰익스피어,한윤구(각색)
2437113,강아지똥 [노원],연극,연극,,,"(재)노원문화재단(주최), (재)노원문화재단(주관)",권정생,김정숙(각색)
2438462,내일은 미스터트롯 대국민 감사콘서트 [부산],대중음악,대중가요,"임영웅, 영탁, 이찬원, 정동원, 장민호, 김희재, 신인선 등",,"(주)쇼플레이(제작사), 비더블유이엔티(주관), TV조선(주최)",,
2446609,"re－union, 윤석철 X 까데호",대중음악,대중가요,윤석철 등,,"캐스퍼라이브(주최), 캐스퍼라이브(주관)",,
2452316,듀엣,뮤지컬,뮤지컬,"박건형, 박영수, 문진아, 정철호, 차정현, 유철호, 하유진 등","황지영, 이재은, 신수진 등","글래드컬쳐(주최), (주)신시컴퍼니(주관)",,
2452975,아비. 방연,한국음악(국악),창극,,"서재형, 한아름, 황호준 등",국립극장(주최),한아름,
2453311,배자희 피아노 독주회,서양음악(클래식),기악,"배자희, 송희근, 김정은",,지클레프(주최),,
2453327,조성진 피아노 리사이틀 [부산],서양음악(클래식),기악,조성진,,"(재)부산문화회관(주최), (주)국제신문(주최), (주)크레디아(주관)",,
2454519,낯선 이,연극,연극,"유성주, 임영우, 조하나, 윤소희, 이준희, 이종찬, 조우현 등","신영민, 우혜민, 김지수 등",극단 실한(제작사),극단 실한,
2454561,대심문관과 파우스트,연극,연극,정동환,나진환,"극단 피악(제작사), 아트 리버(Arts River)(기획사)","도스토예프스키, 요한 볼프강 폰 괴테",나진환(각색)
2454578,천국의 콘서트,연극,연극,"이근호, 김동윤, 정준호, 박한솔, 진혜란","김진우, 임형우, 김재원 등","극단 듀공아(주관), 극단 듀공아(주최)",김진우,
2454654,왕서개 이야기,연극,연극,"전준용, 강신구, 박완규, 김은희, 이종윤","김도영, 이준우, 장한새 등","(재)서울문화재단(주최), (재)서울문화재단(주관), (재)서울문화재단(남산예술센터)(제작사), 극단 배다(제작사), 극단 배다(주최), 극단 배다(주관)",김도영,
2455677,이브의 선물 [대구],연극,연극,"석봉준, 강동웅, 이평화, 엄현수, 유원진, 임희수, 고귀현 등",,"(주)아트플러스씨어터(주최), (주)아트플러스씨어터(주관)",,
2456007,인싸이드,연극,연극,"공찬호, 김연철, 김민경, 정인지, 김준표, 강일경, 임준호 등","송천영, 이원재, 이지용 등","극단 달팽이주파수(주최), 극단 달팽이주파수(주관)",송천영,
2456011,"러브, 어게인 [대구］",연극,연극,"손우혁, 정수용 등",,"(주)비컨크리에이티브(주최), (주)비컨크리에이티브(주관)",,
2457079,하얀 비,연극,연극,"정승민, 전미주, 조현철, 장영주, 강우람, 신익훈, 서동현 등","박경식, 최현주, 김한신 등",공연창작소 공간(주최),박경식,
2457135,"자람페스티벌, 달수랑 정직이랑 바다아이 만들기",연극,연극,"김용겸, 신세윤, 박신애, 민예지, 정장환, 이채","변영후, 곽두성, 장문정 등","잘한다프로젝트(주최), 잘한다프로젝트(기획사)",변영후,오채민(드라마터그)
2457137,붉은얼굴,연극,연극,"김미영, 신금숙, 최윤서, 배보경, 박하늘, 동하","이돈용, 이주호, 김진수 등",극단 목수(제작사),아리스토파네스,이돈용(재구성)
2457234,The Two,연극,연극,"백남영, 윤용혁","백남영, 이수은, 김광섭 등","창작집단 거기가면(제작사), 창작집단 거기가면(기획사)",공동창작,
2457242,"제14회 DIMF, 폐막콘서트",뮤지컬,뮤지컬,"김일중, 양준모, 윤공주 등",,"대구광역시(주최), (사)대구국제뮤지컬페스티벌(DIMF)(주관)",,
2457884,발가락 육상천재,연극,연극,"김기헌, 류석호, 박창욱, 임모윤, 홍사빈","서충식, 김옥란, 신승렬 등",(재)국립극단(주최),김연주,
2457933,햄릿: 소리의 심리학,서양음악(클래식),기악,"오현진, 최윤석, 김아영, 강민지, 김명주, 허윤, 선현오 등","이지희, 박성민","모던팀브레(주최), 모던팀브레(주관)",,
2458017,나는 지금 나를 기억한다,연극,연극,"박지아, 구자승, 조주현, 나종민, 장하란, 하지웅, 강동수 등","손기호, 김태훈, 김광섭 등","공연으로(주최), 공연으로(기획사)",손기호,
2458033,서바이벌 파라다이스,연극,연극,"이미라, 이정국, 이윤주, 강대근, 백호진","백순원, 이선미, 박진희 등",씨어터 백(제작사),백순원,
2458097,10층,연극,연극,"이슬기, 강효석, 김재현, 표경빈","조창주, 박지희, 황은별 등",극적공동체고도(제작사),이재현,
2458331,외경,연극,연극,"곽성은, 김승환, 박시내, 이정주","이철희, 김주연, 남경식 등",코너스톤(제작사),이철희,
2458341,변신 [청주],연극,연극,"이호림, 한진우, 김채원, 민채연, 이동협, 임종현, 정수련 등","장경민, 임정은, 이준석 등","극단 시민극장(주관), 극단 시민극장(주최)",프란츠 카프카,"장경민, 임정은(재구성)"
2458560,아라베스크,연극,연극,"이준영, 송치훈, 박다미, 알도사리 압둘라","최진아, 손호성, 김성구 등","극단 놀땅(제작사), 극단 놀땅(주최)",최진아,
2459039,"연출의 판-작업진행중, 정진새",연극,연극,"김준우, 서지우, 장샘이, 장우성, 전선우",정진새,(재)국립극단(주최),,
2459581,죄인 김창수,연극,연극,"정대용, 오충수, 김선영, 백성수, 박정민, 정재종, 송지민 등","오충수, 이준호, 김보영 등",CS뮤지컬컴퍼니(주최),오충수,
2459657,가객풍류,한국음악(국악),기악,,,"가객(주최), 가객(주관)",,
2459920,제5회 단단 페스티벌,연극,연극,"이지호, 오혜민, 이승훈, 전병일, 박세은, 김건수, 김장현 등","정차영, 노심동, 권오윤 등",문화나눔공존(기획사),"김규남, 서민우, 권오윤, 김나영, 허병필, 김지용, 고성일, 조진호, 강현욱",
2459934,"클래식판타지아, 해피 클래식",서양음악(클래식),기악,"금난새, 유재아, 김혜지, 백양지, 김태현, 이윤석 등",,(재)중구문화재단(충무아트센터)(주최),,
2460784,동준아 치환아 동물원갈까?,대중음악,대중가요,"한동준, 안치환 등",,"(재)양천문화재단(주관), (재)양천문화재단(주최)",,
2461116,건물의 시간,연극,연극,"안석환, 박윤석, 임정은, 왕보인, 김상우","임수진, 임수현, 정미녕 등","극단 산울림(주최), 극단 산울림(주관)",,
2461251,더글래스 [대학로],연극,연극,"김태은, 정재용","이호영, 이수경, 박성현","극단 달을품다(제작사), 극단 달을품다(주관)",,이호영(각색)
2461263,어느 김씨 집안 박씨,뮤지컬,악극,"장유희, 김재훈, 김의환, 박도현, 전혜진, 김수현, 정지훈 등","김지욱, 이영택, 김종일 등",삼뉴극장(주최),,
2461308,해지,연극,연극,"정진각, 정혜선, 홍승비, 유재연, 황현욱","이명우, 금배섭, 박지만 등","(사)한국연극협회(주관), 에게(제작사)",이명우,
2462023,"제20회 월드 2인극 페스티벌, 열나게 속 터지는, 라면",연극,연극,,,"극단 홍차(제작사), 2인극 페스티벌 조직위원회(주최), 2인극 페스티벌 조직위원회(주관)",,
2462024,리 트리오,서양음악(클래식),기악,"이재형, 이서현, 이호찬",,"엘림아트센터(주관), 엘림아트센터(주최)",,
2462070,"청춘, 경기잡가를 노래하다",한국음악(국악),성악,,,"(사)경기잡가포럼(주최), (사)경기잡가포럼(주관)",,
2462216,포레스텔라 콘서트: 넬라 판타지아［부산］,대중음악,기타,,,"(주)아트앤아티스트(제작사), (주)월드쇼마켓(주최), (주)월드뮤지컬 컴퍼니(주관)",,
2464238,윤도현 단독 공연:  ACOUSTIC FOREST [서울],대중음악,대중가요,윤도현,,"(주)디컴퍼니(주최), (유)디온커뮤니케이션(주관), (유)디온커뮤니케이션(제작사), (주)디컴퍼니(제작사)",,
2465271,서울시향 오스모 벤스케의 차이콥스키 교향곡 5번,서양음악(클래식),기악,"오스모 벤스케, 이지윤 등",,(재)서울시립교향악단(주최),,
2467177,헤비언플러그드,대중음악,대중가요,,,"프리즘플러스(주최), 프리즘플러스(주관), 까미뮤직(주최), 까미뮤직(주관)",,
2467189,서울시향 오스모 벤스케의 멘델스존 교향곡 스코틀랜드,서양음악(클래식),기악,"오스모 벤스케, 이지윤 등",,(재)서울시립교향악단(주최),,
2468427,"Talks On Music ＃9, 참솜＆박소은",대중음악,대중가요,박소은 등,,"롤링홀(주최), 롤링홀(주관)",,
2468660,권서경 단독 콘서트: Nice ‘N’ Easy,대중음악,대중가요,"권서경, 고은성, 오세웅 등",,"비스카엔터테인먼트(주최), 비스카엔터테인먼트(주관)",,
2469012,마술피리 [수원],서양음악(클래식),오페라,"박상현, 김민형, 이규철, 최은석, 정경호, 김수미, 이세진 등",이회수,"(재)수원문화재단(주관), 수원SK아트리움(주관), (재)국립오페라단(주관), 수원시청(주최), 한국문화예술회관연합회(KoCACA)(주최)",,
2469514,포르테 디 콰트로와 함께하는 Notte Stellata,서양음악(클래식),기악,,,(주)아트앤아티스트(주최),,
2469699,컨테이너 [부산],연극,연극,"채민수, 유병영, 김상호, 이경진, 윤서영","허석민, 이민경, 김동욱 등","(주) 위너스아트컴퍼니(제작사), (주) 위너스아트컴퍼니(기획사), (주) 위너스아트컴퍼니(주최)",,
2473550,용선,연극,연극,"이미숙, 권정훈, 김용희, 박은경","김풍년, 정유석, 장경숙 등",작당모의(제작사),김풍년,
2474940,제15회 일통고법보존회 정기연주회,한국음악(국악),연희,"김청만, 신문범, 서한우, 박성희, 정신혜, 강미선, 정상희 등",,"일통고법보존회 부산지회(주최), 일통고법보존회 부산지회(주관)",,
2475479,피아니스트 김정원 리사이틀,서양음악(클래식),기악,김정원,,"(주)오푸스(OPUS)(주최), WMN(주최)",,
2478200,코리아뮤직 드라이브인 페스티벌,대중음악,대중가요,"백지영, 김태우, 박기영, 홍진영, 김수찬, 박서진, 김나희 등",,"문화체육관광부(주최), 인천광역시(주최), 아리랑TV (아리랑국제방송)(주최), 한국매니지먼트연합(주최), 연예매니지먼트협회(주최), 인천항만공사(주최), 콘존 엔터(주최), 문화체육관광부(기획사), 인천광역시(기획사), 아리랑TV (아리랑국제방송)(기획사), 한국매니지먼트연합(기획사), 연예매니지먼트협회(기획사), 인천항만공사(기획사), 콘존 엔터(기획사)",,
2482278,배니싱,뮤지컬,뮤지컬,"김종구, 이주광, 주민진, 박규원, 유승현, 배나라, 조훈 등","한재은, 주미나, 성종완 등","(주)네오프로덕션(제작사), (주)네오프로덕션(주최), (주)네오프로덕션(기획사)",,
2482773,"자람페스티벌, 초능력자",연극,연극,"엄태준, 엄태호, 신연재, 차현지","전헤지, 조민국, 엄태준","잘한다프로젝트(주최), 잘한다프로젝트(주관), 극단 수채화(제작사)",전헤지,
2483818,대학생 연합 뮤직페스티벌,서양음악(클래식),기악,,이현,"대구음악협회(주관), 대구음악협회(주최)",,
2485380,조명섭 단독콘서트: 달밤음악회,대중음악,대중가요,조명섭,,(주)밝은누리(주관),,
2490765,향연 정기공연,한국음악(국악),기악,,,,,
2497183,Lift The Veil [대구],연극,연극,"김윤경, 조보은, 조민선, 권건우","박현정, 하연정","극단 예전(주최), 극단정​(주관)","박현정, 하연정",
2497199,언도큐멘타: 한국연극 다시 써라,연극,연극,"강지은, 고수희, 김동원, 김명수, 김정, 김정호, 김주완 등","신호, 김보용, 하상철 등","한국문화예술위원회(주최), 연극의 해 집행 위원회(주최), 한국 근현대 연극사 발간위원회(주최)",,
2497662,제39회 세계 대전초연의 메시야필하모닉오케스트라 정기연주회,서양음악(클래식),기악,"박인석, 권혁연, 조용미, 김남표, 문동환, 김율희, 최민정 등",,"메시야필하모닉오케스트라(주관), 메시야필하모닉오케스트라(주최)",,
2497677,베토벤 탄생 250주년 기념음악회 I,서양음악(클래식),기악,"이종은, 김주영, 김규, 김민승, 한현미, 박유미, 김은정 등",,"아트뱅크코레아(주관), 아트뱅크코레아(주최)",,
2497726,힘내라 대한민국: 한국가곡의 울림,서양음악(클래식),성악,"오동국, 정영하, 송정아, 손민호, 정민희, 권희준, 전선화 등",,"뮤직플러스(주관), 브라보오페라앙상블(주최)",,
2497965,"제10회 서울미래연극제, 마지막 배우",연극,연극,,,"(사)서울연극협회(주최), 서울미래연극제 운영위원회(주관)",,
2497983,제3회 아티스타 앙상블 정기연주회,서양음악(클래식),기악,"강나래, 최성식, 임은진, 전경구, 김성민",,(주)마스트미디어(주최),,
2510634,제35회 아울로스 목관5중주 정기연주회,서양음악(클래식),기악,"윤혜리, 곽연희, 채재일, 표규선, 이규성",,뮤직플러스(주최),,
2510763,제23회 창작신인안무가전,무용(서양/한국무용),발레,"송진, 한유진, 조흥래, 이해니, 권보빈 등",,"(사)한국발레협회(주최), (사)한국발레협회(주관)",,
2510961,"서울국제음악제, 폐막음악회: 앙상블 오푸스 음악과 함께",서양음악(클래식),기악,"이석준, 주홍진, 백주영, 김다미, 정원영, 안수경, 김상진 등",,"(주)오푸스(OPUS)(주관), 서울국제음악제(주최)",,
2511547,Yes On 뮤지컬 스테이지,뮤지컬,뮤지컬,"나하나, 김대현, 강찬, 황민수, 이태은, 박정원, 김찬 등","김태형, 진다연, 허연정 등",(주)에이치제이컬쳐(HJ컬쳐)(주최),,
2512987,"베토벤 피아노 소나타 전곡연주회 VII, 박정희 피아노 리사이틀 [부산]",서양음악(클래식),기악,박정희,,"아트뱅크코레아(주최), 아트뱅크코레아(주관)",,
2513001,"Meet the Artist, 반도네오니스트 고상지",서양음악(클래식),기악,"고상지, 브랜든 최, 최문석",,(주)마스트미디어(주최),,
2513063,"포커스, WOS 비르투오소 챔버 [광주]",서양음악(클래식),기악,"여자경, 김다미 등",,광주문화예술회관(주최),,
2513442,Autumn Romance,서양음악(클래식),기악,"박인희, 최지영, 양민제",,쌀롱드무지끄(주최),,
2514390,임동혁 피아노 리사이틀,서양음악(클래식),기악,임동혁,,(주)크레디아뮤직앤아티스트(주최),,
2515816,시골쥐와 서울쥐,연극,연극,,,,,
2517246,"제20회 월드 2인극 페스티벌, 단칸방의 메데이아",연극,연극,,,"극단 우아(제작사), 2인극 페스티벌 조직위원회(주최), 2인극 페스티벌 조직위원회(주관)",,
2518893,소프라노 이지환 독창회,서양음악(클래식),성악,"이지환, 배은아, 한진만",,J&P(제이앤피)아트컴퍼니(주최),,
2519112,엔젤피스 예술단 더-파워 콘서트 [부산],대중음악,기타,백지영 등,,"(사)엔젤피스 예술단(주최), (사)엔젤피스 예술단(주관)",,
2519324,"마리아칼라스홀 초청연주 시리즈, 구희원＆오연택",서양음악(클래식),기악,"구희원, 오연택",,마리아칼라스홀(주최),,
2519442,리골레토 [대구],서양음악(클래식),오페라,"한보라, 최요섭, 강민성, 윤성우, 권수영, 이은혜, 김성민","현동현, 소은경, 최득규 등","지트리 아트컴퍼니(주최), 지트리 아트컴퍼니(주관)",,
2520965,오월 바람,무용(서양/한국무용),발레,"강은혜, 윤전일, 보그단 플로피뉴, 전진미, 박경애, 우건희, 김주현 등","최태지, 문병남, 나실인 등","광주문화예술회관(주최), 광주시립발레단(주관)",,
2521010,모락모락 프로젝트 ＃1,한국음악(국악),기악,"강안나, 강한별, 조의선, 손새하, 김태환, 전한국, 신원섭 등",,"모락모락(주관), (주)인사이트모션 서울돈화문국악당(주관), 모락모락(주최), (주)인사이트모션 서울돈화문국악당(주최)",,
2521140,제31회 광주음악제,서양음악(클래식),기악,"김아연, 김여진, 김혜진, 김형미, 정세화, 이지은, 장지민 등",,,,
2521715,임주영 피아노 독주회,서양음악(클래식),기악,임주영,,"지트리 아트컴퍼니(주최), 지트리 아트컴퍼니(주관), 지트리 아트컴퍼니(주최), 지트리 아트컴퍼니(주관)",,
2521828,"아시아 연출가전, 낭독공연",연극,연극,"양흥주, 전은주, 남호섭, 김준한, 김석환, 김규리, 서명균 등","박정의, 장태준,황태선 등","(사)한국연출가협회(주최), (사)한국연출가협회(주관)",,
2521838,제11회 뮤엔피아노퀸텟 정기연주회,서양음악(클래식),기악,"강령은, 박민선, 차지현, 최소영, 유한나, 안은실",,뮤엔피아노퀸텟(주최),,
2521853,CINEMA MUSIC [대구],서양음악(클래식),기악,"윤성희, 이지혜, 오영민, 이재훈, 황영심, 조윤지",구수민,"(재)수성문화재단 수성아트피아(주최), 대구음악협회(주관)",,
2521966,The Chamber CLUB M Var. 1,서양음악(클래식),기악,"김덕우, 이신규, 심준호, 김재원",,(주)마스트미디어(주최),,
2522117,제70회 (사)한국페스티발앙상블 정기연주회,서양음악(클래식),성악,"국윤종, 김정선, 오덕선, 손인경, 이민정, 방광식, 김지선 등",,(사)한국페스티발앙상블(주최),,
2522655,제105회 춘천시립합창단 정기연주회,서양음악(클래식),성악,"임창은, 장희원, 최한결 등",,춘천시립예술단(주최),,
2523067,부산국악방송 개국 9주년 기념 공연,한국음악(국악),성악,"박애리, 정영만, 박성희, 최수정, 김성진, 이영섭, 이승희 등",,"국립부산국악원(주최), (재)국악방송(주최)",,
2523093,춤 전승전,무용(서양/한국무용),한국무용,"이지선, 이승주, 정은파, 권영심, 김진희, 김승애, 이미주 등",,(사)대한민국전통예술전승원(주최),,
2523239,거창문화재단 기획공연:  DCDC,무용(서양/한국무용),현대무용,,김성용,"한국문화예술위원회(주최), (재)거창문화재단(주최), 한국문화예술회관연합회(KoCACA)(주관), 대구시립무용단(주관)",,
2523769,나와 나타샤와 흰 당나귀,뮤지컬,뮤지컬,"강필석, 오종혁, 송원근, 정운선, 전성민, 이하나, 윤석현 등","장우재, 정경진, 박해림 등","(주)인사이트엔터테인먼트(제작사), (주)인사이트엔터테인먼트(주최)",,
2523774,아주여성합창단 창단30주년 기념공연,서양음악(클래식),성악,"임명운, 고지은, 최연주, 방효섭, 고동현",,"아주콘서트콰이어(주최), 아주남성합창단(주관)",,
2527750,"창작극 페스티벌, 어서와요, 이곳으로",연극,연극,"권순형, 박연수, 박희연, 박성원, 신유주, 이선","김자영, 성지하, 양병환 등","극단 배우들(제작사), 몽상가들(주관), 컬쳐유니버(주최)",박성원,
2528735,"아름다운 목요일, 금호아트홀 상주음악가: 이지윤 & 일리야 라쉬코프스키",서양음악(클래식),기악,"이지윤, 일리야 라쉬코프스키",,(재)금호아시아나문화재단 (금호문화재단)(주최),,
2529272,뜨거운로맨스 바라보다,연극,연극,"전슬기, 김유진, 김준영, 고동균, 추석영, 신지연","박재현, 홍정호, 함제범 등","JH컴퍼니(주관), JH컴퍼니(주최)",박재현,홍정호(각색)
2529278,꿈의 오케스트라 정기연주회,서양음악(클래식),기악,,,,,
2531447,김주원의 사군자: 생의 계절,무용(서양/한국무용),발레,"김주원, 박해수, 윤나무, 김현웅, 윤전일, 김석주","김주원, 지이선, 정재일 등","(재)국립정동극장(주최), (재)국립정동극장(주관)",,
2532215,"제20회 월드 2인극, 싯팅 인 어 룸",연극,연극,,,"극단 이와삼(제작사), 2인극 페스티벌 조직위원회(주최), 2인극 페스티벌 조직위원회(주관)",,
2532246,킹스턴 루디스카 콘서트 [의령],대중음악,대중가요,,,"한국문화예술회관연합회(KoCACA)(주관), 의령군청(의령군)(주관), 문화체육관광부(주최)",,
2535632,조성진 피아노 리사이틀 (3시),서양음악(클래식),기악,조성진,,(주)크레디아뮤직앤아티스트(주최),,
2539637,한여름 밤의 꿈,무용(서양/한국무용),발레,,,"(재)금천문화재단(주최), 서울발레씨어터(주관), (사)서울발레시어터(서울발레씨어터)(주관)",,
2540888,별난 소리판 [태백],한국음악(국악),성악,"이은희, 지유정, 차보영, 오초롱, 김민지, 김솔지, 박영식 등",,"한국문화예술회관연합회(KoCACA)(주최), 태백시(주관), 미소(주관)",,
2541594,서정금: 해학적 창극 속으로,한국음악(국악),창극,"서정금, 전은석, 김단희",,"한국문화예술회관연합회(KoCACA)(주관), 영천시민회관(주관), 문화체육관광부(주최)",,
2541620,김동규와 함께하는 talk talk 오케스트라 with KNN 방송교향악단,서양음악(클래식),성악,"김동규, 박진, 김나영, 고아라 등",양경아,"부산학생예술문화회관(기획사), 부산학생예술문화회관(주최)",,
2542702,해적,무용(서양/한국무용),발레,"박슬기, 이재후, 김기완, 김리회, 박종석, 구현모, 박예은 등",,(재)국립발레단(주최),,
2544292,"수요공감, 든해",한국음악(국악),기악,"고명진, 주은지",,국립부산국악원(주최),,
2544908,제31회 대전아트오케스트라 정기연주회,서양음악(클래식),기악,"윤성규, 최지웅 등",,"대전아트오케스트라(주최), 유진예술기획(주관)",,
2544954,조성진 피아노 리사이틀 (7시30분),서양음악(클래식),기악,조성진,,(주)크레디아뮤직앤아티스트(주최),,
2546189,"SAC ON SCREEN, 여자만세 (앵콜)",연극,연극,"성병숙, 최지연, 김용선, 서송희, 하성민",장경섭,"예술의전당(제작사), 극단 휴먼비(제작사), (유)여자만세(제작사), 예술의전당(기획사), 극단 휴먼비(기획사), (유)여자만세(기획사)",국민성,
2546248,제1회 코리아 모던 필하모닉 오케스트라 정기연주회,서양음악(클래식),기악,"장윤, 안혜수, 이윤석, 이에스더, 나지수, 구예은, 정다운 등",,"음악교육신문(주최), 음악교육신문사(주최)",,
2546368,김효영 생황 콘서트: 살아지다,한국음악(국악),혼합,"김효영, 연정흠, 박준영, 박노을, 황민왕, 서민기, 민지선 등",,비온뒤(주최),,
2546379,라 트라비아타 [부산],서양음악(클래식),오페라,"왕기헌, 양승엽, 강경원, 이칠성 등","박종준, 황성윤, 김경미 등","맨즈하모니(주관), 맨즈하모니(주최)",,
2546422,"모람모람 콘서트, 앙상블 로만짜의 작은 음악회",서양음악(클래식),오페라,"김의지, 박민, 김태선, 김다은, 방효섭, 이종은",,"(재)영등포문화재단(주관), 한우리오페라단(주관), (재)영등포문화재단(주최), 한국문화예술회관연합회(KoCACA)(주최)",,
2546961,김혜미 첼로 독주회,서양음악(클래식),기악,"김혜미, 조영웅",,"(주)스펙트럼(기획사), (주)스펙트럼(주최)",,
2547086,제16회 예인교수앙상블 정기연주회,서양음악(클래식),성악,"허정림, 차승희, 손현, 김은실, 박문주, 오현미, 김현희, 최수안 등",나윤규,"영음예술기획(주관), 예인교수앙상블(주최)",,
2548495,대한민국 실내악 작곡제전 IV,서양음악(클래식),기악,"김태희, 이혜원, 노선경, 설수경, 이문희, 정세훈, 유도원 등",,"(사)한국작곡가협회(주최), 현대문화기획(주관)",,
2548581,"하우스콘서트 시즌4, 클래시칸의 Tango [수원]",서양음악(클래식),기악,"이신규, 조용우, 이현진, 임시내",,"수원시청(주최), (재)수원문화재단(주관)",,
2548831,"앙코르씨네, 오페라의 유령",뮤지컬,뮤지컬,"라민 카림루, 시에라 보게스, 하들리 프레이저 등","앤드류 로이드 웨버, 캐머런 매킨토시",,,
2553169,일어나라 팔복아,연극,연극,"서주현, 조춘호, 한훈, 김영규, 김진아, 문성주","이은지, 조영주, 조현우 등",극단 길손(제작사),정범철,극단 길손(각색)
2553203,처음만난사이,연극,연극,"고연경, 신하은, 진석, 서명훈, 안은샘, 이예린, 모고은 등","서명훈, 최승주, 모고은 등",컴퍼니 눈(제작사),서명훈,
2553244,"제41회 서울무용제, 개막식 및 개막공연",무용(서양/한국무용),한국무용,"양성옥, 양길순, 박재희, 채상묵, 김지영, 장현수, 이경은 등",,"(사)한국무용협회(주최), 서울무용제 조직위원회(주관)",,
2554383,KCO 라이징 스타 콘서트,서양음악(클래식),기악,"강석희, 전인홍, 강신욱, 김재영",,"(사)코리안챔버오케스트라(구. 서울바로크합주단)(주최), (사)코리안챔버오케스트라(구. 서울바로크합주단)(주관)",,
2554611,수요마임극장,연극,마임,"이두성, 김준영, 최성재, 김민정, 오쿠다 마사시, 류성국, 이현수 등",,"스튜디오 QDA(주최), 스튜디오 QDA(주관)",,
2554612,"제4회 극장동국 연출가전, 아바, 아버지",연극,연극,"정상철, 강지수, 신화철, 오근영, 오보혜, 구자순, 정윤영 등","김경익, 이태원, 박재범 등","극장 동국(주최), 극장 동국(주관)",김경익,
2557802,코스프레 파파,뮤지컬,뮤지컬,"임진웅, 홍기주, 여정윤, 김소정, 전수창, 예수빈, 최현규 등","변효진, 박지영, 장병욱 등","(재)안산문화재단(제작사), (재)안산문화재단(주관), 한국문화예술회관연합회(KoCACA)(주최), (재)안산문화재단(안산문화예술의전당)(제작사), (재)안산문화재단(안산문화예술의전당)(주관)",,
2558254,아람누리 마티네콘서트 Ⅱ,서양음악(클래식),기악,"오상진, 김호정, 이호찬, 이상은, 이성빈, 박건우",,(재)고양문화재단(주최),,
2559102,판타지아드림 서커스,서커스/마술,서커스/마술,,,,,
2559105,청골이가 달라졌어요＆토끼와 거북이,연극,인형극,,,"명작극장(주관), 행복을주는사람들(주최)",,
2559106,"아람누리 마티네콘서트: 오상진의 스윗 클래식Ⅱ, 그대 그리고 첼로 [고양]",서양음악(클래식),기악,"오상진, 이호찬, 이상은, 이성빈, 박건우",,(재)고양문화재단(주최),,
2559811,IT-SHOW,뮤지컬,넌버벌 퍼포먼스,,,"울주문화예술회관(울주군시설관리공단)(주관), 한국문화예술회관연합회(KoCACA)(주최), 울산광역시 울주군청(주관)",,
2560257,초콜릿하우스 [김천],뮤지컬,뮤지컬,"김성미, 김성탁, 신기주, 이상혁",,"김천시문화예술회관(주관), 극단 셰익스피어(주관), 한국문화예술회관연합회(KoCACA)(주최)",,
2562150,"현대차그룹 대학 연극·뮤지컬 페스티벌, 흥해도 청춘, 망해도 청춘",연극,연극,,,"현대자동차그룹(주최), (사)한국공연프로듀서협회(주최), 현대차그룹 대학 연극·뮤지컬 페스티벌 사무국(주관)",,
2562217,청학동 김봉곤 훈장과 함께하는 어서오이소 영남예인열전 [해남],한국음악(국악),연희,"김봉곤, 남창동, 신유식, 최윤영, 오혜원 등",,해남문화예술회관(주최),,
2562416,서도소리극 향두계놀이,한국음악(국악),혼합,,,"한국문화예술회관연합회(KoCACA)(주최), (재)충주중원문화재단(주관), 한국문화예술회관연합회(KoCACA)(주최), (재)충주중원문화재단(주관)",,
2562749,"문화콘서트 난장, 나주정미소 난장곡간(11.5)",대중음악,대중가요,,,"광주문화방송(주)(광주MBC)(주관), (주)램프(주관), 광주문화방송(주)(광주MBC)(주최), 나주읍성도시재생주민협의체(주최), 나주시 도시재생과(주최)",,
2563981,제71회 (사)한국여성작곡가회 정기발표회,서양음악(클래식),기악,"설수경, 유호정, 이의진, 정재은, 조영미, 이혜성, 심옥식",,"(사)한국여성작곡가회(주최), 현대문화기획(주관)",,
2565809,퍼커셔니스트 홍진영 귀국 독주회 [대전],서양음악(클래식),기악,"홍진영, 고길영, 손명희",,"공연기획피움(주최), 공연기획피움(주관)",,
2565840,제14회 대구시립국악단 한국무용의밤,무용(서양/한국무용),한국무용,,"장유경, 채한숙, 양성필 등","대구시립국악단(주관), 대구시립예술단(주최)",,
2566456,김가은 댄스 컬렉티브: 모호한 경계 Ⅲ,무용(서양/한국무용),현대무용,"황경미, 최영현, 김인애, 김지혜, 신보문, 이유림, 양진석","이대건, 김가은, 우선영 등","(재)고양문화재단(주최), 김가은 댄스 컬렉티브(제작사)",,
2566641,해설이 있는 피아노 두오 콘서트,서양음악(클래식),기악,"이영우, 이윤수, 허재원, 최영미, 황소원, 김연경, 정헤연 등",,"한국피아노두오협회(주최), 지음기획(주관)",,
2567064,"대전시립교향악단 마스터즈시리즈 12, 스트라빈스키 불새",서양음악(클래식),기악,제임스 저드 등,,"대전시립교향악단(주관), 대전광역시청(주최)",,
2567577,테너 김정권 독창회,서양음악(클래식),성악,"김정권, 홍주헌",,UNICO(유니코 예술기획)(주최),,
2567584,드라마틱 베토벤,서양음악(클래식),기악,"윌슨 응, 손민수 등",,"인천서구문화회관(주관), 한국문화예술회관연합회(KoCACA)(주최)",,
2568247,제157회 부산시립소년소녀합창단 정기연주회,서양음악(클래식),성악,"김수현, 이영옥 등","김희연, 노금선, 김희정","(재)부산문화회관(주최), 부산시립예술단(주관)",,
2569296,오늘을 기억해,뮤지컬,뮤지컬,"백재현, 이재형, 한현민, 송영길 등",,(재)전라남도문화관광재단(도립국악단)(주최),,
2569411,"제180회 목요예술무대, 먼나라 이웃나라 영국여행",서양음악(클래식),기악,"오승준, 김아영, 임금희, 박용갑",,"강동문화재단(강동아트센터)(주최), 강동문화재단(강동아트센터)(주관)",,
2569860,토스카 [공주],서양음악(클래식),오페라,"오미선, 박기천, 최종우, 박종선, 김준빈, 김재일, 서석호 등","장수동, 김보미 등","공주시청(주최), 한국문화예술회관연합회(KoCACA)(주최), 공주시문화시설사업소(공주문예회관)(주관), 서울오페라앙상블(주관)",,
2570778,메리위도우 [부산],서양음악(클래식),오페라,"양근화, 신민원, 최강지, 윤오건, 김효주, 김보라, 이해성 등","최강지, 이효석, 정은정","부산 캄머오페라단(주최), 부산 캄머오페라단(주관)",,
2570799,에델현악사중주단과 함께하는 베토벤 현악사중주 전곡 시리즈 V [부산],서양음악(클래식),기악,,,"에델현악사중주단(주최), 에델현악사중주단(주관)",,
2570992,진성&김용임&신유 빅3 트로트 콘서트 [안동],대중음악,대중가요,"진성, 김용임, 신유",,"안동문화예술의전당 (평생학습원)(주최), 안동문화예술의전당 (평생학습원)(주관)",,
2571098,수원시립교향악단 청소년 협주곡의 밤,서양음악(클래식),기악,"신은혜, 이태민, 정하은, 김나영, 장윤성",,,,
2571954,제150회 대구시립합창단 정기연주회,서양음악(클래식),기악,박지운 등,,"대구시립합창단(주관), 대구시립예술단(주최)",,
2572641,Best of the Best,뮤지컬,뮤지컬,"카이, 아이비, 성민제, 이경선, 백윤학 등",,"음성군청(주관), 클라츠컴퍼니(주관), 한국문화예술회관연합회(KoCACA)(주최)",,
2573033,Opus One,서양음악(클래식),기악,"최예림, 이주빈, 유문선, 임다은, 오지선",,쌀롱드무지끄(주최),,
2573049,제103회 군산시립합창단 정기연주회,서양음악(클래식),성악,"김영진, 류정필, 이주리, 문근정 등",주자영,"군산시립합창단(), 군산시청()",,
2573323,셜록홈즈 [부산],연극,연극,"김기환, 김정호, 김지석, 정아린, 이재영, 이대희, 이태경 등",,"KNN(주최), KNN(기획사)",아서 코난 도일,
2573338,제41회 군포시립여성합창단 정기연주회,서양음악(클래식),성악,,,군포시립여성합창단(주관),,
2573437,제10회 DDF: 2인무페스티벌,무용(서양/한국무용),현대무용,,,"국제 2인무 페스티벌 추진위원회 (DDF 추진위원회)(주최), 국제 2인무 페스티벌 추진위원회 (DDF 추진위원회)(주관)",,
2573455,고스트 [대전],연극,연극,"류기범, 박소영, 허윤, 오수혜, 배혜수, 김대영, 이재원",,"극단 참배우연구소(제작사), (주)아신아트컴퍼니(기획사)",,
2573746,치유와 희망의 콘서트: 가을의 위로,서양음악(클래식),오페라,"곽현주, 우주호, 김상진, 정아롱다롱 등",강민석,"고창군(고창군청)(주최), 아리랑심포니오케스트라(주관)",,
2574078,봉사열전,연극,마당극,"김세진, 이태영, 이재일, 박준식, 박정남, 정효선, 양정민 등",황지인,"(재)거창문화재단(주관), (재)거창문화재단(주최)",,
2574240,"가을음악회 시리즈1, 가요와 떠나는 시간",서양음악(클래식),성악,,,"남양주시청(주최), 남양주시립합창단(주관)",,
2574352,염쟁이 유씨 [평택],연극,연극,"유순웅, 임형택",,"평택시청(주관), (재)평택시문화재단(주최), 창작공간 스튜디오 블루(주최), 한국문화예술회관연합회(KoCACA)(주최)",,
2574912,"앙코르씨네, 카르멘",서양음악(클래식),오페라,"엘리나 가랑차, 로베르토 알라냐, 야닉 네제-세겐 등","리처드 이어, 크리스토퍼 윌든",,,
2574968,내 묘비에 키스해주세요,연극,연극,"박상희, 신정은, 이규혁, 김동현, 박우정, 김상일","장원정, 홍소라, 손인수",정Tree 프로젝트(주최),샤를 보들레르,홍소라(각색)
2579164,Drive in 마당음악회 [경산],대중음악,기타,"김선희, 박광식 등",,"경산중앙교회(주최), 경산중앙교회(주관)",,
2579392,래러미 프로젝트 십 년 후,연극,연극,"김소리, 남수현, 박선희, 박세정, 백동현, 윤동원, 주혜원 등","마정화, 남인우, 송정희 등","플랜큐(주관), 극단 북새통(주최)","모이세스 코프먼, 텍토닉 씨어터 프로젝트",
2579415,Romantic Russia,서양음악(클래식),기악,"김남윤, 피터 오차로프 등",,"(주)더블유필하모닉오케스트라(주최), (주)더블유필하모닉오케스트라(주관)",,
2579651,"한수원과 함께하는 문화가 있는날, 정순임 헌정공연: 소리의길",한국음악(국악),성악,"정순임, 신영희, 남상일, 이봉근 김나니",,"한국수력원자력(주)(주최), (재)경주문화재단(주관)",,
2580559,홀로 우두커니,서양음악(클래식),기악,이지연,,(주)페이지터너(주최),,
2580736,"Anyway, Family",연극,연극,"반상윤, 박정림, 마정석, 김신영","정회훈, 홍주원, 반민정 등","극단 세 개의 시간(제작사), 극단 세 개의 시간(주최), 극단 세 개의 시간(주관)",마정석,
2581018,제5회 도담도담 페스티벌,연극,연극,,,도담도담 페스티발(주최),,
2581127,반쪼가리 자작,연극,연극,"김선권, 이경민, 장원경, 전민영, 최예경, 백효성","박성찬, 김동현, 김종석 등","잘한다프로젝트(주최), 잘한다프로젝트(주관)",이탈로 칼비노,박성찬(각색)
2581178,"창작극 페스티벌, 커터칼심 500원 장미꽃 5000원",연극,연극,"문현정, 조지현, 김현정, 손현준, 유수인, 양동선, 김경호 등","김애자, 김현희, 김재형 등","극단 오늘무대(제작사), 컬쳐유니버(주최), 몽상가들(주관)",김애자,
2582434,배를 엮다,연극,연극,"조성현, 조연호, 김왕근, 정지인, 박인지, 윤일식, 백혜리 등","문하나, 강현주, 정승준 등",즐거운 생활(주최),미우라 시온,강현주(각색)
2582493,"미니멀라이프페스티벌, 더 바이퍼스 & 쏜애플",대중음악,대중가요,,,"엠와이뮤직(주관), 엠와이뮤직(주최)",,
2582566,"아름다운 목요일, 앙상블 로드: 트리오 킴",서양음악(클래식),기악,"김다미, 김상진, 김민지",,(재)금호아시아나문화재단 (금호문화재단)(주최),,
2582698,"웰컴대학로, 얼쑤",뮤지컬,뮤지컬,"박정은, 강이낻, 윤정훈, 정가람, 김대웅, 최광제, 김현지 등",,"한국관광공사(주최), 한국관광공사(주관)",,
2585005,스푸트니크,연극,연극,"선명균, 문현정, 김세환, 신사랑","박해성, 강지혜, 김형연 등",극단 상상만발극장(제작사),박해성,
2586135,떡보와 아리랑 다섯 고개 호랭이,연극,연극,,,"(재)통영국제음악재단(주관), 통영시민문화회관(주관), 극단 꼭두광대(주관), 통영시(주최), 한국문화예술회관연합회(KoCACA)(주최)",,
2587987,회원의 날,서양음악(클래식),성악,"김대진, 손민수, 김다미, 심준호 등",,예술의전당(주최),,
2589683,우주로 간 토끼 [김포],연극,연극,,,극단 우주선(제작사),,
2589949,태평성시,연극,연극,"홍은정, 이에소, 이웅렬, 장일승, 전삼근, 이상철, 신광희 등","고주원, 원춘규, 김태근 등","(주)날다팩토리(제작사), 국립중앙박물관(주최)",원춘규,
2590601,VOICE TO VOICE: 신성 x 장서영 x 성빈,대중음악,대중가요,"신성, 장서영, 성빈",,"(주)좋은콘서트(제작사), (주)좋은콘서트(주최), (주)좋은콘서트(주관)",,
2590615,VOICE TO VOICE: 류지광 X 신성 X 성빈,대중음악,대중가요,"류지광, 신성 등",,"(주)좋은콘서트(제작사), (주)좋은콘서트(주최), 제이티앤미디어(주)(주관), (주)좋은콘서트(주관), 제이티앤미디어(주)(제작사), 제이티앤미디어(주)(주최)",,
2590931,8호감방 임명애,뮤지컬,뮤지컬,"김유진, 남궁인, 정인아, 윤정섭, 김진철, 김기령, 조아라 등","장은정, 박진규, 정택수 등","극단 예성(주관), 극단 예성(주최)",,
2592303,뮤직 오브 더 나잇,대중음악,기타,"정선아, 이건명, 백윤학",,"라움아트센터(라움)(주최), 라움아트센터(라움)(주관)",,
2592438,시네마 음악회,대중음악,대중가요,"김종국, 하동균 등",,"(재)영화의전당(주최), KNN(주관)",,
2595295,"re－union, 짙은",대중음악,대중가요,,,"캐스퍼라이브(주최), 캐스퍼라이브(주관)",,
2596587,"마리아칼라스홀 초청연주 시리즈, 영아티스트 콘서트",서양음악(클래식),기악,,,마리아칼라스홀(주최),,
2598651,피버,무용(서양/한국무용),현대무용,"강다솜, 김보람, 남가영, 유동인, 이혜상, 임소정, 장경민 등","김보람, 최혜원, 조은진 등","(재)광명문화재단(주최), 앰비규어스댄스컴퍼니(주관)",,
2599037,제53회 숲속의 열린음악회: 아름다운 가사가 들리는 콘서트,대중음악,대중가요,"홍경민, 이봉근 등",,"한국문화예술회관연합회(KoCACA)(주최), 동래문화회관(주관)",,
2599108,한뼘사이 [대구],연극,연극,"차수영, 황지현, 김주하, 이연우, 최상배, 임창섭, 한훈 등",노푸름,극단 파릇(제작사),,
2599148,"모람모람 콘서트, 말하는 원숭이",연극,연극,,,"(재)영등포문화재단(주관), 국악뮤지컬집단 타루(주관), 한국문화예술회관연합회(KoCACA)(주최), (재)영등포문화재단(주최)",,
2599304,내일은 미스터트롯 TOP6 전국투어 콘서트 [광주],대중음악,대중가요,"임영웅, 이찬원, 정동원, 장민호, 김희재 등",,"(주)쇼플레이(제작사), TV조선(주최), (주)공연마루(주관), (주)장터미디어(주관)",,
2604358,삼색풍류,한국음악(국악),기악,"김윤우, 전예원, 김소연, 정연준, 김동민, 강한뫼, 정선겸 등","이현창, 이수형, 최이담 등","풍류21(주관), 풍류21(주최)",,
2605153,코뿔쏘 [부산],연극,연극,"정은비, 김재형, 김찬우, 강병웅, 김상희 등","안준영, 이성규 등","부산소극장연극협의회(주최), 부산소극장연극협의회(주관), 액터스소극장(주관)",외젠 이오네스코,
2605857,"세종, 1446",뮤지컬,뮤지컬,"정상윤, 박유덕, 남경주, 김주호, 박소연, 김지유, 이준혁 등","한승원, 김종석, 김선미 등","(재)여주세종문화재단(제작사), (주)에이치제이컬쳐(HJ컬쳐)(제작사), (재)부천문화재단(주관), (재)여주세종문화재단(주관), (재)부천문화재단(주최), 여주시청(주최)",,
2607056,"아름다운 화요일, 앙상블 비욘드: 블루 노트 재즈 [대구]",서양음악(클래식),기악,"정성욱, 최지민, 윤주리, 손효창, 김태영, 우정훈, 김현정 등",,"대구콘서트하우스(주최), 대구콘서트하우스(주관)",,
2607434,제4회 솔리스츠K 정기연주회,서양음악(클래식),기악,"오헤림, 이나영, 최현정, 황요한, 박지현, 박현정, 장하은 등",,"카프리스뮤직(주관), 위즈뮤직컴퍼니(주관), 솔리스츠K(주최)",,
2607532,파탈리떼 [부산],뮤지컬,뮤지컬,"박종찬, 강지혜, 조창우","이성섭, 민경원, 백철호 등","극단 무대와 사람들(기획사), 극단 무대와 사람들(제작사)",,
2607541,기적소리,뮤지컬,뮤지컬,"박혜민, 최영민, 전재원, 고봉조, 김율하, 조영근, 김태윤 등","이응규, 김종련, 오서은 등","한국문화예술회관연합회(KoCACA)(주최), 함안문화예술회관(주관), 대구메트로아트센터(주관)",,
2608363,"ON, H Concert with 임선혜 [화성]",서양음악(클래식),성악,"임선혜, 장미경, 박경민, 이한솔, 이석원, 조현근, 아렌트 흐로스펠트",,"(재)화성시문화재단(주최), (재)화성시문화재단(주관)",,
2608558,심청 [인천],한국음악(국악),창극,"추현종, 최승호, 이동빈, 김문환, 오경준, 정지훈, 김태형 등","김지은, 김범석","부평문화사랑방(주관), (재)인천광역시 부평구문화재단(부평아트센터)(주최)",,
2608629,제149회 대전시립합창단 정기연주회,서양음악(클래식),성악,"빈프리트 톨, 석현수, 김세일 등",빈프리트 톨,"대전시립합창단(주관), 대전광역시청(주최)",,
2610184,카르멘 [전주],서양음악(클래식),오페라,"김정은, 김성근, 최승현, 신성희, 윤정난, 고은영, 한윤석 등","조장남, 김어진, 류신열 등","(사)호남오페라단(주최), (사)호남오페라단(주관)",,
2610400,라 트라비아타 [안성],서양음악(클래식),오페라,"홍석원, 윤상아, 이범주, 이동환, 김윤희, 안대성, 나의석 등","이의주, 김민재, 유회웅",안성맞춤아트홀(안성시)(주최),,
2610857,힐링콘서트: 시민 곁으로,서양음악(클래식),성악,"장용, 고성현, 신현선, 심지후, 유종한, 조세형, 이종관 등",,"(사)인천예총(주최), 인천뉴필하모닉 오케스트라(주관), (사)한국예총 인천광역시연합회 인천예총(인천수봉문화회관)(주최)",,
2610900,"인천열전2, 전설은 이렇게 만들어졌다",연극,연극,,이상희,"인천광역시(주최), 인천문화예술회관(주관), 극단 집현(제작사)",,
2610991,빨래 [오산],뮤지컬,뮤지컬,,"추민주, 민찬홍",(재)오산문화재단(주최),,
2611551,제115회 강릉시립교향악단 정기연주회,서양음악(클래식),기악,"류석원, 김용배, 오신영 등",,"강릉시립교향악단(주관), 강릉시청(주최)",,
2612092,대전재즈페스티벌,대중음악,재즈/월드뮤직,"서덕원, 김호철, 최한글, 김헤미, 이영주, 김성준, 오진원 등",,"(주)플러스프로핏(주관), 대전마케팅공사(주최), 대전재즈페스티벌 조직위원회(주최), 대전재즈협회(주최)",,
2612283,ACL-Korea 뉴뮤직 한국-말레이시아 수교 60주년 기념 교류음악회,서양음악(클래식),기악,"김종우, 임재경, 이귀숙, 송경훈, 정성윤, 김유경, 안세훈 등",,"(사)한국작곡가협회 ACL코리아(주최), 현대문화기획(주관)",,
2612583,시집 가는 날 [대구],뮤지컬,뮤지컬,,,"(사)한울림 (극단한울림)(제작사), (사)한울림 (극단한울림)(주최), (사)한울림 (극단한울림)(주관)",,
2612611,Black Music with Dance [김제],대중음악,대중가요,"박준호, 손정수 등",,"문화체육관광부(주최), 한국문화예술회관연합회(KoCACA)(주관), 김제시(김제시청)(주관)",,
2612690,전국협연공모 협주곡의 밤 [대전],한국음악(국악),기악,"김영절, 김태형, 박세리, 김유상, 문빈, 김진주, 이자영 등",이용탁,"대전광역시청(주최), 대전시립연정국악원(주관)",,
2613078,제43회 우리가곡연구회 정기연주회,서양음악(클래식),성악,"정선화, 이윤지, 김동현, 곽현주, 황혜재, 진유정, 이일령 등",,"우리가곡연구회(주최), 지음기획(주관)",,
2613273,"가을음악회 시리즈2, 콘서트 칸타레",서양음악(클래식),성악,,,"남양주시립합창단(주관), 남양주시청(주최)",,
2613422,"춤길동행 무궁무진, 전진희의 춤-추월명휘",무용(서양/한국무용),한국무용,"전진희, 송현승, 고우리, 조황경, 김지은, 김민정, 김여진",,"(주)인사이트모션 서울돈화문국악당(주최), (주)인사이트모션 서울돈화문국악당(주관)",,
2613479,"앙코르씨네, 지젤",무용(서양/한국무용),발레,"알리나 코조카루, 요한 코보그, 마리아넬라 누네즈, 마틴 하비 등","아돌프 아당, 마리우스 프티빠",,,
2616902,백건우와 슈만 [강동아트센터],서양음악(클래식),기악,백건우 등,,"강동문화재단(강동아트센터)(주관), 강동문화재단(강동아트센터)(주최)",,
2620121,"클래식 할 뻔(FUN)3, 세계음악기행: 매력넘치는 클래식",서양음악(클래식),기악,"서희태, 한수진, 장주연, 이재경 등",,"울산광역시청(주최), 울산시립예술단(주관)",,
2620668,우리가 잃어버린 것들,대중음악,대중가요,남유선,,(주)페이지터너(주최),,
2622314,리진,연극,연극,"김화영, 이화영, 한록수, 공재민, 추현엽, 김재학, 이승현 등","손정우, 이태섭, 이유숙 등","극단 유목민(주관), 극단 유목민(주최)",신경숙,정경진(재창작)
2622404,자이로 콘서트: 착한남자,대중음악,대중가요,,,"청춘뮤직(주관), 청춘뮤직(주최)",,
2622686,앙리할아버지와 나 [하남],연극,연극,"이순재, 신구, 권유리, 박소담, 이도엽, 조달환, 김은희 등",,"(재)하남문화재단(주관), (주)파크컴퍼니(주관), 한국문화예술회관연합회(KoCACA)(주최)",이방 칼베락,
2622948,이선행 귀국 첼로 독주회,서양음악(클래식),기악,"이선행, 김정인",,예인예술기획(주최),,
2622961,와일 WHILE Ⅱ,무용(서양/한국무용),현대무용,"권혁, 김소연, 김혜진, 문수주, 변혜림, 안지형, 이재영 등","권혁, 이종진, 홍유진 등",시나브로 가슴에(company SIGA)(제작사),,
2623047,옆집 똥개,연극,연극,,,극단 알.이 (R.e)(제작사),권태웅,
2624637,물고기 여인,연극,연극,"윤여성, 강희영, 도영희, 황윤희, 차영숙",윤현식,(재)인천서구문화재단(주최),김광탁,
2625859,"자양스테이션 아티스트 라운지, 라보엠 (11월)",서양음악(클래식),오페라,"김은교, 송정하, 홍승범, 김한나, 배서정","조은나, 박지윤",파리뮤직포럼(주최),,
2625867,"국악과 트로트가 만나다 시즌4, 김영임＆김용임과 함께 하는 희희낙락 [의정부]",한국음악(국악),혼합,"김용임, 고금성, 전영랑, 김영임",,(재)의정부문화재단 (의정부예술의전당)(주최),,
2626364,담예 단독 콘서트: The Sandwich Artist,대중음악,대중가요,,,"(주)인플래닛(주최), (주)인플래닛(주관)",,
2626713,그때 우리 [부산],연극,연극,,,"(주) 위너스아트컴퍼니(제작사), (주) 위너스아트컴퍼니(기획사), (주) 위너스아트컴퍼니(주최)",,
2626748,51대49,연극,연극,"윤상호, 서삼석","오재균, 조하나, 김민태 등","극단 놀터(제작사), 극단 놀터(주관), 극단 놀터(주최)",오재균,
2626782,"카페언플러그드 밴드데이: 밴드화월, 로우행잉프룻츠, 이븐이프",대중음악,대중가요,,,,,
2627743,열여덟 어른,연극,연극,"이영중, 정석희, 박도령, 임은희, 엄성현","유나영, 주란숙, 방한석 등","극단 토끼가사는달(제작사), (재)국립극단(주최)",박도령,유나영(각색)
2631242,프리즘브레이크 vol.5,대중음악,대중가요,,,"프리즘플러스(주최), 프리즘플러스(주관), 까미뮤직(주최)",,
2632876,연희는 방구왕 [용인],한국음악(국악),혼합,,,"(재)용인문화재단(주최), (재)용인문화재단(기획사)",,
2632947,라푼젤 [인천],뮤지컬,뮤지컬,,,"극단희망(주최), 에이치엠컴퍼니(주관)",,
2633071,"밀양아리나 교육연극제, 포켓다이노 [밀양]",뮤지컬,뮤지컬,,,"주주메카(주최), 주주메카(기획사)",,
2633640,겨울왕국 시즌2 [홍성],뮤지컬,뮤지컬,,,"률엔터테인먼트(주관), 아트컴퍼니(주최)",,
2633736,우리집이 최고야,뮤지컬,뮤지컬,,"서은영, 김은지, 정단혜 등",극단 아름다운세상(제작사),,
2633750,"구로 꿈나무 인형극제, 거리위의 빨간모자",연극,인형극,,,"(재)구로문화재단(주관), 좋은어린이극만들기협의회(주관), (재)구로문화재단(주최), 극단YA(제작사), 극단YA(제작사)",,
2633847,토끼와 자라 [창원],뮤지컬,뮤지컬,,,"(주)예술공장(주최), (주)예술공장(주관)",,
2634017,KCO 와 함께하는 클래식 In TALK: 클인톡 시리즈 1,서양음악(클래식),기악,"김용진, 김광훈, 윤여훈, 박민석, 최서영, 이희원, 김준수",,"(사)코리안챔버오케스트라(구. 서울바로크합주단)(주최), (사)코리안챔버오케스트라(구. 서울바로크합주단)(기획사)",,
2634072,어린왕자의 꿈 [당진],뮤지컬,뮤지컬,,,"(재)당진문화재단(주최), 당진문예의전당(주관)",,
2634200,양치질이 좋아요 이를 잘 닦자 [대구],뮤지컬,뮤지컬,,,"극단 CT(제작사), 극단 CT(주관), (주)교문(기획사)",,
2634291,미운아기오리 [안산],뮤지컬,뮤지컬,,,,,
2634334,백설공주 [안동],뮤지컬,뮤지컬,,,"극단 국민(주최), ABC뮤지컬컴퍼니(주관)",,
2634463,빨간모자 [금천],뮤지컬,뮤지컬,,,극단 레미.레오(제작사),,
2634567,피터팬과 후크선장 [울산],뮤지컬,뮤지컬,"김영은, 김진영, 강은비, 오하영, 김영춘, 이영재, 김보연","김영춘, 신예진, 박신호 등",극단 레미.레오(제작사),,
2634596,구름빵2 [의정부],뮤지컬,뮤지컬,,,극단 상상마당컴퍼니(제작사),,
2634613,우주로 간 아기돼지삼형제 [부천],뮤지컬,뮤지컬,,,키즈플러스(주최),,
2636690,제21회 피아노하모니아 정기연주회,서양음악(클래식),기악,"오영란, 박혜윤, 정치국, 문재연, 송재경, 배자희, 박상희 등",,피아노하모니아(주최),,
2643130,"전주완창무대, 안이호의 적벽가",한국음악(국악),성악,"안이호, 조용수",,"전주시청(주최), (재)우진문화재단(주관)",,
2643174,신의 아그네스,연극,연극,"우미화, 박해미, 양금석, 이수미, 손지윤, 이지혜","윤우영, 홍서희, 신호 등","예술의전당(주최), 한울엠플러스(주)(주최)",존 필미어,
2643902,목짧은 기린 지피 [노원],뮤지컬,뮤지컬,"이은아, 백지연, 조영환, 정재헌, 여한나, 가람이, 한가을",,"(재)노원문화재단(주관), (재)노원문화재단(주최)",,
2644214,트롯페스타: 미스터트로트4인 & 레전드 전국투어 콘서트 [서울],대중음악,대중가요,"신인선, 김수찬, 나태주, 류지광, 설운도",,"(유)디온커뮤니케이션(주최), (유)디온커뮤니케이션(주관), (유)디온커뮤니케이션(제작사), (주)에스제이엔터(제작사)",,
2644800,제5회 더 스트링스 정기연주회,서양음악(클래식),기악,"유진섭, 이선진, 김형석, 오지현",,지클레프(주최),,
2645202,"이야기가 있는 오색오감 토요콘서트 Ⅴ, 라벨: 어미거위",서양음악(클래식),기악,,,"(재)금천문화재단(주관), 한국문화예술회관연합회(KoCACA)(주최)",,
2648879,오즈의 마법사 [김제],뮤지컬,뮤지컬,,,"김제시(김제시청)(주최), 김제시(김제시청)(주관), 한국문화예술회관연합회(KoCACA)(주최), 한국문화예술회관연합회(KoCACA)(주관)",,
2649172,"re－union, 선우정아",대중음악,대중가요,선우정아,,"캐스퍼라이브(주최), 캐스퍼라이브(주관)",,
2649280,"하이마스크 시즌2, 프로포즈 [안동]",뮤지컬,넌버벌 퍼포먼스,,,"(사)경북미래문화재단(기획사), (사)경북미래문화재단(주최)",,
2649318,생생문화재 화통콘서트,한국음악(국악),연희,"손철주, 강숙현, 정초롱 등",,국립극장(주최),,
2649502,잠자는 숲속의 오로라 공주 [공주],뮤지컬,뮤지컬,,,"국립공주박물관(주최), 국립공주박물관(주관)",,
2657330,"앙코르씨네, 레 미제라블",뮤지컬,뮤지컬,"알피 보, 레아 살롱가, 라민 카림루, 닉 조나스 등","빅토르 위고, 미셸 쇤베르그, 트레버 넌",,,
2657791,고창농악 기획공연: 고색창연,한국음악(국악),연희,"전새론, 권지혜, 신수정, 윤경아, 김여희, 이성수, 문현주 등","구재연, 주영롱, 임성준 등","전라북도무형문화재제7-6호(사)고창농악보존회(주최), 전라북도무형문화재제7-6호(사)고창농악보존회(주관)",,
2662947,소믈리에,뮤지컬,뮤지컬,"박종찬, 강지혜, 조창우 등","이성섭, 최상인, 민경원 등","(주)NMD엔터테인먼트(제작사), 극단 노마드(기획사)",,
2665807,포식자의 이민일기,연극,연극,"이륜관, 장윤석, 배수경, 태민웅, 홍주명, 안치운","김보근, 조대상, 신혜지 등",극단 좋은날(주관),김보근,
2666866,신데렐라 [양산],무용(서양/한국무용),발레,"박영진, 류형수, 이세인, 김예카테리나, 서주희, 전나래, 황경호 등","정성복, 송주영, 김은진 등","한국문화예술회관연합회(KoCACA)(주관), 부산발레시어터(주관), 문화체육관광부(주최), 한국문화예술위원회(주최), 양산시시설관리공단(주최), 양산시시설관리공단(주최)",,
2669847,창문 넘어 도망친 100세 노인 [구리],연극,연극,,,"한국문화예술회관연합회(KoCACA)(주최), (주)연극열전(주관), 구리문화재단(주관), (재)구리문화재단(구리아트홀)(주관)",,
2670786,"제20회 월드 2인극 페스티벌, 가족같이",연극,연극,"김다영, 정회권","김헌기, 최필규, 손희남 등","2인극 페스티벌 조직위원회(주최), 2인극 페스티벌 조직위원회(주관), 프로젝트 만물상(제작사)",김헌기,
2671059,제16회 밀양시민음악회,서양음악(클래식),기악,"김경민, 윤태석, 박경태, 정승연, 신용휴, 김민희 등",,"밀양시청(주최), 밀양심포닉밴드(주최), 밀양심포닉밴드(주관)",,
2671735,악어물떼새,연극,연극,"김상훈, 최인영, 이승재, 탁경민","김근영, 이승재, 김민영 등",극단 에테르의 꿈(제작사),김근영,
2671815,"가을음악회 시리즈3, 가족이라는 이름",서양음악(클래식),성악,,,"남양주시립합창단(주관), 남양주시청(주최)",,
2673147,kt와 함께하는 토요일 오후의 클래식,서양음악(클래식),기악,"김용배, 이택주, 조지현, 안혜수, 강우성, 양승희, 주혜성 등",,(주)케이티(KT)(제작사),,
2673659,김경호 전국투어콘서트 [서울],대중음악,대중가요,김경호,,"(주)프로덕션이황(제작사), (주)신나는사람들(주최), (주)좋은콘서트(주관), (주)좋은콘서트(주관)",,
2675973,바리어지다,무용(서양/한국무용),한국무용,"이다인, 나신영, 박눈실, 류혜진, 박진경, 이예닮, 박용우 등","박수연, 김동훈, 박영일 등","(재)경기도문화의전당(주관), (재)경기도문화의전당(주최)",,
2676062,"창작극 페스티벌,  enfant terrible: 무서운 아이들",연극,연극,"김성각, 이현주, 안지윤, 오한솔","손현규, 유주영, 최인수",창작집단 꼴(제작사),장 콕토,손현규(각색)
2677294,전국 칼군무 경연대회,대중무용,스트리트/스포츠댄스,,,"철원군(주최), 철원군축제위원회(주관)",,
2678220,"제20회 월드 2인극 페스티벌, 슈퍼 우먼",연극,연극,,,"극단 하땅세(제작사), 2인극 페스티벌 조직위원회(주최), 2인극 페스티벌 조직위원회(주관)",,
2678349,"클라라하우스 기획공연, 베토벤 프로젝트 1 [대전]",서양음악(클래식),기악,"장진선, 남궁동, 이준영",,"(사)클라라하우스(주최), (사)클라라하우스(주관)",,
2678384,The 3 LIVE: 정미조 X 말로 X 박주원,대중음악,대중가요,"정미조, 박주원 등",,"한국문화예술회관연합회(KoCACA)(주최), (재)고양문화재단(주관), JNH뮤직(주관)",,
2678448,찰리채플린 시네마콘서트 with 신나는섬 [수원],대중음악,대중가요,,,"수원시청(주최), (재)수원문화재단(주관)",,
2678787,이십세기 이승환 ＋ [당진],대중음악,대중가요,이승환,,"(주)드림팩토리클럽(제작사), (주)하늘이엔티(주최)",,
2679879,테너 김성환 리사이틀,서양음악(클래식),성악,"김성환, 최훈락",,"(재)수성문화재단 수성아트피아(주최), (재)수성문화재단 수성아트피아(주관)",,
2680006,바리톤 강동훈 리사이틀,서양음악(클래식),성악,"강동훈, 김송연",,,,
2680367,"통(通)1, 건축과 음악: 변형하는, 반복하는",서양음악(클래식),기악,"이영석, 이지선, 조경진, 추원주",,"MusiCog (뮤직콕)(주최), MusiCog (뮤직콕)(기획사)",,
2680670,DMZ평화이음 불감자 콘서트 With 장범준＆십센치＆옥상달빛,대중음악,대중가요,장범준 등,,"강원도청(주최), 강원도청(주관)",,
2681991,"소리로 기억되는, 순간",대중음악,대중가요,,,(주)페이지터너(주최),,
2682096,"마리아칼라스홀 초청연주 시리즈, 박송이 첼로 독주회",서양음악(클래식),기악,"박송이, 하수진",,마리아칼라스홀(주최),,
2682585,제782회 전라남도립국악단 토요공연: 남도풍류,한국음악(국악),기악,,,,,
2682707,돈파스콸레,서양음악(클래식),오페라,"윤오건, 홍예선, 최강지, 이해성, 김선우, 이해찬, 이창건 등","최강지, 이형민, 이헤진 등","폭스캄머앙상블(경상오페라단)(주최), 폭스캄머앙상블(경상오페라단)(주관)",,
2682752,레미제라블 코제트 소녀이야기 [영주],뮤지컬,뮤지컬,,,"(주)리히더스(주관), 영주시문화예술회관(주최)",,
2683122,김진원의 춤: 일무백향(一無百香),무용(서양/한국무용),한국무용,"송현승, 홍연지, 조황경, 고우리, 김지은김민정",,"(주)인사이트모션 서울돈화문국악당(주관), (주)인사이트모션 서울돈화문국악당(주최)",,
2684052,추거(秋去)하니-노래하다,서양음악(클래식),기악,"이승희, 송다윤, 정소라",,쌀롱드무지끄(주최),,
2684073,A LIVE 애니송 커버 콘서트 With VOCALOID,대중음악,기타,,,"대원미디어(주)(주최), 대원미디어(주)(주관)",,
2685627,"누군가의 플레이리스트 Track. 25, 은종 단독 콘서트",대중음악,대중가요,,,"청춘그리다(주관), 청춘그리다(주최)",,
2686541,제35회 아첼청소년 오케스트라 정기연주회,서양음악(클래식),기악,"김도균, 서은재 등",,"아첼청소년오케스트라(주관), 아첼청소년오케스트라(주최)",,
2687147,"현대차그룹 대학 연극·뮤지컬 페스티벌, 하녀들",연극,연극,,,"현대자동차그룹(주최), (사)한국공연프로듀서협회(주최), 현대차그룹 대학 연극·뮤지컬 페스티벌 사무국(주관)",,
2696875,옥주현 & 민우혁의 뮤지컬 콘서트: 퍼스트 클래스 [군포],뮤지컬,뮤지컬,"옥주현, 민우혁",,"(재)군포문화재단(군포문화예술회관)(주최), 문화기획 함박우슴(주관)",,
2697941,윤도현 단독 공연: ACOUSTIC FOREST [부산],대중음악,대중가요,윤도현,,"(주)디컴퍼니(주최), (유)디온커뮤니케이션(주관), (주)디컴퍼니(제작사), (유)디온커뮤니케이션(제작사)",,
2701534,오페라 패션,서양음악(클래식),성악,"김승직, 김기훈, 김주택, 김석준, 이영민",,(주)아트앤아티스트(주최),,
2701972,슈퍼쇼,뮤지컬,뮤지컬,"이충주, 신여숙, 박강현 등",,인천 중구문화회관(주최),,
2705793,콘트라바쓰,연극,연극,박상원,"황준형, 유혜자, 박상연 등","박앤남공연제작소(제작사), H&H International Creative Group(에이치앤에이치)(제작사)",파트리크 쥐스킨트,황준형(윤색)
2707949,"이색조우, 은빛가락에 어우르다",서양음악(클래식),기악,"김문석, 김성진, 박종열, 김보나, 신혜미, 이학경, 송보은 등",이학경,"루미아플룻콰이어(주최), 루미아플룻콰이어(주관)",,
2720369,피아노 트리오 울림의 우리가 사랑한 트리오,서양음악(클래식),기악,"황예진, 황예찬, 황민솔",,앙상블리안(주최),,
2720411,"아시아 연출가전, 오이디푸스",연극,연극,"정욱현, 양진영, 고형준, 오지숙, 박영덕, 조보우","김원석, 임창주, 김효진 등","(사)한국연출가협회(주최), (사)한국연출가협회(주관), 명품극단(제작사)",소포클래스,전정옥(드라마터그)
2721513,"금호영아티스트콘서트, 이지현 해금 독주회",한국음악(국악),기악,이지현,,(재)금호아시아나문화재단 (금호문화재단)(주최),,
2721523,Trio D의 두번째 연주,서양음악(클래식),기악,"김민정, 최정원, 유인경",,"대전예술기획(주관), 대전예술기획(주최)",,
2722093,토리깨비: 도깨비 모험 이야기,뮤지컬,뮤지컬,"김준형, 장성호, 빅토리아",,홀로키즈파크(주최),,
2737704,제12회 안디무직 정기연주회,서양음악(클래식),기악,"이주연, 정수현, 김수연, 문정원",,이든예술기획(주최),,
2738657,"re－union, 9와 숫자들",대중음악,대중가요,,,"캐스퍼라이브(주최), 캐스퍼라이브(주관)",,
2738763,제8회 영천아리랑 대축제,한국음악(국악),성악,조명섭 등,,"영천아리랑연구보존회(주최), 영천아리랑연구보존회(주관)",,
2742059,김사월 콘서트: 헤븐,대중음악,대중가요,김사월,,,,
2749940,완벽한 가족,연극,연극,,,,,
2751232,얼스단독콘서트: FEVER TIME,대중음악,대중가요,이철호 등,,"트리퍼사운드(주최), 트리퍼사운드(주관), 프리즘플러스(주관), 까미뮤직(주관)",,
2751484,"창작극 페스티벌, 인생 뭐 있어?",연극,연극,"최유림, 오서아, 좌유란",강민형,"art party 비창(제작사), 컬쳐유니버(주최), 몽상가들(주관)",강민형,
2752719,농악 가락을 중심으로 한 Local Sound Part1,한국음악(국악),기악,,,"(주)천우기획(주최), (주)천우기획(기획사)",,
2752738,최병호 바이올린 독주회 [인천],서양음악(클래식),기악,"최병호, 유미향",,"엘림아트센터(주최), 엘림아트센터(주관)",,
2752789,고래야 10주년: 전폭적으로 놀아보세 [화성],한국음악(국악),혼합,,,"(재)화성시문화재단(주관), (재)화성시문화재단(주최), 한국문화예술회관연합회(KoCACA)(주최)",,
2752866,109 단독 콘서트,대중음악,대중가요,,,"롤링홀(주최), 롤링홀(주관)",,
2753071,서울비르투오지 챔버 오케스트라 기획 시리즈 Ⅳ,서양음악(클래식),기악,"아드리엘 김, 이병우, 이경선, 손혜수, 마이클 리, 이정민 등",이경선,"지클레프(주관), 서울비르투오지챔버오케스트라(주최)",,
2754750,61주년 한국기타협회 정기연주회,서양음악(클래식),기악,"한은, 고충진, 허유림, 박지형, 박종호, 배광수, 이노영 등",,"한국기타협회(주최), 한국기타협회(주관), 제이아트(주관)",,
2755028,"인천열전2, 세사람",연극,연극,,,"인천광역시(주최), 인천문화예술회관(주관), 극단 피어나(제작사)",,
2755246,"춤길동행 무궁무진, 한수문의 춤-무악, 처용 노닐다",무용(서양/한국무용),한국무용,"한수문, 김연선, 김승애, 김연진, 조황경, 고우리, 김지은 등",,"(주)인사이트모션 서울돈화문국악당(주최), (주)인사이트모션 서울돈화문국악당(주관)",,
2755373,판토마임 인 서울,연극,마임,"유진규, 이두성, 김준영, 최정산, 류성국",,스튜디오 QDA(제작사),,
2755380,"불후의 가곡 Ⅱ, 희망을 노래하다",서양음악(클래식),성악,"윤정인, 박미자, 김순영, 이은희, 이정원, 우주호, 이응광 등",정지철,"(사)밀레니엄심포니오케스트라(주최), 두남재 ENT(주)(주최)",,
2758043,백건우 with TIMF앙상블: 기도,서양음악(클래식),기악,"장윤성, 백건우 등",,경상남도문화예술회관(주최),,
2759600,한국 창작가곡 열여섯 번째: 우리노래펼침이,서양음악(클래식),성악,"박원석, 손세창, 부서훈, 성용원, 김신욱, 이호정, 박소은 등",,"우리노래펼침이(주최), 현대문화기획(주관)",,
2759646,정과정곡,한국음악(국악),성악,김상선,,(사)한국정가진흥회 부산지부(주최),,
2759703,제9회 TBC수성아트피아 소년소녀합창단 정기연주회,서양음악(클래식),성악,"김상충, 박선영, 최윤희 등",이현정,"TBC·수성아트피아 소년소녀합창단(주관), (재)수성문화재단 수성아트피아(주최)",,
2760265,대전기타리스트협회 창단연주회,서양음악(클래식),기악,"김병현, 홍소림, 민경황, 민경선, 김다빈, 박의서, 정다운 등",,"대전기타리스트협회(주관), 대전기타리스트협회(주최)",,
2760414,임선혜 20주년 콘서트: Songs on the Breeze,서양음악(클래식),성악,임선혜,,(주)EMK뮤지컬컴퍼니(주최),,
2772525,"유벨톤 기획 연주 시리즈4, 크로스 오버 음악회 [대전]",서양음악(클래식),기악,,,"유벨톤 심포니 오케스트라(주최), 유벨톤 심포니 오케스트라(주관)",,
2773519,About Beethoven 1,서양음악(클래식),기악,"박경화, 이호찬, 김소원",,쌀롱드무지끄(주최),,
2774863,더 테너스 창단연주회 [대전],서양음악(클래식),성악,"임권묵, 김병진, 신남섭, 권순찬, 윤부식, 박푸름, 김수희",,"대전예술기획(주관), 더테너스(주최)",,
2775069,영남의 쇠소리를 찾아서: 청금화가,한국음악(국악),성악,,,"풍류전통예술원(주관), 풍류전통예술원(주최)",,
2781787,대전 클라리넷 콰이어 정기연주회,서양음악(클래식),기악,"유영대, 이진아, 이송희, 송호섭",,"대전예술기획(주관), 대전예술기획(주최)",,
2781860,유민정 피아노 독주회,서양음악(클래식),기악,유민정,,이든예술기획(주최),,
2781904,제18회 금현앙상블 정기연주회,서양음악(클래식),기악,"김범구, 윤여진, 이재호, 김지은, 임요섭, 최정아, 서정심 등",,(주)마스트미디어(주최),,
2783947,"현대차그룹 대학 연극·뮤지컬 페스티벌, 쯔루하시 세자매",연극,연극,,,"현대차그룹 대학 연극·뮤지컬 페스티벌 사무국(주관), 현대자동차그룹(주최), (사)한국공연프로듀서협회(주최)",,
2784129,마술피리 [구로아트밸리],서양음악(클래식),오페라,"박혁기, 전병운, 김은영, 정재형, 조지석, 남궁송, 이성훈 등","백우주, 홍성미, 심다혜 등","오르페우스 오페라단(주최), 유니벌스필하모닉오케스트라(주관)",,
2784701,조성진 피아노 리사이틀,서양음악(클래식),기악,조성진,,(재)춘천문화재단(주최),,
2785362,"A.H.C.P 서른번째 초청 연주회, 바이올리니스트 양성식",서양음악(클래식),기악,"양성식, 일리야 라쉬코프스키, 윤유경",,"(주)아트브릿지(주최), (주)아트브릿지(주관)",,
2785500,제146회 부천시립합창단 정기연주회,서양음악(클래식),성악,조익현 등,,"부천시립합창단(주최), 부천시청(부천시립예술단)(주최)",,
2785565,"혜화동1번지 7기동인 가을페스티벌, 맞;춤: 어느 학술원에 드리는 보고",연극,연극,신강수,"김기일, 이세영, 최귀웅 등",극단 엘리펀트룸(제작사),프란츠 카프카,
2786020,"아침을 여는 클래식, 칼리스토 콰르텟 (11월)",서양음악(클래식),기악,"전진주, 신성희, 양혜순, 전선희",,대전예술의전당(주최),,
2786367,마티네 콘서트 Ⅲ [대구] (11월),서양음악(클래식),기악,"백진현, 인소연 등",,"(재)수성문화재단 수성아트피아(주최), (재)수성문화재단 수성아트피아(주관), (사)아트애비뉴컴퍼니(대구국제방송교향악단)(주최), (사)아트애비뉴컴퍼니(대구국제방송교향악단)(주관)",,
2786512,"마티네콘서트, 트리오 킴",서양음악(클래식),기악,"김다미, 김상진, 김민지",,"(재)영화의전당(주최), (재)영화의전당(주관)",,
2787325,뉴 뮤지컬 프리프로덕션과정 쇼케이스: THE NEXT STAGE,뮤지컬,뮤지컬,"김보정, 남문철, 안창용, 임진섭, 김지훈, 한우열, 조은 등","정소윤, 육지, 김소림 등",(사)한국뮤지컬협회(제작사),,
2788953,검은돌: 모래의 기억 [예산],무용(서양/한국무용),현대무용,"김민지, 김민진, 김성우, 김현, 박휘연, 서보권, 조하경 등","안성수, 라예송, 이주현 등","충청남도(주최), (재)충남문화재단(주관), (재)국립현대무용단(제작사)",,
2789049,"SAC ON SCREEN, 호두까기 인형",무용(서양/한국무용),발레,,,"(재)성동문화재단(주관), 예술의전당(주최)",,
2789340,제54회 대전피아노연구회 정기연주회,서양음악(클래식),기악,"송희영, 조혜숙, 성지민, 정다영, 이종윤, 하영미, 강정호 등",,"대전피아노연구회(주최), 대전예술기획(주관)",,
2789351,포네클래식 뮤직 페스티벌,서양음악(클래식),성악,,,(재)강북문화재단(주최),,
2789730,상자루의 길 [광주],한국음악(국악),기악,"조성훈, 남성훈, 권효창",,"한국문화예술회관연합회(KoCACA)(주최), 광주문화예술회관(주관), (주)문화인(주관)",,
2789742,"인춘아트홀 개관음악회, 한국페스티벌앙상블",서양음악(클래식),기악,"정유진, 배장흠 등",,예술의전당(주최),,
2789798,문준경 시즌5,뮤지컬,뮤지컬,"엄태리, 김경택, 송효진, 김동환, 남해현, 김명희, 신민희 등","심윤정, 조라승, 정희영 등","극단 쏠라이트미션(주관), 극단 쏠라이트미션(주최)",,
2789802,"볼라레, 최정원의 뮤지컬 이야기 (11월)",대중음악,기타,최정원,,(재)춘천문화재단(주최),,
2789961,늙은 부부이야기 [용인],연극,연극,"김명곤, 차유경",위성신,"한국문화예술회관연합회(KoCACA)(주최), (재)용인문화재단(주관), (유)덕우기획(주관)","위성신, 오영민",
2790770,"월드오케스트라시리즈, 대구스트링스심포니오케스트라",서양음악(클래식),기악,"이동신, 김태형, 마혜선 등",,"월드오케스트라시리즈 조직위원회(주관), 대구콘서트하우스(주최)",,
2791186,베이스바리톤 길병민 리사이틀 [부산],서양음악(클래식),성악,"길병민, 정태양",,"크라이스클래식(주최), 크라이스클래식(주관)",,
2792724,심선민 타악기 독주회,서양음악(클래식),기악,"심선민, 송영민, 브랜든 최, 이현주, 조용우 등",,"음악교육신문(주최), 음악교육신문사(주최)",,
2793071,제568회 부산시립교향악단 정기연주회,서양음악(클래식),기악,"이민형, 최수열, 조정현 등",,"부산광역시(주최), 부산시립예술단(주관)",,
2793849,제24회 분당구 여성합창단 정기연주회,서양음악(클래식),성악,,,"분당구여성합창단(주최), 분당구여성합창단(주관)",,
2794367,제10회 동서악회 정기연주회,한국음악(국악),연희,"주재근, 성상윤, 김보림, 서의철, 손민주, 양희진, 권용상 등",길석근,현대문화기획(주관),,
2794457,"이선희: 흥,춘,심-그리움",무용(서양/한국무용),한국무용,"이선희, 정준호",,"(주)인사이트모션 서울돈화문국악당(주최), (주)인사이트모션 서울돈화문국악당(주관)",,
2794889,"가을음악회 시리즈4, 합창으로 듣는 트롯이어라",서양음악(클래식),성악,,,"남양주시립합창단(주관), 남양주시청(주최)",,
2799038,오직 관객만을 위한 두산아트 센터 스트리밍서비스공연,연극,연극,"조경란, 박수진, 전박찬, 최순진 등","박진아, 류혜영, 김유나 등","여기는 당연히, 극장(기획사), 여기는 당연히, 극장(제작사)",구자혜,
2802376,제67회 고양시립합창단 정기연주회,서양음악(클래식),성악,"임한귀, 최찬혜, 전민정 등",,"고양시립합창단(주관), 고양시청(주최)",,
2803296,노트르담 드 파리 프렌치 오리지널 내한,뮤지컬,뮤지컬,"안젤로 델 베키오, 히바 타와지, 리샤르 샤레스트, 플로 칼리 등","질 마으, 리카르도 코치안테, 마르티노 뮐러 등","(주)마스트엔터테인먼트 (마스트인터내셔널)(주관), (주)마스트엔터테인먼트 (마스트인터내셔널)(주최)",,
2808074,정오의 음악회 (11월),한국음악(국악),기악,"김성진, 이승훤",,"국립극장(주최), 국립국악관현악단(주관)",,
2808888,가을의 낭만 피아니스트 김정원 The Autumn Song,서양음악(클래식),기악,김정원,,"안동문화예술의전당 (평생학습원)(주최), 안동문화예술의전당 (평생학습원)(주관)",,
2808894,"오닝콘서트: 장일범, 아벨콰르텟",서양음악(클래식),기악,장일범 등,,"(재)평택시문화재단(주관), (재)평택시문화재단(주최)",,
2809310,"문화가 있는 날, 판타스틱 매직 쇼 [연천]",서커스/마술,서커스/마술,"정재헌, 오은영, 여한나",,"한국문화예술회관연합회(KoCACA)(주관), 연천군시설관리공단(주관), 문화체육관광부(주최)",,
2809624,안PARK[안:팍] 다시 만난 세계,연극,연극,"김지우, 문병재, 이진경, 정대진","바박세련, 김지우, 채군 등","창작집단 여기에 있다(기획사), 창작집단 여기에 있다(제작사)","김지우, 문병재, 이진경, 정대진",
2810066,페페의 꿈 [천안],뮤지컬,뮤지컬,,,"(재)천안문화재단(천안예술전당)(주관), 한국문화예술회관연합회(KoCACA)(주관), (재)천안문화재단(천안예술전당)(주최), 한국문화예술회관연합회(KoCACA)(주최)",,
2810168,"커피콘서트Ⅸ, 트리오 킴: 오후의 산책",서양음악(클래식),기악,"김다미, 김상진, 김민지",,인천문화예술회관(주최),,
2816095,이원복의 먼나라 이웃나라 영국여행,뮤지컬,뮤지컬,"오승준, 김아영, 박용갑, 임금희 등","김가람, 이강","(주)리버엔터테인먼트(주최), 이강플레이(주관)",,
2816800,김권수와 함께하는 국악의 향연: 휘몰이잡가 전승공연,한국음악(국악),성악,,,(사)경기소리휘몰이잡가보존회(주최),,
2817126,"현대차그룹 대학 연극·뮤지컬 페스티벌, 별무리",연극,연극,,,"현대자동차그룹(주최), (사)한국공연프로듀서협회(주최), 현대차그룹 대학 연극·뮤지컬 페스티벌 사무국(주관)",,
2817231,제8회 BBS마인드 힐링콘서트 가무천년대축제,무용(서양/한국무용),한국무용,,,부산광역시(),,
2817233,옹알스 [창녕],뮤지컬,넌버벌 퍼포먼스,,,"창녕군청(창녕문화예술회관)(주최), 창녕군청(창녕문화예술회관)(주관)",,
2817551,"제41회 서울무용제, 열정춤판",무용(서양/한국무용),현대무용,"최종인, 이정제, 이현정, 이필승, 박철순, 박진호",,"(사)한국무용협회(주최), 서울무용제 조직위원회(주관)",,
2817758,뮤지컬 & 더넘버 시리즈,뮤지컬,뮤지컬,"최정원, 남경주, 리사, 이건명, 아리현, 유명지, 장소연",,"영천시청(주관), (주)미니빌컴퍼니(주관), 영천시청(주최), 한국문화예술회관연합회(KoCACA)(주최)",,
2818232,"제20회 월드 2인극 페스티벌, 홀 HOLE",연극,연극,,,"극단 앙상블 [서울](제작사), 2인극 페스티벌 조직위원회(주최), 2인극 페스티벌 조직위원회(주관)",,
2818234,G급감성 [홍대],연극,연극,"고운, 김솔, 김영재, 안현우, 이원우, 이한별, 정세현 등",,"(주)별빛엔터테인먼트(주관), (주)별빛엔터테인먼트(주최)",,
2818350,"인춘아트홀 개관음악회, 플루티스트 이예린과 앙상블 플렉스",서양음악(클래식),기악,"이예린, 송연화, 한지은, 박경호, 박건영, 김보경, 안진희 등",,예술의전당(주최),,
2818407,제57회 서울시오페라단 정기공연,서양음악(클래식),오페라,"김라희, 임세경, 정주희, 한윤석, 신상근, 엄성화, 장성일 등","이경재, 최지형, 정호정 등","서울시오페라단(주관), (재)세종문화회관(주최)",,
2818602,"월드오케스트라시리즈, 광주시립교향악단",서양음악(클래식),기악,"김영언, 이미연 등",,"월드오케스트라시리즈 조직위원회(주관), 대구콘서트하우스(주최)",,
2818908,임홍균 바이올린 독주회,서양음악(클래식),기악,"임홍균, 연정흠",,(주)마스트미디어(주최),,
2818910,"수요공감, 젊은소리패 도화",한국음악(국악),성악,"우소혜, 권가연, 박세미",,국립부산국악원(주최),,
2818967,가곡열전 [대구],한국음악(국악),성악,"배혜리, 김보경, 윤성회, 한보라, 박소진, 권수영, 유호제 등",,"(재)달서문화재단 (웃는얼굴아트센터, 달서아트센터)(주최), (재)달서문화재단 (웃는얼굴아트센터, 달서아트센터)(기획사)",,
2819685,작업의 정석 [서산],연극,연극,,,"서산시청(주최), 서산문화회관(주관)",,
2819823,베르디 오페라갈라,서양음악(클래식),오페라,"박상현, 박미혜, 김정우, 임경아, 김성연, 이선우, 신성희 등",,"(재)국립오페라단(주최), (재)국립오페라단(주관)",,
2822443,"수요오페라, 코지 판 뚜데",서양음악(클래식),오페라,"김현희, 김은영, 최승윤, 이상규, 김현, 박찬일, 김여진 등","심금호, 정소영, 김민정 등","(재)서초문화재단(주관), 엠컬쳐스(M컬쳐스)(주관), 한국문화예술회관연합회(KoCACA)(주최)",,
2822519,"오케스트라 페스티벌, 오푸스 오케스트라 [대전]",서양음악(클래식),기악,"김석구, 박대진 등",,대전예술의전당(주최),,
2823014,바리톤 김범진 독창회,서양음악(클래식),성악,"김범진, 박마리",,"예술기획 파홀로(주관), 예술기획 파홀로(주최)",,
2823202,토스카 & 피가로의 결혼,서양음악(클래식),오페라,"박유리, 김관현, 박문규, 이성훈, 왕과열, 양두름, 한경석 등","홍지원, 윤태식, 백순재 등","(사)뉴서울오페라단(주최), (사)뉴서울오페라단(주관)",,
2823375,가족같이,연극,연극,"김다영, 정회권","김헌기, 최필규, 손희남 등",프로젝트 만물상(제작사),김헌기,
2827260,헛스윙밴드,뮤지컬,뮤지컬,"신현묵, 송광일, 홍나현, 최하은, 김지혜, 박정민, 전하영 등","오세혁, 우상욱, 이진욱","(재)인천광역시 부평구문화재단(부평아트센터)(주관), (재)인천광역시 부평구문화재단(부평아트센터)(주최)",,
2829827,서수진: Colorist/Roots To Branches,대중음악,대중가요,서수진,,,,
2829881,인터뷰,연극,연극,"임일규, 송지언, 박다미","김하나, 유시우, 이창원 등",극발전소301(제작사),김하나,
2829904,"제41회 서울무용제, 경연부문",무용(서양/한국무용),현대무용,"장윤나, 김원영, 이혜준, 박기환, 정길만, 윤영식, 김현우 등","김재승, 정길만, 정석순 등","(사)한국무용협회(주최), 서울무용제 조직위원회(주관)",,
2829950,너에게로 또 다시 [광주],연극,연극,"홍성민, 이환, 임지민, 문유영, 마미선, 박소윤, 이광식 등",,"극단 논다(기획사), 극단 논다(주최)",,
2832318,에어포트 베이비,뮤지컬,뮤지컬,"최재림, 조상웅, 강윤석, 김용수, 황성현, 정재환, 지승태 등","전수양, 장희선, 황민정 등","(주)키위미디어그룹(주최), (주)포킥스엔터테인먼트(주관), (주)키위미디어그룹(기획사), (주)포킥스엔터테인먼트(제작사), (주)포킥스엔터테인먼트(주관), (주)포킥스엔터테인먼트(제작사)",,
2833070,낙화유수 [수원],연극,연극,"김희윤, 연주하, 김선아, 정명군, 이준석, 이주희, 강우림","신동일, 홍정의, 강예린 등","(재)경기도문화의전당(주최), (재)경기도문화의전당(주관)",김성배,
2833437,노지영 피아노 독주회,서양음악(클래식),기악,노지영,,"이든예술기획(주관), 체코 브르노 콘서바토리(주최)",,
2838379,한화생명과 함께하는 예술의전당 11시콘서트 (11월),서양음악(클래식),기악,"여자경, 김신혜, 홍은선, 김상진 등",,예술의전당(주최),,
2842968,솜리문화예술회관 재개관 기념 오프닝 콘서트,대중음악,대중가요,"최성수, 민해경 등",,"익산시청(주관), 익산예술의전당(주관), 익산시청(주최)",,
2844117,서울시 국악관현악단 초청공연,한국음악(국악),성악,"박상현, 정승준, 정초롱",박호성,고흥군청(주최),,
2844480,"인춘아트홀 개관음악회, 김가온트리오",서양음악(클래식),기악,김가온 등,,예술의전당(주최),,
2844556,"오케스트라 페스티벌, 안디무지크 필하모니아 [대전]",서양음악(클래식),기악,"이운복, 권현진 등",,대전예술의전당(주최),,
2844839,서형민 피아노 리사이틀,서양음악(클래식),기악,서형민,,"(주)해프닝피플(주관), (주)해프닝피플(주최)",,
2845126,베토벤 탄생 250주년 베토벤 릴레이 Ⅳ: 콘체르토 VS 콘체르토,서양음악(클래식),기악,"이승원, 임주희, 다니엘 조 등",,"부천시청(부천시립예술단)(주관), 부천시청(부천시립예술단)(주최)",,
2845652,"1828, 연경당: 정재의 그릇에 철학을 담다",무용(서양/한국무용),한국무용,,박숙자,국립국악원(주최),,
2846248,제6회 앙상블 리에티정기연주회,서양음악(클래식),기악,"송정민, 김근혜, 김미진, 이두영, 조규철",,"리에티앙상블(주최), 리에티앙상블(주관)",,
2846264,미래필하모니 오케스트라와 함께하는 3테너 콘서트,서양음악(클래식),성악,"박성은, 김지호, 조윤환, 양승엽 등",,"해운대문화회관(주관), 동래문화회관(주관), 영도문화예술회관(주관), 부산광역시(주최)",,
2846586,임지연 피아노 독주회,서양음악(클래식),기악,임지연,,,,
2846801,제29회 대구예술가곡회 정기연주회,서양음악(클래식),성악,"유소영, 이화영, 배진형, 이윤경, 최현영, 손정아, 신현욱 등",,"(재)수성문화재단 수성아트피아(주최), 대구예술가곡회(주최)",,
2847372,김희진 피아노 독주회,서양음악(클래식),기악,김희진,,지클레프(주최),,
2848848,제68회 부산시립극단 정기공연: 체홈의 이야기,연극,연극,,"강태욱, 박용희, 이혁우 등",부산시립예술단(제작사),안톤 체호프,
2849031,흑백다방 (앵콜),연극,연극,"김뢰하, 최원석, 홍서준, 서진원, 김늘메, 박신후","차현석, 림지언, 지윤정 등","대학로스타시티(기획사), 대학로스타시티(주최)",차현석,
2849036,제27회 강원도립국악관현악단 정기연주회 [춘천],한국음악(국악),기악,,,"강원도청(주최), 강원도립국악관현악단(주관)",,
2849062,한국 가곡의 밤,서양음악(클래식),성악,"정선화, 조경화, 류문규, 강남희, 송선아, 하성림, 이현 등",,"한국가곡연구소(주최), 영음예술기획(주관)",,
2849181,"CLASSIC 30: 목관,가을 소리가 되다",서양음악(클래식),기악,"김재원, 박정환, 표규선",,"스트라디움(주최), 유나이티드프로듀서스(UPD)(주관)",,
2849193,함안차사,뮤지컬,뮤지컬,,"박현철, 손민규","극단 아시랑(주최), 극단 아시랑(주관), 함안문화예술회관(주최), 함안문화예술회관(주관)",,
2849483,바로크 궁정으로의 초대,서양음악(클래식),기악,,,,,
2850104,변진섭 독창회,대중음악,대중가요,변진섭,,"(재)거창문화재단(), (재)거창문화재단()",,
2850609,"정주리의 일구월심 첫 번째, 역(易): 판소리 고법",한국음악(국악),성악,"정주리, 정상희, 박인혜, 이소연, 김율희, 박으뜸",,"(주)인사이트모션 서울돈화문국악당(주관), (주)인사이트모션 서울돈화문국악당(주최)",,
2851003,아름다운 가사가 들리는 콘서트 [의령],대중음악,대중가요,"홍경민, 이봉근 등",,"한국문화예술회관연합회(KoCACA)(주최), 의령군청(의령군)(주관), 문화기획 함박우슴(주관)",,
2851171,"중구건축, 명곡산책",서양음악(클래식),성악,"박민서, 박민주, 한지후, 박시아, 이예음, 박라온, 최성주, 등",,"울산광역시 중구문화의전당(주최), 울산중구심포니오케스트라(주관)",,
2852688,베이스바리톤 길병민 리사이틀 [고양],서양음악(클래식),성악,"길병민, 정태양",,"크라이스클래식(주최), 크라이스클래식(주관)",,
2860215,생생 락,무용(서양/한국무용),한국무용,"김소영, 김예진 등","홍은주, 박정은, 박상욱","울산광역시청(주최), 울산시립예술단(주관)",,
2860665,라메르에릴과 한러대화가 함께 하는 한-러수교 30주년 기념 음악회,서양음악(클래식),기악,"박준영, 한경성, 박경민, 이승희 등",박준영,"지클레프(주관), 앙상블 라 메르 에 릴(주최)",,
2863362,제22회 생생 춤 페스티벌,무용(서양/한국무용),현대무용,,,"(사)한국현대무용협회(주최), (사)한국현대무용협회(주관)",,
2864298,추락 Ⅰ,연극,연극,이세영,"김한내, 박상봉, 강지혜 등",프로젝트그룹 빠-다밥(제작사),"박화란, 김한내",
2864325,아르테미스,연극,연극,"김라영, 이윤정, 임고은, 김태양, 김수현, 임범수, 심형우 등","서유리, 장민준, 이찬양 등","파라다이스 프로젝트(제작사), 파라다이스 프로젝트(주최), 파라다이스 프로젝트(주관)",박준규,
2864533,Falling to winter,서양음악(클래식),기악,"최지아, 김경단, 설유승",,쌀롱드무지끄(주최),,
2869287,스냅 [안산],뮤지컬,넌버벌 퍼포먼스,,,"한국문화예술회관연합회(KoCACA)(주최), (재)안산문화재단(주관), 그루잠 프로덕션(주관), (재)안산문화재단(안산문화예술의전당)(주관)",,
2869960,검정고무신 [연천],연극,연극,,,"한국문화예술회관연합회(KoCACA)(주최), 연천군시설관리공단(주관), (사)극단 에저또(주관)",,
2870707,조성진 피아노 리사이틀 [성남],서양음악(클래식),기악,조성진,,(재)성남문화재단(주최),,
2872125,구두쇠 스쿠루지,연극,인형극,,,(주)대구백화점 대백프라자(주관),,
2873904,"현대차그룹 대학 연극·뮤지컬 페스티벌, 과학 하는 마음: 숲의 심연",연극,연극,,,"현대차그룹 대학 연극·뮤지컬 페스티벌 사무국(주관), 현대자동차그룹(주최), (사)한국공연프로듀서협회(주최)",,
2874060,"제41회 서울무용제, 여판춤판 & 남판춤판",무용(서양/한국무용),현대무용,"김혜경, 김호은, 조정희, 최효진, 이영도, 한동엽, 신은석 등",,"(사)한국무용협회(주최), 서울무용제 조직위원회(주관)",,
2874078,앙리할아버지와 나 [여주],연극,연극,"이순재, 신구, 권유리, 박소담, 이대엽, 김대령, 강지원","이해제, 신주훈, 전경란 등","(재)여주세종문화재단(주관), (주)파크컴퍼니(주관), 한국문화예술회관연합회(KoCACA)(주최)",이방 칼베락,
2874589,전남CBS 특별공연: COVID19 극복 위로 공연,서양음악(클래식),기악,,,"GS칼텍스 예울마루(기획사), GS칼텍스 예울마루(주최)",,
2875257,안드레아 김대건,무용(서양/한국무용),현대무용,,,,,
2875606,빨래 [강동],뮤지컬,뮤지컬,"신고은, 노희찬, 최정화, 양미경, 윤성원, 안두호, 조훈 등","추민주, 민찬홍",강동문화재단(강동아트센터)(주최),,
2876054,Harmony of Light [정읍],서커스/마술,서커스/마술,"김민규, 김완혁, 박이슬, 전홍진, 김준용, 목진호, 박상현 등","남대원, 원유종, 김진욱 등","정읍시청(연지아트홀)(주최), 쇼디자인그룹 생동감(주관)",,
2876167,춤으로 만나는 남한산성 이야기 [해남],무용(서양/한국무용),한국무용,,,"해남문화예술회관(주최), 하늘누리 춤터(주관)",,
2876509,"인춘아트홀 개관음악회, 피아니스트 안종도 독주회",서양음악(클래식),기악,안종도,,예술의전당(주최),,
2876593,TWO PIANOS,서양음악(클래식),기악,"김준희, 김홍기","이혜진, 박찬희, 임수정","부평문화사랑방(주관), (재)인천광역시 부평구문화재단(부평아트센터)(주최)",,
2876860,"오케스트라 페스티벌, DJAC 청년오케스트라 [대전]",서양음악(클래식),기악,"고영일, 우영은 등",,대전예술의전당(주최),,
2877950,제468회 대구시립교향악단 정기연주회,서양음악(클래식),기악,"줄리안 코바체프, 임효선 등",,"대구시립예술단(주관), 대구시립교향악단(주최)",,
2878953,제1회 프로젝트 S 정기연주회,서양음악(클래식),기악,"임승훈, 손주앙, 김태영, 이준목, 박준성, 배태한, 이준우 등",,Twopicks (투픽스)(주최),,
2880053,젊은 베르테르의 슬픔,연극,연극,"고범찬, 전강, 이지민, 박은진","이다솜, 신준민, 김선경 등",대구문화예술회관(주최),요한 볼프강 폰 괴테,
2880186,영남국악관현악단의 바람타고 오신 님 [안동],한국음악(국악),기악,"장사익, 김영임, 남상일, 엄선민, 김태성, 김민지, 강남주 등",,"안동문화예술의전당 (평생학습원)(주최), 영남국악관현악단(주관)",,
2880207,이가키 히데유키 초청 피아노 독주회,서양음악(클래식),기악,이가키 히데유키,,이든예술기획(주최),,
2880395,제55회 광주시립창극단 정기공연,한국음악(국악),창극,,"유영애, 오진욱, 김수연 등","광주시립창극단(주관), 광주문화예술회관(주최)",,
2880883,드래곤 하이 [오산],뮤지컬,뮤지컬,"김승환, 정선경, 조병욱, 서혜주, 남유하, 황상하, 이승은 등","이길준, 손은재, 김미영 등","(유)브러쉬씨어터(주관), (재)오산문화재단(주최)",,
2881322,제223회 코리안심포니오케스트라 정기연주회,서양음악(클래식),기악,"정지용, 이진상 등",,(재)코리안심포니오케스트라(국립심포니오케스트라)(주최),,
2882651,제102회 강릉시립합창단 정기연주회,서양음악(클래식),성악,"박동희, 최은선, 송현주, 임선아, 김선옥, 박댇선, 김우태 등",,"강릉시청(주최), 강릉시립합창단(주관)",,
2883345,"세종, 1446 [군산]",뮤지컬,뮤지컬,"정상윤, 남경주, 김주호, 김지유, 이준혁, 황민수, 이지석 등","한승원, 김종석, 김선미 등","(재)여주세종문화재단(제작사), (주)에이치제이컬쳐(HJ컬쳐)(제작사), 군산예술의전당(주관), (재)여주세종문화재단(주관), 군산시청(주최), 여주시청(주최)",,
2884043,"챠큭, 챠큭챠큭",연극,연극,"강예은, 장영철, 이인석, 조윤수, 허유미, 강현우","김미란, 홍세영, 이승호 등","프로젝트 챠큭(주최), 프로젝트 챠큭(주관)",공동창작,
2884059,상상(想像): 상상하는 우리춤,무용(서양/한국무용),한국무용,,,"속초시(주관), 류무용단(주관), 한국문화예술회관연합회(KoCACA)(주최)",,
2884282,나와 할아버지 [수원],연극,연극,"양경원, 서예화, 차용학, 민준호",민준호,"수원시청(주최), (재)수원문화재단(주관)",민준호,
2884897,백건우와 슈만 [인천],서양음악(클래식),기악,백건우,,"(재)인천서구문화재단(주관), 인천광역시 서구(주최)",,
2885988,수상한 집주인 [안동],연극,연극,,,"안동문화예술의전당 (평생학습원)(주최), 안동문화예술의전당 (평생학습원)(주관), 극단 좋은사람(주관)",,
2886103,보이야르의 노래,연극,연극,"이윤정, 이다솜, 장완희, 김양균","이영숙, 김재훈, 김용호 등","(재)종로문화재단(주최), (재)종로문화재단(주관), 국립아시아문화전당(주최), 국립아시아문화전당(주관), 극단 올리브와 찐콩(주최), 극단 올리브와 찐콩(주관), 극단 올리브와 찐콩(제작사)",김지현,
2888037,트로트와 합창의 만남 [경주],대중음악,대중가요,"김동욱, 장정원, 김지현, 이민희 등",,"경주시(주최), 경주시립예술단(주관), 경주시립신라고취대(주관)",,
2888594,사랑의 묘약,서양음악(클래식),오페라,"송선아, 권희준, 박무성, 한혜열, 박서연, 정찬혁, 황규태 등","오동국, 이혜진",,,
2888647,제783회 전라남도립국악단 토요공연: 봄날,한국음악(국악),기악,,,,,
2890049,스프레이,연극,연극,,박정의,"대구광역시 서구문화회관(주관), 극단 초인(주관), 한국문화예술회관연합회(KoCACA)(주최)",김경욱,
2890472,진흙 [부산],연극,연극,"정수현, 박준서, 김경훈",이성규 등,"부산소극장연극협의회(주최), 부산소극장연극협의회(주관)",마리아 아이린 포네스,
2890497,위례 [하남],연극,연극,"김승연, 권효은, 최현우, 한경훈, 정경미, 서대덕, 이충식 등","김성두, 이연구, 박연주 등","한국문화예술회관연합회(KoCACA)(주최), (재)하남문화재단(주관)",이진원,
2890994,브라보 마이 라이프 [고양],연극,연극,"김아영, 강민지, 김명주, 오현진, 최윤석","박성민, 이진희, 서용호 등","하랑씨어터(제작사), 하랑씨어터(기획사)",박성민,
2891081,서수진 아쟁 발표회,한국음악(국악),기악,"서수진, 박동석, 김정훈, 김한샘, 박신의, 장삼수",,(재)우진문화재단(주최),,
2891089,제10회 대원여자고등학교 정기연주회,서양음악(클래식),기악,"정치훈, 전인창, 손제영 등",,"대원여자고등학교(주관), 대원여자고등학교(주최)",,
2891114,김상원 피아노 독주회 [대구],서양음악(클래식),기악,김상원,,"봉산문화회관(주최), 봉산문화회관(주관)",,
2891276,국가무형문화재 승무 공개행사,무용(서양/한국무용),한국무용,"김현아, 정지은 이은영, 한정미, 김병화, 전보현, 채상묵 등",,"(주)인사이트모션 서울돈화문국악당(주최), (주)인사이트모션 서울돈화문국악당(주관)",,
2891363,사랑해 孝 콘서트 [창원],대중음악,대중가요,"신유, 김용임, 진성",,(재)창원문화재단(주최),,
2891682,하늘은 위에 둥둥 태양을 들고,연극,연극,"김주완, 이호열",박근형,"극단 골목길(주최), 극단 골목길(주관), 극단 골목길(제작사)",박근형,
2892032,"미니멀라이프페스티벌, 리밋 & 원셋",대중음악,대중가요,,,"엠와이뮤직(주관), 엠와이뮤직(주최)",,
2892069,"TUNE UP STAGE with Friends ＃5, SURL X OurR",대중음악,대중가요,,,"(주)비이피씨탄젠트(주관), CJ문화재단(주최)",,
2892137,팔도보부상,한국음악(국악),창극,"여성룡, 박인선, 박성도 등","김헌기, 김서진, 이민영 등","보부상즈(주최), 안해본 소리 프로덕션(주관)",,
2892149,휴먼사운드,연극,연극,"박성은, 김선진, 최우석, 이재민, 박민경","윤동주, 박민경, 전강현 등","극단 STW(주최), 극단 STW(주관)",윤동주,
2892174,"새라새ON, 낙타상자",연극,연극,"서창호, 장용철, 장재호, 이정훈, 홍의준, 김영노, 손고명 등","고선웅, 오수경, 중원눙 등","극공작소 마방진(제작사), (재)고양문화재단(주최)",라오서,고선웅(각색)
2892938,"재즈 시리즈, 옥탑 재즈 Octave Jazz [인천]",대중음악,재즈/월드뮤직,"이희문, 남예지, 현진영, 배장은, 이선경 등",,인천광역시 경제자유구역청(아트센터 인천)(주최),,
2893152,그날들,뮤지컬,뮤지컬,"유준상, 이건명, 정성화, 민우혁, 온주완, 조형균, 양요섭 등","장우재, 정경진, 장유정 등","(주)인사이트엔터테인먼트(제작사), (재)중구문화재단(충무아트센터)(주최)",,
2900466,윤도현 단독 공연: ACOUSTIC FOREST [대구],대중음악,대중가요,윤도현,,"(주)디컴퍼니(제작사), (주)디컴퍼니(주최), (유)디온커뮤니케이션(제작사), (유)디온커뮤니케이션(주관)",,
2901747,최성수의 가을동행,대중음악,대중가요,최성수,,"문화정원 아트홀(주최), 문화정원 아트홀(주관), 문화정원 아트홀(기획사)",,
2902481,"경기시나위오케스트라 레퍼토리, 21세기 작곡가 시리즈",한국음악(국악),기악,장태평 등,원일,"(재)경기도문화의전당(주관), 경기시나위오케스트라(주최)",,
2903006,빌리어코스티 카페 콘서트: EDITION＃3.5,대중음악,대중가요,,,"어코스티 뮤직(주최), 어코스티 뮤직(주관)",,
2909244,팬텀싱어3 콘서트 [서울(앵콜)],대중음악,기타,"고영열, 김바울, 황건하, 김민석, 김성식, 길병민, 박현수 등",,"(주)JTBC(주최), (주)JTBC(주관), (주)드림어스컴퍼니(주최), (주)드림어스컴퍼니(주관)",,
2915535,씨어터 이문세 [서울],대중음악,대중가요,이문세,,(주)케이문에프엔디(제작사),,
2919384,"STAGE 30, 박근쌀롱",대중음악,대중가요,"김성수, 박근혁 등",,"유나이티드프로듀서스(UPD)(주관), 스트라디움(주최)",,
2919628,벌써 그리운 가을,서양음악(클래식),기악,"고의석, 김유리",,쌀롱드무지끄(주최),,
2919782,Moons Birthday Live,대중음악,기타,,,(주)페이지터너(주최),,
2919960,A Boy Named Charlie Brown,대중음악,재즈/월드뮤직,"민경인, 오정택, 주화준",,플러스히치(주최),,
2919969,"봄 작가, 겨울 무대, 프로메테우스의 간",연극,연극,"선종남, 강해진, 김남표, 박신애, 신민경","이철희, 남경식, 신동선 등","코너스톤(제작사), 한국문화예술위원회(주최), 한국문화예술위원회(주관)",김준현,
2919991,러브액츄얼리 두번째 사연 [부산],연극,연극,,,"(주)플레이더부산(주최), 극단 파아란(주관)",,
2920100,"STUDIO WE:LIVE ＃5, ONEWEVE: 두 별빛에 만개한 시간",대중음악,대중가요,,,"롤링홀(주관), (주)알비더블유(RBW)(주관), 롤링홀(주최), (주)알비더블유(RBW)(주최)",,
2920311,월곡동 산 2번지 [대학로],연극,연극,"장설하, 염기윤, 김수정, 민기욱, 윤수현, 김훈민, 민선우","김상봉, 이덕형, 손경락 등","창작그룹가족(주최), 창작그룹가족(주관), 대학로 아름다운극장(주최), 대학로 아름다운극장(주관), (주)컬쳐패밀리(주최), (주)컬쳐패밀리(주관)",윤돈선,
2926084,쏜애플 콘서트: 불구경,대중음악,대중가요,,,"퍼레이드(주관), 민트페이퍼(주최), 해피로봇 레코드(주최)",,
2926654,"구로 꿈나무 인형극제, 스틸의 환상놀이터",연극,인형극,,,"(재)구로문화재단(주관), 좋은어린이극만들기협의회(주관), (재)구로문화재단(주최), 극단 소리(제작사)",,
2927173,제6회 아즈피아노트리오 정기연주회,서양음악(클래식),기악,"장수민, 구희령, 조영훈",,아즈피아노트리오 (ARZ PIANO TRIO)(주최),,
2927222,신데렐라 [대학로],뮤지컬,뮤지컬,,,"극단 무지개(주관), 극단 무지개(주최)",,
2927235,KCO 청소년 음악회,서양음악(클래식),기악,"전용우, 원덕현, 최아현, 박찬혁, 문준하, 김준형",,"(사)코리안챔버오케스트라(구. 서울바로크합주단)(기획사), (사)코리안챔버오케스트라(구. 서울바로크합주단)(주최)",,
2927416,키즈 클래식: 바디퍼커션,서양음악(클래식),기악,,,"대구콘서트하우스(주최), 대구콘서트하우스(주관)",,
2928040,백설공주 [예산],뮤지컬,뮤지컬,,,"극단 국민(주최), km기획(주관)",,
2928109,겨울왕국 시즌2 [천안],뮤지컬,뮤지컬,,,"아트컴퍼니(주최), 률엔터테인먼트(주관)",,
2928187,버블버블쇼 [남양주],서커스/마술,서커스/마술,,,"극단 서하(주관), 극단 서하(주최)",,
2928626,성냥팔이 소녀 [대학로],뮤지컬,뮤지컬,,,"행복을주는사람들(주최), 행복을주는사람들(주관)",,
2929109,신데렐라 [금천],뮤지컬,뮤지컬,,,동방뮤지컬컴퍼니(제작사),,
2933062,"전주완창무대, 방수미의 춘향가",한국음악(국악),성악,"방수미, 조용수, 김태영",,"전주시청(주최), (재)우진문화재단(주관)",,
2933774,"수봉IN꿈노리, 사물놀이 이야기",한국음악(국악),창극,,,"(사)한국예총 인천광역시연합회 인천예총(인천수봉문화회관)(주최), (사)한국예총 인천광역시연합회 인천예총(인천수봉문화회관)(주관)",,
2933965,인피니티 플라잉(INFINITY FLYING) [부산],뮤지컬,넌버벌 퍼포먼스,,,"(재)영화의전당(주최), (재)영화의전당(주관)",,
2935346,로봇똥 [부천],뮤지컬,뮤지컬,,,"(재)부천문화재단(주최), (재)부천문화재단(주관)",,
2935614,안단테 쇼케이스,서양음악(클래식),성악,"구본수, 안동영, 윤서준",,(주)위클래식(제작사),,
2936998,제22회 위 솔로이스츠 정기연주회,서양음악(클래식),기악,"윤소영, 김수암, 이종만, 한수혜, 박동석, 오현, 라세원 등",,영음예술기획(주최),,
2939078,광주 [고양],뮤지컬,뮤지컬,"민우혁, 테이, 서은광, 민영기, 김찬호, 장은아, 정인지 등","강병원, 고강민, 유희성 등","라이브(주)(제작사), 극공작소 마방진(제작사), (재)광주문화재단(주관), 라이브(주)(주관), (재)고양문화재단(주관), 문화체육관광부(주최), 광주광역시(주최)",,
2945394,신바람 힐링 콘서트 [공주],한국음악(국악),성악,"이걸재, 김수향, 남은혜, 박성환 등",,"국립공주박물관(주최), 국립공주박물관(주관)",,
2945678,일루젼 타임 [인천],서커스/마술,서커스/마술,,,아띠홀(주최),,
2946135,요술항아리 뚝딱 [부산],뮤지컬,뮤지컬,,,"극단 달을품다(제작사), 매직팟 엔터테인먼트(제작사)",,
2946557,제13회 음악과영상창작집단 NOW 작곡발표회,서양음악(클래식),기악,"김유경, 박신혜, 김민희, 안세훈, 변정인, 윤석우, 이은지 등",,"음악과영상창작집단 NOW(주최), 현대문화기획(주관)",,
2955629,헤라 아프로디테 아르테미스,연극,연극,"한송희, 이주희, 김희연, 조용경, 장세환","한송이, 이기쁨, 고동욱 등",강동문화재단(강동아트센터)(주최),한송이,
2960319,"대구오페라축제, 나비부인 [대구]",서양음악(클래식),오페라,"한지혜, 김동원, 박정민, 김선정, 민경환, 손철호, 김원 등","신선섭, 장윤성, 김숙영","(재)대구오페라하우스(주최), (재)대구오페라하우스(주관), 한국문화예술회관연합회(KoCACA)(주관)",,
2961892,당신만이 [인천],뮤지컬,뮤지컬,,,인천문화예술회관(주최),,
2962799,"제17회 평창대관령음악제, 강원의 사계: 가을, 영 아티스트 콘서트 [평창]",서양음악(클래식),기악,,,"강원도청(주최), (재)강원문화재단(주관)",,
2962979,그놈은 예뻤다 [밀양],연극,연극,"정태호, 김대성, 송병철, 김마주, 김현영, 심정은, 최솔 등",,"(재)밀양문화재단(주최), (재)밀양문화재단(주관)",,
2965480,대구시립소년소녀합창단과 함께 하는 청소년중창페스티벌,서양음악(클래식),기악,,,"대구시립소년소녀합창단(주관), 대구시립예술단(주최)",,
2965892,"금호영재콘서트, 신호연 트럼펫 독주회",서양음악(클래식),기악,신호연,,(재)금호아시아나문화재단 (금호문화재단)(주최),,
2965993,"앙상블여수, 전람회의 그림",서양음악(클래식),기악,"장현룡, 서주희, 김동준, 강희은, 진채원, 박소은",,"앙상블여수(기획사), 앙상블여수(주최)",,
2966421,이지형 단독공연: I AM AUTUMN,대중음악,대중가요,이지형,,유어썸머(주최),,
2967834,"제20회 월드 2인극 페스티벌, 모녀는 사춘기",연극,연극,,,"극단 마음같이(제작사), 2인극 페스티벌 조직위원회(주최), 2인극 페스티벌 조직위원회(주관)",,
2967835,혹부리영감,뮤지컬,뮤지컬,,,"마당세실(주관), 마당세실(주최)",,
2969254,무소르그스키 전람회의 그림,서양음악(클래식),기악,"이성열, 서주희, 라하영, 황인배, 김지원, 오지은, 김경민 등",,"앙상블여수(주최), 앙상블여수(주관)",,
2970233,"댄스살롱 Ⅲ, 물처럼 바람처럼",무용(서양/한국무용),한국무용,,"김나영, 허군열","한국문화예술회관연합회(KoCACA)(주관), (재)군포문화재단(군포문화예술회관)(주관), 문화체육관광부(주최)",,
2970659,갈매기 [제주],연극,연극,,김소여,"예술공간 오이(주최), 예술공간 오이(주관)",안톤 체호프,전혁준(각색)
2970869,"문화가 있는 날,  앰비규어스댄스컴퍼니 바디콘서트",무용(서양/한국무용),현대무용,,,경상남도문화예술회관(주최),,
2972706,김중연의 트롯라이브 [부산(앵콜)],대중음악,대중가요,김중연,,"피지앤픽쳐스(주관), 피지앤픽쳐스(주최)",,
2972720,이예준 콘서트: Ye‘s,대중음악,대중가요,이예준,,"(주)웨스트브릿지 엔터테인먼트_삭제(주최), (주)웨스트브릿지 엔터테인먼트_삭제(주관), 뮤니콘(주최), 뮤니콘(주관), 웨스트브릿지엔터테인먼트(주최), 웨스트브릿지엔터테인먼트(주관)",,
2974159,"재즈 명반을 만나다 3, Offramp",대중음악,재즈/월드뮤직,"정수욱, 심규민, 전제곤, 송준영",,플러스히치(주최),,
2974903,"밀양아리나 교육연극제, 스쿨존안전지킴이 브레이크맨 [밀양］",뮤지컬,뮤지컬,,,"주주메카(주최), 주주메카(기획사)",,
2975840,"나도 주인공, 헤븐",연극,연극,"김태현, 최여은, 권성빈, 허 철, 배은미, 손지민, 김태윤 등","지연실, 심미란, 이정남 등","동래문화회관(주최), (사)극단 맥(주최), (사)극단 맥(주관)",,지연실(각색)
2977824,"제20회 월드 2인극 페스티벌, 그녀, 둘",연극,연극,,,"2인극 페스티벌 조직위원회(주최), 2인극 페스티벌 조직위원회(주관)",,
2977830,욕망이라는 이름의 전차,연극,연극,"위자현, 최진선, 장준석, 전찬용, 안왕기","김주원, 박동훈, 서민정 등","연극집단 무공연마(제작사), 피카소 소극장(제작사), 연극집단 무공연마(기획사), 피카소 소극장(기획사)",테네시 윌리엄스,
2979994,"TUNE UP STAGE with Friends ＃6, LambC X 박솔",대중음악,대중가요,,,"(주)비이피씨탄젠트(주관), CJ문화재단(주최)",,
2980107,콜레기움 보칼레 서울: 모차르트 레퀴엠,서양음악(클래식),기악,"김선아, 전수미, 백재은, 김세일, 우경식 등",,인천광역시 경제자유구역청(아트센터 인천)(주최),,
2980135,"오케스트라 페스티벌, 대전아트오케스트라 [대전]",서양음악(클래식),기악,"윤성규, 임승구 등",,대전예술의전당(주최),,
2980493,"앙상블 콘서트Ⅲ, Harmonica Fantasy",서양음악(클래식),기악,"최혁재, 정경영, 아윤석, 채문영 등",,"(재)세종문화회관(주최), 서울시유스오케스트라(주관)",,
2980524,앙상블 콘서트 Ⅳ,서양음악(클래식),기악,,김대진,"(재)세종문화회관(주최), 서울시유스오케스트라(주관)",,
2980528,"경기필하모닉 앤솔러지시리즈 VI, 러시안 나이트",서양음악(클래식),기악,"마시모 자네티, 조재혁 등",,"경기필하모닉오케스트라(주관), (재)경기도문화의전당(주최)",,
2980810,그 이름 먼구름 [부산],서양음악(클래식),오페라,"이광근, 구민영, 박상진, 전병호, 박현진, 정수정, 강소영","박춘근, 백현주, 김성경 등","루체테음악극연구소(제작사), 루체테음악극연구소(주최)",,
2981653,조희창의 에센셜 클래식: 250세 베토벤을 만나다,서양음악(클래식),기악,"조희창, 임재홍, 정지은, 김정은, 정승연, 조은성, 지광윤 등",,"양산시시설관리공단(주최), 쌍벽루아트홀(주관), 아델라이데(주관), 양산시시설관리공단(주최)",,
2982508,백건우 베토벤 협주곡,서양음악(클래식),기악,"백건우, 정치용 등",,"(주)동아일보사(주최), (주)빈체로(주최)",,
2984318,김지연 아코디언 팝스오케스트라 [여수],서양음악(클래식),기악,"김지연, 김대희, 류재경, 김은혜, 정재희, 장보영, 박성광 등",,,,
2984335,"제2회 아시아 컨템포러리 발레축제, COBA",무용(서양/한국무용),발레,"이가영, 윤해지, 김한슬, 강다영, 도하련, 정형일, 원진호 등","주재만, 장혜림, 정형일","(재)오산문화재단(주최), 정형일 Ballet Creative(주관)",,
2984776,팝페라 & 뮤지컬 그랜드 콘서트 [화성],뮤지컬,뮤지컬,"정진원, 김선희, 신효림, 조연정, 서동진, 유은, 정은규 등",,"(재)화성시문화재단(주최), (재)화성시문화재단(주관)",,
2985067,"제10회 한울림 골목연극제, 공원벤치가 견뎌야하는 상실의 무게 [대구]",연극,연극,,,"공상모임 作心365(제작사), (사)한울림 (극단한울림)(주최), (사)한울림 (극단한울림)(주관)",,
2985169,The Sweetest Gift,서양음악(클래식),기악,"김예솔, 이소정, 박천휘, 김예리",,쌀롱드무지끄(주최),,
2985217,"클라라하우스 기획공연, 베토벤 프로젝트 2",서양음악(클래식),기악,"한동운, 이지혜, 유병혜, 김영주, 김헤영, 한민선, 유서진",,"(사)클라라하우스(주최), (사)클라라하우스(주관)",,
2985529,바리톤 서정혁 귀국 독창회,서양음악(클래식),성악,"서정혁, 정지은",,,,
2985642,팔색조 밀양아리랑,한국음악(국악),성악,,,"밀양시청(주최), (재)밀양문화재단(주관)",,
2986475,"재즈파크빅밴드 with JK 김동욱, 웅산 [남양주]",대중음악,재즈/월드뮤직,김동욱 등,,남양주시청(주관),,
2987693,모차르트 레퀴엠 [인천],서양음악(클래식),성악,"김선아, 전수미, 백재은, 김세일, 우경식 등",,인천광역시 경제자유구역청(아트센터 인천)(주최),,
2988832,이십세기 이승환 + [성남],대중음악,대중가요,이승환,,"(주)드림팩토리클럽(제작사), (주)하늘이엔티(주최)",,
2994511,목단구름: 해와 달께 비나이다,한국음악(국악),기악,"박영승, 서수복, 사주현, 오혜언, 홍경섭, 이지연, 지백 등",,문악HOM(주최),,
3002055,"누군가의 플레이리스트 Track.26,  백아 단독 콘서트",대중음악,대중가요,,,"청춘그리다(주관), 청춘그리다(주최)",,
3006399,모스틀리 필하모닉 오케스트라 정기연주회,서양음악(클래식),성악,"조영남, 김민지, 고한승, 최보한, 이예영, 조엘, 박상현 등",,"(사)모스틀리 필하모닉 오케스트라(주관), (사)모스틀리 뮤직(주최)",,
3007171,포레스텔라 콘서트: 넬라 판타지아 [고양],대중음악,기타,"강형호, 고우림, 배두훈, 조민규",,"(주)창라이프(주최), (주)창라이프(주관), (주)아트앤아티스트(제작사)",,
3016645,ELECTRIC SIDE,대중음악,대중가요,,,,,
3017458,소프라노 박혜상 리사이틀 [군포],서양음악(클래식),성악,박혜상 등,,"(주)크레디아뮤직앤아티스트(주관), (재)군포문화재단(군포문화예술회관)(주최)",,
3019340,인디전주 Ep.11: HIPHOP COMPETITION,대중음악,대중가요,,,"전주음악인협회- 주니온(주최), 포풀라(주관)",,
3019359,대전시립합창단 특별연주회: 헨델 메시아,서양음악(클래식),성악,"빈프리트 톨, 석현수, 정민호, 허남원, 정록기 등",빈프리트 톨,"대전시립합창단(주관), 대전광역시청(주최)",,
3020029,김근화 바이올린 리사이틀,서양음악(클래식),기악,김근화,,"대전예술기획(주관), 대전예술기획(주최)",,
3026450,메스그램 첫번째 정규앨범 단독공연: WHAT A MESS! 2020,대중음악,대중가요,,,"프리즘플러스(주관), 까미뮤직(주관), 프리즘플러스(주최), 까미뮤직(주최)",,
3034001,트리오 아티스트리 정기연주회,서양음악(클래식),기악,"김고운, 변예진, 변새봄",,드림클래식코리아(주관),,
3034032,더 스테이지 [성주],뮤지컬,뮤지컬,"남경주, 리사, 최정원, 이건명, 유명지, 장소연, 아리현",,"성주문화예술회관(주관), (주)미니빌컴퍼니(주관), 성주군청(주최), 한국문화예술회관연합회(KoCACA)(주최)",,
3034527,김덕우 바이올린 리사이틀,서양음악(클래식),기악,"김덕우, 박영성",,"경상필하모닉오케스트라(기획사), 경상필하모닉오케스트라(주최)",,
3035291,오페라 갈라콘서트 [부산],서양음악(클래식),오페라,,,"(사)아지무스오페라단(주최), 창조예술무대(주관)",,
3035433,제2회 어니스트 필하모닉 오케스트라 정기연주회,서양음악(클래식),기악,"임우준, 김재윤 등",임우준,"지클레프(주관), 어니스트 필하모닉 오케스트라(주최)",,
3035478,"금호영아티스트콘서트, 서주현 트롬본 독주회",서양음악(클래식),기악,서주현,,(재)금호아시아나문화재단 (금호문화재단)(주최),,
3035485,제14회 한국예술가곡보존회 정기연주회,서양음악(클래식),성악,"장은혜, 전지성, 임청화, 유소영, 곽현주, 김지현, 황인자 등",김재규,"한국예술가곡보존회(주최), 한국예술가곡보존회(주관)",,
3036937,프린세스 공주 [청주],뮤지컬,뮤지컬,,,"극단 바투(주관), 극단 해미소(주최)",,
3037032,겨울이야기 [홍천],뮤지컬,뮤지컬,,,아리커뮤니케이션즈(주최),,
3037183,프린세스 공주뮤지컬쇼 [청주],뮤지컬,뮤지컬,,,"극단 바투(주관), 진엔터컴(주최)",,
3043769,박미희 바이올린 독주회,서양음악(클래식),기악,"박미희, 홍소유",,지클레프(주최),,
3050279,피아니스트 정치국 귀국 독주회 [대전],서양음악(클래식),기악,정치국,,"공연기획피움(주최), 공연기획피움(주관)",,
3051132,"다시, 봄날",연극,연극,"김지희, 추예인, 이정인, 김응형, 원소연, 신지혜, 여지영","최은선, 김지현, 김성수 등",(재)춘천문화재단(주최),김미아,송정미(각색)
3061301,백건우 피아노 리사이틀 [통영],서양음악(클래식),기악,백건우,,"(재)통영국제음악재단(주관), (재)통영국제음악재단(주최)",,
3063925,조미정 피아노 독주회,서양음악(클래식),기악,조미정,,이든예술기획(주최),,
3064068,사뮈 단독 공연: 농담에 관하여,대중음악,재즈/월드뮤직,,,"매직스트로베리(주)(기획사), 매직스트로베리(주)(주최)",,
3065214,"황재인, 열네 줄로 풀다",한국음악(국악),기악,"김솔, 박나영, 박다솜, 조은결, 황이레, 곽아영",,"(주)인사이트모션 서울돈화문국악당(주관), (주)인사이트모션 서울돈화문국악당(주최)",,
3065697,김중연의 트롯라이브 [대구(앵콜)],대중음악,대중가요,김중연,,"피지앤픽쳐스(주최), 피지앤픽쳐스(주관)",,
3067172,제1회 대한민국 문화재 여기검 대제전,무용(서양/한국무용),한국무용,"정미심, 은상희, 이현경, 남옥분, 김미정, 노혜선, 김유미 등","김동훈, 이나구, 정미심 등",평양검무전승보존회(주최),,
3068503,"오케스트라 페스티벌, 유벨톤 심포니 오케스트라 [대전]",서양음악(클래식),기악,"김형수, 조인상 등",,대전예술의전당(주최),,
3072493,"홍혜란, 최원휘와 함께하는 오페라가 들리는 48시간 이탈리아 여행",서양음악(클래식),성악,"홍혜란, 최원휘, 김문경",,"한국문화예술회관연합회(KoCACA)(주최), 한국문화예술회관연합회(KoCACA)(주관), (재)수성문화재단 수성아트피아(주최), (재)수성문화재단 수성아트피아(주관)",,
3072756,아랑과 함께하는 밀양아리랑 콘서트,한국음악(국악),연희,,,"밀양시청(주최), (재)밀양문화재단(주관)",,
3072847,백준원 바이올린 독주회,서양음악(클래식),기악,"백준원, 최혜리",,콰르텟 콘 아니마(주관),,
3072960,대머리 여가수 [부산],무용(서양/한국무용),현대무용,이태상 등,,"금정문화회관(주최), 이태상프로젝트(주관)",,
3073059,"문예회관과 함께하는 방방곡곡 문화공감, 신현필 X 고희안 시네마 인 재즈",대중음악,재즈/월드뮤직,"신현필, 고희안 등",,남양주시청(주관),,
3073242,서은영 가야금 독주회,한국음악(국악),기악,"서은영, 이태백",,,,
3073854,SOUND,서양음악(클래식),성악,"김수정, 김아림, 김영제, 서옥순, 송성록, 심준복, 이명숙 등",최유진,"한국문화예술회관연합회(KoCACA)(주관), 동래문화회관(주관), 문화체육관광부(주최)",,
3074113,"경기필하모닉 앤솔러지시리즈VI, 러시안 나이트",서양음악(클래식),기악,"마시모 자네티, 조재혁 등",,"(재)경기도문화의전당(주최), 경기필하모닉오케스트라(주관)",,
3074582,한국ㆍ러시아 수교 30주년 기념: 러시아... 우정과 사랑의 노래,서양음악(클래식),성악,"안드레이 그리고리예프, 우수연, 김동원, 장일범, 빅토르 데미아노프, 바실리 볼론킨, 드미트로 지유스킨 등",,강동문화재단(강동아트센터)(주최),,
3074809,제21번째 네오스트링스 정기연주회,서양음악(클래식),기악,"조유림, 김기남, 조용득, 신상옥",,"(주)아트브릿지(주관), (주)아트브릿지(주최)",,
3074832,첼리스트 송영훈과 함께하는 클래식 속으로 [수원],서양음악(클래식),기악,"송영훈, 박인욱, 나웅준 등",,"수원시청(주최), (재)수원문화재단(주관)",,
3082521,"현대차그룹 대학 연극·뮤지컬 페스티벌, 보더랜드",연극,연극,,,"현대자동차그룹(주최), (사)한국공연프로듀서협회(주최), 현대차그룹 대학 연극·뮤지컬 페스티벌 사무국(주관)",,
3091214,참 필하모닉 어린이 심장수술 기금마련 음악회,서양음악(클래식),기악,"오미선, 임형섭 등",,참 필하모닉 오케스트라(주최),,
3092557,"Haydn,Shostakovich....Brahms",서양음악(클래식),기악,"이은새, 원민지, 황건영",,쌀롱드무지끄(주최),,
3092583,신윤원 윤혜경 듀오 리사이틀,서양음악(클래식),기악,"신윤원, 윤혜경",,,,
3092992,이영교 귀국 피아노 독주회,서양음악(클래식),기악,이영교,,이든예술기획(주최),,
3092993,이봉기 피아노 독주회 [군산],서양음악(클래식),기악,이봉기,,한국예술기획(주최),,
3093003,바이올리니스트 오진주 리사이틀,서양음악(클래식),기악,"오진주, 민경식",,"공연기획피움(주관), 공연기획피움(주최)",,
3093017,손진아 피아노 독주회,서양음악(클래식),기악,손진아,,지클레프(주최),,
3093379,변진 튜바 독주회,서양음악(클래식),기악,"변진, 이승희",,World Culture Networks (WCN)(주최),,
3145681,더 드레서,연극,연극,"송승환, 안재욱, 오만석, 정재은, 배해선, 송영재, 이주원 등","장유정, 김종헌, 박소영 등","(재)국립정동극장(제작사), 쇼틱씨어터컴퍼니(제작사)",R.하우드,장유정(각색)
3146155,"마티네 콘서트 Ⅳ, 대구시티발레단 (12월)",무용(서양/한국무용),발레,백진현 등,,"(재)수성문화재단 수성아트피아(주최), (재)수성문화재단 수성아트피아(주관)",,
3146483,겨울로 들어가는 문,대중음악,기타,,,,,
3146629,노래하는 토리,뮤지컬,뮤지컬,,,,,
3148032,작은 아씨들,뮤지컬,뮤지컬,,"한진섭, 오경택, 한아름 등","서울시뮤지컬단(제작사), (재)세종문화회관(주최)",,
3148506,제124회 서울시합창단 특별연주회: 신나는 콘서트,서양음악(클래식),성악,"이상민, 정주연, 배우선, 허진아, 남헤덕, 김지은, 정보람 등","정현수, 홍대성, 이지수 등",,,
3149210,제6회 광주시립오페라단 정기공연: 라 보엠,서양음악(클래식),오페라,"서선영, 강요셉, 김유진, 정승기, 김종표, 이향욱, 세바스티안 랑 레싱 등","김숙영, 최진규, 박선미 등","광주문화예술회관(주최), (재)국립오페라단(주최), 광주시립오페라단(주관)",,
3150268,싸나이로만스,연극,연극,"강진철, 이태준, 김채윤, 신수현, 박세훈, 최진호","박도윤, 이동준, 심우선 등","무대그리고나(제작사), U컴파니아(기획사)",,박도윤(대본)
3150278,DCDF 달서 현대 춤 페스티벌 [대구],무용(서양/한국무용),현대무용,"김정미, 권효원, 홍정연, 이선민, 전혜윤, 신은주",,"(재)달서문화재단 (웃는얼굴아트센터, 달서아트센터)(주최), (재)달서문화재단 (웃는얼굴아트센터, 달서아트센터)(기획사)",,
3150920,"실내악 축제 Ⅳ, 아벨 콰르텟",서양음악(클래식),기악,"윤은솔, 박수현, 문서현, 조형준",,"대구콘서트하우스(주관), 대구콘서트하우스(주최)",,
3151154,헬로우 미스미스터 [대구],연극,연극,,,"(주)비컨크리에이티브(주최), (주)비컨크리에이티브(주관)",,
3151398,퓨전국악그룹 풍류 가무악: 탐,한국음악(국악),기악,"고애니, 임현정, 김보경, 임성애, 강연지, 변가온, 지유진 등","조성환, 김영덕, 이시우 등","퓨전국악그룹 풍류(주최), 퓨전국악그룹 풍류(주관), 세종문화예술회관(주관)",,
3152851,피아니스트 노예진 리사이틀,서양음악(클래식),기악,노예진,,(주)뉴코스모스미디어(주최),,
3152974,대구 시민을 위한 힐링 음악회,서양음악(클래식),기악,,,,,
3153218,"서초문화재단 송년 시리즈1, 겨울나그네 테너 이인학",서양음악(클래식),성악,이인학,,(재)서초문화재단(주최),,
3153353,"제10회 한울림 골목연극제, 살인자 K [대구]",연극,연극,,,"극단 난연(제작사), (사)한울림 (극단한울림)(주최), (사)한울림 (극단한울림)(주관)",,
3153599,대전시립합창단 노래하는 인문학 Encore: 로미오 & 줄리엣,서양음악(클래식),성악,"김동혁, 임황건, 봉혜정, 김수희, 박성진 등",복영한 등,"대전시립합창단(주관), 대전광역시청(주최)",,
3155103,레이프 오베 안스네스 리사이틀,서양음악(클래식),기악,레이프 오베 안스네스,,"(주)해프닝피플(주최), (주)해프닝피플(주관)",,
3155550,호프: 읽히지 않은 책과 읽히지 않은 인생,뮤지컬,뮤지컬,"김선영, 김지현, 김경수, 고훈정, 조형균, 최은실, 김려원 등","강남, 김효은, 신은경 등","(주)R&Dworks(알앤디웍스)(제작사), 클립서비스(주관)",,
3155569,젠틀맨스가이드: 사랑과 살인편,뮤지컬,뮤지컬,"김동완, 박은태, 이상이, 오만석, 정상훈, 이규형, 최재림 등","김동연, 양주인, 송희진 등","(주)쇼노트(제작사), (주)쇼노트(기획사), SBS(주최)",,
3159645,"연극열전 8, 킹스 스피치",연극,연극,"서현철, 박윤희, 박정복, 조성윤, 이선주, 양서빈, 정원조 등","김동연, 박영록, 이은경 등","(주)연극열전(주최), (주)연극열전(기획사), (주)연극열전(제작사)",데이비드 세이들러,지이선(각색)
3159974,세자전,뮤지컬,뮤지컬,"김주호, 이석준, 성두섭, 양지원, 정욱진, 정민, 이형훈 등","장우재, 정경진, 오세혁 등","(주)인사이트엔터테인먼트(제작사), (주)인사이트엔터테인먼트(주최), (주)인사이트엔터테인먼트(기획사)",,
3163446,"제11회 구미아시아연극제, 마임+",연극,마임,"최정산, 류성국, 이대열",,"구미시(주최), (사)한국연극협회 구미지부(주관), 일장일딴컴퍼니(제작사)",,
3163709,뷰티풀 라이프 [대전],연극,연극,"조준, 김원진, 김진호, 정경식, 김가현, 김사희, 권순미 등","김승민, 허영웅","(주)지안컴퍼니(구. (주)집컴퍼니)(제작사), (주)이수컴퍼니(제작사), (주)지안컴퍼니(구. (주)집컴퍼니)(기획사), (주)이수컴퍼니(기획사)",김원진,
3163773,아마데우스,연극,연극,"지현준, 김재범, 차지연, 한지상, 최재웅, 백석광, 박은석 등","이성일, 이지나, 이수인 등","(주)페이지1(Page1)(제작사), (주)페이지1(Page1)(주최)",피터 쉐퍼,
3165530,미드나잇: 액터뮤지션,뮤지컬,뮤지컬,"김찬호, 이충주, 이석준, 정동화, 배두훈, 현석준, 김소향 등","송민선, 황희원, 이범재 등","(주)모먼트메이커(제작사), 오디엔터테인먼트(제작사)",,
3166222,미마지!,연극,연극,"백익남, 신안진, 장지아, 권일, 최강현, 이다혜, 선민철 등","김명화, 손호성, 김창기 등","극단 난희 (The 난희)(제작사), 아트 리버(Arts River)(기획사)",김명화,
3167008,강신일과 흔들거리며,연극,연극,"강신일, 박지아, 공상아, 한재권, 박대인, 김소미","이상우, 한재권, 김용현 등","플레이풀리(제작사), 극단 표표(제작사)",,
3170028,흔해빠진 일,뮤지컬,뮤지컬,"김서환, 홍준기, 채동혁, 김경록, 최하윤, 서지형, 이혜리 등","양문수, 장지영, 홍준기 등","극단 푸른하늘(주관), (주)얄랄라이(주최)",,
3170052,펜스 너머로 가을바람이 불기 시작해,연극,연극,"김동준, 도예준, 신우, 오현서, 이정현, 장기석, 정명군 등","이저현, 정지원, 노명준 등","극단 불의전차(주최), 극단 불의전차(주관)",변영진,
3173571,"11시 음악산책, 박주원의 방랑예찬",대중음악,재즈/월드뮤직,"박주원, 유승철, 조후찬, 박광현",,"광주문화예술회관(주최), 광주문화예술회관(주관)",,
3173872,브런치콘서트: 술술클래식 [여수] (12.2),서양음악(클래식),기악,"이상민, 이지영, 황덕호, 최현호, 김범구, 조윤주, 송태진 등",,"GS칼텍스 예울마루(주관), GS칼텍스 예울마루(주최)",,
3175711,몬테크리스토 10주년 기념공연,뮤지컬,뮤지컬,"엄기준, 신성록, 옥주현, 이지혜, 최민철, 김준현, 강태을 등","권은아, 원미솔, 문성우 등","(주)EMK뮤지컬컴퍼니(제작사), (주)카카오(주최), SBS(주최), (주)EMK뮤지컬컴퍼니(주관)",,
3187470,제9회 꿈의 오케스트라 군포 정기연주회,서양음악(클래식),기악,,,(재)군포문화재단(군포문화예술회관)(주관),,
3187656,이효원 리코더 독주회,서양음악(클래식),기악,이효원,,예인예술기획(주최),,
3188012,"수요공감, 풍물굿패 소리결",한국음악(국악),연희,,,국립부산국악원(주최),,
3188045,태일아 [대구],연극,연극,박마리아,,"극단 이송희 레퍼토리(주최), 극단 이송희 레퍼토리(주관)",,
3188059,서울사이버대학교 피아노과 교수 음악회,서양음악(클래식),기악,"이경숙, 나정혜, 윤소영, 신지연, 이영민, 김수진, 심관섭 등",,"이든예술기획(주관), 서울사이버대학교(주최)",,
3188399,"렉쳐콘서트, 류태형의 클래식 탐구생활: 오케스트라가 그린 전람회",서양음악(클래식),기악,"류태형, 박인욱 등",,"대구콘서트하우스(주관), 대구콘서트하우스(주최)",,
3189680,뷰티풀 라이프 [서산],연극,연극,,,"(주)지안컴퍼니(구. (주)집컴퍼니)(제작사), 서산시청(주관), 서산시청(주최)",,
3189804,쇼스타코비치 교향곡 5번,서양음악(클래식),성악,"백진현, 이윤경, 허종훈 등",,"을숙도문화회관(주관), (재)금호아시아나문화재단 (금호문화재단)(주관), 을숙도문화회관(주최)",,
3189901,에디트 피아프: 사랑의 찬가,무용(서양/한국무용),발레,,,"(재)수원문화재단(주관), SEO발레단 (서발레단)(주관), 수원시청(주최)",,
3191586,엔니오 모리꼬네 씨네콘서트 [안동],서양음악(클래식),기악,"이유리, 강헤정, 민유경, 박상현 등",,"안동문화예술의전당 (평생학습원)(주최), (재)국립오페라단(주관)",,
3191812,제89회 영미성악연구회 정기연주회,서양음악(클래식),성악,"국은선, 김민진, 송혜진, 이윤정, 이윤지, 정미연, 최경선 등",,,,
3192011,"대전시립무용단 기획공연3, 고양이는 나만 따라해",무용(서양/한국무용),발레,"이지영, 이유라, 김민종, 이현수, 정명지, 정인선, 김설혜 등","황재섭, 이소정, 유재현 등","대전시립무용단(주관), 대전광역시청(주최)",,
3192674,당진문예의전당 회원 음악회,서양음악(클래식),성악,"이응광, 박세희, 김현규, 이소영",,"(재)당진문화재단(주최), 당진문예의전당(주관)",,
3192871,몽스터,무용(서양/한국무용),현대무용,"이동명, 박종배, 차형도, 김진, 이소윤, 배솔비, 최동현 등",심새인,"(주)이비컴퍼니(주관), (주)이비컴퍼니(주최)",,
3192900,와이즈발레단 해설이 있는 발레: 차이코프스키 발레 환타지,무용(서양/한국무용),발레,,"홍성욱, 이아람, 황인선","(재)서초문화재단(주최), 와이즈발레단(주최)",,
3193065,노부스 콰르텟: Beethoven & String [용인],서양음악(클래식),기악,"김규현, 김영욱, 김재영, 문웅휘",,"(재)용인문화재단(주최), MOC프로덕션(목프로덕션)(주관)",,
3193513,Beethoven ＆ String [용인],서양음악(클래식),기악,,,"(재)용인문화재단(주최), 노부스콰르텟(제작사)",,
3193774,김동현 바이올린 독주회,서양음악(클래식),기악,"김동현, 박영성",,"티엘아이 아트센터(주최), (주)조슈아(티엘아이 아트센터) (주최)",,
3204720,검푸른,연극,연극,"나승현, 이기준, 이석도, 이선, 이형오, 이혜린, 임영규 등","노유정, 이형오, 이석도 등",창작집단 혜윰(제작사),연지아,
3208546,고스트 메모리,뮤지컬,뮤지컬,"이정아, 윤인지, 하미미, 조석준, 홍가경, 전걸, 박재현 등","차준호, 조재현, 이정아 등","노래극단 희망새(제작사), 노래극단 희망새(기획사)",,
3212275,오 나의 귀신님 [전주],연극,연극,,,한해랑아트홀(극단 한해랑)(주최),,
3212301,나윤선 IMMERSION 투어,대중음악,재즈/월드뮤직,"나윤선, 임채선 등",,,,
3214148,"제11회 구미아시아연극제, 사랑, 소리나다",연극,연극,"김준원, 김현수, 이상철, 이규성, 박갑수",장창석,"(사)문화창작집단 공터다(주최), (사)문화창작집단 공터다(주관), 극단 벅수골(제작사)",정세혁,
3214868,부천필하모닉오케스트라 어린이를 위한 음악놀이터 Ⅱ,서양음악(클래식),기악,"양정민, 남옥선 등",,"부천시청(부천시립예술단)(주관), 부천시청(부천시립예술단)(주최)",,
3215010,한국지역난방공사와 함께하는 11시의 클래식: 겨울의 이야기,서양음악(클래식),기악,"문태국, 한지호",,(재)경기도문화의전당(주최),,
3215020,애기똥풀,뮤지컬,뮤지컬,,"장남일, 서은영","북촌아트홀(주최), 극단 아름다운세상(주관)",,
3220444,바보 이반 [인천],연극,인형극,,,아띠홀(주최),,
3221581,얼쑤!,뮤지컬,뮤지컬,"박희원, 김대웅, 박한들, 최광제, 김현지, 윤정훈, 권태진 등","김영선, 우상욱, 박지만 등",부산학생예술문화회관(주관),,
3225657,송소란 흥보가 완창 발표회,한국음악(국악),성악,"김부련, 정성룡, 정동렬, 송소란","정경호, 임준호, 유지인","송소란판소리연구소(주관), 송소란판소리연구소(주최)",,
3225900,트로이의 여인들,한국음악(국악),창극,"김금미, 김지숙, 이소연, 김준수, 이광복, 최호성, 정미정 등","옹켕센, 배삼식, 안숙선 등",국립극장(주최),,
3226426,더 토핑,무용(서양/한국무용),현대무용,,,"(재)세종문화회관(주최), 서울시무용단(주관)",,
3227083,연애하기좋은날 [청주],연극,연극,"이재혁, 최지훈, 차도하, 신아라, 박한울, 이성은, 김동현 등",,"마루프로덕션(주최), 소명기획(주관), 소명기획(주관)",,
3227093,바람이 불어오는 곳 [의령],뮤지컬,뮤지컬,"박형규, 조예서, 이현도, 반재호, 배다솜, 서민균",,"의령군청(의령군)(주관), 의령군청(의령군)(주최)",,
3227569,수원시립교향악단 특별 음악회: 투게더 콘서트,서양음악(클래식),기악,"최희준, 김성훈 등",,,,
3227761,지하인간,연극,연극,,,"극단 나비플러스(주최), 극단 나비플러스(주관)",도스토예프스키,
3227772,녹두꽃은 영원하리,한국음악(국악),혼합,"박근형, 최경원, 조광희, 조창배, 고은영, 전병훈, 장지현 등","장기철, 이금섭, 김창우 등","서울특별시(주최), 정읍시청(연지아트홀)(주최), (재)세종문화회관(주관), (사)수제천보존회(주관)",,
3229126,행복 나눔 콘서트,서양음악(클래식),기악,,,"제주특별자치도 문화예술진흥원(주관), 제주특별자치도 문화예술진흥원(주최)",,
3229366,"실내악 축제 Ⅴ, 앙상블 동성",서양음악(클래식),기악,,,"대구콘서트하우스(주관), 대구콘서트하우스(주최)",,
3229809,당신이 밤을 건너올 때,연극,연극,"고애리, 김규도, 김수현, 김은우, 김정은, 박상훈, 박희민 등","이은준, 박은혜, 신동선 등","(재)국립극단(제작사), (재)국립극단(주최)",유혜율,
3231252,제61회 순천시립극단 정기공연: 1948 그날,뮤지컬,뮤지컬,"김효승, 양서정, 서수현, 박광재, 조광훈, 배준수, 이성호 등","양수근, 반무섭 등","순천시(순천시청)(주최), 순천시문화예술회관(주관)",,
3231358,새바의 피아졸라 탱고,서양음악(클래식),기악,"한정희, 양유진, 김지은, 박수진, 한순욱, 피인혁, 정솔비 등","허군열, 마도원, 김진태 등",(재)양천문화재단(주최),,
3231568,제66회 안산시립합창단 정기연주회,서양음악(클래식),성악,"고광철, 오은경, 송윤진, 신상근, 김진추 등",,"안산시청(주최), 안산시립합창단(주관)",,
3232219,한국문화예술위원회 공연예술중장기 프로젝트: 상실과회복II,서양음악(클래식),기악,"진윤일, 윤은화, 마두금, 장석진",진윤일,"아카데미 열정과 나눔(주최), 예인예술기획(주관)",,
3232481,"제181회 목요예술무대, This is It",뮤지컬,넌버벌 퍼포먼스,,,강동문화재단(강동아트센터)(주최),,
3233716,오마주 베토벤 [울산],서양음악(클래식),기악,,,"가온클래식(주관), 울산음악예술학회(주최)",,
3233822,"서초문화재단 송년시리즈2, 마술피리",서양음악(클래식),오페라,,,(재)서초문화재단(주최),,
3233952,전현석 작곡발표회: 시간과 공간의 춤,서양음악(클래식),기악,"김지원, 송화현, 이경원, 장우리, 장종선, 여희명, 백양지 등",,현대문화기획(주관),,
3233953,류파전(流派展),무용(서양/한국무용),한국무용,"전희자, 이철진, 김수현","이철진, 김민주, 김혜진 등","(사)한국춤예술센터(주관), (주)구슬주머니(주관), (사)한국춤예술센터(주최), (주)구슬주머니(주최)",,
3234044,토선생 용궁가다 [부산],한국음악(국악),성악,"안숙선, 유지숙, 남상일, 박애리, 박혜련, 천주미, 김지애 등",,"한국문화예술회관연합회(KoCACA)(주최), 금정문화회관(주관), 랑커뮤니케이션(주관)",,
3240407,Dear. Beethoven,서양음악(클래식),기악,"최영선, 리햐르드센 필립, 아비람 라이케르트 등",,"두남재 ENT(주)(주관), (주)매경비즈(주최), (사)밀레니엄심포니오케스트라(주최)",,
3244071,핫걸 [대학로],연극,연극,"이준, 권나영, 김욱, 홍순목, 이규태, 이도연, 이훈희","안상우, 황배진, 금수현","(주)투비원 디자인(제작사), (주)투비원 디자인(주최), 극단 소울메이트(주관), 엘피 스토리(기획사)",안상우,
3244081,"아름다운 목요일 세 도시 이야기: 첼로, 이정란 Cello &  일리야 라쉬코프스키 Piano",서양음악(클래식),기악,"이정란, 일리야 라쉬코프스키",,(재)금호아시아나문화재단 (금호문화재단)(주최),,
3244138,오래된 편지,연극,연극,"박동욱, 임승범, 임영식, 이현지, 정한나, 신경도","윤우영, 김효상, 박선희","극단 청맥(주최), 플레이위드(주관)",김효상,
3244264,"제11회 구미아시아연극제, 아빠들의 소꿉놀이",연극,연극,"김영균, 박천기, 위유정",,"(사)문화창작집단 공터다(제작사), 구미시(주최), (사)한국연극협회 구미지부(주관)",오세혁,
3245961,달래장,연극,연극,"안꽃님, 김다영, 김솔지","강우정, 강정화, 라성연 등",노마딕씨어터 나들이(주최),조정일,
3250695,"자양스테이션 아티스트 라운지, 베토벤1432 (12월)",서양음악(클래식),기악,"박소현, 김은정, 이은혜, 권기혜, 김지원, 이은지, 이영은 등",,파리뮤직포럼(주최),,
3250700,"탐구생활시리즈, 별책부록",연극,연극,"곽하은, 김나희, 김진현, 남상욱, 문예민, 박상범, 박연주 등","박혜선, 지소연, 김철환 등","극단 사개탐사(제작사), 극단 사개탐사(주최), 극단 사개탐사(기획사)",,
3251388,산울림 젊은 예술가 초청 시리즈,연극,연극,"김다영, 이은석, 김예리, 김상우, 박천휘, 김대연, 서명현","이해인, 강하주, 김민주 등","극단 산울림(주관), 극단 산울림(주최)",,
3251395,앙리할아버지와 나,연극,연극,"이순재, 신구, 권유리, 박소담, 채수빈, 이도엽, 김대령 등","이해제, 신주훈, 전경란 등","(주)파크컴퍼니(제작사), (주)파크컴퍼니(기획사), (주)파크컴퍼니(주최)",이반 칼베락,이해제(각색)
3251908,"TALE: 말로 들려주는, 전적으로 사실은 아닐 수도 있는, (하지만 사실인) 이야기",뮤지컬,뮤지컬,"정지혜, 김부영, 강나현, 양혜원, 김범식, 박시현, 양성태 등","이기쁨, 유선후, 이승민 등","판소리공장 바닥소리(주최), 판소리공장 바닥소리(주관)",,
3252191,앰비규어스 댄스컴퍼니: Fever [의정부],무용(서양/한국무용),현대무용,,,"(재)의정부문화재단 (의정부예술의전당)(주최), 경기문화재단(주최), 한국문화예술위원회(주관), 경기도청(주관)",,
3257550,금난새와 함께하는 D-OPERA 마티네 콘서트: 카르멘,서양음악(클래식),오페라,"금난새, 김순희, 김동녘, 김우주",,"(재)대구오페라하우스(주관), (재)대구오페라하우스(주최)",,
3259863,내가 말하기 시작할 때,연극,연극,"김옥희, 홍성우, 홍성훈, 홍승표","신재, 김은정, 김석기 등",0set프로젝트(제작사),,
3261625,내 몸이 작아졌어요,연극,연극,,,,,
3261662,"연극만원, 오백에 삼십 [성남]",연극,연극,,박아정,"(재)성남문화재단(주관), (재)성남문화재단(주최)",박아정,
3263128,시간의 절벽,연극,연극,"최용민, 윤상호",차현석,"대학로스타시티(주최), 극단 후암(주관)",차현석,
3263432,"청소년극 창작벨트 낭독공연, 무중력 연애",연극,연극,"강혜련, 신지원, 이현석, 조의진, 최건우, 최희범","윤혜숙, 김태령",(재)국립극단(주최),김윤영,
3263584,HONEY KIM 콘서트,대중음악,대중가요,,,"한국블루스소사이어티(주최), 한국블루스소사이어티(기획사)",,
3263588,꽃신: 구절초 [태백],연극,연극,"김연재, 이혜연, 심소영, 송정아, 김시원, 심민희","김성환, 심영섭, 천창훈 등","한국문화예술회관연합회(KoCACA)(주관), 태백시(주관), 극단 민예(주관), 한국문화예술회관연합회(KoCACA)(주최), 태백시(주최), 극단 민예(주최)",김성환,
3263644,마리오네트 [김제],뮤지컬,넌버벌 퍼포먼스,,,"김제시(김제시청)(주관), 한국문화예술회관연합회(KoCACA)(주관), 김제시(김제시청)(주최), 한국문화예술회관연합회(KoCACA)(주최)",,
3263799,나비부인  [오산],서양음악(클래식),오페라,,,"한국문화예술회관연합회(KoCACA)(주최), (재)오산문화재단(주관), 노블아트오페라단(주관)",,
3266519,"렉처오페라, 라 보엠",서양음악(클래식),오페라,,,"(재)대구오페라하우스(주관), (재)대구오페라하우스(주최)",,
3266573,갈매기 [대학로],연극,연극,"조항선, 신황철, 이용도, 배우진, 최만수, 이승분, 이주연 등","이효숙, 최영환, 송형종 등","예술공동체 길(주최), 예술공동체 길(주관)",,
3267151,스타즈 온 스테이지: TONIGHT,서양음악(클래식),성악,"홍진호, 존노, 박혜상, 송지원, 이병욱 등",,(주)크레디아뮤직앤아티스트(주최),,
3269102,드림스쿨,뮤지컬,뮤지컬,"차강석, 김록기, 황정용, 조성준, 민지희, 김나율, 곽현호 등",,"케이뮤지컬컴퍼니(주최), 케이뮤지컬컴퍼니(주관)",,
3269104,원형준&이수진 바이올린 듀오 리사이틀,서양음악(클래식),기악,"원형준, 이수진",,앙상블리안(주최),,
3269402,"써니스 듀오 시리즈 Ⅱ , 김선주＆이민경",서양음악(클래식),기악,"김선주, 이민경",,"피아노앙상블 Les Six(주관), 써니스(Seonnys)(주최)",,
3269465,휴먼 푸가 [광주],연극,연극,"공병준, 김도완, 나경민, 박선희, 배소현, 최수진, 황혜란 등","배요섭, 이단비, 이주야 등","(재)서울문화재단(남산예술센터)(제작사), 공연창작집단 뛰다(제작사), (재)광주문화재단(주관), 공연창작집단 뛰다(주관), 광주광역시(주최)",한강,
3270671,초콜릿하우스 [대전],뮤지컬,뮤지컬,"김경탁, 최석원, 김성미, 임수아, 박로준, 이상혁, 신기주 등","이중세, 복영한, 진한서 등","극단 셰익스피어(제작사), 극단 셰익스피어(기획사)",,
3271972,강지영 피아노 독주회,서양음악(클래식),기악,강지영,,뉴아트예술기획(주최),,
3272107,낙타상자 [광명],연극,연극,"서창호, 박상종, 김정호, 이정훈, 홍의준, 김영노, 박주연 등","고선웅, 고강민, 김동욱 등","한국문화예술회관연합회(KoCACA)(주최), (재)광명문화재단(주관), 극공작소 마방진(주관)",라오서,"중원눙, 고선웅(각색)"
3272333,"실내악 축제Ⅵ, 트리오 공감",서양음악(클래식),기악,"박치상, 야로스와브 돔잘, 정지교",,"대구콘서트하우스(주최), 대구콘서트하우스(주관)",,
3272493,비아클래식 콘서트: 클래식으로 듣는 김광석의 노래,서양음악(클래식),성악,"윤승환, 구다영 등",,,,
3272727,"제10회 한울림 골목연극제, 황혼녘에 생긴 일 [대구]",연극,연극,,,"한울림 프로젝트팀Ⅰ 밤열시(제작사), (사)한울림 (극단한울림)(주최), (사)한울림 (극단한울림)(주관)",,
3272764,"대전시립교향악단 마스터즈시리즈 13, 차이콥스키의 발레음악 속으로",서양음악(클래식),기악,줄리안 코바체프 등,,"대전시립교향악단(주관), 대전광역시청(주최)",,
3272901,빈집의 온기,연극,연극,"이영옥, 조민상, 안유정","남은실, 박지영, 윤지홍 등",창작예술집단 보광극장(제작사),남은실,
3272905,"그대, 걱정말아요",서양음악(클래식),성악,,,"예술인 협동조합 문화발전소(주관), 예술인 협동조합 문화발전소(주최)",,
3272963,Manhattan Grand Alumni Concert,서양음악(클래식),기악,"김고운, 김상원, 김소정, 김재희, 김지원, 문현옥, 박민 등",김영호,"이든예술기획(주관), 맨하탄 음악대학 한국총동문회(주최)",,
3273261,백은교 바이올린 독주회,서양음악(클래식),기악,"백은교, 노예진, 성경주",,조인클래식(주최),,
3273272,김성현 귀국 피아노 독주회,서양음악(클래식),기악,김성현,,(주)마스트미디어(주최),,
3273478,제99회 창작악단 정기공연,한국음악(국악),기악,"이영훈, 윤은화, 김효영, 한솔잎, 최민",,국립국악원(주최),,
3274188,"새라새ON, 송영주 with Friends, 재즈클럽 [고양]",대중음악,재즈/월드뮤직,"송영주, 박윤우, 황호규 등",,"(주)페이지터너(제작사), (재)고양문화재단(주최)",,
3281308,식구를 찾아서,뮤지컬,뮤지컬,"차선희, 백현주, 김동순, 유정민, 박승원, 강산하, 강대진","오미영, 조선형, 정윤 등","극단 오징어(제작사), 품씨어트리컬스 유한책임회사(제작사)",,
3283809,"제5회 늘푸른연극제, 다시, 봄: 장마",연극,연극,"이주실, 홍윤희, 정연심, 전진우, 이경민","심재찬, 박동기, 이상근 등","스튜디오 반(주최), 스튜디오 반(주관)",윤흥길,김성배(극작)
3284056,빌리어코스티 겨울 콘서트: 보통의 겨울,대중음악,대중가요,,,"어코스티 뮤직(주관), 어코스티 뮤직(주최)",,
3287103,"청소년극 창작벨트 낭독공연, 초록빛 목소리",연극,연극,"경지은, 김별, 김희태, 양대은, 이미경","이래은, 심지후, 임서진 등",(재)국립극단(주최),안정민,
3288728,오늘 처음 만드는 뮤지컬 [부천],뮤지컬,뮤지컬,"소정화, 박은미, 한세라, 김현준, 이정수","김태형, 장우성, 정인석 등","한국문화예술회관연합회(KoCACA)(주최), 한국문화예술회관연합회(KoCACA)(주관), (재)부천문화재단(주최), (재)부천문화재단(주관), (주)아이엠컬처(주최), (주)아이엠컬처(주관)",,
3288979,윤무,무용(서양/한국무용),현대무용,"오하영, 황찬용, 김현주, 박영대, 서해린, 김희준, 진현우 등","박명숙, 류형준, 이수윤","서울댄스씨어터(주최), 서울댄스씨어터(주관)",,
3290085,정세훈 작곡발표회,서양음악(클래식),기악,정세훈,,현대문화기획(주최),,
3293380,스모크,뮤지컬,뮤지컬,"김재범, 에녹, 김경수, 임병근, 장지후, 강찬, 최민우 등","김수로, 추정화, 허수현 등","(주)더블케이 필름 앤 씨어터 (더블케이엔터테인먼트)(제작사), (주)더블케이 필름 앤 씨어터 (더블케이엔터테인먼트)(주최), 클립서비스(주최), 클립서비스(기획사)",,
3294494,"제5회 늘푸른연극제, 다시, 봄: 나루터",연극,연극,"조민철, 유가연, 김준, 김정호, 이부열, 정세영, 유영규 등","조민철, 류영규, 홍석찬 등","스튜디오 반(주최), 스튜디오 반(주관), 창작극회(제작사)",박동화,
3297450,그녀들,연극,연극,"김고운, 이규범, 최여은, 표아림","조일신, 임세호, 최영재 등",극단 클라우드(플레이클라우드)(주최),조일신,
3297499,색소포니스트 브랜든 최의 Sax on the Brandon,서양음악(클래식),기악,"브랜든 최, 김재원, 김종호, 조한샘",,"티엘아이 아트센터(주관), 티엘아이 아트센터(주최), (주)조슈아(티엘아이 아트센터) (주최), (주)조슈아(티엘아이 아트센터) (주관)",,
3297936,KBS교향악단 초청공연,서양음악(클래식),기악,"홍석원, 임지영",,강동문화재단(강동아트센터)(주최),,
3298461,"제11회 구미아시아연극제, 우리 이야기",연극,연극,"홍순연, 이미화, 전성호, 박은주",강미정,"구미시(주최), (사)한국연극협회 구미지부(주관), 극단 자갈치(제작사)",반민순,
3298709,극한연애 [부산],연극,연극,"박유진, 이민경, 윤서영, 유병영, 정성화",,"(주) 위너스아트컴퍼니(기획사), (주) 위너스아트컴퍼니(주최)",,
3298713,KCO와 함께하는 클래식 IN TALK: 클인톡 시리즈 2,서양음악(클래식),기악,"전진주, 신성희, 양혜순, 전선희 등",,"(사)코리안챔버오케스트라(구. 서울바로크합주단)(주최), (재)세종문화회관(주관)",,
3299044,제82회 부산시립무용단 정기공연,무용(서양/한국무용),한국무용,,"이정윤, 정재일","부산시립예술단(주관), (재)부산문화회관(주최)",,
3304218,호두까기 인형 [대학로],뮤지컬,뮤지컬,,,"명작극장(주최), 명작극장(주관)",,
3304234,책먹는여우 [부산],뮤지컬,뮤지컬,,,"극단 가람(가람뮤지컬)(주최), 플러스 기획(주관), 극단 가람(가람뮤지컬)(제작사)",,
3304256,리틀뮤지션 [당진],뮤지컬,뮤지컬,,,"당진문예의전당(주최), 당진문예의전당(주관), (재)당진문화재단(주최), (재)당진문화재단(주관)",,
3304435,렛잇고2 [군포],뮤지컬,뮤지컬,"김다솔, 서가영, 심시원, 한지엽, 서지원, 고승미, 구윤희 등","이광열, 김효석, 조재은 등","극단 예일(제작사), 극단 예일(주최), 극단 예일(주관)",,
3304441,두들팝 [인천],연극,연극,,,"(유)브러쉬씨어터(제작사), 인천광역시남동구도시관리공단(주최)",,
3304509,호두까기인형 [과천],뮤지컬,뮤지컬,,,"극단 뮤다드(기획사), 극단 뮤다드(주최)",,
3305713,성냥팔이소녀와 캐롤송,뮤지컬,뮤지컬,,,"지니아트랩(제작사), 극단 파릇(주최), 극단 파릇(기획사)",,
3305768,미운아기오리 [부천],뮤지컬,뮤지컬,,,키즈플러스(주최),,
3305890,알쏭달쏭 숲의 비밀 [의정부],뮤지컬,뮤지컬,,,,,
3305895,얼음왕국 버블쇼 [안산],서커스/마술,서커스/마술,,,드리미(주최),,
3305931,재즈활동동화 어린왕자,연극,연극,"기은유, 임유성, 남기형, 민지희",,"SH아트홀(주최), 극단 제3무대(주관)",,
3311337,"수봉IN꿈노리, 꼬마장승 가출기",연극,인형극,,,"(사)한국예총 인천광역시연합회 인천예총(인천수봉문화회관)(주최), (사)한국예총 인천광역시연합회 인천예총(인천수봉문화회관)(주관), 극단 마루한(제작사)",,
3312414,"거창문화재단 송년시리즈1, 보잉보잉 [거창]",연극,연극,,,,,
3317558,"청소년극 창작벨트 낭독공연, 맥거핀",연극,연극,"강서희, 서재영, 최정현, 희난명","설유진, 박진아 등",(재)국립극단(주최),김준호,
3319312,굿 세워라 금순아 [평택],뮤지컬,뮤지컬,"송문선, 박석용, 민병상, 최병규, 이홍모, 이영규, 김현아 등",,"한국문화예술회관연합회(KoCACA)(주최), 평택시청(주최), (재)평택시문화재단(주최), (재)서울예술단(주최), 문화체육관광부(주관), 한국문화예술위원회(주관)",,
3321513,콰르텟 솔 스페셜 콘서트,서양음악(클래식),기악,"이혜원, 김경란, 박미정",,조인클래식(주최),,
3321947,오! 당신이 잠든 사이 [용인],뮤지컬,뮤지컬,"김동현, 김진철, 이후림, 이소희, 최소영, 김재은, 김예린",,"(재)용인문화재단(주관), (주)연우무대(주관), 한국문화예술회관연합회(KoCACA)(주최)",,
3322459,크리스마스캐롤 [부평],뮤지컬,뮤지컬,,,극단 레미.레오(제작사),,
3322559,안녕! 도깨비 [구리],연극,인형극,,,"한국문화예술회관연합회(KoCACA)(주최), 구리문화재단(주관), 극단 로.기.나래(주관), (재)구리문화재단(구리아트홀)(주관)",,
3330360,월곡 [대구],뮤지컬,뮤지컬,"손현진, 전수진, 박명선, 이호영, 김선유, 이지민, 전석형 등","이성욱, 손호석, 손수민 등","(재)달서문화재단 (웃는얼굴아트센터, 달서아트센터)(주최), (재)달서문화재단 (웃는얼굴아트센터, 달서아트센터)(주관)",,
3331321,"사랑해요, 당신 [양산]",연극,연극,"이순재, 정영숙",,"컬처마인(주관), 양산문화예술회관(주관), 양산시시설관리공단(주최)",,
3333723,루나틱 [울산],뮤지컬,뮤지컬,,,"울산문화예술회관(주관), 울산광역시청(주최)",,
3336163,넌 어디가 아프니? [대구],연극,연극,,,(사)대구여성장애인연대(주최),,
3336165,비프,연극,연극,"서승원, 이준혁, 김지휘, 양승리, 김주연, 임건혁, 김아석 등","이규린, 김지호, 이은호 등","(주)주다컬쳐(제작사), (주)주다컬쳐(기획사), (주)주다컬쳐(주최)",신승원,
3337964,"금호영아티스트콘서트, 조우영 피아노 독주회",서양음악(클래식),기악,조우영,,(재)금호아시아나문화재단 (금호문화재단)(주최),,
3338117,써니,뮤지컬,뮤지컬,"김영원, 한가음, 정윤서, 선채민, 권아린, 강민하, 최소리 등",한단아,D.M.C(주최),,
3338675,"한국지역난방공사와 함께하는 소극장 콘서트, 오늘 여기, Da Capo",대중음악,대중가요,"조준호, 이동준 등",,(재)경기도문화의전당(제작사),,
3339027,도도,뮤지컬,뮤지컬,"박근식, 민채원, 홍성희, 방진수, 방기범, 김지윤, 박두희","김민기, 고찬용, 정재일",학전(제작사),,
3339669,의자들 [부산],연극,연극,"김대원, 김한나, 이윤미, 박민정, 김이지, 김선이","안로검, 박수빈, 강진구 등","극단 코코퍼포밍 (cocoperforming)(주최), 극단 코코퍼포밍 (cocoperforming)(주관)",외젠 이오네스코,안로검(각색)
3340560,그래야만 한다 [수원],뮤지컬,악극,"정하나, 이윤의, 나근우, 이지은, 윤재현, 이우석, 유선경 등","정진세, 전다빈, 허명현 등","(재)경기도문화의전당(주관), (재)경기도문화의전당(주최)",,
3341039,첼리스트 이정란 & 피아니스트 일리야 라쉬코프스키: 브람스를 좋아하세요?,서양음악(클래식),기악,"이정란, 일리야라쉬코프스키",,"을숙도문화회관(주최), (재)금호아시아나문화재단 (금호문화재단)(주관)",,
3341153,당신은 나의 천하장사,연극,연극,"이재섭, 박미정, 손민희, 박송, 서미정, 김영환","박재화, 최흥규, 이정인 등",HK컴퍼니(주최),최흥규,
3341154,후성이네,연극,연극,"조부현, 이후성, 안상완, 민신혜","최재성, 조경훈, 임성빈 등",극단 이야기가(제작사),최재성,
3343076,"헬로!오페라, 피가로의 결혼 [여수]",서양음악(클래식),오페라,,,"GS칼텍스 예울마루(주최), GS칼텍스 예울마루(주관)",,
3344989,제131회 광주시립소년소녀합창단 정기공연,서양음악(클래식),성악,김운영 등,,"광주시립소년소녀합창단(주관), 광주문화예술회관(주최)",,
3345263,발레스타와 함께하는 대구경북 발레페스티벌,무용(서양/한국무용),발레,,"신미경, 정재엽, 우혜영 등","(사)한국발레협회(제작사), (재)수성문화재단 수성아트피아(제작사)",,
3345707,"클라라하우스 기획공연, 베토벤 프로젝트 5",서양음악(클래식),기악,"송재경, 김수빈, 임권묵, 신성희, 한동운",,"(사)클라라하우스(주최), (사)클라라하우스(주관)",,
3345730,김유빈 피아노 리사이틀,서양음악(클래식),기악,김유빈,,아트뱅크코레아(주관),,
3346219,여행어때요?,서양음악(클래식),기악,,,"(주)오르아트(주관), (주)오르아트(주최)",,
3346266,3DIVA 콘서트 [대구],서양음악(클래식),성악,"홍지민, 최정원, 전수경, 최성근 등",,"대구광역시 서구문화회관(주최), 대구광역시 서구문화회관(기획사)",,
3346696,제786회 전라남도립국악단 토요공연: 남도풍류,한국음악(국악),연희,,,"전라남도(주최), (재)전라남도문화관광재단(도립국악단)(주관)",,
3346714,"마리아칼라스홀 기획공연, 박수현＆조형준 듀오 리사이틀",서양음악(클래식),기악,"박수현, 조형준",,마리아칼라스홀(주최),,
3346755,제16회 라메르에릴 정기연주회,서양음악(클래식),기악,"박준영, 강혜정, 오윤주, 이지영, 김효영 등",박준영,"지클레프(주관), 앙상블 라 메르 에 릴(주최)",,
3346762,남진 & 설운도 레전드 오브 트롯 [안성],대중음악,대중가요,"남진, 설운도",,안성맞춤아트홀(안성시)(주최),,
3348685,한수경 피아노 독주회,서양음악(클래식),기악,한수경,,,,
3348703,"문예회관과 함께하는 방방곡곡 문화공감, 미치고 팔짝 콘서트: 신들의 파티",한국음악(국악),혼합,,,남양주시청(주최),,
3348964,"인사이트 시리즈, 최나경 플루트 리사이틀 [대구]",서양음악(클래식),기악,최나경,,"대구콘서트하우스(주최), 대구콘서트하우스(주관)",,
3361763,송년음악회 [군포],서양음악(클래식),기악,"장윤성, 김다미, 심준호, 김규연 등",,"(재)군포문화재단(군포문화예술회관)(주최), (사)군포프라임필하모닉오케스트라(주관)",,
3362232,"봉포유Ⅴ, 패밀리 콘서트: Happy Dream",서양음악(클래식),기악,"서찬영, 배진형, 구본광, 최용준 등",,"한국문화예술회관연합회(KoCACA)(주관), 봉산문화회관(주관), 한국문화예술위원회(주최), 봉산문화회관(주최)",,
3375540,SCF 서울국제안무페스티벌,무용(서양/한국무용),현대무용,"권재헌, 정한별, 최시원, 정하늘, 김예림, 이인수, 양승관 등",,(사)한국현대무용진흥회(주최),,
3378880,장애인과 함께하는 아름다운 음악회,서양음악(클래식),기악,"김가은, 이현승, 방영기, 방글, 장성빈 등",,(재)성남문화재단(주최),,
3379052,락한(LAKHAN) 콘서트,대중음악,대중가요,,,"한국블루스소사이어티(주최), 한국블루스소사이어티(기획사)",,
3381124,춘분 [대구],연극,연극,"김은환, 김진희, 김한나, 박지훈","김현규, 박소현, 최지혜 등",극단 헛짓(제작사),김현규,
3381797,세계민요와 가곡의 향연,서양음악(클래식),성악,"왕기헌, 박보희, 박지은, 손유경, 김민성, 김소라, 김선미 등",,(사)아지무스오페라단(주관),,
3382215,변진섭 희망사항 콘서트,대중음악,대중가요,변진섭,,"(주)라이브아트텍(제작사), 성주문화예술회관(주관), 성주군청(주최)",,
3382742,박광식밴드 콘서트 [파주],대중음악,재즈/월드뮤직,"박광식, 임용훈, 장태웅, 문승찬, 오화평",,"스쿨임팩트(주최), 스쿨임팩트(주관), GSP 뮤직(주최), GSP 뮤직(주관)",,
3383016,"금호영아티스트콘서트,  정세연 첼로 독주회",서양음악(클래식),기악,"정세연, 안지원",,(재)금호아시아나문화재단 (금호문화재단)(주최),,
3383042,"제11회 구미아시아연극제, 카툰 마임쇼",연극,마임,"김진호, 김도영, 송광일, 박현민",,"극단 현장 [서울](제작사), 구미시(주최), (사)한국연극협회 구미지부(주관)",,
3383045,이새롬 클라리넷 독주회,서양음악(클래식),기악,"이새롬, 이진영",,영음예술기획(주최),,
3384613,겨울왕국 시즌2 [정읍],뮤지컬,뮤지컬,,,"아트컴퍼니(주최), 률엔터테인먼트(주관)",,
3395078,한사모 정기공연: 선물,무용(서양/한국무용),한국무용,,"서성원, 이수진, 박지희 등","한사모댄스컴퍼니(주최), 한사모댄스컴퍼니(주관)",,
3405979,하정원 귀국 첼로 독주회,서양음악(클래식),기악,"하정원, 유재연",,(주)마스트미디어(주최),,
3414969,리트 피아니스트 이가연 귀국 리사이틀,서양음악(클래식),기악,"이가연, 허솔, 김대영",,영음예술기획(주최),,
3417611,거문고 술대 꽂아 놓고,한국음악(국악),기악,,,"블루씨컴퍼니(주관), 정대석제 거문고산조 보존회(주최), 서울대학교 교수 지음회(주최)",,
3418897,딱따구리 음악회,서양음악(클래식),기악,,,,,
3419175,아르볼 하모니카 앙상블 [인천],서양음악(클래식),기악,"이윤석, 최희중, 장석범, 김희창",,"엘림아트센터(주최), 엘림아트센터(주관)",,
3419982,김채인 바이올린 독주회,서양음악(클래식),기악,"김채인, 서영찬",,,,
3419984,"실내악 축제 Ⅶ, WOS 비르투오소 챔버",서양음악(클래식),기악,"여자경, 최나경, 이강원, 이윤지, 박소영, 송정민, 김소정 등",,"대구콘서트하우스(주관), 대구콘서트하우스(주최)",,
3420929,제9회 한국국제하모니카협회 정기연주회,서양음악(클래식),기악,,,"한국 국제하모니카협회(주최), 한국 국제하모니카협회(주관)",,
3421714,김민지 가야금 독주회,한국음악(국악),기악,"김민지, 도경한, 이세미, 이다연",,,,
3422597,제2회 조이 오브 브라스 퀸텟 정기연주회,서양음악(클래식),기악,"이초희, 우주엽, 홍헤진, 손무정, 김태희",,"(재)아트실비아(주최), (주)마스트미디어(주관)",,
3441017,제13회 대전챔버오케스트라 정기연주회,서양음악(클래식),기악,"황의창, 윤성재, 송지원",김미영,"대전예술기획(주관), 대전챔버오케스트라(주최)",,
3441025,현대음악 앙상블 콘템포 창단연주회,서양음악(클래식),기악,"이재문, 김예지, 김재연, 김민정, 임아림, 최혜승, 최정원 등",,"현대문화기획(주관), 현대음악앙상블 콘템포(주최)",,
3441665,홍은영 피아노 독주회,서양음악(클래식),기악,홍은영,,뮤직클레프(주최),,
3441680,제4회 플루티스트 윤현임X피아니스트 신주연 듀오 콘서트,서양음악(클래식),기악,"윤현임, 신주연",,(주)마스트미디어(주최),,
3441985,"제11회 구미아시아연극제, 그녀, 둘",연극,연극,"김지원, 김설",고재경 등,"(사)문화창작집단 공터다(주최), 마임공작소 판(제작사)",공동창작,
3445538,강주희 플루트 리사이틀,서양음악(클래식),기악,"강주희, 오신정, 이은정",,"아트뱅크코레아(주관), 아트뱅크코레아(주최)",,
3445563,소프라노 손지수 독창회,서양음악(클래식),성악,"손지수, 고승희",,UNICO(유니코 예술기획)(주최),,
3445640,"혜화동1번지 7기동인 가을페스티벌, 맞;춤: 내가더잘",연극,연극,"김경민, 백소정, 이성수, 한혜진","임성현, 신효진, 이우람 등","연극실험실 혜화동1번지(기획사), 쿵짝 프로젝트(제작사)",,
3445661,"한다 콘서트 ＃1, 함께 한다",대중음악,기타,"원종환, 유성재, 임찬민, 노희찬, 박준휘, 이진우, 나하나 등",,"(주)한다프로덕션(제작사), (주)한다프로덕션(주최), (주)한다프로덕션(주관)",,
3446102,"마티네 콘서트 Ⅴ, 박미선 & 박치상 (12월)",서양음악(클래식),기악,"백진현, 박미선, 박치상 등",,"(재)수성문화재단 수성아트피아(주최), (재)수성문화재단 수성아트피아(주관)",,
3446153,"마티네콘서트, 발레리나 김주원 Ⅱ",무용(서양/한국무용),발레,"김주원, 왕지원 등",김주원,"(재)영화의전당(주최), (재)영화의전당(주관)",,
3446705,"박찬민 아나운서와 함께하는 마티네 콘서트, 오페라, 재즈가 되다",서양음악(클래식),성악,"박찬민, 이응광, 구민영, 이소영",,(재)부산문화회관(주최),,
3449367,뮤지컬 옴니버스,뮤지컬,뮤지컬,"민우혁, 정선아, 한지상 등",,"두남재 ENT(주)(주관), 국민일보(주최), (사)밀레니엄심포니오케스트라(주최)",,
3449373,영남필하모니오케스트라 기획연주회: Hello! Cinema 시즌2,서양음악(클래식),기악,"최지환, 최선아 등",,"(사)영남필하모닉오케스트라(주최), (사)영남필하모닉오케스트라(주관)",,
3453749,바로크와 현대가곡 연구회 특별연주회,서양음악(클래식),기악,"이춘혜, 이숙영, 김혜선, 이미선, 이윤주, 이선영, 어은정 등",,"바로크와 현대가곡연구회(주최), 콘서트디자인(주관)",,
3453751,제21회 이 베아띠 정기연주회,서양음악(클래식),성악,"윤나리, 김유정, 권수빈, 김선용, 김성준, 정준식, 한용란","장세완, 신애경","영음예술기획(주관), I Beati(이 베아띠)(주최)",,
3453959,울산시립합창단 기획연주회: 헨델 메시아,서양음악(클래식),성악,"조은혜, 조지영, 양송미, 석정엽, 전태현 등",,"울산광역시청(주최), 울산시립예술단(주관)",,
3454543,제14회 이 피아니스티 정기연주회,서양음악(클래식),기악,,,"(재)대구문화재단(제작사), 이 피아니스티(주최), 이 피아니스티(주관)",,
3454688,"제10회 한울림 골목연극제, 행인두부의 마음 [대구]",연극,연극,,,"극단 한울림 프로젝트팀Ⅱ 언니야들(제작사), (사)한울림 (극단한울림)(주최), (사)한울림 (극단한울림)(주관)",,
3454719,"을숙도 해피 콘서트, 즐거운 노래 멋진 인생",서양음악(클래식),성악,"이승우, 양승엽, 우원석, 서치환, 박순기",,"을숙도문화회관(주최), 부산로얄필하모니오케스트라(주관)",,
3454776,이리스콰르텟 창단 연주회,서양음악(클래식),기악,"김영한, 조현아, 김윤정, 이지영",,"(주)아트브릿지(주최), (주)아트브릿지(주관)",,
3454794,니맘내맘 역할대행 주식회사,연극,연극,"신숙희, 구진아, 이미은, 박형근, 박은솔",이국희,,이충무,
3454795,올라비올라사운드 정기연주회,서양음악(클래식),기악,,오순화,"올라비올라사운드(주최), 뮤직클레프(주관)",,
3454808,자크와 그의 주인,연극,연극,"이윤상, 김명섭, 정아미, 김철리, 이창호, 김웅희, 이희자 등",성준현,모이공(제작사),밀란 쿤데라,
3458214,ANIMA,연극,연극,"장문정, 민예지, 박정근, 유소령, 이성희, 이명노, 오채민 등","변영후, 장익렬, 곽두성 등","창작집단 몽상공장(제작사), 창작집단 몽상공장(주최)",,
3458220,라 루미에르,뮤지컬,뮤지컬,"이혜수, 김미로, 이동수, 이종원","권혁미, 김지식, 구지영 등","(주)벨라뮤즈(제작사), (주)벨라뮤즈(기획사), (주)벨라뮤즈(주관), (주)벨라뮤즈(주최)",,
3458920,올드위키드송,뮤지컬,악극,"남경읍, 남명렬, 이재균, 정휘, 최우혁","김연정, 우진하, 김지호 등","(주)나인스토리(제작사), (주)파크컴퍼니(제작사), (주)나인스토리(주최), (주)나인스토리(기획사)",,
3462578,이주원 피아노 독주회,서양음악(클래식),기악,이주원,,이든예술기획(주최),,
3467860,브런치콘서트: 미국 브로드웨이 클래식 [안동](12월),서양음악(클래식),기악,"박소연, 소현정, 이현민, 김영재, 김규민",,"안동문화예술의전당 (평생학습원)(주최), 안동문화예술의전당 (평생학습원)(주관)",,
3468012,Christmas Market,서양음악(클래식),기악,"최한결, 김보람",,쌀롱드무지끄(주최),,
3474327,"을숙도 해피 콘서트, 감성 톡!톡!talk!talk!콘서트",한국음악(국악),기악,"김지혜, 진형준, 윤해승, 김인균, 강메라",,"을숙도문화회관(주최), 부산로얄필하모니오케스트라(주관)",,
3474363,"25현 가야금 주법 프로젝트 no.1, 타랭",한국음악(국악),기악,,,"그믐(주최), 그믐(주관)",,
3474412,김은정 피아노 리사이틀,서양음악(클래식),기악,김은정,,"아트뱅크코레아(주관), 아트뱅크코레아(주최)",,
3474432,협상 1948,연극,연극,"김경탁, 김태우, 오동민, 이미옥",,,,
3475172,"수요공감, 주윤정(거문고)",한국음악(국악),기악,주윤정,,국립부산국악원(주최),,
3476514,베토벤 탄생 250주년 기념음악회 II,서양음악(클래식),기악,"김정현, 윤호근, 최민경, 이석중, 최우정, 김지윤 등",김정현,"(사)서울튜티앙상블(주관), (사)서울튜티앙상블(주최)",,
3476856,게반트하우스 콰르텟,서양음악(클래식),기악,"프랑크-마이클 에르벤, 유르나코프 팀, 안톤 지바예, 조윤진",,"롯데문화재단(주관), 롯데문화재단(주최)",,
3480999,제75회 코리아나 챔버 뮤직 소사이어티 정기연주회,서양음악(클래식),기악,"김현아, 강주이, 이수민, 박노을, 임경원, 이창형, 오윤주 등",김현미,"코리아나 챔버뮤직 소사이어티(주최), 지클레프(주관)",,
3488565,"부조리 3작가전, 수업",연극,연극,"김남주, 이지혜, 박지우, 원덕희","이신영, 정주영 민들레 등",극단 노을(주최),외젠 이오네스코,
3490367,들꽃,연극,연극,"박명신, 이경성, 김영성","김승철, 박찬호, 공양제 등",창작공동체 아르케(제작사),김승철,
3490368,화진포,연극,연극,"김나윤, 윤관우","장용철, 변정욱, 박해란 등",,김나영,
3490563,옹알스 [안산],뮤지컬,넌버벌 퍼포먼스,"조수원, 조준우, 채경선, 최기섭, 하박, 이경섭, 최진영",,"(재)안산문화재단(주최), 극단 옹알스(제작사), (재)안산문화재단(안산문화예술의전당)(주최)",,
3491683,어린이 캣: 노래하는 고양이 [인천],뮤지컬,뮤지컬,,,아띠홀(주최),,
3492902,신바람 삼대,연극,연극,"전재형, 유일한, 류성훈, 한상우, 차희, 김소민, 박정화 등","민성욱, 김현지, 김용현 등","winds factory(제작사), winds factory(주최)",민복기,
3493071,첼로와 케찹,연극,연극,"강병욱, 김지민","김명화, 손현규, 유주영 등","창작집단 꼴(제작사), (주)본스타컴퍼니(제작사)",김명화,
3493250,양산시립합창단 윤현진 뮤지컬콘서트,뮤지컬,뮤지컬,,,"양산시청(주최), 양산시 문화관광과(주관)",,
3493304,남경주 카이 듀오 콘서트: THE TWO MEN,대중음악,기타,"남경주, 카이",,"충청남도(주관), (재)충남문화재단(주관), 충청남도(주최), (재)충남문화재단(주최)",,
3495169,"볼라레, 최현수의 슈베르트 이야기 (12월)",서양음악(클래식),성악,최현수,,(재)춘천문화재단(주최),,
3495254,별탈업시,한국음악(국악),연희,"김진형, 서정훈, 정병인, 이호용, 이하나, 노병유, 김신영 등",,"민악 솟대(주관), (재)성남문화재단(주최)",,
3495275,민경인 트리오 with BMK,대중음악,재즈/월드뮤직,민경인 등,,"울산북구문화예술회관(주관), 울산북구문화예술회관(주최)",,
3495746,"사랑방 손님과 어머니, B사감과 러브레터",연극,연극,"한미선, 임동욱, 조민희, 유현정","박성민, 권정미, 남기오 등","(주)후플러스(주관), (주)후플러스(주최)","현진건, 주요섭",박성민(각색)
3495747,"을숙도 해피 콘서트, 감동과 기쁨의 힐링콘서트",서양음악(클래식),기악,"김민성, 이승우, 정지희, 이영희",,"을숙도문화회관(주최), 부산로얄필하모니오케스트라(주관)",,
3495803,제15회 광주시립극단 정기공연,연극,연극,"신해은, 이영환, 한중곤, 유지영, 오설균, 송정우, 이명덕 등","김덕희, 조만수, 선욱현 등","광주시립극단(주관), 광주문화예술회관(주최)",피에르 코르네유,선욱현(각색)
3495824,스페란자챔버오케스트라 송년음악회,서양음악(클래식),기악,"안혜수, 류현수, 한혜열 등",,프로아트엔터테인먼트(주최),,
3495973,장은주 피아노 독주회,서양음악(클래식),기악,장은주,,마에스트로 컴퍼니(주최),,
3496279,제184회 광주시립합창단 정기연주회,서양음악(클래식),성악,"김인재, 강혜정, 양송미, 이원준, 박흥우 등",,"광주문화예술회관(주최), 광주시립합창단(주관)",,
3496660,제3회 대학생 창작가곡제 [대구],서양음악(클래식),성악,"정헌, 김은혜, 오영민, 정진환, 최요섭, 허호, 서정혁 등",,"(재)행복북구문화재단(주최), (재)행복북구문화재단(주관)",,
3496887,송년 Adieu! 갈라콘서트,서양음악(클래식),성악,"강화자, 조정현, 김수정, 이미경, 한예진, 이승은, 박혜진 등","권용진, 강순규 등","WK엔터테인먼트(주최), (사)강화자베세토오페라단(주최), (사)강화자베세토오페라단(기획사)",,
3499382,음악 사람을 잇다,서양음악(클래식),기악,,,"(재)당진문화재단(주최), 당진문예의전당(주관), (사)한국음악협회 당진시지부(주관)",,
3499591,제176회 수원시립합창단 정기연주회,서양음악(클래식),성악,"박지훈, 최정원, 방준경, 박원선",,,,
3500025,부산오페라하우스 성공건립: 해설이 있는 오페라 갈라콘서트,서양음악(클래식),오페라,"김봉미, 박은주, 김유진, 정헤민, 왕수정, 조윤환, 허동권 등",,"부산광역시(주최), (재)부산문화회관(주관)",,
3501069,플랫폼 가자 콘서트 [통영],대중음악,대중가요,"김경호, 곽동현, 윤성기",,"통영시(주최), 한국토지주택공사(주최), 통영리스타트플랫폼(주관)",,
3501188,제10회 서울모던앙상블 정기연주회,서양음악(클래식),기악,"안영주, 문혁진, 홍성수, 김남호, 심선민, 박승유, 문지원 등",,"서울모던앙상블(주최), 현대문화기획(주관)",,
3501198,"더트리오 두번째연주, 세명의 작곡가 세명의 연주자",서양음악(클래식),기악,"장진선, 황진하, 이종운",,"나무예술기획(주관), 나무예술기획(주최)",,
3501462,안무노트: 이나현의 렉처퍼포먼스,무용(서양/한국무용),현대무용,"이나현, 전소희, 강요섭, 신혜진","박영준, 문지훈, 공연화 등",유빈댄스(주최),,
3504093,별똥별과 함께 사라지다,연극,연극,"이슬, 김건우, 한상욱, 윤노찬, 강다윤, 구태민","정철, 김진수, 정애솔 등","극단 느리게걷기(주최), 극단 느리게걷기(제작사)",정철,
3506287,기다리다,연극,연극,"박종석, 윤민구, 이정후, 염정윤, 고성재, 이강철, 홍수민","최서은, 장민성, 김민영 등",,최서은,
3514182,"제5회 늘푸른연극제, 다시, 봄: 부드러운 매장",연극,연극,"김종구, 김용선, 정애화, 신현종, 황무영, 박미선, 현승철 등","이우천, 김교은, 이상근 등","스튜디오 반(주최), 스튜디오 반(주관)",오태영,
3514869,루돌프와 산타클로스 [부산],뮤지컬,뮤지컬,,,"극단 바위처럼(제작사), 극단 바위처럼(주관), 극단 바위처럼(주최), 뉴태양(주)(주최)",,
3516971,백투더백,연극,연극,"오태근, 임재성, 정주원, 양종윤, 오영석, 김대권, 김선규 등",,,,
3517129,정승수 교수의 마스터플랜: THE 7 KINGS,대중음악,대중가요,"정승수, 안재필, 문자영, 오나영, 이태희, 박서린, 양승혜 등","이상인, 권오현",,,
3517177,송년음악회 [창녕],대중음악,기타,"김용임, 박구윤, 이리원 등",,"창녕군청(창녕문화예술회관)(주최), 창녕군청(창녕문화예술회관)(주관)",,
3517399,Mind Body＆Soul 콘서트,대중음악,재즈/월드뮤직,,,"한국블루스소사이어티(주최), 한국블루스소사이어티(기획사)",,
3517400,시민과 함께하는 희망 콘서트,서양음악(클래식),기악,"김재원, 김온유, 송승현, 문자희 등",,"전라북도문화관광재단(주최), 김제시(김제시청)(주관), (사)드림필(주관), 전라북도문화관광재단 통합(주최)",,
3517804,삼척시민과 함께하는 최백호 힐링콘서트,대중음악,대중가요,최백호,,"삼척시청(주최), (주)온아트(주관), 브라소닛(주관)",,
3518488,베토벤 탄생 250년 기념 음악회,서양음악(클래식),기악,"강민경, 김수진, 김영지",,쌀롱드무지끄(주최),,
3518498,이화브릴란테앙상블 송년연주회,서양음악(클래식),기악,"봉소라, 나예서, 조예지, 김나래, 윤승재, 김가인, 김용준 등",,"이화브릴란테앙상블(주최), 지음기획(주관)",,
3519139,광주시립교향악단 송년음악회,서양음악(클래식),기악,"장윤성, 문지영",,"광주문화예술회관(주최), 광주시립교향악단(주관)",,
3520060,제4회 모노폴 클라리넷 앙상블 정기연주회,서양음악(클래식),기악,"최용기, 최수지, 이현강, 정소라, 박재성, 김병천 등",,음악교육신문사(주최),,
3520074,250회 L.v. Beethoven 생일에 MdHk,서양음악(클래식),기악,"한기정, 조지연, 안신영, 양고운",,(주)음연(주최),,
3520177,러브앤전쟁,연극,연극,"김덕현, 박형준, 이재욱, 안상훈, 박주희, 이하린, 최영완 등","손남욱, 강신혜","극단 두레홀(주관), 두레아트플랜(주관), 슈퍼비엔터테인먼트(주)(주최)",,
3520319,코리안윈드오케스트라와 함께하는 크리스마스 콘서트,서양음악(클래식),기악,"이철웅, 류정필 등",,"(주)서울콘서트매니지먼트(주관), 코리안윈드오케스트라(주최)",,
3520393,사랑의 묘약 [인천],서양음악(클래식),오페라,"양진모, 권소라, 나의석, 조철희, 전태현, 이한나, 조은비 등",이의주,"인천광역시남동구도시관리공단(주관), (재)국립오페라단(주관), 한국문화예술회관연합회(KoCACA)(주최)",,
3520535,캣츠 40주년 내한공연 [대구],뮤지컬,뮤지컬,"조아나 암필, 앨리스 배트, 헤이든 바움, 나탈리 베니워스, 탈리아 버트, 에밀리 케이시, 벤자민 콜리 등","트레버 넌, 질리언 린, 존내피어 등","롯데엔터테인먼트(제작사), 파워엔터테인먼트(주)(주관), 클립서비스(주관), 대구MBC(주최), 에스앤코(S&CO)(제작사), The Really Useful Group(제작사)",,
3522190,헨젤과 그레텔 [부산],무용(서양/한국무용),발레,,"김세연, 이아람, 황인선 등",,,
3523218,고양이라서 괜찮아 [안동],연극,연극,"유시우, 이나경, 전은정, 류지훈",,"안동문화예술의전당 (평생학습원)(주최), 안동문화예술의전당 (평생학습원)(주관)",,
3524021,제470회 대구시립교향악단 정기연주회,서양음악(클래식),기악,"줄리안 코바체프, 일리야 라쉬코프스키 등",줄리안 코바체프,"대구시립교향악단(주관), 대구시립예술단(주최)",,
3524916,"제5회 청소년을 위한 공연예술축제, 바당가자",뮤지컬,뮤지컬,"신혜원, 김지수, 고혜수, 이소산, 김미르, 정인지, 김형호 등","오수현, 고혜수, 양동환 등","청소년을 위한 공연예술 협동조합(주최), 청소년을 위한 공연예술 협동조합(주관), 드림스페이스(제작사)",,
3524922,"을숙도 해피 콘서트, 추억의 영화음악과 함께하는 송년음악회",서양음악(클래식),기악,"정진경, 손혜림, 강수이, 김헤지, 오혜진, 박병진",,"을숙도문화회관(주최), 부산로얄필하모니오케스트라(주관)",,
3525092,조희창의 에센셜 클래식: 250세 베토벤을 만나다 2nd,서양음악(클래식),기악,"조희창, 김정은, 정승연, 조은성, 정희숙, 임재홍, 김유리 등",,"양산시시설관리공단(주최), 아델라이데(주관), 쌍벽루아트홀(주관), 양산시시설관리공단(주최)",,
3525976,린트리오 크리스마스 콘서트,서양음악(클래식),기악,"박재린, 홍성수, 김아름",김희정,"현대문화기획(주관), Lin Trio (린트리오)(주최)",,
3525979,송선미 클라리넷 독주회,서양음악(클래식),기악,"송선미, 김상연, 박정숙",,,,
3526269,피아니스트 최근정 독주회,서양음악(클래식),기악,"최근정, 박종근",,"(주)아트브릿지(주최), (주)아트브릿지(주관)",,
3526525,STAGE 30 (12월),대중음악,대중가요,강이채,,"스트라디움(주최), 유나이티드프로듀서스(UPD)(주관)",,
3529567,"20th Laboratory Dance Project, 프로그램 1",무용(서양/한국무용),현대무용,"이홍, 함대교, 함희원, 김수인, 윤승민, 신호영, 장회원 등","김동규, 이태양, 최인숙 등","Laboratory Dance Project(LDP무용단)(주최), Laboratory Dance Project(LDP무용단)(주관)",,
3529953,"창작산실, 평안하게 하라",무용(서양/한국무용),현대무용,"주하영, 김정수, 손정현, 정재우, 최진한","최진한, 최혜원, 김철희 등",댄스스토리(기획사),,
3532649,디셈버 재즈앤월드뮤직,대중음악,재즈/월드뮤직,,,"콰가 컬쳐레이블(제작사), 울산문화예술회관(주관), 울산광역시청(주최)",,
3536933,"Che, Bandoneon",서양음악(클래식),기악,"연하늘, 배성은",,쌀롱드무지끄(주최),,
3537747,광주 [광주],뮤지컬,뮤지컬,"민우혁, 테이, 서은광, 민영기, 김찬호, 장은아, 정인지 등","강병원, 고강민, 유희성 등","라이브(주)(제작사), 극공작소 마방진(제작사), (재)광주문화재단(주관), 라이브(주)(주관), 문화체육관광부(주최), 광주광역시(주최)",,
3540568,소울 첼로 앙상블 정기연주회,서양음악(클래식),기악,"장하얀, 김지양, 박보경, 최민지, 이은수, 남유리나, 정민교 등",,지클레프(주최),,
3541130,WE ARE STARS! [성남],대중음악,대중가요,"김양오, 임원택, 장광순, 항지환, 조재익, 이진서, 고영찬",,"(주)이씨아이(주최), (주)이씨아이(주관)",,
3541318,향,연극,연극,"서병철, 임아라, 라영란, 김준서, 이준영, 이주영","라영란, 정희훈, 이진명 등","연기집단 배냇짓(주최), 연기집단 배냇짓(주관)","라영란, 정희훈",
3541766,겨울이야기 [당진],뮤지컬,뮤지컬,,,"진엔터컴(주최), ABC뮤지컬컴퍼니(주관)",,
3541909,루돌프 [남양주],무용(서양/한국무용),현대무용,이경구 등,,"남양주도시공사(주관), 한국문화예술회관연합회(KoCACA)(주최)",,
3542135,호두까기인형 [예산],뮤지컬,뮤지컬,,,"극단 국민(주최), km기획(주관)",,
3542491,산타우체국 [부천],뮤지컬,뮤지컬,,,"(재)부천문화재단(주최), (재)부천문화재단(주관)",,
3542537,헬로카봇 시즌5: 별똥별을 지켜라! [고양],뮤지컬,뮤지컬,,,"(주)하늘이엔티(주최), (주)하늘이엔티(주관), (주)초이락컨텐츠팩토리(제작사), (주)하쿠나마타타(제작사)",,
3542572,"토요 신진 아티스트 시리즈, 최경은 첼로 독주회",서양음악(클래식),기악,"최경은, 임효선",,"롯데문화재단(주최), 롯데문화재단(주관)",,
3542684,이원국발레단 동물의 사육제,무용(서양/한국무용),발레,,,이원국발레단(주최),,
3543797,"수봉IN꿈노리, 잠깐만",연극,마임,,,"(사)한국예총 인천광역시연합회 인천예총(인천수봉문화회관)(주최), (사)한국예총 인천광역시연합회 인천예총(인천수봉문화회관)(주관), 마임공작소 판(제작사)",,
3543875,초록마술사의 크리스마스매직쇼,서커스/마술,서커스/마술,김경남,,GS엔터테인먼트(주최),,
3543895,제3회 트리오 루나리스 정기연주회,서양음악(클래식),기악,"정영선, 심보라미, 이경진",,이든예술기획(주최),,
3545676,메조 소프라노 김혜영 리사이틀,서양음악(클래식),성악,"김혜영, 한민선, 정은진",,대전예술기획(주관),,
3556072,박수진 & 이혜영 피아노 두오 연주회,서양음악(클래식),기악,"박수진, 이혜영",,(주)음연(주최),,
3556582,우연희,연극,연극,,,,,
3559453,"토요스테이지, 베토벤 비긴즈 [인천]",서양음악(클래식),기악,"최수열, 김성현, 김다미, 최희연, 양성원, 조진주, 성재창 등",,인천광역시 경제자유구역청(아트센터 인천)(주최),,
3561053,"금호영재콘서트, 김서현 바이올린 독주회",서양음악(클래식),기악,김서현,,(재)금호아시아나문화재단 (금호문화재단)(주최),,
3561493,비보이를 사랑한 발레리나 [속초],뮤지컬,뮤지컬,,,"속초시(주최), (주)쇼봄(쇼비보이)(주관)",,
3562954,로미오 대 줄리엣,서양음악(클래식),오페라,"한경성, 박현진, 최보한, 권순태 등","안지환, 신동일, 김태웅 등",부산그랜드오페라단(주최),,
3565089,쉐어 하우스,연극,연극,"고정훈, 문해화, 김재연, 심미성, 김건우, 최한별, 노승우 등","김미진, 김건우, 김준 등",스튜디오 술독(제작사),김미진,
3565655,세종 1446 [오산],뮤지컬,뮤지컬,"박유덕, 남경주, 박소연, 장지후, 황민수, 신재현, 이호진 등","한승원, 김종석, 김선미 등","(재)오산문화재단(주최), (재)오산문화재단(주관), 여주시청(주최), (재)여주세종문화재단(주관), (재)여주세종문화재단(제작사), (주)에이치제이컬쳐(HJ컬쳐)(제작사)",,
3568004,잼스틱 [부산],대중음악,기타,,,"을숙도문화회관(주최), 을숙도문화회관(주관), 잼스틱(주관)",,
3568945,판타스틱,뮤지컬,넌버벌 퍼포먼스,,,"(주)해라(주관), (주)해라(주최)",,
3569390,돼지책 [정읍],뮤지컬,뮤지컬,,,"정읍시청(연지아트홀)(주관), 제이앤에스컴퍼니(주관), 정읍시청(연지아트홀)(주최), 제이앤에스컴퍼니(주최)",,
3571770,양수진 만정제 흥보가 완창판소리,한국음악(국악),성악,양수진,,"(재)수성문화재단 수성아트피아(주관), (재)수성문화재단 수성아트피아(주최)",,
3572095,낙원의 사람들,연극,연극,"김덕환, 남명지, 안영은, 오정민, 유종연, 이민아","장정인, 김태형",을지공간(제작사),김태형,장정인(각색)
3572099,위대한 생활의 모험,연극,연극,"김현회, 윤정일, 이은, 류혜린, 이태영, 지은진","김현회, 고주영, 이홍이 등",극단 위대한 모험(주최),마에다 시로,
3572876,"오페라정원, 로미오와 줄리엣",서양음악(클래식),오페라,"홍석원, 이정헌 등","홍민정, 전지성",(재)성남문화재단(제작사),,
3573694,맛있는 만두 만드는법 [울산],연극,연극,김성녀,"손진책, 정의신","한국문화예술회관연합회(KoCACA)(주최), 울산북구문화예술회관(주관)",정의신,
3573799,"클라라하우스 기획공연, 베토벤 프로젝트 6",서양음악(클래식),기악,"한동운, 최한나, 전수빈, 박미영, 권현진, 장원, 우영은",,"(사)클라라하우스(주최), (사)클라라하우스(주관)",,
3574411,"청소년드림콘서트, 팔로알토, 스웨이디, 윤비",대중음악,대중가요,,,"(재)용인문화재단(주최), (재)용인문화재단(주관), 뮤직 쥬 엔터테인먼트(주관)",,
3574764,제787회 전라남도립국악단 토요공연: 남도풍류,한국음악(국악),연희,,,"전라남도(주최), (재)전라남도문화관광재단(도립국악단)(주관)",,
3576071,"제10회 한울림 골목연극제, 흑백다방 [대구]",연극,연극,,,"극단 후암(제작사), (사)한울림 (극단한울림)(주최), (사)한울림 (극단한울림)(주관)",,
3576107,"이우선의 춤, 풍류랑에 물들다",무용(서양/한국무용),한국무용,이우선,,"춤을 사랑하는 공간(주최), 진유림 청어람 우리춤 연구회(주관)",,
3576516,공연자협동조합 신 하반기 정기공연,무용(서양/한국무용),한국무용,"이광석, 김민지, 하애정, 박희정, 박덕상, 윤민석, 윤건 등","박덕상, 윤명화, 이철진 등","(주)구슬주머니(주최), (주)구슬주머니(주관), 공연자협동조합 신(주최)",,
3576522,3인3색 한국가곡의밤 [대전],서양음악(클래식),성악,"임찬양, 성문원, 김혜원",,"쏘울브릿지(기획사), 쏘울브릿지(주최)",,
3577474,라보엠 [아트홀제이],서양음악(클래식),오페라,"최우제, 김민정, 장철준, 배진석, 김시언","김민정, 김시언, 최진혁","(유)아트홀제이(제작사), (유)아트홀제이(주관), (유)아트홀제이(주최)",,
3584902,"20th Laboratory Dance Project, 프로그램 2",무용(서양/한국무용),현대무용,"김기훈, 이용우, 김성훈, 전환성, 안남근, 임샛별, 윤나라 등","김동규, 이태양, 최인숙 등","Laboratory Dance Project(LDP무용단)(주최), Laboratory Dance Project(LDP무용단)(주관)",,
3595231,Encyclopedic Journey,서양음악(클래식),기악,"최소영, 노예리",,쌀롱드무지끄(주최),,
3598115,사랑장터 시즌2: 명랑시장,뮤지컬,뮤지컬,,,"성주문화예술회관(주관), 경기도립극단(주관), 성주군청(주최), 한국문화예술회관연합회(KoCACA)(주최)",,
3598743,임선영 비올라 독주회,서양음악(클래식),기악,"임선영, 김재원",,지클레프(주최),,
3598938,"금호영아티스트콘서트, 김용환 호른 독주회",서양음악(클래식),기악,"김용환, 박가영",,(재)금호아시아나문화재단 (금호문화재단)(주최),,
3599556,렛잇고2 [청주],뮤지컬,뮤지컬,"김다솔, 서가영, 심시원, 한지엽, 서지원, 고승미, 구윤희 등","이광열, 김효석, 조재은 등","극단 예일(제작사), 극단 예일(주최), 극단 예일(주관)",,
3604148,제2회 동초제 판소리 감상회,한국음악(국악),성악,"박지우, 서정민, 김기진, 김선미, 김예진, 김영화, 정보권 등",,동초제 판소리 감상회(주최),,
3617358,진달래식당,연극,연극,"이일섭, 김추월, 신헤정, 배기범, 김동일, 송하림, 전아희 등","정재춘, 이준석, 정희수 등","(주)후플러스(주최), (주)후플러스(주관)",정재춘,
3618786,제12회 아카데미 열정과 나눔 정기연주회,서양음악(클래식),기악,"황현정, 안미현",진윤일,아카데미 열정과 나눔(주최),,
3621659,실내악 시리즈 12 [인천],서양음악(클래식),기악,"서우형, 이상은, 이세인, 민찬흥",,"엘림아트센터(주최), 엘림아트센터(주관)",,
3622635,로맨틱 세레나데 [남양주],서양음악(클래식),기악,"성민제, 윤한, 박종호",,,,
3623065,"고독과 고요 그리고 용기Ⅱ,  채홍 이봉애의 삶과 길",무용(서양/한국무용),한국무용,,,"예술의 공 협동조합(주최), 예술의 공 협동조합(주관), 평양검무 군포(주최)",,
3623261,송년음악회: 가곡과 아리아의 밤,서양음악(클래식),오페라,"손성래, 왕광열, 정지원, 조선아, 이혜전, 박현옥, 이수영 등",,"한러오페라단(주최), 한러오페라단(주관)",,
3623620,랑랑 피아노 리사이틀,서양음악(클래식),기악,,,"(주)마스트미디어(주최), (주)마스트미디어(주관)",,
3635247,제10회 뮤지칸테 정기연주회,대중음악,기타,,,"뮤지칸테(주최), 이태리문화예술원(주관)",,
3645398,제3회 칸타빌레 호른앙상블 정기연주회,서양음악(클래식),기악,,,칸타빌레호른앙상블(주최),,
3645407,"20th Laboratory Dance Project, 프로그램 3",무용(서양/한국무용),현대무용,"임샛별, 윤나라, 정건, 장지호, 김보람, 정록이, 한윤주 등","김동규, 이태양, 최인숙 등","Laboratory Dance Project(LDP무용단)(주최), Laboratory Dance Project(LDP무용단)(주관)",,
3645727,제15회 한울림 윈드오케스트라 정기연주회,서양음악(클래식),기악,"이동인, 최혜리, 김경민, 오승희, 김보경, 김미용, 이수환 등",,"에이엠예술기획(AM엔터테인먼트)(주관), 한울림 윈드오케스트라(주최)",,
3647829,메조소프라노 임은경 귀국 독창회,서양음악(클래식),성악,"임은경, 김지훈",,영음예술기획(주최),,
3647834,이기석 비올라 독주회,서양음악(클래식),기악,"이기석, 최현호",,음악교육신문사(주최),,
3648559,버드배스,연극,연극,"손우혁, 신지연","정구진, 안규림, 정수용 등",,,정구진(각색)
3651187,호두까기인형 [대구],무용(서양/한국무용),발레,,강수진 등,(재)수성문화재단 수성아트피아(제작사),,
3652915,"제5회 청소년을 위한 공연예술축제, 내일보다 빛나는 오늘",뮤지컬,뮤지컬,"명인호, 유시우, 김채이, 이나경, 고은비, 김동건, 이성민","김하나, 김성택, 장해라","청소년을 위한 공연예술 협동조합(주최), 청소년을 위한 공연예술 협동조합(주관)",,
3652917,박정은 작곡발표회,서양음악(클래식),기악,박정은,,현대문화기획(주최),,
3652918,"마리아칼라스홀 초청연주 시리즈, 조가람＆천예나 겨울밤콘서트",서양음악(클래식),기악,"조가람, 천예나",,마리아칼라스홀(주최),,
3653015,제2회 아띠앙상블 정기연주회,서양음악(클래식),기악,"박희망, 장지희, 이가은, 임예송, 노민정",,"공연기획피움(주관), 아띠앙상블(주최)",,
3653455,김선욱 & KBS 교향악단,서양음악(클래식),기악,김선욱 등,,"(주)빈체로(주관), (주)빈체로(주최)",,
3654064,사시나무 숲,연극,연극,"김시유, 김세환, 이동욱, 한지혜, 현림","백운철, 박예슬, 송보민 등","극단 드림플레이(주관), 극단 드림플레이(주최)",백운철,
3655220,송영민의 뮤직 브런치 [노원],서양음악(클래식),기악,"송영민, 한여진, 고소현 등",,"(재)노원문화재단(주관), (재)노원문화재단(주최)",,
3655402,한낮의 유U;콘서트 (12월),서양음악(클래식),기악,"송성훈, 이희랑, 양지민, 송명훈, 조혜운, 공귀주, 진혜빈 등",,"(재)영화의전당(주최), (재)영화의전당(주관), (주)국제신문(주최), (주)국제신문(주관)",,
3655872,바보이반의 내 빵 어딨지? [김포],연극,인형극,,,,,
3655937,성냥팔이 소녀 [구로],뮤지컬,악극,,,,,
3657409,판소리 다섯바탕의 멋,한국음악(국악),성악,"안숙선, 전정민, 이난초, 송순섭, 김일구",,(재)우진문화재단(주최),,
3657455,상자,연극,연극,"정아더, 이한희","서경동, 김지혜, 김소중 등",극단 헤르메스(제작사),서경동,
3657492,Happy Opera Gala Concert,서양음악(클래식),오페라,"김승현, 황진영, 김선용, 송선아, 김원동, 류문규, 오동국 등",,뮤직플러스(주관),,
3657826,오아시스세탁소습격사건,연극,연극,"조준형, 윤상호, 이재원, 정래석, 문상희, 문영욱, 김희경 등","김정숙, 권호성, 김영호 등","극단 모시는사람들(기획사), 극단 모시는사람들(제작사)",김정숙,
3657839,제111회 포항시립합창단 정기연주회,서양음악(클래식),성악,,,포항시청(주최),,
3657859,최은정 바이올린 리사이틀,서양음악(클래식),기악,"최은정, 박상희",,대전예술기획(주관),,
3658427,제124회 광주시립국악관현악단 정기연주회,한국음악(국악),성악,"한상일, 남상일, 김산옥, 송소희, 이은비, 성애순, 이태백 등",,"광주시립국악관현악단(주관), 광주문화예술회관(주최)",,
3660294,남겨진 사랑,연극,연극,"윤수지, 최대운, 이성은, 정아름, 천은영, 이병철",,"(사)예술나눔(주최), (사)예술나눔(주관)",천은영,
3665184,걸음,연극,연극,"김수빈, 김연희, 남승주, 한승규, 윤종서, 박연태, 김정민","김거성, 김진명, 류선영 등","컴퍼니 연결(제작사), 컴퍼니 연결(주최)",윤종서,
3669161,윤유진 피아노 독주회,서양음악(클래식),기악,윤유진,,뮤직클레프(주최),,
3735498,베토벤과 샌드위치 [대구],서양음악(클래식),기악,"이재진, 남자은, 장혁준, 김희정, 차경훈",,"(재)행복북구문화재단(주최), (재)행복북구문화재단(주관), 인형극연구소 인스(주관)",,
3744175,챌린저스 [김제],뮤지컬,뮤지컬,김경애 등,,"김제시(김제시청)(주최), 김제시(김제시청)(주관)",,
3744263,임남희: 베토벤 피아노 소나타 전곡 연주회 VIII,서양음악(클래식),기악,임남희,,예인예술기획(주최),,
3744650,아무도 아무말도 하지 않았다,연극,연극,"김현준, 최민영, 박영남, 이라이, 김종선, 권강현","장태준, 배새암, 신시아 등",(주)극단 아리랑(제작사),배새암,
3745056,"문화가 있는 날, 피아니스트 인소연 (12월)",서양음악(클래식),기악,인소연,,"문화체육관광부(주최), 한국문화예술회관연합회(KoCACA)(주관), (재)수성문화재단 수성아트피아(주관)",,
3747831,"제10회 한울림 골목연극제, 쇼미더 할머니 [대구]",연극,연극,"윤은정, 김진희, 박정희, 박미화, 장종호","추지숙, 박용태, 김은미 등","극단 마루(제작사), (사)한울림 (극단한울림)(주최), (사)한울림 (극단한울림)(주관)",최병화,
3747858,일상의 쉼표 겨울밤 힐링콘서트,서양음악(클래식),기악,"정한솔, 이주현, 문인서, 홍혜인, 신규란, 송혜은, 윤채빈 등",,현대문화기획(주최),,
3747871,트리오 킴 [인천],서양음악(클래식),기악,"김다미, 김상진, 김민지",,"엘림아트센터(주최), 엘림아트센터(주관)",,
3747929,이브로만: 울산아카펠라,서양음악(클래식),성악,,,"울산광역시청(주최), 울산문화예술회관(주관)",,
3748047,제3회 반브라스 정기연주회,대중음악,재즈/월드뮤직,"인준호, 백우현, 김정희, 이은영, 박종덕, 박성호, 이로운 등",,"유진예술기획(주관), 반 브라스(VAN BRASS)(주최)",,
3748054,최재원 바이올린 독주회,서양음악(클래식),기악,"최재원, 박휘암",,"World Culture Networks (WCN)(주최), 업타운 커머레이즈(기획사)",,
3748057,영남필하모니오케스트라 기획연주회: 키즈클래식,서양음악(클래식),기악,최지환 등,"이정연, 이수은","(사)영남필하모닉오케스트라(주최), (사)영남필하모닉오케스트라(주관)",,
3748115,폰테다르떼 오페라 갈라콘서트,서양음악(클래식),오페라,"고지완, 임아란, 김예지, 김민재, 박푸름, 추덕원, 조용대 등",,"(주)아트브릿지(주최), (주)아트브릿지(주관)",,
3748164,"제5회 청소년을 위한 공연예술축제, 창공",연극,연극,"신현묵, 황기석, 김일교, 이동우, 강고은, 김민지, 김유나 등","강고은, 김준표, 정수황 등","청소년을 위한 공연예술 협동조합(주최), 청소년을 위한 공연예술 협동조합(주관), 낭만01(제작사)",,
3748202,제28회 시티필하모니오케스트라 정기연주회,서양음악(클래식),기악,"윤동인, 구지우, 김현아, 유승엽, 장선영, 김상우, 김영은 등",,"시티필하모니오케스트라(주관), 시티필하모니오케스트라(주최)",,
3748221,"대구아티스트위크 시즌 Ⅳ, 관현악: 클래식 루키즈",서양음악(클래식),기악,"장지은, 김민주, 전예은, 이혜림, 공정연, 박원준, 박소현 등",,"대구콘서트하우스(주관), 대구콘서트하우스(주최)",,
3748923,셜록홈즈: 서식스의 흡혈귀 [대전],뮤지컬,뮤지컬,,,"NK노이에클랑(주최), NK노이에클랑(주관)",,
3751284,"오늘, 하루",뮤지컬,뮤지컬,"이영욱, 정휘욱, 박예소, 임준성",,제이디엠 아트 엔터테인먼트(제작사),,
3751680,일등급인간,연극,연극,"유정호, 여동윤, 김하나, 김진주, 정유나, 김세용, 이인준 등","박민규, 안태규, 김승혁 등","플레이규컴퍼니(PLAY GYU COMPANY)(제작사), 플레이규컴퍼니(PLAY GYU COMPANY)(기획사), 스마일사회적협동조합(기획사)",이난영,
3752153,사랑에 스치다,연극,연극,"송용식, 이원장, 신정만, 이서경, 김주연, 박영인, 정소미 등","정형석, 박상철, 김병애 등",극단 드림시어터컴퍼니(제작사),정형석,
3755839,나윤선 콘서트: IMMERSION [성남],대중음악,대중가요,"나윤선, 임채선 등",,"(재)성남문화재단(주관), (재)성남문화재단(주최)",,
3762935,재능문화 혜화마티네 with 장일범,서양음악(클래식),기악,"장일범, 임홍재, 이규봉, 방은현",,"(재)재능문화재단 JCC(주최), (재)재능문화재단 JCC(주관)",,
3763329,전설:  그들의 이야기 [포항],한국음악(국악),창극,,,"한국문화예술회관연합회(KoCACA)(주최), (재)포항문화재단(주관)",,
3766045,"클라라하우스 기획공연, 베토벤 프로젝트 7",서양음악(클래식),기악,"한동운, 박상희, 최은정 등",,"(사)클라라하우스(주최), (사)클라라하우스(주관)",,
3767413,"극발전소301 짧은연극전 5, 오늘도 무사히 / 언텍트 커넥션",연극,연극,"조주경, 박수연, 신진호, 김곽경희, 도창선, 심규현, 김채이 등","김묘진, 정민찬, 김성진 등","극발전소301(제작사), 아트 리버(Arts River)(기획사)","김묘진, 김성진",
3767454,제147회 부천시립합창단 정기연주회,서양음악(클래식),성악,"조익현, 이지영, 김선정, 박준석, 염경묵 등",,"부천시립합창단(주관), 부천시청(부천시립예술단)(주관)",,
3767584,심청 [대구],뮤지컬,뮤지컬,"김진아, 전재원","손호석, 구지영",봉산문화회관(주최),,
3767637,"대구아티스트위크 시즌 Ⅳ, 관현악: 플루티스트 김수지 & 첼리스트 최재호",서양음악(클래식),기악,"김수지, 최재호",,"대구콘서트하우스(주관), 대구콘서트하우스(주최)",,
3768139,"차세대 열전, Fucking Gender",연극,연극,"부진서, 변승록, 백혜경, 강다현 김혜원, 백소정, 라소영 등","강윤지, 최샘이, 이수림 등","한국예술창작아카데미(주관), 극단 Y(주관), 한국문화예술위원회(주최)",강윤지,
3770073,프리즌 [광주],뮤지컬,뮤지컬,"유민휘, 한희도, 원주, 임한솔, 이현, 황윤제, 강대운 등",,"극단 코스모스(주관), 극단 코스모스(주최)",,
3770143,뮤지컬 갈라콘서트: PRESENTO 1,뮤지컬,뮤지컬,"이승한, 박소산, 이원희, 김기선, 최지혜 등",,"뮤트라비안(주관), 뮤트라비안(주최)",,
3770288,토치카: 아래로 올라간 사람들,무용(서양/한국무용),현대무용,"이은경, 윤승진, 임홍준, 김윤미, 서다현","양순희, 이준철, 이은경 등",(재)춘천문화재단(주최),,
3770433,"베토벤 탄생 250주년 기념, 김준희 피아노 독주회",서양음악(클래식),기악,김준희,,지클레프(주최),,
3770470,순천 소녀시대,뮤지컬,뮤지컬,"문지혜, 유숙주, 박지연, 노광흔, 임우현, 임재범, 윤미라 등","정갑균, 반무섭 등",순천시(순천시청)(주최),,
3771351,제177회 대전시립연정국악원 국악연주단 정기공연,한국음악(국악),기악,,,"대전광역시청(주최), 대전시립연정국악원 국악연주단(주관)",,
3771880,SIGN,연극,연극,"오현우, 허혜수, 황인덕","이하미, 지소연, 편준원 등",,김하윤,
3771881,늙은 부부이야기 [대구],연극,연극,"채지민, 김민선",성석배,"극단 처용(주최), 극단 처용(주관), 나무의자(주최), 나무의자(주관)",위성신,
3771883,"친절한 디토씨의 클래식 음악여행 #4, 12월의 차이코프스키",대중음악,기타,황지원 등,,(주)클럽발코니(주최),,
3778979,육덕진 장돌뱅이,연극,연극,"김철영, 김현정, 이채현","김소이, 이연기, 최둘이 등",(주)문화락(제작사),박현철,
3780411,"차세대 열전 더블빌, 외쿠메네_외계 생명체를 기다리며 & 국산무용시장",무용(서양/한국무용),현대무용,"김윤현, 김효경, 문경재, 배상은, 손주연, 신해수, 양병현 등","정재우, 정민수, 김지민 등","한국문화예술위원회(주최), 한국예술창작아카데미(주관)",,
3783652,빨래 [안산],뮤지컬,뮤지컬,"엄태리, 노희찬, 강정임, 양미경, 김희창, 안두호, 이태오 등","추민주, 민찬홍","(재)안산문화재단(안산문화예술의전당)(주관), (재)안산문화재단(안산문화예술의전당)(주최)",,
3784514,주니의 크리스마스 매직콘서트,서커스/마술,서커스/마술,,,아띠홀(주최),,
3785458,제5회 신진연극인페스티벌,연극,연극,,,Y&N팩토리(주최),,
3785636,Stage 800th: JAZZ,대중음악,재즈/월드뮤직,"고희안, 최진배, 한웅원, 리차드로",,"(재)평택시문화재단(주관), (재)평택시문화재단(주최)",,
3785682,김정미 바이올린 독주회,서양음악(클래식),기악,"김정미, 김영신",,현대문화기획(주관),,
3785905,카메라타 솔 연주회,서양음악(클래식),기악,"김응수, 정경영, 정덕근, 최고은, 정진희, 이수아, 조명희, 박고운 등",최혁재,"World Culture Networks (WCN)(주관), 카메라타 솔(주최)",,
3786058,PIAZZOLLA TANGO NIGHT [천안],서양음악(클래식),기악,"류상현, 이민재, 허지윤, 서한나, 강민송, 이정인, 정한빛 등",,NOVA ARTi(노바아르티)(주최),,
3786125,"대구아티스트위크 시즌 Ⅳ, 관현악: 겨울 소야곡",서양음악(클래식),기악,"송정민, 박신혜, 경희설, 이언, 윤성준, 김종현",,"대구콘서트하우스(주관), 대구콘서트하우스(주최)",,
3787009,"광주시립창극단 수시공연, 송년 국악한마당: 일세지웅[一卋之雄]",한국음악(국악),성악,"신영희, 김수연, 강정숙, 김청만, 원장현, 채향순, 진유림",유영애,"광주시립창극단(), 광주문화예술회관()",,
3789562,제127회 광주시립발레단 정기공연,무용(서양/한국무용),발레,"강은혜, 김지영, 강민지, 이기행, 보그단 플로피뉴, 우건희, 김주현 등","최태지, 장운규, 전효정 등","광주시립발레단(주관), 광주문화예술회관(주최)",,
3790915,제40회 대구MBC교향악단 정기연주회,서양음악(클래식),기악,진솔 등,,"(재)수성문화재단 수성아트피아(주관), (사)아트애비뉴컴퍼니(대구국제방송교향악단)(주관), (재)수성문화재단 수성아트피아(주최), (사)아트애비뉴컴퍼니(대구국제방송교향악단)(주최)",,
3791098,송년음악회 [대전],서양음악(클래식),기악,우나이 우레초 등,,대전예술의전당(주최),,
3792600,명랑시장 [대구],뮤지컬,악극,"장정선, 한범희, 강상규, 박현숙, 강성해, 양진춘, 강아림 등","한태숙, 남궁련, 김정 등","대구광역시 서구문화회관(주관), 경기도립극단(주관), 한국문화예술회관연합회(KoCACA)(주최)",,
3792946,김종욱 찾기 [안동],뮤지컬,뮤지컬,,,"안동문화예술의전당 (평생학습원)(기획사), 안동문화예술의전당 (평생학습원)(주최)",,
3793184,기악단 정기연주회,한국음악(국악),기악,"김혜련, 김윤지, 박혜신, 정성훈 등",유경조,국립부산국악원(주최),,
3794864,라트라비아타 미리보기 콘서트,서양음악(클래식),오페라,"이선우, 김정훈, 김기훈, 박형진, 백동훈, 박지혜, 조희창",,금정문화회관(주최),,
3794907,한국남자2 콘서트: 인터플레이(Interplay),대중음악,재즈/월드뮤직,"이희문, 고희안, 최진배, 리차드 로, 한웅원",,"이희문컴퍼니(주최), 이원아트팩토리(주관)",,
3795752,제41회 놀이신명패 정기공연: 식사하세요!,한국음악(국악),연희,,,놀이패 신명(주최),,
3796611,서울시향 오스모 벤스케의 베토벤 교향곡: 합창,서양음악(클래식),기악,오스모 벤스케 등,,(재)서울시립교향악단(제작사),,
3799541,오늘 처음 만드는 뮤지컬 [구리],뮤지컬,뮤지컬,,,"한국문화예술회관연합회(KoCACA)(주최), (주)아이엠컬처(주관), 구리문화재단(주관), (재)구리문화재단(구리아트홀)(주관)",,
3809195,사랑의 오로라,연극,연극,"강주희, 고용선, 권미나, 김보경, 김해미, 김현규, 민현기 등","김수정, 원아영, 남호성 등","극단 신세계(구. 창작집단 툭)(주관), 극단 신세계(구. 창작집단 툭)(주최)",공동창작,
3809246,"제5회 늘푸른연극제, 다시, 봄: 심판",연극,연극,"박윤희, 유순철, 이승호, 반석진, 김창봉, 유정기, 이양숙 등","이한승, 박동우, 김태근 등","스튜디오 반(주최), 스튜디오 반(주관)",프란츠 카프카,"앙드레지드, 장루이바로(각색)"
3811673,스크루지아저씨와 루돌프의 크리스마스 캐롤 [대구],뮤지컬,뮤지컬,,,"(주)대구백화점 대백프라자(주최), (주)교문(주관)",,
3811736,우주로 간 아기돼지삼형제 [천안],뮤지컬,뮤지컬,,,아이키즈(주최),,
3811751,겁쟁이빌리 [부천],뮤지컬,뮤지컬,,,키즈플러스(주최),,
3811765,피노키오의 모험 [의정부],뮤지컬,뮤지컬,,,극단 상상마당컴퍼니(주최),,
3815239,김국한 클라리넷 독주회,서양음악(클래식),기악,"김국한, 김수빈, 황은영",,공연기획피움(주최),,
3819500,호두까기 인형 [대구],무용(서양/한국무용),발레,"오동규, 유리, 정경표, 윤오성",우혜영,"(재)행복북구문화재단(주관), (재)행복북구문화재단(어울아트센터)(주관), (재)행복북구문화재단(주최)",,
3819864,큐브,연극,연극,"김다연, 김예슬, 김지수, 박진수, 양한울, 오현기, 이도현 등","임에빈, 홍성순, 조윤한 등",,,
3821144,못생긴 남자,연극,연극,"조제상, 이영희, 임혁진, 양태상","문민지, 윤도은, 황자람 등",프로젝트 다상(제작사),마리우스 폰 마이엔부르크,
3821184,참기름 톡!,연극,연극,"이호성, 한필수, 정아미, 한록수, 임일애, 박용, 송지나 등","최병로, 전종권, 공홍표 등","문화예술렛츠(주최), 콘텐츠뱅크B(주관)",박경희,김기태(극본)
3823569,민유경 바이올린 독주회,서양음악(클래식),기악,"민유경, 김종윤, 양정윤, 이우일, 이성진, 이호찬",,(주)마스트미디어(),,
3830419,김석훈과 함께하는 희망갈라콘서트,서양음악(클래식),기악,"김석훈, 이승원, 강헤정, 김세일, 조인혁",,"속초시(주최), MOC프로덕션(목프로덕션)(주관)",,
3832347,"심청, 심봉사가 눈을 뜨니 세상이 가관이라",뮤지컬,뮤지컬,"안준영, 정은비, 윤혜정, 이정기, 길연범, 김재형, 한석현 등","안준영, 박혜성, 길연범 등","교육극단 고춧가루부대(제작사), (주)여기우리(주관), 여기는 극장입니다(주최)",,
3835253,푸치니 3대 오페라 속의 사랑이야기,서양음악(클래식),오페라,"조현애, 윤정난, 강헤명, 이동명, 유현욱, 고은영, 박진철 등","조장남, 김어진 등",(사)호남오페라단(주최),,
3835331,"금호영재콘서트, 장한새 피아노 독주회",서양음악(클래식),기악,장한새,,(재)금호아시아나문화재단 (금호문화재단)(주최),,
3836412,전기뱀장어 연말콘서트: 다꾸콘,대중음악,대중가요,,,유어썸머(주최),,
3837034,박해미의 라비앙로즈 [용인],뮤지컬,뮤지컬,박해미,,"경기문화재단(주관), (재)용인문화재단(주관), 경기문화재단(주최), (재)용인문화재단(주최)",,
3837288,"창작산실, BLACK",무용(서양/한국무용),현대무용,"최영현, 임현진, 김모든, 전보람, 이대호, 염정연, 서보권 등","최영현, 최혜원, 김철희 등",노네임소수(제작사),,
3837744,"다시,봄",연극,연극,"유승민, 이인식, 신새연, 이채림, 이지혁","문동진, 김민정, 문홍식 등","민드림컴퍼니(주최), 민드림컴퍼니(주관)",,문동진(각색)
3843659,12월의 사랑 Romanza  [대구],서양음악(클래식),성악,"김은지, 최강미, 이선엽, 조인재, 이성규, 김명철",강다현,"(재)수성문화재단 수성아트피아(주최), 대구음악협회(주관)",,
3843860,타악기와 함께하는 피아빌레 피아노 앙상블,서양음악(클래식),기악,"권택천, 임지희, 김지은, 정다영, 강소영, 오지선, 황정하 등",,"유진예술기획(주관), 피아빌레(주최)",,
3844161,"밀레니엄심포니오케스트라 오작교 프로젝트,  위대한 대왕 시리즈: 세종 & 광개토",서양음악(클래식),기악,"나실인, 박현주, 이정원, 한명원 등","나실인, 이성현",(사)밀레니엄심포니오케스트라(주최),,
3844835,내일은 미스터 국악 [안성],한국음악(국악),성악,,"유혜상, 김민재, 김장연 등","안성시청(기획사), 안성시청(주최)",,
3845047,"그럼에도 Merry Christmas, 송준서 재즈트리오",대중음악,재즈/월드뮤직,"송준서, 조규원, 임대섭",,"NorthTower(기획사), THE GRANDE MUSIC STUDIO (더그란데뮤직스튜디오)(주최)",,
3846081,MERRY Christmas 육중완 밴드 콘서트 [부산],대중음악,대중가요,"육중완, 강준우, 이영택, 유효준, 이진우",,"해운대문화회관(주최), 해운대문화회관(주관)",,
3864942,금난새의 해설이 있는 음악회: 카니발 오브 뮤직,서양음악(클래식),기악,"금난새, 연지형, 방경난, 유재아, 이윤석, 문지웅, 김가빈 등",,"(주)유라시안코퍼레이션(제작사), 성주문화예술회관(주관), 성주군청(주최)",,
3867481,백민정 피아노 독주회,서양음악(클래식),기악,백민정,,엘림아트센터(주최),,
3868433,"금호영아티스트콘서트, 고형민 트럼펫 독주회",서양음악(클래식),기악,"고형민, 강민솔",,(재)금호아시아나문화재단 (금호문화재단)(주최),,
3890227,"부조리 3작가전, 오 행복한 날들",연극,연극,"공승아, 원덕희, 김성식",강재림,극단 노을(주최),사무엘 베케트,
3891636,이석중 바이올린 독주회,서양음악(클래식),기악,"이석중, 맹준관",,"영음예술기획(주최), (재)통영국제음악재단(주최)",,
3891640,하루를 천년같이,뮤지컬,뮤지컬,"이주영, 김나율, 송하영, 이재철","이상준, 김지훈",극단 JC SOUL OF ART(주최),,
3891643,바이올리니스트 박현 & 피아니스트 이진혜 듀오 연주회,서양음악(클래식),기악,"박현, 이진혜",,,,
3893061,랄라스윗 연말공연: 다녀왔습니다,대중음악,대중가요,,,유어썸머(주최),,
3893900,다섯 번째 플루트 부케를 드립니다 [수원],서양음악(클래식),기악,"노미례, 이승혁, 임덕수 등",이지연,지클레프(주최),,
3893927,안산민예총 예술제,한국음악(국악),혼합,,,,,
3894238,"앤솔러지 시리즈 Ⅶ, 베르디 & 요한 슈트라우스 [경기]",서양음악(클래식),기악,"마시모 자네티, 서예리 등",,"경기필하모닉오케스트라(주관), (재)경기도문화의전당(주최)",,
3894329,임재홍 바이올린 독주회,서양음악(클래식),기악,"임재홍, 나정혜",,"엘림아트센터(주최), 엘림아트센터(주관)",,
3895343,정경화 & 김선욱 듀오 리사이틀,서양음악(클래식),기악,"정경화, 김선욱",,(재)성남문화재단(주최),,
3897433,제2회 앙상블 노벨 정기연주회,서양음악(클래식),기악,"임아림, 이경민, 성지민",,공연기획피움(주관),,
3898071,소곡야행 (12.20),서양음악(클래식),성악,"최정원, 김기훈, 윤현정",,"(주)비오케이아트(주관), (주)비오케이아트(주최)",,
3898099,십일몽 (十日夢),무용(서양/한국무용),한국무용,,,김진홍전통춤보존회(주최),,
3911815,제22회 예음색소폰오케스트라 정기연주회,서양음악(클래식),기악,"김수진, 전용해, 정주엽, 박복희, 류상희, 홍순철, 이준희 등",,예음색소폰 오케스트라(주최),,
3918193,대전가톨릭평화방송 개국20주년 기념음악회,서양음악(클래식),기악,"안용주, 설희영 등",,"대전가톨릭평화방송(주관), 대전cpbc오케스트라(주최), Ador Te합창단(주최)",,
3918213,이재완 피아노 독주회,서양음악(클래식),기악,이재완,,클라시코 예술기획 (CLASSICO)(주최),,
3918777,나윤선 재즈콘서트,대중음악,재즈/월드뮤직,나윤선,,대전예술의전당(주최),,
3923266,"제5회 청소년을 위한 공연예술축제, 라 루미에르",뮤지컬,뮤지컬,"김미로, 이종원","권혁미, 김지식, 구지영 등","청소년을 위한 공연예술 협동조합(주최), 청소년을 위한 공연예술 협동조합(주관)",,
3923324,"혜화동1번지 7기동인 가을페스티벌, 맞;춤: 마스크 속 입 모양을 볼 수는 없지만, ( )",연극,연극,"양승진, 정선아","양승진, 정선아, 송정안 등",프로젝트그룹 쌍시옷(제작사),,
3923343,"살롱클래식 #26, 가야금 앙상블 사계",한국음악(국악),기악,"송정민, 이화영, 이언화, 황이레",,삼윤(주최),,
3923350,부천필하모닉오케스트라 아침의클래식 Ⅹ,서양음악(클래식),기악,,,,,
3924416,사랑에 관한 다섯개의 소묘 [대전],뮤지컬,뮤지컬,,"위성신, 김상조, 김성욱 등",대전예술의전당(주최),,
3924951,Christmas Concert [대전],서양음악(클래식),기악,"김동혁, 임승구, 문민규, 이로운 등",,"대전시립합창단(주관), 대전광역시청(주최)",,
3925026,김예슬 피아노 독주회,서양음악(클래식),기악,김예슬,,예인예술기획(주최),,
3925390,"차세대열전, 거룩한 밤",연극,연극,"권택기, 이시현, 조의진","윤자영, 신진영, 백도현 등",,윤자영,
3925939,함영림 피아노 독주회,서양음악(클래식),기악,함영림,,(주)음연(주최),,
3925949,바흐의 음악과 함께하는 미니어처 오페라 커피 칸타타,서양음악(클래식),오페라,"조혜진, 염현준, 김래주, 박현주, 장지영, 이재은, 오순영 등",유화정,"콘서트디자인(주관), UNICO(유니코 예술기획)(주관), 비트윈 뮤직(주최)",,
3925955,부전자전 모차르트 [용인],서양음악(클래식),기악,"조정현, 송영민, 전석호, 한규원, 손가슬 등",,"(재)용인문화재단(주관), (사)군포프라임필하모닉오케스트라(주관), 한국문화예술회관연합회(KoCACA)(주최)",,
3926515,라트라비아타 [부산],서양음악(클래식),오페라,"김주현, 김성은, 정의근, 박정민, 최정빈, 하세훈, 김지단 등",최지형,"금정문화회관(주최), (재)국립오페라단(주관)",,
3933070,"차세대 열전 더블빌, 안간힘 & 켜(couche)",무용(서양/한국무용),현대무용,"안겸, 이경엽, 이가영, 백진주, 이이슬, 김승현, 이창민 등","이가영, 이종진, 백진주 등","한국문화예술위원회(주최), 한국예술창작아카데미(주관)",,
3934083,대전시립교향악단 마티네 콘서트 5 [대전],서양음악(클래식),기악,"손범수, 박상민, 김필균, 신민경, 김민정 등",,"대전광역시청(주최), 대전시립교향악단(주관)",,
3936734,피아노레: 호두까기인형,서양음악(클래식),기악,"윤효정, 우영은",,"(사)클라라하우스(주최), 피아노레(주최)",,
3937007,"제5회 청소년을 위한 공연예술축제, 기적의 소년",연극,연극,"오동준, 정형렬, 전정욱, 최현웅, 이준성, 신동찬, 백승문 등","한민규, 유수진, 김성준 등","청소년을 위한 공연예술 협동조합(주최), 청소년을 위한 공연예술 협동조합(주관)",한민규,
3937765,정민경 피아노 독주회,서양음악(클래식),기악,정민경,,예인예술기획(주최),,
3938130,온새미로,뮤지컬,뮤지컬,,,,,
3938989,아르스 모리엔디: 어느 요양병원 의사의 고백 [대구],뮤지컬,뮤지컬,"조승룡, 배한나, 장선주, 이해진, 이효정, 손제학, 정아름","이보나, 조승룡, 김찬영 등",보누스아트컴퍼니(주최),,
3940034,제12회 보누스아트컴퍼니 정기공연,뮤지컬,뮤지컬,"조승룡, 배한나, 장선주, 이해진, 이효정, 손제학, 정아름","이보나, 조승룡, 김찬영 등","보누스아트컴퍼니(기획사), 보누스아트컴퍼니(주최)",,
3940039,송년 오페라 갈라콘서트 [광주],서양음악(클래식),오페라,"박인욱, 장일범, 신상근, 공병우, 양송미, 최송필, 박수연 등",길애령,"광주문화예술회관(주최), 광주시립오페라단(주관)",,
3940356,콰르텟 21 [인천],서양음악(클래식),기악,"김현미, 박경옥, 최은식, 김덕우",,"엘림아트센터(주최), 엘림아트센터(주관)",,
3947434,라보엠과 함께하는 크리스마스 in Love,서양음악(클래식),기악,"한규원, 신상근, 손헤수, 조한나, 박하나 등",,"한다우리 예술기획(주관), 디아트원(주최)",,
3951328,"부조리 3작가전, 하녀들",연극,연극,"박연하, 임한나, 윤미경",오세곤,극단 노을(주최),장주네,
3951334,"창작산실, 그라피티",뮤지컬,뮤지컬,"김종구, 홍승안, 윤석원, 류지한, 김도현, 신은총, 이진우 등","추정화, 허수현, 김병진 등","한국문화예술위원회(주최), 우리별이야기(제작사)",,
3953707,호모 루피엔스,무용(서양/한국무용),현대무용,"최우석, 이현경, 김희정, 심재호, 양승관, 한채령, 노주호 등","김경신, 박신애, 류백희 등",언플러그드바디즈(제작사),,
3961630,KBS교향악단 특별연주회 9 (12.24),서양음악(클래식),성악,"정명훈, 강혜정, 김정미, 박지민, 양준모 등",,"(재)KBS교향악단(주관), (재)KBS교향악단(주최)",,
3962999,베토벤 탄생 250주년 기념 송년음악회 [부산],서양음악(클래식),기악,"손명균, 이기정 등","정승원, 배정현","부산내셔널심포니오케스트라(주최), 부산내셔널심포니오케스트라(주관)",,
3963003,"제주 뮤지컬 페스티벌, 비커밍맘",뮤지컬,뮤지컬,"윤진웅, 서지아, 신재열, 유정은, 장선미, 정열",,"제주특별자치도 문화예술진흥원(주최), 제주특별자치도 문화예술진흥원(주관)",,
3964025,박은경 해금 독주회 [대구],한국음악(국악),기악,"박은경, 이동훈, 김은주, 박영희, 류자현",,"(재)수성문화재단 수성아트피아(주최), (재)수성문화재단 수성아트피아(주관)",,
3965834,"포커스, 노부스 콰르텟 리사이틀",서양음악(클래식),기악,,,광주문화예술회관(주최),,
3965846,The Pianissimo 음악예술학회 정기연주회,서양음악(클래식),기악,"양지혜, 고예린, 이지윤, 한성민, 이지연, 이현정, 강효주 등",,"The Pianissimo 음악예술학회(주최), 마에스트로 컴퍼니(주관)",,
3966180,권그림 바이올린 독주회,서양음악(클래식),기악,"권그림, 홍소유, 신효건, 김신영",,예인예술기획(주최),,
3966437,빈방 있습니까,연극,연극,"박재련, 김충실, 최병현, 홍지아, 손예은, 김유진, 백승윤 등","최종률, 박재련, 김충실",극단 증언(기획사),최종률,
3967151,크리스마스의 선물 콘서트 with 하모나이즈,대중음악,기타,,,"성주군청(주최), 성주문화예술회관(주관)",,
3968164,산악기상관측,연극,연극,"선명균, 윤현길, 최희진","선명균, 윤현길, 최희진 등",프로젝트 세사람(주관),황정은,
3968222,제25회 부산내셔널심포니오케스트라 정기연주회,서양음악(클래식),기악,"손명균, 이기정, 이리나 등","정승원, 배정현 등","부산내셔널심포니오케스트라(주최), 부산내셔널심포니오케스트라(주관)",,
3972104,학문외과 [광주],연극,연극,"정경아, 고난영, 김은미, 차진이, 강현구, 조홍일","이기인, 오설균","극단 청춘(주최), 극단 청춘(주관), 예술극장 통(주최), 예술극장 통(주관)",이기인,
3975581,제212회 울산시립교향악단 정기연주회,서양음악(클래식),기악,"니콜라이 알렉세예프, 배원희 등",니콜라이 알렉세예프,"울산시립예술단(주관), 울산광역시청(주최)",,
3976786,십이야 [대구],연극,연극,,"신상웅, 정철원, 이완기","대구문화예술회관(기획사), 대구문화예술회관(주최)",윌리엄 셰익스피어,
3979871,연합뉴스TV 개국 9주년 송년음악회,서양음악(클래식),기악,,,롯데컬처웍스(주최),,
3981241,돼지책 [고양],뮤지컬,뮤지컬,,,"극단 가람(가람뮤지컬)(주최), 플러스 기획(주관)",,
3981614,겨울이야기 [전주],뮤지컬,뮤지컬,,,"극단 국민(주최), 극단 해미소(주관)",,
3982264,아듀 화이트 매직쇼 [의정부],서커스/마술,서커스/마술,,,,,
3983204,종이아빠,뮤지컬,뮤지컬,,,"아트컴퍼니 행복자(주최), 아트컴퍼니 행복자(주관)",,
3988218,더벨과 함께하는 크리스마스 지브리 탱고 (2시),서양음악(클래식),기악,"고상지, 최문석, 정솔, 김유성, 윤종수, 박진수, 박용은 등",,"(주)스톰프뮤직(주관), (주)스톰프뮤직(주최), (주)더벨(주최)",,
3989156,크리스마스 캐롤과 스쿠루지 영감,뮤지컬,뮤지컬,"김진희, 이연우, 강현구, 오재호, 조홍일",오설균,"극단 청춘(주관), 예술극장 통(주관), 극단 청춘(주최), 예술극장 통(주최)",,
3994320,크리스마스 콘서트,서양음악(클래식),기악,,,영음예술기획(주최),,
3995840,"차세대 열전, 내가 뭐 그렇게 컨템포러리한 사람도 아니고: 사과백화점",연극,연극,,"강보름, 서현제, 이염소 등","한국예술창작아카데미(주관), 한국문화예술위원회(주최)",,
4003128,아마도이자람밴드 연말 콘서트,대중음악,대중가요,,,유어썸머(주최),,
4006443,올모스트 메인,연극,연극,"표지훈, 이한솔, 강은일, 이준현, 최현성, 조용석, 이충호 등","김민섭, 김봉균, 이성균 등","극단 소년(제작사), 극단 소년(주최), KQ엔터테인먼트(주관)",존 카리아니,
4009319,해자,연극,연극,"이미숙, 김충근, 김경숙, 황윤희, 김선민, 서동석, 김주찬 등","서삼석, 조하나, 박상석 등","극단 놀터(제작사), 극단 놀터(주최)",서삼석,
4010892,리처드 용재오닐: 선물 [여수],서양음악(클래식),기악,"리처드 용재오닐, 양인모, 조윤성 등",,"GS칼텍스 예울마루(주관), GS칼텍스 예울마루(주최)",,
4018835,JAZZ CHRISTMAS with 윤희정,대중음악,재즈/월드뮤직,윤희정 등,,"(재)안산문화재단(주최), (재)안산문화재단(안산문화예술의전당)(주최)",,
4020227,유튜버,연극,연극,"유명진, 이예진, 강채권, 이태호, 이의현, 곽혜진","김도경, 박혜란",극단 철딱서니(제작사),김도경,
4036383,현진주 콘서트: 끝이 아닌 시작,대중음악,대중가요,현진주,,"CCMHUB(씨씨엠허브)(주최), CCMHUB(씨씨엠허브)(주관)",,
4037078,크리스마스 지브리 탱고 (7시30분),서양음악(클래식),기악,"고상지, 최문석, 정솔, 김유성, 윤종수, 박진수, 박용은 등",,"(주)스톰프뮤직(주최), (주)스톰프뮤직(주관)",,
4054238,하프타임 [인천],서양음악(클래식),기악,"윤혜순, 김영립, 박혜정, 정지인, 최미래, 이호찬, 박혜령 등",,인천광역시 경제자유구역청(아트센터 인천)(주최),,
4055641,오래전애 [전주],연극,연극,"정찬호, 홍정은, 정민석",,"재인촌 우듬지(주최), 한옥마을아트홀(주관)",,
4057165,솜 [대구],연극,연극,"최영주, 유정은, 박주영, 이상아","성석배, 민두성, 박소산",,김성희,
4057170,송년 음악회 [전주],서양음악(클래식),기악,"노미례, 박재은, 유순영, 정성문, 이지연, 김수영",,"피아노 다 카메라(주관), 피아노 다 카메라(주최)",,
4057180,화이트홀 송년음악회: 사랑의 입맞춤,서양음악(클래식),기악,,,"흰물결아트센터(주최), 월간독자Reader(주관), 가톨릭다이제스트(주관)",,
4057189,피가로의 결혼 [예산],서양음악(클래식),오페라,"이성원, 김은실, 임금희, 채영준, 양지연, 고은정, 황녹연 등","홍원기, 고제형, 이정환 등","매직칸타빌레예술단(주최), 매직칸타빌레예술단(주관), 아산시교향악단(주관)",,
4058026,"금호영재콘서트, 한지연 플루트 독주회",서양음악(클래식),기악,한지연,,(재)금호아시아나문화재단 (금호문화재단)(주최),,
4059952,어린이 마술쇼 [화성],서커스/마술,서커스/마술,"조영훈, 김홍지, 유동균, 나세진, 한지호",,"미리내마술극단(주관), 미리내마술극단(주최)",,
4060934,박혜현 피아노 독주회,서양음악(클래식),기악,박혜현,,(주)음연(주최),,
4060946,리처드 용재 오닐: 선물 [서울],서양음악(클래식),기악,"리처드 용재 오닐, 조윤성, 양인모 등",,(주)크레디아뮤직앤아티스트(주최),,
4061129,KBS교향악단 특별연주회 9 (12.26),서양음악(클래식),기악,"정명훈, 강혜정, 김정미, 박지민, 양준모 등",,"(재)KBS교향악단(주최), (재)KBS교향악단(주관)",,
4078132,제1회 국제문화예술교류협회 한국정기연주회,서양음악(클래식),기악,"정치국, 강영이, 이소연, 김명한, 정필희, 이호연, 김도이 등",,"(주)아시아예술협회 (구.아시아피아노협회)(주관), 국제문화교류협회(주최)",,
4078135,"차세대 열전 더블빌, 금 & 몸 둘 바",무용(서양/한국무용),현대무용,"김한솔, 최소영, 배선희, 임은정, 허윤경","최소영, 김현진, 이미진 등","한국문화예술위원회(주최), 한국예술창작아카데미(주관)",,
4080009,"겨울 애(愛)콘서트: 유리상자, 박학기, 자전거탄풍경",대중음악,대중가요,박학기 등,,"(주)늘픔이엔티(제작사), 성주문화예술회관(주관), 성주군청(주최)",,
4080434,이강현 첼로 리사이틀,서양음악(클래식),기악,"이강현, 박재홍",,"아트뱅크코레아(주최), 아트뱅크코레아(주관)",,
4080536,"금호영아티스트콘서트, 강병호 튜바 독주회",서양음악(클래식),기악,"강병호, 정서미",,(재)금호아시아나문화재단 (금호문화재단)(주최),,
4080543,Getz/Gilberto & Christmas (앵콜),대중음악,재즈/월드뮤직,,,플러스히치(주최),,
4083658,바로크 콘체르토 서울 송년음악회,서양음악(클래식),기악,"최윤애, 박농우, 김지원, 윤여진, 정미경, 유근영, 이수미 등",장인경,"카리스 프로덕션(주관), 바로크 콘체르토 서울(주최)",,
4084307,반도어벤져 [수원],뮤지컬,뮤지컬,"이청오, 전소현, 조성동, 최성규, 조윤선, 이은애, 최종관 등","최승열, 민상철, 정일만 등",,,
4085425,윤성영 오보에 독주회,서양음악(클래식),기악,윤성영,,예인예술기획(주최),,
4100560,이한진 밴드,대중음악,대중가요,"이한진, 안정덕, 김재국, 금영식, 김병무, 김영미",,"엘림아트센터(주관), 엘림아트센터(주최)",,
4100664,시민 힐링 콘서트 [대구],대중음악,기타,"백윤학, 임은송, 노성훈, 이응광, 최백호 등",,대구문화예술회관(주최),,
4101747,꿈의 서가,연극,연극,"김영훈, 김우진, 공지혜, 오하윤",,,,
4102171,"제주 뮤지컬 페스티벌 , 6시퇴근",뮤지컬,뮤지컬,"고유진, 간미연, 금조 등",,"제주특별자치도 문화예술진흥원(주최), 제주특별자치도 문화예술진흥원(주관)",,
4111649,The 3 LIVE: 정미조 X 말로 X 박주원 [울산],대중음악,재즈/월드뮤직,"정미조, 박주원 등",,"한국문화예술회관연합회(KoCACA)(주최), 울산문화예술회관(주관), JNH뮤직(주관)",,
4111855,하지원 피아노 독주회,서양음악(클래식),기악,하지원,,"(재)부산문화회관(주관), PENNART(주최)",,
4115614,브로드웨이 뮤지컬 콘서트,서양음악(클래식),성악,"손유경, 김경한, 백에훈, 왕기헌, 김지현, 김달의",,"(사)아지무스오페라단(주최), (사)아지무스오페라단(기획사)",,
4115679,"살롱클래식 #27, 트리오 가이스트",서양음악(클래식),기악,"윤동환, 박진우, 김대준",,"삼윤(주관), 삼윤(주최)",,
4115690,애랑을 위하여 [대구],연극,연극,"최영윤, 이미정, 백양임, 김수정, 이난희, 유병욱, 이영진 등",김태석,극단 예전(주최),김태석,
4115692,문민영 피아노 리사이틀,서양음악(클래식),기악,문민영,,,,
4116214,조윤정 피아노 독주회,서양음악(클래식),기악,조윤정,,영음예술기획(주최),,
4118014,화음챔버오케스트라 현대음악 렉처콘서트 시리즈 Ⅳ,서양음악(클래식),기악,"박상연, 허효정, 임윤미, 배상은, 이보연, 최윤제, 박현 등",,"(사)화음(화음챔버오케스트라)(주최), 조선통신사(주관)",,
4118190,백설공주 [대구],뮤지컬,뮤지컬,,,"(주)대구백화점 대백프라자(주최), (주)교문(주관)",,
4120646,클라라의 작은 피아노,뮤지컬,뮤지컬,"홍지연, 이상민, 김정민, 김선용, 전지원, 김성결, 어철민 등","김종균, 홍정민, 정경희 등",,,
4120692,앙상블 소토보체 정기연주회,서양음악(클래식),기악,"김지숙, 김효신, 김헤영, 한민선, 장진선, 전수빈, 박미영 등",,"대전예술기획(주관), 앙상블 소토보체(주최)",,
4121070,"포시즌 Ⅲ, 리처드 용재 오닐: 선물",서양음악(클래식),기악,"리처드 용재 오닐, 양인모, 조윤성 등",,광주문화예술회관(주최),,
4121118,제17회 하트 시각장애인 체임버 오케스트라 정기연주회,서양음악(클래식),기악,,,"(사)부암뮤직소사이어티(주관), 하트시각장애인체임버오케스트라(주최)",,
4122319,음악춘추 우수신인데뷔연주회,서양음악(클래식),기악,"윤덕희, 안가을, 전혜현, 나은일, 이지아",,"음악춘추사(주최), 음악춘추사(주관)",,
4122451,청춘 라이더,연극,연극,"고진수, 민현석, 정성낙, 조모세, 안재구, 전준수",,,,
4122455,한국-이탈리아 국제교류 음악회,서양음악(클래식),성악,"김동우, 신종호, 나정훈, 전해은, 윤혁진, 정연재, 최승원 등",,"(재)한국장애인문화예술원(주최), 미라클보이스앙상블(주최)",,
4122564,"써니스 듀오 시리즈 Ⅲ, 김선주＆이수민",서양음악(클래식),기악,"김선주, 이수민",,"써니스(Seonnys)(주최), 피아노앙상블 Les Six(주관)",,
4128767,판다스틱,뮤지컬,뮤지컬,"최영도, 천정하, 김찬형, 정의진, 이승우, 김지선, 김욱현 등","김학선, 안종민, 백혜린 등",,,
4129148,"차세대 열전, FAN",연극,연극,"박지아, 황순미, 이종민, 박수진","김미란, 장영","한국문화예술위원회(주최), 한국문화예술위원회(주관), 한국예술창작아카데미(주최), 한국예술창작아카데미(주관)",장영,
4131707,용인문화재단 마티네콘서트,서양음악(클래식),기악,"조윤범, 장윤성, 서활란, 방성호, 성재창, 양성원, 여자경 등",,"(재)용인문화재단(주최), (재)용인문화재단(주관)",,
4137444,오늘하루 [전주],뮤지컬,뮤지컬,"박예소, 이영욱, 정휘욱, 임준성",,"전라북도문화관광재단(주최), 제이디엠 아트 엔터테인먼트(제작사), 전라북도문화관광재단 통합(주최)",,
4139014,"문화가 있는 날, 송소희x두번째달x김대일: 팔도유람",한국음악(국악),성악,"송소희, 김대일, 김현보, 박진우, 최진경, 이영훈, 조윤정 등",,(재)춘천문화재단(주최),,
4139330,송년콘서트: 헤븐 싱어즈,대중음악,기타,,,,,
4139518,"CLASSIC 30, Happy Birthday,Beethoven!!!",서양음악(클래식),기악,"정소영, 홍의연, 최경은",,"유나이티드프로듀서스(UPD)(주관), 스트라디움(주최)",,
4140720,신.판.굿 톡!톡!톡! [대전],한국음악(국악),연희,,,"대전시립연정국악원(주최), 대전시립연정국악원(주관)",,
4140896,윤태언 피아노 독주회,서양음악(클래식),기악,윤태언,,"애크미문화예술연구소 (ACME Culture & Arts)(주최), 애크미문화예술연구소 (ACME Culture & Arts)(주관)",,
4142119,"포시즌 IV, 선우예권 피아노 리사이틀",서양음악(클래식),기악,선우예권,,광주문화예술회관(주최),,
4144154,웃픈 3일,연극,연극,"황배진, 금수현, 허인영, 김욱, 이규태, 홍순목, 이도연",,"극단 소울메이트(주최), (주)투비원 디자인(제작사)",,
4144206,제24회 뮤즈 윈드 오케스트라 정기연주회,서양음악(클래식),기악,"김동수, 이예린, 김정아, 정혜민, 김상진, 최지인 등",,"예인예술기획(주관), 뮤즈 윈드 오케스트라(주최)",,
4144213,소곡야행: 김주원 작곡 발표회 (12.30),서양음악(클래식),성악,"김주원, 이범주, 김지훈, 윤정난, 서예은, 윤현정",,"(주)비오케이아트(주최), (주)비오케이아트(주관)",,
4144868,송년음악회: Adieu 2020 [안성],대중음악,기타,"정영주, 정선아, 김호영 등",,안성맞춤아트홀(안성시)(기획사),,
4155739,에일리 전국투어 콘서트: I AM: CONNECTED [서울],대중음악,대중가요,,,"(주)로켓쓰리엔터테인먼트(주최), (주)콘서트가든(주관)",,
4160930,서울시무용단 주니어 발표회,무용(서양/한국무용),현대무용,,,,,
4166937,워킹애프터유 연말단독공연: FAREWELL 2020,대중음악,대중가요,,,"프리즘플러스(주최), 프리즘플러스(주관), 까미뮤직(주최), 까미뮤직(주관)",,
4168378,PLUS Chamber Group 송년음악회,서양음악(클래식),기악,"최지웅, 김대일, 허철, 이창형, 윤소영",,영음예술기획(주최),,
4169988,이지영 귀국 피아노 독주회,서양음악(클래식),기악,이지영,,이든예술기획(주최),,
4170619,"차세대 열전, 이홍도 자서전: 나의 극작 인생",연극,연극,"권형준, 김정화, 박종현","송이원, 김지영, 손영규 등","한국문화예술위원회(주최), 한국예술창작아카데미(주관)",이홍도,
4228146,최현우의 빌리브: bELIEvE,서커스/마술,서커스/마술,최현우,,"서울올림픽기념국민체육진흥공단(제작사), (주)라온플레이(제작사), 서울올림픽기념국민체육진흥공단(주최)",,
4230666,G마켓 스마일클럽 콘서트,대중음악,대중가요,,,(주)쏠드아웃(주최),,
4239967,VICTON 1ST CONCERT: NEW WORLD,대중음악,대중가요,,,"(주)플레이엠엔터테인먼트(제작사), (주)플레이엠엔터테인먼트(기획사), (주)카카오엔터테인먼트 (구. 카카오엠)(기획사), (주)카카오엔터테인먼트 (구. 카카오엠)(제작사)",,
4248736,빈 필하모닉 멤버 앙상블 새해음악회,서양음악(클래식),기악,,,"안동문화예술의전당 (평생학습원)(주관), 안동시청(주최)",,
4254817,연애하기 좋은 날 [광주],연극,연극,"최지영, 김윤희, 한지혁, 이현진, 전민지, 박민서, 문민경 등",,극단 논다(주관),,
4301403,BULL,연극,연극,"남미정, 남동진, 김지성, 김형범","서지혜, 곡수인, 김성태 등","프로젝트 아일랜드(주최), 프로젝트 아일랜드(주관)",마이크 바틀렛,
4301833,AKMU CONCERT: 항해 [고양],대중음악,대중가요,,,"(주)창라이프(주관), YG ENTERTAINMENT(와이지 엔터테인먼트)(주최), (주)타입커뮤니케이션(주최)",,
4307273,트리오,서양음악(클래식),기악,"정화용, 박해수, 신혜원, 고정현, 엄재두 등",,"GS칼텍스 예울마루(주최), GS칼텍스 예울마루(기획사)",,
4307949,마포문화재단 신년음악회,서양음악(클래식),기악,"김현수, 고우림, 박하나, 박종호 등",,(재)마포문화재단(마포아트센터)(주최),,
4310040,"바리톤 김동규, 미스트롯 정미애와 함께하는 신년음악회 with 웨스턴심포니오케스트라",서양음악(클래식),성악,"김동규, 정미애 등",,"봉산문화회관(주최), 봉산문화회관(주관)",,
4324938,헤드윅 [대전],뮤지컬,뮤지컬,"오만석, 마이클 리, 이규형, 전동석, 유리아, 홍서영, 이준 등","김영욱, 임양혁, 송한샘 등","(주)쇼노트(제작사), 지오엠미디어(주관), 지오엠미디어(주최), 정밀기획(주최)",,
4332777,소프라노 신소영 독창회 [대전],서양음악(클래식),성악,"신소영, 함지희",,유진예술기획(주최),,
4332789,Ensemble D‘Amici 초청 신년음악회 [대전],서양음악(클래식),기악,"김지명, 칭이 린, 안용주, 브래딕, 볼드윈, 권현진",,대전예술기획(주관),,
4332942,신년음악회 [대전],서양음악(클래식),기악,"류명우, 김필균, 최정원, 김철현",,"대전예술의전당(주최), 대전시립교향악단(주최)",,
4333946,Bon voyage 다섯번째 이야기 [대전],서양음악(클래식),성악,"강연종, 박세환, 양왕열, 황성범, 이은영, 성철모",,"유진예술기획(주관), 계명대학교(주최)",,
4335606,렛잇고2 [정읍],뮤지컬,뮤지컬,"송주리, 서가영",,"극단 예일(제작사), 극단 예일(주최), 극단 예일(주관)",,
4343134,출동! 슈퍼윙스 시즌3: 우주기지를 지켜라! [평택],뮤지컬,뮤지컬,,,"(주)이에스생활문화 (ES생활문화)(제작사), 극단 나눔(주관), 극단 나눔(주최)",,
4344489,포르테 디 콰트로 3집 발매기념 콘서트: 아르모니아 [대구],대중음악,기타,,,"(주)아트앤아티스트(제작사), (주)드림어스컴퍼니(제작사), (주)스프링이엔티(주관), (유)디온커뮤니케이션(주관), (주)스프링이엔티(주최), (유)디온커뮤니케이션(주최)",,
4362770,화랑,대중음악,대중가요,,,,,
4362822,플라워 STANDING CONCERT,대중음악,대중가요,,,프리덤(주최),,
4363014,리틀캣 [성남],뮤지컬,뮤지컬,,,"플러스 기획(주관), 극단 원공(주최)",,
4363590,백지영 전국투어 콘서트: BAEK STAGE [성남],대중음악,대중가요,백지영,,"(주)트라이어스엔터테인먼트(주관), (주)제이제이팩토리(주관), 블룸이엔티(주최)",,
4386958,이승환 30주년 콘서트: 무적전설 [수원],대중음악,대중가요,이승환,,"(주)드림팩토리클럽(주관), (주)하늘이엔티(주관), (주)하늘이엔티(주최), (재)경기도문화의전당(주최)",,
4389997,호두까기인형 [대학로],뮤지컬,뮤지컬,,,"극단 복주머니(제작사), 극단 파릇(기획사), 극단 파릇(주최)",,
4402932,"롤링 25주년 기념 공연 vol.1, 공기남 단독 콘서트: 겨울에",대중음악,대중가요,공기남,,"롤링홀(주최), 롤링홀(주관)",,
4403175,"롤링 25주년 기념 공연 vol.2,  케빈오&전진희",대중음악,대중가요,"케빈오, 전진희",,"롤링홀(주최), 롤링홀(주관)",,
4403523,미녀와 야수 [대구],뮤지컬,뮤지컬,,,"(주)교문(주관), (주)대구백화점 대백프라자(주최)",,
4404558,지하철 1호선,뮤지컬,뮤지컬,"김홍석, 민채원, 황기석, 최정기, 이순형, 홍성희, 안소연 등","김민기, 정재일, 김병극 등",학전(제작사),,
4405878,김광석 노래부르기,대중음악,대중가요,,,"김광석추모사업회(주최), 김광석추모사업회(주관)",,
4411796,누가 내머리에 똥 쌌어? [세종],뮤지컬,뮤지컬,,,"극단 나눔(주관), 극단 나눔(주최)",,
4412652,세종시문화재단 신년음악회: 빈필하모닉멤버앙상블,서양음악(클래식),기악,,,"(재)세종시문화재단(주관), 세종특별자치시청(주최)",,
4445912,팡팡공룡버블쇼 [김포],뮤지컬,뮤지컬,,,"주니엔터테인먼트(주최), 주니엔터테인먼트(주관)",,
4446107,겨울왕국 [용인],뮤지컬,뮤지컬,,,아트컴퍼니(주최),,
4449975,빈필하모닉 멤버 앙상블 신년음악회 [부산],서양음악(클래식),기악,,,(재)부산문화회관(주최),,
4453939,너한테만 알려주는 건데 임금님 귀는 당나귀 귀야 절대 말하지 마,연극,연극,"경지은, 최경철, 김미로, 이빛나리","송정안, 예일, 조경훈 등",뜻밖의 프로젝트(제작사),이양구,
4453988,거기 서 있는 남자,연극,연극,"오재균, 김설","리우진, 현림, 김유정 등","극단 연애시절(제작사), 극단 연애시절(기획사)",최우근,
4453998,아이스크림 왕국의 뽀로로와 친구들 [수원],뮤지컬,뮤지컬,,"오재익, 권용기, 허수현 등","(주)이에스생활문화 (ES생활문화)(제작사), (주)오름기획(주최)",,
4457965,알라딘 [의정부],뮤지컬,뮤지컬,,,의정부 우리소극장(주최),,
4458217,양승환 작곡 발표회,서양음악(클래식),기악,"이영섭, 양승환, 윤서경, 최혜림, 김나리, 이준삼, 윤종수 등",,Full Moon Company(보름달컴퍼니)(주관),,
4458249,POP KON 쇼케이스 5,대중음악,대중가요,,,이뮤 사운드웍스(E-MU Sound works)(주최),,
4459153,이민정 피아노 리사이틀,서양음악(클래식),기악,이민정,,아는피아니스트(주최),,
4459694,권주희 피아노 독주회,서양음악(클래식),기악,권주희,,이음기획(주최),,
4459696,"창작산실, After4",무용(서양/한국무용),한국무용,"유선후, 이연경, 이경구, 장경희","유선후, 신창렬, 김일현 등",후댄스컴퍼니(주관),,
4460214,빈필하모닉 멤버 앙상블 신년음악회 [세종문화회관],서양음악(클래식),기악,,,"(주)두미르(주최), 중앙일보(주)(주최), (주)JTBC(주최)",,
4461824,세종문화회관과 서울시향이 함께하는 신년음악회,서양음악(클래식),기악,"정명훈, 주미강 등",,"(재)서울시립교향악단(주최), (재)세종문화회관(주최)",,
4467678,앙상블 다미치 플로렌스의 추억,서양음악(클래식),기악,"김지명, 린 칭이, 안용주, 앤드류 브래딕, 웨슬리 볼드윈, 권현진 등",,(주)마스트미디어(주최),,
4468126,정지영 피아노 독주회,서양음악(클래식),기악,정지영,,이든예술기획(주최),,
4468525,허수정 피아노 독주회,서양음악(클래식),기악,허수정,,지클레프(주최),,
4468969,제343회 서울시국악관현악단 정기연주회,한국음악(국악),기악,"박호성, 김영임, 김덕수, 원완철, 최윤영 등",,"서울시국악관현악단(주관), (재)세종문화회관(주최)",,
4470206,한수지 귀국 피아노 독주회,서양음악(클래식),기악,한수지,,예인예술기획(주최),,
4470767,제5회 인춘음악회,서양음악(클래식),성악,"황수미, 김승직, 김광현 등",,(주)아트앤아티스트(주최),,
4471301,"최현아, 에드윈 킴 피아노 듀오 리사이틀",서양음악(클래식),기악,"최현아, 에드윈 킴",,아투즈컴퍼니(주최),,
4472134,코리안리 신년음악회,서양음악(클래식),기악,"티에리 피셔, 레오니다스 카바코스 등",,(재)서울시립교향악단(주최),,
4492804,아름다운 유스퀘어 국악콘서트,한국음악(국악),기악,"박지현, 박은정, 정옥희, 조지선, 윤다빈, 이재서","한인선, 박화정, 김유리","(주)금호고속(기획사), (주)금호고속(주최)",,
4495502,열정과 냉정사이 [부산],연극,연극,,,"(주) 위너스아트컴퍼니(주최), (주) 위너스아트컴퍼니(기획사)",,
4495546,백설공주 [아산],뮤지컬,뮤지컬,,,"극단 해미소(주관), 옴니아트홀(주최)",,
4507320,HoooW Grand Live [서울],대중음악,대중가요,"김태우, 손호영",,"(주)P&B엔터테인먼트(주관), (주)P&B엔터테인먼트(주최), P&B엔터테인먼트(주최), P&B엔터테인먼트(주관)",,
4541156,빨간모자와 늑대 [과천],뮤지컬,뮤지컬,,,"교육극단 파랑새(주최), 교육극단 파랑새(기획사)",,
4541441,제34회 골든디스크어워즈 with 틱톡,대중음악,대중가요,"벤, 송하예, 윤건, 이소라, 장범준, 제니, 청하 등",,"골든디스크어워즈 사무국(주최), 골든디스크어워즈 사무국(주관)",,
4563127,개미와 베짱이 [서울],연극,인형극,,,상상나라극장(주최),,
4563222,독일 작곡가의 밤: 이성과 감성의 조화,서양음악(클래식),기악,"나누리, 김은아",,쌀롱드무지끄(주최),,
4563246,HARMONICIST,서양음악(클래식),기악,"박종성, 조영훈",,쌀롱드무지끄(주최),,
4575377,맘마미아 [전주],뮤지컬,뮤지컬,"최정원, 신영숙, 루나, 이수빈, 홍지민, 김영주, 박준면 등",,"(주)신시컴퍼니(제작사), (주)공연마루(주관), 한국소리문화의전당(주최), (학)우석학원(주최)",,
4579908,아기돼지 삼형제 외 1편 [보령],뮤지컬,뮤지컬,,"현주은, 채희준","극단 무지개(주최), 극단 무지개(주관)",,
4583332,키다리 아저씨 [서울],뮤지컬,뮤지컬,"유주혜, 강지혜, 이아진, 강필석, 신성록, 김지철","박소영, 주소영, 최영은 등",달컴퍼니(주관),,
4610644,뷰티풀라이프 [부산],연극,연극,"조준, 김원진, 김진호, 유태건, 이미정, 김사희, 김가현 등",,"KNN(기획사), KNN(주최)",,
4619237,하모니시스트 이윤석 하피스트 방성연 듀오 리사이틀,서양음악(클래식),기악,"이윤석, 방선영",,"엘림아트센터(주최), 엘림아트센터(주관)",,
4619419,빈 필하모닉 멤버 앙상블 신년음악회 [인천],서양음악(클래식),기악,,,"엘림아트센터(주최), 엘림아트센터(주관)",,
4619894,SARM Project,연극,연극,"이나현, 조창원, 손택근, 이승복, 신효근, 황희선","최재혁, 이지만, 김지영 등","(주)만컬쳐(주최), (주)만컬쳐(주관)",최재혁,
4619921,서울시향 카바코스의 베토벤 바이올린 협주곡,서양음악(클래식),기악,"티에리 피셔, 레오니다스 카바코스 등",,(재)서울시립교향악단(주최),,
4622810,하얀이와 충치마왕 [안산],뮤지컬,뮤지컬,,,드리미(주최),,
4623028,박기훈 단독 공연: 열매,대중음악,대중가요,"박기훈, 김유성, 서주영, 박준규",,,,
4623148,"서울 아시테지 겨울축제, 아빠 얼굴 예쁘네요",뮤지컬,악극,"이홍재, 김다영, 김지윤, 방진수","김민기, 정재일, 조형숙 등","(사)국제아동청소년연극협회 한국본부(아시테지)(주관), (사)국제아동청소년연극협회 한국본부(아시테지)(주최)",,
4623933,장윤정 라이브 콘서트 [강릉],대중음악,대중가요,장윤정,,"(주)우리기획(제작사), (주)MPLUS(엠플러스)(주최)",,
4654429,제9회 가온차트 뮤직어워즈,대중음악,대중가요,,,"한국음악콘텐츠협회(주최), 한국음악콘텐츠협회(주관)",,
4661874,미녀와 야수 [부평],뮤지컬,뮤지컬,,,극단 레미.레오(주최),,
4663695,스웨덴세탁소 미지 미니 콘서트: An Unknown Night,대중음악,대중가요,,,"(주)쇼파르뮤직(주최), (주)쇼파르뮤직(주관)",,
4663842,위 콜댓 홈,연극,연극,"이수동, 윤한슬, 전시몬, 김지유, 서상현, 원자희, 홍준영 등",,극단 구도(기획사),,
4670919,아기돼지 삼형제 [진주],뮤지컬,뮤지컬,,,"극단 오오씨어터(제작사), 극단 오오씨어터(주최), (주)나우컬쳐컴퍼니(주관)",,
4672348,필윤 그룹,대중음악,재즈/월드뮤직,"필윤, 이명건, 김예중, 이종원, 허진호",,"디엔와이컴퍼니(기획사), 디엔와이컴퍼니(주최)",,
4672733,색소폰 콰르텟 에스윗 콘서트,서양음악(클래식),기악,,,신세계문화홀 [의정부](주최),,
4672890,내일은 미스트롯 전국투어 콘서트: 청춘 [경주],대중음악,대중가요,"홍자, 송가인, 정다경, 정미애, 숙행, 박성연, 김소유 등",,"(주)컬쳐팩토리_삭제(주관), (주)장군엔터테인먼트(주관), TV조선(주최), 포켓돌스튜디오(주최), (주)컬쳐팩토리(주관)",,
4695393,퍼커셔니스트 한문경 리사이틀,서양음악(클래식),기악,한문경,,(주)마스트미디어(주최),,
4695979,KCO와 랄프 고토니의 모차르트 교향곡 46 전곡 연주 시리즈 2,서양음악(클래식),기악,"랄프 고토니, 윤소영 등",김민,"(사)코리안챔버오케스트라(구. 서울바로크합주단)(주관), (사)코리안챔버오케스트라(구. 서울바로크합주단)(주최)",,
4698725,박찬호 귀국 바이올린 독주회,서양음악(클래식),기악,"박찬호, 김예슬",,(주)마스트미디어(주최),,
4701117,조혜정 피아노 독주회,서양음악(클래식),기악,조혜정,,(주)마스트미디어(주최),,
4701478,Jude String Quartet 정기연주회,서양음악(클래식),기악,"임성윤, 윤염광, 신희선, 진민수",,지클레프(주최),,
4705145,진은준 트럼펫 독주회,서양음악(클래식),기악,"진은준, 박동의, 김운성",,프로아트엔터테인먼트(주최),,
4707925,유이삭 귀국 더블베이스 독주회,서양음악(클래식),기악,"유이삭, 하동완",,Twopicks (투픽스)(주최),,
4708287,빈필하모닉 멤버 앙상블 신년음악회 [예술의전당],서양음악(클래식),기악,,,"(주)두미르(주최), 중앙일보(주)(주최), (주)JTBC(주최)",,
4714576,아르스 챔버 앙상블: 조화,서양음악(클래식),기악,"양자열, 김동현, 조수민, 김정길, 이상은, 송민제, 한예지 등",,(주)마스트미디어(주최),,
4715264,김민정 비올라 독주회,서양음악(클래식),기악,"김민정, 한지은, 박지현",,마에스트로 컴퍼니(주최),,
4715588,김나정 바이올린 독주회,서양음악(클래식),기악,"김나정, 한지은",,예인예술기획(주최),,
4716162,제3회 앙상블 아도레 정기연주회,서양음악(클래식),기악,"김유미, 이새롬, 박예원, 이진영, 김혜미",,CLASSY LOUNGE(클래시라운지)(주관),,
4722785,신년음악회,서양음악(클래식),기악,"정치용, 조진주, 양성원, 임동혁, 조수미, 김우경 이명훈 등",,"예술의전당(주관), 문화체육관광부(주최)",,
4727763,한화생명과 함께하는 예술의전당 11시콘서트 (1월),서양음악(클래식),기악,"이병욱, 송지원, 이효주 등",,예술의전당(주최),,
4735783,손민수 피아노 리사이틀: 베토벤 소나타 전곡 시리즈 6,서양음악(클래식),기악,손민수,,"MOC프로덕션(목프로덕션)(주최), MOC프로덕션(목프로덕션)(주관)",,
4746155,마흔즈음에: 김광석을 노래하다 [대구],뮤지컬,뮤지컬,채환,,"희파소울(제작사), 희파소울(주최), 희파소울(주관)",,
4746213,New Artist Concert,서양음악(클래식),기악,"오진주, 이선정, 지혜인",,"엠매니지먼트(기획사), 엠매니지먼트(주최)",,
4748209,스크루지 [인천],뮤지컬,뮤지컬,,,"카이로스창작연구소(기획사), 카이로스창작연구소(주최)",,
4748495,호두까기인형 [능동],뮤지컬,뮤지컬,,,"안녕컴퍼니(기획사), 극단 쁘띠벨(제작사), 아이에이치컬쳐(IH Culture)(주최), 보바컬쳐(주최)",,
4787215,구름빵2 [천안],뮤지컬,뮤지컬,,,아이키즈(주관),,
4787636,지브로,뮤지컬,뮤지컬,"김병수, 김호준, 이설형, 윤지혜, 차현지, 고영민","이성찬, 구지영, 함영규 등","아크엠엔터테인먼트(주관), 아크엠엔터테인먼트(주최)",,
4788158,돼지책 [군포],뮤지컬,뮤지컬,,,극단 가람(가람뮤지컬)(주최),,
4813702,재생불량소년,뮤지컬,뮤지컬,"강찬, 백승렬, 조원석, 유동훈, 황두현, 김방언, 심우성 등","강승구, 김중원, 이예인 등","아웃스포큰(제작사), 아웃스포큰(기획사)",,
4817814,"서울 아시테지 겨울축제, 말하는 원숭이",연극,연극,"서어진, 윤지선, 황현선, 서지선, 정종임","정종임, 서공희, 이원만 등","(사)국제아동청소년연극협회 한국본부(아시테지)(주관), (사)국제아동청소년연극협회 한국본부(아시테지)(주최)",정종임,
4820951,에일리 전국투어 콘서트: I AM：RE-BORN [부산],대중음악,대중가요,에일리,,"(주)컬쳐팩토리_삭제(주관), (주)로켓쓰리엔터테인먼트(주최), (주)컬쳐팩토리(주관)",,
4824864,박강수 서울콘서트,대중음악,대중가요,박강수,,"베짱이홀(기획사), 베짱이홀(주최)",,
4825305,꿀벌 마야의 모험 [창원],뮤지컬,뮤지컬,,,포도나무(주최),,
4833528,운빨로맨스 [광주],연극,연극,"김범수, 김재흥, 오근욱, 노수빈, 서원호, 박서원, 김민채 등",,극단 논다(주최),,
4834064,드림노트 THIRD SINGLE ALBUM Dream Wish 발매 기념 쇼케이스,대중음악,대중가요,,,"(주)아이디어뮤직엔터테인먼트코리아(IME Entertainment)(주최), (주)아이디어뮤직엔터테인먼트코리아(IME Entertainment)(주관)",,
4834721,치링치링 시크릿 쥬쥬 시즌2: 별의 여신 [창원],뮤지컬,뮤지컬,,"김철현, 윤성민, 정윤지 등","DS뮤지컬컴퍼니(제작사), 영실업(제작사), 동그라미 그리기(주최)",,
4847873,난장 사운드페스티벌,대중음악,대중가요,"사공, 홍이삭, 스텔라장, 적재 등",,"(주)램프(주관), 광주문화방송(주)(광주MBC)(주관), 광주문화방송(주)(광주MBC)(주최)",,
4849132,"창작산실, 안테모사",뮤지컬,뮤지컬,"강지혜, 장예원, 고은영, 김찬종, 김대호, 문경초, 장두환 등","심설인, 유제민, 오혜인 등","공연창작소 M.A.P(주관), 한국문화예술위원회(주최)",,
4849146,"창작산실, 수정의 밤",연극,연극,"김은희, 전중용, 이윤재, 이종윤, 남승혜, 김상보, 전수지 등","허영균, 김혜지, 노명준 등","극단 여행자(주관), 한국문화예술위원회(주최)",김도영,
4853051,알라딘 [대구 신세계],뮤지컬,뮤지컬,,,"에스제이(주관), 좋은사람들(주관), 문화공작소 조이(주최)",,
4853957,"정지훈 클래식 카페, 빈 신년음악회의 모든 것",서양음악(클래식),기악,정지훈,,신세계 문화홀 [대구](주최),,
4854074,렛잇고 시즌2 [대구],뮤지컬,뮤지컬,,,"에스제이(주관), 좋은사람들(주관), 에스앤씨컴퍼니(주최), 문화공작소 조이(주최)",,
4854107,엘사의 겨울이야기 [대구],뮤지컬,뮤지컬,,,"에스앤씨컴퍼니(주관), 문화공작소 조이(주최), 문화공작소 조이(주관)",,
4868424,유하영 X JASPER DUTZ,대중음악,재즈/월드뮤직,유하영 등,,(주)페이지터너(주최),,
4885223,창수,연극,연극,"민충석, 이기욱, 김태영, 오진아, 김시유, 박수진, 이선우 등","곽두환, 이고운, 전상준 등","극단 그림일기(주관), 극단 그림일기(주최)",곽두환,
4885229,귀환 [대구],뮤지컬,뮤지컬,"이진기, 김민석, 이정열, 김순택, 이재균, 차학연, 이지숙 등","장우재, 정경진, 이희준 등","(주)인사이트엔터테인먼트(제작사), (주)에스제이엔터(주관), 육군본부(주최)",,
4916681,심수봉 데뷔40주년 전국투어: 비나리 [청주],대중음악,대중가요,심수봉,,"소명기획(주관), (주)세종경제뉴스(주최), 효진ENT(주관), 소명기획(주관)",,
4926254,"햇님이 달님이 [청주, 세종]",뮤지컬,뮤지컬,"박선령, 오범석, 조재문, 이혜림","이병호, 박선령, 이미라 등","극단 하이(SNG 씨어터, 하이뮤지컬컴퍼니)(제작사), 극단 하이(SNG 씨어터, 하이뮤지컬컴퍼니)(기획사)",,
4926840,컴투마이하우스,대중음악,대중가요,네이브,,"스테이라운지(주최), 스테이라운지(기획사)",,
4927574,하트시그널,연극,연극,,,하마컴퍼니(제작사),,
4927789,대구문화예술회관 신년음악회: New Year's Concert in Daegu,서양음악(클래식),기악,"서찬영, 김태혁, 김정아, 배진형, 구은정, 박신혜, 방성택 등",,대구문화예술회관(주최),,
4928934,누가 내머리에 똥 쌌어? [울산],뮤지컬,뮤지컬,,,"에스제이(주관), 좋은사람들(주관), 에스제이(주최), 좋은사람들(주최)",,
4930416,공룡 애니멀쇼 [강릉],서커스/마술,서커스/마술,,,"주니엔터테인먼트(주관), 주니엔터테인먼트(주최)",,
4930708,코리아 심청,한국음악(국악),연희,,,"(재)한국문화재재단(주최), 한국의집(주관)",,
4932118,얼음왕국 버블쇼 [수원],뮤지컬,뮤지컬,,,JM엔터테인먼트(주최),,
4932488,시간을 파는 상점 [대구],연극,연극,"조은진, 김범수, 한아름, 박휘남, 김재원","정진국, 김진아",여우별아트홀 (극단여우별)(주최),김선영,
4934387,팡팡 매직쇼,서커스/마술,서커스/마술,,,"교육극단 파랑새(기획사), 교육극단 파랑새(주최)",,
4934499,버블쇼 [부산],서커스/마술,서커스/마술,,,파란컴퍼니(주최),,
4934990,엄마 까투리: 먹구렁이와 생일파티 [대구],뮤지컬,뮤지컬,,"김종해, 안영은, 전상헌 등","(주)이에스생활문화 (ES생활문화)(제작사), 탑(TOP)엔터테인먼트(주관), TOP컴퍼니(주관), (주)이에스생활문화 (ES생활문화)(주최)",,
4937394,춤추는 호랑이와 햇님달님,뮤지컬,뮤지컬,,강민영,극단 천사의노래(제작사),,
4939700,책먹는 여우 [고양],뮤지컬,뮤지컬,,,"극단 가람(가람뮤지컬)(제작사), 케이컬쳐(주관), 극단 가람(가람뮤지컬)(주최)",,
4942078,제6회 성암국제무역고등학교 합창단 정기연주회,서양음악(클래식),성악,"권용식, 안치은, 박종성, 고동현, 이소빈 등",,성암국제무역고등학교 학생창의부(주관),,
4942890,신년음악회: 풍류생동,한국음악(국악),연희,"박상우, 남상일, 민영치, 김계희, 윤하정, 한기윤, 유태평양 등",김혜성,(재)구로문화재단(주최),,
4948236,집짓는 아기돼지 삼형제 [부천],뮤지컬,뮤지컬,,,키즈플러스(주최),,
4948771,길구봉구 첫 번째 전국투어 콘서트 [대구],대중음악,대중가요,,,(주)아이월드컴퍼니(주최),,
4952153,Tune Up Jazz Stage: Mike Moreno Quartet,대중음악,재즈/월드뮤직,,,"(주)비이피씨탄젠트(주관), CJ문화재단(주최)",,
4959805,고희안 토크 콘서트 in 뮤지토리키즈 [세종],대중음악,재즈/월드뮤직,고희안,,뮤지토리(주최),,
4959834,DANSWEETME,대중음악,대중가요,,,"(재)이도문화재단(주최), 더노라 스테이지와이(주관)",,
4972752,팥죽할멈과 호랑이 [포항],뮤지컬,뮤지컬,,,"동그라미 그리기(제작사), 동그라미 그리기(주최), 동그라미 그리기(주관)",,
4980188,경성 인사이드 [대전],연극,연극,"김성탁, 최온겸, 이석엽, 강승리, 김광원",,"(주)아신아트컴퍼니(주관), (주)아신아트컴퍼니(주최)",,
4980236,너에게로 또 다시 [대전],연극,연극,"공소영, 김현진, 마미선, 박주홍",,"(주)아신아트컴퍼니(기획사), (주)아신아트컴퍼니(주최)",,
4981543,검은스님들 [창원],연극,연극,,,"극단 강신(주관), 극단 강신(주최)",,
4981809,디바 [가든씨어터],뮤지컬,뮤지컬,"장예원, 김은채, 박제나, 박다영, 우지희, 손상은, 김도형 등","김기석, 김은지, 박진원 등",(주)리히더스(기획사),,
4981951,장화신은 고양이 [청주],뮤지컬,뮤지컬,,,극단 해미소(주관),,
4982289,이프온리 [대학로],연극,연극,"김이선, 김채윤, 이슬기, 함채련, 신윤수, 오지성, 장경원 등",,"(주)플레이더부산(기획사), (주)플레이더부산(주최)",,
4982317,"곰, 청혼",연극,연극,"김동일, 이진성, 박지호, 노현웅, 편다연, 오정훈, 채서원","김통일, 이진성, 정영호 등","극단 정통(주최), 극단 정통(주관)",안톤 체호프,
4982815,케이윌 전국투어 콘서트: THE K.WILL [대전],대중음악,대중가요,케이윌,,(유)디온커뮤니케이션(제작사),,
4994130,"금호영재오프닝콘서트, 임윤찬 피아노 독주회",서양음악(클래식),기악,임윤찬,,(재)금호아시아나문화재단 (금호문화재단)(주최),,
4994359,"금호영아티스트콘서트, 유채연 플루트 독주회",서양음악(클래식),기악,"유채연, 윤효린",,(재)금호아시아나문화재단 (금호문화재단)(주최),,
4994407,정예원 피아노 독주회,서양음악(클래식),기악,정예원,,뮤직클레프(주최),,
4994412,임유연 귀국 피아노 독주회,서양음악(클래식),기악,임유연,,이든예술기획(주최),,
4994419,최정은 호른 독주회,서양음악(클래식),기악,최정은,,예인예술기획(주최),,
4994432,윤해원 첼로 독주회,서양음악(클래식),기악,윤해원,,예인예술기획(주최),,
4994461,운빨로맨스 [스카이씨어터],연극,연극,"김범수, 김재흥, 오근욱, 조태관, 김규림, 맹승지, 박미리 등",,"컬처마인(제작사), 창작집단 혜윰(제작사)",김달님,
4995414,신데렐라 [제주],뮤지컬,뮤지컬,"윤정욱, 임정수, 이선, 배예림, 이령, 이지은",방혜정,"옴니아트홀(주최), 옴니아트홀(기획사)",,
4995418,산타와 함께하는 신데렐라 [제주],뮤지컬,뮤지컬,"윤정욱, 임정수, 이선, 배예림, 이령, 이지은",방혜정,"옴니아트홀(주최), 옴니아트홀(기획사)",,
4995581,이소라 콘서트 [부산],대중음악,대중가요,이소라,,"(주)밝은누리(주관), (주)인터파크(주최)",,
4998809,퍼스트클래스와 함께하는 신년음악회,서양음악(클래식),성악,"강경원, 장진규, 박상진",,신세계문화홀 [센텀시티](주최),,
5000309,"정지훈 클래식이야기, 빈 신년음악회의 모든 것",서양음악(클래식),기악,정지훈,,신세계문화홀 [센텀시티](주최),,
5000620,제772회 전라남도립국악단 토요공연: 남도풍류,한국음악(국악),혼합,,,"(재)전라남도문화관광재단(도립국악단)(주최), (재)전라남도문화관광재단(도립국악단)(기획사)",,
5011291,신데렐라 [부천],뮤지컬,뮤지컬,,,"극단 바투(주관), 은혜엔터테인먼트(주최)",,
5012216,안산시립국악단 기획연주회,한국음악(국악),기악,임상규 등,,"안산시립국악단(주관), 안산시청(주최)",,
5012844,"Romance, Sorrow and Drama",서양음악(클래식),기악,"김종윤, 심규호, 이희명, 김혜지, 김지은, 김민지, 임여은",,프로베프로젝트(기획사),,
5017167,SUPER SHOW 6: SUPER JUNIOR WORLD TOUR,대중음악,대중가요,,,"(주)에스엠엔터테인먼트 (SM ENTERTAINMENT)(기획사), (주)에스엠엔터테인먼트 (SM ENTERTAINMENT)(주최)",,
5021712,TVXQ! CONCERT: CIRCLE #welcome,대중음악,대중가요,,,"(주)에스엠엔터테인먼트 (SM ENTERTAINMENT)(주최), (주)에스엠엔터테인먼트 (SM ENTERTAINMENT)(기획사)",,
5032558,제30회 대덕오케스트라 정기연주회,서양음악(클래식),기악,"김강훈, 임경원 등",,"유진예술기획(주관), 대덕오케스트라(주최)",,
5050237,fruhlingstraum,서양음악(클래식),기악,"김혜지, 이경민, 정성우, 안영주",,쌀롱드무지끄(주최),,
5050262,이소의 작곡발표회,서양음악(클래식),기악,"승경훈, 홍성수, 김현수, 변정인, 나인국, 김소정, 조재형 등",이소의,현대문화기획(주관),,
5050267,"Saemusic #2, Klang／Sori",서양음악(클래식),기악,,,saemusic(sämusic)(주최),,
5063096,앤,뮤지컬,뮤지컬,"차준호, 도창선, 김세중, 박세화, 홍가경, 하미미, 김은주 등",,"극단 걸판(제작사), 극단 걸판(주최)",,
5067610,유민희 작곡 발표회 Song of Life VII: Preserve,한국음악(국악),연희,"이슬기, 송수연, 김휘곤, 박진희, 최휘선, 강원기, 조의선 등",유민희,"(주)인사이트모션 서울돈화문국악당(주최), (주)인사이트모션 서울돈화문국악당(주관)",,
5067911,렛잇고 [익산],뮤지컬,뮤지컬,"서가영, 송주리",,"극단 예일(주최), 극단 예일(주관)",,
5067915,렛잇고2 [익산],뮤지컬,뮤지컬,"송주리, 서가영 등",,"극단 예일(제작사), 극단 예일(주관), 극단 예일(주최)",,
5068807,이기찬 소극장 앵콜 콘서트: 추억팔이,대중음악,대중가요,이기찬,,"이스턴클라우드(주최), 이스턴클라우드(주관), AW 엔터테인먼트(주관)",,
5069356,박강수 소극장콘서트 [광주],대중음악,대중가요,박강수,,"베짱이홀(기획사), 베짱이홀(주최)",,
5080502,금난새와 함께하는 해설이 있는 신년음악회,서양음악(클래식),성악,"금난새, 조선형, 허영훈, 이윤석 등",,(재)인천서구문화재단(주최),,
5082227,겨울이야기 [광주],뮤지컬,뮤지컬,,,극단 해미소(주관),,
5085063,둘도 없는 힙합 친구: DAMOIM,대중음악,대중가요,"염따, 딥플로우, 팔로알토, 더콰이엇, 사이먼도미닉",,"(주)메이크어스엔터테인먼트(주최), (주)메이크어스엔터테인먼트(주관)",,
5124127,정글북 [구미],뮤지컬,뮤지컬,"문지우, 손치현, 박소민, 박동혁, 김두현, 김효경","손치현, 김현주, 박신호 등","극단 레미.레오(기획사), 극단 레미.레오(주최)",,
5124139,제임스 유 첼로 리사이틀 [대구],서양음악(클래식),기악,유상오,,"나래아트컴퍼니(주최), 나래아트컴퍼니(주관)",,
5124442,백지웅 콘서트,대중음악,대중가요,백지웅,,제이아트(주최),,
5124718,TAEYEON Concert: The UNSEEN,대중음악,대중가요,태연,,"드림메이커엔터테인먼트리미티드(DREAM MAKER ENTERTAINMENT LIMITED)(주관), (주)에스엠엔터테인먼트 (SM ENTERTAINMENT)(주최)",,
5144730,그림 읽어주는 베토벤: 더갤러리,서양음악(클래식),기악,,,1m클래식(일미터스튜디오)(주관),,
5144794,"최고의클래식 시즌17, 클래식 라이벌",서양음악(클래식),기악,"임용순, 조숙현 등",,"1m클래식(일미터스튜디오)(주관), 두손클래식엔터테인먼트(주)(주최)",,
5171580,겨울왕국 [거창],뮤지컬,뮤지컬,,,,,
5172085,노동풍경1: 실업,연극,연극,"김원태, 박기원, 이민정, 조은원","윤한솔, 전성현, 정유진 등",그린피그(제작사),공동창작,
5172172,금난새의 해설이 있는 신년음악회 [인천],서양음악(클래식),성악,"금난새, 백재은, 황동연 등",,인천광역시남동구도시관리공단(주최),,
5174184,제7회 성미산필하모닉오케스트라 정기연주회,서양음악(클래식),기악,이칠규 등,,성미산필하모닉오케스트라(주최),,
5174504,예울마루 신년음악회 [여수],서양음악(클래식),기악,"금난새, 윤상아, 허영훈 등",,"GS칼텍스 예울마루(주최), GS칼텍스 예울마루(주관)",,
5176660,"제2회 서울 탭댄스 페스티벌, 아라비안나이트",대중무용,스트리트/스포츠댄스,,,"탭꾼 탭댄스 컴퍼니(주최), (재)마포문화재단(마포아트센터)(주최)",,
5176891,"제2회 서울 탭댄스 페스티벌, TIME from The Classic",대중무용,스트리트/스포츠댄스,,,"타임 탭댄스 컴퍼니(주최), (재)마포문화재단(마포아트센터)(주최)",,
5177196,"제2회 서울 탭댄스 페스티벌, All That RHYTHM",대중무용,스트리트/스포츠댄스,,,"(재)마포문화재단(마포아트센터)(주최), 탭꾼 탭댄스 컴퍼니(주최)",,
5177504,"제2회 서울 탭댄스 페스티벌, 남궁인의 리듬 다이어리",대중무용,스트리트/스포츠댄스,,,"탭인 탭댄스 컴퍼니(주최), (재)마포문화재단(마포아트센터)(주최)",,
5177729,겁쟁이 빌리 [마포],뮤지컬,뮤지컬,,,"피터폴앤메리(주최), 피터폴앤메리(주관), 이지기획(주최), 이지기획(주관)",,
5179510,신데렐라 [춘천],뮤지컬,뮤지컬,,,영기획(주최),,
5192427,비빔밥 [인천],뮤지컬,뮤지컬,,,인천학생교육문화회관(주최),,
5202414,케이윌 전국투어 콘서트: THE K.WILL [대구],대중음악,대중가요,,,"(유)디온커뮤니케이션(주관), (주)스프링이엔티(주관), (주)스타쉽엔터테인먼트(주최)",,
5211825,벌룬 서커스 [청주],서커스/마술,서커스/마술,박재근,,"아이에이치컬쳐(IH Culture)(주관), 에스앤씨컴퍼니(주최), 문화공작소 조이(주최)",,
5222099,Trio Veranda,대중음악,대중가요,,,"(재)이도문화재단(주최), 더노라 스테이지와이(주관)",,
5222100,플리지 단독공연: 첫 편지,대중음악,대중가요,,,"(재)이도문화재단(주최), 더노라 스테이지와이(주관)",,
5222136,김규하 블루스 밴드 콘서트,대중음악,재즈/월드뮤직,김규하 등,,한국블루스소사이어티(주최),,
5222214,아트센터 인천 신년음악회,서양음악(클래식),기악,"정치용, 신영옥 등",,인천광역시 경제자유구역청(아트센터 인천)(주최),,
5224511,출동! 슈퍼윙스 시즌3: 우주기지를 지켜라! [광주],뮤지컬,뮤지컬,,"김종해, 송영훈, 김대현 등","(주)이에스생활문화 (ES생활문화)(제작사), 교육극단 새아침(주최)",,
5225857,별주부전 [성남],뮤지컬,뮤지컬,,,"성남시립국악단(주관), 성남시청(주최)",,
5229482,해설이 있는 청소년 음악회 감탄사 시리즈 2,서양음악(클래식),기악,"김란도, 윤민규, 송호섭, 이석준, 김형찬",,영음예술기획(주최),,
5230109,장수상회 [성남],연극,연극,"이순재, 신구, 손숙, 박정수, 강성진, 김보현, 김지민 등",,"극단 장수상회(제작사), (유)장수상회문전사(제작사)",,
5239790,제112회 울산시립합창단 정기연주회,서양음악(클래식),기악,"외르크 페터 바이글레, 박은주, 양송미, 진성원, 염경묵 등",,"울산시립예술단(주관), 울산광역시청(주최)",,
5246667,첼로명곡으로 배우는 클래식이야기,서양음악(클래식),기악,허윤정,,신세계문화홀 [센텀시티](주최),,
5246884,신년맞이콘서트 트롯트리오,대중음악,대중가요,,,신세계문화홀 [센텀시티](주최),,
5247690,팥죽할멈과 호랑이 [부산],뮤지컬,뮤지컬,,,"동그라미 그리기(제작사), 동그라미 그리기(주관), 극단 바위처럼(주최)",,
5248945,귀환 [수원],뮤지컬,뮤지컬,"이진기, 김민석, 이정열, 김순택, 이재균, 차학연, 이지숙 등",,"(주)인사이트엔터테인먼트(제작사), (재)경기도문화의전당(주관), (주)라이브컬쳐(주관)",,
5267225,렛잇고2 [수원],뮤지컬,뮤지컬,"송주리, 서가영",,"극단 예일(주최), 극단 예일(주관), 극단 예일(제작사)",,
5269610,폴 포츠 내한공연 [파주],서양음악(클래식),성악,폴 포츠,,"(주)좋은콘서트(주최), (주)케이팝뱅크(주관), (주)좋은콘서트(제작사), (주)메이드림미디어(제작사)",,
5270466,꿈의숲 신년음악회,한국음악(국악),성악,"이자람, 이준형",,"(재)세종문화회관 꿈의숲아트센터(주관), 서울특별시(주최), (재)세종문화회관(주최)",,
5270974,초등학생을 위한 실험실 콘서트 [서울],서양음악(클래식),기악,"원재연, 김현수, 이호찬, 이경면, 김호정",,"(주)스테이지 원(주최), (주)스테이지 원(주관)",,
5273954,빵 굽는 포포아저씨 [창녕],뮤지컬,뮤지컬,,,"창녕군청(창녕문화예술회관)(주최), 창녕군청(창녕문화예술회관)(주관)",,
5286819,어린이캣츠 [대구],뮤지컬,뮤지컬,,,"극단 나눔(주최), 극단 나눔(주관)",,
5288592,알라딘 [포항],뮤지컬,뮤지컬,,,"극단 나눔(주최), 극단 나눔(주관)",,
5289579,겨울이야기 [파주],뮤지컬,뮤지컬,,,극단 해미소(주최),,
5289919,제774회 전라남도립국악단 토요공연: 남도풍류,한국음악(국악),연희,,,(재)전라남도문화관광재단(도립국악단)(주관),,
5290098,헤드윅 [의정부],뮤지컬,뮤지컬,"오만석, 마이클 리, 정문성, 전동석, 제이민, 홍서영","김영욱, 임양혁, 송한샘 등","(주)쇼노트(주관), (재)의정부문화재단 (의정부예술의전당)(주관)",,
5294376,START LINE－러블레스: 파랑새 발매 기념 단독 공연,대중음악,대중가요,,,"밴드 러블레스(주최), 밴드 러블레스(주관)",,
5294395,"롤링 25주년 기념 공연 vol.5, 다린 토크콘서트",대중음악,대중가요,다린,,"롤링홀(주최), 롤링홀(주관)",,
5294809,"롤링 25주년 기념 공연 vol.6, 프롬＆1415",대중음악,대중가요,,,"롤링홀(주최), 롤링홀(주관)",,
5295512,빈 소년 합창단 신년음악회 [전주],서양음악(클래식),성악,,,(주)원앤원엔터테인먼트(주최),,
5295828,피노키오 [대구],뮤지컬,뮤지컬,,,"(주)어울림이엔티(주최), (주)어울림이엔티(주관)",,
5296491,고추장 떡볶이,뮤지컬,뮤지컬,"손현정, 이상근, 박한돌, 박두희, 김지윤, 이동호","김민기, 정재일",학전(제작사),,
5298922,아기돼지 삼형제 외 1편 [대구],뮤지컬,뮤지컬,,"현주은, 채희준","극단 무지개(주최), 극단 무지개(주관)",,
5315713,제25회 김포필하모닉유스오케스트라 정기연주회,서양음악(클래식),기악,"기영호, 신효정, 권서진, 오혜인",,(사)김포필하모닉오케스트라(주최),,
5325403,오늘이,연극,연극,"장문영, 고형준, 류제원, 정성진, 현혜선","김기정, 정수미, 김영호 등","극단 같이가치(주최), 극단 같이가치(주관), 극단 같이 가치(주관), 극단 같이 가치(주최)",김기정,
5325417,누가 내머리에 똥쌌어? [용인],뮤지컬,뮤지컬,,,"극단 나눔(주관), 극단 나눔(주최)",,
5330266,제558회 부산시립교향악단 정기연주회: 신년음악회,서양음악(클래식),기악,"최수열, 김이정, 양욱진, 이미연, 서선영 등",,(재)부산문화회관(주최),,
5333064,제257회 부천필하모닉오케스트라 정기연주회,서양음악(클래식),기악,"마틴 푹스베르거, 이범주 등",,"부천시청(부천시립예술단)(주최), 부천시청(부천시립예술단)(주관)",,
5333122,제269회 수원시립교향악단 정기연주회,서양음악(클래식),기악,최희준 등,,수원시립예술단(주최),,
5336542,장문영 바이올린 독주회,서양음악(클래식),기악,"장문영, 김민정",,이든예술기획(주최),,
5336943,김선옥 피아노 독주회,서양음악(클래식),기악,김선옥,,예인예술기획(주최),,
5337383,제10회 아리수 가곡제,서양음악(클래식),성악,"임청화, 김지현, 이윤숙, 서활란, 신승아, 김성혜, 이현 등",김정주,"아리수사랑(주관), 아리수사랑(주최), (주)서울문화사(주최)",,
5338049,피아니스트 이주희 리사이틀,서양음악(클래식),기악,이주희,,"음악교육신문(주최), 음악교육신문사(주최)",,
5338917,바다탐험대 옥토넛: 불가사리의 모험 [오산],뮤지컬,뮤지컬,,,"(주)오름기획(주최), (주)오름기획(주관), (주)전공이엔티(주최), (주)전공이엔티(주관), 초록공간문예기획단(주최), 초록공간문예기획단(주관)",,
5341416,장화신은 고양이 [부산],뮤지컬,뮤지컬,"한수정, 최강열, 최지인, 백승훈, 강대웅, 김예진","한수정, 김현주, 박지호 등","극단 레미.레오(기획사), 극단 레미.레오(주최)",,
5355542,박종성 하모니카 리사이틀 [광주],서양음악(클래식),기악,"박종성, 조영훈",,"(주)뮤직앤아트컴퍼니(주최), (주)뮤직앤아트컴퍼니(주관)",,
5355996,폴,뮤지컬,뮤지컬,"유승현, 김현진, 이세령, 이현진, 박란주, 송영미, 김대현 등","허연정, 송휘성, 박슬기 등","탄탄(제작사), 탄탄(기획사)",,
5356805,BRAVO VINCENT: 별이 빛나는 밤에 [대구],대중음악,기타,"민우혁, 김순영, 박송권, 서동진",,"JK아트컴퍼니(주관), 대구광역시 서구문화회관(주최)",,
5364293,바리톤 정경의 정신나간 작곡가와 키스하다 시즌4,서양음악(클래식),성악,정경,,"(사)오페라마 예술경영 연구소(주최), (사)오페라마 예술경영 연구소(주관)",,
5364295,골든차일드 1st CONCERT: FUTURE AND PAST,대중음악,대중가요,,,"빅픽쳐라이브프러덕션(주최), 빅픽쳐라이브프러덕션(주관)",,
5392721,제30회 유재하 음악경연대회 입상자 기념공연,대중음악,대중가요,,,"afternoon records(애프터눈)(주최), CJ문화재단(주관)",,
5392837,불고기디스코1st EP 쇼케이스: 불놀이,대중음악,대중가요,,,"불판기획(주최), 불판기획(주관)",,
5392950,방귀쟁이 며느리 [광주 월드컵],뮤지컬,뮤지컬,"김진영, 유태강, 김효선, 서석진, 안자영, 강수창","강수창, 김현주, 이실 등",극단 레미.레오(주최),,
5396885,킁킁콘서트 X 루시드 폴: 너와 나,대중음악,대중가요,루시드폴,,"파랑새극장(기획사), 파랑새극장(주관)",,
5397013,제350회 광주시립교향악단 정기연주회,서양음악(클래식),기악,"권민석, 임현정 등",,"광주시립교향악단(주관), 광주문화예술회관(주최)",,
5398849,벤 전국투어 콘서트 [광주],대중음악,대중가요,,,"(주)공연마루(주관), (주)제이지스타(주최), (주)컬쳐팩토리_삭제(주최), (주)컬쳐팩토리(주최)",,
5400286,제58회 과천시립교향악단 기획연주회,서양음악(클래식),기악,"한상일, 서진, 박수진 등",,"과천시립예술단(주관), 과천시청(주최)",,
5400802,얼티밋 콜드플레이 내한공연,대중음악,대중가요,,,더드림오토리스(주최),,
5401944,KIM JAE JOONG Asia Tour Concert [서울],대중음악,대중가요,김재중,,"씨제스컬처 ((주)씨제스엔터테인먼트)(주최), 씨제스컬처 ((주)씨제스엔터테인먼트)(주관)",,
5421358,"현대카드 슈퍼콘서트 25, 퀸",대중음악,대중가요,,,"현대카드(주최), (주)에이아이엠(주관)",,
5471437,대전시립교향악단 디스커버리시리즈3,서양음악(클래식),기악,"류명우, 김필균, 구민영, 서필 등",,"대전시립교향악단(주관), 대전광역시청(주최), 우송예술회관(주관)",,
5471473,이소라 콘서트 [대전],대중음악,대중가요,이소라,,"(주)공연마루(주관), 지오엠미디어(주관), (주)인터파크(주최)",,
5472927,썸 나이츠,무용(서양/한국무용),현대무용,,,몰레 엔터테인먼트(주관),,
5486717,"마리아칼라스홀 초청연주 시리즈, 알레스트링 콰르텟의 New Year’s Concert",서양음악(클래식),기악,"권기혜, 조현지, 최주영, 신미림",,제이아트(주최),,
5486976,경기필 초청 신년음악회,서양음악(클래식),기악,"정나라, 문정재, 정주희, 국윤종 등",,"한국소리문화의전당(주최), (학)우석학원(주최)",,
5488472,제2회 전주시 어린이 예술단 정기연주회,서양음악(클래식),기악,"성준홍, 이민주 등",김진수,루 공연기획(주관),,
5488569,신년음악회 [인천],서양음악(클래식),기악,"이병욱, 윤상아, 박승주 등",,인천시립교향악단(주최),,
5489956,VOICE OF THE MASTERS [인천],대중음악,기타,"차지연, 양준모, 김주택, 정필립, 한태인, 아리현, 김광현 등",,"인천광역시(주최), 인천문화예술회관(주관)",,
5492197,누가 내 머리에 똥 쌌어? [인천],뮤지컬,뮤지컬,,,"플러스 기획(주관), 극단 복주머니(주최)",,
5495028,뷰티풀라이프 [전주],연극,연극,"조준, 김원진, 김진호, 유태건, 이미정, 김가현, 정휘욱",,"한해랑아트홀(극단 한해랑)(주최), 한해랑아트홀(극단 한해랑)(주관)",,
5495265,"코리안 영 피아니스트 시리즈, 최형록 피아노 리사이틀",서양음악(클래식),기악,최형록,,"MOC프로덕션(목프로덕션)(주관), 천주교 서울대교구 주교좌 명동대성당(주최)",,
5495411,LOOK: Second Sight,무용(서양/한국무용),현대무용,"김관지, 박수영",박선유,"몽규프로덕션(MON Q PRODUCTION)(제작사), 몽규프로덕션(MON Q PRODUCTION)(주최)",,
5495419,홍대광 소극장 콘서트: 내 목소리가,대중음악,대중가요,홍대광,,"디어라이트뮤직(주최), 디어라이트뮤직(주관)",,
5496718,솜씨발표회,한국음악(국악),기악,,,국립국악원(주최),,
5507921,벌거벗은 임금님 [대전],뮤지컬,뮤지컬,"한승우, 조성준, 박귀화, 이준목, 정다운","박귀화, 김현주, 박지호 등",극단 레미.레오(주최),,
5522015,우영욱 플루트 독주회,서양음악(클래식),기악,"우영욱, 홍청의, 안명주",,"엘림아트센터(주최), 엘림아트센터(주관)",,
5522101,신년 음악회,한국음악(국악),기악,"신동일, 양제인, 정인성 등","김대성, 정일련, 손다혜 등",국립극장(제작사),,
5525014,에라토 앙상블의 소아암 환우를 위한 신년 자선음악회,서양음악(클래식),기악,"정의근, 김호정, 함지민, 심선민, 주보라 등",양성식,"지클레프(주관), 에라토 앙상블(주최)",,
5525092,빈 소년 합창단 신년음악회 [서울],서양음악(클래식),성악,마놀로 까닌 등,,"롯데문화재단(주관), 롯데문화재단(주최)",,
5531061,신년음악회: 비엔나 왈츠 오케스트라,서양음악(클래식),기악,"산드로 쿠투렐로, 조야 페트로바 등",,"브라보컴(주최), 브라보컴(주관)",,
5531865,마음에 쏙 드는 엄마를 원하세요? [평촌],뮤지컬,뮤지컬,,"노현희, 심완, 강원래 등","좋은사람들(주관), 아이에이치컬쳐(IH Culture)(주관)",,
5535105,피해의식 단독공연,대중음악,대중가요,,,(주)러브락(주관),,
5535178,HIPHOPPLAYA SHOW Vol. 60,대중음악,대중가요,,,"웨스트브릿지엔터테인먼트(주최), 웨스트브릿지엔터테인먼트(주관)",,
5535945,제20회 11시 토요 실내악 흰물결 콘서트,서양음악(클래식),기악,"이신규, 노원빈, 이지행, 조용우",,흰물결아트센터(주최),,
5537361,AKMU CONCERT: 항해 [부산],대중음악,대중가요,,,"(주)전공이엔티(주관), YG ENTERTAINMENT(와이지 엔터테인먼트)(주최), (주)타입커뮤니케이션(주최)",,
5545131,"서울 아시테지 겨울축제, 체어, 테이블, 체어",뮤지컬,넌버벌 퍼포먼스,"김희명, 최대성, 우석훈, 임동주, 심재성, 우쿠다 마사시","김희명, 박동일, 최대성 등","(사)국제아동청소년연극협회 한국본부(아시테지)(주관), (사)국제아동청소년연극협회 한국본부(아시테지)(주최)",,
5559241,Overlook: Overwatch,무용(서양/한국무용),현대무용,"이나겸, 임다운, 원채리, 노화연, 박신영, 이유림, 정소희 등","최진한, 최혜원, 김철희 등","댄스프로젝트 Tan Tanta Dan(주최), 댄스프로젝트 Tan Tanta Dan(주관)",,
5563708,몬스타엑스 FANCON: MX HOME PARTY,대중음악,대중가요,,,"(주)CJ ENM(주최), (주)CJ ENM(주관), (주)스타쉽엔터테인먼트(주최), (주)스타쉽엔터테인먼트(주관)",,
5576353,제173회 대전시립연정국악원 국악연주단 정기공연,한국음악(국악),기악,"이용탁, 한영애, 남창동 등",,"대전시립연정국악원(주관), 대전광역시청(주최)",,
5578958,제로,무용(서양/한국무용),현대무용,"권혁, 이학, 임희종","이재영, 안지형, 권혁 등",시나브로 가슴에(company SIGA)(제작사),,
5579666,엘사의 겨울이야기 [미아],뮤지컬,뮤지컬,,,"아이에이치컬쳐(IH Culture)(주관), 문화공작소 조이(주최), 에스앤씨컴퍼니(주최)",,
5584402,빈 필하모닉 신년음악회,서양음악(클래식),기악,안드리스 넬슨스 등,,"(재)재능문화 문화예술국(주최), (재)재능문화 문화예술국(주관)",,
5584584,혹부리 할아버지 [광주 수완],뮤지컬,뮤지컬,,,"극단 레미.레오(기획사), 극단 레미.레오(주최)",,
5585752,소상덕 트리오 ＆ 이나겸,대중음악,재즈/월드뮤직,"소상덕, 구교진, 조남열, 나겸",,디엔와이컴퍼니(주최),,
5586356,마흔즈음에: 김광석을 노래하다 [서울],뮤지컬,뮤지컬,채환,,"희파소울(제작사), 희파소울(주최), 희파소울(주관)",,
5587961,팬텀 오브 클래식 [익산],대중음악,기타,,,"익산예술의전당(주관), 익산시청(주최)",,
5591092,알리바바와 도둑들 [서울 금천],뮤지컬,뮤지컬,,,극단 레미.레오(제작사),,
5591102,프리프링 마리의 마법학교 대모헙 [경기],뮤지컬,뮤지컬,,,신세계 문화홀 [경기](주최),,
5592535,너라는 부모,연극,연극,"김택민, 장성실","서현제, 변지민, 한재현 등",극단 산들이 움직인다(주최),공동창작,
5592599,"MPMG WEEK, live THEY: 권순관, 이민혁, 장희원, 조소정",대중음악,대중가요,"권순관, 이민혁, 장희원, 조소정",,"(주)Master Plan Music Group(MPMG, 엠피엠지)(주최), 민트페이퍼(주관)",,
5592900,"MPMG WEEK, live THEY: 램씨, 소란, 솔루션스",대중음악,대중가요,,,"(주)Master Plan Music Group(MPMG, 엠피엠지)(주최), 민트페이퍼(주관)",,
5593496,"MPMG WEEK, live THEY: SURL, 쏜애플, 아월",대중음악,대중가요,,,"(주)Master Plan Music Group(MPMG, 엠피엠지)(주최), 민트페이퍼(주관)",,
5642873,기리보이 치명적인 앨범 Ⅲ 발매 기념 공연,대중음악,대중가요,기리보이,,"저스트뮤직(주최), 저스트뮤직(주관)",,
5662570,내일은 미스트롯 전국투어 콘서트: 청춘 [안동],대중음악,대중가요,"홍자, 송가인, 정미애, 정다경, 숙행, 박성연, 김소유 등",,"(주)컬쳐팩토리_삭제(주관), TV조선(주최), 포켓돌스튜디오(주최), (주)컬쳐팩토리(주관)",,
5669794,천안예술의전당 신년음악회,서양음악(클래식),기악,"서훈, 황수미, 김주택, 백현호 등",,"(재)천안문화재단(천안예술전당)(주최), 천안예술의전당(주최)",,
5671894,STAREX 3rd Anniversary Concert,대중음악,대중가요,,,"STAREX(주최), STAREX(주관)",,
5675962,신년음악회 [군포],서양음악(클래식),기악,"장윤성, 이정란, 조성호 등",,"(재)군포문화재단(군포문화예술회관)(주최), (사)군포프라임필하모닉오케스트라(주관)",,
5676872,미스트,뮤지컬,뮤지컬,"최현우, 김려원, 정민, 정원영, 김종구, 안재영, 손유동 등","이헌재, 이은영, 남지영 등","(주)더 웨이브(제작사), (주)더 웨이브(주최)",,
5679325,내일은 미스트롯 전국투어 콘서트: 청춘 [고양],대중음악,대중가요,"송가인, 정미애, 홍자, 정다경, 숙행, 박성연, 김소유 등",,"(주)컬쳐팩토리_삭제(주관), TV조선(주최), 포켓돌스튜디오(주최), (주)컬쳐팩토리(주관)",,
5692264,폴 포츠 내한공연 [양산],서양음악(클래식),성악,폴 포츠 등,,"(주)좋은콘서트(주최), (주)케이팝뱅크(주관), (주)좋은콘서트(제작사), (주)메이드림미디어(제작사)",,
5700079,해님달님 [대전],뮤지컬,뮤지컬,"김재인, 황라원, 이윤정, 김혜란, 박찬영","편진아, 김현주, 박지호 등","가족뮤지컬극단 오즈(제작사), 가족뮤지컬극단 오즈(기획사)",,
5700136,"서울 아시테지 겨울축제, 길 위의 고양이",뮤지컬,악극,"김수아, 최수진, 공병준","공병준, 김민후, 최재영 등","(사)국제아동청소년연극협회 한국본부(아시테지)(주관), (사)국제아동청소년연극협회 한국본부(아시테지)(주최)",,
5702685,치링치링 시크릿 쥬쥬 시즌2: 별의 여신 [부산],뮤지컬,뮤지컬,,,"DS뮤지컬컴퍼니(제작사), 영실업(제작사), 동그라미 그리기(주최)",,
5707597,김범수 콘서트: The Classic [춘천],대중음악,대중가요,김범수,,"(주)딜라잇컴퍼니(제작사), (주)공연마루(주최), 영엔터테인먼트(제작사)",,
5714553,박강수 소극장콘서트 [서울],대중음악,대중가요,박강수,,베짱이홀(주최),,
5714677,금비은비도깜작놀란 마술콘서트 [양평],서커스/마술,서커스/마술,,,"극단 서하(제작사), 극단 서하(기획사)",,
5715218,MPMG WEEK: Another Nice Day ＃25,대중음악,대중가요,,,"(주)Master Plan Music Group(MPMG, 엠피엠지)(주최), 민트페이퍼(주관)",,
5715366,Yang Bro & Friends ＃1,대중음악,재즈/월드뮤직,,,(주)한국폼텍(주최),,
5719724,평강공주와 온달바보,연극,연극,,,이야기꾼의 책공연(주최),,
5719895,Musica ex Machina: 기계장치의 음악,서양음악(클래식),기악,"김규리, 윤현종, 이호석",,(유)롤랑(ROLLAND)(주최),,
5719936,THE ILLUSION [대전],서커스/마술,서커스/마술,이은결,,"눈사람 엔터테인먼트(주관), 대전MBC(주최)",,
5726087,여기살아요,연극,연극,,"명종환, 한원균, 이희원 등","국악뮤지컬집단 타루(주최), 국악뮤지컬집단 타루(주관)","이혜원, 정종임, 송보라, 서어진",
5726176,설렘주의,대중음악,대중가요,"백아, 달리 등",,스튜디오백(주최),,
5726229,"잘 자요,",연극,연극,"김다빈, 류원경, 안선정, 조아해",,프로젝트 팀 청사진(주최),,
5727156,KK 2nd Album Release Tour: RUTSUBO,대중음악,대중가요,카미키타 켄,,(주)제이박스엔터테인먼트(주관),,
5728057,신데렐라 [성수],뮤지컬,뮤지컬,,,"극단 바투(주관), 은혜엔터테인먼트(주최)",,
5728075,Winter Nostalgia,서양음악(클래식),기악,"신아현, 정승원, 김예라",,통의동클래식(주최),,
5728077,제127회 아트엠콘서트,서양음악(클래식),기악,"김현미, 김상진, 우지연, 오윤주",,(주)아트엠플러스(주관),,
5728298,폴 포츠 내한공연 [광주],서양음악(클래식),성악,폴 포츠 등,,"(주)좋은콘서트(주최), (주)케이팝뱅크(주관), (주)좋은콘서트(제작사), (주)메이드림미디어(제작사)",,
5728654,"아름다운 목요일, 금호아트홀 신년음악회: 이지윤 바이올린 벤 킴 피아노",서양음악(클래식),기악,"이지윤, 벤킴",,(재)금호아시아나문화재단 (금호문화재단)(주최),,
5728888,"금호영재콘서트, 고린 하프 독주회",서양음악(클래식),기악,고린,,(재)금호아시아나문화재단 (금호문화재단)(주최),,
5728928,"금호영체임버콘서트, 도토 브라스 퀸텟 연주회",서양음악(클래식),기악,"박지민, 김보라, 신민규, 황보건",,(재)금호아시아나문화재단 (금호문화재단)(주최),,
5728984,신비한 놀이터 [수원],서커스/마술,서커스/마술,"현병수, 김민형, 이권형",,미리내마술극단(주최),,
5734329,난장곡간,대중음악,대중가요,,,"(주)램프(주관), 광주문화방송(주)(광주MBC)(주관), 광주문화방송(주)(광주MBC)(주최)",,
5734616,열정과 냉정사이 [창원],연극,연극,"이경진, 허석민, 임민경",,(주) 위너스아트컴퍼니(제작사),,
5734899,"창작산실, 완창판소리프로젝트2: 강산제 수궁가",한국음악(국악),성악,"조원석, 성슬기 등",,"입과손스튜디오(주관), 한국문화예술위원회(주최)",,
5735502,"서울 아시테지 겨울축제, 공상물리적 춤",무용(서양/한국무용),현대무용,"주하영, 주희, 김은경, 김승록, 박명훈, 밝넝쿨","밝넝쿨, 김인식, 염진솔 등",(사)국제아동청소년연극협회 한국본부(아시테지)(주관),,
5736078,"창작산실, 팔음",한국음악(국악),기악,"이아람, 황민왕, 최인환, 성시영 송영인, 박혜연, 이영은 등","이아람, 송영인, 정혜리 등","음악그룹 나무(주관), 한국문화예술위원회(주최)",,
5736963,환상버블여행,서커스/마술,서커스/마술,,,(주)블루매직엔터테인먼트(주최),,
5737477,바리톤 김동규의 신년음악회,서양음악(클래식),성악,"김동규, 김나영, 고아라 등",,신세계 문화홀 [대구](주최),,
5737744,바이올리니스트 허희정의 키즈클래식: 가족이 함께하는 원더풀 뮤직,서양음악(클래식),기악,허희정 등,,신세계 문화홀 [대구](주최),,
5737754,장윤정 라이브 콘서트 [진주],대중음악,대중가요,장윤정,,"(주)우리기획(제작사), (주)MPLUS(엠플러스)(주관), (주)MPLUS(엠플러스)(주최)",,
5753166,두만이 태만이,연극,연극,"곽두환, 최윤범, 김태영, 이시형","곽두환, 이상원, 고영철 등","극단 그림일기(제작사), (주)바람엔터테인먼트(기획사)",곽두환,
5754771,보잉보잉 [대구],연극,연극,,,"(주)비컨크리에이티브(기획사), (주)비컨크리에이티브(주최)",,
5768161,HYNN 박혜원 1st Live: LET ME IN,대중음악,대중가요,박혜원,,"(주)엔터테인먼트뉴오더(주최), (주)엔터테인먼트뉴오더(주관)",,
5769238,책먹는 여우 [청주],뮤지컬,뮤지컬,,,"극단 가람(가람뮤지컬)(제작사), 교육극단 파랑새(주관), 극단 가람(가람뮤지컬)(주최)",,
5770987,흰사과나무,뮤지컬,뮤지컬,,,신북문화예술공동체(주최),,
5771831,빌리빈 공연,대중음악,대중가요,,,빌리빈뮤직(주최),,
5771849,제임스 유 첼로 리사이틀 [서울],서양음악(클래식),기악,유상오,,"나래아트컴퍼니(주최), 나래아트컴퍼니(주관)",,
5857278,Apink 6th Concert: Welcome to PINK WORLD,대중음악,대중가요,,,"(주)플레이엠엔터테인먼트(기획사), (주)플레이엠엔터테인먼트(제작사), (주)카카오엔터테인먼트 (구. 카카오엠)(기획사), (주)카카오엔터테인먼트 (구. 카카오엠)(제작사)",,
5865726,ATEEZ World Tour The Fellowship : Map The Treasure,대중음악,대중가요,,,"(주)마이뮤직테이스트(주최), (주)마이뮤직테이스트(주관), (주)케이큐엔터테인먼트(주최), (주)케이큐엔터테인먼트(주관)",,
5873837,이승환 FALL TO FLY,대중음악,대중가요,이승환,,"(주)드림팩토리클럽(기획사), (주)드림팩토리클럽(주최)",,
5881460,BUMZU CONCERT: STUDIO,대중음악,대중가요,계범주,,"(주)플레디스엔터테인먼트(주최), (주)플레디스엔터테인먼트(주관)",,
5882667,김성규 Solo Concert: SHINE ENCORE,대중음악,대중가요,김성규,,"빅픽쳐라이브프러덕션(주최), 빅픽쳐라이브프러덕션(주관)",,
5898435,"안동 윈터 아트페스티벌, 드러머 김선중 판타스틱 듀오 콘서트",대중음악,대중가요,"김선중, 김영미, 이해숙, 권영환, 박찬정, 남미선",,"안동문화예술의전당 (평생학습원)(주최), 안동문화예술의전당 (평생학습원)(주관)",,
5898454,제18회 이원아발레아카데미 정기공연,무용(서양/한국무용),발레,"박소현, 전채연, 김지우, 이하은, 염하린, 이윤지, 송세빈 등","이원아, 강지연, 김정환 등",이원아발레아카데미(주최),,
5903942,한번 더 해요: 다시 시작할 수 있을까 [울산],연극,연극,"오세미, 유민정, 김늘매, 박준후, 이소연, 유미선, 이소금 등","이규린, 주지희, 김만식",(주)주다컬쳐(제작사),"홍승표, 김혜연",이규린(극본)
5911005,스페셜 갈라,무용(서양/한국무용),발레,"루치아 라카라, 매튜 골딩, 강효정, 제이슨 라일리, 최영규 등",,(재)유니버설문화재단(주최),,
5915756,외톨이들,연극,연극,"김동현, 최영도, 이갑선, 김여진, 정아람, 김설빈, 배소현 등","최원종, 이시원, 백지영 등","극단 명작옥수수밭(제작사), 아트 리버(Arts River)(기획사)",최원종,
5915940,우리는 이 도시에 함께 도착했다,연극,연극,"강혜련, 김원정","윤혜숙, 나희경, 김태령 등","극단 래빗홀씨어터(제작사), 페미씨어터(제작사), 플레이포라이프(Play for Life)(기획사)",강화길,
5916472,페드라,연극,연극,"위자현, 박동훈, 박경찬, 장준석, 김주원, 장영휘, 문준경","조명균, 문지아, 박경찬 등","연극집단 무공연마(제작사), 연극집단 무공연마(기획사)",장 라신,
5916524,맘마미아 [구미],뮤지컬,뮤지컬,"신영숙, 이수빈, 홍지민, 오기쁨, 남경주, 호산, 이현우 등",,"구미시(주최), 구미문화예술회관(주최), 구미시(주관), 구미문화예술회관(주관)",,
5921935,마터,연극,연극,"서진, 홍상용, 박찬서, 김란희, 문법준, 심재완, 전주영 등","하동기, 이은서, 신동선 등",극단 백수광부(주최),마리우스 폰 마이엔부르크,
5922054,열정과 냉정 사이 [부산],연극,연극,,,"(주) 위너스아트컴퍼니(기획사), (주) 위너스아트컴퍼니(주최)",,
5922280,안녕바다 첫 단독공연: 새해복많이바다,대중음악,대중가요,,,"구름속의사람들(주최), 구름속의사람들(주관)",,
5922418,신데렐라 [구리],뮤지컬,뮤지컬,,,롯데백화점 [구리](제작사),,
5922489,키다리 아저씨 [대구],뮤지컬,뮤지컬,"유주혜, 강지혜, 이아진, 송원근, 강필석, 김지철","박소영, 주소연, 최영은 등","달컴퍼니(제작사), 대구MBC(주최), 대구MBC(주관), (주)파워포엠(주최), (주)파워포엠(주관)",,
5946141,제316회 대전시립교향악단 정기연주회,서양음악(클래식),기악,"최수열, 크리스텔 리 등",,"대전시립교향악단(주관), 대전광역시청(주최), 대전MBC(주최)",,
5946304,소프라노 박영자 독창회,서양음악(클래식),성악,"박영자, 이정수, 김국한",,나무예술기획(주관),,
5946322,제14회 디가디가 타악기앙상블 정기연주회,서양음악(클래식),기악,,,"디가디가 타악기 앙상블(주최), 디가디가 타악기 앙상블(주관)",,
5947168,김종국 콘서트: 진국 [대구],대중음악,대중가요,김종국,,"(주)딜라잇컴퍼니(제작사), 제이케이 이엔티 (JK ENT)(제작사), (주)밝은누리(주최), (주)공연마루(주최)",,
5951058,트윈스,뮤지컬,뮤지컬,"박일곤, 금보미",,"베리컴퍼니(주최), 베리컴퍼니(주관)",,
5951098,길구봉구 첫 번째 전국투어 콘서트 [부산],대중음악,대중가요,,,"(주)아이월드컴퍼니(주최), (주)아이월드컴퍼니(주관)",,
5965148,백지영 전국투어 콘서트: BAEK STAGE [대전],대중음악,대중가요,백지영,,"(주)제이제이팩토리(제작사), (주)트라이어스엔터테인먼트(제작사), (주)밝은누리(주관), TBC(주관), TJB 대전방송(주최)",,
5969283,귀르가즘 콘서트,대중음악,대중가요,장효진,,"(주)아프리카TV(주최), (주)아프리카티비(주최)",,
5969477,이연숙 & Friends,대중음악,대중가요,"이연숙, 김성수, 오종대, 이한얼, 박윤우",,"(재)이도문화재단(주최), 더노라 스테이지와이(주관)",,
5969557,케이윌 전국투어 콘서트: THE K.WILL [성남],대중음악,대중가요,,,"(주)스프링이엔티(주관), (주)스타쉽엔터테인먼트(주최), (재)성남문화재단(주최)",,
5988480,제209회 울산시립교향악단 정기연주회,서양음악(클래식),기악,"니콜라이 알렉세예프, 지성호, 안드레이 도가딘 등",,"울산시립예술단(주관), 울산광역시청(주최)",,
5989173,번개맨: 검은 번개맨의 정체는?,뮤지컬,뮤지컬,,,"(주)하늘이엔티(제작사), 마장뮤직앤픽처스(제작사), EBS미디어(주)(제작사), EBS미디어(주)(주최), (주)하늘이엔티(주관), 마장뮤직앤픽처스(주관)",,
6002737,아기돼지 삼형제 [부산],뮤지컬,뮤지컬,,,"동그라미 그리기(제작사), 극단 바위처럼(주최), 동그라미 그리기(주관)",,
6003805,김범수 콘서트: The Classic [수원],대중음악,대중가요,김범수,,(주)딜라잇컴퍼니(제작사),,
6007023,알사탕 [수원],뮤지컬,뮤지컬,,"백희나, 전수양, 장희선 등",할리퀸크리에이션즈(주)(제작사),,
6048129,제776회 전라남도립국악단 토요공연: 남도풍류,한국음악(국악),혼합,,,"(재)전라남도문화관광재단(도립국악단)(기획사), (재)전라남도문화관광재단(도립국악단)(주최)",,
6048191,정복TV: 오늘의한끼 [창원],연극,연극,"박현민, 이성호, 정성민, 박재경","이성호, 장민호, 이정규 등","(주)예술공장(기획사), (주)예술공장(주최)",박현민,
6048202,"롤링 25주년 기념 공연 vol.9,  SAAY & MOON X Jiselle",대중음악,대중가요,,,"롤링홀(주최), 롤링홀(주관)",,
6048628,"롤링 25주년 기념 공연 vol.10, 램씨 & 가호",대중음악,대중가요,"램씨, 가호",,"롤링홀(주최), 롤링홀(주관)",,
6048760,"롤링 25주년 기념 공연 vol.11,  W24 단독 콘서트",대중음악,대중가요,,,"롤링홀(주최), 롤링홀(주관)",,
6049017,"롤링 25주년 기념 공연 vol.12, 조한결 단독 콘서트",대중음악,대중가요,조한결,,"롤링홀(주최), 롤링홀(주관)",,
6064152,브라더스 까라마조프,뮤지컬,뮤지컬,"김주호, 심재현, 최영우, 서승원, 조풍래, 이형훈, 유승현 등",,"과수원뮤지컬컴퍼니(제작사), 과수원뮤지컬컴퍼니(주최)",,
6065924,응원이 필요해! (앵콜),연극,연극,"이성경, 박정근, 변영후, 김윤정, 이채, 김희상, 이동규 등","박종상, 장익렬, 배은수 등",극단 가교(제작사),오채민,
6065925,플랫폼,뮤지컬,뮤지컬,"박형준, 김지환, 윤태유, 김현지, 정유원, 이채영","김지환, 허수현, 김하얀 등","흐름컴퍼니(제작사), (주)바람엔터테인먼트(기획사)",,
6071220,흔한남매: 엄마의 꿈을 지켜라!,뮤지컬,뮤지컬,,"김철현, 윤성민, 정윤지 등",DS뮤지컬컴퍼니(제작사),,
6082101,부산시립국악관현악단 신년음악회,한국음악(국악),성악,,,"(재)부산문화회관(주최), 부산시립예술단(주관)",,
6083257,김필 콘서트: COLOURS [부산],대중음악,대중가요,김필,,"(주)CJ ENM(제작사), 스톤뮤직엔터테인먼트(제작사), (재)부산문화회관(주최), (주)월드쇼마켓(주최)",,
6085692,김대환 김도연 바이올린 비올라 듀오 리사이틀 [부산],서양음악(클래식),기악,"김대환, 김도연",,"아트뱅크코레아(주최), 아트뱅크코레아(주관)",,
6085704,헬로우 미스 미스터 [대구],연극,연극,,,(주)비컨크리에이티브(제작사),,
6086197,안산중앙신협과 함께 하는 평생어부바 콘서트,대중음악,기타,,,"(재)안산문화재단(기획사), (재)안산문화재단(주최), (재)안산문화재단(안산문화예술의전당)(주최), (재)안산문화재단(안산문화예술의전당)(기획사)",,
6087360,코다,연극,연극,"김연진, 조성규, 박지현, 전진경, 백채린, 장명훈, 임예진","장지은, 김혜지, 김용호 등",교육극단 퍼포밍아트(구. 극단 이수)(주최),장지은,
6087433,꿀벌마야의 모험 [의정부],뮤지컬,뮤지컬,,,극단 상상마당컴퍼니(주최),,
6087439,하얀이와 충치마왕 [의정부],뮤지컬,뮤지컬,,,극단 파란소금(주최),,
6087451,"DJ Soulscape Curated 16, 가볍고 수많은",대중음악,대중가요,백현진,,"파운데이션(주최), 파운데이션(기획사)",,
6089453,까마귀,서양음악(클래식),오페라,"양석진, 강혜명, 최영신, 장성일, 한은혜, 이정은, 서필 등","이강호, 이회수, 구모영 등","(사)라벨라오페라단(주관), 한국문화예술위원회(주최)",,
6090645,여명의 눈동자 [서울],뮤지컬,뮤지컬,"김지현, 최우리, 박정아, 테이, 온주완, 오창석, 마이클리 등","변숙희, 노우성, 지인우 등","(주)수키컴퍼니(제작사), (주)수키컴퍼니(주관), (주)제네픽엔터테인먼트(주관), MBC(주관), (주)수키컴퍼니(주최), (주)제네픽엔터테인먼트(주최), MBC(주최)",,
6112142,박수진 피아노 독주회,서양음악(클래식),기악,박수진,,예인예술기획(주최),,
6112559,제3회 카시아클랑 정기연주회,서양음악(클래식),기악,"원현정, 현아람, 정영하, 나지현, 엄주리, 이지현, 김정경 등",,이든예술기획(주최),,
6113082,김소원 피아노 독주회,서양음악(클래식),기악,김소원,,조인클래식(주최),,
6113526,이경아 피아노 독주회,서양음악(클래식),기악,이경아,,예인예술기획(주최),,
6113808,이성하 피아노 독주회,서양음악(클래식),기악,이성하,,지클레프(주최),,
6114266,문지형 첼로 독주회,서양음악(클래식),기악,"문지형, 이윤수",,예인예술기획(주최),,
6114706,제4회 한국플루트학회 신인음악회,서양음악(클래식),기악,"강초롱, 곽지승, 유승재, 윤지영, 이미림, 이수민, 최새롬",,예인예술기획(주관),,
6115339,레일을 따라 붉은 칸나의 바다로,연극,연극,,,"이언시 스튜디오(제작사), 이언시 스튜디오(주최)",김지나,
6115686,"창작산실, 김부장의 죽음",서양음악(클래식),오페라,"허철, 임희성, 권수빈, 김보혜, 이규철, 최성수, 신승아 등","허철, 오예승, 신영선 등","오페라뱅크(주관), 한국문화예술위원회(주최)",,
6116444,천일야화: 알라딘,무용(서양/한국무용),현대무용,,"안유진, 김미선, 정성준 등",(사)한국실용무용연합회(주최),,
6138822,판타스틱 뮤지컬 콘서트,뮤지컬,뮤지컬,"이지훈, 전동석, 손준호, 민우혁",,"(주)신스웨이브(주최), (주)신스웨이브(주관), Liz＆Mike(주최), Liz＆Mike(주관)",,
6146239,HYUKOH  WORLD TOUR [서울],대중음악,대중가요,혁오,,"(주)CJ ENM(주최), (주)CJ ENM(주관), (주)두루두루아티스트컴퍼니(주최), (주)두루두루아티스트컴퍼니(주관)",,
6183654,찔레꽃 [광명],뮤지컬,악극,"전원주, 최주봉, 황범식, 나기수, 이상민, 유지연, 이창익 등","허현호, 이창익, 유승봉 등","한국악극보존회(제작사), (재)광명문화재단(주최), (재)광명문화재단(주관)",,
6185944,장수상회 [광주],연극,연극,"이순재, 신구, 손숙, 박정수, 강성진, 김보현, 김지민 등",,"(유)장수상회문전사(제작사), 극단 코스모스(주관)",,
6188727,어린왕자 [문산],뮤지컬,뮤지컬,,,"파주시시립예술단(주관), 파주시청(주최)",,
6189577,이탈리아 오카리나 7중주 그룹 MOG 내한공연 [서울],서양음악(클래식),기악,"에밀리아노 베르나고찌, 이병구, 이혜경, 백아미 등",,"오엠예술기획(주최), 오엠예술기획(주관)",,
6189737,종로예술극장,연극,연극,"임윤비, 홍수영, 이양호, 고현준, 길정석, 제은빈, 유일리",성천모,종로예술극장(주최),성천모,
6189781,당신이 바로 보이스퀸전국 투어 콘서트 [서울],대중음악,대중가요,,,(주)우리기획(제작사),,
6201430,우리 노래방 가서... 얘기 좀 할까?,연극,연극,"진선규, 김민재, 차용학, 유지연, 정연, 오의식, 윤석현 등","민준호, 안혁원, 김용천 등",공연배달서비스간다(주최),민준호,
6208825,금잔디 효 콘서트: 오라버니 [대전],대중음악,대중가요,금잔디,,"(주)해드리운(주관), (주)해드리운(주최)",,
6210053,유현수 피리 독주회,한국음악(국악),기악,"유현수, 이예진, 최영진, 김화복, 나인국, 권영선","이성천, 김요섭, 이예진 등","영산아트홀(주최), 영산아트홀(주관)",,
6210303,홍주희 가야금 독주회,한국음악(국악),기악,"홍주희, 유현수, 김유선, 주지영",,"영산아트홀(주최), 영산아트홀(주관)",,
6210503,루디아,서양음악(클래식),성악,"엘리강, 제갈소망, 황광선, 김경희, 정유진, 김은혜, 조인영 등",,"(주)중앙아트 제이엔에이뮤직(주최), (주)중앙아트 제이엔에이뮤직(주관)",,
6210985,제37회 젊은이의 음악제,서양음악(클래식),기악,"김정민, 노시영, 노시온, 노지윤, 박찬형, 신서율, 안솔희 등",,(주)음연(주최),,
6211005,사랑해요 예쁜말,뮤지컬,뮤지컬,,,제이퍼펫(주최),,
6224357,대학가요제 REMEMBER CONCERT [전주],대중음악,대중가요,"김학래, 이재성, 우순실, 김장수, 원미연, 이정석, 조갑경 등",,"(주)씨비에스아이(기획사), (주)씨비에스아이(주최)",,
6226560,"Select shop concert, 십센치X소란 [전주]",대중음악,대중가요,10CM 등,,"(주)MPLUS(엠플러스)(주최), (주)창라이프(주관)",,
6232729,AKMU CONCERT: 항해 [인천],대중음악,대중가요,,,"(주)창라이프(주관), (주)타입커뮤니케이션(주최), YG ENTERTAINMENT(와이지 엔터테인먼트)(주최)",,
6238777,아비,연극,연극,"이일섭, 하미혜, 김영, 김예기, 김동일, 최우성, 김미나 등","정일성, 강석훈, 송훈상 등","창작공간 스튜디오 블루(주관), 한국문화예술위원회(주최), (사)한국연극협회(주관), 극단 미학(주관)",김광탁,
6239192,햄릿 in the rain,연극,연극,"엄태훈, 이춘희, 박창순, 송은지, 엄태준, 마광현, 강지완 등","이수인, 엄태훈, 박찬호 등","극단 떼아뜨르 봄날(기획사), 극단 떼아뜨르 봄날(주최)",,
6239263,오왠 솔로 콘서트: 독백,대중음악,대중가요,오왠,,"(주)디에이치플레이엔터테인먼트(주최), (주)디에이치플레이엔터테인먼트(주관)",,
6239781,지영훈 단독 콘서트: WARM WILD WINTER,대중음악,대중가요,지영훈,,"인서트(주최), 인서트(주관)",,
6239815,"극장전, 고독한 씻김",연극,연극,이승우,"이승우, 박상현, 강유중 등","극단적인승우(제작사), 극단 여행자(주최)",이승우,
6239865,"THE PLAY, 세자매",연극,연극,"김영찬, 박화진, 이승훈, 이윤상, 이봉근, 최담, 최지은 등","김태수, 최승열, 김현주 등","극단 완자무늬(주최), 극단 76단(주최), 극단 동숭무대(주최)",안톤 체호프,최지은(대본)
6239887,"THE PLAY, 엔드게임",연극,연극,"정재진, 이재희, 하성광, 김규도","기국서, 오세곤, 박성찬 등","극단 76단(주최), 극단 완자무늬(주최), 극단 동숭무대(주최)",사무엘 베케트,
6239910,프리버드 라이브홀 25주년 기념 콘서트,대중음악,대중가요,,,"비브이 엔터테인먼트 (BV Entertainment)(주최), 비브이 엔터테인먼트 (BV Entertainment)(주관)",,
6239938,박현숙의 가야금 산조,한국음악(국악),기악,"박현숙, 김웅식",,"공연기획사 A&A(에이앤에이)(주관), 황병기 작품 보존회(주최)",,
6252585,스페셜 딜리버리,뮤지컬,뮤지컬,"유정민, 전수미, 이상은, 윤성원, 김성현, 김두리, 박희원 등","오미영, 유자홍, 조선형 등","MJ플래닛(엠제이플래닛)(주최), MJ플래닛(엠제이플래닛)(주관)",,
6271525,누가 내머리에 똥 쌌어? [울산 중구],뮤지컬,뮤지컬,,,"극단 나눔(주관), 극단 나눔(주최)",,
6272989,DJ SOULSCAPE All Night Long,대중음악,대중가요,,,"The Henz Club (클럽 헨즈)(주최), The Henz Club (클럽 헨즈)(주관)",,
6277414,클래식 색소폰의 세계2 [인천],서양음악(클래식),기악,"이승동, 양통, 왕 츠하오, 양영욱, 옌 친시앙, 니키타 지민, 김가람",,"엘림아트센터(주최), 엘림아트센터(주관)",,
6277491,레젤트리오,서양음악(클래식),기악,"최정현, 장우리, 조혜정",,"엘림아트센터(주최), 엘림아트센터(주관)",,
6277603,CBS콰이어 CBS소년소녀합창단 정기연주회,서양음악(클래식),성악,"박병휘, 이보라, 오세영 등",,지클레프(주최),,
6277645,통일신년음악회: 하나 Concert,서양음악(클래식),기악,"박태영, 캐슬린 김, 김학준, 양인모, 박덕상 등",,(재)경기도문화의전당(주관),,
6277665,"Revolution 시리즈Ⅰ,  칸타타 [서울]",서양음악(클래식),기악,"김덕기, 강혜정, 김동섭 등",,"코리아쿱오케스트라(협동조합 한국쿱오케스트라)(주최), 코리아쿱오케스트라(협동조합 한국쿱오케스트라)(주관)",,
6277721,제27회 꿈씨음악회,서양음악(클래식),기악,"여명효, 권오빈, 신수영, 양승규, 하유빈 등",,"음악저널(주관), (주)음악저널(주관)",,
6278003,고고다이노 공룡탐험대: 우르르 행성을 구하라! [김해],뮤지컬,뮤지컬,,,"(재)김해문화재단(김해서부문화센터)(주최), (재)김해문화재단(김해서부문화센터)(주관)",,
6279759,제4회 경남교육뮤지컬단 정기공연,뮤지컬,뮤지컬,"정재희, 이원상, 김진미, 노태준, 박관령, 전상아, 이예빈 등","이찬우, 김지연, 이희정 등",마르떼(경남문화예술교육협동조합)(주최),,
6283341,비트사피엔스,무용(서양/한국무용),현대무용,,,"세컨드네이처 댄스컴퍼니(주최), 강동문화재단(강동아트센터)(주최)",,
6283822,뤼송,연극,연극,"구희영, 이시은, 한영선, 이다정, 안보리",JERRY,"뜻밖의 극장(주최), 뜻밖의 극장(기획사)",외젠 이오네스코,JERRY(각색)
6283845,김재환 단독 콘서트: illusion; 환상 [부산],대중음악,대중가요,김재환,,"(주)스프링이엔티(주관), (주)스윙엔터테인먼트(주최)",,
6295327,내일은 미스트롯 전국투어 콘서트: 청춘 [강릉],대중음악,대중가요,"송가인, 정미애, 홍자, 정다경, 숙행, 박성연, 김소유 등",,"(주)컬쳐팩토리_삭제(주관), (주)에이치투컴퍼니(주관), TV조선(주최), 포켓돌스튜디오(주최), (주)컬쳐팩토리(주관)",,
6327041,"자세히 보아야 예쁘다 Ⅰ, 욕망과 실현의 접점, 거문고",한국음악(국악),기악,"김준영, 김인수",,"(주)인사이트모션 서울돈화문국악당(주최), (주)인사이트모션 서울돈화문국악당(주관)",,
6327116,"그때여, 청",한국음악(국악),성악,"이종호, 이다연, 정보권, 정무진, 이예린, 황지영, 양승은 등",,"(주)인사이트모션 서울돈화문국악당(주최), (주)인사이트모션 서울돈화문국악당(주관)",,
6327306,박병재 대금독주회 Ⅲ,한국음악(국악),기악,"박병재, 최용석, 전인근, 차승현, 송현우, 이익현, 유동선",박병재,"(주)인사이트모션 서울돈화문국악당(주최), (주)인사이트모션 서울돈화문국악당(주관)",,
6327388,"자세히 보아야 예쁘다 Ⅱ, 비단길 따라 이어진 피리 이야기",한국음악(국악),기악,"박치완, 김인수",,"(주)인사이트모션 서울돈화문국악당(주최), (주)인사이트모션 서울돈화문국악당(주관)",,
6327416,일무삼취,무용(서양/한국무용),한국무용,"김수영, 박새한, 박영기, 이익현, 박새은, 임귀성 등",,"(주)인사이트모션 서울돈화문국악당(주최), (주)인사이트모션 서울돈화문국악당(주관)",,
6333593,옛날 옛적에 훠어이 훠이,연극,연극,"임향화, 황연희, 한정호, 조혜선, 김양희","윤광진, 이태섭, 정경희 등","공연제작센터(주최), 공연제작센터(기획사)",최인훈,
6333692,"창작산실, XXL레오타드 안나수이 손거울",연극,연극,"안병식, 신정윤, 이규현, 윤미경, 류세일, 이승연","전인철, 박상봉, 최보윤 등","극단 돌파구(제작사), 극단 돌파구(주최)",박찬규,
6333874,시간의 난극,연극,연극,"배윤범, 박옥출, 윤일식, 채송화","신재훈, 이승호, 신승렬 등",극단 작은방(주최),신재훈,
6333916,제3회 소설시장,연극,연극,"고아라, 이주화, 이준우, 곽근아, 전경희, 정의갑, 조수진 등","김시번, 김해미, 정유석 등","문화나눔공존(기획사), 문화나눔공존(주최)","케이트 쇼팽, 프란츠 카프카, 안톤 체호프, 스탕달, 에밀 졸라","여국현, 정민찬, 강동효, 양지모(각색), 서지은(재창작)"
6334631,귀환 [목포],뮤지컬,뮤지컬,"이진기, 김민석, 이정열, 김순택, 이재균, 차하연, 이지숙 등","장우재, 정경진, 이희준 등",(주)인사이트엔터테인먼트(제작사),,
6340041,"우리집에놀러와: 전주홍, 흔한이름",대중음악,대중가요,"전주홍, 흔한이름",,다부부컴퍼니(DABUBU COMPANY)(주최),,
6340078,어여오시게-하,연극,연극,"김민동, 송이, 이초희, 임민혁, 천우영","임민혁, 김세현, 김지형 등","극단 라온(주최), 극단 라온(주관)",임민혁,
6340086,"명구씨, 참 열심히 산다",연극,연극,"장태훈, 전유림, 정현기, 김병준","김치현, 박서혜, 김병준 등",삼삼(332-10)(주관),김치현,
6340261,브라이언 신 ＆ the Swing Makers,대중음악,재즈/월드뮤직,"브라이언 신, 박종상, 이용석, 최수진, 이진영, 최보미, 아리엘",,"디엔와이컴퍼니(기획사), 디엔와이컴퍼니(주최)",,
6340306,트리오 웍스,대중음악,재즈/월드뮤직,,,디엔와이컴퍼니(기획사),,
6340650,다락극장,연극,연극,"김기홍, 이시환","양현석, 김정민","극단 구공(주최), 극단 구공(주관)",카를 발렌틴,양현석(각색)
6340662,엘사의 겨울이야기 [의정부],뮤지컬,뮤지컬,,,,,
6341598,바다 한가운데서,연극,연극,"유제윤, 정현철, 류경환, 이창희, 오현진, 허준석, 김남희","강민숙, 홍영진, 이한용 등","노을소극장(기획사), 노을소극장(주최)",스와보미르 므로제크,프로젝트 배(극작)
6343066,노래처럼 말해줘,연극,연극,"박정자, 허대욱","이유리, 허대욱, 진태옥 등",(주)뮤직웰(주최),이충걸,
6344193,정다운 첼로 독주회,서양음악(클래식),기악,"정다운, 김정휘",,(주)마스트미디어(주최),,
6344581,서영일 더블베이스 독주회,서양음악(클래식),기악,"서영일, 김기경",,프로아트엔터테인먼트(주최),,
6344962,김선희 바이올린 독주회,서양음악(클래식),기악,"김선희, 강은정",,영음예술기획(주최),,
6345328,신성희 귀국 바이올린 독주회,서양음악(클래식),기악,신성희,,예인예술기획(주최),,
6345702,전인홍 귀국 바이올린 독주회,서양음악(클래식),기악,"전인홍, 박미정",,지클레프(주최),,
6346268,송지원 바이올린 독주회,서양음악(클래식),기악,"송지원, 홍소유",,지클레프(주최),,
6346627,정소윤 피아노 독주회,서양음악(클래식),기악,정소윤,,이든예술기획(주최),,
6347265,이은준 플루트 독주회,서양음악(클래식),기악,"이은준, 최현호, 이호찬",,(주)마스트미디어(주최),,
6347619,소프라노 박선영 독창회,서양음악(클래식),성악,"박선영, 한미연, 신지향, 서지원",,지클레프(주최),,
6348017,박상현 콘트라베이스 독주회,서양음악(클래식),기악,"박상현, 최현호",,지클레프(주최),,
6348586,김민승 귀국 첼로 독주회,서양음악(클래식),기악,김민승,,예인예술기획(주최),,
6348968,피아니스트 김경은의 라벨 피아노 전곡시리즈 IV,서양음악(클래식),기악,"김경은, 조윤정, 이소정",,이든예술기획(주최),,
6349338,앙상블 여운 정기연주회,서양음악(클래식),기악,"홍인경, 이서현, 최주연",,지클레프(주최),,
6349949,조이오브스트링스 신년음악회,서양음악(클래식),기악,"장일범, 채영준, 이성주 등",,"(사)조이오브스트링스(주최), (주)스테이지 원(주관)",,
6350652,제4회 앙상블 에스프리 콘서트,서양음악(클래식),기악,"김상애, 윤지용, 이새롬, 윤석희, 김정기, 이재완, 남희석",,예인예술기획(주최),,
6351263,최정은 첼로 독주회,서양음악(클래식),기악,"최정은, 민경식",,지클레프(주최),,
6351855,이나현의 트럼펫 시리즈2,서양음악(클래식),기악,"이나현, 송영민",,"음악교육신문(주최), 음악교육신문사(주최)",,
6352283,사단법인 서울오케스트라 신년음악회,서양음악(클래식),기악,"권주용, 김경아, 박신애, 이향진 등",,"(사)서울오케스트라(주최), (사)서울오케스트라(주관)",,
6352919,코리안심포니오케스트라 실내악 시리즈 V,서양음악(클래식),기악,"박인희, 신은진, 원영석, 김나영, 최지영, 임현애, 이인영, 박정환 등",,(재)코리안심포니오케스트라(국립심포니오케스트라)(주최),,
6354347,해피버스데이 모차르트 VS 슈베르트,서양음악(클래식),기악,"김문경, 이현진, 박승빈, 정환호, 크리스티안 김, 배성우 등",,"(주)스톰프뮤직(주최), (주)스톰프뮤직(주관)",,
6355539,제8회 플루트 앙상블 아디나 정기연주회,서양음악(클래식),기악,"허대식, 박서영, 권미나, 김석중, 김현주, 김형관, 박건영 등","문록선, 강영원",예인예술기획(주최),,
6356139,신영옥 데뷔 30주년 콘서트,서양음악(클래식),성악,"신영옥, 이예영, 황진호, 박상현 등",,"(사)모스틀리 뮤직(주최), 콘서트디자인(주관)",,
6359053,제79회 서울오라토리오 정기연주회,서양음악(클래식),기악,"김선미, 김보라, 성영규, 이기로, 최승혁, 신지현 등",,"서울오라토리오(주최), 서울오라토리오(주관)",,
6361657,밀레니엄 신년음악회,서양음악(클래식),기악,"서희태, 김순영, 유성녀, 고성현, 우주호, 강형규, 김동섭 등",,(사)밀레니엄심포니오케스트라(주최),,
6364045,너클리5: 너에게 들려주고 싶은 클래식이야기,서양음악(클래식),기악,"한상욱, 윤철희 등",,"(사)마제스틱필하모닉오케스트라(주관), 루스초이뮤직(주최)",,
6366921,서울 비르투오지 챔버오케스트라 기획시리즈 I,서양음악(클래식),기악,"김성국, 이윤정, 송영민, 노예진, 이정민 등",이경선,"콘서트디자인(주관), 서울비르투오지그룹(주최)",,
6433038,앙상블 고운 연주회,서양음악(클래식),기악,,,"삼윤(주최), 삼윤(주관)",,
6435348,4팀 4색 겨울 로맨스: 겨울아！안녕？다 함께 심쿵！,대중음악,대중가요,,,"슈가레코드(주최), 슈가레코드(주관)",,
6435605,피터팬 [서울],뮤지컬,뮤지컬,,,"극단 쁘띠벨(제작사), 리딩컬쳐(주관)",,
6436466,백예린 단독공연: Turn on that Blue Vinyl,대중음악,대중가요,백예린,,"(주)드림어스컴퍼니(주최), (주)드림어스컴퍼니(주관)",,
6479783,백설공주 [천안],뮤지컬,뮤지컬,,,아이키즈(주최),,
6479875,"신춘문예단막극전, 조용한세상 / 비듬",연극,연극,"윤혜미, 이문주, 오정렬, 남상오, 박종훈, 정설지, 이재성 등","이동석, 이재성",서울교대 연극패 빈도(주관),"정재춘, 이유진",
6480051,이지형 콘서트: THE HOME,대중음악,대중가요,이지형,이지형,"유어썸머(제작사), 유어썸머(기획사)",,
6487259,"집들이 콘서트,  #36. 집들이의 아이들",뮤지컬,뮤지컬,"최석진, 김주연, 김서환, 김찬종, 이진우, 박준휘, 김리현 등",,"stage key(집들이콘서트)(주최), stage key(집들이콘서트)(주관)",,
6487422,백설공주 [양산],뮤지컬,뮤지컬,,,"에이치엠컴퍼니(기획사), 에이치엠컴퍼니(주최)",,
6500939,욕망이론: 배반의 심장,연극,연극,"주영호, 김찬, 강민정","나진환, 김홍모","극단 피악(제작사), 아트 리버(Arts River)(기획사)",에드거 앨런 포,
6507331,일곱마리 아기염소와 늑대 [창원],뮤지컬,뮤지컬,,,포도나무(주최),,
6507359,신기한 버블쇼 [창원],서커스/마술,서커스/마술,,,뉴코아아울렛 창원점(주최),,
6507409,The Best Of Blue Note,대중음악,재즈/월드뮤직,,,플러스히치(주최),,
6514975,옛날옛적에,연극,연극,"박수정, 우정아, 김윤아, 오승은","김윤아, 박수정, 우정아 등","창작집단 정안(주최), 창작집단 정안(주관)",,"김윤아, 박수정(각색)"
6514997,하얀이와 충치마왕 [수원],뮤지컬,뮤지컬,,,2001아울렛 [수원](주최),,
6515025,일곱마리 아기염소와 늑대 [수원],뮤지컬,뮤지컬,,,피터폴앤메리(주최),,
6516250,Yankees Vol．2,대중음악,대중가요,,,"(주)메킷레인(주최), (주)메킷레인(주관)",,
6517379,장윤정 라이브 콘서트 [창원],대중음악,대중가요,장윤정,,"(주)우리기획(제작사), (주)밝은누리(주관)",,
6522229,마음대로혜란,대중음악,대중가요,,,afternoon records(애프터눈)(주최),,
6522233,"금호영재콘서트, 정선우 트럼펫 독주회",서양음악(클래식),기악,"정선우, 김미정",,(재)금호아시아나문화재단 (금호문화재단)(주최),,
6522245,"금호영아티스트콘서트, 문성우 피아노 독주회",서양음악(클래식),기악,문성우,,(재)금호아시아나문화재단 (금호문화재단)(주최),,
6522325,홍샘 귀국 피아노 독주회,서양음악(클래식),기악,홈샘,,이든예술기획(주최),,
6522326,임현정 바이올린 독주회,서양음악(클래식),기악,"임현정, 조혜정",,영음예술기획(주최),,
6522330,"아름다운 목요일, 금호라이징스타: 김규리 비올라",서양음악(클래식),기악,"김규리, 문지영",,(재)금호아시아나문화재단 (금호문화재단)(주최),,
6522408,트리오 아일린 10주년 기념콘서트,서양음악(클래식),기악,"김민지, 탁윤지, 천슬기",,조인클래식(주최),,
6522413,"금호영재콘서트, 최윤정 오보에 독주회",서양음악(클래식),기악,"최윤정, 양지원",,(재)금호아시아나문화재단 (금호문화재단)(주최),,
6522447,"금호영아티스트콘서트, 김여준 피아노 독주회",서양음악(클래식),기악,김여준,,(재)금호아시아나문화재단 (금호문화재단)(주최),,
6522472,민경아 첼로 독주회,서양음악(클래식),기악,"민경아, 최지은",,조인클래식(주최),,
6522480,김지혜 귀국 비올라 독주회,서양음악(클래식),기악,"김지혜, 김한길",,지클레프(주최),,
6522502,제3회 모멘툼 앙상블 정기연주회,서양음악(클래식),기악,"정도행, 김수지, 이유현, 최수원",,조인클래식(주최),,
6522511,하이라이트쇼 [수원],서커스/마술,서커스/마술,"지헤준, 김준표, 김철구, 한만호, 김륜형, 나세진, 김민형 등",,"미리내마술극단(주최), 미리내마술극단(주관)",,
6528829,한국예술종합학교 음악원기타전공 동문 연주회,서양음악(클래식),기악,"김진택, 최지원, 박종호, 박지형, 이신형, 김현규, 임미가 등",,"(주)K-ART & Company(케이아트앤컴퍼니)(주관), 한국기타협회(주관)",,
6528885,수면 아래의 것들,연극,연극,"권혁준, 김지훈, 박솔원, 서지후, 안스완, 이소라","하동국, 최민지, 송하영 등","언어의 나열(주최), 언어의 나열(주관)",하동국,
6529305,오! 나의 귀신님 [대구],연극,연극,,,"여우별아트홀 (극단여우별)(주최), 여우별아트홀 (극단여우별)(주관)",,
6530135,"차세대열전, 우주에 가고 싶어 했었으니까",연극,연극,"유독현, 안현정, 최호영, 조혜안, 조수연, 한성현, 이호, 최이레","신진호, 정우성, 이은지 등",한국문화예술위원회(주최),"김동식, 전혜진, 박민재",
6530397,"차세대열전, 원래 다 원래 / WAVEWAVEWAVE",무용(서양/한국무용),현대무용,"강요섭, 김건중, 김지민, 박한결, 박영훈, 한지우, 이우성 등","김건중, 김보미, 조은진 등",한국문화예술위원회(주최),,
6530641,"창작산실, 군림",무용(서양/한국무용),현대무용,"고흥열, 김주현, 김상각, 양진영, 임소정, 윤일식, 문형수 등","박유정, 정수동, 최인숙 등","에스디아트엔코(Soo d Art & Co)(제작사), 한국문화예술위원회(주최)",,
6531011,"창작산실, 터널구간",연극,연극,"장용철, 박지아, 송인성, 이기돈, 강정임, 이혜진, 송명기 등","나지원, 최영주, 이호근 등","그룹 動·시대(주관), 한국문화예술위원회(주최)",이상례,
6531330,"차세대열전, 리차드 3세",연극,연극,"육현욱, 이진우, 김리현, 이태은, 강기연, 김대식, 서경수 등","정찬수, 한혜신, 박유정 등",한국문화예술위원회(주최),정찬수,
6531838,"차세대열전, 고독한 씻김",연극,연극,"이승우, 강유중, 민유선, 박광현","이승우, 박상현, 강유중 등",한국문화예술위원회(주최),이승우,
6531949,"차세대열전, 반공간건축술",연극,연극,"김다현, 구자윤, 마희선, 왕조현","김미현, 김나현, 김종훈 등","한국문화예술위원회(주최), 한국문화예술위원회(주관)","김미현, 강다현, 구자윤, 마희선, 왕조현, 장수양",
6532270,조선궁녀연모지정,연극,연극,"김곽경희, 류지훈, 심규현, 이주희, 장진희, 이한, 정미리 등","김성진, 임숙균, 유명진 등","창작꾼 요지경(주최), 창작꾼 요지경(주관)",김성진,
6532906,어린이캣츠 [창원],뮤지컬,뮤지컬,,,"극단 나눔(주최), 극단 나눔(주관)",,
6540681,섬마을 우리들,연극,연극,"정애화, 조유진, 정선희, 권경하, 안혜경, 하지영, 박지선 등","류태수, 김진욱, 최보윤 등",극단 웃어(제작사),김진욱,
6543578,홍시 열리는 집,연극,연극,"강영고, 고영주, 김경희, 김매심, 김수연, 김주애, 박상보 등","김정만, 방정은, 안성채 등","한국교사연극협회(기획사), 한국교사연극협회(주최)",김정숙,"안성채, 유병현, 이수빈(각색)"
6543619,디벅,연극,연극,"최성진, 한건규, 김이슬, 배보경",,"애드컨텐츠(제작사), 애드컨텐츠(주최), 애드컨텐츠(주관)",,
6547627,백설공주와 일곱난쟁이 [금천],뮤지컬,뮤지컬,,,"극단 중원극회(주관), 극단 중원극회(주최)",,
6554440,나의 장례식,연극,연극,"윤석환, 김상록, 문상희, 김인정, 김영빈, 정성조, 박태준","박아정, 이홍기, 박우진 등",(주)훌륭한(주최),박아정,
6554680,공룡아빠 [창원],뮤지컬,뮤지컬,"다향, 성민, 현민, 재경",이성호,(주)예술공장(기획사),,
6554713,원티드 우춘근,연극,연극,"공재민, 김대흥, 류진현, 장희재","정범철, 이세희, 배일환 등","공상모임 作心365(주최), 공상모임 作心365(주관)",신성우,
6554745,1957 내전,연극,연극,"조경미, 김버들, 이수민, 이재영, 이재윤, 김영호, 신연미 등","전기광, 박현욱, 이애린",극단 불(주관),,박현욱(각색)
6554867,크레이터,연극,연극,"안병식, 권귀빈, 박지훈, 이승헌","라성연, 배유리, 한가을 등","베타프로젝트(제작사), 베타프로젝트(기획사), 베타프로젝트(주최)",라성연,
6554879,"대관령겨울음악제, 베토벤 트리오 본 [강릉]",서양음악(클래식),기악,"미카엘 오브러츠키, 그리고리 알럼얀, 이진상",손열음,"(재)강원문화재단(주관), 강원도청(주최)",,
6554946,여자만세2 [강릉],연극,연극,"양희경, 윤유선, 최지연, 김용선, 여우린, 유영섭","장경섭, 손정우, 우종민 등","극단 휴먼비(제작사), 강릉아트센터(주최), 강릉아트센터(주관)",국민성,
6556083,백설공주와 일곱난쟁이 [청주],뮤지컬,뮤지컬,,,"극단 복주머니(주관), 진엔터컴(주최)",,
6556862,맘마미아 [청주],뮤지컬,뮤지컬,"최정원, 신영숙, 루나, 이수빈, 홍지민, 김영주, 박준면 등",,"(주)장터미디어(주관), (주)신시컴퍼니(제작사)",,
6560721,"NT Live, 한 남자와 두 주인",연극,연극,제임스 코든,니컬러스 하이트너,국립극장(주최),카를로 골도니,리처드 빈(극본)
6562734,"NT Live, 리먼 트릴로지",연극,연극,"사이먼 러셀 빌, 애덤 고들리, 벤 마일스","샘 멘데스, 스테파노 마시니 등",국립극장(주최),스테파노 마시니,
6566531,빨간모자와 늑대 [광주],뮤지컬,뮤지컬,,,"교육극단 파랑새(기획사), 교육극단 파랑새(주최)",,
6566829,사시나무숲,연극,연극,"손준호, 황순미, 이동욱, 김시유, 현리, 김본이","백운철, 이지현, 장호 등","극단 드림플레이(주최), 극단 드림플레이(주관)",백운철,
6566978,박재홍 X 성기문 듀오 블루스,대중음악,재즈/월드뮤직,"박재홍, 성기문",,살롱드재즈(주최),,
6567095,앙코르 체임버 뮤직 [통영],서양음악(클래식),기악,"조진주, 마티외 에르조그, 에릭 웡, 카롤 마리아노프스키, 므래넌 조, 앤드루 위밍 마",,"(재)통영국제음악재단(주최), (재)통영국제음악재단(주관)",,
6567318,MOB Concert,대중음악,대중가요,,,"(주)스톤쉽(주최), (주)스톤쉽(주관)",,
6567842,우리 아빠가 최고야 [구로],뮤지컬,뮤지컬,,,2001아울렛 [구로](주최),,
6567942,"창작산실, 피스토스",뮤지컬,뮤지컬,"주태윤, 홍휘영, 김초록, 박민희","김재민, 해나, 신천옹 등",,,
6568534,아빠는 곰돌이야 [대구],뮤지컬,뮤지컬,,,"극단 꿈의 공작소(제작사), 에스앤씨컴퍼니(주최), 문화공작소 조이(주최), 에스제이(주관), (주)교문(주관)",,
6569265,92914 단독 공연: Home,대중음악,대중가요,,,포크라노스(주관),,
6570083,실내악 콘서트 시리즈Ⅰ,서양음악(클래식),기악,"한수진, 강자연, 안세훈, 윤석우, 배민수, 양윤정, 조재현 등",,"예술기획 파홀로(주최), 예술기획 파홀로(주관)",,
6570127,빈 스프라우츠 합창단 CONCERT: HOME SWEET HOME,서양음악(클래식),성악,,,에스티와이컴퍼니(STY COMPANY)(주관),,
6570954,OUTLIVE Concert Vol. 1,대중음악,대중가요,,,"(주)아웃리브 리원(주최), (주)아웃리브 리원(주관)",,
6571141,SAFETY F1RST＋CONCERT,대중음악,대중가요,,,S+FE(주최),,
6571493,피아니스트 강유선 김성신 듀오 리사이틀,서양음악(클래식),기악,"강유선, 김성신",,앙상블 갈랑트(Ensemble Galant)(주최),,
6571574,스탠드업 ＆ 자의적의자 [제주],연극,연극,"서동진, 문혜림, 이상철, 이미연, 남석민","전혁준, 오상운, 김지은 등","예술공간 오이(주최), 예술공간 오이(주관)",전혁준,
6571586,쌍투스코러스 겨울정기공연: 길잡이별,뮤지컬,뮤지컬,,"성대식, 오원준, 정다은 등","쌍투스코러스(주최), 쌍투스코러스(주관)",,
6574666,피터팬 [부천],뮤지컬,뮤지컬,,,키즈플러스(주최),,
6574668,보잉보잉 [서산],연극,연극,,,"극단 두레(제작사), 서산시청(주최), 서산시청(주관)",,
6575799,"호텔수선화 라이브 여덟 번째, 하헌진 밴드",대중음악,대중가요,,,호텔수선화(주최),,
6575842,"Revolution 시리즈Ⅰ, 칸타타 [제주]",서양음악(클래식),기악,"김덕기, 강혜정, 김동섭, 오병희, 조상욱 등",,"코리아쿱오케스트라(협동조합 한국쿱오케스트라)(주최), 코리아쿱오케스트라(협동조합 한국쿱오케스트라)(주관)",,
6577760,알라딘과 자스민공주 [부산],뮤지컬,뮤지컬,,"이광열, 김효석, 이란영 등","극단 예일(주최), 극단 예일(주관)",,
6578979,"대관령겨울음악제, 베토벤 트리오 본 [서울]",서양음악(클래식),기악,"미카엘 오브러츠키, 그리고리 알럼얀, 이진상",손열음,"(재)강원문화재단(주관), 강원도청(주최)",,
6579203,"Meet the Artist, 바이올리니스트 임지영",서양음악(클래식),기악,임지영,,(주)마스트미디어(주최),,
6619036,"스테이지 콘서트 Vol.2, 지저스 크라이스트 수퍼스타",뮤지컬,뮤지컬,"마이클리, 한지상, 윤형렬, 차지연, 박강현, 정선아, 장은아 등","이지나, 서병구, 김성수 등","(주)블루스테이지(주최), (주)블루스테이지(제작사)",,
6624070,"애쉬: 부르잖아요, 김재일씨",연극,연극,"한윤춘, 이원재, 공찬호, 김연철, 최정화, 김민경, 이윤수 등","이원재, 한동희, 강일경 등",극단 달팽이주파수(주최),송천영,이원재(각색)
6624246,드라큘라,뮤지컬,뮤지컬,"김준수, 전동석, 조정은, 임혜영, 린지, 강태을, 손준호 등",,"(주)오디컴퍼니(ODCOMPANY)(제작사), 롯데엔터테인먼트(제작사), 씨제스컬처 ((주)씨제스엔터테인먼트)(제작사), TBC(제작사), SBS(주최), 오픈리뷰(주)(주관)",,
6804799,배우? 지랄들하네,연극,연극,"오정훈, 박지호, 김통일, 노현웅, 김도연, 최송희, 이진성 등",조연재,"극단 정통(제작사), 극단 정통(기획사)",오진영,
6804890,판소리 햄릿: 송보라편,한국음악(국악),성악,"송보라, 서어진, 이재원, 최승은","박선희, 김영욱, 송정희 등",플레이위드(제작사),,
6804966,김이박이 고등학교에 입학할 때 김이박이 고등학교에 입학한다,연극,연극,"백소정, 최희진","이래은, 이오진, 김현기 등","달과아이극단(주최), 달과아이극단(기획사)",이오진,
6805092,난폭과 대기,연극,연극,"이승우, 정선미, 최민영, 김수영, 정영록, 윤혁진","서지혜, 곡수인, 김성태 등","프로젝트 아일랜드(주최), 프로젝트 아일랜드(주관)",모토야 유키코,
6825371,"베토벤 탄생 250주년 기념, Beethoven PLUS 2",서양음악(클래식),기악,최재원,,꿈의숲아트센터(주최),,
6825385,아트,연극,연극,"이건명, 엄기준, 강필석, 박건형, 김재범, 박은석, 조재윤 등","김수로, 송은도, 신영섭 등",(주)더블케이 필름 앤 씨어터 (더블케이엔터테인먼트)(제작사),야스미나 레자,
6865605,크라프의 마지막 테이프 [부산],연극,연극,조창우,"진지숙, 이성섭, 백철호 등",극단 마루(제작사),사무엘 베케트,이성섭(각색)
6877094,"안녕, 우리 딸",연극,연극,"김석, 양지운, 임다해","김성진, 서충식, 김동규 등",김석연기연구소(주최),김성진,
6877101,부산시립합창단 이기선 예술감독 취임연주회: 현대 합창 거장들의 합창세계,서양음악(클래식),성악,"이기선, 정남규, 박선영, 이순교 등",,"부산시립예술단(주관), (재)부산문화회관(주최)",,
6877441,은밀하게 위대하게 [서울],뮤지컬,뮤지컬,"이우종, 지일주, 백인태, 박준후, 최수형, 가람, 유승우 등","이규린, 최종훈, 추정화 등",(주)주다컬쳐(주최),,
6877645,뮤지컬 갈라 콘서트,뮤지컬,뮤지컬,"카이, 강홍석, 이지혜, 민경아 등",,(사)밀레니엄심포니오케스트라(주최),,
6879319,코리아타임스 창간 70주년 신춘음악회,대중음악,기타,,,(재)세종문화회관(주최),,
6879891,주기철의 일사각오: 열애,서양음악(클래식),오페라,"김봉미, 강신모, 양지, 김인휘, 문영우, 김재일, 오세원 등","홍석임, 김지은","(사)조선오페라단(주최), 국민일보(주최)",,
6883729,피아니스트 박진경의 음악여행 Ⅲ. Romance,서양음악(클래식),기악,박진경,,지클레프(주최),,
6885329,김연경 피아노 독주회,서양음악(클래식),기악,김연경,,(주)마스트미디어(주최),,
6886032,함윤미 피아노 독주회,서양음악(클래식),기악,함윤미,,이든예술기획(주최),,
6887085,"정태춘 박은옥 데뷔40주년 서울 앵콜콘서트: 날자, 오리배 [서울]",대중음악,대중가요,"정태춘, 박은옥",,"문화예술기획봄(주최), 문화예술기획봄(기획사)",,
6888398,최리라 피아노 독주회,서양음악(클래식),기악,최리라,,(주)음연(주최),,
6888428,최윤정 바이올린 독주회,서양음악(클래식),기악,"최윤정, 이영조, 김지훈, 이희상, 유병욱",,지클레프(주최),,
6888865,최윤정 바이올린 독주회 [세종문화회관],서양음악(클래식),기악,"최윤정, 김지훈, 이희상, 유병욱",,지클레프(제작사),,
6889866,오페라의 유령 월드투어 [서울],뮤지컬,뮤지컬,"조나단 록스머스, 클레어 라이언, 케이틀린 피니, 맷레이시, 베벌리 차이앗, 제임스 보스윅, 커트 올즈 등",,"롯데엔터테인먼트(제작사), MBC(주최), 에스앤코(S&CO)(제작사), 클립서비스(주관)",,
6962211,드림캐쳐 (3.28) [대구],서커스/마술,서커스/마술,,,"(주)지에스시(기획사), (주)지에스시(주최)",,
6967058,프리스트,뮤지컬,뮤지컬,"에녹, 이지숙, 김대현, 기세중, 강찬, 백기범, 김국희 등","주민진, 안혁원, 신천옹 등","(주)창작하는 공간(제작사), (주)창작하는 공간(주최)",,
6970924,오소라 피아노 독주회,서양음악(클래식),기악,오소라,,영산아트홀(주최),,
6971028,공룡 애니멀쇼 [광진],서커스/마술,서커스/마술,,,주니엔터테인먼트(제작사),,
6971290,다니엘,뮤지컬,뮤지컬,"석현준, 이석준, 김가슬, 송민국, 최민성, 정여진, 한가람 등","최무열, 석성예, 김혜원 등","(주)하모니컴퍼니(주최), (주)하모니컴퍼니(주관)",,
6973955,최후진술,뮤지컬,뮤지컬,"이승현, 김순택, 백형훈, 노희찬, 유성재, 최성욱, 현석준 등","장재용, 오득영, 성열석 등","(주)장인엔터테인먼트(주최), (주)장인엔터테인먼트(주관)",,
6974996,라흐마니노프,뮤지컬,뮤지컬,"박규원, 이해준, 정욱진, 유성재, 정민, 임병근, 김기경 등","한승원, 김종석, 김유현 등",(주)에이치제이컬쳐(HJ컬쳐)(주최),,
6992509,늘근도둑이야기 [전주],연극,연극,"노진원, 박철민",,"(주)나인스토리(제작사), (주)미르앤컴퍼니(기획사), (주)좋은무대(주관), 아시아문화기획(주최)",이상우,
6992718,상하이박,뮤지컬,뮤지컬,"서정욱, 윤상희, 조수하, 배미선, 정종훈, 김명섭, 김주연 등","송갑석, 조원동, 김승진 등","모이공(제작사), 모이공(주관)",,
6992732,오늘 또 오늘,연극,연극,"손주원, 이현수, 김봄희, 박성헌, 문남식, 황성진, 김정인 등","김지숙, 유은경, 서영오 등",(주)창작마을(주최),김대현,
6993090,"극장전, 숲에 이르기 직전의 밤",연극,연극,김상보,"양정현, 임수현, 방수연 등","CREATIVE 틈(극단 틈)(기획사), 극단 여행자(주최)",베르나르 마리 콜테스,"양정현, 방수연(윤색)"
6993170,"THE PLAY, 고도",연극,연극,"원완규, 한상철, 오수윤, 박범준, 정찬희","임정혁, 김탄일, 최지은 등","극단 동숭무대(주최), 극단 완자무늬(주최), 극단 76단(주최)",히로시마고야,임정혁(각색)
6993172,더 토르투스,연극,연극,"송다영, 박소정, 최승호, 김영민, 장민준, 박미란, 이찬양 등","서준호, 박준규, 김주유 등","극단 얼.아리(기획사), 극단 얼.아리(주최)",김대훈,서준호(각색)
6993193,여보세요? 여보세요!,연극,연극,"김성태, 한동완, 한재진, 구은홍, 김규섭","강민제, 강병주, 이미현 등","극단 B급 박물관 개관,비로소(제작사), 극단 B급 박물관 개관,비로소(주최), 극단 B급 박물관 개관,비로소(주관)",강민제,
6999030,데미안,뮤지컬,뮤지컬,"정인지, 유승현, 전성민, 김바다, 김현진, 김주연","안현석, 이대웅, 오세혁 등","(주)컨텐츠원(제작사), (주)컨텐츠원(주최)",,
7017280,너희는 다시 나 같은 사람을 만날 수는 없을 거야 vol．2 [부산],대중음악,대중가요,,,"저지라이트(주최), 저지라이트(주관)",,
7017388,이스크라: 잃어버린 불꽃,연극,연극,"장용철, 문창완, 진태연, 배우진, 윤진이, 남유리, 박창국 등","이성구, 오진호, 서상규 등","(사)한국연기예술학회(주최), (사)한국연기예술학회(주관), 극단 아리(주관)",신대식,
7017447,토끼와 자라 [안산],뮤지컬,뮤지컬,,,드리미(주최),,
7020301,"신인춤판: 춤, 신예의 데뷔",무용(서양/한국무용),현대무용,"박수로, 염지혜, 윤정희, 최정홍",,(재)우진문화재단(주최),,
7020308,살인자K,연극,연극,"강연호, 김태현","김하나, 김승혁, 안태규 등",극단 난연(제작사),김하나,
7020355,트라이아웃,뮤지컬,뮤지컬,"정연, 오종혁 등",,"(재)우란문화재단(제작사), (재)우란문화재단(주최)",,
7020675,"스웨그에이지: 외쳐, 조선!",뮤지컬,뮤지컬,"이휘종, 양희준, 이준영, 정재은, 김수하, 최민철, 임현수 등","송혜선, 권효진, 박찬민 등",PL 엔터테인먼트(제작사),,
7042365,더드럼,뮤지컬,넌버벌 퍼포먼스,,,,,
7042387,제1회 친일청산페스티벌,연극,연극,"이동환, 하성민, 박민정, 강희만, 서동현, 이원우, 김요한 등","이혜연, 이재호, 신영섭 등","문화나눔공존(기획사), 문화나눔공존(주최)","김성환, 방혜영, 허윤영, 이상범",이지수(각색)
7044128,오스틴 별장의 영혼 경매,연극,연극,"전익수, 전윤희, 신광현, 김석기, 황도연, 손재익, 이지유 등","이해제, 박기용, 이호원 등","극단 신기루만화경(제작사), 극단 신기루만화경(주최)",이해제,
7051387,김현남 바이올린 독주회,서양음악(클래식),기악,"김현남, 민경식",,마에스트로 컴퍼니(주최),,
7051584,쇼팽 탄생 210주년 해피버스데이 쇼팽,서양음악(클래식),기악,"이나우, 이신규",,"(주)스톰프뮤직(주최), (주)스톰프뮤직(주관)",,
7053179,손호용 독주회,서양음악(클래식),기악,"손호용, 김재원",,"SIA & COMPANY(주관), SIA & COMPANY(주최)",,
7053499,바리톤 박영환 독창회,서양음악(클래식),성악,"박영환, 국지영",,지노예술기획(주최),,
7053562,발렌티나 리시차 피아노 리사이틀,서양음악(클래식),기악,발렌티나 리시차,,(주)오푸스(OPUS)(주최),,
7057540,백설공주 [구로],뮤지컬,뮤지컬,,,2001아울렛 [구로](주최),,
7058768,A LIVE 애니송 커버 콘서트,대중음악,기타,,,"대원미디어(주)(기획사), 대원미디어(주)(주최)",,
7147267,너희는 다시 나 같은 사람을 만날 수는 없을 거야 vol．2 [서울],대중음악,대중가요,,,"저지라이트(주최), 저지라이트(주관)",,
7157330,우주히피x우주왕복선싸이드미러 콘서트: ㅇㅈ,대중음악,대중가요,,,"유어썸머(기획사), 유어썸머(주최)",,
7157790,432Hz,연극,연극,"박웅, 최유찬, 최호승, 강찬, 김용석, 조현우, 문경초 등","유환웅, 허연정, 이기호 등","고스트 컴퍼니(제작사), 고스트 컴퍼니(주최)",김가람,
7175801,천국의 나무,연극,연극,"김담희, 이보람",이광복,"창작집단 일각(기획사), 창작집단 일각(주최), 창작집단 일각(주관)",이광복,
7175865,어나더어스,뮤지컬,뮤지컬,"김대웅, 박한근, 문성일, 김지유, 주태윤","윤상원, 유한나, 이한밀 등","아음컴퍼니(제작사), 아음컴퍼니(기획사), 한국과학창의재단(주최)",,
7179836,무명,연극,연극,"김종구, 유정기, 문경민, 이성원, 민경록, 노석채, 이준 등","김성노, 허성윤, 김병애 등","극단 동양레파토리(주관), 한국문화예술위원회(주최), (사)한국연극협회(주관)",이광수,김혁수(각색)
7180920,"FILM, 1st PRESENT",대중음악,대중가요,,,"(주)에스엠엔터테인먼트 (SM ENTERTAINMENT)(주최), (주)에스엠엔터테인먼트 (SM ENTERTAINMENT)(기획사)",,
7189394,혹부리 할아버지 [일산],뮤지컬,뮤지컬,,,극단 레미.레오(제작사),,
7189470,비주류(非主流）,대중음악,대중가요,,,(주)미러볼뮤직(주최),,
7189508,이현정 피아노 독주회,서양음악(클래식),기악,이현정,,프로아트엔터테인먼트(주최),,
7189515,제2회 비엔나 바로크 오케스트라 내한 공연 [서울],서양음악(클래식),기악,"발보나 나쿠, 유진 아메스만, 로라 미넨, 정재훈 등",,"YMK Travel(와이엠케이코리아)(주최), YMK Travel(와이엠케이코리아)(주관)",,
7189547,최선유 첼로 독주회,서양음악(클래식),기악,"최선유, 진영선",,지클레프(주최),,
7189549,김민지 피아노 독주회,서양음악(클래식),기악,김민지,,(주)마스트미디어(주최),,
7189904,전유라 귀국 피아노 독주회,서양음악(클래식),기악,전유라,,"음악교육신문(주최), 음악교육신문사(주최)",,
7189909,강유정 피아노 독주회,서양음악(클래식),기악,강유정,,(주)마스트미디어(주최),,
7190307,소프라노 진유정 독창회,서양음악(클래식),성악,"진유정, 박보윤, 유영주",,UNICO(유니코 예술기획)(주최),,
7198527,"햄릿, 죽은 자는 말이 없다",연극,연극,"양동탁, 배선희, 장성익","김명화, 임승태, 손호성","극단 난희(주최), 아트 리버(Arts River)(기획사), 극단 난희 (The 난희)(주최)",김명화,
7198603,회춘리 살인사건 [부산],연극,연극,,,"극단 바라(주최), 극단 바라(주관)",,
7200891,"창작산실, 마트료시카",연극,연극,"박윤희, 성노진, 황세원, 김희창, 김성철, 노상원, 오택조 등","구태환, 하병훈, 임일진 등","아트 리버(Arts River)(기획사), 한국문화예술위원회(주최), 극단 수(주관)",이미경,
7201015,대신 목자,연극,연극,"전박찬, 서이숙, 손진환, 김은석, 성여진, 김도완, 유승락 등","한태숙, 근종천, 이지숙 등","극단 물리(주관), 한국문화예술위원회(주최)",한태숙,
7201303,"창작산실, 의자 고치는 여인",연극,연극,"신서진, 오주원, 김준삼, 신서진, 전필재, 오주원, 박상현 등","송현옥, 이영찬, 나현민","극단 물결(주관), 한국문화예술위원회(주최)",기 드 모파상,
7204470,삼월의 그들,뮤지컬,뮤지컬,"허민진, 임강성, 박준휘, 방선혁, 김주호, 정의욱, 전수미 등","허수현, 손정우, 문종근 등",극단 객석과무대(주관),,
7207037,봄을 그대에게,뮤지컬,뮤지컬,"임진섭, 문진아, 나경호, 조훈, 임예슬, 공민섭","박소영, 홍유선, 이은혜 등","컬처마인(주관), 한국문화예술위원회(주최)",,
7207201,"창작산실, 아랫것들의 위",연극,연극,"정충구, 김대호, 정혜선, 임윤진, 민정오, 박현승, 문학연 등","박연주, 이양숙, 장용휘 등",극단 마고(제작사),임진현,
7207492,"창작산실, Via Air Mail",뮤지컬,뮤지컬,"송원근, 나하나, 황만익, 김유정","김동연, 한지안, 채한울 등","한국문화예술위원회(주최), (주)메이크어스엔터테인먼트(주관)",,
7210516,"창작산실, 아티스",뮤지컬,뮤지컬,"김도빈, 김히어라, 안창용, 현석준","박예슬, 남궁유진, 홍승희 등","(주)홍컴퍼니(주관), 한국문화예술위원회(주최)",,
7212382,동시대인,연극,연극,"강학수, 권태건, 김원태, 박경은, 박지아, 신상훈, 신재환 등","윤한솔, 신승렬, 김형연 등",그린피그(제작사),전성현,
7213626,리마인드,연극,연극,"유아름, 김수정, 여시현, 황바울, 박도욱","이동호, 김수정, 김기석 등",극단 늘품(제작사),김기석,
7214308,샤이닝,뮤지컬,뮤지컬,"송용진, 김승대, 겅두섭, 이준혁, 오종혁, 에녹","이성진, 전동민, 성종완 등",(주)뉴프로덕션(제작사),,
7214835,미드나잇: 앤틀러스,뮤지컬,뮤지컬,"고상호, 박은석, 유리아, 백형훈, 안창용, 황민수, 김금나 등","송민선, 한지안, 김지호 등","(주)모먼트메이커(제작사), (주)모먼트메이커(기획사)",,
7219638,지구를 지켜라,연극,연극,"박영수, 배훈, 황순종, 이태빈, 김지웅, 김도빈, 양승리 등","이성일, 이지나, 이수인 등",(주)페이지1(Page1)(제작사),장준환,"조용신(극본), 이지나(각색)"
7234470,정의로운 고깃집,연극,연극,"김윤설, 김수연, 이민정, 이우건, 이그림, 김원진","백한울, 김수연, 김원진 등",극단 타리(주최),류인웅,"김원진(극작), 김원진(각색)"
7369995,한국남자,한국음악(국악),혼합,이희문 등,,"문경문화예술회관(주최), 문경문화예술회관(주관)",,
7370455,우당탕 과학 탐험대 [부산],연극,연극,,,"교과서 예술단 책갈피(주관), 해운대문화회관(주최)",,
7370686,마법사 깨비,뮤지컬,뮤지컬,한상민,,루시드매직(주최),,
7390639,한낮의 유U;콘서트 (1월),대중음악,대중가요,박미경,,"(주)국제신문(주최), (재)영화의전당(주최), (재)영화의전당(주관), (주)국제신문(주관)",,
7392269,"설 절기공연: 새해, 첫날",한국음악(국악),연희,강길원 등,,국립부산국악원(주최),,
7413019,푸시킨이 살아있는 나라 러시아 음악여행,서양음악(클래식),성악,이연성,,"하나아카데미아(주최), 하나아카데미아(주관)",,
7413047,그림 읽어주는 베토벤: 마네vs모네 [성남],서양음악(클래식),기악,조숙현 등,임용순,"두손클래식엔터테인먼트(주)(주최), 1m클래식(일미터스튜디오)(주관)",,
7420500,제133회 원주시립교향악단 정기연주회,서양음악(클래식),기악,"김광현, 이상은 등",,"원주시립교향악단(주관), 원주시청(주최)",,
7420604,비엔나 왈츠 오케스트라 신년음악회,서양음악(클래식),기악,"산드로 쿠투렐로, 조야 페트로바 등",,"울산문화예술회관(주관), 울산광역시청(주최)",,
7429978,정영주 드림팀 뮤지컬 갈라쇼,뮤지컬,뮤지컬,정영주 등,,신세계문화홀 [센텀시티](주최),,
7437342,행오버 [창녕],연극,연극,,,"창녕군청(창녕문화예술회관)(주최), 창녕군청(창녕문화예술회관)(주관)",,
7449114,"김주영과 함께하는 여민락콘서트, 슈베르트·멘델스존·슈만",서양음악(클래식),기악,김주영 등,,"(재)세종시문화재단(주관), 세종특별자치시청(주최)",,
7465337,제775회 전라남도립국악단 토요공연: 남도풍류,한국음악(국악),연희,,,(재)전라남도문화관광재단(도립국악단)(주관),,
7465469,"롤링 25주년 기념 공연 vol.7,  적재 & 김수영",대중음악,대중가요,"적재, 김수영",,"롤링홀(주최), 롤링홀(주관)",,
7465795,신기방기 벌룬 매직쇼,서커스/마술,서커스/마술,,,탑(TOP)엔터테인먼트(주관),,
7523475,해바라기 사랑으로 콘서트,대중음악,대중가요,"이상, 이주호",,함양군(주최),,
7524167,#해시태그 악령,연극,연극,"김계남, 김선우, 박상현, 김지숙","유수연, 조효린, 최주용 등","아트클럽농(주최), (재)서울문화재단(주최)",도스토예프스키,
7524204,아이즈3rd Single Album THE：IZ 쇼케이스,대중음악,대중가요,,,"(주)뮤직케이엔터테인먼트(주최), (주)뮤직케이엔터테인먼트(주관)",,
7524232,선우정아 3집 Serenade:  VINYL TALK,대중음악,대중가요,선우정아,,"매직스트로베리(주)(주관), 현대카드(주최)",,
7549875,이양경 피아노 독주회,서양음악(클래식),기악,이양경,,지클레프(주최),,
7550319,김유진 피아노 독주회,서양음악(클래식),기악,"김유진, 이선호",,이든예술기획(주최),,
7550718,허자현 피아노 독주회,서양음악(클래식),기악,허자현,,예인예술기획(주최),,
7551162,추민실 귀국 피아노 독주회,서양음악(클래식),기악,추민실,,(사)부암뮤직소사이어티(주최),,
7551569,방세원 바이올린 독주회,서양음악(클래식),기악,"방세원, 김한길",,(주)마스트미디어(주최),,
7552015,소프라노 이소혜 귀국 독창회,서양음악(클래식),성악,"이소혜, 이정선",,영음예술기획(주최),,
7552459,한-러 수교 30주년 기념음악회 [세종문화회관],서양음악(클래식),기악,"이리나 오시포바, 키릴 카슈닌, 김현희, 조상현, 김유진 등",,지클레프(기획사),,
7552899,방아람 피아노 독주회,서양음악(클래식),기악,방아람,,이든예술기획(주최),,
7614953,KBS교향악단 신년음악회,서양음악(클래식),기악,"알렉산더 라자레프, 임동민 등",,"(재)노원문화재단(주최), (재)노원문화재단(주관)",,
7631264,제29회 하이원 서울가요대상,대중음악,기타,,,"스포츠서울(주최), 스포츠서울(주관)",,
7638148,제136회 군산시립교향악단 정기연주회,서양음악(클래식),기악,"우예주, 백정현",,"군산시청(주최), 군산시립교향악단(주관)",,
7654631,우리 아빠가 최고야 [인천],뮤지컬,뮤지컬,,,(주)엔엔터테인먼트(주최),,
7657319,홍성군민과 함께하는 신년음악회,대중음악,기타,"정선아, 이봉근, 염유리, 김이선 등",,,,
7658428,희망콘서트,대중음악,대중가요,"남경주, 김선경, 한송이 등",,보령시청(주최),,
7658829,"무행: 고독과 고요, 그리고 용기",무용(서양/한국무용),한국무용,"정이세, 김수경, 권소정, 김유미, 임영순, 장예린, 정명훈 등","임영순, 김유미, 한동희","예술의 공 협동조합(주최), 예술의 공 협동조합(주관)",,
7658959,제4회 서울 가야금 앙상블 정기 연주회,한국음악(국악),기악,"황이레, 박다솜, 최은선, 김솔, 성주혜, 임도경, 윤지현 등","이찬해, 정유식, 윤혜진 등",서울가야금앙상블(주최),,
7659609,울울창창,한국음악(국악),연희,,박범훈,국립국악원(주최),,
7660381,쥐락펴락,한국음악(국악),연희,,,국립국악원(주최),,
7695344,유터피 목관 오중주단,서양음악(클래식),기악,"이지연, 서상백, 김민이, 최진봉, 김오진",,"엘림아트센터(주최), 엘림아트센터(주관)",,
7695475,한-러수교 30주년기념 신년 음악회,서양음악(클래식),기악,노태철 등,,(주)매경비즈(주관),,
7695948,LAYERED Vol. 1,대중음악,대중가요,,,"(주)웨스트브릿지 엔터테인먼트_삭제(주최), (주)웨스트브릿지 엔터테인먼트_삭제(주관), 웨스트브릿지엔터테인먼트(주관), 웨스트브릿지엔터테인먼트(주최)",,
7696131,"서울남산국악당 설날특집, 전집",한국음악(국악),성악,"김미림, 이은혜, 이덕용, 채수현, 이미리","이희문, 박범태, 임용주 등","이희문컴퍼니(제작사), 서울특별시(주최)",,
7716500,오단해의 탐하다,한국음악(국악),성악,오단해 등,,"(주)인사이트모션 서울돈화문국악당(주최), (주)인사이트모션 서울돈화문국악당(주관)",,
7738685,더오즈,뮤지컬,뮤지컬,,,신세계문화홀 [의정부](주최),,
7739920,흥부와 놀부 [의정부],뮤지컬,뮤지컬,,,,,
7740596,최수정 콘서트 노래&가락 II: 꽃 본 듯이,한국음악(국악),성악,"최수정, 박영희, 공미연, 정윤희, 이유진, 박천지, 천성대 등","황호준, 박정환, 주인로 등",통기획(주최),,
7743188,부산시민회관 새해음악회,서양음악(클래식),기악,,,(재)부산문화회관(주최),,
7746742,소프라노 박현주 독창회,서양음악(클래식),성악,"박현주, 오순영",,UNICO(유니코 예술기획)(주관),,
7746930,장종선 귀국 클라리넷 독주회,서양음악(클래식),기악,"장종선, 송영민, 김지윤",,"음악교육신문(주최), 음악교육신문사(주최)",,
7747234,이수민 귀국 플루트 독주회,서양음악(클래식),기악,"이수민, 최현호",,예인예술기획(주최),,
7747545,문화가 있는 날 SAC 아티스트 라운지 (1월),서양음악(클래식),기악,"심준호, 박현정, 이경준, 이상은",,예술의전당(주최),,
7748671,트리오 솔 앤 프렌즈,서양음악(클래식),기악,"김정미, 최영권 등",,프로아트엔터테인먼트(주최),,
7749261,바이올리니스트 한수진 초청 리사이틀,서양음악(클래식),기악,"한수진, 박영성",,조인클래식(주최),,
7750422,KCO 신년음악회,서양음악(클래식),기악,"찰스 올리비에리 먼로, 볼프강 바우어 등",김민,"(사)코리안챔버오케스트라(구. 서울바로크합주단)(주최), (사)코리안챔버오케스트라(구. 서울바로크합주단)(주관)",,
7752086,제750회 KBS교향악단 정기연주회,서양음악(클래식),기악,"알렉산더 라자레프, 임동민 등",,"(재)KBS교향악단(주최), (재)KBS교향악단(주관)",,
7756596,코리안심포니오케스트라 신년음악회,서양음악(클래식),기악,"정치용, 한여진 등",,(재)코리안심포니오케스트라(국립심포니오케스트라)(주최),,
7895513,"쿵짝2, 얼쑤",뮤지컬,뮤지컬,,,국립아시아문화전당(주최),,
7926907,"Meet the Artist, 바이올리니스트 크리스텔 리",서양음악(클래식),기악,크리스텔 리,,(주)마스트미디어(주최),,
7936053,"Over the Moonbow vol11, 김훨 ＆ 정민균",대중음악,대중가요,"김훨, 정민균",,"Over the Moonbow(오버더문보우)(주최), Over the Moonbow(오버더문보우)(주관)",,
7946417,"차세대열전, 다용도 접이식 가족",연극,연극,"박지한, 유승락, 이서연, 박시영, 김성준, 박소아, 박현주","오현우, 김혜지, 탁형선 등","한국문화예술위원회(주최), 한국문화예술위원회(주관)",진실,
7946546,"차세대열전, 더플백",연극,연극,"김정운, 박민정, 박충현, 신소연, 황규찬","정혜린, 김지영, 정진웅 등","한국문화예술위원회(주최), 한국문화예술위원회(주관)",김지현,
7946666,"차세대열전, 환상회향",연극,연극,"김문식, 김정환, 곽성은, 김승환, 이동혁, 황선화, 심원석 등","이철희, 이현경, 김연수 등","코너스톤(제작사), 한국문화예술위원회(주최), 한국문화예술위원회(주관)",고정민,
7946782,"차세대열전, 연습",한국음악(국악),기악,한지윤,"주정현, 신나경, 최세진 등",한국문화예술위원회(주최),,
7947116,인간실격,무용(서양/한국무용),한국무용,"김석중, 박성율, 김은정, 정다은, 김민지, 윤건, 윤강 등","윤민석, 김용현, 정순태 등",마묵무용단(댄스컴퍼니 마묵)(제작사),,
7947573,프리즘브레이크 vol.1,대중음악,대중가요,"최고은, 에몬, 천용성",,"프리즘플러스(주최), 프리즘플러스(주관)",,
7985357,제113회 강릉시립교향악단 정기연주회,서양음악(클래식),성악,"류석원, 이정아, 한경성, 강훈, 김동섭, 안희도, 이대범 등",윤상호,"강릉시립교향악단(주관), 강릉시청(주최)",,
7991986,설 · 바람,무용(서양/한국무용),한국무용,,"손인영, 장현수, 박영애 등","국립극장(주최), 국립무용단(주관)",,
7995133,김현채 가야금 연주회,한국음악(국악),기악,"김현채, 김웅식",,줄로(기획사),,
7995939,시카고 주역콘서트: All That Zazz,대중음악,기타,"최정원, 김지우, 성기윤",,신세계 문화홀 [대구](주최),,
7998621,제10회 공주시립합창단 정기연주회,서양음악(클래식),성악,"이재신, 최미란, 박유키호, 유은정, 최승만, 이채란, 현혜정 등",이강호,"공주시립합창단(주관), 공주시청(주최)",,
7999956,라움 신년음악회: VIVA! 2020!,서양음악(클래식),기악,"이응광, 성미경, 김현규, 이소영",,"라움아트센터(라움)(주최), (주)봄아트프로젝트(주최), (주)봄아트프로젝트(주관), 라움아트센터(라움)(주관)",,
7999975,RAP HOUSE VOL.15,대중음악,대중가요,,,"RAP HOUSE(랩하우스)(주최), RAP HOUSE(랩하우스)(주관)",,
8006284,"한수원과 함께하는 문화가 있는 날 Series 1, 희망사항",대중음악,대중가요,변진섭 등,,(재)경주문화재단(주관),,
8013660,소프라노 안선영 귀국 독창회,서양음악(클래식),성악,"안선영, 박마리",,영음예술기획(주최),,
8013663,이정은 피아노 독주회,서양음악(클래식),기악,이정은,,예인예술기획(주최),,
8013664,"아름다운 목요일, 베토벤의 시간 ‘17‘20: 앙상블 블랭크",서양음악(클래식),기악,최재혁 등,,(재)금호아시아나문화재단 (금호문화재단)(주최),,
8013780,정한솔 플루트 독주회,서양음악(클래식),기악,"정한솔, 앤드류 배",,클라쎄(주최),,
8022103,벌룬 서커스 [목동],서커스/마술,서커스/마술,박재근,,"문화공작소 조이(주최), 문화공작소 조이(주관)",,
8022514,SUN KIM JAM DAY,대중음악,재즈/월드뮤직,"정명준, 브루스강, 김영재",,"(재)이도문화재단(주최), 더노라 스테이지와이(주관)",,
8030496,프린세스 마리 [미아],뮤지컬,뮤지컬,,,"문화공작소 조이(주최), 문화공작소 조이(주관)",,
8030847,미녀와 야수 [수원],뮤지컬,뮤지컬,,,"극단 중원극회(주최), 극단 중원극회(기획사)",,
8060806,명품국악,한국음악(국악),성악,"오정혜, 고금성, 유태평양, 김현호 등",,"(재)거창문화재단(주최), (재)거창문화재단(주관)",,
8061240,015B x 김형중,대중음악,대중가요,김형중 등,,"(재)거창문화재단(주최), (재)거창문화재단(주관)",,
8062296,수성아트피아 국악축제,한국음악(국악),혼합,"김기덕, 김지영, 이채현, 서민정, 허정민, 김재락, 우장희 등",배병민,"(재)수성문화재단 수성아트피아(주관), 한국문화예술회관연합회(KoCACA)(주최)",,
8062323,마티네 콘서트 Ⅱ (8월),서양음악(클래식),기악,"백진현, 김은주 등",,"(재)수성문화재단 수성아트피아(주최), (재)수성문화재단 수성아트피아(주관)",,
8062341,여름은 덥고 겨울은 길다 [부산],연극,연극,,"박근형, 이현직, 김혁민 등","극단 골목길(주관), (재)부산문화회관(주최)",박근형,
8062792,거인의 정원 [부산],무용(서양/한국무용),발레,"방도용, 서원오, 김혜정, 박은비, 김명윤, 김민찬, 박은지 등","김옥련, 유상흘, 전현미 등","을숙도문화회관(주최), 을숙도문화회관(주관), 김옥련발레단(주관)",,
8063013,빨래 [부산],뮤지컬,뮤지컬,"장혜민, 노희찬, 강정임, 양미경, 김희창, 안두호, 서인권 등",,"을숙도문화회관(주관), (주)씨에이치수박(주관), 한국문화예술회관연합회(KoCACA)(주최), 을숙도문화회관(주최)",,
8082952,로빈,뮤지컬,뮤지컬,"김대종, 김종구, 정상윤, 임찬민, 취미소, 박정원, 최석진 등","임동균, 현지은, 강소연 등","(주)쇼플레이(제작사), KT&G 상상마당(주최)",,
8084825,자라는 자라,한국음악(국악),혼합,"이나라, 심소라, 김민정, 정진우, 이우영, 김주리, 장경희","이가현, 신창렬, 김일현","(재)구로문화재단(주관), 한국문화예술회관연합회(KoCACA)(주관)",,
8085220,나포리 음악다방,연극,연극,"조석준, 권태진, 손난희, 김현준, 김수연, 신시아, 조현숙 등","김동순, 배새암, 최아름 등","(재)구로문화재단(제작사), 한국문화예술회관연합회(KoCACA)(주최), 한국문화예술회관연합회(KoCACA)(주관)",배새암,김동순(각색)
8087295,Super 루나틱 [안동],뮤지컬,뮤지컬,"박해미, 박웅, 송병철, 은가은, 송영길, 임선아, 백재현 등","권오섭, 황선영, 김혜진 등","안동문화예술의전당 (평생학습원)(주최), 안동문화예술의전당 (평생학습원)(주관), (주)이엘프러스(제작사)",,
8087319,부산시립청소년교향악단 특별연주회: 위로,서양음악(클래식),기악,,,"부산시립예술단(주관), (재)부산문화회관(주최)",,
8087500,"부산문화회관 챔버페스티벌, 부산시향 역대 악장들이 선사하는 4인 4색 4계 선율 속으로",서양음악(클래식),기악,"박성완, 김복수, 신상준, 김동욱, 임홍균 등",,(재)부산문화회관(주최),,
8088056,부산시립교향악단 기획음악회,서양음악(클래식),기악,"최수열, 이민형 등",,"부산시립예술단(주관), (재)부산문화회관(주최)",,
8089744,"부산시립국악관현악단 특별연주회, 팥빙수 같이 시원한 콘서트",한국음악(국악),기악,"조갑용, 민영치, 팽가붕 등",,"부산시립예술단(주관), (재)부산문화회관(주최)",,
8091668,더 클라운,뮤지컬,악극,,,"(재)세종시문화재단(주관), 세종특별자치시청(주최)",,
8092088,"봉포유, 라이브밴드와 함께하는 뮤지컬 갈라콘서트 [대구] (8월)",뮤지컬,뮤지컬,"구지영, 박혜인, 김민지, 조경섭, 김희윤, 이동균, 김용인 등",손호석,"봉산문화회관(주최), 봉산문화회관(주관)",,
8092333,"제20주년 기념 대전국제음악제, 베토벤 탄생 250주년 기념콘서트",서양음악(클래식),기악,"여자경, 조인상, 이송희, 강우성 등",,대전예술의전당(주최),,
8092606,"제20주년 기념 대전국제음악제, 이지혜 ＆ 앙상블 콘쿠오레",서양음악(클래식),기악,"이지혜, 박재홍, 오영근, 안병각, 김무선, 안세훈, 김정하 등",,"대전예술기획(주최), 대전예술의전당(주최)",,
8092677,"제20주년 기념 대전국제음악제, 김미숙의 음악산책 : 헌정",서양음악(클래식),기악,"김미숙, 김근도, 장진선, 성재창, 송헤주, 김재형 등",,"대전예술기획(주최), 대전예술의전당(주최)",,
8092904,대전시립교향악단 마스터즈시리즈 8,서양음악(클래식),기악,"성시연, 김필균, 양성원, 문지영",,"대전광역시청(주최), 대전시립교향악단(주관)",,
8093016,"제20주년 기념 대전국제음악제, 테너 김재형 리사이틀",서양음악(클래식),성악,"김재형, 홍주영, 박혜림, 김찬미, 김지훈",,"대전예술기획(주최), 대전예술의전당(주최)",,
8093093,"제20주년 기념 대전국제음악제, 금난새와 뉴월드 필하모닉",서양음악(클래식),기악,"금난새, 신성희 등",,"대전예술기획(주최), 대전예술의전당(주최)",,
8093353,"제20주년 기념 대전국제음악제, 카발레리아 루스티카나",서양음악(클래식),오페라,"여자경, 이강호, 최원익, 임찬양, 김정규, 길경호, 김혜영 등",,"대전예술기획(주최), 대전예술의전당(주최)",,
8093521,정지훈의 클래식 음악회,서양음악(클래식),기악,정지훈,,신세계문화홀 [센텀시티](주관),,
8093891,나는 독립군이 아니다 [부산],뮤지컬,뮤지컬,"박찬영, 김인하, 박슬기, 김도한, 이혁우, 박준수, 문석종 등","차승호, 강원재, 오세민 등",(재)영화의전당(주최),,
8099374,"영화의전당 마티네콘서트 마스터피스 시리즈, 클래식을 만나다 (8월)",서양음악(클래식),기악,"김주원, 왕지원 등",,(재)영화의전당(주최),,
8099405,"마티네콘서트, 발레리나 김주원 Ⅰ",무용(서양/한국무용),발레,"김주원, 왕지원 등",김주원,"(재)영화의전당(주최), (재)영화의전당(주관)",,
8100672,클래시칸 앙상블의 꿀벌 마야의 모험,서양음악(클래식),기악,"최고은, 강찬욱, 박신애, 오유선, 이현진, 변신영 등",,"클래시칸 앙상블(주최), 클래시칸 앙상블(주관), (재)광진문화재단(주최), (재)광진문화재단(주관)",,
8106734,"전라북도 공연예술 페스타, JAZZ 전주에 빠지다 [전주]",대중음악,재즈/월드뮤직,,"이승곤, 유승열, 최만 등","국악실내악단 한음사이(주최), 국악실내악단 한음사이(주관)",,
8106984,아브락사스 [대구],연극,연극,"이동빈, 김채현, 김민정","차영준, 이세기, 정대훈 등",,차영준,
8107076,"권리장전, 친일탐구: 패드립",연극,연극,,추준호,,추준호,
8107091,"권리장전, 친일탐구: 뇌까리다",연극,연극,"이민지, 심현미, 박상범, 윤경화, 곽하은, 이지영","박혜선, 이지영, 김성구 등",극단 사개탐사(제작사),이지영,
8115282,마이 리틀 콘서트,한국음악(국악),기악,"박상현, 신명욱, 이정권, 김재우, 박진선, 구민지, 조윤영 등",,"(재)금천문화재단(주최), (재)세종문화회관(주최), 서울특별시(주최), (재)금천문화재단(주관), (재)세종문화회관(주관), 서울특별시(주관)",,
8115473,에티카 앙상블과 떠나는 세계 음악 여행,서양음악(클래식),기악,"김홍연, 최서희, 전혜성, 방지성, 박노익, 최한결, 김승원",,"(재)세종문화회관(주최), (재)세종문화회관(주관), (재)세종문화회관(주최), (재)세종문화회관(주관)",,
8116938,풍월주,뮤지컬,뮤지컬,"이율, 이석준, 김현진, 박준휘, 백동현, 문진아, 진성민 등","신동은, 정민아, 박기헌 등",(주)랑(제작사),,
8127932,학벌사회,연극,연극,"오지숙, 고형준, 차두리, 박민정, 장기석, 조성우, 손우정 등","서현우, 반영진, 박주원 등",,정찬,"서현우, 변영진(각색)"
8127975,문밖에서,연극,연극,"김숙자, 김경희, 권향자, 김지원, 김시영, 한철훈, 조시현 등","이양구, 김진이, 조경훈 등","극단 해인(제작사), 두산아트센터((재)두산연강재단)(기획사), 극단 해인(기획사)",이양구,
8150390,"Talks On Music ＃8, 픽보이",대중음악,대중가요,,,"롤링홀(주최), 롤링홀(주관)",,
8150647,해리빅버튼 앨범 발매 기념 콘서트,대중음악,대중가요,,,"롤링홀(주최), 롤링홀(주관)",,
8168717,대한민국전형적인살인청부업자이야기,연극,연극,"김홍표, 김형명, 신혜지, 정초립, 정현승, 김환제, 홍지원 등","김용광, 박민정, 최연수 등",서울특별시(주관),민복기,김용광(각색)
8168786,"창작산재, 올해의 신작",연극,연극,,,,,
8168878,포스트 코로나 새로운 시대 새로운 공연: 지휘자 이승원 ＆ 플루트 조성현,서양음악(클래식),기악,"이승원, 조성현",,"경상필하모닉오케스트라(주최), 경상필하모닉오케스트라(주관)",,
8198786,두 번째 달,연극,연극,"강여진, 김규섭, 김기주, 김미나, 김지애, 방미라, 유영전 등","박예랑, 오택조, 박범준 등",,,
8199093,"제19회 의정부음악극축제, 게임회사 중창단 [의정부]",뮤지컬,악극,"김태윤, 오승준, 이기창, 이진리, 정한슬, 조휘주","도옥림, 손님, 김태윤 등",(재)의정부문화재단 (의정부예술의전당)(주최),,손님(각색)
8199250,"제19회 의정부음악극축제, 두들팝 [의정부]",뮤지컬,악극,"염용균, 김승환","이길준, 염용균, 백성록","(유)브러쉬씨어터(제작사), (재)의정부문화재단 (의정부예술의전당)(주최)",,
8199563,DJ와 함께 떠나는 한여름의 세계음악여행 [광주],대중음악,대중가요,문형식 등,,"(재)광주문화재단(주최), (재)광주문화재단(기획사)",,
8202019,지하철 1호선 [군산],뮤지컬,뮤지컬,,"김민기, 정재일","학전(제작사), 군산시청(주관), 군산시청(주최)",,
8202550,"전라북도 공연예술 페스타, 꼬레아 우라 [전주]",뮤지컬,뮤지컬,"이민아, 양시은, 김류하, 김성민, 박정현, 조영준, 이상흔 등","박근영, 김세선, 이주현","(유)뮤지컬 수 컴퍼니(주최), (유)뮤지컬 수 컴퍼니(주관)",,
8202718,"전라북도 공연예술 페스타, 꽃 찾으러 왔단다 [전주]",뮤지컬,뮤지컬,,,,,
8202868,제6회 공주시립합창단 기획연주회,서양음악(클래식),성악,"이재신, 최자영, 고성현, 박유키호, 최미란, 방수연, 김진안 등",,"공주시립합창단(주관), 공주시청(주최)",,
8203602,트로트 공주 콘서트,대중음악,대중가요,"이우형, 박성현 등",,"공주시문화시설사업소(공주문예회관)(주관), 공주시청(주최)",,
8204025,빈센트 반 고흐 [당진],뮤지컬,뮤지컬,"김대현, 박정원","한승원, 김종석, 김규종 등","당진문예의전당(주관), (재)당진문화재단(주관), 당진문예의전당(주최), (재)당진문화재단(주최)",,
8205064,오즈의마법사 [서산],뮤지컬,뮤지컬,,,한국문화예술회관연합회(KoCACA)(주최),,
8205626,내일은 미스트롯 전국투어 콘서트: 청춘 [전주],대중음악,대중가요,"송가인, 정미애, 정다경, 박성연, 김소유, 하유비 등",,"(주)코로나씨앤씨그룹(주최), (주)코로나씨앤씨그룹(기획사)",,
8210190,맛있는 마술쇼 [천안],서커스/마술,서커스/마술,,,키즈플러스(주최),,
8210575,KP발레단협회 전막공연: 돈키호테,무용(서양/한국무용),발레,"박예은, 하지석, 이루리 등",,,,
8210796,썸머클래식,서양음악(클래식),기악,"최혁재, 정경영, 이화경, 이윤석 등",,"서울시유스오케스트라(주관), (재)세종문화회관(주최)",,
8211397,"앙상블 콘서트 Ⅰ, Strings",서양음악(클래식),기악,"김응수, 정경영, 이윤석 등",,"(재)세종문화회관(주최), 서울시유스오케스트라(주관)",,
8211710,"앙상블 콘서트 Ⅱ, Winds",서양음악(클래식),기악,정경영 등,이석준,"(재)세종문화회관(주최), 서울시유스오케스트라(주관)",,
8275962,윤소영 ＆ 웨인 린 브람스 바이올린 소나타 전곡 시리즈,서양음악(클래식),기악,"윤소영, 웨인 린",,영음예술기획(주최),,
8276234,강신일 귀국 클라리넷 독주회,서양음악(클래식),기악,"강신일, 성해린, 오유선",,영음예술기획(주최),,
8276454,제2회 콰르텟 Y 정기연주회,서양음악(클래식),기악,"송지현, 양현우, 김지현, 박선아",,예인예술기획(주최),,
8276696,박현정 플루트 독주회,서양음악(클래식),기악,"박현정, 이미솔, 윤효린",,지클레프(주최),,
8277093,최주연 첼로 독주회,서양음악(클래식),기악,최주연,,(주)마스트미디어(주최),,
8277299,최주연 첼로 솔로 독주회,서양음악(클래식),기악,최주연,,(주)마스트미디어(주최),,
8277329,숲으로의 초대,한국음악(국악),기악,"이주은, 이지연, 최인영, 곽재영, 홍세린, 김선효, 한나리 등",박호성,서울시국악관현악단(주최),,
8277456,김민희 플루트 독주회,서양음악(클래식),기악,"김민희, 허정화",,"음악교육신문(주최), 음악교육신문사(주최)",,
8277603,이선호 피아노 독주회,서양음악(클래식),기악,이선호,,예인예술기획(주최),,
8277856,고희안 트리오 5집 앨범 발매 콘서트,대중음악,재즈/월드뮤직,"고희안, 정용도, 한웅원",,"(주)피알엠 아이디어랩(기획사), (주)피알엠 아이디어랩(주최)",,
8278043,박경민 귀국 피아노 독주회,서양음악(클래식),기악,박경민,,예인예술기획(주최),,
8278243,"산울림 고전극장, 시라노 컴플렉스",연극,연극,"이호철, 최엄지, 전호현, 오문강, 천우리","심재욱, 이왕혁, 유다미 등","극단 송곳(제작사), 극단 산울림(주최)",에드몽 로스탕,이왕혁(각색)
8278872,잠깐만,연극,마임,"이지혜, 김혜숙, 고재경","고재경, 고능석, 김지영 등","마임공작소 판(제작사), 마임공작소 판(주최), 마임공작소 판(주관)",,
8278947,서울그랜드필하모닉오케스트라와 함께하는 오페라 갈라 콘서트,서양음악(클래식),오페라,"서훈, 이소연, 박소은, 양송미, 나희영, 이사야, 최영준 등",,서울그랜드필하모닉오케스트라(주최),,
8285828,최현아 피아노 독주회,서양음악(클래식),기악,최현아,,아투즈컴퍼니(주최),,
8286014,윤정인 귀국 오보에 독주회,서양음악(클래식),기악,윤정인,,예인예술기획(주최),,
8286191,정상욱 귀국 피아노 독주회,서양음악(클래식),기악,정상욱,,조인클래식(주최),,
8286415,노모스 트리오 정기연주회,서양음악(클래식),기악,"박성미, 안종현, 전소영",,현대문화기획(주최),,
8286924,유미향 피아노 독주회,서양음악(클래식),기악,유미향,,지클레프(주최),,
8287253,원종호 귀국 피아노 독주회,서양음악(클래식),기악,원종호,,예인예술기획(주최),,
8287443,서울클라리넷 앙상블과 함께하는 해설이 있는 청소년음악회,서양음악(클래식),기악,"김현곤, 송정민, 장재영, 김은경 등",,"지클레프(주관), 서울클라리넷앙상블(주최)",,
8287752,황소진 첼로 독주회,서양음악(클래식),기악,"황소진, 김고운",,지클레프(),,
8288086,권수미 유지수 피아노 두오 리사이틀,서양음악(클래식),기악,"권수미, 유지수",,이든예술기획(주최),,
8288380,김혜진 바이올린 독주회,서양음악(클래식),기악,"김혜진, 홍소유",,지클레프(주최),,
8288901,오병철 플루트 독주회,서양음악(클래식),기악,"오병철, 한상일, 임시내, 오은철, 김유성",,(주)마스트미디어(주최),,
8289139,음악으로 듣는 러시아 동화 이야기: 호두까기인형＆피터와늑대,서양음악(클래식),기악,"윤정연, 김상훈, 나승준, 이춘미, 우현경, 강민송, 박소현 등",이동수,뮤직클레프(주최),,
8289372,테너 김성현 초청 리사이틀,서양음악(클래식),성악,김성현,,(주)마스트미디어(주최),,
8289674,함지민 바이올린 독주회,서양음악(클래식),기악,"함지민, 함인아, 김현남",,지클레프(주최),,
8290154,트리오 씰 창단연주회,서양음악(클래식),기악,"이소림, 유하나루, 최고운",,예인예술기획(주최),,
8290421,곽연희 오보에 독주회,서양음악(클래식),기악,"곽연희, 오자경, 최희연, 성재창, 이호찬",,CLASSY LOUNGE(클래시라운지)(주최),,
8290877,코리아목관앙상블 정기연주회,서양음악(클래식),기악,"장선아, 류경균, 유영대, 정수은, 윤승호, 문정재, 노은아 등",,"코리아 목관앙상블(주최), (주)코리아나매니지먼트(주관)",,
8291076,드미트리 시쉬킨 피아노 리사이틀,서양음악(클래식),기악,드미트리 시쉬킨,,또모(주최),,
8292018,"해설이 있는 청소년음악회, 이럴때 이런음악",서양음악(클래식),기악,"이준성, 이형천, 노수영, 신민정, 이승경, 오상은, 문정심 등",,훈엔터테인먼트(주최),,
8292464,제69회 서울챔버앙상블 정기연주회,서양음악(클래식),기악,"한수진, 김준차, 안진",,"한다우리 예술기획(주관), 서울챔버앙상블(주최)",,
8293321,발트앙상블 Our Story,서양음악(클래식),기악,,,"발트 앙상블(주관), 발트 앙상블(주최)",,
8293678,"교향악축제, 부천필하모닉오케스트라",서양음악(클래식),기악,"박영민, 김동현 등",,"예술의전당(주최), 중앙그룹(주최)",,
8295970,"교향악축제, 코리안심포니오케스트라",서양음악(클래식),기악,"정치용, 임동민 등",,"예술의전당(주최), 중앙그룹(주최)",,
8297963,"교향악축제, 강릉시립교향악단",서양음악(클래식),기악,"류석원, 조진주 등",,"예술의전당(주최), 중앙그룹(주최)",,
8299416,"교향악축제, 강남심포니오케스트라",서양음악(클래식),기악,"성기선, 송지원 등",,"예술의전당(주최), 중앙그룹(주최)",,
8300634,"교향악축제, 청주시립교향악단",서양음악(클래식),기악,"조규진, 한상일 등",,"예술의전당(주최), 중앙그룹(주최)",,
8302061,"교향악축제, 인천시립교향악단",서양음악(클래식),기악,"이병욱, 양인모 등",,"예술의전당(주최), 중앙그룹(주최)",,
8303891,"교향악축제, 군포프라임필하모닉오케스트라",서양음악(클래식),기악,"장윤성, 장유진, 이재형, 이한나, 심준호 등",,"예술의전당(주최), 중앙그룹(주최)",,
8305380,"교향악축제, 경기필하모닉오케스트라",서양음악(클래식),기악,"마시모 자네티, 최예은 등",,"예술의전당(주최), 중앙그룹(주최)",,
8307364,"교향악축제, 원주시립교향악단",서양음악(클래식),기악,"김광현, 박종화 등",,"예술의전당(주최), 중앙그룹(주최)",,
8309166,"교향악축제, KBS교향악단",서양음악(클래식),기악,이상은 등,,"예술의전당(주최), 중앙그룹(주최)",,
8311058,제12회 더 멘즈 콰이어 정기연주회,서양음악(클래식),성악,"정형국, 이기성, 곽지웅, 김준홍, 손민호, 윤귀태, 윤일중 등",,"영음예술기획(주관), 더멘즈콰이어남성합창단(주최)",,
8312311,한화생명과 함께하는 예술의전당 11시콘서트 (8월),서양음악(클래식),기악,"홍석원, 김상진, 홍민수 등",,예술의전당(주최),,
8315987,"앤솔러지 시리즈 S, 베토벤 ＆ 멘델스존 [수원]",서양음악(클래식),기악,"마시모 자네티, 최예은",,"(재)경기도문화의전당(주최), 경기필하모닉오케스트라(주관)",,
8316382,만보와 별별머리,한국음악(국악),연희,"김용훈, 선영욱, 안대천, 배정찬, 김정운, 소명진, 권도윤 등","김서진, 조정일, 황민왕 등","한국문화예술회관연합회(KoCACA)(주최), (재)광명문화재단(주관)",,
8316610,인천시립교향악단 기획연주회: 시벨리우스에서 모차르트까지,서양음악(클래식),기악,"이경구, 이길재, 김성혜 등",,"인천시립교향악단(주관), 인천문화예술회관(주최)",,
8333801,오추프로젝트 단독 콘서트: 오추팅,대중음악,대중가요,,,,,
8334153,"제19회 의정부음악극축제, 멜리에스 일루션: 달에 도착",뮤지컬,악극,"이유진, 김대형, 김용근, 유일웅, 조현","장규배, 최경훈, 김종두 등",(재)의정부문화재단 (의정부예술의전당)(주최),,
8335817,"제19회 의정부음악극축제, 디시밴드 & 어쩌다 카니발",뮤지컬,악극,"박예슬, 김환희, 김동연, 정성재, 박종상, 최성은, 김동재 등","김정관, 현재호",(재)의정부문화재단 (의정부예술의전당)(주최),,
8336899,더 해프닝 [대구],연극,연극,"이송희, 이우람",,극단 시소(제작사),안건우,
8336915,인어공주 [대구],뮤지컬,뮤지컬,,"이국희, 정은혜, 신숙희 등","(주)교문(주관), (주)대구백화점 대백프라자(주최)",,
8338548,"대한민국소극장열전, 행복아파트 강아지 도난사건",연극,연극,"양상아, 최욱로, 박나래미, 위소라, 김연재","홍자연, 최기현, 이준선 등","대한민국소극장열전(주최), 대한민국소극장열전(주관)",백성호,
8338554,"대한민국소극장열전, 인간의 무늬",연극,연극,"최창우, 오새희, 김용희, 오성완","이당금, 정봉환, 오성완 등","대한민국소극장열전(주최), 대한민국소극장열전(주관)",로맹가리,"송한울(번안,각색)"
8338561,"대한민국소극장열전, 아빠들의 소꿉놀이",연극,연극,"김영균, 박천기, 위유정","황윤동, 이언진, 이규용 등","대한민국소극장열전(주최), 대한민국소극장열전(주관), (사)문화창작집단 공터다(주관)",오세혁,
8338567,"대한민국소극장열전, 개이야기 [대구]",연극,연극,"백광현, 이대규, 유정인","정철원, 김영남, 이도훈 등","대한민국소극장열전(주최), 대한민국소극장열전(주관), (사)한울림 (극단한울림)(제작사)",에드워드 올비,정철원(각색)
8338580,"제20주년 기념 대전국제음악제, 여미혜 첼로 리사이틀",서양음악(클래식),기악,"여미혜, 박은희",,"대전예술기획(주최), 대전예술의전당(주최)",,
8338614,슈만의 위대한 로맨티시즘 [대전],서양음악(클래식),기악,"최영민, 박수희, 최희정, 강령은, 최진영, 이명, 김혜미 등",,(주)스펙트럼(주관),,
8338640,"제20주년 기념 대전국제음악제, 최재혁 김유빈 & 앙상블 블랭크",서양음악(클래식),기악,"최재혁, 김유빈 등",,대전예술의전당(주최),,
8338767,이명 첼로 리사이틀 [대전],서양음악(클래식),기악,이명,,(주)스펙트럼(주최),,
8338814,제1회 대전음악협회 회원음악회 [대전],서양음악(클래식),기악,"이영은, 박지은, 이아름, 송인호, 김유리, 김도이, 강정호 등",,"(주)스펙트럼(주관), (사)한국음악협회 대전광역시지회(주최)",,
8338834,유벨톤 관악 앙상블 코로나 19 탈출 음악회 [대전],서양음악(클래식),기악,,,"유벨톤 심포니 오케스트라(주최), 유벨톤 심포니 오케스트라(주관)",,
8338868,송혜주 피아노 독주회 [대전],서양음악(클래식),기악,송혜주,,유진예술기획(주최),,
8338877,"아침을 여는 클래식, 작곡가 김효근의 아트팝 가곡 콘서트 (8월)",서양음악(클래식),성악,"김승직, 송난영, 문재원",김효근,대전예술의전당(주최),,
8339089,제30회 대전아트오케스트라 정기연주회,서양음악(클래식),기악,"윤성규, 김가인, 도예라, 임려원, 김다혜, 민서영, 이민서 등",,"대전아트오케스트라(주최), 유진예술기획(주관)",,
8339105,소프라노 이은진 귀국독창회 [대전],서양음악(클래식),성악,"이은진, 강민경",,,,
8339106,"썸머뉴아티스트콘서트, 소프라노 김재이",서양음악(클래식),성악,김재이,,대전예술의전당(주최),,
8339190,"썸머뉴아티스트콘서트, 피아니스트 신준희",서양음악(클래식),기악,신준희,,대전예술의전당(주최),,
8339283,"썸머뉴아티스트콘서트, 첼리스트 김보라",서양음악(클래식),기악,김보라,,대전예술의전당(주최),,
8339367,어림없는 청춘,뮤지컬,뮤지컬,"현석준, 박상윤, 윤승우, 지승태, 김지웅","정성경, 남궁유진, 류정아 등",CJ문화재단(주최),,
8383290,조선樂광대 그들처럼 Ⅱ: 길을 간다,무용(서양/한국무용),한국무용,"이수현, 백경우, 정준호, 이성준, 박정진, 김연수, 이은송 등",이수현,"이수현 가무악예술단(주최), (주)공연문화예술 봄(주관)",,
8383444,북녘의 우리소리,한국음악(국악),기악,,,"국립국악원(주최), 국립국악원(주최)",,
8383682,춤길: 임수정 전통춤판,무용(서양/한국무용),한국무용,"임수정, 이종호, 김호동, 최진숙, 박정경","임수정, 유인상, 황정남 등","한국전통춤예술원(주최), 한국전통춤예술원(주관)",,
8383957,"수요열린예술무대, 뒤란 (8.12)",대중음악,대중가요,,,"울산문화예술회관(주관), 울산광역시청(주최)",,
8384095,행복 ＆ 힐링 콘서트,대중음악,대중가요,"최정원, 박주언, 나하나, 허영훈 등",,속초시(주최),,
8384475,제136회 원주시립교향악단 정기연주회,서양음악(클래식),기악,"김광현, 이지수, 박종화 등",,"원주시청(주최), 원주시립교향악단(주관)",,
8384574,WE WILL 樂 KOREA,한국음악(국악),기악,"심재광, 고명기, 이종섭, 이종화, 박달나무, 김은정, 박하나 등","이양규, 안민정, 박동일 등","(사)한국전통문화예술원(주관), (사)한국전통문화예술원(주최)",,
8384943,뚜껑없는 열차,연극,연극,"김영웅, 전형숙, 김성훈, 김영민, 순우경, 유영전, 이지은 등","천대웅, 장용석, 임일 등","철원군(주최), 철원예술단(주관)",김원진,천대웅(각색)
8385470,박마우마의 땐쇼,무용(서양/한국무용),현대무용,"최수진, 서일영, 서보권, 라명숙, 김수로, 김홍인, 이한나 등",,"앳더로비컴퍼니(주최), 앳더로비컴퍼니(주관)",,
8400670,반달,연극,연극,"박재현, 백우람, 송명인, 원영숙, 이필주","권건하, 권라임, 허진경 등",,김소망,
8405539,Stage 30,대중음악,대중가요,"선우정아, 송영주, 임헌일 등",,"스트라디움(주최), 유나이티드프로듀서스(UPD)(주관)",,
8405556,바리톤 이응광의 Song for Hope,서양음악(클래식),성악,"이응광, 이소영 등",,(주)봄아트프로젝트(주최),,
8405593,두 여자 [서산],연극,연극,,,"서산시청(주관), 서산시청(주최)",,
8406118,모차르트 레퀴엠,서양음악(클래식),성악,서형일 등,,서산시립합창단(주관),,
8406226,썸머매직쇼캉스 [홍주],서커스/마술,서커스/마술,,,"한국문화예술회관연합회(KoCACA)(주최), 한국문화예술회관연합회(KoCACA)(주관)",,
8414903,"대한민국소극장열전, 아빠들의 소꿉놀이 [구미]",연극,연극,"김영균, 박천기, 위유정","황윤동, 이언진, 이규용 등","(사)문화창작집단 공터다(주최), (사)문화창작집단 공터다(주관)",오세혁,
8414913,"대한민국소극장열전, 개 이야기 [구미]",연극,연극,"백광현, 이대규, 유정인","정철원, 김영남, 이도훈 등","(사)문화창작집단 공터다(주최), 대한민국소극장열전(주관)",에드워드 올비,정철원(각색)
8414939,"ACC 슈퍼클래식, 손열음&스베틀린 루세브 듀오 콘서트",서양음악(클래식),기악,"손열음, 스베틀린 루세브",,국립아시아문화전당(주최),,
8415589,제60회 순천시립극단 정기공연: 십이야,연극,연극,"김효승, 양서정, 박광재, 이성호, 배준수, 최보희, 정회성 등","반무섭, 서수현, 김혜지 등","순천시문화예술회관(주최), 순천시립극단(주관)",윌리엄 셰익스피어,반무섭(각색)
8416615,베이스 구본수 콘서트 [대구],서양음악(클래식),성악,구본수,,"(주)위클래식(주관), (주)위클래식(주최)",,
8417443,이민혁 소극장 장기 콘서트: 소행성 두 번째 이야기,대중음악,대중가요,이민혁,,민트페이퍼(주최),,
8438725,"밀양공연예술축제, 한 여름 밤의 꿈",연극,연극,"김미령, 권재원, 정은영, 이상일, 신양주, 박재연, 성원 등","임도완, 권수현, 김요찬 등",(재)밀양문화재단(주관),,
8440162,"밀양공연예술축제, 너의 역사",연극,연극,"김일교, 이예슬, 박상연, 김위영, 차영우, 이승목, 한상욱 등","허수현, 문종근, 강상길 등",(재)밀양문화재단(주관),이해제,
8440648,"밀양공연예술축제, 흉가에 볕 들어라",연극,연극,"강원재, 김성은, 심미란, 이민성, 조영미, 이상미, 박유흠 등","김재옥, 김경진, 손희원 등",(재)밀양문화재단(주관),,
8450701,고래야 정규 4집 발매 공연: 박수무곡,한국음악(국악),혼합,"김동근, 김초롱, 함보영, 나선진, 고재현 등","안상욱, 임재덕, 이제훈 등","플랑크톤뮤직(주관), 고래야(주최)",,
8450725,정원영밴드 Home 앨범발매 기념 쇼케이스,대중음악,대중가요,,,(주)비이피씨탄젠트(주관),,
8450775,6 COLORS OF NIGHT,대중음악,재즈/월드뮤직,"신선경, 강태식, 황현무, 성일모, 권다솔, 은정아",,"CJ문화재단(주최), (주)비이피씨탄젠트(주관)",,
8451424,"제7회 대한민국 신진연출가전, 아르바이트",연극,연극,"강민지, 함민영, 김신실, 이길한","홍순섭, 이지은, 한지원 등","(사)한국연출가협회(주최), (사)한국연출가협회(주관), (재)성동문화재단(주최), (재)성동문화재단(주관)",정이현,홍순섭(각색)
8451486,"제7회 대한민국 신진연출가전, 별무리",연극,연극,"안서희, 황인수","김우림, 김린, 유태희 등","(사)한국연출가협회(주최), (사)한국연출가협회(주관), (재)성동문화재단(주최), (재)성동문화재단(주관)",닉 페인,
8451973,"밀양공연예술축제, 비방문 탈취작전",연극,연극,"이계훈, 정유라, 박형근, 박범진, 이헤정, 강대희","권혁, 이선경, 윤정인 등",(재)밀양문화재단(주관),윤정인,
8452233,"밀양공연예술축제, 꼬마 오즈",연극,인형극,"이지유, 강유희, 홍금택, 김홍섭, 김도한","정인배, 김경락, 박해빈 등",(재)밀양문화재단(주관),,
8452739,"밀양공연예술축제, 정크 클라운",연극,연극,"최동석, 김진호, 박현민, 송광일","고능석, 이금철, 박진희 등",(재)밀양문화재단(주관),,
8453103,"밀양공연예술축제, 우산 도둑",연극,연극,"김예나. 김효인, 신덕규, 전영희","김예나, 장성희, 김우정 등","(재)밀양문화재단(주관), 밀양공연예술축제추진위원회(주관)",시빌 웨타신하,
8453428,인디전주 Ep.9: camping,대중음악,대중가요,"최형범 유인하, 정한솔, 오준혁, 김정선 등",,포풀라(주관),,
8455380,캔유럽미,뮤지컬,뮤지컬,"김만식, 권태훈, 오혜린, 박가람, 이유경, 오혜정, 유기원 등",,"(주)페르소나(기획사), (주)페르소나(주최)",,
8455394,페르소나 [부산],연극,연극,"최재민, 김지연, 이은호","최재민, 김정원, 김철현 등","(사)극단 에저또(주최), (사)극단 에저또(주관)",김지연,
8455407,"THE 콘서트, 와러써커스",대중음악,기타,"조재신, 오경록, 황세연, 고한웅, 김재광, 최희용",,"강릉아트센터(주관), 강릉아트센터(주최)",,
8457375,난 토마토 절대 안 먹어 [인천],연극,인형극,,,아띠홀(주최),,
8457426,톰과제리 [인천(앵콜)],뮤지컬,뮤지컬,,,아띠홀(주최),,
8457448,여름밤의 보물,서양음악(클래식),기악,"원아영, 남유리나, 박하은",,쌀롱드무지끄(주최),,
8457474,Summer Time,서양음악(클래식),기악,"김우연, 김민재",,쌀롱드무지끄(주최),,
8457508,뜨거운 여름밤은 가고,서양음악(클래식),기악,"김예지, 이유민, 이세란",,쌀롱드무지끄(주최),,
8457544,Romantic Europe,서양음악(클래식),기악,"안예진, 김민경",,쌀롱드무지끄(주최),,
8457559,우리들의 20세기,서양음악(클래식),기악,"변유연, 장희진, 최소영",,쌀롱드무지끄(),,
8457601,시인의 사랑 Dichterliebe,서양음악(클래식),기악,"박하양, 박진형",,쌀롱드무지끄(주최),,
8457623,Corrientes 348,대중음악,대중가요,연하늘 등,,쌀롱드무지끄(주최),,
8457650,Little Paris in 부암동,서양음악(클래식),기악,"이은주, 정다현",,쌀롱드무지끄(주최),,
8457676,Beyond German,서양음악(클래식),기악,"김은지, 장은경, 박소현, 김소영, 김보영",,쌀롱드무지끄(주최),,
8457696,"오늘, 우리 취하는 BUAM",서양음악(클래식),기악,"손아인, 윤예진, 윤소희, 이세인",,쌀롱드무지끄(주최),,
8457717,Forms and Elements,서양음악(클래식),기악,"김한글, 나다솜",,쌀롱드무지끄(주최),,
8457738,경성스캔들,뮤지컬,뮤지컬,"박소영, 이준호, 오충수, 박정민, 김선영, 홍예린, 정재종","오충수, 김선영, 이준호 등",CS뮤지컬컴퍼니(제작사),,
8457813,두잇아카펠라 금토공연,대중음악,기타,,,두잇아카펠라(주최),,
8457815,60분간의 음악일주 [포항],서양음악(클래식),기악,"손기영, 문현영, 이지환, 라현범, 이정인, 정한솔",방승주,"한국문화예술회관연합회(KoCACA)(주최), (재)포항문화재단(주관), 방타타악기앙상블(주관)",,
8458094,"밀양공연예술축제, 예쁘게 봐주세요",한국음악(국악),혼합,이승우,"이승우, 강유중, 박준범 등","(재)밀양문화재단(주관), 극단적인승우(주관), 극단적인승우(주최)",,
8458159,"밀양공연예술축제, 파수꾼",연극,연극,"김진영, 최원재, 정하솔","윤종수, 신현주, 한정수 등",(재)밀양문화재단(주관),이강백,
8458240,"밀양공연예술축제, 세탁소엔 붕어빵이 있다",연극,연극,"주요한, 박시우, 장종도, 손미나, 윤연경, 김종현, 정으뜸","장종도, 박성민, 류혜진 등",(재)밀양문화재단(주관),장종도,
8458317,"밀양공연예술축제, 당신이 무슨 색을 좋아하더라",연극,연극,"김도윤, 김효섭","정준영, 나예지, 김지혜 등",(재)밀양문화재단(주관),조광래,
8458379,"밀양공연예술축제, 변신-호모 그레고리아",연극,연극,"신동민, 정성태, 임윤경, 박재선, 김단아","안민열, 서영완, 권효원",(재)밀양문화재단(주관),프란츠 카프카,김세한(극본)
8458441,"밀양공연예술축제, 바다에 꽃이 피다",뮤지컬,뮤지컬,"이빛나, 이건희, 이연주, 정현호, 김양섭, 고종승, 박지윤 등","황민형, 최이노, 정낙일 등",(재)밀양문화재단(주관),,
8458506,"밀양공연예술축제, 간, 당신의 상처를 사겠습니다",연극,연극,"이현준, 박정우, 김홍식, 박미영, 안윤철, 권혜원, 오동규 등","김성중, 김하영, 우여진 등",(재)밀양문화재단(주관),김성중,안윤철(각색)
8458578,"밀양공연예술축제, 언필과 지우개",연극,연극,"황현태, 김동민","윤광희, 민광숙, 류승현 등",(재)밀양문화재단(주관),윤광희,
8458638,"밀양공연예술축제, 에라 모르겠다",연극,연극,"조부현, 김충근, 최명경, 이후성, 안상완, 민신혜, 조진호 등","최재성, 이창원, 임성빈",(재)밀양문화재단(주관),최재성,
8458708,"밀양공연예술축제, 빨강 노랑 그리고 파란색들",연극,연극,"이기웅, 조영래, 신보경, 남보현","정성민, 김보경, 나경호 등",(재)밀양문화재단(주관),,
8458771,"밀양공연예술축제, 나의 한국식 아파트",연극,연극,"오승현, 권경은, 이현주, 김위곤, 박한일, 장준호, 김현주 등","김은민, 이정미, 황지선 등",(재)밀양문화재단(주관),박현철,
8458892,"밀양공연예술축제, 페퍼는 나쁘지 않아",연극,연극,"김지은, 이가을","박장렬, 진종민, 유지훈 등",(재)밀양문화재단(주관),이가을,
8459031,"밀양공연예술축제, 천국의 나무",연극,연극,"김담희, 이보람","이광복, 이보람, 유원용 등",(재)밀양문화재단(주관),,
8459152,"밀양공연예술축제, 너, 돈끼호떼",연극,연극,"양승한, 이진철","김형용, 조석준, 김민혜 등",(재)밀양문화재단(주관),,
8459288,"밀양공연예술축제, 엔드게임",연극,연극,"기주봉, 정재진, 임지수, 박윤석","기국서, 오세곤",(재)밀양문화재단(주관),사무엘 베케트,오세곤(드라마터그)
8460321,"공연장으로 고고2, 오늘이와 황우양씨",연극,마당극,"이주행, 김미희, 이광백, 성장순, 김시현, 이신애, 함석영 등",류기형,,류기형,
8460588,알라딘과 자스민공주 [강릉],뮤지컬,뮤지컬,"김다솔, 서가영, 한윤아, 심시원, 노대환, 서지원, 권은정 등","이광열, 조재은, 김명호 등","극단 예일(제작사), 극단 예일(주최), 극단 예일(주관)",,
8461230,민중의 적 [광주],연극,연극,"송정우, 박규상, 정순기, 이영환, 안윤국, 채윤정, 노은지 등","송정우, 권지애, 임준혁 등",극단 사람사이(주관),헨리 입센,송정우(각색)
8539880,집과 집 사이 [제주],연극,연극,"김소여, 전혁준, 김수민","홍서혜, 박민수, 오상은 등","예술공간 오이(주최), 예술공간 오이(주관)",홍서혜,
8539928,"마리아칼라스홀 초청연주 시리즈, 한희철 피아노 독주회 Ⅰ",서양음악(클래식),기악,한희철,,마리아칼라스홀(주최),,
8550273,"제1회 29아나 관람전, 그 해, 영흥도 11-13",연극,연극,"박성원, 김희중, 전성열, 전용범, 박마리솔 등","박수아, 양병환, 김용년 등",,박수아,
8550452,"제1회 29아나 관람전, 비행기 타기 세 시간 전",연극,연극,"김승환, 임한나, 지민영, 김자영","최문경, 최운학, 양종윤 등",,최문경,
8551234,7080콘서트,대중음악,대중가요,,,남양주시립합창단(주최),,
8552927,스위치 [청주],연극,연극,,,"극단 아루또(제작사), 소명기획(주최), 소명기획(주최)",,
8562342,"제19회 의정부음악극축제, 수상한 광대들 [의정부]",뮤지컬,악극,"송태환, 임동식, 유인경, 조예영, 송동윤, 김도혜, 이강우 등",,(재)의정부문화재단 (의정부예술의전당)(주최),,
8562413,"제19회 의정부음악극축제, 도공지몽: 도자기의 비밀 [의정부]",뮤지컬,악극,"송경근, 정지혜, 김은경, 조형곤, 박준호, 고태욱","정지혜, 곽태준, 공희경","서리서리공방(제작사), (재)의정부문화재단 (의정부예술의전당)(주최)",,
8562514,"제19회 의정부음악극축제, 음악으로 보는 디즈니",서양음악(클래식),기악,"김수미, 이선영, 최지원, 이호진, 박유라, 이미성, 위세연 등",,(재)의정부문화재단 (의정부예술의전당)(주최),,
8562621,9 to 5 [대구],연극,연극,"김수양, 박정선, 손제학, 송지은 등","이나경, 조은경, 박정아 등",공연예술창작집단 극단 기차(제작사),이나경,
8562622,햄릿 [대구],연극,연극,이나영,"이나경, 조은경, 박정아 등","공연예술창작집단 극단 기차(주최), 공연예술창작집단 극단 기차(기획사)",윌리엄 셰익스피어,
8563096,"제17회 평창대관령음악제, Hero 영웅",서양음악(클래식),기악,"프레디 켐프, 토모켈러",손열음,"(재)강원문화재단(주관), 강원도청(주최)",,
8563779,"제17회 평창대관령음악제, Ellysium 천상",서양음악(클래식),기악,"김상윤, 스베틀린 루세브",손열음,"(재)강원문화재단(주관), 강원도청(주최)",,
8564391,"제17회 평창대관령음악제, Now or Never 지금 아니면 다시는",서양음악(클래식),기악,"정치용, 이명주, 손열음",손열음,"(재)강원문화재단(주관), 강원도청(주최)",,
8564947,"대관령 베토벤페스트, 혁명과 낭만 250세 청년:  피아니스트 최형록",서양음악(클래식),기악,최형록,,지클레프(주관),,
8564962,"대관령 베토벤페스트, 혁명과 낭만 250세 청년: 어니스트 필하모닉 오케스트라 청소년 음악회",서양음악(클래식),기악,"임우준, 최히원",,지클레프(주관),,
8564970,아이프리즘유 vol.12,대중음악,대중가요,,,"프리즘플러스(주최), 프리즘플러스(주관), 까미뮤직(주최)",,
8565009,"투명물고기 [청주,세종]",연극,연극,"박선령, 이슬기, 이혜림, 조재문","허윤희, 이병호, 정재훈 등","극단 HI뮤지컬컴퍼니(주최), 극단 HI뮤지컬컴퍼니(기획사)",허윤희,
8565637,제5회 롯데장학재단과 함께하는 청춘열전 출사표,대중음악,대중가요,,,"(사)노름마치예술단(주최), (사)노름마치예술단(주관), NOWPAN ENT(기획사), 롯데장학재단(주최)",,
8565657,한-러 수교 30주년 모두가 하나되는 평화콘서트,서양음악(클래식),기악,"권현수, 수렌 바그라투니",,"(사)소리얼필하모닉오케스트라(주최), 영음예술기획(주관)",,
8565723,엘 토요 콘서트,서양음악(클래식),기악,"송영훈, 홍소유, 한지호, 한지혜, 박규희, 레오나르도 브라보, 멜로우 키친 등",,롯데문화재단(제작사),,
8567273,드미트리 시쉬킨 & 윤아인 듀오 콘서트 With 또모,서양음악(클래식),기악,"드미트리 시쉬킨, 윤아인",,"또모(주최), 또모(주관)",,
8572659,바흐의 아침,서양음악(클래식),기악,"강승민, 김동현, 이승원",,(사)영아티스트포럼앤페스티벌(주최),,
8573030,윤이상 국제 콩쿨 우승자: 이정현 첼로 리사이틀,서양음악(클래식),기악,"이정현, 앤드류 타이슨",,(사)영아티스트포럼앤페스티벌(주최),,
8573364,현악본색,서양음악(클래식),기악,"강승민, 김동현, 김재원, 이서현, 이승원, 이우일, 이재형 등",,(사)영아티스트포럼앤페스티벌(주최),,
8573744,Musical Super Concert,뮤지컬,뮤지컬,"민우혁, 옥주현 등",,"(사)밀레니엄심포니오케스트라(주최), (사)밀레니엄심포니오케스트라(주관)",,
8576956,Music in the Dark: Momentum,서양음악(클래식),기악,"김종훈, 이재혁, 김지선, 김민주, 이아름, 구본수, 김영아 등",,"롯데문화재단(주최), 한빛예술단(주관)",,
8577588,오페라 카니발 (앵콜),서양음악(클래식),오페라,"김민석, 김승직, 김현수, 정필립, 김주택, 손태진, 손혜수 등",,(주)아트앤아티스트(주최),,
8580620,"썸머 브리즈, 김광민",서양음악(클래식),기악,김광민,,"(주)크레디아뮤직앤아티스트(주최), 롯데컬처웍스(주최)",,
8582509,박숙련 & 이형민 피아노 듀오 리사이틀,서양음악(클래식),기악,"박숙련, 이형민",,음악세계(주최),,
8582512,창악회 창립 62주년 정기발표회,서양음악(클래식),성악,,,창악회(주최),,
8583789,포레스텔라 콘서트: 넬라 판타지아 [서울],대중음악,기타,"강형호, 고우림, 배두훈, 조민규",,(주)아트앤아티스트(주최),,
8597498,인어공주 [창원],뮤지컬,뮤지컬,,,,,
8597655,마술사 찰스의 신비매직쇼 [창원],서커스/마술,서커스/마술,,,드리미(주관),,
8602428,"재즈 명반을 만나다 1, Getz/Gilberto [대구]",대중음악,재즈/월드뮤직,"이용석, 허성, 마리아킴, 옥진우, 김대호, 김건영",,플러스히치(주최),,
8602506,도시: 반향 단독 공연,대중음악,대중가요,,,"(주)이릴레반트(주최), (주)이릴레반트(주관)",,
8602796,History of KNB Movement Series,무용(서양/한국무용),발레,"송정빈, 신승원, 박나리, 김나연, 박슬기, 강효형, 박예은 등",강수진,(재)국립발레단(주최),,
8617311,"대구아티스트위크 시즌 Ⅱ, 작곡: 클래식 루키즈 [대구]",서양음악(클래식),기악,"박민, 홍종원, 채다인, 김현수",,"대구콘서트하우스(주관), 대구콘서트하우스(주최)",,
8617395,"대구아티스트위크 시즌 Ⅱ, 작곡: 작곡가 장은호 & 김성아 듀오 리사이틀 [대구]",서양음악(클래식),기악,"장은호, 김성아, 서경연, 원선윤, 송영민, 문지원, 정헌 등",,"대구콘서트하우스(주관), 대구콘서트하우스(주최)",,
8617450,"대구아티스트위크 시즌 Ⅱ, 작곡: 모던앙상블과 조우 [대구]",서양음악(클래식),기악,"양원윤, 엄윤숙, 김헌일, 이경희, 김지혜, 김소정, 박승원 등",,"대구콘서트하우스(주관), 대구콘서트하우스(주최)",,
8617506,영화감독 곽재용과 함께하는 수원시립예술단 시네마 뮤직 콘서트,대중음악,대중가요,곽재용 등,,,,
8617713,서먹서먹한 부흥회,대중음악,대중가요,,,두인디(주최),,
8617946,오지은 쇼케이스,대중음악,대중가요,오지은,,"유어썸머(주최), 유어썸머(주관)",,
8618278,왓츠유어페이보릿: R&B vs Ballad,대중음악,대중가요,,,"환컴퍼니(주관), 더팩트 실무능력 개발센터(주최)",,
8618307,2020 ½,대중음악,대중가요,김수영,,"매직스트로베리(주)(주최), 매직스트로베리(주)(주관)",,
8618405,기프트 어쿠스틱콘서트: 여름일기,대중음악,대중가요,,,,,
8618905,윤지영 X 오핑: 2020½,대중음악,대중가요,윤지영 등,,매직스트로베리(주)(주최),,
8618987,도단이와 요술주머니 [의정부],연극,인형극,,,극단 상상마당컴퍼니(주최),,
8618993,마술사 테이의 벌룬&매직쇼 [의정부],서커스/마술,서커스/마술,,,극단 상상마당컴퍼니(주최),,
8619036,맛있는 마술쇼 [의정부],서커스/마술,서커스/마술,,,극단 상상마당컴퍼니(주최),,
8619170,블루스 드 아리엘 유닛 콘서트,대중음악,재즈/월드뮤직,,,"한국블루스소사이어티(주최), 한국블루스소사이어티(주관)",,
8619174,타미킴 콘서트,대중음악,재즈/월드뮤직,,,"한국블루스소사이어티(주최), 한국블루스소사이어티(주관)",,
8619234,나와 몬스터 그리고 가방,연극,연극,"한선영, 최정산, 양진규","이영숙, 고순덕, 김재훈 등","극단 올리브와 찐콩(제작사), 극단 올리브와 찐콩(주최), (재)종로문화재단(주최)",이영숙,
8619687,음악을 그리는 첼리스트 양성원 [안동],서양음악(클래식),기악,"양성원, 문지영",,안동문화예술의전당 (평생학습원)(주최),,
8619691,키즈 시네마 with 클래식 [안동],서양음악(클래식),기악,"박소연, 소현정, 정진경, 이법승, 김서현, 채형봉",,안동문화예술의전당 (평생학습원)(주최),,
8625957,공주(孔主)들 (앵콜),연극,연극,"강주희, 고용선, 권주영, 김보경, 김선기, 김정화, 김해미 등","김수정, 배규진, 전웅 등",극단 신세계(구. 창작집단 툭)(제작사),"김수정, 원아영",
8627007,현악 6중주로 만나는 베토벤,서양음악(클래식),기악,"손아인, 윤에진, 김수현, 임정민, 남아연, 임채문",,살롱드 파주(주최),,
8627019,가야금 앙상블 PALETTE: THE RED,한국음악(국악),기악,"김지연, 구지애, 이원주, 이지윤, 이유경, 박수빈, 곽아영 등",정길선,"(주)인사이트모션 서울돈화문국악당(주관), (주)인사이트모션 서울돈화문국악당(주최)",,
8627075,가야금 LAB 오드리: New Day,한국음악(국악),기악,"김다혜, 최은선, 김솔",,"(주)인사이트모션 서울돈화문국악당(주관), (주)인사이트모션 서울돈화문국악당(주최)",,
8627146,춤길동행 무궁무진: 임미례의 무연,무용(서양/한국무용),한국무용,"인남순, 임미례, 조은성, 강주형, 손세희, 최유리, 이예본 등",임미례,"(주)인사이트모션 서울돈화문국악당(주최), (주)인사이트모션 서울돈화문국악당(주관)",,
8627201,써드테이블: 만복사저포기(萬福寺樗浦記),한국음악(국악),성악,"이석종, 이은기, 하지아, 김혜빈, 최재원",,"(주)인사이트모션 서울돈화문국악당(주관), (주)인사이트모션 서울돈화문국악당(주최)",,
8627227,연희공방 음마갱깽: 음마갱깽 인형극장,연극,인형극,"음대진, 방성혁, 박미향, 이주원, 김성대, 김지훈, 윤현진 등",박미향,"(주)인사이트모션 서울돈화문국악당(주최), (주)인사이트모션 서울돈화문국악당(주관), 연희공방 음마갱깽(주최), 연희공방 음마갱깽(주관)",,
8631610,말안듣는청개구리와 개미와베짱이 [부천],뮤지컬,뮤지컬,,,키즈플러스(주관),,
8631926,"예술인 지원을 위한 예술기부 콘서트, 더클래식: 김장훈",대중음악,대중가요,"김장훈, 박상현, 이지원, 이송연 등",,예술의전당(주최),,
8632260,짙은의 소소한 여름,대중음악,대중가요,,,"(주)준토스(주최), 웨스트브릿지엔터테인먼트(주최), 웨스트브릿지엔터테인먼트(주관)",,
8632492,시민삼대 [대구],뮤지컬,뮤지컬,"배경진, 서지웅, 이지민, 김학수, 최은해, 박희재, 김민지 등","임강훈, 박소현, 배수화 등","(사)한국문화공동체 B.O.K(제작사), (사)한국문화공동체 B.O.K(주최), (사)한국문화공동체 B.O.K(주관)",,
8632493,최진사댁 셋째딸 신랑찾기 [대구],연극,마당극,"김진환, 황현아, 이정민, 진기정, 채종욱, 박효주, 김경민, 김필범 등","김강수, 김필범, 최유미 등","(사)한국문화공동체 B.O.K(주최), (주)꿈꾸는씨어터(주관)",,
8633286,미운 아기 오리,뮤지컬,뮤지컬,,,2001아울렛 [구로](주최),,
8634127,미녀와 야수 [공주],뮤지컬,뮤지컬,,,"국립공주박물관(주최), 국립공주박물관(주관)",,
8634343,부모님을 위한 박서진 & 조명섭 효 힐링 콘서트,대중음악,대중가요,"박서진, 조명섭, 김나희, 강예슬",,"(주)대구한국일보사(주관), (주)MPLUS(엠플러스)(주관), (주)대구한국일보사(주최), (주)MPLUS(엠플러스)(주최)",,
8635827,정우 X 예빛: 여름날의 꿈,대중음악,대중가요,,,,,
8635963,"누군가의 플레이리스트 Track.22, 마인드유 단독 콘서트",대중음악,대중가요,,,"청춘그리다(주최), 청춘그리다(주관)",,
8636485,"Another Nice Day ＃27, 김수영&백아&이원우",대중음악,대중가요,"김수영, 이원우 등",,민트페이퍼(주관),,
8637476,"해설이 있는 음악회, 박종화 피아노 리사이틀: 동요，클래식이 되다",서양음악(클래식),기악,박종화,,"인천문화예술회관(주최), 인천문화예술회관(주관)",,
8637664,"해설이 있는 음악회, 클래시칸 앙상블: 빈센트 반 고흐의 음악적 영감",서양음악(클래식),기악,,,"인천문화예술회관(주최), 인천문화예술회관(주관)",,
8638017,"문화콘서트 난장, 나주정미소 난장곡간 (8.6)",대중음악,대중가요,,,"(주)램프(주관), 광주문화방송(주)(광주MBC)(주관), 광주문화방송(주)(광주MBC)(주최)",,
8643314,싸가지 흥부전,연극,마당극,"윤문식, 우상민, 정준태, 김태훈","장경민, 김희송, 박태련 등","극단 시민극장(기획사), 극단 시민극장(주최)",,
8644563,올모스트 메인 [수원],연극,연극,"임미소, 니키, 최수지, 유인선, 김은영, 이종인, 강민원 등","조미선, 안에스더, 김미성 등","극단 메카네(주최), 극단 메카네(주관)",,
8644569,"천원의 행복한 저녁 콘서트, 해설이 있는 클래식 음악회: 피아니스트 김재원 with Friends",서양음악(클래식),기악,,,"문화체육관광부(주최), 양산시시설관리공단(주최), 한국문화예술회관연합회(KoCACA)(주관), 더하우스콘서트(주관)",,
8644720,Ciphers 암호문,연극,연극,"조혜안, 조수연, 황순미, 조형래, 권정훈","신진호, 김준광, 임효섭 등",극단 비밀기지(주최),던 킹,김연재(윤색)
8644829,"금호영재콘서트, 허윤지 더블베이스 독주회",서양음악(클래식),기악,허윤지,,(재)금호아시아나문화재단 (금호문화재단)(주최),,
8644836,"금호영아티스트콘서트, 최나은 오보에 독주회",서양음악(클래식),기악,최나은,,(재)금호아시아나문화재단 (금호문화재단)(주최),,
8644849,윤예슬 귀국 피아노 독주회,서양음악(클래식),기악,윤예슬,,이든예술기획(주최),,
8644851,오지혜 귀국 피아노 독주회,서양음악(클래식),기악,오지혜,,,,
8644854,"금호영재콘서트, 김윤우 더블베이스 독주회",서양음악(클래식),기악,김윤우,,(재)금호아시아나문화재단 (금호문화재단)(주최),,
8644862,"금호영아티스트콘서트, 소프라노 신소연 독창회",서양음악(클래식),기악,신소연,,(재)금호아시아나문화재단 (금호문화재단)(주최),,
8644887,제1회 브라스 엑스 정기연주회,서양음악(클래식),기악,"김성환, 강승호, 송항현, 김보리, 조세훈, 윤현상, 김지은",,이든예술기획(주최),,
8644900,김선민 피아노 독주회,서양음악(클래식),기악,김선민,,이음기획(주최),,
8644913,"아름다운 목요일, 앙상블 로드: 듀오 피다",서양음악(클래식),기악,"한여진, 황세희",,(재)금호아시아나문화재단 (금호문화재단)(주최),,
8644969,이지선 피아노 독주회,서양음악(클래식),기악,이지선,,조인클래식(주최),,
8644971,"금호영재콘서트, 류지아 오보에 독주회",서양음악(클래식),기악,류지아,,(재)금호아시아나문화재단 (금호문화재단)(주최),,
8644990,"금호영체임버콘서트, 블랑 콰르텟 연주회",서양음악(클래식),기악,"김채원, 이유진, 강윤석, 구채린",,(재)금호아시아나문화재단 (금호문화재단)(주최),,
8650125,"영산아트홀 신인연주자시리즈, 이나라 색소폰 독주회",서양음악(클래식),기악,"이나라, 오지은",,"영산아트홀(주최), 영산아트홀(주관)",,
8651127,이귀란 피아노 독주회,서양음악(클래식),기악,이귀란,,영산아트홀(기획사),,
8651433,제26회 시티필하모니오케스트라 정기연주회,서양음악(클래식),기악,"윤동인, 김은혜, 김찬욱, 이경민, 송채원, 이효연, 최예나 등",,"시티필하모니오케스트라(주관), 시티필하모니오케스트라(주최)",,
8670293,소몽(笑夢) [예산],대중음악,대중가요,,,"가온뮤직네트워크(제작사), (재)충남문화재단(주관)",,
8670789,신데렐라 [예산],뮤지컬,뮤지컬,,,극단 국민(주최),,
8674178,"제17회 평창대관령음악제, The Original 오리지널",서양음악(클래식),기악,"신아라, 플로린 일리에스쿠, 알렉상드르 바티",손열음,"(재)강원문화재단(주관), 강원도청(주최)",,
8674633,"제17회 평창대관령음악제, Vision 비전",서양음악(클래식),기악,"김규현, 문웅휘, 박종해, 토모 켈러, 조성현, 배지혜, 손정범 등",손열음,"(재)강원문화재단(주관), 강원도청(주최)",,
8675092,"대관령 베토벤페스트, 혁명과 낭만 250세 청년: Trio Project B  [평창]",서양음악(클래식),기악,"안세훈, 임재성, 최현호 등",,지클레프(주관),,
8675105,썸머스페셜: 재즈나이트 [통영],대중음악,재즈/월드뮤직,"신소이, 이주미 등",,"(재)통영국제음악재단(주최), (재)통영국제음악재단(주관)",,
8675669,대한민국연극제 서울대회,연극,연극,,,"대한민국연극제집행위원회(주관), (사)서울연극협회(주최)",,
8675767,벌룬 & 팝 콘서트 [김제],대중음악,대중가요,"유명지, 임세준",,"김제시(김제시청)(주관), 김제시(김제시청)(주최)",,
8675862,광복 75주년 기념 대한독립만세!: Liberta [김제],서양음악(클래식),성악,"강민석, 손승범, 김은혜 등",,"김제시(김제시청)(주관), 김제시(김제시청)(주최)",,
8675958,햄릿(？),연극,연극,"김다연, 박범석, 문별이, 최필규, 임현제",김승범 등,,,
8676096,그대는 어떠하오? [전주],한국음악(국악),성악,"조민지, 김은총, 이은진, 김은, 정해성, 김일, 송시준","조민지, 최지승, 문지훈 등","포풀라(주관), 포풀라(주최)",,
8676163,신진원의 도원이어데인고,한국음악(국악),성악,"신진원, 황선홍",,(재)우진문화재단(주최),,
8676174,"제1회 코델 페스티벌, 아일랜드",연극,연극,"이예찬, 백종훈","이예찬, 정승아, 김승현","코델아트홀(주최), 생이아름다운극단(주관)",,
8676183,"제1회 코델 페스티벌, 그 날",연극,연극,"박운용, 오주현, 손영림, 최윤정, 채진경, 서희, 정명훈 등","김정한, 이복진, 이하늘","코델아트홀(주최), 생이아름다운극단(주관)",,
8676233,"이응[ㅇ], 울림의 방",한국음악(국악),기악,"이상경, 손민주, 김하경, 한솔잎, 박성진","이경은, 김윤호, 윤유성 등",,,
8676723,빨래 [군포],뮤지컬,뮤지컬,"신고은, 노희찬, 강정임, 양미경, 심우성, 정평, 유동훈 등","추민주, 민찬홍","(재)군포문화재단(군포문화예술회관)(주관), (주)씨에이치수박(주관), 한국문화예술회관연합회(KoCACA)(주최)",,
8678528,여름은 덥고 겨울은 길다 [대구],연극,연극,"방은희, 강지은, 성노진, 오순태, 이호열, 이지혜, 김은우 등","박근형, 이현직, 김혁민 등","극단 구리거울(주최), 극단 구리거울(주관)",박근형,
8678564,"전지적 밴드 시점, 다린 Song on the beach",대중음악,대중가요,강건후 등,,"(재)마포문화재단(마포아트센터)(주최), 한국문화예술위원회(주최), 한국문화예술회관연합회(KoCACA)(주최)",,
8689793,인더스트리,뮤지컬,넌버벌 퍼포먼스,"한정훈, 이슬, 정재은, 박태진, 박시완, 류상우, 천지현 등",,"(주)박골박스(제작사), (주)박골박스(주관)",,
8689858,La belle nuit en été: 아름다운 여름밤 (대구),서양음악(클래식),기악,"김경진, 박윤정, 조영목, 한혜민, 이연희, 박영수, 김준우 등",,"(재)수성문화재단 수성아트피아(주최), 대구음악협회(주관)",,
8689983,"제6회 무죽 페스티벌, 그때 그 사람",연극,연극,,김윤주 등,"극장 동국(주최), 극장 동국(주관)",김윤주,
8690004,타인의 눈 [전주],연극,연극,"홍정은, 정민석, 정찬호","김영오, 정준영, 정민석 등","재인촌 우듬지(주최), 한옥마을아트홀(주관)",피터 쉐퍼,김영오(각색)
8690006,박미희 황지인의 듀오 리사이틀 [인천],서양음악(클래식),기악,"박미희, 황지인",,"엘림아트센터(주관), 엘림아트센터(주최)",,
8690030,바흐콜레기움 [인천],서양음악(클래식),기악,"지민근, 김나연, 윤지혜, 강효정, 장은경",,"엘림아트센터(주최), 엘림아트센터(주관)",,
8690060,Viva la Vida con Musica [인천],서양음악(클래식),기악,"김현미, 김신혜, 권혁민, 권민지, 노혜정, 어유진, 이성미 등",,"엘림아트센터(주최), 엘림아트센터(주관)",,
8690161,이정원 플루트 독주회 [인천],서양음악(클래식),기악,"이정원, 박주영",,"엘림아트센터(주최), 엘림아트센터(주관)",,
8690229,"이평화, 이효원의 바람으로 통하다 [인천]",서양음악(클래식),기악,"이평화, 이효원",,"엘림아트센터(주최), 엘림아트센터(주관)",,
8690424,꼬꼬댁 꼬꼬는 무서워! [원주(앵콜)],연극,연극,"이은아, 주동하, 홍한별, 임승환, 박연희, 고경록, 김성광 등","원영오, 민경욱, 차나영 등","극단 노뜰(주최), 극단 노뜰(주관)",한병호,
8690602,내 친구 송아지,연극,인형극,"강전영, 김태유, 박재홍, 신인선, 오윤주, 최인철","신인선, 송영수그 이인호 등","인형극연구소 인스(주최), 인형극연구소 인스(기획사), (재)구로문화재단(기획사), 오류아트홀(기획사)",황순원,
8690968,토끼와자라 [안산],뮤지컬,뮤지컬,,,드리미(주최),,
8691024,신마술사 [안산],서커스/마술,서커스/마술,,,드리미(주관),,
8691232,"꿈꾸는극장, 겨울왕국",서양음악(클래식),성악,,,"(재)구로문화재단(주최), (재)구로문화재단(주관)",,
8715184,"명가의 초대, 크로스오버 싱어송라이터 이정표",대중음악,기타,이정표,,삼익문화재단(주최),,
8715192,동키즈 시크릿 스테이지,대중음악,대중가요,,,"피지앤픽쳐스(주최), 피지앤픽쳐스(주관)",,
8775540,제7회 피들스현악앙상블 정기연주회,서양음악(클래식),기악,,,"피들스공연기획(주최), 피들스공연기획(주관)",,
8775772,제1회 어니스트 필하모닉 오케스트라 정기연주회,서양음악(클래식),기악,"임우준, 최희원 등",,지클레프(주관),,
8775859,서울비르투오지 챔버오케스트라 기획시리즈,한국음악(국악),기악,"이경선, 이슬기, 허윤정",,"콘서트디자인(주관), 서울비르투오지챔버오케스트라(주최)",,
8775863,"클래식 벽을 허물다 시리즈 Ⅲ, 국악과 함께",한국음악(국악),기악,"이경선, 허윤정, 이슬기 등",,콘서트디자인(주관),,
8779131,무니의 문,연극,인형극,이나영,한혜민,,한혜민,
8779213,A LIVE 3rd 애니송 커버 콘서트,대중음악,대중가요,,,"대원미디어(주)(주최), 대원미디어(주)(주관)",,
8779227,The Chamber CLUB M Var.3,서양음악(클래식),기악,"조성현, 김상윤, 김재원",,(주)마스트미디어(주최),,
8779297,The Class 클라리네티스트 김한,서양음악(클래식),기악,김한,,(주)마스트미디어(주최),,
8779731,강아지똥 [양산],연극,연극,"정래석, 박현호, 조민수, 박주용, 안중현, 오명준, 김나희","김정숙, 양승환, 정수미 등","극단 모시는사람들(주관), 양산시시설관리공단(주관), 한국문화예술회관연합회(KoCACA)(주최), 양산시시설관리공단(주최)",권정생,김정숙(각색)
8780304,다이나믹-K [통영],서커스/마술,서커스/마술,,,"통영시(주최), 한국문화예술회관연합회(KoCACA)(주최), (재)통영국제음악재단(주관), 통영시민문화회관(주관)",,
8780818,오즈의 마법사 도로시의 모험,무용(서양/한국무용),발레,,,"한국문화예술회관연합회(KoCACA)(주최), 함양군문화예술회관(주관), 전북발레시어터(주관), 전북발레시어터(주관)",,
8780960,"한수원과 함께하는 문화가 있는 날, 빨래",뮤지컬,뮤지컬,"김여진, 노희찬, 최정화, 허순미, 윤성원, 정평, 조훈 등",,(재)경주문화재단(주관),,
8783018,"2시의 콘서트, 듀오비비드 Summer Time Fun! (8월)",서양음악(클래식),기악,"치하루 아이자와, 박종훈, 박미선, 박치상",,"한국문화예술회관연합회(KoCACA)(주최), 경주시(주최), (재)경주문화재단(주관), (주)루비뮤직(주관)",,
8783890,"달콤한 작은음악회, 모두가 아는 그 노래",대중음악,대중가요,,,"한국문화예술회관연합회(KoCACA)(주최), 성주군청(주최), 성주문화예술회관(주관)",,
8783984,"달콤한 작은음악회, 사랑이 스며든 클래식 이야기",서양음악(클래식),기악,,,"한국문화예술회관연합회(KoCACA)(주최), 성주군청(주최), 성주문화예술회관(주관)",,
8784082,"달콤한 작은음악회, 우리들의 뚜왓 뚜왓 음악회",대중음악,재즈/월드뮤직,,,"한국문화예술회관연합회(KoCACA)(주최), 성주군청(주최), 성주문화예술회관(주관)",,
8784319,Midnight Blue,서양음악(클래식),기악,"박동석, 강동엽, 이제헌",,쌀롱드무지끄(주최),,
8784353,모노드라마페스티벌,연극,연극,"방혜영, 유참진, 이근호 등","이돈용, 박윤희, 방혜영 등","연극집단 공외(제작사), 극단 목수(제작사)",,
8784419,가족의 탄생,연극,연극,"서진원, 현성, 이승원, 이민한, 이유선, 차이화, 김상균 등","손건우, 도경보, 정태민 등",극단 가족(주최),손건우,
8784444,테레즈 라캥,연극,연극,"김지나, 김혜린, 배은정, 신은지, 오현정, 이은지, 홍지연","김지나, 홍지연, 오현정 등",,이유진,
8784501,김유빈 플루트 독주회 [성남],서양음악(클래식),기악,김유빈,,"티엘아이 아트센터(주최), (주)조슈아(티엘아이 아트센터) (주최)",,
8784979,우리는 농담이(아니)야,연극,연극,"최순진, 조경란, 전박찬, 성수연, 박수진, 나경호, 김효진 등","이은용, 구지혜, 이효진 등","한국문화예술회관연합회(KoCACA)(주최), (재)성북문화재단(주관), 여기는 당연히, 극장(주관)",이은용,
8808419,"바닥소리 가족극 페스티벌, 고구마밭 그 랩터",연극,연극,"이새롬, 이주희, 김희연, 임현구, 이승민","김조현, 백하형기, 이기쁨 등","창작집단LAS(제작사), 판소리공장 바닥소리(주최), (재)영등포문화재단(주관)",이주희,
8808557,"바닥소리 가족극 페스티벌, 닭들의 꿈, 날다",한국음악(국악),창극,"정지혜, 박희원, 김부영, 김은경, 강나현, 이승민, 조정규 등","조정규, 함현상, 김연수 등","판소리공장 바닥소리(제작사), 판소리공장 바닥소리(주관), (재)영등포문화재단(주관), 판소리공장 바닥소리(주최), (재)영등포문화재단(주최)",최용석,판소리공장 바닥소리(각색)
8808805,"엔니오 모리꼬네 시네콘서트: 영화음악의 거장, 그를 추억하며",대중음악,기타,"옥주현, 신지아, 박상현, 오동진 등",,예술의전당(주최),,
8811569,"대한민국오페라페스티벌, 천생연분",서양음악(클래식),오페라,"이영숙, 박명숙, 장성일, 박상영, 이인학, 김영주, 손철호 등","강민우, 이회수, 임준희 등",대한민국오페라페스티벌 조직위원회(주최),,
8826626,"밀양공연예술축제, 응급환자",연극,연극,"강유진, 안재형, 정태환, 한영주","김현지, 박해준, 박세진 등",(재)밀양문화재단(주관),김현지,
8826759,"밀양공연예술축제, 돌연변이",연극,연극,"정지혜, 김성민, 표기훈, 최도혁, 양재범, 이수진, 김나현 등","정준영, 나예지. 김지혜 등",(재)밀양문화재단(주관),조광래,
8826868,"밀양공연예술축제, 축하케이크",연극,연극,"서선택, 조휘령, 표경빈, 임태현, 정호원, 이준범","박한별, 김서휘, 박지희 등",(재)밀양문화재단(주관),,
8827018,"밀양공연예술축제, DRIVING LOG",연극,연극,"김경서, 김슬, 김해솔, 피지융","최수완, 권미솔, 최진아 등",(재)밀양문화재단(주관),최수완,
8827149,"밀양공연예술축제, 광인들의 축제",연극,연극,"박가람, 이창주, 이대한, 최제우, 이동훈, 김원태, 이채연 등","선명주, 김인규, 윤현지 등",(재)밀양문화재단(주관),이근삼,
8827247,"밀양공연예술축제, 여름은 덥고 겨울은 길다",연극,연극,"강지은, 서동갑, 오순태, 이호열, 김은우, 이상숙 등","박근형, 김혁민, 박민수 등",(재)밀양문화재단(주관),박근형,
8827486,"밀양공연예술축제, 만주전선",연극,연극,"정세라, 권혁, 이호열, 김은우, 조은","박근형, 김혁민, 박민수 등",(재)밀양문화재단(주관),박근형,
8827737,"밀양공연예술축제, 해방의 서울",연극,연극,"강지은, 김정호, 이원재, 이호열, 김은우, 김동원, 안소영","박근형, 김혁민, 박민수 등",(재)밀양문화재단(주관),박근형,
8828033,"밀양공연예술축제, 낙타상자",연극,연극,"서창호, 장용철, 장재호, 이정훈, 홍의준, 김영노, 김윤아 등","고선웅, 고강민, 김동욱 등",(재)밀양문화재단(주관),라오서,"중원눙, 고선웅(각색)"
8829268,"밀양공연예술축제, 코뿔소",연극,연극,"리우진, 전중용, 김지원, 윤광희, 이인석, 노준영, 이의령 등","황이선, 소경진, 박형섭 등",(재)밀양문화재단(주관),,
8830016,"밀양공연예술축제, 빌미",연극,연극,"주유랑, 정연심, 박현욱, 이경민, 박기원, 김정규, 이정경","김충신, 최귀웅, 박현욱 등",(재)밀양문화재단(주관),,
8837266,"제12회 페스티벌개판, 절대영도",연극,연극,"윤상호, 서삼석, 류진현","오재균, 조하나, 김민태 등","극단 놀터(제작사), 페스티벌 개판 운영위원회(주최), 페스티벌 개판 운영위원회(주관)",가네시타 다츠오,윤상호(각색)
8837268,고등탭퍼,연극,연극,"김태완, 이연우","신경도, 김성훈, 박성민 등",,신경도,
8840608,피아니스트 이충호의 Beyond the Music,서양음악(클래식),기악,이충호,,,,
8840618,김수진 & 지상희 듀오리사이틀,서양음악(클래식),기악,"김수진, 지상희",,앙상블리안(주최),,
8841073,여보 나도 할 말 있어 [의령],연극,연극,"이홍렬, 최지훈, 우상민, 김정하, 김윤주, 권혜영","김영순, 이지용, 정기준 등","의령군청(의령군)(주관), 극단 나는 세상(주관), 한국문화예술회관연합회(KoCACA)(주최)",김영순,
8841208,"복합문화공간 살롱콘서트, 휴(休): 태히언 & 상흠",대중음악,대중가요,,,인천문화예술회관(주최),,
8841290,"복합문화공간 살롱콘서트, 휴(休): 호와호 & 타쿤",대중음악,대중가요,"김지훈, 이영탁 등",,인천문화예술회관(주최),,
8841402,낱말 공장 나라,연극,연극,,,이야기꾼의 책공연(주최),아네스 드 레스트라드,
8841825,유쾌한 드러머 [인천],뮤지컬,넌버벌 퍼포먼스,"정종석, 이혜민, 양혜정, 이혜민, 오태희, 김사랑, 김혜미 등",,(재)인천광역시 부평구문화재단(부평아트센터)(주최),,
8841896,후나킴 퀸텟 재즈썸머,대중음악,재즈/월드뮤직,"김진수, 김준범, 오성택, 박한율 등",,(주)그루브뮤직(주최),,
8841965,"볼라레, 이루다 블랙토의 영화 이야기 (8월)",무용(서양/한국무용),발레,"김다운, 김홍인, 이루다, 이루마, 이지현, 이찬, 정민찬 등",,(재)춘천문화재단(주최),,
8847226,거인의 책상 [군포],연극,연극,,,"한국문화예술회관연합회(KoCACA)(주최), (재)군포문화재단(군포문화예술회관)(주관), 체험예술공간 꽃밭(주관)",,
8849009,"NT Live, 예르마",연극,연극,,,국립극장(주최),페데리코 가르시아 로르카,
8850513,앙리할아버지와 나 [안성],연극,연극,"이순재, 권유리, 박소담, 신구, 김대령, 김은희, 유담연",이해제,"한국문화예술회관연합회(KoCACA)(주최), 안성시청(주최), (주)파크컴퍼니(주관), 안성맞춤아트홀(안성시)(주관)",이방 칼베락,
8851610,그날이 올텐데,연극,연극,"리민, 진태연, 권겸민, 명인호, 이현지, 유시우, 이소라 등","정범철, 조승민, 심진 등","극발전소301(제작사), 남양주시청(주최)",정범철,
8852418,"연출의 판-작업진행중, 송이원",연극,연극,,"송이원, 김진아, 김재란 등",(재)국립극단(주최),,
8854628,창문 넘어 도망친 100세 노인 [영천],연극,연극,"오용, 김아영, 이형훈, 최호승, 임진아",,"영천시청(주최), 한국문화예술회관연합회(KoCACA)(주최), 영천시청(주관), (주)연극열전(주관)",,
8854671,유실물 보관소,연극,연극,"신현상, 이혜인, 오하람, 홍세연, 홍민기, 김민준, 한승엽","강민호, 한승업, 이서림 등","창작집단차이(제작사), 극단 하얀숲(제작사)",,
8856251,버스정류장 [대구],연극,연극,"김유진, 김현영, 이루리, 강시민","안희철, 오창민","극단 초이스시어터(구. 극단 마카)(주최), 극단 초이스시어터(구. 극단 마카)(주관)",안희철,
8856949,댄스씨어터 줌,연극,연극,"조휘령, 정승환, 정채무, 양정욱, 서효림, 임태현, 최은선 등","박한별, 김서휘, 박소희 등",,박한별,
8858924,내 꿈은 무지개 건너 은하수로 향한다,연극,연극,"나영선, 김성수, 정여원, 김수영, 김지형, 허하림, 안지현 등","최한결, 김나경, 김재희 등",예술공동체 단디(제작사),최한결,
8864123,비둘기공원,연극,연극,"김동주, 이슬기, 김소희, 오현욱, 전성권, 장세웅, 신동준","강유찬, 성찬휘","청년극단 브릿지(주최), 청년극단 브릿지(주관)",유재일,
8866193,두평반,연극,연극,"박세향, 민두성, 김민희, 송유식",이우람,,김재만,
8868935,유산 게임 [대구],연극,연극,,,봉산문화회관(주최),,
8875989,"제10회 서울미래연극제, 으르렁대는 은하수",연극,연극,"유종연, 김시유, 최광석, 오한솔, 정유미, 김예림, 김성각 등","손현규, 유주영, 윤민철 등","(사)서울연극협회(주최), 서울미래연극제 운영위원회(주관), 창작집단 꼴(제작사)",박본,
8876053,"제2회 말모이연극제, 자청비: 제주도 괸당들",연극,연극,"고인배, 조옥형, 강제권, 신지인, 고지은","강준, 송윤석","말모이연극제운영위원회(주최), 말모이연극제운영위원회(주관), 극단 괸당들(제작사)",간병인,강준(극작)
8876823,공기없는세계,연극,연극,"김현섭, 김한별이, 송기종, 현재은","홍주아, 김정호, 여가휘 등","생존자프로젝트(제작사), 생존자프로젝트(기획사)",홍주아,
8878480,부산의 노래,연극,연극,"박형규, 심미란, 김성은, 박유흠, 손상훈, 정경화, 이민성","이정남, 김재욱, 김민희 등","(사)극단 맥(주관), 을숙도문화회관(주관), 동래문화회관(주관), 부산광역시(주최)",김민수,
8878966,고스트 [서산],연극,연극,,,"(주)플레이팩토리(제작사), 서산시청(주관), 서산시청(주최)",,
8881404,"대학로소극장축제, 스케치 코미디",연극,연극,"김동곤, 김정호",,"(사)한국소극장협회(주관), (사)한국소극장협회(주최)",,
8883561,염쟁이 유씨,연극,연극,유순웅,,경상남도문화예술회관(주최),김인경,
8884490,"키우피우 오브제극축제, 꼬마 오즈",연극,연극,"이지유, 강유희, 김홍섭, 홍금택, 김도한","김태용, 박상진, 정인배 등","극단 수레무대(제작사), (재)종로문화재단(주최)",,
8885182,당신은 지금 바비레따에 살고 있군요,연극,연극,,,"한국문화예술회관연합회(KoCACA)(주관), 춤추는여자들(주관), 한국문화예술위원회(주최), (재)거창문화재단(주최)",,
8886189,꿈이 아닌 연극,연극,연극,"선명균, 윤현길, 이지혜, 김훈만, 전운종, 이강욱, 문현정 등",윤성호,"두산아트센터((재)두산연강재단)(제작사), 두산아트센터((재)두산연강재단)(기획사)",,
8887282,HAMLET [전주],연극,연극,"이병옥, 최균, 안세형, 염정숙, 조민지, 소종호, 신유철 등","신정옥, 이종훈, 이태섭","전주시립극단(주관), 한국소리문화의전당(주관), (학)우석학원(주관), 전주시청(주최)",윌리엄 셰익스피어,
8887582,할머니의 이야기치마 [인천],연극,연극,"장정인, 성민철, 이수정","장정인, 성민철, 백민수 등","(재)인천광역시 부평구문화재단(부평아트센터)(주최), 부평문화사랑방(주관)",장정인,
8888436,제4회 판타스틱 연극제,연극,연극,,,"판타스틱연극제 집행위원회(주최), 판타스틱연극제 집행위원회(주관)",,
8888495,"연출의 판-작업진행중, 설유진",연극,연극,,"설유진, 신동선, 강기정 등",(재)국립극단(주최),,
8889751,"제2회 말모이연극제, 자청비: 극단 세이레",연극,연극,"설승혜, 오현수, 양순덕, 김이영, 정민자",정민자,"말모이연극제운영위원회(주최), 말모이연극제운영위원회(주관), 극단 세이레극장(제작사)",정민자,
8889864,"제10회 서울미래연극제, 움직이는 사람들",연극,연극,"김서영, 김성민, 노주연, 유유림, 이원성, 장문영","이슬기, 김소희, 최소린 등","(사)서울연극협회(주최), 서울미래연극제 운영위원회(주관), 플레이팩토리 우주공장(제작사)",이슬기,
8890307,늙은 부부 이야기 [안산],연극,연극,"김명곤, 차유경, 정한용, 이화영",위성신,"(재)안산문화재단(주관), (유)덕우기획(주관), 한국문화예술회관연합회(KoCACA)(주최), (재)안산문화재단(안산문화예술의전당)(주관)",위성신,
8891220,전윤환의 전윤환: 자의식 과잉,연극,연극,"강민지, 고홍진, 권근영, 이효진, 전민호","전윤환, 권근영, 이효진 등","(재)인천광역시 부평구문화재단(부평아트센터)(주최), (재)인천광역시 부평구문화재단(부평아트센터)(주관), A.N.D Theatre(앤드씨어터)(주최), A.N.D Theatre(앤드씨어터)(주관)",전윤환,
8892188,환상일지,연극,연극,"유은재, 김양희, 류영현, 정세영, 정의진, 양경현","김동국, 박현서, 신지수 등",극단 숨다(제작사),기형도,
8892218,환한 밤,연극,연극,"안현정, 오남영, 이은지, 최이레, 김혜령, 정단비","신진호, 한혜신, 정우성 등","극단 비밀기지(주최), 극단 비밀기지(기획사)",김아정,
8892517,야행성: 낭독공연,연극,연극,"정환, 정연주, 정영재, 은솔, 안소현","이종혁, 김영래, 임민 등",극단 칠꽃(제작사),후안 마요르가,
8893489,"리틀씨어터, 늑대야, 친구하자",연극,연극,,,"(재)수원문화재단(주관), 수원시청(주최)",,
8899653,"대학로소극장축제, one man show 햄릿",연극,연극,이나경,이나경,"공연예술창작집단 극단 기차(제작사), (사)한국소극장협회(주관), (사)한국소극장협회(주최)",윌리엄 셰익스피어,
8900193,"대학로소극장축제, 지랄발광",연극,연극,"전혁준, 현대영",,"(사)한국소극장협회(주관), (사)한국소극장협회(주최), 예술공간 오이(제작사)",전혁준,
8900208,먼 길 떠나는 노래,연극,연극,,,"(재)대구문화재단(기획사), (재)대구문화재단(주최)",,
8902351,"제20회 월드 2인극 페스티벌, 달빛 훔치기",연극,연극,,,"극단 춘추(제작사), 극단 RM컴퍼니(제작사), 2인극 페스티벌 조직위원회(주관), 2인극 페스티벌 조직위원회(주최)",,
8903131,1948 여수,연극,연극,"이서영, 윤범호, 이관영, 김민성, 김정훈, 유아름, 한상민 등","김형규, 이민숙, 강기호 등","극단 파도소리(주최), 극단 파도소리(주관)",강기호,
8904220,"제20회 월드 2인극 페스티벌, 사운드 오브 보이스",연극,연극,,,"2인극 페스티벌 조직위원회(주관), 2인극 페스티벌 조직위원회(주최)",,
8910658,월곡동 산 2번지 [안산],연극,연극,"장설하, 염기윤, 김수정, 민기욱, 윤수현, 김훈민, 민선우",윤돈선,"한국문화예술회관연합회(KoCACA)(주최), (재)안산문화재단(주관), 창작그룹가족(주관), (재)안산문화재단(안산문화예술의전당)(주관)",윤돈선,
8918051,"제10회 서울미래연극제, 싯팅 인 어 룸",연극,연극,"신정연, 안준호, 조연희, 김동규","장우재, 이성재, 조만수 등","극단 이와삼(제작사), (사)서울연극협회(주최), 서울미래연극제 운영위원회(주관)",장우재,
8919377,"제20회 월드 2인극 페스티벌, 정부",연극,연극,,,"2인극 페스티벌 조직위원회(주최), 2인극 페스티벌 조직위원회(주관), 극단 8분20초(제작사)",,
8919770,숨은 그림 찾기 [대전],연극,연극,"임은희, 윤희설, 엄성현, 정석희, 신인철, 김세희, 김은우 등","유나영, 주란숙, 장정하 등","극단 토끼가사는달(주최), 극단 토끼가사는달(주관)",기 드 모파상,유나영(극작)
8920832,맥햄리셀(앵콜),연극,연극,"한민석, 박현승, 문지아, 이헤민, 김린아, 김민지, 문준경 등",,"뜻밖의 극장(제작사), 뜻밖의 극장(기획사)",윌리엄 셰익스피어,
8921065,"제20회 월드 2인극 페스티벌, 별 따는 용접공",연극,연극,,,"프로젝트 키덜트(제작사), 2인극 페스티벌 조직위원회(주관), 2인극 페스티벌 조직위원회(주최)",,
8922156,"GO!고양 PLAY!도시, 슬립",연극,연극,"전규일, 이종욱, 이광익, 김병건, 박아름, 오현서, 구관회 등","김슬기, 안미경, 박다원 등","연극 프로젝트(주최), 연극 프로젝트(주관)",유코 쿠와바라,
8926476,타이니앨리스페스티벌,연극,연극,,"임주희, 림지언, 지윤정 등",극단 후암(제작사),,
8927999,욕망이라는 이름의 전차 [대구],연극,연극,"김동훈, 김지영, 김상범, 박은진, 신지예, 김동규","양승희, 최두선, 황웅기 등","예술로(주최), 예술로(주관)",테네시 윌리엄스,
8928027,"제10회 서울미래연극제, 민중의 적",연극,연극,"문호진, 박상훈",정승현,"(사)서울연극협회(주최), 서울미래연극제 운영위원회(주관), 팀돌(TEAM 돌)(제작사)",헨릭 입센,정승현(재구성)
8933512,"키우피우 오브제극축제, 줄로 하는 공연: 점",연극,연극,이대열,이대열 등,"일장일딴컴퍼니(제작사), (재)종로문화재단(주최)",,
8934287,앙리할아버지와 나 [속초],연극,연극,"이순재, 신구, 권유리, 박소담, 김대령, 조달환, 김은희 등",이해제,"한국문화예술회관연합회(KoCACA)(주최), 속초시(주관), (주)파크컴퍼니(주관)",이방 칼베락,
8937069,비엔,연극,연극,,,"장애인문화예술극회휠(기획사), 장애인문화예술극회휠(주최)",,
8938343,알퐁스 도데의 별,연극,연극,"함형래, 박하명, 양성훈, 김혜정, 심연주, 이솔비, 김성민 등","구종회, 허준성, 이용주 등","(재)경기도문화의전당(제작사), (재)경기도문화의전당(기획사), 익산예술의전당(주관), (재)경기도문화의전당(주관), 한국문화예술회관연합회(KoCACA)(주최)",알퐁스 도데,이용주(각색)
8943376,그놈은 예뻤다 [연천],연극,연극,"정태호, 김현영, 심정은, 김대성, 유영우, 이호원",,"연천군시설관리공단(주최), 연천수레울아트홀(주관), 세종연극센터(주관)",,
8943756,"제20회 월드 2인극 페스티벌, 공원벤치가 견뎌야 하는 상실의 무게",연극,연극,,,"공상모임 作心365(제작사), 2인극 페스티벌 조직위원회(주최), 2인극 페스티벌 조직위원회(주관)",,
8943788,"자람페스티벌, look at me",연극,연극,"김두봉, 이지혜, 이지수, 박주영",김솔,"잘한다프로젝트(주최), 잘한다프로젝트(기획사), 보통현상(제작사)",김단추,
8945001,"밀양아리나 교육연극제, 풍운아 홍길동 [밀양］",연극,연극,,,"주주메카(주최), 주주메카(기획사)",,
8949038,"자람페스티벌, 달콤한 편지",연극,연극,"박미선, 김선미, 박신운, 전지안, 한종두","문선주, 정기준, 이삭 등",극단 달을 만드는 씨앗(제작사),문선주,
8954376,파란토끼 룰루 [부천],연극,인형극,,,"(재)부천문화재단(주최), (재)부천문화재단(주관)",,
8954623,"수봉 IN 누리, 괴물 신드롬",연극,인형극,,,"(사)한국예총 인천광역시연합회 인천예총(인천수봉문화회관)(주관), (사)한국예총 인천광역시연합회 인천예총(인천수봉문화회관)(주최), 극단 나무(제작사)",,
8954724,"문화가 있는 날 문화산책, 아이들극장 문화공감 (10.29)",연극,인형극,,,"문화체육관광부(주최), 한국문화예술회관연합회(KoCACA)(주관), (재)종로문화재단(주관), 일장일딴컴퍼니(제작사)",,
8954806,김성녀의 마당놀이: 심청이와 춘향이가 온다,연극,마당극,,,"안동문화예술의전당 (평생학습원)(주관), 안동문화예술의전당 (평생학습원)(주최)",,
8955013,제12회 대전ART마임페스티벌,연극,마임,,,현대마임연구소 제스튀스(주최),,
8955018,"대학로소극장축제, 고재경의 마임콘서트",연극,마임,고재경,고재경,"(사)한국소극장협회(주관), (사)한국소극장협회(주최), 마임공작소 판(제작사)",,
8955023,정영두 김동규 김설진 X LDP [대구],무용(서양/한국무용),현대무용,"임샛별, 김성현, 강혁, 김보람, 김수인, 이정민, 임샛별 등","김동규, 정영두, 김설진 등","한국문화예술회관연합회(KoCACA)(주최), 한국문화예술회관연합회(KoCACA)(주관), (재)대구광역시 동구문화재단(주최), (재)대구광역시 동구문화재단(주관), 아양아트센터(주최), 아양아트센터(주관)",,
8955174,춤으로 물들이다 [영천],무용(서양/한국무용),현대무용,,,"한국문화예술회관연합회(KoCACA)(주최), 영천시청(주최), 영천시청(주관)",,
8955390,바디 콘서트 [수원],무용(서양/한국무용),현대무용,"김보람, 장경민, 최경훈, 이혜상, 임소정, 박선화, 유동인 등","김보람, 배대두, 김상훈 등","수원시청(주최), (재)수원문화재단(주관), 수원SK아트리움(주관), 앰비규어스댄스컴퍼니(주최)",,
8956084,"SAC ON SCREEN, 증발",무용(서양/한국무용),현대무용,"김호연, 김동현, 조현배, 지경민, 최민선, 박성현, 이혜상 등","안애순, 이디트 헤르만, 김종석 등",(재)국립현대무용단(제작사),,
8956120,"문화가 있는 날, 바디콘서트",무용(서양/한국무용),현대무용,,,(재)춘천문화재단(주최),,
8956692,춤밥! 비밥!: 시집가는 날 [천안],무용(서양/한국무용),현대무용,"최윤정, 황윤재, 김옥경, 이예림, 변혜령, 김성범, 김연수 등","이미희, 김성범, 김혜승 등",(재)천안문화재단(천안예술전당)(주최),,
8956784,오즈의 마법사 도로시의 모험 [익산],무용(서양/한국무용),발레,,,"익산예술의전당(주관), 전북발레시어터(주관), 한국문화예술회관연합회(KoCACA)(주최), 익산시청(주최)",,
8957616,발레 스타즈,무용(서양/한국무용),발레,"왕지원, 박슬기, 이재우, 손유희, 이현준, 심현희, 허서영 등","이고은, 유장일","(재)성남문화재단(주관), (재)성남문화재단(주최)",,
8958444,발레 갈라: Fall in Ballet,무용(서양/한국무용),발레,"김지영, 김리회, 이은원, 박예은, 김기완, 윤전일, 변성완 등","문병남, 김주일, 정영재 등",강동문화재단(강동아트센터)(주최),,
8959014,제2회 부산발레페스티벌,무용(서양/한국무용),발레,,,"부산발레페스티벌 조직위원회(주최), 부산발레시어터(주관)",,
8960298,레미제라블 [노원문화예술회관],무용(서양/한국무용),발레,"이동건, 이한나, 송진, 김한샘, 고훈, 이문영, 유세이 등","지우영, 김수완, 유영은 등","댄스시어터샤하르(지우영 DTS발레단)(주관), DTS행복들고나(주최)",,
8960309,동물의 사육제,무용(서양/한국무용),발레,,,"(재)구로문화재단(주최), (재)구로문화재단(주관)",,
8961242,신데렐라 [성주문화예술회관],무용(서양/한국무용),발레,,,"성주문화예술회관(주관), 성주군청(주최), 한국문화예술회관연합회(KoCACA)(주최)",,
8962136,명성황후,무용(서양/한국무용),발레,,,"김제시(김제시청)(주관), 한국문화예술회관연합회(KoCACA)(주관), 김제시(김제시청)(주최), 한국문화예술회관연합회(KoCACA)(주최)",,
8962623,지젤 [예산],무용(서양/한국무용),발레,,,"와이즈발레단(제작사), 충청남도(주관), (재)충남문화재단(주관), 충청남도(주최), 충청남도(주최)",,
8964113,발레 트리플 빌,무용(서양/한국무용),발레,"정형일, 이원설, 원진호, 강나영, 윤별, 이은혜, 양영아 등","정형일, 박기남, 김민수 등","(재)오산문화재단(주최), 정형일 Ballet Creative(주관)",,
8964673,부산유니온발레단 & 부산발레주니어컴퍼니 정기공연,무용(서양/한국무용),발레,,,"부산유니온발레단(주최), 부산유니온발레단(주관), 부산주니어발레컴퍼니(주관)",,
8965184,"수요공감, 남선희 (춤)",무용(서양/한국무용),한국무용,남선희,,국립부산국악원(주최),,
8965195,초록동색 II,무용(서양/한국무용),한국무용,,,"강원도립무용단(주관), 전라북도립국악원 무용단(주관), 강원도청(주최), 전라북도(주최)",,
8965559,동무동락-웨딩보감,무용(서양/한국무용),한국무용,"제갈숙영, 조황경, 김하연, 신동엽, 이해선, 최태선, 김경애 등","정헤진, 경민선, 조현산 등",서울시무용단(제작사),,
8968106,"제34회 한국무용제전, 화해와 치유의 춤 처용무: Mask Dance",무용(서양/한국무용),한국무용,,"이미영, 한명옥, 전순희 등","(사)한국춤협회(주관), (사)한국춤협회(주최)",,
8968134,"제23회 서울세계무용축제, 춤비나리",무용(서양/한국무용),한국무용,,,"서울세계무용축제 조직위원회(주관), 국제무용협회(CID-UNESCO) 한국본부(주최)",,
8968545,제7회 어울림 한마당 문화축제,무용(서양/한국무용),한국무용,,,,,
8968709,연희본색 [인천],무용(서양/한국무용),한국무용,"현승훈, 김소라, 임영호, 주영호","김주, 최병길","(재)인천광역시 부평구문화재단(부평아트센터)(주최), (재)인천광역시 부평구문화재단(부평아트센터)(기획사)",,
8968782,인남순의 해설이 있는 궁중무용: 궁(宮) 밖의 무희,무용(서양/한국무용),한국무용,"인남순, 윤연희, 정금희, 김경진, 최효선, 강영미, 이지현 등",,"한국전통문화연구원(주최), 한국전통문화연구원(주관), (주)인사이트모션 서울돈화문국악당(주최), (주)인사이트모션 서울돈화문국악당(주관)",,
8968858,HIP한 STREET,대중무용,스트리트/스포츠댄스,박준호 등,,"한국문화예술회관연합회(KoCACA)(주관), 영천시민회관(주관), 문화체육관광부(주최)",,
8968908,탭쇼 [군포],대중무용,스트리트/스포츠댄스,,,"한국문화예술회관연합회(KoCACA)(주관), (재)군포문화재단(군포문화예술회관)(주관), 문화체육관광부(주최)",,
8969158,"댄스살롱 Ⅳ, Tap Show(탭쇼)",대중무용,스트리트/스포츠댄스,,,"한국문화예술회관연합회(KoCACA)(주관), (재)군포문화재단(군포문화예술회관)(주관), 문화체육관광부(주최)",,
8969251,"체임버시리즈Ⅱ, 노부스 콰르텟 멘델스존 전곡 시리즈",서양음악(클래식),기악,"김재영, 김영욱, 김규현, 문웅휘",,(재)세종문화회관(주최),,
8969874,"오충근의 고고한 콘서트 Ⅰ, 행복의 비브라토 [부산]",서양음악(클래식),기악,"오충근, 조근호, 황세희 등",,금정문화회관(주최),,
8969892,제466회 대구시립교향악단 정기연주회,서양음악(클래식),기악,,,"대구콘서트하우스(기획사), 대구콘서트하우스(주최)",,
8970309,제270회 수원시립교향악단 정기연주회,서양음악(클래식),기악,"최희준, 이경숙 등",,"수원시청(주최), 수원시립교향악단(주최)",,
8970556,"제6회 바로크음악제, 한국음악이 있는 세계의 바로크",서양음악(클래식),기악,,,"대전시립연정국악원(기획사), 대전시립연정국악원(주최)",,
8970702,렉처콘서트: 더 높은 곳을 향하여,서양음악(클래식),기악,"김채원, 이유진, 강윤석, 구채린",,"(재)서초문화재단(주최), 음악저널(주최), (주)음악저널(주최)",,
8970747,양윤정 바이올린 독주회,서양음악(클래식),기악,양윤정,,가온클래식(주최),,
8970853,제42회 한국리스트협회 정기연주회,서양음악(클래식),기악,"김지원, 김유상, 성보경, 김희진, 전헤수, 조희연, 김해리 등",,한국리스트협회(주최),,
8971145,박준선 귀국 작곡발표회,서양음악(클래식),기악,"박준선, 이은미, 백양지, 이도은, 손지혜, 엄태윤, 박성아 등",,현대문화기획(주관),,
8971157,"서울스프링실내악축제, 폐막공연",서양음악(클래식),기악,,,"(사)서울스프링실내악축제집행위원회(주최), (사)서울스프링실내악축제집행위원회(주관)",,
8971265,예울마루 실내악페스티벌 [여수],서양음악(클래식),기악,"양성원, 임동혁, 김태형, 문지영, 이채윤, 이한나, 채재일 등",양성원,"GS칼텍스 예울마루(주최), GS칼텍스 예울마루(기획사)",,
8971843,최재희 클라리넷 리사이틀,서양음악(클래식),기악,"최재희, 강은정",,뉴화인아트뮤직(주최),,
8971845,서울시향 쇼스타코비치 교향곡 1번,서양음악(클래식),기악,"윌슨 응, 에스더 유 등",,(재)서울시립교향악단(주최),,
8971848,Volce Quartet,서양음악(클래식),기악,"이호준, 박동석, 조재현, 정다운",,"쌀롱드무지끄(주최), 쌀롱드무지끄(주최)",,
8974309,베토벤 탄생 250주년 기념 콜레기움 보칼레 서울 정기연주회,서양음악(클래식),기악,"전수미, 백재은, 김세일, 정록기, 김선아, 채희영, 김예송",,"콜레기움 보칼레 서울(Collegium Vocale Seoul)(주최), 마에스트로 컴퍼니(주관)",,
8974459,콜레기움 보칼레 서울 정기연주회,서양음악(클래식),기악,"김선아, 전수미, 백재은, 김세일, 정록기 등",,콜레기움 보칼레 서울(Collegium Vocale Seoul)(주최),,
8975308,제6회 서울페스티발앙상블 정기연주회,서양음악(클래식),기악,"김난희, 오경열, 김채림, 김문길, 나지영, 장세영, 유영재 등",오경열,"영음예술기획(주관), 서울페스티발앙상블(주최)",,
8975609,"위대한 작곡가의 불꽃 같은 연애사＃2, 사랑, 그 쓸쓸함에 대하여",서양음악(클래식),기악,조희창,,(주)클럽발코니(주최),,
8976262,피아노콘서트: 두 대의 피아노 여행,서양음악(클래식),기악,"박재연, 김세희",,(재)서초문화재단(주최),,
8976290,"명실내악 시리즈 모차르트, 베버의 클라리넷 오중주",서양음악(클래식),기악,"김홍우, 이진원, 이소라, 안은지, 안성필",,"엘림아트센터(주관), 엘림아트센터(주최)",,
8976773,피아니스트 윤초원 렉처 리사이틀: 음악을 향유한 여성 작곡가들,서양음악(클래식),기악,"윤초원, 조용미, 김명한",,"(주)아트브릿지(주최), (주)아트브릿지(주관)",,
8976774,"월드오케스트라시리즈, 코리안심포니오케스트라",서양음악(클래식),기악,"아누탈리, 박종해 등",,"대구콘서트하우스(주최), 월드오케스트라시리즈 조직위원회(주관)",,
8977197,"The Pianist and He, Story",서양음악(클래식),기악,"백원주, 윤진태",,살롱드 파주(주최),,
8977200,백건우와 슈만 [부천],서양음악(클래식),기악,백건우,,"(재)부천문화재단(주관), (재)부천문화재단(주최)",,
8977884,송수미 피아노 독주회,서양음악(클래식),기악,송수미,,유진예술기획(주최),,
8978215,박규희 데뷔 10주년 기념공연,서양음악(클래식),기악,박규희,,"(주)뮤직앤아트컴퍼니(주관), (주)뮤직앤아트컴퍼니(주최)",,
8978689,관현악과 함께하는 클래식 콘서트: 영웅 [창원],서양음악(클래식),기악,"강만호, 변지영, 정혜원, 김혁수, 최요섭 등",,"경남필하모닉오케스트라(주최), 경남필하모닉오케스트라(주관)",,
8978763,제5회 끌락앙상블 정기연주회,서양음악(클래식),기악,"강세은, 김은석, 박찬미, 정혜윤, 이수빈",,"에보니홀(주최), 에보니홀(주관)",,
8979338,제11회 이화브릴란테 앙상블 정기연주회,서양음악(클래식),기악,"정쥬리, 이지수, 고소연, 최로사, 이혜영, 이선민, 송민정 등",,"이화브릴란테앙상블(주최), (주)마스트미디어(주관)",,
8979438,피아니스트 박희정 귀국 독주회,서양음악(클래식),기악,박희정,,"위너스 기획(주최), 클랑(주관)",,
8979628,"이은영, 엘레나 피아노 듀오리사이틀",서양음악(클래식),기악,"이은영, 엘레나 아발리안",,"리음아트&컴퍼니(주최), 리음아트&컴퍼니(주관)",,
8979876,첼리스트 최보혜의 4가지 컬러 [대전],서양음악(클래식),기악,"최보혜, 최재라",,,,
8979885,박보윤 Piano Essay V,서양음악(클래식),기악,박보윤,,이든예술기획(주최),,
8980858,정혜연 피아노 독주회,서양음악(클래식),기악,정혜연,,조인클래식(주최),,
8980859,양승희 바이올린 독주회,서양음악(클래식),기악,"양승희, 피오트르 쿠프카",,"엘림아트센터(주관), 엘림아트센터(주최)",,
8980919,어? 쇼팽이 들리네?,서양음악(클래식),기악,이루미,,쌀롱드무지끄(주최),,
8980933,"제6회 바로크음악제, 신동일 파이프오르간 독주회",서양음악(클래식),기악,신동일,,"대전예술기획(주최), KBS대전방송총국(주최), 대전시립연정국악원(주최)",,
8980951,챔버플레이어스21 정기공연,서양음악(클래식),기악,"조인상, 김은지, 최은정, 이지혜, 최사무엘, 김진선, 김성현 등",,"대전예술기획(주관), 챔버 플레이어스21(주최)",,
8980967,이인경 피아노 독주회,서양음악(클래식),기악,이인경,,지클레프(주최),,
8980975,"경기실내악축제, Opening Concert [수원]",서양음악(클래식),기악,"송영훈, 조재혁, 신지아",,"(재)경기도문화의전당(주최), (재)광명문화재단(주최), 남한산성아트홀(주최), 음악역1939(주최)",,
8981301,피아니스트 임동혁이 함께하는 라흐마니노프 VS 차이콥스키,서양음악(클래식),기악,"임동혁, 류성구 등",,"트리니티 E&M(주최), 트리니티 E&M(주관)",,
8982778,"위대한 유산, 베토벤 32개 피아노 소나타를 만나다, Vol.7 Pianist 이호정",서양음악(클래식),기악,이호정,,클라시코 예술기획 (CLASSICO)(주최),,
8982780,"마티네콘서트, 첼리스트 양성원 (10월)",서양음악(클래식),기악,양성원,,"(재)영화의전당(주최), (재)영화의전당(주관)",,
8983113,예술가의 편지 [부산],서양음악(클래식),기악,"정진경, 손혜림, 조우태, 서주영, 변유진, 김경수 등",,"융프라우시스(주최), 융프라우시스(주관), 100스테이지(주관)",,
8983126,제6회 트리오 드 서울 정기연주회,서양음악(클래식),기악,"유시연, 최정주, 박수진",,(주)음연(주최),,
8983314,피아니스트 김경아 초청 독주회,서양음악(클래식),기악,김경아,,예인예술기획(주최),,
8983626,경기실내악축제 [광명],서양음악(클래식),기악,"송영훈, 조재혁, 신지아",,"(재)경기도문화의전당(주최), (재)광명문화재단(주최), (재)경기도문화의전당(주관), (재)광명문화재단(주관)",,
8983760,"화요콘서트, 하이든 교향곡 전곡 시리즈 Ⅱ",서양음악(클래식),기악,"김경아, 윤염광 등",배종훈,(재)서초문화재단(주최),,
8983813,"포시즌 2, 백건우 피아노 리사이틀 [광주]",서양음악(클래식),기악,백건우,,광주문화예술회관(주최),,
8985426,"제2회 어텀 실내악 페스티벌, Part1 라이프치히 음악신보",서양음악(클래식),기악,"김재영, 김영욱, 김상진, 이한나, 김민지, 박유신, 조성현 등",박유신,,,
8985461,차홍서 귀국 플루트 독주회,서양음악(클래식),기악,"차홍서, 강은정",,예인예술기획(주최),,
8985462,"티엘아이 챔버 뮤직 페스티벌 Ⅲ, 이경숙과 커티스＆프렌즈 [성남]",서양음악(클래식),기악,"이경숙, 김현아, 최은식, 이정현, 조용우","이에린, 송명민","티엘아이 아트센터(주최), (주)조슈아(티엘아이 아트센터) (주최)",,
8986513,춘천시립합창단 모닝콘서트: 휴休가歌다茶 스무번째 이야기,서양음악(클래식),기악,,,춘천시립예술단(주최),,
8986573,바흐 사이클 시리즈 [대구],서양음악(클래식),기악,"김수지, 이강원, 장혁준, 김호정, 김나연, 송정민",김호정,"(재)수성문화재단 수성아트피아(주관), (재)수성문화재단 수성아트피아(주최)",,
8986608,양희경의 달콤한 클래식,서양음악(클래식),기악,"양희경, 이석중, 김지윤, 이신규, 윤여훈, 조용우, 김주리 등",,,,
8986722,비올리스트 박미영 리사이틀,서양음악(클래식),기악,"박미영, 한민선",,대전예술기획(주관),,
8986726,가을밤 콘서트,서양음악(클래식),기악,"장윤성, 서선영, 한수진, 세르게이 타라소프, 안드레이 그리고리예프  등",,"서울신문사(주최), (주)차이코프스키C&C(주최), (주)차이코프스키C&C(주관)",,
8986739,제3회 보스턴콘서바토리 동문음악회,서양음악(클래식),기악,"김소형, 이영주, 최정연, 이소연, 김진희, 서승연, 변규리 등",,"서울국제문화예술교육센터(SIECCA)(주최), SIECCA서울국제문화예술교육센터(주최), 보스턴콘서바토리총동문회(주관)",,
8986916,임승혁 작곡발표회: Travail,서양음악(클래식),기악,"손소이, 안효정, 김민욱, 강민정, 송화현, 잇아민, 주윤아 등",,현대문화기획(주최),,
8988417,권새롬 초청 첼로 독주회,서양음악(클래식),기악,"권새롬, 민경식, 윤여민, 이성준",,"세라믹팔레스홀(주관), 세라믹팔레스홀(주최)",,
8988419,이준목 귀국 색소폰 독주회,서양음악(클래식),기악,이준목,,예인예술기획(주최),,
8988421,"GSO 11시 클래식, La Valse",서양음악(클래식),기악,"김영언, 김덕우, 이지영",,"광주문화예술회관(주최), 광주시립교향악단(주관)",,
8988664,제84회 강남심포니오케스트라 정기연주회,서양음악(클래식),기악,"여자경, 김정원 등",여자경,"(재)강남문화재단(주관), (재)강남문화재단(주최)",,
8989972,"월드오케스트라시리즈, 디오 오케스트라",서양음악(클래식),기악,"김성진, 이진상 등",,"월드오케스트라시리즈 조직위원회(주관), 대구콘서트하우스(주최)",,
8990363,제4회 카프 비르투오소 정기연주회,서양음악(클래식),기악,"이섬승, 최현아, 홍은영, 정한빈, 원재연",,리음아트&컴퍼니(주최),,
8990372,신명진 피아노 독주회,서양음악(클래식),기악,신명진,,,,
8990485,제45회 미래악회 작품발표회,서양음악(클래식),기악,"김욱, 강민정, 박신혜, 이상민, 이수정, 이경진",김승림,"현대문화기획(주관), 미래악회(주최)",,
8990544,Falling in Fall [군포],서양음악(클래식),기악,"장윤성, 장승호, 유성녀, 김종표, 김영기",,"(재)군포문화재단(군포문화예술회관)(주최), (사)군포프라임필하모닉오케스트라(주관)",,
8990928,우창훈 귀국 첼로 독주회 [대구],서양음악(클래식),기악,"우창훈, 김종현",,에이엠예술기획(AM엔터테인먼트)(주관),,
8991051,"티엘아이 챔버 뮤직 페스티벌 Ⅳ, Fanfare!",서양음악(클래식),기악,"이예린, 성재창, 김홍박, 조성현, 김진욱 등",이예린,"티엘아이 아트센터(주최), (주)조슈아(티엘아이 아트센터) (주최)",,
8991082,"L.Concert, 시네콘서트",서양음악(클래식),기악,"박종성, 조영훈 등",,"롯데문화재단(주최), 롯데문화재단(주관)",,
8992554,"제2회 어텀 실내악 페스티벌, Part 2",서양음악(클래식),기악,"박유신, 김재영, 김영욱, 김상진, 이한나, 김민지, 김태형 등",박유신,"MOC프로덕션(목프로덕션)(주최), 어텀실내악페스티벌 조직위원회(주최)",,
8992951,브람스를 좋아하세요?,서양음악(클래식),기악,"서미경, 정서은, 김누리",,"(재)서초문화재단(주최), 서리풀청년아트센터(주관)",,
8992960,레미제라블 갈라콘서트,서양음악(클래식),기악,"김새랑, 박은지, 김영은, 라다운, 한소라, 이관우, 김을지 등",,"전라북도문화관광재단(주최), 김제시(김제시청)(주관), (사)드림필(주관), 전라북도문화관광재단 통합(주최)",,
8993064,"서울국제음악제, 개막음악회: 펜데레츠키와 베토벤",서양음악(클래식),기악,"아드리앙 페뤼숑, 백주영 등",,"(주)오푸스(OPUS)(주관), 서울국제음악제(주최)",,
8993065,"디퍼런트시리즈, 네오클래식12: 새로운 조성",서양음악(클래식),기악,,,"대구콘서트하우스(주최), 대구콘서트하우스(주최)",,
8993276,블랭크 색소폰 앙상블,서양음악(클래식),기악,"정다빈, 정학수, 이신규, 조윤상, 김하림, 임한별",,브라보오페라앙상블(주관),,
8993280,제567회 부산시립교향악단 정기연주회,서양음악(클래식),기악,"최수열, 박종해 등",,"부산광역시(주최), 부산시립예술단(주관)",,
8995587,"대전시립교향악단 마스터즈시리즈 11, 북유럽 음악의 감성속으로",서양음악(클래식),기악,"제임스 저드, 문지영",제임스 저드,"대전시립교향악단(주관), 대전광역시청(주최)",,
8996507,조성현 플루트 리사이틀,서양음악(클래식),기악,"조성현, 문재원",,"플루트아트센터(FluteArtsCenter)(주최), 플루트아트센터(FluteArtsCenter)(주관)",,
8996659,"춘천시립교향악단 특별연주회 브런치 콘서트Ⅰ, 세빌리아의 이발사",서양음악(클래식),기악,"석상근, 김신혜, 김승직, 안대현, 최아현 등",,"춘천시립예술단(주최), (재)춘천문화재단(주최)",,
8997081,제74회 코리아나 챔버 뮤직 소사이어티 정기연주회,서양음악(클래식),기악,"김희진, 박미희, 양승희, 지성호, 김호정, 우지연, 조수현 등",,"코리아나 챔버뮤직 소사이어티(주최), 지클레프(주관)",,
8997277,핑크퐁 클래식나라,서양음악(클래식),기악,,,공주시문화시설사업소(공주문예회관)(주관),,
8998051,제53회 대전피아노연구회 정기연주회,서양음악(클래식),기악,"장한별, 이에리사, 유하나, 서정인, 정치국",,"대전예술기획(주관), 대전피아노연구회(주최)",,
8998060,반짝반짝 별이 된 모짜르트,서양음악(클래식),기악,,,"한국문화예술회관연합회(KoCACA)(주관), 홍성군(주최)",,
8998266,제4회 316앙상블 정기연주회,서양음악(클래식),기악,"김욱, 권영인, 김주은, 박수연, 우미영, 이선옥, 김상균",,"316 앙상블(주최), 조인클래식(주관)",,
8998726,"위대한 작곡가의 불꽃 같은 연애사#3, 미친 사랑의 노래",서양음악(클래식),기악,조희창,,(주)클럽발코니(주최),,
8998947,부산시립청소년교향악단 특별연주회: 유망주 음악회,서양음악(클래식),기악,,,"부산시립예술단(주관), (재)부산문화회관(주최)",,
8999050,"월드오케스트라시리즈, CM 코리아 챔버 앙상블",서양음악(클래식),기악,"서찬영, 유우연, 조요한 등",,"대구콘서트하우스(주최), 월드오케스트라시리즈 조직위원회(주관)",,
8999257,경기실내악축제 with 4첼리스트 ＆ 정재형 [수원],서양음악(클래식),기악,"송영훈, 심준호, 김대연, 이경준, 정재형",,"(재)경기도문화의전당(주관), (재)광명문화재단(주최), 남한산성아트홀(주최), 음악역1939(주최)",,
9000412,"위대한 작곡가 시리즈, 베토벤 Ⅱ",서양음악(클래식),기악,김대진 등,,"(재)세종문화회관(기획사), 서울시유스오케스트라(주관), (재)세종문화회관(주최)",,
9000746,제265회 부천필하모닉오케스트라 정기연주회,서양음악(클래식),기악,"서진, 추희명, 이정란 등",,"부천시청(부천시립예술단)(주관), 부천시청(부천시립예술단)(주최)",,
9001638,드리움과 떠나는 음악여행,서양음악(클래식),기악,"김예은, 안소연",,쌀롱드무지끄(주최),,
9001648,소프라노 조화영 귀국 독창회,서양음악(클래식),기악,"박민희, 황예지",,이든예술기획(주최),,
9001661,박혜선 파이프 오르간 시리즈27 [인천],서양음악(클래식),기악,박혜선,,"엘림아트센터(주최), 엘림아트센터(주관)",,
9001725,임지원 귀국 바이올린 독주회,서양음악(클래식),기악,"임지원, 김민준",,"리음아트&컴퍼니(주최), 리음아트&컴퍼니(주관)",,
9001908,"금호영체임버콘서트, 로페카 콰르텟 연주회",서양음악(클래식),기악,"이우진, 김정하, 정현진, 이정윤",,(재)금호아시아나문화재단 (금호문화재단)(주최),,
9001962,김준희 피아노 독주회,서양음악(클래식),기악,김준희,,이든예술기획(주최),,
9001965,슈베르트 세레나데,서양음악(클래식),기악,"김대진, 문지영",,"(재)통영국제음악재단(주관), (재)통영국제음악재단(주최)",,
9003536,이상은 첼로 독주회 [인천],서양음악(클래식),기악,"이상은, 박영성, 서우형",,"엘림아트센터(주최), 엘림아트센터(주관)",,
9003574,두 피아니스트의 건반 위의 대화,서양음악(클래식),기악,"최영선, 이세란",,쌀롱드무지끄(주최),,
9003589,솔앙상블 정기연주회 [대전],서양음악(클래식),기악,"오충선, 김덕우, 양한나, 안용주, 심준호, 한상일",,"앙상블 솔(Ensemble SOL)(주최), 대전예술기획(주관)",,
9003665,제23회 대구트롬본앙상블 정기연주회,서양음악(클래식),기악,"이건형, 정지원, 노정이, 조상필, 조성현, 박동혁, 이지윤 등",이건형,대구트롬본앙상블(주최),,
9003762,고양시 어린이와 함께하는 그림으로 듣는 음악회,서양음악(클래식),기악,"김소연, 백미숙",,"모던클랑(주관), 모던클랑(주최)",,
9003820,피아니스트 최진아 리사이틀,서양음악(클래식),기악,최진아,,영음예술기획(주최),,
9003824,한국지역난방공사와 함께하는 11시의 클래식: 가을 슈베르트 [수원],서양음악(클래식),기악,"김대진, 문지영",,,,
9004444,Autumm Journey with Sonata,서양음악(클래식),기악,"진찬주, 정혜은",,쌀롱드무지끄(주최),,
9004455,차세대 우수연주자 라이징스타 콘서트,서양음악(클래식),기악,"조유빈, 전호정, 김가연, 이준영, 박서현, 유혜원, 이혜인 등",,"팬아시아 필하모니아(주최), 현대문화기획(주관)",,
9004459,"함신익과 심포니 송 마스터즈 시리즈 Ⅵ, 하이든과 모차르트",서양음악(클래식),기악,"베리 더글라스, 함신익 등",,"함신익과 심포니 송(주최), 함신익과 심포니 송(주관)",,
9004655,"월드오케스트라시리즈, 경상북도 도립교향악단",서양음악(클래식),기악,"백진현,  알렉 쉬친,  드미트리 로카렌코프 등",,"대구콘서트하우스(주최), 월드오케스트라시리즈 조직위원회(주관)",,
9005148,제50회 부산심포니오케스트라 정기연주회,서양음악(클래식),기악,오충근 등,오충근,(사)부산심포니오케스트라(주최),,
9005273,"위대한 유산, 베토벤 32개 피아노 소나타를 만나다, Vol.8 Pianist 황보영",서양음악(클래식),기악,황보영,,클라시코 예술기획 (CLASSICO)(주최),,
9005275,피아니스트 이승원의 노래에 담긴 영혼,서양음악(클래식),기악,"이승원, 정의찬, 차근영",,앙상블리안(주최),,
9005301,"11시 브런치 콘서트, 조희창의 클래식 레시피: 세레나데＆로망스 사랑을 노래하는 방법",서양음악(클래식),기악,"송승민, 조혜진 등",,금정문화회관(주최),,
9005322,송영민의 뮤직 브런치,서양음악(클래식),기악,"신동재, 천지윤, 송영민",,"(재)노원문화재단(주관), (재)노원문화재단(주최), 한국문화예술회관연합회(KoCACA)(주최)",,
9005542,"이성주의 베토벤 시리즈 Ⅱ, 크로이처와 대공",서양음악(클래식),기악,"이성주, 이강호, 이바람 라이케르트",,(주)스테이지 원(주최),,
9005875,"문화가 있는 날 Ⅲ, 하모니시스트 박종성",서양음악(클래식),기악,"박종성, 조영훈",,대전예술의전당(주최),,
9006077,트라이보울 시리즈 [인천],서양음악(클래식),기악,"송영훈, 서형민",,"(주)엔엔터테인먼트(주최), (주)엔엔터테인먼트(기획사)",,
9006136,피아니스트 원재연의 현 위의 쇼팽,서양음악(클래식),기악,"원재연, 박진수, 이경민, 한연숙, 서범수, 강찬욱",,"문화체육관광부(주최), 한국문화예술회관연합회(KoCACA)(주관), 파주도시관광공사(주관)",,
9006296,나의 sketch,서양음악(클래식),기악,이재경,,쌀롱드무지끄(주최),,
9006312,장유경 귀국 색소폰 독주회,서양음악(클래식),기악,"장유경, 박은혜",,예인예술기획(주최),,
9006314,현대음악앙상블 소리 기획연주회:  TRILOGY Ⅷ,서양음악(클래식),기악,"이건용, 정원순, 이상희, 권명혜, 안종현, 강은하, 김재연 등",,"현대음악앙상블 소리(주최), 지클레프(주관)",,
9006973,스콘: 멜로와 멜로디가 흐르는 스위트 콘서트,서양음악(클래식),기악,"윤종수, 이진성, 박용은, 안지은",,강동문화재단(강동아트센터)(주최),,
9007127,"11시 음악산책 7, Club M의 페르소나",서양음악(클래식),기악,"김재원, 김덕우, 이신규, 심준호",,"광주문화예술회관(주최), 광주문화예술회관(주관)",,
9007305,젊은 예술인 지원을 위한 예술기부 콘서트 I,서양음악(클래식),기악,"원재연, 조인혁, 양정윤, 이경민, 잉성진, 윤소희, 정우찬",,예술의전당(주최),,
9007570,"포시즌 2, 조성진 피아노 리사이틀 [광주]",서양음악(클래식),기악,조성진,,"광주문화예술회관(주최), 광주문화예술회관(주관), 광주문화방송(주)(광주MBC)(주관)",,
9017238,애니뮤직대모험,서양음악(클래식),기악,"이새벽, 박주운, 백자영, 이준서, 이은서",한민규,"(재)영등포문화재단(주관), 콕핏 스튜디오(주관), 한국문화예술회관연합회(KoCACA)(주최), (재)영등포문화재단(주최)",,
9017256,"모람모람 콘서트, 애니뮤직대모험",서양음악(클래식),기악,"이새벽, 박주운, 백자영, 이준서, 이은서",한민규,"(재)영등포문화재단(주관), 콕핏 스튜디오(주관), (재)영등포문화재단(주최), 한국문화예술회관연합회(KoCACA)(주최)",,
9017348,스트링 퀄텟의 밤,서양음악(클래식),기악,"송희근, 최유진, 홍수경, 김정은",,쌀롱드무지끄(주최),,
9017477,"문화가 있는날, 하우스 콘서트: 브라스마켓",서양음악(클래식),기악,"나웅준, 은중기, 김태우, 정학균, 장정민",,"군산예술의전당(주관), 전라북도(주최), 군산시청(주최)",,
9017555,맨하탄 음대 장학금 조성 음악회,서양음악(클래식),기악,"양기훈, 장미경, 김방술, 김은희, 김채선, 김하얀, 민나경 등",유은지,"영음예술기획(주관), 맨하탄 음악대학 한국총동문회(주최)",,
9017566,영화관 옆 클래식,서양음악(클래식),기악,"박미정, 심지윤, 최윤영, 전지순, 김승연, 한우람, 김형용 등",,"문화체육관광부(주최), 한국문화예술회관연합회(KoCACA)(주관), 강릉아트센터(주관)",,
9017845,제1회 태안예술가곡제,서양음악(클래식),기악,"변욱, 박미자, 임정화, 강무림, 김병찬, 김상경, 이재성 등",,"태안군(주최), (사)서울우리예술가곡협회(주관)",,
9018627,피아노맨즈,서양음악(클래식),기악,"엄주빈, 김용진",,"안성맞춤아트홀(안성시)(주최), 안성맞춤아트홀(안성시)(주관)",,
9018800,대전시립교향악단 특별초청연주회 [안동],서양음악(클래식),기악,"제임스 저드, 문지영 등",,"대전시립교향악단(주관), 안동문화예술의전당 (평생학습원)(주최)",,
9018804,CLASSIC 30: 바로크와 고전으로의 가을산책,서양음악(클래식),기악,"이정일, 김나영, 이유민, 최혜인, 차민정, 조진원",,"유나이티드프로듀서스(UPD)(주관), 스트라디움(주최)",,
9019053,춘천시립교향악단 실내악 시리즈,서양음악(클래식),기악,"박민지, 어유진, 유지숙, 송영현, 박종석, 이지훈",,"춘천시립예술단(주최), (재)춘천문화재단(주관)",,
9019097,"박소현 해설이 있는 바이올린, 비올라 독주회 시리즈, 알고나면 쓸데 많은 신나는 클래식",서양음악(클래식),기악,"박소현, 이네스 길, 최지연, 김병현, 홍승준, 정은경",,나무예술기획(주관),,
9019109,피아니스트 이진화 초청 독주회,서양음악(클래식),기악,이진화,,(주)마스트미디어(주최),,
9019228,젊은 예술인 지원을 위한 예술기부 콘서트 II,서양음악(클래식),기악,"백주영, 김지윤, 전재성, 문지원, 송지원, 윤동환, 홍의연 등",,예술의전당(주최),,
9019826,문화가 있는 날 SAC 아티스트 라운지 (10월),서양음악(클래식),기악,"양지인, 제이피 요프리, 이택기",,예술의전당(주최),,
9020445,아람누리 마티네콘서트 Ⅳ,서양음악(클래식),기악,"오상진, 김호정, 원재연, 이재경",,(재)고양문화재단(주최),,
9021745,제22회 영남국제현대음악제,서양음악(클래식),기악,,,,,
9022088,"Aura와 함께하는 앙상블 이야기, 그 열 두 번째 [당진]",서양음악(클래식),기악,"사헌순, 임채선, 황대연, 김혜진, 김판민, 유지희",,"아산시교향악단(주관), 앙상블 Aura(주관), 앙상블 Aura(주최)",,
9022090,Rising Piano Festival II [천안],서양음악(클래식),기악,"김은진, 유미향, 백주연, 박혜현, 강성애",강성애,"라온공연예술기획(주관), 한국비상피아노협회(주최)",,
9022110,The Chamber 원형준 ＆ 서수민 ＆ 윤유정,서양음악(클래식),기악,"원형준, 서수민, 윤유정",,(주)마스트미디어(주최),,
9022174,한기정 피아노 독주회,서양음악(클래식),기악,한기정,,(주)음연(주최),,
9022271,제142회 원주시립교향악단 정기연주회,서양음악(클래식),기악,홍석원 등,,"원주시청(주최), 원주시립교향악단(주관)",,
9022420,부전자전 모차르트 [함안],서양음악(클래식),기악,"조정현, 송영민, 전석호, 석상근, 손가슬 등",,"함안문화예술회관(주관), (사)프라임필하모닉오케스트라(주관), 한국문화예술회관연합회(KoCACA)(주최)",,
9022605,제467회 대구시립교향악단 정기연주회,서양음악(클래식),기악,"줄리안 코바체프, 김동현 등",줄리안 코바체프,"대구시립교향악단(주관), 대구시립예술단(주최)",,
9023611,옐로우 스트링 보이즈 콘서트,서양음악(클래식),기악,"표진호, 정상원 등",,"문화체육관광부(주최), 파주도시관광공사(주관), 한국문화예술회관연합회(KoCACA)(주관)",,
9023702,구미마루오케스트라 친구들과 함께하는 힐링 콘서트,서양음악(클래식),기악,"김형석, 황대진, 루이스 초이, 임봉석",,"구미마루오케스트라(주관), 구미강동문화복지회관(주관), 구미마루오케스트라(주최), 구미강동문화복지회관(주최)",,
9024011,에티카 토크콘서트: 북 앤 클래식,서양음악(클래식),기악,"김주은, 최서희, 전혜성, 방지성, 박노익, 최한결, 김승원 등",,"(재)세종문화회관(주최), (재)세종문화회관(주관), 에티카 앙상블(주관), 에티카 앙상블(주최)",,
9024080,제20회 프리모쿼르텟 정기연주회,서양음악(클래식),기악,"윤숙, 김도윤, 김희정, 임경원, 김세영, 주윤경",,(주)아트브릿지(주관),,
9024098,"서울국제음악제, 베토벤, 불후의 작곡가",서양음악(클래식),기악,"연광철, 이현옥, 김한, 이은호, 이석준, 백주영, 김다미 등",,"(주)오푸스(OPUS)(주관), 서울국제음악제(주최)",,
9024734,대전현대음악협회 창단 20주년 기념 연주회,서양음악(클래식),기악,"김민구, 주소은, 김은숙, 황성곤, 채경화, 우미현, 남진 등",,"대전현대음악협회(주최), 유진예술기획(주관)",,
9024736,"아름다운 목요일, 윤이상국제음악콩쿠르 박성용영재특별상 수상자 임윤찬",서양음악(클래식),기악,임윤찬,,(재)금호아시아나문화재단 (금호문화재단)(주최),,
9024987,젊은 예술인 지원을 위한 예술기부 콘서트 IV,서양음악(클래식),기악,"주희성, 이진상, 김태형, 박종해, 신창용, 김강태, 김민홍 등",,예술의전당(주최),,
9026032,"박찬민 아나운서와 함께하는 마티네 콘서트, 베토벤, 영웅이 되다",서양음악(클래식),기악,"박찬민, 홍민수",,(재)부산문화회관(주최),,
9026687,"가을, 겨울의 따뜻함을 트리오와 함께",서양음악(클래식),기악,"김영하, 어지은, 정혜민",,쌀롱드무지끄(주최),,
9026709,부천필하모닉오케스트라 기획연주회: 생활속의 클래식,서양음악(클래식),기악,최현이 등,,"부천시청(부천시립예술단)(주관), 부천시청(부천시립예술단)(주최)",,
9026823,"명연주 시리즈, 조성진 피아노 리사이틀",서양음악(클래식),기악,조성진,,"대구콘서트하우스(주관), 대구콘서트하우스(주최)",,
9028737,송윤지 비올라 다 감바 독주회,서양음악(클래식),기악,"송윤지, 정민호, 김혜민 등",,마에스트로 컴퍼니(주최),,
9028871,The Class 브랜든 최 & 송영민,서양음악(클래식),기악,"브랜든 최, 송영민",,(주)마스트미디어(주최),,
9028937,최희정 피아노독주회,서양음악(클래식),기악,,,가온클래식(주최),,
9028945,강성호 & 안우정 듀오 리사이틀,서양음악(클래식),기악,"강성호, 안우정, 최중혁",,앙상블리안(주최),,
9028970,고독의 길,서양음악(클래식),기악,"이홍경, 김희선, 최윤정, 나인국",,"(재)서초문화재단(주최), 음악저널(주최), (주)음악저널(주최)",,
9029022,부산시립교향악단 기획음악회: 실내악 공장,서양음악(클래식),기악,"이현재, 김민승, 이윤하, 이은정, 이주형, 김영준, 윤솔샘 등",,"부산시립예술단(주관), 부산광역시(주최)",,
9029212,백건우와 슈만 [안성],서양음악(클래식),기악,백건우,,안성맞춤아트홀(안성시)(주최),,
9029750,트리오 베아트리체 베토벤 피아노 트리오 전곡 시리즈 2,서양음악(클래식),기악,"박소현, 김은지, 김유진",,에이엠예술기획(AM엔터테인먼트)(주관),,
9029830,허유림의 클래식기타 렉처 리사이틀 : Do you know Classical Guitar?,서양음악(클래식),기악,"허유림, 허경수, 한은",,"한국기타협회(주관), (주)K-ART & Company(케이아트앤컴퍼니)(주최)",,
9030010,"우아한 클래식, 정글북 [김해]",서양음악(클래식),기악,박소연 등,,"(재)김해문화재단(김해서부문화센터)(주최), (재)김해문화재단(김해서부문화센터)(주관)",,
9030309,"위대한 작곡가의 불꽃 같은 연애사#4, 사랑은 아직도 끝나지 않았네!",서양음악(클래식),기악,조희창,,(주)클럽발코니(주최),,
9030317,이승민 쳄발로 독주회,서양음악(클래식),기악,이승민,,예인예술기획(주최),,
9030380,토요키즈클래식,서양음악(클래식),기악,"안세훈, 김지혜, 박경화, 나인국, 서성은, 오지은, 조예림 등","이동혁, 손경주",(재)용인문화재단(제작사),,
9032085,이중희 피아노 독주회,서양음악(클래식),기악,"이중희, 유진섭, 박태형",,예인예술기획(주최),,
9032725,교과서 음악회,서양음악(클래식),기악,,,"다빈아트(주관), 다빈아트(주최)",,
9032806,"오충근의 고고한 콘서트 Ⅱ, 어게인 노자와 베토벤",서양음악(클래식),기악,"최진석, 김주영 등",오충근,금정문화회관(주최),,
9032836,"천원의 행복한 저녁 콘서트, 하나의 피아노, 네개의 손",서양음악(클래식),기악,"최은영, 표세구",,"문화체육관광부(주최), 양산시시설관리공단(주최), 한국문화예술회관연합회(KoCACA)(주관), 더하우스콘서트(주관), 양산시시설관리공단(주최)",,
9032993,"모람모람 콘서트, Piano 2,4,8,12 Hands",서양음악(클래식),기악,"김계화, 김규희, 김문정, 이옥규, 황윤하, 황지인",,"(재)영등포문화재단(주관), 한국리스트협회(주관), 한국문화예술회관연합회(KoCACA)(주최), (재)영등포문화재단(주최)",,
9033019,KBS교향악단 특별연주회 VII: 고전 초월,서양음악(클래식),기악,"피에타리 인키넨, 손민수",,"(재)KBS교향악단(주최), (재)KBS교향악단(주관)",,
9034941,La Rayuela,서양음악(클래식),기악,"연하늘, 박경난",,쌀롱드무지끄(기획사),,
9034963,통의동클래식 열아홉번째 연주회: Farewell,서양음악(클래식),기악,"권호정, 이재원, 안성윤",,통의동클래식(주최),,
9034965,안명주 플루트 독주회,서양음악(클래식),기악,"안명주, 홍청의, 우영욱",,"엘림아트센터(주최), 엘림아트센터(주최)",,
9035032,"베토벤, 조화와 균형을 찾아서",서양음악(클래식),기악,"정혜연, 박주경, 정승원",,앙상블리안(주최),,
9035043,김나연 바이올린 독주회,서양음악(클래식),기악,"김나연, 박로한",,"커먼타임(주관), 커먼타임(주최)",,
9035170,피아니스트 박상희 독주회 [대전],서양음악(클래식),기악,박사으히,,"대전예술기획(주최), 대전예술기획(주관)",,
9035180,코리아윈드필하모니 토크 콘서트 [대구],서양음악(클래식),성악,"신병기, 하석배, 이현, 최덕술, 이윤경 등",,"(재)달서문화재단 (웃는얼굴아트센터, 달서아트센터)(주최), 코리아윈드필하모니(주최)",,
9035502,베이스 구본수 콘서트 [부산],서양음악(클래식),성악,"구본수, 고은지",,"(주)위클래식(주관), (주)위클래식(주최)",,
9035827,"Meet the Artist, 바리톤 이응광",서양음악(클래식),성악,"이응광, 이소영",,(주)마스트미디어(주최),,
9035923,인아웃 콘서트,서양음악(클래식),성악,"금난새, 최정원, 김정규 등",,대전예술의전당(주최),,
9036299,소프라노 박지은 독창회,서양음악(클래식),성악,"박지은, 남자은",,"대구시립예술단(주최), 대구시립합창단(주관)",,
9036520,"관현악시리즈 Ⅱ, 국악관현악과 한국 합창: 시조 칸타타",서양음악(클래식),성악,"이영조, 김성진, 이유라, 신동원, 하윤주 등",,"국립극장(주최), 국립국악관현악단(주관)",,
9037017,서울코다이싱어즈 정기연주회,서양음악(클래식),성악,,조홍기,서울코다이싱어즈(주최),,
9037236,"친절한 디토씨의 클래식 음악여행 #2, 디바들의 우아한 세계",서양음악(클래식),성악,"박혜상, 황지원 등",,(주)클럽발코니(주최),,
9037310,제180회 부산시립합창단 정기연주회,서양음악(클래식),성악,이기선 등,"최석태, 고은하 등","(재)부산문화회관(주최), 부산시립예술단(주관)",,
9037712,테너 윤서준＆바리톤 안동영 듀오 콘서트 [대구],서양음악(클래식),성악,"윤서준, 안동영, 고은지",,"(주)위클래식(주최), (주)위클래식(주관)",,
9037928,베이스바리톤 길병민 리사이틀,서양음악(클래식),성악,"길병민, 정태양",,"크라이스클래식(주관), 크라이스클래식(주최)",,
9039868,소프라노 김은형 독창회 [대구],서양음악(클래식),성악,"김은형, 남자은, 정혜진",,"(재)대구문화재단(주관), 린노보(주최)",,
9039944,작은 음악회: 호의적인 사람과 음악 그리고 가을사랑,서양음악(클래식),성악,"오상택, 김남영, 공희상",,(재)서초문화재단(주최),,
9040025,젊은 예술인 지원을 위한 예술기부 콘서트 III,서양음악(클래식),성악,"조한나, 김세일, 강우성, 임주희, 김계희, 이정란, 조형준 등",,예술의전당(주최),,
9040346,사랑을 노래하다: 가을의 팬텀 2,서양음악(클래식),성악,"김영수, 손혜수, 최성훈, 김민석, 존노 등",,한다우리 예술기획(주관),,
9041498,제183회 광주시립합창단 정기연주회,서양음악(클래식),성악,김인재 등,,"광주문화예술회관(주최), 광주시립합창단(주관)",,
9041758,"부천시립합창단 차세대 성악가 발굴 프로젝트, 드림콘서트",서양음악(클래식),성악,"조익현, 김효영, 진예진, 조재경, 송재훈 등",,"부천시립합창단(주관), 부천시청(부천시립예술단)(주최)",,
9041885,가을 힐링 콘서트: 그대가 먼저 행복해야죠,서양음악(클래식),성악,"이동명, 김민형, 이연정, 강부영, 이경희, 서승환, 윤혜련 등",이동명,뮤지컬파크(주최),,
9041891,의령 문화로 놀자,서양음악(클래식),성악,"권수현, 진형운, 이강진, 박선영, 이상주, 주선언, 박장호 등",,"한국문화예술회관연합회(KoCACA)(주관), 의령군청(의령군)(주관), 문화체육관광부(주최)",,
9042047,"서울국제음악제, 버림받은 자의 구원",서양음악(클래식),성악,"윤호근, 이명주, 이아경, 신동원, 사무엘 윤 등",,"(주)오푸스(OPUS)(주관), 서울국제음악제(주최)",,
9042083,김동규와 떠나는 가을여행: 10월의 어느 멋진 날,서양음악(클래식),성악,"김동규, 김봉미, 정선아, 고아라, 김나영 등",,예술의전당(주최),,
9042136,소프라노 오희진 독창회 [대구],서양음악(클래식),성악,"오희진, 우수현",,"(재)수성문화재단 수성아트피아(주최), (재)수성문화재단 수성아트피아(주관)",,
9042172,김종영 클라리넷 리사이틀,서양음악(클래식),성악,"김종영, 권연우",,공연기획피움(주최),,
9044373,소프라노 조주현 독창회,서양음악(클래식),성악,"조주현, 정영하",,영음예술기획(주최),,
9044374,거장이 전해주는 메세지 Ⅱ,서양음악(클래식),성악,"정선화, 김보람, 고승희, 김현경, 김상호, 조태진 등",,"음악교육신문(주관), IRC 현대음악국제협력연구센터(주최), (사)한러교류협회(주최), 음악교육신문사(주관)",,
9044577,철원소년소녀합창단: 철원의 가을,서양음악(클래식),성악,장혜원 등,,"강원도청(주최), 철원군(주최), 철원소년소녀합창단(주관)",,
9044927,제158회 서울시합창단 정기연주회,서양음악(클래식),성악,"김홍수, 이윤정, 김정미, 김충희, 염경묵",,서울시합창단(제작사),,
9044975,사랑을 노래하다: 가을의 팬텀2 (앵콜),서양음악(클래식),성악,"김영수, 손혜수, 조한나, 김민석, 존노 등",,"한다우리 예술기획(주관), 디아트원(주최)",,
9048011,"대구오페라축제, 오페라 광장콘서트",서양음악(클래식),오페라,,,"(재)대구오페라하우스(주최), (재)대구오페라하우스(주관)",,
9048089,리어왕 [성주],서양음악(클래식),오페라,"김동순, 김옥, 김정아, 송지연, 배재혁, 이현영, 임경섭 등","황해숙, 이영기, 최홍기 등","성주군청(주최), 성주문화예술회관(주관), 로얄오페라단(royalopera)(주관)",,
9048640,코리아 & 뮤직페스티발,서양음악(클래식),오페라,"김형석, 이호택, 이혜전, 박현옥, 김현호, 조은혜, 김지훈 등",최종원,한러오페라단(주최),,
9048930,세빌리아의 이발사 [부산],서양음악(클래식),오페라,"왕기헌, 홍지형, 정승화, 권영기, 박상진, 민종호","김정환, 최승희",해운대문화회관(주최),,
9049235,카르멘 [부산],서양음악(클래식),오페라,"김봉미, 김지호, 김준연, 김은희, 김유진, 권영기, 이대범 등","이소영, 노이룸, 김영미 등","(재)부산문화회관(주관), SOL&MUSIC COMPANY(주관), 부산광역시(주최), 솔오페라단(주최)",,
9050179,피델리오,서양음악(클래식),오페라,"세바스티안 랑 레싱, 국윤종, 한윤석, 서선영, 고현아, 전승현, 김샤론 등","김동일, 케보크 무라드","(재)국립오페라단(주관), (재)국립오페라단(주최)",,
9050868,피가로의 결혼 [당진],서양음악(클래식),오페라,"김경천, 박경숙, 김치영, 이경은, 박혜경, 임선아, 이성우 등","김기준, 김병무, 유희문","(재)당진문화재단(주관), 당진문예의전당(주관), 한국문화예술회관연합회(KoCACA)(주최)",,
9051905,아뉴스오페라단 코로나 극복 콘서트 [예천],서양음악(클래식),오페라,,,,,
9052055,투란도트,서양음악(클래식),오페라,"박지운, 조현애, 이현종, 박혜진, 박태환, 박정민, 전병호 등","강화자, 남기혁, 박선희 등","한국문화예술회관연합회(KoCACA)(주최), 칠곡군교육문화회관(주관), (사)강화자베세토오페라단(주관)",,
9052501,등꽃 나무 아래서 [대구],서양음악(클래식),오페라,"구수민, 윤승환, 김형준, 송지은, 서인애","임봉석, 류지은, 예병대 등","(재)달서문화재단 (웃는얼굴아트센터, 달서아트센터)(주최), (재)달서문화재단 (웃는얼굴아트센터, 달서아트센터)(주관)",,
9053009,카르멘 [대구],서양음악(클래식),오페라,"이현, 박소진, 박신해, 제상철, 김혜린",,"(재)행복북구문화재단(기획사), (재)행복북구문화재단(주최)",,
9053070,토스카,서양음악(클래식),오페라,"오미선, 조현애, 박기천, 김중일, 최종우, 박경준, 박종선 등","장수동, 김보미 등","(재)구로문화재단(주최), 서울오페라앙상블(주최)",,
9053618,"렉처오페라, 세비야의 이발사",서양음악(클래식),오페라,,,"(재)대구오페라하우스(주관), (재)대구오페라하우스(주최)",,
9054264,사랑의 묘약 [하남],서양음악(클래식),오페라,"김경희, 김시진, 석상근, 한혜열, 이예지, 조은비, 최영운 등",이의주,"(재)하남문화재단(주최), (재)하남문화재단(주관)",,
9054885,리골레토 [창원],서양음악(클래식),오페라,"박정민, 최병혁, 김유미, 손지수, 김동원, 정제윤, 임은경 등","정인숙, 이동신, 김성경 등",(사)경남오페라단(주최),,
9054951,신바람힐링콘서트 [공주],한국음악(국악),기악,"박승희, 강현영, 이영훈, 김진안, 장윤혜",,"국립공주박물관(주최), 국립공주박물관(주관)",,
9054955,"수성월드뮤직페스티벌, 김주리 밴드",한국음악(국악),기악,"김주리, 박다울, 윤여주, 노경진",,"(재)수성문화재단 수성아트피아(주최), (재)수성문화재단 수성아트피아(기획사)",,
9054990,"부산시립국악관현악단 특별연주회, 풍류",한국음악(국악),기악,"김종욱, 조순자, 김진홍, 박종환, 장명화 등",,"부산시립예술단(주관), (재)부산문화회관(주최)",,
9055303,국악콘서트: 서풍,한국음악(국악),기악,"김덕수, 김영임, 박애리 등",,"대구광역시 서구문화회관(주관), 한국문화예술회관연합회(KoCACA)(주최)",,
9055621,귀정(歸正) [대구],한국음악(국악),기악,"김은주, 배병민, 양수진, 김경동, 김순녀, 김복희, 이주영 등",,대구문화예술회관(주최),,
9055625,최혜림의 아쟁 sensibility,한국음악(국악),기악,"최혜림, 박우재, 최덕렬, 이지혜, 윤종수, 이진성, 박용은 등",,"(주)인사이트모션 서울돈화문국악당(주최), (주)인사이트모션 서울돈화문국악당(주관)",,
9055752,제780회 전라남도립국악단 토요공연: 남도풍류,한국음악(국악),기악,,,"(재)전라남도문화관광재단(도립국악단)(주최), (재)전라남도문화관광재단(도립국악단)(기획사)",,
9055769,딴타(打)라,한국음악(국악),기악,"김세진, 서상금, 고아라, 최규혁, 이정연","홍성용, 홍주영, 유한나 등","공연예술 용(주관), 공연예술 용(주최)",,
9055805,"을숙도 힐링 콘서트, 박환영의 인문학콘서트: 국악과 풍수",한국음악(국악),기악,,"김남순, 김수홍, 서나영","부산대학교 한국음악학과(주관), 을숙도문화회관(주최)",,
9055809,"고수의콘서트 레퍼토리Ⅱ, 힐링 국악콘서트",한국음악(국악),기악,"박상우, 윤하정 등",김혜성,"한국문화예술회관연합회(KoCACA)(주최), (재)인천서구문화재단(주관), 세종국악심포니오케스트라(세종국악관현악단)(주관)",,
9056377,새로고침,한국음악(국악),기악,"안준용, 최동호, 김하현 등","박호성, 신지용, 전수진 등","서울시청소년국악단(주관), (재)세종문화회관(주최)",,
9056639,"수요공감, 박달님 가야금",한국음악(국악),기악,박달님,,국립부산국악원(주최),,
9056654,환상노정기,한국음악(국악),기악,"김봉영, 정진우, 윤희연, 김민정, 장경희","경민선, 신창열, 김일현 등","(재)양천문화재단(주최), (재)양천문화재단(주관)",,
9056807,전통음악의 밤 [경주],한국음악(국악),기악,"정은주, 황한얼, 이승호, 김수연, 곽민진, 정지태, 정은주 등",박경현,"경주시(주최), 경주시립예술단(주관), 경주시립신라고취대(주관)",,
9057022,을숙도 힐링 콘서트: 어울림국악연구회 갈잎에 얹힌 그리운 풍류,한국음악(국악),기악,,"김남순, 김수홍, 서나영","부산대학교 한국음악학과(주관), 을숙도문화회관(주최)",,
9057072,김세경의 피리그림: 10년 그리고 미래,한국음악(국악),기악,"김세경, 이화영, 김영상, 김솔다니엘, 박영란, 이화영, 심운정 등","임종희, 조예본, 권도윤 등",,,
9057162,을숙도 힐링 콘서트: 부산대교수진과 함께하는 금정악회,한국음악(국악),기악,,"김남순, 김수홍, 서나영","부산대학교 한국음악학과(주관), 을숙도문화회관(주최)",,
9057172,제345회 서울시국악관현악단 정기연주회,한국음악(국악),기악,"손성국, 송정, 김관우, 홍민웅, 장성진, 김상훈, 심선민 등",박호성,서울시국악관현악단(제작사),,
9057493,오래된 미래 [대구],한국음악(국악),기악,"정선겸, 조희규, 황한얼, 김영산, 이창희, 장주영, 김가영 등","이수형, 최이담, 정찬희 등","신민속악회 바디(주최), 신민속악회 바디(주관)",,
9057955,"모람모람 콘서트, 한국호랑이 왕대의 모험",한국음악(국악),기악,,,"(재)영등포문화재단(주최), 창작집단 싸목싸목(주관), 한국문화예술회관연합회(KoCACA)(주최), (재)영등포문화재단(주최)",,
9058169,꽃보다 가야금,한국음악(국악),기악,"박지민, 박시현, 최세리, 임수연, 김유정, 이슬, 서지혜",기숙희,"(주)인사이트모션 서울돈화문국악당(주최), (주)인사이트모션 서울돈화문국악당(주관), 실크앙상블(주최), 실크앙상블(주관)",,
9058246,앙상블 더류 X 시인 나태주: 좋다고 하니까 나도 좋다,한국음악(국악),기악,,,(재)인천서구문화재단(주최),,
9058391,제781회 전라남도립국악단 토요공연: 남도풍류,한국음악(국악),기악,,,,,
9058407,정순임의 뿌리 깊은 나무 [대구],한국음악(국악),성악,정순임,,대구문화예술회관(주최),,
9058562,"전주완창무대, 장문희의 심청가",한국음악(국악),성악,"장문희, 조용수, 조용복",,"전주시청(주최), (재)우진문화재단(주관)",,
9058602,"수성월드뮤직페스티벌, 토리스",한국음악(국악),성악,"견두리, 이신예, 곽동현, 백현호, 최홍석",,"(재)수성문화재단 수성아트피아(주최), (재)수성문화재단 수성아트피아(기획사)",,
9058684,"수성월드뮤직페스티벌, 악단광칠",한국음악(국악),성악,,,"(재)수성문화재단 수성아트피아(주최), (재)수성문화재단 수성아트피아(기획사)",,
9059023,판소리 춘향가  [대전],한국음악(국악),성악,오단해 등,,"대전시립연정국악원(주최), 한국문화예술회관연합회(KoCACA)(주최), (주)모스트컬쳐(주관)",,
9059323,"토막소리 시리즈1, 팡틴",한국음악(국악),성악,"이승희, 박인선, 김홍식, 김소진","이향하, 신승태, 문동민 등","신촌문화발전소(서대문구청)(주최), 입과손스튜디오(주최)",,
9059345,"전주완창무대, 김선미의 수궁가",한국음악(국악),성악,"김선미, 홍성기, 조용안",,"전주시청(주최), (재)우진문화재단(주관)",,
9059385,완창판소리 (10월),한국음악(국악),성악,"김영자, 유영대, 김청만, 이태백",,"국립극장(주최), 국립창극단(주관)",,
9059744,"최영진의 장단 10년의 장기 프로젝트, 이생강류 대금산조",한국음악(국악),성악,"최영진, 이성준, 백현호",,(재)정효국악문화재단(주최),,
9059745,별난 소리판 [함안],한국음악(국악),성악,,,"한국문화예술회관연합회(KoCACA)(주최), 함안문화예술회관(주관), 미소(주관)",,
9059925,한밤의 유U;콘서트 (10월),한국음악(국악),성악,"박범태, 권은화 등",,"(재)영화의전당(주최), (재)영화의전당(주관), (주)국제신문(주최), (주)국제신문(주관)",,
9060730,"전주완창무대, 이지숙의 흥보가",한국음악(국악),성악,"이지숙, 김형주, 권혁대",,"전주시청(주최), (재)우진문화재단(주관)",,
9060772,레인보우콘서트: 서정금 최용석의 우리소리 한마당,한국음악(국악),창극,"서정금, 최용석",,"문화체육관광부(주최), 한국문화예술회관연합회(KoCACA)(주관), 남양주시청(주관)",,
9062080,이땅의 굿: 단풍맞이굿,한국음악(국악),연희,"민혜경, 권영심, 신현숙, 한미주, 이동균, 김민우, 최원영 등",,(재)한국문화재재단(주최),,
9062458,줄 타는 아이와 아프리카도마뱀,한국음악(국악),연희,"안대천, 민현기, 김용훈, 김정운, 김도혜, 이강산, 이강우 등","선영욱, 조정일, 조은영 등",광대생각(주관),,
9062899,굿 보러 가자,한국음악(국악),연희,"김영자, 조용수, 강동옥, 유영희, 김운선, 박월산, 정영만 등","이수경, 김영교, 정진철 등","경상남도문화예술회관(주관), (재)한국문화재재단(주관), 국립무형유산원(주최), (재)한국문화재재단(주관), 국립무형유산원(주최)",,
9063675,"짬콘서트:조선클럽, 고영열밴드 [용인]",한국음악(국악),혼합,고영열,,"(재)경기도문화의전당(주최), (재)경기도문화의전당(주관)",,
9064445,토선생 용궁가다 [대구],한국음악(국악),혼합,"안숙선, 남상일, 박애리, 유지숙, 박혜련, 천주미, 김지애 등",,"한국문화예술회관연합회(KoCACA)(주최), (재)행복북구문화재단(어울아트센터)(주관), 랑커뮤니케이션(주관)",,
9064679,"Project I 현의 울림, CordElite",한국음악(국악),혼합,"문새한별, 윤다영, 김솔 다니엘",,"코드엘리트(CordElite)(주최), (주)인사이트모션 서울돈화문국악당(주최), 코드엘리트(CordElite)(주관), (주)인사이트모션 서울돈화문국악당(주관)",,
9064763,삼대의 판,한국음악(국악),혼합,"박인선, 윤진성, 이주원, 허창열","신재훈, 이아람, 남경식 등","천하제일탈공작소(제작사), 천하제일탈공작소(주관), 남산골 한옥마을(주관)",,
9065401,"인당수의 우렁총각, 용궁 출신입니다만 쇼케이스",한국음악(국악),혼합,"김정수, 정초롱, 김은곤, 이석, 이선영, 전호준 등",,"(재)군포문화재단(군포문화예술회관)(주최), 세종국악심포니오케스트라(세종국악관현악단)(주관)",,
9065441,"을숙도 힐링 콘서트, We Hope 청출어람! [부산]",한국음악(국악),혼합,,"김남순, 서나영, 김수홍 등","을숙도문화회관(주최), 을숙도문화회관(기획사)",,
9066488,"제7회 해운대재즈페스티벌, 이희문과 오방神과",한국음악(국악),혼합,이희문 등,,"한국문화예술위원회(주최), 해운대문화회관(주최), 해운대문화회관(주관), 한국문화예술회관연합회(KoCACA)(주관), 문화기획단 무대공감(주관)",,
9066701,혁오 콘서트: 진정한 사랑과 행복을 찾는 방법: 사랑으로,대중음악,대중가요,,,"(주)두루두루아티스트컴퍼니(주최), (주)CJ ENM(주관)",,
9068044,해피위드유: 정튠 정예원,대중음악,대중가요,정예원 등,,"프리즘플러스(주최), 프리즘플러스(주관), 까미뮤직(주최), 까미뮤직(주관)",,
9068077,아마도이자람밴드 싱글 시간 발매 기념 공연,대중음악,대중가요,,,유어썸머(주최),,
9068174,밤의 동화: 주윤하 small live,대중음악,대중가요,주윤하,,"레인보우트리(rainbow tree)(주관), 레인보우트리(rainbow tree)(주최)",,
9068213,가을방학X최낙타 콘서트 [울산],대중음악,대중가요,,,"울산광역시 중구청(주최), 울산광역시 중구문화의전당(주관)",,
9069933,백아 첫 단독 콘서트: 우리가 머문 밤,대중음악,대중가요,,,"빈숲스튜디오(기획사), 코스믹뮤직랩(주관), 구름속의사람들(주관)",,
9070048,GUITAR DOMINATION,대중음악,대중가요,"김재하, 천성욱, 태지윤, 연제준 등",,"유니언스틸(주최), 유니언스틸(기획사)",,
9070076,조명섭 단독콘서트: 달밤음악회 [부산],대중음악,대중가요,조명섭,,"(주)밝은누리(주관), 아이오케이컴퍼니 TN엔터사업부(주최)",,
9071345,잭킹콩 단독 콘서트: Dancing Dacing Bluebird,대중음악,대중가요,,,"Palette (팔레트)(주최), Palette (팔레트)(주관)",,
9071513,"Fender Artist Vol.2, Chamsom",대중음악,대중가요,,,"(주)사운드캣(주최), (주)사운드캣(주관)",,
9071725,아이프리즘유 vol.13,대중음악,대중가요,,,"프리즘플러스(주최), 프리즘플러스(주관), 까미뮤직(주최)",,
9071928,"하우스콘서트 시즌4, 하림과 블루카멜앙상블 from Silk road [수원]",대중음악,대중가요,"하림, 설호종, 이호석, 윤현종, 장정민, 강희수, 성현구 등",,"수원시청(주최), (재)수원문화재단(주관)",,
9072149,DMZPOP 드라이브 인 콘서트,대중음악,대중가요,,,"강원도청(주최), 철원군(주최)",,
9074149,부활 10대 보컬 김동명 단독 콘서트: BRIDGE,대중음악,대중가요,김동명,,"대창흥업(주관), 132프로덕션(제작사), 대창흥업(제작사)",,
9074463,실리카겔 단독 콘서트: Kyo181,대중음악,대중가요,,,"매직스트로베리(주)(주최), 붕가붕가레코드(주관)",,
9074611,팝스오케스트라와 함께하는 사랑 & 동행 음악회,대중음악,대중가요,"최성수, 신효범, 박강성 등",,"부안군청(주최), 한국문화예술회관연합회(KoCACA)(주관)",,
9074814,청바지 콘서트 [대구],대중음악,대중가요,서문탁 등,,"한국문화예술회관연합회(KoCACA)(주최), 대구광역시 서구문화회관(주관)",,
9075249,"하우스콘서트 시즌4, DUSKY80과 함께하는 프랑스에서의 휴가 [수원]",대중음악,대중가요,"하범석, 윤종수, 박혜리, 홍찬미, 김대호",,"수원시청(주최), (재)수원문화재단(주관)",,
9075440,NELL‘S: LET THE HOPE SHINE IN,대중음악,대중가요,,,"(주)하쿠나마타타(주관), (주)하쿠나마타타(주최), (주)스페이스보헤미안(주최)",,
9079436,"미니멀라이프페스티벌, D‘allant & CHIMMI",대중음악,대중가요,,,"엠와이뮤직(주관), 엠와이뮤직(주최)",,
9079478,다린 콘서트: 숲：나무의 고백,대중음악,대중가요,,,"어코스티 뮤직(주최), 어코스티 뮤직(주관)",,
9079588,"누군가의 플레이리스트 Track.23, 406호 프로젝트 단독 콘서트",대중음악,대중가요,,,"청춘그리다(주관), 청춘그리다(주최)",,
9079639,강산에 & 김종서 락 콘서트: 천고심心비,대중음악,대중가요,"강산에, 김종서",,"강동문화재단(강동아트센터)(주관), 강동문화재단(강동아트센터)(주최)",,
9079994,청춘 나이트 PARTY,대중음악,대중가요,"김원준, 채연, 박미경",,"함안군(주최), 함안문화예술회관(주관)",,
9080199,데이먼스 이어 단독 콘서트: Two days too short,대중음악,대중가요,,,"롤링홀(주관), 롤링홀(주최)",,
9080621,이십세기 이승환 + [청주],대중음악,대중가요,이승환,,"(주)드림팩토리클럽(제작사), (주)하늘이엔티(주최)",,
9082213,CRUMP VOL.9,대중음악,대중가요,,,"CRUMP(크럼프)(주최), 티즈에리아(TIZ AREA)(주관)",,
9082216,테라스 파크 콘서트 [안성],대중음악,대중가요,"이유리, 이봉근, 박범태, 김국주, 양승리 등",,"안성맞춤아트홀(안성시)(주최), 안성맞춤아트홀(안성시)(주관)",,
9086643,Silent Cry，Loud Whisper with Superstring,대중음악,대중가요,,,"트리퍼사운드(주최), 트리퍼사운드(주관)",,
9086654,"위아더나잇 소극장 투어 Vol.01, 이 밤에 판타지: SUMMER",대중음악,대중가요,,,"빅웨이브 뮤직(주최), 빅웨이브 뮤직(주관)",,
9086969,Rock & 樂 Concert Vol.33 아도이,대중음악,대중가요,"오주환, 정다영, 지, 박근창",,"(재)군포문화재단(군포문화예술회관)(주관), (재)군포문화재단(군포문화예술회관)(주최)",,
9087462,"누군가의 플레이리스트 Track.24, 예빛 단독 콘서트",대중음악,대중가요,,,"청춘그리다(주관), 청춘그리다(주최)",,
9092842,킹스턴 루디스카 콘서트 [창녕],대중음악,대중가요,,,"창녕군청(창녕문화예술회관)(주최), 뮤직앤컴퍼니(주관)",,
9093388,"오늘도 무사히 콘서트: 가을방학, 랄라스윗",대중음악,대중가요,,,"(재)인천광역시 부평구문화재단(부평아트센터)(주관), 한국문화예술회관연합회(KoCACA)(주관), (재)인천광역시 부평구문화재단(부평아트센터)(주최), 문화체육관광부(주최)",,
9093663,마흔즈음에,대중음악,대중가요,채환,,"(재)거창문화재단(주관), (재)거창문화재단(주최)",,
9093889,"5959 LIVE, 정우＆백아",대중음악,대중가요,,,"구름속의사람들(주최), 구름속의사람들(주관)",,
9094014,원더그라운드 IN 플래그 위크,대중음악,대중가요,,,,,
9094097,레인보우콘서트: 양하영의 7080 낭만 콘서트,대중음악,대중가요,양하영,,"문화체육관광부(주최), 한국문화예술회관연합회(KoCACA)(주관), 남양주시청(주관)",,
9094399,전국 톱10 가요쇼 [군산],대중음악,대중가요,,,(주)전주방송 JTV(주관),,
9095219,"re－union, 아도이",대중음악,대중가요,,,"캐스퍼라이브(주최), 캐스퍼라이브(주관)",,
9095325,무경계 음악 콘서트,대중음악,대중가요,"박윤식, 이상면, 한경록, 이상혁, 김인수, 권송희, 신유진 등",,(재)광명문화재단(주관),,
9095664,가을밤 7080 추억의 콘서트 [김제],대중음악,대중가요,양하영 등,,"문화체육관광부(주최), 한국문화예술회관연합회(KoCACA)(주관), 김제시(김제시청)(주관)",,
9108333,기프트 단독콘서트: Halloween GIFT,대중음악,대중가요,,,,,
9108441,"다락방 콘서트 시리즈Ⅰ, 데이브레이크 [인천]",대중음악,대중가요,"김선일, 이원석, 정유종, 김장원",,"(재)인천서구문화재단(주최), (재)인천서구문화재단(주관)",,
9109309,"미니멀라이프페스티벌, 소낙별 & 달리",대중음악,대중가요,,,"엠와이뮤직(주최), 엠와이뮤직(주관)",,
9109324,"구름닮은 라이브 VOL.4, 정예원 & 김마리",대중음악,대중가요,"정예원, 김마리",,"구름속의사람들(주관), 구름속의사람들(주최)",,
9117950,"re－union, 새소년",대중음악,대중가요,,,"캐스퍼라이브(주최), 캐스퍼라이브(주관)",,
9121677,이대원의 온앤오프 스테이지,대중음악,대중가요,이대원,,"피지앤픽쳐스(주최), 피지앤픽쳐스(주관)",,
9121703,이십세기 이승환 ＋ [고양],대중음악,대중가요,이승환,,"(주)드림팩토리클럽(제작사), (주)하늘이엔티(주최)",,
9123118,DMZPOP 덕분에콘서트 [양구],대중음악,대중가요,이승철 등,,"강원도청(주최), 양구군청(주관), 주식회사 숲(기획사)",,
9128910,"Rock on Stage, 국카스텐 X 디어클라우드",대중음악,대중가요,,,"(재)달서문화재단 (웃는얼굴아트센터, 달서아트센터)(기획사), (재)달서문화재단 (웃는얼굴아트센터, 달서아트센터)(주최)",,
9129502,9와 숫자들 콘서트: MUSIC AIRPORT 노들,대중음악,대중가요,,,"오름엔터테인먼트(주관), 오름엔터테인먼트(주최)",,
9132106,Zubin ＆ Amies 나의 작은 여행,대중음악,대중가요,,,"바라이엔티(주최), 바라이엔티(주관)",,
9145160,오스카 피터슨 트리오: Night Train [대구],대중음악,대중가요,"전용준, 김대호, 김영진",,플러스히치(주최),,
9145251,인디전주 Ep.10: Fall in JAZZ,대중음악,재즈/월드뮤직,김성수 등,,"포풀라(주최), 전주음악인협회- 주니온()",,
9145253,아르떼 재즈나이트 Vol. 50 [통영],대중음악,재즈/월드뮤직,"마누엘 바이얀드, 김지석, 폴 커비, 이승하",,"(재)통영국제음악재단(주최), (재)통영국제음악재단(주관)",,
9145313,서울숲재즈페스티벌,대중음악,재즈/월드뮤직,,,"(주)페이지터너(주관), 민트페이퍼(주관), (주)페이지터너(주최), (재)성동문화재단(주최)",,
9145555,"제5회 문재페, 애쉬(Ash) 퀄텟",대중음악,재즈/월드뮤직,,,"디엔와이컴퍼니(주최), 디엔와이컴퍼니(기획사)",,
9145595,"제5회 문재페, 방병조 밴드 with 최선배",대중음악,재즈/월드뮤직,"방병조, 오동한, 류인기, 유영수, 최선배 등",,"디엔와이컴퍼니(주최), 디엔와이컴퍼니(기획사)",,
9145608,"제5회 문재페, 전제덕 밴드",대중음악,재즈/월드뮤직,전제덕 등,,"디엔와이컴퍼니(주최), 디엔와이컴퍼니(기획사)",,
9145634,"제5회 문재페, 고재규 재즈카마로 with 이주미",대중음악,재즈/월드뮤직,"고재규, 이주미",,"디엔와이컴퍼니(주최), 디엔와이컴퍼니(기획사)",,
9145657,찰리 파커 100  VOL1: Old & New,대중음악,재즈/월드뮤직,"남유선, 김은영, 전창민, 송준영, 다니엘 고, 심규민, 숀 드래빗 등",,플러스히치(주최),,
9145987,"제5회 문재페, 칼라리스 트리오",대중음악,재즈/월드뮤직,,,"디엔와이컴퍼니(주최), 디엔와이컴퍼니(기획사)",,
9146027,"제5회 문재페, 배장은 리버레이션 아말가메이션",대중음악,재즈/월드뮤직,배장은,,"디엔와이컴퍼니(주최), 디엔와이컴퍼니(기획사)",,
9146092,"제5회 문재페, 서영도 일렉트릭 앙상블",대중음악,재즈/월드뮤직,서영도,,"디엔와이컴퍼니(주최), 디엔와이컴퍼니(기획사)",,
9146110,미국과 재즈 [예산],대중음악,재즈/월드뮤직,"주화준, 오정택 등",,"하우스오브그루브(제작사), 충청남도(주최), (재)충남문화재단(주관)",,
9146168,"커피콘서트Ⅷ,  부미스재즈오딧세이: 탱고",대중음악,재즈/월드뮤직,,,,,
9146331,Fall in Jazz,대중음악,재즈/월드뮤직,"신관웅, 이경우, 웅산, 유진박, 김순영",,"(재)노원문화재단(주최), (재)노원문화재단(주관)",,
9147035,한웅원 밴드 with 전제덕,대중음악,재즈/월드뮤직,"한웅원, 고희안, 구교진, 김수유, 신현필, 전제덕",,"문화체육관광부(주최), 한국문화예술회관연합회(KoCACA)(주관), 함안문화예술회관(주관)",,
9147423,장의현의 재즈 앤 샹송 단독콘서트,대중음악,재즈/월드뮤직,장의현,,"한국가곡예술마을(주최), 나음아트홀(주관)",,
9148175,퍼니밴드의 싱싱싱 콘서트,대중음악,재즈/월드뮤직,"이정민, 김정현, 이종성, 안종민, 임재현, 박태홍",,"파주도시관광공사(주관), 한국문화예술회관연합회(KoCACA)(주관), 문화체육관광부(주최)",,
9148359,박주원 10주년 기타 콘서트: WITH STRINGS,대중음악,재즈/월드뮤직,"박주원, 최백호, 고상지 등",,"JNH뮤직(주최), JNH뮤직(주관)",,
9149081,"제7회 해운대재즈페스티벌, 재즈 루키 콘서트",대중음악,재즈/월드뮤직,한유정 등,,"한국문화예술위원회(주최), 해운대문화회관(주최), 해운대문화회관(주관), 한국문화예술회관연합회(KoCACA)(주관), 문화기획단 무대공감(주관)",,
9149197,My Romance,대중음악,재즈/월드뮤직,,,(재)대구문화재단(주최),,
9149212,"ACC 브런치, 재즈 명반을 연주하다: Kind of Blue",대중음악,재즈/월드뮤직,"송영주, 황호규, 신명섭, 남유선, 알렉스 시피아긴, 진 잭슨",,국립아시아문화전당(주최),,
9149543,"재즈의 맛, 더 피아니스트",대중음악,재즈/월드뮤직,"임미정, 이지영, 고희안, 전용준",,"문화체육관광부(주최), 한국문화예술회관연합회(KoCACA)(주관), (재)광명문화재단(주관)",,
9149920,"공연산책＃7, 재즈 피아니스트 조윤성의 디즈니와 사랑에 빠지다",대중음악,재즈/월드뮤직,"조윤성, 도승은, 전창민, 신동진 등",,"한국문화예술회관연합회(KoCACA)(주관), (재)하남문화재단(주관), 문화체육관광부(주최)",,
9150217,"제7회 해운대재즈페스티벌, 블루노트마스터피스",대중음악,재즈/월드뮤직,"강재훈, 남유선, 김영후, 김건영, 데이먼브라운",,"한국문화예술위원회(주최), 해운대문화회관(주최), 해운대문화회관(주관), 한국문화예술회관연합회(KoCACA)(주관), 문화기획단 무대공감(주관)",,
9150306,"제7회 해운대재즈페스티벌, 김목경 밴드",대중음악,재즈/월드뮤직,김목경,,"한국문화예술위원회(주최), 해운대문화회관(주최), 해운대문화회관(주관), 한국문화예술회관연합회(KoCACA)(주관), 문화기획단 무대공감(주관)",,
9150561,"문장이 음악이 되다, 재즈피아니스트 송준서의 책과 음악",대중음악,재즈/월드뮤직,송준서,,"NorthTower(기획사), THE GRANDE MUSIC STUDIO (더그란데뮤직스튜디오)(주최)",,
9150598,오감도: Korean Poetic Jazz,대중음악,재즈/월드뮤직,"임미성, 하성우, 최민호, 김윤태, 윤헤진, 차민규, 박혜리",,"임미성 퀸텟(주최), K-Stage(주관)",,
9150768,"제7회 해운대재즈페스티벌, 최백호 밴드",대중음악,재즈/월드뮤직,최백호,,"한국문화예술위원회(주최), 해운대문화회관(주최), 해운대문화회관(주관), 한국문화예술회관연합회(KoCACA)(주관), 문화기획단 무대공감(주관)",,
9151061,"한밤의 음악 산책, 로맨틱 프렌치 여행: DUSKY80",대중음악,재즈/월드뮤직,"김대호, 윤종수, 전유정, 정용도, 하범석, 홍찬미",,강동문화재단(강동아트센터)(주최),,
9151217,아르헨티나와 탱고 [예산],대중음악,재즈/월드뮤직,"닐루 무히디노바, 유사랑",,"브라소닛(제작사), 충청남도(주최), (재)충남문화재단(주관)",,
9151300,젠틀레인 6집 발매기념공연,대중음악,재즈/월드뮤직,"서덕원, 김호철, 최한글",서덕원,"지누락엔터테인먼트(주관), 지누락엔터테인먼트(주최)",,
9151354,All That Jazz Concert,대중음악,재즈/월드뮤직,"김준, 신관웅, 김수열, 최선배, 임현수, 전성식, 이정식 등",,"(재)성남문화재단(주관), (재)성남문화재단(주최)",,
9152176,한-러 수교 30주년 기념 렉쳐콘서트: 박물관에서 떠나는 러시아 여행,대중음악,기타,"안현배, 스뱌트킨, 이연성, 김경림, 스뱌트끼나",,"(재)국립박물관문화재단(주최), (재)국립박물관문화재단(주관)",,
9152680,팬텀싱어3 콘서트 [일산],대중음악,기타,"박기훈, 유채훈, 정민성, 최성훈, 고영일, 김바울, 황건하 등",,"(주)인넥스트트랜드(주관), (주)드림어스컴퍼니(주관), (주)드림어스컴퍼니(주최), (주)JTBC(주최), (주)인넥스트트렌드(주관)",,
9160649,포레스텔라 콘서트: 넬라 판타지아 [수원],대중음악,기타,"강형호, 고우림, 배두훈, 조민규",,"(주)창라이프(주최), (주)창라이프(주관), (주)아트앤아티스트(제작사)",,
9173612,미라클라스 콘서트: 사색동화,대중음악,기타,"김주택, 박강현, 정필립, 한태인",,(주)아트앤아티스트(주최),,
9175677,로맨틱펀치 단독공연: 90번째 로맨틱파티 FNL,대중음악,기타,,,"플랫폼창동61(주관), 서울특별시(주최), SH서울주택도시공사(주최)",,
9175921,"박경림의 보고싶은 라디오: 혜화동 185번지, 박완규편",대중음악,기타,"박경림, 박완규",,"티켓플러스(주)(제작사), (주)온택트TV(주최), 히즈플레이(주관)",,
9184992,다이나믹 매직콘서트,서커스/마술,서커스/마술,,,"성주문화예술회관(주관), 성주군청(주최), 한국문화예술회관연합회(KoCACA)(주최)",,
9187810,라흐마니노프 [광주],뮤지컬,뮤지컬,"박규원, 유성재",,"광주문화예술회관(기획사), 광주문화예술회관(주최)",,
9188972,더 스테이지 [김제],뮤지컬,뮤지컬,"김호영, 남경주, 이건명, 최정원",,"김제시(김제시청)(주관), 한국문화예술회관연합회(KoCACA)(주관), 김제시(김제시청)(주최), 한국문화예술회관연합회(KoCACA)(주최)",,
9206001,오즈의 마법사 [공주],뮤지컬,뮤지컬,,,공주시문화시설사업소(공주문예회관)(주관),,
9218946,루나틱 [속초],뮤지컬,뮤지컬,"엄선영, 권혁선, 김윤희, 임선아, 백재현, 전보영, 박요한",,"속초시(주최), (주)이엘프러스(주관)",,
9220188,온택트 음악동화,뮤지컬,뮤지컬,"김수웅, 박신영, 서영수","김태윤, 류찬, 이예원 등","한국문화예술회관연합회(KoCACA)(주관), 한국예술종합학교(주최), (재)성동문화재단(주최)",,
9221956,시민의 날 기념 뮤지컬 갈라 콘서트 [인천],뮤지컬,뮤지컬,"마이클리, 박혜나, 정예경 등","정예경, 조용신 등",인천광역시 경제자유구역청(아트센터 인천)(주최),,
9237970,3 LEGENDARY MUSICAL SINGERS [안동],뮤지컬,뮤지컬,"김소현, 손준호, 이지훈",,"안동문화예술의전당 (평생학습원)(주관), 안동문화예술의전당 (평생학습원)(주관)",,
9256448,"웰컴대학로, 아리 아라리",뮤지컬,뮤지컬,"홍성민, 박가영, 김미수, 김혜인, 조민호, 최아름, 이재욱 등","윤정환, 조성희, 이상호 등","한국관광공사(주최), 한국관광공사(주관)",,
9285662,오늘을 기억해 [철원],뮤지컬,뮤지컬,"한현민, 이재형, 최수연, 송영길, 백재현, 임선아, 전보영",,"철원군(주관), (주)리히더스(주관), 한국문화예술회관연합회(KoCACA)(주최)",,
9298193,리틀 뮤지션 [여수],뮤지컬,뮤지컬,"정선경, 김승환, 서혜주, 김유정, 강아영, 김부원, 박소희",,"(유)브러쉬씨어터(제작사), GS칼텍스 예울마루(주관), GS칼텍스 예울마루(주최)",,
9302235,귀를 기울이면,뮤지컬,뮤지컬,"김기남, 김소영, 오유민, 이승규, 조정환, 최유리","이주영, 김혜진, 한혜신",,,
9316132,"제14회 DIMF, 이상한 나라의 안이수",뮤지컬,뮤지컬,"전수진, 장민석, 차푸름, 이응석, 최지수, 정성웅","손호석, 구지영, 장혜린 등","대구광역시(주최), (사)대구국제뮤지컬페스티벌(DIMF)(주관), 지오뮤직(제작사)",,
9316693,인형의 꿈,뮤지컬,뮤지컬,"김민국, 박철민, 이예루, 정민영 등","김승균, 임상일, 사다빈 등","티에스컴퍼니(주최), 티에스컴퍼니(주관)",,
9317412,"제14회 DIMF, 프리다: Last Night Show",뮤지컬,뮤지컬,"신영숙, 전수미, 정영아, 김수연","이재은, 이종호, 추정화 등","대구광역시(주최), (사)대구국제뮤지컬페스티벌(DIMF)(주관), 스텝스(제작사)",,
9318102,"제14회 DIMF, 생텍쥐페리",뮤지컬,뮤지컬,"박명선, 손현진, 이지민, 최인혜, 정수환, 조명현, 윤채은 등","손수민, 진주백, 장혜린 등","대구광역시(주최), (사)대구국제뮤지컬페스티벌(DIMF)(주관), (주)브리즈 뮤지컬 컴퍼니(제작사)",,
9320011,앨리스 스튜디오,뮤지컬,뮤지컬,"류세일, 권영은, 곽다인, 이정주, 김수민, 류주비, 이지명 등","김지은, 정경인, 이지선 등","(재)구로문화재단(주최), (재)구로문화재단(주관), 한국예술종합학교(주최), 한국예술종합학교(주관)",,
9326860,"제14회 DIMF, 산홍",뮤지컬,뮤지컬,"신의정, 최미소, 조선명, 진상현, 정지우, 류정훈","배서영, 정규원, 최수명 등","씨워너원 (C101)(제작사), (사)대구국제뮤지컬페스티벌(DIMF)(주관), 대구광역시(주최)",,
9331937,토돌이의 모험 [대구],뮤지컬,뮤지컬,"김수경, 윤정화, 남준우, 김현준, 정가빈, 정영래",,"대구문화예술회관(주최), 대구문화예술회관(주관)",,
9335381,효자 호랑이 [의정부],뮤지컬,뮤지컬,,,극단 상상마당컴퍼니(제작사),,
9344387,루나틱 [거창],뮤지컬,뮤지컬,,,"(재)거창문화재단(주최), (재)거창문화재단(주관)",,
9344800,이상한 나라의 앨리스 [김제],뮤지컬,뮤지컬,,,"김제시(김제시청)(주최), 김제시(김제시청)(주관)",,
9354255,골목길 [고양],뮤지컬,뮤지컬,"양신우, 장예리, 김성헌, 이경구, 박가영, 박은성","배새암, 김성헌, 이경구 등",아픽 (art-pig)(제작사),,
9354515,"쿵짝2, 얼쑤 [구리]",뮤지컬,뮤지컬,,,"한국문화예술회관연합회(KoCACA)(주최), 아시아문화원(주관), 구리문화재단(주관), (재)구리문화재단(구리아트홀)(주관)",,
9356402,"밀양아리나 고육연극제, 푸른하늘 은하수 [밀양]",뮤지컬,뮤지컬,"조정명, 정소현, 김봄, 반자성, 이정기, 박수민, 길연범 등","최원형, 안준형, 박유진 등","음악교육극단 반달(제작사), 주주메카(주최), 주주메카(기획사)",,
9370268,겨울이야기 [청주],뮤지컬,뮤지컬,,,"극단 해미소(주최), 진엔터컴(주관)",,
9385566,달다방,뮤지컬,뮤지컬,"권혁진, 박영정, 이재영","김지식, 김태호, 김나영 등",극단 여정(제작사),,
9398662,최정원 뮤지컬 갈라쇼 [울산],뮤지컬,뮤지컬,최정원,,"울산광역시 중구청(주최), 울산광역시 중구문화의전당(주관)",,
9399195,아름다운 선물,뮤지컬,뮤지컬,,,"고창군(고창군청)(주최), 고창군(고창군청)(주관), 전라북도(주최)",,
9419585,"제14회 DIMF, 그리스",뮤지컬,뮤지컬,,,"대구광역시(주최), (사)대구국제뮤지컬페스티벌(DIMF)(주관)",,
9447160,리틀뮤지션 [익산],뮤지컬,뮤지컬,,,"한국문화예술회관연합회(KoCACA)(주최), 익산예술의전당(주관), (유)브러쉬씨어터(주관)",,
9448487,써니텐 [밀양],뮤지컬,뮤지컬,"민용진, 한미래, 서덕훈, 김영신, 박지우, 신광희",,"(재)밀양문화재단(주관), (재)밀양문화재단(주최)",,
9448610,굿 세워라 금순아 [부산],뮤지컬,뮤지컬,"송문선, 박석용, 민병상, 최병규, 이홍모, 이영규, 김현아 등","권호성, 진남수, 양승환 등","한국문화예술회관연합회(KoCACA)(주최), 한국문화예술회관연합회(KoCACA)(주관), 금정문화회관(주관)",,
9448638,지하철 1호선 [강릉],뮤지컬,뮤지컬,"민채원, 박근식, 황기석, 최정기, 이순형, 홍성희, 안소연 등","김민기, 정재일","강릉아트센터(주관), 학전(주관), 한국문화예술회관연합회(KoCACA)(주최)",,
9449026,"제14회 DIMF, You & It",뮤지컬,뮤지컬,"서형훈, 설화, 서찬양","오서은, 이응규, 이종혁 등","(사)대구국제뮤지컬페스티벌(DIMF)(주관), 대구광역시(주최)",,
9449184,"제14회 DIMF, 무도회장 폭탄사건",뮤지컬,뮤지컬,"강연정, 문지수, 한수림, 김방언, 최성혜, 박세웅, 박경진 등","김윤영, 김다연, 추태영 등","대구광역시(주최), (사)대구국제뮤지컬페스티벌(DIMF)(주관), BE 뮤지컬 컴퍼니(제작사)",,
9449394,"제14회 DIMF, 푸르고 푸른",뮤지컬,뮤지컬,"최민우, 윤영석, 장은희, 백승렬, 김원빈","김미정, 편준원, 최두선 등","대구광역시(주최), (사)대구국제뮤지컬페스티벌(DIMF)(주관), 극단 구리거울(제작사)",,
9470926,"수봉IN꿈노리, 욕쟁이 할머니와 암탉",뮤지컬,뮤지컬,,,"(사)한국예총 인천광역시연합회 인천예총(인천수봉문화회관)(주최), (사)한국예총 인천광역시연합회 인천예총(인천수봉문화회관)(주관)",,
9472400,루나틱 [파주],뮤지컬,뮤지컬,,,"파주도시관광공사(주관), (주)이엘플러스(주관), 한국문화예술회관연합회(KoCACA)(기획사)",,
9472631,헨젤과 그레텔 [공주],뮤지컬,뮤지컬,,,"국립공주박물관(주최), 국립공주박물관(주관)",,
9478770,39THIRTY NING [대전],뮤지컬,뮤지컬,"손건우, 임동진, 윤복희, 곽은태, 기정수, 원근희, 조용태 등","표재순, 박한열, 박요한 등","대전시립연정국악원(주최), 한국문화예술회관연합회(KoCACA)(주최), 전문예술단체극단 도화원 ((주)도화원엔터테인먼트)(주관)",,
9479195,마토콘서트: 노을,뮤지컬,뮤지컬,,,"대구광역시 서구문화회관(주관), 한국문화예술회관연합회(KoCACA)(주최)",,
9494251,"내 동생, 무명이",뮤지컬,악극,"최지환, 이정연 등",,"(사)영남필하모닉오케스트라(주관), (사)영남필하모닉오케스트라(주최)",,
9494366,운명을 이겨낸 베토벤 [안동],뮤지컬,악극,"안은영, 신재선, 송단비, 이은실, 홍지연, 김찬규, 이해성 등",,"문화체육관광부(주최), 한국문화예술회관연합회(KoCACA)(주관), 안동문화예술의전당 (평생학습원)(주관)",,
10117527,알라딘과 요술램프 [구미],뮤지컬,뮤지컬,"한수정, 최강열, 강대웅, 오가빈, 강선민, 문병성","한수정, 김현주, 박지호 등","극단 레미.레오(기획사), 극단 레미.레오(주최)",,
10117531,잔나비 전국투어: NONSENSE Ⅱ [서울],대중음악,대중가요,,,"(주)페포니뮤직(주최), (주)페포니뮤직(주관)",,
10133058,리움심포니오케스트라 콘체르토 콘서트,서양음악(클래식),기악,"안희찬, 김태윤, 주민혁, 성시연, 이예준, 이수민, 김민성 등",,리움챔버오케스트라(주최),,
10182836,나순덕,연극,연극,"박동준, 정우훈, 박문규, 류선옥, 이지향, 최현정, 김태욱 등","김승철, 김영철, 박찬호 등",교육극단 푸른숲(주최),이지향,
10182938,햄릿 읽기 좋은 날,연극,연극,"구시연, 임승범, 김영욱, 임영식, 박동욱, 최승은, 이여진 등","박선희, 송정희, 김우림 등","플레이위드(제작사), 플레이위드(기획사)",윌리엄 셰익스피어,
10183309,우리의 봄은 아름다울 거야,대중음악,대중가요,,,"(주)모던보이엔터테인먼트(주최), (주)모던보이엔터테인먼트(주관)",,
10184420,한음신년수상자연주회,서양음악(클래식),기악,"박제인, 옥믿음, 김지우, 구지우, 최민재, 박혜민, 이주언, 한정원 등",,"(주)랩솔루션(주최), (주)랩솔루션(기획사)",,
10200552,제4회 리비툼과 함께하는 클래식 여행,서양음악(클래식),기악,"권준석, 김아영, 정서현, 양수정, 이가은, 성희진, 이정민 등",최미정,"애드 리비툼(주최), 애드 리비툼(주관)",,
10200918,적재 콘서트: 어떤 하루 [부산],대중음악,대중가요,적재,,"(재)영화의전당(주최), (재)영화의전당(주관)",,
10205261,한낮의 유U;콘서트 (2월),서양음악(클래식),기악,"서희태, 강혜정 등",,"(주)국제신문(주최), (주)국제신문(주관), (재)영화의전당(주최), (재)영화의전당(주관)",,
10205833,"대관령겨울음악제, 마코토 오조네 퀸텟 [춘천]",서양음악(클래식),기악,"마코토 오조네, 에릭 미야시로, 카주히코 콘도, 켄고 나카무라, 시노스케 다카하시",손열음,"(재)강원문화재단(주관), 강원도청(주최)",,
10206191,"대관령겨울음악제, 마케도니시모 [원주]",서양음악(클래식),기악,"시몬 트렙체스키, 히단 마무도프, 알렉산더 크라포브스키, 알렉산더 소모프, 블랏코 누셰브",손열음,"(재)강원문화재단(주관), 강원도청(주최)",,
10206248,김필 콘서트: COLOURS [대구],대중음악,대중가요,김필,,"(주)CJ ENM(제작사), 스톤뮤직엔터테인먼트(제작사), (주)밝은누리(주최), (주)밝은누리(주관)",,
10238312,신 비나리,무용(서양/한국무용),한국무용,"오정해, 김미자 등","홍은주, 박정은, 박상욱 등","울산광역시청(주최), 울산시립예술단(주관)",,
10239110,션윈 월드투어 [울산],무용(서양/한국무용),현대무용,,,(주)뉴코스모스미디어(주최),,
10248747,기타듀오 비토 콘서트,서양음악(클래식),기악,,,신세계문화홀 [센텀시티](주최),,
10250399,"김주영과 함께하는 여민락콘서트, 브람스. 드보르작",서양음악(클래식),기악,"김주영, 김지윤, 이기석, 주연선, 손치호, 서지원, 김민욱",,"(재)세종시문화재단(주최), (재)세종시문화재단(주관)",,
10264710,"롤링 25주년 기념 공연 vol.13, 솔루션스 & 오이스터",대중음악,대중가요,,,"롤링홀(주최), 롤링홀(주관)",,
10265066,"롤링 25주년 기념 공연 vol.14, 크라잉넛＆쏜애플＆조문근밴드",무용(서양/한국무용),현대무용,,,"롤링홀(주최), 롤링홀(주관)",,
10265661,"롤링 25주년 기념 공연 vol.15, 기타리스트 김영소 단독 콘서트",대중음악,대중가요,김영소,,"롤링홀(주최), 롤링홀(주관)",,
10293066,션윈 월드투어 [창원],무용(서양/한국무용),현대무용,,,(주)뉴코스모스미디어(주최),,
10295698,빛으로 숨이되어 [부산],무용(서양/한국무용),발레,,,"주댄스컴퍼니(기획사), 주댄스컴퍼니(주관), (재)CBS(주최)",,
10295702,에델현악사중주단과 함께하는 베토벤 탄생 250주년 기념 현악사중주 전곡 연주 시리즈 I [부산],서양음악(클래식),기악,"정진경, 오근영, 강수이, 김혜지",,아트뱅크코레아(주관),,
10295981,일곱마리 아기염소와 늑대 [의정부],뮤지컬,뮤지컬,,,극단 상상마당컴퍼니(주최),,
10316348,소프라노 김방술 독창회,서양음악(클래식),성악,"김방술, 양기훈",,영음예술기획(주최),,
10316880,소프라노 조은영 귀국 독창회,서양음악(클래식),성악,"조은영, 변정란, 김정훈, 양석진, 김희주 등",,명동미디어(주관),,
10317320,정혜경 피아노 독주회,서양음악(클래식),기악,정혜경,,예인예술기획(주최),,
10317627,제3회 앙상블 쉼표 정기연주회,서양음악(클래식),기악,"윤혜진, 박영란, 이정민, 김희래, 이윤주, 박정애, 옥윤재",,예인예술기획(주최),,
10318095,제11회 파리 앙상블 정기연주회,서양음악(클래식),기악,"김에셀, 장선혜, 이영주, 김원진, 송현정, 정지인, 이유화",,(사)부암뮤직소사이어티(주최),,
10318510,김은진 피아노 독주회,서양음악(클래식),기악,김은진,,예인예술기획(주최),,
10318998,김상원 피아노 독주회,서양음악(클래식),기악,김상원,,이든예술기획(주최),,
10319575,아카데미 열정과나눔 프로젝트 콘서트: 상실과 회복 I,서양음악(클래식),기악,"진윤일, 유하영","진윤일, 이문석, 황윤희 등",예인예술기획(주최),,
10319978,박서영 피아노 독주회,서양음악(클래식),기악,박서영,,예인예술기획(주최),,
10320424,아버지와 나와 홍매와,연극,연극,"신구, 손숙, 조달환, 서은경, 최명경",,(주)신시컴퍼니(제작사),,
10324479,아르떼 재즈 나이트 Vol. 47 [통영],대중음악,재즈/월드뮤직,"마리아 킴, 션 드래빗, 마누엘 바이얀드 등",,"(재)통영국제음악재단(주최), (재)통영국제음악재단(주관)",,
10324549,"대관령겨울음악제, 라비니아 마이어 ＆ 제프리 지글러 [평창]",서양음악(클래식),기악,"라비니아 마이어, 제프리 지글러",손열음,"(재)강원문화재단(주관), 강원도청(주최)",,
10324616,"대관령겨울음악제, 컬러스 오브 인벤션 [평창]",서양음악(클래식),기악,"쥘 아팝, 미리암 라파르그, 필립페 노하렛, 루도빗 코박",손열음,"(재)강원문화재단(주관), 강원도청(주최)",,
10324785,팥죽할머니와 호랑이 [부산],뮤지컬,뮤지컬,,,"극단 레미.레오(기획사), 극단 레미.레오(주최)",,
10325672,별난사람들,연극,연극,"이윤상, 최임경, 김남수, 서예희, 김율리, 이서이, 지성미","성준현, 강승민, 이돈용 등",극단 아우라(주최),,
10336558,정재일 콘서트,대중음악,대중가요,정재일,,"(주)인터파크(제작사), (주)인터파크(기획사)",,
10336579,정재일 단독 콘서트,대중음악,대중가요,정재일,,"블루보이(주최), 블루보이(주관)",,
10365928,하지원 귀국 피아노 독주회,서양음악(클래식),기악,하지원,,"아트뱅크코레아(주최), 아트뱅크코레아(주관)",,
10365935,헤어스프레이,뮤지컬,뮤지컬,"이가현, 오유겸, 박지연, 박민석, 전성우, 이형규, 이예은 등",,"(주)배우의꿈(주최), (주)배우의꿈(주관)",,
10380008,제24회 시티필하모니오케스트라 정기연주회,서양음악(클래식),기악,,,"시티필하모니오케스트라(주최), 시티필하모니오케스트라(주관)",,
10380015,메조 소프라노 김민지 독창회,서양음악(클래식),성악,"김민지, 석혜은, 황남규",,영산아트홀(주최),,
10380116,해와 달이 된 오누이,뮤지컬,뮤지컬,,,극단 상상마당컴퍼니(주최),,
10393853,정상희 바이올린 독주회,서양음악(클래식),기악,"정상희, 베로니카 코프요바",,"티엘아이 아트센터(주최), (주)조슈아(티엘아이 아트센터) (주최)",,
10393864,아니마토 만돌린 앙상블 콘서트 [성남],서양음악(클래식),기악,"이기욱, 전혜정, 김아름, 박민순, 안지용",,아니마토 만돌린 앙상블(주최),,
10393991,게놈 익스프레스,연극,연극,"황설하, 김하진, 김신용, 김용운, 이빛나, 최용현","전혜윤, 정기영, 박연용 등","극단 초인(제작사), 극단 초인(기획사)",조진호,전혜윤(극작)
10394075,레오의 비행노트,뮤지컬,뮤지컬,"강혜연, 이민영, 이인화, 장세현, 조충범","김록운, 이세리, 손배영 등","문라이트(주최), 문라이트(기획사)",,
10394843,Wynn 앨범 발매 기념 단독 콘서트: About Us,대중음악,대중가요,,,"팝인코리아(주최), 팝인코리아(기획사), 팝인코리아(기획사)",,
10404699,선녀와 나무꾼 [대전],뮤지컬,뮤지컬,"강수창, 김진영, 김효선, 백준영, 서석진","강수창, 김현주, 이실 등","극단 레미.레오(기획사), 극단 레미.레오(주최)",,
10426454,실내악 시리즈 9,서양음악(클래식),기악,"조훈희, 조한, 송주연, 정순민, 김지혜",,"엘림아트센터(주최), 엘림아트센터(주관)",,
10426553,서울시향 오스모 벤스케의 말러 교향곡 2번: 부활,서양음악(클래식),기악,"오스모 벤스케, 시오반 스탁그, 카트리나 모리슨 등",,(재)서울시립교향악단(주최),,
10435883,청년예술가X브라스밴드,서양음악(클래식),기악,윤성현 등,,에임아츠앤컬쳐 (AIM Arts＆Culture)(주최),,
10436246,이보 포고렐리치 피아노 리사이틀,서양음악(클래식),기악,이보 포고렐리치,,(주)빈체로(주최),,
10439000,이마에스트리 스페셜 콘서트,서양음악(클래식),성악,"양재무, 김상희, 김한길 등",양재무,"(사)미래성악포럼(주최), (사)미래성악포럼(주관), 음악춘추사(주관)",,
10442343,윤딴딴 단독 콘서트: 딴딴한 하루 ＃3 딴발라,대중음악,대중가요,,,"매직스트로베리(주)(주최), 매직스트로베리(주)(주관)",,
10443525,노쓰코리아 가야금 앙코르,한국음악(국악),기악,qkrtnsdk,,"서울특별시(주최), 남산골 한옥마을(주관)",,
10444134,첫사랑,뮤지컬,뮤지컬,"정지원, 주희원, 김재민, 윤민영, 김건주, 송주연",윤학,흰물결아트센터(주최),,
10444164,당신이 바로 보이스퀸 전국투어 콘서트 [부산],대중음악,대중가요,,,(주)우리기획(제작사),,
10453153,말괄량이 삐삐와 검은머리 해적단 [부산],뮤지컬,뮤지컬,,,"극단 말과말사이(주최), 극단 말과말사이(주관), 극단 말과말사이(기획사)",,
10453159,어 커먼비트,뮤지컬,뮤지컬,,,풀울림(주최),,
10453928,유미 발렌타인 앙코르 콘서트: 유앤미,대중음악,대중가요,유미,,"(주)에픽우즈(주최), (주)에픽우즈(주관)",,
10454760,"자세히 보아야 예쁘다 Ⅲ, 여전히, 오래된",한국음악(국악),기악,"이슬기, 이가빈, 박예정, 권효창",,"(주)인사이트모션 서울돈화문국악당(주최), (주)인사이트모션 서울돈화문국악당(주관)",,
10454882,제1회 가야금앙상블 수담 정기연주회,한국음악(국악),기악,"유현정, 박진아, 이인영, 임정완",,"(주)인사이트모션 서울돈화문국악당(주최), (주)인사이트모션 서울돈화문국악당(주관)",,
10454976,그냥 노래,한국음악(국악),기악,"류창선, 이비, 박해진, 이익현, 박한결, 이채현",,"(주)인사이트모션 서울돈화문국악당(주최), (주)인사이트모션 서울돈화문국악당(주관)",,
10455060,소리를 얹다,한국음악(국악),기악,"어연경, 박윤우, 김성수, 황민왕 등",,"(주)인사이트모션 서울돈화문국악당(주최), (주)인사이트모션 서울돈화문국악당(주관)",,
10464524,KIM DONG HAN CONCERT: D - NATION,대중음악,대중가요,김동한,,"(주)아이오아이홀딩스(제작사), (주)아이오아이홀딩스(주관), (주)위엔터테인먼트(주최)",,
10466306,불혹전,연극,연극,"박송연, 천유경, 이건영, 박슬아, 최애리, 허정호, 이시영","김대철, 문경태","달밤엔컴퍼니(달밤N컴퍼니)(주최), 달밤엔컴퍼니(달밤N컴퍼니)(주관)",박송연,
10468501,이영주 퀄텟,대중음악,재즈/월드뮤직,이영주,,"디엔와이컴퍼니(기획사), 디엔와이컴퍼니(주최)",,
10468951,윈터플레이: 메인보컬 그레이스 킴의 발렌타인콘서트,대중음악,재즈/월드뮤직,,,신세계문화홀 [의정부](주최),,
10470777,제2회 대신 더발레 발표회,무용(서양/한국무용),발레,,,,,
10471190,뱃사공 콘서트: 기린,대중음악,대중가요,뱃사공,,"(주)슈퍼잼레코드(주최), (주)슈퍼잼레코드(주관)",,
10472112,아이즈 LIVE CONCERT: THE ROOM,대중음악,대중가요,,,"(주)뮤직케이엔터테인먼트(주최), (주)뮤직케이엔터테인먼트(주관)",,
10474916,깊은사랑 3부작,한국음악(국악),기악,"이희문, 박상옥, 신승태, 조원석, 김주현, 최진배","이희문, 김상엽, 이도엽 등","이희문컴퍼니(주최), 이희문컴퍼니(주관)",,
10475085,권영선 튜바 독주회,서양음악(클래식),기악,"권영선, 김지은, 신승환, 정순민, 유환민",,영음예술기획(주최),,
10475321,이수민 비올라 독주회,서양음악(클래식),기악,"이수민, 임효선",,지클레프(주최),,
10475937,노은경 첼로 독주회,서양음악(클래식),기악,노은경,,예인예술기획(주최),,
10476285,강효지 피아노 독주회,서양음악(클래식),기악,"강효지, 이주헌",,이든예술기획(주최),,
10476634,고로헌 귀국 더블베이스 독주회,서양음악(클래식),기악,고로헌,,예인예술기획(주최),,
10478388,손한요 클라리넷 독주회,서양음악(클래식),기악,"손한요, 이철호, 임정연, 김선우, 김은근, 박정원, 선승미 등",,지클레프(주최),,
10478716,서우형 귀국 첼로 독주회,서양음악(클래식),기악,"서우형, 이은지",,이든예술기획(주최),,
10479086,테너 김은국 귀국 독창회,서양음악(클래식),성악,"김은국, 김미아",,영음예술기획(주최),,
10479471,장린 더블베이스 독주회,서양음악(클래식),기악,장린,,예인예술기획(주최),,
10479833,송호섭 클라리넷 독주회,서양음악(클래식),기악,"송호섭, 문정재",,영음예술기획(주최),,
10480151,콰르텟 블랑 창단연주회,서양음악(클래식),기악,"전재성, 유효정, 이윤미, 목혜진",,예인예술기획(주최),,
10480659,제3회 Ensemble M 정기연주회,서양음악(클래식),기악,"윤은규, 이은미, 박예원, 태선이, 김문주, 변지우, 이경민 등",이선이,"엠매니지먼트(주최), 엠매니지먼트(주관)",,
10481193,원재연 피아노 리사이틀,서양음악(클래식),기악,원재연,,(주)스테이지 원(주최),,
10482109,제68회 서울챔버앙상블 정기연주회,서양음악(클래식),기악,"김준차, 이주희, 임세란, 김철호, 김승연, 강희윤, 형수운 등",김준차,"한다우리 예술기획(주관), 서울챔버앙상블(주최)",,
10482671,KlaviARTE Trio Concert,서양음악(클래식),기악,"권요안, 이수아, 김인하, 이주연",,지클레프(주최),,
10483334,손민수 피아노 리사이틀: 베토벤 소나타 전곡 시리즈 7,서양음악(클래식),기악,손민수,,"MOC프로덕션(목프로덕션)(주최), MOC프로덕션(목프로덕션)(주관)",,
10484012,제1회 꼼마 앙상블 정기연주회,서양음악(클래식),기악,"성해라, 송영현, 박재우, 김정인, 이지영",,(주)마스트미디어(주최),,
10484764,소프라노 오현미 독창회,서양음악(클래식),성악,"오현미, 전혜영, 현준희, 조윤주, 우미영",,영음예술기획(주최),,
10485353,파올로 타발리오네 내한공연,서양음악(클래식),기악,"파올로 타발리오네, 문재원, 조성현",,"플루트아트센터(FluteArtsCenter)(주최), 플루트아트센터(FluteArtsCenter)(주관)",,
10485868,소프라노 구은경 독창회,서양음악(클래식),성악,구은경,,예인예술기획(주최),,
10486630,"제11회 ARKO 한국창작음악제, 양악부문",서양음악(클래식),기악,정나라 등,,"한국창작음악제추진위원회(주관), 한국문화예술위원회(주최)",,
10488760,제12회 대한민국오페라대상 수상자 음악회,서양음악(클래식),오페라,"김봉미, 손수연, 강형규, 양송미, 강신모, 오희진, 엘리사 린 등",손수연,클래식타임즈(주관),,
10491158,한화생명과 함께하는 예술의전당 11시콘서트 (2월),서양음악(클래식),기악,"여자경, 김홍기, 이문경 등",,예술의전당(주최),,
10495865,예술의전당 발렌타인데이 콘서트,서양음악(클래식),기악,정재형 등,,예술의전당(주최),,
10500545,레티시아모레노 with 뉴탱고퀸텟 피아졸라콘서트,서양음악(클래식),기악,,,"(주)케이유스타(주최), (주)케이유스타(주관)",,
10502122,송도필하모닉오케스트라 신년음악회,서양음악(클래식),기악,"전용우, 오미선, 이아경, 김달진, 박현준, 김철호, 고성현 등",,세실예술기획(주관),,
10504206,제23회 뮤즈 윈드 오케스트라 정기연주회,서양음악(클래식),기악,"김동수, 이원우, 최지인, 이예린, 한경미, 김상애, 윤지용 등",,"예인예술기획(주관), 성신여자대학교(주관)",,
10507077,French Fantasia Ⅱ,서양음악(클래식),기악,"김남윤, 조가람 등",김남윤,"(주)더블유필하모닉오케스트라(주최), (주)더블유필하모닉오케스트라(주관)",,
10549694,노래하는 토리 [구로],뮤지컬,뮤지컬,,,극단 엘(주최),,
10549716,천원짜리 오페라,연극,연극,"최준용, 이태규, 김규태, 조령빈, 우세리, 기영욱, 전기우","서민준, 박철현, 전기우 등",페퍼 스튜디오(주관),서민준,
10549720,The Soul과 함께하는 이야기가 있는 힐링콘서트,서양음악(클래식),기악,"이소영, 임현영, 정찬영, 김민지",,"삼윤(주최), 삼윤(주관)",,
10549722,봄 콰르텟 연주회,서양음악(클래식),기악,"양정윤, 이마리솔, 박경란, 김지현",,"삼윤(주최), 삼윤(주관)",,
10549724,첼리스트 김규식과 함께하는 퍼니 발렌타인 콘서트,서양음악(클래식),기악,"김규식, 정태호, 박윤우, 오은철, 황인규 등",,"라움아트센터(라움)(주최), 라움아트센터(라움)(주관)",,
10551133,pH-1 Concert: ROOMMATE SEARCH,대중음악,대중가요,,,"(주)CJ ENM(주최), (주)CJ ENM(주관)",,
10556480,CHANGMO 별 될 시간 [서울],대중음악,대중가요,창모,,"컬쳐띵크(주)(주최), 컬쳐띵크(주)(주관)",,
10604746,백조의 호수 [대구],무용(서양/한국무용),발레,,"강수진, 표트르 일리치 차이콥스키, 유리 그리고로비치 등","(재)대구오페라하우스(주관), (재)국립발레단(주관), (재)대구오페라하우스(주최)",,
10610198,피터팬 [천안],뮤지컬,뮤지컬,,,아이키즈(주최),,
10638637,임금님 귀는 당나귀 귀 [대전],뮤지컬,뮤지컬,"김혜란, 김재인, 신하빈, 황라원, 박찬영","김혜란, 김현주, 박지호 등",극단 레미.레오(제작사),,
10642863,The Class 플루티스트 파올로 타발리오네,서양음악(클래식),기악,"파올로 타발리오네, 문재원",,(주)마스트미디어(주최),,
10642989,안나와 엘사의 생일파티 [창원],뮤지컬,뮤지컬,,,포도나무(주최),,
10643027,"누군가의 플레이리스트 Track. 20, 빌리어코스티 소극장 단독 콘서트",대중음악,대중가요,,,"청춘그리다(주최), 청춘그리다(주관)",,
10649377,골든 핑거 기타 페스티벌,대중음악,기타,"서민석, 지신엽, 이인원, 홍관표, 장호일, 유병열, 박창곤 등",,"통영리스타트플랫폼(주관), 통영시(주최)",,
10650468,Gryffin Live [서울],대중음악,대중가요,,,"(주)이릴레반트(주최), (주)이릴레반트(주관)",,
10651474,MEN I TRUST 첫 단독 내한 공연,대중음악,대중가요,,,"페이크버진 이엔티(주최), 페이크버진 이엔티(주관)",,
10651904,정글북 [울산],뮤지컬,뮤지컬,"문지우, 손치현, 오하영, 박동혁, 김두현, 김효경","손치현, 김현주, 박신호 등","극단 레미.레오(기획사), 극단 레미.레오(주최)",,
10651913,박강수 대구콘서트,대중음악,대중가요,박강수,,"베짱이홀(주최), 베짱이홀(기획사)",,
10651946,꿀벌마야의 모험 [부천],뮤지컬,뮤지컬,,,뉴코아아울렛 부천점(주최),,
10651950,오혜림 피아노 독주회,서양음악(클래식),기악,오혜림,,이든예술기획(주최),,
10651953,"아름다운 목요일, 금호라이징스타: 김유빈 플룻",서양음악(클래식),기악,"김유빈, 이택기",,(재)금호아시아나문화재단 (금호문화재단)(제작사),,
10652088,한희철 피아노 독주회,서양음악(클래식),기악,한희철,,예인예술기획(주최),,
10652104,"금호영재콘서트, 천휘수 트롬본 독주회",서양음악(클래식),기악,천휘수,,(재)금호아시아나문화재단 (금호문화재단)(주최),,
10652135,"금호영아티스트콘서트, 안석진 바순 독주회",서양음악(클래식),기악,"안석진, 오지은",,(재)금호아시아나문화재단 (금호문화재단)(주최),,
10652150,이미나 피아노 독주회,서양음악(클래식),기악,이미나,,이든예술기획(주최),,
10652152,한아름 플루트 독주회,서양음악(클래식),기악,"한아름, 김동현, 문정재",,지클레프(주최),,
10652156,"아름다운 목요일 인터내셔널 마스터즈 시리즈, 콘스탄틴 리프시츠 피아노 알렉세이 볼로딘 피아노",서양음악(클래식),기악,"콘스탄틴 리프시츠, 알렉세이 볼로딘",,(재)금호아시아나문화재단 (금호문화재단)(주최),,
10657754,소란데이 미니 콘서트,대중음악,대중가요,,,"해피로봇 레코드(주최), 해피로봇 레코드(주관)",,
10659108,"창작산실, 청 랩소디",무용(서양/한국무용),한국무용,"김대현, 라명숙, 이고운, 정길만, 전보현, 서상원, 이성희 등","정길만, 조정수, 이주영 등","라만무용단(주관), 한국문화예술위원회(주최)",,
10659473,"창작산실, Body Rock",무용(서양/한국무용),현대무용,"김성훈, 김동일, 김지형, 손나예, 성스런, 이인수, 임종경 등","미나유, 김이경, 강태원 등",한국문화예술위원회(주최),,
10659721,"차세대열전, 자연스럽게 / And inside there is nothing but the heart",무용(서양/한국무용),현대무용,"송송희, 전보람, 권예진, 이상훈 등","송송희, 남기윤, 김재억 등",한국문화예술위원회(주최),,
10659923,"차세대열전, BORDERLINE / 인용무-움직임들의 움직임",무용(서양/한국무용),현대무용,"유지영, 임은정, 주혜영, 정다슬, 전환성, 전수현, 강혁 등","정다슬, 김성현, 이신실 등",한국문화예술위원회(주최),,
10660889,"차세대열전, 정화X무악",한국음악(국악),기악,"강성우, 김무빈, 박다열, 손하늘",정원기,한국문화예술위원회(주최),,
10661013,"차세대열전, 버닝필드",연극,연극,"서정식, 김세환, 조우현, 박강원, 신준일, 허영손, 김유림, 신용빈","우종희, 유용석, 명종환 등",한국문화예술위원회(주최),우종희,
10662346,예도 듀오 리사이틀,서양음악(클래식),기악,"김재훈, 오덕진",,"유진예술기획(기획사), 유진예술기획(주최)",,
10672532,"대관령겨울음악제, LP 듀오 [속초]",서양음악(클래식),기악,"소냐 론챠르, 안드리야 파블로빅",손열음,"(재)강원문화재단(주관), 강원도청(주최)",,
10673356,"두산아트랩, 이것은 실존과 생존과 이기에 대한 이야기",연극,연극,"박세정, 차은수, 김수아, 양나영","이인수, 전민서, 송지인 등","두산아트센터((재)두산연강재단)(제작사), 두산아트센터((재)두산연강재단)(기획사)","황정은, 진주, 최보영",
10674109,"두산아트랩, 내 죽음을 기억하시나요",연극,연극,"서정와, 김연주, 추태영, 신진호 등","추태영, 이윤지, 이아단","두산아트센터((재)두산연강재단)(제작사), 두산아트센터((재)두산연강재단)(기획사)","추태형, 백지영",
10677141,"아쿠아 오 비노: 물이야, 와인이야",서양음악(클래식),오페라,"김민지, 배은환, 장은, 김지단, 김인휘, 등",,아르텔 필하모닉 오케스트라 협동조합(주최),,
10677162,프라임필과 함께하는 유망신예콘서트,서양음악(클래식),기악,"장윤성, 김가영, 유채꽃, 박수미, 이유진, 홍승혜, 홍채현",,"(사)프라임필하모닉오케스트라(주최), (사)프라임필하모닉오케스트라(주관)",,
10677286,굿-바이!,연극,연극,"최하영, 이수빈, 안세인, 박연태","차은선, 조현아",공연단체 위로(제작사),차은선,
10677346,모자란 인간,연극,연극,"정태훈, 노현태, 정연수, 안유정, 추인엽, 신홍우, 황재선 등","한승재, 김창준","극단 라임라이트(기획사), 극단 라임라이트(주최)","박천, 한승재",
10677605,별의 노래,연극,연극,,"권병길, 최치림, 송훈상 등","창작집단 극단 자유 (구. 극단 자유)(주최), SH아트홀(주관)",권병길,
10677642,신유치료자,연극,연극,"박현민, 이로운, 조수빈","김영훈, 양수빈, 김수환 등","일회용철학자(제작사), 일회용철학자(기획사)",브라이언 프리엘,
10677645,"대관령겨울음악제, 마코토 오조네 퀸텟 [강릉]",서양음악(클래식),기악,"마코노 오조네, 에릭 미야시로, 카주히코 콘도, 켄고 나카무라, 시노스케 다카하시",손열음,"(재)강원문화재단(주관), 강원도청(주최)",,
10677671,"대관령겨울음악제, 라비니아 마이어 ＆ 제프리 지글러 [강릉]",서양음악(클래식),기악,"라비니아 마이어, 제프리 자이글러",,"(재)강원문화재단(주관), 강원도청(주최)",,
10677692,"대관령겨울음악제, 컬러스 오브 인벤션 [강릉]",서양음악(클래식),기악,"쥘 아팝, 미리암 라파르그, 필립페 노하렛, 루도빗 코박",손열음,"(재)강원문화재단(주관), 강원도청(주최)",,
10678622,"NT Live, 한밤중에 개에게 일어난 의문의 사건",연극,연극,루크 트레더웨이,마리안느 엘리엇,국립극장(주최),마크 해던,사이먼 스티븐스(극본)
10769379,제751회 KBS교향악단 정기연주회 [안동],서양음악(클래식),기악,디르크 카프탄. 황수미,,"(재)KBS교향악단(주관), 안동문화예술의전당 (평생학습원)(주최)",,
10820727,제17회 주신 정기공연: 무채색,무용(서양/한국무용),현대무용,,,"오주신무용학원(주최), 오주신무용학원(기획사)",,
10823403,제11회 청소년 오케스트라  피델리스 정기연주회,서양음악(클래식),기악,"강채연, 김다원, 노화영, 박세원, 송소윤, 장지희, 조수민 등",,천주교 의정부교구 청소년사목국(주관),,
10858899,제3회 충남청년관악단 정기연주회,서양음악(클래식),기악,,,충남청년관악단(주최),,
10858903,빛과모래가 들려주는 동화책: 샌드북,서커스/마술,서커스/마술,,,신세계문화홀 [센텀시티](주최),,
10859025,뮤지컬 갈라 콘서트: All That Musical,뮤지컬,뮤지컬,"최정원, 김지우, 성기윤",,신세계문화홀 [센텀시티](주최),,
10873154,"롤링 25주년 기념 공연 vol.17, 퍼플레인&홍이삭",대중음악,대중가요,홍이삭 등,,"롤링홀(주최), 롤링홀(주관)",,
10874298,"롤링 25주년 기념 공연 vol.16, 이브 단독 콘서트",대중음악,대중가요,,,"롤링홀(주최), 롤링홀(주관)",,
10901321,"예인열전, 김명곤의 소리여행",한국음악(국악),성악,"진옥섭, 이정표, 배혜진, 김영민, 김예슬, 김한백, 김명곤","김은영, 최정철, 황동준 등",한국문화의집 KOUS(주최),,
10901387,"유희열 Curated 18, 박새별 한 겨울 밤의 별",대중음악,대중가요,박새별,,"파운데이션(주관), (주)안테나(주관), 현대카드(주최)",,
10922009,디나미스 앙상블 정기연주회,서양음악(클래식),기악,"김대환, 김도연, 이재은, 한지은",,예인예술기획(주최),,
10922354,피아니스트 황문희 초청 리사이틀,서양음악(클래식),기악,황문희,,"음악교육신문(주최), 음악교육신문사(주최)",,
10922665,피아니스트 김소연 초청 리사이틀,서양음악(클래식),기악,김소연,,(주)마스트미디어(주최),,
10922978,해설이 있는 협주곡의 밤,서양음악(클래식),기악,"주익성, 김미영, 양지민, 신승민, 이혜주, 최예인, 한가현, 이지선 등",,"한국네덜란드음악교류협회(KHMA)(주관), 크마앙상블(KHMA Ensemble)(주최)",,
10928424,어린이캣츠 [대전],뮤지컬,뮤지컬,,,"극단 나눔(주최), 극단 나눔(주관)",,
10931628,페드라 (리딩 쇼케이스),뮤지컬,뮤지컬,"김려원, 김우석, 박유덕, 김태환, 강동우, 강기연","김가람, 김길려, 박지혜 등",(주)신스웨이브(제작사),,
10959443,제9회 이화브릴란테앙상블 정기연주회,서양음악(클래식),기악,"김현경, 이자람, 이지원, 김예슬, 김혜림, 주희정, 최예나 등",,(주)마스트미디어(주관),,
10960055,사랑합니다,연극,연극,"하지웅, 이초롱, 유도겸","차지성, 장원정, 이보람 등","극단 더늠(주최), 극단 더늠(주관)",차지성,
10972228,"마리아칼라스홀 초청연주 시리즈, 트라움 첫 번째 이야기",서양음악(클래식),기악,"권혁주, 구혜진, 정수민, 이정민, 엄하은, 김태은 등",,제이아트(주최),,
10998084,임재홍 바이올린 독주회 [인천],서양음악(클래식),기악,"임재홍, 나정혜",,"엘림아트센터(주최), 엘림아트센터(주관)",,
10998129,쇼팽으로 만나는 지브리 앙상블2,서양음악(클래식),기악,"송영민, 이현웅, 박진수, 이신규, 송민제",,"(주)스톰프뮤직(주관), (주)스톰프뮤직(주최)",,
11000554,인어공주 [안산],뮤지컬,뮤지컬,,,드리미(제작사),,
11002865,회자정리,연극,연극,"박현준, 최원경, 강석민, 김단아, 오상석",이주원,"네임리스(주최), 네임리스(주관)",,
11002908,대학가요제 REMEMBER CONCERT [서울],대중음악,대중가요,"김학래, 이재성, 우순실, 김장수, 원미연, 이정석, 조갑경 등",,"(주)씨비에스아이(기획사), (주)씨비에스아이()",,
11003414,"자세히 보아야 예쁘다 Ⅳ, 해금, 왕이 된 거지",한국음악(국악),기악,"김현희, 김인수, 정소희",,"(주)인사이트모션 서울돈화문국악당(주최), (주)인사이트모션 서울돈화문국악당(주관)",,
11012110,플란다스의 개 [인천],뮤지컬,뮤지컬,,,극단 레미.레오(제작사),,
11012826,잔나비 전국투어: NONSENSE Ⅱ [광주],대중음악,대중가요,,,"(주)페포니뮤직(주최), (주)페포니뮤직(주관)",,
11020815,최현정 트리오,대중음악,재즈/월드뮤직,"최현정, 안원석, 곽지웅",,"디엔와이컴퍼니(기획사), 디엔와이컴퍼니(주최)",,
11021137,김민형의 코믹매직쇼,서커스/마술,서커스/마술,김민형,,신세계문화홀 [의정부](주최),,
11021848,윤한의 시네마 OST,서양음악(클래식),기악,윤한,,신세계 문화홀 [경기](주최),,
11021857,"클래식 시대별로 만나다, 바로크 시대와의 만남",서양음악(클래식),기악,"김해은, 장대건",,신세계 문화홀 [경기](주최),,
11022514,"민트페스타, vol. 66 Taurus",대중음악,대중가요,,,민트페이퍼(주최),,
11023230,다섯 콘서트: TWILIGHT,대중음악,대중가요,,,,,
11025155,권예나 귀국 플루트 독주회,서양음악(클래식),기악,"권예나, 박주영",,클라쎄(주최),,
11025350,첼리스트 신지혜와 함께하는 음악여행: 공감,서양음악(클래식),기악,"신지혜, 이설의",,프로아트엔터테인먼트(주최),,
11025685,윤재현 타악기 독주회,서양음악(클래식),기악,"윤재현, 문정재, 엄주빈, 전제곤, 김수유, 김철우",,조인클래식(주최),,
11026078,박소현 CD 발매 기념 해설이 있는 바이올린 비올라 독주회,서양음악(클래식),기악,"박소현, 김은정",,이든예술기획(주최),,
11026449,김주현 클라리넷 독주회,서양음악(클래식),기악,"김주현, 박동의, 윤민구",,(주)마스트미디어(주최),,
11026805,홍수연 클라리넷 독주회,서양음악(클래식),기악,"홍수연, 박세준",,지클레프(주최),,
11027152,한예진 귀국 비올라 독주회,서양음악(클래식),기악,"한예진, 김재원",,(주)영앤잎섬(주최),,
11027497,트리오 다올 창단연주회,서양음악(클래식),기악,"한소라, 서우형, 이정아",,마에스트로 컴퍼니(주관),,
11027821,기타리스트 배장흠 with 앙상블 Odeum,서양음악(클래식),기악,"배장흠, 이지혜, 정다운, 배성우, 오아라, 이희명, 백민아 등",,프로아트엔터테인먼트(주최),,
11028265,굿모닝 독도,서양음악(클래식),기악,"장철, 왕승원, 윤성회, 유태근, 김향은 등","장수동, 신동일, 김보미","서울오페라앙상블(제작사), 예술의전당(주최)",,
11028797,박지윤 바이올린 리사이틀,서양음악(클래식),기악,"박지윤, 이효주",,MOC프로덕션(목프로덕션)(주최),,
11029287,제2회 트리오 MEG 정기연주회,서양음악(클래식),기악,"김용진, 김광훈, 윤여훈, 손하늘",,이든예술기획(주최),,
11029894,제4회 뷔에르 앙상블 정기연주회,서양음악(클래식),기악,"조성호, 유지홍, 이은호, 주홍진, 고관수",,MOC프로덕션(목프로덕션)(주최),,
11030163,"함신익과 심포니 송 마스터즈시리즈 Ⅰ, 장엄미사",서양음악(클래식),기악,"함신익, 박하나, 김선정, 신상근, 김기훈 등",,"심포니송(주최), 심포니송(주관), 심포니송(주관), 함신익과 심포니 송(주관), 함신익과 심포니 송(주최)",,
11032663,제37회 유나이티드 필하모닉 오케스트라와 함께하는 가족음악회,서양음악(클래식),기악,"김봉미, 이예린, 김현지, 김지현, 김수정, 신상근, 김동섭 등",,"예인예술기획(주관), (재)유나이티드문화재단(주최)",,
11034962,서울시향 모차르트 교향곡 36번: 린츠,서양음악(클래식),기악,가즈시 오노 등,,(재)서울시립교향악단(주최),,
11086521,전기장판 정규 1집 발매 기념 단독 공연: 동애,대중음악,대중가요,,,"전기장판(주최), 전기장판(주관)",,
11086565,박은서 해금 독주회,한국음악(국악),기악,"박은서, 박지수, 방지원, 추현탁, 김지원",,"삼윤(주최), 삼윤(주관)",,
11086631,Jesse Davis Quartet,대중음악,재즈/월드뮤직,,,살롱드재즈(주최),,
11087167,마빈 단독 콘서트: OBBLIGATO,대중음악,대중가요,,,"VINI(주최), VINI(주관)",,
11087223,피터팬과 웬디의 마술여행 [인천],뮤지컬,뮤지컬,,,카이로스창작연구소(제작사),,
11087247,SWOP : Seoul WOmen’s Playground,대중음악,대중가요,"안예은, 모란, 최삼, 슬릭, 올레디, 행온휘슬, 어차피 등",,"엘도라도(Eldorado)(주최), 엘도라도(Eldorado)(주관)",,
11135135,토끼와 자라 [천안],뮤지컬,뮤지컬,,,아이키즈(주최),,
11145211,김현철의 유쾌한 오케스트라 [양산],서양음악(클래식),기악,"김현철, 박미화 등",,(주)비다엠엔터테인먼트(제작사),,
11158565,신데렐라 [창원],뮤지컬,뮤지컬,,,포도나무(주최),,
11163238,SMMS: 양창근 X 후추스,대중음악,대중가요,,,"(주)미러볼뮤직(주최), (주)미러볼뮤직(주관), 살롱문보우(주최), 살롱문보우(주관)",,
11163271,토닥토닥,대중음악,대중가요,,,"레이블임 (Label LIM)(기획사), 레이블임 (Label LIM)(주최)",,
11163319,성담 & EB 미니 콘서트,대중음악,대중가요,성담 등,,레이블임 (Label LIM)(주최),,
11163404,박정국 피아노 독주회,서양음악(클래식),기악,박정국,,예인예술기획(주최),,
11163410,바리톤 양준모 독창회,서양음악(클래식),성악,"양준모, 방은현",,영음예술기획(주최),,
11163495,김지영 바이올린 독주회,서양음악(클래식),기악,"김지영, 문재원",,프로아트엔터테인먼트(주최),,
11163498,조아라 귀국 바이올린 독주회,서양음악(클래식),기악,"조아라, 맹준관",,세광아트(세광음악출판사)(주최),,
11163539,서선미리 플루트 독주회,서양음악(클래식),기악,"서선미리, 이승연",,프로아트엔터테인먼트(주최),,
11163543,"금호영아티스트콘서트, 김산 트럼펫 독주회",서양음악(클래식),기악,"김산, 김미정",,(재)금호아시아나문화재단 (금호문화재단)(주최),,
11163552,"금호영재콘서트, 최이삭 피아노 독주회",서양음악(클래식),기악,최이삭,,(재)금호아시아나문화재단 (금호문화재단)(주최),,
11168680,"창작산실, Swan Lake: The wall",무용(서양/한국무용),발레,"김에스더, 양영아, 이은혜, 김수희, 서송희, 양희재, 전효진 등","정형일, 안경모, 김대한 등","정형일 Ballet Creative(주관), 한국문화예술위원회(주최)",,
11168828,"창작산실, 오래된 미래: 내 엄마의 엄마의 엄마의 이야기",한국음악(국악),기악,"강은일, 김윤곤, 최소리, 박광현",,"해금플러스(주관), 한국문화예술위원회(주최)",,
11184423,Jeon Jin Hee: Room,서양음악(클래식),기악,"전진희, 김훨, 강아홀, 다린",,문악HOM(주최),,
11189691,고등어,연극,연극,"김소윤, 손경림, 전수현, 김현주, 손지원, 조서연, 윤영서 등","황희원, 김슬기",배우공방(주최),배소현,
11259167,무지개 물고기 [제주],뮤지컬,뮤지컬,,,극단 국민(주최),,
11259212,"세월호, 용민지애정술본풀이",연극,연극,"라희선, 현애란, 우범진, 윤명진, 김영실, 박연술","권정희, 권민선, 문지윤 등",연극실험실 혜화동1번지(주최),권정희,
11259226,밑바닥에서,연극,연극,"정상훈, 김결, 김준호, 노시아, 김수로, 강별, 서혜원 등","김결, 조수잔나, 이황용 등","(주)더블케이 필름 앤 씨어터 (더블케이엔터테인먼트)(제작사), (주)더블케이 필름 앤 씨어터 (더블케이엔터테인먼트)(주최), (주)더블케이 필름 앤 씨어터 (더블케이엔터테인먼트)(주관)",막심 고리키,
11259366,헨젤과 그레텔,연극,연극,"민병욱, 김민선, 김현중, 박완서, 김경희, 김효중, 전주영 등","하동기, 손호성, 김성구 등",극단 백수광부(주최),공동창작,
11260050,"새라새ON, 창문 넘어 도망친 100세 노인 [고양]",연극,연극,"오용, 배해선, 오소연, 오종혁, 이형훈, 최호승 김보정 등",,"(주)연극열전(제작사), (재)고양문화재단(주최)",요나스 요나손,
11260610,사운드 브릿지,서양음악(클래식),기악,"심선민, 정헌, 안명주, 홍성수, 장효원, 허희정, 변정인 등",,"현대문화기획(주관), 서울모던앙상블(주최)",,
11266968,"친절한 디토씨의 클래식 음악여행 #2, 피아니스트 손열음과 슈만",서양음악(클래식),기악,황지원,,(주)크레디아(제작사),,
11292703,"노들섬 기획공연 시리즈, 골든인디컬렉숀 Vol.1",대중음악,대중가요,,,(주)어반트랜스포머(제작사),,
11292759,"롤링 25주년 기념 공연, 강전한&109",대중음악,대중가요,강전한 등,,"롤링홀(주최), 롤링홀(주관)",,
11292842,"롤링 25주년 기념 공연, 안다은 of 디에이드 단독 콘서트",대중음악,대중가요,안다은 등,,"롤링홀(주최), 롤링홀(주관)",,
11293223,"롤링 25주년 기념 공연, 벤지 첫 단독 콘서트",대중음악,대중가요,,,"롤링홀(주최), 롤링홀(주관)",,
11293602,"롤링 25주년 기념 공연, 그리즐리&픽보이",대중음악,대중가요,,,"롤링홀(주최), 롤링홀(주관)",,
11293754,이글루베이 단독 공연: 중력,대중음악,대중가요,,,"롤링홀(주최), 롤링홀(주관)",,
11315757,"박찬민 아나운서와 함께하는 마티네 콘서트, 나의 기타 이야기",서양음악(클래식),기악,"박찬민, 드니 성호, 윤여영",,(재)부산문화회관(주최),,
11316281,제25회 전국신인正歌·樂발표회,한국음악(국악),기악,"장우필, 김성하, 김다인, 김보경, 최정윤, 이승희, 최관용 등",,한국정가악연구원(주관),,
11316901,첼리스트 원진경 초청 독주회,서양음악(클래식),기악,원진경 등,,마에스트로 컴퍼니(주최),,
11317178,소프라노 김유미 귀국 독창회,서양음악(클래식),성악,"김유미, 정호정",,이든예술기획(주최),,
11317192,김민주 피아노 독주회,서양음악(클래식),기악,김민주,,(사)부암뮤직소사이어티(주최),,
11317200,어철민 첼로 독주회,서양음악(클래식),기악,"어철민, 홍청의",,이든예술기획(주최),,
11317605,제64회 스페인가곡연구회 정기연주회,서양음악(클래식),성악,"배혜연, 박수경, 이지현, 정현주, 이온숙, 이하경, 전유진 등",,하나오페라그룹 (하나예술기획)(주관),,
11317879,진유경 귀국 리사이틀 동행,서양음악(클래식),기악,"진윤경, 윤현정, 신소영, 탁윤지",,지클레프(주최),,
11317883,나예지 노선형 피아노 콘체르토 콘서트,서양음악(클래식),기악,"나예지, 노선형",,이든예술기획(주최),,
11318294,박기이 피아노 독주회,서양음악(클래식),기악,박기이,,예인예술기획(주최),,
11318310,무지개 물고기 [서귀포],뮤지컬,뮤지컬,,,극단 국민(주최),,
11319123,기시감,연극,연극,"김대경, 남경희, 김신애, 방승훈, 안현, 이해리","이은주, 김소현, 이승재",극단 요람(주관),이헤민,
11319124,언체인,연극,연극,"안유진, 정성일, 김유진, 이강우, 정인지, 최석진, 홍승안 등","노재환, 박정인, 신유청 등","(주)콘텐츠플래닝(주최), (주)콘텐츠플래닝(주관)",,
11326021,"제29회 신춘문예 단막극전, 32일의 식탁",연극,연극,"한다연, 이에슬","정세혁, 최병철, 김재경 등","극단 화살표(주최), 극단 화살표(주관)",정승애,
11354134,"11시 브런치 콘서트, 조희창의 클래식 레시피: 엘레지와 라멘토",서양음악(클래식),성악,"조혜란, 정지은, 김수연, 정승연, 김경미, 이지영, 양승엽 등",,금정문화회관(주최),,
11354137,슬기로운 콘서트,대중음악,대중가요,,,남양주시청(제작사),,
11354581,또!오해영,뮤지컬,뮤지컬,"문진아, 신의정, 유주혜, 손호영, 김지온, 전혜선, 고은영 등","송은도, 임병우, 김태형 등",(주)아떼오드(제작사),,
11374561,유지연 피아노 독주회,서양음악(클래식),기악,유지연,,가온클래식(주최),,
11374566,유용인 파이프오르간 독주회: Firework!,서양음악(클래식),기악,유용인,,영산아트홀(주최),,
11374767,"영산아트홀 전문연주자시리즈, 박승민 파이프오르간 독주회",서양음악(클래식),기악,박승민,,영산아트홀(주최),,
11375067,기린을 소개합니다,서양음악(클래식),기악,"고의석, 김유리",,쌀롱드무지끄(주최),,
11375093,작곡가의 팔레트,서양음악(클래식),기악,주수진,,쌀롱드무지끄(주최),,
11406718,바리톤 박원석 독창회,서양음악(클래식),성악,"박원석, 박성희",,,,
11406736,"정크, 클라운",연극,연극,"최동석, 김진호, 박현민, 송광일","고재경, 고능석, 박낭주 등",극단 현장 [서울](주최),,
11406864,리지,뮤지컬,뮤지컬,"유리아, 나하나, 김려원, 홍서영, 최수진, 제이민, 이영미 등","김영욱, 이성훈, 임양혁 등","(주)쇼노트(제작사), SBS(주최), (주)쇼노트(기획사)",,
11436261,알렉산더,뮤지컬,뮤지컬,"강정우, 손지애, 노윤, 박규원, 김준영, 김이후","김운기, 이희준, 박정아","MJ Starfish(제작사), MJ Starfish(기획사), MJ Starfish(주최)",,
11465076,아츠홀릭 판: 재즈 스페셜 콘서트,대중음악,재즈/월드뮤직,"조윤성, 신동진, 신동하 등",,울산광역시 중구문화의전당(주관),,
11465733,작업의 정석 [부산］,연극,연극,"김동원, 주재후, 지수아, 김해율, 김정혁, 황재훈, 김보예 등",,"KNN(주최), KNN(기획사)",,
11465783,오승연 플루트 독주회,서양음악(클래식),기악,오승연,,"엘림아트센터(주최), 엘림아트센터(주관)",,
11469424,자각몽: 하나 둘 셋 숨을 고르면 내가 상상한 그대로 이뤄지는 꿈속에 도착할테니,대중음악,대중가요,,,"팝인코리아(주최), 팝인코리아(기획사), 팝인코리아(기획사), 팝인코리아(주최)",,
11469825,"세월호, 바운더리",연극,연극,"권하율, 김성준, 리을, 박재승, 이혜진","황유택, 조혜인, 민경 등",연극실험실 혜화동1번지(주최),,
11469901,간빠레 준,연극,연극,"박준민, 유명재, 양성국, 설재환, 이지원, 김성민, 이현진 등","현우, 정진철, 조충만 등",창작발전소 불휘(주최),여불휘,
11469903,귀여운여인 올렌카,연극,연극,"함수연, 박현승","오금희, 이민주, 이다정 등","뜻밖의 극장(제작사), 뜻밖의 극장(기획사)",안톤 체호프,
11469947,세상이 이렇게 아름다울 수도 있다니,연극,연극,"김설진, 김주희, 김하진, 유연, 이선태, 차형도","민준호, 김설진, 한아름 등","(재)우란문화재단(제작사), (재)우란문화재단(주최)",,
11484779,제5회 SF연극제,연극,연극,"구본진, 장지은, 장문정, 조은영, 이초롱, 윤상희, 강두 등","변영후, 오채민, 강현욱 등","문화나눔공존(기획사), 문화나눔공존(주최)","변영후, 강현욱, 최준호, 최서은",
11487192,구름빵2 [인천],뮤지컬,뮤지컬,,,,,
11488373,"아빠, 아버지 그리고 아빠",연극,연극,"손성찬, 차은진, 오승현, 조수하, 오성진, 박진원, 박선미 등","김세홍, 김경진, 서윤하 등",극단 예락(제작사),김원태,김새홍(각색)
11489219,춘천문화재단 문화가 있는 날 (상반기 패키지),대중음악,기타,"양진모, 함석헌, 김신혜, 박성환 등",,(재)춘천문화재단(주최),,
11489519,제67회 부산시립극단 정기공연,연극,연극,,,부산시립예술단(제작사),안톤 체호프,
11490170,천예나 피아노 독주회,서양음악(클래식),기악,천예나,,(주)마스트미디어(주최),,
11490514,제72회 코리아나 챔버 뮤직 소사이어티 정기연주회,서양음악(클래식),기악,"김현미, 이수민, 김회진, 임경원, 박미희, 박노을, 에르완 리샤 등",김현미,"지클레프(주관), 코리아나 챔버뮤직 소사이어티(주최)",,
11490786,한지희 비올라 독주회,서양음악(클래식),기악,"한지희, 이섬승, 박노익",,예인예술기획(주최),,
11491044,최재원 피아노 독주회,서양음악(클래식),기악,최재원,,(주)음연(주최),,
11491131,선우지현 클라리넷 독주회,서양음악(클래식),기악,선우지현,,영음예술기획(주최),,
11491684,앙상블 더 브릿지와 함께 하는 성경주 바이올린 리사이틀,서양음악(클래식),기악,"성경주, 문지원, 이신규, 김재원, 장우리, 나성인",,조인클래식(주최),,
11492468,제6회 아베끄 스트링 콰르텟 정기연주회,서양음악(클래식),기악,"이석중, 반선경, 진덕, 윤여훈, 오세일 등",,영음예술기획(주최),,
11493285,Beethoven in LOVE (베토벤인러브),서양음악(클래식),기악,"이효주, 고진영, 조연우, 한미연, 박상현",,"(사)모스틀리 뮤직(주최), (사)모스틀리 뮤직(주관)",,
11493722,라움 수아레 콘서트: 하우투 워라밸,대중음악,기타,"안현준, 김지원, 염정제, 박유겸, 김용호, 박승주, 박요셉",,"라움아트센터(라움)(주최), 라움아트센터(라움)(주관)",,
11494490,차미,뮤지컬,뮤지컬,"유주혜, 함연지, 이아진, 이봄소리, 정우연, 이가은, 최성원 등","이지나, 박소영, 주소연 등",(주)페이지1(Page1)(제작사),,
11501176,뷰티풀라이프 [대전],연극,연극,"조준, 김원진, 김진호, 정휘욱, 김가현, 김사희, 권순미 등",,"(주)이수컴퍼니(주최), (주)이수컴퍼니(기획사)",김원진,
11511437,데스트랩,연극,연극,"이도엽, 최호중, 박민성, 안병찬, 송유택, 서영주, 전성민 등","신동은, 황희원, 이지현 등",(주)랑(제작사),아이라 레빈,이지현(윤색)
11534822,김동준 귀국 피아노 독주회,서양음악(클래식),기악,김동준,,이든예술기획(주최),,
11534828,김성경 바이올린 독주회,서양음악(클래식),기악,"김성경, 김은정",,조인클래식(주최),,
11534832,박선화 피아노 독주회,서양음악(클래식),기악,박선화,,영음예술기획(주최),,
11534833,김홍우 귀국 클라리넷 독주회,서양음악(클래식),기악,김홍우,,예인예술기획(주최),,
11534843,임상희 피아노 독주회,서양음악(클래식),기악,임상희,,(주)마스트미디어(주최),,
11535237,강수정 피아노 독주회,서양음악(클래식),기악,강수정,,영음예술기획(주최),,
11535241,김강호 귀국 피아노 독주회,서양음악(클래식),기악,김강호,,(주)마스트미디어(주최),,
11535269,스텝 바이 스텝,연극,연극,"정귀성, 임예진, 고민규, 유영서, 황교진, 이지은","이령, 손경성, 배지은 등","극단 배우세상(주최), 극단 배우세상(주관)",이지은,
11535292,LOUNGE M. SPECIAL LIVE : 권순관,대중음악,대중가요,권순관,,"(주)Master Plan Music Group(MPMG, 엠피엠지)(주최), 해피로봇 레코드(주관), 민트페이퍼(주관)",,
11535437,LOUNGE M. SPECIAL LIVE: OurR,대중음악,대중가요,,,"해피로봇 레코드(주관), 민트페이퍼(주관), (주)Master Plan Music Group(MPMG, 엠피엠지)(주최)",,
11538011,한영숙춤 역사 그리고 창조,무용(서양/한국무용),한국무용,"이애주, 박재희, 김숙자, 정승희, 김매자, 복미경, 주연희 등","이애주, 정승희, 김숙자 등",공연기획 MCT(주관),,
11538330,제20회 서울국제즉흥춤축제,무용(서양/한국무용),현대무용,"이정희, 이루다, 이루마, 이윤정, 김오키, 김바리, 주나모 등",,"서울국제즉흥춤축제 사무국(주관), 국제공연예술프로젝트(IPAP)(주최)",,
11538458,리어외전,연극,연극,"하성광, 유병훈, 이정훈, 서제광, 조영규, 강지원, 양서빈 등","고선웅, 고강민, 김태규 등","극공작소 마방진(기획사), 극공작소 마방진(주최)",윌리엄 셰익스피어,고선웅(각색)
11541057,춤판야무 솔로연작 네번째: 포옹,무용(서양/한국무용),현대무용,금배섭,"금배섭, 정유석, 정승준 등","춤판 야무(기획사), 춤판 야무(주최)",,
11541190,조치원 해문이,연극,연극,"선종남, 고병택, 황순미, 이철희, 김문식, 이지혜, 박상윤 등","이철희, 김주연,남경식 등","코너스톤(주최), 코너스톤(주관)",이철희,
11566277,LOVE TO FORGET  리딩 쇼케이스,뮤지컬,뮤지컬,"간미연, 김주경, 황바울, 김서별, 이새나, 엄대현","김기석, 김문광, 신민섭 등",,,
11568573,고고보이 길들이기,연극,연극,"유형욱, 김동휘, 황규찬, 이동익",최재일,"문라이트(주최), 문라이트(주관)",최재일,
11568588,괜찮아요,연극,연극,"이길영, 장문규, 이민아, 박현욱, 조환, 김재은, 이혜원 등","전기광, 이길영, 서담희 등","극단 불(주최), 극단 불(주관)",박현욱,
11568602,단말마,연극,연극,,,"극단 불(주최), 극단 불(주관)",,
11568644,"세월호, 참담한 빛",연극,연극,"백소정, 양대은, 한혜진","임성현, 고귀경, 임누리 등",연극실험실 혜화동1번지(주최),백수린,
11599696,화음챔버오케스트라 현대음악 렉처콘서트 시리즈 Ⅰ,서양음악(클래식),기악,"박상연, 송주호 등",장석진,(사)화음(화음챔버오케스트라)(주최),,
11599727,한국문화재재단 창립 40주년 특별공연: 쉘위풍류,한국음악(국악),혼합,"이주희, 원장현, 정영만, 송순단, 박영수, 김운태 등","진옥섭, 박경진, 장사익 등",(재)한국문화재재단(주최),,
11599758,출동! 마법경찰 매직캅 [서대문],뮤지컬,뮤지컬,,,공연쟁이컴퍼니(주최),,
11599762,"제41회 서울연극제, 전쟁터의 소풍",연극,연극,"이경성, 이형주, 김관장, 김영경, 박시내, 박정인, 정다정","김승철, 정다정, 한가을 등",창작공동체 아르케(제작사),페르난도 아라발,
11600608,"제41회 서울연극제, 만약 내가 진짜라면",연극,연극,"권민영, 권윤애, 김시유, 김원정, 백운철, 서정식, 양경현 등","김재엽, 장희재, 서지영 등","극단 드림플레이(제작사), (사)서울연극협회(주최)","사에신,리서우청,야오밍더",장희재(드라마투르그)
11766085,오해,연극,연극,"위자현, 문지아, 김주원, 박경찬, 장영휘, 박동훈","조명균, 박경찬, 장준석 등","연극집단 무공연마(제작사), 연극집단 무공연마(기획사)",알베르 카뮈,
11766309,이게 마지막이야,연극,연극,"이지현,백성철,황순미,정혜지,조형래","이양구, 이연주, 정소은 등","(주)연우무대(제작사), (주)연우무대(기획사)",이연주,
11767329,해방의 서울,연극,연극,"강지은, 김정호, 이원재, 이호열, 김은우, 김동원, 안소영","박근형, 박희민, 김혁민 등","극단 골목길(주최), 극단 골목길(주관), 극단 골목길(제작사)",박근형,
11768618,명창 신영희의 춘향가,한국음악(국악),성악,"신영희, 김백송, 한아름, 조수황, 신규식, 유영대",,(재)고양문화재단(주최),,
11768627,"새라새ON, 명창 신영희의 춘향가 만정제",한국음악(국악),성악,"신영희, 김백송, 한아름, 조수황, 신규식, 유영대",,(재)고양문화재단(주최),,
11768768,"사운드 온 디 엣지 I, 한국작곡가의 밤",대중음악,대중가요,"최지연, 강석희, 유도원, 이병무, 강상언",,(주)팀프앙상블(TIMF 앙상블)(주최),,
11768791,뮤지카 노바 정기연주회 III,서양음악(클래식),기악,"양승희, 황대진, 김호정, 윤혜리, 곽연희, 주희성, 박미희",,마에스트로 컴퍼니(주관),,
11768797,김동준 귀국 피아노 독주회 [여수],서양음악(클래식),기악,김동준,,이든예술기획(주최),,
11768809,당신을 위한 기도,서양음악(클래식),기악,양인모 등,,(재)마포문화재단(마포아트센터)(주최),,
11769403,이승환밴드: RANDOM PLAY,대중음악,대중가요,이승환,,"(주)드림팩토리클럽(기획사), (주)드림팩토리클럽(주최)",,
11774029,"아침음악나들이  Ⅰ,  변진섭",대중음악,대중가요,변진섭,,(재)고양문화재단(주최),,
11777782,초등학생을 위한 실험실 콘서트 [고양],서양음악(클래식),기악,"이경면, 김호정, 원재연, 김현서, 이호찬, 원지혜",,"(주)스테이지 원(주최), (주)스테이지 원(주관)",,
11777918,"5월, 눈의 왈츠",무용(서양/한국무용),발레,"유형수, 박종위, 도유진, 박지은, 윤다영, 김장미, 박연희 등","박헌주, 강세영, 조현영 등",,,
11778306,한밤의 유U;콘서트 (5월),서양음악(클래식),기악,"김가영, 양욱진, 설은경, 김성진, 이가은, 박민선 등",,(재)영화의전당(주최),,
11778662,춘천시립합창단 모닝콘서트: 휴가다 열아홉 번째 이야기,서양음악(클래식),성악,"유은동, 정지혜, 전해리, 박수진 등",,"춘천시립예술단(주최), (재)춘천문화재단(주최)",,
11778693,"제152회 춘천시립교향악단 정기연주회, 로베르트 슈만",서양음악(클래식),기악,김동현 등,,"춘천시립예술단(주최), (재)춘천문화재단(주최)",,
11780055,"수요공감, 풍류동인담소",한국음악(국악),기악,,,국립부산국악원(주최),,
11790080,김우진 Live & Fan Meeting : New Area,대중음악,대중가요,김우진,,,,
11790137,희망을 전하는 음악편지,서양음악(클래식),성악,"조은혜, 권경희, 김혜은, 김나리, 김미정, 김수미, 김정권 등",,"울산시립예술단(주관), 울산광역시청(주최)",,
11790256,울산과함께 희망과함께,서양음악(클래식),기악,송유진 등,,"울산시립예술단(주관), 울산광역시청(주최)",,
11790588,"SAC on screen, Spirit of Beethoven",서양음악(클래식),기악,"임헌정, 김다솔 등",,(재)광주문화재단(주최),,
11790652,"빛고을렉쳐콘서트, 자유를 찾아 인생 순례의 길에서",무용(서양/한국무용),현대무용,홍신자,,(재)광주문화재단(주최),,
11790978,"제2회 놀터 청년페스티벌, 파랑새",연극,연극,"김단비, 박철연, 박희찬, 하별","백시은, 강선영, 한진규 등","극단 놀터(주최), 극단 놀터(주관)",모리스 마테를링크,
11790986,"제2회 놀터 청년페스티벌, 분장실",연극,연극,"박성원, 성지하, 이지혁, 조준상","박성원, 황금성","극단 놀터(주최), 극단 놀터(주관)",시미즈 쿠니오,공동창작(각색)
11824968,김사월 쇼：반짝 반짝,대중음악,대중가요,김사월,,유어썸머(제작사),,
11826210,의자는 잘못없다,연극,연극,"박재운, 정성호, 최지은, 조아라","선욱현, 김태수",극단 예성(제작사),선욱현,
11826460,"롤링 25주년 기념 공연, 라쿠나 단독 콘서트",대중음악,대중가요,,,"롤링홀(주최), 롤링홀(주관)",,
11826659,"롤링 25주년 기념 공연, 열두달 단독 콘서트",대중음악,대중가요,,,"롤링홀(주최), 롤링홀(주관)",,
11826693,"롤링 25주년 기념 공연, 내귀에 도청장치＆트랜스픽션＆해리빅버튼",대중음악,대중가요,,,"롤링홀(주최), 롤링홀(주관)",,
11826938,"롤링 25주년 기념 공연, 아월＆애리",대중음악,대중가요,애리,,"롤링홀(주최), 롤링홀(주관)",,
11827014,"롤링 25주년 기념 공연, 소야 단독 콘서트",대중음악,대중가요,소야,,"롤링홀(주최), 롤링홀(주관)",,
11827114,"롤링 25주년 기념 공연, 윤딴딴＆오추프로젝트",대중음악,대중가요,,,롤링홀(제작사),,
11827824,빨간 모자 [대구],연극,인형극,,,"(주)교문(주관), (주)대구백화점 대백프라자(주최)",,
11845497,부산시립교향악단 기획음악회 : 가족음악회,서양음악(클래식),기악,"최수열, 이민형 등",,"부산시립예술단(주관), (재)부산문화회관(주최)",,
11847391,제205회 부산시립국악관현악단 정기연주회,한국음악(국악),기악,"김종욱, 오상훈, 최희연, 이승현, 이문희 박성희",,"부산시립예술단(주관), (재)부산문화회관(주최)",,
11847771,"부산시립국악관현악단 특별연주회, 아악의 밤",한국음악(국악),기악,"박춘석, 이명일 등",,"부산시립예술단(주관), (재)부산문화회관(주최)",,
11847846,부산시립합창단 특별연주회 전래동요에 의한 가족 음악극: 옛날 옛적에,서양음악(클래식),성악,이기선 등,"기민정, 이진실","부산시립예술단(주관), (재)부산문화회관(주최)",,
11847912,"박찬민 아나운서와 함께하는 마티네 콘서트, 동요, 클래식이 되다",서양음악(클래식),기악,"박찬민, 박종화",,(재)부산문화회관(주최),,
11848341,"NT Live, 햄릿",연극,연극,"베네딕트 컴버배치, 시아란 힌즈 등",린지 터너,"영국 국립극장(주최), (재)부산문화회관(주최)",윌리엄 셰익스피어,
11849261,뮤지컬 갈라 콘서트: Beyond the Best,뮤지컬,뮤지컬,"카이, 강홍석, 이지혜, 민경아 등",,(사)밀레니엄심포니오케스트라(주최),,
11852192,제5회 대한민국휠체어합창단 정기연주회,서양음악(클래식),성악,"정상일, 정하은, 김민기, 이재복, 신연식, 박선진, 황보현 등",,예술기획 파홀로(주관),,
11853155,제50회 동아무용콩쿠르 본선,무용(서양/한국무용),현대무용,,,(주)동아일보사(주최),,
11856512,(사)한국여성작곡가회 국제교류음악회,서양음악(클래식),기악,"이남림, 김유리, 강은경, 이의진 등",,"(사)한국여성작곡가회(주최), 현대문화기획(주관)",,
11856547,제53회 한국가곡연구회 정기연주회,한국음악(국악),성악,"정선화, 김지현, 이윤숙, 박상희, 송정아, 하성림, 이재욱 등",,현대문화기획(주관),,
11856862,박재연 피아노 독주회,서양음악(클래식),기악,박재연,,조인클래식(주최),,
11856943,김이정 바이올린 독주회,서양음악(클래식),기악,김이정,,지클레프(주최),,
11857393,제36회 소리울 앙상블 정기연주회,서양음악(클래식),기악,"최민경, 김다연, 김지혜, 현소영, 임재경",,"지클레프(주관), 소리울앙상블(주최)",,
11857850,제64회 서울예술가곡연구회  정기연주회,서양음악(클래식),기악,"이정희, 소한숙, 김민형, 김동현, 노신욱, 김정권, 김현희 등",,지음기획(주관),,
11858070,미은화 귀국 피아노 독주회,서양음악(클래식),기악,미은화,,(주)아우름 뮤직(주관),,
11858177,피아니스트 박종화의 장르탐구 10주년 기념독주회 시리즈 I,서양음악(클래식),기악,"박종화, 김태정",,"음악저널(주최), (주)음악저널(주최)",,
11858303,제115회 세종국악심포니오케스트라 정기연주회,서양음악(클래식),기악,"이법승, 김태경, 곽재혁, 이형철, 원영석 등","김헤성, 유민희","세종국악심포니오케스트라(세종국악관현악단)(주최), 세종국악심포니오케스트라(세종국악관현악단)(주관)",,
11858492,브라보 오페라 앙상블 창단 연주회,서양음악(클래식),성악,"오동국, 정선화, 박무성, 박선영, 홍지나, 조규성, 송정아 등","오동국, 이혜진, 평미영 등",뮤직플러스(주최),,
11859104,아르떼 재즈 나이트 Vol. 48 [통영],대중음악,재즈/월드뮤직,"이주미, 마누엘 바이얀드, 폴 커비, 김대호",,"(재)통영국제음악재단(주최), (재)통영국제음악재단(주관)",,
11946834,정태춘 박은옥 5월의 노래,대중음악,대중가요,"정태춘, 박은옥",,"(재)노원문화재단(주최), (재)노원문화재단(주관)",,
11968004,제8회 군산시립합창단 브런치 콘서트,서양음악(클래식),성악,"김영진, 송은희, 이승범, 박지선, 김성민, 김건일, 이건희 등",,"군산시립합창단(주관), 군산시청(주최)",,
11968459,마지막 잎새,서양음악(클래식),기악,"안용헌, 신경식",,쌀롱드무지끄(주최),,
11968485,Spring Breeze,서양음악(클래식),기악,"최민경, 김다연, 김지혜, 현소영",,쌀롱드무지끄(주최),,
11968494,봄 날의 부암을 좋아하세요?,서양음악(클래식),기악,,,쌀롱드무지끄(주최),,
11968519,유튜브 클래식 라이브 콘서트,서양음악(클래식),기악,나누리,,쌀롱드무지끄(주최),,
11968524,아름다움의 정의,서양음악(클래식),기악,"한윤지, 정승원, 이호찬, 유우연, 정다현",,쌀롱드무지끄(주최),,
11968567,내 마음에 연고를 바르다: 애도 프로젝트,서양음악(클래식),기악,"김소연, 왕혜인",,쌀롱드무지끄(주최),,
11968590,어? 모차르트가 들리네?,서양음악(클래식),기악,"유수지, 이루미",,쌀롱드무지끄(주최),,
12012601,"마리아칼라스홀 초청연주 시리즈, 첼리스트 강혜지 렉처 리사이틀",서양음악(클래식),기악,강혜지,,제이아트(주최),,
12012606,"마리아칼라스홀 초청연주 시리즈, 정수연 여섯번째 작곡발표회: Waves on Mind",서양음악(클래식),기악,"정수연, 김바니, 김나리, 김철진, 신지희, 천지윤",,마리아칼라스홀(주최),,
12012609,소라별이야기,연극,연극,"홍상표, 윤용혁, 최정현, 이경은, 박두환, 김재현, 구기환","이수은, 김광섭, 김태근 등","창작집단 거기가면(제작사), 창작집단 거기가면(기획사)",,
12012760,웃어라 무덤아,연극,연극,"윤명림, 손미란, 김동인, 홍진현, 김남혜, 안헤민, 최연옥 등","고연옥, 김준희, 황동근 등","극단 오아시스(주최), 극단 오아시스(주관)",고연옥,
12012778,비극보다 더 비극적인,연극,연극,"김채원, 김태훈, 장용현, 이음, 정부용, 김미래, 문종석 등","손지형, 황동우, 김나은 등",거북이걸음 프로젝트(제작사),손지형,
12013300,장일범의 러브클래식,서양음악(클래식),기악,"장일범, 박재현, 나인국, 안국선",,"파주시시설관리공단(주관), 한국문화예술회관연합회(KoCACA)(주관), 문화체육관광부(주최)",,
12013426,마티네 콘서트 Ⅰ,서양음악(클래식),기악,이현주 등,,"파주시시립예술단(주관), 파주시청(주최)",,
12013556,"Y페스티벌, 도채비방쉬",연극,연극,"이정미, 김해중, 김범진, 김수정, 최경훈, 김기분","김기분, 한아름, 박진 등","극단 여행자(주최), 극단 여행자(주관)",김기분,
12013562,"Y페스티벌, 도를 아십니까",연극,연극,"김은희, 김명연, 박신애, 박정민, 주창환","남우찬, 이윤지, 김민주 등","극단 여행자(주최), 극단 여행자(주관)",,
12013570,강효진 가야금 독주회,한국음악(국악),기악,"강효진, 김희선, 김정승, 고수영",,이얏호 기획사(주최),,
12014838,동궁: 세자의 하루,한국음악(국악),혼합,,"서재형, 한아름, 황호준 등",국립국악원(주최),,
12057634,팝페라가수 이승훈 미니콘서트,대중음악,기타,"이승훈, 백승렬",,,,
12057656,Lacuna Film Concert: Dumb！dUmb！duMb！dumB！,대중음악,기타,,,"팝인코리아(주최), 팝인코리아(기획사), 팝인코리아(주최), 팝인코리아(기획사)",,
12067280,코리아 플루트 솔로이스츠 [인천],서양음악(클래식),기악,"안명주, 조훈희, 장현진, 조한, 박소영, 한지수, 김소연 등",안명주,"엘림아트센터(주최), 엘림아트센터(주관)",,
12067354,이소란 바이올린 독주회 [인천],서양음악(클래식),기악,이소란,,"엘림아트센터(주최), 엘림아트센터(주관)",,
12067416,조혜정 피아노독주회 [인천],서양음악(클래식),기악,"조혜정, 지민근",,"엘림아트센터(주최), 엘림아트센터(주관)",,
12068747,CBS갈라콘서트: 아름다운 열정,서양음악(클래식),성악,"김광현, 김순영, 김정미 김승직, 김기훈 등",,"(재)CBS(주최), (재)CBS(주관)",,
12072915,406호 프로젝트 단독콘서트: 406DAY DRAMA,대중음악,대중가요,,,"팝인코리아(기획사), 팝인코리아(주최), 팝인코리아(기획사), 팝인코리아(주최)",,
12073893,수상한 외갓집,뮤지컬,뮤지컬,"김명희, 오현범, 김신아, 최자인, 김치우, 민대식, 김연주 둥","정가람, 김소정, 조원영 등","(재)종로문화재단(주최), 문화예술협동조합 아이야(주최), 문화예술협동조합 아이야(제작사)",,
12074085,레베카 [부산],뮤지컬,뮤지컬,"류정한, 엄기준, 카이, 신성록, 신영숙, 옥주현, 장은아 등","제이미 맥다니엘, 권은아, 엄홍현 등","(주)공연마루(주최), (주)공연마루(주관), (주)EMK뮤지컬컴퍼니(제작사)",,
12093207,그라운디드,연극,연극,차지연,"김희수, 오경택 , 김태근 등","(재)우란문화재단(제작사), (주)프로젝트 그룹 일다(제작사)",조지 브랜트,
12117279,"제41회 서울연극제, 죽음의 집",연극,연극,"심완준, 이강욱, 문현정, 이형훈, 백석광, 정새별","윤성호, 조성욱, 박상봉 등",(사)서울연극협회(주최),"윤영선, 윤성호",윤성호(각색)
12118561,"제41회 서울연극제, 피스오브랜드",연극,연극,"나은선, 고경인, 신기원, 김정훈, 홍은정","이영은, 송기조, 우수정 등","극단 김장하는날(제작사), (사)서울연극협회(주최)",이영은,
12119445,벚꽃동산,연극,연극,"남명지, 서송희, 정인범, 김인수, 안영은, 차세인, 이규빈 등",,"극단 애플씨어터(주관), 안똔체홉학회(주최)",안톤 체호프,
12120010,그대는 봄,연극,연극,"류지애, 박무영, 한헤수","김정숙, 현대철, 김주연",,김정숙,
12120013,그대들의 속사정,연극,연극,"한지혜, 오혜지, 남보라","남보라, 한지혜, 정희진 등",,남보라,
12122629,아랑가,뮤지컬,뮤지컬,"송원근, 박정원, 이지숙, 박민성, 김대현, 양승리, 한규성 등","장우재, 정경진, 김가람 등","(재)국립정동극장(주최), (주)인사이트엔터테인먼트(주최), (주)인사이트엔터테인먼트(주관)",,
12126662,프로젝트 이어도 [제주],연극,연극,"이상철, 고승유, 김경미, 김지은 홍서해, 김소여, 강영지 등","전혁준, 남석민, 김민경 등","예술공간 오이(주최), 예술공간 오이(주관)",전혁준,
12128132,갈매기,연극,연극,"박준성, 권기은, 양서준, 양정화, 박정후, 한채율, 손서인 등","정옥용, 김나윤, 진정하 등","희원극단(제작사), 희원극단(주최), 희원예술단(주관)",안톤 체호프,
12128164,아빠 얼굴 예쁘네요,연극,연극,"안소연, 홍성희, 임규한, 민채원","김민기, 정재일, 이형자 등","학전(주관), (재)성동문화재단(주최)",김민기,
12128203,우산도둑,연극,연극,"김예나, 김효인, 신덕규, 전영희, 김홍남, 최황순","김예나, 장성희, 김우정 등","스튜디오 나나다시(주관), (재)성동문화재단(주최)",장성희,
12128312,13월의 길목,연극,연극,"안효원, 김민경, 이동원, 김윤정, 한주하, 박지후, 이희경 등",이서림,,,
12128572,햄릿 : 쓸모 있는 인간,연극,연극,"김수원, 송태환, 유준원, 류제희, 손성호, 권로, 박범규 등","주용필, 김록원, 김현희 등","극단 예모리(주최), 극단 예모리(주관)",윌리엄 셰익스피어,김록원(각색)
12128750,"한국인이 사랑하는 러시아 작곡가 시리즈 Ⅱ, 차이코프스키",서양음악(클래식),기악,"최영선, 콘스탄틴 에밀리아노프, 알렉산더 람, 마리아 안드레바 등",,"(주)차이코프스키C&C(주최), (주)매경비즈(주최), (사)밀레니엄심포니오케스트라(주최)",,
12131132,코로나19 극복 희망 콘서트,서양음악(클래식),기악,"양재무, 이성주, 고성현, 양희경 등",,예술의전당(주최),,
12133655,제8회 리움챔버오케스트라 정기연주회,서양음악(클래식),기악,"정준수, 이수민, 정홍식",이현주,"리움챔버오케스트라(주최), 리움챔버오케스트라(주관)",,
12134067,한화생명과 함께하는 예술의전당 11시콘서트 (5월),서양음악(클래식),기악,"김광현, 채문영, 김은혜 등",,예술의전당(주최),,
12137465,신세계와 함께하는 예술의전당 토요콘서트 (5월),서양음악(클래식),기악,"정치용, 이경숙 등",,예술의전당(주최),,
12143253,KBS교향악단 특별연주회 기부콘서트: 헌정,서양음악(클래식),기악,"줄리안 코바체프, 김봄소리",,"(재)KBS교향악단(주최), (재)KBS교향악단(주관)",,
12144646,리처드 용재 오닐 리사이틀,서양음악(클래식),기악,,,(주)크레디아뮤직앤아티스트(제작사),,
12146929,"함신익과 심포니 송 마스터즈시리즈 Ⅱ, 프랑스 로맨틱 음악의 향연",서양음악(클래식),기악,"함신익, 양지영, 공병우 등",,"심포니송(주최), 심포니송(주관), 함신익과 심포니 송(주관), 함신익과 심포니 송(주최)",,
12148740,제262회 부천필하모닉오케스트라 정기연주회,서양음악(클래식),성악,"박영민, 헤르민 하젤보크, 김재형 등",,"부천시청(부천시립예술단)(주최), 부천시청(부천시립예술단)(주관)",,
12148752,푸푸 아일랜드,서양음악(클래식),오페라,,,"(사)라벨라오페라단(주최), (사)라벨라오페라단(주관), 예술의전당(주최)",,
12152063,윤지용 오보에 독주회,서양음악(클래식),기악,"윤지용, 황보영",,이든예술기획(주최),,
12152411,첼리스트 김시내 : TRANSFORM PROJECT Ⅱ,서양음악(클래식),기악,"김시내, 김미연",,영음예술기획(주최),,
12152713,이종은 바이올린 독주회,서양음악(클래식),기악,이종은,,예인예술기획(주최),,
12152969,김효선 귀국 더블베이스 독주회,서양음악(클래식),기악,김효선,,예인예술기획(주최),,
12153567,박장근 귀국 첼로 독주회,서양음악(클래식),기악,박장근,,예인예술기획(주최),,
12153948,박경호 플루트 독주회,서양음악(클래식),기악,"박경호, 이신형, 이섬승",,"(주)마스트미디어(주최), CLASSY LOUNGE(클래시라운지)(주최)",,
12154160,문지원 바이올린 독주회,서양음악(클래식),기악,"문지원, 송영민",,(주)마스트미디어(주최),,
12154421,양혜순 비올라 독주회,서양음악(클래식),기악,양혜순,,조인클래식(주최),,
12154568,바리톤 이규봉 독창회,서양음악(클래식),성악,"이규봉, 방은현",,영음예술기획(주최),,
12154923,구희령 첼로 독주회,서양음악(클래식),기악,"구희령, 박은희, 김근화",,"(주)마스트미디어(주최), CLASSY LOUNGE(클래시라운지)(주최)",,
12155123,권혜진 플루트 독주회,서양음악(클래식),기악,"권혜진, 박미정, 이희명, 조재현, 배성우",,플룻샵(주최),,
12155477,우주아 피아노 독주회,서양음악(클래식),기악,우주아,,이든예술기획(주최),,
12156027,황인교 피아노 독주회,서양음악(클래식),기악,황인교,,이든예술기획(주최),,
12156397,김보경 피아노 독주회,서양음악(클래식),기악,김보경,,이든예술기획(주최),,
12156946,"김선주 피아노 독주회, XIV",서양음악(클래식),기악,김선주,,"예인예술기획(주관), 피아노앙상블 Les Six(주최)",,
12157277,김정현 비올라 독주회,서양음악(클래식),기악,김정현,,예인예술기획(주최),,
12157592,이주용 피아노 독주회,서양음악(클래식),기악,이주용,,(주)마스트미디어(주최),,
12157945,지은혜 바이올린 독주회,서양음악(클래식),기악,"지은혜, 서규인",,예인예술기획(주최),,
12158170,제38회 허재영 튜바 독주회,서양음악(클래식),기악,"허재영, 박수빈",,예인예술기획(주관),,
12158275,이마리솔 바이올린 독주회,서양음악(클래식),기악,이마리솔,,CLASSY LOUNGE(클래시라운지)(주최),,
12158986,진 덕 비올라 독주회,서양음악(클래식),기악,"진덕, 이재완",,영음예술기획(주최),,
12159323,심영섭 귀국 첼로 독주회,서양음악(클래식),기악,"심영섭, 정지혜",,이든예술기획(주최),,
12159884,문록선 플루트 독주회,서양음악(클래식),기악,"문록선, 전지훈, 권미나, 유재아, 박건영, 윤승호",,영음예술기획(주최),,
12160207,전선희 첼로 독주회,서양음악(클래식),기악,"전선희, 문정재",,이든예술기획(주최),,
12160730,트리오 뜨레 정기연주회,서양음악(클래식),기악,"김혜란, 박태형, 최재원",,"음악저널(주최), (주)음악저널(주관)",,
12160898,한러수교 30주년 기념 러시아 가곡연구회 정기연주회,서양음악(클래식),기악,"김순향, 정선화, 안온유, 하성림, 우수연, 신효진, 이정원 등",,"음악교육신문(주관), 음악교육신문사(주관)",,
12161809,한수진＆김태형 듀오 콘서트,서양음악(클래식),기악,"한수진, 김태형",,"J&R예술기획(주최), J&R예술기획(주관)",,
12163003,제54회 콰르텟21 정기연주회,서양음악(클래식),기악,"김현미, 김덕우, 최은식, 박경옥",,"예인예술기획(주관), 콰르텟21(주최)",,
12163655,베토벤 탄생 250주년 기념연주회,서양음악(클래식),기악,정승재 등,,(사)서울튜티앙상블(주최),,
12163880,제20회 현대음악앙상블 소리 정기연주회,서양음악(클래식),기악,"정원순, 이상희, 권명혜, 윤염광, 최에선, 이경원, 이숙정 등",,"지클레프(주관), 현대음악앙상블 소리(주최)",,
12164440,문화가 있는 날 SAC 아티스트 라운지 (5월),서양음악(클래식),성악,"김철준, 신은혜, 이미나",,예술의전당(주최),,
12164972,"대한민국 성악제, 한국가곡의 정취 공감",서양음악(클래식),성악,"박미자, 신주련, 김반디, 박지현, 추희명, 김상곤, 이영화 등",,"한국성악가협회(주최), 한국성악가협회(주관)",,
12165487,성미경 더블베이스 리사이틀,서양음악(클래식),기악,"성미경, 일리야 라쉬코프스키",,(주)봄아트프로젝트(주최),,
12166504,유 너머,연극,연극,"양수연, 이종은, 조현희, 김태환, 박해원, 노의찬, 최우석","장은정, 조경진, 조은서",,장은정,
12166594,오페렐라 발렐리아,서양음악(클래식),기악,"김덕기, 백재은, 김종표 등",,"울주문화예술회관(울주군시설관리공단)(주관), 한국문화예술회관연합회(KoCACA)(주최), 울산광역시 울주군청(주최)",,
12166684,"하우스콘서트, 서의철 가단 국악 콘서트 (5월)",한국음악(국악),성악,"서희철, 김명준, 남성훈, 오은수, 유석균",,"울주문화예술회관(울주군시설관리공단)(주관), 울산광역시 울주군청(주최)",,
12180616,행오버 [대전],연극,연극,"박상후, 이현아, 문상준, 박현규, 장하나, 김세동, 정희진 등",정구진,"(주)엠컬쳐컴퍼니(제작사), (주)엠컬쳐컴퍼니(기획사)",정구진,
12180805,나는 광주에 없었다,연극,연극,"황영희, 백진철, 호산, 이정훈, 조영규, 견민성, 김영노 등","고선웅, 김경주, 안준원 등","국립아시아문화전당(주최), 아시아문화원(주관)",고선웅,
12182867,시간을 칠하는 사람,연극,연극,"유독현, 권제인, 문숙경, 이수현, 김윤미, 신민규, 김지혜 등","윤시중, 김민정, 박소연 등",국립아시아문화전당(주최),김민정,
12183477,"ACC 브런치콘서트, TIMF앙상블 X 성민제 트위스트 인 클래식",서양음악(클래식),기악,성민제 등,,국립아시아문화전당(제작사),,
12184141,"ACC 브런치 콘서트, 컨템포러리 매직과 미스터리의 만남: SNAP",서커스/마술,서커스/마술,,,국립아시아문화전당(주최),,
12195579,신비한놀이터 [군포],서커스/마술,서커스/마술,,,미리내마술극단(주최),,
12195583,해피콘서트 [군포],한국음악(국악),혼합,"박상우, 신영숙, 이희문, 이영훈, 윤희연 등",,"(재)군포문화재단(군포문화예술회관)(주최), (재)군포문화재단(군포문화예술회관)(주관)",,
12227521,방울방울 매직버블쇼 [김포],서커스/마술,서커스/마술,,,괜찮은 홀 [김포](주최),,
12234187,DMZ 평화이음 드라이브 인 콘서트 With 이승철,대중음악,대중가요,이승철 등,,강원도청(주최),,
12235074,미라클 [광주(앵콜)],연극,연극,"전지호, 배영지, 김형일, 김동하, 김태린, 홍성민, 유지원",,"(주)플레이팩토리(주최), (주)플레이팩토리(기획사)",,
12235927,펠릭스 트리오 창단연주회,서양음악(클래식),기악,"오가현, 이희명, 서우형",,지클레프(주최),,
12236010,최예인 피아노 독주회,서양음악(클래식),기악,최예인,,예인예술기획(주최),,
12236017,소프라노 이재은 독창회,서양음악(클래식),성악,"이재은, 이수경",,UNICO(유니코 예술기획)(주최),,
12236022,송민정 피아노 독주회,서양음악(클래식),기악,"송민정, 김민정",,이든예술기획(주최),,
12236027,연세대학교 피아노과 동문음악회,서양음악(클래식),기악,"오상은, 장유리, 이승은, 최수정, 이미소, 홍승아, 이헤진 등",,이음기획(주최),,
12236032,"MUSICAMIA VIRTUSO CONCERT SERIES, 앙상블 무지카미아 실내악 연주회",서양음악(클래식),기악,"임국희, 이선화, 신희선, 현영경, 이호찬, 배은아, 이철민 등",,"썸월드(주관), 앙상블 무지카미아(주최)",,
12236033,소프라노 최수안 귀국 독창회,서양음악(클래식),성악,최수안. 황안나,,UNICO(유니코 예술기획)(주최),,
12236035,나다솜 귀국 피아노 독주회,서양음악(클래식),기악,나다솜,,(주)마스트미디어(주최),,
12236437,오현선 바이올린 독주회,서양음악(클래식),기악,"오현선, 노경아",,예인예술기획(주최),,
12236441,소프라노 오승주 독창회,서양음악(클래식),성악,"오승주, 이유화",,영음예술기획(주최),,
12236446,최은지 귀국 바이올린 독주회,서양음악(클래식),기악,"최은지, 이고은",,이든예술기획(주최),,
12253260,무릎을긁었는데겨드랑이가따끔하여,연극,연극,"이래경, 김용희, 박은경, 방승민","김풍년, 정유석, 금배섭 등","춤판 야무(주최), 춤판 야무(기획사)",김풍년,
12253328,솔루션스 EP 발매 기념 쇼케이스,대중음악,대중가요,,,"민트페이퍼(주최), 해피로봇 레코드(주최)",,
12253457,민들레 홀씨,연극,연극,"남은실, 박지영, 안미영, 안중언, 우영남, 이영옥, 조민상 등","윤지홍, 안미영, 조민상 등",창작예술집단 보광극장(주최),윤지홍,
12253568,문화콘서트 난장,대중음악,대중가요,"서문탁, 박혜원 등",,"(주)램프(주관), 광주문화방송(주)(광주MBC)(주최), 광주문화방송(주)(광주MBC)(주관)",,
12253660,그때 우리 [창원],연극,연극,"허석민, 유병영, 왕정현, 박유진, 이경진","허석민, 이민혁",극단 강신(제작사),이민혁,
12253787,오! 금남식당 [여수],연극,연극,,,전라남도학생교육문화회관(주최),,
12255577,"제41회 서울연극제, 달아달아 밝은달아",연극,연극,"장두이, 김정민, 황연희, 임향화, 곽수정, 문혜주, 노영성 등","윤광진, 이태섭, 정경희 등",(사)서울연극협회(주최),최인훈,
12256881,"MODAFE, Choice #1",무용(서양/한국무용),현대무용,"이경은, 김설진, 김봉수, 정영두,강요섭, 강진안 김건중 등","이경은, 김설진, 정영두","MODAFEKOREA(주최), (사)한국현대무용협회(주최)",,
12257134,"MODAFE, Collection",무용(서양/한국무용),현대무용,"문성준, 신원민, 이지민, 배가영, 김준기, 박지희, 이재석 등","김형남, 최상철, 박근태 등","MODAFEKOREA(주관), (사)한국현대무용협회(주최)",,
12257194,"MODAFE, Center Stage of Korea",무용(서양/한국무용),현대무용,"정인혁, 김성민, 김락균, 이진선, 안지영, 최우석, 이현경 등","신창소, 김보라, 김경신","MODAFEKOREA(주최), (사)한국현대무용협회(주최)",,
12257237,"MODAFE, Center Stage of Seoul",무용(서양/한국무용),현대무용,"김보람, 이혜상, 신재희, 김은지, 김희원, 김정수, 노보 등",,"MODAFEKOREA(주최), (사)한국현대무용협회(주최)",,
12257316,"MODAFE, Choice #2",무용(서양/한국무용),현대무용,"김분선, 박종수, 박정은, 김홍영, 신승민, 이광진, 최상열 등",김성용,"MODAFEKOREA(주관), (사)한국현대무용협회(주최)",,
12257418,"제41회 서울연극제, 혼마라비해?",연극,연극,"김수민, 박찬국, 서미정, 우혜민, 이승헌, 이종찬, 이준희","신명민, 김다정, 정하영 등",(사)서울연극협회(주최),김연미,
12258112,"MODAFE, Spark Best Collection",무용(서양/한국무용),현대무용,"정재우, 정수동, 송주원, 김혜윤, 류진욱, 곽유하, 이동하","정재우, 정수동, 김혜윤 등","MODAFEKOREA(주최), (사)한국현대무용협회(주최)",,
12258160,"MODAFE, Spark Place",무용(서양/한국무용),현대무용,"김정수, 손정현, 이혜상, 이화선, 최은지, 오윤형, 안현민 등","김정수, 이화선, 오윤형 등","MODAFEKOREA(주최), (사)한국현대무용협회(주최)",,
12258217,"MODAFE, The New Wave #1",무용(서양/한국무용),현대무용,"최은지, 김혜미, 김재덕, 이정인, 정철인, 이재영, 김혜진 등","최은지, 김재덕, 정철인 등","MODAFEKOREA(주최), (사)한국현대무용협회(주최)",,
12258271,"MODAFE, The New Wave #2",무용(서양/한국무용),현대무용,"금배섭, 이형우, 이세승, 김혜지, 임진호, 이주성, 지경민 등","금배섭, 이세승, 임진호","MODAFEKOREA(주최), (사)한국현대무용협회(주최)",,
12258322,"MODAFE, The New Wave #3",무용(서양/한국무용),현대무용,"안지혜, 김동석, 박정은, 장희정, 김정은, 양승관, 정민호 등","이준욱, 정유진, 양승관","MODAFEKOREA(주최), (사)한국현대무용협회(주최)",,
12258331,"다시, 봄",서양음악(클래식),기악,"최보윤, 이나래, 홍현주, 권다은",,쌀롱드무지끄(주최),,
12258355,"작가 작품이 되다, 장 주네편",연극,연극,"남기애, 이영숙, 곽지숙, 김보라, 박재현","박정희, 마정화, 여신동 등","극단 풍경(주관), 극단 풍경(주최)",장 주네,
12258559,"제41회 서울연극제, 환희 물집 화상",연극,연극,"정윤경, 황세원, 홍윤희, 박기덕, 이지혜","김희영, 이진석, 한원균 등",(사)서울연극협회(주최),지나 지온프리도,정윤경(번안)
12259723,제4회 씨투댄스 정기공연,무용(서양/한국무용),현대무용,"라세영, 조혜현, 최종원, 신민규, 임우빈, 배가영, 장두익 등","최상철, 강현호, 김성구 등",C2dance Company(제작사),,
12259773,"제41회 서울연극제, 넓은 하늘의 무지개를 보면 내 마음은 춤춘다",연극,연극,"김재건, 박윤희, 한윤춘, 박완규, 장지아, 김성철, 배현아",구태환,"(사)서울연극협회(주최), 극단 수(제작사)",정의산,손지형(윤색)
12277571,렁스,연극,연극,"김동완, 이동하, 이진희, 곽선영, 성두섭","박소영, 조민정, 남경식 등",(주)연극열전(주최),던컨 맥밀란,
12294815,개세끼들,연극,연극,"이황섭, 홍정호, 김태영, 김대화, 최윤범, 최성욱, 곽두환 등","곽두환, 이상원, 조아현 등","극단 그림일기(주최), 극단 그림일기(기획사)",곽두환,
12294818,홍지민 ＆ 박완 두번째 이야기,대중음악,대중가요,"홍지민, 박완, 이봉근, 이경미, 박요셉, 권화평, 우성훈 등",,속초시(주최),,
12301909,"두산인문극장 푸드, 1인용 식탁",연극,연극,"김시영, 윤성원, 이새롬, 류혜린, 이화정, 허영손, 김연우","이기쁨, 이오진","두산아트센터((재)두산연강재단)(제작사), 두산아트센터((재)두산연강재단)(기획사)",윤고은,이오진(각색)
12307172,스마일 어게인,연극,연극,"김도신, 이원준, 이상래, 황재훈, 박하영, 정서우 등","권태웅, 이원준, 이원준 등",,"이의진, 이원준",
12307174,"콘서트누리, 오방신과 [김해]",한국음악(국악),성악,이희문 등,,(재)김해문화재단 김해문화의전당(주최),,
12307262,"콘서트누리, 블루파프리카 [김해]",대중음악,대중가요,,,(재)김해문화재단 김해문화의전당(주최),,
12307406,레베카 [김해],뮤지컬,넌버벌 퍼포먼스,"류정한, 엄기준, 카이, 신성록, 신영숙, 옥주현, 장은아 등","제이미 맥다니엘, 권은아, 엄홍현 등","(재)김해문화재단 김해문화의전당(주최), (재)김해문화재단 김해문화의전당(주관)",,
12312618,혜은이콘서트: 그대를 위한 선물,대중음악,대중가요,"김대현, 황보승, 한충렬, 윤해선, 강리정, 장민구, 최수진 등",,"아랑엔터테인먼트(주최), 에스에이치아트 엔터테인먼트(주최), 극단 제3무대(제작사)",,
12313340,"세월호, 기록의 기술",연극,연극,,"김제형, 김지우, 송기조 등",,,
12313383,"세월호, 극장들",연극,연극,"강진수, 김지아, 박진선, 심진경, 오진석, 이지성","김모은, 송정안, 전영지 등",연극실험실 혜화동1번지(주최),,
12313419,트라이앵글,연극,연극,"김동혁, 김모람, 박민정, 박성순, 장아름","양근애, 백석현, 이효진 등",,양근애,
12313442,"메이드 오브 트리 vol.3, 천용성 소보",대중음악,대중가요,천용성 등,,,,
12314893,최재도 김태일 초청 듀오 리사이틀,서양음악(클래식),성악,"최재도, 김태일, 전혜영, 문지영",,"세라믹팔레스홀(주최), 세라믹팔레스홀(주관)",,
12314899,박소은 콘서트,대중음악,대중가요,박소은,,(주)위드에이치씨 (withHC)(주최),,
12315055,모파상에 대한 고백,연극,연극,"인윤비, 가득희, 박현욱, 장정인","장정인, 박정현, 정윤아 등","을지공간(주최), 을지공간(제작사)",장정인,
12315231,영지,연극,연극,"박세인, 김별, 경지은, 이종민, 전선우, 지승태, 최지혜 등","김미란, 허선혜, 김옥란 등","(재)국립극단(주최), (재)국립극단(제작사)",허선혜,
12316034,산난기,연극,연극,"공찬호, 한동희, 김민경, 김세인, 이윤수, 이예원, 김동명 등","이원재, 송천영, 이지용 등",극단 달팽이주파수(주최),송천영,이원재(각색)
12316062,오보: 여배우 실종사건,연극,연극,"조은체, 양수아, 김은하, 임진혁, 박루아, 이호영, 김승수 등","정광환, 홍주아, 강주영 등",극단 공백(기획사),정광환,
12316412,"부암아트홀 초청 토요음악회, 에끌레시아 피아노 트리오",서양음악(클래식),기악,"전미미, 김채빈, 김언진",,(주)부암아트(주최),,
12316413,"친절한 디토씨의 클래식 음악여행 #2, 현악 4중주의 비밀 (feat. 에스메 콰르텟)",서양음악(클래식),기악,황지원,,(주)크레디아(제작사),,
12316455,인어공주 [울산],뮤지컬,뮤지컬,,,"에스제이(주최), 에스제이(주관), 안녕컴퍼니(주최), 좋은사람들(주관)",,
12316459,춘천문화재단 문화가 있는 날 (5월),대중음악,대중가요,"양진모, 함석헌, 김신혜, 박성환 등",,(재)춘천문화재단(주최),,
12316848,호피폴라X사우스클럽,대중음악,대중가요,,,(재)춘천문화재단(주최),,
12317851,"김진석 베토벤 시리즈 3, 베토벤의 노래",서양음악(클래식),기악,김진석,,가온클래식(주최),,
12318073,귀여운 장난 [대전],연극,연극,"이동규, 봉혜정, 강미영","김이경, 박경순, 최한솔 등","국제연극연구소 H.U.E(휴)(주최), 국제연극연구소 H.U.E(휴)(주관)",김수미,김지수(각색)
12318075,손열음 피아노 리사이틀 [김해],서양음악(클래식),기악,손열음,,(재)김해문화재단(김해서부문화센터)(제작사),,
12319857,지구야사랑해,서커스/마술,서커스/마술,김경남,,GS엔터테인먼트(주최),,
12319909,김해연 귀국 플루트 독주회,서양음악(클래식),기악,"김혜연, 김재원",,Twopicks (투픽스)(주최),,
12319911,Youth Concerto Series,서양음악(클래식),기악,"김남윤, 표이준, 한혜린, 김소윤, 배예빈, 박혜령",,"(주)더블유필하모닉오케스트라(주최), (주)더블유필하모닉오케스트라(주관)",,
12319913,제2회 린트리오 정기연주회,서양음악(클래식),기악,"박재린, 홍성수, 김아름",,현대문화기획(주관),,
12319915,소프라노 이주연 귀국 독창회,서양음악(클래식),성악,"이주연, 노현주, 안수정, 이기석, 최지호, 조한결, 왕영호 등",,영음예술기획(주최),,
12320757,류지광의 트롯 데이트,대중음악,대중가요,류지광,,피지앤픽쳐스(제작사),,
12322435,홍대광의 어쿠스틱 라이브: 온스테이지,대중음악,대중가요,홍대광,,"피지앤픽쳐스(주최), 피지앤픽쳐스(주관)",,
12322526,안다은의 러브콘서트: 온스테이지,대중음악,대중가요,안다은,,"피지앤픽쳐스(주최), 피지앤픽쳐스(주관)",,
12322659,기억의 조각들 [부산],연극,연극,"조창우, 심선화","이성섭, 백철호, 이창신 등",,이성섭,
12322673,이응광의 봄의 세레나데,서양음악(클래식),성악,"이응광, 김현규, 이소영",,광주문화예술회관(주최),,
12322691,"11시 음악산책 2, 윤한의 그대를 그리다",대중음악,대중가요,"윤한, 황지성, 이상협",,광주문화예술회관(주최),,
12322906,젊은춤판,무용(서양/한국무용),현대무용,"김헤진, 박준형, 임소라, 노태호, 이세헌, 여성룡, 이준연 등",,(재)우진문화재단(주최),,
12322991,연애와 결혼사이,연극,연극,"정찬호, 홍정은, 진시라, 정윤경, 정민석",,"재인촌 우듬지(주관), 한옥마을아트홀(주최)",,
12322997,행쇼 [청주],연극,연극,,,"극단 활주로(제작사), 소명기획(주최), 소명기획(주최)",,
12326339,Unknown Band Concert : 라라뮤,대중음악,기타,"정상훈, 박선요, 신병준, 박상아, 홍진성, 홍성진","이광현, 안사라, 강현식 등",예술나무씨어터(주최),,
12326392,자메이카 헬스클럽 [광주],연극,연극,"김권, 나준석, 정재훈, 강민석, 유선영, 박다진, 임윤서 등",,,,
12326989,"재즈의 맛, JSFA 펑키 그루브 콘서트",대중음악,재즈/월드뮤직,"이지영, 최은창, 조정현, 이동욱, 송하철, 김승호, 조영덕 등",,"(재)광명문화재단(주관), 한국문화예술회관연합회(KoCACA)(주관), 문화체육관광부(주최)",,
12327146,그 여자의 소설 [부산],연극,연극,"정선욱, 최지선, 김다애, 임규한, 유믿음, 정범진","이성민, 이현식, 양경웅",극단 새벽 (부산)(주최),엄인희,
12327147,박영훈，STAR OF PEOPLE,대중음악,대중가요,박영훈,,,,
12329006,Jam Day with Sun Kim Band Vol.2,대중음악,대중가요,"김종현, 서민석 등",,"(재)이도문화재단(주최), 더노라 스테이지와이(주관)",,
12329028,Random Pick Jam Session Vol.2,대중음악,재즈/월드뮤직,"조민기, 이선재, 김택준, 이승준, 신아람",,"(재)이도문화재단(주최), 더노라 스테이지와이(주관)",,
12334023,The Beginning,서양음악(클래식),기악,"이호찬, 이상은, 박건우, 이성빈",,쌀롱드무지끄(주최),,
12338444,돼지책 [인천],뮤지컬,뮤지컬,,,"극단 가람(가람뮤지컬)(기획사), 극단 가람(가람뮤지컬)(주최)",,
12338478,느릿느릿 엉금엉금 거북이 [제주],연극,연극,"김유남, 김정, 심우섭, 이세영, 최정산","이보람, 권지현, 이원영 등","아주특별한예술마을(주최), 아주특별한예술마을(주관)",이보람,
12338497,6시 퇴근,뮤지컬,뮤지컬,"고유진, 박한근, 임강성, 박웅, 유환웅, 김다흰, 허윤혜 등","유환웅, 박원강, 이윤나 등","고스트 컴퍼니(제작사), 고스트 컴퍼니(기획사)",,
12342189,여자만세2 [부산],연극,연극,"양희경, 최지연, 정아미, 서송희, 하성민","장경섭, 손정우, 우종민 등","(재)부산문화회관(주최), 극단 휴먼비(주관)",국민성,
12342747,최성수 살롱 콘서트,대중음악,대중가요,최성수,,"(주)정동1928(주최), (주)정동1928(주관)",,
12342749,호반음악제: 베토벤 바이 리버,서양음악(클래식),기악,손열음 등,,강원도민일보(주최),,
12343096,"최영진의 장단 10년의 장기 프로젝트, 서공철류 가야금산조 (5.25)",한국음악(국악),기악,"최영진, 오경희",,(재)정효국악문화재단(주최),,
12343097,아이프리즘유,대중음악,대중가요,,,"프리즘플러스(주최), 프리즘플러스(주관), 까미뮤직(주관)",,
12343167,프리즘브레이크 vol．3,대중음악,대중가요,이희문 등,,"프리즘플러스(주최), 프리즘플러스(주관)",,
12343324,정동하 스튜디오 라이브: LOVE,대중음악,대중가요,정동하,,뮤직원컴퍼니(주최),,
12344587,이승환의 ONLY BALLAD,대중음악,대중가요,이승환,,"(주)드림팩토리클럽(주최), (주)드림팩토리클럽(기획사)",,
12351015,"무트댄스, 김영희 예술의 꽃을 피우다",무용(서양/한국무용),현대무용,,"강민주, 김진우, 김철희 등","공연기획 MCT(주관), (사)무트댄스(주최)",,
12351110,OFF＃3 Ⅹ 소각소각,대중음악,대중가요,,,"팝인코리아(주최), 팝인코리아(기획사), 팝인코리아(주최), 팝인코리아(기획사)",,
12351184,토끼의 재판,뮤지컬,뮤지컬,"서정화, 정춘권, 이혜경, 정영석, 정영서",,"극단 오렌지컴퍼니(오렌지아트컴퍼니)(제작사), 극단 오렌지컴퍼니(오렌지아트컴퍼니)(주최)",,
12356326,"조윤범의 렉처콘서트 작곡가 시리즈, 모차르트",서양음악(클래식),기악,조윤범 등,,울산광역시 중구문화의전당(주관),,
12356378,어린이 캣츠 [울산],뮤지컬,뮤지컬,,,극단 나눔(주최),,
12356526,씨네스테이지,서양음악(클래식),오페라,,,,,
12356941,정의의 여인들,연극,연극,"김효진, 이영매, 강태영, 한덕균, 신현경, 이채성, 성연화 등","류성, 유아람, 한덕균 등",극단 경험과 상상(제작사),알베르 카뮈,류성(각색)
12356951,낡은 외투,연극,연극,"장영주, 조현철, 강다형, 정승민, 강우람, 김어진. 신익훈 등",박경식,"공연창작소 공간(주최), 공연창작소 공간(주관)",니콜라이 고골,박경식(각색)
12357185,어차피 겪어야 될 사랑 이야기,연극,연극,"정현욱, 하보연, 강한별, 이지안, 양승주, 이수진, 맹준열 등","안태규, 한태준, 박민규 등",플레이규컴퍼니(PLAY GYU COMPANY)(제작사),,
12357439,CHARM: 참! 매력적인 배우들의 무대,연극,연극,"김진곤, 홍승균, 김현정, 윤소희, 유은재, 이주찬, 김기주 등","박상하, 김미선, 강경동 등","극단 동백(주최), 극단 동백(주관)",,박상하(각색)
12357513,정오의 음악회 (5월),한국음악(국악),기악,김성진 등,,"국립극장(주최), 국립국악관현악단(주관)",,
12386116,"러시아워콘서트, 수궁가",한국음악(국악),혼합,,,LG아트센터(주최),,
12389470,화음챔버오케스트라 현대음악 렉처 시리즈 Ⅱ,서양음악(클래식),기악,"박상연, 송주호, 임윤미, 배상은, 이보연, 김미령, 박용은 등",,(사)화음(화음챔버오케스트라)(주최),,
12389517,제148회 대구시립합창단 정기연주회,서양음악(클래식),성악,김돈 등,,"대구시립예술단(주최), 대구시립합창단(주관)",,
12389703,작곡가VS작곡가 클래식 스페셜 매치[안동],서양음악(클래식),기악,"강대명, 김재영, 김대연",,안동문화예술의전당 (평생학습원)(주최),,
12389707,운빨로맨스 [안동],연극,연극,"오근욱, 허영지, 박민승, 이상희",,"안동문화예술의전당 (평생학습원)(주최), 안동문화예술의전당 (평생학습원)(주관), 컬처마인(제작사)",김달님,
12389839,제7회 줄리아 발레아카데미 발레축제,무용(서양/한국무용),발레,,,줄리아 발레아카데미(제작사),,
12390532,유태평양 콘서트: 불후의 명곡,한국음악(국악),성악,"유태평양, 유휘찬, 한수빈",,"한국문화예술회관연합회(KoCACA)(주관), 광산구청(주관), 문화체육관광부(주최)",,
12453866,비목어,연극,연극,"김통일, 오정훈, 이진성, 김노연, 서이아, 유은한, 노현웅 등",조연재,"극단 정통(제작사), 극단 정통(기획사)",조연재,
12453873,시 그리고 음악 빈티지 프랭키 콘서트,대중음악,기타,,,문경문화예술회관(제작사),,
12454041,"세월호, 극장들: 시간 밖으로",연극,연극,"김보경, 정희영, 최지환, 주선옥, 김영표, 안지은, 한경애 등","하송, 김지은, 김은미 등","연극실험실 혜화동1번지(주최), 연극실험실 혜화동1번지(기획사)",데이비드 그로즈만,
12454082,인사이드,연극,연극,"성근창, 김건호, 김예별, 노유진","김수로, 신영섭, 추정화 등","마크923(제작사), (주)더블케이 필름 앤 씨어터 (더블케이엔터테인먼트)(주최), (주)더블케이 필름 앤 씨어터 (더블케이엔터테인먼트)(주관)",추정화,
12455219,오주신무용학원 설립20주년 & 주니어무용단 주신의 우리들의 춤마당 열일곱번째 이야기,무용(서양/한국무용),현대무용,,,오주신무용학원(제작사),,
12455640,유리가가린,연극,연극,"강지완, 송은지, 엄태준, 이현호, 조혜선","이수인, 성미림, 엄태훈 등",극단 떼아뜨르 봄날(제작사),이수인,
12455691,동방의 빛,한국음악(국악),기악,"백경화, 전영랑, 정민진, 이용원, 한충은, 이동영, 최진석 등","탁계석, 오병희","당진시립합창단(주관), 공주시충남교향악단(주관)",,
12456254,"전남CBS 창립 17주년 기념 특별공연, 점프 [여수]",뮤지컬,넌버벌 퍼포먼스,,,전남CBS(주최),,
12456284,"브런치콘서트, 술술클래식 [여수]",서양음악(클래식),기악,"이상민, 이지영, 황덕호, 최현호, 김범구, 조윤주, 배기태 등",,"GS칼텍스 예울마루(주최), GS칼텍스 예울마루(주관)",,
12458164,씨어터 이문세 [여수],대중음악,대중가요,이문세,,"(주)케이문에프엔디(제작사), (주)공연마루(주최), (주)공연마루(주관)",,
12459733,플루티스트 윤혜리의 NIGHT FANTASY [여수],서양음악(클래식),기악,"윤혜리, 한소라, 임혜리, 박노을, 임수연, 김보라 등",,"GS칼텍스 예울마루(주최), GS칼텍스 예울마루(주관)",,
12460334,조영구 이병철의 효콘서트 : 투맨쇼,대중음악,대중가요,"조영구, 이병철, 박혜신, 전지연, 박미현, 문소희 등",,(주)다빈치컴퍼니(주최),,
12460385,한정림의 음악일기: 괜찮아,대중음악,기타,"한정림, 원병훈, 이새하, 권나형, 김치헌, 최인성, 박주희 등",한정림,"(주)타입커뮤니케이션(주최), (주)타입커뮤니케이션(주관), (주)웨이즈비(제작사)",,
12464378,제67회 대전시립무용단 정기공연,무용(서양/한국무용),현대무용,,"황재섭, 이현주, 김성훈","대전시립무용단(주관), 대전광역시청(주최), 대전MBC(주최)",,
12464407,이범진 피아노 리사이틀 [대전],서양음악(클래식),기악,이범진,,"(주)스펙트럼(주최), (주)스펙트럼(기획사)",,
12464423,"아침을 여는 클래식, 바이올리니스트 이광호 (6월)",서양음악(클래식),기악,이광호,,대전예술의전당(주최),,
12464619,대전시립교향악단 챔버 시리즈 3,서양음악(클래식),기악,"임효선, 임희영, 최정원, 김미자, 박은희, 송현욱, 우정화 등",,"대전시립교향악단(주관), 대전광역시청(주최)",,
12464647,제31회 한밭신인음악회,서양음악(클래식),기악,"김영주, 이아름, 박현지, 이영은, 이화영, 홍진영, 이경민 등",,(사)한국음악협회 대전광역시지회(주최),,
12464656,이태경 피아노 리사이틀 Ⅳ [대전],서양음악(클래식),기악,이태경,,공연기획피움(주관),,
12464668,김정은 바이올린 리사이틀 [대전],서양음악(클래식),기악,"김정은, 이진옥",,"(주)스펙트럼(주최), (주)스펙트럼(주관)",,
12464673,성지민 피아노 리사이틀 [대전],서양음악(클래식),기악,성지민,,대전예술기획(주관),,
12464679,소프라노 김효신 리사이틀 [대전],서양음악(클래식),성악,김효신,,대전예술기획(주관),,
12464682,제6회 포유뮤직 정기연주회 [대전],서양음악(클래식),기악,"하영미, 강정호, 이애리, 권지영, 유미근, 노혜임, 양정아 등",,유진예술기획(주관),,
12464811,김지향 퍼커션 리사이틀 [대전],서양음악(클래식),기악,"김지향, 전환성",우영은 등,"대전예술기획(주최), 대전예술기획(기획사)",,
12464829,"제16회 부산국제무용제, AK21국제안무가육성공연",무용(서양/한국무용),현대무용,"이동하, 신원민, 김은지, 김희원, 안유진, 조혜원, 정상효 등",이동하,"(사)부산국제무용제 조직위원회(주관), 부산광역시(주최)",,
12465179,제4회 국제 춤 그랑프리 콩쿨,무용(서양/한국무용),현대무용,,,,,
12465601,제7회 부산내셔널발레콩쿨,무용(서양/한국무용),발레,,,(사)한국발레협회(제작사),,
12465811,한밤의 유U; 콘서트 (6월),서양음악(클래식),기악,"김정운, 고혜운, 장재혁 등",김동욱,"(주)국제신문(주최), (주)국제신문(주관), (재)영화의전당(주최), (재)영화의전당(주관)",,
12466270,안숙선 남상일의 국악콘서트: 토선생 용궁가다,한국음악(국악),성악,"안숙선, 남상일, 유지숙, 천주미, 박혜련, 김미성, 백나현 등","안숙선, 유은선, 정선구 등",(재)춘천문화재단(주최),,
12466647,강원도립무용단 6.25한국전쟁70주년 특별기획공연: 아바이 [춘천],무용(서양/한국무용),한국무용,"김영구, 이성희, 최인영, 이가을, 피다현, 윤예람, 전가영 등","윤혜경, 김성옥, 송주원 등","강원도립무용단(주관), 강원도청(주최)",,
12466651,제104회 춘천시립합창단 정기연주회,서양음악(클래식),성악,"임창은, 양하영 등",,"(재)춘천문화재단(주최), 춘천시립예술단(주최)",,
12467285,향수,한국음악(국악),혼합,"김현주, 송기혁, 송강수, 한영길, 하정희, 이미숙",김현주,"부산가야금병창보존회(주최), 부산가야금병창보존회(주관)",,
12467287,"성악단 정기공연: 성(聲), 찰(察)2",한국음악(국악),성악,,"유경조, 지기학, 김미자 등",국립부산국악원(주최),,
12467403,"수요공감, 조윤경 해금 독주회",한국음악(국악),기악,조윤경,,국립부산국악원(주최),,
12467416,"수요공감, 최은숙의 춤",무용(서양/한국무용),한국무용,최은숙,,국립부산국악원(주최),,
12467427,"수요공감, 오지연 가야금 독주회",한국음악(국악),기악,오지연,,국립부산국악원(주최),,
12467439,"수요공감, 이은주 무용단",무용(서양/한국무용),한국무용,"한동엽, 임윤희, 오정은, 이윤정, 이한솔, 강혜은, 이림호 등",,국립부산국악원(주최),,
12474139,제139회 원주시립교향악단 정기연주회,서양음악(클래식),기악,"김광현, 김태형",,원주시립교향악단(주관),,
12474228,"수요열린예술무대, 뒤란 (6.10)",대중음악,대중가요,"곽동현, 선우정아 등",,"울산문화예술회관(주관), 울산광역시청(주최)",,
12474486,제113회 울산시립합창단 정기연주회,서양음악(클래식),성악,"윤의중, 정지윤, 김혜은, 김나리, 이정일, 신성희, 강윤지 등",,"울산시립예술단(주관), 울산광역시청(주최)",,
12474657,"수요열린예술무대, 뒤란 (6.24)",대중음악,대중가요,나윤권 등,,"울산문화예술회관(주관), 울산광역시청(주최)",,
12474861,시네마 음악회 [울산],서양음악(클래식),기악,"송유진, 강주리 등",,"울산시립예술단(주관), 울산광역시청(주최)",,
12475070,"클래식 할 뻔(FUN) 1, 세계음악기행: 클래식의 과거 현재 미래",서양음악(클래식),기악,서희태,,"울산시립예술단(주관), 울산광역시청(주최)",,
12475468,까발레리아 루스티카나 [울산],서양음악(클래식),오페라,"이태은, 윤병길, 김준연, 김방술, 이은랑, 김대수, 최신민 등","김방술, 유철우",,,
12475497,사랑의 묘약 [광주],서양음악(클래식),오페라,"양진모, 오신영, 김훈, 이규봉, 최공석, 김민영",,(재)광주문화재단(주최),,
12475573,"SAC ON SCREEN, 김선욱 피아노 리싸이틀",서양음악(클래식),기악,김선욱,,(재)광주문화재단(주최),,
12475617,"빛고을렉쳐콘서트, 그림을 읽어주는 음악 무소르그스키 전람회의 그림",서양음악(클래식),기악,승지나,,(재)광주문화재단(제작사),,
12475669,"SAC ON SCREEN, 늙은 부부 이야기",연극,연극,"김명곤, 차우경, 정한용, 이화영",,(재)광주문화재단(주최),,
12475719,"친절한 디토씨의 클래식 음악여행 #3, 세계 여름음악축제 순례",서양음악(클래식),기악,황지원,,(주)크레디아(제작사),,
12475916,"제2회 놀터 청년페스티벌, 낯선 사람",연극,연극,"김주찬, 양근아, 민경미, 안성찬, 김시현, 박상훈, 김나무 등","마은우, 배세영, 조하나","극단 놀터(주최), 극단 놀터(주관)",배세영,
12475941,"제2회 놀터 청년페스티벌, 체홉의 희극지왕",연극,연극,"백이준, 김영호, 안지영","김동훈, 임진혁, 양진영 등","극단 놀터(주최), 극단 놀터(주관)",,김동훈(각색)
12475972,"제2회 놀터 청년페스티벌, 피라모스와 티스베",연극,연극,"공재현, 이윤정, 김주유, 한윤희, 박준규, 심형우, 김미정 등","박준규, 장민준, 최지원 등","극단 놀터(주최), 극단 놀터(주관)",박준규,
12475997,"제2회 놀터 청년페스티벌, 인생‘내’컷",연극,연극,"강예진, 김채원, 노하민, 이유연, 이연주, 이제민, 이창건 등","김채원, 이제민, 이수빈 등","극단 놀터(주최), 극단 놀터(주관)",김채원,
12477930,죽여주는이야기 [창녕],연극,연극,,이춘국,"창녕군청(창녕문화예술회관)(주최), 창녕군청(창녕문화예술회관)(주관)",이춘국,
12478193,써니텐 [공주],뮤지컬,뮤지컬,"민용진, 서덕훈, 박지우, 김윤후, 김민호 등",,"공주시청(주관), 공주시문화시설사업소(공주문예회관)(주관)",,
12479429,제33회 공주시 충남연정국악원 정기연주회: 희망 울림,한국음악(국악),기악,"박승희, 유영대, 위은영, 김영임, 노부영, 양인준 등",,"공주시충남연정국악원(주관), 공주시청(주최)",,
12480073,"3시 공연산책, 7080 낭만콘서트",대중음악,대중가요,양하영,,"공주시청(주최), 공주시문화시설사업소(공주문예회관)(주관)",,
12480265,미교 단독 콘서트: Come With 薇 GYO,대중음악,대중가요,,,"아츠팝콘(주최), 아츠팝콘(기획사)",,
12480379,쏜애플 콘서트: 물의 기억,대중음악,대중가요,,,"민트페이퍼(주최), 해피로봇 레코드(주최)",,
12481950,미녀와야수 [울산],뮤지컬,뮤지컬,,,에이치엠컴퍼니(주최),,
12481964,착신 [창원],연극,연극,"정성민, 신이랑, 백재경, 박현민, 이성호","박현민, 이성호, 이정규 등","(주)예술공장(주최), (주)예술공장(기획사)",박현민,
12482278,"롤링 25주년 기념 공연, 밴디지 첫 단독 콘서트",대중음악,대중가요,,,"롤링홀(주최), 롤링홀(주관)",,
12482708,"롤링 25주년 기념 공연, 고갱 단독 콘서트: But There is no reason anymore",대중음악,대중가요,,,"롤링홀(주최), 롤링홀(주관)",,
12482831,"충치는 미워요, 이를 잘 닦자",연극,인형극,,,"(주)대구백화점 대백프라자(주최), (주)교문(주관)",,
12485607,진홍빛 소녀 [대구],연극,연극,"김명일, 석효진, 박은경","한민규, 김동찬, 정아름 등",,한민규,
12520222,"한수원과 함께하는 문화가 있는 날, 희망 콘서트",대중음악,대중가요,"김정택, 김연자, 김종환, 유지나 등",,(재)경주문화재단(주관),,
12521360,플루티스트 에밀리아가 전하는 신라이야기 Vol.2 [경주],서양음악(클래식),기악,"황영미, 강유나",,(재)경주문화재단(주최),,
12521368,뜨거운바다: 평양에서온여형사,연극,연극,"김정남, 박신애, 김단아, 신세윤, 변영후, 이성경","전용환, 하경화, 양기찬 등","연극집단 청춘오월당(제작사), 휴먼컴퍼니(기획사)",김봉웅(츠카 코헤이),전용환(각색)
12521391,이십일세기 이승환,대중음악,대중가요,이승환,,"(주)드림팩토리클럽(주최), (주)드림팩토리클럽(기획사)",,
12522810,춘천거기 [부산],연극,연극,"이희선, 마소율, 최주영, 이설, 이태성, 배문수, 이재찬 등","강봉금, 김아라, 김재한 등",극단 누리에(주최),김한길,
12525601,부산시립교향악단 기획음악회: 미완성 음악회,서양음악(클래식),기악,최수열 등,,(재)부산문화회관(주최),,
12525687,제206회 부산시립국악관현악단 정기연주회,한국음악(국악),기악,"김종욱, 강선일, 박승원, 송경근, 임용주 등",,"부산시립예술단(주관), (재)부산문화회관(주최)",,
12526178,제65회 부산네오필하모닉오케스트라 정기연주회,서양음악(클래식),기악,홍성택 등,홍성택,"(사)부산네오필하모닉 오케스트라(주최), (사)부산네오필하모닉 오케스트라(주관)",,
12526217,제564회 부산시립교향악단 정기연주회,서양음악(클래식),기악,"최수열, 백건우 등",,(재)부산문화회관(주최),,
12530558,제179회 부산시립합창단 정기연주회,서양음악(클래식),성악,"이기선, 유지수, 박미자, 양희준 등",,"부산시립예술단(주관), (재)부산문화회관(주최)",,
12531414,김혜선 귀국 피아노 리사이틀 [부산],서양음악(클래식),기악,김혜선,,"아트뱅크코레아(주관), 아트뱅크코레아(주최)",,
12531418,박지혜 귀국 피아노 리사이틀 [부산],서양음악(클래식),기악,박지혜,,"아트뱅크코레아(주관), 아트뱅크코레아(주최)",,
12531419,트리오 피아체 연주회 [부산],서양음악(클래식),기악,"박정희, 조무종, 정윤혜",,"아트뱅크코레아(주관), 아트뱅크코레아(주최)",,
12531423,바이올린 김다미 with 조이오브스트링스의 피아졸라 & 비발디의 사계 [부산],서양음악(클래식),기악,김다미 등,,"을숙도문화회관(주최), 한국문화예술회관연합회(KoCACA)(주최)",,
12531684,시대를 잇는 깊은 울림,서양음악(클래식),성악,"서형일, 지해나, 이지영, 류현수, 이상준, 이창형, 김지성 등",,서산시립합창단(제작사),,
12532047,사랑해 엄마,연극,연극,,,(주)조이컬쳐스(제작사),,
12533011,"이팔청춘 담판콘서트, 청춘가",한국음악(국악),혼합,,"김주홍, 강진석, 이고운 등",(재)한국문화재재단(제작사),,
12533036,당곰이야기,연극,연극,,"안정민, 정수경, 오채령 등",,안정민,
12533121,"세월호, 극장들: 나 하나 나 둘 나 셋 나 넷",연극,연극,,"김한내, 마두영, 백종승 등",연극실험실 혜화동1번지(주최),김한내,
12533273,치카치카 호랑이 [의정부],연극,인형극,,,극단 상상마당컴퍼니(제작사),,
12533277,피노키오 [의정부],뮤지컬,뮤지컬,,,극단 상상마당컴퍼니(제작사),,
12613011,임호열 피아노 독주회,서양음악(클래식),기악,임호열,,(사)부암뮤직소사이어티(주최),,
12613183,제2회 피아노 앙상블 더하기 콘서트,서양음악(클래식),기악,"김민희, 김지연, 손세아, 장영미, 윤숙경, 이회영, 이진희",,예인예술기획(주관),,
12613217,제10회 문풍인기타음악제,서양음악(클래식),기악,"서만재, 이현주, 이명진, 김영민, 김재학, 김규진, 김상욱 등",,"서울기타콰르텟(주관), 디자인기타(주관)",,
12613289,조윤경 피아노 독주회,서양음악(클래식),기악,조윤경,,예인예술기획(주최),,
12613317,제65회 한국피아노두오협회 정기연주회,서양음악(클래식),기악,"김지나, 허수정, 고연경, 이루미, 이영주, 김보람, 김세연 등",,"지음기획(주관), 한국피아노두오협회(주최)",,
12613517,박종훈 피아노 독주회,서양음악(클래식),기악,박종훈,,(주)음연(주최),,
12614007,제123회 서울시합창단 특별연주회: 쁘티 콘서트,서양음악(클래식),성악,"한은진, 이윤정, 김온유, 이선아, 김오수, 인도연, 한근희 등",,"서울시합창단(주관), (재)세종문화회관(주최)",,
12614968,제12회 세일 한국가곡 콩쿠르,한국음악(국악),성악,,,(재)세일음악문화재단(주최),,
12615408,"온쉼표, 그의 하루 (6월)",연극,연극,,,"예술무대산(제작사), (재)세종문화회관(주관)",,
12615633,아르떼 재즈 나이트 Vol. 49 [통영],대중음악,재즈/월드뮤직,"하이진, 박지혜, 박갑윤, 최세열, 김철호",,"(재)통영국제음악재단(주최), (재)통영국제음악재단(주관)",,
12615676,에스메 콰르텟 [통영],서양음악(클래식),기악,"배원희, 하유나, 김지원, 허에은",,"(재)통영국제음악재단(주최), (재)통영국제음악재단(주관)",,
12616198,오스모 벤스케 with SPO 멤버스 [통영],서양음악(클래식),기악,"한지연, 임가진, 강윤지, 주연선",,"(재)통영국제음악재단(주최), (재)통영국제음악재단(주관)",,
12616949,바이올리니스트 윤성근 & 광주챔버앙상블,서양음악(클래식),기악,"윤성근, 정은지 등",,JJ예술기획(주최),,
12616957,바이올리니스트 임지영 SOLO [광주],서양음악(클래식),기악,임지영,,"(주)금호고속(주최), (주)금호고속(기획사)",,
12627276,렌트 쇼케이스,뮤지컬,뮤지컬,"오종혁, 장지후, 정원영, 배두훈, 김수하, 민경아, 전나영 등",,"(주)신시컴퍼니(제작사), (주)신시컴퍼니(주최)",,
12666155,"TUNE UP STAGE, 튠업21기 선정 기념 공연＃01: LambC X SURL",대중음악,대중가요,,,"(주)비이피씨탄젠트(주관), CJ문화재단(주최)",,
12666214,"TUNE UP STAGE, 튠업21기 선정 기념 공연＃02: 제이클레프 Ⅹ 유라",대중음악,대중가요,,,"(주)비이피씨탄젠트(주관), CJ문화재단(주최)",,
12666304,나의 살던 고향은,서양음악(클래식),기악,송영민 등,,쌀롱드무지끄(주최),,
12666354,놈앤쥴리 [대전],연극,연극,"박재완, 임수아, 강희석, 김예지, 이상혁, 최윤정","복영한, 오세관","극단 셰익스피어(주최), 극단 셰익스피어(주관)",오세관,
12666362,전통타악 뜬쇠예술단의 마딧길,한국음악(국악),기악,,,,,
12666765,제9회 월드브리지 필하모닉 오케스트라 정기 연주회,서양음악(클래식),기악,"박성민, 김보은, 김동욱, 김민승, 김태기, 정태성, 최현욱 등",,월드브리지 그룹(주최),,
12666784,Dear 베토벤! 운명,서양음악(클래식),기악,"오충근, 조희창, 한수진 등",,금정문화회관(주최),,
12666924,부산발레축제,무용(서양/한국무용),발레,,,금정문화회관(주최),,
12667050,"11시 브런치 콘서트, 조희창의 클래식 레시피: 크로스오버 뮤직",서양음악(클래식),기악,"권순지, 정지은, 정승연, 장유진, 박지혜, 박윤우, 송미호 등",,"금정문화회관(주최), 금정문화회관(주관)",,
12667583,레베카 [광주],뮤지컬,뮤지컬,"류정한, 엄기준, 카이, 신성록, 신영숙, 옥주현, 장은아 등","제이미 맥다니엘, 권은아, 엄홍현 등",(주)공연마루(제작사),,
12687539,코지 판 투테 [광주],서양음악(클래식),오페라,"이경은, 나혜숙, 민숙연, 임현진, 이상화, 김경천, 박영환 등","김기준, 이범로, 김가영 등","광주시립오페라단(주최), 광주시립오페라단(주관)",,
12687738,"GSO 11시 클래식, 비엔나의 아침",서양음악(클래식),기악,"김영언, 양지인, 김규현, 이지영",,"광주문화예술회관(주최), 광주시립교향악단(주관)",,
12687878,선우정아 콘서트 [광주],대중음악,대중가요,선우정아,,광주문화예술회관(주최),,
12688493,"11시 음악산책 3, 김선아의 유월의 소나타",서양음악(클래식),기악,"김선아, 김민정",,"광주문화예술회관(주최), 광주문화예술회관(주관)",,
12688640,"산울림 고전극장, 모지리들",연극,연극,"임아영, 안현경, 이현석, 김태윤, 서지영, 박준규, 안제홍 등","신진호, 최호영, 임효섭 등","극단 비밀기지(제작사), 극단 키르코스(제작사)",기 드 모파상,최호영(각색)
12688732,"산울림 고전극장, 돼지떼",연극,연극,"김소정, 박수진","이은비,김소정, 박유나 등",극단 산울림(주최),조르주 상드,이은비(극작)
12688886,제52회 숲속의 열린음악회: 앙리 마티스의 음악적 영감,서양음악(클래식),기악,"이창용, 최유진, 변현정, 이신규, 장우리, 김활란",,"동래문화회관(주관), 클래시칸 앙상블(주관), 한국문화예술회관연합회(KoCACA)(주최)",,
12689174,부산의 노래 Since 1986,연극,연극,"허종오, 심미란, 조영미, 김성은, 이상미, 박유흠, 윤채린 등","김민수, 이정남, 김재옥 등",동래문화회관(주최),김민수,
12689823,부산시립무용단 초청공연: 날 잡아봐라~,무용(서양/한국무용),한국무용,,,"(재)부산문화회관(주최), 동래문화회관(주관), 부산시립예술단(주관)",,
12690177,힘내라 콘서트,서양음악(클래식),성악,"서희태, 조선형, 정의근, 방신제, 이규봉 등",,(사)경남오페라단(주최),,
12704557,Two Pianos Four Pianists,서양음악(클래식),기악,"김윤희, 신지혜, 현승희, 차미연",,,,
12704558,제10회 피아체볼레 정기연주회,서양음악(클래식),기악,"이고은, 이양경, 노윤정, 정하나, 김진희, 신주연, 장예리",,조인클래식(주최),,
12704562,제25회 시티필하모니오케스트라 정기연주회,서양음악(클래식),기악,"조은서, 김채은, 이지율, 강준경, 이현빈, 홍유진, 정세현 등",,"시티필하모니오케스트라(주최), 시티필하모니오케스트라(주관)",,
12704564,바리톤 김우람 귀국 독창회,서양음악(클래식),성악,"김우람, 최민혜",,지클레프(주최),,
12704566,음악교육신문사 초청 피아노 갈라콘서트,서양음악(클래식),기악,"윤현진, 오세현, 김지혜, 전예지, 김정선, 김현주, 이진영 등",,"음악교육신문(주최), 음악교육신문사(주최)",,
12704574,김수진 피아노 독주회,서양음악(클래식),기악,김수진,,이든예술기획(주최),,
12704576,이영조와 올라비올라,서양음악(클래식),기악,"이영조, 오순화, 김대진, 김준성, 김형석, 이상회, 이현주 등",,뮤직클레프(주최),,
12704582,제1회 SGPO 차세대 작곡가상,서양음악(클래식),기악,"서훈, 고병량, 나상윤, 이효원, 김홍국 등",,현대문화기획(주관),,
12704583,바리톤 변병철 독창회,서양음악(클래식),성악,"변병철, 신상근, 이민정, 이은경, 백금옥, 천화숙, 최경혜 등",,카리스 프로덕션(주관),,
12704591,제6회 리움챔버오케스트라 협주곡시리즈,서양음악(클래식),기악,"정홍식, 한단아, 김용민, 이신호, 최예리, 주하율, 이송현 등",,리움챔버오케스트라(주최),,
12704595,성해라 플루트 독주회,서양음악(클래식),기악,"성해라, 이루미",,영산아트홀(주최),,
12704796,"영산아트홀 신인 연주자 시리즈, 강동엽 비올라 독주회",서양음악(클래식),기악,"강동엽, 박영성",,"영산아트홀(주최), 영산아트홀(주관)",,
12705642,이민정 피아노 독주회,서양음악(클래식),기악,이민정,,클라시코 예술기획 (CLASSICO)(주최),,
12705643,제137회 군산시립교향악단 정기연주회,서양음악(클래식),기악,"양성원, 백정현, 김신",,"군산시립교향악단(주관), 군산시청(주최), (재)광주문화재단(주관)",,
12705935,"문화가 있는날, 하우스 콘서트 [군산] (6월)",서양음악(클래식),기악,"정주은, 윤덕희, 임지환, 정우찬",,군산예술의전당(제작사),,
12706678,Music and Innovation,서양음악(클래식),기악,"박재린, 김정수, 박운주, 박기흥",,쌀롱드무지끄(주최),,
12706692,Duo for clarinet and piano,서양음악(클래식),기악,"심규호, 이동진",,쌀롱드무지끄(주최),,
12706714,Musica Siesta!,서양음악(클래식),기악,"김성아, 강지원, 정소라",,쌀롱드무지끄(주최),,
12706745,Summer Wind,서양음악(클래식),기악,"촤한결, 이경진",,쌀롱드무지끄(주최),,
12706763,falling 음악에 한번 와인에 두번,서양음악(클래식),기악,"이은미, 조한, 박노익, 유지현",,쌀롱드무지끄(주최),,
12706778,The 4 seasons for four flutes,서양음악(클래식),기악,"한아름, 이정혜, 김동진, 김지희",,쌀롱드무지끄(주최),,
12706788,베토벤 첼로 소나타 전곡,서양음악(클래식),기악,"박건우, 최한결",,쌀롱드무지끄(주최),,
12706831,Promenade de Juin,서양음악(클래식),기악,"강동엽, 박영성",,쌀롱드무지끄(주최),,
12706846,첼리스트 임재성 & 피아니스트 이유현,서양음악(클래식),기악,"임재성, 이유현",,쌀롱드무지끄(주최),,
12706868,Buenosaireando,대중음악,기타,"연하늘, 임애진, 정윤호 등",,쌀롱드무지끄(주최),,
12706897,따스한 봄 밤 클래식을 품다,서양음악(클래식),기악,"이라라, 이이슬",,쌀롱드무지끄(주최),,
12706913,An Evening of Cello,서양음악(클래식),기악,"김지은, 김태희",,쌀롱드무지끄(주최),,
12706928,쉴 休,서양음악(클래식),기악,"이지원, 변유연, 임하람, 윤나리, 길누리",,쌀롱드무지끄(주최),,
12706951,Viola and Piano,서양음악(클래식),기악,"조재현, 민경식",,쌀롱드무지끄(주최),,
12706974,American Night,서양음악(클래식),기악,"김다솔, 장새봄, 박윤수",,쌀롱드무지끄(주최),,
12706999,파노플리,연극,연극,"조경현, 전승우, 김대종, 손진영, 장영은, 김윤지","김태현, 김상윤, 남태관 등","극단 전원(주최), 극단 전원(주관)",김태현,
12707003,인템포,연극,연극,"정지은, 전희수, 김평온, 이기웅, 정하나","강현욱, 전수현, 최인수 등",,강현욱,
12755818,"마리아칼라스홀 초청연주 시리즈, 이지영 호른 리사이틀",서양음악(클래식),기악,"이지영, 김유경",,마리아칼라스홀(주최),,
12755821,"마리아칼라스홀 초청연주 시리즈, 소프라노 인수연 ＆ 피아니스트 인형경 조인트 콘서트",서양음악(클래식),기악,"인수연, 인형경",,"(주)알피제이아트헤이스(주최), (주)알피제이아트헤이스(기획사)",,
12755834,"마리아칼라스홀 초청연주 시리즈, 이희우 피아노 리사이틀",서양음악(클래식),기악,이희우,,마리아칼라스홀(주최),,
12755835,"마리아칼라스홀 초청연주 시리즈, Horn Quartet Mellow",서양음악(클래식),기악,"김선영, 이지영, 음두현, 차혜경",,마리아칼라스홀(주최),,
12755850,최형록 피아노 독주회,서양음악(클래식),기악,최형록,,"티엘아이 아트센터(주최), (주)조슈아(티엘아이 아트센터) (주최)",,
12755955,클미지기 안두현의 클미 콘서트 [성남],서양음악(클래식),기악,"안두현, 김덕우, 김가은, 김기경, 조성현",,"티엘아이 아트센터(주최), 티엘아이 아트센터(주관), (주)조슈아(티엘아이 아트센터) (주관), (주)조슈아(티엘아이 아트센터) (주최)",,
12756050,"코리안 솔로이스츠의 올댓 챔버, 기억 [성남]",서양음악(클래식),기악,"김동현, 김선희, 이정민, 김하영, 박수빈, 김원혜, 김성숙 등",김남윤,코리안 솔로이스츠(주최),,
12756062,제5회 Next Generation [전주],서양음악(클래식),기악,"함의영, 이찬미, 박슬기, 박희라, 구아인, 조예닮, 이진철",,"피아노 다이어리(Piano Diary)(주최), 피아노 다이어리(Piano Diary)(주관)",,
12757465,괄호는 괄호와 괄호사이 괄호가 될 수 있을까,연극,연극,"조윤지, 정대경, 백소정, 윤미경, 황은후, 김수아, 라소영 등","김민조, 황동우, 양정현 등",,"김진희, 도은, 이소연, 신효진",
12760940,하모나이즈 해피홀릭 콘서트 [김제],대중음악,대중가요,,,"김제시(김제시청)(주최), 김제시(김제시청)(주관)",,
12761220,"수요음악방 시즌2, 재즈",대중음악,재즈/월드뮤직,,,"(재)구로문화재단(주최), (재)구로문화재단(주관)",,
12761284,봄봄,연극,연극,"강효정, 강일생, 권경민, 권수경, 김계림, 류경인, 송은석 등","류경인, 정인정, 전이현 등",(재)구로문화재단(제작사),,
12761318,OFF＃4 Ⅹ 109,대중음악,대중가요,,,"팝인코리아(주최), 팝인코리아(기획사), 팝인코리아(주최), 팝인코리아(기획사)",,
12761438,아마도이자람밴드 콘서트,대중음악,대중가요,"김목인, 신승은 등",,,,
12761814,서자영 단독 콘서트: Monologue,대중음악,대중가요,서자영,,"팝인코리아(주최), 팝인코리아(기획사), 팝인코리아(주최)",,
12761927,틸더 단독공연: 잔잔한 물결에서 거대한 파도까지,대중음악,대중가요,"김한결, 양준혁 등",,,,
12761979,"Y페스티벌, 운수 좋은 날",연극,연극,"김영조, 한인수, 황수연, 윤정욱","서수옥, 김은정, 정우근 등","극단 여행자(주최), 극단 여행자(주관)",현진건,서수옥(각색)
12761984,"Y페스티벌, 동백꽃",연극,연극,"남승희, 김상보, 김태훈, 정수영, 정은성, 박미영","전중용, 배승혜, 박성찬 등","극단 여행자(주최), 극단 여행자(주관)",김유정,김도영(각색)
12762021,"제8회 서울단편극페스티발, 삼사십이",연극,연극,"한동완, 한재진, 구은홍, 유영전, 홍도영, 임기현, 차지예 등","임정혁, 박성준, 정찬희 등","극단 동숭무대(주최), 극단 동숭무대(주관)",,
12764339,괜찮냐,연극,연극,"김재만, 김동현, 최지은, 이세희, 김성규, 이승원, 신문성 등","최지은, 임창빈, 안연주 등","극단 고리(제작사), (주)주다컬쳐(기획사)",최지은,
12778276,박정아 작곡가 콘서트: 리프라이즈,대중음악,기타,"김순택, 임찬민, 고훈정, 이창용, 강정우, 양지원, 임찬민 등",,"컴퍼니 연작(주최), 컴퍼니 연작(주관)",,
12797847,고기잡이 배: 바다로 간 한국 사람들,연극,연극,"김동림, 김성태, 김재현, 김준희, 김효배, 박태성, 서성영 등","정형석, 이금구, 임선빈 등","엘피 스토리(주관), 엘피 스토리(주최), 극단 드림시어터컴퍼니(주관), 극단 드림시어터컴퍼니(주최)",임선빈,
12807652,"씨네스테이지, 토스카 [울산]",서양음악(클래식),오페라,,,"울산광역시 중구청(주최), 울산광역시 중구문화의전당(주관)",,
12807860,"씨네스테이지, 돈 키호테 [울산]",무용(서양/한국무용),발레,,,"울산광역시 중구청(주최), 울산광역시 중구문화의전당(주관)",,
12808068,"씨네스테이지, 지킬&하이드 [울산]",뮤지컬,뮤지컬,,,"울산광역시 중구청(주최), 울산광역시 중구문화의전당(주관)",,
12808284,"조윤범의 렉쳐콘서트 작곡가 시리즈, 베토벤",서양음악(클래식),기악,"조윤범, 양승빈, 김희준, 임이랑",,울산광역시 중구문화의전당(제작사),,
12808589,"아츠홀릭 판, 이지연 컨템포러리 재즈 앙상블: 지브리 애니메이션 in JAZZ",대중음악,재즈/월드뮤직,이지연 등,,"울산광역시 중구문화의전당(주관), 울산광역시 중구청(주최)",,
12808895,"씨네스테이지, 해적",무용(서양/한국무용),발레,"알리나 코조카루, 바딤 문타기로프, 주노르 소우사, 에리나 타카하쉬, 디미트리 그루즈예프, 요나 아코스타","아돌프 아당, 마리우스 프티파, 콘스탄틴 세르게예프 등","울산광역시 중구청(주최), 울산광역시 중구문화의전당(주관)",,
12809088,지겁소개소,연극,연극,"권순미, 서지원, 송길호, 신현규, 이창훈, 장용웅, 전성하 등",최해주,"극단 광대모둠(기획사), 극단 광대모둠(제작사)",최해주,
12809131,사라 [성남],뮤지컬,뮤지컬,"백하경, 김지후, 김경림, 백기한, 이담, 최미정, 전영광 등",,선교오페라단 미칸(주관),,
12810472,베르나르다 알바의 집 [대구],연극,연극,,김미정,"극단 구리거울(주최), 극단 구리거울(주관)",페데리코 가르시아 로르카,
12810750,"코챔과 함께하는 실내악시리즈3, 코리아나 챔버뮤직 소사이어티 [인천]",서양음악(클래식),기악,"김현미, 이지영, 이수민, 정승원, 박혜준, 오윤주, 나채원 등",김현미,"엘림아트센터(주최), 엘림아트센터(주관)",,
12810805,실내악 시리즈 11 [인천],서양음악(클래식),기악,"한기원, 이재영, 장호진, 임재웅, 송명민",,"엘림아트센터(주최), 엘림아트센터(주관)",,
12810835,반고흐 서거 130주년: 빈센트를 위하여: 킬리만자로의 표범,서양음악(클래식),기악,"윤상인, 이주혁, 김형우 등",,"(주)스톰프뮤직(주최), (주)스톰프뮤직(주관)",,
12811342,에스메 콰르텟 데뷔 리사이틀,서양음악(클래식),기악,,,"(주)크레디아뮤직앤아티스트(주관), (재)아트실비아(주최)",,
12812184,술술클래식: 더 콘서트 (6월),서양음악(클래식),기악,"이상민, 이지영, 황덕호, 한수진, 김지윤, 최현호",,(주)클럽발코니(주최),,
12812818,"함신익과 심포니 송 마스터즈 시리즈 Ⅳ, 베토벤과 시벨리우스",서양음악(클래식),기악,"함신익, 유영욱 등",,"함신익과 심포니 송(주최), 함신익과 심포니 송(주관)",,
12812988,서울시향 오스모 벤스케의 말러와 시벨리우스,서양음악(클래식),기악,오스모 벤스케,,(재)서울시립교향악단(주최),,
12815874,사운드 오브 힐링 콘서트,서양음악(클래식),성악,"임주희, 손준호, 김소현, 정나라 등",,MOC프로덕션(목프로덕션)(제작사),,
12815894,Voice of Two Musician,서양음악(클래식),성악,"정선아, 한지상, 김순영, 최영선 등",,"(사)밀레니엄심포니오케스트라(주최), (사)밀레니엄심포니오케스트라(주관)",,
12820332,울주 피크닉 콘서트 In Blue,대중음악,대중가요,"육중완, 고예주 등",,"울주문화예술회관(울주군시설관리공단)(주관), 울산광역시 울주군청(주최)",,
12820874,"우아한 클래식, 걸리버 여행기  [김해]",서양음악(클래식),기악,,,"(재)김해문화재단(김해서부문화센터)(주최), (재)김해문화재단(김해서부문화센터)(주관)",,
12823289,싱어송라이터 이주영 앨범 발매 쇼케이스,대중음악,대중가요,"이주영, 정현서, 최새봄, 유승혜, 서현정",,,,
12823310,"마티네 콘서트, 오후의 아마빌레 [예산] (6월)",서양음악(클래식),기악,"고한승, 안드레아스 에렛, 김재언, 김영애, 최용석, 권혁재, 윤영민 등",,(재)충남문화재단(주관),,
12823452,공연자협동조합 신 정기공연,한국음악(국악),혼합,"김석중, 윤건, 박희정, 탁상현, 김민지, 이광석 등","박덕상, 윤명화, 이철진 등",(주)구슬주머니(주관),,
12824651,마트로시카,연극,연극,"황지윤, 이형빈, 김권훈, 박은주, 말리카, 김지훈, 천새롬 등","서홍석, 권용준, 손은총",,서홍석,
12824695,이방인의 노래,한국음악(국악),성악,"이자람, 이준형, 김정민","박지혜, 여신동, 장태순 등",,,
12826262,당신을 기다리고 있어,연극,연극,"유은숙, 안병식, 김민하","전인철, 박상봉, 정병목 등","극단 돌파구(주최), 극단 돌파구(주관)",김보영,전인철(각색)
12831890,박타! 세! 새? [대전],무용(서양/한국무용),한국무용,,"이용탁, 조영규, 홍지영 등","대전시립연정국악원(주관), 대전광역시청(주최)",,
12833316,대전시립교향악단 마티네 콘서트 3,서양음악(클래식),기악,"진양혜, 석현수",,"대전시립교향악단(주관), 대전광역시청(주최)",,
12833330,괴테의 시(詩)를 노래하는 음악가들 시리즈 Ⅰ [대전],서양음악(클래식),성악,"강진희, 조성숙, 이정은, 송선미, 채진영, 박종근, 김병진 등",,나무예술기획(주관),,
12834406,동물 없는 연극,연극,연극,"이순환, 조승희, 이혜미, 임진유, 정광영","오성택, 최우성, 최홍준 등","극단 세즈헤브(주최), 극단 세즈헤브(주관)",장 미셀 리브,임혜경(번안)
12834436,노동의 새벽,연극,연극,"송화정, 김한별이, 이주희, 한지훈, 이혜주, 김현섭, 전성욱 등","장진웅, 전성욱, 한지훈 등","창작집단 양산박(주최), 창작집단 양산박(기획사)",장진웅,
12834543,예라고 하는 사람 아니오라고 하는 사람,연극,연극,"설창호, 이현준, 이지호, 정수연, 오혜민","안윤철, 박성준, 변정원 등",문화기획 깃듦(제작사),베르톨트 브레히트,안윤철(각색)
12835468,우체국연가 [원주],연극,연극,"정시윤, 김래훈, 정호영, 이석표, 김주혜, 노정현","이석표, 최규창, 정시윤 등","씨어터컴퍼니 웃끼(주최), 씨어터컴퍼니 웃끼(주관)",박경리,이석표(각색)
12842544,벌룬 매직쇼 [인천],서커스/마술,서커스/마술,,,주니엔터테인먼트(제작사),,
12842589,잠자는 숲속의 공주 [광주 수완],뮤지컬,뮤지컬,,,"극단 레미.레오(주최), 극단 레미.레오(기획사)",,
12842627,어차피 겪어야 될 사랑이야기,연극,연극,"여동윤, 안태규, 한태준, 하보연, 조영진","박민규, 강한별, 이지안 등",플레이규컴퍼니(PLAY GYU COMPANY)(제작사),안태규,
12844270,흥부놀부 [대학로],뮤지컬,뮤지컬,,,"명작극장(주최), 명작극장(주관)",,
12845148,망원동브라더스,연극,연극,"황원상, 오치운, 양현석, 신정만, 맹상열, 권오율, 장희재 등",,바라이엔티(제작사),김호연,
12845188,레머디,연극,연극,"이소희, 허정미, 고아라, 김현주, 이동준, 안용세, 신선영 등","이소희, 남궁지숙, 우수정 등","극단 드라마라운지(제작사), 극단 드라마라운지(기획사)",김이설,신선영(각색)
12845240,우리읍내,연극,연극,"김인수, 원덕희, 김경수, 박우열, 박연하, 이신영, 정주영 등","오세곤, 최병훈, 윤미경 등","극단 노을(주최), 극단 노을(주관)",손톤 와일더,
12845412,장화신은고양이 [금천],뮤지컬,뮤지컬,,,극단 레미.레오(제작사),,
12845443,살롱콘서트: 기타리스트 박지형,서양음악(클래식),기악,박지형,,(주)뮤직앤아트컴퍼니(주최),,
12845463,살롱콘서트: 기타리스트 김진세,서양음악(클래식),기악,김진세,,(주)뮤직앤아트컴퍼니(제작사),,
12845707,평양마켓,뮤지컬,뮤지컬,"윤진웅, 서반석, 견진현, 이대기, 이수아, 홍수민, 김소진","이형주, 최가슬, 남헤경 등",신박한제작소(제작사),,
12845812,하녀들,연극,연극,"이지현, 원소연","황운기, 김민수, 김성수 등","(재)춘천문화재단(주최), (사)문화프로덕션 도모(주최)",장 주네,황운기(각색)
12845878,"제10회 대한민국 발레축제, 유회웅 리버티홀 & 이루다 블랙토",무용(서양/한국무용),발레,"이선태, 왕지원, 손승리, 김석주, 류성우, 이유범, 양준영 등","유희웅, 이루다","대한민국발레축제 조직위원회(주최), 유회웅 리버티홀(주관)",,
12846294,"제10회 대한민국 발레축제, 윤전일 Dance Emotion & 유미크 댄스",무용(서양/한국무용),발레,"윤전일, 정지만, 안남근, 김유미, 이승현, 최희재, 이상로 등","윤전일, 김유미","윤전일 Dance Emotion(주관), 대한민국발레축제 조직위원회(주최)",,
12846757,"제10회 대한민국 발레축제, 정형일 Ballet Creative & 김세연 댄스프로젝트",무용(서양/한국무용),발레,"정형일, 김성민, 강나영, 김수희, 김세연, 김은정, 김다운 등","정형일, 김세연","정형일 Ballet Creative(주관), 대한민국발레축제 조직위원회(주최)",,
12847187,이규성 귀국 호른 독주회,서양음악(클래식),기악,"이규성, 김주혜, 진영선",,Twopicks (투픽스)(주최),,
12847503,제73회 코리아나 챔버 뮤직 소사이어티 정기연주회,서양음악(클래식),기악,"김현아, 양승희, 윤은규, 이세영, 임성윤, 김상진, 서수민 등",,"지클레프(주관), 코리아나 챔버뮤직 소사이어티(주최)",,
12847843,리벤토 현악사중주 창단연주회,서양음악(클래식),기악,"박재린, 홍성수, 김아름, 김정수, 박운주, 박기흥",,지클레프(주최),,
12848191,권미혜 피아노 독주회,서양음악(클래식),기악,권미혜,,(주)마스트미디어(주최),,
12848511,이해든 귀국 첼로 독주회,서양음악(클래식),기악,이해든,,예인예술기획(주최),,
12848773,정민정 피아노 독주회,서양음악(클래식),기악,정민정,,"음악교육신문(주최), 음악교육신문사(주최)",,
12848984,박고운 첼로 독주회,서양음악(클래식),기악,"박고운, 박진우",,지클레프(주최),,
12849279,한지은 플루트 독주회,서양음악(클래식),기악,한지은,,예인예술기획(주최),,
12849540,바이올리니스트 최유진과 세기의 로맨티스트 III,서양음악(클래식),기악,"최유진, 이재완",,예인예술기획(주최),,
12849716,박성열 피아노 독주회,서양음악(클래식),기악,박성열,,지클레프(주최),,
12849726,정지강 윤형숙 피아노 두오 연주회 (6.18),서양음악(클래식),기악,"정지강, 윤형숙",,이든예술기획(주최),,
12849881,정재원 피아노 독주회,서양음악(클래식),기악,정재원,,(주)마스트미디어(주최),,
12850257,제21회 위 솔로이스츠 정기연주회,서양음악(클래식),기악,"윤소영, 한수혜, 박동석, 김우진, 이경진, 김병완, 라세원 등",,영음예술기획(주최),,
12850415,김성준 귀국 클라리넷 독주회,서양음악(클래식),기악,"김성준, 심관섭",,"음악교육신문(주최), 음악교육신문사(주최)",,
12850680,김지은 바이올린 독주회,서양음악(클래식),기악,"김지은, 한지은",,영음예술기획(주최),,
12851101,나채원 플루트 독주회,서양음악(클래식),기악,"나채원, 김재원",,플룻샵(주최),,
12851460,박혜준 첼로 독주회,서양음악(클래식),기악,"박혜준, 김주영",,조인클래식(주최),,
12851822,김동규 피아노 독주회,서양음악(클래식),기악,김동규,,지클레프(주최),,
12852181,예림회 피아노 듀오 시리즈 VIII,서양음악(클래식),기악,"박우빈, 최민경, 이귀란, 이진, 홍상희, 최수은, 권혜인 등",,예인예술기획(주최),,
12852805,정영안 첼로 독주회,서양음악(클래식),기악,정영안,,지클레프(주최),,
12853166,김형찬 바순 독주회,서양음악(클래식),기악,"김형찬, 고성헌, 이현애, 김재윤, 김용식",,지클레프(주최),,
12853524,"슈만탄생 210주년, 해피버스데이 슈만vs브람스",서양음악(클래식),기악,"이신규, 송영민, 배경한, 문지원, 송민제",,"(주)스톰프뮤직(주최), (주)스톰프뮤직(주관)",,
12854392,제13회 일리노이 동문 음악회,서양음악(클래식),기악,"신성희, 유한나, 송주연, 강민정, 김보나, 노미례, 박하연 등",,"지클레프(주관), 일리노이 음대 동문회(주최)",,
12854814,제10회 아카데미 열정과 나눔 정기연주회,서양음악(클래식),기악,"진윤일, 김경아 등",진윤일,예인예술기획(주관),,
12855546,제69회 (사)한국페스티발앙상블 정기연주회,서양음악(클래식),기악,,,(사)한국페스티발앙상블(주최),,
12856614,송희송 첼로 독주회,서양음악(클래식),기악,"송희송, 박진우",,"음악교육신문(주최), 음악교육신문사(주최)",,
12856886,제10 회 팬아시아 필하모니아 정기연주회,서양음악(클래식),기악,"이종진, 오은지, 한지희, 신상일, 김경리",,현대문화기획(주관),,
12857298,오윤주 피아노 독주회,서양음악(클래식),기악,오윤주,,(주)음연(주최),,
12857813,"피아니스트 박은경의 작곡가 시리즈 5, 슈베르트",서양음악(클래식),기악,박은경,,"음악교육신문(주최), 문화체육관광부(주관), (재)한국장애인문화예술원(주관), 서울대학교 음악대학(주관), 음악교육신문사(주최)",,
12857981,유니버셜 색소폰 앙상블 정기연주회,서양음악(클래식),기악,"정순섭, 동준모, 이홍석, 장유경, 이권세, 김수연, 황대남 등",,지클레프(주최),,
12858595,로맨틱 나이트,서양음악(클래식),기악,"성기선, 김영은, 일리야 라쉬코프스키, 박진형 등",,(사)밀레니엄심포니오케스트라(주최),,
12860771,15주년 기념 이마에스트리 정기연주회,서양음악(클래식),성악,"권오혁, 최보한, 이현옥, 이규철, 박정민, 김지호, 양재무 등",양재무,"(사)미래성악포럼(주최), (사)미래성악포럼(주관), 음악춘추사(주관)",,
12862553,손열음 피아노 리사이틀 [서울] (6.23),서양음악(클래식),기악,손열음,,"(주)크레디아뮤직앤아티스트(주최), (주)예스엠아트(YESMART)(주최)",,
12864798,손열음 피아노 리사이틀 [서울] (6.24),서양음악(클래식),기악,손열음,,"(주)크레디아뮤직앤아티스트(주최), (주)예스엠아트(YESMART)(주최)",,
12866869,KBS교향악단 특별연주회 Ⅲ: 시들지 않는 사랑,서양음악(클래식),기악,"정지용, 임선혜 등",,"(재)KBS교향악단(주최), (재)KBS교향악단(주관)",,
12867955,"Masterpiece Series Ⅰ, 다이나믹 클래식",서양음악(클래식),기악,"장윤성, 문지영, 신상근, 이다미 등",,"(사)뉴서울필하모닉오케스트라(주최), (사)뉴서울필하모닉오케스트라(주관), 리음아트&컴퍼니(주관)",,
12869613,"제10회 대한민국발레축제, 유니버설발레단 Ballet Gala ＆ Aurora‘s Wedding",무용(서양/한국무용),발레,,,"대한민국발레축제 조직위원회(주최), (재)유니버설발레단(주관)",,
12871501,"제10회 대한민국 발레축제, 김주원의 Tango in Ballet: 그녀의시간 Su Tiemp",무용(서양/한국무용),발레,김주원,,대한민국발레축제 조직위원회(주최),,
12872776,"제17회 대한민국발레축제, 한국을 빛내는 해외무용스타 스페셜갈라",무용(서양/한국무용),발레,"강호현, 박선미, 이미리, 이상민, 이선아, 이선우, 이수빈 등","조주현, 장광열","대한민국발레축제 조직위원회(주최), 국제공연예술프로젝트(IPAP)(주최)",,
12874830,그레타 [부산],연극,연극,"정온비, 정희진, 길현민, 손재원, 김한결, 김찬우, 강병웅 등","송순옥, 안준영, 길연범 등","교육극단 고춧가루부대(주최), 교육극단 고춧가루부대(주관)",안준영,
12874837,말괄량이 길들이기 [부산],연극,연극,"김한결, 김찬우, 김재형, 이정기, 강병웅, 국초롱, 길연범 등","안준영, 이승훈, 안순성 등",교육극단 고춧가루부대(제작사),윌리엄 셰익스피어,윤혜정(각색)
12874843,"천원의 행복한 저녁 콘서트, 성악앙상블",서양음악(클래식),성악,"노윤섭, 고병준, 김연진, 김민지",,"문화체육관광부(주최), 양산시시설관리공단(주최), 한국문화예술회관연합회(KoCACA)(주관), 더하우스콘서트(주관)",,
12875317,"하우스콘서트, 비올리스트 문서현 (6월)",서양음악(클래식),기악,"문서현, 이동근",,울주문화예술회관(울주군시설관리공단)(주관),,
12875372,전태일: 네 이름은 무엇이냐,연극,연극,"고기현, 구태민, 김갑연, 김민규, 김지용, 김태인, 신다영 등","장소익, 임은혜, 황선미 등","(재)구로문화재단(주최), (재)구로문화재단(주관), 나무닭움직임연구소(제작사)","김해자, 박수정",장소익(각색)
12888869,세 친구,연극,인형극,"박재홍, 김태유, 최인철, 장예지, 김성일, 하상오","신인선, 하상오, 심채선 등",인형극연구소 인스(제작사),양수근,신인선(각색)
12889241,나무의 아이,뮤지컬,뮤지컬,"서인권, 구다빈, 정예지, 윤희연, 정동연, 송지훈, 홍서연 등","민찬홍, 홍성연, 이윤정 등",국립아시아문화전당(주최),,
12889669,"ACC 브런치 콘서트, 하피스트 곽정하피데이 앙상블의 하프 콘서트: Harp Concert",서양음악(클래식),기악,곽정 등,,아시아문화원(주최),,
12915272,효 콘서트,한국음악(국악),성악,"남상일, 정준태, 송소희, 류장현, 박도현 등",,"의령군청(의령군)(주최), 의령군청(의령군)(주관)",,
12915562,광주국악상설공연 (6월),한국음악(국악),기악,,,"광주문화예술회관(주관), 광주시청(주최)",,
12930382,돌아온다,연극,연극,"강성진, 정상훈, 김곽경희, 김수로, 김결, 리우진, 최영준 등","김수로, 정범철, 이창원 등","(주)더블케이 필름 앤 씨어터 (더블케이엔터테인먼트)(주최), (주)더블케이 필름 앤 씨어터 (더블케이엔터테인먼트)(주관)",선욱현,
12944329,"아카시아와, 아카시아를 삼키는 것",연극,연극,"류제승, 이은주, 황순미, 김진복, 조형래, 정양아, 최구웅 등","김지나, 허영균, 정현준 등","(재)서울문화재단(주관), 이언시 스튜디오(주최), 이언시 스튜디오(주관), 이언시 스튜디오(제작사), (재)서울문화재단(남산예술센터)(제작사)",김지나,
12945333,"누군가의 플레이리스트 Track.21, 이민혁x러비 콜라보 콘서트",대중음악,대중가요,이민혁 등,,"청춘그리다(주최), 청춘그리다(주관)",,
12945649,"정밀아 단독공연: 노래, 합니다",대중음악,대중가요,정밀아,,"금반지레코드(주최), 금반지레코드(주관)",,
12945734,레인보우노트의 1주년 무지개 돌잔치,대중음악,대중가요,,,"(주)루비레코드(주최), (주)루비레코드(주관)",,
12945986,라일락 필 무렵,대중음악,대중가요,,,,,
12951401,이재신의 신작 가곡과 오페라 갈라 콘서트,서양음악(클래식),성악,"신승아, 이정은, 엄성화, 박정민, 김순기, 여근하, 김주은 등",이재신,,,
12951487,인디전주 Ep.7: nowdays,대중음악,재즈/월드뮤직,"김은총, 박경재, 정신애, 김동현, 정한솔",,포풀라(주관),,
12951492,Who Dat,대중음악,대중가요,,,포풀라(주최),,
12951788,혹부리할아버지 [일산],뮤지컬,뮤지컬,,,"극단 레미.레오(주최), 극단 레미.레오(기획사)",,
12952249,고스트 [광주],연극,연극,"김재원, 박소영, 허윤, 오수혜, 이수민, 배혜수, 김대영 등",,(주)아신아트컴퍼니(주최),,
12952859,30일간의 한영숙류 이철진 춤,무용(서양/한국무용),한국무용,"이철진, 차명희, 박덕상, 하애정, 정윤성",,"(주)구슬주머니(주최), (주)구슬주머니(주관), (사)한국춤예술센터(주관)",,
12952861,제6회 불교무용대전,무용(서양/한국무용),한국무용,,,꿈꾸는 공작소(제작사),,
12952866,"통의동클래식 열두번째 연주회, Schumann and Brahms",서양음악(클래식),기악,황예진,,통의동클래식(주최),,
12952868,엣지 클래식 [세종],서양음악(클래식),기악,"조용미, 길정선, 오주연, 고진아, 김헤원, 이은정, 이은진 등",,(주)비오케이아트(주최),,
12952895,방귀쟁이 며느리 [울산],뮤지컬,뮤지컬,,,,,
12952901,풍류열전 [대구],한국음악(국악),혼합,"배은희, 허지선, 김소연 등",,"(주)꿈꾸는씨어터(주최), (주)꿈꾸는씨어터(주관)",,
12952906,제4회 에스 솔로이스츠 정기연주회,서양음악(클래식),기악,"한은희, 정수경, 박주진, 최자영, 황지수 등",,"한다우리 예술기획(주관), 에스 솔로이스츠 (S SOLOISTS)(주최)",,
12952907,"금호영재콘서트, 이새봄 첼로 독주회",서양음악(클래식),기악,"이새봄, 최인선",,(재)금호아시아나문화재단 (금호문화재단)(주최),,
12952915,"금호영아티스트콘서트, 사랑 민요 독창회",한국음악(국악),성악,"김광숙, 박준영, 오세정, 고정훈, 최광일, 박종현, 김승태 등",,(재)금호아시아나문화재단 (금호문화재단)(주최),,
12952930,안영지 플루트 독주회,서양음악(클래식),기악,"안영지, 박수정",,Twopicks (투픽스)(주최),,
12952931,이수정 귀국 피아노 독주회,서양음악(클래식),기악,이수정,,이든예술기획(주최),,
12952935,"금호영재콘서트, 김채원 하프 독주회",서양음악(클래식),기악,김채원,,(재)금호아시아나문화재단 (금호문화재단)(주최),,
12952954,"금호영체임버콘서트, 라온 퀸텟 연주회",서양음악(클래식),기악,"윤수정, 최진, 박병호, 천영학, 김유빈",,(재)금호아시아나문화재단 (금호문화재단)(주최),,
12952980,최하람 비올라 독주회,서양음악(클래식),기악,"최하람, 박보경, 정승원 등",,,,
12953008,박연희 피아노 독주회,서양음악(클래식),기악,박연희,,예인예술기획(주최),,
12953009,"금호영재콘서트, 이지언 첼로 독주회",서양음악(클래식),기악,"이지언, 최인선",,(재)금호아시아나문화재단 (금호문화재단)(주최),,
12953015,"금호영아티스트콘서트, 윤소희 비올라 독주회",서양음악(클래식),기악,윤소희 등,,(재)금호아시아나문화재단 (금호문화재단)(주최),,
12953029,임연실 피아노 독주회,서양음악(클래식),기악,임연실,,이든예술기획(주최),,
12953034,"MUSICAMIA VIRTUOSO CONCERT SERIES, 앙상블 무지카미아 실내악 연주회",서양음악(클래식),성악,"배민수, 황순빈, 이진혜, 하세연, 장은혜, 강석원, 윤석우 등",배민수,"썸월드(주관), 앙상블 무지카미아(주최)",,
12953036,강효정＆장은경 듀오 연주회,서양음악(클래식),기악,"강효정, 장은경",,"알테무지크서울(주최), 알테무지크서울(주관)",,
12953041,"금호영아티스트콘서트,  이하영 기타 독주회",서양음악(클래식),기악,이하영,,(재)금호아시아나문화재단 (금호문화재단)(주최),,
12953068,김지은 피아노 렉쳐 리사이틀,서양음악(클래식),기악,김지은,,지클레프(주관),,
12953076,바리톤 조병욱 독창회,서양음악(클래식),성악,조병욱 등,,UNICO(유니코 예술기획)(주관),,
12966678,아빠들의 소꿉놀이,연극,연극,"김기란, 이호수, 오재윤, 우윤","박정주, 오세혁","메소드 연기예술 연구소(주관), 극단 메따드(주최)",오세혁,
12967450,가인과 예가주 [정읍],무용(서양/한국무용),한국무용,"서범석, 김재한, 박근식, 윤미소, 이은율, 양희웅, 김민주 등","고혜선, 조은아, 이종훈 등","(사)한옥마을사람들(주관), 전라북도(주최), 전라북도문화관광재단(주최)",,
12967490,"최영진의 장단 10년의 장기 프로젝트, 서공철류 가야금산조 (6.29)",한국음악(국악),기악,"최영진, 강정숙, 송명숙",,(재)정효국악문화재단(주최),,
12967556,"문화콘서트 난장, 나주정미소 난장곡간",대중음악,대중가요,,,"광주문화방송(주)(광주MBC)(주최), 광주문화방송(주)(광주MBC)(주관), (주)램프(주관)",,
12967697,"문화콘서트 난장, 두번째 이야기",대중음악,대중가요,"선우정아, 하현상 등",,"(주)램프(주관), 광주문화방송(주)(광주MBC)(주관), 광주문화방송(주)(광주MBC)(주최)",,
12968727,"제11회 대한민국 국공립극단 페스티벌, 수원시립공연단: 그 여자의 소설",연극,연극,"이경, 김정균, 윤가현, 이선, 유현서, 전지석, 박성환 등",장용휘,"한국문화예술위원회(주최), 수원시청(주최), (재)수원문화재단(주최), 수원시립극단(주관)",엄인희,
12969184,"제11회 대한민국 국공립극단 페스티벌, 강원도립극단 월화: 신극 달빛에 물들다",연극,연극,"문수아, 강승우, 이선휘, 박현철, 전시연, 정인혜, 김호준 등","이치민, 양정웅, 한민규 등","한국문화예술위원회(주최), (사)한국연극협회(주최), 강원도청(주최), (재)강원도립극단(주관)",한민규,
12969915,공주(孔主)들,연극,연극,"강주희, 고용선, 권주영, 김보경, 김선기, 김정화, 김해미 등","김수정, 배규진, 전웅 등","극단 신세계(구. 창작집단 툭)(주최), 극단 신세계(구. 창작집단 툭)(주관)",극단 신세계,
12970278,"제11회 대한민국 국공립극단 페스티벌, 광주시립극단 멍키열전",연극,연극,"최용진, 남재영, 천효범, 최규웅, 김계남, 이명덕, 김고운 등",나상만,,나상만,
12970384,"제11회 대한민국 국공립극단 페스티벌, 순천시립극단: 십이야",연극,연극,"이성호, 최보희, 김성현, 안수민, 김수현, 신세지, 박광재 등","반무섭, 서수현, 김혜지 등",,윌리엄 셰익스피어,반무섭(각색)
12970563,An Italian Ground,서양음악(클래식),기악,"김규리, 아렌트 흐로스펠트",,쌀롱드무지끄(주최),,
12970585,"제3회 페미니즘 연극제, 늙은 여자 못생긴 공작부인",연극,연극,"김재인, 김이수, 박성은","서정애, 이병묵, 김이수 등",극단 상상공터(주관),,
12970701,팜,연극,연극,"박종태, 최희진, 권정훈, 남미정, 임영준, 이경우","이홍이, 김정, 신동선 등",프로젝트 내친김에(제작사),마츠이 슈,
12971242,위대한 놀이,연극,연극,,,극단 하땅세(제작사),,
12971747,후나김 쿼텟 스페셜,대중음악,대중가요,"오성택, 박한율, 김진수 등",,(주)그루브뮤직(제작사),,
12971810,"제12회 페스티벌개판, 고등탭퍼",연극,연극,"김태완, 이연우","신경도, 김성후, 박경준 등","페스티벌 개판 운영위원회(주최), 페스티벌 개판 운영위원회(주관)",신경도,
12972364,아이프리즘유 vol. 11,대중음악,대중가요,,,"프리즘플러스(주최), 프리즘플러스(주관), 까미뮤직(주최)",,
12972466,프리즘브레이크 vol．4,대중음악,대중가요,김율희 등,,"프리즘플러스(주최), 프리즘플러스(주관)",,
12972575,제4회 A.H.C.P. 라이징스타 콘서트: 피아니스트 신준희 리사이틀 [대전],서양음악(클래식),기악,신준희,,(주)아트브릿지(제작사),,
12972576,제4회 A.H.C.P. 아티스트 콘서트: 비올리스트 김세영 리사이틀 [대전],서양음악(클래식),기악,김세영,,"(주)아트브릿지(주최), (주)아트브릿지(주관)",,
12972581,제4회 A.H.C.P. 아티스트 콘서트: 첼리스트 유병혜 리사이틀 [대전],서양음악(클래식),기악,유병혜,,(주)아트브릿지(제작사),,
12972582,제4회 A.H.C.P. 아티스트 콘서트: 클라리네티스트 김종영 리사이틀 [대전],서양음악(클래식),기악,김종영,,"(주)아트브릿지(주최), (주)아트브릿지(주관)",,
13004257,"아양아트센터 기획 콘서트, 문화가 있는 날: 비아트리오의 명곡 (6월)",서양음악(클래식),기악,"이주희, 남영주, 서수민, 김지영, 소은경, 현동헌, 최득규",,"(재)대구광역시 동구문화재단(기획사), (재)대구광역시 동구문화재단(주최)",,
13005673,딕키즈,연극,연극,"이두연, 이경원, 박종빈, 장혜성",문민,,,
13006050,궁극의 맛,연극,연극,"강애심, 이수미, 이주영, 이봉련, 김신혜, 신윤지, 송광일","신유청, 윤성호","두산아트센터((재)두산연강재단)(제작사), 두산아트센터((재)두산연강재단)(기획사)",츠치야마 시게루,"황정은, 진주, 최보영(각색)"
13007942,식사(食事),연극,연극,,"윤한솔, 이라영, 조문기 등","두산아트센터((재)두산연강재단)(제작사), 두산아트센터((재)두산연강재단)(기획사)","안데스, 윤한솔, 이라영, 조문기",
13061238,김지훈 첼로 독주회,서양음악(클래식),기악,"김지훈, 이현정",,"광림아트센터(주최), 광림아트센터(주관), 광림아트센터(주최), 광림아트센터(주관), 광림아트센터(주최), 광림아트센터(주관)",,
13061239,"클래식 벽을 허물다 시리즈Ⅱ, 무용과 함께",서양음악(클래식),기악,"조연재, 이영철, 이경선, 김수현, 송지원, 이서현, 김연진 등","이영철, 이경선",콘서트디자인(주최),,
13061263,The Waltz of Spring,서양음악(클래식),성악,"손지현, 윤도근, 황태경",조영해,지노예술기획(주관),,
13061305,도둑배우 [김해],연극,연극,"이한위, 권혁준, 병헌, 김영한, 김가은, 김소민, 김지훈 등","김태훈, 이해제","(주)파크컴퍼니(제작사), (재)김해문화재단 김해문화의전당(주최), (재)김해문화재단 김해문화의전당(주관)",니시다 마사후미,오세혁(각색)
13061384,"콘서트누리,  죠지 [김해]",대중음악,대중가요,,,(재)김해문화재단 김해문화의전당(주최),,
13061804,Mistery Kitchen,연극,연극,"임지은, 김준서, 서병철, 이준영, 조재현, 임아라, 박지윤 등","라영란, 정희훈, 이진명 등",,"라영란, 정희훈",
13061810,소나무사진관,연극,연극,"박상욱, 도영웅, 박태환, 박갑수, 다원, 최솔, 김진선","고석기, 천성운, 이용성 등","극단 아루또(주최), 극단 아루또(주관)",고석기,
13061833,스모왕,연극,연극,"이지영, 오현철, 이영민, 한주연","김준희, 이동준, 오택조 등",극단 크리에이티브젊은이(기획사),이영민,
13061842,유츄프라카치아,연극,연극,"신경혜, 김혜강, 한송희, 김은서, 이영록, 김형욱, 윤지영 등","신경헤, 이영수, 이미혜 등","극단 비유(제작사), 극단 비유(기획사), 극단 비유(주최), 극단 비유(주관)",김혜영,
13062237,국가 [원주],연극,연극,"양승한, 최문복, 임승환, 임소영, 이은아, 주동하, 홍한별","원영오, 민경욱, 김용석 등","극단 노뜰(주최), 극단 노뜰(주관)",볼프강 보르헤르트,원영오(각색)
13064809,"세월호, 극장들: 장기자랑",연극,연극,"김명임, 박유신, 이미경, 김순덕, 김도현, 최지영, 박혜영","김태현, 변효진, 고수영 등","연극실험실 혜화동1번지(주최), 연극실험실 혜화동1번지(기획사)",변효진,
13064886,"세월호, 극장들: 추락Ⅰ",연극,연극,이세영,"김한내, 박화란, 박상봉 등",연극실험실 혜화동1번지(주최),"박화란, 김한내",
13064987,제100회 강릉시립합창단 정기연주회,서양음악(클래식),기악,"박동희, 김선정, 강훈, 최은선, 송현주 등",,강릉시립합창단(주최),,
13065411,"공연장으로 고고, 그림 읽어주는 베토벤 더 갤러리: 앙리 마티스",서양음악(클래식),기악,"앙리 마티스, 남근형, 최정윤, 박상호, 조숙현",,"강릉아트센터(주관), 문화체육관광부(주최), 한국문화예술회관연합회(KoCACA)(주관)",,
13065587,Play Blue Note Masterpiece VOL1 [대구],대중음악,재즈/월드뮤직,"강재훈, 남유선, 홍태훈, 전창민, 김건영",,"플러스히치(주최), 베리어스 재즈클럽(주최)",,
13065639,Play Blue Note Masterpiece VOL2 [대구],대중음악,재즈/월드뮤직,"신명섭, 신동진, 심규민, 장승호, 홍태훈",,"플러스히치(주최), 베리어스 재즈클럽(주최)",,
13068118,버블매직쇼 [광주디자인센터],서커스/마술,서커스/마술,,,"교육극단 파랑새(기획사), 교육극단 파랑새(주최)",,
13107001,힘내요 거창 렛츠 트롯 콘서트,대중음악,대중가요,"홍원빈, 강진, 박구윤, 김재욱 등",,"(재)거창문화재단(주최), (재)거창문화재단(주관)",,
13107745,HAMMER [대구],뮤지컬,넌버벌 퍼포먼스,"김진환, 이정민, 김경민, 김헤빈, 채종욱, 이응석, 최우혁","김강수, 김필범, 김희준 등",(주)꿈꾸는씨어터(제작사),,
13107767,"대구문화예술회관 기획공연, DAC Artist on Stage1: 김수지 바이올린 독주회",서양음악(클래식),기악,"김수지, 박현아",,대구문화예술회관(주최),,
13107826,클래시 도미넌트: JAZZ In 국악 [대구],대중음악,재즈/월드뮤직,"김제윤, 육도현, 박소현, 오준석, 이상훈, 김은별",,"(재)수성문화재단 수성아트피아(주최), 대구음악협회(주관)",,
13107829,마티네 콘서트 Ⅰ (7월),서양음악(클래식),기악,"백진현, 양고운, 김호정, 이미연 등",,"(재)수성문화재단 수성아트피아(주최), (재)수성문화재단 수성아트피아(주관)",,
13107837,"수성아트피아 무용축제, 춤이 사물놀이를 담다",무용(서양/한국무용),현대무용,,박순호,"한국문화예술회관연합회(KoCACA)(주최), (재)수성문화재단 수성아트피아(주관), 한국문화예술회관연합회(KoCACA)(주관), (재)수성문화재단 수성아트피아(주최)",,
13107838,호랑이 아줌마 [부산],연극,연극,권철,"심상교, 이은숙, 정기정 등","극단 해프닝(주최), 극단 해프닝(주관)",다리오 포,이철우(각색)
13107856,국립부산국악원 무용단 기획공연: 영남춤 진경화,무용(서양/한국무용),한국무용,,"정신혜, 유경조",국립부산국악원(주최),,
13108106,"수요공감, 어람풍경 무용단",무용(서양/한국무용),한국무용,,,국립부산국악원(주최),,
13108119,"수요공감, 최원선 本댄스컴퍼니",무용(서양/한국무용),한국무용,최원선,,국립부산국악원(주최),,
13108138,"수요공감, 김죽엽 무용단",무용(서양/한국무용),한국무용,김죽엽 등,,국립부산국악원(주최),,
13108153,"시민희망음악회, 베토벤: 운명속의 거인, 희망을 노래하다 [부산]",서양음악(클래식),기악,"최수열, 이기선, 유지수, 진형준, 이주헌, 전학수, 박재현 등",,"부산광역시(주관), (재)부산문화회관(주관), 부산광역시(주최), (재)부산문화회관(주최)",,
13108848,우리는 친구다 [부산],연극,연극,,"김민기, 정재일 등","학전(주관), (재)부산문화회관(주최)",폴커 루드비히,김민기(번안)
13109314,"제6회 을숙도 오페라 축제, 개막작: 비제 오페라 카르멘 [부산]",서양음악(클래식),오페라,"한예진, 이승묵, 박혜진, 박태환, 박문규, 최은석, 구본진 등","이순재, 박병주, 서종칠",(사)강화자베세토오페라단(제작사),,
13109728,"제6회 을숙도 오페라 축제, 마스카니 오페라 카발레리아 루스티카나 [부산]",서양음악(클래식),오페라,"정혜민, 허동권, 최강지, 손혜은, 손연지","최강지, 이효석, 장은혜 등","을숙도문화회관(주최), 폭스캄머앙상블(경상오페라단)(주관)",,
13119139,"제6회 을숙도 오페라 축제, 로시니 오페라 신데렐라 [부산]",서양음악(클래식),오페라,"홍예선, 이해성, 어달호, 윤오건, 김성진, 김선미, 김민혜 등","최강지, 김의진, 김지현 등",(사)강화자베세토오페라단(제작사),,
13121581,"부산시립국악관현악단 특별연주회, 명품 재창작 관현악",한국음악(국악),기악,"김정수, 박성희 등",,"부산시립예술단(주관), (재)부산문화회관(주최)",,
13121795,부산시립교향악단 기획음악회: 부산시향의 로망스,서양음악(클래식),기악,"이민형, 김가영 등",,(재)부산문화회관(주최),,
13122202,제67회 부산시립극단 정기공연 : 갈매기,연극,연극,,,"(재)부산문화회관(주최), 부산시립예술단(주관), 부산시립극단(주관)",안톤 체호프,
13124096,헬로우 미스 미스터,연극,연극,"구옥분, 김은지, 박서윤, 김지훈, 고철순, 정열, 강민주 등","김병찬, 김성훈, 김종석 등","어드벤쳐 프로젝트(제작사), 어드벤쳐 프로젝트(주최), 어드벤쳐 프로젝트(주관)","김종석, 구옥분",
13124101,첼리스트 김해은 & 기타리스트 장대건의 바로크 시대와의 만남,서양음악(클래식),기악,"장대건, 김해은",,신세계문화홀 [센텀시티](주최),,
13124106,"영화의전당 마티네콘서트 마스터피스 시리즈, 클래식을 만나다 (7월)",서양음악(클래식),기악,"김진택, 고의석, 김현규, 이원복",,(재)영화의전당(주최),,
13126240,현혹,연극,연극,"정욱, 임은연, 정형렬, 서광재, 정아미, 이윤정","송훈상, 정재호, 권혁우","예술공작소 몽상(주최), 극단 RM컴퍼니(주관)",,
13126241,"권리장전, 친일탐구: 준생",연극,연극,"임기정, 김도은, 장우정, 곽유평, 홍기준, 이아름, 최병철 등","정세혁, 임기정, 방무현 등",극단 화살표(제작사),"정세혁, 임기정",
13126259,"권리장전, 친일탐구: 아버지의 이름",연극,연극,"박민정, 서동현, 이원우","방혜연, 한빛나, 방재호",연극집단 공외(제작사),방혜영,
13126265,"권리장전, 친일탐구: 경부특급",연극,연극,,김휘진,극단 저울단(제작사),김휘진,
13126310,Draw,무용(서양/한국무용),현대무용,"정희은, 김천웅, 윤승민","심수연, 김채현, 이지원 등",,,
13126452,"KCO의 오전 11시, 클래식 정원 1",서양음악(클래식),기악,"최재원, 김정아, 문명환, 최지호, 조재복, 나정혜, 송정민",,"(사)코리안챔버오케스트라(구. 서울바로크합주단)(주최), (재)세종문화회관(주관), (사)코리안챔버오케스트라(구. 서울바로크합주단)(주관), (재)세종문화회관(주최)",,
13126539,불씨,연극,연극,"김주완, 권태건, 김병건, 심원석, 안소영, 김혜영, 김다임 등","이은준, 최유리, 박희민 등","극단 파수꾼(제작사), 극단 파수꾼(주최), 극단 파수꾼(주관)",이은준,
13164921,"롤링 25주년 기념 공연, 잠비나이",대중음악,대중가요,,,"롤링홀(주최), 롤링홀(주관)",,
13165037,"롤링 25주년 기념 공연, 블루파프리카 단독 콘서트",대중음악,대중가요,,,"롤링홀(주최), 롤링홀(주관)",,
13165183,"롤링 25주년 기념 공연, 안녕바다 X 백아: 바다의 테두리",대중음악,대중가요,,,"롤링홀(주최), 롤링홀(주관)",,
13174407,이쇼,뮤지컬,뮤지컬,,,,,
13175027,김현정 첼로 리사이틀,서양음악(클래식),기악,"김현정, 진선미",,"피들스공연기획(주최), 피들스공연기획(주관)",,
13175084,데이먼스이어 단독 콘서트: Cherry,대중음악,대중가요,,,"청춘그리다(주최), 청춘그리다(주관)",,
13175995,김경호 sudden concert,대중음악,대중가요,김경호,,"(주)프로덕션이황(주관), (주)프로덕션이황(주최)",,
13176643,온가족이 함께 듣는 영화음악회,서양음악(클래식),기악,"강미사, 윤염광, 김지윤, 이무은, 유정은, 김민지, 신채이 등",,(주)세일링드림(기획사),,
13179438,마녀의 숲,연극,연극,"김나은, 김인경, 심지유, 이남주, 유규림, 진하연","노세인, 이주연",,,노세인(극본)
13199198,혜은이콘서트: 그대를 위한 선물 (앵콜),대중음악,대중가요,"김대현, 황보승, 유종미, 엄진용, 강리정, 장민구, 최수진 등",,"극단 제3무대(제작사), 극단 제3무대(기획사), 아랑엔터테인먼트(주최), 에스에이치아트 엔터테인먼트(주최), SH아트홀(기획사), SH아트홀(제작사)",,
13199610,멜로우키친 토요 티타임 콘서트,대중음악,대중가요,,,툴뮤직엔터테인먼트(주최),,
13199672,DMZ 평화이음 드라이브 인 콘서트: With 자우림 & 국카스텐,대중음악,대중가요,"지세희, 김윤아, 하현우 등",,"강원도청(주최), 강원도청(주관)",,
13203921,이승환의 두 번째 FALL TO FLY,대중음악,대중가요,"이승환, 정지찬",,"(주)드림팩토리클럽(주최), (주)드림팩토리클럽(기획사)",,
13207049,오백에 삼십 [김해],연극,연극,"김성주, 서대덕, 신지훈, 권병관, 소유경, 이윤선, 정민제 등",,(재)김해문화재단(김해서부문화센터)(제작사),,
13210817,앙상블 참,서양음악(클래식),기악,,,삼윤(주관),,
13210818,이윤정＆이정은 듀오 리사이틀,서양음악(클래식),기악,"이윤정, 이정은",,"삼윤(주최), 삼윤(주관)",,
13210819,군산시립예술단 합동공연,대중음악,재즈/월드뮤직,"김영진, 박완, 김성훈 등",,"군산시립교향악단(주관), 군산시청(주최)",,
13211203,아리랑 [전주],뮤지컬,뮤지컬,"서범석, 이혜경, 이소연, 오요환, 김영주, 전춘근, 최균 등","김대성, 심상욱, 이종훈 등",전주시립극단(주관),,
13211507,공기결,뮤지컬,넌버벌 퍼포먼스,"박영훈, 이재식, 박평광, 황청하, 구경훈, 우혜영, 박경돈 등",,"공주시청(주최), 한국문화예술회관연합회(KoCACA)(주최), 공주시문화시설사업소(공주문예회관)(주관)",,
13211940,비,서양음악(클래식),오페라,,,충주시문화회관(제작사),,
13212662,어린왕자 [부산],뮤지컬,뮤지컬,,이은숙,(주)문화락(제작사),,
13212675,팔로우 미 [부산],연극,연극,"박규남, 정종욱, 등",박규남,"극단이야기협동조합(주최), 극단이야기협동조합(주관)",박규남,
13212834,알라딘 [성남(앵콜)],뮤지컬,뮤지컬,"김다솔, 서가영, 한윤아, 심시원, 노대환, 서지원, 권은정 등","이광열, 조재은, 이란영 등","극단 예일(제작사), 극단 예일(주최), 극단 예일(주관)",,
13271880,정승연 첼로 독주회,서양음악(클래식),기악,정승연,,예인예술기획(주최),,
13272037,김아리 귀국 타악기 독주회,서양음악(클래식),기악,김아리,,"음악교육신문(주최), 음악교육신문사(주최)",,
13272226,제2회 소노로스 앙상블 정기연주회,서양음악(클래식),기악,"함유진, 김신혜, 조혜령, 나인국, 양재춘, 김동원, 석인모 등",,지클레프(주관),,
13272499,소프라노 강채원 귀국 독창회,서양음악(클래식),성악,"강채원, 박수호, 임형섭 등",,UNICO(유니코 예술기획)(주최),,
13272713,탁정연 플루트 독주회,서양음악(클래식),기악,"탁정연, 유지수",,지클레프(주최),,
13273106,서울시향 New 실내악 시리즈 Ⅲ,서양음악(클래식),기악,"김소연, 김수영, 김윤지 등",,(재)서울시립교향악단(주최),,
13273358,피아니스트 박진경의 음악여행,서양음악(클래식),기악,박진경,,영음예술기획(주최),,
13273738,"산울림 고전극장, 환상의 모파상",연극,연극,"박상준, 김학준, 허영손, 박강원, 신용빈","장은실, 양이삭, 이호정 등",극단 산울림(주최),기 드 모파상,장은실(각색)
13277291,채문영 피아노 리사이틀,서양음악(클래식),기악,채문영,,(주)더블유씨엔코리아(주최),,
13277428,김유미 바이올린 독주회,서양음악(클래식),기악,"김유미, 박미정, 노인경",,조인클래식(주최),,
13277649,정영빈 작곡 발표회,서양음악(클래식),기악,,,예인예술기획(주최),,
13277829,곽나영 오보에 독주회,서양음악(클래식),기악,곽나영,,예인예술기획(주최),,
13278681,서지원 플루트 독주회,서양음악(클래식),기악,서지원,,예인예술기획(주최),,
13278960,독고영 귀국 바이올린 독주회,서양음악(클래식),기악,독고영,,예인예술기획(주최),,
13279426,장우리 첼로 독주회,서양음악(클래식),기악,"장우리, 문정재, 윤여영",,조인클래식(주최),,
13279687,유리슬 귀국 비올라 독주회,서양음악(클래식),기악,"유리슬, 이섬승",,(주)마스트미디어(주최),,
13279986,장선우 플루트 독주회,서양음악(클래식),기악,"장선우, 문정재",,(주)마스트미디어(주최),,
13280345,황인영 귀국 바이올린 독주회,서양음악(클래식),기악,"황인영, 김고운",,(주)마스트미디어(주최),,
13280670,방정아 귀국 피아노 독주회,서양음악(클래식),기악,방정아,,지클레프(주최),,
13281028,김신영 귀국 첼로 독주회,서양음악(클래식),기악,"김신영, 박영성",,(주)마스트미디어(주최),,
13281375,김정인 귀국 바순 독주회,서양음악(클래식),기악,"김정인, 안세훈, 홍윤호, 김근혜, 박희연",,Twopicks (투픽스)(주최),,
13281741,김우진 첼로 독주회,서양음악(클래식),기악,"김우진, 오윤주, 김홍민, 이경진, 허철",,지클레프(주최),,
13282051,서필원 귀국 피아노 독주회,서양음악(클래식),기악,서필원,,지클레프(주최),,
13282323,김영은 첼로 독주회,서양음악(클래식),기악,"김영은, 이성은",,영음예술기획(주최),,
13282442,임주희 피아노 리사이틀,서양음악(클래식),기악,임주희,,MOC프로덕션(목프로덕션)(주최),,
13283249,베토벤 탄생 250주년: 노다메 베토벤을 만나다,서양음악(클래식),기악,"정한빈, 주보라, 박진수, 이신규, 송민제 등",,"(주)스톰프뮤직(주최), (주)스톰프뮤직(주관)",,
13284153,헤르만헤세의 음악세계,서양음악(클래식),기악,"장윤성, 김이곤, 박인숙, 박재린, 김예현, 윤소은, 석상근 등",,"(사)군포프라임필하모닉오케스트라(주최), (사)군포프라임필하모닉오케스트라(주관)",,
13284536,이성주와 아비람 라이케르트의 듀오 콘서트,서양음악(클래식),기악,"이성주, 아비람 라이케르트",,(주)스테이지 원(주최),,
13284857,김주형 트롬본 독주회,서양음악(클래식),기악,"김주형, 정서미",,"음악교육신문(주최), 음악교육신문사(주최)",,
13285139,칼리스토 콰르텟 창단연주회,서양음악(클래식),기악,"전진주, 전선희, 양혜순, 신성희",,영음예술기획(주최),,
13285721,피아소노 창단10주년 기념음악회,서양음악(클래식),기악,"김명선, 안혜리, 김숙, 장윤정, 오세정, 하진성, 정지영 등",,러브피플뮤직(주최),,
13286280,플루트랩 첫번째 연주회,서양음악(클래식),기악,"조성현, 조철희, 안일구, 박에은, 유지홍",,클라쎄(주최),,
13286515,오페라 카니발,서양음악(클래식),오페라,"김승직, 김현수, 정필립, 김주택, 손태진, 손혜수, 문재원",,(주)아트앤아티스트(주최),,
13289845,한화생명과 함께하는 예술의전당 11시콘서트 (7월),서양음악(클래식),기악,"김성진, 임효선, 유성권",,예술의전당(주최),,
13291589,하성호와 서울팝스 32주년  기념음악회,서양음악(클래식),기악,"하성호, 이기정, 어인정, 신소영, 김지현, 윤설미, 조미영 등",,(사)서울팝스오케스트라(주최),,
13294306,평화 콘서트,서양음악(클래식),성악,"이병욱, 임세경, 김주택, 고소현 등",,예술의전당(주최),,
13295873,다노네다노세,한국음악(국악),연희,,,"강릉단오제전수교육관(주최), (사)중요무형문화재 강릉단오제보존회(주관)",,
13295960,"춘천시립교향악단 패밀리콘서트 Ⅰ, 백조의호수",무용(서양/한국무용),발레,,,"춘천시립예술단(주최), (재)춘천문화재단(주최)",,
13296633,제8회 피아노수다 정기연주회 [대전],서양음악(클래식),기악,"김미영, 김민수, 김연주, 박민아, 박윤경, 박주원, 유지수 등",,나무예술기획(주관),,
13340543,"수요열린예술무대, 뒤란 (7.8)",대중음악,대중가요,"육중완, 김동욱, 안예은 등",,"울산문화예술회관(주관), 울산광역시청(주최)",,
13340711,김용임＆남상일 희희낙락 콘서트,대중음악,대중가요,"김용임, 남상일, 고금성, 전영랑",,"(주)공간엔피엠(주관), 속초시(주최)",,
13341022,원더의 공룡 대모험 [인제],뮤지컬,뮤지컬,,,"(재)인제군문화재단(주최), (재)인제군문화재단(주관)",,
13351218,앙상블 자비에 [서울],서양음악(클래식),기악,"김다미, 유효정, 김규, 김민승",,앙상블 자비에(주최),,
13351245,"친절한 디토씨의 클래식 음악여행 #1, 오페라와 함께 떠나는 이탈리아 여행",서양음악(클래식),기악,,,(주)크레디아(제작사),,
13351256,"친절한 디토씨의 클래식 음악여행 #4, 베토벤 탄생 250주년 스페셜",서양음악(클래식),기악,황지원 등,,(주)클럽발코니(주최),,
13351320,"체홉, 여자를 읽다",연극,연극,,,"서산시청(주최), 서산시청(주관), (주)씨어터오(제작사)",,
13356365,깊은숨에 담긴 시간의 경계,무용(서양/한국무용),한국무용,,,"(주)구슬주머니(주최), (주)구슬주머니(주관)",,
13356368,앙상블 자비에 [부산],서양음악(클래식),기악,"김다미, 유효정, 김규, 김민승",,앙상블 자비에(제작사),,
13356400,강민정 피아노 리사이틀,서양음악(클래식),기악,강민정,,"아트뱅크코레아(주최), 아트뱅크코레아(주관)",,
13356491,"인사이트 시리즈, 백혜선 피아노 리사이틀 [대구]",서양음악(클래식),기악,백헤선,,"대구콘서트하우스(주최), 대구콘서트하우스(주관)",,
13356983,제11회 영남필하모니오케스트라 정기연주회,서양음악(클래식),기악,최지환 등,,"(사)영남필하모닉오케스트라(주최), (사)영남필하모닉오케스트라(주관)",,
13367908,"김문정과 함께하는 여민락콘서트, 내 인생의 리프라이즈 [세종]",서양음악(클래식),기악,김문정,,"세종특별자치시청(주최), (재)세종시문화재단(주관)",,
13375451,"TUNE UP STAGE, 튠업21기 선정 기념 공연＃03: wave to earth Ⅹ 기프트",대중음악,대중가요,,,"(주)비이피씨탄젠트(주관), CJ문화재단(주최)",,
13375507,만선,연극,연극,"이선, 정상훈, 오세철, 최영준, 이진주, 안두호, 노시아 등","김원, 정상훈",,김원,
13377161,그럼에도 불구하고,연극,연극,"강성욱, 김예진, 나윤호, 이소정, 이창주, 정희윤","정주혜, 유진, 이민서 등",,공동창작,
13377261,파이어맨 [부산] (7.11),뮤지컬,넌버벌 퍼포먼스,,,,,
13377951,파이어맨 [부산] (7.8),뮤지컬,넌버벌 퍼포먼스,,,,,
13378313,제114회 강릉시립교향악단 정기연주회 / 제101회 강릉시립합창단 정기연주회,서양음악(클래식),성악,"류석원, 박동희, 박미자, 이아경, 이원준, 양희준 등",,"강릉시청(주최), 강릉아트센터(주관)",,
13382079,톰과제리 [인천],뮤지컬,뮤지컬,,,아띠홀(주최),,
13382097,해설이 있는 수요 오페라,서양음악(클래식),오페라,"신금호, 노경범, 이승왕, 윤예지, 김여진, 안소영, 이수아 등","박진경, 정유식, 장명진 등",(재)서초문화재단(제작사),,
13382136,베토벤 바이올린 소나타 전곡 연주 I: 137,서양음악(클래식),기악,"이솔, 윤세지",,쌀롱드무지끄(주관),,
13382159,칼리스토 콰르텟: 나른한 주말 오후의 현악사중주,서양음악(클래식),기악,"전진주, 신성희, 양혜순, 전선희",,쌀롱드무지끄(주관),,
13382172,Ladys Salon DanSing,서양음악(클래식),기악,"김지혜, 윤보라, 정소라",,쌀롱드무지끄(주관),,
13382193,뮤직 부루마블,서양음악(클래식),기악,"옥자인, 임화영, 최한결",,쌀롱드무지끄(주관),,
13382216,Trio Amargo,서양음악(클래식),기악,"조용우, 최지연, 이은혜",,쌀롱드무지끄(주관),,
13382239,Music and Renovation,서양음악(클래식),기악,"박재린, 홍성수, 김아름",,쌀롱드무지끄(주최),,
13382254,Xapis의 Overture,서양음악(클래식),기악,"김지영, 박서현, 오현민, 홍예진, 이지연",,쌀롱드무지끄(주최),,
13382329,선앤문 [포항],무용(서양/한국무용),한국무용,,,"한국문화예술위원회(주최), 포항시청(주최), (재)포항문화재단(주관), 김동은무용단(주관)",,
13382451,제110회 포항시립합창단 정기연주회,서양음악(클래식),성악,"장윤정, 김강, 박정혜, 김영화 등",,포항시청(주최),,
13382457,멸화군 리딩쇼케이스,뮤지컬,뮤지컬,"박민성, 이석준, 맹원태, 이종원, 신재희, 지새롬","임선진, 임채리, 이정연 등",,,
13382827,악단광칠 미치고 팔짝 콘서트: 신들의 파티,한국음악(국악),혼합,,,광산문화예술회관(제작사),,
13383211,다린 콘서트: 숲：첫 번째 이야기,대중음악,대중가요,,,"어코스티 뮤직(주최), 어코스티 뮤직(주관)",,
13384238,"마리아칼라스홀 초청연주 시리즈, 유자영＆백승우 피아노 듀오 리사이틀",서양음악(클래식),기악,"유자영, 백승우",,마리아칼라스홀(주최),,
13392355,답정너 퀴즈쇼! [전주],연극,연극,"장예원, 최유나, 모건우, 백윤기, 김재광 김민경, 배서연 등","홍성용, 유한나, 김가람 등",공연예술 용(주최),민지,
13392789,열 두 대신에 불리러 갈 제,연극,연극,"김현정, 김진곤, 황인덕","주정훈, 이필주, 김현정 등",,주정훈,이필주(각색)
13392810,SPACE : 연극,연극,연극,"정대진, 이진경","박세련, 이진경, 정대진 등",연극실험실 혜화동1번지(제작사),"정대진, 이진경",
13396890,달빛 아래 잠들다 [익산],뮤지컬,뮤지컬,"박동일, 김서유, 허정희, 이소은, 박신, 신시우, 최재영 등","박신, 김정윤, 정혜란 등",(사)소리문화창작소 신(제작사),,
13397957,EYE LOVE MUSIK TALK,서양음악(클래식),기악,이기영 등,,아이러브아트센터(주최),,
13398072,프리즘브레이크 vol．2,대중음악,대중가요,,,"프리즘플러스(주최), 프리즘플러스(주관)",,
13398100,바투 첫 단독공연,대중음악,대중가요,,,"프리즘플러스(주최), 프리즘플러스(주관)",,
13398250,"목각인형 한마당 [청주, 세종]",한국음악(국악),혼합,"이슬기, 김해일, 김태우, 문혜준, 최다혜, 최자윤, 한덕규","이슬기, 김해일, 강병주 등","극단 하이(SNG 씨어터, 하이뮤지컬컴퍼니)(주최), 극단 하이(SNG 씨어터, 하이뮤지컬컴퍼니)(기획사)",,
13398989,조재혁 피아노 & 오르간 리사이틀,서양음악(클래식),기악,조재혁,,(주)해프닝피플(주최),,
13399296,김희정의 꽃:바람콘서트,서양음악(클래식),성악,"김희정, 박상현, 오유경, 최종우, 류정필 등",,"(주)마스트미디어(주관), WK엔터테인먼트(주최)",,
13399301,이삼열 콘서트: Synthesizer Concerto II,대중음악,기타,"이삼열, 함춘호, 이충주",,"영음예술기획(주최), 야마하뮤직코리아(주)(주관)",,
13399816,American Rhapsody,서양음악(클래식),기악,"김남윤, 정재은 등",김남윤,"(주)더블유필하모닉오케스트라(주최), (주)더블유필하모닉오케스트라(주관)",,
13399921,프리마돈나 김희정과 함께하는 꽃:바람콘서트,서양음악(클래식),성악,김희정 등,,"(주)마스트미디어(주관), WK엔터테인먼트(주최)",,
13399961,서울시향 New 마르쿠스 슈텐츠의 베토벤 교향곡: 전원,서양음악(클래식),기악,마르쿠스 슈텐츠 등,,(재)서울시립교향악단(주최),,
13401845,서울시향 New 마르쿠스 슈텐츠의 베토벤 교향곡: 운명,서양음악(클래식),기악,마르쿠스 슈텐츠  등,,(재)서울시립교향악단(주최),,
13403503,백희진 첼로 독주회,서양음악(클래식),기악,"백희진, 백희영",,(주)마스트미디어(주최),,
13403692,김진승 바이올린 독주회,서양음악(클래식),기악,"김진승, 박미정",,현대문화기획(주관),,
13403931,잉여보이즈,연극,연극,"서유덕, 김선진, 윤효원","유명훈, 김성환, 강인대 등","극단 시지프(제작사), 극단 시지프(주최), 극단 시지프(주관), (재)서울문화재단(주최), (재)서울문화재단(주관)",유명훈,
13405566,"컨템포러리S, 자파리",무용(서양/한국무용),현대무용,김설진,"민준호, 김설진, 남경식 등",(재)세종문화회관(주최),,
13405926,"온쉼표, 두들팝 (7월)",뮤지컬,넌버벌 퍼포먼스,,,(재)세종문화회관(주최),,
13408440,"대구아티스트위크 시즌 Ⅰ, 성악: 클래식 루키즈 [대구]",서양음악(클래식),성악,"권수민, 김신영, 박고운, 임예린, 김찬욱, 이요한, 김창규 등",,"대구콘서트하우스(주최), 대구콘서트하우스(주관)",,
13408503,"Over the Moonbow vol12, 마리슈 & 정해일 & 김슬기",대중음악,대중가요,"김슬기, 정해일 등",,"Over the Moonbow(오버더문보우)(주관), Over the Moonbow(오버더문보우)(주최)",,
13408587,최예근 단독 콘서트,대중음악,대중가요,최예근,,"팝인코리아(주최), 팝인코리아(기획사), 팝인코리아(기획사), 팝인코리아(주최)",,
13408728,차세대 정규 1집 발매 기념 쇼케이스: 춤의왕,대중음악,대중가요,"이찬희, 오용택, 이준형, 이원희",,,,
13408982,"바이올리니스트 박소연의 클래식 인사이드 Ⅰ, 프랑스 몽마르뜨의 모던클래식 [안동]",서양음악(클래식),기악,"박소연, 소현정, 정진경, 김하경",,안동문화예술의전당 (평생학습원)(주최),,
13413634,이타 리얼라이즈 [청주],대중음악,기타,"전영곤, 전재형, 이은솜, 신유섭, 박준오",,,,
13413684,여름공연예술축제 (7.10),대중음악,대중가요,,,"한국문화예술회관연합회(KoCACA)(주최), 한국문화예술회관연합회(KoCACA)(주관), 경상남도문화예술회관(주최), 경상남도문화예술회관(주관)",,
13414045,여름공연예술축제 (7.11),대중음악,기타,,,"한국문화예술회관연합회(KoCACA)(주최), 한국문화예술회관연합회(KoCACA)(주관), 경상남도문화예술회관(주최), 경상남도문화예술회관(주관)",,
13414500,여름공연예술축제 (7.9),대중음악,대중가요,,,"한국문화예술회관연합회(KoCACA)(주최), 한국문화예술회관연합회(KoCACA)(주관), 경상남도문화예술회관(주최), 경상남도문화예술회관(주관)",,
13414888,제23회 크리틱스 초이스 댄스 페스티벌,무용(서양/한국무용),현대무용,"김정훈, 최우석, 박나리, 김진아, 박지혜, 정철인, 최희아 등",,댄스포럼(주최),,
13415257,매스?게임! Vol.2,무용(서양/한국무용),현대무용,"최진한, 김영찬, 김정수, 노화연, 홍경우, 이정호","장은정, 안경모, 박승영 등",공연기획 MCT(주관),,
13415583,죽음의 집,연극,연극,"이강욱, 심완준, 백석광, 이형훈, 문현정, 정새별","윤성호, 윤영선, 조성옥 등",극단 아어(제작사),"윤영선, 윤성호",
13416316,REBOOTING: Day 2 수원사 스페셜 스테이지,대중음악,기타,김정민 등,,"(재)경기도문화의전당(주최), (재)경기도문화의전당(주관)",,
13416338,"베토벤 탄생 250주년 기념, 현악사중주 전곡 연주 시리즈 3 [부산]",서양음악(클래식),기악,,,,,
13416349,"창작산실, 이카이노의 눈",연극,연극,"전국향, 강애심, 장성익, 문경희, 신문성, 정원조, 이시훈 등","김연민, 유주영, 성미림 등",,원수일,김연민(대본)
13417737,바이올리니스트 임지영 SOLO Ⅱ,서양음악(클래식),기악,임지영,,"(주)뮤직앤아트컴퍼니(주최), (주)뮤직앤아트컴퍼니(주관)",,
13419133,Blue Note Masterpiece VOL1,대중음악,재즈/월드뮤직,"강재훈, 남유선, 홍태훈, 전창민, 김건영",,플러스히치(주최),,
13419172,Blue Note Masterpiece VOL2,대중음악,재즈/월드뮤직,"신명섭, 신동진, 심규민, 홍태훈, 장승호 등",,플러스히치(주최),,
13419241,친정엄마와 2박3일 [부산],연극,연극,"강부자, 윤유선",고혜정,"(주)아이스타미디어(제작사), (주)아이스타미디어(주최)",고헤정,
13425449,최원호 클래식기타 리사이틀 [천안],서양음악(클래식),기악,"최원호, 송정연, 이경숙, 권윤한",,뮤직컴퍼니 진(주관),,
13425484,솔루션스 콘서트: LOADING,대중음악,대중가요,,,"민트페이퍼(주최), 해피로봇 레코드(주최)",,
13426605,"Fender Artist Vol.1, 불고기디스코",대중음악,대중가요,전용현 등,,"(주)사운드캣(주최), (주)사운드캣(주관)",,
13426659,기프트 단독콘서트: Holiday,대중음악,대중가요,,,(주)록스타뮤직앤라이브(주관),,
13427312,"구름닮은 라이브 VOL.3, 위수＆예빛",대중음악,대중가요,,,"구름속의사람들(주최), 구름속의사람들(주관)",,
13433868,김목인 콘서트: 콜라보 씨의 귀가,대중음악,대중가요,"김목인, 고진수, 이동준",,(주)페이지터너(제작사),,
13434062,"아름다운 목요일, 클래식 바이브: 박종해 피아노",서양음악(클래식),기악,박종해,,(재)금호아시아나문화재단 (금호문화재단)(주최),,
13434161,"아름다운 목요일, 클래식 바이브: 칼라치 스트링 콰르텟",서양음악(클래식),기악,"장유진, 이한나, 심준호",,(재)금호아시아나문화재단 (금호문화재단)(주최),,
13434335,"아트그라운드 시리즈 Ⅰ,  윤동환 바이올린 리사이틀",서양음악(클래식),기악,"윤동환, 박진우, 이향수",,"(주)제이에스바흐(JSBach Production)(주최), (주)제이에스바흐(JSBach Production)(주관)",,
13434446,조재현 비올라 독주회,서양음악(클래식),기악,"조재현, 민경식",,마에스트로 컴퍼니(주최),,
13434454,이정아 피아노 독주회,서양음악(클래식),기악,이정아,,이든예술기획(주최),,
13434471,라미띠에 트리오 정기연주회,서양음악(클래식),기악,"김다솔, 장새봄, 박윤수",,뮤직클레프(주최),,
13434477,"금호영아티스트콘서트, 이우진 하프 독주회",서양음악(클래식),기악,이우진,,(재)금호아시아나문화재단 (금호문화재단)(주최),,
13434524,"금호영재콘서트, 조은서 피아노 독주회",서양음악(클래식),기악,조은서,,(재)금호아시아나문화재단 (금호문화재단)(주최),,
13434539,"금호영아티스트콘서트, 방지연 리코더 독주회",서양음악(클래식),기악,방지연,,(재)금호아시아나문화재단 (금호문화재단)(주최),,
13434553,"금호영재콘서트, 김시철 피아노 독주회",서양음악(클래식),기악,김시철,,(재)금호아시아나문화재단 (금호문화재단)(주최),,
13434570,양한나 귀국 피아노 독주회,서양음악(클래식),기악,양한나,,이든예술기획(주최),,
13434571,한규현 귀국 바이올린 독주회,서양음악(클래식),기악,"한규현, 조수현",,영음예술기획(주최),,
13434576,최성식 오보에 독주회,서양음악(클래식),기악,"최성식, 전민정",,(주)마스트미디어(주최),,
13434737,임재홍 피아노 독주회,서양음악(클래식),기악,임재홍,,예인예술기획(주최),,
13434743,김정연 바이올린 독주회,서양음악(클래식),기악,"김정연, 김은찬",,위너스 기획(주최),,
13434773,이인지 피아노 독주회,서양음악(클래식),기악,이인지,,이음기획(주최),,
13434894,아르바이트,연극,연극,"강민지, 함민영, 김신실, 이길한","홍순섭, 김율미, 한지원 등",예술집단 순(제작사),정이현,홍순섭(각색)
13434919,침해의 현재,연극,연극,"박경은, 방선혜, 박재승, 김보경, 정희영","김은미, 김지은, 하일호 등",극단 종이로만든배(주관),김은미,
13434958,가족사진,연극,연극,"윤상호, 김윤태, 김곽경희, 이성순, 류지훈, 전정욱 등","김성진, 소연아, 김광훈 등","창작꾼 요지경(주최), 창작꾼 요지경(주관)",김성진,
13435482,"영산아트홀 전문연주자시리즈, 이지혜 피아노 독주회",서양음악(클래식),기악,이지혜,,영산아트홀(주최),,
13435687,제1회 더울림 앙상블 정기연주회,서양음악(클래식),기악,"한가현, 박상열, 김성경, 김희수, 최예인, 장송희, 전병철 등",,이든예술기획(주최),,
13435695,서명현 피아노 독주회,서양음악(클래식),기악,서명현,,마에스트로 컴퍼니(주최),,
13435699,제14회 이화성악회 정기연주회,서양음악(클래식),성악,"손미선, 정병화, 이미선, 임수영, 홍은영, 최정윤, 박이연 등",,예인예술기획(주최),,
13435703,제4회 앙상블인 정기연주회,서양음악(클래식),기악,"김민희, 최윤서, 양맑은소리, 양맑은새미, 김미란, 이지현",,이든예술기획(주최),,
13435709,소프라노 김은영 독창회,서양음악(클래식),성악,"김은영, 박은정, 고성희, 민혜윤",,영음예술기획(주최),,
13435710,제7회 리움챔버오케스트라 협주곡시리즈,서양음악(클래식),기악,"정홍식, 박찬우, 김태은, 황윤선, 최유빈, 송윤지, 조제이 등",,리움챔버오케스트라(주최),,
13437998,사랑한다고 말해줘 [제주],연극,연극,"정귀성, 이화, 이지은, 이령, 손경성","이지은, 정귀성, 문예지 등","극단 배우세상(기획사), 극단 배우세상(주최)",이령,
13438051,The Best 베토벤 [김제],서양음악(클래식),기악,"김재원, 정은영, 문자희, 오정선, 김새랑, 전유진, 박우근 등","김요한, 이기동, 정세화 등","김제시(김제시청)(주관), 전라북도문화관광재단(주최), (사)드림필(주관)",,
13438152,김경민의 모노드라마: 불꽃처럼 나비처럼 [전주],연극,연극,김경민,"정경선, 김신애, 이우송 등","(재)우진문화재단(주최), (재)우진문화재단(주관)",최정,
13438213,"제1회 코델 페스티벌, 굿닥터",연극,연극,"유승유, 김지하, 김정훈, 윤예은, 이현주 임지호, 김형민 등","염정은, 한애정","생이아름다운극단(주관), 코델아트홀(주최)",,
13438230,"햄릿, 혼잣말",한국음악(국악),성악,송보라,"송보라, 박선희, 정한나 등",플레이위드(제작사),,
13438276,브로콜리너마저 여름 장기공연: 이른 열대야,대중음악,대중가요,,,"노들섬(주최), 노들섬(주관), (주)스튜디오브로콜리(주최), (주)스튜디오브로콜리(주관)",,
13439478,진달래 [대구],연극,연극,"김미향, 여혜진, 김재은, 이미경",이창호,극단 미르(주관),이창호,
13443392,"제6회 무죽 페스티벌, 뚜껑 없는 열차",연극,연극,,"김원진, 장요석","극장 동국(주최), 극장 동국(주관)",김원진,
13443401,명곡 시리즈1 [인천],서양음악(클래식),기악,"이희명, 서우형, 우용기",,"엘림아트센터(주최), 엘림아트센터(주관)",,
13443452,유진아 파이프 오르간 시리즈 26 [인천],서양음악(클래식),기악,"유진아, 윤서우",,"엘림아트센터(주최), 엘림아트센터(주관)",,
13443507,김홍준 바이올린 독주회 [인천],서양음악(클래식),기악,"김홍준, 김문정",,"엘림아트센터(주최), 엘림아트센터(주관)",,
13443639,"수요음악방 시즌2, 블루스",대중음악,재즈/월드뮤직,최항석 등,,"(재)구로문화재단(주최), (재)구로문화재단(주관)",,
13443835,"꿈꾸는극장, 깨비쇼",연극,마임,,,"(재)구로문화재단(주최), (재)구로문화재단(주관)",,
13493352,참 필하모닉 시각장애인 개안수술 기금마련 음악회,서양음악(클래식),기악,임형섭 등,,"참 필하모닉 오케스트라(주최), 참 필하모닉 오케스트라(주관)",,
13493571,테너 양인준 독창회,서양음악(클래식),성악,"양인준, 박성은",,콘서트디자인(주최),,
13494996,바이올리니스트 임지영 SOLO Ⅰ,서양음악(클래식),기악,임지영,,"(주)뮤직앤아트컴퍼니(주최), (주)뮤직앤아트컴퍼니(주관)",,
13495209,"Meet the Artist, 바이올리니스트 장유진",서양음악(클래식),기악,"장유진, 김준희",,(주)마스트미디어(주최),,
13495421,이상한 나라의 앨리스 3D,뮤지컬,뮤지컬,,,함양군문화예술회관(제작사),,
13495517,동경이의 마술피리 [경주],뮤지컬,뮤지컬,,,"(재)경주문화재단(주관), 경주시립예술단(주관), 경주시(주최)",,
13497861,"제11회 대한민국 국공립극단 페스티벌, 경기도극단 4번 출구",뮤지컬,뮤지컬,,,"경주시립예술단(주관), 경주시(주최)",,
13498855,"제11회 대한민국 국공립극단 페스티벌, 인천시립극단 판타스틱스",연극,연극,"서좌백, 강주희, 강성숙, 최진영, 이수정, 서창희, 이규호","강량원, 이완희, 박재범 등","경주시립예술단(주관), 경주시(주최)",톰존스,
13500064,월곡동 산2번지 [문경],연극,연극,,,문경문화예술회관(주관),,
13500332,김락 [성주],서양음악(클래식),오페라,"조옥희, 김옥, 이광순, 임경섭, 김현, 김은정, 김정화 등","권오단, 이영기, 이상민 등","경상북도(주최), 로얄오페라단(royalopera)(주관)",,
13500438,매직갈라쇼 [울산],서커스/마술,서커스/마술,,"정병구, 주진, 이영규 등","히든 기획(주최), 히든 기획(기획사)",,
13500535,손민수 피아노 독주회,서양음악(클래식),기악,손민수,,"티엘아이 아트센터(주최), (주)조슈아(티엘아이 아트센터) (주최)",,
13500667,제2회 클래식 아티스트리그 피아노 입상자 연주회: 아마추어 부문 [성남],서양음악(클래식),기악,"최준원, 하현준, 김완철",,,,
13500717,제2회 클래식 아티스트리그 피아노 입상자 연주회: 이건우 피아노 독주회 [성남],서양음악(클래식),기악,이건우,,"티엘아이 아트센터(주최), (주)조슈아(티엘아이 아트센터) (주최)",,
13500720,제2회 클래식 아티스트리그 피아노 입상자 연주회: 최이삭 피아노 독주회 [성남],서양음악(클래식),기악,최이삭,,"티엘아이 아트센터(주최), (주)조슈아(티엘아이 아트센터) (주최)",,
13500733,"어린왕자와 함께 그리는 클래식 콘서트, 피아니스트 김현정 글로리아 [성남]",서양음악(클래식),기악,"김현정, 유시연, 김캐런",,리음아트&컴퍼니(주관),,
13502164,렛미플라이,뮤지컬,뮤지컬,"오의식, 안지환, 김지한, 나하나","조민형, 민찬홍, 이대웅 등","(재)우란문화재단(제작사), (재)우란문화재단(주최)",,
13522220,제1회 청소년을 위한 오페라 페스티벌,서양음악(클래식),오페라,"박정원, 강혜정, 김유진, 김신혜, 백재은, 강무림, 루디박 등",,"솔오페라단(주최), 대한민국오페라단연합회(주최)",,
13523114,한국가곡과 아리아의 밤: 힘내라 대한민국!,서양음악(클래식),성악,"서희태, 박정원, 강헤정, 김유진, 김신혜, 백재은, 강무림 등",,솔오페라단(주최),,
13534321,"제12회 페스티벌개판, 광인일기",연극,연극,"김동훈, 정욱현, 박지은","이주영, 정철현, 고건 등",페스티벌 개판 운영위원회(주관),루쉰,이주영(각색)
13534331,"제12회 페스티벌개판, 그날 그리고",연극,연극,"오인순, 우혜민, 최사무엘","송현창, 김린, 전양식 등","페스티벌 개판 운영위원회(주최), 페스티벌 개판 운영위원회(주관)",나길,
13534335,"제12회 페스티벌개판, 파우스트의 은밀한 실험실",연극,연극,"홍성안, 안미영, 안중언, 우영남, 김보현, 이영옥","조민상, 윤지홍, 박지영 등","창작예술집단 보광극장(제작사), 페스티벌 개판 운영위원회(주최), 페스티벌 개판 운영위원회(주관)",조민상,
13539052,라이어 1탄 [의령],연극,연극,,,"의령군청(의령군)(주최), 의령군청(의령군)(주관)",,
13539194,인생놀이 [부산],무용(서양/한국무용),한국무용,"남창동, 윤연나, 부민영, 안하윤, 강동언, 박성규, 신지혜 등",,,,
13539258,"제3회 페미니즘 연극제, 스탠드 업 그라운드 업 Vol.2",연극,연극,"경지은, 고은별, 권김현영, 김보은, 오빛나리, 최예나, 최정윤 등","김기일, 김민솔, 박태양 등","페미씨어터(주최), 극단 엘리펀트룸(주관)",,
13539399,"제3회 페미니즘 연극제, 죽는 장면",무용(서양/한국무용),발레,윤상은,"윤상은, 이민진, 김서연 등",페미씨어터(주최),,
13539429,노란궁전 하품공주,연극,연극,,,이야기꾼의 책공연(주최),카르멘 힐,
13539507,REBOOTING: Day 1 메인스테이지,대중음악,기타,,,"(재)경기도문화의전당(주최), (재)경기도문화의전당(주관)",,
13539587,REBOOTING: Day 2 메인스테이지,대중음악,기타,성해빈 등,,"(재)경기도문화의전당(주최), (재)경기도문화의전당(주관)",,
13539662,겨울이야기 [안동],뮤지컬,뮤지컬,,,극단 국민(제작사),,
13539828,더 클라운 인 더 파크,연극,연극,,,,,
13565746,매직&페스티벌룬,서커스/마술,서커스/마술,,,"(재)거창문화재단(주관), (재)거창문화재단(주최)",,
13566216,엄마까투리: 먹구렁이와 생일파티 [거창],뮤지컬,뮤지컬,,"김종해, 안영은, 전상헌 등","(재)거창문화재단(주관), (재)거창문화재단(주최)",,
13567377,"BREEZE, THE MUSICAL [대구]",뮤지컬,뮤지컬,"손현진, 박혜민, 조명현, 손수민, 이지민, 최인혜, 정수환 등",,"(재)달서문화재단 (웃는얼굴아트센터, 달서아트센터)(주최), (재)달서문화재단 (웃는얼굴아트센터, 달서아트센터)(기획사)",,
13567623,"대구문화예술회관 기획공연, DAC Artist on Stage2: 베이스 장경욱 독창회",서양음악(클래식),성악,"장경욱, 장윤영, 이소명, 이채원",,대구문화예술회관(주최),,
13567685,"대구문화예술회관 기획공연, DAC Artist on Stage3: 박재홍 피아노 독주회",서양음악(클래식),기악,박재홍,,대구문화예술회관(주최),,
13567756,가족특공대 [대구],연극,연극,,,대구광역시 서구문화회관(주최),,
13568345,Doodle Party [대구],한국음악(국악),기악,"김동민, 윤현옥, 김락호, 류재영, 진기정, 윤성배, 신수현 등",,"대구음악협회(주관), (재)수성문화재단 수성아트피아(주최)",,
13568370,쇼팽의 사랑 노래 [대구],서양음악(클래식),성악,"이주희, 김만수, 은빛나, 김문숙, 함윤혜, 이다솔, 박소연 등",,"(재)수성문화재단 수성아트피아(주최), 대구음악협회(주관)",,
13568410,"대구 플루트 뮤직 페어, 김영미 독주회",서양음악(클래식),기악,김영미,,(재)수성문화재단 수성아트피아(주최),,
13568418,"수성아트피아 무용축제, The Life",무용(서양/한국무용),현대무용,"윤경진, 권순광, 최석민, 권준철",박순호,"(재)수성문화재단 수성아트피아(주최), (사)한국무용협회(주최)",,
13568425,제38회 대구MBC교향악단 정기연주회,서양음악(클래식),기악,이동신 등,,"(재)수성문화재단 수성아트피아(주최), (재)수성문화재단 수성아트피아(주관)",,
13568440,국립부산국악원 연희부 정기공연,한국음악(국악),연희,김복만 등,김복만,국립부산국악원(주최),,
13568732,"수요공감, 홍성미의 춤",무용(서양/한국무용),한국무용,홍성미 등,,국립부산국악원(주최),,
13568756,"제6회 부산성악가페스티벌, 힘내라 대한민국: 한국 가곡의 밤",서양음악(클래식),성악,"허미경, 김유섬, 박현정, 신정순, 장은영, 김나영, 김유진 등",,"솔오페라단(주최), 금정문화회관(주관)",,
13568779,JAZZ FRIDAY,대중음악,재즈/월드뮤직,"이강수, 전진령, 홍정민, 임동건",,"한국문화예술회관연합회(KoCACA)(주관), 동래문화회관(주관), 문화체육관광부(주최)",,
13569235,적산가옥 [부산],연극,연극,"문지연, 남혜진, 이동희, 임선미, 방도용, 김기태, 송준승 등","박현형, 방도용, 남영우 등",,백하룡,
13569329,"제6회 을숙도 오페라 축제, 폐막작: 코리안심포니오케스트라와 만나는 오페렐라 발렐리아 [부산]",서양음악(클래식),오페라,"김덕기, 백재은, 김종표 등",,(사)강화자베세토오페라단(제작사),,
13569984,"제6회 을숙도오페라축제, 피가로의 결혼 [부산]",서양음악(클래식),오페라,"윤상운, 박대용, 고영호, 황윤정, 박해미, 이승우, 한정현 등","허복영, 최승희","(사)아지무스오페라단(주최), 을숙도문화회관(주최), (사)아지무스오페라단(주관)",,
13571038,검정고무신,연극,연극,"김지연, 이지훈, 최재민, 이은호, 박신영",,,,
13571193,"예술의전당 어린이 가족 페스티벌, 강아지똥",연극,연극,"정래석, 박현호, 조민수, 박주용, 안중현, 오명준, 김나희","김정숙, 양승환, 정수미 등",예술의전당(주최),권정생,김정숙(각색)
13581956,오네긴,무용(서양/한국무용),발레,"강미선, 이동탁, 손유희, 이현준, 홍향기, 김나은, 강민우 등",,"(재)유니버설문화재단(주최), (재)중구문화재단(충무아트센터)(주최), (재)유니버설발레단(제작사)",,
13593444,"클래식판타지아, 금난새의 Carnival of Music",서양음악(클래식),기악,금난새 등,,(재)중구문화재단(충무아트센터)(주최),,
13596636,개구쟁이와 마법,서양음악(클래식),오페라,"정시영, 김은미, 이소연, 윤성회, 신현선, 석승권, 김태성 등","장수동, 장누리, 정민정 등","(재)구로문화재단(주최), 서울오페라앙상블(주최)",,
13597744,39 THE THIRTY NINE,뮤지컬,뮤지컬,"손건우, 윤복희, 곽은태, 임동진, 원근희, 기정수, 구정은 등","박한열, 표재순, 박요한 등",,,
13598134,"박찬민 아나운서와 함께하는 마티네 콘서트, 바이올린 로망스",서양음악(클래식),기악,"박찬민, 김재원, 이택기",,(재)부산문화회관(주최),,
13598843,한여름 밤의 꿈 [부산],무용(서양/한국무용),발레,,제임스 전,"(사)서울발레시어터(서울발레씨어터)(주관), (재)부산문화회관(주최)",,
13599767,BCMS와 함께하는 생상스와 브라암스의 밤 [부산],서양음악(클래식),기악,"임재홍, 김은진, 김유리, 박나윤, 이동열, 정지은, 김정권",,부산문화(주최),,
13599796,테너 조윤한 독창회 with Friends,서양음악(클래식),성악,"조윤환, 고충진, 고성현, 이승윤, 정혜주, 이현지, 김채원 등",,"아트뱅크코레아(주최), 아트뱅크코레아(주관)",,
13599875,제565회 부산시립교향악단 정기연주회,서양음악(클래식),기악,홍석원 등,,(재)부산문화회관(주최),,
13601334,변강쇠 점 찍고 옹녀 [부산],한국음악(국악),창극,,"고선웅, 유수정, 한승석","국립창극단(주관), (재)부산문화회관(주관), (재)부산문화회관(주최)",,
13602349,제81회 부산시립무용단 정기공연,무용(서양/한국무용),현대무용,,"김수현, 강보람, 김태욱 등","부산시립예술단(주관), (재)부산문화회관(주최)",,
13603588,부산시립합창단 Summer Fantasy: 김동률 편,서양음악(클래식),성악,"전진, 박은경, 황보승, 김대희, 윤민구 등",,"부산시립예술단(주관), (재)부산문화회관(주최)",,
13604746,얼씨구락,한국음악(국악),기악,,,,,
13605230,유승현 콘서트: Voice & Story vol.2,대중음악,기타,유승현,,,,
13606584,빛과 모래가 들려주는 동화책: 샌드북,서커스/마술,서커스/마술,,,,,
13606709,포스트코로나시대의 클래식 음악듣기: 정지훈 클래식,서양음악(클래식),기악,정지훈,,신세계문화홀 [센텀시티](),,
13609900,한낮의 유U;콘서트 (7월),서양음악(클래식),기악,"박성완, 김리라, 박연희, 이민호, 손지현 등",,"(재)영화의전당(주최), (주)국제신문(주최)",,
13610185,여권없이 떠나는 세계음악여행 ＃1 [부산],대중음악,재즈/월드뮤직,,,"문화기획단 무대공감(주관), 문화기획단 무대공감(주최)",,
13610190,"여우락페스티벌, 여우톡: 포박사실",한국음악(국악),기악,"박우재, 박지하, 박순아, 박경소",,국립극장(주최),,
13618474,흉가에 볕들어라,연극,연극,,,"동래문화회관(주최), 동래문화회관(주관), (사)극단 맥(주최), (사)극단 맥(주관)",,
13618874,"권리장전, 친일탐구: Fairfarren:웰컴투원더랜드",연극,연극,"권서령, 김민기, 남선희, 박동수, 백수희, 우주현, 이로아 등",,,공동창작,
13621183,펀쿨랜플,대중음악,대중가요,이승환,,"(주)드림팩토리클럽(주최), (주)드림팩토리클럽(기획사)",,
13659405,일상의 쉼표，여섯 번째 이야기: 느려도 괜찮아,대중음악,대중가요,박소은,,"롤링홀(주최), 롤링홀(주관)",,
13659571,"롤링 25주년 기념 공연, 성영주 단독 콘서트",대중음악,대중가요,성영주,,"롤링홀(주최), 롤링홀(주관)",,
13659777,"롤링 25주년 기념 공연, 리밋 단독 콘서트",대중음악,대중가요,,,"롤링홀(주최), 롤링홀(주관)",,
13659909,"롤링 25주년 기념 공연, 오프이 단독 콘서트",대중음악,대중가요,,,"롤링홀(주최), 롤링홀(주관)",,
13659966,연극의 연극,연극,연극,,"여신동, 윤성호, 윤석현 등",(재)국립극단(주최),,
13660267,"조씨고아, 복수의 씨앗",연극,연극,"하성광, 장두이, 정진각, 이영석, 유순웅, 조연호, 이지현 등","고선웅, 오수경, 이태섭 등",,기군상,고선웅(각색)
13672088,베이스 구본수 콘서트,서양음악(클래식),기악,"구본수, 고은지",,"(주)위클래식(주최), (주)위클래식(주관)",,
13700712,그대는 봄 (앵콜),연극,연극,"류지애, 박무영, 한혜수","현대철, 김정숙, 김주연 등",,김정숙,
13700716,"렉처오페라, 사랑의 묘약 [대구]",서양음악(클래식),오페라,,,"(재)대구오페라하우스(주최), (재)대구오페라하우스(주관)",,
13705496,사랑의 묘약 [대구],서양음악(클래식),오페라,"현동현, 한보라, 최득규, 윤성우, 김효진, 이은혜, 김성민",,"지트리 아트컴퍼니(주관), 아양아트센터(주관), 아양아트센터(주최)",,
13705502,"아양아트센터 기획 콘서트, 문화가 있는 날: 국악아카펠라 그룹 토리스 (7월)",한국음악(국악),성악,"견두리, 이신예, 곽동현, 백현호, 최홍석",,"문화체육관광부(주최), 한국문화예술회관연합회(KoCACA)(주최), 아양아트센터(주최)",,
13705933,"Fam각연각색, 죽이되든 밥이되든 [광주]",연극,연극,"조영철, 김진희, 김은미, 강현구, 김민성","박근형, 오성균, 조미향 등","극단 청춘(주최), 예술극장 통(주최), 극단 청춘(주관), 예술극장 통(주관)",박근형,
13706187,제1회 앙상블보라 정기연주회 [서울],서양음악(클래식),기악,"정진우, 이인애, 박지은, 박민선, 김지수, 조준휘, 김재곤",,클라쎄(주관),,
13706489,"김해 영아티스트 콘서트 시즌2, 피아니스트 편",서양음악(클래식),기악,"이윤지, 박초롱, 김유빈, 오수민, 서정은",,"(재)김해문화재단(김해서부문화센터)(주최), (재)김해문화재단(김해서부문화센터)(주관)",,
13706930,Summer Night 콘서트,대중음악,대중가요,정대현,,"피지앤픽쳐스(주최), 피지앤픽쳐스(주관)",,
13708753,꿀벌나라대모험 [정읍],뮤지컬,뮤지컬,,"김성일, 손호원 등","정읍시청(연지아트홀)(주최), 정읍시청(연지아트홀)(주관), (주)문화공작소 상상마루(주최), (주)문화공작소 상상마루(주관)",,
13709371,지금이 전성기,연극,연극,"김은숙, 김호준",,"고창군(고창군청)(주최), 전라북도(주최), 고창군(고창군청)(주관)",,
13709491,제181회 공주시충남교향악단 정기연주회,서양음악(클래식),기악,"윤승업, 윤동환, 박진우 등",,"공주시청(주최), 공주시충남교향악단(주관)",,
13710937,마술피리 [음성],서양음악(클래식),오페라,"여자경, 곽연희, 김성진, 김영재, 김누리, 유성녀, 박의현 등",이희수,"(재)국립오페라단(주관), 음성군청(주관), 한국문화예술회관연합회(KoCACA)(주최)",,
13711287,"쿵짝2, 얼쑤 [인천]",뮤지컬,뮤지컬,,,"한국문화예술회관연합회(KoCACA)(주최), (재)인천광역시 부평구문화재단(부평아트센터)(주관)",,
13712713,"전지적 밴드 시점, 아마도이자람밴드 나와 타인의 한중간",대중음악,대중가요,,,"(재)마포문화재단(마포아트센터)(주관), (재)마포문화재단(마포아트센터)(주최), 한국문화예술위원회(주최), 한국문화예술위원회(주관), 한국문화예술회관연합회(KoCACA)(주최), 한국문화예술회관연합회(KoCACA)(주관)",,
13712837,세친구2,대중음악,대중가요,"신지국, 고상호, 최연우, 이정하, 이규재, 전혜현, 김종현",,"턴어라운드(주최), 턴어라운드(주관)",,
13714215,"온쉼표, 한 여름의 세레나데 (7월)",대중음악,기타,"한상희, 원금연, 김신, 김상현, 이은미, 신재호, 문동혁 등",,(재)세종문화회관(주최),,
13771769,듀오 아파시오나토,서양음악(클래식),기악,"김채림, 김동욱, 김현정",,예인예술기획(주최),,
13772163,권한숙 피아노 독주회,서양음악(클래식),기악,권한숙,,UNICO(유니코 예술기획)(주최),,
13772331,김민이 클라리넷 독주회,서양음악(클래식),기악,김민이,,,,
13772512,장선아 플루트 독주회,서양음악(클래식),기악,"장선아, 문정재",,예인예술기획(주최),,
13772737,테너 김성수 독창회,서양음악(클래식),성악,"김성수, 정은성",,UNICO(유니코 예술기획)(주최),,
13772958,소현정 피아노 독주회,서양음악(클래식),기악,소현정,,이든예술기획(주최),,
13773187,소프라노 김민지 독창회,서양음악(클래식),성악,"김민지, 배은아, 이정원",,"라움아트센터(라움)(주관), 라움아트센터(라움)(주최)",,
13773417,안국선 피아노 독주회,서양음악(클래식),기악,안국선,,지클레프(주최),,
13773806,앙상블조이너스 창단연주회,서양음악(클래식),기악,"강아연, 윤승호, 김어령, 김상헌, 심은별, 김선영","강영원, 심희진",,,
13774795,"거기, 두루마을이 있다",연극,연극,"배진만, 진선미, 양진철, 최현정, 이태경, 윤동재","안성혜, 이하슬, 백철호 등",문화판 모이라(제작사),김숙경,
13774846,소울소스 meets 김율희,대중음악,기타,"김율희, 노선택, 강신태, 이시문, 송영우, 유승철, 송승호 등","오정석, 이현민, 박준 등",(재)양천문화재단(주최),,
13779067,태선이 바이올린 독주회,서양음악(클래식),기악,태선이,,예인예술기획(주최),,
13779351,정선미 귀국 타악기 독주회,서양음악(클래식),기악,정선미,,음악교육신문사(주최),,
13779579,박지은 플루트 독주회,서양음악(클래식),기악,박지은,,예인예술기획(주최),,
13779739,정의경 귀국 피아노 독주회,서양음악(클래식),기악,정의경,,예인예술기획(주최),,
13780233,바이올리니스트 이지혜 피아니스트 김태형 듀오 리사이틀,서양음악(클래식),기악,"이지혜, 김태형",,프레스토 아트(주최),,
13781008,장하얀 첼로 독주회,서양음악(클래식),기악,장하얀,,이든예술기획(주최),,
13781544,신세계와 함께하는 예술의전당 토요콘서트 (7월),서양음악(클래식),기악,"서진, 곽정",,예술의전당(주최),,
13784385,"교향악축제, 전주시립교향악단",서양음악(클래식),기악,"김경희, 주희성 등",,"예술의전당(주최), 중앙그룹(주최)",,
13785879,"교향악축제, 창원시립교향악단",서양음악(클래식),기악,"김대진, 이강호 등",,"예술의전당(주최), 중앙그룹(주최)",,
13787750,"교향악축제, 서울시립교향악단",서양음악(클래식),기악,"윌슨 응, 김정원 등",,"예술의전당(주최), 중앙그룹(주최)",,
13790489,"교향악축제, 수원시립교향악단",서양음악(클래식),기악,"최희준, 백주영 등",,"예술의전당(주최), 중앙그룹(주최)",,
13792325,KBS교향악단 특별연주회:  영웅을 그리다,서양음악(클래식),기악,"성기선, 백혜선 등",,"(재)KBS교향악단(주최), (재)KBS교향악단(주관)",,
13793555,"앤솔러지 시리즈 IV, 모차르트 & 베토벤 [서울]",서양음악(클래식),기악,"마시모 자네티, 이진상 등",,경기필하모닉오케스트라(주관),,
13794136,태사자 콘서트: THE RETURN,대중음악,대중가요,,,(주)비에프케이엔터테인먼트(주관),,
13799297,GOOD LUCK GOOD ROCK,한국음악(국악),기악,"빈순애, 김운석, 김은영, 신희라, 설희수, 박순여, 정지용 등",,"문화재청(주최), 강원도청(주최), 강릉시청(주최), (사)중요무형문화재 강릉단오제보존회(주관)",,
13799355,제140회 원주시립교향악단 정기연주회,서양음악(클래식),기악,임헌정 등,,"원주시청(주최), 원주시립교향악단(주관)",,
13799437,제153회 춘천시립교향악단 정기연주회,서양음악(클래식),기악,조성현,,"춘천시립예술단(주최), (재)춘천문화재단(주최)",,
13799832,"앤솔러지 시리즈 IV,모차르트 ＆ 베토벤 [수원]",서양음악(클래식),기악,"마시모 자네티, 이진상 등",,"(재)경기도문화의전당(주최), 경기필하모닉오케스트라(주관)",,
13800114,팬레터 [인천],뮤지컬,뮤지컬,"김재범, 김종구, 이규형, 문성일, 백형훈, 소정화, 김수연 등","강병원, 김태형, 한재은 등","라이브(주)(제작사), 인천문화예술회관(주최), (주)하늘이엔티(주최), (주)창라이프(주관)",,
13806650,사이 [대구],연극,연극,"이승재, 이은채, 김근영, 최인영, 권도형","김상훈, 박지수, 이연진 등","극단 에테르의 꿈(제작사), 극단 에테르의 꿈(주최), 극단 에테르의 꿈(주관)",김상훈,
13807442,부정 [대구],연극,연극,,,,,
13854601,소소다반사,한국음악(국악),기악,"백영옥, 이다혜, 하지현 등",,국립국악원(주최),,
13854861,제114회 울산시립합창단 정기연주회,서양음악(클래식),성악,"강기성, 김방술, 양송미, 신상근, 김대수, 권정원, 김혜은 등",,"울산시립예술단(주관), 울산광역시청(주최)",,
13855074,"수요열린예술무대, 뒤란 (7.22)",대중음악,대중가요,김경호 등,,"울산광역시청(주최), 울산문화예술회관(주관)",,
13855262,인제트롯 페스타 [인제],대중음악,대중가요,"송대관, 진성, 정수라, 윤수현, 김나희, 정다한",,"(재)인제군문화재단(주최), (재)인제군문화재단(주관)",,
13856245,그림과 함께하는 히스토리 콘서트,대중음악,기타,,,"한국문화예술회관연합회(KoCACA)(주최), 현대문화기획(주관)",,
13856610,"공연산책＃3, 재즈 피아니스트 김요한의 Yohan Kim & Friends [하남]",대중음악,재즈/월드뮤직,"김요한, 송하연, 이민기, 강산이, 김민준",,"한국문화예술회관연합회(KoCACA)(주관), (재)하남문화재단(주관), 문화체육관광부(주최)",,
13871066,"오페라이야기, 유쾌편: 유쾌한 미망인",서양음악(클래식),오페라,"서찬영, 구본광, 김혜진, 김상은, 배진형, 배혜리, 이주희 등",,"(재)행복북구문화재단(주최), (재)행복북구문화재단(주관)",,
13871069,"오페라이야기, 상쾌 통쾌편: 세빌리아의 이발사 & 피가로의결혼",서양음악(클래식),오페라,"서찬영, 구본광, 감혜진, 장혜린, 김상은, 배진형, 배혜리 등","구본광, 김혜진, 장혜린 등",(재)행복북구문화재단(주최),,
13871484,바냐아저씨,연극,연극,"오우철, 최예승, 박정후, 권기온, 양정화, 양서준, 손서인 등","정옥용, 진정하, 김나윤 등",희원극단(제작사),안톤 체호프,
13879628,할매와 비빔밥 [전주],뮤지컬,뮤지컬,"김다영, 김원곤, 김민경, 송지헌, 이정원, 양혜욱, 김혜빈 등","백중현, 강요요, 박준평 등",얼라이브홀(주관),,
13879875,제464회 대구시립교향악단 정기연주회,서양음악(클래식),기악,"여자경, 강지영",,대구시립예술단(주최),,
13880217,제149회 대구시립합창단 정기연주회,서양음악(클래식),성악,김용배 등,,"대구시립합창단(주관), 대구시립예술단(주최)",,
13910020,"문화가 있는 날, 굿데이 남성 중창단",서양음악(클래식),성악,"이해인, 전용진, 안예찬, 강호곤, 강원석, 추성민, 김한 등",,"문화체육관광부(주최), 한국문화예술회관연합회(KoCACA)(주관), 경상남도문화예술회관(주관)",,
13910445,Gaslight...ing,연극,연극,"전세기, 김중, 김달님, 김태린, 변나라, 조은진, 김현수 등","이자순, 우은애, 박민수 등","극단 화담(제작사), 극단 화담(기획사), 극단 화담(주최)",패트릭 해밀턴,이자순(각색)
13910913,호랑이오빠 얼쑤! [부산],한국음악(국악),연희,"이경자, 박은미, 이재일, 구자환, 한지영","유영길, 김승진, 김상호 등",극단 신명나게(제작사),,
13911246,조선최초 서커스 부남사당! [부산],서커스/마술,서커스/마술,"송다민, 김영진, 구본진, 오장욱, 이영주",,"부산학생예술문화회관(주최), 부산학생예술문화회관(기획사)",,
13915032,해설이 있는 발레,무용(서양/한국무용),발레,,,(재)서초문화재단(제작사),,
13915111,로맨틱 일요일,서양음악(클래식),기악,"김윤경, 이주희",,쌀롱드무지끄(주최),,
13915128,A Midsummer Nights Dream,서양음악(클래식),기악,"이호빈, 간효진, 윤혜린, 김혜진, 이신영",,쌀롱드무지끄(주최),,
13915227,제173회 포항시립교향악단 정기연주회,서양음악(클래식),기악,"김광현, 김유미 등",,포항시청(주최),,
13916297,"마리아칼라스홀 초청연주 시리즈,  앙상블 리릭 창단연주회",서양음악(클래식),기악,"이윤정, 김유경, 황미래, 최영진",,마리아칼라스홀(주최),,
13924177,The Blissful Moment,서양음악(클래식),기악,"강동엽, 박영성",,통의동클래식(주최),,
13925383,"제1회 29아나 관람전, When I Live My Dream",연극,연극,"최상석, 권소희, 김건희, 강수미, 이규한, 이승훈, 서진희","이정하, 노이슬, 민병은 등",,"오기택, 이승훈",
13925543,빈센트 반 고흐 [안성],뮤지컬,뮤지컬,"이준혁, 황민수","한승원, 김종석, 김규종 등","(주)에이치제이컬쳐(HJ컬쳐)(제작사), 안성맞춤아트홀(안성시)(주최)",,
13927208,배인혁 X 우주히피: 최악의 커플,대중음악,대중가요,배인혁 등,,유어썸머(주최),,
13927733,남진 가수 55주년 헌정앨범 헌정식,대중음악,대중가요,"남진, 박상민, 이자연, 설운도, 조항조, 서문탁, 진성 등",,,,
13927836,팝페라 3 Stars 콘서트,대중음악,기타,"김재빈, 김지훈, 손정수",,"문화체육관광부(주최), 한국문화예술회관연합회(KoCACA)(주관)",,
13934744,최현우의 빌리브: bELIEvE [익산],서커스/마술,서커스/마술,최현우,,익산예술의전당(주관),,
13935829,개그힐링 콘서트 with 옹알스 [익산],뮤지컬,넌버벌 퍼포먼스,,,익산예술의전당(제작사),,
13938521,착각하지마,연극,연극,"강우진, 권태우, 김수연, 김윤설, 이재정, 이주영","백한울, 김수연, 이주영 등",극단 타리(제작사),김수연,강우진(각색)
13938819,"제17회 평창대관령음악제, Behold! 보라!",서양음악(클래식),성악,"이종진, 홍혜란, 김효나, 최원휘, 최인식 등",손열음,"(재)강원문화재단(주관), 강원도청(주최)",,
13939130,"제17회 평창대관령음악제, Echo 메아리",서양음악(클래식),기악,아드리앙 페뤼숑 등,손열음,"(재)강원문화재단(주관), 강원도청(주최)",,
13940593,"L.Concert, 오르간 오딧세이: 오르간 오르페우스",서양음악(클래식),기악,"박준호, 김지윤, 한승렬, 김하진",,"롯데문화재단(주최), 롯데문화재단(주관)",,
13943537,말러리안 시리즈 5,서양음악(클래식),기악,진솔 등,,,,
13943764,곤지암 뮤직 페스티벌: 5주년 축하 콘서트,서양음악(클래식),기악,"김성찬, 김지원, 안수민, 이서현, 이정연, 김서현, 김수언 등",,"곤지암뮤직페스티벌(주최), 곤지암뮤직페스티벌(주관)",,
13943809,바리톤 김동규의 Fantastic Summer,서양음악(클래식),성악,"김동규, 고아라, 윤지환 등",,(재)CBS(제작사),,
13943888,포르테 디 콰트로 언플러그드 콘서트: 더 클래식,대중음악,기타,,,(주)아트앤아티스트(주최),,
13947764,제105회 서울윈드오케스트라 정기연주회,서양음악(클래식),기악,"김응두, 성굉모, 이수은, 이슬, 서순정, 박성균 등",,"World Culture Networks (WCN)(주관), (사)서울윈드앙상블(주최)",,
13947801,파이낸셜뉴스 창간 20주년 기념 음악회,대중음악,기타,"방성호, 조성모, 차지연, 장하은, 장사익",,"웨스턴 심포니 오케스트라(주관), 예술기획 파홀로(주관)",,
13947922,서울경제 창간 60주년 기념음악회,서양음악(클래식),성악,"류성규, 임주희, 오신영, 진성원, 김래주, 하세훈",,(주)서울경제신문(주최),,
13947942,(사)홍정희 오페라단 가곡이야기,서양음악(클래식),오페라,"양진모, 박혜진, 김순희, 이동명, 배은환, 이응광, 김준빈 등",홍정희,"(사)홍정희 오페라단(주최), 예인예술기획(주관)",,
13948018,박지인 피아노 독주회,서양음악(클래식),기악,박지인,,지클레프(주최),,
13950410,"온쉼표, 춘몽 (7월)",뮤지컬,악극,"박상훈, 정유정, 함영택, 김선영","유수민, 곽아영, 김다은 등",(재)세종문화회관(주최),,
13950977,Play Blue Note Masterpiece for 대구,대중음악,재즈/월드뮤직,"강재훈, 남유선, 홍태훈, 신명섭, 신동진, 심규민, 장승호 등",,"플러스히치(주최), 베리어스 재즈클럽(주최)",,
13951054,잃어버린 얼굴 1895,뮤지컬,뮤지컬,"차지연, 박혜나, 최정수, 박영수, 김용한, 신상언, 금승훈 등","권호성, 장성희, 이지나 등",(재)서울예술단(제작사),,
13963382,"대구아티스트위크 시즌 Ⅰ, 성악: Sop. 이소미 & Bar. 권성준 듀오 리사이틀 [대구]",서양음악(클래식),성악,"이소미, 권성준, 김현서",,"대구콘서트하우스(주최), 대구콘서트하우스(주관)",,
13963450,"대구아티스트위크 시즌 Ⅰ, 성악 음악이 주는 위로: Rest & Forest [대구]",서양음악(클래식),성악,"김상은, 김보라, 이병룡, 이인철, 박선민",,"대구콘서트하우스(주최), 대구콘서트하우스(주관)",,
13963544,오후＆성지송 사랑할까요? EP발매공연,대중음악,대중가요,성지송 등,,"레이블임 (Label LIM)(주최), 레이블임 (Label LIM)(기획사)",,
13963615,빌리어코스티 여름 카페 공연: 너에게,대중음악,대중가요,,,"어코스티 뮤직(주최), 어코스티 뮤직(주관)",,
13963860,전기뱀장어: 해변으로 가요,대중음악,대중가요,,,,,
13964034,진동욱 x wave to earth 합동공연: 이미，여름이었네,대중음악,대중가요,진동욱 등,,"스튜디오 엠오에스(Studio MOS)(주최), 스튜디오 엠오에스(Studio MOS)(주관)",,
13964087,마스터피스 시리즈 2,서양음악(클래식),기악,"줄리안 코바체프, 일리야 라쉬코프스키 등",,"울산시립예술단(주관), 울산광역시청(주최)",,
13964565,울산아츠스토리 On-Air,서양음악(클래식),기악,"김천, 이종은, 김대영, 한상일",,"울산광역시청(주최), 울산문화예술회관(주관)",,
13964833,늘: BLUE,대중음악,대중가요,,,,,
13964930,개구리왕자 [의정부],뮤지컬,뮤지컬,,,극단 상상마당컴퍼니(주최),,
13964973,신기한 마술나라 [의정부],서커스/마술,서커스/마술,,,극단 상상마당컴퍼니(주최),,
13969314,나르는 원더우먼,연극,연극,"진애숙, 김현수, 김지연, 정주연, 하미연, 최태황, 김진홍 등","이선경, 이삼우, 고재경",극단 예도(주관),이선경,
13969636,코뿔소 [부산],연극,연극,"윤소희, 김가영, 이희선, 우지현, 김현주, 박문현, 김혜원","배문수, 김병철, 김선희 등",극단 배우창고(주최),,
13969993,삼거리 스-투디오,뮤지컬,뮤지컬,"배정민, 전서연, 구태성, 정태진, 류종원, 장하연, 이현지","서다영, 김철, 최보성 등","IN FACTory(인팩토리)(제작사), IN FACTory(인팩토리)(주최)",,
13977155,Blue Note Masterpiece VOL4,대중음악,재즈/월드뮤직,"준 스미스, 이용석, 박진교, 김건영, 강재훈 크리스 바가, 이현준",,플러스히치(주최),,
13977214,Blue Note Masterpiece VOL3,대중음악,재즈/월드뮤직,"이지영, 조정현, 이용석, 최은창, 한웅원",,플러스히치(제작사),,
13977273,사유하는 피아노 Ⅳ,서양음악(클래식),기악,"성보경, 정세훈",,인스피레이션콘서트(주최),,
13977323,크르르 단독공연: 우리 조금은 서툰 마음이더라도,대중음악,대중가요,,,"매직스트로베리(주)(주최), 매직스트로베리(주)(기획사)",,
13977625,김주환 콘서트: SKYFALL,대중음악,대중가요,"김주환, 전용준, 하범석, 김대호, 김영진, 홍태훈, 유명지",,"(주)웨스트브릿지 엔터테인먼트_삭제(주최), (주)웨스트브릿지 엔터테인먼트_삭제(기획사), 웨스트브릿지엔터테인먼트(주최), 웨스트브릿지엔터테인먼트(기획사)",,
13977742,가족놀이,연극,연극,"정아더, 문혜인, 임황건, 신주현, 강승리. 김광원, 오민석","서경동, 김아영, 서경희 등",(주)아신아트컴퍼니(주최),,
13979007,네버랜드의 후크와 피터팬 [공주],뮤지컬,뮤지컬,,,"국립공주박물관(주최), 국립공주박물관(주관)",,
13979207,최현정 트리오 정규 3집 쇼케이스,대중음악,대중가요,"최현정, 곽지웅, 안원석",,,,
13979228,여름엔 그_냥: 무박1일 세계여행,대중음악,대중가요,,,"구름속의사람들(주최), 구름속의사람들(주관), 닥터심슨컴퍼니(주최), 닥터심슨컴퍼니(주관)",,
13979544,W24 월간콘서트 WWW: World Wide Waymaker (7월),대중음악,대중가요,,,"구름속의사람들(주최), 구름속의사람들(주관), 제이아미엔터테인먼트(주최), 제이아미엔터테인먼트(주관)",,
13979629,5959 LIVE: 크라잉넛,대중음악,대중가요,,,"구름속의사람들(주최), 구름속의사람들(주관)",,
13979779,갤러리롤랑: 썸머나잇 브리즈,대중음악,대중가요,강승훈 등,,(유)롤랑(ROLLAND)(주최),,
13986967,이야기와 함께 하는 반도네온 솔로 공연: 임시내,대중음악,대중가요,임시내,,(주)페이지터너(주최),,
13987328,로테/운수,연극,연극,,,,,
13987426,"아름다운 목요일, 클래식 바이브: 김우연 클라리넷",서양음악(클래식),기악,김우연,,(재)금호아시아나문화재단 (금호문화재단)(주최),,
13987471,"아트그라운드  시리즈Ⅱ, 드뷔시와 모네",서양음악(클래식),기악,"조설영, 이향수, 최은주, 홍희선, 양재진, 조은애, 윤동환 등",,"(주)제이에스바흐(JSBach Production)(주최), (주)제이에스바흐(JSBach Production)(주관)",,
13987539,신재훈 클라리넷 독주회,서양음악(클래식),기악,"신재훈, 윤서진",,(주)마스트미디어(주최),,
13987708,"금호영아티스트콘서트, 오연택 피아노 독주회",서양음악(클래식),기악,오연택,,(재)금호아시아나문화재단 (금호문화재단)(주최),,
13987796,"금호영아티스트콘서트, 민예찬 플루트 독주회",서양음악(클래식),기악,민예찬,,(재)금호아시아나문화재단 (금호문화재단)(주최),,
13987808,"금호영재콘서트, 김한휘 대금 독주회",한국음악(국악),기악,김한휘,,(재)금호아시아나문화재단 (금호문화재단)(주최),,
13987820,"금호영재콘서트, 한단아 첼로 독주회",서양음악(클래식),기악,한단아,,(재)금호아시아나문화재단 (금호문화재단)(주최),,
13987846,바이올리니스트 박지영 독주회,서양음악(클래식),기악,"박지영, 박휘암",,영음예술기획(주최),,
13987850,방인주 피아노 독주회,서양음악(클래식),기악,방인주,,이든예술기획(주최),,
13987852,이현애 바이올린 독주회,서양음악(클래식),기악,이현애,,영음예술기획(주최),,
13987853,양명진 피아노 독주회,서양음악(클래식),기악,양명진,,뮤직클레프(주최),,
13987854,김봄날 피아노 독주회,서양음악(클래식),기악,김봄날,,이든예술기획(주최),,
13988221,김경현 피아노 독주회,서양음악(클래식),기악,"김경현, 박선영, 김정훈, 오승규",,클라시코 예술기획 (CLASSICO)(주최),,
13988235,소프라노 장지애 독창회,서양음악(클래식),성악,"장지애, 정호정",,,,
13988438,라프리마 오페라단 창단연주회,서양음악(클래식),오페라,"이은정, 장현주, 최선미, 허나영, 서무진, 임창진, 정의철 등",,"음악교육신문(주관), 음악교육신문사(주관)",,
13988442,소프라노 김경희 독창회,서양음악(클래식),성악,"김경희, 전수진, 손동철",,,,
13988443,김보람 피아노 독주회,서양음악(클래식),기악,김보람,,UNICO(유니코 예술기획)(주최),,
13989707,겨울이야기 [예산],뮤지컬,뮤지컬,,,극단 국민(제작사),,
13990208,스페인과 집시 음악 [예산],대중음악,재즈/월드뮤직,"박주원, 유승철, 조후찬, 박광현",,"JHN뮤직(제작사), (재)충남문화재단(주관)",,
13990412,리틀 뮤지션 [예산],뮤지컬,악극,"김미영, 이희애, 김승환, 안소정, 정선경, 김유정, 김동현 등","이길준, 염용균, 손은재 등","(유)브러쉬씨어터(제작사), 아시아문화원(제작사), (재)충남문화재단(주관), (재)충남문화재단(주최)",,
13991632,"제17회 평창대관령음악제, End ＆ 끝 그리고",서양음악(클래식),기악,"제이슨 크리미, 노영남, 김태훈, 손열음, 이진상, 김한, 함경 등",손열음,"(재)강원문화재단(주관), 강원도청()",,
13992110,"제17회 평창대관령음악제, Take off 도약",서양음악(클래식),기악,"송지원, 손열음, 임윤찬, 박규희, 이지혜, 김두민, 이진상",손열음,"(재)강원문화재단(주관), 강원도청(주최)",,
13993698,"Rock & 樂 Concert, Vol.32 애프터문 [군포]",대중음악,대중가요,"케빈오, 이종훈, 최영진",,"(재)군포문화재단(군포문화예술회관)(주관), (재)군포문화재단(군포문화예술회관)(주최)",,
13993960,"댄스살롱 Ⅰ, 플라멩코, 영혼의 자유 [군포]",대중무용,스트리트/스포츠댄스,"이영자, 황이현, 김상봉 등",,"한국문화예술회관연합회(KoCACA)(주관), (재)군포문화재단(군포문화예술회관)(주관), 문화체육관광부(주최)",,
13994268,동네방네 우리소리 [김제],한국음악(국악),혼합,"문정근, 남상일, 조영자, 권성택, 김정은, 박상후, 박인정 등",,"김제시(김제시청)(주최), 전라북도립국악원(주최)",,
13994420,컨템포디보 & 마이티의 여름 콘서트 [김제],대중음악,기타,"이시온, 권오현 등",,"김제시(김제시청)(주최), 김제시(김제시청)(주관)",,
13994537,타-다 콘서트 [김제],한국음악(국악),기악,,,"김제시(김제시청)(주최), 김제시(김제시청)(주관)",,
13994613,"여자, 마흔 [전주]",연극,연극,"이헤지, 박준후","최정, 이혜지, 김희상 등",(재)우진문화재단(주최),최정,
13994618,오지윤의 모노드라마: 낯선 여행 [전주],연극,연극,오지윤,"민혜진, 채유니, 이정민 등","(재)우진문화재단(주최), (재)우진문화재단(주관)",민혜진,
13994629,비올리스트 박경민 & 피아니스트 손정범 듀오 리사이틀 [통영],서양음악(클래식),기악,"박경민, 손정범",,"(재)통영국제음악재단(주최), (재)통영국제음악재단(주관)",,
13994960,체임버 나이트 [통영],서양음악(클래식),기악,,,한국문화예술회관연합회(KoCACA)(주최),,
13995189,"제1회 코델 페스티벌, 피라모스와 티스베",연극,연극,"이윤정, 김미정, 공재현, 심형우, 김주유, 임범수, 한윤희 등","박준규, 장민준, 최지원","생이아름다운극단(주관), 코델아트홀(주최)",,
13995229,"제1회 코델 페스티벌, 성난코뿔소’s",연극,연극,"이종구, 정성조, 김인정, 박아정, 김재연, 김영빈","박아정, 박우진, 김재원 등","코델아트홀(주최), 생이아름다운극단(주관)",박아정,
13995243,신명섭 그룹 콘서트,대중음악,재즈/월드뮤직,"신명섭, 전창민, 심규민, 김명원, 김종국",,"더노라 스테이지와이(주관), (재)이도문화재단(주최)",,
13995254,Singer Songwriter 송용창 Quartet,대중음악,재즈/월드뮤직,"송용창, 박은선, 서수진, 전창민",,"(재)이도문화재단(주최), 더노라 스테이지와이(주관)",,
13995256,3onions,대중음악,재즈/월드뮤직,"김종국, 이선재, 조민기",,"더노라 스테이지와이(주관), (재)이도문화재단(주최)",,
13996091,수리홀 재개관 기념음악회: 말러 in 군포,서양음악(클래식),기악,"장윤성, 조진주 등",,"(사)군포프라임필하모닉오케스트라(주관), (재)군포문화재단(군포문화예술회관)()",,
13996559,싯다르타 [군포],뮤지컬,뮤지컬,"김보강, 조범준, 허윤혜, 배준성, 김태현, 박상희, 김석환 등","김면수, 성천모, 조범준 등","(주)엠에스엠시(제작사), (주)엠에스엠시(주관)",,
13998238,안개가 걷히면 [인천],연극,연극,"염재욱, 최부건, 김가빈",박상우,"떼아뜨르 다락(주관), 떼아뜨르 다락(주최)",김민수,
14011157,갤러리 콘서트 Jazz,대중음악,재즈/월드뮤직,"이미영. 임주헌, 김성수 등",,"(주)로운아뜨리움(), (주)로운아뜨리움()",,
14011259,김은성 파이프 오르간 독주회 [인천],서양음악(클래식),기악,김은성,,"엘림아트센터(주최), 엘림아트센터(주관)",,
14011313,앙상블 토니카 [인천],서양음악(클래식),기악,"이강원, 김나현, 정원영, 나승준, 유소람, 유리슬, 최지호 등",,"엘림아트센터(주최), 엘림아트센터(주관)",,
14011385,제1회 앙상블 보라 정기연주회 [인천],서양음악(클래식),기악,"정진우, 이인애, 박지은, 박민선, 김지수, 조준휘, 김재곤",,"엘림아트센터(주최), 엘림아트센터(주관)",,
14011570,"금요펀치콘서트, 피아니스트 박혜영의 달빛 소나타",서양음악(클래식),기악,박혜영,,파리뮤직포럼(주최),,
14011577,정결한 집,연극,연극,"오지숙, 고형준, 차두리, 장기석, 손우정","서현우, 전도민, 배건호 등","공동창작집단 가온(제작사), 극단 노뜰(주관), 극단 노뜰(주최)",정찬,"서현우, 변영진(각색)"
14012218,"꿈꾸는극장, 목수장이 엘리",연극,인형극,,,"(재)구로문화재단(주최), (재)구로문화재단()",,
14035346,인 메이트 프레젠트: 7월의 바캉스,대중음악,대중가요,,,삼익문화재단(주관),,
14035596,"명가의 초대, 기타리스트 유지연 X 채은옥",대중음악,대중가요,"채은옥, 유지연",,삼익문화재단(주최),,
14035604,명가의 초대: 기타리스트 김광석 X 황명하,대중음악,대중가요,"김광석, 황명하",,삼익문화재단(주최),,
14084409,"Meet the Artist, 비올리스트 박경민",서양음악(클래식),기악,박경민,,(주)마스트미디어(주최),,
14084665,김현철의 유쾌한 오쾌스트라,서양음악(클래식),기악,"김현철, 박미화 등",,"양산시시설관리공단(주최), (주)비다엠엔터테인먼트(주관)",,
14084961,썸머매직쇼캉스 [함양],뮤지컬,넌버벌 퍼포먼스,,,"한국문화예술회관연합회(KoCACA)(주최), 함양군문화예술회관(주관), 대교 트라움벨트(주관)",,
14085070,"제11회 대한민국 국공립극단 페스티벌 , 전주시립극단 오델로",연극,연극,"고조영, 안세형, 홍지예, 홍자연, 소종호, 서주희, 안대원 등","이태섭, 최바울, 전양배 등",전주시립극단(주관),윌리엄 셰익스피어,국민성(각색)
14085467,"제11회 대한민국 국공립극단 페스티벌, 부산시립극단 갈매기",연극,연극,,,"경주시립예술단(주관), 경주시(주최), 한국국공립극단협의회(주관)",안톤 체호프,
14088195,"달콤한 작은음악회, 교과서에 나오는 클래식이야기",서양음악(클래식),기악,,,"성주문화예술회관(주관), 한국문화예술회관연합회(KoCACA)(주최), 성주군청(주최)",,
14088303,"달콤한 작은음악회, 브로드 웨이의 재즈",대중음악,재즈/월드뮤직,,,"한국문화예술회관연합회(KoCACA)(주최), 성주문화예술회관(주관), 성주군청(주최)",,
14088418,"달콤한 작은음악회, 뮤지컬&시네마 뮤직",서양음악(클래식),기악,,,"한국문화예술회관연합회(KoCACA)(주최), 성주군청(주최), 성주문화예술회관(주관)",,
14088523,반짝 반짝 별이 된 모차르트 [영주],서양음악(클래식),기악,,,한국문화예술회관연합회(KoCACA)(주최),,
14088526,동요 & 만화 갈라콘서트,대중음악,기타,"김민석, 김선희, 장소연",,"한국문화예술회관연합회(KoCACA)(주관), 영천시민회관(주관), 문화체육관광부(주최)",,
14088623,"하우스콘서트, 전용준 트리오 (7월)",대중음악,재즈/월드뮤직,"전용준, 김대호, 김영진",,울주문화예술회관(울주군시설관리공단)(주관),,
14088876,반도네온 고상지 콘서트 [성남],대중음악,재즈/월드뮤직,고상지,,"티엘아이 아트센터(주최), (주)조슈아(티엘아이 아트센터) (주최)",,
14111824,코로나19 극복 힘내라 대한민국 오페라 갈라 콘서트,서양음악(클래식),오페라,"양진모, 오미선, 이화영, 고현아, 강헤명, 이정은, 이다미 등","이강호 , 안주은","(사)라벨라오페라단(주최), (사)라벨라오페라단(주관)",,
14126477,"씨네스테이지, 지저스 크라이스트 수퍼스타",뮤지컬,뮤지컬,"벤 포스터, 팀 민친, 크리스 모일즈, 알렉스 헨슨, 마첼 피커링, 피트 갤러거, 멜라니 C","팀 라이스, 앤드류 로이드 웨버, 로렌스 코너","울산광역시 중구청(주최), 울산광역시 중구문화의전당(주관)",,
14126508,고리의 간극,연극,연극,"박군호, 박진수, 이동하, 이현희, 임예빈, 정선주, 정의철 등",,,,
14132851,"제12회 페스티벌개판, 인류의 희망",연극,연극,"강종현, 강지수, 강지유, 김선영, 김윤지, 양은정, 장명훈","장명훈, 박지민, 백승빈 등","페스티벌 개판 운영위원회(주최), 페스티벌 개판 운영위원회(주관), 극단 홍시(제작사)",장명훈,
14149582,숲 [soop:],연극,연극,"김혜주, 우수윤, 김금인","차현석, 지윤정, 김유신정 등",극단 후암(제작사),차현석,
14150015,망태할아버지가 온다,연극,인형극,,,"의령군청(의령군)(주관), 극단 문(門)(주관), 한국문화예술회관연합회(KoCACA)(주최)",,
14150194,무대 위 에디뜨 피아트 뮤지컬배우 문희경의 장밋빛 샹송,대중음악,재즈/월드뮤직,"문희경, 유승호, 조용원, 최혜진",,"한국문화예술회관연합회(KoCACA)(주관), 의령군청(의령군)(주관), 문화체육관광부(주최)",,
14150319,룰루랄라 음악산책: 잼잼음악회,서양음악(클래식),기악,,,"문경문화예술회관(주관), 한국문화예술회관연합회(KoCACA)(주최)",,
14150622,가족-동행,한국음악(국악),창극,"왕기철, 왕윤정, 왕시연, 왕기석, 박애리",,"세종특별자치시청(주최), (재)세종시문화재단(주관)",,
14150805,Kyuhee SALON 미니콘서트&토크 III,대중음악,대중가요,박규희,,(주)뮤직앤아트컴퍼니(주최),,
14150845,첼로소년 콘서트,서양음악(클래식),기악,"조재형, 김용재",,쌀롱드무지끄(주최),,
14150863,"제3회 페미니즘 연극제, 메갈리아의 딸들",연극,연극,"이예빈, 인의주, 이름","우지안, 신승연, 이예빈 등",페미씨어터(주최),"신승연, 우지안, 이에빈, 인의주",
14150978,"제3회 페미니즘 연극제, 계절을 잃은 숲",연극,마임,이산,"이산, 양자경, 이나연 등",페미씨어터(주최),,
14151712,박가경 바이올린 독주회 [수원],서양음악(클래식),기악,"박가경, 황문희",,영음예술기획(주최),,
14151797,死의 찬미？,연극,연극,"윤중강, 오진영, 안덕용, 임은선, 김준겸, 윤태호, 이경화 등",,"비온뒤(제작사), (재)경기도문화의전당(주최)",,
