공연명,장르명,지역,공연시설명,최종_좌석점유율,총_공연회차_계산,판매좌석수_합계,평균_판매좌석수,평균판매단가,회차당매출,접근성_점수,U_participation,S_scale,A_afford,DPI_plus,DPI_region_adj_seg,DPI_region_pr_seg,is_free
"한강노들섬클래식, 한강노들섬발레: 백조의 호수",무용(서양/한국무용),서울,노들섬,2.4359,2,3001.0,1500.5,0.0,0.0,4,0.975004698364969,0.793535258251205,0.9527017830406969,89.79052612548985,95.79052612548985,1.0,True
"한강노들섬클래식, 한강노들섬오페라: 세비야의 이발사",서양음악(클래식),서울,노들섬,2.37745,2,2929.0,1464.5,0.0,0.0,4,0.975004698364969,0.7879871609538636,0.9527017830406969,89.53888493793738,95.53888493793738,0.9990689013035382,True
"한강노들섬클래식, 한강노들섬발레: 잠자는 숲속의 미녀",무용(서양/한국무용),서울,노들섬,2.2208,2,2736.0,1368.0,0.0,0.0,4,0.975004698364969,0.7836554045711708,0.9527017830406969,89.34167250258585,95.34167250258585,0.9981378026070763,True
"한강노들섬클래식, 한강노들섬오페라: 카르멘",서양음악(클래식),서울,노들섬,2.12255,2,2615.0,1307.5,0.0,0.0,4,0.975004698364969,0.7821631257879859,0.9527017830406969,89.27358189895197,95.27358189895197,0.9972067039106145,True
MU: CON [신한SOL페이 스퀘어],대중음악,서울,신한카드 SOL페이 스퀘어(구.신한pLay 스퀘어),1.7689,2,1500.0,750.0,0.0,0.0,6,0.975004698364969,0.7341763567016467,0.9527017830406969,87.04106231992166,93.04106231992166,0.9962756052141527,True
MU:CON [신한pLay 스퀘어],대중음악,서울,신한카드 SOL페이 스퀘어(구.신한pLay 스퀘어),1.6981,2,1440.0,720.0,0.0,0.0,6,0.975004698364969,0.7285770276284788,0.9527017830406969,86.77491851783611,92.77491851783611,0.9953445065176909,True
K-Arts DMZ Festa,대중음악,기타,강원세계산림엑스포행사장,1.08046667,3,6311.0,2103.67,0.0,0.0,0,0.9262222460869332,0.8764488401880556,0.9527017830406969,90.59823831417567,91.95252826717248,1.0,True
"제29회 한국예술종합학교, 크누아 오페라 정기공연: DON GIOVANNI",서양음악(클래식),서울,국립극장,1.0,4,4884.0,1221.0,0.0,0.0,5,0.8357585845839933,0.8744152139091375,0.9527017830406969,85.10118153570332,91.10118153570332,0.994413407821229,True
MU: CON [무신사 개러지],대중음악,서울,무신사 개러지 (구. 왓챠홀),2.13695,2,983.0,491.5,0.0,0.0,0,0.975004698364969,0.6816551306655773,0.9527017830406969,84.49478559075142,90.49478559075142,0.9934823091247672,True
MU:CON [무신사 개러지],대중음악,서울,무신사 개러지(구. 왓챠홀),2.0696,2,952.0,476.0,0.0,0.0,0,0.975004698364969,0.6767099192102503,0.9527017830406969,84.24905574837524,90.24905574837524,0.9925512104283054,True
MU:CON [롤링홀],대중음악,서울,롤링홀,1.7825,2,713.0,356.5,0.0,0.0,0,0.975004698364969,0.6405498092126617,0.9527017830406969,82.41859135284496,88.41859135284496,0.9916201117318436,True
제8회 대한민국장애인국제무용제,무용(서양/한국무용),서울,아르코예술극장,1.0,3,1800.0,600.0,0.0,0.0,2,0.8357585845839933,0.7827970924395993,0.9527017830406969,81.41570525631529,87.41570525631529,0.9906890130353817,True
박혜현 피아노 독주회,서양음악(클래식),서울,세종문화회관,6.772,1,3000.0,3000.0,0.0,0.0,3,0.975004698364969,0.6164432497291055,0.9527017830406969,81.16359322349805,87.16359322349805,0.9888268156424581,True
김애리 피아노 독주회,서양음악(클래식),서울,세종문화회관,6.772,1,3000.0,3000.0,0.0,0.0,3,0.975004698364969,0.6164432497291055,0.9527017830406969,81.16359322349805,87.16359322349805,0.9888268156424581,True
양혜순 비올라 독주회,서양음악(클래식),서울,세종문화회관,6.772,1,3000.0,3000.0,0.0,0.0,3,0.975004698364969,0.6164432497291055,0.9527017830406969,81.16359322349805,87.16359322349805,0.9888268156424581,True
안녕! 여름 X 안녕? 가을 페스티벌 [계룡],대중음악,충청,계룡시민체육관,1.94985,2,2800.0,1400.0,0.0,0.0,0,0.975004698364969,0.784580396183985,0.9527017830406969,89.38383953273605,86.02766789614395,1.0,True
이은결 더 일루션,서커스/마술,영남,예주문화예술회관,1.29003333,3,2055.0,685.0,0.0,0.0,4,0.9397535371976267,0.7975415974152719,0.9527017830406969,88.00548059974449,85.60831242574193,1.0,True
MU: CON [ㅎㄷ카페],대중음악,서울,홍대 카페 (구.홍대카페),1.6367,2,491.0,245.5,0.0,0.0,1,0.975004698364969,0.5808906543603587,0.9527017830406969,79.25775759207792,85.25775759207792,0.9869646182495344,True
생각하는 손: 흙과 실의 춤,무용(서양/한국무용),서울,국립국악원,1.0,2,1316.0,658.0,0.0,0.0,7,0.8357585845839933,0.7219796570052487,0.9527017830406969,78.824004036033,84.824004036033,0.9855679702048417,True
"국립민속국악원, 지지지 [서울]",한국음악(국악),서울,국립국악원,1.0,2,1316.0,658.0,0.0,0.0,7,0.8357585845839933,0.7219796570052487,0.9527017830406969,78.824004036033,84.824004036033,0.9855679702048417,True
"제32회 젊은연극제, 한여름 밤의 꿈",연극,서울,세종대학교 충무관,1.1175,4,447.0,111.75,0.0,0.0,7,0.929121808467796,0.6151898152669821,0.9527017830406969,78.78567263628636,84.78567263628636,0.984171322160149,True
제19회 창신제,한국음악(국악),서울,세종문화회관,0.9821,4,11872.0,2968.0,0.0,0.0,3,0.7164201143716272,0.902770584411248,0.9527017830406969,78.58354605560949,84.58354605560949,0.9832402234636871,True
"문화가 흐르는 예술섬 노들, 케이컬처 (K-CULTRUE) 특별주간, EBS 스페이스 공감 20주년 기념 공연: We are SPACE RECORD: er",대중음악,서울,노들섬,2.1104,1,1300.0,1300.0,0.0,0.0,4,0.975004698364969,0.5633454766976378,0.9527017830406969,78.2913802721686,84.2913802721686,0.9823091247672253,True
제18회 창신제,한국음악(국악),서울,세종문화회관,0.9821,3,8904.0,2968.0,0.0,0.0,3,0.7164201143716272,0.8764488401880556,0.9527017830406969,77.65891001303027,83.65891001303027,0.9813780260707635,True
제6회 비내림국악관현악단 정기연주회: 향수 (鄕愁),한국음악(국악),서울,국립국악원,1.6429,1,1081.0,1081.0,0.0,0.0,7,0.975004698364969,0.5448511162779697,0.9527017830406969,77.2529661171829,83.2529661171829,0.9804469273743017,True
김소연 & 김지은 피아노 듀오 리사이틀 (10.05),서양음악(클래식),서울,꿈의숲아트센터,3.3223,1,1000.0,1000.0,0.0,0.0,8,0.975004698364969,0.5346319947191684,0.9527017830406969,76.67009532217031,82.67009532217031,0.9795158286778398,True
"2.28 민주운동 뮤지컬이 되다!, 새벽을 여는 함성 [대구]",뮤지컬,영남,대덕문화전당,1.33485,2,1431.0,715.5,0.0,0.0,4,0.941767122184337,0.7282058823114873,0.9527017830406969,84.9704245124303,82.57325633842774,0.9990079365079365,True
"제32회 젊은연극제, 안티고네",연극,서울,서강대 메리홀,1.14666667,3,344.0,114.67,0.0,0.0,1,0.9307595242569872,0.5643664829296751,0.9527017830406969,76.19508867397096,82.19508867397096,0.978584729981378,True
제주 비밀을 찾아 떠나는 모험,뮤지컬,제주,제주문예회관,1.0,5,4140.0,828.0,0.0,0.0,3,0.8357585845839933,0.8702145285580813,0.9527017830406969,84.93741502782255,81.7538549222312,1.0,True
"춘천마임축제, OVVIO",연극,기타,춘천문화예술회관,1.0,2,1880.0,940.0,0.0,0.0,3,0.8357585845839933,0.7517609167718291,0.9527017830406969,80.10883299686209,81.4631229498589,0.9936708860759493,True
IBK음악회,서양음악(클래식),서울,세종문화회관,1.0,1,3022.0,3022.0,0.0,0.0,3,0.8357585845839933,0.6187113787888436,0.9527017830406969,74.10435797925933,80.10435797925933,0.9771880819366853,True
코리안리 신년음악회,서양음악(클래식),서울,세종문화회관,1.0,1,3022.0,3022.0,0.0,0.0,3,0.8357585845839933,0.6187113787888436,0.9527017830406969,74.10435797925933,80.10435797925933,0.9771880819366853,True
서울무형문화축제,무용(서양/한국무용),서울,남산골한옥마을,1.0,2,604.0,302.0,0.0,0.0,3,0.8357585845839933,0.6159361555846666,0.9527017830406969,73.97122091707725,79.97122091707725,0.9757914338919925,True
생각나라 과자집 [군산],뮤지컬,호남,군산어린이공연장,1.0,2,660.0,330.0,0.0,0.0,3,0.8357585845839933,0.6295029936569007,0.9527017830406969,74.61869125298388,79.45310157332432,0.9973262032085561,True
아! 토리 주머니 [군산],뮤지컬,호남,군산어린이공연장,1.0,2,660.0,330.0,0.0,0.0,3,0.8357585845839933,0.6295029936569007,0.9527017830406969,74.61869125298388,79.45310157332432,0.9973262032085561,True
가방 들어주는 아이 [군산],뮤지컬,호남,군산어린이공연장,1.0,2,660.0,330.0,0.0,0.0,3,0.8357585845839933,0.6295029936569007,0.9527017830406969,74.61869125298388,79.45310157332432,0.9973262032085561,True
루드윅: 베토벤 더 피아노 [동해],뮤지컬,기타,동해문화예술회관,1.0,2,1140.0,570.0,0.0,0.0,3,0.8357585845839933,0.7030959181861345,0.9527017830406969,77.99276879817856,79.34705875117537,0.9873417721518988,True
"울산서머페스티벌, 쇼 음악중심",대중음악,영남,울산종합운동장,4.4839,1,4457.0,4457.0,0.0,0.0,5,0.975004698364969,0.6269612989251443,0.9527017830406969,81.71472406234706,79.3175558883445,0.998015873015873,True
"프로젝트10minutes, 여섯 번째 감각 시즌1",연극,서울,아르코예술극장,1.184,5,148.0,29.6,0.0,0.0,2,0.9330147394421027,0.5099639440280752,0.9527017830406969,73.273829783958,79.273829783958,0.9748603351955307,True
교보 노블리에 콘서트 (8.24),서양음악(클래식),서울,롯데콘서트홀,1.0,1,2036.0,2036.0,0.0,0.0,6,0.8357585845839933,0.6013729696737333,0.9527017830406969,73.26660522748051,79.26660522748051,0.9641527001862198,True
연합뉴스TV 개국 12주년 송년음악회,서양음악(클래식),서울,롯데콘서트홀,1.0,1,2036.0,2036.0,0.0,0.0,6,0.8357585845839933,0.6013729696737333,0.9527017830406969,73.26660522748051,79.26660522748051,0.9641527001862198,True
제76회 크누아심포니오케스트라 정기연주회,서양음악(클래식),서울,롯데콘서트홀,1.0,1,2036.0,2036.0,0.0,0.0,6,0.8357585845839933,0.6013729696737333,0.9527017830406969,73.26660522748051,79.26660522748051,0.9641527001862198,True
온드림 스테이지,서양음악(클래식),서울,롯데콘서트홀,1.0,1,2036.0,2036.0,0.0,0.0,6,0.8357585845839933,0.6013729696737333,0.9527017830406969,73.26660522748051,79.26660522748051,0.9641527001862198,True
모아사랑 음악회,서양음악(클래식),서울,롯데콘서트홀,1.0,1,2036.0,2036.0,0.0,0.0,6,0.8357585845839933,0.6013729696737333,0.9527017830406969,73.26660522748051,79.26660522748051,0.9641527001862198,True
아름다운 중소기업 나눔콘서트,서양음악(클래식),서울,롯데콘서트홀,1.0,1,2036.0,2036.0,0.0,0.0,6,0.8357585845839933,0.6013729696737333,0.9527017830406969,73.26660522748051,79.26660522748051,0.9641527001862198,True
평화를 기원하는 사랑의 콘서트,서양음악(클래식),서울,롯데콘서트홀,1.0,1,2036.0,2036.0,0.0,0.0,6,0.8357585845839933,0.6013729696737333,0.9527017830406969,73.26660522748051,79.26660522748051,0.9641527001862198,True
나눔 가족음악회,서양음악(클래식),서울,롯데콘서트홀,1.0,1,2036.0,2036.0,0.0,0.0,6,0.8357585845839933,0.6013729696737333,0.9527017830406969,73.26660522748051,79.26660522748051,0.9641527001862198,True
제9회 연합뉴스TV 정기음악회,서양음악(클래식),서울,롯데콘서트홀,1.0,1,2036.0,2036.0,0.0,0.0,6,0.8357585845839933,0.6013729696737333,0.9527017830406969,73.26660522748051,79.26660522748051,0.9641527001862198,True
교보 노블리에 콘서트 (8.23),서양음악(클래식),서울,롯데콘서트홀,1.0,1,2036.0,2036.0,0.0,0.0,6,0.8357585845839933,0.6013729696737333,0.9527017830406969,73.26660522748051,79.26660522748051,0.9641527001862198,True
대한민국해군군악대 정기연주회,서양음악(클래식),서울,롯데콘서트홀,1.0,1,2036.0,2036.0,0.0,0.0,6,0.8357585845839933,0.6013729696737333,0.9527017830406969,73.26660522748051,79.26660522748051,0.9641527001862198,True
목포시립교향악단 창단 40주년 기념음악회,서양음악(클래식),서울,롯데콘서트홀,1.0,1,2036.0,2036.0,0.0,0.0,6,0.8357585845839933,0.6013729696737333,0.9527017830406969,73.26660522748051,79.26660522748051,0.9641527001862198,True
제42회 크누아 윈드 오케스트라 정기연주회,서양음악(클래식),서울,롯데콘서트홀,1.0,1,2036.0,2036.0,0.0,0.0,6,0.8357585845839933,0.6013729696737333,0.9527017830406969,73.26660522748051,79.26660522748051,0.9641527001862198,True
제37회 Korea Women's Wind Orchestra 정기연주회,서양음악(클래식),서울,롯데콘서트홀,1.0,1,2036.0,2036.0,0.0,0.0,6,0.8357585845839933,0.6013729696737333,0.9527017830406969,73.26660522748051,79.26660522748051,0.9641527001862198,True
"Lovely Concert, 중소기업사랑나눔콘서트",서양음악(클래식),서울,롯데콘서트홀,1.0,1,2036.0,2036.0,0.0,0.0,6,0.8357585845839933,0.6013729696737333,0.9527017830406969,73.26660522748051,79.26660522748051,0.9641527001862198,True
"가정의 달 기념 영화음악 콘서트, CINEMA SUITE FOR 국군교향악단",서양음악(클래식),서울,롯데콘서트홀,1.0,1,2036.0,2036.0,0.0,0.0,6,0.8357585845839933,0.6013729696737333,0.9527017830406969,73.26660522748051,79.26660522748051,0.9641527001862198,True
연합뉴스TV 개국 13주년 송년음악회,서양음악(클래식),서울,롯데콘서트홀,1.0,1,2036.0,2036.0,0.0,0.0,6,0.8357585845839933,0.6013729696737333,0.9527017830406969,73.26660522748051,79.26660522748051,0.9641527001862198,True
여름에 만나는 겨울나그네,서양음악(클래식),서울,롯데콘서트홀,1.0,1,2036.0,2036.0,0.0,0.0,6,0.8357585845839933,0.6013729696737333,0.9527017830406969,73.26660522748051,79.26660522748051,0.9641527001862198,True
제79주년 광복절 기념 송파구민 합창,서양음악(클래식),서울,롯데콘서트홀,1.0,1,2036.0,2036.0,0.0,0.0,6,0.8357585845839933,0.6013729696737333,0.9527017830406969,73.26660522748051,79.26660522748051,0.9641527001862198,True
선화예술고등학교 개교 50주년 기념 관현악 정기연주회,서양음악(클래식),서울,롯데콘서트홀,1.0,1,2036.0,2036.0,0.0,0.0,6,0.8357585845839933,0.6013729696737333,0.9527017830406969,73.26660522748051,79.26660522748051,0.9641527001862198,True
"제35회 이건음악회, 타펠무지크 바로크 오케스트라 & 레이첼 포저 초청 연주회",서양음악(클래식),서울,롯데콘서트홀,1.0,1,2036.0,2036.0,0.0,0.0,6,0.8357585845839933,0.6013729696737333,0.9527017830406969,73.26660522748051,79.26660522748051,0.9641527001862198,True
국군교향악단 정기연주회,서양음악(클래식),서울,롯데콘서트홀,1.0,1,2036.0,2036.0,0.0,0.0,6,0.8357585845839933,0.6013729696737333,0.9527017830406969,73.26660522748051,79.26660522748051,0.9641527001862198,True
"제31회 젊은연극제, 플라자호텔",연극,서울,서강대 메리홀,1.0,4,400.0,100.0,0.0,0.0,1,0.8357585845839933,0.6002389393432899,0.9527017830406969,73.21130935763787,79.21130935763787,0.9534450651769087,True
"울산서머페스티벌, 쇼! 음악중심",대중음악,영남,울산종합운동장,3.7988,1,3776.0,3776.0,0.0,0.0,5,0.975004698364969,0.6237467850288606,0.9527017830406969,81.5468806863872,79.14971251238464,0.9970238095238095,True
IBK음악회,서양음악(클래식),서울,세종문화회관,0.959,2,4891.0,2445.5,0.0,0.0,6,0.67643031653556,0.8144413330003226,0.9527017830406969,72.85808644296242,78.85808644296242,0.952513966480447,True
이순신의 바다 [거제],뮤지컬,영남,거제문화예술회관,1.0,2,2418.0,1209.0,0.0,0.0,3,0.8357585845839933,0.7765682655469651,0.9527017830406969,81.1559495257745,78.75878135177194,0.996031746031746,True
뜬쇠예술단의 하우스콘서트: 마딧길,한국음악(국악),충청,태안군문화예술회관,1.0,3,2061.0,687.0,0.0,0.0,3,0.8357585845839933,0.7977126756639378,0.9527017830406969,82.03271868245547,78.67654704586337,0.9953703703703703,True
"제17회 DIMF , 수원대학교 지저스 크라이스트 슈퍼스타",뮤지컬,영남,아양아트센터,1.0,2,2222.0,1111.0,0.0,0.0,6,0.8357585845839933,0.7700884135127919,0.9527017830406969,80.88439537074507,78.48722719674251,0.9950396825396826,True
김대중 대통령 탄생 100주년 서거 15주년 기념음악회: 미래를 향하여 [광주],서양음악(클래식),호남,전남대학교 민주마루홀,1.0044,1,920.0,920.0,0.0,0.0,4,0.9112948693854539,0.5207998561934525,0.9527017830406969,72.85572719430348,77.69013751464392,0.9919786096256684,True
검은 소년,연극,서울,꿈의숲아트센터,0.9894,3,840.0,280.0,0.0,0.0,8,0.7387843316240235,0.6832443176128511,0.9527017830406969,71.60461551371921,77.60461551371921,0.9515828677839852,True
"강북연극제, 엄마집 & 복사꽃 지면 송화 날리고",연극,서울,강북문화예술회관,0.9766,6,1002.0,167.0,0.0,0.0,7,0.7060300158402019,0.7304898780106704,0.9527017830406969,71.57141111382408,77.57141111382408,0.9506517690875232,True
"제32회 젊은연극제, On Air Hamlet",연극,서울,선돌극장,1.01155,2,263.0,131.5,0.0,0.0,1,0.9140601927672027,0.4947478299031469,0.9527017830406969,71.50533352823723,77.50533352823723,0.9497206703910615,True
셰프 [부여],뮤지컬,충청,국립부여박물관,1.02585,2,872.0,436.0,0.0,0.0,4,0.9184363841383199,0.6662426593774066,0.9527017830406969,80.77601480924864,77.41984317265653,0.9907407407407407,True
제18회 디가디가 타악기 앙상블 정기연주회,서양음악(클래식),영남,(재)영화의전당,1.0,2,1682.0,841.0,0.0,0.0,8,0.8357585845839933,0.7438950217349249,0.9527017830406969,79.77249375149607,77.37532557749351,0.9940476190476191,True
신인균 첼로 독주회,서양음악(클래식),서울,꿈의숲아트센터,1.6611,1,500.0,500.0,0.0,0.0,8,0.975004698364969,0.44474668867153244,0.9527017830406969,71.22773174298588,77.22773174298588,0.9483240223463687,True
소프라노 정주희 독창회: 내 마음에 한 노래 있어 Ⅲ,서양음악(클래식),서울,꿈의숲아트센터,1.6611,1,500.0,500.0,0.0,0.0,8,0.975004698364969,0.44474668867153244,0.9527017830406969,71.22773174298588,77.22773174298588,0.9483240223463687,True
지오반니 그라노 & 콰르텟 미티야 내한공연,서양음악(클래식),서울,국립극장,1.0,1,1221.0,1221.0,0.0,0.0,5,0.8357585845839933,0.5576957484634981,0.9527017830406969,71.08982435470365,77.08982435470365,0.9445996275605214,True
"교성곡 회당: 불법은 체요, 세간법은 그림자라",한국음악(국악),서울,국립극장,1.0,1,1221.0,1221.0,0.0,0.0,5,0.8357585845839933,0.5576957484634981,0.9527017830406969,71.08982435470365,77.08982435470365,0.9445996275605214,True
설맞이 음악회,한국음악(국악),서울,국립극장,1.0,1,1221.0,1221.0,0.0,0.0,5,0.8357585845839933,0.5576957484634981,0.9527017830406969,71.08982435470365,77.08982435470365,0.9445996275605214,True
무 (舞) 말: 하다,무용(서양/한국무용),서울,국립극장,1.0,1,1221.0,1221.0,0.0,0.0,5,0.8357585845839933,0.5576957484634981,0.9527017830406969,71.08982435470365,77.08982435470365,0.9445996275605214,True
제17회 아르스 필하모닉 오케스트라 정기연주회,서양음악(클래식),서울,국립극장,1.0,1,1221.0,1221.0,0.0,0.0,5,0.8357585845839933,0.5576957484634981,0.9527017830406969,71.08982435470365,77.08982435470365,0.9445996275605214,True
제3회 서초한우리오케스트라 정기연주회,서양음악(클래식),서울,국립극장,1.0,1,1221.0,1221.0,0.0,0.0,5,0.8357585845839933,0.5576957484634981,0.9527017830406969,71.08982435470365,77.08982435470365,0.9445996275605214,True
"제849회 전남도립국악단 토요가무악희 시즌1, 그린국악",한국음악(국악),호남,남도소리울림터,0.9892,2,1104.0,552.0,0.0,0.0,1,0.7380862888286305,0.6995087465148784,0.9527017830406969,72.24063291675702,77.07504323709746,0.9893048128342246,True
"봄의 시작을 여는 무용축제, 네 번째 이야기",무용(서양/한국무용),경인,IGC 글로벌캠퍼스,1.2995,2,1011.0,505.5,0.0,0.0,3,0.9401831019947915,0.6896171850170797,0.9527017830406969,83.05593945508541,77.05593945508541,1.0,True
평행우주 없이 사는 법,연극,영남,밀양아리랑아트센터,1.0,2,1530.0,765.0,0.0,0.0,7,0.8357585845839933,0.7360012932971982,0.9527017830406969,79.43281226154078,77.03564408753822,0.9930555555555556,True
"서울시립교향악단, 우리동네 음악회",서양음악(클래식),서울,금나래아트홀,0.98955,2,844.0,422.0,0.0,0.0,6,0.7393615593202137,0.6624294563767665,0.9527017830406969,70.75709181628885,76.75709181628885,0.9413407821229051,True
총체극 당진 풍류도 공연,한국음악(국악),충청,당진문예의전당,1.1667,2,700.0,350.0,0.0,0.0,5,0.9321824576475958,0.6361334142547728,0.9527017830406969,80.0054991109849,76.6493274743928,0.9861111111111112,True
"제3회 대한민국치유예술제, XXL 레오타드 안나수이 손거울",연극,서울,민송아트홀 (구. 브로드웨이아트홀),1.0,2,388.0,194.0,0.0,0.0,1,0.8357585845839933,0.5475183827237029,0.9527017830406969,70.56802935466253,76.56802935466253,0.9404096834264432,True
제56회 제주도립무용단 정기공연,무용(서양/한국무용),제주,제주문예회관,1.0,2,1656.0,828.0,0.0,0.0,3,0.8357585845839933,0.7425018249056481,0.9527017830406969,79.71269967403786,76.52913956844651,0.989010989010989,True
"청소년 힐링 콘서트, 틴텐타임 [당진]",대중음악,충청,당진 문화공감터,1.434375,4,459.0,114.75,0.0,0.0,0,0.945606357558998,0.6185700889188209,0.9527017830406969,79.79612396868468,76.43995233209259,0.9814814814814815,True
이데일리 일자리창출 응원 콘서트: Cheer up,대중음악,서울,코엑스,1.0,1,1080.0,1080.0,0.0,0.0,8,0.8357585845839933,0.5447684318586645,0.9527017830406969,70.42604193844267,76.42604193844267,0.9394785847299814,True
"이랑 x 셀럽 맷 음악 토크콘서트, 우리의 방",대중음악,서울,오페라하우스 [신도림],6.3014,1,460.0,460.0,0.0,0.0,1,0.975004698364969,0.4313538515587464,0.9527017830406969,70.36189009586647,76.36189009586647,0.9385474860335196,True
"제6회 청소년뮤지컬단 정기공연, 엄마 [인천]",뮤지컬,경인,인천학생교육문화회관,1.0034,2,1188.0,594.0,0.0,0.0,5,0.910999543587403,0.7074466038972673,0.9527017830406969,82.33573411441965,76.33573411441965,0.9990610328638497,True
라라라온 [게토얼라이브홀],대중음악,서울,게토얼라이브,1.26,2,189.0,94.5,0.0,0.0,1,0.9380352780089671,0.4561848592963588,0.9527017830406969,70.30526505432769,76.30526505432769,0.9376163873370578,True
폴리팝 [인천 동구],뮤지컬,경인,인천동구문화체육센터,1.0,4,1980.0,495.0,0.0,0.0,1,0.8357585845839933,0.8001714331079092,0.9527017830406969,82.1337637648016,76.1337637648016,0.9981220657276996,True
이상한 나라의 세계 [안산],연극,경인,안산문화예술의전당,1.0571,5,740.0,148.0,0.0,0.0,6,0.923644857303944,0.6862039495515004,0.9527017830406969,82.01330153564909,76.01330153564909,0.9971830985915493,True
"군위군 대구광역시 편입 기념, KBS교향악단 초청 연주회",서양음악(클래식),영남,대구콘서트하우스,1.4665,1,1883.0,1883.0,0.0,0.0,7,0.9468682041506699,0.5908197457431307,0.9527017830406969,78.40715945649652,76.00999128249396,0.9920634920634921,True
제74회 군산시립합창단 특별기획연주회: 하모니(Harmony),서양음악(클래식),호남,군산예술의전당,1.0,1,1200.0,1200.0,0.0,0.0,4,0.8357585845839933,0.5557720017941112,0.9527017830406969,70.99163418762043,75.82604450796087,0.9866310160427807,True
KBS교향악단 초청 연주회 [대구],서양음악(클래식),영남,대구콘서트하우스,1.3715,1,1761.0,1761.0,0.0,0.0,7,0.9430826643756545,0.5863933765245657,0.9527017830406969,77.9839949790277,75.58682680502514,0.9910714285714286,True
"제11회 전남학교예술교육페스티벌, 오케스트라",서양음악(클래식),호남,예울마루,0.9089,6,5568.0,928.0,0.0,0.0,7,0.6039278331140763,0.8941307105603998,0.9527017830406969,70.65638794322304,75.49079826356348,0.983957219251337,True
부산포 해전과 이순신의 바다 [부산],뮤지컬,영남,동래문화회관,0.998,4,2016.0,504.0,0.0,0.0,5,0.7608666469782801,0.804252825252068,0.9527017830406969,77.79329490712979,75.39612673312723,0.9900793650793651,True
미스트롯3 전국투어 콘서트: 세상을 꺾고 뒤집어라! [전주],대중음악,호남,한국소리문화의전당,0.9367,2,3816.0,1908.0,0.0,0.0,8,0.6462936612344619,0.8038192393957988,0.9527017830406969,70.52146027663994,75.35587059698038,0.9812834224598931,True
"백제문화제 70주년 기념 음악회, 백제 위대한 발걸음 [공주]",한국음악(국악),충청,공주문예회관,1.0,2,1258.0,629.0,0.0,0.0,5,0.8357585845839933,0.7180677119007914,0.9527017830406969,78.65288682461629,75.2967151880242,0.9768518518518519,True
"제31회 젊은연극제, 서푼짜리 오페라",연극,서울,민송아트홀 (구. 브로드웨이아트홀),0.9743,3,795.0,265.0,0.0,0.0,1,0.7009155099739577,0.6768872348337712,0.9527017830406969,69.12035050042556,75.12035050042556,0.9366852886405959,True
제13회 한독 국제 유진 청소년 오케스트라 정기연주회,서양음악(클래식),호남,예울마루,1.0,1,1021.0,1021.0,0.0,0.0,7,0.8357585845839933,0.5405340923431148,0.9527017830406969,70.2065681078079,75.04097842814834,0.9786096256684492,True
과왕 챌린지 [군산],서커스/마술,호남,군산어린이공연장,0.9924,2,655.0,327.5,0.0,0.0,3,0.7521276881359572,0.6280688624738164,0.9527017830406969,69.98063054018638,74.81504086052682,0.9759358288770054,True
"모든예술31X고양 선정작, 파랑새",연극,경인,고양어울림누리,1.0,4,1464.0,366.0,0.0,0.0,8,0.8357585845839933,0.7683214479096493,0.9527017830406969,80.81010860505504,74.81010860505504,0.996244131455399,True
마술사 최형배의 MAGIC MOON [부천],서커스/마술,경인,부천시민회관,1.0,2,2082.0,1041.0,0.0,0.0,4,0.8357585845839933,0.7662044037284483,0.9527017830406969,80.7209687292468,74.7209687292468,0.9953051643192489,True
"제 31회 젊은연극제, 실수 연발",연극,서울,열린극장,1.0,2,300.0,150.0,0.0,0.0,1,0.8357585845839933,0.5117925111231469,0.9527017830406969,68.68882358614738,74.68882358614738,0.9357541899441341,True
한국가곡합창단 20주년 기념음악회,서양음악(클래식),서울,연세대학교 백주년기념관,1.0,1,829.0,829.0,0.0,0.0,7,0.8357585845839933,0.511152711807749,0.9527017830406969,68.65446313420011,74.65446313420011,0.9348230912476723,True
두산 신년음악회,서양음악(클래식),서울,세종문화회관,0.9894,1,2990.0,2990.0,0.0,0.0,3,0.7387843316240235,0.6143108889581546,0.9527017830406969,68.62239812131017,74.62239812131017,0.9338919925512105,True
레미제라블: 코제트 소녀 이야기 [논산],뮤지컬,충청,논산아트센터(구. 논산문화예술회관),1.0,2,1120.0,560.0,0.0,0.0,5,0.8357585845839933,0.7011345166269773,0.9527017830406969,77.90566639865055,74.54949476205846,0.9722222222222222,True
경북도민과 함께하는 최정원 뮤지컬 갈라콘서트 [안동],뮤지컬,영남,안동문화예술의전당,1.3863,1,1378.0,1378.0,0.0,0.0,7,0.9438612505705157,0.5663703568876516,0.9527017830406969,76.94583201861103,74.54866384460847,0.9890873015873016,True
The Colburn School in Korea,서양음악(클래식),서울,거암아트홀,1.0,2,288.0,144.0,0.0,0.0,5,0.8357585845839933,0.504801718491902,0.9527017830406969,68.31197436840655,74.31197436840655,0.9329608938547486,True
책먹는 여우 [김천],뮤지컬,영남,김천시립율곡도서관,1.0,2,928.0,464.0,0.0,0.0,2,0.8357585845839933,0.6737923282287644,0.9527017830406969,76.67590885052878,74.27874067652623,0.9880952380952381,True
제42회 유나이티드 필하모닉 오케스트라와 함께하는 안익태 탄생 117주년 기념음악회,서양음악(클래식),영남,부산문화회관,1.0805,1,1531.0,1531.0,0.0,0.0,7,0.926249093886756,0.577494809892319,0.9527017830406969,76.67537556105263,74.27820738705007,0.9871031746031746,True
아름다운 사인,연극,서울,코델아트홀,0.95,7,798.0,114.0,0.0,0.0,1,0.6666174457003249,0.7074050474498339,0.9527017830406969,68.26424114809846,74.26424114809846,0.9320297951582868,True
발레앤모델 슈퍼발레콘서트 인 서울,무용(서양/한국무용),서울,세종문화회관,0.89026667,3,8071.0,2690.33,0.0,0.0,3,0.5765833489945499,0.8764488401880556,0.9527017830406969,68.17229051636069,74.17229051636069,0.931098696461825,True
서울 전통춤 문화제,무용(서양/한국무용),서울,남산골한옥마을,0.9868,2,596.0,298.0,0.0,0.0,3,0.729025156388434,0.6088695432915369,0.9527017830406969,67.83521549972012,73.83521549972012,0.9301675977653632,True
"제17회 DIMF, 내 마음의 풍금",뮤지컬,영남,어울아트센터(구. 대구북구문예회관),1.0,2,850.0,425.0,0.0,0.0,5,0.8357585845839933,0.6634749912087108,0.9527017830406969,76.20409866623605,73.80693049223349,0.9856150793650794,True
"제17회 DIMF, FAME",뮤지컬,영남,어울아트센터(구. 대구북구문예회관),1.0,2,850.0,425.0,0.0,0.0,5,0.8357585845839933,0.6634749912087108,0.9527017830406969,76.20409866623605,73.80693049223349,0.9856150793650794,True
"익산 브랜드 공연, WEST & EAST: 서쪽남자 & 동쪽여자",무용(서양/한국무용),호남,익산예술의전당,0.9326,2,2242.0,1121.0,0.0,0.0,8,0.6397696458775204,0.7718185671687452,0.9527017830406969,68.9636544880675,73.79806480840794,0.9732620320855615,True
"남양주시립합창단, 해설이 있는 음악회: 합창으로 듣는 뮤지컬",서양음악(클래식),경인,와부읍주민자치센터,1.1875,2,660.0,330.0,0.0,0.0,9,0.9331087067414825,0.6295029936569007,0.9527017830406969,79.71838007443566,73.71838007443566,0.9943661971830986,True
어린왕자 [군산],연극,호남,군산어린이공연장,0.98635,2,651.0,325.5,0.0,0.0,3,0.7271189626010148,0.6274514650686553,0.9527017830406969,68.54808673132243,73.38249705166287,0.9705882352941176,True
국악관현악 축제,한국음악(국악),서울,국립국악원,1.0,1,658.0,658.0,0.0,0.0,7,0.8357585845839933,0.48778734521736666,0.9527017830406969,67.38150692717868,73.38150692717868,0.9283054003724395,True
제42회 대한민국작곡상 연주회,한국음악(국악),서울,국립국악원,1.0,1,658.0,658.0,0.0,0.0,7,0.8357585845839933,0.48778734521736666,0.9527017830406969,67.38150692717868,73.38150692717868,0.9283054003724395,True
제13회 국악동요 부르기 한마당,한국음악(국악),서울,국립국악원,1.0,1,658.0,658.0,0.0,0.0,7,0.8357585845839933,0.48778734521736666,0.9527017830406969,67.38150692717868,73.38150692717868,0.9283054003724395,True
제2회 한음회,한국음악(국악),서울,세종문화회관,0.9821,1,2968.0,2968.0,0.0,0.0,3,0.7164201143716272,0.6140393523805803,0.9527017830406969,67.3564429687353,73.3564429687353,0.9264432029795159,True
"세한대학교 전통연희학과 개설 20주년 기념공연, 전통연희: 오래된 여정",한국음악(국악),서울,국립극장,1.0,1,627.0,627.0,0.0,0.0,5,0.8357585845839933,0.4818265223553733,0.9527017830406969,67.05092732875148,73.05092732875148,0.9222532588454376,True
"안성시립남사당바우덕이풍물단 21주년 기념공연, 곰뱅이 텄다",한국음악(국악),서울,국립극장,1.0,1,627.0,627.0,0.0,0.0,5,0.8357585845839933,0.4818265223553733,0.9527017830406969,67.05092732875148,73.05092732875148,0.9222532588454376,True
깊은 밤에 더 빛나는 별빛,서양음악(클래식),서울,국립극장,1.0,1,627.0,627.0,0.0,0.0,5,0.8357585845839933,0.4818265223553733,0.9527017830406969,67.05092732875148,73.05092732875148,0.9222532588454376,True
"한일문화교류 연작시리즈, 동행: 열한 번째 이야기",대중음악,서울,국립극장,1.0,1,627.0,627.0,0.0,0.0,5,0.8357585845839933,0.4818265223553733,0.9527017830406969,67.05092732875148,73.05092732875148,0.9222532588454376,True
"정유경의 춤, 바라지꽃 필 무렵",무용(서양/한국무용),서울,국립극장,1.0,1,627.0,627.0,0.0,0.0,5,0.8357585845839933,0.4818265223553733,0.9527017830406969,67.05092732875148,73.05092732875148,0.9222532588454376,True
제76회 봉산탈춤 정기공연,무용(서양/한국무용),서울,국립극장,1.0,1,627.0,627.0,0.0,0.0,5,0.8357585845839933,0.4818265223553733,0.9527017830406969,67.05092732875148,73.05092732875148,0.9222532588454376,True
에이 프라이데이 나잇 (A-Friday Night),무용(서양/한국무용),서울,국립극장,1.0,1,627.0,627.0,0.0,0.0,5,0.8357585845839933,0.4818265223553733,0.9527017830406969,67.05092732875148,73.05092732875148,0.9222532588454376,True
영화 애수를 사랑한 젊은이,뮤지컬,서울,국립극장,1.0,1,627.0,627.0,0.0,0.0,5,0.8357585845839933,0.4818265223553733,0.9527017830406969,67.05092732875148,73.05092732875148,0.9222532588454376,True
"여름, 낭독시즌, 창작산실 대본공모 낭독공연",연극,서울,대학로예술극장,0.92338889,9,1097.0,121.89,0.0,0.0,1,0.6254463446720542,0.7415668527783443,0.9527017830406969,66.95363476098116,72.95363476098116,0.9180633147113594,True
"제32회 젊은연극제, 갈매기",연극,서울,공간아울,0.9302,6,960.0,160.0,0.0,0.0,2,0.6361451929014418,0.7225681805179734,0.9527017830406969,66.93993448202671,72.93993448202671,0.9171322160148976,True
"대진대학교 연기예술학과, More Than Hamlet (모어 댄 햄릿)",연극,경인,대진대학교,1.25666667,6,377.0,62.83,0.0,0.0,6,0.9378741912100304,0.6095061397967825,0.9527017830406969,78.93652158705629,72.93652158705629,0.9934272300469483,True
"제24회 예원예술대학교 공연예술학과 정기공연, 유린",뮤지컬,경인,고양어울림누리,1.0,3,1098.0,366.0,0.0,0.0,8,0.8357585845839933,0.7242819419997355,0.9527017830406969,78.92445119146308,72.92445119146308,0.9924882629107982,True
세종꿈나무오케스트라 정기연주회,서양음악(클래식),서울,세종문화회관,1.0,1,609.0,609.0,0.0,0.0,3,0.8357585845839933,0.4768693313451534,0.9527017830406969,66.77413407665152,72.77413407665152,0.914804469273743,True
제14회 새빛낮은예술단 정기음악회,한국음악(국악),서울,세종문화회관,1.0,1,609.0,609.0,0.0,0.0,3,0.8357585845839933,0.4768693313451534,0.9527017830406969,66.77413407665152,72.77413407665152,0.914804469273743,True
"ESG 장애인식개선 무용극, 아버지의 봄",무용(서양/한국무용),서울,세종문화회관,1.0,1,609.0,609.0,0.0,0.0,3,0.8357585845839933,0.4768693313451534,0.9527017830406969,66.77413407665152,72.77413407665152,0.914804469273743,True
제15회 새빛낮은예술단 정기음악회,한국음악(국악),서울,세종문화회관,1.0,1,609.0,609.0,0.0,0.0,3,0.8357585845839933,0.4768693313451534,0.9527017830406969,66.77413407665152,72.77413407665152,0.914804469273743,True
해와 달이 된 오누이 [군산],한국음악(국악),호남,군산어린이공연장,0.9818,2,648.0,324.0,0.0,0.0,3,0.715910006174994,0.6269771256473915,0.9527017830406969,67.89155221449491,72.72596253483535,0.9612299465240641,True
키즈상상 매직쇼 [군산],서커스/마술,호남,군산어린이공연장,0.9818,2,648.0,324.0,0.0,0.0,3,0.715910006174994,0.6269771256473915,0.9527017830406969,67.89155221449491,72.72596253483535,0.9612299465240641,True
넌 특별하단다 [군산],뮤지컬,호남,군산어린이공연장,0.9818,2,648.0,324.0,0.0,0.0,3,0.715910006174994,0.6269771256473915,0.9527017830406969,67.89155221449491,72.72596253483535,0.9612299465240641,True
"프렌쥬 클래식 사파리, 앵무새의 합창 대회 [군산]",서양음악(클래식),호남,군산어린이공연장,0.9818,2,648.0,324.0,0.0,0.0,3,0.715910006174994,0.6269771256473915,0.9527017830406969,67.89155221449491,72.72596253483535,0.9612299465240641,True
황금사과의 전쟁: 신들의 실험실 [군산],서커스/마술,호남,군산어린이공연장,0.9818,2,648.0,324.0,0.0,0.0,3,0.715910006174994,0.6269771256473915,0.9527017830406969,67.89155221449491,72.72596253483535,0.9612299465240641,True
판타스틱 앨리스 [군산],뮤지컬,호남,군산어린이공연장,0.9818,2,648.0,324.0,0.0,0.0,3,0.715910006174994,0.6269771256473915,0.9527017830406969,67.89155221449491,72.72596253483535,0.9612299465240641,True
영지 [의령],연극,영남,의령군민문화회관,1.0,2,708.0,354.0,0.0,0.0,4,0.8357585845839933,0.6385538622669902,0.9527017830406969,75.04599535408273,72.64882718008018,0.9841269841269841,True
"봄 작가, 겨울 무대 낭독공연",연극,서울,대학로예술극장,0.9192,9,1092.0,121.33,0.0,0.0,1,0.6203318388058099,0.7411154189673208,0.9527017830406969,66.60836644483524,72.60836644483524,0.9124767225325885,True
"제44회 서울무용제, 시상식 및 폐막식",무용(서양/한국무용),서울,아르코예술극장,1.0,1,600.0,600.0,0.0,0.0,2,0.8357585845839933,0.47210999841340395,0.9527017830406969,66.50675939608536,72.50675939608536,0.909683426443203,True
"제61회 대한민국연극인축제, K-Theater Awards",연극,서울,아르코예술극장,1.0,1,600.0,600.0,0.0,0.0,2,0.8357585845839933,0.47210999841340395,0.9527017830406969,66.50675939608536,72.50675939608536,0.909683426443203,True
"대한민국예술원 70주년 기념 공연: 춤, 미래의 신화",무용(서양/한국무용),서울,아르코예술극장,1.0,1,600.0,600.0,0.0,0.0,2,0.8357585845839933,0.47210999841340395,0.9527017830406969,66.50675939608536,72.50675939608536,0.909683426443203,True
"제45회 서울무용제, 시상식 및 폐막식",무용(서양/한국무용),서울,아르코예술극장,1.0,1,600.0,600.0,0.0,0.0,2,0.8357585845839933,0.47210999841340395,0.9527017830406969,66.50675939608536,72.50675939608536,0.909683426443203,True
"제62회 대한민국연극인축제, K-Theater Awards",연극,서울,아르코예술극장,1.0,1,600.0,600.0,0.0,0.0,2,0.8357585845839933,0.47210999841340395,0.9527017830406969,66.50675939608536,72.50675939608536,0.909683426443203,True
"봄의 시작을 여는 무용축제, 다섯 번째 이야기",무용(서양/한국무용),경인,IGC 글로벌캠퍼스,3.4113,1,1327.0,1327.0,0.0,0.0,3,0.975004698364969,0.5643420907343737,0.9527017830406969,78.34675298388031,72.34675298388031,0.9915492957746479,True
"제9회 구로 클래식 페스타, 개막식",서양음악(클래식),서울,구로아트밸리,1.0,1,579.0,579.0,0.0,0.0,6,0.8357585845839933,0.464570032228538,0.9527017830406969,66.0798402418346,72.0798402418346,0.9068901303538175,True
각인 [서울 강서],뮤지컬,서울,스카이아트홀,0.999,1,986.0,986.0,0.0,0.0,0,0.7619002872714581,0.5294543118288384,0.9527017830406969,65.86736321058694,71.86736321058694,0.9059590316573557,True
오래 곁에 있어주오 [고창],한국음악(국악),호남,고창문화의전당,1.0,1,625.0,625.0,0.0,0.0,2,0.8357585845839933,0.48090063015768614,0.9527017830406969,66.9993587630119,71.83376908335234,0.9518716577540107,True
"상자루, 플러그 인 남산",한국음악(국악),서울,남산골한옥마을,0.9702,2,586.0,293.0,0.0,0.0,3,0.6951835047117889,0.605853346074798,0.9527017830406969,65.79708893281433,71.79708893281433,0.9050279329608939,True
"제9회 고양국제무용제, GIDF",무용(서양/한국무용),경인,고양아람누리,1.0,3,912.0,304.0,0.0,0.0,6,0.8357585845839933,0.6966065349829018,0.9527017830406969,77.70402678765323,71.70402678765323,0.9896713615023475,True
프리미어뮤직 정기연주회,서양음악(클래식),경인,고양아람누리,1.0,3,912.0,304.0,0.0,0.0,6,0.8357585845839933,0.6966065349829018,0.9527017830406969,77.70402678765323,71.70402678765323,0.9896713615023475,True
내 이름은 강모래 [고양],연극,경인,고양아람누리,1.0,3,912.0,304.0,0.0,0.0,6,0.8357585845839933,0.6966065349829018,0.9527017830406969,77.70402678765323,71.70402678765323,0.9896713615023475,True
콩순이와 친구들의 음악여행,서양음악(클래식),서울,도봉구민회관,1.0,1,536.0,536.0,0.0,0.0,4,0.8357585845839933,0.455523496796448,0.9527017830406969,65.56209476096254,71.56209476096254,0.904096834264432,True
제15회 대구성악아카데미 정기연주회,서양음악(클래식),영남,수성아트피아,1.0,2,602.0,301.0,0.0,0.0,3,0.8357585845839933,0.615030042376383,0.9527017830406969,73.92767360850807,71.53050543450551,0.9831349206349206,True
"전통예술단 혼: 꽃피면 봄, 잎 지면 가을인 줄 안다지",무용(서양/한국무용),충청,충남도청 문예회관,0.9916,2,1658.0,829.0,0.0,0.0,8,0.7510135044433108,0.7427374738139252,0.9527017830406969,74.7692083366285,71.4130367000364,0.9675925925925926,True
소프라노 신델라의 HYMN 있는 콘서트,서양음악(클래식),서울,국립극장,1.0,1,510.0,510.0,0.0,0.0,5,0.8357585845839933,0.4491349782770538,0.9527017830406969,65.1927437210039,71.1927437210039,0.9003724394785847,True
청이가 돌아왔다,한국음악(국악),서울,국립극장,1.0,1,510.0,510.0,0.0,0.0,5,0.8357585845839933,0.4491349782770538,0.9527017830406969,65.1927437210039,71.1927437210039,0.9003724394785847,True
아마추어 관현악단 7기 수료식 및 수료 공연,서양음악(클래식),서울,국립극장,1.0,1,510.0,510.0,0.0,0.0,5,0.8357585845839933,0.4491349782770538,0.9527017830406969,65.1927437210039,71.1927437210039,0.9003724394785847,True
"이동숙의 춤, 화이트아웃",무용(서양/한국무용),서울,국립극장,1.0,1,510.0,510.0,0.0,0.0,5,0.8357585845839933,0.4491349782770538,0.9527017830406969,65.1927437210039,71.1927437210039,0.9003724394785847,True
아마추어 관현악단 수료식 및 수료 공연,한국음악(국악),서울,국립극장,1.0,1,510.0,510.0,0.0,0.0,5,0.8357585845839933,0.4491349782770538,0.9527017830406969,65.1927437210039,71.1927437210039,0.9003724394785847,True
"제12회 정의진 판소리 공개발표회, 양암제 수궁가 완창공연",한국음악(국악),서울,국립극장,1.0,1,510.0,510.0,0.0,0.0,5,0.8357585845839933,0.4491349782770538,0.9527017830406969,65.1927437210039,71.1927437210039,0.9003724394785847,True
"국립극장 청소년 창극 아카데미, 지지배배 시르렁 실건",한국음악(국악),서울,국립극장,1.0,1,510.0,510.0,0.0,0.0,5,0.8357585845839933,0.4491349782770538,0.9527017830406969,65.1927437210039,71.1927437210039,0.9003724394785847,True
비르투오소들의 조우 [대구],서양음악(클래식),영남,대구콘서트하우스,0.9766,2,2508.0,1254.0,0.0,0.0,7,0.7060300158402019,0.7799305104552368,0.9527017830406969,73.4710527710823,71.07388459707974,0.9816468253968254,True
대구경북합창페스티벌 [대구],서양음악(클래식),영남,대구콘서트하우스,0.9766,2,2508.0,1254.0,0.0,0.0,7,0.7060300158402019,0.7799305104552368,0.9527017830406969,73.4710527710823,71.07388459707974,0.9816468253968254,True
찾아가는 춤 한 자락,무용(서양/한국무용),경인,인천동구문화체육센터,1.0,2,990.0,495.0,0.0,0.0,1,0.8357585845839933,0.6825681427234985,0.9527017830406969,77.07382518303785,71.07382518303785,0.9877934272300469,True
라트라비아타 [군산],서양음악(클래식),호남,군산예술의전당,0.99,1,1188.0,1188.0,0.0,0.0,4,0.7442612827878755,0.5535335581573789,0.9527017830406969,66.11390941300392,70.94831973334436,0.9438502673796791,True
제153회 군산시립교향악단 정기연주회,서양음악(클래식),호남,군산예술의전당,0.99,1,1188.0,1188.0,0.0,0.0,4,0.7442612827878755,0.5535335581573789,0.9527017830406969,66.11390941300392,70.94831973334436,0.9438502673796791,True
제72회 군산시립교향악단 특별기획연주회: 해설이 있는 교과서 음악회,서양음악(클래식),호남,군산예술의전당,0.99,1,1188.0,1188.0,0.0,0.0,4,0.7442612827878755,0.5535335581573789,0.9527017830406969,66.11390941300392,70.94831973334436,0.9438502673796791,True
제159회 군산시립교향악단 정기연주회,서양음악(클래식),호남,군산예술의전당,0.99,1,1188.0,1188.0,0.0,0.0,4,0.7442612827878755,0.5535335581573789,0.9527017830406969,66.11390941300392,70.94831973334436,0.9438502673796791,True
제157회 군산시립교향악단 정기연주회: 드보르작 in 군산,서양음악(클래식),호남,군산예술의전당,0.99,1,1188.0,1188.0,0.0,0.0,4,0.7442612827878755,0.5535335581573789,0.9527017830406969,66.11390941300392,70.94831973334436,0.9438502673796791,True
아빠의 반딧불이 [군산],뮤지컬,호남,군산어린이공연장,0.96365,2,636.0,318.0,0.0,0.0,3,0.6840550916852364,0.6246576118256819,0.9527017830406969,65.96468038430918,70.79909070464961,0.9358288770053476,True
"제12회 박경리문학상 축하공연, 빅마마",대중음악,기타,원주백운아트홀,1.0,1,962.0,962.0,0.0,0.0,4,0.8357585845839933,0.5253572019217307,0.9527017830406969,69.41133283539806,70.76562278839486,0.9810126582278481,True
예술의전당 회원음악회,서양음악(클래식),서울,예술의전당 [서울],0.8691,2,4354.0,2177.0,0.0,0.0,10,0.5559373909308132,0.8127522157604121,0.9527017830406969,64.71408210747855,70.71408210747855,0.8961824953445066,True
예술의전당 회원음악회,서양음악(클래식),서울,예술의전당 [서울],0.8691,2,4354.0,2177.0,0.0,0.0,10,0.5559373909308132,0.8127522157604121,0.9527017830406969,64.71408210747855,70.71408210747855,0.8961824953445066,True
달콤한 재즈교실,대중음악,영남,예주문화예술회관,1.0195,2,314.0,157.0,0.0,0.0,4,0.9174027438451419,0.5197289579668462,0.9527017830406969,73.0881193269199,70.69095115291734,0.9796626984126984,True
컬러풀댄싱키즈 해설이 있는 발레야 놀자,무용(서양/한국무용),영남,예주문화예술회관,1.0195,2,314.0,157.0,0.0,0.0,4,0.9174027438451419,0.5197289579668462,0.9527017830406969,73.0881193269199,70.69095115291734,0.9796626984126984,True
"제1회 박정희대통령 탄신기념, 한국 가곡의 밤",서양음악(클래식),서울,세종문화회관,1.0833,1,325.0,325.0,0.0,0.0,3,0.92638333288587,0.37666967874384727,0.9527017830406969,64.63365330306468,70.63365330306468,0.8947858472998138,True
"춘천문화예술회관 개관 30주년, 우리 여기에: 넷째날 공연장으로",한국음악(국악),기타,춘천문화예술회관,1.0,1,940.0,940.0,0.0,0.0,3,0.8357585845839933,0.5227277999578583,0.9527017830406969,69.27216271178165,70.62645266477845,0.9683544303797469,True
이수현 피아노 독주회,서양음악(클래식),기타,춘천문화예술회관,1.0,1,940.0,940.0,0.0,0.0,3,0.8357585845839933,0.5227277999578583,0.9527017830406969,69.27216271178165,70.62645266477845,0.9683544303797469,True
제28회 춘천시립청소년합창단 정기연주회: 황금별,서양음악(클래식),기타,춘천문화예술회관,1.0,1,940.0,940.0,0.0,0.0,3,0.8357585845839933,0.5227277999578583,0.9527017830406969,69.27216271178165,70.62645266477845,0.9683544303797469,True
어버이날 영덕군 효 콘서트,대중음악,영남,예주문화예술회관,1.3183,1,700.0,700.0,0.0,0.0,4,0.9410288076892098,0.4939662809373614,0.9527017830406969,72.71779021903926,70.3206220450367,0.9781746031746031,True
허만성 배재혁 콘서트 [대구],대중음악,영남,대덕문화전당,1.306,1,700.0,700.0,0.0,0.0,4,0.9407469057910705,0.4939662809373614,0.9527017830406969,72.70471909223824,70.30755091823568,0.9771825396825397,True
"제73회 군산시립교향악단 특별기획연주회, 군산시민과 함께하는 신청곡 콘서트",서양음악(클래식),호남,군산예술의전당,0.9875,1,1185.0,1185.0,0.0,0.0,4,0.7319381426692083,0.5533774840936793,0.9527017830406969,65.44752408421643,70.28193440455686,0.9331550802139037,True
Winter Story 뮤지컬 갈라콘서트,뮤지컬,영남,경북도청 동락관,1.008,1,880.0,880.0,0.0,0.0,2,0.912435900877923,0.5166084561829827,0.9527017830406969,72.67516444662687,70.2779962726243,0.9761904761904762,True
"SAC on SCREEN, 스냅(SNAP) [군산]",뮤지컬,호남,군산어린이공연장,0.9576,2,632.0,316.0,0.0,0.0,3,0.6747120573469004,0.6238593656068169,0.9527017830406969,65.38916061093035,70.22357093127079,0.93048128342246,True
"디어 철원, 디어 재즈오케스트라 콘서트 [철원]",대중음악,기타,철원군 화강문화센터,1.3046,1,454.0,454.0,0.0,0.0,6,0.9406395145917792,0.4292454837753823,0.9527017830406969,68.7283986405734,70.08268859357021,0.9556962025316456,True
"우다다다페스티벌, 7080데이! [영덕]",대중음악,영남,예주문화예술회관,1.2637,1,671.0,671.0,0.0,0.0,4,0.938666201304803,0.490070257648852,0.9527017830406969,72.378578042859,69.98140986885645,0.9751984126984127,True
제26회 영남국제현대음악제 [대구],서양음악(클래식),영남,대구콘서트하우스,1.0,2,496.0,248.0,0.0,0.0,7,0.8357585845839933,0.5827025069060897,0.9527017830406969,72.34812201011964,69.95095383611708,0.9742063492063492,True
LIBRARY: 쉐도우매직쇼 라이브러리,서커스/마술,서울,만천명월예술인가,1.0,3,60.0,20.0,0.0,0.0,0,0.8357585845839933,0.42743799074513944,0.9527017830406969,63.914258612611285,69.91425861261129,0.8938547486033519,True
"김대건 성인 시성 40주년 기념공연, 김대건",뮤지컬,서울,영등포아트홀,0.83665,8,3200.0,400.0,0.0,0.0,5,0.5261229092275888,0.8548122829338874,0.9527017830406969,63.88525451518594,69.88525451518595,0.8929236499068901,True
"월드뮤직그룹 공명: 길, Tea, Pleasure",한국음악(국악),서울,서울돈화문국악당,0.9928,2,274.0,137.0,0.0,0.0,6,0.7530673611297554,0.49817272533588386,0.9527017830406969,63.83403151457298,69.83403151457298,0.8919925512104283,True
제15회 세종CEO합창단 정기연주회,서양음악(클래식),서울,세종문화회관,1.0,1,443.0,443.0,0.0,0.0,3,0.8357585845839933,0.425745958263287,0.9527017830406969,63.81293518805268,69.81293518805268,0.8901303538175046,True
세종후원회 신년음악회,서양음악(클래식),서울,세종문화회관,1.0,1,443.0,443.0,0.0,0.0,3,0.8357585845839933,0.425745958263287,0.9527017830406969,63.81293518805268,69.81293518805268,0.8901303538175046,True
서울시 음악영재 콘서트,서양음악(클래식),서울,세종문화회관,1.0,1,443.0,443.0,0.0,0.0,3,0.8357585845839933,0.425745958263287,0.9527017830406969,63.81293518805268,69.81293518805268,0.8901303538175046,True
"목포시립교향악단 X 국립오페라단, 마술피리 [목포]",서양음악(클래식),호남,목포시민문화체육센터,0.9851,1,1189.0,1189.0,0.0,0.0,6,0.7227696190297205,0.5536216121366487,0.9527017830406969,64.96585339198622,69.80026371232665,0.9278074866310161,True
"대진대학교 연기예술학과 하계워크숍, ㅋㅐ-ㅂ",뮤지컬,경인,대진대학교,1.36,4,272.0,68.0,0.0,0.0,6,0.9426262517786668,0.5461748664743645,0.9527017830406969,75.7768246728346,69.7768246728346,0.9868544600938968,True
"COMEBACK SPECIAL LIVE, Xdinary Heroes: Deadlock",대중음악,서울,블루스퀘어,0.8718,2,2394.0,1197.0,0.0,0.0,6,0.5593470615083094,0.7760117174965235,0.9527017830406969,63.7611480488742,69.76114804887419,0.888268156424581,True
오즈의 마법사: 도로시의 모험 [부안],무용(서양/한국무용),호남,부안예술회관,1.0,1,499.0,499.0,0.0,0.0,1,0.8357585845839933,0.44310652610463097,0.9527017830406969,64.841307892326,69.67571821266644,0.9237967914438503,True
아바걸스 내한공연: 맘마미아! [부안],대중음악,호남,부안예술회관,1.0,1,499.0,499.0,0.0,0.0,1,0.8357585845839933,0.44310652610463097,0.9527017830406969,64.841307892326,69.67571821266644,0.9237967914438503,True
제103회 양주풍류악회 연주회,한국음악(국악),서울,남산골한옥마을,1.0132,1,306.0,306.0,0.0,0.0,3,0.9149595940612667,0.36899718978495855,0.9527017830406969,63.628307715527264,69.62830771552726,0.8868715083798883,True
제104회 양주풍류악회,한국음악(국악),서울,남산골한옥마을,1.0132,1,306.0,306.0,0.0,0.0,3,0.9149595940612667,0.36899718978495855,0.9527017830406969,63.628307715527264,69.62830771552726,0.8868715083798883,True
"히든싱어 보컬 콘서트, 히든싱어 [장흥]",대중음악,호남,장흥문화예술회관,1.0,1,496.0,496.0,0.0,0.0,5,0.8357585845839933,0.4416146551415551,0.9527017830406969,64.75389527981187,69.58830560015231,0.9171122994652406,True
꼬마 오즈 [장흥],연극,호남,장흥문화예술회관,1.0,1,496.0,496.0,0.0,0.0,5,0.8357585845839933,0.4416146551415551,0.9527017830406969,64.75389527981187,69.58830560015231,0.9171122994652406,True
노오란 샤쓰의 사나이 [장흥],연극,호남,장흥문화예술회관,1.0,1,496.0,496.0,0.0,0.0,5,0.8357585845839933,0.4416146551415551,0.9527017830406969,64.75389527981187,69.58830560015231,0.9171122994652406,True
렌트,뮤지컬,서울,북아현아트홀,0.9709,2,400.0,200.0,0.0,0.0,2,0.6964050796037264,0.5527388181122228,0.9527017830406969,63.49289717751867,69.49289717751867,0.8854748603351955,True
알라딘과 요술램프 [충주],뮤지컬,충청,충주시문화회관,0.982,2,1746.0,873.0,0.0,0.0,1,0.7162590275726904,0.7462643229159706,0.9527017830406969,72.81135899804822,69.45518736145613,0.9629629629629629,True
"드림필하모닉오케스트라, CINEMA IN ORCHESTRA [김제]",서양음악(클래식),호남,김제문화예술회관,1.0,1,488.0,488.0,0.0,0.0,4,0.8357585845839933,0.4392689052501863,0.9527017830406969,64.61609262289969,69.45050294324012,0.9117647058823529,True
"전라북도립국악원 무용단, 진경 [군산]",무용(서양/한국무용),호남,군산예술의전당,0.9825,1,1179.0,1179.0,0.0,0.0,4,0.7170510376674631,0.552747138578734,0.9527017830406969,64.6160851807639,69.45049550110434,0.9090909090909091,True
대한민국 해군군악대 정기연주회,서양음악(클래식),서울,롯데콘서트홀,0.9474,1,1929.0,1929.0,0.0,0.0,6,0.661851961231777,0.5920471998629611,0.9527017830406969,63.299320591135746,69.29932059113574,0.8845437616387337,True
고양시 우수학생 연주회,서양음악(클래식),경인,고양어울림누리,1.0,2,732.0,366.0,0.0,0.0,8,0.8357585845839933,0.6435064654796631,0.9527017830406969,75.27827758661486,69.27827758661486,0.9849765258215962,True
라비보엠,뮤지컬,경인,고양어울림누리,1.0,2,732.0,366.0,0.0,0.0,8,0.8357585845839933,0.6435064654796631,0.9527017830406969,75.27827758661486,69.27827758661486,0.9849765258215962,True
고양특례시 우수학생 연주회,서양음악(클래식),경인,고양어울림누리,1.0,2,732.0,366.0,0.0,0.0,8,0.8357585845839933,0.6435064654796631,0.9527017830406969,75.27827758661486,69.27827758661486,0.9849765258215962,True
잼스틱의 비트팡팡 [대구],대중음악,영남,대구학생문화센터,0.924175,4,5061.0,1265.25,0.0,0.0,2,0.6260906918678014,0.8768628155505235,0.9527017830406969,71.63990640029965,69.24273822629709,0.9732142857142857,True
제50회 유나이티드 필하모닉 오케스트라와 함께하는 가족음악회,서양음악(클래식),영남,부산문화회관,1.0,1,1417.0,1417.0,0.0,0.0,7,0.8357585845839933,0.5680516407437785,0.9527017830406969,71.61494045262863,69.21777227862607,0.9722222222222222,True
"포항CBS 창립24주년 기념 음악회, 푸치니 오페라 갈라콘서트 [포항]",서양음악(클래식),영남,효자아트홀,1.0055,1,735.0,735.0,0.0,0.0,1,0.9116573146830618,0.49853411088013255,0.9527017830406969,71.6105359626713,69.21336778866875,0.970734126984127,True
"포항CBS, 포항사랑 힐링콘서트",대중음악,영남,효자아트홀,1.0055,1,735.0,735.0,0.0,0.0,1,0.9116573146830618,0.49853411088013255,0.9527017830406969,71.6105359626713,69.21336778866875,0.970734126984127,True
"제12회 경산시립극단 정기공연, 아비",연극,영남,천마아트센터,0.9882,2,1008.0,504.0,0.0,0.0,7,0.7348108572502483,0.6889016911875381,0.9527017830406969,71.60910390688757,69.21193573288501,0.9692460317460317,True
푸르른 날에,연극,경인,대진대학교,1.25,4,250.0,62.5,0.0,0.0,6,0.9374177786130427,0.5404088771322405,0.9527017830406969,75.20537849093965,69.20537849093965,0.9830985915492958,True
굿 보러가자 [군산],한국음악(국악),호남,군산예술의전당,0.9792,1,1175.0,1175.0,0.0,0.0,4,0.7119231079013075,0.5525389492004434,0.9527017830406969,64.32873522659321,69.16314554693365,0.9064171122994652,True
구미 시민과 함께하는 한울림 음악회,서양음악(클래식),영남,강동문화복지회관,1.024,1,683.0,683.0,0.0,0.0,6,0.9182216017397374,0.49160819466637223,0.9527017830406969,71.5181297439161,69.12096156991355,0.9682539682539683,True
외계에서 온 발레리노 [대구],무용(서양/한국무용),영남,대구학생문화센터,1.0,1,1369.0,1369.0,0.0,0.0,2,0.8357585845839933,0.5659484046610513,0.9527017830406969,71.5087594269611,69.11159125295855,0.966765873015873,True
신년음악회 [대구],서양음악(클래식),영남,대구학생문화센터,1.0,1,1369.0,1369.0,0.0,0.0,2,0.8357585845839933,0.5659484046610513,0.9527017830406969,71.5087594269611,69.11159125295855,0.966765873015873,True
댄스 라이트 (DANCE LIGHT) with 빛소리친구들 [김해],무용(서양/한국무용),영남,김해서부문화센터,1.013,1,700.0,700.0,0.0,0.0,5,0.9147582355625956,0.4939662809373614,0.9527017830406969,71.49286783925687,69.09569966525432,0.9652777777777778,True
국립오페라단 마술피리 [예주],서양음악(클래식),영남,예주문화예술회관,1.1638,1,618.0,618.0,0.0,0.0,4,0.9318065884500765,0.4793014189907008,0.9527017830406969,71.4231420877308,69.02597391372824,0.9632936507936508,True
영덕군 신년음악회,한국음악(국악),영남,예주문화예술회관,1.1638,1,618.0,618.0,0.0,0.0,4,0.9318065884500765,0.4793014189907008,0.9527017830406969,71.4231420877308,69.02597391372824,0.9632936507936508,True
반짝반짝 페리오 [영덕],뮤지컬,영남,예주문화예술회관,1.1638,1,618.0,618.0,0.0,0.0,4,0.9318065884500765,0.4793014189907008,0.9527017830406969,71.4231420877308,69.02597391372824,0.9632936507936508,True
"제31회 젊은연극제, 동지섣달 꽃 본 듯이",연극,서울,민송아트홀 (구. 브로드웨이아트홀),0.84854545,11,2063.0,187.55,0.0,0.0,1,0.5373318656536097,0.7979780462316025,0.9527017830406969,62.942202409306105,68.9422024093061,0.8836126629422719,True
PIANO CANTABILE 신년음악회,서양음악(클래식),서울,세라믹팔레스홀,1.0,1,401.0,401.0,0.0,0.0,6,0.8357585845839933,0.41134670252798183,0.9527017830406969,62.940721327440784,68.94072132744078,0.88268156424581,True
"누구나 클래식, 유니버설발레단: 호두까기인형",무용(서양/한국무용),서울,세종문화회관,0.9332,1,2820.0,2820.0,0.0,0.0,3,0.6406421993717615,0.6127894854867458,0.9527017830406969,62.9352334373347,68.9352334373347,0.8817504655493482,True
제13회 아너스 합창단 정기연주회 [대구],서양음악(클래식),영남,대구콘서트하우스,1.0,1,1284.0,1284.0,0.0,0.0,7,0.8357585845839933,0.5623625754155226,0.9527017830406969,71.32718297964935,68.93001480564679,0.9613095238095238,True
제49회 유나이티드 필하모닉 오케스트라와 함께하는 가족음악회,서양음악(클래식),충청,대전예술의전당,1.0,1,1546.0,1546.0,0.0,0.0,7,0.8357585845839933,0.577927025448721,0.9527017830406969,72.11036755386868,68.75419591727658,0.9583333333333334,True
제2회 전통한국음악예술원 예술담꼬발표회 [군산],한국음악(국악),호남,군산예술의전당,1.0,1,450.0,450.0,0.0,0.0,4,0.8357585845839933,0.4275062562292091,0.9527017830406969,63.918341477369545,68.75275179770999,0.9010695187165776,True
"제11회 군산시립합창단 브런치 콘서트: 엄마, 그녀의 계절",서양음악(클래식),호남,군산예술의전당,1.0,1,450.0,450.0,0.0,0.0,4,0.8357585845839933,0.4275062562292091,0.9527017830406969,63.918341477369545,68.75275179770999,0.9010695187165776,True
"제77회 군산시립합창단 기획 연주회: 노트르담, 그림자속 이야기",서양음악(클래식),호남,군산예술의전당,1.0,1,450.0,450.0,0.0,0.0,4,0.8357585845839933,0.4275062562292091,0.9527017830406969,63.918341477369545,68.75275179770999,0.9010695187165776,True
"도립교향악단과 함께하는 해설이 있는 오페라, 사랑의 묘약 [영덕]",서양음악(클래식),영남,예주문화예술회관,1.1356,1,603.0,603.0,0.0,0.0,4,0.9301151770612398,0.47551582850619223,0.9527017830406969,71.11939110830117,68.72222293429861,0.9603174603174603,True
후궁박빈,연극,영남,양산문화예술회관,0.9698,2,1544.0,772.0,0.0,0.0,5,0.6945928531156872,0.7367066767116108,0.9527017830406969,71.11415084017135,68.71698266616879,0.9593253968253969,True
한계령 지명 보존대책 사업연계 양희은 콘서트,대중음악,기타,인제하늘내린센터,1.0,1,656.0,656.0,0.0,0.0,2,0.8357585845839933,0.48712746712261634,0.9527017830406969,67.34503067254694,68.69932062554375,0.9493670886075949,True
"하우스콘서트 공연장 마실, The Cellists of KNUA",서양음악(클래식),영남,거제문화예술회관,1.0,1,1209.0,1209.0,0.0,0.0,3,0.8357585845839933,0.5563840466139442,0.9527017830406969,71.0228957232181,68.62572754921554,0.9578373015873016,True
제7회 거제필하모닉오케스트라 정기연주회 [거제],서양음악(클래식),영남,거제문화예술회관,1.0,1,1209.0,1209.0,0.0,0.0,3,0.8357585845839933,0.5563840466139442,0.9527017830406969,71.0228957232181,68.62572754921554,0.9578373015873016,True
"북한의 탈춤, 명맥을 잇다",한국음악(국악),서울,남산골한옥마을,0.9338,2,564.0,282.0,0.0,0.0,3,0.6416221440652938,0.6008030543293261,0.9527017830406969,62.49718542657167,68.49718542657166,0.8808193668528864,True
애국지사 박희광을 기리며 [구미],서양음악(클래식),영남,구미시문화예술회관,1.0,1,1183.0,1183.0,0.0,0.0,1,0.8357585845839933,0.5531103654958149,0.9527017830406969,70.85544446955801,68.45827629555545,0.9558531746031746,True
"경상북도 도립무용단 명인초청 기획공연, 수수지무",무용(서양/한국무용),영남,구미시문화예술회관,1.0,1,1183.0,1183.0,0.0,0.0,1,0.8357585845839933,0.5531103654958149,0.9527017830406969,70.85544446955801,68.45827629555545,0.9558531746031746,True
제 23회 하남필하모니 오케스트라 정기연주회,서양음악(클래식),경인,하남문화예술회관,1.0977,1,1000.0,1000.0,0.0,0.0,4,0.927484092678605,0.5346319947191684,0.9527017830406969,74.40564057203687,68.40564057203687,0.9821596244131455,True
우리 동네 국립극장 [당진],한국음악(국악),충청,당진 문화공감터,1.0,4,320.0,80.0,0.0,0.0,0,0.8357585845839933,0.5707024026610946,0.9527017830406969,71.74842765657402,68.39225601998191,0.9537037037037037,True
제53회 경북예술고등학교 무용과 정기무용발표회,무용(서양/한국무용),영남,수성아트피아,1.0,1,1159.0,1159.0,0.0,0.0,3,0.8357585845839933,0.551566090363439,0.9527017830406969,70.776247192234,68.37907901823144,0.9538690476190477,True
제2회 경북대MBA합창단 정기연주회,서양음악(클래식),영남,수성아트피아,1.0,1,1159.0,1159.0,0.0,0.0,3,0.8357585845839933,0.551566090363439,0.9527017830406969,70.776247192234,68.37907901823144,0.9538690476190477,True
장 담그는 날 [창원],뮤지컬,영남,3.15아트센터,0.92748333,6,2699.0,449.83,0.0,0.0,4,0.6307890568367922,0.8396500018138204,0.9527017830406969,70.72448725545617,68.32731908145361,0.9523809523809523,True
영덕군 신춘음악회,서양음악(클래식),영남,예주문화예술회관,1.1262,1,598.0,598.0,0.0,0.0,4,0.9294976776653153,0.46900239978333996,0.9527017830406969,70.69993449003661,68.30276631603405,0.9513888888888888,True
나리소서 [광주],무용(서양/한국무용),호남,광주북구문화센터(양산도서관),0.9297,2,701.0,350.5,0.0,0.0,3,0.6333261739200472,0.6364954687069081,0.9527017830406969,63.459199372116885,68.29360969245732,0.8957219251336899,True
내 친구 번개야 [충주],뮤지컬,충청,충주시문화회관,0.9719,2,1728.0,864.0,0.0,0.0,1,0.6976669261953983,0.7456633060707758,0.9527017830406969,71.64831643012394,68.29214479353183,0.9490740740740741,True
리투아니아,연극,서울,강동아트센터,0.944,2,472.0,236.0,0.0,0.0,7,0.6560662603699626,0.5753140438905407,0.9527017830406969,62.24874679318431,68.24874679318431,0.8798882681564246,True
넌 특별하단다 [충주],뮤지컬,충청,충주시문화회관,0.9696,2,1724.0,862.0,0.0,0.0,1,0.6944720380164845,0.7455378011117906,0.9527017830406969,71.44646171882111,68.09029008222902,0.9444444444444444,True
엄마 이야기 [고양],연극,경인,고양아람누리,1.0,2,608.0,304.0,0.0,0.0,6,0.8357585845839933,0.6174323256335248,0.9527017830406969,74.04304198323052,68.04304198323052,0.9807511737089202,True
제10회 고양국제무용제 GIDF,무용(서양/한국무용),경인,고양아람누리,1.0,2,608.0,304.0,0.0,0.0,6,0.8357585845839933,0.6174323256335248,0.9527017830406969,74.04304198323052,68.04304198323052,0.9807511737089202,True
깃털피리,뮤지컬,충청,충주시문화회관,0.9685,2,1722.0,861.0,0.0,0.0,1,0.6929417134265847,0.7454549127824307,0.9527017830406969,71.34878400610296,67.99261236951085,0.9398148148148148,True
"세월호 참사 9주기 4월 연극제: 연속,극 [안산문화예술의전당]",연극,경인,안산문화예술의전당,0.9857,10,1380.0,138.0,0.0,0.0,6,0.7242730958197976,0.7624550055990286,0.9527017830406969,73.93108838867526,67.93108838867526,0.9793427230046948,True
"광주시립창극단 특별공연, 국립광주박물관과 함께하는 판소리 감상회",한국음악(국악),호남,국립광주박물관,0.94735,2,504.0,252.0,0.0,0.0,2,0.6616103310333719,0.5869737026458279,0.9527017830406969,63.067965982143036,67.90237630248348,0.893048128342246,True
두들팝 [대구],뮤지컬,영남,대구학생문화센터,0.9874,4,628.0,157.0,0.0,0.0,2,0.7316830885708916,0.6620261041706583,0.9527017830406969,70.29814353010147,67.90097535609891,0.9503968253968254,True
한 여름 밤의 꿈 [안산],연극,경인,안산문화예술의전당,1.1286,2,316.0,158.0,0.0,0.0,6,0.9296721883641635,0.520300170352163,0.9527017830406969,73.70543108836102,67.70543108836102,0.9784037558685446,True
"대진대학교 연기예술학과, FAME",뮤지컬,경인,대진대학교,1.035,4,207.0,51.75,0.0,0.0,6,0.9209466534217521,0.5240699532689614,0.9527017830406969,73.50153158462494,67.50153158462494,0.9774647887323944,True
군산시립예술단 합동연주회,서양음악(클래식),호남,군산예술의전당,0.9608,1,1153.0,1153.0,0.0,0.0,4,0.6809541708057024,0.5512432710861286,0.9527017830406969,62.57603636887232,67.41044668921276,0.8903743315508021,True
"ACC 수요극장, 밀라노 두오모 콘서트",서양음악(클래식),호남,국립아시아문화전당,0.9476,2,470.0,235.0,0.0,0.0,6,0.6621338631299165,0.5748332983844031,0.9527017830406969,62.572606567610364,67.4070168879508,0.8877005347593583,True
CINEMA CLASSIC DAY,서양음악(클래식),기타,동해문화예술회관,1.0,1,570.0,570.0,0.0,0.0,3,0.8357585845839933,0.4628219856975816,0.9527017830406969,65.9802717978909,67.3345617508877,0.9367088607594937,True
"이바노 프란키브스크 필하모닉 쳄버, 콰트로 코르데",서양음악(클래식),기타,동해문화예술회관,1.0,1,570.0,570.0,0.0,0.0,3,0.8357585845839933,0.4628219856975816,0.9527017830406969,65.9802717978909,67.3345617508877,0.9367088607594937,True
"강원특별자치도립국악관현악단, 동해이음 [동해]",한국음악(국악),기타,동해문화예술회관,1.0,1,570.0,570.0,0.0,0.0,3,0.8357585845839933,0.4628219856975816,0.9527017830406969,65.9802717978909,67.3345617508877,0.9367088607594937,True
무대게임,연극,서울,상명아트홀,0.9574,3,270.0,90.0,0.0,0.0,5,0.6746449378473434,0.5299039190260294,0.9527017830406969,61.25252724960896,67.25252724960896,0.8789571694599627,True
마술사 최현우의 스페셜 매직쇼 [대구],서커스/마술,영남,신세계 문화홀 8층 [대구],1.1444,1,515.0,515.0,0.0,0.0,10,0.9306252852578731,0.450657197460153,0.9527017830406969,69.63112846722606,67.2339602932235,0.9494047619047619,True
"대진대학교 연기예술학과, 자줏빛 여름",뮤지컬,경인,대진대학교,1.015,4,203.0,50.75,0.0,0.0,6,0.9160335060541789,0.5229153280587436,0.9527017830406969,73.20139618379802,67.20139618379802,0.9765258215962441,True
"제32회 젊은연극제, 템페스트",연극,서울,민송아트홀 (구. 브로드웨이아트홀),0.9265,2,504.0,252.0,0.0,0.0,1,0.6292318844470696,0.5869737026458279,0.9527017830406969,61.19752952057866,67.19752952057866,0.8780260707635009,True
포항CBS 썸머재즈콘서트,대중음악,영남,포항문화예술회관,1.0,1,973.0,973.0,0.0,0.0,4,0.8357585845839933,0.5280402315152305,0.9527017830406969,69.5529112538576,67.15574307985504,0.9484126984126984,True
돼지책 [김천],뮤지컬,영남,김천시립율곡도서관,0.9784,2,908.0,454.0,0.0,0.0,2,0.7102853921121164,0.6713003767580252,0.9527017830406969,69.44268206912857,67.045513895126,0.9474206349206349,True
유석오케스트라 정기연주회,서양음악(클래식),경인,고양어울림누리,0.9721,2,2508.0,1254.0,0.0,0.0,8,0.697989099793272,0.7799305104552368,0.9527017830406969,72.96784972468592,66.96784972468592,0.9755868544600939,True
빨강머리 앤 [철원],뮤지컬,기타,철원군 화강문화센터,1.0345,1,360.0,360.0,0.0,0.0,6,0.9208795339221951,0.3940258116308448,0.9527017830406969,65.57398267117264,66.92827262416945,0.9240506329113924,True
바람의 소리 [제주],연극,제주,제주아트센터,0.9443,2,2236.0,1118.0,0.0,0.0,6,0.6576771283593309,0.7713567000671384,0.9527017830406969,70.09866479737046,66.9151046917791,0.978021978021978,True
"제17회 DIMF, 청강문화산업대학교 넥스트 투 노멀",뮤지컬,영남,대구서구문화회관,0.9779,2,884.0,442.0,0.0,0.0,3,0.7096410449163691,0.6680114704987665,0.9527017830406969,69.2686628165114,66.87149464250884,0.9464285714285714,True
"함께, 노닐다 [철원]",한국음악(국악),기타,철원군 화강문화센터,1.0287,1,358.0,358.0,0.0,0.0,6,0.9191612747335356,0.3933531213663467,0.9527017830406969,65.4557904136243,66.81008036662111,0.9177215189873418,True
제15회 고양예술고등학교 무용과 정기공연,무용(서양/한국무용),경인,고양아람누리,1.0,1,1887.0,1887.0,0.0,0.0,6,0.8357585845839933,0.5909881392118144,0.9527017830406969,72.7578762253763,66.7578762253763,0.9727699530516432,True
"경기도무용단, 찬연 [고양]",무용(서양/한국무용),경인,고양아람누리,1.0,1,1887.0,1887.0,0.0,0.0,6,0.8357585845839933,0.5909881392118144,0.9527017830406969,72.7578762253763,66.7578762253763,0.9727699530516432,True
제16회 고양예술고등학교 무용과 정기공연,무용(서양/한국무용),경인,고양아람누리,1.0,1,1887.0,1887.0,0.0,0.0,6,0.8357585845839933,0.5909881392118144,0.9527017830406969,72.7578762253763,66.7578762253763,0.9727699530516432,True
제31회 덕원예술고등학교 정기무용발표회,무용(서양/한국무용),경인,고양아람누리,1.0,1,1887.0,1887.0,0.0,0.0,6,0.8357585845839933,0.5909881392118144,0.9527017830406969,72.7578762253763,66.7578762253763,0.9727699530516432,True
신 명품춤전: 춤의 정원 [고양],무용(서양/한국무용),경인,고양아람누리,1.0,1,1887.0,1887.0,0.0,0.0,6,0.8357585845839933,0.5909881392118144,0.9527017830406969,72.7578762253763,66.7578762253763,0.9727699530516432,True
"서울시립교향악단, 우리동네 음악회",서양음악(클래식),서울,성북미디어문화마루 꿈빛극장,1.0,1,324.0,324.0,0.0,0.0,0,0.8357585845839933,0.37627698721697944,0.9527017830406969,60.73675302903224,66.73675302903224,0.8770949720670391,True
소들섬의 눈물 [당진],서양음악(클래식),충청,당진문예의전당,1.0,1,1001.0,1001.0,0.0,0.0,5,0.8357585845839933,0.5382494297372652,0.9527017830406969,70.0877210871384,66.73154945054631,0.9351851851851852,True
모차르트와 떠나는 동물의 사육제 [논산],서양음악(클래식),충청,논산아트센터(구. 논산문화예술회관),0.975,2,1092.0,546.0,0.0,0.0,5,0.701962574167047,0.6980552950864092,0.9527017830406969,70.0397044905264,66.68353285393431,0.9305555555555556,True
돌아온다,연극,제주,제주문예회관,0.9738,2,1063.0,531.5,0.0,0.0,3,0.7005396407764384,0.6955185179961894,0.9527017830406969,69.85268564062454,66.66912553503319,0.967032967032967,True
제6회 대한민국 군가합창단 정기연주회,서양음악(클래식),서울,롯데콘서트홀,0.918,1,1869.0,1869.0,0.0,0.0,6,0.6177544500228206,0.5900254077645752,0.9527017830406969,60.650978939695236,66.65097893969524,0.8729050279329609,True
브라보체 남성성악가합창단 연주회,서양음악(클래식),서울,롯데콘서트홀,0.918,1,1869.0,1869.0,0.0,0.0,6,0.6177544500228206,0.5900254077645752,0.9527017830406969,60.650978939695236,66.65097893969524,0.8729050279329609,True
브라보체 대한민국 남성성악가 연주회,서양음악(클래식),서울,롯데콘서트홀,0.918,1,1869.0,1869.0,0.0,0.0,6,0.6177544500228206,0.5900254077645752,0.9527017830406969,60.650978939695236,66.65097893969524,0.8729050279329609,True
"희망, 부활, 사랑",서양음악(클래식),서울,롯데콘서트홀,0.918,1,1869.0,1869.0,0.0,0.0,6,0.6177544500228206,0.5900254077645752,0.9527017830406969,60.650978939695236,66.65097893969524,0.8729050279329609,True
제14회 대원하모니 정기연주회 with 하트 하트재단,서양음악(클래식),서울,롯데콘서트홀,0.918,1,1869.0,1869.0,0.0,0.0,6,0.6177544500228206,0.5900254077645752,0.9527017830406969,60.650978939695236,66.65097893969524,0.8729050279329609,True
롯데 행복나눔 동행 콘서트,서양음악(클래식),서울,롯데콘서트홀,0.918,1,1869.0,1869.0,0.0,0.0,6,0.6177544500228206,0.5900254077645752,0.9527017830406969,60.650978939695236,66.65097893969524,0.8729050279329609,True
코리안리 신년 음악회,서양음악(클래식),서울,롯데콘서트홀,0.918,1,1869.0,1869.0,0.0,0.0,6,0.6177544500228206,0.5900254077645752,0.9527017830406969,60.650978939695236,66.65097893969524,0.8729050279329609,True
한국일보 창간70주년 기념음악회,서양음악(클래식),서울,롯데콘서트홀,0.918,1,1869.0,1869.0,0.0,0.0,6,0.6177544500228206,0.5900254077645752,0.9527017830406969,60.650978939695236,66.65097893969524,0.8729050279329609,True
제9회 르씨엘발레아카데미 정기공연,무용(서양/한국무용),영남,대덕문화전당,0.9664,2,1036.0,518.0,0.0,0.0,4,0.687813783660429,0.6928721407168233,0.9527017830406969,68.9832679856018,66.58609981159924,0.9454365079365079,True
"온세대합창페스티벌, 아이누리 [춘천]",서양음악(클래식),기타,춘천문화예술회관,0.9947,1,935.0,935.0,0.0,0.0,3,0.7565307273068972,0.5222483628567028,0.9527017830406969,65.2299098215921,66.58419977458891,0.9113924050632911,True
"제32회 젊은연극제, 우리마을",연극,서울,선돌극장,0.92566667,3,361.0,120.33,0.0,0.0,1,0.6279566139554863,0.573583229903359,0.9527017830406969,60.56146348678273,66.56146348678273,0.8687150837988827,True
대구CBS 사랑의 봄 음악회,서양음악(클래식),영남,경북도청 동락관,1.0,1,873.0,873.0,0.0,0.0,2,0.8357585845839933,0.5159254346186647,0.9527017830406969,68.91016395139138,66.51299577738882,0.9444444444444444,True
O.O.O 단독공연: TUFNUT,대중음악,서울,프리즘홀 (프리즘플러스),2.25,1,180.0,180.0,0.0,0.0,1,0.975004698364969,0.2951660338441175,0.9527017830406969,60.454770520149395,66.4547705201494,0.8677839851024208,True
제33회 해운대구립 소년소녀합창단 정기연주회,서양음악(클래식),영남,(재)영화의전당,1.0,1,841.0,841.0,0.0,0.0,8,0.8357585845839933,0.5129052442884336,0.9527017830406969,68.74852163539707,66.35135346139451,0.9434523809523809,True
"세계 음악극 페스티벌, 미래를 위한 기억",한국음악(국악),호남,무안승달문화예술회관,0.9942,1,516.0,516.0,0.0,0.0,2,0.7560608908099982,0.4508748175533906,0.9527017830406969,61.483199008513076,66.31760932885352,0.8850267379679144,True
무궁화 꽃이 피었습니다 [홍천],뮤지컬,기타,홍천문화예술회관,1.0,1,497.0,497.0,0.0,0.0,4,0.8357585845839933,0.4420806683427992,0.9527017830406969,64.78121921215556,66.13550916515237,0.9050632911392406,True
"정크, 클라운 [김천]",연극,영남,김천시립율곡도서관,0.9698,2,900.0,450.0,0.0,0.0,2,0.6945928531156872,0.6699165426736773,0.9527017830406969,68.46150895129837,66.06434077729581,0.9424603174603174,True
트로트클라쓰 시즌3 [순천],대중음악,호남,순천문화예술회관,0.8523,2,1558.0,779.0,0.0,0.0,1,0.540848927430397,0.7374665713658874,0.9527017830406969,61.22693498739481,66.06134530773525,0.8823529411764706,True
금파 [고창],한국음악(국악),호남,고창문화의전당,0.8744,2,1093.0,546.5,0.0,0.0,2,0.5607834187988294,0.6982661012746638,0.9527017830406969,61.21889437927954,66.05330469961999,0.8796791443850267,True
유난히 아름다웠던 그 시절 [철원],대중음악,기타,철원군 화강문화센터,1.0086,1,351.0,351.0,0.0,0.0,6,0.9126641071764169,0.38595174419028666,0.9527017830406969,64.6844345220768,66.03872447507361,0.8987341772151899,True
제154회 군산시립교향악단 정기연주회: 군산시민을 위한 송년음악회,서양음악(클래식),호남,군산예술의전당,0.9442,1,1133.0,1133.0,0.0,0.0,4,0.6567374553655327,0.5498421898776865,0.9527017830406969,61.16884719842387,66.00325751876431,0.8770053475935828,True
제20회 숙명여자대학교 문화예술대학원 전통예술학과 전통음악전공 정기연주회: 절차탁마,한국음악(국악),서울,남산골한옥마을,1.0,1,302.0,302.0,0.0,0.0,3,0.8357585845839933,0.36491656235710845,0.9527017830406969,59.99650302755565,65.99650302755565,0.8663873370577281,True
김세철의 풍류2,한국음악(국악),서울,남산골한옥마을,1.0,1,302.0,302.0,0.0,0.0,3,0.8357585845839933,0.36491656235710845,0.9527017830406969,59.99650302755565,65.99650302755565,0.8663873370577281,True
제38회 목포시립연극단 정기공연: 보물섬,뮤지컬,호남,목포문화예술회관,0.86315,2,1205.0,602.5,0.0,0.0,6,0.5518028297581014,0.7122608899812071,0.9527017830406969,61.111929103508125,65.94633942384857,0.8743315508021391,True
3회 Ensemble Frais 연주회,서양음악(클래식),서울,꿈의숲아트센터,1.0,1,301.0,301.0,0.0,0.0,8,0.8357585845839933,0.36361911702232075,0.9527017830406969,59.91108583559873,65.91108583559873,0.8365921787709497,True
4인4색,서양음악(클래식),서울,꿈의숲아트센터,1.0,1,301.0,301.0,0.0,0.0,8,0.8357585845839933,0.36361911702232075,0.9527017830406969,59.91108583559873,65.91108583559873,0.8365921787709497,True
Ensemble Liebe 창단 연주회,서양음악(클래식),서울,꿈의숲아트센터,1.0,1,301.0,301.0,0.0,0.0,8,0.8357585845839933,0.36361911702232075,0.9527017830406969,59.91108583559873,65.91108583559873,0.8365921787709497,True
소프라노 김창숙 독창회,서양음악(클래식),서울,꿈의숲아트센터,1.0,1,301.0,301.0,0.0,0.0,8,0.8357585845839933,0.36361911702232075,0.9527017830406969,59.91108583559873,65.91108583559873,0.8365921787709497,True
신인음악회,서양음악(클래식),서울,꿈의숲아트센터,1.0,1,301.0,301.0,0.0,0.0,8,0.8357585845839933,0.36361911702232075,0.9527017830406969,59.91108583559873,65.91108583559873,0.8365921787709497,True
"카리니 창단 연주회, 인생은 아름다워 La vita e bella",서양음악(클래식),서울,꿈의숲아트센터,1.0,1,301.0,301.0,0.0,0.0,8,0.8357585845839933,0.36361911702232075,0.9527017830406969,59.91108583559873,65.91108583559873,0.8365921787709497,True
샤롯아마추어 오케스트라 정기연주회,서양음악(클래식),서울,꿈의숲아트센터,1.0,1,301.0,301.0,0.0,0.0,8,0.8357585845839933,0.36361911702232075,0.9527017830406969,59.91108583559873,65.91108583559873,0.8365921787709497,True
유망신예 초청연주회,서양음악(클래식),서울,꿈의숲아트센터,1.0,1,301.0,301.0,0.0,0.0,8,0.8357585845839933,0.36361911702232075,0.9527017830406969,59.91108583559873,65.91108583559873,0.8365921787709497,True
제7회 성암국제무역고등학교 합창단 정기연주회: 꼭 안아줄래요,서양음악(클래식),서울,꿈의숲아트센터,1.0,1,301.0,301.0,0.0,0.0,8,0.8357585845839933,0.36361911702232075,0.9527017830406969,59.91108583559873,65.91108583559873,0.8365921787709497,True
소프라노 김은정 독창회,서양음악(클래식),서울,꿈의숲아트센터,1.0,1,301.0,301.0,0.0,0.0,8,0.8357585845839933,0.36361911702232075,0.9527017830406969,59.91108583559873,65.91108583559873,0.8365921787709497,True
숙명 Musica Bello 창단연주회,서양음악(클래식),서울,꿈의숲아트센터,1.0,1,301.0,301.0,0.0,0.0,8,0.8357585845839933,0.36361911702232075,0.9527017830406969,59.91108583559873,65.91108583559873,0.8365921787709497,True
제3회 ATTO SECONDO 정기연주회,서양음악(클래식),서울,꿈의숲아트센터,1.0,1,301.0,301.0,0.0,0.0,8,0.8357585845839933,0.36361911702232075,0.9527017830406969,59.91108583559873,65.91108583559873,0.8365921787709497,True
개교 58주년 영훈 오케스트라 정기연주회,서양음악(클래식),서울,꿈의숲아트센터,1.0,1,301.0,301.0,0.0,0.0,8,0.8357585845839933,0.36361911702232075,0.9527017830406969,59.91108583559873,65.91108583559873,0.8365921787709497,True
그린필오케스트라 정기연주회,서양음악(클래식),서울,꿈의숲아트센터,1.0,1,301.0,301.0,0.0,0.0,8,0.8357585845839933,0.36361911702232075,0.9527017830406969,59.91108583559873,65.91108583559873,0.8365921787709497,True
동덕여자대학교 피아노전공 영아티스트 데뷔콘서트,서양음악(클래식),서울,꿈의숲아트센터,1.0,1,301.0,301.0,0.0,0.0,8,0.8357585845839933,0.36361911702232075,0.9527017830406969,59.91108583559873,65.91108583559873,0.8365921787709497,True
제41회 국민대학교 합창단 CHORUS 정기연주회,서양음악(클래식),서울,꿈의숲아트센터,1.0,1,301.0,301.0,0.0,0.0,8,0.8357585845839933,0.36361911702232075,0.9527017830406969,59.91108583559873,65.91108583559873,0.8365921787709497,True
제2회 리더스 필하모닉 오케스트,서양음악(클래식),서울,꿈의숲아트센터,1.0,1,301.0,301.0,0.0,0.0,8,0.8357585845839933,0.36361911702232075,0.9527017830406969,59.91108583559873,65.91108583559873,0.8365921787709497,True
"창단 20주년 특별기획, 제10회 소리챔버 오케스트라 정기 연주회",서양음악(클래식),서울,꿈의숲아트센터,1.0,1,301.0,301.0,0.0,0.0,8,0.8357585845839933,0.36361911702232075,0.9527017830406969,59.91108583559873,65.91108583559873,0.8365921787709497,True
석관실버복지센터와 함께하는 흥겨워락 국악 페스티벌,한국음악(국악),서울,꿈의숲아트센터,1.0,1,301.0,301.0,0.0,0.0,8,0.8357585845839933,0.36361911702232075,0.9527017830406969,59.91108583559873,65.91108583559873,0.8365921787709497,True
음악으로 들려주는 숲속이야기,서양음악(클래식),서울,꿈의숲아트센터,1.0,1,301.0,301.0,0.0,0.0,8,0.8357585845839933,0.36361911702232075,0.9527017830406969,59.91108583559873,65.91108583559873,0.8365921787709497,True
제6회 Ensemble Ardeur 정기연주회: Romantic Sunday,서양음악(클래식),서울,꿈의숲아트센터,1.0,1,301.0,301.0,0.0,0.0,8,0.8357585845839933,0.36361911702232075,0.9527017830406969,59.91108583559873,65.91108583559873,0.8365921787709497,True
삼육대학교 음악학과 피아노 동문장학회 입상자 연주회,서양음악(클래식),서울,꿈의숲아트센터,1.0,1,301.0,301.0,0.0,0.0,8,0.8357585845839933,0.36361911702232075,0.9527017830406969,59.91108583559873,65.91108583559873,0.8365921787709497,True
Young Artist Debut Concert,서양음악(클래식),서울,꿈의숲아트센터,1.0,1,301.0,301.0,0.0,0.0,8,0.8357585845839933,0.36361911702232075,0.9527017830406969,59.91108583559873,65.91108583559873,0.8365921787709497,True
Young Artists Festival,서양음악(클래식),서울,꿈의숲아트센터,1.0,1,301.0,301.0,0.0,0.0,8,0.8357585845839933,0.36361911702232075,0.9527017830406969,59.91108583559873,65.91108583559873,0.8365921787709497,True
개교 59주년 영훈 에이레네 합창단 정기연주회,서양음악(클래식),서울,꿈의숲아트센터,1.0,1,301.0,301.0,0.0,0.0,8,0.8357585845839933,0.36361911702232075,0.9527017830406969,59.91108583559873,65.91108583559873,0.8365921787709497,True
개교 59주년 영훈오케스트라 정기연주회,서양음악(클래식),서울,꿈의숲아트센터,1.0,1,301.0,301.0,0.0,0.0,8,0.8357585845839933,0.36361911702232075,0.9527017830406969,59.91108583559873,65.91108583559873,0.8365921787709497,True
경희 챔버 오케스트라 정기연주회,서양음악(클래식),서울,꿈의숲아트센터,1.0,1,301.0,301.0,0.0,0.0,8,0.8357585845839933,0.36361911702232075,0.9527017830406969,59.91108583559873,65.91108583559873,0.8365921787709497,True
권석준 호른독주회: 호른으로 피우는 봄,서양음악(클래식),서울,꿈의숲아트센터,1.0,1,301.0,301.0,0.0,0.0,8,0.8357585845839933,0.36361911702232075,0.9527017830406969,59.91108583559873,65.91108583559873,0.8365921787709497,True
"장수길작곡발표회, 그리움",서양음악(클래식),서울,꿈의숲아트센터,1.0,1,301.0,301.0,0.0,0.0,8,0.8357585845839933,0.36361911702232075,0.9527017830406969,59.91108583559873,65.91108583559873,0.8365921787709497,True
제19회 서울기독대학교 휴먼힐링예술학부 음악 정기연주회,서양음악(클래식),서울,꿈의숲아트센터,1.0,1,301.0,301.0,0.0,0.0,8,0.8357585845839933,0.36361911702232075,0.9527017830406969,59.91108583559873,65.91108583559873,0.8365921787709497,True
제43회 경희대학교 합창단 GLEE 정기연주회: GLEE NIGHT,서양음악(클래식),서울,꿈의숲아트센터,1.0,1,301.0,301.0,0.0,0.0,8,0.8357585845839933,0.36361911702232075,0.9527017830406969,59.91108583559873,65.91108583559873,0.8365921787709497,True
파토스 성악 앙상블 Pathos Vocal Ensemble Opera Galla Concert,서양음악(클래식),서울,꿈의숲아트센터,1.0,1,301.0,301.0,0.0,0.0,8,0.8357585845839933,0.36361911702232075,0.9527017830406969,59.91108583559873,65.91108583559873,0.8365921787709497,True
그린필오케스트라 정기연주회,서양음악(클래식),서울,꿈의숲아트센터,1.0,1,301.0,301.0,0.0,0.0,8,0.8357585845839933,0.36361911702232075,0.9527017830406969,59.91108583559873,65.91108583559873,0.8365921787709497,True
서울예술콘서바토리 성악교수음악회,서양음악(클래식),서울,꿈의숲아트센터,1.0,1,301.0,301.0,0.0,0.0,8,0.8357585845839933,0.36361911702232075,0.9527017830406969,59.91108583559873,65.91108583559873,0.8365921787709497,True
소리모아 합창단 정기연주회: 가곡과 동요로 엮은 사계(四季),서양음악(클래식),서울,꿈의숲아트센터,1.0,1,301.0,301.0,0.0,0.0,8,0.8357585845839933,0.36361911702232075,0.9527017830406969,59.91108583559873,65.91108583559873,0.8365921787709497,True
소프라노 이정수 독창회,서양음악(클래식),서울,꿈의숲아트센터,1.0,1,301.0,301.0,0.0,0.0,8,0.8357585845839933,0.36361911702232075,0.9527017830406969,59.91108583559873,65.91108583559873,0.8365921787709497,True
제2회 서울 음악교사 정기연주회,서양음악(클래식),서울,꿈의숲아트센터,1.0,1,301.0,301.0,0.0,0.0,8,0.8357585845839933,0.36361911702232075,0.9527017830406969,59.91108583559873,65.91108583559873,0.8365921787709497,True
제42회 국민대학교 합창단 CHORUS 정기연주회: 하늘의 축복,서양음악(클래식),서울,꿈의숲아트센터,1.0,1,301.0,301.0,0.0,0.0,8,0.8357585845839933,0.36361911702232075,0.9527017830406969,59.91108583559873,65.91108583559873,0.8365921787709497,True
제5회 비움과 채움 정기연주회,서양음악(클래식),서울,꿈의숲아트센터,1.0,1,301.0,301.0,0.0,0.0,8,0.8357585845839933,0.36361911702232075,0.9527017830406969,59.91108583559873,65.91108583559873,0.8365921787709497,True
제4회 본세아바합창단 정기공연,서양음악(클래식),서울,꿈의숲아트센터,1.0,1,301.0,301.0,0.0,0.0,8,0.8357585845839933,0.36361911702232075,0.9527017830406969,59.91108583559873,65.91108583559873,0.8365921787709497,True
"제6회 나눔소리합창단 정기연주회: 공감과 사랑, 그리고 희망을 노래하다",서양음악(클래식),서울,꿈의숲아트센터,1.0,1,301.0,301.0,0.0,0.0,8,0.8357585845839933,0.36361911702232075,0.9527017830406969,59.91108583559873,65.91108583559873,0.8365921787709497,True
도봉청소년오케스트라 송년음악회,서양음악(클래식),서울,꿈의숲아트센터,1.0,1,301.0,301.0,0.0,0.0,8,0.8357585845839933,0.36361911702232075,0.9527017830406969,59.91108583559873,65.91108583559873,0.8365921787709497,True
제2회 Only Chamber 연주회,서양음악(클래식),서울,꿈의숲아트센터,1.0,1,301.0,301.0,0.0,0.0,8,0.8357585845839933,0.36361911702232075,0.9527017830406969,59.91108583559873,65.91108583559873,0.8365921787709497,True
테너 오승환 리사이틀,서양음악(클래식),서울,꿈의숲아트센터,1.0,1,301.0,301.0,0.0,0.0,8,0.8357585845839933,0.36361911702232075,0.9527017830406969,59.91108583559873,65.91108583559873,0.8365921787709497,True
그린필오케스트라 정기연주회: Piano Concerto Series,서양음악(클래식),서울,꿈의숲아트센터,1.0,1,301.0,301.0,0.0,0.0,8,0.8357585845839933,0.36361911702232075,0.9527017830406969,59.91108583559873,65.91108583559873,0.8365921787709497,True
"신인음악회, Harmony of Spring",서양음악(클래식),서울,꿈의숲아트센터,1.0,1,301.0,301.0,0.0,0.0,8,0.8357585845839933,0.36361911702232075,0.9527017830406969,59.91108583559873,65.91108583559873,0.8365921787709497,True
유망신예 데뷔콘서트,서양음악(클래식),서울,꿈의숲아트센터,1.0,1,301.0,301.0,0.0,0.0,8,0.8357585845839933,0.36361911702232075,0.9527017830406969,59.91108583559873,65.91108583559873,0.8365921787709497,True
"제22회 소리사랑여성합창단 정기연주회, 가을 바람꽃 향연",서양음악(클래식),서울,꿈의숲아트센터,1.0,1,301.0,301.0,0.0,0.0,8,0.8357585845839933,0.36361911702232075,0.9527017830406969,59.91108583559873,65.91108583559873,0.8365921787709497,True
영아티스트 초청 콘서트,서양음악(클래식),서울,꿈의숲아트센터,1.0,1,301.0,301.0,0.0,0.0,8,0.8357585845839933,0.36361911702232075,0.9527017830406969,59.91108583559873,65.91108583559873,0.8365921787709497,True
"오즈 드 윈터, 아제로스의 문명 그리고 민물의 노래",서양음악(클래식),서울,꿈의숲아트센터,1.0,1,301.0,301.0,0.0,0.0,8,0.8357585845839933,0.36361911702232075,0.9527017830406969,59.91108583559873,65.91108583559873,0.8365921787709497,True
"제11회 백석문화대학원 성악과 동문회 정기연주회, 꿈의 숲에서 자유를 노래하다",서양음악(클래식),서울,꿈의숲아트센터,1.0,1,301.0,301.0,0.0,0.0,8,0.8357585845839933,0.36361911702232075,0.9527017830406969,59.91108583559873,65.91108583559873,0.8365921787709497,True
제3회 영레이디스싱어즈 정기연주회,서양음악(클래식),서울,꿈의숲아트센터,1.0,1,301.0,301.0,0.0,0.0,8,0.8357585845839933,0.36361911702232075,0.9527017830406969,59.91108583559873,65.91108583559873,0.8365921787709497,True
"제8회 경희대학교합창단 GLEE OB 정기연주회, Morning Has Broken",서양음악(클래식),서울,꿈의숲아트센터,1.0,1,301.0,301.0,0.0,0.0,8,0.8357585845839933,0.36361911702232075,0.9527017830406969,59.91108583559873,65.91108583559873,0.8365921787709497,True
노지영 & 김수진 피아노 듀오 리사이틀,서양음악(클래식),서울,꿈의숲아트센터,1.0,1,301.0,301.0,0.0,0.0,8,0.8357585845839933,0.36361911702232075,0.9527017830406969,59.91108583559873,65.91108583559873,0.8365921787709497,True
영신여자고등학교 5월의 음악회,서양음악(클래식),서울,꿈의숲아트센터,1.0,1,301.0,301.0,0.0,0.0,8,0.8357585845839933,0.36361911702232075,0.9527017830406969,59.91108583559873,65.91108583559873,0.8365921787709497,True
제17회 그린필오케스트라 정기연주회,서양음악(클래식),서울,꿈의숲아트센터,1.0,1,301.0,301.0,0.0,0.0,8,0.8357585845839933,0.36361911702232075,0.9527017830406969,59.91108583559873,65.91108583559873,0.8365921787709497,True
테너 이성은 독창회,서양음악(클래식),서울,꿈의숲아트센터,1.0,1,301.0,301.0,0.0,0.0,8,0.8357585845839933,0.36361911702232075,0.9527017830406969,59.91108583559873,65.91108583559873,0.8365921787709497,True
"사랑이 들리는 풍경, 명품콘서트",서양음악(클래식),서울,꿈의숲아트센터,1.0,1,301.0,301.0,0.0,0.0,8,0.8357585845839933,0.36361911702232075,0.9527017830406969,59.91108583559873,65.91108583559873,0.8365921787709497,True
삼육대학교 음악학과 피아노 동문장학회 입상자 연주회,서양음악(클래식),서울,꿈의숲아트센터,1.0,1,301.0,301.0,0.0,0.0,8,0.8357585845839933,0.36361911702232075,0.9527017830406969,59.91108583559873,65.91108583559873,0.8365921787709497,True
"소리여울국악관현악단 정기연주회, 우리소리 여울따라 어여뻐라 우리인생",한국음악(국악),서울,꿈의숲아트센터,1.0,1,301.0,301.0,0.0,0.0,8,0.8357585845839933,0.36361911702232075,0.9527017830406969,59.91108583559873,65.91108583559873,0.8365921787709497,True
앙상블 에클랑의 뮤직 살롱,서양음악(클래식),서울,꿈의숲아트센터,1.0,1,301.0,301.0,0.0,0.0,8,0.8357585845839933,0.36361911702232075,0.9527017830406969,59.91108583559873,65.91108583559873,0.8365921787709497,True
제15회 플라르플루트앙상블 정기연주회,서양음악(클래식),서울,꿈의숲아트센터,1.0,1,301.0,301.0,0.0,0.0,8,0.8357585845839933,0.36361911702232075,0.9527017830406969,59.91108583559873,65.91108583559873,0.8365921787709497,True
제5회 꿈의 오케스트라 중구 정기연주회,서양음악(클래식),서울,충무아트센터,0.9288,1,1161.0,1161.0,0.0,0.0,7,0.6329100330227938,0.5517434387569423,0.9527017830406969,59.9101020105519,65.9101020105519,0.8072625698324022,True
"전남도립어린이국악단 정기공연, 사람이 되고 싶은 도깨비",뮤지컬,호남,남도소리울림터,0.9892,1,552.0,552.0,0.0,0.0,1,0.7380862888286305,0.4591230048473244,0.9527017830406969,61.04300492902779,65.87741524936823,0.8716577540106952,True
루루섬의 비밀 [대구],연극,영남,대구서구문화회관,0.969,2,876.0,438.0,0.0,0.0,3,0.6935323650226863,0.6667830138032997,0.9527017830406969,68.27062063021368,65.87345245621113,0.941468253968254,True
목 짧은 기린 지피 [인천],뮤지컬,경인,인천학생교육문화회관,0.9865,2,1168.0,584.0,0.0,0.0,5,0.7272532016001289,0.7055626191167422,0.9527017830406969,71.84980777576547,65.84980777576547,0.9699530516431925,True
장애인을 위한 세상의 빛 음악회,서양음악(클래식),경인,고양아람누리,1.0,1,1449.0,1449.0,0.0,0.0,6,0.8357585845839933,0.5723995566588023,0.9527017830406969,71.83369778549236,65.83369778549236,0.9549295774647887,True
제11회 LG필하모닉 오케스트라 정기연주회,서양음악(클래식),경인,고양아람누리,1.0,1,1449.0,1449.0,0.0,0.0,6,0.8357585845839933,0.5723995566588023,0.9527017830406969,71.83369778549236,65.83369778549236,0.9549295774647887,True
제17회 팡세 오케스트라 정기연주회,서양음악(클래식),경인,고양아람누리,1.0,1,1449.0,1449.0,0.0,0.0,6,0.8357585845839933,0.5723995566588023,0.9527017830406969,71.83369778549236,65.83369778549236,0.9549295774647887,True
제3회 경기에듀오케스트라 정기연주회,서양음악(클래식),경인,고양아람누리,1.0,1,1449.0,1449.0,0.0,0.0,6,0.8357585845839933,0.5723995566588023,0.9527017830406969,71.83369778549236,65.83369778549236,0.9549295774647887,True
제11회 벨라필 콘서트 콰이어 정기연주회,서양음악(클래식),경인,고양아람누리,1.0,1,1449.0,1449.0,0.0,0.0,6,0.8357585845839933,0.5723995566588023,0.9527017830406969,71.83369778549236,65.83369778549236,0.9549295774647887,True
제10회 벨라필콘서트콰이어 정기연주회,서양음악(클래식),경인,고양아람누리,1.0,1,1449.0,1449.0,0.0,0.0,6,0.8357585845839933,0.5723995566588023,0.9527017830406969,71.83369778549236,65.83369778549236,0.9549295774647887,True
제20회 신일중학교 므네모시네 윈드 오케스트라 정기연주회,서양음악(클래식),경인,고양아람누리,1.0,1,1449.0,1449.0,0.0,0.0,6,0.8357585845839933,0.5723995566588023,0.9527017830406969,71.83369778549236,65.83369778549236,0.9549295774647887,True
모두 모여락: 樂,서양음악(클래식),경인,고양아람누리,1.0,1,1449.0,1449.0,0.0,0.0,6,0.8357585845839933,0.5723995566588023,0.9527017830406969,71.83369778549236,65.83369778549236,0.9549295774647887,True
제28회 할레우스합창단 정기연주회,서양음악(클래식),경인,고양아람누리,1.0,1,1449.0,1449.0,0.0,0.0,6,0.8357585845839933,0.5723995566588023,0.9527017830406969,71.83369778549236,65.83369778549236,0.9549295774647887,True
제12회 LG필하모닉 오케스트라 정기연주회,서양음악(클래식),경인,고양아람누리,1.0,1,1449.0,1449.0,0.0,0.0,6,0.8357585845839933,0.5723995566588023,0.9527017830406969,71.83369778549236,65.83369778549236,0.9549295774647887,True
제16회 페스티벌 앙상블 가우디움 정기 연주회,서양음악(클래식),경인,고양아람누리,1.0,1,1449.0,1449.0,0.0,0.0,6,0.8357585845839933,0.5723995566588023,0.9527017830406969,71.83369778549236,65.83369778549236,0.9549295774647887,True
고양 학생 1000인 음악회,서양음악(클래식),경인,고양아람누리,1.0,1,1449.0,1449.0,0.0,0.0,6,0.8357585845839933,0.5723995566588023,0.9527017830406969,71.83369778549236,65.83369778549236,0.9549295774647887,True
제13회 소니뚜스플루트오케스트라 정기 연주회,서양음악(클래식),경인,고양아람누리,1.0,1,1449.0,1449.0,0.0,0.0,6,0.8357585845839933,0.5723995566588023,0.9527017830406969,71.83369778549236,65.83369778549236,0.9549295774647887,True
고양 학생 1000인 음악회: 빛나고 아름답게,서양음악(클래식),경인,고양아람누리,1.0,1,1449.0,1449.0,0.0,0.0,6,0.8357585845839933,0.5723995566588023,0.9527017830406969,71.83369778549236,65.83369778549236,0.9549295774647887,True
"고양필하모닉오케스트라, 그리운 한국가곡 시리즈, 가곡에 살리라 Ⅴ: 계절을 노래하다",서양음악(클래식),경인,고양아람누리,1.0,1,1449.0,1449.0,0.0,0.0,6,0.8357585845839933,0.5723995566588023,0.9527017830406969,71.83369778549236,65.83369778549236,0.9549295774647887,True
제11회 윤학원 유스콰이어 합창 대축제,서양음악(클래식),경인,고양아람누리,1.0,1,1449.0,1449.0,0.0,0.0,6,0.8357585845839933,0.5723995566588023,0.9527017830406969,71.83369778549236,65.83369778549236,0.9549295774647887,True
제15회 베누스토일산오케스트라 정기연주회 [고양],서양음악(클래식),경인,고양아람누리,1.0,1,1449.0,1449.0,0.0,0.0,6,0.8357585845839933,0.5723995566588023,0.9527017830406969,71.83369778549236,65.83369778549236,0.9549295774647887,True
제10회 서울YMCA 청소년심포니오케스트라 정기연주회 [고양],서양음악(클래식),경인,고양아람누리,1.0,1,1449.0,1449.0,0.0,0.0,6,0.8357585845839933,0.5723995566588023,0.9527017830406969,71.83369778549236,65.83369778549236,0.9549295774647887,True
제21회 신일중학교 Mnemosyne Wind Orchestra 정기연주회 [고양],서양음악(클래식),경인,고양아람누리,1.0,1,1449.0,1449.0,0.0,0.0,6,0.8357585845839933,0.5723995566588023,0.9527017830406969,71.83369778549236,65.83369778549236,0.9549295774647887,True
제30회 홍익대학교 오케스트라 히아모 정기 가을 연주회 [고양],서양음악(클래식),경인,고양아람누리,1.0,1,1449.0,1449.0,0.0,0.0,6,0.8357585845839933,0.5723995566588023,0.9527017830406969,71.83369778549236,65.83369778549236,0.9549295774647887,True
제4회 경기에듀오케스트라 정기연주회,서양음악(클래식),경인,고양아람누리,1.0,1,1449.0,1449.0,0.0,0.0,6,0.8357585845839933,0.5723995566588023,0.9527017830406969,71.83369778549236,65.83369778549236,0.9549295774647887,True
제6회 리즈주니어챔버 정기연주회,서양음악(클래식),경인,고양아람누리,1.0,1,1449.0,1449.0,0.0,0.0,6,0.8357585845839933,0.5723995566588023,0.9527017830406969,71.83369778549236,65.83369778549236,0.9549295774647887,True
제10회 성미산필하모닉오케스트라 정기연주회,서양음악(클래식),경인,고양아람누리,1.0,1,1449.0,1449.0,0.0,0.0,6,0.8357585845839933,0.5723995566588023,0.9527017830406969,71.83369778549236,65.83369778549236,0.9549295774647887,True
제14회 소니뚜스플루트오케스트라 정기연주회,서양음악(클래식),경인,고양아람누리,1.0,1,1449.0,1449.0,0.0,0.0,6,0.8357585845839933,0.5723995566588023,0.9527017830406969,71.83369778549236,65.83369778549236,0.9549295774647887,True
"제21회 기전음악제, 경기북부페스티벌 클래식축제 Ⅱ: 합창",서양음악(클래식),경인,고양아람누리,1.0,1,1449.0,1449.0,0.0,0.0,6,0.8357585845839933,0.5723995566588023,0.9527017830406969,71.83369778549236,65.83369778549236,0.9549295774647887,True
제5회 라온제나 여성합창단 정기연주회,서양음악(클래식),경인,고양아람누리,1.0,1,1449.0,1449.0,0.0,0.0,6,0.8357585845839933,0.5723995566588023,0.9527017830406969,71.83369778549236,65.83369778549236,0.9549295774647887,True
제7회 고양울림청소년오케스트라 정기연주회,서양음악(클래식),경인,고양아람누리,1.0,1,1449.0,1449.0,0.0,0.0,6,0.8357585845839933,0.5723995566588023,0.9527017830406969,71.83369778549236,65.83369778549236,0.9549295774647887,True
제9회 대한민국 청소년 교향악 축전,서양음악(클래식),경인,고양아람누리,1.0,1,1449.0,1449.0,0.0,0.0,6,0.8357585845839933,0.5723995566588023,0.9527017830406969,71.83369778549236,65.83369778549236,0.9549295774647887,True
제37회 EUPHONIA 가을 정기 연주회,서양음악(클래식),경인,고양아람누리,1.0,1,1449.0,1449.0,0.0,0.0,6,0.8357585845839933,0.5723995566588023,0.9527017830406969,71.83369778549236,65.83369778549236,0.9549295774647887,True
우크라이나 오데사 필하모닉 오케스트라 with 피아니스트 김준희 [고양],서양음악(클래식),경인,고양아람누리,1.0,1,1449.0,1449.0,0.0,0.0,6,0.8357585845839933,0.5723995566588023,0.9527017830406969,71.83369778549236,65.83369778549236,0.9549295774647887,True
"제44회 장애인의 날 기념 제21회 사랑의 음악회, 봄의 향연",서양음악(클래식),경인,고양아람누리,1.0,1,1449.0,1449.0,0.0,0.0,6,0.8357585845839933,0.5723995566588023,0.9527017830406969,71.83369778549236,65.83369778549236,0.9549295774647887,True
"Gwangju WASBE Festival Wind Orchestra?, WASBE 성공기원 D-50 기념 공연",서양음악(클래식),서울,연세대학교 백주년기념관,0.9505,1,788.0,788.0,0.0,0.0,7,0.667489999194566,0.5059617070797431,0.9527017830406969,59.746699279494486,65.74669927949449,0.8063314711359404,True
"부천아트센터 개관공연, BAC CONNECTED",서양음악(클래식),경인,부천아트센터,1.0,1,1445.0,1445.0,0.0,0.0,0,0.8357585845839933,0.5704856654991081,0.9527017830406969,71.73752717844333,65.73752717844333,0.9262910798122066,True
"부천필하모닉오케스트라, 영화음악 콘서트",서양음악(클래식),경인,부천아트센터,1.0,1,1445.0,1445.0,0.0,0.0,0,0.8357585845839933,0.5704856654991081,0.9527017830406969,71.73752717844333,65.73752717844333,0.9262910798122066,True
"부천시립합창단, 부천시민합창페스티벌",서양음악(클래식),경인,부천아트센터,1.0,1,1445.0,1445.0,0.0,0.0,0,0.8357585845839933,0.5704856654991081,0.9527017830406969,71.73752717844333,65.73752717844333,0.9262910798122066,True
윌슨 응 & 필하모니코리아,서양음악(클래식),경인,부천아트센터,1.0,1,1445.0,1445.0,0.0,0.0,0,0.8357585845839933,0.5704856654991081,0.9527017830406969,71.73752717844333,65.73752717844333,0.9262910798122066,True
"부천필하모닉오케스트라, 만화 OST 콘서트",서양음악(클래식),경인,부천아트센터,1.0,1,1445.0,1445.0,0.0,0.0,0,0.8357585845839933,0.5704856654991081,0.9527017830406969,71.73752717844333,65.73752717844333,0.9262910798122066,True
부천아트센터와 벽산문화재단이 함께하는 The Next Classic,서양음악(클래식),경인,부천아트센터,1.0,1,1445.0,1445.0,0.0,0.0,0,0.8357585845839933,0.5704856654991081,0.9527017830406969,71.73752717844333,65.73752717844333,0.9262910798122066,True
"부천필하모닉오케스트라, 애니메이션 뮤직페스티벌",서양음악(클래식),경인,부천아트센터,1.0,1,1445.0,1445.0,0.0,0.0,0,0.8357585845839933,0.5704856654991081,0.9527017830406969,71.73752717844333,65.73752717844333,0.9262910798122066,True
"제11회 부천마스터코러스 정기연주회, 희망을 만드는 사람들",서양음악(클래식),경인,부천아트센터,1.0,1,1445.0,1445.0,0.0,0.0,0,0.8357585845839933,0.5704856654991081,0.9527017830406969,71.73752717844333,65.73752717844333,0.9262910798122066,True
한양 필하모닉 오케스트라 정기연주회 [부천],서양음악(클래식),경인,부천아트센터,1.0,1,1445.0,1445.0,0.0,0.0,0,0.8357585845839933,0.5704856654991081,0.9527017830406969,71.73752717844333,65.73752717844333,0.9262910798122066,True
AOU 신년연주회: Finale,서양음악(클래식),경인,부천아트센터,1.0,1,1445.0,1445.0,0.0,0.0,0,0.8357585845839933,0.5704856654991081,0.9527017830406969,71.73752717844333,65.73752717844333,0.9262910798122066,True
BIFAN 전야제 영화음악 콘서트,서양음악(클래식),경인,부천아트센터,1.0,1,1445.0,1445.0,0.0,0.0,0,0.8357585845839933,0.5704856654991081,0.9527017830406969,71.73752717844333,65.73752717844333,0.9262910798122066,True
제19회 삼성필하모닉 오케스트라 정기연주회 [부천],서양음악(클래식),경인,부천아트센터,1.0,1,1445.0,1445.0,0.0,0.0,0,0.8357585845839933,0.5704856654991081,0.9527017830406969,71.73752717844333,65.73752717844333,0.9262910798122066,True
제31회 덴탈코러스 정기연주회,서양음악(클래식),경인,부천아트센터,1.0,1,1445.0,1445.0,0.0,0.0,0,0.8357585845839933,0.5704856654991081,0.9527017830406969,71.73752717844333,65.73752717844333,0.9262910798122066,True
제26회 BIAF 개최 기념 부천필하모닉 오케스트라와 신카이 마코토가 함께하는 애니메이션 OST 콘서트 [부천],서양음악(클래식),경인,부천아트센터,1.0,1,1445.0,1445.0,0.0,0.0,0,0.8357585845839933,0.5704856654991081,0.9527017830406969,71.73752717844333,65.73752717844333,0.9262910798122066,True
제41회 인하오케스트라 정기연주회,서양음악(클래식),경인,부천아트센터,1.0,1,1445.0,1445.0,0.0,0.0,0,0.8357585845839933,0.5704856654991081,0.9527017830406969,71.73752717844333,65.73752717844333,0.9262910798122066,True
크누아심포니오케스트라 연주회 [부천],서양음악(클래식),경인,부천아트센터,1.0,1,1445.0,1445.0,0.0,0.0,0,0.8357585845839933,0.5704856654991081,0.9527017830406969,71.73752717844333,65.73752717844333,0.9262910798122066,True
"부천세종병원 개원 42주년 기념 음악회, 사랑YES 희망YES",서양음악(클래식),경인,부천아트센터,1.0,1,1445.0,1445.0,0.0,0.0,0,0.8357585845839933,0.5704856654991081,0.9527017830406969,71.73752717844333,65.73752717844333,0.9262910798122066,True
제21회 경기예술고등학교 정기연주회,서양음악(클래식),경인,부천아트센터,1.0,1,1445.0,1445.0,0.0,0.0,0,0.8357585845839933,0.5704856654991081,0.9527017830406969,71.73752717844333,65.73752717844333,0.9262910798122066,True
"유니온필하모닉오케스트라 연말 연주회, 차이콥스키 시리즈: 호두까기 인형과 교향곡 4번 [부천]",서양음악(클래식),경인,부천아트센터,1.0,1,1445.0,1445.0,0.0,0.0,0,0.8357585845839933,0.5704856654991081,0.9527017830406969,71.73752717844333,65.73752717844333,0.9262910798122066,True
한양대학교 윈드오케스트라 정기연주회,서양음악(클래식),경인,부천아트센터,1.0,1,1445.0,1445.0,0.0,0.0,0,0.8357585845839933,0.5704856654991081,0.9527017830406969,71.73752717844333,65.73752717844333,0.9262910798122066,True
"부천시립예술단, 복사골 예술제 경축음악회: 바로크의 향연",서양음악(클래식),경인,부천아트센터,1.0,1,1445.0,1445.0,0.0,0.0,0,0.8357585845839933,0.5704856654991081,0.9527017830406969,71.73752717844333,65.73752717844333,0.9262910798122066,True
"부천시립합창단, 부천시민합창페스티벌",서양음악(클래식),경인,부천아트센터,1.0,1,1445.0,1445.0,0.0,0.0,0,0.8357585845839933,0.5704856654991081,0.9527017830406969,71.73752717844333,65.73752717844333,0.9262910798122066,True
"제12회 올키즈스트라 정기연주회, 사랑이 내게 말하는 것",서양음악(클래식),경인,부천아트센터,1.0,1,1445.0,1445.0,0.0,0.0,0,0.8357585845839933,0.5704856654991081,0.9527017830406969,71.73752717844333,65.73752717844333,0.9262910798122066,True
제39회 성신 필하모닉 오케스트라 정기연주회 [부천],서양음악(클래식),경인,부천아트센터,1.0,1,1445.0,1445.0,0.0,0.0,0,0.8357585845839933,0.5704856654991081,0.9527017830406969,71.73752717844333,65.73752717844333,0.9262910798122066,True
청소년을 위한 관악음악여행,서양음악(클래식),경인,부천아트센터,1.0,1,1445.0,1445.0,0.0,0.0,0,0.8357585845839933,0.5704856654991081,0.9527017830406969,71.73752717844333,65.73752717844333,0.9262910798122066,True
부천시립예술단 BICOF와 함께하는 부천시민의날 경축음악회,서양음악(클래식),경인,부천아트센터,1.0,1,1445.0,1445.0,0.0,0.0,0,0.8357585845839933,0.5704856654991081,0.9527017830406969,71.73752717844333,65.73752717844333,0.9262910798122066,True
제19회 페스티벌 앙상블 가우디움 정기연주회,서양음악(클래식),경인,부천아트센터,1.0,1,1445.0,1445.0,0.0,0.0,0,0.8357585845839933,0.5704856654991081,0.9527017830406969,71.73752717844333,65.73752717844333,0.9262910798122066,True
"제312회 부천필하모닉오케스트라 정기연주회: 신년음악회, 신세계로부터",서양음악(클래식),경인,부천아트센터,1.0,1,1445.0,1445.0,0.0,0.0,0,0.8357585845839933,0.5704856654991081,0.9527017830406969,71.73752717844333,65.73752717844333,0.9262910798122066,True
제3회 한국 스타인웨이 아마추어 콩쿠르 입상자 연주회,서양음악(클래식),경인,부천아트센터,1.0,1,1445.0,1445.0,0.0,0.0,0,0.8357585845839933,0.5704856654991081,0.9527017830406969,71.73752717844333,65.73752717844333,0.9262910798122066,True
"제84회 경희대학교 MDOP 정기연주회, ILLUSION",서양음악(클래식),경인,부천아트센터,1.0,1,1445.0,1445.0,0.0,0.0,0,0.8357585845839933,0.5704856654991081,0.9527017830406969,71.73752717844333,65.73752717844333,0.9262910798122066,True
제15회 서울글로리아합창단 나라사랑 정기연주회,서양음악(클래식),서울,세종문화회관,0.9754,1,594.0,594.0,0.0,0.0,3,0.702526377963326,0.46806714484072387,0.9527017830406969,59.72014373793948,65.72014373793948,0.8054003724394786,True
"제31회 젊은연극제, 오장군의 발톱",연극,서울,서강대 메리홀,0.8178,4,1400.0,350.0,0.0,0.0,1,0.5074502644508283,0.7599261413338911,0.9527017830406969,59.64096251203641,65.64096251203641,0.8044692737430168,True
제27회 춘천시립청소년합창단 정기연주회,서양음악(클래식),기타,춘천문화예술회관,0.9894,1,930.0,930.0,0.0,0.0,3,0.7387843316240235,0.5217518485207624,0.9527017830406969,64.28301003441308,65.63729998740989,0.8765822784810127,True
"춘천시립교향악단 특별연주회, 신년음악회",서양음악(클래식),기타,춘천문화예술회관,0.9894,1,930.0,930.0,0.0,0.0,3,0.7387843316240235,0.5217518485207624,0.9527017830406969,64.28301003441308,65.63729998740989,0.8765822784810127,True
"춘천시립교향악단 특별연주회, 춘천문화예술회관 개관 30주년 기념음악회",서양음악(클래식),기타,춘천문화예술회관,0.9894,1,930.0,930.0,0.0,0.0,3,0.7387843316240235,0.5217518485207624,0.9527017830406969,64.28301003441308,65.63729998740989,0.8765822784810127,True
온세대합창페스티벌 송년음악회,서양음악(클래식),기타,춘천문화예술회관,0.9894,1,930.0,930.0,0.0,0.0,3,0.7387843316240235,0.5217518485207624,0.9527017830406969,64.28301003441308,65.63729998740989,0.8765822784810127,True
"춘천시립예술단 송년음악회, ADIEU 2023: 헨델, 메시아",서양음악(클래식),기타,춘천문화예술회관,0.9894,1,930.0,930.0,0.0,0.0,3,0.7387843316240235,0.5217518485207624,0.9527017830406969,64.28301003441308,65.63729998740989,0.8765822784810127,True
춘천시립교향악단 신년음악회,서양음악(클래식),기타,춘천문화예술회관,0.9894,1,930.0,930.0,0.0,0.0,3,0.7387843316240235,0.5217518485207624,0.9527017830406969,64.28301003441308,65.63729998740989,0.8765822784810127,True
더 템페스트 [대구],뮤지컬,영남,대구서구문화회관,0.9668,2,874.0,437.0,0.0,0.0,3,0.6890622063521894,0.6664591070056985,0.9527017830406969,67.99304029398454,65.59587211998198,0.939484126984127,True
셜록홈즈 시즌3: 마지막 인사 [대구],뮤지컬,영남,대구서구문화회관,0.9668,2,874.0,437.0,0.0,0.0,3,0.6890622063521894,0.6664591070056985,0.9527017830406969,67.99304029398454,65.59587211998198,0.939484126984127,True
라이어 3탄: 튀어 [대구],연극,영남,대구서구문화회관,0.9668,2,874.0,437.0,0.0,0.0,3,0.6890622063521894,0.6664591070056985,0.9527017830406969,67.99304029398454,65.59587211998198,0.939484126984127,True
내일은 슈퍼스타 [삼척],뮤지컬,기타,삼척문화예술회관,0.9893,1,922.0,922.0,0.0,0.0,3,0.7383010712272129,0.5209333475223665,0.9527017830406969,64.21743621190112,65.57172616489792,0.8544303797468354,True
마고할망이 들려주는 자청비이야기,뮤지컬,제주,서귀포예술의전당,0.9439,2,1514.0,757.0,0.0,0.0,5,0.6558917496711144,0.7350469730146334,0.9527017830406969,68.64759680842519,65.46403670283384,0.9560439560439561,True
"셜록홈즈 시즌2, 네 사람의 서명",뮤지컬,영남,대구서구문화회관,0.9657,2,873.0,436.5,0.0,0.0,3,0.6868069911670739,0.6663509511615707,0.9527017830406969,67.85502786360212,65.45785968959956,0.9375,True
"창작오페라 갈라콘서트, 제주의 기적 맥그린치",서양음악(클래식),제주,제주문예회관,1.0,1,828.0,828.0,0.0,0.0,3,0.8357585845839933,0.5107493491309703,0.9527017830406969,68.63278725846271,65.44922715287136,0.8351648351648352,True
거울 진(眞) 춤,무용(서양/한국무용),제주,제주문예회관,1.0,1,828.0,828.0,0.0,0.0,3,0.8357585845839933,0.5107493491309703,0.9527017830406969,68.63278725846271,65.44922715287136,0.8351648351648352,True
"리음앙상블과 함께하는 시(詩)실내악 시리즈 III, 고성현의 The Snowman",서양음악(클래식),제주,제주문예회관,1.0,1,828.0,828.0,0.0,0.0,3,0.8357585845839933,0.5107493491309703,0.9527017830406969,68.63278725846271,65.44922715287136,0.8351648351648352,True
국립오페라단 갈라콘서트: 오페라 여행,서양음악(클래식),제주,제주문예회관,1.0,1,828.0,828.0,0.0,0.0,3,0.8357585845839933,0.5107493491309703,0.9527017830406969,68.63278725846271,65.44922715287136,0.8351648351648352,True
"삭온스크린 뮤지컬, 굿모닝 독도",뮤지컬,제주,제주문예회관,1.0,1,828.0,828.0,0.0,0.0,3,0.8357585845839933,0.5107493491309703,0.9527017830406969,68.63278725846271,65.44922715287136,0.8351648351648352,True
호두까기 인형 [제주],무용(서양/한국무용),제주,제주문예회관,1.0,1,828.0,828.0,0.0,0.0,3,0.8357585845839933,0.5107493491309703,0.9527017830406969,68.63278725846271,65.44922715287136,0.8351648351648352,True
"코리안브라스앙상블, 브릴란테브라스밴드",서양음악(클래식),제주,제주문예회관,1.0,1,828.0,828.0,0.0,0.0,3,0.8357585845839933,0.5107493491309703,0.9527017830406969,68.63278725846271,65.44922715287136,0.8351648351648352,True
"삭온스크린, 봉장취 [제주]",뮤지컬,제주,제주문예회관,1.0,1,828.0,828.0,0.0,0.0,3,0.8357585845839933,0.5107493491309703,0.9527017830406969,68.63278725846271,65.44922715287136,0.8351648351648352,True
"서울청춘합창단, 아름다운 동행 [제주]",서양음악(클래식),제주,제주문예회관,1.0,1,828.0,828.0,0.0,0.0,3,0.8357585845839933,0.5107493491309703,0.9527017830406969,68.63278725846271,65.44922715287136,0.8351648351648352,True
윤보선 고택 쌀롱콘서트,서양음악(클래식),제주,제주문예회관,1.0,1,828.0,828.0,0.0,0.0,3,0.8357585845839933,0.5107493491309703,0.9527017830406969,68.63278725846271,65.44922715287136,0.8351648351648352,True
"삭온스크린 클래식, 백건우 피아노 리사이틀",서양음악(클래식),제주,제주문예회관,1.0,1,828.0,828.0,0.0,0.0,3,0.8357585845839933,0.5107493491309703,0.9527017830406969,68.63278725846271,65.44922715287136,0.8351648351648352,True
국립국악고등학교 소리누리예술단 초청공연,한국음악(국악),제주,제주문예회관,1.0,1,828.0,828.0,0.0,0.0,3,0.8357585845839933,0.5107493491309703,0.9527017830406969,68.63278725846271,65.44922715287136,0.8351648351648352,True
라 바야데르(영상화),무용(서양/한국무용),제주,제주문예회관,1.0,1,828.0,828.0,0.0,0.0,3,0.8357585845839933,0.5107493491309703,0.9527017830406969,68.63278725846271,65.44922715287136,0.8351648351648352,True
"SAC ON SCREEN, 늙은 부부 이야기 [제주]",연극,제주,제주문예회관,1.0,1,828.0,828.0,0.0,0.0,3,0.8357585845839933,0.5107493491309703,0.9527017830406969,68.63278725846271,65.44922715287136,0.8351648351648352,True
"SAC ON SCREEN, 영상으로 만나는 듀오콘서트: 정경화 & 케빈 케너 [제주]",서양음악(클래식),제주,제주문예회관,1.0,1,828.0,828.0,0.0,0.0,3,0.8357585845839933,0.5107493491309703,0.9527017830406969,68.63278725846271,65.44922715287136,0.8351648351648352,True
"SAC ON SCREEN, 오셀로 [제주]",연극,제주,제주문예회관,1.0,1,828.0,828.0,0.0,0.0,3,0.8357585845839933,0.5107493491309703,0.9527017830406969,68.63278725846271,65.44922715287136,0.8351648351648352,True
"삭온스크린, 심청 [제주]",무용(서양/한국무용),제주,제주문예회관,1.0,1,828.0,828.0,0.0,0.0,3,0.8357585845839933,0.5107493491309703,0.9527017830406969,68.63278725846271,65.44922715287136,0.8351648351648352,True
"삭온스크린, 오페라 마술피리 [제주]",서양음악(클래식),제주,제주문예회관,1.0,1,828.0,828.0,0.0,0.0,3,0.8357585845839933,0.5107493491309703,0.9527017830406969,68.63278725846271,65.44922715287136,0.8351648351648352,True
"삭온스크린, 두 바퀴 자전거 [제주]",서커스/마술,제주,제주문예회관,1.0,1,828.0,828.0,0.0,0.0,3,0.8357585845839933,0.5107493491309703,0.9527017830406969,68.63278725846271,65.44922715287136,0.8351648351648352,True
"제7회 제주국제실내악페스티벌, 개막공연",서양음악(클래식),제주,제주문예회관,1.0,1,828.0,828.0,0.0,0.0,3,0.8357585845839933,0.5107493491309703,0.9527017830406969,68.63278725846271,65.44922715287136,0.8351648351648352,True
"제7회 제주국제실내악페스티벌, 폐막공연",서양음악(클래식),제주,제주문예회관,1.0,1,828.0,828.0,0.0,0.0,3,0.8357585845839933,0.5107493491309703,0.9527017830406969,68.63278725846271,65.44922715287136,0.8351648351648352,True
"제3회 제이라이크댄스 쇼케이스, TIME SLIP [고양]",대중무용,경인,고양어울림누리,1.0,1,1290.0,1290.0,0.0,0.0,8,0.8357585845839933,0.5627818428621405,0.9527017830406969,71.34844931645071,65.34844931645071,0.9112676056338028,True
제42회 아첼청소년오케스트라 정기연주회 [고양],서양음악(클래식),경인,고양어울림누리,1.0,1,1290.0,1290.0,0.0,0.0,8,0.8357585845839933,0.5627818428621405,0.9527017830406969,71.34844931645071,65.34844931645071,0.9112676056338028,True
르씨엘발레 정기공연,무용(서양/한국무용),영남,달서아트센터 (구. 웃는얼굴아트센터),1.011,1,460.0,460.0,0.0,0.0,6,0.9135769323703923,0.4313538515587464,0.9527017830406969,67.6675647522853,65.27039657828274,0.9360119047619048,True
제1회 달서은빛합창단 정기공연,서양음악(클래식),영남,달서아트센터 (구. 웃는얼굴아트센터),1.011,1,460.0,460.0,0.0,0.0,6,0.9135769323703923,0.4313538515587464,0.9527017830406969,67.6675647522853,65.27039657828274,0.9360119047619048,True
대구학생문화센터 송년음악회,서양음악(클래식),영남,대구학생문화센터,0.9985,1,1367.0,1367.0,0.0,0.0,2,0.7614572985743818,0.5658122965221734,0.9527017830406969,67.6170601886069,65.21989201460434,0.9345238095238095,True
K-water와 함께하는 뮤지컬 갈라 콘서트,뮤지컬,충청,제천예술의전당,1.0,1,799.0,799.0,0.0,0.0,2,0.8357585845839933,0.5072473937443289,0.9527017830406969,68.44416623599047,65.08799459939837,0.9259259259259259,True
골든마스크: 팔공산 오딧세이 ep.1 [대구],뮤지컬,영남,아양아트센터,0.91945,2,2043.0,1021.5,0.0,0.0,6,0.6206137407039493,0.7650807214223089,0.9527017830406969,67.48010281076088,65.08293463675832,0.933531746031746,True
"학원설립24주년 오주신무용학원&주신무용단 우리들의 춤마당 20번째이야기, 바람이 분다",무용(서양/한국무용),영남,강동문화복지회관,1.0,1,667.0,667.0,0.0,0.0,6,0.8357585845839933,0.4894173973691392,0.9527017830406969,67.47148503366867,65.07431685966611,0.9325396825396826,True
"청소년 여름 음악회: 천재적인 클래식 음악가들, 한국사를 만나다!",서양음악(클래식),서울,강동아트센터,0.9412,1,800.0,800.0,0.0,0.0,7,0.6535425671866191,0.5075502470968176,0.9527017830406969,59.06850038684672,65.06850038684672,0.8035381750465549,True
시대를 초월한 고전 AURA,한국음악(국악),서울,세종문화회관,0.9887,1,438.0,438.0,0.0,0.0,3,0.736569388138642,0.42379371553900425,0.9527017830406969,59.045935020514264,65.04593502051426,0.8021415270018621,True
바로크비올리스트 장민경의 The Bach II,서양음악(클래식),서울,세종문화회관,0.9887,1,438.0,438.0,0.0,0.0,3,0.736569388138642,0.42379371553900425,0.9527017830406969,59.045935020514264,65.04593502051426,0.8021415270018621,True
"셜록홈즈 시즌2, 네 사람의 서명 [대구]",뮤지컬,영남,대구서구문화회관,0.9602,2,868.0,434.0,0.0,0.0,3,0.6796923242140307,0.6656959668366577,0.9527017830406969,67.40588103750257,65.00871286350001,0.9315476190476191,True
프렌쥬 클래식 사파리 [익산],서양음악(클래식),호남,익산예술의전당,0.9326,1,1121.0,1121.0,0.0,0.0,8,0.6397696458775204,0.5487073436568722,0.9527017830406969,60.165909710678925,65.00032003101937,0.856951871657754,True
제85회 익산시립합창단 정기연주회: 새로운 시작,서양음악(클래식),호남,익산예술의전당,0.9326,1,1121.0,1121.0,0.0,0.0,8,0.6397696458775204,0.5487073436568722,0.9527017830406969,60.165909710678925,65.00032003101937,0.856951871657754,True
"제86회 익산시립합창단 정기연주회, 함께",서양음악(클래식),호남,익산예술의전당,0.9326,1,1121.0,1121.0,0.0,0.0,8,0.6397696458775204,0.5487073436568722,0.9527017830406969,60.165909710678925,65.00032003101937,0.856951871657754,True
제21회 익산시립풍물단 정기공연,한국음악(국악),호남,익산예술의전당,0.9326,1,1121.0,1121.0,0.0,0.0,8,0.6397696458775204,0.5487073436568722,0.9527017830406969,60.165909710678925,65.00032003101937,0.856951871657754,True
굿GOOD보러가자 [익산],한국음악(국악),호남,익산예술의전당,0.9326,1,1121.0,1121.0,0.0,0.0,8,0.6397696458775204,0.5487073436568722,0.9527017830406969,60.165909710678925,65.00032003101937,0.856951871657754,True
제46회 익산시립무용단 정기공연,무용(서양/한국무용),호남,익산예술의전당,0.9326,1,1121.0,1121.0,0.0,0.0,8,0.6397696458775204,0.5487073436568722,0.9527017830406969,60.165909710678925,65.00032003101937,0.856951871657754,True
제88회 익산시립합창단 정기연주회 [익산],서양음악(클래식),호남,익산예술의전당,0.9326,1,1121.0,1121.0,0.0,0.0,8,0.6397696458775204,0.5487073436568722,0.9527017830406969,60.165909710678925,65.00032003101937,0.856951871657754,True
"전북특별자치도립국악원 관현악단, 국악콘서트 락 [익산]",한국음악(국악),호남,익산예술의전당,0.9326,1,1121.0,1121.0,0.0,0.0,8,0.6397696458775204,0.5487073436568722,0.9527017830406969,60.165909710678925,65.00032003101937,0.856951871657754,True
제22회 익산시립풍물단 정기공연,한국음악(국악),호남,익산예술의전당,0.9326,1,1121.0,1121.0,0.0,0.0,8,0.6397696458775204,0.5487073436568722,0.9527017830406969,60.165909710678925,65.00032003101937,0.856951871657754,True
제87회 익산시립합창단 정기연주회,서양음악(클래식),호남,익산예술의전당,0.9326,1,1121.0,1121.0,0.0,0.0,8,0.6397696458775204,0.5487073436568722,0.9527017830406969,60.165909710678925,65.00032003101937,0.856951871657754,True
라라라온 [프리즘홀],대중음악,서울,프리즘홀(프리즘플러스),0.9375,3,225.0,75.0,0.0,0.0,1,0.64723333422826,0.5123997665582233,0.9527017830406969,58.94949583974061,64.9494958397406,0.8007448789571695,True
건군 75주년 한미동맹 70주년 공군정기음악회,서양음악(클래식),서울,블루스퀘어,0.9111,1,1251.0,1251.0,0.0,0.0,6,0.6104786962708406,0.5593617392799496,0.9527017830406969,58.9494029241132,64.9494029241132,0.7998137802607076,True
제23회 대구시립교향악단 대학생 협주곡의 밤,서양음악(클래식),영남,대구콘서트하우스,0.9953,1,1278.0,1278.0,0.0,0.0,7,0.7579536606975058,0.5620571732230879,0.9527017830406969,67.2508520073981,64.85368383339554,0.9305555555555556,True
캣,뮤지컬,경인,한중문화관,1.0,2,400.0,200.0,0.0,0.0,5,0.8357585845839933,0.5527388181122228,0.9527017830406969,70.83640200435458,64.83640200435458,0.9098591549295775,True
여수오케스트라 정기연주회,서양음악(클래식),호남,예울마루,1.0,1,302.0,302.0,0.0,0.0,7,0.8357585845839933,0.36491656235710845,0.9527017830406969,59.99650302755565,64.83091334789609,0.8355614973262032,True
상반기 어린이뮤지컬 종강발표회,뮤지컬,호남,예울마루,1.0,1,302.0,302.0,0.0,0.0,7,0.8357585845839933,0.36491656235710845,0.9527017830406969,59.99650302755565,64.83091334789609,0.8355614973262032,True
"제4회 이음 스트링 챔버 오케스트라 정기연주회, 낭만을 꽃 피우다",서양음악(클래식),호남,예울마루,1.0,1,302.0,302.0,0.0,0.0,7,0.8357585845839933,0.36491656235710845,0.9527017830406969,59.99650302755565,64.83091334789609,0.8355614973262032,True
탈북민과 함께 부르는 통일기원 음악회 [여수],서양음악(클래식),호남,예울마루,1.0,1,302.0,302.0,0.0,0.0,7,0.8357585845839933,0.36491656235710845,0.9527017830406969,59.99650302755565,64.83091334789609,0.8355614973262032,True
"제18회 루미아 플룻 콰이어 정기연주회: 해피콘서트 짬쏭, 모두모여樂 [여수]",서양음악(클래식),호남,예울마루,1.0,1,302.0,302.0,0.0,0.0,7,0.8357585845839933,0.36491656235710845,0.9527017830406969,59.99650302755565,64.83091334789609,0.8355614973262032,True
제2회 여수·남해 음악협회 교류연주회,서양음악(클래식),호남,예울마루,1.0,1,302.0,302.0,0.0,0.0,7,0.8357585845839933,0.36491656235710845,0.9527017830406969,59.99650302755565,64.83091334789609,0.8355614973262032,True
더 템페스트 [대구],뮤지컬,영남,대구서구문화회관,0.958,2,866.0,433.0,0.0,0.0,3,0.675262437243268,0.6653885765390591,0.9527017830406969,67.12954311760483,64.73237494360227,0.9295634920634921,True
"제9회 대한민국장애인국제무용제, KIADA",무용(서양/한국무용),서울,아르코예술극장,0.78,5,1899.0,379.8,0.0,0.0,2,0.4764276317555776,0.7987538789260058,0.9527017830406969,58.58188704190654,64.58188704190654,0.7988826815642458,True
바리톤 김승철 독창회,서양음악(클래식),영남,수성아트피아,0.9801,2,590.0,295.0,0.0,0.0,3,0.7142185947861572,0.606945082901223,0.9527017830406969,66.92038806149344,64.52321988749088,0.9285714285714286,True
더 클라운 [대구],뮤지컬,영남,대구서구문화회관,0.95465,2,863.0,431.5,0.0,0.0,3,0.6718124949660376,0.6651050773812284,0.9527017830406969,66.91214487889174,64.51497670488918,0.9275793650793651,True
"테너 김남수 콘서트 한국人, 만남",서양음악(클래식),영남,대구범어대성당,1.0146,1,416.0,416.0,0.0,0.0,5,0.9158187236555965,0.4166326771310038,0.9527017830406969,66.83239776568311,64.43522959168055,0.9265873015873016,True
"제31회 젊은연극제, 정의의 사람들",연극,서울,공간아울,0.82365,6,850.0,141.67,0.0,0.0,2,0.5118533036217682,0.7102317702717335,0.9527017830406969,58.35087119267087,64.35087119267087,0.797951582867784,True
"제15회 부산마루국제음악제, 앙상블콘서트 Ⅰ",서양음악(클래식),영남,부산문화회관,1.0098,1,414.0,414.0,0.0,0.0,7,0.9130131285741133,0.4159258493715726,0.9527017830406969,66.66418566274773,64.26701748874517,0.9255952380952381,True
그놈은 예뻤다 [청송],연극,영남,청송문화예술회관,1.0024,1,417.0,417.0,0.0,0.0,1,0.9106773699895293,0.41692120599870813,0.9527017830406969,66.62547540196961,64.22830722796705,0.9246031746031746,True
애국지사 박희광을 기리며: 공모 [구미],서양음악(클래식),영남,구미시문화예술회관,0.9932,1,1175.0,1175.0,0.0,0.0,1,0.754221816522136,0.5525389492004434,0.9527017830406969,66.59545850145992,64.19829032745736,0.9236111111111112,True
아홉 그리고...,서양음악(클래식),서울,금호아트홀 연세,0.9897,1,386.0,386.0,0.0,0.0,1,0.7407710688109109,0.4042085697302215,0.9527017830406969,58.13699956558427,64.13699956558426,0.7965549348230913,True
피아니스트 김현정 글로리 & 진강우 피아노 듀오 리사이틀,서양음악(클래식),서울,금호아트홀 연세,0.9897,1,386.0,386.0,0.0,0.0,1,0.7407710688109109,0.4042085697302215,0.9527017830406969,58.13699956558427,64.13699956558426,0.7965549348230913,True
"제5회 청소년뮤지컬단 정기공연, 비빔밥 season2",뮤지컬,경인,인천학생교육문화회관,0.973,2,1152.0,576.0,0.0,0.0,5,0.6991704029854754,0.7041566101177176,0.9527017830406969,70.11606348345994,64.11606348345994,0.9089201877934272,True
"니나노 판서트, 유희스카 [고창]",한국음악(국악),호남,고창문화의전당,0.9648,1,603.0,603.0,0.0,0.0,2,0.6857733508738959,0.47551582850619223,0.9527017830406969,59.234449112171305,64.06885943251174,0.8262032085561497,True
"셜록홈즈 시즌1, 바스커빌가의 개",뮤지컬,영남,대구서구문화회관,0.9447,2,854.0,427.0,0.0,0.0,3,0.6586436491529519,0.6639296365852255,0.9527017830406969,66.07529750385486,63.678129329852304,0.9226190476190477,True
제3회 전남동부극동방송 어린이합창단 정기연주회,서양음악(클래식),호남,예울마루,0.9285,1,948.0,948.0,0.0,0.0,7,0.632118022928021,0.5237442949747612,0.9527017830406969,58.630908804386586,63.465319124727024,0.820855614973262,True
제13회 여수심포니오케스트라 정기연주회,서양음악(클래식),호남,예울마루,0.9285,1,948.0,948.0,0.0,0.0,7,0.632118022928021,0.5237442949747612,0.9527017830406969,58.630908804386586,63.465319124727024,0.820855614973262,True
영호남 4개도시 청소년 교류음악회 [여수],서양음악(클래식),호남,예울마루,0.9285,1,948.0,948.0,0.0,0.0,7,0.632118022928021,0.5237442949747612,0.9527017830406969,58.630908804386586,63.465319124727024,0.820855614973262,True
우리 집 식구는 아무도 못 말려,연극,경인,성남아트센터,0.9868,2,746.0,373.0,0.0,0.0,7,0.729025156388434,0.645916972966061,0.9527017830406969,69.45702659671757,63.45702659671757,0.9070422535211268,True
Inspire (영감) : 빛과 소리 [성남],무용(서양/한국무용),경인,성남아트센터,0.9868,2,746.0,373.0,0.0,0.0,7,0.729025156388434,0.645916972966061,0.9527017830406969,69.45702659671757,63.45702659671757,0.9070422535211268,True
신데렐라의 꿈 [성남],연극,경인,성남아트센터,0.9868,2,746.0,373.0,0.0,0.0,7,0.729025156388434,0.645916972966061,0.9527017830406969,69.45702659671757,63.45702659671757,0.9070422535211268,True
바다로 간 쓰레기 [인천],뮤지컬,경인,인천동구문화체육센터,0.9471,3,1298.0,432.67,0.0,0.0,1,0.6615566354337262,0.7459414032560203,0.9527017830406969,69.41000938966437,63.41000938966437,0.9051643192488263,True
함께하는 공감콘서트1,서양음악(클래식),경인,인천서구문화회관,1.0,1,951.0,951.0,0.0,0.0,4,0.8357585845839933,0.5241745054513628,0.9527017830406969,69.34878640237507,63.34878640237507,0.9042253521126761,True
국립남도국악원 개원 20주년 기념 해외동포 및 국악단체 특별 초청공연: 한국을 가슴에 품다 [서울],한국음악(국악),서울,국립국악원,1.0,1,231.0,231.0,0.0,0.0,7,0.8357585845839933,0.32551908391984985,0.9527017830406969,57.316424376192366,63.316424376192366,0.7951582867783985,True
"제11회 추석맞이효사랑한마당, 진성 효콘서트 [서울 강동]",대중음악,서울,강동아트센터,0.9212,1,783.0,783.0,0.0,0.0,7,0.6230837382876473,0.505514487338375,0.9527017830406969,57.308797082057595,63.308797082057595,0.7942271880819367,True
"광주시립창극단 특별공연, 국립광주박물관과 함께하는 판소리 감상회 (5월)",한국음악(국악),호남,국립광주박물관,1.0,1,266.0,266.0,0.0,0.0,2,0.8357585845839933,0.34183219686557614,0.9527017830406969,58.44854361653886,63.2829539368793,0.8141711229946524,True
"광주시립창극단 특별공연, 국립광주박물관과 함께하는 판소리 감상회 (4월)",한국음악(국악),호남,국립광주박물관,1.0,1,266.0,266.0,0.0,0.0,2,0.8357585845839933,0.34183219686557614,0.9527017830406969,58.44854361653886,63.2829539368793,0.8141711229946524,True
"제21회 포천시립민속예술단 정기공연: 물, 하늘을 그리다",한국음악(국악),경인,포천반월아트홀,1.0,1,910.0,910.0,0.0,0.0,1,0.8357585845839933,0.5197193173024476,0.9527017830406969,69.11241223330752,63.11241223330752,0.9032863849765258,True
송파구 신년인사회,서양음악(클래식),서울,롯데콘서트홀,0.8728,1,1777.0,1777.0,0.0,0.0,6,0.5598437458050313,0.586916058960147,0.9527017830406969,57.05195035487731,63.05195035487731,0.7932960893854749,True
"제2회 소리하나 정기공연, 국악아동극: 고양이캠핑장 아리아리 아라리요!",한국음악(국악),호남,국립아시아문화전당,1.2833,1,154.0,154.0,0.0,0.0,6,0.9395119069992214,0.28380683237310167,0.9527017830406969,58.203689031158326,63.038099351498765,0.8101604278074866,True
"경숙이, 경숙아버지 [동해]",연극,기타,동해문화예술회관,0.88595,2,1010.0,505.0,0.0,0.0,3,0.5726904180202432,0.6894245605585374,0.9527017830406969,61.68032458199212,63.03461453498893,0.8481012658227848,True
제47회 유나이티드 필하모닉 오케스트라와 함께하는 크리스마스 칸타타,서양음악(클래식),충청,천안시청 봉서홀,0.9953,1,1059.0,1059.0,0.0,0.0,2,0.7579536606975058,0.5432908004357183,0.9527017830406969,66.34352353232661,62.98735189573451,0.9212962962962963,True
"제868회 전남도립국악단 토요특별공연 국악캐롤 콘서트, 마굿간으로 가세",한국음악(국악),호남,남도소리울림터,0.9624,1,537.0,537.0,0.0,0.0,1,0.6822831368969313,0.4557158493749176,0.9527017830406969,58.057246665394466,62.891656985734905,0.8074866310160428,True
가방 들어주는 아이,뮤지컬,영남,함안문화예술회관,1.0,1,510.0,510.0,0.0,0.0,5,0.8357585845839933,0.4491349782770538,0.9527017830406969,65.1927437210039,62.79557554700134,0.9122023809523809,True
"제11회 아라가야 함안청소년오케스트라 정기연주회, 우리들의 꿈",서양음악(클래식),영남,함안문화예술회관,1.0,1,510.0,510.0,0.0,0.0,5,0.8357585845839933,0.4491349782770538,0.9527017830406969,65.1927437210039,62.79557554700134,0.9122023809523809,True
아라가야합창제,서양음악(클래식),영남,함안문화예술회관,1.0,1,510.0,510.0,0.0,0.0,5,0.8357585845839933,0.4491349782770538,0.9527017830406969,65.1927437210039,62.79557554700134,0.9122023809523809,True
가을밤의 랩소디,서양음악(클래식),영남,함안문화예술회관,1.0,1,510.0,510.0,0.0,0.0,5,0.8357585845839933,0.4491349782770538,0.9527017830406969,65.1927437210039,62.79557554700134,0.9122023809523809,True
제5회 가야100인 패밀리 합창단 정기연주회,서양음악(클래식),영남,함안문화예술회관,1.0,1,510.0,510.0,0.0,0.0,5,0.8357585845839933,0.4491349782770538,0.9527017830406969,65.1927437210039,62.79557554700134,0.9122023809523809,True
제8회 함안윈드오케스트라 정기연주회,서양음악(클래식),영남,함안문화예술회관,1.0,1,510.0,510.0,0.0,0.0,5,0.8357585845839933,0.4491349782770538,0.9527017830406969,65.1927437210039,62.79557554700134,0.9122023809523809,True
숨; breath,무용(서양/한국무용),영남,함안문화예술회관,1.0,1,510.0,510.0,0.0,0.0,5,0.8357585845839933,0.4491349782770538,0.9527017830406969,65.1927437210039,62.79557554700134,0.9122023809523809,True
친절한 돼지씨 [함안],뮤지컬,영남,함안문화예술회관,1.0,1,510.0,510.0,0.0,0.0,5,0.8357585845839933,0.4491349782770538,0.9527017830406969,65.1927437210039,62.79557554700134,0.9122023809523809,True
제23회 함안군여성합창단 정기연주회 및 송년음악회,서양음악(클래식),영남,함안문화예술회관,1.0,1,510.0,510.0,0.0,0.0,5,0.8357585845839933,0.4491349782770538,0.9527017830406969,65.1927437210039,62.79557554700134,0.9122023809523809,True
그대는 봄 [함안],연극,영남,함안문화예술회관,1.0,1,510.0,510.0,0.0,0.0,5,0.8357585845839933,0.4491349782770538,0.9527017830406969,65.1927437210039,62.79557554700134,0.9122023809523809,True
소원을 들어주는 솟대버나,한국음악(국악),영남,함안문화예술회관,1.0,1,510.0,510.0,0.0,0.0,5,0.8357585845839933,0.4491349782770538,0.9527017830406969,65.1927437210039,62.79557554700134,0.9122023809523809,True
가을밤의 랩소디 with 함안 영아티스트 [함안],서양음악(클래식),영남,함안문화예술회관,1.0,1,510.0,510.0,0.0,0.0,5,0.8357585845839933,0.4491349782770538,0.9527017830406969,65.1927437210039,62.79557554700134,0.9122023809523809,True
동행 [함안],연극,영남,함안문화예술회관,1.0,1,510.0,510.0,0.0,0.0,5,0.8357585845839933,0.4491349782770538,0.9527017830406969,65.1927437210039,62.79557554700134,0.9122023809523809,True
썸데이 [함안],뮤지컬,영남,함안문화예술회관,1.0,1,510.0,510.0,0.0,0.0,5,0.8357585845839933,0.4491349782770538,0.9527017830406969,65.1927437210039,62.79557554700134,0.9122023809523809,True
"제20회 함안예술제, 버블서커스벌룬쇼: 시간여행자 [함안]",서커스/마술,영남,함안문화예술회관,1.0,1,510.0,510.0,0.0,0.0,5,0.8357585845839933,0.4491349782770538,0.9527017830406969,65.1927437210039,62.79557554700134,0.9122023809523809,True
제12회 아라가야 합창제 [함안],서양음악(클래식),영남,함안문화예술회관,1.0,1,510.0,510.0,0.0,0.0,5,0.8357585845839933,0.4491349782770538,0.9527017830406969,65.1927437210039,62.79557554700134,0.9122023809523809,True
함안 스트리트 댄스 페스티벌 (HSDF),대중무용,영남,함안문화예술회관,1.0,1,510.0,510.0,0.0,0.0,5,0.8357585845839933,0.4491349782770538,0.9527017830406969,65.1927437210039,62.79557554700134,0.9122023809523809,True
마법의 성: 한비의 모험 [함안],무용(서양/한국무용),영남,함안문화예술회관,1.0,1,510.0,510.0,0.0,0.0,5,0.8357585845839933,0.4491349782770538,0.9527017830406969,65.1927437210039,62.79557554700134,0.9122023809523809,True
아라가야 청소년오케스트라,서양음악(클래식),영남,함안문화예술회관,1.0,1,510.0,510.0,0.0,0.0,5,0.8357585845839933,0.4491349782770538,0.9527017830406969,65.1927437210039,62.79557554700134,0.9122023809523809,True
제페토 할아버지 [함안],뮤지컬,영남,함안문화예술회관,1.0,1,510.0,510.0,0.0,0.0,5,0.8357585845839933,0.4491349782770538,0.9527017830406969,65.1927437210039,62.79557554700134,0.9122023809523809,True
갯골의 여자들 [경산],연극,영남,경산시민회관,0.8849,3,1938.0,646.0,0.0,0.0,3,0.5720057991247617,0.7911960524217029,0.9527017830406969,65.12592485343738,62.72875667943483,0.9017857142857143,True
마술피리 [부산 동래],서양음악(클래식),영남,동래문화회관,1.0,1,505.0,505.0,0.0,0.0,5,0.8357585845839933,0.4473417152811441,0.9527017830406969,65.08850061108014,62.691332437077584,0.8978174603174603,True
"우리동래 음악대장 성과발표회2, 토요일반",서양음악(클래식),영남,동래문화회관,1.0,1,505.0,505.0,0.0,0.0,5,0.8357585845839933,0.4473417152811441,0.9527017830406969,65.08850061108014,62.691332437077584,0.8978174603174603,True
리멤버 1919 [부산],뮤지컬,영남,동래문화회관,1.0,1,505.0,505.0,0.0,0.0,5,0.8357585845839933,0.4473417152811441,0.9527017830406969,65.08850061108014,62.691332437077584,0.8978174603174603,True
늙은 부부 이야기 [부산 동래],연극,영남,동래문화회관,1.0,1,505.0,505.0,0.0,0.0,5,0.8357585845839933,0.4473417152811441,0.9527017830406969,65.08850061108014,62.691332437077584,0.8978174603174603,True
"크리스탈합창단 연주회, 꿈을 꾼다",서양음악(클래식),영남,동래문화회관,1.0,1,505.0,505.0,0.0,0.0,5,0.8357585845839933,0.4473417152811441,0.9527017830406969,65.08850061108014,62.691332437077584,0.8978174603174603,True
"우리동래 음악대장 성과발표회1, 화요일반",서양음악(클래식),영남,동래문화회관,1.0,1,505.0,505.0,0.0,0.0,5,0.8357585845839933,0.4473417152811441,0.9527017830406969,65.08850061108014,62.691332437077584,0.8978174603174603,True
드보르작 신세계로부터,서양음악(클래식),영남,동래문화회관,1.0,1,505.0,505.0,0.0,0.0,5,0.8357585845839933,0.4473417152811441,0.9527017830406969,65.08850061108014,62.691332437077584,0.8978174603174603,True
심포니 테일즈 Ⅱ: 가디언 테일즈 오케스트라,서양음악(클래식),서울,국립극장,0.8919,1,1089.0,1089.0,0.0,0.0,5,0.5802614975702741,0.5454924048228986,0.9527017830406969,56.609554344287695,62.609554344287695,0.792364990689013,True
한양대학교 무용예술학과 43주년 기념 졸업공연,무용(서양/한국무용),경인,안산문화예술의전당,0.9469,2,1356.0,678.0,0.0,0.0,6,0.6613552769350551,0.7240237770044561,0.9527017830406969,68.574401416429,62.574401416429,0.9023474178403755,True
"전남도립어린이국악단 정기공연, 우리 같이 놀아볼래?",한국음악(국악),호남,남도소리울림터,0.9588,1,535.0,535.0,0.0,0.0,1,0.6762155341369774,0.45532433031299546,0.9527017830406969,57.72705856485333,62.56146888519377,0.8048128342245989,True
"국립남도국악원 어린이날 특별공연, 산중호걸 호랑님의 생일잔치",한국음악(국악),호남,국립남도국악원,0.8346,2,868.0,434.0,0.0,0.0,5,0.5249013343356512,0.6656959668366577,0.9527017830406969,57.72407421314261,62.558484533483046,0.8021390374331551,True
"꿈의 댄스팀 논산, 우리가 초록의 내일을 춤출때",무용(서양/한국무용),충청,논산아트센터(구. 논산문화예술회관),1.0,1,560.0,560.0,0.0,0.0,5,0.8357585845839933,0.46100034561217595,0.9527017830406969,65.87627109670883,62.52009946011673,0.9166666666666666,True
괴물 [대학로],뮤지컬,서울,후암스테이지,0.8203,6,566.0,94.33,0.0,0.0,0,0.5098128708352351,0.6589200550568869,0.9527017830406969,56.491039685213536,62.491039685213536,0.7914338919925512,True
급식왕 [서산],뮤지컬,충청,서산시문화회관,0.92845,2,1116.0,558.0,0.0,0.0,3,0.6317555776304132,0.7004937718421939,0.9527017830406969,65.8402031546984,62.4840315181063,0.9120370370370371,True
"씨네스테이지, 호두까기 인형",무용(서양/한국무용),영남,울산중구문화의전당,1.0,1,499.0,499.0,0.0,0.0,4,0.8357585845839933,0.44310652610463097,0.9527017830406969,64.841307892326,62.44413971832345,0.8794642857142857,True
"씨네스테이지, 카맨",뮤지컬,영남,울산중구문화의전당,1.0,1,499.0,499.0,0.0,0.0,4,0.8357585845839933,0.44310652610463097,0.9527017830406969,64.841307892326,62.44413971832345,0.8794642857142857,True
"씨네스테이지, 아이다",서양음악(클래식),영남,울산중구문화의전당,1.0,1,499.0,499.0,0.0,0.0,4,0.8357585845839933,0.44310652610463097,0.9527017830406969,64.841307892326,62.44413971832345,0.8794642857142857,True
"씨네스테이지, 시몬 보카네그라",서양음악(클래식),영남,울산중구문화의전당,1.0,1,499.0,499.0,0.0,0.0,4,0.8357585845839933,0.44310652610463097,0.9527017830406969,64.841307892326,62.44413971832345,0.8794642857142857,True
중구소년소녀합창단 기획연주: 행복을 파는 가게,서양음악(클래식),영남,울산중구문화의전당,1.0,1,499.0,499.0,0.0,0.0,4,0.8357585845839933,0.44310652610463097,0.9527017830406969,64.841307892326,62.44413971832345,0.8794642857142857,True
"씨네스테이지, 캣츠",뮤지컬,영남,울산중구문화의전당,1.0,1,499.0,499.0,0.0,0.0,4,0.8357585845839933,0.44310652610463097,0.9527017830406969,64.841307892326,62.44413971832345,0.8794642857142857,True
제20회 울산중구심포니오케스트라 정기연주회,서양음악(클래식),영남,울산중구문화의전당,1.0,1,499.0,499.0,0.0,0.0,4,0.8357585845839933,0.44310652610463097,0.9527017830406969,64.841307892326,62.44413971832345,0.8794642857142857,True
제26회 중구여성합창단 정기연주회,서양음악(클래식),영남,울산중구문화의전당,1.0,1,499.0,499.0,0.0,0.0,4,0.8357585845839933,0.44310652610463097,0.9527017830406969,64.841307892326,62.44413971832345,0.8794642857142857,True
"씨네스테이지, BTS 월드투어: 러브 유어셀프",대중음악,영남,울산중구문화의전당,1.0,1,499.0,499.0,0.0,0.0,4,0.8357585845839933,0.44310652610463097,0.9527017830406969,64.841307892326,62.44413971832345,0.8794642857142857,True
"씨네스테이지, 라 보엠",서양음악(클래식),영남,울산중구문화의전당,1.0,1,499.0,499.0,0.0,0.0,4,0.8357585845839933,0.44310652610463097,0.9527017830406969,64.841307892326,62.44413971832345,0.8794642857142857,True
안드레아 셰니에 [울산],서양음악(클래식),영남,울산중구문화의전당,1.0,1,499.0,499.0,0.0,0.0,4,0.8357585845839933,0.44310652610463097,0.9527017830406969,64.841307892326,62.44413971832345,0.8794642857142857,True
알제리의 이탈리아 여인,서양음악(클래식),영남,울산중구문화의전당,1.0,1,499.0,499.0,0.0,0.0,4,0.8357585845839933,0.44310652610463097,0.9527017830406969,64.841307892326,62.44413971832345,0.8794642857142857,True
"중구여성합창단 기획연주회, 맛있는 음악회",서양음악(클래식),영남,울산중구문화의전당,1.0,1,499.0,499.0,0.0,0.0,4,0.8357585845839933,0.44310652610463097,0.9527017830406969,64.841307892326,62.44413971832345,0.8794642857142857,True
"씨네스테이지, 로미오와 줄리엣",무용(서양/한국무용),영남,울산중구문화의전당,1.0,1,499.0,499.0,0.0,0.0,4,0.8357585845839933,0.44310652610463097,0.9527017830406969,64.841307892326,62.44413971832345,0.8794642857142857,True
"씨네스테이지, 레드 슈즈",뮤지컬,영남,울산중구문화의전당,1.0,1,499.0,499.0,0.0,0.0,4,0.8357585845839933,0.44310652610463097,0.9527017830406969,64.841307892326,62.44413971832345,0.8794642857142857,True
제10회 중구소년소녀합창단 정기연주회,서양음악(클래식),영남,울산중구문화의전당,1.0,1,499.0,499.0,0.0,0.0,4,0.8357585845839933,0.44310652610463097,0.9527017830406969,64.841307892326,62.44413971832345,0.8794642857142857,True
"SAC on SCREEN, 보물섬 [울산]",연극,영남,울산중구문화의전당,1.0,1,499.0,499.0,0.0,0.0,4,0.8357585845839933,0.44310652610463097,0.9527017830406969,64.841307892326,62.44413971832345,0.8794642857142857,True
"SAC on SCREEN, 춘향탈옥 [울산]",서양음악(클래식),영남,울산중구문화의전당,1.0,1,499.0,499.0,0.0,0.0,4,0.8357585845839933,0.44310652610463097,0.9527017830406969,64.841307892326,62.44413971832345,0.8794642857142857,True
"SAC ON SCREEN, 춤이 말하다 [울산]",무용(서양/한국무용),영남,울산중구문화의전당,1.0,1,499.0,499.0,0.0,0.0,4,0.8357585845839933,0.44310652610463097,0.9527017830406969,64.841307892326,62.44413971832345,0.8794642857142857,True
고집쟁이 딸,무용(서양/한국무용),영남,울산중구문화의전당,1.0,1,499.0,499.0,0.0,0.0,4,0.8357585845839933,0.44310652610463097,0.9527017830406969,64.841307892326,62.44413971832345,0.8794642857142857,True
제11회 중구소년소녀합창단 정기연주회 [울산],서양음악(클래식),영남,울산중구문화의전당,1.0,1,499.0,499.0,0.0,0.0,4,0.8357585845839933,0.44310652610463097,0.9527017830406969,64.841307892326,62.44413971832345,0.8794642857142857,True
"중구소년소녀합창단 기획연주회, 소금꽃 [울산]",서양음악(클래식),영남,울산중구문화의전당,1.0,1,499.0,499.0,0.0,0.0,4,0.8357585845839933,0.44310652610463097,0.9527017830406969,64.841307892326,62.44413971832345,0.8794642857142857,True
"발달장애 합주단 뮤직팔레트: 느리지만, 우리는 여전히!",서양음악(클래식),영남,울산중구문화의전당,1.0,1,499.0,499.0,0.0,0.0,4,0.8357585845839933,0.44310652610463097,0.9527017830406969,64.841307892326,62.44413971832345,0.8794642857142857,True
"아트 온 스크린, 잠 못 이루는 밤 & 어리숙한 두 사람 [울산]",서양음악(클래식),영남,울산중구문화의전당,1.0,1,499.0,499.0,0.0,0.0,4,0.8357585845839933,0.44310652610463097,0.9527017830406969,64.841307892326,62.44413971832345,0.8794642857142857,True
"아트 온 스크린, 헨젤과 그레텔 [울산]",서양음악(클래식),영남,울산중구문화의전당,1.0,1,499.0,499.0,0.0,0.0,4,0.8357585845839933,0.44310652610463097,0.9527017830406969,64.841307892326,62.44413971832345,0.8794642857142857,True
"비엔나 뮤지컬 하이라이트, We Are Musical [울산]",뮤지컬,영남,울산중구문화의전당,1.0,1,499.0,499.0,0.0,0.0,4,0.8357585845839933,0.44310652610463097,0.9527017830406969,64.841307892326,62.44413971832345,0.8794642857142857,True
스노우맨 [울산],뮤지컬,영남,울산중구문화의전당,1.0,1,499.0,499.0,0.0,0.0,4,0.8357585845839933,0.44310652610463097,0.9527017830406969,64.841307892326,62.44413971832345,0.8794642857142857,True
더 스테이트 오페라 [울산],서양음악(클래식),영남,울산중구문화의전당,1.0,1,499.0,499.0,0.0,0.0,4,0.8357585845839933,0.44310652610463097,0.9527017830406969,64.841307892326,62.44413971832345,0.8794642857142857,True
제21회 울산중구심포니오케스트라 기획연주회,서양음악(클래식),영남,울산중구문화의전당,1.0,1,499.0,499.0,0.0,0.0,4,0.8357585845839933,0.44310652610463097,0.9527017830406969,64.841307892326,62.44413971832345,0.8794642857142857,True
"제21회 울산중구심포니오케스트라 정기연주회: 모차르트와 베토벤, 두 거장의 만남",서양음악(클래식),영남,울산중구문화의전당,1.0,1,499.0,499.0,0.0,0.0,4,0.8357585845839933,0.44310652610463097,0.9527017830406969,64.841307892326,62.44413971832345,0.8794642857142857,True
광야의 꽃 이육사 [안동],서양음악(클래식),영남,안동문화예술의전당,0.9899,1,984.0,984.0,0.0,0.0,7,0.7421000349021397,0.5292339389856004,0.9527017830406969,64.8241074897051,62.42693931570255,0.8640873015873016,True
"제14회 대한민국 신인 음악제, 오은환 오보에 독주회",서양음악(클래식),서울,모차르트홀,1.0,1,201.0,201.0,0.0,0.0,2,0.8357585845839933,0.3115557649743661,0.9527017830406969,56.32002312095338,62.32002312095338,0.7905027932960894,True
"화승과 함께하는 미스터리 퍼포먼스, 스냅 [부산]",뮤지컬,영남,(재)영화의전당,0.9013,2,1516.0,758.0,0.0,0.0,8,0.5928799634869922,0.7351967769334957,0.9527017830406969,64.61621306130067,62.21904488729812,0.8621031746031746,True
대한민국 동요대축제: 동요는 우리 꿈! 희망!,서양음악(클래식),영남,(재)영화의전당,0.9013,2,1516.0,758.0,0.0,0.0,8,0.5928799634869922,0.7351967769334957,0.9527017830406969,64.61621306130067,62.21904488729812,0.8621031746031746,True
"제51회 부산어린이날큰잔치 특별공연, 이벤져스 라이브",뮤지컬,영남,(재)영화의전당,0.9013,2,1516.0,758.0,0.0,0.0,8,0.5928799634869922,0.7351967769334957,0.9527017830406969,64.61621306130067,62.21904488729812,0.8621031746031746,True
서울대학교 나눔 가족음악회,서양음악(클래식),서울,롯데콘서트홀,0.8581,1,1747.0,1747.0,0.0,0.0,6,0.5466614760920343,0.5860317298925396,0.9527017830406969,56.20818141990546,62.20818141990546,0.7891061452513967,True
적십자 가족 힐링음악회,서양음악(클래식),서울,롯데콘서트홀,0.8581,1,1747.0,1747.0,0.0,0.0,6,0.5466614760920343,0.5860317298925396,0.9527017830406969,56.20818141990546,62.20818141990546,0.7891061452513967,True
"전국풍류자랑, 동백섬의 현양신화 [함양]",한국음악(국악),영남,함양문화예술회관,1.0,1,486.0,486.0,0.0,0.0,2,0.8357585845839933,0.4386585936300809,0.9527017830406969,64.58016710998011,62.18299893597756,0.8601190476190477,True
"제10회 당진생활문화예술제, 열 번째 함께 빛나는 우리와 함께하는 폐막식 적재 특별 축하공연",대중음악,충청,당진문예의전당,0.993,1,994.0,994.0,0.0,0.0,5,0.7541278492227562,0.5303431098715375,0.9527017830406969,65.50730909485827,62.15113745826617,0.9074074074074074,True
제10회 뉴 아티스트 콘서트,서양음악(클래식),서울,꿈의숲아트센터,0.9934,1,299.0,299.0,0.0,0.0,8,0.7547587725185921,0.35994457107197686,0.9527017830406969,56.12794641774009,62.12794641774009,0.7867783985102421,True
"서울사대부고선농합창단 정기연주회, 합창으로 떠나는 세계여행",서양음악(클래식),서울,꿈의숲아트센터,0.9934,1,299.0,299.0,0.0,0.0,8,0.7547587725185921,0.35994457107197686,0.9527017830406969,56.12794641774009,62.12794641774009,0.7867783985102421,True
제11회 뉴 아티스트 콘서트,서양음악(클래식),서울,꿈의숲아트센터,0.9934,1,299.0,299.0,0.0,0.0,8,0.7547587725185921,0.35994457107197686,0.9527017830406969,56.12794641774009,62.12794641774009,0.7867783985102421,True
HONEY BAM LIVE 1,대중음악,서울,롤링홀,1.0,1,200.0,200.0,0.0,0.0,0,0.8357585845839933,0.30856354391352186,0.9527017830406969,56.103034661182505,62.103034661182505,0.7844506517690876,True
HONEY BAM LIVE 2,대중음악,서울,롤링홀,1.0,1,200.0,200.0,0.0,0.0,0,0.8357585845839933,0.30856354391352186,0.9527017830406969,56.103034661182505,62.103034661182505,0.7844506517690876,True
그녀들만의 공소시효 [안산],연극,경인,안산문화예술의전당,1.0,2,280.0,140.0,0.0,0.0,6,0.8357585845839933,0.5007726626899693,0.9527017830406969,68.0933581517919,62.093358151791904,0.9,True
"제7회 연극인의 마을, 죽어서도 사는 나무 [안산]",연극,경인,안산문화예술의전당,1.0,2,280.0,140.0,0.0,0.0,6,0.8357585845839933,0.5007726626899693,0.9527017830406969,68.0933581517919,62.093358151791904,0.9,True
959-7 번지 [안산],연극,경인,안산문화예술의전당,1.0,2,280.0,140.0,0.0,0.0,6,0.8357585845839933,0.5007726626899693,0.9527017830406969,68.0933581517919,62.093358151791904,0.9,True
제28회 안산청소년연극제,연극,경인,안산문화예술의전당,1.0,2,280.0,140.0,0.0,0.0,6,0.8357585845839933,0.5007726626899693,0.9527017830406969,68.0933581517919,62.093358151791904,0.9,True
창수책방 [창원],뮤지컬,영남,3.15아트센터,0.84355,8,3273.0,409.13,0.0,0.0,4,0.533170456681075,0.8569097587541217,0.9527017830406969,64.46050174283037,62.06333356882782,0.8591269841269841,True
비밀결혼,서양음악(클래식),충청,계룡문화예술의전당,0.91365,2,1312.0,656.0,0.0,0.0,2,0.6124788573576395,0.7215314177136076,0.9527017830406969,65.39683938469138,62.040667748099274,0.9027777777777778,True
바이올리니스트 코 가브리엘 카메다 & 대구유스오케스트라,서양음악(클래식),영남,대구학생문화센터,0.9759,1,1336.0,1336.0,0.0,0.0,2,0.7033720836577443,0.5646249781620408,0.9527017830406969,64.41916796576311,62.02199979176056,0.8581349206349206,True
제78회 크누아심포니오케스트라 정기연주회,서양음악(클래식),서울,롯데콘서트홀,0.8551,1,1741.0,1741.0,0.0,0.0,6,0.5437216420114371,0.585732801754997,0.9527017830406969,56.0151870009763,62.0151870009763,0.7830540037243948,True
"제56회 대구시립교향악단, 청소년 협주곡의 밤",서양음악(클래식),영남,대구콘서트하우스,0.9766,1,1254.0,1254.0,0.0,0.0,7,0.7060300158402019,0.560173562313399,0.9527017830406969,64.36102355180554,61.96385537780299,0.8536706349206349,True
"대구시립교향악단, 군위군 대구 편입 기념 음악회 [대구]",서양음악(클래식),영남,대구콘서트하우스,0.9766,1,1254.0,1254.0,0.0,0.0,7,0.7060300158402019,0.560173562313399,0.9527017830406969,64.36102355180554,61.96385537780299,0.8536706349206349,True
제22회 대구시립교향악단 대학생 협주곡의 밤 [대구],서양음악(클래식),영남,대구콘서트하우스,0.9766,1,1254.0,1254.0,0.0,0.0,7,0.7060300158402019,0.560173562313399,0.9527017830406969,64.36102355180554,61.96385537780299,0.8536706349206349,True
제510회 대구시립교향악단 정기연주회,서양음악(클래식),영남,대구콘서트하우스,0.9766,1,1254.0,1254.0,0.0,0.0,7,0.7060300158402019,0.560173562313399,0.9527017830406969,64.36102355180554,61.96385537780299,0.8536706349206349,True
제57회 대구시립교향악단: 청소년 협주곡의 밤,서양음악(클래식),영남,대구콘서트하우스,0.9766,1,1254.0,1254.0,0.0,0.0,7,0.7060300158402019,0.560173562313399,0.9527017830406969,64.36102355180554,61.96385537780299,0.8536706349206349,True
"대구시립교향악단 창단 60주년 기념 연주회: 지켜온 가치, 이어갈 혁신",서양음악(클래식),영남,대구콘서트하우스,0.9766,1,1254.0,1254.0,0.0,0.0,7,0.7060300158402019,0.560173562313399,0.9527017830406969,64.36102355180554,61.96385537780299,0.8536706349206349,True
"월드오케스트라페스티벌, 경북예술고등학교 오케스트라 [대구]",서양음악(클래식),영남,대구콘서트하우스,0.9766,1,1254.0,1254.0,0.0,0.0,7,0.7060300158402019,0.560173562313399,0.9527017830406969,64.36102355180554,61.96385537780299,0.8536706349206349,True
"월드오케스트라페스티벌, 레이첼 포저 & 타펠무지크 바로크 오케스트라 [대구]",서양음악(클래식),영남,대구콘서트하우스,0.9766,1,1254.0,1254.0,0.0,0.0,7,0.7060300158402019,0.560173562313399,0.9527017830406969,64.36102355180554,61.96385537780299,0.8536706349206349,True
봄의 노래는 바다에 흐르고 [당진],연극,충청,당진문예의전당,0.9267,3,834.0,278.0,0.0,0.0,5,0.6296211775445002,0.6819136183933667,0.9527017830406969,65.00388927216986,61.647717635577756,0.8981481481481481,True
"장선희 발레단, 러브스토리 [대구]",무용(서양/한국무용),영남,대구서구문화회관,0.9248,2,836.0,418.0,0.0,0.0,3,0.6268290063629286,0.6613543719903809,0.9527017830406969,64.04174288054537,61.64457470654282,0.8492063492063492,True
"DSAC 문화나눔 프로젝트, 아모르 콘서트: 김경호",대중음악,영남,달서아트센터 (구. 웃는얼굴아트센터),1.0,1,455.0,455.0,0.0,0.0,6,0.8357585845839933,0.4294900196384609,0.9527017830406969,64.03681720464822,61.639649030645664,0.847718253968254,True
월암 가을음악회 [대구],서양음악(클래식),영남,달서아트센터 (구. 웃는얼굴아트센터),1.0,1,455.0,455.0,0.0,0.0,6,0.8357585845839933,0.4294900196384609,0.9527017830406969,64.03681720464822,61.639649030645664,0.847718253968254,True
"재개관 기념 명품시리즈 Ⅰ, 베토벤 합창 교향곡",서양음악(클래식),영남,수성아트피아,0.9767,1,1132.0,1132.0,0.0,0.0,3,0.7076274599296588,0.5497848409431675,0.9527017830406969,63.9675785322726,61.570410358270045,0.8462301587301587,True
가야지무,무용(서양/한국무용),영남,김해서부문화센터,0.9986,1,690.0,690.0,0.0,0.0,5,0.7615109941740275,0.4923919974350531,0.9527017830406969,63.96318795451334,61.566019780510786,0.8452380952380952,True
2월의 로망스,서양음악(클래식),서울,꿈의숲아트센터,0.99,1,298.0,298.0,0.0,0.0,8,0.7442612827878755,0.3581773912310535,0.9527017830406969,55.54877984203815,61.54877984203815,0.7648975791433892,True
이수성 피아노 독주회,서양음악(클래식),서울,꿈의숲아트센터,0.99,1,298.0,298.0,0.0,0.0,8,0.7442612827878755,0.3581773912310535,0.9527017830406969,55.54877984203815,61.54877984203815,0.7648975791433892,True
제14회 플라르플루트앙상블 정기연주회: 꽃과 나비의 결혼식,서양음악(클래식),서울,꿈의숲아트센터,0.99,1,298.0,298.0,0.0,0.0,8,0.7442612827878755,0.3581773912310535,0.9527017830406969,55.54877984203815,61.54877984203815,0.7648975791433892,True
숨줄,서양음악(클래식),서울,꿈의숲아트센터,0.99,1,298.0,298.0,0.0,0.0,8,0.7442612827878755,0.3581773912310535,0.9527017830406969,55.54877984203815,61.54877984203815,0.7648975791433892,True
영신여자고등학교 6월의 음악회,서양음악(클래식),서울,꿈의숲아트센터,0.99,1,298.0,298.0,0.0,0.0,8,0.7442612827878755,0.3581773912310535,0.9527017830406969,55.54877984203815,61.54877984203815,0.7648975791433892,True
"소프라노 배혜연 독창회, 여정",서양음악(클래식),서울,꿈의숲아트센터,0.99,1,298.0,298.0,0.0,0.0,8,0.7442612827878755,0.3581773912310535,0.9527017830406969,55.54877984203815,61.54877984203815,0.7648975791433892,True
김백만 대금독주회,한국음악(국악),서울,꿈의숲아트센터,0.99,1,298.0,298.0,0.0,0.0,8,0.7442612827878755,0.3581773912310535,0.9527017830406969,55.54877984203815,61.54877984203815,0.7648975791433892,True
제18회 서울기독대학교 음악학과 정기연주회,서양음악(클래식),서울,꿈의숲아트센터,0.99,1,298.0,298.0,0.0,0.0,8,0.7442612827878755,0.3581773912310535,0.9527017830406969,55.54877984203815,61.54877984203815,0.7648975791433892,True
"국제문화교류를 위한 음악극, 홍연",서양음악(클래식),서울,꿈의숲아트센터,0.99,1,298.0,298.0,0.0,0.0,8,0.7442612827878755,0.3581773912310535,0.9527017830406969,55.54877984203815,61.54877984203815,0.7648975791433892,True
김성신 피아노 독주회,서양음악(클래식),서울,꿈의숲아트센터,0.99,1,298.0,298.0,0.0,0.0,8,0.7442612827878755,0.3581773912310535,0.9527017830406969,55.54877984203815,61.54877984203815,0.7648975791433892,True
영아티스트 챔버 뮤직 콜라보 연주회,서양음악(클래식),서울,꿈의숲아트센터,0.99,1,298.0,298.0,0.0,0.0,8,0.7442612827878755,0.3581773912310535,0.9527017830406969,55.54877984203815,61.54877984203815,0.7648975791433892,True
독일가곡의 밤,서양음악(클래식),서울,꿈의숲아트센터,0.99,1,298.0,298.0,0.0,0.0,8,0.7442612827878755,0.3581773912310535,0.9527017830406969,55.54877984203815,61.54877984203815,0.7648975791433892,True
유망신예데뷔콘서트,서양음악(클래식),서울,꿈의숲아트센터,0.99,1,298.0,298.0,0.0,0.0,8,0.7442612827878755,0.3581773912310535,0.9527017830406969,55.54877984203815,61.54877984203815,0.7648975791433892,True
김창숙 & 민경원 2인 음악회,서양음악(클래식),서울,꿈의숲아트센터,0.99,1,298.0,298.0,0.0,0.0,8,0.7442612827878755,0.3581773912310535,0.9527017830406969,55.54877984203815,61.54877984203815,0.7648975791433892,True
제2회 All that Classic Festival,서양음악(클래식),서울,꿈의숲아트센터,0.99,1,298.0,298.0,0.0,0.0,8,0.7442612827878755,0.3581773912310535,0.9527017830406969,55.54877984203815,61.54877984203815,0.7648975791433892,True
제1회 아리랑합창단 정기연주회,서양음악(클래식),서울,꿈의숲아트센터,0.99,1,298.0,298.0,0.0,0.0,8,0.7442612827878755,0.3581773912310535,0.9527017830406969,55.54877984203815,61.54877984203815,0.7648975791433892,True
"제4회 이혜영교수 제자 음악회, Accordando",서양음악(클래식),서울,꿈의숲아트센터,0.99,1,298.0,298.0,0.0,0.0,8,0.7442612827878755,0.3581773912310535,0.9527017830406969,55.54877984203815,61.54877984203815,0.7648975791433892,True
소프라노 신소연 & 소프라노 김미연 듀오 리싸이틀,서양음악(클래식),서울,꿈의숲아트센터,0.99,1,298.0,298.0,0.0,0.0,8,0.7442612827878755,0.3581773912310535,0.9527017830406969,55.54877984203815,61.54877984203815,0.7648975791433892,True
"올댓스테이지 영아티스트 콘서트, 한여름 밤 가곡과 아리아 여행",서양음악(클래식),서울,꿈의숲아트센터,0.99,1,298.0,298.0,0.0,0.0,8,0.7442612827878755,0.3581773912310535,0.9527017830406969,55.54877984203815,61.54877984203815,0.7648975791433892,True
이수민 바이올린 독주회,서양음악(클래식),서울,꿈의숲아트센터,0.99,1,298.0,298.0,0.0,0.0,8,0.7442612827878755,0.3581773912310535,0.9527017830406969,55.54877984203815,61.54877984203815,0.7648975791433892,True
영아티스트 초청 콘서트,서양음악(클래식),서울,꿈의숲아트센터,0.99,1,298.0,298.0,0.0,0.0,8,0.7442612827878755,0.3581773912310535,0.9527017830406969,55.54877984203815,61.54877984203815,0.7648975791433892,True
"국제피아노교류연주, 중국 유학생 피아노 교류음악회",서양음악(클래식),서울,꿈의숲아트센터,0.99,1,298.0,298.0,0.0,0.0,8,0.7442612827878755,0.3581773912310535,0.9527017830406969,55.54877984203815,61.54877984203815,0.7648975791433892,True
chuchoter de lamour,서양음악(클래식),서울,꿈의숲아트센터,0.99,1,298.0,298.0,0.0,0.0,8,0.7442612827878755,0.3581773912310535,0.9527017830406969,55.54877984203815,61.54877984203815,0.7648975791433892,True
"Dear __,",서양음악(클래식),서울,꿈의숲아트센터,0.99,1,298.0,298.0,0.0,0.0,8,0.7442612827878755,0.3581773912310535,0.9527017830406969,55.54877984203815,61.54877984203815,0.7648975791433892,True
김소연 피아노 리사이틀: 모차르트 피아노 솔로 전곡 시리즈 Ⅰ,서양음악(클래식),서울,꿈의숲아트센터,0.99,1,298.0,298.0,0.0,0.0,8,0.7442612827878755,0.3581773912310535,0.9527017830406969,55.54877984203815,61.54877984203815,0.7648975791433892,True
제2회 어뮤징 오케스트라 정기연주회,서양음악(클래식),서울,꿈의숲아트센터,0.99,1,298.0,298.0,0.0,0.0,8,0.7442612827878755,0.3581773912310535,0.9527017830406969,55.54877984203815,61.54877984203815,0.7648975791433892,True
신효건 피아노 독주회,서양음악(클래식),서울,꿈의숲아트센터,0.99,1,298.0,298.0,0.0,0.0,8,0.7442612827878755,0.3581773912310535,0.9527017830406969,55.54877984203815,61.54877984203815,0.7648975791433892,True
"제8회 서울주니어합창단 정기연주회, 합창으로 떠나는 세계여행",서양음악(클래식),서울,꿈의숲아트센터,0.99,1,298.0,298.0,0.0,0.0,8,0.7442612827878755,0.3581773912310535,0.9527017830406969,55.54877984203815,61.54877984203815,0.7648975791433892,True
"소리궤적: 한 걸음 한 걸음, Sound of Trace: Step by Step",서양음악(클래식),서울,꿈의숲아트센터,0.99,1,298.0,298.0,0.0,0.0,8,0.7442612827878755,0.3581773912310535,0.9527017830406969,55.54877984203815,61.54877984203815,0.7648975791433892,True
소프라노 윤아르나 독창회,서양음악(클래식),서울,꿈의숲아트센터,0.99,1,298.0,298.0,0.0,0.0,8,0.7442612827878755,0.3581773912310535,0.9527017830406969,55.54877984203815,61.54877984203815,0.7648975791433892,True
스쿨 클래식: 교과서 음악회,서양음악(클래식),서울,꿈의숲아트센터,0.99,1,298.0,298.0,0.0,0.0,8,0.7442612827878755,0.3581773912310535,0.9527017830406969,55.54877984203815,61.54877984203815,0.7648975791433892,True
제5회 서울 리조이스 앙상블 정기연주회,서양음악(클래식),서울,꿈의숲아트센터,0.99,1,298.0,298.0,0.0,0.0,8,0.7442612827878755,0.3581773912310535,0.9527017830406969,55.54877984203815,61.54877984203815,0.7648975791433892,True
김소연 & 김지은 피아노 듀오 리사이틀 (10.12),서양음악(클래식),서울,꿈의숲아트센터,0.99,1,298.0,298.0,0.0,0.0,8,0.7442612827878755,0.3581773912310535,0.9527017830406969,55.54877984203815,61.54877984203815,0.7648975791433892,True
동지연 & 이신애 피아노 조인트 리사이틀,서양음악(클래식),서울,꿈의숲아트센터,0.99,1,298.0,298.0,0.0,0.0,8,0.7442612827878755,0.3581773912310535,0.9527017830406969,55.54877984203815,61.54877984203815,0.7648975791433892,True
소프라노 조우리 & 메조소프라노 최부경 듀오콘서트,서양음악(클래식),서울,꿈의숲아트센터,0.99,1,298.0,298.0,0.0,0.0,8,0.7442612827878755,0.3581773912310535,0.9527017830406969,55.54877984203815,61.54877984203815,0.7648975791433892,True
제17회 메리앙상블 정기연주회: 반짝이는 별을 찾아,서양음악(클래식),서울,꿈의숲아트센터,0.99,1,298.0,298.0,0.0,0.0,8,0.7442612827878755,0.3581773912310535,0.9527017830406969,55.54877984203815,61.54877984203815,0.7648975791433892,True
제9회 조이 클라리넷 앙상블 정기연주회,서양음악(클래식),서울,꿈의숲아트센터,0.99,1,298.0,298.0,0.0,0.0,8,0.7442612827878755,0.3581773912310535,0.9527017830406969,55.54877984203815,61.54877984203815,0.7648975791433892,True
김지연 피아노 독주회,서양음악(클래식),서울,꿈의숲아트센터,0.99,1,298.0,298.0,0.0,0.0,8,0.7442612827878755,0.3581773912310535,0.9527017830406969,55.54877984203815,61.54877984203815,0.7648975791433892,True
제15회 로고스앙상블 정기연주회,서양음악(클래식),서울,일신홀,1.0,1,189.0,189.0,0.0,0.0,1,0.8357585845839933,0.2999011528321168,0.9527017830406969,55.46764939961506,61.46764939961506,0.7458100558659218,True
제9회 클라비어 앙상블 트라움 정기연주회,서양음악(클래식),서울,일신홀,1.0,1,189.0,189.0,0.0,0.0,1,0.8357585845839933,0.2999011528321168,0.9527017830406969,55.46764939961506,61.46764939961506,0.7458100558659218,True
Ensemble Canto 앙상블 칸토 [서울],서양음악(클래식),서울,일신홀,1.0,1,189.0,189.0,0.0,0.0,1,0.8357585845839933,0.2999011528321168,0.9527017830406969,55.46764939961506,61.46764939961506,0.7458100558659218,True
신.데렐라 [인천],무용(서양/한국무용),경인,인천학생교육문화회관,0.9443,2,1118.0,559.0,0.0,0.0,5,0.6576771283593309,0.7007624027550948,0.9527017830406969,67.45838824740844,61.458388247408436,0.8976525821596244,True
탐정 백영호: 경성추격뎐,한국음악(국악),서울,강동아트센터,0.808,3,606.0,202.0,0.0,0.0,7,0.49959728300265793,0.6441111031756372,0.9527017830406969,55.303975941169426,61.303975941169426,0.7439478584729982,True
"춘천마임축제, 우석훈 코미디 단편선",연극,기타,축제극장 몸짓,0.9677,2,240.0,120.0,0.0,0.0,2,0.6904582919429753,0.4846374080200911,0.9527017830406969,59.930685191983294,61.28497514498011,0.8417721518987342,True
웅도 경북 그랜드 콘서트,대중음악,영남,경북도청 동락관,0.9874,1,862.0,862.0,0.0,0.0,2,0.7316830885708916,0.5149633149015893,0.9527017830406969,63.57762890166195,61.1804607276594,0.8442460317460317,True
KBS 교향악단 찾아가는 음악회 [옥천],서양음악(클래식),충청,옥천문화예술회관,1.0,1,478.0,478.0,0.0,0.0,3,0.8357585845839933,0.435490196640679,0.9527017830406969,64.39317822808547,61.03700659149337,0.8865740740740741,True
황석정과 함께하는 향수길,연극,충청,옥천문화예술회관,1.0,1,478.0,478.0,0.0,0.0,3,0.8357585845839933,0.435490196640679,0.9527017830406969,64.39317822808547,61.03700659149337,0.8865740740740741,True
행복드림 송년 콘서트 [옥천],대중음악,충청,옥천문화예술회관,1.0,1,478.0,478.0,0.0,0.0,3,0.8357585845839933,0.435490196640679,0.9527017830406969,64.39317822808547,61.03700659149337,0.8865740740740741,True
굿 보러가자 [옥천],한국음악(국악),충청,옥천문화예술회관,1.0,1,478.0,478.0,0.0,0.0,3,0.8357585845839933,0.435490196640679,0.9527017830406969,64.39317822808547,61.03700659149337,0.8865740740740741,True
"제31회 젊은연극제, 파란나라",연극,서울,민송아트홀 (구. 브로드웨이아트홀),0.7721,4,840.0,210.0,0.0,0.0,1,0.4703868767954466,0.6959059012862006,0.9527017830406969,55.01654656914424,61.01654656914424,0.7430167597765364,True
"정진무용단 춤꾼삼락4, 어제못한 그 이야기 다시 핀 꽃 한 송이",무용(서양/한국무용),영남,봉산문화회관,1.0,1,424.0,424.0,0.0,0.0,2,0.8357585845839933,0.4190476195717482,0.9527017830406969,63.409431409368096,61.012263235365545,0.841765873015873,True
제1회 거제콘서트콰이어 정기연주회,서양음악(클래식),영남,거제문화예술회관,1.0,1,424.0,424.0,0.0,0.0,3,0.8357585845839933,0.4190476195717482,0.9527017830406969,63.409431409368096,61.012263235365545,0.841765873015873,True
"모두페스티벌, 아우성치는 봄 날 [대구]",연극,영남,봉산문화회관,1.0,1,424.0,424.0,0.0,0.0,2,0.8357585845839933,0.4190476195717482,0.9527017830406969,63.409431409368096,61.012263235365545,0.841765873015873,True
"제5회 거제필하모닉오케스트라 정기연주회, 드보르작 & 피아졸라",서양음악(클래식),영남,거제문화예술회관,1.0,1,424.0,424.0,0.0,0.0,3,0.8357585845839933,0.4190476195717482,0.9527017830406969,63.409431409368096,61.012263235365545,0.841765873015873,True
12인의 성난 사람들 [수원],연극,경인,경기아트센터(구. 경기도문화의전당),0.9064,4,1820.0,455.0,0.0,0.0,4,0.5990952291459715,0.7922229554280467,0.9527017830406969,66.9940889619581,60.9940889619581,0.8967136150234741,True
"제7회 서산시립합창단 기획연주회, 너의 꿈은 뭐니?",서양음악(클래식),충청,서산시문화회관,0.9101,2,1094.0,547.0,0.0,0.0,3,0.6090960345799662,0.6984449619832038,0.9527017830406969,64.33752335110478,60.98135171451268,0.8726851851851852,True
"서산시립합창단, 엄마의 비밀일기 [서산]",서양음악(클래식),충청,서산시문화회관,0.9101,2,1094.0,547.0,0.0,0.0,3,0.6090960345799662,0.6984449619832038,0.9527017830406969,64.33752335110478,60.98135171451268,0.8726851851851852,True
환산 이윤재 [김해],연극,영남,김해서부문화센터,0.8958,2,1238.0,619.0,0.0,0.0,5,0.5830805165516686,0.7154406038714287,0.9527017830406969,63.280011823765705,60.88284364976315,0.8392857142857143,True
"대한민국국악관현악축제, 부산시립국악관현악단",한국음악(국악),서울,세종문화회관,0.9179,1,559.0,559.0,0.0,0.0,3,0.6165597229307058,0.4607120886245444,0.9527017830406969,54.87277625649867,60.87277625649867,0.7383612662942272,True
"대한민국 국악관현악축제, 전야제",한국음악(국악),서울,세종문화회관,0.9179,1,559.0,559.0,0.0,0.0,3,0.6165597229307058,0.4607120886245444,0.9527017830406969,54.87277625649867,60.87277625649867,0.7383612662942272,True
"대한민국국악관현악축제, 전주시립국악단",한국음악(국악),서울,세종문화회관,0.9179,1,559.0,559.0,0.0,0.0,3,0.6165597229307058,0.4607120886245444,0.9527017830406969,54.87277625649867,60.87277625649867,0.7383612662942272,True
"대한민국국악관현악축제, 서울시국악관현악단",한국음악(국악),서울,세종문화회관,0.9179,1,559.0,559.0,0.0,0.0,3,0.6165597229307058,0.4607120886245444,0.9527017830406969,54.87277625649867,60.87277625649867,0.7383612662942272,True
"대한민국국악관현악축제, KBS국악관현악단",한국음악(국악),서울,세종문화회관,0.9179,1,559.0,559.0,0.0,0.0,3,0.6165597229307058,0.4607120886245444,0.9527017830406969,54.87277625649867,60.87277625649867,0.7383612662942272,True
"대한민국국악관현악축제, 강원특별자치도립국악관현악단",한국음악(국악),서울,세종문화회관,0.9179,1,559.0,559.0,0.0,0.0,3,0.6165597229307058,0.4607120886245444,0.9527017830406969,54.87277625649867,60.87277625649867,0.7383612662942272,True
"대한민국국악관현악축제, 대전시립연정국악단",한국음악(국악),서울,세종문화회관,0.9179,1,559.0,559.0,0.0,0.0,3,0.6165597229307058,0.4607120886245444,0.9527017830406969,54.87277625649867,60.87277625649867,0.7383612662942272,True
"대한민국국악관현악축제, 경기시나위오케스트라",한국음악(국악),서울,세종문화회관,0.9179,1,559.0,559.0,0.0,0.0,3,0.6165597229307058,0.4607120886245444,0.9527017830406969,54.87277625649867,60.87277625649867,0.7383612662942272,True
"대한민국국악관현악축제, 대구시립국악단",한국음악(국악),서울,세종문화회관,0.9179,1,559.0,559.0,0.0,0.0,3,0.6165597229307058,0.4607120886245444,0.9527017830406969,54.87277625649867,60.87277625649867,0.7383612662942272,True
"클래식 배틀, The Original [대구]",서양음악(클래식),영남,대구학생문화센터,0.9627,1,1318.0,1318.0,0.0,0.0,2,0.6825516148951594,0.5640618201166708,0.9527017830406969,63.242929797927204,60.84576162392465,0.8382936507936508,True
"강북문화재단 마티네 콘서트 ⅠI, 송영민의 해설과 함께하는 유니크 클래식 with 투 첼로",서양음악(클래식),서울,강북문화예술회관 강북진달래홀,1.0,1,171.0,171.0,0.0,0.0,4,0.8357585845839933,0.29137966166866375,0.9527017830406969,54.83176194663132,60.83176194663132,0.7332402234636871,True
"강북구립소년소녀합창단 창단 7주년 정기연주회: 함께, 너와 내가 행복해",서양음악(클래식),서울,강북문화예술회관,1.0,1,171.0,171.0,0.0,0.0,7,0.8357585845839933,0.29137966166866375,0.9527017830406969,54.83176194663132,60.83176194663132,0.7332402234636871,True
"예술가곡연구회 제40회 기념 정기연주회, 한국가곡 콘서트",서양음악(클래식),영남,대구범어대성당,1.0,1,410.0,410.0,0.0,0.0,5,0.8357585845839933,0.41485827556498833,0.9527017830406969,63.155097628421196,60.757929454418644,0.8373015873015873,True
반석산 시네마 콘서트 [화성],서양음악(클래식),경인,반석아트홀 (동탄복합문화센터),1.0,1,607.0,607.0,0.0,0.0,5,0.8357585845839933,0.4764837256033413,0.9527017830406969,66.7525308937883,60.752530893788304,0.895774647887324,True
"12월의 블랜딩 노트, CLASSY JAZZ",대중음악,영남,해운대문화회관,0.916,2,812.0,406.0,0.0,0.0,3,0.6140360297473622,0.6576582288347788,0.9527017830406969,63.11265007074799,60.71548189674544,0.8363095238095238,True
레미제라블: 코제트 소녀이야기 [양양],뮤지컬,기타,양양문화복지회관,0.87045,2,766.0,383.0,0.0,0.0,2,0.5586490187129165,0.6494542893079627,0.9527017830406969,59.33389516329374,60.688185116290555,0.8354430379746836,True
정글에 가면,서양음악(클래식),경인,인천아트플랫폼,1.35,2,81.0,40.5,0.0,0.0,6,0.9422101108814133,0.3961634634138633,0.9527017830406969,66.62518441305163,60.62518441305163,0.8948356807511737,True
"배틀시리즈Ⅱ, 보이스 배틀",서양음악(클래식),영남,대구학생문화센터,0.9591,1,1313.0,1313.0,0.0,0.0,2,0.6765511316347625,0.5637949733988792,0.9527017830406969,62.896844068132964,60.49967589413041,0.8353174603174603,True
"시승격 60주년 기념음악회, 의정부유스오케스트라",서양음악(클래식),경인,의정부예술의전당,0.999,1,1024.0,1024.0,0.0,0.0,6,0.7619002872714581,0.5409080583801248,0.9527017830406969,66.43367277633355,60.43367277633355,0.8938967136150234,True
"제41회 세진음악회: 하모니, 함께하는 새로운 시작",서양음악(클래식),서울,세종문화회관,0.814,1,2460.0,2460.0,0.0,0.0,3,0.505007114666953,0.6089200892563125,0.9527017830406969,54.42552398299871,60.42552398299871,0.7318435754189944,True
드로잉: X,뮤지컬,경인,안산문화예술의전당,0.9607,4,538.0,134.5,0.0,0.0,6,0.680873627406234,0.6393384407229554,0.9527017830406969,66.39451987117123,60.39451987117123,0.8929577464788733,True
제16회 세종CEO합창단 정기연주회,서양음악(클래식),서울,세종문화회관,0.9391,1,416.0,416.0,0.0,0.0,3,0.6495153972131984,0.4166326771310038,0.9527017830406969,54.38197829441158,60.38197829441158,0.7309124767225326,True
"소란데이, 조인트 공연: 고영배＋이태욱",대중음악,서울,동자아트홀,1.0,1,157.0,157.0,0.0,0.0,1,0.8357585845839933,0.2848897502147431,0.9527017830406969,54.33995037747922,60.33995037747922,0.7295158286778398,True
"소란데이, 조인트 공연: 서면호 + 편유일",대중음악,서울,동자아트홀,1.0,1,157.0,157.0,0.0,0.0,1,0.8357585845839933,0.2848897502147431,0.9527017830406969,54.33995037747922,60.33995037747922,0.7295158286778398,True
사모님이 된 아이돌 [광주],서양음악(클래식),호남,서빛마루문화예술회관,0.9846,1,319.0,319.0,0.0,0.0,0,0.7210110881413269,0.374324812462715,0.9527017830406969,55.47082338891664,60.30523370925708,0.7994652406417112,True
세계 4대 뮤지컬 모음곡 & 오페라 아리아 [김제],서양음악(클래식),호남,김제문화예술회관,0.9426,1,460.0,460.0,0.0,0.0,4,0.6543882728810374,0.4313538515587464,0.9527017830406969,55.390435124193715,60.224845444534154,0.7967914438502673,True
"루체른현악앙상블의 울주2090, The Four Seasons Recomposed",서양음악(클래식),영남,울주문화예술회관,1.0,1,387.0,387.0,0.0,0.0,5,0.8357585845839933,0.40485915305006115,0.9527017830406969,62.54175913121679,60.14459095721424,0.8343253968253969,True
"유네스코 인류무형유산, 세계가 인정한 우리 음악과 춤 [계룡]",한국음악(국악),충청,계룡문화예술의전당,0.9903,1,711.0,711.0,0.0,0.0,2,0.747214540768384,0.49560810873397243,0.9527017830406969,63.404860318182465,60.04868868159036,0.8657407407407407,True
제1회 서울 음악교사 정기연주회,서양음악(클래식),서울,꿈의숲아트센터,0.9801,1,295.0,295.0,0.0,0.0,8,0.7142185947861572,0.35562200761637575,0.9527017830406969,54.03736250520846,60.03736250520846,0.7281191806331471,True
"제31회 젊은연극제, 날 보러와요",연극,서울,동숭무대소극장,0.8,4,480.0,120.0,0.0,0.0,3,0.49081805246060084,0.6237479926223698,0.9527017830406969,54.0201742951826,60.0201742951826,0.7271880819366853,True
Never Grow Up [성남],무용(서양/한국무용),경인,성남아트센터,0.955,2,722.0,361.0,0.0,0.0,7,0.6720541251644427,0.6417883932978937,0.9527017830406969,65.9780224225961,59.9780224225961,0.892018779342723,True
굿GOOD보러가자 [무안],한국음악(국악),호남,무안승달문화예술회관,0.9345,1,485.0,485.0,0.0,0.0,2,0.642226219561307,0.4379359290708288,0.9527017830406969,55.10322915178345,59.93763947212389,0.7941176470588235,True
박정희 대통령 & 육영수 여사 탄신 기념 음악회: 당신이 그리우면,서양음악(클래식),서울,마포아트센터,0.8685,1,872.0,872.0,0.0,0.0,3,0.555561521733294,0.5158305667344119,0.9527017830406969,53.93145346271622,59.93145346271622,0.7262569832402235,True
"남양주시립합창단, 클래식 세계여행: 우리들의 크리스마스",서양음악(클래식),경인,정약용도서관,1.1219,1,359.0,359.0,0.0,0.0,9,0.9292828952667329,0.39359228766946086,0.9527017830406969,65.90333586135807,59.90333586135807,0.8910798122065727,True
제8회 꿈의 오케스트라 세종 정기연주회,서양음악(클래식),충청,세종예술의전당,0.9739,1,1043.0,1043.0,0.0,0.0,1,0.700593336376084,0.5422444839843011,0.9527017830406969,63.23501974180795,59.87884810521585,0.8611111111111112,True
"강동예술인페스티벌, 구립시니어합창단",서양음악(클래식),서울,강동아트센터,0.8765,1,745.0,745.0,0.0,0.0,7,0.5645286868741106,0.4997864077199853,0.9527017830406969,53.768186127650694,59.768186127650694,0.7253258845437617,True
"정효민의 춤: 축, 넘나들다",무용(서양/한국무용),서울,남산골한옥마을,0.9768,1,295.0,295.0,0.0,0.0,3,0.707801970628507,0.35562200761637575,0.9527017830406969,53.74555008210257,59.74555008210257,0.723463687150838,True
소리랑 창립 30주년 기념공연,한국음악(국악),서울,남산골한옥마을,0.9768,1,295.0,295.0,0.0,0.0,3,0.707801970628507,0.35562200761637575,0.9527017830406969,53.74555008210257,59.74555008210257,0.723463687150838,True
"아악일무보존회: 팔풍의 몸짓, 일무 시리즈 9",무용(서양/한국무용),서울,남산골한옥마을,0.9768,1,295.0,295.0,0.0,0.0,3,0.707801970628507,0.35562200761637575,0.9527017830406969,53.74555008210257,59.74555008210257,0.723463687150838,True
"KBS국악관현악단, 찾아가는 음악회 [연천]",한국음악(국악),경인,연천수레울아트홀,1.0,1,550.0,550.0,0.0,0.0,4,0.8357585845839933,0.4586623612060448,0.9527017830406969,65.74242940718054,59.74242940718054,0.8901408450704226,True
"제24회 호서대학교 연극트랙 졸업공연, 벚꽃동산",연극,서울,산울림소극장,0.9236,2,133.0,66.5,0.0,0.0,1,0.6256477031707252,0.4278118173757136,0.9527017830406969,53.74016845808772,59.74016845808772,0.7216014897579144,True
제13회 작곡가 박태준 기념음악회,서양음악(클래식),영남,대구문화예술회관,0.9683,1,976.0,976.0,0.0,0.0,2,0.6921094316320777,0.5284502041869377,0.9527017830406969,62.13073460802102,59.73356643401847,0.8318452380952381,True
"모두를 위한 축제, 제25회 예음색소폰오케스트라 정기연주회",서양음악(클래식),영남,대구문화예술회관,0.9683,1,976.0,976.0,0.0,0.0,2,0.6921094316320777,0.5284502041869377,0.9527017830406969,62.13073460802102,59.73356643401847,0.8318452380952381,True
제33회 대구무용제,무용(서양/한국무용),영남,대구문화예술회관,0.9683,1,976.0,976.0,0.0,0.0,2,0.6921094316320777,0.5284502041869377,0.9527017830406969,62.13073460802102,59.73356643401847,0.8318452380952381,True
"고객 감사 음악회, Special thanks to DAC family: 3 Tenors Concert [대구]",서양음악(클래식),영남,대구문화예술회관,0.9683,1,976.0,976.0,0.0,0.0,2,0.6921094316320777,0.5284502041869377,0.9527017830406969,62.13073460802102,59.73356643401847,0.8318452380952381,True
화성시 예술단 국악 마티네 콘서트: 소리산책,한국음악(국악),경인,반석아트홀 (동탄복합문화센터),1.0,1,548.0,548.0,0.0,0.0,5,0.8357585845839933,0.45800020615142134,0.9527017830406969,65.70444891982797,59.70444891982797,0.888262910798122,True
"화성시 예술단 마티네 콘서트: 낭만주의, 너머의 세계",서양음악(클래식),경인,반석아트홀 (동탄복합문화센터),1.0,1,548.0,548.0,0.0,0.0,5,0.8357585845839933,0.45800020615142134,0.9527017830406969,65.70444891982797,59.70444891982797,0.888262910798122,True
"화성시 예술단, 마티네 콘서트: 클래식의 클래식",서양음악(클래식),경인,반석아트홀 (동탄복합문화센터),1.0,1,548.0,548.0,0.0,0.0,5,0.8357585845839933,0.45800020615142134,0.9527017830406969,65.70444891982797,59.70444891982797,0.888262910798122,True
제5회 경산시립교향악단 정기연주회,서양음악(클래식),영남,천마아트센터,0.9354,1,1767.0,1767.0,0.0,0.0,7,0.6448438800440304,0.5865720333230512,0.9527017830406969,62.0870879273727,59.68991975337015,0.8293650793650794,True
"국립남도국악원 토요상설, 국악이 좋다: 다시, 봄",한국음악(국악),호남,국립남도국악원,0.9308,1,484.0,484.0,0.0,0.0,5,0.6374204633930249,0.43734826815552735,0.9527017830406969,54.82600047041301,59.660410790753446,0.7914438502673797,True
"세종시립청소년교향악단 기획연주회, 더 판타지 [세종]",서양음악(클래식),충청,세종문화예술회관,0.9857,1,830.0,830.0,0.0,0.0,2,0.7242730958197976,0.5113169081814137,0.9527017830406969,63.01115980605775,59.654988169465646,0.8564814814814815,True
앤 ANNE [대구],뮤지컬,영남,대구학생문화센터,0.9474,1,1297.0,1297.0,0.0,0.0,2,0.661851961231777,0.5632187313036887,0.9527017830406969,62.047937802638764,59.65076962863621,0.8283730158730159,True
양양군민과 함께하는 송년음악회 [양양],서양음악(클래식),기타,양양문화복지회관,0.8534,2,751.0,375.5,0.0,0.0,2,0.5420302306226005,0.6468979371383939,0.9527017830406969,58.176610135440654,59.53090008843747,0.8291139240506329,True
뺑파전 [양산],한국음악(국악),영남,양산문화예술회관,0.9774,1,778.0,778.0,0.0,0.0,5,0.7090503933202674,0.5047844481393579,0.9527017830406969,61.8940138663998,59.49684569239725,0.8263888888888888,True
유쾌한 하녀 마리사 [양산],연극,영남,양산문화예술회관,0.9774,1,778.0,778.0,0.0,0.0,5,0.7090503933202674,0.5047844481393579,0.9527017830406969,61.8940138663998,59.49684569239725,0.8263888888888888,True
그녀들만 아는 공소시효 [양산],연극,영남,양산문화예술회관,0.9774,1,778.0,778.0,0.0,0.0,5,0.7090503933202674,0.5047844481393579,0.9527017830406969,61.8940138663998,59.49684569239725,0.8263888888888888,True
버섯피자 [부산],서양음악(클래식),영남,동래문화회관,0.9005,2,846.0,423.0,0.0,0.0,7,0.5913496388970924,0.6626858358547018,0.9527017830406969,61.891310242396194,59.49414206839364,0.8244047619047619,True
"한국전력과 함께하는 희망사랑나눔콘서트, 심청날다 [부안]",한국음악(국악),호남,부안예술회관,0.9319,1,465.0,465.0,0.0,0.0,1,0.6387897011839879,0.43250638674450903,0.9527017830406969,54.65271650879793,59.48712682913837,0.7887700534759359,True
제45회 익산시립무용단 정기공연,무용(서양/한국무용),호남,익산예술의전당,0.8611,1,1035.0,1035.0,0.0,0.0,8,0.5494670711735173,0.541558505759928,0.9527017830406969,54.628987965554224,59.46339828589466,0.786096256684492,True
WBG 트롬본 콰르텟 콘서트,서양음악(클래식),경인,광명시민회관,1.0,1,530.0,530.0,0.0,0.0,7,0.8357585845839933,0.45372540800071925,0.9527017830406969,65.45845456366294,59.45845456366294,0.8859154929577465,True
제43회 GK오페라단 정기연주회: 오페라 갈라 콘서트,서양음악(클래식),경인,광명시민회관,1.0,1,530.0,530.0,0.0,0.0,7,0.8357585845839933,0.45372540800071925,0.9527017830406969,65.45845456366294,59.45845456366294,0.8859154929577465,True
"한국즉흥음악축제, 프린지 공연",한국음악(국악),서울,서울돈화문국악당,1.0,1,138.0,138.0,0.0,0.0,6,0.8357585845839933,0.27296373736348384,0.9527017830406969,53.41835255137792,59.41835255137792,0.7206703910614525,True
"여름, 낭독시즌, 봄 작가, 겨울 무대 낭독공연",연극,서울,대학로예술극장,0.74352857,7,687.0,98.14,0.0,0.0,1,0.4505597766263055,0.6890003550293469,0.9527017830406969,53.39975063402722,59.39975063402722,0.7197392923649907,True
"가나안 POP 콘서트, 스페인 밀레니엄 합창단 내한 공연 [성남]",서양음악(클래식),경인,성남아트센터,0.9891,1,1090.0,1090.0,0.0,0.0,7,0.7377104196311113,0.5455404589825069,0.9527017830406969,65.38262254451456,59.38262254451456,0.8845070422535212,True
"공연봄날, 공상물리적 춤: 호모루덴스 놀이하는 인간",무용(서양/한국무용),서울,세종문화회관,0.8133,2,488.0,244.0,0.0,0.0,3,0.5045775498697882,0.5802386266955006,0.9527017830406969,53.35798354602864,59.35798354602864,0.7188081936685289,True
바리톤 김동규와 함께하는 천안시의회 행복공감 콘서트,서양음악(클래식),충청,천안시청 봉서홀,0.968,1,1030.0,1030.0,0.0,0.0,2,0.6912771498375708,0.5412594416823491,0.9527017830406969,62.68354001391545,59.327368377323346,0.8518518518518519,True
어린이 리틀캣 [부안],뮤지컬,호남,부안예술회관,0.7906,2,789.0,394.5,0.0,0.0,1,0.4826428974145569,0.6536614922404527,0.9527017830406969,54.489987981430424,59.32439830177086,0.7834224598930482,True
스카이브릿지앙상블 창단연주회,서양음악(클래식),서울,꿈의숲아트센터,0.9734,1,293.0,293.0,0.0,0.0,8,0.6999221413805139,0.3544863457553433,0.9527017830406969,53.31748358883497,59.31748358883497,0.7141527001862198,True
"월드비전 합창단 정기연주회, World is One",서양음악(클래식),서울,꿈의숲아트센터,0.9734,1,293.0,293.0,0.0,0.0,8,0.6999221413805139,0.3544863457553433,0.9527017830406969,53.31748358883497,59.31748358883497,0.7141527001862198,True
"제7회 경희대학교 합창단 GLEE OB 정기연주회, 조율",서양음악(클래식),서울,꿈의숲아트센터,0.9734,1,293.0,293.0,0.0,0.0,8,0.6999221413805139,0.3544863457553433,0.9527017830406969,53.31748358883497,59.31748358883497,0.7141527001862198,True
제42회 경희대학교 합창단 GLEE 정기연주회: Alpha to Omega,서양음악(클래식),서울,꿈의숲아트센터,0.9734,1,293.0,293.0,0.0,0.0,8,0.6999221413805139,0.3544863457553433,0.9527017830406969,53.31748358883497,59.31748358883497,0.7141527001862198,True
개교 58주년 영훈 에이레네 합창단 정기연주회,서양음악(클래식),서울,꿈의숲아트센터,0.9734,1,293.0,293.0,0.0,0.0,8,0.6999221413805139,0.3544863457553433,0.9527017830406969,53.31748358883497,59.31748358883497,0.7141527001862198,True
Quartett Traum 창단 연주회: Der erste Traum,서양음악(클래식),서울,꿈의숲아트센터,0.9734,1,293.0,293.0,0.0,0.0,8,0.6999221413805139,0.3544863457553433,0.9527017830406969,53.31748358883497,59.31748358883497,0.7141527001862198,True
제43회 한국대학생클래식기타연합회 정기연주회,서양음악(클래식),서울,꿈의숲아트센터,0.9734,1,293.0,293.0,0.0,0.0,8,0.6999221413805139,0.3544863457553433,0.9527017830406969,53.31748358883497,59.31748358883497,0.7141527001862198,True
제49회 중앙대학교 청룡합창단 정기연주회,서양음악(클래식),서울,꿈의숲아트센터,0.9734,1,293.0,293.0,0.0,0.0,8,0.6999221413805139,0.3544863457553433,0.9527017830406969,53.31748358883497,59.31748358883497,0.7141527001862198,True
"제2회 마레기타앙상블 정기연주회: 무곡, 움직임의 음악",서양음악(클래식),서울,꿈의숲아트센터,0.9734,1,293.0,293.0,0.0,0.0,8,0.6999221413805139,0.3544863457553433,0.9527017830406969,53.31748358883497,59.31748358883497,0.7141527001862198,True
드리머스 [대구],뮤지컬,영남,대구학생문화센터,0.943,1,1291.0,1291.0,0.0,0.0,2,0.6550997395763417,0.5629838980356299,0.9527017830406969,61.65706471143911,59.25989653743656,0.8234126984126984,True
"동학농민혁명 130주년 기념, KBS 국악한마당 [정읍]",한국음악(국악),호남,정읍사예술회관,0.9104,1,549.0,549.0,0.0,0.0,3,0.6092839691787258,0.4582418533244631,0.9527017830406969,54.36629684203387,59.20070716237431,0.7807486631016043,True
"남양주시립합창단 기획연주회, 힐링하러 가요",서양음악(클래식),경인,정약용도서관,1.0875,1,348.0,348.0,0.0,0.0,9,0.9266920825838323,0.38444796164233597,0.9527017830406969,65.17728963155653,59.17728963155653,0.8835680751173709,True
OH! MY♥ 뮤지컬 갈라 콘서트,뮤지컬,영남,의령군민문화회관,1.0,1,354.0,354.0,0.0,0.0,4,0.8357585845839933,0.3893511681982011,0.9527017830406969,61.57226084380058,59.175092669798026,0.8214285714285714,True
마술피리 [의령],뮤지컬,영남,의령군민문화회관,1.0,1,354.0,354.0,0.0,0.0,4,0.8357585845839933,0.3893511681982011,0.9527017830406969,61.57226084380058,59.175092669798026,0.8214285714285714,True
발레 콘서트 [의령],무용(서양/한국무용),영남,의령군민문화회관,1.0,1,354.0,354.0,0.0,0.0,4,0.8357585845839933,0.3893511681982011,0.9527017830406969,61.57226084380058,59.175092669798026,0.8214285714285714,True
버티고개 꽃게 도난 사건에 관한 보고서 [안산],연극,경인,안산문화예술의전당,0.9714,3,408.0,136.0,0.0,0.0,6,0.6969688834000054,0.5892315876732457,0.9527017830406969,65.16920780222112,59.16920780222112,0.8826291079812206,True
경기필하모닉 멘델스존 교향곡 4번 [의정부],서양음악(클래식),경인,의정부예술의전당,0.9893,1,1014.0,1014.0,0.0,0.0,6,0.7383010712272129,0.5394884555918794,0.9527017830406969,65.12278445798889,59.122784457988885,0.8812206572769953,True
"제43회 의정부시립무용단 정기공연: 예혼, 기억하다",무용(서양/한국무용),경인,의정부예술의전당,0.9893,1,1014.0,1014.0,0.0,0.0,6,0.7383010712272129,0.5394884555918794,0.9527017830406969,65.12278445798889,59.122784457988885,0.8812206572769953,True
제13회 강동선사오케스트라 정기연주회,서양음악(클래식),서울,강동아트센터,0.8659,1,736.0,736.0,0.0,0.0,7,0.5537224474454319,0.4987517989433883,0.9527017830406969,53.10422411837066,59.10422411837066,0.7094972067039106,True
"목요아트살롱, 연희퍼포머 그룹 처랏: Stage on 처랏 Season 2",한국음악(국악),영남,동래문화회관,0.998,1,504.0,504.0,0.0,0.0,5,0.7608666469782801,0.44682283909510917,0.9527017830406969,61.494924645891416,59.097756471888864,0.8189484126984127,True
"목요아트살롱, 과르텟 드 콤마: 현의 노래에 스미다",서양음악(클래식),영남,동래문화회관,0.998,1,504.0,504.0,0.0,0.0,5,0.7608666469782801,0.44682283909510917,0.9527017830406969,61.494924645891416,59.097756471888864,0.8189484126984127,True
제62회 서울여자대학교 아마추어 오케스트라 (S.W.A.N) 정기연주회,서양음악(클래식),서울,꿈의숲아트센터,0.9701,1,292.0,292.0,0.0,0.0,8,0.6950089940129406,0.35414026404306537,0.9527017830406969,53.07186843532773,59.07186843532773,0.7085661080074488,True
"국립국악원, 아동·청소년 국악강좌 솜씨발표회 (17시40분)",한국음악(국악),서울,국립국악원,1.0,1,130.0,130.0,0.0,0.0,7,0.8357585845839933,0.26831385163473553,0.9527017830406969,53.05248669886821,59.05248669886821,0.707169459962756,True
"국립국악원, 아동·청소년 국악강좌 솜씨발표회 (17시)",한국음악(국악),서울,국립국악원,1.0,1,130.0,130.0,0.0,0.0,7,0.8357585845839933,0.26831385163473553,0.9527017830406969,53.05248669886821,59.05248669886821,0.707169459962756,True
"경기청년예술기회무대, 젊은 연주자 시리즈 Ⅱ",한국음악(국악),경인,경기아트센터(구. 경기도문화의전당),1.0,1,502.0,502.0,0.0,0.0,4,0.8357585845839933,0.4460928848407467,0.9527017830406969,65.01575740337454,59.015757403374536,0.8788732394366198,True
"경기청년예술기회무대, 젊은 연주자 시리즈 Ⅲ",서양음악(클래식),경인,경기아트센터(구. 경기도문화의전당),1.0,1,502.0,502.0,0.0,0.0,4,0.8357585845839933,0.4460928848407467,0.9527017830406969,65.01575740337454,59.015757403374536,0.8788732394366198,True
"경기청년예술기회무대, 젊은 연주자 시리즈 Ⅴ",서양음악(클래식),경인,경기아트센터(구. 경기도문화의전당),1.0,1,502.0,502.0,0.0,0.0,4,0.8357585845839933,0.4460928848407467,0.9527017830406969,65.01575740337454,59.015757403374536,0.8788732394366198,True
"제32회 젊은연극제, 우리 읍내",연극,서울,서강대 메리홀,0.9,2,180.0,90.0,0.0,0.0,1,0.589000456412597,0.4522471199630968,0.9527017830406969,52.9931460055183,58.9931460055183,0.7057728119180633,True
나무에서 별이 열린다면 [인천],연극,경인,인천수봉문화회관,0.9375,4,600.0,150.0,0.0,0.0,4,0.64723333422826,0.6538061411944919,0.9527017830406969,64.985449030424,58.98544903042399,0.8769953051643192,True
"제 31회 젊은연극제, 소년B가 사는 집",연극,서울,민송아트홀 (구. 브로드웨이아트홀),0.7353,4,800.0,200.0,0.0,0.0,1,0.44459956506564285,0.6891819551583307,0.9527017830406969,52.98036905614889,58.98036905614889,0.7048417132216015,True
선비의 길 [장성],한국음악(국악),호남,장성문화예술회관,0.7222,3,1482.0,494.0,0.0,0.0,7,0.43090718715601256,0.760778703066127,0.9527017830406969,54.092067503485175,58.926477823825614,0.7767379679144385,True
조선의 눈동자,한국음악(국악),호남,장성문화예술회관,0.7222,3,1482.0,494.0,0.0,0.0,7,0.43090718715601256,0.760778703066127,0.9527017830406969,54.092067503485175,58.926477823825614,0.7767379679144385,True
전효숙의 대구코랄 정기연주회: 봄날은 간다,서양음악(클래식),영남,수성아트피아,0.9474,1,1098.0,1098.0,0.0,0.0,3,0.661851961231777,0.5464600980099932,0.9527017830406969,61.3027417043971,58.90557353039455,0.8174603174603174,True
세종시립청소년교향악단 창단연주회,서양음악(클래식),충청,세종문화예술회관,0.9786,1,824.0,824.0,0.0,0.0,2,0.7106344135098128,0.5101510170657578,0.9527017830406969,62.23966461319706,58.883492976604956,0.8472222222222222,True
제1246회 서초금요음악회: 오버 더 클래식,서양음악(클래식),서울,서초문화예술회관(구. 서초구민회관),0.8783,1,606.0,606.0,0.0,0.0,6,0.5661395548634789,0.47629006461988965,0.9527017830406969,52.83268815229189,58.83268815229189,0.7034450651769087,True
"서초실내악축제, 송년음악회: Finale",서양음악(클래식),서울,서초문화예술회관(구. 서초구민회관),0.8783,1,606.0,606.0,0.0,0.0,6,0.5661395548634789,0.47629006461988965,0.9527017830406969,52.83268815229189,58.83268815229189,0.7034450651769087,True
제7회 리틀프렌즈 정기연주회,서양음악(클래식),영남,대구문화예술회관,0.9583,1,966.0,966.0,0.0,0.0,2,0.6756248825408758,0.5260796625709282,0.9527017830406969,61.1285348598225,58.73136668581995,0.816468253968254,True
"동구문화체육센터 빈 앙상블, 클래식으로 만나는 5분 시네마",서양음악(클래식),경인,인천동구문화체육센터,1.0,1,495.0,495.0,0.0,0.0,1,0.8357585845839933,0.4410563228960041,0.9527017830406969,64.72113557903103,58.72113557903103,0.8760563380281691,True
"단단단 페스티벌, 어린이전통연희한마당",한국음악(국악),기타,강릉단오제전수교육관 (구. 단오문화관),0.9735,1,441.0,441.0,0.0,0.0,5,0.7002040432786533,0.42534645283143613,0.9527017830406969,57.3630050822029,58.71729503519972,0.8227848101265823,True
"아마추어 뮤지컬 동호회 잡쇼, 뮤지컬 형제는 용감했다",뮤지컬,서울,꿈의숲아트센터,0.7279,4,824.0,206.0,0.0,0.0,8,0.43894810320294253,0.6928969088199173,0.9527017830406969,52.688441865653225,58.688441865653225,0.702048417132216,True
제128회 목포시립교향악단 정기연주회,서양음악(클래식),호남,목포문화예술회관,0.8911,1,622.0,622.0,0.0,0.0,6,0.5794426396756786,0.48048012227610437,0.9527017830406969,53.76212676315707,58.59653708349751,0.7713903743315508,True
신춘음악회: 대한민국 재즈 페스티벌 [목포],대중음악,호남,목포문화예술회관,0.8911,1,622.0,622.0,0.0,0.0,6,0.5794426396756786,0.48048012227610437,0.9527017830406969,53.76212676315707,58.59653708349751,0.7713903743315508,True
"국립오페라단, 마술피리 [인천]",서양음악(클래식),경인,청라복합문화센터 블루노바홀,1.0,1,486.0,486.0,0.0,0.0,4,0.8357585845839933,0.4386585936300809,0.9527017830406969,64.58016710998011,58.58016710998011,0.8741784037558685,True
제13회 인천서구립풍물단 정기연주회: 서구유희,한국음악(국악),경인,청라복합문화센터 블루노바홀,1.0,1,486.0,486.0,0.0,0.0,4,0.8357585845839933,0.4386585936300809,0.9527017830406969,64.58016710998011,58.58016710998011,0.8741784037558685,True
제31회 인천서구립합창단 정기연주회,서양음악(클래식),경인,청라복합문화센터 블루노바홀,1.0,1,486.0,486.0,0.0,0.0,4,0.8357585845839933,0.4386585936300809,0.9527017830406969,64.58016710998011,58.58016710998011,0.8741784037558685,True
급식왕과 함께하는 안전재난공연 [서산],뮤지컬,충청,서산시문화회관,0.88605,2,1065.0,532.5,0.0,0.0,3,0.5727978092195345,0.695654830045122,0.9527017830406969,61.9096474505765,58.5534758139844,0.8425925925925926,True
"무, 춘향 가, 천하",무용(서양/한국무용),호남,광주북구문화센터 (양산도서관),0.9469,1,357.0,357.0,0.0,0.0,3,0.6613552769350551,0.3930993586983757,0.9527017830406969,53.710825592761005,58.54523591310144,0.767379679144385,True
"Burning Up!, 원정연 가야금 독주회",한국음악(국악),서울,헤르만아트홀,1.0,1,120.0,120.0,0.0,0.0,1,0.8357585845839933,0.2618296665655069,0.9527017830406969,52.535884535614166,58.535884535614166,0.7006517690875232,True
임재영 베이스바리톤 리사이틀,서양음악(클래식),서울,헤르만아트홀,1.0,1,120.0,120.0,0.0,0.0,1,0.8357585845839933,0.2618296665655069,0.9527017830406969,52.535884535614166,58.535884535614166,0.7006517690875232,True
부산학생예술문화회관 교육가족 및 시민 초청 공연: 하모나이즈 콘서트,대중음악,영남,부산학생예술문화회관,0.84285,2,1684.0,842.0,0.0,0.0,5,0.5327677396837329,0.7439592525444451,0.9527017830406969,60.88950050526998,58.49233233126743,0.8154761904761905,True
"제14회 GS챔버오케스트라 정기연주회: 셋, 넷 그리고 여덟",서양음악(클래식),서울,꿈의숲아트센터,0.9635,1,290.0,290.0,0.0,0.0,8,0.6835852551883373,0.3532173285054332,0.9527017830406969,52.491914467278775,58.491914467278775,0.6978584729981379,True
제42회 한국대학생클래식기타연합회 정기연주회,서양음악(클래식),서울,꿈의숲아트센터,0.9635,1,290.0,290.0,0.0,0.0,8,0.6835852551883373,0.3532173285054332,0.9527017830406969,52.491914467278775,58.491914467278775,0.6978584729981379,True
"연극인 합창단 10주년, 함께 노래한다면",서양음악(클래식),서울,꿈의숲아트센터,0.9635,1,290.0,290.0,0.0,0.0,8,0.6835852551883373,0.3532173285054332,0.9527017830406969,52.491914467278775,58.491914467278775,0.6978584729981379,True
"열정, 사랑 그리고 감사",서양음악(클래식),서울,꿈의숲아트센터,0.9635,1,290.0,290.0,0.0,0.0,8,0.6835852551883373,0.3532173285054332,0.9527017830406969,52.491914467278775,58.491914467278775,0.6978584729981379,True
"경남 청년콘서트, Busker To Stage",대중음악,영남,경상대학교 GNU 국제문화회관,0.9493,1,993.0,993.0,0.0,0.0,2,0.6655972293070583,0.5302016321726949,0.9527017830406969,60.77197176578836,58.374803591785806,0.814484126984127,True
세상의 모든 음악 [문경],서양음악(클래식),영남,문경문화예술회관,0.9648,1,795.0,795.0,0.0,0.0,3,0.6857733508738959,0.5067975571929966,0.9527017830406969,60.76341414693363,58.366245972931075,0.8134920634920635,True
소프라노 성준 귀국 독창회,서양음악(클래식),서울,영산아트홀,0.7358,2,880.0,440.0,0.0,0.0,4,0.44513652106209894,0.6675306570226107,0.9527017830406969,52.34611111732582,58.34611111732582,0.6955307262569832,True
그녀들만 아는 공소시효 [당진],연극,충청,당진문예의전당,0.9267,2,556.0,278.0,0.0,0.0,5,0.6296211775445002,0.5984746875020879,0.9527017830406969,61.6972647929271,58.341093156335,0.8356481481481481,True
가정식 백반 맛있게 먹는 법 [당진],연극,충청,당진문예의전당,0.9267,2,556.0,278.0,0.0,0.0,5,0.6296211775445002,0.5984746875020879,0.9527017830406969,61.6972647929271,58.341093156335,0.8356481481481481,True
"아츠스프링 대구 페스티벌, 얼쑤 좋다 우리가락 한마당",한국음악(국악),영남,대구문화예술회관,0.9524,1,960.0,960.0,0.0,0.0,2,0.6689532042849089,0.5250314939543835,0.9527017830406969,60.717178952835695,58.320010778833144,0.8125,True
"국립합창단, 영화음악 여행 [함양]",서양음악(클래식),영남,함양문화예술회관,0.9938,1,483.0,483.0,0.0,0.0,2,0.7554836631138078,0.43707453956273457,0.9527017830406969,60.69560572896647,58.29843755496392,0.8115079365079365,True
"ACC 수요극장, 인형의 집",연극,호남,국립아시아문화전당,0.9879,1,245.0,245.0,0.0,0.0,6,0.7331328697613231,0.33230904498087704,0.9527017830406969,53.42277948203476,58.2571898023752,0.7647058823529411,True
강릉 합창 대축제,서양음악(클래식),기타,강릉아트센터(구. 강릉문화예술관),0.7845,2,1525.0,762.5,0.0,0.0,7,0.47891105323918703,0.7356218897302054,0.9527017830406969,56.86103675452519,58.215326707522,0.8164556962025317,True
"경기시나위오케스트라, Bloom in 과천",한국음악(국악),경인,과천시민회관,0.9892,1,919.0,919.0,0.0,0.0,5,0.7380862888286305,0.5207290833590221,0.9527017830406969,64.19615489925664,58.19615489925664,0.8723004694835681,True
"군포 최고의 재주꾼 선발대회: 조선 이야기꾼 전기수, 군포 스페셜 Ver.",뮤지컬,경인,군포문화예술회관,0.9799,1,1119.0,1119.0,0.0,0.0,8,0.712876204795017,0.5482399540806279,0.9527017830406969,64.17956129576189,58.179561295761886,0.8713615023474178,True
The Power of Voice [충주],대중음악,충청,충주시문화회관,0.9685,1,861.0,861.0,0.0,0.0,1,0.6929417134265847,0.5148644538323722,0.9527017830406969,61.53117196760822,58.17500033101612,0.8287037037037037,True
"김종규 지휘자와 함께하는 뮤지컬의 밤, 캣츠편",뮤지컬,영남,서울주문화센터,1.0,1,318.0,318.0,0.0,0.0,3,0.8357585845839933,0.373606073118409,0.9527017830406969,60.56393415443869,58.16676598043614,0.810515873015873,True
어게인 투란도트: 12월의 투란도트 (12.31),서양음악(클래식),서울,코엑스,0.7563,1,5294.0,5294.0,0.0,0.0,8,0.45983569146508446,0.6299601808333543,0.9527017830406969,52.153906725162905,58.153906725162905,0.6945996275605214,True
없던 공연: 어느 장애연극인들의 욕망에 대한 기록,연극,서울,모두예술극장,0.7259,4,752.0,188.0,0.0,0.0,0,0.4356995194243832,0.6806073121553775,0.9527017830406969,52.079990076728336,58.079990076728336,0.6936685288640596,True
대구시립교향악단과 함께하는 시민행복 나눔콘서트,서양음악(클래식),영남,아양아트센터,0.9397,1,1044.0,1044.0,0.0,0.0,6,0.6501194727092114,0.5423205584086779,0.9527017830406969,60.46420289424096,58.06703472023841,0.8095238095238095,True
"1930철원! 모던타임즈, 레트로 & 뉴트로  CONCERT",대중음악,기타,철원군 화강문화센터,0.9885,1,344.0,344.0,0.0,0.0,6,0.7354417805460842,0.38340076158068237,0.9527017830406969,56.67482236835053,58.02911232134735,0.810126582278481,True
KBS국악관현악단과 함께하는 충주 송년음악회,한국음악(국악),충청,충주시문화회관,0.9674,1,860.0,860.0,0.0,0.0,1,0.6899884554460762,0.5147949894029238,0.9527017830406969,61.37038094718642,58.01420931059432,0.8240740740740741,True
제22회 필그림소년소녀합창단 정기연주회,서양음악(클래식),영남,수성아트피아,0.937,1,1086.0,1086.0,0.0,0.0,3,0.6464547480333986,0.5453001202144472,0.9527017830406969,60.39168055109029,57.99451237708774,0.808531746031746,True
제30회 달서구립합창단 정기연주회 [대구],서양음악(클래식),영남,달서아트센터 (구. 웃는얼굴아트센터),0.9956,1,453.0,453.0,0.0,0.0,6,0.7584369210943164,0.42901161906221463,0.9527017830406969,60.38642256100532,57.98925438700277,0.8075396825396826,True
핫 썸머 나잇 콘서트 [부산],대중음악,영남,(재)영화의전당,0.9596,1,807.0,807.0,0.0,0.0,8,0.676833033532902,0.5085448560537531,0.9527017830406969,60.369924727250954,57.9727565532484,0.8065476190476191,True
제4회 경산시립교향악단 정기연주회,서양음악(클래식),영남,천마아트센터,0.9174,1,1733.0,1733.0,0.0,0.0,7,0.6160093430343383,0.5855207551317785,0.9527017830406969,60.36278893202957,57.965620758027015,0.8050595238095238,True
경산시립교향악단 기획연주회: 피터와 늑대,서양음악(클래식),영남,천마아트센터,0.9174,1,1733.0,1733.0,0.0,0.0,7,0.6160093430343383,0.5855207551317785,0.9527017830406969,60.36278893202957,57.965620758027015,0.8050595238095238,True
걸궁꾼과 해녀의 가문잔치,한국음악(국악),제주,제주아트센터,0.9443,1,1118.0,1118.0,0.0,0.0,6,0.6576771283593309,0.5479340081280477,0.9527017830406969,61.13627105559482,57.952710950003464,0.7032967032967034,True
"클래식 페스티벌, 해설이 있는 클래식 콘서트 [제주]",서양음악(클래식),제주,제주아트센터,0.9443,1,1118.0,1118.0,0.0,0.0,6,0.6576771283593309,0.5479340081280477,0.9527017830406969,61.13627105559482,57.952710950003464,0.7032967032967034,True
"신춘 국악콘서트: 탐라, 봄의 향연",한국음악(국악),제주,제주아트센터,0.9443,1,1118.0,1118.0,0.0,0.0,6,0.6576771283593309,0.5479340081280477,0.9527017830406969,61.13627105559482,57.952710950003464,0.7032967032967034,True
제6회 경산시립교향악단 정기연주회: Mozart & Dvorak,서양음악(클래식),영남,천마아트센터,0.9169,1,1732.0,1732.0,0.0,0.0,7,0.6150830939404516,0.5854766941571345,0.9527017830406969,60.306499280856805,57.90933110685425,0.8035714285714286,True
사슴 코딱코의 재판 [온양],뮤지컬,영남,온양문화복지센터,0.9131,2,515.0,257.5,0.0,0.0,3,0.6119419013611834,0.5898495945571977,0.9527017830406969,60.300738233011785,57.90357005900923,0.8025793650793651,True
"목포시립무용단 명무초청 기획공연, 心舞: 이보다 더 좋을 수 없다",무용(서양/한국무용),호남,목포문화예술회관,0.8797,1,614.0,614.0,0.0,0.0,6,0.5683008027492147,0.47777767051792847,0.9527017830406969,53.01970428667514,57.85411460701558,0.7620320855614974,True
목포시립교향악단 창단 40주년 기념 특별연주회,서양음악(클래식),호남,목포시민문화체육센터,0.8335,1,1006.0,1006.0,0.0,0.0,6,0.5242167154401697,0.5386698016788106,0.9527017830406969,52.99508226989913,57.82949259023957,0.7593582887700535,True
"경산시립교향악단 실내악 시리즈1, String Ensemble",서양음악(클래식),영남,천마아트센터,0.9882,1,504.0,504.0,0.0,0.0,7,0.7348108572502483,0.44682283909510917,0.9527017830406969,60.2225976179114,57.825429443908845,0.8015873015873016,True
청소년 교향악 페스티벌 [성남],서양음악(클래식),경인,성남아트리움 (구. 성남시민회관),0.8613,3,2054.0,684.67,0.0,0.0,10,0.549655005772277,0.7974975364406279,0.9527017830406969,63.78900861430489,57.78900861430489,0.8704225352112676,True
"나빌레라예술단, 반란: better days [광주]",무용(서양/한국무용),호남,광주북구문화센터(양산도서관),0.939,1,354.0,354.0,0.0,0.0,3,0.6492737670147931,0.3893511681982011,0.9527017830406969,52.916767468288775,57.751177788629214,0.7566844919786097,True
한국스즈키 경기도연합 오케스트라 창단연주회,서양음악(클래식),경인,용인포은아트홀,0.9706,1,1222.0,1222.0,0.0,0.0,5,0.69605605820603,0.5582195863893885,0.9527017830406969,63.724811414080996,57.724811414080996,0.8694835680751174,True
"책 읽는 ACC, 서로 만난 사이: 음악으로 펼치는 시의 풍경",대중음악,호남,국립아시아문화전당,1.44,1,72.0,72.0,0.0,0.0,6,0.9457540204580235,0.22046993662223924,0.9527017830406969,52.82100603957128,57.65541635991172,0.7540106951871658,True
프란츠 리스트에게의 헌정: 이별,서양음악(클래식),호남,예울마루,0.9669,1,292.0,292.0,0.0,0.0,7,0.6894380755497087,0.35414026404306537,0.9527017830406969,52.81621579214124,57.65062611248168,0.7513368983957219,True
"부산시립국악관현악단 특별연주회, 신년음악회: 청룡이 나르샤",한국음악(국악),영남,부산문화회관,0.9245,1,1310.0,1310.0,0.0,0.0,7,0.6262517786667383,0.5636868855247696,0.9527017830406969,60.043300352618026,57.646132178615474,0.8005952380952381,True
나주시립소년소녀합창단 & 에스토니아 EMTA합창단 FRIENDSHIP CONCERT,서양음악(클래식),호남,나주문화예술회관,0.9033,1,495.0,495.0,0.0,0.0,1,0.5953633849706017,0.4410563228960041,0.9527017830406969,52.80400871963956,57.63841903998,0.7486631016042781,True
"충주시립우륵국악단 기획연주회, 우륵을 꿈꾸다",한국음악(국악),충청,충주시문화회관,0.9629,1,856.0,856.0,0.0,0.0,1,0.6827261255940076,0.5144628753507028,0.9527017830406969,60.96625658712386,57.61008495053176,0.8148148148148148,True
"김현철, 현마에의 웃음과 감동의 오케스트라 메리 크리스마스",서양음악(클래식),충청,충주시문화회관,0.9629,1,856.0,856.0,0.0,0.0,1,0.6827261255940076,0.5144628753507028,0.9527017830406969,60.96625658712386,57.61008495053176,0.8148148148148148,True
"충주시립우륵국악단, 깨비 깨비 도깨비",한국음악(국악),충청,충주시문화회관,0.9629,1,856.0,856.0,0.0,0.0,1,0.6827261255940076,0.5144628753507028,0.9527017830406969,60.96625658712386,57.61008495053176,0.8148148148148148,True
"ACC 수요극장, 세비야의 이발사",서양음악(클래식),호남,국립아시아문화전당,0.9839,1,244.0,244.0,0.0,0.0,6,0.7190914704539962,0.33176668547518334,0.9527017830406969,52.77200464744983,57.60641496779027,0.7459893048128342,True
"책 읽는 ACC, 서로 만난 사이: 음악과 함께 읽는 소설",대중음악,호남,국립아시아문화전당,1.42,1,71.0,71.0,0.0,0.0,6,0.945203640561656,0.21979223362250405,0.9527017830406969,52.73757650742272,57.57198682776316,0.7433155080213903,True
오케스트라와 함께하는 해설 클래식,서양음악(클래식),제주,서귀포예술의전당,0.9663,1,775.0,775.0,0.0,0.0,5,0.687679544661315,0.5042462857286831,0.9527017830406969,60.7419523685414,57.55839226295004,0.6758241758241759,True
타악기오케스트라로 만나보는 클래식,서양음악(클래식),제주,서귀포예술의전당,0.9663,1,775.0,775.0,0.0,0.0,5,0.687679544661315,0.5042462857286831,0.9527017830406969,60.7419523685414,57.55839226295004,0.6758241758241759,True
사운드 오브 뮤직 [충주],뮤지컬,충청,충주시문화회관,0.9618,1,855.0,855.0,0.0,0.0,1,0.6816656375010068,0.5143494858866469,0.9527017830406969,60.90404885929141,57.547877222699306,0.8055555555555556,True
"가야지무, 세번째이야기",무용(서양/한국무용),영남,김해문화의전당,0.9214,1,1349.0,1349.0,0.0,0.0,8,0.6231911294869386,0.5650770916732463,0.9527017830406969,59.92607566228172,57.52890748827917,0.7986111111111112,True
제11회 인제피아노소사이어티 정기연주회 [김해],서양음악(클래식),영남,김해문화의전당,0.9214,1,1349.0,1349.0,0.0,0.0,8,0.6231911294869386,0.5650770916732463,0.9527017830406969,59.92607566228172,57.52890748827917,0.7986111111111112,True
"제14회 김해가야금축제, 김해시립가야금연주단 콘서트: 지금",한국음악(국악),영남,김해문화의전당,0.9214,1,1349.0,1349.0,0.0,0.0,8,0.6231911294869386,0.5650770916732463,0.9527017830406969,59.92607566228172,57.52890748827917,0.7986111111111112,True
"제7회 창원국제실내악축제, 콩콩콩 클래식 [창원]",서양음악(클래식),영남,성산아트홀,0.9153,1,1556.0,1556.0,0.0,0.0,2,0.6135393454506404,0.578209912876388,0.9527017830406969,59.915565738661925,57.518397564659374,0.7966269841269841,True
KBS대구 클래식 FM 포시즌 특집: 여름,서양음악(클래식),영남,수성아트피아,1.0,1,301.0,301.0,0.0,0.0,3,0.8357585845839933,0.36361911702232075,0.9527017830406969,59.91108583559873,57.51391766159618,0.7901785714285714,True
"KBS대구 클래식FM 포시즌 특집, 클래시네마: 겨울",서양음악(클래식),영남,수성아트피아,1.0,1,301.0,301.0,0.0,0.0,3,0.8357585845839933,0.36361911702232075,0.9527017830406969,59.91108583559873,57.51391766159618,0.7901785714285714,True
제36회 조이풀보이스 정기연주회,서양음악(클래식),영남,수성아트피아,1.0,1,301.0,301.0,0.0,0.0,3,0.8357585845839933,0.36361911702232075,0.9527017830406969,59.91108583559873,57.51391766159618,0.7901785714285714,True
수성하모니 마을합창단 정기연주회,서양음악(클래식),영남,수성아트피아,1.0,1,301.0,301.0,0.0,0.0,3,0.8357585845839933,0.36361911702232075,0.9527017830406969,59.91108583559873,57.51391766159618,0.7901785714285714,True
이승희와 이영우의 새로운 사이 Ⅱ,서양음악(클래식),영남,수성아트피아,1.0,1,301.0,301.0,0.0,0.0,3,0.8357585845839933,0.36361911702232075,0.9527017830406969,59.91108583559873,57.51391766159618,0.7901785714285714,True
뮤즈앙상블 정기연주회 [대구],서양음악(클래식),영남,수성아트피아,1.0,1,301.0,301.0,0.0,0.0,3,0.8357585845839933,0.36361911702232075,0.9527017830406969,59.91108583559873,57.51391766159618,0.7901785714285714,True
제5회 CM 시니어 쳄버 오케스트라 정기연주회: NORDIC ODYSSEY,서양음악(클래식),영남,수성아트피아,1.0,1,301.0,301.0,0.0,0.0,3,0.8357585845839933,0.36361911702232075,0.9527017830406969,59.91108583559873,57.51391766159618,0.7901785714285714,True
제2회 유니르 플루트 앙상블 정기연주회,서양음악(클래식),영남,수성아트피아,1.0,1,301.0,301.0,0.0,0.0,3,0.8357585845839933,0.36361911702232075,0.9527017830406969,59.91108583559873,57.51391766159618,0.7901785714285714,True
바리톤 김승철 독창회 [대구],서양음악(클래식),영남,수성아트피아,1.0,1,301.0,301.0,0.0,0.0,3,0.8357585845839933,0.36361911702232075,0.9527017830406969,59.91108583559873,57.51391766159618,0.7901785714285714,True
위드첼로 앙상블 정기 연주회,서양음악(클래식),영남,수성아트피아,1.0,1,301.0,301.0,0.0,0.0,3,0.8357585845839933,0.36361911702232075,0.9527017830406969,59.91108583559873,57.51391766159618,0.7901785714285714,True
미드바콰이어 & 앙상블아니마 2nd Step,서양음악(클래식),영남,수성아트피아,1.0,1,301.0,301.0,0.0,0.0,3,0.8357585845839933,0.36361911702232075,0.9527017830406969,59.91108583559873,57.51391766159618,0.7901785714285714,True
대구 달서구 의사회 신년음악회,서양음악(클래식),영남,수성아트피아,1.0,1,301.0,301.0,0.0,0.0,3,0.8357585845839933,0.36361911702232075,0.9527017830406969,59.91108583559873,57.51391766159618,0.7901785714285714,True
대구학생예술단 합주&합창&국악단 연합연주회,서양음악(클래식),영남,대구학생문화센터,0.9233,1,1264.0,1264.0,0.0,0.0,2,0.6252315622734717,0.5612482388796755,0.9527017830406969,59.88065367683686,57.483485502834306,0.7837301587301587,True
미녀와 야수 [부여],무용(서양/한국무용),충청,국립부여박물관,0.8953,2,761.0,380.5,0.0,0.0,4,0.5827717668537064,0.6485615660503177,0.9527017830406969,60.82464538982267,57.46847375323057,0.8009259259259259,True
제11회 아산온궁오케스트라 정기연주회: The Music Box,서양음악(클래식),충청,아산시 평생학습관(여성회관 아산아트홀),0.9902,1,504.0,504.0,0.0,0.0,4,0.7467849759712192,0.44682283909510917,0.9527017830406969,60.80950787889531,57.45333624230321,0.7962962962962963,True
가요톱텐 [청송],뮤지컬,영남,청송문화예술회관,0.9976,1,415.0,415.0,0.0,0.0,1,0.7602759953821784,0.41633058842335163,0.9527017830406969,59.752777187806736,57.355609013804184,0.7822420634920635,True
오백에 삼십 [청송],연극,영남,청송문화예술회관,0.9976,1,415.0,415.0,0.0,0.0,1,0.7602759953821784,0.41633058842335163,0.9527017830406969,59.752777187806736,57.355609013804184,0.7822420634920635,True
풀이 정기공연,한국음악(국악),서울,꿈의숲아트센터,0.9541,1,270.0,270.0,0.0,0.0,8,0.6712084194700244,0.34309074687562985,0.9527017830406969,51.318982784906055,57.318982784906055,0.6927374301675978,True
거인 앙갈로 [정약용도서관],연극,경인,정약용도서관,0.9375,2,600.0,300.0,0.0,0.0,9,0.64723333422826,0.6123306662436621,0.9527017830406969,63.303967518481784,57.303967518481784,0.8676056338028169,True
괴물 연을 그리다 [정약용도서관],연극,경인,정약용도서관,0.9375,2,600.0,300.0,0.0,0.0,9,0.64723333422826,0.6123306662436621,0.9527017830406969,63.303967518481784,57.303967518481784,0.8676056338028169,True
나무의 아이 [정약용도서관],연극,경인,정약용도서관,0.9375,2,600.0,300.0,0.0,0.0,9,0.64723333422826,0.6123306662436621,0.9527017830406969,63.303967518481784,57.303967518481784,0.8676056338028169,True
제1245회 서초금요음악회: 여름소리,서양음악(클래식),서울,서초문화예술회관(구. 서초구민회관),0.8565,1,591.0,591.0,0.0,0.0,6,0.5446210433055011,0.4672549139871654,0.9527017830406969,51.2245558697626,57.2245558697626,0.6913407821229051,True
"베토벤과 하이든의 만남, 운명",서양음악(클래식),서울,서초문화예술회관(구. 서초구민회관),0.8565,1,591.0,591.0,0.0,0.0,6,0.5446210433055011,0.4672549139871654,0.9527017830406969,51.2245558697626,57.2245558697626,0.6913407821229051,True
"연희 데카당스 3부작, 금수버스 회의록",한국음악(국악),서울,강동아트센터,0.73866667,3,554.0,184.67,0.0,0.0,7,0.4469890192498725,0.6276562237478311,0.9527017830406969,51.199633058741036,57.199633058741036,0.6899441340782123,True
제178회 경상북도 도립교향악단 정기연주회: 청송군민을 위한 가을음악회,서양음악(클래식),영남,청송문화예술회관,0.9952,1,414.0,414.0,0.0,0.0,1,0.7573093135017586,0.4159258493715726,0.9527017830406969,59.58958262839956,57.19241445439701,0.7807539682539683,True
진윤경 피리 렉쳐 콘서트: 북한의 피리와 한민족 음악의 디아스포라,한국음악(국악),서울,예술의전당 [서울],1.0,1,100.0,100.0,0.0,0.0,10,0.8357585845839933,0.24540053022817968,0.9527017830406969,51.19160032116514,57.19160032116514,0.6866852886405959,True
제4회 우미현 작품발표회,서양음악(클래식),서울,예술의전당 [서울],1.0,1,100.0,100.0,0.0,0.0,10,0.8357585845839933,0.24540053022817968,0.9527017830406969,51.19160032116514,57.19160032116514,0.6866852886405959,True
대한음악예술과비평학회 정기 렉쳐콘서트: Ornamentation,서양음악(클래식),서울,예술의전당 [서울],1.0,1,100.0,100.0,0.0,0.0,10,0.8357585845839933,0.24540053022817968,0.9527017830406969,51.19160032116514,57.19160032116514,0.6866852886405959,True
임영주 & 이영신 듀오 리사이틀 1,서양음악(클래식),서울,예술의전당 [서울],1.0,1,100.0,100.0,0.0,0.0,10,0.8357585845839933,0.24540053022817968,0.9527017830406969,51.19160032116514,57.19160032116514,0.6866852886405959,True
소프라노 노정애 독창회,서양음악(클래식),서울,예술의전당 [서울],1.0,1,100.0,100.0,0.0,0.0,10,0.8357585845839933,0.24540053022817968,0.9527017830406969,51.19160032116514,57.19160032116514,0.6866852886405959,True
이민경 바이올린 독주회,서양음악(클래식),서울,예술의전당 [서울],1.0,1,100.0,100.0,0.0,0.0,10,0.8357585845839933,0.24540053022817968,0.9527017830406969,51.19160032116514,57.19160032116514,0.6866852886405959,True
빵굽는 포포아저씨 [철원],뮤지컬,기타,철원군 화강문화센터,0.9828,1,342.0,342.0,0.0,0.0,6,0.717346363465514,0.38278886967552217,0.9527017830406969,55.7983120267968,57.152601979793616,0.8037974683544303,True
경셩유행가: 판을 나온 소리 [서산],한국음악(국악),충청,서산시문화회관,0.9834,1,591.0,591.0,0.0,0.0,3,0.7183263081590464,0.4672549139871654,0.9527017830406969,60.480394377791946,57.124222741199844,0.7916666666666666,True
"광주시립극단, 출장 연극 시리즈 1: 오스카와 장미할머니 [광주서구문화센터]",연극,호남,광주서구문화센터,0.9448,1,308.0,308.0,0.0,0.0,6,0.6587376164523318,0.3697480105490154,0.9527017830406969,52.28652951802179,57.120939838362226,0.7406417112299465,True
"세류지맥: 춤, 그 영원한 이야기",무용(서양/한국무용),서울,꿈의숲아트센터,0.9505,1,269.0,269.0,0.0,0.0,8,0.667489999194566,0.3426152349894205,0.9527017830406969,51.11984474886809,57.11984474886809,0.6834264432029795,True
동구문화재단 출범 10주년 기념음악회: Together [대구],서양음악(클래식),영남,아양아트센터,0.9298,1,1033.0,1033.0,0.0,0.0,6,0.6334067173195157,0.5414221937109954,0.9527017830406969,59.48726751763884,57.09009934363629,0.779265873015873,True
강태관과 함께하는 우리 춤 우리 가락 [대구],한국음악(국악),영남,아양아트센터,0.9298,1,1033.0,1033.0,0.0,0.0,6,0.6334067173195157,0.5414221937109954,0.9527017830406969,59.48726751763884,57.09009934363629,0.779265873015873,True
인간적으로,연극,서울,뜻밖의 극장(구. 해우소소극장),0.85333333,3,128.0,42.67,0.0,0.0,0,0.5420033828227777,0.4672640135716242,0.9527017830406969,51.07708834458493,57.07708834458493,0.6824953445065177,True
소리또깨비 똥콩,뮤지컬,충청,충주시문화회관,0.9561,1,850.0,850.0,0.0,0.0,1,0.6732354283566462,0.5139354520599572,0.9527017830406969,60.4315325505123,57.0753609139202,0.7870370370370371,True
뷰티플마인드와 함께하는 가을 음악회,서양음악(클래식),서울,롯데콘서트홀,0.7716,1,1571.0,1571.0,0.0,0.0,6,0.4698230729991677,0.5789307932405308,0.9527017830406969,51.07533981762317,57.07533981762317,0.681098696461825,True
롯데 파트너사 초청 행복나눔 동행 콘서트,서양음악(클래식),서울,롯데콘서트홀,0.7716,1,1571.0,1571.0,0.0,0.0,6,0.4698230729991677,0.5789307932405308,0.9527017830406969,51.07533981762317,57.07533981762317,0.681098696461825,True
"경산시립교향악단 실내악 시리즈2, Wind Ensemble",서양음악(클래식),영남,천마아트센터,0.9843,1,502.0,502.0,0.0,0.0,7,0.720380164845491,0.4460928848407467,0.9527017830406969,59.47126362294788,57.07409544894533,0.7777777777777778,True
종이아빠 [군산],뮤지컬,호남,군산어린이공연장,0.7879,2,520.0,260.0,0.0,0.0,3,0.48117969232421404,0.590865885664046,0.9527017830406969,52.23720608151202,57.07161640185246,0.7379679144385026,True
이희승 피아노 독주회,서양음악(클래식),서울,세종문화회관,0.9007,1,399.0,399.0,0.0,0.0,3,0.5917523558944344,0.4090615811066415,0.9527017830406969,51.050438218723706,57.050438218723706,0.6797020484171322,True
광주시립창극단 특별공연: 판소리 감상회,한국음악(국악),호남,광주공연마루,0.78873333,3,407.0,135.67,0.0,0.0,6,0.4815152898219991,0.5888708416260924,0.9527017830406969,52.188410457947434,57.02282077828787,0.7352941176470589,True
제31회 덕원예술고등학교 정기연주회,서양음악(클래식),서울,롯데콘서트홀,0.7696,1,1567.0,1567.0,0.0,0.0,6,0.46822562890971087,0.5785983393382188,0.9527017830406969,50.95936200406239,56.95936200406239,0.6787709497206704,True
미녀와 야수 [청양],뮤지컬,충청,청양문예회관,0.9735,1,625.0,625.0,0.0,0.0,5,0.7002040432786533,0.48090063015768614,0.9527017830406969,60.24997998957841,56.893808352986305,0.7824074074074074,True
"제11회 경산시립극단 정기공연, 가요뮤지컬 울고 넘는 박달재",뮤지컬,영남,천마아트센터,0.7999,2,3022.0,1511.0,0.0,0.0,7,0.48739495798319327,0.7939254689081451,0.9527017830406969,59.243473404842504,56.84630523083995,0.7767857142857143,True
안다미로 콘서트 시리즈 2,뮤지컬,서울,예그린씨어터,0.9802,1,198.0,198.0,0.0,0.0,2,0.7146481595833222,0.3051024889314149,0.9527017830406969,50.84329264289853,56.84329264289853,0.6778398510242085,True
"유상통프로젝트, 싸운드써커스 [파주]",뮤지컬,경인,파주시민회관,0.9371,2,566.0,283.0,0.0,0.0,5,0.6465621392326899,0.6013060257455219,0.9527017830406969,62.806469938133304,56.806469938133304,0.8657276995305164,True
백설공주의 사과 [충주],연극,충청,충주시문화회관,0.9516,1,846.0,846.0,0.0,0.0,1,0.668523639487744,0.513460415963875,0.9527017830406969,60.15515478676971,56.798983150177605,0.7777777777777778,True
"명작시리즈, 만추가경",한국음악(국악),서울,세종문화회관,0.8604,1,524.0,524.0,0.0,0.0,3,0.5484737025800736,0.45267904055392044,0.9527017830406969,50.793675532544114,56.793675532544114,0.6769087523277467,True
남산골 가무악 국악 한마당,한국음악(국악),서울,충무아트센터,0.8,1,1000.0,1000.0,0.0,0.0,7,0.49081805246060084,0.5346319947191684,0.9527017830406969,50.78954179810871,56.78954179810871,0.6759776536312849,True
"제72회 충주시립우륵국악단 정기연주회: 책, 가을 그리고 음악",한국음악(국악),충청,충주시문화회관,0.9505,1,845.0,845.0,0.0,0.0,1,0.667489999194566,0.5133590060547121,0.9527017830406969,60.0945838510198,56.7384122144277,0.7708333333333334,True
사신의 기: 택견 [충주],한국음악(국악),충청,충주시문화회관,0.9505,1,845.0,845.0,0.0,0.0,1,0.667489999194566,0.5133590060547121,0.9527017830406969,60.0945838510198,56.7384122144277,0.7708333333333334,True
제7회 경산시립교향악단 정기연주회,서양음악(클래식),영남,천마아트센터,0.9037,1,1707.0,1707.0,0.0,0.0,7,0.5957795258678551,0.5847465869880993,0.9527017830406969,59.13415876049516,56.73699058649261,0.7757936507936508,True
드림 어 드림 [오산],뮤지컬,경인,오산문화예술회관,0.985,1,788.0,788.0,0.0,0.0,2,0.7225682605310495,0.5059617070797431,0.9527017830406969,62.657691223845234,56.657691223845234,0.8647887323943662,True
"여주시민과 함께하는 송년 콘서트, 아듀! & 땡큐: 박원숙 & 혜은이",대중음악,경인,세종국악당,1.0,1,388.0,388.0,0.0,0.0,1,0.8357585845839933,0.4052492277669649,0.9527017830406969,62.56585532457315,56.56585532457315,0.863849765258216,True
제5회 포르투나앙상블 정기연주회 (08.24) [부산],서양음악(클래식),영남,부산문화회관,0.9902,1,406.0,406.0,0.0,0.0,7,0.7467849759712192,0.41361472973990077,0.9527017830406969,58.95976473236144,56.56259655835889,0.7743055555555556,True
부산시립소년소녀합창단 창단50주년 특별연주회: 가정의 달에 부르는 우리들의 노래,서양음악(클래식),영남,부산문화회관,0.9902,1,406.0,406.0,0.0,0.0,7,0.7467849759712192,0.41361472973990077,0.9527017830406969,58.95976473236144,56.56259655835889,0.7743055555555556,True
"해설이 있는 음악회, 10월의 어느 멋진 날",서양음악(클래식),영남,온양문화복지센터,1.0,1,282.0,282.0,0.0,0.0,3,0.8357585845839933,0.34893291270436605,0.9527017830406969,58.93119964661492,56.53403147261237,0.7728174603174603,True
MusicBank Global Festival,대중음악,서울,KBS홀,0.7724,1,1283.0,1283.0,0.0,0.0,6,0.47058823529411764,0.5622758978112531,0.9527017830406969,50.53176019202083,56.53176019202083,0.6750465549348231,True
피아노 박사 샵 송년음악회,서양음악(클래식),서울,꿈의숲아트센터,0.9369,1,282.0,282.0,0.0,0.0,8,0.6464144763336644,0.34893291270436605,0.9527017830406969,50.51302980679423,56.51302980679423,0.6741154562383612,True
충북도립교향악단 시군 순회연주회,서양음악(클래식),충청,충주시문화회관,0.9483,1,843.0,843.0,0.0,0.0,1,0.6634628292211453,0.5131041388918135,0.9527017830406969,59.86488670785489,56.50871507126279,0.7638888888888888,True
"남양주시립합창단 기획연주회, 해설이 있는 오페라: 카르멘 갈라콘서트",서양음악(클래식),경인,별빛도서관,1.1588,1,270.0,270.0,0.0,0.0,6,0.9313770236529116,0.34309074687562985,0.9527017830406969,62.465312090283476,56.465312090283476,0.8629107981220657,True
"안양아트인데이, 꽃과 사랑 힐링콘서트 [안양]",서양음악(클래식),경인,안양아트센터,1.0,1,382.0,382.0,0.0,0.0,5,0.8357585845839933,0.40260917162781806,0.9527017830406969,62.402497758654484,56.402497758654484,0.8619718309859155,True
"한국가곡 100년사 대한민국을 노래하다, 한국가곡 콘서트 [김제]",서양음악(클래식),호남,김제문화예술회관,0.8996,1,439.0,439.0,0.0,0.0,4,0.5872016538244691,0.4242907056650719,0.9527017830406969,51.56295158173243,56.397361902072866,0.732620320855615,True
쥐덫 [안산],연극,경인,안산문화예술의전당,0.9857,2,276.0,138.0,0.0,0.0,6,0.7242730958197976,0.49889414946017213,0.9527017830406969,62.3942798082325,56.3942798082325,0.85962441314554,True
"세월호 참사 10주기 4월 연극제, 밥을 먹다 [안산]",연극,경인,안산문화예술의전당,0.9857,2,276.0,138.0,0.0,0.0,6,0.7242730958197976,0.49889414946017213,0.9527017830406969,62.3942798082325,56.3942798082325,0.85962441314554,True
"세월호 참사 10주기 4월 연극제, 술래잡기 [안산]",연극,경인,안산문화예술의전당,0.9857,2,276.0,138.0,0.0,0.0,6,0.7242730958197976,0.49889414946017213,0.9527017830406969,62.3942798082325,56.3942798082325,0.85962441314554,True
"세월호 참사 10주기 4월 연극제: 언제나 봄 D+3650, 연속, 극",연극,경인,안산문화예술의전당,0.9857,2,276.0,138.0,0.0,0.0,6,0.7242730958197976,0.49889414946017213,0.9527017830406969,62.3942798082325,56.3942798082325,0.85962441314554,True
빨래 [부산 북구],뮤지컬,영남,부산학생예술문화회관,0.8123,2,1623.0,811.5,0.0,0.0,5,0.5036647246758128,0.7408265562889225,0.9527017830406969,58.77214452354136,56.374976349538805,0.7718253968253969,True
"다시 추는 춤, 함께추는 춤 [서귀포]",무용(서양/한국무용),제주,서귀포예술의전당,0.9501,1,762.0,762.0,0.0,0.0,5,0.6672483689961608,0.5022134146602772,0.9527017830406969,59.55631744764523,56.37275734205387,0.6593406593406593,True
위리 Wiri 너의 이야기를 들려줘 [과천],뮤지컬,경인,과천시민회관,1.0,1,380.0,380.0,0.0,0.0,5,0.8357585845839933,0.40185690651874273,0.9527017830406969,62.35583259053051,56.35583259053051,0.8568075117370892,True
과천솔로이스츠: 과천시립교향악단 실내악시리즈 2,서양음악(클래식),경인,과천시민회관,1.0,1,380.0,380.0,0.0,0.0,5,0.8357585845839933,0.40185690651874273,0.9527017830406969,62.35583259053051,56.35583259053051,0.8568075117370892,True
못 먹어도 고다,한국음악(국악),영남,김해서부문화센터,0.9493,1,656.0,656.0,0.0,0.0,5,0.6655972293070583,0.48712746712261634,0.9527017830406969,58.746764220384364,56.34959604638181,0.7703373015873016,True
"매직앙상블, 빈센트 반 고흐",서양음악(클래식),영남,김해서부문화센터,0.9493,1,656.0,656.0,0.0,0.0,5,0.6655972293070583,0.48712746712261634,0.9527017830406969,58.746764220384364,56.34959604638181,0.7703373015873016,True
성남 학생문화예술축제,서양음악(클래식),경인,성남아트리움 (구. 성남시민회관),0.9891,1,638.0,638.0,0.0,0.0,10,0.7377104196311113,0.4842919318556355,0.9527017830406969,62.34109756655219,56.34109756655219,0.8553990610328639,True
최영호 꽹과리 개인발표회,한국음악(국악),서울,꿈의숲아트센터,0.9399,1,266.0,266.0,0.0,0.0,8,0.650468494106908,0.34183219686557614,0.9527017830406969,50.287604269942555,56.287604269942555,0.6731843575418994,True
독립운동의 고장에서 20세기 전반기를 걷다 [안동],서양음악(클래식),영남,안동문화예술의전당,1.0,1,276.0,276.0,0.0,0.0,7,0.8357585845839933,0.3452361578186004,0.9527017830406969,58.68066374595864,56.28349557195609,0.7688492063492064,True
피아니스트 함수연 & 진강우가 들려주는 가을밤의 아름다운 선율,서양음악(클래식),서울,일신홀,0.9788,1,185.0,185.0,0.0,0.0,1,0.7112921846054716,0.2975984443651193,0.9527017830406969,50.197384000521176,56.197384000521176,0.6722532588454376,True
"ACC 수요극장, 피노키오",연극,호남,국립아시아문화전당,0.9677,1,240.0,240.0,0.0,0.0,6,0.6904582919429753,0.32948130914840684,0.9527017830406969,51.35878995224829,56.193200272588726,0.7299465240641712,True
제3회 경산시립교향악단 정기연주회,서양음악(클래식),영남,천마아트센터,0.8989,1,1698.0,1698.0,0.0,0.0,7,0.5868123607270385,0.5844461465355202,0.9527017830406969,58.58647276222033,56.18930458821778,0.7678571428571429,True
제22회 해운대구립 청소년 오케스트라 정기연주회: 바로크와 스페인춤곡,서양음악(클래식),영남,해운대문화회관,0.9847,1,451.0,451.0,0.0,0.0,6,0.7217225548366312,0.42821398457351323,0.9527017830406969,58.571521429423804,56.17435325542125,0.7668650793650794,True
시너지 페스타 in 틴텐타임 X 뉴진스님 특별 공연 [당진],대중음악,충청,당진 문화공감터,1.925,1,154.0,154.0,0.0,0.0,0,0.975004698364969,0.28380683237310167,0.9527017830406969,59.51318094564249,56.15700930905039,0.7592592592592593,True
히스토리 He Story [광주],무용(서양/한국무용),호남,광주북구문화센터 (양산도서관),0.9204,1,347.0,347.0,0.0,0.0,3,0.6223454237925202,0.3841367140998095,0.9527017830406969,51.31132472068906,56.145735041029496,0.7272727272727273,True
제129회 목포시립교향악단 정기연주회: 고전 품격,서양음악(클래식),호남,목포문화예술회관,0.8567,1,598.0,598.0,0.0,0.0,6,0.5447015867049695,0.46900239978333996,0.9527017830406969,51.305651896402956,56.140062216743395,0.7245989304812834,True
쇼케이스 열매달,한국음악(국악),서울,서울돈화문국악당,0.9928,1,137.0,137.0,0.0,0.0,6,0.7530673611297554,0.2722742587189102,0.9527017830406969,50.13060302651201,56.13060302651201,0.6713221601489758,True
"광주시립극단, 출장 연극 시리즈 1: 오스카와 장미할머니 [광주디자인센터]",연극,호남,광주디자인센터,0.9467,1,284.0,284.0,0.0,0.0,7,0.6609391360378017,0.35041307599262167,0.9527017830406969,51.2777549529305,56.11216527327094,0.7219251336898396,True
제15회 인천학생교육문화회관 청소년 오케스트라 정기연주회,서양음악(클래식),경인,아트센터 인천,0.938,1,1620.0,1620.0,0.0,0.0,6,0.6485488764195774,0.5812494404266405,0.9527017830406969,62.07413063891896,56.07413063891896,0.8544600938967136,True
"인천시립교향악단 기획연주회, 청소년음악회",서양음악(클래식),경인,인천학생교육문화회관,0.9916,1,587.0,587.0,0.0,0.0,5,0.7510135044433108,0.46630925977471116,0.9527017830406969,62.06664404953638,56.06664404953638,0.8535211267605634,True
AFTERSHOCK6,대중무용,경인,고양어울림누리,1.0,1,366.0,366.0,0.0,0.0,8,0.8357585845839933,0.39640418670211003,0.9527017830406969,62.01600710693946,56.01600710693946,0.8253521126760563,True
THE CELLOS 앙상블 연주회,서양음악(클래식),경인,고양어울림누리,1.0,1,366.0,366.0,0.0,0.0,8,0.8357585845839933,0.39640418670211003,0.9527017830406969,62.01600710693946,56.01600710693946,0.8253521126760563,True
러브월드 다문화 오케스트라 후원 연주회,서양음악(클래식),경인,고양어울림누리,1.0,1,366.0,366.0,0.0,0.0,8,0.8357585845839933,0.39640418670211003,0.9527017830406969,62.01600710693946,56.01600710693946,0.8253521126760563,True
제41회 대한민국연극제 경기도대회,연극,경인,고양어울림누리,1.0,1,366.0,366.0,0.0,0.0,8,0.8357585845839933,0.39640418670211003,0.9527017830406969,62.01600710693946,56.01600710693946,0.8253521126760563,True
"제4회 고양 레이디스 싱어즈 정기연주회, Gabriel Faure REQUIEM",서양음악(클래식),경인,고양어울림누리,1.0,1,366.0,366.0,0.0,0.0,8,0.8357585845839933,0.39640418670211003,0.9527017830406969,62.01600710693946,56.01600710693946,0.8253521126760563,True
제6회 고양혼성합창단 정기연주회: 고향의 봄,서양음악(클래식),경인,고양어울림누리,1.0,1,366.0,366.0,0.0,0.0,8,0.8357585845839933,0.39640418670211003,0.9527017830406969,62.01600710693946,56.01600710693946,0.8253521126760563,True
제2회 J발레학원 정기공연,무용(서양/한국무용),경인,고양어울림누리,1.0,1,366.0,366.0,0.0,0.0,8,0.8357585845839933,0.39640418670211003,0.9527017830406969,62.01600710693946,56.01600710693946,0.8253521126760563,True
덕양구 우수학생 연주회,서양음악(클래식),경인,고양어울림누리,1.0,1,366.0,366.0,0.0,0.0,8,0.8357585845839933,0.39640418670211003,0.9527017830406969,62.01600710693946,56.01600710693946,0.8253521126760563,True
"우리가 다시 쓰는 오페라, 마술피리",서양음악(클래식),경인,고양어울림누리,1.0,1,366.0,366.0,0.0,0.0,8,0.8357585845839933,0.39640418670211003,0.9527017830406969,62.01600710693946,56.01600710693946,0.8253521126760563,True
제17회 김권수와 함께하는 국악의 향연,한국음악(국악),경인,고양어울림누리,1.0,1,366.0,366.0,0.0,0.0,8,0.8357585845839933,0.39640418670211003,0.9527017830406969,62.01600710693946,56.01600710693946,0.8253521126760563,True
"힐링, 교과서음악회",서양음악(클래식),경인,고양어울림누리,1.0,1,366.0,366.0,0.0,0.0,8,0.8357585845839933,0.39640418670211003,0.9527017830406969,62.01600710693946,56.01600710693946,0.8253521126760563,True
유니온 청소년 오케스트라 정기연주회,서양음악(클래식),경인,고양어울림누리,1.0,1,366.0,366.0,0.0,0.0,8,0.8357585845839933,0.39640418670211003,0.9527017830406969,62.01600710693946,56.01600710693946,0.8253521126760563,True
제30회 국악대공연,한국음악(국악),경인,고양어울림누리,1.0,1,366.0,366.0,0.0,0.0,8,0.8357585845839933,0.39640418670211003,0.9527017830406969,62.01600710693946,56.01600710693946,0.8253521126760563,True
제5회 고양청소년필오케스트라 정기연주회 [고양],서양음악(클래식),경인,고양어울림누리,1.0,1,366.0,366.0,0.0,0.0,8,0.8357585845839933,0.39640418670211003,0.9527017830406969,62.01600710693946,56.01600710693946,0.8253521126760563,True
"제6회 고양 ROTC 로파스합창단 정기연주회, 다시 울려퍼지는 노래",서양음악(클래식),경인,고양어울림누리,1.0,1,366.0,366.0,0.0,0.0,8,0.8357585845839933,0.39640418670211003,0.9527017830406969,62.01600710693946,56.01600710693946,0.8253521126760563,True
"월드비전 합창단 정기연주회, World is One: 우리들의 이야기 [일산]",서양음악(클래식),경인,고양어울림누리,1.0,1,366.0,366.0,0.0,0.0,8,0.8357585845839933,0.39640418670211003,0.9527017830406969,62.01600710693946,56.01600710693946,0.8253521126760563,True
제39회 정기연주회 아첼청소년 어울림 음악회,서양음악(클래식),경인,고양어울림누리,1.0,1,366.0,366.0,0.0,0.0,8,0.8357585845839933,0.39640418670211003,0.9527017830406969,62.01600710693946,56.01600710693946,0.8253521126760563,True
제5회 화정마을오케스트라 정기연주회,서양음악(클래식),경인,고양어울림누리,1.0,1,366.0,366.0,0.0,0.0,8,0.8357585845839933,0.39640418670211003,0.9527017830406969,62.01600710693946,56.01600710693946,0.8253521126760563,True
고양시립소년소녀합창단 향상음악회,서양음악(클래식),경인,고양어울림누리,1.0,1,366.0,366.0,0.0,0.0,8,0.8357585845839933,0.39640418670211003,0.9527017830406969,62.01600710693946,56.01600710693946,0.8253521126760563,True
클래식 발레여행,무용(서양/한국무용),경인,고양어울림누리,1.0,1,366.0,366.0,0.0,0.0,8,0.8357585845839933,0.39640418670211003,0.9527017830406969,62.01600710693946,56.01600710693946,0.8253521126760563,True
제2회 경기소리 휘몰이잡가 이수자 발표회,한국음악(국악),경인,고양어울림누리,1.0,1,366.0,366.0,0.0,0.0,8,0.8357585845839933,0.39640418670211003,0.9527017830406969,62.01600710693946,56.01600710693946,0.8253521126760563,True
한여름밤의 꿈 (Midsummer Night's Dream),서양음악(클래식),경인,고양어울림누리,1.0,1,366.0,366.0,0.0,0.0,8,0.8357585845839933,0.39640418670211003,0.9527017830406969,62.01600710693946,56.01600710693946,0.8253521126760563,True
사랑나눔 행복의 콘서트,서양음악(클래식),경인,고양어울림누리,1.0,1,366.0,366.0,0.0,0.0,8,0.8357585845839933,0.39640418670211003,0.9527017830406969,62.01600710693946,56.01600710693946,0.8253521126760563,True
안전문화콘서트,대중음악,경인,고양어울림누리,1.0,1,366.0,366.0,0.0,0.0,8,0.8357585845839933,0.39640418670211003,0.9527017830406969,62.01600710693946,56.01600710693946,0.8253521126760563,True
제3회 배재 OB 남성 합창단 정기공연,서양음악(클래식),경인,고양어울림누리,1.0,1,366.0,366.0,0.0,0.0,8,0.8357585845839933,0.39640418670211003,0.9527017830406969,62.01600710693946,56.01600710693946,0.8253521126760563,True
민플릇 오케스트라 정기연주,서양음악(클래식),경인,고양어울림누리,1.0,1,366.0,366.0,0.0,0.0,8,0.8357585845839933,0.39640418670211003,0.9527017830406969,62.01600710693946,56.01600710693946,0.8253521126760563,True
"제51회 어버이날 기념, 한살매 합창단 가족 초청 음악회",서양음악(클래식),경인,고양어울림누리,1.0,1,366.0,366.0,0.0,0.0,8,0.8357585845839933,0.39640418670211003,0.9527017830406969,62.01600710693946,56.01600710693946,0.8253521126760563,True
금수SHOW,뮤지컬,경인,고양어울림누리,1.0,1,366.0,366.0,0.0,0.0,8,0.8357585845839933,0.39640418670211003,0.9527017830406969,62.01600710693946,56.01600710693946,0.8253521126760563,True
동요콘서트,서양음악(클래식),경인,고양어울림누리,1.0,1,366.0,366.0,0.0,0.0,8,0.8357585845839933,0.39640418670211003,0.9527017830406969,62.01600710693946,56.01600710693946,0.8253521126760563,True
AFTERSHOCK7 (애프터쇼크7),대중무용,경인,고양어울림누리,1.0,1,366.0,366.0,0.0,0.0,8,0.8357585845839933,0.39640418670211003,0.9527017830406969,62.01600710693946,56.01600710693946,0.8253521126760563,True
Festival of Dance,무용(서양/한국무용),경인,고양어울림누리,1.0,1,366.0,366.0,0.0,0.0,8,0.8357585845839933,0.39640418670211003,0.9527017830406969,62.01600710693946,56.01600710693946,0.8253521126760563,True
GTG 청소년오케스트라 정기 연주회,서양음악(클래식),경인,고양어울림누리,1.0,1,366.0,366.0,0.0,0.0,8,0.8357585845839933,0.39640418670211003,0.9527017830406969,62.01600710693946,56.01600710693946,0.8253521126760563,True
경기이룸학교 고양소리톡! 성과발표회,대중음악,경인,고양어울림누리,1.0,1,366.0,366.0,0.0,0.0,8,0.8357585845839933,0.39640418670211003,0.9527017830406969,62.01600710693946,56.01600710693946,0.8253521126760563,True
고양시민과 함께하는 송년 자선음악회,대중음악,경인,고양어울림누리,1.0,1,366.0,366.0,0.0,0.0,8,0.8357585845839933,0.39640418670211003,0.9527017830406969,62.01600710693946,56.01600710693946,0.8253521126760563,True
고양특례시 영재발굴을 위한 우수학생 연주회,서양음악(클래식),경인,고양어울림누리,1.0,1,366.0,366.0,0.0,0.0,8,0.8357585845839933,0.39640418670211003,0.9527017830406969,62.01600710693946,56.01600710693946,0.8253521126760563,True
"고양호수청소년 오케스트라, 협주곡의 밤 [고양]",서양음악(클래식),경인,고양어울림누리,1.0,1,366.0,366.0,0.0,0.0,8,0.8357585845839933,0.39640418670211003,0.9527017830406969,62.01600710693946,56.01600710693946,0.8253521126760563,True
고양호수청소년오케스트라 정기연주회,서양음악(클래식),경인,고양어울림누리,1.0,1,366.0,366.0,0.0,0.0,8,0.8357585845839933,0.39640418670211003,0.9527017830406969,62.01600710693946,56.01600710693946,0.8253521126760563,True
꿈나무 음악회,서양음악(클래식),경인,고양어울림누리,1.0,1,366.0,366.0,0.0,0.0,8,0.8357585845839933,0.39640418670211003,0.9527017830406969,62.01600710693946,56.01600710693946,0.8253521126760563,True
"이야기를 들려주는 청소년음악회 시리즈 Ⅰ, 슈필스트링오케스트라 고울어린이합창단",서양음악(클래식),경인,고양어울림누리,1.0,1,366.0,366.0,0.0,0.0,8,0.8357585845839933,0.39640418670211003,0.9527017830406969,62.01600710693946,56.01600710693946,0.8253521126760563,True
제7회 고양혼성합창단 정기연주회: 가을 담은 노래,서양음악(클래식),경인,고양어울림누리,1.0,1,366.0,366.0,0.0,0.0,8,0.8357585845839933,0.39640418670211003,0.9527017830406969,62.01600710693946,56.01600710693946,0.8253521126760563,True
뮤즈여성합창단/칸토르합창단 정기연주회,서양음악(클래식),경인,고양어울림누리,1.0,1,366.0,366.0,0.0,0.0,8,0.8357585845839933,0.39640418670211003,0.9527017830406969,62.01600710693946,56.01600710693946,0.8253521126760563,True
제18회 김권수와 고양특례시민이 함께하는 국악의 향연: 휘몰이잡가 전승공연 [고양],한국음악(국악),경인,고양어울림누리,1.0,1,366.0,366.0,0.0,0.0,8,0.8357585845839933,0.39640418670211003,0.9527017830406969,62.01600710693946,56.01600710693946,0.8253521126760563,True
제1회 루체혼성합창단 정기연주회: 기다림 & 설레임,서양음악(클래식),경인,고양어울림누리,1.0,1,366.0,366.0,0.0,0.0,8,0.8357585845839933,0.39640418670211003,0.9527017830406969,62.01600710693946,56.01600710693946,0.8253521126760563,True
제3회 해브바이올린 정기연주회 [고양],서양음악(클래식),경인,고양어울림누리,1.0,1,366.0,366.0,0.0,0.0,8,0.8357585845839933,0.39640418670211003,0.9527017830406969,62.01600710693946,56.01600710693946,0.8253521126760563,True
제5회 고양레이디스싱어즈 정기연주회,서양음악(클래식),경인,고양어울림누리,1.0,1,366.0,366.0,0.0,0.0,8,0.8357585845839933,0.39640418670211003,0.9527017830406969,62.01600710693946,56.01600710693946,0.8253521126760563,True
지휘자 양진모와 함께하는 오페라가 영화를 만날 때,서양음악(클래식),경인,고양어울림누리,1.0,1,366.0,366.0,0.0,0.0,8,0.8357585845839933,0.39640418670211003,0.9527017830406969,62.01600710693946,56.01600710693946,0.8253521126760563,True
"제41회 아첼청소년오케스트라 정기연주회, 아첼청소년 어울림음악회",서양음악(클래식),경인,고양어울림누리,1.0,1,366.0,366.0,0.0,0.0,8,0.8357585845839933,0.39640418670211003,0.9527017830406969,62.01600710693946,56.01600710693946,0.8253521126760563,True
뻔 (fun) 한 사랑이야기 1: 사랑은 돌아오는거야~,서양음악(클래식),경인,고양어울림누리,1.0,1,366.0,366.0,0.0,0.0,8,0.8357585845839933,0.39640418670211003,0.9527017830406969,62.01600710693946,56.01600710693946,0.8253521126760563,True
제2회 주아비발레학원 정기공연,무용(서양/한국무용),경인,고양어울림누리,1.0,1,366.0,366.0,0.0,0.0,8,0.8357585845839933,0.39640418670211003,0.9527017830406969,62.01600710693946,56.01600710693946,0.8253521126760563,True
그라티아 오케스트라 정기연주회,서양음악(클래식),경인,고양어울림누리,1.0,1,366.0,366.0,0.0,0.0,8,0.8357585845839933,0.39640418670211003,0.9527017830406969,62.01600710693946,56.01600710693946,0.8253521126760563,True
"제42회 대한민국연극제, 암중모색 [경기도]",연극,경인,고양어울림누리,1.0,1,366.0,366.0,0.0,0.0,8,0.8357585845839933,0.39640418670211003,0.9527017830406969,62.01600710693946,56.01600710693946,0.8253521126760563,True
제6회 GTG 청소년오케스트라 정기연주회,서양음악(클래식),경인,고양어울림누리,1.0,1,366.0,366.0,0.0,0.0,8,0.8357585845839933,0.39640418670211003,0.9527017830406969,62.01600710693946,56.01600710693946,0.8253521126760563,True
포도나무여성콰이어 정기연주회,서양음악(클래식),경인,고양어울림누리,1.0,1,366.0,366.0,0.0,0.0,8,0.8357585845839933,0.39640418670211003,0.9527017830406969,62.01600710693946,56.01600710693946,0.8253521126760563,True
이나라 제자연주회,서양음악(클래식),경인,고양어울림누리,1.0,1,366.0,366.0,0.0,0.0,8,0.8357585845839933,0.39640418670211003,0.9527017830406969,62.01600710693946,56.01600710693946,0.8253521126760563,True
"희망을 노래하다, 사랑나눔 행복의 콘서트 [고양]",서양음악(클래식),경인,고양어울림누리,1.0,1,366.0,366.0,0.0,0.0,8,0.8357585845839933,0.39640418670211003,0.9527017830406969,62.01600710693946,56.01600710693946,0.8253521126760563,True
더 클래식 이야기 [고양],서양음악(클래식),경인,고양어울림누리,1.0,1,366.0,366.0,0.0,0.0,8,0.8357585845839933,0.39640418670211003,0.9527017830406969,62.01600710693946,56.01600710693946,0.8253521126760563,True
제10회 정기연주회,서양음악(클래식),경인,고양어울림누리,1.0,1,366.0,366.0,0.0,0.0,8,0.8357585845839933,0.39640418670211003,0.9527017830406969,62.01600710693946,56.01600710693946,0.8253521126760563,True
제31회 국악대공연 [고양],한국음악(국악),경인,고양어울림누리,1.0,1,366.0,366.0,0.0,0.0,8,0.8357585845839933,0.39640418670211003,0.9527017830406969,62.01600710693946,56.01600710693946,0.8253521126760563,True
제2회 런앤플레이 정기공연,대중무용,경인,고양어울림누리,1.0,1,366.0,366.0,0.0,0.0,8,0.8357585845839933,0.39640418670211003,0.9527017830406969,62.01600710693946,56.01600710693946,0.8253521126760563,True
"강동예술인페스티벌, 강동음악협회",서양음악(클래식),서울,강동아트센터,0.8141,1,692.0,692.0,0.0,0.0,7,0.5051010819663329,0.49272176655738276,0.9527017830406969,50.01124642396195,56.01124642396195,0.6703910614525139,True
"KBS교향악단 특별연주회, 현악 8중주 [포항]",서양음악(클래식),영남,포항문화예술회관,1.0,1,264.0,264.0,0.0,0.0,4,0.8357585845839933,0.34124419610018364,0.9527017830406969,58.40830686850279,56.01113869450024,0.7658730158730159,True
"목요아트살롱, 멜로어썸과 함께하는 가을밤 Healing Concert",서양음악(클래식),영남,동래문화회관,0.9762,1,493.0,493.0,0.0,0.0,5,0.7039761591537573,0.44040161045116377,0.9527017830406969,58.35449705459476,55.95732888059221,0.7633928571428571,True
"목요아트살롱, 송상현의 붉은 충절",한국음악(국악),영남,동래문화회관,0.9762,1,493.0,493.0,0.0,0.0,5,0.7039761591537573,0.44040161045116377,0.9527017830406969,58.35449705459476,55.95732888059221,0.7633928571428571,True
"목요아트살롱, 원잇의 데이트",서양음악(클래식),영남,동래문화회관,0.9762,1,493.0,493.0,0.0,0.0,5,0.7039761591537573,0.44040161045116377,0.9527017830406969,58.35449705459476,55.95732888059221,0.7633928571428571,True
"목요아트살롱, Fantasy: 클래식으로의 여정",서양음악(클래식),영남,동래문화회관,0.9762,1,493.0,493.0,0.0,0.0,5,0.7039761591537573,0.44040161045116377,0.9527017830406969,58.35449705459476,55.95732888059221,0.7633928571428571,True
이순신의 바다 [부산],뮤지컬,영남,동래문화회관,0.84655,2,855.0,427.5,0.0,0.0,5,0.5353451284667221,0.6640554813943018,0.9527017830406969,58.3528482790167,55.955680105014146,0.7609126984126984,True
"센티토클래식 앙상블 창단 음악회, 인상주의 작곡가 시리즈 Ⅰ",서양음악(클래식),서울,꿈의숲아트센터,0.9302,1,280.0,280.0,0.0,0.0,8,0.6361451929014418,0.34734824690685606,0.9527017830406969,49.9389945676613,55.9389945676613,0.6689944134078212,True
피아노 협주곡의 밤,서양음악(클래식),서울,꿈의숲아트센터,0.9302,1,280.0,280.0,0.0,0.0,8,0.6361451929014418,0.34734824690685606,0.9527017830406969,49.9389945676613,55.9389945676613,0.6689944134078212,True
두들팝 [익산],뮤지컬,호남,솜리문화예술회관,0.8759,1,487.0,487.0,0.0,0.0,5,0.5641125459768572,0.438999169842358,0.9527017830406969,51.02757559517439,55.86198591551483,0.7192513368983957,True
아리랑 판!,한국음악(국악),충청,충주시문화회관,0.9404,1,836.0,836.0,0.0,0.0,1,0.6519182752973394,0.5123034627984023,0.9527017830406969,59.20069565574407,55.84452401915197,0.7546296296296297,True
제24회 풀이 정기공연,한국음악(국악),서울,꿈의숲아트센터,0.9329,1,264.0,264.0,0.0,0.0,8,0.6405616559722931,0.34124419610018364,0.9527017830406969,49.79235557885022,55.79235557885022,0.6675977653631285,True
도둑배우 [논산],연극,충청,논산아트센터(구. 논산문화예술회관),0.975,1,546.0,546.0,0.0,0.0,5,0.701962574167047,0.45745392143078145,0.9527017830406969,59.14626389857857,55.790092261986466,0.7476851851851852,True
"다원예술연합회 동음, 릴랙싱 재즈 콘서트",대중음악,충청,논산아트센터(구. 논산문화예술회관),0.975,1,546.0,546.0,0.0,0.0,5,0.701962574167047,0.45745392143078145,0.9527017830406969,59.14626389857857,55.790092261986466,0.7476851851851852,True
마당극을 품은 오페라2 [충주(앵콜)],서양음악(클래식),충청,충주시문화회관,0.9393,1,835.0,835.0,0.0,0.0,1,0.6499852337100974,0.5119469818162863,0.9527017830406969,59.0788576351646,55.7226859985725,0.7407407407407407,True
제169회 경상북도 도립국악단 정기연주회: 송년음악회,한국음악(국악),영남,경북고령대가야문화누리 (구. 대가야국악당),0.9483,1,605.0,605.0,0.0,0.0,4,0.6634628292211453,0.47609103407647346,0.9527017830406969,58.09863900645686,55.701470832454305,0.7599206349206349,True
"강동예술인페스티벌, 강동아트시민연극, 만선",연극,서울,강동아트센터,0.944,1,236.0,236.0,0.0,0.0,7,0.6560662603699626,0.3275209441141591,0.9527017830406969,49.68945726414986,55.68945726414986,0.6652700186219739,True
"강동예술인페스티벌, 특별한 방문자",연극,서울,강동아트센터,0.944,1,236.0,236.0,0.0,0.0,7,0.6560662603699626,0.3275209441141591,0.9527017830406969,49.68945726414986,55.68945726414986,0.6652700186219739,True
음고지신,서양음악(클래식),서울,강동아트센터,0.944,1,236.0,236.0,0.0,0.0,7,0.6560662603699626,0.3275209441141591,0.9527017830406969,49.68945726414986,55.68945726414986,0.6652700186219739,True
제3회 서울컨벤션고등학교 미디어사운드과 정기공연,대중음악,서울,강동아트센터,0.944,1,236.0,236.0,0.0,0.0,7,0.6560662603699626,0.3275209441141591,0.9527017830406969,49.68945726414986,55.68945726414986,0.6652700186219739,True
옹녀전 [고창],한국음악(국악),호남,고창문화의전당,0.67733333,3,1270.0,423.33,0.0,0.0,2,0.3942062447982388,0.7435056452294909,0.9527017830406969,50.809837745413446,55.644248065753885,0.7165775401069518,True
피아노 선생님이 들려주는 국악이야기,한국음악(국악),영남,김해서부문화센터,0.9407,1,650.0,650.0,0.0,0.0,5,0.6529787633903401,0.48600322408169483,0.9527017830406969,58.02232059769599,55.625152423693436,0.7589285714285714,True
"로맨스 풍류 클래식: 춘향, 그리고...",서양음악(클래식),경인,인천학생교육문화회관,0.9899,1,586.0,586.0,0.0,0.0,5,0.7421000349021397,0.4660380800218643,0.9527017830406969,61.609265749513916,55.609265749513916,0.795774647887324,True
새로운 시작 희망의 신춘음악회,서양음악(클래식),경인,인천학생교육문화회관,0.9899,1,586.0,586.0,0.0,0.0,5,0.7421000349021397,0.4660380800218643,0.9527017830406969,61.609265749513916,55.609265749513916,0.795774647887324,True
"알아두면 쓸데있는 신나는 클래식, 알쓸신클 [인천]",서양음악(클래식),경인,인천학생교육문화회관,0.9899,1,586.0,586.0,0.0,0.0,5,0.7421000349021397,0.4660380800218643,0.9527017830406969,61.609265749513916,55.609265749513916,0.795774647887324,True
인천시민과 함께하는 우리가락 우리춤,한국음악(국악),경인,인천학생교육문화회관,0.9899,1,586.0,586.0,0.0,0.0,5,0.7421000349021397,0.4660380800218643,0.9527017830406969,61.609265749513916,55.609265749513916,0.795774647887324,True
제11회 흑과백 그 아름다운 동행,서양음악(클래식),영남,수성아트피아,0.8837,2,532.0,266.0,0.0,0.0,3,0.5713077563293688,0.5931592653353877,0.9527017830406969,57.99500625487396,55.597838080871405,0.7579365079365079,True
남양주시립합창단 기획연주회: 클래식 세계여행,서양음악(클래식),경인,다산아트홀,0.86426667,3,1100.0,366.67,0.0,0.0,2,0.5526351115526082,0.7247922031110415,0.9527017830406969,61.59542975700546,55.59542975700546,0.7934272300469484,True
제5회 마루한 필하모닉 오케스트라 정기연주회: 세레나데,서양음악(클래식),영남,대구콘서트하우스,1.0,1,248.0,248.0,0.0,0.0,7,0.8357585845839933,0.3342465384256298,0.9527017830406969,57.92623142546911,55.52906325146656,0.748015873015873,True
김희수 트럼펫 리사이틀,서양음악(클래식),영남,대구콘서트하우스,1.0,1,248.0,248.0,0.0,0.0,7,0.8357585845839933,0.3342465384256298,0.9527017830406969,57.92623142546911,55.52906325146656,0.748015873015873,True
이송희 피아노 독주회: 빈으로부터의 로맨틱 스펙터클,서양음악(클래식),영남,대구콘서트하우스,1.0,1,248.0,248.0,0.0,0.0,7,0.8357585845839933,0.3342465384256298,0.9527017830406969,57.92623142546911,55.52906325146656,0.748015873015873,True
제3회 Violin Young Artist Concert,서양음악(클래식),영남,대구콘서트하우스,1.0,1,248.0,248.0,0.0,0.0,7,0.8357585845839933,0.3342465384256298,0.9527017830406969,57.92623142546911,55.52906325146656,0.748015873015873,True
최서윤 바이올린 독주회,서양음악(클래식),영남,대구콘서트하우스,1.0,1,248.0,248.0,0.0,0.0,7,0.8357585845839933,0.3342465384256298,0.9527017830406969,57.92623142546911,55.52906325146656,0.748015873015873,True
"대구콘서트하우스, Op.10: 영호남 달빛동맹: 광주 솔로이스츠",서양음악(클래식),영남,대구콘서트하우스,1.0,1,248.0,248.0,0.0,0.0,7,0.8357585845839933,0.3342465384256298,0.9527017830406969,57.92623142546911,55.52906325146656,0.748015873015873,True
"대구시립교향악단, 실내악의 발견 Ⅰ. 체임버 시리즈 ③ 듀엣에서 퀸텟까지",서양음악(클래식),영남,대구콘서트하우스,1.0,1,248.0,248.0,0.0,0.0,7,0.8357585845839933,0.3342465384256298,0.9527017830406969,57.92623142546911,55.52906325146656,0.748015873015873,True
"대구시립교향악단, 실내악의 발견 Ⅱ. 체임버 시리즈 ⑦ 고전 산책",서양음악(클래식),영남,대구콘서트하우스,1.0,1,248.0,248.0,0.0,0.0,7,0.8357585845839933,0.3342465384256298,0.9527017830406969,57.92623142546911,55.52906325146656,0.748015873015873,True
유지영 귀국 피아노 리사이틀 [대구],서양음악(클래식),영남,대구콘서트하우스,1.0,1,248.0,248.0,0.0,0.0,7,0.8357585845839933,0.3342465384256298,0.9527017830406969,57.92623142546911,55.52906325146656,0.748015873015873,True
박서현 바이올린 독주회 [대구],서양음악(클래식),영남,대구콘서트하우스,1.0,1,248.0,248.0,0.0,0.0,7,0.8357585845839933,0.3342465384256298,0.9527017830406969,57.92623142546911,55.52906325146656,0.748015873015873,True
"대구시립교향악단, 실내악의 발견 Ⅰ. 체임버 시리즈 ① 앙상블의 매력",서양음악(클래식),영남,대구콘서트하우스,1.0,1,248.0,248.0,0.0,0.0,7,0.8357585845839933,0.3342465384256298,0.9527017830406969,57.92623142546911,55.52906325146656,0.748015873015873,True
"대구시립교향악단, 실내악의 발견 Ⅰ. 체임버 시리즈 ④ 실내악과 춤을",서양음악(클래식),영남,대구콘서트하우스,1.0,1,248.0,248.0,0.0,0.0,7,0.8357585845839933,0.3342465384256298,0.9527017830406969,57.92623142546911,55.52906325146656,0.748015873015873,True
"대구시립교향악단, 실내악의 발견 Ⅱ. 체임버 시리즈 ⑧ 더블베이스 이효선 리사이틀",서양음악(클래식),영남,대구콘서트하우스,1.0,1,248.0,248.0,0.0,0.0,7,0.8357585845839933,0.3342465384256298,0.9527017830406969,57.92623142546911,55.52906325146656,0.748015873015873,True
제5회 앙상블 보아즈 정기연주회: THE BOAZ,서양음악(클래식),영남,대구콘서트하우스,1.0,1,248.0,248.0,0.0,0.0,7,0.8357585845839933,0.3342465384256298,0.9527017830406969,57.92623142546911,55.52906325146656,0.748015873015873,True
"대구시립교향악단, 실내악의 발견 Ⅱ. 체임버 시리즈 ⑥ 궁정의 실내악",서양음악(클래식),영남,대구콘서트하우스,1.0,1,248.0,248.0,0.0,0.0,7,0.8357585845839933,0.3342465384256298,0.9527017830406969,57.92623142546911,55.52906325146656,0.748015873015873,True
"호은 주운숙 명창, 동초제 수궁가 완창 발표회 [대구]",한국음악(국악),영남,대구콘서트하우스,1.0,1,248.0,248.0,0.0,0.0,7,0.8357585845839933,0.3342465384256298,0.9527017830406969,57.92623142546911,55.52906325146656,0.748015873015873,True
세계로! 미래로! 경북예술고등학교 동문음악회 [대구],서양음악(클래식),영남,대구콘서트하우스,1.0,1,248.0,248.0,0.0,0.0,7,0.8357585845839933,0.3342465384256298,0.9527017830406969,57.92623142546911,55.52906325146656,0.748015873015873,True
"대구시립교향악단, 실내악의 발견 Ⅰ. 체임버 시리즈 ② 고전적이고, 낭만적으로",서양음악(클래식),영남,대구콘서트하우스,1.0,1,248.0,248.0,0.0,0.0,7,0.8357585845839933,0.3342465384256298,0.9527017830406969,57.92623142546911,55.52906325146656,0.748015873015873,True
"대구시립교향악단, 실내악의 발견 Ⅱ. 체임버 시리즈 ⑤ 호른 임주연 & 바순 최윤경 듀오 리사이틀",서양음악(클래식),영남,대구콘서트하우스,1.0,1,248.0,248.0,0.0,0.0,7,0.8357585845839933,0.3342465384256298,0.9527017830406969,57.92623142546911,55.52906325146656,0.748015873015873,True
"ACC 수요극장, 국립현대무용단 댄스필름 3편",무용(서양/한국무용),호남,국립아시아문화전당,0.9597,1,238.0,238.0,0.0,0.0,6,0.676967272532016,0.3282387149035739,0.9527017830406969,50.67765674595515,55.512067066295586,0.713903743315508,True
"양산시립합창단 정기연주회, 황산 꽃이 피었습니다",서양음악(클래식),영남,양산문화예술회관,0.9322,1,742.0,742.0,0.0,0.0,5,0.6390179074824818,0.4994391535427617,0.9527017830406969,57.902971488684905,55.50580331468235,0.7375992063492064,True
양산시립합창단 정기연주회,서양음악(클래식),영남,양산문화예술회관,0.9322,1,742.0,742.0,0.0,0.0,5,0.6390179074824818,0.4994391535427617,0.9527017830406969,57.902971488684905,55.50580331468235,0.7375992063492064,True
제3회 꿈의 오케스트라 청송 정기연주회,서양음악(클래식),영남,청송군문화예술회관,0.9837,1,423.0,423.0,0.0,0.0,1,0.7185545144575401,0.41855448669060846,0.9527017830406969,57.886412362001415,55.489244187998864,0.7351190476190477,True
"국립합창단, 영화음악 여행 [청송]",서양음악(클래식),영남,청송군문화예술회관,0.9837,1,423.0,423.0,0.0,0.0,1,0.7185545144575401,0.41855448669060846,0.9527017830406969,57.886412362001415,55.489244187998864,0.7351190476190477,True
아비 [경북 청송],연극,영남,청송군문화예술회관,0.9837,1,423.0,423.0,0.0,0.0,1,0.7185545144575401,0.41855448669060846,0.9527017830406969,57.886412362001415,55.489244187998864,0.7351190476190477,True
"고양시립예술단 교류음악회, 필리핀 퀘죤 시티 합창단 초청 연주",서양음악(클래식),경인,고양어울림누리,0.9442,1,1218.0,1218.0,0.0,0.0,8,0.6567374553655327,0.5570020727239056,0.9527017830406969,61.48622019561866,55.48622019561866,0.792018779342723,True
광개토 송년음악회,대중음악,경인,고양어울림누리,0.9442,1,1218.0,1218.0,0.0,0.0,8,0.6567374553655327,0.5570020727239056,0.9527017830406969,61.48622019561866,55.48622019561866,0.792018779342723,True
예풍지예풍 (禮風之藝風) : 예산에서 불어오는 예술과 풍류의 바람 [예산],한국음악(국악),충청,예산문예회관,0.9784,1,499.0,499.0,0.0,0.0,4,0.7102853921121164,0.44310652610463097,0.9527017830406969,58.81159912936332,55.45542749277122,0.7361111111111112,True
가야금 12현의 마법 [대구],한국음악(국악),영남,대구서구문화회관,0.9779,1,442.0,442.0,0.0,0.0,3,0.7096410449163691,0.4255013544301902,0.9527017830406969,57.8340511501462,55.43688297614365,0.7331349206349206,True
정조테마공연장 1주년 개관 기념공연 [수원],한국음악(국악),경인,정조테마공연장,1.0039,1,259.0,259.0,0.0,0.0,3,0.911133782586517,0.33974027761219666,0.9527017830406969,61.40561772711519,55.40561772711519,0.7906103286384977,True
"ACC 수요극장, 마술피리",서양음악(클래식),호남,국립아시아문화전당,0.9556,1,237.0,237.0,0.0,0.0,6,0.6726984723601901,0.32793931097590406,0.9527017830406969,50.46725191403174,55.30166223437218,0.7112299465240641,True
늦봄의 길 [부천],뮤지컬,경인,복사골문화센터,0.9906,1,526.0,526.0,0.0,0.0,3,0.7497516578516391,0.452963780146715,0.9527017830406969,61.288056740159625,55.288056740159625,0.7896713615023474,True
"전태일, 네 이름은 무엇이냐 [광명]",연극,경인,광명시민회관,0.9906,1,525.0,525.0,0.0,0.0,7,0.7497516578516391,0.4528340780927108,0.9527017830406969,61.28103642626165,55.28103642626165,0.7887323943661971,True
"아르코 댄스 & 커넥션, 전혁진: Extinction Ver.2",무용(서양/한국무용),서울,아르코예술극장,0.83185,2,183.0,91.5,0.0,0.0,2,0.5207130775632937,0.453525228077863,0.9527017830406969,49.27194101331912,55.27194101331912,0.6629422718808193,True
"제32회 젊은연극제, 예원예술대학교 연극영화과: 해무",연극,서울,서강대 메리홀,0.835,2,167.0,83.5,0.0,0.0,1,0.5253845947324617,0.44746432068632525,0.9527017830406969,49.270817180147745,55.270817180147745,0.6620111731843575,True
우린 쓰레기가 싫어요 [제주 서귀포],뮤지컬,제주,서귀포예술의전당,0.9211,2,350.0,175.0,0.0,0.0,5,0.6230031948881789,0.5311330188636713,0.9527017830406969,58.44878459008855,55.265224484497196,0.6483516483516484,True
3H와 함께하는 대한민국 힐링콘서트 [고양],대중음악,경인,고양종합운동장,0.9024,1,38803.0,38803.0,0.0,0.0,0,0.5944639836765377,0.6393202063897381,0.9527017830406969,61.20158940107325,55.20158940107325,0.787793427230047,True
"제851회 전남도립국악단 토요가무악희 시즌1, 그린국악",한국음악(국악),호남,남도소리울림터,0.8656,1,483.0,483.0,0.0,0.0,1,0.5536016323462293,0.43707453956273457,0.9527017830406969,50.366366421230246,55.200776741570685,0.7085561497326203,True
"제2회 춤그리다 무용단 정기공연, 피어오르는 우리들의 이야기 [부산]",무용(서양/한국무용),영남,부산예술회관,1.0,1,240.0,240.0,0.0,0.0,4,0.8357585845839933,0.32948130914840684,0.9527017830406969,57.59447460817576,55.19730643417321,0.7321428571428571,True
"솔로이스츠 시리즈 여름 콘서트, Summer Classical Guitar Concert",서양음악(클래식),서울,꿈의숲아트센터,0.9203,1,277.0,277.0,0.0,0.0,8,0.6221977608934948,0.3456582459852369,0.9527017830406969,49.18309278661512,55.18309278661512,0.6610800744878957,True
"제17회 DIMF 스타데이트, 신영숙 배우",뮤지컬,영남,대구문화예술회관,1.0,1,239.0,239.0,0.0,0.0,2,0.8357585845839933,0.3286034541356915,0.9527017830406969,57.53304463692317,55.13587646292062,0.7286706349206349,True
제30회 대구레이디스코러스 정기연주회,서양음악(클래식),영남,대구문화예술회관,1.0,1,239.0,239.0,0.0,0.0,2,0.8357585845839933,0.3286034541356915,0.9527017830406969,57.53304463692317,55.13587646292062,0.7286706349206349,True
영남대학교 실용무용페스티벌,무용(서양/한국무용),영남,대구문화예술회관,1.0,1,239.0,239.0,0.0,0.0,2,0.8357585845839933,0.3286034541356915,0.9527017830406969,57.53304463692317,55.13587646292062,0.7286706349206349,True
"민정민 가야금병창 네번째, 담다",한국음악(국악),영남,대구문화예술회관,1.0,1,239.0,239.0,0.0,0.0,2,0.8357585845839933,0.3286034541356915,0.9527017830406969,57.53304463692317,55.13587646292062,0.7286706349206349,True
예가 입상자 콘서트 [대구],서양음악(클래식),영남,대구문화예술회관,1.0,1,239.0,239.0,0.0,0.0,2,0.8357585845839933,0.3286034541356915,0.9527017830406969,57.53304463692317,55.13587646292062,0.7286706349206349,True
제26회 전국차세대 안무가전,무용(서양/한국무용),영남,대구문화예술회관,1.0,1,239.0,239.0,0.0,0.0,2,0.8357585845839933,0.3286034541356915,0.9527017830406969,57.53304463692317,55.13587646292062,0.7286706349206349,True
"제10회 충주시민 한마음음악회, 더 팬텀 오브 포 맨 [충주]",서양음악(클래식),충청,충주시문화회관,0.9325,1,829.0,829.0,0.0,0.0,1,0.6390850269820388,0.511152711807749,0.9527017830406969,58.44608875877194,55.08991712217984,0.7314814814814815,True
목은이색: 나라와 백성을 잇다,연극,영남,예주문화예술회관,1.0195,1,157.0,157.0,0.0,0.0,4,0.9174027438451419,0.2848897502147431,0.9527017830406969,57.465441887201216,55.068273713198664,0.7251984126984127,True
트럼보니스트 김재한과 함께하는 홈커밍 콘서트 3,서양음악(클래식),영남,밀양아리랑아트센터,1.0,1,236.0,236.0,0.0,0.0,7,0.8357585845839933,0.3275209441141591,0.9527017830406969,57.45715772179766,55.059989547795105,0.7232142857142857,True
피아니스트 박재홍과 함께하는 홈커밍 콘서트,서양음악(클래식),영남,밀양아리랑아트센터,1.0,1,236.0,236.0,0.0,0.0,7,0.8357585845839933,0.3275209441141591,0.9527017830406969,57.45715772179766,55.059989547795105,0.7232142857142857,True
피아니스트 김도현과 함께하는 홈커밍 콘서트 2,서양음악(클래식),영남,밀양아리랑아트센터,1.0,1,236.0,236.0,0.0,0.0,7,0.8357585845839933,0.3275209441141591,0.9527017830406969,57.45715772179766,55.059989547795105,0.7232142857142857,True
"강원특별자치도립국악관현악단, 신년음악회",한국음악(국악),기타,원주백운아트홀,0.8649,1,832.0,832.0,0.0,0.0,4,0.5530378285499503,0.5114743586201136,0.9527017830406969,53.60217962493843,54.956469577935245,0.7974683544303798,True
임누리 바이올린 독주회,서양음악(클래식),서울,예술의전당 [서울],0.8983,1,318.0,318.0,0.0,0.0,10,0.585631057534835,0.373606073118409,0.9527017830406969,48.92603606977059,54.92603606977059,0.660148975791434,True
"남양주시립합창단 기획연주회, 클래식 세계여행",서양음악(클래식),경인,다산아트홀,0.84946667,3,1180.0,393.33,0.0,0.0,2,0.5378956694498885,0.7333246033552052,0.9527017830406969,60.88878823180245,54.88878823180245,0.7868544600938967,True
초심,대중무용,경인,성남아트리움 (구. 성남시민회관),0.9783,1,631.0,631.0,0.0,0.0,10,0.7100303380137998,0.48305926109051345,0.9527017830406969,60.86481529534736,54.86481529534736,0.7854460093896714,True
제6회 우리소리 흥겨운 한마당,한국음악(국악),경인,성남아트리움 (구. 성남시민회관),0.9783,1,631.0,631.0,0.0,0.0,10,0.7100303380137998,0.48305926109051345,0.9527017830406969,60.86481529534736,54.86481529534736,0.7854460093896714,True
"제23회 월드 2인극 페스티벌, 자살도움회사",연극,서울,극장 동국,0.8415,2,138.0,69.0,0.0,0.0,1,0.5308481219964024,0.4302381276411873,0.9527017830406969,48.80515867801853,54.80515867801853,0.6559590316573557,True
"제23회 월드 2인극 페스티벌, 소고기쌀면",연극,서울,극장 동국,0.8415,2,138.0,69.0,0.0,0.0,1,0.5308481219964024,0.4302381276411873,0.9527017830406969,48.80515867801853,54.80515867801853,0.6559590316573557,True
"제23회 월드 2인극 페스티벌, 검은별",연극,서울,극장 동국,0.8415,2,138.0,69.0,0.0,0.0,1,0.5308481219964024,0.4302381276411873,0.9527017830406969,48.80515867801853,54.80515867801853,0.6559590316573557,True
"제23회 월드 2인극 페스티벌, SEX# : what is love?",연극,서울,극장 동국,0.8415,2,138.0,69.0,0.0,0.0,1,0.5308481219964024,0.4302381276411873,0.9527017830406969,48.80515867801853,54.80515867801853,0.6559590316573557,True
"제23회 월드 2인극 페스티벌, Scripted",연극,서울,극장 동국,0.8415,2,138.0,69.0,0.0,0.0,1,0.5308481219964024,0.4302381276411873,0.9527017830406969,48.80515867801853,54.80515867801853,0.6559590316573557,True
"제23회 월드 2인극 페스티벌, 에덴",연극,서울,극장 동국,0.8415,2,138.0,69.0,0.0,0.0,1,0.5308481219964024,0.4302381276411873,0.9527017830406969,48.80515867801853,54.80515867801853,0.6559590316573557,True
"제23회 월드 2인극 페스티벌: 신, SIN",연극,서울,극장 동국,0.8415,2,138.0,69.0,0.0,0.0,1,0.5308481219964024,0.4302381276411873,0.9527017830406969,48.80515867801853,54.80515867801853,0.6559590316573557,True
"제23회 월드2인극 페스티벌, 꿈꾸는 내가 좋앙!",연극,서울,극장 동국,0.8415,2,138.0,69.0,0.0,0.0,1,0.5308481219964024,0.4302381276411873,0.9527017830406969,48.80515867801853,54.80515867801853,0.6559590316573557,True
알라딘과 요술램프 [계룡],뮤지컬,충청,계룡문화예술의전당,0.8217,2,1180.0,590.0,0.0,0.0,2,0.5106317287298305,0.7065484600842759,0.9527017830406969,58.146216328037696,54.790044691445594,0.7268518518518519,True
제38회 아산시립합창단 정기연주회,서양음악(클래식),충청,아산시 평생학습관 (여성회관 아산아트홀),0.9725,1,495.0,495.0,0.0,0.0,4,0.6987139903884877,0.4410563228960041,0.9527017830406969,58.12691640297897,54.77074476638687,0.7222222222222222,True
글로벌 뮤직 투어: 뉴트로 리듬 [인천],대중음악,경인,트라이보울,0.9167,2,550.0,275.0,0.0,0.0,5,0.6147877681424008,0.5971620850676611,0.9527017830406969,60.767591165328795,54.767591165328795,0.784037558685446,True
제17회 DIMF 뮤지컬 인큐베이팅사업 리딩공연 1부,뮤지컬,영남,꿈꾸는씨어터,1.1667,1,140.0,140.0,0.0,0.0,1,0.9321824576475958,0.2744748775765629,0.9527017830406969,57.16123396633611,54.76406579233356,0.720734126984127,True
제17회 DIMF 뮤지컬 인큐베이팅사업 리딩공연 2부,뮤지컬,영남,꿈꾸는씨어터,1.1667,1,140.0,140.0,0.0,0.0,1,0.9321824576475958,0.2744748775765629,0.9527017830406969,57.16123396633611,54.76406579233356,0.720734126984127,True
"이나름의 한 걸음 프로젝트, 만월",한국음악(국악),경인,부평아트센터,1.0,1,323.0,323.0,0.0,0.0,10,0.8357585845839933,0.37584691268041426,0.9527017830406969,60.708975307770515,54.708975307770515,0.7821596244131456,True
뮤직 플로우 페스티벌 (8.30),대중음악,경인,부평아트센터,1.0,1,323.0,323.0,0.0,0.0,10,0.8357585845839933,0.37584691268041426,0.9527017830406969,60.708975307770515,54.708975307770515,0.7821596244131456,True
어린왕자에게 [인천 부평],뮤지컬,경인,부평아트센터,1.0,1,323.0,323.0,0.0,0.0,10,0.8357585845839933,0.37584691268041426,0.9527017830406969,60.708975307770515,54.708975307770515,0.7821596244131456,True
뉴비 스테이지 2 (Newbie Stage 2),한국음악(국악),호남,국립아시아문화전당,0.8652,1,443.0,443.0,0.0,0.0,6,0.5534539694472038,0.425745958263287,0.9527017830406969,49.8320917489134,54.66650206925384,0.7058823529411765,True
윤회매십전 [창원],무용(서양/한국무용),영남,진해문화센터(진해구민회관),0.9823,1,388.0,388.0,0.0,0.0,5,0.7166885923698553,0.4052492277669649,0.9527017830406969,57.054141313315654,54.6569731393131,0.7192460317460317,True
"제12회 흑과백 그 아름다운 동행, 박범철 가곡아카데미",서양음악(클래식),영남,수성아트피아,0.86875,2,523.0,261.5,0.0,0.0,3,0.5556420651327624,0.5915340389834342,0.9527017830406969,56.97298396684567,54.575815792843116,0.7182539682539683,True
"신년음악회, NEW START with 김소현, 손준호",뮤지컬,영남,대구서구문화회관,0.969,1,438.0,438.0,0.0,0.0,3,0.6935323650226863,0.42379371553900425,0.9527017830406969,56.9510643216673,54.55389614766475,0.7103174603174603,True
크리스마스 캐롤 콘서트 [대구],뮤지컬,영남,대구서구문화회관,0.969,1,438.0,438.0,0.0,0.0,3,0.6935323650226863,0.42379371553900425,0.9527017830406969,56.9510643216673,54.55389614766475,0.7103174603174603,True
"한국-스위스 수교 60주년 기념, 알프스 인 코리아 [대구]",서양음악(클래식),영남,대구서구문화회관,0.969,1,438.0,438.0,0.0,0.0,3,0.6935323650226863,0.42379371553900425,0.9527017830406969,56.9510643216673,54.55389614766475,0.7103174603174603,True
"마토콘서트, 하모나이즈콘서트: The Show Choir",대중음악,영남,대구서구문화회관,0.969,1,438.0,438.0,0.0,0.0,3,0.6935323650226863,0.42379371553900425,0.9527017830406969,56.9510643216673,54.55389614766475,0.7103174603174603,True
라이어 Ⅱ [대구],연극,영남,대구서구문화회관,0.969,1,438.0,438.0,0.0,0.0,3,0.6935323650226863,0.42379371553900425,0.9527017830406969,56.9510643216673,54.55389614766475,0.7103174603174603,True
기타 위너 라이징 스타 콘서트 [대구],서양음악(클래식),영남,대구서구문화회관,0.969,1,438.0,438.0,0.0,0.0,3,0.6935323650226863,0.42379371553900425,0.9527017830406969,56.9510643216673,54.55389614766475,0.7103174603174603,True
세종국악심포니오케스트라 & 김경호의 아리랑 목동 [대구],한국음악(국악),영남,대구서구문화회관,0.969,1,438.0,438.0,0.0,0.0,3,0.6935323650226863,0.42379371553900425,0.9527017830406969,56.9510643216673,54.55389614766475,0.7103174603174603,True
"마토콘서트, 웅산의 All That Jazz",대중음악,영남,대구서구문화회관,0.969,1,438.0,438.0,0.0,0.0,3,0.6935323650226863,0.42379371553900425,0.9527017830406969,56.9510643216673,54.55389614766475,0.7103174603174603,True
"서구愛마토콘서트, 댄싱마스터: 호세와 호리",무용(서양/한국무용),영남,대구서구문화회관,0.969,1,438.0,438.0,0.0,0.0,3,0.6935323650226863,0.42379371553900425,0.9527017830406969,56.9510643216673,54.55389614766475,0.7103174603174603,True
"송년음악회, 아듀!",뮤지컬,영남,대구서구문화회관,0.969,1,438.0,438.0,0.0,0.0,3,0.6935323650226863,0.42379371553900425,0.9527017830406969,56.9510643216673,54.55389614766475,0.7103174603174603,True
지오뮤직 [대구],뮤지컬,영남,대구서구문화회관,0.969,1,438.0,438.0,0.0,0.0,3,0.6935323650226863,0.42379371553900425,0.9527017830406969,56.9510643216673,54.55389614766475,0.7103174603174603,True
"서구愛마토콘서트: 주크박스 콘서트 with 이지훈, 리사, 선우",서양음악(클래식),영남,대구서구문화회관,0.969,1,438.0,438.0,0.0,0.0,3,0.6935323650226863,0.42379371553900425,0.9527017830406969,56.9510643216673,54.55389614766475,0.7103174603174603,True
"제30회 서구여성합창단 정기연주회, 나의 노래",서양음악(클래식),영남,대구서구문화회관,0.969,1,438.0,438.0,0.0,0.0,3,0.6935323650226863,0.42379371553900425,0.9527017830406969,56.9510643216673,54.55389614766475,0.7103174603174603,True
"서구愛마토콘서트, 마당놀이 오페라 춘향전",서양음악(클래식),영남,대구서구문화회관,0.969,1,438.0,438.0,0.0,0.0,3,0.6935323650226863,0.42379371553900425,0.9527017830406969,56.9510643216673,54.55389614766475,0.7103174603174603,True
페인터즈 [대구],뮤지컬,영남,대구서구문화회관,0.969,1,438.0,438.0,0.0,0.0,3,0.6935323650226863,0.42379371553900425,0.9527017830406969,56.9510643216673,54.55389614766475,0.7103174603174603,True
"강동예술인페스티벌, 강동국악협회",한국음악(국악),서울,강동아트센터,0.928,1,232.0,232.0,0.0,0.0,7,0.6313260128332483,0.3259800674112203,0.9527017830406969,48.465045921673514,54.465045921673514,0.6517690875232774,True
"남양주시립합창단, 해설이 있는 음악회: 올드팝으로 떠나는 세계여행",서양음악(클래식),경인,별빛도서관,1.0043,1,234.0,234.0,0.0,0.0,6,0.9112545976857197,0.3267470648251891,0.9527017830406969,60.46005216092736,54.46005216092736,0.780281690140845,True
"ACC 수요극장, 나부코",서양음악(클래식),호남,국립아시아문화전당,0.9435,1,234.0,234.0,0.0,0.0,6,0.6555293043735065,0.3267470648251891,0.9527017830406969,49.618078805414775,54.452489125755214,0.7032085561497327,True
K-water와 함께 행복을 水놓는 동행 콘서트,대중음악,영남,합천실내체육관,0.9001,1,1000.0,1000.0,0.0,0.0,0,0.5906247483018766,0.5346319947191684,0.9527017830406969,56.75563180037438,54.35846362637183,0.7023809523809523,True
장태현 & 권성욱 듀오 리사이틀 [대구],서양음악(클래식),영남,달서아트센터 (구. 웃는얼굴아트센터),1.0,1,212.0,212.0,0.0,0.0,6,0.8357585845839933,0.3174859678077355,0.9527017830406969,56.746400882184446,54.349232708181894,0.7013888888888888,True
현대자동차그룹 문화공헌 콘서트: 함께,서양음악(클래식),충청,세종예술의전당,0.9122,1,977.0,977.0,0.0,0.0,1,0.6114854887641957,0.5286279604005502,0.9527017830406969,57.68883188722762,54.33266025063552,0.7175925925925926,True
"모두예술극장 개관프로그램, 푸른 나비의 숲",뮤지컬,서울,모두예술극장,0.65636,5,850.0,170.0,0.0,0.0,0,0.3768894139125299,0.7012670254996664,0.9527017830406969,48.31497184487722,54.31497184487722,0.6508379888268156,True
"국립발레단 해설이 있는 전막발레, 돈키호테 [대구]",무용(서양/한국무용),영남,대구서구문화회관,0.9668,1,437.0,437.0,0.0,0.0,3,0.6890622063521894,0.42332206089772284,0.9527017830406969,56.705269516226366,54.308101342223814,0.6989087301587301,True
송년음악회 아듀! [대구],서양음악(클래식),영남,대구서구문화회관,0.9668,1,437.0,437.0,0.0,0.0,3,0.6890622063521894,0.42332206089772284,0.9527017830406969,56.705269516226366,54.308101342223814,0.6989087301587301,True
옹알스 히스토리 쇼 [대구],뮤지컬,영남,대구서구문화회관,0.9668,1,437.0,437.0,0.0,0.0,3,0.6890622063521894,0.42332206089772284,0.9527017830406969,56.705269516226366,54.308101342223814,0.6989087301587301,True
스윙재즈 with 더블리스 [대구],대중음악,영남,대구서구문화회관,0.9668,1,437.0,437.0,0.0,0.0,3,0.6890622063521894,0.42332206089772284,0.9527017830406969,56.705269516226366,54.308101342223814,0.6989087301587301,True
농악콘서트: 영(young)인전,한국음악(국악),서울,꿈의숲아트센터,0.9117,1,258.0,258.0,0.0,0.0,8,0.6110827717668537,0.33939825705490123,0.9527017830406969,48.29963702278607,54.29963702278607,0.6499068901303539,True
"SAC ON SCREEN, 달래이야기 [김해]",연극,영남,김해서부문화센터,0.9262,1,640.0,640.0,0.0,0.0,5,0.6287217762504362,0.48464304327778707,0.9527017830406969,56.65573719426401,54.25856902026146,0.6964285714285714,True
어우름 콘서트,서양음악(클래식),서울,영산아트홀,0.8244,1,493.0,493.0,0.0,0.0,4,0.512215748919376,0.44040161045116377,0.9527017830406969,48.21823573193697,54.21823573193697,0.648975791433892,True
노래하는 대한민국 [대구],대중음악,영남,수성아트피아,0.8956,1,1038.0,1038.0,0.0,0.0,3,0.5828791580529975,0.5418014613379518,0.9527017830406969,56.608700417561984,54.21153224355943,0.6954365079365079,True
"자살예방의 날 기념 공연, 유츄프라카치아 [안산]",연극,경인,안산문화예술의전당,0.9665,1,692.0,692.0,0.0,0.0,6,0.6878943270598974,0.49272176655738276,0.9527017830406969,60.19407374710136,54.19407374710136,0.7793427230046949,True
제6회 코리아아카데미오케스트라 정기연주회,서양음악(클래식),경인,성남아트리움 (구. 성남시민회관),0.9721,1,627.0,627.0,0.0,0.0,10,0.697989099793272,0.4818265223553733,0.9527017830406969,60.181840479350235,54.181840479350235,0.7732394366197183,True
제14회 아미쿠스 여성합창단 정기연주회,서양음악(클래식),경인,성남아트리움 (구. 성남시민회관),0.9721,1,627.0,627.0,0.0,0.0,10,0.697989099793272,0.4818265223553733,0.9527017830406969,60.181840479350235,54.181840479350235,0.7732394366197183,True
문화예술과함께하는시민문화공간,무용(서양/한국무용),경인,성남아트리움 (구. 성남시민회관),0.9721,1,627.0,627.0,0.0,0.0,10,0.697989099793272,0.4818265223553733,0.9527017830406969,60.181840479350235,54.181840479350235,0.7732394366197183,True
"박명숙의 춤 50년, 에미",무용(서양/한국무용),경인,성남아트리움 (구. 성남시민회관),0.9721,1,627.0,627.0,0.0,0.0,10,0.697989099793272,0.4818265223553733,0.9527017830406969,60.181840479350235,54.181840479350235,0.7732394366197183,True
제3회 코리아 크리스찬 필하모닉 오케스트라 정기연주회,서양음악(클래식),경인,성남아트리움 (구. 성남시민회관),0.9721,1,627.0,627.0,0.0,0.0,10,0.697989099793272,0.4818265223553733,0.9527017830406969,60.181840479350235,54.181840479350235,0.7732394366197183,True
제16회 경기교사필하모닉 오케스트라 정기연주회: Newtro,서양음악(클래식),경인,성남아트리움 (구. 성남시민회관),0.9721,1,627.0,627.0,0.0,0.0,10,0.697989099793272,0.4818265223553733,0.9527017830406969,60.181840479350235,54.181840479350235,0.7732394366197183,True
우리가락 흥겨운 한마당,한국음악(국악),경인,성남아트리움 (구. 성남시민회관),0.9721,1,627.0,627.0,0.0,0.0,10,0.697989099793272,0.4818265223553733,0.9527017830406969,60.181840479350235,54.181840479350235,0.7732394366197183,True
"이향우, 일흔번째 꽃을 피우다 [성남]",한국음악(국악),경인,성남아트리움 (구. 성남시민회관),0.9721,1,627.0,627.0,0.0,0.0,10,0.697989099793272,0.4818265223553733,0.9527017830406969,60.181840479350235,54.181840479350235,0.7732394366197183,True
모란장 전국가요제 결승전,대중음악,경인,성남아트리움 (구. 성남시민회관),0.9721,1,627.0,627.0,0.0,0.0,10,0.697989099793272,0.4818265223553733,0.9527017830406969,60.181840479350235,54.181840479350235,0.7732394366197183,True
제4회 콰이어 가이스트 정기연주회: 삶의 이야기를 부르는 합창,서양음악(클래식),경인,성남아트리움 (구. 성남시민회관),0.9721,1,627.0,627.0,0.0,0.0,10,0.697989099793272,0.4818265223553733,0.9527017830406969,60.181840479350235,54.181840479350235,0.7732394366197183,True
해피 챔버 페스티벌 [성남],서양음악(클래식),경인,성남아트리움 (구. 성남시민회관),0.9721,1,627.0,627.0,0.0,0.0,10,0.697989099793272,0.4818265223553733,0.9527017830406969,60.181840479350235,54.181840479350235,0.7732394366197183,True
제1회 성남교육지원청 오케스트라 공유학교 정기연주회,서양음악(클래식),경인,성남아트리움 (구. 성남시민회관),0.9721,1,627.0,627.0,0.0,0.0,10,0.697989099793272,0.4818265223553733,0.9527017830406969,60.181840479350235,54.181840479350235,0.7732394366197183,True
제30회 경산시립합창단 정기연주회: 푸치니 서거 100주년,서양음악(클래식),영남,천마아트센터,0.8677,1,1639.0,1639.0,0.0,0.0,7,0.5550916852363948,0.5820357240652491,0.9527017830406969,56.57162968344577,54.17446150944322,0.6944444444444444,True
제5회 한음페스티벌 [부안],서양음악(클래식),호남,부안예술회관,0.8597,1,429.0,429.0,0.0,0.0,1,0.54805756168282,0.42101561415119715,0.9527017830406969,49.319082153726924,54.15349247406736,0.7005347593582888,True
우리가 사랑했던 그날 [대구],뮤지컬,영남,대구학생문화센터,0.8839,1,1210.0,1210.0,0.0,0.0,2,0.5714285714285714,0.5565509957376095,0.9527017830406969,56.543040271103266,54.145872097100714,0.6934523809523809,True
에쿠우스 EQUUS [철원],연극,기타,철원군 화강문화센터,0.9454,1,329.0,329.0,0.0,0.0,6,0.6596101699465728,0.3778721882243641,0.9527017830406969,52.78498193367464,54.13927188667146,0.7911392405063291,True
"2인 2색 콘서트, 윤민정 X 오호창",서양음악(클래식),경인,부천아트센터,1.0,1,304.0,304.0,0.0,0.0,0,0.8357585845839933,0.36697577148593674,0.9527017830406969,60.13169757690003,54.13169757690003,0.7314553990610329,True
groove& 재료시리즈I: 금(金),한국음악(국악),경인,부천아트센터,1.0,1,304.0,304.0,0.0,0.0,0,0.8357585845839933,0.36697577148593674,0.9527017830406969,60.13169757690003,54.13169757690003,0.7314553990610329,True
고양호수청소년 오케스트라 정기연주회,서양음악(클래식),경인,고양아람누리,1.0,1,304.0,304.0,0.0,0.0,6,0.8357585845839933,0.36697577148593674,0.9527017830406969,60.13169757690003,54.13169757690003,0.7314553990610329,True
언덕나무 [고양],서양음악(클래식),경인,고양아람누리,1.0,1,304.0,304.0,0.0,0.0,6,0.8357585845839933,0.36697577148593674,0.9527017830406969,60.13169757690003,54.13169757690003,0.7314553990610329,True
"우리의, OUR",한국음악(국악),경인,고양아람누리,1.0,1,304.0,304.0,0.0,0.0,6,0.8357585845839933,0.36697577148593674,0.9527017830406969,60.13169757690003,54.13169757690003,0.7314553990610329,True
제18회 부천아버지합창단 정기연주회,서양음악(클래식),경인,부천아트센터,1.0,1,304.0,304.0,0.0,0.0,0,0.8357585845839933,0.36697577148593674,0.9527017830406969,60.13169757690003,54.13169757690003,0.7314553990610329,True
제4회 한국식오카리나 교원앙상블 강물처럼 가을 정기연주회,서양음악(클래식),경인,고양아람누리,1.0,1,304.0,304.0,0.0,0.0,6,0.8357585845839933,0.36697577148593674,0.9527017830406969,60.13169757690003,54.13169757690003,0.7314553990610329,True
"추리밴드, 좋은 말씀 전하러왔습니다! [부천]",한국음악(국악),경인,부천아트센터,1.0,1,304.0,304.0,0.0,0.0,0,0.8357585845839933,0.36697577148593674,0.9527017830406969,60.13169757690003,54.13169757690003,0.7314553990610329,True
고양플루트앙상블 정기연주회,서양음악(클래식),경인,고양아람누리,1.0,1,304.0,304.0,0.0,0.0,6,0.8357585845839933,0.36697577148593674,0.9527017830406969,60.13169757690003,54.13169757690003,0.7314553990610329,True
무형문화재 이수자들과 함께하는 명인들의 춤길,무용(서양/한국무용),경인,고양아람누리,1.0,1,304.0,304.0,0.0,0.0,6,0.8357585845839933,0.36697577148593674,0.9527017830406969,60.13169757690003,54.13169757690003,0.7314553990610329,True
"음악이 들려주는 이야기, 클래식 톡톡 [고양]",서양음악(클래식),경인,고양아람누리,1.0,1,304.0,304.0,0.0,0.0,6,0.8357585845839933,0.36697577148593674,0.9527017830406969,60.13169757690003,54.13169757690003,0.7314553990610329,True
"제152회 두레콘서트, 소프라노 한아름 재즈가수 고아",서양음악(클래식),경인,고양아람누리,1.0,1,304.0,304.0,0.0,0.0,6,0.8357585845839933,0.36697577148593674,0.9527017830406969,60.13169757690003,54.13169757690003,0.7314553990610329,True
제27회 고양춤 페스티벌,무용(서양/한국무용),경인,고양아람누리,1.0,1,304.0,304.0,0.0,0.0,6,0.8357585845839933,0.36697577148593674,0.9527017830406969,60.13169757690003,54.13169757690003,0.7314553990610329,True
제10회 KMC 빅 밴드 정기연주회,대중음악,경인,고양아람누리,1.0,1,304.0,304.0,0.0,0.0,6,0.8357585845839933,0.36697577148593674,0.9527017830406969,60.13169757690003,54.13169757690003,0.7314553990610329,True
페스브레이킹 싱어즈 콘서트,서양음악(클래식),경인,고양아람누리,1.0,1,304.0,304.0,0.0,0.0,6,0.8357585845839933,0.36697577148593674,0.9527017830406969,60.13169757690003,54.13169757690003,0.7314553990610329,True
멸종위기 동물의 사육제 [부천],서양음악(클래식),경인,부천아트센터,1.0,1,304.0,304.0,0.0,0.0,0,0.8357585845839933,0.36697577148593674,0.9527017830406969,60.13169757690003,54.13169757690003,0.7314553990610329,True
"제151회 두레콘서트, 포크가수 양하영 콘서트: ACOUSTIC밴드공연",대중음악,경인,고양아람누리,1.0,1,304.0,304.0,0.0,0.0,6,0.8357585845839933,0.36697577148593674,0.9527017830406969,60.13169757690003,54.13169757690003,0.7314553990610329,True
제3회 정기연주회,서양음악(클래식),경인,고양아람누리,1.0,1,304.0,304.0,0.0,0.0,6,0.8357585845839933,0.36697577148593674,0.9527017830406969,60.13169757690003,54.13169757690003,0.7314553990610329,True
클라비어라움(Klavierraum) 송년음악회 [부천],서양음악(클래식),경인,부천아트센터,1.0,1,304.0,304.0,0.0,0.0,0,0.8357585845839933,0.36697577148593674,0.9527017830406969,60.13169757690003,54.13169757690003,0.7314553990610329,True
고양호수청소년 오케스트라와 함께 하는 협주곡의 밤,서양음악(클래식),경인,고양아람누리,1.0,1,304.0,304.0,0.0,0.0,6,0.8357585845839933,0.36697577148593674,0.9527017830406969,60.13169757690003,54.13169757690003,0.7314553990610329,True
김채원의 빛 시리즈1: Twinkle,한국음악(국악),경인,고양아람누리,1.0,1,304.0,304.0,0.0,0.0,6,0.8357585845839933,0.36697577148593674,0.9527017830406969,60.13169757690003,54.13169757690003,0.7314553990610329,True
제13회 베누스토 일산 오케스트라 정기연주회,서양음악(클래식),경인,고양아람누리,1.0,1,304.0,304.0,0.0,0.0,6,0.8357585845839933,0.36697577148593674,0.9527017830406969,60.13169757690003,54.13169757690003,0.7314553990610329,True
제1회 레이크트럼펫앙상블 정기연주회,서양음악(클래식),경인,고양아람누리,1.0,1,304.0,304.0,0.0,0.0,6,0.8357585845839933,0.36697577148593674,0.9527017830406969,60.13169757690003,54.13169757690003,0.7314553990610329,True
"하쿠나마타타, 청산이를 찾아서",한국음악(국악),경인,고양아람누리,1.0,1,304.0,304.0,0.0,0.0,6,0.8357585845839933,0.36697577148593674,0.9527017830406969,60.13169757690003,54.13169757690003,0.7314553990610329,True
제1회 오케스트라 드 아르떼 정기연주회,서양음악(클래식),경인,고양아람누리,1.0,1,304.0,304.0,0.0,0.0,6,0.8357585845839933,0.36697577148593674,0.9527017830406969,60.13169757690003,54.13169757690003,0.7314553990610329,True
갈림길,뮤지컬,경인,고양아람누리,1.0,1,304.0,304.0,0.0,0.0,6,0.8357585845839933,0.36697577148593674,0.9527017830406969,60.13169757690003,54.13169757690003,0.7314553990610329,True
고양청소년필오케스트라와 함께 하는 협주곡의 밤,서양음악(클래식),경인,고양아람누리,1.0,1,304.0,304.0,0.0,0.0,6,0.8357585845839933,0.36697577148593674,0.9527017830406969,60.13169757690003,54.13169757690003,0.7314553990610329,True
제5회 고양누리 청소년 오케스트라 정기연주회,서양음악(클래식),경인,고양아람누리,1.0,1,304.0,304.0,0.0,0.0,6,0.8357585845839933,0.36697577148593674,0.9527017830406969,60.13169757690003,54.13169757690003,0.7314553990610329,True
춤결 숨결 빛결 [고양],무용(서양/한국무용),경인,고양아람누리,1.0,1,304.0,304.0,0.0,0.0,6,0.8357585845839933,0.36697577148593674,0.9527017830406969,60.13169757690003,54.13169757690003,0.7314553990610329,True
제9회 제이와이아카데미 협주곡의밤,서양음악(클래식),경인,고양아람누리,1.0,1,304.0,304.0,0.0,0.0,6,0.8357585845839933,0.36697577148593674,0.9527017830406969,60.13169757690003,54.13169757690003,0.7314553990610329,True
평안을 기원하는 춤의 잔치 [고양],무용(서양/한국무용),경인,고양아람누리,1.0,1,304.0,304.0,0.0,0.0,6,0.8357585845839933,0.36697577148593674,0.9527017830406969,60.13169757690003,54.13169757690003,0.7314553990610329,True
"가을의 낭만, 목소리로 그리다 [부천]",서양음악(클래식),경인,부천아트센터,1.0,1,304.0,304.0,0.0,0.0,0,0.8357585845839933,0.36697577148593674,0.9527017830406969,60.13169757690003,54.13169757690003,0.7314553990610329,True
강현정 피아노 독주회 [고양],서양음악(클래식),경인,고양아람누리,1.0,1,304.0,304.0,0.0,0.0,6,0.8357585845839933,0.36697577148593674,0.9527017830406969,60.13169757690003,54.13169757690003,0.7314553990610329,True
고양시 보육교직원을 위한 힐링콘서트,대중음악,경인,고양아람누리,1.0,1,304.0,304.0,0.0,0.0,6,0.8357585845839933,0.36697577148593674,0.9527017830406969,60.13169757690003,54.13169757690003,0.7314553990610329,True
고양시 청소년 협주곡의밤,서양음악(클래식),경인,고양아람누리,1.0,1,304.0,304.0,0.0,0.0,6,0.8357585845839933,0.36697577148593674,0.9527017830406969,60.13169757690003,54.13169757690003,0.7314553990610329,True
고양시의 노래: 노래에 곱게 물든 가을,서양음악(클래식),경인,고양아람누리,1.0,1,304.0,304.0,0.0,0.0,6,0.8357585845839933,0.36697577148593674,0.9527017830406969,60.13169757690003,54.13169757690003,0.7314553990610329,True
고양청소년필오케스트라 정기연주회,서양음악(클래식),경인,고양아람누리,1.0,1,304.0,304.0,0.0,0.0,6,0.8357585845839933,0.36697577148593674,0.9527017830406969,60.13169757690003,54.13169757690003,0.7314553990610329,True
고양호수심포니 오케스트라 정기연주회,서양음악(클래식),경인,고양아람누리,1.0,1,304.0,304.0,0.0,0.0,6,0.8357585845839933,0.36697577148593674,0.9527017830406969,60.13169757690003,54.13169757690003,0.7314553990610329,True
유하현 피아노 독주회 [부천],서양음악(클래식),경인,부천아트센터,1.0,1,304.0,304.0,0.0,0.0,0,0.8357585845839933,0.36697577148593674,0.9527017830406969,60.13169757690003,54.13169757690003,0.7314553990610329,True
"제158회 두레콘서트, 강은철 콘서트: 그 해 여름의 시작",대중음악,경인,고양아람누리,1.0,1,304.0,304.0,0.0,0.0,6,0.8357585845839933,0.36697577148593674,0.9527017830406969,60.13169757690003,54.13169757690003,0.7314553990610329,True
"제160회 두레콘서트, 드럼캣콘서트",대중음악,경인,고양아람누리,1.0,1,304.0,304.0,0.0,0.0,6,0.8357585845839933,0.36697577148593674,0.9527017830406969,60.13169757690003,54.13169757690003,0.7314553990610329,True
제4회 카파츠 그린나래 합창단 정기공연: 사랑 그 아름다움,서양음악(클래식),경인,고양아람누리,1.0,1,304.0,304.0,0.0,0.0,6,0.8357585845839933,0.36697577148593674,0.9527017830406969,60.13169757690003,54.13169757690003,0.7314553990610329,True
제6회 고양누리 청소년 오케스트라 정기연주회,서양음악(클래식),경인,고양아람누리,1.0,1,304.0,304.0,0.0,0.0,6,0.8357585845839933,0.36697577148593674,0.9527017830406969,60.13169757690003,54.13169757690003,0.7314553990610329,True
제7회 리즈주니어챔버 House Concert,서양음악(클래식),경인,고양아람누리,1.0,1,304.0,304.0,0.0,0.0,6,0.8357585845839933,0.36697577148593674,0.9527017830406969,60.13169757690003,54.13169757690003,0.7314553990610329,True
자유풍 11주년 기념 공연: 불어라 자유풍 [고양],한국음악(국악),경인,고양아람누리,1.0,1,304.0,304.0,0.0,0.0,6,0.8357585845839933,0.36697577148593674,0.9527017830406969,60.13169757690003,54.13169757690003,0.7314553990610329,True
"제164회 두레콘서트, ENGU SONG JAZZ Trio",대중음악,경인,고양아람누리,1.0,1,304.0,304.0,0.0,0.0,6,0.8357585845839933,0.36697577148593674,0.9527017830406969,60.13169757690003,54.13169757690003,0.7314553990610329,True
페르소나플루트앙상블 정기연주회,서양음악(클래식),경인,고양아람누리,1.0,1,304.0,304.0,0.0,0.0,6,0.8357585845839933,0.36697577148593674,0.9527017830406969,60.13169757690003,54.13169757690003,0.7314553990610329,True
프로젝트 앙상블 모프 project ensemble morph: L (I/O) VE,서양음악(클래식),경인,고양아람누리,1.0,1,304.0,304.0,0.0,0.0,6,0.8357585845839933,0.36697577148593674,0.9527017830406969,60.13169757690003,54.13169757690003,0.7314553990610329,True
산국 [고양],연극,경인,고양아람누리,1.0,1,304.0,304.0,0.0,0.0,6,0.8357585845839933,0.36697577148593674,0.9527017830406969,60.13169757690003,54.13169757690003,0.7314553990610329,True
외투 [부천],서양음악(클래식),경인,부천아트센터,1.0,1,304.0,304.0,0.0,0.0,0,0.8357585845839933,0.36697577148593674,0.9527017830406969,60.13169757690003,54.13169757690003,0.7314553990610329,True
제5회 한국식오카리나 교원앙상블 강물처럼 가을 정기연주회 [고양],서양음악(클래식),경인,고양아람누리,1.0,1,304.0,304.0,0.0,0.0,6,0.8357585845839933,0.36697577148593674,0.9527017830406969,60.13169757690003,54.13169757690003,0.7314553990610329,True
제9회 J.Y(제이와이)아카데미 정기연주회,서양음악(클래식),경인,고양아람누리,1.0,1,304.0,304.0,0.0,0.0,6,0.8357585845839933,0.36697577148593674,0.9527017830406969,60.13169757690003,54.13169757690003,0.7314553990610329,True
청산이를 찾아서: 우정편,한국음악(국악),경인,고양아람누리,1.0,1,304.0,304.0,0.0,0.0,6,0.8357585845839933,0.36697577148593674,0.9527017830406969,60.13169757690003,54.13169757690003,0.7314553990610329,True
프레이즈 앙상블 정기연주회,서양음악(클래식),경인,부천아트센터,1.0,1,304.0,304.0,0.0,0.0,0,0.8357585845839933,0.36697577148593674,0.9527017830406969,60.13169757690003,54.13169757690003,0.7314553990610329,True
합창할고양 창단연주회: 함께 노래하는 아파트,서양음악(클래식),경인,고양아람누리,1.0,1,304.0,304.0,0.0,0.0,6,0.8357585845839933,0.36697577148593674,0.9527017830406969,60.13169757690003,54.13169757690003,0.7314553990610329,True
"제153회 두레콘서트, 라클라쎄 & 김정아 [고양]",서양음악(클래식),경인,고양아람누리,1.0,1,304.0,304.0,0.0,0.0,6,0.8357585845839933,0.36697577148593674,0.9527017830406969,60.13169757690003,54.13169757690003,0.7314553990610329,True
"제156회 두레콘서트, 봄, 한국가곡의 밤",서양음악(클래식),경인,고양아람누리,1.0,1,304.0,304.0,0.0,0.0,6,0.8357585845839933,0.36697577148593674,0.9527017830406969,60.13169757690003,54.13169757690003,0.7314553990610329,True
"제159회 두레콘서트, 컨트리공방 콘서트",대중음악,경인,고양아람누리,1.0,1,304.0,304.0,0.0,0.0,6,0.8357585845839933,0.36697577148593674,0.9527017830406969,60.13169757690003,54.13169757690003,0.7314553990610329,True
"제2회 Grace Choir 정기 연주회, 찬송이 있는 저녁: 두번재 이야기",서양음악(클래식),경인,고양아람누리,1.0,1,304.0,304.0,0.0,0.0,6,0.8357585845839933,0.36697577148593674,0.9527017830406969,60.13169757690003,54.13169757690003,0.7314553990610329,True
화관무보존회 정기공연: 화근본염 [고양],무용(서양/한국무용),경인,고양아람누리,1.0,1,304.0,304.0,0.0,0.0,6,0.8357585845839933,0.36697577148593674,0.9527017830406969,60.13169757690003,54.13169757690003,0.7314553990610329,True
김영미의 화형제 낙처자하니 Ⅱ,한국음악(국악),경인,고양아람누리,1.0,1,304.0,304.0,0.0,0.0,6,0.8357585845839933,0.36697577148593674,0.9527017830406969,60.13169757690003,54.13169757690003,0.7314553990610329,True
앙상블 페스티벌 [고양],서양음악(클래식),경인,고양아람누리,1.0,1,304.0,304.0,0.0,0.0,6,0.8357585845839933,0.36697577148593674,0.9527017830406969,60.13169757690003,54.13169757690003,0.7314553990610329,True
제28회 고양춤페스티벌,무용(서양/한국무용),경인,고양아람누리,1.0,1,304.0,304.0,0.0,0.0,6,0.8357585845839933,0.36697577148593674,0.9527017830406969,60.13169757690003,54.13169757690003,0.7314553990610329,True
함께하는 뮤지컬 with 위리 (wiri),뮤지컬,경인,부천아트센터,1.0,1,304.0,304.0,0.0,0.0,0,0.8357585845839933,0.36697577148593674,0.9527017830406969,60.13169757690003,54.13169757690003,0.7314553990610329,True
"제154회 두레콘서트, 가을사랑 신계행 콘서트",대중음악,경인,고양아람누리,1.0,1,304.0,304.0,0.0,0.0,6,0.8357585845839933,0.36697577148593674,0.9527017830406969,60.13169757690003,54.13169757690003,0.7314553990610329,True
"제3회 안클정기연주회, 마술피리",서양음악(클래식),경인,부천아트센터,1.0,1,304.0,304.0,0.0,0.0,0,0.8357585845839933,0.36697577148593674,0.9527017830406969,60.13169757690003,54.13169757690003,0.7314553990610329,True
한&일 문화교류 음악회: 엄마의 바다,서양음악(클래식),경인,고양아람누리,1.0,1,304.0,304.0,0.0,0.0,6,0.8357585845839933,0.36697577148593674,0.9527017830406969,60.13169757690003,54.13169757690003,0.7314553990610329,True
"한패 챔버 오케스트라, 치유의 숲",서양음악(클래식),경인,부천아트센터,1.0,1,304.0,304.0,0.0,0.0,0,0.8357585845839933,0.36697577148593674,0.9527017830406969,60.13169757690003,54.13169757690003,0.7314553990610329,True
나눔꽃챔버가 전하는 희망의 메세지: 사랑의 음악편지,서양음악(클래식),경인,부천아트센터,1.0,1,304.0,304.0,0.0,0.0,0,0.8357585845839933,0.36697577148593674,0.9527017830406969,60.13169757690003,54.13169757690003,0.7314553990610329,True
명작명무와 함께하다 [고양],무용(서양/한국무용),경인,고양아람누리,1.0,1,304.0,304.0,0.0,0.0,6,0.8357585845839933,0.36697577148593674,0.9527017830406969,60.13169757690003,54.13169757690003,0.7314553990610329,True
스페이스 맨 [고양],뮤지컬,경인,고양아람누리,1.0,1,304.0,304.0,0.0,0.0,6,0.8357585845839933,0.36697577148593674,0.9527017830406969,60.13169757690003,54.13169757690003,0.7314553990610329,True
윤슬 교사국악관현악단 정기연주회: The 설레임 (Falling in 國樂),한국음악(국악),경인,고양아람누리,1.0,1,304.0,304.0,0.0,0.0,6,0.8357585845839933,0.36697577148593674,0.9527017830406969,60.13169757690003,54.13169757690003,0.7314553990610329,True
"제161회 두레콘서트, 늙은 노래의 좌표",한국음악(국악),경인,고양아람누리,1.0,1,304.0,304.0,0.0,0.0,6,0.8357585845839933,0.36697577148593674,0.9527017830406969,60.13169757690003,54.13169757690003,0.7314553990610329,True
"지속의 선율, 지구를 위한 축원: 천년만세 [부천]",한국음악(국악),경인,부천아트센터,1.0,1,304.0,304.0,0.0,0.0,0,0.8357585845839933,0.36697577148593674,0.9527017830406969,60.13169757690003,54.13169757690003,0.7314553990610329,True
지켜라 쓰리GO [고양],뮤지컬,경인,고양아람누리,1.0,1,304.0,304.0,0.0,0.0,6,0.8357585845839933,0.36697577148593674,0.9527017830406969,60.13169757690003,54.13169757690003,0.7314553990610329,True
김채원의 철현금 위에 얹은 노래 [고양],한국음악(국악),경인,고양아람누리,1.0,1,304.0,304.0,0.0,0.0,6,0.8357585845839933,0.36697577148593674,0.9527017830406969,60.13169757690003,54.13169757690003,0.7314553990610329,True
제2회 일 피노 콰이어 정기연주회,서양음악(클래식),경인,부천아트센터,1.0,1,304.0,304.0,0.0,0.0,0,0.8357585845839933,0.36697577148593674,0.9527017830406969,60.13169757690003,54.13169757690003,0.7314553990610329,True
위더스 콰이어 & 오케스트라 창단 연주회,서양음악(클래식),서울,강동아트센터,0.7788,1,662.0,662.0,0.0,0.0,7,0.47531344806293124,0.488816584433999,0.9527017830406969,48.06693543327405,54.06693543327405,0.6480446927374302,True
ACC 시민오케스트라,서양음악(클래식),호남,국립아시아문화전당,0.6642,2,1254.0,627.0,0.0,0.0,6,0.3823395172765592,0.7171848441528389,0.9527017830406969,49.17246204917145,54.00687236951189,0.6978609625668449,True
"서울시청소년국악단 프로젝트 오케스트라, EP.1 관현악: 비상",한국음악(국악),서울,세종문화회관,0.8161,1,497.0,497.0,0.0,0.0,3,0.5064300480575616,0.4420806683427992,0.9527017830406969,47.963657062929315,53.963657062929315,0.6471135940409684,True
"제6회 정서진 피크닉 클래식, 블루 앙상블 음악회",서양음악(클래식),경인,청라복합문화센터 블루노바홀,0.9897,1,481.0,481.0,0.0,0.0,4,0.7407710688109109,0.4365948305815063,0.9527017830406969,59.95726903257443,53.95726903257443,0.6948356807511737,True
"서구愛 마토콘서트, 오페라 사랑의 묘약",서양음악(클래식),영남,대구서구문화회관,0.9624,1,435.0,435.0,0.0,0.0,3,0.6822831368969313,0.42280916600181606,0.9527017830406969,56.34255534931527,53.94538717531272,0.6919642857142857,True
"서구愛마토콘서트, 대구시티발레단의 발레 명작 갈라 콘서트: 해설이 있는 발레스토리",무용(서양/한국무용),영남,대구서구문화회관,0.9624,1,435.0,435.0,0.0,0.0,3,0.6822831368969313,0.42280916600181606,0.9527017830406969,56.34255534931527,53.94538717531272,0.6919642857142857,True
"논산전통국악연구소, 동행",한국음악(국악),충청,논산아트센터(구. 논산문화예술회관),0.9518,1,533.0,533.0,0.0,0.0,5,0.6686176067871238,0.4546137812486727,0.9527017830406969,57.30120091650968,53.94502927991758,0.7129629629629629,True
"KAIST 문화행사, 마사야 카메이 피아노 리사이틀",서양음악(클래식),충청,한국과학기술원,0.9082,1,999.0,999.0,0.0,0.0,1,0.6026525626224931,0.5309852310313212,0.9527017830406969,57.28925587055622,53.93308423396412,0.7037037037037037,True
"KAIST 문화행사, 아카펠라 그룹 엑시트",대중음악,충청,한국과학기술원,0.9082,1,999.0,999.0,0.0,0.0,1,0.6026525626224931,0.5309852310313212,0.9527017830406969,57.28925587055622,53.93308423396412,0.7037037037037037,True
클라라 주미 강 솔로 리사이틀,서양음악(클래식),충청,한국과학기술원,0.9082,1,999.0,999.0,0.0,0.0,1,0.6026525626224931,0.5309852310313212,0.9527017830406969,57.28925587055622,53.93308423396412,0.7037037037037037,True
꼭꼭 숨어라! 토선생 찾기 [광주],한국음악(국악),호남,광산문화예술회관,0.6981,2,754.0,377.0,0.0,0.0,1,0.4080597095068059,0.6471680803663314,0.9527017830406969,49.07282559076408,53.90723591110452,0.6951871657754011,True
"제2회 경기기타오케스트라 정기연주회, 신인근 창작곡연주회",서양음악(클래식),경인,경기아트센터(구. 경기도문화의전당),0.988,1,496.0,496.0,0.0,0.0,4,0.7337906408569818,0.4416146551415551,0.9527017830406969,59.89087964516583,53.89087964516583,0.6924882629107981,True
강남대학교 음악학과 정기연주회,서양음악(클래식),경인,경기아트센터(구. 경기도문화의전당),0.988,1,496.0,496.0,0.0,0.0,4,0.7337906408569818,0.4416146551415551,0.9527017830406969,59.89087964516583,53.89087964516583,0.6924882629107981,True
"대한민국 피아노페스티벌, Stage for you [수원]",서양음악(클래식),경인,경기아트센터(구. 경기도문화의전당),0.988,1,496.0,496.0,0.0,0.0,4,0.7337906408569818,0.4416146551415551,0.9527017830406969,59.89087964516583,53.89087964516583,0.6924882629107981,True
카르미나 부라나 [수원],무용(서양/한국무용),경인,경기아트센터(구. 경기도문화의전당),0.988,1,496.0,496.0,0.0,0.0,4,0.7337906408569818,0.4416146551415551,0.9527017830406969,59.89087964516583,53.89087964516583,0.6924882629107981,True
봉산문화회관 개관 20주년 기념 송년음악회 [대구],서양음악(클래식),영남,봉산문화회관,0.967,1,410.0,410.0,0.0,0.0,2,0.6896260101484684,0.41485827556498833,0.9527017830406969,56.27663002518304,53.87946185118049,0.6904761904761905,True
목포시립교향악단 신년음악회,서양음악(클래식),호남,목포시민문화체육센터,0.7722,1,932.0,932.0,0.0,0.0,6,0.47046742019491505,0.5219802077339292,0.9527017830406969,49.043261792771446,53.877672113111885,0.6925133689839572,True
김종서 오보에 독주회,서양음악(클래식),서울,금호아트홀 연세,0.8692,1,339.0,339.0,0.0,0.0,1,0.5564877708271807,0.38164680172961585,0.9527017830406969,47.85617963018455,53.85617963018455,0.6461824953445066,True
"토요일 토요일은 클래식 1, 싱싱싱: 퍼니밴드",서양음악(클래식),제주,김정문화회관,0.9909,1,327.0,327.0,0.0,0.0,7,0.7502080704486267,0.37731647278877717,0.9527017830406969,56.989040559801495,53.80548045421014,0.6373626373626373,True
경로당 폰팅사건 [청송],뮤지컬,영남,청송군문화예술회관,0.9651,1,415.0,415.0,0.0,0.0,1,0.6862163395709722,0.41633058842335163,0.9527017830406969,56.18908513995713,53.79191696595458,0.689484126984127,True
대구시립국악단과 함께하는 대구편입 1주년 기념음악회,한국음악(국악),영남,군위 삼국유사교육문화회관,0.9556,1,452.0,452.0,0.0,0.0,6,0.6726984723601901,0.42873231699940284,0.9527017830406969,56.17806202535264,53.780893851350086,0.6884920634920635,True
피가로 만세! [파주],서양음악(클래식),경인,솔가람아트홀,1.0,1,300.0,300.0,0.0,0.0,4,0.8357585845839933,0.36152271181921314,0.9527017830406969,59.77268187071757,53.77268187071757,0.6901408450704225,True
테너 존노 리사이틀 [대구],서양음악(클래식),영남,비원뮤직홀,1.0,1,200.0,200.0,0.0,0.0,4,0.8357585845839933,0.30856354391352186,0.9527017830406969,56.103034661182505,53.705866487179954,0.6760912698412699,True
소프라노 김민진 & 피아니스트 김주하 듀오 리사이틀,서양음악(클래식),영남,비원뮤직홀,1.0,1,200.0,200.0,0.0,0.0,4,0.8357585845839933,0.30856354391352186,0.9527017830406969,56.103034661182505,53.705866487179954,0.6760912698412699,True
오페라 갈라콘서트,서양음악(클래식),영남,비원뮤직홀,1.0,1,200.0,200.0,0.0,0.0,4,0.8357585845839933,0.30856354391352186,0.9527017830406969,56.103034661182505,53.705866487179954,0.6760912698412699,True
유나이티드와 함께하는 대구시 달서구 내과의사회 신년음악회: UNITED FAMILY CONCERT,서양음악(클래식),영남,한영아트센터,1.0,1,200.0,200.0,0.0,0.0,2,0.8357585845839933,0.30856354391352186,0.9527017830406969,56.103034661182505,53.705866487179954,0.6760912698412699,True
"음악으로 떠나는 세계여행!, Bonnes Vacances!: 휴가 잘 보내세요",서양음악(클래식),영남,비원뮤직홀,1.0,1,200.0,200.0,0.0,0.0,4,0.8357585845839933,0.30856354391352186,0.9527017830406969,56.103034661182505,53.705866487179954,0.6760912698412699,True
조성현 & 함경 듀오 리사이틀 [대구],서양음악(클래식),영남,비원뮤직홀,1.0,1,200.0,200.0,0.0,0.0,4,0.8357585845839933,0.30856354391352186,0.9527017830406969,56.103034661182505,53.705866487179954,0.6760912698412699,True
라흐마니노프를 좋아하세요?,서양음악(클래식),영남,비원뮤직홀,1.0,1,200.0,200.0,0.0,0.0,4,0.8357585845839933,0.30856354391352186,0.9527017830406969,56.103034661182505,53.705866487179954,0.6760912698412699,True
플루트와 함께하는 애니메이션 OST 콘서트,서양음악(클래식),영남,비원뮤직홀,1.0,1,200.0,200.0,0.0,0.0,4,0.8357585845839933,0.30856354391352186,0.9527017830406969,56.103034661182505,53.705866487179954,0.6760912698412699,True
이미연 피아노 리사이틀 [대구],서양음악(클래식),영남,비원뮤직홀,1.0,1,200.0,200.0,0.0,0.0,4,0.8357585845839933,0.30856354391352186,0.9527017830406969,56.103034661182505,53.705866487179954,0.6760912698412699,True
비스포크 색소폰 콰르텟 [대구],서양음악(클래식),영남,비원뮤직홀,1.0,1,200.0,200.0,0.0,0.0,4,0.8357585845839933,0.30856354391352186,0.9527017830406969,56.103034661182505,53.705866487179954,0.6760912698412699,True
로맨틱 윈터 콘서트 [대구],서양음악(클래식),영남,비원뮤직홀,1.0,1,200.0,200.0,0.0,0.0,4,0.8357585845839933,0.30856354391352186,0.9527017830406969,56.103034661182505,53.705866487179954,0.6760912698412699,True
"오페라 아리아의 밤 Ⅱ, 베르디 [대구]",서양음악(클래식),영남,비원뮤직홀,1.0,1,200.0,200.0,0.0,0.0,4,0.8357585845839933,0.30856354391352186,0.9527017830406969,56.103034661182505,53.705866487179954,0.6760912698412699,True
"월드 아티스트 시리즈 Ⅰ, 한수진: 젊은 베르테르의 슬픔 [대구]",서양음악(클래식),영남,비원뮤직홀,1.0,1,200.0,200.0,0.0,0.0,4,0.8357585845839933,0.30856354391352186,0.9527017830406969,56.103034661182505,53.705866487179954,0.6760912698412699,True
"월드 아티스트 시리즈 Ⅱ, 백혜선 피아노 리사이틀 [대구]",서양음악(클래식),영남,비원뮤직홀,1.0,1,200.0,200.0,0.0,0.0,4,0.8357585845839933,0.30856354391352186,0.9527017830406969,56.103034661182505,53.705866487179954,0.6760912698412699,True
대학클래식음악제: 피아노 포르테 [대구],서양음악(클래식),영남,비원뮤직홀,1.0,1,200.0,200.0,0.0,0.0,4,0.8357585845839933,0.30856354391352186,0.9527017830406969,56.103034661182505,53.705866487179954,0.6760912698412699,True
"챔버 앙상블 시리즈 Ⅰ, Quartet [대구]",서양음악(클래식),영남,비원뮤직홀,1.0,1,200.0,200.0,0.0,0.0,4,0.8357585845839933,0.30856354391352186,0.9527017830406969,56.103034661182505,53.705866487179954,0.6760912698412699,True
"비원뮤직홀 레지던시 시리즈, 안수영 피콜로 & 플루트 리사이틀 [대구]",서양음악(클래식),영남,비원뮤직홀,1.0,1,200.0,200.0,0.0,0.0,4,0.8357585845839933,0.30856354391352186,0.9527017830406969,56.103034661182505,53.705866487179954,0.6760912698412699,True
"비원뮤직홀 로맨틱 시리즈, 마티네 콘서트: 가을의 가곡 [대구]",서양음악(클래식),영남,비원뮤직홀,1.0,1,200.0,200.0,0.0,0.0,4,0.8357585845839933,0.30856354391352186,0.9527017830406969,56.103034661182505,53.705866487179954,0.6760912698412699,True
"실내악의 밤, 한여름 밤의 꿈 [대구]",서양음악(클래식),영남,비원뮤직홀,1.0,1,200.0,200.0,0.0,0.0,4,0.8357585845839933,0.30856354391352186,0.9527017830406969,56.103034661182505,53.705866487179954,0.6760912698412699,True
"오페라 아리아의 밤Ⅰ, 푸치니 & 도니제티",서양음악(클래식),영남,비원뮤직홀,1.0,1,200.0,200.0,0.0,0.0,4,0.8357585845839933,0.30856354391352186,0.9527017830406969,56.103034661182505,53.705866487179954,0.6760912698412699,True
"월드 아티스트 시리즈 Ⅲ, 노부스 콰르텟 콘서트 [대구]",서양음악(클래식),영남,비원뮤직홀,1.0,1,200.0,200.0,0.0,0.0,4,0.8357585845839933,0.30856354391352186,0.9527017830406969,56.103034661182505,53.705866487179954,0.6760912698412699,True
"비원뮤직홀 레지던시 시리즈, 김수지 바이올린 리사이틀 [대구]",서양음악(클래식),영남,비원뮤직홀,1.0,1,200.0,200.0,0.0,0.0,4,0.8357585845839933,0.30856354391352186,0.9527017830406969,56.103034661182505,53.705866487179954,0.6760912698412699,True
정은지 피아노 리사이틀 [대구],서양음악(클래식),영남,비원뮤직홀,1.0,1,200.0,200.0,0.0,0.0,4,0.8357585845839933,0.30856354391352186,0.9527017830406969,56.103034661182505,53.705866487179954,0.6760912698412699,True
"포시즌 특집, 가을",서양음악(클래식),영남,비원뮤직홀,1.0,1,200.0,200.0,0.0,0.0,4,0.8357585845839933,0.30856354391352186,0.9527017830406969,56.103034661182505,53.705866487179954,0.6760912698412699,True
UNKNOW [인천 동구],뮤지컬,경인,인천동구문화체육센터,0.8081,4,1600.0,400.0,0.0,0.0,1,0.49994630440035437,0.7787514267950311,0.9527017830406969,59.691646667060425,53.691646667060425,0.6892018779342723,True
유쾌한 하녀 마리사 [함양],연극,영남,함양문화예술회관,0.9506,1,462.0,462.0,0.0,0.0,2,0.66762423819368,0.4317984544901504,0.9527017830406969,56.08305859535893,53.685890421356376,0.6636904761904762,True
"K-JAZZ, 러브레터 With 주현미 & 이경우 & 최우혁 재즈 앙상블",대중음악,기타,양양문화복지회관,0.9159,1,403.0,403.0,0.0,0.0,2,0.6139689102478052,0.4117861398094759,0.9527017830406969,52.33069685475057,53.684986807747386,0.7848101265822784,True
여행을 떠나: 나랑 같이 여행 갈래요?,뮤지컬,서울,모두예술극장,0.7259,2,376.0,188.0,0.0,0.0,0,0.4356995194243832,0.5430740356140081,0.9527017830406969,47.583443140332726,53.583443140332726,0.6452513966480447,True
"서구愛마토콘서트, 나릿프로젝트: 요즘 흥보가",한국음악(국악),영남,대구서구문화회관,0.958,1,433.0,433.0,0.0,0.0,3,0.675262437243268,0.4220478779979027,0.9527017830406969,55.953627021079946,53.556458847077394,0.6617063492063492,True
"서구愛마토콘서트, 시민행복 나눔콘서트",서양음악(클래식),영남,대구서구문화회관,0.958,1,433.0,433.0,0.0,0.0,3,0.675262437243268,0.4220478779979027,0.9527017830406969,55.953627021079946,53.556458847077394,0.6617063492063492,True
"서구愛마토콘서트, 트리오 콜로레스 내한공연",서양음악(클래식),영남,대구서구문화회관,0.958,1,433.0,433.0,0.0,0.0,3,0.675262437243268,0.4220478779979027,0.9527017830406969,55.953627021079946,53.556458847077394,0.6617063492063492,True
"제15회 페트라 한국시음악협회 정기연주회, 나의 시 나의 노래 세계속으로",서양음악(클래식),서울,영산아트홀,0.811,1,485.0,485.0,0.0,0.0,4,0.5023223346846726,0.4379359290708288,0.9527017830406969,47.550350653070495,53.550350653070495,0.6433891992551211,True
숙명여자대학교 음악대학 피아노 앙상블 콘서트 2,서양음악(클래식),서울,영산아트홀,0.811,1,485.0,485.0,0.0,0.0,4,0.5023223346846726,0.4379359290708288,0.9527017830406969,47.550350653070495,53.550350653070495,0.6433891992551211,True
"영산아트홀 실내악 시리즈, 람파스 앙상블 콘서트",서양음악(클래식),서울,영산아트홀,0.811,1,485.0,485.0,0.0,0.0,4,0.5023223346846726,0.4379359290708288,0.9527017830406969,47.550350653070495,53.550350653070495,0.6433891992551211,True
"청라블루노바홀 송년음악회, 비엔나 모르핑 솔리스츠 내한공연",서양음악(클래식),경인,청라복합문화센터 블루노바홀,0.9877,1,480.0,480.0,0.0,0.0,4,0.7325019464654872,0.43613459476033584,0.9527017830406969,59.529671303821,53.529671303821,0.687793427230047,True
"제14회 서구립풍물단 정기연주회, 서구유희: 두번째 이야기",한국음악(국악),경인,청라복합문화센터 블루노바홀,0.9877,1,480.0,480.0,0.0,0.0,4,0.7325019464654872,0.43613459476033584,0.9527017830406969,59.529671303821,53.529671303821,0.687793427230047,True
제14회 신나는 오케스트라 정기연주회,서양음악(클래식),기타,춘천문화예술회관,0.8415,1,791.0,791.0,0.0,0.0,3,0.5308481219964024,0.5062674491222686,0.9527017830406969,52.08757912010314,53.44186907309996,0.7784810126582279,True
"어린이를 위한 오감음악극: 꼼싹, 꿈싹",뮤지컬,서울,강동아트센터,0.912,1,228.0,228.0,0.0,0.0,7,0.6113646736649931,0.323964919257036,0.9527017830406969,47.42194889793188,53.42194889793188,0.6415270018621974,True
겨울산책 쇼케이스,연극,경인,광명문화예술교육지원센터 광명극장,0.9875,1,474.0,474.0,0.0,0.0,1,0.7319381426692083,0.4345377285232418,0.9527017830406969,59.41493464117047,53.41493464117047,0.6863849765258216,True
제1회 한섬 VIP 초청 음악회,서양음악(클래식),서울,롯데콘서트홀,0.7097,1,1445.0,1445.0,0.0,0.0,6,0.41889279673530755,0.5704856654991081,0.9527017830406969,47.397957800776645,53.397957800776645,0.6401303538175046,True
기독음대 50주년 기념음악회: 아가페 찬양 페스티벌,서양음악(클래식),서울,롯데콘서트홀,0.7097,1,1445.0,1445.0,0.0,0.0,6,0.41889279673530755,0.5704856654991081,0.9527017830406969,47.397957800776645,53.397957800776645,0.6401303538175046,True
제3회 블라썸싱어즈 정기연주회 [안산],서양음악(클래식),경인,안산문화예술의전당,0.9553,1,684.0,684.0,0.0,0.0,6,0.6724165704620506,0.49173638440533984,0.9527017830406969,59.3302231563007,53.3302231563007,0.6849765258215963,True
"안녕?! 오케스트라 재개 기념 연주회: 다시, 안녕?! 오케스트라",서양음악(클래식),경인,안산문화예술의전당,0.9553,1,684.0,684.0,0.0,0.0,6,0.6724165704620506,0.49173638440533984,0.9527017830406969,59.3302231563007,53.3302231563007,0.6849765258215963,True
"세종시립청소년교향악단, Cinema classic in summer",서양음악(클래식),충청,세종예술의전당,0.9029,1,967.0,967.0,0.0,0.0,1,0.5949606679732596,0.5261891947900563,0.9527017830406969,56.643453484620984,53.28728184802888,0.6944444444444444,True
유령,연극,서울,삼일로창고극장,0.78666667,3,118.0,39.33,0.0,0.0,1,0.48022659543050444,0.46099449200705034,0.9527017830406969,47.24393022307745,53.24393022307745,0.638733705772812,True
김성녀의 마당놀이: 심청이와 춘향이가 온다 [철원],연극,기타,철원군 화강문화센터,0.9339,1,325.0,325.0,0.0,0.0,6,0.6417429591644964,0.37666967874384727,0.9527017830406969,51.85622907472144,53.210519027718256,0.7721518987341772,True
광주시민과 함께하는 송년음악회,서양음악(클래식),경인,남한산성아트홀,0.9326,1,968.0,968.0,0.0,0.0,8,0.6397696458775204,0.5265016827675466,0.9527017830406969,59.1798805196003,53.1798805196003,0.6835680751173709,True
"국립국악원 창작악단, 환상기행 [논산]",한국음악(국악),충청,논산아트센터(구. 논산문화예술회관),0.9429,1,528.0,528.0,0.0,0.0,5,0.6548849571777593,0.4533353332838156,0.9527017830406969,56.528418673909655,53.172247037317554,0.6898148148148148,True
UNKNOW [인천 서구],뮤지컬,경인,청라복합문화센터 블루노바홀,0.823,3,1200.0,400.0,0.0,0.0,4,0.5114640105243375,0.7362732562061693,0.9527017830406969,59.17042084284693,53.17042084284693,0.6826291079812207,True
어느 학술원에 드리는 보고,연극,서울,창조소극장 (구. 민아트홀),0.8,2,160.0,80.0,0.0,0.0,0,0.49081805246060084,0.4439147868587307,0.9527017830406969,47.148964750832064,53.148964750832064,0.6378026070763501,True
각인 [안산],뮤지컬,경인,안산문화예술의전당,0.9525,1,682.0,682.0,0.0,0.0,6,0.6691679866834913,0.49149873041726244,0.9527017830406969,59.14663665220667,53.14663665220667,0.6816901408450704,True
ALL SHOOK UP,뮤지컬,경인,대진대학교,0.94,4,188.0,47.0,0.0,0.0,6,0.6508443633044272,0.5120137458133507,0.9527017830406969,59.12878253636439,53.12878253636439,0.6807511737089202,True
"김세희 피아노 독주회: Waltz & Ballade, 왈츠와 발라드",서양음악(클래식),서울,자양스테이션(파리뮤직포럼),1.0,1,50.0,50.0,0.0,0.0,0,0.8357585845839933,0.1994745845049966,0.9527017830406969,47.11981051854212,53.11981051854212,0.6364059590316573,True
소프라노 백세리 살롱콘서트,서양음악(클래식),서울,클래식 라운지 리한(구.리한아트홀),1.0,1,50.0,50.0,0.0,0.0,0,0.8357585845839933,0.1994745845049966,0.9527017830406969,47.11981051854212,53.11981051854212,0.6364059590316573,True
"내 생에 가장 뜨거웠던 이야기, 푸른 봄 [고양]",연극,경인,토당청소년수련관,1.0,1,286.0,286.0,0.0,0.0,7,0.8357585845839933,0.35165944253772785,0.9527017830406969,59.11496285573805,53.11496285573805,0.67981220657277,True
제15회 안산 노적봉 성황예술제,한국음악(국악),경인,안산문화예술의전당,0.9511,1,681.0,681.0,0.0,0.0,6,0.6682685853894273,0.49134520519350866,0.9527017830406969,59.09154109774627,53.09154109774627,0.6788732394366197,True
"NPAF, 하울링",무용(서양/한국무용),경인,남동소래아트홀,0.9531,1,670.0,670.0,0.0,0.0,2,0.6695438558810105,0.48991934923506225,0.9527017830406969,59.09044414325743,53.09044414325743,0.6765258215962441,True
"전문연주단 크라제, 심훈: 늘 푸른 나무의 노래 [인천]",서양음악(클래식),경인,남동소래아트홀,0.9531,1,670.0,670.0,0.0,0.0,2,0.6695438558810105,0.48991934923506225,0.9527017830406969,59.09044414325743,53.09044414325743,0.6765258215962441,True
"문화예술라온, Pianist and Actor. Love Story: 4대 피아노의 향연",서양음악(클래식),경인,남동소래아트홀,0.9531,1,670.0,670.0,0.0,0.0,2,0.6695438558810105,0.48991934923506225,0.9527017830406969,59.09044414325743,53.09044414325743,0.6765258215962441,True
"국악창작소놀이터, 우리음악이 전하는 낭독콘서트: 러브레터",한국음악(국악),경인,남동소래아트홀,0.9531,1,670.0,670.0,0.0,0.0,2,0.6695438558810105,0.48991934923506225,0.9527017830406969,59.09044414325743,53.09044414325743,0.6765258215962441,True
민주의 봄 [광주],서양음악(클래식),호남,광산문화예술회관,0.8333,1,450.0,450.0,0.0,0.0,1,0.5230622600477891,0.4275062562292091,0.9527017830406969,48.25130030385029,53.08571062419073,0.6898395721925134,True
"SAC on SCREEN, 심청 [군산]",무용(서양/한국무용),호남,군산어린이공연장,0.7197,2,475.0,237.5,0.0,0.0,3,0.4283029505732005,0.5760418740997029,0.9527017830406969,48.22056132694008,53.05497164728052,0.6871657754010695,True
"WMN 초청 신춘음악회, 5월의 CLASSIC",서양음악(클래식),영남,(재)영화의전당,0.9013,1,758.0,758.0,0.0,0.0,8,0.5928799634869922,0.501483647341333,0.9527017830406969,55.44760275946601,53.05043458546346,0.658234126984127,True
제4회 윤슬타악기앙상블 정기연주회,서양음악(클래식),영남,(재)영화의전당,0.9013,1,758.0,758.0,0.0,0.0,8,0.5928799634869922,0.501483647341333,0.9527017830406969,55.44760275946601,53.05043458546346,0.658234126984127,True
"한국예술종합학교, 다시 추는 춤, 함께 추는 춤 [부산]",무용(서양/한국무용),영남,(재)영화의전당,0.9013,1,758.0,758.0,0.0,0.0,8,0.5928799634869922,0.501483647341333,0.9527017830406969,55.44760275946601,53.05043458546346,0.658234126984127,True
"부산여자대학교 사제동행 프로젝트 Ⅶ, 춤: 同心",무용(서양/한국무용),영남,(재)영화의전당,0.9013,1,758.0,758.0,0.0,0.0,8,0.5928799634869922,0.501483647341333,0.9527017830406969,55.44760275946601,53.05043458546346,0.658234126984127,True
음악으로 떠나는 유럽여행,서양음악(클래식),경인,아트센터 인천,0.8597,2,820.0,410.0,0.0,0.0,6,0.54805756168282,0.6586701699319353,0.9527017830406969,58.987895565134394,52.987895565134394,0.6741784037558686,True
"국립남도국악원 토요상설, 국악이 좋다: 세계의 인류무형문화유산",한국음악(국악),호남,국립남도국악원,0.8346,1,434.0,434.0,0.0,0.0,5,0.5249013343356512,0.42242714562485917,0.9527017830406969,48.122406075215366,52.956816395555805,0.6657754010695187,True
"국립남도국악원 토요상설, 국악이 좋다: 풍요",한국음악(국악),호남,국립남도국악원,0.8346,1,434.0,434.0,0.0,0.0,5,0.5249013343356512,0.42242714562485917,0.9527017830406969,48.122406075215366,52.956816395555805,0.6657754010695187,True
"국립남도국악원 토요상설, 국악이 좋다: 오래된 미래",한국음악(국악),호남,국립남도국악원,0.8346,1,434.0,434.0,0.0,0.0,5,0.5249013343356512,0.42242714562485917,0.9527017830406969,48.122406075215366,52.956816395555805,0.6657754010695187,True
"국립남도국악원 토요상설, 국악이 좋다: 전통의 재해석",한국음악(국악),호남,국립남도국악원,0.8346,1,434.0,434.0,0.0,0.0,5,0.5249013343356512,0.42242714562485917,0.9527017830406969,48.122406075215366,52.956816395555805,0.6657754010695187,True
"국립남도국악원 토요상설, 조선혼인프로젝트: 김신부부뎐",한국음악(국악),호남,국립남도국악원,0.8346,1,434.0,434.0,0.0,0.0,5,0.5249013343356512,0.42242714562485917,0.9527017830406969,48.122406075215366,52.956816395555805,0.6657754010695187,True
"국립남도국악원 토요상설, 국악이 좋다: 판소리, 판치는 세상!",한국음악(국악),호남,국립남도국악원,0.8346,1,434.0,434.0,0.0,0.0,5,0.5249013343356512,0.42242714562485917,0.9527017830406969,48.122406075215366,52.956816395555805,0.6657754010695187,True
"국립남도국악원 추석특별공연, 연희공감",한국음악(국악),호남,국립남도국악원,0.8346,1,434.0,434.0,0.0,0.0,5,0.5249013343356512,0.42242714562485917,0.9527017830406969,48.122406075215366,52.956816395555805,0.6657754010695187,True
"국립남도국악원 토요상설, 국악이 좋다: 토끼가 어떻게 생겼소?",뮤지컬,호남,국립남도국악원,0.8346,1,434.0,434.0,0.0,0.0,5,0.5249013343356512,0.42242714562485917,0.9527017830406969,48.122406075215366,52.956816395555805,0.6657754010695187,True
"국립남도국악원 토요상설, 국악이 좋다: 월하금무",한국음악(국악),호남,국립남도국악원,0.8346,1,434.0,434.0,0.0,0.0,5,0.5249013343356512,0.42242714562485917,0.9527017830406969,48.122406075215366,52.956816395555805,0.6657754010695187,True
"국립남도국악원 토요상설, 국악이 좋다: 호랭이가 답싹 물어갈 뺑파야",한국음악(국악),호남,국립남도국악원,0.8346,1,434.0,434.0,0.0,0.0,5,0.5249013343356512,0.42242714562485917,0.9527017830406969,48.122406075215366,52.956816395555805,0.6657754010695187,True
"국립남도국악원 토요상설, 국악이 좋다: 귀향",한국음악(국악),호남,국립남도국악원,0.8346,1,434.0,434.0,0.0,0.0,5,0.5249013343356512,0.42242714562485917,0.9527017830406969,48.122406075215366,52.956816395555805,0.6657754010695187,True
"국립남도국악원 토요상설, 국악이 좋다: 다시, 삶",한국음악(국악),호남,국립남도국악원,0.8346,1,434.0,434.0,0.0,0.0,5,0.5249013343356512,0.42242714562485917,0.9527017830406969,48.122406075215366,52.956816395555805,0.6657754010695187,True
"국립남도국악원 토요상설, 국악이 좋다: 전주시립국악단 초청공연, 여울빛 콘서트",한국음악(국악),호남,국립남도국악원,0.8346,1,434.0,434.0,0.0,0.0,5,0.5249013343356512,0.42242714562485917,0.9527017830406969,48.122406075215366,52.956816395555805,0.6657754010695187,True
"국립남도국악원 토요상설, 국악이 좋다: 전통의 미래",한국음악(국악),호남,국립남도국악원,0.8346,1,434.0,434.0,0.0,0.0,5,0.5249013343356512,0.42242714562485917,0.9527017830406969,48.122406075215366,52.956816395555805,0.6657754010695187,True
"한글날 기념 기획공연, 세종이 꿈꾸었던 세상: 바른, 고른, 너른, 누리",한국음악(국악),호남,국립남도국악원,0.8346,1,434.0,434.0,0.0,0.0,5,0.5249013343356512,0.42242714562485917,0.9527017830406969,48.122406075215366,52.956816395555805,0.6657754010695187,True
스크루지의 크리스마스 캐럴 [경산],뮤지컬,영남,천마아트센터,0.8475,1,1601.0,1601.0,0.0,0.0,7,0.5361639863613177,0.5803136247492424,0.9527017830406969,55.34057796991531,52.94340979591276,0.6557539682539683,True
"ACC 수요극장, 사의 찬미",뮤지컬,호남,국립아시아문화전당,0.9234,1,229.0,229.0,0.0,0.0,6,0.6254731924718769,0.32427100114965246,0.9527017830406969,48.093730497956145,52.92814081829658,0.6443850267379679,True
"김종규 지휘자와 함께하는 뮤지컬의 밤, 레미제라블",뮤지컬,영남,서울주문화센터,0.9843,1,313.0,313.0,0.0,0.0,3,0.720380164845491,0.3716448244739249,0.9527017830406969,55.282577506099614,52.88540933209706,0.6547619047619048,True
스냅,뮤지컬,제주,제주아트센터,0.7711,2,1470.0,735.0,0.0,0.0,6,0.46933981260235724,0.7321034858135794,0.9527017830406969,56.068821421661454,52.8852613160701,0.6263736263736264,True
울산시립합창단과 함께하는 울산 그리고 울주의 노래,서양음악(클래식),영남,울주문화예술회관,0.9638,1,373.0,373.0,0.0,0.0,5,0.6847397105807179,0.3993338082338706,0.9527017830406969,55.18864621408319,52.79147804008064,0.6512896825396826,True
신박한 예술지원해Dream: 헬로우! 미스터 하이든,서양음악(클래식),영남,울주문화예술회관,0.9638,1,373.0,373.0,0.0,0.0,5,0.6847397105807179,0.3993338082338706,0.9527017830406969,55.18864621408319,52.79147804008064,0.6512896825396826,True
"선사소녀, 노을다 [울주]",한국음악(국악),영남,울주문화예술회관,0.9638,1,373.0,373.0,0.0,0.0,5,0.6847397105807179,0.3993338082338706,0.9527017830406969,55.18864621408319,52.79147804008064,0.6512896825396826,True
"신박한 예술지원해Dream: 오늘, 씻김하다 [울산]",무용(서양/한국무용),영남,울주문화예술회관,0.9638,1,373.0,373.0,0.0,0.0,5,0.6847397105807179,0.3993338082338706,0.9527017830406969,55.18864621408319,52.79147804008064,0.6512896825396826,True
리듬 오브 라틴 [울주],대중음악,영남,울주문화예술회관,0.9638,1,373.0,373.0,0.0,0.0,5,0.6847397105807179,0.3993338082338706,0.9527017830406969,55.18864621408319,52.79147804008064,0.6512896825396826,True
반구대 암각화 그림 속 고래가 살아 춤추다 [울산],무용(서양/한국무용),영남,울주문화예술회관,0.9638,1,373.0,373.0,0.0,0.0,5,0.6847397105807179,0.3993338082338706,0.9527017830406969,55.18864621408319,52.79147804008064,0.6512896825396826,True
"제29회 서구여성합창단 정기연주회, 꽃바람이 옷깃을 스칠 때",서양음악(클래식),영남,대구서구문화회관,0.9469,1,428.0,428.0,0.0,0.0,3,0.6613552769350551,0.42062141030929273,0.9527017830406969,55.18454218373533,52.78737400973278,0.6478174603174603,True
"바다탐험대 옥토넛 시즌3, 바다넘어 육지까지 [안동]",뮤지컬,영남,경북도청 동락관,0.75835,2,1324.0,662.0,0.0,0.0,2,0.46109753805675624,0.7224977685464471,0.9527017830406969,55.18363266047357,52.78646448647102,0.6468253968253969,True
제27회 행복북구합창단 정기연주회,서양음악(클래식),영남,어울아트센터(구. 대구북구문예회관),0.9529,1,405.0,405.0,0.0,0.0,5,0.6694364646817194,0.4127571974767345,0.9527017830406969,55.17006314261755,52.772894968615,0.6458333333333334,True
뒤란 (09.11),대중음악,영남,울산문화예술회관,0.8585,1,1226.0,1226.0,0.0,0.0,5,0.5471044647891106,0.5584569684973932,0.9527017830406969,55.161750700089115,52.76458252608656,0.6448412698412699,True
이글루베이 X 무대기술 아카데미 space 콘서트 결과발표회,대중음악,경인,수원SK아트리움,0.9326,1,886.0,886.0,0.0,0.0,5,0.6397696458775204,0.5171849021882278,0.9527017830406969,58.75874535002915,52.75874535002915,0.6732394366197183,True
"제8회 오석문화제, 다시, 민족을 생각한다 [수원]",무용(서양/한국무용),경인,진아트센터,1.0568,1,186.0,186.0,0.0,0.0,0,0.9234703466050957,0.298169028045636,0.9527017830406969,58.754182041028066,52.754182041028066,0.671830985915493,True
안락한 유품정리사 [수원],연극,경인,진아트센터,1.0568,1,186.0,186.0,0.0,0.0,0,0.9234703466050957,0.298169028045636,0.9527017830406969,58.754182041028066,52.754182041028066,0.671830985915493,True
"제22회 광산구립합창단 정기연주회, 가장 아름다운 노래",서양음악(클래식),호남,광산문화예술회관,0.8278,1,447.0,447.0,0.0,0.0,1,0.5177598195827852,0.4266716465509196,0.9527017830406969,47.919747399725054,52.75415772006549,0.6417112299465241,True
"로사오케스트라심포닉아트, 가야금, 마법에 빠지다: 우리가락 악 가 무",한국음악(국악),영남,대덕문화전당,0.931,1,499.0,499.0,0.0,0.0,4,0.63775606089081,0.44310652610463097,0.9527017830406969,55.131018441129406,52.733850267126854,0.6438492063492064,True
한양대학교 무용예술학과 정기공연: Dance of Hanyang,무용(서양/한국무용),경인,안산문화예술의전당,0.9469,1,678.0,678.0,0.0,0.0,6,0.6613552769350551,0.4909096251569425,0.9527017830406969,58.703164430400456,52.703164430400456,0.6685446009389672,True
한양대학교 무용예술학과 졸업공연: Dance of Hanyang,무용(서양/한국무용),경인,안산문화예술의전당,0.9469,1,678.0,678.0,0.0,0.0,6,0.6613552769350551,0.4909096251569425,0.9527017830406969,58.703164430400456,52.703164430400456,0.6685446009389672,True
하트아트합창 창단연주회 [안산],서양음악(클래식),경인,안산문화예술의전당,0.9469,1,678.0,678.0,0.0,0.0,6,0.6613552769350551,0.4909096251569425,0.9527017830406969,58.703164430400456,52.703164430400456,0.6685446009389672,True
"화이팅! 대한민국!, 색소폰 앙상블 행복 나눔 가을 콘서트 [안산]",서양음악(클래식),경인,안산문화예술의전당,0.9469,1,678.0,678.0,0.0,0.0,6,0.6613552769350551,0.4909096251569425,0.9527017830406969,58.703164430400456,52.703164430400456,0.6685446009389672,True
안산시민과 함께하는 제10회 안산 브라보 윈드오케스트라 정기연주회,서양음악(클래식),경인,안산문화예술의전당,0.9469,1,678.0,678.0,0.0,0.0,6,0.6613552769350551,0.4909096251569425,0.9527017830406969,58.703164430400456,52.703164430400456,0.6685446009389672,True
강릉합창대축제,서양음악(클래식),기타,강릉아트센터 (구. 강릉문화예술관),0.69855,2,1358.0,679.0,0.0,0.0,7,0.40830133970521115,0.7241801909182467,0.9527017830406969,51.34842644916275,52.70271640215957,0.7658227848101266,True
"허유진 대금 독주회, 춤추는 대금",한국음악(국악),영남,국립부산국악원,0.9928,1,274.0,274.0,0.0,0.0,5,0.7530673611297554,0.3445335271541881,0.9527017830406969,55.079868050511635,52.68269987650908,0.6408730158730159,True
조예진 창작가야금 아카이브 1,한국음악(국악),영남,국립부산국악원,0.9928,1,274.0,274.0,0.0,0.0,5,0.7530673611297554,0.3445335271541881,0.9527017830406969,55.079868050511635,52.68269987650908,0.6408730158730159,True
신현주 가야금병창 독주회,한국음악(국악),영남,국립부산국악원,0.9928,1,274.0,274.0,0.0,0.0,5,0.7530673611297554,0.3445335271541881,0.9527017830406969,55.079868050511635,52.68269987650908,0.6408730158730159,True
"신희재 일곱 번째 대금 독주회, 산조",한국음악(국악),영남,국립부산국악원,0.9928,1,274.0,274.0,0.0,0.0,5,0.7530673611297554,0.3445335271541881,0.9527017830406969,55.079868050511635,52.68269987650908,0.6408730158730159,True
김현승 가야금 독주회,한국음악(국악),영남,국립부산국악원,0.9928,1,274.0,274.0,0.0,0.0,5,0.7530673611297554,0.3445335271541881,0.9527017830406969,55.079868050511635,52.68269987650908,0.6408730158730159,True
"ACC 수요극장, 패왕별희",한국음악(국악),호남,국립아시아문화전당,0.9194,1,228.0,228.0,0.0,0.0,6,0.6204795017048352,0.323964919257036,0.9527017830406969,47.84490065340183,52.67931097374227,0.6390374331550802,True
경계: 모든 경계는 넘어서다,무용(서양/한국무용),경인,하남문화예술회관,0.8761,2,622.0,311.0,0.0,0.0,4,0.5642467849759712,0.6215411262408164,0.9527017830406969,58.650187393946716,52.650187393946716,0.6657276995305165,True
앙금당실 토별가 [함양],연극,영남,함양문화예술회관,0.9383,1,456.0,456.0,0.0,0.0,2,0.6486965393186028,0.4299762706445994,0.9527017830406969,55.030409437228265,52.63324126322571,0.6378968253968254,True
제78주년 광복절 기념 음악회 [김제],서양음악(클래식),호남,김제문화예술회관,0.8361,1,408.0,408.0,0.0,0.0,4,0.525760463929981,0.41429588216445484,0.9527017830406969,47.79659971337961,52.631010033720045,0.6363636363636364,True
"서구愛마토콘서트, 행진",서양음악(클래식),영남,대구서구문화회관,0.9447,1,427.0,427.0,0.0,0.0,3,0.6586436491529519,0.42011774221827847,0.9527017830406969,55.02229668166615,52.6251285076636,0.6369047619047619,True
"국립합창단, 흥겨운 합창여행",서양음악(클래식),제주,서귀포예술의전당,0.9077,1,728.0,728.0,0.0,0.0,5,0.6023572368244422,0.49759829520273446,0.9527017830406969,55.80383333195626,52.62027322636491,0.6153846153846154,True
라라라온 [드림홀],대중음악,서울,드림홀,0.75335,2,226.0,113.0,0.0,0.0,1,0.4579429215775767,0.4786999495123565,0.9527017830406969,46.613548254937456,52.613548254937456,0.6350093109869647,True
따끈따끈 크리스마스,서커스/마술,충청,천안어린이꿈누리터(구. 천안시 어린이 회관),0.7833,4,940.0,235.0,0.0,0.0,5,0.47837409724273094,0.7077584394769385,0.9527017830406969,55.951871308882126,52.595699672290024,0.6851851851851852,True
"광주시립창극단 특별공연, 국립광주박물관과 함께하는 판소리 감상회 (6월)",한국음악(국악),호남,국립광주박물관,0.9098,1,242.0,242.0,0.0,0.0,2,0.6088409804816495,0.3307244471533852,0.9527017830406969,47.696756362138565,52.531166682479004,0.6336898395721925,True
"제7회 영훈고 OB 합창단 정기연주회, Family",서양음악(클래식),서울,꿈의숲아트센터,0.8837,1,266.0,266.0,0.0,0.0,8,0.5713077563293688,0.34183219686557614,0.9527017830406969,46.520809008559496,52.520809008559496,0.6340782122905028,True
"경남청년콘서트, 제2회 청년거리문화페스티벌: BUSKER TO STAGE 2",대중음악,영남,김해문화의전당,0.8538,1,1250.0,1250.0,0.0,0.0,8,0.5425000671194996,0.5593243562702522,0.9527017830406969,54.91681863421479,52.51965046021224,0.6359126984126984,True
양산시립합창단 정기연주회: 가을의 향연,서양음악(클래식),영남,양산문화예술회관,0.8995,1,716.0,716.0,0.0,0.0,5,0.5871211104250007,0.49615804678948555,0.9527017830406969,54.88891338889338,52.49174521489083,0.6349206349206349,True
"한여름밤의 꿈, 파이커 X 송창식",대중음악,기타,철원군 화강문화센터,0.9253,1,322.0,322.0,0.0,0.0,6,0.6274867774585873,0.37558757654242403,0.9527017830406969,51.10309866481798,52.45738861781479,0.759493670886076,True
크리스마스 선물 [논산],서양음악(클래식),충청,논산아트센터(구. 논산문화예술회관),0.9339,1,523.0,523.0,0.0,0.0,5,0.6417429591644964,0.4524839352254504,0.9527017830406969,55.803049595072686,52.446877958480584,0.6805555555555556,True
코지 판 투테 [부산],서양음악(클래식),영남,부산문화회관,0.76055,2,1191.0,595.5,0.0,0.0,7,0.4626144387467447,0.7077139943752044,0.9527017830406969,54.83711817497393,52.43995000097138,0.6339285714285714,True
제11회 카라싱어즈 정기연주회,서양음악(클래식),경인,안산문화예술의전당,0.9441,1,676.0,676.0,0.0,0.0,6,0.6562676188686337,0.49069062868870467,0.9527017830406969,58.42136382392133,52.42136382392133,0.6643192488262911,True
제12회 카라싱어즈 정기연주회,서양음악(클래식),경인,안산문화예술의전당,0.9441,1,676.0,676.0,0.0,0.0,6,0.6562676188686337,0.49069062868870467,0.9527017830406969,58.42136382392133,52.42136382392133,0.6643192488262911,True
"구석구석 문화배달, 울산! 혁신도시와 전통의 만남",한국음악(국악),영남,울산중구문화의전당,0.9339,1,466.0,466.0,0.0,0.0,4,0.6417429591644964,0.432726691617729,0.9527017830406969,54.81534366487084,52.418175490868286,0.6324404761904762,True
울산사람들과 함께하는 한여름 밤의 꿈,서양음악(클래식),영남,울산중구문화의전당,0.9339,1,466.0,466.0,0.0,0.0,4,0.6417429591644964,0.432726691617729,0.9527017830406969,54.81534366487084,52.418175490868286,0.6324404761904762,True
뷰티플마인드와 함께하는 가을음악회,서양음악(클래식),서울,롯데콘서트홀,0.695,1,1415.0,1415.0,0.0,0.0,6,0.4056434075227535,0.5679542240195798,0.9527017830406969,46.410044719700174,52.410044719700174,0.633147113594041,True
라라라온 [홍대],대중음악,서울,벨로주 [홍대] (구. 왓에버),0.71543333,3,264.0,88.0,0.0,0.0,3,0.4251349101941096,0.528256041969272,0.9527017830406969,46.371788935319024,52.371788935319024,0.6322160148975792,True
이천문화재단과 벽산문화재단이 함께하는 The 넥스트 클래식,서양음악(클래식),경인,이천아트홀,0.9108,1,1093.0,1093.0,0.0,0.0,6,0.6099820119741187,0.5459343909443386,0.9527017830406969,58.35074404545425,52.35074404545425,0.6629107981220658,True
김해를 대표하는 유학파 성악가들과 떠나는 이탈리아 음악여행,서양음악(클래식),영남,김해서부문화센터,0.9045,1,625.0,625.0,0.0,0.0,5,0.5968668617606787,0.48090063015768614,0.9527017830406969,54.74552423951414,52.34835606551159,0.6304563492063492,True
"A.D.M 오페라단 초청 김해 상하이 친선, 한중 가곡과 아리아의 밤 [김해]",서양음악(클래식),영남,김해서부문화센터,0.9045,1,625.0,625.0,0.0,0.0,5,0.5968668617606787,0.48090063015768614,0.9527017830406969,54.74552423951414,52.34835606551159,0.6304563492063492,True
"화성시 예술단 마티네 콘서트: 바로크, 일그러진 진주",서양음악(클래식),경인,반석아트홀 (동탄복합문화센터),0.9672,1,530.0,530.0,0.0,0.0,5,0.6898542164469622,0.45372540800071925,0.9527017830406969,58.340699743907756,52.340699743907756,0.6619718309859155,True
"ACC 수요극장, 피가로의 결혼",서양음악(클래식),호남,국립아시아문화전당,0.9153,1,227.0,227.0,0.0,0.0,6,0.6135393454506404,0.3236507830244727,0.9527017830406969,47.50464927188048,52.33905959222092,0.6310160427807486,True
하루끝 음악회 With Dance [제주],서양음악(클래식),제주,서귀포예술의전당,1.0,1,190.0,190.0,0.0,0.0,5,0.8357585845839933,0.30063351998638876,0.9527017830406969,55.52179118911478,52.338231083523425,0.6043956043956044,True
제11회 충주시민 한마음 음악회: 그대를 위한 노래,서양음악(클래식),충청,충주시문화회관,0.901,1,801.0,801.0,0.0,0.0,1,0.5922893118908905,0.5078329985844483,0.9527017830406969,55.69403769669222,52.33786606010012,0.6759259259259259,True
"울산시립무용단과 함께하는 울주, 춤으로 날다",무용(서양/한국무용),영남,울주문화예술회관,0.9587,1,371.0,371.0,0.0,0.0,5,0.6761215668375976,0.3983095307570937,0.9527017830406969,54.71459046067578,52.31742228667323,0.628968253968254,True
"청라블루노바홀 신년음악회, 모두에게 희망을",서양음악(클래식),경인,청라복합문화센터 블루노바홀,0.9774,1,475.0,475.0,0.0,0.0,4,0.7090503933202674,0.43476877251639073,0.9527017830406969,58.30551001577171,52.30551001577171,0.6610328638497652,True
공룡 애니멀 쇼 [서울 중랑],서커스/마술,서울,중랑구민회관,0.8097,1,400.0,400.0,0.0,0.0,3,0.5007114666953043,0.41026830465681363,0.9527017830406969,46.23594186864995,52.23594186864995,0.6312849162011173,True
겁쟁이 빌리 [양양],뮤지컬,기타,양양문화복지회관,0.9,1,396.0,396.0,0.0,0.0,2,0.589000456412597,0.4083491798771912,0.9527017830406969,50.87237974747425,52.226669700471064,0.7531645569620253,True
"전국풍류자랑 우수작품 순회공연 2, 보배로운 잔치 [강릉]",한국음악(국악),기타,강릉아트센터 (구. 강릉문화예술관),0.9117,1,351.0,351.0,0.0,0.0,7,0.6110827717668537,0.38595174419028666,0.9527017830406969,50.84792407855821,52.20221403155502,0.7468354430379747,True
제40회 대학생을 위한 프랑스 가곡과 아리아의 밤,서양음악(클래식),서울,꿈의숲아트센터,0.8771,1,264.0,264.0,0.0,0.0,8,0.5651998818696807,0.34124419610018364,0.9527017830406969,46.189934552590884,52.189934552590884,0.6303538175046555,True
"ACC 수요극장, 귀토",한국음악(국악),호남,국립아시아문화전당,0.9113,1,226.0,226.0,0.0,0.0,6,0.6107203264692459,0.323253894402586,0.9527017830406969,47.35032139404842,52.18473171438886,0.6283422459893048,True
"서울청춘합창단, 아름다운 동행 [장흥]",서양음악(클래식),호남,장흥문화예술회관,0.8266,1,410.0,410.0,0.0,0.0,5,0.5167396031895186,0.41485827556498833,0.9527017830406969,47.32852300671459,52.16293332705503,0.6256684491978609,True
나는 지금 경로 이탈 중,연극,서울,성균소극장,0.72333333,3,217.0,72.33,0.0,0.0,1,0.4317931645501651,0.5099601513582381,0.9527017830406969,46.15087658061078,52.15087658061078,0.6294227188081937,True
애니: 공개 드레스 리허설,뮤지컬,경인,하남문화예술회관,0.9276,1,845.0,845.0,0.0,0.0,4,0.6309367197358177,0.5133590060547121,0.9527017830406969,58.09783599895061,52.09783599895061,0.6600938967136151,True
쇼미더끼 [안산],서양음악(클래식),경인,안산문화예술의전당,1.1429,1,160.0,160.0,0.0,0.0,6,0.9304641984589362,0.2864551467622498,0.9527017830406969,58.082119004732256,52.082119004732256,0.6591549295774648,True
마림바 콘서트,서양음악(클래식),경인,세종국악당,0.9897,1,384.0,384.0,0.0,0.0,1,0.7407710688109109,0.40322119947301466,0.9527017830406969,58.08015280959111,52.08015280959111,0.6568075117370892,True
캔버스 사파리,서커스/마술,경인,세종국악당,0.9897,1,384.0,384.0,0.0,0.0,1,0.7407710688109109,0.40322119947301466,0.9527017830406969,58.08015280959111,52.08015280959111,0.6568075117370892,True
퓨전국악 콘서트,한국음악(국악),경인,세종국악당,0.9897,1,384.0,384.0,0.0,0.0,1,0.7407710688109109,0.40322119947301466,0.9527017830406969,58.08015280959111,52.08015280959111,0.6568075117370892,True
존노 & 박현수의 가곡음악회 [여주],서양음악(클래식),경인,세종국악당,0.9897,1,384.0,384.0,0.0,0.0,1,0.7407710688109109,0.40322119947301466,0.9527017830406969,58.08015280959111,52.08015280959111,0.6568075117370892,True
탭댄스 콘서트: 더 탭시티24,대중무용,서울,강동아트센터,0.896,1,224.0,224.0,0.0,0.0,7,0.5833221467500739,0.3223789450545439,0.9527017830406969,46.014186369659335,52.014186369659335,0.6284916201117319,True
찐친 블루스 [인천],연극,경인,인천학생교육문화회관,0.9578,1,567.0,567.0,0.0,0.0,5,0.6749939592450399,0.46213147052809866,0.9527017830406969,58.00776723833159,52.00776723833159,0.6539906103286385,True
송년음악회: 사랑의 선물,서양음악(클래식),경인,인천학생교육문화회관,0.9578,1,567.0,567.0,0.0,0.0,5,0.6749939592450399,0.46213147052809866,0.9527017830406969,58.00776723833159,52.00776723833159,0.6539906103286385,True
"키즈페스티벌, 학생오케스트라페스티벌: 표준오케스트라",서양음악(클래식),영남,수성아트피아,0.8619,1,999.0,999.0,0.0,0.0,3,0.5505678309662523,0.5309852310313212,0.9527017830406969,54.26495861761524,51.86779044361269,0.6279761904761905,True
"경산시립극단, 원효와 요석",뮤지컬,영남,천마아트센터,0.7152,2,2702.0,1351.0,0.0,0.0,7,0.42482616049614735,0.7832211329395868,0.9527017830406969,54.260090066995424,51.86292189299287,0.626984126984127,True
TBC문화재단 합창페스티벌,서양음악(클래식),영남,대구콘서트하우스,0.8505,1,1092.0,1092.0,0.0,0.0,7,0.5395199613391682,0.5456779434963852,0.9527017830406969,54.197477083728415,51.800308909725864,0.6254960317460317,True
대한민국 환경합창제: 맑은 하늘 더 높이!,서양음악(클래식),영남,대구콘서트하우스,0.8505,1,1092.0,1092.0,0.0,0.0,7,0.5395199613391682,0.5456779434963852,0.9527017830406969,54.197477083728415,51.800308909725864,0.6254960317460317,True
"제174회 경상북도 도립교향악단 정기연주회, 마술피리",서양음악(클래식),영남,문경문화예술회관,0.8871,1,731.0,731.0,0.0,0.0,3,0.5733616130158133,0.497961386179779,0.9527017830406969,54.19203188612648,51.79486371212393,0.6240079365079365,True
"보광동 아트페스티벌, 우리 읍내",연극,서울,보광극장,0.8333,2,50.0,25.0,0.0,0.0,1,0.5230622600477891,0.37479338104360704,0.9527017830406969,45.777154825073616,51.777154825073616,0.62756052141527,True
비틀어진 사계 속 영도,서양음악(클래식),영남,영도문화예술회관,0.9393,1,402.0,402.0,0.0,0.0,3,0.6499852337100974,0.41158442448607735,0.9527017830406969,54.14092443328876,51.74375625928621,0.623015873015873,True
"극단 촌벽, 이별을 위한 세레나데 (나혜석의 꿈) [수원]",연극,경인,수원시민회관,0.9894,1,372.0,372.0,0.0,0.0,1,0.7387843316240235,0.3985444999651888,0.9527017830406969,57.71667897353184,51.71667897353184,0.652112676056338,True
"달나라 로켓펀치, 동백꽃 피어나는 어느 봄날에 [수원]",연극,경인,수원시민회관,0.9894,1,372.0,372.0,0.0,0.0,1,0.7387843316240235,0.3985444999651888,0.9527017830406969,57.71667897353184,51.71667897353184,0.652112676056338,True
광명문화재단 신년음악회: 만사여의(萬事如意),한국음악(국악),경인,광명시민회관,0.9623,1,510.0,510.0,0.0,0.0,7,0.6820683544983489,0.4491349782770538,0.9527017830406969,57.70952394250214,51.70952394250214,0.6507042253521127,True
반도지형도 [창원],한국음악(국악),영남,진해문화센터(진해구민회관),0.9468,1,374.0,374.0,0.0,0.0,5,0.6611807662362069,0.4001378488074458,0.9527017830406969,54.08489364925499,51.687725475252435,0.6220238095238095,True
SBS 김정택 팝오케스트라와 함께하는 콘서트 [양양],서양음악(클래식),기타,양양문화복지회관,0.8909,1,392.0,392.0,0.0,0.0,2,0.579321824576476,0.4074314099894691,0.9527017830406969,50.3238358016052,51.678125754602014,0.740506329113924,True
"세종시립청소년교향악단, 크리스마스 콘서트: 기적",서양음악(클래식),충청,세종예술의전당,0.8805,1,943.0,943.0,0.0,0.0,1,0.5688914543453164,0.5231404574095477,0.9527017830406969,55.01295444057844,51.65678280398634,0.6712962962962963,True
"미드바콰이어 & 앙상블 아니마, 3rd Step",서양음악(클래식),영남,수성아트피아,0.9801,1,295.0,295.0,0.0,0.0,3,0.7142185947861572,0.35562200761637575,0.9527017830406969,54.03736250520846,51.64019433120591,0.6175595238095238,True
"벨레스텔레와 함께하는 공감콘서트, 청춘스케치 [대구]",서양음악(클래식),영남,수성아트피아,0.9801,1,295.0,295.0,0.0,0.0,3,0.7142185947861572,0.35562200761637575,0.9527017830406969,54.03736250520846,51.64019433120591,0.6175595238095238,True
그리운메아리 서른다섯번째 겨울 대발표회,서양음악(클래식),영남,수성아트피아,0.9801,1,295.0,295.0,0.0,0.0,3,0.7142185947861572,0.35562200761637575,0.9527017830406969,54.03736250520846,51.64019433120591,0.6175595238095238,True
마니죤 튜닝밴드 정기연주회,서양음악(클래식),영남,수성아트피아,0.9801,1,295.0,295.0,0.0,0.0,3,0.7142185947861572,0.35562200761637575,0.9527017830406969,54.03736250520846,51.64019433120591,0.6175595238095238,True
제5회 뮤레베 앙상블 정기연주회: Oh! Happy Piano Day,서양음악(클래식),영남,수성아트피아,0.9801,1,295.0,295.0,0.0,0.0,3,0.7142185947861572,0.35562200761637575,0.9527017830406969,54.03736250520846,51.64019433120591,0.6175595238095238,True
제26회 영호남 대음악제 [대구],서양음악(클래식),영남,수성아트피아,0.9801,1,295.0,295.0,0.0,0.0,3,0.7142185947861572,0.35562200761637575,0.9527017830406969,54.03736250520846,51.64019433120591,0.6175595238095238,True
이한나 귀국 플루트 독주회 [대구],서양음악(클래식),영남,수성아트피아,0.9801,1,295.0,295.0,0.0,0.0,3,0.7142185947861572,0.35562200761637575,0.9527017830406969,54.03736250520846,51.64019433120591,0.6175595238095238,True
소리로 읽는 책장: 문학의 음악 플레이리스트,서양음악(클래식),영남,수성아트피아,0.9801,1,295.0,295.0,0.0,0.0,3,0.7142185947861572,0.35562200761637575,0.9527017830406969,54.03736250520846,51.64019433120591,0.6175595238095238,True
"당진문예의전당 & 당진시립합창단, 송년음악회 [당진]",서양음악(클래식),충청,당진문예의전당,0.8861,1,887.0,887.0,0.0,0.0,5,0.5728246570193573,0.5172409427177647,0.9527017830406969,54.990818015824516,51.634646379232414,0.6666666666666666,True
제8회 탄츠올림프아시아 국제무용콩쿠르 [고양],무용(서양/한국무용),경인,고양어울림누리,0.8197,3,900.0,300.0,0.0,0.0,8,0.5092087953392219,0.6933018088269864,0.9527017830406969,57.611140279046445,51.611140279046445,0.6497652582159624,True
나무에서 별이 열린다면 [인천 연수],연극,경인,청학아트홀,0.9009,2,400.0,200.0,0.0,0.0,1,0.5921550728917765,0.5527388181122228,0.9527017830406969,57.60620409111128,51.60620409111128,0.6488262910798122,True
제2회 고령군 청년의 날 기념공연: CRESENDO [고령],뮤지컬,영남,경북고령대가야문화누리 (구. 대가야국악당),0.9044,1,577.0,577.0,0.0,0.0,4,0.5965983837624507,0.4641852591015807,0.9527017830406969,53.96171965720007,51.56455148319752,0.6130952380952381,True
"전국풍류자랑 우수작품 순회공연 1, 반도지형도 [강릉]",한국음악(국악),기타,강릉아트센터 (구. 강릉문화예술관),0.9065,1,349.0,349.0,0.0,0.0,7,0.5992697398448197,0.38475783280986225,0.9527017830406969,50.19360597133991,51.54789592433673,0.7310126582278481,True
제30회 강릉프리모어린이합창단 정기연주회,서양음악(클래식),기타,강릉아트센터 (구. 강릉문화예술관),0.9065,1,349.0,349.0,0.0,0.0,7,0.5992697398448197,0.38475783280986225,0.9527017830406969,50.19360597133991,51.54789592433673,0.7310126582278481,True
"문화가 있는 날, 해설이 있는 음악회: 아트벌룬 콘서트",서양음악(클래식),영남,온양문화복지센터,0.9858,1,278.0,278.0,0.0,0.0,3,0.7252127688135958,0.34598959539262136,0.9527017830406969,53.93919750304084,51.542029329038286,0.6121031746031746,True
"SAC on SCREEN, 춘향탈옥 [김해]",서양음악(클래식),영남,김해서부문화센터,0.8958,1,619.0,619.0,0.0,0.0,5,0.5830805165516686,0.4795591748436362,0.9527017830406969,53.92299422515986,51.52582605115731,0.6096230158730159,True
돌아온다 [김해],연극,영남,김해서부문화센터,0.8958,1,619.0,619.0,0.0,0.0,5,0.5830805165516686,0.4795591748436362,0.9527017830406969,53.92299422515986,51.52582605115731,0.6096230158730159,True
"김해 영아티스트 콘서트 시즌5, 클래식 유망주 편",서양음악(클래식),영남,김해서부문화센터,0.8958,1,619.0,619.0,0.0,0.0,5,0.5830805165516686,0.4795591748436362,0.9527017830406969,53.92299422515986,51.52582605115731,0.6096230158730159,True
"안중근, 천국에서의 춤 [김해]",무용(서양/한국무용),영남,김해서부문화센터,0.8958,1,619.0,619.0,0.0,0.0,5,0.5830805165516686,0.4795591748436362,0.9527017830406969,53.92299422515986,51.52582605115731,0.6096230158730159,True
"제225회 부산시립국악관현악단 정기연주회: 창단 40주년 기념음악회 불혹의 나이, 100년을 꿈꾸며...",한국음악(국악),영남,부산문화회관,0.8412,1,1192.0,1192.0,0.0,0.0,7,0.5296936666040218,0.5537603370854909,0.9527017830406969,53.91922069931028,51.52205252530773,0.6071428571428571,True
"청소년 힐링 콘서트, 틴텐타임 Ⅰ 경서 예지",대중음악,충청,당진 문화공감터,1.25,1,100.0,100.0,0.0,0.0,0,0.9374177786130427,0.24540053022817968,0.9527017830406969,54.8415991687201,51.485427532128,0.6574074074074074,True
"청소년 힐링 콘서트, 틴텐타임 Ⅱ. 케이시",대중음악,충청,당진 문화공감터,1.25,1,100.0,100.0,0.0,0.0,0,0.9374177786130427,0.24540053022817968,0.9527017830406969,54.8415991687201,51.485427532128,0.6574074074074074,True
"청소년 힐링 콘서트, 틴텐타임 Ⅲ. 디핵",대중음악,충청,당진 문화공감터,1.25,1,100.0,100.0,0.0,0.0,0,0.9374177786130427,0.24540053022817968,0.9527017830406969,54.8415991687201,51.485427532128,0.6574074074074074,True
"영아츠필하모닉 오케스트라, 그리운 날에",서양음악(클래식),영남,해운대문화회관,0.9301,1,426.0,426.0,0.0,0.0,6,0.6359035627030365,0.4197598168911439,0.9527017830406969,53.85612466512758,51.45895649112503,0.6056547619047619,True
엔니오 모리꼬네 시네마 OST콘서트 [부산],서양음악(클래식),영남,해운대문화회관,0.9301,1,426.0,426.0,0.0,0.0,6,0.6359035627030365,0.4197598168911439,0.9527017830406969,53.85612466512758,51.45895649112503,0.6056547619047619,True
"국립합창단과 함께하는 좌충우돌 콘서트, 행복의 기원 [인천 부평]",서양음악(클래식),경인,부평아트센터,0.9217,1,800.0,800.0,0.0,0.0,10,0.6237146615834832,0.5075502470968176,0.9527017830406969,57.435868070450034,51.435868070450034,0.647887323943662,True
남양주시립합창단 기획연주회: 칸티아모 (2.28),서양음악(클래식),경인,별빛도서관,1.0,1,233.0,233.0,0.0,0.0,6,0.8357585845839933,0.3263366843333728,0.9527017830406969,57.37396529606777,51.37396529606777,0.6469483568075117,True
서울대학교 동문 합창단 정기연주회 [성남],서양음악(클래식),경인,성남아트센터,0.9074,1,1000.0,1000.0,0.0,0.0,7,0.6005047386366688,0.5346319947191684,0.9527017830406969,57.32338677084633,51.32338677084633,0.6413145539906103,True
"제11회 올키즈스트라 정기연주회, 다시 만난 세계",서양음악(클래식),경인,성남아트센터,0.9074,1,1000.0,1000.0,0.0,0.0,7,0.6005047386366688,0.5346319947191684,0.9527017830406969,57.32338677084633,51.32338677084633,0.6413145539906103,True
제10회 초림오케스트라 정기연주회,서양음악(클래식),경인,성남아트센터,0.9074,1,1000.0,1000.0,0.0,0.0,7,0.6005047386366688,0.5346319947191684,0.9527017830406969,57.32338677084633,51.32338677084633,0.6413145539906103,True
가천 필하모닉 정기연주회,서양음악(클래식),경인,성남아트센터,0.9074,1,1000.0,1000.0,0.0,0.0,7,0.6005047386366688,0.5346319947191684,0.9527017830406969,57.32338677084633,51.32338677084633,0.6413145539906103,True
아름다운 동행,서양음악(클래식),경인,성남아트센터,0.9074,1,1000.0,1000.0,0.0,0.0,7,0.6005047386366688,0.5346319947191684,0.9527017830406969,57.32338677084633,51.32338677084633,0.6413145539906103,True
Gachon Wind Orchestra 정기연주회,서양음악(클래식),경인,성남아트센터,0.9074,1,1000.0,1000.0,0.0,0.0,7,0.6005047386366688,0.5346319947191684,0.9527017830406969,57.32338677084633,51.32338677084633,0.6413145539906103,True
가천대학교 정기연주회: Gachon Philhamonic Orchestra,서양음악(클래식),경인,성남아트센터,0.9074,1,1000.0,1000.0,0.0,0.0,7,0.6005047386366688,0.5346319947191684,0.9527017830406969,57.32338677084633,51.32338677084633,0.6413145539906103,True
제15회 늘푸른초 가을 음악회,서양음악(클래식),경인,성남아트센터,0.9074,1,1000.0,1000.0,0.0,0.0,7,0.6005047386366688,0.5346319947191684,0.9527017830406969,57.32338677084633,51.32338677084633,0.6413145539906103,True
"서울만돌린체임버 & 성남만돌린오케스트라 & 아르떼만돌린앙상블, The Mandolin Gala Concert",서양음악(클래식),경인,성남아트센터,0.9074,1,1000.0,1000.0,0.0,0.0,7,0.6005047386366688,0.5346319947191684,0.9527017830406969,57.32338677084633,51.32338677084633,0.6413145539906103,True
제11회 초림오케스트라 정기연주회,서양음악(클래식),경인,성남아트센터,0.9074,1,1000.0,1000.0,0.0,0.0,7,0.6005047386366688,0.5346319947191684,0.9527017830406969,57.32338677084633,51.32338677084633,0.6413145539906103,True
제18회 경기교사필하모닉오케스트라 정기연주회,서양음악(클래식),경인,성남아트센터,0.9074,1,1000.0,1000.0,0.0,0.0,7,0.6005047386366688,0.5346319947191684,0.9527017830406969,57.32338677084633,51.32338677084633,0.6413145539906103,True
우리소리를 찾아서,한국음악(국악),경인,성남아트센터,0.9868,1,373.0,373.0,0.0,0.0,7,0.729025156388434,0.3993338082338706,0.9527017830406969,57.303340611490974,51.303340611490974,0.6215962441314554,True
"제37회 성남문화예술제, 연극제",연극,경인,성남아트센터,0.9868,1,373.0,373.0,0.0,0.0,7,0.729025156388434,0.3993338082338706,0.9527017830406969,57.303340611490974,51.303340611490974,0.6215962441314554,True
제9회 스윗하모니 오케스트라 정기연주회,서양음악(클래식),경인,성남아트센터,0.9868,1,373.0,373.0,0.0,0.0,7,0.729025156388434,0.3993338082338706,0.9527017830406969,57.303340611490974,51.303340611490974,0.6215962441314554,True
성남만돌린오케스트라 정기연주회,서양음악(클래식),경인,성남아트센터,0.9868,1,373.0,373.0,0.0,0.0,7,0.729025156388434,0.3993338082338706,0.9527017830406969,57.303340611490974,51.303340611490974,0.6215962441314554,True
제12회 로망스 기타합주단 정기연주회,서양음악(클래식),경인,성남아트센터,0.9868,1,373.0,373.0,0.0,0.0,7,0.729025156388434,0.3993338082338706,0.9527017830406969,57.303340611490974,51.303340611490974,0.6215962441314554,True
제12회 성남시시니어여성합창단 정기연주회,서양음악(클래식),경인,성남아트센터,0.9868,1,373.0,373.0,0.0,0.0,7,0.729025156388434,0.3993338082338706,0.9527017830406969,57.303340611490974,51.303340611490974,0.6215962441314554,True
김민지 바이올린 리사이틀,서양음악(클래식),경인,성남아트센터,0.9868,1,373.0,373.0,0.0,0.0,7,0.729025156388434,0.3993338082338706,0.9527017830406969,57.303340611490974,51.303340611490974,0.6215962441314554,True
"제41회 대한민국 연극제, 가족사진",연극,경인,성남아트센터,0.9868,1,373.0,373.0,0.0,0.0,7,0.729025156388434,0.3993338082338706,0.9527017830406969,57.303340611490974,51.303340611490974,0.6215962441314554,True
씽잉 포레스트 합창단 창단 음악회,서양음악(클래식),경인,성남아트센터,0.9868,1,373.0,373.0,0.0,0.0,7,0.729025156388434,0.3993338082338706,0.9527017830406969,57.303340611490974,51.303340611490974,0.6215962441314554,True
제2회 세실기타합주단 정기연주회: 가을의 불꽃 플라멩코,서양음악(클래식),경인,성남아트센터,0.9868,1,373.0,373.0,0.0,0.0,7,0.729025156388434,0.3993338082338706,0.9527017830406969,57.303340611490974,51.303340611490974,0.6215962441314554,True
마이심포니아 클래식축제,서양음악(클래식),경인,성남아트센터,0.9868,1,373.0,373.0,0.0,0.0,7,0.729025156388434,0.3993338082338706,0.9527017830406969,57.303340611490974,51.303340611490974,0.6215962441314554,True
박안나 피아노 독주회,서양음악(클래식),경인,성남아트센터,0.9868,1,373.0,373.0,0.0,0.0,7,0.729025156388434,0.3993338082338706,0.9527017830406969,57.303340611490974,51.303340611490974,0.6215962441314554,True
제35회 성남오라토리오합창단 정기연주회,서양음악(클래식),경인,성남아트센터,0.9868,1,373.0,373.0,0.0,0.0,7,0.729025156388434,0.3993338082338706,0.9527017830406969,57.303340611490974,51.303340611490974,0.6215962441314554,True
더 하나 패밀리 콘서트,서양음악(클래식),경인,성남아트센터,0.9868,1,373.0,373.0,0.0,0.0,7,0.729025156388434,0.3993338082338706,0.9527017830406969,57.303340611490974,51.303340611490974,0.6215962441314554,True
제25회 성남시장수무대,한국음악(국악),경인,성남아트센터,0.9868,1,373.0,373.0,0.0,0.0,7,0.729025156388434,0.3993338082338706,0.9527017830406969,57.303340611490974,51.303340611490974,0.6215962441314554,True
제1회 서울영재피아노아카데미 영아티스트 콘서트,서양음악(클래식),경인,성남아트센터,0.9868,1,373.0,373.0,0.0,0.0,7,0.729025156388434,0.3993338082338706,0.9527017830406969,57.303340611490974,51.303340611490974,0.6215962441314554,True
제9회 첼로포니아 정기연주회,서양음악(클래식),경인,성남아트센터,0.9868,1,373.0,373.0,0.0,0.0,7,0.729025156388434,0.3993338082338706,0.9527017830406969,57.303340611490974,51.303340611490974,0.6215962441314554,True
Gachon Chamber Orchestra 정기연주회,서양음악(클래식),경인,성남아트센터,0.9868,1,373.0,373.0,0.0,0.0,7,0.729025156388434,0.3993338082338706,0.9527017830406969,57.303340611490974,51.303340611490974,0.6215962441314554,True
울엄마 [성남],연극,경인,성남아트센터,0.9868,1,373.0,373.0,0.0,0.0,7,0.729025156388434,0.3993338082338706,0.9527017830406969,57.303340611490974,51.303340611490974,0.6215962441314554,True
"정길선의 국악 story: 기, 승, 전",한국음악(국악),경인,성남아트센터,0.9868,1,373.0,373.0,0.0,0.0,7,0.729025156388434,0.3993338082338706,0.9527017830406969,57.303340611490974,51.303340611490974,0.6215962441314554,True
구민희 피아노 독주회,서양음악(클래식),경인,성남아트센터,0.9868,1,373.0,373.0,0.0,0.0,7,0.729025156388434,0.3993338082338706,0.9527017830406969,57.303340611490974,51.303340611490974,0.6215962441314554,True
제7회 코리아아카데미 오케스트라 정기연주회,서양음악(클래식),경인,성남아트센터,0.9868,1,373.0,373.0,0.0,0.0,7,0.729025156388434,0.3993338082338706,0.9527017830406969,57.303340611490974,51.303340611490974,0.6215962441314554,True
제2회 마이 심포니 오케스트라 정기연주회,서양음악(클래식),경인,성남아트센터,0.9868,1,373.0,373.0,0.0,0.0,7,0.729025156388434,0.3993338082338706,0.9527017830406969,57.303340611490974,51.303340611490974,0.6215962441314554,True
제40회 C & K 유스오케스트라 정기연주회 [성남],서양음악(클래식),경인,성남아트센터,0.9868,1,373.0,373.0,0.0,0.0,7,0.729025156388434,0.3993338082338706,0.9527017830406969,57.303340611490974,51.303340611490974,0.6215962441314554,True
제13회 로망스 기타합주단 정기연주회,서양음악(클래식),경인,성남아트센터,0.9868,1,373.0,373.0,0.0,0.0,7,0.729025156388434,0.3993338082338706,0.9527017830406969,57.303340611490974,51.303340611490974,0.6215962441314554,True
"제38회 성남문화예술제연극제, 복사꽃 지고 송화 날리면",연극,경인,성남아트센터,0.9868,1,373.0,373.0,0.0,0.0,7,0.729025156388434,0.3993338082338706,0.9527017830406969,57.303340611490974,51.303340611490974,0.6215962441314554,True
제54회 분당윈드오케스트라 정기연주회 [성남],서양음악(클래식),경인,성남아트센터,0.9868,1,373.0,373.0,0.0,0.0,7,0.729025156388434,0.3993338082338706,0.9527017830406969,57.303340611490974,51.303340611490974,0.6215962441314554,True
드림온팝스앙상블과 여행스케치가 함께 떠나는 음악여행,서양음악(클래식),경인,성남아트센터,0.9868,1,373.0,373.0,0.0,0.0,7,0.729025156388434,0.3993338082338706,0.9527017830406969,57.303340611490974,51.303340611490974,0.6215962441314554,True
제3회 P.A. 피아노소사이어티 정기연주회 [성남],서양음악(클래식),경인,성남아트센터,0.9868,1,373.0,373.0,0.0,0.0,7,0.729025156388434,0.3993338082338706,0.9527017830406969,57.303340611490974,51.303340611490974,0.6215962441314554,True
드림온무용단의 JUMP UP,무용(서양/한국무용),경인,성남아트센터,0.9868,1,373.0,373.0,0.0,0.0,7,0.729025156388434,0.3993338082338706,0.9527017830406969,57.303340611490974,51.303340611490974,0.6215962441314554,True
제17회 에듀플루트 윈드 오케스트라 정기 연주회,서양음악(클래식),경인,성남아트센터,0.9868,1,373.0,373.0,0.0,0.0,7,0.729025156388434,0.3993338082338706,0.9527017830406969,57.303340611490974,51.303340611490974,0.6215962441314554,True
제3회 금천연극제,연극,서울,금천뮤지컬센터,0.5939,9,1053.0,117.0,0.0,0.0,3,0.3273686471393669,0.737424883231011,0.9527017830406969,45.30116443970035,51.30116443970035,0.6266294227188082,True
노이오페라코러스 spin-off 콘서트: 라보엠,서양음악(클래식),서울,꿈의숲아트센터,0.8605,1,259.0,259.0,0.0,0.0,8,0.5485408220796306,0.33974027761219666,0.9527017830406969,45.28810895998106,51.28810895998106,0.6256983240223464,True
"앨리스의 방 vol.01, 시나 쓰는 앨리스 소규모 단독공연",대중음악,서울,킬더유튜브,1.0,1,25.0,25.0,0.0,0.0,0,0.8357585845839933,0.1806327485231087,0.9527017830406969,45.28632758967316,51.28632758967316,0.6247672253258846,True
제5회 ONETHING ORCHESTRA 정기연주회,서양음악(클래식),경인,안산문화예술의전당,0.9302,1,666.0,666.0,0.0,0.0,6,0.6361451929014418,0.48923185869565267,0.9527017830406969,57.27164296886007,51.27164296886007,0.6065727699530516,True
제28회 경산시립합창단 정기연주회: MOZART REQUIEM,서양음악(클래식),영남,천마아트센터,0.8216,1,1552.0,1552.0,0.0,0.0,7,0.5105646092302736,0.5781191061471178,0.9527017830406969,53.65835489305869,51.26118671905614,0.6041666666666666,True
"신춘음악회, 드보르작을 봄(春)",서양음악(클래식),영남,포항문화예술회관,0.8643,1,841.0,841.0,0.0,0.0,4,0.5526888071522539,0.5129052442884336,0.9527017830406969,53.64178949730775,51.244621323305196,0.6031746031746031,True
수상한 흥신소 [고창],연극,호남,고창문화의전당,0.7872,1,492.0,492.0,0.0,0.0,2,0.4805621929282895,0.44012237635837015,0.9527017830406969,46.39585047534741,51.23026079568785,0.6229946524064172,True
왁스 & 고유진 (플라워) 콘서트,대중음악,충청,당진문예의전당,0.8781,1,879.0,879.0,0.0,0.0,5,0.5660053158643649,0.5164204366395684,0.9527017830406969,54.5624262781528,51.2062546415607,0.6481481481481481,True
사랑과전쟁 2,연극,서울,아트하우스,0.5894,9,1098.0,122.0,0.0,0.0,0,0.3247509866566435,0.7417311171220272,0.9527017830406969,45.1886000576936,51.1886000576936,0.6238361266294227,True
"구군네트워크 협력사업 결과발표회, ART REVOLUTION",대중음악,영남,어울아트센터(구. 대구북구문예회관),0.9341,1,397.0,397.0,0.0,0.0,5,0.6419577415630789,0.40851770928591125,0.9527017830406969,53.57821239074727,51.181044216744716,0.6021825396825397,True
MY UNIVERSE 경산 트롯의 향연,대중음악,영남,경산시민회관,0.8849,1,646.0,646.0,0.0,0.0,3,0.5720057991247617,0.48556433056034626,0.9527017830406969,53.57213684176312,51.17496866776057,0.6001984126984127,True
"경산시립교향악단 실내악 시리즈, CHAMBER MUSIC SERIES",서양음악(클래식),영남,경산시민회관,0.8849,1,646.0,646.0,0.0,0.0,3,0.5720057991247617,0.48556433056034626,0.9527017830406969,53.57213684176312,51.17496866776057,0.6001984126984127,True
"경산시민회관 특별기획공연: 잊혀진 가을, 추억여행 콘서트!",대중음악,영남,경산시민회관,0.8849,1,646.0,646.0,0.0,0.0,3,0.5720057991247617,0.48556433056034626,0.9527017830406969,53.57213684176312,51.17496866776057,0.6001984126984127,True
부산시립청소년교향악단 교류음악회: 우리의 봄 [세종],서양음악(클래식),충청,세종예술의전당,0.873,1,935.0,935.0,0.0,0.0,1,0.560004832603968,0.5222483628567028,0.9527017830406969,54.45852818516956,51.10235654857746,0.6435185185185185,True
"화성피아노소사이어티: Music Technology, 미래를 바라보는 건반의 향연",서양음악(클래식),경인,화성어린이복합문화센터,1.0,1,224.0,224.0,0.0,0.0,6,0.8357585845839933,0.3223789450545439,0.9527017830406969,57.09461853058686,51.09461853058686,0.6056338028169014,True
신진연극인페스티벌 9,연극,서울,소극장 플랫폼74,0.6429,8,360.0,45.0,0.0,0.0,0,0.36781485757242194,0.6114071214773915,0.9527017830406969,45.07230392348847,51.07230392348847,0.6229050279329609,True
코리아 메모리얼 페스타,대중음악,서울,올림픽공원,0.55,2,11000.0,5500.0,0.0,0.0,4,0.30086986871425886,0.825442557577045,0.9527017830406969,45.050743248835104,51.050743248835104,0.6219739292364991,True
"하모나이즈 콘서트, The Show Choir",대중음악,경인,인천학생교육문화회관,0.9443,1,559.0,559.0,0.0,0.0,5,0.6576771283593309,0.4607120886245444,0.9527017830406969,57.03999601425161,51.03999601425161,0.6046948356807512,True
서울시 구립여성합창단 합창 페스티벌,서양음악(클래식),서울,세종문화회관,0.6532,1,1974.0,1974.0,0.0,0.0,3,0.37488925282573093,0.5929114950357286,0.9527017830406969,45.03371161389866,51.03371161389866,0.6210428305400373,True
제70회 충주시립우륵국악단 정기연주회,한국음악(국악),충청,충주시문화회관,0.883,1,785.0,785.0,0.0,0.0,1,0.5706365613337987,0.5056746905270754,0.9527017830406969,54.37061473275877,51.014443096166666,0.6388888888888888,True
이상한 나라의 앨리스 3D [부산],뮤지컬,영남,부산학생예술문화회관,0.8589,1,858.0,858.0,0.0,0.0,5,0.5473863666872499,0.5146670035740109,0.9527017830406969,53.40561445517393,51.00844628117138,0.5982142857142857,True
손윤하 대금 독주회 [부산],한국음악(국악),영남,국립부산국악원,0.9819,1,271.0,271.0,0.0,0.0,5,0.716111364673665,0.3436196824814121,0.9527017830406969,53.38503754487818,50.98786937087563,0.595734126984127,True
여천지무궁 [부산],무용(서양/한국무용),영남,국립부산국악원,0.9819,1,271.0,271.0,0.0,0.0,5,0.716111364673665,0.3436196824814121,0.9527017830406969,53.38503754487818,50.98786937087563,0.595734126984127,True
대금정악연구회 정기공연: 요천순일 (?天舜日),한국음악(국악),영남,국립부산국악원,0.9819,1,271.0,271.0,0.0,0.0,5,0.716111364673665,0.3436196824814121,0.9527017830406969,53.38503754487818,50.98786937087563,0.595734126984127,True
"심진예의 소리, 路 1st: 청 (淸) , 청 (聽) [부산]",한국음악(국악),영남,국립부산국악원,0.9819,1,271.0,271.0,0.0,0.0,5,0.716111364673665,0.3436196824814121,0.9527017830406969,53.38503754487818,50.98786937087563,0.595734126984127,True
피아니스트 송영민의 클래식 도서관 3회,서양음악(클래식),기타,삼척문화예술회관,0.9435,1,234.0,234.0,0.0,0.0,3,0.6555293043735065,0.3267470648251891,0.9527017830406969,49.618078805414775,50.97236875841159,0.7151898734177216,True
피아니스트 송영민의 클래식 도서관 5회,서양음악(클래식),기타,삼척문화예술회관,0.9435,1,234.0,234.0,0.0,0.0,3,0.6555293043735065,0.3267470648251891,0.9527017830406969,49.618078805414775,50.97236875841159,0.7151898734177216,True
피아니스트 송영민의 클래식 도서관 2회,서양음악(클래식),기타,삼척문화예술회관,0.9435,1,234.0,234.0,0.0,0.0,3,0.6555293043735065,0.3267470648251891,0.9527017830406969,49.618078805414775,50.97236875841159,0.7151898734177216,True
정수정전 [충남 논산],뮤지컬,충청,논산아트센터(구. 논산문화예술회관),0.7768,2,870.0,435.0,0.0,0.0,5,0.4742932316696647,0.6660061098842567,0.9527017830406969,54.32746512039783,50.97129348380573,0.6342592592592593,True
팝스 콘서트 [광명],대중음악,경인,광명시민회관,0.9528,1,505.0,505.0,0.0,0.0,7,0.6693693451821623,0.4473417152811441,0.9527017830406969,56.97118475928008,50.97118475928008,0.603755868544601,True
NEW 달을 품은 슈퍼맨 [대구],뮤지컬,영남,대구서구문화회관,0.77655,2,702.0,351.0,0.0,0.0,3,0.4739442102719682,0.6367037940252349,0.9527017830406969,53.33487830238515,50.9377101283826,0.5932539682539683,True
우리들의 樂 (악) [제주],한국음악(국악),제주,BeIN(비인),1.0,1,151.0,151.0,0.0,0.0,1,0.8357585845839933,0.28194906668759906,0.9527017830406969,54.11488903470624,50.93132892911488,0.5934065934065934,True
제30회 강원특별자치도립국악관현악단 정기연주회: 전통 그리고 화합,한국음악(국악),기타,KBS 춘천홀,0.8807,1,384.0,384.0,0.0,0.0,2,0.5689719977447848,0.40322119947301466,0.9527017830406969,49.57604514428202,50.930335097278835,0.7025316455696202,True
응답하라! 우리들의 1990 [부산 해운대],서양음악(클래식),영남,해운대문화회관,0.9236,1,423.0,423.0,0.0,0.0,6,0.6256477031707252,0.41855448669060846,0.9527017830406969,53.2719646154857,50.87479644148315,0.5922619047619048,True
청소년 행복콘서트 [칠곡],대중음악,영남,칠곡군교육문화회관,0.8817,1,626.0,626.0,0.0,0.0,4,0.5695894971407093,0.48120781654523004,0.9527017830406969,53.24394827368991,50.84678009968736,0.5912698412698413,True
"해설이 있는 음악회, Bugler's Holiday",서양음악(클래식),영남,온양문화복지센터,0.9787,1,276.0,276.0,0.0,0.0,3,0.7107283808091927,0.3452361578186004,0.9527017830406969,53.24375847041514,50.846590296412586,0.5902777777777778,True
"ACC 수요극장, 라스칼라 갈라 콘서트: 별들을 다시 보려고 (a riveder le stelle…)",서양음악(클래식),호남,국립아시아문화전당,0.8952,1,222.0,222.0,0.0,0.0,6,0.5826375278545923,0.3217455749095255,0.9527017830406969,45.945618858699696,50.780029179040135,0.6203208556149733,True
나무의 아이 [남양주 어린이비전센터],연극,경인,남양주 어린이비전센터,0.9,2,360.0,180.0,0.0,0.0,4,0.589000456412597,0.5373447155606546,0.9527017830406969,56.77675556312727,50.77675556312727,0.6023474178403756,True
괴물 연을 그리다 [남양주 어린이비전센터],연극,경인,남양주 어린이비전센터,0.9,2,360.0,180.0,0.0,0.0,4,0.589000456412597,0.5373447155606546,0.9527017830406969,56.77675556312727,50.77675556312727,0.6023474178403756,True
타악기와 썸타다,서양음악(클래식),제주,김정문화회관,0.9667,1,319.0,319.0,0.0,0.0,7,0.6883507396568851,0.374324812462715,0.9527017830406969,53.94923817405339,50.76567806846204,0.5824175824175825,True
TRANSFOMACI?N 내한공연: Road,대중음악,기타,강릉아트센터 (구. 강릉문화예술관),0.8961,1,345.0,345.0,0.0,0.0,7,0.583429537949365,0.38369452406831495,0.9527017830406969,49.33865295349581,50.692942906492625,0.6962025316455697,True
춤을 잇다 [대구],무용(서양/한국무용),영남,대구문화예술회관,0.9874,1,236.0,236.0,0.0,0.0,2,0.7316830885708916,0.3275209441141591,0.9527017830406969,53.050495087127246,50.653326913124694,0.5892857142857143,True
"SAC ON SCREEN, 오셀로",연극,호남,국립아시아문화전당,0.8911,1,221.0,221.0,0.0,0.0,6,0.5794426396756786,0.3214808692115707,0.9527017830406969,45.77921316733465,50.61362348767509,0.6176470588235294,True
제9회 꿈의 오케스트라 세종 정기연주회,서양음악(클래식),충청,세종예술의전당,0.8627,1,924.0,924.0,0.0,0.0,1,0.5515343517598733,0.521028147436601,0.9527017830406969,53.91231919068438,50.55614755409228,0.6296296296296297,True
제78회 군산시립합창단 기획연주회: 하모니 Ⅱ,서양음악(클래식),호남,군산예술의전당,0.7133,1,856.0,856.0,0.0,0.0,4,0.42255752141112035,0.5144628753507028,0.9527017830406969,45.71651517956988,50.55092549991032,0.6136363636363636,True
제116회 군산시립합창단 정기 연주회,서양음악(클래식),호남,군산예술의전당,0.7133,1,856.0,856.0,0.0,0.0,4,0.42255752141112035,0.5144628753507028,0.9527017830406969,45.71651517956988,50.55092549991032,0.6136363636363636,True
제47회 심훈상록문화제: 5080 낭만 콘서트 [당진],대중음악,충청,당진문예의전당,0.8681,1,869.0,869.0,0.0,0.0,5,0.5553198915348887,0.515578520291532,0.9527017830406969,53.90683876040707,50.55066712381497,0.625,True
"전주세계소리축제, 해설이 있는 콘서트: 루마니안 랩소디 [군산]",서양음악(클래식),호남,군산예술의전당,0.8111,1,365.0,365.0,0.0,0.0,4,0.503100920879534,0.39551389331901093,0.9527017830406969,45.69385138191645,50.52826170225689,0.6096256684491979,True
"김종규 지휘자와 함께하는 뮤지컬의 밤, 사운드 오브 뮤직",뮤지컬,영남,서울주문화센터,0.956,1,304.0,304.0,0.0,0.0,3,0.673060917657798,0.36697577148593674,0.9527017830406969,52.80652399194763,50.40935581794508,0.5873015873015873,True
"스크린 콘서트, 뮤지컬의 밤: 모차르트 오페라 락 (3월)",뮤지컬,영남,서울주문화센터,0.956,1,304.0,304.0,0.0,0.0,3,0.673060917657798,0.36697577148593674,0.9527017830406969,52.80652399194763,50.40935581794508,0.5873015873015873,True
"스크린 콘서트, 뮤지컬의 밤: 위대한 쇼맨",뮤지컬,영남,서울주문화센터,0.956,1,304.0,304.0,0.0,0.0,3,0.673060917657798,0.36697577148593674,0.9527017830406969,52.80652399194763,50.40935581794508,0.5873015873015873,True
제2회 플루트 콰르텟 숨 정기연주회,서양음악(클래식),영남,수성아트피아,0.9668,1,291.0,291.0,0.0,0.0,3,0.6890622063521894,0.35378109828096693,0.9527017830406969,52.77751144229151,50.38034326828896,0.5843253968253969,True
바리톤 전종욱 독창회: 슈베르트 겨울나그네 (Winterreise D.911),서양음악(클래식),영남,수성아트피아,0.9668,1,291.0,291.0,0.0,0.0,3,0.6890622063521894,0.35378109828096693,0.9527017830406969,52.77751144229151,50.38034326828896,0.5843253968253969,True
"슈베르티아데, schubertiade",서양음악(클래식),영남,수성아트피아,0.9668,1,291.0,291.0,0.0,0.0,3,0.6890622063521894,0.35378109828096693,0.9527017830406969,52.77751144229151,50.38034326828896,0.5843253968253969,True
아미띠에 유스 오케스트라 창단연주회,서양음악(클래식),영남,(재)영화의전당,0.8609,1,724.0,724.0,0.0,0.0,8,0.5488629956775042,0.49720698005086683,0.9527017830406969,52.75859940832257,50.361431234320015,0.5823412698412699,True
제5회 비내림국악관현악단 정기연주회,한국음악(국악),서울,국립국악원,0.7386,1,486.0,486.0,0.0,0.0,7,0.4469218997503155,0.4386585936300809,0.9527017830406969,44.35980603057128,50.35980603057128,0.6201117318435754,True
"서빛마루문화예술회관 무대나눔 #4, The Musical with ABBA",뮤지컬,호남,서빛마루문화예술회관,0.858,1,278.0,278.0,0.0,0.0,0,0.5462990307944264,0.34598959539262136,0.9527017830406969,45.50755195258844,50.34196227292888,0.606951871657754,True
공주시립합창단 창단 10주년 기념 연주회: Why We Sing 우리가 노래하는 이유,서양음악(클래식),충청,공주문예회관,0.9014,1,567.0,567.0,0.0,0.0,5,0.5934303433833598,0.46213147052809866,0.9527017830406969,53.69428543359403,50.33811379700193,0.6203703703703703,True
제11회 서산시립합창단 정기연주회,서양음악(클래식),충청,서산시문화회관,0.9035,1,543.0,543.0,0.0,0.0,3,0.5956050151690069,0.4569226408951079,0.9527017830406969,53.568819868375726,50.212648231783625,0.6157407407407407,True
숨 쉬는 바닷말,뮤지컬,서울,성북마을극장,0.675,4,216.0,54.0,0.0,0.0,1,0.39272961580798454,0.5272901936214094,0.9527017830406969,44.18512311744562,50.18512311744562,0.6191806331471136,True
힐링퍼포먼스 쾌지나코리아 [대구],한국음악(국악),영남,꿈꾸는씨어터,1.0,1,120.0,120.0,0.0,0.0,1,0.8357585845839933,0.2618296665655069,0.9527017830406969,52.535884535614166,50.138716361611614,0.5813492063492064,True
"ACC 수요극장, 베를린 필하모닉 카메라타",서양음악(클래식),호남,국립아시아문화전당,0.8831,1,219.0,219.0,0.0,0.0,6,0.5708110720326469,0.3200264662028469,0.9527017830406969,45.28660785287723,50.12101817321767,0.6016042780748663,True
"ACC 수요극장, 전람회의 그림",서양음악(클래식),호남,국립아시아문화전당,0.8831,1,219.0,219.0,0.0,0.0,6,0.5708110720326469,0.3200264662028469,0.9527017830406969,45.28660785287723,50.12101817321767,0.6016042780748663,True
"ACC 수요극장, 라보엠",서양음악(클래식),호남,국립아시아문화전당,0.8831,1,219.0,219.0,0.0,0.0,6,0.5708110720326469,0.3200264662028469,0.9527017830406969,45.28660785287723,50.12101817321767,0.6016042780748663,True
수성청소년오케스트라 스텝업 콘서트,서양음악(클래식),영남,수성아트피아,0.9635,1,290.0,290.0,0.0,0.0,3,0.6835852551883373,0.3532173285054332,0.9527017830406969,52.491914467278775,50.09474629327622,0.5803571428571429,True
"모두예술극장 개관프로그램, 걸리버, 마지막 여행",연극,서울,모두예술극장,0.62676667,3,487.0,162.33,0.0,0.0,0,0.3538271538647408,0.6112823127286556,0.9527017830406969,44.032305696758385,50.032305696758385,0.6182495344506518,True
"경기도 문화의 날, 가곡에 살리라 [안산]",서양음악(클래식),경인,안산문화예술의전당,0.869,1,1367.0,1367.0,0.0,0.0,6,0.5557897280317878,0.5658122965221734,0.9527017830406969,55.977727314150684,49.977727314150684,0.6009389671361502,True
호랭이가 답싹 물어갈 뺑파야 [군산],한국음악(국악),호남,군산예술의전당,0.7033,1,844.0,844.0,0.0,0.0,4,0.4141138883668483,0.5132308842857627,0.9527017830406969,45.1228986614103,49.957308981750735,0.5882352941176471,True
제152회 군산시립교향악단 정기연주회,서양음악(클래식),호남,군산예술의전당,0.7033,1,844.0,844.0,0.0,0.0,4,0.4141138883668483,0.5132308842857627,0.9527017830406969,45.1228986614103,49.957308981750735,0.5882352941176471,True
제71회 군산시립교향악단 특별기획연주회: Young Artist Concert,서양음악(클래식),호남,군산예술의전당,0.7033,1,844.0,844.0,0.0,0.0,4,0.4141138883668483,0.5132308842857627,0.9527017830406969,45.1228986614103,49.957308981750735,0.5882352941176471,True
"착한광대 강제환생프로젝트, 환생전 [군산]",한국음악(국악),호남,군산예술의전당,0.7033,1,844.0,844.0,0.0,0.0,4,0.4141138883668483,0.5132308842857627,0.9527017830406969,45.1228986614103,49.957308981750735,0.5882352941176471,True
제117회 군산시립합창단 정기 연주회,서양음악(클래식),호남,군산예술의전당,0.7033,1,844.0,844.0,0.0,0.0,4,0.4141138883668483,0.5132308842857627,0.9527017830406969,45.1228986614103,49.957308981750735,0.5882352941176471,True
제155회 군산시립교향악단 정기연주회: 고군산군도 신년음악회,서양음악(클래식),호남,군산예술의전당,0.7033,1,844.0,844.0,0.0,0.0,4,0.4141138883668483,0.5132308842857627,0.9527017830406969,45.1228986614103,49.957308981750735,0.5882352941176471,True
제156회 군산시립교향악단 정기연주회: 3.5만세운동 구암동,서양음악(클래식),호남,군산예술의전당,0.7033,1,844.0,844.0,0.0,0.0,4,0.4141138883668483,0.5132308842857627,0.9527017830406969,45.1228986614103,49.957308981750735,0.5882352941176471,True
"김종규 지휘자와 함께하는 뮤지컬의 밤, 오페라의 유령",뮤지컬,영남,서울주문화센터,0.9497,1,302.0,302.0,0.0,0.0,3,0.6658791312051977,0.36491656235710845,0.9527017830406969,52.34975729511074,49.95258912110819,0.5793650793650794,True
김한나의 발레: BALLET STORY OF WINTER,무용(서양/한국무용),영남,(재)영화의전당,0.8537,1,718.0,718.0,0.0,0.0,8,0.5422987086208285,0.49633016156306076,0.9527017830406969,52.34213210636675,49.944963932364196,0.5783730158730159,True
스토리 인 뮤직,서양음악(클래식),영남,김해서부문화센터,0.8698,1,601.0,601.0,0.0,0.0,5,0.5580046715171691,0.4750536045798579,0.9527017830406969,52.32144719996713,49.92427902596458,0.5773809523809523,True
제12회 군산시립교향악단 브런치 콘서트,서양음악(클래식),호남,군산예술의전당,0.7017,1,842.0,842.0,0.0,0.0,4,0.41231508577872045,0.5130094069475971,0.9527017830406969,44.997425493586604,49.83183581392704,0.5775401069518716,True
양산시립합창단 정기연주회,서양음악(클래식),영남,양산문화예술회관,0.8543,1,680.0,680.0,0.0,0.0,5,0.5431175665154241,0.49119835793470146,0.9527017830406969,52.17219062082036,49.77502244681781,0.5763888888888888,True
K-Link Festival,대중음악,경인,인스파이어,0.8194,1,12291.0,12291.0,0.0,0.0,0,0.5090342846403737,0.6393202063897381,0.9527017830406969,55.76164700567685,49.76164700567685,0.6,True
For All the Parents! [대구],서양음악(클래식),영남,비원뮤직홀,0.99,1,198.0,198.0,0.0,0.0,4,0.7442612827878755,0.3051024889314149,0.9527017830406969,52.097100916740835,49.699932742738284,0.5634920634920635,True
노이슈타트와 함께하는 해설이 있는 봄,서양음악(클래식),영남,비원뮤직홀,0.99,1,198.0,198.0,0.0,0.0,4,0.7442612827878755,0.3051024889314149,0.9527017830406969,52.097100916740835,49.699932742738284,0.5634920634920635,True
"예술 가곡의 밤 시리즈Ⅲ, 이태리 가곡의 밤",한국음악(국악),영남,비원뮤직홀,0.99,1,198.0,198.0,0.0,0.0,4,0.7442612827878755,0.3051024889314149,0.9527017830406969,52.097100916740835,49.699932742738284,0.5634920634920635,True
세종솔로이스츠 콘서트 [대구],서양음악(클래식),영남,비원뮤직홀,0.99,1,198.0,198.0,0.0,0.0,4,0.7442612827878755,0.3051024889314149,0.9527017830406969,52.097100916740835,49.699932742738284,0.5634920634920635,True
키즈클래식 콘서트 [대구],서양음악(클래식),영남,비원뮤직홀,0.99,1,198.0,198.0,0.0,0.0,4,0.7442612827878755,0.3051024889314149,0.9527017830406969,52.097100916740835,49.699932742738284,0.5634920634920635,True
"송년음악회: 신창용, 심준호, 에스더 유 트리오 콘서트",서양음악(클래식),영남,비원뮤직홀,0.99,1,198.0,198.0,0.0,0.0,4,0.7442612827878755,0.3051024889314149,0.9527017830406969,52.097100916740835,49.699932742738284,0.5634920634920635,True
박재홍 피아노 리사이틀 [대구],서양음악(클래식),영남,비원뮤직홀,0.99,1,198.0,198.0,0.0,0.0,4,0.7442612827878755,0.3051024889314149,0.9527017830406969,52.097100916740835,49.699932742738284,0.5634920634920635,True
"뮤직 토크 콘서트, The Brass",서양음악(클래식),영남,비원뮤직홀,0.99,1,198.0,198.0,0.0,0.0,4,0.7442612827878755,0.3051024889314149,0.9527017830406969,52.097100916740835,49.699932742738284,0.5634920634920635,True
비원뮤직홀 개관 1주년 기념 콘서트,서양음악(클래식),영남,비원뮤직홀,0.99,1,198.0,198.0,0.0,0.0,4,0.7442612827878755,0.3051024889314149,0.9527017830406969,52.097100916740835,49.699932742738284,0.5634920634920635,True
"예술가곡의 밤 시리즈 I, 한국 가곡의 향연",서양음악(클래식),영남,비원뮤직홀,0.99,1,198.0,198.0,0.0,0.0,4,0.7442612827878755,0.3051024889314149,0.9527017830406969,52.097100916740835,49.699932742738284,0.5634920634920635,True
"비원뮤직홀 로맨틱 시리즈, Beyond the Sequence: 드라마틱 클래식",서양음악(클래식),영남,비원뮤직홀,0.99,1,198.0,198.0,0.0,0.0,4,0.7442612827878755,0.3051024889314149,0.9527017830406969,52.097100916740835,49.699932742738284,0.5634920634920635,True
이루이사 쳄발로 리사이틀 [대구],서양음악(클래식),영남,비원뮤직홀,0.99,1,198.0,198.0,0.0,0.0,4,0.7442612827878755,0.3051024889314149,0.9527017830406969,52.097100916740835,49.699932742738284,0.5634920634920635,True
재즈현악 5중주 볼로시 (Vołosi) 내한공연 [대구],대중음악,영남,비원뮤직홀,0.99,1,198.0,198.0,0.0,0.0,4,0.7442612827878755,0.3051024889314149,0.9527017830406969,52.097100916740835,49.699932742738284,0.5634920634920635,True
"비원뮤직홀 레지던시 시리즈, 박소연 비올라 리사이틀 [대구]",서양음악(클래식),영남,비원뮤직홀,0.99,1,198.0,198.0,0.0,0.0,4,0.7442612827878755,0.3051024889314149,0.9527017830406969,52.097100916740835,49.699932742738284,0.5634920634920635,True
"포시즌 특집, 2024 봄",서양음악(클래식),영남,비원뮤직홀,0.99,1,198.0,198.0,0.0,0.0,4,0.7442612827878755,0.3051024889314149,0.9527017830406969,52.097100916740835,49.699932742738284,0.5634920634920635,True
"비원뮤직홀 로맨틱 시리즈, The All-Round Classic [대구]",서양음악(클래식),영남,비원뮤직홀,0.99,1,198.0,198.0,0.0,0.0,4,0.7442612827878755,0.3051024889314149,0.9527017830406969,52.097100916740835,49.699932742738284,0.5634920634920635,True
사운드 레지던시와 함께하는 가족음악회: 5월愛,서양음악(클래식),영남,비원뮤직홀,0.99,1,198.0,198.0,0.0,0.0,4,0.7442612827878755,0.3051024889314149,0.9527017830406969,52.097100916740835,49.699932742738284,0.5634920634920635,True
양성원 피아노 리사이틀 [대구],서양음악(클래식),영남,비원뮤직홀,0.99,1,198.0,198.0,0.0,0.0,4,0.7442612827878755,0.3051024889314149,0.9527017830406969,52.097100916740835,49.699932742738284,0.5634920634920635,True
지브리를 품은 클래식 [대구],서양음악(클래식),영남,비원뮤직홀,0.99,1,198.0,198.0,0.0,0.0,4,0.7442612827878755,0.3051024889314149,0.9527017830406969,52.097100916740835,49.699932742738284,0.5634920634920635,True
"해설이 있는 음악회, 이리스 앙상블 [대구]",서양음악(클래식),영남,비원뮤직홀,0.99,1,198.0,198.0,0.0,0.0,4,0.7442612827878755,0.3051024889314149,0.9527017830406969,52.097100916740835,49.699932742738284,0.5634920634920635,True
베이스 이기현 리사이틀 [대구],서양음악(클래식),영남,비원뮤직홀,0.99,1,198.0,198.0,0.0,0.0,4,0.7442612827878755,0.3051024889314149,0.9527017830406969,52.097100916740835,49.699932742738284,0.5634920634920635,True
"비원뮤직홀 마티네 콘서트, 봄의 피아노",서양음악(클래식),영남,비원뮤직홀,0.99,1,198.0,198.0,0.0,0.0,4,0.7442612827878755,0.3051024889314149,0.9527017830406969,52.097100916740835,49.699932742738284,0.5634920634920635,True
에스더유 & 박재홍 듀오 리사이틀 [대구],서양음악(클래식),영남,비원뮤직홀,0.99,1,198.0,198.0,0.0,0.0,4,0.7442612827878755,0.3051024889314149,0.9527017830406969,52.097100916740835,49.699932742738284,0.5634920634920635,True
천지윤의 해금: 잊었던 마음 그리고 편지,한국음악(국악),영남,비원뮤직홀,0.99,1,198.0,198.0,0.0,0.0,4,0.7442612827878755,0.3051024889314149,0.9527017830406969,52.097100916740835,49.699932742738284,0.5634920634920635,True
신년음악회: Be One [대구],서양음악(클래식),영남,비원뮤직홀,0.99,1,198.0,198.0,0.0,0.0,4,0.7442612827878755,0.3051024889314149,0.9527017830406969,52.097100916740835,49.699932742738284,0.5634920634920635,True
C&K DANCE ACADEMY 학원 발표회,대중무용,영남,강동문화복지회관,0.976,1,244.0,244.0,0.0,0.0,6,0.7034928987569469,0.33176668547518334,0.9527017830406969,52.08215435567438,49.68498618167183,0.5505952380952381,True
제113회 군산시립합창단 정기 연주회,서양음악(클래식),호남,군산예술의전당,0.7,1,840.0,840.0,0.0,0.0,4,0.40999275109404787,0.5127438686347876,0.9527017830406969,44.83590055597585,49.670310876316286,0.5721925133689839,True
제111회 군산시립합창단 정기 연주회,서양음악(클래식),호남,군산예술의전당,0.7,1,840.0,840.0,0.0,0.0,4,0.40999275109404787,0.5127438686347876,0.9527017830406969,44.83590055597585,49.670310876316286,0.5721925133689839,True
제112회 군산시립합창단 정기 연주회,서양음악(클래식),호남,군산예술의전당,0.7,1,840.0,840.0,0.0,0.0,4,0.40999275109404787,0.5127438686347876,0.9527017830406969,44.83590055597585,49.670310876316286,0.5721925133689839,True
제8회 Young V.I.P 타악앙상블 정기연주회,서양음악(클래식),영남,(재)영화의전당,0.849,1,714.0,714.0,0.0,0.0,8,0.5376271914516605,0.4959698233360167,0.9527017830406969,52.05600515894647,49.65883698494392,0.5496031746031746,True
"제21회 광주광역시 북구합창단 정기연주회, 새로운 동행",서양음악(클래식),호남,광주북구문화센터(양산도서관),0.8196,1,309.0,309.0,0.0,0.0,3,0.509141675839665,0.37011798340106117,0.9527017830406969,44.81663691365049,49.65104723399093,0.5668449197860963,True
"제9회 DIMF 뮤지컬스타, 파이널",뮤지컬,영남,대구오페라하우스,0.806,1,1201.0,1201.0,0.0,0.0,4,0.49791929551373265,0.556030454321865,0.9527017830406969,52.03970254334909,49.642534369346535,0.5486111111111112,True
"해설이 있는 음악회, 힐링하는 오늘",대중음악,영남,온양문화복지센터,0.9645,1,272.0,272.0,0.0,0.0,3,0.685612264074959,0.3439589502887071,0.9527017830406969,52.02951678459884,49.63234861059629,0.5476190476190477,True
"스크린 콘서트, 뮤지컬의 밤: 러브 네버 다이즈 (4월)",뮤지컬,영남,서울주문화센터,0.9465,1,301.0,301.0,0.0,0.0,3,0.6605766907401939,0.36361911702232075,0.9527017830406969,52.025064840516485,49.627896666513934,0.5461309523809523,True
"스크린 콘서트, 뮤지컬의 밤: 스턱",뮤지컬,영남,서울주문화센터,0.9465,1,301.0,301.0,0.0,0.0,3,0.6605766907401939,0.36361911702232075,0.9527017830406969,52.025064840516485,49.627896666513934,0.5461309523809523,True
전파니와 함께하는 신나는 타악기 세상,서양음악(클래식),영남,영도문화예술회관,0.9136,1,391.0,391.0,0.0,0.0,3,0.6124251617579939,0.4071748945714976,0.9527017830406969,52.016869574283554,49.619701400281,0.5446428571428571,True
"DSAC 로컬 아티스트 프로젝트, 서인애 반주 리사이틀",서양음악(클래식),영남,달서아트센터 (구. 웃는얼굴아트센터),0.9858,1,209.0,209.0,0.0,0.0,6,0.7252127688135958,0.3158906308603146,0.9527017830406969,52.01085142932171,49.61368325531916,0.5431547619047619,True
유하준 피아노 독주회,서양음악(클래식),영남,달서아트센터 (구. 웃는얼굴아트센터),0.9858,1,209.0,209.0,0.0,0.0,6,0.7252127688135958,0.3158906308603146,0.9527017830406969,52.01085142932171,49.61368325531916,0.5431547619047619,True
클래식 세계여행: 낭만주의 음악여행,서양음악(클래식),경인,다산아트홀,0.8065,2,800.0,400.0,0.0,0.0,2,0.4982817408113405,0.6555057660560256,0.9527017830406969,55.605223452610645,49.605223452610645,0.5990610328638498,True
"뮤지컬 갈라콘서트, 흩날릴제 [부안]",뮤지컬,호남,부안예술회관,0.7816,1,390.0,390.0,0.0,0.0,1,0.4774612720487556,0.4063550851681195,0.9527017830406969,44.76361687488165,49.59802719522209,0.5641711229946524,True
"아르코꿈밭극장 개관 X 아시테지 국제여름축제 개막, 와그르르르 수궁가",연극,서울,아르코 꿈밭극장 (구.학전),0.8814,1,171.0,171.0,0.0,0.0,0,0.5695223776411523,0.29137966166866375,0.9527017830406969,43.56023055232946,49.56023055232946,0.61731843575419,True
종묘제례악 [군산],한국음악(국악),호남,군산예술의전당,0.6983,1,838.0,838.0,0.0,0.0,4,0.40816710070609713,0.5125250760766042,0.9527017830406969,44.70837092805874,49.54278124839918,0.5614973262032086,True
"피아니스트 오혜전, 김은총 Duo Recital",서양음악(클래식),서울,세종문화회관,0.7765,1,344.0,344.0,0.0,0.0,3,0.4738502429725884,0.38340076158068237,0.9527017830406969,43.53573220961795,49.53573220961795,0.6159217877094972,True
오케스트라 지휘과정 수료연주회,서양음악(클래식),서울,세종문화회관,0.7765,1,344.0,344.0,0.0,0.0,3,0.4738502429725884,0.38340076158068237,0.9527017830406969,43.53573220961795,49.53573220961795,0.6159217877094972,True
더 리틀 타이거 포 코리아 [서울],연극,서울,모두예술극장,0.8417,1,218.0,218.0,0.0,0.0,0,0.532002577388783,0.31972809880008635,0.9527017830406969,43.397085513043336,49.397085513043336,0.6140595903165735,True
편지 그리고 벽,연극,서울,모두예술극장,0.8417,1,218.0,218.0,0.0,0.0,0,0.532002577388783,0.31972809880008635,0.9527017830406969,43.397085513043336,49.397085513043336,0.6140595903165735,True
"강동예술인페스티벌, 구립여성합창단",서양음악(클래식),서울,강동아트센터,0.7012,1,596.0,596.0,0.0,0.0,7,0.4119526404811126,0.4685441690419699,0.9527017830406969,43.37191415780776,49.37191415780776,0.611731843575419,True
제16회 우리춤대축제,무용(서양/한국무용),서울,강동아트센터,0.7012,1,596.0,596.0,0.0,0.0,7,0.4119526404811126,0.4685441690419699,0.9527017830406969,43.37191415780776,49.37191415780776,0.611731843575419,True
제6회 우리동네꿈나무예술학교오케스트라 정기연주회,서양음악(클래식),서울,강동아트센터,0.7012,1,596.0,596.0,0.0,0.0,7,0.4119526404811126,0.4685441690419699,0.9527017830406969,43.37191415780776,49.37191415780776,0.611731843575419,True
제9회 쉐퍼즈콰이어 정기연주회: 경기도 성가 합창제,서양음악(클래식),경인,안산문화예술의전당,0.8576,1,1349.0,1349.0,0.0,0.0,6,0.5460439766961097,0.5650770916732463,0.9527017830406969,55.35790588973744,49.35790588973744,0.5981220657276995,True
"경기도무용단, 운정의 춤, 풍경",무용(서양/한국무용),경인,파주운정행복센터,0.9328,1,500.0,500.0,0.0,0.0,9,0.6405079603726475,0.44474668867153244,0.9527017830406969,55.355376411568955,49.355376411568955,0.5971830985915493,True
평강 공주와 온달 바보,연극,경인,정약용도서관,0.9844,1,315.0,315.0,0.0,0.0,9,0.7205009799446935,0.37232748921351544,0.9527017830406969,55.32874076716683,49.32874076716683,0.596244131455399,True
부평아트센터 신년음악회,서양음악(클래식),경인,부평아트센터,0.8998,1,781.0,781.0,0.0,0.0,10,0.5874969796225199,0.505292874060173,0.9527017830406969,55.31216431618731,49.31216431618731,0.5943661971830986,True
"부평아트센터 신년음악회: 우리, 다 함께",서양음악(클래식),경인,부평아트센터,0.8998,1,781.0,781.0,0.0,0.0,10,0.5874969796225199,0.505292874060173,0.9527017830406969,55.31216431618731,49.31216431618731,0.5943661971830986,True
제7회 부평구립풍물단 정기연주회: 도시풍물 Ⅱ,한국음악(국악),경인,부평아트센터,0.8998,1,781.0,781.0,0.0,0.0,10,0.5874969796225199,0.505292874060173,0.9527017830406969,55.31216431618731,49.31216431618731,0.5943661971830986,True
제8회 연극하는 시민들 정기공연: 오! 오! [포항],뮤지컬,영남,포항시청 대잠홀,0.727,2,868.0,434.0,0.0,0.0,5,0.4365318012188901,0.6656959668366577,0.9527017830406969,51.67969034192068,49.28252216791813,0.5416666666666666,True
"스크린 콘서트, 뮤지컬의 밤: 하이스쿨 뮤지컬",뮤지컬,영남,서울주문화센터,0.9434,1,300.0,300.0,0.0,0.0,3,0.655341369774747,0.36152271181921314,0.9527017830406969,51.65766661655836,49.26049844255581,0.5401785714285714,True
"스크린콘서트, 뮤지컬의 밤: 선샤인 온 리스",뮤지컬,영남,서울주문화센터,0.9434,1,300.0,300.0,0.0,0.0,3,0.655341369774747,0.36152271181921314,0.9527017830406969,51.65766661655836,49.26049844255581,0.5401785714285714,True
"ACC 수요극장, 크리스토프 에센바흐 & KBS 교향악단",서양음악(클래식),호남,국립아시아문화전당,0.8669,1,215.0,215.0,0.0,0.0,6,0.5544876097403818,0.31849481630480064,0.9527017830406969,44.41974437816914,49.25415469850958,0.5588235294117647,True
스피릿앙상블의 아듀 송년음악회 [구리],서양음악(클래식),경인,구리아트홀,0.9929,1,278.0,278.0,0.0,0.0,8,0.7539264907240851,0.34598959539262136,0.9527017830406969,55.21061916222953,49.21061916222953,0.5924882629107981,True
"짝꿍 프로젝트, 술래잡기 & 칼라풀 걸즈 [안산]",연극,경인,보노마루,0.798,4,648.0,162.0,0.0,0.0,1,0.48672376298762315,0.6653919514184216,0.9527017830406969,55.156988641839334,49.156988641839334,0.5910798122065728,True
"안산디자인문화고등학교 공연콘텐츠과 12기 졸업발표회, 니부모 얼굴이 보고싶다",연극,경인,보노마루,0.798,4,648.0,162.0,0.0,0.0,1,0.48672376298762315,0.6653919514184216,0.9527017830406969,55.156988641839334,49.156988641839334,0.5910798122065728,True
제151회 군산시립교향악단 정기연주회,서양음악(클래식),호남,군산예술의전당,0.69,1,828.0,828.0,0.0,0.0,4,0.402488791043574,0.5107493491309703,0.9527017830406969,44.272638255580546,49.107048575920984,0.5521390374331551,True
제150회 군산시립교향악단 정기연주회,서양음악(클래식),호남,군산예술의전당,0.69,1,828.0,828.0,0.0,0.0,4,0.402488791043574,0.5107493491309703,0.9527017830406969,44.272638255580546,49.107048575920984,0.5521390374331551,True
제114회 군산시립합창단 정기 연주회,서양음악(클래식),호남,군산예술의전당,0.69,1,828.0,828.0,0.0,0.0,4,0.402488791043574,0.5107493491309703,0.9527017830406969,44.272638255580546,49.107048575920984,0.5521390374331551,True
"풍악광대놀이예술단: 토리를 찾아서, 얼씨구! [군산]",한국음악(국악),호남,군산예술의전당,0.69,1,828.0,828.0,0.0,0.0,4,0.402488791043574,0.5107493491309703,0.9527017830406969,44.272638255580546,49.107048575920984,0.5521390374331551,True
"ACC 수요극장, 영상화 라 트라비아타",서양음악(클래식),호남,국립아시아문화전당,0.8629,1,214.0,214.0,0.0,0.0,6,0.5516820146588987,0.31816608370738025,0.9527017830406969,44.266465672824026,49.100875993164465,0.5454545454545454,True
"명작시리즈, 멘델스존 피아노 트리오의 아름다움",서양음악(클래식),영남,온양문화복지센터,0.9574,1,270.0,270.0,0.0,0.0,3,0.6746449378473434,0.34309074687562985,0.9527017830406969,51.47647050246168,49.07930232845913,0.5386904761904762,True
"제2회 엘캄머 정기연주회: 모차르트, 하이든을 그리다 [인천]",서양음악(클래식),경인,아트센터 인천,0.9766,1,334.0,334.0,0.0,0.0,6,0.7060300158402019,0.379443566061999,0.9527017830406969,55.07478065782869,49.07478065782869,0.5896713615023474,True
"청아, 청아 내 딸 청아! [논산]",한국음악(국악),충청,논산아트센터(구. 논산문화예술회관),0.8964,1,502.0,502.0,0.0,0.0,5,0.5835369291486563,0.4460928848407467,0.9527017830406969,52.40963388432739,49.05346224773529,0.6111111111111112,True
제14회 늘푸른초 가을 음악회,서양음악(클래식),경인,성남아트센터,0.8784,1,968.0,968.0,0.0,0.0,7,0.5667570542594035,0.5265016827675466,0.9527017830406969,55.02981668004533,49.02981668004533,0.5802816901408451,True
클래식은 내 친구,서양음악(클래식),경인,성남아트센터,0.8784,1,968.0,968.0,0.0,0.0,7,0.5667570542594035,0.5265016827675466,0.9527017830406969,55.02981668004533,49.02981668004533,0.5802816901408451,True
"제33회 아주여성합창단 & 제21회 아주남성합창단 정기연주회, 새로운 길",서양음악(클래식),경인,성남아트센터,0.8784,1,968.0,968.0,0.0,0.0,7,0.5667570542594035,0.5265016827675466,0.9527017830406969,55.02981668004533,49.02981668004533,0.5802816901408451,True
제19회 알함브라기타앙상블 정기연주회,서양음악(클래식),경인,성남아트센터,0.8784,1,968.0,968.0,0.0,0.0,7,0.5667570542594035,0.5265016827675466,0.9527017830406969,55.02981668004533,49.02981668004533,0.5802816901408451,True
제18회 삼성필하모닉오케스트라 정기연주회,서양음악(클래식),경인,성남아트센터,0.8784,1,968.0,968.0,0.0,0.0,7,0.5667570542594035,0.5265016827675466,0.9527017830406969,55.02981668004533,49.02981668004533,0.5802816901408451,True
제3회 콘체르토안티코 정기연주회,서양음악(클래식),경인,성남아트센터,0.8784,1,968.0,968.0,0.0,0.0,7,0.5667570542594035,0.5265016827675466,0.9527017830406969,55.02981668004533,49.02981668004533,0.5802816901408451,True
제2회 성남교육지원청 오케스트라 공유학교 정기연주회 [성남],서양음악(클래식),경인,성남아트센터,0.8784,1,968.0,968.0,0.0,0.0,7,0.5667570542594035,0.5265016827675466,0.9527017830406969,55.02981668004533,49.02981668004533,0.5802816901408451,True
제33회 분당챔버오케스트라 정기연주회 [성남],서양음악(클래식),경인,성남아트센터,0.8784,1,968.0,968.0,0.0,0.0,7,0.5667570542594035,0.5265016827675466,0.9527017830406969,55.02981668004533,49.02981668004533,0.5802816901408451,True
제5회 JL 체임버콰이어 정기연주회,서양음악(클래식),경인,성남아트센터,0.8784,1,968.0,968.0,0.0,0.0,7,0.5667570542594035,0.5265016827675466,0.9527017830406969,55.02981668004533,49.02981668004533,0.5802816901408451,True
성남시 신춘음악회,서양음악(클래식),경인,성남아트센터,0.8784,1,968.0,968.0,0.0,0.0,7,0.5667570542594035,0.5265016827675466,0.9527017830406969,55.02981668004533,49.02981668004533,0.5802816901408451,True
장애인과 함께하는 음악회: 아름다운 동행,서양음악(클래식),경인,성남아트센터,0.8784,1,968.0,968.0,0.0,0.0,7,0.5667570542594035,0.5265016827675466,0.9527017830406969,55.02981668004533,49.02981668004533,0.5802816901408451,True
제10회 내정초등학교 합창단 정기연주회 [성남],서양음악(클래식),경인,성남아트센터,0.8784,1,968.0,968.0,0.0,0.0,7,0.5667570542594035,0.5265016827675466,0.9527017830406969,55.02981668004533,49.02981668004533,0.5802816901408451,True
제23회 자이안OB 기독 남성합창단 정기연주회,서양음악(클래식),경인,성남아트센터,0.8784,1,968.0,968.0,0.0,0.0,7,0.5667570542594035,0.5265016827675466,0.9527017830406969,55.02981668004533,49.02981668004533,0.5802816901408451,True
"제82회 성남청소년오케스트라 정기연주회, 성남시민과 청소년을 위한 해설 음악회",서양음악(클래식),경인,성남아트센터,0.8784,1,968.0,968.0,0.0,0.0,7,0.5667570542594035,0.5265016827675466,0.9527017830406969,55.02981668004533,49.02981668004533,0.5802816901408451,True
"용인필하모닉오케스트라 정기연주회, 명 협주곡 시리즈: PASSION",서양음악(클래식),경인,성남아트센터,0.8784,1,968.0,968.0,0.0,0.0,7,0.5667570542594035,0.5265016827675466,0.9527017830406969,55.02981668004533,49.02981668004533,0.5802816901408451,True
남성합창단 등대 창단 10주년 기념 연주회,서양음악(클래식),경인,성남아트센터,0.8784,1,968.0,968.0,0.0,0.0,7,0.5667570542594035,0.5265016827675466,0.9527017830406969,55.02981668004533,49.02981668004533,0.5802816901408451,True
제17회 성남정자초 오케스트라 정기연주회,서양음악(클래식),경인,성남아트센터,0.8784,1,968.0,968.0,0.0,0.0,7,0.5667570542594035,0.5265016827675466,0.9527017830406969,55.02981668004533,49.02981668004533,0.5802816901408451,True
제34회 아주여성합창단 & 제22회 아주남성합창단 정기연주화: 희망은 깨어 있네 [성남],서양음악(클래식),경인,성남아트센터,0.8784,1,968.0,968.0,0.0,0.0,7,0.5667570542594035,0.5265016827675466,0.9527017830406969,55.02981668004533,49.02981668004533,0.5802816901408451,True
클래식은 내 친구 [성남],서양음악(클래식),경인,성남아트센터,0.8784,1,968.0,968.0,0.0,0.0,7,0.5667570542594035,0.5265016827675466,0.9527017830406969,55.02981668004533,49.02981668004533,0.5802816901408451,True
솔림성악콩쿠르 입상자와 함께하는 YOUNG ARTIST 초청연주회 [광주],서양음악(클래식),호남,서빛마루문화예술회관,0.8333,1,270.0,270.0,0.0,0.0,0,0.5230622600477891,0.34309074687562985,0.9527017830406969,44.187113630955174,49.02152395129561,0.5427807486631016,True
가요톱텐 [양양],뮤지컬,기타,양양문화복지회관,0.8477,1,373.0,373.0,0.0,0.0,2,0.5363250731602545,0.3993338082338706,0.9527017830406969,47.66408850921004,49.018378462206854,0.689873417721519,True
"센티토클래식 영아티스트 콘서트, 박시연 피아노 독주회",서양음악(클래식),서울,꿈의숲아트센터,0.8206,1,247.0,247.0,0.0,0.0,8,0.5098531425349693,0.33301215143541657,0.9527017830406969,42.99828091240245,48.99828091240245,0.6098696461824954,True
조국의 노래 [김제],서양음악(클래식),호남,김제문화예술회관,0.7725,1,377.0,377.0,0.0,0.0,4,0.47068220259349747,0.4009323227260376,0.9527017830406969,44.14333027719284,48.97774059753328,0.5401069518716578,True
성남국제윈드페스티벌,서양음악(클래식),경인,성남아트리움 (구. 성남시민회관),0.9132,1,589.0,589.0,0.0,0.0,10,0.6119821730609176,0.46680866280068833,0.9527017830406969,54.91599105226771,48.91599105226771,0.5708920187793427,True
양양 클래식 콘서트,서양음악(클래식),기타,양양문화복지회관,0.8455,1,372.0,372.0,0.0,0.0,2,0.534405455472924,0.3985444999651888,0.9527017830406969,47.524029613893426,48.87831956689024,0.6835443037974683,True
"ACC 수요극장, 우리는 친구다",뮤지컬,호남,국립아시아문화전당,0.8589,1,213.0,213.0,0.0,0.0,6,0.5473863666872499,0.3178131880901193,0.9527017830406969,44.03978112668744,48.874191447027876,0.5374331550802139,True
제23회 김제시립합창단 정기연주회: 어느 좋은 날의 하모니 [김제],서양음악(클래식),호남,김제문화예술회관,0.7705,1,376.0,376.0,0.0,0.0,4,0.4690042151045722,0.4006760112181206,0.9527017830406969,44.037573820350154,48.87198414069059,0.5347593582887701,True
제27회 부산세계자원봉사대회 성공 기념 자원봉사자 초청 위로음악회: 동행Ⅴ,서양음악(클래식),영남,(재)영화의전당,0.8347,1,702.0,702.0,0.0,0.0,8,0.5252100840336135,0.4944561173083552,0.9527017830406969,51.26853826248475,48.8713700884822,0.5376984126984127,True
부산오페라단연합회와 함께하는 오페라 갈라 콘서트,서양음악(클래식),영남,영도문화예술회관,0.9065,1,388.0,388.0,0.0,0.0,3,0.5992697398448197,0.4052492277669649,0.9527017830406969,51.24627319542823,48.84910502142568,0.5357142857142857,True
돌아온다 [영도],연극,영남,영도문화예술회관,0.9065,1,388.0,388.0,0.0,0.0,3,0.5992697398448197,0.4052492277669649,0.9527017830406969,51.24627319542823,48.84910502142568,0.5357142857142857,True
해설이 있는 갈라 콘서트,서양음악(클래식),영남,영도문화예술회관,0.9065,1,388.0,388.0,0.0,0.0,3,0.5992697398448197,0.4052492277669649,0.9527017830406969,51.24627319542823,48.84910502142568,0.5357142857142857,True
"제32회 젊은연극제, Norway",연극,서울,공간아울,0.68025,2,234.0,117.0,0.0,0.0,2,0.3960587429860123,0.48195954407650127,0.9527017830406969,42.84103917962205,48.84103917962205,0.6089385474860335,True
AI와 만난 슈베르트,서양음악(클래식),호남,예술의 전당 [광주] (구. 광주문화예술회관),0.7659,1,386.0,386.0,0.0,0.0,8,0.46520525142964536,0.4042085697302215,0.9527017830406969,43.97734148644529,48.81175180678573,0.5320855614973262,True
마당극을 품은 오페라 [충주(앵콜)],서양음악(클래식),충청,충주시문화회관,0.847,1,753.0,753.0,0.0,0.0,1,0.5358015410637098,0.500857295011352,0.9527017830406969,52.1540424921439,48.7978708555518,0.6064814814814815,True
리타 길들이기 [부산],연극,영남,가온아트홀 [부산],1.0,1,100.0,100.0,0.0,0.0,2,0.8357585845839933,0.24540053022817968,0.9527017830406969,51.19160032116514,48.79443214716259,0.5337301587301587,True
대니 구 & 문재원 듀오 리사이틀,서양음악(클래식),영남,비원뮤직홀,0.985,1,197.0,197.0,0.0,0.0,4,0.7225682605310495,0.3045933833104179,0.9527017830406969,51.14645225355575,48.7492840795532,0.5322420634920635,True
"여름, 그대와 함께듣는 목소리 [대구]",서양음악(클래식),영남,비원뮤직홀,0.985,1,197.0,197.0,0.0,0.0,4,0.7225682605310495,0.3045933833104179,0.9527017830406969,51.14645225355575,48.7492840795532,0.5322420634920635,True
조혜민 비올라 독주회,서양음악(클래식),서울,예술의전당 [서울],0.93,1,93.0,93.0,0.0,0.0,10,0.6346148683115419,0.2362372577550339,0.9527017830406969,42.74108107451356,48.74108107451356,0.6080074487895717,True
하늘 바람 바다 [안동],연극,영남,안동문화예술의전당,0.7844,2,433.0,216.5,0.0,0.0,7,0.47887078153945284,0.5642284352152256,0.9527017830406969,51.13437961672857,48.73721144272602,0.5307539682539683,True
(A) LIVE: 몸,연극,서울,을지공간,0.67225,4,121.0,30.25,0.0,0.0,2,0.3911455956184391,0.4870651241070923,0.9527017830406969,42.700983701704345,48.700983701704345,0.6070763500931099,True
고잉홈프로젝트: 베토벤 전곡 시리즈 스페셜 콘서트 [부산],서양음악(클래식),영남,부산학생예술문화회관,0.8228,1,822.0,822.0,0.0,0.0,5,0.5113700432249577,0.5098839664379117,0.9527017830406969,51.07750934683448,48.68034117283193,0.5297619047619048,True
숨비 바다 [영덕],연극,영남,예주문화예술회관,0.9935,1,153.0,153.0,0.0,0.0,4,0.7550540983166429,0.28338963797630234,0.9527017830406969,51.019996922391584,48.62282874838903,0.5287698412698413,True
광주국악상설공연 (2월),한국음악(국악),호남,광주공연마루,0.54477,20,1874.0,93.7,0.0,0.0,6,0.29784949123419335,0.7797720307817873,0.9527017830406969,43.77087001903298,48.605280339373415,0.5294117647058824,True
제20회 대구국제오페라축제 폐막콘서트 & 사야오페라어워즈,서양음악(클래식),영남,대구오페라하우스,0.7919,1,1180.0,1180.0,0.0,0.0,4,0.48323354901065857,0.5527965011433243,0.9527017830406969,50.99415046141181,48.59698228740926,0.5277777777777778,True
"경기청년예술기회무대, 젊은 연주자 시리즈 Ⅰ",한국음악(국악),경인,경기아트센터(구. 경기도문화의전당),0.9303,1,467.0,467.0,0.0,0.0,4,0.6365613337986952,0.4329564272058959,0.9527017830406969,54.560938182350874,48.560938182350874,0.5690140845070423,True
"경기청년예술기회무대, 젊은 연주자 시리즈 Ⅳ",서양음악(클래식),경인,경기아트센터(구. 경기도문화의전당),0.9303,1,467.0,467.0,0.0,0.0,4,0.6365613337986952,0.4329564272058959,0.9527017830406969,54.560938182350874,48.560938182350874,0.5690140845070423,True
"경기청년예술기회무대, 젊은 연주자 시리즈 Ⅵ",서양음악(클래식),경인,경기아트센터(구. 경기도문화의전당),0.9303,1,467.0,467.0,0.0,0.0,4,0.6365613337986952,0.4329564272058959,0.9527017830406969,54.560938182350874,48.560938182350874,0.5690140845070423,True
OST 음악회 [김해],대중음악,영남,김해서부문화센터,0.8509,1,588.0,588.0,0.0,0.0,5,0.5397615915375735,0.4665829883675039,0.9527017830406969,50.9205102389545,48.52334206495195,0.5252976190476191,True
가곡과 아리아의 밤,서양음악(클래식),영남,김해서부문화센터,0.8509,1,588.0,588.0,0.0,0.0,5,0.5397615915375735,0.4665829883675039,0.9527017830406969,50.9205102389545,48.52334206495195,0.5252976190476191,True
"김해 모던 심포니, 명화와 함께하는 음악여행",서양음악(클래식),영남,김해서부문화센터,0.8509,1,588.0,588.0,0.0,0.0,5,0.5397615915375735,0.4665829883675039,0.9527017830406969,50.9205102389545,48.52334206495195,0.5252976190476191,True
테너 김준태 독창회,서양음악(클래식),영남,김해서부문화센터,0.8509,1,588.0,588.0,0.0,0.0,5,0.5397615915375735,0.4665829883675039,0.9527017830406969,50.9205102389545,48.52334206495195,0.5252976190476191,True
대구시립국악단 찾아가는 공연: 백리향,한국음악(국악),영남,대구서구문화회관,0.8982,1,406.0,406.0,0.0,0.0,3,0.5848256235401509,0.41361472973990077,0.9527017830406969,50.91599488016757,48.518826706165015,0.5228174603174603,True
"김천시립교향악단, 찾아가는 음악회: 첼로와 아리아의 만남",서양음악(클래식),영남,김천시립율곡도서관,0.8944,1,415.0,415.0,0.0,0.0,2,0.5820066045587564,0.41633058842335163,0.9527017830406969,50.90167525977477,48.50450708577222,0.5218253968253969,True
FARBE : 3rd Concert,서양음악(클래식),서울,꿈의숲아트센터,0.8106,1,244.0,244.0,0.0,0.0,8,0.5012886943914946,0.33176668547518334,0.9527017830406969,42.49969913705615,48.49969913705615,0.6061452513966481,True
"ACC 수요극장, 라 바야데르 (영상화)",무용(서양/한국무용),호남,국립아시아문화전당,0.8508,1,211.0,211.0,0.0,0.0,6,0.5396542003382823,0.3171399540654758,0.9527017830406969,43.62844363453928,48.46285395487972,0.5267379679144385,True
새해국악연,한국음악(국악),서울,국립국악원,0.7097,1,467.0,467.0,0.0,0.0,7,0.41889279673530755,0.4329564272058959,0.9527017830406969,42.44625822728665,48.44625822728665,0.6052141527001862,True
힙합 프리덤 [포천],대중음악,경인,포천반월아트홀,0.8824,1,803.0,803.0,0.0,0.0,1,0.5701667248368996,0.5079799138132737,0.9527017830406969,54.442710238192646,48.442710238192646,0.5671361502347417,True
제59회 인천 시민의 날 및 인천경제자유구역청 개청 20주년 기념 KBS 열린음악회,대중음악,경인,송도컨벤시아,0.8034,1,4017.0,4017.0,0.0,0.0,6,0.49632185142427576,0.6251963111709116,0.9527017830406969,54.43329202852494,48.43329202852494,0.5661971830985916,True
"부산학생예술문화회관 교직원 초청 공연, 스승의 날 기념 유키 구라모토 내한 25주년 기념 콘서트 [부산]",서양음악(클래식),영남,부산학생예술문화회관,0.8178,1,817.0,817.0,0.0,0.0,5,0.5074502644508283,0.509437851191471,0.9527017830406969,50.824436689346754,48.4272685153442,0.5208333333333334,True
"제17회 당진예술제 연극분야 공연작, 가난포르노",연극,충청,당진문예의전당,0.9533,1,286.0,286.0,0.0,0.0,5,0.6696646709802132,0.35165944253772785,0.9527017830406969,51.75631483063098,48.400143194038876,0.6018518518518519,True
우리읍내 [포천],연극,경인,포천반월아트홀,0.8813,1,802.0,802.0,0.0,0.0,1,0.5694284103417725,0.5079277984986829,0.9527017830406969,54.3981677221327,48.3981677221327,0.5652582159624413,True
히사이시 조 OST 콘서트: 디 오케스트라 [인천],서양음악(클래식),경인,인천학생교육문화회관,0.9122,1,540.0,540.0,0.0,0.0,5,0.6114854887641957,0.4564167638142387,0.9527017830406969,54.39717273436761,48.39717273436761,0.564319248826291,True
"한국전력과 함께하는 희망사랑나눔콘서트, 심청날다 [충주]",한국음악(국악),충청,호암예술관,0.9588,1,279.0,279.0,0.0,0.0,6,0.6762155341369774,0.34640142022945614,0.9527017830406969,51.74673484070077,48.390563204108666,0.5972222222222222,True
제5회 천진불어린이연합합창제,한국음악(국악),영남,(재)영화의전당,0.8276,1,696.0,696.0,0.0,0.0,8,0.5175987327838484,0.4933213390575591,0.9527017830406969,50.77476047086281,48.37759229686026,0.5198412698412699,True
라라라온 [코리아블루스씨어터],대중음악,서울,코리아블루스씨어터,0.74,2,74.0,37.0,0.0,0.0,1,0.4475662469460628,0.3904082980648511,0.9527017830406969,42.37620024320072,48.37620024320072,0.6042830540037244,True
해오름의 고장 양양군민과 함께하는 신년음악회,서양음악(클래식),기타,양양문화복지회관,0.8364,1,368.0,368.0,0.0,0.0,2,0.5260020941283862,0.3974186766392125,0.9527017830406969,47.020992635990275,48.37528258898709,0.6772151898734177,True
제69회 군산시립교향악단 특별기획연주회,서양음악(클래식),호남,군산예술의전당,0.6742,1,809.0,809.0,0.0,0.0,4,0.39223293151126265,0.508654388272881,0.9527017830406969,43.520667779030404,48.35507809937084,0.5240641711229946,True
疾走 (질주) : O.nof X 슈드,서양음악(클래식),서울,꿈의숲아트센터,0.8073,1,243.0,243.0,0.0,0.0,8,0.498899240207265,0.33114804763505834,0.9527017830406969,42.34640873449537,48.34640873449537,0.6033519553072626,True
아에르 플루트 앙상블 콘서트 [대구],서양음악(클래식),영남,비원뮤직홀,0.98,1,196.0,196.0,0.0,0.0,4,0.7135473997905871,0.3041016268042785,0.9527017830406969,50.72957151689855,48.332403342896,0.5178571428571429,True
프렌쥬 클래식 사파리: 앵무새의 합창대회 [대구],서양음악(클래식),영남,비원뮤직홀,0.98,1,196.0,196.0,0.0,0.0,4,0.7135473997905871,0.3041016268042785,0.9527017830406969,50.72957151689855,48.332403342896,0.5178571428571429,True
"포시즌 특집, 2024 여름",서양음악(클래식),영남,비원뮤직홀,0.98,1,196.0,196.0,0.0,0.0,4,0.7135473997905871,0.3041016268042785,0.9527017830406969,50.72957151689855,48.332403342896,0.5178571428571429,True
"서울국악축제, 궁중가무악",한국음악(국악),서울,서울돈화문국악당,0.8913,1,123.0,123.0,0.0,0.0,6,0.5796976937739953,0.26413837329726925,0.9527017830406969,42.330514115110915,48.330514115110915,0.6024208566108007,True
하서 김인후 [장성],한국음악(국악),호남,장성문화예술회관,0.7222,1,494.0,494.0,0.0,0.0,7,0.43090718715601256,0.4406996380038334,0.9527017830406969,43.47977822040996,48.3141885407504,0.5213903743315508,True
고성현과 오페라친구들,서양음악(클래식),경인,성남아트센터,0.955,1,361.0,361.0,0.0,0.0,7,0.6720541251644427,0.3945263871217677,0.9527017830406969,54.309145905355564,48.309145905355564,0.5624413145539906,True
리치파이 크리스마스 프레젠트,대중음악,경인,성남아트센터,0.955,1,361.0,361.0,0.0,0.0,7,0.6720541251644427,0.3945263871217677,0.9527017830406969,54.309145905355564,48.309145905355564,0.5624413145539906,True
산청강자류(山靑江自流),한국음악(국악),경인,성남아트센터,0.955,1,361.0,361.0,0.0,0.0,7,0.6720541251644427,0.3945263871217677,0.9527017830406969,54.309145905355564,48.309145905355564,0.5624413145539906,True
"ACC 수요극장, 정크 클라운",연극,호남,국립아시아문화전당,0.8468,1,210.0,210.0,0.0,0.0,6,0.5356538781646843,0.31655332967508354,0.9527017830406969,43.40195642079552,48.23636674113596,0.517379679144385,True
"ACC 수요극장, 세헤라자데",서양음악(클래식),호남,국립아시아문화전당,0.8468,1,210.0,210.0,0.0,0.0,6,0.5356538781646843,0.31655332967508354,0.9527017830406969,43.40195642079552,48.23636674113596,0.517379679144385,True
스쿨오브오페라,서양음악(클래식),경인,솔가람아트홀,0.9833,1,295.0,295.0,0.0,0.0,4,0.7180578301608184,0.35562200761637575,0.9527017830406969,54.211460188790774,48.211460188790774,0.5572769953051643,True
클라루비노 클라리넷 앙상블,서양음악(클래식),경인,솔가람아트홀,0.9833,1,295.0,295.0,0.0,0.0,4,0.7180578301608184,0.35562200761637575,0.9527017830406969,54.211460188790774,48.211460188790774,0.5572769953051643,True
"파주 실내악 시리즈 NO. 03, 코리안 챔버 앙상블",서양음악(클래식),경인,솔가람아트홀,0.9833,1,295.0,295.0,0.0,0.0,4,0.7180578301608184,0.35562200761637575,0.9527017830406969,54.211460188790774,48.211460188790774,0.5572769953051643,True
"해설이 있는 가족음악회, 토닥토닥 클래식",서양음악(클래식),경인,솔가람아트홀,0.9833,1,295.0,295.0,0.0,0.0,4,0.7180578301608184,0.35562200761637575,0.9527017830406969,54.211460188790774,48.211460188790774,0.5572769953051643,True
파주실내악 축제: 리노스 앙상블,서양음악(클래식),경인,솔가람아트홀,0.9833,1,295.0,295.0,0.0,0.0,4,0.7180578301608184,0.35562200761637575,0.9527017830406969,54.211460188790774,48.211460188790774,0.5572769953051643,True
파주실내악 축제: 재즈밴드 다빈치,서양음악(클래식),경인,솔가람아트홀,0.9833,1,295.0,295.0,0.0,0.0,4,0.7180578301608184,0.35562200761637575,0.9527017830406969,54.211460188790774,48.211460188790774,0.5572769953051643,True
제1회 정기연주회 클래즈가 바라본 風景(풍경),서양음악(클래식),경인,솔가람아트홀,0.9833,1,295.0,295.0,0.0,0.0,4,0.7180578301608184,0.35562200761637575,0.9527017830406969,54.211460188790774,48.211460188790774,0.5572769953051643,True
파주실내악 축제: 화이트 포레스트,서양음악(클래식),경인,솔가람아트홀,0.9833,1,295.0,295.0,0.0,0.0,4,0.7180578301608184,0.35562200761637575,0.9527017830406969,54.211460188790774,48.211460188790774,0.5572769953051643,True
"Adieu 2024 서초문화원 송년기념공연: G.Puccini 오페라, 라보엠",서양음악(클래식),서울,서초문화예술회관(구. 서초구민회관),0.7014,1,484.0,484.0,0.0,0.0,6,0.4121137272800494,0.43734826815552735,0.9527017830406969,42.20279487072094,48.20279487072094,0.6014897579143389,True
정은비 마림바 콘서트,서양음악(클래식),기타,축제극장 몸짓,0.9677,1,120.0,120.0,0.0,0.0,2,0.6904582919429753,0.2618296665655069,0.9527017830406969,46.847887356839614,48.20217730983643,0.6708860759493671,True
세계 장애인의 날 기념 사랑의 콘서트,서양음악(클래식),서울,롯데콘서트홀,0.6213,1,1265.0,1265.0,0.0,0.0,6,0.3485649850994711,0.5614045848234479,0.9527017830406969,42.177480850882986,48.177480850882986,0.6005586592178771,True
장화 신은 고양이 비긴즈: 플레이 버전 [부산],뮤지컬,영남,부산학생예술문화회관,0.8118,1,811.0,811.0,0.0,0.0,5,0.5033828227776733,0.508826435076438,0.9527017830406969,50.5553244048907,48.158156230888146,0.5158730158730159,True
유네스코가 선택한 대구 6주년 기념음악회: 대학생 연합 뮤직 페스티벌,서양음악(클래식),영남,대구콘서트하우스,0.7928,1,1018.0,1018.0,0.0,0.0,7,0.4836496899079121,0.5398435601989954,0.9527017830406969,50.53889221746374,48.14172404346119,0.5148809523809523,True
뮤직클래프 솔리스트앙상블: 클래식홀릭 뮤지컬음악과 사랑에 빠지다,서양음악(클래식),경인,(재)구리시청소년수련관,0.986,1,282.0,282.0,0.0,0.0,3,0.7255483663113808,0.34893291270436605,0.9527017830406969,54.137300386699586,48.137300386699586,0.5530516431924882,True
저승에서 살아온 자 [광주],한국음악(국악),호남,광산문화예술회관,0.7407,1,400.0,400.0,0.0,0.0,1,0.4484924960399495,0.41026830465681363,0.9527017830406969,43.27930672269594,48.11371704303638,0.5133689839572193,True
"스크린콘서트, 뮤지컬의 밤: 하이스쿨 뮤지컬 2",뮤지컬,영남,서울주문화센터,0.9308,1,296.0,296.0,0.0,0.0,3,0.6374204633930249,0.35614983872723055,0.9527017830406969,50.50201445142633,48.104846277423775,0.5138888888888888,True
"강동예술인페스티벌, 구립국악관현악단",한국음악(국악),서울,강동아트센터,0.824,1,206.0,206.0,0.0,0.0,7,0.5120143904207051,0.31359624861333657,0.9527017830406969,42.08406123440282,48.08406123440282,0.5982309124767226,True
제5회 강동온누리교회 카리스합창단 정기연주회,서양음악(클래식),서울,강동아트센터,0.824,1,206.0,206.0,0.0,0.0,7,0.5120143904207051,0.31359624861333657,0.9527017830406969,42.08406123440282,48.08406123440282,0.5982309124767226,True
엠스트링 정기연주회: 하이든과 드보르작의 만남,서양음악(클래식),서울,강동아트센터,0.824,1,206.0,206.0,0.0,0.0,7,0.5120143904207051,0.31359624861333657,0.9527017830406969,42.08406123440282,48.08406123440282,0.5982309124767226,True
제9회 강동구소년소녀합창단 정기연주회,서양음악(클래식),서울,강동아트센터,0.824,1,206.0,206.0,0.0,0.0,7,0.5120143904207051,0.31359624861333657,0.9527017830406969,42.08406123440282,48.08406123440282,0.5982309124767226,True
제68회 충주시립우륵국악단 정기연주회,한국음악(국악),충청,충주시문화회관,0.8335,1,741.0,741.0,0.0,0.0,1,0.5242167154401697,0.49935364840343777,0.9527017830406969,51.41262872572312,48.056457089131015,0.5925925925925926,True
리멤버 레트로,뮤지컬,경인,하남문화예술회관,0.9606,1,341.0,341.0,0.0,0.0,4,0.68073938840712,0.38248560850292435,0.9527017830406969,54.054837692431725,48.054837692431725,0.5521126760563381,True
"ACC 수요극장, 윤보선 고택 쌀롱콘서트",서양음악(클래식),호남,국립아시아문화전당,0.8427,1,209.0,209.0,0.0,0.0,6,0.5324858377855934,0.3158906308603146,0.9527017830406969,43.21151918219046,48.045929502530896,0.5093582887700535,True
"ACC 수요극장, 지젤",무용(서양/한국무용),호남,국립아시아문화전당,0.8427,1,209.0,209.0,0.0,0.0,6,0.5324858377855934,0.3158906308603146,0.9527017830406969,43.21151918219046,48.045929502530896,0.5093582887700535,True
제12회 공주시립합창단 정기연주회: 인생의 노래,서양음악(클래식),충청,공주문예회관,0.868,1,546.0,546.0,0.0,0.0,5,0.5552259242355089,0.45745392143078145,0.9527017830406969,51.38315692908713,48.02698529249503,0.5879629629629629,True
남양주시립예술단 송년음악회,서양음악(클래식),경인,남양주체육문화센터,0.8547,1,1000.0,1000.0,0.0,0.0,2,0.5433726206137407,0.5346319947191684,0.9527017830406969,53.985935189945344,47.985935189945344,0.5511737089201878,True
막대뚝딱 피지컬: 뿔난 오니,연극,호남,국립아시아문화전당,0.62,5,372.0,74.4,0.0,0.0,6,0.3466856391118748,0.5979334203053194,0.9527017830406969,43.11442937226595,47.94883969260639,0.5053475935828877,True
"남양주시립합창단, 클래식 세계여행",서양음악(클래식),경인,다산아트홀,0.7231,4,1289.0,322.25,0.0,0.0,2,0.43159180605149405,0.7524873640305529,0.9527017830406969,53.906805831805904,47.906805831805904,0.5502347417840375,True
"전남도립국악단, 명인명창과 함께하는 오마주: 사제 (師弟) (10.19) [화순]",한국음악(국악),호남,화순 하니움 문화스포츠센터,0.709,1,514.0,514.0,0.0,0.0,5,0.4179933954412436,0.4505276313461851,0.9527017830406969,43.07152260118814,47.90593292152858,0.5026737967914439,True
웅산의 The Jazz 콘서트,대중음악,영남,신세계 문화홀 8층 [대구],0.8889,1,400.0,400.0,0.0,0.0,10,0.5752543829033211,0.41026830465681363,0.9527017830406969,50.25081947285634,47.85365129885379,0.5128968253968254,True
"음악실연자 페스티벌: KMPF, 새로운 여정의 시작",대중음악,서울,노들섬,0.7368,1,336.0,336.0,0.0,0.0,4,0.44608961795580854,0.38025318010559334,0.9527017830406969,41.84874239142232,47.84874239142232,0.595903165735568,True
기업인을 위한 서경 송년음악회,서양음악(클래식),서울,세종문화회관,0.50365,2,3044.0,1522.0,0.0,0.0,3,0.27271995060004833,0.7943279310000508,0.9527017830406969,41.824434658418355,47.824434658418355,0.5949720670391061,True
"5월, 화합과 미래로 [광산]",서양음악(클래식),호남,광산문화예술회관,0.7352,1,397.0,397.0,0.0,0.0,1,0.44453244556608584,0.40851770928591125,0.9527017830406969,42.97604384487132,47.81045416521176,0.5,True
다노네 다노세,한국음악(국악),기타,강릉단오제전수교육관(구. 단오문화관),0.63206667,3,859.0,286.33,0.0,0.0,5,0.3576663892394018,0.6866113204223957,0.9527017830406969,46.427068473213076,47.78135842620989,0.6645569620253164,True
"클래식 마중, 힐링콘서트 [대구]",서양음악(클래식),영남,대구학생문화센터,0.9874,1,157.0,157.0,0.0,0.0,2,0.7316830885708916,0.2848897502147431,0.9527017830406969,50.17236119637639,47.77519302237384,0.5109126984126984,True
"클래식 마중, 힐링콘서트: 교직원 마음채움 [대구]",서양음악(클래식),영남,대구학생문화센터,0.9874,1,157.0,157.0,0.0,0.0,2,0.7316830885708916,0.2848897502147431,0.9527017830406969,50.17236119637639,47.77519302237384,0.5109126984126984,True
제2회 대구교육뮤지컬연구회 앙상블 갈라쇼,뮤지컬,영남,대구학생문화센터,0.9874,1,157.0,157.0,0.0,0.0,2,0.7316830885708916,0.2848897502147431,0.9527017830406969,50.17236119637639,47.77519302237384,0.5109126984126984,True
"부산학생예술문화회관 교직원 초청 공연, 시네마 콘서트: 가을-클래식 음악회",서양음악(클래식),영남,부산학생예술문화회관,0.8048,1,804.0,804.0,0.0,0.0,5,0.49731522001771955,0.5080427002777754,0.9527017830406969,50.15787591441465,47.7607077404121,0.5089285714285714,True
"6.10 민주항쟁 36주년 기념, 꽃다지 콘서트",대중음악,경인,광명시민회관,0.917,1,486.0,486.0,0.0,0.0,7,0.6152710285392112,0.4386585936300809,0.9527017830406969,53.73911824830802,47.73911824830802,0.5492957746478874,True
"제28회 서곶문화예술제, 노을빛 서곶에 울리는 액맥이놀이 풍물마당",한국음악(국악),경인,청라복합문화센터 블루노바홀,0.9239,1,449.0,449.0,0.0,0.0,4,0.625875909469219,0.4271177617973602,0.9527017830406969,53.7170301822928,47.7170301822928,0.5469483568075117,True
"제28회 서곶문화예술제, 어린 시절",연극,경인,청라복합문화센터 블루노바홀,0.9239,1,449.0,449.0,0.0,0.0,4,0.625875909469219,0.4271177617973602,0.9527017830406969,53.7170301822928,47.7170301822928,0.5469483568075117,True
"제28회 서곶문화예술제, 서곶의 배띄워라",한국음악(국악),경인,청라복합문화센터 블루노바홀,0.9239,1,449.0,449.0,0.0,0.0,4,0.625875909469219,0.4271177617973602,0.9527017830406969,53.7170301822928,47.7170301822928,0.5469483568075117,True
"제28회 서곶문화예술제, 멈춤! 그리고 지금의 몸짓!",무용(서양/한국무용),경인,청라복합문화센터 블루노바홀,0.9239,1,449.0,449.0,0.0,0.0,4,0.625875909469219,0.4271177617973602,0.9527017830406969,53.7170301822928,47.7170301822928,0.5469483568075117,True
제303회 부천필하모닉오케스트라 정기연주회,서양음악(클래식),경인,부천시민회관,0.8617,1,897.0,897.0,0.0,0.0,4,0.550124842269176,0.5181833683900912,0.9527017830406969,53.71185384318821,47.71185384318821,0.5446009389671361,True
"아싸(outsider) 악기들의 장기자랑, 아하~ 이 악기!",서양음악(클래식),제주,김정문화회관,0.9273,1,306.0,306.0,0.0,0.0,7,0.6303863398394501,0.36899718978495855,0.9527017830406969,50.883069216837065,47.69950911124571,0.5714285714285714,True
부산학생예술문화회관 교직원 초청 공연: 뮤지컬 갈라콘서트,뮤지컬,영남,부산학생예술문화회관,0.8028,1,802.0,802.0,0.0,0.0,5,0.49612049292560473,0.5079277984986829,0.9527017830406969,50.081011602873716,47.683843428871164,0.5079365079365079,True
"국립현대무용단, HIP合 (힙합) [강릉]",무용(서양/한국무용),기타,강릉아트센터 (구. 강릉문화예술관),0.7325,1,712.0,712.0,0.0,0.0,7,0.4425054366794641,0.49575089483779705,0.9527017830406969,46.3080580712572,47.662348024254015,0.6582278481012658,True
도무스 앙상블 창단 연주회,서양음악(클래식),서울,꿈의숲아트센터,0.7973,1,240.0,240.0,0.0,0.0,8,0.4862673503906355,0.32948130914840684,0.9527017830406969,41.61571680727651,47.61571680727651,0.5931098696461825,True
"사랑, 아름다운 울림",서양음악(클래식),서울,꿈의숲아트센터,0.7973,1,240.0,240.0,0.0,0.0,8,0.4862673503906355,0.32948130914840684,0.9527017830406969,41.61571680727651,47.61571680727651,0.5931098696461825,True
성신여대 아마추어 오케스트라 크리스탈 7기 소공연: 여행,서양음악(클래식),서울,꿈의숲아트센터,0.7973,1,240.0,240.0,0.0,0.0,8,0.4862673503906355,0.32948130914840684,0.9527017830406969,41.61571680727651,47.61571680727651,0.5931098696461825,True
"꿈의 댄스팀 영덕, 첫번째 이야기: 어린오리 몸으로 그리다",무용(서양/한국무용),영남,예주문화예술회관,0.987,1,152.0,152.0,0.0,0.0,4,0.730595752678068,0.28262381302727924,0.9527017830406969,49.96774912623736,47.570580952234806,0.5069444444444444,True
"제8회 연극인의 마을, 안내놔? 못내놔! [안산]",연극,경인,안산문화예술의전당,1.0,1,140.0,140.0,0.0,0.0,6,0.8357585845839933,0.2744748775765629,0.9527017830406969,53.536447285240584,47.536447285240584,0.543661971830986,True
"비원뮤직홀 로맨틱 시리즈, EZ클래식: 더 뉴에이지",서양음악(클래식),영남,비원뮤직홀,0.97,1,194.0,194.0,0.0,0.0,4,0.6948344833140924,0.30307955831735645,0.9527017830406969,49.85990840866026,47.46274023465771,0.5059523809523809,True
제6회 꿈의오케스트라 김해 정기연주회,서양음악(클래식),영남,김해문화의전당,0.7691,1,1126.0,1126.0,0.0,0.0,8,0.46703090181759604,0.549338793666745,0.9527017830406969,49.83603454025835,47.4388663662558,0.5049603174603174,True
"위대한 음악가 하이든, 롯시니, 멘델스존과 함께하는, 가을밤의 클래식 산책 [광주]",서양음악(클래식),호남,유스퀘어 문화관,0.8038,1,254.0,254.0,0.0,0.0,4,0.49653663382285823,0.33797862024591074,0.9527017830406969,42.57223677227703,47.40664709261747,0.49732620320855614,True
"강동예술인페스티벌, 구립무용단",무용(서양/한국무용),서울,강동아트센터,0.808,1,202.0,202.0,0.0,0.0,7,0.49959728300265793,0.31194866041128844,0.9527017830406969,41.38141059978558,47.38141059978558,0.5912476722532588,True
마고할망이 들려주는 자청비 이야기,뮤지컬,제주,김정문화회관,0.75455,2,498.0,249.0,0.0,0.0,7,0.4590436813703117,0.5837028762684624,0.9527017830406969,50.534635975863516,47.35107587027216,0.5604395604395604,True
The Spring,서양음악(클래식),서울,꿈의숲아트센터,0.5512,4,624.0,156.0,0.0,0.0,8,0.30197062850699385,0.6608742996804592,0.9527017830406969,41.30725798164877,47.30725798164877,0.590316573556797,True
코드네임X [천안],뮤지컬,충청,천안시청 봉서홀,0.68,2,1447.0,723.5,0.0,0.0,2,0.39570972158831585,0.7304592451170588,0.9527017830406969,50.56667853547388,47.21050689888178,0.5833333333333334,True
강령탈춤,무용(서양/한국무용),서울,서울돈화문국악당,0.8696,1,120.0,120.0,0.0,0.0,6,0.5574140199210674,0.2618296665655069,0.9527017830406969,41.20161823553695,47.20161823553695,0.5889199255121043,True
"서울국악축제, 민속가무악",한국음악(국악),서울,서울돈화문국악당,0.8696,1,120.0,120.0,0.0,0.0,6,0.5574140199210674,0.2618296665655069,0.9527017830406969,41.20161823553695,47.20161823553695,0.5889199255121043,True
크리에이티브댄스페스티벌 [대구],무용(서양/한국무용),영남,봉산문화회관,1.0,1,80.0,80.0,0.0,0.0,2,0.8357585845839933,0.22664559294966885,0.9527017830406969,49.58923621280088,47.192068038798325,0.503968253968254,True
"CK ON STAGE: 넥스트 투 노멀, 타조 소년들",뮤지컬,서울,한예극장,0.5,18,1800.0,100.0,0.0,0.0,0,0.2684645743281338,0.781746499773489,0.9527017830406969,41.16788632139175,47.16788632139175,0.5875232774674115,True
"요리조리 토리씨, 놀기 좋아하는 토리와 선녀의 신나는 모험 이야기",연극,영남,김천시립율곡도서관,0.8728,1,405.0,405.0,0.0,0.0,2,0.5598437458050313,0.4127571974767345,0.9527017830406969,49.55847804152085,47.1613098675183,0.5029761904761905,True
제12회 서산시립합창단 정기연주회,서양음악(클래식),충청,서산시문화회관,0.8569,1,515.0,515.0,0.0,0.0,3,0.544916369103552,0.450657197460153,0.9527017830406969,50.50523975844147,47.14906812184937,0.5787037037037037,True
누구나 꿈나무 오케스트라 정기연주회,서양음악(클래식),서울,세종문화회관,0.589,1,1780.0,1780.0,0.0,0.0,3,0.32461674765752946,0.5870160924943097,0.9527017830406969,41.141730614749925,47.141730614749925,0.5865921787709497,True
"제3회 경기교원심포니오케스트라 정기연주회, 세상을 열go 행진",서양음악(클래식),경인,안산문화예술의전당,0.8226,1,1294.0,1294.0,0.0,0.0,6,0.5112223803259323,0.5630600404300249,0.9527017830406969,53.13587024753762,47.13587024753762,0.5427230046948357,True
"ACC 수요극장, 늙은 부부이야기",연극,호남,국립아시아문화전당,0.8266,1,205.0,205.0,0.0,0.0,6,0.5167396031895186,0.3131192244120906,0.9527017830406969,42.29090135498223,47.12531167532267,0.49331550802139035,True
"ACC 수요극장, 천년의 노래",한국음악(국악),호남,국립아시아문화전당,0.8266,1,205.0,205.0,0.0,0.0,6,0.5167396031895186,0.3131192244120906,0.9527017830406969,42.29090135498223,47.12531167532267,0.49331550802139035,True
"라인예술단, 푸치니 콘서트 오페라 [가평]",서양음악(클래식),경인,음악역 1939,0.9843,1,250.0,250.0,0.0,0.0,6,0.720380164845491,0.3364129518183312,0.9527017830406969,53.12343277388195,47.12343277388195,0.5417840375586854,True
"제31회 젊은연극제, 민중의 적",연극,서울,서강대 메리홀,0.55634286,7,474.0,67.71,0.0,0.0,1,0.3058232877815663,0.6409503078572967,0.9527017830406969,41.11611536435293,47.11611536435293,0.5856610800744879,True
"국립국악원 창작악단, 환상기행",한국음악(국악),경인,파주운정행복센터,0.9086,1,487.0,487.0,0.0,0.0,9,0.6029344645206325,0.438999169842358,0.9527017830406969,53.106483514961646,47.106483514961646,0.5408450704225352,True
제5회 판교청소년오케스트라 정기연주회,서양음악(클래식),경인,성남아트센터,0.8475,1,934.0,934.0,0.0,0.0,7,0.5361639863613177,0.5221362817976288,0.9527017830406969,53.050823838702165,47.050823838702165,0.5394366197183098,True
청소년 교향악 페스티벌 개막공연 [성남],서양음악(클래식),경인,성남아트센터,0.8475,1,934.0,934.0,0.0,0.0,7,0.5361639863613177,0.5221362817976288,0.9527017830406969,53.050823838702165,47.050823838702165,0.5394366197183098,True
"해설이 있는 음악회, 얼씨구 절씨구",한국음악(국악),영남,온양문화복지센터,0.9291,1,262.0,262.0,0.0,0.0,3,0.6330979676215535,0.34063092782002324,0.9527017830406969,49.40787579961041,47.01070762560786,0.501984126984127,True
5GO 가곡의밤 음악회: 추억 속의 가곡 여행,서양음악(클래식),경인,고양아람누리,0.8247,1,1195.0,1195.0,0.0,0.0,6,0.5138400408086558,0.5546335022384234,0.9527017830406969,52.97844486371095,46.97844486371095,0.5192488262910798,True
"CBS콰이어&CBS 소년소녀합창단 정기공연, Sunshine of my life",서양음악(클래식),경인,고양아람누리,0.8247,1,1195.0,1195.0,0.0,0.0,6,0.5138400408086558,0.5546335022384234,0.9527017830406969,52.97844486371095,46.97844486371095,0.5192488262910798,True
제12회 바로크오라토리오 합창단 정기연주회,서양음악(클래식),경인,고양아람누리,0.8247,1,1195.0,1195.0,0.0,0.0,6,0.5138400408086558,0.5546335022384234,0.9527017830406969,52.97844486371095,46.97844486371095,0.5192488262910798,True
제12회 피델리스 청소년 오케스트라 정기연주회,서양음악(클래식),경인,고양아람누리,0.8247,1,1195.0,1195.0,0.0,0.0,6,0.5138400408086558,0.5546335022384234,0.9527017830406969,52.97844486371095,46.97844486371095,0.5192488262910798,True
제29회 홍익대학교 오케스트라 히아모 정기 가을 연주회,서양음악(클래식),경인,고양아람누리,0.8247,1,1195.0,1195.0,0.0,0.0,6,0.5138400408086558,0.5546335022384234,0.9527017830406969,52.97844486371095,46.97844486371095,0.5192488262910798,True
제8회 대한민국 청소년 교향악축전,서양음악(클래식),경인,고양아람누리,0.8247,1,1195.0,1195.0,0.0,0.0,6,0.5138400408086558,0.5546335022384234,0.9527017830406969,52.97844486371095,46.97844486371095,0.5192488262910798,True
고양시의 노래: 고양 20년의 메아리,서양음악(클래식),경인,고양아람누리,0.8247,1,1195.0,1195.0,0.0,0.0,6,0.5138400408086558,0.5546335022384234,0.9527017830406969,52.97844486371095,46.97844486371095,0.5192488262910798,True
제11회 두루여성합창단 정기연주회,서양음악(클래식),경인,고양아람누리,0.8247,1,1195.0,1195.0,0.0,0.0,6,0.5138400408086558,0.5546335022384234,0.9527017830406969,52.97844486371095,46.97844486371095,0.5192488262910798,True
제4회 평화합창제,서양음악(클래식),경인,고양아람누리,0.8247,1,1195.0,1195.0,0.0,0.0,6,0.5138400408086558,0.5546335022384234,0.9527017830406969,52.97844486371095,46.97844486371095,0.5192488262910798,True
제4회 라온제나 여성합창단 정기연주회 [고양],서양음악(클래식),경인,고양아람누리,0.8247,1,1195.0,1195.0,0.0,0.0,6,0.5138400408086558,0.5546335022384234,0.9527017830406969,52.97844486371095,46.97844486371095,0.5192488262910798,True
"그리운 한국가곡 시리즈, 가곡에 살리라 Ⅳ",서양음악(클래식),경인,고양아람누리,0.8247,1,1195.0,1195.0,0.0,0.0,6,0.5138400408086558,0.5546335022384234,0.9527017830406969,52.97844486371095,46.97844486371095,0.5192488262910798,True
제17회 고양예술고등학교 정기연주회,서양음악(클래식),경인,고양아람누리,0.8247,1,1195.0,1195.0,0.0,0.0,6,0.5138400408086558,0.5546335022384234,0.9527017830406969,52.97844486371095,46.97844486371095,0.5192488262910798,True
제5회 리즈주니어챔버 정기연주회,서양음악(클래식),경인,고양아람누리,0.8247,1,1195.0,1195.0,0.0,0.0,6,0.5138400408086558,0.5546335022384234,0.9527017830406969,52.97844486371095,46.97844486371095,0.5192488262910798,True
제9회 서울YMCA 청소년심포니오케스트라 정기연주회,서양음악(클래식),경인,고양아람누리,0.8247,1,1195.0,1195.0,0.0,0.0,6,0.5138400408086558,0.5546335022384234,0.9527017830406969,52.97844486371095,46.97844486371095,0.5192488262910798,True
제10회 윤학원 유스콰이어 합창 대축제,서양음악(클래식),경인,고양아람누리,0.8247,1,1195.0,1195.0,0.0,0.0,6,0.5138400408086558,0.5546335022384234,0.9527017830406969,52.97844486371095,46.97844486371095,0.5192488262910798,True
"이지연 재즈 오케스트라 콘서트, 비추다",대중음악,경인,고양아람누리,0.8247,1,1195.0,1195.0,0.0,0.0,6,0.5138400408086558,0.5546335022384234,0.9527017830406969,52.97844486371095,46.97844486371095,0.5192488262910798,True
제15회 일산여성합창단 정기연주회,서양음악(클래식),경인,고양아람누리,0.8247,1,1195.0,1195.0,0.0,0.0,6,0.5138400408086558,0.5546335022384234,0.9527017830406969,52.97844486371095,46.97844486371095,0.5192488262910798,True
제6회 고양울림청소년오케스트라 정기연주회,서양음악(클래식),경인,고양아람누리,0.8247,1,1195.0,1195.0,0.0,0.0,6,0.5138400408086558,0.5546335022384234,0.9527017830406969,52.97844486371095,46.97844486371095,0.5192488262910798,True
제30회 고양시남성합창단 정기연주회,서양음악(클래식),경인,고양아람누리,0.8247,1,1195.0,1195.0,0.0,0.0,6,0.5138400408086558,0.5546335022384234,0.9527017830406969,52.97844486371095,46.97844486371095,0.5192488262910798,True
24세대공감음악회,서양음악(클래식),경인,고양아람누리,0.8247,1,1195.0,1195.0,0.0,0.0,6,0.5138400408086558,0.5546335022384234,0.9527017830406969,52.97844486371095,46.97844486371095,0.5192488262910798,True
5GO 음악회: 가곡의향기,서양음악(클래식),경인,고양아람누리,0.8247,1,1195.0,1195.0,0.0,0.0,6,0.5138400408086558,0.5546335022384234,0.9527017830406969,52.97844486371095,46.97844486371095,0.5192488262910798,True
ALIVE [고양],서양음악(클래식),경인,고양아람누리,0.8247,1,1195.0,1195.0,0.0,0.0,6,0.5138400408086558,0.5546335022384234,0.9527017830406969,52.97844486371095,46.97844486371095,0.5192488262910798,True
고양페스티벌앙상블 비르투오조 크리스마스 콘서트,서양음악(클래식),경인,고양아람누리,0.8247,1,1195.0,1195.0,0.0,0.0,6,0.5138400408086558,0.5546335022384234,0.9527017830406969,52.97844486371095,46.97844486371095,0.5192488262910798,True
"교보노블리에 포유콘서트, 마음: 音",서양음악(클래식),경인,고양아람누리,0.8247,1,1195.0,1195.0,0.0,0.0,6,0.5138400408086558,0.5546335022384234,0.9527017830406969,52.97844486371095,46.97844486371095,0.5192488262910798,True
장애인을 위한 세상의 빛 음악회,서양음악(클래식),경인,고양아람누리,0.8247,1,1195.0,1195.0,0.0,0.0,6,0.5138400408086558,0.5546335022384234,0.9527017830406969,52.97844486371095,46.97844486371095,0.5192488262910798,True
제3회 솔빛소리합창단 정기연주회,서양음악(클래식),경인,고양아람누리,0.8247,1,1195.0,1195.0,0.0,0.0,6,0.5138400408086558,0.5546335022384234,0.9527017830406969,52.97844486371095,46.97844486371095,0.5192488262910798,True
제9회 엘피스싱어즈 정기연주회,서양음악(클래식),경인,고양아람누리,0.8247,1,1195.0,1195.0,0.0,0.0,6,0.5138400408086558,0.5546335022384234,0.9527017830406969,52.97844486371095,46.97844486371095,0.5192488262910798,True
제13회 피델리스 청소년 오케스트라 정기연주회,서양음악(클래식),경인,고양아람누리,0.8247,1,1195.0,1195.0,0.0,0.0,6,0.5138400408086558,0.5546335022384234,0.9527017830406969,52.97844486371095,46.97844486371095,0.5192488262910798,True
제22회 테헤란밸리 심포니 오케스트라 가을 정기연주회,서양음악(클래식),경인,고양아람누리,0.8247,1,1195.0,1195.0,0.0,0.0,6,0.5138400408086558,0.5546335022384234,0.9527017830406969,52.97844486371095,46.97844486371095,0.5192488262910798,True
제5회 평화합창제 [고양],서양음악(클래식),경인,고양아람누리,0.8247,1,1195.0,1195.0,0.0,0.0,6,0.5138400408086558,0.5546335022384234,0.9527017830406969,52.97844486371095,46.97844486371095,0.5192488262910798,True
제4회 꿈을 품은 하모니,서양음악(클래식),경인,고양아람누리,0.8247,1,1195.0,1195.0,0.0,0.0,6,0.5138400408086558,0.5546335022384234,0.9527017830406969,52.97844486371095,46.97844486371095,0.5192488262910798,True
제31회 고양시남성합창단 정기연주회,서양음악(클래식),경인,고양아람누리,0.8247,1,1195.0,1195.0,0.0,0.0,6,0.5138400408086558,0.5546335022384234,0.9527017830406969,52.97844486371095,46.97844486371095,0.5192488262910798,True
하나님의 교회 설립 60주년 기념 희망콘서트 [고양],서양음악(클래식),경인,고양아람누리,0.8247,1,1195.0,1195.0,0.0,0.0,6,0.5138400408086558,0.5546335022384234,0.9527017830406969,52.97844486371095,46.97844486371095,0.5192488262910798,True
제26회 국민대학교 아마추어 오케스트라 KookHWA 정기연주회: Espoir!,서양음악(클래식),경인,고양아람누리,0.8247,1,1195.0,1195.0,0.0,0.0,6,0.5138400408086558,0.5546335022384234,0.9527017830406969,52.97844486371095,46.97844486371095,0.5192488262910798,True
제13회 바로크오라토리오 합창단 정기연주회 [고양],서양음악(클래식),경인,고양아람누리,0.8247,1,1195.0,1195.0,0.0,0.0,6,0.5138400408086558,0.5546335022384234,0.9527017830406969,52.97844486371095,46.97844486371095,0.5192488262910798,True
제16회 일산여성합창단 정기연주회 [고양],서양음악(클래식),경인,고양아람누리,0.8247,1,1195.0,1195.0,0.0,0.0,6,0.5138400408086558,0.5546335022384234,0.9527017830406969,52.97844486371095,46.97844486371095,0.5192488262910798,True
제18회 페스티벌 앙상블 가우디움 정기연주회,서양음악(클래식),경인,고양아람누리,0.8247,1,1195.0,1195.0,0.0,0.0,6,0.5138400408086558,0.5546335022384234,0.9527017830406969,52.97844486371095,46.97844486371095,0.5192488262910798,True
제25회 광성필하모닉 오케스트라 정기연주회,서양음악(클래식),경인,고양아람누리,0.8247,1,1195.0,1195.0,0.0,0.0,6,0.5138400408086558,0.5546335022384234,0.9527017830406969,52.97844486371095,46.97844486371095,0.5192488262910798,True
제29회 할레우스합창단 정기연주회 [고양],서양음악(클래식),경인,고양아람누리,0.8247,1,1195.0,1195.0,0.0,0.0,6,0.5138400408086558,0.5546335022384234,0.9527017830406969,52.97844486371095,46.97844486371095,0.5192488262910798,True
제38회 성균관대학교 오케스트라 정기 봄 연주회,서양음악(클래식),경인,고양아람누리,0.8247,1,1195.0,1195.0,0.0,0.0,6,0.5138400408086558,0.5546335022384234,0.9527017830406969,52.97844486371095,46.97844486371095,0.5192488262910798,True
제18회 고양예술고등학교 정기연주회: Harmony,서양음악(클래식),경인,고양아람누리,0.8247,1,1195.0,1195.0,0.0,0.0,6,0.5138400408086558,0.5546335022384234,0.9527017830406969,52.97844486371095,46.97844486371095,0.5192488262910798,True
응답하라! 우리들의 1990 [부산],서양음악(클래식),영남,영도문화예술회관,0.8785,1,376.0,376.0,0.0,0.0,3,0.5673611297554165,0.4006760112181206,0.9527017830406969,49.36658483386128,46.96941665985873,0.5009920634920635,True
12 첼로와 함께하는 가을밤의 클래식 [하남],서양음악(클래식),경인,하남문화예술회관,0.9465,1,336.0,336.0,0.0,0.0,4,0.6605766907401939,0.38025318010559334,0.9527017830406969,52.9642819630581,46.9642819630581,0.49953051643192486,True
"아르코 댄스 & 커넥션, 정철인 & 이진형: 어떤 힘 (Invisible Forces)",무용(서양/한국무용),서울,아르코예술극장,0.6727,2,148.0,74.0,0.0,0.0,2,0.3914006497167557,0.4370388788889975,0.9527017830406969,40.90542928159845,46.90542928159845,0.5847299813780261,True
제11회 뉴하얀뮤직 정기연주회,서양음악(클래식),경인,보노마루,0.7882,3,480.0,160.0,0.0,0.0,1,0.48135420302306225,0.6088822045835681,0.9527017830406969,52.88008852578437,46.88008852578437,0.49859154929577465,True
제69회 충주시립우륵국악단 정기연주회,한국음악(국악),충청,충주시문화회관,0.8144,1,724.0,724.0,0.0,0.0,1,0.5053427121647381,0.49720698005086683,0.9527017830406969,50.207256524978796,46.851084888386694,0.5740740740740741,True
온세대 어울림 합창제 [대구],서양음악(클래식),영남,수성아트피아,0.7791,1,903.0,903.0,0.0,0.0,3,0.47552823046151366,0.5188863558792309,0.9527017830406969,49.2418865456908,46.844718371688245,0.5,True
세대공감 하모니 콘서트 [대구],서양음악(클래식),영남,대구오페라하우스,0.753,1,1122.0,1122.0,0.0,0.0,4,0.4577281391789943,0.5490039948345417,0.9527017830406969,49.22602511527667,46.82885694127412,0.4990079365079365,True
광주예술의전당 발레교실 작품발표회,무용(서양/한국무용),호남,예술의 전당 [광주] (구. 광주문화예술회관),0.7262,1,366.0,366.0,0.0,0.0,8,0.43614250812145944,0.39640418670211003,0.9527017830406969,41.97902457909438,46.81343489943482,0.4893048128342246,True
"전국풍류자랑, 비탈 [용인]",한국음악(국악),경인,용인시평생학습관 (여성회관),0.8948,1,536.0,536.0,0.0,0.0,5,0.5823019303568072,0.455523496796448,0.9527017830406969,52.782900460198846,46.782900460198846,0.49765258215962443,True
"홍주, 흥에 취하다",한국음악(국악),충청,홍주문화회관,0.8498,1,515.0,515.0,0.0,0.0,1,0.5380701801487369,0.450657197460153,0.9527017830406969,50.12355655412555,46.76738491753345,0.5694444444444444,True
"어울림 콘서트, 클래식 애호가들과 함께하는 봄날의 하모니",서양음악(클래식),서울,꿈의숲아트센터,0.7741,1,233.0,233.0,0.0,0.0,8,0.4721991032834859,0.3263366843333728,0.9527017830406969,40.732536324045164,46.732536324045164,0.5837988826815642,True
"실내악시리즈 NO.1 리움챔버오케스라, 클라리렛 퀸텟",서양음악(클래식),경인,솔가람아트홀,0.9667,1,290.0,290.0,0.0,0.0,4,0.6883507396568851,0.3532173285054332,0.9527017830406969,52.71117176462532,46.71117176462532,0.49671361502347416,True
"영산아트홀 스프링콘서트, 이세란 피아노 독주회",서양음악(클래식),서울,영산아트홀,0.689,1,412.0,412.0,0.0,0.0,4,0.4014148790506618,0.41535808641107463,0.9527017830406969,40.69350966110458,46.69350966110458,0.5828677839851024,True
"예술 가곡의 밤 시리즈Ⅱ, 독일 가곡의 밤",서양음악(클래식),영남,비원뮤직홀,0.96,1,192.0,192.0,0.0,0.0,4,0.6783230864230676,0.3018390540969787,0.9527017830406969,49.0650370903435,46.66786891634095,0.498015873015873,True
"ACC 수요극장, 국립무용단: 묵향",무용(서양/한국무용),호남,국립아시아문화전당,0.8185,1,203.0,203.0,0.0,0.0,6,0.5080543399468413,0.312320213548389,0.9527017830406969,41.82020299263886,46.6546133129793,0.4852941176470588,True
"ACC 수요극장, 심청",무용(서양/한국무용),호남,국립아시아문화전당,0.8185,1,203.0,203.0,0.0,0.0,6,0.5080543399468413,0.312320213548389,0.9527017830406969,41.82020299263886,46.6546133129793,0.4852941176470588,True
"토요일 토요일은 클래식 2, 음악사 하이라이트",서양음악(클래식),제주,김정문화회관,0.9152,1,302.0,302.0,0.0,0.0,7,0.6134588020511719,0.36491656235710845,0.9527017830406969,49.83663046835587,46.65307036276452,0.5494505494505495,True
물속 골리앗 [구리],무용(서양/한국무용),경인,구리아트홀,0.8917,1,535.0,535.0,0.0,0.0,8,0.5799930195720461,0.45532433031299546,0.9527017830406969,52.64801518149535,46.64801518149535,0.49577464788732395,True
광주국악상설공연 (3월),한국음악(국악),호남,광주공연마루,0.5096087,23,2016.0,87.65,0.0,0.0,6,0.2756195129809112,0.7812808427537229,0.9527017830406969,41.81276106913278,46.64717138947322,0.48128342245989303,True
신진연극인페스티벌 8,연극,서울,소극장 플랫폼74,0.5714,8,320.0,40.0,0.0,0.0,0,0.31398501892769887,0.5980405887616437,0.9527017830406969,40.62913913855966,46.62913913855966,0.5819366852886406,True
"제31회 젊은연극제, 한씨연대기 [청주]",연극,충청,씨어터 제이,0.68883333,6,738.0,123.0,0.0,0.0,2,0.4012403683518136,0.6949125187556868,0.9527017830406969,49.9821376786952,46.6259660421031,0.5648148148148148,True
"다노네, 다노세",한국음악(국악),기타,강릉단오제전수교육관 (구. 단오문화관),0.61513333,3,836.0,278.67,0.0,0.0,5,0.34351759873278387,0.6824790533986099,0.9527017830406969,45.20694147936251,46.56123143235933,0.6518987341772152,True
제3회 AS클라리넷콰이어 정기연주회,서양음악(클래식),서울,꿈의숲아트센터,0.7708,1,232.0,232.0,0.0,0.0,8,0.469165301903509,0.3259800674112203,0.9527017830406969,40.55757214365721,46.55757214365721,0.5805400372439479,True
한중 국제음악협회 창단연주회,서양음악(클래식),서울,꿈의숲아트센터,0.7708,1,232.0,232.0,0.0,0.0,8,0.469165301903509,0.3259800674112203,0.9527017830406969,40.55757214365721,46.55757214365721,0.5805400372439479,True
별주부전: 토끼와 자라,연극,경인,파주시민회관,0.9636,1,291.0,291.0,0.0,0.0,5,0.6840013960855907,0.35378109828096693,0.9527017830406969,52.54459430522248,46.54459430522248,0.49483568075117373,True
시인의 사랑 [제주],연극,제주,BeIN(비인),0.9868,1,149.0,149.0,0.0,0.0,1,0.729025156388434,0.2793096902486341,0.9527017830406969,49.668370275951766,46.48481017036041,0.5384615384615384,True
"서울국악축제, 국악의 정수: 국악대제전 2. 상자루 & 4인놀이",한국음악(국악),서울,서울돈화문국악당,0.8551,1,118.0,118.0,0.0,0.0,6,0.5437216420114371,0.25983117085136176,0.9527017830406969,40.46713628463419,46.46713628463419,0.5786778398510242,True
"서울국악축제, 월드뮤직그룹 공명",한국음악(국악),서울,서울돈화문국악당,0.8551,1,118.0,118.0,0.0,0.0,6,0.5437216420114371,0.25983117085136176,0.9527017830406969,40.46713628463419,46.46713628463419,0.5786778398510242,True
현륭원의 약속 [수원],무용(서양/한국무용),경인,경기아트센터(구. 경기도문화의전당),0.9064,1,455.0,455.0,0.0,0.0,4,0.5990952291459715,0.4294900196384609,0.9527017830406969,52.44193974536919,46.44193974536919,0.49389671361502346,True
"가람도서관 개관 10주년 기념 음악회, 가람콰이어: 오월 음악회",서양음악(클래식),경인,솔가람아트홀,0.9633,1,289.0,289.0,0.0,0.0,4,0.683075146991704,0.35269218217456066,0.9527017830406969,52.43719158210619,46.43719158210619,0.49295774647887325,True
야류별곡(野遊別曲) [강릉],무용(서양/한국무용),기타,강릉아트센터(구. 강릉문화예술관),0.715,1,695.0,695.0,0.0,0.0,7,0.42465164979729914,0.49311294576921405,0.9527017830406969,45.081488913371295,46.43577886636811,0.6455696202531646,True
"춤으로 만나는 품바, 얼씨구! [충주]",무용(서양/한국무용),충청,충주시문화회관,0.6749,2,1200.0,600.0,0.0,0.0,1,0.3926356485086047,0.710571024928152,0.9527017830406969,49.777930203325504,46.4217585667334,0.5601851851851852,True
SBS Gayo Daejeon,대중음악,경인,인스파이어,0.7551,1,11327.0,11327.0,0.0,0.0,0,0.4592181920691599,0.6393202063897381,0.9527017830406969,52.42021804140302,46.42021804140302,0.492018779342723,True
"제31회 전국원음합창제, 다 같이 다 함께 [안산]",서양음악(클래식),경인,안산문화예술의전당,0.8093,1,1273.0,1273.0,0.0,0.0,6,0.5004161408972535,0.5618664009296732,0.9527017830406969,52.41456799137205,46.41456799137205,0.49107981220657276,True
팝스 콘서트 [남양주],대중음악,경인,다산아트홀,0.9073,1,450.0,450.0,0.0,0.0,3,0.6001825650387951,0.4275062562292091,0.9527017830406969,52.40189770914958,46.40189770914958,0.49014084507042255,True
"해피컬처페스티벌, 점프",뮤지컬,영남,안동문화예술의전당,0.65495,2,1302.0,651.0,0.0,0.0,7,0.3758960453190861,0.7208825675934957,0.9527017830406969,48.77378543633955,46.376617262337,0.49702380952380953,True
"제20회 DIOF 카메라타 창작오페라 콘체르탄테, 264, 그 한 개의 별",서양음악(클래식),영남,대구오페라하우스,0.7456,1,1111.0,1111.0,0.0,0.0,4,0.4516202647193063,0.5472367470236001,0.9527017830406969,48.7679110999249,46.37074292592235,0.49603174603174605,True
"모두페스티벌, 우리는 꿈을 위해 달려간다. 돈키호테처럼 [대구]",연극,영남,소극장 함세상,1.0,1,70.0,70.0,0.0,0.0,3,0.8357585845839933,0.2170594506189413,0.9527017830406969,48.73937855857411,46.34221038457156,0.49503968253968256,True
낭만재즈,대중음악,기타,철원군 화강문화센터,0.8362,1,291.0,291.0,0.0,0.0,6,0.5258678551292721,0.35378109828096693,0.9527017830406969,44.8765875027446,46.230877455741414,0.6392405063291139,True
"제5회 선릉아트홀 좌창시리즈, 김혜란의 민요: 우리소리 경기좌창",한국음악(국악),서울,선릉아트홀(구. 아트홀 가얏고을),0.9091,1,70.0,70.0,0.0,0.0,5,0.6062233199989261,0.2170594506189413,0.9527017830406969,40.19861248087691,46.19861248087691,0.5763500931098696,True
"제6회 선릉아트홀 2인전통음악축제, I AM YOU: 김한나X박성미, 이채현X임정완",한국음악(국악),서울,선릉아트홀(구. 아트홀 가얏고을),0.9091,1,70.0,70.0,0.0,0.0,5,0.6062233199989261,0.2170594506189413,0.9527017830406969,40.19861248087691,46.19861248087691,0.5763500931098696,True
"명창의 숨소리: 춘향가 모보경 명창, 조용수 명고",한국음악(국악),서울,선릉아트홀(구. 아트홀 가얏고을),0.9091,1,70.0,70.0,0.0,0.0,5,0.6062233199989261,0.2170594506189413,0.9527017830406969,40.19861248087691,46.19861248087691,0.5763500931098696,True
꿈을 실은 스쿨버스,서양음악(클래식),영남,(재)영화의전당,0.6611,2,1112.0,556.0,0.0,0.0,8,0.3805272907885199,0.7000904091654151,0.9527017830406969,48.56161669852755,46.164448524525,0.49404761904761907,True
신나는 오케스트라 교류음악회: 꿈의 향연,서양음악(클래식),기타,춘천문화예술회관,0.7128,1,670.0,670.0,0.0,0.0,3,0.4221548044137783,0.48991934923506225,0.9527017830406969,44.80565995818303,46.159949911179844,0.6234177215189873,True
"온세대합창페스티벌, 개막공연",서양음악(클래식),기타,춘천문화예술회관,0.7128,1,670.0,670.0,0.0,0.0,3,0.4221548044137783,0.48991934923506225,0.9527017830406969,44.80565995818303,46.159949911179844,0.6234177215189873,True
"온세대합창페스티벌, 개막공연 [춘천]",서양음악(클래식),기타,춘천문화예술회관,0.7128,1,670.0,670.0,0.0,0.0,3,0.4221548044137783,0.48991934923506225,0.9527017830406969,44.80565995818303,46.159949911179844,0.6234177215189873,True
제15회 신나는 오케스트라2.0 정기연주회,서양음악(클래식),기타,춘천문화예술회관,0.7128,1,670.0,670.0,0.0,0.0,3,0.4221548044137783,0.48991934923506225,0.9527017830406969,44.80565995818303,46.159949911179844,0.6234177215189873,True
말로 재즈 콘서트,대중음악,영남,부산학생예술문화회관,0.7758,1,775.0,775.0,0.0,0.0,5,0.47350122157489194,0.5042462857286831,0.9527017830406969,48.55676504582887,46.15959687182632,0.4930555555555556,True
제4회 JL 체임버콰이어 정기연주회,서양음악(클래식),경인,성남아트센터,0.833,1,918.0,918.0,0.0,0.0,7,0.5215856310575349,0.5206435782196983,0.9527017830406969,52.1208605548805,46.1208605548805,0.4892018779342723,True
내일을 위한 음악 Ⅰ,한국음악(국악),서울,서울돈화문국악당,0.8478,1,117.0,117.0,0.0,0.0,6,0.536405616559723,0.2594033732746697,0.9527017830406969,40.11310106075935,46.11310106075935,0.574487895716946,True
"문학시어터 화요수업, MUSICAL With ME 1기 발표공연",뮤지컬,경인,문학시어터,1.0,1,111.0,111.0,0.0,0.0,3,0.8357585845839933,0.2557353692777639,0.9527017830406969,52.043299959250966,46.043299959250966,0.48826291079812206,True
"전남도립국악단, 고 김대중 전 대통령 탄신 100주년 기념공연: 인동초의 봄",한국음악(국악),호남,남도소리울림터,0.7043,1,393.0,393.0,0.0,0.0,1,0.41479850726232986,0.40773191841206646,0.9527017830406969,41.19572924543379,46.03013956577423,0.4786096256684492,True
천안교육지원청 스쿨클래식 콘서트,서양음악(클래식),충청,천안예술의전당,0.64255,2,2110.0,1055.0,0.0,0.0,3,0.3674658361747255,0.7670054196719504,0.9527017830406969,49.32300795072538,45.96683631413328,0.5555555555555556,True
"영도에서 떠나는 유럽예술여행 Ⅳ, 토요렉처콘서트: 사람",서양음악(클래식),영남,영도문화예술회관,0.8621,1,369.0,369.0,0.0,0.0,3,0.550822885064569,0.3976979107320062,0.9527017830406969,48.35356611298292,45.956397938980366,0.49206349206349204,True
뚜껑 없는 열차 [논산],연극,충청,논산아트센터(구. 논산문화예술회관),0.9763,1,165.0,165.0,0.0,0.0,5,0.7042849088517196,0.28881624068867573,0.9527017830406969,49.30576186885776,45.949590232265656,0.5509259259259259,True
제1247회 30주년기념 특별 금요음악회,서양음악(클래식),서울,서초문화예술회관(구. 서초구민회관),0.6609,1,456.0,456.0,0.0,0.0,6,0.38036620398958304,0.4299762706445994,0.9527017830406969,39.948359441600054,45.948359441600054,0.5735567970204841,True
이건명의 갈라콘서트 [계룡],뮤지컬,충청,계룡문화예술의전당,0.8217,1,590.0,590.0,0.0,0.0,2,0.5106317287298305,0.467041219108874,0.9527017830406969,49.272745557875474,45.91657392128337,0.5439814814814815,True
"정전70주년 주제공연, 갬블러크루 X 고블린파티: 여름을 덮다",대중무용,충청,계룡문화예술의전당,0.8217,1,590.0,590.0,0.0,0.0,2,0.5106317287298305,0.467041219108874,0.9527017830406969,49.272745557875474,45.91657392128337,0.5439814814814815,True
제2회 정기연주회 Amicizia,서양음악(클래식),서울,꿈의숲아트센터,0.7508,1,226.0,226.0,0.0,0.0,8,0.45696297688404436,0.323253894402586,0.9527017830406969,39.787450863539064,45.787450863539064,0.5726256983240223,True
제2회 하남시립합창단 기획연주회,서양음악(클래식),경인,하남문화예술회관,0.8397,1,765.0,765.0,0.0,0.0,4,0.5281230703143878,0.5027274140511115,0.9527017830406969,51.78143848768393,45.78143848768393,0.48732394366197185,True
"제32회 젊은연극제, 사천의 선인",연극,경인,대진대학교,0.72045,10,682.0,68.2,0.0,0.0,7,0.42924262356699866,0.6858737860100903,0.9527017830406969,51.7749140006311,45.7749140006311,0.4863849765258216,True
가시나무 새 [목포],뮤지컬,호남,목포문화예술회관,0.6762,1,472.0,472.0,0.0,0.0,6,0.39348135420302305,0.4340651053270692,0.9527017830406969,40.923846223672996,45.758256544013435,0.47593582887700536,True
"ACC 수요극장, 카발레리아 루스티카나",서양음악(클래식),호남,국립아시아문화전당,0.8024,1,199.0,199.0,0.0,0.0,6,0.4959728300265793,0.3056128349873758,0.9527017830406969,40.864234464945675,45.69864478528611,0.4732620320855615,True
제3회 버디색소폰앙상블 정기연주회 [성남],서양음악(클래식),경인,성남아트센터,0.9259,1,350.0,350.0,0.0,0.0,7,0.628413026552474,0.3853414325701812,0.9527017830406969,51.675583652593495,45.675583652593495,0.4830985915492958,True
"국가무형문화재 전승자 춤전, 권명주 느루 무용단: 眞心진심 X 盡心진심",무용(서양/한국무용),경인,성남아트센터,0.9259,1,350.0,350.0,0.0,0.0,7,0.628413026552474,0.3853414325701812,0.9527017830406969,51.675583652593495,45.675583652593495,0.4830985915492958,True
"제37회 성남문화예술제, 무용제",무용(서양/한국무용),경인,성남아트센터,0.9259,1,350.0,350.0,0.0,0.0,7,0.628413026552474,0.3853414325701812,0.9527017830406969,51.675583652593495,45.675583652593495,0.4830985915492958,True
"월드비전 합창단 지역반 정기연주회, 혹부리 영감과 노래 주머니",서양음악(클래식),경인,성남아트센터,0.9259,1,350.0,350.0,0.0,0.0,7,0.628413026552474,0.3853414325701812,0.9527017830406969,51.675583652593495,45.675583652593495,0.4830985915492958,True
제4회 버디색소폰앙상블 정기연주회,서양음악(클래식),경인,성남아트센터,0.9259,1,350.0,350.0,0.0,0.0,7,0.628413026552474,0.3853414325701812,0.9527017830406969,51.675583652593495,45.675583652593495,0.4830985915492958,True
제38회 성남무용제,무용(서양/한국무용),경인,성남아트센터,0.9259,1,350.0,350.0,0.0,0.0,7,0.628413026552474,0.3853414325701812,0.9527017830406969,51.675583652593495,45.675583652593495,0.4830985915492958,True
꿈소풍,서양음악(클래식),경인,성남아트센터,0.6763,2,2440.0,1220.0,0.0,0.0,7,0.39350820200284586,0.7771245247426977,0.9527017830406969,51.661679316457075,45.661679316457075,0.47981220657276996,True
양양문화재단 송년음악회,서양음악(클래식),기타,양양문화복지회관,0.7955,1,350.0,350.0,0.0,0.0,2,0.4851665905979005,0.3853414325701812,0.9527017830406969,44.24587776638862,45.60016771938543,0.6075949367088608,True
제27회 춘천시립청소년교향악단 정기연주회,서양음악(클래식),기타,춘천문화예술회관,0.7032,1,661.0,661.0,0.0,0.0,3,0.4138722581684431,0.48871104539983534,0.9527017830406969,44.23241502439428,45.58670497739109,0.6012658227848101,True
"코리안 아츠, 문화피크닉 [파주]",서양음악(클래식),경인,솔가람아트홀,0.95,1,285.0,285.0,0.0,0.0,4,0.6666174457003249,0.3511650012516061,0.9527017830406969,51.585838639157934,45.585838639157934,0.4788732394366197,True
어린왕자의 쓰레기 별 여행,뮤지컬,경인,청학아트홀,0.8108,2,360.0,180.0,0.0,0.0,1,0.501503476790077,0.5373447155606546,0.9527017830406969,51.55437922604502,45.55437922604502,0.4779342723004695,True
"국립심포니오케스트라: The New Year, New Energy & New Generation [강릉]",서양음악(클래식),기타,강릉아트센터 (구. 강릉문화예술관),0.7006,1,681.0,681.0,0.0,0.0,7,0.41164389078315033,0.49134520519350866,0.9527017830406969,44.1842709652286,45.538560918225414,0.5886075949367089,True
"한국예술종합학교 전통예술원, 전통연희 & 전통무용 [강릉]",한국음악(국악),기타,강릉아트센터 (구. 강릉문화예술관),0.7006,1,681.0,681.0,0.0,0.0,7,0.41164389078315033,0.49134520519350866,0.9527017830406969,44.1842709652286,45.538560918225414,0.5886075949367089,True
"국립합창단, 흥겨운 합창여행",서양음악(클래식),기타,강릉아트센터 (구. 강릉문화예술관),0.7006,1,681.0,681.0,0.0,0.0,7,0.41164389078315033,0.49134520519350866,0.9527017830406969,44.1842709652286,45.538560918225414,0.5886075949367089,True
KBS대구 클래식 FM 포시즌 특집: 봄,서양음악(클래식),영남,대구콘서트하우스,0.7445,1,956.0,956.0,0.0,0.0,7,0.4512309716218756,0.5244707488089231,0.9527017830406969,47.92121815185389,45.52404997785134,0.49107142857142855,True
제26회 춘천시립청소년교향악단 정기연주회,서양음악(클래식),기타,춘천문화예술회관,0.7021,1,660.0,660.0,0.0,0.0,3,0.4129728568743791,0.4883453376128267,0.9527017830406969,44.161490524729565,45.51578047772638,0.560126582278481,True
제29회 춘천시립청소년합창단 정기연주회: 사랑의 노래,서양음악(클래식),기타,춘천문화예술회관,0.7021,1,660.0,660.0,0.0,0.0,3,0.4129728568743791,0.4883453376128267,0.9527017830406969,44.161490524729565,45.51578047772638,0.560126582278481,True
제28회 춘천시립청소년교향악단 정기연주회,서양음악(클래식),기타,춘천문화예술회관,0.7021,1,660.0,660.0,0.0,0.0,3,0.4129728568743791,0.4883453376128267,0.9527017830406969,44.161490524729565,45.51578047772638,0.560126582278481,True
제30회 춘천시립청소년합창단 정기연주회: 노래 어때? 게임 어때?,서양음악(클래식),기타,춘천문화예술회관,0.7021,1,660.0,660.0,0.0,0.0,3,0.4129728568743791,0.4883453376128267,0.9527017830406969,44.161490524729565,45.51578047772638,0.560126582278481,True
춘천시립청소년교향악단 특별연주회: DREAMS COME TRUE,서양음악(클래식),기타,춘천문화예술회관,0.7021,1,660.0,660.0,0.0,0.0,3,0.4129728568743791,0.4883453376128267,0.9527017830406969,44.161490524729565,45.51578047772638,0.560126582278481,True
제29회 춘천시립청소년교향악단 정기연주회: 칼리니코프의 가을정경,서양음악(클래식),기타,춘천문화예술회관,0.7021,1,660.0,660.0,0.0,0.0,3,0.4129728568743791,0.4883453376128267,0.9527017830406969,44.161490524729565,45.51578047772638,0.560126582278481,True
"제2회 김제시 & 동해시 시립합창단 음악회, 지평선과 수평선의 만남",서양음악(클래식),호남,김제문화예술회관,0.7131,1,348.0,348.0,0.0,0.0,4,0.42240985851209495,0.38444796164233597,0.9527017830406969,40.67948558217548,45.51389590251592,0.47058823529411764,True
"제11회 실험무대702 정기공연, H",연극,서울,실험무대702,0.54333333,12,326.0,27.17,0.0,0.0,0,0.2971246006389776,0.6046753188087604,0.9527017830406969,39.47953815530455,45.47953815530455,0.5716945996275605,True
"부산학생예술문화회관 교직원 초청 공연, 부산광역시교육청 신년음악회: 새로운 시작, 희망 부산교육",서양음악(클래식),영남,부산학생예술문화회관,0.7628,1,762.0,762.0,0.0,0.0,5,0.4636615029398341,0.5022134146602772,0.9527017830406969,47.87137995624038,45.47421178223783,0.49007936507936506,True
임차인,연극,서울,여행자극장,0.568,5,284.0,56.8,0.0,0.0,0,0.31160898864338066,0.5615667022151053,0.9527017830406969,39.439057295594395,45.439057295594395,0.5707635009310987,True
굴다리 연가 [김천],뮤지컬,영남,김천시립문화회관,0.6983,2,588.0,294.0,0.0,0.0,5,0.40816710070609713,0.6064170478803136,0.9527017830406969,47.82019675672169,45.42302858271914,0.48908730158730157,True
제12회 아산 온궁오케스트라 정기연주회 Ⅹ 이 솔리스티 비르투오지,서양음악(클래식),충청,아산시 평생학습관 (여성회관 아산아트홀),0.8487,1,432.0,432.0,0.0,0.0,4,0.5374661046527237,0.42174351233037743,0.9527017830406969,48.77867650862943,45.42250487203733,0.5370370370370371,True
파주필하모닉오케스트라 송년음악회,서양음악(클래식),경인,파주운정행복센터,0.8881,1,476.0,476.0,0.0,0.0,9,0.5746234596074852,0.43496649465482495,0.9527017830406969,51.40582499549038,45.40582499549038,0.47699530516431926,True
유지숙 소리인생 60: 기원과 덕담,한국음악(국악),서울,국립극장,0.6863,1,350.0,350.0,0.0,0.0,5,0.39948183746341986,0.3853414325701812,0.9527017830406969,39.37644517215056,45.37644517215056,0.5698324022346368,True
이숙현 작곡 리사이틀 [대구],서양음악(클래식),영남,비원뮤직홀,0.94,1,188.0,188.0,0.0,0.0,4,0.6508443633044272,0.2991902639177032,0.9527017830406969,47.694167381385924,45.29699920738337,0.4880952380952381,True
테너 이현의 오페라 만찬! [당진],서양음악(클래식),충청,당진문예의전당,0.9133,1,274.0,274.0,0.0,0.0,5,0.6121566837597658,0.3445335271541881,0.9527017830406969,48.64185776695055,45.28568613035845,0.5324074074074074,True
빨간코 루돌프와 산타클로스 [남양주],뮤지컬,경인,정약용도서관,0.9375,1,300.0,300.0,0.0,0.0,9,0.64723333422826,0.36152271181921314,0.9527017830406969,51.27323982972425,45.27323982972425,0.476056338028169,True
거인 앙갈로 [진접읍주민자치센터],연극,경인,진접읍주민자치센터,0.75,2,600.0,300.0,0.0,0.0,3,0.45536553279458747,0.6123306662436621,0.9527017830406969,51.26376475258242,45.26376475258242,0.4751173708920188,True
"창원문화재단과 함께하는 해군음악회, 항해 [창원]",서양음악(클래식),영남,진해문화센터(진해구민회관),0.7604,1,733.0,733.0,0.0,0.0,5,0.46254731924718767,0.4982588699723032,0.9527017830406969,47.65140567397579,45.254237499973236,0.4871031746031746,True
"삼성전자와 함께하는 축하콘서트, 강원도립무용단",무용(서양/한국무용),기타,강릉아트센터(구. 강릉문화예술관),0.6975,1,678.0,678.0,0.0,0.0,7,0.4074153623110586,0.4909096251569425,0.9527017830406969,43.89580919409826,45.25009914709508,0.5379746835443038,True
"SAC ON SCREEN, 영상으로 만나는 듀오콘서트: 미클로시 페레니 & 피닌 콜린스 듀오 콘서트 [부산]",서양음악(클래식),영남,영도문화예술회관,0.9563,1,153.0,153.0,0.0,0.0,3,0.6733830912556716,0.28338963797630234,0.9527017830406969,47.63332638916431,45.23615821516176,0.4861111111111111,True
"제41회 제물포예술제, 괴물 신드롬",연극,경인,인천수봉문화회관,0.9938,1,159.0,159.0,0.0,0.0,4,0.7554836631138078,0.2854860772001551,0.9527017830406969,51.18810117663533,45.18810117663533,0.47417840375586856,True
우정만리 [부천],연극,경인,소극장 극예술공간,1.2,1,60.0,60.0,0.0,0.0,1,0.9339946841356351,0.20756443789293835,0.9527017830406969,51.17617487346323,45.17617487346323,0.4732394366197183,True
제자리,무용(서양/한국무용),서울,모두예술극장,0.59075,2,306.0,153.0,0.0,0.0,0,0.32519397535371974,0.5172265563023591,0.9527017830406969,39.152348766474724,45.152348766474724,0.568901303538175,True
All about Jazz,대중음악,호남,광산문화예술회관,0.5556,2,600.0,300.0,0.0,0.0,1,0.3051252449861734,0.6123306662436621,0.9527017830406969,40.3163575985257,45.15076791886614,0.4679144385026738,True
제20회 서구립소년소녀합창단 정기연주회: 어린왕자와 노래별,서양음악(클래식),경인,청라복합문화센터 블루노바홀,0.893,1,434.0,434.0,0.0,0.0,4,0.5808521491663758,0.42242714562485917,0.9527017830406969,51.13757009724156,45.13757009724156,0.4723004694835681,True
제16회 인천학생교육문화회관 청소년오케스트라 정기연주회,서양음악(클래식),경인,아트센터 인천,0.7811,1,1349.0,1349.0,0.0,0.0,6,0.47708540285123635,0.5650770916732463,0.9527017830406969,51.050589079250585,45.050589079250585,0.47136150234741786,True
제2회 아트밸리 아산 오페라 갈라 콘서트,서양음악(클래식),충청,경찰인재개발원,0.7261,1,1307.0,1307.0,0.0,0.0,0,0.43610223642172524,0.5635774212756597,0.9527017830406969,48.32083411978322,44.96466248319112,0.5277777777777778,True
"ACC 수요극장, 호두까기인형",무용(서양/한국무용),호남,국립아시아문화전당,0.7903,1,196.0,196.0,0.0,0.0,6,0.48244153891588587,0.3041016268042785,0.9527017830406969,40.11199974438362,44.946410064724056,0.46524064171123,True
양산1874 [양산],연극,영남,양산문화예술회관,0.6156,3,1470.0,490.0,0.0,0.0,5,0.34430960882755657,0.7599803888772438,0.9527017830406969,47.25964336488118,44.86247519087863,0.4851190476190476,True
장한나 WITH 디토 오케스트라 오픈 리허설,서양음악(클래식),서울,강동아트센터,0.6235,1,530.0,530.0,0.0,0.0,7,0.3504711788868902,0.45372540800071925,0.9527017830406969,38.860521602578366,44.860521602578366,0.5679702048417132,True
마지막 포에티카,연극,서울,실험무대702,0.5525,8,221.0,27.63,0.0,0.0,0,0.30268209520229816,0.56264664492114,0.9527017830406969,38.7870126958444,44.7870126958444,0.5670391061452514,True
최유리 피아노 독주회,서양음악(클래식),서울,세종문화회관,0.6885,1,305.0,305.0,0.0,0.0,3,0.4009853142534969,0.36849358966396245,0.9527017830406969,38.76582717329152,44.76582717329152,0.5656424581005587,True
채주연 피아노 독주회,서양음악(클래식),서울,세종문화회관,0.6885,1,305.0,305.0,0.0,0.0,3,0.4009853142534969,0.36849358966396245,0.9527017830406969,38.76582717329152,44.76582717329152,0.5656424581005587,True
"그렇게 산을 넘는다, 사라지지 않는",연극,서울,씨어터 송,0.554,5,277.0,55.4,0.0,0.0,0,0.3034606813971595,0.5586214139157776,0.9527017830406969,38.7354396034694,44.7354396034694,0.5642458100558659,True
제12회 꿈의 오케스트라 창원 정기연주회 [창원],서양음악(클래식),영남,3.15아트센터,0.7343,1,868.0,868.0,0.0,0.0,4,0.4440089134695412,0.5154557001125288,0.9527017830406969,47.1315314782769,44.734363304274346,0.48412698412698413,True
아이소포스의 네 번째 열쇠,뮤지컬,영남,울산광역시학생교육문화회관,0.64875,2,916.0,458.0,0.0,0.0,2,0.3717077885467286,0.6726866237422827,0.9527017830406969,47.12443035454144,44.72726218053889,0.48313492063492064,True
해설이 있는 월드 댄스 페스타 [부안],대중무용,호남,부안예술회관,0.51636667,3,773.0,257.67,0.0,0.0,1,0.28053266034848445,0.6739914619422345,0.9527017830406969,39.83380712009017,44.66821744043061,0.4625668449197861,True
"스크린콘서트, 뮤지컬의 밤: 하이스쿨 뮤지컬 3",뮤지컬,영남,서울주문화센터,0.8868,1,282.0,282.0,0.0,0.0,3,0.5731871023169651,0.34893291270436605,0.9527017830406969,46.99748521985428,44.60031704585173,0.48214285714285715,True
올 더 웨이 [충주],뮤지컬,충청,충주시문화회관,0.6479,2,1152.0,576.0,0.0,0.0,1,0.3710231696512471,0.7041566101177176,0.9527017830406969,47.94113624500875,44.58496460841665,0.5231481481481481,True
제41회 하남시립합창단 정기연주회,서양음악(클래식),경인,하남문화예술회관,0.82,1,747.0,747.0,0.0,0.0,4,0.5095041211372728,0.5000000346282585,0.9527017830406969,50.568099803139454,44.568099803139454,0.4704225352112676,True
"남양주시립합창단, 해설이 있는 오페라",서양음악(클래식),경인,다산아트홀,0.7313,2,612.0,306.0,0.0,0.0,2,0.44171342658469137,0.6187749024886109,0.9527017830406969,50.54723876870718,44.54723876870718,0.4694835680751174,True
"대진대학교 연기예술학과, 30일간의 야유회",연극,경인,대진대학교,0.815,4,163.0,40.75,0.0,0.0,6,0.505705157462346,0.5045202536459825,0.9527017830406969,50.523086236098166,44.523086236098166,0.46854460093896716,True
"아침문화살롱, 재즈밴드 다빈치",대중음악,경인,솔가람아트홀,0.9367,1,281.0,281.0,0.0,0.0,4,0.6462936612344619,0.34837141988870546,0.9527017830406969,50.47483934503521,44.47483934503521,0.4676056338028169,True
제15회 논산시립합창단 정기연주회,서양음악(클래식),충청,논산아트센터(구. 논산문화예술회관),0.8232,1,461.0,461.0,0.0,0.0,5,0.5115579778237174,0.4315541225371264,0.9527017830406969,47.79153998905844,44.43536835246634,0.5185185185185185,True
"제62회 유나이티드 코리안 오케스트라, 클래식 속의 스토리: 베에토벤 [부산]",서양음악(클래식),영남,영도문화예술회관,0.8364,1,358.0,358.0,0.0,0.0,3,0.5260020941283862,0.3933531213663467,0.9527017830406969,46.82799078424459,44.43082261024204,0.48115079365079366,True
제5회 띠엠뽀 코럴 정기연주회,서양음악(클래식),경인,안산문화예술의전당,0.838,1,600.0,600.0,0.0,0.0,6,0.5269820388219185,0.47210999841340395,0.9527017830406969,50.43067339137618,44.43067339137618,0.4652582159624413,True
제23회 안산경기민요단 정기공연,한국음악(국악),경인,안산문화예술의전당,0.838,1,600.0,600.0,0.0,0.0,6,0.5269820388219185,0.47210999841340395,0.9527017830406969,50.43067339137618,44.43067339137618,0.4652582159624413,True
제3회 위드여성코럴 정기연주회: 초대(招待),서양음악(클래식),경인,안산문화예술의전당,0.838,1,600.0,600.0,0.0,0.0,6,0.5269820388219185,0.47210999841340395,0.9527017830406969,50.43067339137618,44.43067339137618,0.4652582159624413,True
제24회 안산경기민요단 정기공연,한국음악(국악),경인,안산문화예술의전당,0.838,1,600.0,600.0,0.0,0.0,6,0.5269820388219185,0.47210999841340395,0.9527017830406969,50.43067339137618,44.43067339137618,0.4652582159624413,True
"후생가외, 강서연 해금 독주회",한국음악(국악),서울,문화공간 아이원,0.875,1,70.0,70.0,0.0,0.0,2,0.5624077106881091,0.2170594506189413,0.9527017830406969,38.42927927781479,44.42927927781479,0.5633147113594041,True
제45회 파주시립예술단 정기공연: 미스터 래빗 (앵콜),뮤지컬,경인,파주운정행복센터,0.681,3,1095.0,365.0,0.0,0.0,9,0.39635406878406315,0.723619260159603,0.9527017830406969,50.425944277756955,44.425944277756955,0.4629107981220657,True
"서구愛마토콘서트, 피아졸라 컬렉션",대중음악,영남,대구서구문화회관,0.8296,1,375.0,375.0,0.0,0.0,3,0.5189679705748114,0.4004075842152742,0.9527017830406969,46.782696566403544,44.38552839240099,0.4801587301587302,True
오만방자 전라감사 길들이기 [김해],뮤지컬,영남,김해문화의전당,0.65925,2,712.0,356.0,0.0,0.0,8,0.3793057158965823,0.6404148735387294,0.9527017830406969,46.77116592838989,44.37399775438734,0.4791666666666667,True
"하남시립합창단 기획연주회, 클래식 합창여행 [하남]",서양음악(클래식),경인,하남문화예술회관,0.8156,1,743.0,743.0,0.0,0.0,4,0.5059467876607512,0.4995461369219437,0.9527017830406969,50.337674442929234,44.337674442929234,0.46150234741784035,True
"경기시나위오케스트라, Bloom in 하남",한국음악(국악),경인,하남문화예술회관,0.8156,1,743.0,743.0,0.0,0.0,4,0.5059467876607512,0.4995461369219437,0.9527017830406969,50.337674442929234,44.337674442929234,0.46150234741784035,True
"경남도립극단 순회공연, 빌미 [김해]",연극,영남,김해문화의전당,0.65835,2,711.0,355.5,0.0,0.0,8,0.3787821838000376,0.6402613483149755,0.9527017830406969,46.727940483991595,44.330772309989044,0.4781746031746032,True
장필순의 희망 콘서트,대중음악,영남,신세계 문화홀 8층 [대구],0.8289,1,373.0,373.0,0.0,0.0,10,0.5184847101780009,0.3993338082338706,0.9527017830406969,46.70635804130934,44.30918986730679,0.4771825396825397,True
"창립25주년 기념음악회, 박범철 가곡 아카데미",서양음악(클래식),영남,대구문화예술회관,0.7361,1,742.0,742.0,0.0,0.0,2,0.4458479877574033,0.4994391535427617,0.9527017830406969,46.65574416599509,44.25857599199254,0.47619047619047616,True
"제12회 부평구립소년소녀합창단 정기연주회, 피노키오와 파란마녀",서양음악(클래식),경인,부평아트센터,0.8168,1,709.0,709.0,0.0,0.0,10,0.5069804279539292,0.4953012621965194,0.9527017830406969,50.227607297812035,44.227607297812035,0.460093896713615,True
라라라온 [얼라이브홀],대중음악,서울,얼라이브홀(구. 크랙홀),0.5925,2,237.0,118.5,0.0,0.0,0,0.32675114774344244,0.48293163826866914,0.9527017830406969,38.201862434402294,44.201862434402294,0.5623836126629422,True
"제3회 연극 페스티벌, 인생예찬: 아카시아 꽃잎은 떨어지고",연극,경인,남한산성아트홀,0.9407,1,254.0,254.0,0.0,0.0,8,0.6529787633903401,0.33797862024591074,0.9527017830406969,50.17589475449225,44.17589475449225,0.45868544600938965,True
"광주 예술로, 합 Ⅱ: 어절씨 굿 저절씨 굿 [경기 광주]",한국음악(국악),경인,남한산성아트홀,0.9407,1,254.0,254.0,0.0,0.0,8,0.6529787633903401,0.33797862024591074,0.9527017830406969,50.17589475449225,44.17589475449225,0.45868544600938965,True
"리듬 위 관, 현놀음: 1주일",한국음악(국악),영남,국립부산국악원,0.7755,1,532.0,532.0,0.0,0.0,5,0.47342067817542355,0.45429978095614576,0.9527017830406969,46.567759664840445,44.17059149083789,0.4742063492063492,True
향(香) [부산],한국음악(국악),영남,국립부산국악원,0.7755,1,532.0,532.0,0.0,0.0,5,0.47342067817542355,0.45429978095614576,0.9527017830406969,46.567759664840445,44.17059149083789,0.4742063492063492,True
춘월도섭 [부산],한국음악(국악),영남,국립부산국악원,0.7755,1,532.0,532.0,0.0,0.0,5,0.47342067817542355,0.45429978095614576,0.9527017830406969,46.567759664840445,44.17059149083789,0.4742063492063492,True
"서귀포 청소년 댄스 페스티벌, Fly up!",대중무용,제주,김정문화회관,0.8879,1,293.0,293.0,0.0,0.0,7,0.5743281338094344,0.3544863457553433,0.9527017830406969,47.35173093481146,44.1681708292201,0.5274725274725275,True
"프랑코포니 축제, 신연아 밴드 콘서트: Souvenir",대중음악,경인,트라이보울,0.9333,1,280.0,280.0,0.0,0.0,5,0.6409912207694579,0.34734824690685606,0.9527017830406969,50.16690324935418,44.16690324935418,0.4572769953051643,True
다산사진관 [남양주],연극,경인,다산아트홀,0.875,1,434.0,434.0,0.0,0.0,3,0.5624077106881091,0.42242714562485917,0.9527017830406969,50.156992463170745,44.156992463170745,0.4563380281690141,True
남양주시립합창단 기획연주회: 칸티아모 (6.15),서양음악(클래식),경인,진접읍주민자치센터,0.9,1,360.0,360.0,0.0,0.0,3,0.589000456412597,0.3940258116308448,0.9527017830406969,50.15095964384619,44.15095964384619,0.45492957746478874,True
"남양주시립합창단 기획연주회, 힐링하러 가요 (11.16) [남양주]",서양음악(클래식),경인,진접읍주민자치센터,0.9,1,360.0,360.0,0.0,0.0,3,0.589000456412597,0.3940258116308448,0.9527017830406969,50.15095964384619,44.15095964384619,0.45492957746478874,True
청소를 합니다 [홍천],연극,기타,홍천문화예술회관,0.6036,2,600.0,300.0,0.0,0.0,4,0.33702043117566516,0.6123306662436621,0.9527017830406969,42.79451826494538,44.1488082179422,0.5316455696202531,True
"국립발레단, 해설이 있는 전막발레 해적 [강릉]",무용(서양/한국무용),기타,강릉아트센터 (구. 강릉문화예술관),0.6739,1,655.0,655.0,0.0,0.0,7,0.392044996912503,0.4866131958517093,0.9527017830406969,42.74399420740118,44.098284160397995,0.5253164556962026,True
내일을 위한 음악 Ⅱ,한국음악(국악),서울,서울돈화문국악당,0.8043,1,111.0,111.0,0.0,0.0,6,0.49688565522055467,0.2557353692777639,0.9527017830406969,38.095194410622604,44.095194410622604,0.5614525139664804,True
지상 최후의 농담 [안산],연극,경인,보노마루,0.734,3,447.0,149.0,0.0,0.0,1,0.4436867398716675,0.6000636035698992,0.9527017830406969,50.063912180485474,44.063912180485474,0.4535211267605634,True
마법에 빠진 오페라&뮤지컬 Ⅵ,서양음악(클래식),서울,꿈의숲아트센터,0.7176,1,216.0,216.0,0.0,0.0,8,0.4265578435847182,0.3189234464963474,0.9527017830406969,37.971813470434974,43.971813470434974,0.5605214152700186,True
"영도에서 떠나는 유럽예술여행 Ⅳ, 토요렉처콘서트 시작",서양음악(클래식),영남,영도문화예술회관,0.9375,1,150.0,150.0,0.0,0.0,3,0.64723333422826,0.2807029040525475,0.9527017830406969,46.33778692197343,43.94061874797088,0.4722222222222222,True
청소년 행복콘서트: 꿈 [경산],대중음악,영남,경산시민회관,0.7644,1,558.0,558.0,0.0,0.0,3,0.464426665234784,0.4603995326770358,0.9527017830406969,46.281160231816045,43.883992057813494,0.4712301587301587,True
김정은 & 김소연 초청 피아노 듀오 리사이틀,서양음악(클래식),서울,예술의전당 [서울],0.7006,1,248.0,248.0,0.0,0.0,10,0.41164389078315033,0.3342465384256298,0.9527017830406969,37.87387765723913,43.87387765723913,0.5595903165735568,True
"국악콘서트, 삼색가락 [여수]",한국음악(국악),호남,여수엑스포컨벤션센터 (여수세계박람회장),0.5,2,978.0,489.0,0.0,0.0,6,0.2684645743281338,0.6812076390441363,0.9527017830406969,38.9622470046951,43.79665732503554,0.45989304812834225,True
국립오페라단과 함께하는 오페라 여행 [강릉],서양음악(클래식),기타,강릉아트센터 (구. 강릉문화예술관),0.6677,1,649.0,649.0,0.0,0.0,7,0.3877493489408543,0.4858925193976212,0.9527017830406969,42.43720098025001,43.79149093324683,0.5189873417721519,True
님과 함께,뮤지컬,경인,문산행복센터,0.716,2,663.0,331.5,0.0,0.0,6,0.42529599699304643,0.6300636708323429,0.9527017830406969,49.77010450635549,43.77010450635549,0.45258215962441317,True
타악기로 떠나는 우주 여행,서양음악(클래식),제주,김정문화회관,0.8788,1,290.0,290.0,0.0,0.0,7,0.5676027599538218,0.3532173285054332,0.9527017830406969,46.95085438541657,43.767294279825215,0.5164835164835165,True
"용인시민과 함께하는 신명: 시와 노래, 춤을 용인하다!",한국음악(국악),경인,용인시평생학습관 (여성회관),0.8447,1,506.0,506.0,0.0,0.0,5,0.5339490428759364,0.44770122089333353,0.9527017830406969,49.76169888190964,43.76169888190964,0.4516431924882629,True
남양주시립예술단 신춘음악회,서양음악(클래식),경인,다산아트홀,0.869,1,431.0,431.0,0.0,0.0,3,0.5557897280317878,0.42146179736765604,0.9527017830406969,49.756473900645986,43.756473900645986,0.4507042253521127,True
부종휴와 꼬마탐험대 [제주],뮤지컬,제주,제주아트센터,0.6208,2,1470.0,735.0,0.0,0.0,6,0.34761188820576155,0.7321034858135794,0.9527017830406969,46.82585999890906,43.642299893317706,0.5,True
부종휴와 꼬마탐험대: 날개 [제주],뮤지컬,제주,제주아트센터,0.6208,2,1470.0,735.0,0.0,0.0,6,0.34761188820576155,0.7321034858135794,0.9527017830406969,46.82585999890906,43.642299893317706,0.5,True
"영북지역 직장인 밴드 연합 콘서트: 김 대리, 이런 공연은 처음이지? [양양]",대중음악,기타,양양문화복지회관,0.75,1,330.0,330.0,0.0,0.0,2,0.45536553279458747,0.37827575481119735,0.9527017830406969,42.28043975745001,43.63472971044683,0.5126582278481012,True
행복 [영덕],연극,영남,예주문화예술회관,0.9351,1,144.0,144.0,0.0,0.0,4,0.6446559454452707,0.2772221210049464,0.9527017830406969,45.996834883383706,43.599666709381154,0.47023809523809523,True
"제68회 충주시민의 날 기념공연: 동감, 충주",서양음악(클래식),충청,충주시문화회관,0.7503,1,667.0,667.0,0.0,0.0,1,0.4567616183853733,0.4894173973691392,0.9527017830406969,46.955397684852734,43.59922604826063,0.5138888888888888,True
박대성류아쟁산조보존회 기획공연 [부산],한국음악(국악),영남,국립부산국악원,0.7638,1,524.0,524.0,0.0,0.0,5,0.46415818723655594,0.45267904055392044,0.9527017830406969,45.9532004824165,43.55603230841395,0.46924603174603174,True
제2회 사월 음악의 밤 [대구],서양음악(클래식),영남,수성아트피아,0.7187,1,833.0,833.0,0.0,0.0,3,0.427551212178162,0.5115344603046331,0.9527017830406969,45.93490723085988,43.537739056857326,0.46825396825396826,True
내 마음의 풍금 [대구],뮤지컬,영남,어울아트센터(구. 대구북구문예회관),0.62746667,3,800.0,266.67,0.0,0.0,5,0.35444465326066527,0.6776265008376807,0.9527017830406969,45.9330422369553,43.53587406295275,0.46726190476190477,True
"실패를 위한 실험실 (실.실.실) , 정확한 사랑의 실험",연극,서울,연극실험실 혜화동1번지,0.63575,2,89.0,44.5,0.0,0.0,0,0.359975300024163,0.39930701768324284,0.9527017830406969,37.5220362375471,43.5220362375471,0.5586592178770949,True
"두대의 피아노로 감상하는 세계음악여행 Ⅳ: 러시아, 방대한 대륙의 멜로디",서양음악(클래식),서울,모두예술극장,0.7259,1,188.0,188.0,0.0,0.0,0,0.4356995194243832,0.2991902639177032,0.9527017830406969,37.48791023103436,43.48791023103436,0.5563314711359404,True
"성수와 근영이의 오픈, 웃픈 마이크: 날아라 서핑보드",연극,서울,모두예술극장,0.7259,1,188.0,188.0,0.0,0.0,0,0.4356995194243832,0.2991902639177032,0.9527017830406969,37.48791023103436,43.48791023103436,0.5563314711359404,True
"장차현실X정은혜, 은혜와 나",연극,서울,모두예술극장,0.7259,1,188.0,188.0,0.0,0.0,0,0.4356995194243832,0.2991902639177032,0.9527017830406969,37.48791023103436,43.48791023103436,0.5563314711359404,True
"몸 이동, 준비운동: 얼음 땡",무용(서양/한국무용),서울,모두예술극장,0.7259,1,188.0,188.0,0.0,0.0,0,0.4356995194243832,0.2991902639177032,0.9527017830406969,37.48791023103436,43.48791023103436,0.5563314711359404,True
사냥꾼의 먹이가 된 그림자 + 데모크라틱 세트,연극,서울,모두예술극장,0.5579,2,289.0,144.5,0.0,0.0,0,0.30658845007651625,0.5051822945238404,0.9527017830406969,37.43800710689279,43.43800710689279,0.5540037243947858,True
"추억의 악극, 갯마을",뮤지컬,영남,울산문화예술회관,0.62146667,3,880.0,293.33,0.0,0.0,5,0.34912878889575,0.6891493379475794,0.9527017830406969,45.8265047672552,43.42933659325265,0.4662698412698413,True
"제20회 부산국제합창제, 스페셜 콘서트",서양음악(클래식),영남,(재)영화의전당,0.7348,1,618.0,618.0,0.0,0.0,8,0.44431766316750343,0.4793014189907008,0.9527017830406969,45.79938358601922,43.402215412016666,0.4652777777777778,True
"마토콘서트, 썸머타임",대중음악,영남,대구서구문화회관,0.8119,1,367.0,367.0,0.0,0.0,3,0.5034633661771418,0.39719286626599165,0.9527017830406969,45.79112369229315,43.393955518290596,0.4642857142857143,True
"제32회 젊은연극제, 세명대학교 연기예술학과: 혈맥",연극,서울,민송아트홀 (구. 브로드웨이아트홀),0.5515,2,300.0,150.0,0.0,0.0,1,0.3021048675061079,0.5117925111231469,0.9527017830406969,37.30200743299568,43.30200743299568,0.553072625698324,True
"SAC ON SCREEN, 신년음악회 [안산]",서양음악(클래식),경인,보노마루,0.9606,1,195.0,195.0,0.0,0.0,1,0.68073938840712,0.303507151983994,0.9527017830406969,49.27834342559297,43.27834342559297,0.4497652582159624,True
제1회 프로젝트BB 연말 낭독극,연극,서울,서울문화재단 대학로극장 쿼드(예술청),0.64,2,64.0,32.0,0.0,0.0,5,0.36574757698606597,0.3829964878126241,0.9527017830406969,37.25519073240828,43.25519073240828,0.5521415270018621,True
오백에 삼십 [철원],연극,기타,철원군 화강문화센터,0.7816,1,272.0,272.0,0.0,0.0,6,0.4774612720487556,0.3439589502887071,0.9527017830406969,41.87603329194751,43.23032324494432,0.5063291139240507,True
ACC 시민오케스트라,서양음악(클래식),호남,국립아시아문화전당,0.6059,1,572.0,572.0,0.0,0.0,6,0.3379332563696405,0.46337219563316745,0.9527017830406969,38.34162790971513,43.17603823005557,0.4572192513368984,True
평화물결 [부산],서양음악(클래식),영남,부산문화회관,0.7008,1,993.0,993.0,0.0,0.0,7,0.4117647058823529,0.5302016321726949,0.9527017830406969,45.55813060765666,43.160962433654106,0.4632936507936508,True
우리동네,연극,경인,다산아트홀,0.8569,1,425.0,425.0,0.0,0.0,2,0.544916369103552,0.4194953830732619,0.9527017830406969,49.07821814414076,43.07821814414076,0.4488262910798122,True
정약전과 자산어보 [장흥],뮤지컬,호남,장흥문화예술회관,0.46816,5,1161.0,232.2,0.0,0.0,5,0.2457379117781298,0.7402831631886777,0.9527017830406969,38.19816029439673,43.03257061473717,0.45454545454545453,True
제6회 안산심포니 오케스트라 정기연주회,서양음악(클래식),경인,안산문화예술의전당,0.9857,1,138.0,138.0,0.0,0.0,6,0.7242730958197976,0.27296373736348384,0.9527017830406969,49.02113858324255,43.02113858324255,0.444131455399061,True
풍류,한국음악(국악),경인,안산문화예술의전당,0.9857,1,138.0,138.0,0.0,0.0,6,0.7242730958197976,0.27296373736348384,0.9527017830406969,49.02113858324255,43.02113858324255,0.444131455399061,True
제16회 피아체레앙상블 정기연주회,서양음악(클래식),경인,안산문화예술의전당,0.9857,1,138.0,138.0,0.0,0.0,6,0.7242730958197976,0.27296373736348384,0.9527017830406969,49.02113858324255,43.02113858324255,0.444131455399061,True
"허튼가락 5, 돌아보기 [안산]",한국음악(국악),경인,안산문화예술의전당,0.9857,1,138.0,138.0,0.0,0.0,6,0.7242730958197976,0.27296373736348384,0.9527017830406969,49.02113858324255,43.02113858324255,0.444131455399061,True
행복한뮤지컬 꿈꾸는 영웅 [안산],뮤지컬,경인,안산문화예술의전당,0.9857,1,138.0,138.0,0.0,0.0,6,0.7242730958197976,0.27296373736348384,0.9527017830406969,49.02113858324255,43.02113858324255,0.444131455399061,True
제17회 피아체레앙상블 기획연주회,서양음악(클래식),경인,안산문화예술의전당,0.9857,1,138.0,138.0,0.0,0.0,6,0.7242730958197976,0.27296373736348384,0.9527017830406969,49.02113858324255,43.02113858324255,0.444131455399061,True
제2회 소프라노 김예지 청출어람 제자연주회 [안산],서양음악(클래식),경인,안산문화예술의전당,0.9857,1,138.0,138.0,0.0,0.0,6,0.7242730958197976,0.27296373736348384,0.9527017830406969,49.02113858324255,43.02113858324255,0.444131455399061,True
트리오 더 클랑 창단연주회,서양음악(클래식),경인,안산문화예술의전당,0.9857,1,138.0,138.0,0.0,0.0,6,0.7242730958197976,0.27296373736348384,0.9527017830406969,49.02113858324255,43.02113858324255,0.444131455399061,True
시니어 네러티브예술 [안산],무용(서양/한국무용),경인,안산문화예술의전당,0.9857,1,138.0,138.0,0.0,0.0,6,0.7242730958197976,0.27296373736348384,0.9527017830406969,49.02113858324255,43.02113858324255,0.444131455399061,True
라피네와 함께하는 클래식 여행,서양음악(클래식),영남,대구콘서트하우스,0.7048,1,905.0,905.0,0.0,0.0,7,0.4150669852605579,0.5191373657972015,0.9527017830406969,45.39247154699003,42.99530337298748,0.4623015873015873,True
"광주시립극단, 출장 연극 시리즈 1: 오스카와 장미할머니 [예술의전당 [광주] ]",연극,호남,예술의 전당 [광주] (구. 광주문화예술회관),0.6647,1,335.0,335.0,0.0,0.0,8,0.3826214191746986,0.3797242444998111,0.9527017830406969,38.14599061640896,42.9804009367494,0.45187165775401067,True
논두렁 연가 [남양주],연극,경인,다산아트홀,0.8548,1,424.0,424.0,0.0,0.0,2,0.5434665879131205,0.4190476195717482,0.9527017830406969,48.97890376217682,42.97890376217682,0.4394366197183099,True
루나베이 [하남],뮤지컬,경인,하남문화예술회관,0.7239,2,514.0,257.0,0.0,0.0,4,0.4321690337476844,0.5896824415234779,0.9527017830406969,48.937239276098936,42.937239276098936,0.4384976525821596,True
"수원시립교향악단 유료회원 초청음악회, 프랑스의 향기",서양음악(클래식),경인,수원SK아트리움,0.7895,1,750.0,750.0,0.0,0.0,5,0.48189115901951834,0.5004392679996981,0.9527017830406969,48.92264479010897,42.92264479010897,0.4375586854460094,True
"제23회 월드 2인극 페스티벌, 기억",연극,서울,극장 동국,0.8415,1,69.0,69.0,0.0,0.0,1,0.5308481219964024,0.21391931175363543,0.9527017830406969,36.90474154909484,42.90474154909484,0.5228119180633147,True
"제23회 월드 2인극 페스티벌, 정의의 정의",연극,서울,극장 동국,0.8415,1,69.0,69.0,0.0,0.0,1,0.5308481219964024,0.21391931175363543,0.9527017830406969,36.90474154909484,42.90474154909484,0.5228119180633147,True
"제23회 월드 2인극 페스티벌, 살고 지고",연극,서울,극장 동국,0.8415,1,69.0,69.0,0.0,0.0,1,0.5308481219964024,0.21391931175363543,0.9527017830406969,36.90474154909484,42.90474154909484,0.5228119180633147,True
"제23회 월드 2인극 페스티벌, 작가",연극,서울,극장 동국,0.8415,1,69.0,69.0,0.0,0.0,1,0.5308481219964024,0.21391931175363543,0.9527017830406969,36.90474154909484,42.90474154909484,0.5228119180633147,True
"제23회 월드 2인극 페스티벌, 침대 하나의 의미",연극,서울,극장 동국,0.8415,1,69.0,69.0,0.0,0.0,1,0.5308481219964024,0.21391931175363543,0.9527017830406969,36.90474154909484,42.90474154909484,0.5228119180633147,True
"제23회 월드 2인극 페스티벌, 라뮤지카",연극,서울,극장 동국,0.8415,1,69.0,69.0,0.0,0.0,1,0.5308481219964024,0.21391931175363543,0.9527017830406969,36.90474154909484,42.90474154909484,0.5228119180633147,True
"제23회 월드 2인극 페스티벌, 오! 컬트",연극,서울,극장 동국,0.8415,1,69.0,69.0,0.0,0.0,1,0.5308481219964024,0.21391931175363543,0.9527017830406969,36.90474154909484,42.90474154909484,0.5228119180633147,True
"제23회 월드 2인극 페스티벌, 잘자요, 엄마",연극,서울,극장 동국,0.8415,1,69.0,69.0,0.0,0.0,1,0.5308481219964024,0.21391931175363543,0.9527017830406969,36.90474154909484,42.90474154909484,0.5228119180633147,True
"제23회 월드 2인극 페스티벌, 정상입니까?",연극,서울,극장 동국,0.8415,1,69.0,69.0,0.0,0.0,1,0.5308481219964024,0.21391931175363543,0.9527017830406969,36.90474154909484,42.90474154909484,0.5228119180633147,True
"제23회 월드 2인극 페스티벌, 직소",연극,서울,극장 동국,0.8415,1,69.0,69.0,0.0,0.0,1,0.5308481219964024,0.21391931175363543,0.9527017830406969,36.90474154909484,42.90474154909484,0.5228119180633147,True
"제23회 월드 2인극 페스티벌, 회색인간",연극,서울,극장 동국,0.8415,1,69.0,69.0,0.0,0.0,1,0.5308481219964024,0.21391931175363543,0.9527017830406969,36.90474154909484,42.90474154909484,0.5228119180633147,True
"제23회 월드 2인극 페스티벌: 네가 이 세상에 존재 했으면 해, 살아줬으면 해",연극,서울,극장 동국,0.8415,1,69.0,69.0,0.0,0.0,1,0.5308481219964024,0.21391931175363543,0.9527017830406969,36.90474154909484,42.90474154909484,0.5228119180633147,True
"제23회 월드2인극 페스티벌, 오해",연극,서울,극장 동국,0.8415,1,69.0,69.0,0.0,0.0,1,0.5308481219964024,0.21391931175363543,0.9527017830406969,36.90474154909484,42.90474154909484,0.5228119180633147,True
"제23회 월드 2인극 페스티벌, 구피",연극,서울,극장 동국,0.8415,1,69.0,69.0,0.0,0.0,1,0.5308481219964024,0.21391931175363543,0.9527017830406969,36.90474154909484,42.90474154909484,0.5228119180633147,True
"제23회 월드 2인극 페스티벌, 백야 白夜",연극,서울,극장 동국,0.8415,1,69.0,69.0,0.0,0.0,1,0.5308481219964024,0.21391931175363543,0.9527017830406969,36.90474154909484,42.90474154909484,0.5228119180633147,True
"제23회 월드 2인극 페스티벌, 장마",연극,서울,극장 동국,0.8415,1,69.0,69.0,0.0,0.0,1,0.5308481219964024,0.21391931175363543,0.9527017830406969,36.90474154909484,42.90474154909484,0.5228119180633147,True
"제23회 월드 2인극 페스티벌: 쑥, 마늘 그리고 수험생 두마리",연극,서울,극장 동국,0.8415,1,69.0,69.0,0.0,0.0,1,0.5308481219964024,0.21391931175363543,0.9527017830406969,36.90474154909484,42.90474154909484,0.5228119180633147,True
"제23회 월드 2인극 페스티벌, 노근리에 핀 꽃",연극,서울,극장 동국,0.8415,1,69.0,69.0,0.0,0.0,1,0.5308481219964024,0.21391931175363543,0.9527017830406969,36.90474154909484,42.90474154909484,0.5228119180633147,True
"제23회 월드 2인극 페스티벌, 모기를 잡아라!",연극,서울,극장 동국,0.8415,1,69.0,69.0,0.0,0.0,1,0.5308481219964024,0.21391931175363543,0.9527017830406969,36.90474154909484,42.90474154909484,0.5228119180633147,True
"제23회 월드 2인극 페스티벌, 바퀴",연극,서울,극장 동국,0.8415,1,69.0,69.0,0.0,0.0,1,0.5308481219964024,0.21391931175363543,0.9527017830406969,36.90474154909484,42.90474154909484,0.5228119180633147,True
"제23회 월드 2인극 페스티벌, 가면",연극,서울,극장 동국,0.8415,1,69.0,69.0,0.0,0.0,1,0.5308481219964024,0.21391931175363543,0.9527017830406969,36.90474154909484,42.90474154909484,0.5228119180633147,True
"제23회 월드 2인극 페스티벌, 결혼심사",연극,서울,극장 동국,0.8415,1,69.0,69.0,0.0,0.0,1,0.5308481219964024,0.21391931175363543,0.9527017830406969,36.90474154909484,42.90474154909484,0.5228119180633147,True
"제23회 월드 2인극 페스티벌, 시간은 끊임없이 흐르고 우리는 계속해서 서있다",연극,서울,극장 동국,0.8415,1,69.0,69.0,0.0,0.0,1,0.5308481219964024,0.21391931175363543,0.9527017830406969,36.90474154909484,42.90474154909484,0.5228119180633147,True
"제23회 월드 2인극 페스티벌, 아지트",연극,서울,극장 동국,0.8415,1,69.0,69.0,0.0,0.0,1,0.5308481219964024,0.21391931175363543,0.9527017830406969,36.90474154909484,42.90474154909484,0.5228119180633147,True
"제23회 월드 2인극 페스티벌, 초이스",연극,서울,극장 동국,0.8415,1,69.0,69.0,0.0,0.0,1,0.5308481219964024,0.21391931175363543,0.9527017830406969,36.90474154909484,42.90474154909484,0.5228119180633147,True
"제23회 월드 2인극 페스티벌, 1906",연극,서울,극장 동국,0.8415,1,69.0,69.0,0.0,0.0,1,0.5308481219964024,0.21391931175363543,0.9527017830406969,36.90474154909484,42.90474154909484,0.5228119180633147,True
"제23회 월드 2인극 페스티벌, 당신의 여름섬",연극,서울,극장 동국,0.8415,1,69.0,69.0,0.0,0.0,1,0.5308481219964024,0.21391931175363543,0.9527017830406969,36.90474154909484,42.90474154909484,0.5228119180633147,True
"제23회 월드 2인극 페스티벌, 바다",연극,서울,극장 동국,0.8415,1,69.0,69.0,0.0,0.0,1,0.5308481219964024,0.21391931175363543,0.9527017830406969,36.90474154909484,42.90474154909484,0.5228119180633147,True
"제23회 월드 2인극 페스티벌, 백 스테이지",연극,서울,극장 동국,0.8415,1,69.0,69.0,0.0,0.0,1,0.5308481219964024,0.21391931175363543,0.9527017830406969,36.90474154909484,42.90474154909484,0.5228119180633147,True
"제23회 월드 2인극 페스티벌, 여름에게",연극,서울,극장 동국,0.8415,1,69.0,69.0,0.0,0.0,1,0.5308481219964024,0.21391931175363543,0.9527017830406969,36.90474154909484,42.90474154909484,0.5228119180633147,True
"제23회 월드 2인극 페스티벌, 트로피컬 센츄리얼",연극,서울,극장 동국,0.8415,1,69.0,69.0,0.0,0.0,1,0.5308481219964024,0.21391931175363543,0.9527017830406969,36.90474154909484,42.90474154909484,0.5228119180633147,True
"제23회 월드 2인극 페스티벌, 현혹",연극,서울,극장 동국,0.8415,1,69.0,69.0,0.0,0.0,1,0.5308481219964024,0.21391931175363543,0.9527017830406969,36.90474154909484,42.90474154909484,0.5228119180633147,True
"제23회 월드 2인극 페스티벌, 305",연극,서울,극장 동국,0.8415,1,69.0,69.0,0.0,0.0,1,0.5308481219964024,0.21391931175363543,0.9527017830406969,36.90474154909484,42.90474154909484,0.5228119180633147,True
"제23회 월드 2인극 페스티벌, 변두리극장",연극,서울,극장 동국,0.8415,1,69.0,69.0,0.0,0.0,1,0.5308481219964024,0.21391931175363543,0.9527017830406969,36.90474154909484,42.90474154909484,0.5228119180633147,True
"제23회 월드 2인극 페스티벌, 우주선",연극,서울,극장 동국,0.8415,1,69.0,69.0,0.0,0.0,1,0.5308481219964024,0.21391931175363543,0.9527017830406969,36.90474154909484,42.90474154909484,0.5228119180633147,True
"제23회 월드 2인극 페스티벌, 증명",연극,서울,극장 동국,0.8415,1,69.0,69.0,0.0,0.0,1,0.5308481219964024,0.21391931175363543,0.9527017830406969,36.90474154909484,42.90474154909484,0.5228119180633147,True
"제23회 월드2인극 페스티벌, 연선",연극,서울,극장 동국,0.8415,1,69.0,69.0,0.0,0.0,1,0.5308481219964024,0.21391931175363543,0.9527017830406969,36.90474154909484,42.90474154909484,0.5228119180633147,True
"제23회 월드 2인극 페스티벌, 그렇게 산을 넘는다",연극,서울,극장 동국,0.8415,1,69.0,69.0,0.0,0.0,1,0.5308481219964024,0.21391931175363543,0.9527017830406969,36.90474154909484,42.90474154909484,0.5228119180633147,True
"제23회 월드 2인극 페스티벌, 짝꿍",연극,서울,극장 동국,0.8415,1,69.0,69.0,0.0,0.0,1,0.5308481219964024,0.21391931175363543,0.9527017830406969,36.90474154909484,42.90474154909484,0.5228119180633147,True
"제23회 월드 2인극 페스티벌, 기억상점",연극,서울,극장 동국,0.8415,1,69.0,69.0,0.0,0.0,1,0.5308481219964024,0.21391931175363543,0.9527017830406969,36.90474154909484,42.90474154909484,0.5228119180633147,True
"제23회 월드 2인극 페스티벌, 대신 아주 먼 뒤에.",연극,서울,극장 동국,0.8415,1,69.0,69.0,0.0,0.0,1,0.5308481219964024,0.21391931175363543,0.9527017830406969,36.90474154909484,42.90474154909484,0.5228119180633147,True
"제23회 월드 2인극 페스티벌, 물어, 보다",연극,서울,극장 동국,0.8415,1,69.0,69.0,0.0,0.0,1,0.5308481219964024,0.21391931175363543,0.9527017830406969,36.90474154909484,42.90474154909484,0.5228119180633147,True
"제23회 월드 2인극 페스티벌, 연극",연극,서울,극장 동국,0.8415,1,69.0,69.0,0.0,0.0,1,0.5308481219964024,0.21391931175363543,0.9527017830406969,36.90474154909484,42.90474154909484,0.5228119180633147,True
"제23회 월드 2인극 페스티벌, 적의 화장법",연극,서울,극장 동국,0.8415,1,69.0,69.0,0.0,0.0,1,0.5308481219964024,0.21391931175363543,0.9527017830406969,36.90474154909484,42.90474154909484,0.5228119180633147,True
"제23회 월드 2인극 페스티벌, 파우스트 죽이기",연극,서울,극장 동국,0.8415,1,69.0,69.0,0.0,0.0,1,0.5308481219964024,0.21391931175363543,0.9527017830406969,36.90474154909484,42.90474154909484,0.5228119180633147,True
"제23회 월드2인극 페스티벌, 우울한 풍경 속의 여자",연극,서울,극장 동국,0.8415,1,69.0,69.0,0.0,0.0,1,0.5308481219964024,0.21391931175363543,0.9527017830406969,36.90474154909484,42.90474154909484,0.5228119180633147,True
"제23회 월드 2인극 페스티벌, find me!",연극,서울,극장 동국,0.8415,1,69.0,69.0,0.0,0.0,1,0.5308481219964024,0.21391931175363543,0.9527017830406969,36.90474154909484,42.90474154909484,0.5228119180633147,True
"제23회 월드 2인극 페스티벌, Interview",연극,서울,극장 동국,0.8415,1,69.0,69.0,0.0,0.0,1,0.5308481219964024,0.21391931175363543,0.9527017830406969,36.90474154909484,42.90474154909484,0.5228119180633147,True
"제23회 월드 2인극 페스티벌, 떨어지는 돌의 그림자",연극,서울,극장 동국,0.8415,1,69.0,69.0,0.0,0.0,1,0.5308481219964024,0.21391931175363543,0.9527017830406969,36.90474154909484,42.90474154909484,0.5228119180633147,True
"제23회 월드 2인극 페스티벌, 마요네즈",연극,서울,극장 동국,0.8415,1,69.0,69.0,0.0,0.0,1,0.5308481219964024,0.21391931175363543,0.9527017830406969,36.90474154909484,42.90474154909484,0.5228119180633147,True
"제23회 월드 2인극 페스티벌, Exit",연극,서울,극장 동국,0.8415,1,69.0,69.0,0.0,0.0,1,0.5308481219964024,0.21391931175363543,0.9527017830406969,36.90474154909484,42.90474154909484,0.5228119180633147,True
"제23회 월드 2인극 페스티벌, 길",연극,서울,극장 동국,0.8415,1,69.0,69.0,0.0,0.0,1,0.5308481219964024,0.21391931175363543,0.9527017830406969,36.90474154909484,42.90474154909484,0.5228119180633147,True
"제23회 월드 2인극 페스티벌, 방문",연극,서울,극장 동국,0.8415,1,69.0,69.0,0.0,0.0,1,0.5308481219964024,0.21391931175363543,0.9527017830406969,36.90474154909484,42.90474154909484,0.5228119180633147,True
"제23회 월드 2인극 페스티벌, 살고싶어 죽겠어요",연극,서울,극장 동국,0.8415,1,69.0,69.0,0.0,0.0,1,0.5308481219964024,0.21391931175363543,0.9527017830406969,36.90474154909484,42.90474154909484,0.5228119180633147,True
"제23회 월드 2인극 페스티벌, 플러그 빠진 날",연극,서울,극장 동국,0.8415,1,69.0,69.0,0.0,0.0,1,0.5308481219964024,0.21391931175363543,0.9527017830406969,36.90474154909484,42.90474154909484,0.5228119180633147,True
"제23회 월드 2인극 페스티벌, 極夜(극야) - 갇혀진 진실",연극,서울,극장 동국,0.8415,1,69.0,69.0,0.0,0.0,1,0.5308481219964024,0.21391931175363543,0.9527017830406969,36.90474154909484,42.90474154909484,0.5228119180633147,True
"제23회 월드 2인극 페스티벌, 시나브로",연극,서울,극장 동국,0.8415,1,69.0,69.0,0.0,0.0,1,0.5308481219964024,0.21391931175363543,0.9527017830406969,36.90474154909484,42.90474154909484,0.5228119180633147,True
"제23회 월드 2인극 페스티벌, 위대한 선물",연극,서울,극장 동국,0.8415,1,69.0,69.0,0.0,0.0,1,0.5308481219964024,0.21391931175363543,0.9527017830406969,36.90474154909484,42.90474154909484,0.5228119180633147,True
"제23회 월드 2인극 페스티벌, 넥스트 도어",연극,서울,극장 동국,0.8415,1,69.0,69.0,0.0,0.0,1,0.5308481219964024,0.21391931175363543,0.9527017830406969,36.90474154909484,42.90474154909484,0.5228119180633147,True
"제23회 월드 2인극 페스티벌, 엄마의 사진첩",연극,서울,극장 동국,0.8415,1,69.0,69.0,0.0,0.0,1,0.5308481219964024,0.21391931175363543,0.9527017830406969,36.90474154909484,42.90474154909484,0.5228119180633147,True
"제23회 월드 2인극 페스티벌, 푸른 바다가 부를 때",연극,서울,극장 동국,0.8415,1,69.0,69.0,0.0,0.0,1,0.5308481219964024,0.21391931175363543,0.9527017830406969,36.90474154909484,42.90474154909484,0.5228119180633147,True
"제23회 월드 2인극 페스티벌, 녹색광선",연극,서울,극장 동국,0.8415,1,69.0,69.0,0.0,0.0,1,0.5308481219964024,0.21391931175363543,0.9527017830406969,36.90474154909484,42.90474154909484,0.5228119180633147,True
그대는 봄 [양산],연극,영남,양산문화예술회관,0.6156,2,980.0,490.0,0.0,0.0,5,0.34430960882755657,0.6813652254228727,0.9527017830406969,45.23988285909197,42.84271468508942,0.45982142857142855,True
아름다운 사인,연극,영남,양산문화예술회관,0.6156,2,980.0,490.0,0.0,0.0,5,0.34430960882755657,0.6813652254228727,0.9527017830406969,45.23988285909197,42.84271468508942,0.45982142857142855,True
두려워마라 [양산],연극,영남,양산문화예술회관,0.6156,2,980.0,490.0,0.0,0.0,5,0.34430960882755657,0.6813652254228727,0.9527017830406969,45.23988285909197,42.84271468508942,0.45982142857142855,True
동행 [양산],연극,영남,양산문화예술회관,0.6156,2,980.0,490.0,0.0,0.0,5,0.34430960882755657,0.6813652254228727,0.9527017830406969,45.23988285909197,42.84271468508942,0.45982142857142855,True
남양주시립예술단 신춘음악회,서양음악(클래식),경인,다산아트홀,0.8528,1,423.0,423.0,0.0,0.0,2,0.5412516444277391,0.41855448669060846,0.9527017830406969,48.83602844063857,42.83602844063857,0.43615023474178405,True
비커밍맘 2 [남양주],뮤지컬,경인,다산아트홀,0.8528,1,423.0,423.0,0.0,0.0,3,0.5412516444277391,0.41855448669060846,0.9527017830406969,48.83602844063857,42.83602844063857,0.43615023474178405,True
부산세계박람회 콘서트: Busan Arirang,서양음악(클래식),영남,을숙도문화회관,0.7434,1,533.0,533.0,0.0,0.0,4,0.45034499422772306,0.4546137812486727,0.9527017830406969,45.20476778110096,42.80759960709841,0.4573412698412698,True
"월간문화살롱: 이 시대의 베이스, 함석헌과 친구들 [파주]",서양음악(클래식),경인,솔가람아트홀,0.9167,1,275.0,275.0,0.0,0.0,4,0.6147877681424008,0.34482474080187475,0.9527017830406969,48.78367326297152,42.78367326297152,0.4347417840375587,True
남양주시립예술단 송년음악회: Auld Lang Syne,서양음악(클래식),경인,남양주체육문화센터,0.7692,1,900.0,900.0,0.0,0.0,2,0.4673530754154697,0.5186104182965832,0.9527017830406969,48.721826145697875,42.721826145697875,0.43380281690140843,True
돈 조반니 [고령],서양음악(클래식),영남,경북고령대가야문화누리 (구. 대가야국악당),0.7571,1,483.0,483.0,0.0,0.0,4,0.46023840846242653,0.43707453956273457,0.9527017830406969,45.0829077168273,42.68573954282475,0.45634920634920634,True
엔니오 모리꼬네 시네마 OST 콘서트 [부산],서양음악(클래식),영남,영도문화예술회관,0.8107,1,347.0,347.0,0.0,0.0,3,0.5013826616908744,0.3841367140998095,0.9527017830406969,45.07086714221011,42.67369896820756,0.45535714285714285,True
송년 음악회 [목포],서양음악(클래식),호남,목포문화예술회관,0.6246,1,436.0,436.0,0.0,0.0,6,0.3510484065830805,0.42308165415964494,0.9527017830406969,37.82595322107141,42.66036354141185,0.44919786096256686,True
가족사진 [논산],연극,충청,논산아트센터(구. 논산문화예술회관),0.929,1,157.0,157.0,0.0,0.0,5,0.6330040003221736,0.2848897502147431,0.9527017830406969,45.99542144287977,42.639249806287665,0.5092592592592593,True
"카페, 기억 [남양주]",연극,경인,다산아트홀,0.8488,1,421.0,421.0,0.0,0.0,3,0.5375466480521921,0.4181203509990608,0.9527017830406969,48.61499186106192,42.61499186106192,0.4328638497652582,True
"제13회 부평구립소년소녀합창단 정기연주회, Vivaldi and Love",서양음악(클래식),경인,부평아트센터,0.7892,1,685.0,685.0,0.0,0.0,10,0.4817166483206701,0.49186195733434335,0.9527017830406969,48.574941591674715,42.574941591674715,0.431924882629108,True
경희 필하모닉 오케스트라 정기연주회,서양음악(클래식),경인,성남아트센터,0.7695,1,848.0,848.0,0.0,0.0,7,0.4678229119123688,0.513643133917343,0.9527017830406969,48.56389232562296,42.56389232562296,0.4291079812206573,True
제16회 성남정자초 오케스트라 정기 연주회: 내가 좋아하는 것들,서양음악(클래식),경인,성남아트센터,0.7695,1,848.0,848.0,0.0,0.0,7,0.4678229119123688,0.513643133917343,0.9527017830406969,48.56389232562296,42.56389232562296,0.4291079812206573,True
강남시니어합창단 창단9주년 기념 음악회,서양음악(클래식),경인,성남아트센터,0.7695,1,848.0,848.0,0.0,0.0,7,0.4678229119123688,0.513643133917343,0.9527017830406969,48.56389232562296,42.56389232562296,0.4291079812206573,True
제10회 빛의소리 나눔콘서트,서양음악(클래식),경인,성남아트센터,0.7695,1,848.0,848.0,0.0,0.0,7,0.4678229119123688,0.513643133917343,0.9527017830406969,48.56389232562296,42.56389232562296,0.4291079812206573,True
우리소리를 찾아서 [성남],한국음악(국악),경인,성남아트센터,0.7695,1,848.0,848.0,0.0,0.0,7,0.4678229119123688,0.513643133917343,0.9527017830406969,48.56389232562296,42.56389232562296,0.4291079812206573,True
춘천시립청소년교향악단 특별연주회: 댄싱 투게더,서양음악(클래식),기타,축제극장 몸짓,0.879,1,109.0,109.0,0.0,0.0,2,0.5677235750530244,0.2546961725606755,0.9527017830406969,41.1994221524303,42.55371210542712,0.5,True
기발한 아이 [인천],뮤지컬,경인,부평아트센터,0.788,1,684.0,684.0,0.0,0.0,10,0.48126023572368243,0.49173638440533984,0.9527017830406969,48.54236429012812,42.54236429012812,0.4262910798122066,True
"목포시립예술단, 동물의 사육제",뮤지컬,호남,목포문화예술회관,0.6218,1,434.0,434.0,0.0,0.0,6,0.34947781029344643,0.42242714562485917,0.9527017830406969,37.7009671171262,42.535377437466636,0.446524064171123,True
브람스를 좋아하세요?,서양음악(클래식),서울,꿈의숲아트센터,0.691,1,208.0,208.0,0.0,0.0,8,0.4031599860391441,0.31495950504269926,0.9527017830406969,36.524841552728574,42.524841552728574,0.4930167597765363,True
제41회 대학생을 위한 프랑스 가곡과 아리아의 밤,서양음악(클래식),서울,꿈의숲아트센터,0.691,1,208.0,208.0,0.0,0.0,8,0.4031599860391441,0.31495950504269926,0.9527017830406969,36.524841552728574,42.524841552728574,0.4930167597765363,True
제159회 대구시립합창단 정기연주회,서양음악(클래식),영남,대구콘서트하우스,0.6978,1,896.0,896.0,0.0,0.0,7,0.4080060139071603,0.518088704415893,0.9527017830406969,44.89123859631519,42.49407042231264,0.45436507936507936,True
광주국악상설공연 (4월),한국음악(국악),호남,광주공연마루,0.44980455,22,1702.0,77.36,0.0,0.0,6,0.2334147716594625,0.7689391139429,0.9527017830406969,37.60397742688337,42.43838774722381,0.44385026737967914,True
강북구립 청소년 오케스트라 정기연주회,서양음악(클래식),서울,강북문화예술회관,0.6018,1,402.0,402.0,0.0,0.0,7,0.3358659757832846,0.41158442448607735,0.9527017830406969,36.43201390621047,42.43201390621047,0.49162011173184356,True
노래하는 미용실Ⅱ [광주],뮤지컬,호남,유스퀘어 문화관,0.7057,1,223.0,223.0,0.0,0.0,4,0.4157784519558622,0.3220288701573017,0.9527017830406969,37.53834401937698,42.37275433971742,0.4411764705882353,True
모이라이 국악 백화점,한국음악(국악),영남,예주문화예술회관,0.66883333,3,309.0,103.0,0.0,0.0,4,0.3884876634359814,0.5536315609532381,0.9527017830406969,44.762535178116345,42.36536700411379,0.45337301587301587,True
"남양주시립합창단, 해설이 있는 음악회: 김광석, 유재하 그리고 김현식의 사랑의 노래들",서양음악(클래식),경인,진접읍주민자치센터,0.875,1,350.0,350.0,0.0,0.0,3,0.5624077106881091,0.3853414325701812,0.9527017830406969,48.34694569131416,42.34694569131416,0.4253521126760563,True
"제12회 남양주시립소년소녀합창단 기획연주회, 세상이 노래가 된다면 [남양주]",서양음악(클래식),경인,다산아트홀,0.8427,1,418.0,418.0,0.0,0.0,3,0.5324858377855934,0.417203056901466,0.9527017830406969,48.29740864770477,42.29740864770477,0.4244131455399061,True
"제6회 영훈고 OB 합창단 정기연주회, Memory",서양음악(클래식),서울,꿈의숲아트센터,0.6844,1,206.0,206.0,0.0,0.0,8,0.39859586006926734,0.31359624861333657,0.9527017830406969,36.213292601372835,42.213292601372835,0.49022346368715086,True
제18회 테너 박성원과 함께하는 루체끼아라 정기음악회,서양음악(클래식),서울,꿈의숲아트센터,0.6844,1,206.0,206.0,0.0,0.0,8,0.39859586006926734,0.31359624861333657,0.9527017830406969,36.213292601372835,42.213292601372835,0.49022346368715086,True
해설이 있는 오페라 CARMEN [안동],서양음악(클래식),영남,안동문화예술의전당,0.8587,1,237.0,237.0,0.0,0.0,7,0.5471984320884904,0.32793931097590406,0.9527017830406969,44.58659409834893,42.18942592434638,0.4523809523809524,True
굿 보러가자 [포항],한국음악(국악),영남,포항문화예술회관,0.7081,1,689.0,689.0,0.0,0.0,4,0.41733562434558485,0.4922919639008903,0.9527017830406969,44.58413792225478,42.18696974825223,0.4513888888888889,True
라라라온 [네스트나다],대중음악,서울,네스트나다,0.60715,2,85.0,42.5,0.0,0.0,2,0.3386715708647676,0.39781699888529454,0.9527017830406969,36.11940437583013,42.11940437583013,0.4888268156424581,True
"강동예술인페스티벌, 구립청소년교향악단",서양음악(클래식),서울,강동아트센터,0.5753,1,489.0,489.0,0.0,0.0,7,0.3163878970118399,0.4395480713729618,0.9527017830406969,36.08564468942043,42.08564468942043,0.48789571694599626,True
너나들이 동행 연극제,연극,영남,김해서부문화센터,0.5789,3,1200.0,400.0,0.0,0.0,5,0.3177437109028915,0.7362732562061693,0.9527017830406969,44.46945309297977,42.07228491897722,0.4503968253968254,True
제10회 더피아니즘 정기연주회,서양음악(클래식),영남,수성아트피아,0.8439,1,254.0,254.0,0.0,0.0,3,0.5334657824791258,0.33797862024591074,0.9527017830406969,44.44466451915908,42.04749634515653,0.4494047619047619,True
"소소스테이지I, 롱아일랜드 재즈밴드 with 채왕록",대중음악,영남,봉산문화회관,0.975,1,78.0,78.0,0.0,0.0,2,0.701962574167047,0.223801782386578,0.9527017830406969,44.435880599464575,42.03871242546202,0.4479166666666667,True
"무용여행 (舞游??) , 청년안무가 공모전 [대구]",무용(서양/한국무용),영남,봉산문화회관,0.975,1,78.0,78.0,0.0,0.0,2,0.701962574167047,0.223801782386578,0.9527017830406969,44.435880599464575,42.03871242546202,0.4479166666666667,True
제24회 중구구립합창단 정기연주회,서양음악(클래식),서울,충무아트센터,0.5368,1,671.0,671.0,0.0,0.0,7,0.2934196042634306,0.490070257648852,0.9527017830406969,36.0244048444619,42.0244048444619,0.48696461824953446,True
제14회 서산시립합창단 정기연주회,서양음악(클래식),충청,서산시문화회관,0.7704,1,463.0,463.0,0.0,0.0,3,0.46892367170510374,0.43202144414335264,0.9527017830406969,45.37988759977304,42.02371596318094,0.5046296296296297,True
노래하는 대한민국 [군포],대중음악,경인,군포문화예술회관,0.7531,1,860.0,860.0,0.0,0.0,8,0.4577684108787285,0.5147949894029238,0.9527017830406969,47.97789797035478,41.97789797035478,0.42347417840375584,True
제35회 안동남성합창단 정기연주회,서양음악(클래식),영남,안동문화예술의전당,0.7022,1,698.0,698.0,0.0,0.0,7,0.4133084543721642,0.49353496596583235,0.9527017830406969,44.370236564589746,41.973068390587194,0.44642857142857145,True
유망신예음악회,서양음악(클래식),경인,성남아트리움 (구. 성남시민회관),0.8047,1,519.0,519.0,0.0,0.0,10,0.49727494831798535,0.4513143228049028,0.9527017830406969,47.83542040225621,41.83542040225621,0.4225352112676056,True
"제31회 젊은연극제, 광부화가들",연극,서울,열린극장,0.51776667,3,233.0,77.67,0.0,0.0,1,0.2811233119445861,0.5149889307716344,0.9527017830406969,35.81436654657308,41.81436654657308,0.4860335195530726,True
"제32회 젊은 연극제, 호스피스",연극,서울,공간아울,0.5552,2,191.0,95.5,0.0,0.0,2,0.30436008269122344,0.45708322399404133,0.9527017830406969,35.81217753902158,41.81217753902158,0.4851024208566108,True
"제49회 파주시립예술단 정기 공연, 리이: 율곡 이이 [파주]",뮤지컬,경인,파주운정행복센터,0.6399,3,1029.0,343.0,0.0,0.0,9,0.36550594678766074,0.715278600692273,0.9527017830406969,47.81088263897782,41.81088263897782,0.4215962441314554,True
"제10회 서산시립합창단 기획연주회, 마니피카트",서양음악(클래식),충청,서산시문화회관,0.7654,1,460.0,460.0,0.0,0.0,3,0.4649904690310629,0.4313538515587464,0.9527017830406969,45.123201235125535,41.76702959853343,0.5,True
21° 11′,무용(서양/한국무용),서울,모두예술극장,0.52705,2,273.0,136.5,0.0,0.0,0,0.2868418933068435,0.4978009003187106,0.9527017830406969,35.76084887550763,41.76084887550763,0.48417132216014896,True
"제32회 젊은연극제: 2100, 선인",연극,서울,루미나아트홀 (구.시온아트홀),0.5625,2,162.0,81.0,0.0,0.0,1,0.30850806776384676,0.4460406057477157,0.9527017830406969,35.752768282586885,41.752768282586885,0.48324022346368717,True
"안산시립합창단 특별기획공연, 안산시민대합창제 레인보우합창 페스티발",서양음악(클래식),경인,안산문화예술의전당,0.7254,1,1141.0,1141.0,0.0,0.0,6,0.43388729293634387,0.5504504454226098,0.9527017830406969,47.72143007859357,41.72143007859357,0.42065727699530514,True
1930's 그들의 노래는 끝나지 않았다,한국음악(국악),경인,하남문화예술회관,0.8761,1,311.0,311.0,0.0,0.0,4,0.5642467849759712,0.3708609537352258,0.9527017830406969,47.7052196973234,41.7052196973234,0.4187793427230047,True
시나브로,한국음악(국악),경인,하남문화예술회관,0.8761,1,311.0,311.0,0.0,0.0,4,0.5642467849759712,0.3708609537352258,0.9527017830406969,47.7052196973234,41.7052196973234,0.4187793427230047,True
우리의 고향 하남에 살어리랏다 [하남],서양음악(클래식),경인,하남문화예술회관,0.8761,1,311.0,311.0,0.0,0.0,4,0.5642467849759712,0.3708609537352258,0.9527017830406969,47.7052196973234,41.7052196973234,0.4187793427230047,True
"제6회 서상재아트팩토리 정기공연, 신화적 상상력 II: 이상한 나라의 앨리스",무용(서양/한국무용),영남,대구문화예술회관,0.6984,1,704.0,704.0,0.0,0.0,2,0.40826106800547696,0.49472853749616585,0.9527017830406969,44.08690032857313,41.68973215457058,0.44543650793650796,True
"SAC ON SCREEN, 영상으로 만나는 듀오콘서트: 정경화 & 케빈 케너 [부산]",서양음악(클래식),영남,영도문화예술회관,0.9063,1,145.0,145.0,0.0,0.0,3,0.5990146857465031,0.2776698845064601,0.9527017830406969,44.042705945656046,41.645537771653494,0.4439484126984127,True
"SAC ON SCREEN, 오셀로 [부산 영도]",연극,영남,영도문화예술회관,0.9063,1,145.0,145.0,0.0,0.0,3,0.5990146857465031,0.2776698845064601,0.9527017830406969,44.042705945656046,41.645537771653494,0.4439484126984127,True
마음을 전하는 모래 이야기 [안동],서양음악(클래식),영남,안동문화예술의전당,0.8478,1,234.0,234.0,0.0,0.0,7,0.536405616559723,0.3267470648251891,0.9527017830406969,43.992705150250266,41.595536976247715,0.4419642857142857,True
원더매직 하이라이트 쇼 [안동],서커스/마술,영남,안동문화예술의전당,0.8478,1,234.0,234.0,0.0,0.0,7,0.536405616559723,0.3267470648251891,0.9527017830406969,43.992705150250266,41.595536976247715,0.4419642857142857,True
드림위드앙상블과 함께 하는 찾아가는 음악회,서양음악(클래식),경인,보노마루,0.936,1,190.0,190.0,0.0,0.0,1,0.6457030096383601,0.30063351998638876,0.9527017830406969,47.55921165828002,41.55921165828002,0.4169014084507042,True
제12회 광주광역시 북구 시니어합창단 정기연주회,서양음악(클래식),호남,광주북구문화센터(양산도서관),0.6684,1,252.0,252.0,0.0,0.0,3,0.3882326093376648,0.337335751415927,0.9527017830406969,36.70119074544722,41.53560106578766,0.4385026737967914,True
제15회 부산마루국제음악제 메인콘서트 Ⅱ,서양음악(클래식),영남,부산시민회관,0.6613,1,1062.0,1062.0,0.0,0.0,7,0.3807420731871023,0.5435430507886528,0.9527017830406969,43.90076632405288,41.50359815005033,0.44047619047619047,True
언스코치드,연극,서울,두산아트센터,0.4767,3,429.0,143.0,0.0,0.0,1,0.2512954063414503,0.5954385266833724,0.9527017830406969,35.4850566126951,41.4850566126951,0.4823091247672253,True
"굿데이남성중창단, Awesome 콘서트",서양음악(클래식),영남,영도문화예술회관,0.7897,1,338.0,338.0,0.0,0.0,3,0.48206566971836656,0.3810922587589747,0.9527017830406969,43.880924952461974,41.48375677845942,0.439484126984127,True
성남이로운재단과 함께하는 하소라 단독 콘서트: Miracle Of Angels,한국음악(국악),경인,성남아트리움 (구. 성남시민회관),0.8,1,516.0,516.0,0.0,0.0,10,0.49081805246060084,0.4508748175533906,0.9527017830406969,47.44328023193198,41.44328023193198,0.415962441314554,True
블랙뮤직 블라썸: FLOW IN BLOOM [의정부],대중음악,경인,의정부예술의전당,0.9185,1,214.0,214.0,0.0,0.0,6,0.619137111713695,0.31816608370738025,0.9527017830406969,47.43879566670508,41.43879566670508,0.41502347417840374,True
연평,연극,서울,서울시민청,0.498,5,249.0,49.8,0.0,0.0,6,0.26453137165409296,0.5491738097414185,0.9527017830406969,35.42992534965225,41.42992534965225,0.4813780260707635,True
뒤란 (9.20),대중음악,영남,울산문화예술회관,0.7712,1,364.0,364.0,0.0,0.0,5,0.46940693210191425,0.3952279812612706,0.9527017830406969,43.819636737579465,41.42246856357691,0.4384920634920635,True
"제31회 젊은연극제, 타르튀프",연극,서울,공간아울,0.5465,2,188.0,94.0,0.0,0.0,2,0.2988965554272827,0.4556860680005454,0.9527017830406969,35.38171226832091,41.38171226832091,0.48044692737430167,True
김윤희 플루트 독주회,서양음악(클래식),영남,(재)영화의전당,0.7087,1,596.0,596.0,0.0,0.0,8,0.41776518914274974,0.4685441690419699,0.9527017830406969,43.73806487205851,41.34089669805596,0.4375,True
"제11회 남양주시립소년소녀합창단 기획연주회, Music School",서양음악(클래식),경인,다산아트홀,0.8266,1,410.0,410.0,0.0,0.0,2,0.5167396031895186,0.41485827556498833,0.9527017830406969,47.32852300671459,41.32852300671459,0.4140845070422535,True
"강동예술인페스티벌, 구립경기민요",한국음악(국악),서울,강동아트센터,0.56,1,476.0,476.0,0.0,0.0,7,0.30751469917040297,0.43496649465482495,0.9527017830406969,35.326600723007516,41.326600723007516,0.4795158286778399,True
안동시 승격 60주년 기념 경북 시도립 교류공연: L. V. Beethoven MASTERPIECE,서양음악(클래식),영남,안동문화예술의전당,0.6922,1,688.0,688.0,0.0,0.0,7,0.403723789835423,0.4921904860217092,0.9527017830406969,43.702259417532154,41.3050912435296,0.4365079365079365,True
아산 온궁 오케스트라 교류연주회 with 춘천 신나는 오케스트라,서양음악(클래식),충청,아산시 평생학습관(여성회관 아산아트홀),0.776,1,395.0,395.0,0.0,0.0,4,0.47359518887427177,0.40819145755841857,0.9527017830406969,44.62620270744817,41.27003107085607,0.49537037037037035,True
"김천시립교향악단, 교향악축제 프리뷰 콘서트 (04.14)",서양음악(클래식),영남,대구콘서트하우스,0.6713,1,862.0,862.0,0.0,0.0,7,0.390608639621983,0.5149633149015893,0.9527017830406969,43.62702750507918,41.229859331076625,0.435515873015873,True
제14회 안산 성가합창제,서양음악(클래식),경인,안산문화예술의전당,0.7177,1,1129.0,1129.0,0.0,0.0,6,0.42665181088409804,0.5494897020805347,0.9527017830406969,47.20934545411213,41.20934545411213,0.4126760563380282,True
안산중앙신협 맞춤형 공연,무용(서양/한국무용),경인,안산문화예술의전당,0.7177,1,1129.0,1129.0,0.0,0.0,6,0.42665181088409804,0.5494897020805347,0.9527017830406969,47.20934545411213,41.20934545411213,0.4126760563380282,True
"뉴비스테이지(Newbie Stage), 살다살다 이런거 처음 해 봄 (14:00)",한국음악(국악),호남,국립아시아문화전당,0.7917,1,95.0,95.0,0.0,0.0,6,0.483179853411013,0.2375593418997894,0.9527017830406969,36.37258236735483,41.20699268769527,0.4358288770053476,True
"장애인인식개선연극, 넌센스 [당진]",연극,충청,당진문예의전당,0.8467,1,254.0,254.0,0.0,0.0,5,0.5354927913657476,0.33797862024591074,0.9527017830406969,44.54591343663509,41.18974180004299,0.49074074074074076,True
넌 특별하단다 [울산],뮤지컬,영남,울산광역시학생교육문화회관,0.597,2,843.0,421.5,0.0,0.0,2,0.32974467742368513,0.6622731784030124,0.9527017830406969,43.583443759136,41.18627558513345,0.43452380952380953,True
"제5회 안단태오페라단 정기공연: 해설이 있는 가족오페라, 마술피리 [안동]",서양음악(클래식),영남,안동문화예술의전당,0.8406,1,232.0,232.0,0.0,0.0,7,0.5289285043090719,0.3259800674112203,0.9527017830406969,43.58274711867315,41.185578944670596,0.43353174603174605,True
"더X콘서트, 시네마 파라디소 [창녕]",서양음악(클래식),영남,창녕문화예술회관,0.7581,1,376.0,376.0,0.0,0.0,5,0.4608827556581738,0.4006760112181206,0.9527017830406969,43.57843322571636,41.18126505171381,0.4320436507936508,True
창녕오케스트라와 떠나는 클래식 여행,서양음악(클래식),영남,창녕문화예술회관,0.7581,1,376.0,376.0,0.0,0.0,5,0.4608827556581738,0.4006760112181206,0.9527017830406969,43.57843322571636,41.18126505171381,0.4320436507936508,True
대구무형유산제전,한국음악(국악),영남,대구문화예술회관,0.5417,3,1638.0,546.0,0.0,0.0,2,0.29606411254597687,0.7730965579977073,0.9527017830406969,43.46352606181451,41.06635788781196,0.4305555555555556,True
"더X콘서트, 모차르트 온 더 로드 (14시) [창녕]",서양음악(클래식),영남,창녕문화예술회관,0.754,1,374.0,374.0,0.0,0.0,5,0.458587268773324,0.4001378488074458,0.9527017830406969,43.42472226167175,41.027554087669195,0.42956349206349204,True
연기 실험 발표회: 한 번만 좀 때려볼 수 있다면,연극,서울,극장 봄 (봄소극장),0.5455,3,90.0,30.0,0.0,0.0,0,0.29841329503047226,0.44502798798794385,0.9527017830406969,35.014330826083686,41.014330826083686,0.478584729981378,True
Panorama Empathy,무용(서양/한국무용),영남,대구문화예술회관,0.6855,1,691.0,691.0,0.0,0.0,2,0.3990254248664322,0.4925334071638775,0.9527017830406969,43.408483955610656,41.011315781608104,0.42857142857142855,True
제61회 시티필하모니오케스트라 정기연주회,서양음악(클래식),서울,영산아트홀,0.592,1,354.0,354.0,0.0,0.0,4,0.32617392004725215,0.3893511681982011,0.9527017830406969,35.01113037597033,41.01113037597033,0.4776536312849162,True
영화음악여행 [의성],서양음악(클래식),영남,의성문화회관,0.6811,1,722.0,722.0,0.0,0.0,5,0.39650173168308855,0.4968747300586095,0.9527017830406969,43.39561195429689,40.99844378029434,0.42757936507936506,True
추석특집 KBS 국악한마당 공연 [군산],한국음악(국악),호남,군산예술의전당,0.5425,1,651.0,651.0,0.0,0.0,4,0.29685612264074956,0.4861112439857862,0.9527017830406969,36.15945474474998,40.99386506509042,0.43315508021390375,True
오수진 바이올린 리사이틀 [대구],서양음악(클래식),영남,비원뮤직홀,0.875,1,175.0,175.0,0.0,0.0,4,0.5624077106881091,0.29285168567231784,0.9527017830406969,43.32013995660258,40.92297178260003,0.42658730158730157,True
"더X콘서트, 노래의 날개위에 [창녕]",서양음악(클래식),영남,창녕문화예술회관,0.752,1,373.0,373.0,0.0,0.0,5,0.45735226998147505,0.3993338082338706,0.9527017830406969,43.319649621652914,40.92248144765036,0.4255952380952381,True
"4.16 가족극단 노란리본 10주기 기획공연: 연속,극",연극,경인,보노마루,0.734,2,298.0,149.0,0.0,0.0,1,0.4436867398716675,0.5091693963502206,0.9527017830406969,46.88034366305553,40.88034366305553,0.4107981220657277,True
빛 모으기 운동 [안산],연극,경인,보노마루,0.734,2,298.0,149.0,0.0,0.0,1,0.4436867398716675,0.5091693963502206,0.9527017830406969,46.88034366305553,40.88034366305553,0.4107981220657277,True
티그란 마이테시안 바이올린 리사이틀: 마이테시안 교수와 함께하는 송년음악회 [목포],서양음악(클래식),호남,목포문화예술회관,0.5931,1,414.0,414.0,0.0,0.0,6,0.3269793540419363,0.4159258493715726,0.9527017830406969,36.00133153749301,40.83574185783345,0.4304812834224599,True
"제26회 페스티벌 필하모닉 정기연주회 with 공감합창단: 베토벤, 합창",서양음악(클래식),경인,아트센터 인천,0.707,1,1221.0,1221.0,0.0,0.0,6,0.41669127714983756,0.5576957484634981,0.9527017830406969,46.82174323375853,40.82174323375853,0.40938967136150234,True
나불랜드,뮤지컬,호남,목포문화예술회관,0.47205,2,659.0,329.5,0.0,0.0,6,0.24775149676484012,0.6291427913698929,0.9527017830406969,35.967434558946934,40.80184487928737,0.42780748663101603,True
"금호영재콘서트, 홍채련 가야금 독주회",한국음악(국악),서울,금호아트홀 연세,0.6333,1,247.0,247.0,0.0,0.0,1,0.3582570408355035,0.33301215143541657,0.9527017830406969,34.79372070570504,40.79372070570504,0.4767225325884544,True
어머니,연극,경인,파주운정행복센터,0.6604,2,708.0,354.0,0.0,0.0,9,0.38011114989126643,0.6385538622669902,0.9527017830406969,46.77624761873144,40.77624761873144,0.407981220657277,True
"제48회 파주시립예술단 정기연주회, 합창으로 만나는 인생의 희로애락: VOYAGE [파주]",서양음악(클래식),경인,파주운정행복센터,0.6604,2,708.0,354.0,0.0,0.0,9,0.38011114989126643,0.6385538622669902,0.9527017830406969,46.77624761873144,40.77624761873144,0.407981220657277,True
유쾌한 하녀 마리사 [창녕],연극,영남,창녕문화예술회관,0.75,1,372.0,372.0,0.0,0.0,5,0.45536553279458747,0.3985444999651888,0.9527017830406969,43.17246252270952,40.77529434870697,0.42410714285714285,True
"더X콘서트, 올댓집시 [창녕]",서양음악(클래식),영남,창녕문화예술회관,0.75,1,372.0,372.0,0.0,0.0,5,0.45536553279458747,0.3985444999651888,0.9527017830406969,43.17246252270952,40.77529434870697,0.42410714285714285,True
썸머 페스티벌,서양음악(클래식),영남,경북대학교,0.6396,1,1175.0,1175.0,0.0,0.0,8,0.3653448599887239,0.5525389492004434,0.9527017830406969,43.10890186302513,40.71173368902258,0.4226190476190476,True
제19회 서구립소년소녀합창단 정기연주회: 함께,서양음악(클래식),경인,청라복합문화센터 블루노바홀,0.821,1,399.0,399.0,0.0,0.0,4,0.5100679249335517,0.4090615811066415,0.9527017830406969,46.69735536199645,40.69735536199645,0.40657276995305164,True
"대진대학교 연기예술학과, 12인의 성난 사람들",연극,경인,대진대학교,0.74,4,148.0,37.0,0.0,0.0,6,0.4475662469460628,0.49691852061835984,0.9527017830406969,46.668997255221356,40.668997255221356,0.4056338028169014,True
제34회 경북무용제,무용(서양/한국무용),영남,강동문화복지회관,0.7181,1,479.0,479.0,0.0,0.0,6,0.4270947995811743,0.43573328815873924,0.9527017830406969,43.05294514401086,40.65577697000831,0.4211309523809524,True
제35회 경북무용제,무용(서양/한국무용),영남,강동문화복지회관,0.7181,1,479.0,479.0,0.0,0.0,6,0.4270947995811743,0.43573328815873924,0.9527017830406969,43.05294514401086,40.65577697000831,0.4211309523809524,True
충주시오케스트라 송년음악회,서양음악(클래식),충청,충주시문화회관,0.7042,1,626.0,626.0,0.0,0.0,1,0.4146776921631272,0.48120781654523004,0.9527017830406969,44.01082128581838,40.65464964922628,0.4861111111111111,True
최소빈발레단의 용인시민과 함께하는 힐링발레 [용인],무용(서양/한국무용),경인,용인문화예술원,0.8897,1,258.0,258.0,0.0,0.0,5,0.5759255778988912,0.33939825705490123,0.9527017830406969,46.612635962060494,40.612635962060494,0.4042253521126761,True
"제1회 대한민국 대학연극제, 지옥",뮤지컬,경인,용인문화예술원,0.8897,1,258.0,258.0,0.0,0.0,5,0.5759255778988912,0.33939825705490123,0.9527017830406969,46.612635962060494,40.612635962060494,0.4042253521126761,True
"소소스테이지Ⅲ, 피아니스트 최훈락의 렉처 콘서트",서양음악(클래식),영남,봉산문화회관,0.95,1,76.0,76.0,0.0,0.0,2,0.6666174457003249,0.22285765746379685,0.9527017830406969,43.0067901267893,40.609621952786746,0.4176587301587302,True
"소소스테이지Ⅳ, 홍기쁨의 Salon de Tango",대중음악,영남,봉산문화회관,0.95,1,76.0,76.0,0.0,0.0,2,0.6666174457003249,0.22285765746379685,0.9527017830406969,43.0067901267893,40.609621952786746,0.4176587301587302,True
"소소스테이지Ⅴ, 뮤지컬과 사랑에 빠지다",뮤지컬,영남,봉산문화회관,0.95,1,76.0,76.0,0.0,0.0,2,0.6666174457003249,0.22285765746379685,0.9527017830406969,43.0067901267893,40.609621952786746,0.4176587301587302,True
"소소스테이지Ⅱ, Mama Africa 원따나라",대중음악,영남,봉산문화회관,0.95,1,76.0,76.0,0.0,0.0,2,0.6666174457003249,0.22285765746379685,0.9527017830406969,43.0067901267893,40.609621952786746,0.4176587301587302,True
고려무용단 초청공연 [대구],무용(서양/한국무용),영남,봉산문화회관,0.95,1,76.0,76.0,0.0,0.0,2,0.6666174457003249,0.22285765746379685,0.9527017830406969,43.0067901267893,40.609621952786746,0.4176587301587302,True
한 여름밤의 팝 클래식 [안동],서양음악(클래식),영남,안동문화예술의전당,0.8297,1,229.0,229.0,0.0,0.0,7,0.5190619378741912,0.32427100114965246,0.9527017830406969,43.002604039009455,40.6054358650069,0.41369047619047616,True
서커스 더블빌 [안동],서커스/마술,영남,안동문화예술의전당,0.8297,1,229.0,229.0,0.0,0.0,7,0.5190619378741912,0.32427100114965246,0.9527017830406969,43.002604039009455,40.6054358650069,0.41369047619047616,True
안동문화예술의전당 지역 영재 협주곡의 밤,서양음악(클래식),영남,안동문화예술의전당,0.8297,1,229.0,229.0,0.0,0.0,7,0.5190619378741912,0.32427100114965246,0.9527017830406969,43.002604039009455,40.6054358650069,0.41369047619047616,True
제2회 서울시민윈드콰이어 정기연주회,서양음악(클래식),경인,성남아트센터,0.7296,1,804.0,804.0,0.0,0.0,7,0.4399817434961205,0.5080427002777754,0.9527017830406969,46.60375173793549,40.60375173793549,0.4028169014084507,True
조선유랑연희 [부산],한국음악(국악),영남,국립부산국악원,0.82,1,246.0,246.0,0.0,0.0,5,0.5095041211372728,0.3326472762632627,0.9527017830406969,42.96177431908034,40.56460614507779,0.4117063492063492,True
마딧길 네 번째 이야기: E 사운드,한국음악(국악),충청,태안군문화예술회관,0.7263,1,499.0,499.0,0.0,0.0,3,0.43620962762101645,0.44310652610463097,0.9527017830406969,43.89554106369859,40.539369427106486,0.48148148148148145,True
"경기팝스앙상블, 팝스 콘서트 [포천]",대중음악,경인,포천반월아트홀,0.9008,1,227.0,227.0,0.0,0.0,1,0.5920745294923081,0.3236507830244727,0.9527017830406969,46.50037892883272,40.50037892883272,0.40187793427230045,True
루체 우드윈드 퀸텟: 클래식 청년예술가와의 만남,서양음악(클래식),경인,솔가람아트홀,0.8833,1,265.0,265.0,0.0,0.0,4,0.5710929739307864,0.34154621683781766,0.9527017830406969,46.494746262672244,40.494746262672244,0.4004694835680751,True
이용근 클라리넷 독주회,서양음악(클래식),경인,솔가람아트홀,0.8833,1,265.0,265.0,0.0,0.0,4,0.5710929739307864,0.34154621683781766,0.9527017830406969,46.494746262672244,40.494746262672244,0.4004694835680751,True
"더X콘서트, 부에노스아이레스의 카페 (19시) [창녕]",서양음악(클래식),영남,창녕문화예술회관,0.744,1,369.0,369.0,0.0,0.0,5,0.4508685263242677,0.3976979107320062,0.9527017830406969,42.87965432120101,40.48248614719846,0.4107142857142857,True
마술사 최형배 원더풀 매직,서커스/마술,영남,안동문화예술의전당,0.8261,1,228.0,228.0,0.0,0.0,7,0.516350310092088,0.323964919257036,0.9527017830406969,42.851483268702644,40.45431509470009,0.4097222222222222,True
광주국악상설공연 (1월),한국음악(국악),호남,광주공연마루,0.43952,10,756.0,75.6,0.0,0.0,6,0.22758879909791394,0.6966507640243154,0.9527017830406969,35.60381843362552,40.43822875396596,0.42513368983957217,True
"제21회 평창대관령음악제, 찾아가는 가족 음악회 #1 새를 노래하는 사람들",서양음악(클래식),기타,인제 기적의도서관,0.7979,1,150.0,150.0,0.0,0.0,0,0.4866297956882433,0.2807029040525475,0.9527017830406969,39.04972504502005,40.40401499801686,0.49050632911392406,True
"제21회 평창대관령음악제, 찾아가는 가족 음악회 #7 폴 레이 (Paul Lay)",서양음악(클래식),기타,인제 기적의도서관,0.7979,1,150.0,150.0,0.0,0.0,0,0.4866297956882433,0.2807029040525475,0.9527017830406969,39.04972504502005,40.40401499801686,0.49050632911392406,True
"창녕의 소리, 하모닉의 꿈 [창녕]",서양음악(클래식),영남,창녕문화예술회관,0.7419,1,368.0,368.0,0.0,0.0,5,0.4494590168335705,0.3974186766392125,0.9527017830406969,42.787150788435554,40.389982614433,0.4087301587301587,True
"My Music My Life, 테너 정호윤의 음악 발자취",서양음악(클래식),서울,소셜베뉴 라움,0.625,1,240.0,240.0,0.0,0.0,2,0.35220286197546113,0.32948130914840684,0.9527017830406969,34.29320231166133,40.29320231166133,0.4757914338919926,True
제1회 계성초등학교 오케스트라 정기연주회,서양음악(클래식),영남,대구콘서트하우스,0.6565,1,843.0,843.0,0.0,0.0,7,0.37719816361049213,0.5131041388918135,0.9527017830406969,42.660304297780286,40.263136123777734,0.40773809523809523,True
BPSCO & BPSYO 가을음악회 [성남],서양음악(클래식),경인,성남아트리움 (구. 성남시민회관),0.7767,1,501.0,501.0,0.0,0.0,10,0.47417241657046205,0.4457989864130778,0.9527017830406969,46.26125418500777,40.26125418500777,0.39906103286384975,True
"혜화동1번지 동인 페스티벌, 안전 연극제: 연속, 극",연극,서울,연극실험실 혜화동1번지,0.51903333,3,109.0,36.33,0.0,0.0,0,0.2818750503396247,0.45805027418190486,0.9527017830406969,34.22939641368206,40.22939641368206,0.4748603351955307,True
라라라온 [부산 바이널언더그라운드],대중음악,영남,더 바이널 언더그라운드,0.98,1,49.0,49.0,0.0,0.0,0,0.7135473997905871,0.1968138997154828,0.9527017830406969,42.626139645847765,40.22897147184521,0.40674603174603174,True
강원도립국악관현악단 신춘음악회: 푸른 봄; 靑春을 노래하다 [속초],한국음악(국악),기타,속초문화예술회관,0.6598,1,382.0,382.0,0.0,0.0,1,0.37976212849356994,0.40260917162781806,0.9527017830406969,38.87410983185754,40.22839978485435,0.4810126582278481,True
"세월호 참사 9주기 4월 연극제: 연속,극 [보노마루]",연극,경인,보노마루,0.58562941,17,2021.0,118.88,0.0,0.0,1,0.321931967675249,0.7948341728390567,0.9527017830406969,46.21352271604815,40.21352271604815,0.39812206572769954,True
작곡가 이현정의 1st concert: 기억을 기록하다,대중음악,경인,트라이보울,0.69665,2,418.0,209.0,0.0,0.0,5,0.4065830805165517,0.55995010269505,0.9527017830406969,46.21141987152932,40.21141987152932,0.3971830985915493,True
"비원뮤직홀 레지던시 시리즈, 김영주 플루트 리사이틀 [대구]",서양음악(클래식),영남,비원뮤직홀,0.86,1,172.0,172.0,0.0,0.0,4,0.5482857679813139,0.29181943880024874,0.9527017830406969,42.60395045094781,40.20678227694526,0.40575396825396826,True
미스터 래빗,뮤지컬,경인,문산행복센터,0.6091,4,1128.0,282.0,0.0,0.0,6,0.33983945015705963,0.7324104443836335,0.9527017830406969,46.202565030225635,40.202565030225635,0.39624413145539905,True
"달서구 지역민과 함께하는 가족 뮤지컬, 행복동화 딸부자집",뮤지컬,영남,계명문화대학교,0.6004,2,598.0,299.0,0.0,0.0,1,0.33526190028727143,0.6098620452493807,0.9527017830406969,42.59152238749875,40.1943542134962,0.40476190476190477,True
"보광동아트페스티벌, 풋풋했던 그 시절, 우리",연극,서울,보광극장,0.8333,1,25.0,25.0,0.0,0.0,1,0.5230622600477891,0.1806327485231087,0.9527017830406969,34.186184148121384,40.186184148121384,0.4729981378026071,True
"보광동아트페스티벌, 사랑의 편지",연극,서울,보광극장,0.8333,1,25.0,25.0,0.0,0.0,1,0.5230622600477891,0.1806327485231087,0.9527017830406969,34.186184148121384,40.186184148121384,0.4729981378026071,True
"시민워크숍, 사랑의 편지",연극,서울,보광극장,0.8333,1,25.0,25.0,0.0,0.0,1,0.5230622600477891,0.1806327485231087,0.9527017830406969,34.186184148121384,40.186184148121384,0.4729981378026071,True
건반으로 듣는 영화음악 콘서트 [안동],서양음악(클래식),영남,안동문화예술의전당,0.8225,1,227.0,227.0,0.0,0.0,7,0.5111686847262866,0.3236507830244727,0.9527017830406969,42.576426622360636,40.179258448358084,0.4037698412698413,True
영호남 4개도시 청소년 교류음악회 [대구],서양음악(클래식),영남,대구학생문화센터,0.6508,1,891.0,891.0,0.0,0.0,2,0.3737213735334389,0.5176267523696314,0.9527017830406969,42.573116902309536,40.175948728306984,0.4027777777777778,True
"제4회 파주아트페스티벌, 뮤직드라마: 그리고 동동",연극,경인,파주운정행복센터,0.65015,2,697.0,348.5,0.0,0.0,9,0.37310387413751445,0.635530681184487,0.9527017830406969,46.16921216587654,40.16921216587654,0.39530516431924884,True
청소년 행복콘서트: 자유 [포항],대중음악,영남,경상북도교육청문화원,0.6623,1,759.0,759.0,0.0,0.0,4,0.3812924530834698,0.5017307320443575,0.9527017830406969,42.55427609002016,40.15710791601761,0.4017857142857143,True
"남양주시립합창단, 클래식 세계여행: 남미의 음악산책 (11.21)",서양음악(클래식),경인,다산아트홀,0.8065,1,400.0,400.0,0.0,0.0,2,0.4982817408113405,0.41026830465681363,0.9527017830406969,46.10119367833281,40.10119367833281,0.3938967136150235,True
"남양주시립합창단 기획연주회, 해설이 있는 오페라: 카르멘 갈라콘서트 [다산아트홀]",서양음악(클래식),경인,다산아트홀,0.8065,1,400.0,400.0,0.0,0.0,2,0.4982817408113405,0.41026830465681363,0.9527017830406969,46.10119367833281,40.10119367833281,0.3938967136150235,True
올 댓 리듬,대중무용,영남,울산광역시학생교육문화회관,0.5779,2,816.0,408.0,0.0,0.0,2,0.31747523290466345,0.6582036129705457,0.9527017830406969,42.498149018892185,40.100980844889634,0.4007936507936508,True
"유네스코 인류무형유산, 세계가 인정한 우리음악 우리춤 [창녕]",한국음악(국악),영남,창녕문화예술회관,0.7359,1,365.0,365.0,0.0,0.0,5,0.4456466292587323,0.39551389331901093,0.9527017830406969,42.48729411266965,40.0901259386671,0.3998015873015873,True
"세월호 참사 10주기 4월 연극제, 포빅타운 [안산]",연극,경인,보노마루,0.7241,2,294.0,147.0,0.0,0.0,1,0.43243751174591244,0.5069351158592343,0.9527017830406969,46.082386949970505,40.082386949970505,0.39154929577464787,True
"세월호 참사 10주기 4월 연극제: 언제나 봄 D+3650, 달정이와 버들이",연극,경인,보노마루,0.7241,2,294.0,147.0,0.0,0.0,1,0.43243751174591244,0.5069351158592343,0.9527017830406969,46.082386949970505,40.082386949970505,0.39154929577464787,True
"세월호 참사 10주기 4월 연극제, 입하: 꽃이 피다 [안산]",연극,경인,보노마루,0.7241,2,294.0,147.0,0.0,0.0,1,0.43243751174591244,0.5069351158592343,0.9527017830406969,46.082386949970505,40.082386949970505,0.39154929577464787,True
"광주시립극단, 출장 연극 시리즈 1: 오스카와 장미할머니 [빛고을아트스페이스]",연극,호남,빛고을아트스페이스,0.78,1,78.0,78.0,0.0,0.0,0,0.4764276317555776,0.223801782386578,0.9527017830406969,35.216288364474686,40.050698684815124,0.42245989304812837,True
국악아카펠라그룹 토리스: 믹스 & 하모니 [안동],한국음악(국악),영남,안동문화예술의전당,0.8188,1,226.0,226.0,0.0,0.0,7,0.5084839047440062,0.323253894402586,0.9527017830406969,42.42128625757011,40.02411808356756,0.39880952380952384,True
목포시립교향악단 with 아창제 특별연주회,서양음악(클래식),호남,목포시민문화체육센터,0.522,1,630.0,630.0,0.0,0.0,6,0.28477461272048754,0.4829152345517249,0.9527017830406969,35.17621641046714,40.01062673080758,0.4197860962566845,True
"ACC 수요극장, 나는 광주에 없었다",연극,호남,국립아시아문화전당,0.6855,1,170.0,170.0,0.0,0.0,6,0.3990254248664322,0.29074897630362756,0.9527017830406969,35.15666080912919,39.99107112946963,0.41711229946524064,True
국립경찰병원 유치기념 아트밸리 아산 신년음악회,서양음악(클래식),충청,경찰인재개발원,0.645,1,1161.0,1161.0,0.0,0.0,0,0.36906328026418234,0.5517434387569423,0.9527017830406969,43.34663345999561,39.99046182340351,0.47685185185185186,True
S.E.PhiA 3rd Concert: Animato,서양음악(클래식),서울,꿈의숲아트센터,0.6412,1,193.0,193.0,0.0,0.0,8,0.3667275216795984,0.3026662891355033,0.9527017830406969,33.96187998711295,39.96187998711295,0.47113594040968343,True
피아노 향기 [천안],서양음악(클래식),충청,천안예술의전당,0.772,1,342.0,342.0,0.0,0.0,3,0.4703197572958896,0.38278886967552217,0.9527017830406969,43.313138522660275,39.95696688606817,0.4722222222222222,True
"더X콘서트, 커피칸타타 [창녕]",서양음악(클래식),영남,창녕문화예술회관,0.7339,1,364.0,364.0,0.0,0.0,5,0.4434719574730851,0.3952279812612706,0.9527017830406969,42.35052235617354,39.95335418217099,0.39732142857142855,True
탭댄스 위드재즈 콘서트 [창녕],서양음악(클래식),영남,창녕문화예술회관,0.7339,1,364.0,364.0,0.0,0.0,5,0.4434719574730851,0.3952279812612706,0.9527017830406969,42.35052235617354,39.95335418217099,0.39732142857142855,True
사냥꾼의 먹이가 된 그림자,연극,서울,모두예술극장,0.4981,2,258.0,129.0,0.0,0.0,0,0.26458506725373854,0.4928602597577665,0.9527017830406969,33.933504851378785,39.933504851378785,0.4702048417132216,True
"Femme fatale, Carmen (카르멘)",서양음악(클래식),경인,하남문화예술회관,0.8479,1,301.0,301.0,0.0,0.0,4,0.5365264316589256,0.36361911702232075,0.9527017830406969,45.92121353506952,39.92121353506952,0.38967136150234744,True
"제11회 헤이리챔버오케스트라 정기연주회, 송년음악회",서양음악(클래식),경인,솔가람아트홀,0.8733,1,262.0,262.0,0.0,0.0,4,0.5601524955029935,0.34063092782002324,0.9527017830406969,45.908953814615735,39.908953814615735,0.38873239436619716,True
동행,서양음악(클래식),경인,성남아트센터,0.8386,1,317.0,317.0,0.0,0.0,7,0.5272773646199694,0.3729434422736582,0.9527017830406969,45.907185412409724,39.907185412409724,0.3873239436619718,True
"제22회 한국조이앙상블 정기연주회, 인조이 앙상블",서양음악(클래식),경인,성남아트센터,0.8386,1,317.0,317.0,0.0,0.0,7,0.5272773646199694,0.3729434422736582,0.9527017830406969,45.907185412409724,39.907185412409724,0.3873239436619718,True
브레이킹 히스토리 [울산],대중음악,영남,울산광역시학생교육문화회관,0.57295,2,809.0,404.5,0.0,0.0,2,0.3153274089188391,0.6568730156703526,0.9527017830406969,42.29116042311137,39.89399224910882,0.3958333333333333,True
시크릿 마인드 [서울],뮤지컬,서울,금천뮤지컬센터,0.5076,2,200.0,100.0,0.0,0.0,3,0.27451875318817626,0.464857989497693,0.9527017830406969,33.88998139905275,39.88998139905275,0.4692737430167598,True
"아르코 댄스 & 커넥션, 김건중: 미들 워킹 미들",무용(서양/한국무용),서울,대학로예술극장,0.485,4,194.0,48.5,0.0,0.0,1,0.25635621660804897,0.514515008962165,0.9527017830406969,33.87392575827543,39.87392575827543,0.46834264432029793,True
클래식으로 만나는 명작 애니메이션 [안동],서양음악(클래식),영남,안동문화예술의전당,0.8152,1,225.0,225.0,0.0,0.0,7,0.5057588530619915,0.3227729449863938,0.9527017830406969,42.2595575815173,39.86238940751475,0.3948412698412698,True
모차르트 vs 베토벤 [울산],서양음악(클래식),영남,울산광역시학생교육문화회관,0.57155,2,807.0,403.5,0.0,0.0,2,0.31487099632185145,0.6567124726315613,0.9527017830406969,42.25029064888782,39.85312247488527,0.39384920634920634,True
테너 양재혁 & 4人4色의 가을노래,서양음악(클래식),서울,꿈의숲아트센터,0.6379,1,192.0,192.0,0.0,0.0,8,0.3630225253040513,0.3018390540969787,0.9527017830406969,33.71866073321769,39.71866073321769,0.46741154562383613,True
"조이브라스밴드, 신나는 카니발",대중음악,영남,안동문화예술의전당,0.8116,1,224.0,224.0,0.0,0.0,7,0.503235159878648,0.3223789450545439,0.9527017830406969,42.1123283591899,39.71516018518735,0.39285714285714285,True
윤회매십전,무용(서양/한국무용),기타,강릉아트센터(구. 강릉문화예술관),0.6019,1,585.0,585.0,0.0,0.0,7,0.3359867908824872,0.46580579559375146,0.9527017830406969,38.289110501655685,39.6434004546525,0.47468354430379744,True
"국립국악원 창작악단, 관현악-축제 [울진]",한국음악(국악),영남,울진문화예술회관,0.7276,1,358.0,358.0,0.0,0.0,1,0.4387601686041829,0.3933531213663467,0.9527017830406969,42.000006453168616,39.602838279166065,0.39186507936507936,True
"제21회 합창단 음악이있는마을 정기연주회, 진한서 칸타타: 행복한 왕자 [인천]",서양음악(클래식),경인,아트센터 인천,0.6873,1,1187.0,1187.0,0.0,0.0,6,0.40005906515961015,0.5534508737380738,0.9527017830406969,45.55185846791091,39.55185846791091,0.38591549295774646,True
"CK ON STAGE: 세븐 7, 소년이 그랬다",연극,서울,한예극장,0.4,11,880.0,80.0,0.0,0.0,0,0.20329154025827584,0.7109789972729571,0.9527017830406969,33.54395698319778,39.54395698319778,0.4664804469273743,True
"충주오페라단, 청바지 콘서트 [충주]",서양음악(클래식),충청,충주시문화회관,0.6862,1,610.0,610.0,0.0,0.0,1,0.39934759846430584,0.4771111144582315,0.9527017830406969,42.88036364670882,39.52419201011672,0.4675925925925926,True
비아트리오: 퍼플엘리 [안동],서양음악(클래식),영남,안동문화예술의전당,0.808,1,223.0,223.0,0.0,0.0,7,0.49959728300265793,0.3220288701573017,0.9527017830406969,41.91118729205126,39.51401911804871,0.39037698412698413,True
"안동시립합창단 기획공연, 한여름밤의 콘서트",서양음악(클래식),영남,안동문화예술의전당,0.808,1,223.0,223.0,0.0,0.0,7,0.49959728300265793,0.3220288701573017,0.9527017830406969,41.91118729205126,39.51401911804871,0.39037698412698413,True
안산시립합창단 특별기획공연,서양음악(클래식),경인,안산문화예술의전당,0.691,1,1087.0,1087.0,0.0,0.0,6,0.4031599860391441,0.545376194638824,0.9527017830406969,45.4951314118131,39.4951314118131,0.38497652582159625,True
심청날다 [대구],뮤지컬,영남,아양아트센터,0.6508,1,723.0,723.0,0.0,0.0,6,0.3737213735334389,0.4970334209322732,0.9527017830406969,41.887360897823996,39.490192723821444,0.3888888888888889,True
대전뮤직아티슨 콘서트,서양음악(클래식),충청,대전예술가의집,0.9,1,126.0,126.0,0.0,0.0,6,0.589000456412597,0.26571311561506833,0.9527017830406969,42.838531562965606,39.482359926373505,0.46296296296296297,True
"파주윈드오케스트라, 한 여름밤의 예술무대 [파주]",서양음악(클래식),경인,솔가람아트홀,0.8633,1,259.0,259.0,0.0,0.0,4,0.5518833731575697,0.33974027761219666,0.9527017830406969,45.453486465815345,39.453486465815345,0.38403755868544603,True
"대진대학교 연기예술학과 공연제작 Ⅱ, LOVE HOSPITAL: 딸기약과 호랑이 연고",연극,경인,대진대학교,0.72,4,144.0,36.0,0.0,0.0,6,0.428719091470454,0.4958151950825146,0.9527017830406969,45.43929945226896,39.43929945226896,0.38309859154929576,True
"제9회 바로크음악제, 아니마코르디 바로크 앙상블 [대전]",서양음악(클래식),충청,대전시립연정국악원,0.8018,1,271.0,271.0,0.0,0.0,6,0.494992885333047,0.3436196824814121,0.9527017830406969,42.77505601413892,39.41888437754682,0.4583333333333333,True
성남시 신춘음악회,서양음악(클래식),경인,성남아트센터,0.7132,1,786.0,786.0,0.0,0.0,7,0.4224635541117405,0.5057427785815235,0.9527017830406969,45.39890992527928,39.39890992527928,0.38215962441314555,True
"강동예술인페스티벌, 구립풍물",한국음악(국악),서울,강동아트센터,0.644,1,161.0,161.0,0.0,0.0,7,0.3686068676671947,0.2874736468589531,0.9527017830406969,33.371618401200244,39.371618401200244,0.4650837988826816,True
스토리텔링 발레시리즈1: 가을밤의 발레여행,무용(서양/한국무용),서울,강동아트센터,0.644,1,161.0,161.0,0.0,0.0,7,0.3686068676671947,0.2874736468589531,0.9527017830406969,33.371618401200244,39.371618401200244,0.4650837988826816,True
제28회 대구시립국악단 청소년 협주곡의 밤,한국음악(국악),영남,대구문화예술회관,0.5417,2,1092.0,546.0,0.0,0.0,2,0.29606411254597687,0.6980552950864092,0.9527017830406969,41.72413969871299,39.32697152471044,0.3878968253968254,True
제17회 페스티벌 앙상블 가우디움 정기연주회,서양음악(클래식),경인,아트센터 인천,0.6815,1,1177.0,1177.0,0.0,0.0,6,0.39681048138105085,0.5526657625644108,0.9527017830406969,45.30382859481842,39.30382859481842,0.3812206572769953,True
"제79회 시립합창단 정기연주회, 홍탁삼합 [목포]",뮤지컬,호남,목포문화예술회관,0.5616,1,392.0,392.0,0.0,0.0,6,0.3081858941659731,0.4074314099894691,0.9527017830406969,34.45953850551818,39.29394882585862,0.4144385026737968,True
The 4th concert Wind Fantasia [청주],서양음악(클래식),충청,청주아트홀 (구. 청주시민회관),0.7042,1,500.0,500.0,0.0,0.0,1,0.4146776921631272,0.44474668867153244,0.9527017830406969,42.64533133380022,39.28915969720812,0.4537037037037037,True
"주신 무용단 정기공연, 춤으로 들려주는 이야기 [구미]",무용(서양/한국무용),영남,구미시문화예술회관,0.6433,1,761.0,761.0,0.0,0.0,1,0.3682309984696754,0.5020719369614347,0.9527017830406969,41.68488294388047,39.287714769877915,0.3869047619047619,True
시간의 절벽,연극,서울,씨어터 쿰,0.7207,1,80.0,80.0,0.0,0.0,1,0.42980642736327757,0.22664559294966885,0.9527017830406969,33.27381938832392,39.27381938832392,0.46368715083798884,True
정진 콰르텟의 재즈 플레이 Play Book,대중음악,영남,안동문화예술의전당,0.8007,1,221.0,221.0,0.0,0.0,7,0.4945633205358821,0.3214808692115707,0.9527017830406969,41.62892496648438,39.231756792481825,0.38591269841269843,True
Tenor 박경환 독창회,서양음악(클래식),충청,충주시문화회관,0.6794,1,604.0,604.0,0.0,0.0,1,0.3951996133916825,0.47580945505378847,0.9527017830406969,42.56602872631621,39.20985708972411,0.4398148148148148,True
탄금으로 퍼지다! [충주],연극,충청,충주시문화회관,0.6794,1,604.0,604.0,0.0,0.0,1,0.3951996133916825,0.47580945505378847,0.9527017830406969,42.56602872631621,39.20985708972411,0.4398148148148148,True
제11회 충주시성악연구회 정기연주회,서양음악(클래식),충청,충주시문화회관,0.6794,1,604.0,604.0,0.0,0.0,1,0.3951996133916825,0.47580945505378847,0.9527017830406969,42.56602872631621,39.20985708972411,0.4398148148148148,True
"백성의 온천 물안비, 수안보",서양음악(클래식),충청,충주시문화회관,0.6794,1,604.0,604.0,0.0,0.0,1,0.3951996133916825,0.47580945505378847,0.9527017830406969,42.56602872631621,39.20985708972411,0.4398148148148148,True
제11회 충주가온피아노앙상블 정기연주회: 음플루언서 [충주],서양음악(클래식),충청,충주시문화회관,0.6794,1,604.0,604.0,0.0,0.0,1,0.3951996133916825,0.47580945505378847,0.9527017830406969,42.56602872631621,39.20985708972411,0.4398148148148148,True
"국립발레단, 연수단원 갈라콘서트",무용(서양/한국무용),서울,국립극단 [명동],0.5631,1,308.0,308.0,0.0,0.0,6,0.30891078476118883,0.3697480105490154,0.9527017830406969,33.19419804854873,39.19419804854873,0.462756052141527,True
제32회 인천서구립합창단 정기연주회,서양음악(클래식),경인,청라복합문화센터 블루노바홀,0.7963,1,387.0,387.0,0.0,0.0,4,0.48554245979541977,0.40485915305006115,0.9527017830406969,45.150016503340446,39.150016503340446,0.38028169014084506,True
제4회 춤사랑 무용제 [구미],무용(서양/한국무용),영남,구미시문화예술회관,0.6407,1,758.0,758.0,0.0,0.0,1,0.36624426128278786,0.501483647341333,0.9527017830406969,41.53031330047555,39.133145126472996,0.38492063492063494,True
출동! 건강한 응가맨 [철원],연극,기타,철원군 화강문화센터,0.7011,1,244.0,244.0,0.0,0.0,6,0.41184524928182137,0.33176668547518334,0.9527017830406969,37.77231005902423,39.12660001202104,0.46835443037974683,True
우리들의 하모니,서양음악(클래식),경인,성남아트리움 (구. 성남시민회관),0.8991,1,196.0,196.0,0.0,0.0,10,0.5868929041265069,0.3041016268042785,0.9527017830406969,45.1172699502839,39.1172699502839,0.37934272300469485,True
"예술로 빚은 아이, 청소년 합창 페스티벌 [대구]",서양음악(클래식),영남,대구학생문화센터,0.6348,1,869.0,869.0,0.0,0.0,2,0.3592772572287701,0.515578520291532,0.9527017830406969,41.51220116634551,39.11503299234296,0.38392857142857145,True
"하모나이즈 콘서트, School of Choir [울산]",대중음악,영남,울산광역시학생교육문화회관,0.55805,2,788.0,394.0,0.0,0.0,2,0.30662872177625045,0.6535279329415206,0.9527017830406969,41.50241430357476,39.10524612957221,0.38293650793650796,True
"제13회 경상북도 도립무용단 정기공연, 빛 그늘",무용(서양/한국무용),영남,경주예술의전당,0.6477,1,682.0,682.0,0.0,0.0,7,0.3707412677531076,0.49149873041726244,0.9527017830406969,41.50032698232879,39.103158808326235,0.3819444444444444,True
나앤너 X 롱앤민아카데미 정기공연: 내일을 위해 함께하는 오늘,대중음악,경인,보노마루,0.7094,2,288.0,144.0,0.0,0.0,1,0.41832899293902864,0.504801718491902,0.9527017830406969,45.09818968383864,39.09818968383864,0.3784037558685446,True
"기형도 35주기 추모 행사, 기형도 플레이",연극,경인,광명시민회관,0.63585,2,674.0,337.0,0.0,0.0,7,0.36009611512336565,0.6319868397923114,0.9527017830406969,45.09561099974746,39.09561099974746,0.37746478873239436,True
"두산아트랩, 사회적 청소년기를 바탕으로 한 창작과정이 인형작업자의 창작과정에 미치는 영향",연극,서울,두산아트센터,0.4367,3,393.0,131.0,0.0,0.0,1,0.2261792896072167,0.5841174051112887,0.9527017830406969,33.05763348749596,39.05763348749596,0.4618249534450652,True
개똥이와 무등산 호랑이 [광주],한국음악(국악),호남,빛고을국악전수관,0.7051,1,110.0,110.0,0.0,0.0,4,0.41530861545896314,0.25516837096210243,0.9527017830406969,34.17852375940343,39.01293407974387,0.4117647058823529,True
스냅(SNAP) [봉산],뮤지컬,영남,봉산문화회관,0.925,1,74.0,74.0,0.0,0.0,2,0.627178027760625,0.2217343319823848,0.9527017830406969,41.3778268360871,38.98065866208455,0.38095238095238093,True
김희재 피아노 독주회: Across the Universe,서양음악(클래식),서울,예술의전당 [서울],0.55,1,330.0,330.0,0.0,0.0,10,0.30086986871425886,0.37827575481119735,0.9527017830406969,32.97240461176035,38.97240461176035,0.46089385474860334,True
윤이상 가곡제 [통영],서양음악(클래식),영남,통영국제음악당,0.6333,1,829.0,829.0,0.0,0.0,6,0.3582570408355035,0.511152711807749,0.9527017830406969,41.298769145966865,38.901600971964314,0.37996031746031744,True
제76회 파주시립예술단 기획연주회: 그리움은 바람을 타고,서양음악(클래식),경인,솔가람아트홀,0.8533,1,256.0,256.0,0.0,0.0,4,0.541882567723575,0.3386123302410201,0.9527017830406969,44.897712581295536,38.897712581295536,0.37652582159624415,True
크리스마스와 함께하는 재즈의 밤(A Night of jazz) [철원],대중음악,기타,철원군 화강문화센터,0.6983,1,243.0,243.0,0.0,0.0,6,0.40816710070609713,0.33114804763505834,0.9527017830406969,37.54150486592657,38.895794818923385,0.4620253164556962,True
만선 [안산],연극,경인,안산문화예술의전당,0.9286,1,130.0,130.0,0.0,0.0,6,0.6326549789244771,0.26831385163473553,0.9527017830406969,44.89080522383189,38.89080522383189,0.3755868544600939,True
트리오 알투스 연주회 [성남],서양음악(클래식),경인,성남아트센터,0.8201,1,310.0,310.0,0.0,0.0,7,0.5097591752355894,0.3704814142281967,0.9527017830406969,44.866852213524,38.866852213524,0.37464788732394366,True
"SAC on Screen: 추남, 미녀 [부산]",연극,영남,영도문화예술회관,0.8563,1,137.0,137.0,0.0,0.0,3,0.5444196848068301,0.2722742587189102,0.9527017830406969,41.26320196764108,38.86603379363853,0.37896825396825395,True
"맘프 파키스탄 특별공연, 왕의 녹차 [창원]",뮤지컬,영남,성산아트홀,0.51235,2,1742.0,871.0,0.0,0.0,2,0.27755255456815314,0.74612931927202,0.9527017830406969,41.22235316692044,38.82518499291789,0.37797619047619047,True
"키즈페스티벌, 학생오케스트라페스티벌: 윈드오케스트라",서양음악(클래식),영남,수성아트피아,0.6368,1,738.0,738.0,0.0,0.0,3,0.3620962762101646,0.4989705915015715,0.9527017830406969,41.1646488485381,38.76748067453555,0.376984126984127,True
Body & Voice,무용(서양/한국무용),충청,태안군문화예술회관,0.7001,1,481.0,481.0,0.0,0.0,3,0.41128144548554246,0.4365948305815063,0.9527017830406969,42.12257439815172,38.76640276155962,0.42592592592592593,True
"노래하는 대한민국, 강릉시 편 녹화",대중음악,기타,강릉아트센터(구. 강릉문화예술관),0.5885,1,572.0,572.0,0.0,0.0,7,0.32437511745912423,0.46337219563316745,0.9527017830406969,37.41110256474008,38.76539251773689,0.45569620253164556,True
"클래식으로 읽는 명작 소설, 어린왕자 [안동]",서양음악(클래식),영남,안동문화예술의전당,0.7971,1,220.0,220.0,0.0,0.0,7,0.4860659918919645,0.3207603456721554,0.9527017830406969,41.161331109698,38.764162935695445,0.3759920634920635,True
취연,뮤지컬,충청,금산다락원 생명의집,0.6989,1,492.0,492.0,0.0,0.0,4,0.40838188310467954,0.44012237635837015,0.9527017830406969,42.079373008187275,38.723201371595174,0.4212962962962963,True
"충주가온피아노앙상블, Remember 라흐마니노프",서양음악(클래식),충청,충주시문화회관,0.6727,1,598.0,598.0,0.0,0.0,1,0.3914006497167557,0.46900239978333996,0.9527017830406969,42.07682399041211,38.72065235382001,0.4166666666666667,True
거인 앙갈로 [남양주 어린이비전센터],연극,경인,남양주 어린이비전센터,0.9,1,180.0,180.0,0.0,0.0,4,0.589000456412597,0.2951660338441175,0.9527017830406969,44.67822703328377,38.67822703328377,0.37370892018779345,True
소프라노 박재은 독창회,서양음악(클래식),서울,세종문화회관,0.5801,1,257.0,257.0,0.0,0.0,3,0.31871023169651247,0.33891042576370795,0.9527017830406969,32.66416609330198,38.66416609330198,0.45996275605214154,True
남일동 부인들 [대구],연극,영남,대구문화예술회관,0.53025,2,1069.0,534.5,0.0,0.0,2,0.288694391494617,0.6961675040563378,0.9527017830406969,41.05334103908278,38.65617286508023,0.375,True
보이스 밴드 엑시트 아카펠라 여행 [안동],대중음악,영남,안동문화예술의전당,0.7935,1,219.0,219.0,0.0,0.0,7,0.4839315918060515,0.3200264662028469,0.9527017830406969,41.01519144798588,38.618023273983326,0.3740079365079365,True
김승민 첼로 리사이틀,서양음악(클래식),경인,성남아트센터,0.8148,1,308.0,308.0,0.0,0.0,7,0.505570918463232,0.3697480105490154,0.9527017830406969,44.609934854904424,38.609934854904424,0.3727699530516432,True
"삼성전자와 함께하는 축하콘서트, 강릉시립합창단",서양음악(클래식),기타,강릉아트센터(구. 강릉문화예술관),0.5864,1,570.0,570.0,0.0,0.0,7,0.3222541412731227,0.4628219856975816,0.9527017830406969,37.24643377756577,38.600723730562585,0.44936708860759494,True
"대진대학교 연기예술학과 하계워크숍, 북어대가리",연극,경인,대진대학교,0.705,4,141.0,35.25,0.0,0.0,6,0.41516095255993773,0.4946607737823513,0.9527017830406969,44.53001986274823,38.53001986274823,0.37183098591549296,True
빌미 [거창],연극,영남,거창문화센터,0.6778,1,465.0,465.0,0.0,0.0,4,0.3944210271968212,0.43250638674450903,0.9527017830406969,40.92352600995536,38.52635783595281,0.373015873015873,True
제11회 인천국제현대무용제,무용(서양/한국무용),경인,트라이보울,0.6667,2,400.0,200.0,0.0,0.0,5,0.3854135903562703,0.5527388181122228,0.9527017830406969,44.5209272543141,38.5209272543141,0.37089201877934275,True
괴시리연가: 향이와룡이,한국음악(국악),영남,예주문화예술회관,0.5678,2,603.0,301.5,0.0,0.0,4,0.31146132574435526,0.6154868117980982,0.9527017830406969,40.90062809608057,38.503459922078015,0.37202380952380953,True
하늘 바람 바다 [대구],연극,영남,달서아트센터 (구. 웃는얼굴아트센터),0.58135,2,529.0,264.5,0.0,0.0,6,0.3194082744919054,0.5925039921557653,0.9527017830406969,40.896318076255206,38.499149902252654,0.37103174603174605,True
학원설립23주년 오주신무용학원&주신무용단 우리들의 춤마당 19번째이야기: MIRACLE,무용(서양/한국무용),영남,구미시문화예술회관,0.6306,1,746.0,746.0,0.0,0.0,1,0.3568475313448063,0.4999025499340417,0.9527017830406969,40.83605300143197,38.43888482742942,0.37003968253968256,True
"ACC 수요극장, SAC ON SCREEN: 정경화 & 케빈 케너 듀오 콘서트",서양음악(클래식),호남,국립아시아문화전당,0.6492,1,161.0,161.0,0.0,0.0,6,0.37196284264504526,0.2874736468589531,0.9527017830406969,33.55358665703941,38.38799697737985,0.4090909090909091,True
공단빵 아이 [철원],연극,기타,철원군 화강문화센터,0.6868,1,239.0,239.0,0.0,0.0,6,0.3997771632614707,0.3286034541356915,0.9527017830406969,36.962355430063774,38.31664538306059,0.4430379746835443,True
"문화가 있는 날 콘서트, 모음 발레단: Ballet Patio (9월)",무용(서양/한국무용),영남,안동문화예술의전당,0.7826,1,216.0,216.0,0.0,0.0,7,0.4780250758450345,0.3189234464963474,0.9527017830406969,40.65790407863826,38.26073590463571,0.36904761904761907,True
제3회 춤사랑무용제,무용(서양/한국무용),영남,구미시문화예술회관,0.6264,1,741.0,741.0,0.0,0.0,1,0.35369291486562676,0.49935364840343777,0.9527017830406969,40.60122218817517,38.20405401417262,0.3680555555555556,True
제13회 서산시립합창단 정기연주회,서양음악(클래식),충청,서산시문화회관,0.7022,1,422.0,422.0,0.0,0.0,3,0.4133084543721642,0.4183060935826019,0.9527017830406969,41.53003048087906,38.17385884428696,0.41203703703703703,True
성악가와 어린이가 함께 만드는 키즈콘서트 [화성],서양음악(클래식),경인,반석아트홀 (동탄복합문화센터),0.7555,1,414.0,414.0,0.0,0.0,5,0.45933900716836257,0.4159258493715726,0.9527017830406969,44.14549199054071,38.14549199054071,0.3699530516431925,True
충주시립우륵국악단 특별기획연주회 호국음악회,한국음악(국악),충청,충주시문화회관,0.6659,1,592.0,592.0,0.0,0.0,1,0.3830778317716863,0.4675487444448161,0.9527017830406969,41.48613444247407,38.129962805881966,0.4074074074074074,True
"대관령아카데미, 영 아티스트 콘서트",서양음악(클래식),기타,강릉원주대학교 예술1호관,0.7769,1,101.0,101.0,0.0,0.0,0,0.4744140467688673,0.25086769349499655,0.9527017830406969,36.76820415331625,38.12249410631306,0.43670886075949367,True
더 피아니스트 재즈 [안동],대중음악,영남,안동문화예술의전당,0.779,1,215.0,215.0,0.0,0.0,7,0.4754342631621339,0.31849481630480064,0.9527017830406969,40.50374996636714,38.10658179236459,0.36706349206349204,True
"온세대합창페스티벌, 아이누리",서양음악(클래식),기타,춘천문화예술회관,0.5766,1,542.0,542.0,0.0,0.0,3,0.31697854860794156,0.4567931427511583,0.9527017830406969,36.686455487322064,38.04074544031888,0.43037974683544306,True
앙금당실 토별가 [창녕],연극,영남,창녕문화예술회관,0.7077,1,351.0,351.0,0.0,0.0,5,0.41697317904797704,0.38595174419028666,0.9527017830406969,40.42761076001072,38.03044258600817,0.36607142857142855,True
"단미, 정상지가무",한국음악(국악),경인,하남문화예술회관,0.8197,1,291.0,291.0,0.0,0.0,4,0.5092087953392219,0.35378109828096693,0.9527017830406969,44.018109677146846,38.018109677146846,0.36901408450704226,True
"뉴비스테이지(Newbie Stage), 살다살다 이런거 처음 해 봄 (17:00)",한국음악(국악),호남,국립아시아문화전당,0.6411,1,159.0,159.0,0.0,0.0,6,0.36664697828012993,0.2854860772001551,0.9527017830406969,33.17285415272159,38.00726447306203,0.40641711229946526,True
호락호Rock하지 않은 도둑들 [안동],대중무용,영남,안동문화예술의전당,0.7754,1,214.0,214.0,0.0,0.0,7,0.4732864391763095,0.31816608370738025,0.9527017830406969,40.3771805219558,37.98001234795325,0.36507936507936506,True
프로젝트 씨드,연극,서울,충동소극장,0.5,3,45.0,15.0,0.0,0.0,1,0.2684645743281338,0.41565824737179663,0.9527017830406969,31.976192687502774,37.976192687502774,0.4590316573556797,True
만리향 [안산],연극,경인,안산문화예술의전당,0.7143,2,200.0,100.0,0.0,0.0,6,0.42361800950412115,0.464857989497693,0.9527017830406969,43.96557616893808,37.96557616893808,0.36807511737089205,True
"동구문화체육센터 X 인천시립교향악단, 찾아가는 연주회",서양음악(클래식),경인,인천동구문화체육센터,0.7677,1,380.0,380.0,0.0,0.0,1,0.4664805219212286,0.40185690651874273,0.9527017830406969,43.946944300545866,37.946944300545866,0.36666666666666664,True
동구 태평가 [인천],서양음악(클래식),경인,인천동구문화체육센터,0.7677,1,380.0,380.0,0.0,0.0,1,0.4664805219212286,0.40185690651874273,0.9527017830406969,43.946944300545866,37.946944300545866,0.36666666666666664,True
영남의대 동창회 힐링콘서트,서양음악(클래식),영남,수성아트피아,0.6238,1,723.0,723.0,0.0,0.0,3,0.35063226568582706,0.4970334209322732,0.9527017830406969,40.31487927426966,37.917711100267105,0.3635912698412698,True
다함께 부르는 유란의 노래,서양음악(클래식),영남,수성아트피아,0.6238,1,723.0,723.0,0.0,0.0,3,0.35063226568582706,0.4970334209322732,0.9527017830406969,40.31487927426966,37.917711100267105,0.3635912698412698,True
제17회 대구유스콰이어 정기연주회: All That Music,서양음악(클래식),영남,대구학생문화센터,0.6143,1,841.0,841.0,0.0,0.0,2,0.34307461003570755,0.5129052442884336,0.9527017830406969,40.294707063127035,37.89753888912448,0.3621031746031746,True
마고마나또라: 고래낙하대소동 [포항],뮤지컬,영남,포항시청 대잠홀,0.6801,1,406.0,406.0,0.0,0.0,5,0.39593792788680965,0.41361472973990077,0.9527017830406969,40.291613765583115,37.89444559158056,0.3611111111111111,True
"남양주시립합창단 오페라 축제, 카발레리아 루스티카나",서양음악(클래식),경인,다산아트홀,0.7661,1,380.0,380.0,0.0,0.0,3,0.46531264262893657,0.40185690651874273,0.9527017830406969,43.88089594077107,37.88089594077107,0.3652582159624413,True
파주 가곡의 밤,서양음악(클래식),경인,솔가람아트홀,0.8333,1,250.0,250.0,0.0,0.0,4,0.5230622600477891,0.3364129518183312,0.9527017830406969,43.84106692231802,37.84106692231802,0.3643192488262911,True
제3회 대구 CTS여성합창단 정기연주회,서양음악(클래식),영남,수성아트피아,0.6221,1,721.0,721.0,0.0,0.0,3,0.34963889709238327,0.49671858802489155,0.9527017830406969,40.23611214169995,37.838943967697396,0.3601190476190476,True
제4회 돌아온 안흥진성 태안가곡제,서양음악(클래식),충청,태안군문화예술회관,0.6827,1,469.0,469.0,0.0,0.0,3,0.39756221977608935,0.43334767438774535,0.9527017830406969,41.15074026318845,37.79456862659635,0.4027777777777778,True
제28회 분당구여성합창단 정기연주회,서양음악(클래식),경인,성남아트센터,0.686,1,756.0,756.0,0.0,0.0,7,0.39922678336510325,0.5012098507785221,0.9527017830406969,43.725988977033836,37.725988977033836,0.36338028169014086,True
제13회 베누스토 분당 오케스트라 정기연주회,서양음악(클래식),경인,성남아트리움 (구. 성남시민회관),0.7287,1,470.0,470.0,0.0,0.0,10,0.43957902649877845,0.43354945768116193,0.9527017830406969,43.71572010267582,37.71572010267582,0.3624413145539906,True
"SAC ON SCREEN, 피노키오",연극,경인,안성맞춤아트홀,0.6196,2,614.0,307.0,0.0,0.0,7,0.34641716111364673,0.6191823263203723,0.9527017830406969,43.70056577075335,37.70056577075335,0.3615023474178404,True
제21회 남양주시립합창단 정기연주회: 모차르트 레퀴엠,서양음악(클래식),경인,다산아트홀,0.7601,1,377.0,377.0,0.0,0.0,3,0.4624265041479851,0.4009323227260376,0.9527017830406969,43.67712651471856,37.67712651471856,0.36056338028169016,True
"KAIST 문화행사, 라파시오나타 내한공연: Blossom Vivaldi",서양음악(클래식),충청,한국과학기술원,0.6373,1,701.0,701.0,0.0,0.0,1,0.36233790640856983,0.4942746397898511,0.9527017830406969,41.025661625436705,37.6694899888446,0.39814814814814814,True
"꿈의 댄스팀 연수, 호두까기 인형",무용(서양/한국무용),경인,연수아트홀,0.7949,1,314.0,314.0,0.0,0.0,1,0.48489811259967247,0.37197479750630913,0.9527017830406969,43.610965603223605,37.610965603223605,0.3596244131455399,True
DROP THE BEAT!,한국음악(국악),충청,충주시문화회관,0.6547,1,582.0,582.0,0.0,0.0,1,0.37584234971944047,0.46535947643725617,0.9527017830406969,40.937267766571054,37.58109612997895,0.3912037037037037,True
제71회 충주시립우륵국악단 정기연주회,한국음악(국악),충청,충주시문화회관,0.6547,1,582.0,582.0,0.0,0.0,1,0.37584234971944047,0.46535947643725617,0.9527017830406969,40.937267766571054,37.58109612997895,0.3912037037037037,True
세계평화기원 음악회,서양음악(클래식),충청,당진문예의전당,0.6394,1,640.0,640.0,0.0,0.0,5,0.3652106209896099,0.48464304327778707,0.9527017830406969,40.89731840675199,37.54114677015989,0.38425925925925924,True
하늘 바람 바다 [포항],연극,영남,포항시청 대잠홀,0.54105,2,646.0,323.0,0.0,0.0,5,0.2956748194485462,0.6266548671048632,0.9527017830406969,39.93006075690796,37.53289258290541,0.35912698412698413,True
"충주시립우륵국악단 기획 가족음악회, 가족愛",한국음악(국악),충청,충주시문화회관,0.6535,1,581.0,581.0,0.0,0.0,1,0.37517115472387036,0.46522454076332387,0.9527017830406969,40.88864420226791,37.53247256567581,0.37962962962962965,True
나라사랑 음악회,서양음악(클래식),영남,구미시문화예술회관,0.6162,1,729.0,729.0,0.0,0.0,1,0.34467205412516444,0.4977143694467727,0.9527017830406969,39.92415336288555,37.526985188882996,0.35813492063492064,True
"남양주시립합창단 오페라 축제, 푸치니 라 보엠",서양음악(클래식),경인,다산아트홀,0.756,1,375.0,375.0,0.0,0.0,3,0.4596746046661476,0.4004075842152742,0.9527017830406969,43.49819388534564,37.49819388534564,0.35821596244131454,True
"남양주시립합창단 오페라 축제, 도니제티 사랑의 묘약",서양음악(클래식),경인,다산아트홀,0.756,1,375.0,375.0,0.0,0.0,3,0.4596746046661476,0.4004075842152742,0.9527017830406969,43.49819388534564,37.49819388534564,0.35821596244131454,True
"가을 콘서트: 희망, 음악에 담다 [광주]",서양음악(클래식),호남,광산문화예술회관,0.5556,1,300.0,300.0,0.0,0.0,1,0.3051252449861734,0.36152271181921314,0.9527017830406969,32.65435569431921,37.488766014659646,0.3983957219251337,True
제23회 광산구립합창단 정기연주회,서양음악(클래식),호남,광산문화예술회관,0.5556,1,300.0,300.0,0.0,0.0,1,0.3051252449861734,0.36152271181921314,0.9527017830406969,32.65435569431921,37.488766014659646,0.3983957219251337,True
"조선혼인프로젝트, 김신부부뎐 [광주]",한국음악(국악),호남,광산문화예술회관,0.5556,1,300.0,300.0,0.0,0.0,1,0.3051252449861734,0.36152271181921314,0.9527017830406969,32.65435569431921,37.488766014659646,0.3983957219251337,True
신초영전: 꿈엔들 잊으리오 [광주],뮤지컬,호남,광산문화예술회관,0.5556,1,300.0,300.0,0.0,0.0,1,0.3051252449861734,0.36152271181921314,0.9527017830406969,32.65435569431921,37.488766014659646,0.3983957219251337,True
제17회 광주광역시 5개구 연합합창제,서양음악(클래식),호남,광산문화예술회관,0.5556,1,300.0,300.0,0.0,0.0,1,0.3051252449861734,0.36152271181921314,0.9527017830406969,32.65435569431921,37.488766014659646,0.3983957219251337,True
제24회 내정초등학교 오케스트라 정기연주회,서양음악(클래식),서울,롯데콘서트홀,0.4366,1,889.0,889.0,0.0,0.0,6,0.22600477890836845,0.5173970847514826,0.9527017830406969,31.477495059151668,37.477495059151664,0.4581005586592179,True
커피콘서트Ⅴ. 김종서: In my life,대중음악,경인,인천동구문화체육센터,0.7556,1,374.0,374.0,0.0,0.0,1,0.4593658549681854,0.4001378488074458,0.9527017830406969,43.468942963229374,37.468942963229374,0.3568075117370892,True
떡보와 아리랑 다섯 고개 호랭이 [세종],한국음악(국악),충청,세종문화예술회관,0.6568,1,553.0,553.0,0.0,0.0,2,0.37737267430934035,0.4593234117657408,0.9527017830406969,40.82344983743096,37.467278200838855,0.375,True
"강원특별자치도립예술단 합동공연, Space in Gangwon",무용(서양/한국무용),기타,강릉아트센터(구. 강릉문화예술관),0.5617,1,546.0,546.0,0.0,0.0,7,0.30826643756544153,0.45745392143078145,0.9527017830406969,36.09895982545503,37.45324977845185,0.4240506329113924,True
아침문화살롱 조윤성 & 천지윤,서양음악(클래식),경인,솔가람아트홀,0.8267,1,248.0,248.0,0.0,0.0,4,0.5169946572878352,0.3342465384256298,0.9527017830406969,43.422857593023956,37.422857593023956,0.35539906103286384,True
"정남규 객원지휘자 초청 연주회, 오래된 가을 [파주]",서양음악(클래식),경인,솔가람아트홀,0.8267,1,248.0,248.0,0.0,0.0,4,0.5169946572878352,0.3342465384256298,0.9527017830406969,43.422857593023956,37.422857593023956,0.35539906103286384,True
집을 잃은 늑대와 아기돼지 삼형제 [광주],연극,호남,국립아시아문화전당,0.7,1,84.0,84.0,0.0,0.0,6,0.40999275109404787,0.2304855757801135,0.9527017830406969,32.56290990160324,37.39732022194368,0.39037433155080214,True
제2회 마이 플룻 오케스트라 정기연주회,서양음악(클래식),경인,성남아트센터,0.7989,1,302.0,302.0,0.0,0.0,7,0.4871264799849652,0.36491656235710845,0.9527017830406969,43.39727627897986,37.39727627897986,0.3539906103286385,True
"ACC 수요극장, 두 바퀴 자전거",서커스/마술,호남,국립아시아문화전당,0.629,1,156.0,156.0,0.0,0.0,6,0.3558004671517169,0.2844846713128732,0.9527017830406969,32.53474870269476,37.3691590230352,0.3877005347593583,True
"정읍시립국악단 기획공연, 필름콘서트: 세기의 로맨스",한국음악(국악),호남,정읍사예술회관,0.539,1,325.0,325.0,0.0,0.0,3,0.29437270115714015,0.37666967874384727,0.9527017830406969,32.487985633648385,37.322395953988824,0.3850267379679144,True
"극단여행자, 희곡의 밤",연극,서울,여행자극장,0.4,8,320.0,40.0,0.0,0.0,0,0.20329154025827584,0.5980405887616437,0.9527017830406969,31.30140616492662,37.30140616492662,0.45716945996275604,True
입고출신 [함양],한국음악(국악),영남,함양문화예술회관,0.6975,1,339.0,339.0,0.0,0.0,2,0.4074153623110586,0.38164680172961585,0.9527017830406969,39.69054765450098,37.29337948049843,0.35714285714285715,True
춘천시립예술단과 함께하는 정기회원 음악회: The Live for only Members,서양음악(클래식),기타,춘천문화예술회관,0.5606,1,527.0,527.0,0.0,0.0,3,0.30779660106854245,0.453125495650452,0.9527017830406969,35.9290464618011,37.283336414797915,0.4177215189873418,True
AVANZAMOS 앞으로 나아가다,무용(서양/한국무용),영남,대구음악창작소,0.8889,1,80.0,80.0,0.0,0.0,5,0.5752543829033211,0.22664559294966885,0.9527017830406969,39.632810729486565,37.23564255548401,0.35615079365079366,True
신년음악회: 일체유심조,서양음악(클래식),충청,충주시문화회관,0.6479,1,576.0,576.0,0.0,0.0,1,0.3710231696512471,0.46403042547284484,0.9527017830406969,40.57506289212361,37.21889125553151,0.37037037037037035,True
간이역 칸타빌레 [인제],연극,기타,인제하늘내린센터,0.596,1,391.0,391.0,0.0,0.0,2,0.3293956560259887,0.4071748945714976,0.9527017830406969,35.85445434689731,37.20874429989413,0.41139240506329117,True
홍기쁨 아코디언의 세계일주 [안동],서양음악(클래식),영남,안동문화예술의전당,0.7572,1,209.0,209.0,0.0,0.0,7,0.46038607136145193,0.3158906308603146,0.9527017830406969,39.599345104459,37.202176930456446,0.35466269841269843,True
"안동문화예술의전당 문화가 있는 날 콘서트, 아티스트 인 안동 (11월)",서양음악(클래식),영남,안동문화예술의전당,0.7572,1,209.0,209.0,0.0,0.0,7,0.46038607136145193,0.3158906308603146,0.9527017830406969,39.599345104459,37.202176930456446,0.35466269841269843,True
"홍도야, 홍녀야 울지마라 [철원]",연극,기타,철원군 화강문화센터,0.6638,1,231.0,231.0,0.0,0.0,6,0.38224554997717936,0.32551908391984985,0.9527017830406969,35.84561572726544,37.199905680262255,0.4050632911392405,True
이정선 피아노 독주회,서양음악(클래식),서울,금호아트홀 연세,0.5564,1,217.0,217.0,0.0,0.0,1,0.3058635594813005,0.3193963415725927,0.9527017830406969,31.1206470362825,37.1206470362825,0.45623836126629425,True
"브람스 탄생 190주년 기념 호남신학대학교 음악학과 교수음악회, 한국리트포럼 독일가곡연주회 [광주]",서양음악(클래식),호남,유스퀘어 문화관,0.6044,1,191.0,191.0,0.0,0.0,4,0.3373023330738046,0.3010679955280274,0.9527017830406969,32.23127187735071,37.065682197691146,0.38235294117647056,True
"모음발레단, 봄날의 발레 [안동]",무용(서양/한국무용),영남,안동문화예술의전당,0.7536,1,208.0,208.0,0.0,0.0,7,0.45807716057669073,0.31495950504269926,0.9527017830406969,39.43347688772063,37.03630871371808,0.3531746031746032,True
듀오 주보바스 피아노 콘서트 [대구],서양음악(클래식),영남,달서아트센터 (구. 웃는얼굴아트센터),0.7925,1,168.0,168.0,0.0,0.0,6,0.4834617553091524,0.28995244630985373,0.9527017830406969,39.404696384613,37.007528210610445,0.3521825396825397,True
"A Prelude to New Beginnings, Harmony of Dew: 새로운 시작의 서막: 이슬의 하모니",서양음악(클래식),서울,꿈의숲아트센터,0.5847,1,176.0,176.0,0.0,0.0,8,0.32120707708003327,0.293295388018849,0.9527017830406969,30.973704934535835,36.97370493453583,0.4548417132216015,True
인뮤직 영아티스트 콘서트,서양음악(클래식),서울,꿈의숲아트센터,0.5847,1,176.0,176.0,0.0,0.0,8,0.32120707708003327,0.293295388018849,0.9527017830406969,30.973704934535835,36.97370493453583,0.4548417132216015,True
제9회 인천합창대축제,서양음악(클래식),경인,아트센터 인천,0.5032,4,3476.0,869.0,0.0,0.0,6,0.2724246248019975,0.8514013826065143,0.9527017830406969,42.97358221059556,36.97358221059556,0.3530516431924883,True
"클래식 페스티벌, 아싸(Outsider) 악기들의 장기자랑: 아하 이 악기 [제주]",서양음악(클래식),제주,제주아트센터,0.6208,1,735.0,735.0,0.0,0.0,6,0.34761188820576155,0.49853411088013255,0.9527017830406969,40.15454637889701,36.970986273305655,0.44505494505494503,True
"클래식 페스티벌, 앙상블로 듣는 클래식I [제주]",서양음악(클래식),제주,제주아트센터,0.6208,1,735.0,735.0,0.0,0.0,6,0.34761188820576155,0.49853411088013255,0.9527017830406969,40.15454637889701,36.970986273305655,0.44505494505494503,True
나는 불후의 편곡자다 [제주],서양음악(클래식),제주,제주아트센터,0.6208,1,735.0,735.0,0.0,0.0,6,0.34761188820576155,0.49853411088013255,0.9527017830406969,40.15454637889701,36.970986273305655,0.44505494505494503,True
해설이 있는 리얼 오페라 콘서트,서양음악(클래식),제주,제주아트센터,0.6208,1,735.0,735.0,0.0,0.0,6,0.34761188820576155,0.49853411088013255,0.9527017830406969,40.15454637889701,36.970986273305655,0.44505494505494503,True
제주 옹고집전 [제주],한국음악(국악),제주,제주아트센터,0.6208,1,735.0,735.0,0.0,0.0,6,0.34761188820576155,0.49853411088013255,0.9527017830406969,40.15454637889701,36.970986273305655,0.44505494505494503,True
레이어스 클래식과 함께하는 앙상블로 듣는 클래식II,서양음악(클래식),제주,제주아트센터,0.6208,1,735.0,735.0,0.0,0.0,6,0.34761188820576155,0.49853411088013255,0.9527017830406969,40.15454637889701,36.970986273305655,0.44505494505494503,True
THE SOBS 콘서트: 평화와 화합,대중음악,제주,제주아트센터,0.6208,1,735.0,735.0,0.0,0.0,6,0.34761188820576155,0.49853411088013255,0.9527017830406969,40.15454637889701,36.970986273305655,0.44505494505494503,True
제주 & 독일 오스나브뤼크 평화교류음악회,서양음악(클래식),제주,제주아트센터,0.6208,1,735.0,735.0,0.0,0.0,6,0.34761188820576155,0.49853411088013255,0.9527017830406969,40.15454637889701,36.970986273305655,0.44505494505494503,True
제1회 인천시립소년소녀합창단 정기연주회,서양음악(클래식),경인,아트센터 인천,0.6393,1,1104.0,1104.0,0.0,0.0,6,0.3651703492898757,0.5469112429663074,0.9527017830406969,42.92042806068051,36.92042806068051,0.352112676056338,True
제3회 (사) 성음크로마 하프협회 대구지부 정기연주회,서양음악(클래식),영남,수성아트피아,0.6048,1,701.0,701.0,0.0,0.0,3,0.3374634198727414,0.4942746397898511,0.9527017830406969,39.31183835061723,36.91467017661468,0.35119047619047616,True
"축제극장 몸짓 기획공연, 라이징스타 (9.8)",서양음악(클래식),기타,축제극장 몸짓,0.7661,1,95.0,95.0,0.0,0.0,2,0.46531264262893657,0.2375593418997894,0.9527017830406969,35.55950910324692,36.91379905624373,0.3924050632911392,True
"축제극장 몸짓 기획공연, 라이징스타 (9.9)",서양음악(클래식),기타,축제극장 몸짓,0.7661,1,95.0,95.0,0.0,0.0,2,0.46531264262893657,0.2375593418997894,0.9527017830406969,35.55950910324692,36.91379905624373,0.3924050632911392,True
"축제극장 몸짓 기획공연, 라이징스타 (9.7)",서양음악(클래식),기타,축제극장 몸짓,0.7661,1,95.0,95.0,0.0,0.0,2,0.46531264262893657,0.2375593418997894,0.9527017830406969,35.55950910324692,36.91379905624373,0.3924050632911392,True
"ACC 수요극장, 홀춤 II",무용(서양/한국무용),호남,국립아시아문화전당,0.621,1,154.0,154.0,0.0,0.0,6,0.3480146052031036,0.28380683237310167,0.9527017830406969,32.075070592083016,36.909480912423454,0.37967914438502676,True
"극단 한홀, 뺑덕이 간다 [하남]",연극,경인,하남문화예술회관,0.8,1,284.0,284.0,0.0,0.0,4,0.49081805246060084,0.35041307599262167,0.9527017830406969,42.892804028609746,36.892804028609746,0.3511737089201878,True
제주도민과 함께하는 위문열차,대중음악,제주,제주아트센터,0.6191,1,733.0,733.0,0.0,0.0,6,0.34612183531559587,0.4982588699723032,0.9527017830406969,40.0423368023141,36.85877669672274,0.3956043956043956,True
윤희정의 JAZZ CHRISTMAS,대중음악,서울,소셜베뉴 라움,0.4831,1,400.0,400.0,0.0,0.0,2,0.2552017612156684,0.41026830465681363,0.9527017830406969,30.857261933345793,36.8572619333458,0.45344506517690875,True
제1회 대구 중구 구립어린이합창단 정기연주회,서양음악(클래식),영남,봉산문화회관,0.7052,1,299.0,299.0,0.0,0.0,2,0.41545627835798854,0.35994457107197686,0.9527017830406969,39.22919956846874,36.832031394466185,0.3501984126984127,True
거울초상화 [안양],무용(서양/한국무용),경인,안양아트센터,0.7853,1,300.0,300.0,0.0,0.0,5,0.4793406180363519,0.36152271181921314,0.9527017830406969,42.81941930393592,36.81941930393592,0.3502347417840376,True
"제주체임버오케스트라, 청소년 협주곡 음악회 [서귀포]",서양음악(클래식),제주,김정문화회관,0.7455,1,246.0,246.0,0.0,0.0,7,0.451579993019572,0.3326472762632627,0.9527017830406969,39.96082117858721,36.777261072995856,0.38461538461538464,True
"단단단 페스티벌, 연희 in 강원",한국음악(국악),기타,강릉단오제전수교육관 (구. 단오문화관),0.6291,1,285.0,285.0,0.0,0.0,5,0.3558407388514511,0.3511650012516061,0.9527017830406969,35.39630190105756,36.75059185405438,0.379746835443038,True
여행스케치 힐링 콘서트,대중음악,영남,신세계 문화홀 8층 [대구],0.6933,1,312.0,312.0,0.0,0.0,10,0.4044889521303729,0.3712548856970575,0.9527017830406969,39.08524778507332,36.68807961107077,0.3492063492063492,True
CONNECT [강릉],한국음악(국악),기타,강릉단오제전수교육관 (구. 단오문화관),0.6269,1,284.0,284.0,0.0,0.0,5,0.35405536016323463,0.35041307599262167,0.9527017830406969,35.25939253340584,36.61368248640265,0.36075949367088606,True
"단단단 페스티벌, 박인선 쇼 [강릉]",한국음악(국악),기타,강릉단오제전수교육관 (구. 단오문화관),0.6269,1,284.0,284.0,0.0,0.0,5,0.35405536016323463,0.35041307599262167,0.9527017830406969,35.25939253340584,36.61368248640265,0.36075949367088606,True
"단단단 페스티벌, 음마갱깽",한국음악(국악),기타,강릉단오제전수교육관 (구. 단오문화관),0.6269,1,284.0,284.0,0.0,0.0,5,0.35405536016323463,0.35041307599262167,0.9527017830406969,35.25939253340584,36.61368248640265,0.36075949367088606,True
"단단단 페스티벌, 위뮤의 여섯거리",한국음악(국악),기타,강릉단오제전수교육관 (구. 단오문화관),0.6269,1,284.0,284.0,0.0,0.0,5,0.35405536016323463,0.35041307599262167,0.9527017830406969,35.25939253340584,36.61368248640265,0.36075949367088606,True
"단단단 페스티벌, 영감",한국음악(국악),기타,강릉단오제전수교육관 (구. 단오문화관),0.6269,1,284.0,284.0,0.0,0.0,5,0.35405536016323463,0.35041307599262167,0.9527017830406969,35.25939253340584,36.61368248640265,0.36075949367088606,True
제22회 정금란무용제,무용(서양/한국무용),경인,성남아트센터,0.7857,1,297.0,297.0,0.0,0.0,7,0.47956882433484577,0.35653860503915225,0.9527017830406969,42.59446719358853,36.59446719358853,0.3488262910798122,True
제26회 성남 창작무용제,무용(서양/한국무용),경인,성남아트센터,0.7857,1,297.0,297.0,0.0,0.0,7,0.47956882433484577,0.35653860503915225,0.9527017830406969,42.59446719358853,36.59446719358853,0.3488262910798122,True
"아스토르 피아졸라, 씨네를 만나다 [천안]",서양음악(클래식),충청,천안예술의전당,0.7088,1,314.0,314.0,0.0,0.0,3,0.41789942814186376,0.37197479750630913,0.9527017830406969,39.88857048970472,36.53239885311262,0.36574074074074076,True
홍기쁨 앙상블의 영화음악으로 떠나는 세계여행,서양음악(클래식),영남,안동문화예술의전당,0.7428,1,205.0,205.0,0.0,0.0,7,0.44996912503020375,0.3131192244120906,0.9527017830406969,38.921854269998455,36.524686095995904,0.3482142857142857,True
놀부전 [창녕],서양음악(클래식),영남,창녕문화예술회관,0.6774,1,336.0,336.0,0.0,0.0,5,0.39425994039788437,0.38025318010559334,0.9527017830406969,38.859636433566685,36.46246825956413,0.3472222222222222,True
"제37회 성남문화예술제 음악제, 가을음악회",서양음악(클래식),경인,성남아트센터,0.6624,1,730.0,730.0,0.0,0.0,7,0.381399844282761,0.4978411828107401,0.9527017830406969,42.42917963160417,36.42917963160417,0.3474178403755869,True
제4회 세종시립청소년교향악단 정기연주회,서양음악(클래식),충청,세종예술의전당,0.62,1,664.0,664.0,0.0,0.0,1,0.3466856391118748,0.4890195401923614,0.9527017830406969,39.78249312868977,36.42632149209767,0.3611111111111111,True
"남양주시립합창단, 클래식 세계여행: 슈만과 멘델스존",서양음악(클래식),경인,와부읍주민자치센터,0.6116,2,500.0,250.0,0.0,0.0,3,0.3413563508470481,0.5854479321186187,0.9527017830406969,42.3565035638181,36.3565035638181,0.3464788732394366,True
남양주시립합창단 기획연주회: 칸티아모 (2.9),서양음악(클래식),경인,와부읍주민자치센터,0.8333,1,200.0,200.0,0.0,0.0,3,0.5230622600477891,0.30856354391352186,0.9527017830406969,42.351605358103285,36.351605358103285,0.3455399061032864,True
제10회 당진예당 시민오케스트라 정기연주회,서양음악(클래식),충청,당진문예의전당,0.6214,1,622.0,622.0,0.0,0.0,5,0.3490482454962816,0.48048012227610437,0.9527017830406969,39.664450836978624,36.30827920038652,0.35648148148148145,True
제3회 충주시 청소년 오케스트라 정기연주회,서양음악(클래식),충청,충주시문화회관,0.6333,1,563.0,563.0,0.0,0.0,1,0.3582570408355035,0.46149719979820725,0.9527017830406969,39.64463910389004,36.28846746729794,0.35185185185185186,True
부산학생예술문화회관 교직원 초청 공연: 신년음악회 with 부산네오필하모닉오케스트라,서양음악(클래식),영남,부산학생예술문화회관,0.6026,1,602.0,602.0,0.0,0.0,5,0.33634923618009505,0.47531948274275837,0.9527017830406969,38.625001900402765,36.22783372640021,0.3462301587301587,True
당진챔버오케스트라 겨울 콘서트,서양음악(클래식),충청,당진문예의전당,0.6204,1,621.0,621.0,0.0,0.0,5,0.3472494429081537,0.4802532074079561,0.9527017830406969,39.534208121263525,36.17803648467142,0.3425925925925926,True
제35회 당진시립합창단 정기연주회,서양음악(클래식),충청,당진문예의전당,0.6204,1,621.0,621.0,0.0,0.0,5,0.3472494429081537,0.4802532074079561,0.9527017830406969,39.534208121263525,36.17803648467142,0.3425925925925926,True
제12회 당진시민오케스트라 정기연주회: 오케스트라와 함께하는 선율 위의 춤 [당진],서양음악(클래식),충청,당진문예의전당,0.6204,1,621.0,621.0,0.0,0.0,5,0.3472494429081537,0.4802532074079561,0.9527017830406969,39.534208121263525,36.17803648467142,0.3425925925925926,True
"고전오페라산책, 리골레토 [안동]",서양음악(클래식),영남,안동문화예술의전당,0.6036,1,600.0,600.0,0.0,0.0,7,0.33702043117566516,0.47210999841340395,0.9527017830406969,38.56657013178765,36.1694019577851,0.34523809523809523,True
제35회 안산시여성합창단 정기연주회: 그대와 영원히,서양음악(클래식),경인,안산문화예술의전당,0.6357,1,1000.0,1000.0,0.0,0.0,6,0.3598544849249604,0.5346319947191684,0.9527017830406969,42.15976000229929,36.15976000229929,0.34413145539906104,True
제6회 띠엠뽀 코럴 정기연주회: 꿀포츠 김성록과 함께 희망을,서양음악(클래식),경인,안산문화예술의전당,0.6357,1,1000.0,1000.0,0.0,0.0,6,0.3598544849249604,0.5346319947191684,0.9527017830406969,42.15976000229929,36.15976000229929,0.34413145539906104,True
"제14회 김해가야금축제, 신진전 민정민의 가야금병창: 오늘",한국음악(국악),영남,김해문화의전당,0.6611,1,357.0,357.0,0.0,0.0,8,0.3805272907885199,0.3930993586983757,0.9527017830406969,38.55071342607405,36.153545252071495,0.34424603174603174,True
Adieu 2023 함께 걸어온 충주,서양음악(클래식),충청,충주시문화회관,0.6299,1,560.0,560.0,0.0,0.0,1,0.356337423148173,0.46100034561217595,0.9527017830406969,39.500024176014264,36.14385253942216,0.33101851851851855,True
포스포네 뮤지컬 스토리텔링 콘서트,뮤지컬,충청,충주시문화회관,0.6299,1,560.0,560.0,0.0,0.0,1,0.356337423148173,0.46100034561217595,0.9527017830406969,39.500024176014264,36.14385253942216,0.33101851851851855,True
"셰익스피어 리어왕 덧대어 쓰기, 와르르",연극,서울,연극실험실 혜화동1번지,0.41144,5,144.0,28.8,0.0,0.0,0,0.21225870539909256,0.5089733792514857,0.9527017830406969,30.11600314908978,36.11600314908978,0.45251396648044695,True
"제2회 당진시충남합창단 기획연주, 국내 유명작곡가 초정: 가을의 향기 Volume.3",서양음악(클래식),충청,당진문예의전당,0.6184,1,619.0,619.0,0.0,0.0,5,0.345625151018874,0.4795591748436362,0.9527017830406969,39.400350453074616,36.044178816482514,0.32407407407407407,True
열정 NO.1 춤 페스티벌,무용(서양/한국무용),경인,파주운정행복센터,0.722,1,387.0,387.0,0.0,0.0,9,0.43073267645716434,0.40485915305006115,0.9527017830406969,42.01905458587005,36.01905458587005,0.3427230046948357,True
"꿈의 무용단 김해, 토더기와 탄소마왕의 이야기 [김해]",무용(서양/한국무용),영남,김해문화의전당,0.6574,1,355.0,355.0,0.0,0.0,8,0.37804386930491046,0.3924258527936594,0.9527017830406969,38.373230644986144,35.97606247098359,0.33978174603174605,True
"낭독을 보다, 오아시스 세탁소 습격사건",연극,영남,김해문화의전당,0.6574,1,355.0,355.0,0.0,0.0,8,0.37804386930491046,0.3924258527936594,0.9527017830406969,38.373230644986144,35.97606247098359,0.33978174603174605,True
"낭독을 보다, 세상에서 가장 아름다운 이별",연극,영남,김해문화의전당,0.6574,1,355.0,355.0,0.0,0.0,8,0.37804386930491046,0.3924258527936594,0.9527017830406969,38.373230644986144,35.97606247098359,0.33978174603174605,True
"디아나의 리드믹 공감 콘서트, 12음 따라 흐르는 몸짓 [김해]",서양음악(클래식),영남,김해문화의전당,0.6574,1,355.0,355.0,0.0,0.0,8,0.37804386930491046,0.3924258527936594,0.9527017830406969,38.373230644986144,35.97606247098359,0.33978174603174605,True
"낭독을 보다, 일용할 양식: 원미동 사람들 中",연극,영남,김해문화의전당,0.6574,1,355.0,355.0,0.0,0.0,8,0.37804386930491046,0.3924258527936594,0.9527017830406969,38.373230644986144,35.97606247098359,0.33978174603174605,True
"이음오페라단 창작음악극, 외톨바위는 어디에서 왔을까? With 모차르트 [김해]",서양음악(클래식),영남,김해문화의전당,0.6574,1,355.0,355.0,0.0,0.0,8,0.37804386930491046,0.3924258527936594,0.9527017830406969,38.373230644986144,35.97606247098359,0.33978174603174605,True
"낭독을 보다, 소나기",연극,영남,김해문화의전당,0.6574,1,355.0,355.0,0.0,0.0,8,0.37804386930491046,0.3924258527936594,0.9527017830406969,38.373230644986144,35.97606247098359,0.33978174603174605,True
피아노로 듣는 민화 [김해],서양음악(클래식),영남,김해문화의전당,0.6574,1,355.0,355.0,0.0,0.0,8,0.37804386930491046,0.3924258527936594,0.9527017830406969,38.373230644986144,35.97606247098359,0.33978174603174605,True
"제15회 대구 베누스토 윈드오케스트라 정기연주회, 대구 시민과 함께 즐기는 행복한 음악회",서양음악(클래식),영남,아양아트센터,0.5923,1,658.0,658.0,0.0,0.0,6,0.3265900609445056,0.48778734521736666,0.9527017830406969,38.343697513459865,35.946529339457314,0.3353174603174603,True
"평화의별, 통일의 강: 인동초 사랑 [목포]",서양음악(클래식),호남,목포시민문화체육센터,0.459,1,554.0,554.0,0.0,0.0,6,0.23967030901817596,0.4595183811541744,0.9527017830406969,31.094938113517028,35.92934843385747,0.3770053475935829,True
국상현의 트롯쇼,대중음악,영남,신세계 문화홀 8층 [대구],0.53335,2,480.0,240.0,0.0,0.0,10,0.2915805299755685,0.5773862181037897,0.9527017830406969,38.321427450035344,35.92425927603279,0.3343253968253968,True
"Save Earth, Save Us",서양음악(클래식),경인,연수아트홀,0.7595,1,300.0,300.0,0.0,0.0,1,0.46170161355276934,0.36152271181921314,0.9527017830406969,41.866925517450895,35.866925517450895,0.34178403755868547,True
박학기 추억의 포크송,대중음악,영남,신세계 문화홀 8층 [대구],0.6756,1,304.0,304.0,0.0,0.0,10,0.3931323328053266,0.36697577148593674,0.9527017830406969,38.245312593491185,35.848144419488634,0.3333333333333333,True
오리지널 과학마술콘서트 [청송],서커스/마술,영남,청송문화예술회관,0.6923,1,288.0,288.0,0.0,0.0,1,0.40396542003382824,0.35228475834279943,0.9527017830406969,38.2440657194788,35.846897545476246,0.3323412698412698,True
"남양주시립합창단, 칸티아모",서양음악(클래식),경인,다산아트홀,0.7258,1,360.0,360.0,0.0,0.0,2,0.4353370741267753,0.3940258116308448,0.9527017830406969,41.83167564117805,35.83167564117805,0.33661971830985915,True
"남양주시립합창단, 클래식 세계여행: 메시아",서양음악(클래식),경인,다산아트홀,0.7258,1,360.0,360.0,0.0,0.0,2,0.4353370741267753,0.3940258116308448,0.9527017830406969,41.83167564117805,35.83167564117805,0.33661971830985915,True
"남양주시립합창단, 클래식 세계여행: 살리에리와 하이든",서양음악(클래식),경인,다산아트홀,0.7258,1,360.0,360.0,0.0,0.0,3,0.4353370741267753,0.3940258116308448,0.9527017830406969,41.83167564117805,35.83167564117805,0.33661971830985915,True
"남양주시립합창단, 클래식 세계여행: 시 낭송과 함께하는 한국 가곡의 향연",서양음악(클래식),경인,다산아트홀,0.7258,1,360.0,360.0,0.0,0.0,3,0.4353370741267753,0.3940258116308448,0.9527017830406969,41.83167564117805,35.83167564117805,0.33661971830985915,True
"남양주시립합창단, 클래식 세계여행: 흑인영가 / 한국합창",서양음악(클래식),경인,다산아트홀,0.7258,1,360.0,360.0,0.0,0.0,3,0.4353370741267753,0.3940258116308448,0.9527017830406969,41.83167564117805,35.83167564117805,0.33661971830985915,True
"남양주시립합창단, 클래식 세계여행: 모차르트 대관식 미사 그리고 슈베르트, 비발디",서양음악(클래식),경인,다산아트홀,0.7258,1,360.0,360.0,0.0,0.0,3,0.4353370741267753,0.3940258116308448,0.9527017830406969,41.83167564117805,35.83167564117805,0.33661971830985915,True
"남양주시립합창단, 클래식 세계여행: 장엄미사",서양음악(클래식),경인,다산아트홀,0.7258,1,360.0,360.0,0.0,0.0,3,0.4353370741267753,0.3940258116308448,0.9527017830406969,41.83167564117805,35.83167564117805,0.33661971830985915,True
"남양주시립합창단, 클래식 세계여행: 천지창조",서양음악(클래식),경인,다산아트홀,0.7258,1,360.0,360.0,0.0,0.0,3,0.4353370741267753,0.3940258116308448,0.9527017830406969,41.83167564117805,35.83167564117805,0.33661971830985915,True
"남양주시립합창단, 해설이 있는 음악회",서양음악(클래식),경인,다산아트홀,0.7258,1,360.0,360.0,0.0,0.0,3,0.4353370741267753,0.3940258116308448,0.9527017830406969,41.83167564117805,35.83167564117805,0.33661971830985915,True
"남양주시립합창단, 클래식 세계여행: 아름다운 Waltz",서양음악(클래식),경인,다산아트홀,0.7258,1,360.0,360.0,0.0,0.0,3,0.4353370741267753,0.3940258116308448,0.9527017830406969,41.83167564117805,35.83167564117805,0.33661971830985915,True
필운대풍류 [부안],한국음악(국악),호남,부안예술회관,0.5331,1,266.0,266.0,0.0,0.0,1,0.2903589550836309,0.34183219686557614,0.9527017830406969,30.994620368374974,35.82903068871541,0.37433155080213903,True
열 번째 봄 [서울 금천],연극,서울,금천뮤지컬센터,0.5939,1,117.0,117.0,0.0,0.0,3,0.3273686471393669,0.2594033732746697,0.9527017830406969,29.827200799626873,35.82720079962687,0.4515828677839851,True
음악협회와 함께하는 재밌는 음악회 [당진],서양음악(클래식),충청,당진문예의전당,0.6134,1,614.0,614.0,0.0,0.0,5,0.3426316213386313,0.47777767051792847,0.9527017830406969,39.1369343947254,35.7807627581333,0.3194444444444444,True
"KNSO 국제지휘콩쿠르, 결선",서양음악(클래식),서울,예술의전당 [서울],0.3992,1,1000.0,1000.0,0.0,0.0,10,0.20139877037076812,0.5346319947191684,0.9527017830406969,29.761585711737055,35.761585711737055,0.4506517690875233,True
경북대학교 신년음악회 [대구],뮤지컬,영남,경북대학교,0.5531,1,1016.0,1016.0,0.0,0.0,8,0.302843182001235,0.5396819806352947,0.9527017830406969,38.15802142420302,35.76085325020047,0.33134920634920634,True
제5회 태안예술가곡제: 태안에서 온 가을편지,서양음악(클래식),충청,태안군문화예술회관,0.5182,2,712.0,356.0,0.0,0.0,3,0.2814589094423712,0.6404148735387294,0.9527017830406969,39.10511471853091,35.74894308193881,0.3148148148148148,True
제34회 광주음악제: 지구를 위한 그린플러그드 음악제,서양음악(클래식),호남,국립아시아문화전당,0.5293,1,271.0,271.0,0.0,0.0,6,0.2880634681987811,0.3436196824814121,0.9527017830406969,30.911787837497357,35.746198157837796,0.3716577540106952,True
"SAC ON SCREEN, 증발 Into Thin Air",무용(서양/한국무용),영남,김해서부문화센터,0.6295,1,435.0,435.0,0.0,0.0,5,0.35601524955029934,0.42280916600181606,0.9527017830406969,38.13633185222115,35.739163678218596,0.3288690476190476,True
"삭온스크린, 양손프로젝트 단편선 레파토리展: Part2. 운수 좋은 날&전원비화&태형",연극,영남,김해서부문화센터,0.6295,1,435.0,435.0,0.0,0.0,5,0.35601524955029934,0.42280916600181606,0.9527017830406969,38.13633185222115,35.739163678218596,0.3288690476190476,True
"삭온스크린, 봉장취 [김해]",뮤지컬,영남,김해서부문화센터,0.6295,1,435.0,435.0,0.0,0.0,5,0.35601524955029934,0.42280916600181606,0.9527017830406969,38.13633185222115,35.739163678218596,0.3288690476190476,True
"삭온스크린, 양손프로젝트 단편선 레파토리展: Part1. 황금풍경&그립은 흘긴 눈&29호 침대",연극,영남,김해서부문화센터,0.6295,1,435.0,435.0,0.0,0.0,5,0.35601524955029934,0.42280916600181606,0.9527017830406969,38.13633185222115,35.739163678218596,0.3288690476190476,True
베르디 레퀴엠,서양음악(클래식),제주,제주아트센터,0.5997,1,710.0,710.0,0.0,0.0,6,0.3313823932128762,0.4954480414853084,0.9527017830406969,38.92215738491921,35.738597279327855,0.37362637362637363,True
강릉 청소년 오케스트라 페스티벌,서양음악(클래식),기타,강릉아트센터(구. 강릉문화예술관),0.5278,1,513.0,513.0,0.0,0.0,7,0.28721776250436276,0.4503834008973421,0.9527017830406969,34.38426356685514,35.738553519851955,0.34177215189873417,True
클래식! 가을에 물들다 [광주],서양음악(클래식),호남,서빛마루문화예술회관,0.5741,1,186.0,186.0,0.0,0.0,0,0.3157435498160926,0.298169028045636,0.9527017830406969,30.859273976638598,35.693684296979036,0.3689839572192513,True
산타서비스,연극,서울,설렘아트홀,0.4808,2,50.0,25.0,0.0,0.0,1,0.25376540392514835,0.37479338104360704,0.9527017830406969,29.660346032610423,35.66034603261042,0.44972067039106145,True
창원문화재단 신인음악회,서양음악(클래식),영남,성산아트홀,0.6608,1,337.0,337.0,0.0,0.0,2,0.38031250838993746,0.380783560056394,0.9527017830406969,38.050085908988706,35.652917734986154,0.3263888888888889,True
앙금당실 토별가 [양산],연극,영남,양산문화예술회관,0.6156,1,490.0,490.0,0.0,0.0,5,0.34430960882755657,0.43969367819680516,0.9527017830406969,37.96903630072663,35.57186812672408,0.3244047619047619,True
패랭이꽃의 저항,연극,영남,양산문화예술회관,0.6156,1,490.0,490.0,0.0,0.0,5,0.34430960882755657,0.43969367819680516,0.9527017830406969,37.96903630072663,35.57186812672408,0.3244047619047619,True
오랜친구 이야기 [양산],연극,영남,양산문화예술회관,0.6156,1,490.0,490.0,0.0,0.0,5,0.34430960882755657,0.43969367819680516,0.9527017830406969,37.96903630072663,35.57186812672408,0.3244047619047619,True
"영남대학교 예술대학 음악학부 국악전공, 전통음악연주회",한국음악(국악),영남,봉산문화회관,0.684,1,290.0,290.0,0.0,0.0,2,0.3982871103713051,0.3532173285054332,0.9527017830406969,37.960729662344185,35.563561488341634,0.3219246031746032,True
제2회 성인주간활동서비스 정기연주회 [대구],서양음악(클래식),영남,봉산문화회관,0.684,1,290.0,290.0,0.0,0.0,2,0.3982871103713051,0.3532173285054332,0.9527017830406969,37.960729662344185,35.563561488341634,0.3219246031746032,True
"제27회 서울시민교향악단 정기연주회, 봄 그리고 왈츠",서양음악(클래식),경인,성남아트센터,0.6461,1,712.0,712.0,0.0,0.0,7,0.3694928450613472,0.49575089483779705,0.9527017830406969,41.55937642008418,35.55937642008418,0.33098591549295775,True
제22회 성남윈드오케스트라 정기 연주회,서양음악(클래식),경인,성남아트센터,0.6461,1,712.0,712.0,0.0,0.0,7,0.3694928450613472,0.49575089483779705,0.9527017830406969,41.55937642008418,35.55937642008418,0.33098591549295775,True
"제39회 당진시립합창단 기획연주회, 봄바람",서양음악(클래식),충청,당진문예의전당,0.6084,1,609.0,609.0,0.0,0.0,5,0.3394233092598062,0.4768693313451534,0.9527017830406969,38.8870282082474,35.5308565716553,0.3101851851851852,True
버려진 천개의 혀: 망자를 위한 진혼곡,연극,서울,스페이스T (SPACE T)(경계없는예술센터),0.625,1,80.0,80.0,0.0,0.0,0,0.35220286197546113,0.22664559294966885,0.9527017830406969,29.526681534914808,35.52668153491481,0.44878957169459965,True
"D. FESTA 소극장축제, 안녕 피터 [대전]",연극,충청,소극장 마당 [대전],0.9091,1,50.0,50.0,0.0,0.0,0,0.6062233199989261,0.1994745845049966,0.9527017830406969,38.86284682376214,35.50667518717004,0.3055555555555556,True
"아르코 댄스 & 커넥션, 이해니: Pan & Opticon",무용(서양/한국무용),서울,아르코예술극장,0.4545,2,100.0,50.0,0.0,0.0,2,0.23713319193492094,0.4086136538266876,0.9527017830406969,29.47953019870721,35.47953019870721,0.4478584729981378,True
생텍쥐페리 [울산],뮤지컬,영남,울산광역시학생교육문화회관,0.6232,1,440.0,440.0,0.0,0.0,2,0.3503235159878648,0.424856820370497,0.9527017830406969,37.842394808817886,35.445226634815334,0.32043650793650796,True
"제2회 당진시 충남합창단 정기연주회, 송년음악회: Winter Festa",서양음악(클래식),충청,당진문예의전당,0.6064,1,607.0,607.0,0.0,0.0,5,0.33821515826778,0.4764837256033413,0.9527017830406969,38.79136568326204,35.43519404666994,0.30092592592592593,True
천상의 소리 로맨틱 하프 [안동],서양음악(클래식),영남,안동문화예술의전당,0.7246,1,200.0,200.0,0.0,0.0,7,0.4329073482428115,0.30856354391352186,0.9527017830406969,37.8072265879605,35.41005841395795,0.3194444444444444,True
"Harz 창단연주회, For strings",서양음악(클래식),경인,부천아트센터,0.7895,1,240.0,240.0,0.0,0.0,0,0.48189115901951834,0.32948130914840684,0.9527017830406969,41.39059679245436,35.39059679245436,0.3295774647887324,True
"경기도무용단, 찬연 [공주]",무용(서양/한국무용),충청,공주문예회관,0.6471,1,407.0,407.0,0.0,0.0,5,0.37028485515612,0.4139834621569826,0.9527017830406969,38.718165031305986,35.361993394713885,0.2962962962962963,True
"스크린바캉스Ⅱ, 영상화 호두까기 인형",무용(서양/한국무용),영남,봉산문화회관,0.8625,1,69.0,69.0,0.0,0.0,2,0.551426960560582,0.21391931175363543,0.9527017830406969,37.756592669698136,35.359424495695585,0.31845238095238093,True
강원도립국악관현악단 실내악시리즈 Ⅱ [춘천],한국음악(국악),기타,축제극장 몸짓,0.7258,1,90.0,90.0,0.0,0.0,2,0.4353370741267753,0.23417529587620511,0.9527017830406969,33.971273161969364,35.32556311496618,0.33544303797468356,True
제29회 서울시민교향악단 봄 정기연주회,서양음악(클래식),경인,성남아트센터,0.6407,1,706.0,706.0,0.0,0.0,7,0.36624426128278786,0.49494884236938574,0.9527017830406969,41.31298945684705,35.31298945684705,0.3286384976525822,True
코리아로얄오케스트라와 함께하는 힐링콘서트,서양음악(클래식),경인,성남아트리움 (구. 성남시민회관),0.693,1,447.0,447.0,0.0,0.0,10,0.4043412892313475,0.4266716465509196,0.9527017830406969,41.312965317915165,35.312965317915165,0.3276995305164319,True
한여름밤의 뮤지컬 이야기 [광주],뮤지컬,호남,서빛마루문화예술회관,0.5648,1,183.0,183.0,0.0,0.0,0,0.3100383923537466,0.2965703266180509,0.9527017830406969,30.457928578415476,35.292338898755915,0.3663101604278075,True
제3회 천안태조산 젊은연극제,연극,충청,JB소극장,0.5556,5,250.0,50.0,0.0,0.0,0,0.3051252449861734,0.5509494008184882,0.9527017830406969,38.648404572489085,35.29223293589698,0.2916666666666667,True
한국가곡 대축제 in 강릉: 불후의 가곡 [강릉],서양음악(클래식),기타,강릉아트센터(구. 강릉문화예술관),0.5195,1,505.0,505.0,0.0,0.0,7,0.2820629849383843,0.4473417152811441,0.9527017830406969,33.920591593681095,35.27488154667791,0.3291139240506329,True
제1회 당진시충남합창단 정기연주회: 호국보훈의달 기념 포레레퀴엠,서양음악(클래식),충청,당진문예의전당,0.6024,1,603.0,603.0,0.0,0.0,5,0.33620157328106964,0.47551582850619223,0.9527017830406969,38.62120643688386,35.26503480029176,0.28703703703703703,True
"제6회 꿈이음아트 경수중학교 딴따라 정기공연, 하나 아니면 둘 [안산]",연극,경인,보노마루,0.6404,2,260.0,130.0,0.0,0.0,1,0.36602947888420545,0.493673238281525,0.9527017830406969,41.255843612610455,35.255843612610455,0.3267605633802817,True
"영도에서 떠나는 유럽예술여행 Ⅳ, 토요렉처콘서트:꿈",서양음악(클래식),영남,영도문화예술회관,0.6752,1,289.0,289.0,0.0,0.0,3,0.3929309743066556,0.35269218217456066,0.9527017830406969,37.63120214967717,35.23403397567462,0.31746031746031744,True
유리상자 박승화의 가요속으로,대중음악,영남,신세계 문화홀 8층 [대구],0.6667,1,300.0,300.0,0.0,0.0,10,0.3854135903562703,0.36152271181921314,0.9527017830406969,37.56734032309951,35.170172149096956,0.3159722222222222,True
남궁옥분 감성 콘서트 [대구],대중음악,영남,신세계 문화홀 8층 [대구],0.6667,1,300.0,300.0,0.0,0.0,10,0.3854135903562703,0.36152271181921314,0.9527017830406969,37.56734032309951,35.170172149096956,0.3159722222222222,True
제5회 고령세계 현페스티벌,한국음악(국악),영남,경북고령대가야문화누리 (구. 대가야국악당),0.627,1,400.0,400.0,0.0,0.0,4,0.35418959916234866,0.41026830465681363,0.9527017830406969,37.56372643511626,35.16655826111371,0.314484126984127,True
최찬양 정다솔 듀오 리사이틀,서양음악(클래식),서울,꿈의숲아트센터,0.5382,1,162.0,162.0,0.0,0.0,8,0.2940236797594437,0.2878802380758596,0.9527017830406969,29.155072545984368,35.15507254598437,0.44692737430167595,True
"제32회 대한민국 신춘문예 페스티벌 기획초청작, 바람의 전화",연극,서울,선돌극장,0.6154,1,80.0,80.0,0.0,0.0,1,0.3437995006309233,0.22664559294966885,0.9527017830406969,29.101947735672418,35.10194773567242,0.44553072625698326,True
사명,연극,서울,대학로 스카이씨어터,0.6154,1,80.0,80.0,0.0,0.0,0,0.3437995006309233,0.22664559294966885,0.9527017830406969,29.101947735672418,35.10194773567242,0.44553072625698326,True
"오픈시어터, 무대 속으로 [대전]",뮤지컬,충청,대전예술의전당,0.4534,3,2103.0,701.0,0.0,0.0,7,0.23613982334147718,0.799191581542593,0.9527017830406969,38.45580444040594,35.09963280381384,0.2800925925925926,True
"오픈시어터, 무대 속으로 [대전]",연극,충청,대전예술의전당,0.4534,3,2103.0,701.0,0.0,0.0,7,0.23613982334147718,0.799191581542593,0.9527017830406969,38.45580444040594,35.09963280381384,0.2800925925925926,True
"제32회 젊은연극제, 진범",연극,서울,공간아울,0.39923333,3,206.0,68.67,0.0,0.0,2,0.2014390420705023,0.5032445484250243,0.9527017830406969,29.053457310359004,35.05345731035901,0.4441340782122905,True
"두산아트랩, 할머니의 언어사전",연극,서울,두산아트센터,0.3733,3,336.0,112.0,0.0,0.0,1,0.1864713936692888,0.5618927812301384,0.9527017830406969,28.988698081334046,34.98869808133405,0.44320297951582865,True
이상한 쉼터의 도망자 [안산],연극,경인,안산문화예술의전당,0.6643,2,186.0,93.0,0.0,0.0,6,0.3824066367761162,0.4547802776677162,0.9527017830406969,40.986034527915,34.986034527915,0.32582159624413143,True
"제41회 제물포예술제, 원더풀 라이프!",연극,경인,인천수봉문화회관,0.85,1,136.0,136.0,0.0,0.0,4,0.5387950707439525,0.2715564199594772,0.9527017830406969,40.96360768075814,34.96360768075814,0.3248826291079812,True
BPS 챔버오케스트라와 BPS 청소년오케스트라,서양음악(클래식),경인,성남아트리움 (구. 성남시민회관),0.6853,1,442.0,442.0,0.0,0.0,10,0.3989314575670524,0.4255013544301902,0.9527017830406969,40.93542927092879,34.93542927092879,0.323943661971831,True
"한국경제인협회, 퓨처 리더스 캠프 기념연주 [강릉]",서양음악(클래식),기타,강릉아트센터 (구. 강릉문화예술관),0.5134,1,499.0,499.0,0.0,0.0,7,0.27833114076301446,0.44310652610463097,0.9527017830406969,33.52280403639523,34.877093989392044,0.3227848101265823,True
제23회 성남윈드 오케스트라 정기 연주회,서양음악(클래식),경인,성남아트센터,0.6352,1,700.0,700.0,0.0,0.0,7,0.35946519182752973,0.4939662809373614,0.9527017830406969,40.82000252510674,34.82000252510674,0.32300469483568073,True
"ASEAN-KOREA MUSIC FESTIVAL, ROUND IN KOREA [부산]",대중음악,영남,KBS홀 [부산],0.409275,4,4661.0,1165.25,0.0,0.0,0,0.21097001100759794,0.8718967544171943,0.9527017830406969,37.215037396029835,34.817869222027284,0.3134920634920635,True
제18회 인천중구여성합창단 정기연주회 [인천],서양음악(클래식),경인,인천중구문화회관,0.6834,1,436.0,436.0,0.0,0.0,2,0.39801863237307705,0.42308165415964494,0.9527017830406969,40.78605676419532,34.78605676419532,0.3220657276995305,True
지역사회와 주민을 위한 힐링콘서트: WHY WE SING 우리가 노래하는 이유,서양음악(클래식),경인,안산문화예술의전당,0.6704,1,480.0,480.0,0.0,0.0,6,0.3897629339275646,0.43613459476033584,0.9527017830406969,40.76885704685684,34.76885704685684,0.3211267605633803,True
"월간문화살롱, 국악아카펠라 토리스",한국음악(국악),경인,파주운정행복센터,0.7015,1,376.0,376.0,0.0,0.0,9,0.4121942706795178,0.4006760112181206,0.9527017830406969,40.75477569806924,34.75477569806924,0.31971830985915495,True
"월간문화살롱 #4, 성기문 블루스올스타즈 [파주]",대중음악,경인,파주운정행복센터,0.7015,1,376.0,376.0,0.0,0.0,9,0.4121942706795178,0.4006760112181206,0.9527017830406969,40.75477569806924,34.75477569806924,0.31971830985915495,True
다다름 행복 콘서트 [대구],대중음악,영남,대구학생문화센터,0.7673,1,122.0,122.0,0.0,0.0,2,0.4663328590222031,0.2637894708649726,0.9527017830406969,37.129627610817394,34.73245943681484,0.3125,True
제37회 별망성 전국음협콩쿨 수상자음악회,서양음악(클래식),경인,안산문화예술의전당,0.8571,1,120.0,120.0,0.0,0.0,6,0.5454130534002738,0.2618296665655069,0.9527017830406969,40.66706760463422,34.66706760463422,0.3183098591549296,True
入出 [충주],한국음악(국악),충청,충주시문화회관,0.49155,2,874.0,437.0,0.0,0.0,1,0.2607189840792547,0.6664591070056985,0.9527017830406969,37.95010622530025,34.59393458870815,0.27314814814814814,True
"제40회 당진시립합창단 기획연주회, 가을의향기 Vol.2: Signature 시그니처",서양음악(클래식),충청,당진문예의전당,0.5964,1,597.0,597.0,0.0,0.0,5,0.3295701667248369,0.4687700473852089,0.9527017830406969,37.94483569914547,34.58866406255337,0.26851851851851855,True
"착한광대 강제환생 프로젝트, 환생전 [공주]",한국음악(국악),충청,공주문예회관,0.6359,1,400.0,400.0,0.0,0.0,5,0.36017665852283404,0.41026830465681363,0.9527017830406969,37.94342457843109,34.58725294183899,0.2638888888888889,True
"CONNECT 2023, 연희(演戲) & hip-hop",한국음악(국악),기타,강릉단오제전수교육관(구. 단오문화관),0.5916,1,268.0,268.0,0.0,0.0,5,0.32565038795070744,0.3423426788615734,0.9527017830406969,33.222734675233376,34.57702462823019,0.3069620253164557,True
"강릉단오제콘텐츠 기획공연, 강릉단오굿: 수로자",한국음악(국악),기타,강릉단오제전수교육관(구. 단오문화관),0.5916,1,268.0,268.0,0.0,0.0,5,0.32565038795070744,0.3423426788615734,0.9527017830406969,33.222734675233376,34.57702462823019,0.3069620253164557,True
비상,한국음악(국악),기타,강릉단오제전수교육관(구. 단오문화관),0.5916,1,268.0,268.0,0.0,0.0,5,0.32565038795070744,0.3423426788615734,0.9527017830406969,33.222734675233376,34.57702462823019,0.3069620253164557,True
손님네 유랑가다,한국음악(국악),기타,강릉단오제전수교육관(구. 단오문화관),0.5916,1,268.0,268.0,0.0,0.0,5,0.32565038795070744,0.3423426788615734,0.9527017830406969,33.222734675233376,34.57702462823019,0.3069620253164557,True
페인터즈 [울산],뮤지컬,영남,울산광역시학생교육문화회관,0.6076,1,429.0,429.0,0.0,0.0,2,0.33898032056272986,0.42101561415119715,0.9527017830406969,36.967831222563746,34.570663048561194,0.3115079365079365,True
리먼 트릴로지,연극,서울,남산예술센터 드라마센터,0.34813333,3,494.0,164.67,0.0,0.0,0,0.17126211506967004,0.6126095964725942,0.9527017830406969,28.514798054987235,34.51479805498724,0.44227188081936686,True
춤을 잇다 [강릉],무용(서양/한국무용),기타,강릉단오제전수교육관(구. 단오문화관),0.5894,1,267.0,267.0,0.0,0.0,5,0.3247509866566435,0.3421021361834591,0.9527017830406969,33.15832637427574,34.51261632727255,0.2911392405063291,True
"발레로 떠나는 세계여행, Assemble [대구]",무용(서양/한국무용),영남,천마아트센터,0.5294,1,1000.0,1000.0,0.0,0.0,7,0.28822455499771793,0.5346319947191684,0.9527017830406969,36.90290579070772,34.50573761670517,0.310515873015873,True
발레 갈라 마스터피스 [울산],무용(서양/한국무용),영남,울산광역시학생교육문화회관,0.6062,1,428.0,428.0,0.0,0.0,2,0.33813461486831153,0.42062141030929273,0.9527017830406969,36.898637435574564,34.50146926157201,0.3090277777777778,True
앤 ANNE [울산] (12.2),뮤지컬,영남,울산광역시학생교육문화회관,0.6062,1,428.0,428.0,0.0,0.0,2,0.33813461486831153,0.42062141030929273,0.9527017830406969,36.898637435574564,34.50146926157201,0.3090277777777778,True
분실물 센터,무용(서양/한국무용),경인,학산소극장,0.8772,1,100.0,100.0,0.0,0.0,7,0.5654146642682633,0.24540053022817968,0.9527017830406969,40.49211293469013,34.49211293469013,0.3173708920187793,True
"Centrepia 창단연주회: 다시,봄",서양음악(클래식),경인,성남아트센터,0.7407,1,280.0,280.0,0.0,0.0,7,0.4484924960399495,0.34734824690685606,0.9527017830406969,40.491060652063865,34.491060652063865,0.3164319248826291,True
수성 X 경주 청소년오케스트라 Friendship Concert,서양음악(클래식),영남,수성아트피아,0.5574,1,646.0,646.0,0.0,0.0,3,0.30630654817837677,0.48556433056034626,0.9527017830406969,36.82921644190971,34.432048267907156,0.30753968253968256,True
"전통과 현대 그리고 국악, 전통연희 X 퓨전국악 [철원]",한국음악(국악),기타,철원군 화강문화센터,0.6092,1,212.0,212.0,0.0,0.0,6,0.33993341745643946,0.3174859678077355,0.9527017830406969,33.07700129809259,34.431291251089405,0.2848101265822785,True
"공연예술축제 그라제, 베를린 슈타츠카펠레 현악사중주 [광주]",서양음악(클래식),호남,예술의 전당 [광주] (구. 광주문화예술회관),0.4077,1,702.0,702.0,0.0,0.0,8,0.20996321851424277,0.4944561173083552,0.9527017830406969,29.575836352670326,34.41024667301077,0.36363636363636365,True
환생전 [울산],연극,영남,울산광역시학생교육문화회관,0.6034,1,426.0,426.0,0.0,0.0,2,0.33687276827663976,0.4197598168911439,0.9527017830406969,36.78577311845833,34.38860494445578,0.3055555555555556,True
광화문 그 사내 (6.22),뮤지컬,영남,울산광역시학생교육문화회관,0.6034,1,426.0,426.0,0.0,0.0,2,0.33687276827663976,0.4197598168911439,0.9527017830406969,36.78577311845833,34.38860494445578,0.3055555555555556,True
광화문 그 사내 (6.24),뮤지컬,영남,울산광역시학생교육문화회관,0.6034,1,426.0,426.0,0.0,0.0,2,0.33687276827663976,0.4197598168911439,0.9527017830406969,36.78577311845833,34.38860494445578,0.3055555555555556,True
제2회 프라이드 타악기 앙상블 정기연주회,서양음악(클래식),영남,(재)영화의전당,0.591,1,497.0,497.0,0.0,0.0,8,0.3253550621526566,0.4420806683427992,0.9527017830406969,36.78029012090228,34.38312194689973,0.30357142857142855,True
KNUES 정기연주회: How we Express Ourselves,서양음악(클래식),영남,대구콘서트하우스,0.5506,1,707.0,707.0,0.0,0.0,7,0.3017155744086772,0.4950262931687628,0.9527017830406969,36.77984918390453,34.38268100990198,0.30257936507936506,True
예일대 아카펠라 그룹 SOBs의 DMZ 평화콘서트,서양음악(클래식),경인,솔가람아트홀,0.7667,1,230.0,230.0,0.0,0.0,4,0.46586302252530404,0.3248549407600624,0.9527017830406969,40.33023332790051,34.33023332790051,0.3154929577464789,True
제2회 동덕 성악연구회 정기연주회: 사계(俟季),서양음악(클래식),서울,꿈의숲아트센터,0.5183,1,156.0,156.0,0.0,0.0,8,0.2815394528418396,0.2844846713128732,0.9527017830406969,28.271386348423643,34.27138634842365,0.441340782122905,True
"영덕 보엠 앙상블 창단 연주회, 열정",서양음악(클래식),영남,예주문화예술회관,0.7597,1,117.0,117.0,0.0,0.0,4,0.46176873305232635,0.2594033732746697,0.9527017830406969,36.66443201228021,34.26726383827766,0.30158730158730157,True
제1회 당진시충남합창단 기획연주회: 가정의 달 기념 가족음악회,서양음악(클래식),충청,당진문예의전당,0.5894,1,590.0,590.0,0.0,0.0,5,0.3247509866566435,0.467041219108874,0.9527017830406969,37.55539827566484,34.19922663907274,0.25925925925925924,True
장영실과 함께하는 별별 GPT,뮤지컬,경인,광명문화예술교육지원센터 광명극장,0.52433333,3,755.0,251.67,0.0,0.0,1,0.2855800467151717,0.6711070399007907,0.9527017830406969,40.19327865607108,34.19327865607108,0.3145539906103286,True
"제73회 충주시립우륵국악단 정기연주회, 노래하라: CANTAREⅡ",한국음악(국악),충청,충주시문화회관,0.5984,1,532.0,532.0,0.0,0.0,1,0.33049641581872363,0.45429978095614576,0.9527017830406969,37.53505558673819,34.17888395014609,0.25462962962962965,True
미완성의 미학,무용(서양/한국무용),서울,강동아트센터,0.4329,1,368.0,368.0,0.0,0.0,7,0.2232663033264424,0.3974186766392125,0.9527017830406969,28.118569208845372,34.11856920884537,0.4404096834264432,True
제1회 하모닉스중창단 정기연주회,서양음악(클래식),경인,보노마루,0.8079,1,164.0,164.0,0.0,0.0,1,0.4992616855048729,0.28848468737123667,0.9527017830406969,40.09092249637815,34.09092249637815,0.3136150234741784,True
제50회 군포시립소년소녀합창단 정기연주회,서양음악(클래식),경인,군포문화예술회관,0.6208,1,709.0,709.0,0.0,0.0,8,0.34761188820576155,0.4953012621965194,0.9527017830406969,40.05018682744064,34.05018682744064,0.3126760563380282,True
바람이 멈춘 마을 [동해],뮤지컬,기타,동해문화예술회관,0.5491,1,313.0,313.0,0.0,0.0,3,0.30013155421913174,0.3716448244739249,0.9527017830406969,32.691754582717216,34.04604453571403,0.27848101265822783,True
음악화첩: 箕山歷程 기산력뎡 (기산역정) [인천],한국음악(국악),경인,인천중구문화회관,0.6677,1,426.0,426.0,0.0,0.0,2,0.3877493489408543,0.4197598168911439,0.9527017830406969,40.024967786970414,34.024967786970414,0.3117370892018779,True
해설과 함께하는 Do you know Mozart? [울산],서양음악(클래식),영남,울산광역시학생교육문화회관,0.5992,1,423.0,423.0,0.0,0.0,2,0.3310333718151797,0.41855448669060846,0.9527017830406969,36.359999391019656,33.962831217017104,0.30009920634920634,True
잼스틱의 비트팡팡 [울산],대중음악,영남,울산광역시학생교육문화회관,0.5992,1,423.0,423.0,0.0,0.0,2,0.3310333718151797,0.41855448669060846,0.9527017830406969,36.359999391019656,33.962831217017104,0.30009920634920634,True
울토리와 함께하는 국악 산책 [울산],한국음악(국악),영남,울산광역시학생교육문화회관,0.5977,1,422.0,422.0,0.0,0.0,2,0.33017424222085,0.4183060935826019,0.9527017830406969,36.29473169781739,33.89756352381484,0.2986111111111111,True
채혜연 피아노독주회,서양음악(클래식),서울,세종문화회관,0.4831,1,214.0,214.0,0.0,0.0,3,0.2552017612156684,0.31816608370738025,0.9527017830406969,27.873515912719444,33.87351591271944,0.43947858472998136,True
제1회 고유앙상블 정기연주회,서양음악(클래식),경인,안산문화예술의전당,0.6564,1,470.0,470.0,0.0,0.0,6,0.3770236529116439,0.43354945768116193,0.9527017830406969,39.86911698373034,33.86911698373034,0.3103286384976526,True
제11회 유니소노 색소폰 앙상블 정기연주회,서양음악(클래식),경인,안산문화예술의전당,0.6564,1,470.0,470.0,0.0,0.0,6,0.3770236529116439,0.43354945768116193,0.9527017830406969,39.86911698373034,33.86911698373034,0.3103286384976526,True
"동물원, 낭만 콘서트",대중음악,영남,신세계 문화홀 8층 [대구],0.6444,1,290.0,290.0,0.0,0.0,10,0.3689290412650683,0.3532173285054332,0.9527017830406969,36.25621858897672,33.85905041497417,0.2976190476190476,True
제80회 목포시립합창단 정기연주회,서양음악(클래식),호남,목포문화예술회관,0.4656,1,325.0,325.0,0.0,0.0,6,0.24383171799071066,0.37666967874384727,0.9527017830406969,29.016056206568436,33.850466526908875,0.3609625668449198,True
"제684회 KAIST 문화행사, 안톤 게르첸베르크 피아노 리사이틀",서양음악(클래식),충청,한국과학기술원,0.5709,1,628.0,628.0,0.0,0.0,1,0.3128574113351411,0.48237307895608583,0.9527017830406969,37.201554985842584,33.84538334925048,0.25,True
제39회 목포시립연극단 정기공연: 푸르른 날에,연극,호남,목포문화예술회관,0.3625,2,506.0,253.0,0.0,0.0,6,0.18073938840712003,0.5874842695864799,0.9527017830406969,28.96210888803935,33.79651920837979,0.3582887700534759,True
"제31회 젊은연극제, 전화벨이 울린다",연극,서울,한예극장,0.4,2,160.0,80.0,0.0,0.0,0,0.20329154025827584,0.4439147868587307,0.9527017830406969,27.783786207649708,33.78378620764971,0.43854748603351956,True
"SAC on Screen, 굿모닝 독도 [안성]",뮤지컬,경인,안성맞춤아트홀,0.6236,1,618.0,618.0,0.0,0.0,7,0.35052487448653585,0.4793014189907008,0.9527017830406969,39.72599571116198,33.72599571116198,0.3089201877934272,True
오예은 & 정수정 소프라노 듀오 콘서트,서양음악(클래식),영남,해운대문화회관,0.7692,1,100.0,100.0,0.0,0.0,6,0.4673530754154697,0.24540053022817968,0.9527017830406969,36.11912839601032,33.721960222007766,0.29662698412698413,True
파노플리 [당진],연극,충청,당진문예의전당,0.5,3,450.0,150.0,0.0,0.0,5,0.2684645743281338,0.6011613216864523,0.9527017830406969,37.06197883566077,33.705807199068666,0.24537037037037038,True
음하랑예술제,무용(서양/한국무용),경인,성남아트리움 (구. 성남시민회관),0.6636,1,428.0,428.0,0.0,0.0,10,0.3820844631782425,0.42062141030929273,0.9527017830406969,39.7056378384725,33.7056378384725,0.307981220657277,True
제2회 앙상블 유터피 정기연주회,서양음악(클래식),영남,공간 울림,0.8,1,80.0,80.0,0.0,0.0,1,0.49081805246060084,0.22664559294966885,0.9527017830406969,36.03223723428914,33.63506906028659,0.29563492063492064,True
피움 [안산],무용(서양/한국무용),경인,안산문화예술의전당,0.6508,1,466.0,466.0,0.0,0.0,6,0.3737213735334389,0.432726691617729,0.9527017830406969,39.62910238849873,33.62910238849873,0.30704225352112674,True
"제36회 당진시립합창단 정기연주회, 헨델 메시아",서양음악(클래식),충청,당진문예의전당,0.5784,1,579.0,579.0,0.0,0.0,5,0.3175960480038661,0.464570032228538,0.9527017830406969,36.97817985282715,33.622008216235045,0.24074074074074073,True
인천시립소년소녀합창단 기획연주 송년음악회: 초코케잌,서양음악(클래식),경인,아트센터 인천,0.5866,1,1013.0,1013.0,0.0,0.0,6,0.3224823475716165,0.5393964084276454,0.9527017830406969,39.61565019025785,33.61565019025785,0.3061032863849765,True
정태호 탱고 쿼텟,서양음악(클래식),경인,파주운정행복센터,0.681,1,365.0,365.0,0.0,0.0,9,0.39635406878406315,0.39551389331901093,0.9527017830406969,39.6017784639662,33.6017784639662,0.3046948356807512,True
"제15회 파주시민을 위한 춤대공연: 락, 페스티벌 2",무용(서양/한국무용),경인,파주운정행복센터,0.681,1,365.0,365.0,0.0,0.0,9,0.39635406878406315,0.39551389331901093,0.9527017830406969,39.6017784639662,33.6017784639662,0.3046948356807512,True
비커밍맘,뮤지컬,경인,다산아트홀,0.6935,1,344.0,344.0,0.0,0.0,2,0.40465003892930973,0.38340076158068237,0.9527017830406969,39.60125418480801,33.60125418480801,0.3032863849765258,True
"두산아트랩, 명태 말고 영태",연극,서울,두산아트센터,0.35,3,315.0,105.0,0.0,0.0,1,0.17260450506081026,0.555368545488811,0.9527017830406969,27.54633264504219,33.54633264504219,0.4376163873370577,True
"탭댄스쇼, 올 댓 리듬 [울산]",대중무용,영남,울산광역시학생교육문화회관,0.5907,1,417.0,417.0,0.0,0.0,2,0.32512685585416273,0.41692120599870813,0.9527017830406969,35.913133560595256,33.515965386592704,0.29464285714285715,True
"ACC 수요극장, 춘향탈옥",서양음악(클래식),호남,국립아시아문화전당,0.5444,1,135.0,135.0,0.0,0.0,6,0.2975810132359653,0.2709600929740652,0.9527017830406969,28.66323893637222,33.49764925671266,0.35427807486631013,True
"ACC 수요극장, 종묘제례악",한국음악(국악),호남,국립아시아문화전당,0.5444,1,135.0,135.0,0.0,0.0,6,0.2975810132359653,0.2709600929740652,0.9527017830406969,28.66323893637222,33.49764925671266,0.35427807486631013,True
제25회 동구합창단 정기연주회 [대구],서양음악(클래식),영남,아양아트센터,0.5437,1,604.0,604.0,0.0,0.0,6,0.29732595913764864,0.47580945505378847,0.9527017830406969,35.88499782731846,33.487829653315906,0.29365079365079366,True
심청날다 [광산],뮤지컬,호남,광산문화예술회관,0.4833,1,261.0,261.0,0.0,0.0,1,0.25540311971433943,0.3403357209873723,0.9527017830406969,28.648291852249535,33.482702172589974,0.3502673796791444,True
앤 ANNE [울산] (11.30),뮤지컬,영남,울산광역시학생교육문화회관,0.5892,1,416.0,416.0,0.0,0.0,2,0.3246972910569979,0.4166326771310038,0.9527017830406969,35.874720893242426,33.477552719239874,0.2926587301587302,True
강이나 내의 본줄기: 원류 [안산],한국음악(국악),경인,안산문화예술의전당,0.648,1,464.0,464.0,0.0,0.0,6,0.3711842564501839,0.43223259018169813,0.9527017830406969,39.44942998300598,33.44942998300598,0.3,True
꿈의 오케스트라 안산 정기연주회: 안녕?! 오케스트라,서양음악(클래식),경인,안산문화예술의전당,0.648,1,464.0,464.0,0.0,0.0,6,0.3711842564501839,0.43223259018169813,0.9527017830406969,39.44942998300598,33.44942998300598,0.3,True
리티댄스 페스티발,대중무용,경인,안산문화예술의전당,0.648,1,464.0,464.0,0.0,0.0,6,0.3711842564501839,0.43223259018169813,0.9527017830406969,39.44942998300598,33.44942998300598,0.3,True
제7회 안산심포니오케스트라 정기연주회 [안산],서양음악(클래식),경인,안산문화예술의전당,0.648,1,464.0,464.0,0.0,0.0,6,0.3711842564501839,0.43223259018169813,0.9527017830406969,39.44942998300598,33.44942998300598,0.3,True
"제7회 시밀레 앙상블 정기연주회, 안산시민과 함께하는 가을 음악축제",서양음악(클래식),경인,안산문화예술의전당,0.648,1,464.0,464.0,0.0,0.0,6,0.3711842564501839,0.43223259018169813,0.9527017830406969,39.44942998300598,33.44942998300598,0.3,True
"제3회 난타콘서트, 세상을 두드리다! [안산]",뮤지컬,경인,안산문화예술의전당,0.648,1,464.0,464.0,0.0,0.0,6,0.3711842564501839,0.43223259018169813,0.9527017830406969,39.44942998300598,33.44942998300598,0.3,True
강원도립국악관현악단 실내악 시리즈 1,한국음악(국악),기타,축제극장 몸짓,0.6855,1,85.0,85.0,0.0,0.0,2,0.3990254248664322,0.23136871540813875,0.9527017830406969,32.08648881186272,33.44077876485954,0.2721518987341772,True
"SAC on Screen, 심청",무용(서양/한국무용),경인,안성맞춤아트홀,0.6196,1,614.0,614.0,0.0,0.0,7,0.34641716111364673,0.47777767051792847,0.9527017830406969,39.39580493934777,33.39580493934777,0.29671361502347415,True
"연희공방 음마갱깽의, 온고지신",한국음악(국악),경인,성남아트리움 (구. 성남시민회관),0.6574,1,424.0,424.0,0.0,0.0,10,0.37804386930491046,0.4190476195717482,0.9527017830406969,39.394053548638055,33.394053548638055,0.2915492957746479,True
박태현 전국 창작동요제 [성남],서양음악(클래식),경인,성남아트리움 (구. 성남시민회관),0.6574,1,424.0,424.0,0.0,0.0,10,0.37804386930491046,0.4190476195717482,0.9527017830406969,39.394053548638055,33.394053548638055,0.2915492957746479,True
"가을음악회, 비상",대중음악,경인,성남아트리움 (구. 성남시민회관),0.6574,1,424.0,424.0,0.0,0.0,10,0.37804386930491046,0.4190476195717482,0.9527017830406969,39.394053548638055,33.394053548638055,0.2915492957746479,True
"꿀잼 어린이극장, 나는 기와입니다",연극,경인,성남아트리움 (구. 성남시민회관),0.6574,1,424.0,424.0,0.0,0.0,10,0.37804386930491046,0.4190476195717482,0.9527017830406969,39.394053548638055,33.394053548638055,0.2915492957746479,True
"꿀잼 어린이극장, 차이코프스키 힐링 명작 발레 [성남]",무용(서양/한국무용),경인,성남아트리움 (구. 성남시민회관),0.6574,1,424.0,424.0,0.0,0.0,10,0.37804386930491046,0.4190476195717482,0.9527017830406969,39.394053548638055,33.394053548638055,0.2915492957746479,True
유망신예음악회,서양음악(클래식),경인,성남아트리움 (구. 성남시민회관),0.6574,1,424.0,424.0,0.0,0.0,10,0.37804386930491046,0.4190476195717482,0.9527017830406969,39.394053548638055,33.394053548638055,0.2915492957746479,True
"꿀잼 어린이 극장, 빨간모자 [성남]",뮤지컬,경인,성남아트리움 (구. 성남시민회관),0.6574,1,424.0,424.0,0.0,0.0,10,0.37804386930491046,0.4190476195717482,0.9527017830406969,39.394053548638055,33.394053548638055,0.2915492957746479,True
제13회 성남시 시니어 여성합창단 정기연주회,서양음악(클래식),경인,성남아트리움 (구. 성남시민회관),0.6574,1,424.0,424.0,0.0,0.0,10,0.37804386930491046,0.4190476195717482,0.9527017830406969,39.394053548638055,33.394053548638055,0.2915492957746479,True
제23회 정금란무용제,무용(서양/한국무용),경인,성남아트리움 (구. 성남시민회관),0.6574,1,424.0,424.0,0.0,0.0,10,0.37804386930491046,0.4190476195717482,0.9527017830406969,39.394053548638055,33.394053548638055,0.2915492957746479,True
호랑이의 꽃길 [성남],뮤지컬,경인,성남아트리움 (구. 성남시민회관),0.6574,1,424.0,424.0,0.0,0.0,10,0.37804386930491046,0.4190476195717482,0.9527017830406969,39.394053548638055,33.394053548638055,0.2915492957746479,True
박연우 피아노 리사이틀 [대구],서양음악(클래식),영남,비원뮤직홀,0.715,1,143.0,143.0,0.0,0.0,4,0.42465164979729914,0.2767291240638431,0.9527017830406969,35.78010714734398,33.38293897334143,0.2916666666666667,True
"배시시 명품극장, 호두까기인형",무용(서양/한국무용),영남,부산시민회관,0.6494,1,250.0,250.0,0.0,0.0,7,0.3720568099444251,0.3364129518183312,0.9527017830406969,35.73671576019856,33.339547586196005,0.2906746031746032,True
"두산아트랩, 산호초를 그린 자국",연극,서울,두산아트센터,0.3467,3,312.0,104.0,0.0,0.0,1,0.17026874647622628,0.5545107243709355,0.9527017830406969,27.305173675271355,33.305173675271355,0.4366852886405959,True
대한민국 해군 호국음악회 [서울],서양음악(클래식),서울,장충체육관,0.3375,1,1521.0,1521.0,0.0,0.0,6,0.16526163180927322,0.576986791791613,0.9527017830406969,27.25019225421676,33.250192254216756,0.43575418994413406,True
"탭댄스쇼, 올 댓 리듬 [울산] (교육가족)",대중무용,영남,울산광역시학생교육문화회관,0.585,1,413.0,413.0,0.0,0.0,2,0.3214084355787043,0.4155959443092066,0.9527017830406969,35.62073552312835,33.2235673491258,0.2896825396825397,True
"남양주시립합창단, 클래식 세계여행: 찬란한 오월에 듣는 슈만의 시인의 사랑 Op.48",서양음악(클래식),경인,다산아트홀,0.6855,1,340.0,340.0,0.0,0.0,3,0.3990254248664322,0.38220244919518453,0.9527017830406969,39.220915562757504,33.220915562757504,0.2863849765258216,True
제29회 강원도립국악관현악단 정기연주회: 숨의 조화 [춘천],한국음악(국악),기타,KBS 춘천홀,0.5642,1,246.0,246.0,0.0,0.0,2,0.30947458855746773,0.3326472762632627,0.9527017830406969,31.85433809373973,33.20862804673654,0.26582278481012656,True
제3회 대구동신초등학교 오케스트라 정기연주회: 꿈꾸는 그대에게,서양음악(클래식),영남,대구콘서트하우스,0.528,1,678.0,678.0,0.0,0.0,7,0.2874056971031224,0.4909096251569425,0.9527017830406969,35.603922131866945,33.20675395786439,0.28869047619047616,True
오리지널 과학마술콘서트 공룡편 [청송],서커스/마술,영남,진보문화체육센터,0.625,1,300.0,300.0,0.0,0.0,1,0.35220286197546113,0.36152271181921314,0.9527017830406969,35.590161834936026,33.192993660933475,0.2876984126984127,True
"제29회 경산시립합창단 정기연주회, 가을향기",서양음악(클래식),영남,천마아트센터,0.5071,1,958.0,958.0,0.0,0.0,7,0.2742905468896824,0.5247084707670185,0.9527017830406969,35.554431135614365,33.15726296161181,0.2867063492063492,True
"수원시립교향악단 유료회원 초청음악회, 루드비히 판 베토벤",서양음악(클래식),경인,수원SK아트리움,0.6211,1,590.0,590.0,0.0,0.0,5,0.34812199640239483,0.467041219108874,0.9527017830406969,39.1544352084175,33.1544352084175,0.28544600938967135,True
하쿠나 마타타 (Hakuna Matata),대중무용,경인,보노마루,0.7882,1,160.0,160.0,0.0,0.0,1,0.48135420302306225,0.2864551467622498,0.9527017830406969,39.11123347970651,33.11123347970651,0.284037558685446,True
"함께꿈꾸는세상 사회적협동조합, I DO",연극,경인,보노마루,0.7882,1,160.0,160.0,0.0,0.0,1,0.48135420302306225,0.2864551467622498,0.9527017830406969,39.11123347970651,33.11123347970651,0.284037558685446,True
과태료 부과대상입니다,연극,서울,두산아트센터,0.3433,3,309.0,103.0,0.0,0.0,1,0.16837597658871856,0.5536315609532381,0.9527017830406969,27.10543694693944,33.10543694693944,0.43435754189944137,True
롱피쓰,연극,서울,두산아트센터,0.3433,3,309.0,103.0,0.0,0.0,1,0.16837597658871856,0.5536315609532381,0.9527017830406969,27.10543694693944,33.10543694693944,0.43435754189944137,True
앤 ANNE [울산],뮤지컬,영남,울산광역시학생교육문화회관,0.5822,1,411.0,411.0,0.0,0.0,2,0.3198378392890703,0.41511623532797837,0.9527017830406969,35.49979076571855,33.102622591716,0.2857142857142857,True
사랑의 기억 [목포],대중음악,호남,목포문화예술회관,0.4513,1,315.0,315.0,0.0,0.0,6,0.235065911348565,0.37232748921351544,0.9527017830406969,28.254253197633993,33.08866351797443,0.34759358288770054,True
"아트밸리 아산 신년음악회: 팬텀 인 클래식, 라포엠",서양음악(클래식),충청,경찰인재개발원,0.5239,1,943.0,943.0,0.0,0.0,0,0.28531156871694363,0.5231404574095477,0.9527017830406969,36.36126234392661,33.00509070733451,0.2361111111111111,True
클래식하다,서양음악(클래식),제주,서귀포예술의전당,0.7263,1,138.0,138.0,0.0,0.0,5,0.43620962762101645,0.27296373736348384,0.9527017830406969,36.16255692849232,32.97899682290097,0.3626373626373626,True
"제27회 울산교육문화예술제 기획공연, 뮤페라 렉처 콘서트 [울산]",서양음악(클래식),영남,울산광역시학생교육문화회관,0.5793,1,409.0,409.0,0.0,0.0,2,0.318025612801031,0.41458565146712306,0.9527017830406969,35.36087197085681,32.96370379685426,0.2847222222222222,True
KT&G장학재단과 함께하는 BALLET SHOWING Ⅳ,무용(서양/한국무용),서울,강동아트센터,0.4118,1,350.0,350.0,0.0,0.0,7,0.21247348779767497,0.3853414325701812,0.9527017830406969,26.9600771859696,32.960077185969595,0.4329608938547486,True
"SAC ON SCREEN, 라 바야데르",무용(서양/한국무용),제주,제주아트센터,0.5422,1,642.0,642.0,0.0,0.0,6,0.29653394904287594,0.48491670390056163,0.9527017830406969,36.10035815128571,32.91679804569436,0.3241758241758242,True
"SAC on SCREEN, 춘향탈옥 [제주]",서양음악(클래식),제주,제주아트센터,0.5422,1,642.0,642.0,0.0,0.0,6,0.29653394904287594,0.48491670390056163,0.9527017830406969,36.10035815128571,32.91679804569436,0.3241758241758242,True
여자만세 [제주],연극,제주,제주아트센터,0.5422,1,642.0,642.0,0.0,0.0,6,0.29653394904287594,0.48491670390056163,0.9527017830406969,36.10035815128571,32.91679804569436,0.3241758241758242,True
돌아온다 [제주],연극,제주,제주아트센터,0.5422,1,642.0,642.0,0.0,0.0,6,0.29653394904287594,0.48491670390056163,0.9527017830406969,36.10035815128571,32.91679804569436,0.3241758241758242,True
윤보선고택 쌀롱콘서트,서양음악(클래식),제주,제주아트센터,0.5422,1,642.0,642.0,0.0,0.0,6,0.29653394904287594,0.48491670390056163,0.9527017830406969,36.10035815128571,32.91679804569436,0.3241758241758242,True
달래이야기 [제주],연극,제주,제주아트센터,0.5422,1,642.0,642.0,0.0,0.0,6,0.29653394904287594,0.48491670390056163,0.9527017830406969,36.10035815128571,32.91679804569436,0.3241758241758242,True
"SAC ON SCREEN, 크리스토프 에센바흐 & KBS교향악단 [안성]",서양음악(클래식),경인,안성맞춤아트홀,0.6095,1,604.0,604.0,0.0,0.0,7,0.34004080865573066,0.47580945505378847,0.9527017830406969,38.89482764490639,32.89482764490639,0.28262910798122065,True
모던사운즈,서양음악(클래식),영남,울산광역시학생교육문화회관,0.5765,1,407.0,407.0,0.0,0.0,2,0.31689800520847317,0.4139834621569826,0.9527017830406969,35.26508217278819,32.86791399878564,0.2837301587301587,True
제31회 대구레이디스코러스 정기연주회: 아름다운 우리나라!,서양음악(클래식),영남,대구문화예술회관,0.5417,1,546.0,546.0,0.0,0.0,2,0.29606411254597687,0.45745392143078145,0.9527017830406969,35.234685747354,32.83751757335145,0.2822420634920635,True
최두혁의 춤: 따뜻함으로부터 호흡을 가다듬어 보는 고군분투의 버전,무용(서양/한국무용),영남,대구문화예술회관,0.5417,1,546.0,546.0,0.0,0.0,2,0.29606411254597687,0.45745392143078145,0.9527017830406969,35.234685747354,32.83751757335145,0.2822420634920635,True
소프라노 김민진 리사이틀,서양음악(클래식),영남,비원뮤직홀,0.705,1,141.0,141.0,0.0,0.0,4,0.41516095255993773,0.2754287220690004,0.9527017830406969,35.23169930338947,32.83453112938692,0.28075396825396826,True
목포시립무용단 토별산수무: 창공으로 날아오르다,무용(서양/한국무용),호남,목포시민문화체육센터,0.4043,1,488.0,488.0,0.0,0.0,6,0.20715762343275967,0.4392689052501863,0.9527017830406969,27.981612415645092,32.816022735985534,0.3449197860962567,True
"신춘음악회, 2 Sop. & 3 Ten.",서양음악(클래식),영남,김해서부문화센터,0.5789,1,400.0,400.0,0.0,0.0,5,0.3177437109028915,0.41026830465681363,0.9527017830406969,35.19438371357025,32.797215539567695,0.27976190476190477,True
제4회 안산제일신협 라온소리합창단 정기공연,서양음악(클래식),경인,안산문화예술의전당,0.6369,1,456.0,456.0,0.0,0.0,6,0.3621633957097216,0.4299762706445994,0.9527017830406969,38.790066804697304,32.790066804697304,0.28169014084507044,True
"영도에서 떠나는 유럽예술여행 Ⅳ, 토요렉처콘서트: 여성",서양음악(클래식),영남,영도문화예술회관,0.6308,1,270.0,270.0,0.0,0.0,3,0.3570623137433887,0.34309074687562985,0.9527017830406969,35.14066785209622,32.74349967809367,0.2787698412698413,True
"CM 시니어 쳄버 오케스트라 정기연주회, Endless Inspiration",서양음악(클래식),영남,수성아트피아,0.6645,1,200.0,200.0,0.0,0.0,3,0.382500604075496,0.30856354391352186,0.9527017830406969,35.10080856338247,32.70364038937992,0.2777777777777778,True
치술신모 망부석 [울산],뮤지컬,영남,울산광역시학생교육문화회관,0.4568,2,645.0,322.5,0.0,0.0,2,0.23847558192606116,0.6264506029415189,0.9527017830406969,35.09304739746702,32.695879223464466,0.2767857142857143,True
"ACC 수요극장, 닭들의 꿈, 날다",한국음악(국악),호남,국립아시아문화전당,0.5242,1,130.0,130.0,0.0,0.0,6,0.2855263511155261,0.26831385163473553,0.9527017830406969,27.85126686449026,32.6856771848307,0.3422459893048128,True
"두산아트랩, 메타발레: 비(非)-코펠리아 선언",무용(서양/한국무용),서울,두산아트센터,0.3367,3,303.0,101.0,0.0,0.0,1,0.16460386071361452,0.5505176242797905,0.9527017830406969,26.67918147257662,32.679181472576616,0.43156424581005587,True
"두산아트랩, 미아 미아 미아",연극,서울,두산아트센터,0.3367,3,303.0,101.0,0.0,0.0,1,0.16460386071361452,0.5505176242797905,0.9527017830406969,26.67918147257662,32.679181472576616,0.43156424581005587,True
"KAIST 문화행사, 박경소 가야금: 춘앵",한국음악(국악),충청,한국과학기술원,0.5464,1,601.0,601.0,0.0,0.0,1,0.29884285982763714,0.4750536045798579,0.9527017830406969,35.97185029972788,32.61567866313578,0.23148148148148148,True
박주화의 현악4중주로 담아낸 제주음악여행 [하남],서양음악(클래식),경인,하남문화예술회관,0.7127,1,253.0,253.0,0.0,0.0,4,0.42199371761484145,0.33756679540907597,0.9527017830406969,38.594683131702645,32.594683131702645,0.28075117370892017,True
"정전협정 70주년 기념 경기팝스앙상블 특별공연, 파주랑 평화를 약속해",서양음악(클래식),경인,파주운정행복센터,0.6623,1,355.0,355.0,0.0,0.0,9,0.3812924530834698,0.3924258527936594,0.9527017830406969,38.57073989340321,32.57073989340321,0.27981220657276995,True
"보이는 소리, 만지는 소리 [공주]",서양음악(클래식),충청,공주문예회관,0.4769,2,600.0,300.0,0.0,0.0,5,0.25144306924047577,0.6123306662436621,0.9527017830406969,35.89700417378192,32.54083253718982,0.22685185185185186,True
"제5회 카무스 작곡발표회, 내일의 씨앗 Ⅱ",한국음악(국악),서울,세종문화회관,0.456,1,202.0,202.0,0.0,0.0,3,0.23827422342739013,0.31194866041128844,0.9527017830406969,26.538690379617634,32.538690379617634,0.4301675977653631,True
"KBS 50년 x god 25년 KBS 대기획, ㅇㅁㄷ 지오디",대중음악,경인,송도달빛축제공원,0.5077,1,15231.0,15231.0,0.0,0.0,2,0.274545600987999,0.6393202063897381,0.9527017830406969,38.499586590197616,32.499586590197616,0.27887323943661974,True
New Star Musician Ⅲ,서양음악(클래식),경인,성남아트센터,0.5953,1,656.0,656.0,0.0,0.0,7,0.3284157113324563,0.48712746712261634,0.9527017830406969,38.45133321815244,32.45133321815244,0.26384976525821596,True
제2회 위더스 남성합창단 정기연주회,서양음악(클래식),경인,성남아트센터,0.5953,1,656.0,656.0,0.0,0.0,7,0.3284157113324563,0.48712746712261634,0.9527017830406969,38.45133321815244,32.45133321815244,0.26384976525821596,True
제50회 성남시여성합창단 정기연주회,서양음악(클래식),경인,성남아트센터,0.5953,1,656.0,656.0,0.0,0.0,7,0.3284157113324563,0.48712746712261634,0.9527017830406969,38.45133321815244,32.45133321815244,0.26384976525821596,True
제9회 서울대학교 졸업생오케스트라 SNUGO  정기연주회,서양음악(클래식),경인,성남아트센터,0.5953,1,656.0,656.0,0.0,0.0,7,0.3284157113324563,0.48712746712261634,0.9527017830406969,38.45133321815244,32.45133321815244,0.26384976525821596,True
콰이어 가이스트 정기연주회,서양음악(클래식),경인,성남아트센터,0.5953,1,656.0,656.0,0.0,0.0,7,0.3284157113324563,0.48712746712261634,0.9527017830406969,38.45133321815244,32.45133321815244,0.26384976525821596,True
벽산문화재단과 함께하는 The 넥스트 클래식 [성남],서양음악(클래식),경인,성남아트센터,0.5953,1,656.0,656.0,0.0,0.0,7,0.3284157113324563,0.48712746712261634,0.9527017830406969,38.45133321815244,32.45133321815244,0.26384976525821596,True
제28회 중원구여성합창단 정기연주회,서양음악(클래식),경인,성남아트센터,0.5953,1,656.0,656.0,0.0,0.0,7,0.3284157113324563,0.48712746712261634,0.9527017830406969,38.45133321815244,32.45133321815244,0.26384976525821596,True
제20회 분당만돌린오케스트라 정기연주회,서양음악(클래식),경인,성남아트센터,0.5953,1,656.0,656.0,0.0,0.0,7,0.3284157113324563,0.48712746712261634,0.9527017830406969,38.45133321815244,32.45133321815244,0.26384976525821596,True
제29회 수정구여성합창단 정기연주회,서양음악(클래식),경인,성남아트센터,0.5953,1,656.0,656.0,0.0,0.0,7,0.3284157113324563,0.48712746712261634,0.9527017830406969,38.45133321815244,32.45133321815244,0.26384976525821596,True
제2회 SA청소년오케스트라 정기연주회,서양음악(클래식),경인,성남아트센터,0.5953,1,656.0,656.0,0.0,0.0,7,0.3284157113324563,0.48712746712261634,0.9527017830406969,38.45133321815244,32.45133321815244,0.26384976525821596,True
제9회 그레이스 여성합창단 정기연주회,서양음악(클래식),경인,성남아트센터,0.5953,1,656.0,656.0,0.0,0.0,7,0.3284157113324563,0.48712746712261634,0.9527017830406969,38.45133321815244,32.45133321815244,0.26384976525821596,True
제22회 경기교사리코더합주단 정기연주회: Be Nature!,서양음악(클래식),경인,성남아트센터,0.5953,1,656.0,656.0,0.0,0.0,7,0.3284157113324563,0.48712746712261634,0.9527017830406969,38.45133321815244,32.45133321815244,0.26384976525821596,True
제27회 분당구여성합창단 정기연주회,서양음악(클래식),경인,성남아트센터,0.5953,1,656.0,656.0,0.0,0.0,7,0.3284157113324563,0.48712746712261634,0.9527017830406969,38.45133321815244,32.45133321815244,0.26384976525821596,True
소프라노 고현아 독창회,서양음악(클래식),경인,성남아트센터,0.5953,1,656.0,656.0,0.0,0.0,7,0.3284157113324563,0.48712746712261634,0.9527017830406969,38.45133321815244,32.45133321815244,0.26384976525821596,True
제17회 플루트 오케스트라 아우름 정기연주회,서양음악(클래식),경인,성남아트센터,0.5953,1,656.0,656.0,0.0,0.0,7,0.3284157113324563,0.48712746712261634,0.9527017830406969,38.45133321815244,32.45133321815244,0.26384976525821596,True
강남대학교 음악학과 정기연주회,서양음악(클래식),경인,성남아트센터,0.5953,1,656.0,656.0,0.0,0.0,7,0.3284157113324563,0.48712746712261634,0.9527017830406969,38.45133321815244,32.45133321815244,0.26384976525821596,True
제4회 카니발 플루트 오케스트라 정기연주회,서양음악(클래식),경인,성남아트센터,0.5953,1,656.0,656.0,0.0,0.0,7,0.3284157113324563,0.48712746712261634,0.9527017830406969,38.45133321815244,32.45133321815244,0.26384976525821596,True
제6회 판교청소년오케스트라 정기연주회,서양음악(클래식),경인,성남아트센터,0.5953,1,656.0,656.0,0.0,0.0,7,0.3284157113324563,0.48712746712261634,0.9527017830406969,38.45133321815244,32.45133321815244,0.26384976525821596,True
제3회 위더스 남성합창단 정기 연주회,서양음악(클래식),경인,성남아트센터,0.5953,1,656.0,656.0,0.0,0.0,7,0.3284157113324563,0.48712746712261634,0.9527017830406969,38.45133321815244,32.45133321815244,0.26384976525821596,True
제30회 수정구여성합창단 정기연주회,서양음악(클래식),경인,성남아트센터,0.5953,1,656.0,656.0,0.0,0.0,7,0.3284157113324563,0.48712746712261634,0.9527017830406969,38.45133321815244,32.45133321815244,0.26384976525821596,True
제29회 성남시 중원구 여성합창단 정기연주회,서양음악(클래식),경인,성남아트센터,0.5953,1,656.0,656.0,0.0,0.0,7,0.3284157113324563,0.48712746712261634,0.9527017830406969,38.45133321815244,32.45133321815244,0.26384976525821596,True
제53회 분당윈드오케스트라 정기연주회,서양음악(클래식),경인,성남아트센터,0.5953,1,656.0,656.0,0.0,0.0,7,0.3284157113324563,0.48712746712261634,0.9527017830406969,38.45133321815244,32.45133321815244,0.26384976525821596,True
제10회 스윗하모니 정기연주회 [성남],서양음악(클래식),경인,성남아트센터,0.5953,1,656.0,656.0,0.0,0.0,7,0.3284157113324563,0.48712746712261634,0.9527017830406969,38.45133321815244,32.45133321815244,0.26384976525821596,True
제15회 아미쿠스 여성합창단 정기연주회,서양음악(클래식),경인,성남아트센터,0.5953,1,656.0,656.0,0.0,0.0,7,0.3284157113324563,0.48712746712261634,0.9527017830406969,38.45133321815244,32.45133321815244,0.26384976525821596,True
제21회 분당만돌린오케스트라 정기연주회 [성남],서양음악(클래식),경인,성남아트센터,0.5953,1,656.0,656.0,0.0,0.0,7,0.3284157113324563,0.48712746712261634,0.9527017830406969,38.45133321815244,32.45133321815244,0.26384976525821596,True
제23회 경기교사리코더합주단 정기연주회: CARMEN [성남],서양음악(클래식),경인,성남아트센터,0.5953,1,656.0,656.0,0.0,0.0,7,0.3284157113324563,0.48712746712261634,0.9527017830406969,38.45133321815244,32.45133321815244,0.26384976525821596,True
제26회 이듀스매스터코랄 정기연주회,서양음악(클래식),경인,성남아트센터,0.5953,1,656.0,656.0,0.0,0.0,7,0.3284157113324563,0.48712746712261634,0.9527017830406969,38.45133321815244,32.45133321815244,0.26384976525821596,True
"세월호 추모 음악회, 이제 바다는 내게",서양음악(클래식),경인,성남아트센터,0.5953,1,656.0,656.0,0.0,0.0,7,0.3284157113324563,0.48712746712261634,0.9527017830406969,38.45133321815244,32.45133321815244,0.26384976525821596,True
제10회 한국교사오케스트라 정기연주회,서양음악(클래식),경인,성남아트센터,0.5953,1,656.0,656.0,0.0,0.0,7,0.3284157113324563,0.48712746712261634,0.9527017830406969,38.45133321815244,32.45133321815244,0.26384976525821596,True
제18회 뮤젠 오케스트라 정기연주회,서양음악(클래식),경인,성남아트센터,0.5953,1,656.0,656.0,0.0,0.0,7,0.3284157113324563,0.48712746712261634,0.9527017830406969,38.45133321815244,32.45133321815244,0.26384976525821596,True
코리아로얄오케스트라 여름음악회,서양음악(클래식),경인,성남아트센터,0.5953,1,656.0,656.0,0.0,0.0,7,0.3284157113324563,0.48712746712261634,0.9527017830406969,38.45133321815244,32.45133321815244,0.26384976525821596,True
제26회 동구합창단 정기연주회 [대구],서양음악(클래식),영남,아양아트센터,0.5275,1,586.0,586.0,0.0,0.0,6,0.2870164040056917,0.4660380800218643,0.9527017830406969,34.842763500453835,32.44559532645128,0.2757936507936508,True
보로딘심포니 오케스트라: 이웃과 함께하는 희망나눔 프로젝트 [안산],서양음악(클래식),경인,안산문화예술의전당,0.6313,1,452.0,452.0,0.0,0.0,6,0.35733079174161675,0.42873231699940284,0.9527017830406969,38.434103328099674,32.434103328099674,0.24882629107981222,True
"제25회 파주예술제, 아이고 배야",한국음악(국악),경인,파주운정행복센터,0.6604,1,354.0,354.0,0.0,0.0,9,0.38011114989126643,0.3893511681982011,0.9527017830406969,38.378054766090195,32.378054766090195,0.24741784037558687,True
제14회 파주시민을 위한 춤대공연,무용(서양/한국무용),경인,파주운정행복센터,0.6604,1,354.0,354.0,0.0,0.0,9,0.38011114989126643,0.3893511681982011,0.9527017830406969,38.378054766090195,32.378054766090195,0.24741784037558687,True
"제38회 성남문화예술제, 음악제",서양음악(클래식),경인,성남아트센터,0.5926,1,653.0,653.0,0.0,0.0,7,0.32683169114291083,0.48632500683409585,0.9527017830406969,38.31467422892334,32.31467422892334,0.2460093896713615,True
"그날, 꽃피는 청춘 [대구]",무용(서양/한국무용),영남,대구문화예술회관,0.5308,1,535.0,535.0,0.0,0.0,2,0.2889494455929337,0.45532433031299546,0.9527017830406969,34.65943368504893,32.26226551104638,0.2748015873015873,True
아버지 [안산],무용(서양/한국무용),경인,안산문화예술의전당,0.6285,1,450.0,450.0,0.0,0.0,6,0.3552500872553494,0.4275062562292091,0.9527017830406969,38.25581916186515,32.25581916186515,0.24507042253521127,True
"KAIST 문화행사, 낭만주의 체임버콰이어: 봄의 꿈",서양음악(클래식),충청,한국과학기술원,0.5418,1,596.0,596.0,0.0,0.0,1,0.2962654710446479,0.4685441690419699,0.9527017830406969,35.5884307226908,32.2322590860987,0.2222222222222222,True
"우수레파토리 공연, 마딧길",한국음악(국악),충청,태안군문화예술회관,0.46655,2,641.0,320.5,0.0,0.0,3,0.24420758718822994,0.6259152612508627,0.9527017830406969,35.5845688305751,32.228397193983,0.2175925925925926,True
제13회 꿈의 오케스트라 창원 정기연주회,서양음악(클래식),영남,3.15아트센터,0.5135,1,607.0,607.0,0.0,0.0,4,0.2783579885628373,0.4764837256033413,0.9527017830406969,34.512899156435104,32.11573098243255,0.27380952380952384,True
"제8회 대한민국장애인국제무용제, KIADA",무용(서양/한국무용),서울,아르코예술극장,0.3909,2,86.0,43.0,0.0,0.0,2,0.1965527425027519,0.39829733657132305,0.9527017830406969,26.07176456377197,32.07176456377197,0.4292364990689013,True
"제32회 젊은연극제, 청강문화산업대학교 공연예술스쿨: 갈매기",연극,서울,선돌극장,0.3846,2,100.0,50.0,0.0,0.0,1,0.19308937632561013,0.4086136538266876,0.9527017830406969,26.060346010729745,32.060346010729745,0.42830540037243947,True
강릉산불 피해극복을 위한 위로 음악회,서양음악(클래식),기타,강릉아트센터(구. 강릉문화예술관),0.465,1,452.0,452.0,0.0,0.0,7,0.2433350336939888,0.42873231699940284,0.9527017830406969,30.520895540792992,31.875185493789804,0.25949367088607594,True
"제3회 파주시립소년소녀합창단 정기연주회, Harmony in the Wolrd",서양음악(클래식),경인,파주운정행복센터,0.6511,1,349.0,349.0,0.0,0.0,9,0.3740703949311354,0.38475783280986225,0.9527017830406969,37.83092765987996,31.83092765987996,0.24413145539906103,True
재미있는 미술세계사 음악과 함께 하는 명화이야기,서양음악(클래식),제주,서귀포예술의전당,0.7053,1,134.0,134.0,0.0,0.0,5,0.41552339785754555,0.2705111570076058,0.9527017830406969,34.99704395429639,31.813483848705033,0.2857142857142857,True
강원도립국악관현악단 마카콘서트 with 원주시민국악관현악단 [원주],서양음악(클래식),기타,원주백운아트홀,0.4647,1,447.0,447.0,0.0,0.0,4,0.24326791419443178,0.4266716465509196,0.9527017830406969,30.457090404309312,31.811380357306124,0.25316455696202533,True
건강한 음악회I: Now and 25 Years Ago,서양음악(클래식),충청,당진문예의전당,0.5405,1,541.0,541.0,0.0,0.0,5,0.29543318925014095,0.4566275020324751,0.9527017830406969,35.164171996104194,31.808000359512093,0.21296296296296297,True
하나아트기획 초청 신인음악회 시리즈,서양음악(클래식),서울,꿈의숲아트센터,0.4684,1,141.0,141.0,0.0,0.0,8,0.245845302977421,0.2754287220690004,0.9527017830406969,25.727692714082945,31.727692714082945,0.4273743016759777,True
"With all my heart, 조윤 Quartet Live in Seoul(2회차) (8.16)",대중음악,서울,재즈클럽 그루브,0.5714,1,40.0,40.0,0.0,0.0,3,0.31398501892769887,0.1907689989416032,0.9527017830406969,25.724590885293686,31.724590885293686,0.4264432029795158,True
김천시 공공산후조리원 개원 1주년 임산부 태교 음악회,뮤지컬,영남,김천시문화예술회관,0.5291,1,491.0,491.0,0.0,0.0,6,0.2879560769994899,0.4398914003352393,0.9527017830406969,34.11410153195811,31.716933357955558,0.2728174603174603,True
강릉 청소년 오케스트라 페스티벌,서양음악(클래식),기타,강릉아트센터 (구. 강릉문화예술관),0.4609,1,448.0,448.0,0.0,0.0,7,0.24083818831046797,0.4269373887737836,0.9527017830406969,30.2817442187799,31.63603417177671,0.2468354430379747,True
"실패를 위한 실험실 (실.실.실) , 언니의 언니의 언니",연극,서울,연극실험실 혜화동1번지,0.39285,2,55.0,27.5,0.0,0.0,0,0.19762665449566408,0.37765934947526586,0.9527017830406969,25.606334093661687,31.606334093661687,0.425512104283054,True
"두산아트랩, 문병재 유머코드에 관한 사적인 보고서",연극,서울,두산아트센터,0.3233,3,291.0,97.0,0.0,0.0,1,0.15598571697049426,0.5383041531064813,0.9527017830406969,25.60129843758113,31.60129843758113,0.4245810055865922,True
"허희정의 키즈 클래식, 아기돼지 삼형제",서양음악(클래식),영남,신세계 문화홀 8층 [대구],0.6044,1,272.0,272.0,0.0,0.0,10,0.3373023330738046,0.3439589502887071,0.9527017830406969,33.99493796865238,31.597769794649825,0.2718253968253968,True
앙금당실 토별가 [거창],뮤지컬,영남,거창문화센터,0.5539,1,380.0,380.0,0.0,0.0,4,0.3034069857975139,0.40185690651874273,0.9527017830406969,33.9503237671846,31.553155593182044,0.2708333333333333,True
제14회 INK K-POP 콘서트,대중음악,경인,인천문학경기장,0.4961,1,24353.0,24353.0,0.0,0.0,5,0.26332322066206676,0.6393202063897381,0.9527017830406969,37.54748628552175,31.54748628552175,0.2431924882629108,True
Ensemble Ardeur 8th Concert: End & And,서양음악(클래식),서울,꿈의숲아트센터,0.4651,1,140.0,140.0,0.0,0.0,8,0.243509544392837,0.2744748775765629,0.9527017830406969,25.545277975157028,31.545277975157028,0.4236499068901304,True
"제29회 서곶문화예술제, 검사와 여선생",연극,경인,청라복합문화센터 블루노바홀,0.5144,2,500.0,250.0,0.0,0.0,4,0.279015759658496,0.5854479321186187,0.9527017830406969,37.529480355696215,31.529480355696215,0.24225352112676057,True
"철원 향토가수 감사콘서트, 트롯 부모님 전상서",대중음악,기타,철원군 화강문화센터,0.41525,2,289.0,144.5,0.0,0.0,6,0.21400381238757485,0.5051822945238404,0.9527017830406969,30.17394918100284,31.52823913399965,0.24050632911392406,True
나는 불후의 편곡자다 [제주 서귀포],서양음악(클래식),제주,김정문화회관,0.6424,1,212.0,212.0,0.0,0.0,7,0.36730474937578866,0.3174859678077355,0.9527017830406969,34.65019958146861,31.46663947587726,0.27472527472527475,True
"대진대학교 연기예술학과, 아메샤",연극,경인,대진대학교,0.575,4,115.0,28.75,0.0,0.0,6,0.31607914731387765,0.4827712946371867,0.9527017830406969,37.443296999954626,31.443296999954626,0.24131455399061033,True
"제31회 젊은연극제, 사랑스런 신을 위한 DIY 안내서",연극,서울,열린극장,0.36665,2,110.0,55.0,0.0,0.0,1,0.18315569039117244,0.4159276056568059,0.9527017830406969,25.427247368242433,31.427247368242433,0.4227188081936685,True
"춤, 채상묵의 香 [안산]",무용(서양/한국무용),경인,보노마루,0.7438,1,151.0,151.0,0.0,0.0,1,0.4507611351249765,0.28194906668759906,0.9527017830406969,37.36251847985468,31.36251847985468,0.2403755868544601,True
"제77회 파주시립예술단 기획연주회: 크리스마스 페스티벌, 송년음악회",서양음악(클래식),경인,파주운정행복센터,0.6418,1,344.0,344.0,0.0,0.0,9,0.3669691518780036,0.38340076158068237,0.9527017830406969,37.34555546662207,31.345555466622073,0.23943661971830985,True
제3회 인천중구어린이합창단 정기연주회,서양음악(클래식),경인,인천중구문화회관,0.6238,1,398.0,398.0,0.0,0.0,2,0.35063226568582706,0.4087102657744354,0.9527017830406969,37.28012374869812,31.280123748698117,0.23849765258215963,True
"세계음악 렉처시리즈 부산: BUSAN, 인도/부르키나파소",대중음악,영남,국립부산국악원,0.44776667,3,403.0,134.33,0.0,0.0,5,0.23239455526619593,0.5873071273544039,0.9527017830406969,33.67298972516968,31.275821551167123,0.2698412698412698,True
파주필하모닉오케스트라 신년음악회,서양음악(클래식),경인,파주운정행복센터,0.6399,1,343.0,343.0,0.0,0.0,9,0.36550594678766074,0.38312015111288844,0.9527017830406969,37.24523051617318,31.24523051617318,0.2375586854460094,True
아듀 송년음악회 [안동],서양음악(클래식),영남,안동문화예술의전당,0.4155,2,826.0,413.0,0.0,0.0,7,0.2143394098853599,0.6594198182310466,0.9527017830406969,33.59897406504823,31.201805891045677,0.26884920634920634,True
꿈의 오케스트라 포항 정기연주회,서양음악(클래식),영남,포항문화예술회관,0.5139,1,500.0,500.0,0.0,0.0,4,0.27861304266115394,0.44474668867153244,0.9527017830406969,33.592780728732635,31.19561255473008,0.2673611111111111,True
꿈의 오케스트라 포항 정기연주회: 파도의 놀이,서양음악(클래식),영남,포항문화예술회관,0.5139,1,500.0,500.0,0.0,0.0,4,0.27861304266115394,0.44474668867153244,0.9527017830406969,33.592780728732635,31.19561255473008,0.2673611111111111,True
"제20회 평창대관령음악제, 찾아가는 가족음악회 #6",서양음악(클래식),기타,알펜시아 리조트,0.4875,1,312.0,312.0,0.0,0.0,6,0.25795366069750586,0.3712548856970575,0.9527017830406969,29.839661233994597,31.19395118699141,0.23417721518987342,True
소프라노 고현아 독창회,서양음악(클래식),경인,성남아트센터,0.5699,1,628.0,628.0,0.0,0.0,7,0.3124412704378876,0.48237307895608583,0.9527017830406969,37.17185734946417,31.17185734946417,0.23661971830985915,True
우리 할아버지는 열다섯 살 소년병입니다,뮤지컬,경인,파주운정행복센터,0.50095,2,537.0,268.5,0.0,0.0,9,0.2713775606089081,0.5942719536161618,0.9527017830406969,37.13115463856225,31.13115463856225,0.23568075117370893,True
"조윤범의 파워클래식, 생상스의 동물의 사육제",서양음악(클래식),영남,신세계 문화홀 8층 [대구],0.5978,1,269.0,269.0,0.0,0.0,10,0.3302279378204956,0.3426152349894205,0.9527017830406969,33.51281860196739,31.115650427964834,0.26587301587301587,True
제10회 안산시 전국 가족동요대회,서양음악(클래식),경인,보노마루,0.7389,1,150.0,150.0,0.0,0.0,1,0.44708298654925227,0.2807029040525475,0.9527017830406969,37.11347741929521,31.113477419295208,0.23380281690140844,True
나우댄스 정기발표회,대중무용,경인,보노마루,0.7389,1,150.0,150.0,0.0,0.0,1,0.44708298654925227,0.2807029040525475,0.9527017830406969,37.11347741929521,31.113477419295208,0.23380281690140844,True
강태호 가야금 독주회 [안산],한국음악(국악),경인,보노마루,0.7389,1,150.0,150.0,0.0,0.0,1,0.44708298654925227,0.2807029040525475,0.9527017830406969,37.11347741929521,31.113477419295208,0.23380281690140844,True
"고명소리프로젝트 一, 경기소리",한국음악(국악),경인,성남아트리움 (구. 성남시민회관),0.6202,1,400.0,400.0,0.0,0.0,10,0.346994388809837,0.41026830465681363,0.9527017830406969,37.10399372740365,31.103993727403648,0.231924882629108,True
제10회 성남유스챔버오케스트라 정기연주회,서양음악(클래식),경인,성남아트센터,0.5681,1,626.0,626.0,0.0,0.0,7,0.3117432276424947,0.48120781654523004,0.9527017830406969,37.08611031684841,31.086110316848412,0.23051643192488264,True
제11회 성남유스챔버오케스트라 정기연주회,서양음악(클래식),경인,성남아트센터,0.5681,1,626.0,626.0,0.0,0.0,7,0.3117432276424947,0.48120781654523004,0.9527017830406969,37.08611031684841,31.086110316848412,0.23051643192488264,True
"남양주시립합창단, 클래식 세계여행: 슈베르트의 친구 로시니",서양음악(클래식),경인,정약용도서관,0.6969,1,223.0,223.0,0.0,0.0,9,0.4067173195156657,0.3220288701573017,0.9527017830406969,37.04533473235879,31.04533473235879,0.2291079812206573,True
"성신 피아노 앙상블 콘서트, 피아노 앙상블",서양음악(클래식),서울,꿈의숲아트센터,0.4518,1,136.0,136.0,0.0,0.0,8,0.23541493274626143,0.2715564199594772,0.9527017830406969,24.925531871893487,30.925531871893487,0.42178770949720673,True
구덩이 [철원],연극,기타,철원군 화강문화센터,0.5374,1,187.0,187.0,0.0,0.0,6,0.29360753886219026,0.2986475645619186,0.9527017830406969,29.561326117803322,30.915616070800134,0.22784810126582278,True
제25회 이듀스매스터코랄 정기연주회,서양음악(클래식),경인,성남아트센터,0.5644,1,622.0,622.0,0.0,0.0,7,0.3095685558568475,0.48048012227610437,0.9527017830406969,36.9083197889521,30.9083197889521,0.22816901408450704,True
가온어린이합창단 정기연주회,서양음악(클래식),경인,보노마루,0.734,1,149.0,149.0,0.0,0.0,1,0.4436867398716675,0.2793096902486341,0.9527017830406969,36.87060560068417,30.870605600684172,0.22535211267605634,True
복지사각지대 취약계층을 돕기 위한 댄스퍼포먼스 자선행사 Silver Lining Vol.1,무용(서양/한국무용),경인,보노마루,0.734,1,149.0,149.0,0.0,0.0,1,0.4436867398716675,0.2793096902486341,0.9527017830406969,36.87060560068417,30.870605600684172,0.22535211267605634,True
국제영재음악콩쿠르,서양음악(클래식),경인,보노마루,0.734,1,149.0,149.0,0.0,0.0,1,0.4436867398716675,0.2793096902486341,0.9527017830406969,36.87060560068417,30.870605600684172,0.22535211267605634,True
"제42회 대한민국연극제경기도대회, 959-7번지",연극,경인,보노마루,0.734,1,149.0,149.0,0.0,0.0,1,0.4436867398716675,0.2793096902486341,0.9527017830406969,36.87060560068417,30.870605600684172,0.22535211267605634,True
민중가요 콘서트 [안산],대중음악,경인,보노마루,0.734,1,149.0,149.0,0.0,0.0,1,0.4436867398716675,0.2793096902486341,0.9527017830406969,36.87060560068417,30.870605600684172,0.22535211267605634,True
"가온클래식 스프링 페스티벌, 젊은 음악가 시리즈",서양음악(클래식),서울,코스모스아트홀,0.3182,3,210.0,70.0,0.0,0.0,1,0.15296533949042876,0.5065587052244146,0.9527017830406969,24.694926289308395,30.694926289308395,0.4208566108007449,True
제4회 광양 k-pop 페스티벌,대중음악,호남,광양공설운동장,0.2656,2,4239.0,2119.5,0.0,0.0,2,0.1205331973044809,0.8123968222985869,0.9527017830406969,25.85659259326872,30.69100291360916,0.339572192513369,True
"ACC 수요극장: 추남, 미녀",연극,호남,국립아시아문화전당,0.4839,1,120.0,120.0,0.0,0.0,6,0.2558058367116815,0.2618296665655069,0.9527017830406969,25.819855700075877,30.654266020416316,0.33689839572192515,True
정민경 & 지석영 PIANO DUO RECITAL,서양음악(클래식),서울,영산아트홀,0.3997,1,239.0,239.0,0.0,0.0,4,0.20169409616881898,0.3286034541356915,0.9527017830406969,24.517984228208288,30.517984228208288,0.419925512104283,True
모두뮤직페스타: Belonging I 나 I am within,서양음악(클래식),서울,모두예술극장,0.4517,1,117.0,117.0,0.0,0.0,0,0.23530754154697023,0.2594033732746697,0.9527017830406969,24.466494862965476,30.466494862965476,0.41899441340782123,True
나는 고양이로소이다 [광주],연극,호남,빛고을국악전수관,0.5128,1,80.0,80.0,0.0,0.0,4,0.2780358149649636,0.22664559294966885,0.9527017830406969,25.621193546212112,30.45560386655255,0.3342245989304813,True
"제7회 인천시립교향악단 기획연주회, i 사랑 태교음악회",서양음악(클래식),경인,부평아트센터,0.5795,1,503.0,503.0,0.0,0.0,10,0.3182001234998792,0.4463988307933269,0.9527017830406969,36.43421574678866,30.43421574678866,0.22253521126760564,True
"제2회 시니어 한국민속춤제전, 좋고 좋소 에라 좋구나",무용(서양/한국무용),경인,파주운정행복센터,0.6269,1,336.0,336.0,0.0,0.0,9,0.35405536016323463,0.38025318010559334,0.9527017830406969,36.431063226351455,30.431063226351455,0.2215962441314554,True
제15회 송파소년소녀합창단 정기연주회,서양음악(클래식),경인,성남아트센터,0.5535,1,610.0,610.0,0.0,0.0,7,0.30321905119875425,0.4771111144582315,0.9527017830406969,36.349773089887215,30.349773089887215,0.22065727699530516,True
"첼리스트 김해은 & 기타리스트 장대건, 시네마천국",서양음악(클래식),영남,신세계 문화홀 8층 [대구],0.58,1,261.0,261.0,0.0,0.0,10,0.31853572099766425,0.3403357209873723,0.9527017830406969,32.708294448092076,30.31112627408952,0.2648809523809524,True
"제32회 대전연극제, 조선으로 베다",연극,충청,대전예술의전당,0.5537,1,356.0,356.0,0.0,0.0,7,0.3032995945982227,0.39284139893538567,0.9527017830406969,33.636437876828154,30.280266240236053,0.20833333333333334,True
장인영의 색소폰 오픈 콘서트 #5,서양음악(클래식),경인,보노마루,0.7241,1,147.0,147.0,0.0,0.0,1,0.43243751174591244,0.2783971539808402,0.9527017830406969,36.25934314107956,30.25934314107956,0.2164319248826291,True
금소연의 겨울이야기,대중음악,경인,보노마루,0.7241,1,147.0,147.0,0.0,0.0,1,0.43243751174591244,0.2783971539808402,0.9527017830406969,36.25934314107956,30.25934314107956,0.2164319248826291,True
제1회 김상엽 가야금 독주회 [안산],한국음악(국악),경인,보노마루,0.7241,1,147.0,147.0,0.0,0.0,1,0.43243751174591244,0.2783971539808402,0.9527017830406969,36.25934314107956,30.25934314107956,0.2164319248826291,True
12월의 선물: 팥눈이 통통통 Ⅹ 어서오세요! 숲 속 미용실입니다,연극,경인,보노마루,0.7241,1,147.0,147.0,0.0,0.0,1,0.43243751174591244,0.2783971539808402,0.9527017830406969,36.25934314107956,30.25934314107956,0.2164319248826291,True
"4.16 가족극단 노란리본 10주기 기획공연 연속, 극: 애숙이랑 태팔이랑 [안산]",연극,경인,보노마루,0.7241,1,147.0,147.0,0.0,0.0,1,0.43243751174591244,0.2783971539808402,0.9527017830406969,36.25934314107956,30.25934314107956,0.2164319248826291,True
Neon Crew 정기공연 [안산],대중무용,경인,보노마루,0.7241,1,147.0,147.0,0.0,0.0,1,0.43243751174591244,0.2783971539808402,0.9527017830406969,36.25934314107956,30.25934314107956,0.2164319248826291,True
가온어린이합창단 정기연주회,서양음악(클래식),경인,보노마루,0.7241,1,147.0,147.0,0.0,0.0,1,0.43243751174591244,0.2783971539808402,0.9527017830406969,36.25934314107956,30.25934314107956,0.2164319248826291,True
갑진년 대동놀이굿 한마당 [안산],한국음악(국악),경인,보노마루,0.7241,1,147.0,147.0,0.0,0.0,1,0.43243751174591244,0.2783971539808402,0.9527017830406969,36.25934314107956,30.25934314107956,0.2164319248826291,True
제25회 경기청소년국악관현악단 정기연주회,한국음악(국악),경인,성남아트센터,0.6614,1,250.0,250.0,0.0,0.0,7,0.3808091926866593,0.3364129518183312,0.9527017830406969,36.238777396177554,30.238777396177554,0.21220657276995306,True
세탁소엔 붕어빵이 있다 [서귀포],연극,제주,서귀포예술의전당,0.4239,2,680.0,340.0,0.0,0.0,5,0.21831288425913498,0.6330862741339558,0.9527017830406969,33.42202652394787,30.238466418356516,0.26373626373626374,True
"DF 아티스트 시리즈 1, 소프라노 문혜연 독창회 [성남]",서양음악(클래식),경인,성남아트리움 (구. 성남시민회관),0.6016,1,388.0,388.0,0.0,0.0,10,0.33583912798346177,0.4052492277669649,0.9527017830406969,36.204925197255996,30.204925197255996,0.2112676056338028,True
"타악, 제주를 노래하다",서양음악(클래식),제주,김정문화회관,0.6212,1,205.0,205.0,0.0,0.0,7,0.348162268102129,0.3131192244120906,0.9527017830406969,33.36974706174213,30.186186956150777,0.25274725274725274,True
복순이할배 [부산],뮤지컬,영남,영산대학교 [해운대],0.46665,2,280.0,140.0,0.0,0.0,3,0.24424785888796413,0.5007726626899693,0.9527017830406969,32.550278162019616,30.15310998801706,0.2638888888888889,True
헤르츠 뮤직 콘서트: 책 먹는 여우의 검은 유령,서양음악(클래식),충청,계룡문화예술의전당,0.5,2,200.0,100.0,0.0,0.0,2,0.2684645743281338,0.464857989497693,0.9527017830406969,33.43954128757118,30.08336965097908,0.2037037037037037,True
유실물센터 [안산],연극,경인,안산문화예술의전당,0.5714,2,160.0,80.0,0.0,0.0,6,0.31398501892769887,0.4439147868587307,0.9527017830406969,36.063278105743876,30.063278105743876,0.21032863849765257,True
시네마 클래식,서양음악(클래식),경인,파주운정행복센터,0.6213,1,333.0,333.0,0.0,0.0,9,0.3485649850994711,0.3791039584046131,0.9527017830406969,36.04736985587474,30.04736985587474,0.20938967136150236,True
"해피컬처페스티벌, 이상한 나라의 앨리스",무용(서양/한국무용),영남,안동문화예술의전당,0.409425,4,452.0,113.0,0.0,0.0,7,0.21107740220688914,0.6168960947578043,0.9527017830406969,32.41528562514336,30.018117451140807,0.2628968253968254,True
나를 죽게 만든 사람들 [안산],연극,경인,안산문화예술의전당,0.75,1,105.0,105.0,0.0,0.0,6,0.45536553279458747,0.25284352152970124,0.9527017830406969,35.987926539010516,29.987926539010516,0.2084507042253521,True
"제32회 젊은연극제, 한여름밤의 꿈",연극,서울,선돌극장,0.34615,2,90.0,45.0,0.0,0.0,1,0.1698660294788842,0.4000651451170466,0.9527017830406969,23.928540372620148,29.928540372620148,0.4180633147113594,True
철원역1924,연극,기타,철원군 화강문화센터,0.39225,2,273.0,136.5,0.0,0.0,6,0.19730448089779043,0.4978009003187106,0.9527017830406969,28.569618435618914,29.923908388615725,0.22151898734177214,True
제40회 인하오케스트라 정기연주회,서양음악(클래식),경인,아트센터 인천,0.5182,1,895.0,895.0,0.0,0.0,6,0.2814589094423712,0.5179952129066405,0.9527017830406969,35.92355424470522,29.923554244705223,0.20751173708920187,True
"제43회 대구음악제, 대구-제주 교류: Cantabile",서양음악(클래식),영남,대구콘서트하우스,0.625,1,155.0,155.0,0.0,0.0,7,0.35220286197546113,0.2841169754207006,0.9527017830406969,32.32024181995631,29.923073645953753,0.2619047619047619,True
파주윈드오케스트라와 함께하는 희망음악회,서양음악(클래식),경인,파주운정행복센터,0.6194,1,332.0,332.0,0.0,0.0,9,0.34633661771417834,0.378838216181749,0.9527017830406969,35.898851950920644,29.898851950920644,0.20657276995305165,True
"삼성전자와 함께하는 축하콘서트, Part 1 참가 합창단",서양음악(클래식),기타,강릉아트센터(구. 강릉문화예술관),0.429,1,417.0,417.0,0.0,0.0,7,0.2215211963379601,0.41692120599870813,0.9527017830406969,28.52796329441803,29.88225324741484,0.21518987341772153,True
"제32회 젊은연극제, 12인의 성난 사람들",연극,서울,공간아울,0.29302,5,252.0,50.4,0.0,0.0,2,0.1360646495019733,0.5527850256100594,0.9527017830406969,23.83799324285979,29.83799324285979,0.4171322160148976,True
가행 (歌行) : 돛대도 아니 달고,서양음악(클래식),경인,성남아트리움 (구. 성남시민회관),0.5984,1,386.0,386.0,0.0,0.0,10,0.33049641581872363,0.4042085697302215,0.9527017830406969,35.821375573863065,29.821375573863065,0.20422535211267606,True
제4회 E.Ruem 오케스트라 연주회 [성남],서양음악(클래식),경인,성남아트리움 (구. 성남시민회관),0.5984,1,386.0,386.0,0.0,0.0,10,0.33049641581872363,0.4042085697302215,0.9527017830406969,35.821375573863065,29.821375573863065,0.20422535211267606,True
제9회 Viva Musica 정기연주회 [성남],서양음악(클래식),경인,성남아트리움 (구. 성남시민회관),0.5984,1,386.0,386.0,0.0,0.0,10,0.33049641581872363,0.4042085697302215,0.9527017830406969,35.821375573863065,29.821375573863065,0.20422535211267606,True
박태현 전국 창작동요제 [성남],서양음악(클래식),경인,성남아트리움 (구. 성남시민회관),0.5984,1,386.0,386.0,0.0,0.0,10,0.33049641581872363,0.4042085697302215,0.9527017830406969,35.821375573863065,29.821375573863065,0.20422535211267606,True
제3회 카펠라엘스 정기 연주회,서양음악(클래식),서울,연세대학교 백주년기념관,0.3619,1,300.0,300.0,0.0,0.0,7,0.18024270411039817,0.36152271181921314,0.9527017830406969,23.81051840427078,29.81051840427078,0.41620111731843573,True
제16회 뮤젠 오케스트라 정기연주회,서양음악(클래식),경인,성남아트센터,0.5445,1,600.0,600.0,0.0,0.0,7,0.29774210003490215,0.47210999841340395,0.9527017830406969,35.80316562508122,29.80316562508122,0.20187793427230047,True
"부산철현금보존회 시리즈 1, 비산",한국음악(국악),영남,국립부산국악원,0.6159,1,170.0,170.0,0.0,0.0,5,0.3445780868257846,0.29074897630362756,0.9527017830406969,32.19436555092584,29.797197376923283,0.26091269841269843,True
엘렉톤 앙상블 그나데와 함께하는 가족음악회,서양음악(클래식),경인,성남아트센터,0.6534,1,247.0,247.0,0.0,0.0,7,0.37506376352457915,0.33301215143541657,0.9527017830406969,35.764083213141454,29.764083213141454,0.20093896713615023,True
대한민국 해군 호국음악회 [서울],대중음악,서울,장충체육관,0.2884,1,1300.0,1300.0,0.0,0.0,6,0.1336214997180981,0.5633454766976378,0.9527017830406969,23.759414255237687,29.759414255237687,0.41527001862197394,True
"제17회 예문학생예술단음악회, HARMONY [부산]",서양음악(클래식),영남,부산학생예술문화회관,0.4915,1,491.0,491.0,0.0,0.0,5,0.2606518645796977,0.4398914003352393,0.9527017830406969,32.134732594622506,29.73756442061995,0.25992063492063494,True
제10회 수성청소년오케스트라 정기연주회 [대구],서양음악(클래식),영남,수성아트피아,0.4797,1,556.0,556.0,0.0,0.0,3,0.2529465460305528,0.4599642245205424,0.9527017830406969,32.12971503659512,29.732546862592567,0.25892857142857145,True
심청날다,뮤지컬,충청,대전시립연정국악원,0.42,2,630.0,315.0,0.0,0.0,6,0.21656777727065268,0.6235547280592187,0.9527017830406969,33.06025006032971,29.704078423737606,0.19907407407407407,True
영남대학교 성악과 동문음악회: 대구시민과 함께하는 중창의 밤,서양음악(클래식),영남,대구콘서트하우스,0.4688,1,602.0,602.0,0.0,0.0,7,0.24604666147609203,0.47531948274275837,0.9527017830406969,32.01877647383996,29.6216082998374,0.25744047619047616,True
제14회 작곡가 박태준 기념음악회,서양음악(클래식),영남,대구콘서트하우스,0.4688,1,602.0,602.0,0.0,0.0,7,0.24604666147609203,0.47531948274275837,0.9527017830406969,32.01877647383996,29.6216082998374,0.25744047619047616,True
Bohemian in Paris avec Classione,서양음악(클래식),경인,성남아트센터,0.6481,1,245.0,245.0,0.0,0.0,7,0.3713184954492979,0.33230904498087704,0.9527017830406969,35.51933401272447,29.51933401272447,0.2,True
대한민국 해군 호국음악회 [부산],서양음악(클래식),영남,벡스코 (BEXCO),0.4223,1,1350.0,1350.0,0.0,0.0,6,0.21768196096329906,0.565165145652516,0.9527017830406969,31.883325495778724,29.48615732177617,0.25595238095238093,True
효성관현악단 정기연주회 [대구],서양음악(클래식),영남,대구콘서트하우스,0.4673,1,600.0,600.0,0.0,0.0,7,0.2452949230810535,0.47210999841340395,0.9527017830406969,31.873548396483443,29.476380222480888,0.25496031746031744,True
"첼리스트 김해은 & 기타리스트 장대건, 시와 음악",서양음악(클래식),영남,신세계 문화홀 8층 [대구],0.5578,1,251.0,251.0,0.0,0.0,10,0.30652133057695924,0.3370886667129025,0.9527017830406969,31.84007498078773,29.442906806785174,0.25396825396825395,True
공감락 페스티벌 [경산],대중음악,영남,천마아트센터,0.4463,1,843.0,843.0,0.0,0.0,7,0.23136091497301797,0.5131041388918135,0.9527017830406969,31.816778390403016,29.41961021640046,0.25297619047619047,True
아파야 낫는다 건강백세!,연극,서울,두산아트센터,0.2933,3,264.0,88.0,0.0,0.0,1,0.13615861680135313,0.528256041969272,0.9527017830406969,23.418812406122612,29.418812406122612,0.4143389199255121,True
라라라온 [대구 헤비],대중음악,영남,클럽헤비,0.7,1,70.0,70.0,0.0,0.0,2,0.40999275109404787,0.2170594506189413,0.9527017830406969,31.790487422488734,29.39331924848618,0.251984126984127,True
향산: 잃어버린 것 [대구],연극,영남,달서아트센터 (구. 웃는얼굴아트센터),0.6274,1,133.0,133.0,0.0,0.0,6,0.35433726206137406,0.27005148192121736,0.9527017830406969,31.785476105479127,29.38830793147657,0.2509920634920635,True
리처드 3세,연극,서울,동숭무대소극장,0.29835,4,179.0,44.75,0.0,0.0,3,0.13921926598115283,0.5085967008819782,0.9527017830406969,23.37593652336207,29.37593652336207,0.4134078212290503,True
10월의 어느 멋진 날에 [충주],서양음악(클래식),충청,충주시문화회관,0.5062,1,450.0,450.0,0.0,0.0,1,0.27388782989234034,0.4275062562292091,0.9527017830406969,32.728087745097234,29.371916108505133,0.19444444444444445,True
"광주시립창극단 교류공연, 국립민속국악원 찾아가는 국악원",한국음악(국악),호남,예술의 전당 [광주] (구. 광주문화예술회관),0.4067,1,205.0,205.0,0.0,0.0,8,0.20837919832469728,0.3131192244120906,0.9527017830406969,24.524293825147115,29.358704145487557,0.3315508021390374,True
"4.16 가족극단 노란리본 10주기 기획공연, 이웃에 살고 이웃에 죽고",연극,경인,보노마루,0.532,2,216.0,108.0,0.0,0.0,1,0.2896206405885038,0.4750031096819361,0.9527017830406969,35.30012855523738,29.30012855523738,0.19765258215962442,True
"4.16 가족극단 노란리본 10주기 기획공연: 온 마음으로 전하는 다섯가지 이야기, 그와 그녀의 옷장",연극,경인,보노마루,0.532,2,216.0,108.0,0.0,0.0,1,0.2896206405885038,0.4750031096819361,0.9527017830406969,35.30012855523738,29.30012855523738,0.19765258215962442,True
"4.16 가족극단 노란리본 10주기 기획공연: 온 마음으로 전하는 다섯가지 이야기, 기억여행",연극,경인,보노마루,0.532,2,216.0,108.0,0.0,0.0,1,0.2896206405885038,0.4750031096819361,0.9527017830406969,35.30012855523738,29.30012855523738,0.19765258215962442,True
"4.16 가족극단 노란리본 10주기 기획공연: 온 마음으로 전하는 다섯가지 이야기, 장기자랑",연극,경인,보노마루,0.532,2,216.0,108.0,0.0,0.0,1,0.2896206405885038,0.4750031096819361,0.9527017830406969,35.30012855523738,29.30012855523738,0.19765258215962442,True
제12회 당진챔버오케스트라 정기연주회,서양음악(클래식),충청,당진문예의전당,0.4995,1,500.0,500.0,0.0,0.0,5,0.2654710446478911,0.44474668867153244,0.9527017830406969,32.63287854575635,29.276706909164247,0.18981481481481483,True
제3회 마티네 콘체르토 콘서트,서양음악(클래식),서울,롯데콘서트홀,0.3021,1,615.0,615.0,0.0,0.0,6,0.143796815850941,0.4783880501080521,0.9527017830406969,23.257428297508156,29.257428297508156,0.40549348230912474,True
제4회 마티네 콘체르토 콘서트,서양음악(클래식),서울,롯데콘서트홀,0.3021,1,615.0,615.0,0.0,0.0,6,0.143796815850941,0.4783880501080521,0.9527017830406969,23.257428297508156,29.257428297508156,0.40549348230912474,True
제11회 잠현오케스트라 정기연주회,서양음악(클래식),서울,롯데콘서트홀,0.3021,1,615.0,615.0,0.0,0.0,6,0.143796815850941,0.4783880501080521,0.9527017830406969,23.257428297508156,29.257428297508156,0.40549348230912474,True
문시은 바이올린 독주회,서양음악(클래식),서울,롯데콘서트홀,0.3021,1,615.0,615.0,0.0,0.0,6,0.143796815850941,0.4783880501080521,0.9527017830406969,23.257428297508156,29.257428297508156,0.40549348230912474,True
"제1회 서울영재오케스트라, 실내악스케치",서양음악(클래식),서울,롯데콘서트홀,0.3021,1,615.0,615.0,0.0,0.0,6,0.143796815850941,0.4783880501080521,0.9527017830406969,23.257428297508156,29.257428297508156,0.40549348230912474,True
르블랑 아카데미 콘서트,서양음악(클래식),서울,롯데콘서트홀,0.3021,1,615.0,615.0,0.0,0.0,6,0.143796815850941,0.4783880501080521,0.9527017830406969,23.257428297508156,29.257428297508156,0.40549348230912474,True
소프라노 정주희 리사이틀,서양음악(클래식),서울,롯데콘서트홀,0.3021,1,615.0,615.0,0.0,0.0,6,0.143796815850941,0.4783880501080521,0.9527017830406969,23.257428297508156,29.257428297508156,0.40549348230912474,True
제5회 마티네 콘체르토 콘서트,서양음악(클래식),서울,롯데콘서트홀,0.3021,1,615.0,615.0,0.0,0.0,6,0.143796815850941,0.4783880501080521,0.9527017830406969,23.257428297508156,29.257428297508156,0.40549348230912474,True
제6회 마티네 콘체르토 콘서트,서양음악(클래식),서울,롯데콘서트홀,0.3021,1,615.0,615.0,0.0,0.0,6,0.143796815850941,0.4783880501080521,0.9527017830406969,23.257428297508156,29.257428297508156,0.40549348230912474,True
미라클 보이스 앙상블 정기연주회: This is Me,서양음악(클래식),서울,롯데콘서트홀,0.3021,1,615.0,615.0,0.0,0.0,6,0.143796815850941,0.4783880501080521,0.9527017830406969,23.257428297508156,29.257428297508156,0.40549348230912474,True
피아니스트 노한솔 모차르트 소나타 전곡 리사이틀 Ⅱ,서양음악(클래식),서울,롯데콘서트홀,0.3021,1,615.0,615.0,0.0,0.0,6,0.143796815850941,0.4783880501080521,0.9527017830406969,23.257428297508156,29.257428297508156,0.40549348230912474,True
서래나무&더퍼스트 스즈키 앙상블 콘서트,서양음악(클래식),서울,롯데콘서트홀,0.3021,1,615.0,615.0,0.0,0.0,6,0.143796815850941,0.4783880501080521,0.9527017830406969,23.257428297508156,29.257428297508156,0.40549348230912474,True
제29회 마티네 콘체르토 콘서트,서양음악(클래식),서울,롯데콘서트홀,0.3021,1,615.0,615.0,0.0,0.0,6,0.143796815850941,0.4783880501080521,0.9527017830406969,23.257428297508156,29.257428297508156,0.40549348230912474,True
제3회 SC브라이트 I AM Winner 마티네 콘서트 Part.2,서양음악(클래식),서울,롯데콘서트홀,0.3021,1,615.0,615.0,0.0,0.0,6,0.143796815850941,0.4783880501080521,0.9527017830406969,23.257428297508156,29.257428297508156,0.40549348230912474,True
한미연합국제콩쿠르 위너 라이징 스타 콘서트,서양음악(클래식),서울,롯데콘서트홀,0.3021,1,615.0,615.0,0.0,0.0,6,0.143796815850941,0.4783880501080521,0.9527017830406969,23.257428297508156,29.257428297508156,0.40549348230912474,True
제27회 마티네 콘체르토 콘서트,서양음악(클래식),서울,롯데콘서트홀,0.3021,1,615.0,615.0,0.0,0.0,6,0.143796815850941,0.4783880501080521,0.9527017830406969,23.257428297508156,29.257428297508156,0.40549348230912474,True
"충주시립택견단, 감동: The Touch",한국음악(국악),충청,충주시문화회관,0.5028,1,447.0,447.0,0.0,0.0,1,0.27229038580288345,0.4266716465509196,0.9527017830406969,32.58793923912039,29.231767602528286,0.18518518518518517,True
"토요일 토요일은 Classic 2, SOLO 인상",서양음악(클래식),제주,김정문화회관,0.603,1,199.0,199.0,0.0,0.0,7,0.3366445619781459,0.3056128349873758,0.9527017830406969,32.38706537290673,29.20350526731538,0.24175824175824176,True
김소연 가야금 독주회: 가즌회상,한국음악(국악),서울,공감M아트센터,0.5333,1,16.0,16.0,0.0,0.0,2,0.2909764544795554,0.16492083921505085,0.9527017830406969,23.185951499797746,29.185951499797746,0.39757914338919925,True
"남양주시립합창단, 클래식 세계여행: 슈트라우스의 왈츠",서양음악(클래식),경인,정약용도서관,0.6563,1,210.0,210.0,0.0,0.0,9,0.37676859881332725,0.31655332967508354,0.9527017830406969,35.1417653417574,29.1417653417574,0.19530516431924883,True
제11회 단원구여성합창단 정기연주회,서양음악(클래식),경인,안산문화예술의전당,0.5086,1,800.0,800.0,0.0,0.0,6,0.2750154374848981,0.5075502470968176,0.9527017830406969,35.14033206458509,29.14033206458509,0.19436619718309858,True
고유앙상블 시리즈,서양음악(클래식),경인,안산문화예술의전당,0.4302,3,924.0,308.0,0.0,0.0,6,0.2221118479340618,0.6985761438681507,0.9527017830406969,35.125986934553936,29.125986934553936,0.19342723004694837,True
개교122주년 신명 열린 음악회 및 제11회 윈드오케스트라 정기연주회,서양음악(클래식),영남,대구콘서트하우스,0.4626,1,594.0,594.0,0.0,0.0,7,0.2417510135044433,0.46806714484072387,0.9527017830406969,31.487939705379333,29.090771531376777,0.25,True
하늘을 난 라이트형제 시즌Ⅱ: 오픈리허설,뮤지컬,경인,다산아트홀,0.6109,1,303.0,303.0,0.0,0.0,3,0.34089993825006043,0.3655462111972353,0.9527017830406969,35.055249969660466,29.055249969660466,0.19248826291079812,True
꽃의정원 [인천],무용(서양/한국무용),경인,연수아트홀,0.6354,1,251.0,251.0,0.0,0.0,1,0.35955915912690956,0.3370886667129025,0.9527017830406969,35.039659254361396,29.039659254361396,0.19154929577464788,True
바다로 간 쓰레기,뮤지컬,서울,강북문화예술회관,0.25,4,668.0,167.0,0.0,0.0,7,0.11246543345772814,0.6687219619207972,0.9527017830406969,22.946141712366327,28.946141712366327,0.39664804469273746,True
제44회 파주시립예술단 정기연주회,서양음악(클래식),경인,솔가람아트홀,0.6633,1,199.0,199.0,0.0,0.0,4,0.3818831046795715,0.3056128349873758,0.9527017830406969,34.93227759141333,28.93227759141333,0.19061032863849764,True
"K. Music Festival, 클링엔클라리넷앙상블 & 클라랑클라리넷앙상블 [성남]",서양음악(클래식),경인,성남아트센터,0.6376,1,241.0,241.0,0.0,0.0,7,0.36252584100732943,0.3302805408967995,0.9527017830406969,34.92662136557663,28.92662136557663,0.18967136150234742,True
Tango Trio,대중음악,서울,자양스테이션(파리뮤직포럼),0.5,1,25.0,25.0,0.0,0.0,0,0.2684645743281338,0.1806327485231087,0.9527017830406969,22.911355686947672,28.911355686947672,0.3957169459962756,True
춤 북의 울림으로 추다,무용(서양/한국무용),영남,예주문화예술회관,0.533,1,283.0,283.0,0.0,0.0,4,0.2902515638843397,0.34959960470409934,0.9527017830406969,31.2674968097028,28.870328635700243,0.2490079365079365,True
제74회 군산시립교향악단 특별기획연주회,서양음악(클래식),호남,군산예술의전당,0.3408,1,409.0,409.0,0.0,0.0,4,0.16711412999704675,0.41458565146712306,0.9527017830406969,24.035524869044167,28.869935189384606,0.32887700534759357,True
제주설화 컴파운드 오페라 바다로 간  산신령,서양음악(클래식),제주,서귀포예술의전당,0.35912,5,1440.0,288.0,0.0,0.0,5,0.1786721078207641,0.7631741737405207,0.9527017830406969,31.93622082612834,28.752660720536987,0.23076923076923078,True
그놈은예뻤다 [태안],연극,충청,태안군문화예술회관,0.5167,1,355.0,355.0,0.0,0.0,3,0.2806937471474213,0.3924258527936594,0.9527017830406969,32.095392212182574,28.739220575590473,0.18055555555555555,True
"제23회 대진대학교 연기예술학과 졸업공연, 야키니쿠 드래곤",연극,경인,대진대학교,0.515,4,103.0,25.75,0.0,0.0,6,0.2795929873546863,0.47910565268775307,0.9527017830406969,34.68073416517869,28.68073416517869,0.18873239436619718,True
발달 장애인을 위한 아주 특별한 콘서트,서양음악(클래식),영남,수성아트피아,0.4599,1,533.0,533.0,0.0,0.0,3,0.2399522109163154,0.4546137812486727,0.9527017830406969,30.983601071807282,28.586432897804727,0.24801587301587302,True
이영희 명인과 함께하는 가야금 농현의 미,한국음악(국악),경인,성남아트센터,0.6323,1,239.0,239.0,0.0,0.0,7,0.35770666093913606,0.3286034541356915,0.9527017830406969,34.576821353390855,28.576821353390855,0.18779342723004694,True
"영남필하모니오케스트라 창작관현악축제, CONCERT 3: 동화 속으로! 오케스트라와 함께하는 음악여행",서양음악(클래식),영남,한영아트센터,0.615,1,123.0,123.0,0.0,0.0,2,0.3434102075334926,0.26413837329726925,0.9527017830406969,30.918649749637222,28.521481575634667,0.24702380952380953,True
한국가곡 100년을 노래하는 신춘음악회,서양음악(클래식),충청,당진문예의전당,0.4865,1,487.0,487.0,0.0,0.0,5,0.25734958520149276,0.438999169842358,0.9527017830406969,31.86394642144361,28.50777478485151,0.17592592592592593,True
"제29회 전국시립소년소녀합창제, 내일이 빛나는 새싹들의 향연 [광주]",서양음악(클래식),호남,예술의 전당 [광주] (구. 광주문화예술회관),0.26045,2,897.0,448.5,0.0,0.0,8,0.11829140601927672,0.6694411667275043,0.9527017830406969,23.662295983290683,28.49670630363112,0.32620320855614976,True
제29회 경기국악제 전국국악경연대회,한국음악(국악),경인,안산문화예술의전당,0.41993333,3,902.0,300.67,0.0,0.0,6,0.21642011437162725,0.6939045249226359,0.9527017830406969,34.49041826896609,28.49041826896609,0.18685446009389672,True
정상희 바이올린 독주회,서양음악(클래식),경인,성남아트센터,0.4841,2,366.0,183.0,0.0,0.0,7,0.2559400757107955,0.5392801019348435,0.9527017830406969,34.48329320865691,28.48329320865691,0.18591549295774648,True
청소년 가족을 위한 음악으로 떠나는 유럽여행 [안동],서양음악(클래식),영남,안동문화예술의전당,0.4698,1,467.0,467.0,0.0,0.0,7,0.2464762262732569,0.4329564272058959,0.9527017830406969,30.8775403588743,28.480372184871744,0.24603174603174602,True
제22회 상록구여성합창단 정기연주회,서양음악(클래식),경인,안산문화예술의전당,0.5587,1,400.0,400.0,0.0,0.0,6,0.3070180148736811,0.41026830465681363,0.9527017830406969,34.476685109449484,28.476685109449484,0.18403755868544602,True
The 3rd Concert The New Hope: Start 2024,서양음악(클래식),경인,안산문화예술의전당,0.5587,1,400.0,400.0,0.0,0.0,6,0.3070180148736811,0.41026830465681363,0.9527017830406969,34.476685109449484,28.476685109449484,0.18403755868544602,True
제23회 상록구여성합창단 정기연주회,서양음악(클래식),경인,안산문화예술의전당,0.5587,1,400.0,400.0,0.0,0.0,6,0.3070180148736811,0.41026830465681363,0.9527017830406969,34.476685109449484,28.476685109449484,0.18403755868544602,True
"Now, We are Free!, 탄금으로 퍼지다",연극,충청,충주시문화회관,0.4949,1,440.0,440.0,0.0,0.0,1,0.262464091067737,0.424856820370497,0.9527017830406969,31.82284285286357,28.466671216271468,0.1712962962962963,True
한 여름 날의 꿈,서양음악(클래식),제주,김정문화회관,0.5909,1,195.0,195.0,0.0,0.0,7,0.3252745187531882,0.303507151983994,0.9527017830406969,31.63862475085302,28.455064645261665,0.21978021978021978,True
잔칫날 : 가족의 초상,연극,서울,문화공간너나들이,0.5,1,20.0,20.0,0.0,0.0,0,0.2684645743281338,0.1707387574366526,0.9527017830406969,22.400877859630622,28.400877859630622,0.3947858472998138,True
"경기라온제나오케스트라 정기공연, 함께하는 음악",서양음악(클래식),경인,경기아트센터(구. 경기도문화의전당),0.5996,1,301.0,301.0,0.0,0.0,4,0.33123473031385076,0.36361911702232075,0.9527017830406969,34.38271783578623,28.38271783578623,0.18215962441314554,True
"국립현대무용단, 정글 [안동]",무용(서양/한국무용),영남,안동문화예술의전당,0.4668,1,464.0,464.0,0.0,0.0,7,0.24487878218380005,0.43223259018169813,0.9527017830406969,30.736732524704514,28.33956435070196,0.24503968253968253,True
"토요일 토요일은 Classic 3, 제주특별자치도립 서귀포예술단",서양음악(클래식),제주,김정문화회관,0.5879,1,194.0,194.0,0.0,0.0,7,0.32340859666550326,0.30307955831735645,0.9527017830406969,31.511827774696872,28.328267669105518,0.2087912087912088,True
Opera 야망춘향 [목포],서양음악(클래식),호남,목포문화예술회관,0.3639,1,254.0,254.0,0.0,0.0,6,0.18185357209976644,0.33797862024591074,0.9527017830406969,23.301763665971457,28.136173986311896,0.3235294117647059,True
제6회 오케스트링크 오케스트라 정기연주회,서양음악(클래식),경인,성남아트리움 (구. 성남시민회관),0.5643,1,364.0,364.0,0.0,0.0,10,0.3095282841571133,0.3952279812612706,0.9527017830406969,34.13180672916323,28.13180672916323,0.1812206572769953,True
"세대공감 음악회, 낭만에 대하여",서양음악(클래식),경인,고양아람누리,0.4997,1,724.0,724.0,0.0,0.0,6,0.26560528364700514,0.49720698005086683,0.9527017830406969,34.131620864752534,28.131620864752534,0.17981220657276994,True
제61회 RUBATO 정기연주회,서양음악(클래식),경인,고양아람누리,0.4997,1,724.0,724.0,0.0,0.0,6,0.26560528364700514,0.49720698005086683,0.9527017830406969,34.131620864752534,28.131620864752534,0.17981220657276994,True
빛고을국악전수관 X 광주시립국악관현악단: 해설이 있는 국악콘서트 Ⅱ [광주],한국음악(국악),호남,빛고을국악전수관,0.4615,1,72.0,72.0,0.0,0.0,4,0.2412006336080758,0.22046993662223924,0.9527017830406969,23.268415884397935,28.102826204738378,0.32085561497326204,True
청춘기록(祿) [안산],연극,경인,안산문화예술의전당,0.7143,1,100.0,100.0,0.0,0.0,6,0.42361800950412115,0.24540053022817968,0.9527017830406969,34.05139023862062,28.05139023862062,0.17652582159624414,True
판소리와 함께하는 가족음악회: 제비의 모험,한국음악(국악),경인,안산문화예술의전당,0.7143,1,100.0,100.0,0.0,0.0,6,0.42361800950412115,0.24540053022817968,0.9527017830406969,34.05139023862062,28.05139023862062,0.17652582159624414,True
"(사) 한국고전무용중앙협회 안산지부창단 기념공연, 임예주 전통춤판 Ⅶ",무용(서양/한국무용),경인,안산문화예술의전당,0.7143,1,100.0,100.0,0.0,0.0,6,0.42361800950412115,0.24540053022817968,0.9527017830406969,34.05139023862062,28.05139023862062,0.17652582159624414,True
"소울비트와 함께하는 국악 앙상블, 緣 (연)",한국음악(국악),경인,안산문화예술의전당,0.7143,1,100.0,100.0,0.0,0.0,6,0.42361800950412115,0.24540053022817968,0.9527017830406969,34.05139023862062,28.05139023862062,0.17652582159624414,True
제38회 별망성 전국 음협 콩쿠르수상자 음악회,서양음악(클래식),경인,안산문화예술의전당,0.7143,1,100.0,100.0,0.0,0.0,6,0.42361800950412115,0.24540053022817968,0.9527017830406969,34.05139023862062,28.05139023862062,0.17652582159624414,True
"신년음악회: 비상, 그 시작과 끝 [충주]",서양음악(클래식),충청,충주시문화회관,0.4871,1,433.0,433.0,0.0,0.0,1,0.2576180631997208,0.4220478779979027,0.9527017830406969,31.385602848820778,28.029431212228676,0.16666666666666666,True
"부산시립청소년교향악단 특별연주회, 유망주음악회: Together",서양음악(클래식),영남,부산문화회관,0.40855,2,335.0,167.5,0.0,0.0,7,0.21054044621043305,0.5263883842875423,0.9527017830406969,30.375528457690642,27.978360283688087,0.24404761904761904,True
제19회 중앙 어울림오케스트라 정기연주회 [대구],서양음악(클래식),영남,수성아트피아,0.4478,1,519.0,519.0,0.0,0.0,3,0.23243482696593015,0.4513143228049028,0.9527017830406969,30.309053013419568,27.911884839417013,0.24305555555555555,True
바람의 구름을 춤/출/때,무용(서양/한국무용),충청,논산아트센터(구. 논산문화예술회관),0.525,1,294.0,294.0,0.0,0.0,5,0.2858216769135769,0.3550061225262512,0.9527017830406969,31.171050229014067,27.814878592421966,0.16203703703703703,True
"모두뮤직페스타, Belonging Ⅲ: 연결 Tapestry of Belonging",서양음악(클래식),서울,모두예술극장,0.3938,1,102.0,102.0,0.0,0.0,0,0.1982710016914114,0.2513743182460658,0.9527017830406969,21.801374877454432,27.801374877454432,0.39385474860335196,True
놀면 뭐하니? 우리들의 축제,대중음악,서울,서울어린이대공원,0.2486,1,1989.0,1989.0,0.0,0.0,7,0.11117673906623352,0.5932450534329681,0.9527017830406969,21.722110029886192,27.722110029886192,0.3929236499068901,True
안동에 와봤니껴?! [안동],연극,영남,안동문화예술의전당,0.42755,2,236.0,118.0,0.0,0.0,7,0.21988348054876902,0.48257502134651664,0.9527017830406969,30.112131416551023,27.714963242548468,0.24206349206349206,True
소프라노 강경이 독창회,서양음악(클래식),서울,영산아트홀,0.3428,1,205.0,205.0,0.0,0.0,4,0.16813434639031333,0.3131192244120906,0.9527017830406969,21.561439740146934,27.561439740146934,0.3919925512104283,True
음악은 언어가 아니다,한국음악(국악),서울,연희예술극장,0.4348,1,50.0,50.0,0.0,0.0,2,0.22482347571616507,0.1994745845049966,0.9527017830406969,21.431867825173196,27.431867825173196,0.39106145251396646,True
"토요일 토요일은 Classic 1, 앙상블 퍼플 [제주]",서양음악(클래식),제주,김정문화회관,0.5667,1,187.0,187.0,0.0,0.0,7,0.31100491314736756,0.2986475645619186,0.9527017830406969,30.60017716685548,27.416617061264127,0.1978021978021978,True
PAG 전국 실용무용경연대회 페스티벌,무용(서양/한국무용),영남,강동문화복지회관,0.4828,1,322.0,322.0,0.0,0.0,6,0.25500040271699737,0.37558757654242403,0.9527017830406969,29.772068337762104,27.37490016375955,0.24107142857142858,True
이주희 피아노 독주회,서양음악(클래식),서울,예술의전당 [서울],0.44,1,44.0,44.0,0.0,0.0,10,0.22788412489596477,0.19405098937658777,0.9527017830406969,21.369521009561762,27.369521009561762,0.38966480446927376,True
황소명 피아노 독주회,서양음악(클래식),서울,예술의전당 [서울],0.44,1,44.0,44.0,0.0,0.0,10,0.22788412489596477,0.19405098937658777,0.9527017830406969,21.369521009561762,27.369521009561762,0.38966480446927376,True
파주국악대제전,한국음악(국악),경인,파주운정행복센터,0.569,1,305.0,305.0,0.0,0.0,9,0.3122667597390394,0.36849358966396245,0.9527017830406969,33.36471572944134,27.364715729441343,0.17370892018779344,True
"인천 중구 꿈의 무용단, 댄스로 나르샤 [인천]",무용(서양/한국무용),경인,인천중구문화회관,0.5517,1,352.0,352.0,0.0,0.0,2,0.3023196499046903,0.38624963580291993,0.9527017830406969,33.34471875782655,27.34471875782655,0.1727699530516432,True
무대게임,연극,서울,상명아트홀,0.3032,2,57.0,28.5,0.0,0.0,5,0.1453808360404865,0.37841416342428713,0.9527017830406969,21.31529023013401,27.31529023013401,0.388268156424581,True
"제1회 김광석 노래상 경연대회, 김광석 다시 부르기",대중음악,서울,학전,0.4021,1,78.0,78.0,0.0,0.0,0,0.20594947244073347,0.223801782386578,0.9527017830406969,21.29128271196825,27.29128271196825,0.38733705772811916,True
여순사건 75주년 기념 전남도립국악단 토요특별공연 여순가무악희: 또다른 숲을 시작하세요,한국음악(국악),호남,남도소리울림터,0.362,1,202.0,202.0,0.0,0.0,1,0.18032324750986656,0.31194866041128844,0.9527017830406969,22.452478132744783,27.286888453085226,0.3181818181818182,True
제4회 Camerata 송년음악회,서양음악(클래식),경인,성남아트센터,0.6058,1,229.0,229.0,0.0,0.0,7,0.3378795607699949,0.32427100114965246,0.9527017830406969,33.236891359522616,27.236891359522616,0.17183098591549295,True
국악 콘서트: 광산오락관 [광주],한국음악(국악),호남,광산문화예술회관,0.3648,1,197.0,197.0,0.0,0.0,1,0.18220259349746287,0.3045933833104179,0.9527017830406969,22.377981921502283,27.21239224184272,0.3155080213903743,True
"광명 어린이 상상주간, 고래바위에서 기다려",연극,경인,광명문화예술교육지원센터 광명극장,0.5854,1,281.0,281.0,0.0,0.0,1,0.32167691357693234,0.34837141988870546,0.9527017830406969,33.21000518016213,27.210005180162128,0.17089201877934274,True
제5회 울산학생오케스트라 정기연주회 [울산],서양음악(클래식),영남,울산광역시학생교육문화회관,0.4759,1,336.0,336.0,0.0,0.0,2,0.2500469836496899,0.38025318010559334,0.9527017830406969,29.569372878525463,27.17220470452291,0.2400793650793651,True
제12회 빠체남성합창단 정기연주회 [대구],서양음악(클래식),영남,수성아트피아,0.5482,1,165.0,165.0,0.0,0.0,3,0.29952747872311863,0.28881624068867573,0.9527017830406969,29.519612129831884,27.12244395582933,0.2390873015873016,True
제20회 소프라노 강경이 독창회,서양음악(클래식),서울,영산아트홀,0.3344,1,200.0,200.0,0.0,0.0,4,0.16339570972158832,0.30856354391352186,0.9527017830406969,21.07085871118918,27.07085871118918,0.3850093109869646,True
피아노 듀오 보눔(Bonum) 창단연주회,서양음악(클래식),서울,영산아트홀,0.3344,1,200.0,200.0,0.0,0.0,4,0.16339570972158832,0.30856354391352186,0.9527017830406969,21.07085871118918,27.07085871118918,0.3850093109869646,True
"영산아트홀 전문연주자 시리즈, 이준화 바이올린 독주회",서양음악(클래식),서울,영산아트홀,0.3344,1,200.0,200.0,0.0,0.0,4,0.16339570972158832,0.30856354391352186,0.9527017830406969,21.07085871118918,27.07085871118918,0.3850093109869646,True
"아이슬러 듀오 창단 연주회, 김동준 & 김다솔 피아노 듀오 콘서트",서양음악(클래식),서울,영산아트홀,0.3344,1,200.0,200.0,0.0,0.0,4,0.16339570972158832,0.30856354391352186,0.9527017830406969,21.07085871118918,27.07085871118918,0.3850093109869646,True
"울산학생예술단, 겨울 별빛 음악회 [울산]",서양음악(클래식),영남,울산광역시학생교육문화회관,0.4717,1,333.0,333.0,0.0,0.0,2,0.2475769860659919,0.3791039584046131,0.9527017830406969,29.358204454630936,26.96103628062838,0.23809523809523808,True
제34회 안산시 여성합창단 정기공연,서양음악(클래식),경인,안산문화예술의전당,0.4749,1,747.0,747.0,0.0,0.0,6,0.24955029935296802,0.5000000346282585,0.9527017830406969,32.95208284918432,26.952082849184322,0.1699530516431925,True
"신춘음악회, 태안의 새봄! 새로운 태안!",대중음악,충청,태안군문화예술회관,0.4905,1,337.0,337.0,0.0,0.0,3,0.25999409348403896,0.380783560056394,0.9527017830406969,30.286519332132805,26.930347695540704,0.1574074074074074,True
333희극희큭낭독극장 [안산],연극,경인,보노마루,0.4926,2,200.0,100.0,0.0,0.0,1,0.261363331275002,0.464857989497693,0.9527017830406969,32.905986407492236,26.905986407492236,0.16854460093896714,True
심판 [안산],연극,경인,보노마루,0.4926,2,200.0,100.0,0.0,0.0,1,0.261363331275002,0.464857989497693,0.9527017830406969,32.905986407492236,26.905986407492236,0.16854460093896714,True
우리가 봄이 되는 날 [대전],연극,충청,작은극장 다함,0.6,1,120.0,120.0,0.0,0.0,0,0.3332348914006497,0.2618296665655069,0.9527017830406969,30.25922647576276,26.903054839170657,0.1527777777777778,True
I am I [인천],연극,경인,청학아트홀,0.4505,3,300.0,100.0,0.0,0.0,1,0.2345155314521975,0.5457692343065526,0.9527017830406969,32.878090483779616,26.878090483779616,0.1671361502347418,True
멀미,연극,경인,한홀 소극장,0.5208,2,100.0,50.0,0.0,0.0,0,0.283955754825892,0.4086136538266876,0.9527017830406969,32.84547559031479,26.84547559031479,0.16619718309859155,True
소프라노 홍아름 독창회,서양음악(클래식),서울,영산아트홀,0.3328,1,199.0,199.0,0.0,0.0,4,0.1609794077375359,0.3056128349873758,0.9527017830406969,20.80323288979307,26.80323288979307,0.38221601489757917,True
"영산아트홀 파이프오르간 시리즈, 김현서 파이프오르간 독주회",서양음악(클래식),서울,영산아트홀,0.3328,1,199.0,199.0,0.0,0.0,4,0.1609794077375359,0.3056128349873758,0.9527017830406969,20.80323288979307,26.80323288979307,0.38221601489757917,True
"남양주시립합창단 기획연주회, 힐링하러 가요 (11.14) [남양주]",서양음악(클래식),경인,정약용도서관,0.6156,1,197.0,197.0,0.0,0.0,9,0.34430960882755657,0.3045933833104179,0.9527017830406969,32.78367771949289,26.783677719492893,0.1652582159624413,True
영남필하모니오케스트라 창작관현악축제: CONCERT 1,서양음악(클래식),영남,한영아트센터,0.575,1,115.0,115.0,0.0,0.0,2,0.31607914731387765,0.2581186721396116,0.9527017830406969,29.147766109332352,26.750597935329797,0.2371031746031746,True
오월어머니의 노래,대중음악,호남,국립아시아문화전당,0.3594,1,184.0,184.0,0.0,0.0,6,0.17880634681987811,0.2969875889848684,0.9527017830406969,21.904083099086808,26.73849341942725,0.31283422459893045,True
제5회 비발디관현악학원 정기연주회,서양음악(클래식),경인,안산문화예술의전당,0.5223,1,374.0,374.0,0.0,0.0,6,0.2848954278196902,0.4001378488074458,0.9527017830406969,32.63586596899846,26.63586596899846,0.1643192488262911,True
소프라노 이예지 귀국 독창회,서양음악(클래식),영남,달서아트센터 (구. 웃는얼굴아트센터),0.566,1,120.0,120.0,0.0,0.0,6,0.3106290439498483,0.2618296665655069,0.9527017830406969,29.010337216321126,26.61316904231857,0.2361111111111111,True
"삼성전자와 함께하는 축하콘서트, 국립합창단",서양음악(클래식),기타,강릉아트센터(구. 강릉문화예술관),0.3735,1,363.0,363.0,0.0,0.0,7,0.18660563266840283,0.39498613017817435,0.9527017830406969,25.187646386958317,26.54193633995513,0.2088607594936709,True
"CK ON STAGE: 브루클린, 마른 대지, 지켜줘 봄,봄,봄",뮤지컬,서울,한예극장,0.215,14,602.0,43.0,0.0,0.0,0,0.09181947539399146,0.6839671267960062,0.9527017830406969,20.500996705221507,26.500996705221507,0.3808193668528864,True
제8회 다카포 오케스트라 정기 연주회,서양음악(클래식),경인,성남아트리움 (구. 성남시민회관),0.5333,1,344.0,344.0,0.0,0.0,10,0.2909764544795554,0.38340076158068237,0.9527017830406969,32.4919590435247,26.4919590435247,0.16338028169014085,True
국민대화합 한마당 [부산],대중음악,영남,벡스코 (BEXCO),0.3557,1,2134.0,2134.0,0.0,0.0,6,0.17622895803688887,0.6035332827394346,0.9527017830406969,28.835458015326832,26.438289841324277,0.23511904761904762,True
"해피컬처페스티벌, 아토앙상블의 러브 스토리",서양음악(클래식),영남,안동문화예술의전당,0.40215,2,222.0,111.0,0.0,0.0,7,0.2060568636400247,0.4772453256189416,0.9527017830406969,28.832939751442098,26.435771577439542,0.23412698412698413,True
공감콘서트 [태안],대중음악,충청,태안군문화예술회관,0.4803,1,330.0,330.0,0.0,0.0,3,0.2535237737267431,0.37827575481119735,0.9527017830406969,29.75326408921456,26.39709245262246,0.14814814814814814,True
음악영재아카데미 영재콘서트 [대전],서양음악(클래식),충청,대전예술의전당,0.4852,1,312.0,312.0,0.0,0.0,7,0.2565709990066314,0.3712548856970575,0.9527017830406969,29.74359166000149,26.387420023409387,0.14351851851851852,True
동백꽃 피는 날,뮤지컬,제주,서귀포예술의전당,0.3666,2,588.0,294.0,0.0,0.0,5,0.18312884259134965,0.6064170478803136,0.9527017830406969,29.5639603473486,26.380400241757247,0.18681318681318682,True
제6회 V.I.P 타악앙상블 정기연주회,서양음악(클래식),영남,(재)영화의전당,0.4447,1,374.0,374.0,0.0,0.0,8,0.23051520927859961,0.4001378488074458,0.9527017830406969,28.7411144647495,26.343946290746945,0.23214285714285715,True
제7회 Young V.I.P 타악앙상블 정기 연주회,서양음악(클래식),영남,(재)영화의전당,0.4447,1,374.0,374.0,0.0,0.0,8,0.23051520927859961,0.4001378488074458,0.9527017830406969,28.7411144647495,26.343946290746945,0.23214285714285715,True
제17회 디가디가 타악기 앙상블 정기연주회,서양음악(클래식),영남,(재)영화의전당,0.4447,1,374.0,374.0,0.0,0.0,8,0.23051520927859961,0.4001378488074458,0.9527017830406969,28.7411144647495,26.343946290746945,0.23214285714285715,True
제2회 BPS챔버오케스트라 정기연주회,서양음악(클래식),경인,성남아트센터,0.4864,1,536.0,536.0,0.0,0.0,7,0.25725561790211293,0.455523496796448,0.9527017830406969,32.331304959873854,26.331304959873854,0.1624413145539906,True
진행밭의 파수꾼 X 러비더비더빙 발표회,연극,경인,보노마루,0.6404,1,130.0,130.0,0.0,0.0,1,0.36602947888420545,0.26831385163473553,0.9527017830406969,32.327109594681886,26.327109594681886,0.16056338028169015,True
제7회 노래하는 피아노 정기연주회,서양음악(클래식),경인,보노마루,0.6404,1,130.0,130.0,0.0,0.0,1,0.36602947888420545,0.26831385163473553,0.9527017830406969,32.327109594681886,26.327109594681886,0.16056338028169015,True
제11회 안산시 전국 가족동요대회,서양음악(클래식),경인,보노마루,0.6404,1,130.0,130.0,0.0,0.0,1,0.36602947888420545,0.26831385163473553,0.9527017830406969,32.327109594681886,26.327109594681886,0.16056338028169015,True
제16회 라모 라이징스타 콘서트,서양음악(클래식),영남,대구콘서트하우스,0.5444,1,135.0,135.0,0.0,0.0,7,0.2975810132359653,0.2709600929740652,0.9527017830406969,28.66323893637222,26.266070762369665,0.23015873015873015,True
강초롱 플루트 독주회: My Playlist,서양음악(클래식),서울,꿈의숲아트센터,0.3522,1,106.0,106.0,0.0,0.0,8,0.17437645984911537,0.2533354819458953,0.9527017830406969,20.247486695426986,26.247486695426986,0.37942271880819367,True
제1회 명지대학교 피아노전공 정기연주회,서양음악(클래식),서울,꿈의숲아트센터,0.3522,1,106.0,106.0,0.0,0.0,8,0.17437645984911537,0.2533354819458953,0.9527017830406969,20.247486695426986,26.247486695426986,0.37942271880819367,True
"김천합창제, 합창으로 하나되는 김천: 합창뷔페",서양음악(클래식),영남,김천시문화예술회관,0.4343,1,403.0,403.0,0.0,0.0,6,0.22439391091900018,0.4117861398094759,0.9527017830406969,28.60719857520298,26.210030401200424,0.22916666666666666,True
"해피 위켄드 콘서트, 기타리시모 [통영]",서양음악(클래식),영남,통영국제음악당,0.4072,1,533.0,533.0,0.0,0.0,6,0.209104088919913,0.4546137812486727,0.9527017830406969,28.528212048576922,26.131043874574367,0.22817460317460317,True
당신은 초록색 펜일까 그걸 쥔 손일까,연극,서울,두산아트센터,0.2433,3,219.0,73.0,0.0,0.0,1,0.10798185088731978,0.5103513305700693,0.9527017830406969,20.098246153453353,26.098246153453353,0.3780260707635009,True
제28기 대전예술의전당 음악영재아카데미 영재콘서트 [대전],서양음악(클래식),충청,대전예술의전당,0.479,1,308.0,308.0,0.0,0.0,7,0.25244986173383094,0.3697480105490154,0.9527017830406969,29.408130754603505,26.051959118011403,0.1388888888888889,True
피아니스트 박종훈의 모짜르트의 봄,서양음악(클래식),영남,신세계 문화홀 8층 [대구],0.4933,1,222.0,222.0,0.0,0.0,10,0.2618600155717239,0.3217455749095255,0.9527017830406969,28.43456224885183,26.037394074849274,0.22718253968253968,True
강원도립국악관현악단 신년음악회,한국음악(국악),기타,원주백운아트홀,0.3659,1,352.0,352.0,0.0,0.0,4,0.1828335167932988,0.38624963580291993,0.9527017830406969,24.659298681465263,26.013588634462074,0.20253164556962025,True
조선통신사 OK,한국음악(국악),영남,부산학생예술문화회관,0.4254,1,425.0,425.0,0.0,0.0,5,0.21889011195532526,0.4194953830732619,0.9527017830406969,28.393998835429656,25.9968306614271,0.2261904761904762,True
제3회 광양 K-POP 페스티벌,대중음악,호남,광양공설운동장,0.2055,2,3280.0,1640.0,0.0,0.0,2,0.08682578462694981,0.7975187918303108,0.9527017830406969,21.080727772902478,25.915138093242916,0.31016042780748665,True
The Romantic,서양음악(클래식),서울,꿈의숲아트센터,0.3455,1,104.0,104.0,0.0,0.0,8,0.16946331248154214,0.2523890120932228,0.9527017830406969,19.873464906050433,25.873464906050433,0.3761638733705773,True
제13회 조플룻 제자음악회: CHOFLUTE FLUTE CONCERT,서양음악(클래식),서울,꿈의숲아트센터,0.3455,1,104.0,104.0,0.0,0.0,8,0.16946331248154214,0.2523890120932228,0.9527017830406969,19.873464906050433,25.873464906050433,0.3761638733705773,True
제1회 서울과기대 졸업생 오케스트라 정기 연주회,서양음악(클래식),서울,꿈의숲아트센터,0.3455,1,104.0,104.0,0.0,0.0,8,0.16946331248154214,0.2523890120932228,0.9527017830406969,19.873464906050433,25.873464906050433,0.3761638733705773,True
제26회 통영시립소년소녀합창단 정기연주회,서양음악(클래식),영남,통영국제음악당,0.4026,1,527.0,527.0,0.0,0.0,6,0.20625822213869574,0.453125495650452,0.9527017830406969,28.257527672789788,25.860359498787233,0.2251984126984127,True
"팡타의 춤, 정동은 elly 탱고: 소통의 춤",무용(서양/한국무용),서울,복합공간 에무,0.4,1,40.0,40.0,0.0,0.0,3,0.20329154025827584,0.1907689989416032,0.9527017830406969,19.818679026919018,25.818679026919018,0.3738361266294227,True
운전배우기,연극,서울,여행자극장,0.4,1,40.0,40.0,0.0,0.0,0,0.20329154025827584,0.1907689989416032,0.9527017830406969,19.818679026919018,25.818679026919018,0.3738361266294227,True
춘천시립예술단 정기회원 음악회,서양음악(클래식),기타,춘천문화예술회관,0.3628,1,341.0,341.0,0.0,0.0,3,0.1809810186055253,0.38248560850292435,0.9527017830406969,24.413264504187566,25.767554457184378,0.1962025316455696,True
"전남도립국악단 교류공연, 국악이음: 광주시립창극단",한국음악(국악),호남,남도소리울림터,0.3369,1,188.0,188.0,0.0,0.0,1,0.16479179531237415,0.2991902639177032,0.9527017830406969,20.918971769422683,25.75338208976312,0.3074866310160428,True
"국립극단 X ACC, 오장군의 발톱 낭독회",연극,호남,국립아시아문화전당,0.3831,1,95.0,95.0,0.0,0.0,6,0.19213627943190056,0.2375593418997894,0.9527017830406969,20.91579956734716,25.750209887687603,0.3048128342245989,True
제3회 도담콰르텟 연주회,서양음악(클래식),서울,꿈의숲아트센터,0.3422,1,103.0,103.0,0.0,0.0,8,0.16789271619190807,0.2519051739869938,0.9527017830406969,19.74758301744563,25.74758301744563,0.37243947858473,True
"두산아트랩, 동아(凍兒): 얼어붙은 아이",연극,서울,두산아트센터,0.34,1,102.0,102.0,0.0,0.0,1,0.16675168469943888,0.2513743182460658,0.9527017830406969,19.65035951616198,25.65035951616198,0.37057728119180633,True
"두산아트랩, 희미할수록 선명해지는",연극,서울,두산아트센터,0.34,1,102.0,102.0,0.0,0.0,1,0.16675168469943888,0.2513743182460658,0.9527017830406969,19.65035951616198,25.65035951616198,0.37057728119180633,True
"두산아트랩, 매립지",연극,서울,두산아트센터,0.34,1,102.0,102.0,0.0,0.0,1,0.16675168469943888,0.2513743182460658,0.9527017830406969,19.65035951616198,25.65035951616198,0.37057728119180633,True
The King [안동],연극,영남,안동문화예술의전당,0.39135,2,216.0,108.0,0.0,0.0,7,0.19674067710151152,0.4750031096819361,0.9527017830406969,27.990784984233088,25.593616810230532,0.22420634920634921,True
"ACC 수요극장: 그날, 그날에",연극,호남,국립아시아문화전당,0.379,1,94.0,94.0,0.0,0.0,6,0.18977367304749376,0.23704321846375484,0.9527017830406969,20.74304894489667,25.57745926523711,0.30213903743315507,True
"강릉시립교향악단, 힐링음악회 [강릉]",서양음악(클래식),기타,강릉아트센터 (구. 강릉문화예술관),0.358,1,348.0,348.0,0.0,0.0,7,0.17798748892528257,0.38444796164233597,0.9527017830406969,24.219697280807644,25.573987233804456,0.189873417721519,True
"태봉의 왕, 궁예 [철원]",무용(서양/한국무용),기타,철원군 화강문화센터,0.4282,1,149.0,149.0,0.0,0.0,6,0.22016538244690848,0.2793096902486341,0.9527017830406969,24.21496366294372,25.569253615940532,0.18354430379746836,True
장수호 첫번째 피리 독주회,한국음악(국악),서울,국립국악원,0.3846,1,50.0,50.0,0.0,0.0,7,0.19308937632561013,0.1994745845049966,0.9527017830406969,19.56185590540233,25.56185590540233,0.3682495344506518,True
"완창판소리二, 신정혜의 김세종제 춘향가",한국음악(국악),서울,국립국악원,0.3846,1,50.0,50.0,0.0,0.0,7,0.19308937632561013,0.1994745845049966,0.9527017830406969,19.56185590540233,25.56185590540233,0.3682495344506518,True
한치윤 피아노 리사이틀 [대구],서양음악(클래식),영남,비원뮤직홀,0.54,1,108.0,108.0,0.0,0.0,4,0.2950170483528875,0.254255851668945,0.9527017830406969,27.798198444860745,25.40103027085819,0.22321428571428573,True
테너 이상규 리사이틀 [대구],서양음악(클래식),영남,비원뮤직홀,0.535,1,107.0,107.0,0.0,0.0,4,0.29252020296936665,0.2537807645774812,0.9527017830406969,27.636115574777747,25.238947400775192,0.2222222222222222,True
"제57회 제주체임버오케스트라 정기연주회, 제주도의 사계",서양음악(클래식),제주,김정문화회관,0.5152,1,170.0,170.0,0.0,0.0,7,0.2797406502537117,0.29074897630362756,0.9527017830406969,28.40930607289301,25.225745967301656,0.17582417582417584,True
"ACC 수요극장, 병동소녀는 집으로, 돌아가지 않는다 (영상화)",연극,호남,국립아시아문화전당,0.3669,1,91.0,91.0,0.0,0.0,6,0.18378661368700835,0.23511316762878529,0.9527017830406969,20.28145492252105,25.11586524286149,0.2994652406417112,True
KFEA 한국플루트교육자협회 정기연주회,서양음악(클래식),서울,영산아트홀,0.301,1,180.0,180.0,0.0,0.0,4,0.14233361076059817,0.2951660338441175,0.9527017830406969,19.05509121152885,25.05509121152885,0.36685288640595903,True
"삼성전자와 함께하는 축하콘서트, Part 2 참가합창단",서양음악(클래식),기타,강릉아트센터(구. 강릉문화예술관),0.3498,1,340.0,340.0,0.0,0.0,7,0.1721480924638226,0.38220244919518453,0.9527017830406969,23.68419974570355,25.03848969870036,0.17721518987341772,True
제32회 인천무용제,무용(서양/한국무용),경인,부평아트센터,0.38475,2,668.0,334.0,0.0,0.0,10,0.19335785432383817,0.6308145595664181,0.9527017830406969,31.029714110869527,25.029714110869527,0.15868544600938966,True
"토요일 토요일은 클래식, 삶이 꽃이 되는 순간",서양음악(클래식),제주,김정문화회관,0.5091,1,168.0,168.0,0.0,0.0,7,0.2754047305823288,0.28995244630985373,0.9527017830406969,28.113411427798983,24.92985132220763,0.16483516483516483,True
"제34회 시립국악단 정기연주회, 청춘가",한국음악(국악),영남,김천시문화예술회관,0.4095,1,380.0,380.0,0.0,0.0,6,0.21110425000671196,0.40185690651874273,0.9527017830406969,27.310318230020126,24.91315005601757,0.22123015873015872,True
"실패를 위한 실험실 (실.실.실) , K연극전공 망해라! (죄송합니다)",연극,서울,연극실험실 혜화동1번지,0.3857,1,27.0,27.0,0.0,0.0,0,0.1940290493194083,0.18194414454331678,0.9527017830406969,18.910163629841175,24.910163629841175,0.3659217877094972,True
제42회 대구작곡가협회 정기연주회 [대구],서양음악(클래식),영남,대구콘서트하우스,0.5121,1,127.0,127.0,0.0,0.0,7,0.2774317394689505,0.2663506148850875,0.9527017830406969,27.29450159674928,24.897333422746726,0.2197420634920635,True
제47회 대구반주연구회 정기연주회,서양음악(클래식),영남,대구콘서트하우스,0.5121,1,127.0,127.0,0.0,0.0,7,0.2774317394689505,0.2663506148850875,0.9527017830406969,27.29450159674928,24.897333422746726,0.2197420634920635,True
제28회 대구레이디스싱어즈 정기연주회,서양음악(클래식),영남,대구콘서트하우스,0.391,1,502.0,502.0,0.0,0.0,7,0.1966064381023975,0.4460928848407467,0.9527017830406969,27.28530166264125,24.888133488638694,0.21825396825396826,True
"파주시 합창 페스티벌, 평화를 노래해요",서양음악(클래식),경인,문산행복센터,0.5335,1,247.0,247.0,0.0,0.0,6,0.29170134507477113,0.33301215143541657,0.9527017830406969,30.757220874218017,24.757220874218017,0.15774647887323945,True
제5회 무이피아노 연주회: Summer Breeze Comcert,서양음악(클래식),경인,안산문화예술의전당,0.6429,1,90.0,90.0,0.0,0.0,6,0.36781485757242194,0.23417529587620511,0.9527017830406969,30.70393174691679,24.70393174691679,0.1568075117370892,True
"제주국제관악제 개막공연, JIWEF Opening Concert",서양음악(클래식),제주,ICC제주국제컨벤션센터,0.3479,1,1496.0,1496.0,0.0,0.0,8,0.1710070609713534,0.5755826179830794,0.9527017830406969,27.78762912973712,24.604069024145765,0.15384615384615385,True
Ensemble Pariter 창단 연주회,서양음악(클래식),서울,꿈의숲아트센터,0.3256,1,98.0,98.0,0.0,0.0,8,0.15724756356216607,0.2394040915054897,0.9527017830406969,18.603856562854563,24.603856562854563,0.3649906890130354,True
제10회 피아노소아베 정기연주회 [안산],서양음악(클래식),경인,보노마루,0.601,1,122.0,122.0,0.0,0.0,1,0.3354498348860311,0.2637894708649726,0.9527017830406969,30.470496590353292,24.470496590353292,0.15586854460093896,True
제12회 베누스토 분당 오케스트라 정기연주회,서양음악(클래식),경인,성남아트센터,0.4537,1,500.0,500.0,0.0,0.0,7,0.23623379064085698,0.44474668867153244,0.9527017830406969,30.42638109441921,24.42638109441921,0.15492957746478872,True
인페르노: 소매의희생 [강릉],무용(서양/한국무용),기타,강릉단오제전수교육관(구. 단오문화관),0.3907,1,177.0,177.0,0.0,0.0,5,0.19639165570381506,0.29370707691564735,0.9527017830406969,23.069574444288094,24.423864397284905,0.17088607594936708,True
"기술하는몸, 도로위에 나비 [대구]",무용(서양/한국무용),영남,소극장 함세상,0.6,1,42.0,42.0,0.0,0.0,3,0.3332348914006497,0.19317461265816385,0.9527017830406969,26.793552575115754,24.3963844011132,0.21726190476190477,True
"예술즐겨찾기, 경기필하모닉 타악 콘서트",서양음악(클래식),경인,광명문화예술교육지원센터 광명극장,0.5208,1,250.0,250.0,0.0,0.0,1,0.283955754825892,0.3364129518183312,0.9527017830406969,30.38781599210228,24.38781599210228,0.1539906103286385,True
클래식이 있는 음악회,서양음악(클래식),경인,성남아트리움 (구. 성남시민회관),0.5963,1,130.0,130.0,0.0,0.0,10,0.3295298950251027,0.26831385163473553,0.9527017830406969,30.35247635365654,24.35247635365654,0.15305164319248826,True
피아니스트 김명인 독주회,서양음악(클래식),영남,안동시청 대동관(구. 안동시민회관),0.4686,1,194.0,194.0,0.0,0.0,3,0.2459258463768894,0.30307955831735645,0.9527017830406969,26.736537475238727,24.33936930123617,0.21626984126984128,True
김세은 방지영 피아노 듀오 리사이틀,서양음악(클래식),경인,성남아트센터,0.5423,1,205.0,205.0,0.0,0.0,7,0.29668161194190135,0.3131192244120906,0.9527017830406969,30.315048753416335,24.315048753416335,0.1516431924882629,True
"아베크피아노앙상블 기획연주, 클래식 음악으로 느끼는 가을",서양음악(클래식),경인,성남아트센터,0.5423,1,205.0,205.0,0.0,0.0,7,0.29668161194190135,0.3131192244120906,0.9527017830406969,30.315048753416335,24.315048753416335,0.1516431924882629,True
"한화와 함께하는 교향악축제, The Wave, 경기필하모닉오케스트라 (04.27) (영상화)",서양음악(클래식),호남,국립아시아문화전당,0.3508,1,87.0,87.0,0.0,0.0,6,0.17315488495717776,0.2324031712700628,0.9527017830406969,19.47859684152181,24.313007161862252,0.2967914438502674,True
"이민영의 음악산책 II, Beethoven",서양음악(클래식),서울,꿈의숲아트센터,0.3189,1,96.0,96.0,0.0,0.0,8,0.153274089188391,0.23834650914863437,0.9527017830406969,18.287939009364088,24.287939009364088,0.36359404096834264,True
제1회 올댓클래식 유망신예콘서,서양음악(클래식),서울,꿈의숲아트센터,0.3189,1,96.0,96.0,0.0,0.0,8,0.153274089188391,0.23834650914863437,0.9527017830406969,18.287939009364088,24.287939009364088,0.36359404096834264,True
서울영아티스트협회 수상자 연주회,서양음악(클래식),경인,성남아트센터,0.5397,1,204.0,204.0,0.0,0.0,7,0.2946948747550138,0.31269968508539997,0.9527017830406969,30.176893295968632,24.176893295968632,0.15023474178403756,True
"턴투워드 부산, UN 평화 음악회",서양음악(클래식),영남,부산문화회관,0.3726,1,528.0,528.0,0.0,0.0,7,0.18608210057185814,0.4533353332838156,0.9527017830406969,26.569940862323755,24.1727726883212,0.2152777777777778,True
마르친 바실레프스키 트리오 결성 30주년 콘서트,대중음악,서울,마포아트센터,0.262,1,263.0,263.0,0.0,0.0,3,0.11915053561360646,0.3409609688224257,0.9527017830406969,18.144268581720038,24.144268581720038,0.3621973929236499,True
제12회 피아노소아베 정기연주회 [안산],서양음악(클래식),경인,보노마루,0.5961,1,121.0,121.0,0.0,0.0,1,0.32948962332536846,0.26340587020296097,0.9527017830406969,30.12695403365793,24.12695403365793,0.14929577464788732,True
"세월호 참사 10주기 4월 연극제, 우리의 아름다웠던 날들에 관하여 [안산]",연극,경인,보노마루,0.4433,2,180.0,90.0,0.0,0.0,1,0.2297903186833839,0.4522471199630968,0.9527017830406969,30.12654722141544,24.12654722141544,0.14835680751173708,True
쎄끄레따리아,연극,경인,성남아트센터,0.4074,2,308.0,154.0,0.0,0.0,7,0.2096141971165463,0.5178753554270895,0.9527017830406969,30.09833794285197,24.09833794285197,0.14741784037558686,True
"제29회 서곶문화예술제, 검단 만수산 대호",연극,경인,청라복합문화센터 블루노바홀,0.5144,1,250.0,250.0,0.0,0.0,4,0.279015759658496,0.3364129518183312,0.9527017830406969,30.06950809852611,24.06950809852611,0.14507042253521127,True
"제29회 서곶문화예술제, 서곶에서 만나는 소리 울림",한국음악(국악),경인,청라복합문화센터 블루노바홀,0.5144,1,250.0,250.0,0.0,0.0,4,0.279015759658496,0.3364129518183312,0.9527017830406969,30.06950809852611,24.06950809852611,0.14507042253521127,True
"제29회 서곶문화예술제, 백령도의 심청",한국음악(국악),경인,청라복합문화센터 블루노바홀,0.5144,1,250.0,250.0,0.0,0.0,4,0.279015759658496,0.3364129518183312,0.9527017830406969,30.06950809852611,24.06950809852611,0.14507042253521127,True
"제29회 서곶문화예술제, 서동이와 동동이가 전하는 이야기 춤판",무용(서양/한국무용),경인,청라복합문화센터 블루노바홀,0.5144,1,250.0,250.0,0.0,0.0,4,0.279015759658496,0.3364129518183312,0.9527017830406969,30.06950809852611,24.06950809852611,0.14507042253521127,True
굿닥터 [경주],연극,영남,경주예술의전당,0.4773,1,158.0,158.0,0.0,0.0,7,0.2517249711386152,0.28523335105709335,0.9527017830406969,26.462806521961323,24.065638347958767,0.21428571428571427,True
제51회 성남시여성합창단 정기연주회 [성남],서양음악(클래식),경인,성남아트센터,0.4465,1,492.0,492.0,0.0,0.0,7,0.231495153972132,0.44012237635837015,0.9527017830406969,29.933294748764904,23.933294748764904,0.14272300469483568,True
제14회 대구학생국악단 정기연주회,한국음악(국악),영남,대구학생문화센터,0.3682,1,504.0,504.0,0.0,0.0,2,0.18425645018390743,0.44682283909510917,0.9527017830406969,26.260788711187903,23.863620537185348,0.21329365079365079,True
박원 피아노 독주회 [안산],서양음악(클래식),경인,보노마루,0.5911,1,120.0,120.0,0.0,0.0,1,0.3254758772518592,0.2618296665655069,0.9527017830406969,29.834504187225335,23.834504187225335,0.14178403755868543,True
민통선 사람들 [철원],연극,기타,철원군 화강문화센터,0.3908,1,136.0,136.0,0.0,0.0,6,0.19645877520337207,0.2715564199594772,0.9527017830406969,22.3618067050824,23.716096658079213,0.16455696202531644,True
"제2회 ㄱ 기억 연극전, 네잎클로버",연극,서울,극장 봄 (봄소극장),0.3636,1,20.0,20.0,0.0,0.0,0,0.18146427900233575,0.1707387574366526,0.9527017830406969,17.709550375106087,23.709550375106087,0.3612662942271881,True
"제83회 성남청소년오케스트라 정기연주회, 드림위드앙상블과 함께하는 아름다운 음악회 [성남]",서양음악(클래식),경인,성남아트센터,0.441,1,486.0,486.0,0.0,0.0,7,0.22866271109082612,0.4386585936300809,0.9527017830406969,29.673437906998878,23.673437906998878,0.14084507042253522,True
"부산시립교향악단 기획음악회, BPO Odyssey Ⅱ:경험이 가득한 긴 여정",서양음악(클래식),영남,부산문화회관,0.362,1,513.0,513.0,0.0,0.0,7,0.18032324750986656,0.4503834008973421,0.9527017830406969,26.00542660214052,23.608258428137965,0.2123015873015873,True
소프라노 박선영 독창회,서양음악(클래식),경인,성남아트센터,0.5291,1,200.0,200.0,0.0,0.0,7,0.2879560769994899,0.30856354391352186,0.9527017830406969,29.60285476738666,23.60285476738666,0.13943661971830987,True
서울영아티스트 전국 음악콩쿠르 우수 수상자 특별연주회,서양음악(클래식),경인,성남아트센터,0.5291,1,200.0,200.0,0.0,0.0,7,0.2879560769994899,0.30856354391352186,0.9527017830406969,29.60285476738666,23.60285476738666,0.13943661971830987,True
공감락페스티벌 [경산],대중음악,영남,천마아트센터,0.3478,1,657.0,657.0,0.0,0.0,7,0.17085939807232797,0.48762569768364783,0.9527017830406969,25.9906988458608,23.593530671858243,0.2113095238095238,True
솔직히,무용(서양/한국무용),호남,국립아시아문화전당,0.19806667,3,561.0,187.0,0.0,0.0,6,0.08269122345423792,0.6294682971782534,0.9527017830406969,18.623666900794003,23.458077221134445,0.29411764705882354,True
거문고를 위한 실록 [안양],한국음악(국악),경인,안양아트센터,0.5236,1,200.0,200.0,0.0,0.0,5,0.28519075361774104,0.30856354391352186,0.9527017830406969,29.431954947320293,23.431954947320293,0.13802816901408452,True
모던앙상블의 오늘 [대구],서양음악(클래식),영남,대구콘서트하우스,0.4839,1,120.0,120.0,0.0,0.0,7,0.2558058367116815,0.2618296665655069,0.9527017830406969,25.819855700075877,23.42268752607332,0.21031746031746032,True
제10회 백석대학원 성악과 동문회 정기연주회,서양음악(클래식),경인,성남아트센터,0.5265,1,199.0,199.0,0.0,0.0,7,0.28658683920852684,0.3056128349873758,0.9527017830406969,29.405081091268286,23.405081091268286,0.13708920187793427,True
"아슬아슬, Nick of Time",연극,서울,더 줌 아트센터,0.2344,2,60.0,30.0,0.0,0.0,1,0.10289419282089833,0.380692453966008,0.9527017830406969,17.364577708203726,23.364577708203726,0.36033519553072624,True
제33회 인천무용제,무용(서양/한국무용),경인,부평아트센터,0.3387,3,882.0,294.0,0.0,0.0,10,0.16593282680484334,0.689472633015017,0.9527017830406969,29.33365636978386,23.33365636978386,0.13615023474178403,True
어뮤즈 사운드 442 Rising Concert,서양음악(클래식),서울,롯데콘서트홀,0.2176,1,443.0,443.0,0.0,0.0,6,0.09420892957822107,0.425745958263287,0.9527017830406969,17.223263862053845,23.223263862053845,0.35940409683426444,True
"제46회 대구국제방송교향악단 정기연주회, 이동신과 박유신",서양음악(클래식),영남,대구학생문화센터,0.3587,1,491.0,491.0,0.0,0.0,2,0.17847074932209306,0.4398914003352393,0.9527017830406969,25.602266678267465,23.20509850426491,0.20932539682539683,True
"제32회 시립소년소녀관현악단 정기연주회, 신(新)세계로부터",서양음악(클래식),영남,김천시문화예술회관,0.3836,1,356.0,356.0,0.0,0.0,6,0.1924450291298628,0.39284139893538567,0.9527017830406969,25.60182461945548,23.204656445452926,0.20833333333333334,True
"제2회 무용비엔날레, 국제무용교류의 장 [경산]",무용(서양/한국무용),영남,천마아트센터,0.3409,1,644.0,644.0,0.0,0.0,7,0.16718124949660376,0.4851624122285859,0.9527017830406969,25.601617147376913,23.204448973374358,0.20734126984126985,True
오슬로,연극,서울,동국대학교,0.18268333,6,331.0,55.17,0.0,0.0,1,0.07528123070314388,0.5934229667781105,0.9527017830406969,17.193241618090468,23.193241618090468,0.3584729981378026,True
대한민국 해군 호국음악회 [동해],대중음악,기타,동해문화예술회관,0.3509,1,200.0,200.0,0.0,0.0,3,0.17320858055682337,0.30856354391352186,0.9527017830406969,21.821243077171292,23.175533030168104,0.15822784810126583,True
그녀를 죽이는 방법 [안산],연극,경인,보노마루,0.5714,1,116.0,116.0,0.0,0.0,1,0.31398501892769887,0.259043731722444,0.9527017830406969,29.07331752287722,23.07331752287722,0.1352112676056338,True
듀오 파시오나토 창단연주회 [성남],서양음악(클래식),경인,성남아트센터,0.5185,1,196.0,196.0,0.0,0.0,7,0.281687115740865,0.3041016268042785,0.9527017830406969,29.044752974703602,23.044752974703602,0.13427230046948357,True
피크닉 콘서트 [울주],대중음악,영남,온양체육공원,0.3507,1,526.0,526.0,0.0,0.0,1,0.17311461325744354,0.452963780146715,0.9527017830406969,25.43464195772685,23.037473783724295,0.20634920634920634,True
"제2회 김광석 노래상 경연대회, 김광석 다시 부르기",대중음악,서울,아르코 꿈밭극장 (구.학전),0.3093,1,60.0,60.0,0.0,0.0,0,0.14864284371895722,0.20756443789293835,0.9527017830406969,16.988208488986402,22.988208488986402,0.3575418994413408,True
김지훈 바흐 첼로 무반주 조곡 전곡 리사이틀 1 (4.9),서양음악(클래식),경인,성남아트센터,0.5159,1,195.0,195.0,0.0,0.0,7,0.280317877949902,0.303507151983994,0.9527017830406969,28.937302873477748,22.937302873477748,0.13286384976525822,True
제2회 아베크피아노앙상블 정기연주회,서양음악(클래식),경인,성남아트센터,0.5159,1,195.0,195.0,0.0,0.0,7,0.280317877949902,0.303507151983994,0.9527017830406969,28.937302873477748,22.937302873477748,0.13286384976525822,True
제18회 대구유스콰이어 정기연주회: Sound of Music,서양음악(클래식),영남,대구학생문화센터,0.355,1,486.0,486.0,0.0,0.0,2,0.17569200204043278,0.4386585936300809,0.9527017830406969,25.333888325438732,22.936720151436177,0.20535714285714285,True
춘희네 국수,연극,제주,BeIN(비인),0.336075,4,203.0,50.75,0.0,0.0,1,0.1643622305152093,0.5229153280587436,0.9527017830406969,26.112819377495416,22.929259271904062,0.14285714285714285,True
"ACC 국제협력 신작개발 시범공연, 숨공장",무용(서양/한국무용),호남,국립아시아문화전당,0.20445,2,386.0,193.0,0.0,0.0,6,0.08644991542943056,0.5466898223055597,0.9527017830406969,18.078198020314414,22.912608340654856,0.2914438502673797,True
제26회 안동시립합창단 정기공연,서양음악(클래식),영남,안동문화예술의전당,0.3732,1,371.0,371.0,0.0,0.0,7,0.18632373077026337,0.3983095307570937,0.9527017830406969,25.249290686447708,22.852122512445153,0.20436507936507936,True
"제43회 대구음악제, 폐막공연: Brillante",서양음악(클래식),영남,대구콘서트하우스,0.4718,1,117.0,117.0,0.0,0.0,7,0.24764410556554892,0.2594033732746697,0.9527017830406969,25.22824529173566,22.831077117733106,0.20337301587301587,True
보따리,연극,호남,국립아시아문화전당,0.2023,2,382.0,191.0,0.0,0.0,6,0.08573844873412624,0.5450635764033335,0.9527017830406969,17.967358674831914,22.801768995172353,0.2887700534759358,True
제19회 대구초등교원오케스트라 정기연주회,서양음악(클래식),영남,대구학생문화센터,0.3521,1,482.0,482.0,0.0,0.0,2,0.17420194915026713,0.43683007166967414,0.9527017830406969,25.162675512273285,22.76550733827073,0.20238095238095238,True
"부산시립청소년교향악단 특별연주회, 유망주음악회: Ensemble",서양음악(클래식),영남,부산문화회관,0.3305,2,271.0,135.5,0.0,0.0,7,0.15967728944612988,0.49711390254406473,0.9527017830406969,25.14943626826201,22.752268094259456,0.2013888888888889,True
제3회 아베크피아노앙상블 정기연주회,서양음악(클래식),경인,성남아트센터,0.5106,1,193.0,193.0,0.0,0.0,7,0.276612881574355,0.3026662891355033,0.9527017830406969,28.675372048751218,22.675372048751218,0.13145539906103287,True
"전남도립국악단 교류공연, 국악이음: 경복도립국악단 [무안]",한국음악(국악),호남,남도소리울림터,0.2832,1,158.0,158.0,0.0,0.0,1,0.13045345933900718,0.28523335105709335,0.9527017830406969,17.838300750523477,22.67271107086392,0.28609625668449196,True
Kuphil 정기연주회,서양음악(클래식),경인,성남아트리움 (구. 성남시민회관),0.4667,1,301.0,301.0,0.0,0.0,10,0.24457003248583778,0.36361911702232075,0.9527017830406969,28.66161301310104,22.66161301310104,0.13004694835680752,True
제42회 건국대학교 오케스트라 연주회,서양음악(클래식),경인,성남아트리움 (구. 성남시민회관),0.4667,1,301.0,301.0,0.0,0.0,10,0.24457003248583778,0.36361911702232075,0.9527017830406969,28.66161301310104,22.66161301310104,0.13004694835680752,True
청소년을 위한 클래식의 첫 걸음 with SC Bright Orchestra,서양음악(클래식),서울,롯데콘서트홀,0.2102,1,428.0,428.0,0.0,0.0,6,0.08947029290949607,0.42062141030929273,0.9527017830406969,16.617430289304856,22.617430289304856,0.35661080074487894,True
제29회 대구중등교사합창단 정기연주회 [대구],서양음악(클래식),영남,대구학생문화센터,0.3492,1,478.0,478.0,0.0,0.0,2,0.17185276666577173,0.435490196640679,0.9527017830406969,24.927875683954635,22.53070750995208,0.2003968253968254,True
"kunst Festival, 쿤스트여성합창단 & K.바움오케스트라 함께하는 인생은 아름다워",서양음악(클래식),경인,성남아트센터,0.4138,1,456.0,456.0,0.0,0.0,7,0.21339973689156175,0.4299762706445994,0.9527017830406969,28.241913804550578,22.241913804550578,0.12863849765258217,True
의자는 잘못 없다 [충주],연극,충청,호암예술관,0.3436,2,200.0,100.0,0.0,0.0,6,0.16851021558783258,0.464857989497693,0.9527017830406969,25.287381484615267,21.931209848023165,0.13425925925925927,True
제1회 더피아니스트 음악학원 정기연주회 [안산],서양음악(클래식),경인,보노마루,0.5419,1,110.0,110.0,0.0,0.0,1,0.2963728622439391,0.25516837096210243,0.9527017830406969,27.914753491379585,21.914753491379585,0.12769953051643193,True
제14회 라모 라이징스타 콘서트,서양음악(클래식),영남,대구문화예술회관,0.4519,1,108.0,108.0,0.0,0.0,2,0.23548205224581845,0.254255851668945,0.9527017830406969,24.281922576585167,21.88475440258261,0.19940476190476192,True
"전라북도립국악원 무용단, 진경",한국음악(국악),경인,경기아트센터(구. 경기도문화의전당),0.3886,1,600.0,600.0,0.0,0.0,4,0.1953043198109915,0.47210999841340395,0.9527017830406969,27.799973939430277,21.799973939430277,0.1267605633802817,True
제4회 울산학생예술단 정기연주회,서양음악(클래식),영남,울산광역시학생교육문화회관,0.381,1,269.0,269.0,0.0,0.0,2,0.19075361774102612,0.3426152349894205,0.9527017830406969,24.110506744129818,21.713338570127263,0.1984126984126984,True
"멜팅 라이브 X 가온스테이지: 기묘, 양지혜, 최솜, 영일",대중음악,서울,가온스테이지,0.3,1,30.0,30.0,0.0,0.0,1,0.14100464466936935,0.18420379461130665,0.9527017830406969,15.691320029411715,21.691320029411713,0.35567970204841715,True
"이-음 콘서트, 시엘앙상블",서양음악(클래식),영남,쿠무다 콘서트홀,0.4545,1,100.0,100.0,0.0,0.0,1,0.23713319193492094,0.24540053022817968,0.9527017830406969,24.04061685639465,21.643448682392094,0.1974206349206349,True
"부산시립청소년교향악단 특별연주회, 유망주음악회 The Solist",서양음악(클래식),영남,부산문화회관,0.30975,2,254.0,127.0,0.0,0.0,7,0.14884420221762826,0.4916580901273407,0.9527017830406969,24.005150300603262,21.607982126600707,0.19642857142857142,True
우컴 뮤지컬 페스티벌 시즌2,뮤지컬,서울,한예극장,0.1486,7,490.0,70.0,0.0,0.0,0,0.06032700620184176,0.6462190182901159,0.9527017830406969,15.576108300534752,21.576108300534752,0.3547486033519553,True
페이스 타임,연극,서울,두산아트센터,0.1767,3,159.0,53.0,0.0,0.0,1,0.07316025451714232,0.4822544135248506,0.9527017830406969,15.555200343283035,21.555200343283033,0.3538175046554935,True
"고전과 낭만사이, 베토벤 & 라흐마니노프 & 프로코피예프 피아노협주곡 No.3",서양음악(클래식),서울,롯데콘서트홀,0.1965,1,400.0,400.0,0.0,0.0,6,0.08146964856230032,0.41026830465681363,0.9527017830406969,15.553376763803248,21.55337676380325,0.35288640595903165,True
Sing Again [대구],서양음악(클래식),영남,수성아트피아,0.3408,1,395.0,395.0,0.0,0.0,3,0.16711412999704675,0.40819145755841857,0.9527017830406969,23.88655220948607,21.489384035483514,0.19543650793650794,True
"산조대전, 별책부록: 산조 맛있게 먹는 법",한국음악(국악),서울,서울돈화문국악당,0.2899,1,40.0,40.0,0.0,0.0,6,0.13444035761269363,0.1907689989416032,0.9527017830406969,15.463967052602094,21.463967052602094,0.35195530726256985,True
"제28회 베세토 페스티벌, 세메테이",연극,호남,국립아시아문화전당,0.18645,2,352.0,176.0,0.0,0.0,6,0.07656992509463849,0.5318881896374199,0.9527017830406969,16.62505428972735,21.45946461006779,0.28342245989304815,True
그대있음에 [대구],서양음악(클래식),영남,스트림 도미넌트 홀,0.5,1,50.0,50.0,0.0,0.0,0,0.2684645743281338,0.1994745845049966,0.9527017830406969,23.838955290737196,21.44178711673464,0.1939484126984127,True
젬스톤 음악 수영장 [부산],대중음악,영남,무대공감 소극장,0.5,1,50.0,50.0,0.0,0.0,2,0.2684645743281338,0.1994745845049966,0.9527017830406969,23.838955290737196,21.44178711673464,0.1939484126984127,True
감마선은 달무늬 얼룩진 금잔화에 어떤 영향을 주었는가?,연극,경인,보노마루,0.3941,2,160.0,80.0,0.0,0.0,1,0.1984186645904368,0.4439147868587307,0.9527017830406969,27.38226430311102,21.38226430311102,0.12582159624413145,True
영덕군민오케스트라 창단연주회,서양음악(클래식),영남,예주문화예술회관,0.3917,1,208.0,208.0,0.0,0.0,4,0.19699573119982816,0.31495950504269926,0.9527017830406969,23.767088148246415,21.36991997424386,0.19246031746031747,True
제25회 안동시립합창단 정기공연,서양음악(클래식),영남,안동문화예술의전당,0.3491,1,347.0,347.0,0.0,0.0,7,0.17179907106612613,0.3841367140998095,0.9527017830406969,23.703190864198145,21.30602269019559,0.19146825396825398,True
"제847회 전남도립국악단 토요가무악희 시즌1, 그린국악",한국음악(국악),호남,남도소리울림터,0.2545,1,142.0,142.0,0.0,0.0,1,0.11536499583859103,0.2760609877190914,0.9527017830406969,16.35484557682411,21.18925589716455,0.2807486631016043,True
"김삶, 정상희 바이올린 듀오 리사이틀",서양음악(클래식),경인,성남아트센터,0.4841,1,183.0,183.0,0.0,0.0,7,0.2559400757107955,0.2965703266180509,0.9527017830406969,27.14776334353554,21.14776334353554,0.12347417840375587,True
"김삶, 정상희 바이올린 듀오 리사이틀",서양음악(클래식),경인,성남아트센터,0.4841,1,183.0,183.0,0.0,0.0,7,0.2559400757107955,0.2965703266180509,0.9527017830406969,27.14776334353554,21.14776334353554,0.12347417840375587,True
김삶 바이올린 독주회: 모차르트 소나타 전곡 시리즈,서양음악(클래식),경인,성남아트센터,0.4841,1,183.0,183.0,0.0,0.0,7,0.2559400757107955,0.2965703266180509,0.9527017830406969,27.14776334353554,21.14776334353554,0.12347417840375587,True
정상희 바이올린 독주회,서양음악(클래식),경인,성남아트센터,0.4841,1,183.0,183.0,0.0,0.0,7,0.2559400757107955,0.2965703266180509,0.9527017830406969,27.14776334353554,21.14776334353554,0.12347417840375587,True
감성 포크 콘서트: Song for you [온양],대중음악,영남,온양문화복지센터,0.4255,1,120.0,120.0,0.0,0.0,3,0.21893038365505946,0.2618296665655069,0.9527017830406969,23.517500608821365,21.12033243481881,0.19047619047619047,True
제18회 대구초등교원오케스트라 정기연주회,서양음악(클래식),영남,대구학생문화센터,0.3258,1,446.0,446.0,0.0,0.0,2,0.1573012591618117,0.42641244635296566,0.9527017830406969,23.440737338966166,21.04356916496361,0.18948412698412698,True
"나는, 배우다! 2: 연두저고리와 다홍치마",연극,경인,수원SK아트리움,0.3267,4,392.0,98.0,0.0,0.0,5,0.15774424785888796,0.5958717200860455,0.9527017830406969,26.84313458030904,20.84313458030904,0.12112676056338029,True
제3회 Camerata 정기연주회,서양음악(클래식),경인,성남아트센터,0.4762,1,180.0,180.0,0.0,0.0,7,0.250583939646146,0.2951660338441175,0.9527017830406969,26.75460180202626,20.75460180202626,0.12018779342723004,True
제8회 안동청춘합창단 정기연주회 [안동],서양음악(클래식),영남,안동문화예술의전당,0.337,1,335.0,335.0,0.0,0.0,7,0.16487233871184256,0.3797242444998111,0.9527017830406969,23.018446485054337,20.621278311051782,0.1884920634920635,True
"비엔나 전통 여성 앙상블, 디비너린넨 내한공연 [안동]",서양음악(클래식),영남,안동문화예술의전당,0.336,1,334.0,334.0,0.0,0.0,7,0.16430853491556366,0.379443566061999,0.9527017830406969,22.964391978208344,20.56722380420579,0.1875,True
"제38회 별망성 전국음협 콩쿨 수장자 축하 뮤직페스티벌, 음협정기연주회",서양음악(클래식),경인,안산문화예술의전당,0.419,1,300.0,300.0,0.0,0.0,6,0.2161247885735764,0.36152271181921314,0.9527017830406969,26.55076160451356,20.55076160451356,0.1187793427230047,True
위드피아노 산본점 2주년 연주회 [안산],서양음악(클래식),경인,안산문화예술의전당,0.419,1,300.0,300.0,0.0,0.0,6,0.2161247885735764,0.36152271181921314,0.9527017830406969,26.55076160451356,20.55076160451356,0.1187793427230047,True
"제20회 평창대관령음악제, 찾아가는 가족음악회 #1",서양음악(클래식),기타,평창문화예술회관,0.3133,1,141.0,141.0,0.0,0.0,7,0.150804091604693,0.2754287220690004,0.9527017830406969,19.18896566619881,20.543255619195623,0.1518987341772152,True
첼리스트 김해은 & 기타리스트 장대건 듀오콘서트: 시와 음악 Ⅰ,서양음악(클래식),영남,신세계 문화홀 8층 [대구],0.3867,1,174.0,174.0,0.0,0.0,10,0.19449888581630737,0.2924291896855722,0.9527017830406969,22.89594425458756,20.498776080585007,0.1865079365079365,True
"부산가야금병창 보존회, 호국보훈의 달 기념공연: 향수",한국음악(국악),영남,국립부산국악원,0.3586,1,246.0,246.0,0.0,0.0,5,0.17834993422289044,0.3326472762632627,0.9527017830406969,22.88533956926303,20.488171395260476,0.18501984126984128,True
"음악으로 느끼는 문화다양성, 이자람의 판소리 라운지",한국음악(국악),영남,국립부산국악원,0.3586,1,246.0,246.0,0.0,0.0,5,0.17834993422289044,0.3326472762632627,0.9527017830406969,22.88533956926303,20.488171395260476,0.18501984126984128,True
新판소리 HOT갈라쇼 [서울],한국음악(국악),서울,서울생활문화센터 서교,0.1852,2,60.0,30.0,0.0,0.0,1,0.07605981689800521,0.380692453966008,0.9527017830406969,14.485145858450649,20.48514585845065,0.351024208566108,True
"제70회 교사음악회, 스승과 제자가 함께하는 힐링 콘서트 [대구]",서양음악(클래식),영남,대구학생문화센터,0.3156,1,432.0,432.0,0.0,0.0,2,0.15179746019813675,0.42174351233037743,0.9527017830406969,22.8443111781019,20.447143004099345,0.18353174603174602,True
제6회 다온 클라리넷 앙상블 정기연주회,서양음악(클래식),경인,성남아트센터,0.3848,1,424.0,424.0,0.0,0.0,7,0.19341154992348378,0.4190476195717482,0.9527017830406969,26.350860040929614,20.350860040929614,0.11737089201877934,True
제18회 아우름 정기연주회,서양음악(클래식),경인,성남아트센터,0.3829,1,422.0,422.0,0.0,0.0,7,0.1918812253335839,0.4183060935826019,0.9527017830406969,26.20699140976529,20.20699140976529,0.11643192488262911,True
"천안시충남국악관현악단, 공주시충남연정국악단 합동연주회: 이음 (二音) Ⅱ [천안]",한국음악(국악),충청,천안시성환문화회관,0.3746,1,245.0,245.0,0.0,0.0,2,0.18719628426450452,0.33230904498087704,0.9527017830406969,23.550232514250528,20.194060877658426,0.12962962962962962,True
"대한민국 청소년 교향악 축제, 안동&영주&청송 꿈의오케스트라 합동공연",서양음악(클래식),영남,안동문화예술의전당,0.331,1,329.0,329.0,0.0,0.0,7,0.16001288694391494,0.3778721882243641,0.9527017830406969,22.564771909201433,20.167603735198878,0.18253968253968253,True
강태홍의 소리,한국음악(국악),영남,국립부산국악원,0.3528,1,242.0,242.0,0.0,0.0,5,0.174564394447875,0.3307244471533852,0.9527017830406969,22.540311802521053,20.143143628518498,0.1810515873015873,True
"제11회 월남참전 60주년 기념공연, 향수",한국음악(국악),영남,국립부산국악원,0.3528,1,242.0,242.0,0.0,0.0,5,0.174564394447875,0.3307244471533852,0.9527017830406969,22.540311802521053,20.143143628518498,0.1810515873015873,True
"두산아트랩, 메이크 홈, 스위트 홈",연극,서울,두산아트센터,0.1367,6,246.0,41.0,0.0,0.0,1,0.05572260853223079,0.5609488566438042,0.9527017830406969,14.034216441955314,20.034216441955316,0.3500931098696462,True
"사물놀이 몰개, 길 The Way",한국음악(국악),충청,충주시문화회관,0.27675,2,492.0,246.0,0.0,0.0,1,0.1269632453620426,0.5811511629632946,0.9527017830406969,23.33041443427438,19.97424279768228,0.125,True
테너 김정규의 대화가 있는 독창회 [대구],서양음악(클래식),영남,수성아트피아,0.3987,1,120.0,120.0,0.0,0.0,3,0.2012108357720085,0.2618296665655069,0.9527017830406969,22.356219246115298,19.959051072112743,0.17956349206349206,True
정서연 피아노 독주회,서양음악(클래식),서울,세종문화회관,0.2212,1,98.0,98.0,0.0,0.0,3,0.0967863183612103,0.2394040915054897,0.9527017830406969,13.90404002925976,19.90404002925976,0.34916201117318435,True
"부산시립청소년교향악단 특별연주회, 유망주음악회-Ensemble",서양음악(클래식),영남,부산문화회관,0.378,1,155.0,155.0,0.0,0.0,7,0.18912932585174644,0.2841169754207006,0.9527017830406969,22.2563630912784,19.859194917275843,0.17857142857142858,True
"제22회 경기인형극제, 늙은 개 [수원]",연극,경인,경기상상캠퍼스 M3,0.4,2,40.0,20.0,0.0,0.0,3,0.20329154025827584,0.36879673848233463,0.9527017830406969,25.798022219267907,19.798022219267907,0.11549295774647887,True
제27회 대구시립국악단 협주곡의 밤: THE-NEXT-GUGAK-人,한국음악(국악),영남,대구문화예술회관,0.3224,1,325.0,325.0,0.0,0.0,2,0.15531452197492415,0.37666967874384727,0.9527017830406969,22.136629852644376,19.73946167864182,0.1775793650793651,True
"음악교사와 함께하는 힐링콘서트, 음악 한가운데서 다시 만난 우리 [대구]",서양음악(클래식),영남,대구학생문화센터,0.3031,1,415.0,415.0,0.0,0.0,2,0.14528686874110666,0.41633058842335163,0.9527017830406969,22.136611664019824,19.73944349001727,0.1765873015873016,True
제1회 두드림 음악학원 정기연주회,서양음악(클래식),경인,안산문화예술의전당,0.5214,1,73.0,73.0,0.0,0.0,6,0.2843718957231455,0.22119149668656385,0.9527017830406969,25.718129262304622,19.718129262304622,0.11455399061032864,True
"포항시립교향악단, 협주곡의 밤",서양음악(클래식),영남,포항문화예술회관,0.3237,1,315.0,315.0,0.0,0.0,4,0.1561736515692539,0.37232748921351544,0.9527017830406969,22.10724883414154,19.710080660138985,0.17559523809523808,True
그중에 그대를 만나,서양음악(클래식),영남,첼리스트의 서재,0.5,1,15.0,15.0,0.0,0.0,0,0.2684645743281338,0.16492083921505085,0.9527017830406969,22.092374974650163,19.695206800647608,0.1746031746031746,True
제18회 중앙 어울림오케스트라 정기연주회,서양음악(클래식),영남,대구콘서트하우스,0.3053,1,392.0,392.0,0.0,0.0,7,0.1466561065320697,0.4074314099894691,0.9527017830406969,22.069977651171456,19.6728094771689,0.1736111111111111,True
"제3회 올댓클래식 페스티벌, 올댓클래식 트리오의 밤 [성남]",서양음악(클래식),경인,성남아트센터,0.4524,1,171.0,171.0,0.0,0.0,7,0.2356968346444009,0.29137966166866375,0.9527017830406969,25.656413352415946,19.656413352415946,0.1136150234741784,True
고인돌대장 모로,뮤지컬,호남,고창문화의전당,0.2224,1,139.0,139.0,0.0,0.0,2,0.0974038177571348,0.2734689857395528,0.9527017830406969,14.72003422039934,19.55444454073978,0.27807486631016043,True
goodsaxo Ensemble 신년 연주회 [안산],서양음악(클래식),경인,보노마루,0.4926,1,100.0,100.0,0.0,0.0,1,0.261363331275002,0.24540053022817968,0.9527017830406969,25.485725014560362,19.485725014560362,0.11126760563380282,True
드로잉: X (쇼케이스),뮤지컬,경인,보노마루,0.4926,1,100.0,100.0,0.0,0.0,1,0.261363331275002,0.24540053022817968,0.9527017830406969,25.485725014560362,19.485725014560362,0.11126760563380282,True
나눔베이커리 [안산],연극,경인,보노마루,0.4926,1,100.0,100.0,0.0,0.0,1,0.261363331275002,0.24540053022817968,0.9527017830406969,25.485725014560362,19.485725014560362,0.11126760563380282,True
이음 [안산],무용(서양/한국무용),경인,보노마루,0.4926,1,100.0,100.0,0.0,0.0,1,0.261363331275002,0.24540053022817968,0.9527017830406969,25.485725014560362,19.485725014560362,0.11126760563380282,True
"제2회 대구 창작 뮤지컬 페스타, 히든 러브 창작 리딩공연",뮤지컬,영남,봉산문화회관,0.4625,1,37.0,37.0,0.0,0.0,2,0.24160335060541788,0.18824132969087604,0.9527017830406969,21.864913546832216,19.46774537282966,0.17261904761904762,True
아를레키노의 비밀,연극,서울,남산예술센터 드라마센터,0.2114,1,100.0,100.0,0.0,0.0,0,0.0902220313045346,0.24540053022817968,0.9527017830406969,13.462873316869842,19.462873316869842,0.34823091247672255,True
최선경 플루트 리사이틀,서양음악(클래식),서울,꿈의숲아트센터,0.2259,1,68.0,68.0,0.0,0.0,8,0.09900126184659166,0.21289566298165868,0.9527017830406969,13.447797591675581,19.44779759167558,0.3468342644320298,True
플루티스트 정주혁 리사이틀,서양음악(클래식),서울,꿈의숲아트센터,0.2259,1,68.0,68.0,0.0,0.0,8,0.09900126184659166,0.21289566298165868,0.9527017830406969,13.447797591675581,19.44779759167558,0.3468342644320298,True
"바리톤 임봉석 독창회, 희비애환",서양음악(클래식),영남,대구문화예술회관,0.4017,1,96.0,96.0,0.0,0.0,2,0.20568099444250543,0.23834650914863437,0.9527017830406969,21.817250407363947,19.42008223336139,0.17162698412698413,True
"부산시립국악관현악단, 다함께 행복한 음악회",한국음악(국악),영남,부산문화회관,0.3295,1,258.0,258.0,0.0,0.0,7,0.1591000617499396,0.33939825705490123,0.9527017830406969,21.54200151056639,19.144833336563835,0.17063492063492064,True
이옥규 피아노 독주회,서양음악(클래식),경인,성남아트센터,0.4392,1,166.0,166.0,0.0,0.0,7,0.2274545600987999,0.2892532650702603,0.9527017830406969,25.040794080259342,19.040794080259342,0.10892018779342723,True
신관웅 재즈 콰르텟,대중음악,영남,신세계 문화홀 8층 [대구],0.3556,1,160.0,160.0,0.0,0.0,10,0.17613499073750907,0.2864551467622498,0.9527017830406969,21.39587423255662,18.998706058554063,0.16964285714285715,True
"제1회 부산교육가족예술축제, 부산교육동요제",서양음악(클래식),영남,부산학생예술문화회관,0.3073,1,307.0,307.0,0.0,0.0,5,0.14770317072515907,0.3693966272467911,0.9527017830406969,21.312336339677003,18.915168165674448,0.16865079365079366,True
제43회 대구여성오케스트라 정기연주회: ROMANCE,서양음악(클래식),영남,대구콘서트하우스,0.2983,1,383.0,383.0,0.0,0.0,7,0.13917899428141864,0.40287112457577234,0.9527017830406969,21.291716392029898,18.894548218027342,0.16765873015873015,True
"공공외교랩소디, Melodies without Borders [서울]",대중음악,서울,노들섬,0.1425,2,130.0,65.0,0.0,0.0,4,0.05793755201761216,0.42645274106673337,0.9527017830406969,12.874324426546105,18.874324426546103,0.34543761638733705,True
"한화와 함께하는 교향악축제, The Wave, 심포니 송 (04.20) (영상화)",서양음악(클래식),호남,국립아시아문화전당,0.2419,1,60.0,60.0,0.0,0.0,6,0.1075120143904207,0.20756443789293835,0.9527017830406969,13.987347948786441,18.82175826912688,0.27540106951871657,True
"제876회 전남도립국악단 토요가무악희 시즌1, 그린국악",한국음악(국악),호남,남도소리울림터,0.2151,1,120.0,120.0,0.0,0.0,1,0.09194029049319408,0.2618296665655069,0.9527017830406969,13.973688701124482,18.808099021464923,0.2727272727272727,True
"사물놀이 몰개, Sound Project: 파랑 (波浪)",한국음악(국악),충청,충주시문화회관,0.333,1,296.0,296.0,0.0,0.0,1,0.16119419013611835,0.35614983872723055,0.9527017830406969,22.134144027608663,18.77797239101656,0.12037037037037036,True
마술로 하나되는 지구촌 세상 [부산],서커스/마술,영남,부산예술대학교 원곡예술관,0.3367,1,200.0,200.0,0.0,0.0,0,0.16460386071361452,0.30856354391352186,0.9527017830406969,21.164199947531575,18.76703177352902,0.16666666666666666,True
"세월호 참사 10주기 4월 연극제, 2014년 생 [안산]",연극,경인,안산문화예술의전당,0.3571,2,100.0,50.0,0.0,0.0,6,0.17723575053024404,0.4086136538266876,0.9527017830406969,24.754601930931415,18.754601930931415,0.107981220657277,True
"대구교원오케스트라, SYMPHONY CONCERT [대구]",서양음악(클래식),영남,대구학생문화센터,0.2915,1,399.0,399.0,0.0,0.0,2,0.1353397589067576,0.4090615811066415,0.9527017830406969,21.065448797293712,18.668280623291157,0.16567460317460317,True
Korea US Stars 아티스트 콘서트,서양음악(클래식),서울,롯데콘서트홀,0.1503,1,306.0,306.0,0.0,0.0,6,0.06197814589094424,0.36899718978495855,0.9527017830406969,12.651801557847408,18.651801557847406,0.34450651769087526,True
"제31회 젊은연극제, 행인두부의 마음",연극,서울,열린극장,0.15,2,45.0,22.5,0.0,0.0,1,0.061508309394045155,0.3714820450357076,0.9527017830406969,12.628024192478989,18.62802419247899,0.3435754189944134,True
온드림스테이지 [부산],서양음악(클래식),영남,부산문화회관,0.2872,1,407.0,407.0,0.0,0.0,7,0.133017424222085,0.4139834621569826,0.9527017830406969,20.947795098245788,18.550626924243232,0.16468253968253968,True
"한화와 함께하는 교향악축제, The Wave, 서울시립교향악단 (04.19) (영상화)",서양음악(클래식),호남,국립아시아문화전당,0.2339,1,58.0,58.0,0.0,0.0,6,0.10275995382178431,0.2053278973452432,0.9527017830406969,13.554188594761202,18.388598915101642,0.2700534759358289,True
"이남영-lnydancegroup, 시선의 틈 [평택]",무용(서양/한국무용),경인,팽성국제교류센터,0.4286,1,150.0,150.0,0.0,0.0,0,0.2208365774424786,0.2807029040525475,0.9527017830406969,24.307560029018298,18.307560029018298,0.10704225352112676,True
피아노 앙상블 Son clair 창단 연주회,서양음악(클래식),서울,꿈의숲아트센터,0.2027,1,61.0,61.0,0.0,0.0,8,0.08588611163315166,0.20922200057007906,0.9527017830406969,12.262999339737322,18.26299933973732,0.3426443202979516,True
제11회 수성청소년오케스트라 정기연주회,서양음악(클래식),영남,수성아트피아,0.2916,1,338.0,338.0,0.0,0.0,3,0.135420302306226,0.3810922587589747,0.9527017830406969,20.48435615368532,18.087187979682763,0.1636904761904762,True
김지훈 바흐 첼로 무반주 조곡 전곡 리사이틀2,서양음악(클래식),경인,성남아트센터,0.4153,1,157.0,157.0,0.0,0.0,7,0.21413805138668887,0.2848897502147431,0.9527017830406969,24.00418900084076,18.00418900084076,0.10610328638497653,True
아프리카 리듬과 열정을 Anya Fo! [울산],대중음악,영남,울산광역시학생교육문화회관,0.313,1,221.0,221.0,0.0,0.0,2,0.15062958090584477,0.3214808692115707,0.9527017830406969,20.39896882372552,18.001800649722966,0.1626984126984127,True
피아니스트 김민주 제자음악회,서양음악(클래식),서울,푸르지오아트홀,0.2,1,56.0,56.0,0.0,0.0,6,0.08392622224608694,0.204239541973619,0.9527017830406969,11.978282074291213,17.978282074291215,0.34171322160148976,True
제3회 판교여성합창단 정기연주회,서양음악(클래식),경인,성남아트리움 (구. 성남시민회관),0.3829,1,247.0,247.0,0.0,0.0,10,0.1918812253335839,0.33301215143541657,0.9527017830406969,23.922332493079345,17.922332493079345,0.10516431924882629,True
"광명전통무형유산전수관 개관 1주년 기념 공연, 풍류향연",한국음악(국악),경인,광명전통무형유산전수관,0.5,1,50.0,50.0,0.0,0.0,0,0.2684645743281338,0.1994745845049966,0.9527017830406969,23.838955290737196,17.838955290737196,0.10422535211267606,True
비르투오소 오케스트라 창단20주년 기념연주회,서양음악(클래식),경인,성남아트센터,0.343,1,378.0,378.0,0.0,0.0,7,0.16825516148951594,0.4011727294641155,0.9527017830406969,23.818455631629078,17.818455631629078,0.10328638497652583,True
"제2회 대구창작뮤지컬페스타, 사랑꽃",뮤지컬,영남,봉산문화회관,0.4125,1,33.0,33.0,0.0,0.0,2,0.21279566139554865,0.1862410837308946,0.9527017830406969,20.174735864770625,17.77756769076807,0.16170634920634921,True
김준희 해금 독주회 [성남],한국음악(국악),경인,성남아트센터,0.4074,1,154.0,154.0,0.0,0.0,7,0.2096141971165463,0.28380683237310167,0.9527017830406969,23.662550561607766,17.662550561607766,0.10234741784037558,True
"부산시립청소년교향악단 특별연주회, 유망주음악회: 동행",서양음악(클래식),영남,부산문화회관,0.3341,1,137.0,137.0,0.0,0.0,7,0.16311380782344886,0.2722742587189102,0.9527017830406969,20.02152111514889,17.624352941146334,0.16071428571428573,True
색소폰 앙상블 페스티벌,서양음악(클래식),서울,영산아트홀,0.1672,1,100.0,100.0,0.0,0.0,4,0.0694955298413295,0.24540053022817968,0.9527017830406969,11.511298636669174,17.511298636669174,0.3407821229050279,True
회수조,연극,경인,광명문화예술교육지원센터 광명극장,0.3958,1,190.0,190.0,0.0,0.0,1,0.19934491368432358,0.30063351998638876,0.9527017830406969,23.49514102680622,17.49514102680622,0.10140845070422536,True
심관섭 피아노 클래스,서양음악(클래식),경인,성남아트센터,0.4048,1,153.0,153.0,0.0,0.0,7,0.2072515907321395,0.28338963797630234,0.9527017830406969,23.488339205774686,17.488339205774686,0.10046948356807511,True
"제27회 천마피아노연구회 정기연주회, 그녀들의 열망",서양음악(클래식),영남,수성아트피아,0.3455,1,104.0,104.0,0.0,0.0,3,0.16946331248154214,0.2523890120932228,0.9527017830406969,19.873464906050433,17.476296732047878,0.1597222222222222,True
평화누리 피크닉 페스티벌: 피크닉존,대중음악,경인,파주 임진각 평화누리,0.2649,1,7946.0,7946.0,0.0,0.0,5,0.12030499100598706,0.6393202063897381,0.9527017830406969,23.466999245920885,17.466999245920885,0.09953051643192488,True
제13회 스페란자챔버오케스트라 정기연주회,서양음악(클래식),서울,광림아트센터,0.1648,1,101.0,101.0,0.0,0.0,6,0.06721346685639112,0.25086769349499655,0.9527017830406969,11.382867297370419,17.382867297370417,0.3398510242085661,True
신윤원 윤혜경 두오 리사이틀,서양음악(클래식),경인,성남아트센터,0.4021,1,152.0,152.0,0.0,0.0,7,0.20594947244073347,0.28262381302727924,0.9527017830406969,23.374369811827837,17.374369811827837,0.09765258215962441,True
신윤원 & 윤혜경 피아노 듀오 리사이틀: 88 77 66 [성남],서양음악(클래식),경인,성남아트센터,0.4021,1,152.0,152.0,0.0,0.0,7,0.20594947244073347,0.28262381302727924,0.9527017830406969,23.374369811827837,17.374369811827837,0.09765258215962441,True
신윤원 윤혜경 두오 연주회 [성남],서양음악(클래식),경인,성남아트센터,0.4021,1,152.0,152.0,0.0,0.0,7,0.20594947244073347,0.28262381302727924,0.9527017830406969,23.374369811827837,17.374369811827837,0.09765258215962441,True
"문화가 있는 날 작은 음악회, 하우스 콘서트 바이올린 & 피아노 (11월)",서양음악(클래식),호남,군산예술의전당,0.1667,1,200.0,200.0,0.0,0.0,4,0.06867667194673396,0.30856354391352186,0.9527017830406969,12.526316774645885,17.360727094986323,0.2620320855614973,True
"문화가 있는날, 하우스콘서트: 현의 향연 [군산] (7월)",서양음악(클래식),호남,군산예술의전당,0.1667,1,200.0,200.0,0.0,0.0,4,0.06867667194673396,0.30856354391352186,0.9527017830406969,12.526316774645885,17.360727094986323,0.2620320855614973,True
"문화가 있는 날 작은 음악회, 하우스 콘서트 콜라식 (8월)",서양음악(클래식),호남,군산예술의전당,0.1667,1,200.0,200.0,0.0,0.0,4,0.06867667194673396,0.30856354391352186,0.9527017830406969,12.526316774645885,17.360727094986323,0.2620320855614973,True
문화가 있는날 [군산] (6월),서양음악(클래식),호남,군산예술의전당,0.1667,1,200.0,200.0,0.0,0.0,4,0.06867667194673396,0.30856354391352186,0.9527017830406969,12.526316774645885,17.360727094986323,0.2620320855614973,True
"하우스 콘서트: 노르웨이, 베르겐으로 가는 길 with 하모니카 [군산] (1월)",서양음악(클래식),호남,군산예술의전당,0.1667,1,200.0,200.0,0.0,0.0,4,0.06867667194673396,0.30856354391352186,0.9527017830406969,12.526316774645885,17.360727094986323,0.2620320855614973,True
제28회 대구중등교사합창단 정기연주회 [대구],서양음악(클래식),영남,대구학생문화센터,0.271,1,371.0,371.0,0.0,0.0,2,0.12315085778720433,0.3983095307570937,0.9527017830406969,19.694762320911366,17.29759414690881,0.15873015873015872,True
제31회 김천시립교향악단 정기연주회,서양음악(클래식),영남,김천시문화예술회관,0.2909,1,270.0,270.0,0.0,0.0,6,0.13503100920879535,0.34309074687562985,0.9527017830406969,19.607567116077014,17.21039894207446,0.15773809523809523,True
"제9회 대구 플루트 뮤직페어, 신인음악회",서양음악(클래식),영남,수성아트피아,0.3389,1,102.0,102.0,0.0,0.0,3,0.16612076140360296,0.2513743182460658,0.9527017830406969,19.6057161245625,17.208547950559943,0.15625,True
제5회 메조소프라노 김선의 독창회 [대구],서양음악(클래식),영남,수성아트피아,0.3389,1,102.0,102.0,0.0,0.0,3,0.16612076140360296,0.2513743182460658,0.9527017830406969,19.6057161245625,17.208547950559943,0.15625,True
국립오페라스튜디오와 함께하는 오페라 드림 갈라 콘서트,서양음악(클래식),서울,서울아트센터,0.1459,1,158.0,158.0,0.0,0.0,0,0.059306789808575185,0.28523335105709335,0.9527017830406969,11.115852410885406,17.115852410885406,0.33891992551210426,True
권씨부인 [안동],연극,영남,안동문화예술의전당,0.25365,2,140.0,70.0,0.0,0.0,7,0.11477434424248933,0.43251174536923404,0.9527017830406969,19.51219171187609,17.115023537873533,0.15476190476190477,True
제15회 대구학생국악단 정기연주회,한국음악(국악),영남,대구학생문화센터,0.2652,1,363.0,363.0,0.0,0.0,2,0.12043923000510108,0.39498613017817435,0.9527017830406969,19.368389958099293,16.971221784096738,0.15376984126984128,True
제8회 롯데장학재단과 함께하는 청춘열전 출사표 결선 경연,한국음악(국악),서울,국립국악원,0.152,1,100.0,100.0,0.0,0.0,7,0.06283727548527399,0.24540053022817968,0.9527017830406969,10.836289689192744,16.836289689192746,0.33798882681564246,True
"한화와 함께하는 교향악축제, The Wave, 국립심포니오케스트라 (04.12) (영상화)",서양음악(클래식),호남,국립아시아문화전당,0.2016,1,50.0,50.0,0.0,0.0,6,0.0854431229360754,0.1994745845049966,0.9527017830406969,11.993924085615982,16.828334405956422,0.2540106951871658,True
"음악으로 느끼는 문화다양성, 세계민속음악 여정",서양음악(클래식),영남,국립부산국악원,0.2974,1,204.0,204.0,0.0,0.0,5,0.138856820683545,0.31269968508539997,0.9527017830406969,19.212828579345988,16.815660405343433,0.1527777777777778,True
"대한민국 청소년 교향악 축제, 칠곡 석적초등학교 소리빛오케스트라",서양음악(클래식),영남,안동문화예술의전당,0.2797,1,278.0,278.0,0.0,0.0,7,0.12860096115123365,0.34598959539262136,0.9527017830406969,19.10608670310593,16.708918529103375,0.15178571428571427,True
치유와 평화를 위한 평화음악회 [서울],대중음악,서울,연세대학교 대강당,0.1231,1,202.0,202.0,0.0,0.0,7,0.05084973286439176,0.31194866041128844,0.9527017830406969,10.505251533441427,16.505251533441427,0.3370577281191806,True
"제873회 전남도립국악단 토요가무악희 시즌1, 그린국악",한국음악(국악),호남,남도소리울림터,0.1738,1,97.0,97.0,0.0,0.0,1,0.07197895132493892,0.23901360896847682,0.9527017830406969,11.633016948730534,16.467427269070974,0.25133689839572193,True
"ACC 아시아콘텐츠 공연개발 시범공연, 속삭임의 식탁",연극,호남,국립아시아문화전당,0.1578,1,149.0,149.0,0.0,0.0,6,0.06462265417349049,0.2793096902486341,0.9527017830406969,11.605537950573977,16.439948270914417,0.24866310160427807,True
빛고을국악전수관 X 광주시립국악관현악단: 해설이 있는 국악콘서트 Ⅰ [광주],한국음악(국악),호남,빛고을국악전수관,0.1987,1,31.0,31.0,0.0,0.0,4,0.08283888635326335,0.1854745111116714,0.9527017830406969,11.435475955945789,16.26988627628623,0.24598930481283424,True
안동시 유네스코 그랜드 슬램 1주년 기념 콘서트,서양음악(클래식),영남,안동문화예술의전당,0.2716,1,270.0,270.0,0.0,0.0,7,0.123540150884635,0.34309074687562985,0.9527017830406969,18.58867689208847,16.191508718085913,0.15079365079365079,True
"안동문화예술의전당 문화예술교육축제, 마카다안동시민오케스트라 정기연주회: Fun한 콘서트 [안동]",서양음악(클래식),영남,안동문화예술의전당,0.2696,1,268.0,268.0,0.0,0.0,7,0.12266759739039386,0.3423426788615734,0.9527017830406969,18.493637190877756,16.0964690168752,0.1498015873015873,True
"해금, 가까이 듣기: 산조와 민요2 [성남]",한국음악(국악),경인,성남아트센터,0.3783,1,143.0,143.0,0.0,0.0,7,0.18930383655059468,0.2767291240638431,0.9527017830406969,22.035230448766022,16.035230448766022,0.09577464788732394,True
안동청소년오케스트라 정기연주회,서양음악(클래식),영남,안동문화예술의전당,0.2686,1,267.0,267.0,0.0,0.0,7,0.12186216339570972,0.3421021361834591,0.9527017830406969,18.41550550414922,16.018337330146664,0.1488095238095238,True
막 [춘천],연극,기타,춘천문화예술회관,0.2106,1,198.0,198.0,0.0,0.0,3,0.08996697720621795,0.3051024889314149,0.9527017830406969,14.66318039457172,16.017470347568533,0.14556962025316456,True
사맛디 콘서트,한국음악(국악),영남,예주문화예술회관,0.2957,1,157.0,157.0,0.0,0.0,4,0.13742046339302494,0.2848897502147431,0.9527017830406969,18.395075513343787,15.997907339341232,0.14781746031746032,True
"춘천시립인형극단, 미토의 고백 (앵콜)",연극,기타,KT&G 상상마당 [춘천],0.16,4,128.0,32.0,0.0,0.0,1,0.065374392568529,0.4892471533434515,0.9527017830406969,14.623654672101823,15.977944625098637,0.13924050632911392,True
"춘천시립인형극단, 이머시브 오브제극 미토의 고백",연극,기타,KT&G 상상마당 [춘천],0.15,6,180.0,30.0,0.0,0.0,1,0.061508309394045155,0.5352779613667108,0.9527017830406969,14.614771152602799,15.969061105599613,0.13291139240506328,True
한여름밤의 트롯콘서트,대중음악,영남,문경문화예술회관,0.2743,1,226.0,226.0,0.0,0.0,3,0.1253255295728515,0.323253894402586,0.9527017830406969,18.308013979044226,15.91084580504167,0.14682539682539683,True
"국악창작실내악 작품 공모 당선작 발표회, 조약돌Ⅱ [부산]",한국음악(국악),영남,국립부산국악원,0.3225,1,89.0,89.0,0.0,0.0,5,0.15543533707412677,0.23325608164346456,0.9527017830406969,18.28365618212839,15.886488008125834,0.14583333333333334,True
소프라노 김현정 체칠리아 독창회,서양음악(클래식),서울,일신홀,0.1587,1,30.0,30.0,0.0,0.0,1,0.06494482777136414,0.18420379461130665,0.9527017830406969,9.854762690588633,15.854762690588633,0.3361266294227188,True
"서울챔버앙상블, 영아티스트 피아노 콘체르토 갈라",서양음악(클래식),서울,광림아트센터,0.137,1,84.0,84.0,0.0,0.0,6,0.05587027143125621,0.2304855757801135,0.9527017830406969,9.848406574854526,15.848406574854526,0.33519553072625696,True
"한화와 함께하는 교향악축제, The Wave, 광주시립교향악단 (04.26) (영상화)",서양음악(클래식),호남,국립아시아문화전당,0.1815,1,45.0,45.0,0.0,0.0,6,0.07491878540553602,0.19465171736707326,0.9527017830406969,10.976344587088025,15.810754907428466,0.24331550802139038,True
안동청춘합창단 정기연주회,서양음악(클래식),영남,안동문화예술의전당,0.2636,1,262.0,262.0,0.0,0.0,7,0.11982173060917657,0.34063092782002324,0.9527017830406969,18.198474469235933,15.801306295233378,0.14484126984126985,True
영도문화예술회관 절영홀 재개관 기념 공연,서양음악(클래식),영남,영도문화예술회관,0.3438,1,55.0,55.0,0.0,0.0,3,0.1686444545869466,0.2037097907276185,0.9527017830406969,18.188127926067352,15.790959752064797,0.14384920634920634,True
앙상블 우리 송년 음악회 [서울],서양음악(클래식),서울,라율아트홀,0.1667,1,10.0,10.0,0.0,0.0,3,0.06867667194673396,0.16492083921505085,0.9527017830406969,9.749801170820028,15.749801170820028,0.33426443202979517,True
제9회 앙상블 무지카미아 정기연주회,서양음악(클래식),서울,영산아트홀,0.1338,1,80.0,80.0,0.0,0.0,4,0.05476951163852122,0.22664559294966885,0.9527017830406969,9.666343690830287,15.666343690830287,0.3333333333333333,True
안동꿈의오케스트라 정기연주회,서양음악(클래식),영남,안동문화예술의전당,0.2596,1,258.0,258.0,0.0,0.0,7,0.11795580852149166,0.33939825705490123,0.9527017830406969,18.00177968021743,15.604611506214876,0.14285714285714285,True
교육체험관 개관 기념 명사 초청 시리즈 1,한국음악(국악),영남,국립부산국악원,0.3152,1,87.0,87.0,0.0,0.0,5,0.15166322119902273,0.2324031712700628,0.9527017830406969,17.989744092036457,15.592575918033901,0.14186507936507936,True
"치유와 평화를 위한 평화음악회, 위로 [군산]",대중음악,호남,군산예술의전당,0.1367,1,164.0,164.0,0.0,0.0,4,0.05572260853223079,0.28848468737123667,0.9527017830406969,10.756425402061348,15.590835722401788,0.24064171122994651,True
"한화와 함께하는 교향악축제, The Wave, 코리안챔버오케스트라 (04.06) (영상화)",서양음악(클래식),호남,국립아시아문화전당,0.1734,1,43.0,43.0,0.0,0.0,6,0.0718447123258249,0.1935867093750713,0.9527017830406969,10.680389746440767,15.514800066781207,0.23796791443850268,True
조윤범과 콰르텟엑스,서양음악(클래식),영남,신세계 문화홀 8층 [대구],0.2933,1,132.0,132.0,0.0,0.0,10,0.13615861680135313,0.2695396235502199,0.9527017830406969,17.892710101125278,15.495541927122723,0.14087301587301587,True
"군산시립교향악단 하우스 캔들 콘서트 Ⅱ, 캔들시네마",서양음악(클래식),호남,군산예술의전당,0.1342,1,161.0,161.0,0.0,0.0,4,0.054984294037103656,0.2874736468589531,0.9527017830406969,10.655710366147161,15.490120686487602,0.23529411764705882,True
"모두페스티벌, 똑, 똑, 똑 [대구]",연극,영남,소극장 함세상,0.3571,1,25.0,25.0,0.0,0.0,3,0.17723575053024404,0.1806327485231087,0.9527017830406969,17.858681556406015,15.46151338240346,0.13988095238095238,True
한벽히어로 [전주],한국음악(국악),호남,전주한벽문화관,0.1702,1,40.0,40.0,0.0,0.0,4,0.07035465943565924,0.1907689989416032,0.9527017830406969,10.485251196182228,15.319661516522668,0.232620320855615,True
"제43회 대구음악제, 개막공연: 위풍당당",서양음악(클래식),영남,대구콘서트하우스,0.2414,1,310.0,310.0,0.0,0.0,7,0.10725696029210406,0.3704814142281967,0.9527017830406969,17.610101581762517,15.212933407759962,0.1388888888888889,True
포항시립교향악단 협주곡의 밤,서양음악(클래식),영남,포항문화예술회관,0.2539,1,247.0,247.0,0.0,0.0,4,0.11513678954009719,0.33301215143541657,0.9527017830406969,17.60810023000502,15.210932056002466,0.1378968253968254,True
nadaebro 나대브로 The 1st Concert,서양음악(클래식),서울,금호아트홀 연세,0.1333,1,52.0,52.0,0.0,0.0,1,0.05433994684135635,0.20254860644638176,0.9527017830406969,9.197784485676255,15.197784485676255,0.3324022346368715,True
"쇼케이스, 잠자는 숲속의 미녀",무용(서양/한국무용),경인,광명시민회관,0.3453,1,183.0,183.0,0.0,0.0,7,0.1693022256826053,0.2965703266180509,0.9527017830406969,21.185985888547954,15.185985888547954,0.09483568075117371,True
"배시시 명품극장, 베를린 필하모닉 카메라타",서양음악(클래식),영남,부산시민회관,0.2935,1,113.0,113.0,0.0,0.0,7,0.13629285580046716,0.2567707087499244,0.9527017830406969,17.559091700286526,15.16192352628397,0.13690476190476192,True
"한화와 함께하는 교향악축제, The Wave, 부천필하모닉오케스트라 (4.5) (영상화)",서양음악(클래식),호남,국립아시아문화전당,0.1653,1,41.0,41.0,0.0,0.0,6,0.06745509705479635,0.1927479195763993,0.9527017830406969,10.266082324301951,15.100492644642392,0.22994652406417113,True
김희성 파이프 오르간 독주회,서양음악(클래식),서울,이화여자대학교 김영의홀,0.1316,1,50.0,50.0,0.0,0.0,4,0.053829838644723065,0.1994745845049966,0.9527017830406969,9.090104469779765,15.090104469779765,0.33147113594040967,True
"군산시립교향악단, 하우스 캔들 콘서트 Ⅲ: MBTI CLASSIC",서양음악(클래식),호남,군산예술의전당,0.125,1,150.0,150.0,0.0,0.0,4,0.05186994925765834,0.2807029040525475,0.9527017830406969,10.19173812873395,15.026148449074391,0.2232620320855615,True
트래블 콘서트: 부다페스트의 밤 [군산],서양음악(클래식),호남,군산예술의전당,0.125,1,150.0,150.0,0.0,0.0,4,0.05186994925765834,0.2807029040525475,0.9527017830406969,10.19173812873395,15.026148449074391,0.2232620320855615,True
"군산시립교향악단 하우스 캔들 콘서트 I, 그대에게 주는 음악 선물",서양음악(클래식),호남,군산예술의전당,0.125,1,150.0,150.0,0.0,0.0,4,0.05186994925765834,0.2807029040525475,0.9527017830406969,10.19173812873395,15.026148449074391,0.2232620320855615,True
"트래블 콘서트: 탱고의 도시, 부에노스 아리레스 [군산]",서양음악(클래식),호남,군산예술의전당,0.125,1,150.0,150.0,0.0,0.0,4,0.05186994925765834,0.2807029040525475,0.9527017830406969,10.19173812873395,15.026148449074391,0.2232620320855615,True
제1회 렛츠플루트 앙상블 정기연주회,서양음악(클래식),서울,세라믹팔레스홀,0.1272,1,51.0,51.0,0.0,0.0,6,0.05252772035331704,0.20218614417413736,0.9527017830406969,9.006036194018694,15.006036194018694,0.33054003724394787,True
이건용 트롬본 독주회 [성남],서양음악(클래식),경인,성남아트리움 (구. 성남시민회관),0.3287,1,212.0,212.0,0.0,0.0,10,0.15871076865250894,0.3174859678077355,0.9527017830406969,20.94371170381464,14.943711703814639,0.09389671361502347,True
비바와 함께하는 송년음악회 [안산],서양음악(클래식),경인,보노마루,0.3941,1,80.0,80.0,0.0,0.0,1,0.1984186645904368,0.22664559294966885,0.9527017830406969,20.92610619545557,14.92610619545557,0.09295774647887324,True
국립남도국악원 개원 20주년 기념 해외동포 및 국악단체 특별 초청공연: 한국을 가슴에 품다 [부산],한국음악(국악),영남,국립부산국악원,0.3007,1,83.0,83.0,0.0,0.0,5,0.14213225226192713,0.2298493849150764,0.9527017830406969,17.226336289218867,14.829168115216312,0.1359126984126984,True
예진 영 아티스트 콘서트 1,서양음악(클래식),서울,거암아트홀,0.1389,1,20.0,20.0,0.0,0.0,5,0.056729401025585956,0.1707387574366526,0.9527017830406969,8.814907624037753,14.814907624037753,0.329608938547486,True
탈춤연구소 쇼케이스,한국음악(국악),서울,금나래아트홀,0.0543,9,270.0,30.0,0.0,0.0,6,0.025035573334765217,0.5797181168347121,0.9527017830406969,8.79875599329226,14.79875599329226,0.3286778398510242,True
김지정 귀국 콘트라베이스 독주회,서양음악(클래식),영남,대구콘서트하우스,0.3024,1,75.0,75.0,0.0,0.0,7,0.1448573039439418,0.2223254933178868,0.9527017830406969,17.193327851693894,14.796159677691339,0.1349206349206349,True
해설이 있는 봄의 오페라 여행,서양음악(클래식),경인,성남아트센터,0.3519,1,133.0,133.0,0.0,0.0,7,0.1740005906515961,0.27005148192121736,0.9527017830406969,20.74479079432505,14.744790794325048,0.09201877934272301,True
안동꿈의오케스트라 정기연주회: 울림콘서트,서양음악(클래식),영남,안동문화예술의전당,0.2455,1,244.0,244.0,0.0,0.0,7,0.10912288237978898,0.33176668547518334,0.9527017830406969,17.024823059941088,14.627654885938533,0.13392857142857142,True
"대한민국 청소년 교향악 축제, 안동&마루한&합천 청소년오케스트라 합동연주",서양음악(클래식),영남,안동문화예술의전당,0.2445,1,243.0,243.0,0.0,0.0,7,0.10855907858351008,0.33114804763505834,0.9527017830406969,16.95932522662863,14.562157052626073,0.13293650793650794,True
불완전 변태: Viva la vida,연극,경인,보노마루,0.2463,4,200.0,50.0,0.0,0.0,1,0.11037130507154938,0.5192767887430969,0.9527017830406969,20.505637275749606,14.505637275749606,0.09107981220657277,True
각인 [인천 계양],뮤지컬,경인,계양문화회관,0.24025,2,382.0,191.0,0.0,0.0,2,0.10684081939485059,0.5450635764033335,0.9527017830406969,20.50317840507126,14.50317840507126,0.09014084507042254,True
제2회 금천연극제,연극,서울,금천뮤지컬센터,0.082475,8,130.0,16.25,0.0,0.0,3,0.025035573334765217,0.5249171122424175,0.9527017830406969,8.456113767964203,14.456113767964203,0.32774674115456237,True
REPLAY 우리시대의 삽화 [부산],연극,영남,효로인디아트홀,0.1923,6,120.0,20.0,0.0,0.0,0,0.07991247617257766,0.5132874742932174,0.9527017830406969,16.815625216034157,14.418457042031601,0.13194444444444445,True
"한화와 함께하는 교향악축제, The Wave, 대전시립교향악단 (04.13) (영상화)",서양음악(클래식),호남,국립아시아문화전당,0.1492,1,37.0,37.0,0.0,0.0,6,0.061078744596880286,0.18824132969087604,0.9527017830406969,9.581203269266867,14.415613589607307,0.21657754010695188,True
온드림 스테이지 [세종],서양음악(클래식),충청,세종예술의전당,0.2521,1,270.0,270.0,0.0,0.0,1,0.11383467124869116,0.34309074687562985,0.9527017830406969,17.698168953426606,14.341997316834505,0.11574074074074074,True
눈의여왕 [서울 금천],뮤지컬,서울,레미어린이극장 [금천],0.0,16,0.0,0.0,,332063.0,10,0.025035573334765217,0.4997826750152851,,8.291765357361271,14.291765357361271,0.3254189944134078,True
"토들러 클래식 콘서트, 영유아 클래식 콘서트: Merry Christmas (12월) [목동]",서양음악(클래식),서울,엉클영버스튜디오,0.0,31,0.0,0.0,,483871.0,0,0.025035573334765217,0.4997826750152851,,8.291765357361271,14.291765357361271,0.3254189944134078,True
성냥팔이 소녀 [서울 금천],뮤지컬,서울,레미어린이극장 [금천],0.0,14,0.0,0.0,,468000.0,10,0.025035573334765217,0.4997826750152851,,8.291765357361271,14.291765357361271,0.3254189944134078,True
"토들러 클래식 콘서트, 영유아 클래식 콘서트: GHIBLI (11월) [목동]",서양음악(클래식),서울,엉클영버스튜디오,0.0,23,0.0,0.0,,579130.0,0,0.025035573334765217,0.4997826750152851,,8.291765357361271,14.291765357361271,0.3254189944134078,True
나도피아노 정기연주회 [안산],서양음악(클래식),경인,보노마루,0.3793,1,77.0,77.0,0.0,0.0,1,0.18994818374634198,0.22329619416041802,0.9527017830406969,20.264393754530147,14.264393754530147,0.0892018779342723,True
"제2회 꿈의 무용단 정기공연, PLAY",무용(서양/한국무용),영남,예주문화예술회관,0.2618,1,139.0,139.0,0.0,0.0,4,0.11898944881466963,0.2734689857395528,0.9527017830406969,16.598479393552672,14.201311219550117,0.13095238095238096,True
세레나트와 함께하는 음악으로 보고 미술로 듣다,서양음악(클래식),충청,천안예술의전당,0.2867,1,127.0,127.0,0.0,0.0,3,0.13286976132305958,0.2663506148850875,0.9527017830406969,17.5483858257954,14.192214189203298,0.1111111111111111,True
돼지바이러스,뮤지컬,서울,스타스테이지,0.0,12,0.0,0.0,,173667.0,0,0.025035573334765217,0.48486812917352173,,8.191887516091606,14.191887516091606,0.3226256983240223,True
Jazzy Chirstmas [사당],대중음악,서울,entry55 [사당],0.0,12,0.0,0.0,,1605300.0,3,0.025035573334765217,0.48486812917352173,,8.191887516091606,14.191887516091606,0.3226256983240223,True
반짝반짝 달님이의 버블버블 마법의 솜사탕 [천호],뮤지컬,서울,현대백화점 문화홀 [천호],0.0,9,0.0,0.0,,605222.0,9,0.025035573334765217,0.4781396125086298,,8.14622525938667,14.14622525938667,0.32122905027932963,True
원테이블 매직,서커스/마술,서울,스튜디오 아르카나,0.0,8,0.0,0.0,,210000.0,0,0.025035573334765217,0.474379363333888,,8.120538693893403,14.120538693893403,0.3202979515828678,True
새허생 이야기 [부산],한국음악(국악),영남,효로인디아트홀,0.1923,5,100.0,20.0,0.0,0.0,0,0.07991247617257766,0.4891420158755835,0.9527017830406969,16.494636164056985,14.09746799005443,0.12996031746031747,True
"배다 인큐베이팅, 묻다, 배다, 나누다: 과정공유회",연극,서울,영등포아트홀,0.0754,3,119.0,39.67,0.0,0.0,5,0.025035573334765217,0.4612717379946801,0.9527017830406969,8.03003176860203,14.03003176860203,0.319366852886406,True
뚝딱하니 용궁,뮤지컬,서울,업스테이지(UP Stage),0.0,6,0.0,0.0,,0.0,1,0.025035573334765217,0.4603499734925506,,8.023609315466901,14.023609315466901,0.31797020484171323,True
샌드아트 대탐험,서커스/마술,서울,맛있는 극장,0.0,6,0.0,0.0,,219450.0,0,0.025035573334765217,0.4603499734925506,,8.023609315466901,14.023609315466901,0.31797020484171323,True
"앰비규어스 댄스컴퍼니, 미끼",무용(서양/한국무용),서울,KOCCA콘텐츠문화광장,0.0518,5,50.0,10.0,0.0,0.0,5,0.025035573334765217,0.4603073795195977,0.9527017830406969,8.023312352804,14.023312352804,0.3165735567970205,True
Woon Kyung 遊 CHAMBER ORCHESTRA 정기연주회 [대구],서양음악(클래식),영남,대구콘서트하우스,0.2243,1,288.0,288.0,0.0,0.0,7,0.09818240395199614,0.35228475834279943,0.9527017830406969,16.367326214230356,13.970158040227801,0.12896825396825398,True
중간항로,연극,서울,동숭무대소극장,0.0,5,0.0,0.0,,0.0,3,0.025035573334765217,0.44445044202625306,,7.911591622280046,13.911591622280046,0.31517690875232773,True
"제12회 성미산 동네연극축제, 수상한 부녀",연극,서울,성미산마을극장 향,0.0,5,0.0,0.0,,130000.0,2,0.025035573334765217,0.44445044202625306,,7.911591622280046,13.911591622280046,0.31517690875232773,True
"온양문화복지센터 개관 15주년 기념, 추억 & 낭만 콘서트",대중음악,영남,온양문화복지센터,0.2837,1,80.0,80.0,0.0,0.0,3,0.13085617633634924,0.22664559294966885,0.9527017830406969,16.30104502751178,13.903876853509225,0.12797619047619047,True
여기소,연극,서울,대학로 스카이씨어터,0.094225,4,49.0,12.25,0.0,0.0,0,0.025035573334765217,0.4429742946511066,0.9527017830406969,7.901070465159432,13.901070465159432,0.313780260707635,True
Woon Kyung 遊 Chamber Orchestra 창단 연주회,서양음악(클래식),영남,대구콘서트하우스,0.222,1,285.0,285.0,0.0,0.0,7,0.09712191585899535,0.3511650012516061,0.9527017830406969,16.24032943810578,13.843161264103223,0.12698412698412698,True
"어썸페스티벌, 생일선물 [서울]",연극,서울,북촌창우극장,0.0,4,0.0,0.0,,63000.0,1,0.025035573334765217,0.4283712172365608,,7.795834986417287,13.795834986417287,0.31191806331471134,True
"제52회 목멱예술제: 우리가락, 우리춤",한국음악(국악),서울,국립국악원,0.0,4,0.0,0.0,,0.0,7,0.025035573334765217,0.4283712172365608,,7.795834986417287,13.795834986417287,0.31191806331471134,True
서대문구민들이 바라는 장면,연극,서울,신촌문화발전소,0.0,4,0.0,0.0,,485000.0,4,0.025035573334765217,0.4283712172365608,,7.795834986417287,13.795834986417287,0.31191806331471134,True
"영남춤축제, 학술대회",무용(서양/한국무용),영남,국립부산국악원,0.2826,1,78.0,78.0,0.0,0.0,5,0.13018498134077913,0.223801782386578,0.9527017830406969,16.168954819442536,13.771786645439981,0.1259920634920635,True
제31회 달서구립합창단 정기연주회 [대구],서양음악(클래식),영남,달서아트센터 (구. 웃는얼굴아트센터),0.2593,1,118.0,118.0,0.0,0.0,6,0.11783499342228905,0.25983117085136176,0.9527017830406969,16.16743297885506,13.770264804852506,0.125,True
제19회 테헤란밸리 심포니 오케스트라 봄 정기연주회,서양음악(클래식),경인,성남아트센터,0.2813,1,310.0,310.0,0.0,0.0,7,0.12939297124600638,0.3704814142281967,0.9527017830406969,19.70847322703319,13.708473227033188,0.08826291079812207,True
"제2회 천안 태조산 연극제 참가작, 구멍",연극,충청,JB소극장,0.3333,1,30.0,30.0,0.0,0.0,0,0.16198620023089108,0.18420379461130665,0.9527017830406969,17.053213914574894,13.697042277982792,0.10648148148148148,True
"공공외교랩소디, VIBE VOYAGE: 교류하는, 여행",대중음악,서울,노들섬,0.1096,2,100.0,50.0,0.0,0.0,4,0.025035573334765217,0.4086136538266876,0.9527017830406969,7.649968990441349,13.649968990441348,0.3100558659217877,True
제33회 베누스토심포니오케스트라 정기연주회,서양음악(클래식),경인,성남아트센터,0.2795,1,308.0,308.0,0.0,0.0,7,0.12843987435229684,0.3697480105490154,0.9527017830406969,19.60569587725368,13.60569587725368,0.08732394366197183,True
프레스콜 [대학로],뮤지컬,서울,열린극장,0.0,3,0.0,0.0,,0.0,1,0.025035573334765217,0.40204947301336835,,7.600572811700713,13.600572811700713,0.3054003724394786,True
빨간코 루돌프와 산타크로스 [서울 서대문],뮤지컬,서울,서대문문화체육회관,0.0,3,0.0,0.0,,2658333.0,5,0.025035573334765217,0.40204947301336835,,7.600572811700713,13.600572811700713,0.3054003724394786,True
낭독극 시리즈: THE FLICK,연극,서울,산울림소극장,0.0,3,0.0,0.0,,392000.0,1,0.025035573334765217,0.40204947301336835,,7.600572811700713,13.600572811700713,0.3054003724394786,True
네가 있어 좋다,연극,서울,을지공간,0.0,3,0.0,0.0,,44000.0,2,0.025035573334765217,0.40204947301336835,,7.600572811700713,13.600572811700713,0.3054003724394786,True
두잇아카펠라 크리스마스 특별 공연,대중음악,서울,두잇아카펠라 Abar,0.0,3,0.0,0.0,,407000.0,2,0.025035573334765217,0.40204947301336835,,7.600572811700713,13.600572811700713,0.3054003724394786,True
낭독극 시리즈: FACE,연극,서울,산울림소극장,0.0,3,0.0,0.0,,380000.0,1,0.025035573334765217,0.40204947301336835,,7.600572811700713,13.600572811700713,0.3054003724394786,True
내가 선택한 해피엔딩,뮤지컬,서울,"제이원 씨어터 (구. 서완소극장, 구. 씨어터고리)",0.0,3,0.0,0.0,,130000.0,2,0.025035573334765217,0.40204947301336835,,7.600572811700713,13.600572811700713,0.3054003724394786,True
피부와 공간의 극작술 연구: 장면 셋,무용(서양/한국무용),서울,서강대 메리홀,0.0,3,0.0,0.0,,557667.0,1,0.025035573334765217,0.40204947301336835,,7.600572811700713,13.600572811700713,0.3054003724394786,True
"토들러 클래식 콘서트, 잉글리쉬 토들러 클래식 콘서트 (11월) [목동]",서양음악(클래식),서울,엉클영버스튜디오,0.0,3,0.0,0.0,,385000.0,0,0.025035573334765217,0.40204947301336835,,7.600572811700713,13.600572811700713,0.3054003724394786,True
제27회 인천예술고등학교 음악과 정기연주회,서양음악(클래식),경인,아트센터 인천,0.2565,1,443.0,443.0,0.0,0.0,6,0.11653287513088302,0.425745958263287,0.9527017830406969,19.567227323292514,13.567227323292514,0.0863849765258216,True
VIOLIN STUDIO Young Artist Concert,서양음악(클래식),경인,성남아트센터,0.328,1,124.0,124.0,0.0,0.0,7,0.15822750825569845,0.2646544287632856,0.9527017830406969,19.43752029075615,13.43752029075615,0.08544600938967137,True
"임직원 초대 뮤지컬 화가 시리즈: 모딜리아니, 에곤실레",뮤지컬,서울,서경대학교 공연예술센터,0.1136,2,60.0,30.0,0.0,0.0,4,0.025035573334765217,0.380692453966008,0.9527017830406969,7.436425514551577,13.436425514551576,0.30074487895716945,True
Coldplay & Oasis 오케스트라 FESTA [고양],서양음악(클래식),경인,고양아람누리,0.2622,1,380.0,380.0,0.0,0.0,6,0.11921765511316347,0.40185690651874273,0.9527017830406969,19.383532196777146,13.383532196777146,0.08450704225352113,True
"대한민국 청소년 교향악 축제, 안동청소년오케스트라",서양음악(클래식),영남,안동문화예술의전당,0.2213,1,220.0,220.0,0.0,0.0,7,0.09681316616103311,0.3207603456721554,0.9527017830406969,15.632661469623294,13.235493295620739,0.12400793650793651,True
쉐프의 밥상 [영덕],한국음악(국악),영남,예주문화예술회관,0.2448,1,130.0,130.0,0.0,0.0,4,0.10882755658173812,0.26831385163473553,0.9527017830406969,15.61351067376546,13.216342499762906,0.12301587301587301,True
제13회 꿈의 오케스트라 군포 정기연주회,서양음악(클래식),경인,군포문화예술회관,0.2723,1,311.0,311.0,0.0,0.0,8,0.12384890058259726,0.3708609537352258,0.9527017830406969,19.205239955943266,13.205239955943266,0.0835680751173709,True
"제1회 대한민국가족연극제, 동행",연극,서울,"시온아트홀 (구. JK아트홀, 구. 샘아트홀)",0.0,2,0.0,0.0,,0.0,1,0.025035573334765217,0.3510431904023578,,7.199108949179794,13.199108949179795,0.28584729981378026,True
"제62회 민족예술대제전, 나 린 빛들이 모이니",한국음악(국악),서울,국립국악원,0.0,2,0.0,0.0,,0.0,7,0.025035573334765217,0.3510431904023578,,7.199108949179794,13.199108949179795,0.28584729981378026,True
개미와 베짱이: 스토리텔링 클래식 콘서트,서양음악(클래식),서울,자양스테이션(파리뮤직포럼),0.0,2,0.0,0.0,,220000.0,0,0.025035573334765217,0.3510431904023578,,7.199108949179794,13.199108949179795,0.28584729981378026,True
전통공연예술문화학교 수료식 및 발표회,한국음악(국악),서울,국립국악원,0.0,2,0.0,0.0,,0.0,7,0.025035573334765217,0.3510431904023578,,7.199108949179794,13.199108949179795,0.28584729981378026,True
"제15회 우리춤대축제, 우리춤의 미래와 명작명무",무용(서양/한국무용),서울,국립국악원,0.0,2,0.0,0.0,,19190000.0,7,0.025035573334765217,0.3510431904023578,,7.199108949179794,13.199108949179795,0.28584729981378026,True
한국예술종합학교 전통예술원 무용과 정기발표회: 효명전집,무용(서양/한국무용),서울,국립국악원,0.0,2,0.0,0.0,,0.0,7,0.025035573334765217,0.3510431904023578,,7.199108949179794,13.199108949179795,0.28584729981378026,True
"제23회 전통예술제전, 잇다",한국음악(국악),서울,국립국악원,0.0,2,0.0,0.0,,0.0,7,0.025035573334765217,0.3510431904023578,,7.199108949179794,13.199108949179795,0.28584729981378026,True
대한민국 전통연희축제,한국음악(국악),서울,국립국악원,0.0,2,0.0,0.0,,0.0,7,0.025035573334765217,0.3510431904023578,,7.199108949179794,13.199108949179795,0.28584729981378026,True
"강윤주의 전통춤, 화무화폭 花舞畵幅",무용(서양/한국무용),서울,국립국악원,0.0,2,0.0,0.0,,2600000.0,7,0.025035573334765217,0.3510431904023578,,7.199108949179794,13.199108949179795,0.28584729981378026,True
Kyuhee Salon [서울 (앵콜) ],서양음악(클래식),서울,뮤직앤아트스튜디오,0.0,2,0.0,0.0,,573750.0,3,0.025035573334765217,0.3510431904023578,,7.199108949179794,13.199108949179795,0.28584729981378026,True
LILIY AIRLINEへ ようこそ!,대중음악,서울,웨스트브릿지 라이브홀,0.0,2,0.0,0.0,,3290000.0,0,0.025035573334765217,0.3510431904023578,,7.199108949179794,13.199108949179795,0.28584729981378026,True
MJ 매직쇼,서커스/마술,서울,송파어린이문화회관,0.0,2,0.0,0.0,,1020000.0,1,0.025035573334765217,0.3510431904023578,,7.199108949179794,13.199108949179795,0.28584729981378026,True
MoIM Concert,대중음악,서울,문화비축기지,0.0,2,0.0,0.0,,50000.0,3,0.025035573334765217,0.3510431904023578,,7.199108949179794,13.199108949179795,0.28584729981378026,True
RIKO Birthday Live: 겨울나기,대중음악,서울,프리즘홀 (프리즘플러스),0.0,2,0.0,0.0,,2250000.0,1,0.025035573334765217,0.3510431904023578,,7.199108949179794,13.199108949179795,0.28584729981378026,True
SOHA BIRTHDAY LIVE,대중음악,서울,웨스트브릿지 라이브홀,0.0,2,0.0,0.0,,4500000.0,0,0.025035573334765217,0.3510431904023578,,7.199108949179794,13.199108949179795,0.28584729981378026,True
ZERO Birthday Live: ゼロフィリア,대중음악,서울,프리즘홀 (프리즘플러스),0.0,2,0.0,0.0,,2050000.0,1,0.025035573334765217,0.3510431904023578,,7.199108949179794,13.199108949179795,0.28584729981378026,True
"제24회 전통예술제전, 무아",한국음악(국악),서울,국립국악원,0.0,2,0.0,0.0,,0.0,7,0.025035573334765217,0.3510431904023578,,7.199108949179794,13.199108949179795,0.28584729981378026,True
코미디 서커스 퍼포먼스 멋!,서커스/마술,서울,송파어린이문화회관,0.0,2,0.0,0.0,,660000.0,1,0.025035573334765217,0.3510431904023578,,7.199108949179794,13.199108949179795,0.28584729981378026,True
"제2회 어썸페스티벌, 해봄연극제 공식참가작 04. 선인장 키우기",연극,서울,올림아트센터 (구.스튜디오76),0.0,2,0.0,0.0,,36000.0,1,0.025035573334765217,0.3510431904023578,,7.199108949179794,13.199108949179795,0.28584729981378026,True
두번째달 연말 콘서트: 내 인생의 BGM [서울 마포],대중음악,서울,벨로주 [홍대] (구. 왓에버),0.0,2,0.0,0.0,,3828000.0,3,0.025035573334765217,0.3510431904023578,,7.199108949179794,13.199108949179795,0.28584729981378026,True
버블쇼: 시간여행자,서커스/마술,서울,송파어린이문화회관,0.0,2,0.0,0.0,,1472000.0,1,0.025035573334765217,0.3510431904023578,,7.199108949179794,13.199108949179795,0.28584729981378026,True
傳說이 된 그녀들 (12.07),한국음악(국악),서울,민속극장풍류,0.0,2,0.0,0.0,,1425000.0,1,0.025035573334765217,0.3510431904023578,,7.199108949179794,13.199108949179795,0.28584729981378026,True
"전통춤판, 목멱에서 노닐다 Ⅳ",무용(서양/한국무용),서울,국립국악원,0.0,2,0.0,0.0,,6930000.0,7,0.025035573334765217,0.3510431904023578,,7.199108949179794,13.199108949179795,0.28584729981378026,True
"제2회 어썸페스티벌, 해봄연극제 공식참가작 05. 어떤 액션",연극,서울,올림아트센터 (구.스튜디오76),0.0,2,0.0,0.0,,84000.0,1,0.025035573334765217,0.3510431904023578,,7.199108949179794,13.199108949179795,0.28584729981378026,True
케이소리 (K-소리) 단독 콘서트: 꽃길만 걸어요,한국음악(국악),서울,송파어린이문화회관,0.0,2,0.0,0.0,,432000.0,1,0.025035573334765217,0.3510431904023578,,7.199108949179794,13.199108949179795,0.28584729981378026,True
클라운진의 벌룬여행,서커스/마술,서울,송파어린이문화회관,0.0,2,0.0,0.0,,356000.0,1,0.025035573334765217,0.3510431904023578,,7.199108949179794,13.199108949179795,0.28584729981378026,True
"제12회 성미산 동네연극축제, 우리는 처음 만났거나 너무 오래 알았다",연극,서울,성미산마을극장 향,0.0,2,0.0,0.0,,65000.0,2,0.025035573334765217,0.3510431904023578,,7.199108949179794,13.199108949179795,0.28584729981378026,True
"제12회 성미산 동네연극축제, 유원지에서 생긴 일",연극,서울,성미산마을극장 향,0.0,2,0.0,0.0,,115000.0,2,0.025035573334765217,0.3510431904023578,,7.199108949179794,13.199108949179795,0.28584729981378026,True
"제12회 성미산 동네연극축제, 헤이!! 미키!",연극,서울,성미산마을극장 향,0.0,2,0.0,0.0,,150000.0,2,0.025035573334765217,0.3510431904023578,,7.199108949179794,13.199108949179795,0.28584729981378026,True
이야기해결단 모여라! (12월),연극,서울,Bibistudio,0.0,2,0.0,0.0,,171000.0,0,0.025035573334765217,0.3510431904023578,,7.199108949179794,13.199108949179795,0.28584729981378026,True
"토들러 클래식 콘서트, 잉글리쉬 토들러 클래식 콘서트: Merry Christmas (12월) [목동]",서양음악(클래식),서울,엉클영버스튜디오,0.0,2,0.0,0.0,,665000.0,0,0.025035573334765217,0.3510431904023578,,7.199108949179794,13.199108949179795,0.28584729981378026,True
빨간 모자 [광주],뮤지컬,호남,레미어린이극장 [광주수완],0.0,21,0.0,0.0,,1618857.0,1,0.025035573334765217,0.4997826750152851,,8.291765357361271,13.126175677701712,0.21122994652406418,True
효성깊은 호랑이 [광주],뮤지컬,호남,롯데마트 [월드컵],0.0,21,0.0,0.0,,204143.0,0,0.025035573334765217,0.4997826750152851,,8.291765357361271,13.126175677701712,0.21122994652406418,True
팥죽할머니와 호랑이 [광주],뮤지컬,호남,레미어린이극장 [광주수완],0.0,18,0.0,0.0,,978333.0,1,0.025035573334765217,0.4997826750152851,,8.291765357361271,13.126175677701712,0.21122994652406418,True
토요국악나들이,한국음악(국악),호남,국립민속국악원,0.0,12,0.0,0.0,,0.0,1,0.025035573334765217,0.48486812917352173,,8.191887516091606,13.026297836432047,0.20588235294117646,True
매직프렌즈 마술쇼 시즌 3: THE CLASSIC,서커스/마술,호남,드림팩토리,0.0,10,0.0,0.0,,0.0,0,0.025035573334765217,0.48104798222431505,,8.166009556899851,13.000419877240292,0.2018716577540107,True
백설공주 [광주 수완],뮤지컬,호남,레미어린이극장 [광주수완],0.0,10,0.0,0.0,,1247700.0,1,0.025035573334765217,0.48104798222431505,,8.166009556899851,13.000419877240292,0.2018716577540107,True
아시아스크린댄스: 아시아의 춤추는 도시,무용(서양/한국무용),호남,국립아시아문화전당,0.04031667,6,60.0,10.0,0.0,0.0,6,0.025035573334765217,0.4799205730027199,0.9527017830406969,8.158348852831857,12.992759173172297,0.19786096256684493,True
"제21회 경기인형극제, 그것 참 좋타!",연극,경인,경기상상캠퍼스 M3,0.4,1,20.0,20.0,0.0,0.0,3,0.20329154025827584,0.1707387574366526,0.9527017830406969,18.958519971725767,12.958519971725767,0.08262910798122065,True
"차와 이야기가 있는 국악콘서트, 다담 [전북 남원]",한국음악(국악),호남,국립민속국악원,0.0,8,0.0,0.0,,0.0,1,0.025035573334765217,0.474379363333888,,8.120538693893403,12.954949014233843,0.19518716577540107,True
"겨울 연극 페스티벌, 분장실 청소 & 크리스마스에 30만원을 만날 확률 [광주]",연극,호남,예술극장 통,0.0,7,0.0,0.0,,391714.0,1,0.025035573334765217,0.4707588756328977,,8.0956911532809,12.93010147362134,0.1925133689839572,True
KSC 신인아티스트 콘서트,서양음악(클래식),서울,롯데콘서트홀,0.1031,1,210.0,210.0,0.0,0.0,6,0.025035573334765217,0.31655332967508354,0.9527017830406969,6.907378895518096,12.907378895518097,0.2709497206703911,True
홍길동 [장성],뮤지컬,호남,장성문화예술회관,0.0,6,0.0,0.0,,427167.0,7,0.025035573334765217,0.4603499734925506,,8.023609315466901,12.858019635807342,0.18983957219251338,True
제78주년 광복절 기념 음악회 [송파],서양음악(클래식),서울,롯데콘서트홀,0.0923,1,188.0,188.0,0.0,0.0,6,0.025035573334765217,0.2991902639177032,0.9527017830406969,6.753260580322705,12.753260580322705,0.27001862197392923,True
소리판 완창무대,한국음악(국악),호남,국립민속국악원,0.0,5,0.0,0.0,,0.0,1,0.025035573334765217,0.44445044202625306,,7.911591622280046,12.746001942620486,0.18716577540106952,True
제2회 아시아스크린댄스,무용(서양/한국무용),호남,국립아시아문화전당,0.11826667,3,88.0,29.33,0.0,0.0,6,0.025035573334765217,0.4436487588187239,0.9527017830406969,7.905880276300764,12.740290596641206,0.18449197860962566,True
"ACC 국제공동 창·제작 시범공연, 숨바꼭질",한국음악(국악),호남,국립아시아문화전당,0.08055,2,152.0,76.0,0.0,0.0,6,0.025035573334765217,0.43986330116521305,0.9527017830406969,7.878827945319842,12.713238265660284,0.18181818181818182,True
오페라 서곡 모음,서양음악(클래식),경인,보노마루,0.3448,1,70.0,70.0,0.0,0.0,1,0.16911429108384568,0.2170594506189413,0.9527017830406969,18.687003435401216,12.687003435401216,0.08169014084507042,True
인도네시아의 음악과 춤,대중음악,영남,국립부산국악원,0.2572,1,71.0,71.0,0.0,0.0,5,0.1169758638279593,0.21979223362250405,0.9527017830406969,15.054373739239098,12.657205565236545,0.12202380952380952,True
제4회 판교여성합창단 정기연주회,서양음악(클래식),경인,성남아트센터,0.2668,1,294.0,294.0,0.0,0.0,7,0.12127151179960802,0.3550061225262512,0.9527017830406969,18.635867423860333,12.635867423860333,0.08075117370892018,True
"겨울연극페스티벌, 지상 최후의 농담 [광주]",연극,호남,예술극장 통,0.0,4,0.0,0.0,,214350.0,1,0.025035573334765217,0.4283712172365608,,7.795834986417287,12.630245306757727,0.17780748663101603,True
"제6회 판놀음 별별창극, 이도 [남원]",뮤지컬,호남,국립민속국악원,0.0,4,0.0,0.0,,0.0,1,0.025035573334765217,0.4283712172365608,,7.795834986417287,12.630245306757727,0.17780748663101603,True
EJ 음악학원 바이올린 연주회,서양음악(클래식),경인,안산문화예술의전당,0.3571,1,50.0,50.0,0.0,0.0,6,0.17723575053024404,0.1994745845049966,0.9527017830406969,18.581716289150478,12.581716289150478,0.07981220657276995,True
캐리와 친구들: 빠라밤 유치원 [보성],뮤지컬,호남,보성군문화예술회관,0.1167,2,116.0,58.0,0.0,0.0,6,0.025035573334765217,0.4185679676252985,0.9527017830406969,7.7239760890710745,12.558386409411515,0.17245989304812834,True
ACC 아시아콘텐츠 시범공연: 어디로나 흐르는 광주 & 사사로운 사서,연극,호남,국립아시아문화전당,0.06145,2,116.0,58.0,0.0,0.0,6,0.025035573334765217,0.4185679676252985,0.9527017830406969,7.7239760890710745,12.558386409411515,0.17245989304812834,True
"춘천문화예술회관 개관 30주년, 우리 여기에: 다섯째날 전시장으로",서양음악(클래식),기타,춘천문화예술회관,0.1489,1,140.0,140.0,0.0,0.0,3,0.06094450559776626,0.2744748775765629,0.9527017830406969,11.126582052706663,12.480872005703477,0.12658227848101267,True
제8회 안동청소년오케스트라 정기연주회,서양음악(클래식),영남,안동문화예술의전당,0.2103,1,209.0,209.0,0.0,0.0,7,0.08987300990683814,0.3158906308603146,0.9527017830406969,14.859091947654093,12.461923773651538,0.12103174603174603,True
서울오케스트라와 함께 하는 심장병 환우 돕기 후원 음악회: 라이징스타 첼로 페스티벌,서양음악(클래식),서울,롯데콘서트홀,0.0594,1,121.0,121.0,0.0,0.0,6,0.025035573334765217,0.26340587020296097,0.9527017830406969,6.4177782141748105,12.41777821417481,0.2686219739292365,True
위풍당당 콘서트,서양음악(클래식),서울,롯데콘서트홀,0.0594,1,121.0,121.0,0.0,0.0,6,0.025035573334765217,0.26340587020296097,0.9527017830406969,6.4177782141748105,12.41777821417481,0.2686219739292365,True
제21회 테헤란밸리 심포니 오케스트라,서양음악(클래식),경인,성남아트센터,0.2595,1,286.0,286.0,0.0,0.0,7,0.11791553682175746,0.35165944253772785,0.9527017830406969,18.255407543845642,12.255407543845642,0.07887323943661972,True
제12회 영남교사플루트오케스트라 정기연주회,서양음악(클래식),영남,대구학생문화센터,0.1987,1,272.0,272.0,0.0,0.0,2,0.08283888635326335,0.3439589502887071,0.9527017830406969,14.640071475677308,12.242903301674755,0.12003968253968254,True
제1회 국제합창축제,서양음악(클래식),서울,예술의전당 [서울],0.0399,1,100.0,100.0,0.0,0.0,10,0.025035573334765217,0.24540053022817968,0.9527017830406969,6.23856527640884,12.23856527640884,0.2672253258845438,True
마카다안동시민오케스트라 정기연주회,서양음악(클래식),영남,안동문화예술의전당,0.2072,1,206.0,206.0,0.0,0.0,7,0.08747013182269713,0.31359624861333657,0.9527017830406969,14.57686770032356,12.179699526321006,0.11904761904761904,True
제3회 TENUTO 정기연주회,서양음악(클래식),경인,성남아트센터,0.2577,1,284.0,284.0,0.0,0.0,7,0.11723091792627593,0.35041307599262167,0.9527017830406969,18.16592098742876,12.165920987428759,0.07793427230046948,True
"국립국악관현악단 관현악시리즈 Ⅳ, 탄, 명작의 생",한국음악(국악),서울,국립극장,0.0737,1,90.0,90.0,0.0,0.0,5,0.025035573334765217,0.23417529587620511,0.9527017830406969,6.122812440995343,12.122812440995343,0.26629422718808193,True
"한국사가 흐르는 콘서트, 고양오페라단",서양음악(클래식),영남,예주문화예술회관,0.2241,1,119.0,119.0,0.0,0.0,4,0.09815555615217333,0.260304405777698,0.9527017830406969,14.499116532819192,12.101948358816639,0.11805555555555555,True
염쟁이 유씨 [군산],연극,호남,군산예술의전당,0.0,2,0.0,0.0,,0.0,4,0.025035573334765217,0.3510431904023578,,7.199108949179794,12.033519269520234,0.15508021390374332,True
"햄릿, 나는 죽이지 않았다. [광주]",연극,호남,예술극장 통,0.0,2,0.0,0.0,,35000.0,1,0.025035573334765217,0.3510431904023578,,7.199108949179794,12.033519269520234,0.15508021390374332,True
강강숲에 떨어진 달님 [남원],한국음악(국악),호남,국립민속국악원,0.0,2,0.0,0.0,,0.0,1,0.025035573334765217,0.3510431904023578,,7.199108949179794,12.033519269520234,0.15508021390374332,True
소리판 명창무대 [남원],한국음악(국악),호남,국립민속국악원,0.0,2,0.0,0.0,,0.0,1,0.025035573334765217,0.3510431904023578,,7.199108949179794,12.033519269520234,0.15508021390374332,True
윈터클래식데이즈 [전주],서양음악(클래식),호남,더바인홀,0.0,2,0.0,0.0,,1842500.0,0,0.025035573334765217,0.3510431904023578,,7.199108949179794,12.033519269520234,0.15508021390374332,True
"국립민속국악원, 지지지 [남원]",한국음악(국악),호남,국립민속국악원,0.0,2,0.0,0.0,,0.0,1,0.025035573334765217,0.3510431904023578,,7.199108949179794,12.033519269520234,0.15508021390374332,True
윈터재즈데이즈 [전주],대중음악,호남,더바인홀,0.0,2,0.0,0.0,,824000.0,0,0.025035573334765217,0.3510431904023578,,7.199108949179794,12.033519269520234,0.15508021390374332,True
"국립민속국악원 꿈나무 무대: 차세대 명인, 명창",한국음악(국악),호남,국립민속국악원,0.0,2,0.0,0.0,,0.0,1,0.025035573334765217,0.3510431904023578,,7.199108949179794,12.033519269520234,0.15508021390374332,True
레미제라블 [해남],무용(서양/한국무용),호남,해남문화예술회관,0.0,2,0.0,0.0,,1315000.0,3,0.025035573334765217,0.3510431904023578,,7.199108949179794,12.033519269520234,0.15508021390374332,True
매직프렌즈 마술쇼 겨울방학 특집: 어린왕자,서커스/마술,호남,드림팩토리,0.0,2,0.0,0.0,,474000.0,0,0.025035573334765217,0.3510431904023578,,7.199108949179794,12.033519269520234,0.15508021390374332,True
"오누이 콘서트 시즌1, 우리들의 학창시절: 김용임, 진성 [여수]",대중음악,호남,예울마루,0.0,2,0.0,0.0,,10428000.0,7,0.025035573334765217,0.3510431904023578,,7.199108949179794,12.033519269520234,0.15508021390374332,True
수원아카데미오케스트라,서양음악(클래식),경인,성남아트센터,0.2541,1,280.0,280.0,0.0,0.0,7,0.115230756839477,0.34734824690685606,0.9527017830406969,17.916249144129605,11.916249144129605,0.07699530516431925,True
제4회 더 싱어즈 정기연주회,서양음악(클래식),서울,영산아트홀,0.1137,1,68.0,68.0,0.0,0.0,4,0.025035573334765217,0.21289566298165868,0.9527017830406969,5.893879474916671,11.893879474916671,0.2648975791433892,True
소프라노 조정선 독창회,서양음악(클래식),서울,영산아트홀,0.1137,1,68.0,68.0,0.0,0.0,4,0.025035573334765217,0.21289566298165868,0.9527017830406969,5.893879474916671,11.893879474916671,0.2648975791433892,True
아름다운별리 [안산],연극,경인,보노마루,0.33,1,67.0,67.0,0.0,0.0,1,0.15930142024861063,0.21224611618672837,0.9527017830406969,17.86766039810124,11.86766039810124,0.07605633802816901,True
앙상블 라움 정기연주회,서양음악(클래식),서울,영산아트홀,0.1003,1,60.0,60.0,0.0,0.0,4,0.025035573334765217,0.20756443789293835,0.9527017830406969,5.834393329165764,11.834393329165763,0.2635009310986965,True
제7회 침산윈드오케스트라 정기연주회,서양음악(클래식),영남,대구콘서트하우스,0.1924,1,247.0,247.0,0.0,0.0,7,0.07996617177222326,0.33301215143541657,0.9527017830406969,14.149067409906571,11.751899235904016,0.11706349206349206,True
온드림 실내악 시리즈 Ⅰ,서양음악(클래식),서울,예술의전당 [서울],0.0833,1,50.0,50.0,0.0,0.0,10,0.025035573334765217,0.1994745845049966,0.9527017830406969,5.742348586246545,11.742348586246546,0.26210428305400374,True
"국립심포니오케스트라, 국립합창단: 가을밤, 시 그리고 낭만",서양음악(클래식),서울,국립극단 [명동],0.0914,1,50.0,50.0,0.0,0.0,6,0.025035573334765217,0.1994745845049966,0.9527017830406969,5.742348586246545,11.742348586246546,0.26210428305400374,True
"소프라노 정주희 독창회, 내 마음에 한 마음 있어ⅡLieder Abend",서양음악(클래식),서울,광림아트센터,0.0783,1,48.0,48.0,0.0,0.0,6,0.025035573334765217,0.1962351937250011,0.9527017830406969,5.704863851415079,11.70486385141508,0.260707635009311,True
제42회 대구국제성악콩쿠르 본선 연주회,서양음악(클래식),영남,대구콘서트하우스,0.1406,2,361.0,180.5,0.0,0.0,7,0.05734690042151046,0.5379070409911698,0.9527017830406969,14.040703270583515,11.643535096580962,0.11607142857142858,True
손다빈 피아노 독주회,서양음악(클래식),서울,금호아트홀 연세,0.1026,1,40.0,40.0,0.0,0.0,1,0.025035573334765217,0.1907689989416032,0.9527017830406969,5.6407603017733985,11.640760301773398,0.25931098696461824,True
노지영 피아노 독주회: Classic X Jazz,서양음악(클래식),서울,금호아트홀 연세,0.1026,1,40.0,40.0,0.0,0.0,1,0.025035573334765217,0.1907689989416032,0.9527017830406969,5.6407603017733985,11.640760301773398,0.25931098696461824,True
제1회 국민대학교 종합예술대학원 플루트 페다고지 앙상블 창단연주회,서양음악(클래식),서울,꿈의숲아트센터,0.1196,1,36.0,36.0,0.0,0.0,8,0.025035573334765217,0.18775295463953723,0.9527017830406969,5.604917661119893,11.604917661119893,0.2574487895716946,True
함윤미 피아노독주회: 모차르트 피아노소나타 전곡 시리즈 Ⅱ,서양음악(클래식),서울,꿈의숲아트센터,0.1196,1,36.0,36.0,0.0,0.0,8,0.025035573334765217,0.18775295463953723,0.9527017830406969,5.604917661119893,11.604917661119893,0.2574487895716946,True
"봄의 클래식 향기, Plus Show: 봄 꽃피고 새가 울면 [서울]",서양음악(클래식),서울,반포심산아트홀,0.0741,1,30.0,30.0,0.0,0.0,3,0.025035573334765217,0.18420379461130665,0.9527017830406969,5.562294176092028,11.562294176092028,0.25605214152700184,True
김현경 플루트 독주회,서양음악(클래식),서울,꿈의숲아트센터,0.093,1,28.0,28.0,0.0,0.0,8,0.025035573334765217,0.18248470287926458,0.9527017830406969,5.541471587413457,11.541471587413458,0.25512104283054005,True
함윤미 피아노 독주회: 모차르트 피아노소나타 전곡시리즈 I,서양음악(클래식),서울,꿈의숲아트센터,0.0864,1,26.0,26.0,0.0,0.0,8,0.025035573334765217,0.18148110497676417,0.9527017830406969,5.529261003428994,11.529261003428994,0.2527932960893855,True
Viola Solo Recital I,서양음악(클래식),서울,꿈의숲아트센터,0.0864,1,26.0,26.0,0.0,0.0,8,0.025035573334765217,0.18148110497676417,0.9527017830406969,5.529261003428994,11.529261003428994,0.2527932960893855,True
김소영 & 김은아 조인트 피아노 리사이틀: The Memory,서양음악(클래식),서울,꿈의숲아트센터,0.0864,1,26.0,26.0,0.0,0.0,8,0.025035573334765217,0.18148110497676417,0.9527017830406969,5.529261003428994,11.529261003428994,0.2527932960893855,True
김희정 이주원 피아노 듀오 리사이틀,서양음악(클래식),서울,꿈의숲아트센터,0.0864,1,26.0,26.0,0.0,0.0,8,0.025035573334765217,0.18148110497676417,0.9527017830406969,5.529261003428994,11.529261003428994,0.2527932960893855,True
아벨 체임버 프로젝트 앙상블 콘서트 2,서양음악(클래식),서울,꿈의숲아트센터,0.0664,1,20.0,20.0,0.0,0.0,8,0.025035573334765217,0.1707387574366526,0.9527017830406969,5.395943225662788,11.395943225662787,0.2504655493482309,True
AMAXG 코리아 모던 필하모닉 오케스트라 콘서트,서양음악(클래식),서울,상명아트센터,0.0007,1,1.0,1.0,0.0,0.0,4,0.025035573334765217,0.16492083921505085,0.9527017830406969,5.321630778501612,11.321630778501612,0.12523277467411545,True
기억 속에 불어오는 바람,연극,서울,스튜디오 QDA(구. 춤공장),0.1,1,2.0,2.0,0.0,0.0,0,0.025035573334765217,0.16492083921505085,0.9527017830406969,5.321630778501612,11.321630778501612,0.12523277467411545,True
"제45회 서울무용제, 남판여판춤판",무용(서양/한국무용),서울,아르코예술극장,0.0273,1,3.0,3.0,0.0,0.0,2,0.025035573334765217,0.16492083921505085,0.9527017830406969,5.321630778501612,11.321630778501612,0.12523277467411545,True
황인정 피아노 독주회,서양음악(클래식),서울,꿈의숲아트센터,0.0199,1,6.0,6.0,0.0,0.0,8,0.025035573334765217,0.16492083921505085,0.9527017830406969,5.321630778501612,11.321630778501612,0.12523277467411545,True
이유엔밴드 크리스마스 기념공연: Joy to the world,대중음악,서울,수상한거리 2호점,0.0125,1,1.0,1.0,0.0,0.0,0,0.025035573334765217,0.16492083921505085,0.9527017830406969,5.321630778501612,11.321630778501612,0.12523277467411545,True
(재)세향 국악오케스트라 정기연주회,한국음악(국악),서울,국립국악원,0.0,1,0.0,0.0,,44000000.0,7,0.025035573334765217,0.16492083921505085,,5.321630778501612,11.321630778501612,0.12523277467411545,True
Fantastic 孝 Dinner show 희.로.애.락,대중음악,서울,세빛섬,0.0,1,0.0,0.0,,0.0,3,0.025035573334765217,0.16492083921505085,,5.321630778501612,11.321630778501612,0.12523277467411545,True
K′ARTS 거문고앙상블 창단 15주년 기념 특별 기획 공연: 知琴(지금),한국음악(국악),서울,국립국악원,0.0,1,0.0,0.0,,0.0,7,0.025035573334765217,0.16492083921505085,,5.321630778501612,11.321630778501612,0.12523277467411545,True
Timeless,서양음악(클래식),서울,쌀롱드무지끄,0.0,1,0.0,0.0,,0.0,1,0.025035573334765217,0.16492083921505085,,5.321630778501612,11.321630778501612,0.12523277467411545,True
가야금병창 젊은 예인 네바탕전,한국음악(국악),서울,국립국악원,0.0,1,0.0,0.0,,2600000.0,7,0.025035573334765217,0.16492083921505085,,5.321630778501612,11.321630778501612,0.12523277467411545,True
가야금산조 및 병창 전승자주관 기획행사,한국음악(국악),서울,국립국악원,0.0,1,0.0,0.0,,0.0,7,0.025035573334765217,0.16492083921505085,,5.321630778501612,11.321630778501612,0.12523277467411545,True
"국창 신영희, 소리인생 70주년 기념 공연",한국음악(국악),서울,국립국악원,0.0,1,0.0,0.0,,0.0,7,0.025035573334765217,0.16492083921505085,,5.321630778501612,11.321630778501612,0.12523277467411545,True
"박혜원 해금독주회, '향'하다",한국음악(국악),서울,국립국악원,0.0,1,0.0,0.0,,0.0,7,0.025035573334765217,0.16492083921505085,,5.321630778501612,11.321630778501612,0.12523277467411545,True
세향 with GBA Global Korea Tradition Music Orchestra,한국음악(국악),서울,국립국악원,0.0,1,0.0,0.0,,48800000.0,7,0.025035573334765217,0.16492083921505085,,5.321630778501612,11.321630778501612,0.12523277467411545,True
"소리타래와 함께하는 운당의 혼, 그 이야기",한국음악(국악),서울,국립국악원,0.0,1,0.0,0.0,,0.0,7,0.025035573334765217,0.16492083921505085,,5.321630778501612,11.321630778501612,0.12523277467411545,True
이웅 거문고 독주회,한국음악(국악),서울,국립국악원,0.0,1,0.0,0.0,,0.0,7,0.025035573334765217,0.16492083921505085,,5.321630778501612,11.321630778501612,0.12523277467411545,True
"정효민의 춤 소울, 疏鬱",무용(서양/한국무용),서울,국립국악원,0.0,1,0.0,0.0,,0.0,7,0.025035573334765217,0.16492083921505085,,5.321630778501612,11.321630778501612,0.12523277467411545,True
조용수의 두 번째 고(鼓): 일고오창(一鼓五唱),한국음악(국악),서울,국립국악원,0.0,1,0.0,0.0,,6930000.0,7,0.025035573334765217,0.16492083921505085,,5.321630778501612,11.321630778501612,0.12523277467411545,True
"최윤정 X 배문경, 틈",한국음악(국악),서울,국립국악원,0.0,1,0.0,0.0,,2310000.0,7,0.025035573334765217,0.16492083921505085,,5.321630778501612,11.321630778501612,0.12523277467411545,True
한국슈베르트협회 신입회원연주회,서양음악(클래식),서울,꿈의숲아트센터,0.0,1,0.0,0.0,,0.0,8,0.025035573334765217,0.16492083921505085,,5.321630778501612,11.321630778501612,0.12523277467411545,True
한윤경 완창 발표회: 미산제 흥보가,한국음악(국악),서울,국립국악원,0.0,1,0.0,0.0,,0.0,7,0.025035573334765217,0.16492083921505085,,5.321630778501612,11.321630778501612,0.12523277467411545,True
김민경 피아노 독주회,서양음악(클래식),서울,페리지홀,0.0,1,0.0,0.0,,460000.0,2,0.025035573334765217,0.16492083921505085,,5.321630778501612,11.321630778501612,0.12523277467411545,True
"대통령상 수상 기념 독주회, 김지애 가야금병창 5번째 이야기",한국음악(국악),서울,국립국악원,0.0,1,0.0,0.0,,0.0,7,0.025035573334765217,0.16492083921505085,,5.321630778501612,11.321630778501612,0.12523277467411545,True
서정민 판소리 독창회 춘향가,한국음악(국악),서울,국립국악원,0.0,1,0.0,0.0,,2600000.0,7,0.025035573334765217,0.16492083921505085,,5.321630778501612,11.321630778501612,0.12523277467411545,True
"전병훈의 경기소리와 창부타령, 창부(倡夫)",한국음악(국악),서울,국립국악원,0.0,1,0.0,0.0,,0.0,7,0.025035573334765217,0.16492083921505085,,5.321630778501612,11.321630778501612,0.12523277467411545,True
제40회 단국대학교 음악대학 국악과 추계정기연주회,한국음악(국악),서울,국립국악원,0.0,1,0.0,0.0,,0.0,7,0.025035573334765217,0.16492083921505085,,5.321630778501612,11.321630778501612,0.12523277467411545,True
중앙가야스트라 정기연주회,한국음악(국악),서울,국립국악원,0.0,1,0.0,0.0,,4620000.0,7,0.025035573334765217,0.16492083921505085,,5.321630778501612,11.321630778501612,0.12523277467411545,True
거문고로 전하는 편지,한국음악(국악),서울,국립국악원,0.0,1,0.0,0.0,,5600000.0,7,0.025035573334765217,0.16492083921505085,,5.321630778501612,11.321630778501612,0.12523277467411545,True
뉴 콰르텟［서울］,서양음악(클래식),서울,예술의전당 [서울],0.0,1,0.0,0.0,,120000.0,10,0.025035573334765217,0.16492083921505085,,5.321630778501612,11.321630778501612,0.12523277467411545,True
"어느 멋진 날, 놀아볼 판! (10월)",한국음악(국악),서울,민속극장풍류,0.0,1,0.0,0.0,,0.0,1,0.025035573334765217,0.16492083921505085,,5.321630778501612,11.321630778501612,0.12523277467411545,True
"제28회 강은일 해금독주회, 나는 지영희올시다",한국음악(국악),서울,국립국악원,0.0,1,0.0,0.0,,6930000.0,7,0.025035573334765217,0.16492083921505085,,5.321630778501612,11.321630778501612,0.12523277467411545,True
타.흥.태 4,무용(서양/한국무용),서울,국립국악원,0.0,1,0.0,0.0,,23980000.0,7,0.025035573334765217,0.16492083921505085,,5.321630778501612,11.321630778501612,0.12523277467411545,True
"평남수건춤보존회 정기공연, 한순서의 춤: 舞道를 알리는 전승",무용(서양/한국무용),서울,국립국악원,0.0,1,0.0,0.0,,33200000.0,7,0.025035573334765217,0.16492083921505085,,5.321630778501612,11.321630778501612,0.12523277467411545,True
한양대학교 음악대학 국악과 정기연주회,한국음악(국악),서울,국립국악원,0.0,1,0.0,0.0,,0.0,7,0.025035573334765217,0.16492083921505085,,5.321630778501612,11.321630778501612,0.12523277467411545,True
나윤영의 만정제 춘향가 완창,한국음악(국악),서울,국립국악원,0.0,1,0.0,0.0,,0.0,7,0.025035573334765217,0.16492083921505085,,5.321630778501612,11.321630778501612,0.12523277467411545,True
"우리음악시리즈 Ⅰ, 남도잡가",한국음악(국악),서울,국립국악원,0.0,1,0.0,0.0,,2600000.0,7,0.025035573334765217,0.16492083921505085,,5.321630778501612,11.321630778501612,0.12523277467411545,True
"제11회 성미산 동네연극축제, L_?_V_E: 살아간다는 건 사랑하는 것이다",연극,서울,성미산마을극장 향,0.0,1,0.0,0.0,,0.0,2,0.025035573334765217,0.16492083921505085,,5.321630778501612,11.321630778501612,0.12523277467411545,True
"최광일 여섯번째 피리 독주회,  사관풍류 舍館風流",한국음악(국악),서울,국립국악원,0.0,1,0.0,0.0,,0.0,7,0.025035573334765217,0.16492083921505085,,5.321630778501612,11.321630778501612,0.12523277467411545,True
팔도대금,한국음악(국악),서울,국립국악원,0.0,1,0.0,0.0,,0.0,7,0.025035573334765217,0.16492083921505085,,5.321630778501612,11.321630778501612,0.12523277467411545,True
"박서연 가야금병창 독주회, 내드름",한국음악(국악),서울,국립국악원,0.0,1,0.0,0.0,,0.0,7,0.025035573334765217,0.16492083921505085,,5.321630778501612,11.321630778501612,0.12523277467411545,True
"이아름 여창가곡 한 바탕, 녹음방초",한국음악(국악),서울,국립국악원,0.0,1,0.0,0.0,,1300000.0,7,0.025035573334765217,0.16492083921505085,,5.321630778501612,11.321630778501612,0.12523277467411545,True
"화용월태, 최민정의 강산제 심청가 완창발표회",한국음악(국악),서울,국립국악원,0.0,1,0.0,0.0,,0.0,7,0.025035573334765217,0.16492083921505085,,5.321630778501612,11.321630778501612,0.12523277467411545,True
국악방송 봄 음악회: 열창! 판소리,한국음악(국악),서울,국립국악원,0.0,1,0.0,0.0,,0.0,7,0.025035573334765217,0.16492083921505085,,5.321630778501612,11.321630778501612,0.12523277467411545,True
"금호아트홀 아름다운 목요일, 김혜진 Harp",서양음악(클래식),서울,금호아트홀 연세,0.0,1,0.0,0.0,,60000.0,1,0.025035573334765217,0.16492083921505085,,5.321630778501612,11.321630778501612,0.12523277467411545,True
제23회 국립국악고등학교 개교 68돌 기념 목멱한마당,한국음악(국악),서울,국립국악원,0.0,1,0.0,0.0,,0.0,7,0.025035573334765217,0.16492083921505085,,5.321630778501612,11.321630778501612,0.12523277467411545,True
"제28회 전국신인정가악발표회, 미래를 열어갈 젊은 신인들의 무대",한국음악(국악),서울,국립국악원,0.0,1,0.0,0.0,,0.0,7,0.025035573334765217,0.16492083921505085,,5.321630778501612,11.321630778501612,0.12523277467411545,True
"제4회 동초제 판소리 감상회 정기공연, 춘향가",한국음악(국악),서울,국립국악원,0.0,1,0.0,0.0,,4620000.0,7,0.025035573334765217,0.16492083921505085,,5.321630778501612,11.321630778501612,0.12523277467411545,True
"김은영 판소리 흥보가 완창 발표회, 박초월제",한국음악(국악),서울,국립국악원,0.0,1,0.0,0.0,,2600000.0,7,0.025035573334765217,0.16492083921505085,,5.321630778501612,11.321630778501612,0.12523277467411545,True
너의 하루,연극,서울,드림시어터 [대학로],0.0,1,0.0,0.0,,0.0,1,0.025035573334765217,0.16492083921505085,,5.321630778501612,11.321630778501612,0.12523277467411545,True
서정미 대금 독주회,한국음악(국악),서울,국립국악원,0.0,1,0.0,0.0,,0.0,7,0.025035573334765217,0.16492083921505085,,5.321630778501612,11.321630778501612,0.12523277467411545,True
이민하 피리독주회: 취태평지곡,한국음악(국악),서울,국립국악원,0.0,1,0.0,0.0,,0.0,7,0.025035573334765217,0.16492083921505085,,5.321630778501612,11.321630778501612,0.12523277467411545,True
제3회 박다솜 가야금 독주회,한국음악(국악),서울,국립국악원,0.0,1,0.0,0.0,,0.0,7,0.025035573334765217,0.16492083921505085,,5.321630778501612,11.321630778501612,0.12523277467411545,True
"제8회 대한민국 휠체어 합창단 정기연주회, 우리가락 우리노래",서양음악(클래식),서울,국립국악원,0.0,1,0.0,0.0,,0.0,7,0.025035573334765217,0.16492083921505085,,5.321630778501612,11.321630778501612,0.12523277467411545,True
중앙대학교 국악관현악 정기연주회,한국음악(국악),서울,국립국악원,0.0,1,0.0,0.0,,0.0,7,0.025035573334765217,0.16492083921505085,,5.321630778501612,11.321630778501612,0.12523277467411545,True
최윤진 가야금 독주회,한국음악(국악),서울,국립국악원,0.0,1,0.0,0.0,,0.0,7,0.025035573334765217,0.16492083921505085,,5.321630778501612,11.321630778501612,0.12523277467411545,True
"권혜림 피리독주회 FLOW, 상령산",한국음악(국악),서울,국립국악원,0.0,1,0.0,0.0,,4620000.0,7,0.025035573334765217,0.16492083921505085,,5.321630778501612,11.321630778501612,0.12523277467411545,True
김미성의 흥보가 X 흥보가,한국음악(국악),서울,국립국악원,0.0,1,0.0,0.0,,0.0,7,0.025035573334765217,0.16492083921505085,,5.321630778501612,11.321630778501612,0.12523277467411545,True
"비상 飛上, Dream of  서공철",한국음악(국악),서울,국립국악원,0.0,1,0.0,0.0,,2600000.0,7,0.025035573334765217,0.16492083921505085,,5.321630778501612,11.321630778501612,0.12523277467411545,True
"풍류음악 시리즈 1, 김유나의 해금: 제8회 김유나 독주회",한국음악(국악),서울,국립국악원,0.0,1,0.0,0.0,,0.0,7,0.025035573334765217,0.16492083921505085,,5.321630778501612,11.321630778501612,0.12523277467411545,True
제10회 한국가야금연주가협회 정기연주회,한국음악(국악),서울,국립국악원,0.0,1,0.0,0.0,,0.0,7,0.025035573334765217,0.16492083921505085,,5.321630778501612,11.321630778501612,0.12523277467411545,True
제1회 배정현 피리 독주회: 소리 프로젝트,한국음악(국악),서울,국립국악원,0.0,1,0.0,0.0,,0.0,7,0.025035573334765217,0.16492083921505085,,5.321630778501612,11.321630778501612,0.12523277467411545,True
"제24회 해금연구회 정기연주회, Bowing Now",한국음악(국악),서울,국립국악원,0.0,1,0.0,0.0,,4620000.0,7,0.025035573334765217,0.16492083921505085,,5.321630778501612,11.321630778501612,0.12523277467411545,True
"김예진 춘향가: 정별, 후",한국음악(국악),서울,국립국악원,0.0,1,0.0,0.0,,0.0,7,0.025035573334765217,0.16492083921505085,,5.321630778501612,11.321630778501612,0.12523277467411545,True
김형섭 가야금 독주회: 최옥삼류 가야금산조,한국음악(국악),서울,국립국악원,0.0,1,0.0,0.0,,0.0,7,0.025035573334765217,0.16492083921505085,,5.321630778501612,11.321630778501612,0.12523277467411545,True
대한민국 국제 실내악 페스티벌 Ⅰ,서양음악(클래식),서울,롯데콘서트홀,0.0,1,0.0,0.0,,310000.0,6,0.025035573334765217,0.16492083921505085,,5.321630778501612,11.321630778501612,0.12523277467411545,True
대한민국 국제 실내악 페스티벌 III,서양음악(클래식),서울,예술의전당 [서울],0.0,1,0.0,0.0,,60000.0,10,0.025035573334765217,0.16492083921505085,,5.321630778501612,11.321630778501612,0.12523277467411545,True
뮤직온더테이블 Youth,서양음악(클래식),서울,페리지홀,0.0,1,0.0,0.0,,270000.0,2,0.025035573334765217,0.16492083921505085,,5.321630778501612,11.321630778501612,0.12523277467411545,True
"서희정의 정재 연구시리즈 Ⅱ, 1872 교방이야기",무용(서양/한국무용),서울,국립국악원,0.0,1,0.0,0.0,,4620000.0,7,0.025035573334765217,0.16492083921505085,,5.321630778501612,11.321630778501612,0.12523277467411545,True
"소리여울 20주년 기념공연, 천년의 만남 12",한국음악(국악),서울,국립국악원,0.0,1,0.0,0.0,,0.0,7,0.025035573334765217,0.16492083921505085,,5.321630778501612,11.321630778501612,0.12523277467411545,True
유니크노트 스탠다드 콘서트,대중음악,서울,산울림소극장,0.0,1,0.0,0.0,,0.0,1,0.025035573334765217,0.16492083921505085,,5.321630778501612,11.321630778501612,0.12523277467411545,True
"이필기의 대금, 강백천류 대금산조",한국음악(국악),서울,국립국악원,0.0,1,0.0,0.0,,2600000.0,7,0.025035573334765217,0.16492083921505085,,5.321630778501612,11.321630778501612,0.12523277467411545,True
"예맥, 무",무용(서양/한국무용),서울,국립국악원,0.0,1,0.0,0.0,,11550000.0,7,0.025035573334765217,0.16492083921505085,,5.321630778501612,11.321630778501612,0.12523277467411545,True
이종길 법금 연주회 正音 취태평지곡,한국음악(국악),서울,국립국악원,0.0,1,0.0,0.0,,0.0,7,0.025035573334765217,0.16492083921505085,,5.321630778501612,11.321630778501612,0.12523277467411545,True
"정가! 그 아름다운 노래, 서울가악회 정기공연",한국음악(국악),서울,국립국악원,0.0,1,0.0,0.0,,0.0,7,0.025035573334765217,0.16492083921505085,,5.321630778501612,11.321630778501612,0.12523277467411545,True
"제2회 김규리 해금독주회 해금 正樂으로 잇다, 이왕직아악부 연행 평조회상 복원연주",한국음악(국악),서울,국립국악원,0.0,1,0.0,0.0,,1300000.0,7,0.025035573334765217,0.16492083921505085,,5.321630778501612,11.321630778501612,0.12523277467411545,True
"제65회 서울대학교 정기연주회 : 잇고, 있다",한국음악(국악),서울,국립국악원,0.0,1,0.0,0.0,,0.0,7,0.025035573334765217,0.16492083921505085,,5.321630778501612,11.321630778501612,0.12523277467411545,True
최태훈 첫 번째 피리독주회,한국음악(국악),서울,국립국악원,0.0,1,0.0,0.0,,0.0,7,0.025035573334765217,0.16492083921505085,,5.321630778501612,11.321630778501612,0.12523277467411545,True
"한국무용의 전설, 이춘자의 75년 발자취",무용(서양/한국무용),서울,국립국악원,0.0,1,0.0,0.0,,41840000.0,7,0.025035573334765217,0.16492083921505085,,5.321630778501612,11.321630778501612,0.12523277467411545,True
"김서량의 춤: 오재, 오채지무",무용(서양/한국무용),서울,국립국악원,0.0,1,0.0,0.0,,4620000.0,7,0.025035573334765217,0.16492083921505085,,5.321630778501612,11.321630778501612,0.12523277467411545,True
"김태희의 판소리, 김세종제 보성소리 춘향가 試鍊",한국음악(국악),서울,국립국악원,0.0,1,0.0,0.0,,0.0,7,0.025035573334765217,0.16492083921505085,,5.321630778501612,11.321630778501612,0.12523277467411545,True
"안은경의 피리, 가즌회상",한국음악(국악),서울,국립국악원,0.0,1,0.0,0.0,,0.0,7,0.025035573334765217,0.16492083921505085,,5.321630778501612,11.321630778501612,0.12523277467411545,True
제19회 신주희 대금독주회,한국음악(국악),서울,국립국악원,0.0,1,0.0,0.0,,0.0,7,0.025035573334765217,0.16492083921505085,,5.321630778501612,11.321630778501612,0.12523277467411545,True
"김현아의 전통춤판, 가인가무 - 樂",무용(서양/한국무용),서울,국립국악원,0.0,1,0.0,0.0,,0.0,7,0.025035573334765217,0.16492083921505085,,5.321630778501612,11.321630778501612,0.12523277467411545,True
대한민국 국제 실내악 페스티벌 II,서양음악(클래식),서울,예술의전당 [서울],0.0,1,0.0,0.0,,30000.0,10,0.025035573334765217,0.16492083921505085,,5.321630778501612,11.321630778501612,0.12523277467411545,True
"제13회 대한민국발레축제, BALLET FESTIVAL KOREA",무용(서양/한국무용),서울,예술의전당 [서울],0.0,1,0.0,0.0,,0.0,10,0.025035573334765217,0.16492083921505085,,5.321630778501612,11.321630778501612,0.12523277467411545,True
"한국예인열전, 실록편",무용(서양/한국무용),서울,국립국악원,0.0,1,0.0,0.0,,37220000.0,7,0.025035573334765217,0.16492083921505085,,5.321630778501612,11.321630778501612,0.12523277467411545,True
"해금으로 만나는 역사, 사색 史索 Ⅰ: 녹두꽃",한국음악(국악),서울,국립국악원,0.0,1,0.0,0.0,,4620000.0,7,0.025035573334765217,0.16492083921505085,,5.321630778501612,11.321630778501612,0.12523277467411545,True
"故 선운 임이조 10주기 추모공연, 恨이 깊으니 흥도 깊더라",무용(서양/한국무용),서울,국립국악원,0.0,1,0.0,0.0,,29040000.0,7,0.025035573334765217,0.16492083921505085,,5.321630778501612,11.321630778501612,0.12523277467411545,True
"국가무형문화재 살풀이춤, 도살풀이춤 정명숙, 양길순 연합공개 행사",무용(서양/한국무용),서울,국립국악원,0.0,1,0.0,0.0,,0.0,7,0.025035573334765217,0.16492083921505085,,5.321630778501612,11.321630778501612,0.12523277467411545,True
옛 것에서 현재를 찾다,한국음악(국악),서울,국립국악원,0.0,1,0.0,0.0,,0.0,7,0.025035573334765217,0.16492083921505085,,5.321630778501612,11.321630778501612,0.12523277467411545,True
"이지혜 가야금 독주회, 산조상상 散調想像 Ⅱ",한국음악(국악),서울,국립국악원,0.0,1,0.0,0.0,,5082000.0,7,0.025035573334765217,0.16492083921505085,,5.321630778501612,11.321630778501612,0.12523277467411545,True
제1회 김성훈 피리 독주회,한국음악(국악),서울,국립국악원,0.0,1,0.0,0.0,,0.0,7,0.025035573334765217,0.16492083921505085,,5.321630778501612,11.321630778501612,0.12523277467411545,True
"제1회 오미송 작곡발표회, 흔들리지 않는 나무 프로젝트Ⅰ: Mother of Mine",한국음악(국악),서울,국립국악원,0.0,1,0.0,0.0,,0.0,7,0.025035573334765217,0.16492083921505085,,5.321630778501612,11.321630778501612,0.12523277467411545,True
제26회 수원대학교 음악대학 국악과 정기연주회,한국음악(국악),서울,국립국악원,0.0,1,0.0,0.0,,0.0,7,0.025035573334765217,0.16492083921505085,,5.321630778501612,11.321630778501612,0.12523277467411545,True
춤의 여백을 그리다,무용(서양/한국무용),서울,국립국악원,0.0,1,0.0,0.0,,6930000.0,7,0.025035573334765217,0.16492083921505085,,5.321630778501612,11.321630778501612,0.12523277467411545,True
"홍지혜, 생황의 향악화",한국음악(국악),서울,국립국악원,0.0,1,0.0,0.0,,0.0,7,0.025035573334765217,0.16492083921505085,,5.321630778501612,11.321630778501612,0.12523277467411545,True
(사) 최옥삼류가야금산조보존회 함동정월 서거 30주기 추모음악회,한국음악(국악),서울,국립국악원,0.0,1,0.0,0.0,,0.0,7,0.025035573334765217,0.16492083921505085,,5.321630778501612,11.321630778501612,0.12523277467411545,True
[HNK] : the prologue,대중음악,서울,프리즘홀 (프리즘플러스),0.0,1,0.0,0.0,,1800000.0,1,0.025035573334765217,0.16492083921505085,,5.321630778501612,11.321630778501612,0.12523277467411545,True
Atelier FES vol.2,대중음악,서울,프리즘홀 (프리즘플러스),0.0,1,0.0,0.0,,2400000.0,1,0.025035573334765217,0.16492083921505085,,5.321630778501612,11.321630778501612,0.12523277467411545,True
Atelier FES vol.3,대중음악,서울,몽향라이브홀,0.0,1,0.0,0.0,,1380000.0,0,0.025035573334765217,0.16492083921505085,,5.321630778501612,11.321630778501612,0.12523277467411545,True
Atelier FES vol.5,대중음악,서울,몽향라이브홀,0.0,1,0.0,0.0,,1100000.0,0,0.025035573334765217,0.16492083921505085,,5.321630778501612,11.321630778501612,0.12523277467411545,True
Chopin - 24 Etudes,서양음악(클래식),서울,쌀롱드무지끄,0.0,1,0.0,0.0,,154000.0,1,0.025035573334765217,0.16492083921505085,,5.321630778501612,11.321630778501612,0.12523277467411545,True
GALS PANIC!!,대중음악,서울,프리즘홀 (프리즘플러스),0.0,1,0.0,0.0,,1785000.0,1,0.025035573334765217,0.16492083921505085,,5.321630778501612,11.321630778501612,0.12523277467411545,True
GIRLS INVENTED PUNK ROCK NOT ENGLAND,대중음악,서울,채널 1969,0.0,1,0.0,0.0,,675000.0,3,0.025035573334765217,0.16492083921505085,,5.321630778501612,11.321630778501612,0.12523277467411545,True
GOOFY & FRIENDS vol.2 구피와 친구들2,대중음악,서울,클럽 샤프,0.0,1,0.0,0.0,,350000.0,2,0.025035573334765217,0.16492083921505085,,5.321630778501612,11.321630778501612,0.12523277467411545,True
IDOL FEVER vol.24,대중음악,서울,프리즘홀 (프리즘플러스),0.0,1,0.0,0.0,,1800000.0,1,0.025035573334765217,0.16492083921505085,,5.321630778501612,11.321630778501612,0.12523277467411545,True
"J.S.Bach, 과거와 오늘",서양음악(클래식),서울,쌀롱드무지끄,0.0,1,0.0,0.0,,286000.0,1,0.025035573334765217,0.16492083921505085,,5.321630778501612,11.321630778501612,0.12523277467411545,True
KANON LAST LIVE: 回光返照,대중음악,서울,프리즘홀 (프리즘플러스),0.0,1,0.0,0.0,,2775000.0,1,0.025035573334765217,0.16492083921505085,,5.321630778501612,11.321630778501612,0.12523277467411545,True
Kawaii Festival SP.01,대중음악,서울,엠팟홀 (구. 삼익아트홀),0.0,1,0.0,0.0,,4170000.0,0,0.025035573334765217,0.16492083921505085,,5.321630778501612,11.321630778501612,0.12523277467411545,True
Kawaii Festival Vol.19,대중음악,서울,KT&G 상상마당 라이브홀 [마포],0.0,1,0.0,0.0,,5850000.0,2,0.025035573334765217,0.16492083921505085,,5.321630778501612,11.321630778501612,0.12523277467411545,True
Kawaii Festival vol.20,대중음악,서울,KT&G 상상마당 라이브홀 [마포],0.0,1,0.0,0.0,,10824000.0,2,0.025035573334765217,0.16492083921505085,,5.321630778501612,11.321630778501612,0.12523277467411545,True
LIQUID SOUND ASSEMBLAGE,한국음악(국악),서울,문화비축기지,0.0,1,0.0,0.0,,1000000.0,3,0.025035573334765217,0.16492083921505085,,5.321630778501612,11.321630778501612,0.12523277467411545,True
Music & Memory,서양음악(클래식),서울,쌀롱드무지끄,0.0,1,0.0,0.0,,440000.0,1,0.025035573334765217,0.16492083921505085,,5.321630778501612,11.321630778501612,0.12523277467411545,True
"PMF 살롱 오페라, 리골레토",서양음악(클래식),서울,자양스테이션(파리뮤직포럼),0.0,1,0.0,0.0,,210000.0,0,0.025035573334765217,0.16492083921505085,,5.321630778501612,11.321630778501612,0.12523277467411545,True
Prelude,서양음악(클래식),서울,쌀롱드무지끄,0.0,1,0.0,0.0,,330000.0,1,0.025035573334765217,0.16492083921505085,,5.321630778501612,11.321630778501612,0.12523277467411545,True
SSP FINAL FESTIVAL: SOUND HOLIC,대중음악,서울,엠팟홀 (구. 삼익아트홀),0.0,1,0.0,0.0,,427000.0,0,0.025035573334765217,0.16492083921505085,,5.321630778501612,11.321630778501612,0.12523277467411545,True
Stone Seeker: ORIKA,대중음악,서울,프리즘홀 (프리즘플러스),0.0,1,0.0,0.0,,2080000.0,1,0.025035573334765217,0.16492083921505085,,5.321630778501612,11.321630778501612,0.12523277467411545,True
tearliner 정규앨범 발매기념 콘서트: MUSICOMANIA,대중음악,서울,벨로주 [홍대] (구. 왓에버),0.0,1,0.0,0.0,,330000.0,3,0.025035573334765217,0.16492083921505085,,5.321630778501612,11.321630778501612,0.12523277467411545,True
The Kandle [서울 성동],서양음악(클래식),서울,헤르만아트홀,0.0,1,0.0,0.0,,1441000.0,1,0.025035573334765217,0.16492083921505085,,5.321630778501612,11.321630778501612,0.12523277467411545,True
"The story 예능보유자, 이흥구",무용(서양/한국무용),서울,민속극장풍류,0.0,1,0.0,0.0,,51000.0,1,0.025035573334765217,0.16492083921505085,,5.321630778501612,11.321630778501612,0.12523277467411545,True
Time for us with tune!,서양음악(클래식),서울,쌀롱드무지끄,0.0,1,0.0,0.0,,440000.0,1,0.025035573334765217,0.16492083921505085,,5.321630778501612,11.321630778501612,0.12523277467411545,True
가야금앙상블 춘호가랑 정기연주회: 명곡 시리즈 1,한국음악(국악),서울,국립국악원,0.0,1,0.0,0.0,,4620000.0,7,0.025035573334765217,0.16492083921505085,,5.321630778501612,11.321630778501612,0.12523277467411545,True
"거기, 푸른 담쟁이 동산 [대학로]",연극,서울,동숭무대소극장,0.0,1,0.0,0.0,,40000.0,3,0.025035573334765217,0.16492083921505085,,5.321630778501612,11.321630778501612,0.12523277467411545,True
겨울밤의 음악 축제: 왈츠와 탱고의 향연,서양음악(클래식),서울,콘서트홀 나누,0.0,1,0.0,0.0,,300000.0,0,0.025035573334765217,0.16492083921505085,,5.321630778501612,11.321630778501612,0.12523277467411545,True
김유진의 춤: 향연,무용(서양/한국무용),서울,국립국악원,0.0,1,0.0,0.0,,6930000.0,7,0.025035573334765217,0.16492083921505085,,5.321630778501612,11.321630778501612,0.12523277467411545,True
낭만으로의 초대,서양음악(클래식),서울,쌀롱드무지끄,0.0,1,0.0,0.0,,627000.0,1,0.025035573334765217,0.16492083921505085,,5.321630778501612,11.321630778501612,0.12523277467411545,True
"둘라밤, 환생특급2",대중음악,서울,생기 스튜디오,0.0,1,0.0,0.0,,320000.0,2,0.025035573334765217,0.16492083921505085,,5.321630778501612,11.321630778501612,0.12523277467411545,True
"스테이지402, 그리고 둘 사이 Entre Les Deux",대중음악,서울,인유어즈청담,0.0,1,0.0,0.0,,476000.0,0,0.025035573334765217,0.16492083921505085,,5.321630778501612,11.321630778501612,0.12523277467411545,True
"쌀롱드무지끄, Piece of Peace",서양음악(클래식),서울,쌀롱드무지끄,0.0,1,0.0,0.0,,462000.0,1,0.025035573334765217,0.16492083921505085,,5.321630778501612,11.321630778501612,0.12523277467411545,True
오늘도 아이돌 vol.18,대중음악,서울,옥타바리움 라이브홀,0.0,1,0.0,0.0,,1360000.0,0,0.025035573334765217,0.16492083921505085,,5.321630778501612,11.321630778501612,0.12523277467411545,True
"임환 정가발표회, 입춘지향",한국음악(국악),서울,국립국악원,0.0,1,0.0,0.0,,0.0,7,0.025035573334765217,0.16492083921505085,,5.321630778501612,11.321630778501612,0.12523277467411545,True
"제20회 한국경기소리보존회 기획공연, 소리어울림 Ⅳ",한국음악(국악),서울,국립국악원,0.0,1,0.0,0.0,,13480000.0,7,0.025035573334765217,0.16492083921505085,,5.321630778501612,11.321630778501612,0.12523277467411545,True
"제23회 조일하 정가발표회, 님의 사계: 봄, 여름, 가을, 겨울 그리고 또 봄",한국음악(국악),서울,국립국악원,0.0,1,0.0,0.0,,0.0,7,0.025035573334765217,0.16492083921505085,,5.321630778501612,11.321630778501612,0.12523277467411545,True
제2회 김성훈 피리독주회,한국음악(국악),서울,국립국악원,0.0,1,0.0,0.0,,0.0,7,0.025035573334765217,0.16492083921505085,,5.321630778501612,11.321630778501612,0.12523277467411545,True
"제4회 영아티스트 콘서트, 샘이 맑은소리: 조하윤의 경기소리, 적토성산",한국음악(국악),서울,선릉아트홀,0.0,1,0.0,0.0,,200000.0,5,0.025035573334765217,0.16492083921505085,,5.321630778501612,11.321630778501612,0.12523277467411545,True
"제6회 좌창, 깊은사랑, 이유림의 12가사: 필연",한국음악(국악),서울,선릉아트홀,0.0,1,0.0,0.0,,338000.0,5,0.025035573334765217,0.16492083921505085,,5.321630778501612,11.321630778501612,0.12523277467411545,True
"제6회 좌창, 깊은사랑: 윤세연의 경기소리, 육六잡가 정진하다",한국음악(국악),서울,선릉아트홀,0.0,1,0.0,0.0,,376000.0,5,0.025035573334765217,0.16492083921505085,,5.321630778501612,11.321630778501612,0.12523277467411545,True
"제7회 2인전통음악축제: I AM YOU, 박규정 X 신현지: 미로",한국음악(국악),서울,선릉아트홀,0.0,1,0.0,0.0,,60000.0,5,0.025035573334765217,0.16492083921505085,,5.321630778501612,11.321630778501612,0.12523277467411545,True
"제7회 2인전통음악축제: I AM YOU, 박주은 X 이현진: 치유, Re: fresh",한국음악(국악),서울,선릉아트홀,0.0,1,0.0,0.0,,50000.0,5,0.025035573334765217,0.16492083921505085,,5.321630778501612,11.321630778501612,0.12523277467411545,True
"제7회 2인전통음악축제: I AM YOU, 백지민 X 변정현: Emotion",한국음악(국악),서울,선릉아트홀,0.0,1,0.0,0.0,,190000.0,5,0.025035573334765217,0.16492083921505085,,5.321630778501612,11.321630778501612,0.12523277467411545,True
"제7회 Artists Society 정기연주회, THE NOMADS",서양음악(클래식),서울,오디오가이스튜디오,0.0,1,0.0,0.0,,330000.0,3,0.025035573334765217,0.16492083921505085,,5.321630778501612,11.321630778501612,0.12523277467411545,True
파자마는 될 수 없어!,대중음악,서울,프리즘홀 (프리즘플러스),0.0,1,0.0,0.0,,1760000.0,1,0.025035573334765217,0.16492083921505085,,5.321630778501612,11.321630778501612,0.12523277467411545,True
페어링,한국음악(국악),서울,인유어즈청담,0.0,1,0.0,0.0,,686000.0,0,0.025035573334765217,0.16492083921505085,,5.321630778501612,11.321630778501612,0.12523277467411545,True
"한국음악의 밤: 잇고, 있다 Connect to the past, Continue into the future",한국음악(국악),서울,국립국악원,0.0,1,0.0,0.0,,0.0,7,0.025035573334765217,0.16492083921505085,,5.321630778501612,11.321630778501612,0.12523277467411545,True
"더튠 콘서트, 13일의 금요일: 자체발광",한국음악(국악),서울,KT&G 상상마당 라이브홀 [마포],0.0,1,0.0,0.0,,360000.0,2,0.025035573334765217,0.16492083921505085,,5.321630778501612,11.321630778501612,0.12523277467411545,True
"쌀롱드무지끄, 낭만적 겨울살롱",서양음악(클래식),서울,쌀롱드무지끄,0.0,1,0.0,0.0,,660000.0,1,0.025035573334765217,0.16492083921505085,,5.321630778501612,11.321630778501612,0.12523277467411545,True
오늘도 아이돌 vol.10,대중음악,서울,옥타바리움 라이브홀,0.0,1,0.0,0.0,,2200000.0,0,0.025035573334765217,0.16492083921505085,,5.321630778501612,11.321630778501612,0.12523277467411545,True
오늘도 아이돌 vol.11,대중음악,서울,옥타바리움 라이브홀,0.0,1,0.0,0.0,,2180000.0,0,0.025035573334765217,0.16492083921505085,,5.321630778501612,11.321630778501612,0.12523277467411545,True
오늘도 아이돌 vol.17,대중음악,서울,옥타바리움 라이브홀,0.0,1,0.0,0.0,,2280000.0,0,0.025035573334765217,0.16492083921505085,,5.321630778501612,11.321630778501612,0.12523277467411545,True
오늘도 아이돌 vol.9,대중음악,서울,옥타바리움 라이브홀,0.0,1,0.0,0.0,,2140000.0,0,0.025035573334765217,0.16492083921505085,,5.321630778501612,11.321630778501612,0.12523277467411545,True
이화여자대학교 한국음악과 창립50주년 기념 정기연주회,한국음악(국악),서울,국립국악원,0.0,1,0.0,0.0,,0.0,7,0.025035573334765217,0.16492083921505085,,5.321630778501612,11.321630778501612,0.12523277467411545,True
재키 (Jacqui) 첫 정규앨범 쇼케이스: Dirty Mirror Selfie Showcase,대중음악,서울,채널 1969,0.0,1,0.0,0.0,,330000.0,3,0.025035573334765217,0.16492083921505085,,5.321630778501612,11.321630778501612,0.12523277467411545,True
"제12회 성미산 동네연극축제, 그녀들만 아는 공소시효",연극,서울,성미산마을극장 향,0.0,1,0.0,0.0,,210000.0,2,0.025035573334765217,0.16492083921505085,,5.321630778501612,11.321630778501612,0.12523277467411545,True
제20회 경기가야금앙상블 정기연주회: 영산회상 회상,한국음악(국악),서울,국립국악원,0.0,1,0.0,0.0,,0.0,7,0.025035573334765217,0.16492083921505085,,5.321630778501612,11.321630778501612,0.12523277467411545,True
"제4회 샘이맑은소리, 김태성의 판소리: 보성소리 심청가",한국음악(국악),서울,선릉아트홀,0.0,1,0.0,0.0,,496000.0,5,0.025035573334765217,0.16492083921505085,,5.321630778501612,11.321630778501612,0.12523277467411545,True
"제4회 영아티스트 콘서트, 샘이 맑은소리: 이초아의 동편소리, 강도근제 이난초바디 흥보가",한국음악(국악),서울,선릉아트홀,0.0,1,0.0,0.0,,260000.0,5,0.025035573334765217,0.16492083921505085,,5.321630778501612,11.321630778501612,0.12523277467411545,True
"제4회 영아티스트 콘서트, 샘이맑은소리: 김서우의 판소리, 김세종제 춘향가",한국음악(국악),서울,선릉아트홀,0.0,1,0.0,0.0,,940000.0,5,0.025035573334765217,0.16492083921505085,,5.321630778501612,11.321630778501612,0.12523277467411545,True
"제4회 영아티스트 콘서트, 샘이맑은소리: 이연우의 경기소리, 서화",한국음악(국악),서울,선릉아트홀,0.0,1,0.0,0.0,,30000.0,5,0.025035573334765217,0.16492083921505085,,5.321630778501612,11.321630778501612,0.12523277467411545,True
"제4회 영아티스트콘서트, 샘이맑은소리: 우병욱의 가야금, 일신우일신",한국음악(국악),서울,선릉아트홀,0.0,1,0.0,0.0,,280000.0,5,0.025035573334765217,0.16492083921505085,,5.321630778501612,11.321630778501612,0.12523277467411545,True
"제7회 2인전통음악축제: I AM YOU, 김기은 X 김한나: 아정한 하루",한국음악(국악),서울,선릉아트홀,0.0,1,0.0,0.0,,626000.0,5,0.025035573334765217,0.16492083921505085,,5.321630778501612,11.321630778501612,0.12523277467411545,True
제9회 이예원 가야금 독주회,한국음악(국악),서울,국립국악원,0.0,1,0.0,0.0,,0.0,7,0.025035573334765217,0.16492083921505085,,5.321630778501612,11.321630778501612,0.12523277467411545,True
최혜경의 춤 이야기,무용(서양/한국무용),서울,국립국악원,0.0,1,0.0,0.0,,2600000.0,7,0.025035573334765217,0.16492083921505085,,5.321630778501612,11.321630778501612,0.12523277467411545,True
"크리스마스 콘서트: 음악을 읽다, 책을 듣다",서양음악(클래식),서울,쿰아트홀,0.0,1,0.0,0.0,,190000.0,1,0.025035573334765217,0.16492083921505085,,5.321630778501612,11.321630778501612,0.12523277467411545,True
"토요클래식의밤 해설이 있는 클래식, 바로크부터 낭만까지 클래식, 세계여행",서양음악(클래식),서울,콘서트홀 나누,0.0,1,0.0,0.0,,570000.0,0,0.025035573334765217,0.16492083921505085,,5.321630778501612,11.321630778501612,0.12523277467411545,True
"두리춤터 우수작가전, 장혜림 안무: 이야기가 있는 이야기의 탄생",무용(서양/한국무용),서울,두리춤터,0.0,1,0.0,0.0,,500000.0,1,0.025035573334765217,0.16492083921505085,,5.321630778501612,11.321630778501612,0.12523277467411545,True
박계전 피리독주회: 피리Ⅳ,한국음악(국악),서울,국립국악원,0.0,1,0.0,0.0,,2600000.0,7,0.025035573334765217,0.16492083921505085,,5.321630778501612,11.321630778501612,0.12523277467411545,True
빼빼로는 될 수 없어!,대중음악,서울,프리즘홀 (프리즘플러스),0.0,1,0.0,0.0,,2400000.0,1,0.025035573334765217,0.16492083921505085,,5.321630778501612,11.321630778501612,0.12523277467411545,True
"쌀롱드무지끄, 여성작곡가 시리즈: 바이올린 소나타 & 소품",서양음악(클래식),서울,쌀롱드무지끄,0.0,1,0.0,0.0,,176000.0,1,0.025035573334765217,0.16492083921505085,,5.321630778501612,11.321630778501612,0.12523277467411545,True
제19회 한양가야금연주단 정기연주회,한국음악(국악),서울,국립국악원,0.0,1,0.0,0.0,,0.0,7,0.025035573334765217,0.16492083921505085,,5.321630778501612,11.321630778501612,0.12523277467411545,True
"제24회 한국정가단 정기공연, 국가무형유산 가사 학술세미나 및 공연",한국음악(국악),서울,국립국악원,0.0,1,0.0,0.0,,0.0,7,0.025035573334765217,0.16492083921505085,,5.321630778501612,11.321630778501612,0.12523277467411545,True
"제6회 좌창, 깊은사랑, 김사랑의 경기잡가: 피어나다 Ⅱ",한국음악(국악),서울,선릉아트홀,0.0,1,0.0,0.0,,420000.0,5,0.025035573334765217,0.16492083921505085,,5.321630778501612,11.321630778501612,0.12523277467411545,True
"제7회 2인전통음악축제, I AM YOU: 이정은 X 최유빈 MORSECODE",한국음악(국악),서울,선릉아트홀,0.0,1,0.0,0.0,,160000.0,5,0.025035573334765217,0.16492083921505085,,5.321630778501612,11.321630778501612,0.12523277467411545,True
"중앙가야스트라 정기연주회, 작곡가 시리즈 Ⅱ: 김성국",한국음악(국악),서울,국립국악원,0.0,1,0.0,0.0,,4620000.0,7,0.025035573334765217,0.16492083921505085,,5.321630778501612,11.321630778501612,0.12523277467411545,True
"칸타빌레클래식 기획연주회 12, 비올리스트 권오현의 Together in Music",서양음악(클래식),서울,칸타빌레 클래식 아트홀,0.0,1,0.0,0.0,,720000.0,0,0.025035573334765217,0.16492083921505085,,5.321630778501612,11.321630778501612,0.12523277467411545,True
傳說이 된 그녀들,한국음악(국악),서울,민속극장풍류,0.0,1,0.0,0.0,,1692000.0,1,0.025035573334765217,0.16492083921505085,,5.321630778501612,11.321630778501612,0.12523277467411545,True
"김송지의 사심, 네 가지 이야기에 스며들다",한국음악(국악),서울,국립국악원,0.0,1,0.0,0.0,,1300000.0,7,0.025035573334765217,0.16492083921505085,,5.321630778501612,11.321630778501612,0.12523277467411545,True
"리수스 콰르텟, 루드비히 트레일",서양음악(클래식),서울,자양스테이션(파리뮤직포럼),0.0,1,0.0,0.0,,50000.0,0,0.025035573334765217,0.16492083921505085,,5.321630778501612,11.321630778501612,0.12523277467411545,True
"문래재즈IN, 연중기획: 미선 레나타 몽마르뜨 밴드",대중음악,서울,문래재즈IN,0.0,1,0.0,0.0,,125000.0,3,0.025035573334765217,0.16492083921505085,,5.321630778501612,11.321630778501612,0.12523277467411545,True
뮤직어게인 갈라 콘서트,서양음악(클래식),서울,자양스테이션(파리뮤직포럼),0.0,1,0.0,0.0,,260000.0,0,0.025035573334765217,0.16492083921505085,,5.321630778501612,11.321630778501612,0.12523277467411545,True
박혜온 대금 독주회 ⅩⅠ: 대금으로 듣는 한국의 민속음악,한국음악(국악),서울,국립국악원,0.0,1,0.0,0.0,,2600000.0,7,0.025035573334765217,0.16492083921505085,,5.321630778501612,11.321630778501612,0.12523277467411545,True
사복 의상체인지 게릴라 라이브,대중음악,서울,클럽 A.O.R(All Of Rock),0.0,1,0.0,0.0,,1400000.0,1,0.025035573334765217,0.16492083921505085,,5.321630778501612,11.321630778501612,0.12523277467411545,True
"스테이지402, 작곡가의 식탁",서양음악(클래식),서울,인유어즈청담,0.0,1,0.0,0.0,,210000.0,0,0.025035573334765217,0.16492083921505085,,5.321630778501612,11.321630778501612,0.12523277467411545,True
"신윤아 가야금병창 발표회, 흥보가전바탕:  如音, 여음",한국음악(국악),서울,국립국악원,0.0,1,0.0,0.0,,0.0,7,0.025035573334765217,0.16492083921505085,,5.321630778501612,11.321630778501612,0.12523277467411545,True
"쌀롱드무지끄, 크리스마스엔 탱고를",서양음악(클래식),서울,쌀롱드무지끄,0.0,1,0.0,0.0,,660000.0,1,0.025035573334765217,0.16492083921505085,,5.321630778501612,11.321630778501612,0.12523277467411545,True
오늘도 아이돌 vol.12,대중음악,서울,옥타바리움 라이브홀,0.0,1,0.0,0.0,,2160000.0,0,0.025035573334765217,0.16492083921505085,,5.321630778501612,11.321630778501612,0.12523277467411545,True
"이상의날개 단독공연: HELLO DARKNESS, MY OLD FRIEND Vol.2",대중음악,서울,청춘예찬,0.0,1,0.0,0.0,,3060000.0,0,0.025035573334765217,0.16492083921505085,,5.321630778501612,11.321630778501612,0.12523277467411545,True
"전은혜 해금 독주회, 두 개의 줄",한국음악(국악),서울,국립국악원,0.0,1,0.0,0.0,,0.0,7,0.025035573334765217,0.16492083921505085,,5.321630778501612,11.321630778501612,0.12523277467411545,True
"정수인 판소리 심청가, 淚 광명",한국음악(국악),서울,국립국악원,0.0,1,0.0,0.0,,2600000.0,7,0.025035573334765217,0.16492083921505085,,5.321630778501612,11.321630778501612,0.12523277467411545,True
"제1074회 하우스콘서트: 이승은, 정태양",서양음악(클래식),서울,예술가의 집,0.0,1,0.0,0.0,,1560000.0,1,0.025035573334765217,0.16492083921505085,,5.321630778501612,11.321630778501612,0.12523277467411545,True
"제12회 성미산 동네연극축제, 삼개나루 이야기",연극,서울,성미산마을극장 향,0.0,1,0.0,0.0,,30000.0,2,0.025035573334765217,0.16492083921505085,,5.321630778501612,11.321630778501612,0.12523277467411545,True
"제4회 샘이맑은소리, 이시현의 정가: 아정한 첫 걸음",한국음악(국악),서울,선릉아트홀,0.0,1,0.0,0.0,,310000.0,5,0.025035573334765217,0.16492083921505085,,5.321630778501612,11.321630778501612,0.12523277467411545,True
"제4회 영아티스트 콘서트, 샘이맑은소리: 배수진의 판소리, 바람을 타고",한국음악(국악),서울,선릉아트홀,0.0,1,0.0,0.0,,30000.0,5,0.025035573334765217,0.16492083921505085,,5.321630778501612,11.321630778501612,0.12523277467411545,True
"제6회 선릉아트홀 전통성악 기획공연: 좌창, 깊은사랑: 김유리의 서도소리, 완주",한국음악(국악),서울,선릉아트홀,0.0,1,0.0,0.0,,10000.0,5,0.025035573334765217,0.16492083921505085,,5.321630778501612,11.321630778501612,0.12523277467411545,True
"제6회 좌창, 깊은사랑: 이준아의 정가, 청원의 노래",한국음악(국악),서울,선릉아트홀,0.0,1,0.0,0.0,,1030000.0,5,0.025035573334765217,0.16492083921505085,,5.321630778501612,11.321630778501612,0.12523277467411545,True
"제6회 좌창, 깊은사랑: 장지은의 경기좌창, 학이시습",한국음악(국악),서울,선릉아트홀,0.0,1,0.0,0.0,,148000.0,5,0.025035573334765217,0.16492083921505085,,5.321630778501612,11.321630778501612,0.12523277467411545,True
"제7회 2인전통음악축제: I AM YOU, 김희원 X 유지원: 추억놀이터",한국음악(국악),서울,선릉아트홀,0.0,1,0.0,0.0,,190000.0,5,0.025035573334765217,0.16492083921505085,,5.321630778501612,11.321630778501612,0.12523277467411545,True
"조우리의 아쟁, 산조: 스며들다",한국음악(국악),서울,국립국악원,0.0,1,0.0,0.0,,0.0,7,0.025035573334765217,0.16492083921505085,,5.321630778501612,11.321630778501612,0.12523277467411545,True
코리안챔버오케스트라 & 크론베르크아카데미: 한독 우수 영재 데뷔 콘서트,서양음악(클래식),서울,서울아트센터,0.0,1,0.0,0.0,,270000.0,0,0.025035573334765217,0.16492083921505085,,5.321630778501612,11.321630778501612,0.12523277467411545,True
"코리안챔버오케스트라(KCO) 특별 초청 연주회, 바이올리니스트 알렉산드라 티르수",서양음악(클래식),서울,JCC 아트센터,0.0,1,0.0,0.0,,300000.0,4,0.025035573334765217,0.16492083921505085,,5.321630778501612,11.321630778501612,0.12523277467411545,True
크라스 앙상블 창단연주회,서양음악(클래식),서울,예술의전당 [서울],0.0,1,0.0,0.0,,60000.0,10,0.025035573334765217,0.16492083921505085,,5.321630778501612,11.321630778501612,0.12523277467411545,True
"피아노의 정원: 드뷔시, 쇼팽 그리고 크리스마스",서양음악(클래식),서울,콘서트홀 나누,0.0,1,0.0,0.0,,1350000.0,0,0.025035573334765217,0.16492083921505085,,5.321630778501612,11.321630778501612,0.12523277467411545,True
"국창 조상현 선생님의 제자, 이성현의 적벽가 완창 발표회",한국음악(국악),서울,국립국악원,0.0,1,0.0,0.0,,0.0,7,0.025035573334765217,0.16492083921505085,,5.321630778501612,11.321630778501612,0.12523277467411545,True
권서영 가야금 레퍼토리 첫 번째 프로젝트: The Eight 8,한국음악(국악),서울,국립국악원,0.0,1,0.0,0.0,,0.0,7,0.025035573334765217,0.16492083921505085,,5.321630778501612,11.321630778501612,0.12523277467411545,True
"멜타스토어 콘서트 시리즈 8, 바이탈리즘 내한 공연",대중음악,서울,프리즘홀 (프리즘플러스),0.0,1,0.0,0.0,,1015000.0,1,0.025035573334765217,0.16492083921505085,,5.321630778501612,11.321630778501612,0.12523277467411545,True
"손수림 거문고 독주회, 시간의 선율",한국음악(국악),서울,국립국악원,0.0,1,0.0,0.0,,0.0,7,0.025035573334765217,0.16492083921505085,,5.321630778501612,11.321630778501612,0.12523277467411545,True
"송년 국악콘서트, 시나위 스펙트럼: 따로 또 같이",한국음악(국악),서울,한국문화의집 KOUS,0.0,1,0.0,0.0,,277000.0,1,0.025035573334765217,0.16492083921505085,,5.321630778501612,11.321630778501612,0.12523277467411545,True
"심성욱 두 번째 대금독주회: 경, 풍, 연",한국음악(국악),서울,국립국악원,0.0,1,0.0,0.0,,0.0,7,0.025035573334765217,0.16492083921505085,,5.321630778501612,11.321630778501612,0.12523277467411545,True
"쌀롱드무지끄, Art Signature: 클래식기타 명곡집",서양음악(클래식),서울,쌀롱드무지끄,0.0,1,0.0,0.0,,231000.0,1,0.025035573334765217,0.16492083921505085,,5.321630778501612,11.321630778501612,0.12523277467411545,True
"쌀롱드무지끄, 새로이 피어나다",서양음악(클래식),서울,쌀롱드무지끄,0.0,1,0.0,0.0,,154000.0,1,0.025035573334765217,0.16492083921505085,,5.321630778501612,11.321630778501612,0.12523277467411545,True
오늘도 아이돌 vol.13,대중음악,서울,옥타바리움 라이브홀,0.0,1,0.0,0.0,,1480000.0,0,0.025035573334765217,0.16492083921505085,,5.321630778501612,11.321630778501612,0.12523277467411545,True
오늘도 아이돌 vol.15,대중음악,서울,옥타바리움 라이브홀,0.0,1,0.0,0.0,,2400000.0,0,0.025035573334765217,0.16492083921505085,,5.321630778501612,11.321630778501612,0.12523277467411545,True
"제4회 영아티스트 콘서트, 샘이 맑은소리: GALA CONCERT",한국음악(국악),서울,선릉아트홀,0.0,1,0.0,0.0,,180000.0,5,0.025035573334765217,0.16492083921505085,,5.321630778501612,11.321630778501612,0.12523277467411545,True
"제4회 영아티스트콘서트, 샘이 맑은소리: 임예린의 경기소리, 일취월장",한국음악(국악),서울,선릉아트홀,0.0,1,0.0,0.0,,10000.0,5,0.025035573334765217,0.16492083921505085,,5.321630778501612,11.321630778501612,0.12523277467411545,True
제5회 대한민국여기검대제전,무용(서양/한국무용),서울,국립국악원,0.0,1,0.0,0.0,,2310000.0,7,0.025035573334765217,0.16492083921505085,,5.321630778501612,11.321630778501612,0.12523277467411545,True
"제66회 서울대학교 음악대학 국악정기연주회: 잇고, 있다",한국음악(국악),서울,국립국악원,0.0,1,0.0,0.0,,0.0,7,0.025035573334765217,0.16492083921505085,,5.321630778501612,11.321630778501612,0.12523277467411545,True
"제6회 좌창, 깊은사랑: 김시화의 서도좌창, 인내지강",한국음악(국악),서울,선릉아트홀,0.0,1,0.0,0.0,,700000.0,5,0.025035573334765217,0.16492083921505085,,5.321630778501612,11.321630778501612,0.12523277467411545,True
"제7회 국립전통예술중학교 무용제, 바_턴;",무용(서양/한국무용),서울,국립국악원,0.0,1,0.0,0.0,,0.0,7,0.025035573334765217,0.16492083921505085,,5.321630778501612,11.321630778501612,0.12523277467411545,True
"토요클래식의밤 해설이 있는 클래식, 대중음악과 고전의 융합",서양음악(클래식),서울,콘서트홀 나누,0.0,1,0.0,0.0,,150000.0,0,0.025035573334765217,0.16492083921505085,,5.321630778501612,11.321630778501612,0.12523277467411545,True
프렌치 커넥션,서양음악(클래식),서울,자양스테이션(파리뮤직포럼),0.0,1,0.0,0.0,,200000.0,0,0.025035573334765217,0.16492083921505085,,5.321630778501612,11.321630778501612,0.12523277467411545,True
"홍보희의 전통춤, 온화溫和",무용(서양/한국무용),서울,국립국악원,0.0,1,0.0,0.0,,0.0,7,0.025035573334765217,0.16492083921505085,,5.321630778501612,11.321630778501612,0.12523277467411545,True
국악관현악축제,한국음악(국악),서울,국립국악원,0.0,1,0.0,0.0,,0.0,7,0.025035573334765217,0.16492083921505085,,5.321630778501612,11.321630778501612,0.12523277467411545,True
"김호은 카시아무용단 레파토리 정기공연, 이을 연 (連) : 춤에게 가는 길 Ⅱ",무용(서양/한국무용),서울,국립국악원,0.0,1,0.0,0.0,,11550000.0,7,0.025035573334765217,0.16492083921505085,,5.321630778501612,11.321630778501612,0.12523277467411545,True
"다니엘 린데만, 고택을 연주하다: 서촌에 온 베토벤",대중음악,서울,클래식고택 [서촌],0.0,1,0.0,0.0,,2880000.0,0,0.025035573334765217,0.16492083921505085,,5.321630778501612,11.321630778501612,0.12523277467411545,True
몽드아미 콘서트: The First Greeting,대중음악,서울,웨스트브릿지 라이브홀,0.0,1,0.0,0.0,,2775000.0,0,0.025035573334765217,0.16492083921505085,,5.321630778501612,11.321630778501612,0.12523277467411545,True
오늘도 아이돌 vol.14,대중음악,서울,옥타바리움 라이브홀,0.0,1,0.0,0.0,,1960000.0,0,0.025035573334765217,0.16492083921505085,,5.321630778501612,11.321630778501612,0.12523277467411545,True
오늘도 아이돌 vol.EX,대중음악,서울,옥타바리움 라이브홀,0.0,1,0.0,0.0,,440000.0,0,0.025035573334765217,0.16492083921505085,,5.321630778501612,11.321630778501612,0.12523277467411545,True
"이립 (而立) , 이하경의 춤",무용(서양/한국무용),서울,국립국악원,0.0,1,0.0,0.0,,4620000.0,7,0.025035573334765217,0.16492083921505085,,5.321630778501612,11.321630778501612,0.12523277467411545,True
"이화연 아쟁소리, 한 음의 가치 Ⅲ: 이태백류 아쟁산조",한국음악(국악),서울,국립국악원,0.0,1,0.0,0.0,,2600000.0,7,0.025035573334765217,0.16492083921505085,,5.321630778501612,11.321630778501612,0.12523277467411545,True
"전라북도 무형문화재 심청가 전승발표회, 사백연가: 사승",한국음악(국악),서울,국립국악원,0.0,1,0.0,0.0,,0.0,7,0.025035573334765217,0.16492083921505085,,5.321630778501612,11.321630778501612,0.12523277467411545,True
"정경화의 춤: 휘, 흩날리다",무용(서양/한국무용),서울,국립국악원,0.0,1,0.0,0.0,,0.0,7,0.025035573334765217,0.16492083921505085,,5.321630778501612,11.321630778501612,0.12523277467411545,True
"정재만 추모 10주기 공연, 커다란 태산을 등에 짊어지듯...",무용(서양/한국무용),서울,국립국악원,0.0,1,0.0,0.0,,32000000.0,7,0.025035573334765217,0.16492083921505085,,5.321630778501612,11.321630778501612,0.12523277467411545,True
"제1075회 하우스콘서트, CML 페스티벌 앙상블",서양음악(클래식),서울,예술가의 집,0.0,1,0.0,0.0,,930000.0,1,0.025035573334765217,0.16492083921505085,,5.321630778501612,11.321630778501612,0.12523277467411545,True
제27회 수원대학교 음악테크놀로지대학 국악과 정기연주회,한국음악(국악),서울,국립국악원,0.0,1,0.0,0.0,,0.0,7,0.025035573334765217,0.16492083921505085,,5.321630778501612,11.321630778501612,0.12523277467411545,True
"제6회 좌창, 깊은사랑: 김영기의 가곡, 점입가경",한국음악(국악),서울,선릉아트홀,0.0,1,0.0,0.0,,758000.0,5,0.025035573334765217,0.16492083921505085,,5.321630778501612,11.321630778501612,0.12523277467411545,True
"한국 아카펠라 페스티벌, 슈퍼 콘서트",서양음악(클래식),서울,백암아트홀,0.0,1,0.0,0.0,,4320000.0,3,0.025035573334765217,0.16492083921505085,,5.321630778501612,11.321630778501612,0.12523277467411545,True
物の怪: mononoke debut live,대중음악,서울,옥타바리움 라이브홀,0.0,1,0.0,0.0,,1520000.0,0,0.025035573334765217,0.16492083921505085,,5.321630778501612,11.321630778501612,0.12523277467411545,True
김바니 가야금 독주회: 김윤덕 전승 향제 줄풍류,한국음악(국악),서울,국립국악원,0.0,1,0.0,0.0,,1300000.0,7,0.025035573334765217,0.16492083921505085,,5.321630778501612,11.321630778501612,0.12523277467411545,True
"둘라밤, 환생특급",대중음악,서울,생기 스튜디오,0.0,1,0.0,0.0,,200000.0,2,0.025035573334765217,0.16492083921505085,,5.321630778501612,11.321630778501612,0.12523277467411545,True
세카코모 니코 생일 기념 라이브: 推しのにこ,대중음악,서울,프리즘홀 (프리즘플러스),0.0,1,0.0,0.0,,2000000.0,1,0.025035573334765217,0.16492083921505085,,5.321630778501612,11.321630778501612,0.12523277467411545,True
심청날다,뮤지컬,서울,국립국악원,0.0,1,0.0,0.0,,0.0,7,0.025035573334765217,0.16492083921505085,,5.321630778501612,11.321630778501612,0.12523277467411545,True
"쌀롱드무지끄, Musique together",서양음악(클래식),서울,쌀롱드무지끄,0.0,1,0.0,0.0,,560000.0,1,0.025035573334765217,0.16492083921505085,,5.321630778501612,11.321630778501612,0.12523277467411545,True
"쌀롱드무지끄, 희비",서양음악(클래식),서울,쌀롱드무지끄,0.0,1,0.0,0.0,,297000.0,1,0.025035573334765217,0.16492083921505085,,5.321630778501612,11.321630778501612,0.12523277467411545,True
"전통춤전, 이춤 컴퍼니 정기공연",무용(서양/한국무용),서울,국립국악원,0.0,1,0.0,0.0,,2600000.0,7,0.025035573334765217,0.16492083921505085,,5.321630778501612,11.321630778501612,0.12523277467411545,True
"제14회 동서악회 정기연주회, 불멸의 춤을 만나다",한국음악(국악),서울,국립국악원,0.0,1,0.0,0.0,,0.0,7,0.025035573334765217,0.16492083921505085,,5.321630778501612,11.321630778501612,0.12523277467411545,True
"제170회 아트엠콘서트, 바이올리니스트 이수빈",서양음악(클래식),서울,서초아트센터,0.0,1,0.0,0.0,,120000.0,0,0.025035573334765217,0.16492083921505085,,5.321630778501612,11.321630778501612,0.12523277467411545,True
"제173회 아트엠콘서트, 홍민수 피아노 리사이틀",서양음악(클래식),서울,신영체임버홀,0.0,1,0.0,0.0,,40000.0,1,0.025035573334765217,0.16492083921505085,,5.321630778501612,11.321630778501612,0.12523277467411545,True
제1회 이수현 삼설기 (三說記) 완창 발표회,한국음악(국악),서울,국립국악원,0.0,1,0.0,0.0,,0.0,7,0.025035573334765217,0.16492083921505085,,5.321630778501612,11.321630778501612,0.12523277467411545,True
"제4회 영아티스트콘서트, 샘이맑은소리: 김보빈의 판소리, 꽃은 지고 님은 가고",한국음악(국악),서울,선릉아트홀,0.0,1,0.0,0.0,,400000.0,5,0.025035573334765217,0.16492083921505085,,5.321630778501612,11.321630778501612,0.12523277467411545,True
"제4회 이헌준 대금 독주회, 항",한국음악(국악),서울,국립국악원,0.0,1,0.0,0.0,,0.0,7,0.025035573334765217,0.16492083921505085,,5.321630778501612,11.321630778501612,0.12523277467411545,True
"제6회 좌창, 깊은사랑: 안재현의 경기잡가, 귀 기울이다",한국음악(국악),서울,선릉아트홀,0.0,1,0.0,0.0,,20000.0,5,0.025035573334765217,0.16492083921505085,,5.321630778501612,11.321630778501612,0.12523277467411545,True
"제6회 좌창, 깊은사랑: 이채현의 경기소리, 여덟 폭",한국음악(국악),서울,선릉아트홀,0.0,1,0.0,0.0,,300000.0,5,0.025035573334765217,0.16492083921505085,,5.321630778501612,11.321630778501612,0.12523277467411545,True
"제7회 2인전통음악축제: I AM YOU, 김강유 X 최대량: 장북놀이",한국음악(국악),서울,선릉아트홀,0.0,1,0.0,0.0,,210000.0,5,0.025035573334765217,0.16492083921505085,,5.321630778501612,11.321630778501612,0.12523277467411545,True
"칸타빌레클래식 기획연주회 11, 정채은 바이올린 리사이틀",서양음악(클래식),서울,칸타빌레 클래식 아트홀,0.0,1,0.0,0.0,,1200000.0,0,0.025035573334765217,0.16492083921505085,,5.321630778501612,11.321630778501612,0.12523277467411545,True
"막주금라이브 Vol.33, 미지니",대중음악,서울,Cafe PPnF,0.0,1,0.0,0.0,,325000.0,2,0.025035573334765217,0.16492083921505085,,5.321630778501612,11.321630778501612,0.12523277467411545,True
세계양금축제 개막식 공연,서양음악(클래식),서울,국립국악원,0.0,1,0.0,0.0,,0.0,7,0.025035573334765217,0.16492083921505085,,5.321630778501612,11.321630778501612,0.12523277467411545,True
"쌀롱드무지끄, 미르텐의 살롱 Ⅰ. 카메라타: 신음악의 탄생",서양음악(클래식),서울,쌀롱드무지끄,0.0,1,0.0,0.0,,44000.0,1,0.025035573334765217,0.16492083921505085,,5.321630778501612,11.321630778501612,0.12523277467411545,True
앙상블 안음의 꼬마신발,서양음악(클래식),서울,선릉문화공간 제이드409,0.0,1,0.0,0.0,,840000.0,0,0.025035573334765217,0.16492083921505085,,5.321630778501612,11.321630778501612,0.12523277467411545,True
오늘도 아이돌 vol.16,대중음악,서울,옥타바리움 라이브홀,0.0,1,0.0,0.0,,540000.0,0,0.025035573334765217,0.16492083921505085,,5.321630778501612,11.321630778501612,0.12523277467411545,True
정수연 작곡발표회: 봄의 흔적,한국음악(국악),서울,국립국악원,0.0,1,0.0,0.0,,0.0,7,0.025035573334765217,0.16492083921505085,,5.321630778501612,11.321630778501612,0.12523277467411545,True
"제25회 해금연구회 정기연주회, Bowing NowⅡ: 노랫가락",한국음악(국악),서울,국립국악원,0.0,1,0.0,0.0,,4620000.0,7,0.025035573334765217,0.16492083921505085,,5.321630778501612,11.321630778501612,0.12523277467411545,True
"제4회 영아티스트 콘서트, 샘이 맑은소리: 정세인의 정가, 세상으로",한국음악(국악),서울,선릉아트홀,0.0,1,0.0,0.0,,420000.0,5,0.025035573334765217,0.16492083921505085,,5.321630778501612,11.321630778501612,0.12523277467411545,True
"제4회 영아티스트 콘서트, 샘이맑은소리: 이동원의 거문고, 수월경화",한국음악(국악),서울,선릉아트홀,0.0,1,0.0,0.0,,30000.0,5,0.025035573334765217,0.16492083921505085,,5.321630778501612,11.321630778501612,0.12523277467411545,True
"제6회 좌창, 깊은사랑: 이슬의 경기좌창, 여조삭비",한국음악(국악),서울,선릉아트홀,0.0,1,0.0,0.0,,92000.0,5,0.025035573334765217,0.16492083921505085,,5.321630778501612,11.321630778501612,0.12523277467411545,True
"제6회 좌창, 깊은사랑: 조은주의 경기소리, 소리로 잇는 시간",한국음악(국악),서울,선릉아트홀,0.0,1,0.0,0.0,,96000.0,5,0.025035573334765217,0.16492083921505085,,5.321630778501612,11.321630778501612,0.12523277467411545,True
"차세대 명인 프로젝트, 청어람",한국음악(국악),서울,국립국악원,0.0,1,0.0,0.0,,0.0,7,0.025035573334765217,0.16492083921505085,,5.321630778501612,11.321630778501612,0.12523277467411545,True
"최현정 바이올린 독주회, SUMMER OF LIFE",서양음악(클래식),서울,오디오가이스튜디오,0.0,1,0.0,0.0,,1122000.0,3,0.025035573334765217,0.16492083921505085,,5.321630778501612,11.321630778501612,0.12523277467411545,True
"하프 X 핸드팬, 소리의 여정",대중음악,서울,KT&G 상상마당 라이브홀 [마포],0.0,1,0.0,0.0,,165000.0,2,0.025035573334765217,0.16492083921505085,,5.321630778501612,11.321630778501612,0.12523277467411545,True
할로윈은 될 수 없어!!,대중음악,서울,프리즘홀 (프리즘플러스),0.0,1,0.0,0.0,,1900000.0,1,0.025035573334765217,0.16492083921505085,,5.321630778501612,11.321630778501612,0.12523277467411545,True
트래블 콘서트: 바다가 보이는 마을 [군산],서양음악(클래식),호남,군산예술의전당,0.11,1,132.0,132.0,0.0,0.0,4,0.025035573334765217,0.2695396235502199,0.9527017830406969,6.477144290999752,11.311554611340192,0.13903743315508021,True
"필, 연: 반드시 피어날 꽃 [부산]",한국음악(국악),영남,부산시민회관,0.2208,1,85.0,85.0,0.0,0.0,7,0.09669235106183048,0.23136871540813875,0.9527017830406969,13.707464387182503,11.31029621317995,0.11507936507936507,True
"트래블 콘서트, 라라랜드!! [군산]",서양음악(클래식),호남,군산예술의전당,0.0875,1,105.0,105.0,0.0,0.0,4,0.025035573334765217,0.25284352152970124,0.9527017830406969,6.313573738198812,11.147984058539253,0.13636363636363635,True
제6회 슈누포 정기연주회,서양음악(클래식),경인,성남아트센터,0.2432,1,268.0,268.0,0.0,0.0,7,0.10794157918758558,0.3423426788615734,0.9527017830406969,17.12764600667942,11.12764600667942,0.07511737089201878,True
"DSAC 아트 페스티벌, 달서청년연극제: 첫 출근",연극,영남,달서아트센터 (구. 웃는얼굴아트센터),0.2358,1,50.0,50.0,0.0,0.0,6,0.10348484441700002,0.1994745845049966,0.9527017830406969,13.454918711388384,11.057750537385829,0.11408730158730158,True
"제9회 대구 플루트 뮤직페어, 행복콘서트",서양음악(클래식),영남,수성아트피아,0.1812,1,210.0,210.0,0.0,0.0,3,0.07473085080677638,0.31655332967508354,0.9527017830406969,13.313085170962019,10.915916996959464,0.1130952380952381,True
"ACC 공연 레지던시 결과발표회, 유키 선생님",연극,호남,국립아시아문화전당,0.0879,1,83.0,83.0,0.0,0.0,6,0.025035573334765217,0.2298493849150764,0.9527017830406969,6.077316622684185,10.911726943024625,0.13368983957219252,True
안동문화예술의전당 유료회원을 위한 캔들라이트 콘서트,서양음악(클래식),영남,안동문화예술의전당,0.2246,1,62.0,62.0,0.0,0.0,7,0.09820925175181894,0.20960436079712688,0.9527017830406969,13.299997730635967,10.902829556633414,0.11210317460317461,True
"제2회 대구창작뮤지컬페스타, Awards 연합팀 Gala Show",뮤지컬,영남,봉산문화회관,0.2123,1,90.0,90.0,0.0,0.0,2,0.09066502000161086,0.23417529587620511,0.9527017830406969,13.251965240433927,10.854797066431374,0.1111111111111111,True
사랑해요 당신 [인천],연극,경인,인천동구문화체육센터,0.202,2,200.0,100.0,0.0,0.0,1,0.0855505141353666,0.464857989497693,0.9527017830406969,16.836883006605,10.836883006605,0.07417840375586854,True
제18회 양지중학교 들뫼소리제,서양음악(클래식),경인,안산문화예술의전당,0.2206,1,347.0,347.0,0.0,0.0,6,0.09663865546218488,0.3841367140998095,0.9527017830406969,16.783589708498532,10.783589708498532,0.07323943661971831,True
"ACC 공연 레지던시 결과발표회, 극장1",연극,호남,국립아시아문화전당,0.0742,1,70.0,70.0,0.0,0.0,6,0.025035573334765217,0.2170594506189413,0.9527017830406969,5.93972043776,10.77413075810044,0.13101604278074866,True
"파이데이아 아카데미아, 고전읽기",서양음악(클래식),영남,공간울림연주홀,0.2273,1,50.0,50.0,0.0,0.0,0,0.09959191344269337,0.1994745845049966,0.9527017830406969,13.148901545613336,10.751733371610783,0.11011904761904762,True
"안동 글로벌 영아티스트 콩쿠르, 위너콘서트",서양음악(클래식),영남,안동문화예술의전당,0.1831,1,182.0,182.0,0.0,0.0,7,0.0754288936021693,0.29623340374064727,0.9527017830406969,13.036957626631704,10.639789452629149,0.10912698412698413,True
제6회 까메라타 정기연주회,서양음악(클래식),경인,성남아트센터,0.2751,1,104.0,104.0,0.0,0.0,7,0.12595645286868742,0.2523890120932228,0.9527017830406969,16.632611002594032,10.632611002594032,0.07183098591549296,True
제7회 카메라타 정기연주회 [성남],서양음악(클래식),경인,성남아트센터,0.2751,1,104.0,104.0,0.0,0.0,7,0.12595645286868742,0.2523890120932228,0.9527017830406969,16.632611002594032,10.632611002594032,0.07183098591549296,True
"ACC 공연 레지던시 결과발표회, 대리된 존엄",연극,호남,국립아시아문화전당,0.0561,1,53.0,53.0,0.0,0.0,6,0.025035573334765217,0.20286191006409032,0.9527017830406969,5.781156537994278,10.615566858334718,0.12834224598930483,True
국악교실 작품발표회 [광주],한국음악(국악),호남,예술의 전당 [광주] (구. 광주문화예술회관),0.1012,1,51.0,51.0,0.0,0.0,8,0.025035573334765217,0.20218614417413736,0.9527017830406969,5.773445638483424,10.607855958823865,0.12566844919786097,True
"파이팅 콘서트 시즌Ⅳ, 무직회사",대중음악,호남,한국소리문화의전당,0.0751,1,50.0,50.0,0.0,0.0,8,0.025035573334765217,0.1994745845049966,0.9527017830406969,5.742348586246545,10.576758906586985,0.11898395721925134,True
"파이팅 콘서트 시즌Ⅳ, 효자동 그루브",대중음악,호남,한국소리문화의전당,0.0751,1,50.0,50.0,0.0,0.0,8,0.025035573334765217,0.1994745845049966,0.9527017830406969,5.742348586246545,10.576758906586985,0.11898395721925134,True
"파이팅 콘서트 시즌Ⅴ, Ep.01 소리어스",서양음악(클래식),호남,한국소리문화의전당,0.0751,1,50.0,50.0,0.0,0.0,8,0.025035573334765217,0.1994745845049966,0.9527017830406969,5.742348586246545,10.576758906586985,0.11898395721925134,True
"파이팅 콘서트 시즌Ⅴ, Ep.02 이그르산 재즈 트리오",대중음악,호남,한국소리문화의전당,0.0751,1,50.0,50.0,0.0,0.0,8,0.025035573334765217,0.1994745845049966,0.9527017830406969,5.742348586246545,10.576758906586985,0.11898395721925134,True
"ACC 공연 레지던시 결과발표회, 잠식된 방",무용(서양/한국무용),호남,국립아시아문화전당,0.0477,1,45.0,45.0,0.0,0.0,6,0.025035573334765217,0.19465171736707326,0.9527017830406969,5.686405429846076,10.520815750186516,0.11229946524064172,True
"부산시립청소년교향악단 특별연주회, 유망주음악회 Ensemble",서양음악(클래식),영남,부산문화회관,0.2073,1,85.0,85.0,0.0,0.0,7,0.08753725132225414,0.23136871540813875,0.9527017830406969,12.913310611449944,10.516142437447389,0.10813492063492064,True
"치매인식개선 신마당극, 심청전",연극,경인,계양문화회관,0.1887,2,300.0,150.0,0.0,0.0,2,0.07706660939136038,0.5117925111231469,0.9527017830406969,16.434531269452364,10.434531269452364,0.07042253521126761,True
케이팝 루키 페스티벌,대중음악,경인,고양어울림누리,0.2732,1,100.0,100.0,0.0,0.0,8,0.12449324777834457,0.24540053022817968,0.9527017830406969,16.331936281792764,10.331936281792764,0.06948356807511737,True
"아티스트 IN 과천, 가는 봄, 오는 여름",서양음악(클래식),경인,과천시민회관,0.2357,1,219.0,219.0,0.0,0.0,5,0.10343114881735442,0.3200264662028469,0.9527017830406969,16.250441607032034,10.250441607032034,0.06854460093896714,True
"전주시립교향악단, 유망주 발굴시리즈 DEBUT CONCERT",서양음악(클래식),호남,한국소리문화의전당,0.0225,1,15.0,15.0,0.0,0.0,8,0.025035573334765217,0.16492083921505085,0.9527017830406969,5.321630778501612,10.156041098842053,0.05614973262032086,True
"국립민속국악원 송년공연, 송년 국악잔치",한국음악(국악),호남,국립민속국악원,0.0,1,0.0,0.0,,0.0,1,0.025035573334765217,0.16492083921505085,,5.321630778501612,10.156041098842053,0.05614973262032086,True
"국립민속국악원 국악연주단 정기공연: 민속음악, 거목(巨木)",한국음악(국악),호남,국립민속국악원,0.0,1,0.0,0.0,,0.0,1,0.025035573334765217,0.16492083921505085,,5.321630778501612,10.156041098842053,0.05614973262032086,True
빨간모자 [광주],연극,호남,예술극장 통,0.0,1,0.0,0.0,,56000.0,1,0.025035573334765217,0.16492083921505085,,5.321630778501612,10.156041098842053,0.05614973262032086,True
시니어를 위한 타임캡슐 음악다방,대중음악,호남,이룸 아트홀 [전주],0.0,1,0.0,0.0,,280000.0,0,0.025035573334765217,0.16492083921505085,,5.321630778501612,10.156041098842053,0.05614973262032086,True
"국립남도국악원 토요상설, 국악이 좋다: 입고출신(入古出新)",한국음악(국악),호남,국립남도국악원,0.0,1,0.0,0.0,,0.0,5,0.025035573334765217,0.16492083921505085,,5.321630778501612,10.156041098842053,0.05614973262032086,True
"국립남도국악원 토요상설, 국악이 좋다: 변검사자 탈출사건",한국음악(국악),호남,국립남도국악원,0.0,1,0.0,0.0,,0.0,5,0.025035573334765217,0.16492083921505085,,5.321630778501612,10.156041098842053,0.05614973262032086,True
"차와 이야기가 있는 국악콘서트, 다담 [전북 남원]",한국음악(국악),호남,국립민속국악원,0.0,1,0.0,0.0,,0.0,1,0.025035573334765217,0.16492083921505085,,5.321630778501612,10.156041098842053,0.05614973262032086,True
"소리 판, 완창무대: 오민아의 강산제 심청가",한국음악(국악),호남,국립민속국악원,0.0,1,0.0,0.0,,0.0,1,0.025035573334765217,0.16492083921505085,,5.321630778501612,10.156041098842053,0.05614973262032086,True
토요국악무대(11.18),한국음악(국악),호남,국립민속국악원,0.0,1,0.0,0.0,,0.0,1,0.025035573334765217,0.16492083921505085,,5.321630778501612,10.156041098842053,0.05614973262032086,True
"국립부산국악원, 왔구나 연희야!",한국음악(국악),호남,국립민속국악원,0.0,1,0.0,0.0,,0.0,1,0.025035573334765217,0.16492083921505085,,5.321630778501612,10.156041098842053,0.05614973262032086,True
경셩유행가: 판을 나온 소리 [남원],한국음악(국악),호남,국립민속국악원,0.0,1,0.0,0.0,,0.0,1,0.025035573334765217,0.16492083921505085,,5.321630778501612,10.156041098842053,0.05614973262032086,True
"국립남도국악원 토요상설, 국악이 좋다: 가락 프로젝트 네 번재 시리즈 RE: 소월",한국음악(국악),호남,국립남도국악원,0.0,1,0.0,0.0,,0.0,5,0.025035573334765217,0.16492083921505085,,5.321630778501612,10.156041098842053,0.05614973262032086,True
"국립남도국악원 토요상설, 국악이 좋다: 흥과 신명",한국음악(국악),호남,국립남도국악원,0.0,1,0.0,0.0,,0.0,5,0.025035573334765217,0.16492083921505085,,5.321630778501612,10.156041098842053,0.05614973262032086,True
"달빛 연극 교류전, 오! 금남식당 [광주]",연극,호남,광주 민들레소극장,0.0,1,0.0,0.0,,204000.0,0,0.025035573334765217,0.16492083921505085,,5.321630778501612,10.156041098842053,0.05614973262032086,True
"빛고을 어린이 연극잔치, 이야기꾼들이 들려주는 해와 달의 이야기 [광주]",연극,호남,예린소극장,0.0,1,0.0,0.0,,60000.0,1,0.025035573334765217,0.16492083921505085,,5.321630778501612,10.156041098842053,0.05614973262032086,True
"빛고을 어린이 연극잔치, 푸름이와 지구탐험대 [광주]",연극,호남,공연일번지,0.0,1,0.0,0.0,,12000.0,0,0.025035573334765217,0.16492083921505085,,5.321630778501612,10.156041098842053,0.05614973262032086,True
"인천시립무용단 교류공연, 만찬: 진, 오귀 [진도]",무용(서양/한국무용),호남,국립남도국악원,0.0,1,0.0,0.0,,0.0,5,0.025035573334765217,0.16492083921505085,,5.321630778501612,10.156041098842053,0.05614973262032086,True
"진도국악고등학교 국악제: 우리들의 울림, 과거와 현재를 잇다",한국음악(국악),호남,국립남도국악원,0.0,1,0.0,0.0,,0.0,5,0.025035573334765217,0.16492083921505085,,5.321630778501612,10.156041098842053,0.05614973262032086,True
"굿음악축제, 운수대통 만사형통 굿!: 동해안별신굿",한국음악(국악),호남,국립남도국악원,0.0,1,0.0,0.0,,0.0,5,0.025035573334765217,0.16492083921505085,,5.321630778501612,10.156041098842053,0.05614973262032086,True
"빛고을 어린이 연극잔치, 새치미와 덜렁이 [광주]",연극,호남,공연일번지,0.0,1,0.0,0.0,,12000.0,0,0.025035573334765217,0.16492083921505085,,5.321630778501612,10.156041098842053,0.05614973262032086,True
국립남도국악원 개원 20주년 기념 해외동포 및 국악단체 특별 초청공연: 한국을 가슴에 품다 [진도],한국음악(국악),호남,국립남도국악원,0.0,1,0.0,0.0,,0.0,5,0.025035573334765217,0.16492083921505085,,5.321630778501612,10.156041098842053,0.05614973262032086,True
"국립민속국악원 추석특별공연, 추풍명월 [남원]",한국음악(국악),호남,국립민속국악원,0.0,1,0.0,0.0,,0.0,1,0.025035573334765217,0.16492083921505085,,5.321630778501612,10.156041098842053,0.05614973262032086,True
"빛고을 어린이 연극잔치, 찰리아저씨의 업사이클링 마술여행",서커스/마술,호남,공연일번지,0.0,1,0.0,0.0,,48000.0,0,0.025035573334765217,0.16492083921505085,,5.321630778501612,10.156041098842053,0.05614973262032086,True
"광주시립창극단 교류공연, 천변만화",한국음악(국악),호남,국립민속국악원,0.0,1,0.0,0.0,,0.0,1,0.025035573334765217,0.16492083921505085,,5.321630778501612,10.156041098842053,0.05614973262032086,True
"국립남도국악원 토요상설, 국악이 좋다: 깨비 친구 삽살이",한국음악(국악),호남,국립남도국악원,0.0,1,0.0,0.0,,0.0,5,0.025035573334765217,0.16492083921505085,,5.321630778501612,10.156041098842053,0.05614973262032086,True
"국립남도국악원 토요상설, 국악이 좋다: 백수지왕 (百獸之王)",한국음악(국악),호남,국립남도국악원,0.0,1,0.0,0.0,,0.0,5,0.025035573334765217,0.16492083921505085,,5.321630778501612,10.156041098842053,0.05614973262032086,True
"굿음악축제, 운수대통 만사형통 굿!: 제주 칠머리당 영등굿 (초감제)",한국음악(국악),호남,국립남도국악원,0.0,1,0.0,0.0,,0.0,5,0.025035573334765217,0.16492083921505085,,5.321630778501612,10.156041098842053,0.05614973262032086,True
숲속음악대 덩따쿵 [남원],한국음악(국악),호남,국립민속국악원,0.0,1,0.0,0.0,,0.0,1,0.025035573334765217,0.16492083921505085,,5.321630778501612,10.156041098842053,0.05614973262032086,True
"국립남도국악원 토요상설, 국악이 좋다: 진도씻김굿",한국음악(국악),호남,국립남도국악원,0.0,1,0.0,0.0,,0.0,5,0.025035573334765217,0.16492083921505085,,5.321630778501612,10.156041098842053,0.05614973262032086,True
김성광의 재즈 콘서트 Holygwangs JAZZ concert: The GIFT [광주],대중음악,호남,서빛마루문화예술회관,0.0,1,0.0,0.0,,60000.0,0,0.025035573334765217,0.16492083921505085,,5.321630778501612,10.156041098842053,0.05614973262032086,True
국립민속국악원 무용단 정기공연: 길,무용(서양/한국무용),호남,국립민속국악원,0.0,1,0.0,0.0,,0.0,1,0.025035573334765217,0.16492083921505085,,5.321630778501612,10.156041098842053,0.05614973262032086,True
"굿음악축제, 국립국악원 교류공연: 꽃신 신고 훨훨",한국음악(국악),호남,국립남도국악원,0.0,1,0.0,0.0,,0.0,5,0.025035573334765217,0.16492083921505085,,5.321630778501612,10.156041098842053,0.05614973262032086,True
"달빛 연극 교류전, 원맨쇼 햄릿 [광주]",연극,호남,예린소극장,0.0,1,0.0,0.0,,12000.0,1,0.025035573334765217,0.16492083921505085,,5.321630778501612,10.156041098842053,0.05614973262032086,True
"국립남도국악원 토요상설, 국악이 좋다: 공명콘서트-공명유희",한국음악(국악),호남,국립남도국악원,0.0,1,0.0,0.0,,0.0,5,0.025035573334765217,0.16492083921505085,,5.321630778501612,10.156041098842053,0.05614973262032086,True
"국립남도국악원 토요상설, 국악이 좋다: 광복절 기념 기획공연, 그날",한국음악(국악),호남,국립남도국악원,0.0,1,0.0,0.0,,0.0,5,0.025035573334765217,0.16492083921505085,,5.321630778501612,10.156041098842053,0.05614973262032086,True
"국립남도국악원 토요상설, 국악이 좋다: 내가 반장이 된다면",한국음악(국악),호남,국립남도국악원,0.0,1,0.0,0.0,,0.0,5,0.025035573334765217,0.16492083921505085,,5.321630778501612,10.156041098842053,0.05614973262032086,True
"굿음악축제, 운수대통 만사형통 굿!: 부천성주굿",한국음악(국악),호남,국립남도국악원,0.0,1,0.0,0.0,,0.0,5,0.025035573334765217,0.16492083921505085,,5.321630778501612,10.156041098842053,0.05614973262032086,True
"굿음악축제, 운수대통 만사형통 굿!: 진도다시래기, 진도만가",한국음악(국악),호남,국립남도국악원,0.0,1,0.0,0.0,,0.0,5,0.025035573334765217,0.16492083921505085,,5.321630778501612,10.156041098842053,0.05614973262032086,True
"빛고을 어린이 연극잔치, 망태할아버지가 온다 [광주]",연극,호남,예린소극장,0.0,1,0.0,0.0,,42000.0,1,0.025035573334765217,0.16492083921505085,,5.321630778501612,10.156041098842053,0.05614973262032086,True
"설 공연, 갑진 새해",한국음악(국악),호남,국립민속국악원,0.0,1,0.0,0.0,,0.0,1,0.025035573334765217,0.16492083921505085,,5.321630778501612,10.156041098842053,0.05614973262032086,True
푸치니서거 100주년 Forever Love Puccini,서양음악(클래식),경인,성남아트리움 (구. 성남시민회관),0.2465,1,159.0,159.0,0.0,0.0,10,0.11053239187048622,0.2854860772001551,0.9527017830406969,16.15577194639076,10.155771946390761,0.0676056338028169,True
부산솔로이스츠 앙상블과 함께하는 MoZart 프로젝트,서양음악(클래식),영남,부산문화회관,0.1602,1,227.0,227.0,0.0,0.0,7,0.06550863156764303,0.3236507830244727,0.9527017830406969,12.411085893935333,10.013917719932778,0.10714285714285714,True
제51회 대구소년소녀관현악단 창단30주년기념 정기연주회,서양음악(클래식),영남,대구콘서트하우스,0.1628,1,209.0,209.0,0.0,0.0,7,0.06642145676161838,0.3158906308603146,0.9527017830406969,12.39366451083814,9.996496336835584,0.10615079365079365,True
이상연 & 김세은 피아노 듀오 콘서트,서양음악(클래식),경인,성남아트센터,0.2646,1,100.0,100.0,0.0,0.0,7,0.12022444760651864,0.24540053022817968,0.9527017830406969,15.993586844604199,9.993586844604199,0.06525821596244132,True
김세은 피아노 독주회: 피아노 앤솔러지 Ⅰ,서양음악(클래식),경인,성남아트센터,0.2646,1,100.0,100.0,0.0,0.0,7,0.12022444760651864,0.24540053022817968,0.9527017830406969,15.993586844604199,9.993586844604199,0.06525821596244132,True
울림콘서트: 해설과 함께하는 선인 성악가들의 클래식 연주,서양음악(클래식),경인,성남아트센터,0.2646,1,100.0,100.0,0.0,0.0,7,0.12022444760651864,0.24540053022817968,0.9527017830406969,15.993586844604199,9.993586844604199,0.06525821596244132,True
명곡 해설이있는 골든앙상블 콘서트 [성남],서양음악(클래식),경인,성남아트센터,0.2646,1,100.0,100.0,0.0,0.0,7,0.12022444760651864,0.24540053022817968,0.9527017830406969,15.993586844604199,9.993586844604199,0.06525821596244132,True
제9회 남윤지 제자연주회,서양음악(클래식),경인,안산문화예술의전당,0.2402,1,172.0,172.0,0.0,0.0,6,0.10680054769511639,0.29181943880024874,0.9527017830406969,15.965766561568975,9.965766561568975,0.06291079812206572,True
전국 어린이 동요대회: 리틀스타 [성남],서양음악(클래식),경인,성남아트센터,0.2232,1,246.0,246.0,0.0,0.0,7,0.09769914355518565,0.3326472762632627,0.9527017830406969,15.948801128285114,9.948801128285114,0.061971830985915494,True
20세기 투피아노 현대음악제,서양음악(클래식),경인,성남아트센터,0.2619,1,99.0,99.0,0.0,0.0,7,0.11905656831422665,0.23993075015139875,0.9527017830406969,15.757466079765612,9.757466079765612,0.06103286384976526,True
"부산,영남 대학국악축제, 지음 Ⅲ [부산]",한국음악(국악),영남,국립부산국악원,0.1749,1,120.0,120.0,0.0,0.0,5,0.07246221172174941,0.2618296665655069,0.9527017830406969,12.113635245027123,9.716467071024567,0.10515873015873016,True
"제2회 대구창작뮤지컬페스타, 함께해 Dream 창작 리딩공연",뮤지컬,영남,봉산문화회관,0.225,1,18.0,18.0,0.0,0.0,2,0.09853142534969259,0.16492083921505085,0.9527017830406969,12.107516612906634,9.71034843890408,0.10416666666666667,True
21세기 만무방들,연극,기타,아트팩토리 봄,0.0,9,0.0,0.0,,87000.0,0,0.025035573334765217,0.4781396125086298,,8.14622525938667,9.500515212383483,0.12025316455696203,True
라이징스타,서양음악(클래식),기타,춘천문화예술회관,0.117,2,220.0,110.0,0.0,0.0,3,0.025035573334765217,0.47645071576031345,0.9527017830406969,8.134703319295049,9.488993272291863,0.11392405063291139,True
신윤원 윤혜경 두오 연주회,서양음악(클래식),경인,성남아트센터,0.254,1,96.0,96.0,0.0,0.0,7,0.1151770612398314,0.23834650914863437,0.9527017830406969,15.406468991695563,9.406468991695563,0.06009389671361502,True
단오 Good luck Good rock,한국음악(국악),기타,강릉단오제전수교육관(구. 단오문화관),0.0883,3,120.0,40.0,0.0,0.0,5,0.025035573334765217,0.46308158546061073,0.9527017830406969,8.042619629927714,9.396909582924527,0.10759493670886076,True
제1회 부울경 청소년 교류음악회,서양음악(클래식),영남,부산학생예술문화회관,0.1572,1,157.0,157.0,0.0,0.0,5,0.06456895857384487,0.2848897502147431,0.9527017830406969,11.69189748626698,9.294729312264426,0.10317460317460317,True
"제43회 대구음악제, 피아노 & 실용: Appassionato",서양음악(클래식),영남,대구콘서트하우스,0.1976,1,49.0,49.0,0.0,0.0,7,0.08228850645689585,0.1968138997154828,0.9527017830406969,11.663417307522092,9.266249133519537,0.10218253968253968,True
제31회 경산시립합창단 정기연주회: 헨델의 메시아,서양음악(클래식),영남,천마아트센터,0.1392,1,263.0,263.0,0.0,0.0,7,0.05691733562434558,0.3409609688224257,0.9527017830406969,11.647389628993144,9.25022145499059,0.10119047619047619,True
비욘드 아리랑 [정선],연극,기타,정선문화예술회관,0.0,4,0.0,0.0,,98750.0,2,0.025035573334765217,0.4283712172365608,,7.795834986417287,9.1501249394141,0.10126582278481013,True
제5회 인천브라스밴드 오케스트라 정기연주회 [인천],서양음악(클래식),경인,인천중구문화회관,0.2273,1,145.0,145.0,0.0,0.0,2,0.09959191344269337,0.2776698845064601,0.9527017830406969,15.008799561005578,9.008799561005578,0.059154929577464786,True
"소리온 10주년 기념 환경음악극, 블루 포레스트 인 포항",한국음악(국악),영남,포항문화예술회관,0.1511,1,147.0,147.0,0.0,0.0,4,0.06228689558890649,0.2783971539808402,0.9527017830406969,11.337150921644902,8.939982747642347,0.1001984126984127,True
"제9회 대구 플루트 뮤직페어, 영아티스트콘서트",서양음악(클래식),영남,수성아트피아,0.1475,1,171.0,171.0,0.0,0.0,3,0.06008537600343652,0.29137966166866375,0.9527017830406969,11.299128919348831,8.901960745346276,0.0992063492063492,True
제38회 성남전국무용경연대회,무용(서양/한국무용),경인,성남아트리움 (구. 성남시민회관),0.2186,1,141.0,141.0,0.0,0.0,10,0.09581979756758933,0.2754287220690004,0.9527017830406969,14.617625805310402,8.617625805310402,0.05821596244131456,True
PASS [속초],연극,기타,속초문화예술회관,0.0,2,0.0,0.0,,1212000.0,1,0.025035573334765217,0.3510431904023578,,7.199108949179794,8.553398902176607,0.07278481012658228,True
The Kandle [원주],서양음악(클래식),기타,드림아트홀 [원주],0.0,2,0.0,0.0,,4056000.0,1,0.025035573334765217,0.3510431904023578,,7.199108949179794,8.553398902176607,0.07278481012658228,True
가난한 크리스마스 [춘천],연극,기타,춘천인형극장,0.0,2,0.0,0.0,,1026000.0,5,0.025035573334765217,0.3510431904023578,,7.199108949179794,8.553398902176607,0.07278481012658228,True
소프라노 이효영 독창회: 듣는 순간 파리 도착 [춘천],서양음악(클래식),기타,예나아트홀,0.0,2,0.0,0.0,,185000.0,1,0.025035573334765217,0.3510431904023578,,7.199108949179794,8.553398902176607,0.07278481012658228,True
손 없는 색시 [춘천],연극,기타,춘천인형극장,0.0,2,0.0,0.0,,117000.0,5,0.025035573334765217,0.3510431904023578,,7.199108949179794,8.553398902176607,0.07278481012658228,True
소양 [춘천],연극,기타,축제극장몸짓,0.0,2,0.0,0.0,,209250.0,2,0.025035573334765217,0.3510431904023578,,7.199108949179794,8.553398902176607,0.07278481012658228,True
"그룹 난장 TIME 시리즈, 봄이 오는 길 & 우뚝",연극,기타,축제극장몸짓,0.0,2,0.0,0.0,,138000.0,2,0.025035573334765217,0.3510431904023578,,7.199108949179794,8.553398902176607,0.07278481012658228,True
달의 바다 [춘천],연극,기타,축제극장몸짓,0.0,2,0.0,0.0,,208000.0,2,0.025035573334765217,0.3510431904023578,,7.199108949179794,8.553398902176607,0.07278481012658228,True
"SAC on SCREEN, 보물섬",연극,영남,안동문화예술의전당,0.1449,1,144.0,144.0,0.0,0.0,7,0.05870271431256208,0.2772221210049464,0.9527017830406969,10.92260082789048,8.525432653887925,0.09821428571428571,True
부산시민을 위한 나라사랑 음악회,서양음악(클래식),영남,부산시민회관,0.1308,1,210.0,210.0,0.0,0.0,7,0.0534405455472924,0.31655332967508354,0.9527017830406969,10.886826059777647,8.489657885775092,0.09722222222222222,True
숨쉬는 바닷말 [영덕],뮤지컬,영남,예주문화예술회관,0.1544,1,82.0,82.0,0.0,0.0,4,0.06366955727978092,0.22942530864327593,0.9527017830406969,10.63201615620532,8.234847982202766,0.09623015873015874,True
제12회 안산해양심포니 오케스트라 정기연주회,서양음악(클래식),경인,안산문화예술의전당,0.1863,1,293.0,293.0,0.0,0.0,6,0.07647595779525868,0.3544863457553433,0.9527017830406969,14.123904081677379,8.123904081677379,0.0568075117370892,True
제13회 안산해양심포니 오케스트라 정기연주회,서양음악(클래식),경인,안산문화예술의전당,0.1863,1,293.0,293.0,0.0,0.0,6,0.07647595779525868,0.3544863457553433,0.9527017830406969,14.123904081677379,8.123904081677379,0.0568075117370892,True
"대한민국 청소년 교향악 축제, 마루한 청소년 오케스트라",서양음악(클래식),영남,안동문화예술의전당,0.1368,1,136.0,136.0,0.0,0.0,7,0.0557897280317878,0.2715564199594772,0.9527017830406969,10.506947842708009,8.109779668705453,0.09523809523809523,True
"부산.영남 국악대학축제, 지음知音Ⅱ",한국음악(국악),영남,국립부산국악원,0.1458,1,100.0,100.0,0.0,0.0,5,0.05915912690954976,0.24540053022817968,0.9527017830406969,10.451130056590765,8.053961882588212,0.09424603174603174,True
제14회 부산마루국제음악제 앙상블콘서트 V,서양음악(클래식),영남,을숙도문화회관,0.1395,1,100.0,100.0,0.0,0.0,4,0.05695760732407979,0.24540053022817968,0.9527017830406969,10.216008391801987,7.8188402177994325,0.09325396825396826,True
케이팝 월드 페스티벌 & 뮤직뱅크 [창원],대중음악,영남,창원스포츠파크,0.1199,2,6497.0,3248.5,0.0,0.0,7,0.025035573334765217,0.825442557577045,0.9527017830406969,10.134661958631623,7.737493784629069,0.09226190476190477,True
"제22회 경기인형극제, 타 렌트 쇼 [수원]",연극,경인,경기상상캠퍼스 M3,0.15,4,60.0,15.0,0.0,0.0,3,0.061508309394045155,0.4479418167467301,0.9527017830406969,13.609711433930558,7.609711433930558,0.05539906103286385,True
"수요공감, 황규선무용단",무용(서양/한국무용),영남,국립부산국악원,0.1558,1,43.0,43.0,0.0,0.0,5,0.06404542647730019,0.1935867093750713,0.9527017830406969,9.968804710826614,7.57163653682406,0.09126984126984126,True
"춘천문화예술회관 개관 30주년 기념, 우리 여기에: 둘째날 무대로",서양음악(클래식),기타,춘천문화예술회관,0.0957,1,90.0,90.0,0.0,0.0,3,0.025035573334765217,0.23417529587620511,0.9527017830406969,6.122812440995343,7.477102393992157,0.04430379746835443,True
"연극, 우리를 잇: 다 시즌4 발표공연: 소심한 가족",연극,영남,사천문화예술회관,0.1247,1,102.0,102.0,0.0,0.0,4,0.05140011276075926,0.2513743182460658,0.9527017830406969,9.698549916120031,7.301381742117477,0.09027777777777778,True
"춘천문화예술회관 개관 30주년 기념, 우리 여기에: 셋째날 로비로",서양음악(클래식),기타,춘천문화예술회관,0.0745,1,70.0,70.0,0.0,0.0,3,0.025035573334765217,0.2170594506189413,0.9527017830406969,5.93972043776,7.294010390756814,0.0379746835443038,True
"연극, 우리를 잇: 다 시즌4 발표공연: 또랑, 그대는 봄 [사천]",연극,영남,사천문화예술회관,0.1222,1,100.0,100.0,0.0,0.0,4,0.050608102665986525,0.24540053022817968,0.9527017830406969,9.516609127903264,7.1194409539007095,0.08928571428571429,True
제15회 피아체레앙상블 기획연주회,서양음악(클래식),경인,안산문화예술의전당,0.1927,1,138.0,138.0,0.0,0.0,6,0.08006013907160309,0.27296373736348384,0.9527017830406969,13.07650807803131,7.07650807803131,0.054460093896713614,True
"NPAF, 매직콘서트: 오지훈 매직쇼",서커스/마술,경인,남동소래아트홀,0.192,1,135.0,135.0,0.0,0.0,2,0.07976481327355223,0.2709600929740652,0.9527017830406969,13.009150703861117,7.009150703861117,0.05258215962441314,True
"NPAF, 인천 아마레 오페라단: 블랙코미디 오페라, 버섯 피자",서양음악(클래식),경인,남동소래아트홀,0.192,1,135.0,135.0,0.0,0.0,2,0.07976481327355223,0.2709600929740652,0.9527017830406969,13.009150703861117,7.009150703861117,0.05258215962441314,True
"NPAF, 재즈와 오페라의 짜릿한 만남: JAPERA",서양음악(클래식),경인,남동소래아트홀,0.192,1,135.0,135.0,0.0,0.0,2,0.07976481327355223,0.2709600929740652,0.9527017830406969,13.009150703861117,7.009150703861117,0.05258215962441314,True
단오 Good luck Good rock (11월),한국음악(국악),기타,강릉단오제전수교육관(구. 단오문화관),0.0883,1,40.0,40.0,0.0,0.0,5,0.025035573334765217,0.1907689989416032,0.9527017830406969,5.6407603017733985,6.995050254770212,0.03164556962025317,True
넌 특별하단다 1회 [서귀포],뮤지컬,제주,서귀포예술의전당,0.1334,1,107.0,107.0,0.0,0.0,5,0.054527881440115986,0.2537807645774812,0.9527017830406969,10.086828927627993,6.90326882203664,0.13186813186813187,True
"한국음악 연주회, 법고창신 [안산]",한국음악(국악),경인,보노마루,0.2217,1,45.0,45.0,0.0,0.0,1,0.09693398126023572,0.19465171736707326,0.9527017830406969,12.811173892701646,6.811173892701646,0.05070422535211268,True
"남양주시립합창단 기획연주회, 힐링하러 가요 [평내]",서양음악(클래식),경인,평내도서관,0.2123,1,69.0,69.0,0.0,0.0,5,0.09066502000161086,0.21391931175363543,0.9527017830406969,12.780971136731958,6.780971136731958,0.04976525821596244,True
The Kandle [춘천],서양음악(클래식),기타,봄내극장,0.0,1,0.0,0.0,,4165000.0,1,0.025035573334765217,0.16492083921505085,,5.321630778501612,6.675920731498426,0.015822784810126583,True
"미련, 곰탱이 [원주]",연극,기타,원주중앙청소년문화의집,0.0,1,0.0,0.0,,140000.0,1,0.025035573334765217,0.16492083921505085,,5.321630778501612,6.675920731498426,0.015822784810126583,True
"창작관현악 신림: 신비의 숲, 신림에서 펼쳐지는 환상적인 모험",서양음악(클래식),기타,원주문화원,0.0,1,0.0,0.0,,70000.0,2,0.025035573334765217,0.16492083921505085,,5.321630778501612,6.675920731498426,0.015822784810126583,True
헤비메탈 걸스 [양구],연극,기타,양구문화복지센터,0.0,1,0.0,0.0,,510000.0,1,0.025035573334765217,0.16492083921505085,,5.321630778501612,6.675920731498426,0.015822784810126583,True
"남양주시립합창단 기획연주회, 힐링하러 가요 [오남]",서양음악(클래식),경인,오남도서관,0.2065,1,64.0,64.0,0.0,0.0,5,0.08717480602464628,0.21044301465576254,0.9527017830406969,12.401904981666815,6.401904981666815,0.048826291079812206,True
조선의 뚜야 [울산],뮤지컬,영남,현대예술관,0.10615714,7,162.0,23.14,0.0,0.0,8,0.025035573334765217,0.5390293062546537,0.9527017830406969,8.54632641452933,6.149158240526776,0.0882936507936508,True
엄지공주 [구미],뮤지컬,영남,롯데마트 어린이소극장 [구미],0.0,18,0.0,0.0,,317722.0,7,0.025035573334765217,0.4997826750152851,,8.291765357361271,5.894597183358717,0.08680555555555555,True
"이게, 로맨스?! [부산]",연극,영남,나다소극장,0.0,15,0.0,0.0,,282800.0,2,0.025035573334765217,0.4997826750152851,,8.291765357361271,5.894597183358717,0.08680555555555555,True
조선의 뚜야 [울산],뮤지컬,영남,현대예술관,0.0908,5,99.0,19.8,0.0,0.0,8,0.025035573334765217,0.48559453826611537,0.9527017830406969,8.19679440837406,5.799626234371506,0.08531746031746032,True
라푼젤 [울산 진장],뮤지컬,영남,레미어린이극장 [울산진장],0.0,8,0.0,0.0,,704250.0,10,0.025035573334765217,0.474379363333888,,8.120538693893403,5.723370519890849,0.08432539682539683,True
안동 글로벌 영아티스트 콩쿠르,서양음악(클래식),영남,안동문화예술의전당,0.04256667,3,127.0,42.33,0.0,0.0,7,0.025035573334765217,0.4668776431849756,0.9527017830406969,8.068926436659986,5.671758262657431,0.08333333333333333,True
사운드브릿지,대중음악,제주,BeIN(비인),0.1391,1,21.0,21.0,0.0,0.0,1,0.05680994442505437,0.1713992133122936,0.9527017830406969,8.836049667153288,5.652489561561936,0.12087912087912088,True
김진욱 대금 독주회: 연(演) Ⅳ,한국음악(국악),경인,성남아트센터,0.1852,1,70.0,70.0,0.0,0.0,7,0.07605981689800521,0.2170594506189413,0.9527017830406969,11.569767858363614,5.569767858363614,0.04788732394366197,True
뻔뻔한 이야기 [부산],연극,영남,나다소극장,0.0,5,0.0,0.0,,122000.0,2,0.025035573334765217,0.44445044202625306,,7.911591622280046,5.514423448277491,0.08234126984126984,True
"성북동, 그 곳 [부산]",연극,영남,효로인디아트홀,0.0962,4,40.0,10.0,0.0,0.0,0,0.025035573334765217,0.44030684709493584,0.9527017830406969,7.882004900943204,5.4848367269406495,0.08134920634920635,True
산타와 외계인 [울산],뮤지컬,영남,토마토소극장,0.0,4,0.0,0.0,,163125.0,1,0.025035573334765217,0.4283712172365608,,7.795834986417287,5.398666812414732,0.07837301587301587,True
악당의 색: Red [부산],뮤지컬,영남,부산시민회관,0.0,4,0.0,0.0,,196500.0,7,0.025035573334765217,0.4283712172365608,,7.795834986417287,5.398666812414732,0.07837301587301587,True
"제21회 호러와 함께 대구국제 힐링공연예술제, 진달래",연극,영남,골목실험극장,0.0,4,0.0,0.0,,47250.0,1,0.025035573334765217,0.4283712172365608,,7.795834986417287,5.398666812414732,0.07837301587301587,True
우리는 언제나 ㅇㅇ 였다 [부산],연극,영남,소극장 6번출구,0.0,4,0.0,0.0,,69000.0,0,0.025035573334765217,0.4283712172365608,,7.795834986417287,5.398666812414732,0.07837301587301587,True
난쟁이들 [부산],연극,영남,일터 소극장,0.0,4,0.0,0.0,,350250.0,0,0.025035573334765217,0.4283712172365608,,7.795834986417287,5.398666812414732,0.07837301587301587,True
드로잉 매직쇼 크레용용 [거제],서커스/마술,영남,거제시청소년수련관,0.00083333,3,1.0,0.33,0.0,0.0,2,0.025035573334765217,0.40204947301336835,0.9527017830406969,7.600572811700713,5.203404637698159,0.07142857142857142,True
원맨쇼,연극,영남,공간소극장 [대연역],0.0,3,0.0,0.0,,40000.0,0,0.025035573334765217,0.40204947301336835,,7.600572811700713,5.203404637698159,0.07142857142857142,True
신데렐라 [부산 기장],뮤지컬,영남,기장군청,0.0,3,0.0,0.0,,393333.0,3,0.025035573334765217,0.40204947301336835,,7.600572811700713,5.203404637698159,0.07142857142857142,True
나만 아니면 되지 [부산],연극,영남,일터 소극장,0.0,3,0.0,0.0,,63333.0,0,0.025035573334765217,0.40204947301336835,,7.600572811700713,5.203404637698159,0.07142857142857142,True
타이피스트 [부산],연극,영남,레몬트리소극장,0.0,3,0.0,0.0,,133333.0,1,0.025035573334765217,0.40204947301336835,,7.600572811700713,5.203404637698159,0.07142857142857142,True
피노키오 [창원],뮤지컬,영남,창원과학체험관,0.0,3,0.0,0.0,,1442000.0,3,0.025035573334765217,0.40204947301336835,,7.600572811700713,5.203404637698159,0.07142857142857142,True
신데렐라 [대구 달성],뮤지컬,영남,달성문화원,0.0,3,0.0,0.0,,1440000.0,0,0.025035573334765217,0.40204947301336835,,7.600572811700713,5.203404637698159,0.07142857142857142,True
프린세스 [포항],뮤지컬,영남,포항문화예술회관,0.0,3,0.0,0.0,,596667.0,4,0.025035573334765217,0.40204947301336835,,7.600572811700713,5.203404637698159,0.07142857142857142,True
시절: 누구나 한번쯤 마주했던 [부산],연극,영남,나다소극장,0.0,3,0.0,0.0,,179333.0,2,0.025035573334765217,0.40204947301336835,,7.600572811700713,5.203404637698159,0.07142857142857142,True
브레이크 아웃 [울산],뮤지컬,영남,울산중구문화의전당,0.0601,2,60.0,30.0,0.0,0.0,4,0.025035573334765217,0.380692453966008,0.9527017830406969,7.436425514551577,5.039257340549023,0.06646825396825397,True
가난 포르노 [청주],연극,충청,예술나눔 터,0.0,17,0.0,0.0,,68294.0,3,0.025035573334765217,0.4997826750152851,,8.291765357361271,4.93559372076917,0.09490740740740741,True
구둣방 할아버지와 요정들 [대전],뮤지컬,충청,조이마루아트홀 (복합문화공간 플랜에이),0.0,22,0.0,0.0,,702705.0,5,0.025035573334765217,0.4997826750152851,,8.291765357361271,4.93559372076917,0.09490740740740741,True
"잘 가 그래이, 내는 이제 껍데기다 [청주]",연극,충청,정심아트홀,0.0,16,0.0,0.0,,109125.0,0,0.025035573334765217,0.4997826750152851,,8.291765357361271,4.93559372076917,0.09490740740740741,True
내 모든 걸 [청주],연극,충청,정심아트홀,0.0,26,0.0,0.0,,140615.0,0,0.025035573334765217,0.4997826750152851,,8.291765357361271,4.93559372076917,0.09490740740740741,True
겨울왕국 [제주],뮤지컬,제주,한라아트홀,0.0,6,0.0,0.0,,1658333.0,1,0.025035573334765217,0.4603499734925506,,8.023609315466901,4.8400492098755485,0.10989010989010989,True
물의 [부산],연극,영남,나다소극장,0.0,2,0.0,0.0,,42000.0,2,0.025035573334765217,0.3510431904023578,,7.199108949179794,4.80194077517724,0.061507936507936505,True
마중 [부산],연극,영남,공간소극장 [대연역],0.0,2,0.0,0.0,,73500.0,0,0.025035573334765217,0.3510431904023578,,7.199108949179794,4.80194077517724,0.061507936507936505,True
루루섬의 비밀,연극,영남,울산중구문화의전당,0.0,2,0.0,0.0,,1776000.0,4,0.025035573334765217,0.3510431904023578,,7.199108949179794,4.80194077517724,0.061507936507936505,True
The Kandle [상주],서양음악(클래식),영남,카페인가든,0.0,2,0.0,0.0,,1235500.0,0,0.025035573334765217,0.3510431904023578,,7.199108949179794,4.80194077517724,0.061507936507936505,True
The Kandle [양산],서양음악(클래식),영남,아르디ys아트홀,0.0,2,0.0,0.0,,793500.0,0,0.025035573334765217,0.3510431904023578,,7.199108949179794,4.80194077517724,0.061507936507936505,True
UNTIL DEATH [부산],뮤지컬,영남,영산대학교 [해운대],0.0,2,0.0,0.0,,294000.0,3,0.025035573334765217,0.3510431904023578,,7.199108949179794,4.80194077517724,0.061507936507936505,True
"극단열전, 한여름밤의 꿈",연극,영남,수성아트피아,0.0,2,0.0,0.0,,295000.0,3,0.025035573334765217,0.3510431904023578,,7.199108949179794,4.80194077517724,0.061507936507936505,True
"제3회 더파란 연극제, 무원마을 이야기",연극,영남,우전소극장,0.0,2,0.0,0.0,,275000.0,0,0.025035573334765217,0.3510431904023578,,7.199108949179794,4.80194077517724,0.061507936507936505,True
제4회 EATI in Busan,연극,영남,어댑터씨어터 2관,0.0,2,0.0,0.0,,45000.0,0,0.025035573334765217,0.3510431904023578,,7.199108949179794,4.80194077517724,0.061507936507936505,True
겨울왕국 [천안],뮤지컬,충청,JB소극장,0.0,6,0.0,0.0,,756667.0,0,0.025035573334765217,0.4603499734925506,,8.023609315466901,4.6674376788747995,0.08333333333333333,True
뻥이요 [청주],연극,충청,예술나눔 터,0.0,5,0.0,0.0,,63600.0,3,0.025035573334765217,0.44445044202625306,,7.911591622280046,4.555419985687944,0.0787037037037037,True
"남양주시립합창단, 클래식 세계여행: 남미의 음악산책 (11.23)",서양음악(클래식),경인,화도수동행정복지센터,0.1637,1,56.0,56.0,0.0,0.0,4,0.06679732595913765,0.204239541973619,0.9527017830406969,10.44507054208967,4.44507054208967,0.046948356807511735,True
버라이어티 벌룬매직쇼 [청주],서커스/마술,충청,청주아트홀 (구. 청주시민회관),0.0,4,0.0,0.0,,0.0,1,0.025035573334765217,0.4283712172365608,,7.795834986417287,4.439663349825185,0.07175925925925926,True
총만짜장 [대전],뮤지컬,충청,이음아트홀 [대전],0.0,4,0.0,0.0,,152000.0,2,0.025035573334765217,0.4283712172365608,,7.795834986417287,4.439663349825185,0.07175925925925926,True
순이삼촌 [부산],서양음악(클래식),영남,부산문화회관,0.1157,1,164.0,164.0,0.0,0.0,7,0.025035573334765217,0.28848468737123667,0.9527017830406969,6.655545109433116,4.258376935430562,0.05654761904761905,True
마방진 [청주],한국음악(국악),충청,한국공예관 문화제조창,0.0,3,0.0,0.0,,112000.0,2,0.025035573334765217,0.40204947301336835,,7.600572811700713,4.244401175108612,0.0625,True
프린세스 [대전],뮤지컬,충청,대전평송청소년문화센터,0.0,3,0.0,0.0,,1555000.0,3,0.025035573334765217,0.40204947301336835,,7.600572811700713,4.244401175108612,0.0625,True
좋은색소폰 정기연주회,서양음악(클래식),경인,안산문화예술의전당,0.1397,1,100.0,100.0,0.0,0.0,6,0.0570247268236368,0.24540053022817968,0.9527017830406969,10.22322988742955,4.22322988742955,0.046009389671361506,True
제40회 MCO 정기연주회,서양음악(클래식),영남,대구콘서트하우스,0.116,1,149.0,149.0,0.0,0.0,7,0.025035573334765217,0.2793096902486341,0.9527017830406969,6.570053805007372,4.172885631004817,0.05555555555555555,True
"대학생 작품제작 참여 지원사업, PPP (PUSAN PIRI PROJECT) : 도약",한국음악(국악),영남,부산문화회관,0.0917,1,130.0,130.0,0.0,0.0,7,0.025035573334765217,0.26831385163473553,0.9527017830406969,6.465345862802829,4.068177688800275,0.054563492063492064,True
불투명 인간 [제주],연극,제주,김정문화회관,0.0,2,0.0,0.0,,270000.0,7,0.025035573334765217,0.3510431904023578,,7.199108949179794,4.015548843588441,0.09340659340659341,True
그 날의 우리는 [제주],연극,제주,한라아트홀,0.0,2,0.0,0.0,,24000.0,1,0.025035573334765217,0.3510431904023578,,7.199108949179794,4.015548843588441,0.09340659340659341,True
"대한민국 청소년 교향악 축제, 대구 국제 청소년오케스트라",서양음악(클래식),영남,안동문화예술의전당,0.1197,1,119.0,119.0,0.0,0.0,7,0.025035573334765217,0.260304405777698,0.9527017830406969,6.387444394727826,3.9902762207252715,0.05357142857142857,True
"뮤지컬 콘서트, 충의를 남기Go  [대구]",뮤지컬,영남,아양아트센터,0.0999,1,111.0,111.0,0.0,0.0,6,0.025035573334765217,0.2557353692777639,0.9527017830406969,6.342359331581118,3.945191157578564,0.05257936507936508,True
월드케이팝페스티벌 [보령],대중음악,충청,대천해수욕장 보령머드테마파크,0.0,2,0.0,0.0,,0.0,0,0.025035573334765217,0.3510431904023578,,7.199108949179794,3.8429373125876927,0.05092592592592592,True
무심타동 [청주],한국음악(국악),충청,충북대학교 개신문화관,0.0,2,0.0,0.0,,15000.0,5,0.025035573334765217,0.3510431904023578,,7.199108949179794,3.8429373125876927,0.05092592592592592,True
新뺑파전 [천안],연극,충청,천안시성환문화회관,0.0,2,0.0,0.0,,605500.0,2,0.025035573334765217,0.3510431904023578,,7.199108949179794,3.8429373125876927,0.05092592592592592,True
"SAC on SCREEN, 마술피리",서양음악(클래식),영남,안동문화예술의전당,0.0956,1,95.0,95.0,0.0,0.0,7,0.025035573334765217,0.2375593418997894,0.9527017830406969,6.158052261756774,3.76088408775422,0.051587301587301584,True
"대한민국 청소년 교향악 축제, 의왕시 꿈누리 청소년 오케스트라",서양음악(클래식),영남,안동문화예술의전당,0.0875,1,87.0,87.0,0.0,0.0,7,0.025035573334765217,0.2324031712700628,0.9527017830406969,6.104236408730957,3.7070682347284025,0.050595238095238096,True
"SAC on SCREEN, 베를린 필하모닉 카메라타",서양음악(클래식),영남,안동문화예술의전당,0.0775,1,77.0,77.0,0.0,0.0,7,0.025035573334765217,0.22329619416041802,0.9527017830406969,6.007406959685813,3.6102387856832587,0.0496031746031746,True
이승대의 춤: 공간자르기 [대구],무용(서양/한국무용),영남,아양아트센터,0.0621,1,69.0,69.0,0.0,0.0,6,0.025035573334765217,0.21391931175363543,0.9527017830406969,5.9051987885702,3.5080306145676454,0.04861111111111111,True
"YOUNG ARTIST CONCERT, 구미 영 솔리스트 콘서트",서양음악(클래식),영남,강동문화복지회관,0.1004,1,67.0,67.0,0.0,0.0,6,0.025035573334765217,0.21224611618672837,0.9527017830406969,5.886679966419591,3.4895117924170362,0.047619047619047616,True
"SAC on SCREEN, 발레 심청",무용(서양/한국무용),영남,안동문화예술의전당,0.0654,1,65.0,65.0,0.0,0.0,7,0.025035573334765217,0.2109844735765833,0.9527017830406969,5.872658183164749,3.4754900091621943,0.04662698412698413,True
"음악으로 느끼는 문화다양성, 세계민속음악",서양음악(클래식),영남,국립부산국악원,0.0918,1,63.0,63.0,0.0,0.0,5,0.025035573334765217,0.21002843706892735,0.9527017830406969,5.86199933930445,3.464831165301896,0.04563492063492063,True
"울진연호문화센터 갈라콘서트, THE SPECIAL",뮤지컬,영남,예주문화예술회관,0.1111,1,59.0,59.0,0.0,0.0,4,0.025035573334765217,0.20587204104604623,0.9527017830406969,5.815318062868144,3.4181498888655897,0.044642857142857144,True
"대한민국 청소년 교향악 축제, 합천 청소년 오케스트라",서양음악(클래식),영남,안동문화예술의전당,0.0584,1,58.0,58.0,0.0,0.0,7,0.025035573334765217,0.2053278973452432,0.9527017830406969,5.809164956584774,3.4119967825822197,0.04365079365079365,True
"예술의전당 영상화사업(SAC ON SCREEN), 돌아온다",연극,영남,군위 삼국유사교육문화회관,0.1099,1,52.0,52.0,0.0,0.0,6,0.025035573334765217,0.20254860644638176,0.9527017830406969,5.777583472649804,3.3804152986472493,0.04265873015873016,True
"제94회 을숙도 명품콘서트, 부산지휘자합창단 모차르트 레퀴엠",서양음악(클래식),영남,을숙도문화회관,0.0697,1,50.0,50.0,0.0,0.0,4,0.025035573334765217,0.1994745845049966,0.9527017830406969,5.742348586246545,3.345180412243991,0.041666666666666664,True
"배시시 명품극장, 여자만세",연극,영남,부산시민회관,0.1117,1,43.0,43.0,0.0,0.0,7,0.025035573334765217,0.1935867093750713,0.9527017830406969,5.673940013392579,3.2767718393900243,0.040674603174603176,True
"SAC on SCREEN, 종묘제례악",한국음악(국악),영남,안동문화예술의전당,0.0412,1,41.0,41.0,0.0,0.0,7,0.025035573334765217,0.1927479195763993,0.9527017830406969,5.66409337932295,3.266925205320396,0.03968253968253968,True
춤 관객과 함께하다 [부산],한국음악(국악),영남,부산민주공원 공연장,0.0716,1,30.0,30.0,0.0,0.0,3,0.025035573334765217,0.18420379461130665,0.9527017830406969,5.562294176092028,3.1651260020894734,0.03869047619047619,True
"제22회 경기인형극제, 모먼츠 [수원]",연극,경인,경기상상캠퍼스 M3,0.15,1,15.0,15.0,0.0,0.0,3,0.061508309394045155,0.16492083921505085,0.9527017830406969,9.125790375897191,3.125790375897191,0.04507042253521127,True
"SAC ON SCREEN, 증발",무용(서양/한국무용),영남,안동문화예술의전당,0.0241,1,24.0,24.0,0.0,0.0,7,0.025035573334765217,0.17222612554683597,0.9527017830406969,5.414696732625507,3.0175285586229528,0.037698412698412696,True
"제36회 예술공감, 계절을 노래하다: 사계시리즈",서양음악(클래식),영남,을숙도문화회관,0.0952,1,20.0,20.0,0.0,0.0,4,0.025035573334765217,0.1707387574366526,0.9527017830406969,5.395943225662788,2.9987750516602336,0.03670634920634921,True
임신숙 교수 정년 퇴임 기념 음악회,서양음악(클래식),영남,대구콘서트하우스,0.004,1,1.0,1.0,0.0,0.0,7,0.025035573334765217,0.16492083921505085,0.9527017830406969,5.321630778501612,2.924462604499058,0.018353174603174604,True
최다은 바이올린 리사이틀 [김해],서양음악(클래식),영남,김해서부문화센터,0.0014,1,1.0,1.0,0.0,0.0,5,0.025035573334765217,0.16492083921505085,0.9527017830406969,5.321630778501612,2.924462604499058,0.018353174603174604,True
발이 되기 [부산],연극,영남,부산민주공원 공연장,0.0862,1,10.0,10.0,0.0,0.0,3,0.025035573334765217,0.16492083921505085,0.9527017830406969,5.321630778501612,2.924462604499058,0.018353174603174604,True
잔디마당 작은음악회,서양음악(클래식),영남,울주문화예술회관,0.0078,1,3.0,3.0,0.0,0.0,5,0.025035573334765217,0.16492083921505085,0.9527017830406969,5.321630778501612,2.924462604499058,0.018353174603174604,True
붉은광대: 희노애락 [영덕],한국음악(국악),영남,영덕 무형문화재 전수교육관,0.0649,1,10.0,10.0,0.0,0.0,0,0.025035573334765217,0.16492083921505085,0.9527017830406969,5.321630778501612,2.924462604499058,0.018353174603174604,True
제52회 대구소년소녀관현악단 정기연주회,서양음악(클래식),영남,대구문화예술회관,0.001,1,1.0,1.0,0.0,0.0,2,0.025035573334765217,0.16492083921505085,0.9527017830406969,5.321630778501612,2.924462604499058,0.018353174603174604,True
박규희 & 박주원 기타콘서트,서양음악(클래식),영남,울산중구문화의전당,0.0,1,0.0,0.0,,6824000.0,4,0.025035573334765217,0.16492083921505085,,5.321630778501612,2.924462604499058,0.018353174603174604,True
"아리갓단 고음악 산책 I, 18세기 유럽의 바이올리니스트",서양음악(클래식),영남,공간울림연주홀,0.0,1,0.0,0.0,,0.0,0,0.025035573334765217,0.16492083921505085,,5.321630778501612,2.924462604499058,0.018353174603174604,True
"제31회 뮤지콘 작곡발표회, 낯선 길 [부산]",서양음악(클래식),영남,부산예술회관,0.0,1,0.0,0.0,,20000.0,4,0.025035573334765217,0.16492083921505085,,5.321630778501612,2.924462604499058,0.018353174603174604,True
"양손프로젝트, 단편소설극장",연극,영남,울산중구문화의전당,0.0,1,0.0,0.0,,4500000.0,4,0.025035573334765217,0.16492083921505085,,5.321630778501612,2.924462604499058,0.018353174603174604,True
"대구시립무용단 기획공연, SPIN OFF 스핀오프",무용(서양/한국무용),영남,대구문화예술회관,0.0,1,0.0,0.0,,316000.0,2,0.025035573334765217,0.16492083921505085,,5.321630778501612,2.924462604499058,0.018353174603174604,True
"제25회 피아니스트 정혜경 반주연주회, 한국예술 가곡의 시간",서양음악(클래식),영남,수성아트피아,0.0,1,0.0,0.0,,0.0,3,0.025035573334765217,0.16492083921505085,,5.321630778501612,2.924462604499058,0.018353174603174604,True
첼리스트의 서재 음악회 (1.28),서양음악(클래식),영남,첼리스트의 서재,0.0,1,0.0,0.0,,160000.0,0,0.025035573334765217,0.16492083921505085,,5.321630778501612,2.924462604499058,0.018353174603174604,True
"샤콘느 콘서트, 모차르트 피가로의 결혼",서양음악(클래식),영남,청년창조발전소 고고씽 JOB,0.0,1,0.0,0.0,,0.0,1,0.025035573334765217,0.16492083921505085,,5.321630778501612,2.924462604499058,0.018353174603174604,True
"수성아트피아 솔로이스츠: 음악, 이야기에 담다 [대구]",서양음악(클래식),영남,수성아트피아,0.0,1,0.0,0.0,,50000.0,3,0.025035573334765217,0.16492083921505085,,5.321630778501612,2.924462604499058,0.018353174603174604,True
"제18회 부산국제매직페스티벌, 매직서커스",서커스/마술,영남,꿈나래어린이극장,0.0,1,0.0,0.0,,0.0,3,0.025035573334765217,0.16492083921505085,,5.321630778501612,2.924462604499058,0.018353174603174604,True
"2ND 창시뮤 쇼콰이어, One Day More [진해]",뮤지컬,영남,진해문화센터(진해구민회관),0.0,1,0.0,0.0,,2560000.0,5,0.025035573334765217,0.16492083921505085,,5.321630778501612,2.924462604499058,0.018353174603174604,True
"Cello Festa, 첼로와 함께하는 시네마콘서트 [대구]",서양음악(클래식),영남,대구콘서트하우스,0.0,1,0.0,0.0,,60000.0,7,0.025035573334765217,0.16492083921505085,,5.321630778501612,2.924462604499058,0.018353174603174604,True
경지 콘서트: 보물섬을 찾아 떠나보세 [합천],한국음악(국악),영남,합천군문화예술회관,0.0,1,0.0,0.0,,35000.0,1,0.025035573334765217,0.16492083921505085,,5.321630778501612,2.924462604499058,0.018353174603174604,True
루체심포니오케스트라와 함께하는 팝스 뮤지컬 콘서트 [문경],서양음악(클래식),영남,문경문화예술회관,0.0,1,0.0,0.0,,0.0,3,0.025035573334765217,0.16492083921505085,,5.321630778501612,2.924462604499058,0.018353174603174604,True
"원먼스 페스티벌: 우리동네 문화살롱 페스타 4th, 제3회 Lieto 정기연주회",서양음악(클래식),영남,가람아트홀,0.0,1,0.0,0.0,,190000.0,1,0.025035573334765217,0.16492083921505085,,5.321630778501612,2.924462604499058,0.018353174603174604,True
"대구 소극장 페스티벌, 거인의 정원",연극,영남,소극장 소금창고,0.0,1,0.0,0.0,,60000.0,2,0.025035573334765217,0.16492083921505085,,5.321630778501612,2.924462604499058,0.018353174603174604,True
제15회 디 첼리스텐 앙상블 정기연주회,서양음악(클래식),영남,동래문화회관,0.0,1,0.0,0.0,,40000.0,5,0.025035573334765217,0.16492083921505085,,5.321630778501612,2.924462604499058,0.018353174603174604,True
제3회 아티스떼 앙상블 정기연주회,서양음악(클래식),영남,부산문화회관,0.0,1,0.0,0.0,,580000.0,7,0.025035573334765217,0.16492083921505085,,5.321630778501612,2.924462604499058,0.018353174603174604,True
"제4회 우다연 색소폰 독주회, 이상하고 아름다운 판타지",서양음악(클래식),영남,금정문화회관,0.0,1,0.0,0.0,,260000.0,5,0.025035573334765217,0.16492083921505085,,5.321630778501612,2.924462604499058,0.018353174603174604,True
누나의 길 [부산],연극,영남,부산민주공원 공연장,0.0,1,0.0,0.0,,80000.0,3,0.025035573334765217,0.16492083921505085,,5.321630778501612,2.924462604499058,0.018353174603174604,True
이환석 클라리넷 독주회 [부산],서양음악(클래식),영남,부산문화회관,0.0,1,0.0,0.0,,60000.0,7,0.025035573334765217,0.16492083921505085,,5.321630778501612,2.924462604499058,0.018353174603174604,True
심방무곡 [부산],무용(서양/한국무용),영남,금정문화회관,0.0,1,0.0,0.0,,80000.0,5,0.025035573334765217,0.16492083921505085,,5.321630778501612,2.924462604499058,0.018353174603174604,True
해피 크리스마스 콘서트 [창원],서양음악(클래식),영남,KBS홀 [창원],0.0,1,0.0,0.0,,20014500.0,1,0.025035573334765217,0.16492083921505085,,5.321630778501612,2.924462604499058,0.018353174603174604,True
제4회 김해시민오케스트라 정기연주회: WHITE WALTZ,서양음악(클래식),영남,김해문화의전당,0.0,1,0.0,0.0,,1359000.0,8,0.025035573334765217,0.16492083921505085,,5.321630778501612,2.924462604499058,0.018353174603174604,True
팥죽할머니와 호랑이 [대구],한국음악(국악),영남,소극장 소금창고,0.0,1,0.0,0.0,,51000.0,2,0.025035573334765217,0.16492083921505085,,5.321630778501612,2.924462604499058,0.018353174603174604,True
피아노트 창단연주회: 피아니스트와 떠나는 프랑스 여행 [대구],서양음악(클래식),영남,덕호아트홀,0.0,1,0.0,0.0,,240000.0,1,0.025035573334765217,0.16492083921505085,,5.321630778501612,2.924462604499058,0.018353174603174604,True
스크루지 할아버지 땡큐!,뮤지컬,영남,울산문화예술회관,0.0,1,0.0,0.0,,345000.0,5,0.025035573334765217,0.16492083921505085,,5.321630778501612,2.924462604499058,0.018353174603174604,True
비올라 다감바 사중주단 리라타 LYRATA 초청 공연 [대구],서양음악(클래식),영남,대구범어대성당,0.0,1,0.0,0.0,,40000.0,5,0.025035573334765217,0.16492083921505085,,5.321630778501612,2.924462604499058,0.018353174603174604,True
우해이어보,뮤지컬,영남,김해 장유문화센터,0.0,1,0.0,0.0,,1402000.0,1,0.025035573334765217,0.16492083921505085,,5.321630778501612,2.924462604499058,0.018353174603174604,True
제7회 아트랑오케스트라 정기연주회 [창원],서양음악(클래식),영남,창원대학교,0.0,1,0.0,0.0,,330000.0,8,0.025035573334765217,0.16492083921505085,,5.321630778501612,2.924462604499058,0.018353174603174604,True
K-WAVE CONCERT: 인기가요,대중음악,경인,인스파이어,0.1119,1,1679.0,1679.0,0.0,0.0,0,0.025035573334765217,0.5836628875269848,0.9527017830406969,8.822656213064892,2.8226562130648922,0.044131455399061034,True
평화누리 피크닉 페스티벌: 스페셜존,대중음악,경인,파주 임진각 평화누리,0.035,1,1050.0,1050.0,0.0,0.0,5,0.025035573334765217,0.5426007610563627,0.9527017830406969,8.568931761568889,2.568931761568889,0.0431924882629108,True
원더매직의 오리지널 과학마술콘서트 시즌1 [인천],서커스/마술,경인,인천어린이과학관,0.0,14,0.0,0.0,,945000.0,5,0.025035573334765217,0.4997826750152851,,8.291765357361271,2.291765357361271,0.04131455399061033,True
산타와 크리스마스 선물 [부천],뮤지컬,경인,뉴코아소극장 [부천],0.0,18,0.0,0.0,,1469278.0,6,0.025035573334765217,0.4997826750152851,,8.291765357361271,2.291765357361271,0.04131455399061033,True
크리스마스의 기적 [인천],서커스/마술,경인,아띠홀,0.0,14,0.0,0.0,,712421.0,2,0.025035573334765217,0.4997826750152851,,8.291765357361271,2.291765357361271,0.04131455399061033,True
"연무, 무용으로 맺어진 인연",무용(서양/한국무용),제주,제주학생문화원,0.0236,1,20.0,20.0,0.0,0.0,0,0.025035573334765217,0.1707387574366526,0.9527017830406969,5.395943225662788,2.212383120071435,0.07692307692307693,True
알라딘과 자스민공주 [광명],뮤지컬,경인,소나무예술극장,0.0,12,0.0,0.0,,527917.0,1,0.025035573334765217,0.48486812917352173,,8.191887516091606,2.1918875160916063,0.03943661971830986,True
"제4회 대한민국 연극축제, 불멸의 여자 [제주]",연극,제주,제주문예회관,0.0,1,0.0,0.0,,0.0,3,0.025035573334765217,0.16492083921505085,,5.321630778501612,2.1380706729102594,0.038461538461538464,True
부끄러움을 환산한다면 [제주],연극,제주,제주문예회관,0.0,1,0.0,0.0,,755000.0,3,0.025035573334765217,0.16492083921505085,,5.321630778501612,2.1380706729102594,0.038461538461538464,True
"제75회 끌로드 살롱콘서트, 첼리스트 박소현살롱콘서트: 순애보 첼로, 노래하다 Ⅲ",서양음악(클래식),제주,끌로드아트홀,0.0,1,0.0,0.0,,340000.0,7,0.025035573334765217,0.16492083921505085,,5.321630778501612,2.1380706729102594,0.038461538461538464,True
"제73회 끌로드 살롱콘서트, 김규연 피아노 리사이틀",서양음악(클래식),제주,끌로드아트홀,0.0,1,0.0,0.0,,180000.0,7,0.025035573334765217,0.16492083921505085,,5.321630778501612,2.1380706729102594,0.038461538461538464,True
크리스마스 캐롤 [제주],뮤지컬,제주,제주문예회관,0.0,1,0.0,0.0,,59000.0,3,0.025035573334765217,0.16492083921505085,,5.321630778501612,2.1380706729102594,0.038461538461538464,True
현악으로 그리는 지브리월드 [제주],서양음악(클래식),제주,끌로드아트홀,0.0,1,0.0,0.0,,450000.0,7,0.025035573334765217,0.16492083921505085,,5.321630778501612,2.1380706729102594,0.038461538461538464,True
안나와 엘사의 크리스마스 파티 [의정부],뮤지컬,경인,우리소극장 [의정부],0.0,8,0.0,0.0,,671775.0,5,0.025035573334765217,0.474379363333888,,8.120538693893403,2.120538693893403,0.038497652582159626,True
치유와 평화를 위한 평화음악회 [청주],서양음악(클래식),충청,청주예술의전당,0.0147,1,22.0,22.0,0.0,0.0,6,0.025035573334765217,0.1716301043907697,0.9527017830406969,5.407193502620141,2.05102186602804,0.041666666666666664,True
어린 시절,연극,충청,김수현드라마아트홀,0.0087,1,1.0,1.0,0.0,0.0,0,0.025035573334765217,0.16492083921505085,0.9527017830406969,5.321630778501612,1.9654591419095109,0.020833333333333332,True
빠스꽐레 스타파노 그리고 지안니 이오리오 [대전],서양음악(클래식),충청,아트브릿지,0.1,1,15.0,15.0,0.0,0.0,2,0.025035573334765217,0.16492083921505085,0.9527017830406969,5.321630778501612,1.9654591419095109,0.020833333333333332,True
누리가 들려주는 숲의 비밀 [청주],서커스/마술,충청,한국공예관 문화제조창,0.0,1,0.0,0.0,,0.0,2,0.025035573334765217,0.16492083921505085,,5.321630778501612,1.9654591419095109,0.020833333333333332,True
The Kandle [아산],서양음악(클래식),충청,신정호그래비티,0.0,1,0.0,0.0,,3545000.0,0,0.025035573334765217,0.16492083921505085,,5.321630778501612,1.9654591419095109,0.020833333333333332,True
단정화 [대전],뮤지컬,충청,대전평송청소년문화센터,0.0,1,0.0,0.0,,20000.0,3,0.025035573334765217,0.16492083921505085,,5.321630778501612,1.9654591419095109,0.020833333333333332,True
트리플 세레나데 [천안],서양음악(클래식),충청,신불당아트센터,0.0,1,0.0,0.0,,430000.0,1,0.025035573334765217,0.16492083921505085,,5.321630778501612,1.9654591419095109,0.020833333333333332,True
그림과 향의 소나타 [천안],서양음악(클래식),충청,신불당아트센터,0.0,1,0.0,0.0,,340000.0,1,0.025035573334765217,0.16492083921505085,,5.321630778501612,1.9654591419095109,0.020833333333333332,True
해결자들 [대전],연극,충청,소극장 고도,0.0,1,0.0,0.0,,90000.0,2,0.025035573334765217,0.16492083921505085,,5.321630778501612,1.9654591419095109,0.020833333333333332,True
겨울애 울림 콘서트 [용인],서양음악(클래식),경인,아틱아트홀,0.0,5,0.0,0.0,,126000.0,0,0.025035573334765217,0.44445044202625306,,7.911591622280046,1.9115916222800458,0.03708920187793427,True
산타의 웃음 선물 [의정부],연극,경인,우리소극장 [의정부],0.0,5,0.0,0.0,,128140.0,5,0.025035573334765217,0.44445044202625306,,7.911591622280046,1.9115916222800458,0.03708920187793427,True
돈독한 가족 [하남],연극,경인,한홀 소극장,0.0,4,0.0,0.0,,547500.0,0,0.025035573334765217,0.4283712172365608,,7.795834986417287,1.7958349864172867,0.03474178403755868,True
김민정을 읽어드립니다 [인천],뮤지컬,경인,인천아트플랫폼,0.0,4,0.0,0.0,,178500.0,6,0.025035573334765217,0.4283712172365608,,7.795834986417287,1.7958349864172867,0.03474178403755868,True
원서연 첫 번째 가야금 독주회,한국음악(국악),경인,아틱아트홀,0.0,4,0.0,0.0,,63750.0,0,0.025035573334765217,0.4283712172365608,,7.795834986417287,1.7958349864172867,0.03474178403755868,True
마트로시카 [고양],연극,경인,13블럭 소극장,0.0833,2,10.0,5.0,0.0,0.0,1,0.025035573334765217,0.3510431904023578,0.9527017830406969,7.199108949179794,1.1991089491797942,0.02910798122065728,True
"서구 생활문화 축제, 어른 없는 세상 [인천]",연극,경인,인천서구문화회관,0.05,2,20.0,10.0,0.0,0.0,4,0.025035573334765217,0.3510431904023578,0.9527017830406969,7.199108949179794,1.1991089491797942,0.02910798122065728,True
The Kandle [오산],서양음악(클래식),경인,MEG아트홀,0.0,2,0.0,0.0,,766500.0,3,0.025035573334765217,0.3510431904023578,,7.199108949179794,1.1991089491797942,0.02910798122065728,True
The Kandle [일산],서양음악(클래식),경인,라메드홀,0.0,2,0.0,0.0,,1114000.0,0,0.025035573334765217,0.3510431904023578,,7.199108949179794,1.1991089491797942,0.02910798122065728,True
The Kandle [하남],서양음악(클래식),경인,한홀 소극장,0.0,2,0.0,0.0,,827500.0,0,0.025035573334765217,0.3510431904023578,,7.199108949179794,1.1991089491797942,0.02910798122065728,True
틈 [김포],연극,경인,뉴컬쳐커피 [김포],0.0,2,0.0,0.0,,500000.0,0,0.025035573334765217,0.3510431904023578,,7.199108949179794,1.1991089491797942,0.02910798122065728,True
포ㅋ [성남],연극,경인,바른아트센터,0.0,2,0.0,0.0,,80000.0,0,0.025035573334765217,0.3510431904023578,,7.199108949179794,1.1991089491797942,0.02910798122065728,True
구룡제: 용의 아홉자식을 위한 제 [인천],한국음악(국악),경인,인천아트플랫폼,0.0,2,0.0,0.0,,247000.0,6,0.025035573334765217,0.3510431904023578,,7.199108949179794,1.1991089491797942,0.02910798122065728,True
버라이어티 매직쇼 [의정부],서커스/마술,경인,우리소극장 [의정부],0.0,2,0.0,0.0,,290550.0,5,0.025035573334765217,0.3510431904023578,,7.199108949179794,1.1991089491797942,0.02910798122065728,True
제13회 안산성가합창제,서양음악(클래식),경인,안산문화예술의전당,0.0858,1,135.0,135.0,0.0,0.0,6,0.025035573334765217,0.2709600929740652,0.9527017830406969,6.4907765428552295,0.49077654285522954,0.024413145539906103,True
"예술로 숨쉬다, For-rest: 숲속의 Fantasy 에버쇼 [화성]",서커스/마술,경인,반석아트홀 (동탄복합문화센터),0.1004,1,55.0,55.0,0.0,0.0,5,0.025035573334765217,0.2037097907276185,0.9527017830406969,5.790809603625161,-0.20919039637483916,0.023474178403755867,True
YOUNG AT HEART [경기],한국음악(국악),경인,부천시민회관,0.0288,1,30.0,30.0,0.0,0.0,4,0.025035573334765217,0.18420379461130665,0.9527017830406969,5.562294176092028,-0.4377058239079723,0.0215962441314554,True
소리꾼 김리한X창티크 한판 놀아봅세 [경기],한국음악(국악),경인,하남문화예술회관,0.0845,1,30.0,30.0,0.0,0.0,4,0.025035573334765217,0.18420379461130665,0.9527017830406969,5.562294176092028,-0.4377058239079723,0.0215962441314554,True
세계로 울리는 아리랑: Arirang To The World,한국음악(국악),경인,국립과천과학관,0.0606,1,30.0,30.0,0.0,0.0,4,0.025035573334765217,0.18420379461130665,0.9527017830406969,5.562294176092028,-0.4377058239079723,0.0215962441314554,True
김인영 피아노 독주회,서양음악(클래식),경인,성남아트센터,0.0635,1,24.0,24.0,0.0,0.0,7,0.025035573334765217,0.17222612554683597,0.9527017830406969,5.414696732625507,-0.5853032673744929,0.01971830985915493,True
"아시테지 in 인천 공연BOM나들이, 오버코트",뮤지컬,경인,인천문화예술회관,0.0412,1,20.0,20.0,0.0,0.0,7,0.025035573334765217,0.1707387574366526,0.9527017830406969,5.395943225662788,-0.604056774337212,0.01784037558685446,True
아기돼지삼형제: 늑대숲 또옹돼지 원정대 [용인],뮤지컬,경인,용인시평생학습관(여성회관),0.0334,1,20.0,20.0,0.0,0.0,5,0.025035573334765217,0.1707387574366526,0.9527017830406969,5.395943225662788,-0.604056774337212,0.01784037558685446,True
"브런치콘서트, 변주, 새로움의 시작: 재즈를 품은 클래식 [부평]",서양음악(클래식),경인,부평아트센터,0.023,1,20.0,20.0,0.0,0.0,10,0.025035573334765217,0.1707387574366526,0.9527017830406969,5.395943225662788,-0.604056774337212,0.01784037558685446,True
"제21회 경기인형극제, 얼굴과 얼굴: 마주 봄",연극,경인,경기상상캠퍼스 M3,0.08,1,4.0,4.0,0.0,0.0,3,0.025035573334765217,0.16492083921505085,0.9527017830406969,5.321630778501612,-0.6783692214983876,0.008450704225352112,True
"경기필하모닉 마스터피스 시리즈 Ⅴ, 말러 교향곡 6번",서양음악(클래식),경인,경기아트센터(구. 경기도문화의전당),0.0,1,0.0,0.0,,490000.0,4,0.025035573334765217,0.16492083921505085,,5.321630778501612,-0.6783692214983876,0.008450704225352112,True
"부천아트센터 개관 페스티벌, 에머슨 스트링 콰르텟: Meet the Masters",서양음악(클래식),경인,부천아트센터,0.0,1,0.0,0.0,,0.0,0,0.025035573334765217,0.16492083921505085,,5.321630778501612,-0.6783692214983876,0.008450704225352112,True
"GIMPO BALLET FESTIVAL, 마인발레단의 발레 해설 콘서트 [김포]",무용(서양/한국무용),경인,통진두레문화센터,0.0,1,0.0,0.0,,855000.0,4,0.025035573334765217,0.16492083921505085,,5.321630778501612,-0.6783692214983876,0.008450704225352112,True
"GIMPO BALLET FESTIVAL, 피아노 반주와 함께 경험하는 러시아 바가노바 발레 메소드",무용(서양/한국무용),경인,통진두레문화센터,0.0,1,0.0,0.0,,315000.0,4,0.025035573334765217,0.16492083921505085,,5.321630778501612,-0.6783692214983876,0.008450704225352112,True
Latelier Ensemble 라틀리에 앙상블 창단연주회,서양음악(클래식),경인,아틱아트홀,0.0,1,0.0,0.0,,300000.0,0,0.025035573334765217,0.16492083921505085,,5.321630778501612,-0.6783692214983876,0.008450704225352112,True
"제7회 판타스틱 연극제, 목숨을 가지고 노는 두 남자",연극,경인,부천시민회관,0.0,1,0.0,0.0,,130000.0,4,0.025035573334765217,0.16492083921505085,,5.321630778501612,-0.6783692214983876,0.008450704225352112,True
"제7회 판타스틱 연극제, 어느 날 갑자기",연극,경인,소극장 극예술공간,0.0,1,0.0,0.0,,100000.0,1,0.025035573334765217,0.16492083921505085,,5.321630778501612,-0.6783692214983876,0.008450704225352112,True
피아노와 사랑愛 빠지다 Ⅱ [김포],서양음악(클래식),경인,김포아트홀,0.0,1,0.0,0.0,,135000.0,4,0.025035573334765217,0.16492083921505085,,5.321630778501612,-0.6783692214983876,0.008450704225352112,True
아르케컬처의 무지카 클래시카 Ⅸ & Famiesso: 모두를 위한 음악회 [용인],서양음악(클래식),경인,파미에소,0.0,1,0.0,0.0,,140000.0,0,0.025035573334765217,0.16492083921505085,,5.321630778501612,-0.6783692214983876,0.008450704225352112,True
"정오의 음악회, 팝페라 & 클래식",서양음악(클래식),경인,김포아트홀,0.0,1,0.0,0.0,,12000.0,4,0.025035573334765217,0.16492083921505085,,5.321630778501612,-0.6783692214983876,0.008450704225352112,True
카르멘 [화성],서양음악(클래식),경인,SCN 아트홀,0.0,1,0.0,0.0,,50000.0,0,0.025035573334765217,0.16492083921505085,,5.321630778501612,-0.6783692214983876,0.008450704225352112,True
허튼가락 in 사물놀이,한국음악(국악),경인,평촌아트홀,0.0,1,0.0,0.0,,3420000.0,7,0.025035573334765217,0.16492083921505085,,5.321630778501612,-0.6783692214983876,0.008450704225352112,True
"제7회 판타스틱 연극제, 초현실주의 선언",연극,경인,부천시민회관,0.0,1,0.0,0.0,,100000.0,4,0.025035573334765217,0.16492083921505085,,5.321630778501612,-0.6783692214983876,0.008450704225352112,True
제5회 그라치오소앙상블 정기연주회,서양음악(클래식),경인,반석아트홀 (동탄복합문화센터),0.0,1,0.0,0.0,,440000.0,5,0.025035573334765217,0.16492083921505085,,5.321630778501612,-0.6783692214983876,0.008450704225352112,True
아에르트리오 첫번째 이야기,서양음악(클래식),경인,아틱아트홀,0.0,1,0.0,0.0,,195000.0,0,0.025035573334765217,0.16492083921505085,,5.321630778501612,-0.6783692214983876,0.008450704225352112,True
제106회 광명심포니오케스트라 정기연주회: 겨울愛,서양음악(클래식),경인,광명시민회관,0.0,1,0.0,0.0,,1125000.0,7,0.025035573334765217,0.16492083921505085,,5.321630778501612,-0.6783692214983876,0.008450704225352112,True
36번째 명무전,무용(서양/한국무용),서울,국립국악원,,1,,,,19290000.0,7,,,,,,,True
"Alone, naturally",무용(서양/한국무용),서울,LG아트센터 서울,,3,,,,4440000.0,0,,,,,,,True
ONE 서커스,서커스/마술,영남,울산북구문화예술회관,,2,,,,16190000.0,5,,,,,,,True
The K콘서트: PRESENT,대중음악,서울,경희대학교 평화의전당,,1,,,,36000000.0,6,,,,,,,True
가야금앙상블 춘호가랑: 절기 Ⅱ,한국음악(국악),서울,국립국악원,,1,,,,4620000.0,7,,,,,,,True
"국립오페라단 my opera, 삼손과 데릴라 [진주]",서양음악(클래식),영남,경상남도문화예술회관,,1,,,,357000.0,2,,,,,,,True
권미선 가야금 독주회,한국음악(국악),서울,국립국악원,,1,,,,0.0,7,,,,,,,True
"이선희, 김소희제 춘향가 발표회",한국음악(국악),서울,국립국악원,,1,,,,2600000.0,7,,,,,,,True
"제17회 21c 한국음악프로젝트, 국악창작곡개발",한국음악(국악),서울,국립국악원,,1,,,,0.0,7,,,,,,,True
"제6회 중국희곡 낭독공연, 비빔 잡탕 혹은 샐러드",연극,서울,국립극단 [명동],,2,,,,0.0,6,,,,,,,True
청사국악관현악단과 함께 하는 협연의 밤,한국음악(국악),서울,국립국악원,,1,,,,2310000.0,7,,,,,,,True
"청소년극 창작벨트 낭독공연, 세계몰락감",연극,서울,홍익대 대학로 아트센터,,2,,,,0.0,6,,,,,,,True
김현철과 세이수미가 함께하는 송년콘서트 [울산],대중음악,영남,울산북구문화예술회관,,1,,,,14340000.0,5,,,,,,,True
"부산문화회관 챔버페스티벌, Trio Barclay: The Essentials of Piano Trio & Quintet",서양음악(클래식),영남,부산문화회관,,1,,,,2391000.0,7,,,,,,,True
아틸라 [경남 진주],서양음악(클래식),영남,경상남도문화예술회관,,1,,,,267000.0,2,,,,,,,True
조병주 거문고 독주회,한국음악(국악),서울,국립국악원,,1,,,,0.0,7,,,,,,,True
천주미 가야금병창 발표회,한국음악(국악),서울,국립국악원,,1,,,,2600000.0,7,,,,,,,True
"청소년극 창작벨트 낭독공연, I'm 파프리카",연극,서울,홍익대 대학로 아트센터,,2,,,,0.0,6,,,,,,,True
청아한기록: 춤의원류(源流),무용(서양/한국무용),서울,국립국악원,,1,,,,28360000.0,7,,,,,,,True
판타스틱 패밀리 마술쇼,서커스/마술,영남,울산북구문화예술회관,,1,,,,0.0,5,,,,,,,True
호프만의 이야기,서양음악(클래식),영남,경상남도문화예술회관,,1,,,,231000.0,2,,,,,,,True
거문고 앙상블 THE 현 네 번째 정기연주회,한국음악(국악),서울,국립국악원,,1,,,,0.0,7,,,,,,,True
김계희 피리 독주회,한국음악(국악),서울,국립국악원,,1,,,,0.0,7,,,,,,,True
"울산시립합창단 지역공연장 순회 공연, 북구민을 위한 새희망 음악회",서양음악(클래식),영남,울산북구문화예술회관,,1,,,,0.0,5,,,,,,,True
"제44회 한소리국악원 정기연주회, 지키자 민족의 혼",한국음악(국악),서울,국립국악원,,1,,,,0.0,7,,,,,,,True
제8회 가즌악회 정기연주회,한국음악(국악),서울,국립국악원,,1,,,,0.0,7,,,,,,,True
"부산문화회관 챔버페스티벌, 3인3색(三人三色) in Busan: 실내악 열전",서양음악(클래식),영남,부산문화회관,,1,,,,1394000.0,7,,,,,,,True
사단법인 국가무형문화재 처용무보존회 공개행사,무용(서양/한국무용),서울,국립국악원,,1,,,,0.0,7,,,,,,,True
사단법인 한국정악원 원로명인 이야기 음악회,한국음악(국악),서울,국립국악원,,2,,,,0.0,7,,,,,,,True
제26회 양금연주회,한국음악(국악),서울,국립국악원,,1,,,,0.0,7,,,,,,,True
"제6회 중국희곡 낭독공연, 모조인생",연극,서울,국립극단 [명동],,2,,,,0.0,6,,,,,,,True
"국립오페라단 my opera, 왕자, 호동",서양음악(클래식),영남,경상남도문화예술회관,,1,,,,105000.0,2,,,,,,,True
"박예지, 심청가 독주회",한국음악(국악),서울,국립국악원,,1,,,,0.0,7,,,,,,,True
실현;현실,한국음악(국악),서울,국립국악원,,1,,,,1300000.0,7,,,,,,,True
"저녁을 닮은 음악 1st stage, 성악과 함께 떠나는 봄의 여행",서양음악(클래식),영남,울산북구문화예술회관,,1,,,,0.0,5,,,,,,,True
제19회 (사)한국경기소리보존회 기획공연: 가인지심4,한국음악(국악),서울,국립국악원,,1,,,,0.0,7,,,,,,,True
"조혜정의 춤, 허행보 4",무용(서양/한국무용),서울,국립국악원,,1,,,,6930000.0,7,,,,,,,True
"춤을 짓다,춤을 잇다: 이은주의 살풀이춤",무용(서양/한국무용),서울,국립국악원,,1,,,,4620000.0,7,,,,,,,True
고우석 피리독주회,한국음악(국악),서울,국립국악원,,1,,,,0.0,7,,,,,,,True
김스라X허유진X조윤경 3인 음악회: 깊이와 시선,한국음악(국악),서울,국립국악원,,1,,,,0.0,7,,,,,,,True
"대단한 놀이판, 오늘의 광대 [울산]",한국음악(국악),영남,울산북구문화예술회관,,1,,,,7410000.0,5,,,,,,,True
"문화살롱, 프렌쥬 클래식 사파리",서양음악(클래식),영남,경상남도문화예술회관,,1,,,,5490000.0,2,,,,,,,True
부산시립교향악단 기획음악회: 심포니야夜,서양음악(클래식),영남,부산문화회관,,1,,,,1398000.0,7,,,,,,,True
임영순의 춤,무용(서양/한국무용),서울,국립국악원,,1,,,,3900000.0,7,,,,,,,True
저녁을 닮은 음악 (6월),서양음악(클래식),영남,울산북구문화예술회관,,1,,,,0.0,5,,,,,,,True
제31회 소리샘 예술제,한국음악(국악),서울,국립국악원,,2,,,,0.0,7,,,,,,,True
제4회 가곡풍류보존회 정기연주회,한국음악(국악),서울,국립국악원,,1,,,,2600000.0,7,,,,,,,True
"지금 속히 연주하라 주구장창, New Wave",한국음악(국악),서울,국립국악원,,1,,,,19920000.0,7,,,,,,,True
한국 고전무용 중앙협회 정기공연,무용(서양/한국무용),서울,국립국악원,,1,,,,33200000.0,7,,,,,,,True
"부산문화회관 챔버페스티벌, All that Chamber music: 세계 정상급 오케스트라 리더들의 실내악 향연",서양음악(클래식),영남,부산문화회관,,1,,,,7299000.0,7,,,,,,,True
제20회 무룡 아트 페스티벌 파이브브라더 라틴재즈밴드,대중음악,영남,울산북구문화예술회관,,1,,,,0.0,5,,,,,,,True
제4회 서울피리앙상블 정기연주회,한국음악(국악),서울,국립국악원,,1,,,,4620000.0,7,,,,,,,True
"제6회 중국희곡 낭독공연, 재 봉 고 할머니 편",연극,서울,국립극단 [명동],,2,,,,0.0,6,,,,,,,True
경남뮤직페스티벌 (8.31),대중음악,영남,경상남도문화예술회관,,1,,,,730000.0,2,,,,,,,True
"국립오페라단, 라이징 스타 오페라 갈라 콘서트 [진주]",서양음악(클래식),영남,경상남도문화예술회관,,1,,,,4341000.0,2,,,,,,,True
김미진 완창프로젝트3 정광수제 수궁가,한국음악(국악),서울,국립국악원,,1,,,,2600000.0,7,,,,,,,True
"빅3 행복한 만남: 강진, 김용임, 진성 [인천]",대중음악,경인,인천문화예술회관,,2,,,,188100.0,7,,,,,,,True
"오라, 흔들리며 피는 꽃",무용(서양/한국무용),서울,국립국악원,,1,,,,0.0,7,,,,,,,True
저녁을 닮은 음악 (9월),서양음악(클래식),영남,울산북구문화예술회관,,1,,,,0.0,5,,,,,,,True
"전보현의 춤, 동행",무용(서양/한국무용),서울,국립국악원,,1,,,,4620000.0,7,,,,,,,True
제2회 코리아양금앙상블 정기연주회,한국음악(국악),서울,국립국악원,,1,,,,4620000.0,7,,,,,,,True
제4회 대한민국 문화재 여기검 대제전,무용(서양/한국무용),서울,국립국악원,,1,,,,6930000.0,7,,,,,,,True
조여경 해금 독주회 Ⅰ,한국음악(국악),서울,국립국악원,,1,,,,0.0,7,,,,,,,True
"화려산조, 신민서 가야금 연주회",한국음악(국악),서울,국립국악원,,1,,,,0.0,7,,,,,,,True
"김나영의 완창판소리, 박록주제 흥보가",한국음악(국악),서울,국립국악원,,1,,,,0.0,7,,,,,,,True
"서울시향 퇴근길 콘서트, 전지적 지휘자 시점",서양음악(클래식),서울,LG아트센터 서울,,1,,,,11164500.0,0,,,,,,,True
"신영숙 콘서트, 친절한 영숙씨",뮤지컬,서울,LG아트센터 서울,,2,,,,28964650.0,0,,,,,,,True
신춘음악회 with 정선아 [울산],서양음악(클래식),영남,울산북구문화예술회관,,1,,,,10130000.0,5,,,,,,,True
제10회 고주희 해금 독주회,한국음악(국악),서울,국립국악원,,1,,,,0.0,7,,,,,,,True
제2회 율조순정악 정기연주회,한국음악(국악),서울,국립국악원,,1,,,,0.0,7,,,,,,,True
제41회 전국신인 국악연주회,한국음악(국악),서울,국립국악원,,1,,,,0.0,7,,,,,,,True
"제주해녀의 숨결에 실린 푸르고 깊은 노래, 숨 빛 소리",한국음악(국악),서울,국립국악원,,1,,,,0.0,7,,,,,,,True
"부산문화회관 챔버페스티벌, Rosenstein String Quartet(로젠슈타인 현악4중주)",서양음악(클래식),영남,부산문화회관,,1,,,,3576000.0,7,,,,,,,True
부산시립국악관현악단 다함께 행복한 음악: 얼씨구,한국음악(국악),영남,부산문화회관,,1,,,,0.0,7,,,,,,,True
성재형의 춤: 손편지,무용(서양/한국무용),서울,국립국악원,,1,,,,32000000.0,7,,,,,,,True
"제20회 무룡아트페스티벌, 로맨스 in 오페라 [울산]",서양음악(클래식),영남,울산북구문화예술회관,,1,,,,21900000.0,5,,,,,,,True
"경남도립극단, 도가니 (The Crucible)",연극,영남,경상남도문화예술회관,,3,,,,136333.0,2,,,,,,,True
마술사 최형배의 오리지널 과학마술 콘서트 [용인],서커스/마술,경인,용인시문화예술회관,,5,,,,817800.0,4,,,,,,,True
문형희 대금독주회,한국음악(국악),서울,국립국악원,,1,,,,0.0,7,,,,,,,True
"부산문화회관 챔버페스티벌, The Variety of Chamber music",서양음악(클래식),영남,부산문화회관,,1,,,,2566000.0,7,,,,,,,True
"부산문화회관 챔버페스티벌, 학교 실내악 축제",서양음악(클래식),영남,부산문화회관,,1,,,,1060000.0,7,,,,,,,True
유지영 가야금 독주회,한국음악(국악),서울,국립국악원,,1,,,,0.0,7,,,,,,,True
제5회 박은혜 거문고 독주회,한국음악(국악),서울,국립국악원,,1,,,,0.0,7,,,,,,,True
"제8회 김철 피리독주회, 음공 Ⅷ",한국음악(국악),서울,국립국악원,,1,,,,0.0,7,,,,,,,True
"최재영의 렉처콘서트 Ⅰ, 잊혀질수록 그리운것에 대해: 한숙구",한국음악(국악),서울,국립국악원,,1,,,,2310000.0,7,,,,,,,True
"퓨전재즈 콘서트, 슈파스",대중음악,영남,울산북구문화예술회관,,1,,,,6760000.0,5,,,,,,,True
김영임&김용임의 희희낙락,한국음악(국악),영남,울산북구문화예술회관,,1,,,,15670000.0,5,,,,,,,True
"더뉴 창단 공연, 옛고 소리성: 고성",한국음악(국악),서울,국립국악원,,1,,,,0.0,7,,,,,,,True
아기돼지 삼형제: 늑대숲 또옹돼지 원정대 [구미],뮤지컬,영남,구미시문화예술회관,,4,,,,74250.0,1,,,,,,,True
"정재만 추모 9주기, 커다란 태산을 등에 짊어지듯...",무용(서양/한국무용),서울,국립국악원,,1,,,,32900000.0,7,,,,,,,True
"제13회 동서악회 정기연주회, 색다른가요? 현대음악과 고려가요의 만남 Ⅱ",한국음악(국악),서울,국립국악원,,1,,,,4620000.0,7,,,,,,,True
제23회 (사)김병호류가야금산조보존회 정기연주회,한국음악(국악),서울,국립국악원,,1,,,,0.0,7,,,,,,,True
콘서트 오페라 소나기,서양음악(클래식),영남,경상남도문화예술회관,,1,,,,0.0,2,,,,,,,True
한국예술종합학교 전통예술원 음악과 정기연주회: Root-Route,한국음악(국악),서울,국립국악원,,1,,,,0.0,7,,,,,,,True
"국립오페라단 my opera, 시칠리아 섬의 저녁기도",서양음악(클래식),영남,경상남도문화예술회관,,1,,,,363000.0,2,,,,,,,True
"국립오페라단 상영, 브람스",서양음악(클래식),영남,경상남도문화예술회관,,1,,,,123000.0,2,,,,,,,True
대한민국 전통춤 문화제,무용(서양/한국무용),서울,국립국악원,,2,,,,33520000.0,7,,,,,,,True
램,연극,서울,국립극장,,3,,,,0.0,5,,,,,,,True
류근화의 대금: 숨,한국음악(국악),서울,국립국악원,,1,,,,4620000.0,7,,,,,,,True
빙빙빙 Being Being Being,연극,서울,국립극장,,3,,,,0.0,5,,,,,,,True
윤상미의 박록주제 박송희바디 흥보가 완창,한국음악(국악),서울,국립국악원,,1,,,,0.0,7,,,,,,,True
"제2회 가온 솔로이스츠 정기 연주회, 당신이 별처럼 빛나길 [서울]",서양음악(클래식),서울,LG아트센터 서울,,1,,,,0.0,0,,,,,,,True
제48회 이화여자대학교 한국음악과 정기연주회,한국음악(국악),서울,국립국악원,,1,,,,0.0,7,,,,,,,True
"국립전통예술고등학교 무용과 발표회, 가온누리",무용(서양/한국무용),서울,국립국악원,,1,,,,0.0,7,,,,,,,True
김예소리 해금 독주회,한국음악(국악),서울,국립국악원,,1,,,,1300000.0,7,,,,,,,True
도깨비가 준 선물,연극,기타,홍천문화예술회관,,1,,,,23520.0,4,,,,,,,True
"부산문화회관 챔버페스티벌, 앙상블 코스모폴리탄 with 피아니스트 심희정",서양음악(클래식),영남,부산문화회관,,1,,,,3005000.0,7,,,,,,,True
제110회 한국의 명인명무전,무용(서양/한국무용),서울,국립국악원,,2,,,,46680000.0,7,,,,,,,True
"제20회 무룡 아트 페스티벌, 김소현과 손준호의 뮤지컬 스토리",뮤지컬,영남,울산북구문화예술회관,,1,,,,12540000.0,5,,,,,,,True
제45회 추계예술대학교 정기연주회,한국음악(국악),서울,국립국악원,,1,,,,0.0,7,,,,,,,True
경남뮤직페스티벌 (9.1),대중음악,영남,경상남도문화예술회관,,1,,,,4070000.0,2,,,,,,,True
경남뮤직페스티벌 (9.2),대중음악,영남,경상남도문화예술회관,,1,,,,3650000.0,2,,,,,,,True
국가무형문화재 공개행사: 피리정악,한국음악(국악),서울,국립국악원,,1,,,,0.0,7,,,,,,,True
"국립합창단, 칼 오르프, 카르미나 부라나 [진주]",서양음악(클래식),영남,경상남도문화예술회관,,1,,,,4642000.0,2,,,,,,,True
부산시향과 함께하는 부산시민회관 신년음악회,서양음악(클래식),영남,부산시민회관,,1,,,,17503000.0,7,,,,,,,True
윤사 고선아의 65년 춤의 여정,무용(서양/한국무용),서울,국립국악원,,1,,,,33200000.0,7,,,,,,,True
"제21회 조일하 여창가곡 발표회, 인생이 둘가 셋가",한국음악(국악),서울,국립국악원,,1,,,,2600000.0,7,,,,,,,True
제29회 용인대학교 국악과 정기연주회,한국음악(국악),서울,국립국악원,,1,,,,0.0,7,,,,,,,True
당신 곁에 파리 [울산 북구],대중음악,영남,울산북구문화예술회관,,1,,,,5040000.0,5,,,,,,,True
"유윤주 가야금 독주회, 줄(絃), 잇다Ⅳ  이건용 가야금 작품전",한국음악(국악),서울,국립국악원,,1,,,,4620000.0,7,,,,,,,True
제1회 홍장미 가야금병창 독주회,한국음악(국악),서울,국립국악원,,1,,,,0.0,7,,,,,,,True
"제6회 중국희곡 낭독공연, 심포지엄",연극,서울,국립극단 [명동],,1,,,,0.0,6,,,,,,,True
"창작공감: 희곡, 잘 나가는 웹툰",연극,서울,국립극단 [용산],,2,,,,0.0,2,,,,,,,True
해금협회 20주년 기념공연,한국음악(국악),서울,국립국악원,,1,,,,0.0,7,,,,,,,True
修玄의 風流(여창가곡),한국음악(국악),서울,국립국악원,,1,,,,0.0,7,,,,,,,True
(사) 백합예술단 정기공연,한국음악(국악),서울,국립국악원,,1,,,,31700000.0,7,,,,,,,True
Anthem 내한 공연,대중음악,서울,웨스트브릿지 라이브홀,,1,,,,6633000.0,0,,,,,,,True
BAEKHO & BIGONE CONCERT: 우리樂,대중음악,서울,예스24 원더로크홀,,2,,,,27258000.0,0,,,,,,,True
"BOF 부산원아시아페스티벌, BOF Big CONCERT",대중음악,경인,부산아시아드 경기장,,1,,,,249710000.0,1,,,,,,,True
CHO TOKIMEKI SENDENBU KIMINO HEART NI LOCK ON TOUR,대중음악,서울,예스24 원더로크홀,,1,,,,45738000.0,0,,,,,,,True
DAZBEE Live In Seoul: sincerely,대중음악,서울,예스24 원더로크홀,,1,,,,60192000.0,0,,,,,,,True
dori first concert: CINEMA,대중음악,서울,예스24 원더로크홀,,1,,,,11605000.0,0,,,,,,,True
Dreamcatcher World Tour: Luck Inside 7 Doors [서울],대중음악,서울,예스24 라이브홀 (구. 악스코리아),,1,,,,146124000.0,1,,,,,,,True
EBS친구들이 뭉쳤다! 이벤져스 라이브 [부여],뮤지컬,충청,국립부여박물관,,2,,,,0.0,4,,,,,,,True
ELEPHANT GYM: The World Tour in Seoul,대중음악,서울,웨스트브릿지 라이브홀,,1,,,,15378000.0,0,,,,,,,True
fhana Beautiful Dreamer ASIA Tour in Seoul,대중음악,서울,웨스트브릿지 라이브홀,,1,,,,22864000.0,0,,,,,,,True
FLOW x LUCKLIFE 내한공연: CONNECT in Korea,대중음악,서울,예스24 원더로크홀,,1,,,,46332000.0,0,,,,,,,True
GIRIBOY CONCERT: PRBOY,대중음악,서울,예스24 라이브홀 (구. 악스코리아),,1,,,,113454000.0,1,,,,,,,True
JUSTJERK ACADEMY SHOWCASE,대중무용,서울,예스24 라이브홀 (구. 악스코리아),,1,,,,28330000.0,1,,,,,,,True
K-WORLD DREAM AWARDS,대중음악,서울,잠실종합운동장,,1,,,,990000.0,4,,,,,,,True
KARDI 단독 콘서트: Are you ready to fly? [서울],대중음악,서울,예스24 원더로크홀,,1,,,,32725000.0,0,,,,,,,True
Live & Music Festival,대중음악,서울,예스24 라이브홀 (구. 악스코리아),,1,,,,118570000.0,1,,,,,,,True
MARK TUAN ASIA TOUR: The Other Side [서울],대중음악,서울,건국대학교 새천년관,,1,,,,103646000.0,8,,,,,,,True
"NEKIRU 5th ONEMAN LIVE, 낭만주의",대중음악,서울,예스24 원더로크홀,,1,,,,11010000.0,0,,,,,,,True
noa 1st Live in Korea,대중음악,서울,예스24 원더로크홀,,1,,,,11385000.0,0,,,,,,,True
QWER 2nd Mini Album: Algorithm's Blossom Showcase,대중음악,서울,예스24 원더로크홀,,1,,,,25575000.0,0,,,,,,,True
QWER Mini 1집 쇼케이스,대중음악,서울,예스24 원더로크홀,,2,,,,17061000.0,0,,,,,,,True
SAC ON SCREEN 정경화 & 케빈 케너 듀오 콘서트,서양음악(클래식),영남,경상남도문화예술회관,,1,,,,0.0,2,,,,,,,True
"SAC ON SCREEN, 늙은 부부 이야기 [경남]",연극,영남,경상남도문화예술회관,,1,,,,0.0,2,,,,,,,True
"SAC ON SCREEN, 달래이야기 [진주]",연극,영남,경상남도문화예술회관,,1,,,,0.0,2,,,,,,,True
"SAC ON SCREEN, 두 바퀴 자전거 [진주]",서커스/마술,영남,경상남도문화예술회관,,1,,,,0.0,2,,,,,,,True
"SAC ON SCREEN, 보물섬 [진주]",연극,영남,경상남도문화예술회관,,1,,,,0.0,2,,,,,,,True
"SAC ON SCREEN, 오셀로 [진주]",연극,영남,경상남도문화예술회관,,1,,,,0.0,2,,,,,,,True
"SAC ON SCREEN, 크리스토프 에센바흐 & KBS교향악단",서양음악(클래식),영남,경상남도문화예술회관,,1,,,,0.0,2,,,,,,,True
SBS 희망TV 기부콘서트: 가족돌봄청소년을 위한 기부콘서트 (1부),대중음악,경인,IVEX STUDIO,,1,,,,48400000.0,2,,,,,,,True
SBS 희망TV 기부콘서트: 가족돌봄청소년을 위한 기부콘서트 (2부),대중음악,경인,IVEX STUDIO,,1,,,,44560000.0,2,,,,,,,True
SHARING & TOGETHER CONCERT,대중음악,서울,올림픽공원,,1,,,,100155000.0,4,,,,,,,True
THE GREATEST: 전율 정동하 X 소향 [고양],대중음악,경인,고양아람누리,,1,,,,536000.0,6,,,,,,,True
"ZUTOMAYO INTENSE IN SEOUL, KOREA",대중음악,서울,예스24 라이브홀 (구. 악스코리아),,2,,,,237270000.0,1,,,,,,,True
강은일 해금플러스 25주년 기념 공연,한국음악(국악),서울,국립국악원,,1,,,,19200000.0,7,,,,,,,True
개똥이 [대학로],연극,서울,극장 동국,,4,,,,788000.0,1,,,,,,,True
고양이 해결사 깜냥: 편의점을 환하게 밝혀라 [부여],뮤지컬,충청,국립부여박물관,,2,,,,0.0,4,,,,,,,True
김소연 거문고 독주회: 가즌회상,한국음악(국악),서울,국립국악원,,1,,,,0.0,7,,,,,,,True
너의 세계에서는,연극,서울,홍익대 대학로 아트센터,,2,,,,0.0,6,,,,,,,True
"뮤즈온 라이브 위크, MUSE ON DAY2",대중음악,서울,무신사 개러지 (구. 왓챠홀),,1,,,,0.0,0,,,,,,,True
"박물관 속 밴드, 김뜻돌 & 크리스피 밴드 [부여]",대중음악,충청,국립부여박물관,,1,,,,0.0,4,,,,,,,True
ㅈㅂㅈ평일소공연 (4월),대중음악,서울,예스24 원더로크홀,,4,,,,30525000.0,0,,,,,,,True
제1회 윤겸 아쟁 독주회: 비상,한국음악(국악),서울,국립국악원,,1,,,,0.0,7,,,,,,,True
제22회 대금연구회 정기연주회,한국음악(국악),서울,국립국악원,,1,,,,0.0,7,,,,,,,True
"제24회 국립국악고등학교 개교 69돌 기념, 목멱한마당: 초월",한국음악(국악),서울,국립국악원,,1,,,,0.0,7,,,,,,,True
제32회 소리샘 예술제,한국음악(국악),서울,국립국악원,,2,,,,0.0,7,,,,,,,True
"최광일 일곱번째 피리 독주회, 가즌회상",한국음악(국악),서울,국립국악원,,1,,,,6500000.0,7,,,,,,,True
특전소녀전선 스프링리그,대중음악,서울,예스24 원더로크홀,,6,,,,4488000.0,0,,,,,,,True
한국예술종합학교 전통예술원 무용과 정기공연,무용(서양/한국무용),서울,국립국악원,,2,,,,0.0,7,,,,,,,True
"한누리무용단 정기공연, 전통춤 시리즈 Ⅲ: 古風 (고풍)",무용(서양/한국무용),서울,국립국악원,,1,,,,3140000.0,7,,,,,,,True
한양국악제,한국음악(국악),서울,국립국악원,,1,,,,0.0,7,,,,,,,True
"홍성하의 해금, 경기 풍류",한국음악(국악),서울,국립국악원,,1,,,,0.0,7,,,,,,,True
화음지향: 꽃의 소리가 널리 울려퍼지다,한국음악(국악),서울,국립국악원,,1,,,,0.0,7,,,,,,,True
국립심포니오케스트라 가족음악회: 시네마 클래식 [부여],서양음악(클래식),충청,국립부여박물관,,1,,,,0.0,4,,,,,,,True
"김민지 가야금 독주회, 두루 헤아리며",한국음악(국악),서울,국립국악원,,1,,,,2600000.0,7,,,,,,,True
"맨스티어 단독공연, AK!",대중음악,서울,예스24 라이브홀 (구. 악스코리아),,1,,,,40161000.0,1,,,,,,,True
"뮤즈온 라이브 위크, MUSE ON DAY4",대중음악,서울,무신사 개러지 (구. 왓챠홀),,1,,,,0.0,0,,,,,,,True
"뮤즈온 라이브 위크, MUSE ON DAY5",대중음악,서울,무신사 개러지 (구. 왓챠홀),,1,,,,0.0,0,,,,,,,True
보성소리 심청가,한국음악(국악),서울,국립국악원,,1,,,,0.0,7,,,,,,,True
"영상으로 만나는 듀오 콘서트, 미클로시 페레니 & 피닌 콜린스 듀오 콘서트",서양음악(클래식),영남,경상남도문화예술회관,,1,,,,0.0,2,,,,,,,True
"음악극, 캐롤",연극,서울,예그린씨어터,,32,,,,1291250.0,2,,,,,,,True
이카이노 바이크,연극,서울,씨어터 쿰,,30,,,,1632583.0,1,,,,,,,True
"인디콘서트, Volume Up with 유다빈밴드",대중음악,영남,울산북구문화예술회관,,1,,,,5050000.0,5,,,,,,,True
장서윤 철현금 독주회,한국음악(국악),서울,국립국악원,,1,,,,0.0,7,,,,,,,True
정악단 기획공연: 필운대풍류 Ⅲ,한국음악(국악),서울,국립국악원,,2,,,,1934500.0,7,,,,,,,True
제24회 (사) 김병호류가야금산조보존회 정기연주회: 故양연섭 명인 서거 1주기 추모 공연,한국음악(국악),서울,국립국악원,,1,,,,0.0,7,,,,,,,True
제3회 SAL 기획공연: 죽여버리기,무용(서양/한국무용),서울,LG아트센터 서울,,2,,,,8087500.0,0,,,,,,,True
제4회 가온 솔로이스츠 정기연주회,서양음악(클래식),서울,LG아트센터 서울,,1,,,,0.0,0,,,,,,,True
제9회 가즌악회 정기연주회,한국음악(국악),서울,국립국악원,,1,,,,0.0,7,,,,,,,True
"차보영 가야금병창 독주회, 춘향가",한국음악(국악),서울,국립국악원,,1,,,,0.0,7,,,,,,,True
최정윤 해금 독주회,한국음악(국악),서울,국립국악원,,1,,,,0.0,7,,,,,,,True
"해금정악연구회 창단연주회, 여민락; 취",한국음악(국악),서울,국립국악원,,1,,,,0.0,7,,,,,,,True
"국립남도국악원 토요상설, 국악이 좋다: 국악의 향연",,,,,2,,,,0.0,5,,,,,,,True
"국립남도국악원 토요상설, 국악이 좋다: 만경창파 푸른물에",한국음악(국악),호남,국립남도국악원,,1,,,,0.0,5,,,,,,,True
"국립남도국악원 토요상설, 국악이 좋다: 전라감영, 교방춤뎐",무용(서양/한국무용),호남,국립남도국악원,,1,,,,0.0,5,,,,,,,True
기린의 여행법,연극,서울,홍익대 대학로 아트센터,,2,,,,0.0,6,,,,,,,True
김형섭 가야금 독주회: 최옥삼류 가야금산조,한국음악(국악),서울,국립국악원,,1,,,,0.0,7,,,,,,,True
"서울시무형문화재43호, 경제어산 수륙재 시연회",한국음악(국악),서울,국립국악원,,1,,,,19920000.0,7,,,,,,,True
소리꾼 전병훈의 경기잡가 (雜歌) 창작기,한국음악(국악),서울,국립국악원,,1,,,,0.0,7,,,,,,,True
쇄골에 천사가 잠들고 있다,연극,서울,대학로 자유극장 (자유문화발전소),,79,,,,4104190.0,1,,,,,,,True
양수아 첫 번째 강산제 심청가 완창 발표회: 동행,한국음악(국악),서울,국립국악원,,1,,,,0.0,7,,,,,,,True
엄마까투리는 슈퍼맘 [부여],뮤지컬,충청,국립부여박물관,,2,,,,0.0,4,,,,,,,True
저녁을 닮은 음악 (5월),서양음악(클래식),영남,울산북구문화예술회관,,1,,,,0.0,5,,,,,,,True
제11회 음악동인 명 작품발표회,한국음악(국악),서울,국립국악원,,1,,,,6930000.0,7,,,,,,,True
제14회 고보석 거문고 독주회: 표정만방지곡,한국음악(국악),서울,국립국악원,,1,,,,0.0,7,,,,,,,True
제2회 Voce Aurum Choir Seoul 정기연주회,서양음악(클래식),서울,광림아트센터,,1,,,,4878000.0,6,,,,,,,True
제30회 용인대학교 국악과 정기연주회,한국음악(국악),서울,국립국악원,,1,,,,0.0,7,,,,,,,True
제3회 김계옥가야금연주단 정기연주회: 김계옥의 음악세계,한국음악(국악),서울,국립국악원,,1,,,,4620000.0,7,,,,,,,True
제5회 동초제 판소리 감상회 정기공연: 심청가,한국음악(국악),서울,국립국악원,,1,,,,4620000.0,7,,,,,,,True
제5회 아포코 오케스트라 정기연주회,서양음악(클래식),서울,광림아트센터,,1,,,,1360000.0,6,,,,,,,True
"제9회 판소리 공작소 소리앤 정기공연, 소리 앤 수궁",한국음악(국악),서울,국립국악원,,1,,,,2600000.0,7,,,,,,,True
조아미 가야금 독주회,한국음악(국악),서울,국립국악원,,1,,,,0.0,7,,,,,,,True
"진윤경의 피리, 禮樂",한국음악(국악),서울,국립국악원,,1,,,,0.0,7,,,,,,,True
"창작공감: 희곡, 입체낭독공연: 오함마백씨행장 완판본",연극,서울,홍익대 대학로 아트센터,,3,,,,0.0,6,,,,,,,True
"최영란의 소리, 동초제 흥보가 완창공연",한국음악(국악),서울,국립국악원,,1,,,,3900000.0,7,,,,,,,True
"故 성창순 7주기 추모공연: 옥빛같은 소리, 쪽빛같은 노래",한국음악(국악),서울,국립국악원,,1,,,,0.0,7,,,,,,,True
"국립민속국악원 송년공연, 새출발 New Beginning",한국음악(국악),호남,국립민속국악원,,1,,,,0.0,1,,,,,,,True
"국립전통예술고등학교 무용과 발표회, 미휘월 아래에서",무용(서양/한국무용),서울,국립국악원,,1,,,,0.0,7,,,,,,,True
"땅설법, 심청효행록",한국음악(국악),서울,국립국악원,,1,,,,0.0,7,,,,,,,True
모차르트와 모짜렐라의 마술피리 이야기 [울산],서양음악(클래식),영남,울산북구문화예술회관,,1,,,,3060000.0,5,,,,,,,True
박민정의 만정제 춘향가,한국음악(국악),서울,국립국악원,,1,,,,3900000.0,7,,,,,,,True
아빠는 새가 아니다 [제주],연극,제주,세이레아트센터,,3,,,,0.0,2,,,,,,,True
양홍원 단독 콘서트: 오보에,대중음악,서울,예스24 원더로크홀,,2,,,,32824000.0,0,,,,,,,True
오리지널 드로잉쇼 [부여],뮤지컬,충청,국립부여박물관,,1,,,,0.0,4,,,,,,,True
울산시립합창단 초청공연: 북구민을 위한 새희망 음악회,서양음악(클래식),영남,울산북구문화예술회관,,1,,,,0.0,5,,,,,,,True
ㅈㅂㅈ평일소공연 (5월),대중음악,서울,예스24 원더로크홀,,8,,,,25352250.0,0,,,,,,,True
"전인삼 완창 판소리, 적벽가",한국음악(국악),서울,국립국악원,,1,,,,0.0,7,,,,,,,True
정대석제 거문고산조 전바탕,한국음악(국악),서울,국립국악원,,1,,,,2600000.0,7,,,,,,,True
"제21회 무룡 아트 페스티벌, 뮤지컬 갈라 콘서트",뮤지컬,영남,울산북구문화예술회관,,1,,,,5130000.0,5,,,,,,,True
제3회 인디뮤직페스티벌 인디오텀: In-die-Autumn,대중음악,서울,현대카드 언더스테이지,,1,,,,2865000.0,3,,,,,,,True
제41회 단국대학교 음악예술대학 국악전공 추계정기연주회,한국음악(국악),서울,국립국악원,,1,,,,0.0,7,,,,,,,True
"제53회 목멱예술제: 시공의 여정, 우리가락",한국음악(국악),서울,국립국악원,,2,,,,0.0,7,,,,,,,True
제5회 가곡풍류보존회 정기연주회,한국음악(국악),서울,국립국악원,,1,,,,2600000.0,7,,,,,,,True
죠죠 (Jojo),연극,서울,국립극단 [명동],,4,,,,0.0,6,,,,,,,True
펩시 페스타,대중음악,서울,잠실학생체육관,,1,,,,912000.0,5,,,,,,,True
"한국정악원 115주년 기념공연, 지음풍류",한국음악(국악),서울,국립국악원,,1,,,,0.0,7,,,,,,,True
"한국해금앙상블 애해이요 20주년 기념공연, 결",한국음악(국악),서울,국립국악원,,1,,,,0.0,7,,,,,,,True
"한일창제작, 망한가",한국음악(국악),서울,국립국악원,,1,,,,1007000.0,7,,,,,,,True
김연소 김윤희 김동회 내포제 음악 발표회,한국음악(국악),서울,국립국악원,,1,,,,0.0,7,,,,,,,True
김지희 해금독주회: 다반향초,한국음악(국악),서울,국립국악원,,1,,,,0.0,7,,,,,,,True
댄스 쇼케이스 mu: stage,대중무용,서울,건국대학교 새천년관,,1,,,,30415000.0,8,,,,,,,True
도리 창단 10주년 기념공연: 사물놀이,한국음악(국악),서울,국립국악원,,1,,,,19020000.0,7,,,,,,,True
디즈니 & 지브리 영화음악 FESTA [울산],서양음악(클래식),영남,울산문화예술회관,,1,,,,919600.0,5,,,,,,,True
"류무용단 기획공연, 이채현의 춤: 비우고 채우다",무용(서양/한국무용),서울,국립국악원,,1,,,,1300000.0,7,,,,,,,True
"마법의 정원, 인어공주",서커스/마술,경인,마법의정원,,1,,,,65880.0,2,,,,,,,True
비녜트 더 보야지: The Voyage Ⅱ,뮤지컬,서울,후암스테이지,,4,,,,452000.0,0,,,,,,,True
세빌리아의 이발사: 유쾌한 승리 [부여],서양음악(클래식),충청,국립부여박물관,,1,,,,0.0,4,,,,,,,True
"이윤서 가야금병창 첫 번째 여정, 春香歌",한국음악(국악),서울,국립국악원,,1,,,,0.0,7,,,,,,,True
전통공연예술문화학교 수료발표회,한국음악(국악),서울,국립국악원,,2,,,,0.0,7,,,,,,,True
제11회 피들스현악앙상블 정기연주회,서양음악(클래식),서울,광림아트센터,,1,,,,1400000.0,6,,,,,,,True
제11회 한국가야금연주가협회 정기연주회,한국음악(국악),서울,국립국악원,,1,,,,0.0,7,,,,,,,True
제13회 LG필하모닉 오케스트라 정기 연주회,서양음악(클래식),서울,LG아트센터 서울,,1,,,,9370000.0,0,,,,,,,True
제1회 중고제 심상건 가야금산조 보존회 정기연주회,한국음악(국악),서울,국립국악원,,1,,,,0.0,7,,,,,,,True
"제21회 무룡 아트 페스티벌, 트리아웃 [울산]",뮤지컬,영남,울산북구문화예술회관,,1,,,,3600000.0,5,,,,,,,True
"제21회 무룡아트페스티벌, 저녁을 닮은 음악: 가요톱텐 90's 룬디쇼",대중음악,영남,울산북구문화예술회관,,1,,,,0.0,5,,,,,,,True
"제29회 전국신인정가악발표회, 미래를 열어갈 젊은 신인들의 무대",한국음악(국악),서울,국립국악원,,1,,,,0.0,7,,,,,,,True
제2회 이화해금앙상블 해이야 정기연주회,한국음악(국악),서울,국립국악원,,1,,,,0.0,7,,,,,,,True
제6회 가야금연주단 춘호가희 정기연주회,한국음악(국악),서울,국립국악원,,1,,,,1300000.0,7,,,,,,,True
지브리 영화음악 FESTA [대구],서양음악(클래식),영남,대구문화예술회관,,1,,,,46200.0,2,,,,,,,True
"진나정 가야금 독주회 공존 Ⅲ: 散, 流",한국음악(국악),서울,국립국악원,,1,,,,0.0,7,,,,,,,True
한국대학생연합오케스트라 정기연주회: Paradoxon 침묵의 음악,서양음악(클래식),서울,광림아트센터,,1,,,,1830000.0,6,,,,,,,True
한국예술종합학교 전통예술원 연희과 정기공연,한국음악(국악),서울,국립국악원,,1,,,,0.0,7,,,,,,,True
김가령 대금독주회: 別音 Ⅲ,한국음악(국악),서울,국립국악원,,1,,,,0.0,7,,,,,,,True
"베이비박스 스토리, 봄날의 베이비박스 콘서트",서양음악(클래식),서울,광림아트센터,,2,,,,650000.0,6,,,,,,,True
송년콘서트 with 나윤권 & 벤 [울산],대중음악,영남,울산북구문화예술회관,,1,,,,5040000.0,5,,,,,,,True
신춘음악회 with 박건우 & 이호찬,서양음악(클래식),영남,울산북구문화예술회관,,1,,,,6530000.0,5,,,,,,,True
아쟁앙상블 Bow+ing 네 번째 연주회: 아쟁의 언어 Ⅱ,한국음악(국악),서울,국립국악원,,1,,,,4620000.0,7,,,,,,,True
"유현지의 세 번째 독창회, 경기십이잡가: 열, 두 개 소리",한국음악(국악),서울,국립국악원,,1,,,,0.0,7,,,,,,,True
윤미용 가야금 연주회,한국음악(국악),서울,국립국악원,,1,,,,0.0,7,,,,,,,True
저녁을 닮은 음악 (4월),서양음악(클래식),영남,울산북구문화예술회관,,1,,,,0.0,5,,,,,,,True
제2회 서공철류 가야금산조 보존회 정기연주회,한국음악(국악),서울,국립국악원,,1,,,,0.0,7,,,,,,,True
"제2회 여여가야금병창단 정기연주회: 변하지 않는 소리, 경계를 허물다",한국음악(국악),서울,국립국악원,,1,,,,0.0,7,,,,,,,True
"채향순의 춤, 초심행",무용(서양/한국무용),서울,국립국악원,,1,,,,14310000.0,7,,,,,,,True
"김명진의 두 번째 해금 독주회, 여름밤의 풍류 Ⅱ: 평조회상",한국음악(국악),서울,국립국악원,,1,,,,0.0,7,,,,,,,True
깃털피리 [울산],뮤지컬,영남,울산북구문화예술회관,,2,,,,4985000.0,5,,,,,,,True
대구시립국악단 교류음악회: 달구벌의 樂 · 歌 · 舞,한국음악(국악),호남,국립남도국악원,,1,,,,0.0,5,,,,,,,True
"뮤즈온 라이브 위크, MUSE ON DAY1",대중음악,서울,무신사 개러지 (구. 왓챠홀),,1,,,,0.0,0,,,,,,,True
"뮤즈온 라이브 위크, MUSE ON DAY3",대중음악,서울,무신사 개러지 (구. 왓챠홀),,1,,,,0.0,0,,,,,,,True
반,연극,서울,홍익대 대학로 아트센터,,2,,,,0.0,6,,,,,,,True
뽀로로와 친구들의 드림콘서트: 잃어버린 꿈을 찾아서 [안산],뮤지컬,경인,안산문화예술의전당,,2,,,,115500.0,6,,,,,,,True
"신인류 단독 콘서트, 푸른열매 [서울]",대중음악,서울,예스24 원더로크홀,,1,,,,24640000.0,0,,,,,,,True
저녁을 닮은 음악 (7월),서양음악(클래식),영남,울산북구문화예술회관,,1,,,,0.0,5,,,,,,,True
정년기념 채조병 대금독주회,한국음악(국악),서울,국립국악원,,1,,,,0.0,7,,,,,,,True
"정혁 & 최민준 듀오 작곡 리사이틀, 도구와 형상",한국음악(국악),서울,국립국악원,,1,,,,1000000.0,7,,,,,,,True
"제21회 무룡 아트 페스티벌, 원더매직의 오리지널 과학마술콘서트 시즌1 [울산]",서커스/마술,영남,울산북구문화예술회관,,1,,,,4420000.0,5,,,,,,,True
제27회 양금연주회,한국음악(국악),서울,국립국악원,,1,,,,0.0,7,,,,,,,True
제42회 전국신인국악연주회,한국음악(국악),서울,국립국악원,,1,,,,0.0,7,,,,,,,True
"제53회 목멱예술제, 우리춤",무용(서양/한국무용),서울,국립국악원,,2,,,,0.0,7,,,,,,,True
"제5회 수현의 풍류, 서울줄풍류",한국음악(국악),서울,국립국악원,,1,,,,0.0,7,,,,,,,True
제5회 정음회 정기연주회 당악계주,한국음악(국악),서울,국립국악원,,1,,,,0.0,7,,,,,,,True
제63회 민족예술대제전,한국음악(국악),서울,국립국악원,,2,,,,0.0,7,,,,,,,True
제7회 서울가야금앙상블 정기연주회,한국음악(국악),서울,국립국악원,,1,,,,4620000.0,7,,,,,,,True
치즈 단독콘서트: 우릴 머금던 바다,대중음악,서울,예스24 원더로크홀,,4,,,,23809500.0,0,,,,,,,True
특전소녀전선 썸머리그,대중음악,서울,예스24 원더로크홀,,2,,,,4702500.0,0,,,,,,,True
"국립국악원 송년공연, 나례: 훠어이 물렀거라",한국음악(국악),서울,국립국악원,,3,,,,6561333.0,7,,,,,,,True
"국립민속국악원 기획공연, 다섯바탕전",한국음악(국악),호남,국립민속국악원,,1,,,,0.0,1,,,,,,,True
"국악관현악단 결 특별기획연주회: 한국의 꿈, 내일의 소리",한국음악(국악),서울,광림아트센터,,1,,,,1445000.0,6,,,,,,,True
"김선경의 정가, 단락Ⅱ: 단아하거나 즐겁거나",한국음악(국악),서울,국립국악원,,1,,,,0.0,7,,,,,,,True
대한민국 전통춤 문화제: 수건춤 100년,무용(서양/한국무용),서울,국립국악원,,2,,,,31695000.0,7,,,,,,,True
버블제이의 뮤지엄 키즈쇼 [부여],서커스/마술,충청,국립부여박물관,,3,,,,0.0,4,,,,,,,True
벚꽃 동산,연극,서울,국립극단 [명동],,2,,,,2776000.0,6,,,,,,,True
뽀로로와 친구들의 드림콘서트: 잃어버린 꿈을 찾아서 [수원],뮤지컬,경인,경기아트센터(구. 경기도문화의전당),,1,,,,66000.0,4,,,,,,,True
"안은경의 피리, 허튼가락",한국음악(국악),서울,국립국악원,,1,,,,0.0,7,,,,,,,True
"유윤주 가야금 독주회: 줄 (絃) , 잇다 Ⅴ. 남도음악의 소릿결",한국음악(국악),서울,국립국악원,,1,,,,2600000.0,7,,,,,,,True
저녁을 닮은 음악 (9월),한국음악(국악),영남,울산북구문화예술회관,,1,,,,0.0,5,,,,,,,True
제11회 손정화 가야금 독주회,한국음악(국악),서울,국립국악원,,1,,,,0.0,7,,,,,,,True
제18회 21c 한국음악프로젝트 본선 경연대회: 국악창작곡개발,한국음악(국악),서울,국립국악원,,1,,,,0.0,7,,,,,,,True
제5회 서울피리앙상블 정기연주회,한국음악(국악),서울,국립국악원,,1,,,,4620000.0,7,,,,,,,True
창작오페라 논개 갈라콘서트 [경남],서양음악(클래식),영남,경상남도문화예술회관,,1,,,,1511000.0,2,,,,,,,True
"춘향가 가야금 병창 발표회, 여조삭비",한국음악(국악),서울,국립국악원,,1,,,,0.0,7,,,,,,,True
"한국예술종합학교 전통예술원 음악과 정기연주회: 깊게 내린 뿌리, 끝없는 길",한국음악(국악),서울,국립국악원,,1,,,,0.0,7,,,,,,,True
한요한 First Love Concert,대중음악,서울,예스24 라이브홀 (구. 악스코리아),,1,,,,167200000.0,1,,,,,,,True
