공연명,장르명,지역,공연시설명,최종_좌석점유율,총_공연회차_계산,판매좌석수_합계,평균_판매좌석수,평균판매단가,회차당매출,접근성_점수,좌석수,예측복합장르,장르1,장르2,U_participation,S_scale,A_afford,DPI_plus,DPI_region_adj_seg,DPI_region_pr_seg,is_free
뽀로로 매직 싱어롱쇼: 슈퍼스타 뽀로로 드림콘서트,복합,서울,코엑스,1.0037037037037038,27,29268.0,1084.0,17604.115757824246,19082861.48148148,8,1080,뮤지컬+대중음악,뮤지컬,대중음악,0.8914285714285715,0.9605714285714285,0.4471599556244374,93.28292903763467,92.95276444766132,1.0,False
FINEDAY FESTIVAL,복합,서울,서울어린이대공원,1.0,2,16000.0,8000.0,17223.5,137788000.0,7,8000,대중음악+한국음악,대중음악,한국음악,0.8914285714285715,0.8800714285714286,0.4713481170649722,90.8654227345908,90.53525814461744,0.9933774834437086,False
빨간풍선,복합,경인,남동소래아트홀,1.3272068120752332,12,3613.0,499.0,5762.800996401882,1735083.3333333333,2,703,대중음악+연극,대중음악,연극,0.8914285714285715,0.8883571428571428,0.5238945549456097,91.12122601227362,89.006198954978,1.0,False
"시선: si, Sonne!",복합,서울,국립극장,1.0,2,1254.0,627.0,2051.03668261563,1286000.0,5,627,연극+서양음악,연극,서양음악,0.8914285714285715,0.7868571428571428,0.5359998991156282,87.86421682299721,87.53405223302386,0.9834437086092715,False
"늘휘무용단 가을신작, 변곡의 점",복합,서울,국립극장,1.0,2,1254.0,627.0,1132.3763955342902,710000.0,5,627,,,,0.8914285714285715,0.7868571428571428,0.4879021637867738,87.86421682299721,87.53405223302386,0.9834437086092715,False
"일상문화도시 페스티벌, 강북Festa",복합,서울,강북문화예술회관 강북진달래홀,1.0,10,1710.0,171.0,1342.1052631578948,229500.0,4,171,뮤지컬+무용,뮤지컬,무용,0.8914285714285715,0.7858571428571428,0.4307514677551497,87.83070248238596,87.50053789241261,0.9735099337748344,False
Struggle,복합,서울,아르코예술극장,1.0,2,1200.0,600.0,9906.666666666666,5944000.0,2,600,무용+뮤지컬,무용,뮤지컬,0.8914285714285715,0.7785714285714285,0.5291272197714773,87.58562099153914,87.2554564015658,0.9668874172185431,False
"통영국제음악제, 리히터스 패턴스",복합,영남,통영국제음악당,1.0,4,1016.0,254.0,21100.3937007874,5359500.0,6,254,연극+무용,연극,무용,0.8914285714285715,0.7353571428571428,0.3719168054671417,86.09794175905131,87.23979583539705,1.0,False
적로: 이슬의 노래,복합,서울,국립국악원,1.0,10,1300.0,130.0,23492.30769230769,3054000.0,7,130,한국음악+뮤지컬,한국음악,뮤지컬,0.8914285714285715,0.7588571428571428,0.32307393670289636,86.9042214051561,86.57405681518274,0.9602649006622517,False
비비런: 출발! 타이탄 지구 탐사대,복합,서울,종로아이들극장,1.0,4,1124.0,281.0,690.3914590747331,194000.0,3,281,,,,0.8914285714285715,0.7572142857142857,0.4231328099683259,86.85781789115445,86.5276533011811,0.9536423841059603,False
"창작산실, 김재훈의 P.N.O",복합,서울,대학로예술극장,1.0,2,1008.0,504.0,5596.230158730159,2820500.0,1,504,연극+서양음악,연극,서양음악,0.8914285714285715,0.7405714285714285,0.5635825685073412,86.28064055618867,85.95047596621532,0.9437086092715232,False
"제23회 SPAF, 플레시",복합,서울,대학로예술극장,1.0,2,1008.0,504.0,10083.333333333334,5082000.0,1,504,,,,0.8914285714285715,0.7405714285714285,0.5147690656627398,86.28064055618867,85.95047596621532,0.9437086092715232,False
"통영국제음악제, 해리 파치: 플렉트럼과 타악기 춤",복합,영남,통영국제음악당,1.0,3,762.0,254.0,23667.97900262467,6011666.666666667,6,254,서양음악+한국음악,서양음악,한국음악,0.8914285714285715,0.6934285714285715,0.3448851070215093,84.57572521071356,85.7175792870593,0.9897959183673469,False
"어텀바로크, 비바헨델: 아르카디아의 사랑 시즌2",,,,1.0,3,912.0,304.0,1171.0526315789473,356000.0,0,304,서양음악+한국음악,서양음악,한국음악,0.8914285714285715,0.7240714285714286,0.45400322322712267,85.69938356921892,84.67376187435683,1.0,False
그림자극과 함께하는 호두까기 인형 [수원],복합,경인,경기아트센터(구. 경기도문화의전당),1.0,2,1004.0,502.0,18552.788844621515,9313500.0,4,502,연극+뮤지컬,연극,뮤지컬,0.8914285714285715,0.7390714285714286,0.41702539320557735,86.22817587444544,84.11314881714982,0.9906542056074766,False
페페의 꿈 [춘천],복합,기타,춘천인형극장,1.3125,4,567.0,185.0,10624.338624338625,1506000.0,5,108,연극+뮤지컬,연극,뮤지컬,0.8914285714285715,0.6561428571428571,0.4205594812934778,83.20373008192121,83.64502425335428,1.0,False
홍지민과 함께하는 판타스틱쇼 시즌2,복합,기타,삼척문화예술회관,0.9946351931330472,2,1432.0,922.0,5906.075418994414,4228750.0,3,932,뮤지컬+서양음악,뮤지컬,서양음악,0.7771428571428571,0.8152142857142858,0.5874290830553895,82.9147822087125,83.35607638014557,0.9333333333333333,False
"신년음악회: 문화의 비상, 국민과 함께",복합,서울,예술의전당 [서울],1.0,1,2505.0,2505.0,3716.566866267465,9310000.0,10,2505,서양음악+대중음악,서양음악,대중음악,0.8914285714285715,0.6567142857142857,0.6872355559299522,83.22546186013744,82.8952972701641,0.9337748344370861,False
"통영국제음악회, 온드레이 아다멕: 디너",복합,영남,통영국제음악당,1.0,2,508.0,254.0,20221.456692913387,5136250.0,6,254,서양음악+대중음악,서양음악,대중음악,0.8914285714285715,0.6010714285714286,0.3761673839364631,81.04404335818295,82.18589743452868,0.9795918367346939,False
sonic BLOOM,복합,서울,에스팩토리,1.1885714285714286,2,832.0,462.0,75752.40384615384,31513000.0,4,350,,,,0.8914285714285715,0.7152142857142857,0.14670100360557978,82.38559333508059,82.05542874510724,0.9271523178807947,False
"매드라인 x 날라리와 쟁이, 화합과 교류의 두드림 [대구]",복합,영남,대구문화예술회관,1.0833333333333333,1,1092.0,1092.0,357.1428571428572,390000.0,2,1008,서양음악+연극,서양음악,연극,0.8914285714285715,0.5971428571428572,0.4585585071135452,80.88476859755485,82.02662267390059,0.9693877551020408,False
페페의 꿈 [상주],복합,영남,상주문화회관,0.98828125,2,1012.0,506.0,3083.00395256917,1560000.0,4,512,뮤지컬+연극,뮤지컬,연극,0.76,0.7426428571428572,0.5593925115781747,79.73349453380614,80.87534861015187,0.9591836734693877,False
김태연과 함께하는 열린음악회 [영광],복합,호남,영광예술의전당,1.070811744386874,1,620.0,620.0,1654.8387096774193,1026000.0,5,579,서양음악+대중음악,서양음악,대중음악,0.8914285714285715,0.5018571428571428,0.5194628295354999,76.77455498212159,80.84003705904088,1.0,False
신년음악회 [보령],복합,충청,보령문화예술회관,1.4046688338884346,1,2150.0,576.0,7213.302325581395,15508600.0,3,798,뮤지컬+대중음악,뮤지컬,대중음악,0.8914285714285715,0.5967857142857143,0.6293456712943506,80.87025274122259,80.69047065953094,0.9745762711864406,False
신년음악회 [보령],복합,충청,보령문화예술회관,1.4046688338884346,1,2150.0,576.0,7213.302325581395,15508600.0,3,798,뮤지컬+대중음악,뮤지컬,대중음악,0.8914285714285715,0.5967857142857143,0.6293456712943506,80.87025274122259,80.69047065953094,0.9745762711864406,False
신년음악회 [보령],복합,충청,보령문화예술회관,1.4046688338884346,1,2150.0,576.0,7213.302325581395,15508600.0,3,798,뮤지컬+대중음악,뮤지컬,대중음악,0.8914285714285715,0.5967857142857143,0.6293456712943506,80.87025274122259,80.69047065953094,0.9745762711864406,False
신년음악회 [보령],복합,충청,보령문화예술회관,1.4046688338884346,1,2150.0,576.0,7213.302325581395,15508600.0,3,798,뮤지컬+대중음악,뮤지컬,대중음악,0.8914285714285715,0.5967857142857143,0.6293456712943506,80.87025274122259,80.69047065953094,0.9745762711864406,False
"3rd GPD FORUM 예술뉴런 뮤지카,  with 권은비, 프라우드먼",복합,서울,상명아트센터,1.0942622950819672,1,1602.0,710.0,13707.865168539323,21960000.0,4,1464,대중음악+서양음악,대중음악,서양음악,0.8914285714285715,0.6000000000000001,0.5047414598557765,81.00067723158934,80.67051264161599,0.9205298013245033,False
케이킥 태권쇼,복합,서울,명보아트홀,0.9689905902480752,14,4531.0,326.0,888.1041712646215,287428.5714285714,3,334,서양음악+대중음악,서양음악,대중음악,0.7128571428571429,0.8658571428571428,0.44201406988643266,80.86025861524865,80.5300940252753,0.9139072847682119,False
"청소년을 위한 예술소풍 Ⅲ, 영화음악 옴니버스 콘서트",복합,영남,(재)영화의전당,1.0,1,841.0,841.0,11200.951248513677,9420000.0,8,841,무용+연극,무용,연극,0.8914285714285715,0.5598571428571428,0.5261033064341781,79.3352951675038,80.47714924384954,0.9489795918367347,False
홍지민과 함께하는 판타스틱 쇼 [성주],복합,영남,성주문화예술회관,1.0,1,822.0,822.0,14041.362530413626,11542000.0,6,822,뮤지컬+서양음악,뮤지컬,서양음악,0.8914285714285715,0.5549999999999999,0.4853152515535788,79.12817872209347,80.2700327984392,0.9387755102040817,False
"서울예술단 송년갈라, SPACon",복합,서울,국립극장,1.0,1,1221.0,1221.0,46656.838656838656,56968000.0,5,1221,뮤지컬+한국음악,뮤지컬,한국음악,0.8914285714285715,0.6138571428571429,0.239539762666657,80.33266811269493,80.00250352272158,0.9072847682119205,False
"오픈씨어터 오발콘 시리즈 Ⅰ, Vamonos! 돈키호테",복합,서울,한전아트센터,0.96996996996997,2,1938.0,969.0,14632.610939112486,14179000.0,6,999,서양음악+대중음악,서양음악,대중음악,0.7171428571428572,0.8379285714285714,0.4853810844287498,80.3091331694077,79.97896857943435,0.9006622516556292,False
김영임 & 김용임과 함께하는 희희낙락 [문경],복합,영남,문경문화예술회관,0.9660194174757282,2,1592.0,796.0,2408.291457286432,1917000.0,3,824,한국음악+대중음악,한국음악,대중음악,0.7014285714285714,0.8167857142857143,0.5813754464069154,78.81777415105373,79.95962822739946,0.9285714285714286,False
환상노정기,복합,영남,밀양아리랑아트센터,1.0,1,765.0,765.0,1367.3202614379086,1046000.0,7,765,,,,0.8914285714285715,0.546,0.5227980847000158,78.74102568686065,79.88287976320639,0.9183673469387755,False
동물의 사육제 [세종],복합,충청,비오케이아트센터(BOK아트센터),1.0,2,440.0,220.0,9432.954545454546,2075250.0,9,220,서양음악+무용,서양음악,무용,0.8914285714285715,0.5740714285714286,0.4703287962421847,79.93427764016879,79.75449555847715,0.9152542372881356,False
제2회 SECOME,복합,충청,비오케이아트센터(BOK아트센터),1.0,2,440.0,220.0,1568.1818181818182,345000.0,9,220,서양음악+한국음악,서양음악,한국음악,0.8914285714285715,0.5740714285714286,0.4530885083247758,79.93427764016879,79.75449555847715,0.9152542372881356,False
예술봄소리와 함께하는 EQ－UP (오전),복합,충청,비오케이아트센터(BOK아트센터),1.0,2,440.0,220.0,454.54545454545456,100000.0,9,220,서양음악+뮤지컬,서양음악,뮤지컬,0.8914285714285715,0.5740714285714286,0.4076137128168062,79.93427764016879,79.75449555847715,0.9152542372881356,False
"아침음악나들이 1, 존노 & 고영열",복합,경인,고양어울림누리,1.0,1,1290.0,1290.0,15283.720930232555,19716000.0,8,1290,대중음악+한국음악,대중음악,한국음악,0.8914285714285715,0.6190714285714285,0.4781853260405477,81.7646351349539,79.64960807765829,0.9813084112149533,False
"태권무 한빛, 제주오백장군이야기",복합,제주,제주문예회관,1.0,1,828.0,828.0,5498.792270531401,4553000.0,3,828,뮤지컬+대중무용,뮤지컬,대중무용,0.8914285714285715,0.5568571428571429,0.6015701447941071,79.20751956057315,78.68813926807518,1.0,False
테디베어와 함께하는 LED발레 & 태권 [부천],복합,경인,부천시민회관,1.0,1,1041.0,1041.0,422.6705091258405,440000.0,4,1041,,,,0.8914285714285715,0.5912857142857143,0.46578490627010294,80.64593672899755,78.53090967170193,0.9719626168224299,False
"장사익 & 충남교향악단, 봄맞이 소리愛 [예산]",복합,충청,충남도청 문예회관,1.0,1,836.0,836.0,36064.59330143541,30150000.0,8,836,한국음악+서양음악,한국음악,서양음악,0.8914285714285715,0.5591428571428572,0.3061521144140731,78.66316845038018,78.48338636868854,0.8813559322033898,False
별주부전,복합,서울,국립국악원,0.9870588235294118,4,1196.0,130.0,8517.558528428093,2546750.0,7,130,연극+뮤지컬,연극,뮤지컬,0.7471428571428571,0.7245,0.508681812984884,78.47175062190594,78.14158603193259,0.8940397350993378,False
"제24회 SPAF, LOD 뮤직씨어터: 우먼, 포인트 제로",복합,서울,국립극장,0.9823529411764708,2,1002.0,510.0,17481.037924151697,8758000.0,5,510,,,,0.7342857142857143,0.7420714285714287,0.4307165706816142,78.35491659590564,78.02475200593229,0.8874172185430463,False
"임동창 풍류, 금산을 위하여 위하여 위하여",복합,충청,금산다락원 생명의집,1.0,1,704.0,704.0,4673.295454545455,3290000.0,4,704,,,,0.8914285714285715,0.5314285714285715,0.59330162460957,78.10462377982566,77.92484169813402,0.864406779661017,False
열린음악회: 국악신동김태연＆클라무오케스트라＆퓨전국악이희정밴드 [김제],복합,호남,김제문화예술회관,1.0,1,488.0,488.0,3618.852459016394,1766000.0,4,488,무용+연극,무용,연극,0.8914285714285715,0.44042857142857145,0.567460830579665,73.82541895627179,77.89090103319108,0.96875,False
물질 [고양],복합,경인,고양아람누리,0.9934210526315792,3,906.0,302.0,2538.6313465783664,766666.6666666666,6,304,,,,0.7757142857142857,0.7216428571428571,0.4948393676748127,79.8633622364618,77.74833517916618,0.9626168224299065,False
미야자키 하야오 영화음악 콘서트 with 샌드애니메이션 [과천],복합,경인,과천시민회관,1.0,1,929.0,929.0,22684.607104413342,21074000.0,5,929,서양음악+연극,서양음악,연극,0.8914285714285715,0.5711428571428572,0.39217494126546754,79.81172542066976,77.69669836337414,0.9532710280373832,False
"XR 공연, 도채비 [제주]",복합,제주,BeIN(비인),0.9880794701986756,5,746.0,149.0,3217.1581769437,480000.0,1,151,,,,0.7571428571428571,0.6931428571428572,0.4681064756502902,77.95352177041546,77.43414147791749,0.875,False
"꿈나무극장 오감똑똑 어린이공연, 싸운드 써커스",복합,서울,꿈나무극장,1.0,2,306.0,153.0,6032.679738562091,923000.0,4,153,무용+뮤지컬,무용,뮤지컬,0.8914285714285715,0.521,0.464320836149197,77.64162061073786,77.31145602076451,0.8807947019867549,False
서커스 클래식,복합,서울,송파어린이문화회관,1.0584415584415583,2,326.0,138.0,12515.337423312883,2040000.0,1,154,연극+한국음악,연극,한국음악,0.8914285714285715,0.5189285714285714,0.41977667261375423,77.54888354012472,77.21871895015137,0.8741721854304636,False
오라토리오 마르티레스,복합,서울,상명아트센터,0.9378415300546448,2,2746.0,1373.0,8290.968681718863,11383500.0,4,1464,무용+서양음악,무용,서양음악,0.6471428571428571,0.8609285714285715,0.6052563854657265,76.91131153712591,76.58114694715256,0.8675496688741722,False
SBS 뽕사활동과 함께하는 희망나눔 열린음악회 [대구],복합,영남,아양아트센터,0.99009900990099,1,1100.0,1100.0,3600.0,3960000.0,6,1111,대중음악+한국음악,대중음악,한국음악,0.77,0.6002142857142857,0.6338148716851245,75.28999372518888,76.43184780153462,0.9081632653061225,False
브라소닛 빅밴드 & 앰비규어스댄스컴퍼니: Body & Voice [서산],복합,충청,서산시문화회관,1.0,1,601.0,601.0,20628.951747088187,12398000.0,3,601,,,,0.8914285714285715,0.4932857142857142,0.4030455074916507,76.37880097016367,76.19901888847203,0.847457627118644,False
봄의향연 [오산],복합,경인,오산문화예술회관,1.0,1,800.0,800.0,37792.5,30234000.0,2,800,대중음악+뮤지컬,대중음악,뮤지컬,0.8914285714285715,0.5516428571428571,0.2896095531683954,78.25694330736681,76.14191625007119,0.9439252336448598,False
"제23회 SPAF, 구조와 의식",복합,서울,아르코예술극장,1.0,1,600.0,600.0,7610.0,4566000.0,2,600,무용+연극,무용,연극,0.8914285714285715,0.492,0.5595621477330733,76.31902362648339,75.98885903651004,0.8609271523178808,False
"대덕문화전당 패밀리 페스타 Ⅳ, 호두까기 인형 [대구]",복합,영남,대덕문화전당,0.9832089552238804,2,1054.0,1.0,9603.415559772297,5061000.0,4,536,,,,0.7371428571428571,0.6281428571428572,0.5251622753194151,74.67811695832937,75.8199710346751,0.8979591836734694,False
더 매직 팬텀 앤 퀸 [함안],복합,영남,함안문화예술회관,1.0,1,510.0,510.0,15142.156862745098,7722500.0,5,510,,,,0.8914285714285715,0.4525,0.4520605630080789,74.42671484592894,75.56856892227468,0.8877551020408163,False
"브런치&리너 콘서트, 피아니스트 김용진과 함께하는 이달의 공연: 7월의 발레",복합,서울,구로아트밸리,1.0,1,579.0,579.0,13036.269430051814,7548000.0,6,579,서양음악+한국음악,서양음악,한국음악,0.8914285714285715,0.4822857142857143,0.4856684716548279,75.86380027866302,75.53363568868967,0.8543046357615894,False
그림자극으로 만나는 비발디의 사계,복합,영남,동래문화회관,1.0,1,505.0,505.0,6732.6732673267325,3400000.0,5,505,연극+대중음악,연극,대중음악,0.8914285714285715,0.44885714285714284,0.5579999754057656,74.24645406815198,75.38830814449771,0.8775510204081632,False
소녀의 꿈,복합,서울,금나래아트홀,1.0,1,552.0,552.0,6228.260869565217,3438000.0,6,552,대중무용+한국음악,대중무용,한국음악,0.8914285714285715,0.4687142857142857,0.5687182931960959,75.21695222903611,74.88678763906276,0.847682119205298,False
홍지민과 함께하는 판타스틱쇼 시즌2 [함양],복합,영남,함양문화예술회관,1.0,1,486.0,486.0,6725.102880658436,3268400.0,2,486,대중음악+뮤지컬,대중음악,뮤지컬,0.8914285714285715,0.43757142857142856,0.5529835035198438,73.68141572636745,74.82326980271318,0.8622448979591837,False
"송년콘서트: 수고했어, 올해도! [함양]",복합,영남,함양문화예술회관,1.0,1,486.0,486.0,10037.860082304527,4878400.0,2,486,한국음악+뮤지컬,한국음악,뮤지컬,0.8914285714285715,0.43757142857142856,0.5120152868239767,73.68141572636745,74.82326980271318,0.8622448979591837,False
"신춘콘서트, 국악과 트로트의 만남 [함양]",복합,영남,함양문화예술회관,1.0,1,486.0,486.0,23659.25925925926,11498400.0,2,486,한국음악+뮤지컬,한국음악,뮤지컬,0.8914285714285715,0.43757142857142856,0.367454181280596,73.66518161046642,74.80703568681216,0.8469387755102041,False
미야자키 하야오 영화음악 콘서트 with 샌드애니메이션 [창원],복합,영남,성산아트홀,0.9694117647058824,1,1648.0,1648.0,32158.980582524277,52998000.0,2,1700,서양음악+대중음악,서양음악,대중음악,0.7157142857142857,0.6382857142857142,0.3368433140912756,73.52604856674256,74.6679026430883,0.8367346938775511,False
춘천시립교향악단 패밀리콘서트1,복합,기타,춘천문화예술회관,0.9893617021276596,1,930.0,930.0,3886.021505376344,3614000.0,3,940,,,,0.7657142857142857,0.5718571428571428,0.6185205472278829,73.99794172485315,74.43923589628622,0.8666666666666667,False
"여우락 페스티벌, 모듈라서울: lull~유영",복합,서울,국립극장,1.0,1,510.0,510.0,14603.921568627453,7448000.0,5,510,한국음악+뮤지컬,한국음악,뮤지컬,0.8914285714285715,0.4525,0.4644461790583489,74.42671484592894,74.09655025595559,0.8410596026490066,False
호두까기 인형 [화성],복합,경인,반석아트홀 (동탄복합문화센터),0.9635036496350364,2,1056.0,528.0,33664.77272727273,17775000.0,5,548,연극+서양음악,연극,서양음악,0.6907142857142857,0.7525,0.31623920062219096,75.81362781342446,73.69860075612884,0.9345794392523364,False
국립정동극장 신년음악회,복합,서울,국립정동극장,1.0,1,652.0,326.0,29852.76073619632,19464000.0,2,326,한국음악+대중음악,한국음악,대중음악,0.8914285714285715,0.4477857142857143,0.34011283201401216,73.88761605189336,73.55745146192001,0.8245033112582781,False
국립정동극장 신년음악회,복합,서울,국립정동극장,1.0,1,652.0,326.0,29852.76073619632,19464000.0,2,326,한국음악+대중음악,한국음악,대중음악,0.8914285714285715,0.4477857142857143,0.34011283201401216,73.88761605189336,73.55745146192001,0.8245033112582781,False
국립정동극장 신년음악회,복합,서울,국립정동극장,1.0,1,652.0,326.0,29852.76073619632,19464000.0,2,326,한국음악+대중음악,한국음악,대중음악,0.8914285714285715,0.4477857142857143,0.34011283201401216,73.88761605189336,73.55745146192001,0.8245033112582781,False
국립정동극장 신년음악회,복합,서울,국립정동극장,1.0,1,652.0,326.0,29852.76073619632,19464000.0,2,326,한국음악+대중음악,한국음악,대중음악,0.8914285714285715,0.4477857142857143,0.34011283201401216,73.88761605189336,73.55745146192001,0.8245033112582781,False
숨 S:UM,복합,경인,의정부예술의전당,0.9990243902439024,1,1024.0,1024.0,1809.5703125,1853000.0,6,1025,한국음악+뮤지컬,한국음악,뮤지컬,0.7814285714285715,0.5865714285714285,0.5798237309421564,75.325307742682,73.21028068538638,0.9252336448598131,False
김준수 & 두 번째 달 콘서트 [평택],복합,경인,한국소리터,1.0,1,557.0,557.0,5271.095152603231,2936000.0,5,557,한국음악+대중음악,한국음악,대중음악,0.8914285714285715,0.47085714285714286,0.5726446102519177,75.319950120079,73.20492306278338,0.9158878504672897,False
"조희창의 굿모닝 콘서트, 아리랑 온 더 로드",복합,영남,거제문화예술회관,1.0,1,424.0,424.0,6978.301886792453,2958800.0,3,424,서양음악+대중음악,서양음악,대중음악,0.8914285714285715,0.40585714285714286,0.537861804690068,72.0369360950588,73.17879017140454,0.826530612244898,False
늦은 여름밤의 군민응원콘서트 [옥천],복합,충청,옥천문화예술회관,1.0,1,478.0,478.0,18933.05439330544,9050000.0,3,478,대중음악+연극,대중음악,연극,0.8914285714285715,0.43114285714285716,0.4091132887223107,73.35498514169674,73.1752030600051,0.8305084745762712,False
"남상일 & 리사의 뮤지컬, 국악을 만나다 [연천]",복합,경인,연천수레울아트홀,1.0,1,550.0,550.0,4317.272727272727,2374500.0,4,550,뮤지컬+한국음악,뮤지컬,한국음악,0.8914285714285715,0.466,0.5757611369487645,75.08601395933489,72.97098690203927,0.8925233644859814,False
첼로가야금 [연천],복합,경인,연천수레울아트홀,1.0,1,550.0,550.0,2621.818181818182,1442000.0,4,550,한국음악+연극,한국음악,연극,0.8914285714285715,0.466,0.5473760903042719,75.08601395933489,72.97098690203927,0.8925233644859814,False
박 벌어진다 [연천],복합,경인,연천수레울아트홀,1.0,1,550.0,550.0,1974.5454545454545,1086000.0,4,550,,,,0.8914285714285715,0.466,0.5244604022405834,75.08601395933489,72.97098690203927,0.8925233644859814,False
홍지민과 함께하는 판타스틱 쇼 [연천],복합,경인,연천수레울아트홀,1.0,1,550.0,550.0,13103.636363636364,7207000.0,4,550,,,,0.8914285714285715,0.466,0.48190023297471896,75.08601395933489,72.97098690203927,0.8925233644859814,False
제10회 이데일리 문화대상 시상식,복합,서울,세종문화회관,0.957974851091992,1,2895.0,1608.0,23595.854922279792,68310000.0,3,3022,서양음악+대중음악,서양음악,대중음악,0.6857142857142857,0.6609999999999999,0.39182884844878707,73.122922540002,72.79275795002864,0.8079470198675497,False
"대한민국 청년축제, 청춘뉴런",복합,서울,세종대학교 대양홀,0.96057171020207,1,1949.0,1949.0,1806.054386865059,3520000.0,5,2029,서양음악+한국음악,서양음악,한국음악,0.6885714285714286,0.6498571428571428,0.6340612081986886,72.91550167048264,72.58533708050929,0.8013245033112583,False
고3 수험생을 위한 힐링 콘서트 [구리],복합,경인,구리아트홀,0.9642857142857144,3,810.0,270.0,29827.16049382716,8053333.333333333,8,280,무용+대중음악,무용,대중음악,0.6942857142857143,0.7037142857142857,0.3325197240067761,74.67967466337052,72.5646476060749,0.8691588785046729,False
위사 페스티벌: NFF,복합,서울,플랫폼-엘 컨템포러리 아트센터,0.9883720930232558,2,340.0,170.0,8638.235294117647,1468500.0,3,172,,,,0.7628571428571429,0.5336428571428571,0.458103872038301,72.34305065919938,72.01288606922603,0.7947019867549668,False
가을 콘서트 [광양],복합,호남,광양시문화예술회관,0.9877551020408164,1,484.0,484.0,4989.669421487603,2415000.0,3,490,서양음악+무용,서양음악,무용,0.7528571428571429,0.4343571428571429,0.5675253905052682,67.56322598285722,71.62870805977651,0.9375,False
"탱고, 매혹",복합,서울,마포아트센터,0.9800796812749004,1,984.0,984.0,38837.60162601626,38216200.0,3,1004,서양음악+대중음악,서양음악,대중음악,0.7314285714285714,0.5811428571428572,0.27599093652677736,71.9541516991622,71.62398710918885,0.7880794701986755,False
열린음악회: 국악신동김태연＆클라무오케스트라＆퓨전국악이희정밴드 [오산],복합,경인,오산문화예술회관,0.9925,1,794.0,794.0,9244.33249370277,7340000.0,2,800,한국음악+뮤지컬,한국음악,뮤지컬,0.7728571428571429,0.5502857142857143,0.5545002966161067,73.48963393348055,71.37460687618493,0.8598130841121495,False
한 해를 마무리 짓는 매듭달 음악회 [군포],복합,경인,군포문화예술회관,0.9798598949211909,1,1119.0,1119.0,5226.09472743521,5848000.0,8,1142,한국음악+연극,한국음악,연극,0.7285714285714285,0.6055714285714286,0.6302839589811691,73.43205480991058,71.31702775261496,0.8504672897196262,False
소리가 춤을 부른다,복합,서울,국립국악원,0.96048632218845,2,632.0,632.0,97310.12658227848,30750000.0,7,658,한국음악+무용,한국음악,무용,0.6871428571428572,0.7163571428571429,0.09445005722773553,71.16332772886116,70.83316313888781,0.7814569536423841,False
SCAF 서초아트페스티벌,복합,서울,페리지홀,0.9702970297029704,2,392.0,196.0,535.7142857142857,105000.0,2,202,서양음악+뮤지컬,서양음악,뮤지컬,0.7185714285714285,0.5566428571428572,0.4095749723556787,71.10628098698835,70.776116397015,0.7748344370860927,False
"방방곡곡 문화공감, 누모리쇼",복합,경인,이천아트홀,1.0,1,451.0,451.0,3873.614190687361,1747000.0,6,451,한국음악+무용,한국음악,무용,0.8914285714285715,0.4192142857142857,0.5625352887970765,72.74013403670608,70.62510697941046,0.8411214953271028,False
"토크콘서트, 추억은 몽글몽글",복합,영남,동래문화회관,0.998019801980198,1,504.0,504.0,1904.7619047619048,960000.0,5,505,서양음악+연극,서양음악,연극,0.78,0.4473571428571428,0.5161132365873423,69.38148870094156,70.5233427772873,0.8163265306122449,False
MBC 뮤직페스티벌 송년음악회,복합,충청,금산다락원 생명의집,0.9829545454545454,1,692.0,692.0,10173.410404624276,7040000.0,4,704,서양음악+뮤지컬,서양음악,뮤지컬,0.7357142857142858,0.5245714285714286,0.5298516155532847,70.67990942064408,70.50012733895244,0.8135593220338984,False
Mr 오페라 Miss 뮤지컬 [경주],복합,영남,경주예술의전당,1.0,1,331.0,331.0,809.6676737160121,268000.0,7,331,서양음악+한국음악,서양음악,한국음악,0.8914285714285715,0.3557142857142857,0.4392164958271462,69.24264784150658,70.38450191785232,0.8061224489795918,False
"마티네콘서트 마실, 협궤열차의 꿈",복합,경인,남동소래아트홀,0.9886201991465148,1,695.0,695.0,651.0791366906475,452500.0,2,703,대중음악+연극,대중음악,연극,0.7642857142857142,0.5277142857142858,0.4666829496425974,72.16847467767374,70.05344762037812,0.8317757009345794,False
샌드 팝페라: 금빛 모래의 향연 [용인],복합,경인,경기아트센터 경기국악원,1.0,1,420.0,420.0,1119.047619047619,470000.0,3,420,,,,0.8914285714285715,0.4045714285714286,0.4693701966797847,71.96839833729265,69.85337127999703,0.822429906542056,False
"태권무 한빛 시즌3, 태권예술로 제주를 품다",복합,제주,제주아트센터,0.9442567567567568,1,1118.0,1118.0,13587.656529516997,15191000.0,6,1184,연극+뮤지컬,연극,뮤지컬,0.67,0.6041428571428571,0.5014832978778843,70.36866224675687,69.8492819542589,0.75,False
"가정의 달 기념공연, 가정음악회 [천안]",복합,충청,천안시성환문화회관,0.9877675840978594,1,646.0,646.0,45436.53250773994,29352000.0,2,654,대중음악+서양음악,대중음악,서양음악,0.7542857142857143,0.5098571428571429,0.24559766503208047,69.94992096748594,69.7701388857943,0.7966101694915254,False
DUO RECITAL,복합,서울,예술의전당 [서울],1.0,1,354.0,354.0,500.0,177000.0,10,354,서양음악+한국음악,서양음악,한국음악,0.8914285714285715,0.3700714285714286,0.421213834448089,70.06948763138614,69.73932304141279,0.7649006622516556,False
"피카스 그림동화 음악회, 엄마 찾아 삼만리",복합,서울,예술의전당 [서울],1.0,1,354.0,354.0,22259.88700564972,7880000.0,10,354,서양음악+연극,서양음악,연극,0.8914285714285715,0.3700714285714286,0.3736868905965183,70.06948763138614,69.73932304141279,0.7649006622516556,False
"고영열 단독 콘서트, Jazz in 모리: 자진모리",복합,서울,노들섬,1.0,1,456.0,456.0,80596.49122807017,36752000.0,4,456,한국음악+대중음악,한국음악,대중음악,0.8914285714285715,0.4215714285714286,0.12484707697152965,70.04829505274617,69.71813046277282,0.7549668874172185,False
태권무 한빛,복합,제주,제주아트센터,0.9425675675675677,1,1116.0,1116.0,5963.709677419355,6655500.0,6,1184,무용+대중무용,무용,대중무용,0.6614285714285715,0.6027142857142856,0.6180070287357865,69.86745455449056,69.3480742619926,0.625,False
벽을 뚫고 나온 꽃 [과천],복합,경인,과천시민회관,1.0,1,380.0,380.0,5447.368421052632,2070000.0,5,380,무용+연극,무용,연극,0.8914285714285715,0.3872857142857143,0.5442273757460703,71.0317833072304,68.91675624993478,0.8084112149532711,False
"크로스파티, 두번째달 Ⅹ 김무빈: 국악 Ⅹ 월드뮤직 [과천]",복합,경인,과천시민회관,1.0,1,380.0,380.0,8810.526315789473,3348000.0,5,380,한국음악+대중음악,한국음악,대중음악,0.8914285714285715,0.3872857142857143,0.5182489055407234,71.0317833072304,68.91675624993478,0.8084112149532711,False
"배익한 재즈 오케스트라, 재즈와 판소리의 만남: 재즈 x 판",복합,서울,성북미디어문화마루 꿈빛극장,1.0,1,324.0,324.0,5740.740740740741,1860000.0,0,324,대중음악+서양음악,대중음악,서양음악,0.8914285714285715,0.35164285714285715,0.5317803586002323,69.00392824055899,68.67376365058564,0.7483443708609272,False
Harmony of Light [인천],복합,경인,인천학생교육문화회관,0.9898648648648648,1,586.0,586.0,2790.102389078498,1635000.0,5,592,,,,0.7685714285714286,0.48657142857142854,0.566520382655026,70.62949464994989,68.51446759265427,0.794392523364486,False
"아트클래스 시리즈Ⅴ, 호퍼: 고독한 뉴요커 [을숙도]",복합,영남,을숙도문화회관,0.9442119944211994,1,677.0,677.0,6685.376661742984,4526000.0,4,717,서양음악+무용,서양음악,무용,0.6671428571428571,0.521,0.5784297731045691,67.16774022785827,68.30959430420401,0.7959183673469388,False
"싱잉볼 콘서트, 하늘소리: 소망을 하늘로",복합,서울,서울아트센터,0.9390581717451524,1,1017.0,1017.0,26841.69124877089,27298000.0,0,1083,연극+대중음악,연극,대중음악,0.6514285714285715,0.5858571428571429,0.36622224773251155,68.59735831888932,68.26719372891597,0.7417218543046358,False
배리어프리 뮤직페스티벌,복합,서울,국립극장,0.9312039312039312,1,1137.0,1137.0,369.3931398416887,420000.0,5,1221,서양음악+뮤지컬,서양음악,뮤지컬,0.6328571428571429,0.6074285714285714,0.46308382050852764,68.50170920921813,68.17154461924478,0.7350993377483444,False
"보트피플ver.2, 바다의 아우슈비츠",복합,영남,어울아트센터(구. 대구북구문예회관),1.12,1,476.0,1.0,5123.949579831933,2439000.0,5,425,한국음악+무용,한국음악,무용,0.8914285714285715,0.31885714285714284,0.5666738970994479,67.00730017492731,68.14915425127305,0.7857142857142857,False
"패밀리 아이스쇼, 피터팬 온 아이스 오리지널 내한공연",복합,서울,목동 아이스링크,0.8610666666666666,9,38748.0,2784.0,37781.45710746361,162661766.66666666,4,5000,,,,0.49,0.9568571428571429,0.2982307020101124,68.44433551690132,68.11417092692797,0.7284768211920529,False
여섯 개의 불가능 [수원],복합,경인,정조테마공연장,1.3565891472868217,1,350.0,350.0,6880.0,2408000.0,3,258,,,,0.8914285714285715,0.36657142857142855,0.5279261853587249,69.8700185314956,67.75499147419998,0.7850467289719626,False
환상덜미 [수원],복합,경인,정조테마공연장,1.3488372093023255,1,348.0,348.0,6442.528735632184,2242000.0,3,258,한국음악+서양음악,한국음악,서양음악,0.8914285714285715,0.3658571428571429,0.5302423209572796,69.82914690898461,67.71411985168899,0.7757009345794392,False
"평택시립국악관현악단, 평택시민과 함께하는 국악성가의 밤",복합,경인,평택시서부문예회관,0.9661458333333334,1,742.0,742.0,3404.312668463612,2526000.0,2,768,서양음악+연극,서양음악,연극,0.7042857142857143,0.5375714285714286,0.6017548778838421,69.6635004553466,67.54847339805097,0.7663551401869159,False
USW 신년음악회,복합,서울,롯데콘서트홀,0.9179764243614932,1,1869.0,1869.0,1448.582129481006,2707400.0,6,2036,서양음악+한국음악,서양음악,한국음악,0.5971428571428572,0.6455714285714286,0.6103529822556302,67.76764774364212,67.43748315366877,0.7218543046357616,False
피콜로이스트 김원미와 안디아모 국악퓨전콘서트: 그리고 그 사랑,복합,영남,아양아트센터,1.25,1,250.0,250.0,8760.0,2190000.0,6,200,뮤지컬+서양음악,뮤지컬,서양음악,0.8914285714285715,0.3074285714285714,0.49216548735054444,66.27756478935247,67.4194188656982,0.7755102040816326,False
영남국악관현악단의 The Big Concert,복합,영남,해운대문화회관,0.9847161572052402,1,451.0,451.0,26940.133037694013,12150000.0,6,458,한국음악+뮤지컬,한국음악,뮤지컬,0.7385714285714285,0.4192142857142857,0.35299112102560803,66.05969461915403,67.20154869549977,0.7653061224489796,False
화통콘서트 [거창],복합,영남,거창문화센터,0.9402332361516036,1,645.0,645.0,10201.5503875969,6580000.0,4,686,,,,0.6542857142857142,0.5091428571428571,0.5244077300413065,66.05955070942112,67.20140478576685,0.7551020408163265,False
IT SHOW 예술로 그려지는 대한민국 [수원],복합,경인,수원SK아트리움,0.9333333333333332,2,560.0,280.0,2978.5714285714284,834000.0,5,300,,,,0.6385714285714286,0.6205714285714287,0.5076750811073334,69.25358729683114,67.13856023953552,0.7570093457943925,False
"한국예술융합학회, Art; Versa 시리즈 V: 동. 서양 예술의 융합",복합,서울,푸르지오아트홀,1.0,1,280.0,280.0,857.1428571428571,240000.0,6,280,서양음악+한국음악,서양음악,한국음악,0.8914285714285715,0.3235,0.4364069915619363,67.29852725576131,66.96836266578796,0.7152317880794702,False
"미야자키 하야오 영화음악 콘서트, Best Collection with 샌드아트 임혁필",복합,서울,롯데콘서트홀,0.9179764243614932,1,1869.0,1869.0,36764.66024612092,68713150.0,6,2036,,,,0.5971428571428572,0.6455714285714286,0.3040804533352189,67.18864774985013,66.85848315987678,0.7086092715231788,False
B612 [인천],복합,경인,부평아트센터,1.0,1,323.0,323.0,6482.97213622291,2094000.0,10,323,,,,0.8914285714285715,0.3505714285714286,0.52465905843806,68.94078597097236,66.82575891367674,0.7476635514018691,False
"판소리 오페라, 소월 [고양]",복합,경인,고양아람누리,1.0,1,304.0,304.0,9013.157894736842,2740000.0,6,304,서양음악+뮤지컬,서양음악,뮤지컬,0.8914285714285715,0.3410714285714286,0.5000594280665497,68.37492719462513,66.25990013732951,0.7289719626168224,False
"바리톤 정 경의 오페라마, 정신나간 작곡가와 키스하다",복합,경인,부천아트센터,1.0,1,304.0,304.0,11523.026315789471,3503000.0,0,304,서양음악+무용,서양음악,무용,0.8914285714285715,0.3410714285714286,0.46994345980520297,68.37492719462513,66.25990013732951,0.7289719626168224,False
"아이티 아이들 돕기 프로젝트, 헤이쥬드 콘서트 [고양]",복합,경인,고양아람누리,1.0,1,304.0,304.0,769.7368421052631,234000.0,6,304,한국음악+뮤지컬,한국음악,뮤지컬,0.8914285714285715,0.3410714285714286,0.43169748190276636,68.37492719462513,66.25990013732951,0.7289719626168224,False
폴링 인 트롯 with 신유 [용인],복합,경인,용인시문화예술회관,0.9680511182108626,1,606.0,606.0,6381.188118811881,3867000.0,4,626,대중음악+서양음악,대중음악,서양음악,0.7092857142857143,0.49835714285714283,0.5748835315266282,68.33965981282883,66.22463275553321,0.705607476635514,False
장사익과 함께하는 이브닝 콘서트: 만추 [용인],복합,경인,용인시문화예술회관,0.9680511182108626,1,606.0,606.0,18021.45214521452,10921000.0,4,626,한국음악+서양음악,한국음악,서양음악,0.7092857142857143,0.49835714285714283,0.4297082119618763,68.33965981282883,66.22463275553321,0.705607476635514,False
첼로가야금 2.0 콘서트 [울산],복합,영남,울주문화예술회관,0.8940568475452196,2,692.0,353.0,4517.341040462427,1563000.0,5,387,한국음악+연극,한국음악,연극,0.5342857142857143,0.6716428571428572,0.5336430503203433,64.8676703819076,66.00952445825334,0.7448979591836735,False
12월의 사랑가 [수원],복합,경인,경기아트센터(구. 경기도문화의전당),0.9880478087649402,1,496.0,496.0,2288.3064516129034,1135000.0,4,502,서양음악+한국음악,서양음악,한국음악,0.7557142857142857,0.44285714285714284,0.5269473144146606,68.08601437531513,65.97098731801951,0.6915887850467289,False
"서리풀악동문화공연, 매직컬 피터팬",복합,서울,서초문화예술회관(구. 서초구민회관),0.9405797101449276,1,649.0,649.0,2681.0477657935285,1740000.0,6,690,대중무용+무용,대중무용,무용,0.6557142857142857,0.5112857142857143,0.5751518742079607,66.21500562405778,65.88484103408443,0.7019867549668874,False
미야자키 하야오 영화음악 콘서트 with 샌드애니메이션 [대전],복합,충청,대전예술의전당,0.9191461836998708,1,1421.0,1421.0,53598.87403237157,76164000.0,7,1546,서양음악+연극,서양음악,연극,0.6028571428571429,0.6234285714285714,0.21442633886518414,66.05693672256164,65.87715464087,0.7796610169491526,False
한일 교류음악회,복합,서울,국립국악원,1.0,1,231.0,231.0,11445.887445887443,2644000.0,7,231,한국음악+서양음악,한국음악,서양음악,0.8914285714285715,0.3017142857142857,0.45342548391877013,65.90555732952359,65.57539273955024,0.695364238410596,False
"강릉아트센터 기획공연, 스트라빈스키의 병사이야기",복합,기타,강릉아트센터 (구. 강릉문화예술관),0.8987012987012987,2,692.0,347.0,15005.78034682081,5192000.0,7,385,연극+대중음악,연극,대중음악,0.5371428571428571,0.6699285714285714,0.43575780716963297,64.99103488485846,65.43232905629154,0.8,False
비오케이 문화산책 (10월),복합,충청,비오케이아트센터(BOK아트센터),1.0,1,220.0,220.0,181.8181818181818,40000.0,9,220,한국음악+서양음악,한국음악,서양음악,0.8914285714285715,0.2967142857142857,0.39470840959884274,65.57598334710623,65.39620126541459,0.7627118644067796,False
송년콘서트 [광양],복합,호남,광양시문화예술회관,0.9306122448979592,1,456.0,456.0,4989.035087719299,2275000.0,3,490,한국음악+대중음악,한국음악,대중음악,0.6257142857142857,0.4215714285714286,0.5625530089158913,61.044899923241125,65.11038200016041,0.90625,False
누모리 쇼 [논산],복합,충청,논산아트센터(구. 논산문화예술회관),0.9482142857142856,1,531.0,531.0,4067.796610169492,2160000.0,5,560,한국음악+연극,한국음악,연극,0.6757142857142857,0.45899999999999996,0.5741216165055641,65.07667512723756,64.89689304554592,0.7457627118644068,False
마티네 콘서트 [용인],복합,경인,용인포은아트홀,0.8482922954725973,4,4272.0,1068.0,10305.945692883895,11006750.0,5,1259,서양음악+대중음악,서양음악,대중음악,0.4714285714285714,0.9156428571428572,0.5475246004079397,66.8691470348027,64.75411997750707,0.6822429906542056,False
"수성아트피아 렉처콘서트 시리즈, 정호승의 작업노트",복합,영남,수성아트피아,1.0232558139534884,1,308.0,1.0,12162.337662337664,3746000.0,3,301,서양음악+한국음악,서양음악,한국음악,0.8914285714285715,0.26807142857142857,0.462107743292024,63.6089802840034,64.75083436034913,0.7346938775510204,False
무브먼트 코리아 [논산],복합,충청,논산아트센터(구. 논산문화예술회관),0.9446428571428572,1,529.0,529.0,9168.241965973535,4850000.0,5,560,,,,0.6728571428571428,0.45792857142857146,0.5327883340863727,64.89343390473667,64.71365182304503,0.7288135593220338,False
엘림아트센터 크리스마스 콘서트: MUSIC & MAGIC,복합,경인,엘림아트센터,1.0,1,298.0,298.0,48288.590604026846,14390000.0,3,298,뮤지컬+서양음악,뮤지컬,서양음악,0.8914285714285715,0.33199999999999996,0.2260223647256261,66.73214486722445,64.61711780992883,0.6728971962616822,False
어느 삐에로의 사랑 이야기,복합,서울,신한카드 SOL페이 스퀘어(구.신한pLay 스퀘어),0.9787735849056604,1,415.0,415.0,5156.626506024097,2140000.0,6,424,서양음악+무용,서양음악,무용,0.7271428571428571,0.4008571428571429,0.5530822552372114,64.81966156371952,64.48949697374617,0.6887417218543046,False
"국립국악관현악단, 베스트컬렉션 [장흥]",복합,호남,장흥문화예술회관,0.9233870967741936,1,458.0,458.0,3144.1048034934497,1440000.0,5,496,연극+뮤지컬,연극,뮤지컬,0.6114285714285714,0.4228571428571428,0.5453173024676651,60.39916933059525,64.46465140751454,0.875,False
"Asia & Saha Ⅱ, 중국편 (5.17)",복합,영남,을숙도문화회관,0.9177126917712692,1,658.0,658.0,2385.258358662614,1569500.0,4,717,뮤지컬+무용,뮤지컬,무용,0.5942857142857143,0.5162142857142857,0.56098169674715,63.218858675316916,64.36071275166265,0.7244897959183674,False
발레 메카닉 [강동],복합,서울,강동아트센터,0.912,2,456.0,228.0,6389.802631578948,1456875.0,7,250,서양음악+무용,서양음악,무용,0.5785714285714286,0.5805,0.492634619954361,64.61288884851501,64.28272425854166,0.6821192052980133,False
"한국 중국 일본, 발악콘서트",복합,영남,을숙도문화회관,0.9149232914923292,1,656.0,656.0,2146.3414634146343,1408000.0,4,717,한국음악+대중음악,한국음악,대중음악,0.5914285714285714,0.5151428571428571,0.5433314065522342,63.02740917810753,64.16926325445327,0.7142857142857143,False
"발레와 국악의 조합, 마블링 [화성]",복합,경인,반석아트홀(동탄복합문화센터),0.9653284671532848,1,529.0,529.0,8986.767485822305,4754000.0,5,548,무용+서양음악,무용,서양음악,0.6985714285714286,0.45792857142857146,0.5376150465321963,66.12180978655712,64.0067827292615,0.6635514018691588,False
신년음악회,복합,서울,예술의전당 [서울],0.8906187624750499,1,2231.0,2231.0,3079.336620349619,6870000.0,10,2505,서양음악+연극,서양음악,연극,0.5314285714285715,0.6554285714285714,0.6839752466585178,64.22144316838533,63.89127857841199,0.6754966887417219,False
"일루젼매지컬, 몽환록 [대전]",복합,충청,대전시립연정국악원,0.92,1,690.0,690.0,10736.231884057972,7408000.0,6,750,한국음악+대중음악,한국음악,대중음악,0.6042857142857143,0.5234285714285715,0.5201649818836319,64.01450493668543,63.834722854993785,0.711864406779661,False
"키즈콘서트2, 클래식 in 발레 [화성]",복합,경인,반석아트홀(동탄복합문화센터),0.9635036496350364,1,528.0,528.0,13306.818181818182,7026000.0,5,548,서양음악+뮤지컬,서양음악,뮤지컬,0.6907142857142857,0.45671428571428574,0.47776058934542276,65.69655522442072,63.5815281671251,0.6542056074766355,False
"아트클래스 시리즈 3, 미켈란젤로와 음악의 만남",복합,영남,을숙도문화회관,0.9121338912133892,1,654.0,654.0,3010.7033639143733,1969000.0,4,717,,,,0.58,0.5140714285714286,0.5836978571316095,62.376504944064735,63.51835902041047,0.7040816326530612,False
그림이 오감를 만났을때: 감각주의,복합,영남,대덕문화전당,0.9309701492537312,1,499.0,499.0,9579.158316633266,4780000.0,4,536,,,,0.6314285714285715,0.4441428571428572,0.5211561116723,62.29008439338804,63.43193846973378,0.6938775510204082,False
"체어, 테이블, 체어 [김포]",복합,경인,통진두레문화센터,1.0,1,217.0,217.0,13668.20276497696,2966000.0,4,217,연극+무용,연극,무용,0.8914285714285715,0.2948571428571429,0.4240372605082087,65.45258008097753,63.337553023681906,0.6448598130841121,False
재즈& 국악 울림콘서트,복합,영남,의령군민문화회관,0.9661016949152542,1,342.0,342.0,4415.204678362573,1510000.0,4,354,대중음악+한국음악,대중음악,한국음악,0.7028571428571428,0.36242857142857143,0.5326575764945798,61.830144225482556,62.97199830182829,0.6836734693877551,False
5히려 좋아,복합,서울,오류아트홀,0.978082191780822,1,357.0,357.0,6801.120448179272,2428000.0,5,365,한국음악+무용,한국음악,무용,0.7228571428571429,0.374,0.5325976601853682,63.29766930460758,62.96750471463424,0.6688741721854304,False
한밤의 유U;콘서트: 가을 밤 현의 풍류 (10월),복합,영남,(재)영화의전당,0.901307966706302,1,758.0,758.0,2992.0844327176783,2268000.0,8,841,한국음악+서양음악,한국음악,서양음악,0.55,0.5427857142857142,0.5952188679984808,61.74046092527051,62.88231500161625,0.673469387755102,False
"이천국제음악제, icmf 오프닝 콘서트: 동서양의 하모니",복합,경인,이천아트홀,0.9108333333333334,1,1093.0,1093.0,1485.818847209515,1624000.0,6,1200,뮤지컬+서양음악,뮤지컬,서양음악,0.575,0.5982142857142857,0.5649415966762504,64.99664747933332,62.8816204220377,0.6355140186915887,False
춘향: 날개를 뜯긴 새 [평택],복합,경인,평택시남부문예회관,0.9405940594059404,1,570.0,570.0,8343.859649122807,4756000.0,3,606,무용+한국음악,무용,한국음악,0.6571428571428571,0.47785714285714287,0.5549885889029059,64.95600707777385,62.84098002047823,0.6261682242990654,False
이태석 사랑나눔 음악회,복합,서울,스카이아트홀,0.9037487335359676,1,892.0,892.0,4641.255605381166,4140000.0,0,987,서양음악+무용,서양음악,무용,0.5614285714285714,0.5657142857142857,0.6148817624999068,63.15771351529311,62.82754892531977,0.6622516556291391,False
세종국악심포니오케스트라 & 김경호의 아리랑목동 [무안],복합,호남,무안승달문화예술회관,0.9094412331406552,1,472.0,472.0,12245.762711864409,5780000.0,2,519,한국음악+연극,한국음악,연극,0.5714285714285714,0.42928571428571427,0.4854714988747172,58.65498209510962,62.72046417202891,0.84375,False
세종예술의전당 국립심포니오케스트라 신년음악회,복합,충청,세종예술의전당,0.907563025210084,1,972.0,972.0,51273.66255144033,49838000.0,1,1071,서양음악+무용,서양음악,무용,0.57,0.5781428571428572,0.2238788470537122,62.895044442905665,62.71526236121402,0.6949152542372882,False
폴리팝 [안산],복합,경인,안산문화예술의전당,0.8547486033519553,2,1224.0,612.0,9424.83660130719,5768000.0,6,716,,,,0.4857142857142857,0.7837857142857143,0.5394871314290018,64.78129740392122,62.666270346625595,0.616822429906542,False
"성동문화나눔 송년 공연, 송년콘서트: 수고했어, 올해도!",복합,서울,소월아트홀(성동문화회관),0.9384615384615383,1,488.0,488.0,7899.590163934426,3855000.0,5,520,서양음악+대중음악,서양음악,대중음악,0.6485714285714286,0.44042857142857145,0.5465716664545873,62.97113944874524,62.6409748587719,0.6556291390728477,False
조용필 음악과 함께하는 빛의 베아트리체 [하남],복합,경인,하남문화예술회관,0.8485181119648738,2,1546.0,773.0,4083.441138421733,3156500.0,4,911,,,,0.4735714285714286,0.8133571428571429,0.6026168774801685,64.68106049126307,62.56603343396745,0.6074766355140186,False
"손병호 & 최지연과 함께하는 여민락 콘서트, 지금 뛰다: NOW JUMP [세종] (8월)",복합,충청,세종예술의전당,0.900093370681606,1,964.0,964.0,8809.128630705394,8492000.0,1,1071,연극+한국음악,연극,한국음악,0.5442857142857143,0.5765714285714285,0.5779753059890184,62.54165983555586,62.36187775386422,0.6779661016949152,False
피아노선생님이 들려주는 국악이야기 [김해],복합,영남,김해서부문화센터,0.9044862518089724,1,625.0,625.0,8352.0,5220000.0,5,691,한국음악+서양음악,한국음악,서양음악,0.5628571428571428,0.5032857142857143,0.5630228380755109,61.05812615229287,62.19998022863861,0.6632653061224489,False
"굿모닝콘서트, 비원 of No boundary",복합,영남,을숙도문화회관,0.9952380952380953,1,209.0,209.0,2102.870813397129,439500.0,4,210,한국음악+서양음악,한국음악,서양음악,0.7785714285714286,0.29228571428571426,0.46398534694642735,61.008663052276304,62.15051712862204,0.6530612244897959,False
레이저 무브 아트쇼,복합,서울,꿈의숲아트센터,0.9893992932862192,1,280.0,280.0,3048.214285714286,853500.0,8,283,,,,0.7671428571428571,0.3235,0.5102162894765931,62.43101681410692,62.100852224133575,0.6490066225165563,False
"은평과 마주해, 봄 콘서트",복합,서울,은평문화예술회관,0.912981455064194,1,640.0,640.0,21309.375,13638000.0,3,701,대중음악+한국음악,대중음악,한국음악,0.5828571428571429,0.5084285714285715,0.4005719394644231,62.323243301187034,61.99307871121369,0.6423841059602649,False
제10회 서울페스티발앙상블 정기연주회,복합,서울,예술의전당 [서울],0.9233333333333332,1,554.0,554.0,3675.090252707581,2036000.0,10,600,서양음악+연극,서양음악,연극,0.61,0.46978571428571425,0.5743906803011796,62.26369060066676,61.93352601069342,0.6357615894039735,False
"함께하는 사랑밭 감사 콘서트, 담다 닮다",복합,서울,건국대학교 새천년관,0.9055900621118012,1,729.0,729.0,473.2510288065844,345000.0,8,805,대중음악+한국음악,대중음악,한국음악,0.5642857142857143,0.533,0.4530885083247758,62.19674980693555,61.86658521696221,0.6291390728476821,False
"제60회 예술공감, 앙상블 이도: 새롭게 만난 희로애락의 소리",복합,영남,을숙도문화회관,0.9904761904761904,1,208.0,208.0,3442.3076923076924,716000.0,4,210,서양음악+한국음악,서양음악,한국음악,0.7714285714285715,0.2912142857142857,0.48399797763732666,60.661292936285314,61.80314701263105,0.6428571428571429,False
루비뮤직 Ruby music Vin chaud Christmas,복합,서울,더케이호텔 [서울],1.0,1,100.0,100.0,1500.0,150000.0,5,100,서양음악+한국음악,서양음악,한국음악,0.8914285714285715,0.24414285714285713,0.41639068104907484,61.84954109548704,61.5193765055137,0.6225165562913907,False
"피카스 그림동화 음악회, 장난감 병정과 발레리나",복합,서울,예술의전당 [서울],1.0,1,100.0,100.0,23610.0,2361000.0,10,100,서양음악+한국음악,서양음악,한국음악,0.8914285714285715,0.24414285714285713,0.3095985272352481,61.83781682165469,61.50765223168135,0.6158940397350994,False
"춘하추동, 디톡스 콘서트 : 남상일&박구윤&최연화",복합,경인,남동소래아트홀,0.9203413940256046,1,647.0,647.0,5080.370942812983,3287000.0,2,703,대중음악+한국음악,대중음악,한국음악,0.6057142857142858,0.5105714285714286,0.5863746826545778,63.613729925989645,61.498702868694025,0.5981308411214953,False
신데렐라의 모래 이야기,복합,서울,소월아트홀(성동문화회관),0.9307692307692308,1,484.0,484.0,12811.98347107438,6201000.0,5,520,,,,0.6285714285714286,0.4343571428571429,0.48029971128443044,61.734993756100785,61.40482916612744,0.609271523178808,False
"The e-끌림 국악 콘서트, 토끼의 간을 찾아라",복합,영남,해운대문화회관,0.9301310043668122,1,426.0,426.0,1490.6103286384975,635000.0,6,458,한국음악+서양음악,한국음악,서양음악,0.6221428571428571,0.40764285714285714,0.4826558136091919,60.25998381972855,61.401837896074284,0.6275510204081632,False
"The e-끌림 국악 콘서트, 유네스코 창작품 우리네 보물찾기",복합,영남,해운대문화회관,0.9301310043668122,1,426.0,426.0,680.7511737089202,290000.0,6,458,한국음악+서양음악,한국음악,서양음악,0.6221428571428571,0.40764285714285714,0.4429439738683553,60.25998381972855,61.401837896074284,0.6275510204081632,False
콜드 블러드 [성남],복합,경인,성남아트센터,0.8173503325942351,2,2949.0,1479.0,11665.6493726687,17201000.0,7,1804,,,,0.43714285714285717,0.8710714285714285,0.5405440283367936,63.434836367459404,61.319809310163784,0.5887850467289719,False
"EHWAJANG 326 ARTSTREET BORN SS CONCERT, Stage concert",복합,서울,한예극장,0.85,5,850.0,170.0,45176.470588235294,7680000.0,0,200,서양음악+대중음악,서양음악,대중음악,0.47785714285714287,0.7156428571428571,0.2332295002363294,61.647910332342114,61.31774574236877,0.6026490066225165,False
Nuvelletoile: En Espana [부평],복합,경인,부평아트센터,0.9876160990712074,1,319.0,319.0,1855.799373040752,592000.0,10,323,서양음악+무용,서양음악,무용,0.7514285714285714,0.3487142857142857,0.4791370313877459,63.19529913062617,61.08027207333055,0.5794392523364486,False
"월드뮤직 페스티벌, 국악 & 트로트 Sweet콘서트 [의령]",복합,영남,의령군민문화회관,0.943502824858757,1,334.0,334.0,3883.233532934132,1297000.0,4,354,한국음악+대중음악,한국음악,대중음악,0.6642857142857143,0.3567857142857143,0.5252879408461008,59.82733993379519,60.969194010140924,0.6122448979591837,False
"팀 퍼니스트 서커스 음악극: 체어,테이블,체어 [광주]",복합,호남,광주북구문화센터(양산도서관),0.9151193633952256,1,345.0,345.0,8608.695652173914,2970000.0,3,377,뮤지컬+한국음악,뮤지컬,한국음악,0.5928571428571429,0.3637142857142857,0.514968607709742,56.84642218445435,60.91190426137364,0.8125,False
"The Strangers Strange Songs, 이방인의 낯선 노래",복합,서울,선릉문화공간 제이드409,1.0,1,80.0,80.0,9750.0,780000.0,0,80,서양음악+한국음악,서양음악,한국음악,0.8914285714285715,0.23464285714285715,0.39189524840157075,61.11748523811783,60.78732064814449,0.5960264900662252,False
햄릿: 소리의심리학,복합,서울,한국콘텐츠진흥원 CKL스테이지,0.9,2,342.0,171.0,526.3157894736842,90000.0,3,190,뮤지컬+연극,뮤지컬,연극,0.5414285714285715,0.5357857142857143,0.4036721877236486,61.019398732064765,60.68923414209142,0.5894039735099338,False
힐링음악회 [안산],복합,경인,안산문화예술의전당,0.8900190718372537,1,1400.0,1400.0,35714.28571428572,50000000.0,6,1573,대중무용+무용,대중무용,무용,0.53,0.6227142857142858,0.31552618826761925,62.66062703522608,60.54559997793046,0.5700934579439252,False
진조크루 X 악단광칠: 리듬 오브 코리아 [대구],복합,영남,어울아트센터(구. 대구북구문예회관),0.9247058823529412,1,393.0,393.0,11908.396946564886,4680000.0,5,425,한국음악+대중음악,한국음악,대중음악,0.6128571428571429,0.3931428571428572,0.4819981117106883,59.162258262682535,60.30411233902827,0.6020408163265306,False
"제76회 (사)한국여성작곡가회 봄 정기발표회, 도약",복합,서울,예술의전당 [서울],0.9491525423728814,1,336.0,336.0,517.8571428571429,174000.0,10,354,서양음악+한국음악,서양음악,한국음악,0.6785714285714286,0.3578571428571429,0.41928901278537745,60.52164055046397,60.19147596049063,0.5827814569536424,False
"더 하우스 콘서트, 해금과 재즈피아노의 만남 [양산]",복합,영남,쌍벽루아트홀,0.968,1,242.0,242.0,11950.413223140496,2892000.0,3,250,서양음악+한국음악,서양음악,한국음악,0.7071428571428572,0.30542857142857144,0.44901216210002953,58.915080810797036,60.05693488714277,0.5918367346938775,False
"시대 융화 콘서트, 이:음 [경기 광주]",복합,경인,남한산성아트홀,0.8998073217726397,1,934.0,934.0,4202.355460385439,3925000.0,8,1038,한국음악+연극,한국음악,연극,0.5385714285714286,0.5725714285714286,0.6178351949742102,62.08269437601079,59.96766731871517,0.5607476635514018,False
김봉곤 훈장과 함께하는 NEW 조선통신사,복합,호남,무안승달문화예술회관,0.8882466281310212,1,461.0,461.0,5450.108459869848,2512500.0,2,519,한국음악+무용,한국음악,무용,0.52,0.4243571428571429,0.5610831590762361,55.75978966029403,59.82527173721333,0.78125,False
"JUKEBOX OPERA, 내가 너라면? BODY CHANGE [광주]",복합,호남,광산문화예술회관,0.9222222222222224,1,498.0,1.0,682.7309236947791,340000.0,1,540,서양음악+대중음악,서양음악,대중음악,0.6071428571428571,0.32657142857142857,0.4512553743693779,55.69791022480718,59.763392301726476,0.75,False
"국립정동극장 예술단, 모던정동",복합,서울,국립정동극장,0.8159509202453987,4,1064.0,266.0,32744.36090225564,8710000.0,2,326,서양음악+한국음악,서양음악,한국음악,0.4357142857142857,0.7442142857142857,0.3104959544188419,60.05011258591225,59.71994799593891,0.5761589403973509,False
ACC 브런치콘서트 (패키지),복합,호남,국립아시아문화전당,0.7220052083333334,3,1109.0,506.0,30802.52479711452,11386666.666666666,6,512,연극+대중음악,연극,대중음악,0.36,0.79,0.3225908238616142,55.63953590513824,59.705017982057534,0.71875,False
"제24회 SPAF, 김재훈컴퍼니: PNO",복합,서울,대학로예술극장,0.8234126984126984,2,830.0,415.0,23900.0,9918500.0,1,504,,,,0.4442857142857143,0.7050000000000001,0.35780646258882604,59.99663117038235,59.66646658040901,0.5695364238410596,False
"렉처콘서트, 차인표의 여행스케치 [태백]",복합,기타,태백문화예술회관,0.9852216748768472,1,200.0,200.0,16520.0,3304000.0,5,203,대중음악+서양음악,대중음악,서양음악,0.74,0.288,0.3939940864542816,59.21525532194081,59.65654949337389,0.7333333333333333,False
작은겨울아동극축제 [춘천],복합,기타,소극장 여우,0.8,14,1120.0,80.0,1691.071428571429,135285.7142857143,0,100,연극+대중음악,연극,대중음악,0.4142857142857143,0.7564285714285715,0.4125051811020449,59.19436366264384,59.635657834076916,0.6666666666666666,False
Lovely Concert: 매혹적인 클림트의 그림과 함께하는 아름다운 음악회,복합,영남,해운대문화회관,0.9148471615720524,1,419.0,419.0,4630.071599045346,1940000.0,6,458,,,,0.5885714285714285,0.4038571428571428,0.5538488737119983,58.44776632449034,59.589620400836075,0.5816326530612245,False
제2회 이앤아이앙상블 콘서트: 날것. 놀러. OLE! 감정에 자유를 주자 [용인],복합,경인,용인시평생학습관 (여성회관),0.9181969949916527,1,550.0,550.0,2880.0,1584000.0,5,599,대중무용+연극,대중무용,연극,0.6007142857142858,0.466,0.5625678862671843,61.63817266392119,59.52314560662557,0.5467289719626168,False
"이앤아이앙상블 콘서트, 칼레이도 사이클 [용인]",복합,경인,용인시평생학습관(여성회관),0.9181969949916527,1,550.0,550.0,1061.8181818181818,584000.0,5,599,연극+대중무용,연극,대중무용,0.6007142857142858,0.466,0.47825464230422043,61.63817266392119,59.52314560662557,0.5467289719626168,False
풍류 [안성],복합,경인,안성맞춤아트홀,0.9801980198019802,1,297.0,297.0,15690.23569023569,4660000.0,7,303,뮤지컬+대중음악,뮤지컬,대중음악,0.7328571428571429,0.33057142857142857,0.41876800395616404,61.41709305736496,59.30206600006934,0.5327102803738317,False
동물의 사육제와 피터와 늑대,복합,충청,천안어린이꿈누리터(구. 천안시 어린이 회관),0.8500000000000001,2,510.0,250.0,4076.470588235294,1039500.0,5,300,무용+대중무용,무용,대중무용,0.48,0.6012857142857143,0.5052876978835432,59.47642887304683,59.29664679135519,0.6610169491525424,False
"춘향, 날개를 뜯긴 새 [서울]",복합,서울,국립정동극장,0.8190184049079755,3,801.0,267.0,12521.847690387016,3343333.333333333,2,326,무용+한국음악,무용,한국음악,0.43857142857142856,0.7015714285714286,0.4477492268057758,59.54451140196817,59.21434681199483,0.5629139072847682,False
"덴마크 국립체조단, The Show KATA [대구]",복합,영남,어울아트센터(구. 대구북구문예회관),0.9552941176470588,1,406.0,1.0,6130.541871921182,2489000.0,5,425,,,,0.6828571428571428,0.2993571428571428,0.5461044162249802,57.54688440460033,58.688738480946064,0.5714285714285714,False
타악 & DJ퍼포먼스: BEAT OF SCHOOL,복합,호남,전주한벽문화관,0.8212765957446808,2,386.0,20.0,6953.367875647668,1342000.0,4,235,서양음악+한국음악,서양음악,한국음악,0.44142857142857145,0.5099285714285714,0.47207152695069937,54.28539766638505,58.35087974330435,0.6875,False
"서울신문 창간 120주년 기념, 봄날음악회",복합,서울,롯데콘서트홀,0.831532416502947,1,1693.0,1693.0,14936.79858239811,25288000.0,6,2036,대중음악+한국음악,대중음악,한국음악,0.45,0.6387142857142857,0.48917761125441145,58.640578472366066,58.31041388239272,0.5562913907284768,False
"체어, 테이블, 체어 [인천]",복합,경인,인천동구문화체육센터,0.7897465437788018,4,1996.0,495.0,6868.486973947895,3427375.0,1,495,,,,0.40285714285714286,0.8381428571428571,0.5551690766889597,60.1964594945259,58.081432437230276,0.5233644859813084,False
설탕요정이 읽어주는 호두까기 인형,복합,서울,롯데콘서트홀,0.7367387033398821,2,3000.0,1500.0,40284.93333333333,60427400.0,6,2036,서양음악+무용,서양음악,무용,0.37857142857142856,0.8719285714285714,0.2742869298009769,58.410372052088256,58.08020746211491,0.5496688741721855,False
을숙도문화회관 재개관기념 공연,복합,영남,을숙도문화회관,0.8549511854951185,1,613.0,613.0,19548.123980424145,11983000.0,4,717,서양음악+대중음악,서양음악,대중음악,0.48714285714285716,0.5011428571428571,0.41530384029980877,56.73050282325406,57.872356899599794,0.5612244897959183,False
"서울 컬쳐 클럽 예술 축제, ...한 당신을 위하여 건배!",복합,서울,을지공간,0.8888888888888888,3,120.0,40.0,5666.666666666667,226666.66666666663,2,45,연극+서양음악,연극,서양음악,0.5271428571428571,0.4762857142857143,0.39478248517112907,58.11984263255735,57.78967804258401,0.543046357615894,False
미디어아트와 함께 하는 춤 이야기: The Moon [용인],복합,경인,용인포은아트홀,0.8610007942811755,1,1084.0,1084.0,9745.848708487085,10564500.0,5,1259,,,,0.48857142857142855,0.5962857142857143,0.5606982663196297,59.85498887740178,57.73996182010616,0.514018691588785,False
"너드커넥션 단독 공연, 설명하기 어려운 것들",복합,서울,연세대학교 백주년기념관,0.7997587454764776,3,1989.0,633.0,94304.1226747109,62523633.333333336,7,829,,,,0.41,0.8492857142857143,0.11234820658010895,57.99023820323872,57.660073613265375,0.5364238410596026,False
"전원경의 아트살롱, 그림콘서트: 로마의 여름 햇살",복합,충청,당진문예의전당,0.94,1,282.0,282.0,3702.127659574468,1044000.0,5,300,서양음악+뮤지컬,서양음악,뮤지컬,0.6528571428571428,0.3262857142857143,0.5116728346468083,57.74155799058285,57.56177590889121,0.6440677966101694,False
Beyond the Sea,복합,서울,JCC 아트센터,0.9771428571428572,1,171.0,171.0,2105.2631578947367,360000.0,4,175,,,,0.72,0.2770714285714286,0.45491671114513177,57.735611691190826,57.40544710121748,0.5298013245033113,False
"김남중의 쪽마루음악회, 낮별에서 밤별로: I.일월성신, 해와 달의기도",복합,서울,클래식고택 [서촌],1.0,1,30.0,30.0,58000.0,1740000.0,0,30,,,,0.8914285714285715,0.20707142857142857,0.15407517245958113,57.53432880435748,57.204164214384136,0.5231788079470199,False
"시시각각(詩視覺刻): 프린지로 부터, 김세은의 시時와 노래 [경기]",복합,경인,이석영 뉴미디어 도서관,1.0,1,40.0,40.0,750.0,30000.0,0,40,,,,0.8914285714285715,0.20964285714285713,0.39269800248264125,59.08636810889934,56.97134105160372,0.5046728971962616,False
퍼커셔니즘 [충북],복합,충청,증평문화회관,0.902439024390244,1,444.0,444.0,608.1081081081081,270000.0,2,492,대중음악+한국음악,대중음악,한국음악,0.5528571428571428,0.4152857142857143,0.4401503373359941,57.122941110624694,56.94315902893305,0.6271186440677966,False
페페의 꿈 [부산],복합,영남,금정문화회관,0.8352272727272727,1,735.0,735.0,5355.102040816327,3936000.0,5,880,뮤지컬+연극,뮤지컬,연극,0.45285714285714285,0.5356428571428571,0.5968943727254182,55.80115733909802,56.943011415443756,0.5510204081632653,False
동물의 사육제 & 피터와 늑대 [광양],복합,호남,광양시문화예술회관,0.8510204081632653,1,417.0,417.0,3000.0,1251000.0,3,490,연극+서양음악,연극,서양음악,0.48142857142857143,0.4027857142857143,0.5327199222765928,52.8187535333025,56.88423561022179,0.65625,False
"체어, 테이블, 체어 [서울]",복합,서울,강동아트센터,0.944,1,236.0,236.0,20432.20338983051,4822000.0,7,250,연극+뮤지컬,연극,뮤지컬,0.6657142857142857,0.30428571428571427,0.36997150456036604,57.09898751560544,56.768822925632094,0.5165562913907285,False
가을날의 음악산책 [홍성],복합,충청,홍주문화회관,0.8828382838283828,1,535.0,535.0,13738.317757009348,7350000.0,1,606,서양음악+뮤지컬,서양음악,뮤지컬,0.515,0.4600714285714286,0.46776445281367046,56.85271294770795,56.67293086601631,0.6101694915254238,False
몽환록: 꿈 같은 마술 이야기 [세종],복합,충청,세종예술의전당,0.8534080298786181,1,914.0,430.0,18026.25820568928,16476000.0,1,1071,연극+서양음악,연극,서양음악,0.48428571428571426,0.5074285714285715,0.43846164813684063,56.775805471921814,56.59602339023017,0.5932203389830508,False
김준수 X 두번째달 콘서트 [광주],복합,호남,예술의 전당 [광주] (구. 광주문화예술회관),0.8432539682539683,1,425.0,425.0,19032.941176470587,8089000.0,8,504,한국음악+대중음악,한국음악,대중음악,0.47,0.4065714285714286,0.405318908795372,52.33472972841453,56.400211805333825,0.625,False
환대 (歡待),복합,서울,롯데콘서트홀,0.7097249508840865,2,2890.0,1445.0,1272.491349480969,1838750.0,6,2036,,,,0.345,0.8702142857142857,0.5782692420703506,56.33747911699061,56.007314527017265,0.5099337748344371,False
"김수인, 이승민 극락 콘서트 [평택]",복합,경인,한국소리터,0.9012567324955116,1,502.0,502.0,9434.262948207172,4736000.0,5,557,한국음악+대중음악,한국음악,대중음악,0.5471428571428572,0.44585714285714284,0.5226206878689752,58.050917149807226,55.935890092511606,0.4953271028037383,False
"옛 그림과 소통하는 즐거움, 화통콘서트 [예산]",복합,충청,충남도청 문예회관,0.8397129186602871,1,702.0,702.0,904.5584045584044,635000.0,8,836,,,,0.46,0.5307142857142857,0.4826558136091919,56.08376350066595,55.90398141897431,0.576271186440678,False
"전원경의 아트살롱, 그림 콘서트: 상트페테르부르크의 겨울 바람",복합,충청,당진문예의전당,0.93,1,279.0,279.0,3308.2437275985662,923000.0,5,300,,,,0.62,0.32171428571428573,0.5100514520126025,56.03210633649805,55.85232425480641,0.559322033898305,False
모던 아트 콜렉션 /혼,복합,서울,꿈의숲아트센터,0.9434628975265018,1,267.0,267.0,61498.12734082397,16420000.0,8,283,,,,0.6628571428571428,0.316,0.168554855415555,56.18159021357154,55.851425623598196,0.5033112582781457,False
"돈키호테, 엉뚱하면 어때? [남양주]",복합,경인,다산아트홀,0.907258064516129,1,450.0,450.0,8814.666666666666,3966600.0,3,496,연극+뮤지컬,연극,뮤지컬,0.5671428571428572,0.41721428571428576,0.5317355903390335,57.936730659811694,55.821703602516074,0.48598130841121495,False
알리 with 아듀 Concert [부산],복합,영남,을숙도문화회관,0.8410041841004184,1,603.0,603.0,38046.43449419569,22942000.0,4,717,서양음악+대중음악,서양음악,대중음악,0.46285714285714286,0.49492857142857144,0.2768037858676446,54.575325488279205,55.71717956462494,0.5408163265306123,False
JAZZ & 국악 with 웅산 [장흥],복합,호남,장흥문화예술회관,0.8387096774193549,1,416.0,416.0,3076.923076923077,1280000.0,5,496,한국음악+대중음악,한국음악,대중음악,0.45714285714285713,0.4017142857142857,0.5343615884418182,51.42817961821983,55.493661695139124,0.59375,False
"신년음악회, 뮤지컬 콘서트",복합,제주,서귀포예술의전당,0.8403990024937655,1,674.0,674.0,14657.270029673591,9879000.0,5,802,대중음악+연극,대중음악,연극,0.4614285714285714,0.5202857142857142,0.47167288198070867,55.83735164412009,55.31797135162212,0.5,False
더 퍼스트 뮤직 IN 슬램덩크,복합,경인,성남아트센터,0.8137472283813747,1,1468.0,1468.0,33279.29155313352,48854000.0,7,1804,대중음악+서양음악,대중음악,서양음악,0.4342857142857143,0.6314285714285715,0.3272171769907076,57.047819816569515,54.932792759273894,0.4766355140186916,False
해설이 있는 오페라 갈라 뮤지컬 합창 [경기 광주],복합,경인,남한산성아트홀,0.9407407407407408,1,254.0,254.0,2688.976377952756,683000.0,8,270,,,,0.6585714285714286,0.3087142857142857,0.4861575758620781,57.03854791695103,54.92352085965541,0.4672897196261682,False
"모도다프로젝트, 감정: 팔이",복합,서울,서울돈화문국악당,0.9637681159420288,1,133.0,133.0,4210.526315789473,560000.0,6,138,무용+한국음악,무용,한국음악,0.6928571428571428,0.25442857142857145,0.45740226034758585,55.20667779486052,54.876513204887175,0.4966887417218543,False
홍지민과 함께하는 판타스틱쇼 [하남],복합,경인,하남문화예술회관,0.8485181119648738,1,773.0,773.0,36452.781371280726,28178000.0,4,911,뮤지컬+대중음악,뮤지컬,대중음악,0.4735714285714286,0.548,0.302099959587957,56.975558997385534,54.86053194008991,0.45794392523364486,False
"일상으로 녹아내린 V, Real K-pop",복합,영남,해운대문화회관,0.8733624454148472,1,400.0,400.0,2075.0,830000.0,6,458,무용+서양음악,무용,서양음악,0.5014285714285714,0.39592857142857146,0.5059762213480288,53.62775184809065,54.769605924436384,0.5306122448979592,False
"안산시립예술단 기획연주회, 목요보노음악회",복합,경인,보노마루,0.75,8,1218.0,149.0,5451.559934318555,830000.0,1,203,연극+서양음악,연극,서양음악,0.38142857142857145,0.7531428571428571,0.4673644215600829,56.7243880224664,54.60936096517078,0.4485981308411215,False
"몽골국립예술단 초청공연, Nomad, met as art [예산]",복합,충청,충남도청 문예회관,0.8229665071770335,1,688.0,688.0,1625.7267441860463,1118500.0,8,836,무용+대중음악,무용,대중음악,0.44285714285714284,0.5227142857142857,0.525290244956741,54.77862637944667,54.59884429775503,0.5423728813559322,False
"인 하우스 아티스트 시리즈 I, 이진상",복합,서울,롯데콘서트홀,0.7716110019646365,1,1571.0,1571.0,4814.767663908338,7564000.0,6,2036,,,,0.39357142857142857,0.6355,0.6545556544702663,54.757857602735214,54.42769301276187,0.4900662251655629,False
"한글음악집현전 시리즈3, 마법글자 한글: 뮤직 & 매직밴드를 만나다! [경산]",복합,영남,예술마을 민아트홀,0.9473684210526316,1,90.0,90.0,18444.444444444445,1660000.0,0,95,대중음악+서양음악,대중음악,서양음악,0.6742857142857143,0.23614285714285715,0.33908165242424776,53.25672097906092,54.39857505540666,0.5204081632653061,False
"발레 & 스트릿, 비트 온 포인트",복합,서울,강북문화예술회관,0.842814371257485,1,563.0,563.0,13591.474245115453,7652000.0,7,668,무용+서양음악,무용,서양음악,0.4685714285714286,0.47378571428571425,0.47710227704383157,54.7094678308231,54.37930324084976,0.48344370860927155,False
ACC 송년음악회,복합,호남,국립아시아문화전당,0.7351694915254238,1,694.0,694.0,16554.755043227666,11489000.0,6,944,서양음악+대중음악,서양음악,대중음악,0.37142857142857144,0.5264285714285715,0.448690452596804,50.273542613790724,54.33902469071002,0.5625,False
"전원경의 아트살롱, 그림콘서트: 봄을 맞은 파리",복합,충청,당진문예의전당,0.9133333333333332,1,274.0,274.0,2795.620437956205,766000.0,5,300,서양음악+한국음악,서양음악,한국음악,0.5857142857142857,0.31957142857142856,0.4939757732748986,54.35171992123175,54.17193783954011,0.5254237288135594,False
Talk Talk Talk,복합,서울,은평문화예술회관,0.7857142857142858,2,550.0,218.0,190.9090909090909,52500.0,3,350,연극+대중음악,연극,대중음악,0.4014285714285714,0.6037857142857143,0.39671201321581173,54.45891567881669,54.128751088843345,0.4768211920529801,False
방과후 공연놀이터,복합,서울,노원어린이극장 (구.노원어울림극장),0.7078431372549019,8,2888.0,166.0,4160.664819944598,1502000.0,6,204,무용+대중음악,무용,대중음악,0.3392857142857143,0.7976428571428571,0.5351799888810744,54.428370336428166,54.09820574645482,0.4602649006622517,False
방과후 공연놀이터,복합,서울,노원어린이극장(구.노원어울림극장),0.7078431372549019,8,2888.0,166.0,4160.664819944598,1502000.0,6,204,무용+대중음악,무용,대중음악,0.3392857142857143,0.7976428571428571,0.5351799888810744,54.428370336428166,54.09820574645482,0.4602649006622517,False
방과후 공연놀이터,복합,서울,노원어린이극장 (구.노원어울림극장),0.7078431372549019,8,2888.0,166.0,4160.664819944598,1502000.0,6,204,무용+대중음악,무용,대중음악,0.3392857142857143,0.7976428571428571,0.5351799888810744,54.428370336428166,54.09820574645482,0.4602649006622517,False
방과후 공연놀이터,복합,서울,노원어린이극장(구.노원어울림극장),0.7078431372549019,8,2888.0,166.0,4160.664819944598,1502000.0,6,204,무용+대중음악,무용,대중음악,0.3392857142857143,0.7976428571428571,0.5351799888810744,54.428370336428166,54.09820574645482,0.4602649006622517,False
김동규와 함께하는 신년 음악회,복합,영남,울주문화예술회관,0.8811369509043928,1,341.0,341.0,15958.944281524926,5442000.0,5,387,서양음악+한국음악,서양음악,한국음악,0.5114285714285715,0.36114285714285715,0.4262439725790872,52.686118239614174,53.82797231595991,0.5102040816326531,False
"제6회 마포 M국악 페스티벌, 꼬레아 리듬터치 Ⅲ: 첼로가야금 2.0 콘서트",복합,서울,마포아트센터,0.9303482587064676,1,187.0,187.0,12192.513368983957,2280000.0,3,201,한국음악+무용,한국음악,무용,0.6242857142857143,0.28314285714285714,0.4319165429899634,54.11197453239661,53.781809942423266,0.44370860927152317,False
재즈 온 메이플스토리 [고양],복합,경인,고양아람누리,0.8247066942719117,1,1195.0,1195.0,69690.37656903766,83280000.0,6,1449,서양음악+대중음악,서양음악,대중음악,0.44571428571428573,0.6100000000000001,0.15821746780805554,55.78880119141113,53.67377413411551,0.4392523364485981,False
기원: 더 비기닝,복합,서울,소월아트홀 (성동문화회관),0.7269230769230769,2,756.0,378.0,9149.20634920635,3458400.0,5,520,대중음악+한국음악,대중음악,한국음악,0.36428571428571427,0.6887857142857142,0.5127290851736174,53.96924089510405,53.63907630513071,0.4370860927152318,False
"춘하추동, 디톡스 콘서트 [보성]",복합,호남,보성군문화예술회관,0.8048289738430584,1,400.0,400.0,1312.0,524800.0,6,497,대중음악+한국음악,대중음악,한국음악,0.42714285714285716,0.39592857142857146,0.4738263020710011,49.49617369066652,53.56165576758581,0.53125,False
Re:born과 함께하는 Refresh Concert,복합,영남,영도문화예술회관,0.925,1,148.0,148.0,5270.27027027027,780000.0,3,160,서양음악+연극,서양음악,연극,0.6142857142857143,0.2601428571428571,0.4647168701467193,52.329764407370696,53.47161848371643,0.5,False
"The Strangers Strange Songs, 이방인의 낯선 노래 BY 서린사랑",복합,서울,서울돈화문국악당,0.9420289855072465,1,130.0,130.0,9907.692307692309,1288000.0,6,138,서양음악+뮤지컬,서양음악,뮤지컬,0.66,0.25242857142857145,0.419550665920891,53.7543383528461,53.424173762872755,0.4304635761589404,False
춘하추동 디톡스 콘서트,복합,영남,상주문화회관,0.841796875,1,431.0,431.0,4791.183294663573,2065000.0,4,512,대중음악+뮤지컬,대중음악,뮤지컬,0.4657142857142857,0.4105,0.5560838094190564,52.24608209066906,53.3879361670148,0.4897959183673469,False
너에게 들려주고 싶은 클래식 이야기: 너클리,복합,경인,성남아트센터,0.8130671506352087,1,896.0,896.0,7143.973214285715,6401000.0,7,1102,,,,0.4328571428571429,0.5664285714285715,0.5907202708604145,55.47736684764273,53.36233979034711,0.42990654205607476,False
One Free Drink Concert [대전],복합,충청,조이마루아트홀(복합문화공간 플랜에이),0.7653061224489796,3,450.0,150.0,366.6666666666667,55000.0,5,196,서양음악+대중음악,서양음악,대중음악,0.3871428571428571,0.5963571428571429,0.39771128874640593,53.282863085879974,53.10308100418833,0.5084745762711864,False
꿈꾸는 어린이 예술극장 [공주],복합,충청,공주문예회관,0.6868044515103339,4,1728.0,432.0,3567.708333333333,1541250.0,5,629,대중무용+무용,대중무용,무용,0.32,0.8167857142857143,0.5502032834926048,53.23624672427479,53.05646464258315,0.4915254237288136,False
송년음악회 [논산],복합,충청,건양대학교,0.7366666666666666,1,1768.0,1025.0,5769.2307692307695,10200000.0,4,1200,대중음악+서양음악,대중음악,서양음악,0.375,0.6256428571428572,0.6463324786687914,53.20023871980635,53.02045663811471,0.4491525423728814,False
송년음악회 [논산],복합,충청,건양대학교,0.7366666666666666,1,1768.0,1025.0,5769.2307692307695,10200000.0,4,1200,대중음악+서양음악,대중음악,서양음악,0.375,0.6256428571428572,0.6463324786687914,53.20023871980635,53.02045663811471,0.4491525423728814,False
송년음악회 [논산],복합,충청,건양대학교,0.7366666666666666,1,1768.0,1025.0,5769.2307692307695,10200000.0,4,1200,대중음악+서양음악,대중음악,서양음악,0.375,0.6256428571428572,0.6463324786687914,53.20023871980635,53.02045663811471,0.4491525423728814,False
송년음악회 [논산],복합,충청,건양대학교,0.7366666666666666,1,1768.0,1025.0,5769.2307692307695,10200000.0,4,1200,대중음악+서양음악,대중음악,서양음악,0.375,0.6256428571428572,0.6463324786687914,53.20023871980635,53.02045663811471,0.4491525423728814,False
"인 하우스 아티스트 시리즈 II, 윤소영",복합,서울,롯데콘서트홀,0.7716110019646365,1,1571.0,590.0,9110.120942075113,14312000.0,6,2036,,,,0.39357142857142857,0.5820714285714286,0.5892604492221627,53.33406258706588,53.00389799709254,0.423841059602649,False
오셀로: 소리의 심리학,복합,서울,성미산마을극장 향,0.7920792079207921,4,320.0,80.0,625.0,50000.0,2,101,뮤지컬+연극,뮤지컬,연극,0.4042857142857143,0.5556428571428571,0.39571105681250685,53.306837538623896,52.97667294865055,0.41721854304635764,False
판타스틱 [남해],복합,영남,남해문화센터 (구. 남해군문화체육센터),0.7692307692307693,1,700.0,700.0,937.1428571428572,656000.0,7,910,연극+한국음악,연극,한국음악,0.39,0.53,0.4844088042452582,51.619651051920876,52.76150512826661,0.47959183673469385,False
시네마 음악회 [부산],복합,영남,(재)영화의전당,0.70675,1,2827.0,2827.0,7270.604881499823,20554000.0,8,4000,서양음악+대중음악,서양음악,대중음악,0.3357142857142857,0.6579999999999999,0.6363320195740655,51.103739329832386,52.24559340617812,0.46938775510204084,False
발레와 스트리트 댄스의 짜릿한 만남! 비트 온 포인트 [예천],복합,영남,예천군문화회관,0.7974683544303798,1,567.0,567.0,6430.335097001764,3646000.0,4,711,뮤지컬+한국음악,뮤지컬,한국음악,0.40714285714285714,0.4769285714285714,0.5683875336544111,51.098648319103425,52.24050239544916,0.45918367346938777,False
"H-issue vol.1, 아트필드: 청 with 오정해 [하남]",복합,경인,하남문화예술회관,0.8057080131723381,1,734.0,734.0,17258.85558583106,12668000.0,4,911,서양음악+한국음악,서양음악,한국음악,0.43,0.5344285714285715,0.4470497192816768,54.33768455323763,52.22265749594201,0.4205607476635514,False
홍지민과 함께하는 판타스틱쇼 시즌2 [고령],복합,영남,경북고령대가야문화누리 (구. 대가야국악당),0.8683385579937304,1,554.0,1.0,5183.393501805054,2871600.0,4,638,대중음악+뮤지컬,대중음악,뮤지컬,0.4957142857142857,0.3409285714285714,0.5728851167844314,50.98174976632167,52.12360384266741,0.4489795918367347,False
에코백 [천안],복합,충청,천안어린이꿈누리터(구. 천안시 어린이 회관),0.7041666666666667,4,845.0,211.0,10757.396449704142,2272500.0,5,300,뮤지컬+대중무용,뮤지컬,대중무용,0.3342857142857143,0.7130714285714286,0.448556386377725,52.23947688164311,52.059694799951465,0.4067796610169492,False
제113회 강릉시립합창단 정기연주회,복합,기타,강릉아트센터(구. 강릉문화예술관),0.7541152263374485,1,733.0,733.0,6869.031377899045,5035000.0,7,972,서양음악+뮤지컬,서양음악,뮤지컬,0.3842857142857143,0.5337142857142858,0.582187644889807,51.347554939955906,51.788849111388984,0.6,False
스피리또 앙상블과 함께하는 베토벤 Ⅹ 클림트: 운명의 키스,복합,경인,다산아트홀,0.8689516129032258,1,431.0,431.0,26621.160092807422,11473720.0,3,496,,,,0.49714285714285716,0.4105,0.35538421107422535,53.86807295686451,51.75304589956889,0.411214953271028,False
송년음악회 [칠곡군],복합,영남,칠곡군교육문화회관,0.8492957746478873,1,603.0,1.0,4336.65008291874,2615000.0,4,710,서양음악+뮤지컬,서양음악,뮤지컬,0.4757142857142857,0.3559285714285714,0.5829825838882845,50.59201210842523,51.73386618477097,0.4387755102040816,False
JAZZ & 국악 With 웅산 [인천],복합,경인,남동소래아트홀,0.829302987197724,1,583.0,583.0,10580.617495711836,6168500.0,2,703,한국음악+뮤지컬,한국음악,뮤지컬,0.4471428571428571,0.48514285714285715,0.5130668741452683,53.82500033932223,51.70997328202661,0.40186915887850466,False
"Chair, Table,  Chair",복합,경인,인천수봉문화회관,0.93125,1,149.0,149.0,2550.3355704697988,380000.0,4,160,연극+대중음악,연극,대중음악,0.635,0.2616428571428571,0.45764987017672654,53.296602820953055,51.181575763657435,0.3878504672897196,False
모래에 이야기 꽃을 피우다 [인천],복합,경인,인천수봉문화회관,0.93125,1,149.0,149.0,7852.3489932885905,1170000.0,4,160,대중음악+연극,대중음악,연극,0.635,0.2616428571428571,0.4522723451707718,53.296602820953055,51.181575763657435,0.3878504672897196,False
안티고네 [대전],,,,0.6982892690513219,2,898.0,448.0,8087.973273942093,3631500.0,7,643,,,,0.3314285714285714,0.7173571428571428,0.5400657428112245,52.10934335650174,51.08372166163964,0.5,False
"크리스마스 이브 송년음악회: 사랑해요, 엄마! 콘서트 [포항]",복합,영남,포항종합운동장,0.6908,1,1727.0,1727.0,7026.751592356688,12135200.0,6,2500,대중음악+연극,대중음악,연극,0.32571428571428573,0.6408571428571428,0.6263216872817143,49.93979695460015,51.081651030945885,0.42857142857142855,False
오리지널 드로잉쇼,복합,영남,양산문화예술회관,0.6608040201005025,2,1052.0,526.0,8566.539923954373,4506000.0,5,796,,,,0.2957142857142857,0.7507857142857143,0.5427795506263665,49.89889781146119,51.04075188780693,0.41836734693877553,False
에코백 [보성],복합,호남,보성군문화예술회관,0.7686116700201208,1,382.0,382.0,3109.9476439790574,1188000.0,6,497,뮤지컬+연극,뮤지컬,연극,0.38857142857142857,0.38871428571428573,0.5294264264608922,46.948809324780285,51.01429140169958,0.5,False
"현대음악앙상블 위로, 빛의 음악",복합,서울,성수아트홀(성수문화복지회관),0.8693181818181818,1,306.0,306.0,6849.673202614379,2096000.0,5,352,,,,0.49857142857142855,0.34478571428571425,0.5196830922438679,51.30131204043112,50.97114745045778,0.4105960264900662,False
"K-클래식 콘서트 3, 충남예술고등학교 [천안]",복합,충청,천안예술의전당,0.7101096224116931,1,1166.0,1166.0,8012.006861063464,9342000.0,3,1642,대중음악+뮤지컬,대중음악,뮤지컬,0.35,0.6088571428571429,0.5986615806332234,50.97868678114364,50.798904699451995,0.3898305084745763,False
"전원경의 아트살롱, 그림콘서트: 고독한 뉴요커",복합,충청,당진문예의전당,0.8866666666666667,1,266.0,266.0,3413.533834586466,908000.0,5,300,뮤지컬+연극,뮤지컬,연극,0.5171428571428571,0.3147857142857143,0.5065992491517803,50.84049492632134,50.6607128446297,0.3728813559322034,False
에코백 [담양],복합,호남,담양문화회관,0.7194029850746269,1,482.0,482.0,3000.0,1446000.0,2,670,뮤지컬+연극,뮤지컬,연극,0.35714285714285715,0.43257142857142855,0.5481826368655265,46.477026342367694,50.54250841928699,0.46875,False
"제34회 거창국제연극제, 굿바이 햄릿 (7/30)",복합,영남,거창 수승대,0.8,1,400.0,400.0,4855.0,1942000.0,2,500,연극+뮤지컬,연극,뮤지컬,0.4142857142857143,0.39592857142857146,0.5502525606687532,48.745556384558874,49.88741046090461,0.4030612244897959,False
"제34회 거창국제연극제: 체어, 테이블, 체어 (08.05)",복합,영남,거창 수승대,0.8,1,400.0,400.0,9540.0,3816000.0,2,500,연극+한국음악,연극,한국음악,0.4142857142857143,0.39592857142857146,0.507896031666613,48.745556384558874,49.88741046090461,0.4030612244897959,False
"청소년을 위한 음악과 클래식의 징검다리, 음악에 색을 입히다",복합,서울,국립국악원,0.9004329004329005,1,208.0,208.0,48576.92307692308,10104000.0,7,231,서양음악+대중음악,서양음악,대중음악,0.5457142857142857,0.2912142857142857,0.2160423896779642,50.18940540553467,49.85924081556133,0.40397350993377484,False
"김준수와 함께하는 하남명무전, 봄, 춤으로 피어나다 [하남]",복합,경인,하남문화예술회관,0.8760563380281691,1,311.0,311.0,18051.446945337622,5614000.0,4,355,무용+한국음악,무용,한국음악,0.5042857142857143,0.3465714285714286,0.40225683006042695,51.674485309495324,49.559458252199704,0.37383177570093457,False
"이재무 & 이준행, 즐거운 소란",복합,서울,벨로주 [망원],0.9230769230769232,1,60.0,60.0,18700.0,1122000.0,2,65,,,,0.6085714285714285,0.22435714285714287,0.3096350563085058,49.82390350255773,49.493738912584384,0.3973509933774834,False
송년행복콘서트,복합,영남,울산문화예술회관,0.688375350140056,1,983.0,983.0,1240.3865717192268,1219300.0,5,1428,서양음악+대중음악,서양음악,대중음악,0.32142857142857145,0.5804285714285714,0.5318978233408319,48.157826056249505,49.29968013259524,0.3877551020408163,False
첼로가야금 2.0 콘서트 [용인],복합,경인,용인문화예술원,0.8896551724137931,1,258.0,258.0,8410.852713178294,2170000.0,5,290,한국음악+무용,한국음악,무용,0.5285714285714286,0.3105,0.4971141486032734,51.18825483638601,49.07322777909039,0.3644859813084112,False
"나태주 시인과 함께하는 시와 음악: 가장 아름다운 선물, 당신 [공주]",복합,충청,공주문예회관,0.7758346581875993,1,488.0,488.0,12893.44262295082,6292000.0,5,629,서양음악+한국음악,서양음악,한국음악,0.39571428571428574,0.44042857142857145,0.4781860397461696,49.187359586466386,49.007577504774744,0.3559322033898305,False
"플래시콘서트, 알리 & 한동준 위드 오케스트라",복합,경인,남동소래아트홀,0.7937411095305832,1,558.0,558.0,17842.293906810035,9956000.0,2,703,서양음악+대중음악,서양음악,대중음악,0.4057142857142857,0.47157142857142864,0.42814885604220304,50.836354006456844,48.721326949161224,0.35514018691588783,False
그림자극과 함께하는 동물의 사육제,복합,서울,영산아트홀,0.7809364548494984,1,467.0,467.0,449.67880085653104,210000.0,4,598,서양음악+연극,서양음악,연극,0.4,0.42642857142857143,0.4288552709520527,48.97606451048196,48.64589992050862,0.39072847682119205,False
HAKUEI KIM X 이봉근 X 하윤주 콘서트: 3,복합,서울,KT&G 상상마당 라이브홀 [마포],0.9,1,135.0,135.0,21837.03703703704,2948000.0,2,150,한국음악+대중음악,한국음악,대중음악,0.5414285714285715,0.2557142857142857,0.3394031868678158,48.87616049890729,48.545995908933946,0.3841059602649007,False
뮤지컬배우 박해미와 함께하는 열린음악회 [부안],복합,호남,부안예술회관,0.7114228456913828,1,355.0,355.0,4450.704225352113,1580000.0,1,499,뮤지컬+연극,뮤지컬,연극,0.3514285714285714,0.3722142857142857,0.536533885522921,44.071359204640586,48.13684128155988,0.4375,False
즉흥공감극장(Playback Theatre)봄 정기공연,복합,서울,꿈의숲아트센터,0.6666666666666666,3,566.0,182.0,8904.59363957597,1680000.0,8,283,연극+서양음악,연극,서양음악,0.30142857142857143,0.6392857142857143,0.4694282670780911,48.00657333475303,47.676408744779685,0.37748344370860926,False
"K-예술축제 아.우.름, 대전국악방송 개국 7년 기념 공개 음악회",복합,충청,대전시립연정국악원,0.7226666666666667,1,542.0,542.0,1845.018450184502,1000000.0,6,750,한국음악+서양음악,한국음악,서양음악,0.36142857142857143,0.4632857142857143,0.5177898387817009,47.72719524296058,47.54741316126894,0.3389830508474576,False
체인지 오브 시즌 10: 여정 [성남],복합,경인,성남아트센터,0.8412698412698413,1,318.0,318.0,3773.5849056603774,1200000.0,7,378,,,,0.4642857142857143,0.34800000000000003,0.519349522319543,49.64396190329263,47.52893484599701,0.34579439252336447,False
"제20회 평창대관령음악제, Main Concert #18: 봄의 제전 & 신박듀오, 김지영, 이재우",복합,기타,알펜시아 리조트,0.6712328767123288,1,882.0,882.0,22321.995464852607,19688000.0,6,1314,무용+서양음악,무용,서양음악,0.30857142857142855,0.5646428571428572,0.3929304101272405,46.796137366910045,47.237431538343124,0.5333333333333333,False
첼로가야금 [양주],복합,경인,양주문화예술회관,0.8520900321543409,1,265.0,265.0,9056.603773584906,2400000.0,3,311,한국음악+뮤지컬,한국음악,뮤지컬,0.4828571428571429,0.3137142857142857,0.49017803839007773,49.076052101884656,46.961025044589036,0.3364485981308411,False
봄 ＆ 희망 콘서트 [대구],복합,영남,대구오페라하우스,0.6429530201342282,1,958.0,958.0,4192.066805845511,4016000.0,4,1490,서양음악+무용,서양음악,무용,0.28714285714285714,0.5754285714285714,0.6220959577536184,45.39901552025138,46.54086959659712,0.37755102040816324,False
"이선경 무용단 정기공연, 트윈스 [대구]",복합,영남,봉산문화회관,0.7641509433962265,1,324.0,324.0,2358.0246913580245,764000.0,2,424,,,,0.38571428571428573,0.35164285714285715,0.49311117117863573,45.39033647030178,46.53219054664752,0.3673469387755102,False
제134회 광주시립국악관현악단 정기연주회: 평화를 향한 역동과 진혼,복합,호남,예술의 전당 [광주] (구. 광주문화예술회관),0.5894308943089431,1,1015.0,1015.0,17112.31527093596,17369000.0,8,1722,한국음악+대중음악,한국음악,대중음악,0.24428571428571427,0.5847142857142856,0.45667024025069325,42.07577718196408,46.14125925888337,0.40625,False
"신라, 천년의 비상 [울산]",복합,영남,울산문화예술회관,0.7330508474576272,1,346.0,346.0,3947.398843930636,1365800.0,5,472,서양음악+한국음악,서양음악,한국음악,0.36714285714285716,0.36464285714285716,0.5257420780778864,44.76904754009067,45.910901616436405,0.35714285714285715,False
라임의 왕 김삿갓 [춘천],복합,기타,춘천문화예술회관,0.5893617021276596,2,1108.0,554.0,3122.743682310469,1730000.0,3,940,연극+뮤지컬,연극,뮤지컬,0.24285714285714285,0.7627857142857143,0.5713688991152504,45.43559355837767,45.87688772981075,0.4666666666666667,False
COLORFULL RUN [세종],복합,충청,세종문화예술회관,0.6900237529691211,1,581.0,581.0,530.1204819277109,308000.0,2,842,무용+연극,무용,연극,0.32357142857142857,0.4833571428571429,0.44479988919024177,45.73677364272415,45.55699156103251,0.3220338983050847,False
아름다운 물레방앗간 아가씨,복합,경인,부평아트센터,0.8297213622291022,1,268.0,268.0,1839.55223880597,493000.0,10,323,,,,0.44857142857142857,0.31685714285714284,0.4720472258749534,47.44329618369731,45.32826912640169,0.32710280373831774,False
"제34회 거창국제연극제, 광화문, 그 사내",복합,영남,거창 수승대,0.67125,1,537.0,537.0,11981.378026070764,6434000.0,2,800,,,,0.31,0.4611428571428572,0.49580227816789435,44.13991502236051,45.28176909870625,0.3469387755102041,False
"최부미 Jazz Odyssey, 가려진 여정 [인천]",복합,경인,남동소래아트홀,0.7211948790896159,1,507.0,507.0,585.7988165680473,297000.0,2,703,뮤지컬+서양음악,뮤지컬,서양음악,0.3585714285714286,0.4502857142857143,0.44387257819115494,47.13399933769536,45.01897228039974,0.3177570093457944,False
세종이네 복숭아나무,복합,충청,세종문화예술회관,0.6805225653206651,1,573.0,573.0,1853.4031413612563,1062000.0,2,842,서양음악+한국음악,서양음악,한국음악,0.31642857142857145,0.4789285714285714,0.5236296832374192,45.104416536133925,44.924634454442284,0.2966101694915254,False
"꿈 같은 마술이야기, 몽환록 [세종]",복합,충청,세종문화예술회관,0.6805225653206651,1,573.0,573.0,1396.1605584642234,800000.0,2,842,연극+뮤지컬,연극,뮤지컬,0.31642857142857145,0.4789285714285714,0.5025670379506594,45.104416536133925,44.924634454442284,0.2966101694915254,False
"삼국유사교육문화회관 가을밤 콘서트, 모던민요: 송소희 & 두번째달 & 오단해",복합,영남,군위 삼국유사교육문화회관,0.7145877378435518,1,338.0,338.0,14710.059171597632,4972000.0,6,473,뮤지컬+연극,뮤지컬,연극,0.35285714285714287,0.35964285714285715,0.4409648451035961,43.7079953686332,44.849849444978936,0.336734693877551,False
비르투오소 인 클래식 [하남],복합,경인,하남문화예술회관,0.8028169014084507,1,285.0,285.0,5600.0,1596000.0,4,355,서양음악+대중음악,서양음악,대중음악,0.4257142857142857,0.32771428571428574,0.5181864124623553,46.68826380075066,44.57323674345504,0.308411214953271,False
"김남중의 쪽마루음악회, 낮별에서 밤별로: II.풍청월랑, 맑은 바람 달에 스치우고",복합,서울,클래식고택 [서촌],0.9,1,27.0,27.0,60000.0,1620000.0,0,30,,,,0.5414285714285715,0.20635714285714285,0.13607182869547974,44.72950967970443,44.399345089731085,0.3708609271523179,False
제1회 Physical Performance Festival 피지컬 퍼포먼스 페스티벌,복합,서울,공간아울,0.5813953488372093,11,1100.0,100.0,8681.818181818182,868181.8181818182,2,172,뮤지컬+연극,뮤지컬,연극,0.2357142857142857,0.7423571428571428,0.4244387309403877,44.39937120613842,44.069206616165076,0.36423841059602646,False
"함께하는 사랑밭 감사콘서트: 사랑의 시간, 온기를 더하다",복합,서울,성신여자대학교 운정그린캠퍼스,0.675,1,540.0,540.0,17592.59259259259,9500000.0,8,800,서양음악+대중음악,서양음악,대중음악,0.31142857142857144,0.4622142857142857,0.43198817969561754,44.27231542824713,43.94215083827379,0.3576158940397351,False
"고스트 인 더 씨어터, 비욘드 게임",복합,서울,앤드트리 갤러리,0.62,12,372.0,31.0,12666.666666666666,392666.6666666667,0,50,,,,0.26857142857142857,0.5912142857142857,0.32651310546503404,44.264277561467246,43.9341129714939,0.3509933774834437,False
"그림 읽어주는 베토벤 the 콘서트2, 고흐 & 고갱 [의정부]",복합,경인,의정부아트캠프,0.875,1,70.0,70.0,11935.714285714286,835500.0,1,80,,,,0.5028571428571429,0.22964285714285715,0.3727467030996365,45.607702406876086,43.492675349580466,0.29906542056074764,False
"가족과 함께하는 카툰 콘서트, 셜록홈즈 [당진]",복합,충청,당진문예의전당,0.6383616383616384,1,639.0,639.0,5724.5696400625975,3658000.0,5,1001,서양음악+대중음악,서양음악,대중음악,0.2842857142857143,0.5077142857142857,0.5842522256973904,43.507420294576086,43.327638212884445,0.2711864406779661,False
비르투오소 인 클래식 [의정부],복합,경인,의정부예술의전당,0.8068669527896996,1,188.0,188.0,6925.531914893617,1302000.0,6,233,서양음악+대중음악,서양음악,대중음악,0.43142857142857144,0.2842142857142857,0.4721127754120156,45.03479835475178,42.91977129745616,0.2897196261682243,False
"광주시립교향악단, 그림자극과 함께하는 키즈클래식",복합,호남,전남대학교 민주마루홀,0.4716157205240175,5,2160.0,1.0,10458.796296296296,4518200.0,4,916,서양음악+무용,서양음악,무용,0.18,0.7353571428571429,0.49429580519099153,38.68884343734847,42.75432551426776,0.375,False
얼씨구! 브라보! 좋다! [세종],복합,충청,비오케이아트센터(BOK아트센터),0.7772727272727272,1,171.0,171.0,1988.3040935672516,340000.0,9,220,서양음악+뮤지컬,서양음악,뮤지컬,0.39714285714285713,0.2770714285714286,0.4512553743693779,42.87961734924622,42.699835267554576,0.2542372881355932,False
미스테리우스 [경기 광주],복합,경인,남한산성아트홀,0.6454720616570327,1,670.0,670.0,2441.791044776119,1636000.0,8,1038,,,,0.29,0.5195714285714286,0.5673086765488712,44.24789116685779,42.13286410956217,0.2803738317757009,False
하모니 오브 라이트 [인천],복합,경인,남동소래아트홀,0.5881934566145093,2,827.0,421.0,7407.496977025393,3063000.0,2,703,,,,0.24,0.7057142857142857,0.5325598961701931,44.125972859217455,42.010945801921835,0.27102803738317754,False
하슬라 사계 [강릉],복합,기타,강릉아트센터 (구. 강릉문화예술관),0.6121399176954733,1,595.0,595.0,9129.411764705885,5432000.0,7,972,,,,0.26285714285714284,0.48857142857142855,0.5434938746448342,41.35597949372327,41.79727366515635,0.4,False
"상상하는 그림동화, 점 [춘천]",복합,기타,소극장 여우,0.6,4,240.0,60.0,641.6666666666666,38500.0,0,100,,,,0.25142857142857145,0.5256428571428572,0.3937040615360235,41.344195355991886,41.785489527424964,0.3333333333333333,False
"브람스의 구연동화 연가곡, 아름다운 마겔로네",복합,서울,거암아트홀,0.7986111111111112,1,115.0,115.0,547.8260869565217,63000.0,5,144,서양음악+한국음악,서양음악,한국음악,0.4085714285714286,0.248,0.3987088932422287,42.06970830566831,41.739543715694964,0.3443708609271523,False
라움 마티네 콘서트,복합,서울,소셜베뉴 라움,0.529513888888889,6,1220.0,200.0,15597.704918032789,3171533.333333333,2,384,서양음악+뮤지컬,서양음악,뮤지컬,0.2042857142857143,0.7604285714285715,0.4005529942367457,41.63288688790093,41.30272229792759,0.33774834437086093,False
앙리 마티스 色을 노래하다,복합,경인,인천문화예술회관,0.6208708708708709,1,827.0,827.0,46628.77871825876,38562000.0,7,1332,,,,0.2742857142857143,0.5559285714285714,0.2427750324116832,43.25578699869131,41.14075994139569,0.2616822429906542,False
"단오장단과 함께하는 피아노의 향연, 일곱 번째 이야기",복합,기타,강릉아트센터(구. 강릉문화예술관),0.6018518518518519,1,585.0,585.0,897.4358974358975,525000.0,7,972,대중음악+연극,대중음악,연극,0.2542857142857143,0.4858571428571429,0.4747141719304332,40.60818310884415,41.04947728027723,0.26666666666666666,False
"제33회 거창국제연극제, 보드빌의 갈매기",복합,영남,거창 수승대,0.66,1,330.0,330.0,2142.4242424242425,707000.0,2,500,연극+한국음악,연극,한국음악,0.29428571428571426,0.355,0.487030390597807,39.76061525977892,40.90246933612466,0.32653061224489793,False
빛고을 뮤직페스티벌 [광주],복합,호남,빛고을시민문화관,0.4321678321678321,5,1545.0,1.0,1572.8155339805826,486000.0,1,715,대중음악+한국음악,대중음악,한국음악,0.16142857142857142,0.7147857142857144,0.4711560097477329,36.32812313668302,40.393605213602314,0.34375,False
"모두예술극장 기획프로그램: 어둠 속에, 풍경",복합,서울,모두예술극장,0.5366795366795367,5,695.0,139.0,12664.74820143885,1760400.0,0,259,,,,0.20642857142857143,0.6847857142857143,0.41093037614392297,40.55564483223025,40.22548024225691,0.33112582781456956,False
"신라, 천년의 비상 [경주]",복합,영남,경주예술의전당,0.5802469135802469,1,611.0,611.0,3237.315875613748,1978000.0,7,1053,서양음악+한국음악,서양음악,한국음악,0.23142857142857143,0.5001428571428571,0.581116370105235,39.078394110081845,40.22024818642758,0.3163265306122449,False
함께하는 순간 [공주],복합,충청,공주문예회관,0.6359300476947536,1,400.0,400.0,6100.0,2440000.0,5,629,서양음악+한국음악,서양음악,한국음악,0.28285714285714286,0.39592857142857146,0.546231475853655,40.27806774264681,40.09828566095517,0.23728813559322035,False
단오지향,복합,기타,강릉아트센터(구. 강릉문화예술관),0.4639917695473251,4,1804.0,421.0,3385.2549889135257,1526750.0,7,972,무용+뮤지컬,무용,뮤지컬,0.17714285714285713,0.8170714285714286,0.5533108446022986,39.61319117405467,40.05448534548775,0.2,False
"김주원의 사색여정 with 소리꾼 이자람, 동행",복합,경인,광명문화예술교육지원센터 광명극장,0.6958333333333333,1,334.0,334.0,16365.269461077844,5466000.0,1,480,무용+한국음악,무용,한국음악,0.32857142857142857,0.3567857142857143,0.42517804824862426,42.07626048476138,39.96123342746576,0.2523364485981308,False
"K-예술축제 아.우.름, 대전국악방송 공개음악회: 북새통 [대전]",복합,충청,대전시립연정국악원,0.6146666666666667,1,461.0,461.0,1809.110629067245,834000.0,6,750,한국음악+연극,한국음악,연극,0.2671428571428571,0.4243571428571429,0.5076750811073334,39.96605100312658,39.78626892143494,0.22033898305084745,False
제11회 바이올리니스트 김다미와 함께 하는 루체현악앙상블 정기연주회 [울산],복합,영남,울산문화예술회관,0.5476190476190477,1,782.0,782.0,10085.677749360611,7887000.0,5,1428,,,,0.21285714285714286,0.5495714285714286,0.5384820572449985,38.552394563062194,39.69424863940793,0.30612244897959184,False
지락발광 [고령],복합,영남,경북고령대가야문화누리 (구. 대가야국악당),0.6081504702194357,1,388.0,388.0,1989.6907216494844,772000.0,4,638,,,,0.25857142857142856,0.38985714285714285,0.49570195847709586,38.3320385397425,39.473892616088236,0.29591836734693877,False
"제23회 전주세계소리축제, 소리썸머나잇 DAY2",복합,호남,한국소리문화의전당,0.4285714285714285,1,3000.0,3000.0,1706.6666666666667,5120000.0,8,7000,무용+연극,무용,연극,0.15928571428571428,0.6622857142857143,0.6650192466819677,35.26972145963161,39.33520353655091,0.296875,False
"제23회 전주세계소리축제, 소리썸머나잇 DAY1",복합,호남,한국소리문화의전당,0.4285714285714285,1,3000.0,3000.0,426.6666666666667,1280000.0,8,7000,한국음악+무용,한국음악,무용,0.15928571428571428,0.6622857142857143,0.5343615884418182,35.26972145963161,39.33520353655091,0.296875,False
"평균율 너머, 우주 5회차: 왕혜인 Ⅹ 선지우 (9.21)",복합,서울,사진가 김신중의 스튜디오,0.8,1,12.0,12.0,20000.0,240000.0,0,15,서양음악+한국음악,서양음악,한국음악,0.4142857142857143,0.19607142857142856,0.24776049055605187,39.479738998394765,39.14957440842142,0.32450331125827814,False
"제2회 시민과 함께하는 남양주 예술제, 함께 피어 아름다운 꽃 예술花",복합,경인,다산아트홀,0.6794354838709677,1,337.0,337.0,979.2284866468842,330000.0,2,496,한국음악+무용,한국음악,무용,0.3142857142857143,0.3585714285714286,0.4484963248240721,41.213075514789104,39.09804845749348,0.24299065420560748,False
방구 대 방구 [의정부],복합,경인,우리소극장 [의정부],0.63,2,63.0,36.0,14900.0,469350.0,5,50,뮤지컬+연극,뮤지컬,연극,0.28,0.4263571428571429,0.3097366292095169,40.97425620081627,38.85922914352065,0.2336448598130841,False
누모리쇼,복합,호남,예술의 전당 [광주] (구. 광주문화예술회관),0.5813492063492064,1,293.0,293.0,7460.750853242321,2186000.0,8,504,한국음악+뮤지컬,한국음악,뮤지컬,0.2342857142857143,0.32985714285714285,0.5090177091882958,34.70329179190828,38.76877386882757,0.25,False
"김남중의 쪽마루음악회, 낮별에서 밤별로: III.일필휘지, 붓 끝에 써내려간 멜로",복합,서울,클래식고택 [서촌],0.8,1,24.0,24.0,60000.0,1440000.0,0,30,,,,0.4142857142857143,0.20507142857142857,0.13183101023397042,39.053433902103926,38.72326931213058,0.31788079470198677,False
"쿼드초이스, 서도와 은미: 만병통치樂",복합,서울,서울문화재단 대학로극장 쿼드(예술청),0.5161290322580645,3,576.0,192.0,29097.222222222223,5586666.666666667,5,372,무용+한국음악,무용,한국음악,0.2,0.6438571428571429,0.32256317710833887,39.04522782693123,38.71506323695789,0.31125827814569534,False
방귀 며느리 [통영],복합,영남,통영시민문화회관,0.5681818181818182,1,500.0,500.0,1140.0,570000.0,4,880,연극+한국음악,연극,한국음악,0.22714285714285715,0.44500000000000006,0.4773711665327097,37.381570684690125,38.52342476103586,0.2857142857142857,False
"장한나의 대전그랜드페스티벌, 첼로가야금 콘서트 [대전]",복합,충청,대전예술의전당,0.609642301710731,1,392.0,392.0,10989.795918367348,4308000.0,7,643,한국음악+무용,한국음악,무용,0.26,0.39185714285714285,0.48586742688157564,38.496833104129,38.31705102243736,0.2033898305084746,False
"브런치콘서트 피아니스트 김용진과 함께하는 이달의 공연: 보이는 콘서트, 현대무용 (8월)",복합,서울,구로아트밸리,0.613126079447323,1,355.0,355.0,2608.450704225352,926000.0,6,579,서양음악+뮤지컬,서양음악,뮤지컬,0.265,0.3722142857142857,0.5152735726408191,38.27021025389361,37.940045663920266,0.30132450331125826,False
브런치콘서트 피아니스트 김용진과 함께하는 이달의 공연: 국악이 흐르는 클래식 (9월),복합,서울,구로아트밸리,0.613126079447323,1,355.0,355.0,2197.1830985915494,780000.0,6,579,서양음악+한국음악,서양음악,한국음악,0.265,0.3722142857142857,0.4982837498595686,38.27021025389361,37.940045663920266,0.30132450331125826,False
Invocation,복합,서울,게토얼라이브,0.7333333333333333,1,55.0,55.0,9454.545454545454,520000.0,1,75,대중음악+연극,대중음악,연극,0.3692857142857143,0.2139285714285714,0.37656716253852035,38.26149109831752,37.93132650834418,0.2913907284768212,False
소리동화: 팥죽할멈과 호랑이 & 방귀쟁이 며느리 편,복합,서울,영산아트홀,0.6103678929765887,1,365.0,365.0,3534.246575342466,1290000.0,4,598,서양음악+뮤지컬,서양음악,뮤지컬,0.26142857142857145,0.37542857142857144,0.5301843419500322,38.10962901892246,37.77946442894912,0.2847682119205298,False
"뮤지컬 아이스쇼, G-SHOW: THE LUNA",복합,서울,잠실학생체육관,0.3865777777777778,25,52188.0,2148.0,11352.088602743926,23697712.0,5,5400,,,,0.14714285714285713,0.9747142857142856,0.5518673632775858,38.065609823558546,37.7354452335852,0.2781456953642384,False
"그림 읽어주는 베토벤, THE CONCERT: 플란다스의 개 [울산]",복합,영남,울산문화예술회관,0.415266106442577,2,1186.0,593.0,11862.74873524452,7034610.0,5,1428,서양음악+뮤지컬,서양음악,뮤지컬,0.15571428571428572,0.7755,0.506608316869541,36.56274298345397,37.70459705979971,0.2755102040816326,False
요리조리 벌룬쉐프,복합,서울,송파어린이문화회관,0.564935064935065,2,174.0,119.0,13362.06896551724,1162500.0,1,154,,,,0.22428571428571428,0.4719285714285714,0.3668671867522042,37.80625745906811,37.476092869094764,0.271523178807947,False
"신은미, 유진규, 배일동이 떠나는 신유배 기행",복합,영남,현장아트홀,0.6788990825688074,1,74.0,74.0,10945.945945945949,810000.0,1,109,연극+뮤지컬,연극,뮤지컬,0.31285714285714283,0.23235714285714285,0.3786495246677817,36.10105100898828,37.242905085334016,0.2653061224489796,False
"프리뮤직 콘서트: 강태환, 김덕수, 최선배 등",복합,서울,게토얼라이브,0.7333333333333333,1,55.0,55.0,52363.63636363636,2880000.0,1,75,한국음악+서양음악,한국음악,서양음악,0.3692857142857143,0.2139285714285714,0.17853732138069128,37.54101987509179,37.21085528511845,0.26490066225165565,False
허튼소리 Corea Beats [오산],복합,경인,오산문화예술회관,0.6,1,480.0,480.0,1741.6666666666667,836000.0,2,800,한국음악+무용,한국음악,무용,0.25142857142857145,0.43185714285714283,0.5093701592982668,38.977084090447015,36.862057033151395,0.22429906542056074,False
"재즈앳에무, Black Forest",복합,서울,복합문화공간에무,0.7,1,70.0,70.0,14571.42857142857,1020000.0,3,100,한국음악+무용,한국음악,무용,0.33285714285714285,0.22964285714285715,0.3500549652703885,37.10605833315841,36.775893743185065,0.2582781456953642,False
유토피아: 항해 [경기 광주],복합,경인,남한산성아트홀,0.5799614643545279,1,602.0,602.0,2735.8803986710964,1647000.0,8,1038,,,,0.23,0.494,0.5680962408779945,38.81342812380038,36.69840106650476,0.21495327102803738,False
"제24회 대전국제음악제 DCMF, 앙상블 콘쿠오레: 쇤베르크의 밤 150 [대전]",복합,충청,대전예술의전당,0.5847589424572317,1,376.0,376.0,2760.6382978723404,1038000.0,7,643,서양음악+한국음악,서양음악,한국음악,0.23857142857142857,0.38485714285714284,0.5202979790986704,36.67744554579837,36.49766346410673,0.1864406779661017,False
알랭(Alain),복합,서울,서울문화재단 대학로극장 쿼드(예술청),0.4462365591397849,4,664.0,166.0,1025.6024096385545,170250.0,5,372,,,,0.16857142857142857,0.6770714285714285,0.41735828216551035,36.52433604797926,36.19417145800592,0.25165562913907286,False
"김주원의 사색여정 with 반도네오니스트 고상지, 축제",복합,경인,광명문화예술교육지원센터 광명극장,0.6354166666666666,1,305.0,305.0,38013.11475409836,11594000.0,1,480,무용+서양음악,무용,서양음악,0.2814285714285714,0.34385714285714286,0.2721116604341651,38.15197858773785,36.03695153044223,0.205607476635514,False
"김주원의 사색여정 with 무용가 김매자, 배정혜, 국수호 그리고 이정윤의 별",복합,경인,광명문화예술교육지원센터 광명극장,0.625,1,300.0,300.0,16520.0,4956000.0,1,480,무용+대중무용,무용,대중무용,0.27714285714285714,0.3354285714285714,0.4158839413559807,37.93428133131199,35.81925427401637,0.19158878504672897,False
"김주원의 사색여정 with 소프라노 황수미, 선물",복합,경인,광명문화예술교육지원센터 광명극장,0.625,1,300.0,300.0,23233.33333333333,6970000.0,1,480,무용+서양음악,무용,서양음악,0.27714285714285714,0.3354285714285714,0.36170772825188247,37.93428133131199,35.81925427401637,0.19158878504672897,False
밤이 없는 여름,복합,서울,신촌문화발전소,0.5,6,150.0,25.0,5826.666666666667,145666.66666666666,4,50,,,,0.1957142857142857,0.5086428571428572,0.3763388181349134,36.118952659693434,35.78878806972009,0.24503311258278146,False
왕은 즐긴다: 리골레토 [김포],복합,경인,김포아트홀,0.6202783300198808,1,312.0,312.0,2961.538461538461,924000.0,4,503,,,,0.27,0.3472857142857143,0.5144329955185432,37.83449640941191,35.71946935211629,0.17757009345794392,False
"트라이보울 예술아카데미: 자라는 예술, 소년기 (4.20)",복합,경인,트라이보울,0.6666666666666666,1,200.0,200.0,8390.0,1678000.0,5,300,연극+대중음악,연극,대중음악,0.30142857142857143,0.288,0.479920667487061,37.792876993777405,35.677849936481785,0.16822429906542055,False
피터와 늑대 [부산],복합,영남,부산문화회관,0.3691094941094941,37,4261.0,1.0,8443.55785026989,972378.3783783783,7,312,서양음악+연극,서양음악,연극,0.13714285714285715,0.7851428571428571,0.43320753474632084,34.44063908835238,35.582493164698114,0.25510204081632654,False
신년콘서트 [거창],복합,영남,거창문화센터,0.5422740524781341,1,372.0,372.0,54180.10752688172,20155000.0,4,686,한국음악+대중음악,한국음악,대중음악,0.21142857142857144,0.382,0.20333823604531256,33.75995851207421,34.90181258841995,0.24489795918367346,False
모래의 마법사,복합,영남,초록마술극장,0.3775,8,604.0,23.0,10447.019867549669,788750.0,0,100,무용+서양음악,무용,서양음악,0.14214285714285715,0.6478571428571429,0.38195910287063983,33.09834631629549,34.24020039264123,0.2193877551020408,False
모래의 마법사,복합,영남,초록마술극장,0.3775,8,604.0,23.0,10447.019867549669,788750.0,0,100,무용+서양음악,무용,서양음악,0.14214285714285715,0.6478571428571429,0.38195910287063983,33.09834631629549,34.24020039264123,0.2193877551020408,False
모래의 마법사,복합,영남,초록마술극장,0.3775,8,604.0,23.0,10447.019867549669,788750.0,0,100,무용+서양음악,무용,서양음악,0.14214285714285715,0.6478571428571429,0.38195910287063983,33.09834631629549,34.24020039264123,0.2193877551020408,False
모래의 마법사,복합,영남,초록마술극장,0.3775,8,604.0,23.0,10447.019867549669,788750.0,0,100,무용+서양음악,무용,서양음악,0.14214285714285715,0.6478571428571429,0.38195910287063983,33.09834631629549,34.24020039264123,0.2193877551020408,False
"예술창작활동지원사업 선정 프로젝트, Live, Electronics in Forest",복합,서울,서울시립청소년음악센터,0.625,1,100.0,100.0,3150.0,315000.0,0,160,한국음악+서양음악,한국음악,서양음악,0.27714285714285714,0.24414285714285713,0.44511532669661497,34.486176911687224,34.15601232171388,0.23841059602649006,False
Orange Music,복합,서울,게토얼라이브,0.6666666666666666,1,50.0,50.0,3500.0,175000.0,1,75,서양음악+대중음악,서양음악,대중음악,0.30142857142857143,0.21135714285714285,0.4149183231390382,34.44270773741888,34.112543147445535,0.2251655629139073,False
"해금병창, 사철에 꽃길로 님을 모십니다",복합,서울,게토얼라이브,0.6666666666666666,1,50.0,50.0,6800.0,340000.0,1,75,대중음악+한국음악,대중음악,한국음악,0.30142857142857143,0.21135714285714285,0.39881218496702237,34.44270773741888,34.112543147445535,0.2251655629139073,False
"박순아 & 키무라 슌스케: mortal, immortal",복합,서울,게토얼라이브,0.6666666666666666,1,50.0,50.0,9400.0,470000.0,1,75,한국음악+뮤지컬,한국음악,뮤지컬,0.30142857142857143,0.21135714285714285,0.3774737081016836,34.44270773741888,34.112543147445535,0.2251655629139073,False
뮤지컬군과 오페라양의 사랑이야기 [수원],복합,경인,경기아트센터(구. 경기도문화의전당),0.599601593625498,1,301.0,301.0,4833.887043189368,1455000.0,4,502,서양음악+뮤지컬,서양음악,뮤지컬,0.24857142857142858,0.3374285714285714,0.5189020401907505,35.98986023665756,33.87483317936194,0.1588785046728972,False
"가족과 함께하는 카툰 콘서트, 셜록홈즈 With POLYSYMPHONIC [대전]",복합,충청,대전예술의전당,0.4482535575679172,1,693.0,693.0,5297.258297258297,3671000.0,7,1546,대중음악+한국음악,대중음악,한국음악,0.17,0.5257142857142857,0.5923177367360819,33.99768880424099,33.817906722549345,0.1694915254237288,False
"자선콘서트, 늦가을 이야기소리 [제주]",복합,제주,제주종합경기장,0.4662962962962963,1,2518.0,1.0,733.9158061953932,1848000.0,3,5400,한국음악+대중무용,한국음악,대중무용,0.17857142857142858,0.4675714285714286,0.5790468342669524,33.640339965940136,33.120959673442165,0.375,False
내시십분 콘서트 [부산],복합,영남,더 바이널 언더그라운드,0.6,1,30.0,30.0,6666.666666666667,200000.0,0,50,대중음악+연극,대중음악,연극,0.25142857142857145,0.20707142857142857,0.3805190654168504,31.263915469210474,32.40576954555621,0.19387755102040816,False
"미술관 옆 오페라하우스 Ⅱ, 오페라 나비부인&투란도트",복합,영남,부산문화회관,0.4495530012771392,1,352.0,352.0,22133.522727272728,7791000.0,7,783,,,,0.17285714285714285,0.368,0.3769472868043539,30.803354273106333,31.945208349452066,0.17857142857142858,False
"미술관 옆 오페라하우스 Ⅲ, 오페라 라 트라비아타",복합,영남,부산문화회관,0.4495530012771392,1,352.0,352.0,22150.56818181818,7797000.0,7,783,,,,0.17285714285714285,0.368,0.37532720079833237,30.803354273106333,31.945208349452066,0.17857142857142858,False
와따가따 가족극장 겨울축제 [서울 노원],복합,서울,노원어린이극장 (구.노원어울림극장),0.5882352941176471,1,120.0,120.0,36000.0,4320000.0,6,204,연극+한국음악,연극,한국음악,0.24142857142857144,0.2502857142857143,0.269926896787259,32.16730730553683,31.837142715563488,0.2119205298013245,False
커피콘서트 Ⅲ. 책 읽어주는 큐레이터: 리어왕,복합,경인,인천동구문화체육센터,0.5676767676767677,1,281.0,281.0,17633.451957295372,4955000.0,1,495,서양음악+대중음악,서양음악,대중음악,0.2257142857142857,0.32542857142857146,0.40149060253624547,33.92471652557526,31.809689468279643,0.14953271028037382,False
"미술관 옆 오페라하우스 Ⅰ, 오페라 카르멘",복합,영남,부산문화회관,0.4495530012771392,1,352.0,352.0,36778.40909090909,12946000.0,7,783,,,,0.17285714285714285,0.368,0.2875204162627897,30.53989995828742,31.681754034633155,0.16326530612244897,False
"쿼드초이스, 무토(MUTO) x 입과손스튜디오: 두개의 눈",복합,서울,서울문화재단 대학로극장 쿼드(예술청),0.3548387096774194,5,660.0,132.0,13166.666666666666,1738000.0,5,372,한국음악+대중음악,한국음악,대중음악,0.12714285714285714,0.6756428571428571,0.4009663995660834,31.700137081682815,31.369972491709472,0.2052980132450331,False
나다 뮤직페스티벌 (NADA Art & Music Festival),복합,서울,성북미디어문화마루 꿈빛극장,0.5493827160493827,1,178.0,178.0,22022.47191011236,3920000.0,0,324,대중음악+대중무용,대중음악,대중무용,0.21571428571428572,0.2795714285714286,0.35220580828291703,31.68744984918524,31.357285259211896,0.1986754966887417,False
"시네마 클래식, 꽃피는 봄이 오면",복합,경인,남동소래아트홀,0.5561877667140825,1,391.0,391.0,105447.5703324808,41230000.0,2,703,서양음악+한국음악,서양음악,한국음악,0.22142857142857142,0.39057142857142857,0.07195748937305695,33.45065402798284,31.335626970687223,0.14018691588785046,False
수원시민과 함께하는 수원시립예술단 송년음악회,복합,경인,수원SK아트리움,0.4926315789473684,1,468.0,468.0,8329.059829059828,3898000.0,5,950,서양음악+뮤지컬,서양음악,뮤지컬,0.18571428571428572,0.4271428571428571,0.5431406074943879,33.388322570033495,31.273295512737874,0.1308411214953271,False
"TABLAO DE NUEVO, POR EL MAR [제주]",복합,제주,세이레아트센터,0.5833333333333334,1,70.0,70.0,23285.714285714286,1630000.0,2,120,연극+서양음악,연극,서양음악,0.23714285714285716,0.22964285714285715,0.29718182770506935,31.319938924316766,30.800558631818795,0.25,False
미드-필ㄷ-ㅓ: 접촉면에 한하여,복합,서울,아르코예술극장,0.406060606060606,3,134.0,44.0,28679.10447761194,1281000.0,2,110,,,,0.15142857142857144,0.4785714285714286,0.2589545477397546,31.089904303814265,30.759739713840922,0.19205298013245034,False
月간 경지: 두개의 Moon,복합,경인,계양문화회관,0.4930817610062893,1,392.0,392.0,1581.6326530612246,620000.0,2,795,한국음악+대중음악,한국음악,대중음악,0.18714285714285714,0.39185714285714285,0.48001833844719727,32.66066011082149,30.54563305352587,0.12149532710280374,False
"발레와 국악의 조합, 마블링 [포항]",복합,영남,포항시청 대잠홀,0.4991624790619765,1,298.0,10.0,7916.107382550335,2359000.0,5,597,무용+대중무용,무용,대중무용,0.19285714285714287,0.2601428571428571,0.5107940024939538,29.321179455149878,30.46303353149561,0.15306122448979592,False
별세계 [세종],복합,충청,세종문화예술회관,0.4418052256532066,1,372.0,148.0,9053.763440860215,3368000.0,2,842,,,,0.16714285714285715,0.32785714285714285,0.5130703510678258,29.25831463188193,29.078532550190292,0.15254237288135594,False
동행 [대구],복합,영남,수성아트피아,0.3572044866264021,1,414.0,414.0,1000.0,414000.0,3,1159,서양음악+뮤지컬,서양음악,뮤지컬,0.13142857142857142,0.4,0.46218112249400284,27.53993374236906,28.681787818714795,0.14285714285714285,False
예술로 fantastic collaboration!,복합,영남,에이치아츠(H-Art),0.5,1,15.0,15.0,10.0,150.0,0,30,서양음악+뮤지컬,서양음악,뮤지컬,0.1957142857142857,0.20149999999999998,0.38764168003474575,27.358594261461295,28.50044833780703,0.1326530612244898,False
In & Around C,복합,서울,플랫폼-엘 컨템포러리 아트센터,0.3488372093023256,3,180.0,60.0,24844.444444444445,1490666.6666666667,3,172,대중음악+서양음악,대중음악,서양음악,0.12571428571428572,0.4963571428571429,0.27810462457226287,28.708646662288718,28.378482072315375,0.18543046357615894,False
"하슬라국제예술제, 고귀한 두 여신이여 (10.18)",복합,기타,강릉아트센터 (구. 강릉문화예술관),0.375514403292181,1,365.0,365.0,13715.068493150686,5006000.0,7,972,서양음악+무용,서양음악,무용,0.13857142857142857,0.37542857142857144,0.4510149771962569,27.745658935214262,28.186953106647337,0.13333333333333333,False
음악과 글쓰기 콘서트: 사이·회상,복합,서울,김희수아트센터,0.3571428571428571,2,100.0,50.0,3920.0,196000.0,3,140,한국음악+서양음악,한국음악,서양음악,0.12928571428571428,0.4392142857142857,0.4127148000208787,28.09171196659831,27.761547376624968,0.17880794701986755,False
다페르튜토 쿼드,복합,서울,서울문화재단 대학로극장 쿼드(예술청),0.2688172043010752,18,1800.0,100.0,11908.888888888889,1190888.888888889,5,372,,,,0.09071428571428572,0.7884285714285715,0.38963714153656787,28.04571709390486,27.715552503931516,0.17218543046357615,False
제4회 마두금 연주회: 마이동풍,복합,서울,오디오가이스튜디오,0.5,1,50.0,50.0,6400.0,320000.0,3,100,대중음악+한국음악,대중음악,한국음악,0.1957142857142857,0.21135714285714285,0.4004387554683848,27.753409417052175,27.423244827078832,0.16556291390728478,False
JAZZ & 국악 With 웅산 [군산],복합,호남,군산예술의전당,0.285,1,342.0,342.0,18921.052631578947,6471000.0,4,1200,한국음악+뮤지컬,한국음악,뮤지컬,0.1,0.36242857142857143,0.39875910316702295,23.322050325699664,27.38753240261896,0.21875,False
서도와 은미: 만병통치樂 [화성],복합,경인,화성아트홀,0.3392330383480826,2,460.0,230.0,43930.434782608696,10104000.0,0,678,무용+서양음악,무용,서양음악,0.12,0.5825,0.25027606008796277,29.067087819844854,26.952060762549234,0.11214953271028037,False
BACH X MOVEMENT season2,복합,서울,문화비축기지,0.46,1,92.0,92.0,34239.13043478261,3150000.0,3,200,,,,0.1757142857142857,0.2377142857142857,0.2661598034679816,27.052363049161855,26.722198459188512,0.15894039735099338,False
"트라이보울 예술아카데미: 잘 아는 예술, 노년기 (10.19)",복합,경인,트라이보울,0.3583333333333333,2,215.0,15.0,1613.953488372093,173500.0,5,300,대중음악+서양음악,대중음악,서양음악,0.13285714285714287,0.454,0.4183243900661944,28.761346226938983,26.646319169643363,0.102803738317757,False
화합콘서트 동행 [전남 영광],복합,호남,영광예술의전당,0.3160621761658031,1,183.0,183.0,811.4754098360655,148500.0,5,579,한국음악+서양음악,한국음악,서양음악,0.10857142857142857,0.2814285714285714,0.41542157860784185,22.525178020813442,26.590660097732737,0.1875,False
"제22회 전주세계소리축제, re:Orient [전주]",복합,호남,한국소리문화의전당,0.3398058252427184,1,70.0,70.0,5285.714285714285,370000.0,8,206,무용+대중무용,무용,대중무용,0.12142857142857143,0.22964285714285715,0.42481026064441013,22.411778692247893,26.477260769167188,0.15625,False
"영화, 음악으로 만나는 보다, 듣다, 만나다 BUSAN",복합,서울,백암아트홀,0.4148681055155875,1,173.0,173.0,2289.0173410404623,396000.0,3,417,,,,0.15428571428571428,0.2784285714285714,0.46037219030833665,26.76560087093602,26.435436280962676,0.152317880794702,False
온가족이 함께하는 유모차 콘서트 [대전],복합,충청,조이마루아트홀 (복합문화공간 플랜에이),0.2780612244897959,6,327.0,55.0,25908.256880733945,1412000.0,5,196,서양음악+연극,서양음악,연극,0.09714285714285714,0.5665714285714285,0.27229625193748636,26.24059936323861,26.06081728154697,0.13559322033898305,False
"제14회 부산마루국제음악제, 프롬나드 콘서트IV, 지브리 WITH 샌드아트",복합,영남,부산문화회관,0.3034580098800282,1,430.0,398.0,15697.67441860465,6750000.0,7,1417,서양음악+연극,서양음악,연극,0.10571428571428572,0.40264285714285714,0.4362476267937365,24.74815569622066,25.890009772566394,0.12244897959183673,False
코미디 애니멀 쇼 [부천],복합,경인,뉴코아소극장 [부천],0.3359375,4,215.0,61.0,12000.0,645000.0,6,160,무용+대중음악,무용,대중음악,0.11428571428571428,0.5208571428571429,0.35088000232798894,27.797872638226046,25.682845580930426,0.09345794392523364,False
미디어아트 아이스 쇼 G-SHOW,복합,서울,목동 아이스링크,0.2434111111111111,18,21907.0,1.0,33250.58657050258,40467811.11111111,4,5000,,,,0.07428571428571429,0.7851428571428571,0.32959562242922635,25.188325552932216,24.858160962958873,0.1456953642384106,False
뮤즈하모니 신년음악회: 팝페라 X 국악,복합,경인,김포아트홀,0.3896620278330019,1,196.0,196.0,17346.938775510203,3400000.0,4,503,서양음악+한국음악,서양음악,한국음악,0.14857142857142858,0.2857142857142857,0.3894592444976195,26.46959133942769,24.35456428213207,0.08411214953271028,False
발칙한 세여자의 세계음악여행,복합,영남,부산예술대학교 원곡예술관,0.3367003367003367,1,200.0,200.0,45000.0,9000000.0,0,594,서양음악+연극,서양음악,연극,0.11571428571428571,0.288,0.2398211489839477,23.08994883896444,24.231802915310173,0.11224489795918367,False
"제27회 광주소극장축제, 빛과 모래가 들려주는 음연동화",복합,호남,국립아시아문화전당,0.2055555555555555,3,74.0,1.0,15000.0,370000.0,6,120,,,,0.06142857142857143,0.4535,0.29963034174018693,19.550523693914144,23.61600577083344,0.125,False
"제896회 전남도립국악단 토요가무악희 시즌3, 그린국악",복합,호남,남도소리울림터,0.2544802867383512,1,142.0,142.0,1676.056338028169,238000.0,1,558,뮤지컬+한국음악,뮤지컬,한국음악,0.08571428571428572,0.2592857142857143,0.43358537710260975,19.528108616702454,23.59359069362175,0.09375,False
"삼국유사교육문화회관 기획공연, 진조크루X악단광칠: 리듬오브코리아 (11월)",복합,영남,군위 삼국유사교육문화회관,0.321353065539112,1,152.0,152.0,9190.78947368421,1397000.0,6,473,,,,0.11,0.26942857142857146,0.43801615443939573,22.37842085703374,23.520274933379472,0.10204081632653061,False
"브런치 콘서트, 김효영의 아름답고 신비한 생황의 초대 (6월)",복합,영남,안동문화예술의전당,0.3478260869565217,1,96.0,1.0,8395.833333333334,806000.0,7,276,한국음악+서양음악,한국음악,서양음악,0.12428571428571429,0.21128571428571427,0.4233643258658802,22.114221054317905,23.25607513066364,0.09183673469387756,False
Acculturation (문화접변) 求音 (구음),복합,서울,김희수아트센터,0.3571428571428571,1,50.0,50.0,2800.0,140000.0,3,140,한국음악+뮤지컬,한국음악,뮤지컬,0.12928571428571428,0.21135714285714285,0.41347883693486137,22.55694852264273,22.226783932669388,0.1390728476821192,False
"그, 그, 그: 그림자 그리고 그대",복합,서울,대학로 이음센터(한국장애인문화예술원),0.245,5,98.0,22.0,12000.0,235200.0,4,80,,,,0.07714285714285714,0.48964285714285716,0.3139506866464093,22.4187651207744,22.088600530801056,0.13245033112582782,False
"전주세계소리축제 개막공연, 상생과 회복 [전주]",복합,호남,한국소리문화의전당,0.1993127147766323,1,406.0,406.0,9815.27093596059,3985000.0,8,2037,한국음악+서양음악,한국음악,서양음악,0.055714285714285716,0.39864285714285713,0.5067738312228801,17.91259388027172,21.978075957191017,0.0625,False
제9회 사랑앤 뇌병변 장애인을 위한 자선음악회,복합,서울,한국성서대학교,0.2941176470588235,1,200.0,200.0,550.0,110000.0,0,680,서양음악+뮤지컬,서양음악,뮤지컬,0.10357142857142858,0.288,0.4105532573511789,22.153264336540907,21.823099746567564,0.12582781456953643,False
"META MUSICA Ⅹ 파사지오 앙상블, 프론티어 스피릿",복합,서울,일신홀,0.3386243386243386,1,64.0,64.0,1062.5,68000.0,1,189,,,,0.11714285714285715,0.22714285714285715,0.39970483644292043,21.940556129102468,21.610391539129125,0.11920529801324503,False
윤지원 AUDIOVISUAL MUSIC CONCERT: sonic illusion,복합,서울,세종문화회관,0.33,1,99.0,99.0,2828.282828282828,280000.0,3,300,,,,0.11285714285714285,0.24014285714285713,0.44108285985658796,21.89804922369396,21.567884633720617,0.11258278145695365,False
"공익활동을 위한 기금 마련 콘서트, 당신이 있어 참 좋다!",복합,서울,관악아트홀 (구. 관악문화관),0.2914285714285714,1,204.0,204.0,62941.17647058824,12840000.0,2,700,대중음악+서양음악,대중음악,서양음악,0.10142857142857142,0.29014285714285715,0.15917460600814667,21.39914759308739,21.068983003114045,0.10596026490066225,False
"중섭, 빛깔 있는 꿈 [서귀포]",복합,제주,김정문화회관,0.2096969696969697,5,346.0,92.0,4488.439306358381,310600.0,7,330,,,,0.06428571428571428,0.5768571428571428,0.4251525823035048,21.496993208844035,20.977612916346065,0.125,False
"수면콘서트, 베스트드림콘서트",복합,서울,세빛섬,0.2763636363636363,1,152.0,152.0,43552.63157894737,6620000.0,3,550,서양음악+연극,서양음악,연극,0.09571428571428571,0.26942857142857146,0.24469794741330267,20.604067783261694,20.27390319328835,0.09933774834437085,False
피콜리스트 김원미 & 안디아모 콘서트 [안동],복합,영남,안동문화예술의전당,0.2717391304347826,1,75.0,1.0,8920.0,669000.0,7,276,서양음악+한국음악,서양음악,한국음악,0.09285714285714286,0.20914285714285713,0.3985969850636003,19.05638723607795,20.198241312423683,0.08163265306122448,False
"대한문화예술제전, 회.귀",복합,서울,국립국악원,0.2446808510638297,2,322.0,322.0,183540.37267080744,29550000.0,7,658,무용+한국음악,무용,한국음악,0.07571428571428572,0.5595,0.00024642172438601475,20.124400091884368,19.794235501911025,0.09271523178807947,False
Swing Train(스윙 트레인),복합,서울,오류아트홀,0.273972602739726,1,100.0,100.0,2400.0,240000.0,5,365,한국음악+무용,한국음악,무용,0.09428571428571429,0.24414285714285713,0.4364069915619363,20.11482018479872,19.784655594825377,0.08609271523178808,False
"브라소닛 빅밴드와 앰비규어스댄스컴퍼니, Body ＆ Voice [안동]",복합,영남,안동문화예술의전당,0.2454728370221328,1,244.0,1.0,12885.245901639344,3144000.0,7,994,무용+대중음악,무용,대중음악,0.08,0.246,0.43878434480104045,18.570582467480182,19.712436543825916,0.07142857142857142,False
베스트슬립 수면콘서트,복합,서울,세빛섬,0.28,1,154.0,1.0,35000.0,5390000.0,3,550,서양음악+대중음악,서양음악,대중음악,0.09857142857142857,0.22692857142857142,0.28354663921323325,19.971633833829436,19.641469243856093,0.07947019867549669,False
"지박컨템포러리시리즈 Vol.24, 음악전시: blur",복합,서울,서울문화재단 대학로극장 쿼드(예술청),0.2688172043010752,1,100.0,100.0,13680.0,1368000.0,5,372,서양음악+한국음악,서양음악,한국음악,0.09071428571428572,0.24414285714285713,0.3711534639347618,19.730180094380298,19.400015504406955,0.0728476821192053,False
"제3회 더 패스 정기연주회, 한 여름밤의 악몽",복합,충청,대전시립연정국악원,0.2453333333333333,1,184.0,184.0,2228.260869565217,410000.0,6,750,서양음악+한국음악,서양음악,한국음악,0.07857142857142857,0.28214285714285714,0.46127724755665733,19.17666328514683,18.996881203455192,0.11864406779661017,False
"브라소닛 빅밴드와 앰비규어스댄스컴퍼니, Body ＆ Voice [부천]",복합,경인,부천시민회관,0.2632084534101825,1,274.0,274.0,12379.56204379562,3392000.0,4,1041,대중음악+무용,대중음악,무용,0.08714285714285715,0.31957142857142856,0.45169881516427224,20.964585525336858,18.849558468041238,0.07476635514018691,False
수상한스테이지 (5월),복합,서울,수상한창고,0.1999999999999999,2,14.0,5.0,15000.0,105000.0,0,35,대중음악+서양음악,대중음악,서양음악,0.05714285714285714,0.40571428571428575,0.2686891473427841,18.23673408867936,17.906569498706016,0.06622516556291391,False
하우스콘서트 아리아리동동(同同) [함양],복합,영남,함양문화예술회관,0.205761316872428,1,100.0,100.0,980.0,98000.0,2,486,연극+대중음악,연극,대중음악,0.06285714285714286,0.24414285714285713,0.4056461418275824,16.423681906864164,17.565535983209898,0.061224489795918366,False
주창회 정기연주회: 현대음악 그리고 사계예찬 [대전],복합,충청,대전예술의전당,0.2363919129082426,1,152.0,152.0,1315.7894736842106,200000.0,7,643,서양음악+뮤지컬,서양음악,뮤지컬,0.06857142857142857,0.26942857142857146,0.42790507394349403,17.668703920090074,17.488921838398436,0.1016949152542373,False
크리스마스 칸타타 [부산],복합,영남,벡스코 (BEXCO),0.0847669690334688,8,2168.0,271.0,6350.553505535056,1721000.0,6,3197,서양음악+뮤지컬,서양음악,뮤지컬,0.025714285714285714,0.8137142857142856,0.5133868493059538,15.074010544409914,16.21586462075565,0.05102040816326531,False
"프리즘홀 10주년 기념공연, 다브다 X 제이통: A.D.10",복합,서울,프리즘홀(프리즘플러스),0.2375,1,19.0,19.0,38000.0,722000.0,1,80,대중음악+뮤지컬,대중음악,뮤지컬,0.07,0.20192857142857143,0.18840037818410793,16.219282375081683,15.889117785108338,0.059602649006622516,False
깽판: 우리가 살판 [양주],복합,경인,양주문화예술회관,0.2234042553191489,1,210.0,210.0,2095.2380952380954,440000.0,3,940,뮤지컬+한국음악,뮤지컬,한국음악,0.06714285714285714,0.293,0.46578490627010294,17.92917041090976,15.814143353614138,0.06542056074766354,False
고암 이응노 우리에게 보내는 희망편지 [충남],복합,충청,충남도청 문예회관,0.1842105263157894,1,154.0,154.0,506.4935064935065,78000.0,8,836,,,,0.05142857142857143,0.27135714285714285,0.40169177743427126,15.334323028446818,15.154540946755178,0.0847457627118644,False
테너 조용갑과 함께하는 5人 5色 Concert 오페라 & 크로스오버,복합,서울,광림아트센터,0.1924959216965742,1,118.0,118.0,847.457627118644,100000.0,6,613,연극+한국음악,연극,한국음악,0.054285714285714284,0.24871428571428572,0.4076137128168062,15.348042659274256,15.017878069300911,0.052980132450331126,False
"고스트쉽, 코마 [세종]",복합,충청,세종예술의전당,0.0252100840336134,70,1890.0,27.0,9423.280423280425,254428.57142857145,1,1071,,,,0.025714285714285714,0.7718571428571428,0.3510244168777748,14.837075642005198,14.657293560313558,0.06779661016949153,False
[데이터 분리] 바흐 Ⅹ 무브먼트 (패키지) (앵콜),복합,서울,서울문화재단 대학로극장 쿼드(예술청),0.1881720430107527,1,70.0,70.0,44800.0,3136000.0,5,372,서양음악+뮤지컬,서양음악,뮤지컬,0.05285714285714286,0.22964285714285715,0.21576480194444453,14.582687977794592,14.252523387821247,0.046357615894039736,False
"제26회 광주소극장축제 공식참여작, 암향환향",복합,호남,광주 민들레소극장,0.02,1,3.0,3.0,10000.0,30000.0,0,150,연극+무용,연극,무용,0.025714285714285714,0.19607142857142856,0.30561039137208834,9.835841608866312,13.901323685785606,0.03125,False
룰루랄라와 함께하는 동화책 콘서트,복합,충청,아트그라운드 플래닌,0.0561884236453201,28,365.0,39.0,9665.753424657534,126000.0,0,232,연극+한국음악,연극,한국음악,0.025714285714285714,0.6031428571428571,0.3250086836190284,13.778860054489394,13.599077972797755,0.05084745762711865,False
"이장희 프로젝트, 비인집: Home & Home [대구]",복합,영남,꿈꾸는씨어터,0.0208333333333333,2,5.0,1.0,10000.0,25000.0,1,120,연극+대중음악,연극,대중음악,0.025714285714285714,0.40571428571428575,0.303253478045591,12.233573132962418,13.375427209308153,0.04081632653061224,False
국립극장 달빛 상영회,복합,서울,국립극장,0.0819000819000819,3,300.0,100.0,7320.0,732000.0,5,1221,한국음악+연극,한국음악,연극,0.025714285714285714,0.5371428571428571,0.42324918181108345,13.30804234295856,12.977877752985215,0.039735099337748346,False
카이스트 x 대전예당 공연실험실: X-Space,복합,충청,대전예술의전당,0.1695178849144634,2,218.0,99.0,13541.284403669724,1476000.0,7,643,,,,0.025714285714285714,0.4776428571428572,0.38220072265909133,12.84748794349024,12.6677058617986,0.03389830508474576,False
요리조리 벌룬쉐프의 동화이야기,복합,서울,연희예술극장,0.0347826086956521,6,24.0,3.0,20000.0,80000.0,2,115,,,,0.025714285714285714,0.4717857142857143,0.22861431774638402,12.800020595173162,12.469856005199818,0.033112582781456956,False
부산국제공연예술마켓 (BPAM) (전일권),복합,영남,부산문화회관,0.0705716302046577,1,100.0,100.0,2000.0,200000.0,7,1417,한국음악+연극,한국음악,연극,0.025714285714285714,0.24414285714285713,0.42790507394349403,10.504622243220354,11.646476319566089,0.030612244897959183,False
"제11회 자문밖문화축제, 오프닝공연",복합,서울,서울아트센터,0.0170821791320406,2,37.0,25.0,77297.2972972973,1430000.0,0,1083,서양음악+한국음악,서양음악,한국음악,0.025714285714285714,0.4151428571428572,0.09961363329439216,11.871935826968226,11.541771236994881,0.026490066225165563,False
인어공주 [화성],복합,경인,마법의정원,0.114074074074074,27,308.0,12.0,15575.324675324677,177674.07407407407,2,100,,,,0.025714285714285714,0.5723571428571429,0.27235707463259123,13.563986993558277,11.448959936262657,0.056074766355140186,False
피노키오와 푸른고래 [인천],복합,경인,아띠홀,0.0924603174603174,14,233.0,12.0,15297.85407725322,254600.0,2,180,,,,0.025714285714285714,0.5483571428571429,0.2837125549987112,13.390792612111591,11.27576555481597,0.04672897196261682,False
PIUM Project 크리스마스 스페셜 콘서트 [대전],복합,충청,대전예술의전당,0.167529107373868,1,259.0,259.0,22046.332046332045,5710000.0,7,1546,서양음악+대중음악,서양음악,대중음악,0.025714285714285714,0.31157142857142855,0.3671515664761056,11.301979629927299,11.12219754823566,0.01694915254237288,False
그림자야 놀자 [부천],복합,경인,복사골문화센터,0.1657458563535911,6,180.0,30.0,2520.555555555556,75616.66666666667,3,181,연극+대중음악,연극,대중음악,0.025714285714285714,0.5179285714285714,0.4006991279912093,13.163403481137903,11.048376423842283,0.037383177570093455,False
"국악과 미디의 크로스오버 콘서트, 흡수 (吸收) [대구]",복합,영남,꿈꾸는씨어터,0.0166666666666666,1,2.0,2.0,5000.0,10000.0,1,120,,,,0.025714285714285714,0.19607142857142856,0.3654156669380404,9.835841608866312,10.977695685212048,0.015306122448979591,False
아트그룹 AMuse가 들려주는 지혜로운 전래동화 이야기 [대구],복합,영남,비원뮤직홀,0.145,1,29.0,1.0,18655.172413793105,541000.0,4,200,서양음악+연극,서양음악,연극,0.025714285714285714,0.19607142857142856,0.2811037404148223,9.835841608866312,10.977695685212048,0.015306122448979591,False
어린왕자를 찾아서,복합,경인,우리소극장 [의정부],0.1233333333333333,6,37.0,3.0,14900.0,91883.33333333331,5,50,,,,0.025714285714285714,0.4717857142857143,0.2680569238599294,12.800020595173162,10.684993537877542,0.028037383177570093,False
"유니세프 원주시후원회, 가을음악회 [원주]",복합,기타,원주백운아트홀,0.0218295218295218,1,21.0,1.0,30000.0,630000.0,4,962,,,,0.025714285714285714,0.19607142857142856,0.21903055227988352,9.794405643511483,10.23569981494456,0.06666666666666667,False
"최정주 아트앤뮤직 큐레이션, 음악이 흐르는 도시 베네치아",복합,서울,JCC 아트센터,0.1485714285714285,1,26.0,26.0,27461.53846153846,714000.0,4,175,서양음악+연극,서양음악,연극,0.025714285714285714,0.20592857142857143,0.23815028080803358,9.955627611188671,9.625463021215326,0.019867549668874173,False
"서린사랑의 작은음악회, The Identity: 너와 나의 정체성",복합,서울,선릉문화공간 제이드409,0.125,1,10.0,10.0,20000.0,200000.0,0,80,대중무용+뮤지컬,대중무용,뮤지컬,0.025714285714285714,0.19607142857142856,0.24293371344078782,9.835841608866312,9.505677018892968,0.013245033112582781,False
"24시간 프로젝트 시즌6: 박지혁, 천지윤, 상흠, 박지선",복합,서울,도곡 율하우스,0.0333333333333333,1,1.0,1.0,30000.0,30000.0,0,30,,,,0.025714285714285714,0.19607142857142856,0.17885863270630178,9.794405643511483,9.464241053538139,0.006622516556291391,False
"한하운의 삶과 시, 파랑새 [김포]",복합,경인,김포아트홀,0.0755467196819085,1,38.0,38.0,20000.0,760000.0,4,503,,,,0.025714285714285714,0.2085,0.27946161060323155,10.01887712587756,7.90385006858194,0.018691588785046728,False
키즈 마티네 콘서트 [김포],복합,경인,김포아트홀,0.0755467196819085,1,38.0,38.0,60000.0,2280000.0,4,503,뮤지컬+무용,뮤지컬,무용,0.025714285714285714,0.2085,0.1443002751382061,9.778151256799848,7.663124199504228,0.009345794392523364,False
