공연명,장르명,지역,공연시설명,최종_좌석점유율,총_공연회차_계산,판매좌석수_합계,평균_판매좌석수,평균판매단가,회차당매출,접근성_점수,좌석수,U_participation,S_scale,A_afford,DPI_plus,DPI_region_adj_seg,DPI_region_pr_seg,is_free
"제29회 한국예술종합학교, 크누아 오페라 정기공연: DON GIOVANNI",서양음악(클래식),서울,국립극장,1.0,4,4884.0,1221.0,0.0,0.0,5,1221,0.8992913921137956,0.873252013387721,0.18641360301676208,88.8783738722423,94.8783738722423,1.0,True
제8회 대한민국장애인국제무용제,무용(서양/한국무용),서울,아르코예술극장,1.0,3,1800.0,600.0,0.0,0.0,2,600,0.8992913921137956,0.7860997803577032,0.18641360301676208,85.21799890093635,91.21799890093635,0.9990909090909091,True
K-Arts DMZ Festa,대중음악,기타,강원세계산림엑스포행사장,1.08046667,3,6311.0,2103.67,0.0,0.0,0,1947,0.8992913921137956,0.8694644911620123,0.18641360301676208,88.72397727584655,90.41190569990465,1.0,True
MU: CON [신한SOL페이 스퀘어],대중음악,서울,신한카드 SOL페이 스퀘어(구.신한pLay 스퀘어),1.7689,2,1500.0,750.0,0.0,0.0,6,424,0.8992913921137956,0.7360514067566154,0.18641360301676208,83.00485986258317,89.00485986258317,0.9981818181818182,True
MU:CON [신한pLay 스퀘어],대중음악,서울,신한카드 SOL페이 스퀘어(구.신한pLay 스퀘어),1.6981,2,1440.0,720.0,0.0,0.0,6,424,0.8992913921137956,0.7303054073841648,0.18641360301676208,82.74505869723498,88.74505869723498,0.9972727272727273,True
생각하는 손: 흙과 실의 춤,무용(서양/한국무용),서울,국립국악원,1.0,2,1316.0,658.0,0.0,0.0,7,658,0.8992913921137956,0.7234768852630478,0.18641360301676208,82.43471217754585,88.43471217754585,0.9959090909090909,True
"국립민속국악원, 지지지 [서울]",한국음악(국악),서울,국립국악원,1.0,2,1316.0,658.0,0.0,0.0,7,658,0.8992913921137956,0.7234768852630478,0.18641360301676208,82.43471217754585,88.43471217754585,0.9959090909090909,True
제19회 창신제,한국음악(국악),서울,세종문화회관,0.9821,4,11872.0,2968.0,0.0,0.0,3,3022,0.7519741658822299,0.8967432799916327,0.18641360301676208,80.6842942803995,86.6842942803995,0.9945454545454545,True
제18회 창신제,한국음악(국악),서울,세종문화회관,0.9821,3,8904.0,2968.0,0.0,0.0,3,3022,0.7519741658822299,0.8694644911620123,0.18641360301676208,79.69342508427255,85.69342508427255,0.9936363636363637,True
"춘천마임축제, OVVIO",연극,기타,춘천문화예술회관,1.0,2,1880.0,940.0,0.0,0.0,3,940,0.8992913921137956,0.753892113795628,0.18641360301676208,83.80384443266767,85.49177285672577,0.9939024390243902,True
제주 비밀을 찾아 떠나는 모험,뮤지컬,제주,제주문예회관,1.0,5,4140.0,828.0,0.0,0.0,3,828,0.8992913921137956,0.8712425478506433,0.18641360301676208,88.79650908580265,85.04583373860073,1.0,True
IBK음악회,서양음악(클래식),서울,세종문화회관,1.0,1,3022.0,3022.0,0.0,0.0,3,3022,0.8992913921137956,0.616588222989227,0.18641360301676208,77.32828029209746,83.32828029209746,0.9918181818181818,True
IBK음악회,서양음악(클래식),서울,세종문화회관,1.0,1,3022.0,3022.0,0.0,0.0,3,3022,0.8992913921137956,0.616588222989227,0.18641360301676208,77.32828029209746,83.32828029209746,0.9918181818181818,True
코리안리 신년음악회,서양음악(클래식),서울,세종문화회관,1.0,1,3022.0,3022.0,0.0,0.0,3,3022,0.8992913921137956,0.616588222989227,0.18641360301676208,77.32828029209746,83.32828029209746,0.9918181818181818,True
이은결 더 일루션,서커스/마술,영남,예주문화예술회관,1.29003333,3,2055.0,685.0,0.0,0.0,4,531,0.8992913921137956,0.8007386779625562,0.18641360301676208,85.84926563956883,83.25371626917364,1.0,True
서울무형문화축제,무용(서양/한국무용),서울,남산골한옥마을,1.0,2,604.0,302.0,0.0,0.0,3,302,0.8992913921137956,0.6150912561447547,0.18641360301676208,77.25312978572356,83.25312978572356,0.99,True
루드윅: 베토벤 더 피아노 [동해],뮤지컬,기타,동해문화예술회관,1.0,2,1140.0,570.0,0.0,0.0,3,570,0.8992913921137956,0.7040150088902835,0.18641360301676208,81.54043594930424,83.22836437336234,0.9878048780487805,True
"제32회 젊은연극제, 한여름 밤의 꿈",연극,서울,세종대학교 충무관,1.1175,4,447.0,111.75,0.0,0.0,7,100,0.8992913921137956,0.6131981487292124,0.18641360301676208,77.15793498064907,83.15793498064907,0.9890909090909091,True
생각나라 과자집 [군산],뮤지컬,호남,군산어린이공연장,1.0,2,660.0,330.0,0.0,0.0,3,330,0.8992913921137956,0.6291718962451627,0.18641360301676208,77.95572017328472,82.90246567273228,0.9973684210526316,True
가방 들어주는 아이 [군산],뮤지컬,호남,군산어린이공연장,1.0,2,660.0,330.0,0.0,0.0,3,330,0.8992913921137956,0.6291718962451627,0.18641360301676208,77.95572017328472,82.90246567273228,0.9973684210526316,True
아! 토리 주머니 [군산],뮤지컬,호남,군산어린이공연장,1.0,2,660.0,330.0,0.0,0.0,3,330,0.8992913921137956,0.6291718962451627,0.18641360301676208,77.95572017328472,82.90246567273228,0.9973684210526316,True
뜬쇠예술단의 하우스콘서트: 마딧길,한국음악(국악),충청,태안군문화예술회관,1.0,3,2061.0,687.0,0.0,0.0,3,687,0.8992913921137956,0.8009138688421713,0.18641360301676208,85.85677821350845,82.88375986849256,1.0,True
교보 노블리에 콘서트 (8.24),서양음악(클래식),서울,롯데콘서트홀,1.0,1,2036.0,2036.0,0.0,0.0,6,2036,0.8992913921137956,0.6020565317435415,0.18641360301676208,76.59407413969002,82.59407413969002,0.9786363636363636,True
교보 노블리에 콘서트 (8.23),서양음악(클래식),서울,롯데콘서트홀,1.0,1,2036.0,2036.0,0.0,0.0,6,2036,0.8992913921137956,0.6020565317435415,0.18641360301676208,76.59407413969002,82.59407413969002,0.9786363636363636,True
"가정의 달 기념 영화음악 콘서트, CINEMA SUITE FOR 국군교향악단",서양음악(클래식),서울,롯데콘서트홀,1.0,1,2036.0,2036.0,0.0,0.0,6,2036,0.8992913921137956,0.6020565317435415,0.18641360301676208,76.59407413969002,82.59407413969002,0.9786363636363636,True
연합뉴스TV 개국 13주년 송년음악회,서양음악(클래식),서울,롯데콘서트홀,1.0,1,2036.0,2036.0,0.0,0.0,6,2036,0.8992913921137956,0.6020565317435415,0.18641360301676208,76.59407413969002,82.59407413969002,0.9786363636363636,True
연합뉴스TV 개국 12주년 송년음악회,서양음악(클래식),서울,롯데콘서트홀,1.0,1,2036.0,2036.0,0.0,0.0,6,2036,0.8992913921137956,0.6020565317435415,0.18641360301676208,76.59407413969002,82.59407413969002,0.9786363636363636,True
여름에 만나는 겨울나그네,서양음악(클래식),서울,롯데콘서트홀,1.0,1,2036.0,2036.0,0.0,0.0,6,2036,0.8992913921137956,0.6020565317435415,0.18641360301676208,76.59407413969002,82.59407413969002,0.9786363636363636,True
제76회 크누아심포니오케스트라 정기연주회,서양음악(클래식),서울,롯데콘서트홀,1.0,1,2036.0,2036.0,0.0,0.0,6,2036,0.8992913921137956,0.6020565317435415,0.18641360301676208,76.59407413969002,82.59407413969002,0.9786363636363636,True
"Lovely Concert, 중소기업사랑나눔콘서트",서양음악(클래식),서울,롯데콘서트홀,1.0,1,2036.0,2036.0,0.0,0.0,6,2036,0.8992913921137956,0.6020565317435415,0.18641360301676208,76.59407413969002,82.59407413969002,0.9786363636363636,True
선화예술고등학교 개교 50주년 기념 관현악 정기연주회,서양음악(클래식),서울,롯데콘서트홀,1.0,1,2036.0,2036.0,0.0,0.0,6,2036,0.8992913921137956,0.6020565317435415,0.18641360301676208,76.59407413969002,82.59407413969002,0.9786363636363636,True
온드림 스테이지,서양음악(클래식),서울,롯데콘서트홀,1.0,1,2036.0,2036.0,0.0,0.0,6,2036,0.8992913921137956,0.6020565317435415,0.18641360301676208,76.59407413969002,82.59407413969002,0.9786363636363636,True
모아사랑 음악회,서양음악(클래식),서울,롯데콘서트홀,1.0,1,2036.0,2036.0,0.0,0.0,6,2036,0.8992913921137956,0.6020565317435415,0.18641360301676208,76.59407413969002,82.59407413969002,0.9786363636363636,True
아름다운 중소기업 나눔콘서트,서양음악(클래식),서울,롯데콘서트홀,1.0,1,2036.0,2036.0,0.0,0.0,6,2036,0.8992913921137956,0.6020565317435415,0.18641360301676208,76.59407413969002,82.59407413969002,0.9786363636363636,True
평화를 기원하는 사랑의 콘서트,서양음악(클래식),서울,롯데콘서트홀,1.0,1,2036.0,2036.0,0.0,0.0,6,2036,0.8992913921137956,0.6020565317435415,0.18641360301676208,76.59407413969002,82.59407413969002,0.9786363636363636,True
나눔 가족음악회,서양음악(클래식),서울,롯데콘서트홀,1.0,1,2036.0,2036.0,0.0,0.0,6,2036,0.8992913921137956,0.6020565317435415,0.18641360301676208,76.59407413969002,82.59407413969002,0.9786363636363636,True
제9회 연합뉴스TV 정기음악회,서양음악(클래식),서울,롯데콘서트홀,1.0,1,2036.0,2036.0,0.0,0.0,6,2036,0.8992913921137956,0.6020565317435415,0.18641360301676208,76.59407413969002,82.59407413969002,0.9786363636363636,True
대한민국해군군악대 정기연주회,서양음악(클래식),서울,롯데콘서트홀,1.0,1,2036.0,2036.0,0.0,0.0,6,2036,0.8992913921137956,0.6020565317435415,0.18641360301676208,76.59407413969002,82.59407413969002,0.9786363636363636,True
제79주년 광복절 기념 송파구민 합창,서양음악(클래식),서울,롯데콘서트홀,1.0,1,2036.0,2036.0,0.0,0.0,6,2036,0.8992913921137956,0.6020565317435415,0.18641360301676208,76.59407413969002,82.59407413969002,0.9786363636363636,True
목포시립교향악단 창단 40주년 기념음악회,서양음악(클래식),서울,롯데콘서트홀,1.0,1,2036.0,2036.0,0.0,0.0,6,2036,0.8992913921137956,0.6020565317435415,0.18641360301676208,76.59407413969002,82.59407413969002,0.9786363636363636,True
제42회 크누아 윈드 오케스트라 정기연주회,서양음악(클래식),서울,롯데콘서트홀,1.0,1,2036.0,2036.0,0.0,0.0,6,2036,0.8992913921137956,0.6020565317435415,0.18641360301676208,76.59407413969002,82.59407413969002,0.9786363636363636,True
"제35회 이건음악회, 타펠무지크 바로크 오케스트라 & 레이첼 포저 초청 연주회",서양음악(클래식),서울,롯데콘서트홀,1.0,1,2036.0,2036.0,0.0,0.0,6,2036,0.8992913921137956,0.6020565317435415,0.18641360301676208,76.59407413969002,82.59407413969002,0.9786363636363636,True
국군교향악단 정기연주회,서양음악(클래식),서울,롯데콘서트홀,1.0,1,2036.0,2036.0,0.0,0.0,6,2036,0.8992913921137956,0.6020565317435415,0.18641360301676208,76.59407413969002,82.59407413969002,0.9786363636363636,True
제37회 Korea Women's Wind Orchestra 정기연주회,서양음악(클래식),서울,롯데콘서트홀,1.0,1,2036.0,2036.0,0.0,0.0,6,2036,0.8992913921137956,0.6020565317435415,0.18641360301676208,76.59407413969002,82.59407413969002,0.9786363636363636,True
"제31회 젊은연극제, 플라자호텔",연극,서울,서강대 메리홀,1.0,4,400.0,100.0,0.0,0.0,1,100,0.8992913921137956,0.5977565108252274,0.18641360301676208,76.37478275784562,82.37478275784562,0.9681818181818181,True
이순신의 바다 [거제],뮤지컬,영남,거제문화예술회관,1.0,2,2418.0,1209.0,0.0,0.0,3,1209,0.8992913921137956,0.7769114109402783,0.18641360301676208,84.81816294423967,82.22261357384448,0.9990243902439024,True
"제17회 DIMF , 수원대학교 지저스 크라이스트 슈퍼스타",뮤지컬,영남,아양아트센터,1.0,2,2222.0,1111.0,0.0,0.0,6,1111,0.8992913921137956,0.7700292856395774,0.18641360301676208,84.51682209881324,81.92127272841805,0.9980487804878049,True
MU: CON [ㅎㄷ카페],대중음악,서울,홍대 카페 (구.홍대카페),1.6367,2,491.0,245.5,0.0,0.0,1,150,0.8992913921137956,0.5789221838719799,0.18641360301676208,75.40295024048868,81.40295024048868,0.9672727272727273,True
제18회 디가디가 타악기 앙상블 정기연주회,서양음악(클래식),영남,(재)영화의전당,1.0,2,1682.0,841.0,0.0,0.0,8,841,0.8992913921137956,0.7458725551720531,0.18641360301676208,83.44611322156238,80.8505638511672,0.9970731707317073,True
IBK음악회,서양음악(클래식),서울,세종문화회관,0.959,2,4891.0,2445.5,0.0,0.0,6,3022,0.7109089007426002,0.80781168287836,0.18641360301676208,74.81909021505142,80.81909021505142,0.9659090909090909,True
IBK음악회,서양음악(클래식),서울,세종문화회관,0.959,2,4891.0,2445.5,0.0,0.0,6,3022,0.7109089007426002,0.80781168287836,0.18641360301676208,74.81909021505142,80.81909021505142,0.9659090909090909,True
평행우주 없이 사는 법,연극,영남,밀양아리랑아트센터,1.0,2,1530.0,765.0,0.0,0.0,7,765,0.8992913921137956,0.73789614057107,0.18641360301676208,83.08800997691984,80.49246060652465,0.9960975609756098,True
"교성곡 회당: 불법은 체요, 세간법은 그림자라",한국음악(국악),서울,국립극장,1.0,1,1221.0,1221.0,0.0,0.0,5,1221,0.8992913921137956,0.5608762158770003,0.18641360301676208,74.4538348238941,80.4538348238941,0.9622727272727273,True
무 (舞) 말: 하다,무용(서양/한국무용),서울,국립극장,1.0,1,1221.0,1221.0,0.0,0.0,5,1221,0.8992913921137956,0.5608762158770003,0.18641360301676208,74.4538348238941,80.4538348238941,0.9622727272727273,True
제3회 서초한우리오케스트라 정기연주회,서양음악(클래식),서울,국립극장,1.0,1,1221.0,1221.0,0.0,0.0,5,1221,0.8992913921137956,0.5608762158770003,0.18641360301676208,74.4538348238941,80.4538348238941,0.9622727272727273,True
설맞이 음악회,한국음악(국악),서울,국립극장,1.0,1,1221.0,1221.0,0.0,0.0,5,1221,0.8992913921137956,0.5608762158770003,0.18641360301676208,74.4538348238941,80.4538348238941,0.9622727272727273,True
제17회 아르스 필하모닉 오케스트라 정기연주회,서양음악(클래식),서울,국립극장,1.0,1,1221.0,1221.0,0.0,0.0,5,1221,0.8992913921137956,0.5608762158770003,0.18641360301676208,74.4538348238941,80.4538348238941,0.9622727272727273,True
지오반니 그라노 & 콰르텟 미티야 내한공연,서양음악(클래식),서울,국립극장,1.0,1,1221.0,1221.0,0.0,0.0,5,1221,0.8992913921137956,0.5608762158770003,0.18641360301676208,74.4538348238941,80.4538348238941,0.9622727272727273,True
"제32회 젊은연극제, 안티고네",연극,서울,서강대 메리홀,1.14666667,3,344.0,114.67,0.0,0.0,1,100,0.8992913921137956,0.5604604643865704,0.18641360301676208,74.4317542448741,80.4317542448741,0.9590909090909091,True
"2.28 민주운동 뮤지컬이 되다!, 새벽을 여는 함성 [대구]",뮤지컬,영남,대덕문화전당,1.33485,2,1431.0,715.5,0.0,0.0,4,536,0.8992913921137956,0.7299040372345988,0.18641360301676208,82.72686528189276,80.13131591149757,0.9951219512195122,True
폴리팝 [인천 동구],뮤지컬,경인,인천동구문화체육센터,1.0,4,1980.0,495.0,0.0,0.0,1,495,0.8992913921137956,0.8046438657044241,0.18641360301676208,86.01649535756295,80.01649535756295,1.0,True
"강북연극제, 엄마집 & 복사꽃 지면 송화 날리고",연극,서울,강북문화예술회관,0.9766,6,1002.0,167.0,0.0,0.0,7,171,0.7413319736429244,0.7317696893630373,0.18641360301676208,73.74921562219623,79.74921562219623,0.9581818181818181,True
제6회 비내림국악관현악단 정기연주회: 향수 (鄕愁),한국음악(국악),서울,국립국악원,1.6429,1,1081.0,1081.0,0.0,0.0,7,658,0.8992913921137956,0.5475041836627967,0.18641360301676208,73.73865957302634,79.73865957302634,0.9572727272727273,True
이데일리 일자리창출 응원 콘서트: Cheer up,대중음악,서울,코엑스,1.0,1,1080.0,1080.0,0.0,0.0,8,1080,0.8992913921137956,0.5474192030122372,0.18641360301676208,73.73408123279648,79.73408123279648,0.9563636363636364,True
검은 소년,연극,서울,꿈의숲아트센터,0.9894,3,840.0,280.0,0.0,0.0,8,283,0.774422131576195,0.6842485095701286,0.18641360301676208,73.70079923892577,79.70079923892577,0.9554545454545454,True
제56회 제주도립무용단 정기공연,무용(서양/한국무용),제주,제주문예회관,1.0,2,1656.0,828.0,0.0,0.0,3,828,0.8992913921137956,0.7444657985566363,0.18641360301676208,83.38312398397204,79.63244863677012,0.9891304347826086,True
"제3회 대한민국치유예술제, XXL 레오타드 안나수이 손거울",연극,서울,민송아트홀 (구. 브로드웨이아트홀),1.0,2,388.0,194.0,0.0,0.0,1,194,0.8992913921137956,0.5445403200502039,0.18641360301676208,73.57872852803315,79.57872852803315,0.9545454545454546,True
"제849회 전남도립국악단 토요가무악희 시즌1, 그린국악",한국음악(국악),호남,남도소리울림터,0.9892,2,1104.0,552.0,0.0,0.0,1,558,0.7737292124254785,0.7003529965484783,0.18641360301676208,74.34986647979794,79.2966119792455,0.9921052631578947,True
제74회 군산시립합창단 특별기획연주회: 하모니(Harmony),서양음악(클래식),호남,군산예술의전당,1.0,1,1200.0,1200.0,0.0,0.0,4,1200,0.8992913921137956,0.5588366802635708,0.18641360301676208,74.34542072455912,79.29216622400668,0.9894736842105263,True
"백제문화제 70주년 기념 음악회, 백제 위대한 발걸음 [공주]",한국음악(국악),충청,공주문예회관,1.0,2,1258.0,629.0,0.0,0.0,5,629,0.8992913921137956,0.719511557368476,0.18641360301676208,82.2536865053429,79.28066816032701,0.9954337899543378,True
"서울시립교향악단, 우리동네 음악회",서양음악(클래식),서울,금나래아트홀,0.98955,2,844.0,422.0,0.0,0.0,6,324,0.775010459156992,0.6634583202593871,0.18641360301676208,72.82994736333491,78.82994736333491,0.9531818181818181,True
"서울시립교향악단, 우리동네 음악회",서양음악(클래식),서울,금나래아트홀,0.98955,2,844.0,422.0,0.0,0.0,6,552,0.775010459156992,0.6634583202593871,0.18641360301676208,72.82994736333491,78.82994736333491,0.9531818181818181,True
"모든예술31X고양 선정작, 파랑새",연극,경인,고양어울림누리,1.0,4,1464.0,366.0,0.0,0.0,8,366,0.8992913921137956,0.7721224244325907,0.18641360301676208,84.60864270285717,78.60864270285717,0.999083409715857,True
레미제라블: 코제트 소녀 이야기 [논산],뮤지컬,충청,논산아트센터(구. 논산문화예술회관),1.0,2,1120.0,560.0,0.0,0.0,5,560,0.8992913921137956,0.7020264616671896,0.18641360301676208,81.44823074800262,78.47521240298673,0.9908675799086758,True
제13회 한독 국제 유진 청소년 오케스트라 정기연주회,서양음악(클래식),호남,예울마루,1.0,1,1021.0,1021.0,0.0,0.0,7,1021,0.8992913921137956,0.5429962869992678,0.18641360301676208,73.49520503427804,78.4419505337256,0.9868421052631579,True
마술사 최형배의 MAGIC MOON [부천],서커스/마술,경인,부천시민회관,1.0,2,2082.0,1041.0,0.0,0.0,4,1041,0.8992913921137956,0.7660234285116619,0.18641360301676208,84.34067702297288,78.34067702297288,0.998166819431714,True
"제11회 전남학교예술교육페스티벌, 오케스트라",서양음악(클래식),호남,예울마루,0.9089,6,5568.0,928.0,0.0,0.0,7,1021,0.6368711431858592,0.9031181361782241,0.18641360301676208,73.23670021294723,78.18344571239479,0.9842105263157894,True
한국가곡합창단 20주년 기념음악회,서양음악(클래식),서울,연세대학교 백주년기념관,1.0,1,829.0,829.0,0.0,0.0,7,829,0.8992913921137956,0.516223459889133,0.18641360301676208,72.0236881570769,78.0236881570769,0.9518181818181818,True
미스트롯3 전국투어 콘서트: 세상을 꺾고 뒤집어라! [전주],대중음악,호남,한국소리문화의전당,0.9367,2,3816.0,1908.0,0.0,0.0,8,2037,0.6803289404873967,0.8035678799288778,0.18641360301676208,72.71774369596547,77.66448919541303,0.9815789473684211,True
책먹는 여우 [김천],뮤지컬,영남,김천시립율곡도서관,1.0,2,928.0,464.0,0.0,0.0,2,464,0.8992913921137956,0.675202646166719,0.18641360301676208,80.18883723724196,77.59328786684677,0.9941463414634146,True
부산포 해전과 이순신의 바다 [부산],뮤지컬,영남,동래문화회관,0.998,4,2016.0,504.0,0.0,0.0,5,505,0.7970531325175191,0.8084366175086288,0.18641360301676208,80.1587164328491,77.56316706245391,0.9931707317073171,True
김대중 대통령 탄생 100주년 서거 15주년 기념음악회: 미래를 향하여 [광주],서양음악(클래식),호남,전남대학교 민주마루홀,1.0044,1,920.0,920.0,0.0,0.0,4,916,0.8992913921137956,0.5260929819056583,0.18641360301676208,72.57136054805684,77.5181060475044,0.9789473684210527,True
"제 31회 젊은연극제, 실수 연발",연극,서울,열린극장,1.0,2,300.0,150.0,0.0,0.0,1,150,0.8992913921137956,0.5066559460307498,0.18641360301676208,71.48674443481198,77.48674443481198,0.9509090909090909,True
"프로젝트10minutes, 여섯 번째 감각 시즌1",연극,서울,아르코예술극장,1.184,5,148.0,29.6,0.0,0.0,2,25,0.8992913921137956,0.5029730153749608,0.18641360301676208,71.27843178800155,77.27843178800155,0.95,True
"제31회 젊은연극제, 서푼짜리 오페라",연극,서울,민송아트홀 (구. 브로드웨이아트홀),0.9743,3,795.0,265.0,0.0,0.0,1,272,0.7360631733082313,0.6777546804727539,0.18641360301676208,71.21607986456114,77.21607986456114,0.9490909090909091,True
"제17회 DIMF, 내 마음의 풍금",뮤지컬,영남,어울아트센터(구. 대구북구문예회관),1.0,2,850.0,425.0,0.0,0.0,5,425,0.8992913921137956,0.6645669909005334,0.18641360301676208,79.6811820794214,77.08563270902621,0.9917073170731707,True
"제17회 DIMF, FAME",뮤지컬,영남,어울아트센터(구. 대구북구문예회관),1.0,2,850.0,425.0,0.0,0.0,5,425,0.8992913921137956,0.6645669909005334,0.18641360301676208,79.6811820794214,77.08563270902621,0.9917073170731707,True
The Colburn School in Korea,서양음악(클래식),서울,거암아트홀,1.0,2,288.0,144.0,0.0,0.0,5,144,0.8992913921137956,0.49949665306976254,0.18641360301676208,71.0809616754559,77.0809616754559,0.9481818181818182,True
과왕 챌린지 [군산],서커스/마술,호남,군산어린이공연장,0.9924,2,655.0,327.5,0.0,0.0,3,330,0.7881367011818847,0.6276618554544504,0.18641360301676208,71.95338429419597,76.90012979364353,0.9763157894736842,True
셰프 [부여],뮤지컬,충청,국립부여박물관,1.02585,2,872.0,436.0,0.0,0.0,4,425,0.8992913921137956,0.667405344629223,0.18641360301676208,79.81713481838314,76.84411647336725,0.9863013698630136,True
국악관현악 축제,한국음악(국악),서울,국립국악원,1.0,1,658.0,658.0,0.0,0.0,7,658,0.8992913921137956,0.49227460516682353,0.18641360301676208,70.66807070137618,76.66807070137618,0.9463636363636364,True
제42회 대한민국작곡상 연주회,한국음악(국악),서울,국립국악원,1.0,1,658.0,658.0,0.0,0.0,7,658,0.8992913921137956,0.49227460516682353,0.18641360301676208,70.66807070137618,76.66807070137618,0.9463636363636364,True
제13회 국악동요 부르기 한마당,한국음악(국악),서울,국립국악원,1.0,1,658.0,658.0,0.0,0.0,7,658,0.8992913921137956,0.49227460516682353,0.18641360301676208,70.66807070137618,76.66807070137618,0.9463636363636364,True
두산 신년음악회,서양음악(클래식),서울,세종문화회관,0.9894,1,2990.0,2990.0,0.0,0.0,3,3022,0.774422131576195,0.6157684865599833,0.18641360301676208,70.6567467160719,76.6567467160719,0.9445454545454546,True
"제24회 예원예술대학교 공연예술학과 정기공연, 유린",뮤지컬,경인,고양어울림누리,1.0,3,1098.0,366.0,0.0,0.0,8,366,0.8992913921137956,0.726174040372346,0.18641360301676208,82.55750312534235,76.55750312534235,0.997250229147571,True
"제32회 젊은연극제, On Air Hamlet",연극,서울,선돌극장,1.01155,2,263.0,131.5,0.0,0.0,1,130,0.8992913921137956,0.48907148833803993,0.18641360301676208,70.48378210967012,76.48378210967012,0.9436363636363636,True
아름다운 사인,연극,서울,코델아트홀,0.95,7,798.0,114.0,0.0,0.0,1,120,0.7009988494927308,0.7090327894571697,0.18641360301676208,70.42014435624036,76.42014435624036,0.9422727272727273,True
아름다운 사인,연극,서울,코델아트홀,0.95,7,798.0,114.0,0.0,0.0,1,796,0.7009988494927308,0.7090327894571697,0.18641360301676208,70.42014435624036,76.42014435624036,0.9422727272727273,True
영화 애수를 사랑한 젊은이,뮤지컬,서울,국립극장,1.0,1,627.0,627.0,0.0,0.0,5,627,0.8992913921137956,0.48614553916954295,0.18641360301676208,70.31480616317126,76.31480616317126,0.9377272727272727,True
"세한대학교 전통연희학과 개설 20주년 기념공연, 전통연희: 오래된 여정",한국음악(국악),서울,국립극장,1.0,1,627.0,627.0,0.0,0.0,5,627,0.8992913921137956,0.48614553916954295,0.18641360301676208,70.31480616317126,76.31480616317126,0.9377272727272727,True
"안성시립남사당바우덕이풍물단 21주년 기념공연, 곰뱅이 텄다",한국음악(국악),서울,국립극장,1.0,1,627.0,627.0,0.0,0.0,5,627,0.8992913921137956,0.48614553916954295,0.18641360301676208,70.31480616317126,76.31480616317126,0.9377272727272727,True
깊은 밤에 더 빛나는 별빛,서양음악(클래식),서울,국립극장,1.0,1,627.0,627.0,0.0,0.0,5,627,0.8992913921137956,0.48614553916954295,0.18641360301676208,70.31480616317126,76.31480616317126,0.9377272727272727,True
"한일문화교류 연작시리즈, 동행: 열한 번째 이야기",대중음악,서울,국립극장,1.0,1,627.0,627.0,0.0,0.0,5,627,0.8992913921137956,0.48614553916954295,0.18641360301676208,70.31480616317126,76.31480616317126,0.9377272727272727,True
"정유경의 춤, 바라지꽃 필 무렵",무용(서양/한국무용),서울,국립극장,1.0,1,627.0,627.0,0.0,0.0,5,627,0.8992913921137956,0.48614553916954295,0.18641360301676208,70.31480616317126,76.31480616317126,0.9377272727272727,True
제76회 봉산탈춤 정기공연,무용(서양/한국무용),서울,국립극장,1.0,1,627.0,627.0,0.0,0.0,5,627,0.8992913921137956,0.48614553916954295,0.18641360301676208,70.31480616317126,76.31480616317126,0.9377272727272727,True
에이 프라이데이 나잇 (A-Friday Night),무용(서양/한국무용),서울,국립극장,1.0,1,627.0,627.0,0.0,0.0,5,627,0.8992913921137956,0.48614553916954295,0.18641360301676208,70.31480616317126,76.31480616317126,0.9377272727272727,True
발레앤모델 슈퍼발레콘서트 인 서울,무용(서양/한국무용),서울,세종문화회관,0.89026667,3,8071.0,2690.33,0.0,0.0,3,3022,0.6082261269741659,0.8694644911620123,0.18641360301676208,70.1681106944894,76.1681106944894,0.9336363636363636,True
"익산 브랜드 공연, WEST & EAST: 서쪽남자 & 동쪽여자",무용(서양/한국무용),호남,익산예술의전당,0.9326,2,2242.0,1121.0,0.0,0.0,8,1202,0.6737658194749503,0.7719393891852316,0.18641360301676208,71.14406332751261,76.09080882696017,0.9736842105263158,True
제15회 새빛낮은예술단 정기음악회,한국음악(국악),서울,세종문화회관,1.0,1,609.0,609.0,0.0,0.0,3,609,0.8992913921137956,0.4810323187951051,0.18641360301676208,70.01804238180249,76.01804238180249,0.9313636363636364,True
세종꿈나무오케스트라 정기연주회,서양음악(클래식),서울,세종문화회관,1.0,1,609.0,609.0,0.0,0.0,3,609,0.8992913921137956,0.4810323187951051,0.18641360301676208,70.01804238180249,76.01804238180249,0.9313636363636364,True
제14회 새빛낮은예술단 정기음악회,한국음악(국악),서울,세종문화회관,1.0,1,609.0,609.0,0.0,0.0,3,609,0.8992913921137956,0.4810323187951051,0.18641360301676208,70.01804238180249,76.01804238180249,0.9313636363636364,True
"ESG 장애인식개선 무용극, 아버지의 봄",무용(서양/한국무용),서울,세종문화회관,1.0,1,609.0,609.0,0.0,0.0,3,609,0.8992913921137956,0.4810323187951051,0.18641360301676208,70.01804238180249,76.01804238180249,0.9313636363636364,True
영지 [의령],연극,영남,의령군민문화회관,1.0,2,708.0,354.0,0.0,0.0,4,354,0.8992913921137956,0.6387197991841858,0.18641360301676208,78.4267852327624,75.83123586236721,0.9902439024390244,True
서울 전통춤 문화제,무용(서양/한국무용),서울,남산골한옥마을,0.9868,2,596.0,298.0,0.0,0.0,3,302,0.7646951155736847,0.6077959941428721,0.18641360301676208,69.7583377005654,75.7583377005654,0.9290909090909091,True
"제6회 청소년뮤지컬단 정기공연, 엄마 [인천]",뮤지컬,경인,인천학생교육문화회관,1.0034,2,1188.0,594.0,0.0,0.0,5,592,0.8992913921137956,0.708409162221525,0.18641360301676208,81.74363189845567,75.74363189845567,0.9963336388634281,True
"제44회 서울무용제, 시상식 및 폐막식",무용(서양/한국무용),서울,아르코예술극장,1.0,1,600.0,600.0,0.0,0.0,2,600,0.8992913921137956,0.4761910365024579,0.18641360301676208,69.7353120108034,75.7353120108034,0.9263636363636364,True
"대한민국예술원 70주년 기념 공연: 춤, 미래의 신화",무용(서양/한국무용),서울,아르코예술극장,1.0,1,600.0,600.0,0.0,0.0,2,600,0.8992913921137956,0.4761910365024579,0.18641360301676208,69.7353120108034,75.7353120108034,0.9263636363636364,True
"제62회 대한민국연극인축제, K-Theater Awards",연극,서울,아르코예술극장,1.0,1,600.0,600.0,0.0,0.0,2,600,0.8992913921137956,0.4761910365024579,0.18641360301676208,69.7353120108034,75.7353120108034,0.9263636363636364,True
"제61회 대한민국연극인축제, K-Theater Awards",연극,서울,아르코예술극장,1.0,1,600.0,600.0,0.0,0.0,2,600,0.8992913921137956,0.4761910365024579,0.18641360301676208,69.7353120108034,75.7353120108034,0.9263636363636364,True
"제45회 서울무용제, 시상식 및 폐막식",무용(서양/한국무용),서울,아르코예술극장,1.0,1,600.0,600.0,0.0,0.0,2,600,0.8992913921137956,0.4761910365024579,0.18641360301676208,69.7353120108034,75.7353120108034,0.9263636363636364,True
어린왕자 [군산],연극,호남,군산어린이공연장,0.98635,2,651.0,325.5,0.0,0.0,3,330,0.7627863194226545,0.6269937768015899,0.18641360301676208,70.52563892676847,75.47238442621602,0.9710526315789474,True
제2회 한음회,한국음악(국악),서울,세종문화회관,0.9821,1,2968.0,2968.0,0.0,0.0,3,3022,0.7519741658822299,0.6154547118502249,0.18641360301676208,69.40650770499298,75.40650770499298,0.9236363636363636,True
총체극 당진 풍류도 공연,한국음악(국악),충청,당진문예의전당,1.1667,2,700.0,350.0,0.0,0.0,5,300,0.8992913921137956,0.6359978035770317,0.18641360301676208,78.29292314394174,75.31990479892585,0.9817351598173516,True
"제9회 구로 클래식 페스타, 개막식",서양음악(클래식),서울,구로아트밸리,1.0,1,579.0,579.0,0.0,0.0,6,579,0.8992913921137956,0.4684721786424014,0.18641360301676208,69.28094192513386,75.28094192513386,0.9227272727272727,True
"제9회 고양국제무용제, GIDF",무용(서양/한국무용),경인,고양아람누리,1.0,3,912.0,304.0,0.0,0.0,6,304,0.8992913921137956,0.6981840288672734,0.18641360301676208,81.26961939575521,75.26961939575521,0.9945004582951421,True
프리미어뮤직 정기연주회,서양음악(클래식),경인,고양아람누리,1.0,3,912.0,304.0,0.0,0.0,6,304,0.8992913921137956,0.6981840288672734,0.18641360301676208,81.26961939575521,75.26961939575521,0.9945004582951421,True
내 이름은 강모래 [고양],연극,경인,고양아람누리,1.0,3,912.0,304.0,0.0,0.0,6,304,0.8992913921137956,0.6981840288672734,0.18641360301676208,81.26961939575521,75.26961939575521,0.9945004582951421,True
오래 곁에 있어주오 [고창],한국음악(국악),호남,고창문화의전당,1.0,1,625.0,625.0,0.0,0.0,2,625,0.8992913921137956,0.4851257713628282,0.18641360301676208,70.25577038553534,75.2025158849829,0.968421052631579,True
"여름, 낭독시즌, 창작산실 대본공모 낭독공연",연극,서울,대학로예술극장,0.92338889,9,1097.0,121.89,0.0,0.0,1,132,0.6588745947076665,0.7439938290973747,0.18641360301676208,69.16866452361596,75.16866452361596,0.9218181818181819,True
"제32회 젊은연극제, 갈매기",연극,서울,공간아울,0.9302,6,960.0,160.0,0.0,0.0,2,172,0.6700005229578496,0.7246561552138898,0.18641360301676208,69.13498599255546,75.13498599255546,0.9209090909090909,True
"봄의 시작을 여는 무용축제, 네 번째 이야기",무용(서양/한국무용),경인,IGC 글로벌캠퍼스,1.2995,2,1011.0,505.5,0.0,0.0,3,389,0.8992913921137956,0.6901553184813305,0.18641360301676208,80.89450046029602,74.89450046029602,0.9926672777268561,True
"봄 작가, 겨울 무대 낭독공연",연극,서울,대학로예술극장,0.9192,9,1092.0,121.33,0.0,0.0,1,132,0.6536057943729735,0.743542777952097,0.18641360301676208,68.81956450814313,74.81956450814313,0.92,True
해와 달이 된 오누이 [군산],한국음악(국악),호남,군산어린이공연장,0.9818,2,648.0,324.0,0.0,0.0,3,330,0.7514512080326325,0.6264956594498483,0.18641360301676208,69.87272787964388,74.81947337909143,0.9592105263157895,True
키즈상상 매직쇼 [군산],서커스/마술,호남,군산어린이공연장,0.9818,2,648.0,324.0,0.0,0.0,3,330,0.7514512080326325,0.6264956594498483,0.18641360301676208,69.87272787964388,74.81947337909143,0.9592105263157895,True
넌 특별하단다 [군산],뮤지컬,호남,군산어린이공연장,0.9818,2,648.0,324.0,0.0,0.0,3,330,0.7514512080326325,0.6264956594498483,0.18641360301676208,69.87272787964388,74.81947337909143,0.9592105263157895,True
판타스틱 앨리스 [군산],뮤지컬,호남,군산어린이공연장,0.9818,2,648.0,324.0,0.0,0.0,3,330,0.7514512080326325,0.6264956594498483,0.18641360301676208,69.87272787964388,74.81947337909143,0.9592105263157895,True
"프렌쥬 클래식 사파리, 앵무새의 합창 대회 [군산]",서양음악(클래식),호남,군산어린이공연장,0.9818,2,648.0,324.0,0.0,0.0,3,330,0.7514512080326325,0.6264956594498483,0.18641360301676208,69.87272787964388,74.81947337909143,0.9592105263157895,True
황금사과의 전쟁: 신들의 실험실 [군산],서커스/마술,호남,군산어린이공연장,0.9818,2,648.0,324.0,0.0,0.0,3,330,0.7514512080326325,0.6264956594498483,0.18641360301676208,69.87272787964388,74.81947337909143,0.9592105263157895,True
콩순이와 친구들의 음악여행,서양음악(클래식),서울,도봉구민회관,1.0,1,536.0,536.0,0.0,0.0,4,536,0.8992913921137956,0.45924850957012864,0.18641360301676208,68.7320605585617,74.7320605585617,0.9190909090909091,True
이상한 나라의 세계 [안산],연극,경인,안산문화예술의전당,1.0571,5,740.0,148.0,0.0,0.0,6,140,0.8992913921137956,0.6864658508524213,0.18641360301676208,80.72124226446795,74.72124226446795,0.9917506874427131,True
찾아가는 춤 한 자락,무용(서양/한국무용),경인,인천동구문화체육센터,1.0,2,990.0,495.0,0.0,0.0,1,495,0.8992913921137956,0.6841229996862253,0.18641360301676208,80.61093126055685,74.61093126055685,0.9908340971585701,True
제15회 대구성악아카데미 정기연주회,서양음악(클래식),영남,수성아트피아,1.0,2,602.0,301.0,0.0,0.0,3,301,0.8992913921137956,0.6141551615939755,0.18641360301676208,77.20608032638174,74.61053095598655,0.9892682926829268,True
"제12회 박경리문학상 축하공연, 빅마마",대중음악,기타,원주백운아트홀,1.0,1,962.0,962.0,0.0,0.0,4,962,0.8992913921137956,0.5306283338562913,0.18641360301676208,72.82096610195863,74.50889452601673,0.9817073170731707,True
"춘천문화예술회관 개관 30주년, 우리 여기에: 넷째날 공연장으로",한국음악(국악),기타,춘천문화예술회관,1.0,1,940.0,940.0,0.0,0.0,3,940,0.8992913921137956,0.5279887041104487,0.18641360301676208,72.67584907621945,74.36377750027755,0.9695121951219512,True
이수현 피아노 독주회,서양음악(클래식),기타,춘천문화예술회관,1.0,1,940.0,940.0,0.0,0.0,3,940,0.8992913921137956,0.5279887041104487,0.18641360301676208,72.67584907621945,74.36377750027755,0.9695121951219512,True
제28회 춘천시립청소년합창단 정기연주회: 황금별,서양음악(클래식),기타,춘천문화예술회관,1.0,1,940.0,940.0,0.0,0.0,3,940,0.8992913921137956,0.5279887041104487,0.18641360301676208,72.67584907621945,74.36377750027755,0.9695121951219512,True
"청소년 힐링 콘서트, 틴텐타임 [당진]",대중음악,충청,당진 문화공감터,1.434375,4,459.0,114.75,0.0,0.0,0,80,0.8992913921137956,0.6167254994247464,0.18641360301676208,77.33516634107161,74.36214799605573,0.9771689497716894,True
"국립극장 청소년 창극 아카데미, 지지배배 시르렁 실건",한국음악(국악),서울,국립극장,1.0,1,510.0,510.0,0.0,0.0,5,510,0.8992913921137956,0.45272461039640205,0.18641360301676208,68.33983144690934,74.33983144690934,0.9154545454545454,True
소프라노 신델라의 HYMN 있는 콘서트,서양음악(클래식),서울,국립극장,1.0,1,510.0,510.0,0.0,0.0,5,510,0.8992913921137956,0.45272461039640205,0.18641360301676208,68.33983144690934,74.33983144690934,0.9154545454545454,True
아마추어 관현악단 수료식 및 수료 공연,한국음악(국악),서울,국립극장,1.0,1,510.0,510.0,0.0,0.0,5,510,0.8992913921137956,0.45272461039640205,0.18641360301676208,68.33983144690934,74.33983144690934,0.9154545454545454,True
청이가 돌아왔다,한국음악(국악),서울,국립극장,1.0,1,510.0,510.0,0.0,0.0,5,510,0.8992913921137956,0.45272461039640205,0.18641360301676208,68.33983144690934,74.33983144690934,0.9154545454545454,True
아마추어 관현악단 7기 수료식 및 수료 공연,서양음악(클래식),서울,국립극장,1.0,1,510.0,510.0,0.0,0.0,5,510,0.8992913921137956,0.45272461039640205,0.18641360301676208,68.33983144690934,74.33983144690934,0.9154545454545454,True
"이동숙의 춤, 화이트아웃",무용(서양/한국무용),서울,국립극장,1.0,1,510.0,510.0,0.0,0.0,5,510,0.8992913921137956,0.45272461039640205,0.18641360301676208,68.33983144690934,74.33983144690934,0.9154545454545454,True
"제12회 정의진 판소리 공개발표회, 양암제 수궁가 완창공연",한국음악(국악),서울,국립극장,1.0,1,510.0,510.0,0.0,0.0,5,510,0.8992913921137956,0.45272461039640205,0.18641360301676208,68.33983144690934,74.33983144690934,0.9154545454545454,True
라라라온 [게토얼라이브홀],대중음악,서울,게토얼라이브,1.26,2,189.0,94.5,0.0,0.0,1,75,0.8992913921137956,0.449031220583621,0.18641360301676208,68.11627294655294,74.11627294655294,0.9118181818181819,True
신인균 첼로 독주회,서양음악(클래식),서울,꿈의숲아트센터,1.6611,1,500.0,500.0,0.0,0.0,8,301,0.8992913921137956,0.44828862043719275,0.18641360301676208,68.07119076057586,74.07119076057586,0.9104545454545454,True
소프라노 정주희 독창회: 내 마음에 한 노래 있어 Ⅲ,서양음악(클래식),서울,꿈의숲아트센터,1.6611,1,500.0,500.0,0.0,0.0,8,301,0.8992913921137956,0.44828862043719275,0.18641360301676208,68.07119076057586,74.07119076057586,0.9104545454545454,True
"전통예술단 혼: 꽃피면 봄, 잎 지면 가을인 줄 안다지",무용(서양/한국무용),충청,충남도청 문예회관,0.9916,2,1658.0,829.0,0.0,0.0,8,836,0.7869731199665307,0.7446998221943312,0.18641360301676208,76.97832188476794,74.00530353975205,0.9726027397260274,True
각인 [서울 강서],뮤지컬,서울,스카이아트홀,0.999,1,986.0,986.0,0.0,0.0,0,987,0.7981513440016734,0.534750549105742,0.18641360301676208,68.00042785163596,74.00042785163596,0.9090909090909091,True
"군위군 대구광역시 편입 기념, KBS교향악단 초청 연주회",서양음악(클래식),영남,대구콘서트하우스,1.4665,1,1883.0,1883.0,0.0,0.0,7,1284,0.8992913921137956,0.5981578809747934,0.18641360301676208,76.39529170062244,73.79974233022725,0.9882926829268293,True
"상자루, 플러그 인 남산",한국음악(국악),서울,남산골한옥마을,0.9702,2,586.0,293.0,0.0,0.0,3,302,0.7301145277690618,0.6047079280409999,0.18641360301676208,67.71000705411133,73.71000705411133,0.9081818181818182,True
KBS교향악단 초청 연주회 [대구],서양음악(클래식),영남,대구콘서트하우스,1.3715,1,1761.0,1761.0,0.0,0.0,7,1284,0.8992913921137956,0.5948907018094342,0.18641360301676208,76.22810687939344,73.63255750899825,0.9873170731707317,True
제72회 군산시립교향악단 특별기획연주회: 해설이 있는 교과서 음악회,서양음악(클래식),호남,군산예술의전당,0.99,1,1188.0,1188.0,0.0,0.0,4,1200,0.7801485200292856,0.5565591988285744,0.18641360301676208,68.15707112135719,73.10381662080475,0.9447368421052632,True
라트라비아타 [군산],서양음악(클래식),호남,군산예술의전당,0.99,1,1188.0,1188.0,0.0,0.0,4,1200,0.7801485200292856,0.5565591988285744,0.18641360301676208,68.15707112135719,73.10381662080475,0.9447368421052632,True
제159회 군산시립교향악단 정기연주회,서양음악(클래식),호남,군산예술의전당,0.99,1,1188.0,1188.0,0.0,0.0,4,1200,0.7801485200292856,0.5565591988285744,0.18641360301676208,68.15707112135719,73.10381662080475,0.9447368421052632,True
제153회 군산시립교향악단 정기연주회,서양음악(클래식),호남,군산예술의전당,0.99,1,1188.0,1188.0,0.0,0.0,4,1200,0.7801485200292856,0.5565591988285744,0.18641360301676208,68.15707112135719,73.10381662080475,0.9447368421052632,True
제157회 군산시립교향악단 정기연주회: 드보르작 in 군산,서양음악(클래식),호남,군산예술의전당,0.99,1,1188.0,1188.0,0.0,0.0,4,1200,0.7801485200292856,0.5565591988285744,0.18641360301676208,68.15707112135719,73.10381662080475,0.9447368421052632,True
대구경북합창페스티벌 [대구],서양음악(클래식),영남,대구콘서트하우스,0.9766,2,2508.0,1254.0,0.0,0.0,7,1284,0.7413319736429244,0.7804479133981801,0.18641360301676208,75.67374174519595,73.07819237480076,0.9858536585365854,True
비르투오소들의 조우 [대구],서양음악(클래식),영남,대구콘서트하우스,0.9766,2,2508.0,1254.0,0.0,0.0,7,1284,0.7413319736429244,0.7804479133981801,0.18641360301676208,75.67374174519595,73.07819237480076,0.9858536585365854,True
제42회 유나이티드 필하모닉 오케스트라와 함께하는 안익태 탄생 117주년 기념음악회,서양음악(클래식),영남,부산문화회관,1.0805,1,1531.0,1531.0,0.0,0.0,7,1417,0.8992913921137956,0.5814951364919987,0.18641360301676208,75.53681980778883,72.94127043739364,0.984390243902439,True
아바걸스 내한공연: 맘마미아! [부안],대중음악,호남,부안예술회관,1.0,1,499.0,499.0,0.0,0.0,1,499,0.8992913921137956,0.4466465327894572,0.18641360301676208,67.97134264377978,72.91808814322734,0.9342105263157895,True
오즈의 마법사: 도로시의 모험 [부안],무용(서양/한국무용),호남,부안예술회관,1.0,1,499.0,499.0,0.0,0.0,1,499,0.8992913921137956,0.4466465327894572,0.18641360301676208,67.97134264377978,72.91808814322734,0.9342105263157895,True
오즈의 마법사: 도로시의 모험 [부안],무용(서양/한국무용),호남,부안예술회관,1.0,1,499.0,499.0,0.0,0.0,1,499,0.8992913921137956,0.4466465327894572,0.18641360301676208,67.97134264377978,72.91808814322734,0.9342105263157895,True
제26회 영남국제현대음악제 [대구],서양음악(클래식),영남,대구콘서트하우스,1.0,2,496.0,248.0,0.0,0.0,7,248,0.8992913921137956,0.5807812990272984,0.18641360301676208,75.49971484891024,72.90416547851505,0.9834146341463414,True
세종후원회 신년음악회,서양음악(클래식),서울,세종문화회관,1.0,1,443.0,443.0,0.0,0.0,3,443,0.8992913921137956,0.4290934525677231,0.18641360301676208,66.88997243369896,72.88997243369896,0.9063636363636364,True
서울시 음악영재 콘서트,서양음악(클래식),서울,세종문화회관,1.0,1,443.0,443.0,0.0,0.0,3,443,0.8992913921137956,0.4290934525677231,0.18641360301676208,66.88997243369896,72.88997243369896,0.9063636363636364,True
제15회 세종CEO합창단 정기연주회,서양음악(클래식),서울,세종문화회관,1.0,1,443.0,443.0,0.0,0.0,3,443,0.8992913921137956,0.4290934525677231,0.18641360301676208,66.88997243369896,72.88997243369896,0.9063636363636364,True
아빠의 반딧불이 [군산],뮤지컬,호남,군산어린이공연장,0.96365,2,636.0,318.0,0.0,0.0,3,330,0.7187009727016003,0.6241331973642924,0.18641360301676208,67.92659622844627,72.87334172789383,0.9289473684210526,True
"히든싱어 보컬 콘서트, 히든싱어 [장흥]",대중음악,호남,장흥문화예술회관,1.0,1,496.0,496.0,0.0,0.0,5,496,0.8992913921137956,0.4451456437611129,0.18641360301676208,67.8798873528894,72.82663285233696,0.9236842105263158,True
꼬마 오즈 [장흥],연극,호남,장흥문화예술회관,1.0,1,496.0,496.0,0.0,0.0,5,496,0.8992913921137956,0.4451456437611129,0.18641360301676208,67.8798873528894,72.82663285233696,0.9236842105263158,True
노오란 샤쓰의 사나이 [장흥],연극,호남,장흥문화예술회관,1.0,1,496.0,496.0,0.0,0.0,5,496,0.8992913921137956,0.4451456437611129,0.18641360301676208,67.8798873528894,72.82663285233696,0.9236842105263158,True
고양시 우수학생 연주회,서양음악(클래식),경인,고양어울림누리,1.0,2,732.0,366.0,0.0,0.0,8,366,0.8992913921137956,0.6441101872189101,0.18641360301676208,78.69086677356012,72.69086677356012,0.9890009165902841,True
라비보엠,뮤지컬,경인,고양어울림누리,1.0,2,732.0,366.0,0.0,0.0,8,366,0.8992913921137956,0.6441101872189101,0.18641360301676208,78.69086677356012,72.69086677356012,0.9890009165902841,True
고양특례시 우수학생 연주회,서양음악(클래식),경인,고양어울림누리,1.0,2,732.0,366.0,0.0,0.0,8,366,0.8992913921137956,0.6441101872189101,0.18641360301676208,78.69086677356012,72.69086677356012,0.9890009165902841,True
"드림필하모닉오케스트라, CINEMA IN ORCHESTRA [김제]",서양음악(클래식),호남,김제문화예술회관,1.0,1,488.0,488.0,0.0,0.0,4,488,0.8992913921137956,0.442789718648677,0.18641360301676208,67.73595732490276,72.68270282435032,0.9184210526315789,True
예술의전당 회원음악회,서양음악(클래식),서울,예술의전당 [서울],0.8691,2,4354.0,2177.0,0.0,0.0,10,2505,0.5868110030331555,0.8061329881811526,0.18641360301676208,66.62874398891255,72.62874398891255,0.9031818181818182,True
예술의전당 회원음악회,서양음악(클래식),서울,예술의전당 [서울],0.8691,2,4354.0,2177.0,0.0,0.0,10,2505,0.5868110030331555,0.8061329881811526,0.18641360301676208,66.62874398891255,72.62874398891255,0.9031818181818182,True
예술의전당 회원음악회,서양음악(클래식),서울,예술의전당 [서울],0.8691,2,4354.0,2177.0,0.0,0.0,10,2505,0.5868110030331555,0.8061329881811526,0.18641360301676208,66.62874398891255,72.62874398891255,0.9031818181818182,True
예술의전당 회원음악회,서양음악(클래식),서울,예술의전당 [서울],0.8691,2,4354.0,2177.0,0.0,0.0,10,2505,0.5868110030331555,0.8061329881811526,0.18641360301676208,66.62874398891255,72.62874398891255,0.9031818181818182,True
제49회 유나이티드 필하모닉 오케스트라와 함께하는 가족음악회,서양음악(클래식),충청,대전예술의전당,1.0,1,1546.0,1546.0,0.0,0.0,7,1546,0.8992913921137956,0.5819422654534044,0.18641360301676208,75.56004745648315,72.58702911146726,0.9680365296803652,True
"제73회 군산시립교향악단 특별기획연주회, 군산시민과 함께하는 신청곡 콘서트",서양음악(클래식),호남,군산예술의전당,0.9875,1,1185.0,1185.0,0.0,0.0,4,1200,0.7676498274239096,0.5563944671059513,0.18641360301676208,67.49180064299736,72.43854614244492,0.9157894736842105,True
제50회 유나이티드 필하모닉 오케스트라와 함께하는 가족음악회,서양음악(클래식),영남,부산문화회관,1.0,1,1417.0,1417.0,0.0,0.0,7,1417,0.8992913921137956,0.5717628909109926,0.18641360301676208,75.02856632092949,72.4330169505343,0.9824390243902439,True
경북도민과 함께하는 최정원 뮤지컬 갈라콘서트 [안동],뮤지컬,영남,안동문화예술의전당,1.3863,1,1378.0,1378.0,0.0,0.0,7,994,0.8992913921137956,0.5700580483213054,0.18641360301676208,74.93900017435053,72.34345080395534,0.9814634146341463,True
외계에서 온 발레리노 [대구],무용(서양/한국무용),영남,대구학생문화센터,1.0,1,1369.0,1369.0,0.0,0.0,2,1369,0.8992913921137956,0.5696266080953876,0.18641360301676208,74.91630841995155,72.32075904955636,0.98,True
신년음악회 [대구],서양음악(클래식),영남,대구학생문화센터,1.0,1,1369.0,1369.0,0.0,0.0,2,1369,0.8992913921137956,0.5696266080953876,0.18641360301676208,74.91630841995155,72.32075904955636,0.98,True
한계령 지명 보존대책 사업연계 양희은 콘서트,대중음악,기타,인제하늘내린센터,1.0,1,656.0,656.0,0.0,0.0,2,656,0.8992913921137956,0.49159868214621905,0.18641360301676208,70.62924207565439,72.31717049971249,0.9573170731707317,True
"SAC on SCREEN, 스냅(SNAP) [군산]",뮤지컬,호남,군산어린이공연장,0.9576,2,632.0,316.0,0.0,0.0,3,330,0.7090785482690095,0.6232951574103127,0.18641360301676208,67.34325581658983,72.29000131603739,0.9131578947368421,True
LIBRARY: 쉐도우매직쇼 라이브러리,서커스/마술,서울,만천명월예술인가,1.0,3,60.0,20.0,0.0,0.0,0,20,0.8992913921137956,0.4182407697939546,0.18641360301676208,66.2080516757534,72.2080516757534,0.9009090909090909,True
"김대건 성인 시성 40주년 기념공연, 김대건",뮤지컬,서울,영등포아트홀,0.83665,8,3200.0,400.0,0.0,0.0,5,526,0.5556819370358749,0.858409162221525,0.18641360301676208,66.12619076967815,72.12619076967815,0.9,True
제13회 아너스 합창단 정기연주회 [대구],서양음악(클래식),영남,대구콘서트하우스,1.0,1,1284.0,1284.0,0.0,0.0,7,1284,0.8992913921137956,0.5658626189729108,0.18641360301676208,74.71790115842404,72.12235178802885,0.9785365853658536,True
알라딘과 요술램프 [충주],뮤지컬,충청,충주시문화회관,0.982,2,1746.0,873.0,0.0,0.0,1,889,0.7518042045811107,0.7483003869888087,0.18641360301676208,75.04007130945493,72.06705296443904,0.9634703196347032,True
"목포시립교향악단 X 국립오페라단, 마술피리 [목포]",서양음악(클래식),호남,목포시민문화체육센터,0.9851,1,1189.0,1189.0,0.0,0.0,6,1207,0.7584196213785169,0.556645486873758,0.18641360301676208,67.0158010401991,71.96254653964665,0.9105263157894737,True
PIANO CANTABILE 신년음악회,서양음악(클래식),서울,세라믹팔레스홀,1.0,1,401.0,401.0,0.0,0.0,6,401,0.8992913921137956,0.4143486559983266,0.18641360301676208,65.9609095578776,71.9609095578776,0.899090909090909,True
"남양주시립합창단, 해설이 있는 음악회: 합창으로 듣는 뮤지컬",서양음악(클래식),경인,와부읍주민자치센터,1.1875,2,660.0,330.0,0.0,0.0,9,320,0.8992913921137956,0.6291718962451627,0.18641360301676208,77.95572017328472,71.95572017328472,0.9871677360219981,True
"제77회 군산시립합창단 기획 연주회: 노트르담, 그림자속 이야기",서양음악(클래식),호남,군산예술의전당,1.0,1,450.0,450.0,0.0,0.0,4,450,0.8992913921137956,0.4308505909423701,0.18641360301676208,66.99940394287492,71.94614944232248,0.9052631578947369,True
제2회 전통한국음악예술원 예술담꼬발표회 [군산],한국음악(국악),호남,군산예술의전당,1.0,1,450.0,450.0,0.0,0.0,4,450,0.8992913921137956,0.4308505909423701,0.18641360301676208,66.99940394287492,71.94614944232248,0.9052631578947369,True
"제11회 군산시립합창단 브런치 콘서트: 엄마, 그녀의 계절",서양음악(클래식),호남,군산예술의전당,1.0,1,450.0,450.0,0.0,0.0,4,450,0.8992913921137956,0.4308505909423701,0.18641360301676208,66.99940394287492,71.94614944232248,0.9052631578947369,True
"COMEBACK SPECIAL LIVE, Xdinary Heroes: Deadlock",대중음악,서울,블루스퀘어,0.8718,2,2394.0,1197.0,0.0,0.0,6,1373,0.590628595335216,0.7763113168078652,0.18641360301676208,65.88750294123795,71.88750294123795,0.8981818181818182,True
제7회 거제필하모닉오케스트라 정기연주회 [거제],서양음악(클래식),영남,거제문화예술회관,1.0,1,1209.0,1209.0,0.0,0.0,3,1209,0.8992913921137956,0.5594720740508314,0.18641360301676208,74.37922130842739,71.7836719380322,0.9770731707317073,True
"하우스콘서트 공연장 마실, The Cellists of KNUA",서양음악(클래식),영남,거제문화예술회관,1.0,1,1209.0,1209.0,0.0,0.0,3,1209,0.8992913921137956,0.5594720740508314,0.18641360301676208,74.37922130842739,71.7836719380322,0.9770731707317073,True
우리 동네 국립극장 [당진],한국음악(국악),충청,당진 문화공감터,1.0,4,320.0,80.0,0.0,0.0,0,80,0.8992913921137956,0.5663803472440121,0.18641360301676208,74.74523850552379,71.7722201605079,0.958904109589041,True
"전라북도립국악원 무용단, 진경 [군산]",무용(서양/한국무용),호남,군산예술의전당,0.9825,1,1179.0,1179.0,0.0,0.0,4,1200,0.7526147892479866,0.5557290032423388,0.18641360301676208,66.66361706351309,71.61036256296065,0.9,True
"경상북도 도립무용단 명인초청 기획공연, 수수지무",무용(서양/한국무용),영남,구미시문화예술회관,1.0,1,1183.0,1183.0,0.0,0.0,1,1183,0.8992913921137956,0.5561159920510407,0.18641360301676208,74.20042887839752,71.60487950800233,0.9751219512195122,True
애국지사 박희광을 기리며 [구미],서양음악(클래식),영남,구미시문화예술회관,1.0,1,1183.0,1183.0,0.0,0.0,1,1183,0.8992913921137956,0.5561159920510407,0.18641360301676208,74.20042887839752,71.60487950800233,0.9751219512195122,True
대한민국 해군군악대 정기연주회,서양음악(클래식),서울,롯데콘서트홀,0.9474,1,1929.0,1929.0,0.0,0.0,6,2036,0.6961091935989959,0.599028605794373,0.18641360301676208,65.55192452272512,71.55192452272512,0.8972727272727272,True
제2회 경북대MBA합창단 정기연주회,서양음악(클래식),영남,수성아트피아,1.0,1,1159.0,1159.0,0.0,0.0,3,1159,0.8992913921137956,0.5544961301119129,0.18641360301676208,74.11390042246909,71.5183510520739,0.973170731707317,True
제53회 경북예술고등학교 무용과 정기무용발표회,무용(서양/한국무용),영남,수성아트피아,1.0,1,1159.0,1159.0,0.0,0.0,3,1159,0.8992913921137956,0.5544961301119129,0.18641360301676208,74.11390042246909,71.5183510520739,0.973170731707317,True
"월드뮤직그룹 공명: 길, Tea, Pleasure",한국음악(국악),서울,서울돈화문국악당,0.9928,2,274.0,137.0,0.0,0.0,6,138,0.7890780253111599,0.49260406861206985,0.18641360301676208,65.35384853518883,71.35384853518883,0.8963636363636364,True
제10회 고양국제무용제 GIDF,무용(서양/한국무용),경인,고양아람누리,1.0,2,608.0,304.0,0.0,0.0,6,304,0.8992913921137956,0.6166222152494509,0.18641360301676208,77.32998549466615,71.32998549466615,0.9857928505957837,True
엄마 이야기 [고양],연극,경인,고양아람누리,1.0,2,608.0,304.0,0.0,0.0,6,304,0.8992913921137956,0.6166222152494509,0.18641360301676208,77.32998549466615,71.32998549466615,0.9857928505957837,True
굿 보러가자 [군산],한국음악(국악),호남,군산예술의전당,0.9792,1,1175.0,1175.0,0.0,0.0,4,1200,0.7473590628595336,0.5555054387616358,0.18641360301676208,66.37322336731776,71.31996886676532,0.8973684210526316,True
잼스틱의 비트팡팡 [대구],대중음악,영남,대구학생문화센터,0.924175,4,5061.0,1265.25,0.0,0.0,2,1369,0.6595021441271833,0.8756733082313565,0.18641360301676208,73.86974024906458,71.27419087866939,0.9717073170731707,True
렌트,뮤지컬,서울,북아현아트홀,0.9709,2,400.0,200.0,0.0,0.0,2,206,0.7313565526618555,0.5498235017257609,0.18641360301676208,65.24794137511603,71.24794137511603,0.8954545454545455,True
"제31회 젊은연극제, 동지섣달 꽃 본 듯이",연극,서울,민송아트홀 (구. 브로드웨이아트홀),0.84854545,11,2063.0,187.55,0.0,0.0,1,272,0.5671477878882962,0.8031821985147997,0.18641360301676208,65.18435540469983,71.18435540469983,0.8945454545454545,True
"제12회 경산시립극단 정기공연, 아비",연극,영남,천마아트센터,0.9882,2,1008.0,504.0,0.0,0.0,7,510,0.7705391695429349,0.68944148101663,0.18641360301676208,73.70140993949043,71.10586056909524,0.9707317073170731,True
"누구나 클래식, 유니버설발레단: 호두까기인형",무용(서양/한국무용),서울,세종문화회관,0.9332,1,2820.0,2820.0,0.0,0.0,3,3022,0.6746417738730258,0.6141329358853677,0.18641360301676208,64.97538974209522,70.97538974209522,0.8936363636363637,True
내 친구 번개야 [충주],뮤지컬,충청,충주시문화회관,0.9719,2,1728.0,864.0,0.0,0.0,1,889,0.7327162430708085,0.7476976780671478,0.18641360301676208,73.86724546247453,70.89422711745864,0.954337899543379,True
CINEMA CLASSIC DAY,서양음악(클래식),기타,동해문화예술회관,1.0,1,570.0,570.0,0.0,0.0,3,570,0.8992913921137956,0.4667019663215145,0.18641360301676208,69.17610642679173,70.86403485084983,0.9451219512195121,True
"이바노 프란키브스크 필하모닉 쳄버, 콰트로 코르데",서양음악(클래식),기타,동해문화예술회관,1.0,1,570.0,570.0,0.0,0.0,3,570,0.8992913921137956,0.4667019663215145,0.18641360301676208,69.17610642679173,70.86403485084983,0.9451219512195121,True
"강원특별자치도립국악관현악단, 동해이음 [동해]",한국음악(국악),기타,동해문화예술회관,1.0,1,570.0,570.0,0.0,0.0,3,570,0.8992913921137956,0.4667019663215145,0.18641360301676208,69.17610642679173,70.86403485084983,0.9451219512195121,True
"대진대학교 연기예술학과, More Than Hamlet (모어 댄 햄릿)",연극,경인,대진대학교,1.25666667,6,377.0,62.83,0.0,0.0,6,50,0.8992913921137956,0.607011557368476,0.18641360301676208,76.84560707969985,70.84560707969985,0.9844179651695693,True
후궁박빈,연극,영남,양산문화예술회관,0.9698,2,1544.0,772.0,0.0,0.0,5,796,0.7295131262420249,0.7386008262734023,0.18641360301676208,73.3134710896925,70.71792171929731,0.9697560975609756,True
넌 특별하단다 [충주],뮤지컬,충청,충주시문화회관,0.9696,2,1724.0,862.0,0.0,0.0,1,889,0.7293693128333856,0.7475669386047484,0.18641360301676208,73.65945933004555,70.68644098502966,0.9497716894977168,True
깃털피리,뮤지컬,충청,충주시문화회관,0.9685,2,1722.0,861.0,0.0,0.0,1,889,0.7277742913921138,0.7474884949273088,0.18641360301676208,73.55967996059766,70.58666161558178,0.9452054794520548,True
장 담그는 날 [창원],뮤지컬,영남,3.15아트센터,0.92748333,6,2699.0,449.83,0.0,0.0,4,485,0.6644179479133981,0.8454751072063592,0.18641360301676208,73.16529761209864,70.56974824170345,0.968780487804878,True
"북한의 탈춤, 명맥을 잇다",한국음악(국악),서울,남산골한옥마을,0.9338,2,564.0,282.0,0.0,0.0,3,302,0.6756746156259805,0.5994705051772827,0.18641360301676208,64.40946472511133,70.40946472511133,0.8927272727272727,True
나리소서 [광주],무용(서양/한국무용),호남,광주북구문화센터(양산도서관),0.9297,2,701.0,350.5,0.0,0.0,3,377,0.6670588850538647,0.6363429557577659,0.18641360301676208,65.45984917078412,70.40659467023168,0.8947368421052632,True
제16회 고양예술고등학교 무용과 정기공연,무용(서양/한국무용),경인,고양아람누리,1.0,1,1887.0,1887.0,0.0,0.0,6,1887,0.8992913921137956,0.5982441690199769,0.18641360301676208,76.39969971083671,70.39969971083671,0.9816681943171403,True
제15회 고양예술고등학교 무용과 정기공연,무용(서양/한국무용),경인,고양아람누리,1.0,1,1887.0,1887.0,0.0,0.0,6,1887,0.8992913921137956,0.5982441690199769,0.18641360301676208,76.39969971083671,70.39969971083671,0.9816681943171403,True
"경기도무용단, 찬연 [고양]",무용(서양/한국무용),경인,고양아람누리,1.0,1,1887.0,1887.0,0.0,0.0,6,1887,0.8992913921137956,0.5982441690199769,0.18641360301676208,76.39969971083671,70.39969971083671,0.9816681943171403,True
제31회 덕원예술고등학교 정기무용발표회,무용(서양/한국무용),경인,고양아람누리,1.0,1,1887.0,1887.0,0.0,0.0,6,1887,0.8992913921137956,0.5982441690199769,0.18641360301676208,76.39969971083671,70.39969971083671,0.9816681943171403,True
신 명품춤전: 춤의 정원 [고양],무용(서양/한국무용),경인,고양아람누리,1.0,1,1887.0,1887.0,0.0,0.0,6,1887,0.8992913921137956,0.5982441690199769,0.18641360301676208,76.39969971083671,70.39969971083671,0.9816681943171403,True
소들섬의 눈물 [당진],서양음악(클래식),충청,당진문예의전당,1.0,1,1001.0,1001.0,0.0,0.0,5,1001,0.8992913921137956,0.5406181361782241,0.18641360301676208,73.36628122976447,70.39326288474858,0.9406392694063926,True
포항CBS 썸머재즈콘서트,대중음악,영남,포항문화예술회관,1.0,1,973.0,973.0,0.0,0.0,4,973,0.8992913921137956,0.5333490220688213,0.18641360301676208,72.97008684150683,70.37453747111164,0.9678048780487805,True
"세월호 참사 9주기 4월 연극제: 연속,극 [안산문화예술의전당]",연극,경인,안산문화예술의전당,0.9857,10,1380.0,138.0,0.0,0.0,6,140,0.7599361991423491,0.7661777010772932,0.18641360301676208,76.24266752007661,70.24266752007661,0.9789184234647113,True
리투아니아,연극,서울,강동아트센터,0.944,2,472.0,236.0,0.0,0.0,7,250,0.6900821043823868,0.5730702855349858,0.18641360301676208,64.06541079184714,70.06541079184714,0.8918181818181818,True
"광주시립창극단 특별공연, 국립광주박물관과 함께하는 판소리 감상회",한국음악(국악),호남,국립광주박물관,0.94735,2,504.0,252.0,0.0,0.0,2,266,0.6958738625666772,0.5851074678380922,0.18641360301676208,64.92509161332397,69.87183711277153,0.8921052631578947,True
Winter Story 뮤지컬 갈라콘서트,뮤지컬,영남,경북도청 동락관,1.008,1,880.0,880.0,0.0,0.0,2,873,0.8992913921137956,0.5217498169647526,0.18641360301676208,72.33111901673635,69.73556964634116,0.9668292682926829,True
두들팝 [대구],뮤지컬,영남,대구학생문화센터,0.9874,4,628.0,157.0,0.0,0.0,2,301,0.767375274552871,0.6617900847191716,0.18641360301676208,72.32572295670202,69.73017358630683,0.9653658536585366,True
두들팝 [대구],뮤지컬,영남,대구학생문화센터,0.9874,4,628.0,157.0,0.0,0.0,2,159,0.767375274552871,0.6617900847191716,0.18641360301676208,72.32572295670202,69.73017358630683,0.9653658536585366,True
대구CBS 사랑의 봄 음악회,서양음악(클래식),영남,경북도청 동락관,1.0,1,873.0,873.0,0.0,0.0,2,873,0.8992913921137956,0.5210320573161804,0.18641360301676208,72.29130085204008,69.69575148164489,0.9639024390243902,True
무궁화 꽃이 피었습니다 [홍천],뮤지컬,기타,홍천문화예술회관,1.0,1,497.0,497.0,0.0,0.0,4,497,0.8992913921137956,0.4456176132203744,0.18641360301676208,67.90866629264627,69.59659471670437,0.9329268292682927,True
"제1회 박정희대통령 탄신기념, 한국 가곡의 밤",서양음악(클래식),서울,세종문화회관,1.0833,1,325.0,325.0,0.0,0.0,3,300,0.8992913921137956,0.3780057002405606,0.18641360301676208,63.58279302859956,69.58279302859955,0.8909090909090909,True
"서울시립교향악단, 우리동네 음악회",서양음악(클래식),서울,성북미디어문화마루 꿈빛극장,1.0,1,324.0,324.0,0.0,0.0,0,324,0.8992913921137956,0.3775847191716348,0.18641360301676208,63.55445895790805,69.55445895790805,0.8895454545454545,True
"서울시립교향악단, 우리동네 음악회",서양음악(클래식),서울,성북미디어문화마루 꿈빛극장,1.0,1,324.0,324.0,0.0,0.0,0,552,0.8992913921137956,0.3775847191716348,0.18641360301676208,63.55445895790805,69.55445895790805,0.8895454545454545,True
군산시립예술단 합동연주회,서양음악(클래식),호남,군산예술의전당,0.9608,1,1153.0,1153.0,0.0,0.0,4,1200,0.7154455600878569,0.5541666666666667,0.18641360301676208,64.59547786792808,69.54222336737564,0.8894736842105263,True
제33회 해운대구립 소년소녀합창단 정기연주회,서양음악(클래식),영남,(재)영화의전당,1.0,1,841.0,841.0,0.0,0.0,8,841,0.8992913921137956,0.5179727538960359,0.18641360301676208,72.12121395035136,69.52566457995617,0.9629268292682926,True
달콤한 재즈교실,대중음악,영남,예주문화예술회관,1.0195,2,314.0,157.0,0.0,0.0,4,154,0.8992913921137956,0.5149042987135236,0.18641360301676208,71.9500116991936,69.3544623287984,0.9614634146341463,True
컬러풀댄싱키즈 해설이 있는 발레야 놀자,무용(서양/한국무용),영남,예주문화예술회관,1.0195,2,314.0,157.0,0.0,0.0,4,154,0.8992913921137956,0.5149042987135236,0.18641360301676208,71.9500116991936,69.3544623287984,0.9614634146341463,True
"ACC 수요극장, 밀라노 두오모 콘서트",서양음악(클래식),호남,국립아시아문화전당,0.9476,2,470.0,235.0,0.0,0.0,6,248,0.6963837464700345,0.5725656312101245,0.18641360301676208,64.39309297218452,69.33983847163208,0.8868421052631579,True
고양 학생 1000인 음악회,서양음악(클래식),경인,고양아람누리,1.0,1,1449.0,1449.0,0.0,0.0,6,1449,0.8992913921137956,0.5762485618659137,0.18641360301676208,75.26346414399137,69.26346414399137,0.963794683776352,True
장애인을 위한 세상의 빛 음악회,서양음악(클래식),경인,고양아람누리,1.0,1,1449.0,1449.0,0.0,0.0,6,1449,0.8992913921137956,0.5762485618659137,0.18641360301676208,75.26346414399137,69.26346414399137,0.963794683776352,True
장애인을 위한 세상의 빛 음악회,서양음악(클래식),경인,고양아람누리,1.0,1,1449.0,1449.0,0.0,0.0,6,1449,0.8992913921137956,0.5762485618659137,0.18641360301676208,75.26346414399137,69.26346414399137,0.963794683776352,True
제11회 LG필하모닉 오케스트라 정기연주회,서양음악(클래식),경인,고양아람누리,1.0,1,1449.0,1449.0,0.0,0.0,6,1449,0.8992913921137956,0.5762485618659137,0.18641360301676208,75.26346414399137,69.26346414399137,0.963794683776352,True
제17회 팡세 오케스트라 정기연주회,서양음악(클래식),경인,고양아람누리,1.0,1,1449.0,1449.0,0.0,0.0,6,1449,0.8992913921137956,0.5762485618659137,0.18641360301676208,75.26346414399137,69.26346414399137,0.963794683776352,True
제3회 경기에듀오케스트라 정기연주회,서양음악(클래식),경인,고양아람누리,1.0,1,1449.0,1449.0,0.0,0.0,6,1449,0.8992913921137956,0.5762485618659137,0.18641360301676208,75.26346414399137,69.26346414399137,0.963794683776352,True
제11회 윤학원 유스콰이어 합창 대축제,서양음악(클래식),경인,고양아람누리,1.0,1,1449.0,1449.0,0.0,0.0,6,1449,0.8992913921137956,0.5762485618659137,0.18641360301676208,75.26346414399137,69.26346414399137,0.963794683776352,True
제11회 벨라필 콘서트 콰이어 정기연주회,서양음악(클래식),경인,고양아람누리,1.0,1,1449.0,1449.0,0.0,0.0,6,1449,0.8992913921137956,0.5762485618659137,0.18641360301676208,75.26346414399137,69.26346414399137,0.963794683776352,True
제10회 서울YMCA 청소년심포니오케스트라 정기연주회 [고양],서양음악(클래식),경인,고양아람누리,1.0,1,1449.0,1449.0,0.0,0.0,6,1449,0.8992913921137956,0.5762485618659137,0.18641360301676208,75.26346414399137,69.26346414399137,0.963794683776352,True
제30회 홍익대학교 오케스트라 히아모 정기 가을 연주회 [고양],서양음악(클래식),경인,고양아람누리,1.0,1,1449.0,1449.0,0.0,0.0,6,1449,0.8992913921137956,0.5762485618659137,0.18641360301676208,75.26346414399137,69.26346414399137,0.963794683776352,True
제10회 벨라필콘서트콰이어 정기연주회,서양음악(클래식),경인,고양아람누리,1.0,1,1449.0,1449.0,0.0,0.0,6,1449,0.8992913921137956,0.5762485618659137,0.18641360301676208,75.26346414399137,69.26346414399137,0.963794683776352,True
제10회 성미산필하모닉오케스트라 정기연주회,서양음악(클래식),경인,고양아람누리,1.0,1,1449.0,1449.0,0.0,0.0,6,1449,0.8992913921137956,0.5762485618659137,0.18641360301676208,75.26346414399137,69.26346414399137,0.963794683776352,True
제20회 신일중학교 므네모시네 윈드 오케스트라 정기연주회,서양음악(클래식),경인,고양아람누리,1.0,1,1449.0,1449.0,0.0,0.0,6,1449,0.8992913921137956,0.5762485618659137,0.18641360301676208,75.26346414399137,69.26346414399137,0.963794683776352,True
"제21회 기전음악제, 경기북부페스티벌 클래식축제 Ⅱ: 합창",서양음악(클래식),경인,고양아람누리,1.0,1,1449.0,1449.0,0.0,0.0,6,1449,0.8992913921137956,0.5762485618659137,0.18641360301676208,75.26346414399137,69.26346414399137,0.963794683776352,True
제9회 대한민국 청소년 교향악 축전,서양음악(클래식),경인,고양아람누리,1.0,1,1449.0,1449.0,0.0,0.0,6,1449,0.8992913921137956,0.5762485618659137,0.18641360301676208,75.26346414399137,69.26346414399137,0.963794683776352,True
모두 모여락: 樂,서양음악(클래식),경인,고양아람누리,1.0,1,1449.0,1449.0,0.0,0.0,6,1449,0.8992913921137956,0.5762485618659137,0.18641360301676208,75.26346414399137,69.26346414399137,0.963794683776352,True
제37회 EUPHONIA 가을 정기 연주회,서양음악(클래식),경인,고양아람누리,1.0,1,1449.0,1449.0,0.0,0.0,6,1449,0.8992913921137956,0.5762485618659137,0.18641360301676208,75.26346414399137,69.26346414399137,0.963794683776352,True
우크라이나 오데사 필하모닉 오케스트라 with 피아니스트 김준희 [고양],서양음악(클래식),경인,고양아람누리,1.0,1,1449.0,1449.0,0.0,0.0,6,1449,0.8992913921137956,0.5762485618659137,0.18641360301676208,75.26346414399137,69.26346414399137,0.963794683776352,True
"제44회 장애인의 날 기념 제21회 사랑의 음악회, 봄의 향연",서양음악(클래식),경인,고양아람누리,1.0,1,1449.0,1449.0,0.0,0.0,6,1449,0.8992913921137956,0.5762485618659137,0.18641360301676208,75.26346414399137,69.26346414399137,0.963794683776352,True
제15회 베누스토일산오케스트라 정기연주회 [고양],서양음악(클래식),경인,고양아람누리,1.0,1,1449.0,1449.0,0.0,0.0,6,1449,0.8992913921137956,0.5762485618659137,0.18641360301676208,75.26346414399137,69.26346414399137,0.963794683776352,True
제28회 할레우스합창단 정기연주회,서양음악(클래식),경인,고양아람누리,1.0,1,1449.0,1449.0,0.0,0.0,6,1449,0.8992913921137956,0.5762485618659137,0.18641360301676208,75.26346414399137,69.26346414399137,0.963794683776352,True
제21회 신일중학교 Mnemosyne Wind Orchestra 정기연주회 [고양],서양음악(클래식),경인,고양아람누리,1.0,1,1449.0,1449.0,0.0,0.0,6,1449,0.8992913921137956,0.5762485618659137,0.18641360301676208,75.26346414399137,69.26346414399137,0.963794683776352,True
제4회 경기에듀오케스트라 정기연주회,서양음악(클래식),경인,고양아람누리,1.0,1,1449.0,1449.0,0.0,0.0,6,1449,0.8992913921137956,0.5762485618659137,0.18641360301676208,75.26346414399137,69.26346414399137,0.963794683776352,True
제6회 리즈주니어챔버 정기연주회,서양음악(클래식),경인,고양아람누리,1.0,1,1449.0,1449.0,0.0,0.0,6,1449,0.8992913921137956,0.5762485618659137,0.18641360301676208,75.26346414399137,69.26346414399137,0.963794683776352,True
제14회 소니뚜스플루트오케스트라 정기연주회,서양음악(클래식),경인,고양아람누리,1.0,1,1449.0,1449.0,0.0,0.0,6,1449,0.8992913921137956,0.5762485618659137,0.18641360301676208,75.26346414399137,69.26346414399137,0.963794683776352,True
제12회 LG필하모닉 오케스트라 정기연주회,서양음악(클래식),경인,고양아람누리,1.0,1,1449.0,1449.0,0.0,0.0,6,1449,0.8992913921137956,0.5762485618659137,0.18641360301676208,75.26346414399137,69.26346414399137,0.963794683776352,True
고양 학생 1000인 음악회: 빛나고 아름답게,서양음악(클래식),경인,고양아람누리,1.0,1,1449.0,1449.0,0.0,0.0,6,1449,0.8992913921137956,0.5762485618659137,0.18641360301676208,75.26346414399137,69.26346414399137,0.963794683776352,True
"고양필하모닉오케스트라, 그리운 한국가곡 시리즈, 가곡에 살리라 Ⅴ: 계절을 노래하다",서양음악(클래식),경인,고양아람누리,1.0,1,1449.0,1449.0,0.0,0.0,6,1449,0.8992913921137956,0.5762485618659137,0.18641360301676208,75.26346414399137,69.26346414399137,0.963794683776352,True
제16회 페스티벌 앙상블 가우디움 정기 연주회,서양음악(클래식),경인,고양아람누리,1.0,1,1449.0,1449.0,0.0,0.0,6,1449,0.8992913921137956,0.5762485618659137,0.18641360301676208,75.26346414399137,69.26346414399137,0.963794683776352,True
제5회 라온제나 여성합창단 정기연주회,서양음악(클래식),경인,고양아람누리,1.0,1,1449.0,1449.0,0.0,0.0,6,1449,0.8992913921137956,0.5762485618659137,0.18641360301676208,75.26346414399137,69.26346414399137,0.963794683776352,True
제7회 고양울림청소년오케스트라 정기연주회,서양음악(클래식),경인,고양아람누리,1.0,1,1449.0,1449.0,0.0,0.0,6,1449,0.8992913921137956,0.5762485618659137,0.18641360301676208,75.26346414399137,69.26346414399137,0.963794683776352,True
제13회 소니뚜스플루트오케스트라 정기 연주회,서양음악(클래식),경인,고양아람누리,1.0,1,1449.0,1449.0,0.0,0.0,6,1449,0.8992913921137956,0.5762485618659137,0.18641360301676208,75.26346414399137,69.26346414399137,0.963794683776352,True
모차르트와 떠나는 동물의 사육제 [논산],서양음악(클래식),충청,논산아트센터(구. 논산문화예술회관),0.975,2,1092.0,546.0,0.0,0.0,5,560,0.7371352368999059,0.6988743332287417,0.18641360301676208,72.15857358851578,69.18555524349989,0.9360730593607306,True
유석오케스트라 정기연주회,서양음악(클래식),경인,고양어울림누리,0.9721,2,2508.0,1254.0,0.0,0.0,8,1290,0.7330300177805669,0.7804479133981801,0.18641360301676208,75.16412830536086,69.16412830536086,0.9486709440879927,True
AOU 신년연주회: Finale,서양음악(클래식),경인,부천아트센터,1.0,1,1445.0,1445.0,0.0,0.0,0,1445,0.8992913921137956,0.5743031586654116,0.18641360301676208,75.16172586482809,69.16172586482809,0.9335472043996333,True
"부천세종병원 개원 42주년 기념 음악회, 사랑YES 희망YES",서양음악(클래식),경인,부천아트센터,1.0,1,1445.0,1445.0,0.0,0.0,0,1445,0.8992913921137956,0.5743031586654116,0.18641360301676208,75.16172586482809,69.16172586482809,0.9335472043996333,True
"부천아트센터 개관공연, BAC CONNECTED",서양음악(클래식),경인,부천아트센터,1.0,1,1445.0,1445.0,0.0,0.0,0,1445,0.8992913921137956,0.5743031586654116,0.18641360301676208,75.16172586482809,69.16172586482809,0.9335472043996333,True
"부천필하모닉오케스트라, 영화음악 콘서트",서양음악(클래식),경인,부천아트센터,1.0,1,1445.0,1445.0,0.0,0.0,0,1445,0.8992913921137956,0.5743031586654116,0.18641360301676208,75.16172586482809,69.16172586482809,0.9335472043996333,True
"유니온필하모닉오케스트라 연말 연주회, 차이콥스키 시리즈: 호두까기 인형과 교향곡 4번 [부천]",서양음악(클래식),경인,부천아트센터,1.0,1,1445.0,1445.0,0.0,0.0,0,1445,0.8992913921137956,0.5743031586654116,0.18641360301676208,75.16172586482809,69.16172586482809,0.9335472043996333,True
한양대학교 윈드오케스트라 정기연주회,서양음악(클래식),경인,부천아트센터,1.0,1,1445.0,1445.0,0.0,0.0,0,1445,0.8992913921137956,0.5743031586654116,0.18641360301676208,75.16172586482809,69.16172586482809,0.9335472043996333,True
"부천시립합창단, 부천시민합창페스티벌",서양음악(클래식),경인,부천아트센터,1.0,1,1445.0,1445.0,0.0,0.0,0,1445,0.8992913921137956,0.5743031586654116,0.18641360301676208,75.16172586482809,69.16172586482809,0.9335472043996333,True
"부천시립합창단, 부천시민합창페스티벌",서양음악(클래식),경인,부천아트센터,1.0,1,1445.0,1445.0,0.0,0.0,0,1445,0.8992913921137956,0.5743031586654116,0.18641360301676208,75.16172586482809,69.16172586482809,0.9335472043996333,True
윌슨 응 & 필하모니코리아,서양음악(클래식),경인,부천아트센터,1.0,1,1445.0,1445.0,0.0,0.0,0,1445,0.8992913921137956,0.5743031586654116,0.18641360301676208,75.16172586482809,69.16172586482809,0.9335472043996333,True
"부천시립예술단, 복사골 예술제 경축음악회: 바로크의 향연",서양음악(클래식),경인,부천아트센터,1.0,1,1445.0,1445.0,0.0,0.0,0,1445,0.8992913921137956,0.5743031586654116,0.18641360301676208,75.16172586482809,69.16172586482809,0.9335472043996333,True
"부천시립합창단, 부천시민합창페스티벌",서양음악(클래식),경인,부천아트센터,1.0,1,1445.0,1445.0,0.0,0.0,0,1445,0.8992913921137956,0.5743031586654116,0.18641360301676208,75.16172586482809,69.16172586482809,0.9335472043996333,True
"부천시립합창단, 부천시민합창페스티벌",서양음악(클래식),경인,부천아트센터,1.0,1,1445.0,1445.0,0.0,0.0,0,1445,0.8992913921137956,0.5743031586654116,0.18641360301676208,75.16172586482809,69.16172586482809,0.9335472043996333,True
"제12회 올키즈스트라 정기연주회, 사랑이 내게 말하는 것",서양음악(클래식),경인,부천아트센터,1.0,1,1445.0,1445.0,0.0,0.0,0,1445,0.8992913921137956,0.5743031586654116,0.18641360301676208,75.16172586482809,69.16172586482809,0.9335472043996333,True
"부천필하모닉오케스트라, 만화 OST 콘서트",서양음악(클래식),경인,부천아트센터,1.0,1,1445.0,1445.0,0.0,0.0,0,1445,0.8992913921137956,0.5743031586654116,0.18641360301676208,75.16172586482809,69.16172586482809,0.9335472043996333,True
"제312회 부천필하모닉오케스트라 정기연주회: 신년음악회, 신세계로부터",서양음악(클래식),경인,부천아트센터,1.0,1,1445.0,1445.0,0.0,0.0,0,1445,0.8992913921137956,0.5743031586654116,0.18641360301676208,75.16172586482809,69.16172586482809,0.9335472043996333,True
"제84회 경희대학교 MDOP 정기연주회, ILLUSION",서양음악(클래식),경인,부천아트센터,1.0,1,1445.0,1445.0,0.0,0.0,0,1445,0.8992913921137956,0.5743031586654116,0.18641360301676208,75.16172586482809,69.16172586482809,0.9335472043996333,True
제19회 삼성필하모닉 오케스트라 정기연주회 [부천],서양음악(클래식),경인,부천아트센터,1.0,1,1445.0,1445.0,0.0,0.0,0,1445,0.8992913921137956,0.5743031586654116,0.18641360301676208,75.16172586482809,69.16172586482809,0.9335472043996333,True
제31회 덴탈코러스 정기연주회,서양음악(클래식),경인,부천아트센터,1.0,1,1445.0,1445.0,0.0,0.0,0,1445,0.8992913921137956,0.5743031586654116,0.18641360301676208,75.16172586482809,69.16172586482809,0.9335472043996333,True
부천아트센터와 벽산문화재단이 함께하는 The Next Classic,서양음악(클래식),경인,부천아트센터,1.0,1,1445.0,1445.0,0.0,0.0,0,1445,0.8992913921137956,0.5743031586654116,0.18641360301676208,75.16172586482809,69.16172586482809,0.9335472043996333,True
"부천필하모닉오케스트라, 애니메이션 뮤직페스티벌",서양음악(클래식),경인,부천아트센터,1.0,1,1445.0,1445.0,0.0,0.0,0,1445,0.8992913921137956,0.5743031586654116,0.18641360301676208,75.16172586482809,69.16172586482809,0.9335472043996333,True
제26회 BIAF 개최 기념 부천필하모닉 오케스트라와 신카이 마코토가 함께하는 애니메이션 OST 콘서트 [부천],서양음악(클래식),경인,부천아트센터,1.0,1,1445.0,1445.0,0.0,0.0,0,1445,0.8992913921137956,0.5743031586654116,0.18641360301676208,75.16172586482809,69.16172586482809,0.9335472043996333,True
제41회 인하오케스트라 정기연주회,서양음악(클래식),경인,부천아트센터,1.0,1,1445.0,1445.0,0.0,0.0,0,1445,0.8992913921137956,0.5743031586654116,0.18641360301676208,75.16172586482809,69.16172586482809,0.9335472043996333,True
크누아심포니오케스트라 연주회 [부천],서양음악(클래식),경인,부천아트센터,1.0,1,1445.0,1445.0,0.0,0.0,0,1445,0.8992913921137956,0.5743031586654116,0.18641360301676208,75.16172586482809,69.16172586482809,0.9335472043996333,True
BIFAN 전야제 영화음악 콘서트,서양음악(클래식),경인,부천아트센터,1.0,1,1445.0,1445.0,0.0,0.0,0,1445,0.8992913921137956,0.5743031586654116,0.18641360301676208,75.16172586482809,69.16172586482809,0.9335472043996333,True
제21회 경기예술고등학교 정기연주회,서양음악(클래식),경인,부천아트센터,1.0,1,1445.0,1445.0,0.0,0.0,0,1445,0.8992913921137956,0.5743031586654116,0.18641360301676208,75.16172586482809,69.16172586482809,0.9335472043996333,True
"제11회 부천마스터코러스 정기연주회, 희망을 만드는 사람들",서양음악(클래식),경인,부천아트센터,1.0,1,1445.0,1445.0,0.0,0.0,0,1445,0.8992913921137956,0.5743031586654116,0.18641360301676208,75.16172586482809,69.16172586482809,0.9335472043996333,True
제39회 성신 필하모닉 오케스트라 정기연주회 [부천],서양음악(클래식),경인,부천아트센터,1.0,1,1445.0,1445.0,0.0,0.0,0,1445,0.8992913921137956,0.5743031586654116,0.18641360301676208,75.16172586482809,69.16172586482809,0.9335472043996333,True
청소년을 위한 관악음악여행,서양음악(클래식),경인,부천아트센터,1.0,1,1445.0,1445.0,0.0,0.0,0,1445,0.8992913921137956,0.5743031586654116,0.18641360301676208,75.16172586482809,69.16172586482809,0.9335472043996333,True
한양 필하모닉 오케스트라 정기연주회 [부천],서양음악(클래식),경인,부천아트센터,1.0,1,1445.0,1445.0,0.0,0.0,0,1445,0.8992913921137956,0.5743031586654116,0.18641360301676208,75.16172586482809,69.16172586482809,0.9335472043996333,True
부천시립예술단 BICOF와 함께하는 부천시민의날 경축음악회,서양음악(클래식),경인,부천아트센터,1.0,1,1445.0,1445.0,0.0,0.0,0,1445,0.8992913921137956,0.5743031586654116,0.18641360301676208,75.16172586482809,69.16172586482809,0.9335472043996333,True
제19회 페스티벌 앙상블 가우디움 정기연주회,서양음악(클래식),경인,부천아트센터,1.0,1,1445.0,1445.0,0.0,0.0,0,1445,0.8992913921137956,0.5743031586654116,0.18641360301676208,75.16172586482809,69.16172586482809,0.9335472043996333,True
제3회 한국 스타인웨이 아마추어 콩쿠르 입상자 연주회,서양음악(클래식),경인,부천아트센터,1.0,1,1445.0,1445.0,0.0,0.0,0,1445,0.8992913921137956,0.5743031586654116,0.18641360301676208,75.16172586482809,69.16172586482809,0.9335472043996333,True
"제32회 젊은연극제, 템페스트",연극,서울,민송아트홀 (구. 브로드웨이아트홀),0.9265,2,504.0,252.0,0.0,0.0,1,272,0.6628229264721264,0.5851074678380922,0.18641360301676208,63.056922273356754,69.05692227335675,0.8881818181818182,True
제103회 양주풍류악회 연주회,한국음악(국악),서울,남산골한옥마을,1.0132,1,306.0,306.0,0.0,0.0,3,302,0.8992913921137956,0.3699403828051459,0.18641360301676208,63.036625821625535,69.03662582162553,0.8868181818181818,True
제104회 양주풍류악회,한국음악(국악),서울,남산골한옥마을,1.0132,1,306.0,306.0,0.0,0.0,3,302,0.8992913921137956,0.3699403828051459,0.18641360301676208,63.036625821625535,69.03662582162553,0.8868181818181818,True
"온세대합창페스티벌, 아이누리 [춘천]",서양음악(클래식),기타,춘천문화예술회관,0.9947,1,935.0,935.0,0.0,0.0,3,940,0.7924772513335425,0.527540267754419,0.18641360301676208,67.34328985998636,69.03121828404446,0.926829268292683,True
돼지책 [김천],뮤지컬,영남,김천시립율곡도서관,0.9784,2,908.0,454.0,0.0,0.0,2,464,0.7457248195795418,0.672653226649932,0.18641360301676208,71.5588991050401,68.96334973464491,0.96,True
제6회 대한민국 군가합창단 정기연주회,서양음악(클래식),서울,롯데콘서트홀,0.918,1,1869.0,1869.0,0.0,0.0,6,2036,0.6510040790712268,0.5976087752327163,0.18641360301676208,62.90961281430476,68.90961281430475,0.8822727272727273,True
코리안리 신년 음악회,서양음악(클래식),서울,롯데콘서트홀,0.918,1,1869.0,1869.0,0.0,0.0,6,2036,0.6510040790712268,0.5976087752327163,0.18641360301676208,62.90961281430476,68.90961281430475,0.8822727272727273,True
브라보체 남성성악가합창단 연주회,서양음악(클래식),서울,롯데콘서트홀,0.918,1,1869.0,1869.0,0.0,0.0,6,2036,0.6510040790712268,0.5976087752327163,0.18641360301676208,62.90961281430476,68.90961281430475,0.8822727272727273,True
한국일보 창간70주년 기념음악회,서양음악(클래식),서울,롯데콘서트홀,0.918,1,1869.0,1869.0,0.0,0.0,6,2036,0.6510040790712268,0.5976087752327163,0.18641360301676208,62.90961281430476,68.90961281430475,0.8822727272727273,True
브라보체 대한민국 남성성악가 연주회,서양음악(클래식),서울,롯데콘서트홀,0.918,1,1869.0,1869.0,0.0,0.0,6,2036,0.6510040790712268,0.5976087752327163,0.18641360301676208,62.90961281430476,68.90961281430475,0.8822727272727273,True
제14회 대원하모니 정기연주회 with 하트 하트재단,서양음악(클래식),서울,롯데콘서트홀,0.918,1,1869.0,1869.0,0.0,0.0,6,2036,0.6510040790712268,0.5976087752327163,0.18641360301676208,62.90961281430476,68.90961281430475,0.8822727272727273,True
롯데 행복나눔 동행 콘서트,서양음악(클래식),서울,롯데콘서트홀,0.918,1,1869.0,1869.0,0.0,0.0,6,2036,0.6510040790712268,0.5976087752327163,0.18641360301676208,62.90961281430476,68.90961281430475,0.8822727272727273,True
"희망, 부활, 사랑",서양음악(클래식),서울,롯데콘서트홀,0.918,1,1869.0,1869.0,0.0,0.0,6,2036,0.6510040790712268,0.5976087752327163,0.18641360301676208,62.90961281430476,68.90961281430475,0.8822727272727273,True
무대게임,연극,서울,상명아트홀,0.9574,3,270.0,90.0,0.0,0.0,5,94,0.7090001045915699,0.5243829097374751,0.18641360301676208,62.841593802373076,68.84159380237307,0.8777272727272727,True
무대게임,연극,서울,상명아트홀,0.9574,3,270.0,90.0,0.0,0.0,5,94,0.7090001045915699,0.5243829097374751,0.18641360301676208,62.841593802373076,68.84159380237307,0.8777272727272727,True
K-water와 함께하는 뮤지컬 갈라 콘서트,뮤지컬,충청,제천예술의전당,1.0,1,799.0,799.0,0.0,0.0,2,799,0.8992913921137956,0.512315657358017,0.18641360301676208,71.80510365056142,68.83208530554553,0.9315068493150684,True
"디어 철원, 디어 재즈오케스트라 콘서트 [철원]",대중음악,기타,철원군 화강문화센터,1.3046,1,454.0,454.0,0.0,0.0,6,348,0.8992913921137956,0.43262603284175294,0.18641360301676208,67.10970372593651,68.79763214999461,0.9207317073170732,True
"제17회 DIMF, 청강문화산업대학교 넥스트 투 노멀",뮤지컬,영남,대구서구문화회관,0.9779,2,884.0,442.0,0.0,0.0,3,452,0.7450580483213053,0.6692422340759334,0.18641360301676208,71.37521055135433,68.77966118095914,0.9590243902439024,True
김세철의 풍류2,한국음악(국악),서울,남산골한옥마을,1.0,1,302.0,302.0,0.0,0.0,3,302,0.8992913921137956,0.36578809747934315,0.18641360301676208,62.75265278099005,68.75265278099005,0.8759090909090909,True
제20회 숙명여자대학교 문화예술대학원 전통예술학과 전통음악전공 정기연주회: 절차탁마,한국음악(국악),서울,남산골한옥마을,1.0,1,302.0,302.0,0.0,0.0,3,302,0.8992913921137956,0.36578809747934315,0.18641360301676208,62.75265278099005,68.75265278099005,0.8759090909090909,True
"제3회 제이라이크댄스 쇼케이스, TIME SLIP [고양]",대중무용,경인,고양어울림누리,1.0,1,1290.0,1290.0,0.0,0.0,8,1290,0.8992913921137956,0.5663032109611965,0.18641360301676208,74.74116646773616,68.74116646773616,0.9179651695692026,True
제42회 아첼청소년오케스트라 정기연주회 [고양],서양음악(클래식),경인,고양어울림누리,1.0,1,1290.0,1290.0,0.0,0.0,8,1290,0.8992913921137956,0.5663032109611965,0.18641360301676208,74.74116646773616,68.74116646773616,0.9179651695692026,True
"포항CBS 창립24주년 기념 음악회, 푸치니 오페라 갈라콘서트 [포항]",서양음악(클래식),영남,효자아트홀,1.0055,1,735.0,735.0,0.0,0.0,1,731,0.8992913921137956,0.5033730781299027,0.18641360301676208,71.30110421247379,68.7055548420786,0.9575609756097561,True
"포항CBS, 포항사랑 힐링콘서트",대중음악,영남,효자아트홀,1.0055,1,735.0,735.0,0.0,0.0,1,731,0.8992913921137956,0.5033730781299027,0.18641360301676208,71.30110421247379,68.7055548420786,0.9575609756097561,True
3회 Ensemble Frais 연주회,서양음악(클래식),서울,꿈의숲아트센터,1.0,1,301.0,301.0,0.0,0.0,8,301,0.8992913921137956,0.3644323292542621,0.18641360301676208,62.65951378440351,68.65951378440352,0.8445454545454546,True
4인4색,서양음악(클래식),서울,꿈의숲아트센터,1.0,1,301.0,301.0,0.0,0.0,8,301,0.8992913921137956,0.3644323292542621,0.18641360301676208,62.65951378440351,68.65951378440352,0.8445454545454546,True
Ensemble Liebe 창단 연주회,서양음악(클래식),서울,꿈의숲아트센터,1.0,1,301.0,301.0,0.0,0.0,8,301,0.8992913921137956,0.3644323292542621,0.18641360301676208,62.65951378440351,68.65951378440352,0.8445454545454546,True
개교 58주년 영훈 오케스트라 정기연주회,서양음악(클래식),서울,꿈의숲아트센터,1.0,1,301.0,301.0,0.0,0.0,8,301,0.8992913921137956,0.3644323292542621,0.18641360301676208,62.65951378440351,68.65951378440352,0.8445454545454546,True
그린필오케스트라 정기연주회,서양음악(클래식),서울,꿈의숲아트센터,1.0,1,301.0,301.0,0.0,0.0,8,301,0.8992913921137956,0.3644323292542621,0.18641360301676208,62.65951378440351,68.65951378440352,0.8445454545454546,True
그린필오케스트라 정기연주회,서양음악(클래식),서울,꿈의숲아트센터,1.0,1,301.0,301.0,0.0,0.0,8,301,0.8992913921137956,0.3644323292542621,0.18641360301676208,62.65951378440351,68.65951378440352,0.8445454545454546,True
소프라노 김창숙 독창회,서양음악(클래식),서울,꿈의숲아트센터,1.0,1,301.0,301.0,0.0,0.0,8,301,0.8992913921137956,0.3644323292542621,0.18641360301676208,62.65951378440351,68.65951378440352,0.8445454545454546,True
신인음악회,서양음악(클래식),서울,꿈의숲아트센터,1.0,1,301.0,301.0,0.0,0.0,8,301,0.8992913921137956,0.3644323292542621,0.18641360301676208,62.65951378440351,68.65951378440352,0.8445454545454546,True
"카리니 창단 연주회, 인생은 아름다워 La vita e bella",서양음악(클래식),서울,꿈의숲아트센터,1.0,1,301.0,301.0,0.0,0.0,8,301,0.8992913921137956,0.3644323292542621,0.18641360301676208,62.65951378440351,68.65951378440352,0.8445454545454546,True
권석준 호른독주회: 호른으로 피우는 봄,서양음악(클래식),서울,꿈의숲아트센터,1.0,1,301.0,301.0,0.0,0.0,8,301,0.8992913921137956,0.3644323292542621,0.18641360301676208,62.65951378440351,68.65951378440352,0.8445454545454546,True
"장수길작곡발표회, 그리움",서양음악(클래식),서울,꿈의숲아트센터,1.0,1,301.0,301.0,0.0,0.0,8,301,0.8992913921137956,0.3644323292542621,0.18641360301676208,62.65951378440351,68.65951378440352,0.8445454545454546,True
샤롯아마추어 오케스트라 정기연주회,서양음악(클래식),서울,꿈의숲아트센터,1.0,1,301.0,301.0,0.0,0.0,8,301,0.8992913921137956,0.3644323292542621,0.18641360301676208,62.65951378440351,68.65951378440352,0.8445454545454546,True
유망신예 초청연주회,서양음악(클래식),서울,꿈의숲아트센터,1.0,1,301.0,301.0,0.0,0.0,8,301,0.8992913921137956,0.3644323292542621,0.18641360301676208,62.65951378440351,68.65951378440352,0.8445454545454546,True
제7회 성암국제무역고등학교 합창단 정기연주회: 꼭 안아줄래요,서양음악(클래식),서울,꿈의숲아트센터,1.0,1,301.0,301.0,0.0,0.0,8,301,0.8992913921137956,0.3644323292542621,0.18641360301676208,62.65951378440351,68.65951378440352,0.8445454545454546,True
서울예술콘서바토리 성악교수음악회,서양음악(클래식),서울,꿈의숲아트센터,1.0,1,301.0,301.0,0.0,0.0,8,301,0.8992913921137956,0.3644323292542621,0.18641360301676208,62.65951378440351,68.65951378440352,0.8445454545454546,True
소리모아 합창단 정기연주회: 가곡과 동요로 엮은 사계(四季),서양음악(클래식),서울,꿈의숲아트센터,1.0,1,301.0,301.0,0.0,0.0,8,301,0.8992913921137956,0.3644323292542621,0.18641360301676208,62.65951378440351,68.65951378440352,0.8445454545454546,True
제2회 서울 음악교사 정기연주회,서양음악(클래식),서울,꿈의숲아트센터,1.0,1,301.0,301.0,0.0,0.0,8,301,0.8992913921137956,0.3644323292542621,0.18641360301676208,62.65951378440351,68.65951378440352,0.8445454545454546,True
제5회 비움과 채움 정기연주회,서양음악(클래식),서울,꿈의숲아트센터,1.0,1,301.0,301.0,0.0,0.0,8,301,0.8992913921137956,0.3644323292542621,0.18641360301676208,62.65951378440351,68.65951378440352,0.8445454545454546,True
Young Artists Festival,서양음악(클래식),서울,꿈의숲아트센터,1.0,1,301.0,301.0,0.0,0.0,8,301,0.8992913921137956,0.3644323292542621,0.18641360301676208,62.65951378440351,68.65951378440352,0.8445454545454546,True
제4회 본세아바합창단 정기공연,서양음악(클래식),서울,꿈의숲아트센터,1.0,1,301.0,301.0,0.0,0.0,8,301,0.8992913921137956,0.3644323292542621,0.18641360301676208,62.65951378440351,68.65951378440352,0.8445454545454546,True
소프라노 김은정 독창회,서양음악(클래식),서울,꿈의숲아트센터,1.0,1,301.0,301.0,0.0,0.0,8,301,0.8992913921137956,0.3644323292542621,0.18641360301676208,62.65951378440351,68.65951378440352,0.8445454545454546,True
도봉청소년오케스트라 송년음악회,서양음악(클래식),서울,꿈의숲아트센터,1.0,1,301.0,301.0,0.0,0.0,8,301,0.8992913921137956,0.3644323292542621,0.18641360301676208,62.65951378440351,68.65951378440352,0.8445454545454546,True
"신인음악회, Harmony of Spring",서양음악(클래식),서울,꿈의숲아트센터,1.0,1,301.0,301.0,0.0,0.0,8,301,0.8992913921137956,0.3644323292542621,0.18641360301676208,62.65951378440351,68.65951378440352,0.8445454545454546,True
유망신예 데뷔콘서트,서양음악(클래식),서울,꿈의숲아트센터,1.0,1,301.0,301.0,0.0,0.0,8,301,0.8992913921137956,0.3644323292542621,0.18641360301676208,62.65951378440351,68.65951378440352,0.8445454545454546,True
노지영 & 김수진 피아노 듀오 리사이틀,서양음악(클래식),서울,꿈의숲아트센터,1.0,1,301.0,301.0,0.0,0.0,8,301,0.8992913921137956,0.3644323292542621,0.18641360301676208,62.65951378440351,68.65951378440352,0.8445454545454546,True
영신여자고등학교 5월의 음악회,서양음악(클래식),서울,꿈의숲아트센터,1.0,1,301.0,301.0,0.0,0.0,8,301,0.8992913921137956,0.3644323292542621,0.18641360301676208,62.65951378440351,68.65951378440352,0.8445454545454546,True
테너 이성은 독창회,서양음악(클래식),서울,꿈의숲아트센터,1.0,1,301.0,301.0,0.0,0.0,8,301,0.8992913921137956,0.3644323292542621,0.18641360301676208,62.65951378440351,68.65951378440352,0.8445454545454546,True
"소리여울국악관현악단 정기연주회, 우리소리 여울따라 어여뻐라 우리인생",한국음악(국악),서울,꿈의숲아트센터,1.0,1,301.0,301.0,0.0,0.0,8,301,0.8992913921137956,0.3644323292542621,0.18641360301676208,62.65951378440351,68.65951378440352,0.8445454545454546,True
숙명 Musica Bello 창단연주회,서양음악(클래식),서울,꿈의숲아트센터,1.0,1,301.0,301.0,0.0,0.0,8,301,0.8992913921137956,0.3644323292542621,0.18641360301676208,62.65951378440351,68.65951378440352,0.8445454545454546,True
제3회 ATTO SECONDO 정기연주회,서양음악(클래식),서울,꿈의숲아트센터,1.0,1,301.0,301.0,0.0,0.0,8,301,0.8992913921137956,0.3644323292542621,0.18641360301676208,62.65951378440351,68.65951378440352,0.8445454545454546,True
개교 59주년 영훈오케스트라 정기연주회,서양음악(클래식),서울,꿈의숲아트센터,1.0,1,301.0,301.0,0.0,0.0,8,301,0.8992913921137956,0.3644323292542621,0.18641360301676208,62.65951378440351,68.65951378440352,0.8445454545454546,True
제19회 서울기독대학교 휴먼힐링예술학부 음악 정기연주회,서양음악(클래식),서울,꿈의숲아트센터,1.0,1,301.0,301.0,0.0,0.0,8,301,0.8992913921137956,0.3644323292542621,0.18641360301676208,62.65951378440351,68.65951378440352,0.8445454545454546,True
제43회 경희대학교 합창단 GLEE 정기연주회: GLEE NIGHT,서양음악(클래식),서울,꿈의숲아트센터,1.0,1,301.0,301.0,0.0,0.0,8,301,0.8992913921137956,0.3644323292542621,0.18641360301676208,62.65951378440351,68.65951378440352,0.8445454545454546,True
파토스 성악 앙상블 Pathos Vocal Ensemble Opera Galla Concert,서양음악(클래식),서울,꿈의숲아트센터,1.0,1,301.0,301.0,0.0,0.0,8,301,0.8992913921137956,0.3644323292542621,0.18641360301676208,62.65951378440351,68.65951378440352,0.8445454545454546,True
그린필오케스트라 정기연주회,서양음악(클래식),서울,꿈의숲아트센터,1.0,1,301.0,301.0,0.0,0.0,8,301,0.8992913921137956,0.3644323292542621,0.18641360301676208,62.65951378440351,68.65951378440352,0.8445454545454546,True
동덕여자대학교 피아노전공 영아티스트 데뷔콘서트,서양음악(클래식),서울,꿈의숲아트센터,1.0,1,301.0,301.0,0.0,0.0,8,301,0.8992913921137956,0.3644323292542621,0.18641360301676208,62.65951378440351,68.65951378440352,0.8445454545454546,True
제41회 국민대학교 합창단 CHORUS 정기연주회,서양음악(클래식),서울,꿈의숲아트센터,1.0,1,301.0,301.0,0.0,0.0,8,301,0.8992913921137956,0.3644323292542621,0.18641360301676208,62.65951378440351,68.65951378440352,0.8445454545454546,True
그린필오케스트라 정기연주회,서양음악(클래식),서울,꿈의숲아트센터,1.0,1,301.0,301.0,0.0,0.0,8,301,0.8992913921137956,0.3644323292542621,0.18641360301676208,62.65951378440351,68.65951378440352,0.8445454545454546,True
소프라노 이정수 독창회,서양음악(클래식),서울,꿈의숲아트센터,1.0,1,301.0,301.0,0.0,0.0,8,301,0.8992913921137956,0.3644323292542621,0.18641360301676208,62.65951378440351,68.65951378440352,0.8445454545454546,True
제42회 국민대학교 합창단 CHORUS 정기연주회: 하늘의 축복,서양음악(클래식),서울,꿈의숲아트센터,1.0,1,301.0,301.0,0.0,0.0,8,301,0.8992913921137956,0.3644323292542621,0.18641360301676208,62.65951378440351,68.65951378440352,0.8445454545454546,True
"제6회 나눔소리합창단 정기연주회: 공감과 사랑, 그리고 희망을 노래하다",서양음악(클래식),서울,꿈의숲아트센터,1.0,1,301.0,301.0,0.0,0.0,8,301,0.8992913921137956,0.3644323292542621,0.18641360301676208,62.65951378440351,68.65951378440352,0.8445454545454546,True
제2회 리더스 필하모닉 오케스트,서양음악(클래식),서울,꿈의숲아트센터,1.0,1,301.0,301.0,0.0,0.0,8,301,0.8992913921137956,0.3644323292542621,0.18641360301676208,62.65951378440351,68.65951378440352,0.8445454545454546,True
"창단 20주년 특별기획, 제10회 소리챔버 오케스트라 정기 연주회",서양음악(클래식),서울,꿈의숲아트센터,1.0,1,301.0,301.0,0.0,0.0,8,301,0.8992913921137956,0.3644323292542621,0.18641360301676208,62.65951378440351,68.65951378440352,0.8445454545454546,True
경희 챔버 오케스트라 정기연주회,서양음악(클래식),서울,꿈의숲아트센터,1.0,1,301.0,301.0,0.0,0.0,8,301,0.8992913921137956,0.3644323292542621,0.18641360301676208,62.65951378440351,68.65951378440352,0.8445454545454546,True
제2회 Only Chamber 연주회,서양음악(클래식),서울,꿈의숲아트센터,1.0,1,301.0,301.0,0.0,0.0,8,301,0.8992913921137956,0.3644323292542621,0.18641360301676208,62.65951378440351,68.65951378440352,0.8445454545454546,True
테너 오승환 리사이틀,서양음악(클래식),서울,꿈의숲아트센터,1.0,1,301.0,301.0,0.0,0.0,8,301,0.8992913921137956,0.3644323292542621,0.18641360301676208,62.65951378440351,68.65951378440352,0.8445454545454546,True
석관실버복지센터와 함께하는 흥겨워락 국악 페스티벌,한국음악(국악),서울,꿈의숲아트센터,1.0,1,301.0,301.0,0.0,0.0,8,301,0.8992913921137956,0.3644323292542621,0.18641360301676208,62.65951378440351,68.65951378440352,0.8445454545454546,True
그린필오케스트라 정기연주회: Piano Concerto Series,서양음악(클래식),서울,꿈의숲아트센터,1.0,1,301.0,301.0,0.0,0.0,8,301,0.8992913921137956,0.3644323292542621,0.18641360301676208,62.65951378440351,68.65951378440352,0.8445454545454546,True
"제22회 소리사랑여성합창단 정기연주회, 가을 바람꽃 향연",서양음악(클래식),서울,꿈의숲아트센터,1.0,1,301.0,301.0,0.0,0.0,8,301,0.8992913921137956,0.3644323292542621,0.18641360301676208,62.65951378440351,68.65951378440352,0.8445454545454546,True
영아티스트 초청 콘서트,서양음악(클래식),서울,꿈의숲아트센터,1.0,1,301.0,301.0,0.0,0.0,8,301,0.8992913921137956,0.3644323292542621,0.18641360301676208,62.65951378440351,68.65951378440352,0.8445454545454546,True
영아티스트 초청 콘서트,서양음악(클래식),서울,꿈의숲아트센터,1.0,1,301.0,301.0,0.0,0.0,8,301,0.8992913921137956,0.3644323292542621,0.18641360301676208,62.65951378440351,68.65951378440352,0.8445454545454546,True
"오즈 드 윈터, 아제로스의 문명 그리고 민물의 노래",서양음악(클래식),서울,꿈의숲아트센터,1.0,1,301.0,301.0,0.0,0.0,8,301,0.8992913921137956,0.3644323292542621,0.18641360301676208,62.65951378440351,68.65951378440352,0.8445454545454546,True
"제11회 백석문화대학원 성악과 동문회 정기연주회, 꿈의 숲에서 자유를 노래하다",서양음악(클래식),서울,꿈의숲아트센터,1.0,1,301.0,301.0,0.0,0.0,8,301,0.8992913921137956,0.3644323292542621,0.18641360301676208,62.65951378440351,68.65951378440352,0.8445454545454546,True
제3회 영레이디스싱어즈 정기연주회,서양음악(클래식),서울,꿈의숲아트센터,1.0,1,301.0,301.0,0.0,0.0,8,301,0.8992913921137956,0.3644323292542621,0.18641360301676208,62.65951378440351,68.65951378440352,0.8445454545454546,True
"제8회 경희대학교합창단 GLEE OB 정기연주회, Morning Has Broken",서양음악(클래식),서울,꿈의숲아트센터,1.0,1,301.0,301.0,0.0,0.0,8,301,0.8992913921137956,0.3644323292542621,0.18641360301676208,62.65951378440351,68.65951378440352,0.8445454545454546,True
음악으로 들려주는 숲속이야기,서양음악(클래식),서울,꿈의숲아트센터,1.0,1,301.0,301.0,0.0,0.0,8,301,0.8992913921137956,0.3644323292542621,0.18641360301676208,62.65951378440351,68.65951378440352,0.8445454545454546,True
제6회 Ensemble Ardeur 정기연주회: Romantic Sunday,서양음악(클래식),서울,꿈의숲아트센터,1.0,1,301.0,301.0,0.0,0.0,8,301,0.8992913921137956,0.3644323292542621,0.18641360301676208,62.65951378440351,68.65951378440352,0.8445454545454546,True
Young Artist Debut Concert,서양음악(클래식),서울,꿈의숲아트센터,1.0,1,301.0,301.0,0.0,0.0,8,301,0.8992913921137956,0.3644323292542621,0.18641360301676208,62.65951378440351,68.65951378440352,0.8445454545454546,True
개교 59주년 영훈 에이레네 합창단 정기연주회,서양음악(클래식),서울,꿈의숲아트센터,1.0,1,301.0,301.0,0.0,0.0,8,301,0.8992913921137956,0.3644323292542621,0.18641360301676208,62.65951378440351,68.65951378440352,0.8445454545454546,True
제17회 그린필오케스트라 정기연주회,서양음악(클래식),서울,꿈의숲아트센터,1.0,1,301.0,301.0,0.0,0.0,8,301,0.8992913921137956,0.3644323292542621,0.18641360301676208,62.65951378440351,68.65951378440352,0.8445454545454546,True
삼육대학교 음악학과 피아노 동문장학회 입상자 연주회,서양음악(클래식),서울,꿈의숲아트센터,1.0,1,301.0,301.0,0.0,0.0,8,301,0.8992913921137956,0.3644323292542621,0.18641360301676208,62.65951378440351,68.65951378440352,0.8445454545454546,True
삼육대학교 음악학과 피아노 동문장학회 입상자 연주회,서양음악(클래식),서울,꿈의숲아트센터,1.0,1,301.0,301.0,0.0,0.0,8,301,0.8992913921137956,0.3644323292542621,0.18641360301676208,62.65951378440351,68.65951378440352,0.8445454545454546,True
"사랑이 들리는 풍경, 명품콘서트",서양음악(클래식),서울,꿈의숲아트센터,1.0,1,301.0,301.0,0.0,0.0,8,301,0.8992913921137956,0.3644323292542621,0.18641360301676208,62.65951378440351,68.65951378440352,0.8445454545454546,True
삼육대학교 음악학과 피아노 동문장학회 입상자 연주회,서양음악(클래식),서울,꿈의숲아트센터,1.0,1,301.0,301.0,0.0,0.0,8,301,0.8992913921137956,0.3644323292542621,0.18641360301676208,62.65951378440351,68.65951378440352,0.8445454545454546,True
삼육대학교 음악학과 피아노 동문장학회 입상자 연주회,서양음악(클래식),서울,꿈의숲아트센터,1.0,1,301.0,301.0,0.0,0.0,8,301,0.8992913921137956,0.3644323292542621,0.18641360301676208,62.65951378440351,68.65951378440352,0.8445454545454546,True
앙상블 에클랑의 뮤직 살롱,서양음악(클래식),서울,꿈의숲아트센터,1.0,1,301.0,301.0,0.0,0.0,8,301,0.8992913921137956,0.3644323292542621,0.18641360301676208,62.65951378440351,68.65951378440352,0.8445454545454546,True
제15회 플라르플루트앙상블 정기연주회,서양음악(클래식),서울,꿈의숲아트센터,1.0,1,301.0,301.0,0.0,0.0,8,301,0.8992913921137956,0.3644323292542621,0.18641360301676208,62.65951378440351,68.65951378440352,0.8445454545454546,True
바람의 소리 [제주],연극,제주,제주아트센터,0.9443,2,2236.0,1118.0,0.0,0.0,6,1184,0.6917555695010982,0.771471341909842,0.18641360301676208,72.2602596545137,68.50958430731178,0.9782608695652174,True
제9회 르씨엘발레아카데미 정기공연,무용(서양/한국무용),영남,대덕문화전당,0.9664,2,1036.0,518.0,0.0,0.0,4,536,0.72264930446606,0.6934996339295053,0.18641360301676208,71.0845220777395,68.48897270734432,0.9560975609756097,True
어버이날 영덕군 효 콘서트,대중음악,영남,예주문화예술회관,1.3183,1,700.0,700.0,0.0,0.0,4,531,0.8992913921137956,0.49852133668026355,0.18641360301676208,71.02541209062997,68.42986272023478,0.9541463414634146,True
허만성 배재혁 콘서트 [대구],대중음악,영남,대덕문화전당,1.306,1,700.0,700.0,0.0,0.0,4,536,0.8992913921137956,0.49852133668026355,0.18641360301676208,71.02541209062997,68.42986272023478,0.9541463414634146,True
댄스 라이트 (DANCE LIGHT) with 빛소리친구들 [김해],무용(서양/한국무용),영남,김해서부문화센터,1.013,1,700.0,700.0,0.0,0.0,5,691,0.8992913921137956,0.49852133668026355,0.18641360301676208,71.02541209062997,68.42986272023478,0.9541463414634146,True
"세계 음악극 페스티벌, 미래를 위한 기억",한국음악(국악),호남,무안승달문화예술회관,0.9942,1,516.0,516.0,0.0,0.0,2,519,0.7920196632151448,0.4545235853990169,0.18641360301676208,63.4255362565048,68.37228175595236,0.8842105263157894,True
"제32회 젊은연극제, 우리마을",연극,서울,선돌극장,0.92566667,3,361.0,120.33,0.0,0.0,1,130,0.6614763100094132,0.5703221420353519,0.18641360301676208,62.33854624537082,68.33854624537082,0.8136363636363636,True
구미 시민과 함께하는 한울림 음악회,서양음악(클래식),영남,강동문화복지회관,1.024,1,683.0,683.0,0.0,0.0,6,667,0.8992913921137956,0.4962020186172995,0.18641360301676208,70.89305184949401,68.29750247909882,0.9521951219512195,True
트로트클라쓰 시즌3 [순천],대중음악,호남,순천문화예술회관,0.8523,2,1558.0,779.0,0.0,0.0,1,914,0.5708346407279573,0.7393486559983266,0.18641360301676208,63.30615068708377,68.25289618653133,0.881578947368421,True
거울 진(眞) 춤,무용(서양/한국무용),제주,제주문예회관,1.0,1,828.0,828.0,0.0,0.0,3,828,0.8992913921137956,0.515828626712687,0.18641360301676208,72.00164819064206,68.25097284344014,0.8586956521739131,True
국립오페라단 갈라콘서트: 오페라 여행,서양음악(클래식),제주,제주문예회관,1.0,1,828.0,828.0,0.0,0.0,3,828,0.8992913921137956,0.515828626712687,0.18641360301676208,72.00164819064206,68.25097284344014,0.8586956521739131,True
국립국악고등학교 소리누리예술단 초청공연,한국음악(국악),제주,제주문예회관,1.0,1,828.0,828.0,0.0,0.0,3,828,0.8992913921137956,0.515828626712687,0.18641360301676208,72.00164819064206,68.25097284344014,0.8586956521739131,True
"창작오페라 갈라콘서트, 제주의 기적 맥그린치",서양음악(클래식),제주,제주문예회관,1.0,1,828.0,828.0,0.0,0.0,3,828,0.8992913921137956,0.515828626712687,0.18641360301676208,72.00164819064206,68.25097284344014,0.8586956521739131,True
"삭온스크린, 심청 [제주]",무용(서양/한국무용),제주,제주문예회관,1.0,1,828.0,828.0,0.0,0.0,3,828,0.8992913921137956,0.515828626712687,0.18641360301676208,72.00164819064206,68.25097284344014,0.8586956521739131,True
"삭온스크린, 오페라 마술피리 [제주]",서양음악(클래식),제주,제주문예회관,1.0,1,828.0,828.0,0.0,0.0,3,828,0.8992913921137956,0.515828626712687,0.18641360301676208,72.00164819064206,68.25097284344014,0.8586956521739131,True
"리음앙상블과 함께하는 시(詩)실내악 시리즈 III, 고성현의 The Snowman",서양음악(클래식),제주,제주문예회관,1.0,1,828.0,828.0,0.0,0.0,3,828,0.8992913921137956,0.515828626712687,0.18641360301676208,72.00164819064206,68.25097284344014,0.8586956521739131,True
"SAC ON SCREEN, 오셀로 [제주]",연극,제주,제주문예회관,1.0,1,828.0,828.0,0.0,0.0,3,828,0.8992913921137956,0.515828626712687,0.18641360301676208,72.00164819064206,68.25097284344014,0.8586956521739131,True
"삭온스크린 뮤지컬, 굿모닝 독도",뮤지컬,제주,제주문예회관,1.0,1,828.0,828.0,0.0,0.0,3,828,0.8992913921137956,0.515828626712687,0.18641360301676208,72.00164819064206,68.25097284344014,0.8586956521739131,True
호두까기 인형 [제주],무용(서양/한국무용),제주,제주문예회관,1.0,1,828.0,828.0,0.0,0.0,3,828,0.8992913921137956,0.515828626712687,0.18641360301676208,72.00164819064206,68.25097284344014,0.8586956521739131,True
"코리안브라스앙상블, 브릴란테브라스밴드",서양음악(클래식),제주,제주문예회관,1.0,1,828.0,828.0,0.0,0.0,3,828,0.8992913921137956,0.515828626712687,0.18641360301676208,72.00164819064206,68.25097284344014,0.8586956521739131,True
"삭온스크린, 봉장취 [제주]",뮤지컬,제주,제주문예회관,1.0,1,828.0,828.0,0.0,0.0,3,828,0.8992913921137956,0.515828626712687,0.18641360301676208,72.00164819064206,68.25097284344014,0.8586956521739131,True
"서울청춘합창단, 아름다운 동행 [제주]",서양음악(클래식),제주,제주문예회관,1.0,1,828.0,828.0,0.0,0.0,3,828,0.8992913921137956,0.515828626712687,0.18641360301676208,72.00164819064206,68.25097284344014,0.8586956521739131,True
"SAC ON SCREEN, 영상으로 만나는 듀오콘서트: 정경화 & 케빈 케너 [제주]",서양음악(클래식),제주,제주문예회관,1.0,1,828.0,828.0,0.0,0.0,3,828,0.8992913921137956,0.515828626712687,0.18641360301676208,72.00164819064206,68.25097284344014,0.8586956521739131,True
"삭온스크린, 두 바퀴 자전거 [제주]",서커스/마술,제주,제주문예회관,1.0,1,828.0,828.0,0.0,0.0,3,828,0.8992913921137956,0.515828626712687,0.18641360301676208,72.00164819064206,68.25097284344014,0.8586956521739131,True
윤보선 고택 쌀롱콘서트,서양음악(클래식),제주,제주문예회관,1.0,1,828.0,828.0,0.0,0.0,3,828,0.8992913921137956,0.515828626712687,0.18641360301676208,72.00164819064206,68.25097284344014,0.8586956521739131,True
"제7회 제주국제실내악페스티벌, 개막공연",서양음악(클래식),제주,제주문예회관,1.0,1,828.0,828.0,0.0,0.0,3,828,0.8992913921137956,0.515828626712687,0.18641360301676208,72.00164819064206,68.25097284344014,0.8586956521739131,True
"제7회 제주국제실내악페스티벌, 폐막공연",서양음악(클래식),제주,제주문예회관,1.0,1,828.0,828.0,0.0,0.0,3,828,0.8992913921137956,0.515828626712687,0.18641360301676208,72.00164819064206,68.25097284344014,0.8586956521739131,True
"삭온스크린 클래식, 백건우 피아노 리사이틀",서양음악(클래식),제주,제주문예회관,1.0,1,828.0,828.0,0.0,0.0,3,828,0.8992913921137956,0.515828626712687,0.18641360301676208,72.00164819064206,68.25097284344014,0.8586956521739131,True
"SAC ON SCREEN, 늙은 부부 이야기 [제주]",연극,제주,제주문예회관,1.0,1,828.0,828.0,0.0,0.0,3,828,0.8992913921137956,0.515828626712687,0.18641360301676208,72.00164819064206,68.25097284344014,0.8586956521739131,True
라 바야데르(영상화),무용(서양/한국무용),제주,제주문예회관,1.0,1,828.0,828.0,0.0,0.0,3,828,0.8992913921137956,0.515828626712687,0.18641360301676208,72.00164819064206,68.25097284344014,0.8586956521739131,True
금파 [고창],한국음악(국악),호남,고창문화의전당,0.8744,2,1093.0,546.5,0.0,0.0,2,625,0.592184394937768,0.6990809015793327,0.18641360301676208,63.28272185560622,68.22946735505379,0.8789473684210526,True
돌아온다,연극,제주,제주문예회관,0.9738,2,1063.0,531.5,0.0,0.0,3,828,0.7356971028135132,0.6962360108775233,0.18641360301676208,71.96511444076148,68.21443909355956,0.7391304347826086,True
"우다다다페스티벌, 7080데이! [영덕]",대중음악,영남,예주문화예술회관,1.2637,1,671.0,671.0,0.0,0.0,4,531,0.8992913921137956,0.49459261583516373,0.18641360301676208,70.80098718092452,68.20543781052933,0.9512195121951219,True
"학원설립24주년 오주신무용학원&주신무용단 우리들의 춤마당 20번째이야기, 바람이 분다",무용(서양/한국무용),영남,강동문화복지회관,1.0,1,667.0,667.0,0.0,0.0,6,667,0.8992913921137956,0.4939232297876791,0.18641360301676208,70.7626425327743,68.1670931623791,0.9502439024390243,True
제154회 군산시립교향악단 정기연주회: 군산시민을 위한 송년음악회,서양음악(클래식),호남,군산예술의전당,0.9442,1,1133.0,1133.0,0.0,0.0,4,1200,0.690814245371823,0.552725917791026,0.18641360301676208,63.185976638077875,68.13272213752543,0.8763157894736842,True
제38회 목포시립연극단 정기공연: 보물섬,뮤지컬,호남,목포문화예술회관,0.86315,2,1205.0,602.5,0.0,0.0,6,698,0.5823397134190984,0.7133537286894676,0.18641360301676208,63.15792006990916,68.10466556935673,0.8736842105263158,True
제27회 춘천시립청소년합창단 정기연주회,서양음악(클래식),기타,춘천문화예술회관,0.9894,1,930.0,930.0,0.0,0.0,3,940,0.774422131576195,0.5270382282188055,0.18641360301676208,66.39318461189767,68.08111303595577,0.899390243902439,True
"춘천시립교향악단 특별연주회, 신년음악회",서양음악(클래식),기타,춘천문화예술회관,0.9894,1,930.0,930.0,0.0,0.0,3,940,0.774422131576195,0.5270382282188055,0.18641360301676208,66.39318461189767,68.08111303595577,0.899390243902439,True
"춘천시립교향악단 특별연주회, 춘천문화예술회관 개관 30주년 기념음악회",서양음악(클래식),기타,춘천문화예술회관,0.9894,1,930.0,930.0,0.0,0.0,3,940,0.774422131576195,0.5270382282188055,0.18641360301676208,66.39318461189767,68.08111303595577,0.899390243902439,True
온세대합창페스티벌 송년음악회,서양음악(클래식),기타,춘천문화예술회관,0.9894,1,930.0,930.0,0.0,0.0,3,940,0.774422131576195,0.5270382282188055,0.18641360301676208,66.39318461189767,68.08111303595577,0.899390243902439,True
"춘천시립예술단 송년음악회, ADIEU 2023: 헨델, 메시아",서양음악(클래식),기타,춘천문화예술회관,0.9894,1,930.0,930.0,0.0,0.0,3,940,0.774422131576195,0.5270382282188055,0.18641360301676208,66.39318461189767,68.08111303595577,0.899390243902439,True
춘천시립교향악단 신년음악회,서양음악(클래식),기타,춘천문화예술회관,0.9894,1,930.0,930.0,0.0,0.0,3,940,0.774422131576195,0.5270382282188055,0.18641360301676208,66.39318461189767,68.08111303595577,0.899390243902439,True
내일은 슈퍼스타 [삼척],뮤지컬,기타,삼척문화예술회관,0.9893,1,922.0,922.0,0.0,0.0,3,932,0.7739383955653174,0.5262184917895618,0.18641360301676208,66.32698831453392,68.01491673859202,0.8780487804878049,True
목 짧은 기린 지피 [인천],뮤지컬,경인,인천학생교육문화회관,0.9865,2,1168.0,584.0,0.0,0.0,5,592,0.7629170588850539,0.7064964438866227,0.18641360301676208,73.98273589992137,67.98273589992137,0.916590284142988,True
"정크, 클라운 [김천]",연극,영남,김천시립율곡도서관,0.9698,2,900.0,450.0,0.0,0.0,2,464,0.7295131262420249,0.6712111703796674,0.18641360301676208,70.56080657885761,67.96525720846242,0.9492682926829268,True
"전남도립어린이국악단 정기공연, 사람이 되고 싶은 도깨비",뮤지컬,호남,남도소리울림터,0.9892,1,552.0,552.0,0.0,0.0,1,558,0.7737292124254785,0.4628830666248301,0.18641360301676208,63.00019792821817,67.94694342766573,0.8710526315789474,True
제5회 꿈의 오케스트라 중구 정기연주회,서양음악(클래식),서울,충무아트센터,0.9288,1,1161.0,1161.0,0.0,0.0,7,1250,0.6666143708817069,0.5546739357807761,0.18641360301676208,61.93553689653094,67.93553689653095,0.8127272727272727,True
캣,뮤지컬,경인,한중문화관,1.0,2,400.0,200.0,0.0,0.0,5,200,0.8992913921137956,0.5498235017257609,0.18641360301676208,73.86344879281398,67.86344879281398,0.9156736938588451,True
"Gwangju WASBE Festival Wind Orchestra?, WASBE 성공기원 D-50 기념 공연",서양음악(클래식),서울,연세대학교 백주년기념관,0.9505,1,788.0,788.0,0.0,0.0,7,829,0.7018617299445664,0.5110187218910156,0.18641360301676208,61.81952475787752,67.81952475787752,0.8118181818181818,True
"제31회 젊은연극제, 오장군의 발톱",연극,서울,서강대 메리홀,0.8178,4,1400.0,350.0,0.0,0.0,1,428,0.5366854931492522,0.7630294948227173,0.18641360301676208,61.78007683851553,67.78007683851553,0.8109090909090909,True
루루섬의 비밀 [대구],연극,영남,대구서구문화회관,0.969,2,876.0,438.0,0.0,0.0,3,452,0.7284149147578706,0.6679609873444201,0.18641360301676208,70.36030882593428,67.76475945553909,0.9482926829268292,True
제15회 서울글로리아합창단 나라사랑 정기연주회,서양음악(클래식),서울,세종문화회관,0.9754,1,594.0,594.0,0.0,0.0,3,609,0.7377104905344629,0.47198253320782346,0.18641360301676208,61.70238430191765,67.70238430191765,0.81,True
"제18회 루미아 플룻 콰이어 정기연주회: 해피콘서트 짬쏭, 모두모여樂 [여수]",서양음악(클래식),호남,예울마루,1.0,1,302.0,302.0,0.0,0.0,7,302,0.8992913921137956,0.36578809747934315,0.18641360301676208,62.75265278099005,67.6993982804376,0.8618421052631579,True
여수오케스트라 정기연주회,서양음악(클래식),호남,예울마루,1.0,1,302.0,302.0,0.0,0.0,7,302,0.8992913921137956,0.36578809747934315,0.18641360301676208,62.75265278099005,67.6993982804376,0.8618421052631579,True
탈북민과 함께 부르는 통일기원 음악회 [여수],서양음악(클래식),호남,예울마루,1.0,1,302.0,302.0,0.0,0.0,7,302,0.8992913921137956,0.36578809747934315,0.18641360301676208,62.75265278099005,67.6993982804376,0.8618421052631579,True
상반기 어린이뮤지컬 종강발표회,뮤지컬,호남,예울마루,1.0,1,302.0,302.0,0.0,0.0,7,302,0.8992913921137956,0.36578809747934315,0.18641360301676208,62.75265278099005,67.6993982804376,0.8618421052631579,True
"제4회 이음 스트링 챔버 오케스트라 정기연주회, 낭만을 꽃 피우다",서양음악(클래식),호남,예울마루,1.0,1,302.0,302.0,0.0,0.0,7,302,0.8992913921137956,0.36578809747934315,0.18641360301676208,62.75265278099005,67.6993982804376,0.8618421052631579,True
제2회 여수·남해 음악협회 교류연주회,서양음악(클래식),호남,예울마루,1.0,1,302.0,302.0,0.0,0.0,7,302,0.8992913921137956,0.36578809747934315,0.18641360301676208,62.75265278099005,67.6993982804376,0.8618421052631579,True
국립오페라단 마술피리 [예주],서양음악(클래식),영남,예주문화예술회관,1.1638,1,618.0,618.0,0.0,0.0,4,531,0.8992913921137956,0.48350329463445246,0.18641360301676208,70.16168927748824,67.56613990709305,0.9463414634146341,True
반짝반짝 페리오 [영덕],뮤지컬,영남,예주문화예술회관,1.1638,1,618.0,618.0,0.0,0.0,4,531,0.8992913921137956,0.48350329463445246,0.18641360301676208,70.16168927748824,67.56613990709305,0.9463414634146341,True
영덕군 신년음악회,한국음악(국악),영남,예주문화예술회관,1.1638,1,618.0,618.0,0.0,0.0,4,531,0.8992913921137956,0.48350329463445246,0.18641360301676208,70.16168927748824,67.56613990709305,0.9463414634146341,True
라이어 3탄: 튀어 [대구],연극,영남,대구서구문화회관,0.9668,2,874.0,437.0,0.0,0.0,3,452,0.7239044033050936,0.6676341386884217,0.18641360301676208,70.08484953327348,67.4893001628783,0.9429268292682926,True
더 템페스트 [대구],뮤지컬,영남,대구서구문화회관,0.9668,2,874.0,437.0,0.0,0.0,3,452,0.7239044033050936,0.6676341386884217,0.18641360301676208,70.08484953327348,67.4893001628783,0.9429268292682926,True
더 템페스트 [대구],뮤지컬,영남,대구서구문화회관,0.9668,2,874.0,437.0,0.0,0.0,3,452,0.7239044033050936,0.6676341386884217,0.18641360301676208,70.08484953327348,67.4893001628783,0.9429268292682926,True
셜록홈즈 시즌3: 마지막 인사 [대구],뮤지컬,영남,대구서구문화회관,0.9668,2,874.0,437.0,0.0,0.0,3,452,0.7239044033050936,0.6676341386884217,0.18641360301676208,70.08484953327348,67.4893001628783,0.9429268292682926,True
"대진대학교 연기예술학과 하계워크숍, ㅋㅐ-ㅂ",뮤지컬,경인,대진대학교,1.36,4,272.0,68.0,0.0,0.0,6,50,0.8992913921137956,0.5411580901579333,0.18641360301676208,73.3955829120206,67.3955829120206,0.9147571035747021,True
"셜록홈즈 시즌2, 네 사람의 서명",뮤지컬,영남,대구서구문화회관,0.9657,2,873.0,436.5,0.0,0.0,3,452,0.7215118711431858,0.6675217027507583,0.18641360301676208,69.94106558335619,67.345516212961,0.9404878048780487,True
"도립교향악단과 함께하는 해설이 있는 오페라, 사랑의 묘약 [영덕]",서양음악(클래식),영남,예주문화예술회관,1.1356,1,603.0,603.0,0.0,0.0,4,531,0.8992913921137956,0.479679165359272,0.18641360301676208,69.9391909391124,67.3436415687172,0.9395121951219512,True
제 23회 하남필하모니 오케스트라 정기연주회,서양음악(클래식),경인,하남문화예술회관,1.0977,1,1000.0,1000.0,0.0,0.0,4,911,0.8992913921137956,0.538463549837883,0.18641360301676208,73.24918313291995,67.24918313291995,0.9138405132905592,True
제88회 익산시립합창단 정기연주회 [익산],서양음악(클래식),호남,익산예술의전당,0.9326,1,1121.0,1121.0,0.0,0.0,8,1202,0.6737658194749503,0.5515427256563121,0.18641360301676208,62.192361764193706,67.13910726364126,0.8407894736842105,True
제22회 익산시립풍물단 정기공연,한국음악(국악),호남,익산예술의전당,0.9326,1,1121.0,1121.0,0.0,0.0,8,1202,0.6737658194749503,0.5515427256563121,0.18641360301676208,62.192361764193706,67.13910726364126,0.8407894736842105,True
프렌쥬 클래식 사파리 [익산],서양음악(클래식),호남,익산예술의전당,0.9326,1,1121.0,1121.0,0.0,0.0,8,1202,0.6737658194749503,0.5515427256563121,0.18641360301676208,62.192361764193706,67.13910726364126,0.8407894736842105,True
제87회 익산시립합창단 정기연주회,서양음악(클래식),호남,익산예술의전당,0.9326,1,1121.0,1121.0,0.0,0.0,8,1202,0.6737658194749503,0.5515427256563121,0.18641360301676208,62.192361764193706,67.13910726364126,0.8407894736842105,True
제85회 익산시립합창단 정기연주회: 새로운 시작,서양음악(클래식),호남,익산예술의전당,0.9326,1,1121.0,1121.0,0.0,0.0,8,1202,0.6737658194749503,0.5515427256563121,0.18641360301676208,62.192361764193706,67.13910726364126,0.8407894736842105,True
"제86회 익산시립합창단 정기연주회, 함께",서양음악(클래식),호남,익산예술의전당,0.9326,1,1121.0,1121.0,0.0,0.0,8,1202,0.6737658194749503,0.5515427256563121,0.18641360301676208,62.192361764193706,67.13910726364126,0.8407894736842105,True
굿GOOD보러가자 [익산],한국음악(국악),호남,익산예술의전당,0.9326,1,1121.0,1121.0,0.0,0.0,8,1202,0.6737658194749503,0.5515427256563121,0.18641360301676208,62.192361764193706,67.13910726364126,0.8407894736842105,True
제46회 익산시립무용단 정기공연,무용(서양/한국무용),호남,익산예술의전당,0.9326,1,1121.0,1121.0,0.0,0.0,8,1202,0.6737658194749503,0.5515427256563121,0.18641360301676208,62.192361764193706,67.13910726364126,0.8407894736842105,True
"전북특별자치도립국악원 관현악단, 국악콘서트 락 [익산]",한국음악(국악),호남,익산예술의전당,0.9326,1,1121.0,1121.0,0.0,0.0,8,1202,0.6737658194749503,0.5515427256563121,0.18641360301676208,62.192361764193706,67.13910726364126,0.8407894736842105,True
제21회 익산시립풍물단 정기공연,한국음악(국악),호남,익산예술의전당,0.9326,1,1121.0,1121.0,0.0,0.0,8,1202,0.6737658194749503,0.5515427256563121,0.18641360301676208,62.192361764193706,67.13910726364126,0.8407894736842105,True
"청소년 여름 음악회: 천재적인 클래식 음악가들, 한국사를 만나다!",서양음악(클래식),서울,강동아트센터,0.9412,1,800.0,800.0,0.0,0.0,7,850,0.6875719067043197,0.5126058989645434,0.18641360301676208,61.13702675126913,67.13702675126913,0.8090909090909091,True
대구학생문화센터 송년음악회,서양음악(클래식),영남,대구학생문화센터,0.9985,1,1367.0,1367.0,0.0,0.0,2,1369,0.7976937558832758,0.5694827946867482,0.18641360301676208,69.70981955709361,67.11427018669842,0.9385365853658536,True
마고할망이 들려주는 자청비이야기,뮤지컬,제주,서귀포예술의전당,0.9439,2,1514.0,757.0,0.0,0.0,5,802,0.6899121430812677,0.736923438970819,0.18641360301676208,70.8345634073075,67.08388806010558,0.7282608695652174,True
푸르른 날에,연극,경인,대진대학교,1.25,4,250.0,62.5,0.0,0.0,6,50,0.8992913921137956,0.5350852421294844,0.18641360301676208,73.06501051123627,67.06501051123627,0.9129239230064161,True
골든마스크: 팔공산 오딧세이 ep.1 [대구],뮤지컬,영남,아양아트센터,0.91945,2,2043.0,1021.5,0.0,0.0,6,1111,0.6538803472440121,0.7648846877941637,0.18641360301676208,69.62053519226272,67.02498582186753,0.937560975609756,True
건군 75주년 한미동맹 70주년 공군정기음악회,서양음악(클래식),서울,블루스퀘어,0.9111,1,1251.0,1251.0,0.0,0.0,6,1373,0.643355820520866,0.5626856500366071,0.18641360301676208,60.97854766751827,66.97854766751827,0.8081818181818182,True
영덕군 신춘음악회,서양음악(클래식),영남,예주문화예술회관,1.1262,1,598.0,598.0,0.0,0.0,4,531,0.8992913921137956,0.4729526200188265,0.18641360301676208,69.54522493438515,66.94967556398996,0.9365853658536586,True
시대를 초월한 고전 AURA,한국음악(국악),서울,세종문화회관,0.9887,1,438.0,438.0,0.0,0.0,3,443,0.7722518565003661,0.4271258236586132,0.18641360301676208,60.936528375090795,66.9365283750908,0.8068181818181818,True
바로크비올리스트 장민경의 The Bach II,서양음악(클래식),서울,세종문화회관,0.9887,1,438.0,438.0,0.0,0.0,3,443,0.7722518565003661,0.4271258236586132,0.18641360301676208,60.936528375090795,66.9365283750908,0.8068181818181818,True
"셜록홈즈 시즌2, 네 사람의 서명 [대구]",뮤지컬,영남,대구서구문화회관,0.9602,2,868.0,434.0,0.0,0.0,3,452,0.7141904612488233,0.6668523167032737,0.18641360301676208,69.48647695149135,66.89092758109616,0.935609756097561,True
"제9회 대한민국장애인국제무용제, KIADA",무용(서양/한국무용),서울,아르코예술극장,0.78,5,1899.0,379.8,0.0,0.0,2,600,0.5045889551302165,0.8034253739148625,0.18641360301676208,60.777224235583695,66.7772242355837,0.8054545454545454,True
함께하는 공감콘서트1,서양음악(클래식),경인,인천서구문화회관,1.0,1,951.0,951.0,0.0,0.0,4,951,0.8992913921137956,0.5294451417215773,0.18641360301676208,72.75597228688912,66.75597228688912,0.9120073327222732,True
제23회 대구시립교향악단 대학생 협주곡의 밤,서양음악(클래식),영남,대구콘서트하우스,0.9953,1,1278.0,1278.0,0.0,0.0,7,1284,0.7939676812048949,0.5655553812362724,0.18641360301676208,69.32210637143903,66.72655700104384,0.9346341463414635,True
더 템페스트 [대구],뮤지컬,영남,대구서구문화회관,0.958,2,866.0,433.0,0.0,0.0,3,452,0.7096276540110867,0.6665097793117876,0.18641360301676208,69.20555076450233,66.61000139410714,0.9331707317073171,True
더 템페스트 [대구],뮤지컬,영남,대구서구문화회관,0.958,2,866.0,433.0,0.0,0.0,3,452,0.7096276540110867,0.6665097793117876,0.18641360301676208,69.20555076450233,66.61000139410714,0.9331707317073171,True
빨강머리 앤 [철원],뮤지컬,기타,철원군 화강문화센터,1.0345,1,360.0,360.0,0.0,0.0,6,348,0.8992913921137956,0.39687663424328,0.18641360301676208,64.83394888009553,66.52187730415363,0.8719512195121951,True
"제21회 포천시립민속예술단 정기공연: 물, 하늘을 그리다",한국음악(국악),경인,포천반월아트홀,1.0,1,910.0,910.0,0.0,0.0,1,910,0.8992913921137956,0.52499346302688,0.18641360301676208,72.5106536620567,66.5106536620567,0.9110907424381302,True
라라라온 [프리즘홀],대중음악,서울,프리즘홀(프리즘플러스),0.9375,3,225.0,75.0,0.0,0.0,1,80,0.681270264616672,0.5060872293693128,0.18641360301676208,60.489753064543216,66.48975306454321,0.8045454545454546,True
"함께, 노닐다 [철원]",한국음악(국악),기타,철원군 화강문화센터,1.0287,1,358.0,358.0,0.0,0.0,6,348,0.8992913921137956,0.3962020186172994,0.18641360301676208,64.78984417310653,66.47777259716463,0.8658536585365854,True
더 클라운 [대구],뮤지컬,영남,대구서구문화회관,0.95465,2,863.0,431.5,0.0,0.0,3,452,0.7062022800962242,0.6661933898127811,0.18641360301676208,68.9918192313002,66.39626986090501,0.9317073170731708,True
"제31회 젊은연극제, 정의의 사람들",연극,서울,공간아울,0.82365,6,850.0,141.67,0.0,0.0,2,172,0.5412875222257086,0.7116083568664365,0.18641360301676208,60.388358604494755,66.38835860449475,0.8036363636363636,True
바리톤 김승철 독창회,서양음악(클래식),영남,수성아트피아,0.9801,2,590.0,295.0,0.0,0.0,3,301,0.7496992992364815,0.6058362096015062,0.18641360301676208,68.84530901285792,66.24975964246273,0.9307317073170732,True
"제5회 청소년뮤지컬단 정기공연, 비빔밥 season2",뮤지컬,경인,인천학생교육문화회관,0.973,2,1152.0,576.0,0.0,0.0,5,592,0.7342589687271206,0.705081842903462,0.18641360301676208,72.24459626506714,66.24459626506714,0.9101741521539871,True
"니나노 판서트, 유희스카 [고창]",한국음악(국악),호남,고창문화의전당,0.9648,1,603.0,603.0,0.0,0.0,2,625,0.7203744378203116,0.479679165359272,0.18641360301676208,61.223100324840495,66.16984582428806,0.8263157894736842,True
"대진대학교 연기예술학과, FAME",뮤지컬,경인,대진대학교,1.035,4,207.0,51.75,0.0,0.0,6,50,0.8992913921137956,0.5180355088379877,0.18641360301676208,72.12470895897391,66.12470895897391,0.9092575618698442,True
"꿈의 댄스팀 논산, 우리가 초록의 내일을 춤출때",무용(서양/한국무용),충청,논산아트센터(구. 논산문화예술회관),1.0,1,560.0,560.0,0.0,0.0,5,560,0.8992913921137956,0.4648585399016839,0.18641360301676208,69.06668114108213,66.09366279606624,0.9269406392694064,True
"대진대학교 연기예술학과, 자줏빛 여름",뮤지컬,경인,대진대학교,1.015,4,203.0,50.75,0.0,0.0,6,50,0.8992913921137956,0.5168183244430499,0.18641360301676208,72.05687497649663,66.05687497649663,0.9083409715857012,True
"광주시립창극단 특별공연, 국립광주박물관과 함께하는 판소리 감상회 (5월)",한국음악(국악),호남,국립광주박물관,1.0,1,266.0,266.0,0.0,0.0,2,266,0.8992913921137956,0.3421255621796883,0.18641360301676208,61.09623829384776,66.04298379329532,0.8223684210526315,True
"광주시립창극단 특별공연, 국립광주박물관과 함께하는 판소리 감상회 (4월)",한국음악(국악),호남,국립광주박물관,1.0,1,266.0,266.0,0.0,0.0,2,266,0.8992913921137956,0.3421255621796883,0.18641360301676208,61.09623829384776,66.04298379329532,0.8223684210526315,True
애국지사 박희광을 기리며: 공모 [구미],서양음악(클래식),영남,구미시문화예술회관,0.9932,1,1175.0,1175.0,0.0,0.0,1,1183,0.790228532580274,0.5555054387616358,0.18641360301676208,68.63204666103296,66.03649729063777,0.9297560975609757,True
아홉 그리고...,서양음악(클래식),서울,금호아트홀 연세,0.9897,1,386.0,386.0,0.0,0.0,1,390,0.7765924066520239,0.4073540947599624,0.18641360301676208,59.9935717093754,65.9935717093754,0.8022727272727272,True
피아니스트 김현정 글로리 & 진강우 피아노 듀오 리사이틀,서양음악(클래식),서울,금호아트홀 연세,0.9897,1,386.0,386.0,0.0,0.0,1,390,0.7765924066520239,0.4073540947599624,0.18641360301676208,59.9935717093754,65.9935717093754,0.8022727272727272,True
한 여름 밤의 꿈 [안산],연극,경인,안산문화예술의전당,1.1286,2,316.0,158.0,0.0,0.0,6,140,0.8992913921137956,0.5155266185545444,0.18641360301676208,71.98478297252572,65.98478297252572,0.9074243813015582,True
유난히 아름다웠던 그 시절 [철원],대중음악,기타,철원군 화강문화센터,1.0086,1,351.0,351.0,0.0,0.0,6,348,0.8992913921137956,0.3876398912247673,0.18641360301676208,64.22611418368906,65.91404260774716,0.8597560975609756,True
국립남도국악원 개원 20주년 기념 해외동포 및 국악단체 특별 초청공연: 한국을 가슴에 품다 [서울],한국음악(국악),서울,국립국악원,1.0,1,231.0,231.0,0.0,0.0,7,231,0.8992913921137956,0.32507713628281565,0.18641360301676208,59.85974079954393,65.85974079954393,0.8009090909090909,True
마술사 최현우의 스페셜 매직쇼 [대구],서커스/마술,영남,신세계 문화홀 8층 [대구],1.1444,1,515.0,515.0,0.0,0.0,10,450,0.8992913921137956,0.454290869155946,0.18641360301676208,68.4343056312961,65.83875626090091,0.9287804878048781,True
가방 들어주는 아이,뮤지컬,영남,함안문화예술회관,1.0,1,510.0,510.0,0.0,0.0,5,510,0.8992913921137956,0.45272461039640205,0.18641360301676208,68.33983144690934,65.74428207651415,0.9185365853658537,True
가을밤의 랩소디,서양음악(클래식),영남,함안문화예술회관,1.0,1,510.0,510.0,0.0,0.0,5,510,0.8992913921137956,0.45272461039640205,0.18641360301676208,68.33983144690934,65.74428207651415,0.9185365853658537,True
그대는 봄 [함안],연극,영남,함안문화예술회관,1.0,1,510.0,510.0,0.0,0.0,5,510,0.8992913921137956,0.45272461039640205,0.18641360301676208,68.33983144690934,65.74428207651415,0.9185365853658537,True
"제11회 아라가야 함안청소년오케스트라 정기연주회, 우리들의 꿈",서양음악(클래식),영남,함안문화예술회관,1.0,1,510.0,510.0,0.0,0.0,5,510,0.8992913921137956,0.45272461039640205,0.18641360301676208,68.33983144690934,65.74428207651415,0.9185365853658537,True
동행 [함안],연극,영남,함안문화예술회관,1.0,1,510.0,510.0,0.0,0.0,5,510,0.8992913921137956,0.45272461039640205,0.18641360301676208,68.33983144690934,65.74428207651415,0.9185365853658537,True
썸데이 [함안],뮤지컬,영남,함안문화예술회관,1.0,1,510.0,510.0,0.0,0.0,5,510,0.8992913921137956,0.45272461039640205,0.18641360301676208,68.33983144690934,65.74428207651415,0.9185365853658537,True
"제20회 함안예술제, 버블서커스벌룬쇼: 시간여행자 [함안]",서커스/마술,영남,함안문화예술회관,1.0,1,510.0,510.0,0.0,0.0,5,510,0.8992913921137956,0.45272461039640205,0.18641360301676208,68.33983144690934,65.74428207651415,0.9185365853658537,True
아라가야합창제,서양음악(클래식),영남,함안문화예술회관,1.0,1,510.0,510.0,0.0,0.0,5,510,0.8992913921137956,0.45272461039640205,0.18641360301676208,68.33983144690934,65.74428207651415,0.9185365853658537,True
제페토 할아버지 [함안],뮤지컬,영남,함안문화예술회관,1.0,1,510.0,510.0,0.0,0.0,5,510,0.8992913921137956,0.45272461039640205,0.18641360301676208,68.33983144690934,65.74428207651415,0.9185365853658537,True
제5회 가야100인 패밀리 합창단 정기연주회,서양음악(클래식),영남,함안문화예술회관,1.0,1,510.0,510.0,0.0,0.0,5,510,0.8992913921137956,0.45272461039640205,0.18641360301676208,68.33983144690934,65.74428207651415,0.9185365853658537,True
제8회 함안윈드오케스트라 정기연주회,서양음악(클래식),영남,함안문화예술회관,1.0,1,510.0,510.0,0.0,0.0,5,510,0.8992913921137956,0.45272461039640205,0.18641360301676208,68.33983144690934,65.74428207651415,0.9185365853658537,True
숨; breath,무용(서양/한국무용),영남,함안문화예술회관,1.0,1,510.0,510.0,0.0,0.0,5,510,0.8992913921137956,0.45272461039640205,0.18641360301676208,68.33983144690934,65.74428207651415,0.9185365853658537,True
친절한 돼지씨 [함안],뮤지컬,영남,함안문화예술회관,1.0,1,510.0,510.0,0.0,0.0,5,510,0.8992913921137956,0.45272461039640205,0.18641360301676208,68.33983144690934,65.74428207651415,0.9185365853658537,True
가을밤의 랩소디 with 함안 영아티스트 [함안],서양음악(클래식),영남,함안문화예술회관,1.0,1,510.0,510.0,0.0,0.0,5,510,0.8992913921137956,0.45272461039640205,0.18641360301676208,68.33983144690934,65.74428207651415,0.9185365853658537,True
제12회 아라가야 합창제 [함안],서양음악(클래식),영남,함안문화예술회관,1.0,1,510.0,510.0,0.0,0.0,5,510,0.8992913921137956,0.45272461039640205,0.18641360301676208,68.33983144690934,65.74428207651415,0.9185365853658537,True
함안 스트리트 댄스 페스티벌 (HSDF),대중무용,영남,함안문화예술회관,1.0,1,510.0,510.0,0.0,0.0,5,510,0.8992913921137956,0.45272461039640205,0.18641360301676208,68.33983144690934,65.74428207651415,0.9185365853658537,True
제23회 함안군여성합창단 정기연주회 및 송년음악회,서양음악(클래식),영남,함안문화예술회관,1.0,1,510.0,510.0,0.0,0.0,5,510,0.8992913921137956,0.45272461039640205,0.18641360301676208,68.33983144690934,65.74428207651415,0.9185365853658537,True
마법의 성: 한비의 모험 [함안],무용(서양/한국무용),영남,함안문화예술회관,1.0,1,510.0,510.0,0.0,0.0,5,510,0.8992913921137956,0.45272461039640205,0.18641360301676208,68.33983144690934,65.74428207651415,0.9185365853658537,True
아라가야 청소년오케스트라,서양음악(클래식),영남,함안문화예술회관,1.0,1,510.0,510.0,0.0,0.0,5,510,0.8992913921137956,0.45272461039640205,0.18641360301676208,68.33983144690934,65.74428207651415,0.9185365853658537,True
소원을 들어주는 솟대버나,한국음악(국악),영남,함안문화예술회관,1.0,1,510.0,510.0,0.0,0.0,5,510,0.8992913921137956,0.45272461039640205,0.18641360301676208,68.33983144690934,65.74428207651415,0.9185365853658537,True
제3회 전남동부극동방송 어린이합창단 정기연주회,서양음악(클래식),호남,예울마루,0.9285,1,948.0,948.0,0.0,0.0,7,1021,0.6657645643761113,0.5290293902311474,0.18641360301676208,60.7273493827761,65.67409488222366,0.8157894736842105,True
제13회 여수심포니오케스트라 정기연주회,서양음악(클래식),호남,예울마루,0.9285,1,948.0,948.0,0.0,0.0,7,1021,0.6657645643761113,0.5290293902311474,0.18641360301676208,60.7273493827761,65.67409488222366,0.8157894736842105,True
영호남 4개도시 청소년 교류음악회 [여수],서양음악(클래식),호남,예울마루,0.9285,1,948.0,948.0,0.0,0.0,7,1021,0.6657645643761113,0.5290293902311474,0.18641360301676208,60.7273493827761,65.67409488222366,0.8157894736842105,True
바다로 간 쓰레기 [인천],뮤지컬,경인,인천동구문화체육센터,0.9471,3,1298.0,432.67,0.0,0.0,1,495,0.6958215667817174,0.7484912666039117,0.18641360301676208,71.64294438744389,65.64294438744389,0.9065077910174152,True
마술피리 [부산 동래],서양음악(클래식),영남,동래문화회관,1.0,1,505.0,505.0,0.0,0.0,5,505,0.8992913921137956,0.4508785691873235,0.18641360301676208,68.22822911174215,65.63267974134696,0.9053658536585366,True
"우리동래 음악대장 성과발표회2, 토요일반",서양음악(클래식),영남,동래문화회관,1.0,1,505.0,505.0,0.0,0.0,5,505,0.8992913921137956,0.4508785691873235,0.18641360301676208,68.22822911174215,65.63267974134696,0.9053658536585366,True
리멤버 1919 [부산],뮤지컬,영남,동래문화회관,1.0,1,505.0,505.0,0.0,0.0,5,505,0.8992913921137956,0.4508785691873235,0.18641360301676208,68.22822911174215,65.63267974134696,0.9053658536585366,True
늙은 부부 이야기 [부산 동래],연극,영남,동래문화회관,1.0,1,505.0,505.0,0.0,0.0,5,505,0.8992913921137956,0.4508785691873235,0.18641360301676208,68.22822911174215,65.63267974134696,0.9053658536585366,True
"크리스탈합창단 연주회, 꿈을 꾼다",서양음악(클래식),영남,동래문화회관,1.0,1,505.0,505.0,0.0,0.0,5,505,0.8992913921137956,0.4508785691873235,0.18641360301676208,68.22822911174215,65.63267974134696,0.9053658536585366,True
"우리동래 음악대장 성과발표회1, 화요일반",서양음악(클래식),영남,동래문화회관,1.0,1,505.0,505.0,0.0,0.0,5,505,0.8992913921137956,0.4508785691873235,0.18641360301676208,68.22822911174215,65.63267974134696,0.9053658536585366,True
드보르작 신세계로부터,서양음악(클래식),영남,동래문화회관,1.0,1,505.0,505.0,0.0,0.0,5,505,0.8992913921137956,0.4508785691873235,0.18641360301676208,68.22822911174215,65.63267974134696,0.9053658536585366,True
"셜록홈즈 시즌1, 바스커빌가의 개",뮤지컬,영남,대구서구문화회관,0.9447,2,854.0,427.0,0.0,0.0,3,452,0.6927361154690932,0.6650154272565632,0.18641360301676208,68.15118098970387,65.55563161930868,0.9014634146341464,True
Inspire (영감) : 빛과 소리 [성남],무용(서양/한국무용),경인,성남아트센터,0.9868,2,746.0,373.0,0.0,0.0,7,378,0.7646951155736847,0.6466713732873131,0.18641360301676208,71.50994502276534,65.50994502276534,0.9046746104491292,True
신데렐라의 꿈 [성남],연극,경인,성남아트센터,0.9868,2,746.0,373.0,0.0,0.0,7,378,0.7646951155736847,0.6466713732873131,0.18641360301676208,71.50994502276534,65.50994502276534,0.9046746104491292,True
우리 집 식구는 아무도 못 말려,연극,경인,성남아트센터,0.9868,2,746.0,373.0,0.0,0.0,7,378,0.7646951155736847,0.6466713732873131,0.18641360301676208,71.50994502276534,65.50994502276534,0.9046746104491292,True
"경숙이, 경숙아버지 [동해]",연극,기타,동해문화예술회관,0.88595,2,1010.0,505.0,0.0,0.0,3,570,0.6041993515322664,0.6899605166823554,0.18641360301676208,63.71443677811903,65.40236520217712,0.8536585365853658,True
"씨네스테이지, 호두까기 인형",무용(서양/한국무용),영남,울산중구문화의전당,1.0,1,499.0,499.0,0.0,0.0,4,499,0.8992913921137956,0.4466465327894572,0.18641360301676208,67.97134264377978,65.37579327338459,0.8863414634146342,True
"씨네스테이지, 카맨",뮤지컬,영남,울산중구문화의전당,1.0,1,499.0,499.0,0.0,0.0,4,499,0.8992913921137956,0.4466465327894572,0.18641360301676208,67.97134264377978,65.37579327338459,0.8863414634146342,True
"SAC on SCREEN, 춘향탈옥 [울산]",서양음악(클래식),영남,울산중구문화의전당,1.0,1,499.0,499.0,0.0,0.0,4,499,0.8992913921137956,0.4466465327894572,0.18641360301676208,67.97134264377978,65.37579327338459,0.8863414634146342,True
제11회 중구소년소녀합창단 정기연주회 [울산],서양음악(클래식),영남,울산중구문화의전당,1.0,1,499.0,499.0,0.0,0.0,4,499,0.8992913921137956,0.4466465327894572,0.18641360301676208,67.97134264377978,65.37579327338459,0.8863414634146342,True
"씨네스테이지, 아이다",서양음악(클래식),영남,울산중구문화의전당,1.0,1,499.0,499.0,0.0,0.0,4,499,0.8992913921137956,0.4466465327894572,0.18641360301676208,67.97134264377978,65.37579327338459,0.8863414634146342,True
"씨네스테이지, 시몬 보카네그라",서양음악(클래식),영남,울산중구문화의전당,1.0,1,499.0,499.0,0.0,0.0,4,499,0.8992913921137956,0.4466465327894572,0.18641360301676208,67.97134264377978,65.37579327338459,0.8863414634146342,True
"SAC on SCREEN, 보물섬 [울산]",연극,영남,울산중구문화의전당,1.0,1,499.0,499.0,0.0,0.0,4,499,0.8992913921137956,0.4466465327894572,0.18641360301676208,67.97134264377978,65.37579327338459,0.8863414634146342,True
"SAC ON SCREEN, 춤이 말하다 [울산]",무용(서양/한국무용),영남,울산중구문화의전당,1.0,1,499.0,499.0,0.0,0.0,4,499,0.8992913921137956,0.4466465327894572,0.18641360301676208,67.97134264377978,65.37579327338459,0.8863414634146342,True
"비엔나 뮤지컬 하이라이트, We Are Musical [울산]",뮤지컬,영남,울산중구문화의전당,1.0,1,499.0,499.0,0.0,0.0,4,499,0.8992913921137956,0.4466465327894572,0.18641360301676208,67.97134264377978,65.37579327338459,0.8863414634146342,True
스노우맨 [울산],뮤지컬,영남,울산중구문화의전당,1.0,1,499.0,499.0,0.0,0.0,4,499,0.8992913921137956,0.4466465327894572,0.18641360301676208,67.97134264377978,65.37579327338459,0.8863414634146342,True
고집쟁이 딸,무용(서양/한국무용),영남,울산중구문화의전당,1.0,1,499.0,499.0,0.0,0.0,4,499,0.8992913921137956,0.4466465327894572,0.18641360301676208,67.97134264377978,65.37579327338459,0.8863414634146342,True
더 스테이트 오페라 [울산],서양음악(클래식),영남,울산중구문화의전당,1.0,1,499.0,499.0,0.0,0.0,4,499,0.8992913921137956,0.4466465327894572,0.18641360301676208,67.97134264377978,65.37579327338459,0.8863414634146342,True
제21회 울산중구심포니오케스트라 기획연주회,서양음악(클래식),영남,울산중구문화의전당,1.0,1,499.0,499.0,0.0,0.0,4,499,0.8992913921137956,0.4466465327894572,0.18641360301676208,67.97134264377978,65.37579327338459,0.8863414634146342,True
중구소년소녀합창단 기획연주: 행복을 파는 가게,서양음악(클래식),영남,울산중구문화의전당,1.0,1,499.0,499.0,0.0,0.0,4,499,0.8992913921137956,0.4466465327894572,0.18641360301676208,67.97134264377978,65.37579327338459,0.8863414634146342,True
"씨네스테이지, 캣츠",뮤지컬,영남,울산중구문화의전당,1.0,1,499.0,499.0,0.0,0.0,4,499,0.8992913921137956,0.4466465327894572,0.18641360301676208,67.97134264377978,65.37579327338459,0.8863414634146342,True
제20회 울산중구심포니오케스트라 정기연주회,서양음악(클래식),영남,울산중구문화의전당,1.0,1,499.0,499.0,0.0,0.0,4,499,0.8992913921137956,0.4466465327894572,0.18641360301676208,67.97134264377978,65.37579327338459,0.8863414634146342,True
제26회 중구여성합창단 정기연주회,서양음악(클래식),영남,울산중구문화의전당,1.0,1,499.0,499.0,0.0,0.0,4,499,0.8992913921137956,0.4466465327894572,0.18641360301676208,67.97134264377978,65.37579327338459,0.8863414634146342,True
"씨네스테이지, BTS 월드투어: 러브 유어셀프",대중음악,영남,울산중구문화의전당,1.0,1,499.0,499.0,0.0,0.0,4,499,0.8992913921137956,0.4466465327894572,0.18641360301676208,67.97134264377978,65.37579327338459,0.8863414634146342,True
"중구소년소녀합창단 기획연주회, 소금꽃 [울산]",서양음악(클래식),영남,울산중구문화의전당,1.0,1,499.0,499.0,0.0,0.0,4,499,0.8992913921137956,0.4466465327894572,0.18641360301676208,67.97134264377978,65.37579327338459,0.8863414634146342,True
"씨네스테이지, 라 보엠",서양음악(클래식),영남,울산중구문화의전당,1.0,1,499.0,499.0,0.0,0.0,4,499,0.8992913921137956,0.4466465327894572,0.18641360301676208,67.97134264377978,65.37579327338459,0.8863414634146342,True
안드레아 셰니에 [울산],서양음악(클래식),영남,울산중구문화의전당,1.0,1,499.0,499.0,0.0,0.0,4,499,0.8992913921137956,0.4466465327894572,0.18641360301676208,67.97134264377978,65.37579327338459,0.8863414634146342,True
알제리의 이탈리아 여인,서양음악(클래식),영남,울산중구문화의전당,1.0,1,499.0,499.0,0.0,0.0,4,499,0.8992913921137956,0.4466465327894572,0.18641360301676208,67.97134264377978,65.37579327338459,0.8863414634146342,True
"중구여성합창단 기획연주회, 맛있는 음악회",서양음악(클래식),영남,울산중구문화의전당,1.0,1,499.0,499.0,0.0,0.0,4,499,0.8992913921137956,0.4466465327894572,0.18641360301676208,67.97134264377978,65.37579327338459,0.8863414634146342,True
"발달장애 합주단 뮤직팔레트: 느리지만, 우리는 여전히!",서양음악(클래식),영남,울산중구문화의전당,1.0,1,499.0,499.0,0.0,0.0,4,499,0.8992913921137956,0.4466465327894572,0.18641360301676208,67.97134264377978,65.37579327338459,0.8863414634146342,True
"아트 온 스크린, 잠 못 이루는 밤 & 어리숙한 두 사람 [울산]",서양음악(클래식),영남,울산중구문화의전당,1.0,1,499.0,499.0,0.0,0.0,4,499,0.8992913921137956,0.4466465327894572,0.18641360301676208,67.97134264377978,65.37579327338459,0.8863414634146342,True
"아트 온 스크린, 헨젤과 그레텔 [울산]",서양음악(클래식),영남,울산중구문화의전당,1.0,1,499.0,499.0,0.0,0.0,4,499,0.8992913921137956,0.4466465327894572,0.18641360301676208,67.97134264377978,65.37579327338459,0.8863414634146342,True
"씨네스테이지, 로미오와 줄리엣",무용(서양/한국무용),영남,울산중구문화의전당,1.0,1,499.0,499.0,0.0,0.0,4,499,0.8992913921137956,0.4466465327894572,0.18641360301676208,67.97134264377978,65.37579327338459,0.8863414634146342,True
"씨네스테이지, 레드 슈즈",뮤지컬,영남,울산중구문화의전당,1.0,1,499.0,499.0,0.0,0.0,4,499,0.8992913921137956,0.4466465327894572,0.18641360301676208,67.97134264377978,65.37579327338459,0.8863414634146342,True
제10회 중구소년소녀합창단 정기연주회,서양음악(클래식),영남,울산중구문화의전당,1.0,1,499.0,499.0,0.0,0.0,4,499,0.8992913921137956,0.4466465327894572,0.18641360301676208,67.97134264377978,65.37579327338459,0.8863414634146342,True
"제21회 울산중구심포니오케스트라 정기연주회: 모차르트와 베토벤, 두 거장의 만남",서양음악(클래식),영남,울산중구문화의전당,1.0,1,499.0,499.0,0.0,0.0,4,499,0.8992913921137956,0.4466465327894572,0.18641360301676208,67.97134264377978,65.37579327338459,0.8863414634146342,True
제47회 유나이티드 필하모닉 오케스트라와 함께하는 크리스마스 칸타타,서양음악(클래식),충청,천안시청 봉서홀,0.9953,1,1059.0,1059.0,0.0,0.0,2,1064,0.7939676812048949,0.5458398703064533,0.18641360301676208,68.34516507734165,65.37214673232576,0.9223744292237442,True
"제11회 추석맞이효사랑한마당, 진성 효콘서트 [서울 강동]",대중음악,서울,강동아트센터,0.9212,1,783.0,783.0,0.0,0.0,7,850,0.6563121012446397,0.5105480598263781,0.18641360301676208,59.35822411884125,65.35822411884125,0.8,True
송파구 신년인사회,서양음악(클래식),서울,롯데콘서트홀,0.8728,1,1777.0,1777.0,0.0,0.0,6,2036,0.5912299968622529,0.5953378307708399,0.18641360301676208,59.28697181391163,65.28697181391163,0.7990909090909091,True
"전국풍류자랑, 동백섬의 현양신화 [함양]",한국음악(국악),영남,함양문화예술회관,1.0,1,486.0,486.0,0.0,0.0,2,486,0.8992913921137956,0.44217524317540013,0.18641360301676208,67.69834179440215,65.10279242400696,0.871219512195122,True
급식왕 [서산],뮤지컬,충청,서산시문화회관,0.92845,2,1116.0,558.0,0.0,0.0,3,601,0.6653854199351532,0.701375379144441,0.18641360301676208,67.95543154450947,64.98241319949358,0.9178082191780822,True
"제868회 전남도립국악단 토요특별공연 국악캐롤 콘서트, 마굿간으로 가세",한국음악(국악),호남,남도소리울림터,0.9624,1,537.0,537.0,0.0,0.0,1,558,0.7168967681204895,0.4594498483422236,0.18641360301676208,60.00248244087258,64.94922794032014,0.8105263157894737,True
그녀들만의 공소시효 [안산],연극,경인,안산문화예술의전당,1.0,2,280.0,140.0,0.0,0.0,6,140,0.8992913921137956,0.4952907645643761,0.18641360301676208,70.8409462919019,64.8409462919019,0.9014665444546288,True
959-7 번지 [안산],연극,경인,안산문화예술의전당,1.0,2,280.0,140.0,0.0,0.0,6,140,0.8992913921137956,0.4952907645643761,0.18641360301676208,70.8409462919019,64.8409462919019,0.9014665444546288,True
제28회 안산청소년연극제,연극,경인,안산문화예술의전당,1.0,2,280.0,140.0,0.0,0.0,6,140,0.8992913921137956,0.4952907645643761,0.18641360301676208,70.8409462919019,64.8409462919019,0.9014665444546288,True
"제7회 연극인의 마을, 죽어서도 사는 나무 [안산]",연극,경인,안산문화예술의전당,1.0,2,280.0,140.0,0.0,0.0,6,140,0.8992913921137956,0.4952907645643761,0.18641360301676208,70.8409462919019,64.8409462919019,0.9014665444546288,True
갯골의 여자들 [경산],연극,영남,경산시민회관,0.8849,3,1938.0,646.0,0.0,0.0,3,730,0.60350643238155,0.7946919778265872,0.18641360301676208,67.3734324218237,64.7778830514285,0.8702439024390244,True
"제14회 대한민국 신인 음악제, 오은환 오보에 독주회",서양음악(클래식),서울,모차르트홀,1.0,1,201.0,201.0,0.0,0.0,2,201,0.8992913921137956,0.31050360840916225,0.18641360301676208,58.77151993440069,64.77151993440069,0.7981818181818182,True
한양대학교 무용예술학과 43주년 기념 졸업공연,무용(서양/한국무용),경인,안산문화예술의전당,0.9469,2,1356.0,678.0,0.0,0.0,6,716,0.6956254575881184,0.7255883275807969,0.18641360301676208,70.74591948577006,64.74591948577006,0.8991750687442713,True
"제10회 당진생활문화예술제, 열 번째 함께 빛나는 우리와 함께하는 폐막식 적재 특별 축하공연",대중음악,충청,당진문예의전당,0.993,1,994.0,994.0,0.0,0.0,5,1001,0.7901239410103545,0.5356565735801695,0.18641360301676208,67.63503332286687,64.66201497785099,0.91324200913242,True
르씨엘발레 정기공연,무용(서양/한국무용),영남,달서아트센터 (구. 웃는얼굴아트센터),1.011,1,460.0,460.0,0.0,0.0,6,455,0.8992913921137956,0.43477931178746987,0.18641360301676208,67.24311290646796,64.64756353607277,0.868780487804878,True
제1회 달서은빛합창단 정기공연,서양음악(클래식),영남,달서아트센터 (구. 웃는얼굴아트센터),1.011,1,460.0,460.0,0.0,0.0,6,455,0.8992913921137956,0.43477931178746987,0.18641360301676208,67.24311290646796,64.64756353607277,0.868780487804878,True
"국립남도국악원 어린이날 특별공연, 산중호걸 호랑님의 생일잔치",한국음악(국악),호남,국립남도국악원,0.8346,2,868.0,434.0,0.0,0.0,5,520,0.5544399121430813,0.6668523167032737,0.18641360301676208,59.69315827075786,64.63990377020542,0.8078947368421052,True
"전남도립어린이국악단 정기공연, 우리 같이 놀아볼래?",한국음악(국악),호남,남도소리울림터,0.9588,1,535.0,535.0,0.0,0.0,1,558,0.7106343478715615,0.45903540424641776,0.18641360301676208,59.665899200416995,64.61264469986456,0.8052631578947368,True
심포니 테일즈 Ⅱ: 가디언 테일즈 오케스트라,서양음악(클래식),서울,국립극장,0.8919,1,1089.0,1089.0,0.0,0.0,5,1221,0.6124359376634243,0.5481892584457693,0.18641360301676208,58.58799136165979,64.58799136165979,0.7972727272727272,True
비밀결혼,서양음악(클래식),충청,계룡문화예술의전당,0.91365,2,1312.0,656.0,0.0,0.0,2,718,0.6453561342955758,0.72303237109089,0.18641360301676208,67.53715501824313,64.56413667322724,0.908675799086758,True
HONEY BAM LIVE 1,대중음악,서울,롤링홀,1.0,1,200.0,200.0,0.0,0.0,0,200,0.8992913921137956,0.3075135969040895,0.18641360301676208,58.54448515225005,64.54448515225005,0.7959090909090909,True
HONEY BAM LIVE 2,대중음악,서울,롤링홀,1.0,1,200.0,200.0,0.0,0.0,0,200,0.8992913921137956,0.3075135969040895,0.18641360301676208,58.54448515225005,64.54448515225005,0.7959090909090909,True
"DSAC 문화나눔 프로젝트, 아모르 콘서트: 김경호",대중음악,영남,달서아트센터 (구. 웃는얼굴아트센터),1.0,1,455.0,455.0,0.0,0.0,6,455,0.8992913921137956,0.4329084300805355,0.18641360301676208,67.1272226764174,64.53167330602221,0.8668292682926829,True
월암 가을음악회 [대구],서양음악(클래식),영남,달서아트센터 (구. 웃는얼굴아트센터),1.0,1,455.0,455.0,0.0,0.0,6,455,0.8992913921137956,0.4329084300805355,0.18641360301676208,67.1272226764174,64.53167330602221,0.8668292682926829,True
KBS 교향악단 찾아가는 음악회 [옥천],서양음악(클래식),충청,옥천문화예술회관,1.0,1,478.0,478.0,0.0,0.0,3,478,0.8992913921137956,0.43894859324338464,0.18641360301676208,67.50030364353853,64.52728529852264,0.8972602739726028,True
굿 보러가자 [옥천],한국음악(국악),충청,옥천문화예술회관,1.0,1,478.0,478.0,0.0,0.0,3,478,0.8992913921137956,0.43894859324338464,0.18641360301676208,67.50030364353853,64.52728529852264,0.8972602739726028,True
황석정과 함께하는 향수길,연극,충청,옥천문화예술회관,1.0,1,478.0,478.0,0.0,0.0,3,478,0.8992913921137956,0.43894859324338464,0.18641360301676208,67.50030364353853,64.52728529852264,0.8972602739726028,True
행복드림 송년 콘서트 [옥천],대중음악,충청,옥천문화예술회관,1.0,1,478.0,478.0,0.0,0.0,3,478,0.8992913921137956,0.43894859324338464,0.18641360301676208,67.50030364353853,64.52728529852264,0.8972602739726028,True
서울대학교 나눔 가족음악회,서양음악(클래식),서울,롯데콘서트홀,0.8581,1,1747.0,1747.0,0.0,0.0,6,2036,0.5769401736220061,0.5946318376738835,0.18641360301676208,58.39527821462438,64.39527821462438,0.7940909090909091,True
적십자 가족 힐링음악회,서양음악(클래식),서울,롯데콘서트홀,0.8581,1,1747.0,1747.0,0.0,0.0,6,2036,0.5769401736220061,0.5946318376738835,0.18641360301676208,58.39527821462438,64.39527821462438,0.7940909090909091,True
괴물 [대학로],뮤지컬,서울,후암스테이지,0.8203,6,566.0,94.33,0.0,0.0,0,66,0.5391826168810794,0.6579829515741031,0.18641360301676208,58.388509061650964,64.38850906165096,0.7922727272727272,True
괴물 [대학로],뮤지컬,서울,후암스테이지,0.8203,6,566.0,94.33,0.0,0.0,0,115,0.5391826168810794,0.6579829515741031,0.18641360301676208,58.388509061650964,64.38850906165096,0.7922727272727272,True
광야의 꽃 이육사 [안동],서양음악(클래식),영남,안동문화예술의전당,0.9899,1,984.0,984.0,0.0,0.0,7,994,0.7779782449534568,0.5345309068089112,0.18641360301676208,66.95293197197991,64.35738260158472,0.8653658536585366,True
대한민국 동요대축제: 동요는 우리 꿈! 희망!,서양음악(클래식),영남,(재)영화의전당,0.9013,2,1516.0,758.0,0.0,0.0,8,841,0.6256798452044765,0.7370764041418261,0.18641360301676208,66.80612820391764,64.21057883352245,0.8634146341463415,True
"화승과 함께하는 미스터리 퍼포먼스, 스냅 [부산]",뮤지컬,영남,(재)영화의전당,0.9013,2,1516.0,758.0,0.0,0.0,8,841,0.6256798452044765,0.7370764041418261,0.18641360301676208,66.80612820391764,64.21057883352245,0.8634146341463415,True
"제51회 부산어린이날큰잔치 특별공연, 이벤져스 라이브",뮤지컬,영남,(재)영화의전당,0.9013,2,1516.0,758.0,0.0,0.0,8,841,0.6256798452044765,0.7370764041418261,0.18641360301676208,66.80612820391764,64.21057883352245,0.8634146341463415,True
제78회 크누아심포니오케스트라 정기연주회,서양음악(클래식),서울,롯데콘서트홀,0.8551,1,1741.0,1741.0,0.0,0.0,6,2036,0.5739070180943416,0.5944004288254366,0.18641360301676208,58.20182020413011,64.20182020413012,0.7909090909090909,True
봄의 노래는 바다에 흐르고 [당진],연극,충청,당진문예의전당,0.9267,3,834.0,278.0,0.0,0.0,5,300,0.6632020709130844,0.6829201966321514,0.18641360301676208,67.10200652230439,64.1289881772885,0.8858447488584474,True
창수책방 [창원],뮤지컬,영남,3.15아트센터,0.84355,8,3273.0,409.13,0.0,0.0,4,485,0.5629118293065579,0.8604277795209706,0.18641360301676208,66.70371074721436,64.10816137681917,0.8614634146341463,True
반석산 시네마 콘서트 [화성],서양음악(클래식),경인,반석아트홀 (동탄복합문화센터),1.0,1,607.0,607.0,0.0,0.0,5,607,0.8992913921137956,0.4806505595648991,0.18641360301676208,69.9958098625335,63.995809862533505,0.8982584784601283,True
바이올리니스트 코 가브리엘 카메다 & 대구유스오케스트라,서양음악(클래식),영남,대구학생문화센터,0.9759,1,1336.0,1336.0,0.0,0.0,2,1369,0.7385602970400585,0.5682276958477146,0.18641360301676208,66.50289227201667,63.90734290162148,0.8604878048780488,True
제1회 거제콘서트콰이어 정기연주회,서양음악(클래식),영남,거제문화예술회관,1.0,1,424.0,424.0,0.0,0.0,3,424,0.8992913921137956,0.4223028448907018,0.18641360301676208,66.46451878076383,63.86896941036864,0.8580487804878049,True
"모두페스티벌, 아우성치는 봄 날 [대구]",연극,영남,봉산문화회관,1.0,1,424.0,424.0,0.0,0.0,2,424,0.8992913921137956,0.4223028448907018,0.18641360301676208,66.46451878076383,63.86896941036864,0.8580487804878049,True
"정진무용단 춤꾼삼락4, 어제못한 그 이야기 다시 핀 꽃 한 송이",무용(서양/한국무용),영남,봉산문화회관,1.0,1,424.0,424.0,0.0,0.0,2,424,0.8992913921137956,0.4223028448907018,0.18641360301676208,66.46451878076383,63.86896941036864,0.8580487804878049,True
"제5회 거제필하모닉오케스트라 정기연주회, 드보르작 & 피아졸라",서양음악(클래식),영남,거제문화예술회관,1.0,1,424.0,424.0,0.0,0.0,3,424,0.8992913921137956,0.4223028448907018,0.18641360301676208,66.46451878076383,63.86896941036864,0.8580487804878049,True
Ensemble Canto 앙상블 칸토 [서울],서양음악(클래식),서울,일신홀,1.0,1,189.0,189.0,0.0,0.0,1,189,0.8992913921137956,0.2986612279050309,0.18641360301676208,57.864446117350624,63.864446117350624,0.7890909090909091,True
제15회 로고스앙상블 정기연주회,서양음악(클래식),서울,일신홀,1.0,1,189.0,189.0,0.0,0.0,1,189,0.8992913921137956,0.2986612279050309,0.18641360301676208,57.864446117350624,63.864446117350624,0.7890909090909091,True
제9회 클라비어 앙상블 트라움 정기연주회,서양음악(클래식),서울,일신홀,1.0,1,189.0,189.0,0.0,0.0,1,189,0.8992913921137956,0.2986612279050309,0.18641360301676208,57.864446117350624,63.864446117350624,0.7890909090909091,True
제510회 대구시립교향악단 정기연주회,서양음악(클래식),영남,대구콘서트하우스,0.9766,1,1254.0,1254.0,0.0,0.0,7,1284,0.7413319736429244,0.5635733709862984,0.18641360301676208,66.43360573322278,63.838056362827594,0.8517073170731707,True
제57회 대구시립교향악단: 청소년 협주곡의 밤,서양음악(클래식),영남,대구콘서트하우스,0.9766,1,1254.0,1254.0,0.0,0.0,7,1284,0.7413319736429244,0.5635733709862984,0.18641360301676208,66.43360573322278,63.838056362827594,0.8517073170731707,True
"제56회 대구시립교향악단, 청소년 협주곡의 밤",서양음악(클래식),영남,대구콘서트하우스,0.9766,1,1254.0,1254.0,0.0,0.0,7,1284,0.7413319736429244,0.5635733709862984,0.18641360301676208,66.43360573322278,63.838056362827594,0.8517073170731707,True
"대구시립교향악단, 군위군 대구 편입 기념 음악회 [대구]",서양음악(클래식),영남,대구콘서트하우스,0.9766,1,1254.0,1254.0,0.0,0.0,7,1284,0.7413319736429244,0.5635733709862984,0.18641360301676208,66.43360573322278,63.838056362827594,0.8517073170731707,True
제22회 대구시립교향악단 대학생 협주곡의 밤 [대구],서양음악(클래식),영남,대구콘서트하우스,0.9766,1,1254.0,1254.0,0.0,0.0,7,1284,0.7413319736429244,0.5635733709862984,0.18641360301676208,66.43360573322278,63.838056362827594,0.8517073170731707,True
"대구시립교향악단 창단 60주년 기념 연주회: 지켜온 가치, 이어갈 혁신",서양음악(클래식),영남,대구콘서트하우스,0.9766,1,1254.0,1254.0,0.0,0.0,7,1284,0.7413319736429244,0.5635733709862984,0.18641360301676208,66.43360573322278,63.838056362827594,0.8517073170731707,True
"월드오케스트라페스티벌, 경북예술고등학교 오케스트라 [대구]",서양음악(클래식),영남,대구콘서트하우스,0.9766,1,1254.0,1254.0,0.0,0.0,7,1284,0.7413319736429244,0.5635733709862984,0.18641360301676208,66.43360573322278,63.838056362827594,0.8517073170731707,True
"월드오케스트라페스티벌, 경북예술고등학교 오케스트라 [대구]",서양음악(클래식),영남,대구콘서트하우스,0.9766,1,1254.0,1254.0,0.0,0.0,7,1284,0.7413319736429244,0.5635733709862984,0.18641360301676208,66.43360573322278,63.838056362827594,0.8517073170731707,True
"월드오케스트라페스티벌, 레이첼 포저 & 타펠무지크 바로크 오케스트라 [대구]",서양음악(클래식),영남,대구콘서트하우스,0.9766,1,1254.0,1254.0,0.0,0.0,7,1284,0.7413319736429244,0.5635733709862984,0.18641360301676208,66.43360573322278,63.838056362827594,0.8517073170731707,True
"서울사대부고선농합창단 정기연주회, 합창으로 떠나는 세계여행",서양음악(클래식),서울,꿈의숲아트센터,0.9934,1,299.0,299.0,0.0,0.0,8,301,0.7907514904298714,0.36065918836941746,0.18641360301676208,57.76473853476822,63.76473853476822,0.7863636363636364,True
제11회 뉴 아티스트 콘서트,서양음악(클래식),서울,꿈의숲아트센터,0.9934,1,299.0,299.0,0.0,0.0,8,301,0.7907514904298714,0.36065918836941746,0.18641360301676208,57.76473853476822,63.76473853476822,0.7863636363636364,True
제10회 뉴 아티스트 콘서트,서양음악(클래식),서울,꿈의숲아트센터,0.9934,1,299.0,299.0,0.0,0.0,8,301,0.7907514904298714,0.36065918836941746,0.18641360301676208,57.76473853476822,63.76473853476822,0.7863636363636364,True
그놈은 예뻤다 [청송],연극,영남,청송문화예술회관,1.0024,1,417.0,417.0,0.0,0.0,1,416,0.8992913921137956,0.420111651500889,0.18641360301676208,66.3263582697667,63.73080889937152,0.8468292682926829,True
"테너 김남수 콘서트 한국人, 만남",서양음악(클래식),영남,대구범어대성당,1.0146,1,416.0,416.0,0.0,0.0,5,410,0.8992913921137956,0.41981618031586654,0.18641360301676208,66.30769497953565,63.71214560914047,0.8458536585365853,True
"제15회 부산마루국제음악제, 앙상블콘서트 Ⅰ",서양음악(클래식),영남,부산문화회관,1.0098,1,414.0,414.0,0.0,0.0,7,410,0.8992913921137956,0.4190748875640624,0.18641360301676208,66.26083687505468,63.665287504659496,0.8448780487804878,True
"예술가곡연구회 제40회 기념 정기연주회, 한국가곡 콘서트",서양음악(클래식),영남,대구범어대성당,1.0,1,410.0,410.0,0.0,0.0,5,410,0.8992913921137956,0.4179008471917164,0.18641360301676208,66.18652235139308,63.5909729809979,0.8439024390243902,True
신.데렐라 [인천],무용(서양/한국무용),경인,인천학생교육문화회관,0.9443,2,1118.0,559.0,0.0,0.0,5,592,0.6917555695010982,0.7016486246208555,0.18641360301676208,69.56959417425519,63.56959417425519,0.8973418881759854,True
"장선희 발레단, 러브스토리 [대구]",무용(서양/한국무용),영남,대구서구문화회관,0.9248,2,836.0,418.0,0.0,0.0,3,452,0.6602735069553394,0.6623823344838405,0.18641360301676208,66.1116231102205,63.51607373982532,0.8429268292682927,True
"서산시립합창단, 엄마의 비밀일기 [서산]",서양음악(클래식),충청,서산시문화회관,0.9101,2,1094.0,547.0,0.0,0.0,3,601,0.6419830561656731,0.6992534776696999,0.18641360301676208,66.43057224203066,63.45755389701477,0.8789954337899544,True
"제7회 서산시립합창단 기획연주회, 너의 꿈은 뭐니?",서양음악(클래식),충청,서산시문화회관,0.9101,2,1094.0,547.0,0.0,0.0,3,601,0.6419830561656731,0.6992534776696999,0.18641360301676208,66.43057224203066,63.45755389701477,0.8789954337899544,True
가야지무,무용(서양/한국무용),영남,김해서부문화센터,0.9986,1,690.0,690.0,0.0,0.0,5,691,0.7977460516682355,0.4969812258131995,0.18641360301676208,66.01684895456327,63.42129958416809,0.8419512195121951,True
"재개관 기념 명품시리즈 Ⅰ, 베토벤 합창 교향곡",서양음악(클래식),영남,수성아트피아,0.9767,1,1132.0,1132.0,0.0,0.0,3,1159,0.7430446606003556,0.5526696998221943,0.18641360301676208,66.00779307387657,63.41224370348139,0.8409756097560975,True
12인의 성난 사람들 [수원],연극,경인,경기아트센터(구. 경기도문화의전당),0.9064,4,1820.0,455.0,0.0,0.0,4,502,0.6320076351846041,0.7966413032109612,0.18641360301676208,69.332765393104,63.332765393104,0.8964252978918423,True
2월의 로망스,서양음악(클래식),서울,꿈의숲아트센터,0.99,1,298.0,298.0,0.0,0.0,8,301,0.7801485200292856,0.3588850538646585,0.18641360301676208,57.185842288804736,63.185842288804736,0.7663636363636364,True
"국제문화교류를 위한 음악극, 홍연",서양음악(클래식),서울,꿈의숲아트센터,0.99,1,298.0,298.0,0.0,0.0,8,301,0.7801485200292856,0.3588850538646585,0.18641360301676208,57.185842288804736,63.185842288804736,0.7663636363636364,True
"국제피아노교류연주, 중국 유학생 피아노 교류음악회",서양음악(클래식),서울,꿈의숲아트센터,0.99,1,298.0,298.0,0.0,0.0,8,301,0.7801485200292856,0.3588850538646585,0.18641360301676208,57.185842288804736,63.185842288804736,0.7663636363636364,True
이수성 피아노 독주회,서양음악(클래식),서울,꿈의숲아트센터,0.99,1,298.0,298.0,0.0,0.0,8,301,0.7801485200292856,0.3588850538646585,0.18641360301676208,57.185842288804736,63.185842288804736,0.7663636363636364,True
이수성 피아노 독주회,서양음악(클래식),서울,꿈의숲아트센터,0.99,1,298.0,298.0,0.0,0.0,8,301,0.7801485200292856,0.3588850538646585,0.18641360301676208,57.185842288804736,63.185842288804736,0.7663636363636364,True
제14회 플라르플루트앙상블 정기연주회: 꽃과 나비의 결혼식,서양음악(클래식),서울,꿈의숲아트센터,0.99,1,298.0,298.0,0.0,0.0,8,301,0.7801485200292856,0.3588850538646585,0.18641360301676208,57.185842288804736,63.185842288804736,0.7663636363636364,True
숨줄,서양음악(클래식),서울,꿈의숲아트센터,0.99,1,298.0,298.0,0.0,0.0,8,301,0.7801485200292856,0.3588850538646585,0.18641360301676208,57.185842288804736,63.185842288804736,0.7663636363636364,True
영신여자고등학교 6월의 음악회,서양음악(클래식),서울,꿈의숲아트센터,0.99,1,298.0,298.0,0.0,0.0,8,301,0.7801485200292856,0.3588850538646585,0.18641360301676208,57.185842288804736,63.185842288804736,0.7663636363636364,True
"소프라노 배혜연 독창회, 여정",서양음악(클래식),서울,꿈의숲아트센터,0.99,1,298.0,298.0,0.0,0.0,8,301,0.7801485200292856,0.3588850538646585,0.18641360301676208,57.185842288804736,63.185842288804736,0.7663636363636364,True
"제8회 서울주니어합창단 정기연주회, 합창으로 떠나는 세계여행",서양음악(클래식),서울,꿈의숲아트센터,0.99,1,298.0,298.0,0.0,0.0,8,301,0.7801485200292856,0.3588850538646585,0.18641360301676208,57.185842288804736,63.185842288804736,0.7663636363636364,True
김백만 대금독주회,한국음악(국악),서울,꿈의숲아트센터,0.99,1,298.0,298.0,0.0,0.0,8,301,0.7801485200292856,0.3588850538646585,0.18641360301676208,57.185842288804736,63.185842288804736,0.7663636363636364,True
제18회 서울기독대학교 음악학과 정기연주회,서양음악(클래식),서울,꿈의숲아트센터,0.99,1,298.0,298.0,0.0,0.0,8,301,0.7801485200292856,0.3588850538646585,0.18641360301676208,57.185842288804736,63.185842288804736,0.7663636363636364,True
소프라노 윤아르나 독창회,서양음악(클래식),서울,꿈의숲아트센터,0.99,1,298.0,298.0,0.0,0.0,8,301,0.7801485200292856,0.3588850538646585,0.18641360301676208,57.185842288804736,63.185842288804736,0.7663636363636364,True
소프라노 윤아르나 독창회,서양음악(클래식),서울,꿈의숲아트센터,0.99,1,298.0,298.0,0.0,0.0,8,443,0.7801485200292856,0.3588850538646585,0.18641360301676208,57.185842288804736,63.185842288804736,0.7663636363636364,True
김성신 피아노 독주회,서양음악(클래식),서울,꿈의숲아트센터,0.99,1,298.0,298.0,0.0,0.0,8,301,0.7801485200292856,0.3588850538646585,0.18641360301676208,57.185842288804736,63.185842288804736,0.7663636363636364,True
제17회 메리앙상블 정기연주회: 반짝이는 별을 찾아,서양음악(클래식),서울,꿈의숲아트센터,0.99,1,298.0,298.0,0.0,0.0,8,301,0.7801485200292856,0.3588850538646585,0.18641360301676208,57.185842288804736,63.185842288804736,0.7663636363636364,True
제9회 조이 클라리넷 앙상블 정기연주회,서양음악(클래식),서울,꿈의숲아트센터,0.99,1,298.0,298.0,0.0,0.0,8,301,0.7801485200292856,0.3588850538646585,0.18641360301676208,57.185842288804736,63.185842288804736,0.7663636363636364,True
영아티스트 챔버 뮤직 콜라보 연주회,서양음악(클래식),서울,꿈의숲아트센터,0.99,1,298.0,298.0,0.0,0.0,8,301,0.7801485200292856,0.3588850538646585,0.18641360301676208,57.185842288804736,63.185842288804736,0.7663636363636364,True
독일가곡의 밤,서양음악(클래식),서울,꿈의숲아트센터,0.99,1,298.0,298.0,0.0,0.0,8,301,0.7801485200292856,0.3588850538646585,0.18641360301676208,57.185842288804736,63.185842288804736,0.7663636363636364,True
유망신예데뷔콘서트,서양음악(클래식),서울,꿈의숲아트센터,0.99,1,298.0,298.0,0.0,0.0,8,301,0.7801485200292856,0.3588850538646585,0.18641360301676208,57.185842288804736,63.185842288804736,0.7663636363636364,True
chuchoter de lamour,서양음악(클래식),서울,꿈의숲아트센터,0.99,1,298.0,298.0,0.0,0.0,8,301,0.7801485200292856,0.3588850538646585,0.18641360301676208,57.185842288804736,63.185842288804736,0.7663636363636364,True
김소연 피아노 리사이틀: 모차르트 피아노 솔로 전곡 시리즈 Ⅰ,서양음악(클래식),서울,꿈의숲아트센터,0.99,1,298.0,298.0,0.0,0.0,8,301,0.7801485200292856,0.3588850538646585,0.18641360301676208,57.185842288804736,63.185842288804736,0.7663636363636364,True
제2회 어뮤징 오케스트라 정기연주회,서양음악(클래식),서울,꿈의숲아트센터,0.99,1,298.0,298.0,0.0,0.0,8,301,0.7801485200292856,0.3588850538646585,0.18641360301676208,57.185842288804736,63.185842288804736,0.7663636363636364,True
김창숙 & 민경원 2인 음악회,서양음악(클래식),서울,꿈의숲아트센터,0.99,1,298.0,298.0,0.0,0.0,8,301,0.7801485200292856,0.3588850538646585,0.18641360301676208,57.185842288804736,63.185842288804736,0.7663636363636364,True
제2회 All that Classic Festival,서양음악(클래식),서울,꿈의숲아트센터,0.99,1,298.0,298.0,0.0,0.0,8,301,0.7801485200292856,0.3588850538646585,0.18641360301676208,57.185842288804736,63.185842288804736,0.7663636363636364,True
신효건 피아노 독주회,서양음악(클래식),서울,꿈의숲아트센터,0.99,1,298.0,298.0,0.0,0.0,8,301,0.7801485200292856,0.3588850538646585,0.18641360301676208,57.185842288804736,63.185842288804736,0.7663636363636364,True
제1회 아리랑합창단 정기연주회,서양음악(클래식),서울,꿈의숲아트센터,0.99,1,298.0,298.0,0.0,0.0,8,301,0.7801485200292856,0.3588850538646585,0.18641360301676208,57.185842288804736,63.185842288804736,0.7663636363636364,True
"제4회 이혜영교수 제자 음악회, Accordando",서양음악(클래식),서울,꿈의숲아트센터,0.99,1,298.0,298.0,0.0,0.0,8,301,0.7801485200292856,0.3588850538646585,0.18641360301676208,57.185842288804736,63.185842288804736,0.7663636363636364,True
소프라노 신소연 & 소프라노 김미연 듀오 리싸이틀,서양음악(클래식),서울,꿈의숲아트센터,0.99,1,298.0,298.0,0.0,0.0,8,301,0.7801485200292856,0.3588850538646585,0.18641360301676208,57.185842288804736,63.185842288804736,0.7663636363636364,True
"올댓스테이지 영아티스트 콘서트, 한여름 밤 가곡과 아리아 여행",서양음악(클래식),서울,꿈의숲아트센터,0.99,1,298.0,298.0,0.0,0.0,8,301,0.7801485200292856,0.3588850538646585,0.18641360301676208,57.185842288804736,63.185842288804736,0.7663636363636364,True
이수민 바이올린 독주회,서양음악(클래식),서울,꿈의숲아트센터,0.99,1,298.0,298.0,0.0,0.0,8,301,0.7801485200292856,0.3588850538646585,0.18641360301676208,57.185842288804736,63.185842288804736,0.7663636363636364,True
"소리궤적: 한 걸음 한 걸음, Sound of Trace: Step by Step",서양음악(클래식),서울,꿈의숲아트센터,0.99,1,298.0,298.0,0.0,0.0,8,301,0.7801485200292856,0.3588850538646585,0.18641360301676208,57.185842288804736,63.185842288804736,0.7663636363636364,True
영아티스트 초청 콘서트,서양음악(클래식),서울,꿈의숲아트센터,0.99,1,298.0,298.0,0.0,0.0,8,301,0.7801485200292856,0.3588850538646585,0.18641360301676208,57.185842288804736,63.185842288804736,0.7663636363636364,True
영아티스트 초청 콘서트,서양음악(클래식),서울,꿈의숲아트센터,0.99,1,298.0,298.0,0.0,0.0,8,301,0.7801485200292856,0.3588850538646585,0.18641360301676208,57.185842288804736,63.185842288804736,0.7663636363636364,True
"Dear __,",서양음악(클래식),서울,꿈의숲아트센터,0.99,1,298.0,298.0,0.0,0.0,8,301,0.7801485200292856,0.3588850538646585,0.18641360301676208,57.185842288804736,63.185842288804736,0.7663636363636364,True
스쿨 클래식: 교과서 음악회,서양음악(클래식),서울,꿈의숲아트센터,0.99,1,298.0,298.0,0.0,0.0,8,301,0.7801485200292856,0.3588850538646585,0.18641360301676208,57.185842288804736,63.185842288804736,0.7663636363636364,True
제5회 서울 리조이스 앙상블 정기연주회,서양음악(클래식),서울,꿈의숲아트센터,0.99,1,298.0,298.0,0.0,0.0,8,301,0.7801485200292856,0.3588850538646585,0.18641360301676208,57.185842288804736,63.185842288804736,0.7663636363636364,True
김소연 & 김지은 피아노 듀오 리사이틀 (10.12),서양음악(클래식),서울,꿈의숲아트센터,0.99,1,298.0,298.0,0.0,0.0,8,301,0.7801485200292856,0.3588850538646585,0.18641360301676208,57.185842288804736,63.185842288804736,0.7663636363636364,True
동지연 & 이신애 피아노 조인트 리사이틀,서양음악(클래식),서울,꿈의숲아트센터,0.99,1,298.0,298.0,0.0,0.0,8,301,0.7801485200292856,0.3588850538646585,0.18641360301676208,57.185842288804736,63.185842288804736,0.7663636363636364,True
소프라노 조우리 & 메조소프라노 최부경 듀오콘서트,서양음악(클래식),서울,꿈의숲아트센터,0.99,1,298.0,298.0,0.0,0.0,8,301,0.7801485200292856,0.3588850538646585,0.18641360301676208,57.185842288804736,63.185842288804736,0.7663636363636364,True
김지연 피아노 독주회,서양음악(클래식),서울,꿈의숲아트센터,0.99,1,298.0,298.0,0.0,0.0,8,301,0.7801485200292856,0.3588850538646585,0.18641360301676208,57.185842288804736,63.185842288804736,0.7663636363636364,True
탐정 백영호: 경성추격뎐,한국음악(국악),서울,강동아트센터,0.808,3,606.0,202.0,0.0,0.0,7,250,0.5285404246417739,0.6433375169961302,0.18641360301676208,57.17714642902354,63.17714642902354,0.7472727272727273,True
"강북문화재단 마티네 콘서트 ⅠI, 송영민의 해설과 함께하는 유니크 클래식 with 투 첼로",서양음악(클래식),서울,강북문화예술회관 강북진달래홀,1.0,1,171.0,171.0,0.0,0.0,4,171,0.8992913921137956,0.28970165254680474,0.18641360301676208,57.16374205903656,63.16374205903656,0.7459090909090909,True
"강북구립소년소녀합창단 창단 7주년 정기연주회: 함께, 너와 내가 행복해",서양음악(클래식),서울,강북문화예술회관,1.0,1,171.0,171.0,0.0,0.0,7,171,0.8992913921137956,0.28970165254680474,0.18641360301676208,57.16374205903656,63.16374205903656,0.7459090909090909,True
"춘천마임축제, 우석훈 코미디 단편선",연극,기타,축제극장 몸짓,0.9677,2,240.0,120.0,0.0,0.0,2,124,0.7253163894990063,0.4785365024579019,0.18641360301676208,61.41614077341009,63.104069197468185,0.8475609756097561,True
웅도 경북 그랜드 콘서트,대중음악,영남,경북도청 동락관,0.9874,1,862.0,862.0,0.0,0.0,2,873,0.767375274552871,0.5200279782449535,0.18641360301676208,65.67731125754618,63.081761887150996,0.84,True
레미제라블: 코제트 소녀이야기 [양양],뮤지컬,기타,양양문화복지회관,0.87045,2,766.0,383.0,0.0,0.0,2,440,0.5898180106683402,0.6503360004183663,0.18641360301676208,61.33183184911077,63.01976027316886,0.8414634146341463,True
"제31회 젊은연극제, 파란나라",연극,서울,민송아트홀 (구. 브로드웨이아트홀),0.7721,4,840.0,210.0,0.0,0.0,1,272,0.4983396088275285,0.6971877941637905,0.18641360301676208,56.99741430034394,62.99741430034394,0.7445454545454545,True
"루체른현악앙상블의 울주2090, The Four Seasons Recomposed",서양음악(클래식),영남,울주문화예술회관,1.0,1,387.0,387.0,0.0,0.0,5,387,0.8992913921137956,0.4080509360945508,0.18641360301676208,65.55804790072547,62.962498530330286,0.8390243902439024,True
"KBS국악관현악단, 찾아가는 음악회 [연천]",한국음악(국악),경인,연천수레울아트홀,1.0,1,550.0,550.0,0.0,0.0,4,550,0.8992913921137956,0.46242286371718444,0.18641360301676208,68.92170005473957,62.921700054739574,0.8955087076076994,True
"화성시 예술단, 마티네 콘서트: 클래식의 클래식",서양음악(클래식),경인,반석아트홀 (동탄복합문화센터),1.0,1,548.0,548.0,0.0,0.0,5,548,0.8992913921137956,0.46177178119443574,0.18641360301676208,68.88286747399044,62.882867473990444,0.8936755270394133,True
화성시 예술단 국악 마티네 콘서트: 소리산책,한국음악(국악),경인,반석아트홀 (동탄복합문화센터),1.0,1,548.0,548.0,0.0,0.0,5,548,0.8992913921137956,0.46177178119443574,0.18641360301676208,68.88286747399044,62.882867473990444,0.8936755270394133,True
"화성시 예술단 마티네 콘서트: 낭만주의, 너머의 세계",서양음악(클래식),경인,반석아트홀 (동탄복합문화센터),1.0,1,548.0,548.0,0.0,0.0,5,548,0.8992913921137956,0.46177178119443574,0.18641360301676208,68.88286747399044,62.882867473990444,0.8936755270394133,True
"대한민국국악관현악축제, 부산시립국악관현악단",한국음악(국악),서울,세종문화회관,0.9179,1,559.0,559.0,0.0,0.0,3,609,0.6497097583934734,0.46454345779730155,0.18641360301676208,56.812274027720065,62.812274027720065,0.7377272727272727,True
"대한민국국악관현악축제, 부산시립국악관현악단",한국음악(국악),서울,세종문화회관,0.9179,1,559.0,559.0,0.0,0.0,3,609,0.6497097583934734,0.46454345779730155,0.18641360301676208,56.812274027720065,62.812274027720065,0.7377272727272727,True
"대한민국 국악관현악축제, 전야제",한국음악(국악),서울,세종문화회관,0.9179,1,559.0,559.0,0.0,0.0,3,609,0.6497097583934734,0.46454345779730155,0.18641360301676208,56.812274027720065,62.812274027720065,0.7377272727272727,True
"대한민국국악관현악축제, 전주시립국악단",한국음악(국악),서울,세종문화회관,0.9179,1,559.0,559.0,0.0,0.0,3,609,0.6497097583934734,0.46454345779730155,0.18641360301676208,56.812274027720065,62.812274027720065,0.7377272727272727,True
"대한민국국악관현악축제, 서울시국악관현악단",한국음악(국악),서울,세종문화회관,0.9179,1,559.0,559.0,0.0,0.0,3,609,0.6497097583934734,0.46454345779730155,0.18641360301676208,56.812274027720065,62.812274027720065,0.7377272727272727,True
"대한민국국악관현악축제, 서울시국악관현악단",한국음악(국악),서울,세종문화회관,0.9179,1,559.0,559.0,0.0,0.0,3,609,0.6497097583934734,0.46454345779730155,0.18641360301676208,56.812274027720065,62.812274027720065,0.7377272727272727,True
"대한민국국악관현악축제, KBS국악관현악단",한국음악(국악),서울,세종문화회관,0.9179,1,559.0,559.0,0.0,0.0,3,609,0.6497097583934734,0.46454345779730155,0.18641360301676208,56.812274027720065,62.812274027720065,0.7377272727272727,True
"대한민국국악관현악축제, KBS국악관현악단",한국음악(국악),서울,세종문화회관,0.9179,1,559.0,559.0,0.0,0.0,3,609,0.6497097583934734,0.46454345779730155,0.18641360301676208,56.812274027720065,62.812274027720065,0.7377272727272727,True
"대한민국국악관현악축제, 강원특별자치도립국악관현악단",한국음악(국악),서울,세종문화회관,0.9179,1,559.0,559.0,0.0,0.0,3,609,0.6497097583934734,0.46454345779730155,0.18641360301676208,56.812274027720065,62.812274027720065,0.7377272727272727,True
"대한민국국악관현악축제, 강원특별자치도립국악관현악단",한국음악(국악),서울,세종문화회관,0.9179,1,559.0,559.0,0.0,0.0,3,609,0.6497097583934734,0.46454345779730155,0.18641360301676208,56.812274027720065,62.812274027720065,0.7377272727272727,True
"대한민국국악관현악축제, 대전시립연정국악단",한국음악(국악),서울,세종문화회관,0.9179,1,559.0,559.0,0.0,0.0,3,609,0.6497097583934734,0.46454345779730155,0.18641360301676208,56.812274027720065,62.812274027720065,0.7377272727272727,True
"대한민국국악관현악축제, 경기시나위오케스트라",한국음악(국악),서울,세종문화회관,0.9179,1,559.0,559.0,0.0,0.0,3,609,0.6497097583934734,0.46454345779730155,0.18641360301676208,56.812274027720065,62.812274027720065,0.7377272727272727,True
"대한민국국악관현악축제, 대구시립국악단",한국음악(국악),서울,세종문화회관,0.9179,1,559.0,559.0,0.0,0.0,3,609,0.6497097583934734,0.46454345779730155,0.18641360301676208,56.812274027720065,62.812274027720065,0.7377272727272727,True
"대한민국국악관현악축제, 대구시립국악단",한국음악(국악),서울,세종문화회관,0.9179,1,559.0,559.0,0.0,0.0,3,609,0.6497097583934734,0.46454345779730155,0.18641360301676208,56.812274027720065,62.812274027720065,0.7377272727272727,True
환산 이윤재 [김해],연극,영남,김해서부문화센터,0.8958,2,1238.0,619.0,0.0,0.0,5,691,0.6152729839974898,0.7166679740612906,0.18641360301676208,65.39851796626341,62.80296859586823,0.8380487804878048,True
"클래식 배틀, The Original [대구]",서양음악(클래식),영남,대구학생문화센터,0.9627,1,1318.0,1318.0,0.0,0.0,2,1369,0.717184394937768,0.5676289091099258,0.18641360301676208,65.31370210240024,62.71815273200506,0.8370731707317073,True
"소란데이, 조인트 공연: 고영배＋이태욱",대중음악,서울,동자아트홀,1.0,1,157.0,157.0,0.0,0.0,1,157,0.8992913921137956,0.2829881811525991,0.18641360301676208,56.63013292046139,62.63013292046139,0.7304545454545455,True
"소란데이, 조인트 공연: 서면호 + 편유일",대중음악,서울,동자아트홀,1.0,1,157.0,157.0,0.0,0.0,1,157,0.8992913921137956,0.2829881811525991,0.18641360301676208,56.63013292046139,62.63013292046139,0.7304545454545455,True
제43회 GK오페라단 정기연주회: 오페라 갈라 콘서트,서양음악(클래식),경인,광명시민회관,1.0,1,530.0,530.0,0.0,0.0,7,530,0.8992913921137956,0.4574129275180421,0.18641360301676208,68.62204174557553,62.62204174557553,0.891384051329056,True
WBG 트롬본 콰르텟 콘서트,서양음악(클래식),경인,광명시민회관,1.0,1,530.0,530.0,0.0,0.0,7,530,0.8992913921137956,0.4574129275180421,0.18641360301676208,68.62204174557553,62.62204174557553,0.891384051329056,True
"12월의 블랜딩 노트, CLASSY JAZZ",대중음악,영남,해운대문화회관,0.916,2,812.0,406.0,0.0,0.0,3,458,0.6470034515218074,0.658592197468884,0.18641360301676208,65.16142766127729,62.565878290882104,0.8360975609756097,True
"유네스코 인류무형유산, 세계가 인정한 우리 음악과 춤 [계룡]",한국음악(국악),충청,계룡문화예술의전당,0.9903,1,711.0,711.0,0.0,0.0,2,718,0.7831424537182303,0.5002941637903985,0.18641360301676208,65.46280873535886,62.48979039034297,0.8721461187214612,True
"시승격 60주년 기념음악회, 의정부유스오케스트라",서양음악(클래식),경인,의정부예술의전당,0.999,1,1024.0,1024.0,0.0,0.0,6,1025,0.7981513440016734,0.5433780462294739,0.18641360301676208,68.43716091537186,62.43716091537186,0.8900091659028414,True
"배틀시리즈Ⅱ, 보이스 배틀",서양음악(클래식),영남,대구학생문화센터,0.9591,1,1313.0,1313.0,0.0,0.0,2,1369,0.7110527141512394,0.5673491266603912,0.18641360301676208,64.96526814890782,62.36971877851264,0.8351219512195122,True
드로잉: X,뮤지컬,경인,안산문화예술의전당,0.9607,4,538.0,134.5,0.0,0.0,6,140,0.7153671164104173,0.638067409266813,0.18641360301676208,68.33827447483456,62.33827447483456,0.8890925756186985,True
"제41회 세진음악회: 하모니, 함께하는 새로운 시작",서양음악(클래식),서울,세종문화회관,0.814,1,2460.0,2460.0,0.0,0.0,3,3022,0.5341360736324652,0.6101048530488442,0.18641360301676208,56.33171036117709,62.33171036117709,0.7290909090909091,True
제8회 꿈의 오케스트라 세종 정기연주회,서양음악(클래식),충청,세종예술의전당,0.9739,1,1043.0,1043.0,0.0,0.0,1,1071,0.735749398598473,0.5447704215040268,0.18641360301676208,65.24141281807474,62.26839447305884,0.867579908675799,True
제16회 세종CEO합창단 정기연주회,서양음악(클래식),서울,세종문화회관,0.9391,1,416.0,416.0,0.0,0.0,3,443,0.68359742704738,0.41981618031586654,0.18641360301676208,56.24759019975535,62.24759019975535,0.7281818181818182,True
세계 4대 뮤지컬 모음곡 & 오페라 아리아 [김제],서양음악(클래식),호남,김제문화예술회관,0.9426,1,460.0,460.0,0.0,0.0,4,488,0.6884478611023952,0.43477931178746987,0.18641360301676208,57.28358388332838,62.23032938277595,0.8026315789473685,True
"경기청년예술기회무대, 젊은 연주자 시리즈 Ⅴ",서양음악(클래식),경인,경기아트센터(구. 경기도문화의전당),1.0,1,502.0,502.0,0.0,0.0,4,502,0.8992913921137956,0.44964569605689786,0.18641360301676208,68.15354305735393,62.15354305735393,0.8872593950504125,True
"경기청년예술기회무대, 젊은 연주자 시리즈 Ⅱ",한국음악(국악),경인,경기아트센터(구. 경기도문화의전당),1.0,1,502.0,502.0,0.0,0.0,4,502,0.8992913921137956,0.44964569605689786,0.18641360301676208,68.15354305735393,62.15354305735393,0.8872593950504125,True
"경기청년예술기회무대, 젊은 연주자 시리즈 Ⅲ",서양음악(클래식),경인,경기아트센터(구. 경기도문화의전당),1.0,1,502.0,502.0,0.0,0.0,4,502,0.8992913921137956,0.44964569605689786,0.18641360301676208,68.15354305735393,62.15354305735393,0.8872593950504125,True
"세종시립청소년교향악단 기획연주회, 더 판타지 [세종]",서양음악(클래식),충청,세종문화예술회관,0.9857,1,830.0,830.0,0.0,0.0,2,842,0.7599361991423491,0.5163934211902521,0.18641360301676208,65.11162882302428,62.13861047800838,0.863013698630137,True
사모님이 된 아이돌 [광주],서양음악(클래식),호남,서빛마루문화예술회관,0.9846,1,319.0,319.0,0.0,0.0,0,324,0.756641564689886,0.3755700240560611,0.18641360301676208,57.175567727520104,62.12231322696767,0.8,True
Never Grow Up [성남],무용(서양/한국무용),경인,성남아트센터,0.955,2,722.0,361.0,0.0,0.0,7,378,0.7064376111285431,0.6422706829829515,0.18641360301676208,68.00354101210061,62.00354101210061,0.8854262144821264,True
굿GOOD보러가자 [무안],한국음악(국악),호남,무안승달문화예술회관,0.9345,1,485.0,485.0,0.0,0.0,2,519,0.6762890910992574,0.4414483317644598,0.18641360301676208,57.020547267499246,61.96729276694681,0.7973684210526316,True
박정희 대통령 & 육영수 여사 탄신 기념 음악회: 당신이 그리우면,서양음악(클래식),서울,마포아트센터,0.8685,1,872.0,872.0,0.0,0.0,3,1004,0.586340340968518,0.5209392322978768,0.18641360301676208,55.92483242194998,61.92483242194998,0.7272727272727273,True
OH! MY♥ 뮤지컬 갈라 콘서트,뮤지컬,영남,의령군민문화회관,1.0,1,354.0,354.0,0.0,0.0,4,354,0.8992913921137956,0.391605219119339,0.18641360301676208,64.48811020948578,61.8925608390906,0.833170731707317,True
마술피리 [의령],뮤지컬,영남,의령군민문화회관,1.0,1,354.0,354.0,0.0,0.0,4,354,0.8992913921137956,0.391605219119339,0.18641360301676208,64.48811020948578,61.8925608390906,0.833170731707317,True
발레 콘서트 [의령],무용(서양/한국무용),영남,의령군민문화회관,1.0,1,354.0,354.0,0.0,0.0,4,354,0.8992913921137956,0.391605219119339,0.18641360301676208,64.48811020948578,61.8925608390906,0.833170731707317,True
"동구문화체육센터 빈 앙상블, 클래식으로 만나는 5분 시네마",서양음악(클래식),경인,인천동구문화체육센터,1.0,1,495.0,495.0,0.0,0.0,1,495,0.8992913921137956,0.44457431231042777,0.18641360301676208,67.84502518323822,61.84502518323822,0.8845096241979835,True
"제31회 젊은연극제, 날 보러와요",연극,서울,동숭무대소극장,0.8,4,480.0,120.0,0.0,0.0,3,150,0.5194148101663006,0.6219942997594393,0.18641360301676208,55.82428367473165,61.82428367473165,0.7263636363636363,True
양양군민과 함께하는 송년음악회 [양양],서양음악(클래식),기타,양양문화복지회관,0.8534,2,751.0,375.5,0.0,0.0,2,440,0.5720897395669909,0.6476872189101558,0.18641360301676208,60.120782717020596,61.80871114107869,0.8353658536585366,True
제5회 경산시립교향악단 정기연주회,서양음악(클래식),영남,천마아트센터,0.9354,1,1767.0,1767.0,0.0,0.0,7,1889,0.6788646585085242,0.5950358226126975,0.18641360301676208,64.40019240136536,61.804643030970176,0.8312195121951219,True
"강동예술인페스티벌, 구립시니어합창단",서양음악(클래식),서울,강동아트센터,0.8765,1,745.0,745.0,0.0,0.0,7,850,0.5959104696161489,0.504706620646376,0.18641360301676208,55.76018552839076,61.76018552839076,0.7254545454545455,True
바리톤 김동규와 함께하는 천안시의회 행복공감 콘서트,서양음악(클래식),충청,천안시청 봉서홀,0.968,1,1030.0,1030.0,0.0,0.0,2,1064,0.7261269741658822,0.5437401945403201,0.18641360301676208,64.67912223548942,61.70610389047352,0.8584474885844748,True
"국립오페라단, 마술피리 [인천]",서양음악(클래식),경인,청라복합문화센터 블루노바홀,1.0,1,486.0,486.0,0.0,0.0,4,486,0.8992913921137956,0.44217524317540013,0.18641360301676208,67.69834179440215,61.698341794402154,0.8826764436296975,True
제13회 인천서구립풍물단 정기연주회: 서구유희,한국음악(국악),경인,청라복합문화센터 블루노바홀,1.0,1,486.0,486.0,0.0,0.0,4,486,0.8992913921137956,0.44217524317540013,0.18641360301676208,67.69834179440215,61.698341794402154,0.8826764436296975,True
제31회 인천서구립합창단 정기연주회,서양음악(클래식),경인,청라복합문화센터 블루노바홀,1.0,1,486.0,486.0,0.0,0.0,4,486,0.8992913921137956,0.44217524317540013,0.18641360301676208,67.69834179440215,61.698341794402154,0.8826764436296975,True
"국립남도국악원 토요상설, 국악이 좋다: 다시, 봄",한국음악(국악),호남,국립남도국악원,0.9308,1,484.0,484.0,0.0,0.0,5,520,0.6713340654743227,0.4408626189729108,0.18641360301676208,56.739371600138924,61.68611709958649,0.7947368421052632,True
제1회 서울 음악교사 정기연주회,서양음악(클래식),서울,꿈의숲아트센터,0.9801,1,295.0,295.0,0.0,0.0,8,301,0.7496992992364815,0.3562663424327999,0.18641360301676208,55.67268678204027,61.67268678204027,0.7245454545454545,True
"고객 감사 음악회, Special thanks to DAC family: 3 Tenors Concert [대구]",서양음악(클래식),영남,대구문화예술회관,0.9683,1,976.0,976.0,0.0,0.0,2,1008,0.7269375588327581,0.5337530070076353,0.18641360301676208,64.24427002646621,61.64872065607103,0.828780487804878,True
제13회 작곡가 박태준 기념음악회,서양음악(클래식),영남,대구문화예술회관,0.9683,1,976.0,976.0,0.0,0.0,2,1008,0.7269375588327581,0.5337530070076353,0.18641360301676208,64.24427002646621,61.64872065607103,0.828780487804878,True
"모두를 위한 축제, 제25회 예음색소폰오케스트라 정기연주회",서양음악(클래식),영남,대구문화예술회관,0.9683,1,976.0,976.0,0.0,0.0,2,1008,0.7269375588327581,0.5337530070076353,0.18641360301676208,64.24427002646621,61.64872065607103,0.828780487804878,True
제33회 대구무용제,무용(서양/한국무용),영남,대구문화예술회관,0.9683,1,976.0,976.0,0.0,0.0,2,1008,0.7269375588327581,0.5337530070076353,0.18641360301676208,64.24427002646621,61.64872065607103,0.828780487804878,True
"한국즉흥음악축제, 프린지 공연",한국음악(국악),서울,서울돈화문국악당,1.0,1,138.0,138.0,0.0,0.0,6,138,0.8992913921137956,0.2705522434891748,0.18641360301676208,55.62124653714904,61.62124653714904,0.7236363636363636,True
앤 ANNE [대구],뮤지컬,영남,대구학생문화센터,0.9474,1,1297.0,1297.0,0.0,0.0,2,1369,0.6961091935989959,0.5667503399226023,0.18641360301676208,64.11551535781308,61.5199659874179,0.8263414634146341,True
"한국전력과 함께하는 희망사랑나눔콘서트, 심청날다 [부안]",한국음악(국악),호남,부안예술회관,0.9319,1,465.0,465.0,0.0,0.0,1,499,0.6727591256144755,0.4359062859533521,0.18641360301676208,56.555261026078774,61.50200652552634,0.7921052631578948,True
"제2회 소리하나 정기공연, 국악아동극: 고양이캠핑장 아리아리 아라리요!",한국음악(국악),호남,국립아시아문화전당,1.2833,1,154.0,154.0,0.0,0.0,6,120,0.8992913921137956,0.28184421085660494,0.18641360301676208,56.53845145920361,61.48519695865117,0.7894736842105263,True
제45회 익산시립무용단 정기공연,무용(서양/한국무용),호남,익산예술의전당,0.8611,1,1035.0,1035.0,0.0,0.0,8,1202,0.5798556636335112,0.5440408953038385,0.18641360301676208,56.52551927440202,61.47226477384959,0.7868421052631579,True
"가나안 POP 콘서트, 스페인 밀레니엄 합창단 내한 공연 [성남]",서양음악(클래식),경인,성남아트센터,0.9891,1,1090.0,1090.0,0.0,0.0,7,1102,0.7733631419307604,0.548236324652233,0.18641360301676208,67.39337483407346,61.393374834073455,0.8808432630614116,True
뺑파전 [양산],한국음악(국악),영남,양산문화예술회관,0.9774,1,778.0,778.0,0.0,0.0,5,796,0.7444827946867483,0.5097976153122059,0.18641360301676208,63.98407843015694,61.38852905976176,0.824390243902439,True
유쾌한 하녀 마리사 [양산],연극,영남,양산문화예술회관,0.9774,1,778.0,778.0,0.0,0.0,5,796,0.7444827946867483,0.5097976153122059,0.18641360301676208,63.98407843015694,61.38852905976176,0.824390243902439,True
그녀들만 아는 공소시효 [양산],연극,영남,양산문화예술회관,0.9774,1,778.0,778.0,0.0,0.0,5,796,0.7444827946867483,0.5097976153122059,0.18641360301676208,63.98407843015694,61.38852905976176,0.824390243902439,True
"아악일무보존회: 팔풍의 몸짓, 일무 시리즈 9",무용(서양/한국무용),서울,남산골한옥마을,0.9768,1,295.0,295.0,0.0,0.0,3,302,0.7432146219014747,0.3562663424327999,0.18641360301676208,55.383253549086874,61.383253549086874,0.7218181818181818,True
"정효민의 춤: 축, 넘나들다",무용(서양/한국무용),서울,남산골한옥마을,0.9768,1,295.0,295.0,0.0,0.0,3,302,0.7432146219014747,0.3562663424327999,0.18641360301676208,55.383253549086874,61.383253549086874,0.7218181818181818,True
소리랑 창립 30주년 기념공연,한국음악(국악),서울,남산골한옥마을,0.9768,1,295.0,295.0,0.0,0.0,3,302,0.7432146219014747,0.3562663424327999,0.18641360301676208,55.383253549086874,61.383253549086874,0.7218181818181818,True
세종시립청소년교향악단 창단연주회,서양음악(클래식),충청,세종문화예술회관,0.9786,1,824.0,824.0,0.0,0.0,2,842,0.74607781612802,0.51522722518565,0.18641360301676208,64.33836164622355,61.36534330120765,0.8538812785388128,True
어린이 리틀캣 [부안],뮤지컬,호남,부안예술회관,0.7906,2,789.0,394.5,0.0,0.0,1,499,0.5109036711641042,0.654702698462504,0.18641360301676208,56.41843907616545,61.365184575613014,0.7842105263157895,True
버섯피자 [부산],서양음악(클래식),영남,동래문화회관,0.9005,2,846.0,423.0,0.0,0.0,7,505,0.624006380085765,0.6637407174981697,0.18641360301676208,63.960640225979716,61.36509085558453,0.8219512195121951,True
버섯피자 [부산],서양음악(클래식),영남,동래문화회관,0.9005,2,846.0,423.0,0.0,0.0,7,341,0.624006380085765,0.6637407174981697,0.18641360301676208,63.960640225979716,61.36509085558453,0.8219512195121951,True
"여름, 낭독시즌, 봄 작가, 겨울 무대 낭독공연",연극,서울,대학로예술극장,0.74352857,7,687.0,98.14,0.0,0.0,1,132,0.47800962242443257,0.6896232088693651,0.18641360301676208,55.348611580160714,61.348611580160714,0.72,True
"동학농민혁명 130주년 기념, KBS 국악한마당 [정읍]",한국음악(국악),호남,정읍사예술회관,0.9104,1,549.0,549.0,0.0,0.0,3,603,0.6421660914130322,0.46201626398912254,0.18641360301676208,56.2926025072114,61.239348006658965,0.781578947368421,True
"국립국악원, 아동·청소년 국악강좌 솜씨발표회 (17시)",한국음악(국악),서울,국립국악원,1.0,1,130.0,130.0,0.0,0.0,7,130,0.8992913921137956,0.2657436460621274,0.18641360301676208,55.22368938045982,61.22368938045982,0.7186363636363636,True
"국립국악원, 아동·청소년 국악강좌 솜씨발표회 (17시40분)",한국음악(국악),서울,국립국악원,1.0,1,130.0,130.0,0.0,0.0,7,130,0.8992913921137956,0.2657436460621274,0.18641360301676208,55.22368938045982,61.22368938045982,0.7186363636363636,True
선비의 길 [장성],한국음악(국악),호남,장성문화예술회관,0.7222,3,1482.0,494.0,0.0,0.0,7,684,0.4579018931074155,0.7636348185336262,0.18641360301676208,56.18465937984386,61.13140487929142,0.7776315789473685,True
조선의 눈동자,한국음악(국악),호남,장성문화예술회관,0.7222,3,1482.0,494.0,0.0,0.0,7,684,0.4579018931074155,0.7636348185336262,0.18641360301676208,56.18465937984386,61.13140487929142,0.7776315789473685,True
드리머스 [대구],뮤지컬,영남,대구학생문화센터,0.943,1,1291.0,1291.0,0.0,0.0,2,1369,0.6891407802531117,0.5665097793117875,0.18641360301676208,63.718821480009694,61.12327210961451,0.8204878048780487,True
경기필하모닉 멘델스존 교향곡 4번 [의정부],서양음악(클래식),경인,의정부예술의전당,0.9893,1,1014.0,1014.0,0.0,0.0,6,1025,0.7739383955653174,0.5419072272774814,0.18641360301676208,67.11101588363523,61.11101588363523,0.879468377635197,True
"제43회 의정부시립무용단 정기공연: 예혼, 기억하다",무용(서양/한국무용),경인,의정부예술의전당,0.9893,1,1014.0,1014.0,0.0,0.0,6,1025,0.7739383955653174,0.5419072272774814,0.18641360301676208,67.11101588363523,61.11101588363523,0.879468377635197,True
"공연봄날, 공상물리적 춤: 호모루덴스 놀이하는 인간",무용(서양/한국무용),서울,세종문화회관,0.8133,2,488.0,244.0,0.0,0.0,3,300,0.5336915594603076,0.5782580274029913,0.18641360301676208,55.10904292709276,61.10904292709276,0.7172727272727273,True
제13회 강동선사오케스트라 정기연주회,서양음악(클래식),서울,강동아트센터,0.8659,1,736.0,736.0,0.0,0.0,7,850,0.5843923229787679,0.5035887982428616,0.18641360301676208,55.0621449942666,61.0621449942666,0.7163636363636363,True
"제24회 호서대학교 연극트랙 졸업공연, 벚꽃동산",연극,서울,산울림소극장,0.9236,2,133.0,66.5,0.0,0.0,1,72,0.6590707039012655,0.4196266080953875,0.18641360301676208,55.017950959828745,61.017950959828745,0.7154545454545455,True
나무에서 별이 열린다면 [인천],연극,경인,인천수봉문화회관,0.9375,4,600.0,150.0,0.0,0.0,4,160,0.681270264616672,0.6531808911201757,0.18641360301676208,66.98923967502739,60.98923967502739,0.8780934922089826,True
급식왕과 함께하는 안전재난공연 [서산],뮤지컬,충청,서산시문화회관,0.88605,2,1065.0,532.5,0.0,0.0,3,601,0.6043039431021859,0.6963981278108984,0.18641360301676208,63.95820913840395,60.98519079338806,0.8493150684931506,True
버티고개 꽃게 도난 사건에 관한 보고서 [안산],연극,경인,안산문화예술의전당,0.9714,3,408.0,136.0,0.0,0.0,6,140,0.7319579541888924,0.5863207300491581,0.18641360301676208,66.98009829650935,60.980098296509354,0.8771769019248395,True
"단단단 페스티벌, 어린이전통연희한마당",한국음악(국악),기타,강릉단오제전수교육관 (구. 단오문화관),0.9735,1,441.0,441.0,0.0,0.0,5,453,0.7353179583725552,0.42869077502353314,0.18641360301676208,59.257422724322254,60.94535114838035,0.8292682926829268,True
개교 58주년 영훈 에이레네 합창단 정기연주회,서양음악(클래식),서울,꿈의숲아트센터,0.9734,1,293.0,293.0,0.0,0.0,8,301,0.7350434055015166,0.35509099466582994,0.18641360301676208,54.9444277785009,60.9444277785009,0.7109090909090909,True
스카이브릿지앙상블 창단연주회,서양음악(클래식),서울,꿈의숲아트센터,0.9734,1,293.0,293.0,0.0,0.0,8,301,0.7350434055015166,0.35509099466582994,0.18641360301676208,54.9444277785009,60.9444277785009,0.7109090909090909,True
제49회 중앙대학교 청룡합창단 정기연주회,서양음악(클래식),서울,꿈의숲아트센터,0.9734,1,293.0,293.0,0.0,0.0,8,301,0.7350434055015166,0.35509099466582994,0.18641360301676208,54.9444277785009,60.9444277785009,0.7109090909090909,True
"월드비전 합창단 정기연주회, World is One",서양음악(클래식),서울,꿈의숲아트센터,0.9734,1,293.0,293.0,0.0,0.0,8,301,0.7350434055015166,0.35509099466582994,0.18641360301676208,54.9444277785009,60.9444277785009,0.7109090909090909,True
"제2회 마레기타앙상블 정기연주회: 무곡, 움직임의 음악",서양음악(클래식),서울,꿈의숲아트센터,0.9734,1,293.0,293.0,0.0,0.0,8,301,0.7350434055015166,0.35509099466582994,0.18641360301676208,54.9444277785009,60.9444277785009,0.7109090909090909,True
"제7회 경희대학교 합창단 GLEE OB 정기연주회, 조율",서양음악(클래식),서울,꿈의숲아트센터,0.9734,1,293.0,293.0,0.0,0.0,8,301,0.7350434055015166,0.35509099466582994,0.18641360301676208,54.9444277785009,60.9444277785009,0.7109090909090909,True
Quartett Traum 창단 연주회: Der erste Traum,서양음악(클래식),서울,꿈의숲아트센터,0.9734,1,293.0,293.0,0.0,0.0,8,301,0.7350434055015166,0.35509099466582994,0.18641360301676208,54.9444277785009,60.9444277785009,0.7109090909090909,True
제42회 경희대학교 합창단 GLEE 정기연주회: Alpha to Omega,서양음악(클래식),서울,꿈의숲아트센터,0.9734,1,293.0,293.0,0.0,0.0,8,301,0.7350434055015166,0.35509099466582994,0.18641360301676208,54.9444277785009,60.9444277785009,0.7109090909090909,True
제43회 한국대학생클래식기타연합회 정기연주회,서양음악(클래식),서울,꿈의숲아트센터,0.9734,1,293.0,293.0,0.0,0.0,8,301,0.7350434055015166,0.35509099466582994,0.18641360301676208,54.9444277785009,60.9444277785009,0.7109090909090909,True
"제 31회 젊은연극제, 소년B가 사는 집",연극,서울,민송아트홀 (구. 브로드웨이아트홀),0.7353,4,800.0,200.0,0.0,0.0,1,272,0.4717602761217446,0.6902651396297458,0.18641360301676208,54.93374379897443,60.93374379897443,0.7063636363636364,True
"목요아트살롱, 연희퍼포머 그룹 처랏: Stage on 처랏 Season 2",한국음악(국악),영남,동래문화회관,0.998,1,504.0,504.0,0.0,0.0,5,505,0.7970531325175191,0.4503634557054701,0.18641360301676208,63.433346092547325,60.83779672215214,0.8190243902439024,True
"목요아트살롱, 과르텟 드 콤마: 현의 노래에 스미다",서양음악(클래식),영남,동래문화회관,0.998,1,504.0,504.0,0.0,0.0,5,505,0.7970531325175191,0.4503634557054701,0.18641360301676208,63.433346092547325,60.83779672215214,0.8190243902439024,True
"김종규 지휘자와 함께하는 뮤지컬의 밤, 캣츠편",뮤지컬,영남,서울주문화센터,1.0,1,318.0,318.0,0.0,0.0,3,318,0.8992913921137956,0.3747751281246732,0.18641360301676208,63.36487265211598,60.769323281720794,0.817560975609756,True
제1246회 서초금요음악회: 오버 더 클래식,서양음악(클래식),서울,서초문화예술회관(구. 서초구민회관),0.8783,1,606.0,606.0,0.0,0.0,6,690,0.5975316389499007,0.48045314297667613,0.18641360301676208,54.76170470167714,60.76170470167714,0.705,True
"서초실내악축제, 송년음악회: Finale",서양음악(클래식),서울,서초문화예술회관(구. 서초구민회관),0.8783,1,606.0,606.0,0.0,0.0,6,690,0.5975316389499007,0.48045314297667613,0.18641360301676208,54.76170470167714,60.76170470167714,0.705,True
전효숙의 대구코랄 정기연주회: 봄날은 간다,서양음악(클래식),영남,수성아트피아,0.9474,1,1098.0,1098.0,0.0,0.0,3,1159,0.6961091935989959,0.5491802635707562,0.18641360301676208,63.31292678158008,60.7173774111849,0.8165853658536585,True
제62회 서울여자대학교 아마추어 오케스트라 (S.W.A.N) 정기연주회,서양음악(클래식),서울,꿈의숲아트센터,0.9701,1,292.0,292.0,0.0,0.0,8,301,0.7299184185754628,0.35473669072272773,0.18641360301676208,54.69240708880486,60.69240708880486,0.7036363636363636,True
제128회 목포시립교향악단 정기연주회,서양음악(클래식),호남,목포문화예술회관,0.8911,1,622.0,622.0,0.0,0.0,6,698,0.6116122790503086,0.48470217550465433,0.18641360301676208,55.72828846726028,60.67503396670784,0.7723684210526316,True
신춘음악회: 대한민국 재즈 페스티벌 [목포],대중음악,호남,목포문화예술회관,0.8911,1,622.0,622.0,0.0,0.0,6,698,0.6116122790503086,0.48470217550465433,0.18641360301676208,55.72828846726028,60.67503396670784,0.7723684210526316,True
"Burning Up!, 원정연 가야금 독주회",한국음악(국악),서울,헤르만아트홀,1.0,1,120.0,120.0,0.0,0.0,1,120,0.8992913921137956,0.2591203848969773,0.18641360301676208,54.66897029320613,60.66897029320613,0.7022727272727273,True
임재영 베이스바리톤 리사이틀,서양음악(클래식),서울,헤르만아트홀,1.0,1,120.0,120.0,0.0,0.0,1,120,0.8992913921137956,0.2591203848969773,0.18641360301676208,54.66897029320613,60.66897029320613,0.7022727272727273,True
"아마추어 뮤지컬 동호회 잡쇼, 뮤지컬 형제는 용감했다",뮤지컬,서울,꿈의숲아트센터,0.7279,4,824.0,206.0,0.0,0.0,8,283,0.4659946658299341,0.6941389499006381,0.18641360301676208,54.65213507369049,60.65213507369049,0.7009090909090909,True
The Power of Voice [충주],대중음악,충청,충주시문화회관,0.9685,1,861.0,861.0,0.0,0.0,1,889,0.7277742913921138,0.5199377680158979,0.18641360301676208,63.61778912827762,60.64477078326173,0.8447488584474886,True
제7회 리틀프렌즈 정기연주회,서양음악(클래식),영남,대구문화예술회관,0.9583,1,966.0,966.0,0.0,0.0,2,1008,0.7100067984520447,0.5313421713209916,0.18641360301676208,63.22767594556318,60.632126575167995,0.8156097560975609,True
그녀들만 아는 공소시효 [당진],연극,충청,당진문예의전당,0.9267,2,556.0,278.0,0.0,0.0,5,300,0.6632020709130844,0.5970792804099989,0.18641360301676208,63.59168379733385,60.618665452317956,0.8378995433789954,True
가정식 백반 맛있게 먹는 법 [당진],연극,충청,당진문예의전당,0.9267,2,556.0,278.0,0.0,0.0,5,300,0.6632020709130844,0.5970792804099989,0.18641360301676208,63.59168379733385,60.618665452317956,0.8378995433789954,True
강릉 합창 대축제,서양음악(클래식),기타,강릉아트센터(구. 강릉문화예술관),0.7845,2,1525.0,762.5,0.0,0.0,7,972,0.5071645225394833,0.7375130739462399,0.18641360301676208,58.91111043157768,60.599038855635776,0.823170731707317,True
KBS국악관현악단과 함께하는 충주 송년음악회,한국음악(국악),충청,충주시문화회관,0.9674,1,860.0,860.0,0.0,0.0,1,889,0.7248457274343688,0.5198697834954503,0.18641360301676208,63.46074704758357,60.48772870256767,0.8310502283105022,True
"무, 춘향 가, 천하",무용(서양/한국무용),호남,광주북구문화센터 (양산도서관),0.9469,1,357.0,357.0,0.0,0.0,3,377,0.6956254575881184,0.39593531011400485,0.18641360301676208,55.52326214873502,60.47000764818259,0.7684210526315789,True
부산학생예술문화회관 교육가족 및 시민 초청 공연: 하모나이즈 콘서트,대중음악,영남,부산학생예술문화회관,0.84285,2,1684.0,842.0,0.0,0.0,5,999,0.5625196109193599,0.7459353101140048,0.18641360301676208,62.97425913341614,60.37870976302096,0.8146341463414634,True
"제32회 젊은연극제, 우리 읍내",연극,서울,서강대 메리홀,0.9,2,180.0,90.0,0.0,0.0,1,100,0.6215877000313774,0.44491554230729,0.18641360301676208,54.37665373144066,60.37665373144066,0.7,True
"경기시나위오케스트라, Bloom in 과천",한국음악(국악),경인,과천시민회관,0.9892,1,919.0,919.0,0.0,0.0,5,929,0.7737292124254785,0.5260289195690827,0.18641360301676208,66.30667415687451,60.30667415687451,0.8762603116406966,True
"경남 청년콘서트, Busker To Stage",대중음악,영남,경상대학교 GNU 국제문화회관,0.9493,1,993.0,993.0,0.0,0.0,2,1046,0.699992155632256,0.5355049158037862,0.18641360301676208,62.88705955679721,60.29151018640203,0.8136585365853658,True
소프라노 성준 귀국 독창회,서양음악(클래식),서울,영산아트홀,0.7358,2,880.0,440.0,0.0,0.0,4,598,0.4723616776487815,0.6687336575672,0.18641360301676208,54.283278139073275,60.283278139073275,0.6990909090909091,True
세상의 모든 음악 [문경],서양음악(클래식),영남,문경문화예술회관,0.9648,1,795.0,795.0,0.0,0.0,3,824,0.7203744378203116,0.5118685283966112,0.18641360301676208,62.834526614814145,60.23897724441896,0.8126829268292682,True
"아츠스프링 대구 페스티벌, 얼쑤 좋다 우리가락 한마당",한국음악(국악),영남,대구문화예술회관,0.9524,1,960.0,960.0,0.0,0.0,2,1008,0.7033129379771991,0.5302962556217969,0.18641360301676208,62.81980561904512,60.22425624864994,0.8117073170731708,True
"군포 최고의 재주꾼 선발대회: 조선 이야기꾼 전기수, 군포 스페셜 Ver.",뮤지컬,경인,군포문화예술회관,0.9799,1,1119.0,1119.0,0.0,0.0,8,1142,0.7483265348812885,0.5510746783809225,0.18641360301676208,66.21232977511171,60.21232977511171,0.8753437213565536,True
"1930철원! 모던타임즈, 레트로 & 뉴트로  CONCERT",대중음악,기타,철원군 화강문화센터,0.9885,1,344.0,344.0,0.0,0.0,6,348,0.7711536450162116,0.3852107520133877,0.18641360301676208,58.42031706459492,60.10824548865301,0.8170731707317073,True
"제14회 GS챔버오케스트라 정기연주회: 셋, 넷 그리고 여덟",서양음악(클래식),서울,꿈의숲아트센터,0.9635,1,290.0,290.0,0.0,0.0,8,301,0.7182172366907227,0.35381367011818843,0.18641360301676208,54.108231267543715,60.108231267543715,0.6968181818181818,True
제42회 한국대학생클래식기타연합회 정기연주회,서양음악(클래식),서울,꿈의숲아트센터,0.9635,1,290.0,290.0,0.0,0.0,8,301,0.7182172366907227,0.35381367011818843,0.18641360301676208,54.108231267543715,60.108231267543715,0.6968181818181818,True
"연극인 합창단 10주년, 함께 노래한다면",서양음악(클래식),서울,꿈의숲아트센터,0.9635,1,290.0,290.0,0.0,0.0,8,301,0.7182172366907227,0.35381367011818843,0.18641360301676208,54.108231267543715,60.108231267543715,0.6968181818181818,True
"열정, 사랑 그리고 감사",서양음악(클래식),서울,꿈의숲아트센터,0.9635,1,290.0,290.0,0.0,0.0,8,301,0.7182172366907227,0.35381367011818843,0.18641360301676208,54.108231267543715,60.108231267543715,0.6968181818181818,True
"김현철, 현마에의 웃음과 감동의 오케스트라 메리 크리스마스",서양음악(클래식),충청,충주시문화회관,0.9629,1,856.0,856.0,0.0,0.0,1,889,0.7173543562388871,0.519535090471708,0.18641360301676208,63.05016078233554,60.077142437319644,0.821917808219178,True
"충주시립우륵국악단, 깨비 깨비 도깨비",한국음악(국악),충청,충주시문화회관,0.9629,1,856.0,856.0,0.0,0.0,1,889,0.7173543562388871,0.519535090471708,0.18641360301676208,63.05016078233554,60.077142437319644,0.821917808219178,True
"충주시립우륵국악단 기획연주회, 우륵을 꿈꾸다",한국음악(국악),충청,충주시문화회관,0.9629,1,856.0,856.0,0.0,0.0,1,889,0.7173543562388871,0.519535090471708,0.18641360301676208,63.05016078233554,60.077142437319644,0.821917808219178,True
KBS대구 클래식 FM 포시즌 특집: 여름,서양음악(클래식),영남,수성아트피아,1.0,1,301.0,301.0,0.0,0.0,3,301,0.8992913921137956,0.3644323292542621,0.18641360301676208,62.65951378440351,60.063964414008325,0.8048780487804879,True
"KBS대구 클래식FM 포시즌 특집, 클래시네마: 겨울",서양음악(클래식),영남,수성아트피아,1.0,1,301.0,301.0,0.0,0.0,3,301,0.8992913921137956,0.3644323292542621,0.18641360301676208,62.65951378440351,60.063964414008325,0.8048780487804879,True
제36회 조이풀보이스 정기연주회,서양음악(클래식),영남,수성아트피아,1.0,1,301.0,301.0,0.0,0.0,3,301,0.8992913921137956,0.3644323292542621,0.18641360301676208,62.65951378440351,60.063964414008325,0.8048780487804879,True
수성하모니 마을합창단 정기연주회,서양음악(클래식),영남,수성아트피아,1.0,1,301.0,301.0,0.0,0.0,3,301,0.8992913921137956,0.3644323292542621,0.18641360301676208,62.65951378440351,60.063964414008325,0.8048780487804879,True
이승희와 이영우의 새로운 사이 Ⅱ,서양음악(클래식),영남,수성아트피아,1.0,1,301.0,301.0,0.0,0.0,3,301,0.8992913921137956,0.3644323292542621,0.18641360301676208,62.65951378440351,60.063964414008325,0.8048780487804879,True
뮤즈앙상블 정기연주회 [대구],서양음악(클래식),영남,수성아트피아,1.0,1,301.0,301.0,0.0,0.0,3,301,0.8992913921137956,0.3644323292542621,0.18641360301676208,62.65951378440351,60.063964414008325,0.8048780487804879,True
뮤즈앙상블 정기연주회 [대구],서양음악(클래식),영남,수성아트피아,1.0,1,301.0,301.0,0.0,0.0,3,301,0.8992913921137956,0.3644323292542621,0.18641360301676208,62.65951378440351,60.063964414008325,0.8048780487804879,True
제5회 CM 시니어 쳄버 오케스트라 정기연주회: NORDIC ODYSSEY,서양음악(클래식),영남,수성아트피아,1.0,1,301.0,301.0,0.0,0.0,3,301,0.8992913921137956,0.3644323292542621,0.18641360301676208,62.65951378440351,60.063964414008325,0.8048780487804879,True
제2회 유니르 플루트 앙상블 정기연주회,서양음악(클래식),영남,수성아트피아,1.0,1,301.0,301.0,0.0,0.0,3,301,0.8992913921137956,0.3644323292542621,0.18641360301676208,62.65951378440351,60.063964414008325,0.8048780487804879,True
바리톤 김승철 독창회 [대구],서양음악(클래식),영남,수성아트피아,1.0,1,301.0,301.0,0.0,0.0,3,301,0.8992913921137956,0.3644323292542621,0.18641360301676208,62.65951378440351,60.063964414008325,0.8048780487804879,True
위드첼로 앙상블 정기 연주회,서양음악(클래식),영남,수성아트피아,1.0,1,301.0,301.0,0.0,0.0,3,301,0.8992913921137956,0.3644323292542621,0.18641360301676208,62.65951378440351,60.063964414008325,0.8048780487804879,True
미드바콰이어 & 앙상블아니마 2nd Step,서양음악(클래식),영남,수성아트피아,1.0,1,301.0,301.0,0.0,0.0,3,301,0.8992913921137956,0.3644323292542621,0.18641360301676208,62.65951378440351,60.063964414008325,0.8048780487804879,True
대구 달서구 의사회 신년음악회,서양음악(클래식),영남,수성아트피아,1.0,1,301.0,301.0,0.0,0.0,3,301,0.8992913921137956,0.3644323292542621,0.18641360301676208,62.65951378440351,60.063964414008325,0.8048780487804879,True
제4회 경산시립교향악단 정기연주회,서양음악(클래식),영남,천마아트센터,0.9174,1,1733.0,1733.0,0.0,0.0,7,1889,0.6491083568664365,0.5942160861834536,0.18641360301676208,62.6567814169026,60.06123204650741,0.7975609756097561,True
경산시립교향악단 기획연주회: 피터와 늑대,서양음악(클래식),영남,천마아트센터,0.9174,1,1733.0,1733.0,0.0,0.0,7,1889,0.6491083568664365,0.5942160861834536,0.18641360301676208,62.6567814169026,60.06123204650741,0.7975609756097561,True
없던 공연: 어느 장애연극인들의 욕망에 대한 기록,연극,서울,모두예술극장,0.7259,4,752.0,188.0,0.0,0.0,0,259,0.46272617926995085,0.6813944671059512,0.18641360301676208,54.019913404172705,60.019913404172705,0.6945454545454546,True
"국립합창단, 영화음악 여행 [함양]",서양음악(클래식),영남,함양문화예술회관,0.9938,1,483.0,483.0,0.0,0.0,2,486,0.7914574835268278,0.44058675870724817,0.18641360301676208,62.6136657099017,60.01811633950652,0.7960975609756098,True
사운드 오브 뮤직 [충주],뮤지컬,충청,충주시문화회관,0.9618,1,855.0,855.0,0.0,0.0,1,889,0.7162692187009727,0.5194213471394206,0.18641360301676208,62.98740125048896,60.01438290547306,0.8127853881278538,True
제6회 경산시립교향악단 정기연주회: Mozart & Dvorak,서양음악(클래식),영남,천마아트센터,0.9169,1,1732.0,1732.0,0.0,0.0,7,1889,0.6481278108984416,0.5941886308963498,0.18641360301676208,62.59881751089915,60.00326814050397,0.7951219512195122,True
청소년 교향악 페스티벌 [성남],서양음악(클래식),경인,성남아트리움 (구. 성남시민회관),0.8613,3,2054.0,684.67,0.0,0.0,10,1102,0.58006484677335,0.8006955339399644,0.18641360301676208,65.98920415229745,59.98920415229745,0.8744271310724107,True
어게인 투란도트: 12월의 투란도트 (12.31),서양음악(클래식),서울,코엑스,0.7563,1,5294.0,5294.0,0.0,0.0,8,7000,0.48748823344838405,0.6274056061081477,0.18641360301676208,53.92595444751461,59.92595444751461,0.6936363636363636,True
"ACC 수요극장, 인형의 집",연극,호남,국립아시아문화전당,0.9879,1,245.0,245.0,0.0,0.0,6,248,0.7688526304779835,0.332222047902939,0.18641360301676208,54.963862328296145,59.91060782774371,0.7657894736842106,True
"목포시립무용단 명무초청 기획공연, 心舞: 이보다 더 좋을 수 없다",무용(서양/한국무용),호남,목포문화예술회관,0.8797,1,614.0,614.0,0.0,0.0,6,698,0.5997411358644493,0.4819174249555487,0.18641360301676208,54.94995670128432,59.89670220073189,0.7631578947368421,True
미녀와 야수 [부여],무용(서양/한국무용),충청,국립부여박물관,0.8953,2,761.0,380.5,0.0,0.0,4,425,0.6149592092877314,0.649401213262211,0.18641360301676208,62.851120417859995,59.8781020728441,0.8082191780821918,True
대구시립교향악단과 함께하는 시민행복 나눔콘서트,서양음악(클래식),영남,아양아트센터,0.9397,1,1044.0,1044.0,0.0,0.0,6,1111,0.6842119025206569,0.5448462503922185,0.18641360301676208,62.463161464068826,59.86761209367364,0.7941463414634147,True
핫 썸머 나잇 콘서트 [부산],대중음악,영남,(재)영화의전당,0.9596,1,807.0,807.0,0.0,0.0,8,841,0.7113534149147579,0.5136139002196424,0.18641360301676208,62.44619198832808,59.8506426179329,0.7931707317073171,True
목포시립교향악단 창단 40주년 기념 특별연주회,서양음악(클래식),호남,목포시민문화체육센터,0.8335,1,1006.0,1006.0,0.0,0.0,6,1207,0.553720845099885,0.5410665725342538,0.18641360301676208,54.86240038971779,59.80914588916536,0.7605263157894737,True
제22회 필그림소년소녀합창단 정기연주회,서양음악(클래식),영남,수성아트피아,0.937,1,1086.0,1086.0,0.0,0.0,3,1159,0.6804989017885158,0.5479905344629223,0.18641360301676208,62.40303035204773,59.807480981652546,0.7921951219512195,True
한국스즈키 경기도연합 오케스트라 창단연주회,서양음악(클래식),경인,용인포은아트홀,0.9706,1,1222.0,1222.0,0.0,0.0,5,1259,0.7310166300596171,0.5614540843008053,0.18641360301676208,65.77821020340853,59.778210203408534,0.8735105407882676,True
제11회 아산온궁오케스트라 정기연주회: The Music Box,서양음악(클래식),충청,아산시 평생학습관(여성회관 아산아트홀),0.9902,1,504.0,504.0,0.0,0.0,4,509,0.7826848655998326,0.4503634557054701,0.18641360301676208,62.744753699777036,59.77173535476114,0.8036529680365296,True
제30회 달서구립합창단 정기연주회 [대구],서양음악(클래식),영남,달서아트센터 (구. 웃는얼굴아트센터),0.9956,1,453.0,453.0,0.0,0.0,6,455,0.7944644911620123,0.4323776278631942,0.18641360301676208,62.28593388699992,59.69038451660474,0.791219512195122,True
나주시립소년소녀합창단 & 에스토니아 EMTA합창단 FRIENDSHIP CONCERT,서양음악(클래식),호남,나주문화예술회관,0.9033,1,495.0,495.0,0.0,0.0,1,548,0.6281900428825437,0.44457431231042777,0.18641360301676208,54.70567425620547,59.652419755653035,0.7578947368421053,True
"나빌레라예술단, 반란: better days [광주]",무용(서양/한국무용),호남,광주북구문화센터(양산도서관),0.939,1,354.0,354.0,0.0,0.0,3,377,0.6833620960150611,0.391605219119339,0.18641360301676208,54.69277009299408,59.63951559244165,0.7552631578947369,True
"여주시민과 함께하는 송년 콘서트, 아듀! & 땡큐: 박원숙 & 혜은이",대중음악,경인,세종국악당,1.0,1,388.0,388.0,0.0,0.0,1,388,0.8992913921137956,0.40845492103336467,0.18641360301676208,65.58400211340862,59.584002113408616,0.8725939505041247,True
"경산시립교향악단 실내악 시리즈1, String Ensemble",서양음악(클래식),영남,천마아트센터,0.9882,1,504.0,504.0,0.0,0.0,7,510,0.7705391695429349,0.4503634557054701,0.18641360301676208,62.15872383023851,59.563174459843324,0.7902439024390244,True
사슴 코딱코의 재판 [온양],뮤지컬,영남,온양문화복지센터,0.9131,2,515.0,257.5,0.0,0.0,3,282,0.6448331764459785,0.5881563121012446,0.18641360301676208,62.15349132111584,59.557941950720654,0.7892682926829269,True
소리또깨비 똥콩,뮤지컬,충청,충주시문화회관,0.9561,1,850.0,850.0,0.0,0.0,1,889,0.707614266290137,0.5190108252274866,0.18641360301676208,62.50985832402009,59.53683997900419,0.7990867579908676,True
"부산시립국악관현악단 특별연주회, 신년음악회: 청룡이 나르샤",한국음악(국악),영남,부산문화회관,0.9245,1,1310.0,1310.0,0.0,0.0,7,1417,0.6596590314820625,0.5672432276958477,0.18641360301676208,62.10112038751756,59.50557101712238,0.7882926829268293,True
경셩유행가: 판을 나온 소리 [서산],한국음악(국악),충청,서산시문화회관,0.9834,1,591.0,591.0,0.0,0.0,3,601,0.75390910992574,0.4711745633301957,0.18641360301676208,62.468938948590214,59.49592060357432,0.7945205479452054,True
"안양아트인데이, 꽃과 사랑 힐링콘서트 [안양]",서양음악(클래식),경인,안양아트센터,1.0,1,382.0,382.0,0.0,0.0,5,382,0.8992913921137956,0.4056910887982429,0.18641360301676208,65.40612939190706,59.40612939190706,0.8716773602199817,True
"제7회 창원국제실내악축제, 콩콩콩 클래식 [창원]",서양음악(클래식),영남,성산아트홀,0.9153,1,1556.0,1556.0,0.0,0.0,2,1700,0.6465066415646898,0.5821985147997071,0.18641360301676208,61.997222266258845,59.40167289586366,0.7873170731707317,True
걸궁꾼과 해녀의 가문잔치,한국음악(국악),제주,제주아트센터,0.9443,1,1118.0,1118.0,0.0,0.0,6,1184,0.6917555695010982,0.5507687480389081,0.18641360301676208,63.14795843098055,59.39728308377863,0.7065217391304348,True
"신춘 국악콘서트: 탐라, 봄의 향연",한국음악(국악),제주,제주아트센터,0.9443,1,1118.0,1118.0,0.0,0.0,6,1184,0.6917555695010982,0.5507687480389081,0.18641360301676208,63.14795843098055,59.39728308377863,0.7065217391304348,True
"클래식 페스티벌, 해설이 있는 클래식 콘서트 [제주]",서양음악(클래식),제주,제주아트센터,0.9443,1,1118.0,1118.0,0.0,0.0,6,1184,0.6917555695010982,0.5507687480389081,0.18641360301676208,63.14795843098055,59.39728308377863,0.7065217391304348,True
프란츠 리스트에게의 헌정: 이별,서양음악(클래식),호남,예울마루,0.9669,1,292.0,292.0,0.0,0.0,7,302,0.7243096956385315,0.35473669072272773,0.18641360301676208,54.43986296482315,59.386608464270715,0.7526315789473684,True
"가야지무, 세번째이야기",무용(서양/한국무용),영남,김해문화의전당,0.9214,1,1349.0,1349.0,0.0,0.0,8,1464,0.6564166928145592,0.5686761322037444,0.18641360301676208,61.98031375909107,59.384764388695885,0.7853658536585366,True
제11회 인제피아노소사이어티 정기연주회 [김해],서양음악(클래식),영남,김해문화의전당,0.9214,1,1349.0,1349.0,0.0,0.0,8,1464,0.6564166928145592,0.5686761322037444,0.18641360301676208,61.98031375909107,59.384764388695885,0.7853658536585366,True
"제14회 김해가야금축제, 김해시립가야금연주단 콘서트: 지금",한국음악(국악),영남,김해문화의전당,0.9214,1,1349.0,1349.0,0.0,0.0,8,1464,0.6564166928145592,0.5686761322037444,0.18641360301676208,61.98031375909107,59.384764388695885,0.7853658536585366,True
과천솔로이스츠: 과천시립교향악단 실내악시리즈 2,서양음악(클래식),경인,과천시민회관,1.0,1,380.0,380.0,0.0,0.0,5,380,0.8992913921137956,0.40493933688944667,0.18641360301676208,65.35762298454476,59.35762298454476,0.8703024747937672,True
위리 Wiri 너의 이야기를 들려줘 [과천],뮤지컬,경인,과천시민회관,1.0,1,380.0,380.0,0.0,0.0,5,380,0.8992913921137956,0.40493933688944667,0.18641360301676208,65.35762298454476,59.35762298454476,0.8703024747937672,True
대구학생예술단 합주&합창&국악단 연합연주회,서양음악(클래식),영남,대구학생문화센터,0.9233,1,1264.0,1264.0,0.0,0.0,2,1369,0.6586523376215877,0.5647291078339085,0.18641360301676208,61.93409725884745,59.33854788845227,0.7834146341463415,True
미녀와 야수 [청양],뮤지컬,충청,청양문예회관,0.9735,1,625.0,625.0,0.0,0.0,5,642,0.7353179583725552,0.4851257713628282,0.18641360301676208,62.262541202249025,59.28952285723313,0.7899543378995434,True
"ACC 수요극장, 세비야의 이발사",서양음악(클래식),호남,국립아시아문화전당,0.9839,1,244.0,244.0,0.0,0.0,6,248,0.754706620646376,0.33166509779311787,0.18641360301676208,54.31837944792811,59.265124947375675,0.75,True
백설공주의 사과 [충주],연극,충청,충주시문화회관,0.9516,1,846.0,846.0,0.0,0.0,1,889,0.7028945716975212,0.5185297040058572,0.18641360301676208,62.23627191956895,59.263253574553055,0.7853881278538812,True
거인 앙갈로 [정약용도서관],연극,경인,정약용도서관,0.9375,2,600.0,300.0,0.0,0.0,9,320,0.681270264616672,0.6113691036502458,0.18641360301676208,65.23986521900169,59.239865219001686,0.8680109990834097,True
괴물 연을 그리다 [정약용도서관],연극,경인,정약용도서관,0.9375,2,600.0,300.0,0.0,0.0,9,320,0.681270264616672,0.6113691036502458,0.18641360301676208,65.23986521900169,59.239865219001686,0.8680109990834097,True
나무의 아이 [정약용도서관],연극,경인,정약용도서관,0.9375,2,600.0,300.0,0.0,0.0,9,320,0.681270264616672,0.6113691036502458,0.18641360301676208,65.23986521900169,59.239865219001686,0.8680109990834097,True
빵굽는 포포아저씨 [철원],뮤지컬,기타,철원군 화강문화센터,0.9828,1,342.0,342.0,0.0,0.0,6,348,0.7529024160652651,0.38456359167451104,0.18641360301676208,57.54803255176623,59.23596097582432,0.8109756097560976,True
임영주 & 이영신 듀오 리사이틀 1,서양음악(클래식),서울,예술의전당 [서울],1.0,1,100.0,100.0,0.0,0.0,10,100,0.8992913921137956,0.2421307917581843,0.18641360301676208,53.20595842049764,59.20595842049764,0.69,True
진윤경 피리 렉쳐 콘서트: 북한의 피리와 한민족 음악의 디아스포라,한국음악(국악),서울,예술의전당 [서울],1.0,1,100.0,100.0,0.0,0.0,10,100,0.8992913921137956,0.2421307917581843,0.18641360301676208,53.20595842049764,59.20595842049764,0.69,True
제4회 우미현 작품발표회,서양음악(클래식),서울,예술의전당 [서울],1.0,1,100.0,100.0,0.0,0.0,10,100,0.8992913921137956,0.2421307917581843,0.18641360301676208,53.20595842049764,59.20595842049764,0.69,True
이민경 바이올린 독주회,서양음악(클래식),서울,예술의전당 [서울],1.0,1,100.0,100.0,0.0,0.0,10,100,0.8992913921137956,0.2421307917581843,0.18641360301676208,53.20595842049764,59.20595842049764,0.69,True
이민경 바이올린 독주회,서양음악(클래식),서울,예술의전당 [서울],1.0,1,100.0,100.0,0.0,0.0,10,390,0.8992913921137956,0.2421307917581843,0.18641360301676208,53.20595842049764,59.20595842049764,0.69,True
소프라노 노정애 독창회,서양음악(클래식),서울,예술의전당 [서울],1.0,1,100.0,100.0,0.0,0.0,10,100,0.8992913921137956,0.2421307917581843,0.18641360301676208,53.20595842049764,59.20595842049764,0.69,True
대한음악예술과비평학회 정기 렉쳐콘서트: Ornamentation,서양음악(클래식),서울,예술의전당 [서울],1.0,1,100.0,100.0,0.0,0.0,10,100,0.8992913921137956,0.2421307917581843,0.18641360301676208,53.20595842049764,59.20595842049764,0.69,True
사신의 기: 택견 [충주],한국음악(국악),충청,충주시문화회관,0.9505,1,845.0,845.0,0.0,0.0,1,889,0.7018617299445664,0.5184198828574418,0.18641360301676208,62.17611716976694,59.203098824751045,0.7785388127853882,True
"제72회 충주시립우륵국악단 정기연주회: 책, 가을 그리고 음악",한국음악(국악),충청,충주시문화회관,0.9505,1,845.0,845.0,0.0,0.0,1,889,0.7018617299445664,0.5184198828574418,0.18641360301676208,62.17611716976694,59.203098824751045,0.7785388127853882,True
제1245회 서초금요음악회: 여름소리,서양음악(클래식),서울,서초문화예술회관(구. 서초구민회관),0.8565,1,591.0,591.0,0.0,0.0,6,690,0.5748221943311369,0.4711745633301957,0.18641360301676208,53.08757060941029,59.08757060941029,0.6859090909090909,True
"베토벤과 하이든의 만남, 운명",서양음악(클래식),서울,서초문화예술회관(구. 서초구민회관),0.8565,1,591.0,591.0,0.0,0.0,6,690,0.5748221943311369,0.4711745633301957,0.18641360301676208,53.08757060941029,59.08757060941029,0.6859090909090909,True
오케스트라와 함께하는 해설 클래식,서양음악(클래식),제주,서귀포예술의전당,0.9663,1,775.0,775.0,0.0,0.0,5,802,0.7225054910574208,0.5092694278841126,0.18641360301676208,62.81794623838017,59.067270891178254,0.6793478260869565,True
타악기오케스트라로 만나보는 클래식,서양음악(클래식),제주,서귀포예술의전당,0.9663,1,775.0,775.0,0.0,0.0,5,802,0.7225054910574208,0.5092694278841126,0.18641360301676208,62.81794623838017,59.067270891178254,0.6793478260869565,True
가요톱텐 [청송],뮤지컬,영남,청송문화예술회관,0.9976,1,415.0,415.0,0.0,0.0,1,416,0.7964386570442422,0.4195115573684761,0.18641360301676208,61.629546332601926,59.03399696220674,0.7819512195121952,True
오백에 삼십 [청송],연극,영남,청송문화예술회관,0.9976,1,415.0,415.0,0.0,0.0,1,416,0.7964386570442422,0.4195115573684761,0.18641360301676208,61.629546332601926,59.03399696220674,0.7819512195121952,True
뷰티플마인드와 함께하는 가을 음악회,서양음악(클래식),서울,롯데콘서트홀,0.7716,1,1571.0,1571.0,0.0,0.0,6,2036,0.4977905030854513,0.5829581110762473,0.18641360301676208,53.02527185958288,59.02527185958288,0.6840909090909091,True
롯데 파트너사 초청 행복나눔 동행 콘서트,서양음악(클래식),서울,롯데콘서트홀,0.7716,1,1571.0,1571.0,0.0,0.0,6,2036,0.4977905030854513,0.5829581110762473,0.18641360301676208,53.02527185958288,59.02527185958288,0.6840909090909091,True
"해설이 있는 음악회, 10월의 어느 멋진 날",서양음악(클래식),영남,온양문화복지센터,1.0,1,282.0,282.0,0.0,0.0,3,282,0.8992913921137956,0.3493476100826274,0.18641360301676208,61.60888833278138,59.0133389623862,0.7804878048780488,True
"연희 데카당스 3부작, 금수버스 회의록",한국음악(국악),서울,강동아트센터,0.73866667,3,554.0,184.67,0.0,0.0,7,250,0.47434891747725133,0.6263400794895931,0.18641360301676208,53.01305467586587,59.01305467586587,0.6827272727272727,True
AFTERSHOCK6,대중무용,경인,고양어울림누리,1.0,1,366.0,366.0,0.0,0.0,8,366,0.8992913921137956,0.39930185127078754,0.18641360301676208,64.99213313070537,58.99213313070537,0.8395967002749771,True
THE CELLOS 앙상블 연주회,서양음악(클래식),경인,고양어울림누리,1.0,1,366.0,366.0,0.0,0.0,8,366,0.8992913921137956,0.39930185127078754,0.18641360301676208,64.99213313070537,58.99213313070537,0.8395967002749771,True
고양시립소년소녀합창단 향상음악회,서양음악(클래식),경인,고양어울림누리,1.0,1,366.0,366.0,0.0,0.0,8,366,0.8992913921137956,0.39930185127078754,0.18641360301676208,64.99213313070537,58.99213313070537,0.8395967002749771,True
금수SHOW,뮤지컬,경인,고양어울림누리,1.0,1,366.0,366.0,0.0,0.0,8,366,0.8992913921137956,0.39930185127078754,0.18641360301676208,64.99213313070537,58.99213313070537,0.8395967002749771,True
러브월드 다문화 오케스트라 후원 연주회,서양음악(클래식),경인,고양어울림누리,1.0,1,366.0,366.0,0.0,0.0,8,366,0.8992913921137956,0.39930185127078754,0.18641360301676208,64.99213313070537,58.99213313070537,0.8395967002749771,True
"이야기를 들려주는 청소년음악회 시리즈 Ⅰ, 슈필스트링오케스트라 고울어린이합창단",서양음악(클래식),경인,고양어울림누리,1.0,1,366.0,366.0,0.0,0.0,8,366,0.8992913921137956,0.39930185127078754,0.18641360301676208,64.99213313070537,58.99213313070537,0.8395967002749771,True
제7회 고양혼성합창단 정기연주회: 가을 담은 노래,서양음악(클래식),경인,고양어울림누리,1.0,1,366.0,366.0,0.0,0.0,8,366,0.8992913921137956,0.39930185127078754,0.18641360301676208,64.99213313070537,58.99213313070537,0.8395967002749771,True
제41회 대한민국연극제 경기도대회,연극,경인,고양어울림누리,1.0,1,366.0,366.0,0.0,0.0,8,366,0.8992913921137956,0.39930185127078754,0.18641360301676208,64.99213313070537,58.99213313070537,0.8395967002749771,True
뮤즈여성합창단/칸토르합창단 정기연주회,서양음악(클래식),경인,고양어울림누리,1.0,1,366.0,366.0,0.0,0.0,8,366,0.8992913921137956,0.39930185127078754,0.18641360301676208,64.99213313070537,58.99213313070537,0.8395967002749771,True
제18회 김권수와 고양특례시민이 함께하는 국악의 향연: 휘몰이잡가 전승공연 [고양],한국음악(국악),경인,고양어울림누리,1.0,1,366.0,366.0,0.0,0.0,8,366,0.8992913921137956,0.39930185127078754,0.18641360301676208,64.99213313070537,58.99213313070537,0.8395967002749771,True
제1회 루체혼성합창단 정기연주회: 기다림 & 설레임,서양음악(클래식),경인,고양어울림누리,1.0,1,366.0,366.0,0.0,0.0,8,366,0.8992913921137956,0.39930185127078754,0.18641360301676208,64.99213313070537,58.99213313070537,0.8395967002749771,True
제5회 고양레이디스싱어즈 정기연주회,서양음악(클래식),경인,고양어울림누리,1.0,1,366.0,366.0,0.0,0.0,8,366,0.8992913921137956,0.39930185127078754,0.18641360301676208,64.99213313070537,58.99213313070537,0.8395967002749771,True
지휘자 양진모와 함께하는 오페라가 영화를 만날 때,서양음악(클래식),경인,고양어울림누리,1.0,1,366.0,366.0,0.0,0.0,8,366,0.8992913921137956,0.39930185127078754,0.18641360301676208,64.99213313070537,58.99213313070537,0.8395967002749771,True
"제4회 고양 레이디스 싱어즈 정기연주회, Gabriel Faure REQUIEM",서양음악(클래식),경인,고양어울림누리,1.0,1,366.0,366.0,0.0,0.0,8,366,0.8992913921137956,0.39930185127078754,0.18641360301676208,64.99213313070537,58.99213313070537,0.8395967002749771,True
제6회 고양혼성합창단 정기연주회: 고향의 봄,서양음악(클래식),경인,고양어울림누리,1.0,1,366.0,366.0,0.0,0.0,8,366,0.8992913921137956,0.39930185127078754,0.18641360301676208,64.99213313070537,58.99213313070537,0.8395967002749771,True
"제41회 아첼청소년오케스트라 정기연주회, 아첼청소년 어울림음악회",서양음악(클래식),경인,고양어울림누리,1.0,1,366.0,366.0,0.0,0.0,8,366,0.8992913921137956,0.39930185127078754,0.18641360301676208,64.99213313070537,58.99213313070537,0.8395967002749771,True
제2회 J발레학원 정기공연,무용(서양/한국무용),경인,고양어울림누리,1.0,1,366.0,366.0,0.0,0.0,8,366,0.8992913921137956,0.39930185127078754,0.18641360301676208,64.99213313070537,58.99213313070537,0.8395967002749771,True
뻔 (fun) 한 사랑이야기 1: 사랑은 돌아오는거야~,서양음악(클래식),경인,고양어울림누리,1.0,1,366.0,366.0,0.0,0.0,8,366,0.8992913921137956,0.39930185127078754,0.18641360301676208,64.99213313070537,58.99213313070537,0.8395967002749771,True
제2회 주아비발레학원 정기공연,무용(서양/한국무용),경인,고양어울림누리,1.0,1,366.0,366.0,0.0,0.0,8,366,0.8992913921137956,0.39930185127078754,0.18641360301676208,64.99213313070537,58.99213313070537,0.8395967002749771,True
GTG 청소년오케스트라 정기 연주회,서양음악(클래식),경인,고양어울림누리,1.0,1,366.0,366.0,0.0,0.0,8,366,0.8992913921137956,0.39930185127078754,0.18641360301676208,64.99213313070537,58.99213313070537,0.8395967002749771,True
그라티아 오케스트라 정기연주회,서양음악(클래식),경인,고양어울림누리,1.0,1,366.0,366.0,0.0,0.0,8,366,0.8992913921137956,0.39930185127078754,0.18641360301676208,64.99213313070537,58.99213313070537,0.8395967002749771,True
제6회 GTG 청소년오케스트라 정기연주회,서양음악(클래식),경인,고양어울림누리,1.0,1,366.0,366.0,0.0,0.0,8,366,0.8992913921137956,0.39930185127078754,0.18641360301676208,64.99213313070537,58.99213313070537,0.8395967002749771,True
Festival of Dance,무용(서양/한국무용),경인,고양어울림누리,1.0,1,366.0,366.0,0.0,0.0,8,366,0.8992913921137956,0.39930185127078754,0.18641360301676208,64.99213313070537,58.99213313070537,0.8395967002749771,True
이나라 제자연주회,서양음악(클래식),경인,고양어울림누리,1.0,1,366.0,366.0,0.0,0.0,8,366,0.8992913921137956,0.39930185127078754,0.18641360301676208,64.99213313070537,58.99213313070537,0.8395967002749771,True
"희망을 노래하다, 사랑나눔 행복의 콘서트 [고양]",서양음악(클래식),경인,고양어울림누리,1.0,1,366.0,366.0,0.0,0.0,8,366,0.8992913921137956,0.39930185127078754,0.18641360301676208,64.99213313070537,58.99213313070537,0.8395967002749771,True
덕양구 우수학생 연주회,서양음악(클래식),경인,고양어울림누리,1.0,1,366.0,366.0,0.0,0.0,8,366,0.8992913921137956,0.39930185127078754,0.18641360301676208,64.99213313070537,58.99213313070537,0.8395967002749771,True
"우리가 다시 쓰는 오페라, 마술피리",서양음악(클래식),경인,고양어울림누리,1.0,1,366.0,366.0,0.0,0.0,8,366,0.8992913921137956,0.39930185127078754,0.18641360301676208,64.99213313070537,58.99213313070537,0.8395967002749771,True
제17회 김권수와 함께하는 국악의 향연,한국음악(국악),경인,고양어울림누리,1.0,1,366.0,366.0,0.0,0.0,8,366,0.8992913921137956,0.39930185127078754,0.18641360301676208,64.99213313070537,58.99213313070537,0.8395967002749771,True
"힐링, 교과서음악회",서양음악(클래식),경인,고양어울림누리,1.0,1,366.0,366.0,0.0,0.0,8,366,0.8992913921137956,0.39930185127078754,0.18641360301676208,64.99213313070537,58.99213313070537,0.8395967002749771,True
제10회 정기연주회,서양음악(클래식),경인,고양어울림누리,1.0,1,366.0,366.0,0.0,0.0,8,366,0.8992913921137956,0.39930185127078754,0.18641360301676208,64.99213313070537,58.99213313070537,0.8395967002749771,True
제31회 국악대공연 [고양],한국음악(국악),경인,고양어울림누리,1.0,1,366.0,366.0,0.0,0.0,8,366,0.8992913921137956,0.39930185127078754,0.18641360301676208,64.99213313070537,58.99213313070537,0.8395967002749771,True
유니온 청소년 오케스트라 정기연주회,서양음악(클래식),경인,고양어울림누리,1.0,1,366.0,366.0,0.0,0.0,8,366,0.8992913921137956,0.39930185127078754,0.18641360301676208,64.99213313070537,58.99213313070537,0.8395967002749771,True
제30회 국악대공연,한국음악(국악),경인,고양어울림누리,1.0,1,366.0,366.0,0.0,0.0,8,366,0.8992913921137956,0.39930185127078754,0.18641360301676208,64.99213313070537,58.99213313070537,0.8395967002749771,True
제5회 고양청소년필오케스트라 정기연주회 [고양],서양음악(클래식),경인,고양어울림누리,1.0,1,366.0,366.0,0.0,0.0,8,366,0.8992913921137956,0.39930185127078754,0.18641360301676208,64.99213313070537,58.99213313070537,0.8395967002749771,True
"제6회 고양 ROTC 로파스합창단 정기연주회, 다시 울려퍼지는 노래",서양음악(클래식),경인,고양어울림누리,1.0,1,366.0,366.0,0.0,0.0,8,366,0.8992913921137956,0.39930185127078754,0.18641360301676208,64.99213313070537,58.99213313070537,0.8395967002749771,True
제2회 런앤플레이 정기공연,대중무용,경인,고양어울림누리,1.0,1,366.0,366.0,0.0,0.0,8,366,0.8992913921137956,0.39930185127078754,0.18641360301676208,64.99213313070537,58.99213313070537,0.8395967002749771,True
"월드비전 합창단 정기연주회, World is One: 우리들의 이야기 [일산]",서양음악(클래식),경인,고양어울림누리,1.0,1,366.0,366.0,0.0,0.0,8,366,0.8992913921137956,0.39930185127078754,0.18641360301676208,64.99213313070537,58.99213313070537,0.8395967002749771,True
제39회 정기연주회 아첼청소년 어울림 음악회,서양음악(클래식),경인,고양어울림누리,1.0,1,366.0,366.0,0.0,0.0,8,366,0.8992913921137956,0.39930185127078754,0.18641360301676208,64.99213313070537,58.99213313070537,0.8395967002749771,True
제5회 화정마을오케스트라 정기연주회,서양음악(클래식),경인,고양어울림누리,1.0,1,366.0,366.0,0.0,0.0,8,366,0.8992913921137956,0.39930185127078754,0.18641360301676208,64.99213313070537,58.99213313070537,0.8395967002749771,True
AFTERSHOCK7 (애프터쇼크7),대중무용,경인,고양어울림누리,1.0,1,366.0,366.0,0.0,0.0,8,366,0.8992913921137956,0.39930185127078754,0.18641360301676208,64.99213313070537,58.99213313070537,0.8395967002749771,True
경기이룸학교 고양소리톡! 성과발표회,대중음악,경인,고양어울림누리,1.0,1,366.0,366.0,0.0,0.0,8,366,0.8992913921137956,0.39930185127078754,0.18641360301676208,64.99213313070537,58.99213313070537,0.8395967002749771,True
고양호수청소년오케스트라 정기연주회,서양음악(클래식),경인,고양어울림누리,1.0,1,366.0,366.0,0.0,0.0,8,366,0.8992913921137956,0.39930185127078754,0.18641360301676208,64.99213313070537,58.99213313070537,0.8395967002749771,True
꿈나무 음악회,서양음악(클래식),경인,고양어울림누리,1.0,1,366.0,366.0,0.0,0.0,8,366,0.8992913921137956,0.39930185127078754,0.18641360301676208,64.99213313070537,58.99213313070537,0.8395967002749771,True
제3회 해브바이올린 정기연주회 [고양],서양음악(클래식),경인,고양어울림누리,1.0,1,366.0,366.0,0.0,0.0,8,366,0.8992913921137956,0.39930185127078754,0.18641360301676208,64.99213313070537,58.99213313070537,0.8395967002749771,True
고양특례시 영재발굴을 위한 우수학생 연주회,서양음악(클래식),경인,고양어울림누리,1.0,1,366.0,366.0,0.0,0.0,8,366,0.8992913921137956,0.39930185127078754,0.18641360301676208,64.99213313070537,58.99213313070537,0.8395967002749771,True
클래식 발레여행,무용(서양/한국무용),경인,고양어울림누리,1.0,1,366.0,366.0,0.0,0.0,8,366,0.8992913921137956,0.39930185127078754,0.18641360301676208,64.99213313070537,58.99213313070537,0.8395967002749771,True
제2회 경기소리 휘몰이잡가 이수자 발표회,한국음악(국악),경인,고양어울림누리,1.0,1,366.0,366.0,0.0,0.0,8,366,0.8992913921137956,0.39930185127078754,0.18641360301676208,64.99213313070537,58.99213313070537,0.8395967002749771,True
한여름밤의 꿈 (Midsummer Night's Dream),서양음악(클래식),경인,고양어울림누리,1.0,1,366.0,366.0,0.0,0.0,8,366,0.8992913921137956,0.39930185127078754,0.18641360301676208,64.99213313070537,58.99213313070537,0.8395967002749771,True
"제42회 대한민국연극제, 암중모색 [경기도]",연극,경인,고양어울림누리,1.0,1,366.0,366.0,0.0,0.0,8,366,0.8992913921137956,0.39930185127078754,0.18641360301676208,64.99213313070537,58.99213313070537,0.8395967002749771,True
포도나무여성콰이어 정기연주회,서양음악(클래식),경인,고양어울림누리,1.0,1,366.0,366.0,0.0,0.0,8,366,0.8992913921137956,0.39930185127078754,0.18641360301676208,64.99213313070537,58.99213313070537,0.8395967002749771,True
사랑나눔 행복의 콘서트,서양음악(클래식),경인,고양어울림누리,1.0,1,366.0,366.0,0.0,0.0,8,366,0.8992913921137956,0.39930185127078754,0.18641360301676208,64.99213313070537,58.99213313070537,0.8395967002749771,True
안전문화콘서트,대중음악,경인,고양어울림누리,1.0,1,366.0,366.0,0.0,0.0,8,366,0.8992913921137956,0.39930185127078754,0.18641360301676208,64.99213313070537,58.99213313070537,0.8395967002749771,True
제3회 배재 OB 남성 합창단 정기공연,서양음악(클래식),경인,고양어울림누리,1.0,1,366.0,366.0,0.0,0.0,8,366,0.8992913921137956,0.39930185127078754,0.18641360301676208,64.99213313070537,58.99213313070537,0.8395967002749771,True
고양시민과 함께하는 송년 자선음악회,대중음악,경인,고양어울림누리,1.0,1,366.0,366.0,0.0,0.0,8,366,0.8992913921137956,0.39930185127078754,0.18641360301676208,64.99213313070537,58.99213313070537,0.8395967002749771,True
민플릇 오케스트라 정기연주,서양음악(클래식),경인,고양어울림누리,1.0,1,366.0,366.0,0.0,0.0,8,366,0.8992913921137956,0.39930185127078754,0.18641360301676208,64.99213313070537,58.99213313070537,0.8395967002749771,True
"제51회 어버이날 기념, 한살매 합창단 가족 초청 음악회",서양음악(클래식),경인,고양어울림누리,1.0,1,366.0,366.0,0.0,0.0,8,366,0.8992913921137956,0.39930185127078754,0.18641360301676208,64.99213313070537,58.99213313070537,0.8395967002749771,True
더 클래식 이야기 [고양],서양음악(클래식),경인,고양어울림누리,1.0,1,366.0,366.0,0.0,0.0,8,366,0.8992913921137956,0.39930185127078754,0.18641360301676208,64.99213313070537,58.99213313070537,0.8395967002749771,True
동요콘서트,서양음악(클래식),경인,고양어울림누리,1.0,1,366.0,366.0,0.0,0.0,8,366,0.8992913921137956,0.39930185127078754,0.18641360301676208,64.99213313070537,58.99213313070537,0.8395967002749771,True
"고양호수청소년 오케스트라, 협주곡의 밤 [고양]",서양음악(클래식),경인,고양어울림누리,1.0,1,366.0,366.0,0.0,0.0,8,366,0.8992913921137956,0.39930185127078754,0.18641360301676208,64.99213313070537,58.99213313070537,0.8395967002749771,True
충북도립교향악단 시군 순회연주회,서양음악(클래식),충청,충주시문화회관,0.9483,1,843.0,843.0,0.0,0.0,1,889,0.6977042150402678,0.518164940905763,0.18641360301676208,61.94268379096649,58.9696654459506,0.771689497716895,True
종이아빠 [군산],뮤지컬,호남,군산어린이공연장,0.7879,2,520.0,260.0,0.0,0.0,3,330,0.5094263152389917,0.5892218387197992,0.18641360301676208,53.99584714464171,58.942592644089274,0.7473684210526316,True
제31회 덕원예술고등학교 정기연주회,서양음악(클래식),서울,롯데콘서트홀,0.7696,1,1567.0,1567.0,0.0,0.0,6,2036,0.49616933375169964,0.5826351846041209,0.18641360301676208,52.9098626679247,58.9098626679247,0.6818181818181818,True
풀이 정기공연,한국음악(국악),서울,꿈의숲아트센터,0.9541,1,270.0,270.0,0.0,0.0,8,283,0.7056139525154272,0.34342511243593765,0.18641360301676208,52.902124774696965,58.902124774696965,0.6809090909090909,True
이희승 피아노 독주회,서양음악(클래식),서울,세종문화회관,0.9007,1,399.0,399.0,0.0,0.0,3,443,0.6244639682041627,0.41244116724192026,0.18641360301676208,52.89921576107483,58.89921576107483,0.68,True
"광주시립극단, 출장 연극 시리즈 1: 오스카와 장미할머니 [광주서구문화센터]",연극,호남,광주서구문화센터,0.9448,1,308.0,308.0,0.0,0.0,6,326,0.6928407070390127,0.37073004915803787,0.18641360301676208,53.95145396997717,58.89819946942474,0.7447368421052631,True
강태관과 함께하는 우리 춤 우리 가락 [대구],한국음악(국악),영남,아양아트센터,0.9298,1,1033.0,1033.0,0.0,0.0,6,1111,0.6671504026775442,0.5439075410521912,0.18641360301676208,61.48147577377353,58.88592640337835,0.7790243902439025,True
동구문화재단 출범 10주년 기념음악회: Together [대구],서양음악(클래식),영남,아양아트센터,0.9298,1,1033.0,1033.0,0.0,0.0,6,1111,0.6671504026775442,0.5439075410521912,0.18641360301676208,61.48147577377353,58.88592640337835,0.7790243902439025,True
제178회 경상북도 도립교향악단 정기연주회: 청송군민을 위한 가을음악회,서양음악(클래식),영남,청송문화예술회관,0.9952,1,414.0,414.0,0.0,0.0,1,416,0.7933401317853781,0.4190748875640624,0.18641360301676208,61.45996509412085,58.864415723725664,0.7775609756097561,True
광주시립창극단 특별공연: 판소리 감상회,한국음악(국악),호남,광주공연마루,0.78873333,3,407.0,135.67,0.0,0.0,6,172,0.50975316389499,0.5859559669490639,0.18641360301676208,53.8966721452563,58.84341764470386,0.7421052631578947,True
제7회 경산시립교향악단 정기연주회,서양음악(클래식),영남,천마아트센터,0.9037,1,1707.0,1707.0,0.0,0.0,7,1889,0.6285953352159815,0.5936277586026566,0.18641360301676208,61.43676967932473,58.84122030892955,0.7765853658536586,True
"경산시립교향악단 실내악 시리즈2, Wind Ensemble",서양음악(클래식),영남,천마아트센터,0.9843,1,502.0,502.0,0.0,0.0,7,510,0.7560009413241293,0.44964569605689786,0.18641360301676208,61.41317888957778,58.817629519182596,0.775609756097561,True
"남양주시립합창단, 클래식 세계여행: 우리들의 크리스마스",서양음악(클래식),경인,정약용도서관,1.1219,1,359.0,359.0,0.0,0.0,9,320,0.8992913921137956,0.3964451940173622,0.18641360301676208,64.80574757133817,58.80574757133817,0.8120989917506874,True
독립운동의 고장에서 20세기 전반기를 걷다 [안동],서양음악(클래식),영남,안동문화예술의전당,1.0,1,276.0,276.0,0.0,0.0,7,276,0.8992913921137956,0.34564376111285433,0.18641360301676208,61.34677697148736,58.751227601092175,0.7746341463414634,True
드림 어 드림 [오산],뮤지컬,경인,오산문화예술회관,0.985,1,788.0,788.0,0.0,0.0,2,800,0.758197364292438,0.5110187218910156,0.18641360301676208,64.75064319239361,58.75064319239361,0.8111824014665444,True
"유상통프로젝트, 싸운드써커스 [파주]",뮤지컬,경인,파주시민회관,0.9371,2,566.0,283.0,0.0,0.0,5,302,0.6806165673046752,0.5999751595021441,0.18641360301676208,64.71348936946978,58.713489369469784,0.8102658111824015,True
"세류지맥: 춤, 그 영원한 이야기",무용(서양/한국무용),서울,꿈의숲아트센터,0.9505,1,269.0,269.0,0.0,0.0,8,283,0.7018617299445664,0.3429348394519402,0.18641360301676208,52.703029566054695,58.703029566054695,0.6790909090909091,True
남산골 가무악 국악 한마당,한국음악(국악),서울,충무아트센터,0.8,1,1000.0,1000.0,0.0,0.0,7,1250,0.5194148101663006,0.538463549837883,0.18641360301676208,52.69520776098982,58.69520776098982,0.6781818181818182,True
"명작시리즈, 만추가경",한국음악(국악),서울,세종문화회관,0.8604,1,524.0,524.0,0.0,0.0,3,609,0.5788620437192762,0.4563840079489593,0.18641360301676208,52.635313182620244,58.635313182620244,0.6772727272727272,True
"제11회 경산시립극단 정기공연, 가요뮤지컬 울고 넘는 박달재",뮤지컬,영남,천마아트센터,0.7999,2,3022.0,1511.0,0.0,0.0,7,1889,0.5160025101976781,0.7911345570547014,0.18641360301676208,61.21970473346076,58.624155363065576,0.7736585365853659,True
"KBS교향악단 특별연주회, 현악 8중주 [포항]",서양음악(클래식),영남,포항문화예술회관,1.0,1,264.0,264.0,0.0,0.0,4,264,0.8992913921137956,0.34151500889028347,0.18641360301676208,61.05260226859469,58.45705289819951,0.7726829268292683,True
MusicBank Global Festival,대중음악,서울,KBS홀,0.7724,1,1283.0,1283.0,0.0,0.0,6,1661,0.4985357180211275,0.5657737161384793,0.18641360301676208,52.44147212635286,58.44147212635286,0.6763636363636364,True
인간적으로,연극,서울,뜻밖의 극장(구. 해우소소극장),0.85333333,3,128.0,42.67,0.0,0.0,0,50,0.572063591674511,0.4594550779207196,0.18641360301676208,52.40392391006748,58.40392391006748,0.6754545454545454,True
"한국가곡 100년사 대한민국을 노래하다, 한국가곡 콘서트 [김제]",서양음악(클래식),호남,김제문화예술회관,0.8996,1,439.0,439.0,0.0,0.0,4,488,0.6198227172889865,0.42760825227486665,0.18641360301676208,53.42923118093657,58.375976680384134,0.7394736842105263,True
성남 학생문화예술축제,서양음악(클래식),경인,성남아트리움 (구. 성남시민회관),0.9891,1,638.0,638.0,0.0,0.0,10,645,0.7733631419307604,0.48872633615730576,0.18641360301676208,64.36597897510295,58.36597897510295,0.8093492208982584,True
아리랑 판!,한국음악(국악),충청,충주시문화회관,0.9404,1,836.0,836.0,0.0,0.0,1,889,0.6859899592092877,0.5173700449743751,0.18641360301676208,61.278929155117744,58.30591081010185,0.7671232876712328,True
제3회 경산시립교향악단 정기연주회,서양음악(클래식),영남,천마아트센터,0.8989,1,1698.0,1698.0,0.0,0.0,7,1889,0.6193912770630687,0.5934198828574417,0.18641360301676208,60.886903560784866,58.29135419038968,0.7717073170731708,True
안다미로 콘서트 시리즈 2,뮤지컬,서울,예그린씨어터,0.9802,1,198.0,198.0,0.0,0.0,2,202,0.7501176655161594,0.3040620750967472,0.18641360301676208,52.271208141572856,58.271208141572856,0.6745454545454546,True
빨래 [부산 북구],뮤지컬,영남,부산학생예술문화회관,0.8123,2,1623.0,811.5,0.0,0.0,5,999,0.5327502353310323,0.742764878150821,0.18641360301676208,60.849180558122015,58.25363118772683,0.7707317073170732,True
제5회 포르투나앙상블 정기연주회 (08.24) [부산],서양음악(클래식),영남,부산문화회관,0.9902,1,406.0,406.0,0.0,0.0,7,410,0.7826848655998326,0.41663528919569087,0.18641360301676208,60.82114370587769,58.225594335482505,0.7692682926829268,True
부산시립소년소녀합창단 창단50주년 특별연주회: 가정의 달에 부르는 우리들의 노래,서양음악(클래식),영남,부산문화회관,0.9902,1,406.0,406.0,0.0,0.0,7,410,0.7826848655998326,0.41663528919569087,0.18641360301676208,60.82114370587769,58.225594335482505,0.7692682926829268,True
제15회 인천학생교육문화회관 청소년 오케스트라 정기연주회,서양음악(클래식),경인,아트센터 인천,0.938,1,1620.0,1620.0,0.0,0.0,6,1727,0.6826038071331451,0.5853140361886832,0.18641360301676208,64.18843679194224,58.18843679194224,0.8084326306141155,True
마당극을 품은 오페라2 [충주(앵콜)],서양음악(클래식),충청,충주시문화회관,0.9393,1,835.0,835.0,0.0,0.0,1,889,0.6840550151657776,0.5170170484258969,0.18641360301676208,61.158463273557054,58.18544492854116,0.7625570776255708,True
못 먹어도 고다,한국음악(국악),영남,김해서부문화센터,0.9493,1,656.0,656.0,0.0,0.0,5,691,0.699992155632256,0.49159868214621905,0.18641360301676208,60.771532449178146,58.17598307878296,0.7673170731707317,True
"매직앙상블, 빈센트 반 고흐",서양음악(클래식),영남,김해서부문화센터,0.9493,1,656.0,656.0,0.0,0.0,5,691,0.699992155632256,0.49159868214621905,0.18641360301676208,60.771532449178146,58.17598307878296,0.7673170731707317,True
정글에 가면,서양음악(클래식),경인,인천아트플랫폼,1.35,2,81.0,40.5,0.0,0.0,6,30,0.8992913921137956,0.3865429871352369,0.18641360301676208,64.15335615758474,58.15335615758474,0.8075160403299725,True
"다원예술연합회 동음, 릴랙싱 재즈 콘서트",대중음악,충청,논산아트센터(구. 논산문화예술회관),0.975,1,546.0,546.0,0.0,0.0,5,560,0.7371352368999059,0.4612396715824705,0.18641360301676208,61.10812592829552,58.13510758327963,0.7557077625570776,True
도둑배우 [논산],연극,충청,논산아트센터(구. 논산문화예술회관),0.975,1,546.0,546.0,0.0,0.0,5,560,0.7371352368999059,0.4612396715824705,0.18641360301676208,61.10812592829552,58.13510758327963,0.7557077625570776,True
"남양주시립합창단 기획연주회, 힐링하러 가요",서양음악(클래식),경인,정약용도서관,1.0875,1,348.0,348.0,0.0,0.0,9,320,0.8992913921137956,0.3862331346093505,0.18641360301676208,64.13278109873603,58.13278109873603,0.8065994500458296,True
제129회 목포시립교향악단 정기연주회: 고전 품격,서양음악(클래식),호남,목포문화예술회관,0.8567,1,598.0,598.0,0.0,0.0,6,698,0.5749006380085765,0.4729526200188265,0.18641360301676208,53.17196725638276,58.11871275583032,0.7368421052631579,True
피아노 박사 샵 송년음악회,서양음악(클래식),서울,꿈의숲아트센터,0.9369,1,282.0,282.0,0.0,0.0,8,301,0.6804466060035561,0.3493476100826274,0.18641360301676208,52.11701600680515,58.11701600680515,0.6736363636363636,True
"인천시립교향악단 기획연주회, 청소년음악회",서양음악(클래식),경인,인천학생교육문화회관,0.9916,1,587.0,587.0,0.0,0.0,5,592,0.7869731199665307,0.47023846877941633,0.18641360301676208,64.04765023380374,58.047650233803736,0.8056828597616865,True
히스토리 He Story [광주],무용(서양/한국무용),호남,광주북구문화센터 (양산도서관),0.9204,1,347.0,347.0,0.0,0.0,3,377,0.6555668863089635,0.38595204476519196,0.18641360301676208,53.03756091877021,57.98430641821778,0.7342105263157894,True
"세월호 참사 10주기 4월 연극제, 밥을 먹다 [안산]",연극,경인,안산문화예술의전당,0.9857,2,276.0,138.0,0.0,0.0,6,140,0.7599361991423491,0.49336497228323395,0.18641360301676208,63.93425433777339,57.93425433777339,0.803391384051329,True
쥐덫 [안산],연극,경인,안산문화예술의전당,0.9857,2,276.0,138.0,0.0,0.0,6,140,0.7599361991423491,0.49336497228323395,0.18641360301676208,63.93425433777339,57.93425433777339,0.803391384051329,True
"세월호 참사 10주기 4월 연극제, 술래잡기 [안산]",연극,경인,안산문화예술의전당,0.9857,2,276.0,138.0,0.0,0.0,6,140,0.7599361991423491,0.49336497228323395,0.18641360301676208,63.93425433777339,57.93425433777339,0.803391384051329,True
"세월호 참사 10주기 4월 연극제: 언제나 봄 D+3650, 연속, 극",연극,경인,안산문화예술의전당,0.9857,2,276.0,138.0,0.0,0.0,6,140,0.7599361991423491,0.49336497228323395,0.18641360301676208,63.93425433777339,57.93425433777339,0.803391384051329,True
"대구시립교향악단, 실내악의 발견 Ⅱ. 체임버 시리즈 ⑦ 고전 산책",서양음악(클래식),영남,대구콘서트하우스,1.0,1,248.0,248.0,0.0,0.0,7,248,0.8992913921137956,0.3342236690722728,0.18641360301676208,60.52783539278812,57.93228602239294,0.7570731707317073,True
박서현 바이올린 독주회 [대구],서양음악(클래식),영남,대구콘서트하우스,1.0,1,248.0,248.0,0.0,0.0,7,248,0.8992913921137956,0.3342236690722728,0.18641360301676208,60.52783539278812,57.93228602239294,0.7570731707317073,True
"대구시립교향악단, 실내악의 발견 Ⅰ. 체임버 시리즈 ① 앙상블의 매력",서양음악(클래식),영남,대구콘서트하우스,1.0,1,248.0,248.0,0.0,0.0,7,248,0.8992913921137956,0.3342236690722728,0.18641360301676208,60.52783539278812,57.93228602239294,0.7570731707317073,True
"대구시립교향악단, 실내악의 발견 Ⅰ. 체임버 시리즈 ④ 실내악과 춤을",서양음악(클래식),영남,대구콘서트하우스,1.0,1,248.0,248.0,0.0,0.0,7,248,0.8992913921137956,0.3342236690722728,0.18641360301676208,60.52783539278812,57.93228602239294,0.7570731707317073,True
제5회 마루한 필하모닉 오케스트라 정기연주회: 세레나데,서양음악(클래식),영남,대구콘서트하우스,1.0,1,248.0,248.0,0.0,0.0,7,248,0.8992913921137956,0.3342236690722728,0.18641360301676208,60.52783539278812,57.93228602239294,0.7570731707317073,True
"호은 주운숙 명창, 동초제 수궁가 완창 발표회 [대구]",한국음악(국악),영남,대구콘서트하우스,1.0,1,248.0,248.0,0.0,0.0,7,248,0.8992913921137956,0.3342236690722728,0.18641360301676208,60.52783539278812,57.93228602239294,0.7570731707317073,True
세계로! 미래로! 경북예술고등학교 동문음악회 [대구],서양음악(클래식),영남,대구콘서트하우스,1.0,1,248.0,248.0,0.0,0.0,7,248,0.8992913921137956,0.3342236690722728,0.18641360301676208,60.52783539278812,57.93228602239294,0.7570731707317073,True
"대구시립교향악단, 실내악의 발견 Ⅰ. 체임버 시리즈 ③ 듀엣에서 퀸텟까지",서양음악(클래식),영남,대구콘서트하우스,1.0,1,248.0,248.0,0.0,0.0,7,248,0.8992913921137956,0.3342236690722728,0.18641360301676208,60.52783539278812,57.93228602239294,0.7570731707317073,True
김희수 트럼펫 리사이틀,서양음악(클래식),영남,대구콘서트하우스,1.0,1,248.0,248.0,0.0,0.0,7,248,0.8992913921137956,0.3342236690722728,0.18641360301676208,60.52783539278812,57.93228602239294,0.7570731707317073,True
유지영 귀국 피아노 리사이틀 [대구],서양음악(클래식),영남,대구콘서트하우스,1.0,1,248.0,248.0,0.0,0.0,7,248,0.8992913921137956,0.3342236690722728,0.18641360301676208,60.52783539278812,57.93228602239294,0.7570731707317073,True
"대구시립교향악단, 실내악의 발견 Ⅱ. 체임버 시리즈 ⑧ 더블베이스 이효선 리사이틀",서양음악(클래식),영남,대구콘서트하우스,1.0,1,248.0,248.0,0.0,0.0,7,248,0.8992913921137956,0.3342236690722728,0.18641360301676208,60.52783539278812,57.93228602239294,0.7570731707317073,True
이송희 피아노 독주회: 빈으로부터의 로맨틱 스펙터클,서양음악(클래식),영남,대구콘서트하우스,1.0,1,248.0,248.0,0.0,0.0,7,248,0.8992913921137956,0.3342236690722728,0.18641360301676208,60.52783539278812,57.93228602239294,0.7570731707317073,True
제5회 앙상블 보아즈 정기연주회: THE BOAZ,서양음악(클래식),영남,대구콘서트하우스,1.0,1,248.0,248.0,0.0,0.0,7,248,0.8992913921137956,0.3342236690722728,0.18641360301676208,60.52783539278812,57.93228602239294,0.7570731707317073,True
제3회 Violin Young Artist Concert,서양음악(클래식),영남,대구콘서트하우스,1.0,1,248.0,248.0,0.0,0.0,7,248,0.8992913921137956,0.3342236690722728,0.18641360301676208,60.52783539278812,57.93228602239294,0.7570731707317073,True
"대구시립교향악단, 실내악의 발견 Ⅱ. 체임버 시리즈 ⑥ 궁정의 실내악",서양음악(클래식),영남,대구콘서트하우스,1.0,1,248.0,248.0,0.0,0.0,7,248,0.8992913921137956,0.3342236690722728,0.18641360301676208,60.52783539278812,57.93228602239294,0.7570731707317073,True
최서윤 바이올린 독주회,서양음악(클래식),영남,대구콘서트하우스,1.0,1,248.0,248.0,0.0,0.0,7,248,0.8992913921137956,0.3342236690722728,0.18641360301676208,60.52783539278812,57.93228602239294,0.7570731707317073,True
"대구콘서트하우스, Op.10: 영호남 달빛동맹: 광주 솔로이스츠",서양음악(클래식),영남,대구콘서트하우스,1.0,1,248.0,248.0,0.0,0.0,7,248,0.8992913921137956,0.3342236690722728,0.18641360301676208,60.52783539278812,57.93228602239294,0.7570731707317073,True
"대구시립교향악단, 실내악의 발견 Ⅰ. 체임버 시리즈 ② 고전적이고, 낭만적으로",서양음악(클래식),영남,대구콘서트하우스,1.0,1,248.0,248.0,0.0,0.0,7,248,0.8992913921137956,0.3342236690722728,0.18641360301676208,60.52783539278812,57.93228602239294,0.7570731707317073,True
"대구시립교향악단, 실내악의 발견 Ⅱ. 체임버 시리즈 ⑤ 호른 임주연 & 바순 최윤경 듀오 리사이틀",서양음악(클래식),영남,대구콘서트하우스,1.0,1,248.0,248.0,0.0,0.0,7,248,0.8992913921137956,0.3342236690722728,0.18641360301676208,60.52783539278812,57.93228602239294,0.7570731707317073,True
"강동예술인페스티벌, 강동음악협회",서양음악(클래식),서울,강동아트센터,0.8141,1,692.0,692.0,0.0,0.0,7,850,0.5342406652023847,0.49729238573370993,0.18641360301676208,51.91428647507495,57.91428647507495,0.6727272727272727,True
제22회 해운대구립 청소년 오케스트라 정기연주회: 바로크와 스페인춤곡,서양음악(클래식),영남,해운대문화회관,0.9847,1,451.0,451.0,0.0,0.0,6,458,0.7573475577868424,0.4315565840393264,0.18641360301676208,60.477278050919445,57.88172868052426,0.7473170731707317,True
"다시 추는 춤, 함께추는 춤 [서귀포]",무용(서양/한국무용),제주,서귀포예술의전당,0.9501,1,762.0,762.0,0.0,0.0,5,802,0.7016263989122477,0.5072102813513231,0.18641360301676208,61.62242316617813,57.87174781897621,0.6630434782608695,True
최영호 꽹과리 개인발표회,한국음악(국악),서울,꿈의숲아트센터,0.9399,1,266.0,266.0,0.0,0.0,8,283,0.6845518251228951,0.3421255621796883,0.18641360301676208,51.87021035458095,57.87021035458095,0.6718181818181819,True
"광주시립극단, 출장 연극 시리즈 1: 오스카와 장미할머니 [광주디자인센터]",연극,호남,광주디자인센터,0.9467,1,284.0,284.0,0.0,0.0,7,300,0.6951940173622007,0.35089818010668344,0.18641360301676208,52.88543268991067,57.83217818935824,0.7315789473684211,True
"ACC 수요극장, 피노키오",연극,호남,국립아시아문화전당,0.9677,1,240.0,240.0,0.0,0.0,6,248,0.7253163894990063,0.3292098106892585,0.18641360301676208,52.88172364273549,57.82846914218305,0.7289473684210527,True
두들팝 [익산],뮤지컬,호남,솜리문화예술회관,0.8759,1,487.0,487.0,0.0,0.0,5,556,0.5954790293902311,0.44251647317226234,0.18641360301676208,52.880026006128176,57.82677150557574,0.7263157894736842,True
예풍지예풍 (禮風之藝風) : 예산에서 불어오는 예술과 풍류의 바람 [예산],한국음악(국악),충청,예산문예회관,0.9784,1,499.0,499.0,0.0,0.0,4,510,0.7457248195795418,0.4466465327894572,0.18641360301676208,60.748106470757214,57.77508812574132,0.7488584474885844,True
옹녀전 [고창],한국음악(국악),호남,고창문화의전당,0.67733333,3,1270.0,423.33,0.0,0.0,2,625,0.4196475264093714,0.7460255203430604,0.18641360301676208,52.82412040980233,57.7708659092499,0.7236842105263158,True
이순신의 바다 [부산],뮤지컬,영남,동래문화회관,0.84655,2,855.0,427.5,0.0,0.0,5,505,0.5651344001673465,0.6651396297458425,0.18641360301676208,60.3192837721645,57.72373440176932,0.7463414634146341,True
"목요아트살롱, 멜로어썸과 함께하는 가을밤 Healing Concert",서양음악(클래식),영남,동래문화회관,0.9762,1,493.0,493.0,0.0,0.0,5,505,0.7391616985670955,0.44392061499843116,0.18641360301676208,60.2789665909889,57.68341722059372,0.7439024390243902,True
"목요아트살롱, 송상현의 붉은 충절",한국음악(국악),영남,동래문화회관,0.9762,1,493.0,493.0,0.0,0.0,5,505,0.7391616985670955,0.44392061499843116,0.18641360301676208,60.2789665909889,57.68341722059372,0.7439024390243902,True
"목요아트살롱, Fantasy: 클래식으로의 여정",서양음악(클래식),영남,동래문화회관,0.9762,1,493.0,493.0,0.0,0.0,5,505,0.7391616985670955,0.44392061499843116,0.18641360301676208,60.2789665909889,57.68341722059372,0.7439024390243902,True
"목요아트살롱, 원잇의 데이트",서양음악(클래식),영남,동래문화회관,0.9762,1,493.0,493.0,0.0,0.0,5,505,0.7391616985670955,0.44392061499843116,0.18641360301676208,60.2789665909889,57.68341722059372,0.7439024390243902,True
남양주시립합창단 기획연주회: 클래식 세계여행,서양음악(클래식),경인,다산아트홀,0.86426667,3,1100.0,366.67,0.0,0.0,2,496,0.5831502980859743,0.7267192239305512,0.18641360301676208,63.68174577641768,57.68174577641768,0.8010999083409716,True
"로맨스 풍류 클래식: 춘향, 그리고...",서양음악(클래식),경인,인천학생교육문화회관,0.9899,1,586.0,586.0,0.0,0.0,5,592,0.7779782449534568,0.4699769898546177,0.18641360301676208,63.59326305373416,57.59326305373416,0.7988084326306141,True
"알아두면 쓸데있는 신나는 클래식, 알쓸신클 [인천]",서양음악(클래식),경인,인천학생교육문화회관,0.9899,1,586.0,586.0,0.0,0.0,5,592,0.7779782449534568,0.4699769898546177,0.18641360301676208,63.59326305373416,57.59326305373416,0.7988084326306141,True
인천시민과 함께하는 우리가락 우리춤,한국음악(국악),경인,인천학생교육문화회관,0.9899,1,586.0,586.0,0.0,0.0,5,592,0.7779782449534568,0.4699769898546177,0.18641360301676208,63.59326305373416,57.59326305373416,0.7988084326306141,True
새로운 시작 희망의 신춘음악회,서양음악(클래식),경인,인천학생교육문화회관,0.9899,1,586.0,586.0,0.0,0.0,5,592,0.7779782449534568,0.4699769898546177,0.18641360301676208,63.59326305373416,57.59326305373416,0.7988084326306141,True
피아니스트 함수연 & 진강우가 들려주는 가을밤의 아름다운 선율,서양음악(클래식),서울,일신홀,0.9788,1,185.0,185.0,0.0,0.0,1,189,0.7467315134400168,0.296296151030227,0.18641360301676208,51.592799244273635,57.592799244273635,0.6709090909090909,True
"제2회 춤그리다 무용단 정기공연, 피어오르는 우리들의 이야기 [부산]",무용(서양/한국무용),영남,부산예술회관,1.0,1,240.0,240.0,0.0,0.0,4,240,0.8992913921137956,0.3292098106892585,0.18641360301676208,60.1629841314218,57.56743476102662,0.7414634146341463,True
"제10회 충주시민 한마음음악회, 더 팬텀 오브 포 맨 [충주]",서양음악(클래식),충청,충주시문화회관,0.9325,1,829.0,829.0,0.0,0.0,1,889,0.6730990482167137,0.516223459889133,0.18641360301676208,60.53164560966702,57.55862726465112,0.7442922374429224,True
"센티토클래식 앙상블 창단 음악회, 인상주의 작곡가 시리즈 Ⅰ",서양음악(클래식),서울,꿈의숲아트센터,0.9302,1,280.0,280.0,0.0,0.0,8,301,0.6700005229578496,0.3477552034306035,0.18641360301676208,51.54120167241387,57.54120167241387,0.6695454545454546,True
피아노 협주곡의 밤,서양음악(클래식),서울,꿈의숲아트센터,0.9302,1,280.0,280.0,0.0,0.0,8,301,0.6700005229578496,0.3477552034306035,0.18641360301676208,51.54120167241387,57.54120167241387,0.6695454545454546,True
뮤직 플로우 페스티벌 (8.30),대중음악,경인,부평아트센터,1.0,1,323.0,323.0,0.0,0.0,10,323,0.8992913921137956,0.37713236063173305,0.18641360301676208,63.523991896911326,57.523991896911326,0.7956003666361137,True
"이나름의 한 걸음 프로젝트, 만월",한국음악(국악),경인,부평아트센터,1.0,1,323.0,323.0,0.0,0.0,10,323,0.8992913921137956,0.37713236063173305,0.18641360301676208,63.523991896911326,57.523991896911326,0.7956003666361137,True
어린왕자에게 [인천 부평],뮤지컬,경인,부평아트센터,1.0,1,323.0,323.0,0.0,0.0,10,323,0.8992913921137956,0.37713236063173305,0.18641360301676208,63.523991896911326,57.523991896911326,0.7956003666361137,True
"고양시립예술단 교류음악회, 필리핀 퀘죤 시티 합창단 초청 연주",서양음악(클래식),경인,고양어울림누리,0.9442,1,1218.0,1218.0,0.0,0.0,8,1290,0.690814245371823,0.5601061604434683,0.18641360301676208,63.522109269384785,57.522109269384785,0.7933088909257562,True
광개토 송년음악회,대중음악,경인,고양어울림누리,0.9442,1,1218.0,1218.0,0.0,0.0,8,1290,0.690814245371823,0.5601061604434683,0.18641360301676208,63.522109269384785,57.522109269384785,0.7933088909257562,True
예가 입상자 콘서트 [대구],서양음악(클래식),영남,대구문화예술회관,1.0,1,239.0,239.0,0.0,0.0,2,239,0.8992913921137956,0.3282841752954712,0.18641360301676208,60.095263145848065,57.49971377545288,0.7380487804878049,True
"제17회 DIMF 스타데이트, 신영숙 배우",뮤지컬,영남,대구문화예술회관,1.0,1,239.0,239.0,0.0,0.0,2,239,0.8992913921137956,0.3282841752954712,0.18641360301676208,60.095263145848065,57.49971377545288,0.7380487804878049,True
제30회 대구레이디스코러스 정기연주회,서양음악(클래식),영남,대구문화예술회관,1.0,1,239.0,239.0,0.0,0.0,2,239,0.8992913921137956,0.3282841752954712,0.18641360301676208,60.095263145848065,57.49971377545288,0.7380487804878049,True
제26회 전국차세대 안무가전,무용(서양/한국무용),영남,대구문화예술회관,1.0,1,239.0,239.0,0.0,0.0,2,239,0.8992913921137956,0.3282841752954712,0.18641360301676208,60.095263145848065,57.49971377545288,0.7380487804878049,True
영남대학교 실용무용페스티벌,무용(서양/한국무용),영남,대구문화예술회관,1.0,1,239.0,239.0,0.0,0.0,2,239,0.8992913921137956,0.3282841752954712,0.18641360301676208,60.095263145848065,57.49971377545288,0.7380487804878049,True
"민정민 가야금병창 네번째, 담다",한국음악(국악),영남,대구문화예술회관,1.0,1,239.0,239.0,0.0,0.0,2,239,0.8992913921137956,0.3282841752954712,0.18641360301676208,60.095263145848065,57.49971377545288,0.7380487804878049,True
제169회 경상북도 도립국악단 정기연주회: 송년음악회,한국음악(국악),영남,경북고령대가야문화누리 (구. 대가야국악당),0.9483,1,605.0,605.0,0.0,0.0,4,638,0.6977042150402678,0.48025049680995713,0.18641360301676208,60.08830275007448,57.4927533796793,0.7346341463414634,True
피아노 선생님이 들려주는 국악이야기,한국음악(국악),영남,김해서부문화센터,0.9407,1,650.0,650.0,0.0,0.0,5,691,0.6870228009622424,0.49043510093086495,0.18641360301676208,60.036492086642134,57.44094271624695,0.7336585365853658,True
트럼보니스트 김재한과 함께하는 홈커밍 콘서트 3,서양음악(클래식),영남,밀양아리랑아트센터,1.0,1,236.0,236.0,0.0,0.0,7,236,0.8992913921137956,0.3271323606317331,0.18641360301676208,60.010834342888266,57.41528497249308,0.7317073170731707,True
피아니스트 박재홍과 함께하는 홈커밍 콘서트,서양음악(클래식),영남,밀양아리랑아트센터,1.0,1,236.0,236.0,0.0,0.0,7,236,0.8992913921137956,0.3271323606317331,0.18641360301676208,60.010834342888266,57.41528497249308,0.7317073170731707,True
피아니스트 김도현과 함께하는 홈커밍 콘서트 2,서양음악(클래식),영남,밀양아리랑아트센터,1.0,1,236.0,236.0,0.0,0.0,7,236,0.8992913921137956,0.3271323606317331,0.18641360301676208,60.010834342888266,57.41528497249308,0.7317073170731707,True
제24회 풀이 정기공연,한국음악(국악),서울,꿈의숲아트센터,0.9329,1,264.0,264.0,0.0,0.0,8,283,0.6745633301955862,0.34151500889028347,0.18641360301676208,51.3780426896044,57.3780426896044,0.6681818181818182,True
쇼케이스 열매달,한국음악(국악),서울,서울돈화문국악당,0.9928,1,137.0,137.0,0.0,0.0,6,138,0.7890780253111599,0.26983840602447445,0.18641360301676208,51.370462351959766,57.370462351959766,0.6672727272727272,True
양산시립합창단 정기연주회,서양음악(클래식),영남,양산문화예술회관,0.9322,1,742.0,742.0,0.0,0.0,5,796,0.6730206045392741,0.5043274762054178,0.18641360301676208,59.965584060840285,57.3700346904451,0.728780487804878,True
양산시립합창단 정기연주회,서양음악(클래식),영남,양산문화예술회관,0.9322,1,742.0,742.0,0.0,0.0,5,796,0.6730206045392741,0.5043274762054178,0.18641360301676208,59.965584060840285,57.3700346904451,0.728780487804878,True
"양산시립합창단 정기연주회, 황산 꽃이 피었습니다",서양음악(클래식),영남,양산문화예술회관,0.9322,1,742.0,742.0,0.0,0.0,5,796,0.6730206045392741,0.5043274762054178,0.18641360301676208,59.965584060840285,57.3700346904451,0.728780487804878,True
"강원특별자치도립국악관현악단, 신년음악회",한국음악(국악),기타,원주백운아트홀,0.8649,1,832.0,832.0,0.0,0.0,4,962,0.5836340340968518,0.5165516159397553,0.18641360301676208,55.58144783413882,57.269376258196914,0.8048780487804879,True
늦봄의 길 [부천],뮤지컬,경인,복사골문화센터,0.9906,1,526.0,526.0,0.0,0.0,3,531,0.7856657253425374,0.45667294216086185,0.18641360301676208,63.238971293358226,57.238971293358226,0.7919340054995417,True
제11회 흑과백 그 아름다운 동행,서양음악(클래식),영남,수성아트피아,0.8837,2,532.0,266.0,0.0,0.0,3,301,0.6028265871770735,0.5915699194644911,0.18641360301676208,59.82984421131709,57.234294840921905,0.7268292682926829,True
"전태일, 네 이름은 무엇이냐 [광명]",연극,경인,광명시민회관,0.9906,1,525.0,525.0,0.0,0.0,7,530,0.7856657253425374,0.45653958790921456,0.18641360301676208,63.231584015674656,57.231584015674656,0.7910174152153987,True
제3회 서울컨벤션고등학교 미디어사운드과 정기공연,대중음악,서울,강동아트센터,0.944,1,236.0,236.0,0.0,0.0,7,250,0.6900821043823868,0.3271323606317331,0.18641360301676208,51.195272871659704,57.195272871659704,0.665,True
"강동예술인페스티벌, 강동아트시민연극, 만선",연극,서울,강동아트센터,0.944,1,236.0,236.0,0.0,0.0,7,250,0.6900821043823868,0.3271323606317331,0.18641360301676208,51.195272871659704,57.195272871659704,0.665,True
음고지신,서양음악(클래식),서울,강동아트센터,0.944,1,236.0,236.0,0.0,0.0,7,250,0.6900821043823868,0.3271323606317331,0.18641360301676208,51.195272871659704,57.195272871659704,0.665,True
"강동예술인페스티벌, 특별한 방문자",연극,서울,강동아트센터,0.944,1,236.0,236.0,0.0,0.0,7,250,0.6900821043823868,0.3271323606317331,0.18641360301676208,51.195272871659704,57.195272871659704,0.665,True
알라딘과 요술램프 [계룡],뮤지컬,충청,계룡문화예술의전당,0.8217,2,1180.0,590.0,0.0,0.0,2,718,0.5400193494404351,0.7074887564062337,0.18641360301676208,60.163543831986985,57.19052548697109,0.7397260273972602,True
"국립합창단, 영화음악 여행 [청송]",서양음악(클래식),영남,청송군문화예술회관,0.9837,1,423.0,423.0,0.0,0.0,1,430,0.7541575149042987,0.42176812048948853,0.18641360301676208,59.77323182204469,57.17768245164951,0.7248780487804878,True
제3회 꿈의 오케스트라 청송 정기연주회,서양음악(클래식),영남,청송군문화예술회관,0.9837,1,423.0,423.0,0.0,0.0,1,430,0.7541575149042987,0.42176812048948853,0.18641360301676208,59.77323182204469,57.17768245164951,0.7248780487804878,True
아비 [경북 청송],연극,영남,청송군문화예술회관,0.9837,1,423.0,423.0,0.0,0.0,1,430,0.7541575149042987,0.42176812048948853,0.18641360301676208,59.77323182204469,57.17768245164951,0.7248780487804878,True
가야금 12현의 마법 [대구],한국음악(국악),영남,대구서구문화회관,0.9779,1,442.0,442.0,0.0,0.0,3,452,0.7450580483213053,0.4288463549837883,0.18641360301676208,59.73580979847779,57.140260428082605,0.7229268292682927,True
"ACC 수요극장, 국립현대무용단 댄스필름 3편",무용(서양/한국무용),호남,국립아시아문화전당,0.9597,1,238.0,238.0,0.0,0.0,6,248,0.7114841543771572,0.3279063382491371,0.18641360301676208,52.1914140904027,57.13815958985027,0.7210526315789474,True
"제851회 전남도립국악단 토요가무악희 시즌1, 그린국악",한국음악(국악),호남,남도소리울림터,0.8656,1,483.0,483.0,0.0,0.0,1,558,0.5842485095701286,0.44058675870724817,0.18641360301676208,52.1880589444904,57.134804443937966,0.718421052631579,True
제38회 아산시립합창단 정기연주회,서양음악(클래식),충청,아산시 평생학습관 (여성회관 아산아트홀),0.9725,1,495.0,495.0,0.0,0.0,4,509,0.7338144545549629,0.44457431231042777,0.18641360301676208,60.05228035567873,57.07926201066284,0.7351598173515982,True
3H와 함께하는 대한민국 힐링콘서트 [고양],대중음악,경인,고양종합운동장,0.9024,1,38803.0,38803.0,0.0,0.0,0,43000,0.6272617926995084,0.6355127601715302,0.18641360301676208,63.05492463497943,57.05492463497943,0.7901008249312558,True
"남양주시립합창단 기획연주회, 클래식 세계여행",서양음악(클래식),경인,다산아트홀,0.84946667,3,1180.0,393.33,0.0,0.0,2,496,0.5676968936303733,0.7355663633511139,0.18641360301676208,62.96781960312452,56.96781960312452,0.7891842346471127,True
"ACC 수요극장, 마술피리",서양음악(클래식),호남,국립아시아문화전당,0.9556,1,237.0,237.0,0.0,0.0,6,248,0.7070651605480598,0.3275794895931388,0.18641360301676208,51.97593898554036,56.922684484987926,0.7157894736842105,True
초심,대중무용,경인,성남아트리움 (구. 성남시민회관),0.9783,1,631.0,631.0,0.0,0.0,10,645,0.7454502667085033,0.48749869260537604,0.18641360301676208,62.89854319833405,56.89854319833405,0.7878093492208983,True
제6회 우리소리 흥겨운 한마당,한국음악(국악),경인,성남아트리움 (구. 성남시민회관),0.9783,1,631.0,631.0,0.0,0.0,10,645,0.7454502667085033,0.48749869260537604,0.18641360301676208,62.89854319833405,56.89854319833405,0.7878093492208983,True
"2인 2색 콘서트, 윤민정 X 오호창",서양음악(클래식),경인,부천아트센터,1.0,1,304.0,304.0,0.0,0.0,0,304,0.8992913921137956,0.36787600669386045,0.18641360301676208,62.89568440236525,56.89568440236525,0.7516040329972502,True
groove& 재료시리즈I: 금(金),한국음악(국악),경인,부천아트센터,1.0,1,304.0,304.0,0.0,0.0,0,304,0.8992913921137956,0.36787600669386045,0.18641360301676208,62.89568440236525,56.89568440236525,0.7516040329972502,True
고양호수청소년 오케스트라 정기연주회,서양음악(클래식),경인,고양아람누리,1.0,1,304.0,304.0,0.0,0.0,6,304,0.8992913921137956,0.36787600669386045,0.18641360301676208,62.89568440236525,56.89568440236525,0.7516040329972502,True
고양플루트앙상블 정기연주회,서양음악(클래식),경인,고양아람누리,1.0,1,304.0,304.0,0.0,0.0,6,304,0.8992913921137956,0.36787600669386045,0.18641360301676208,62.89568440236525,56.89568440236525,0.7516040329972502,True
고양호수청소년 오케스트라와 함께 하는 협주곡의 밤,서양음악(클래식),경인,고양아람누리,1.0,1,304.0,304.0,0.0,0.0,6,304,0.8992913921137956,0.36787600669386045,0.18641360301676208,62.89568440236525,56.89568440236525,0.7516040329972502,True
갈림길,뮤지컬,경인,고양아람누리,1.0,1,304.0,304.0,0.0,0.0,6,304,0.8992913921137956,0.36787600669386045,0.18641360301676208,62.89568440236525,56.89568440236525,0.7516040329972502,True
고양청소년필오케스트라와 함께 하는 협주곡의 밤,서양음악(클래식),경인,고양아람누리,1.0,1,304.0,304.0,0.0,0.0,6,304,0.8992913921137956,0.36787600669386045,0.18641360301676208,62.89568440236525,56.89568440236525,0.7516040329972502,True
언덕나무 [고양],서양음악(클래식),경인,고양아람누리,1.0,1,304.0,304.0,0.0,0.0,6,304,0.8992913921137956,0.36787600669386045,0.18641360301676208,62.89568440236525,56.89568440236525,0.7516040329972502,True
"우리의, OUR",한국음악(국악),경인,고양아람누리,1.0,1,304.0,304.0,0.0,0.0,6,304,0.8992913921137956,0.36787600669386045,0.18641360301676208,62.89568440236525,56.89568440236525,0.7516040329972502,True
제18회 부천아버지합창단 정기연주회,서양음악(클래식),경인,부천아트센터,1.0,1,304.0,304.0,0.0,0.0,0,304,0.8992913921137956,0.36787600669386045,0.18641360301676208,62.89568440236525,56.89568440236525,0.7516040329972502,True
제4회 한국식오카리나 교원앙상블 강물처럼 가을 정기연주회,서양음악(클래식),경인,고양아람누리,1.0,1,304.0,304.0,0.0,0.0,6,304,0.8992913921137956,0.36787600669386045,0.18641360301676208,62.89568440236525,56.89568440236525,0.7516040329972502,True
"추리밴드, 좋은 말씀 전하러왔습니다! [부천]",한국음악(국악),경인,부천아트센터,1.0,1,304.0,304.0,0.0,0.0,0,304,0.8992913921137956,0.36787600669386045,0.18641360301676208,62.89568440236525,56.89568440236525,0.7516040329972502,True
유하현 피아노 독주회 [부천],서양음악(클래식),경인,부천아트센터,1.0,1,304.0,304.0,0.0,0.0,0,304,0.8992913921137956,0.36787600669386045,0.18641360301676208,62.89568440236525,56.89568440236525,0.7516040329972502,True
"제160회 두레콘서트, 드럼캣콘서트",대중음악,경인,고양아람누리,1.0,1,304.0,304.0,0.0,0.0,6,304,0.8992913921137956,0.36787600669386045,0.18641360301676208,62.89568440236525,56.89568440236525,0.7516040329972502,True
제4회 카파츠 그린나래 합창단 정기공연: 사랑 그 아름다움,서양음악(클래식),경인,고양아람누리,1.0,1,304.0,304.0,0.0,0.0,6,304,0.8992913921137956,0.36787600669386045,0.18641360301676208,62.89568440236525,56.89568440236525,0.7516040329972502,True
제6회 고양누리 청소년 오케스트라 정기연주회,서양음악(클래식),경인,고양아람누리,1.0,1,304.0,304.0,0.0,0.0,6,304,0.8992913921137956,0.36787600669386045,0.18641360301676208,62.89568440236525,56.89568440236525,0.7516040329972502,True
무형문화재 이수자들과 함께하는 명인들의 춤길,무용(서양/한국무용),경인,고양아람누리,1.0,1,304.0,304.0,0.0,0.0,6,304,0.8992913921137956,0.36787600669386045,0.18641360301676208,62.89568440236525,56.89568440236525,0.7516040329972502,True
"음악이 들려주는 이야기, 클래식 톡톡 [고양]",서양음악(클래식),경인,고양아람누리,1.0,1,304.0,304.0,0.0,0.0,6,304,0.8992913921137956,0.36787600669386045,0.18641360301676208,62.89568440236525,56.89568440236525,0.7516040329972502,True
"제152회 두레콘서트, 소프라노 한아름 재즈가수 고아",서양음악(클래식),경인,고양아람누리,1.0,1,304.0,304.0,0.0,0.0,6,304,0.8992913921137956,0.36787600669386045,0.18641360301676208,62.89568440236525,56.89568440236525,0.7516040329972502,True
제27회 고양춤 페스티벌,무용(서양/한국무용),경인,고양아람누리,1.0,1,304.0,304.0,0.0,0.0,6,304,0.8992913921137956,0.36787600669386045,0.18641360301676208,62.89568440236525,56.89568440236525,0.7516040329972502,True
고양호수심포니 오케스트라 정기연주회,서양음악(클래식),경인,고양아람누리,1.0,1,304.0,304.0,0.0,0.0,6,304,0.8992913921137956,0.36787600669386045,0.18641360301676208,62.89568440236525,56.89568440236525,0.7516040329972502,True
자유풍 11주년 기념 공연: 불어라 자유풍 [고양],한국음악(국악),경인,고양아람누리,1.0,1,304.0,304.0,0.0,0.0,6,304,0.8992913921137956,0.36787600669386045,0.18641360301676208,62.89568440236525,56.89568440236525,0.7516040329972502,True
페르소나플루트앙상블 정기연주회,서양음악(클래식),경인,고양아람누리,1.0,1,304.0,304.0,0.0,0.0,6,304,0.8992913921137956,0.36787600669386045,0.18641360301676208,62.89568440236525,56.89568440236525,0.7516040329972502,True
프로젝트 앙상블 모프 project ensemble morph: L (I/O) VE,서양음악(클래식),경인,고양아람누리,1.0,1,304.0,304.0,0.0,0.0,6,304,0.8992913921137956,0.36787600669386045,0.18641360301676208,62.89568440236525,56.89568440236525,0.7516040329972502,True
제10회 KMC 빅 밴드 정기연주회,대중음악,경인,고양아람누리,1.0,1,304.0,304.0,0.0,0.0,6,304,0.8992913921137956,0.36787600669386045,0.18641360301676208,62.89568440236525,56.89568440236525,0.7516040329972502,True
고양시의 노래: 노래에 곱게 물든 가을,서양음악(클래식),경인,고양아람누리,1.0,1,304.0,304.0,0.0,0.0,6,304,0.8992913921137956,0.36787600669386045,0.18641360301676208,62.89568440236525,56.89568440236525,0.7516040329972502,True
산국 [고양],연극,경인,고양아람누리,1.0,1,304.0,304.0,0.0,0.0,6,304,0.8992913921137956,0.36787600669386045,0.18641360301676208,62.89568440236525,56.89568440236525,0.7516040329972502,True
외투 [부천],서양음악(클래식),경인,부천아트센터,1.0,1,304.0,304.0,0.0,0.0,0,304,0.8992913921137956,0.36787600669386045,0.18641360301676208,62.89568440236525,56.89568440236525,0.7516040329972502,True
제5회 한국식오카리나 교원앙상블 강물처럼 가을 정기연주회 [고양],서양음악(클래식),경인,고양아람누리,1.0,1,304.0,304.0,0.0,0.0,6,304,0.8992913921137956,0.36787600669386045,0.18641360301676208,62.89568440236525,56.89568440236525,0.7516040329972502,True
프레이즈 앙상블 정기연주회,서양음악(클래식),경인,부천아트센터,1.0,1,304.0,304.0,0.0,0.0,0,304,0.8992913921137956,0.36787600669386045,0.18641360301676208,62.89568440236525,56.89568440236525,0.7516040329972502,True
합창할고양 창단연주회: 함께 노래하는 아파트,서양음악(클래식),경인,고양아람누리,1.0,1,304.0,304.0,0.0,0.0,6,304,0.8992913921137956,0.36787600669386045,0.18641360301676208,62.89568440236525,56.89568440236525,0.7516040329972502,True
페스브레이킹 싱어즈 콘서트,서양음악(클래식),경인,고양아람누리,1.0,1,304.0,304.0,0.0,0.0,6,304,0.8992913921137956,0.36787600669386045,0.18641360301676208,62.89568440236525,56.89568440236525,0.7516040329972502,True
강현정 피아노 독주회 [고양],서양음악(클래식),경인,고양아람누리,1.0,1,304.0,304.0,0.0,0.0,6,304,0.8992913921137956,0.36787600669386045,0.18641360301676208,62.89568440236525,56.89568440236525,0.7516040329972502,True
"제153회 두레콘서트, 라클라쎄 & 김정아 [고양]",서양음악(클래식),경인,고양아람누리,1.0,1,304.0,304.0,0.0,0.0,6,304,0.8992913921137956,0.36787600669386045,0.18641360301676208,62.89568440236525,56.89568440236525,0.7516040329972502,True
화관무보존회 정기공연: 화근본염 [고양],무용(서양/한국무용),경인,고양아람누리,1.0,1,304.0,304.0,0.0,0.0,6,304,0.8992913921137956,0.36787600669386045,0.18641360301676208,62.89568440236525,56.89568440236525,0.7516040329972502,True
멸종위기 동물의 사육제 [부천],서양음악(클래식),경인,부천아트센터,1.0,1,304.0,304.0,0.0,0.0,0,304,0.8992913921137956,0.36787600669386045,0.18641360301676208,62.89568440236525,56.89568440236525,0.7516040329972502,True
"제151회 두레콘서트, 포크가수 양하영 콘서트: ACOUSTIC밴드공연",대중음악,경인,고양아람누리,1.0,1,304.0,304.0,0.0,0.0,6,304,0.8992913921137956,0.36787600669386045,0.18641360301676208,62.89568440236525,56.89568440236525,0.7516040329972502,True
제3회 정기연주회,서양음악(클래식),경인,고양아람누리,1.0,1,304.0,304.0,0.0,0.0,6,304,0.8992913921137956,0.36787600669386045,0.18641360301676208,62.89568440236525,56.89568440236525,0.7516040329972502,True
앙상블 페스티벌 [고양],서양음악(클래식),경인,고양아람누리,1.0,1,304.0,304.0,0.0,0.0,6,304,0.8992913921137956,0.36787600669386045,0.18641360301676208,62.89568440236525,56.89568440236525,0.7516040329972502,True
함께하는 뮤지컬 with 위리 (wiri),뮤지컬,경인,부천아트센터,1.0,1,304.0,304.0,0.0,0.0,0,304,0.8992913921137956,0.36787600669386045,0.18641360301676208,62.89568440236525,56.89568440236525,0.7516040329972502,True
클라비어라움(Klavierraum) 송년음악회 [부천],서양음악(클래식),경인,부천아트센터,1.0,1,304.0,304.0,0.0,0.0,0,304,0.8992913921137956,0.36787600669386045,0.18641360301676208,62.89568440236525,56.89568440236525,0.7516040329972502,True
한&일 문화교류 음악회: 엄마의 바다,서양음악(클래식),경인,고양아람누리,1.0,1,304.0,304.0,0.0,0.0,6,304,0.8992913921137956,0.36787600669386045,0.18641360301676208,62.89568440236525,56.89568440236525,0.7516040329972502,True
나눔꽃챔버가 전하는 희망의 메세지: 사랑의 음악편지,서양음악(클래식),경인,부천아트센터,1.0,1,304.0,304.0,0.0,0.0,0,304,0.8992913921137956,0.36787600669386045,0.18641360301676208,62.89568440236525,56.89568440236525,0.7516040329972502,True
김채원의 빛 시리즈1: Twinkle,한국음악(국악),경인,고양아람누리,1.0,1,304.0,304.0,0.0,0.0,6,304,0.8992913921137956,0.36787600669386045,0.18641360301676208,62.89568440236525,56.89568440236525,0.7516040329972502,True
고양청소년필오케스트라 정기연주회,서양음악(클래식),경인,고양아람누리,1.0,1,304.0,304.0,0.0,0.0,6,304,0.8992913921137956,0.36787600669386045,0.18641360301676208,62.89568440236525,56.89568440236525,0.7516040329972502,True
김채원의 철현금 위에 얹은 노래 [고양],한국음악(국악),경인,고양아람누리,1.0,1,304.0,304.0,0.0,0.0,6,304,0.8992913921137956,0.36787600669386045,0.18641360301676208,62.89568440236525,56.89568440236525,0.7516040329972502,True
제13회 베누스토 일산 오케스트라 정기연주회,서양음악(클래식),경인,고양아람누리,1.0,1,304.0,304.0,0.0,0.0,6,304,0.8992913921137956,0.36787600669386045,0.18641360301676208,62.89568440236525,56.89568440236525,0.7516040329972502,True
"제158회 두레콘서트, 강은철 콘서트: 그 해 여름의 시작",대중음악,경인,고양아람누리,1.0,1,304.0,304.0,0.0,0.0,6,304,0.8992913921137956,0.36787600669386045,0.18641360301676208,62.89568440236525,56.89568440236525,0.7516040329972502,True
제7회 리즈주니어챔버 House Concert,서양음악(클래식),경인,고양아람누리,1.0,1,304.0,304.0,0.0,0.0,6,304,0.8992913921137956,0.36787600669386045,0.18641360301676208,62.89568440236525,56.89568440236525,0.7516040329972502,True
제1회 레이크트럼펫앙상블 정기연주회,서양음악(클래식),경인,고양아람누리,1.0,1,304.0,304.0,0.0,0.0,6,304,0.8992913921137956,0.36787600669386045,0.18641360301676208,62.89568440236525,56.89568440236525,0.7516040329972502,True
"하쿠나마타타, 청산이를 찾아서",한국음악(국악),경인,고양아람누리,1.0,1,304.0,304.0,0.0,0.0,6,304,0.8992913921137956,0.36787600669386045,0.18641360301676208,62.89568440236525,56.89568440236525,0.7516040329972502,True
"제164회 두레콘서트, ENGU SONG JAZZ Trio",대중음악,경인,고양아람누리,1.0,1,304.0,304.0,0.0,0.0,6,304,0.8992913921137956,0.36787600669386045,0.18641360301676208,62.89568440236525,56.89568440236525,0.7516040329972502,True
제1회 오케스트라 드 아르떼 정기연주회,서양음악(클래식),경인,고양아람누리,1.0,1,304.0,304.0,0.0,0.0,6,304,0.8992913921137956,0.36787600669386045,0.18641360301676208,62.89568440236525,56.89568440236525,0.7516040329972502,True
제9회 J.Y(제이와이)아카데미 정기연주회,서양음악(클래식),경인,고양아람누리,1.0,1,304.0,304.0,0.0,0.0,6,304,0.8992913921137956,0.36787600669386045,0.18641360301676208,62.89568440236525,56.89568440236525,0.7516040329972502,True
청산이를 찾아서: 우정편,한국음악(국악),경인,고양아람누리,1.0,1,304.0,304.0,0.0,0.0,6,304,0.8992913921137956,0.36787600669386045,0.18641360301676208,62.89568440236525,56.89568440236525,0.7516040329972502,True
"제156회 두레콘서트, 봄, 한국가곡의 밤",서양음악(클래식),경인,고양아람누리,1.0,1,304.0,304.0,0.0,0.0,6,304,0.8992913921137956,0.36787600669386045,0.18641360301676208,62.89568440236525,56.89568440236525,0.7516040329972502,True
"제159회 두레콘서트, 컨트리공방 콘서트",대중음악,경인,고양아람누리,1.0,1,304.0,304.0,0.0,0.0,6,304,0.8992913921137956,0.36787600669386045,0.18641360301676208,62.89568440236525,56.89568440236525,0.7516040329972502,True
"제2회 Grace Choir 정기 연주회, 찬송이 있는 저녁: 두번재 이야기",서양음악(클래식),경인,고양아람누리,1.0,1,304.0,304.0,0.0,0.0,6,304,0.8992913921137956,0.36787600669386045,0.18641360301676208,62.89568440236525,56.89568440236525,0.7516040329972502,True
제5회 고양누리 청소년 오케스트라 정기연주회,서양음악(클래식),경인,고양아람누리,1.0,1,304.0,304.0,0.0,0.0,6,304,0.8992913921137956,0.36787600669386045,0.18641360301676208,62.89568440236525,56.89568440236525,0.7516040329972502,True
"가을의 낭만, 목소리로 그리다 [부천]",서양음악(클래식),경인,부천아트센터,1.0,1,304.0,304.0,0.0,0.0,0,304,0.8992913921137956,0.36787600669386045,0.18641360301676208,62.89568440236525,56.89568440236525,0.7516040329972502,True
김영미의 화형제 낙처자하니 Ⅱ,한국음악(국악),경인,고양아람누리,1.0,1,304.0,304.0,0.0,0.0,6,304,0.8992913921137956,0.36787600669386045,0.18641360301676208,62.89568440236525,56.89568440236525,0.7516040329972502,True
제28회 고양춤페스티벌,무용(서양/한국무용),경인,고양아람누리,1.0,1,304.0,304.0,0.0,0.0,6,304,0.8992913921137956,0.36787600669386045,0.18641360301676208,62.89568440236525,56.89568440236525,0.7516040329972502,True
춤결 숨결 빛결 [고양],무용(서양/한국무용),경인,고양아람누리,1.0,1,304.0,304.0,0.0,0.0,6,304,0.8992913921137956,0.36787600669386045,0.18641360301676208,62.89568440236525,56.89568440236525,0.7516040329972502,True
고양시 청소년 협주곡의밤,서양음악(클래식),경인,고양아람누리,1.0,1,304.0,304.0,0.0,0.0,6,304,0.8992913921137956,0.36787600669386045,0.18641360301676208,62.89568440236525,56.89568440236525,0.7516040329972502,True
"제154회 두레콘서트, 가을사랑 신계행 콘서트",대중음악,경인,고양아람누리,1.0,1,304.0,304.0,0.0,0.0,6,304,0.8992913921137956,0.36787600669386045,0.18641360301676208,62.89568440236525,56.89568440236525,0.7516040329972502,True
"제3회 안클정기연주회, 마술피리",서양음악(클래식),경인,부천아트센터,1.0,1,304.0,304.0,0.0,0.0,0,304,0.8992913921137956,0.36787600669386045,0.18641360301676208,62.89568440236525,56.89568440236525,0.7516040329972502,True
"한패 챔버 오케스트라, 치유의 숲",서양음악(클래식),경인,부천아트센터,1.0,1,304.0,304.0,0.0,0.0,0,304,0.8992913921137956,0.36787600669386045,0.18641360301676208,62.89568440236525,56.89568440236525,0.7516040329972502,True
제9회 제이와이아카데미 협주곡의밤,서양음악(클래식),경인,고양아람누리,1.0,1,304.0,304.0,0.0,0.0,6,304,0.8992913921137956,0.36787600669386045,0.18641360301676208,62.89568440236525,56.89568440236525,0.7516040329972502,True
명작명무와 함께하다 [고양],무용(서양/한국무용),경인,고양아람누리,1.0,1,304.0,304.0,0.0,0.0,6,304,0.8992913921137956,0.36787600669386045,0.18641360301676208,62.89568440236525,56.89568440236525,0.7516040329972502,True
스페이스 맨 [고양],뮤지컬,경인,고양아람누리,1.0,1,304.0,304.0,0.0,0.0,6,304,0.8992913921137956,0.36787600669386045,0.18641360301676208,62.89568440236525,56.89568440236525,0.7516040329972502,True
윤슬 교사국악관현악단 정기연주회: The 설레임 (Falling in 國樂),한국음악(국악),경인,고양아람누리,1.0,1,304.0,304.0,0.0,0.0,6,304,0.8992913921137956,0.36787600669386045,0.18641360301676208,62.89568440236525,56.89568440236525,0.7516040329972502,True
"제161회 두레콘서트, 늙은 노래의 좌표",한국음악(국악),경인,고양아람누리,1.0,1,304.0,304.0,0.0,0.0,6,304,0.8992913921137956,0.36787600669386045,0.18641360301676208,62.89568440236525,56.89568440236525,0.7516040329972502,True
"지속의 선율, 지구를 위한 축원: 천년만세 [부천]",한국음악(국악),경인,부천아트센터,1.0,1,304.0,304.0,0.0,0.0,0,304,0.8992913921137956,0.36787600669386045,0.18641360301676208,62.89568440236525,56.89568440236525,0.7516040329972502,True
지켜라 쓰리GO [고양],뮤지컬,경인,고양아람누리,1.0,1,304.0,304.0,0.0,0.0,6,304,0.8992913921137956,0.36787600669386045,0.18641360301676208,62.89568440236525,56.89568440236525,0.7516040329972502,True
평안을 기원하는 춤의 잔치 [고양],무용(서양/한국무용),경인,고양아람누리,1.0,1,304.0,304.0,0.0,0.0,6,304,0.8992913921137956,0.36787600669386045,0.18641360301676208,62.89568440236525,56.89568440236525,0.7516040329972502,True
고양시 보육교직원을 위한 힐링콘서트,대중음악,경인,고양아람누리,1.0,1,304.0,304.0,0.0,0.0,6,304,0.8992913921137956,0.36787600669386045,0.18641360301676208,62.89568440236525,56.89568440236525,0.7516040329972502,True
제2회 일 피노 콰이어 정기연주회,서양음악(클래식),경인,부천아트센터,1.0,1,304.0,304.0,0.0,0.0,0,304,0.8992913921137956,0.36787600669386045,0.18641360301676208,62.89568440236525,56.89568440236525,0.7516040329972502,True
현대자동차그룹 문화공헌 콘서트: 함께,서양음악(클래식),충청,세종예술의전당,0.9122,1,977.0,977.0,0.0,0.0,1,1071,0.6443625143813408,0.5339216609141304,0.18641360301676208,59.76806237418059,56.79504402916469,0.730593607305936,True
"솔로이스츠 시리즈 여름 콘서트, Summer Classical Guitar Concert",서양음악(클래식),서울,꿈의숲아트센터,0.9203,1,277.0,277.0,0.0,0.0,8,301,0.6554230729003242,0.3460568978140362,0.18641360301676208,50.76589411439145,56.76589411439145,0.6627272727272727,True
글로벌 뮤직 투어: 뉴트로 리듬 [인천],대중음악,경인,트라이보울,0.9167,2,550.0,275.0,0.0,0.0,5,300,0.6478271101349231,0.5957156678171739,0.18641360301676208,62.64567311641868,56.64567311641868,0.7158570119156737,True
장태현 & 권성욱 듀오 리사이틀 [대구],서양음악(클래식),영남,달서아트센터 (구. 웃는얼굴아트센터),1.0,1,212.0,212.0,0.0,0.0,6,212,0.8992913921137956,0.31663528919569084,0.18641360301676208,59.2330353245058,56.637485954110616,0.7219512195121951,True
"아르코 댄스 & 커넥션, 전혁진: Extinction Ver.2",무용(서양/한국무용),서울,아르코예술극장,0.83185,2,183.0,91.5,0.0,0.0,2,110,0.550203953561343,0.44625692919150717,0.18641360301676208,50.599731589413224,56.599731589413224,0.6618181818181819,True
임누리 바이올린 독주회,서양음악(클래식),서울,예술의전당 [서울],0.8983,1,318.0,318.0,0.0,0.0,10,354,0.6180708084928355,0.3747751281246732,0.18641360301676208,50.59775454662089,56.59775454662089,0.6609090909090909,True
뉴비 스테이지 2 (Newbie Stage 2),한국음악(국악),호남,국립아시아문화전당,0.8652,1,443.0,443.0,0.0,0.0,6,512,0.5841046961614894,0.4290934525677231,0.18641360301676208,51.631551301556236,56.5782968010038,0.7131578947368421,True
"제32회 젊은연극제, 예원예술대학교 연극영화과: 해무",연극,서울,서강대 메리홀,0.835,2,167.0,83.5,0.0,0.0,1,100,0.5549105742077188,0.4398140884844681,0.18641360301676208,50.56400378620051,56.56400378620051,0.66,True
피가로 만세! [파주],서양음악(클래식),경인,솔가람아트홀,1.0,1,300.0,300.0,0.0,0.0,4,300,0.8992913921137956,0.36226597636230523,0.18641360301676208,62.5102564838406,56.5102564838406,0.7149404216315307,True
"KAIST 문화행사, 마사야 카메이 피아노 리사이틀",서양음악(클래식),충청,한국과학기술원,0.9082,1,999.0,999.0,0.0,0.0,1,1100,0.6356029704005857,0.5362919673674302,0.18641360301676208,59.38435827733966,56.41133993232376,0.7214611872146118,True
"KAIST 문화행사, 아카펠라 그룹 엑시트",대중음악,충청,한국과학기술원,0.9082,1,999.0,999.0,0.0,0.0,1,1100,0.6356029704005857,0.5362919673674302,0.18641360301676208,59.38435827733966,56.41133993232376,0.7214611872146118,True
클라라 주미 강 솔로 리사이틀,서양음악(클래식),충청,한국과학기술원,0.9082,1,999.0,999.0,0.0,0.0,1,1100,0.6356029704005857,0.5362919673674302,0.18641360301676208,59.38435827733966,56.41133993232376,0.7214611872146118,True
우린 쓰레기가 싫어요 [제주 서귀포],뮤지컬,제주,서귀포예술의전당,0.9211,2,350.0,175.0,0.0,0.0,5,190,0.6562336575672001,0.5270552243489175,0.18641360301676208,60.11426613970935,56.36359079250743,0.6521739130434783,True
윤회매십전 [창원],무용(서양/한국무용),영남,진해문화센터(진해구민회관),0.9823,1,388.0,388.0,0.0,0.0,5,395,0.7522487187532685,0.40845492103336467,0.18641360301676208,58.921599410909685,56.3260500405145,0.7209756097560975,True
"논산전통국악연구소, 동행",한국음악(국악),충청,논산아트센터(구. 논산문화예술회관),0.9518,1,533.0,533.0,0.0,0.0,5,560,0.7029860893212007,0.45829934107310955,0.18641360301676208,59.241729923245266,56.26871157822937,0.7123287671232876,True
기타 위너 라이징 스타 콘서트 [대구],서양음악(클래식),영남,대구서구문화회관,0.969,1,438.0,438.0,0.0,0.0,3,452,0.7284149147578706,0.4271258236586132,0.18641360301676208,58.836879268960715,56.24132989856553,0.7126829268292683,True
"서구愛마토콘서트, 댄싱마스터: 호세와 호리",무용(서양/한국무용),영남,대구서구문화회관,0.969,1,438.0,438.0,0.0,0.0,3,452,0.7284149147578706,0.4271258236586132,0.18641360301676208,58.836879268960715,56.24132989856553,0.7126829268292683,True
"신년음악회, NEW START with 김소현, 손준호",뮤지컬,영남,대구서구문화회관,0.969,1,438.0,438.0,0.0,0.0,3,452,0.7284149147578706,0.4271258236586132,0.18641360301676208,58.836879268960715,56.24132989856553,0.7126829268292683,True
크리스마스 캐롤 콘서트 [대구],뮤지컬,영남,대구서구문화회관,0.969,1,438.0,438.0,0.0,0.0,3,452,0.7284149147578706,0.4271258236586132,0.18641360301676208,58.836879268960715,56.24132989856553,0.7126829268292683,True
"서구愛마토콘서트: 주크박스 콘서트 with 이지훈, 리사, 선우",서양음악(클래식),영남,대구서구문화회관,0.969,1,438.0,438.0,0.0,0.0,3,452,0.7284149147578706,0.4271258236586132,0.18641360301676208,58.836879268960715,56.24132989856553,0.7126829268292683,True
"한국-스위스 수교 60주년 기념, 알프스 인 코리아 [대구]",서양음악(클래식),영남,대구서구문화회관,0.969,1,438.0,438.0,0.0,0.0,3,452,0.7284149147578706,0.4271258236586132,0.18641360301676208,58.836879268960715,56.24132989856553,0.7126829268292683,True
"마토콘서트, 하모나이즈콘서트: The Show Choir",대중음악,영남,대구서구문화회관,0.969,1,438.0,438.0,0.0,0.0,3,452,0.7284149147578706,0.4271258236586132,0.18641360301676208,58.836879268960715,56.24132989856553,0.7126829268292683,True
"서구愛마토콘서트, 마당놀이 오페라 춘향전",서양음악(클래식),영남,대구서구문화회관,0.969,1,438.0,438.0,0.0,0.0,3,452,0.7284149147578706,0.4271258236586132,0.18641360301676208,58.836879268960715,56.24132989856553,0.7126829268292683,True
라이어 Ⅱ [대구],연극,영남,대구서구문화회관,0.969,1,438.0,438.0,0.0,0.0,3,452,0.7284149147578706,0.4271258236586132,0.18641360301676208,58.836879268960715,56.24132989856553,0.7126829268292683,True
세종국악심포니오케스트라 & 김경호의 아리랑 목동 [대구],한국음악(국악),영남,대구서구문화회관,0.969,1,438.0,438.0,0.0,0.0,3,452,0.7284149147578706,0.4271258236586132,0.18641360301676208,58.836879268960715,56.24132989856553,0.7126829268292683,True
"송년음악회, 아듀!",뮤지컬,영남,대구서구문화회관,0.969,1,438.0,438.0,0.0,0.0,3,452,0.7284149147578706,0.4271258236586132,0.18641360301676208,58.836879268960715,56.24132989856553,0.7126829268292683,True
지오뮤직 [대구],뮤지컬,영남,대구서구문화회관,0.969,1,438.0,438.0,0.0,0.0,3,452,0.7284149147578706,0.4271258236586132,0.18641360301676208,58.836879268960715,56.24132989856553,0.7126829268292683,True
"제30회 서구여성합창단 정기연주회, 나의 노래",서양음악(클래식),영남,대구서구문화회관,0.969,1,438.0,438.0,0.0,0.0,3,452,0.7284149147578706,0.4271258236586132,0.18641360301676208,58.836879268960715,56.24132989856553,0.7126829268292683,True
"마토콘서트, 웅산의 All That Jazz",대중음악,영남,대구서구문화회관,0.969,1,438.0,438.0,0.0,0.0,3,452,0.7284149147578706,0.4271258236586132,0.18641360301676208,58.836879268960715,56.24132989856553,0.7126829268292683,True
페인터즈 [대구],뮤지컬,영남,대구서구문화회관,0.969,1,438.0,438.0,0.0,0.0,3,452,0.7284149147578706,0.4271258236586132,0.18641360301676208,58.836879268960715,56.24132989856553,0.7126829268292683,True
페인터즈 [대구],뮤지컬,영남,대구서구문화회관,0.969,1,438.0,438.0,0.0,0.0,3,424,0.7284149147578706,0.4271258236586132,0.18641360301676208,58.836879268960715,56.24132989856553,0.7126829268292683,True
"자살예방의 날 기념 공연, 유츄프라카치아 [안산]",연극,경인,안산문화예술의전당,0.9665,1,692.0,692.0,0.0,0.0,6,716,0.7227277481434996,0.49729238573370993,0.18641360301676208,62.23426450515366,56.23426450515366,0.7140238313473877,True
"모두예술극장 개관프로그램, 푸른 나비의 숲",뮤지컬,서울,모두예술극장,0.65636,5,850.0,170.0,0.0,0.0,0,259,0.4017100721681832,0.7022617926995084,0.18641360301676208,50.22815767878919,56.22815767878919,0.6590909090909091,True
"이향우, 일흔번째 꽃을 피우다 [성남]",한국음악(국악),경인,성남아트리움 (구. 성남시민회관),0.9721,1,627.0,627.0,0.0,0.0,10,645,0.7330300177805669,0.48614553916954295,0.18641360301676208,62.19845223530027,56.19845223530027,0.7080659945004583,True
모란장 전국가요제 결승전,대중음악,경인,성남아트리움 (구. 성남시민회관),0.9721,1,627.0,627.0,0.0,0.0,10,645,0.7330300177805669,0.48614553916954295,0.18641360301676208,62.19845223530027,56.19845223530027,0.7080659945004583,True
제6회 코리아아카데미오케스트라 정기연주회,서양음악(클래식),경인,성남아트리움 (구. 성남시민회관),0.9721,1,627.0,627.0,0.0,0.0,10,645,0.7330300177805669,0.48614553916954295,0.18641360301676208,62.19845223530027,56.19845223530027,0.7080659945004583,True
제4회 콰이어 가이스트 정기연주회: 삶의 이야기를 부르는 합창,서양음악(클래식),경인,성남아트리움 (구. 성남시민회관),0.9721,1,627.0,627.0,0.0,0.0,10,645,0.7330300177805669,0.48614553916954295,0.18641360301676208,62.19845223530027,56.19845223530027,0.7080659945004583,True
제14회 아미쿠스 여성합창단 정기연주회,서양음악(클래식),경인,성남아트리움 (구. 성남시민회관),0.9721,1,627.0,627.0,0.0,0.0,10,645,0.7330300177805669,0.48614553916954295,0.18641360301676208,62.19845223530027,56.19845223530027,0.7080659945004583,True
제1회 성남교육지원청 오케스트라 공유학교 정기연주회,서양음악(클래식),경인,성남아트리움 (구. 성남시민회관),0.9721,1,627.0,627.0,0.0,0.0,10,645,0.7330300177805669,0.48614553916954295,0.18641360301676208,62.19845223530027,56.19845223530027,0.7080659945004583,True
문화예술과함께하는시민문화공간,무용(서양/한국무용),경인,성남아트리움 (구. 성남시민회관),0.9721,1,627.0,627.0,0.0,0.0,10,645,0.7330300177805669,0.48614553916954295,0.18641360301676208,62.19845223530027,56.19845223530027,0.7080659945004583,True
"박명숙의 춤 50년, 에미",무용(서양/한국무용),경인,성남아트리움 (구. 성남시민회관),0.9721,1,627.0,627.0,0.0,0.0,10,645,0.7330300177805669,0.48614553916954295,0.18641360301676208,62.19845223530027,56.19845223530027,0.7080659945004583,True
제3회 코리아 크리스찬 필하모닉 오케스트라 정기연주회,서양음악(클래식),경인,성남아트리움 (구. 성남시민회관),0.9721,1,627.0,627.0,0.0,0.0,10,645,0.7330300177805669,0.48614553916954295,0.18641360301676208,62.19845223530027,56.19845223530027,0.7080659945004583,True
제16회 경기교사필하모닉 오케스트라 정기연주회: Newtro,서양음악(클래식),경인,성남아트리움 (구. 성남시민회관),0.9721,1,627.0,627.0,0.0,0.0,10,645,0.7330300177805669,0.48614553916954295,0.18641360301676208,62.19845223530027,56.19845223530027,0.7080659945004583,True
해피 챔버 페스티벌 [성남],서양음악(클래식),경인,성남아트리움 (구. 성남시민회관),0.9721,1,627.0,627.0,0.0,0.0,10,645,0.7330300177805669,0.48614553916954295,0.18641360301676208,62.19845223530027,56.19845223530027,0.7080659945004583,True
우리가락 흥겨운 한마당,한국음악(국악),경인,성남아트리움 (구. 성남시민회관),0.9721,1,627.0,627.0,0.0,0.0,10,645,0.7330300177805669,0.48614553916954295,0.18641360301676208,62.19845223530027,56.19845223530027,0.7080659945004583,True
K-water와 함께 행복을 水놓는 동행 콘서트,대중음악,영남,합천실내체육관,0.9001,1,1000.0,1000.0,0.0,0.0,0,1111,0.6232219433113692,0.538463549837883,0.18641360301676208,58.782515320143794,56.18696594974861,0.704390243902439,True
"제12회 흑과백 그 아름다운 동행, 박범철 가곡아카데미",서양음악(클래식),영남,수성아트피아,0.86875,2,523.0,261.5,0.0,0.0,3,301,0.5864187846459575,0.5899108356866436,0.18641360301676208,58.78131175891734,56.18576238852216,0.7034146341463414,True
에쿠우스 EQUUS [철원],연극,기타,철원군 화강문화센터,0.9454,1,329.0,329.0,0.0,0.0,6,348,0.6937166614370882,0.3793327057839138,0.18641360301676208,54.4900731294564,56.17800155351449,0.7987804878048781,True
"SAC ON SCREEN, 달래이야기 [김해]",연극,영남,김해서부문화센터,0.9262,1,640.0,640.0,0.0,0.0,5,691,0.662326116515009,0.489062336575672,0.18641360301676208,58.66631577672039,56.070766406325205,0.7024390243902439,True
"ACC 수요극장, 나부코",서양음악(클래식),호남,국립아시아문화전당,0.9435,1,234.0,234.0,0.0,0.0,6,248,0.6895591465327895,0.3263335425164732,0.18641360301676208,51.12197225186007,56.06871775130764,0.7105263157894737,True
ACC 시민오케스트라,서양음악(클래식),호남,국립아시아문화전당,0.6642,2,1254.0,627.0,0.0,0.0,6,944,0.4073710908900743,0.7185323187951052,0.18641360301676208,51.11785790555993,56.064603405007496,0.7065789473684211,True
ACC 시민오케스트라,서양음악(클래식),호남,국립아시아문화전당,0.6642,2,1254.0,627.0,0.0,0.0,6,944,0.4073710908900743,0.7185323187951052,0.18641360301676208,51.11785790555993,56.064603405007496,0.7065789473684211,True
"제23회 월드 2인극 페스티벌, 자살도움회사",연극,서울,극장 동국,0.8415,2,138.0,69.0,0.0,0.0,1,82,0.5605715929296099,0.4221616462713105,0.18641360301676208,50.0460910290602,56.0460910290602,0.655,True
"제23회 월드 2인극 페스티벌, 소고기쌀면",연극,서울,극장 동국,0.8415,2,138.0,69.0,0.0,0.0,1,82,0.5605715929296099,0.4221616462713105,0.18641360301676208,50.0460910290602,56.0460910290602,0.655,True
"제23회 월드 2인극 페스티벌, 검은별",연극,서울,극장 동국,0.8415,2,138.0,69.0,0.0,0.0,1,82,0.5605715929296099,0.4221616462713105,0.18641360301676208,50.0460910290602,56.0460910290602,0.655,True
"제23회 월드 2인극 페스티벌, SEX# : what is love?",연극,서울,극장 동국,0.8415,2,138.0,69.0,0.0,0.0,1,82,0.5605715929296099,0.4221616462713105,0.18641360301676208,50.0460910290602,56.0460910290602,0.655,True
"제23회 월드 2인극 페스티벌, Scripted",연극,서울,극장 동국,0.8415,2,138.0,69.0,0.0,0.0,1,82,0.5605715929296099,0.4221616462713105,0.18641360301676208,50.0460910290602,56.0460910290602,0.655,True
"제23회 월드 2인극 페스티벌, 에덴",연극,서울,극장 동국,0.8415,2,138.0,69.0,0.0,0.0,1,82,0.5605715929296099,0.4221616462713105,0.18641360301676208,50.0460910290602,56.0460910290602,0.655,True
"제23회 월드 2인극 페스티벌: 신, SIN",연극,서울,극장 동국,0.8415,2,138.0,69.0,0.0,0.0,1,82,0.5605715929296099,0.4221616462713105,0.18641360301676208,50.0460910290602,56.0460910290602,0.655,True
"제23회 월드2인극 페스티벌, 꿈꾸는 내가 좋앙!",연극,서울,극장 동국,0.8415,2,138.0,69.0,0.0,0.0,1,82,0.5605715929296099,0.4221616462713105,0.18641360301676208,50.0460910290602,56.0460910290602,0.655,True
제5회 한음페스티벌 [부안],서양음악(클래식),호남,부안예술회관,0.8597,1,429.0,429.0,0.0,0.0,1,499,0.5784306034933584,0.42427831816755573,0.18641360301676208,51.09884607743168,56.04559157687925,0.7026315789473684,True
어우름 콘서트,서양음악(클래식),서울,영산아트홀,0.8244,1,493.0,493.0,0.0,0.0,4,598,0.5416405187741868,0.44392061499843116,0.18641360301676208,50.02059030223875,56.02059030223875,0.6509090909090909,True
제30회 경산시립합창단 정기연주회: 푸치니 서거 100주년,서양음악(클래식),영남,천마아트센터,0.8677,1,1639.0,1639.0,0.0,0.0,7,1889,0.5858304570651606,0.5861193912770631,0.18641360301676208,58.59460136539803,55.999051995002844,0.7014634146341463,True
"국립발레단 해설이 있는 전막발레, 돈키호테 [대구]",무용(서양/한국무용),영남,대구서구문화회관,0.9668,1,437.0,437.0,0.0,0.0,3,452,0.7239044033050936,0.42665777638322355,0.18641360301676208,58.59230687668687,55.99675750629169,0.6990243902439024,True
송년음악회 아듀! [대구],서양음악(클래식),영남,대구서구문화회관,0.9668,1,437.0,437.0,0.0,0.0,3,452,0.7239044033050936,0.42665777638322355,0.18641360301676208,58.59230687668687,55.99675750629169,0.6990243902439024,True
옹알스 히스토리 쇼 [대구],뮤지컬,영남,대구서구문화회관,0.9668,1,437.0,437.0,0.0,0.0,3,452,0.7239044033050936,0.42665777638322355,0.18641360301676208,58.59230687668687,55.99675750629169,0.6990243902439024,True
스윙재즈 with 더블리스 [대구],대중음악,영남,대구서구문화회관,0.9668,1,437.0,437.0,0.0,0.0,3,452,0.7239044033050936,0.42665777638322355,0.18641360301676208,58.59230687668687,55.99675750629169,0.6990243902439024,True
노래하는 대한민국 [대구],대중음악,영남,수성아트피아,0.8956,1,1038.0,1038.0,0.0,0.0,3,1159,0.6150638008576509,0.5442945298608932,0.18641360301676208,58.571411279340325,55.97586190894514,0.6965853658536585,True
"강동예술인페스티벌, 강동국악협회",한국음악(국악),서울,강동아트센터,0.928,1,232.0,232.0,0.0,0.0,7,250,0.6649409057629955,0.3255438761635812,0.18641360301676208,49.97049395948846,55.97049395948846,0.65,True
테너 존노 리사이틀 [대구],서양음악(클래식),영남,비원뮤직홀,1.0,1,200.0,200.0,0.0,0.0,4,200,0.8992913921137956,0.3075135969040895,0.18641360301676208,58.54448515225005,55.948935781854864,0.6843902439024391,True
"오페라 아리아의 밤 Ⅱ, 베르디 [대구]",서양음악(클래식),영남,비원뮤직홀,1.0,1,200.0,200.0,0.0,0.0,4,200,0.8992913921137956,0.3075135969040895,0.18641360301676208,58.54448515225005,55.948935781854864,0.6843902439024391,True
소프라노 김민진 & 피아니스트 김주하 듀오 리사이틀,서양음악(클래식),영남,비원뮤직홀,1.0,1,200.0,200.0,0.0,0.0,4,200,0.8992913921137956,0.3075135969040895,0.18641360301676208,58.54448515225005,55.948935781854864,0.6843902439024391,True
오페라 갈라콘서트,서양음악(클래식),영남,비원뮤직홀,1.0,1,200.0,200.0,0.0,0.0,4,200,0.8992913921137956,0.3075135969040895,0.18641360301676208,58.54448515225005,55.948935781854864,0.6843902439024391,True
유나이티드와 함께하는 대구시 달서구 내과의사회 신년음악회: UNITED FAMILY CONCERT,서양음악(클래식),영남,한영아트센터,1.0,1,200.0,200.0,0.0,0.0,2,200,0.8992913921137956,0.3075135969040895,0.18641360301676208,58.54448515225005,55.948935781854864,0.6843902439024391,True
"음악으로 떠나는 세계여행!, Bonnes Vacances!: 휴가 잘 보내세요",서양음악(클래식),영남,비원뮤직홀,1.0,1,200.0,200.0,0.0,0.0,4,200,0.8992913921137956,0.3075135969040895,0.18641360301676208,58.54448515225005,55.948935781854864,0.6843902439024391,True
"월드 아티스트 시리즈 Ⅰ, 한수진: 젊은 베르테르의 슬픔 [대구]",서양음악(클래식),영남,비원뮤직홀,1.0,1,200.0,200.0,0.0,0.0,4,200,0.8992913921137956,0.3075135969040895,0.18641360301676208,58.54448515225005,55.948935781854864,0.6843902439024391,True
"월드 아티스트 시리즈 Ⅱ, 백혜선 피아노 리사이틀 [대구]",서양음악(클래식),영남,비원뮤직홀,1.0,1,200.0,200.0,0.0,0.0,4,200,0.8992913921137956,0.3075135969040895,0.18641360301676208,58.54448515225005,55.948935781854864,0.6843902439024391,True
조성현 & 함경 듀오 리사이틀 [대구],서양음악(클래식),영남,비원뮤직홀,1.0,1,200.0,200.0,0.0,0.0,4,200,0.8992913921137956,0.3075135969040895,0.18641360301676208,58.54448515225005,55.948935781854864,0.6843902439024391,True
"비원뮤직홀 레지던시 시리즈, 안수영 피콜로 & 플루트 리사이틀 [대구]",서양음악(클래식),영남,비원뮤직홀,1.0,1,200.0,200.0,0.0,0.0,4,200,0.8992913921137956,0.3075135969040895,0.18641360301676208,58.54448515225005,55.948935781854864,0.6843902439024391,True
"실내악의 밤, 한여름 밤의 꿈 [대구]",서양음악(클래식),영남,비원뮤직홀,1.0,1,200.0,200.0,0.0,0.0,4,200,0.8992913921137956,0.3075135969040895,0.18641360301676208,58.54448515225005,55.948935781854864,0.6843902439024391,True
"오페라 아리아의 밤Ⅰ, 푸치니 & 도니제티",서양음악(클래식),영남,비원뮤직홀,1.0,1,200.0,200.0,0.0,0.0,4,200,0.8992913921137956,0.3075135969040895,0.18641360301676208,58.54448515225005,55.948935781854864,0.6843902439024391,True
"월드 아티스트 시리즈 Ⅲ, 노부스 콰르텟 콘서트 [대구]",서양음악(클래식),영남,비원뮤직홀,1.0,1,200.0,200.0,0.0,0.0,4,200,0.8992913921137956,0.3075135969040895,0.18641360301676208,58.54448515225005,55.948935781854864,0.6843902439024391,True
라흐마니노프를 좋아하세요?,서양음악(클래식),영남,비원뮤직홀,1.0,1,200.0,200.0,0.0,0.0,4,200,0.8992913921137956,0.3075135969040895,0.18641360301676208,58.54448515225005,55.948935781854864,0.6843902439024391,True
플루트와 함께하는 애니메이션 OST 콘서트,서양음악(클래식),영남,비원뮤직홀,1.0,1,200.0,200.0,0.0,0.0,4,200,0.8992913921137956,0.3075135969040895,0.18641360301676208,58.54448515225005,55.948935781854864,0.6843902439024391,True
"포시즌 특집, 가을",서양음악(클래식),영남,비원뮤직홀,1.0,1,200.0,200.0,0.0,0.0,4,200,0.8992913921137956,0.3075135969040895,0.18641360301676208,58.54448515225005,55.948935781854864,0.6843902439024391,True
이미연 피아노 리사이틀 [대구],서양음악(클래식),영남,비원뮤직홀,1.0,1,200.0,200.0,0.0,0.0,4,200,0.8992913921137956,0.3075135969040895,0.18641360301676208,58.54448515225005,55.948935781854864,0.6843902439024391,True
로맨틱 윈터 콘서트 [대구],서양음악(클래식),영남,비원뮤직홀,1.0,1,200.0,200.0,0.0,0.0,4,200,0.8992913921137956,0.3075135969040895,0.18641360301676208,58.54448515225005,55.948935781854864,0.6843902439024391,True
대학클래식음악제: 피아노 포르테 [대구],서양음악(클래식),영남,비원뮤직홀,1.0,1,200.0,200.0,0.0,0.0,4,200,0.8992913921137956,0.3075135969040895,0.18641360301676208,58.54448515225005,55.948935781854864,0.6843902439024391,True
"챔버 앙상블 시리즈 Ⅰ, Quartet [대구]",서양음악(클래식),영남,비원뮤직홀,1.0,1,200.0,200.0,0.0,0.0,4,200,0.8992913921137956,0.3075135969040895,0.18641360301676208,58.54448515225005,55.948935781854864,0.6843902439024391,True
"비원뮤직홀 로맨틱 시리즈, 마티네 콘서트: 가을의 가곡 [대구]",서양음악(클래식),영남,비원뮤직홀,1.0,1,200.0,200.0,0.0,0.0,4,200,0.8992913921137956,0.3075135969040895,0.18641360301676208,58.54448515225005,55.948935781854864,0.6843902439024391,True
비스포크 색소폰 콰르텟 [대구],서양음악(클래식),영남,비원뮤직홀,1.0,1,200.0,200.0,0.0,0.0,4,200,0.8992913921137956,0.3075135969040895,0.18641360301676208,58.54448515225005,55.948935781854864,0.6843902439024391,True
"비원뮤직홀 레지던시 시리즈, 김수지 바이올린 리사이틀 [대구]",서양음악(클래식),영남,비원뮤직홀,1.0,1,200.0,200.0,0.0,0.0,4,200,0.8992913921137956,0.3075135969040895,0.18641360301676208,58.54448515225005,55.948935781854864,0.6843902439024391,True
정은지 피아노 리사이틀 [대구],서양음악(클래식),영남,비원뮤직홀,1.0,1,200.0,200.0,0.0,0.0,4,200,0.8992913921137956,0.3075135969040895,0.18641360301676208,58.54448515225005,55.948935781854864,0.6843902439024391,True
위더스 콰이어 & 오케스트라 창단 연주회,서양음악(클래식),서울,강동아트센터,0.7788,1,662.0,662.0,0.0,0.0,7,850,0.5034515218073423,0.4933009099466583,0.18641360301676208,49.936645061734275,55.936645061734275,0.649090909090909,True
우리가 사랑했던 그날 [대구],뮤지컬,영남,대구학생문화센터,0.8839,1,1210.0,1210.0,0.0,0.0,2,1369,0.6029442526932329,0.5596354983788306,0.18641360301676208,58.52324483611402,55.927695465718834,0.6721951219512196,True
목포시립교향악단 신년음악회,서양음악(클래식),호남,목포시민문화체육센터,0.7722,1,932.0,932.0,0.0,0.0,6,1207,0.4984180525049681,0.5272617926995085,0.18641360301676208,50.97612031032121,55.92286580976877,0.7,True
꼭꼭 숨어라! 토선생 찾기 [광주],한국음악(국악),호남,광산문화예술회관,0.6981,2,754.0,377.0,0.0,0.0,1,540,0.43434264198305617,0.6479630791758184,0.18641360301676208,50.970581167032094,55.91732666647966,0.6973684210526315,True
"제6회 정서진 피크닉 클래식, 블루 앙상블 음악회",서양음악(클래식),경인,청라복합문화센터 블루노바홀,0.9897,1,481.0,481.0,0.0,0.0,4,486,0.7765924066520239,0.44011609664261064,0.18641360301676208,61.87892851298052,55.87892851298052,0.7021081576535289,True
UNKNOW [인천 동구],뮤지컬,경인,인천동구문화체육센터,0.8081,4,1600.0,400.0,0.0,0.0,1,495,0.5288803472440121,0.7828182198514799,0.18641360301676208,61.86981645736017,55.86981645736017,0.7011915673693859,True
농악콘서트: 영(young)인전,한국음악(국악),서울,꿈의숲아트센터,0.9117,1,258.0,258.0,0.0,0.0,8,283,0.6439702959941429,0.33960621273925323,0.18641360301676208,49.85511838741691,55.85511838741691,0.6481818181818182,True
"K-JAZZ, 러브레터 With 주현미 & 이경우 & 최우혁 재즈 앙상블",대중음악,기타,양양문화복지회관,0.9159,1,403.0,403.0,0.0,0.0,2,440,0.6469380817906076,0.41479839974898025,0.18641360301676208,54.15673313768706,55.844661561745156,0.7926829268292683,True
강남대학교 음악학과 정기연주회,서양음악(클래식),경인,경기아트센터(구. 경기도문화의전당),0.988,1,496.0,496.0,0.0,0.0,4,502,0.76953247568246,0.4451456437611129,0.18641360301676208,61.82114189347859,55.82114189347859,0.6984417965169569,True
"대한민국 피아노페스티벌, Stage for you [수원]",서양음악(클래식),경인,경기아트센터(구. 경기도문화의전당),0.988,1,496.0,496.0,0.0,0.0,4,502,0.76953247568246,0.4451456437611129,0.18641360301676208,61.82114189347859,55.82114189347859,0.6984417965169569,True
"제2회 경기기타오케스트라 정기연주회, 신인근 창작곡연주회",서양음악(클래식),경인,경기아트센터(구. 경기도문화의전당),0.988,1,496.0,496.0,0.0,0.0,4,502,0.76953247568246,0.4451456437611129,0.18641360301676208,61.82114189347859,55.82114189347859,0.6984417965169569,True
강남대학교 음악학과 정기연주회,서양음악(클래식),경인,경기아트센터(구. 경기도문화의전당),0.988,1,496.0,496.0,0.0,0.0,4,1102,0.76953247568246,0.4451456437611129,0.18641360301676208,61.82114189347859,55.82114189347859,0.6984417965169569,True
카르미나 부라나 [수원],무용(서양/한국무용),경인,경기아트센터(구. 경기도문화의전당),0.988,1,496.0,496.0,0.0,0.0,4,502,0.76953247568246,0.4451456437611129,0.18641360301676208,61.82114189347859,55.82114189347859,0.6984417965169569,True
"내 생에 가장 뜨거웠던 이야기, 푸른 봄 [고양]",연극,경인,토당청소년수련관,1.0,1,286.0,286.0,0.0,0.0,7,286,0.8992913921137956,0.3522081895199247,0.18641360301676208,61.81018476931964,55.81018476931964,0.6956920256645279,True
"책 읽는 ACC, 서로 만난 사이: 음악으로 펼치는 시의 풍경",대중음악,호남,국립아시아문화전당,1.44,1,72.0,72.0,0.0,0.0,6,50,0.8992913921137956,0.2159554439912143,0.18641360301676208,50.82599910702088,55.77274460646844,0.6947368421052632,True
"서울시청소년국악단 프로젝트 오케스트라, EP.1 관현악: 비상",한국음악(국악),서울,세종문화회관,0.8161,1,497.0,497.0,0.0,0.0,3,609,0.5356657253425374,0.4456176132203744,0.18641360301676208,49.764684445860105,55.764684445860105,0.6472727272727272,True
"세종시립청소년교향악단, Cinema classic in summer",서양음악(클래식),충청,세종예술의전당,0.9029,1,967.0,967.0,0.0,0.0,1,1071,0.6277716766028658,0.5314559146532789,0.18641360301676208,58.73107206670286,55.75805372168696,0.7077625570776256,True
제14회 신나는 오케스트라 정기연주회,서양음악(클래식),기타,춘천문화예술회관,0.8415,1,791.0,791.0,0.0,0.0,3,940,0.5605715929296099,0.511342955757766,0.18641360301676208,54.03355759277348,55.72148601683157,0.7865853658536586,True
"책 읽는 ACC, 서로 만난 사이: 음악과 함께 읽는 소설",대중음악,호남,국립아시아문화전당,1.42,1,71.0,71.0,0.0,0.0,6,50,0.8992913921137956,0.21522330300177805,0.18641360301676208,50.757003924944236,55.7037494243918,0.6921052631578948,True
"서구愛마토콘서트, 대구시티발레단의 발레 명작 갈라 콘서트: 해설이 있는 발레스토리",무용(서양/한국무용),영남,대구서구문화회관,0.9624,1,435.0,435.0,0.0,0.0,3,452,0.7168967681204895,0.4261165150088903,0.18641360301676208,58.221758714895685,55.6262093445005,0.6707317073170732,True
"서구愛 마토콘서트, 오페라 사랑의 묘약",서양음악(클래식),영남,대구서구문화회관,0.9624,1,435.0,435.0,0.0,0.0,3,452,0.7168967681204895,0.4261165150088903,0.18641360301676208,58.221758714895685,55.6262093445005,0.6707317073170732,True
봉산문화회관 개관 20주년 기념 송년음악회 [대구],서양음악(클래식),영남,봉산문화회관,0.967,1,410.0,410.0,0.0,0.0,2,424,0.7244927308858906,0.4179008471917164,0.18641360301676208,58.13661214228634,55.541062771891156,0.6692682926829269,True
김종서 오보에 독주회,서양음악(클래식),서울,금호아트홀 연세,0.8692,1,339.0,339.0,0.0,0.0,1,390,0.5875039221838719,0.3833006484677335,0.18641360301676208,49.52474907372515,55.52474907372515,0.6463636363636364,True
"국립국악원 창작악단, 환상기행 [논산]",한국음악(국악),충청,논산아트센터(구. 논산문화예술회관),0.9429,1,528.0,528.0,0.0,0.0,5,560,0.6889315971132727,0.45703116828783596,0.18641360301676208,58.463389379788644,55.49037103477275,0.7031963470319634,True
대구시립국악단과 함께하는 대구편입 1주년 기념음악회,한국음악(국악),영남,군위 삼국유사교육문화회관,0.9556,1,452.0,452.0,0.0,0.0,6,473,0.7070651605480598,0.43208084928354773,0.18641360301676208,58.06329401430133,55.467744643906144,0.6682926829268293,True
경로당 폰팅사건 [청송],뮤지컬,영남,청송군문화예술회관,0.9651,1,415.0,415.0,0.0,0.0,1,430,0.720897395669909,0.4195115573684761,0.18641360301676208,58.05259608230438,55.4570467119092,0.6673170731707317,True
"제14회 서구립풍물단 정기연주회, 서구유희: 두번째 이야기",한국음악(국악),경인,청라복합문화센터 블루노바홀,0.9877,1,480.0,480.0,0.0,0.0,4,486,0.7682120071122267,0.43963366802635706,0.18641360301676208,61.45044499593047,55.45044499593047,0.6943171402383135,True
"청라블루노바홀 송년음악회, 비엔나 모르핑 솔리스츠 내한공연",서양음악(클래식),경인,청라복합문화센터 블루노바홀,0.9877,1,480.0,480.0,0.0,0.0,4,486,0.7682120071122267,0.43963366802635706,0.18641360301676208,61.45044499593047,55.45044499593047,0.6943171402383135,True
유쾌한 하녀 마리사 [함양],연극,영남,함양문화예술회관,0.9506,1,462.0,462.0,0.0,0.0,2,486,0.7019924694069658,0.4352199037757557,0.18641360301676208,57.98063553380216,55.385086163406974,0.6663414634146342,True
제3회 블라썸싱어즈 정기연주회 [안산],서양음악(클래식),경인,안산문화예술의전당,0.9553,1,684.0,684.0,0.0,0.0,6,716,0.7067906076770213,0.49633145068507484,0.18641360301676208,61.35969328729794,55.35969328729794,0.6924839596700275,True
"안녕?! 오케스트라 재개 기념 연주회: 다시, 안녕?! 오케스트라",서양음악(클래식),경인,안산문화예술의전당,0.9553,1,684.0,684.0,0.0,0.0,6,716,0.7067906076770213,0.49633145068507484,0.18641360301676208,61.35969328729794,55.35969328729794,0.6924839596700275,True
"영산아트홀 실내악 시리즈, 람파스 앙상블 콘서트",서양음악(클래식),서울,영산아트홀,0.811,1,485.0,485.0,0.0,0.0,4,598,0.5312990272983997,0.4414483317644598,0.18641360301676208,49.335026346501714,55.335026346501714,0.6445454545454545,True
"제15회 페트라 한국시음악협회 정기연주회, 나의 시 나의 노래 세계속으로",서양음악(클래식),서울,영산아트홀,0.811,1,485.0,485.0,0.0,0.0,4,598,0.5312990272983997,0.4414483317644598,0.18641360301676208,49.335026346501714,55.335026346501714,0.6445454545454545,True
숙명여자대학교 음악대학 피아노 앙상블 콘서트 2,서양음악(클래식),서울,영산아트홀,0.811,1,485.0,485.0,0.0,0.0,4,598,0.5312990272983997,0.4414483317644598,0.18641360301676208,49.335026346501714,55.335026346501714,0.6445454545454545,True
겨울산책 쇼케이스,연극,경인,광명문화예술교육지원센터 광명극장,0.9875,1,474.0,474.0,0.0,0.0,1,480,0.7676498274239096,0.4379719694592616,0.18641360301676208,61.33048801754121,55.33048801754121,0.6911090742438131,True
기독음대 50주년 기념음악회: 아가페 찬양 페스티벌,서양음악(클래식),서울,롯데콘서트홀,0.7097,1,1445.0,1445.0,0.0,0.0,6,2036,0.44541627444827947,0.5743031586654116,0.18641360301676208,49.30785731926608,55.30785731926608,0.6422727272727272,True
제1회 한섬 VIP 초청 음악회,서양음악(클래식),서울,롯데콘서트홀,0.7097,1,1445.0,1445.0,0.0,0.0,6,2036,0.44541627444827947,0.5743031586654116,0.18641360301676208,49.30785731926608,55.30785731926608,0.6422727272727272,True
광주시민과 함께하는 송년음악회,서양음악(클래식),경인,남한산성아트홀,0.9326,1,968.0,968.0,0.0,0.0,8,1038,0.6737658194749503,0.5317723041522854,0.18641360301676208,61.2908537587862,55.2908537587862,0.69019248395967,True
UNKNOW [인천 서구],뮤지컬,경인,청라복합문화센터 블루노바홀,0.823,3,1200.0,400.0,0.0,0.0,4,486,0.5409083777847505,0.7384975420981069,0.18641360301676208,61.26519871410315,55.26519871410315,0.689275893675527,True
김성녀의 마당놀이: 심청이와 춘향이가 온다 [철원],연극,기타,철원군 화강문화센터,0.9339,1,325.0,325.0,0.0,0.0,6,348,0.67579228114214,0.3780057002405606,0.18641360301676208,53.565760571542775,55.25368899560087,0.7804878048780488,True
"서구愛마토콘서트, 나릿프로젝트: 요즘 흥보가",한국음악(국악),영남,대구서구문화회관,0.958,1,433.0,433.0,0.0,0.0,3,452,0.7096276540110867,0.4253608409162221,0.18641360301676208,57.82575625467358,55.230206884278395,0.6643902439024391,True
"서구愛마토콘서트, 시민행복 나눔콘서트",서양음악(클래식),영남,대구서구문화회관,0.958,1,433.0,433.0,0.0,0.0,3,452,0.7096276540110867,0.4253608409162221,0.18641360301676208,57.82575625467358,55.230206884278395,0.6643902439024391,True
"서구愛마토콘서트, 트리오 콜로레스 내한공연",서양음악(클래식),영남,대구서구문화회관,0.958,1,433.0,433.0,0.0,0.0,3,452,0.7096276540110867,0.4253608409162221,0.18641360301676208,57.82575625467358,55.230206884278395,0.6643902439024391,True
여행을 떠나: 나랑 같이 여행 갈래요?,뮤지컬,서울,모두예술극장,0.7259,2,376.0,188.0,0.0,0.0,0,259,0.46272617926995085,0.5399016839242756,0.18641360301676208,49.217586739398506,55.217586739398506,0.6409090909090909,True
"남양주시립합창단 기획연주회, 해설이 있는 오페라: 카르멘 갈라콘서트",서양음악(클래식),경인,별빛도서관,1.1588,1,270.0,270.0,0.0,0.0,6,233,0.8992913921137956,0.34342511243593765,0.18641360301676208,61.1889613722956,55.1889613722956,0.6883593033913841,True
각인 [안산],뮤지컬,경인,안산문화예술의전당,0.9525,1,682.0,682.0,0.0,0.0,6,716,0.7035221211170379,0.496094812258132,0.18641360301676208,61.17761313486483,55.17761313486483,0.687442713107241,True
제15회 안산 노적봉 성황예술제,한국음악(국악),경인,안산문화예술의전당,0.9511,1,681.0,681.0,0.0,0.0,6,716,0.7026461667189624,0.4959313879301328,0.18641360301676208,61.12384238906146,55.12384238906146,0.6865261228230981,True
"NPAF, 하울링",무용(서양/한국무용),경인,남동소래아트홀,0.9531,1,670.0,670.0,0.0,0.0,2,703,0.7038881916117561,0.49443311369103654,0.18641360301676208,61.11463570900333,55.11463570900333,0.6842346471127406,True
"국악창작소놀이터, 우리음악이 전하는 낭독콘서트: 러브레터",한국음악(국악),경인,남동소래아트홀,0.9531,1,670.0,670.0,0.0,0.0,2,703,0.7038881916117561,0.49443311369103654,0.18641360301676208,61.11463570900333,55.11463570900333,0.6842346471127406,True
"전문연주단 크라제, 심훈: 늘 푸른 나무의 노래 [인천]",서양음악(클래식),경인,남동소래아트홀,0.9531,1,670.0,670.0,0.0,0.0,2,703,0.7038881916117561,0.49443311369103654,0.18641360301676208,61.11463570900333,55.11463570900333,0.6842346471127406,True
"문화예술라온, Pianist and Actor. Love Story: 4대 피아노의 향연",서양음악(클래식),경인,남동소래아트홀,0.9531,1,670.0,670.0,0.0,0.0,2,703,0.7038881916117561,0.49443311369103654,0.18641360301676208,61.11463570900333,55.11463570900333,0.6842346471127406,True
강릉합창대축제,서양음악(클래식),기타,강릉아트센터 (구. 강릉문화예술관),0.69855,2,1358.0,679.0,0.0,0.0,7,972,0.434577973015375,0.7257582888819161,0.18641360301676208,53.352825957975135,55.04075438203323,0.774390243902439,True
따끈따끈 크리스마스,서커스/마술,충청,천안어린이꿈누리터(구. 천안시 어린이 회관),0.7833,4,940.0,235.0,0.0,0.0,5,300,0.5065892689049263,0.7096851793745425,0.18641360301676208,57.97221388525142,54.999195540235526,0.6986301369863014,True
민주의 봄 [광주],서양음악(클래식),호남,광산문화예술회관,0.8333,1,450.0,450.0,0.0,0.0,1,540,0.5525834117770108,0.4308505909423701,0.18641360301676208,50.02295962005068,54.969705119498244,0.6894736842105263,True
음악으로 떠나는 유럽여행,서양음악(클래식),경인,아트센터 인천,0.8597,2,820.0,410.0,0.0,0.0,6,638,0.5784306034933584,0.6596302688003347,0.18641360301676208,60.963653769169014,54.963653769169014,0.6819431714023831,True
"토요일 토요일은 클래식 1, 싱싱싱: 퍼니밴드",서양음악(클래식),제주,김정문화회관,0.9909,1,327.0,327.0,0.0,0.0,7,330,0.7861102395146952,0.37872999686225284,0.18641360301676208,58.697817502695216,54.947142155493296,0.6413043478260869,True
정조테마공연장 1주년 개관 기념공연 [수원],한국음악(국악),경인,정조테마공연장,1.0039,1,259.0,259.0,0.0,0.0,3,258,0.8992913921137956,0.33995790189310743,0.18641360301676208,60.941104054413195,54.941104054413195,0.6810265811182401,True
"어린이를 위한 오감음악극: 꼼싹, 꿈싹",뮤지컬,서울,강동아트센터,0.912,1,228.0,228.0,0.0,0.0,7,250,0.6442448488651815,0.3234964961824077,0.18641360301676208,48.90783128036365,54.90783128036365,0.64,True
"부산여자대학교 사제동행 프로젝트 Ⅶ, 춤: 同心",무용(서양/한국무용),영남,(재)영화의전당,0.9013,1,758.0,758.0,0.0,0.0,8,841,0.6256798452044765,0.506442840707039,0.18641360301676208,57.494125643435545,54.89857627304036,0.6609756097560976,True
제4회 윤슬타악기앙상블 정기연주회,서양음악(클래식),영남,(재)영화의전당,0.9013,1,758.0,758.0,0.0,0.0,8,841,0.6256798452044765,0.506442840707039,0.18641360301676208,57.494125643435545,54.89857627304036,0.6609756097560976,True
"한국예술종합학교, 다시 추는 춤, 함께 추는 춤 [부산]",무용(서양/한국무용),영남,(재)영화의전당,0.9013,1,758.0,758.0,0.0,0.0,8,841,0.6256798452044765,0.506442840707039,0.18641360301676208,57.494125643435545,54.89857627304036,0.6609756097560976,True
"WMN 초청 신춘음악회, 5월의 CLASSIC",서양음악(클래식),영남,(재)영화의전당,0.9013,1,758.0,758.0,0.0,0.0,8,841,0.6256798452044765,0.506442840707039,0.18641360301676208,57.494125643435545,54.89857627304036,0.6609756097560976,True
"SAC on SCREEN, 심청 [군산]",무용(서양/한국무용),호남,군산어린이공연장,0.7197,2,475.0,237.5,0.0,0.0,3,330,0.45520866018198936,0.5738377261792699,0.18641360301676208,49.939242239855474,54.88598773930304,0.6868421052631579,True
이글루베이 X 무대기술 아카데미 space 콘서트 결과발표회,대중음악,경인,수원SK아트리움,0.9326,1,886.0,886.0,0.0,0.0,5,950,0.6737658194749503,0.5223603702541576,0.18641360301676208,60.85460860362342,54.85460860362342,0.6801099908340972,True
"국립남도국악원 토요상설, 국악이 좋다: 세계의 인류무형문화유산",한국음악(국악),호남,국립남도국악원,0.8346,1,434.0,434.0,0.0,0.0,5,520,0.5544399121430813,0.4257426001464282,0.18641360301676208,49.88517899910377,54.83192449855134,0.6657894736842105,True
"국립남도국악원 토요상설, 국악이 좋다: 풍요",한국음악(국악),호남,국립남도국악원,0.8346,1,434.0,434.0,0.0,0.0,5,520,0.5544399121430813,0.4257426001464282,0.18641360301676208,49.88517899910377,54.83192449855134,0.6657894736842105,True
"국립남도국악원 토요상설, 국악이 좋다: 오래된 미래",한국음악(국악),호남,국립남도국악원,0.8346,1,434.0,434.0,0.0,0.0,5,520,0.5544399121430813,0.4257426001464282,0.18641360301676208,49.88517899910377,54.83192449855134,0.6657894736842105,True
"국립남도국악원 토요상설, 조선혼인프로젝트: 김신부부뎐",한국음악(국악),호남,국립남도국악원,0.8346,1,434.0,434.0,0.0,0.0,5,520,0.5544399121430813,0.4257426001464282,0.18641360301676208,49.88517899910377,54.83192449855134,0.6657894736842105,True
"국립남도국악원 토요상설, 국악이 좋다: 판소리, 판치는 세상!",한국음악(국악),호남,국립남도국악원,0.8346,1,434.0,434.0,0.0,0.0,5,520,0.5544399121430813,0.4257426001464282,0.18641360301676208,49.88517899910377,54.83192449855134,0.6657894736842105,True
"국립남도국악원 추석특별공연, 연희공감",한국음악(국악),호남,국립남도국악원,0.8346,1,434.0,434.0,0.0,0.0,5,520,0.5544399121430813,0.4257426001464282,0.18641360301676208,49.88517899910377,54.83192449855134,0.6657894736842105,True
"국립남도국악원 토요상설, 국악이 좋다: 토끼가 어떻게 생겼소?",뮤지컬,호남,국립남도국악원,0.8346,1,434.0,434.0,0.0,0.0,5,520,0.5544399121430813,0.4257426001464282,0.18641360301676208,49.88517899910377,54.83192449855134,0.6657894736842105,True
"국립남도국악원 토요상설, 국악이 좋다: 호랭이가 답싹 물어갈 뺑파야",한국음악(국악),호남,국립남도국악원,0.8346,1,434.0,434.0,0.0,0.0,5,520,0.5544399121430813,0.4257426001464282,0.18641360301676208,49.88517899910377,54.83192449855134,0.6657894736842105,True
"국립남도국악원 토요상설, 국악이 좋다: 귀향",한국음악(국악),호남,국립남도국악원,0.8346,1,434.0,434.0,0.0,0.0,5,520,0.5544399121430813,0.4257426001464282,0.18641360301676208,49.88517899910377,54.83192449855134,0.6657894736842105,True
"국립남도국악원 토요상설, 국악이 좋다: 전통의 미래",한국음악(국악),호남,국립남도국악원,0.8346,1,434.0,434.0,0.0,0.0,5,520,0.5544399121430813,0.4257426001464282,0.18641360301676208,49.88517899910377,54.83192449855134,0.6657894736842105,True
"국립남도국악원 토요상설, 국악이 좋다: 전통의 재해석",한국음악(국악),호남,국립남도국악원,0.8346,1,434.0,434.0,0.0,0.0,5,520,0.5544399121430813,0.4257426001464282,0.18641360301676208,49.88517899910377,54.83192449855134,0.6657894736842105,True
"국립남도국악원 토요상설, 국악이 좋다: 월하금무",한국음악(국악),호남,국립남도국악원,0.8346,1,434.0,434.0,0.0,0.0,5,520,0.5544399121430813,0.4257426001464282,0.18641360301676208,49.88517899910377,54.83192449855134,0.6657894736842105,True
"국립남도국악원 토요상설, 국악이 좋다: 다시, 삶",한국음악(국악),호남,국립남도국악원,0.8346,1,434.0,434.0,0.0,0.0,5,520,0.5544399121430813,0.4257426001464282,0.18641360301676208,49.88517899910377,54.83192449855134,0.6657894736842105,True
"국립남도국악원 토요상설, 국악이 좋다: 전주시립국악단 초청공연, 여울빛 콘서트",한국음악(국악),호남,국립남도국악원,0.8346,1,434.0,434.0,0.0,0.0,5,520,0.5544399121430813,0.4257426001464282,0.18641360301676208,49.88517899910377,54.83192449855134,0.6657894736842105,True
"한글날 기념 기획공연, 세종이 꿈꾸었던 세상: 바른, 고른, 너른, 누리",한국음악(국악),호남,국립남도국악원,0.8346,1,434.0,434.0,0.0,0.0,5,520,0.5544399121430813,0.4257426001464282,0.18641360301676208,49.88517899910377,54.83192449855134,0.6657894736842105,True
제11회 충주시민 한마음 음악회: 그대를 위한 노래,서양음악(클래식),충청,충주시문화회관,0.901,1,801.0,801.0,0.0,0.0,1,889,0.6250522957849597,0.512888296203326,0.18641360301676208,57.75092281809944,54.777904473083545,0.6940639269406392,True
크리스마스 선물 [논산],서양음악(클래식),충청,논산아트센터(구. 논산문화예술회관),0.9339,1,523.0,523.0,0.0,0.0,5,560,0.67579228114214,0.4561892061499843,0.18641360301676208,57.74919547521296,54.77617713019706,0.6894977168949772,True
한양대학교 무용예술학과 정기공연: Dance of Hanyang,무용(서양/한국무용),경인,안산문화예술의전당,0.9469,1,678.0,678.0,0.0,0.0,6,716,0.6956254575881184,0.4954411149461354,0.18641360301676208,60.73263135531511,54.73263135531511,0.6773602199816682,True
안산시민과 함께하는 제10회 안산 브라보 윈드오케스트라 정기연주회,서양음악(클래식),경인,안산문화예술의전당,0.9469,1,678.0,678.0,0.0,0.0,6,716,0.6956254575881184,0.4954411149461354,0.18641360301676208,60.73263135531511,54.73263135531511,0.6773602199816682,True
한양대학교 무용예술학과 졸업공연: Dance of Hanyang,무용(서양/한국무용),경인,안산문화예술의전당,0.9469,1,678.0,678.0,0.0,0.0,6,716,0.6956254575881184,0.4954411149461354,0.18641360301676208,60.73263135531511,54.73263135531511,0.6773602199816682,True
하트아트합창 창단연주회 [안산],서양음악(클래식),경인,안산문화예술의전당,0.9469,1,678.0,678.0,0.0,0.0,6,716,0.6956254575881184,0.4954411149461354,0.18641360301676208,60.73263135531511,54.73263135531511,0.6773602199816682,True
"화이팅! 대한민국!, 색소폰 앙상블 행복 나눔 가을 콘서트 [안산]",서양음악(클래식),경인,안산문화예술의전당,0.9469,1,678.0,678.0,0.0,0.0,6,716,0.6956254575881184,0.4954411149461354,0.18641360301676208,60.73263135531511,54.73263135531511,0.6773602199816682,True
스크루지의 크리스마스 캐럴 [경산],뮤지컬,영남,천마아트센터,0.8475,1,1601.0,1601.0,0.0,0.0,7,1889,0.5659449848342224,0.584364867691664,0.18641360301676208,57.324221924967766,54.72867255457258,0.6585365853658537,True
"김세희 피아노 독주회: Waltz & Ballade, 왈츠와 발라드",서양음악(클래식),서울,자양스테이션(파리뮤직포럼),1.0,1,50.0,50.0,0.0,0.0,0,50,0.8992913921137956,0.1943167555695011,0.18641360301676208,48.72416016218748,54.72416016218748,0.6386363636363637,True
소프라노 백세리 살롱콘서트,서양음악(클래식),서울,클래식 라운지 리한(구.리한아트홀),1.0,1,50.0,50.0,0.0,0.0,0,50,0.8992913921137956,0.1943167555695011,0.18641360301676208,48.72416016218748,54.72416016218748,0.6386363636363637,True
ALL SHOOK UP,뮤지컬,경인,대진대학교,0.94,4,188.0,47.0,0.0,0.0,6,50,0.6849178956176132,0.5057067775337307,0.18641360301676208,60.66561684563494,54.66561684563494,0.6746104491292392,True
"제22회 광산구립합창단 정기연주회, 가장 아름다운 노래",서양음악(클래식),호남,광산문화예술회관,0.8278,1,447.0,447.0,0.0,0.0,1,540,0.5471969459261583,0.4300217027507583,0.18641360301676208,49.69152769150932,54.63827319095689,0.6447368421052632,True
"바다탐험대 옥토넛 시즌3, 바다넘어 육지까지 [안동]",뮤지컬,영남,경북도청 동락관,0.75835,2,1324.0,662.0,0.0,0.0,2,873,0.48887407174981695,0.7240129170588849,0.18641360301676208,57.2027263658797,54.607176995484515,0.6575609756097561,True
경계: 모든 경계는 넘어서다,무용(서양/한국무용),경인,하남문화예술회관,0.8761,2,622.0,311.0,0.0,0.0,4,355,0.5956097688526305,0.6208267963602133,0.18641360301676208,60.55712783891235,54.55712783891235,0.6736938588450962,True
유령,연극,서울,삼일로창고극장,0.78666667,3,118.0,39.33,0.0,0.0,1,50,0.5084980650559565,0.4530187741868006,0.18641360301676208,48.55344648950386,54.55344648950386,0.6372727272727273,True
"ACC 수요극장, 사의 찬미",뮤지컬,호남,국립아시아문화전당,0.9234,1,229.0,229.0,0.0,0.0,6,248,0.6589007426001464,0.323829881811526,0.18641360301676208,49.59281570990053,54.53956120934809,0.6421052631578947,True
뒤란 (09.11),대중음악,영남,울산문화예술회관,0.8585,1,1226.0,1226.0,0.0,0.0,5,1428,0.5774239096328836,0.5617207928041,0.18641360301676208,57.10906604358086,54.51351667318568,0.6565853658536586,True
제78주년 광복절 기념 음악회 [김제],서양음악(클래식),호남,김제문화예술회관,0.8361,1,408.0,408.0,0.0,0.0,4,488,0.5553027925949169,0.41731513440016743,0.18641360301676208,49.53401924949759,54.480764748945155,0.6394736842105263,True
"한여름밤의 꿈, 파이커 X 송창식",대중음악,기타,철원군 화강문화센터,0.9253,1,322.0,322.0,0.0,0.0,6,348,0.6609141303210961,0.37687611128543036,0.18641360301676208,52.79179954870886,54.47972797276695,0.7682926829268293,True
"제29회 서구여성합창단 정기연주회, 꽃바람이 옷깃을 스칠 때",서양음악(클래식),영남,대구서구문화회관,0.9469,1,428.0,428.0,0.0,0.0,3,452,0.6956254575881184,0.4238756406233658,0.18641360301676208,57.058541213631344,54.46299184323616,0.655609756097561,True
"로사오케스트라심포닉아트, 가야금, 마법에 빠지다: 우리가락 악 가 무",한국음악(국악),영남,대덕문화전당,0.931,1,499.0,499.0,0.0,0.0,4,536,0.671673988076561,0.4466465327894572,0.18641360301676208,57.05329149621027,54.45774212581509,0.6546341463414634,True
제11회 카라싱어즈 정기연주회,서양음악(클래식),경인,안산문화예술의전당,0.9441,1,676.0,676.0,0.0,0.0,6,716,0.6902912875222257,0.4952188578600565,0.18641360301676208,60.44192740083534,54.44192740083534,0.6723189734188818,True
제12회 카라싱어즈 정기연주회,서양음악(클래식),경인,안산문화예술의전당,0.9441,1,676.0,676.0,0.0,0.0,6,716,0.6902912875222257,0.4952188578600565,0.18641360301676208,60.44192740083534,54.44192740083534,0.6723189734188818,True
어느 학술원에 드리는 보고,연극,서울,창조소극장 (구. 민아트홀),0.8,2,160.0,80.0,0.0,0.0,0,100,0.5194148101663006,0.43615599832653484,0.18641360301676208,48.4356728292023,54.4356728292023,0.6363636363636364,True
"선사소녀, 노을다 [울주]",한국음악(국악),영남,울주문화예술회관,0.9638,1,373.0,373.0,0.0,0.0,5,387,0.7193677439598368,0.40234546595544396,0.18641360301676208,57.01776909462465,54.422219724229464,0.651219512195122,True
"신박한 예술지원해Dream: 오늘, 씻김하다 [울산]",무용(서양/한국무용),영남,울주문화예술회관,0.9638,1,373.0,373.0,0.0,0.0,5,387,0.7193677439598368,0.40234546595544396,0.18641360301676208,57.01776909462465,54.422219724229464,0.651219512195122,True
리듬 오브 라틴 [울주],대중음악,영남,울주문화예술회관,0.9638,1,373.0,373.0,0.0,0.0,5,387,0.7193677439598368,0.40234546595544396,0.18641360301676208,57.01776909462465,54.422219724229464,0.651219512195122,True
신박한 예술지원해Dream: 헬로우! 미스터 하이든,서양음악(클래식),영남,울주문화예술회관,0.9638,1,373.0,373.0,0.0,0.0,5,387,0.7193677439598368,0.40234546595544396,0.18641360301676208,57.01776909462465,54.422219724229464,0.651219512195122,True
울산시립합창단과 함께하는 울산 그리고 울주의 노래,서양음악(클래식),영남,울주문화예술회관,0.9638,1,373.0,373.0,0.0,0.0,5,387,0.7193677439598368,0.40234546595544396,0.18641360301676208,57.01776909462465,54.422219724229464,0.651219512195122,True
반구대 암각화 그림 속 고래가 살아 춤추다 [울산],무용(서양/한국무용),영남,울주문화예술회관,0.9638,1,373.0,373.0,0.0,0.0,5,387,0.7193677439598368,0.40234546595544396,0.18641360301676208,57.01776909462465,54.422219724229464,0.651219512195122,True
제27회 행복북구합창단 정기연주회,서양음악(클래식),영남,어울아트센터(구. 대구북구문예회관),0.9529,1,405.0,405.0,0.0,0.0,5,425,0.7037836000418366,0.41577763832235126,0.18641360301676208,57.01746920736836,54.421919836973174,0.6478048780487805,True
겁쟁이 빌리 [양양],뮤지컬,기타,양양문화복지회관,0.9,1,396.0,396.0,0.0,0.0,2,440,0.6215877000313774,0.4117469406965798,0.18641360301676208,52.71735347924521,54.405281903303305,0.7621951219512195,True
"김종규 지휘자와 함께하는 뮤지컬의 밤, 레미제라블",뮤지컬,영남,서울주문화센터,0.9843,1,313.0,313.0,0.0,0.0,3,318,0.7560009413241293,0.3726401527036921,0.18641360301676208,56.96777551723616,54.37222614684098,0.646829268292683,True
스냅,뮤지컬,제주,제주아트센터,0.7711,2,1470.0,735.0,0.0,0.0,6,1184,0.4973198410208137,0.7339007426001464,0.18641360301676208,58.10806351237579,54.35738816517387,0.6304347826086957,True
이천문화재단과 벽산문화재단이 함께하는 The 넥스트 클래식,서양음악(클래식),경인,이천아트홀,0.9108,1,1093.0,1093.0,0.0,0.0,6,1200,0.6428720845099885,0.548632465223303,0.18641360301676208,60.33750419035421,54.33750419035421,0.6709440879926672,True
앙금당실 토별가 [함양],연극,영남,함양문화예술회관,0.9383,1,456.0,456.0,0.0,0.0,2,486,0.6827606944880242,0.433405240037653,0.18641360301676208,56.92706193629192,54.33151256589674,0.6458536585365854,True
양산시립합창단 정기연주회: 가을의 향연,서양음악(클래식),영남,양산문화예술회관,0.8995,1,716.0,716.0,0.0,0.0,5,796,0.619731199665307,0.5008589582679636,0.18641360301676208,56.91256965056214,54.31702028016696,0.6448780487804878,True
뷰티플마인드와 함께하는 가을음악회,서양음악(클래식),서울,롯데콘서트홀,0.695,1,1415.0,1415.0,0.0,0.0,6,2036,0.43180629641250917,0.5716635289195691,0.18641360301676208,48.30917009691956,54.30917009691956,0.6354545454545455,True
"서구愛마토콘서트, 행진",서양음악(클래식),영남,대구서구문화회관,0.9447,1,427.0,427.0,0.0,0.0,3,452,0.6927361154690932,0.4233879824286163,0.18641360301676208,56.890022910357494,54.29447353996231,0.6439024390243903,True
"화성시 예술단 마티네 콘서트: 바로크, 일그러진 진주",서양음악(클래식),경인,반석아트홀 (동탄복합문화센터),0.9672,1,530.0,530.0,0.0,0.0,5,548,0.7247149879719694,0.4574129275180421,0.18641360301676208,60.28700647770074,54.28700647770074,0.6700274977085243,True
"ACC 수요극장, 패왕별희",한국음악(국악),호남,국립아시아문화전당,0.9194,1,228.0,228.0,0.0,0.0,6,248,0.6537496077816128,0.3234964961824077,0.18641360301676208,49.339494678468306,54.28624017791587,0.6368421052631579,True
"경남청년콘서트, 제2회 청년거리문화페스티벌: BUSKER TO STAGE 2",대중음악,영남,김해문화의전당,0.8538,1,1250.0,1250.0,0.0,0.0,8,1464,0.5725473276853885,0.5626490429871353,0.18641360301676208,56.85672875489915,54.26117938450397,0.6429268292682927,True
"전국풍류자랑 우수작품 순회공연 2, 보배로운 잔치 [강릉]",한국음악(국악),기타,강릉아트센터 (구. 강릉문화예술관),0.9117,1,351.0,351.0,0.0,0.0,7,385,0.6439702959941429,0.3876398912247673,0.18641360301676208,52.5643001419418,54.25222856599989,0.7560975609756098,True
코지 판 투테 [부산],서양음악(클래식),영남,부산문화회관,0.76055,2,1191.0,595.5,0.0,0.0,7,783,0.4904560192448489,0.7086889446710595,0.18641360301676208,56.825374231825855,54.22982486143067,0.6419512195121951,True
"청라블루노바홀 신년음악회, 모두에게 희망을",서양음악(클래식),경인,청라복합문화센터 블루노바홀,0.9774,1,475.0,475.0,0.0,0.0,4,486,0.7444827946867483,0.43821775964857235,0.18641360301676208,60.22666137024062,54.22666137024062,0.6691109074243813,True
하루끝 음악회 With Dance [제주],서양음악(클래식),제주,서귀포예술의전당,1.0,1,190.0,190.0,0.0,0.0,5,190,0.8992913921137956,0.2994430498901789,0.18641360301676208,57.92498858284917,54.17431323564725,0.6195652173913043,True
애니: 공개 드레스 리허설,뮤지컬,경인,하남문화예술회관,0.9276,1,845.0,845.0,0.0,0.0,4,911,0.6645617613220375,0.5184198828574418,0.18641360301676208,60.17191993119974,54.17191993119974,0.6681943171402384,True
"광주시립창극단 특별공연, 국립광주박물관과 함께하는 판소리 감상회 (6월)",한국음악(국악),호남,국립광주박물관,0.9098,1,242.0,242.0,0.0,0.0,2,266,0.6416823554021546,0.3305511975734756,0.18641360301676208,49.21387393737401,54.16061943682158,0.6342105263157894,True
김해를 대표하는 유학파 성악가들과 떠나는 이탈리아 음악여행,서양음악(클래식),영남,김해서부문화센터,0.9045,1,625.0,625.0,0.0,0.0,5,691,0.6297589164313356,0.4851257713628282,0.18641360301676208,56.73438266640286,54.138833296007675,0.6404878048780488,True
"A.D.M 오페라단 초청 김해 상하이 친선, 한중 가곡과 아리아의 밤 [김해]",서양음악(클래식),영남,김해서부문화센터,0.9045,1,625.0,625.0,0.0,0.0,5,691,0.6297589164313356,0.4851257713628282,0.18641360301676208,56.73438266640286,54.138833296007675,0.6404878048780488,True
"구석구석 문화배달, 울산! 혁신도시와 전통의 만남",한국음악(국악),영남,울산중구문화의전당,0.9339,1,466.0,466.0,0.0,0.0,4,499,0.67579228114214,0.4361180838824391,0.18641360301676208,56.719131778593145,54.12358240819796,0.6385365853658537,True
울산사람들과 함께하는 한여름 밤의 꿈,서양음악(클래식),영남,울산중구문화의전당,0.9339,1,466.0,466.0,0.0,0.0,4,499,0.67579228114214,0.4361180838824391,0.18641360301676208,56.719131778593145,54.12358240819796,0.6385365853658537,True
"국립합창단, 흥겨운 합창여행",서양음악(클래식),제주,서귀포예술의전당,0.9077,1,728.0,728.0,0.0,0.0,5,802,0.6353022696370673,0.5023729212425478,0.18641360301676208,57.83606444589857,54.08538909869665,0.6032608695652174,True
"국립합창단, 흥겨운 합창여행",서양음악(클래식),제주,서귀포예술의전당,0.9077,1,728.0,728.0,0.0,0.0,5,972,0.6353022696370673,0.5023729212425478,0.18641360301676208,57.83606444589857,54.08538909869665,0.6032608695652174,True
"허유진 대금 독주회, 춤추는 대금",한국음악(국악),영남,국립부산국악원,0.9928,1,274.0,274.0,0.0,0.0,5,276,0.7890780253111599,0.3449011609664261,0.18641360301676208,56.66955886253619,54.07400949214101,0.6351219512195122,True
김현승 가야금 독주회,한국음악(국악),영남,국립부산국악원,0.9928,1,274.0,274.0,0.0,0.0,5,276,0.7890780253111599,0.3449011609664261,0.18641360301676208,56.66955886253619,54.07400949214101,0.6351219512195122,True
조예진 창작가야금 아카이브 1,한국음악(국악),영남,국립부산국악원,0.9928,1,274.0,274.0,0.0,0.0,5,276,0.7890780253111599,0.3449011609664261,0.18641360301676208,56.66955886253619,54.07400949214101,0.6351219512195122,True
신현주 가야금병창 독주회,한국음악(국악),영남,국립부산국악원,0.9928,1,274.0,274.0,0.0,0.0,5,276,0.7890780253111599,0.3449011609664261,0.18641360301676208,56.66955886253619,54.07400949214101,0.6351219512195122,True
"신희재 일곱 번째 대금 독주회, 산조",한국음악(국악),영남,국립부산국악원,0.9928,1,274.0,274.0,0.0,0.0,5,276,0.7890780253111599,0.3449011609664261,0.18641360301676208,56.66955886253619,54.07400949214101,0.6351219512195122,True
"세종시립청소년교향악단, 크리스마스 콘서트: 기적",서양음악(클래식),충청,세종예술의전당,0.8805,1,943.0,943.0,0.0,0.0,1,1071,0.6003425373914862,0.5284044556008786,0.18641360301676208,57.04611305489939,54.0730947098835,0.684931506849315,True
"제7회 영훈고 OB 합창단 정기연주회, Family",서양음악(클래식),서울,꿈의숲아트센터,0.8837,1,266.0,266.0,0.0,0.0,8,301,0.6028265871770735,0.3421255621796883,0.18641360301676208,48.06065093236498,54.06065093236498,0.6345454545454545,True
"당진문예의전당 & 당진시립합창단, 송년음악회 [당진]",서양음악(클래식),충청,당진문예의전당,0.8861,1,887.0,887.0,0.0,0.0,5,1001,0.6043300909946658,0.5224192030122372,0.18641360301676208,57.012775583197104,54.03975723818121,0.680365296803653,True
목은이색: 나라와 백성을 잇다,연극,영남,예주문화예술회관,1.0195,1,157.0,157.0,0.0,0.0,4,154,0.8992913921137956,0.2829881811525991,0.18641360301676208,56.63013292046139,54.03458355006621,0.6321951219512195,True
라라라온 [드림홀],대중음악,서울,드림홀,0.75335,2,226.0,113.0,0.0,0.0,1,150,0.485540215458634,0.47244273611546905,0.18641360301676208,48.025820622236445,54.025820622236445,0.6336363636363637,True
"서울청춘합창단, 아름다운 동행 [장흥]",서양음악(클래식),호남,장흥문화예술회관,0.8266,1,410.0,410.0,0.0,0.0,5,496,0.5461379562807238,0.4179008471917164,0.18641360301676208,49.06939655042342,54.016142049870986,0.631578947368421,True
공룡 애니멀 쇼 [서울 중랑],서커스/마술,서울,중랑구민회관,0.8097,1,400.0,400.0,0.0,0.0,3,494,0.529704005857128,0.4134530906808911,0.18641360301676208,47.97229011846563,53.97229011846563,0.6327272727272727,True
송년음악회: 사랑의 선물,서양음악(클래식),경인,인천학생교육문화회관,0.9578,1,567.0,567.0,0.0,0.0,5,592,0.7093531011400481,0.46600643238155004,0.18641360301676208,59.96174285107845,53.96174285107845,0.6668194317140238,True
찐친 블루스 [인천],연극,경인,인천학생교육문화회관,0.9578,1,567.0,567.0,0.0,0.0,5,592,0.7093531011400481,0.46600643238155004,0.18641360301676208,59.96174285107845,53.96174285107845,0.6668194317140238,True
"남양주시립합창단, 해설이 있는 음악회: 올드팝으로 떠나는 세계여행",서양음악(클래식),경인,별빛도서관,1.0043,1,234.0,234.0,0.0,0.0,6,233,0.8992913921137956,0.3263335425164732,0.18641360301676208,59.95217563389358,53.95217563389358,0.6654445462878094,True
"울산시립무용단과 함께하는 울주, 춤으로 날다",무용(서양/한국무용),영남,울주문화예술회관,0.9587,1,371.0,371.0,0.0,0.0,5,387,0.7105297563016421,0.40128255412613745,0.18641360301676208,56.53657221847966,53.94102284808448,0.631219512195122,True
"ACC 수요극장, 피가로의 결혼",서양음악(클래식),호남,국립아시아문화전당,0.9153,1,227.0,227.0,0.0,0.0,6,248,0.6465066415646898,0.3231657253425374,0.18641360301676208,48.99073012275995,53.937475622207515,0.6289473684210526,True
존노 & 박현수의 가곡음악회 [여주],서양음악(클래식),경인,세종국악당,0.9897,1,384.0,384.0,0.0,0.0,1,388,0.7765924066520239,0.4063304047693756,0.18641360301676208,59.933220105841556,53.933220105841556,0.6631530705774519,True
마림바 콘서트,서양음악(클래식),경인,세종국악당,0.9897,1,384.0,384.0,0.0,0.0,1,388,0.7765924066520239,0.4063304047693756,0.18641360301676208,59.933220105841556,53.933220105841556,0.6631530705774519,True
캔버스 사파리,서커스/마술,경인,세종국악당,0.9897,1,384.0,384.0,0.0,0.0,1,388,0.7765924066520239,0.4063304047693756,0.18641360301676208,59.933220105841556,53.933220105841556,0.6631530705774519,True
퓨전국악 콘서트,한국음악(국악),경인,세종국악당,0.9897,1,384.0,384.0,0.0,0.0,1,388,0.7765924066520239,0.4063304047693756,0.18641360301676208,59.933220105841556,53.933220105841556,0.6631530705774519,True
남양주시립합창단 기획연주회: 칸티아모 (2.28),서양음악(클래식),경인,별빛도서관,1.0,1,233.0,233.0,0.0,0.0,6,233,0.8992913921137956,0.3259099466582993,0.18641360301676208,59.92103523772514,53.92103523772514,0.6608615948670944,True
라라라온 [홍대],대중음악,서울,벨로주 [홍대] (구. 왓에버),0.71543333,3,264.0,88.0,0.0,0.0,3,123,0.45186172994456647,0.522663685806924,0.18641360301676208,47.895230437277185,53.895230437277185,0.6318181818181818,True
SBS 김정택 팝오케스트라와 함께하는 콘서트 [양양],서양음악(클래식),기타,양양문화복지회관,0.8909,1,392.0,392.0,0.0,0.0,2,440,0.6114946135341491,0.41077162430708086,0.18641360301676208,52.152574918794194,53.84050334285229,0.75,True
"ACC 수요극장, 귀토",한국음악(국악),호남,국립아시아문화전당,0.9113,1,226.0,226.0,0.0,0.0,6,248,0.6435911515531848,0.32271859638113165,0.18641360301676208,48.83100194676012,53.777747446207684,0.6263157894736842,True
제40회 대학생을 위한 프랑스 가곡과 아리아의 밤,서양음악(클래식),서울,꿈의숲아트센터,0.8771,1,264.0,264.0,0.0,0.0,8,301,0.5965772408743856,0.34151500889028347,0.18641360301676208,47.726976932349764,53.726976932349764,0.6309090909090909,True
"경산시립극단, 원효와 요석",뮤지컬,영남,천마아트센터,0.7152,2,2702.0,1351.0,0.0,0.0,7,1889,0.451561029181048,0.7838288358958269,0.18641360301676208,56.30129277413744,53.705743403742254,0.6302439024390244,True
"키즈페스티벌, 학생오케스트라페스티벌: 표준오케스트라",서양음악(클래식),영남,수성아트피아,0.8619,1,999.0,999.0,0.0,0.0,3,1159,0.5810192448488651,0.5362919673674302,0.18641360301676208,56.269729496314135,53.67418012591895,0.6292682926829268,True
광명문화재단 신년음악회: 만사여의(萬事如意),한국음악(국악),경인,광명시민회관,0.9623,1,510.0,510.0,0.0,0.0,7,530,0.7166875849806505,0.45272461039640205,0.18641360301676208,59.639167190114684,53.639167190114684,0.6599450045829515,True
제8회 탄츠올림프아시아 국제무용콩쿠르 [고양],무용(서양/한국무용),경인,고양어울림누리,0.8197,3,900.0,300.0,0.0,0.0,8,366,0.5385027716766029,0.694707666562075,0.18641360301676208,59.62571534550302,53.62571534550302,0.6590284142988084,True
나는 지금 경로 이탈 중,연극,서울,성균소극장,0.72333333,3,217.0,72.33,0.0,0.0,1,100,0.45881706934421085,0.5035587281665098,0.18641360301676208,47.62157897986537,53.62157897986537,0.63,True
"화성피아노소사이어티: Music Technology, 미래를 바라보는 건반의 향연",서양음악(클래식),경인,화성어린이복합문화센터,1.0,1,224.0,224.0,0.0,0.0,6,224,0.8992913921137956,0.32174197259700865,0.18641360301676208,59.61332556953629,53.61332556953629,0.6581118240146654,True
제30회 강릉프리모어린이합창단 정기연주회,서양음악(클래식),기타,강릉아트센터 (구. 강릉문화예술관),0.9065,1,349.0,349.0,0.0,0.0,7,385,0.6321775964857232,0.38651814663738104,0.18641360301676208,51.92439152326103,53.61231994731912,0.7408536585365854,True
"전국풍류자랑 우수작품 순회공연 1, 반도지형도 [강릉]",한국음악(국악),기타,강릉아트센터 (구. 강릉문화예술관),0.9065,1,349.0,349.0,0.0,0.0,7,385,0.6321775964857232,0.38651814663738104,0.18641360301676208,51.92439152326103,53.61231994731912,0.7408536585365854,True
왁스 & 고유진 (플라워) 콘서트,대중음악,충청,당진문예의전당,0.8781,1,879.0,879.0,0.0,0.0,5,1001,0.5974008994875013,0.5215563225604016,0.18641360301676208,56.582223404394014,53.60920505937812,0.6757990867579908,True
"제174회 경상북도 도립교향악단 정기연주회, 마술피리",서양음악(클래식),영남,문경문화예술회관,0.8871,1,731.0,731.0,0.0,0.0,3,824,0.6049053446292229,0.5027599100512499,0.18641360301676208,56.176762763909,53.58121339351381,0.6282926829268293,True
"극단 촌벽, 이별을 위한 세레나데 (나혜석의 꿈) [수원]",연극,경인,수원시민회관,0.9894,1,372.0,372.0,0.0,0.0,1,376,0.774422131576195,0.4015270369208242,0.18641360301676208,59.54873923831051,53.54873923831051,0.656736938588451,True
"달나라 로켓펀치, 동백꽃 피어나는 어느 봄날에 [수원]",연극,경인,수원시민회관,0.9894,1,372.0,372.0,0.0,0.0,1,376,0.774422131576195,0.4015270369208242,0.18641360301676208,59.54873923831051,53.54873923831051,0.656736938588451,True
부산시립청소년교향악단 교류음악회: 우리의 봄 [세종],서양음악(클래식),충청,세종예술의전당,0.873,1,935.0,935.0,0.0,0.0,1,1071,0.5914130321096119,0.527540267754419,0.18641360301676208,56.49848212207813,53.525463777062235,0.6712328767123288,True
TBC문화재단 합창페스티벌,서양음악(클래식),영남,대구콘서트하우스,0.8505,1,1092.0,1092.0,0.0,0.0,7,1284,0.5693572848028449,0.5483788306662483,0.18641360301676208,56.08712792551569,53.491578555120505,0.6268292682926829,True
대한민국 환경합창제: 맑은 하늘 더 높이!,서양음악(클래식),영남,대구콘서트하우스,0.8505,1,1092.0,1092.0,0.0,0.0,7,1284,0.5693572848028449,0.5483788306662483,0.18641360301676208,56.08712792551569,53.491578555120505,0.6268292682926829,True
"국립합창단과 함께하는 좌충우돌 콘서트, 행복의 기원 [인천 부평]",서양음악(클래식),경인,부평아트센터,0.9217,1,800.0,800.0,0.0,0.0,10,868,0.6570050203953561,0.5126058989645434,0.18641360301676208,59.4914634977331,53.4914634977331,0.6553620531622365,True
탭댄스 콘서트: 더 탭시티24,대중무용,서울,강동아트센터,0.896,1,224.0,224.0,0.0,0.0,7,250,0.6155213889760486,0.32174197259700865,0.18641360301676208,47.48418380892206,53.48418380892206,0.6290909090909091,True
제70회 충주시립우륵국악단 정기연주회,한국음악(국악),충청,충주시문화회관,0.883,1,785.0,785.0,0.0,0.0,1,889,0.6021205940801171,0.5107206359167451,0.18641360301676208,56.37459713159389,53.40157878657799,0.6666666666666666,True
비틀어진 사계 속 영도,서양음악(클래식),영남,영도문화예술회관,0.9393,1,402.0,402.0,0.0,0.0,3,428,0.6840550151657776,0.4145918313983893,0.18641360301676208,55.98902635196007,53.39347698156489,0.6253658536585366,True
나무에서 별이 열린다면 [인천 연수],연극,경인,청학아트홀,0.9009,2,400.0,200.0,0.0,0.0,1,222,0.6248954084300805,0.5498235017257609,0.18641360301676208,59.37091196371866,53.37091196371866,0.6544454628780935,True
가천 필하모닉 정기연주회,서양음악(클래식),경인,성남아트센터,0.9074,1,1000.0,1000.0,0.0,0.0,7,1102,0.633406547432277,0.538463549837883,0.18641360301676208,59.35701504752223,53.35701504752223,0.6489459211732356,True
서울대학교 동문 합창단 정기연주회 [성남],서양음악(클래식),경인,성남아트센터,0.9074,1,1000.0,1000.0,0.0,0.0,7,1102,0.633406547432277,0.538463549837883,0.18641360301676208,59.35701504752223,53.35701504752223,0.6489459211732356,True
가천대학교 정기연주회: Gachon Philhamonic Orchestra,서양음악(클래식),경인,성남아트센터,0.9074,1,1000.0,1000.0,0.0,0.0,7,1102,0.633406547432277,0.538463549837883,0.18641360301676208,59.35701504752223,53.35701504752223,0.6489459211732356,True
"제11회 올키즈스트라 정기연주회, 다시 만난 세계",서양음악(클래식),경인,성남아트센터,0.9074,1,1000.0,1000.0,0.0,0.0,7,1102,0.633406547432277,0.538463549837883,0.18641360301676208,59.35701504752223,53.35701504752223,0.6489459211732356,True
제10회 초림오케스트라 정기연주회,서양음악(클래식),경인,성남아트센터,0.9074,1,1000.0,1000.0,0.0,0.0,7,1102,0.633406547432277,0.538463549837883,0.18641360301676208,59.35701504752223,53.35701504752223,0.6489459211732356,True
"서울만돌린체임버 & 성남만돌린오케스트라 & 아르떼만돌린앙상블, The Mandolin Gala Concert",서양음악(클래식),경인,성남아트센터,0.9074,1,1000.0,1000.0,0.0,0.0,7,1102,0.633406547432277,0.538463549837883,0.18641360301676208,59.35701504752223,53.35701504752223,0.6489459211732356,True
제18회 경기교사필하모닉오케스트라 정기연주회,서양음악(클래식),경인,성남아트센터,0.9074,1,1000.0,1000.0,0.0,0.0,7,1102,0.633406547432277,0.538463549837883,0.18641360301676208,59.35701504752223,53.35701504752223,0.6489459211732356,True
제15회 늘푸른초 가을 음악회,서양음악(클래식),경인,성남아트센터,0.9074,1,1000.0,1000.0,0.0,0.0,7,1102,0.633406547432277,0.538463549837883,0.18641360301676208,59.35701504752223,53.35701504752223,0.6489459211732356,True
아름다운 동행,서양음악(클래식),경인,성남아트센터,0.9074,1,1000.0,1000.0,0.0,0.0,7,1102,0.633406547432277,0.538463549837883,0.18641360301676208,59.35701504752223,53.35701504752223,0.6489459211732356,True
Gachon Wind Orchestra 정기연주회,서양음악(클래식),경인,성남아트센터,0.9074,1,1000.0,1000.0,0.0,0.0,7,1102,0.633406547432277,0.538463549837883,0.18641360301676208,59.35701504752223,53.35701504752223,0.6489459211732356,True
제11회 초림오케스트라 정기연주회,서양음악(클래식),경인,성남아트센터,0.9074,1,1000.0,1000.0,0.0,0.0,7,1102,0.633406547432277,0.538463549837883,0.18641360301676208,59.35701504752223,53.35701504752223,0.6489459211732356,True
반도지형도 [창원],한국음악(국악),영남,진해문화센터(진해구민회관),0.9468,1,374.0,374.0,0.0,0.0,5,395,0.6954554962869993,0.40317043196318375,0.18641360301676208,55.918701221446156,53.32315185105097,0.624390243902439,True
제2회 고령군 청년의 날 기념공연: CRESENDO [고령],뮤지컬,영남,경북고령대가야문화누리 (구. 대가야국악당),0.9044,1,577.0,577.0,0.0,0.0,4,638,0.629497437506537,0.4680812676498274,0.18641360301676208,55.91455648788347,53.31900711748829,0.6234146341463415,True
정수정전 [충남 논산],뮤지컬,충청,논산아트센터(구. 논산문화예술회관),0.7768,2,870.0,435.0,0.0,0.0,5,560,0.5024448279468675,0.6671634766237842,0.18641360301676208,56.278943146630546,53.30592480161465,0.6621004566210046,True
제5회 ONETHING ORCHESTRA 정기연주회,서양음악(클래식),경인,안산문화예술의전당,0.9302,1,666.0,666.0,0.0,0.0,6,716,0.6700005229578496,0.493737579751072,0.18641360301676208,59.29847963505212,53.29847963505212,0.6434463794683777,True
"SAC on SCREEN, 춘향탈옥 [김해]",서양음악(클래식),영남,김해서부문화센터,0.8958,1,619.0,619.0,0.0,0.0,5,691,0.6152729839974898,0.4837634661646272,0.18641360301676208,55.88483005446799,53.28928068407281,0.6209756097560976,True
돌아온다 [김해],연극,영남,김해서부문화센터,0.8958,1,619.0,619.0,0.0,0.0,5,691,0.6152729839974898,0.4837634661646272,0.18641360301676208,55.88483005446799,53.28928068407281,0.6209756097560976,True
"김해 영아티스트 콘서트 시즌5, 클래식 유망주 편",서양음악(클래식),영남,김해서부문화센터,0.8958,1,619.0,619.0,0.0,0.0,5,691,0.6152729839974898,0.4837634661646272,0.18641360301676208,55.88483005446799,53.28928068407281,0.6209756097560976,True
"안중근, 천국에서의 춤 [김해]",무용(서양/한국무용),영남,김해서부문화센터,0.8958,1,619.0,619.0,0.0,0.0,5,691,0.6152729839974898,0.4837634661646272,0.18641360301676208,55.88483005446799,53.28928068407281,0.6209756097560976,True
"제225회 부산시립국악관현악단 정기연주회: 창단 40주년 기념음악회 불혹의 나이, 100년을 꿈꾸며...",한국음악(국악),영남,부산문화회관,0.8412,1,1192.0,1192.0,0.0,0.0,7,1417,0.5594472335529757,0.5567971446501412,0.18641360301676208,55.838568776495975,53.24301940610079,0.6185365853658537,True
제3회 금천연극제,연극,서울,금천뮤지컬센터,0.5939,9,1053.0,117.0,0.0,0.0,3,197,0.3503686852839661,0.7396728898650768,0.18641360301676208,47.2423019066885,53.2423019066885,0.6281818181818182,True
제17회 DIMF 뮤지컬 인큐베이팅사업 리딩공연 1부,뮤지컬,영남,꿈꾸는씨어터,1.1667,1,140.0,140.0,0.0,0.0,1,120,0.8992913921137956,0.27211719485409475,0.18641360301676208,55.749715570188926,53.15416619979374,0.6170731707317073,True
제17회 DIMF 뮤지컬 인큐베이팅사업 리딩공연 2부,뮤지컬,영남,꿈꾸는씨어터,1.1667,1,140.0,140.0,0.0,0.0,1,120,0.8992913921137956,0.27211719485409475,0.18641360301676208,55.749715570188926,53.15416619979374,0.6170731707317073,True
구민희 피아노 독주회,서양음악(클래식),경인,성남아트센터,0.9868,1,373.0,373.0,0.0,0.0,7,443,0.7646951155736847,0.40234546595544396,0.18641360301676208,59.14698811271,53.14698811271,0.6278643446379468,True
우리소리를 찾아서,한국음악(국악),경인,성남아트센터,0.9868,1,373.0,373.0,0.0,0.0,7,378,0.7646951155736847,0.40234546595544396,0.18641360301676208,59.14698811271,53.14698811271,0.6278643446379468,True
울엄마 [성남],연극,경인,성남아트센터,0.9868,1,373.0,373.0,0.0,0.0,7,378,0.7646951155736847,0.40234546595544396,0.18641360301676208,59.14698811271,53.14698811271,0.6278643446379468,True
"제37회 성남문화예술제, 연극제",연극,경인,성남아트센터,0.9868,1,373.0,373.0,0.0,0.0,7,378,0.7646951155736847,0.40234546595544396,0.18641360301676208,59.14698811271,53.14698811271,0.6278643446379468,True
제7회 코리아아카데미 오케스트라 정기연주회,서양음악(클래식),경인,성남아트센터,0.9868,1,373.0,373.0,0.0,0.0,7,378,0.7646951155736847,0.40234546595544396,0.18641360301676208,59.14698811271,53.14698811271,0.6278643446379468,True
제9회 스윗하모니 오케스트라 정기연주회,서양음악(클래식),경인,성남아트센터,0.9868,1,373.0,373.0,0.0,0.0,7,378,0.7646951155736847,0.40234546595544396,0.18641360301676208,59.14698811271,53.14698811271,0.6278643446379468,True
제40회 C & K 유스오케스트라 정기연주회 [성남],서양음악(클래식),경인,성남아트센터,0.9868,1,373.0,373.0,0.0,0.0,7,378,0.7646951155736847,0.40234546595544396,0.18641360301676208,59.14698811271,53.14698811271,0.6278643446379468,True
성남만돌린오케스트라 정기연주회,서양음악(클래식),경인,성남아트센터,0.9868,1,373.0,373.0,0.0,0.0,7,378,0.7646951155736847,0.40234546595544396,0.18641360301676208,59.14698811271,53.14698811271,0.6278643446379468,True
"제38회 성남문화예술제연극제, 복사꽃 지고 송화 날리면",연극,경인,성남아트센터,0.9868,1,373.0,373.0,0.0,0.0,7,378,0.7646951155736847,0.40234546595544396,0.18641360301676208,59.14698811271,53.14698811271,0.6278643446379468,True
제12회 로망스 기타합주단 정기연주회,서양음악(클래식),경인,성남아트센터,0.9868,1,373.0,373.0,0.0,0.0,7,378,0.7646951155736847,0.40234546595544396,0.18641360301676208,59.14698811271,53.14698811271,0.6278643446379468,True
제12회 성남시시니어여성합창단 정기연주회,서양음악(클래식),경인,성남아트센터,0.9868,1,373.0,373.0,0.0,0.0,7,378,0.7646951155736847,0.40234546595544396,0.18641360301676208,59.14698811271,53.14698811271,0.6278643446379468,True
김민지 바이올린 리사이틀,서양음악(클래식),경인,성남아트센터,0.9868,1,373.0,373.0,0.0,0.0,7,378,0.7646951155736847,0.40234546595544396,0.18641360301676208,59.14698811271,53.14698811271,0.6278643446379468,True
"제41회 대한민국 연극제, 가족사진",연극,경인,성남아트센터,0.9868,1,373.0,373.0,0.0,0.0,7,378,0.7646951155736847,0.40234546595544396,0.18641360301676208,59.14698811271,53.14698811271,0.6278643446379468,True
제3회 P.A. 피아노소사이어티 정기연주회 [성남],서양음악(클래식),경인,성남아트센터,0.9868,1,373.0,373.0,0.0,0.0,7,378,0.7646951155736847,0.40234546595544396,0.18641360301676208,59.14698811271,53.14698811271,0.6278643446379468,True
씽잉 포레스트 합창단 창단 음악회,서양음악(클래식),경인,성남아트센터,0.9868,1,373.0,373.0,0.0,0.0,7,378,0.7646951155736847,0.40234546595544396,0.18641360301676208,59.14698811271,53.14698811271,0.6278643446379468,True
제2회 세실기타합주단 정기연주회: 가을의 불꽃 플라멩코,서양음악(클래식),경인,성남아트센터,0.9868,1,373.0,373.0,0.0,0.0,7,378,0.7646951155736847,0.40234546595544396,0.18641360301676208,59.14698811271,53.14698811271,0.6278643446379468,True
드림온무용단의 JUMP UP,무용(서양/한국무용),경인,성남아트센터,0.9868,1,373.0,373.0,0.0,0.0,7,378,0.7646951155736847,0.40234546595544396,0.18641360301676208,59.14698811271,53.14698811271,0.6278643446379468,True
마이심포니아 클래식축제,서양음악(클래식),경인,성남아트센터,0.9868,1,373.0,373.0,0.0,0.0,7,378,0.7646951155736847,0.40234546595544396,0.18641360301676208,59.14698811271,53.14698811271,0.6278643446379468,True
"정길선의 국악 story: 기, 승, 전",한국음악(국악),경인,성남아트센터,0.9868,1,373.0,373.0,0.0,0.0,7,378,0.7646951155736847,0.40234546595544396,0.18641360301676208,59.14698811271,53.14698811271,0.6278643446379468,True
박안나 피아노 독주회,서양음악(클래식),경인,성남아트센터,0.9868,1,373.0,373.0,0.0,0.0,7,443,0.7646951155736847,0.40234546595544396,0.18641360301676208,59.14698811271,53.14698811271,0.6278643446379468,True
박안나 피아노 독주회,서양음악(클래식),경인,성남아트센터,0.9868,1,373.0,373.0,0.0,0.0,7,378,0.7646951155736847,0.40234546595544396,0.18641360301676208,59.14698811271,53.14698811271,0.6278643446379468,True
제35회 성남오라토리오합창단 정기연주회,서양음악(클래식),경인,성남아트센터,0.9868,1,373.0,373.0,0.0,0.0,7,378,0.7646951155736847,0.40234546595544396,0.18641360301676208,59.14698811271,53.14698811271,0.6278643446379468,True
구민희 피아노 독주회,서양음악(클래식),경인,성남아트센터,0.9868,1,373.0,373.0,0.0,0.0,7,378,0.7646951155736847,0.40234546595544396,0.18641360301676208,59.14698811271,53.14698811271,0.6278643446379468,True
더 하나 패밀리 콘서트,서양음악(클래식),경인,성남아트센터,0.9868,1,373.0,373.0,0.0,0.0,7,378,0.7646951155736847,0.40234546595544396,0.18641360301676208,59.14698811271,53.14698811271,0.6278643446379468,True
제2회 마이 심포니 오케스트라 정기연주회,서양음악(클래식),경인,성남아트센터,0.9868,1,373.0,373.0,0.0,0.0,7,378,0.7646951155736847,0.40234546595544396,0.18641360301676208,59.14698811271,53.14698811271,0.6278643446379468,True
제25회 성남시장수무대,한국음악(국악),경인,성남아트센터,0.9868,1,373.0,373.0,0.0,0.0,7,378,0.7646951155736847,0.40234546595544396,0.18641360301676208,59.14698811271,53.14698811271,0.6278643446379468,True
Gachon Chamber Orchestra 정기연주회,서양음악(클래식),경인,성남아트센터,0.9868,1,373.0,373.0,0.0,0.0,7,378,0.7646951155736847,0.40234546595544396,0.18641360301676208,59.14698811271,53.14698811271,0.6278643446379468,True
제13회 로망스 기타합주단 정기연주회,서양음악(클래식),경인,성남아트센터,0.9868,1,373.0,373.0,0.0,0.0,7,378,0.7646951155736847,0.40234546595544396,0.18641360301676208,59.14698811271,53.14698811271,0.6278643446379468,True
제1회 서울영재피아노아카데미 영아티스트 콘서트,서양음악(클래식),경인,성남아트센터,0.9868,1,373.0,373.0,0.0,0.0,7,378,0.7646951155736847,0.40234546595544396,0.18641360301676208,59.14698811271,53.14698811271,0.6278643446379468,True
제9회 첼로포니아 정기연주회,서양음악(클래식),경인,성남아트센터,0.9868,1,373.0,373.0,0.0,0.0,7,378,0.7646951155736847,0.40234546595544396,0.18641360301676208,59.14698811271,53.14698811271,0.6278643446379468,True
제54회 분당윈드오케스트라 정기연주회 [성남],서양음악(클래식),경인,성남아트센터,0.9868,1,373.0,373.0,0.0,0.0,7,378,0.7646951155736847,0.40234546595544396,0.18641360301676208,59.14698811271,53.14698811271,0.6278643446379468,True
드림온팝스앙상블과 여행스케치가 함께 떠나는 음악여행,서양음악(클래식),경인,성남아트센터,0.9868,1,373.0,373.0,0.0,0.0,7,378,0.7646951155736847,0.40234546595544396,0.18641360301676208,59.14698811271,53.14698811271,0.6278643446379468,True
제17회 에듀플루트 윈드 오케스트라 정기 연주회,서양음악(클래식),경인,성남아트센터,0.9868,1,373.0,373.0,0.0,0.0,7,378,0.7646951155736847,0.40234546595544396,0.18641360301676208,59.14698811271,53.14698811271,0.6278643446379468,True
사랑과전쟁 2,연극,서울,아트하우스,0.5894,9,1098.0,122.0,0.0,0.0,0,207,0.34766237841229997,0.7441742495554858,0.18641360301676208,47.13727511062712,53.13727511062712,0.6272727272727273,True
엔니오 모리꼬네 시네마 OST콘서트 [부산],서양음악(클래식),영남,해운대문화회관,0.9301,1,426.0,426.0,0.0,0.0,6,458,0.6697651919255309,0.4230284489070181,0.18641360301676208,55.73158235690442,53.136032986509235,0.6151219512195122,True
"영아츠필하모닉 오케스트라, 그리운 날에",서양음악(클래식),영남,해운대문화회관,0.9301,1,426.0,426.0,0.0,0.0,6,458,0.6697651919255309,0.4230284489070181,0.18641360301676208,55.73158235690442,53.136032986509235,0.6151219512195122,True
수상한 흥신소 [고창],연극,호남,고창문화의전당,0.7872,1,492.0,492.0,0.0,0.0,2,625,0.5088249137119548,0.44364736952201655,0.18641360301676208,48.16773056598206,53.11447606542963,0.6236842105263158,True
"미드바콰이어 & 앙상블 아니마, 3rd Step",서양음악(클래식),영남,수성아트피아,0.9801,1,295.0,295.0,0.0,0.0,3,301,0.7496992992364815,0.3562663424327999,0.18641360301676208,55.67268678204027,53.07713741164509,0.6102439024390244,True
"벨레스텔레와 함께하는 공감콘서트, 청춘스케치 [대구]",서양음악(클래식),영남,수성아트피아,0.9801,1,295.0,295.0,0.0,0.0,3,301,0.7496992992364815,0.3562663424327999,0.18641360301676208,55.67268678204027,53.07713741164509,0.6102439024390244,True
그리운메아리 서른다섯번째 겨울 대발표회,서양음악(클래식),영남,수성아트피아,0.9801,1,295.0,295.0,0.0,0.0,3,301,0.7496992992364815,0.3562663424327999,0.18641360301676208,55.67268678204027,53.07713741164509,0.6102439024390244,True
제26회 영호남 대음악제 [대구],서양음악(클래식),영남,수성아트피아,0.9801,1,295.0,295.0,0.0,0.0,3,301,0.7496992992364815,0.3562663424327999,0.18641360301676208,55.67268678204027,53.07713741164509,0.6102439024390244,True
소리로 읽는 책장: 문학의 음악 플레이리스트,서양음악(클래식),영남,수성아트피아,0.9801,1,295.0,295.0,0.0,0.0,3,301,0.7496992992364815,0.3562663424327999,0.18641360301676208,55.67268678204027,53.07713741164509,0.6102439024390244,True
마니죤 튜닝밴드 정기연주회,서양음악(클래식),영남,수성아트피아,0.9801,1,295.0,295.0,0.0,0.0,3,301,0.7496992992364815,0.3562663424327999,0.18641360301676208,55.67268678204027,53.07713741164509,0.6102439024390244,True
제5회 뮤레베 앙상블 정기연주회: Oh! Happy Piano Day,서양음악(클래식),영남,수성아트피아,0.9801,1,295.0,295.0,0.0,0.0,3,301,0.7496992992364815,0.3562663424327999,0.18641360301676208,55.67268678204027,53.07713741164509,0.6102439024390244,True
이한나 귀국 플루트 독주회 [대구],서양음악(클래식),영남,수성아트피아,0.9801,1,295.0,295.0,0.0,0.0,3,301,0.7496992992364815,0.3562663424327999,0.18641360301676208,55.67268678204027,53.07713741164509,0.6102439024390244,True
제28회 경산시립합창단 정기연주회: MOZART REQUIEM,서양음악(클래식),영남,천마아트센터,0.8216,1,1552.0,1552.0,0.0,0.0,7,1889,0.5399539797092354,0.5821096119652756,0.18641360301676208,55.64369431449264,53.04814494409746,0.6058536585365853,True
제30회 강원특별자치도립국악관현악단 정기연주회: 전통 그리고 화합,한국음악(국악),기타,KBS 춘천홀,0.8807,1,384.0,384.0,0.0,0.0,2,436,0.6004209810689258,0.4063304047693756,0.18641360301676208,51.36002709761881,53.047955521676904,0.7317073170731707,True
"신춘음악회, 드보르작을 봄(春)",서양음악(클래식),영남,포항문화예술회관,0.8643,1,841.0,841.0,0.0,0.0,4,973,0.583202593870934,0.5179727538960359,0.18641360301676208,55.617880478447766,53.02233110805258,0.6048780487804878,True
서울시 구립여성합창단 합창 페스티벌,서양음악(클래식),서울,세종문화회관,0.6532,1,1974.0,1974.0,0.0,0.0,3,3022,0.3997097583934735,0.5997110657880975,0.18641360301676208,47.01361815492488,53.01361815492488,0.6263636363636363,True
"하모나이즈 콘서트, The Show Choir",대중음악,경인,인천학생교육문화회관,0.9443,1,559.0,559.0,0.0,0.0,5,592,0.6917555695010982,0.46454345779730155,0.18641360301676208,58.99050824862946,52.99050824862946,0.6122823098075161,True
"문화가 있는 날, 해설이 있는 음악회: 아트벌룬 콘서트",서양음악(클래식),영남,온양문화복지센터,0.9858,1,278.0,278.0,0.0,0.0,3,282,0.7608775232716243,0.34637982428616254,0.18641360301676208,55.54051315775402,52.94496378735884,0.6039024390243902,True
제9회 꿈의 오케스트라 세종 정기연주회,서양음악(클래식),충청,세종예술의전당,0.8627,1,924.0,924.0,0.0,0.0,1,1071,0.5819997908168602,0.5263060872293693,0.18641360301676208,55.904794367419356,52.93177602240346,0.6575342465753424,True
"경산시민회관 특별기획공연: 잊혀진 가을, 추억여행 콘서트!",대중음악,영남,경산시민회관,0.8849,1,646.0,646.0,0.0,0.0,3,730,0.60350643238155,0.4899840497855873,0.18641360301676208,55.524150042999324,52.92860067260414,0.6019512195121951,True
MY UNIVERSE 경산 트롯의 향연,대중음악,영남,경산시민회관,0.8849,1,646.0,646.0,0.0,0.0,3,730,0.60350643238155,0.4899840497855873,0.18641360301676208,55.524150042999324,52.92860067260414,0.6019512195121951,True
"경산시립교향악단 실내악 시리즈, CHAMBER MUSIC SERIES",서양음악(클래식),영남,경산시민회관,0.8849,1,646.0,646.0,0.0,0.0,3,730,0.60350643238155,0.4899840497855873,0.18641360301676208,55.524150042999324,52.92860067260414,0.6019512195121951,True
제47회 심훈상록문화제: 5080 낭만 콘서트 [당진],대중음악,충청,당진문예의전당,0.8681,1,869.0,869.0,0.0,0.0,5,1001,0.5861050099361992,0.5206777533730781,0.18641360301676208,55.90013659643978,52.927118251423884,0.6529680365296804,True
팝스 콘서트 [광명],대중음악,경인,광명시민회관,0.9528,1,505.0,505.0,0.0,0.0,7,530,0.703718230310637,0.4508785691873235,0.18641360301676208,58.892924148537,52.892924148537,0.611365719523373,True
"구군네트워크 협력사업 결과발표회, ART REVOLUTION",대중음악,영남,어울아트센터(구. 대구북구문예회관),0.9341,1,397.0,397.0,0.0,0.0,5,425,0.6760276121744587,0.411911672419203,0.18641360301676208,55.44984040377865,52.85429103338347,0.6,True
피아니스트 송영민의 클래식 도서관 3회,서양음악(클래식),기타,삼척문화예술회관,0.9435,1,234.0,234.0,0.0,0.0,3,248,0.6895591465327895,0.3263335425164732,0.18641360301676208,51.12197225186007,52.809900675918165,0.7195121951219512,True
피아니스트 송영민의 클래식 도서관 5회,서양음악(클래식),기타,삼척문화예술회관,0.9435,1,234.0,234.0,0.0,0.0,3,248,0.6895591465327895,0.3263335425164732,0.18641360301676208,51.12197225186007,52.809900675918165,0.7195121951219512,True
피아니스트 송영민의 클래식 도서관 2회,서양음악(클래식),기타,삼척문화예술회관,0.9435,1,234.0,234.0,0.0,0.0,3,248,0.6895591465327895,0.3263335425164732,0.18641360301676208,51.12197225186007,52.809900675918165,0.7195121951219512,True
신진연극인페스티벌 9,연극,서울,소극장 플랫폼74,0.6429,8,360.0,45.0,0.0,0.0,0,70,0.3924144963915908,0.6093400271938082,0.18641360301676208,46.794079498609634,52.794079498609634,0.6254545454545455,True
"보광동 아트페스티벌, 우리 읍내",연극,서울,보광극장,0.8333,2,50.0,25.0,0.0,0.0,1,30,0.5525834117770108,0.3645748352682774,0.18641360301676208,46.7900362226164,52.7900362226164,0.6245454545454545,True
노이오페라코러스 spin-off 콘서트: 라보엠,서양음악(클래식),서울,꿈의숲아트센터,0.8605,1,259.0,259.0,0.0,0.0,8,301,0.5789274134504759,0.33995790189310743,0.18641360301676208,46.78908206065534,52.78908206065534,0.6236363636363637,True
이상한 나라의 앨리스 3D [부산],뮤지컬,영남,부산학생예술문화회관,0.8589,1,858.0,858.0,0.0,0.0,5,999,0.5777507582888819,0.519737736638427,0.18641360301676208,55.38064567577339,52.785096305378204,0.5990243902439024,True
코리아 메모리얼 페스타,대중음악,서울,올림픽공원,0.55,2,11000.0,5500.0,0.0,0.0,4,10000,0.32233814454554965,0.8174171111808388,0.18641360301676208,46.76969210592517,52.76969210592517,0.6227272727272727,True
TRANSFOMACI?N 내한공연: Road,대중음악,기타,강릉아트센터 (구. 강릉문화예술관),0.8961,1,345.0,345.0,0.0,0.0,7,385,0.615625980545968,0.38551798975002616,0.18641360301676208,51.05144312132182,52.73937154537991,0.7073170731707317,True
공주시립합창단 창단 10주년 기념 연주회: Why We Sing 우리가 노래하는 이유,서양음악(클래식),충청,공주문예회관,0.9014,1,567.0,567.0,0.0,0.0,5,629,0.6262289509465537,0.46600643238155004,0.18641360301676208,55.641220713992226,52.66820236897633,0.6484018264840182,True
우리들의 樂 (악) [제주],한국음악(국악),제주,BeIN(비인),1.0,1,151.0,151.0,0.0,0.0,1,151,0.8992913921137956,0.2798674301851271,0.18641360301676208,56.37949816144731,52.62882281424539,0.5869565217391305,True
NEW 달을 품은 슈퍼맨 [대구],뮤지컬,영남,대구서구문화회관,0.77655,2,702.0,351.0,0.0,0.0,3,452,0.5020656835059094,0.6365665202384688,0.18641360301676208,55.20696090288624,52.611411532491054,0.5980487804878049,True
청소년 행복콘서트 [칠곡],대중음악,영남,칠곡군교육문화회관,0.8817,1,626.0,626.0,0.0,0.0,4,710,0.6010223825959627,0.48544477565108246,0.18641360301676208,55.181095743953776,52.58554637355859,0.5970731707317073,True
제78회 군산시립합창단 기획연주회: 하모니 Ⅱ,서양음악(클래식),호남,군산예술의전당,0.7133,1,856.0,856.0,0.0,0.0,4,1200,0.44924694069657983,0.519535090471708,0.18641360301676208,47.61425915523951,52.561004654687075,0.6197368421052631,True
제116회 군산시립합창단 정기 연주회,서양음악(클래식),호남,군산예술의전당,0.7133,1,856.0,856.0,0.0,0.0,4,1200,0.44924694069657983,0.519535090471708,0.18641360301676208,47.61425915523951,52.561004654687075,0.6197368421052631,True
응답하라! 우리들의 1990 [부산 해운대],서양음악(클래식),영남,해운대문화회관,0.9236,1,423.0,423.0,0.0,0.0,6,458,0.6590707039012655,0.42176812048948853,0.18641360301676208,55.13009039478835,52.534541024393164,0.5960975609756097,True
제11회 서산시립합창단 정기연주회,서양음악(클래식),충청,서산시문화회관,0.9035,1,543.0,543.0,0.0,0.0,3,601,0.6284253739148624,0.4606748771049053,0.18641360301676208,55.5021796463181,52.5291613013022,0.6438356164383562,True
괴물 연을 그리다 [남양주 어린이비전센터],연극,경인,남양주 어린이비전센터,0.9,2,360.0,180.0,0.0,0.0,4,200,0.6215877000313774,0.533963497542098,0.18641360301676208,58.4932934478236,52.4932934478236,0.6099908340971586,True
나무의 아이 [남양주 어린이비전센터],연극,경인,남양주 어린이비전센터,0.9,2,360.0,180.0,0.0,0.0,4,200,0.6215877000313774,0.533963497542098,0.18641360301676208,58.4932934478236,52.4932934478236,0.6099908340971586,True
여천지무궁 [부산],무용(서양/한국무용),영남,국립부산국악원,0.9819,1,271.0,271.0,0.0,0.0,5,276,0.7516473172262316,0.3439846773350068,0.18641360301676208,54.98245228924483,52.38690291884965,0.5936585365853658,True
대금정악연구회 정기공연: 요천순일 (?天舜日),한국음악(국악),영남,국립부산국악원,0.9819,1,271.0,271.0,0.0,0.0,5,276,0.7516473172262316,0.3439846773350068,0.18641360301676208,54.98245228924483,52.38690291884965,0.5936585365853658,True
손윤하 대금 독주회 [부산],한국음악(국악),영남,국립부산국악원,0.9819,1,271.0,271.0,0.0,0.0,5,276,0.7516473172262316,0.3439846773350068,0.18641360301676208,54.98245228924483,52.38690291884965,0.5936585365853658,True
"심진예의 소리, 路 1st: 청 (淸) , 청 (聽) [부산]",한국음악(국악),영남,국립부산국악원,0.9819,1,271.0,271.0,0.0,0.0,5,276,0.7516473172262316,0.3439846773350068,0.18641360301676208,54.98245228924483,52.38690291884965,0.5936585365853658,True
"ACC 수요극장, 라스칼라 갈라 콘서트: 별들을 다시 보려고 (a riveder le stelle…)",서양음악(클래식),호남,국립아시아문화전당,0.8952,1,222.0,222.0,0.0,0.0,6,248,0.6148284698253321,0.32109481225813197,0.18641360301676208,47.413901948831125,52.36064744827869,0.6157894736842106,True
"전주세계소리축제, 해설이 있는 콘서트: 루마니안 랩소디 [군산]",서양음악(클래식),호남,군산예술의전당,0.8111,1,365.0,365.0,0.0,0.0,4,450,0.5321096119652756,0.3983801380608723,0.18641360301676208,47.393603790909154,52.34034929035672,0.6131578947368421,True
"해설이 있는 음악회, Bugler's Holiday",서양음악(클래식),영남,온양문화복지센터,0.9787,1,276.0,276.0,0.0,0.0,3,282,0.7461693337516996,0.34564376111285433,0.18641360301676208,54.84713247964924,52.25158310925406,0.5912195121951219,True
"SAC ON SCREEN, 오셀로",연극,호남,국립아시아문화전당,0.8911,1,221.0,221.0,0.0,0.0,6,248,0.6116122790503086,0.32080064846773354,0.18641360301676208,47.24760649353888,52.19435199298645,0.6105263157894737,True
제5회 비내림국악관현악단 정기연주회,한국음악(국악),서울,국립국악원,0.7386,1,486.0,486.0,0.0,0.0,7,658,0.4742573998535718,0.44217524317540013,0.18641360301676208,46.115427488457485,52.115427488457485,0.6218181818181818,True
아미띠에 유스 오케스트라 창단연주회,서양음악(클래식),영남,(재)영화의전당,0.8609,1,724.0,724.0,0.0,0.0,8,841,0.5792411881602343,0.5019807028553499,0.18641360301676208,54.70039599482174,52.10484662442656,0.5902439024390244,True
힐링퍼포먼스 쾌지나코리아 [대구],한국음악(국악),영남,꿈꾸는씨어터,1.0,1,120.0,120.0,0.0,0.0,1,120,0.8992913921137956,0.2591203848969773,0.18641360301676208,54.66897029320613,52.073420922810946,0.5892682926829268,True
"앨리스의 방 vol.01, 시나 쓰는 앨리스 소규모 단독공연",대중음악,서울,킬더유튜브,1.0,1,25.0,25.0,0.0,0.0,0,25,0.8992913921137956,0.16891930760380713,0.18641360301676208,46.06933876961585,52.06933876961585,0.6209090909090909,True
"서빛마루문화예술회관 무대나눔 #4, The Musical with ABBA",뮤지컬,호남,서빛마루문화예술회관,0.858,1,278.0,278.0,0.0,0.0,0,324,0.576561029181048,0.34637982428616254,0.18641360301676208,47.02493518152357,51.97168068097113,0.6078947368421053,True
"경기도 문화의 날, 가곡에 살리라 [안산]",서양음악(클래식),경인,안산문화예술의전당,0.869,1,1367.0,1367.0,0.0,0.0,6,1573,0.5866018198933166,0.5694827946867482,0.18641360301676208,57.96933076985664,51.96933076985664,0.608615948670944,True
춤을 잇다 [대구],무용(서양/한국무용),영남,대구문화예술회관,0.9874,1,236.0,236.0,0.0,0.0,2,239,0.767375274552871,0.3271323606317331,0.18641360301676208,54.562477768679585,51.9669283982844,0.5882926829268292,True
제117회 군산시립합창단 정기 연주회,서양음악(클래식),호남,군산예술의전당,0.7033,1,844.0,844.0,0.0,0.0,4,1200,0.440422026984625,0.5182865286057944,0.18641360301676208,47.005576895589286,51.95232239503685,0.5973684210526315,True
제156회 군산시립교향악단 정기연주회: 3.5만세운동 구암동,서양음악(클래식),호남,군산예술의전당,0.7033,1,844.0,844.0,0.0,0.0,4,1200,0.440422026984625,0.5182865286057944,0.18641360301676208,47.005576895589286,51.95232239503685,0.5973684210526315,True
호랭이가 답싹 물어갈 뺑파야 [군산],한국음악(국악),호남,군산예술의전당,0.7033,1,844.0,844.0,0.0,0.0,4,1200,0.440422026984625,0.5182865286057944,0.18641360301676208,47.005576895589286,51.95232239503685,0.5973684210526315,True
"착한광대 강제환생프로젝트, 환생전 [군산]",한국음악(국악),호남,군산예술의전당,0.7033,1,844.0,844.0,0.0,0.0,4,1200,0.440422026984625,0.5182865286057944,0.18641360301676208,47.005576895589286,51.95232239503685,0.5973684210526315,True
제152회 군산시립교향악단 정기연주회,서양음악(클래식),호남,군산예술의전당,0.7033,1,844.0,844.0,0.0,0.0,4,1200,0.440422026984625,0.5182865286057944,0.18641360301676208,47.005576895589286,51.95232239503685,0.5973684210526315,True
제71회 군산시립교향악단 특별기획연주회: Young Artist Concert,서양음악(클래식),호남,군산예술의전당,0.7033,1,844.0,844.0,0.0,0.0,4,1200,0.440422026984625,0.5182865286057944,0.18641360301676208,47.005576895589286,51.95232239503685,0.5973684210526315,True
제155회 군산시립교향악단 정기연주회: 고군산군도 신년음악회,서양음악(클래식),호남,군산예술의전당,0.7033,1,844.0,844.0,0.0,0.0,4,1200,0.440422026984625,0.5182865286057944,0.18641360301676208,47.005576895589286,51.95232239503685,0.5973684210526315,True
타악기와 썸타다,서양음악(클래식),제주,김정문화회관,0.9667,1,319.0,319.0,0.0,0.0,7,330,0.7231722623156573,0.3755700240560611,0.18641360301676208,55.6443950043282,51.89371965712628,0.5760869565217391,True
"스크린 콘서트, 뮤지컬의 밤: 모차르트 오페라 락 (3월)",뮤지컬,영남,서울주문화센터,0.956,1,304.0,304.0,0.0,0.0,3,318,0.7074443049890179,0.36787600669386045,0.18641360301676208,54.46229501005575,51.866745639660564,0.5863414634146341,True
"스크린 콘서트, 뮤지컬의 밤: 위대한 쇼맨",뮤지컬,영남,서울주문화센터,0.956,1,304.0,304.0,0.0,0.0,3,318,0.7074443049890179,0.36787600669386045,0.18641360301676208,54.46229501005575,51.866745639660564,0.5863414634146341,True
"김종규 지휘자와 함께하는 뮤지컬의 밤, 사운드 오브 뮤직",뮤지컬,영남,서울주문화센터,0.956,1,304.0,304.0,0.0,0.0,3,318,0.7074443049890179,0.36787600669386045,0.18641360301676208,54.46229501005575,51.866745639660564,0.5863414634146341,True
제12회 군산시립교향악단 브런치 콘서트,서양음악(클래식),호남,군산예술의전당,0.7017,1,842.0,842.0,0.0,0.0,4,1200,0.43864397029599417,0.5180747306767075,0.18641360301676208,46.883957355829516,51.83070285527708,0.5868421052631579,True
"슈베르티아데, schubertiade",서양음악(클래식),영남,수성아트피아,0.9668,1,291.0,291.0,0.0,0.0,3,301,0.7239044033050936,0.3543784645957536,0.18641360301676208,54.39959417712679,51.8040448067316,0.5834146341463414,True
제2회 플루트 콰르텟 숨 정기연주회,서양음악(클래식),영남,수성아트피아,0.9668,1,291.0,291.0,0.0,0.0,3,301,0.7239044033050936,0.3543784645957536,0.18641360301676208,54.39959417712679,51.8040448067316,0.5834146341463414,True
바리톤 전종욱 독창회: 슈베르트 겨울나그네 (Winterreise D.911),서양음악(클래식),영남,수성아트피아,0.9668,1,291.0,291.0,0.0,0.0,3,301,0.7239044033050936,0.3543784645957536,0.18641360301676208,54.39959417712679,51.8040448067316,0.5834146341463414,True
"모두예술극장 개관프로그램, 걸리버, 마지막 여행",연극,서울,모두예술극장,0.62676667,3,487.0,162.33,0.0,0.0,0,259,0.377732454764146,0.6092811944357286,0.18641360301676208,45.73384232261707,51.73384232261707,0.62,True
"제8회 오석문화제, 다시, 민족을 생각한다 [수원]",무용(서양/한국무용),경인,진아트센터,1.0568,1,186.0,186.0,0.0,0.0,0,176,0.8992913921137956,0.296879249032528,0.18641360301676208,57.72609755429682,51.72609755429682,0.6072410632447296,True
안락한 유품정리사 [수원],연극,경인,진아트센터,1.0568,1,186.0,186.0,0.0,0.0,0,176,0.8992913921137956,0.296879249032528,0.18641360301676208,57.72609755429682,51.72609755429682,0.6072410632447296,True
"ACC 수요극장, 베를린 필하모닉 카메라타",서양음악(클래식),호남,국립아시아문화전당,0.8831,1,219.0,219.0,0.0,0.0,6,248,0.6022905553812363,0.31930237422863716,0.18641360301676208,46.72663331199584,51.673378811443406,0.5815789473684211,True
"ACC 수요극장, 전람회의 그림",서양음악(클래식),호남,국립아시아문화전당,0.8831,1,219.0,219.0,0.0,0.0,6,248,0.6022905553812363,0.31930237422863716,0.18641360301676208,46.72663331199584,51.673378811443406,0.5815789473684211,True
"ACC 수요극장, 라보엠",서양음악(클래식),호남,국립아시아문화전당,0.8831,1,219.0,219.0,0.0,0.0,6,248,0.6022905553812363,0.31930237422863716,0.18641360301676208,46.72663331199584,51.673378811443406,0.5815789473684211,True
김한나의 발레: BALLET STORY OF WINTER,무용(서양/한국무용),영남,(재)영화의전당,0.8537,1,718.0,718.0,0.0,0.0,8,841,0.5723512184917896,0.5010276121744588,0.18641360301676208,54.26780195643652,51.67225258604134,0.5814634146341463,True
숨 쉬는 바닷말,뮤지컬,서울,성북마을극장,0.675,4,216.0,54.0,0.0,0.0,1,80,0.41807865286057944,0.5214242757033782,0.18641360301676208,45.670029739878046,51.670029739878046,0.6190909090909091,True
제113회 군산시립합창단 정기 연주회,서양음악(클래식),호남,군산예술의전당,0.7,1,840.0,840.0,0.0,0.0,4,1200,0.43626451208032635,0.5178106369626608,0.18641360301676208,46.72166585270248,51.668411352150045,0.5736842105263158,True
제111회 군산시립합창단 정기 연주회,서양음악(클래식),호남,군산예술의전당,0.7,1,840.0,840.0,0.0,0.0,4,1200,0.43626451208032635,0.5178106369626608,0.18641360301676208,46.72166585270248,51.668411352150045,0.5736842105263158,True
제112회 군산시립합창단 정기 연주회,서양음악(클래식),호남,군산예술의전당,0.7,1,840.0,840.0,0.0,0.0,4,1200,0.43626451208032635,0.5178106369626608,0.18641360301676208,46.72166585270248,51.668411352150045,0.5736842105263158,True
스토리 인 뮤직,서양음악(클래식),영남,김해서부문화센터,0.8698,1,601.0,601.0,0.0,0.0,5,691,0.5891120175713838,0.4792333437924904,0.18641360301676208,54.242230553572824,51.64668118317764,0.5804878048780487,True
클래식 세계여행: 낭만주의 음악여행,서양음악(클래식),경인,다산아트홀,0.8065,2,800.0,400.0,0.0,0.0,2,496,0.5272330300177805,0.6564729107833909,0.18641360301676208,57.55569333262536,51.55569333262536,0.6058661778185152,True
종묘제례악 [군산],한국음악(국악),호남,군산예술의전당,0.6983,1,838.0,838.0,0.0,0.0,4,1200,0.43444723355297565,0.5175883798765819,0.18641360301676208,46.596793116285106,51.54353861573267,0.5684210526315789,True
K-Link Festival,대중음악,경인,인스파이어,0.8194,1,12291.0,12291.0,0.0,0.0,0,11032,0.5383197364292438,0.6355127601715302,0.18641360301676208,57.52728680183476,51.52728680183476,0.6044912923923006,True
K-Link Festival,대중음악,경인,인스파이어,0.8194,1,12291.0,12291.0,0.0,0.0,0,15000,0.5383197364292438,0.6355127601715302,0.18641360301676208,57.52728680183476,51.52728680183476,0.6044912923923006,True
수성청소년오케스트라 스텝업 콘서트,서양음악(클래식),영남,수성아트피아,0.9635,1,290.0,290.0,0.0,0.0,3,301,0.7182172366907227,0.35381367011818843,0.18641360301676208,54.108231267543715,51.51268189714853,0.5795121951219512,True
양산시립합창단 정기연주회,서양음악(클래식),영남,양산문화예술회관,0.8543,1,680.0,680.0,0.0,0.0,5,796,0.5732533207823449,0.4957601192343897,0.18641360301676208,54.08995032175129,51.494400951356106,0.5780487804878048,True
양산시립합창단 정기연주회,서양음악(클래식),영남,양산문화예술회관,0.8543,1,680.0,680.0,0.0,0.0,5,796,0.5732533207823449,0.4957601192343897,0.18641360301676208,54.08995032175129,51.494400951356106,0.5780487804878048,True
"뮤지컬 갈라콘서트, 흩날릴제 [부안]",뮤지컬,호남,부안예술회관,0.7816,1,390.0,390.0,0.0,0.0,1,499,0.5056217968831712,0.4096472649304466,0.18641360301676208,46.47929119212531,51.426036691572875,0.5657894736842105,True
"김종규 지휘자와 함께하는 뮤지컬의 밤, 오페라의 유령",뮤지컬,영남,서울주문화센터,0.9497,1,302.0,302.0,0.0,0.0,3,318,0.7002667085032946,0.36578809747934315,0.18641360301676208,54.00698287045459,51.41143350005941,0.5765853658536585,True
제8회 Young V.I.P 타악앙상블 정기연주회,서양음악(클래식),영남,(재)영화의전당,0.849,1,714.0,714.0,0.0,0.0,8,841,0.5674354147055747,0.5006746156259806,0.18641360301676208,53.97244490733033,51.376895536935145,0.5756097560975609,True
"부평아트센터 신년음악회: 우리, 다 함께",서양음악(클래식),경인,부평아트센터,0.8998,1,781.0,781.0,0.0,0.0,10,868,0.6201103441062651,0.5103127287940592,0.18641360301676208,57.36089856623756,51.36089856623756,0.6021998166819432,True
부평아트센터 신년음악회,서양음악(클래식),경인,부평아트센터,0.8998,1,781.0,781.0,0.0,0.0,10,868,0.6201103441062651,0.5103127287940592,0.18641360301676208,57.36089856623756,51.36089856623756,0.6021998166819432,True
제7회 부평구립풍물단 정기연주회: 도시풍물 Ⅱ,한국음악(국악),경인,부평아트센터,0.8998,1,781.0,781.0,0.0,0.0,10,868,0.6201103441062651,0.5103127287940592,0.18641360301676208,57.36089856623756,51.36089856623756,0.6021998166819432,True
"제9회 DIMF 뮤지컬스타, 파이널",뮤지컬,영남,대구오페라하우스,0.806,1,1201.0,1201.0,0.0,0.0,4,1490,0.5268538855768226,0.5591112331346093,0.18641360301676208,53.95272685808412,51.357177487688936,0.5746341463414634,True
"제21회 광주광역시 북구합창단 정기연주회, 새로운 동행",서양음악(클래식),호남,광주북구문화센터(양산도서관),0.8196,1,309.0,309.0,0.0,0.0,3,377,0.5384374019454032,0.37110527141512395,0.18641360301676208,46.395940347547615,51.34268584699518,0.5631578947368421,True
"청아, 청아 내 딸 청아! [논산]",한국음악(국악),충청,논산아트센터(구. 논산문화예술회관),0.8964,1,502.0,502.0,0.0,0.0,5,560,0.6157305721158874,0.44964569605689786,0.18641360301676208,54.29784668072893,51.324828335713036,0.639269406392694,True
제9회 쉐퍼즈콰이어 정기연주회: 경기도 성가 합창제,서양음악(클래식),경인,안산문화예술의전당,0.8576,1,1349.0,1349.0,0.0,0.0,6,1573,0.5763126242024893,0.5686761322037444,0.18641360301676208,57.324579826692755,51.324579826692755,0.6003666361136571,True
"경기도무용단, 운정의 춤, 풍경",무용(서양/한국무용),경인,파주운정행복센터,0.9328,1,500.0,500.0,0.0,0.0,9,536,0.6744979604643866,0.44828862043719275,0.18641360301676208,57.28111595621564,51.28111595621564,0.5994500458295142,True
전파니와 함께하는 신나는 타악기 세상,서양음악(클래식),영남,영도문화예술회관,0.9136,1,391.0,391.0,0.0,0.0,3,428,0.645303838510616,0.4105245267231461,0.18641360301676208,53.8510521107601,51.25550274036492,0.5736585365853658,True
제6회 우리동네꿈나무예술학교오케스트라 정기연주회,서양음악(클래식),서울,강동아트센터,0.7012,1,596.0,596.0,0.0,0.0,7,850,0.43826482585503607,0.472466269218701,0.18641360301676208,45.16378104661341,51.16378104661341,0.6172727272727273,True
"강동예술인페스티벌, 구립여성합창단",서양음악(클래식),서울,강동아트센터,0.7012,1,596.0,596.0,0.0,0.0,7,850,0.43826482585503607,0.472466269218701,0.18641360301676208,45.16378104661341,51.16378104661341,0.6172727272727273,True
제16회 우리춤대축제,무용(서양/한국무용),서울,강동아트센터,0.7012,1,596.0,596.0,0.0,0.0,7,850,0.43826482585503607,0.472466269218701,0.18641360301676208,45.16378104661341,51.16378104661341,0.6172727272727273,True
"피아니스트 오혜전, 김은총 Duo Recital",서양음악(클래식),서울,세종문화회관,0.7765,1,344.0,344.0,0.0,0.0,3,443,0.5019610919359899,0.3852107520133877,0.18641360301676208,45.15245760081088,51.15245760081088,0.615,True
오케스트라 지휘과정 수료연주회,서양음악(클래식),서울,세종문화회관,0.7765,1,344.0,344.0,0.0,0.0,3,443,0.5019610919359899,0.3852107520133877,0.18641360301676208,45.15245760081088,51.15245760081088,0.615,True
마당극을 품은 오페라 [충주(앵콜)],서양음악(클래식),충청,충주시문화회관,0.847,1,753.0,753.0,0.0,0.0,1,889,0.5655789143395042,0.5058192134713942,0.18641360301676208,54.08714462550832,51.11412628049243,0.634703196347032,True
제151회 군산시립교향악단 정기연주회,서양음악(클래식),호남,군산예술의전당,0.69,1,828.0,828.0,0.0,0.0,4,1200,0.42836784855140675,0.515828626712687,0.18641360301676208,46.14156243261742,51.088307932064986,0.5565789473684211,True
"풍악광대놀이예술단: 토리를 찾아서, 얼씨구! [군산]",한국음악(국악),호남,군산예술의전당,0.69,1,828.0,828.0,0.0,0.0,4,1200,0.42836784855140675,0.515828626712687,0.18641360301676208,46.14156243261742,51.088307932064986,0.5565789473684211,True
제150회 군산시립교향악단 정기연주회,서양음악(클래식),호남,군산예술의전당,0.69,1,828.0,828.0,0.0,0.0,4,1200,0.42836784855140675,0.515828626712687,0.18641360301676208,46.14156243261742,51.088307932064986,0.5565789473684211,True
제114회 군산시립합창단 정기 연주회,서양음악(클래식),호남,군산예술의전당,0.69,1,828.0,828.0,0.0,0.0,4,1200,0.42836784855140675,0.515828626712687,0.18641360301676208,46.14156243261742,51.088307932064986,0.5565789473684211,True
"스크린 콘서트, 뮤지컬의 밤: 러브 네버 다이즈 (4월)",뮤지컬,영남,서울주문화센터,0.9465,1,301.0,301.0,0.0,0.0,3,318,0.6948410208137225,0.3644323292542621,0.18641360301676208,53.6757385139022,51.08018914350702,0.5721951219512195,True
"스크린 콘서트, 뮤지컬의 밤: 스턱",뮤지컬,영남,서울주문화센터,0.9465,1,301.0,301.0,0.0,0.0,3,318,0.6948410208137225,0.3644323292542621,0.18641360301676208,53.6757385139022,51.08018914350702,0.5721951219512195,True
"짝꿍 프로젝트, 술래잡기 & 칼라풀 걸즈 [안산]",연극,경인,보노마루,0.798,4,648.0,162.0,0.0,0.0,1,203,0.5152965171007217,0.6652638322351219,0.18641360301676208,57.073156122822596,51.073156122822596,0.5980751604032998,True
"안산디자인문화고등학교 공연콘텐츠과 12기 졸업발표회, 니부모 얼굴이 보고싶다",연극,경인,보노마루,0.798,4,648.0,162.0,0.0,0.0,1,203,0.5152965171007217,0.6652638322351219,0.18641360301676208,57.073156122822596,51.073156122822596,0.5980751604032998,True
가요톱텐 [양양],뮤지컬,기타,양양문화복지회관,0.8477,1,373.0,373.0,0.0,0.0,2,440,0.5661149461353415,0.40234546595544396,0.18641360301676208,49.383562585161236,51.07149100921933,0.7012195121951219,True
제33회 분당챔버오케스트라 정기연주회 [성남],서양음악(클래식),경인,성남아트센터,0.8784,1,968.0,968.0,0.0,0.0,7,1102,0.5981461144231774,0.5317723041522854,0.18641360301676208,57.06563540904062,51.06563540904062,0.5879926672777268,True
제14회 늘푸른초 가을 음악회,서양음악(클래식),경인,성남아트센터,0.8784,1,968.0,968.0,0.0,0.0,7,1102,0.5981461144231774,0.5317723041522854,0.18641360301676208,57.06563540904062,51.06563540904062,0.5879926672777268,True
"용인필하모닉오케스트라 정기연주회, 명 협주곡 시리즈: PASSION",서양음악(클래식),경인,성남아트센터,0.8784,1,968.0,968.0,0.0,0.0,7,1102,0.5981461144231774,0.5317723041522854,0.18641360301676208,57.06563540904062,51.06563540904062,0.5879926672777268,True
클래식은 내 친구,서양음악(클래식),경인,성남아트센터,0.8784,1,968.0,968.0,0.0,0.0,7,1102,0.5981461144231774,0.5317723041522854,0.18641360301676208,57.06563540904062,51.06563540904062,0.5879926672777268,True
남성합창단 등대 창단 10주년 기념 연주회,서양음악(클래식),경인,성남아트센터,0.8784,1,968.0,968.0,0.0,0.0,7,1102,0.5981461144231774,0.5317723041522854,0.18641360301676208,57.06563540904062,51.06563540904062,0.5879926672777268,True
제17회 성남정자초 오케스트라 정기연주회,서양음악(클래식),경인,성남아트센터,0.8784,1,968.0,968.0,0.0,0.0,7,1102,0.5981461144231774,0.5317723041522854,0.18641360301676208,57.06563540904062,51.06563540904062,0.5879926672777268,True
제34회 아주여성합창단 & 제22회 아주남성합창단 정기연주화: 희망은 깨어 있네 [성남],서양음악(클래식),경인,성남아트센터,0.8784,1,968.0,968.0,0.0,0.0,7,1102,0.5981461144231774,0.5317723041522854,0.18641360301676208,57.06563540904062,51.06563540904062,0.5879926672777268,True
클래식은 내 친구 [성남],서양음악(클래식),경인,성남아트센터,0.8784,1,968.0,968.0,0.0,0.0,7,1102,0.5981461144231774,0.5317723041522854,0.18641360301676208,57.06563540904062,51.06563540904062,0.5879926672777268,True
제2회 성남교육지원청 오케스트라 공유학교 정기연주회 [성남],서양음악(클래식),경인,성남아트센터,0.8784,1,968.0,968.0,0.0,0.0,7,1102,0.5981461144231774,0.5317723041522854,0.18641360301676208,57.06563540904062,51.06563540904062,0.5879926672777268,True
"제33회 아주여성합창단 & 제21회 아주남성합창단 정기연주회, 새로운 길",서양음악(클래식),경인,성남아트센터,0.8784,1,968.0,968.0,0.0,0.0,7,1102,0.5981461144231774,0.5317723041522854,0.18641360301676208,57.06563540904062,51.06563540904062,0.5879926672777268,True
제5회 JL 체임버콰이어 정기연주회,서양음악(클래식),경인,성남아트센터,0.8784,1,968.0,968.0,0.0,0.0,7,1102,0.5981461144231774,0.5317723041522854,0.18641360301676208,57.06563540904062,51.06563540904062,0.5879926672777268,True
성남시 신춘음악회,서양음악(클래식),경인,성남아트센터,0.8784,1,968.0,968.0,0.0,0.0,7,1102,0.5981461144231774,0.5317723041522854,0.18641360301676208,57.06563540904062,51.06563540904062,0.5879926672777268,True
성남시 신춘음악회,서양음악(클래식),경인,성남아트센터,0.8784,1,968.0,968.0,0.0,0.0,7,1102,0.5981461144231774,0.5317723041522854,0.18641360301676208,57.06563540904062,51.06563540904062,0.5879926672777268,True
장애인과 함께하는 음악회: 아름다운 동행,서양음악(클래식),경인,성남아트센터,0.8784,1,968.0,968.0,0.0,0.0,7,1102,0.5981461144231774,0.5317723041522854,0.18641360301676208,57.06563540904062,51.06563540904062,0.5879926672777268,True
제10회 내정초등학교 합창단 정기연주회 [성남],서양음악(클래식),경인,성남아트센터,0.8784,1,968.0,968.0,0.0,0.0,7,1102,0.5981461144231774,0.5317723041522854,0.18641360301676208,57.06563540904062,51.06563540904062,0.5879926672777268,True
제23회 자이안OB 기독 남성합창단 정기연주회,서양음악(클래식),경인,성남아트센터,0.8784,1,968.0,968.0,0.0,0.0,7,1102,0.5981461144231774,0.5317723041522854,0.18641360301676208,57.06563540904062,51.06563540904062,0.5879926672777268,True
"제82회 성남청소년오케스트라 정기연주회, 성남시민과 청소년을 위한 해설 음악회",서양음악(클래식),경인,성남아트센터,0.8784,1,968.0,968.0,0.0,0.0,7,1102,0.5981461144231774,0.5317723041522854,0.18641360301676208,57.06563540904062,51.06563540904062,0.5879926672777268,True
제19회 알함브라기타앙상블 정기연주회,서양음악(클래식),경인,성남아트센터,0.8784,1,968.0,968.0,0.0,0.0,7,1102,0.5981461144231774,0.5317723041522854,0.18641360301676208,57.06563540904062,51.06563540904062,0.5879926672777268,True
제18회 삼성필하모닉오케스트라 정기연주회,서양음악(클래식),경인,성남아트센터,0.8784,1,968.0,968.0,0.0,0.0,7,1102,0.5981461144231774,0.5317723041522854,0.18641360301676208,57.06563540904062,51.06563540904062,0.5879926672777268,True
제3회 콘체르토안티코 정기연주회,서양음악(클래식),경인,성남아트센터,0.8784,1,968.0,968.0,0.0,0.0,7,1102,0.5981461144231774,0.5317723041522854,0.18641360301676208,57.06563540904062,51.06563540904062,0.5879926672777268,True
C&K DANCE ACADEMY 학원 발표회,대중무용,영남,강동문화복지회관,0.976,1,244.0,244.0,0.0,0.0,6,250,0.738677962556218,0.33166509779311787,0.18641360301676208,53.623232970151705,51.02768359975652,0.5707317073170731,True
제8회 연극하는 시민들 정기공연: 오! 오! [포항],뮤지컬,영남,포항시청 대잠홀,0.727,2,868.0,434.0,0.0,0.0,5,597,0.4636152076142663,0.6668523167032737,0.18641360301676208,53.61748879855265,51.02193942815747,0.5697560975609756,True
평강 공주와 온달 바보,연극,경인,정약용도서관,0.9844,1,315.0,315.0,0.0,0.0,9,320,0.7561316807865286,0.3733814454554963,0.18641360301676208,57.018994422317704,51.018994422317704,0.5783684692942255,True
"해설이 있는 음악회, 힐링하는 오늘",대중음악,영남,온양문화복지센터,0.9645,1,272.0,272.0,0.0,0.0,3,282,0.7202175504654325,0.34432459993724507,0.18641360301676208,53.61242364572003,51.016874275324845,0.568780487804878,True
양양 클래식 콘서트,서양음악(클래식),기타,양양문화복지회관,0.8455,1,372.0,372.0,0.0,0.0,2,440,0.5641669281455914,0.4015270369208242,0.18641360301676208,49.24141132757839,50.92933975163648,0.6951219512195121,True
For All the Parents! [대구],서양음악(클래식),영남,비원뮤직홀,0.99,1,198.0,198.0,0.0,0.0,4,200,0.7801485200292856,0.3040620750967472,0.18641360301676208,53.51694025703991,50.92139088664473,0.5551219512195122,True
이루이사 쳄발로 리사이틀 [대구],서양음악(클래식),영남,비원뮤직홀,0.99,1,198.0,198.0,0.0,0.0,4,200,0.7801485200292856,0.3040620750967472,0.18641360301676208,53.51694025703991,50.92139088664473,0.5551219512195122,True
노이슈타트와 함께하는 해설이 있는 봄,서양음악(클래식),영남,비원뮤직홀,0.99,1,198.0,198.0,0.0,0.0,4,200,0.7801485200292856,0.3040620750967472,0.18641360301676208,53.51694025703991,50.92139088664473,0.5551219512195122,True
"예술 가곡의 밤 시리즈Ⅲ, 이태리 가곡의 밤",한국음악(국악),영남,비원뮤직홀,0.99,1,198.0,198.0,0.0,0.0,4,200,0.7801485200292856,0.3040620750967472,0.18641360301676208,53.51694025703991,50.92139088664473,0.5551219512195122,True
"비원뮤직홀 레지던시 시리즈, 박소연 비올라 리사이틀 [대구]",서양음악(클래식),영남,비원뮤직홀,0.99,1,198.0,198.0,0.0,0.0,4,200,0.7801485200292856,0.3040620750967472,0.18641360301676208,53.51694025703991,50.92139088664473,0.5551219512195122,True
세종솔로이스츠 콘서트 [대구],서양음악(클래식),영남,비원뮤직홀,0.99,1,198.0,198.0,0.0,0.0,4,200,0.7801485200292856,0.3040620750967472,0.18641360301676208,53.51694025703991,50.92139088664473,0.5551219512195122,True
키즈클래식 콘서트 [대구],서양음악(클래식),영남,비원뮤직홀,0.99,1,198.0,198.0,0.0,0.0,4,200,0.7801485200292856,0.3040620750967472,0.18641360301676208,53.51694025703991,50.92139088664473,0.5551219512195122,True
"송년음악회: 신창용, 심준호, 에스더 유 트리오 콘서트",서양음악(클래식),영남,비원뮤직홀,0.99,1,198.0,198.0,0.0,0.0,4,200,0.7801485200292856,0.3040620750967472,0.18641360301676208,53.51694025703991,50.92139088664473,0.5551219512195122,True
"비원뮤직홀 로맨틱 시리즈, The All-Round Classic [대구]",서양음악(클래식),영남,비원뮤직홀,0.99,1,198.0,198.0,0.0,0.0,4,200,0.7801485200292856,0.3040620750967472,0.18641360301676208,53.51694025703991,50.92139088664473,0.5551219512195122,True
"해설이 있는 음악회, 이리스 앙상블 [대구]",서양음악(클래식),영남,비원뮤직홀,0.99,1,198.0,198.0,0.0,0.0,4,200,0.7801485200292856,0.3040620750967472,0.18641360301676208,53.51694025703991,50.92139088664473,0.5551219512195122,True
베이스 이기현 리사이틀 [대구],서양음악(클래식),영남,비원뮤직홀,0.99,1,198.0,198.0,0.0,0.0,4,200,0.7801485200292856,0.3040620750967472,0.18641360301676208,53.51694025703991,50.92139088664473,0.5551219512195122,True
에스더유 & 박재홍 듀오 리사이틀 [대구],서양음악(클래식),영남,비원뮤직홀,0.99,1,198.0,198.0,0.0,0.0,4,200,0.7801485200292856,0.3040620750967472,0.18641360301676208,53.51694025703991,50.92139088664473,0.5551219512195122,True
천지윤의 해금: 잊었던 마음 그리고 편지,한국음악(국악),영남,비원뮤직홀,0.99,1,198.0,198.0,0.0,0.0,4,200,0.7801485200292856,0.3040620750967472,0.18641360301676208,53.51694025703991,50.92139088664473,0.5551219512195122,True
박재홍 피아노 리사이틀 [대구],서양음악(클래식),영남,비원뮤직홀,0.99,1,198.0,198.0,0.0,0.0,4,1159,0.7801485200292856,0.3040620750967472,0.18641360301676208,53.51694025703991,50.92139088664473,0.5551219512195122,True
박재홍 피아노 리사이틀 [대구],서양음악(클래식),영남,비원뮤직홀,0.99,1,198.0,198.0,0.0,0.0,4,200,0.7801485200292856,0.3040620750967472,0.18641360301676208,53.51694025703991,50.92139088664473,0.5551219512195122,True
"비원뮤직홀 로맨틱 시리즈, Beyond the Sequence: 드라마틱 클래식",서양음악(클래식),영남,비원뮤직홀,0.99,1,198.0,198.0,0.0,0.0,4,200,0.7801485200292856,0.3040620750967472,0.18641360301676208,53.51694025703991,50.92139088664473,0.5551219512195122,True
"뮤직 토크 콘서트, The Brass",서양음악(클래식),영남,비원뮤직홀,0.99,1,198.0,198.0,0.0,0.0,4,200,0.7801485200292856,0.3040620750967472,0.18641360301676208,53.51694025703991,50.92139088664473,0.5551219512195122,True
비원뮤직홀 개관 1주년 기념 콘서트,서양음악(클래식),영남,비원뮤직홀,0.99,1,198.0,198.0,0.0,0.0,4,200,0.7801485200292856,0.3040620750967472,0.18641360301676208,53.51694025703991,50.92139088664473,0.5551219512195122,True
재즈현악 5중주 볼로시 (Vołosi) 내한공연 [대구],대중음악,영남,비원뮤직홀,0.99,1,198.0,198.0,0.0,0.0,4,200,0.7801485200292856,0.3040620750967472,0.18641360301676208,53.51694025703991,50.92139088664473,0.5551219512195122,True
"예술가곡의 밤 시리즈 I, 한국 가곡의 향연",서양음악(클래식),영남,비원뮤직홀,0.99,1,198.0,198.0,0.0,0.0,4,200,0.7801485200292856,0.3040620750967472,0.18641360301676208,53.51694025703991,50.92139088664473,0.5551219512195122,True
"포시즌 특집, 2024 봄",서양음악(클래식),영남,비원뮤직홀,0.99,1,198.0,198.0,0.0,0.0,4,200,0.7801485200292856,0.3040620750967472,0.18641360301676208,53.51694025703991,50.92139088664473,0.5551219512195122,True
사운드 레지던시와 함께하는 가족음악회: 5월愛,서양음악(클래식),영남,비원뮤직홀,0.99,1,198.0,198.0,0.0,0.0,4,200,0.7801485200292856,0.3040620750967472,0.18641360301676208,53.51694025703991,50.92139088664473,0.5551219512195122,True
양성원 피아노 리사이틀 [대구],서양음악(클래식),영남,비원뮤직홀,0.99,1,198.0,198.0,0.0,0.0,4,200,0.7801485200292856,0.3040620750967472,0.18641360301676208,53.51694025703991,50.92139088664473,0.5551219512195122,True
지브리를 품은 클래식 [대구],서양음악(클래식),영남,비원뮤직홀,0.99,1,198.0,198.0,0.0,0.0,4,200,0.7801485200292856,0.3040620750967472,0.18641360301676208,53.51694025703991,50.92139088664473,0.5551219512195122,True
지브리를 품은 클래식 [대구],서양음악(클래식),영남,비원뮤직홀,0.99,1,198.0,198.0,0.0,0.0,4,90,0.7801485200292856,0.3040620750967472,0.18641360301676208,53.51694025703991,50.92139088664473,0.5551219512195122,True
"비원뮤직홀 마티네 콘서트, 봄의 피아노",서양음악(클래식),영남,비원뮤직홀,0.99,1,198.0,198.0,0.0,0.0,4,200,0.7801485200292856,0.3040620750967472,0.18641360301676208,53.51694025703991,50.92139088664473,0.5551219512195122,True
신년음악회: Be One [대구],서양음악(클래식),영남,비원뮤직홀,0.99,1,198.0,198.0,0.0,0.0,4,200,0.7801485200292856,0.3040620750967472,0.18641360301676208,53.51694025703991,50.92139088664473,0.5551219512195122,True
"아르코꿈밭극장 개관 X 아시테지 국제여름축제 개막, 와그르르르 수궁가",연극,서울,아르코 꿈밭극장 (구.학전),0.8814,1,171.0,171.0,0.0,0.0,0,194,0.6009570128647631,0.28970165254680474,0.18641360301676208,44.88347083957942,50.88347083957942,0.6136363636363636,True
"DSAC 로컬 아티스트 프로젝트, 서인애 반주 리사이틀",서양음악(클래식),영남,달서아트센터 (구. 웃는얼굴아트센터),0.9858,1,209.0,209.0,0.0,0.0,6,212,0.7608775232716243,0.3149905867587073,0.18641360301676208,53.46971671270882,50.87416734231364,0.5409756097560976,True
유하준 피아노 독주회,서양음악(클래식),영남,달서아트센터 (구. 웃는얼굴아트센터),0.9858,1,209.0,209.0,0.0,0.0,6,212,0.7608775232716243,0.3149905867587073,0.18641360301676208,53.46971671270882,50.87416734231364,0.5409756097560976,True
성남국제윈드페스티벌,서양음악(클래식),경인,성남아트리움 (구. 성남시민회관),0.9132,1,589.0,589.0,0.0,0.0,10,645,0.6448723982846982,0.4707431231042778,0.18641360301676208,56.858823207323674,50.858823207323674,0.5774518790100825,True
스피릿앙상블의 아듀 송년음악회 [구리],서양음악(클래식),경인,구리아트홀,0.9929,1,278.0,278.0,0.0,0.0,8,280,0.7899147578705157,0.34637982428616254,0.18641360301676208,56.80272513683951,50.80272513683951,0.5765352887259395,True
"제2회 엘캄머 정기연주회: 모차르트, 하이든을 그리다 [인천]",서양음악(클래식),경인,아트센터 인천,0.9766,1,334.0,334.0,0.0,0.0,6,342,0.7413319736429244,0.3809591046961615,0.18641360301676208,56.801392405137484,50.801392405137484,0.5756186984417965,True
더 리틀 타이거 포 코리아 [서울],연극,서울,모두예술극장,0.8417,1,218.0,218.0,0.0,0.0,0,259,0.5617221001987239,0.31897683296726287,0.18641360301676208,44.79366144788659,50.79366144788659,0.6122727272727273,True
편지 그리고 벽,연극,서울,모두예술극장,0.8417,1,218.0,218.0,0.0,0.0,0,259,0.5617221001987239,0.31897683296726287,0.18641360301676208,44.79366144788659,50.79366144788659,0.6122727272727273,True
조국의 노래 [김제],서양음악(클래식),호남,김제문화예술회관,0.7725,1,377.0,377.0,0.0,0.0,4,488,0.49862723564480704,0.4039862462085556,0.18641360301676208,45.83658249126379,50.783327990711356,0.55,True
"ACC 수요극장, 크리스토프 에센바흐 & KBS 교향악단",서양음악(클래식),호남,국립아시아문화전당,0.8669,1,215.0,215.0,0.0,0.0,6,248,0.5851375379144441,0.3176746679217655,0.18641360301676208,45.8297839428484,50.77652944229597,0.5473684210526316,True
쇼미더끼 [안산],서양음악(클래식),경인,안산문화예술의전당,1.1429,1,160.0,160.0,0.0,0.0,6,140,0.8992913921137956,0.28459366175086287,0.18641360301676208,56.75842704629045,50.75842704629045,0.5747021081576535,True
광주국악상설공연 (2월),한국음악(국악),호남,광주공연마루,0.54477,20,1874.0,93.7,0.0,0.0,6,172,0.3191611756092459,0.7868541470557473,0.18641360301676208,45.78927095848665,50.73601645793421,0.5447368421052632,True
"스크린 콘서트, 뮤지컬의 밤: 하이스쿨 뮤지컬",뮤지컬,영남,서울주문화센터,0.9434,1,300.0,300.0,0.0,0.0,3,318,0.6893761112854304,0.36226597636230523,0.18641360301676208,53.294790200761476,50.69924083036629,0.5390243902439025,True
"스크린콘서트, 뮤지컬의 밤: 선샤인 온 리스",뮤지컬,영남,서울주문화센터,0.9434,1,300.0,300.0,0.0,0.0,3,318,0.6893761112854304,0.36226597636230523,0.18641360301676208,53.294790200761476,50.69924083036629,0.5390243902439025,True
제23회 김제시립합창단 정기연주회: 어느 좋은 날의 하모니 [김제],서양음악(클래식),호남,김제문화예술회관,0.7705,1,376.0,376.0,0.0,0.0,4,488,0.4969668444723355,0.40372476728375695,0.18641360301676208,45.733096370706605,50.67984187015417,0.5421052631578948,True
솔림성악콩쿠르 입상자와 함께하는 YOUNG ARTIST 초청연주회 [광주],서양음악(클래식),호남,서빛마루문화예술회관,0.8333,1,270.0,270.0,0.0,0.0,0,324,0.5525834117770108,0.34342511243593765,0.18641360301676208,45.68477872622464,50.63152422567221,0.5394736842105263,True
AI와 만난 슈베르트,서양음악(클래식),호남,예술의 전당 [광주] (구. 광주문화예술회관),0.7659,1,386.0,386.0,0.0,0.0,8,504,0.49300543876163583,0.4073540947599624,0.18641360301676208,45.67724068192687,50.623986181374434,0.5368421052631579,True
"ACC 수요극장, 영상화 라 트라비아타",서양음악(클래식),호남,국립아시아문화전당,0.8629,1,214.0,214.0,0.0,0.0,6,248,0.5821959000104592,0.31733213053027925,0.18641360301676208,45.67169235822684,50.61843785767441,0.5342105263157895,True
리타 길들이기 [부산],연극,영남,가온아트홀 [부산],1.0,1,100.0,100.0,0.0,0.0,2,100,0.8992913921137956,0.2421307917581843,0.18641360301676208,53.20595842049764,50.610409050102454,0.5375609756097561,True
제27회 부산세계자원봉사대회 성공 기념 자원봉사자 초청 위로음악회: 동행Ⅴ,서양음악(클래식),영남,(재)영화의전당,0.8347,1,702.0,702.0,0.0,0.0,8,841,0.5547406129065997,0.49902729839974896,0.18641360301676208,53.17453473811054,50.578985367715354,0.5365853658536586,True
부산오페라단연합회와 함께하는 오페라 갈라 콘서트,서양음악(클래식),영남,영도문화예술회관,0.9065,1,388.0,388.0,0.0,0.0,3,428,0.6321775964857232,0.40845492103336467,0.18641360301676208,53.08369114788367,50.48814177748849,0.5346341463414634,True
돌아온다 [영도],연극,영남,영도문화예술회관,0.9065,1,388.0,388.0,0.0,0.0,3,428,0.6321775964857232,0.40845492103336467,0.18641360301676208,53.08369114788367,50.48814177748849,0.5346341463414634,True
해설이 있는 갈라 콘서트,서양음악(클래식),영남,영도문화예술회관,0.9065,1,388.0,388.0,0.0,0.0,3,428,0.6321775964857232,0.40845492103336467,0.18641360301676208,53.08369114788367,50.48814177748849,0.5346341463414634,True
"센티토클래식 영아티스트 콘서트, 박시연 피아노 독주회",서양음악(클래식),서울,꿈의숲아트센터,0.8206,1,247.0,247.0,0.0,0.0,8,301,0.5392349126660391,0.33298425896872713,0.18641360301676208,44.466841576606015,50.466841576606015,0.610909090909091,True
"경기청년예술기회무대, 젊은 연주자 시리즈 Ⅳ",서양음악(클래식),경인,경기아트센터(구. 경기도문화의전당),0.9303,1,467.0,467.0,0.0,0.0,4,502,0.6704319631837674,0.4363534149147579,0.18641360301676208,56.46094963894858,50.46094963894858,0.5728689275893676,True
"경기청년예술기회무대, 젊은 연주자 시리즈 Ⅵ",서양음악(클래식),경인,경기아트센터(구. 경기도문화의전당),0.9303,1,467.0,467.0,0.0,0.0,4,502,0.6704319631837674,0.4363534149147579,0.18641360301676208,56.46094963894858,50.46094963894858,0.5728689275893676,True
"경기청년예술기회무대, 젊은 연주자 시리즈 Ⅰ",한국음악(국악),경인,경기아트센터(구. 경기도문화의전당),0.9303,1,467.0,467.0,0.0,0.0,4,502,0.6704319631837674,0.4363534149147579,0.18641360301676208,56.46094963894858,50.46094963894858,0.5728689275893676,True
"명작시리즈, 멘델스존 피아노 트리오의 아름다움",서양음악(클래식),영남,온양문화복지센터,0.9574,1,270.0,270.0,0.0,0.0,3,282,0.7090001045915699,0.34342511243593765,0.18641360301676208,53.05430126783316,50.45875189743798,0.5326829268292683,True
힙합 프리덤 [포천],대중음악,경인,포천반월아트홀,0.8824,1,803.0,803.0,0.0,0.0,1,910,0.6016368580692396,0.5130464909528292,0.18641360301676208,56.449922414580946,50.449922414580946,0.5710357470210816,True
고잉홈프로젝트: 베토벤 전곡 시리즈 스페셜 콘서트 [부산],서양음악(클래식),영남,부산학생예술문화회관,0.8228,1,822.0,822.0,0.0,0.0,5,999,0.540816860161071,0.5149552871038594,0.18641360301676208,53.03199218877628,50.436442818381096,0.5317073170731708,True
해오름의 고장 양양군민과 함께하는 신년음악회,서양음악(클래식),기타,양양문화복지회관,0.8364,1,368.0,368.0,0.0,0.0,2,440,0.5555642715197155,0.4003595335215982,0.18641360301676208,48.7327203135205,50.420648737578595,0.6890243902439024,True
우리읍내 [포천],연극,경인,포천반월아트홀,0.8813,1,802.0,802.0,0.0,0.0,1,910,0.6008654952410836,0.5129915803786215,0.18641360301676208,56.404071451160085,50.404071451160085,0.5701191567369386,True
"제17회 당진예술제 연극분야 공연작, 가난포르노",연극,충청,당진문예의전당,0.9533,1,286.0,286.0,0.0,0.0,5,300,0.7040058571279155,0.3522081895199247,0.18641360301676208,53.36610954935392,50.39309120433803,0.6301369863013698,True
"ACC 수요극장, 우리는 친구다",뮤지컬,호남,국립아시아문화전당,0.8589,1,213.0,213.0,0.0,0.0,6,248,0.5777507582888819,0.31696736743018517,0.18641360301676208,45.44123599680809,50.387981496255655,0.531578947368421,True
제68회 충주시립우륵국악단 정기연주회,한국음악(국악),충청,충주시문화회관,0.8335,1,741.0,741.0,0.0,0.0,1,889,0.553720845099885,0.5042372659763623,0.18641360301676208,53.336989550039846,50.36397120502395,0.6255707762557078,True
"한국전력과 함께하는 희망사랑나눔콘서트, 심청날다 [충주]",한국음악(국악),충청,호암예술관,0.9588,1,279.0,279.0,0.0,0.0,6,291,0.7106343478715615,0.3467929609873444,0.18641360301676208,53.335433151645475,50.36241480662958,0.6210045662100456,True
히사이시 조 OST 콘서트: 디 오케스트라 [인천],서양음악(클래식),경인,인천학생교육문화회관,0.9122,1,540.0,540.0,0.0,0.0,5,592,0.6443625143813408,0.46016891538541993,0.18641360301676208,56.31772099465155,50.31772099465155,0.5692025664527957,True
제69회 군산시립교향악단 특별기획연주회,서양음악(클래식),호남,군산예술의전당,0.6742,1,809.0,809.0,0.0,0.0,4,1200,0.4175949168497019,0.5137328731304257,0.18641360301676208,45.367836046101864,50.31458154554943,0.5289473684210526,True
제20회 대구국제오페라축제 폐막콘서트 & 사야오페라어워즈,서양음악(클래식),영남,대구오페라하우스,0.7919,1,1180.0,1180.0,0.0,0.0,4,1490,0.5115573684761008,0.5557826064219225,0.18641360301676208,52.88086946980006,50.28532009940488,0.5307317073170732,True
제12회 공주시립합창단 정기연주회: 인생의 노래,서양음악(클래식),충청,공주문예회관,0.868,1,546.0,546.0,0.0,0.0,5,629,0.5860004183662797,0.4612396715824705,0.18641360301676208,53.24875000671678,50.27573166170089,0.6164383561643836,True
"제32회 젊은연극제, Norway",연극,서울,공간아울,0.68025,2,234.0,117.0,0.0,0.0,2,172,0.42155632256040165,0.47577005543353207,0.18641360301676208,44.245815714339486,50.245815714339486,0.61,True
"청소년 힐링 콘서트, 틴텐타임 Ⅰ 경서 예지",대중음악,충청,당진 문화공감터,1.25,1,100.0,100.0,0.0,0.0,0,80,0.8992913921137956,0.2421307917581843,0.18641360301676208,53.20595842049764,50.23294007548174,0.6073059360730594,True
"청소년 힐링 콘서트, 틴텐타임 Ⅱ. 케이시",대중음악,충청,당진 문화공감터,1.25,1,100.0,100.0,0.0,0.0,0,80,0.8992913921137956,0.2421307917581843,0.18641360301676208,53.20595842049764,50.23294007548174,0.6073059360730594,True
"청소년 힐링 콘서트, 틴텐타임 Ⅲ. 디핵",대중음악,충청,당진 문화공감터,1.25,1,100.0,100.0,0.0,0.0,0,80,0.8992913921137956,0.2421307917581843,0.18641360301676208,53.20595842049764,50.23294007548174,0.6073059360730594,True
하늘 바람 바다 [안동],연극,영남,안동문화예술의전당,0.7844,2,433.0,216.5,0.0,0.0,7,276,0.5071253007007636,0.5616057420771886,0.18641360301676208,52.82527696500989,50.22972759461471,0.5297560975609756,True
제59회 인천 시민의 날 및 인천경제자유구역청 개청 20주년 기념 KBS 열린음악회,대중음악,경인,송도컨벤시아,0.8034,1,4017.0,4017.0,0.0,0.0,6,5000,0.525193494404351,0.622647997071436,0.18641360301676208,56.21971515399762,50.21971515399762,0.5682859761686526,True
하서 김인후 [장성],한국음악(국악),호남,장성문화예술회관,0.7222,1,494.0,494.0,0.0,0.0,7,684,0.4579018931074155,0.44421870097270166,0.18641360301676208,45.23787524078103,50.184620740228596,0.5263157894736842,True
새해국악연,한국음악(국악),서울,국립국악원,0.7097,1,467.0,467.0,0.0,0.0,7,658,0.44541627444827947,0.4363534149147579,0.18641360301676208,44.17687591050417,50.17687591050417,0.6090909090909091,True
"부산학생예술문화회관 교직원 초청 공연, 스승의 날 기념 유키 구라모토 내한 25주년 기념 콘서트 [부산]",서양음악(클래식),영남,부산학생예술문화회관,0.8178,1,817.0,817.0,0.0,0.0,5,999,0.5366854931492522,0.5145369208241816,0.18641360301676208,52.771389682638755,50.17584031224357,0.5287804878048781,True
OST 음악회 [김해],대중음악,영남,김해서부문화센터,0.8509,1,588.0,588.0,0.0,0.0,5,691,0.5696187637276435,0.47050779207195903,0.18641360301676208,52.768809973012424,50.17326060261724,0.5263414634146342,True
가곡과 아리아의 밤,서양음악(클래식),영남,김해서부문화센터,0.8509,1,588.0,588.0,0.0,0.0,5,691,0.5696187637276435,0.47050779207195903,0.18641360301676208,52.768809973012424,50.17326060261724,0.5263414634146342,True
"김해 모던 심포니, 명화와 함께하는 음악여행",서양음악(클래식),영남,김해서부문화센터,0.8509,1,588.0,588.0,0.0,0.0,5,691,0.5696187637276435,0.47050779207195903,0.18641360301676208,52.768809973012424,50.17326060261724,0.5263414634146342,True
테너 김준태 독창회,서양음악(클래식),영남,김해서부문화센터,0.8509,1,588.0,588.0,0.0,0.0,5,691,0.5696187637276435,0.47050779207195903,0.18641360301676208,52.768809973012424,50.17326060261724,0.5263414634146342,True
대구시립국악단 찾아가는 공연: 백리향,한국음악(국악),영남,대구서구문화회관,0.8982,1,406.0,406.0,0.0,0.0,3,452,0.6171164104173203,0.41663528919569087,0.18641360301676208,52.73788126000919,50.142331889614006,0.5239024390243903,True
"김천시립교향악단, 찾아가는 음악회: 첼로와 아리아의 만남",서양음악(클래식),영남,김천시립율곡도서관,0.8944,1,415.0,415.0,0.0,0.0,2,464,0.6141878464595754,0.4195115573684761,0.18641360301676208,52.73249291932065,50.136943548925466,0.5229268292682927,True
고성현과 오페라친구들,서양음악(클래식),경인,성남아트센터,0.955,1,361.0,361.0,0.0,0.0,7,378,0.7064376111285431,0.3973917477251333,0.18641360301676208,56.12183022777258,50.12183022777258,0.5664527956003667,True
리치파이 크리스마스 프레젠트,대중음악,경인,성남아트센터,0.955,1,361.0,361.0,0.0,0.0,7,378,0.7064376111285431,0.3973917477251333,0.18641360301676208,56.12183022777258,50.12183022777258,0.5664527956003667,True
산청강자류(山靑江自流),한국음악(국악),경인,성남아트센터,0.955,1,361.0,361.0,0.0,0.0,7,378,0.7064376111285431,0.3973917477251333,0.18641360301676208,56.12183022777258,50.12183022777258,0.5664527956003667,True
제5회 천진불어린이연합합창제,한국음악(국악),영남,(재)영화의전당,0.8276,1,696.0,696.0,0.0,0.0,8,841,0.5470400585712791,0.4978820207091309,0.18641360301676208,52.681975906220316,50.08642653582513,0.5219512195121951,True
(A) LIVE: 몸,연극,서울,을지공간,0.67225,4,121.0,30.25,0.0,0.0,2,45,0.41645748352682777,0.4798007530593034,0.18641360301676208,44.07240724591156,50.07240724591156,0.6081818181818182,True
다노네 다노세,한국음악(국악),기타,강릉단오제전수교육관(구. 단오문화관),0.63206667,3,859.0,286.33,0.0,0.0,5,453,0.38186382177596484,0.687711797929087,0.18641360301676208,48.31786085502416,50.00578927908225,0.6829268292682927,True
세계 장애인의 날 기념 사랑의 콘서트,서양음악(클래식),서울,롯데콘서트홀,0.6213,1,1265.0,1265.0,0.0,0.0,6,2036,0.37237213680577347,0.5648820730049158,0.18641360301676208,43.99156609164913,49.99156609164913,0.6072727272727273,True
"남양주시립합창단, 클래식 세계여행",서양음악(클래식),경인,다산아트홀,0.7231,4,1289.0,322.25,0.0,0.0,2,496,0.458594812258132,0.7552478820207091,0.18641360301676208,55.987785356698225,49.987785356698225,0.5646196150320807,True
대니 구 & 문재원 듀오 리사이틀,서양음악(클래식),영남,비원뮤직홀,0.985,1,197.0,197.0,0.0,0.0,4,200,0.758197364292438,0.30354696161489386,0.18641360301676208,52.57263177618273,49.97708240578755,0.5204878048780488,True
"여름, 그대와 함께듣는 목소리 [대구]",서양음악(클래식),영남,비원뮤직홀,0.985,1,197.0,197.0,0.0,0.0,4,200,0.758197364292438,0.30354696161489386,0.18641360301676208,52.57263177618273,49.97708240578755,0.5204878048780488,True
"ACC 수요극장, 라 바야데르 (영상화)",무용(서양/한국무용),호남,국립아시아문화전당,0.8508,1,211.0,211.0,0.0,0.0,6,248,0.5694880242652443,0.31627575567409266,0.18641360301676208,45.010840039978426,49.95758553942599,0.5236842105263158,True
FARBE : 3rd Concert,서양음악(클래식),서울,꿈의숲아트센터,0.8106,1,244.0,244.0,0.0,0.0,8,301,0.530266185545445,0.33166509779311787,0.18641360301676208,43.95175981806648,49.95175981806648,0.6063636363636363,True
"Adieu 2024 서초문화원 송년기념공연: G.Puccini 오페라, 라보엠",서양음악(클래식),서울,서초문화예술회관(구. 서초구민회관),0.7014,1,484.0,484.0,0.0,0.0,6,690,0.4384217132099153,0.4408626189729108,0.18641360301676208,43.9396449575549,49.9396449575549,0.6054545454545455,True
저승에서 살아온 자 [광주],한국음악(국악),호남,광산문화예술회관,0.7407,1,400.0,400.0,0.0,0.0,1,540,0.4758916431335634,0.4134530906808911,0.18641360301676208,44.98578923435701,49.93253473380457,0.5210526315789473,True
남양주시립예술단 송년음악회,서양음악(클래식),경인,남양주체육문화센터,0.8547,1,1000.0,1000.0,0.0,0.0,2,1170,0.5735278736533835,0.538463549837883,0.18641360301676208,55.923615587094076,49.923615587094076,0.5637030247479377,True
장화 신은 고양이 비긴즈: 플레이 버전 [부산],뮤지컬,영남,부산학생예술문화회관,0.8118,1,811.0,811.0,0.0,0.0,5,999,0.5323841648363142,0.5138962974584249,0.18641360301676208,52.49105155700864,49.895502186613456,0.5190243902439025,True
"국립현대무용단, HIP合 (힙합) [강릉]",무용(서양/한국무용),기타,강릉아트센터 (구. 강릉문화예술관),0.7325,1,712.0,712.0,0.0,0.0,7,972,0.46961614893839554,0.5004510511452778,0.18641360301676208,48.17153173251123,49.85946015656932,0.676829268292683,True
스쿨오브오페라,서양음악(클래식),경인,솔가람아트홀,0.9833,1,295.0,295.0,0.0,0.0,4,300,0.7536476310009413,0.3562663424327999,0.18641360301676208,55.848423858815565,49.848423858815565,0.5595783684692942,True
클라루비노 클라리넷 앙상블,서양음악(클래식),경인,솔가람아트홀,0.9833,1,295.0,295.0,0.0,0.0,4,300,0.7536476310009413,0.3562663424327999,0.18641360301676208,55.848423858815565,49.848423858815565,0.5595783684692942,True
"파주 실내악 시리즈 NO. 03, 코리안 챔버 앙상블",서양음악(클래식),경인,솔가람아트홀,0.9833,1,295.0,295.0,0.0,0.0,4,300,0.7536476310009413,0.3562663424327999,0.18641360301676208,55.848423858815565,49.848423858815565,0.5595783684692942,True
"해설이 있는 가족음악회, 토닥토닥 클래식",서양음악(클래식),경인,솔가람아트홀,0.9833,1,295.0,295.0,0.0,0.0,4,300,0.7536476310009413,0.3562663424327999,0.18641360301676208,55.848423858815565,49.848423858815565,0.5595783684692942,True
파주실내악 축제: 리노스 앙상블,서양음악(클래식),경인,솔가람아트홀,0.9833,1,295.0,295.0,0.0,0.0,4,300,0.7536476310009413,0.3562663424327999,0.18641360301676208,55.848423858815565,49.848423858815565,0.5595783684692942,True
파주실내악 축제: 재즈밴드 다빈치,서양음악(클래식),경인,솔가람아트홀,0.9833,1,295.0,295.0,0.0,0.0,4,300,0.7536476310009413,0.3562663424327999,0.18641360301676208,55.848423858815565,49.848423858815565,0.5595783684692942,True
제1회 정기연주회 클래즈가 바라본 風景(풍경),서양음악(클래식),경인,솔가람아트홀,0.9833,1,295.0,295.0,0.0,0.0,4,300,0.7536476310009413,0.3562663424327999,0.18641360301676208,55.848423858815565,49.848423858815565,0.5595783684692942,True
파주실내악 축제: 화이트 포레스트,서양음악(클래식),경인,솔가람아트홀,0.9833,1,295.0,295.0,0.0,0.0,4,300,0.7536476310009413,0.3562663424327999,0.18641360301676208,55.848423858815565,49.848423858815565,0.5595783684692942,True
조혜민 비올라 독주회,서양음악(클래식),서울,예술의전당 [서울],0.93,1,93.0,93.0,0.0,0.0,10,100,0.6684185754628177,0.2323697834954503,0.18641360301676208,43.802708712719884,49.802708712719884,0.6045454545454545,True
疾走 (질주) : O.nof X 슈드,서양음악(클래식),서울,꿈의숲아트센터,0.8073,1,243.0,243.0,0.0,0.0,8,301,0.5278605794372974,0.3310061709026253,0.18641360301676208,43.797162457851,49.797162457851,0.6036363636363636,True
유네스코가 선택한 대구 6주년 기념음악회: 대학생 연합 뮤직 페스티벌,서양음악(클래식),영남,대구콘서트하우스,0.7928,1,1018.0,1018.0,0.0,0.0,7,1284,0.5120018826482585,0.5422876791130635,0.18641360301676208,52.390775817514914,49.79522644711973,0.5180487804878049,True
리멤버 레트로,뮤지컬,경인,하남문화예술회관,0.9606,1,341.0,341.0,0.0,0.0,4,355,0.715236376948018,0.38424327999163266,0.18641360301676208,55.78433613601287,49.78433613601287,0.5554537121906508,True
"전남도립국악단, 명인명창과 함께하는 오마주: 사제 (師弟) (10.19) [화순]",한국음악(국악),호남,화순 하니움 문화스포츠센터,0.709,1,514.0,514.0,0.0,0.0,5,725,0.44452724610396405,0.4541588222989227,0.18641360301676208,44.83551194587578,49.782257445323346,0.5184210526315789,True
"제8회 연극인의 마을, 안내놔? 못내놔! [안산]",연극,경인,안산문화예술의전당,1.0,1,140.0,140.0,0.0,0.0,6,140,0.8992913921137956,0.27211719485409475,0.18641360301676208,55.749715570188926,49.749715570188926,0.5545371219065078,True
뮤직클래프 솔리스트앙상블: 클래식홀릭 뮤지컬음악과 사랑에 빠지다,서양음악(클래식),경인,(재)구리시청소년수련관,0.986,1,282.0,282.0,0.0,0.0,3,286,0.7612305198201025,0.3493476100826274,0.18641360301676208,55.745886449657256,49.745886449657256,0.5536205316223648,True
정은비 마림바 콘서트,서양음악(클래식),기타,축제극장 몸짓,0.9677,1,120.0,120.0,0.0,0.0,2,124,0.7253163894990063,0.2591203848969773,0.18641360301676208,48.05262605596624,49.740554480024336,0.6707317073170732,True
"ACC 수요극장, 정크 클라운",연극,호남,국립아시아문화전당,0.8468,1,210.0,210.0,0.0,0.0,6,248,0.565435100930865,0.3156678171739358,0.18641360301676208,44.78388664587973,49.7306321453273,0.5144736842105263,True
"ACC 수요극장, 세헤라자데",서양음악(클래식),호남,국립아시아문화전당,0.8468,1,210.0,210.0,0.0,0.0,6,248,0.565435100930865,0.3156678171739358,0.18641360301676208,44.78388664587973,49.7306321453273,0.5144736842105263,True
숨비 바다 [영덕],연극,영남,예주문화예술회관,0.9935,1,153.0,153.0,0.0,0.0,4,154,0.7910391172471499,0.28141407802531115,0.18641360301676208,52.31871923806901,49.723169867673825,0.5170731707317073,True
막대뚝딱 피지컬: 뿔난 오니,연극,호남,국립아시아문화전당,0.62,5,372.0,74.4,0.0,0.0,6,120,0.37050256249346303,0.5947508105846668,0.18641360301676208,44.77223211772413,49.718977617171696,0.5105263157894737,True
제303회 부천필하모닉오케스트라 정기연주회,서양음악(클래식),경인,부천시민회관,0.8617,1,897.0,897.0,0.0,0.0,4,1041,0.5805747306767075,0.5233827528501204,0.18641360301676208,55.69838983425053,49.69838983425053,0.5527039413382218,True
"6.10 민주항쟁 36주년 기념, 꽃다지 콘서트",대중음악,경인,광명시민회관,0.917,1,486.0,486.0,0.0,0.0,7,530,0.6483631419307604,0.44217524317540013,0.18641360301676208,55.63252352233877,49.63252352233877,0.5517873510540788,True
"5월, 화합과 미래로 [광산]",서양음악(클래식),호남,광산문화예술회관,0.7352,1,397.0,397.0,0.0,0.0,1,540,0.47166875849806505,0.411911672419203,0.18641360301676208,44.679047532851136,49.6257930322987,0.5078947368421053,True
기업인을 위한 서경 송년음악회,서양음악(클래식),서울,세종문화회관,0.50365,2,3044.0,1522.0,0.0,0.0,3,3022,0.29311787469929923,0.7915725342537391,0.18641360301676208,43.61357312715846,49.61357312715846,0.6027272727272728,True
"제28회 서곶문화예술제, 노을빛 서곶에 울리는 액맥이놀이 풍물마당",한국음악(국악),경인,청라복합문화센터 블루노바홀,0.9239,1,449.0,449.0,0.0,0.0,4,486,0.6592929609873445,0.430464909528292,0.18641360301676208,55.59326298485575,49.59326298485575,0.5494958753437214,True
"제28회 서곶문화예술제, 어린 시절",연극,경인,청라복합문화센터 블루노바홀,0.9239,1,449.0,449.0,0.0,0.0,4,486,0.6592929609873445,0.430464909528292,0.18641360301676208,55.59326298485575,49.59326298485575,0.5494958753437214,True
"제28회 서곶문화예술제, 서곶의 배띄워라",한국음악(국악),경인,청라복합문화센터 블루노바홀,0.9239,1,449.0,449.0,0.0,0.0,4,486,0.6592929609873445,0.430464909528292,0.18641360301676208,55.59326298485575,49.59326298485575,0.5494958753437214,True
"제28회 서곶문화예술제, 멈춤! 그리고 지금의 몸짓!",무용(서양/한국무용),경인,청라복합문화센터 블루노바홀,0.9239,1,449.0,449.0,0.0,0.0,4,486,0.6592929609873445,0.430464909528292,0.18641360301676208,55.59326298485575,49.59326298485575,0.5494958753437214,True
코드네임X [천안],뮤지컬,충청,천안시청 봉서홀,0.68,2,1447.0,723.5,0.0,0.0,2,1064,0.42121639995816335,0.732212896140571,0.18641360301676208,52.54823248455356,49.575214139537664,0.5981735159817352,True
아에르 플루트 앙상블 콘서트 [대구],서양음악(클래식),영남,비원뮤직홀,0.98,1,196.0,196.0,0.0,0.0,4,200,0.7490325279782449,0.3030462294739044,0.18641360301676208,52.15596206547877,49.560412695083585,0.5151219512195122,True
프렌쥬 클래식 사파리: 앵무새의 합창대회 [대구],서양음악(클래식),영남,비원뮤직홀,0.98,1,196.0,196.0,0.0,0.0,4,200,0.7490325279782449,0.3030462294739044,0.18641360301676208,52.15596206547877,49.560412695083585,0.5151219512195122,True
"포시즌 특집, 2024 여름",서양음악(클래식),영남,비원뮤직홀,0.98,1,196.0,196.0,0.0,0.0,4,200,0.7490325279782449,0.3030462294739044,0.18641360301676208,52.15596206547877,49.560412695083585,0.5151219512195122,True
"서울국악축제, 궁중가무악",한국음악(국악),서울,서울돈화문국악당,0.8913,1,123.0,123.0,0.0,0.0,6,138,0.6118606840288673,0.26146062127392533,0.18641360301676208,43.546579155658826,49.546579155658826,0.6018181818181818,True
"스크린콘서트, 뮤지컬의 밤: 하이스쿨 뮤지컬 2",뮤지컬,영남,서울주문화센터,0.9308,1,296.0,296.0,0.0,0.0,3,318,0.6713340654743227,0.3568206777533731,0.18641360301676208,52.13666129913314,49.541111928737955,0.5131707317073171,True
"ACC 수요극장, 윤보선 고택 쌀롱콘서트",서양음악(클래식),호남,국립아시아문화전당,0.8427,1,209.0,209.0,0.0,0.0,6,248,0.5622189101558415,0.3149905867587073,0.18641360301676208,44.59254913763868,49.53929463708624,0.5039473684210526,True
"ACC 수요극장, 지젤",무용(서양/한국무용),호남,국립아시아문화전당,0.8427,1,209.0,209.0,0.0,0.0,6,248,0.5622189101558415,0.3149905867587073,0.18641360301676208,44.59254913763868,49.53929463708624,0.5039473684210526,True
"부산학생예술문화회관 교직원 초청 공연, 시네마 콘서트: 가을-클래식 음악회",서양음악(클래식),영남,부산학생예술문화회관,0.8048,1,804.0,804.0,0.0,0.0,5,999,0.5262394101035457,0.5131079385001569,0.18641360301676208,52.09469685047422,49.49914748007904,0.5121951219512195,True
라라라온 [코리아블루스씨어터],대중음악,서울,코리아블루스씨어터,0.74,2,74.0,37.0,0.0,0.0,1,50,0.4749241711118084,0.380658403932643,0.18641360301676208,43.469909194020644,49.469909194020644,0.600909090909091,True
"강동예술인페스티벌, 구립국악관현악단",한국음악(국악),서울,강동아트센터,0.824,1,206.0,206.0,0.0,0.0,7,250,0.5414444095805878,0.3126581947495032,0.18641360301676208,43.467058414654026,49.467058414654026,0.5986363636363636,True
엠스트링 정기연주회: 하이든과 드보르작의 만남,서양음악(클래식),서울,강동아트센터,0.824,1,206.0,206.0,0.0,0.0,7,250,0.5414444095805878,0.3126581947495032,0.18641360301676208,43.467058414654026,49.467058414654026,0.5986363636363636,True
제5회 강동온누리교회 카리스합창단 정기연주회,서양음악(클래식),서울,강동아트센터,0.824,1,206.0,206.0,0.0,0.0,7,250,0.5414444095805878,0.3126581947495032,0.18641360301676208,43.467058414654026,49.467058414654026,0.5986363636363636,True
제9회 강동구소년소녀합창단 정기연주회,서양음악(클래식),서울,강동아트센터,0.824,1,206.0,206.0,0.0,0.0,7,250,0.5414444095805878,0.3126581947495032,0.18641360301676208,43.467058414654026,49.467058414654026,0.5986363636363636,True
웅산의 The Jazz 콘서트,대중음악,영남,신세계 문화홀 8층 [대구],0.8889,1,400.0,400.0,0.0,0.0,10,450,0.606827214726493,0.4134530906808911,0.18641360301676208,52.04865686547261,49.453107495077425,0.511219512195122,True
"음악실연자 페스티벌: KMPF, 새로운 여정의 시작",대중음악,서울,노들섬,0.7368,1,336.0,336.0,0.0,0.0,4,456,0.4734206672942161,0.38179714465014125,0.18641360301676208,43.43915798413389,49.43915798413389,0.5963636363636363,True
부산학생예술문화회관 교직원 초청 공연: 뮤지컬 갈라콘서트,뮤지컬,영남,부산학생예술문화회관,0.8028,1,802.0,802.0,0.0,0.0,5,999,0.524997385210752,0.5129915803786215,0.18641360301676208,52.01617090763315,49.42062153723797,0.5102439024390244,True
제12회 서산시립합창단 정기연주회,서양음악(클래식),충청,서산시문화회관,0.8569,1,515.0,515.0,0.0,0.0,3,601,0.5751098211484155,0.454290869155946,0.18641360301676208,52.33401730224494,49.36099895722904,0.593607305936073,True
"CK ON STAGE: 넥스트 투 노멀, 타조 소년들",뮤지컬,서울,한예극장,0.5,18,1800.0,100.0,0.0,0.0,0,200,0.2887511766551616,0.7889812781089844,0.18641360301676208,43.165913561737874,49.165913561737874,0.5954545454545455,True
제69회 충주시립우륵국악단 정기연주회,한국음악(국악),충청,충주시문화회관,0.8144,1,724.0,724.0,0.0,0.0,1,889,0.5344759962347034,0.5019807028553499,0.18641360301676208,52.12327941541053,49.150261070394635,0.589041095890411,True
제6회 꿈의오케스트라 김해 정기연주회,서양음악(클래식),영남,김해문화의전당,0.7691,1,1126.0,1126.0,0.0,0.0,8,1464,0.4949403828051459,0.5521728898650768,0.18641360301676208,51.708479330893574,49.11292996049839,0.5092682926829268,True
누구나 꿈나무 오케스트라 정기연주회,서양음악(클래식),서울,세종문화회관,0.589,1,1780.0,1780.0,0.0,0.0,3,3022,0.34753163894990063,0.5954123522644075,0.18641360301676208,43.10461249098317,49.10461249098317,0.5945454545454546,True
"제3회 경기교원심포니오케스트라 정기연주회, 세상을 열go 행진",서양음악(클래식),경인,안산문화예술의전당,0.8226,1,1294.0,1294.0,0.0,0.0,6,1573,0.5406730467524318,0.566584300805355,0.18641360301676208,55.0892229634385,49.0892229634385,0.5472043996333639,True
도무스 앙상블 창단 연주회,서양음악(클래식),서울,꿈의숲아트센터,0.7973,1,240.0,240.0,0.0,0.0,8,301,0.5148127810898442,0.3292098106892585,0.18641360301676208,43.05054956871033,49.05054956871033,0.5927272727272728,True
"사랑, 아름다운 울림",서양음악(클래식),서울,꿈의숲아트센터,0.7973,1,240.0,240.0,0.0,0.0,8,301,0.5148127810898442,0.3292098106892585,0.18641360301676208,43.05054956871033,49.05054956871033,0.5927272727272728,True
성신여대 아마추어 오케스트라 크리스탈 7기 소공연: 여행,서양음악(클래식),서울,꿈의숲아트센터,0.7973,1,240.0,240.0,0.0,0.0,8,301,0.5148127810898442,0.3292098106892585,0.18641360301676208,43.05054956871033,49.05054956871033,0.5927272727272728,True
The Spring,서양음악(클래식),서울,꿈의숲아트센터,0.5512,4,624.0,156.0,0.0,0.0,8,283,0.323436356029704,0.6605114527769061,0.18641360301676208,43.035360188816846,49.035360188816846,0.5909090909090909,True
제5회 판교청소년오케스트라 정기연주회,서양음악(클래식),경인,성남아트센터,0.8475,1,934.0,934.0,0.0,0.0,7,1102,0.5659449848342224,0.5274226022382597,0.18641360301676208,55.02094234778572,49.02094234778572,0.5458295142071494,True
청소년 교향악 페스티벌 개막공연 [성남],서양음악(클래식),경인,성남아트센터,0.8475,1,934.0,934.0,0.0,0.0,7,1102,0.5659449848342224,0.5274226022382597,0.18641360301676208,55.02094234778572,49.02094234778572,0.5458295142071494,True
"국립국악원 창작악단, 환상기행",한국음악(국악),경인,파주운정행복센터,0.9086,1,487.0,487.0,0.0,0.0,9,536,0.6359036711641042,0.44251647317226234,0.18641360301676208,55.005558203515825,49.005558203515825,0.5444546287809349,True
"위대한 음악가 하이든, 롯시니, 멘델스존과 함께하는, 가을밤의 클래식 산책 [광주]",서양음악(클래식),호남,유스퀘어 문화관,0.8038,1,254.0,254.0,0.0,0.0,4,316,0.5254418993829097,0.3380726388453091,0.18641360301676208,44.04725311477891,48.99399861422648,0.5,True
"홍주, 흥에 취하다",한국음악(국악),충청,홍주문화회관,0.8498,1,515.0,515.0,0.0,0.0,1,606,0.5678799288777324,0.454290869155946,0.18641360301676208,51.93827418945535,48.965255844439454,0.5844748858447488,True
"제31회 젊은연극제, 한씨연대기 [청주]",연극,충청,씨어터 제이,0.68883333,6,738.0,123.0,0.0,0.0,2,180,0.42694278841125405,0.6956163058257505,0.18641360301676208,51.90028118609725,48.92726284108136,0.5799086757990868,True
5GO 가곡의밤 음악회: 추억 속의 가곡 여행,서양음악(클래식),경인,고양아람누리,0.8247,1,1195.0,1195.0,0.0,0.0,6,1449,0.5432616881079385,0.5576822508105846,0.18641360301676208,54.898461822622416,48.898461822622416,0.5247479376718607,True
"CBS콰이어&CBS 소년소녀합창단 정기공연, Sunshine of my life",서양음악(클래식),경인,고양아람누리,0.8247,1,1195.0,1195.0,0.0,0.0,6,1449,0.5432616881079385,0.5576822508105846,0.18641360301676208,54.898461822622416,48.898461822622416,0.5247479376718607,True
고양시의 노래: 고양 20년의 메아리,서양음악(클래식),경인,고양아람누리,0.8247,1,1195.0,1195.0,0.0,0.0,6,1449,0.5432616881079385,0.5576822508105846,0.18641360301676208,54.898461822622416,48.898461822622416,0.5247479376718607,True
"그리운 한국가곡 시리즈, 가곡에 살리라 Ⅳ",서양음악(클래식),경인,고양아람누리,0.8247,1,1195.0,1195.0,0.0,0.0,6,1449,0.5432616881079385,0.5576822508105846,0.18641360301676208,54.898461822622416,48.898461822622416,0.5247479376718607,True
"교보노블리에 포유콘서트, 마음: 音",서양음악(클래식),경인,고양아람누리,0.8247,1,1195.0,1195.0,0.0,0.0,6,1449,0.5432616881079385,0.5576822508105846,0.18641360301676208,54.898461822622416,48.898461822622416,0.5247479376718607,True
장애인을 위한 세상의 빛 음악회,서양음악(클래식),경인,고양아람누리,0.8247,1,1195.0,1195.0,0.0,0.0,6,1449,0.5432616881079385,0.5576822508105846,0.18641360301676208,54.898461822622416,48.898461822622416,0.5247479376718607,True
장애인을 위한 세상의 빛 음악회,서양음악(클래식),경인,고양아람누리,0.8247,1,1195.0,1195.0,0.0,0.0,6,1449,0.5432616881079385,0.5576822508105846,0.18641360301676208,54.898461822622416,48.898461822622416,0.5247479376718607,True
제12회 바로크오라토리오 합창단 정기연주회,서양음악(클래식),경인,고양아람누리,0.8247,1,1195.0,1195.0,0.0,0.0,6,1449,0.5432616881079385,0.5576822508105846,0.18641360301676208,54.898461822622416,48.898461822622416,0.5247479376718607,True
제12회 피델리스 청소년 오케스트라 정기연주회,서양음악(클래식),경인,고양아람누리,0.8247,1,1195.0,1195.0,0.0,0.0,6,1449,0.5432616881079385,0.5576822508105846,0.18641360301676208,54.898461822622416,48.898461822622416,0.5247479376718607,True
제29회 홍익대학교 오케스트라 히아모 정기 가을 연주회,서양음악(클래식),경인,고양아람누리,0.8247,1,1195.0,1195.0,0.0,0.0,6,1449,0.5432616881079385,0.5576822508105846,0.18641360301676208,54.898461822622416,48.898461822622416,0.5247479376718607,True
제8회 대한민국 청소년 교향악축전,서양음악(클래식),경인,고양아람누리,0.8247,1,1195.0,1195.0,0.0,0.0,6,1449,0.5432616881079385,0.5576822508105846,0.18641360301676208,54.898461822622416,48.898461822622416,0.5247479376718607,True
고양페스티벌앙상블 비르투오조 크리스마스 콘서트,서양음악(클래식),경인,고양아람누리,0.8247,1,1195.0,1195.0,0.0,0.0,6,1449,0.5432616881079385,0.5576822508105846,0.18641360301676208,54.898461822622416,48.898461822622416,0.5247479376718607,True
5GO 음악회: 가곡의향기,서양음악(클래식),경인,고양아람누리,0.8247,1,1195.0,1195.0,0.0,0.0,6,1449,0.5432616881079385,0.5576822508105846,0.18641360301676208,54.898461822622416,48.898461822622416,0.5247479376718607,True
제11회 두루여성합창단 정기연주회,서양음악(클래식),경인,고양아람누리,0.8247,1,1195.0,1195.0,0.0,0.0,6,1449,0.5432616881079385,0.5576822508105846,0.18641360301676208,54.898461822622416,48.898461822622416,0.5247479376718607,True
제4회 평화합창제,서양음악(클래식),경인,고양아람누리,0.8247,1,1195.0,1195.0,0.0,0.0,6,1449,0.5432616881079385,0.5576822508105846,0.18641360301676208,54.898461822622416,48.898461822622416,0.5247479376718607,True
하나님의 교회 설립 60주년 기념 희망콘서트 [고양],서양음악(클래식),경인,고양아람누리,0.8247,1,1195.0,1195.0,0.0,0.0,6,1449,0.5432616881079385,0.5576822508105846,0.18641360301676208,54.898461822622416,48.898461822622416,0.5247479376718607,True
제4회 라온제나 여성합창단 정기연주회 [고양],서양음악(클래식),경인,고양아람누리,0.8247,1,1195.0,1195.0,0.0,0.0,6,1449,0.5432616881079385,0.5576822508105846,0.18641360301676208,54.898461822622416,48.898461822622416,0.5247479376718607,True
제17회 고양예술고등학교 정기연주회,서양음악(클래식),경인,고양아람누리,0.8247,1,1195.0,1195.0,0.0,0.0,6,1449,0.5432616881079385,0.5576822508105846,0.18641360301676208,54.898461822622416,48.898461822622416,0.5247479376718607,True
제5회 리즈주니어챔버 정기연주회,서양음악(클래식),경인,고양아람누리,0.8247,1,1195.0,1195.0,0.0,0.0,6,1449,0.5432616881079385,0.5576822508105846,0.18641360301676208,54.898461822622416,48.898461822622416,0.5247479376718607,True
제18회 페스티벌 앙상블 가우디움 정기연주회,서양음악(클래식),경인,고양아람누리,0.8247,1,1195.0,1195.0,0.0,0.0,6,1449,0.5432616881079385,0.5576822508105846,0.18641360301676208,54.898461822622416,48.898461822622416,0.5247479376718607,True
제38회 성균관대학교 오케스트라 정기 봄 연주회,서양음악(클래식),경인,고양아람누리,0.8247,1,1195.0,1195.0,0.0,0.0,6,1449,0.5432616881079385,0.5576822508105846,0.18641360301676208,54.898461822622416,48.898461822622416,0.5247479376718607,True
제9회 서울YMCA 청소년심포니오케스트라 정기연주회,서양음악(클래식),경인,고양아람누리,0.8247,1,1195.0,1195.0,0.0,0.0,6,1449,0.5432616881079385,0.5576822508105846,0.18641360301676208,54.898461822622416,48.898461822622416,0.5247479376718607,True
제10회 윤학원 유스콰이어 합창 대축제,서양음악(클래식),경인,고양아람누리,0.8247,1,1195.0,1195.0,0.0,0.0,6,1449,0.5432616881079385,0.5576822508105846,0.18641360301676208,54.898461822622416,48.898461822622416,0.5247479376718607,True
제3회 솔빛소리합창단 정기연주회,서양음악(클래식),경인,고양아람누리,0.8247,1,1195.0,1195.0,0.0,0.0,6,1449,0.5432616881079385,0.5576822508105846,0.18641360301676208,54.898461822622416,48.898461822622416,0.5247479376718607,True
제9회 엘피스싱어즈 정기연주회,서양음악(클래식),경인,고양아람누리,0.8247,1,1195.0,1195.0,0.0,0.0,6,1449,0.5432616881079385,0.5576822508105846,0.18641360301676208,54.898461822622416,48.898461822622416,0.5247479376718607,True
제13회 피델리스 청소년 오케스트라 정기연주회,서양음악(클래식),경인,고양아람누리,0.8247,1,1195.0,1195.0,0.0,0.0,6,1449,0.5432616881079385,0.5576822508105846,0.18641360301676208,54.898461822622416,48.898461822622416,0.5247479376718607,True
제22회 테헤란밸리 심포니 오케스트라 가을 정기연주회,서양음악(클래식),경인,고양아람누리,0.8247,1,1195.0,1195.0,0.0,0.0,6,1449,0.5432616881079385,0.5576822508105846,0.18641360301676208,54.898461822622416,48.898461822622416,0.5247479376718607,True
제5회 평화합창제 [고양],서양음악(클래식),경인,고양아람누리,0.8247,1,1195.0,1195.0,0.0,0.0,6,1449,0.5432616881079385,0.5576822508105846,0.18641360301676208,54.898461822622416,48.898461822622416,0.5247479376718607,True
ALIVE [고양],서양음악(클래식),경인,고양아람누리,0.8247,1,1195.0,1195.0,0.0,0.0,6,1449,0.5432616881079385,0.5576822508105846,0.18641360301676208,54.898461822622416,48.898461822622416,0.5247479376718607,True
"이지연 재즈 오케스트라 콘서트, 비추다",대중음악,경인,고양아람누리,0.8247,1,1195.0,1195.0,0.0,0.0,6,1449,0.5432616881079385,0.5576822508105846,0.18641360301676208,54.898461822622416,48.898461822622416,0.5247479376718607,True
제15회 일산여성합창단 정기연주회,서양음악(클래식),경인,고양아람누리,0.8247,1,1195.0,1195.0,0.0,0.0,6,1449,0.5432616881079385,0.5576822508105846,0.18641360301676208,54.898461822622416,48.898461822622416,0.5247479376718607,True
제4회 꿈을 품은 하모니,서양음악(클래식),경인,고양아람누리,0.8247,1,1195.0,1195.0,0.0,0.0,6,1449,0.5432616881079385,0.5576822508105846,0.18641360301676208,54.898461822622416,48.898461822622416,0.5247479376718607,True
24세대공감음악회,서양음악(클래식),경인,고양아람누리,0.8247,1,1195.0,1195.0,0.0,0.0,6,1449,0.5432616881079385,0.5576822508105846,0.18641360301676208,54.898461822622416,48.898461822622416,0.5247479376718607,True
제31회 고양시남성합창단 정기연주회,서양음악(클래식),경인,고양아람누리,0.8247,1,1195.0,1195.0,0.0,0.0,6,1449,0.5432616881079385,0.5576822508105846,0.18641360301676208,54.898461822622416,48.898461822622416,0.5247479376718607,True
제6회 고양울림청소년오케스트라 정기연주회,서양음악(클래식),경인,고양아람누리,0.8247,1,1195.0,1195.0,0.0,0.0,6,1449,0.5432616881079385,0.5576822508105846,0.18641360301676208,54.898461822622416,48.898461822622416,0.5247479376718607,True
제26회 국민대학교 아마추어 오케스트라 KookHWA 정기연주회: Espoir!,서양음악(클래식),경인,고양아람누리,0.8247,1,1195.0,1195.0,0.0,0.0,6,1449,0.5432616881079385,0.5576822508105846,0.18641360301676208,54.898461822622416,48.898461822622416,0.5247479376718607,True
제13회 바로크오라토리오 합창단 정기연주회 [고양],서양음악(클래식),경인,고양아람누리,0.8247,1,1195.0,1195.0,0.0,0.0,6,1449,0.5432616881079385,0.5576822508105846,0.18641360301676208,54.898461822622416,48.898461822622416,0.5247479376718607,True
제16회 일산여성합창단 정기연주회 [고양],서양음악(클래식),경인,고양아람누리,0.8247,1,1195.0,1195.0,0.0,0.0,6,1449,0.5432616881079385,0.5576822508105846,0.18641360301676208,54.898461822622416,48.898461822622416,0.5247479376718607,True
제25회 광성필하모닉 오케스트라 정기연주회,서양음악(클래식),경인,고양아람누리,0.8247,1,1195.0,1195.0,0.0,0.0,6,1449,0.5432616881079385,0.5576822508105846,0.18641360301676208,54.898461822622416,48.898461822622416,0.5247479376718607,True
제29회 할레우스합창단 정기연주회 [고양],서양음악(클래식),경인,고양아람누리,0.8247,1,1195.0,1195.0,0.0,0.0,6,1449,0.5432616881079385,0.5576822508105846,0.18641360301676208,54.898461822622416,48.898461822622416,0.5247479376718607,True
제30회 고양시남성합창단 정기연주회,서양음악(클래식),경인,고양아람누리,0.8247,1,1195.0,1195.0,0.0,0.0,6,1449,0.5432616881079385,0.5576822508105846,0.18641360301676208,54.898461822622416,48.898461822622416,0.5247479376718607,True
제18회 고양예술고등학교 정기연주회: Harmony,서양음악(클래식),경인,고양아람누리,0.8247,1,1195.0,1195.0,0.0,0.0,6,1449,0.5432616881079385,0.5576822508105846,0.18641360301676208,54.898461822622416,48.898461822622416,0.5247479376718607,True
"클래식 마중, 힐링콘서트 [대구]",서양음악(클래식),영남,대구학생문화센터,0.9874,1,157.0,157.0,0.0,0.0,2,159,0.767375274552871,0.2829881811525991,0.18641360301676208,51.4887087030847,48.893159332689514,0.5073170731707317,True
"클래식 마중, 힐링콘서트: 교직원 마음채움 [대구]",서양음악(클래식),영남,대구학생문화센터,0.9874,1,157.0,157.0,0.0,0.0,2,159,0.767375274552871,0.2829881811525991,0.18641360301676208,51.4887087030847,48.893159332689514,0.5073170731707317,True
제2회 대구교육뮤지컬연구회 앙상블 갈라쇼,뮤지컬,영남,대구학생문화센터,0.9874,1,157.0,157.0,0.0,0.0,2,159,0.767375274552871,0.2829881811525991,0.18641360301676208,51.4887087030847,48.893159332689514,0.5073170731707317,True
"제31회 젊은연극제, 민중의 적",연극,서울,서강대 메리홀,0.55634286,7,474.0,67.71,0.0,0.0,1,172,0.3276330927727225,0.6396611233134609,0.18641360301676208,42.81664552542743,48.81664552542743,0.59,True
크리에이티브댄스페스티벌 [대구],무용(서양/한국무용),영남,봉산문화회관,1.0,1,80.0,80.0,0.0,0.0,2,80,0.8992913921137956,0.22215641669281458,0.18641360301676208,51.40481571681873,48.80926634642355,0.5053658536585366,True
"아싸(outsider) 악기들의 장기자랑, 아하~ 이 악기!",서양음악(클래식),제주,김정문화회관,0.9273,1,306.0,306.0,0.0,0.0,7,330,0.6639865076874804,0.3699403828051459,0.18641360301676208,52.54703907154427,48.79636372434235,0.5652173913043478,True
"요리조리 토리씨, 놀기 좋아하는 토리와 선녀의 신나는 모험 이야기",연극,영남,김천시립율곡도서관,0.8728,1,405.0,405.0,0.0,0.0,2,464,0.5912299968622529,0.41577763832235126,0.18641360301676208,51.356844006118074,48.76129463572289,0.504390243902439,True
광주국악상설공연 (3월),한국음악(국악),호남,광주공연마루,0.5096087,23,2016.0,87.65,0.0,0.0,6,172,0.2962556217968832,0.7879824286162537,0.18641360301676208,43.81336135564627,48.76010685509384,0.49736842105263157,True
"다노네, 다노세",한국음악(국악),기타,강릉단오제전수교육관 (구. 단오문화관),0.61513333,3,836.0,278.67,0.0,0.0,5,453,0.36703796673988076,0.6834862985043406,0.18641360301676208,47.067216933571174,48.75514535762927,0.6646341463414634,True
"강동예술인페스티벌, 구립무용단",무용(서양/한국무용),서울,강동아트센터,0.808,1,202.0,202.0,0.0,0.0,7,250,0.5285404246417739,0.3108997489802322,0.18641360301676208,42.745959912108624,48.745959912108624,0.5890909090909091,True
"춤으로 만나는 품바, 얼씨구! [충주]",무용(서양/한국무용),충청,충주시문화회관,0.6749,2,1200.0,600.0,0.0,0.0,1,889,0.4179871352368999,0.7116253529965484,0.18641360301676208,51.71283104419248,48.73981269917658,0.5753424657534246,True
"전국풍류자랑, 비탈 [용인]",한국음악(국악),경인,용인시평생학습관 (여성회관),0.8948,1,536.0,536.0,0.0,0.0,5,599,0.6145016211693337,0.45924850957012864,0.18641360301676208,54.69314812673465,48.69314812673465,0.5050412465627865,True
12 첼로와 함께하는 가을밤의 클래식 [하남],서양음악(클래식),경인,하남문화예술회관,0.9465,1,336.0,336.0,0.0,0.0,4,355,0.6948410208137225,0.38179714465014125,0.18641360301676208,54.68451192124196,48.68451192124196,0.5041246562786434,True
"라인예술단, 푸치니 콘서트 오페라 [가평]",서양음악(클래식),경인,음악역 1939,0.9843,1,250.0,250.0,0.0,0.0,6,254,0.7560009413241293,0.3364004811212216,0.18641360301676208,54.68346743771602,48.68346743771602,0.5032080659945004,True
"비원뮤직홀 로맨틱 시리즈, EZ클래식: 더 뉴에이지",서양음악(클래식),영남,비원뮤직홀,0.97,1,194.0,194.0,0.0,0.0,4,200,0.7297484572743437,0.30198723982846987,0.18641360301676208,51.2742537573902,48.678704386995015,0.5034146341463415,True
"꿈의 댄스팀 영덕, 첫번째 이야기: 어린오리 몸으로 그리다",무용(서양/한국무용),영남,예주문화예술회관,0.987,1,152.0,152.0,0.0,0.0,4,154,0.7662770630687167,0.2805930342014434,0.18641360301676208,51.26987395685265,48.674324586457466,0.5024390243902439,True
제11회 뉴하얀뮤직 정기연주회,서양음악(클래식),경인,보노마루,0.7882,3,480.0,160.0,0.0,0.0,1,203,0.5095962765401109,0.6067906076770212,0.18641360301676208,54.645107869268884,48.645107869268884,0.5022914757103575,True
야류별곡(野遊別曲) [강릉],무용(서양/한국무용),기타,강릉아트센터(구. 강릉문화예술관),0.715,1,695.0,695.0,0.0,0.0,7,972,0.4513910678799289,0.49767806714778784,0.18641360301676208,46.936551403993676,48.62447982805177,0.6585365853658537,True
"ACC 수요극장, 늙은 부부이야기",연극,호남,국립아시아문화전당,0.8266,1,205.0,205.0,0.0,0.0,6,248,0.5461379562807238,0.3121535404246418,0.18641360301676208,43.664523230967916,48.61126873041548,0.4934210526315789,True
"ACC 수요극장, 천년의 노래",한국음악(국악),호남,국립아시아문화전당,0.8266,1,205.0,205.0,0.0,0.0,6,248,0.5461379562807238,0.3121535404246418,0.18641360301676208,43.664523230967916,48.61126873041548,0.4934210526315789,True
광주예술의전당 발레교실 작품발표회,무용(서양/한국무용),호남,예술의 전당 [광주] (구. 광주문화예술회관),0.7262,1,366.0,366.0,0.0,0.0,8,504,0.4631837673883485,0.39930185127078754,0.18641360301676208,43.64882205725152,48.59556755669909,0.48947368421052634,True
온세대 어울림 합창제 [대구],서양음악(클래식),영남,수성아트피아,0.7791,1,903.0,903.0,0.0,0.0,3,1159,0.5036868528396611,0.5241331973642924,0.18641360301676208,51.17678933378825,48.58123996339307,0.5014634146341463,True
물속 골리앗 [구리],무용(서양/한국무용),경인,구리아트홀,0.8917,1,535.0,535.0,0.0,0.0,8,600,0.6121613847923857,0.45903540424641776,0.18641360301676208,54.55794851236412,48.55794851236412,0.5013748854262144,True
응답하라! 우리들의 1990 [부산],서양음악(클래식),영남,영도문화예술회관,0.8785,1,376.0,376.0,0.0,0.0,3,428,0.5987605898964543,0.40372476728375695,0.18641360301676208,51.14298609889081,48.547436728495626,0.5004878048780488,True
마고할망이 들려주는 자청비 이야기,뮤지컬,제주,김정문화회관,0.75455,2,498.0,249.0,0.0,0.0,7,330,0.48669072272774816,0.5818010668340132,0.18641360301676208,52.271100777086865,48.520425429884945,0.5543478260869565,True
세대공감 하모니 콘서트 [대구],서양음악(클래식),영남,대구오페라하우스,0.753,1,1122.0,1122.0,0.0,0.0,4,1490,0.4853310323187951,0.5518368894467106,0.18641360301676208,51.091320593440734,48.49577122304555,0.4995121951219512,True
"해설이 있는 음악회, 얼씨구 절씨구",한국음악(국악),영남,온양문화복지센터,0.9291,1,262.0,262.0,0.0,0.0,3,282,0.6668235540215459,0.3408848446815187,0.18641360301676208,50.985846779658885,48.3902974092637,0.49853658536585366,True
강령탈춤,무용(서양/한국무용),서울,서울돈화문국악당,0.8696,1,120.0,120.0,0.0,0.0,6,138,0.5885367639368267,0.2591203848969773,0.18641360301676208,42.39013407742424,48.39013407742424,0.5877272727272728,True
"서울국악축제, 민속가무악",한국음악(국악),서울,서울돈화문국악당,0.8696,1,120.0,120.0,0.0,0.0,6,138,0.5885367639368267,0.2591203848969773,0.18641360301676208,42.39013407742424,48.39013407742424,0.5877272727272728,True
"영산아트홀 스프링콘서트, 이세란 피아노 독주회",서양음악(클래식),서울,영산아트홀,0.689,1,412.0,412.0,0.0,0.0,4,598,0.42715197155109297,0.4184368789875536,0.18641360301676208,42.364436175130464,48.364436175130464,0.5863636363636363,True
"제31회 전국원음합창제, 다 같이 다 함께 [안산]",서양음악(클래식),경인,안산문화예술의전당,0.8093,1,1273.0,1273.0,0.0,0.0,6,1573,0.5293902311473695,0.5653553498588014,0.18641360301676208,54.349325200050735,48.349325200050735,0.5004582951420715,True
"온세대합창페스티벌, 개막공연 [춘천]",서양음악(클래식),기타,춘천문화예술회관,0.7128,1,670.0,670.0,0.0,0.0,3,940,0.448828574416902,0.49443311369103654,0.18641360301676208,46.6542614242355,48.34218984829359,0.6432926829268293,True
제15회 신나는 오케스트라2.0 정기연주회,서양음악(클래식),기타,춘천문화예술회관,0.7128,1,670.0,670.0,0.0,0.0,3,940,0.448828574416902,0.49443311369103654,0.18641360301676208,46.6542614242355,48.34218984829359,0.6432926829268293,True
신나는 오케스트라 교류음악회: 꿈의 향연,서양음악(클래식),기타,춘천문화예술회관,0.7128,1,670.0,670.0,0.0,0.0,3,940,0.448828574416902,0.49443311369103654,0.18641360301676208,46.6542614242355,48.34218984829359,0.6432926829268293,True
"온세대합창페스티벌, 개막공연",서양음악(클래식),기타,춘천문화예술회관,0.7128,1,670.0,670.0,0.0,0.0,3,940,0.448828574416902,0.49443311369103654,0.18641360301676208,46.6542614242355,48.34218984829359,0.6432926829268293,True
"실내악시리즈 NO.1 리움챔버오케스라, 클라리렛 퀸텟",서양음악(클래식),경인,솔가람아트홀,0.9667,1,290.0,290.0,0.0,0.0,4,300,0.7231722623156573,0.35381367011818843,0.18641360301676208,54.33190085377967,48.33190085377967,0.4995417048579285,True
현륭원의 약속 [수원],무용(서양/한국무용),경인,경기아트센터(구. 경기도문화의전당),0.9064,1,455.0,455.0,0.0,0.0,4,502,0.6320076351846041,0.4329084300805355,0.18641360301676208,54.32400895840732,48.32400895840732,0.4986251145737855,True
천안교육지원청 스쿨클래식 콘서트,서양음악(클래식),충청,천안예술의전당,0.64255,2,2110.0,1055.0,0.0,0.0,3,1642,0.39206149984311267,0.766810480075306,0.18641360301676208,51.27288255528808,48.29986421027218,0.5707762557077626,True
팝스 콘서트 [남양주],대중음악,경인,다산아트홀,0.9073,1,450.0,450.0,0.0,0.0,3,496,0.6330666248300387,0.4308505909423701,0.18641360301676208,54.27506198240264,48.27506198240264,0.4977085242896425,True
신진연극인페스티벌 8,연극,서울,소극장 플랫폼74,0.5714,8,320.0,40.0,0.0,0.0,0,70,0.3364057106997176,0.5948384060244745,0.18641360301676208,42.254952344545416,48.254952344545416,0.5854545454545454,True
"아르코 댄스 & 커넥션, 정철인 & 이진형: 어떤 힘 (Invisible Forces)",무용(서양/한국무용),서울,아르코예술극장,0.6727,2,148.0,74.0,0.0,0.0,2,110,0.4167058885053865,0.4291182930655789,0.18641360301676208,42.16271744592847,48.16271744592847,0.5845454545454546,True
별주부전: 토끼와 자라,연극,경인,파주시민회관,0.9636,1,291.0,291.0,0.0,0.0,5,302,0.7186486769166405,0.3543784645957536,0.18641360301676208,54.16227614279311,48.16227614279311,0.49679193400549954,True
SBS Gayo Daejeon,대중음악,경인,인스파이어,0.7551,1,11327.0,11327.0,0.0,0.0,0,15000,0.4868606840288673,0.6355127601715302,0.18641360301676208,54.16173063424142,48.16173063424142,0.49587534372135655,True
이건명의 갈라콘서트 [계룡],뮤지컬,충청,계룡문화예술의전당,0.8217,1,590.0,590.0,0.0,0.0,2,718,0.5400193494404351,0.47097191716347664,0.18641360301676208,51.12620977107297,48.15319142605708,0.5639269406392694,True
"정전70주년 주제공연, 갬블러크루 X 고블린파티: 여름을 덮다",대중무용,충청,계룡문화예술의전당,0.8217,1,590.0,590.0,0.0,0.0,2,718,0.5400193494404351,0.47097191716347664,0.18641360301676208,51.12620977107297,48.15319142605708,0.5639269406392694,True
"문학시어터 화요수업, MUSICAL With ME 1기 발표공연",뮤지컬,경인,문학시어터,1.0,1,111.0,111.0,0.0,0.0,3,111,0.8992913921137956,0.252929871352369,0.18641360301676208,54.142750071959036,48.142750071959036,0.49495875343721357,True
"어울림 콘서트, 클래식 애호가들과 함께하는 봄날의 하모니",서양음악(클래식),서울,꿈의숲아트센터,0.7741,1,233.0,233.0,0.0,0.0,8,301,0.5001307394623993,0.3259099466582993,0.18641360301676208,42.139480287002456,48.139480287002456,0.5836363636363636,True
"ACC 수요극장, 국립무용단: 묵향",무용(서양/한국무용),호남,국립아시아문화전당,0.8185,1,203.0,203.0,0.0,0.0,6,248,0.5372738207300491,0.31129588955130216,0.18641360301676208,43.19035385717489,48.13709935662246,0.4855263157894737,True
"ACC 수요극장, 심청",무용(서양/한국무용),호남,국립아시아문화전당,0.8185,1,203.0,203.0,0.0,0.0,6,248,0.5372738207300491,0.31129588955130216,0.18641360301676208,43.19035385717489,48.13709935662246,0.4855263157894737,True
"해피컬처페스티벌, 점프",뮤지컬,영남,안동문화예술의전당,0.65495,2,1302.0,651.0,0.0,0.0,7,994,0.4007164522539483,0.7223590628595334,0.18641360301676208,50.72283913787007,48.127289767474885,0.4975609756097561,True
낭만재즈,대중음악,기타,철원군 화강문화센터,0.8362,1,291.0,291.0,0.0,0.0,6,348,0.5554073841648363,0.3543784645957536,0.18641360301676208,46.403839768355795,48.09176819241389,0.6280487804878049,True
제4회 JL 체임버콰이어 정기연주회,서양음악(클래식),경인,성남아트센터,0.833,1,918.0,918.0,0.0,0.0,7,1102,0.5511060558518983,0.5259413241292752,0.18641360301676208,54.08988127201562,48.08988127201562,0.4940421631530706,True
"가람도서관 개관 10주년 기념 음악회, 가람콰이어: 오월 음악회",서양음악(클래식),경인,솔가람아트홀,0.9633,1,289.0,289.0,0.0,0.0,4,300,0.7176942788411254,0.3532841752954712,0.18641360301676208,54.05219866612529,48.05219866612529,0.4931255728689276,True
"제20회 DIOF 카메라타 창작오페라 콘체르탄테, 264, 그 한 개의 별",서양음악(클래식),영남,대구오페라하우스,0.7456,1,1111.0,1111.0,0.0,0.0,4,1490,0.4790686120698672,0.5500209183139839,0.18641360301676208,50.62794657866624,48.03239720827106,0.49658536585365853,True
제3회 AS클라리넷콰이어 정기연주회,서양음악(클래식),서울,꿈의숲아트센터,0.7708,1,232.0,232.0,0.0,0.0,8,301,0.4971237318272147,0.3255438761635812,0.18641360301676208,41.96840939539746,47.96840939539746,0.5822727272727273,True
한중 국제음악협회 창단연주회,서양음악(클래식),서울,꿈의숲아트센터,0.7708,1,232.0,232.0,0.0,0.0,8,301,0.4971237318272147,0.3255438761635812,0.18641360301676208,41.96840939539746,47.96840939539746,0.5822727272727273,True
"모두페스티벌, 우리는 꿈을 위해 달려간다. 돈키호테처럼 [대구]",연극,영남,소극장 함세상,1.0,1,70.0,70.0,0.0,0.0,3,70,0.8992913921137956,0.2124790816860161,0.18641360301676208,50.49713446635609,47.901585095960904,0.49560975609756097,True
"예술 가곡의 밤 시리즈Ⅱ, 독일 가곡의 밤",서양음악(클래식),영남,비원뮤직홀,0.96,1,192.0,192.0,0.0,0.0,4,200,0.7128438447861103,0.3006994561238364,0.18641360301676208,50.471905284285235,47.87635591389005,0.4946341463414634,True
꿈을 실은 스쿨버스,서양음악(클래식),영남,(재)영화의전당,0.6611,2,1112.0,556.0,0.0,0.0,8,841,0.4054492207928041,0.7009334797615313,0.18641360301676208,50.46991854450944,47.87436917411426,0.49365853658536585,True
말로 재즈 콘서트,대중음악,영남,부산학생예술문화회관,0.7758,1,775.0,775.0,0.0,0.0,5,999,0.501555799602552,0.5092694278841126,0.18641360301676208,50.46271308081476,47.867163710419575,0.4926829268292683,True
"전남도립국악단, 고 김대중 전 대통령 탄신 100주년 기념공연: 인동초의 봄",한국음악(국악),호남,남도소리울림터,0.7043,1,393.0,393.0,0.0,0.0,1,558,0.4410887982428616,0.41108409162221526,0.18641360301676208,42.883269111757485,47.83001461120505,0.48157894736842105,True
제27회 춘천시립청소년교향악단 정기연주회,서양음악(클래식),기타,춘천문화예술회관,0.7032,1,661.0,661.0,0.0,0.0,3,940,0.44016054805982635,0.49319762577136284,0.18641360301676208,46.06542254576142,47.753350969819515,0.6219512195121951,True
"제32회 젊은연극제, 사천의 선인",연극,경인,대진대학교,0.72045,10,682.0,68.2,0.0,0.0,7,172,0.4561499843112645,0.6868907541052192,0.18641360301676208,53.73034965593432,47.73034965593432,0.4922089825847846,True
"토요일 토요일은 클래식 2, 음악사 하이라이트",서양음악(클래식),제주,김정문화회관,0.9152,1,302.0,302.0,0.0,0.0,7,330,0.6464151239410103,0.36578809747934315,0.18641360301676208,51.47528184714313,47.72460649994121,0.5434782608695652,True
제2회 하남시립합창단 기획연주회,서양음악(클래식),경인,하남문화예술회관,0.8397,1,765.0,765.0,0.0,0.0,4,911,0.5577606944880242,0.5077332392009204,0.18641360301676208,53.71838927403837,47.71838927403837,0.4912923923006416,True
"국립합창단, 흥겨운 합창여행",서양음악(클래식),기타,강릉아트센터 (구. 강릉문화예술관),0.7006,1,681.0,681.0,0.0,0.0,7,802,0.43793797719903776,0.4959313879301328,0.18641360301676208,46.02737457861902,47.71530300267711,0.6067073170731707,True
"국립합창단, 흥겨운 합창여행",서양음악(클래식),기타,강릉아트센터 (구. 강릉문화예술관),0.7006,1,681.0,681.0,0.0,0.0,7,972,0.43793797719903776,0.4959313879301328,0.18641360301676208,46.02737457861902,47.71530300267711,0.6067073170731707,True
"국립심포니오케스트라: The New Year, New Energy & New Generation [강릉]",서양음악(클래식),기타,강릉아트센터 (구. 강릉문화예술관),0.7006,1,681.0,681.0,0.0,0.0,7,972,0.43793797719903776,0.4959313879301328,0.18641360301676208,46.02737457861902,47.71530300267711,0.6067073170731707,True
"한국예술종합학교 전통예술원, 전통연희 & 전통무용 [강릉]",한국음악(국악),기타,강릉아트센터 (구. 강릉문화예술관),0.7006,1,681.0,681.0,0.0,0.0,7,972,0.43793797719903776,0.4959313879301328,0.18641360301676208,46.02737457861902,47.71530300267711,0.6067073170731707,True
제28회 춘천시립청소년교향악단 정기연주회,서양음악(클래식),기타,춘천문화예술회관,0.7021,1,660.0,660.0,0.0,0.0,3,940,0.4392845936617509,0.4928407070390127,0.18641360301676208,45.99707465717952,47.68500308123761,0.5762195121951219,True
제26회 춘천시립청소년교향악단 정기연주회,서양음악(클래식),기타,춘천문화예술회관,0.7021,1,660.0,660.0,0.0,0.0,3,940,0.4392845936617509,0.4928407070390127,0.18641360301676208,45.99707465717952,47.68500308123761,0.5762195121951219,True
제30회 춘천시립청소년합창단 정기연주회: 노래 어때? 게임 어때?,서양음악(클래식),기타,춘천문화예술회관,0.7021,1,660.0,660.0,0.0,0.0,3,940,0.4392845936617509,0.4928407070390127,0.18641360301676208,45.99707465717952,47.68500308123761,0.5762195121951219,True
제29회 춘천시립청소년합창단 정기연주회: 사랑의 노래,서양음악(클래식),기타,춘천문화예술회관,0.7021,1,660.0,660.0,0.0,0.0,3,940,0.4392845936617509,0.4928407070390127,0.18641360301676208,45.99707465717952,47.68500308123761,0.5762195121951219,True
춘천시립청소년교향악단 특별연주회: DREAMS COME TRUE,서양음악(클래식),기타,춘천문화예술회관,0.7021,1,660.0,660.0,0.0,0.0,3,940,0.4392845936617509,0.4928407070390127,0.18641360301676208,45.99707465717952,47.68500308123761,0.5762195121951219,True
제29회 춘천시립청소년교향악단 정기연주회: 칼리니코프의 가을정경,서양음악(클래식),기타,춘천문화예술회관,0.7021,1,660.0,660.0,0.0,0.0,3,940,0.4392845936617509,0.4928407070390127,0.18641360301676208,45.99707465717952,47.68500308123761,0.5762195121951219,True
뚜껑 없는 열차 [논산],연극,충청,논산아트센터(구. 논산문화예술회관),0.9763,1,165.0,165.0,0.0,0.0,5,169,0.7394754732768539,0.2870371823031064,0.18641360301676208,50.644178130591435,47.67115978557554,0.5570776255707762,True
꿈소풍,서양음악(클래식),경인,성남아트센터,0.6763,2,2440.0,1220.0,0.0,0.0,7,1804,0.418941533312415,0.7774918941533312,0.18641360301676208,53.65008306364872,47.65008306364872,0.4903758020164986,True
제1247회 30주년기념 특별 금요음악회,서양음악(클래식),서울,서초문화예술회관(구. 서초구민회관),0.6609,1,456.0,456.0,0.0,0.0,6,690,0.405279259491685,0.433405240037653,0.18641360301676208,41.63037188595338,47.63037188595338,0.5809090909090909,True
"서울국악축제, 국악의 정수: 국악대제전 2. 상자루 & 4인놀이",한국음악(국악),서울,서울돈화문국악당,0.8551,1,118.0,118.0,0.0,0.0,6,138,0.5739070180943416,0.25710438238677963,0.18641360301676208,41.62446965207556,47.62446965207556,0.5795454545454546,True
"서울국악축제, 월드뮤직그룹 공명",한국음악(국악),서울,서울돈화문국악당,0.8551,1,118.0,118.0,0.0,0.0,6,138,0.5739070180943416,0.25710438238677963,0.18641360301676208,41.62446965207556,47.62446965207556,0.5795454545454546,True
가시나무 새 [목포],뮤지컬,호남,목포문화예술회관,0.6762,1,472.0,472.0,0.0,0.0,6,698,0.41891538541993517,0.437492155632256,0.18641360301676208,42.624951190898585,47.57169669034615,0.4789473684210526,True
제12회 아산 온궁오케스트라 정기연주회 Ⅹ 이 솔리스티 비르투오지,서양음악(클래식),충청,아산시 평생학습관 (여성회관 아산아트홀),0.8487,1,432.0,432.0,0.0,0.0,4,509,0.5672785273506955,0.4250431440225918,0.18641360301676208,50.54183587353296,47.568817528517066,0.5525114155251142,True
양양문화재단 송년음악회,서양음악(클래식),기타,양양문화복지회관,0.7955,1,350.0,350.0,0.0,0.0,2,440,0.5136230519820103,0.38706333019558625,0.18641360301676208,45.86691344396795,47.554841868026045,0.5548780487804879,True
"영도에서 떠나는 유럽예술여행 Ⅳ, 토요렉처콘서트: 사람",서양음악(클래식),영남,영도문화예술회관,0.8621,1,369.0,369.0,0.0,0.0,3,428,0.5812807237736638,0.4006615416797406,0.18641360301676208,50.089029359421,47.493479989025815,0.4917073170731707,True
"삼성전자와 함께하는 축하콘서트, 강원도립무용단",무용(서양/한국무용),기타,강릉아트센터(구. 강릉문화예술관),0.6975,1,678.0,678.0,0.0,0.0,7,972,0.43363664888609976,0.4954411149461354,0.18641360301676208,45.73749820770356,47.42542663176165,0.5487804878048781,True
"국가무형문화재 전승자 춤전, 권명주 느루 무용단: 眞心진심 X 盡心진심",무용(서양/한국무용),경인,성남아트센터,0.9259,1,350.0,350.0,0.0,0.0,7,378,0.6619992678590105,0.38706333019558625,0.18641360301676208,53.4105828166969,47.4105828166969,0.48716773602199814,True
제3회 버디색소폰앙상블 정기연주회 [성남],서양음악(클래식),경인,성남아트센터,0.9259,1,350.0,350.0,0.0,0.0,7,378,0.6619992678590105,0.38706333019558625,0.18641360301676208,53.4105828166969,47.4105828166969,0.48716773602199814,True
제4회 버디색소폰앙상블 정기연주회,서양음악(클래식),경인,성남아트센터,0.9259,1,350.0,350.0,0.0,0.0,7,378,0.6619992678590105,0.38706333019558625,0.18641360301676208,53.4105828166969,47.4105828166969,0.48716773602199814,True
제38회 성남무용제,무용(서양/한국무용),경인,성남아트센터,0.9259,1,350.0,350.0,0.0,0.0,7,378,0.6619992678590105,0.38706333019558625,0.18641360301676208,53.4105828166969,47.4105828166969,0.48716773602199814,True
"제37회 성남문화예술제, 무용제",무용(서양/한국무용),경인,성남아트센터,0.9259,1,350.0,350.0,0.0,0.0,7,378,0.6619992678590105,0.38706333019558625,0.18641360301676208,53.4105828166969,47.4105828166969,0.48716773602199814,True
"월드비전 합창단 지역반 정기연주회, 혹부리 영감과 노래 주머니",서양음악(클래식),경인,성남아트센터,0.9259,1,350.0,350.0,0.0,0.0,7,378,0.6619992678590105,0.38706333019558625,0.18641360301676208,53.4105828166969,47.4105828166969,0.48716773602199814,True
내일을 위한 음악 Ⅰ,한국음악(국악),서울,서울돈화문국악당,0.8478,1,117.0,117.0,0.0,0.0,6,138,0.5661933898127811,0.2566598682146219,0.18641360301676208,41.25931977177375,47.25931977177375,0.5781818181818181,True
KBS대구 클래식 FM 포시즌 특집: 봄,서양음악(클래식),영남,대구콘서트하우스,0.7445,1,956.0,956.0,0.0,0.0,7,1284,0.4786894676289091,0.5297236167764878,0.18641360301676208,49.848495757792215,47.25294638739703,0.49073170731707316,True
파주필하모닉오케스트라 송년음악회,서양음악(클래식),경인,파주운정행복센터,0.8881,1,476.0,476.0,0.0,0.0,9,536,0.6062127392532162,0.43841779102604334,0.18641360301676208,53.251310851731326,47.251310851731326,0.48395967002749773,True
제2회 아트밸리 아산 오페라 갈라 콘서트,서양음악(클래식),충청,경찰인재개발원,0.7261,1,1307.0,1307.0,0.0,0.0,0,1800,0.4631445455496287,0.5671412509151763,0.18641360301676208,50.223436648826834,47.25041830381094,0.547945205479452,True
테너 이현의 오페라 만찬! [당진],서양음악(클래식),충청,당진문예의전당,0.9133,1,274.0,274.0,0.0,0.0,5,300,0.6450423595858173,0.3449011609664261,0.18641360301676208,50.21469206364767,47.24167371863177,0.54337899543379,True
"제2회 김제시 & 동해시 시립합창단 음악회, 지평선과 수평선의 만남",서양음악(클래식),호남,김제문화예술회관,0.7131,1,348.0,348.0,0.0,0.0,4,488,0.4490769793954607,0.3862331346093505,0.18641360301676208,42.27973798099271,47.22648348044027,0.4763157894736842,True
시인의 사랑 [제주],연극,제주,BeIN(비인),0.9868,1,149.0,149.0,0.0,0.0,1,151,0.7646951155736847,0.2771336680263571,0.18641360301676208,50.952876375201996,47.202201028000076,0.532608695652174,True
"코리안 아츠, 문화피크닉 [파주]",서양음악(클래식),경인,솔가람아트홀,0.95,1,285.0,285.0,0.0,0.0,4,300,0.7009988494927308,0.3517218387197992,0.18641360301676208,53.199814388319425,47.199814388319425,0.4830430797433547,True
어린왕자의 쓰레기 별 여행,뮤지컬,경인,청학아트홀,0.8108,2,360.0,180.0,0.0,0.0,1,222,0.530475368685284,0.533963497542098,0.18641360301676208,53.18678775056246,47.18678775056246,0.4821264894592117,True
제2회 정기연주회 Amicizia,서양음악(클래식),서울,꿈의숲아트센터,0.7508,1,226.0,226.0,0.0,0.0,8,301,0.4845073737056793,0.32271859638113165,0.18641360301676208,41.182227305327515,47.182227305327515,0.5772727272727273,True
"부산학생예술문화회관 교직원 초청 공연, 부산광역시교육청 신년음악회: 새로운 시작, 희망 부산교육",서양음악(클래식),영남,부산학생예술문화회관,0.7628,1,762.0,762.0,0.0,0.0,5,999,0.4915019349440435,0.5072102813513231,0.18641360301676208,49.77260350990716,47.177054139511974,0.4897560975609756,True
"ACC 수요극장, 카발레리아 루스티카나",서양음악(클래식),호남,국립아시아문화전당,0.8024,1,199.0,199.0,0.0,0.0,6,248,0.5248274239096329,0.3045811107624726,0.18641360301676208,42.21736259952656,47.164108098974125,0.47368421052631576,True
"제5회 선릉아트홀 좌창시리즈, 김혜란의 민요: 우리소리 경기좌창",한국음악(국악),서울,선릉아트홀(구. 아트홀 가얏고을),0.9091,1,70.0,70.0,0.0,0.0,5,77,0.6391198619391277,0.2124790816860161,0.18641360301676208,41.14109635582088,47.14109635582088,0.5754545454545454,True
"제6회 선릉아트홀 2인전통음악축제, I AM YOU: 김한나X박성미, 이채현X임정완",한국음악(국악),서울,선릉아트홀(구. 아트홀 가얏고을),0.9091,1,70.0,70.0,0.0,0.0,5,77,0.6391198619391277,0.2124790816860161,0.18641360301676208,41.14109635582088,47.14109635582088,0.5754545454545454,True
"명창의 숨소리: 춘향가 모보경 명창, 조용수 명고",한국음악(국악),서울,선릉아트홀(구. 아트홀 가얏고을),0.9091,1,70.0,70.0,0.0,0.0,5,77,0.6391198619391277,0.2124790816860161,0.18641360301676208,41.14109635582088,47.14109635582088,0.5754545454545454,True
"제11회 실험무대702 정기공연, H",연극,서울,실험무대702,0.54333333,12,326.0,27.17,0.0,0.0,0,50,0.31832444304989016,0.6022369522016525,0.18641360301676208,41.0798597824304,47.0798597824304,0.5736363636363636,True
거인 앙갈로 [진접읍주민자치센터],연극,경인,진접읍주민자치센터,0.75,2,600.0,300.0,0.0,0.0,3,400,0.4829123522644075,0.6113691036502458,0.18641360301676208,53.06918076818714,47.06918076818714,0.48120989917506873,True
굴다리 연가 [김천],뮤지컬,영남,김천시립문화회관,0.6983,2,588.0,294.0,0.0,0.0,5,421,0.43444723355297565,0.605280566886309,0.18641360301676208,49.60722276177902,47.01167339138384,0.48878048780487804,True
제20회 서구립소년소녀합창단 정기연주회: 어린왕자와 노래별,서양음악(클래식),경인,청라복합문화센터 블루노바홀,0.893,1,434.0,434.0,0.0,0.0,4,486,0.6130111912979814,0.4257426001464282,0.18641360301676208,52.983407467586815,46.983407467586815,0.48029330889092575,True
제16회 인천학생교육문화회관 청소년오케스트라 정기연주회,서양음악(클래식),경인,아트센터 인천,0.7811,1,1349.0,1349.0,0.0,0.0,6,1727,0.5052557263884531,0.5686761322037444,0.18641360301676208,52.9727777772108,46.9727777772108,0.47937671860678277,True
임차인,연극,서울,여행자극장,0.568,5,284.0,56.8,0.0,0.0,0,100,0.33392166091413034,0.5565160548059827,0.18641360301676208,40.9616869567682,46.9616869567682,0.5727272727272728,True
유지숙 소리인생 60: 기원과 덕담,한국음악(국악),서울,국립극장,0.6863,1,350.0,350.0,0.0,0.0,5,510,0.4251778056688631,0.38706333019558625,0.18641360301676208,40.9501185405116,46.9501185405116,0.5718181818181818,True
"창원문화재단과 함께하는 해군음악회, 항해 [창원]",서양음악(클래식),영남,진해문화센터(진해구민회관),0.7604,1,733.0,733.0,0.0,0.0,5,964,0.4903906495136492,0.5030946030749921,0.18641360301676208,49.543327486275594,46.94777811588041,0.4878048780487805,True
All about Jazz,대중음악,호남,광산문화예술회관,0.5556,2,600.0,300.0,0.0,0.0,1,540,0.3268355820520866,0.6113691036502458,0.18641360301676208,41.987401085543034,46.9341465849906,0.4710526315789474,True
빨간코 루돌프와 산타클로스 [남양주],뮤지컬,경인,정약용도서관,0.9375,1,300.0,300.0,0.0,0.0,9,320,0.681270264616672,0.36226597636230523,0.18641360301676208,52.91790949824529,46.91790949824529,0.4784601283226398,True
올 더 웨이 [충주],뮤지컬,충청,충주시문화회관,0.6479,2,1152.0,576.0,0.0,0.0,1,889,0.3957614266290137,0.705081842903462,0.18641360301676208,49.86041513847851,46.887396793462614,0.5388127853881278,True
양산1874 [양산],연극,영남,양산문화예술회관,0.6156,3,1470.0,490.0,0.0,0.0,5,796,0.36796621692291603,0.7628412299968623,0.18641360301676208,49.25591961017108,46.660370239775894,0.4868292682926829,True
제자리,무용(서양/한국무용),서울,모두예술극장,0.59075,2,306.0,153.0,0.0,0.0,0,259,0.34809381863821776,0.512282972492417,0.18641360301676208,40.627654926437174,46.627654926437174,0.5709090909090909,True
제15회 논산시립합창단 정기연주회,서양음악(클래식),충청,논산아트센터(구. 논산문화예술회관),0.8232,1,461.0,461.0,0.0,0.0,5,560,0.5409998954084301,0.4349832653488129,0.18641360301676208,49.580092003867534,46.60707365885164,0.5342465753424658,True
장한나 WITH 디토 오케스트라 오픈 리허설,서양음악(클래식),서울,강동아트센터,0.6235,1,530.0,530.0,0.0,0.0,7,850,0.37438552452672313,0.4574129275180421,0.18641360301676208,40.56157432061684,46.56157432061684,0.57,True
해설이 있는 월드 댄스 페스타 [부안],대중무용,호남,부안예술회관,0.51636667,3,773.0,257.67,0.0,0.0,1,499,0.3013283129379772,0.6747777429139212,0.18641360301676208,41.599514659173174,46.54626015862074,0.46842105263157896,True
"제41회 제물포예술제, 괴물 신드롬",연극,경인,인천수봉문화회관,0.9938,1,159.0,159.0,0.0,0.0,4,160,0.7914574835268278,0.2836183453613639,0.18641360301676208,52.498909394492145,46.498909394492145,0.4775435380384968,True
제41회 하남시립합창단 정기연주회,서양음악(클래식),경인,하남문화예술회관,0.82,1,747.0,747.0,0.0,0.0,4,911,0.5388034724401213,0.5049223407593348,0.18641360301676208,52.49864161617219,46.49864161617219,0.4766269477543538,True
이숙현 작곡 리사이틀 [대구],서양음악(클래식),영남,비원뮤직홀,0.94,1,188.0,188.0,0.0,0.0,4,200,0.6849178956176132,0.29790947599623474,0.18641360301676208,49.092690635210886,46.4971412648157,0.48585365853658535,True
제12회 꿈의 오케스트라 창원 정기연주회 [창원],서양음악(클래식),영남,3.15아트센터,0.7343,1,868.0,868.0,0.0,0.0,4,1182,0.4711588745947077,0.5205535508837988,0.18641360301676208,49.032788325514446,46.43723895511926,0.4848780487804878,True
아이소포스의 네 번째 열쇠,뮤지컬,영남,울산광역시학생교육문화회관,0.64875,2,916.0,458.0,0.0,0.0,2,706,0.39648049367221,0.6741018198933166,0.18641360301676208,49.02564262918919,46.43009325879401,0.48390243902439023,True
제45회 파주시립예술단 정기공연: 미스터 래빗 (앵콜),뮤지컬,경인,파주운정행복센터,0.681,3,1095.0,365.0,0.0,0.0,9,536,0.42187009727016,0.7254484363560297,0.18641360301676208,52.40224163935297,46.40224163935297,0.47571035747021084,True
"ACC 수요극장, 호두까기인형",무용(서양/한국무용),호남,국립아시아문화전당,0.7903,1,196.0,196.0,0.0,0.0,6,248,0.5106814140780254,0.3030462294739044,0.18641360301676208,41.44704621065344,46.393791710101006,0.46578947368421053,True
"남양주시립합창단, 해설이 있는 오페라",서양음악(클래식),경인,다산아트홀,0.7313,2,612.0,306.0,0.0,0.0,2,496,0.46881863821775965,0.617972753896036,0.18641360301676208,52.35891670362476,46.35891670362476,0.4747937671860678,True
"SAC ON SCREEN, 영상으로 만나는 듀오콘서트: 미클로시 페레니 & 피닌 콜린스 듀오 콘서트 [부산]",서양음악(클래식),영남,영도문화예술회관,0.9563,1,153.0,153.0,0.0,0.0,3,160,0.7077580796987762,0.28141407802531115,0.18641360301676208,48.9405932419326,46.34504387153742,0.48292682926829267,True
제5회 띠엠뽀 코럴 정기연주회,서양음악(클래식),경인,안산문화예술의전당,0.838,1,600.0,600.0,0.0,0.0,6,716,0.5565709653801904,0.4761910365024579,0.18641360301676208,52.29074321661557,46.29074321661557,0.4725022914757104,True
제23회 안산경기민요단 정기공연,한국음악(국악),경인,안산문화예술의전당,0.838,1,600.0,600.0,0.0,0.0,6,716,0.5565709653801904,0.4761910365024579,0.18641360301676208,52.29074321661557,46.29074321661557,0.4725022914757104,True
제24회 안산경기민요단 정기공연,한국음악(국악),경인,안산문화예술의전당,0.838,1,600.0,600.0,0.0,0.0,6,716,0.5565709653801904,0.4761910365024579,0.18641360301676208,52.29074321661557,46.29074321661557,0.4725022914757104,True
제3회 위드여성코럴 정기연주회: 초대(招待),서양음악(클래식),경인,안산문화예술의전당,0.838,1,600.0,600.0,0.0,0.0,6,716,0.5565709653801904,0.4761910365024579,0.18641360301676208,52.29074321661557,46.29074321661557,0.4725022914757104,True
마지막 포에티카,연극,서울,실험무대702,0.5525,8,221.0,27.63,0.0,0.0,0,50,0.32420771885786004,0.5580182512289509,0.18641360301676208,40.285927959854206,46.285927959854206,0.5690909090909091,True
채주연 피아노 독주회,서양음악(클래식),서울,세종문화회관,0.6885,1,305.0,305.0,0.0,0.0,3,443,0.42666823554021543,0.36941088798242866,0.18641360301676208,40.27708798896118,46.27708798896118,0.5677272727272727,True
최유리 피아노 독주회,서양음악(클래식),서울,세종문화회관,0.6885,1,305.0,305.0,0.0,0.0,3,443,0.42666823554021543,0.36941088798242866,0.18641360301676208,40.27708798896118,46.27708798896118,0.5677272727272727,True
"경기시나위오케스트라, Bloom in 하남",한국음악(국악),경인,하남문화예술회관,0.8156,1,743.0,743.0,0.0,0.0,4,911,0.5351166196004602,0.5044438343269533,0.18641360301676208,52.26298260622718,46.26298260622718,0.4697525206232814,True
"하남시립합창단 기획연주회, 클래식 합창여행 [하남]",서양음악(클래식),경인,하남문화예술회관,0.8156,1,743.0,743.0,0.0,0.0,4,911,0.5351166196004602,0.5044438343269533,0.18641360301676208,52.26298260622718,46.26298260622718,0.4697525206232814,True
"국립발레단, 해설이 있는 전막발레 해적 [강릉]",무용(서양/한국무용),기타,강릉아트센터 (구. 강릉문화예술관),0.6739,1,655.0,655.0,0.0,0.0,7,972,0.417385733709863,0.49106918732350174,0.18641360301676208,44.543017500704366,46.23094592476246,0.5426829268292683,True
"그렇게 산을 넘는다, 사라지지 않는",연극,서울,씨어터 송,0.554,5,277.0,55.4,0.0,0.0,0,100,0.32501830352473593,0.5534894362514381,0.18641360301676208,40.215032689185406,46.215032689185406,0.5663636363636364,True
청소를 합니다 [홍천],연극,기타,홍천문화예술회관,0.6036,2,600.0,300.0,0.0,0.0,4,497,0.3601087752327162,0.6113691036502458,0.18641360301676208,44.502213980670795,46.19014240472889,0.5365853658536586,True
"제12회 부평구립소년소녀합창단 정기연주회, 피노키오와 파란마녀",서양음악(클래식),경인,부평아트센터,0.8168,1,709.0,709.0,0.0,0.0,10,868,0.5362017571383747,0.49995424118816023,0.18641360301676208,52.13976176428016,46.13976176428016,0.46837763519706693,True
"아침문화살롱, 재즈밴드 다빈치",대중음악,경인,솔가람아트홀,0.9367,1,281.0,281.0,0.0,0.0,4,300,0.6803289404873967,0.3487841229996862,0.18641360301676208,52.07797039169878,46.07797039169878,0.4674610449129239,True
오만방자 전라감사 길들이기 [김해],뮤지컬,영남,김해문화의전당,0.65925,2,712.0,356.0,0.0,0.0,8,540,0.4041941219537705,0.6408534672105428,0.18641360301676208,48.602374934083805,46.00682556368862,0.4819512195121951,True
다산사진관 [남양주],연극,경인,다산아트홀,0.875,1,434.0,434.0,0.0,0.0,3,496,0.5937924903252798,0.4257426001464282,0.18641360301676208,51.98040557630613,45.98040557630613,0.4665444546287809,True
"대진대학교 연기예술학과, 30일간의 야유회",연극,경인,대진대학교,0.815,4,163.0,40.75,0.0,0.0,6,50,0.5348551406756615,0.49785979500052296,0.18641360301676208,51.973806711514,45.973806711514,0.46562786434463793,True
"경남도립극단 순회공연, 빌미 [김해]",연극,영남,김해문화의전당,0.65835,2,711.0,355.5,0.0,0.0,8,540,0.40365809015793325,0.6406861206986717,0.18641360301676208,48.55861855666523,45.96306918627005,0.48097560975609754,True
"스크린콘서트, 뮤지컬의 밤: 하이스쿨 뮤지컬 3",뮤지컬,영남,서울주문화센터,0.8868,1,282.0,282.0,0.0,0.0,3,318,0.604683087543144,0.3493476100826274,0.18641360301676208,48.553417504758286,45.9578681343631,0.48,True
남양주시립합창단 기획연주회: 칸티아모 (6.15),서양음악(클래식),경인,진접읍주민자치센터,0.9,1,360.0,360.0,0.0,0.0,3,400,0.6215877000313774,0.39687663424328,0.18641360301676208,51.94738132808714,45.94738132808714,0.4642529789184235,True
"남양주시립합창단 기획연주회, 힐링하러 가요 (11.16) [남양주]",서양음악(클래식),경인,진접읍주민자치센터,0.9,1,360.0,360.0,0.0,0.0,3,400,0.6215877000313774,0.39687663424328,0.18641360301676208,51.94738132808714,45.94738132808714,0.4642529789184235,True
"창립25주년 기념음악회, 박범철 가곡 아카데미",서양음악(클래식),영남,대구문화예술회관,0.7361,1,742.0,742.0,0.0,0.0,2,1008,0.4731068925844577,0.5043274762054178,0.18641360301676208,48.53562393733852,45.94007456694334,0.4790243902439024,True
"제62회 유나이티드 코리안 오케스트라, 클래식 속의 스토리: 베에토벤 [부산]",서양음악(클래식),영남,영도문화예술회관,0.8364,1,358.0,358.0,0.0,0.0,3,428,0.5555642715197155,0.3962020186172994,0.18641360301676208,48.52966111051392,45.93411174011874,0.47804878048780486,True
국립오페라단과 함께하는 오페라 여행 [강릉],서양음악(클래식),기타,강릉아트센터 (구. 강릉문화예술관),0.6677,1,649.0,649.0,0.0,0.0,7,972,0.41286214831084617,0.49032266499320154,0.18641360301676208,44.22581331665701,45.9137417407151,0.5304878048780488,True
"서구愛마토콘서트, 피아졸라 컬렉션",대중음악,영남,대구서구문화회관,0.8296,1,375.0,375.0,0.0,0.0,3,452,0.548425896872712,0.40345021441271833,0.18641360301676208,48.50502723034455,45.90947785994937,0.4770731707317073,True
"제68회 충주시민의 날 기념공연: 동감, 충주",서양음악(클래식),충청,충주시문화회관,0.7503,1,667.0,667.0,0.0,0.0,1,889,0.48431126451208034,0.4939232297876791,0.18641360301676208,48.8133397989285,45.84032145391261,0.5296803652968036,True
장필순의 희망 콘서트,대중음악,영남,신세계 문화홀 8층 [대구],0.8289,1,373.0,373.0,0.0,0.0,10,450,0.5479029390231147,0.40234546595544396,0.18641360301676208,48.4241295382098,45.828580167814614,0.47609756097560973,True
지상 최후의 농담 [안산],연극,경인,보노마루,0.734,3,447.0,149.0,0.0,0.0,1,203,0.4708058780462295,0.5976048530488443,0.18641360301676208,51.7929647913198,45.7929647913198,0.462878093492209,True
"프랑코포니 축제, 신연아 밴드 콘서트: Souvenir",대중음악,경인,트라이보울,0.9333,1,280.0,280.0,0.0,0.0,5,300,0.675007844367744,0.3477552034306035,0.18641360301676208,51.771976661767674,45.771976661767674,0.461961503208066,True
"리듬 위 관, 현놀음: 1주일",한국음악(국악),영남,국립부산국악원,0.7755,1,532.0,532.0,0.0,0.0,5,686,0.5014773559251124,0.4579894885472231,0.18641360301676208,48.36074700847693,45.765197638081744,0.4741463414634146,True
향(香) [부산],한국음악(국악),영남,국립부산국악원,0.7755,1,532.0,532.0,0.0,0.0,5,686,0.5014773559251124,0.4579894885472231,0.18641360301676208,48.36074700847693,45.765197638081744,0.4741463414634146,True
춘월도섭 [부산],한국음악(국악),영남,국립부산국악원,0.7755,1,532.0,532.0,0.0,0.0,5,686,0.5014773559251124,0.4579894885472231,0.18641360301676208,48.36074700847693,45.765197638081744,0.4741463414634146,True
"제3회 연극 페스티벌, 인생예찬: 아카시아 꽃잎은 떨어지고",연극,경인,남한산성아트홀,0.9407,1,254.0,254.0,0.0,0.0,8,270,0.6870228009622424,0.3380726388453091,0.18641360301676208,51.73526760226328,45.73526760226328,0.4605866177818515,True
"광주 예술로, 합 Ⅱ: 어절씨 굿 저절씨 굿 [경기 광주]",한국음악(국악),경인,남한산성아트홀,0.9407,1,254.0,254.0,0.0,0.0,8,270,0.6870228009622424,0.3380726388453091,0.18641360301676208,51.73526760226328,45.73526760226328,0.4605866177818515,True
"국악콘서트, 삼색가락 [여수]",한국음악(국악),호남,여수엑스포컨벤션센터 (여수세계박람회장),0.5,2,978.0,489.0,0.0,0.0,6,978,0.2887511766551616,0.6827397761740404,0.18641360301676208,40.73956052395856,45.686306023406125,0.4631578947368421,True
님과 함께,뮤지컬,경인,문산행복센터,0.716,2,663.0,331.5,0.0,0.0,6,463,0.45201861729944565,0.6297471498797196,0.18641360301676208,51.61313959555611,45.61313959555611,0.459211732355637,True
라라라온 [얼라이브홀],대중음악,서울,얼라이브홀(구. 크랙홀),0.5925,2,237.0,118.5,0.0,0.0,0,200,0.34967576613324963,0.4767702123208869,0.18641360301676208,39.58429974075303,45.58429974075303,0.5654545454545454,True
"용인시민과 함께하는 신명: 시와 노래, 춤을 용인하다!",한국음악(국악),경인,용인시평생학습관 (여성회관),0.8447,1,506.0,506.0,0.0,0.0,5,599,0.5637093400271939,0.45124463968204165,0.18641360301676208,51.570098483459304,45.570098483459304,0.458295142071494,True
남양주시립예술단 신춘음악회,서양음악(클래식),경인,다산아트홀,0.869,1,431.0,431.0,0.0,0.0,3,496,0.5866018198933166,0.42475551720531324,0.18641360301676208,51.553915466011034,45.553915466011034,0.4569202566452796,True
남양주시립예술단 신춘음악회,서양음악(클래식),경인,다산아트홀,0.869,1,431.0,431.0,0.0,0.0,3,496,0.5866018198933166,0.42475551720531324,0.18641360301676208,51.553915466011034,45.553915466011034,0.4569202566452796,True
"영북지역 직장인 밴드 연합 콘서트: 김 대리, 이런 공연은 처음이지? [양양]",대중음악,기타,양양문화복지회관,0.75,1,330.0,330.0,0.0,0.0,2,440,0.4829123522644075,0.3797549942474637,0.18641360301676208,43.86542951421895,45.553357938277045,0.524390243902439,True
청소년 행복콘서트: 꿈 [경산],대중음악,영남,경산시민회관,0.7644,1,558.0,558.0,0.0,0.0,3,730,0.4922471498797197,0.4642074573789353,0.18641360301676208,48.08335594624617,45.48780657585099,0.4721951219512195,True
"후생가외, 강서연 해금 독주회",한국음악(국악),서울,문화공간 아이원,0.875,1,70.0,70.0,0.0,0.0,2,80,0.5937924903252798,0.2124790816860161,0.18641360301676208,39.364731428958656,45.364731428958656,0.5645454545454546,True
마법에 빠진 오페라&뮤지컬 Ⅵ,서양음악(클래식),서울,꿈의숲아트센터,0.7176,1,216.0,216.0,0.0,0.0,8,301,0.4533783077083987,0.3181217968831712,0.18641360301676208,39.34719820434587,45.34719820434587,0.5636363636363636,True
김정은 & 김소연 초청 피아노 듀오 리사이틀,서양음악(클래식),서울,예술의전당 [서울],0.7006,1,248.0,248.0,0.0,0.0,10,354,0.43793797719903776,0.3342236690722728,0.18641360301676208,39.30632546245509,45.30632546245509,0.5622727272727273,True
김정은 & 김소연 초청 피아노 듀오 리사이틀,서양음악(클래식),서울,예술의전당 [서울],0.7006,1,248.0,248.0,0.0,0.0,10,354,0.43793797719903776,0.3342236690722728,0.18641360301676208,39.30632546245509,45.30632546245509,0.5622727272727273,True
제2회 사월 음악의 밤 [대구],서양음악(클래식),영남,수성아트피아,0.7187,1,833.0,833.0,0.0,0.0,3,1159,0.45442422340759336,0.516610448697835,0.18641360301676208,47.834601303728824,45.23905193333364,0.4712195121951219,True
내일을 위한 음악 Ⅱ,한국음악(국악),서울,서울돈화문국악당,0.8043,1,111.0,111.0,0.0,0.0,6,138,0.525794895931388,0.252929871352369,0.18641360301676208,39.23646463924072,45.23646463924072,0.5609090909090909,True
내 마음의 풍금 [대구],뮤지컬,영남,어울아트센터(구. 대구북구문예회관),0.62746667,3,800.0,266.67,0.0,0.0,5,425,0.3783600041836628,0.678497280619182,0.18641360301676208,47.79278927745021,45.19723990705503,0.47024390243902436,True
"서귀포 청소년 댄스 페스티벌, Fly up!",대중무용,제주,김정문화회관,0.8879,1,293.0,293.0,0.0,0.0,7,330,0.6058989645434578,0.35509099466582994,0.18641360301676208,48.930087181299,45.17941183409708,0.5217391304347826,True
박대성류아쟁산조보존회 기획공연 [부산],한국음악(국악),영남,국립부산국악원,0.7638,1,524.0,524.0,0.0,0.0,5,686,0.491985670954921,0.4563840079489593,0.18641360301676208,47.742333226355484,45.1467838559603,0.4692682926829268,True
"추억의 악극, 갯마을",뮤지컬,영남,울산문화예술회관,0.62146667,3,880.0,293.33,0.0,0.0,5,472,0.3729473904403305,0.6903919569082732,0.18641360301676208,47.71191333236906,45.116363961973875,0.4682926829268293,True
오백에 삼십 [철원],연극,기타,철원군 화강문화센터,0.7816,1,272.0,272.0,0.0,0.0,6,348,0.5056217968831712,0.34432459993724507,0.18641360301676208,43.35934302908267,45.047271453140766,0.5182926829268293,True
"영도에서 떠나는 유럽예술여행 Ⅳ, 토요렉처콘서트 시작",서양음악(클래식),영남,영도문화예술회관,0.9375,1,150.0,150.0,0.0,0.0,3,160,0.681270264616672,0.27857964648049366,0.18641360301676208,47.639962768266614,45.04441339787143,0.46731707317073173,True
"제20회 부산국제합창제, 스페셜 콘서트",서양음악(클래식),영남,(재)영화의전당,0.7348,1,618.0,618.0,0.0,0.0,8,841,0.47145957535822614,0.48350329463445246,0.18641360301676208,47.62406381839184,45.028514447996656,0.46634146341463417,True
부종휴와 꼬마탐험대 [제주],뮤지컬,제주,제주아트센터,0.6208,2,1470.0,735.0,0.0,0.0,6,1184,0.3714308126764983,0.7339007426001464,0.18641360301676208,48.77324913076141,45.02257378355949,0.5054347826086957,True
부종휴와 꼬마탐험대: 날개 [제주],뮤지컬,제주,제주아트센터,0.6208,2,1470.0,735.0,0.0,0.0,6,1184,0.3714308126764983,0.7339007426001464,0.18641360301676208,48.77324913076141,45.02257378355949,0.5054347826086957,True
ACC 시민오케스트라,서양음악(클래식),호남,국립아시아문화전당,0.6059,1,572.0,572.0,0.0,0.0,6,944,0.36108932120071124,0.46725891643133566,0.18641360301676208,40.030574774998314,44.97732027444588,0.45921052631578946,True
ACC 시민오케스트라,서양음악(클래식),호남,국립아시아문화전당,0.6059,1,572.0,572.0,0.0,0.0,6,944,0.36108932120071124,0.46725891643133566,0.18641360301676208,40.030574774998314,44.97732027444588,0.45921052631578946,True
정약전과 자산어보 [장흥],뮤지컬,호남,장흥문화예술회관,0.46816,5,1161.0,232.2,0.0,0.0,5,496,0.2645643761112854,0.742006589268905,0.18641360301676208,39.96519387559641,44.91193937504398,0.45526315789473687,True
"마토콘서트, 썸머타임",대중음악,영남,대구서구문화회관,0.8119,1,367.0,367.0,0.0,0.0,3,452,0.5324626085137538,0.4001176655161594,0.18641360301676208,47.49507302546407,44.89952365506889,0.4653658536585366,True
평화물결 [부산],서양음악(클래식),영남,부산문화회관,0.7008,1,993.0,993.0,0.0,0.0,7,1417,0.43808179060767705,0.5355049158037862,0.18641360301676208,47.47210676586762,44.87655739547244,0.46439024390243905,True
사냥꾼의 먹이가 된 그림자 + 데모크라틱 세트,연극,서울,모두예술극장,0.5579,2,289.0,144.5,0.0,0.0,0,259,0.3284567513858383,0.49989148624620855,0.18641360301676208,38.85413206440796,44.85413206440796,0.56,True
우리동네,연극,경인,다산아트홀,0.8569,1,425.0,425.0,0.0,0.0,2,496,0.5751098211484155,0.42276304779834745,0.18641360301676208,50.849803444263166,44.849803444263166,0.4555453712190651,True
"수원시립교향악단 유료회원 초청음악회, 프랑스의 향기",서양음악(클래식),경인,수원SK아트리움,0.7895,1,750.0,750.0,0.0,0.0,5,950,0.5101192343897082,0.5053864658508525,0.18641360301676208,50.82208315992736,44.82208315992736,0.4546287809349221,True
"두대의 피아노로 감상하는 세계음악여행 Ⅳ: 러시아, 방대한 대륙의 멜로디",서양음악(클래식),서울,모두예술극장,0.7259,1,188.0,188.0,0.0,0.0,0,259,0.46272617926995085,0.29790947599623474,0.18641360301676208,38.799682306642346,44.799682306642346,0.5577272727272727,True
"장차현실X정은혜, 은혜와 나",연극,서울,모두예술극장,0.7259,1,188.0,188.0,0.0,0.0,0,259,0.46272617926995085,0.29790947599623474,0.18641360301676208,38.799682306642346,44.799682306642346,0.5577272727272727,True
"몸 이동, 준비운동: 얼음 땡",무용(서양/한국무용),서울,모두예술극장,0.7259,1,188.0,188.0,0.0,0.0,0,259,0.46272617926995085,0.29790947599623474,0.18641360301676208,38.799682306642346,44.799682306642346,0.5577272727272727,True
"성수와 근영이의 오픈, 웃픈 마이크: 날아라 서핑보드",연극,서울,모두예술극장,0.7259,1,188.0,188.0,0.0,0.0,0,259,0.46272617926995085,0.29790947599623474,0.18641360301676208,38.799682306642346,44.799682306642346,0.5577272727272727,True
타악기로 떠나는 우주 여행,서양음악(클래식),제주,김정문화회관,0.8788,1,290.0,290.0,0.0,0.0,7,330,0.599008994875013,0.35381367011818843,0.18641360301676208,48.525481090331574,44.774805743129654,0.4891304347826087,True
논두렁 연가 [남양주],연극,경인,다산아트홀,0.8548,1,424.0,424.0,0.0,0.0,2,496,0.5736193912770631,0.4223028448907018,0.18641360301676208,50.748580314245494,44.748580314245494,0.4537121906507791,True
"제32회 젊은연극제, 세명대학교 연기예술학과: 혈맥",연극,서울,민송아트홀 (구. 브로드웨이아트홀),0.5515,2,300.0,150.0,0.0,0.0,1,272,0.32359324338458323,0.5066559460307498,0.18641360301676208,38.715504643611936,44.715504643611936,0.5554545454545454,True
라피네와 함께하는 클래식 여행,서양음악(클래식),영남,대구콘서트하우스,0.7048,1,905.0,905.0,0.0,0.0,7,1284,0.44137642506014013,0.5243855245267232,0.18641360301676208,47.287435020179046,44.69188564978386,0.4634146341463415,True
루나베이 [하남],뮤지컬,경인,하남문화예술회관,0.7239,2,514.0,257.0,0.0,0.0,4,355,0.459183139838929,0.5879745842485096,0.18641360301676208,50.69148120636273,44.69148120636273,0.45279560036663613,True
"SAC ON SCREEN, 신년음악회 [안산]",서양음악(클래식),경인,보노마루,0.9606,1,195.0,195.0,0.0,0.0,1,203,0.715236376948018,0.30242521702750763,0.18641360301676208,50.68937742027108,44.68937742027108,0.45187901008249315,True
행복 [영덕],연극,영남,예주문화예술회관,0.9351,1,144.0,144.0,0.0,0.0,4,154,0.6786816232611651,0.27495031900428824,0.18641360301676208,47.282599495510254,44.68705012511507,0.4624390243902439,True
"실패를 위한 실험실 (실.실.실) , 정확한 사랑의 실험",연극,서울,연극실험실 혜화동1번지,0.63575,2,89.0,44.5,0.0,0.0,0,70,0.38426942788411256,0.38997620541784334,0.18641360301676208,38.65420485325442,44.65420485325442,0.5545454545454546,True
남양주시립예술단 송년음악회: Auld Lang Syne,서양음악(클래식),경인,남양주체육문화센터,0.7692,1,900.0,900.0,0.0,0.0,2,1170,0.49528030540738416,0.5238194226545341,0.18641360301676208,50.65044605061355,44.65044605061355,0.4509624197983501,True
"광주시립극단, 출장 연극 시리즈 1: 오스카와 장미할머니 [예술의전당 [광주] ]",연극,호남,예술의 전당 [광주] (구. 광주문화예술회관),0.6647,1,335.0,335.0,0.0,0.0,8,504,0.4076587177073528,0.3812362723564481,0.18641360301676208,39.68768126838618,44.634426767833745,0.45263157894736844,True
남양주시립예술단 신춘음악회,서양음악(클래식),경인,다산아트홀,0.8528,1,423.0,423.0,0.0,0.0,2,496,0.5712660809538751,0.42176812048948853,0.18641360301676208,50.597908253484256,44.597908253484256,0.44912923923006415,True
남양주시립예술단 신춘음악회,서양음악(클래식),경인,다산아트홀,0.8528,1,423.0,423.0,0.0,0.0,2,496,0.5712660809538751,0.42176812048948853,0.18641360301676208,50.597908253484256,44.597908253484256,0.44912923923006415,True
비커밍맘 2 [남양주],뮤지컬,경인,다산아트홀,0.8528,1,423.0,423.0,0.0,0.0,3,496,0.5712660809538751,0.42176812048948853,0.18641360301676208,50.597908253484256,44.597908253484256,0.44912923923006415,True
그대는 봄 [양산],연극,영남,양산문화예술회관,0.6156,2,980.0,490.0,0.0,0.0,5,796,0.36796621692291603,0.6829149670536555,0.18641360301676208,47.122836143151886,44.5272867727567,0.45951219512195124,True
두려워마라 [양산],연극,영남,양산문화예술회관,0.6156,2,980.0,490.0,0.0,0.0,5,796,0.36796621692291603,0.6829149670536555,0.18641360301676208,47.122836143151886,44.5272867727567,0.45951219512195124,True
아름다운 사인,연극,영남,양산문화예술회관,0.6156,2,980.0,490.0,0.0,0.0,5,120,0.36796621692291603,0.6829149670536555,0.18641360301676208,47.122836143151886,44.5272867727567,0.45951219512195124,True
아름다운 사인,연극,영남,양산문화예술회관,0.6156,2,980.0,490.0,0.0,0.0,5,796,0.36796621692291603,0.6829149670536555,0.18641360301676208,47.122836143151886,44.5272867727567,0.45951219512195124,True
동행 [양산],연극,영남,양산문화예술회관,0.6156,2,980.0,490.0,0.0,0.0,5,796,0.36796621692291603,0.6829149670536555,0.18641360301676208,47.122836143151886,44.5272867727567,0.45951219512195124,True
경희 필하모닉 오케스트라 정기연주회,서양음악(클래식),경인,성남아트센터,0.7695,1,848.0,848.0,0.0,0.0,7,1102,0.4957640414182617,0.5187245058048322,0.18641360301676208,50.48236822807019,44.48236822807019,0.4454628780934922,True
제10회 빛의소리 나눔콘서트,서양음악(클래식),경인,성남아트센터,0.7695,1,848.0,848.0,0.0,0.0,7,1102,0.4957640414182617,0.5187245058048322,0.18641360301676208,50.48236822807019,44.48236822807019,0.4454628780934922,True
강남시니어합창단 창단9주년 기념 음악회,서양음악(클래식),경인,성남아트센터,0.7695,1,848.0,848.0,0.0,0.0,7,1102,0.4957640414182617,0.5187245058048322,0.18641360301676208,50.48236822807019,44.48236822807019,0.4454628780934922,True
우리소리를 찾아서 [성남],한국음악(국악),경인,성남아트센터,0.7695,1,848.0,848.0,0.0,0.0,7,1102,0.4957640414182617,0.5187245058048322,0.18641360301676208,50.48236822807019,44.48236822807019,0.4454628780934922,True
제16회 성남정자초 오케스트라 정기 연주회: 내가 좋아하는 것들,서양음악(클래식),경인,성남아트센터,0.7695,1,848.0,848.0,0.0,0.0,7,1102,0.4957640414182617,0.5187245058048322,0.18641360301676208,50.48236822807019,44.48236822807019,0.4454628780934922,True
"제13회 부평구립소년소녀합창단 정기연주회, Vivaldi and Love",서양음악(클래식),경인,부평아트센터,0.7892,1,685.0,685.0,0.0,0.0,10,868,0.5099492730885891,0.49645826796360215,0.18641360301676208,50.45094266478638,44.45094266478638,0.4427131072410632,True
송년 음악회 [목포],서양음악(클래식),호남,목포문화예술회관,0.6246,1,436.0,436.0,0.0,0.0,6,698,0.37494770421504026,0.42639760485304884,0.18641360301676208,39.47374414793715,44.42048964738471,0.45,True
기발한 아이 [인천],뮤지컬,경인,부평아트센터,0.788,1,684.0,684.0,0.0,0.0,10,868,0.5095047589164313,0.49633145068507484,0.18641360301676208,50.41939906754897,44.41939906754897,0.44179651695692024,True
광주국악상설공연 (4월),한국음악(국악),호남,광주공연마루,0.44980455,22,1702.0,77.36,0.0,0.0,6,172,0.251568873548792,0.7752889342119025,0.18641360301676208,39.46204406432942,44.408789563776985,0.4473684210526316,True
부산세계박람회 콘서트: Busan Arirang,서양음악(클래식),영남,을숙도문화회관,0.7434,1,533.0,533.0,0.0,0.0,4,717,0.47780043928459365,0.45829934107310955,0.18641360301676208,46.99023532464801,44.39468595425283,0.45658536585365855,True
"카페, 기억 [남양주]",연극,경인,다산아트홀,0.8488,1,421.0,421.0,0.0,0.0,3,496,0.5673569710281351,0.42130922497646695,0.18641360301676208,50.36794413117094,44.36794413117094,0.44087992667277726,True
"월간문화살롱: 이 시대의 베이스, 함석헌과 친구들 [파주]",서양음악(클래식),경인,솔가람아트홀,0.9167,1,275.0,275.0,0.0,0.0,4,300,0.6478271101349231,0.3452083987030645,0.18641360301676208,50.36258487510913,44.36258487510913,0.4399633363886343,True
가족사진 [논산],연극,충청,논산아트센터(구. 논산문화예술회관),0.929,1,157.0,157.0,0.0,0.0,5,169,0.6667320363978664,0.2829881811525991,0.18641360301676208,47.32363686714243,44.35061852212654,0.5251141552511416,True
제1회 프로젝트BB 연말 낭독극,연극,서울,서울문화재단 대학로극장 쿼드(예술청),0.64,2,64.0,32.0,0.0,0.0,5,50,0.39028344315448177,0.3731160443468256,0.18641360301676208,38.33236779150198,44.33236779150198,0.5536363636363636,True
"목포시립예술단, 동물의 사육제",뮤지컬,호남,목포문화예술회관,0.6218,1,434.0,434.0,0.0,0.0,6,698,0.3733396088275285,0.4257426001464282,0.18641360301676208,39.34787509848567,44.29462059793324,0.44473684210526315,True
행복한뮤지컬 꿈꾸는 영웅 [안산],뮤지컬,경인,안산문화예술의전당,0.9857,1,138.0,138.0,0.0,0.0,6,140,0.7599361991423491,0.2705522434891748,0.18641360301676208,50.27669664174296,44.27669664174296,0.43538038496791936,True
제6회 안산심포니 오케스트라 정기연주회,서양음악(클래식),경인,안산문화예술의전당,0.9857,1,138.0,138.0,0.0,0.0,6,140,0.7599361991423491,0.2705522434891748,0.18641360301676208,50.27669664174296,44.27669664174296,0.43538038496791936,True
풍류,한국음악(국악),경인,안산문화예술의전당,0.9857,1,138.0,138.0,0.0,0.0,6,140,0.7599361991423491,0.2705522434891748,0.18641360301676208,50.27669664174296,44.27669664174296,0.43538038496791936,True
제2회 소프라노 김예지 청출어람 제자연주회 [안산],서양음악(클래식),경인,안산문화예술의전당,0.9857,1,138.0,138.0,0.0,0.0,6,140,0.7599361991423491,0.2705522434891748,0.18641360301676208,50.27669664174296,44.27669664174296,0.43538038496791936,True
시니어 네러티브예술 [안산],무용(서양/한국무용),경인,안산문화예술의전당,0.9857,1,138.0,138.0,0.0,0.0,6,140,0.7599361991423491,0.2705522434891748,0.18641360301676208,50.27669664174296,44.27669664174296,0.43538038496791936,True
"허튼가락 5, 돌아보기 [안산]",한국음악(국악),경인,안산문화예술의전당,0.9857,1,138.0,138.0,0.0,0.0,6,140,0.7599361991423491,0.2705522434891748,0.18641360301676208,50.27669664174296,44.27669664174296,0.43538038496791936,True
제16회 피아체레앙상블 정기연주회,서양음악(클래식),경인,안산문화예술의전당,0.9857,1,138.0,138.0,0.0,0.0,6,140,0.7599361991423491,0.2705522434891748,0.18641360301676208,50.27669664174296,44.27669664174296,0.43538038496791936,True
제17회 피아체레앙상블 기획연주회,서양음악(클래식),경인,안산문화예술의전당,0.9857,1,138.0,138.0,0.0,0.0,6,140,0.7599361991423491,0.2705522434891748,0.18641360301676208,50.27669664174296,44.27669664174296,0.43538038496791936,True
트리오 더 클랑 창단연주회,서양음악(클래식),경인,안산문화예술의전당,0.9857,1,138.0,138.0,0.0,0.0,6,140,0.7599361991423491,0.2705522434891748,0.18641360301676208,50.27669664174296,44.27669664174296,0.43538038496791936,True
돈 조반니 [고령],서양음악(클래식),영남,경북고령대가야문화누리 (구. 대가야국악당),0.7571,1,483.0,483.0,0.0,0.0,4,638,0.4879719694592616,0.44058675870724817,0.18641360301676208,46.8435177898208,44.24796841942562,0.455609756097561,True
제159회 대구시립합창단 정기연주회,서양음악(클래식),영남,대구콘서트하우스,0.6978,1,896.0,896.0,0.0,0.0,7,1284,0.4342903461980964,0.5232899278318167,0.18641360301676208,46.79129399382678,44.195744623431594,0.45463414634146343,True
제14회 서산시립합창단 정기연주회,서양음악(클래식),충청,서산시문화회관,0.7704,1,463.0,463.0,0.0,0.0,3,601,0.49688840079489593,0.4354408534672106,0.18641360301676208,47.1332063084413,44.16018796342541,0.5205479452054794,True
엔니오 모리꼬네 시네마 OST 콘서트 [부산],서양음악(클래식),영남,영도문화예술회관,0.8107,1,347.0,347.0,0.0,0.0,3,428,0.5303577031691246,0.38595204476519196,0.18641360301676208,46.70406339467241,44.10851402427723,0.45365853658536587,True
"제12회 남양주시립소년소녀합창단 기획연주회, 세상이 노래가 된다면 [남양주]",서양음악(클래식),경인,다산아트홀,0.8427,1,418.0,418.0,0.0,0.0,3,496,0.5622189101558415,0.42039404873967157,0.18641360301676208,50.05020874257312,44.05020874257312,0.4307974335472044,True
춘천시립청소년교향악단 특별연주회: 댄싱 투게더,서양음악(클래식),기타,축제극장 몸짓,0.879,1,109.0,109.0,0.0,0.0,2,124,0.5991266603911725,0.25185650036607055,0.18641360301676208,42.361609562513344,44.04953798657144,0.5121951219512195,True
"남양주시립합창단, 해설이 있는 음악회: 김광석, 유재하 그리고 김현식의 사랑의 노래들",서양음악(클래식),경인,진접읍주민자치센터,0.875,1,350.0,350.0,0.0,0.0,3,400,0.5937924903252798,0.38706333019558625,0.18641360301676208,50.037272899080534,44.037272899080534,0.4298808432630614,True
강북구립 청소년 오케스트라 정기연주회,서양음악(클래식),서울,강북문화예술회관,0.6018,1,402.0,402.0,0.0,0.0,7,668,0.35895826796360214,0.4145918313983893,0.18641360301676208,38.025477206831845,44.025477206831845,0.5527272727272727,True
"제10회 서산시립합창단 기획연주회, 마니피카트",서양음악(클래식),충청,서산시문화회관,0.7654,1,460.0,460.0,0.0,0.0,3,601,0.4927962556217969,0.43477931178746987,0.18641360301676208,46.871406718015855,43.89838837299996,0.5159817351598174,True
노래하는 대한민국 [군포],대중음악,경인,군포문화예술회관,0.7531,1,860.0,860.0,0.0,0.0,8,1142,0.4853702541575149,0.5198697834954503,0.18641360301676208,49.88864684542448,43.88864684542448,0.42896425297891844,True
제41회 대학생을 위한 프랑스 가곡과 아리아의 밤,서양음악(클래식),서울,꿈의숲아트센터,0.691,1,208.0,208.0,0.0,0.0,8,301,0.42915228532580274,0.31405841439180004,0.18641360301676208,37.87660380877378,43.87660380877378,0.5513636363636364,True
브람스를 좋아하세요?,서양음악(클래식),서울,꿈의숲아트센터,0.691,1,208.0,208.0,0.0,0.0,8,301,0.42915228532580274,0.31405841439180004,0.18641360301676208,37.87660380877378,43.87660380877378,0.5513636363636364,True
노래하는 미용실Ⅱ [광주],뮤지컬,호남,유스퀘어 문화관,0.7057,1,223.0,223.0,0.0,0.0,4,316,0.44214778788829623,0.32138374647003454,0.18641360301676208,38.9179573312778,43.86470283072536,0.4421052631578947,True
굿 보러가자 [포항],한국음악(국악),영남,포항문화예술회관,0.7081,1,689.0,689.0,0.0,0.0,4,973,0.44382125300700764,0.49688970818951994,0.18641360301676208,46.43322599191115,43.83767662151597,0.4526829268292683,True
"제23회 월드 2인극 페스티벌, 기억",연극,서울,극장 동국,0.8415,1,69.0,69.0,0.0,0.0,1,82,0.5605715929296099,0.2093426419830562,0.18641360301676208,37.802605312282274,43.802605312282274,0.5222727272727272,True
"제23회 월드 2인극 페스티벌, 정의의 정의",연극,서울,극장 동국,0.8415,1,69.0,69.0,0.0,0.0,1,82,0.5605715929296099,0.2093426419830562,0.18641360301676208,37.802605312282274,43.802605312282274,0.5222727272727272,True
"제23회 월드 2인극 페스티벌, 살고 지고",연극,서울,극장 동국,0.8415,1,69.0,69.0,0.0,0.0,1,82,0.5605715929296099,0.2093426419830562,0.18641360301676208,37.802605312282274,43.802605312282274,0.5222727272727272,True
"제23회 월드 2인극 페스티벌, 작가",연극,서울,극장 동국,0.8415,1,69.0,69.0,0.0,0.0,1,82,0.5605715929296099,0.2093426419830562,0.18641360301676208,37.802605312282274,43.802605312282274,0.5222727272727272,True
"제23회 월드 2인극 페스티벌, 침대 하나의 의미",연극,서울,극장 동국,0.8415,1,69.0,69.0,0.0,0.0,1,82,0.5605715929296099,0.2093426419830562,0.18641360301676208,37.802605312282274,43.802605312282274,0.5222727272727272,True
"제23회 월드 2인극 페스티벌, 라뮤지카",연극,서울,극장 동국,0.8415,1,69.0,69.0,0.0,0.0,1,82,0.5605715929296099,0.2093426419830562,0.18641360301676208,37.802605312282274,43.802605312282274,0.5222727272727272,True
"제23회 월드 2인극 페스티벌, 오! 컬트",연극,서울,극장 동국,0.8415,1,69.0,69.0,0.0,0.0,1,82,0.5605715929296099,0.2093426419830562,0.18641360301676208,37.802605312282274,43.802605312282274,0.5222727272727272,True
"제23회 월드 2인극 페스티벌, 잘자요, 엄마",연극,서울,극장 동국,0.8415,1,69.0,69.0,0.0,0.0,1,82,0.5605715929296099,0.2093426419830562,0.18641360301676208,37.802605312282274,43.802605312282274,0.5222727272727272,True
"제23회 월드 2인극 페스티벌, 정상입니까?",연극,서울,극장 동국,0.8415,1,69.0,69.0,0.0,0.0,1,82,0.5605715929296099,0.2093426419830562,0.18641360301676208,37.802605312282274,43.802605312282274,0.5222727272727272,True
"제23회 월드 2인극 페스티벌, 직소",연극,서울,극장 동국,0.8415,1,69.0,69.0,0.0,0.0,1,82,0.5605715929296099,0.2093426419830562,0.18641360301676208,37.802605312282274,43.802605312282274,0.5222727272727272,True
"제23회 월드 2인극 페스티벌, 회색인간",연극,서울,극장 동국,0.8415,1,69.0,69.0,0.0,0.0,1,82,0.5605715929296099,0.2093426419830562,0.18641360301676208,37.802605312282274,43.802605312282274,0.5222727272727272,True
"제23회 월드 2인극 페스티벌: 네가 이 세상에 존재 했으면 해, 살아줬으면 해",연극,서울,극장 동국,0.8415,1,69.0,69.0,0.0,0.0,1,82,0.5605715929296099,0.2093426419830562,0.18641360301676208,37.802605312282274,43.802605312282274,0.5222727272727272,True
"제23회 월드2인극 페스티벌, 오해",연극,서울,극장 동국,0.8415,1,69.0,69.0,0.0,0.0,1,82,0.5605715929296099,0.2093426419830562,0.18641360301676208,37.802605312282274,43.802605312282274,0.5222727272727272,True
"제23회 월드 2인극 페스티벌, 구피",연극,서울,극장 동국,0.8415,1,69.0,69.0,0.0,0.0,1,82,0.5605715929296099,0.2093426419830562,0.18641360301676208,37.802605312282274,43.802605312282274,0.5222727272727272,True
"제23회 월드 2인극 페스티벌, 백야 白夜",연극,서울,극장 동국,0.8415,1,69.0,69.0,0.0,0.0,1,82,0.5605715929296099,0.2093426419830562,0.18641360301676208,37.802605312282274,43.802605312282274,0.5222727272727272,True
"제23회 월드 2인극 페스티벌, 장마",연극,서울,극장 동국,0.8415,1,69.0,69.0,0.0,0.0,1,82,0.5605715929296099,0.2093426419830562,0.18641360301676208,37.802605312282274,43.802605312282274,0.5222727272727272,True
"제23회 월드 2인극 페스티벌: 쑥, 마늘 그리고 수험생 두마리",연극,서울,극장 동국,0.8415,1,69.0,69.0,0.0,0.0,1,82,0.5605715929296099,0.2093426419830562,0.18641360301676208,37.802605312282274,43.802605312282274,0.5222727272727272,True
"제23회 월드 2인극 페스티벌, 노근리에 핀 꽃",연극,서울,극장 동국,0.8415,1,69.0,69.0,0.0,0.0,1,82,0.5605715929296099,0.2093426419830562,0.18641360301676208,37.802605312282274,43.802605312282274,0.5222727272727272,True
"제23회 월드 2인극 페스티벌, 모기를 잡아라!",연극,서울,극장 동국,0.8415,1,69.0,69.0,0.0,0.0,1,82,0.5605715929296099,0.2093426419830562,0.18641360301676208,37.802605312282274,43.802605312282274,0.5222727272727272,True
"제23회 월드 2인극 페스티벌, 바퀴",연극,서울,극장 동국,0.8415,1,69.0,69.0,0.0,0.0,1,82,0.5605715929296099,0.2093426419830562,0.18641360301676208,37.802605312282274,43.802605312282274,0.5222727272727272,True
"제23회 월드 2인극 페스티벌, 가면",연극,서울,극장 동국,0.8415,1,69.0,69.0,0.0,0.0,1,82,0.5605715929296099,0.2093426419830562,0.18641360301676208,37.802605312282274,43.802605312282274,0.5222727272727272,True
"제23회 월드 2인극 페스티벌, 결혼심사",연극,서울,극장 동국,0.8415,1,69.0,69.0,0.0,0.0,1,82,0.5605715929296099,0.2093426419830562,0.18641360301676208,37.802605312282274,43.802605312282274,0.5222727272727272,True
"제23회 월드 2인극 페스티벌, 시간은 끊임없이 흐르고 우리는 계속해서 서있다",연극,서울,극장 동국,0.8415,1,69.0,69.0,0.0,0.0,1,82,0.5605715929296099,0.2093426419830562,0.18641360301676208,37.802605312282274,43.802605312282274,0.5222727272727272,True
"제23회 월드 2인극 페스티벌, 아지트",연극,서울,극장 동국,0.8415,1,69.0,69.0,0.0,0.0,1,82,0.5605715929296099,0.2093426419830562,0.18641360301676208,37.802605312282274,43.802605312282274,0.5222727272727272,True
"제23회 월드 2인극 페스티벌, 초이스",연극,서울,극장 동국,0.8415,1,69.0,69.0,0.0,0.0,1,82,0.5605715929296099,0.2093426419830562,0.18641360301676208,37.802605312282274,43.802605312282274,0.5222727272727272,True
"제23회 월드 2인극 페스티벌, 1906",연극,서울,극장 동국,0.8415,1,69.0,69.0,0.0,0.0,1,82,0.5605715929296099,0.2093426419830562,0.18641360301676208,37.802605312282274,43.802605312282274,0.5222727272727272,True
"제23회 월드 2인극 페스티벌, 당신의 여름섬",연극,서울,극장 동국,0.8415,1,69.0,69.0,0.0,0.0,1,82,0.5605715929296099,0.2093426419830562,0.18641360301676208,37.802605312282274,43.802605312282274,0.5222727272727272,True
"제23회 월드 2인극 페스티벌, 바다",연극,서울,극장 동국,0.8415,1,69.0,69.0,0.0,0.0,1,82,0.5605715929296099,0.2093426419830562,0.18641360301676208,37.802605312282274,43.802605312282274,0.5222727272727272,True
"제23회 월드 2인극 페스티벌, 백 스테이지",연극,서울,극장 동국,0.8415,1,69.0,69.0,0.0,0.0,1,82,0.5605715929296099,0.2093426419830562,0.18641360301676208,37.802605312282274,43.802605312282274,0.5222727272727272,True
"제23회 월드 2인극 페스티벌, 여름에게",연극,서울,극장 동국,0.8415,1,69.0,69.0,0.0,0.0,1,82,0.5605715929296099,0.2093426419830562,0.18641360301676208,37.802605312282274,43.802605312282274,0.5222727272727272,True
"제23회 월드 2인극 페스티벌, 트로피컬 센츄리얼",연극,서울,극장 동국,0.8415,1,69.0,69.0,0.0,0.0,1,82,0.5605715929296099,0.2093426419830562,0.18641360301676208,37.802605312282274,43.802605312282274,0.5222727272727272,True
"제23회 월드 2인극 페스티벌, 현혹",연극,서울,극장 동국,0.8415,1,69.0,69.0,0.0,0.0,1,82,0.5605715929296099,0.2093426419830562,0.18641360301676208,37.802605312282274,43.802605312282274,0.5222727272727272,True
"제23회 월드 2인극 페스티벌, 305",연극,서울,극장 동국,0.8415,1,69.0,69.0,0.0,0.0,1,82,0.5605715929296099,0.2093426419830562,0.18641360301676208,37.802605312282274,43.802605312282274,0.5222727272727272,True
"제23회 월드 2인극 페스티벌, 변두리극장",연극,서울,극장 동국,0.8415,1,69.0,69.0,0.0,0.0,1,82,0.5605715929296099,0.2093426419830562,0.18641360301676208,37.802605312282274,43.802605312282274,0.5222727272727272,True
"제23회 월드 2인극 페스티벌, 우주선",연극,서울,극장 동국,0.8415,1,69.0,69.0,0.0,0.0,1,82,0.5605715929296099,0.2093426419830562,0.18641360301676208,37.802605312282274,43.802605312282274,0.5222727272727272,True
"제23회 월드 2인극 페스티벌, 증명",연극,서울,극장 동국,0.8415,1,69.0,69.0,0.0,0.0,1,82,0.5605715929296099,0.2093426419830562,0.18641360301676208,37.802605312282274,43.802605312282274,0.5222727272727272,True
"제23회 월드2인극 페스티벌, 연선",연극,서울,극장 동국,0.8415,1,69.0,69.0,0.0,0.0,1,82,0.5605715929296099,0.2093426419830562,0.18641360301676208,37.802605312282274,43.802605312282274,0.5222727272727272,True
"제23회 월드 2인극 페스티벌, 그렇게 산을 넘는다",연극,서울,극장 동국,0.8415,1,69.0,69.0,0.0,0.0,1,82,0.5605715929296099,0.2093426419830562,0.18641360301676208,37.802605312282274,43.802605312282274,0.5222727272727272,True
"제23회 월드 2인극 페스티벌, 짝꿍",연극,서울,극장 동국,0.8415,1,69.0,69.0,0.0,0.0,1,82,0.5605715929296099,0.2093426419830562,0.18641360301676208,37.802605312282274,43.802605312282274,0.5222727272727272,True
"제23회 월드 2인극 페스티벌, 기억상점",연극,서울,극장 동국,0.8415,1,69.0,69.0,0.0,0.0,1,82,0.5605715929296099,0.2093426419830562,0.18641360301676208,37.802605312282274,43.802605312282274,0.5222727272727272,True
"제23회 월드 2인극 페스티벌, 대신 아주 먼 뒤에.",연극,서울,극장 동국,0.8415,1,69.0,69.0,0.0,0.0,1,82,0.5605715929296099,0.2093426419830562,0.18641360301676208,37.802605312282274,43.802605312282274,0.5222727272727272,True
"제23회 월드 2인극 페스티벌, 물어, 보다",연극,서울,극장 동국,0.8415,1,69.0,69.0,0.0,0.0,1,82,0.5605715929296099,0.2093426419830562,0.18641360301676208,37.802605312282274,43.802605312282274,0.5222727272727272,True
"제23회 월드 2인극 페스티벌, 연극",연극,서울,극장 동국,0.8415,1,69.0,69.0,0.0,0.0,1,82,0.5605715929296099,0.2093426419830562,0.18641360301676208,37.802605312282274,43.802605312282274,0.5222727272727272,True
"제23회 월드 2인극 페스티벌, 적의 화장법",연극,서울,극장 동국,0.8415,1,69.0,69.0,0.0,0.0,1,82,0.5605715929296099,0.2093426419830562,0.18641360301676208,37.802605312282274,43.802605312282274,0.5222727272727272,True
"제23회 월드 2인극 페스티벌, 파우스트 죽이기",연극,서울,극장 동국,0.8415,1,69.0,69.0,0.0,0.0,1,82,0.5605715929296099,0.2093426419830562,0.18641360301676208,37.802605312282274,43.802605312282274,0.5222727272727272,True
"제23회 월드2인극 페스티벌, 우울한 풍경 속의 여자",연극,서울,극장 동국,0.8415,1,69.0,69.0,0.0,0.0,1,82,0.5605715929296099,0.2093426419830562,0.18641360301676208,37.802605312282274,43.802605312282274,0.5222727272727272,True
"제23회 월드 2인극 페스티벌, find me!",연극,서울,극장 동국,0.8415,1,69.0,69.0,0.0,0.0,1,82,0.5605715929296099,0.2093426419830562,0.18641360301676208,37.802605312282274,43.802605312282274,0.5222727272727272,True
"제23회 월드 2인극 페스티벌, Interview",연극,서울,극장 동국,0.8415,1,69.0,69.0,0.0,0.0,1,82,0.5605715929296099,0.2093426419830562,0.18641360301676208,37.802605312282274,43.802605312282274,0.5222727272727272,True
"제23회 월드 2인극 페스티벌, 떨어지는 돌의 그림자",연극,서울,극장 동국,0.8415,1,69.0,69.0,0.0,0.0,1,82,0.5605715929296099,0.2093426419830562,0.18641360301676208,37.802605312282274,43.802605312282274,0.5222727272727272,True
"제23회 월드 2인극 페스티벌, 마요네즈",연극,서울,극장 동국,0.8415,1,69.0,69.0,0.0,0.0,1,82,0.5605715929296099,0.2093426419830562,0.18641360301676208,37.802605312282274,43.802605312282274,0.5222727272727272,True
"제23회 월드 2인극 페스티벌, Exit",연극,서울,극장 동국,0.8415,1,69.0,69.0,0.0,0.0,1,82,0.5605715929296099,0.2093426419830562,0.18641360301676208,37.802605312282274,43.802605312282274,0.5222727272727272,True
"제23회 월드 2인극 페스티벌, 길",연극,서울,극장 동국,0.8415,1,69.0,69.0,0.0,0.0,1,82,0.5605715929296099,0.2093426419830562,0.18641360301676208,37.802605312282274,43.802605312282274,0.5222727272727272,True
"제23회 월드 2인극 페스티벌, 방문",연극,서울,극장 동국,0.8415,1,69.0,69.0,0.0,0.0,1,82,0.5605715929296099,0.2093426419830562,0.18641360301676208,37.802605312282274,43.802605312282274,0.5222727272727272,True
"제23회 월드 2인극 페스티벌, 살고싶어 죽겠어요",연극,서울,극장 동국,0.8415,1,69.0,69.0,0.0,0.0,1,82,0.5605715929296099,0.2093426419830562,0.18641360301676208,37.802605312282274,43.802605312282274,0.5222727272727272,True
"제23회 월드 2인극 페스티벌, 플러그 빠진 날",연극,서울,극장 동국,0.8415,1,69.0,69.0,0.0,0.0,1,82,0.5605715929296099,0.2093426419830562,0.18641360301676208,37.802605312282274,43.802605312282274,0.5222727272727272,True
"제23회 월드 2인극 페스티벌, 極夜(극야) - 갇혀진 진실",연극,서울,극장 동국,0.8415,1,69.0,69.0,0.0,0.0,1,82,0.5605715929296099,0.2093426419830562,0.18641360301676208,37.802605312282274,43.802605312282274,0.5222727272727272,True
"제23회 월드 2인극 페스티벌, 시나브로",연극,서울,극장 동국,0.8415,1,69.0,69.0,0.0,0.0,1,82,0.5605715929296099,0.2093426419830562,0.18641360301676208,37.802605312282274,43.802605312282274,0.5222727272727272,True
"제23회 월드 2인극 페스티벌, 위대한 선물",연극,서울,극장 동국,0.8415,1,69.0,69.0,0.0,0.0,1,82,0.5605715929296099,0.2093426419830562,0.18641360301676208,37.802605312282274,43.802605312282274,0.5222727272727272,True
"제23회 월드 2인극 페스티벌, 넥스트 도어",연극,서울,극장 동국,0.8415,1,69.0,69.0,0.0,0.0,1,82,0.5605715929296099,0.2093426419830562,0.18641360301676208,37.802605312282274,43.802605312282274,0.5222727272727272,True
"제23회 월드 2인극 페스티벌, 엄마의 사진첩",연극,서울,극장 동국,0.8415,1,69.0,69.0,0.0,0.0,1,82,0.5605715929296099,0.2093426419830562,0.18641360301676208,37.802605312282274,43.802605312282274,0.5222727272727272,True
"제23회 월드 2인극 페스티벌, 푸른 바다가 부를 때",연극,서울,극장 동국,0.8415,1,69.0,69.0,0.0,0.0,1,82,0.5605715929296099,0.2093426419830562,0.18641360301676208,37.802605312282274,43.802605312282274,0.5222727272727272,True
"제23회 월드 2인극 페스티벌, 녹색광선",연극,서울,극장 동국,0.8415,1,69.0,69.0,0.0,0.0,1,82,0.5605715929296099,0.2093426419830562,0.18641360301676208,37.802605312282274,43.802605312282274,0.5222727272727272,True
너나들이 동행 연극제,연극,영남,김해서부문화센터,0.5789,3,1200.0,400.0,0.0,0.0,5,691,0.3403148206254576,0.7384975420981069,0.18641360301676208,46.39467528328585,43.799125912890666,0.45170731707317074,True
"제49회 파주시립예술단 정기 공연, 리이: 율곡 이이 [파주]",뮤지컬,경인,파주운정행복센터,0.6399,3,1029.0,343.0,0.0,0.0,9,536,0.39004811212216295,0.7164627131053237,0.18641360301676208,49.74487517789788,43.74487517789788,0.42804766269477545,True
모이라이 국악 백화점,한국음악(국악),영남,예주문화예술회관,0.66883333,3,309.0,103.0,0.0,0.0,4,154,0.41368580692396195,0.5489619286685493,0.18641360301676208,46.32540909496356,43.72985972456838,0.4507317073170732,True
"강동예술인페스티벌, 구립청소년교향악단",서양음악(클래식),서울,강동아트센터,0.5753,1,489.0,489.0,0.0,0.0,7,850,0.3388897604853049,0.44307734546595545,0.18641360301676208,37.724794802140174,43.724794802140174,0.49363636363636365,True
제24회 중구구립합창단 정기연주회,서양음악(클래식),서울,충무아트센터,0.5368,1,671.0,671.0,0.0,0.0,7,1250,0.3145329986403096,0.49459261583516373,0.18641360301676208,37.696304811167394,43.696304811167394,0.49272727272727274,True
유망신예음악회,서양음악(클래식),경인,성남아트리움 (구. 성남시민회관),0.8047,1,519.0,519.0,0.0,0.0,10,645,0.5261871143185859,0.4549994770421505,0.18641360301676208,49.6464825425681,43.6464825425681,0.42667277726856095,True
유망신예음악회,서양음악(클래식),경인,성남아트리움 (구. 성남시민회관),0.8047,1,519.0,519.0,0.0,0.0,10,645,0.5261871143185859,0.4549994770421505,0.18641360301676208,49.6464825425681,43.6464825425681,0.42667277726856095,True
제35회 안동남성합창단 정기연주회,서양음악(클래식),영남,안동문화예술의전당,0.7022,1,698.0,698.0,0.0,0.0,7,994,0.4396114423177492,0.4980951260328418,0.18641360301676208,46.21322847099716,43.617679100601976,0.4497560975609756,True
"안산시립합창단 특별기획공연, 안산시민대합창제 레인보우합창 페스티발",서양음악(클래식),경인,안산문화예술의전당,0.7254,1,1141.0,1141.0,0.0,0.0,6,1573,0.46093504863508,0.553340393264303,0.18641360301676208,49.58847917503946,43.58847917503946,0.42529789184234645,True
우정만리 [부천],연극,경인,소극장 극예술공간,1.2,1,60.0,60.0,0.0,0.0,1,50,0.8992913921137956,0.2027965171007217,0.18641360301676208,49.56378434368261,43.56378434368261,0.42438130155820347,True
제18회 테너 박성원과 함께하는 루체끼아라 정기음악회,서양음악(클래식),서울,꿈의숲아트센터,0.6844,1,206.0,206.0,0.0,0.0,8,301,0.4241841857546282,0.3126581947495032,0.18641360301676208,37.545734985569666,43.545734985569666,0.4913636363636364,True
"제6회 영훈고 OB 합창단 정기연주회, Memory",서양음악(클래식),서울,꿈의숲아트센터,0.6844,1,206.0,206.0,0.0,0.0,8,301,0.4241841857546282,0.3126581947495032,0.18641360301676208,37.545734985569666,43.545734985569666,0.4913636363636364,True
해설이 있는 오페라 CARMEN [안동],서양음악(클래식),영남,안동문화예술의전당,0.8587,1,237.0,237.0,0.0,0.0,7,276,0.5775154272565631,0.3275794895931388,0.18641360301676208,46.03252893440283,43.43697956400765,0.44878048780487806,True
아산 온궁 오케스트라 교류연주회 with 춘천 신나는 오케스트라,서양음악(클래식),충청,아산시 평생학습관(여성회관 아산아트홀),0.776,1,395.0,395.0,0.0,0.0,4,509,0.5016473172262316,0.41157305721158877,0.18641360301676208,46.34659908821503,43.373580743199135,0.5114155251141552,True
"제6회 서상재아트팩토리 정기공연, 신화적 상상력 II: 이상한 나라의 앨리스",무용(서양/한국무용),영남,대구문화예술회관,0.6984,1,704.0,704.0,0.0,0.0,2,1008,0.43453875117665514,0.4993214621901475,0.18641360301676208,45.937695066329624,43.34214569593444,0.4478048780487805,True
1930's 그들의 노래는 끝나지 않았다,한국음악(국악),경인,하남문화예술회관,0.8761,1,311.0,311.0,0.0,0.0,4,355,0.5956097688526305,0.3718531011400481,0.18641360301676208,49.33165100089843,43.33165100089843,0.4225481209899175,True
우리의 고향 하남에 살어리랏다 [하남],서양음악(클래식),경인,하남문화예술회관,0.8761,1,311.0,311.0,0.0,0.0,4,355,0.5956097688526305,0.3718531011400481,0.18641360301676208,49.33165100089843,43.33165100089843,0.4225481209899175,True
시나브로,한국음악(국악),경인,하남문화예술회관,0.8761,1,311.0,311.0,0.0,0.0,4,355,0.5956097688526305,0.3718531011400481,0.18641360301676208,49.33165100089843,43.33165100089843,0.4225481209899175,True
제10회 더피아니즘 정기연주회,서양음악(클래식),영남,수성아트피아,0.8439,1,254.0,254.0,0.0,0.0,3,301,0.5631994561238364,0.3380726388453091,0.18641360301676208,45.91994354484494,43.32439417444976,0.44682926829268294,True
성남이로운재단과 함께하는 하소라 단독 콘서트: Miracle Of Angels,한국음악(국악),경인,성남아트리움 (구. 성남시민회관),0.8,1,516.0,516.0,0.0,0.0,10,645,0.5194148101663006,0.4545235853990169,0.18641360301676208,49.241487834297004,43.241487834297004,0.42071494042163154,True
라라라온 [네스트나다],대중음악,서울,네스트나다,0.60715,2,85.0,42.5,0.0,0.0,2,70,0.3618214621901475,0.38840340968517933,0.18641360301676208,37.22286593639328,43.22286593639328,0.49,True
"제31회 젊은연극제, 광부화가들",연극,서울,열린극장,0.51776667,3,233.0,77.67,0.0,0.0,1,150,0.301955862357494,0.5087582365861312,0.18641360301676208,37.20237453886951,43.20237453886951,0.4890909090909091,True
21° 11′,무용(서양/한국무용),서울,모두예술극장,0.52705,2,273.0,136.5,0.0,0.0,0,259,0.307812990272984,0.49222753896035976,0.18641360301676208,37.13971181021234,43.13971181021234,0.48818181818181816,True
제15회 부산마루국제음악제 메인콘서트 Ⅱ,서양음악(클래식),영남,부산시민회관,0.6613,1,1062.0,1062.0,0.0,0.0,7,1606,0.40567147787888297,0.5461065788097479,0.18641360301676208,45.689420306362514,43.09387093596733,0.4458536585365854,True
"제32회 젊은 연극제, 호스피스",연극,서울,공간아울,0.5552,2,191.0,95.5,0.0,0.0,2,172,0.3259988494927309,0.44998823344838407,0.18641360301676208,37.08600935424076,43.08600935424076,0.48727272727272725,True
제14회 안산 성가합창제,서양음악(클래식),경인,안산문화예술의전당,0.7177,1,1129.0,1129.0,0.0,0.0,6,1573,0.45348289927831814,0.552336314193076,0.18641360301676208,49.0702180409604,43.0702180409604,0.41934005499541704,True
안산중앙신협 맞춤형 공연,무용(서양/한국무용),경인,안산문화예술의전당,0.7177,1,1129.0,1129.0,0.0,0.0,6,1573,0.45348289927831814,0.552336314193076,0.18641360301676208,49.0702180409604,43.0702180409604,0.41934005499541704,True
"제11회 남양주시립소년소녀합창단 기획연주회, Music School",서양음악(클래식),경인,다산아트홀,0.8266,1,410.0,410.0,0.0,0.0,2,496,0.5461379562807238,0.4179008471917164,0.18641360301676208,49.06939655042342,43.06939655042342,0.41796516956920254,True
제12회 광주광역시 북구 시니어합창단 정기연주회,서양음악(클래식),호남,광주북구문화센터(양산도서관),0.6684,1,252.0,252.0,0.0,0.0,3,377,0.4134374019454032,0.3373614161698567,0.18641360301676208,38.11395546289152,43.060700962339084,0.4394736842105263,True
"장애인인식개선연극, 넌센스 [당진]",연극,충청,당진문예의전당,0.8467,1,254.0,254.0,0.0,0.0,5,300,0.5652782135759857,0.3380726388453091,0.18641360301676208,46.02156233660318,43.04854399158729,0.5068493150684932,True
언스코치드,연극,서울,두산아트센터,0.4767,3,429.0,143.0,0.0,0.0,1,300,0.2704476519192553,0.5928498588013806,0.18641360301676208,37.019267183296236,43.019267183296236,0.4863636363636364,True
"제32회 젊은연극제: 2100, 선인",연극,서울,루미나아트홀 (구.시온아트홀),0.5625,2,162.0,81.0,0.0,0.0,1,144,0.3305616567304675,0.43832365861311573,0.18641360301676208,37.00577047728419,43.00577047728419,0.48545454545454547,True
드림위드앙상블과 함께 하는 찾아가는 음악회,서양음악(클래식),경인,보노마루,0.936,1,190.0,190.0,0.0,0.0,1,203,0.6797275389603598,0.2994430498901789,0.18641360301676208,48.96960651594683,42.96960651594683,0.41704857928505956,True
안동시 승격 60주년 기념 경북 시도립 교류공연: L. V. Beethoven MASTERPIECE,서양음악(클래식),영남,안동문화예술의전당,0.6922,1,688.0,688.0,0.0,0.0,7,994,0.4298059826377994,0.4967916535927205,0.18641360301676208,45.54421176332744,42.948662392932256,0.4448780487804878,True
김윤희 플루트 독주회,서양음악(클래식),영남,(재)영화의전당,0.7087,1,596.0,596.0,0.0,0.0,8,841,0.4442788411254053,0.472466269218701,0.18641360301676208,45.534618422814056,42.93906905241887,0.44390243902439025,True
"강동예술인페스티벌, 구립경기민요",한국음악(국악),서울,강동아트센터,0.56,1,476.0,476.0,0.0,0.0,7,850,0.32950266708503295,0.43841779102604334,0.18641360301676208,36.9377662243588,42.9377662243588,0.48454545454545456,True
뒤란 (9.20),대중음악,영남,울산문화예술회관,0.7712,1,364.0,364.0,0.0,0.0,5,472,0.49738521075201336,0.3981016630059617,0.18641360301676208,45.50020123249817,42.90465186210299,0.4429268292682927,True
블랙뮤직 블라썸: FLOW IN BLOOM [의정부],대중음악,경인,의정부예술의전당,0.9185,1,214.0,214.0,0.0,0.0,6,233,0.6524422131576195,0.31733213053027925,0.18641360301676208,48.902476195949376,42.902476195949376,0.4161319890009166,True
"굿데이남성중창단, Awesome 콘서트",서양음악(클래식),영남,영도문화예술회관,0.7897,1,338.0,338.0,0.0,0.0,3,428,0.5102891956908273,0.3826770212320887,0.18641360301676208,45.48024314025156,42.884693769856376,0.4419512195121951,True
"김천시립교향악단, 교향악축제 프리뷰 콘서트 (04.14)",서양음악(클래식),영남,대구콘서트하우스,0.6713,1,862.0,862.0,0.0,0.0,7,1284,0.41589530383851064,0.5200279782449535,0.18641360301676208,45.47797240919291,42.882423038797725,0.44097560975609756,True
연평,연극,서울,서울시민청,0.498,5,249.0,49.8,0.0,0.0,6,100,0.2847244012132622,0.5436591360736325,0.18641360301676208,36.879539472665094,42.879539472665094,0.48363636363636364,True
충주시오케스트라 송년음악회,서양음악(클래식),충청,충주시문화회관,0.7042,1,626.0,626.0,0.0,0.0,1,889,0.44097113272670224,0.48544477565108246,0.18641360301676208,45.82495305767482,42.851934712658924,0.502283105022831,True
원더매직 하이라이트 쇼 [안동],서커스/마술,영남,안동문화예술의전당,0.8478,1,234.0,234.0,0.0,0.0,7,276,0.5661933898127811,0.3263335425164732,0.18641360301676208,45.419626969481605,42.82407759908642,0.4395121951219512,True
마음을 전하는 모래 이야기 [안동],서양음악(클래식),영남,안동문화예술의전당,0.8478,1,234.0,234.0,0.0,0.0,7,276,0.5661933898127811,0.3263335425164732,0.18641360301676208,45.419626969481605,42.82407759908642,0.4395121951219512,True
넌 특별하단다 [울산],뮤지컬,영남,울산광역시학생교육문화회관,0.597,2,843.0,421.5,0.0,0.0,2,706,0.352735069553394,0.6633027402991319,0.18641360301676208,45.41025081906662,42.814701448671435,0.4380487804878049,True
"소소스테이지I, 롱아일랜드 재즈밴드 with 채왕록",대중음악,영남,봉산문화회관,0.975,1,78.0,78.0,0.0,0.0,2,80,0.7371352368999059,0.21924223407593346,0.18641360301676208,45.38350051397703,42.78795114358185,0.43658536585365854,True
"무용여행 (舞游??) , 청년안무가 공모전 [대구]",무용(서양/한국무용),영남,봉산문화회관,0.975,1,78.0,78.0,0.0,0.0,2,80,0.7371352368999059,0.21924223407593346,0.18641360301676208,45.38350051397703,42.78795114358185,0.43658536585365854,True
대구무형유산제전,한국음악(국악),영남,대구문화예술회관,0.5417,3,1638.0,546.0,0.0,0.0,2,1008,0.3172393055119757,0.7761805773454659,0.18641360301676208,45.375069442198374,42.77952007180319,0.4351219512195122,True
추석특집 KBS 국악한마당 공연 [군산],한국음악(국악),호남,군산예술의전당,0.5425,1,651.0,651.0,0.0,0.0,4,1200,0.31803681623261165,0.49054492207928047,0.18641360301676208,37.823172385438795,42.76991788488636,0.4368421052631579,True
"SAC ON SCREEN, 오셀로 [부산 영도]",연극,영남,영도문화예술회관,0.9063,1,145.0,145.0,0.0,0.0,3,160,0.6319291915071645,0.27540921451730993,0.18641360301676208,45.330701228061585,42.7351518576664,0.43365853658536585,True
"SAC ON SCREEN, 영상으로 만나는 듀오콘서트: 정경화 & 케빈 케너 [부산]",서양음악(클래식),영남,영도문화예술회관,0.9063,1,145.0,145.0,0.0,0.0,3,160,0.6319291915071645,0.27540921451730993,0.18641360301676208,45.330701228061585,42.7351518576664,0.43365853658536585,True
"제26회 페스티벌 필하모닉 정기연주회 with 공감합창단: 베토벤, 합창",서양음악(클래식),경인,아트센터 인천,0.707,1,1221.0,1221.0,0.0,0.0,6,1727,0.443167555695011,0.5608762158770003,0.18641360301676208,48.695360407419116,42.695360407419116,0.4152153987167736,True
마딧길 네 번째 이야기: E 사운드,한국음악(국악),충청,태안군문화예술회관,0.7263,1,499.0,499.0,0.0,0.0,3,687,0.4632491371195482,0.4466465327894572,0.18641360301676208,45.653529448845745,42.68051110382985,0.4977168949771689,True
"더X콘서트, 시네마 파라디소 [창녕]",서양음악(클래식),영남,창녕문화예술회관,0.7581,1,376.0,376.0,0.0,0.0,5,496,0.4886387407174982,0.40372476728375695,0.18641360301676208,45.27170957147902,42.67616020108384,0.4317073170731707,True
창녕오케스트라와 떠나는 클래식 여행,서양음악(클래식),영남,창녕문화예술회관,0.7581,1,376.0,376.0,0.0,0.0,5,496,0.4886387407174982,0.40372476728375695,0.18641360301676208,45.27170957147902,42.67616020108384,0.4317073170731707,True
"제31회 젊은연극제, 타르튀프",연극,서울,공간아울,0.5465,2,188.0,94.0,0.0,0.0,2,172,0.3202332392009204,0.4484991109716557,0.18641360301676208,36.6424479484078,42.6424479484078,0.4827272727272727,True
Panorama Empathy,무용(서양/한국무용),영남,대구문화예술회관,0.6855,1,691.0,691.0,0.0,0.0,2,1008,0.42465484781926577,0.4971185022487188,0.18641360301676208,45.22781663538166,42.632267264986474,0.4302439024390244,True
영화음악여행 [의성],서양음악(클래식),영남,의성문화회관,0.6811,1,722.0,722.0,0.0,0.0,5,1060,0.4220139106787993,0.5016067879928878,0.18641360301676208,45.22113120291259,42.625581832517405,0.4292682926829268,True
"제48회 파주시립예술단 정기연주회, 합창으로 만나는 인생의 희로애락: VOYAGE [파주]",서양음악(클래식),경인,파주운정행복센터,0.6604,2,708.0,354.0,0.0,0.0,9,536,0.40500470662064636,0.6387197991841858,0.18641360301676208,48.59596310204242,42.59596310204242,0.4138405132905591,True
어머니,연극,경인,파주운정행복센터,0.6604,2,708.0,354.0,0.0,0.0,9,536,0.40500470662064636,0.6387197991841858,0.18641360301676208,48.59596310204242,42.59596310204242,0.4138405132905591,True
티그란 마이테시안 바이올린 리사이틀: 마이테시안 교수와 함께하는 송년음악회 [목포],서양음악(클래식),호남,목포문화예술회관,0.5931,1,414.0,414.0,0.0,0.0,6,698,0.34991109716556845,0.4190748875640624,0.18641360301676208,37.6089565733219,42.55570207276946,0.4342105263157895,True
제61회 시티필하모니오케스트라 정기연주회,서양음악(클래식),서울,영산아트홀,0.592,1,354.0,354.0,0.0,0.0,4,598,0.3491005124986926,0.391605219119339,0.18641360301676208,36.55187672288526,42.55187672288526,0.4818181818181818,True
나불랜드,뮤지컬,호남,목포문화예술회관,0.47205,2,659.0,329.5,0.0,0.0,6,698,0.26668235540215457,0.6288032109611965,0.18641360301676208,37.58395415291319,42.53069965236076,0.43157894736842106,True
"더X콘서트, 모차르트 온 더 로드 (14시) [창녕]",서양음악(클래식),영남,창녕문화예술회관,0.754,1,374.0,374.0,0.0,0.0,5,496,0.48616776487815083,0.40317043196318375,0.18641360301676208,45.10941193079899,42.51386256040381,0.42829268292682926,True
제2회 서울시민윈드콰이어 정기연주회,서양음악(클래식),경인,성남아트센터,0.7296,1,804.0,804.0,0.0,0.0,7,1102,0.4670536554753687,0.5131079385001569,0.18641360301676208,48.49573644879115,42.49573644879115,0.41246562786434465,True
제19회 서구립소년소녀합창단 정기연주회: 함께,서양음악(클래식),경인,청라복합문화센터 블루노바홀,0.821,1,399.0,399.0,0.0,0.0,4,486,0.539444095805878,0.41244116724192026,0.18641360301676208,48.45210719549656,42.45210719549656,0.41154903758020167,True
"제5회 안단태오페라단 정기공연: 해설이 있는 가족오페라, 마술피리 [안동]",서양음악(클래식),영남,안동문화예술의전당,0.8406,1,232.0,232.0,0.0,0.0,7,276,0.5586235749398598,0.3255438761635812,0.18641360301676208,45.01065863386929,42.41510926347411,0.4273170731707317,True
"더X콘서트, 노래의 날개위에 [창녕]",서양음악(클래식),영남,창녕문화예술회관,0.752,1,373.0,373.0,0.0,0.0,5,496,0.4849388139315971,0.40234546595544396,0.18641360301676208,45.00407214273647,42.408522772341286,0.42634146341463414,True
"4.16 가족극단 노란리본 10주기 기획공연: 연속,극",연극,경인,보노마루,0.734,2,298.0,149.0,0.0,0.0,1,203,0.4708058780462295,0.5039705574730676,0.18641360301676208,48.38014792730318,42.38014792730318,0.41017415215398717,True
빛 모으기 운동 [안산],연극,경인,보노마루,0.734,2,298.0,149.0,0.0,0.0,1,203,0.4708058780462295,0.5039705574730676,0.18641360301676208,48.38014792730318,42.38014792730318,0.41017415215398717,True
"뉴비스테이지(Newbie Stage), 살다살다 이런거 처음 해 봄 (14:00)",한국음악(국악),호남,국립아시아문화전당,0.7917,1,95.0,95.0,0.0,0.0,6,120,0.5115050726911411,0.23377915490011505,0.18641360301676208,37.396613922000874,42.34335942144844,0.42894736842105263,True
"세월호 참사 9주기 4월 연극제: 연속,극 [보노마루]",연극,경인,보노마루,0.58562941,17,2021.0,118.88,0.0,0.0,1,203,0.3446553707771154,0.8023232402468361,0.18641360301676208,48.32487943664421,42.32487943664421,0.40879926672777267,True
썸머 페스티벌,서양음악(클래식),영남,경북대학교,0.6396,1,1175.0,1175.0,0.0,0.0,8,1837,0.3898912247672838,0.5555054387616358,0.18641360301676208,44.92017117557972,42.324621805184535,0.4253658536585366,True
유쾌한 하녀 마리사 [창녕],연극,영남,창녕문화예술회관,0.75,1,372.0,372.0,0.0,0.0,5,496,0.4829123522644075,0.4015270369208242,0.18641360301676208,44.85459152937655,42.259042158981366,0.42390243902439023,True
"더X콘서트, 올댓집시 [창녕]",서양음악(클래식),영남,창녕문화예술회관,0.75,1,372.0,372.0,0.0,0.0,5,496,0.4829123522644075,0.4015270369208242,0.18641360301676208,44.85459152937655,42.259042158981366,0.42390243902439023,True
광주국악상설공연 (1월),한국음악(국악),호남,광주공연마루,0.43952,10,756.0,75.6,0.0,0.0,6,172,0.24518878778370462,0.6981604957640415,0.18641360301676208,37.2633994866883,42.210144986135866,0.4263157894736842,True
연기 실험 발표회: 한 번만 좀 때려볼 수 있다면,연극,서울,극장 봄 (봄소극장),0.5455,3,90.0,30.0,0.0,0.0,0,55,0.31973642924380297,0.43627104905344627,0.18641360301676208,36.20577348357108,42.20577348357108,0.4809090909090909,True
제34회 경북무용제,무용(서양/한국무용),영남,강동문화복지회관,0.7181,1,479.0,479.0,0.0,0.0,6,667,0.4539274134504759,0.43919307603807134,0.18641360301676208,44.79752708280141,42.201977712406226,0.4219512195121951,True
제35회 경북무용제,무용(서양/한국무용),영남,강동문화복지회관,0.7181,1,479.0,479.0,0.0,0.0,6,667,0.4539274134504759,0.43919307603807134,0.18641360301676208,44.79752708280141,42.201977712406226,0.4219512195121951,True
강원도립국악관현악단 신춘음악회: 푸른 봄; 靑春을 노래하다 [속초],한국음악(국악),기타,속초문화예술회관,0.6598,1,382.0,382.0,0.0,0.0,1,579,0.4046647840184081,0.4056910887982429,0.18641360301676208,40.507499400427655,42.19542782448575,0.5060975609756098,True
"금호영재콘서트, 홍채련 가야금 독주회",한국음악(국악),서울,금호아트홀 연세,0.6333,1,247.0,247.0,0.0,0.0,1,390,0.3824782972492417,0.33298425896872713,0.18641360301676208,36.18541517282364,42.18541517282364,0.48,True
국립경찰병원 유치기념 아트밸리 아산 신년음악회,서양음악(클래식),충청,경찰인재개발원,0.645,1,1161.0,1161.0,0.0,0.0,0,1800,0.3936695952306244,0.5546739357807761,0.18641360301676208,45.153791962902,42.1807736178861,0.4931506849315068,True
최소빈발레단의 용인시민과 함께하는 힐링발레 [용인],무용(서양/한국무용),경인,용인문화예술원,0.8897,1,258.0,258.0,0.0,0.0,5,290,0.6075332078234494,0.33960621273925323,0.18641360301676208,48.142901781593864,42.142901781593864,0.4074243813015582,True
"제1회 대한민국 대학연극제, 지옥",뮤지컬,경인,용인문화예술원,0.8897,1,258.0,258.0,0.0,0.0,5,290,0.6075332078234494,0.33960621273925323,0.18641360301676208,48.142901781593864,42.142901781593864,0.4074243813015582,True
미스터 래빗,뮤지컬,경인,문산행복센터,0.6091,4,1128.0,282.0,0.0,0.0,6,463,0.3630373391904613,0.7343269532475682,0.18641360301676208,48.1201048480813,42.1201048480813,0.4060494958753437,True
"대진대학교 연기예술학과, 12인의 성난 사람들",연극,경인,대진대학교,0.74,4,148.0,37.0,0.0,0.0,6,50,0.4749241711118084,0.4899657462608513,0.18641360301676208,48.08845806025469,42.08845806025469,0.40513290559120074,True
오수진 바이올린 리사이틀 [대구],서양음악(클래식),영남,비원뮤직홀,0.875,1,175.0,175.0,0.0,0.0,4,200,0.5937924903252798,0.2913071331450685,0.18641360301676208,44.66026216558122,42.06471279518604,0.42048780487804877,True
BPSCO & BPSYO 가을음악회 [성남],서양음악(클래식),경인,성남아트리움 (구. 성남시민회관),0.7767,1,501.0,501.0,0.0,0.0,10,645,0.5023140884844681,0.44934630268800335,0.18641360301676208,48.041624507532724,42.041624507532724,0.40421631530705776,True
루체 우드윈드 퀸텟: 클래식 청년예술가와의 만남,서양음악(클래식),경인,솔가람아트홀,0.8833,1,265.0,265.0,0.0,0.0,4,300,0.6026043300909947,0.3418379353624098,0.18641360301676208,48.033855972226384,42.033855972226384,0.40284142988084326,True
이용근 클라리넷 독주회,서양음악(클래식),경인,솔가람아트홀,0.8833,1,265.0,265.0,0.0,0.0,4,300,0.6026043300909947,0.3418379353624098,0.18641360301676208,48.033855972226384,42.033855972226384,0.40284142988084326,True
"경기팝스앙상블, 팝스 콘서트 [포천]",대중음악,경인,포천반월아트홀,0.9008,1,227.0,227.0,0.0,0.0,1,252,0.624803890806401,0.3231657253425374,0.18641360301676208,47.99724971961262,41.99724971961262,0.40146654445462876,True
"제4회 파주아트페스티벌, 뮤직드라마: 그리고 동동",연극,경인,파주운정행복센터,0.65015,2,697.0,348.5,0.0,0.0,9,536,0.3978663319736429,0.6354133981801067,0.18641360301676208,47.98051014825136,41.98051014825136,0.4005499541704858,True
"제21회 평창대관령음악제, 찾아가는 가족 음악회 #1 새를 노래하는 사람들",서양음악(클래식),기타,인제 기적의도서관,0.7979,1,150.0,150.0,0.0,0.0,0,188,0.5152049994770421,0.27857964648049366,0.18641360301676208,40.28726584908843,41.97519427314652,0.4969512195121951,True
"제21회 평창대관령음악제, 찾아가는 가족 음악회 #7 폴 레이 (Paul Lay)",서양음악(클래식),기타,인제 기적의도서관,0.7979,1,150.0,150.0,0.0,0.0,0,188,0.5152049994770421,0.27857964648049366,0.18641360301676208,40.28726584908843,41.97519427314652,0.4969512195121951,True
"더X콘서트, 부에노스아이레스의 카페 (19시) [창녕]",서양음악(클래식),영남,창녕문화예술회관,0.744,1,369.0,369.0,0.0,0.0,5,496,0.4783364710804309,0.4006615416797406,0.18641360301676208,44.56061337342372,41.96506400302854,0.4195121951219512,True
피아노 향기 [천안],서양음악(클래식),충청,천안예술의전당,0.772,1,342.0,342.0,0.0,0.0,3,443,0.49827423909632884,0.38456359167451104,0.18641360301676208,44.92295611424502,41.94993776922912,0.4885844748858447,True
제1회 계성초등학교 오케스트라 정기연주회,서양음악(클래식),영남,대구콘서트하우스,0.6565,1,843.0,843.0,0.0,0.0,7,1284,0.4020369208241816,0.518164940905763,0.18641360301676208,44.49864358534896,41.903094214953775,0.41853658536585364,True
작곡가 이현정의 1st concert: 기억을 기록하다,대중음악,경인,트라이보울,0.69665,2,418.0,209.0,0.0,0.0,5,300,0.43274762054178434,0.5571671373287312,0.18641360301676208,47.87789085770789,41.87789085770789,0.3996333638863428,True
"창녕의 소리, 하모닉의 꿈 [창녕]",서양음악(클래식),영남,창녕문화예술회관,0.7419,1,368.0,368.0,0.0,0.0,5,496,0.4768591151553185,0.4003595335215982,0.18641360301676208,44.46457268235988,41.869023311964696,0.4175609756097561,True
"남양주시립합창단, 클래식 세계여행: 남미의 음악산책 (11.21)",서양음악(클래식),경인,다산아트홀,0.8065,1,400.0,400.0,0.0,0.0,2,496,0.5272330300177805,0.4134530906808911,0.18641360301676208,47.83789520876964,41.83789520876964,0.3982584784601283,True
"남양주시립합창단 기획연주회, 해설이 있는 오페라: 카르멘 갈라콘서트 [다산아트홀]",서양음악(클래식),경인,다산아트홀,0.8065,1,400.0,400.0,0.0,0.0,2,496,0.5272330300177805,0.4134530906808911,0.18641360301676208,47.83789520876964,41.83789520876964,0.3982584784601283,True
한 여름밤의 팝 클래식 [안동],서양음악(클래식),영남,안동문화예술의전당,0.8297,1,229.0,229.0,0.0,0.0,7,276,0.5485174144963916,0.323829881811526,0.18641360301676208,44.42638958170165,41.830840211306466,0.41560975609756096,True
안동문화예술의전당 지역 영재 협주곡의 밤,서양음악(클래식),영남,안동문화예술의전당,0.8297,1,229.0,229.0,0.0,0.0,7,276,0.5485174144963916,0.323829881811526,0.18641360301676208,44.42638958170165,41.830840211306466,0.41560975609756096,True
서커스 더블빌 [안동],서커스/마술,영남,안동문화예술의전당,0.8297,1,229.0,229.0,0.0,0.0,7,276,0.5485174144963916,0.323829881811526,0.18641360301676208,44.42638958170165,41.830840211306466,0.41560975609756096,True
조선유랑연희 [부산],한국음악(국악),영남,국립부산국악원,0.82,1,246.0,246.0,0.0,0.0,5,300,0.5388034724401213,0.33259204058152914,0.18641360301676208,44.42454334719705,41.82899397680187,0.41365853658536583,True
영호남 4개도시 청소년 교류음악회 [대구],서양음악(클래식),영남,대구학생문화센터,0.6508,1,891.0,891.0,0.0,0.0,2,1369,0.3984938813931597,0.5228336471080431,0.18641360301676208,44.42203051091623,41.82648114052105,0.41268292682926827,True
목포시립교향악단 with 아창제 특별연주회,서양음악(클래식),호남,목포시민문화체육센터,0.522,1,630.0,630.0,0.0,0.0,6,1207,0.305668863089635,0.4873457274343688,0.18641360301676208,36.837112987697125,41.78385848714469,0.4236842105263158,True
청소년 행복콘서트: 자유 [포항],대중음악,영남,경상북도교육청문화원,0.6623,1,759.0,759.0,0.0,0.0,4,1146,0.4062336575672001,0.5066990900533418,0.18641360301676208,44.377781914036326,41.78223254364114,0.4117073170731707,True
올 댓 리듬,대중무용,영남,울산광역시학생교육문화회관,0.5779,2,816.0,408.0,0.0,0.0,2,706,0.34005334170065893,0.6591543771572012,0.18641360301676208,44.31217674262498,41.716627372229794,0.41073170731707315,True
"달서구 지역민과 함께하는 가족 뮤지컬, 행복동화 딸부자집",뮤지컬,영남,계명문화대학교,0.6004,2,598.0,299.0,0.0,0.0,1,498,0.3582653488128857,0.6088053027925949,0.18641360301676208,44.29087436232484,41.69532499192966,0.4097560975609756,True
"충주오페라단, 청바지 콘서트 [충주]",서양음악(클래식),충청,충주시문화회관,0.6862,1,610.0,610.0,0.0,0.0,1,889,0.424994770421504,0.48126895722204793,0.18641360301676208,44.66684643609475,41.693828091078856,0.4840182648401826,True
마술사 최형배 원더풀 매직,서커스/마술,영남,안동문화예술의전당,0.8261,1,228.0,228.0,0.0,0.0,7,276,0.5457326639472858,0.3234964961824077,0.18641360301676208,44.27267890520969,41.677129534814505,0.408780487804878,True
윤회매십전,무용(서양/한국무용),기타,강릉아트센터(구. 강릉문화예술관),0.6019,1,585.0,585.0,0.0,0.0,7,972,0.3591020813722414,0.4697403514276749,0.18641360301676208,39.98286409477856,41.670792518836656,0.4878048780487805,True
"My Music My Life, 테너 정호윤의 음악 발자취",서양음악(클래식),서울,소셜베뉴 라움,0.625,1,240.0,240.0,0.0,0.0,2,384,0.37608513753791445,0.3292098106892585,0.18641360301676208,35.65831442679879,41.65831442679879,0.47909090909090907,True
"세월호 참사 10주기 4월 연극제, 포빅타운 [안산]",연극,경인,보노마루,0.7241,2,294.0,147.0,0.0,0.0,1,203,0.45945769270996756,0.5016839242757034,0.18641360301676208,47.59040386602013,41.59040386602013,0.39596700274977087,True
"세월호 참사 10주기 4월 연극제: 언제나 봄 D+3650, 달정이와 버들이",연극,경인,보노마루,0.7241,2,294.0,147.0,0.0,0.0,1,203,0.45945769270996756,0.5016839242757034,0.18641360301676208,47.59040386602013,41.59040386602013,0.39596700274977087,True
"세월호 참사 10주기 4월 연극제, 입하: 꽃이 피다 [안산]",연극,경인,보노마루,0.7241,2,294.0,147.0,0.0,0.0,1,203,0.45945769270996756,0.5016839242757034,0.18641360301676208,47.59040386602013,41.59040386602013,0.39596700274977087,True
"유네스코 인류무형유산, 세계가 인정한 우리음악 우리춤 [창녕]",한국음악(국악),영남,창녕문화예술회관,0.7359,1,365.0,365.0,0.0,0.0,5,496,0.4729107833908587,0.3983801380608723,0.18641360301676208,44.15568243901896,41.56013306862378,0.40780487804878046,True
브레이킹 히스토리 [울산],대중음악,영남,울산광역시학생교육문화회관,0.57295,2,809.0,404.5,0.0,0.0,2,706,0.33780462294739044,0.6578169124568559,0.18641360301676208,44.10028206537935,41.50473269498417,0.4068292682926829,True
동행,서양음악(클래식),경인,성남아트센터,0.8386,1,317.0,317.0,0.0,0.0,7,378,0.5568847400899487,0.374023376215877,0.18641360301676208,47.49180641842445,41.49180641842445,0.3936755270394134,True
"제22회 한국조이앙상블 정기연주회, 인조이 앙상블",서양음악(클래식),경인,성남아트센터,0.8386,1,317.0,317.0,0.0,0.0,7,378,0.5568847400899487,0.374023376215877,0.18641360301676208,47.49180641842445,41.49180641842445,0.3936755270394134,True
"Femme fatale, Carmen (카르멘)",서양음악(클래식),경인,하남문화예술회관,0.8479,1,301.0,301.0,0.0,0.0,4,355,0.5663110553289404,0.3644323292542621,0.18641360301676208,47.47661890243188,41.47661890243188,0.3923006416131989,True
"혜화동1번지 동인 페스티벌, 안전 연극제: 연속, 극",연극,서울,연극실험실 혜화동1번지,0.51903333,3,109.0,36.33,0.0,0.0,0,70,0.3027141512394101,0.449998692605376,0.18641360301676208,35.47350773737175,41.47350773737175,0.4781818181818182,True
모차르트 vs 베토벤 [울산],서양음악(클래식),영남,울산광역시학생교육문화회관,0.57155,2,807.0,403.5,0.0,0.0,2,706,0.3372816650977931,0.6576430289718649,0.18641360301676208,44.0546472668381,41.45909789644292,0.4058536585365854,True
"제11회 헤이리챔버오케스트라 정기연주회, 송년음악회",서양음악(클래식),경인,솔가람아트홀,0.8733,1,262.0,262.0,0.0,0.0,4,300,0.5915699194644911,0.3408848446815187,0.18641360301676208,47.451148331490586,41.451148331490586,0.3913840513290559,True
"더X콘서트, 커피칸타타 [창녕]",서양음악(클래식),영남,창녕문화예술회관,0.7339,1,364.0,364.0,0.0,0.0,5,496,0.4705836209601506,0.3981016630059617,0.18641360301676208,44.012869183923904,41.41731981352872,0.40439024390243905,True
탭댄스 위드재즈 콘서트 [창녕],서양음악(클래식),영남,창녕문화예술회관,0.7339,1,364.0,364.0,0.0,0.0,5,496,0.4705836209601506,0.3981016630059617,0.18641360301676208,44.012869183923904,41.41731981352872,0.40439024390243905,True
The 4th concert Wind Fantasia [청주],서양음악(클래식),충청,청주아트홀 (구. 청주시민회관),0.7042,1,500.0,500.0,0.0,0.0,1,710,0.44097113272670224,0.44828862043719275,0.18641360301676208,44.38836842012943,41.41535007511354,0.4794520547945205,True
건반으로 듣는 영화음악 콘서트 [안동],서양음악(클래식),영남,안동문화예술의전당,0.8225,1,227.0,227.0,0.0,0.0,7,276,0.540620750967472,0.3231657253425374,0.18641360301676208,44.00537683239877,41.409827462003584,0.4029268292682927,True
"제21회 합창단 음악이있는마을 정기연주회, 진한서 칸타타: 행복한 왕자 [인천]",서양음악(클래식),경인,아트센터 인천,0.6873,1,1187.0,1187.0,0.0,0.0,6,1727,0.4257399853571802,0.5564742181780149,0.18641360301676208,47.38759670654022,41.38759670654022,0.3904674610449129,True
Tenor 박경환 독창회,서양음악(클래식),충청,충주시문화회관,0.6794,1,604.0,604.0,0.0,0.0,1,889,0.4206934421085661,0.4799707143604226,0.18641360301676208,44.34711183682571,41.374093491809816,0.4657534246575342,True
탄금으로 퍼지다! [충주],연극,충청,충주시문화회관,0.6794,1,604.0,604.0,0.0,0.0,1,889,0.4206934421085661,0.4799707143604226,0.18641360301676208,44.34711183682571,41.374093491809816,0.4657534246575342,True
제11회 충주시성악연구회 정기연주회,서양음악(클래식),충청,충주시문화회관,0.6794,1,604.0,604.0,0.0,0.0,1,889,0.4206934421085661,0.4799707143604226,0.18641360301676208,44.34711183682571,41.374093491809816,0.4657534246575342,True
제11회 충주가온피아노앙상블 정기연주회: 음플루언서 [충주],서양음악(클래식),충청,충주시문화회관,0.6794,1,604.0,604.0,0.0,0.0,1,889,0.4206934421085661,0.4799707143604226,0.18641360301676208,44.34711183682571,41.374093491809816,0.4657534246575342,True
"백성의 온천 물안비, 수안보",서양음악(클래식),충청,충주시문화회관,0.6794,1,604.0,604.0,0.0,0.0,1,889,0.4206934421085661,0.4799707143604226,0.18641360301676208,44.34711183682571,41.374093491809816,0.4657534246575342,True
"소소스테이지Ⅲ, 피아니스트 최훈락의 렉처 콘서트",서양음악(클래식),영남,봉산문화회관,0.95,1,76.0,76.0,0.0,0.0,2,80,0.7009988494927308,0.21835451312624204,0.18641360301676208,43.96380290349388,41.368253533098695,0.4,True
"소소스테이지Ⅳ, 홍기쁨의 Salon de Tango",대중음악,영남,봉산문화회관,0.95,1,76.0,76.0,0.0,0.0,2,80,0.7009988494927308,0.21835451312624204,0.18641360301676208,43.96380290349388,41.368253533098695,0.4,True
"소소스테이지Ⅴ, 뮤지컬과 사랑에 빠지다",뮤지컬,영남,봉산문화회관,0.95,1,76.0,76.0,0.0,0.0,2,80,0.7009988494927308,0.21835451312624204,0.18641360301676208,43.96380290349388,41.368253533098695,0.4,True
고려무용단 초청공연 [대구],무용(서양/한국무용),영남,봉산문화회관,0.95,1,76.0,76.0,0.0,0.0,2,80,0.7009988494927308,0.21835451312624204,0.18641360301676208,43.96380290349388,41.368253533098695,0.4,True
"소소스테이지Ⅱ, Mama Africa 원따나라",대중음악,영남,봉산문화회관,0.95,1,76.0,76.0,0.0,0.0,2,80,0.7009988494927308,0.21835451312624204,0.18641360301676208,43.96380290349388,41.368253533098695,0.4,True
"ACC 수요극장, 나는 광주에 없었다",연극,호남,국립아시아문화전당,0.6855,1,170.0,170.0,0.0,0.0,6,248,0.42465484781926577,0.28905449220792806,0.18641360301676208,36.40940158517769,41.356147084625256,0.42105263157894735,True
안산시립합창단 특별기획공연,서양음악(클래식),경인,안산문화예술의전당,0.691,1,1087.0,1087.0,0.0,0.0,6,1573,0.42915228532580274,0.5480755151134818,0.18641360301676208,47.326350743197715,41.326350743197715,0.38955087076076994,True
"비원뮤직홀 레지던시 시리즈, 김영주 플루트 리사이틀 [대구]",서양음악(클래식),영남,비원뮤직홀,0.86,1,172.0,172.0,0.0,0.0,4,200,0.5786528605794373,0.2901762367953143,0.18641360301676208,43.905163655363985,41.3096142849688,0.39707317073170734,True
사냥꾼의 먹이가 된 그림자,연극,서울,모두예술극장,0.4981,2,258.0,129.0,0.0,0.0,0,259,0.28477669699822195,0.487102552034306,0.18641360301676208,35.29805952034941,41.29805952034941,0.4772727272727273,True
"제9회 바로크음악제, 아니마코르디 바로크 앙상블 [대전]",서양음악(클래식),충청,대전시립연정국악원,0.8018,1,271.0,271.0,0.0,0.0,6,338,0.5236115469093191,0.3439846773350068,0.18641360301676208,44.260994529447046,41.28797618443115,0.4520547945205479,True
성남시 신춘음악회,서양음악(클래식),경인,성남아트센터,0.7132,1,786.0,786.0,0.0,0.0,7,1102,0.4491423491266604,0.5107938500156888,0.18641360301676208,47.28557424474912,41.28557424474912,0.38817598533455544,True
성남시 신춘음악회,서양음악(클래식),경인,성남아트센터,0.7132,1,786.0,786.0,0.0,0.0,7,1102,0.4491423491266604,0.5107938500156888,0.18641360301676208,47.28557424474912,41.28557424474912,0.38817598533455544,True
S.E.PhiA 3rd Concert: Animato,서양음악(클래식),서울,꿈의숲아트센터,0.6412,1,193.0,193.0,0.0,0.0,8,301,0.3912378412299969,0.3015427256563121,0.18641360301676208,35.253647263146014,41.253647263146014,0.4763636363636364,True
국악아카펠라그룹 토리스: 믹스 & 하모니 [안동],한국음악(국악),영남,안동문화예술의전당,0.8188,1,226.0,226.0,0.0,0.0,7,276,0.5377183349022069,0.32271859638113165,0.18641360301676208,43.83918824434591,41.24363887395073,0.3960975609756098,True
"아르코 댄스 & 커넥션, 김건중: 미들 워킹 미들",무용(서양/한국무용),서울,대학로예술극장,0.485,4,194.0,48.5,0.0,0.0,1,100,0.2759387093400272,0.5083568664365652,0.18641360301676208,35.23344059923302,41.23344059923302,0.47545454545454546,True
"CK ON STAGE: 세븐 7, 소년이 그랬다",연극,서울,한예극장,0.4,11,880.0,80.0,0.0,0.0,0,200,0.21981225813199456,0.7130804832130531,0.18641360301676208,35.19545343325316,41.19545343325316,0.47454545454545455,True
시크릿 마인드 [서울],뮤지컬,서울,금천뮤지컬센터,0.5076,2,200.0,100.0,0.0,0.0,3,197,0.29513126242024895,0.45802478820207093,0.18641360301676208,35.18558064776993,41.18558064776993,0.47363636363636363,True
제17회 페스티벌 앙상블 가우디움 정기연주회,서양음악(클래식),경인,아트센터 인천,0.6815,1,1177.0,1177.0,0.0,0.0,6,1727,0.4223407593347976,0.555649252170275,0.18641360301676208,47.13224119970937,41.13224119970937,0.386801099908341,True
심청날다 [대구],뮤지컬,영남,아양아트센터,0.6508,1,723.0,723.0,0.0,0.0,6,1111,0.3984938813931597,0.5017885158456229,0.18641360301676208,43.697971948208135,41.10242257781295,0.3951219512195122,True
"광주시립극단, 출장 연극 시리즈 1: 오스카와 장미할머니 [빛고을아트스페이스]",연극,호남,빛고을아트스페이스,0.78,1,78.0,78.0,0.0,0.0,0,100,0.5045889551302165,0.21924223407593346,0.18641360301676208,36.152000272765335,41.0987457722129,0.41842105263157897,True
대전뮤직아티슨 콘서트,서양음악(클래식),충청,대전예술가의집,0.9,1,126.0,126.0,0.0,0.0,6,140,0.6215877000313774,0.2631053237109089,0.18641360301676208,44.071040234735264,41.09802188971937,0.4474885844748858,True
클래식으로 만나는 명작 애니메이션 [안동],서양음악(클래식),영남,안동문화예술의전당,0.8152,1,225.0,225.0,0.0,0.0,7,276,0.5349074364606212,0.32215903148206254,0.18641360301676208,43.671218111851246,41.07566874145606,0.39414634146341465,True
"국립국악원 창작악단, 관현악-축제 [울진]",한국음악(국악),영남,울진문화예술회관,0.7276,1,358.0,358.0,0.0,0.0,1,492,0.4657854826900952,0.3962020186172994,0.18641360301676208,43.659448224065166,41.06389885366998,0.3931707317073171,True
테너 양재혁 & 4人4色의 가을노래,서양음악(클래식),서울,꿈의숲아트센터,0.6379,1,192.0,192.0,0.0,0.0,8,301,0.3873810270892166,0.3006994561238364,0.18641360301676208,35.00548223095941,41.00548223095941,0.4727272727272727,True
"제79회 시립합창단 정기연주회, 홍탁삼합 [목포]",뮤지컬,호남,목포문화예술회관,0.5616,1,392.0,392.0,0.0,0.0,6,698,0.33024788202070915,0.41077162430708086,0.18641360301676208,36.03663232440272,40.98337782385028,0.41578947368421054,True
"파주윈드오케스트라, 한 여름밤의 예술무대 [파주]",서양음악(클래식),경인,솔가람아트홀,0.8633,1,259.0,259.0,0.0,0.0,4,300,0.582418157096538,0.33995790189310743,0.18641360301676208,46.958152250379655,40.958152250379655,0.38588450962419796,True
"조이브라스밴드, 신나는 카니발",대중음악,영남,안동문화예술의전당,0.8116,1,224.0,224.0,0.0,0.0,7,276,0.5322403514276749,0.32174197259700865,0.18641360301676208,43.5178836162071,40.92233424581192,0.3921951219512195,True
제28회 대구시립국악단 청소년 협주곡의 밤,한국음악(국악),영남,대구문화예술회관,0.5417,2,1092.0,546.0,0.0,0.0,2,1008,0.3172393055119757,0.6988743332287417,0.18641360301676208,43.51027524600673,40.914725875611545,0.39121951219512197,True
"주신 무용단 정기공연, 춤으로 들려주는 이야기 [구미]",무용(서양/한국무용),영남,구미시문화예술회관,0.6433,1,761.0,761.0,0.0,0.0,1,1183,0.39285901056374856,0.5070690827319317,0.18641360301676208,43.50797633571143,40.91242696531625,0.3902439024390244,True
"기형도 35주기 추모 행사, 기형도 플레이",연극,경인,광명시민회관,0.63585,2,674.0,337.0,0.0,0.0,7,530,0.38438709340027194,0.6317252379458216,0.18641360301676208,46.88917258911726,40.88917258911726,0.384967919340055,True
출동! 건강한 응가맨 [철원],연극,기타,철원군 화강문화센터,0.7011,1,244.0,244.0,0.0,0.0,6,348,0.43816023428511663,0.33166509779311787,0.18641360301676208,39.1976187742069,40.885547198264995,0.4817073170731707,True
Body & Voice,무용(서양/한국무용),충청,태안군문화예술회관,0.7001,1,481.0,481.0,0.0,0.0,3,687,0.4375326848655998,0.44011609664261064,0.18641360301676208,43.8564224867978,40.8834041417819,0.4429223744292237,True
제32회 인천서구립합창단 정기연주회,서양음악(클래식),경인,청라복합문화센터 블루노바홀,0.7963,1,387.0,387.0,0.0,0.0,4,486,0.5139891224767283,0.4080509360945508,0.18641360301676208,46.86602375089097,40.86602375089097,0.384051329055912,True
"충주가온피아노앙상블, Remember 라흐마니노프",서양음악(클래식),충청,충주시문화회관,0.6727,1,598.0,598.0,0.0,0.0,1,889,0.4167058885053865,0.4729526200188265,0.18641360301676208,43.835386165454516,40.86236782043862,0.4383561643835616,True
"대진대학교 연기예술학과 공연제작 Ⅱ, LOVE HOSPITAL: 딸기약과 호랑이 연고",연극,경인,대진대학교,0.72,4,144.0,36.0,0.0,0.0,6,50,0.45561395251542725,0.48880085765087333,0.18641360301676208,46.860939658519015,40.860939658519015,0.383134738771769,True
취연,뮤지컬,충청,금산다락원 생명의집,0.6989,1,492.0,492.0,0.0,0.0,4,704,0.4346564166928146,0.44364736952201655,0.18641360301676208,43.823072321849544,40.85005397683365,0.4337899543378995,True
라라라온 [부산 바이널언더그라운드],대중음악,영남,더 바이널 언더그라운드,0.98,1,49.0,49.0,0.0,0.0,0,50,0.7490325279782449,0.19161437088170696,0.18641360301676208,43.418182309946815,40.82263293955163,0.38926829268292684,True
"노래하는 대한민국, 강릉시 편 녹화",대중음악,기타,강릉아트센터(구. 강릉문화예술관),0.5885,1,572.0,572.0,0.0,0.0,7,972,0.34729630791758187,0.46725891643133566,0.18641360301676208,39.1059768494044,40.79390527346249,0.47560975609756095,True
제4회 춤사랑 무용제 [구미],무용(서양/한국무용),영남,구미시문화예술회관,0.6407,1,758.0,758.0,0.0,0.0,1,1183,0.39076717916535925,0.506442840707039,0.18641360301676208,43.34739690454752,40.75184753415234,0.3882926829268293,True
"예술로 빚은 아이, 청소년 합창 페스티벌 [대구]",서양음악(클래식),영남,대구학생문화센터,0.6348,1,869.0,869.0,0.0,0.0,2,1369,0.3835372868946763,0.5206777533730781,0.18641360301676208,43.342320971003126,40.74677160060794,0.3873170731707317,True
비아트리오: 퍼플엘리 [안동],서양음악(클래식),영남,안동문화예술의전당,0.808,1,223.0,223.0,0.0,0.0,7,276,0.5285404246417739,0.32138374647003454,0.18641360301676208,43.316812299597984,40.7212629292028,0.3858536585365854,True
"안동시립합창단 기획공연, 한여름밤의 콘서트",서양음악(클래식),영남,안동문화예술의전당,0.808,1,223.0,223.0,0.0,0.0,7,276,0.5285404246417739,0.32138374647003454,0.18641360301676208,43.316812299597984,40.7212629292028,0.3858536585365854,True
"제13회 경상북도 도립무용단 정기공연, 빛 그늘",무용(서양/한국무용),영남,경주예술의전당,0.6477,1,682.0,682.0,0.0,0.0,7,1053,0.39546072586549524,0.496094812258132,0.18641360301676208,43.29999933974122,40.70444996934604,0.38439024390243903,True
"하모나이즈 콘서트, School of Choir [울산]",대중음악,영남,울산광역시학생교육문화회관,0.55805,2,788.0,394.0,0.0,0.0,2,706,0.3284959732245581,0.6545588850538647,0.18641360301676208,43.28102318018298,40.685473809787794,0.38341463414634147,True
크리스마스와 함께하는 재즈의 밤(A Night of jazz) [철원],대중음악,기타,철원군 화강문화센터,0.6983,1,243.0,243.0,0.0,0.0,6,348,0.43444723355297565,0.3310061709026253,0.18641360301676208,38.96697185092919,40.654900274987284,0.4695121951219512,True
"국립발레단, 연수단원 갈라콘서트",무용(서양/한국무용),서울,국립극단 [명동],0.5631,1,308.0,308.0,0.0,0.0,6,547,0.3309800230101454,0.37073004915803787,0.18641360301676208,34.63412217251361,40.63412217251361,0.4718181818181818,True
"삼성전자와 함께하는 축하콘서트, 강릉시립합창단",서양음악(클래식),기타,강릉아트센터(구. 강릉문화예술관),0.5864,1,570.0,570.0,0.0,0.0,7,972,0.34499529337935364,0.4667019663215145,0.18641360301676208,38.93173462693355,40.61966305099164,0.4634146341463415,True
"강동예술인페스티벌, 구립풍물",한국음악(국악),서울,강동아트센터,0.644,1,161.0,161.0,0.0,0.0,7,250,0.3932250810584667,0.2856212739253216,0.18641360301676208,34.60197970916279,40.60197970916279,0.47045454545454546,True
스토리텔링 발레시리즈1: 가을밤의 발레여행,무용(서양/한국무용),서울,강동아트센터,0.644,1,161.0,161.0,0.0,0.0,7,250,0.3932250810584667,0.2856212739253216,0.18641360301676208,34.60197970916279,40.60197970916279,0.47045454545454546,True
나앤너 X 롱앤민아카데미 정기공연: 내일을 위해 함께하는 오늘,대중음악,경인,보노마루,0.7094,2,288.0,144.0,0.0,0.0,1,203,0.4448671687062023,0.49949665306976254,0.18641360301676208,46.5962800270076,40.5962800270076,0.38221814848762603,True
우리들의 하모니,서양음악(클래식),경인,성남아트리움 (구. 성남시민회관),0.8991,1,196.0,196.0,0.0,0.0,10,218,0.6194697207405083,0.3030462294739044,0.18641360301676208,46.538845331527355,40.538845331527355,0.38130155820348305,True
윤이상 가곡제 [통영],서양음악(클래식),영남,통영국제음악당,0.6333,1,829.0,829.0,0.0,0.0,6,1309,0.3824782972492417,0.516223459889133,0.18641360301676208,43.12202760543306,40.52647823503788,0.3824390243902439,True
"두산아트랩, 사회적 청소년기를 바탕으로 한 창작과정이 인형작업자의 창작과정에 미치는 영향",연극,서울,두산아트센터,0.4367,3,393.0,131.0,0.0,0.0,1,300,0.24376372764355192,0.5813081790607677,0.18641360301676208,34.50992559493466,40.50992559493466,0.4690909090909091,True
"맘프 파키스탄 특별공연, 왕의 녹차 [창원]",뮤지컬,영남,성산아트홀,0.51235,2,1742.0,871.0,0.0,0.0,2,1700,0.2982167137328731,0.7481565735801694,0.18641360301676208,43.08401679542403,40.488467425028844,0.38146341463414635,True
트리오 알투스 연주회 [성남],서양음악(클래식),경인,성남아트센터,0.8201,1,310.0,310.0,0.0,0.0,7,378,0.5391041732036398,0.37147526409371406,0.18641360301676208,46.44891526891061,40.44891526891061,0.38038496791934007,True
정진 콰르텟의 재즈 플레이 Play Book,대중음악,영남,안동문화예술의전당,0.8007,1,221.0,221.0,0.0,0.0,7,276,0.5231931806296413,0.32080064846773354,0.18641360301676208,43.02207369062748,40.426524320232296,0.3804878048780488,True
김희재 피아노 독주회: Across the Universe,서양음악(클래식),서울,예술의전당 [서울],0.55,1,330.0,330.0,0.0,0.0,10,600,0.32233814454554965,0.3797549942474637,0.18641360301676208,34.41822098173777,40.41822098173777,0.4681818181818182,True
"보광동아트페스티벌, 사랑의 편지",연극,서울,보광극장,0.8333,1,25.0,25.0,0.0,0.0,1,30,0.5525834117770108,0.16891930760380713,0.18641360301676208,34.39619664317931,40.39619664317931,0.46636363636363637,True
"시민워크숍, 사랑의 편지",연극,서울,보광극장,0.8333,1,25.0,25.0,0.0,0.0,1,30,0.5525834117770108,0.16891930760380713,0.18641360301676208,34.39619664317931,40.39619664317931,0.46636363636363637,True
"보광동아트페스티벌, 풋풋했던 그 시절, 우리",연극,서울,보광극장,0.8333,1,25.0,25.0,0.0,0.0,1,30,0.5525834117770108,0.16891930760380713,0.18641360301676208,34.39619664317931,40.39619664317931,0.46636363636363637,True
제76회 파주시립예술단 기획연주회: 그리움은 바람을 타고,서양음악(클래식),경인,솔가람아트홀,0.8533,1,256.0,256.0,0.0,0.0,4,300,0.5719459261583516,0.3387472544712896,0.18641360301676208,46.383476470091274,40.383476470091274,0.3794683776351971,True
"키즈페스티벌, 학생오케스트라페스티벌: 윈드오케스트라",서양음악(클래식),영남,수성아트피아,0.6368,1,738.0,738.0,0.0,0.0,3,1159,0.38641355506746156,0.5038267440644284,0.18641360301676208,42.967877221519856,40.37232785112467,0.3795121951219512,True
충주시립우륵국악단 특별기획연주회 호국음악회,한국음악(국악),충청,충주시문화회관,0.6659,1,592.0,592.0,0.0,0.0,1,889,0.4081555276644702,0.47146872712059407,0.18641360301676208,43.23909204970691,40.26607370469102,0.4292237442922374,True
제13회 서산시립합창단 정기연주회,서양음악(클래식),충청,서산시문화회관,0.7022,1,422.0,422.0,0.0,0.0,3,601,0.4396114423177492,0.42149748980232193,0.18641360301676208,43.227427364662034,40.25440901964614,0.4246575342465753,True
개똥이와 무등산 호랑이 [광주],한국음악(국악),호남,빛고을국악전수관,0.7051,1,110.0,110.0,0.0,0.0,4,156,0.4416379039849388,0.25235984729630795,0.18641360301676208,35.30595037201409,40.252695871461654,0.4131578947368421,True
남일동 부인들 [대구],연극,영남,대구문화예술회관,0.53025,2,1069.0,534.5,0.0,0.0,2,1008,0.30966949063905447,0.6969354670013597,0.18641360301676208,42.836707058414625,40.24115768801944,0.37853658536585366,True
시간의 절벽,연극,서울,씨어터 쿰,0.7207,1,80.0,80.0,0.0,0.0,1,111,0.45671216399958164,0.22215641669281458,0.18641360301676208,34.23332569108658,40.23332569108658,0.46454545454545454,True
김승민 첼로 리사이틀,서양음악(클래식),경인,성남아트센터,0.8148,1,308.0,308.0,0.0,0.0,7,378,0.5347113272670223,0.37073004915803787,0.18641360301676208,46.184340463776316,40.184340463776316,0.3785517873510541,True
제11회 인천국제현대무용제,무용(서양/한국무용),경인,트라이보울,0.6667,2,400.0,200.0,0.0,0.0,5,300,0.41052191193389814,0.5498235017257609,0.18641360301676208,46.14143803258756,40.14143803258756,0.37763519706691107,True
만선 [안산],연극,경인,안산문화예술의전당,0.9286,1,130.0,130.0,0.0,0.0,6,140,0.6663398180106683,0.2657436460621274,0.18641360301676208,46.13203525568255,40.13203525568255,0.3767186067827681,True
거인 앙갈로 [남양주 어린이비전센터],연극,경인,남양주 어린이비전센터,0.9,1,180.0,180.0,0.0,0.0,4,200,0.6215877000313774,0.2937245058048321,0.18641360301676208,46.05507776396844,40.05507776396844,0.3758020164986251,True
공단빵 아이 [철원],연극,기타,철원군 화강문화센터,0.6868,1,239.0,239.0,0.0,0.0,6,348,0.4254654324861416,0.3282841752954712,0.18641360301676208,38.35469627276623,40.042624696824326,0.4573170731707317,True
소프라노 박재은 독창회,서양음악(클래식),서울,세종문화회관,0.5801,1,257.0,257.0,0.0,0.0,3,443,0.34132151448593245,0.33907933270578394,0.18641360301676208,34.0422868055641,40.0422868055641,0.4631818181818182,True
소프라노 박재은 독창회,서양음악(클래식),서울,세종문화회관,0.5801,1,257.0,257.0,0.0,0.0,3,598,0.34132151448593245,0.33907933270578394,0.18641360301676208,34.0422868055641,40.0422868055641,0.4631818181818182,True
"온세대합창페스티벌, 아이누리",서양음악(클래식),기타,춘천문화예술회관,0.5766,1,542.0,542.0,0.0,0.0,3,940,0.3394911620123418,0.460540215458634,0.18641360301676208,38.35342099242053,40.041349416478624,0.45121951219512196,True
학원설립23주년 오주신무용학원&주신무용단 우리들의 춤마당 19번째이야기: MIRACLE,무용(서양/한국무용),영남,구미시문화예술회관,0.6306,1,746.0,746.0,0.0,0.0,1,1183,0.3809486455391695,0.5048229787679113,0.18641360301676208,42.635907007974986,40.0403576375798,0.3775609756097561,True
빌미 [거창],연극,영남,거창문화센터,0.6778,1,465.0,465.0,0.0,0.0,4,686,0.41985670954921034,0.4359062859533521,0.18641360301676208,42.62043828247472,40.02488891207954,0.37658536585365854,True
괴시리연가: 향이와룡이,한국음악(국악),영남,예주문화예술회관,0.5678,2,603.0,301.5,0.0,0.0,4,531,0.33377784750549105,0.6146219014747412,0.18641360301676208,42.61060676742851,40.015057397033324,0.375609756097561,True
하늘 바람 바다 [대구],연극,영남,달서아트센터 (구. 웃는얼굴아트센터),0.58135,2,529.0,264.5,0.0,0.0,6,455,0.3420667294216086,0.5908966112331346,0.18641360301676208,42.566809604863835,39.97126023446865,0.3746341463414634,True
"클래식으로 읽는 명작 소설, 어린왕자 [안동]",서양음악(클래식),영남,안동문화예술의전당,0.7971,1,220.0,220.0,0.0,0.0,7,276,0.5145774500575253,0.32005281874280933,0.18641360301676208,42.55583466104041,39.960285290645224,0.37365853658536585,True
"대진대학교 연기예술학과 하계워크숍, 북어대가리",연극,경인,대진대학교,0.705,4,141.0,35.25,0.0,0.0,6,50,0.44146794268381967,0.4876189729107834,0.18641360301676208,45.9379638580795,39.9379638580795,0.3748854262144821,True
제4회 돌아온 안흥진성 태안가곡제,서양음악(클래식),충청,태안군문화예술회관,0.6827,1,469.0,469.0,0.0,0.0,3,687,0.4230729003242339,0.4367639368266918,0.18641360301676208,42.84970470969745,39.876686364681554,0.4200913242009132,True
"SAC on Screen: 추남, 미녀 [부산]",연극,영남,영도문화예술회관,0.8563,1,137.0,137.0,0.0,0.0,3,160,0.5746260851375379,0.26983840602447445,0.18641360301676208,42.46906574081334,39.87351637041816,0.3726829268292683,True
성악가와 어린이가 함께 만드는 키즈콘서트 [화성],서양음악(클래식),경인,반석아트홀 (동탄복합문화센터),0.7555,1,414.0,414.0,0.0,0.0,5,548,0.48697834954502667,0.4190748875640624,0.18641360301676208,45.85877473116747,39.85877473116747,0.37396883593033914,True
"KAIST 문화행사, 라파시오나타 내한공연: Blossom Vivaldi",서양음악(클래식),충청,한국과학기술원,0.6373,1,701.0,701.0,0.0,0.0,1,1100,0.38670118188474006,0.49883249660077394,0.18641360301676208,42.81610875123786,39.84309040622197,0.4155251141552511,True
보이스 밴드 엑시트 아카펠라 여행 [안동],대중음악,영남,안동문화예술의전당,0.7935,1,219.0,219.0,0.0,0.0,7,276,0.512315657358017,0.31930237422863716,0.18641360301676208,42.40366907084709,39.808119700451904,0.37170731707317073,True
제3회 춤사랑무용제,무용(서양/한국무용),영남,구미시문화예술회관,0.6264,1,741.0,741.0,0.0,0.0,1,1183,0.3775755674092668,0.5042372659763623,0.18641360301676208,42.38930596372339,39.793756593328204,0.37073170731707317,True
스냅(SNAP) [봉산],뮤지컬,영남,봉산문화회관,0.925,1,74.0,74.0,0.0,0.0,2,80,0.6606134295575776,0.21723276853885576,0.18641360301676208,42.33880282964845,39.74325345925327,0.3697560975609756,True
"ACC 수요극장, SAC ON SCREEN: 정경화 & 케빈 케너 듀오 콘서트",서양음악(클래식),호남,국립아시아문화전당,0.6492,1,161.0,161.0,0.0,0.0,6,248,0.39672889865076877,0.2856212739253216,0.18641360301676208,34.78664319916335,39.733388698610916,0.4105263157894737,True
DROP THE BEAT!,한국음악(국악),충청,충주시문화회관,0.6547,1,582.0,582.0,0.0,0.0,1,889,0.4006641564689886,0.46927361154690933,0.18641360301676208,42.681409065766736,39.70839072075084,0.408675799086758,True
제71회 충주시립우륵국악단 정기연주회,한국음악(국악),충청,충주시문화회관,0.6547,1,582.0,582.0,0.0,0.0,1,889,0.4006641564689886,0.46927361154690933,0.18641360301676208,42.681409065766736,39.70839072075084,0.408675799086758,True
세계평화기원 음악회,서양음악(클래식),충청,당진문예의전당,0.6394,1,640.0,640.0,0.0,0.0,5,1001,0.38976048530488444,0.489062336575672,0.18641360301676208,42.679996171925296,39.7069778269094,0.4018264840182648,True
"충주시립우륵국악단 기획 가족음악회, 가족愛",한국음악(국악),충청,충주시문화회관,0.6535,1,581.0,581.0,0.0,0.0,1,889,0.40001045915699196,0.46913764250601403,0.18641360301676208,42.634671459878874,39.66165311486298,0.3972602739726027,True
"동구문화체육센터 X 인천시립교향악단, 찾아가는 연주회",서양음악(클래식),경인,인천동구문화체육센터,0.7677,1,380.0,380.0,0.0,0.0,1,495,0.49432590733186904,0.40493933688944667,0.18641360301676208,45.64193101653267,39.64193101653267,0.37259395050412464,True
동구 태평가 [인천],서양음악(클래식),경인,인천동구문화체육센터,0.7677,1,380.0,380.0,0.0,0.0,1,495,0.49432590733186904,0.40493933688944667,0.18641360301676208,45.64193101653267,39.64193101653267,0.37259395050412464,True
떡보와 아리랑 다섯 고개 호랭이 [세종],한국음악(국악),충청,세종문화예술회관,0.6568,1,553.0,553.0,0.0,0.0,2,842,0.40221995607154065,0.4631040163162849,0.18641360301676208,42.554901296428774,39.58188295141288,0.3926940639269406,True
"남양주시립합창단 오페라 축제, 카발레리아 루스티카나",서양음악(클래식),경인,다산아트홀,0.7661,1,380.0,380.0,0.0,0.0,3,496,0.49311003033155526,0.40493933688944667,0.18641360301676208,45.574539478407374,39.574539478407374,0.3712190650779102,True
제28회 분당구여성합창단 정기연주회,서양음악(클래식),경인,성남아트센터,0.686,1,756.0,756.0,0.0,0.0,7,1102,0.42487710490534464,0.5061643656521284,0.18641360301676208,45.569537875878154,39.569537875878154,0.3703024747937672,True
"대관령아카데미, 영 아티스트 콘서트",서양음악(클래식),기타,강릉원주대학교 예술1호관,0.7769,1,101.0,101.0,0.0,0.0,0,130,0.5025755674092668,0.2478310323187951,0.18641360301676208,37.87765615935362,39.56558458341171,0.4451219512195122,True
"단미, 정상지가무",한국음악(국악),경인,하남문화예술회관,0.8197,1,291.0,291.0,0.0,0.0,4,355,0.5385027716766029,0.3543784645957536,0.18641360301676208,45.55118658828497,39.55118658828497,0.3693858845096242,True
영남의대 동창회 힐링콘서트,서양음악(클래식),영남,수성아트피아,0.6238,1,723.0,723.0,0.0,0.0,3,1159,0.37454241188160237,0.5017885158456229,0.18641360301676208,42.102597353527635,39.50704798313245,0.36829268292682926,True
다함께 부르는 유란의 노래,서양음악(클래식),영남,수성아트피아,0.6238,1,723.0,723.0,0.0,0.0,3,1159,0.37454241188160237,0.5017885158456229,0.18641360301676208,42.102597353527635,39.50704798313245,0.36829268292682926,True
제17회 대구유스콰이어 정기연주회: All That Music,서양음악(클래식),영남,대구학생문화센터,0.6143,1,841.0,841.0,0.0,0.0,2,1369,0.3665803786214831,0.5179727538960359,0.18641360301676208,42.09439728553965,39.49884791514447,0.3668292682926829,True
제13회 베누스토 분당 오케스트라 정기연주회,서양음악(클래식),경인,성남아트리움 (구. 성남시민회관),0.7287,1,470.0,470.0,0.0,0.0,10,645,0.4666614370881707,0.4369639682041627,0.18641360301676208,45.454763154679306,39.454763154679306,0.3684692942254812,True
"SAC ON SCREEN, 피노키오",연극,경인,안성맞춤아트홀,0.6196,2,614.0,307.0,0.0,0.0,7,1528,0.3702149356761845,0.6183845832025938,0.18641360301676208,45.45438884744323,39.45438884744323,0.3675527039413382,True
"문화가 있는 날 콘서트, 모음 발레단: Ballet Patio (9월)",무용(서양/한국무용),영남,안동문화예술의전당,0.7826,1,216.0,216.0,0.0,0.0,7,276,0.5062231984102081,0.3181217968831712,0.18641360301676208,42.038053331104855,39.44250396070967,0.36585365853658536,True
"강원특별자치도립예술단 합동공연, Space in Gangwon",무용(서양/한국무용),기타,강릉아트센터(구. 강릉문화예술관),0.5617,1,546.0,546.0,0.0,0.0,7,972,0.33032632569814874,0.4612396715824705,0.18641360301676208,37.75170525974694,39.439633683805035,0.43902439024390244,True
앙금당실 토별가 [창녕],연극,영남,창녕문화예술회관,0.7077,1,351.0,351.0,0.0,0.0,5,496,0.44346825645852944,0.3876398912247673,0.18641360301676208,42.02317949491008,39.4276301245149,0.3648780487804878,True
제3회 대구 CTS여성합창단 정기연주회,서양음악(클래식),영남,수성아트피아,0.6221,1,721.0,721.0,0.0,0.0,3,1159,0.3734964961824077,0.5014433636648887,0.18641360301676208,42.0204476223725,39.42489825197732,0.36390243902439023,True
제21회 남양주시립합창단 정기연주회: 모차르트 레퀴엠,서양음악(클래식),경인,다산아트홀,0.7601,1,377.0,377.0,0.0,0.0,3,496,0.4902729839974898,0.4039862462085556,0.18641360301676208,45.374244760442444,39.374244760442444,0.36663611365719523,True
마고마나또라: 고래낙하대소동 [포항],뮤지컬,영남,포항시청 대잠홀,0.6801,1,406.0,406.0,0.0,0.0,5,597,0.4214386570442422,0.41663528919569087,0.18641360301676208,41.951070007737975,39.35552063734279,0.36292682926829267,True
신년음악회: 일체유심조,서양음악(클래식),충청,충주시문화회관,0.6479,1,576.0,576.0,0.0,0.0,1,889,0.3957614266290137,0.4679256876895722,0.18641360301676208,42.318555262276384,39.34553691726049,0.3881278538812785,True
"뉴비스테이지(Newbie Stage), 살다살다 이런거 처음 해 봄 (17:00)",한국음악(국악),호남,국립아시아문화전당,0.6411,1,159.0,159.0,0.0,0.0,6,248,0.39115939755255724,0.2836183453613639,0.18641360301676208,34.39584543973721,39.342590939184774,0.40789473684210525,True
만리향 [안산],연극,경인,안산문화예술의전당,0.7143,2,200.0,100.0,0.0,0.0,6,140,0.4503190042882544,0.45802478820207093,0.18641360301676208,45.33856374635198,39.33856374635198,0.36571952337305225,True
파주 가곡의 밤,서양음악(클래식),경인,솔가람아트홀,0.8333,1,250.0,250.0,0.0,0.0,4,300,0.5525834117770108,0.3364004811212216,0.18641360301676208,45.30867369474759,39.30867369474759,0.36480293308890926,True
더 피아니스트 재즈 [안동],대중음악,영남,안동문화예술의전당,0.779,1,215.0,215.0,0.0,0.0,7,276,0.5035691873235018,0.3176746679217655,0.18641360301676208,41.882107085619,39.286557715223815,0.3619512195121951,True
춘천시립예술단과 함께하는 정기회원 음악회: The Live for only Members,서양음악(클래식),기타,춘천문화예술회관,0.5606,1,527.0,527.0,0.0,0.0,3,940,0.32981644179479136,0.45684159606735697,0.18641360301676208,37.572460562641666,39.26038898669976,0.4329268292682927,True
"남양주시립합창단 오페라 축제, 푸치니 라 보엠",서양음악(클래식),경인,다산아트홀,0.756,1,375.0,375.0,0.0,0.0,3,496,0.48733134609350487,0.40345021441271833,0.18641360301676208,45.18669610769024,39.18669610769024,0.36342804766269476,True
"남양주시립합창단 오페라 축제, 도니제티 사랑의 묘약",서양음악(클래식),경인,다산아트홀,0.756,1,375.0,375.0,0.0,0.0,3,496,0.48733134609350487,0.40345021441271833,0.18641360301676208,45.18669610769024,39.18669610769024,0.36342804766269476,True
"꿈의 댄스팀 연수, 호두까기 인형",무용(서양/한국무용),경인,연수아트홀,0.7949,1,314.0,314.0,0.0,0.0,1,395,0.5132962033260119,0.3729905344629223,0.18641360301676208,45.17518663234432,39.17518663234432,0.3620531622364803,True
호락호Rock하지 않은 도둑들 [안동],대중무용,영남,안동문화예술의전당,0.7754,1,214.0,214.0,0.0,0.0,7,276,0.5013466164627131,0.31733213053027925,0.18641360301676208,41.75307561341632,39.15752624302114,0.36097560975609755,True
커피콘서트Ⅴ. 김종서: In my life,대중음악,경인,인천동구문화체육센터,0.7556,1,374.0,374.0,0.0,0.0,1,495,0.4870044974375065,0.40317043196318375,0.18641360301676208,45.1559779945286,39.1559779945286,0.3611365719523373,True
간이역 칸타빌레 [인제],연극,기타,인제하늘내린센터,0.596,1,391.0,391.0,0.0,0.0,2,656,0.35239514695115576,0.4105245267231461,0.18641360301676208,37.458777090517344,39.14670551457544,0.4268292682926829,True
나라사랑 음악회,서양음악(클래식),영남,구미시문화예술회관,0.6162,1,729.0,729.0,0.0,0.0,1,1183,0.3683715092563539,0.5025010459156992,0.18641360301676208,41.70867640883075,39.113127038435564,0.36,True
프로젝트 씨드,연극,서울,충동소극장,0.5,3,45.0,15.0,0.0,0.0,1,30,0.2887511766551616,0.4060427779520971,0.18641360301676208,33.09352078304894,39.09352078304894,0.4618181818181818,True
제24회 내정초등학교 오케스트라 정기연주회,서양음악(클래식),서울,롯데콘서트홀,0.4366,1,889.0,889.0,0.0,0.0,6,2036,0.24358069239619287,0.5225800125509884,0.18641360301676208,33.05573623019327,39.05573623019327,0.46090909090909093,True
하늘 바람 바다 [포항],연극,영남,포항시청 대잠홀,0.54105,2,646.0,323.0,0.0,0.0,5,597,0.3168078652860579,0.626153122058362,0.18641360301676208,41.60540876508077,39.009859394685584,0.3590243902439024,True
"가을 콘서트: 희망, 음악에 담다 [광주]",서양음악(클래식),호남,광산문화예술회관,0.5556,1,300.0,300.0,0.0,0.0,1,540,0.3268355820520866,0.36226597636230523,0.18641360301676208,34.05717475431186,39.003920253759425,0.4,True
제23회 광산구립합창단 정기연주회,서양음악(클래식),호남,광산문화예술회관,0.5556,1,300.0,300.0,0.0,0.0,1,540,0.3268355820520866,0.36226597636230523,0.18641360301676208,34.05717475431186,39.003920253759425,0.4,True
"조선혼인프로젝트, 김신부부뎐 [광주]",한국음악(국악),호남,광산문화예술회관,0.5556,1,300.0,300.0,0.0,0.0,1,540,0.3268355820520866,0.36226597636230523,0.18641360301676208,34.05717475431186,39.003920253759425,0.4,True
신초영전: 꿈엔들 잊으리오 [광주],뮤지컬,호남,광산문화예술회관,0.5556,1,300.0,300.0,0.0,0.0,1,540,0.3268355820520866,0.36226597636230523,0.18641360301676208,34.05717475431186,39.003920253759425,0.4,True
제17회 광주광역시 5개구 연합합창제,서양음악(클래식),호남,광산문화예술회관,0.5556,1,300.0,300.0,0.0,0.0,1,540,0.3268355820520866,0.36226597636230523,0.18641360301676208,34.05717475431186,39.003920253759425,0.4,True
제2회 마이 플룻 오케스트라 정기연주회,서양음악(클래식),경인,성남아트센터,0.7989,1,302.0,302.0,0.0,0.0,7,378,0.5157018094341596,0.36578809747934315,0.18641360301676208,44.950137132563626,38.950137132563626,0.3602199816681943,True
"홍도야, 홍녀야 울지마라 [철원]",연극,기타,철원군 화강문화센터,0.6638,1,231.0,231.0,0.0,0.0,6,348,0.40724035142767495,0.32507713628281565,0.18641360301676208,37.21388851388581,38.901816937943906,0.42073170731707316,True
제9회 인천합창대축제,서양음악(클래식),경인,아트센터 인천,0.5032,4,3476.0,869.0,0.0,0.0,6,1727,0.2928040999895408,0.8525977931178746,0.18641360301676208,44.899755270274625,38.899755270274625,0.3593033913840513,True
"정남규 객원지휘자 초청 연주회, 오래된 가을 [파주]",서양음악(클래식),경인,솔가람아트홀,0.8267,1,248.0,248.0,0.0,0.0,4,300,0.5464255830980023,0.3342236690722728,0.18641360301676208,44.88833487737582,38.88833487737582,0.3579285059578369,True
아침문화살롱 조윤성 & 천지윤,서양음악(클래식),경인,솔가람아트홀,0.8267,1,248.0,248.0,0.0,0.0,4,300,0.5464255830980023,0.3342236690722728,0.18641360301676208,44.88833487737582,38.88833487737582,0.3579285059578369,True
"정읍시립국악단 기획공연, 필름콘서트: 세기의 로맨스",한국음악(국악),호남,정읍사예술회관,0.539,1,325.0,325.0,0.0,0.0,3,603,0.31551354460830455,0.3780057002405606,0.18641360301676208,33.91643089773779,38.863176397185356,0.39210526315789473,True
"극단여행자, 희곡의 밤",연극,서울,여행자극장,0.4,8,320.0,40.0,0.0,0.0,0,100,0.21981225813199456,0.5948384060244745,0.18641360301676208,32.73337192953882,38.73337192953882,0.46,True
제1회 인천시립소년소녀합창단 정기연주회,서양음악(클래식),경인,아트센터 인천,0.6393,1,1104.0,1104.0,0.0,0.0,6,1727,0.38972126346616465,0.5496927622633616,0.18641360301676208,44.71986343032206,38.71986343032206,0.3565536205316224,True
"ACC 수요극장, 두 바퀴 자전거",서커스/마술,호남,국립아시아문화전당,0.629,1,156.0,156.0,0.0,0.0,6,248,0.3798635080012551,0.2825567409266813,0.18641360301676208,33.745728945383306,38.69247444483087,0.3894736842105263,True
입고출신 [함양],한국음악(국악),영남,함양문화예술회관,0.6975,1,339.0,339.0,0.0,0.0,2,486,0.43363664888609976,0.3833006484677335,0.18641360301676208,41.27541127481971,38.67986190442453,0.35804878048780486,True
제4회 세종시립청소년교향악단 정기연주회,서양음악(클래식),충청,세종예술의전당,0.62,1,664.0,664.0,0.0,0.0,1,1071,0.37050256249346303,0.49351663005961727,0.18641360301676208,41.55233621107851,38.57931786606262,0.3835616438356164,True
"단단단 페스티벌, 연희 in 강원",한국음악(국악),기타,강릉단오제전수교육관 (구. 단오문화관),0.6291,1,285.0,285.0,0.0,0.0,5,453,0.3799027298399749,0.3517218387197992,0.18641360301676208,36.83690910794258,38.524837532000674,0.4146341463414634,True
집을 잃은 늑대와 아기돼지 삼형제 [광주],연극,호남,국립아시아문화전당,0.7,1,84.0,84.0,0.0,0.0,6,120,0.43626451208032635,0.2262315657358017,0.18641360301676208,33.54835365514731,38.495099154594875,0.3868421052631579,True
"아스토르 피아졸라, 씨네를 만나다 [천안]",서양음악(클래식),충청,천안예술의전당,0.7088,1,314.0,314.0,0.0,0.0,3,443,0.44442265453404456,0.3729905344629223,0.18641360301676208,41.43399771119837,38.46097936618248,0.3789954337899543,True
제3회 (사) 성음크로마 하프협회 대구지부 정기연주회,서양음악(클래식),영남,수성아트피아,0.6048,1,701.0,701.0,0.0,0.0,3,1159,0.3605663633511139,0.49883249660077394,0.18641360301676208,41.055658379357794,38.46010900896261,0.3570731707317073,True
제10회 당진예당 시민오케스트라 정기연주회,서양음악(클래식),충청,당진문예의전당,0.6214,1,622.0,622.0,0.0,0.0,5,1001,0.3728689467628909,0.48470217550465433,0.18641360301676208,41.41176274415933,38.43874439914344,0.3744292237442922,True
"브람스 탄생 190주년 기념 호남신학대학교 음악학과 교수음악회, 한국리트포럼 독일가곡연주회 [광주]",서양음악(클래식),호남,유스퀘어 문화관,0.6044,1,191.0,191.0,0.0,0.0,4,316,0.3604094759962347,0.29991109716556846,0.18641360301676208,33.486883780394024,38.43362927984159,0.38421052631578945,True
이정선 피아노 독주회,서양음악(클래식),서울,금호아트홀 연세,0.5564,1,217.0,217.0,0.0,0.0,1,443,0.32768538855768226,0.3186186068402887,0.18641360301676208,32.4028119034881,38.4028119034881,0.4586363636363636,True
이정선 피아노 독주회,서양음악(클래식),서울,금호아트홀 연세,0.5564,1,217.0,217.0,0.0,0.0,1,390,0.32768538855768226,0.3186186068402887,0.18641360301676208,32.4028119034881,38.4028119034881,0.4586363636363636,True
"극단 한홀, 뺑덕이 간다 [하남]",연극,경인,하남문화예술회관,0.8,1,284.0,284.0,0.0,0.0,4,355,0.5194148101663006,0.35089818010668344,0.18641360301676208,44.39980303056773,38.39980303056773,0.3556370302474794,True
제3회 충주시 청소년 오케스트라 정기연주회,서양음악(클래식),충청,충주시문화회관,0.6333,1,563.0,563.0,0.0,0.0,1,889,0.3824782972492417,0.4653814977512813,0.18641360301676208,41.370209820640774,38.39719147562488,0.3698630136986301,True
"단단단 페스티벌, 박인선 쇼 [강릉]",한국음악(국악),기타,강릉단오제전수교육관 (구. 단오문화관),0.6269,1,284.0,284.0,0.0,0.0,5,453,0.37798085974270473,0.35089818010668344,0.18641360301676208,36.69055924671715,38.37848767077524,0.39634146341463417,True
"단단단 페스티벌, 음마갱깽",한국음악(국악),기타,강릉단오제전수교육관 (구. 단오문화관),0.6269,1,284.0,284.0,0.0,0.0,5,453,0.37798085974270473,0.35089818010668344,0.18641360301676208,36.69055924671715,38.37848767077524,0.39634146341463417,True
"단단단 페스티벌, 위뮤의 여섯거리",한국음악(국악),기타,강릉단오제전수교육관 (구. 단오문화관),0.6269,1,284.0,284.0,0.0,0.0,5,453,0.37798085974270473,0.35089818010668344,0.18641360301676208,36.69055924671715,38.37848767077524,0.39634146341463417,True
CONNECT [강릉],한국음악(국악),기타,강릉단오제전수교육관 (구. 단오문화관),0.6269,1,284.0,284.0,0.0,0.0,5,453,0.37798085974270473,0.35089818010668344,0.18641360301676208,36.69055924671715,38.37848767077524,0.39634146341463417,True
"단단단 페스티벌, 영감",한국음악(국악),기타,강릉단오제전수교육관 (구. 단오문화관),0.6269,1,284.0,284.0,0.0,0.0,5,453,0.37798085974270473,0.35089818010668344,0.18641360301676208,36.69055924671715,38.37848767077524,0.39634146341463417,True
"안동문화예술의전당 문화가 있는 날 콘서트, 아티스트 인 안동 (11월)",서양음악(클래식),영남,안동문화예술의전당,0.7572,1,209.0,209.0,0.0,0.0,7,276,0.48812885681414075,0.3149905867587073,0.18641360301676208,40.96752428164875,38.37197491125357,0.35560975609756096,True
홍기쁨 아코디언의 세계일주 [안동],서양음악(클래식),영남,안동문화예술의전당,0.7572,1,209.0,209.0,0.0,0.0,7,276,0.48812885681414075,0.3149905867587073,0.18641360301676208,40.96752428164875,38.37197491125357,0.35560975609756096,True
거울초상화 [안양],무용(서양/한국무용),경인,안양아트센터,0.7853,1,300.0,300.0,0.0,0.0,5,382,0.5075828888191611,0.36226597636230523,0.18641360301676208,44.352203663378894,38.352203663378894,0.3547204399633364,True
윤희정의 JAZZ CHRISTMAS,대중음악,서울,소셜베뉴 라움,0.4831,1,400.0,400.0,0.0,0.0,2,828,0.2746443886622738,0.4134530906808911,0.18641360301676208,32.346920060428616,38.346920060428616,0.4572727272727273,True
당진챔버오케스트라 겨울 콘서트,서양음악(클래식),충청,당진문예의전당,0.6204,1,621.0,621.0,0.0,0.0,5,1001,0.37106474218178015,0.4844720740508315,0.18641360301676208,41.28357644723005,38.31055810221415,0.3607305936073059,True
제12회 당진시민오케스트라 정기연주회: 오케스트라와 함께하는 선율 위의 춤 [당진],서양음악(클래식),충청,당진문예의전당,0.6204,1,621.0,621.0,0.0,0.0,5,1001,0.37106474218178015,0.4844720740508315,0.18641360301676208,41.28357644723005,38.31055810221415,0.3607305936073059,True
제35회 당진시립합창단 정기연주회,서양음악(클래식),충청,당진문예의전당,0.6204,1,621.0,621.0,0.0,0.0,5,1001,0.37106474218178015,0.4844720740508315,0.18641360301676208,41.28357644723005,38.31055810221415,0.3607305936073059,True
"축제극장 몸짓 기획공연, 라이징스타 (9.8)",서양음악(클래식),기타,축제극장 몸짓,0.7661,1,95.0,95.0,0.0,0.0,2,124,0.49311003033155526,0.23377915490011505,0.18641360301676208,36.583783283726156,38.27171170778425,0.3719512195121951,True
"축제극장 몸짓 기획공연, 라이징스타 (9.9)",서양음악(클래식),기타,축제극장 몸짓,0.7661,1,95.0,95.0,0.0,0.0,2,124,0.49311003033155526,0.23377915490011505,0.18641360301676208,36.583783283726156,38.27171170778425,0.3719512195121951,True
"축제극장 몸짓 기획공연, 라이징스타 (9.7)",서양음악(클래식),기타,축제극장 몸짓,0.7661,1,95.0,95.0,0.0,0.0,2,124,0.49311003033155526,0.23377915490011505,0.18641360301676208,36.583783283726156,38.27171170778425,0.3719512195121951,True
Adieu 2023 함께 걸어온 충주,서양음악(클래식),충청,충주시문화회관,0.6299,1,560.0,560.0,0.0,0.0,1,889,0.38043876163581214,0.4648585399016839,0.18641360301676208,41.219164177106684,38.24614583209079,0.3493150684931507,True
포스포네 뮤지컬 스토리텔링 콘서트,뮤지컬,충청,충주시문화회관,0.6299,1,560.0,560.0,0.0,0.0,1,889,0.38043876163581214,0.4648585399016839,0.18641360301676208,41.219164177106684,38.24614583209079,0.3493150684931507,True
"제37회 성남문화예술제 음악제, 가을음악회",서양음악(클래식),경인,성남아트센터,0.6624,1,730.0,730.0,0.0,0.0,7,1102,0.4063382491371195,0.5026330927727225,0.18641360301676208,44.24182712549079,38.24182712549079,0.3538038496791934,True
"ACC 수요극장, 홀춤 II",무용(서양/한국무용),호남,국립아시아문화전당,0.621,1,154.0,154.0,0.0,0.0,6,248,0.3718361050099362,0.28184421085660494,0.18641360301676208,33.282395860669084,38.22914136011665,0.3815789473684211,True
"A Prelude to New Beginnings, Harmony of Dew: 새로운 시작의 서막: 이슬의 하모니",서양음악(클래식),서울,꿈의숲아트센터,0.5847,1,176.0,176.0,0.0,0.0,8,301,0.3439232297876791,0.2917699508419621,0.18641360301676208,32.202762661924936,38.202762661924936,0.45590909090909093,True
인뮤직 영아티스트 콘서트,서양음악(클래식),서울,꿈의숲아트센터,0.5847,1,176.0,176.0,0.0,0.0,8,301,0.3439232297876791,0.2917699508419621,0.18641360301676208,32.202762661924936,38.202762661924936,0.45590909090909093,True
"모음발레단, 봄날의 발레 [안동]",무용(서양/한국무용),영남,안동문화예술의전당,0.7536,1,208.0,208.0,0.0,0.0,7,276,0.48567095492103335,0.31405841439180004,0.18641360301676208,40.795236247519426,38.19968687712424,0.3541463414634146,True
"클래식 페스티벌, 아싸(Outsider) 악기들의 장기자랑: 아하 이 악기 [제주]",서양음악(클래식),제주,제주아트센터,0.6208,1,735.0,735.0,0.0,0.0,6,1184,0.3714308126764983,0.5033730781299027,0.18641360301676208,41.945246495756535,38.194571148554616,0.44021739130434784,True
"클래식 페스티벌, 앙상블로 듣는 클래식I [제주]",서양음악(클래식),제주,제주아트센터,0.6208,1,735.0,735.0,0.0,0.0,6,1184,0.3714308126764983,0.5033730781299027,0.18641360301676208,41.945246495756535,38.194571148554616,0.44021739130434784,True
나는 불후의 편곡자다 [제주],서양음악(클래식),제주,제주아트센터,0.6208,1,735.0,735.0,0.0,0.0,6,1184,0.3714308126764983,0.5033730781299027,0.18641360301676208,41.945246495756535,38.194571148554616,0.44021739130434784,True
해설이 있는 리얼 오페라 콘서트,서양음악(클래식),제주,제주아트센터,0.6208,1,735.0,735.0,0.0,0.0,6,1184,0.3714308126764983,0.5033730781299027,0.18641360301676208,41.945246495756535,38.194571148554616,0.44021739130434784,True
제주 옹고집전 [제주],한국음악(국악),제주,제주아트센터,0.6208,1,735.0,735.0,0.0,0.0,6,1184,0.3714308126764983,0.5033730781299027,0.18641360301676208,41.945246495756535,38.194571148554616,0.44021739130434784,True
레이어스 클래식과 함께하는 앙상블로 듣는 클래식II,서양음악(클래식),제주,제주아트센터,0.6208,1,735.0,735.0,0.0,0.0,6,1184,0.3714308126764983,0.5033730781299027,0.18641360301676208,41.945246495756535,38.194571148554616,0.44021739130434784,True
THE SOBS 콘서트: 평화와 화합,대중음악,제주,제주아트센터,0.6208,1,735.0,735.0,0.0,0.0,6,1184,0.3714308126764983,0.5033730781299027,0.18641360301676208,41.945246495756535,38.194571148554616,0.44021739130434784,True
제주 & 독일 오스나브뤼크 평화교류음악회,서양음악(클래식),제주,제주아트센터,0.6208,1,735.0,735.0,0.0,0.0,6,1184,0.3714308126764983,0.5033730781299027,0.18641360301676208,41.945246495756535,38.194571148554616,0.44021739130434784,True
"제2회 당진시충남합창단 기획연주, 국내 유명작곡가 초정: 가을의 향기 Volume.3",서양음악(클래식),충청,당진문예의전당,0.6184,1,619.0,619.0,0.0,0.0,5,1001,0.36932590733186904,0.4837634661646272,0.18641360301676208,41.14329702332364,38.170278678307746,0.3424657534246575,True
제1회 대구 중구 구립어린이합창단 정기연주회,서양음악(클래식),영남,봉산문화회관,0.7052,1,299.0,299.0,0.0,0.0,2,424,0.4418078652860579,0.36065918836941746,0.18641360301676208,40.736045427546024,38.14049605715084,0.35317073170731705,True
제22회 정금란무용제,무용(서양/한국무용),경인,성남아트센터,0.7857,1,297.0,297.0,0.0,0.0,7,378,0.5078051459052401,0.3572325070599309,0.18641360301676208,44.11625588923237,38.11625588923237,0.3524289642529789,True
제26회 성남 창작무용제,무용(서양/한국무용),경인,성남아트센터,0.7857,1,297.0,297.0,0.0,0.0,7,378,0.5078051459052401,0.3572325070599309,0.18641360301676208,44.11625588923237,38.11625588923237,0.3524289642529789,True
듀오 주보바스 피아노 콘서트 [대구],서양음악(클래식),영남,달서아트센터 (구. 웃는얼굴아트센터),0.7925,1,168.0,168.0,0.0,0.0,6,212,0.5118057734546596,0.28822821880556426,0.18641360301676208,40.67782349638597,38.082274125990786,0.3521951219512195,True
제주도민과 함께하는 위문열차,대중음악,제주,제주아트센터,0.6191,1,733.0,733.0,0.0,0.0,6,1184,0.3698619391277063,0.5030946030749921,0.18641360301676208,41.829593945570856,38.078918598368936,0.391304347826087,True
여행스케치 힐링 콘서트,대중음악,영남,신세계 문화홀 8층 [대구],0.6933,1,312.0,312.0,0.0,0.0,10,450,0.43057734546595544,0.3722466269218701,0.18641360301676208,40.62216015307369,38.02661078267851,0.35121951219512193,True
"남양주시립합창단, 클래식 세계여행: 슈만과 멘델스존",서양음악(클래식),경인,와부읍주민자치센터,0.6116,2,500.0,250.0,0.0,0.0,3,496,0.36482846982533207,0.5835503608409163,0.18641360301676208,44.02350025107446,38.02350025107446,0.3510540788267644,True
AVANZAMOS 앞으로 나아가다,무용(서양/한국무용),영남,대구음악창작소,0.8889,1,80.0,80.0,0.0,0.0,5,90,0.606827214726493,0.22215641669281458,0.18641360301676208,40.59780698595053,38.002257615555344,0.35024390243902437,True
제35회 안산시여성합창단 정기연주회: 그대와 영원히,서양음악(클래식),경인,안산문화예술의전당,0.6357,1,1000.0,1000.0,0.0,0.0,6,1573,0.3841517623679531,0.538463549837883,0.18641360301676208,43.97078529418072,37.97078529418072,0.34967919340055,True
제6회 띠엠뽀 코럴 정기연주회: 꿀포츠 김성록과 함께 희망을,서양음악(클래식),경인,안산문화예술의전당,0.6357,1,1000.0,1000.0,0.0,0.0,6,1573,0.3841517623679531,0.538463549837883,0.18641360301676208,43.97078529418072,37.97078529418072,0.34967919340055,True
음악협회와 함께하는 재밌는 음악회 [당진],서양음악(클래식),충청,당진문예의전당,0.6134,1,614.0,614.0,0.0,0.0,5,1001,0.36614893839556534,0.4819174249555487,0.18641360301676208,40.868031496902546,37.89501315188665,0.3378995433789954,True
제5회 태안예술가곡제: 태안에서 온 가을편지,서양음악(클래식),충청,태안군문화예술회관,0.5182,2,712.0,356.0,0.0,0.0,3,687,0.3023088589059722,0.6408534672105428,0.18641360301676208,40.82949606674744,37.856477721731544,0.3333333333333333,True
놀부전 [창녕],서양음악(클래식),영남,창녕문화예술회관,0.6774,1,336.0,336.0,0.0,0.0,5,496,0.41969982219433116,0.38179714465014125,0.18641360301676208,40.410697037039014,37.81514766664383,0.3492682926829268,True
부산학생예술문화회관 교직원 초청 공연: 신년음악회 with 부산네오필하모닉오케스트라,서양음악(클래식),영남,부산학생예술문화회관,0.6026,1,602.0,602.0,0.0,0.0,5,999,0.35945507792071957,0.479486978349545,0.18641360301676208,40.33643396931297,37.74088459891779,0.34829268292682924,True
열정 NO.1 춤 페스티벌,무용(서양/한국무용),경인,파주운정행복센터,0.722,1,387.0,387.0,0.0,0.0,9,536,0.4577188578600565,0.4080509360945508,0.18641360301676208,43.716464794620755,37.716464794620755,0.3483043079743355,True
남양주시립합창단 기획연주회: 칸티아모 (2.9),서양음악(클래식),경인,와부읍주민자치센터,0.8333,1,200.0,200.0,0.0,0.0,3,240,0.5525834117770108,0.3075135969040895,0.18641360301676208,43.71036523316862,37.71036523316862,0.3473877176901925,True
홍기쁨 앙상블의 영화음악으로 떠나는 세계여행,서양음악(클래식),영남,안동문화예술의전당,0.7428,1,205.0,205.0,0.0,0.0,7,276,0.47743436878987555,0.3121535404246418,0.18641360301676208,40.280561277750984,37.6850119073558,0.3473170731707317,True
"고전오페라산책, 리골레토 [안동]",서양음악(클래식),영남,안동문화예술의전당,0.6036,1,600.0,600.0,0.0,0.0,7,994,0.3601087752327162,0.4761910365024579,0.18641360301676208,40.26917286457175,37.67362349417657,0.3463414634146341,True
강릉 청소년 오케스트라 페스티벌,서양음악(클래식),기타,강릉아트센터(구. 강릉문화예술관),0.5278,1,513.0,513.0,0.0,0.0,7,972,0.3081921347139421,0.45400716452253953,0.18641360301676208,35.98471050402958,37.67263892808767,0.3567073170731707,True
강릉 청소년 오케스트라 페스티벌,서양음악(클래식),기타,강릉아트센터(구. 강릉문화예술관),0.5278,1,513.0,513.0,0.0,0.0,7,972,0.3081921347139421,0.45400716452253953,0.18641360301676208,35.98471050402958,37.67263892808767,0.3567073170731707,True
"제주체임버오케스트라, 청소년 협주곡 음악회 [서귀포]",서양음악(클래식),제주,김정문화회관,0.7455,1,246.0,246.0,0.0,0.0,7,330,0.4790293902311474,0.33259204058152914,0.18641360301676208,41.3982551180699,37.64757977086798,0.3804347826086957,True
"제39회 당진시립합창단 기획연주회, 봄바람",서양음악(클래식),충청,당진문예의전당,0.6084,1,609.0,609.0,0.0,0.0,5,1001,0.3626058989645435,0.4810323187951051,0.18641360301676208,40.60042889653599,37.62741055152009,0.3287671232876712,True
"제14회 김해가야금축제, 신진전 민정민의 가야금병창: 오늘",한국음악(국악),영남,김해문화의전당,0.6611,1,357.0,357.0,0.0,0.0,8,540,0.4054492207928041,0.39593531011400485,0.18641360301676208,40.16165266622611,37.56610329583093,0.34536585365853656,True
"평화의별, 통일의 강: 인동초 사랑 [목포]",서양음악(클래식),호남,목포시민문화체육센터,0.459,1,554.0,554.0,0.0,0.0,6,1207,0.25813199456123836,0.4633066624830039,0.18641360301676208,32.61763890279259,37.56438440224016,0.37894736842105264,True
"제2회 당진시 충남합창단 정기연주회, 송년음악회: Winter Festa",서양음악(클래식),충청,당진문예의전당,0.6064,1,607.0,607.0,0.0,0.0,5,1001,0.36137694801798975,0.4806505595648991,0.18641360301676208,40.504945145650204,37.53192680063431,0.3242009132420091,True
"남양주시립합창단, 클래식 세계여행: 살리에리와 하이든",서양음악(클래식),경인,다산아트홀,0.7258,1,360.0,360.0,0.0,0.0,3,496,0.46237318272147265,0.39687663424328,0.18641360301676208,43.49684879044917,37.49684879044917,0.34234647112740607,True
"남양주시립합창단, 칸티아모",서양음악(클래식),경인,다산아트홀,0.7258,1,360.0,360.0,0.0,0.0,2,496,0.46237318272147265,0.39687663424328,0.18641360301676208,43.49684879044917,37.49684879044917,0.34234647112740607,True
"남양주시립합창단, 클래식 세계여행: 장엄미사",서양음악(클래식),경인,다산아트홀,0.7258,1,360.0,360.0,0.0,0.0,3,496,0.46237318272147265,0.39687663424328,0.18641360301676208,43.49684879044917,37.49684879044917,0.34234647112740607,True
"남양주시립합창단, 클래식 세계여행: 천지창조",서양음악(클래식),경인,다산아트홀,0.7258,1,360.0,360.0,0.0,0.0,3,496,0.46237318272147265,0.39687663424328,0.18641360301676208,43.49684879044917,37.49684879044917,0.34234647112740607,True
"남양주시립합창단, 해설이 있는 음악회",서양음악(클래식),경인,다산아트홀,0.7258,1,360.0,360.0,0.0,0.0,3,496,0.46237318272147265,0.39687663424328,0.18641360301676208,43.49684879044917,37.49684879044917,0.34234647112740607,True
"남양주시립합창단, 클래식 세계여행: 아름다운 Waltz",서양음악(클래식),경인,다산아트홀,0.7258,1,360.0,360.0,0.0,0.0,3,496,0.46237318272147265,0.39687663424328,0.18641360301676208,43.49684879044917,37.49684879044917,0.34234647112740607,True
"남양주시립합창단, 클래식 세계여행: 시 낭송과 함께하는 한국 가곡의 향연",서양음악(클래식),경인,다산아트홀,0.7258,1,360.0,360.0,0.0,0.0,3,496,0.46237318272147265,0.39687663424328,0.18641360301676208,43.49684879044917,37.49684879044917,0.34234647112740607,True
"남양주시립합창단, 클래식 세계여행: 흑인영가 / 한국합창",서양음악(클래식),경인,다산아트홀,0.7258,1,360.0,360.0,0.0,0.0,3,496,0.46237318272147265,0.39687663424328,0.18641360301676208,43.49684879044917,37.49684879044917,0.34234647112740607,True
"남양주시립합창단, 클래식 세계여행: 메시아",서양음악(클래식),경인,다산아트홀,0.7258,1,360.0,360.0,0.0,0.0,2,496,0.46237318272147265,0.39687663424328,0.18641360301676208,43.49684879044917,37.49684879044917,0.34234647112740607,True
"남양주시립합창단, 클래식 세계여행: 모차르트 대관식 미사 그리고 슈베르트, 비발디",서양음악(클래식),경인,다산아트홀,0.7258,1,360.0,360.0,0.0,0.0,3,496,0.46237318272147265,0.39687663424328,0.18641360301676208,43.49684879044917,37.49684879044917,0.34234647112740607,True
"제15회 대구 베누스토 윈드오케스트라 정기연주회, 대구 시민과 함께 즐기는 행복한 음악회",서양음악(클래식),영남,아양아트센터,0.5923,1,658.0,658.0,0.0,0.0,6,1111,0.3495058048321305,0.49227460516682353,0.18641360301676208,40.08257454441313,37.487025174017944,0.344390243902439,True
"Save Earth, Save Us",서양음악(클래식),경인,연수아트홀,0.7595,1,300.0,300.0,0.0,0.0,1,395,0.48951469511557366,0.36226597636230523,0.18641360301676208,43.398074322130114,37.398074322130114,0.3373052245646196,True
"경기도무용단, 찬연 [공주]",무용(서양/한국무용),충청,공주문예회관,0.6471,1,407.0,407.0,0.0,0.0,5,629,0.39499006380085766,0.417002667085033,0.18641360301676208,40.3652117963314,37.39219345131551,0.319634703196347,True
"낭독을 보다, 오아시스 세탁소 습격사건",연극,영남,김해문화의전당,0.6574,1,355.0,355.0,0.0,0.0,8,540,0.4029128752222571,0.3952214726493045,0.18641360301676208,39.98185135589187,37.38630198549669,0.34,True
"낭독을 보다, 세상에서 가장 아름다운 이별",연극,영남,김해문화의전당,0.6574,1,355.0,355.0,0.0,0.0,8,540,0.4029128752222571,0.3952214726493045,0.18641360301676208,39.98185135589187,37.38630198549669,0.34,True
"디아나의 리드믹 공감 콘서트, 12음 따라 흐르는 몸짓 [김해]",서양음악(클래식),영남,김해문화의전당,0.6574,1,355.0,355.0,0.0,0.0,8,540,0.4029128752222571,0.3952214726493045,0.18641360301676208,39.98185135589187,37.38630198549669,0.34,True
"낭독을 보다, 소나기",연극,영남,김해문화의전당,0.6574,1,355.0,355.0,0.0,0.0,8,540,0.4029128752222571,0.3952214726493045,0.18641360301676208,39.98185135589187,37.38630198549669,0.34,True
"꿈의 무용단 김해, 토더기와 탄소마왕의 이야기 [김해]",무용(서양/한국무용),영남,김해문화의전당,0.6574,1,355.0,355.0,0.0,0.0,8,540,0.4029128752222571,0.3952214726493045,0.18641360301676208,39.98185135589187,37.38630198549669,0.34,True
"낭독을 보다, 일용할 양식: 원미동 사람들 中",연극,영남,김해문화의전당,0.6574,1,355.0,355.0,0.0,0.0,8,540,0.4029128752222571,0.3952214726493045,0.18641360301676208,39.98185135589187,37.38630198549669,0.34,True
"이음오페라단 창작음악극, 외톨바위는 어디에서 왔을까? With 모차르트 [김해]",서양음악(클래식),영남,김해문화의전당,0.6574,1,355.0,355.0,0.0,0.0,8,540,0.4029128752222571,0.3952214726493045,0.18641360301676208,39.98185135589187,37.38630198549669,0.34,True
피아노로 듣는 민화 [김해],서양음악(클래식),영남,김해문화의전당,0.6574,1,355.0,355.0,0.0,0.0,8,540,0.4029128752222571,0.3952214726493045,0.18641360301676208,39.98185135589187,37.38630198549669,0.34,True
"제27회 서울시민교향악단 정기연주회, 봄 그리고 왈츠",서양음악(클래식),경인,성남아트센터,0.6461,1,712.0,712.0,0.0,0.0,7,1102,0.394140257295262,0.5004510511452778,0.18641360301676208,43.364577533944114,37.364577533944114,0.33593033913840514,True
제22회 성남윈드오케스트라 정기 연주회,서양음악(클래식),경인,성남아트센터,0.6461,1,712.0,712.0,0.0,0.0,7,1102,0.394140257295262,0.5004510511452778,0.18641360301676208,43.364577533944114,37.364577533944114,0.33593033913840514,True
"셰익스피어 리어왕 덧대어 쓰기, 와르르",연극,서울,연극실험실 혜화동1번지,0.41144,5,144.0,28.8,0.0,0.0,0,70,0.2292385733709863,0.5018996443886623,0.18641360301676208,31.363128209234777,37.36312820923477,0.45454545454545453,True
제1회 당진시충남합창단 정기연주회: 호국보훈의달 기념 포레레퀴엠,서양음악(클래식),충청,당진문예의전당,0.6024,1,603.0,603.0,0.0,0.0,5,1001,0.35931126451208034,0.479679165359272,0.18641360301676208,40.333215035218046,37.36019669020215,0.3150684931506849,True
"오픈시어터, 무대 속으로 [대전]",뮤지컬,충청,대전예술의전당,0.4534,3,2103.0,701.0,0.0,0.0,7,1546,0.2543797719903776,0.802352002928564,0.18641360301676208,40.27499736375377,37.301979018737875,0.3036529680365297,True
"오픈시어터, 무대 속으로 [대전]",뮤지컬,충청,대전예술의전당,0.4534,3,2103.0,701.0,0.0,0.0,7,1546,0.2543797719903776,0.802352002928564,0.18641360301676208,40.27499736375377,37.301979018737875,0.3036529680365297,True
"오픈시어터, 무대 속으로 [대전]",연극,충청,대전예술의전당,0.4534,3,2103.0,701.0,0.0,0.0,7,1546,0.2543797719903776,0.802352002928564,0.18641360301676208,40.27499736375377,37.301979018737875,0.3036529680365297,True
"오픈시어터, 무대 속으로 [대전]",연극,충청,대전예술의전당,0.4534,3,2103.0,701.0,0.0,0.0,7,1546,0.2543797719903776,0.802352002928564,0.18641360301676208,40.27499736375377,37.301979018737875,0.3036529680365297,True
국상현의 트롯쇼,대중음악,영남,신세계 문화홀 8층 [대구],0.53335,2,480.0,240.0,0.0,0.0,10,450,0.31258498065055956,0.5752457901893108,0.18641360301676208,39.89534671633838,37.2997973459432,0.335609756097561,True
"KNSO 국제지휘콩쿠르, 결선",서양음악(클래식),서울,예술의전당 [서울],0.3992,1,1000.0,1000.0,0.0,0.0,10,2505,0.21787731408848446,0.538463549837883,0.18641360301676208,31.288859396820985,37.28885939682098,0.4536363636363636,True
필운대풍류 [부안],한국음악(국악),호남,부안예술회관,0.5331,1,266.0,266.0,0.0,0.0,1,499,0.3113691036502458,0.3421255621796883,0.18641360301676208,32.33251736481523,37.2792628642628,0.3763157894736842,True
경북대학교 신년음악회 [대구],뮤지컬,영남,경북대학교,0.5531,1,1016.0,1016.0,0.0,0.0,8,1837,0.32436460621273927,0.5421190252065684,0.18641360301676208,39.83436834652074,37.23881897612556,0.33463414634146343,True
제34회 광주음악제: 지구를 위한 그린플러그드 음악제,서양음악(클래식),호남,국립아시아문화전당,0.5293,1,271.0,271.0,0.0,0.0,6,512,0.30905501516577766,0.3439846773350068,0.18641360301676208,32.25797613572836,37.20472163517593,0.3736842105263158,True
한국가곡 대축제 in 강릉: 불후의 가곡 [강릉],서양음악(클래식),기타,강릉아트센터(구. 강릉문화예술관),0.5195,1,505.0,505.0,0.0,0.0,7,972,0.30289718648676917,0.4508785691873235,0.18641360301676208,35.514113710384585,37.20204213444268,0.3475609756097561,True
"SAC ON SCREEN, 증발 Into Thin Air",무용(서양/한국무용),영남,김해서부문화센터,0.6295,1,435.0,435.0,0.0,0.0,5,691,0.38008576508733394,0.4261165150088903,0.18641360301676208,39.78691897236578,37.1913696019706,0.33219512195121953,True
"삭온스크린, 양손프로젝트 단편선 레파토리展: Part2. 운수 좋은 날&전원비화&태형",연극,영남,김해서부문화센터,0.6295,1,435.0,435.0,0.0,0.0,5,691,0.38008576508733394,0.4261165150088903,0.18641360301676208,39.78691897236578,37.1913696019706,0.33219512195121953,True
"삭온스크린, 봉장취 [김해]",뮤지컬,영남,김해서부문화센터,0.6295,1,435.0,435.0,0.0,0.0,5,691,0.38008576508733394,0.4261165150088903,0.18641360301676208,39.78691897236578,37.1913696019706,0.33219512195121953,True
"삭온스크린, 양손프로젝트 단편선 레파토리展: Part1. 황금풍경&그립은 흘긴 눈&29호 침대",연극,영남,김해서부문화센터,0.6295,1,435.0,435.0,0.0,0.0,5,691,0.38008576508733394,0.4261165150088903,0.18641360301676208,39.78691897236578,37.1913696019706,0.33219512195121953,True
박학기 추억의 포크송,대중음악,영남,신세계 문화홀 8층 [대구],0.6756,1,304.0,304.0,0.0,0.0,10,450,0.418549314925217,0.36787600669386045,0.18641360301676208,39.74921595185898,37.153666581463796,0.3297560975609756,True
제3회 천안태조산 젊은연극제,연극,충청,JB소극장,0.5556,5,250.0,50.0,0.0,0.0,0,90,0.3268355820520866,0.5454515741031273,0.18641360301676208,40.11437947903776,37.141361134021864,0.2922374429223744,True
오리지널 과학마술콘서트 [청송],서커스/마술,영남,청송문화예술회관,0.6923,1,288.0,288.0,0.0,0.0,1,416,0.4300543876163581,0.35285796464804936,0.18641360301676208,39.73324174667867,37.13769237628349,0.32878048780487806,True
제29회 서울시민교향악단 봄 정기연주회,서양음악(클래식),경인,성남아트센터,0.6407,1,706.0,706.0,0.0,0.0,7,1102,0.39076717916535925,0.4995711745633302,0.18641360301676208,43.11116872049121,37.11116872049121,0.33455545371219064,True
클래식! 가을에 물들다 [광주],서양음악(클래식),호남,서빛마루문화예술회관,0.5741,1,186.0,186.0,0.0,0.0,0,324,0.3382099152808284,0.296879249032528,0.18641360301676208,32.10286100979079,37.04960650923836,0.37105263157894736,True
앙금당실 토별가 [양산],연극,영남,양산문화예술회관,0.6156,1,490.0,490.0,0.0,0.0,5,796,0.36796621692291603,0.4432250810584667,0.18641360301676208,39.640077959282245,37.04452858888706,0.32682926829268294,True
패랭이꽃의 저항,연극,영남,양산문화예술회관,0.6156,1,490.0,490.0,0.0,0.0,5,796,0.36796621692291603,0.4432250810584667,0.18641360301676208,39.640077959282245,37.04452858888706,0.32682926829268294,True
오랜친구 이야기 [양산],연극,영남,양산문화예술회관,0.6156,1,490.0,490.0,0.0,0.0,5,796,0.36796621692291603,0.4432250810584667,0.18641360301676208,39.640077959282245,37.04452858888706,0.32682926829268294,True
코리아로얄오케스트라와 함께하는 힐링콘서트,서양음악(클래식),경인,성남아트리움 (구. 성남시민회관),0.693,1,447.0,447.0,0.0,0.0,10,645,0.43043353205731616,0.4300217027507583,0.18641360301676208,43.02687530270469,37.02687530270469,0.33363886342804766,True
창원문화재단 신인음악회,서양음악(클래식),영남,성산아트홀,0.6608,1,337.0,337.0,0.0,0.0,2,510,0.40522696370672523,0.3823632465223303,0.18641360301676208,39.59218384710707,36.99663447671189,0.3248780487804878,True
열 번째 봄 [서울 금천],연극,서울,금천뮤지컬센터,0.5939,1,117.0,117.0,0.0,0.0,3,197,0.3503686852839661,0.2566598682146219,0.18641360301676208,30.935586697626675,36.935586697626675,0.4527272727272727,True
베르디 레퀴엠,서양음악(클래식),제주,제주아트센터,0.5997,1,710.0,710.0,0.0,0.0,6,1184,0.3544085346721054,0.5001189729107834,0.18641360301676208,40.67540026675656,36.92472491955464,0.3695652173913043,True
생텍쥐페리 [울산],뮤지컬,영남,울산광역시학생교육문화회관,0.6232,1,440.0,440.0,0.0,0.0,2,706,0.374215563225604,0.42818089112017566,0.18641360301676208,39.49335416748049,36.89780479708531,0.32390243902439025,True
"영남대학교 예술대학 음악학부 국악전공, 전통음악연주회",한국음악(국악),영남,봉산문화회관,0.684,1,290.0,290.0,0.0,0.0,2,424,0.4238573370986298,0.35381367011818843,0.18641360301676208,39.4313518572633,36.83580248686812,0.3224390243902439,True
제2회 성인주간활동서비스 정기연주회 [대구],서양음악(클래식),영남,봉산문화회관,0.684,1,290.0,290.0,0.0,0.0,2,424,0.4238573370986298,0.35381367011818843,0.18641360301676208,39.4313518572633,36.83580248686812,0.3224390243902439,True
"Harz 창단연주회, For strings",서양음악(클래식),경인,부천아트센터,0.7895,1,240.0,240.0,0.0,0.0,0,304,0.5101192343897082,0.3292098106892585,0.18641360301676208,42.814623285439374,36.814623285439374,0.3327222731439047,True
"한국경제인협회, 퓨처 리더스 캠프 기념연주 [강릉]",서양음악(클래식),기타,강릉아트센터 (구. 강릉문화예술관),0.5134,1,499.0,499.0,0.0,0.0,7,972,0.2990795941847087,0.4466465327894572,0.18641360301676208,35.112168858853146,36.80009728291124,0.34146341463414637,True
"D. FESTA 소극장축제, 안녕 피터 [대전]",연극,충청,소극장 마당 [대전],0.9091,1,50.0,50.0,0.0,0.0,0,55,0.6391198619391277,0.1943167555695011,0.18641360301676208,39.69661623917598,36.723597894160086,0.2876712328767123,True
入出 [충주],한국음악(국악),충청,충주시문화회관,0.49155,2,874.0,437.0,0.0,0.0,1,889,0.2805668863089635,0.6676341386884217,0.18641360301676208,39.685993942034514,36.71297559701862,0.2831050228310502,True
"제6회 꿈이음아트 경수중학교 딴따라 정기공연, 하나 아니면 둘 [안산]",연극,경인,보노마루,0.6404,2,260.0,130.0,0.0,0.0,1,203,0.3905579960255203,0.48794451417215773,0.18641360301676208,42.69327748691051,36.69327748691051,0.3318056828597617,True
"제40회 당진시립합창단 기획연주회, 가을의향기 Vol.2: Signature 시그니처",서양음악(클래식),충청,당진문예의전당,0.5964,1,597.0,597.0,0.0,0.0,5,1001,0.3525651082522749,0.4726989854617718,0.18641360301676208,39.64399987116939,36.6709815261535,0.2785388127853881,True
강원도립국악관현악단 실내악시리즈 Ⅱ [춘천],한국음악(국악),기타,축제극장 몸짓,0.7258,1,90.0,90.0,0.0,0.0,2,124,0.46237318272147265,0.2301903566572534,0.18641360301676208,34.98085600670655,36.668784430764646,0.3353658536585366,True
산타서비스,연극,서울,설렘아트홀,0.4808,2,50.0,25.0,0.0,0.0,1,52,0.27306244116724193,0.3645748352682774,0.18641360301676208,30.652920326416293,36.65292032641629,0.45181818181818184,True
한여름밤의 뮤지컬 이야기 [광주],뮤지컬,호남,서빛마루문화예술회관,0.5648,1,183.0,183.0,0.0,0.0,0,324,0.3321828260642192,0.2951757138374647,0.18641360301676208,31.68535331653059,36.63209881597815,0.3684210526315789,True
BPS 챔버오케스트라와 BPS 청소년오케스트라,서양음악(클래식),경인,성남아트리움 (구. 성남시민회관),0.6853,1,442.0,442.0,0.0,0.0,10,645,0.4245371823031064,0.4288463549837883,0.18641360301676208,42.62556308843001,36.62556308843001,0.3308890925756187,True
제23회 성남윈드 오케스트라 정기 연주회,서양음악(클래식),경인,성남아트센터,0.6352,1,700.0,700.0,0.0,0.0,7,1102,0.38374647003451523,0.49852133668026355,0.18641360301676208,42.60888174701169,36.60888174701169,0.32997250229147573,True
"착한광대 강제환생 프로젝트, 환생전 [공주]",한국음악(국악),충청,공주문예회관,0.6359,1,400.0,400.0,0.0,0.0,5,629,0.3844655370777115,0.4134530906808911,0.18641360301676208,39.58083454874737,36.607816203731474,0.273972602739726,True
제5회 고령세계 현페스티벌,한국음악(국악),영남,경북고령대가야문화누리 (구. 대가야국악당),0.627,1,400.0,400.0,0.0,0.0,4,638,0.37811159920510407,0.4134530906808911,0.18641360301676208,39.187043344039445,36.59149397364426,0.32097560975609757,True
"아르코 댄스 & 커넥션, 이해니: Pan & Opticon",무용(서양/한국무용),서울,아르코예술극장,0.4545,2,100.0,50.0,0.0,0.0,2,110,0.2554910574207719,0.39984834222361676,0.18641360301676208,30.562124612683604,36.562124612683604,0.4509090909090909,True
천상의 소리 로맨틱 하프 [안동],서양음악(클래식),영남,안동문화예술의전당,0.7246,1,200.0,200.0,0.0,0.0,7,276,0.45995450266708504,0.3075135969040895,0.18641360301676208,39.15386635182873,36.55831698143355,0.32,True
"영도에서 떠나는 유럽예술여행 Ⅳ, 토요렉처콘서트:꿈",서양음악(클래식),영남,영도문화예술회관,0.6752,1,289.0,289.0,0.0,0.0,3,428,0.4182747620541784,0.3532841752954712,0.18641360301676208,39.0954908629284,36.49994149253322,0.31902439024390244,True
지역사회와 주민을 위한 힐링콘서트: WHY WE SING 우리가 노래하는 이유,서양음악(클래식),경인,안산문화예술의전당,0.6704,1,480.0,480.0,0.0,0.0,6,716,0.41500627549419516,0.43963366802635706,0.18641360301676208,42.46872042959474,36.46872042959474,0.3290559120073327,True
버려진 천개의 혀: 망자를 위한 진혼곡,연극,서울,스페이스T (SPACE T)(경계없는예술센터),0.625,1,80.0,80.0,0.0,0.0,0,128,0.37608513753791445,0.22215641669281458,0.18641360301676208,30.46738968063637,36.46738968063637,0.45,True
제18회 인천중구여성합창단 정기연주회 [인천],서양음악(클래식),경인,인천중구문화회관,0.6834,1,436.0,436.0,0.0,0.0,2,638,0.4235174144963916,0.42639760485304884,0.18641360301676208,42.466714866942986,36.466714866942986,0.3281393217231897,True
유리상자 박승화의 가요속으로,대중음악,영남,신세계 문화홀 8층 [대구],0.6667,1,300.0,300.0,0.0,0.0,10,450,0.41052191193389814,0.36226597636230523,0.18641360301676208,39.04926148304754,36.453712112652354,0.3175609756097561,True
남궁옥분 감성 콘서트 [대구],대중음악,영남,신세계 문화홀 8층 [대구],0.6667,1,300.0,300.0,0.0,0.0,10,450,0.41052191193389814,0.36226597636230523,0.18641360301676208,39.04926148304754,36.453712112652354,0.3175609756097561,True
"월간문화살롱 #4, 성기문 블루스올스타즈 [파주]",대중음악,경인,파주운정행복센터,0.7015,1,376.0,376.0,0.0,0.0,9,536,0.4385001568873549,0.40372476728375695,0.18641360301676208,42.42442931627252,36.42442931627252,0.32676443629697527,True
"월간문화살롱, 국악아카펠라 토리스",한국음악(국악),경인,파주운정행복센터,0.7015,1,376.0,376.0,0.0,0.0,9,536,0.4385001568873549,0.40372476728375695,0.18641360301676208,42.42442931627252,36.42442931627252,0.32676443629697527,True
"ASEAN-KOREA MUSIC FESTIVAL, ROUND IN KOREA [부산]",대중음악,영남,KBS홀 [부산],0.409275,4,4661.0,1165.25,0.0,0.0,0,2847,0.22793117874699298,0.8706659868214622,0.18641360301676208,38.96035212451158,36.3648027541164,0.31609756097560976,True
최찬양 정다솔 듀오 리사이틀,서양음악(클래식),서울,꿈의숲아트센터,0.5382,1,162.0,162.0,0.0,0.0,8,301,0.31514747411358646,0.28605794372973536,0.18641360301676208,30.317256866515446,36.31725686651545,0.4490909090909091,True
"CONNECT 2023, 연희(演戲) & hip-hop",한국음악(국악),기타,강릉단오제전수교육관(구. 단오문화관),0.5916,1,268.0,268.0,0.0,0.0,5,453,0.3485775546490953,0.34265897918627763,0.18641360301676208,34.619795490494305,36.3077239145524,0.3170731707317073,True
"강릉단오제콘텐츠 기획공연, 강릉단오굿: 수로자",한국음악(국악),기타,강릉단오제전수교육관(구. 단오문화관),0.5916,1,268.0,268.0,0.0,0.0,5,453,0.3485775546490953,0.34265897918627763,0.18641360301676208,34.619795490494305,36.3077239145524,0.3170731707317073,True
비상,한국음악(국악),기타,강릉단오제전수교육관(구. 단오문화관),0.5916,1,268.0,268.0,0.0,0.0,5,70,0.3485775546490953,0.34265897918627763,0.18641360301676208,34.619795490494305,36.3077239145524,0.3170731707317073,True
비상,한국음악(국악),기타,강릉단오제전수교육관(구. 단오문화관),0.5916,1,268.0,268.0,0.0,0.0,5,453,0.3485775546490953,0.34265897918627763,0.18641360301676208,34.619795490494305,36.3077239145524,0.3170731707317073,True
손님네 유랑가다,한국음악(국악),기타,강릉단오제전수교육관(구. 단오문화관),0.5916,1,268.0,268.0,0.0,0.0,5,453,0.3485775546490953,0.34265897918627763,0.18641360301676208,34.619795490494305,36.3077239145524,0.3170731707317073,True
이상한 쉼터의 도망자 [안산],연극,경인,안산문화예술의전당,0.6643,2,186.0,93.0,0.0,0.0,6,140,0.40744953456751387,0.4475734755778684,0.18641360301676208,42.30483758694765,36.30483758694765,0.32538955087076077,True
"두산아트랩, 할머니의 언어사전",연극,서울,두산아트센터,0.3733,3,336.0,112.0,0.0,0.0,1,300,0.20171791653592722,0.5578051459052401,0.18641360301676208,30.2997950481749,36.2997950481749,0.4481818181818182,True
"제32회 젊은연극제, 진범",연극,서울,공간아울,0.39923333,3,206.0,68.67,0.0,0.0,2,172,0.21791653592720428,0.496685754628177,0.18641360301676208,30.29749996573461,36.29749996573461,0.44727272727272727,True
제1회 당진시충남합창단 기획연주회: 가정의 달 기념 가족음악회,서양음악(클래식),충청,당진문예의전당,0.5894,1,590.0,590.0,0.0,0.0,5,1001,0.34766237841229997,0.47097191716347664,0.18641360301676208,39.25478680007113,36.281768455055236,0.2694063926940639,True
춤을 잇다 [강릉],무용(서양/한국무용),기타,강릉단오제전수교육관(구. 단오문화관),0.5894,1,267.0,267.0,0.0,0.0,5,453,0.34766237841229997,0.3424001150507269,0.18641360301676208,34.55478371049221,36.2427121345503,0.29878048780487804,True
"제73회 충주시립우륵국악단 정기연주회, 노래하라: CANTAREⅡ",한국음악(국악),충청,충주시문화회관,0.5984,1,532.0,532.0,0.0,0.0,1,889,0.35350643238155005,0.4579894885472231,0.18641360301676208,39.20853329107234,36.23551494605645,0.2648401826484018,True
"제41회 제물포예술제, 원더풀 라이프!",연극,경인,인천수봉문화회관,0.85,1,136.0,136.0,0.0,0.0,4,160,0.5686251438134087,0.2690971132726702,0.18641360301676208,42.155985976845535,36.155985976845535,0.3244729605866178,True
"전통과 현대 그리고 국악, 전통연희 X 퓨전국악 [철원]",한국음악(국악),기타,철원군 화강문화센터,0.6092,1,212.0,212.0,0.0,0.0,6,348,0.36315500470662065,0.31663528919569084,0.18641360301676208,34.37786853212519,36.065796956183284,0.2926829268292683,True
"스크린바캉스Ⅱ, 영상화 호두까기 인형",무용(서양/한국무용),영남,봉산문화회관,0.8625,1,69.0,69.0,0.0,0.0,2,80,0.5818951992469407,0.2093426419830562,0.18641360301676208,38.65894026953405,36.06339089913887,0.3151219512195122,True
"공연예술축제 그라제, 베를린 슈타츠카펠레 현악사중주 [광주]",서양음악(클래식),호남,예술의 전당 [광주] (구. 광주문화예술회관),0.4077,1,702.0,702.0,0.0,0.0,8,1722,0.2268721891015584,0.49902729839974896,0.18641360301676208,31.096998907481243,36.04374440692881,0.36578947368421055,True
"제32회 대한민국 신춘문예 페스티벌 기획초청작, 바람의 전화",연극,서울,선돌극장,0.6154,1,80.0,80.0,0.0,0.0,1,130,0.3673648153958791,0.22215641669281458,0.18641360301676208,30.041532275181332,36.04153227518133,0.4459090909090909,True
사명,연극,서울,대학로 스카이씨어터,0.6154,1,80.0,80.0,0.0,0.0,0,130,0.3673648153958791,0.22215641669281458,0.18641360301676208,30.041532275181332,36.04153227518133,0.4459090909090909,True
"발레로 떠나는 세계여행, Assemble [대구]",무용(서양/한국무용),영남,천마아트센터,0.5294,1,1000.0,1000.0,0.0,0.0,7,1889,0.30921190252065683,0.538463549837883,0.18641360301676208,38.60257236086334,36.00702299046816,0.31414634146341464,True
페인터즈 [울산],뮤지컬,영남,울산광역시학생교육문화회관,0.6076,1,429.0,429.0,0.0,0.0,2,706,0.36216138479238574,0.42427831816755573,0.18641360301676208,38.583499977671956,35.98795060727677,0.3126829268292683,True
페인터즈 [울산],뮤지컬,영남,울산광역시학생교육문화회관,0.6076,1,429.0,429.0,0.0,0.0,2,962,0.36216138479238574,0.42427831816755573,0.18641360301676208,38.583499977671956,35.98795060727677,0.3126829268292683,True
"Centrepia 창단연주회: 다시,봄",서양음악(클래식),경인,성남아트센터,0.7407,1,280.0,280.0,0.0,0.0,7,378,0.4758916431335634,0.3477552034306035,0.18641360301676208,41.9772807432996,35.9772807432996,0.3235563703024748,True
장영실과 함께하는 별별 GPT,뮤지컬,경인,광명문화예술교육지원센터 광명극장,0.52433333,3,755.0,251.67,0.0,0.0,1,480,0.3064794477565108,0.6717040581529129,0.18641360301676208,41.94807180168462,35.94807180168462,0.3226397800183318,True
"제684회 KAIST 문화행사, 안톤 게르첸베르크 피아노 리사이틀",서양음악(클래식),충청,한국과학기술원,0.5709,1,628.0,628.0,0.0,0.0,1,1100,0.33526827737684345,0.48678485514067565,0.18641360301676208,38.91977321826405,35.94675487324815,0.2602739726027397,True
수성 X 경주 청소년오케스트라 Friendship Concert,서양음악(클래식),영남,수성아트피아,0.5574,1,646.0,646.0,0.0,0.0,3,1159,0.3281821985147997,0.4899840497855873,0.18641360301676208,38.524923871164575,35.92937450076939,0.31121951219512195,True
발레 갈라 마스터피스 [울산],무용(서양/한국무용),영남,울산광역시학생교육문화회관,0.6062,1,428.0,428.0,0.0,0.0,2,706,0.36129850434055016,0.4238756406233658,0.18641360301676208,38.51368569840902,35.91813632801384,0.3097560975609756,True
앤 ANNE [울산] (12.2),뮤지컬,영남,울산광역시학생교육문화회관,0.6062,1,428.0,428.0,0.0,0.0,2,706,0.36129850434055016,0.4238756406233658,0.18641360301676208,38.51368569840902,35.91813632801384,0.3097560975609756,True
KNUES 정기연주회: How we Express Ourselves,서양음악(클래식),영남,대구콘서트하우스,0.5506,1,707.0,707.0,0.0,0.0,7,1284,0.3231618031586654,0.49965746260851374,0.18641360301676208,38.46989180746945,35.87434243707427,0.30829268292682926,True
리먼 트릴로지,연극,서울,남산예술센터 드라마센터,0.34813333,3,494.0,164.67,0.0,0.0,0,473,0.18541470557473066,0.6106670327371614,0.18641360301676208,29.868148058774658,35.86814805877466,0.4445454545454545,True
제2회 프라이드 타악기 앙상블 정기연주회,서양음악(클래식),영남,(재)영화의전당,0.591,1,497.0,497.0,0.0,0.0,8,841,0.34825070599309693,0.4456176132203744,0.18641360301676208,38.434403265831044,35.83885389543586,0.3073170731707317,True
제50회 군포시립소년소녀합창단 정기연주회,서양음악(클래식),경인,군포문화예술회관,0.6208,1,709.0,709.0,0.0,0.0,8,1142,0.3714308126764983,0.49995424118816023,0.18641360301676208,41.831059050082835,35.831059050082835,0.32172318973418884,True
제37회 별망성 전국음협콩쿨 수상자음악회,서양음악(클래식),경인,안산문화예술의전당,0.8571,1,120.0,120.0,0.0,0.0,6,140,0.5756327789980128,0.2591203848969773,0.18641360301676208,41.83000745450938,35.83000745450938,0.3208065994500458,True
광화문 그 사내 (6.22),뮤지컬,영남,울산광역시학생교육문화회관,0.6034,1,426.0,426.0,0.0,0.0,2,706,0.359964961824077,0.4230284489070181,0.18641360301676208,38.39759006221533,35.802040691820146,0.3053658536585366,True
광화문 그 사내 (6.24),뮤지컬,영남,울산광역시학생교육문화회관,0.6034,1,426.0,426.0,0.0,0.0,2,706,0.359964961824077,0.4230284489070181,0.18641360301676208,38.39759006221533,35.802040691820146,0.3053658536585366,True
환생전 [울산],연극,영남,울산광역시학생교육문화회관,0.6034,1,426.0,426.0,0.0,0.0,2,706,0.359964961824077,0.4230284489070181,0.18641360301676208,38.39759006221533,35.802040691820146,0.3053658536585366,True
바람이 멈춘 마을 [동해],뮤지컬,기타,동해문화예술회관,0.5491,1,313.0,313.0,0.0,0.0,3,570,0.32156678171739356,0.3726401527036921,0.18641360301676208,34.109752420947956,35.79768084500605,0.2865853658536585,True
예일대 아카펠라 그룹 SOBs의 DMZ 평화콘서트,서양음악(클래식),경인,솔가람아트홀,0.7667,1,230.0,230.0,0.0,0.0,4,300,0.4936722100198724,0.32441036502457904,0.18641360301676208,41.73506525813009,35.73506525813009,0.3198900091659028,True
다다름 행복 콘서트 [대구],대중음악,영남,대구학생문화센터,0.7673,1,122.0,122.0,0.0,0.0,2,159,0.4941559460307499,0.2610906285953352,0.18641360301676208,38.28555338370853,35.69000401331335,0.30341463414634146,True
음악화첩: 箕山歷程 기산력뎡 (기산역정) [인천],한국음악(국악),경인,인천중구문화회관,0.6677,1,426.0,426.0,0.0,0.0,2,638,0.41286214831084617,0.4230284489070181,0.18641360301676208,41.689901670718555,35.689901670718555,0.31897341888175984,True
"제36회 당진시립합창단 정기연주회, 헨델 메시아",서양음악(클래식),충청,당진문예의전당,0.5784,1,579.0,579.0,0.0,0.0,5,1001,0.3401710072168183,0.4684721786424014,0.18641360301676208,38.66267504649304,35.68965670147715,0.2557077625570776,True
파노플리 [당진],연극,충청,당진문예의전당,0.5,3,450.0,150.0,0.0,0.0,5,300,0.2887511766551616,0.5987370567932224,0.18641360301676208,38.65527015709544,35.68225181207954,0.2511415525114155,True
분실물 센터,무용(서양/한국무용),경인,학산소극장,0.8772,1,100.0,100.0,0.0,0.0,7,114,0.5968256458529443,0.2421307917581843,0.18641360301676208,41.603368433076845,35.603368433076845,0.31805682859761686,True
제1회 고유앙상블 정기연주회,서양음악(클래식),경인,안산문화예술의전당,0.6564,1,470.0,470.0,0.0,0.0,6,716,0.40184081163058255,0.4369639682041627,0.18641360301676208,41.55379339187017,35.55379339187017,0.31668194317140236,True
제11회 유니소노 색소폰 앙상블 정기연주회,서양음악(클래식),경인,안산문화예술의전당,0.6564,1,470.0,470.0,0.0,0.0,6,716,0.40184081163058255,0.4369639682041627,0.18641360301676208,41.55379339187017,35.55379339187017,0.31668194317140236,True
미완성의 미학,무용(서양/한국무용),서울,강동아트센터,0.4329,1,368.0,368.0,0.0,0.0,7,850,0.24082208973956698,0.4003595335215982,0.18641360301676208,29.51194699674286,35.511946996742864,0.44363636363636366,True
"SAC on Screen, 굿모닝 독도 [안성]",뮤지컬,경인,안성맞춤아트홀,0.6236,1,618.0,618.0,0.0,0.0,7,991,0.3744378203116829,0.48350329463445246,0.18641360301676208,41.47511512258728,35.47511512258728,0.3153070577451879,True
제2회 동덕 성악연구회 정기연주회: 사계(俟季),서양음악(클래식),서울,꿈의숲아트센터,0.5183,1,156.0,156.0,0.0,0.0,8,301,0.3023873025834118,0.2825567409266813,0.18641360301676208,29.42933167672769,35.429331676727685,0.44272727272727275,True
해설과 함께하는 Do you know Mozart? [울산],서양음악(클래식),영남,울산광역시학생교육문화회관,0.5992,1,423.0,423.0,0.0,0.0,2,706,0.3540686120698672,0.42176812048948853,0.18641360301676208,37.97361625349656,35.378066883101376,0.3019512195121951,True
잼스틱의 비트팡팡 [울산],대중음악,영남,울산광역시학생교육문화회관,0.5992,1,423.0,423.0,0.0,0.0,2,706,0.3540686120698672,0.42176812048948853,0.18641360301676208,37.97361625349656,35.378066883101376,0.3019512195121951,True
음하랑예술제,무용(서양/한국무용),경인,성남아트리움 (구. 성남시민회관),0.6636,1,428.0,428.0,0.0,0.0,10,645,0.4070834640727957,0.4238756406233658,0.18641360301676208,41.371899454507876,35.371899454507876,0.31439046746104493,True
제1회 하모닉스중창단 정기연주회,서양음악(클래식),경인,보노마루,0.8079,1,164.0,164.0,0.0,0.0,1,203,0.5282135759857756,0.2866881079385002,0.18641360301676208,41.36657904243631,35.36657904243631,0.31347387717690195,True
인천시립소년소녀합창단 기획연주 송년음악회: 초코케잌,서양음악(클래식),경인,아트센터 인천,0.5866,1,1013.0,1013.0,0.0,0.0,6,1727,0.34524369835791235,0.541809172680682,0.18641360301676208,41.34414331863742,35.34414331863742,0.3125572868927589,True
제80회 목포시립합창단 정기연주회,서양음악(클래식),호남,목포문화예술회관,0.4656,1,325.0,325.0,0.0,0.0,6,698,0.26252484049785585,0.3780057002405606,0.18641360301676208,30.37397153089858,35.320717030346145,0.3631578947368421,True
피움 [안산],무용(서양/한국무용),경인,안산문화예술의전당,0.6508,1,466.0,466.0,0.0,0.0,6,716,0.3984938813931597,0.4361180838824391,0.18641360301676208,41.31375147016041,35.31375147016041,0.31164069660861593,True
울토리와 함께하는 국악 산책 [울산],한국음악(국악),영남,울산광역시학생교육문화회관,0.5977,1,422.0,422.0,0.0,0.0,2,706,0.35315343583307185,0.42149748980232193,0.18641360301676208,37.904961384587395,35.30941201419221,0.30048780487804877,True
제39회 목포시립연극단 정기공연: 푸르른 날에,연극,호남,목포문화예술회관,0.3625,2,506.0,253.0,0.0,0.0,6,698,0.1955862357493986,0.5856408848446815,0.18641360301676208,30.328821024331305,35.27556652377887,0.3605263157894737,True
"제15회 파주시민을 위한 춤대공연: 락, 페스티벌 2",무용(서양/한국무용),경인,파주운정행복센터,0.681,1,365.0,365.0,0.0,0.0,9,536,0.42187009727016,0.3983801380608723,0.18641360301676208,41.23123248753586,35.23123248753586,0.3102658111824015,True
정태호 탱고 쿼텟,서양음악(클래식),경인,파주운정행복센터,0.681,1,365.0,365.0,0.0,0.0,9,536,0.42187009727016,0.3983801380608723,0.18641360301676208,41.23123248753586,35.23123248753586,0.3102658111824015,True
"영덕 보엠 앙상블 창단 연주회, 열정",서양음악(클래식),영남,예주문화예술회관,0.7597,1,117.0,117.0,0.0,0.0,4,154,0.4895931387930133,0.2566598682146219,0.18641360301676208,37.813282608657445,35.21773323826226,0.2995121951219512,True
비커밍맘,뮤지컬,경인,다산아트홀,0.6935,1,344.0,344.0,0.0,0.0,2,496,0.4307342328208346,0.3852107520133877,0.18641360301676208,41.191252109723585,35.191252109723585,0.308890925756187,True
"SAC on Screen, 심청",무용(서양/한국무용),경인,안성맞춤아트홀,0.6196,1,614.0,614.0,0.0,0.0,7,991,0.3702149356761845,0.4819174249555487,0.18641360301676208,41.139727738391684,35.139727738391684,0.307974335472044,True
강이나 내의 본줄기: 원류 [안산],한국음악(국악),경인,안산문화예술의전당,0.648,1,464.0,464.0,0.0,0.0,6,716,0.3959183139838929,0.43563827005543354,0.18641360301676208,41.135214352697034,35.135214352697034,0.30476626947754354,True
"제7회 시밀레 앙상블 정기연주회, 안산시민과 함께하는 가을 음악축제",서양음악(클래식),경인,안산문화예술의전당,0.648,1,464.0,464.0,0.0,0.0,6,716,0.3959183139838929,0.43563827005543354,0.18641360301676208,41.135214352697034,35.135214352697034,0.30476626947754354,True
꿈의 오케스트라 안산 정기연주회: 안녕?! 오케스트라,서양음악(클래식),경인,안산문화예술의전당,0.648,1,464.0,464.0,0.0,0.0,6,716,0.3959183139838929,0.43563827005543354,0.18641360301676208,41.135214352697034,35.135214352697034,0.30476626947754354,True
리티댄스 페스티발,대중무용,경인,안산문화예술의전당,0.648,1,464.0,464.0,0.0,0.0,6,716,0.3959183139838929,0.43563827005543354,0.18641360301676208,41.135214352697034,35.135214352697034,0.30476626947754354,True
제7회 안산심포니오케스트라 정기연주회 [안산],서양음악(클래식),경인,안산문화예술의전당,0.648,1,464.0,464.0,0.0,0.0,6,716,0.3959183139838929,0.43563827005543354,0.18641360301676208,41.135214352697034,35.135214352697034,0.30476626947754354,True
"제3회 난타콘서트, 세상을 두드리다! [안산]",뮤지컬,경인,안산문화예술의전당,0.648,1,464.0,464.0,0.0,0.0,6,716,0.3959183139838929,0.43563827005543354,0.18641360301676208,41.135214352697034,35.135214352697034,0.30476626947754354,True
"동물원, 낭만 콘서트",대중음악,영남,신세계 문화홀 8층 [대구],0.6444,1,290.0,290.0,0.0,0.0,10,450,0.39353885576822506,0.35381367011818843,0.18641360301676208,37.713984178297665,35.11843480790248,0.29853658536585365,True
"아트밸리 아산 신년음악회: 팬텀 인 클래식, 라포엠",서양음악(클래식),충청,경찰인재개발원,0.5239,1,943.0,943.0,0.0,0.0,0,1800,0.30621796883171215,0.5284044556008786,0.18641360301676208,38.08947540344397,35.116457058428075,0.2465753424657534,True
채혜연 피아노독주회,서양음악(클래식),서울,세종문화회관,0.4831,1,214.0,214.0,0.0,0.0,3,443,0.2746443886622738,0.31733213053027925,0.18641360301676208,29.09832948574748,35.098329485747485,0.44181818181818183,True
"가을음악회, 비상",대중음악,경인,성남아트리움 (구. 성남시민회관),0.6574,1,424.0,424.0,0.0,0.0,10,645,0.4029128752222571,0.4223028448907018,0.18641360301676208,41.05596743595509,35.05596743595509,0.29651695692025665,True
"연희공방 음마갱깽의, 온고지신",한국음악(국악),경인,성남아트리움 (구. 성남시민회관),0.6574,1,424.0,424.0,0.0,0.0,10,645,0.4029128752222571,0.4223028448907018,0.18641360301676208,41.05596743595509,35.05596743595509,0.29651695692025665,True
제13회 성남시 시니어 여성합창단 정기연주회,서양음악(클래식),경인,성남아트리움 (구. 성남시민회관),0.6574,1,424.0,424.0,0.0,0.0,10,645,0.4029128752222571,0.4223028448907018,0.18641360301676208,41.05596743595509,35.05596743595509,0.29651695692025665,True
박태현 전국 창작동요제 [성남],서양음악(클래식),경인,성남아트리움 (구. 성남시민회관),0.6574,1,424.0,424.0,0.0,0.0,10,645,0.4029128752222571,0.4223028448907018,0.18641360301676208,41.05596743595509,35.05596743595509,0.29651695692025665,True
박태현 전국 창작동요제 [성남],서양음악(클래식),경인,성남아트리움 (구. 성남시민회관),0.6574,1,424.0,424.0,0.0,0.0,10,645,0.4029128752222571,0.4223028448907018,0.18641360301676208,41.05596743595509,35.05596743595509,0.29651695692025665,True
"꿀잼 어린이극장, 나는 기와입니다",연극,경인,성남아트리움 (구. 성남시민회관),0.6574,1,424.0,424.0,0.0,0.0,10,645,0.4029128752222571,0.4223028448907018,0.18641360301676208,41.05596743595509,35.05596743595509,0.29651695692025665,True
"꿀잼 어린이극장, 차이코프스키 힐링 명작 발레 [성남]",무용(서양/한국무용),경인,성남아트리움 (구. 성남시민회관),0.6574,1,424.0,424.0,0.0,0.0,10,645,0.4029128752222571,0.4223028448907018,0.18641360301676208,41.05596743595509,35.05596743595509,0.29651695692025665,True
유망신예음악회,서양음악(클래식),경인,성남아트리움 (구. 성남시민회관),0.6574,1,424.0,424.0,0.0,0.0,10,645,0.4029128752222571,0.4223028448907018,0.18641360301676208,41.05596743595509,35.05596743595509,0.29651695692025665,True
유망신예음악회,서양음악(클래식),경인,성남아트리움 (구. 성남시민회관),0.6574,1,424.0,424.0,0.0,0.0,10,645,0.4029128752222571,0.4223028448907018,0.18641360301676208,41.05596743595509,35.05596743595509,0.29651695692025665,True
"꿀잼 어린이 극장, 빨간모자 [성남]",뮤지컬,경인,성남아트리움 (구. 성남시민회관),0.6574,1,424.0,424.0,0.0,0.0,10,645,0.4029128752222571,0.4223028448907018,0.18641360301676208,41.05596743595509,35.05596743595509,0.29651695692025665,True
제23회 정금란무용제,무용(서양/한국무용),경인,성남아트리움 (구. 성남시민회관),0.6574,1,424.0,424.0,0.0,0.0,10,645,0.4029128752222571,0.4223028448907018,0.18641360301676208,41.05596743595509,35.05596743595509,0.29651695692025665,True
호랑이의 꽃길 [성남],뮤지컬,경인,성남아트리움 (구. 성남시민회관),0.6574,1,424.0,424.0,0.0,0.0,10,645,0.4029128752222571,0.4223028448907018,0.18641360301676208,41.05596743595509,35.05596743595509,0.29651695692025665,True
제25회 동구합창단 정기연주회 [대구],서양음악(클래식),영남,아양아트센터,0.5437,1,604.0,604.0,0.0,0.0,6,1111,0.3185205522434892,0.4799707143604226,0.18641360301676208,37.529119206608385,34.9335698362132,0.2975609756097561,True
"탭댄스쇼, 올 댓 리듬 [울산]",대중무용,영남,울산광역시학생교육문화회관,0.5907,1,417.0,417.0,0.0,0.0,2,706,0.3480284489070181,0.420111651500889,0.18641360301676208,37.52448479760897,34.92893542721379,0.2965853658536585,True
"제31회 젊은연극제, 전화벨이 울린다",연극,서울,한예극장,0.4,2,160.0,80.0,0.0,0.0,0,200,0.21981225813199456,0.43615599832653484,0.18641360301676208,28.912649040244858,34.91264904024486,0.4409090909090909,True
심청날다 [광산],뮤지컬,호남,광산문화예술회관,0.4833,1,261.0,261.0,0.0,0.0,1,540,0.27484049785587283,0.34057891433950427,0.18641360301676208,29.94577372334945,34.89251922279701,0.35789473684210527,True
앤 ANNE [울산] (11.30),뮤지컬,영남,울산광역시학생교육문화회관,0.5892,1,416.0,416.0,0.0,0.0,2,706,0.3476100826273402,0.41981618031586654,0.18641360301676208,37.4868620574537,34.891312687058516,0.29560975609756096,True
제29회 강원도립국악관현악단 정기연주회: 숨의 조화 [춘천],한국음악(국악),기타,KBS 춘천홀,0.5642,1,246.0,246.0,0.0,0.0,2,436,0.3315814245371823,0.33259204058152914,0.18641360301676208,33.19853019277911,34.8864586168372,0.2804878048780488,True
"수원시립교향악단 유료회원 초청음악회, 루드비히 판 베토벤",서양음악(클래식),경인,수원SK아트리움,0.6211,1,590.0,590.0,0.0,0.0,5,950,0.3719406965798557,0.47097191716347664,0.18641360301676208,40.87730212040749,34.87730212040749,0.29055912007332724,True
"두산아트랩, 명태 말고 영태",연극,서울,두산아트센터,0.35,3,315.0,105.0,0.0,0.0,1,300,0.1868397657148834,0.550793588536764,0.18641360301676208,28.792351720996066,34.792351720996066,0.44,True
"남양주시립합창단, 클래식 세계여행: 찬란한 오월에 듣는 슈만의 시인의 사랑 Op.48",서양음악(클래식),경인,다산아트홀,0.6855,1,340.0,340.0,0.0,0.0,3,496,0.42465484781926577,0.38394257922811426,0.18641360301676208,40.78760107410317,34.78760107410317,0.28964252978918426,True
강원도립국악관현악단 실내악 시리즈 1,한국음악(국악),기타,축제극장 몸짓,0.6855,1,85.0,85.0,0.0,0.0,2,124,0.42465484781926577,0.22725525572638847,0.18641360301676208,33.06946935805623,34.757397782114325,0.27439024390243905,True
"ACC 수요극장, 춘향탈옥",서양음악(클래식),호남,국립아시아문화전당,0.5444,1,135.0,135.0,0.0,0.0,6,248,0.3188343269532476,0.26846956385315346,0.18641360301676208,29.76439550572698,34.71114100517455,0.3539473684210526,True
"ACC 수요극장, 종묘제례악",한국음악(국악),호남,국립아시아문화전당,0.5444,1,135.0,135.0,0.0,0.0,6,248,0.3188343269532476,0.26846956385315346,0.18641360301676208,29.76439550572698,34.71114100517455,0.3539473684210526,True
"제29회 경산시립합창단 정기연주회, 가을향기",서양음악(클래식),영남,천마아트센터,0.5071,1,958.0,958.0,0.0,0.0,7,1889,0.2948697834954503,0.5299563330195586,0.18641360301676208,37.279853506407164,34.68430413601198,0.2946341463414634,True
제3회 대구동신초등학교 오케스트라 정기연주회: 꿈꾸는 그대에게,서양음악(클래식),영남,대구콘서트하우스,0.528,1,678.0,678.0,0.0,0.0,7,1284,0.30838824390754105,0.4954411149461354,0.18641360301676208,37.27824910420918,34.682699733814,0.29365853658536584,True
대한민국 해군 호국음악회 [서울],서양음악(클래식),서울,장충체육관,0.3375,1,1521.0,1521.0,0.0,0.0,6,4507,0.17891695429348395,0.5809708712477775,0.18641360301676208,28.658446270039317,34.65844627003932,0.43863636363636366,True
대한민국 해군 호국음악회 [서울],서양음악(클래식),서울,장충체육관,0.3375,1,1521.0,1521.0,0.0,0.0,6,4507,0.17891695429348395,0.5809708712477775,0.18641360301676208,28.658446270039317,34.65844627003932,0.43863636363636366,True
"KAIST 문화행사, 박경소 가야금: 춘앵",한국음악(국악),충청,한국과학기술원,0.5464,1,601.0,601.0,0.0,0.0,1,1100,0.32018094341596065,0.4792333437924904,0.18641360301676208,37.62323185726223,34.65021351224634,0.2420091324200913,True
"탭댄스쇼, 올 댓 리듬 [울산] (교육가족)",대중무용,영남,울산광역시학생교육문화회관,0.585,1,413.0,413.0,0.0,0.0,2,706,0.3441193389812781,0.41870489488547225,0.18641360301676208,37.22105367431636,34.625504303921176,0.2926829268292683,True
"SAC ON SCREEN, 크리스토프 에센바흐 & KBS교향악단 [안성]",서양음악(클래식),경인,안성맞춤아트홀,0.6095,1,604.0,604.0,0.0,0.0,7,991,0.36328574416902,0.4799707143604226,0.18641360301676208,40.610179520941934,34.610179520941934,0.2887259395050413,True
오예은 & 정수정 소프라노 듀오 콘서트,서양음악(클래식),영남,해운대문화회관,0.7692,1,100.0,100.0,0.0,0.0,6,130,0.49528030540738416,0.2421307917581843,0.18641360301676208,37.1989468093648,34.603397438969616,0.2917073170731707,True
"배시시 명품극장, 호두까기인형",무용(서양/한국무용),영남,부산시민회관,0.6494,1,250.0,250.0,0.0,0.0,7,385,0.3968204162744483,0.3364004811212216,0.18641360301676208,37.144887583004014,34.54933821260883,0.29073170731707315,True
"두산아트랩, 산호초를 그린 자국",연극,서울,두산아트센터,0.3467,3,312.0,104.0,0.0,0.0,1,300,0.18436878987553604,0.5498574939859847,0.18641360301676208,28.543846845578752,34.543846845578756,0.43727272727272726,True
사랑의 기억 [목포],대중음악,호남,목포문화예술회관,0.4513,1,315.0,315.0,0.0,0.0,6,698,0.25325541261374335,0.3733814454554963,0.18641360301676208,29.57987501469469,34.52662051414225,0.35,True
"보이는 소리, 만지는 소리 [공주]",서양음악(클래식),충청,공주문예회관,0.4769,2,600.0,300.0,0.0,0.0,5,629,0.2706176132203744,0.6113691036502458,0.18641360301676208,37.491691133126814,34.51867278811092,0.2374429223744292,True
앤 ANNE [울산],뮤지컬,영남,울산광역시학생교육문화회관,0.5822,1,411.0,411.0,0.0,0.0,2,706,0.34251124359376633,0.41817670745737895,0.18641360301676208,37.097858049551405,34.50230867915622,0.2897560975609756,True
제4회 안산제일신협 라온소리합창단 정기공연,서양음악(클래식),경인,안산문화예술의전당,0.6369,1,456.0,456.0,0.0,0.0,6,716,0.38647892479866125,0.433405240037653,0.18641360301676208,40.46067771130256,34.46067771130256,0.28780934922089824,True
오리지널 과학마술콘서트 공룡편 [청송],서커스/마술,영남,진보문화체육센터,0.625,1,300.0,300.0,0.0,0.0,1,480,0.37608513753791445,0.36226597636230523,0.18641360301676208,37.049531581271125,34.45398221087594,0.288780487804878,True
박연우 피아노 리사이틀 [대구],서양음악(클래식),영남,비원뮤직홀,0.715,1,143.0,143.0,0.0,0.0,4,200,0.4513910678799289,0.2744456646794268,0.18641360301676208,36.992554858361366,34.39700548796618,0.28780487804878047,True
제2회 앙상블 유터피 정기연주회,서양음악(클래식),영남,공간 울림,0.8,1,80.0,80.0,0.0,0.0,1,100,0.5194148101663006,0.22215641669281458,0.18641360301676208,36.98044576412161,34.38489639372643,0.2868292682926829,True
하쿠나 마타타 (Hakuna Matata),대중무용,경인,보노마루,0.7882,1,160.0,160.0,0.0,0.0,1,203,0.5095962765401109,0.28459366175086287,0.18641360301676208,40.36694073894887,34.36694073894887,0.2864344637946838,True
"함께꿈꾸는세상 사회적협동조합, I DO",연극,경인,보노마루,0.7882,1,160.0,160.0,0.0,0.0,1,203,0.5095962765401109,0.28459366175086287,0.18641360301676208,40.36694073894887,34.36694073894887,0.2864344637946838,True
"제27회 울산교육문화예술제 기획공연, 뮤페라 렉처 콘서트 [울산]",서양음악(클래식),영남,울산광역시학생교육문화회관,0.5793,1,409.0,409.0,0.0,0.0,2,706,0.34061552138897605,0.4176145277690618,0.18641360301676208,36.954633533541596,34.35908416314641,0.28585365853658534,True
목포시립무용단 토별산수무: 창공으로 날아오르다,무용(서양/한국무용),호남,목포시민문화체육센터,0.4043,1,488.0,488.0,0.0,0.0,6,1207,0.223825959627654,0.442789718648677,0.18641360301676208,29.405277645888344,34.352023145335906,0.3473684210526316,True
과태료 부과대상입니다,연극,서울,두산아트센터,0.3433,3,309.0,103.0,0.0,0.0,1,300,0.1823423282083464,0.5489619286685493,0.18641360301676208,28.336707549622947,34.33670754962294,0.4359090909090909,True
롱피쓰,연극,서울,두산아트센터,0.3433,3,309.0,103.0,0.0,0.0,1,300,0.1823423282083464,0.5489619286685493,0.18641360301676208,28.336707549622947,34.33670754962294,0.4359090909090909,True
KT&G장학재단과 함께하는 BALLET SHOWING Ⅳ,무용(서양/한국무용),서울,강동아트센터,0.4118,1,350.0,350.0,0.0,0.0,7,850,0.22944775651082522,0.38706333019558625,0.18641360301676208,28.282845486341717,34.282845486341714,0.43454545454545457,True
모던사운즈,서양음악(클래식),영남,울산광역시학생교육문화회관,0.5765,1,407.0,407.0,0.0,0.0,2,706,0.3394127183349022,0.417002667085033,0.18641360301676208,36.85465925821247,34.25910988781729,0.2848780487804878,True
제31회 대구레이디스코러스 정기연주회: 아름다운 우리나라!,서양음악(클래식),영남,대구문화예술회관,0.5417,1,546.0,546.0,0.0,0.0,2,1008,0.3172393055119757,0.4612396715824705,0.18641360301676208,36.84706122476536,34.25151185437018,0.28341463414634144,True
최두혁의 춤: 따뜻함으로부터 호흡을 가다듬어 보는 고군분투의 버전,무용(서양/한국무용),영남,대구문화예술회관,0.5417,1,546.0,546.0,0.0,0.0,2,1008,0.3172393055119757,0.4612396715824705,0.18641360301676208,36.84706122476536,34.25151185437018,0.28341463414634144,True
"KAIST 문화행사, 낭만주의 체임버콰이어: 봄의 꿈",서양음악(클래식),충청,한국과학기술원,0.5418,1,596.0,596.0,0.0,0.0,1,1100,0.31743541470557474,0.472466269218701,0.18641360301676208,37.21701604413873,34.243997699122836,0.2328767123287671,True
"우수레파토리 공연, 마딧길",한국음악(국악),충청,태안군문화예술회관,0.46655,2,641.0,320.5,0.0,0.0,3,687,0.26294320677753374,0.62539614057107,0.18641360301676208,37.18598174998542,34.21296340496953,0.228310502283105,True
"신춘음악회, 2 Sop. & 3 Ten.",서양음악(클래식),영남,김해서부문화센터,0.5789,1,400.0,400.0,0.0,0.0,5,691,0.3403148206254576,0.4134530906808911,0.18641360301676208,36.7873932488356,34.191843878440416,0.2819512195121951,True
New Star Musician Ⅲ,서양음악(클래식),경인,성남아트센터,0.5953,1,656.0,656.0,0.0,0.0,7,1102,0.35141460098316074,0.49159868214621905,0.18641360301676208,40.19168049120756,34.19168049120756,0.27039413382218147,True
강남대학교 음악학과 정기연주회,서양음악(클래식),경인,성남아트센터,0.5953,1,656.0,656.0,0.0,0.0,7,502,0.35141460098316074,0.49159868214621905,0.18641360301676208,40.19168049120756,34.19168049120756,0.27039413382218147,True
제2회 위더스 남성합창단 정기연주회,서양음악(클래식),경인,성남아트센터,0.5953,1,656.0,656.0,0.0,0.0,7,1102,0.35141460098316074,0.49159868214621905,0.18641360301676208,40.19168049120756,34.19168049120756,0.27039413382218147,True
제50회 성남시여성합창단 정기연주회,서양음악(클래식),경인,성남아트센터,0.5953,1,656.0,656.0,0.0,0.0,7,1102,0.35141460098316074,0.49159868214621905,0.18641360301676208,40.19168049120756,34.19168049120756,0.27039413382218147,True
제4회 카니발 플루트 오케스트라 정기연주회,서양음악(클래식),경인,성남아트센터,0.5953,1,656.0,656.0,0.0,0.0,7,1102,0.35141460098316074,0.49159868214621905,0.18641360301676208,40.19168049120756,34.19168049120756,0.27039413382218147,True
제6회 판교청소년오케스트라 정기연주회,서양음악(클래식),경인,성남아트센터,0.5953,1,656.0,656.0,0.0,0.0,7,1102,0.35141460098316074,0.49159868214621905,0.18641360301676208,40.19168049120756,34.19168049120756,0.27039413382218147,True
제9회 서울대학교 졸업생오케스트라 SNUGO  정기연주회,서양음악(클래식),경인,성남아트센터,0.5953,1,656.0,656.0,0.0,0.0,7,1102,0.35141460098316074,0.49159868214621905,0.18641360301676208,40.19168049120756,34.19168049120756,0.27039413382218147,True
콰이어 가이스트 정기연주회,서양음악(클래식),경인,성남아트센터,0.5953,1,656.0,656.0,0.0,0.0,7,1102,0.35141460098316074,0.49159868214621905,0.18641360301676208,40.19168049120756,34.19168049120756,0.27039413382218147,True
제29회 성남시 중원구 여성합창단 정기연주회,서양음악(클래식),경인,성남아트센터,0.5953,1,656.0,656.0,0.0,0.0,7,1102,0.35141460098316074,0.49159868214621905,0.18641360301676208,40.19168049120756,34.19168049120756,0.27039413382218147,True
제53회 분당윈드오케스트라 정기연주회,서양음악(클래식),경인,성남아트센터,0.5953,1,656.0,656.0,0.0,0.0,7,1102,0.35141460098316074,0.49159868214621905,0.18641360301676208,40.19168049120756,34.19168049120756,0.27039413382218147,True
벽산문화재단과 함께하는 The 넥스트 클래식 [성남],서양음악(클래식),경인,성남아트센터,0.5953,1,656.0,656.0,0.0,0.0,7,1102,0.35141460098316074,0.49159868214621905,0.18641360301676208,40.19168049120756,34.19168049120756,0.27039413382218147,True
제28회 중원구여성합창단 정기연주회,서양음악(클래식),경인,성남아트센터,0.5953,1,656.0,656.0,0.0,0.0,7,1102,0.35141460098316074,0.49159868214621905,0.18641360301676208,40.19168049120756,34.19168049120756,0.27039413382218147,True
강남대학교 음악학과 정기연주회,서양음악(클래식),경인,성남아트센터,0.5953,1,656.0,656.0,0.0,0.0,7,1102,0.35141460098316074,0.49159868214621905,0.18641360301676208,40.19168049120756,34.19168049120756,0.27039413382218147,True
제10회 스윗하모니 정기연주회 [성남],서양음악(클래식),경인,성남아트센터,0.5953,1,656.0,656.0,0.0,0.0,7,1102,0.35141460098316074,0.49159868214621905,0.18641360301676208,40.19168049120756,34.19168049120756,0.27039413382218147,True
제15회 아미쿠스 여성합창단 정기연주회,서양음악(클래식),경인,성남아트센터,0.5953,1,656.0,656.0,0.0,0.0,7,1102,0.35141460098316074,0.49159868214621905,0.18641360301676208,40.19168049120756,34.19168049120756,0.27039413382218147,True
제21회 분당만돌린오케스트라 정기연주회 [성남],서양음악(클래식),경인,성남아트센터,0.5953,1,656.0,656.0,0.0,0.0,7,1102,0.35141460098316074,0.49159868214621905,0.18641360301676208,40.19168049120756,34.19168049120756,0.27039413382218147,True
제26회 이듀스매스터코랄 정기연주회,서양음악(클래식),경인,성남아트센터,0.5953,1,656.0,656.0,0.0,0.0,7,1102,0.35141460098316074,0.49159868214621905,0.18641360301676208,40.19168049120756,34.19168049120756,0.27039413382218147,True
제20회 분당만돌린오케스트라 정기연주회,서양음악(클래식),경인,성남아트센터,0.5953,1,656.0,656.0,0.0,0.0,7,1102,0.35141460098316074,0.49159868214621905,0.18641360301676208,40.19168049120756,34.19168049120756,0.27039413382218147,True
제29회 수정구여성합창단 정기연주회,서양음악(클래식),경인,성남아트센터,0.5953,1,656.0,656.0,0.0,0.0,7,1102,0.35141460098316074,0.49159868214621905,0.18641360301676208,40.19168049120756,34.19168049120756,0.27039413382218147,True
제2회 SA청소년오케스트라 정기연주회,서양음악(클래식),경인,성남아트센터,0.5953,1,656.0,656.0,0.0,0.0,7,1102,0.35141460098316074,0.49159868214621905,0.18641360301676208,40.19168049120756,34.19168049120756,0.27039413382218147,True
제9회 그레이스 여성합창단 정기연주회,서양음악(클래식),경인,성남아트센터,0.5953,1,656.0,656.0,0.0,0.0,7,1102,0.35141460098316074,0.49159868214621905,0.18641360301676208,40.19168049120756,34.19168049120756,0.27039413382218147,True
제18회 뮤젠 오케스트라 정기연주회,서양음악(클래식),경인,성남아트센터,0.5953,1,656.0,656.0,0.0,0.0,7,1102,0.35141460098316074,0.49159868214621905,0.18641360301676208,40.19168049120756,34.19168049120756,0.27039413382218147,True
제22회 경기교사리코더합주단 정기연주회: Be Nature!,서양음악(클래식),경인,성남아트센터,0.5953,1,656.0,656.0,0.0,0.0,7,1102,0.35141460098316074,0.49159868214621905,0.18641360301676208,40.19168049120756,34.19168049120756,0.27039413382218147,True
제27회 분당구여성합창단 정기연주회,서양음악(클래식),경인,성남아트센터,0.5953,1,656.0,656.0,0.0,0.0,7,1102,0.35141460098316074,0.49159868214621905,0.18641360301676208,40.19168049120756,34.19168049120756,0.27039413382218147,True
제3회 위더스 남성합창단 정기 연주회,서양음악(클래식),경인,성남아트센터,0.5953,1,656.0,656.0,0.0,0.0,7,1102,0.35141460098316074,0.49159868214621905,0.18641360301676208,40.19168049120756,34.19168049120756,0.27039413382218147,True
제30회 수정구여성합창단 정기연주회,서양음악(클래식),경인,성남아트센터,0.5953,1,656.0,656.0,0.0,0.0,7,1102,0.35141460098316074,0.49159868214621905,0.18641360301676208,40.19168049120756,34.19168049120756,0.27039413382218147,True
소프라노 고현아 독창회,서양음악(클래식),경인,성남아트센터,0.5953,1,656.0,656.0,0.0,0.0,7,1102,0.35141460098316074,0.49159868214621905,0.18641360301676208,40.19168049120756,34.19168049120756,0.27039413382218147,True
소프라노 고현아 독창회,서양음악(클래식),경인,성남아트센터,0.5953,1,656.0,656.0,0.0,0.0,7,1102,0.35141460098316074,0.49159868214621905,0.18641360301676208,40.19168049120756,34.19168049120756,0.27039413382218147,True
제17회 플루트 오케스트라 아우름 정기연주회,서양음악(클래식),경인,성남아트센터,0.5953,1,656.0,656.0,0.0,0.0,7,1102,0.35141460098316074,0.49159868214621905,0.18641360301676208,40.19168049120756,34.19168049120756,0.27039413382218147,True
제23회 경기교사리코더합주단 정기연주회: CARMEN [성남],서양음악(클래식),경인,성남아트센터,0.5953,1,656.0,656.0,0.0,0.0,7,1102,0.35141460098316074,0.49159868214621905,0.18641360301676208,40.19168049120756,34.19168049120756,0.27039413382218147,True
"세월호 추모 음악회, 이제 바다는 내게",서양음악(클래식),경인,성남아트센터,0.5953,1,656.0,656.0,0.0,0.0,7,1102,0.35141460098316074,0.49159868214621905,0.18641360301676208,40.19168049120756,34.19168049120756,0.27039413382218147,True
제10회 한국교사오케스트라 정기연주회,서양음악(클래식),경인,성남아트센터,0.5953,1,656.0,656.0,0.0,0.0,7,1102,0.35141460098316074,0.49159868214621905,0.18641360301676208,40.19168049120756,34.19168049120756,0.27039413382218147,True
코리아로얄오케스트라 여름음악회,서양음악(클래식),경인,성남아트센터,0.5953,1,656.0,656.0,0.0,0.0,7,1102,0.35141460098316074,0.49159868214621905,0.18641360301676208,40.19168049120756,34.19168049120756,0.27039413382218147,True
"정전협정 70주년 기념 경기팝스앙상블 특별공연, 파주랑 평화를 약속해",서양음악(클래식),경인,파주운정행복센터,0.6623,1,355.0,355.0,0.0,0.0,9,536,0.4062336575672001,0.3952214726493045,0.18641360301676208,40.179243418273735,34.179243418273735,0.25481209899175067,True
"KBS 50년 x god 25년 KBS 대기획, ㅇㅁㄷ 지오디",대중음악,경인,송도달빛축제공원,0.5077,1,15231.0,15231.0,0.0,0.0,2,30000,0.2951574103127288,0.6355127601715302,0.18641360301676208,40.11270270125185,34.11270270125185,0.2538955087076077,True
보로딘심포니 오케스트라: 이웃과 함께하는 희망나눔 프로젝트 [안산],서양음악(클래식),경인,안산문화예술의전당,0.6313,1,452.0,452.0,0.0,0.0,6,716,0.38147160338876684,0.43208084928354773,0.18641360301676208,40.096211119734825,34.096211119734825,0.2529789184234647,True
치술신모 망부석 [울산],뮤지컬,영남,울산광역시학생교육문화회관,0.4568,2,645.0,322.5,0.0,0.0,2,706,0.25685074782972495,0.6259413241292753,0.18641360301676208,36.67937698824131,34.083827617846126,0.2809756097560976,True
"제38회 성남문화예술제, 음악제",서양음악(클래식),경인,성남아트센터,0.5926,1,653.0,653.0,0.0,0.0,7,1102,0.34976728375692917,0.4907488756406234,0.18641360301676208,40.050803738783884,34.050803738783884,0.2520623281393217,True
박주화의 현악4중주로 담아낸 제주음악여행 [하남],서양음악(클래식),경인,하남문화예술회관,0.7127,1,253.0,253.0,0.0,0.0,4,355,0.4486716870620228,0.3376202803054074,0.18641360301676208,40.04318460238361,34.04318460238361,0.25114573785517874,True
"SAC ON SCREEN, 라 바야데르",무용(서양/한국무용),제주,제주아트센터,0.5422,1,642.0,642.0,0.0,0.0,6,1184,0.31770996757661335,0.4893264302897187,0.18641360301676208,37.76225962803637,34.01158428083445,0.33152173913043476,True
"SAC on SCREEN, 춘향탈옥 [제주]",서양음악(클래식),제주,제주아트센터,0.5422,1,642.0,642.0,0.0,0.0,6,1184,0.31770996757661335,0.4893264302897187,0.18641360301676208,37.76225962803637,34.01158428083445,0.33152173913043476,True
여자만세 [제주],연극,제주,제주아트센터,0.5422,1,642.0,642.0,0.0,0.0,6,1184,0.31770996757661335,0.4893264302897187,0.18641360301676208,37.76225962803637,34.01158428083445,0.33152173913043476,True
돌아온다 [제주],연극,제주,제주아트센터,0.5422,1,642.0,642.0,0.0,0.0,6,1184,0.31770996757661335,0.4893264302897187,0.18641360301676208,37.76225962803637,34.01158428083445,0.33152173913043476,True
윤보선고택 쌀롱콘서트,서양음악(클래식),제주,제주아트센터,0.5422,1,642.0,642.0,0.0,0.0,6,1184,0.31770996757661335,0.4893264302897187,0.18641360301676208,37.76225962803637,34.01158428083445,0.33152173913043476,True
달래이야기 [제주],연극,제주,제주아트센터,0.5422,1,642.0,642.0,0.0,0.0,6,1184,0.31770996757661335,0.4893264302897187,0.18641360301676208,37.76225962803637,34.01158428083445,0.33152173913043476,True
"영도에서 떠나는 유럽예술여행 Ⅳ, 토요렉처콘서트: 여성",서양음악(클래식),영남,영도문화예술회관,0.6308,1,270.0,270.0,0.0,0.0,3,428,0.3811970505177283,0.34342511243593765,0.18641360301676208,36.56137654266845,33.965827172273265,0.28,True
"제25회 파주예술제, 아이고 배야",한국음악(국악),경인,파주운정행복센터,0.6604,1,354.0,354.0,0.0,0.0,9,536,0.40500470662064636,0.391605219119339,0.18641360301676208,39.9590753970043,33.9590753970043,0.24977085242896424,True
제14회 파주시민을 위한 춤대공연,무용(서양/한국무용),경인,파주운정행복센터,0.6604,1,354.0,354.0,0.0,0.0,9,536,0.40500470662064636,0.391605219119339,0.18641360301676208,39.9590753970043,33.9590753970043,0.24977085242896424,True
아버지 [안산],무용(서양/한국무용),경인,안산문화예술의전당,0.6285,1,450.0,450.0,0.0,0.0,6,716,0.3792751804204581,0.4308505909423701,0.18641360301676208,39.91198533433302,33.91198533433302,0.24839596700274977,True
"ACC 수요극장, 닭들의 꿈, 날다",한국음악(국악),호남,국립아시아문화전당,0.5242,1,130.0,130.0,0.0,0.0,6,248,0.30642715197155107,0.2657436460621274,0.18641360301676208,28.945529770374957,33.89227526982252,0.3447368421052632,True
"두산아트랩, 메타발레: 비(非)-코펠리아 선언",무용(서양/한국무용),서울,두산아트센터,0.3367,3,303.0,101.0,0.0,0.0,1,300,0.17819788725028762,0.5457575044451417,0.18641360301676208,27.88312314956856,33.88312314956856,0.43318181818181817,True
"두산아트랩, 미아 미아 미아",연극,서울,두산아트센터,0.3367,3,303.0,101.0,0.0,0.0,1,300,0.17819788725028762,0.5457575044451417,0.18641360301676208,27.88312314956856,33.88312314956856,0.43318181818181817,True
제26회 동구합창단 정기연주회 [대구],서양음악(클래식),영남,아양아트센터,0.5275,1,586.0,586.0,0.0,0.0,6,1111,0.3079829515741031,0.4699769898546177,0.18641360301676208,36.470913735598224,33.87536436520304,0.27902439024390246,True
소프라노 김민진 리사이틀,서양음악(클래식),영남,비원뮤직홀,0.705,1,141.0,141.0,0.0,0.0,4,200,0.44146794268381967,0.2730990482167137,0.18641360301676208,36.43070521054534,33.83515584015016,0.2780487804878049,True
"CM 시니어 쳄버 오케스트라 정기연주회, Endless Inspiration",서양음악(클래식),영남,수성아트피아,0.6645,1,200.0,200.0,0.0,0.0,3,301,0.4075410521911934,0.3075135969040895,0.18641360301676208,36.41233642689313,33.816787056497944,0.27707317073170734,True
건강한 음악회I: Now and 25 Years Ago,서양음악(클래식),충청,당진문예의전당,0.5405,1,541.0,541.0,0.0,0.0,5,1001,0.31654638636125926,0.46038332810375493,0.18641360301676208,36.77140729575977,33.79838895074388,0.2237442922374429,True
"제5회 카무스 작곡발표회, 내일의 씨앗 Ⅱ",한국음악(국악),서울,세종문화회관,0.456,1,202.0,202.0,0.0,0.0,3,443,0.2566154167974061,0.3108997489802322,0.18641360301676208,27.708804917134795,33.7088049171348,0.4318181818181818,True
강릉산불 피해극복을 위한 위로 음악회,서양음악(클래식),기타,강릉아트센터(구. 강릉문화예술관),0.465,1,452.0,452.0,0.0,0.0,7,972,0.2620280305407384,0.43208084928354773,0.18641360301676208,32.006240091488976,33.69416851554707,0.2682926829268293,True
"그날, 꽃피는 청춘 [대구]",무용(서양/한국무용),영남,대구문화예술회관,0.5308,1,535.0,535.0,0.0,0.0,2,1008,0.30991789561761324,0.45903540424641776,0.18641360301676208,36.26489846287739,33.66934909248221,0.2760975609756098,True
강원도립국악관현악단 마카콘서트 with 원주시민국악관현악단 [원주],서양음악(클래식),기타,원주백운아트홀,0.4647,1,447.0,447.0,0.0,0.0,4,962,0.26194958686329883,0.4300217027507583,0.18641360301676208,31.93940199319058,33.62733041724867,0.2621951219512195,True
클래식하다,서양음악(클래식),제주,서귀포예술의전당,0.7263,1,138.0,138.0,0.0,0.0,5,190,0.4632491371195482,0.2705522434891748,0.18641360301676208,37.35848253098501,33.60780718378309,0.29347826086956524,True
제13회 꿈의 오케스트라 창원 정기연주회,서양음악(클래식),영남,3.15아트센터,0.5135,1,607.0,607.0,0.0,0.0,4,1182,0.2991057420771886,0.4806505595648991,0.18641360301676208,36.15985091050856,33.56430154011338,0.2751219512195122,True
강릉 청소년 오케스트라 페스티벌,서양음악(클래식),기타,강릉아트센터 (구. 강릉문화예술관),0.4609,1,448.0,448.0,0.0,0.0,7,972,0.2593609455077921,0.430276644702437,0.18641360301676208,31.757174672804954,33.44510309686305,0.2530487804878049,True
강릉 청소년 오케스트라 페스티벌,서양음악(클래식),기타,강릉아트센터 (구. 강릉문화예술관),0.4609,1,448.0,448.0,0.0,0.0,7,972,0.2593609455077921,0.430276644702437,0.18641360301676208,31.757174672804954,33.44510309686305,0.2530487804878049,True
"제3회 파주시립소년소녀합창단 정기연주회, Harmony in the Wolrd",서양음악(클래식),경인,파주운정행복센터,0.6511,1,349.0,349.0,0.0,0.0,9,536,0.3988599518878778,0.38651814663738104,0.18641360301676208,39.38766313043603,33.38766313043603,0.24747937671860679,True
"철원 향토가수 감사콘서트, 트롯 부모님 전상서",대중음악,기타,철원군 화강문화센터,0.41525,2,289.0,144.5,0.0,0.0,6,348,0.23106892584457692,0.49989148624620855,0.18641360301676208,31.46264451595384,33.150572940011934,0.24390243902439024,True
제14회 INK K-POP 콘서트,대중음악,경인,인천문학경기장,0.4961,1,24353.0,24353.0,0.0,0.0,5,49084,0.2834170065892689,0.6355127601715302,0.18641360301676208,39.147610085839055,33.147610085839055,0.2465627864344638,True
"제29회 서곶문화예술제, 검사와 여선생",연극,경인,청라복합문화센터 블루노바홀,0.5144,2,500.0,250.0,0.0,0.0,4,486,0.29979866122790505,0.5835503608409163,0.18641360301676208,39.13173918454924,33.13173918454924,0.2456461961503208,True
김천시 공공산후조리원 개원 1주년 임산부 태교 음악회,뮤지컬,영남,김천시문화예술회관,0.5291,1,491.0,491.0,0.0,0.0,6,928,0.30895042359585817,0.44342772722518564,0.18641360301676208,35.69952316357009,33.10397379317491,0.27414634146341466,True
"제32회 젊은연극제, 청강문화산업대학교 공연예술스쿨: 갈매기",연극,서울,선돌극장,0.3846,2,100.0,50.0,0.0,0.0,1,130,0.20894780880661018,0.39984834222361676,0.18641360301676208,27.088241496430488,33.088241496430484,0.4309090909090909,True
"제8회 대한민국장애인국제무용제, KIADA",무용(서양/한국무용),서울,아르코예술극장,0.3909,2,86.0,43.0,0.0,0.0,2,110,0.21276540110867065,0.3889159083777847,0.18641360301676208,27.082134280872427,33.082134280872424,0.43,True
제3회 인천중구어린이합창단 정기연주회,서양음악(클래식),경인,인천중구문화회관,0.6238,1,398.0,398.0,0.0,0.0,2,638,0.37454241188160237,0.41208686329881816,0.18641360301676208,38.91312505363014,32.91312505363014,0.2447296058661778,True
"제20회 평창대관령음악제, 찾아가는 가족음악회 #6",서양음악(클래식),기타,알펜시아 리조트,0.4875,1,312.0,312.0,0.0,0.0,6,640,0.27766447024369834,0.3722466269218701,0.18641360301676208,31.22083364464741,32.90876206870551,0.23780487804878048,True
"제77회 파주시립예술단 기획연주회: 크리스마스 페스티벌, 송년음악회",서양음악(클래식),경인,파주운정행복센터,0.6418,1,344.0,344.0,0.0,0.0,9,536,0.3915254680472754,0.3852107520133877,0.18641360301676208,38.898725376700156,32.898725376700156,0.24381301558203483,True
앙금당실 토별가 [거창],뮤지컬,영남,거창문화센터,0.5539,1,380.0,380.0,0.0,0.0,4,686,0.3249660077397762,0.40493933688944667,0.18641360301676208,35.48613888715921,32.890589516764024,0.2731707317073171,True
소프라노 고현아 독창회,서양음악(클래식),경인,성남아트센터,0.5699,1,628.0,628.0,0.0,0.0,7,1102,0.33477146741972597,0.48678485514067565,0.18641360301676208,38.885159507547854,32.885159507547854,0.24243813015582036,True
소프라노 고현아 독창회,서양음악(클래식),경인,성남아트센터,0.5699,1,628.0,628.0,0.0,0.0,7,1102,0.33477146741972597,0.48678485514067565,0.18641360301676208,38.885159507547854,32.885159507547854,0.24243813015582036,True
하나아트기획 초청 신인음악회 시리즈,서양음악(클래식),서울,꿈의숲아트센터,0.4684,1,141.0,141.0,0.0,0.0,8,301,0.2646689676812049,0.2730990482167137,0.18641360301676208,26.800931497501757,32.80093149750176,0.4290909090909091,True
파주필하모닉오케스트라 신년음악회,서양음악(클래식),경인,파주운정행복센터,0.6399,1,343.0,343.0,0.0,0.0,9,536,0.39004811212216295,0.38491528082836524,0.18641360301676208,38.79868167777774,32.79868167777774,0.24106324472960586,True
"허희정의 키즈 클래식, 아기돼지 삼형제",서양음악(클래식),영남,신세계 문화홀 8층 [대구],0.6044,1,272.0,272.0,0.0,0.0,10,450,0.3604094759962347,0.34432459993724507,0.18641360301676208,35.388727060554956,32.79317769015977,0.27219512195121953,True
제11회 성남유스챔버오케스트라 정기연주회,서양음악(클래식),경인,성남아트센터,0.5681,1,626.0,626.0,0.0,0.0,7,1102,0.33405240037652967,0.48544477565108246,0.18641360301676208,38.79222505533272,32.79222505533272,0.23968835930339139,True
제10회 성남유스챔버오케스트라 정기연주회,서양음악(클래식),경인,성남아트센터,0.5681,1,626.0,626.0,0.0,0.0,7,1102,0.33405240037652967,0.48544477565108246,0.18641360301676208,38.79222505533272,32.79222505533272,0.23968835930339139,True
"대진대학교 연기예술학과, 아메샤",연극,경인,대진대학교,0.575,4,115.0,28.75,0.0,0.0,6,50,0.3385367639368267,0.47541575149042986,0.18641360301676208,38.7786717726879,32.7786717726879,0.2383134738771769,True
우리 할아버지는 열다섯 살 소년병입니다,뮤지컬,경인,파주운정행복센터,0.50095,2,537.0,268.5,0.0,0.0,9,536,0.2916797406129066,0.5927426524422131,0.18641360301676208,38.73381114701343,32.73381114701343,0.2373968835930339,True
"고명소리프로젝트 一, 경기소리",한국음악(국악),경인,성남아트리움 (구. 성남시민회관),0.6202,1,400.0,400.0,0.0,0.0,10,645,0.37081633720322144,0.4134530906808911,0.18641360301676208,38.731633437704794,32.731633437704794,0.23648029330889092,True
"두산아트랩, 문병재 유머코드에 관한 사적인 보고서",연극,서울,두산아트센터,0.3233,3,291.0,97.0,0.0,0.0,1,300,0.1684970191402573,0.5331607572429662,0.18641360301676208,26.711520113069078,32.71152011306908,0.42818181818181816,True
Ensemble Ardeur 8th Concert: End & And,서양음악(클래식),서울,꿈의숲아트센터,0.4651,1,140.0,140.0,0.0,0.0,8,301,0.2622110657880975,0.27211719485409475,0.18641360301676208,26.61294911616443,32.61294911616443,0.42727272727272725,True
아듀 송년음악회 [안동],서양음악(클래식),영남,안동문화예술의전당,0.4155,2,826.0,413.0,0.0,0.0,7,994,0.23143499633929504,0.6604343164940906,0.18641360301676208,35.2037778105931,32.60822844019792,0.27121951219512197,True
제25회 이듀스매스터코랄 정기연주회,서양음악(클래식),경인,성남아트센터,0.5644,1,622.0,622.0,0.0,0.0,7,1102,0.3316990900533417,0.48470217550465433,0.18641360301676208,38.604377666286574,32.604377666286574,0.23556370302474794,True
"춤, 채상묵의 香 [안산]",무용(서양/한국무용),경인,보노마루,0.7438,1,151.0,151.0,0.0,0.0,1,203,0.47823187951051144,0.2798674301851271,0.18641360301676208,38.597933896594476,32.597933896594476,0.23464711274060496,True
꿈의 오케스트라 포항 정기연주회,서양음악(클래식),영남,포항문화예술회관,0.5139,1,500.0,500.0,0.0,0.0,4,973,0.29938029494822715,0.44828862043719275,0.18641360301676208,35.184956061298195,32.58940669090301,0.2697560975609756,True
꿈의 오케스트라 포항 정기연주회: 파도의 놀이,서양음악(클래식),영남,포항문화예술회관,0.5139,1,500.0,500.0,0.0,0.0,4,973,0.29938029494822715,0.44828862043719275,0.18641360301676208,35.184956061298195,32.58940669090301,0.2697560975609756,True
"세계음악 렉처시리즈 부산: BUSAN, 인도/부르키나파소",대중음악,영남,국립부산국악원,0.44776667,3,403.0,134.33,0.0,0.0,5,300,0.25054910574207717,0.584355715929296,0.18641360301676208,35.156580980311006,32.56103160991582,0.2682926829268293,True
"실패를 위한 실험실 (실.실.실) , 언니의 언니의 언니",연극,서울,연극실험실 혜화동1번지,0.39285,2,55.0,27.5,0.0,0.0,0,70,0.21386361259282502,0.36756484677335005,0.18641360301676208,26.559245113417298,32.5592451134173,0.4263636363636364,True
"With all my heart, 조윤 Quartet Live in Seoul(2회차) (8.16)",대중음악,서울,재즈클럽 그루브,0.5714,1,40.0,40.0,0.0,0.0,3,70,0.3364057106997176,0.1851741449639159,0.18641360301676208,26.494160014839636,32.494160014839636,0.4254545454545455,True
구덩이 [철원],연극,기타,철원군 화강문화센터,0.5374,1,187.0,187.0,0.0,0.0,6,348,0.31471603388766867,0.2973603702541575,0.18641360301676208,30.765541062042175,32.45346948610027,0.23170731707317074,True
"제31회 젊은연극제, 사랑스런 신을 위한 DIY 안내서",연극,서울,열린극장,0.36665,2,110.0,55.0,0.0,0.0,1,150,0.19812258131994562,0.4074652233030018,0.18641360301676208,26.436052512607382,32.43605251260738,0.42454545454545456,True
"남양주시립합창단, 클래식 세계여행: 슈베르트의 친구 로시니",서양음악(클래식),경인,정약용도서관,0.6969,1,223.0,223.0,0.0,0.0,9,320,0.43287836000418367,0.32138374647003454,0.18641360301676208,38.42634600647838,32.42634600647838,0.23373052245646195,True
재미있는 미술세계사 음악과 함께 하는 명화이야기,서양음악(클래식),제주,서귀포예술의전당,0.7053,1,134.0,134.0,0.0,0.0,5,190,0.4418732350172576,0.26799628699926786,0.18641360301676208,36.17679831356938,32.42612296636746,0.2826086956521739,True
제10회 안산시 전국 가족동요대회,서양음악(클래식),경인,보노마루,0.7389,1,150.0,150.0,0.0,0.0,1,203,0.47444043510093087,0.27857964648049366,0.18641360301676208,38.3432366934518,32.3432366934518,0.23189734188817598,True
강태호 가야금 독주회 [안산],한국음악(국악),경인,보노마루,0.7389,1,150.0,150.0,0.0,0.0,1,203,0.47444043510093087,0.27857964648049366,0.18641360301676208,38.3432366934518,32.3432366934518,0.23189734188817598,True
나우댄스 정기발표회,대중무용,경인,보노마루,0.7389,1,150.0,150.0,0.0,0.0,1,203,0.47444043510093087,0.27857964648049366,0.18641360301676208,38.3432366934518,32.3432366934518,0.23189734188817598,True
"조윤범의 파워클래식, 생상스의 동물의 사육제",서양음악(클래식),영남,신세계 문화홀 8층 [대구],0.5978,1,269.0,269.0,0.0,0.0,10,450,0.3532057316180316,0.3429348394519402,0.18641360301676208,34.90609680295059,32.31054743255541,0.2673170731707317,True
나는 불후의 편곡자다 [제주 서귀포],서양음악(클래식),제주,김정문화회관,0.6424,1,212.0,212.0,0.0,0.0,7,330,0.39190461248823344,0.31663528919569084,0.18641360301676208,35.985865398091335,32.235190050889415,0.2717391304347826,True
"제32회 대전연극제, 조선으로 베다",연극,충청,대전예술의전당,0.5537,1,356.0,356.0,0.0,0.0,7,643,0.3248614161698567,0.39565683505909427,0.18641360301676208,35.15170128297907,32.178682937963174,0.2191780821917808,True
가온어린이합창단 정기연주회,서양음악(클래식),경인,보노마루,0.734,1,149.0,149.0,0.0,0.0,1,203,0.4708058780462295,0.2771336680263571,0.18641360301676208,38.087357452295976,32.087357452295976,0.22777268560953254,True
"제42회 대한민국연극제경기도대회, 959-7번지",연극,경인,보노마루,0.734,1,149.0,149.0,0.0,0.0,1,203,0.4708058780462295,0.2771336680263571,0.18641360301676208,38.087357452295976,32.087357452295976,0.22777268560953254,True
복지사각지대 취약계층을 돕기 위한 댄스퍼포먼스 자선행사 Silver Lining Vol.1,무용(서양/한국무용),경인,보노마루,0.734,1,149.0,149.0,0.0,0.0,1,203,0.4708058780462295,0.2771336680263571,0.18641360301676208,38.087357452295976,32.087357452295976,0.22777268560953254,True
민중가요 콘서트 [안산],대중음악,경인,보노마루,0.734,1,149.0,149.0,0.0,0.0,1,203,0.4708058780462295,0.2771336680263571,0.18641360301676208,38.087357452295976,32.087357452295976,0.22777268560953254,True
국제영재음악콩쿠르,서양음악(클래식),경인,보노마루,0.734,1,149.0,149.0,0.0,0.0,1,203,0.4708058780462295,0.2771336680263571,0.18641360301676208,38.087357452295976,32.087357452295976,0.22777268560953254,True
가온어린이합창단 정기연주회,서양음악(클래식),경인,보노마루,0.734,1,149.0,149.0,0.0,0.0,1,203,0.4708058780462295,0.2771336680263571,0.18641360301676208,38.087357452295976,32.087357452295976,0.22777268560953254,True
"제7회 인천시립교향악단 기획연주회, i 사랑 태교음악회",서양음악(클래식),경인,부평아트센터,0.5795,1,503.0,503.0,0.0,0.0,10,868,0.3407854826900952,0.4499490116096643,0.18641360301676208,38.08500108503846,32.08500108503846,0.22456461961503207,True
제15회 송파소년소녀합창단 정기연주회,서양음악(클래식),경인,성남아트센터,0.5535,1,610.0,610.0,0.0,0.0,7,1102,0.3247829724924171,0.48126895722204793,0.18641360301676208,38.01115719329262,32.01115719329262,0.2236480293308891,True
"성신 피아노 앙상블 콘서트, 피아노 앙상블",서양음악(클래식),서울,꿈의숲아트센터,0.4518,1,136.0,136.0,0.0,0.0,8,301,0.2535953352159816,0.2690971132726702,0.18641360301676208,25.968590135964586,31.968590135964586,0.42363636363636364,True
"제2회 시니어 한국민속춤제전, 좋고 좋소 에라 좋구나",무용(서양/한국무용),경인,파주운정행복센터,0.6269,1,336.0,336.0,0.0,0.0,9,536,0.37798085974270473,0.38179714465014125,0.18641360301676208,37.95027747054903,31.950277470549032,0.2227314390467461,True
제4회 광양 k-pop 페스티벌,대중음악,호남,광양공설운동장,0.2656,2,4239.0,2119.5,0.0,0.0,2,7980,0.12928825436669805,0.8057133145068508,0.18641360301676208,26.878662813951458,31.825408313399024,0.34210526315789475,True
"ACC 수요극장: 추남, 미녀",연극,호남,국립아시아문화전당,0.4839,1,120.0,120.0,0.0,0.0,6,248,0.27523271624307083,0.2591203848969773,0.18641360301676208,26.86709220259369,31.813837702041255,0.3394736842105263,True
"DF 아티스트 시리즈 1, 소프라노 문혜연 독창회 [성남]",서양음악(클래식),경인,성남아트리움 (구. 성남시민회관),0.6016,1,388.0,388.0,0.0,0.0,10,645,0.35893212007112224,0.40845492103336467,0.18641360301676208,37.79767161858225,31.79767161858225,0.22181484876260313,True
헤르츠 뮤직 콘서트: 책 먹는 여우의 검은 유령,서양음악(클래식),충청,계룡문화예술의전당,0.5,2,200.0,100.0,0.0,0.0,2,200,0.2887511766551616,0.45802478820207093,0.18641360301676208,34.72720658704753,31.754188242031642,0.2146118721461187,True
"가온클래식 스프링 페스티벌, 젊은 음악가 시리즈",서양음악(클래식),서울,코스모스아트홀,0.3182,3,210.0,70.0,0.0,0.0,1,220,0.16516316284907437,0.5000274552871039,0.18641360301676208,25.72441190516978,31.72441190516978,0.42272727272727273,True
정민경 & 지석영 PIANO DUO RECITAL,서양음악(클래식),서울,영산아트홀,0.3997,1,239.0,239.0,0.0,0.0,4,598,0.21817801485200292,0.3282841752954712,0.18641360301676208,25.691329011771312,31.691329011771312,0.4218181818181818,True
제40회 인하오케스트라 정기연주회,서양음악(클래식),경인,아트센터 인천,0.5182,1,895.0,895.0,0.0,0.0,6,1727,0.3023088589059722,0.5231997176027612,0.18641360301676208,37.64761987008375,31.64761987008375,0.22089825847846012,True
제25회 경기청소년국악관현악단 정기연주회,한국음악(국악),경인,성남아트센터,0.6614,1,250.0,250.0,0.0,0.0,7,378,0.4057368476100826,0.3364004811212216,0.18641360301676208,37.643440834417454,31.643440834417454,0.21998166819431714,True
"삼성전자와 함께하는 축하콘서트, Part 1 참가 합창단",서양음악(클래식),기타,강릉아트센터(구. 강릉문화예술관),0.429,1,417.0,417.0,0.0,0.0,7,972,0.23899173726597636,0.420111651500889,0.18641360301676208,29.948537730597646,31.636466154655743,0.22560975609756098,True
심청날다,뮤지컬,충청,대전시립연정국악원,0.42,2,630.0,315.0,0.0,0.0,6,658,0.2338275285012028,0.6229709235435624,0.18641360301676208,34.60385586222631,31.63083751721042,0.20776255707762556,True
심청날다,뮤지컬,충청,대전시립연정국악원,0.42,2,630.0,315.0,0.0,0.0,6,750,0.2338275285012028,0.6229709235435624,0.18641360301676208,34.60385586222631,31.63083751721042,0.20776255707762556,True
시네마 클래식,서양음악(클래식),경인,파주운정행복센터,0.6213,1,333.0,333.0,0.0,0.0,9,536,0.37237213680577347,0.3806074155423073,0.18641360301676208,37.56446469429609,31.564464694296092,0.21906507791017416,True
철원역1924,연극,기타,철원군 화강문화센터,0.39225,2,273.0,136.5,0.0,0.0,6,348,0.21352368999058677,0.49222753896035976,0.18641360301676208,29.821810263756674,31.509738687814767,0.21951219512195122,True
"첼리스트 김해은 & 기타리스트 장대건, 시네마천국",서양음악(클래식),영남,신세계 문화홀 8층 [대구],0.58,1,261.0,261.0,0.0,0.0,10,450,0.3411123313460935,0.34057891433950427,0.18641360301676208,34.089886436370335,31.49433706597515,0.26634146341463416,True
나는 고양이로소이다 [광주],연극,호남,빛고을국악전수관,0.5128,1,80.0,80.0,0.0,0.0,4,156,0.29877889342119024,0.22215641669281458,0.18641360301676208,26.53832408534883,31.485069584796392,0.3368421052631579,True
금소연의 겨울이야기,대중음악,경인,보노마루,0.7241,1,147.0,147.0,0.0,0.0,1,203,0.45945769270996756,0.27617665516159395,0.18641360301676208,37.48194357811012,31.48194357811012,0.21448212648945922,True
가온어린이합창단 정기연주회,서양음악(클래식),경인,보노마루,0.7241,1,147.0,147.0,0.0,0.0,1,203,0.45945769270996756,0.27617665516159395,0.18641360301676208,37.48194357811012,31.48194357811012,0.21448212648945922,True
장인영의 색소폰 오픈 콘서트 #5,서양음악(클래식),경인,보노마루,0.7241,1,147.0,147.0,0.0,0.0,1,203,0.45945769270996756,0.27617665516159395,0.18641360301676208,37.48194357811012,31.48194357811012,0.21448212648945922,True
Neon Crew 정기공연 [안산],대중무용,경인,보노마루,0.7241,1,147.0,147.0,0.0,0.0,1,203,0.45945769270996756,0.27617665516159395,0.18641360301676208,37.48194357811012,31.48194357811012,0.21448212648945922,True
갑진년 대동놀이굿 한마당 [안산],한국음악(국악),경인,보노마루,0.7241,1,147.0,147.0,0.0,0.0,1,203,0.45945769270996756,0.27617665516159395,0.18641360301676208,37.48194357811012,31.48194357811012,0.21448212648945922,True
"4.16 가족극단 노란리본 10주기 기획공연 연속, 극: 애숙이랑 태팔이랑 [안산]",연극,경인,보노마루,0.7241,1,147.0,147.0,0.0,0.0,1,203,0.45945769270996756,0.27617665516159395,0.18641360301676208,37.48194357811012,31.48194357811012,0.21448212648945922,True
제1회 김상엽 가야금 독주회 [안산],한국음악(국악),경인,보노마루,0.7241,1,147.0,147.0,0.0,0.0,1,203,0.45945769270996756,0.27617665516159395,0.18641360301676208,37.48194357811012,31.48194357811012,0.21448212648945922,True
12월의 선물: 팥눈이 통통통 Ⅹ 어서오세요! 숲 속 미용실입니다,연극,경인,보노마루,0.7241,1,147.0,147.0,0.0,0.0,1,203,0.45945769270996756,0.27617665516159395,0.18641360301676208,37.48194357811012,31.48194357811012,0.21448212648945922,True
가온어린이합창단 정기연주회,서양음악(클래식),경인,보노마루,0.7241,1,147.0,147.0,0.0,0.0,1,203,0.45945769270996756,0.27617665516159395,0.18641360301676208,37.48194357811012,31.48194357811012,0.21448212648945922,True
모두뮤직페스타: Belonging I 나 I am within,서양음악(클래식),서울,모두예술극장,0.4517,1,117.0,117.0,0.0,0.0,0,259,0.2534907436460621,0.2566598682146219,0.18641360301676208,25.475367049684927,31.475367049684927,0.4209090909090909,True
제16회 뮤젠 오케스트라 정기연주회,서양음악(클래식),경인,성남아트센터,0.5445,1,600.0,600.0,0.0,0.0,7,1102,0.31903043614684656,0.4761910365024579,0.18641360301676208,37.446545285139166,31.446545285139166,0.20989917506874428,True
파주윈드오케스트라와 함께하는 희망음악회,서양음악(클래식),경인,파주운정행복센터,0.6194,1,332.0,332.0,0.0,0.0,9,536,0.370123418052505,0.38033547746051666,0.18641360301676208,37.417491934569455,31.417491934569455,0.20898258478460127,True
제9회 Viva Musica 정기연주회 [성남],서양음악(클래식),경인,성남아트리움 (구. 성남시민회관),0.5984,1,386.0,386.0,0.0,0.0,10,645,0.35350643238155005,0.4073540947599624,0.18641360301676208,37.413404280435316,31.413404280435316,0.20623281393217233,True
가행 (歌行) : 돛대도 아니 달고,서양음악(클래식),경인,성남아트리움 (구. 성남시민회관),0.5984,1,386.0,386.0,0.0,0.0,10,645,0.35350643238155005,0.4073540947599624,0.18641360301676208,37.413404280435316,31.413404280435316,0.20623281393217233,True
박태현 전국 창작동요제 [성남],서양음악(클래식),경인,성남아트리움 (구. 성남시민회관),0.5984,1,386.0,386.0,0.0,0.0,10,645,0.35350643238155005,0.4073540947599624,0.18641360301676208,37.413404280435316,31.413404280435316,0.20623281393217233,True
박태현 전국 창작동요제 [성남],서양음악(클래식),경인,성남아트리움 (구. 성남시민회관),0.5984,1,386.0,386.0,0.0,0.0,10,645,0.35350643238155005,0.4073540947599624,0.18641360301676208,37.413404280435316,31.413404280435316,0.20623281393217233,True
제4회 E.Ruem 오케스트라 연주회 [성남],서양음악(클래식),경인,성남아트리움 (구. 성남시민회관),0.5984,1,386.0,386.0,0.0,0.0,10,645,0.35350643238155005,0.4073540947599624,0.18641360301676208,37.413404280435316,31.413404280435316,0.20623281393217233,True
유실물센터 [안산],연극,경인,안산문화예술의전당,0.5714,2,160.0,80.0,0.0,0.0,6,140,0.3364057106997176,0.43615599832653484,0.18641360301676208,37.32284623716509,31.322846237165088,0.20348304307974335,True
"해피컬처페스티벌, 이상한 나라의 앨리스",무용(서양/한국무용),영남,안동문화예술의전당,0.409425,4,452.0,113.0,0.0,0.0,7,276,0.22803577031691247,0.6149592092877314,0.18641360301676208,33.91097760442512,31.315428234029934,0.2653658536585366,True
10월의 어느 멋진 날에 [충주],서양음악(클래식),충청,충주시문화회관,0.5062,1,450.0,450.0,0.0,0.0,1,889,0.29438604748457275,0.4308505909423701,0.18641360301676208,34.28317304144391,31.310154696428018,0.2009132420091324,True
복순이할배 [부산],뮤지컬,영남,영산대학교 [해운대],0.46665,2,280.0,140.0,0.0,0.0,3,458,0.2629955025624935,0.4952907645643761,0.18641360301676208,33.877635036207195,31.28208566581201,0.26390243902439026,True
복순이할배 [부산],뮤지컬,영남,영산대학교 [해운대],0.46665,2,280.0,140.0,0.0,0.0,3,300,0.2629955025624935,0.4952907645643761,0.18641360301676208,33.877635036207195,31.28208566581201,0.26390243902439026,True
제12회 당진챔버오케스트라 정기연주회,서양음악(클래식),충청,당진문예의전당,0.4995,1,500.0,500.0,0.0,0.0,5,1001,0.285744169019977,0.44828862043719275,0.18641360301676208,34.21444597347579,31.2414276284599,0.1963470319634703,True
세탁소엔 붕어빵이 있다 [서귀포],연극,제주,서귀포예술의전당,0.4239,2,680.0,340.0,0.0,0.0,5,802,0.2356840288672733,0.6329201966321514,0.18641360301676208,34.98949495685881,31.23881960965689,0.2608695652173913,True
엘렉톤 앙상블 그나데와 함께하는 가족음악회,서양음악(클래식),경인,성남아트센터,0.6534,1,247.0,247.0,0.0,0.0,7,378,0.39990586758707247,0.33298425896872713,0.18641360301676208,37.16585663550405,31.16585663550405,0.20256645279560037,True
"충주시립택견단, 감동: The Touch",한국음악(국악),충청,충주시문화회관,0.5028,1,447.0,447.0,0.0,0.0,1,889,0.2926733605271415,0.4300217027507583,0.18641360301676208,34.13705613948816,31.164037794472268,0.1917808219178082,True
나를 죽게 만든 사람들 [안산],연극,경인,안산문화예술의전당,0.75,1,105.0,105.0,0.0,0.0,6,140,0.4829123522644075,0.24990978977094447,0.18641360301676208,37.105158937810955,31.105158937810955,0.2016498625114574,True
"제17회 예문학생예술단음악회, HARMONY [부산]",서양음악(클래식),영남,부산학생예술문화회관,0.4915,1,491.0,491.0,0.0,0.0,5,999,0.28050151657776384,0.44342772722518564,0.18641360301676208,33.6891665179483,31.093617147553115,0.2624390243902439,True
제10회 수성청소년오케스트라 정기연주회 [대구],서양음악(클래식),영남,수성아트피아,0.4797,1,556.0,556.0,0.0,0.0,3,1159,0.27216033887668656,0.46375771362828155,0.18641360301676208,33.68304617985462,31.087496809459434,0.26146341463414635,True
제3회 카펠라엘스 정기 연주회,서양음악(클래식),서울,연세대학교 백주년기념관,0.3619,1,300.0,300.0,0.0,0.0,7,829,0.19507635184604122,0.36226597636230523,0.18641360301676208,24.9881321527891,30.9881321527891,0.42,True
제14회 작곡가 박태준 기념음악회,서양음악(클래식),영남,대구콘서트하우스,0.4688,1,602.0,602.0,0.0,0.0,7,1284,0.2648650768748039,0.479486978349545,0.18641360301676208,33.58346837938747,30.987919008992282,0.26,True
영남대학교 성악과 동문음악회: 대구시민과 함께하는 중창의 밤,서양음악(클래식),영남,대구콘서트하우스,0.4688,1,602.0,602.0,0.0,0.0,7,1284,0.2648650768748039,0.479486978349545,0.18641360301676208,33.58346837938747,30.987919008992282,0.26,True
"제43회 대구음악제, 대구-제주 교류: Cantabile",서양음악(클래식),영남,대구콘서트하우스,0.625,1,155.0,155.0,0.0,0.0,7,248,0.37608513753791445,0.28216975211797934,0.18641360301676208,33.52554798221508,30.929998611819894,0.25853658536585367,True
"타악, 제주를 노래하다",서양음악(클래식),제주,김정문화회관,0.6212,1,205.0,205.0,0.0,0.0,7,330,0.3719799184185755,0.3121535404246418,0.18641360301676208,34.67839610574524,30.92772075854332,0.25,True
Bohemian in Paris avec Classione,서양음악(클래식),경인,성남아트센터,0.6481,1,245.0,245.0,0.0,0.0,7,378,0.3960490534462922,0.332222047902939,0.18641360301676208,36.91652114288049,30.91652114288049,0.20073327222731438,True
대한민국 해군 호국음악회 [서울],대중음악,서울,장충체육관,0.2884,1,1300.0,1300.0,0.0,0.0,6,4507,0.1439049262629432,0.5668784645957535,0.18641360301676208,24.90241006108377,30.90241006108377,0.41863636363636364,True
대한민국 해군 호국음악회 [서울],대중음악,서울,장충체육관,0.2884,1,1300.0,1300.0,0.0,0.0,6,4507,0.1439049262629432,0.5668784645957535,0.18641360301676208,24.90241006108377,30.90241006108377,0.41863636363636364,True
대한민국 해군 호국음악회 [부산],서양음악(클래식),영남,벡스코 (BEXCO),0.4223,1,1350.0,1350.0,0.0,0.0,6,3197,0.23499110971655685,0.5687663424328,0.18641360301676208,33.46604684957909,30.8704974791839,0.2575609756097561,True
"제32회 젊은연극제, 한여름밤의 꿈",연극,서울,선돌극장,0.34615,2,90.0,45.0,0.0,0.0,1,130,0.18389812781089845,0.39076587177073524,0.18641360301676208,24.86068183112036,30.86068183112036,0.4172727272727273,True
제11회 단원구여성합창단 정기연주회,서양음악(클래식),경인,안산문화예술의전당,0.5086,1,800.0,800.0,0.0,0.0,6,1573,0.29561499843112643,0.5126058989645434,0.18641360301676208,36.84251921907729,30.84251921907729,0.1998166819431714,True
효성관현악단 정기연주회 [대구],서양음악(클래식),영남,대구콘서트하우스,0.4673,1,600.0,600.0,0.0,0.0,7,1284,0.2641329358853676,0.4761910365024579,0.18641360301676208,33.43536139154449,30.839812021149303,0.25658536585365854,True
"부산철현금보존회 시리즈 1, 비산",한국음악(국악),영남,국립부산국악원,0.6159,1,170.0,170.0,0.0,0.0,5,276,0.3682799916326744,0.28905449220792806,0.18641360301676208,33.42710488244746,30.831555512052272,0.255609756097561,True
"제32회 젊은연극제, 12인의 성난 사람들",연극,서울,공간아울,0.29302,5,252.0,50.4,0.0,0.0,2,172,0.1465066415646899,0.5473146114423177,0.18641360301676208,24.820424492134542,30.820424492134542,0.4163636363636364,True
공감락 페스티벌 [경산],대중음악,영남,천마아트센터,0.4463,1,843.0,843.0,0.0,0.0,7,1889,0.249411672419203,0.518164940905763,0.18641360301676208,33.41467756883081,30.819128198435624,0.2546341463414634,True
고유앙상블 시리즈,서양음악(클래식),경인,안산문화예술의전당,0.4302,3,924.0,308.0,0.0,0.0,6,716,0.2396715824704529,0.700214412718335,0.18641360301676208,36.801230853576094,30.801230853576094,0.19890009165902842,True
그놈은예뻤다 [태안],연극,충청,태안군문화예술회관,0.5167,1,355.0,355.0,0.0,0.0,3,687,0.3014852002928564,0.3952214726493045,0.18641360301676208,33.59663734824631,30.62361900323042,0.1872146118721461,True
"4.16 가족극단 노란리본 10주기 기획공연, 이웃에 살고 이웃에 죽고",연극,경인,보노마루,0.532,2,216.0,108.0,0.0,0.0,1,203,0.31059774082208974,0.4685414705574731,0.18641360301676208,36.61155626297472,30.611556262974723,0.19660861594867093,True
"4.16 가족극단 노란리본 10주기 기획공연: 온 마음으로 전하는 다섯가지 이야기, 기억여행",연극,경인,보노마루,0.532,2,216.0,108.0,0.0,0.0,1,203,0.31059774082208974,0.4685414705574731,0.18641360301676208,36.61155626297472,30.611556262974723,0.19660861594867093,True
"4.16 가족극단 노란리본 10주기 기획공연: 온 마음으로 전하는 다섯가지 이야기, 장기자랑",연극,경인,보노마루,0.532,2,216.0,108.0,0.0,0.0,1,203,0.31059774082208974,0.4685414705574731,0.18641360301676208,36.61155626297472,30.611556262974723,0.19660861594867093,True
"4.16 가족극단 노란리본 10주기 기획공연: 온 마음으로 전하는 다섯가지 이야기, 그와 그녀의 옷장",연극,경인,보노마루,0.532,2,216.0,108.0,0.0,0.0,1,203,0.31059774082208974,0.4685414705574731,0.18641360301676208,36.61155626297472,30.611556262974723,0.19660861594867093,True
"광주시립창극단 교류공연, 국립민속국악원 찾아가는 국악원",한국음악(국악),호남,예술의 전당 [광주] (구. 광주문화예술회관),0.4067,1,205.0,205.0,0.0,0.0,8,504,0.22518565003660704,0.3121535404246418,0.18641360301676208,25.66089106351943,30.607636562966995,0.33421052631578946,True
"첼리스트 김해은 & 기타리스트 장대건, 시와 음악",서양음악(클래식),영남,신세계 문화홀 8층 [대구],0.5578,1,251.0,251.0,0.0,0.0,10,450,0.32839138165463866,0.3370881706934421,0.18641360301676208,33.18428429952021,30.58873492912502,0.25365853658536586,True
하늘을 난 라이트형제 시즌Ⅱ: 오픈리허설,뮤지컬,경인,다산아트홀,0.6109,1,303.0,303.0,0.0,0.0,3,496,0.3642793640832549,0.3664470243698358,0.18641360301676208,36.51448852403842,30.51448852403842,0.19431714023831348,True
"남양주시립합창단, 클래식 세계여행: 슈트라우스의 왈츠",서양음악(클래식),경인,정약용도서관,0.6563,1,210.0,210.0,0.0,0.0,9,320,0.40159240665202384,0.3156678171739358,0.18641360301676208,36.472322415778756,30.472322415778756,0.1934005499541705,True
꽃의정원 [인천],무용(서양/한국무용),경인,연수아트홀,0.6354,1,251.0,251.0,0.0,0.0,1,395,0.38383798765819477,0.3370881706934421,0.18641360301676208,36.440655217532154,30.440655217532154,0.1924839596700275,True
한국가곡 100년을 노래하는 신춘음악회,서양음악(클래식),충청,당진문예의전당,0.4865,1,487.0,487.0,0.0,0.0,5,1001,0.2769976989854618,0.44251647317226234,0.18641360301676208,33.408538233797294,30.435519888781403,0.182648401826484,True
개교122주년 신명 열린 음악회 및 제11회 윈드오케스트라 정기연주회,서양음악(클래식),영남,대구콘서트하우스,0.4626,1,594.0,594.0,0.0,0.0,7,1284,0.26034149147578706,0.47198253320782346,0.18641360301676208,33.02907444573496,30.433525075339777,0.2526829268292683,True
피아니스트 노한솔 모차르트 소나타 전곡 리사이틀 Ⅱ,서양음악(클래식),서울,롯데콘서트홀,0.3021,1,615.0,615.0,0.0,0.0,6,2036,0.1550570024056061,0.48255281874280936,0.18641360301676208,24.41815088647544,30.41815088647544,0.40863636363636363,True
제3회 마티네 콘체르토 콘서트,서양음악(클래식),서울,롯데콘서트홀,0.3021,1,615.0,615.0,0.0,0.0,6,2036,0.1550570024056061,0.48255281874280936,0.18641360301676208,24.41815088647544,30.41815088647544,0.40863636363636363,True
제4회 마티네 콘체르토 콘서트,서양음악(클래식),서울,롯데콘서트홀,0.3021,1,615.0,615.0,0.0,0.0,6,2036,0.1550570024056061,0.48255281874280936,0.18641360301676208,24.41815088647544,30.41815088647544,0.40863636363636363,True
제3회 SC브라이트 I AM Winner 마티네 콘서트 Part.2,서양음악(클래식),서울,롯데콘서트홀,0.3021,1,615.0,615.0,0.0,0.0,6,2036,0.1550570024056061,0.48255281874280936,0.18641360301676208,24.41815088647544,30.41815088647544,0.40863636363636363,True
제11회 잠현오케스트라 정기연주회,서양음악(클래식),서울,롯데콘서트홀,0.3021,1,615.0,615.0,0.0,0.0,6,2036,0.1550570024056061,0.48255281874280936,0.18641360301676208,24.41815088647544,30.41815088647544,0.40863636363636363,True
문시은 바이올린 독주회,서양음악(클래식),서울,롯데콘서트홀,0.3021,1,615.0,615.0,0.0,0.0,6,2036,0.1550570024056061,0.48255281874280936,0.18641360301676208,24.41815088647544,30.41815088647544,0.40863636363636363,True
"제1회 서울영재오케스트라, 실내악스케치",서양음악(클래식),서울,롯데콘서트홀,0.3021,1,615.0,615.0,0.0,0.0,6,2036,0.1550570024056061,0.48255281874280936,0.18641360301676208,24.41815088647544,30.41815088647544,0.40863636363636363,True
제27회 마티네 콘체르토 콘서트,서양음악(클래식),서울,롯데콘서트홀,0.3021,1,615.0,615.0,0.0,0.0,6,2036,0.1550570024056061,0.48255281874280936,0.18641360301676208,24.41815088647544,30.41815088647544,0.40863636363636363,True
르블랑 아카데미 콘서트,서양음악(클래식),서울,롯데콘서트홀,0.3021,1,615.0,615.0,0.0,0.0,6,2036,0.1550570024056061,0.48255281874280936,0.18641360301676208,24.41815088647544,30.41815088647544,0.40863636363636363,True
서래나무&더퍼스트 스즈키 앙상블 콘서트,서양음악(클래식),서울,롯데콘서트홀,0.3021,1,615.0,615.0,0.0,0.0,6,2036,0.1550570024056061,0.48255281874280936,0.18641360301676208,24.41815088647544,30.41815088647544,0.40863636363636363,True
제29회 마티네 콘체르토 콘서트,서양음악(클래식),서울,롯데콘서트홀,0.3021,1,615.0,615.0,0.0,0.0,6,2036,0.1550570024056061,0.48255281874280936,0.18641360301676208,24.41815088647544,30.41815088647544,0.40863636363636363,True
소프라노 정주희 리사이틀,서양음악(클래식),서울,롯데콘서트홀,0.3021,1,615.0,615.0,0.0,0.0,6,2036,0.1550570024056061,0.48255281874280936,0.18641360301676208,24.41815088647544,30.41815088647544,0.40863636363636363,True
제5회 마티네 콘체르토 콘서트,서양음악(클래식),서울,롯데콘서트홀,0.3021,1,615.0,615.0,0.0,0.0,6,2036,0.1550570024056061,0.48255281874280936,0.18641360301676208,24.41815088647544,30.41815088647544,0.40863636363636363,True
제6회 마티네 콘체르토 콘서트,서양음악(클래식),서울,롯데콘서트홀,0.3021,1,615.0,615.0,0.0,0.0,6,2036,0.1550570024056061,0.48255281874280936,0.18641360301676208,24.41815088647544,30.41815088647544,0.40863636363636363,True
한미연합국제콩쿠르 위너 라이징 스타 콘서트,서양음악(클래식),서울,롯데콘서트홀,0.3021,1,615.0,615.0,0.0,0.0,6,2036,0.1550570024056061,0.48255281874280936,0.18641360301676208,24.41815088647544,30.41815088647544,0.40863636363636363,True
미라클 보이스 앙상블 정기연주회: This is Me,서양음악(클래식),서울,롯데콘서트홀,0.3021,1,615.0,615.0,0.0,0.0,6,2036,0.1550570024056061,0.48255281874280936,0.18641360301676208,24.41815088647544,30.41815088647544,0.40863636363636363,True
"Now, We are Free!, 탄금으로 퍼지다",연극,충청,충주시문화회관,0.4949,1,440.0,440.0,0.0,0.0,1,889,0.2825018303524736,0.42818089112017566,0.18641360301676208,33.362890668085996,30.389872323070104,0.1780821917808219,True
아파야 낫는다 건강백세!,연극,서울,두산아트센터,0.2933,3,264.0,88.0,0.0,0.0,1,300,0.14662430708084928,0.522663685806924,0.18641360301676208,24.378810657432872,30.378810657432872,0.4009090909090909,True
향산: 잃어버린 것 [대구],연극,영남,달서아트센터 (구. 웃는얼굴아트센터),0.6274,1,133.0,133.0,0.0,0.0,6,212,0.37825541261374335,0.26752823972387824,0.18641360301676208,32.93206345381736,30.336514083422177,0.25170731707317073,True
리처드 3세,연극,서울,동숭무대소극장,0.29835,4,179.0,44.75,0.0,0.0,3,150,0.149997385210752,0.502138897604853,0.18641360301676208,24.320906546553214,30.320906546553214,0.4,True
"K. Music Festival, 클링엔클라리넷앙상블 & 클라랑클라리넷앙상블 [성남]",서양음악(클래식),경인,성남아트센터,0.6376,1,241.0,241.0,0.0,0.0,7,378,0.38688421713209914,0.33006746156259803,0.18641360301676208,36.306943815540485,30.306943815540485,0.1915673693858845,True
제44회 파주시립예술단 정기연주회,서양음악(클래식),경인,솔가람아트홀,0.6633,1,199.0,199.0,0.0,0.0,4,300,0.4068742809329568,0.3045811107624726,0.18641360301676208,36.237424998337225,30.237424998337225,0.19065077910174152,True
제74회 군산시립교향악단 특별기획연주회,서양음악(클래식),호남,군산예술의전당,0.3408,1,409.0,409.0,0.0,0.0,4,1200,0.1808780462294739,0.4176145277690618,0.18641360301676208,25.27794440152183,30.224689900969395,0.33157894736842103,True
제29회 경기국악제 전국국악경연대회,한국음악(국악),경인,안산문화예술의전당,0.41993333,3,902.0,300.67,0.0,0.0,6,716,0.23365756720008368,0.6953365233762159,0.18641360301676208,36.14314392013949,30.143143920139487,0.18973418881759854,True
라라라온 [대구 헤비],대중음악,영남,클럽헤비,0.7,1,70.0,70.0,0.0,0.0,2,100,0.43626451208032635,0.2124790816860161,0.18641360301676208,32.71722075413627,30.121671383741084,0.25073170731707317,True
The 3rd Concert The New Hope: Start 2024,서양음악(클래식),경인,안산문화예술의전당,0.5587,1,400.0,400.0,0.0,0.0,6,716,0.32887511766551614,0.4134530906808911,0.18641360301676208,36.04035888611721,30.04035888611721,0.18790100824931255,True
제23회 상록구여성합창단 정기연주회,서양음악(클래식),경인,안산문화예술의전당,0.5587,1,400.0,400.0,0.0,0.0,6,716,0.32887511766551614,0.4134530906808911,0.18641360301676208,36.04035888611721,30.04035888611721,0.18790100824931255,True
제22회 상록구여성합창단 정기연주회,서양음악(클래식),경인,안산문화예술의전당,0.5587,1,400.0,400.0,0.0,0.0,6,716,0.32887511766551614,0.4134530906808911,0.18641360301676208,36.04035888611721,30.04035888611721,0.18790100824931255,True
춤 북의 울림으로 추다,무용(서양/한국무용),영남,예주문화예술회관,0.533,1,283.0,283.0,0.0,0.0,4,531,0.31126451208032635,0.3500209183139839,0.18641360301676208,32.62235918479493,30.026809814399744,0.2497560975609756,True
"제23회 대진대학교 연기예술학과 졸업공연, 야키니쿠 드래곤",연극,경인,대진대학교,0.515,4,103.0,25.75,0.0,0.0,6,50,0.30036084091622217,0.4716635289195691,0.18641360301676208,35.97815639622688,29.97815639622688,0.1860678276810266,True
이영희 명인과 함께하는 가야금 농현의 미,한국음악(국악),경인,성남아트센터,0.6323,1,239.0,239.0,0.0,0.0,7,378,0.38190304361468463,0.3282841752954712,0.18641360301676208,35.94776145277835,29.94776145277835,0.1851512373968836,True
정상희 바이올린 독주회,서양음악(클래식),경인,성남아트센터,0.4841,2,366.0,183.0,0.0,0.0,7,378,0.27541575149042985,0.53592851166196,0.18641360301676208,35.94479488771859,29.944794887718587,0.1837763519706691,True
정상희 바이올린 독주회,서양음악(클래식),경인,성남아트센터,0.4841,2,366.0,183.0,0.0,0.0,7,378,0.27541575149042985,0.53592851166196,0.18641360301676208,35.94479488771859,29.944794887718587,0.1837763519706691,True
"신년음악회: 비상, 그 시작과 끝 [충주]",서양음악(클래식),충청,충주시문화회관,0.4871,1,433.0,433.0,0.0,0.0,1,889,0.2772853258027403,0.4253608409162221,0.18641360301676208,32.90479083712244,29.93177249210655,0.1735159817351598,True
김소연 가야금 독주회: 가즌회상,한국음악(국악),서울,공감M아트센터,0.5333,1,16.0,16.0,0.0,0.0,2,30,0.31198357912352265,0.16059904821671372,0.18641360301676208,23.920829110249514,29.920829110249514,0.3990909090909091,True
바다로 간 쓰레기,뮤지컬,서울,강북문화예술회관,0.25,4,668.0,167.0,0.0,0.0,7,668,0.12046334065474323,0.6687754941951678,0.18641360301676208,23.912505450258312,29.912505450258312,0.3981818181818182,True
"토요일 토요일은 Classic 2, SOLO 인상",서양음악(클래식),제주,김정문화회관,0.603,1,199.0,199.0,0.0,0.0,7,330,0.35974270473799813,0.3045811107624726,0.18641360301676208,33.657076031446294,29.90640068424437,0.2391304347826087,True
발달 장애인을 위한 아주 특별한 콘서트,서양음악(클래식),영남,수성아트피아,0.4599,1,533.0,533.0,0.0,0.0,3,1159,0.25845884321723667,0.45829934107310955,0.18641360301676208,32.50083589834296,29.905286527947776,0.24878048780487805,True
"경기라온제나오케스트라 정기공연, 함께하는 음악",서양음악(클래식),경인,경기아트센터(구. 경기도문화의전당),0.5996,1,301.0,301.0,0.0,0.0,4,502,0.35426472126346614,0.3644323292542621,0.18641360301676208,35.82972727149052,29.82972727149052,0.18240146654445463,True
"세대공감 음악회, 낭만에 대하여",서양음악(클래식),경인,고양아람누리,0.4997,1,724.0,724.0,0.0,0.0,6,1449,0.28587490848237634,0.5019807028553499,0.18641360301676208,35.808030278308095,29.808030278308095,0.18102658111824016,True
제61회 RUBATO 정기연주회,서양음악(클래식),경인,고양아람누리,0.4997,1,724.0,724.0,0.0,0.0,6,1449,0.28587490848237634,0.5019807028553499,0.18641360301676208,35.808030278308095,29.808030278308095,0.18102658111824016,True
제주설화 컴파운드 오페라 바다로 간  산신령,서양음악(클래식),제주,서귀포예술의전당,0.35912,5,1440.0,288.0,0.0,0.0,5,802,0.19331136910365024,0.7661201757138375,0.18641360301676208,33.53306091382283,29.782385566620906,0.22826086956521738,True
청소년 가족을 위한 음악으로 떠나는 유럽여행 [안동],서양음악(클래식),영남,안동문화예술의전당,0.4698,1,467.0,467.0,0.0,0.0,7,994,0.26528344315448177,0.4363534149147579,0.18641360301676208,32.371396784186594,29.775847413791407,0.24780487804878049,True
제6회 오케스트링크 오케스트라 정기연주회,서양음악(클래식),경인,성남아트리움 (구. 성남시민회관),0.5643,1,364.0,364.0,0.0,0.0,10,645,0.3316598682146219,0.3981016630059617,0.18641360301676208,35.67905565199484,29.679055651994837,0.17965169569202566,True
"제29회 전국시립소년소녀합창제, 내일이 빛나는 새싹들의 향연 [광주]",서양음악(클래식),호남,예술의 전당 [광주] (구. 광주문화예술회관),0.26045,2,897.0,448.5,0.0,0.0,8,1722,0.12684342641983057,0.6707195900010459,0.18641360301676208,24.693188718177804,29.639934217625367,0.32894736842105265,True
"국립현대무용단, 정글 [안동]",무용(서양/한국무용),영남,안동문화예술의전당,0.4668,1,464.0,464.0,0.0,0.0,7,994,0.26367534776697,0.43563827005543354,0.18641360301676208,32.23236158804564,29.636812217650455,0.24682926829268292,True
바람의 구름을 춤/출/때,무용(서양/한국무용),충청,논산아트센터(구. 논산문화예술회관),0.525,1,294.0,294.0,0.0,0.0,5,560,0.3067409266813095,0.35562833385629117,0.18641360301676208,32.5432990586018,29.570280713585905,0.1689497716894977,True
"영남필하모니오케스트라 창작관현악축제, CONCERT 3: 동화 속으로! 오케스트라와 함께하는 음악여행",서양음악(클래식),영남,한영아트센터,0.615,1,123.0,123.0,0.0,0.0,2,200,0.36693337516996133,0.26146062127392533,0.18641360301676208,32.04164798914132,29.44609861874613,0.24585365853658536,True
Opera 야망춘향 [목포],서양음악(클래식),호남,목포문화예술회관,0.3639,1,254.0,254.0,0.0,0.0,6,698,0.19680211274971238,0.3380726388453091,0.18641360301676208,24.435535631290566,29.38228113073813,0.3263157894736842,True
Tango Trio,대중음악,서울,자양스테이션(파리뮤직포럼),0.5,1,25.0,25.0,0.0,0.0,0,50,0.2887511766551616,0.16891930760380713,0.18641360301676208,23.301612438342655,29.301612438342655,0.3972727272727273,True
제19회 중앙 어울림오케스트라 정기연주회 [대구],서양음악(클래식),영남,수성아트피아,0.4478,1,519.0,519.0,0.0,0.0,3,1159,0.25058832758079697,0.4549994770421505,0.18641360301676208,31.811259292938267,29.21570992254308,0.2448780487804878,True
잔칫날 : 가족의 초상,연극,서울,문화공간너나들이,0.5,1,20.0,20.0,0.0,0.0,0,40,0.2887511766551616,0.1667176550570024,0.18641360301676208,23.179651109140504,29.179651109140504,0.39636363636363636,True
한 여름 날의 꿈,서양음악(클래식),제주,김정문화회관,0.5909,1,195.0,195.0,0.0,0.0,7,330,0.34817226231565734,0.30242521702750763,0.18641360301676208,32.90968322996034,29.15900788275842,0.21739130434782608,True
"(사) 한국고전무용중앙협회 안산지부창단 기념공연, 임예주 전통춤판 Ⅶ",무용(서양/한국무용),경인,안산문화예술의전당,0.7143,1,100.0,100.0,0.0,0.0,6,140,0.4503190042882544,0.2421307917581843,0.18641360301676208,35.134370287001694,29.134370287001694,0.1769019248395967,True
"소울비트와 함께하는 국악 앙상블, 緣 (연)",한국음악(국악),경인,안산문화예술의전당,0.7143,1,100.0,100.0,0.0,0.0,6,140,0.4503190042882544,0.2421307917581843,0.18641360301676208,35.134370287001694,29.134370287001694,0.1769019248395967,True
청춘기록(祿) [안산],연극,경인,안산문화예술의전당,0.7143,1,100.0,100.0,0.0,0.0,6,140,0.4503190042882544,0.2421307917581843,0.18641360301676208,35.134370287001694,29.134370287001694,0.1769019248395967,True
판소리와 함께하는 가족음악회: 제비의 모험,한국음악(국악),경인,안산문화예술의전당,0.7143,1,100.0,100.0,0.0,0.0,6,140,0.4503190042882544,0.2421307917581843,0.18641360301676208,35.134370287001694,29.134370287001694,0.1769019248395967,True
제38회 별망성 전국 음협 콩쿠르수상자 음악회,서양음악(클래식),경인,안산문화예술의전당,0.7143,1,100.0,100.0,0.0,0.0,6,140,0.4503190042882544,0.2421307917581843,0.18641360301676208,35.134370287001694,29.134370287001694,0.1769019248395967,True
"부산시립청소년교향악단 특별연주회, 유망주음악회: Together",서양음악(클래식),영남,부산문화회관,0.40855,2,335.0,167.5,0.0,0.0,7,410,0.22743436878987552,0.522049210333647,0.18641360301676208,31.710145411610657,29.11459604121547,0.24390243902439024,True
빛고을국악전수관 X 광주시립국악관현악단: 해설이 있는 국악콘서트 Ⅱ [광주],한국음악(국악),호남,빛고을국악전수관,0.4615,1,72.0,72.0,0.0,0.0,4,156,0.25976623784123,0.2159554439912143,0.18641360301676208,24.126553411423828,29.073298910871394,0.3236842105263158,True
"토요일 토요일은 Classic 3, 제주특별자치도립 서귀포예술단",서양음악(클래식),제주,김정문화회관,0.5879,1,194.0,194.0,0.0,0.0,7,330,0.3462242443259073,0.30198723982846987,0.18641360301676208,32.78007347526075,29.029398128058826,0.20652173913043478,True
파주국악대제전,한국음악(국악),경인,파주운정행복센터,0.569,1,305.0,305.0,0.0,0.0,9,536,0.3345884321723669,0.36941088798242866,0.18641360301676208,34.810513504659134,28.810513504659134,0.17415215398716774,True
"인천 중구 꿈의 무용단, 댄스로 나르샤 [인천]",무용(서양/한국무용),경인,인천중구문화회관,0.5517,1,352.0,352.0,0.0,0.0,2,638,0.323828574416902,0.3879405919882858,0.18641360301676208,34.80929202926236,28.80929202926236,0.17323556370302476,True
안동에 와봤니껴?! [안동],연극,영남,안동문화예술의전당,0.42755,2,236.0,118.0,0.0,0.0,7,276,0.23731827214726492,0.4763910678799289,0.18641360301676208,31.36058465528673,28.765035284891542,0.24292682926829268,True
"모두뮤직페스타, Belonging Ⅲ: 연결 Tapestry of Belonging",서양음악(클래식),서울,모두예술극장,0.3938,1,102.0,102.0,0.0,0.0,0,259,0.2144911620123418,0.24836575672000838,0.18641360301676208,22.74481078323236,28.74481078323236,0.39545454545454545,True
놀면 뭐하니? 우리들의 축제,대중음악,서울,서울어린이대공원,0.2486,1,1989.0,1989.0,0.0,0.0,7,8000,0.11907750235331033,0.5999542411881602,0.18641360301676208,22.73762403455096,28.73762403455096,0.39454545454545453,True
"신춘음악회, 태안의 새봄! 새로운 태안!",대중음악,충청,태안군문화예술회관,0.4905,1,337.0,337.0,0.0,0.0,3,687,0.27975630164208765,0.3823632465223303,0.18641360301676208,31.699935821351016,28.726917476335124,0.1643835616438356,True
"광명 어린이 상상주간, 고래바위에서 기다려",연극,경인,광명문화예술교육지원센터 광명극장,0.5854,1,281.0,281.0,0.0,0.0,1,480,0.3444069657985566,0.3487841229996862,0.18641360301676208,34.61511979072115,28.615119790721153,0.17231897341888175,True
소프라노 강경이 독창회,서양음악(클래식),서울,영산아트홀,0.3428,1,205.0,205.0,0.0,0.0,4,598,0.1820677753373078,0.3121535404246418,0.18641360301676208,22.588487780231848,28.588487780231848,0.3936363636363636,True
제34회 안산시 여성합창단 정기공연,서양음악(클래식),경인,안산문화예술의전당,0.4749,1,747.0,747.0,0.0,0.0,6,1573,0.26856500366070496,0.5049223407593348,0.18641360301676208,34.57160056403145,28.57160056403145,0.17140238313473877,True
제4회 Camerata 송년음악회,서양음악(클래식),경인,성남아트센터,0.6058,1,229.0,229.0,0.0,0.0,7,378,0.36102395146951155,0.323829881811526,0.18641360301676208,34.565940475648596,28.565940475648596,0.17048579285059579,True
PAG 전국 실용무용경연대회 페스티벌,무용(서양/한국무용),영남,강동문화복지회관,0.4828,1,322.0,322.0,0.0,0.0,6,667,0.27444827946867484,0.37687611128543036,0.18641360301676208,31.157008411080177,28.56145904068499,0.24195121951219511,True
여순사건 75주년 기념 전남도립국악단 토요특별공연 여순가무악희: 또다른 숲을 시작하세요,한국음악(국악),호남,남도소리울림터,0.362,1,202.0,202.0,0.0,0.0,1,558,0.19518094341596068,0.3108997489802322,0.18641360301676208,23.513138189825877,28.45988368927344,0.32105263157894737,True
우리가 봄이 되는 날 [대전],연극,충청,작은극장 다함,0.6,1,120.0,120.0,0.0,0.0,0,200,0.35625196109193596,0.2591203848969773,0.18641360301676208,31.365700432010613,28.39268208699472,0.1598173515981735,True
국악 콘서트: 광산오락관 [광주],한국음악(국악),호남,광산문화예술회관,0.3648,1,197.0,197.0,0.0,0.0,1,540,0.19714203535195063,0.30354696161489386,0.18641360301676208,23.42922362805517,28.375969127502735,0.31842105263157894,True
제5회 울산학생오케스트라 정기연주회 [울산],서양음악(클래식),영남,울산광역시학생교육문화회관,0.4759,1,336.0,336.0,0.0,0.0,2,706,0.26907488756406234,0.38179714465014125,0.18641360301676208,30.94973757275281,28.354188202357623,0.24097560975609755,True
I am I [인천],연극,경인,청학아트홀,0.4505,3,300.0,100.0,0.0,0.0,1,222,0.2527063068716661,0.5408417006589269,0.18641360301676208,34.26081710078027,28.260817100780272,0.1695692025664528,True
333희극희큭낭독극장 [안산],연극,경인,보노마루,0.4926,2,200.0,100.0,0.0,0.0,1,203,0.28137747097583937,0.45802478820207093,0.18641360301676208,34.19236856302846,28.19236856302846,0.1681943171402383,True
심판 [안산],연극,경인,보노마루,0.4926,2,200.0,100.0,0.0,0.0,1,203,0.28137747097583937,0.45802478820207093,0.18641360301676208,34.19236856302846,28.19236856302846,0.1681943171402383,True
음악은 언어가 아니다,한국음악(국악),서울,연희예술극장,0.4348,1,50.0,50.0,0.0,0.0,2,115,0.2423648153958791,0.1943167555695011,0.18641360301676208,22.186349178697135,28.186349178697135,0.3927272727272727,True
"삼성전자와 함께하는 축하콘서트, 국립합창단",서양음악(클래식),기타,강릉아트센터(구. 강릉문화예술관),0.3735,1,363.0,363.0,0.0,0.0,7,972,0.20184865599832655,0.3978650245790189,0.18641360301676208,26.479502569111485,28.16743099316958,0.21341463414634146,True
공감콘서트 [태안],대중음악,충청,태안군문화예술회관,0.4803,1,330.0,330.0,0.0,0.0,3,687,0.2727617404037235,0.3797549942474637,0.18641360301676208,31.13662020819773,28.16360186318184,0.1552511415525114,True
제5회 비발디관현악학원 정기연주회,서양음악(클래식),경인,안산문화예술의전당,0.5223,1,374.0,374.0,0.0,0.0,6,716,0.30578652860579436,0.40317043196318375,0.18641360301676208,34.154385721707435,28.154385721707435,0.16681943171402383,True
음악영재아카데미 영재콘서트 [대전],서양음악(클래식),충청,대전예술의전당,0.4852,1,312.0,312.0,0.0,0.0,7,643,0.27616096642610605,0.3722466269218701,0.18641360301676208,31.119290354381707,28.146272009365816,0.1506849315068493,True
"울산학생예술단, 겨울 별빛 음악회 [울산]",서양음악(클래식),영남,울산광역시학생교육문화회관,0.4717,1,333.0,333.0,0.0,0.0,2,706,0.2664862462085556,0.3806074155423073,0.18641360301676208,30.732350512083244,28.136801141688057,0.24,True
"제1회 김광석 노래상 경연대회, 김광석 다시 부르기",대중음악,서울,학전,0.4021,1,78.0,78.0,0.0,0.0,0,194,0.2225970086811003,0.21924223407593346,0.18641360301676208,22.124898238419913,28.124898238419913,0.39181818181818184,True
황소명 피아노 독주회,서양음악(클래식),서울,예술의전당 [서울],0.44,1,44.0,44.0,0.0,0.0,10,100,0.2455287103859429,0.18868057734546595,0.18641360301676208,22.097963313692798,28.097963313692798,0.39,True
이주희 피아노 독주회,서양음악(클래식),서울,예술의전당 [서울],0.44,1,44.0,44.0,0.0,0.0,10,443,0.2455287103859429,0.18868057734546595,0.18641360301676208,22.097963313692798,28.097963313692798,0.39,True
이주희 피아노 독주회,서양음악(클래식),서울,예술의전당 [서울],0.44,1,44.0,44.0,0.0,0.0,10,100,0.2455287103859429,0.18868057734546595,0.18641360301676208,22.097963313692798,28.097963313692798,0.39,True
제12회 빠체남성합창단 정기연주회 [대구],서양음악(클래식),영남,수성아트피아,0.5482,1,165.0,165.0,0.0,0.0,3,301,0.3208738625666771,0.2870371823031064,0.18641360301676208,30.68851463951569,28.092965269120505,0.23902439024390243,True
"토요일 토요일은 Classic 1, 앙상블 퍼플 [제주]",서양음악(클래식),제주,김정문화회관,0.5667,1,187.0,187.0,0.0,0.0,7,330,0.3332941114946135,0.2973603702541575,0.18641360301676208,31.842695217394144,28.09201987019222,0.1956521739130435,True
"남양주시립합창단 기획연주회, 힐링하러 가요 (11.14) [남양주]",서양음악(클래식),경인,정약용도서관,0.6156,1,197.0,197.0,0.0,0.0,9,320,0.36796621692291603,0.30354696161489386,0.18641360301676208,34.07023465489361,28.07023465489361,0.16590284142988085,True
피아노 듀오 보눔(Bonum) 창단연주회,서양음악(클래식),서울,영산아트홀,0.3344,1,200.0,200.0,0.0,0.0,4,598,0.17689049262629433,0.3075135969040895,0.18641360301676208,22.068276874855595,28.068276874855595,0.38681818181818184,True
"영산아트홀 전문연주자 시리즈, 이준화 바이올린 독주회",서양음악(클래식),서울,영산아트홀,0.3344,1,200.0,200.0,0.0,0.0,4,598,0.17689049262629433,0.3075135969040895,0.18641360301676208,22.068276874855595,28.068276874855595,0.38681818181818184,True
제20회 소프라노 강경이 독창회,서양음악(클래식),서울,영산아트홀,0.3344,1,200.0,200.0,0.0,0.0,4,598,0.17689049262629433,0.3075135969040895,0.18641360301676208,22.068276874855595,28.068276874855595,0.38681818181818184,True
"아이슬러 듀오 창단 연주회, 김동준 & 김다솔 피아노 듀오 콘서트",서양음악(클래식),서울,영산아트홀,0.3344,1,200.0,200.0,0.0,0.0,4,598,0.17689049262629433,0.3075135969040895,0.18641360301676208,22.068276874855595,28.068276874855595,0.38681818181818184,True
무대게임,연극,서울,상명아트홀,0.3032,2,57.0,28.5,0.0,0.0,5,94,0.15678276330927726,0.36836235749398594,0.18641360301676208,22.06424576513326,28.06424576513326,0.3840909090909091,True
무대게임,연극,서울,상명아트홀,0.3032,2,57.0,28.5,0.0,0.0,5,94,0.15678276330927726,0.36836235749398594,0.18641360301676208,22.06424576513326,28.06424576513326,0.3840909090909091,True
멀미,연극,경인,한홀 소극장,0.5208,2,100.0,50.0,0.0,0.0,0,96,0.3048452044765192,0.39984834222361676,0.18641360301676208,33.978620302429775,27.978620302429775,0.16498625114573787,True
제8회 다카포 오케스트라 정기 연주회,서양음악(클래식),경인,성남아트리움 (구. 성남시민회관),0.5333,1,344.0,344.0,0.0,0.0,10,645,0.31198357912352265,0.3852107520133877,0.18641360301676208,33.94363915305284,27.943639153052843,0.16406966086159486,True
제2회 BPS챔버오케스트라 정기연주회,서양음악(클래식),경인,성남아트센터,0.4864,1,536.0,536.0,0.0,0.0,7,1102,0.27690618136178224,0.45924850957012864,0.18641360301676208,33.90148268744645,27.901482687446453,0.16315307057745188,True
오월어머니의 노래,대중음악,호남,국립아시아문화전당,0.3594,1,184.0,184.0,0.0,0.0,6,512,0.19346825645852944,0.29565160548059827,0.18641360301676208,22.92334165912043,27.870087158567998,0.3157894736842105,True
제28기 대전예술의전당 음악영재아카데미 영재콘서트 [대전],서양음악(클래식),충청,대전예술의전당,0.479,1,308.0,308.0,0.0,0.0,7,643,0.2716635289195691,0.37073004915803787,0.18641360301676208,30.763937349266502,27.79091900425061,0.1461187214611872,True
"영산아트홀 파이프오르간 시리즈, 김현서 파이프오르간 독주회",서양음악(클래식),서울,영산아트홀,0.3328,1,199.0,199.0,0.0,0.0,4,598,0.1742757033783077,0.3045811107624726,0.18641360301676208,21.78829732176261,27.78829732176261,0.38227272727272726,True
소프라노 홍아름 독창회,서양음악(클래식),서울,영산아트홀,0.3328,1,199.0,199.0,0.0,0.0,4,598,0.1742757033783077,0.3045811107624726,0.18641360301676208,21.78829732176261,27.78829732176261,0.38227272727272726,True
영남필하모니오케스트라 창작관현악축제: CONCERT 1,서양음악(클래식),영남,한영아트센터,0.575,1,115.0,115.0,0.0,0.0,2,200,0.3385367639368267,0.25535770316912454,0.18641360301676208,30.24287597561606,27.647326605220872,0.23804878048780487,True
국민대화합 한마당 [부산],대중음악,영남,벡스코 (BEXCO),0.3557,1,2134.0,2134.0,0.0,0.0,6,6000,0.1906442840707039,0.6042411881602343,0.18641360301676208,30.24254973243725,27.647000362042064,0.2370731707317073,True
강원도립국악관현악단 신년음악회,한국음악(국악),기타,원주백운아트홀,0.3659,1,352.0,352.0,0.0,0.0,4,962,0.19778265871770737,0.3879405919882858,0.18641360301676208,25.89518488190642,27.583113305964517,0.2073170731707317,True
제6회 V.I.P 타악앙상블 정기연주회,서양음악(클래식),영남,(재)영화의전당,0.4447,1,374.0,374.0,0.0,0.0,8,841,0.2485357180211275,0.40317043196318375,0.18641360301676208,30.15982078809913,27.564271417703942,0.23512195121951218,True
제7회 Young V.I.P 타악앙상블 정기 연주회,서양음악(클래식),영남,(재)영화의전당,0.4447,1,374.0,374.0,0.0,0.0,8,841,0.2485357180211275,0.40317043196318375,0.18641360301676208,30.15982078809913,27.564271417703942,0.23512195121951218,True
제17회 디가디가 타악기 앙상블 정기연주회,서양음악(클래식),영남,(재)영화의전당,0.4447,1,374.0,374.0,0.0,0.0,8,841,0.2485357180211275,0.40317043196318375,0.18641360301676208,30.15982078809913,27.564271417703942,0.23512195121951218,True
소프라노 이예지 귀국 독창회,서양음악(클래식),영남,달서아트센터 (구. 웃는얼굴아트센터),0.566,1,120.0,120.0,0.0,0.0,6,212,0.3329149670536555,0.2591203848969773,0.18641360301676208,30.116231322798015,27.52068195240283,0.23317073170731709,True
진행밭의 파수꾼 X 러비더비더빙 발표회,연극,경인,보노마루,0.6404,1,130.0,130.0,0.0,0.0,1,203,0.3905579960255203,0.2657436460621274,0.18641360301676208,33.48085005924191,27.48085005924191,0.1613198900091659,True
제11회 안산시 전국 가족동요대회,서양음악(클래식),경인,보노마루,0.6404,1,130.0,130.0,0.0,0.0,1,203,0.3905579960255203,0.2657436460621274,0.18641360301676208,33.48085005924191,27.48085005924191,0.1613198900091659,True
제7회 노래하는 피아노 정기연주회,서양음악(클래식),경인,보노마루,0.6404,1,130.0,130.0,0.0,0.0,1,203,0.3905579960255203,0.2657436460621274,0.18641360301676208,33.48085005924191,27.48085005924191,0.1613198900091659,True
"해피컬처페스티벌, 아토앙상블의 러브 스토리",서양음악(클래식),영남,안동문화예술의전당,0.40215,2,222.0,111.0,0.0,0.0,7,276,0.22270160025101976,0.470886936512917,0.18641360301676208,30.0469683516074,27.451418981212214,0.23219512195121952,True
"김천합창제, 합창으로 하나되는 김천: 합창뷔페",서양음악(클래식),영남,김천시문화예술회관,0.4343,1,403.0,403.0,0.0,0.0,6,928,0.24194644911620122,0.41479839974898025,0.18641360301676208,30.016937467822853,27.421388097427666,0.23121951219512196,True
"해피 위켄드 콘서트, 기타리시모 [통영]",서양음악(클래식),영남,통영국제음악당,0.4072,1,533.0,533.0,0.0,0.0,6,1309,0.22593086497228324,0.45829934107310955,0.18641360301676208,29.98092528684864,27.385375916453455,0.2302439024390244,True
춘천시립예술단 정기회원 음악회,서양음악(클래식),기타,춘천문화예술회관,0.3628,1,341.0,341.0,0.0,0.0,3,940,0.19586078862043718,0.38424327999163266,0.18641360301676208,25.645490605267423,27.33341902932552,0.20121951219512196,True
조선통신사 OK,한국음악(국악),영남,부산학생예술문화회관,0.4254,1,425.0,425.0,0.0,0.0,5,999,0.23632465223303,0.42276304779834745,0.18641360301676208,29.822512174794625,27.226962804399438,0.22926829268292684,True
동백꽃 피는 날,뮤지컬,제주,서귀포예술의전당,0.3666,2,588.0,294.0,0.0,0.0,5,802,0.19809643342746575,0.605280566886309,0.18641360301676208,30.967681108582383,27.21700576138046,0.18478260869565216,True
제16회 라모 라이징스타 콘서트,서양음악(클래식),영남,대구콘서트하우스,0.5444,1,135.0,135.0,0.0,0.0,7,248,0.3188343269532476,0.26846956385315346,0.18641360301676208,29.76439550572698,27.168846135331794,0.22829268292682928,True
강초롱 플루트 독주회: My Playlist,서양음악(클래식),서울,꿈의숲아트센터,0.3522,1,106.0,106.0,0.0,0.0,8,301,0.18868319213471393,0.25044451417215774,0.18641360301676208,21.13121838165533,27.13121838165533,0.38045454545454543,True
제1회 명지대학교 피아노전공 정기연주회,서양음악(클래식),서울,꿈의숲아트센터,0.3522,1,106.0,106.0,0.0,0.0,8,301,0.18868319213471393,0.25044451417215774,0.18641360301676208,21.13121838165533,27.13121838165533,0.38045454545454543,True
"강릉시립교향악단, 힐링음악회 [강릉]",서양음악(클래식),기타,강릉아트센터 (구. 강릉문화예술관),0.358,1,348.0,348.0,0.0,0.0,7,972,0.19256615416797407,0.3862331346093505,0.18641360301676208,25.43828248361974,27.126210907677837,0.1951219512195122,True
제26회 통영시립소년소녀합창단 정기연주회,서양음악(클래식),영남,통영국제음악당,0.4026,1,527.0,527.0,0.0,0.0,6,1309,0.22289770944461876,0.45684159606735697,0.18641360301676208,29.700900673933294,27.105351303538107,0.22731707317073171,True
"CK ON STAGE: 브루클린, 마른 대지, 지켜줘 봄,봄,봄",뮤지컬,서울,한예극장,0.215,14,602.0,43.0,0.0,0.0,0,200,0.09742704737998117,0.6725015688735487,0.18641360301676208,21.100125837298616,27.100125837298616,0.3790909090909091,True
피아니스트 박종훈의 모짜르트의 봄,서양음악(클래식),영남,신세계 문화홀 8층 [대구],0.4933,1,222.0,222.0,0.0,0.0,10,450,0.28186120698671685,0.32109481225813197,0.18641360301676208,29.694396278470304,27.098846908075117,0.22634146341463415,True
"태봉의 왕, 궁예 [철원]",무용(서양/한국무용),기타,철원군 화강문화센터,0.4282,1,149.0,149.0,0.0,0.0,6,348,0.23761897291078338,0.2771336680263571,0.18641360301676208,25.269950114935757,26.957878538993853,0.18902439024390244,True
"전남도립국악단 교류공연, 국악이음: 광주시립창극단",한국음악(국악),호남,남도소리울림터,0.3369,1,188.0,188.0,0.0,0.0,1,558,0.1783809224976467,0.29790947599623474,0.18641360301676208,21.899932203175712,26.846677702623275,0.3131578947368421,True
당신은 초록색 펜일까 그걸 쥔 손일까,연극,서울,두산아트센터,0.2433,3,219.0,73.0,0.0,0.0,1,300,0.11544294529860893,0.5039705574730676,0.18641360301676208,20.81529188057253,26.81529188057253,0.3781818181818182,True
The Romantic,서양음악(클래식),서울,꿈의숲아트센터,0.3455,1,104.0,104.0,0.0,0.0,8,301,0.1834797615312206,0.24942082418157097,0.18641360301676208,20.745599248526226,26.745599248526226,0.37636363636363634,True
제13회 조플룻 제자음악회: CHOFLUTE FLUTE CONCERT,서양음악(클래식),서울,꿈의숲아트센터,0.3455,1,104.0,104.0,0.0,0.0,8,301,0.1834797615312206,0.24942082418157097,0.18641360301676208,20.745599248526226,26.745599248526226,0.37636363636363634,True
제1회 서울과기대 졸업생 오케스트라 정기 연주회,서양음악(클래식),서울,꿈의숲아트센터,0.3455,1,104.0,104.0,0.0,0.0,8,301,0.1834797615312206,0.24942082418157097,0.18641360301676208,20.745599248526226,26.745599248526226,0.37636363636363634,True
제3회 광양 K-POP 페스티벌,대중음악,호남,광양공설운동장,0.2055,2,3280.0,1640.0,0.0,0.0,2,7980,0.09196213785168915,0.7947782658717707,0.18641360301676208,21.79033104402238,26.737076543469946,0.3105263157894737,True
"국립극단 X ACC, 오장군의 발톱 낭독회",연극,호남,국립아시아문화전당,0.3831,1,95.0,95.0,0.0,0.0,6,248,0.2078888191611756,0.23377915490011505,0.18641360301676208,21.78818194138093,26.734927440828493,0.3078947368421053,True
제3회 도담콰르텟 연주회,서양음악(클래식),서울,꿈의숲아트센터,0.3422,1,103.0,103.0,0.0,0.0,8,301,0.18174092668130948,0.24891747725133356,0.18641360301676208,20.61075017579465,26.61075017579465,0.37454545454545457,True
The King [안동],연극,영남,안동문화예술의전당,0.39135,2,216.0,108.0,0.0,0.0,7,276,0.2129484363560297,0.4685414705574731,0.18641360301676208,29.19200251662206,26.596453146226875,0.2253658536585366,True
"삼성전자와 함께하는 축하콘서트, Part 2 참가합창단",서양음악(클래식),기타,강릉아트센터(구. 강릉문화예술관),0.3498,1,340.0,340.0,0.0,0.0,7,972,0.18638217759648573,0.38394257922811426,0.18641360301676208,24.88565867262279,26.573587096680882,0.18292682926829268,True
"ACC 수요극장: 그날, 그날에",연극,호남,국립아시아문화전당,0.379,1,94.0,94.0,0.0,0.0,6,248,0.2053524735906286,0.23322874176341388,0.18641360301676208,21.607911421858734,26.554656921306297,0.30526315789473685,True
제32회 인천무용제,무용(서양/한국무용),경인,부평아트센터,0.38475,2,668.0,334.0,0.0,0.0,10,868,0.20923543562388872,0.6305093609455078,0.18641360301676208,32.52802971429058,26.528029714290582,0.15948670944087992,True
운전배우기,연극,서울,여행자극장,0.4,1,40.0,40.0,0.0,0.0,0,100,0.21981225813199456,0.1851741449639159,0.18641360301676208,20.524060390720376,26.524060390720376,0.37272727272727274,True
운전배우기,연극,서울,여행자극장,0.4,1,40.0,40.0,0.0,0.0,0,100,0.21981225813199456,0.1851741449639159,0.18641360301676208,20.524060390720376,26.524060390720376,0.37272727272727274,True
"팡타의 춤, 정동은 elly 탱고: 소통의 춤",무용(서양/한국무용),서울,복합공간 에무,0.4,1,40.0,40.0,0.0,0.0,3,100,0.21981225813199456,0.1851741449639159,0.18641360301676208,20.524060390720376,26.524060390720376,0.37272727272727274,True
"두산아트랩, 동아(凍兒): 얼어붙은 아이",연극,서울,두산아트센터,0.34,1,102.0,102.0,0.0,0.0,1,300,0.18049890178851585,0.24836575672000838,0.18641360301676208,20.50791106186601,26.50791106186601,0.37,True
"두산아트랩, 희미할수록 선명해지는",연극,서울,두산아트센터,0.34,1,102.0,102.0,0.0,0.0,1,300,0.18049890178851585,0.24836575672000838,0.18641360301676208,20.50791106186601,26.50791106186601,0.37,True
"두산아트랩, 매립지",연극,서울,두산아트센터,0.34,1,102.0,102.0,0.0,0.0,1,300,0.18049890178851585,0.24836575672000838,0.18641360301676208,20.50791106186601,26.50791106186601,0.37,True
"완창판소리二, 신정혜의 김세종제 춘향가",한국음악(국악),서울,국립국악원,0.3846,1,50.0,50.0,0.0,0.0,7,130,0.20894780880661018,0.1943167555695011,0.18641360301676208,20.296763576070344,26.296763576070344,0.36772727272727274,True
장수호 첫번째 피리 독주회,한국음악(국악),서울,국립국악원,0.3846,1,50.0,50.0,0.0,0.0,7,130,0.20894780880661018,0.1943167555695011,0.18641360301676208,20.296763576070344,26.296763576070344,0.36772727272727274,True
한치윤 피아노 리사이틀 [대구],서양음악(클래식),영남,비원뮤직홀,0.54,1,108.0,108.0,0.0,0.0,4,200,0.31614109402782137,0.25140021964229686,0.18641360301676208,28.845284864361197,26.24973549396601,0.22439024390243903,True
제28회 대구레이디스싱어즈 정기연주회,서양음악(클래식),영남,대구콘서트하우스,0.391,1,502.0,502.0,0.0,0.0,7,1284,0.21281769689363036,0.44964569605689786,0.18641360301676208,28.704687268463463,26.109137898068276,0.22341463414634147,True
"제34회 시립국악단 정기연주회, 청춘가",한국음악(국악),영남,김천시문화예술회관,0.4095,1,380.0,380.0,0.0,0.0,6,928,0.2280619182093923,0.40493933688944667,0.18641360301676208,28.69377249791838,26.098223127523195,0.2224390243902439,True
테너 이상규 리사이틀 [대구],서양음악(클래식),영남,비원뮤직홀,0.535,1,107.0,107.0,0.0,0.0,4,200,0.31355245267231463,0.25090602447442734,0.18641360301676208,28.680753508839956,26.08520413844477,0.22146341463414634,True
"파주시 합창 페스티벌, 평화를 노래해요",서양음악(클래식),경인,문산행복센터,0.5335,1,247.0,247.0,0.0,0.0,6,463,0.31270264616671894,0.33298425896872713,0.18641360301676208,32.06626780629013,26.066267806290128,0.15857011915673694,True
"ACC 수요극장, 병동소녀는 집으로, 돌아가지 않는다 (영상화)",연극,호남,국립아시아문화전당,0.3669,1,91.0,91.0,0.0,0.0,6,248,0.19876320468570233,0.23118136178224036,0.18641360301676208,21.11459332873404,26.061338828181604,0.3026315789473684,True
제12회 베누스토 분당 오케스트라 정기연주회,서양음악(클래식),경인,성남아트센터,0.4537,1,500.0,500.0,0.0,0.0,7,1102,0.25449743750653697,0.44828862043719275,0.18641360301676208,31.917813604592553,25.917813604592553,0.15765352887259396,True
KFEA 한국플루트교육자협회 정기연주회,서양음악(클래식),서울,영산아트홀,0.301,1,180.0,180.0,0.0,0.0,4,598,0.1534750549105742,0.2937245058048321,0.18641360301676208,19.89751089472616,25.89751089472616,0.3663636363636364,True
"제57회 제주체임버오케스트라 정기연주회, 제주도의 사계",서양음악(클래식),제주,김정문화회관,0.5152,1,170.0,170.0,0.0,0.0,7,330,0.3005046543248614,0.28905449220792806,0.18641360301676208,29.587114403908764,25.83643905670684,0.17391304347826086,True
인페르노: 소매의희생 [강릉],무용(서양/한국무용),기타,강릉단오제전수교육관(구. 단오문화관),0.3907,1,177.0,177.0,0.0,0.0,5,453,0.21258236586131157,0.2922040058571279,0.18641360301676208,24.142976286653898,25.83090471071199,0.17682926829268292,True
제42회 대구작곡가협회 정기연주회 [대구],서양음악(클래식),영남,대구콘서트하우스,0.5121,1,127.0,127.0,0.0,0.0,7,248,0.29809904821671374,0.2637577136282816,0.18641360301676208,28.385622411245638,25.79007304085045,0.22,True
제47회 대구반주연구회 정기연주회,서양음악(클래식),영남,대구콘서트하우스,0.5121,1,127.0,127.0,0.0,0.0,7,248,0.29809904821671374,0.2637577136282816,0.18641360301676208,28.385622411245638,25.79007304085045,0.22,True
"예술즐겨찾기, 경기필하모닉 타악 콘서트",서양음악(클래식),경인,광명문화예술교육지원센터 광명극장,0.5208,1,250.0,250.0,0.0,0.0,1,480,0.3048452044765192,0.3364004811212216,0.18641360301676208,31.709563503965814,25.709563503965814,0.15673693858845097,True
제5회 무이피아노 연주회: Summer Breeze Comcert,서양음악(클래식),경인,안산문화예술의전당,0.6429,1,90.0,90.0,0.0,0.0,6,140,0.3924144963915908,0.2301903566572534,0.18641360301676208,31.701650654635642,25.701650654635642,0.15582034830430797,True
제10회 피아노소아베 정기연주회 [안산],서양음악(클래식),경인,보노마루,0.601,1,122.0,122.0,0.0,0.0,1,203,0.3584745319527246,0.2610906285953352,0.18641360301676208,31.578500034898504,25.578500034898504,0.15490375802016498,True
김세은 방지영 피아노 듀오 리사이틀,서양음악(클래식),경인,성남아트센터,0.5423,1,205.0,205.0,0.0,0.0,7,378,0.3178668549314925,0.3121535404246418,0.18641360301676208,31.556908672097663,25.556908672097663,0.1535288725939505,True
"아베크피아노앙상블 기획연주, 클래식 음악으로 느끼는 가을",서양음악(클래식),경인,성남아트센터,0.5423,1,205.0,205.0,0.0,0.0,7,378,0.3178668549314925,0.3121535404246418,0.18641360301676208,31.556908672097663,25.556908672097663,0.1535288725939505,True
"토요일 토요일은 클래식, 삶이 꽃이 되는 순간",서양음악(클래식),제주,김정문화회관,0.5091,1,168.0,168.0,0.0,0.0,7,330,0.2960464386570442,0.28822821880556426,0.18641360301676208,29.289401930268756,25.538726583066833,0.16304347826086957,True
클래식이 있는 음악회,서양음악(클래식),경인,성남아트리움 (구. 성남시민회관),0.5963,1,130.0,130.0,0.0,0.0,10,218,0.3525258864135551,0.2657436460621274,0.18641360301676208,31.48471480296854,25.48471480296854,0.152153987167736,True
"제주국제관악제 개막공연, JIWEF Opening Concert",서양음악(클래식),제주,ICC제주국제컨벤션센터,0.3479,1,1496.0,1496.0,0.0,0.0,8,4300,0.18516630059617195,0.5795614998431127,0.18641360301676208,29.22651152236393,25.475836175162005,0.15217391304347827,True
서울영아티스트협회 수상자 연주회,서양음악(클래식),경인,성남아트센터,0.5397,1,204.0,204.0,0.0,0.0,7,378,0.31582731931806296,0.31170510406861207,0.18641360301676208,31.417193145278855,25.417193145278855,0.15123739688359303,True
제51회 성남시여성합창단 정기연주회 [성남],서양음악(클래식),경인,성남아트센터,0.4465,1,492.0,492.0,0.0,0.0,7,1102,0.24954241188160234,0.44364736952201655,0.18641360301676208,31.412448192042746,25.412448192042746,0.15032080659945005,True
쎄끄레따리아,연극,경인,성남아트센터,0.4074,2,308.0,154.0,0.0,0.0,7,378,0.22646689676812048,0.5129680472753896,0.18641360301676208,31.407904589669016,25.407904589669016,0.14940421631530706,True
"제29회 서곶문화예술제, 서곶에서 만나는 소리 울림",한국음악(국악),경인,청라복합문화센터 블루노바홀,0.5144,1,250.0,250.0,0.0,0.0,4,486,0.29979866122790505,0.3364004811212216,0.18641360301676208,31.39355202773948,25.39355202773948,0.14711274060494958,True
"제29회 서곶문화예술제, 백령도의 심청",한국음악(국악),경인,청라복합문화센터 블루노바홀,0.5144,1,250.0,250.0,0.0,0.0,4,486,0.29979866122790505,0.3364004811212216,0.18641360301676208,31.39355202773948,25.39355202773948,0.14711274060494958,True
"제29회 서곶문화예술제, 서동이와 동동이가 전하는 이야기 춤판",무용(서양/한국무용),경인,청라복합문화센터 블루노바홀,0.5144,1,250.0,250.0,0.0,0.0,4,486,0.29979866122790505,0.3364004811212216,0.18641360301676208,31.39355202773948,25.39355202773948,0.14711274060494958,True
"제29회 서곶문화예술제, 검단 만수산 대호",연극,경인,청라복합문화센터 블루노바홀,0.5144,1,250.0,250.0,0.0,0.0,4,486,0.29979866122790505,0.3364004811212216,0.18641360301676208,31.39355202773948,25.39355202773948,0.14711274060494958,True
Ensemble Pariter 창단 연주회,서양음악(클래식),서울,꿈의숲아트센터,0.3256,1,98.0,98.0,0.0,0.0,8,301,0.17006589268904926,0.23584876058989646,0.18641360301676208,19.383123958944502,25.383123958944502,0.3654545454545455,True
"턴투워드 부산, UN 평화 음악회",서양음악(클래식),영남,부산문화회관,0.3726,1,528.0,528.0,0.0,0.0,7,1417,0.20131262420248927,0.45703116828783596,0.18641360301676208,27.944795357326917,25.34924598693173,0.21853658536585366,True
"세월호 참사 10주기 4월 연극제, 우리의 아름다웠던 날들에 관하여 [안산]",연극,경인,보노마루,0.4433,2,180.0,90.0,0.0,0.0,1,203,0.24772513335425164,0.44491554230729,0.18641360301676208,31.31072136748172,25.31072136748172,0.14482126489459213,True
피아니스트 김명인 독주회,서양음악(클래식),영남,안동시청 대동관(구. 안동시민회관),0.4686,1,194.0,194.0,0.0,0.0,3,414,0.2647474113586445,0.30198723982846987,0.18641360301676208,27.90579956002317,25.310250189627983,0.2175609756097561,True
"실패를 위한 실험실 (실.실.실) , K연극전공 망해라! (죄송합니다)",연극,서울,연극실험실 혜화동1번지,0.3857,1,27.0,27.0,0.0,0.0,0,70,0.21004602029076455,0.16981095073737057,0.18641360301676208,19.291897769623223,25.291897769623223,0.36454545454545456,True
제12회 피아노소아베 정기연주회 [안산],서양음악(클래식),경인,보노마루,0.5961,1,121.0,121.0,0.0,0.0,1,203,0.3524866645748353,0.2607049471812572,0.18641360301676208,31.242467285050058,25.242467285050058,0.14390467461044912,True
"한화와 함께하는 교향악축제, The Wave, 경기필하모닉오케스트라 (04.27) (영상화)",서양음악(클래식),호남,국립아시아문화전당,0.3508,1,87.0,87.0,0.0,0.0,6,248,0.18741501934944044,0.22834562284279886,0.18641360301676208,20.282417198189943,25.229162697637506,0.3,True
"제83회 성남청소년오케스트라 정기연주회, 드림위드앙상블과 함께하는 아름다운 음악회 [성남]",서양음악(클래식),경인,성남아트센터,0.441,1,486.0,486.0,0.0,0.0,7,1102,0.24641773873025835,0.44217524317540013,0.18641360301676208,31.1344322146098,25.1344322146098,0.14298808432630614,True
민통선 사람들 [철원],연극,기타,철원군 화강문화센터,0.3908,1,136.0,136.0,0.0,0.0,6,348,0.21264773559251124,0.2690971132726702,0.18641360301676208,23.364692678953524,25.052621103011617,0.17073170731707318,True
"이민영의 음악산책 II, Beethoven",서양음악(클래식),서울,꿈의숲아트센터,0.3189,1,96.0,96.0,0.0,0.0,8,301,0.1654900115050727,0.23465772408743857,0.18641360301676208,19.029922226488324,25.029922226488324,0.36318181818181816,True
제1회 올댓클래식 유망신예콘서,서양음악(클래식),서울,꿈의숲아트센터,0.3189,1,96.0,96.0,0.0,0.0,8,301,0.1654900115050727,0.23465772408743857,0.18641360301676208,19.029922226488324,25.029922226488324,0.36318181818181816,True
제14회 대구학생국악단 정기연주회,한국음악(국악),영남,대구학생문화센터,0.3682,1,504.0,504.0,0.0,0.0,2,1369,0.19924694069657986,0.4503634557054701,0.18641360301676208,27.60960886800684,25.014059497611655,0.21658536585365853,True
굿닥터 [경주],연극,영남,경주예술의전당,0.4773,1,158.0,158.0,0.0,0.0,7,331,0.2709444618763728,0.2833477146741973,0.18641360301676208,27.583924328814458,24.98837495841927,0.21560975609756097,True
"기술하는몸, 도로위에 나비 [대구]",무용(서양/한국무용),영남,소극장 함세상,0.6,1,42.0,42.0,0.0,0.0,3,70,0.35625196109193596,0.1877418680054388,0.18641360301676208,27.572669305808883,24.977119935413697,0.2146341463414634,True
박원 피아노 독주회 [안산],서양음악(클래식),경인,보노마루,0.5911,1,120.0,120.0,0.0,0.0,1,203,0.34838144545549626,0.2591203848969773,0.18641360301676208,30.948075101430874,24.948075101430874,0.14207149404216315,True
마르친 바실레프스키 트리오 결성 30주년 콘서트,대중음악,서울,마포아트센터,0.262,1,263.0,263.0,0.0,0.0,3,1004,0.12775860265662586,0.341219537705261,0.18641360301676208,18.925512456685496,24.925512456685496,0.3618181818181818,True
서울영아티스트 전국 음악콩쿠르 우수 수상자 특별연주회,서양음악(클래식),경인,성남아트센터,0.5291,1,200.0,200.0,0.0,0.0,7,378,0.30895042359585817,0.3075135969040895,0.18641360301676208,30.83748890592657,24.83748890592657,0.14069660861594868,True
소프라노 박선영 독창회,서양음악(클래식),경인,성남아트센터,0.5291,1,200.0,200.0,0.0,0.0,7,378,0.30895042359585817,0.3075135969040895,0.18641360301676208,30.83748890592657,24.83748890592657,0.14069660861594868,True
제33회 인천무용제,무용(서양/한국무용),경인,부평아트센터,0.3387,3,882.0,294.0,0.0,0.0,10,868,0.17963602133668027,0.6907331869051355,0.18641360301676208,30.786490581220207,24.786490581220207,0.13932172318973418,True
공감락페스티벌 [경산],대중음악,영남,천마아트센터,0.3478,1,657.0,657.0,0.0,0.0,7,1889,0.18499633929505283,0.49210987344420043,0.18641360301676208,27.360417003832698,24.76486763343751,0.21365853658536585,True
"부산시립교향악단 기획음악회, BPO Odyssey Ⅱ:경험이 가득한 긴 여정",서양음악(클래식),영남,부산문화회관,0.362,1,513.0,513.0,0.0,0.0,7,1417,0.19518094341596068,0.45400716452253953,0.18641360301676208,27.3582006394479,24.762651269052714,0.2126829268292683,True
거문고를 위한 실록 [안양],한국음악(국악),경인,안양아트센터,0.5236,1,200.0,200.0,0.0,0.0,5,382,0.30610030331555277,0.3075135969040895,0.18641360301676208,30.666483963642534,24.666483963642534,0.1384051329055912,True
제10회 백석대학원 성악과 동문회 정기연주회,서양음악(클래식),경인,성남아트센터,0.5265,1,199.0,199.0,0.0,0.0,7,378,0.3075384374019454,0.3045811107624726,0.18641360301676208,30.635207657326646,24.635207657326646,0.13748854262144822,True
대한민국 해군 호국음악회 [동해],대중음악,기타,동해문화예술회관,0.3509,1,200.0,200.0,0.0,0.0,3,570,0.18746731513440018,0.3075135969040895,0.18641360301676208,22.85078188924319,24.538710313301287,0.16463414634146342,True
"제2회 ㄱ 기억 연극전, 네잎클로버",연극,서울,극장 봄 (봄소극장),0.3636,1,20.0,20.0,0.0,0.0,0,55,0.19640989436251438,0.1667176550570024,0.18641360301676208,18.39461296849564,24.39461296849564,0.3609090909090909,True
"제2회 무용비엔날레, 국제무용교류의 장 [경산]",무용(서양/한국무용),영남,천마아트센터,0.3409,1,644.0,644.0,0.0,0.0,7,1889,0.18094341596067356,0.4895787574521493,0.18641360301676208,26.943542604131665,24.347993233736478,0.21170731707317073,True
"제46회 대구국제방송교향악단 정기연주회, 이동신과 박유신",서양음악(클래식),영남,대구학생문화센터,0.3587,1,491.0,491.0,0.0,0.0,2,1369,0.19311525991005124,0.44342772722518564,0.18641360301676208,26.928929793756197,24.33338042336101,0.21073170731707316,True
"제32회 시립소년소녀관현악단 정기연주회, 신(新)세계로부터",서양음악(클래식),영남,김천시문화예술회관,0.3836,1,356.0,356.0,0.0,0.0,6,928,0.208202593870934,0.39565683505909427,0.18641360301676208,26.916534918939654,24.320985548544467,0.2097560975609756,True
듀오 파시오나토 창단연주회 [성남],서양음악(클래식),경인,성남아트센터,0.5185,1,196.0,196.0,0.0,0.0,7,378,0.302531115992051,0.3030462294739044,0.18641360301676208,30.27370562314925,24.27370562314925,0.13657195233730524,True
모던앙상블의 오늘 [대구],서양음악(클래식),영남,대구콘서트하우스,0.4839,1,120.0,120.0,0.0,0.0,7,248,0.27523271624307083,0.2591203848969773,0.18641360301676208,26.86709220259369,24.271542832198502,0.20878048780487804,True
솔직히,무용(서양/한국무용),호남,국립아시아문화전당,0.19806667,3,561.0,187.0,0.0,0.0,6,944,0.08751699613011191,0.6282410312728794,0.18641360301676208,19.253334698765357,24.200080198212923,0.29736842105263156,True
그녀를 죽이는 방법 [안산],연극,경인,보노마루,0.5714,1,116.0,116.0,0.0,0.0,1,203,0.3364057106997176,0.25628203116828785,0.18641360301676208,30.172081955366735,24.172081955366735,0.13565536205316223,True
피크닉 콘서트 [울주],대중음악,영남,온양체육공원,0.3507,1,526.0,526.0,0.0,0.0,1,1500,0.18737579751072064,0.45667294216086185,0.18641360301676208,26.759020284508644,24.163470914113457,0.20780487804878048,True
김지훈 바흐 첼로 무반주 조곡 전곡 리사이틀 1 (4.9),서양음악(클래식),경인,성남아트센터,0.5159,1,195.0,195.0,0.0,0.0,7,378,0.3011060558518983,0.30242521702750763,0.18641360301676208,30.163302842040245,24.163302842040245,0.13428047662694775,True
제2회 아베크피아노앙상블 정기연주회,서양음악(클래식),경인,성남아트센터,0.5159,1,195.0,195.0,0.0,0.0,7,378,0.3011060558518983,0.30242521702750763,0.18641360301676208,30.163302842040245,24.163302842040245,0.13428047662694775,True
제18회 대구유스콰이어 정기연주회: Sound of Music,서양음악(클래식),영남,대구학생문화센터,0.355,1,486.0,486.0,0.0,0.0,2,1369,0.19001673465118712,0.44217524317540013,0.18641360301676208,26.638690971313583,24.043141600918396,0.20682926829268292,True
Kuphil 정기연주회,서양음악(클래식),경인,성남아트리움 (구. 성남시민회관),0.4667,1,301.0,301.0,0.0,0.0,10,645,0.26334849911097163,0.3644323292542621,0.18641360301676208,29.989226702765375,23.989226702765375,0.1324472960586618,True
제42회 건국대학교 오케스트라 연주회,서양음악(클래식),경인,성남아트리움 (구. 성남시민회관),0.4667,1,301.0,301.0,0.0,0.0,10,645,0.26334849911097163,0.3644323292542621,0.18641360301676208,29.989226702765375,23.989226702765375,0.1324472960586618,True
제26회 안동시립합창단 정기공연,서양음악(클래식),영남,안동문화예술의전당,0.3732,1,371.0,371.0,0.0,0.0,7,994,0.201561029181048,0.40128255412613745,0.18641360301676208,26.54752582566241,23.951976455267225,0.20585365853658535,True
어뮤즈 사운드 442 Rising Concert,서양음악(클래식),서울,롯데콘서트홀,0.2176,1,443.0,443.0,0.0,0.0,6,2036,0.10027716766028658,0.4290934525677231,0.18641360301676208,17.936677117698185,23.936677117698185,0.36,True
제3회 아베크피아노앙상블 정기연주회,서양음악(클래식),경인,성남아트센터,0.5106,1,193.0,193.0,0.0,0.0,7,378,0.29727538960359795,0.3015427256563121,0.18641360301676208,29.897502895893822,23.897502895893822,0.1310724106324473,True
"아슬아슬, Nick of Time",연극,서울,더 줌 아트센터,0.2344,2,60.0,30.0,0.0,0.0,1,128,0.10991266603911724,0.37075881183976567,0.18641360301676208,17.87578975234972,23.87578975234972,0.35909090909090907,True
제19회 대구초등교원오케스트라 정기연주회,서양음악(클래식),영남,대구학생문화센터,0.3521,1,482.0,482.0,0.0,0.0,2,1369,0.1885132308335948,0.44033966112331346,0.18641360301676208,26.467945000937142,23.872395630541956,0.2048780487804878,True
오슬로,연극,서울,동국대학교,0.18268333,6,331.0,55.17,0.0,0.0,1,302,0.0796464804936722,0.5897957849597323,0.18641360301676208,17.741103089443282,23.741103089443282,0.35818181818181816,True
"kunst Festival, 쿤스트여성합창단 & K.바움오케스트라 함께하는 인생은 아름다워",서양음악(클래식),경인,성남아트센터,0.4138,1,456.0,456.0,0.0,0.0,7,1102,0.2304283024788202,0.433405240037653,0.18641360301676208,29.66737733738367,23.66737733738367,0.1301558203483043,True
"제43회 대구음악제, 폐막공연: Brillante",서양음악(클래식),영남,대구콘서트하우스,0.4718,1,117.0,117.0,0.0,0.0,7,248,0.2665646898859952,0.2566598682146219,0.18641360301676208,26.255769992141964,23.660220621746777,0.20390243902439023,True
"부산시립청소년교향악단 특별연주회, 유망주음악회: Ensemble",서양음악(클래식),영남,부산문화회관,0.3305,2,271.0,135.5,0.0,0.0,7,410,0.17274605166823553,0.49152546804727537,0.18641360301676208,26.2460098842905,23.650460513895315,0.2029268292682927,True
제29회 대구중등교사합창단 정기연주회 [대구],서양음악(클래식),영남,대구학생문화센터,0.3492,1,478.0,478.0,0.0,0.0,2,1369,0.18606840288672732,0.43894859324338464,0.18641360301676208,26.228233570825537,23.63268420043035,0.20195121951219513,True
"제2회 김광석 노래상 경연대회, 김광석 다시 부르기",대중음악,서울,아르코 꿈밭극장 (구.학전),0.3093,1,60.0,60.0,0.0,0.0,0,194,0.1604303943102186,0.2027965171007217,0.18641360301676208,17.619605781894514,23.619605781894514,0.3572727272727273,True
"ACC 국제협력 신작개발 시범공연, 숨공장",무용(서양/한국무용),호남,국립아시아문화전당,0.20445,2,386.0,193.0,0.0,0.0,6,944,0.09156991946449117,0.5436565212843845,0.18641360301676208,18.67160022057364,23.618345720021203,0.29473684210526313,True
"전남도립국악단 교류공연, 국악이음: 경복도립국악단 [무안]",한국음악(국악),호남,남도소리울림터,0.2832,1,158.0,158.0,0.0,0.0,1,558,0.1403880347244012,0.2833477146741973,0.18641360301676208,18.59199279256682,23.538738292014386,0.29210526315789476,True
춘희네 국수,연극,제주,BeIN(비인),0.336075,4,203.0,50.75,0.0,0.0,1,151,0.17793640832548896,0.5168183244430499,0.18641360301676208,27.25800416119094,23.507328813989016,0.14130434782608695,True
보따리,연극,호남,국립아시아문화전당,0.2023,2,382.0,191.0,0.0,0.0,6,944,0.09074626085137538,0.541985670954921,0.18641360301676208,18.54779834178073,23.494543841228293,0.2894736842105263,True
의자는 잘못 없다 [충주],연극,충청,호암예술관,0.3436,2,200.0,100.0,0.0,0.0,6,291,0.18247306767074573,0.45802478820207093,0.18641360301676208,26.367858353035224,23.394840008019333,0.1415525114155251,True
청소년을 위한 클래식의 첫 걸음 with SC Bright Orchestra,서양음악(클래식),서울,롯데콘서트홀,0.2102,1,428.0,428.0,0.0,0.0,6,2036,0.09485147997071436,0.4238756406233658,0.18641360301676208,17.263221806986007,23.263221806986007,0.3563636363636364,True
"전라북도립국악원 무용단, 진경",한국음악(국악),경인,경기아트센터(구. 경기도문화의전당),0.3886,1,600.0,600.0,0.0,0.0,4,1544,0.21141878464595754,0.4761910365024579,0.18641360301676208,29.25490079077388,23.25490079077388,0.12923923006416133,True
제1회 더피아니스트 음악학원 정기연주회 [안산],서양음악(클래식),경인,보노마루,0.5419,1,110.0,110.0,0.0,0.0,1,203,0.31754000627549417,0.25235984729630795,0.18641360301676208,28.965909656187577,22.965909656187577,0.12832263978001834,True
제4회 울산학생예술단 정기연주회,서양음악(클래식),영남,울산광역시학생교육문화회관,0.381,1,269.0,269.0,0.0,0.0,2,706,0.20643761112854303,0.3429348394519402,0.18641360301676208,25.29053043484197,22.694981064446782,0.20097560975609757,True
제14회 라모 라이징스타 콘서트,서양음악(클래식),영남,대구문화예술회관,0.4519,1,108.0,108.0,0.0,0.0,2,239,0.25366070494718124,0.25140021964229686,0.18641360301676208,25.275408196447252,22.679858826052065,0.2,True
Sing Again [대구],서양음악(클래식),영남,수성아트피아,0.3408,1,395.0,395.0,0.0,0.0,3,1159,0.1808780462294739,0.41157305721158877,0.18641360301676208,25.131030063931963,22.535480693536776,0.19902439024390245,True
감마선은 달무늬 얼룩진 금잔화에 어떤 영향을 주었는가?,연극,경인,보노마루,0.3941,2,160.0,80.0,0.0,0.0,1,203,0.21466112331346093,0.43615599832653484,0.18641360301676208,28.504194870909526,22.504194870909526,0.12740604949587533,True
"부산시립청소년교향악단 특별연주회, 유망주음악회 The Solist",서양음악(클래식),영남,부산문화회관,0.30975,2,254.0,127.0,0.0,0.0,7,410,0.16067879928877732,0.4858173831189206,0.18641360301676208,25.01291842553879,22.417369055143602,0.1980487804878049,True
"이-음 콘서트, 시엘앙상블",서양음악(클래식),영남,쿠무다 콘서트홀,0.4545,1,100.0,100.0,0.0,0.0,1,220,0.2554910574207719,0.2421307917581843,0.18641360301676208,25.006069340584496,22.41051997018931,0.19707317073170733,True
"김삶, 정상희 바이올린 듀오 리사이틀",서양음악(클래식),경인,성남아트센터,0.4841,1,183.0,183.0,0.0,0.0,7,378,0.27541575149042985,0.2951757138374647,0.18641360301676208,28.31558337615049,22.31558337615049,0.12373968835930339,True
"김삶, 정상희 바이올린 듀오 리사이틀",서양음악(클래식),경인,성남아트센터,0.4841,1,183.0,183.0,0.0,0.0,7,378,0.27541575149042985,0.2951757138374647,0.18641360301676208,28.31558337615049,22.31558337615049,0.12373968835930339,True
"김삶, 정상희 바이올린 듀오 리사이틀",서양음악(클래식),경인,성남아트센터,0.4841,1,183.0,183.0,0.0,0.0,7,378,0.27541575149042985,0.2951757138374647,0.18641360301676208,28.31558337615049,22.31558337615049,0.12373968835930339,True
"김삶, 정상희 바이올린 듀오 리사이틀",서양음악(클래식),경인,성남아트센터,0.4841,1,183.0,183.0,0.0,0.0,7,378,0.27541575149042985,0.2951757138374647,0.18641360301676208,28.31558337615049,22.31558337615049,0.12373968835930339,True
정상희 바이올린 독주회,서양음악(클래식),경인,성남아트센터,0.4841,1,183.0,183.0,0.0,0.0,7,378,0.27541575149042985,0.2951757138374647,0.18641360301676208,28.31558337615049,22.31558337615049,0.12373968835930339,True
정상희 바이올린 독주회,서양음악(클래식),경인,성남아트센터,0.4841,1,183.0,183.0,0.0,0.0,7,378,0.27541575149042985,0.2951757138374647,0.18641360301676208,28.31558337615049,22.31558337615049,0.12373968835930339,True
김삶 바이올린 독주회: 모차르트 소나타 전곡 시리즈,서양음악(클래식),경인,성남아트센터,0.4841,1,183.0,183.0,0.0,0.0,7,378,0.27541575149042985,0.2951757138374647,0.18641360301676208,28.31558337615049,22.31558337615049,0.12373968835930339,True
제25회 안동시립합창단 정기공연,서양음악(클래식),영남,안동문화예술의전당,0.3491,1,347.0,347.0,0.0,0.0,7,994,0.1860161071017676,0.38595204476519196,0.18641360301676208,24.9082759951653,22.312726624770114,0.19609756097560976,True
영덕군민오케스트라 창단연주회,서양음악(클래식),영남,예주문화예술회관,0.3917,1,208.0,208.0,0.0,0.0,4,531,0.21319684133458844,0.31405841439180004,0.18641360301676208,24.89273599230399,22.297186621908804,0.1951219512195122,True
"고전과 낭만사이, 베토벤 & 라흐마니노프 & 프로코피예프 피아노협주곡 No.3",서양음악(클래식),서울,롯데콘서트홀,0.1965,1,400.0,400.0,0.0,0.0,6,2036,0.08619652755987868,0.4134530906808911,0.18641360301676208,16.138544327319295,22.138544327319295,0.35545454545454547,True
"제28회 베세토 페스티벌, 세메테이",연극,호남,국립아시아문화전당,0.18645,2,352.0,176.0,0.0,0.0,6,944,0.08105846668758498,0.5277886727329777,0.18641360301676208,17.14995783789146,22.096703337339022,0.2868421052631579,True
"나는, 배우다! 2: 연두저고리와 다홍치마",연극,경인,수원SK아트리움,0.3267,4,392.0,98.0,0.0,0.0,5,300,0.1706019244848865,0.5933257504445142,0.18641360301676208,28.08714746635553,22.08714746635553,0.12007332722273144,True
제18회 대구초등교원오케스트라 정기연주회,서양음악(클래식),영남,대구학생문화센터,0.3258,1,446.0,446.0,0.0,0.0,2,1369,0.17014433636648887,0.42977460516682353,0.18641360301676208,24.648290186717354,22.052740816322167,0.19414634146341464,True
그대있음에 [대구],서양음악(클래식),영남,스트림 도미넌트 홀,0.5,1,50.0,50.0,0.0,0.0,0,100,0.2887511766551616,0.1943167555695011,0.18641360301676208,24.644406166989025,22.04885679659384,0.1926829268292683,True
젬스톤 음악 수영장 [부산],대중음악,영남,무대공감 소극장,0.5,1,50.0,50.0,0.0,0.0,2,100,0.2887511766551616,0.1943167555695011,0.18641360301676208,24.644406166989025,22.04885679659384,0.1926829268292683,True
우컴 뮤지컬 페스티벌 시즌2,뮤지컬,서울,한예극장,0.1486,7,490.0,70.0,0.0,0.0,0,471,0.06343478715615522,0.6450658926890492,0.18641360301676208,16.04124692508805,22.04124692508805,0.35454545454545455,True
페이스 타임,연극,서울,두산아트센터,0.1767,3,159.0,53.0,0.0,0.0,1,300,0.07734546595544399,0.4750169961301119,0.18641360301676208,15.986175471596992,21.986175471596994,0.35363636363636364,True
"산조대전, 별책부록: 산조 맛있게 먹는 법",한국음악(국악),서울,서울돈화문국악당,0.2899,1,40.0,40.0,0.0,0.0,6,138,0.14484625039221838,0.1851741449639159,0.18641360301676208,15.97998964314633,21.979989643146332,0.3527272727272727,True
"멜팅 라이브 X 가온스테이지: 기묘, 양지혜, 최솜, 영일",대중음악,서울,가온스테이지,0.3,1,30.0,30.0,0.0,0.0,1,100,0.1520107729317017,0.17128307708398705,0.18641360301676208,15.944481572918386,21.944481572918384,0.3518181818181818,True
"제847회 전남도립국악단 토요가무악희 시즌1, 그린국악",한국음악(국악),호남,남도소리울림터,0.2545,1,142.0,142.0,0.0,0.0,1,558,0.1236533835372869,0.27375666771258234,0.18641360301676208,16.99297760351947,21.939723102967037,0.28421052631578947,True
감성 포크 콘서트: Song for you [온양],대중음악,영남,온양문화복지센터,0.4255,1,120.0,120.0,0.0,0.0,3,282,0.23636387407174983,0.2591203848969773,0.18641360301676208,24.52162754896187,21.926078178566684,0.19121951219512195,True
제3회 Camerata 정기연주회,서양음악(클래식),경인,성남아트센터,0.4762,1,180.0,180.0,0.0,0.0,7,378,0.26963706725237946,0.2937245058048321,0.18641360301676208,27.902545795649523,21.902545795649523,0.11915673693858846,True
"제38회 별망성 전국음협 콩쿨 수장자 축하 뮤직페스티벌, 음협정기연주회",서양음악(클래식),경인,안산문화예술의전당,0.419,1,300.0,300.0,0.0,0.0,6,716,0.2333176445978454,0.36226597636230523,0.18641360301676208,27.821437715324155,21.821437715324155,0.11778185151237397,True
위드피아노 산본점 2주년 연주회 [안산],서양음악(클래식),경인,안산문화예술의전당,0.419,1,300.0,300.0,0.0,0.0,6,716,0.2333176445978454,0.36226597636230523,0.18641360301676208,27.821437715324155,21.821437715324155,0.11778185151237397,True
제6회 다온 클라리넷 앙상블 정기연주회,서양음악(클래식),경인,성남아트센터,0.3848,1,424.0,424.0,0.0,0.0,7,1102,0.20928773140884846,0.4223028448907018,0.18641360301676208,27.713786382635874,21.713786382635874,0.11640696608615948,True
"천안시충남국악관현악단, 공주시충남연정국악단 합동연주회: 이음 (二音) Ⅱ [천안]",한국음악(국악),충청,천안시성환문화회관,0.3746,1,245.0,245.0,0.0,0.0,2,654,0.20247620541784334,0.332222047902939,0.18641360301676208,24.682876844399427,21.709858499383536,0.136986301369863,True
"제20회 평창대관령음악제, 찾아가는 가족음악회 #1",서양음악(클래식),기타,평창문화예술회관,0.3133,1,141.0,141.0,0.0,0.0,7,450,0.16271833490220688,0.2730990482167137,0.18641360301676208,20.016584280267708,21.7045127043258,0.15853658536585366,True
제8회 안동청춘합창단 정기연주회 [안동],서양음악(클래식),영남,안동문화예술의전당,0.337,1,335.0,335.0,0.0,0.0,7,994,0.1784593661750863,0.3812362723564481,0.18641360301676208,24.17693781754258,21.581388447147393,0.1902439024390244,True
제18회 아우름 정기연주회,서양음악(클래식),경인,성남아트센터,0.3829,1,422.0,422.0,0.0,0.0,7,1102,0.20761426629013702,0.42149748980232193,0.18641360301676208,27.5595621049595,21.5595621049595,0.1154903758020165,True
"비엔나 전통 여성 앙상블, 디비너린넨 내한공연 [안동]",서양음악(클래식),영남,안동문화예술의전당,0.336,1,334.0,334.0,0.0,0.0,7,994,0.17788411254052924,0.3809591046961615,0.18641360301676208,24.12312903159531,21.527579661200125,0.18926829268292683,True
"부산가야금병창 보존회, 호국보훈의 달 기념공연: 향수",한국음악(국악),영남,국립부산국악원,0.3586,1,246.0,246.0,0.0,0.0,5,686,0.192971446501412,0.33259204058152914,0.18641360301676208,23.991675131557873,21.396125761162686,0.1878048780487805,True
"음악으로 느끼는 문화다양성, 이자람의 판소리 라운지",한국음악(국악),영남,국립부산국악원,0.3586,1,246.0,246.0,0.0,0.0,5,686,0.192971446501412,0.33259204058152914,0.18641360301676208,23.991675131557873,21.396125761162686,0.1878048780487805,True
"제70회 교사음악회, 스승과 제자가 함께하는 힐링 콘서트 [대구]",서양음악(클래식),영남,대구학생문화센터,0.3156,1,432.0,432.0,0.0,0.0,2,1369,0.16384269427884113,0.4250431440225918,0.18641360301676208,23.989956184115215,21.39440681372003,0.18634146341463415,True
첼리스트 김해은 & 기타리스트 장대건 듀오콘서트: 시와 음악 Ⅰ,서양음악(클래식),영남,신세계 문화홀 8층 [대구],0.3867,1,174.0,174.0,0.0,0.0,10,450,0.21051668235540216,0.29085869678903886,0.18641360301676208,23.957678457555716,21.36212908716053,0.18536585365853658,True
"사물놀이 몰개, 길 The Way",한국음악(국악),충청,충주시문화회관,0.27675,2,492.0,246.0,0.0,0.0,1,889,0.13643970295994143,0.5792045811107625,0.18641360301676208,24.327487294787616,21.354468949771725,0.1324200913242009,True
"대한민국 청소년 교향악 축제, 안동&영주&청송 꿈의오케스트라 합동공연",서양음악(클래식),영남,안동문화예술의전당,0.331,1,329.0,329.0,0.0,0.0,7,994,0.17315134400167345,0.3793327057839138,0.18641360301676208,23.695377700936703,21.099828330541516,0.18439024390243902,True
강태홍의 소리,한국음악(국악),영남,국립부산국악원,0.3528,1,242.0,242.0,0.0,0.0,5,686,0.188866227382073,0.3305511975734756,0.18641360301676208,23.625884537050872,21.030335166655686,0.18292682926829268,True
"제11회 월남참전 60주년 기념공연, 향수",한국음악(국악),영남,국립부산국악원,0.3528,1,242.0,242.0,0.0,0.0,5,686,0.188866227382073,0.3305511975734756,0.18641360301676208,23.625884537050872,21.030335166655686,0.18292682926829268,True
新판소리 HOT갈라쇼 [서울],한국음악(국악),서울,서울생활문화센터 서교,0.1852,2,60.0,30.0,0.0,0.0,1,162,0.08048321305302793,0.37075881183976567,0.18641360301676208,14.827221529073059,20.827221529073057,0.3509090909090909,True
"제3회 올댓클래식 페스티벌, 올댓클래식 트리오의 밤 [성남]",서양음악(클래식),경인,성남아트센터,0.4524,1,171.0,171.0,0.0,0.0,7,378,0.2538698880870202,0.28970165254680474,0.18641360301676208,26.76375859549563,20.76375859549563,0.1145737855178735,True
테너 김정규의 대화가 있는 독창회 [대구],서양음악(클래식),영남,수성아트피아,0.3987,1,120.0,120.0,0.0,0.0,3,301,0.21766813094864554,0.2591203848969773,0.18641360301676208,23.3387472570099,20.743197886614713,0.18146341463414634,True
"제22회 경기인형극제, 늙은 개 [수원]",연극,경인,경기상상캠퍼스 M3,0.4,2,40.0,20.0,0.0,0.0,3,50,0.21981225813199456,0.3583607886204372,0.18641360301676208,26.72756153703037,20.72756153703037,0.11365719523373052,True
"부산시립청소년교향악단 특별연주회, 유망주음악회-Ensemble",서양음악(클래식),영남,부산문화회관,0.378,1,155.0,155.0,0.0,0.0,7,410,0.20462033260119233,0.28216975211797934,0.18641360301676208,23.268771476861623,20.673222106466437,0.18048780487804877,True
"음악교사와 함께하는 힐링콘서트, 음악 한가운데서 다시 만난 우리 [대구]",서양음악(클래식),영남,대구학생문화센터,0.3031,1,415.0,415.0,0.0,0.0,2,1369,0.156638949900638,0.4195115573684761,0.18641360301676208,23.22936990607599,20.633820535680805,0.1795121951219512,True
제27회 대구시립국악단 협주곡의 밤: THE-NEXT-GUGAK-人,한국음악(국악),영남,대구문화예술회관,0.3224,1,325.0,325.0,0.0,0.0,2,1008,0.1677518042045811,0.3780057002405606,0.18641360301676208,23.21665562292631,20.621106252531124,0.17853658536585365,True
제1회 두드림 음악학원 정기연주회,서양음악(클래식),경인,안산문화예술의전당,0.5214,1,73.0,73.0,0.0,0.0,6,140,0.305276644702437,0.21667320363978665,0.18641360301676208,26.615720651714586,20.615720651714586,0.11274060494958753,True
"포항시립교향악단, 협주곡의 밤",서양음악(클래식),영남,포항문화예술회관,0.3237,1,315.0,315.0,0.0,0.0,4,973,0.1687323501725761,0.3733814454554963,0.18641360301676208,23.18355896765168,20.588009597256494,0.1775609756097561,True
제18회 중앙 어울림오케스트라 정기연주회,서양음악(클래식),영남,대구콘서트하우스,0.3053,1,392.0,392.0,0.0,0.0,7,1284,0.15823397134190983,0.41077162430708086,0.18641360301676208,23.175014310648564,20.579464940253377,0.17658536585365853,True
goodsaxo Ensemble 신년 연주회 [안산],서양음악(클래식),경인,보노마루,0.4926,1,100.0,100.0,0.0,0.0,1,203,0.28137747097583937,0.2421307917581843,0.18641360301676208,26.496810635730355,20.496810635730355,0.11044912923923006,True
드로잉: X (쇼케이스),뮤지컬,경인,보노마루,0.4926,1,100.0,100.0,0.0,0.0,1,203,0.28137747097583937,0.2421307917581843,0.18641360301676208,26.496810635730355,20.496810635730355,0.11044912923923006,True
이음 [안산],무용(서양/한국무용),경인,보노마루,0.4926,1,100.0,100.0,0.0,0.0,1,203,0.28137747097583937,0.2421307917581843,0.18641360301676208,26.496810635730355,20.496810635730355,0.11044912923923006,True
나눔베이커리 [안산],연극,경인,보노마루,0.4926,1,100.0,100.0,0.0,0.0,1,203,0.28137747097583937,0.2421307917581843,0.18641360301676208,26.496810635730355,20.496810635730355,0.11044912923923006,True
정서연 피아노 독주회,서양음악(클래식),서울,세종문화회관,0.2212,1,98.0,98.0,0.0,0.0,3,443,0.10321880556427152,0.23584876058989646,0.18641360301676208,14.365102752840691,20.36510275284069,0.34954545454545455,True
정서연 피아노 독주회,서양음악(클래식),서울,세종문화회관,0.2212,1,98.0,98.0,0.0,0.0,3,443,0.10321880556427152,0.23584876058989646,0.18641360301676208,14.365102752840691,20.36510275284069,0.34954545454545455,True
"두산아트랩, 메이크 홈, 스위트 홈",연극,서울,두산아트센터,0.1367,6,246.0,41.0,0.0,0.0,1,300,0.05827057839138165,0.5559891747725134,0.18641360301676208,14.364685820253653,20.364685820253655,0.3481818181818182,True
"사물놀이 몰개, Sound Project: 파랑 (波浪)",한국음악(국악),충청,충주시문화회관,0.333,1,296.0,296.0,0.0,0.0,1,889,0.17451103441062651,0.3568206777533731,0.18641360301676208,23.23131219812904,20.25829385311315,0.1278538812785388,True
그중에 그대를 만나,서양음악(클래식),영남,첼리스트의 서재,0.5,1,15.0,15.0,0.0,0.0,0,30,0.2887511766551616,0.16059904821671372,0.18641360301676208,22.835548331856632,20.239998961461446,0.17560975609756097,True
고인돌대장 모로,뮤지컬,호남,고창문화의전당,0.2224,1,139.0,139.0,0.0,0.0,2,625,0.10387250287626817,0.271089582679636,0.18641360301676208,15.24563399690551,20.192379496353077,0.28157894736842104,True
이옥규 피아노 독주회,서양음악(클래식),경인,성남아트센터,0.4392,1,166.0,166.0,0.0,0.0,7,378,0.24505804832130532,0.28749607781612807,0.18641360301676208,26.122464756298637,20.122464756298637,0.10815765352887259,True
"바리톤 임봉석 독창회, 희비애환",서양음악(클래식),영남,대구문화예술회관,0.4017,1,96.0,96.0,0.0,0.0,2,239,0.22230938186382176,0.23465772408743857,0.18641360301676208,22.716876465629397,20.12132709523421,0.1746341463414634,True
"부산시립국악관현악단, 다함께 행복한 음악회",한국음악(국악),영남,부산문화회관,0.3295,1,258.0,258.0,0.0,0.0,7,783,0.17210542830247882,0.33960621273925323,0.18641360301676208,22.587438947824598,19.99188957742941,0.17365853658536584,True
"제2회 대구 창작 뮤지컬 페스타, 히든 러브 창작 리딩공연",뮤지컬,영남,봉산문화회관,0.4625,1,37.0,37.0,0.0,0.0,2,80,0.2601976780671478,0.18243776801589795,0.18641360301676208,22.57500993789495,19.979460567499764,0.17268292682926828,True
아를레키노의 비밀,연극,서울,남산예술센터 드라마센터,0.2114,1,100.0,100.0,0.0,0.0,0,473,0.09563591674511035,0.2421307917581843,0.18641360301676208,13.867322766849103,19.867322766849103,0.3472727272727273,True
최선경 플루트 리사이틀,서양음악(클래식),서울,꿈의숲아트센터,0.2259,1,68.0,68.0,0.0,0.0,8,301,0.1056244116724192,0.20829280409998957,0.18641360301676208,13.858884916261434,19.858884916261434,0.3459090909090909,True
플루티스트 정주혁 리사이틀,서양음악(클래식),서울,꿈의숲아트센터,0.2259,1,68.0,68.0,0.0,0.0,8,301,0.1056244116724192,0.20829280409998957,0.18641360301676208,13.858884916261434,19.858884916261434,0.3459090909090909,True
신관웅 재즈 콰르텟,대중음악,영남,신세계 문화홀 8층 [대구],0.3556,1,160.0,160.0,0.0,0.0,10,450,0.19055276644702437,0.28459366175086287,0.18641360301676208,22.37171326393862,19.776163893543433,0.17170731707317075,True
"제1회 부산교육가족예술축제, 부산교육동요제",서양음악(클래식),영남,부산학생예술문화회관,0.3073,1,307.0,307.0,0.0,0.0,5,999,0.1594367743959837,0.3703639786633197,0.18641360301676208,22.33595860320354,19.740409232808354,0.17073170731707318,True
제43회 대구여성오케스트라 정기연주회: ROMANCE,서양음악(클래식),영남,대구콘서트하우스,0.2983,1,383.0,383.0,0.0,0.0,7,1284,0.14995816337203222,0.4059591046961615,0.18641360301676208,22.334435594481693,19.738886224086507,0.16975609756097562,True
"세월호 참사 10주기 4월 연극제, 2014년 생 [안산]",연극,경인,안산문화예술의전당,0.3571,2,100.0,50.0,0.0,0.0,6,140,0.1917555695010982,0.39984834222361676,0.18641360301676208,25.728052423349123,19.728052423349123,0.10724106324472961,True
마술로 하나되는 지구촌 세상 [부산],서커스/마술,영남,부산예술대학교 원곡예술관,0.3367,1,200.0,200.0,0.0,0.0,0,594,0.17819788725028762,0.3075135969040895,0.18641360301676208,22.16599646528279,19.570447094887605,0.16878048780487806,True
"대구교원오케스트라, SYMPHONY CONCERT [대구]",서양음악(클래식),영남,대구학생문화센터,0.2915,1,399.0,399.0,0.0,0.0,2,1369,0.14577450057525362,0.41244116724192026,0.18641360301676208,22.09803922999439,19.502489859599205,0.1678048780487805,True
"한화와 함께하는 교향악축제, The Wave, 심포니 송 (04.20) (영상화)",서양음악(클래식),호남,국립아시아문화전당,0.2419,1,60.0,60.0,0.0,0.0,6,248,0.11495920928773141,0.2027965171007217,0.18641360301676208,14.426150465205112,19.372895964652677,0.2789473684210526,True
"제876회 전남도립국악단 토요가무악희 시즌1, 그린국악",한국음악(국악),호남,남도소리울림터,0.2151,1,120.0,120.0,0.0,0.0,1,558,0.0975577868423805,0.2591203848969773,0.18641360301676208,14.419752151933027,19.36649765138059,0.27631578947368424,True
온드림스테이지 [부산],서양음악(클래식),영남,부산문화회관,0.2872,1,407.0,407.0,0.0,0.0,7,1417,0.14322508105846668,0.417002667085033,0.18641360301676208,21.961751801034602,19.366202430639415,0.16682926829268294,True
"이남영-lnydancegroup, 시선의 틈 [평택]",무용(서양/한국무용),경인,팽성국제교류센터,0.4286,1,150.0,150.0,0.0,0.0,0,350,0.2382988181152599,0.27857964648049366,0.18641360301676208,25.366052455097808,19.366052455097808,0.10632447296058661,True
"공공외교랩소디, Melodies without Borders [서울]",대중음악,서울,노들섬,0.1425,2,130.0,65.0,0.0,0.0,4,456,0.06079385001568874,0.4182577659240665,0.18641360301676208,13.14902024319311,19.14902024319311,0.34454545454545454,True
제3회 판교여성합창단 정기연주회,서양음악(클래식),경인,성남아트리움 (구. 성남시민회관),0.3829,1,247.0,247.0,0.0,0.0,10,645,0.20761426629013702,0.33298425896872713,0.18641360301676208,25.079784314221982,19.079784314221982,0.10540788267644363,True
김지훈 바흐 첼로 무반주 조곡 전곡 리사이틀2,서양음악(클래식),경인,성남아트센터,0.4153,1,157.0,157.0,0.0,0.0,7,378,0.23119966530697625,0.2829881811525991,0.18641360301676208,25.066842932072177,19.066842932072177,0.10449129239230064,True
비르투오소 오케스트라 창단20주년 기념연주회,서양음악(클래식),경인,성남아트센터,0.343,1,378.0,378.0,0.0,0.0,7,1102,0.18219851479970714,0.40424641773873027,0.18641360301676208,25.06024840323859,19.06024840323859,0.10357470210815765,True
Korea US Stars 아티스트 콘서트,서양음악(클래식),서울,롯데콘서트홀,0.1503,1,306.0,306.0,0.0,0.0,6,2036,0.06517362200606631,0.3699403828051459,0.18641360301676208,13.052563392386391,19.05256339238639,0.34363636363636363,True
"한화와 함께하는 교향악축제, The Wave, 서울시립교향악단 (04.19) (영상화)",서양음악(클래식),호남,국립아시아문화전당,0.2339,1,58.0,58.0,0.0,0.0,6,248,0.10975577868423805,0.20050988390335742,0.18641360301676208,13.967245006269662,18.913990505717226,0.2736842105263158,True
"제31회 젊은연극제, 행인두부의 마음",연극,서울,열린극장,0.15,2,45.0,22.5,0.0,0.0,1,150,0.06468988599518878,0.3611546909319109,0.18641360301676208,12.870017443368026,18.870017443368027,0.3427272727272727,True
제11회 수성청소년오케스트라 정기연주회,서양음악(클래식),영남,수성아트피아,0.2916,1,338.0,338.0,0.0,0.0,3,1159,0.14585294425269324,0.3826770212320887,0.18641360301676208,21.452705662049468,18.85715629165428,0.16585365853658537,True
아프리카 리듬과 열정을 Anya Fo! [울산],대중음악,영남,울산광역시학생교육문화회관,0.313,1,221.0,221.0,0.0,0.0,2,706,0.1625222257086079,0.32080064846773354,0.18641360301676208,21.332499875031637,18.73695050463645,0.1648780487804878,True
김준희 해금 독주회 [성남],한국음악(국악),경인,성남아트센터,0.4074,1,154.0,154.0,0.0,0.0,7,378,0.22646689676812048,0.28184421085660494,0.18641360301676208,24.71761053411606,18.71761053411606,0.10265811182401467,True
"광명전통무형유산전수관 개관 1주년 기념 공연, 풍류향연",한국음악(국악),경인,광명전통무형유산전수관,0.5,1,50.0,50.0,0.0,0.0,0,100,0.2887511766551616,0.1943167555695011,0.18641360301676208,24.644406166989025,18.644406166989025,0.10174152153987168,True
회수조,연극,경인,광명문화예술교육지원센터 광명극장,0.3958,1,190.0,190.0,0.0,0.0,1,283,0.21565474322769584,0.2994430498901789,0.18641360301676208,24.591278247206336,18.591278247206336,0.10036663611365719,True
회수조,연극,경인,광명문화예술교육지원센터 광명극장,0.3958,1,190.0,190.0,0.0,0.0,1,480,0.21565474322769584,0.2994430498901789,0.18641360301676208,24.591278247206336,18.591278247206336,0.10036663611365719,True
피아노 앙상블 Son clair 창단 연주회,서양음악(클래식),서울,꿈의숲아트센터,0.2027,1,61.0,61.0,0.0,0.0,8,301,0.09089007426001464,0.20448959313879303,0.18641360301676208,12.5712469940019,18.5712469940019,0.3418181818181818,True
심관섭 피아노 클래스,서양음악(클래식),경인,성남아트센터,0.4048,1,153.0,153.0,0.0,0.0,7,378,0.2239436251438134,0.28141407802531115,0.18641360301676208,24.537004941584588,18.537004941584588,0.09899175068744272,True
신윤원 윤혜경 두오 리사이틀,서양음악(클래식),경인,성남아트센터,0.4021,1,152.0,152.0,0.0,0.0,7,378,0.2225970086811003,0.2805930342014434,0.18641360301676208,24.419813817781915,18.419813817781915,0.09715857011915674,True
신윤원 & 윤혜경 피아노 듀오 리사이틀: 88 77 66 [성남],서양음악(클래식),경인,성남아트센터,0.4021,1,152.0,152.0,0.0,0.0,7,378,0.2225970086811003,0.2805930342014434,0.18641360301676208,24.419813817781915,18.419813817781915,0.09715857011915674,True
신윤원 윤혜경 두오 연주회 [성남],서양음악(클래식),경인,성남아트센터,0.4021,1,152.0,152.0,0.0,0.0,7,378,0.2225970086811003,0.2805930342014434,0.18641360301676208,24.419813817781915,18.419813817781915,0.09715857011915674,True
평화누리 피크닉 페스티벌: 피크닉존,대중음악,경인,파주 임진각 평화누리,0.2649,1,7946.0,7946.0,0.0,0.0,5,30000,0.1290398493881393,0.6355127601715302,0.18641360301676208,24.416534219157846,18.416534219157846,0.09532538955087076,True
"부산시립청소년교향악단 특별연주회, 유망주음악회: 동행",서양음악(클래식),영남,부산문화회관,0.3341,1,137.0,137.0,0.0,0.0,7,410,0.17657671791653592,0.26983840602447445,0.18641360301676208,20.921921545666603,18.326372175271416,0.16390243902439025,True
피아니스트 김민주 제자음악회,서양음악(클래식),서울,푸르지오아트홀,0.2,1,56.0,56.0,0.0,0.0,6,280,0.08885053864658508,0.19928354774605167,0.18641360301676208,12.273957565057817,18.273957565057817,0.3409090909090909,True
"제2회 대구창작뮤지컬페스타, 사랑꽃",뮤지컬,영남,봉산문화회관,0.4125,1,33.0,33.0,0.0,0.0,2,80,0.22977460516682355,0.18032240351427675,0.18641360301676208,20.85456291797944,18.259013547584253,0.1629268292682927,True
"제27회 천마피아노연구회 정기연주회, 그녀들의 열망",서양음악(클래식),영남,수성아트피아,0.3455,1,104.0,104.0,0.0,0.0,3,301,0.1834797615312206,0.24942082418157097,0.18641360301676208,20.745599248526226,18.15004987813104,0.16195121951219513,True
제28회 대구중등교사합창단 정기연주회 [대구],서양음악(클래식),영남,대구학생문화센터,0.271,1,371.0,371.0,0.0,0.0,2,1369,0.132229892270683,0.40128255412613745,0.18641360301676208,20.614741727288486,18.0191923568933,0.16097560975609757,True
제31회 김천시립교향악단 정기연주회,서양음악(클래식),영남,김천시문화예술회관,0.2909,1,270.0,270.0,0.0,0.0,6,928,0.14544765191925532,0.34342511243593765,0.18641360301676208,20.509583846380583,17.914034475985396,0.16,True
"제9회 대구 플루트 뮤직페어, 신인음악회",서양음악(클래식),영남,수성아트피아,0.3389,1,102.0,102.0,0.0,0.0,3,301,0.17983213053027927,0.24836575672000838,0.18641360301676208,20.46242312086997,17.866873750474785,0.15853658536585366,True
제5회 메조소프라노 김선의 독창회 [대구],서양음악(클래식),영남,수성아트피아,0.3389,1,102.0,102.0,0.0,0.0,3,301,0.17983213053027927,0.24836575672000838,0.18641360301676208,20.46242312086997,17.866873750474785,0.15853658536585366,True
"문화가 있는 날 작은 음악회, 하우스 콘서트 바이올린 & 피아노 (11월)",서양음악(클래식),호남,군산예술의전당,0.1667,1,200.0,200.0,0.0,0.0,4,1200,0.07233814454554963,0.3075135969040895,0.18641360301676208,12.90524186315217,17.851987362599736,0.2657894736842105,True
"문화가 있는날, 하우스콘서트: 현의 향연 [군산] (7월)",서양음악(클래식),호남,군산예술의전당,0.1667,1,200.0,200.0,0.0,0.0,4,1200,0.07233814454554963,0.3075135969040895,0.18641360301676208,12.90524186315217,17.851987362599736,0.2657894736842105,True
"문화가 있는 날 작은 음악회, 하우스 콘서트 콜라식 (8월)",서양음악(클래식),호남,군산예술의전당,0.1667,1,200.0,200.0,0.0,0.0,4,1200,0.07233814454554963,0.3075135969040895,0.18641360301676208,12.90524186315217,17.851987362599736,0.2657894736842105,True
문화가 있는날 [군산] (6월),서양음악(클래식),호남,군산예술의전당,0.1667,1,200.0,200.0,0.0,0.0,4,1200,0.07233814454554963,0.3075135969040895,0.18641360301676208,12.90524186315217,17.851987362599736,0.2657894736842105,True
"하우스 콘서트: 노르웨이, 베르겐으로 가는 길 with 하모니카 [군산] (1월)",서양음악(클래식),호남,군산예술의전당,0.1667,1,200.0,200.0,0.0,0.0,4,1200,0.07233814454554963,0.3075135969040895,0.18641360301676208,12.90524186315217,17.851987362599736,0.2657894736842105,True
색소폰 앙상블 페스티벌,서양음악(클래식),서울,영산아트홀,0.1672,1,100.0,100.0,0.0,0.0,4,598,0.0732010249973852,0.2421307917581843,0.18641360301676208,11.812186797058283,17.81218679705828,0.34,True
제13회 스페란자챔버오케스트라 정기연주회,서양음악(클래식),서울,광림아트센터,0.1648,1,101.0,101.0,0.0,0.0,6,613,0.07071697521179793,0.2478310323187951,0.18641360301676208,11.67821536606859,17.678215366068592,0.3390909090909091,True
제15회 대구학생국악단 정기연주회,한국음악(국악),영남,대구학생문화센터,0.2652,1,363.0,363.0,0.0,0.0,2,1369,0.12919673674301851,0.3978650245790189,0.18641360301676208,20.260270144096452,17.664720773701266,0.15707317073170732,True
권씨부인 [안동],연극,영남,안동문화예술의전당,0.25365,2,140.0,70.0,0.0,0.0,7,276,0.12294739044033051,0.4244587386256668,0.18641360301676208,20.182073376330585,17.5865240059354,0.15609756097560976,True
"음악으로 느끼는 문화다양성, 세계민속음악 여정",서양음악(클래식),영남,국립부산국악원,0.2974,1,204.0,204.0,0.0,0.0,5,686,0.1496443886622738,0.31170510406861207,0.18641360301676208,20.06937404935524,17.473824678960053,0.1551219512195122,True
국립오페라스튜디오와 함께하는 오페라 드림 갈라 콘서트,서양음악(클래식),서울,서울아트센터,0.1459,1,158.0,158.0,0.0,0.0,0,1083,0.06225813199456124,0.2833477146741973,0.18641360301676208,11.414201556244901,17.4142015562449,0.3381818181818182,True
"대한민국 청소년 교향악 축제, 칠곡 석적초등학교 소리빛오케스트라",서양음악(클래식),영남,안동문화예술의전당,0.2797,1,278.0,278.0,0.0,0.0,7,994,0.13821775964857233,0.34637982428616254,0.18641360301676208,19.959945199756195,17.36439582936101,0.15414634146341463,True
"한화와 함께하는 교향악축제, The Wave, 국립심포니오케스트라 (04.12) (영상화)",서양음악(클래식),호남,국립아시아문화전당,0.2016,1,50.0,50.0,0.0,0.0,6,248,0.09040633824913712,0.1943167555695011,0.18641360301676208,12.27788122664775,17.224626726095316,0.2578947368421053,True
제8회 롯데장학재단과 함께하는 청춘열전 출사표 결선 경연,한국음악(국악),서울,국립국악원,0.152,1,100.0,100.0,0.0,0.0,7,658,0.0661149461353415,0.2421307917581843,0.18641360301676208,11.112193567394465,17.112193567394463,0.3372727272727273,True
"해금, 가까이 듣기: 산조와 민요2 [성남]",한국음악(국악),경인,성남아트센터,0.3783,1,143.0,143.0,0.0,0.0,7,378,0.20479029390231146,0.2744456646794268,0.18641360301676208,23.023331752919105,17.023331752919105,0.09440879926672777,True
"제873회 전남도립국악단 토요가무악희 시즌1, 그린국악",한국음악(국악),호남,남도소리울림터,0.1738,1,97.0,97.0,0.0,0.0,1,558,0.07603807133145069,0.23543823867796257,0.18641360301676208,11.95004265982277,16.896788159270336,0.25526315789473686,True
"ACC 아시아콘텐츠 공연개발 시범공연, 속삭임의 식탁",연극,호남,국립아시아문화전당,0.1578,1,149.0,149.0,0.0,0.0,6,944,0.06798452044765192,0.2771336680263571,0.18641360301676208,11.926739648595039,16.873485148042604,0.25263157894736843,True
제2회 아시아스크린댄스,무용(서양/한국무용),호남,국립아시아문화전당,0.11826667,3,88.0,29.33,0.0,0.0,6,248,0.05026932329254262,0.43484468151866956,0.18641360301676208,11.915588275814228,16.862333775261792,0.25,True
막 [춘천],연극,기타,춘천문화예술회관,0.2106,1,198.0,198.0,0.0,0.0,3,940,0.09533521598159188,0.3040620750967472,0.18641360301676208,15.161316533133826,16.84924495719192,0.1524390243902439,True
안동시 유네스코 그랜드 슬램 1주년 기념 콘서트,서양음악(클래식),영남,안동문화예술의전당,0.2716,1,270.0,270.0,0.0,0.0,7,994,0.13266133249660078,0.34342511243593765,0.18641360301676208,19.40793963625842,16.812390265863232,0.15317073170731707,True
치유와 평화를 위한 평화음악회 [서울],대중음악,서울,연세대학교 대강당,0.1231,1,202.0,202.0,0.0,0.0,7,1641,0.05300177805668863,0.3108997489802322,0.18641360301676208,10.755297109800496,16.755297109800495,0.33636363636363636,True
"안동문화예술의전당 문화예술교육축제, 마카다안동시민오케스트라 정기연주회: Fun한 콘서트 [안동]",서양음악(클래식),영남,안동문화예술의전당,0.2696,1,268.0,268.0,0.0,0.0,7,994,0.1316807865286058,0.34265897918627763,0.18641360301676208,19.304488277178216,16.70893890678303,0.1521951219512195,True
"춘천시립인형극단, 이머시브 오브제극 미토의 고백",연극,기타,KT&G 상상마당 [춘천],0.15,6,180.0,30.0,0.0,0.0,1,200,0.06468988599518878,0.5293562388871457,0.18641360301676208,14.996884469672466,16.68481289373056,0.14634146341463414,True
"춘천시립인형극단, 미토의 고백 (앵콜)",연극,기타,KT&G 상상마당 [춘천],0.16,4,128.0,32.0,0.0,0.0,1,200,0.06874280932956804,0.48203509047170795,0.18641360301676208,14.98193221361421,16.669860637672304,0.1402439024390244,True
안동청소년오케스트라 정기연주회,서양음악(클래식),영남,안동문화예술의전당,0.2686,1,267.0,267.0,0.0,0.0,7,994,0.1308048321305303,0.3424001150507269,0.18641360301676208,19.221524673837806,16.62597530344262,0.15121951219512195,True
사맛디 콘서트,한국음악(국악),영남,예주문화예술회관,0.2957,1,157.0,157.0,0.0,0.0,4,531,0.14807551511348185,0.2829881811525991,0.18641360301676208,19.1865668159263,16.591017445531115,0.15024390243902438,True
한여름밤의 트롯콘서트,대중음악,영남,문경문화예술회관,0.2743,1,226.0,226.0,0.0,0.0,3,824,0.1346877941637904,0.32271859638113165,0.18641360301676208,19.104098163174836,16.50854879277965,0.14926829268292682,True
빛고을국악전수관 X 광주시립국악관현악단: 해설이 있는 국악콘서트 Ⅰ [광주],한국음악(국악),호남,빛고을국악전수관,0.1987,1,31.0,31.0,0.0,0.0,4,156,0.08766080953875117,0.172070128647631,0.18641360301676208,11.480623627056076,16.427369126503642,0.24736842105263157,True
"국악창작실내악 작품 공모 당선작 발표회, 조약돌Ⅱ [부산]",한국음악(국악),영남,국립부산국악원,0.3225,1,89.0,89.0,0.0,0.0,5,276,0.16788254366698044,0.22923595858173834,0.18641360301676208,19.01587972290461,16.420330352509424,0.14829268292682926,True
안동청춘합창단 정기연주회,서양음악(클래식),영남,안동문화예술의전당,0.2636,1,262.0,262.0,0.0,0.0,7,994,0.12854303943102185,0.3408848446815187,0.18641360301676208,18.987693652779594,16.392144282384407,0.1473170731707317,True
영도문화예술회관 절영홀 재개관 기념 공연,서양음악(클래식),영남,영도문화예술회관,0.3438,1,55.0,55.0,0.0,0.0,3,160,0.18262995502562493,0.19874490116096644,0.18641360301676208,18.891289591154635,16.29574022075945,0.14634146341463414,True
"쇼케이스, 잠자는 숲속의 미녀",무용(서양/한국무용),경인,광명시민회관,0.3453,1,183.0,183.0,0.0,0.0,7,530,0.18332287417634138,0.2951757138374647,0.18641360301676208,22.180035832516584,16.180035832516584,0.09349220898258478,True
안동꿈의오케스트라 정기연주회,서양음악(클래식),영남,안동문화예술의전당,0.2596,1,258.0,258.0,0.0,0.0,7,994,0.1264642819788725,0.33960621273925323,0.18641360301676208,18.774612416982624,16.179063046587437,0.14536585365853658,True
"한화와 함께하는 교향악축제, The Wave, 광주시립교향악단 (04.26) (영상화)",서양음악(클래식),호남,국립아시아문화전당,0.1815,1,45.0,45.0,0.0,0.0,6,248,0.07921504026775442,0.1893172785273507,0.18641360301676208,11.224336793314551,16.171082292762115,0.24473684210526317,True
교육체험관 개관 기념 명사 초청 시리즈 1,한국음악(국악),영남,국립부산국악원,0.3152,1,87.0,87.0,0.0,0.0,5,276,0.16368580692396192,0.22834562284279886,0.18641360301676208,18.700089737662143,16.104540367266956,0.144390243902439,True
"서울챔버앙상블, 영아티스트 피아노 콘체르토 갈라",서양음악(클래식),서울,광림아트센터,0.137,1,84.0,84.0,0.0,0.0,6,613,0.05841439180002092,0.2262315657358017,0.18641360301676208,10.039988053670529,16.039988053670527,0.33545454545454545,True
조윤범과 콰르텟엑스,서양음악(클래식),영남,신세계 문화홀 8층 [대구],0.2933,1,132.0,132.0,0.0,0.0,10,450,0.14662430708084928,0.2670078966635289,0.18641360301676208,18.635164290054497,16.03961491965931,0.14341463414634145,True
"치유와 평화를 위한 평화음악회, 위로 [군산]",대중음악,호남,군산예술의전당,0.1367,1,164.0,164.0,0.0,0.0,4,1200,0.05827057839138165,0.2866881079385002,0.18641360301676208,11.021316359714648,15.968061859162212,0.24210526315789474,True
앙상블 우리 송년 음악회 [서울],서양음악(클래식),서울,라율아트홀,0.1667,1,10.0,10.0,0.0,0.0,3,60,0.07233814454554963,0.16059904821671372,0.18641360301676208,9.952165874427232,15.952165874427232,0.33454545454545453,True
이건용 트롬본 독주회 [성남],서양음악(클래식),경인,성남아트리움 (구. 성남시민회관),0.3287,1,212.0,212.0,0.0,0.0,10,645,0.1716216922916013,0.31663528919569084,0.18641360301676208,21.9263849378226,15.9263849378226,0.0925756186984418,True
소프라노 김현정 체칠리아 독창회,서양음악(클래식),서울,일신홀,0.1587,1,30.0,30.0,0.0,0.0,1,189,0.06832444304989017,0.17128307708398705,0.18641360301676208,9.868052303063783,15.868052303063783,0.3336363636363636,True
"한화와 함께하는 교향악축제, The Wave, 코리안챔버오케스트라 (04.06) (영상화)",서양음악(클래식),호남,국립아시아문화전당,0.1734,1,43.0,43.0,0.0,0.0,6,248,0.0758811839765715,0.18817723041522855,0.18641360301676208,10.912073638009707,15.858819137457271,0.2394736842105263,True
"군산시립교향악단 하우스 캔들 콘서트 Ⅱ, 캔들시네마",서양음악(클래식),호남,군산예술의전당,0.1342,1,161.0,161.0,0.0,0.0,4,1200,0.057420771885786,0.2856212739253216,0.18641360301676208,10.908314143540759,15.855059642988323,0.23684210526315788,True
제9회 앙상블 무지카미아 정기연주회,서양음악(클래식),서울,영산아트홀,0.1338,1,80.0,80.0,0.0,0.0,4,598,0.057159292960987346,0.22215641669281458,0.18641360301676208,9.838200147574412,15.838200147574412,0.3327272727272727,True
비바와 함께하는 송년음악회 [안산],서양음악(클래식),경인,보노마루,0.3941,1,80.0,80.0,0.0,0.0,1,203,0.21466112331346093,0.22215641669281458,0.18641360301676208,21.76284071020684,15.762840710206842,0.09165902841429881,True
포항시립교향악단 협주곡의 밤,서양음악(클래식),영남,포항문화예술회관,0.2539,1,247.0,247.0,0.0,0.0,4,973,0.12339190461248824,0.33298425896872713,0.18641360301676208,18.354454522443714,15.758905152048529,0.1424390243902439,True
"제43회 대구음악제, 개막공연: 위풍당당",서양음악(클래식),영남,대구콘서트하우스,0.2414,1,310.0,310.0,0.0,0.0,7,1284,0.11465850852421294,0.37147526409371406,0.18641360301676208,18.349140790268827,15.753591419873642,0.14146341463414633,True
"배시시 명품극장, 베를린 필하모닉 카메라타",서양음악(클래식),영남,부산시민회관,0.2935,1,113.0,113.0,0.0,0.0,7,385,0.1467550465432486,0.2540110867064115,0.18641360301676208,18.276662648744026,15.68111327834884,0.1404878048780488,True
해설이 있는 봄의 오페라 여행,서양음악(클래식),경인,성남아트센터,0.3519,1,133.0,133.0,0.0,0.0,7,378,0.1883171216399958,0.26752823972387824,0.18641360301676208,21.671138978675927,15.671138978675927,0.09074243813015583,True
한벽히어로 [전주],한국음악(국악),호남,전주한벽문화관,0.1702,1,40.0,40.0,0.0,0.0,4,235,0.07414234912666039,0.1851741449639159,0.18641360301676208,10.69231991630914,15.639065415756704,0.23421052631578948,True
"모두페스티벌, 똑, 똑, 똑 [대구]",연극,영남,소극장 함세상,0.3571,1,25.0,25.0,0.0,0.0,3,70,0.1917555695010982,0.16891930760380713,0.18641360301676208,18.227223090377592,15.631673719982407,0.13951219512195123,True
온드림 스테이지 [세종],서양음악(클래식),충청,세종예술의전당,0.2521,1,270.0,270.0,0.0,0.0,1,1071,0.12192762263361573,0.34342511243593765,0.18641360301676208,18.44990282988696,15.476884484871068,0.1232876712328767,True
"한화와 함께하는 교향악축제, The Wave, 부천필하모닉오케스트라 (4.5) (영상화)",서양음악(클래식),호남,국립아시아문화전당,0.1653,1,41.0,41.0,0.0,0.0,6,248,0.07097845413659659,0.18729081686016108,0.18641360301676208,10.463633398574165,15.41037889802173,0.23157894736842105,True
트래블 콘서트: 부다페스트의 밤 [군산],서양음악(클래식),호남,군산예술의전당,0.125,1,150.0,150.0,0.0,0.0,4,1200,0.054126137433322875,0.27857964648049366,0.18641360301676208,10.423749709282902,15.370495208730466,0.225,True
"군산시립교향악단 하우스 캔들 콘서트 I, 그대에게 주는 음악 선물",서양음악(클래식),호남,군산예술의전당,0.125,1,150.0,150.0,0.0,0.0,4,1200,0.054126137433322875,0.27857964648049366,0.18641360301676208,10.423749709282902,15.370495208730466,0.225,True
"트래블 콘서트: 탱고의 도시, 부에노스 아리레스 [군산]",서양음악(클래식),호남,군산예술의전당,0.125,1,150.0,150.0,0.0,0.0,4,1200,0.054126137433322875,0.27857964648049366,0.18641360301676208,10.423749709282902,15.370495208730466,0.225,True
"군산시립교향악단, 하우스 캔들 콘서트 Ⅲ: MBTI CLASSIC",서양음악(클래식),호남,군산예술의전당,0.125,1,150.0,150.0,0.0,0.0,4,1200,0.054126137433322875,0.27857964648049366,0.18641360301676208,10.423749709282902,15.370495208730466,0.225,True
nadaebro 나대브로 The 1st Concert,서양음악(클래식),서울,금호아트홀 연세,0.1333,1,52.0,52.0,0.0,0.0,1,390,0.05671477878882962,0.19745581006170904,0.18641360301676208,9.341265424462918,15.341265424462918,0.33181818181818185,True
세레나트와 함께하는 음악으로 보고 미술로 듣다,서양음악(클래식),충청,천안예술의전당,0.2867,1,127.0,127.0,0.0,0.0,3,443,0.14308126764982743,0.2637577136282816,0.18641360301676208,18.273920673024868,15.300902328008977,0.1187214611872146,True
국립남도국악원 개원 20주년 기념 해외동포 및 국악단체 특별 초청공연: 한국을 가슴에 품다 [부산],한국음악(국악),영남,국립부산국악원,0.3007,1,83.0,83.0,0.0,0.0,5,276,0.15326587177073528,0.22547327685388557,0.18641360301676208,17.885673829349784,15.2901244589546,0.13853658536585367,True
각인 [인천 계양],뮤지컬,경인,계양문화회관,0.24025,2,382.0,191.0,0.0,0.0,2,795,0.11414862462085557,0.541985670954921,0.18641360301676208,21.285190025612167,15.285190025612167,0.08982584784601283,True
불완전 변태: Viva la vida,연극,경인,보노마루,0.2463,4,200.0,50.0,0.0,0.0,1,203,0.11821462190147475,0.5131641564689886,0.18641360301676208,21.26695167182118,15.266951671821179,0.08890925756186985,True
김지정 귀국 콘트라베이스 독주회,서양음악(클래식),영남,대구콘서트하우스,0.3024,1,75.0,75.0,0.0,0.0,7,248,0.15616828783600042,0.2178171739357808,0.18641360301676208,17.839905804004534,15.244356433609349,0.1375609756097561,True
김희성 파이프 오르간 독주회,서양음악(클래식),서울,이화여자대학교 김영의홀,0.1316,1,50.0,50.0,0.0,0.0,4,380,0.0561918209392323,0.1943167555695011,0.18641360301676208,9.230133103405134,15.230133103405134,0.33090909090909093,True
제1회 렛츠플루트 앙상블 정기연주회,서양음악(클래식),서울,세라믹팔레스홀,0.1272,1,51.0,51.0,0.0,0.0,6,401,0.054792908691559464,0.19706228427988706,0.18641360301676208,9.142732609187892,15.142732609187892,0.33,True
안동꿈의오케스트라 정기연주회: 울림콘서트,서양음악(클래식),영남,안동문화예술의전당,0.2455,1,244.0,244.0,0.0,0.0,7,994,0.11671111808388245,0.33166509779311787,0.18641360301676208,17.723408457003835,15.12785908660865,0.13658536585365855,True
나도피아노 정기연주회 [안산],서양음악(클래식),경인,보노마루,0.3793,1,77.0,77.0,0.0,0.0,1,203,0.20554858278422758,0.21876111285430397,0.18641360301676208,21.073503401208928,15.073503401208928,0.08799266727772685,True
"대한민국 청소년 교향악 축제, 안동&마루한&합천 청소년오케스트라 합동연주",서양음악(클래식),영남,안동문화예술의전당,0.2445,1,243.0,243.0,0.0,0.0,7,994,0.11607049471812572,0.3310061709026253,0.18641360301676208,17.650927757071837,15.055378386676653,0.13560975609756099,True
예진 영 아티스트 콘서트 1,서양음악(클래식),서울,거암아트홀,0.1389,1,20.0,20.0,0.0,0.0,5,144,0.05940801171425583,0.1667176550570024,0.18641360301676208,8.976347308982472,14.976347308982472,0.3290909090909091,True
탈춤연구소 쇼케이스,한국음악(국악),서울,금나래아트홀,0.0543,9,270.0,30.0,0.0,0.0,6,552,0.02502353310323188,0.5761191297981382,0.18641360301676208,8.774332652780412,14.774332652780412,0.3281818181818182,True
REPLAY 우리시대의 삽화 [부산],연극,영남,효로인디아트홀,0.1923,6,120.0,20.0,0.0,0.0,0,104,0.08457535822612697,0.5067173935780777,0.18641360301676208,17.308228993723205,14.71267962332802,0.13463414634146342,True
"한화와 함께하는 교향악축제, The Wave, 대전시립교향악단 (04.13) (영상화)",서양음악(클래식),호남,국립아시아문화전당,0.1492,1,37.0,37.0,0.0,0.0,6,248,0.06424537182303107,0.18243776801589795,0.18641360301676208,9.753287098151752,14.700032597599316,0.21842105263157896,True
"제2회 꿈의 무용단 정기공연, PLAY",무용(서양/한국무용),영남,예주문화예술회관,0.2618,1,139.0,139.0,0.0,0.0,4,531,0.1276017153017467,0.271089582679636,0.18641360301676208,17.24880605777626,14.653256687381075,0.13365853658536586,True
제19회 테헤란밸리 심포니 오케스트라 봄 정기연주회,서양음악(클래식),경인,성남아트센터,0.2813,1,310.0,310.0,0.0,0.0,7,1102,0.1391198619391277,0.37147526409371406,0.18641360301676208,20.6065573855824,14.606557385582398,0.08707607699358387,True
제33회 베누스토심포니오케스트라 정기연주회,서양음악(클래식),경인,성남아트센터,0.2795,1,308.0,308.0,0.0,0.0,7,1102,0.13806087229369313,0.37073004915803787,0.18641360301676208,20.495828730391196,14.495828730391196,0.08615948670944087,True
제27회 인천예술고등학교 음악과 정기연주회,서양음악(클래식),경인,아트센터 인천,0.2565,1,443.0,443.0,0.0,0.0,6,1727,0.125,0.4290934525677231,0.18641360301676208,20.472305933254383,14.472305933254383,0.08524289642529789,True
제1회 국민대학교 종합예술대학원 플루트 페다고지 앙상블 창단연주회,서양음악(클래식),서울,꿈의숲아트센터,0.1196,1,36.0,36.0,0.0,0.0,8,301,0.05089687271205941,0.18192788411254054,0.18641360301676208,8.471774095168893,14.471774095168893,0.32681818181818184,True
함윤미 피아노독주회: 모차르트 피아노소나타 전곡 시리즈 Ⅱ,서양음악(클래식),서울,꿈의숲아트센터,0.1196,1,36.0,36.0,0.0,0.0,8,301,0.05089687271205941,0.18192788411254054,0.18641360301676208,8.471774095168893,14.471774095168893,0.32681818181818184,True
Woon Kyung 遊 CHAMBER ORCHESTRA 정기연주회 [대구],서양음악(클래식),영남,대구콘서트하우스,0.2243,1,288.0,288.0,0.0,0.0,7,1284,0.10477460516682355,0.35285796464804936,0.18641360301676208,17.029174258983833,14.433624888588648,0.1326829268292683,True
제2회 금천연극제,연극,서울,금천뮤지컬센터,0.082475,8,130.0,16.25,0.0,0.0,3,197,0.02502353310323188,0.5191258759543981,0.18641360301676208,8.41624264077576,14.41624264077576,0.32545454545454544,True
"제2회 천안 태조산 연극제 참가작, 구멍",연극,충청,JB소극장,0.3333,1,30.0,30.0,0.0,0.0,0,90,0.17534776696998222,0.17128307708398705,0.18641360301676208,17.371044238895912,14.398025893880021,0.1141552511415525,True
새허생 이야기 [부산],한국음악(국악),영남,효로인디아트홀,0.1923,5,100.0,20.0,0.0,0.0,0,104,0.08457535822612697,0.48158403932643024,0.18641360301676208,16.959581903900535,14.36403253350535,0.13170731707317074,True
"온양문화복지센터 개관 15주년 기념, 추억 & 낭만 콘서트",대중음악,영남,온양문화복지센터,0.2837,1,80.0,80.0,0.0,0.0,3,282,0.1407802531115992,0.22215641669281458,0.18641360301676208,16.89618241917051,14.300633048775326,0.13073170731707318,True
Woon Kyung 遊 Chamber Orchestra 창단 연주회,서양음악(클래식),영남,대구콘서트하우스,0.222,1,285.0,285.0,0.0,0.0,7,1284,0.10355872816650978,0.3517218387197992,0.18641360301676208,16.88852646771236,14.292977097317175,0.12975609756097561,True
VIOLIN STUDIO Young Artist Concert,서양음악(클래식),경인,성남아트센터,0.328,1,124.0,124.0,0.0,0.0,7,378,0.17109873444200396,0.26200057525363457,0.18641360301676208,20.289389350898492,14.289389350898492,0.0843263061411549,True
눈의여왕 [서울 금천],뮤지컬,서울,레미어린이극장 [금천],0.0,16,0.0,0.0,,332063.0,10,194,0.02502353310323188,0.49953456751385844,,8.287726212075869,14.287726212075869,0.3236363636363636,True
"토들러 클래식 콘서트, 영유아 클래식 콘서트: Merry Christmas (12월) [목동]",서양음악(클래식),서울,엉클영버스튜디오,0.0,31,0.0,0.0,,483871.0,0,30,0.02502353310323188,0.49953456751385844,,8.287726212075869,14.287726212075869,0.3236363636363636,True
"토들러 클래식 콘서트, 영유아 클래식 콘서트: GHIBLI (11월) [목동]",서양음악(클래식),서울,엉클영버스튜디오,0.0,23,0.0,0.0,,579130.0,0,30,0.02502353310323188,0.49953456751385844,,8.287726212075869,14.287726212075869,0.3236363636363636,True
Coldplay & Oasis 오케스트라 FESTA [고양],서양음악(클래식),경인,고양아람누리,0.2622,1,380.0,380.0,0.0,0.0,6,1449,0.1278501202803054,0.40493933688944667,0.18641360301676208,20.275738037497714,14.275738037497714,0.08340971585701192,True
제31회 달서구립합창단 정기연주회 [대구],서양음악(클래식),영남,달서아트센터 (구. 웃는얼굴아트센터),0.2593,1,118.0,118.0,0.0,0.0,6,455,0.1263466164627131,0.25710438238677963,0.18641360301676208,16.787342897007466,14.191793526612281,0.12878048780487805,True
성냥팔이 소녀 [서울 금천],뮤지컬,서울,레미어린이극장 [금천],0.0,14,0.0,0.0,,468000.0,10,194,0.02502353310323188,0.48468256458529446,,8.18826964512879,14.18826964512879,0.32181818181818184,True
돼지바이러스,뮤지컬,서울,스타스테이지,0.0,12,0.0,0.0,,173667.0,0,182,0.02502353310323188,0.48151866959523065,,8.166847181269086,14.166847181269086,0.32045454545454544,True
Jazzy Chirstmas [사당],대중음악,서울,entry55 [사당],0.0,12,0.0,0.0,,1605300.0,3,88,0.02502353310323188,0.48151866959523065,,8.166847181269086,14.166847181269086,0.32045454545454544,True
"영남춤축제, 학술대회",무용(서양/한국무용),영남,국립부산국악원,0.2826,1,78.0,78.0,0.0,0.0,5,276,0.14007426001464282,0.21924223407593346,0.18641360301676208,16.756553198473725,14.16100382807854,0.1278048780487805,True
반짝반짝 달님이의 버블버블 마법의 솜사탕 [천호],뮤지컬,서울,현대백화점 문화홀 [천호],0.0,9,0.0,0.0,,605222.0,9,420,0.02502353310323188,0.47415803786214833,,8.116679991143124,14.116679991143124,0.3190909090909091,True
원테이블 매직,서커스/마술,서울,스튜디오 아르카나,0.0,8,0.0,0.0,,210000.0,0,6,0.02502353310323188,0.46992207928041,,8.087597275373874,14.087597275373874,0.3181818181818182,True
제13회 꿈의 오케스트라 군포 정기연주회,서양음악(클래식),경인,군포문화예술회관,0.2723,1,311.0,311.0,0.0,0.0,8,1142,0.13301432904507896,0.3718531011400481,0.18641360301676208,20.067238853131975,14.067238853131975,0.08249312557286893,True
뚝딱하니 용궁,뮤지컬,서울,업스테이지(UP Stage),0.0,6,0.0,0.0,,0.0,1,153,0.02502353310323188,0.4548151344001674,,7.982577434490552,13.982577434490551,0.31681818181818183,True
샌드아트 대탐험,서커스/마술,서울,맛있는 극장,0.0,6,0.0,0.0,,219450.0,0,50,0.02502353310323188,0.4548151344001674,,7.982577434490552,13.982577434490551,0.31681818181818183,True
"배다 인큐베이팅, 묻다, 배다, 나누다: 과정공유회",연극,서울,영등포아트홀,0.0754,3,119.0,39.67,0.0,0.0,5,526,0.02502353310323188,0.45332470452881496,0.18641360301676208,7.9721035624896075,13.972103562489607,0.31545454545454543,True
"앰비규어스 댄스컴퍼니, 미끼",무용(서양/한국무용),서울,KOCCA콘텐츠문화광장,0.0518,5,50.0,10.0,0.0,0.0,5,193,0.02502353310323188,0.4518381968413346,0.18641360301676208,7.961636653087388,13.961636653087389,0.3145454545454546,True
중간항로,연극,서울,동숭무대소극장,0.0,5,0.0,0.0,,0.0,3,150,0.02502353310323188,0.438087020186173,,7.863815785172015,13.863815785172015,0.3131818181818182,True
"제12회 성미산 동네연극축제, 수상한 부녀",연극,서울,성미산마을극장 향,0.0,5,0.0,0.0,,130000.0,2,101,0.02502353310323188,0.438087020186173,,7.863815785172015,13.863815785172015,0.3131818181818182,True
여기소,연극,서울,대학로 스카이씨어터,0.094225,4,49.0,12.25,0.0,0.0,0,130,0.02502353310323188,0.4343217236690723,0.18641360301676208,7.836710396644704,13.836710396644705,0.3118181818181818,True
"어썸페스티벌, 생일선물 [서울]",연극,서울,북촌창우극장,0.0,4,0.0,0.0,,63000.0,1,100,0.02502353310323188,0.42182956803681626,,7.74575907023103,13.745759070231031,0.31,True
서대문구민들이 바라는 장면,연극,서울,신촌문화발전소,0.0,4,0.0,0.0,,485000.0,4,50,0.02502353310323188,0.42182956803681626,,7.74575907023103,13.745759070231031,0.31,True
"제52회 목멱예술제: 우리가락, 우리춤",한국음악(국악),서울,국립국악원,0.0,4,0.0,0.0,,0.0,7,658,0.02502353310323188,0.42182956803681626,,7.74575907023103,13.745759070231031,0.31,True
"제21회 경기인형극제, 그것 참 좋타!",연극,경인,경기상상캠퍼스 M3,0.4,1,20.0,20.0,0.0,0.0,3,50,0.21981225813199456,0.1667176550570024,0.18641360301676208,19.67994053978205,13.679940539782049,0.08157653528872594,True
"대한민국 청소년 교향악 축제, 안동청소년오케스트라",서양음악(클래식),영남,안동문화예술의전당,0.2213,1,220.0,220.0,0.0,0.0,7,994,0.10325802740299132,0.32005281874280933,0.18641360301676208,16.23465100623854,13.639101635843355,0.12682926829268293,True
쉐프의 밥상 [영덕],한국음악(국악),영남,예주문화예술회관,0.2448,1,130.0,130.0,0.0,0.0,4,531,0.11638426942788412,0.2657436460621274,0.18641360301676208,16.192791600384503,13.597242229989318,0.12585365853658537,True
"공공외교랩소디, VIBE VOYAGE: 교류하는, 여행",대중음악,서울,노들섬,0.1096,2,100.0,50.0,0.0,0.0,4,456,0.02502353310323188,0.39984834222361676,0.18641360301676208,7.581712237922821,13.58171223792282,0.30818181818181817,True
프레스콜 [대학로],뮤지컬,서울,열린극장,0.0,3,0.0,0.0,,0.0,1,150,0.02502353310323188,0.39455077920719595,,7.541371565383483,13.541371565383482,0.30363636363636365,True
낭독극 시리즈: THE FLICK,연극,서울,산울림소극장,0.0,3,0.0,0.0,,392000.0,1,72,0.02502353310323188,0.39455077920719595,,7.541371565383483,13.541371565383482,0.30363636363636365,True
두잇아카펠라 크리스마스 특별 공연,대중음악,서울,두잇아카펠라 Abar,0.0,3,0.0,0.0,,407000.0,2,70,0.02502353310323188,0.39455077920719595,,7.541371565383483,13.541371565383482,0.30363636363636365,True
빨간코 루돌프와 산타크로스 [서울 서대문],뮤지컬,서울,서대문문화체육회관,0.0,3,0.0,0.0,,2658333.0,5,589,0.02502353310323188,0.39455077920719595,,7.541371565383483,13.541371565383482,0.30363636363636365,True
"토들러 클래식 콘서트, 잉글리쉬 토들러 클래식 콘서트 (11월) [목동]",서양음악(클래식),서울,엉클영버스튜디오,0.0,3,0.0,0.0,,385000.0,0,30,0.02502353310323188,0.39455077920719595,,7.541371565383483,13.541371565383482,0.30363636363636365,True
네가 있어 좋다,연극,서울,을지공간,0.0,3,0.0,0.0,,44000.0,2,45,0.02502353310323188,0.39455077920719595,,7.541371565383483,13.541371565383482,0.30363636363636365,True
낭독극 시리즈: FACE,연극,서울,산울림소극장,0.0,3,0.0,0.0,,380000.0,1,72,0.02502353310323188,0.39455077920719595,,7.541371565383483,13.541371565383482,0.30363636363636365,True
내가 선택한 해피엔딩,뮤지컬,서울,"제이원 씨어터 (구. 서완소극장, 구. 씨어터고리)",0.0,3,0.0,0.0,,130000.0,2,98,0.02502353310323188,0.39455077920719595,,7.541371565383483,13.541371565383482,0.30363636363636365,True
피부와 공간의 극작술 연구: 장면 셋,무용(서양/한국무용),서울,서강대 메리홀,0.0,3,0.0,0.0,,557667.0,1,428,0.02502353310323188,0.39455077920719595,,7.541371565383483,13.541371565383482,0.30363636363636365,True
제4회 판교여성합창단 정기연주회,서양음악(클래식),경인,성남아트센터,0.2668,1,294.0,294.0,0.0,0.0,7,1102,0.13013806087229368,0.35562833385629117,0.18641360301676208,19.455443745230504,13.455443745230504,0.08065994500458296,True
오페라 서곡 모음,서양음악(클래식),경인,보노마루,0.3448,1,70.0,70.0,0.0,0.0,1,203,0.18311369103650246,0.2124790816860161,0.18641360301676208,19.433855194032475,13.433855194032475,0.07974335472043996,True
"임직원 초대 뮤지컬 화가 시리즈: 모딜리아니, 에곤실레",뮤지컬,서울,서경대학교 공연예술센터,0.1136,2,60.0,30.0,0.0,0.0,4,264,0.02502353310323188,0.37075881183976567,0.18641360301676208,7.356068582795507,13.356068582795507,0.2990909090909091,True
EJ 음악학원 바이올린 연주회,서양음악(클래식),경인,안산문화예술의전당,0.3571,1,50.0,50.0,0.0,0.0,6,140,0.1917555695010982,0.1943167555695011,0.18641360301676208,19.27759678967246,13.277596789672462,0.07882676443629698,True
빨간 모자 [광주],뮤지컬,호남,레미어린이극장 [광주수완],0.0,21,0.0,0.0,,1618857.0,1,305,0.02502353310323188,0.49953456751385844,,8.287726212075869,13.234471711523433,0.2131578947368421,True
효성깊은 호랑이 [광주],뮤지컬,호남,롯데마트 [월드컵],0.0,21,0.0,0.0,,204143.0,0,50,0.02502353310323188,0.49953456751385844,,8.287726212075869,13.234471711523433,0.2131578947368421,True
팥죽할머니와 호랑이 [광주],뮤지컬,호남,레미어린이극장 [광주수완],0.0,18,0.0,0.0,,978333.0,1,305,0.02502353310323188,0.49953456751385844,,8.287726212075869,13.234471711523433,0.2131578947368421,True
개미와 베짱이: 스토리텔링 클래식 콘서트,서양음악(클래식),서울,자양스테이션(파리뮤직포럼),0.0,2,0.0,0.0,,220000.0,0,50,0.02502353310323188,0.3425033992260224,,7.126480996436832,13.126480996436833,0.2840909090909091,True
"강윤주의 전통춤, 화무화폭 花舞畵幅",무용(서양/한국무용),서울,국립국악원,0.0,2,0.0,0.0,,2600000.0,7,130,0.02502353310323188,0.3425033992260224,,7.126480996436832,13.126480996436833,0.2840909090909091,True
코미디 서커스 퍼포먼스 멋!,서커스/마술,서울,송파어린이문화회관,0.0,2,0.0,0.0,,660000.0,1,154,0.02502353310323188,0.3425033992260224,,7.126480996436832,13.126480996436833,0.2840909090909091,True
"제1회 대한민국가족연극제, 동행",연극,서울,"시온아트홀 (구. JK아트홀, 구. 샘아트홀)",0.0,2,0.0,0.0,,0.0,1,144,0.02502353310323188,0.3425033992260224,,7.126480996436832,13.126480996436833,0.2840909090909091,True
MJ 매직쇼,서커스/마술,서울,송파어린이문화회관,0.0,2,0.0,0.0,,1020000.0,1,154,0.02502353310323188,0.3425033992260224,,7.126480996436832,13.126480996436833,0.2840909090909091,True
두번째달 연말 콘서트: 내 인생의 BGM [서울 마포],대중음악,서울,벨로주 [홍대] (구. 왓에버),0.0,2,0.0,0.0,,3828000.0,3,123,0.02502353310323188,0.3425033992260224,,7.126480996436832,13.126480996436833,0.2840909090909091,True
"제62회 민족예술대제전, 나 린 빛들이 모이니",한국음악(국악),서울,국립국악원,0.0,2,0.0,0.0,,0.0,7,658,0.02502353310323188,0.3425033992260224,,7.126480996436832,13.126480996436833,0.2840909090909091,True
"제2회 어썸페스티벌, 해봄연극제 공식참가작 05. 어떤 액션",연극,서울,올림아트센터 (구.스튜디오76),0.0,2,0.0,0.0,,84000.0,1,210,0.02502353310323188,0.3425033992260224,,7.126480996436832,13.126480996436833,0.2840909090909091,True
"제12회 성미산 동네연극축제, 우리는 처음 만났거나 너무 오래 알았다",연극,서울,성미산마을극장 향,0.0,2,0.0,0.0,,65000.0,2,101,0.02502353310323188,0.3425033992260224,,7.126480996436832,13.126480996436833,0.2840909090909091,True
전통공연예술문화학교 수료식 및 발표회,한국음악(국악),서울,국립국악원,0.0,2,0.0,0.0,,0.0,7,658,0.02502353310323188,0.3425033992260224,,7.126480996436832,13.126480996436833,0.2840909090909091,True
이야기해결단 모여라! (12월),연극,서울,Bibistudio,0.0,2,0.0,0.0,,171000.0,0,12,0.02502353310323188,0.3425033992260224,,7.126480996436832,13.126480996436833,0.2840909090909091,True
"토들러 클래식 콘서트, 잉글리쉬 토들러 클래식 콘서트: Merry Christmas (12월) [목동]",서양음악(클래식),서울,엉클영버스튜디오,0.0,2,0.0,0.0,,665000.0,0,30,0.02502353310323188,0.3425033992260224,,7.126480996436832,13.126480996436833,0.2840909090909091,True
"제15회 우리춤대축제, 우리춤의 미래와 명작명무",무용(서양/한국무용),서울,국립국악원,0.0,2,0.0,0.0,,19190000.0,7,658,0.02502353310323188,0.3425033992260224,,7.126480996436832,13.126480996436833,0.2840909090909091,True
SOHA BIRTHDAY LIVE,대중음악,서울,웨스트브릿지 라이브홀,0.0,2,0.0,0.0,,4500000.0,0,160,0.02502353310323188,0.3425033992260224,,7.126480996436832,13.126480996436833,0.2840909090909091,True
ZERO Birthday Live: ゼロフィリア,대중음악,서울,프리즘홀 (프리즘플러스),0.0,2,0.0,0.0,,2050000.0,1,80,0.02502353310323188,0.3425033992260224,,7.126480996436832,13.126480996436833,0.2840909090909091,True
"제24회 전통예술제전, 무아",한국음악(국악),서울,국립국악원,0.0,2,0.0,0.0,,0.0,7,658,0.02502353310323188,0.3425033992260224,,7.126480996436832,13.126480996436833,0.2840909090909091,True
한국예술종합학교 전통예술원 무용과 정기발표회: 효명전집,무용(서양/한국무용),서울,국립국악원,0.0,2,0.0,0.0,,0.0,7,658,0.02502353310323188,0.3425033992260224,,7.126480996436832,13.126480996436833,0.2840909090909091,True
"제23회 전통예술제전, 잇다",한국음악(국악),서울,국립국악원,0.0,2,0.0,0.0,,0.0,7,658,0.02502353310323188,0.3425033992260224,,7.126480996436832,13.126480996436833,0.2840909090909091,True
"제2회 어썸페스티벌, 해봄연극제 공식참가작 04. 선인장 키우기",연극,서울,올림아트센터 (구.스튜디오76),0.0,2,0.0,0.0,,36000.0,1,210,0.02502353310323188,0.3425033992260224,,7.126480996436832,13.126480996436833,0.2840909090909091,True
MoIM Concert,대중음악,서울,문화비축기지,0.0,2,0.0,0.0,,50000.0,3,250,0.02502353310323188,0.3425033992260224,,7.126480996436832,13.126480996436833,0.2840909090909091,True
버블쇼: 시간여행자,서커스/마술,서울,송파어린이문화회관,0.0,2,0.0,0.0,,1472000.0,1,154,0.02502353310323188,0.3425033992260224,,7.126480996436832,13.126480996436833,0.2840909090909091,True
傳說이 된 그녀들 (12.07),한국음악(국악),서울,민속극장풍류,0.0,2,0.0,0.0,,1425000.0,1,164,0.02502353310323188,0.3425033992260224,,7.126480996436832,13.126480996436833,0.2840909090909091,True
대한민국 전통연희축제,한국음악(국악),서울,국립국악원,0.0,2,0.0,0.0,,0.0,7,130,0.02502353310323188,0.3425033992260224,,7.126480996436832,13.126480996436833,0.2840909090909091,True
RIKO Birthday Live: 겨울나기,대중음악,서울,프리즘홀 (프리즘플러스),0.0,2,0.0,0.0,,2250000.0,1,80,0.02502353310323188,0.3425033992260224,,7.126480996436832,13.126480996436833,0.2840909090909091,True
"전통춤판, 목멱에서 노닐다 Ⅳ",무용(서양/한국무용),서울,국립국악원,0.0,2,0.0,0.0,,6930000.0,7,231,0.02502353310323188,0.3425033992260224,,7.126480996436832,13.126480996436833,0.2840909090909091,True
케이소리 (K-소리) 단독 콘서트: 꽃길만 걸어요,한국음악(국악),서울,송파어린이문화회관,0.0,2,0.0,0.0,,432000.0,1,154,0.02502353310323188,0.3425033992260224,,7.126480996436832,13.126480996436833,0.2840909090909091,True
클라운진의 벌룬여행,서커스/마술,서울,송파어린이문화회관,0.0,2,0.0,0.0,,356000.0,1,154,0.02502353310323188,0.3425033992260224,,7.126480996436832,13.126480996436833,0.2840909090909091,True
클라운진의 벌룬여행,서커스/마술,서울,송파어린이문화회관,0.0,2,0.0,0.0,,356000.0,1,154,0.02502353310323188,0.3425033992260224,,7.126480996436832,13.126480996436833,0.2840909090909091,True
Kyuhee Salon [서울 (앵콜) ],서양음악(클래식),서울,뮤직앤아트스튜디오,0.0,2,0.0,0.0,,573750.0,3,20,0.02502353310323188,0.3425033992260224,,7.126480996436832,13.126480996436833,0.2840909090909091,True
"제12회 성미산 동네연극축제, 유원지에서 생긴 일",연극,서울,성미산마을극장 향,0.0,2,0.0,0.0,,115000.0,2,101,0.02502353310323188,0.3425033992260224,,7.126480996436832,13.126480996436833,0.2840909090909091,True
"제12회 성미산 동네연극축제, 헤이!! 미키!",연극,서울,성미산마을극장 향,0.0,2,0.0,0.0,,150000.0,2,101,0.02502353310323188,0.3425033992260224,,7.126480996436832,13.126480996436833,0.2840909090909091,True
LILIY AIRLINEへ ようこそ!,대중음악,서울,웨스트브릿지 라이브홀,0.0,2,0.0,0.0,,3290000.0,0,160,0.02502353310323188,0.3425033992260224,,7.126480996436832,13.126480996436833,0.2840909090909091,True
"춘천문화예술회관 개관 30주년, 우리 여기에: 다섯째날 전시장으로",서양음악(클래식),기타,춘천문화예술회관,0.1489,1,140.0,140.0,0.0,0.0,3,940,0.06411463236063174,0.27211719485409475,0.18641360301676208,11.430801626274043,13.118730050332138,0.13414634146341464,True
토요국악나들이,한국음악(국악),호남,국립민속국악원,0.0,12,0.0,0.0,,0.0,1,644,0.02502353310323188,0.48151866959523065,,8.166847181269086,13.11359268071665,0.20789473684210527,True
매직프렌즈 마술쇼 시즌 3: THE CLASSIC,서커스/마술,호남,드림팩토리,0.0,10,0.0,0.0,,0.0,0,94,0.02502353310323188,0.47734154377157206,,8.138434457926165,13.085179957373729,0.2026315789473684,True
백설공주 [광주 수완],뮤지컬,호남,레미어린이극장 [광주수완],0.0,10,0.0,0.0,,1247700.0,1,305,0.02502353310323188,0.47734154377157206,,8.138434457926165,13.085179957373729,0.2026315789473684,True
백설공주 [광주 수완],뮤지컬,호남,레미어린이극장 [광주수완],0.0,10,0.0,0.0,,1247700.0,1,305,0.02502353310323188,0.47734154377157206,,8.138434457926165,13.085179957373729,0.2026315789473684,True
아시아스크린댄스: 아시아의 춤추는 도시,무용(서양/한국무용),호남,국립아시아문화전당,0.04031667,6,60.0,10.0,0.0,0.0,6,248,0.02502353310323188,0.4723865181466374,0.18641360301676208,8.10453635455792,13.051281854005484,0.19736842105263158,True
제21회 테헤란밸리 심포니 오케스트라,서양음악(클래식),경인,성남아트센터,0.2595,1,286.0,286.0,0.0,0.0,7,1102,0.1264250601401527,0.3522081895199247,0.18641360301676208,19.046697365625946,13.046697365625946,0.07791017415215398,True
"차와 이야기가 있는 국악콘서트, 다담 [전북 남원]",한국음악(국악),호남,국립민속국악원,0.0,8,0.0,0.0,,0.0,1,100,0.02502353310323188,0.46992207928041,,8.087597275373874,13.034342774821438,0.19342105263157894,True
"차와 이야기가 있는 국악콘서트, 다담 [전북 남원]",한국음악(국악),호남,국립민속국악원,0.0,8,0.0,0.0,,0.0,1,100,0.02502353310323188,0.46992207928041,,8.087597275373874,13.034342774821438,0.19342105263157894,True
"겨울 연극 페스티벌, 분장실 청소 & 크리스마스에 30만원을 만날 확률 [광주]",연극,호남,예술극장 통,0.0,7,0.0,0.0,,391714.0,1,100,0.02502353310323188,0.46595413659659035,,8.060211643950318,13.006957143397882,0.18947368421052632,True
인도네시아의 음악과 춤,대중음악,영남,국립부산국악원,0.2572,1,71.0,71.0,0.0,0.0,5,276,0.1254445141721577,0.21522330300177805,0.18641360301676208,15.56778127514179,12.972231904746605,0.1248780487804878,True
제3회 TENUTO 정기연주회,서양음악(클래식),경인,성남아트센터,0.2577,1,284.0,284.0,0.0,0.0,7,1102,0.12570599309695638,0.35089818010668344,0.18641360301676208,18.953352348877328,12.953352348877328,0.076993583868011,True
홍길동 [장성],뮤지컬,호남,장성문화예술회관,0.0,6,0.0,0.0,,427167.0,7,684,0.02502353310323188,0.4548151344001674,,7.982577434490552,12.929322933938117,0.1868421052631579,True
KSC 신인아티스트 콘서트,서양음악(클래식),서울,롯데콘서트홀,0.1031,1,210.0,210.0,0.0,0.0,6,2036,0.02502353310323188,0.3156678171739358,0.18641360301676208,6.897652321348419,12.897652321348419,0.2690909090909091,True
케이팝 월드 페스티벌 & 뮤직뱅크 [창원],대중음악,영남,창원스포츠파크,0.1199,2,6497.0,3248.5,0.0,0.0,7,27085,0.05098839033573894,0.8174171111808388,0.18641360301676208,15.468929885123725,12.87338051472854,0.12390243902439024,True
소리판 완창무대,한국음악(국악),호남,국립민속국악원,0.0,5,0.0,0.0,,0.0,1,100,0.02502353310323188,0.438087020186173,,7.863815785172015,12.81056128461958,0.18421052631578946,True
제8회 안동청소년오케스트라 정기연주회,서양음악(클래식),영남,안동문화예술의전당,0.2103,1,209.0,209.0,0.0,0.0,7,994,0.09524369835791235,0.3149905867587073,0.18641360301676208,15.368121335092322,12.772571964697137,0.12292682926829268,True
"ACC 국제공동 창·제작 시범공연, 숨바꼭질",한국음악(국악),호남,국립아시아문화전당,0.08055,2,152.0,76.0,0.0,0.0,6,944,0.02502353310323188,0.43203247568246,0.18641360301676208,7.820161722637799,12.766907222085363,0.18157894736842106,True
제78주년 광복절 기념 음악회 [송파],서양음악(클래식),서울,롯데콘서트홀,0.0923,1,188.0,188.0,0.0,0.0,6,2036,0.02502353310323188,0.29790947599623474,0.18641360301676208,6.739736290747237,12.739736290747237,0.2681818181818182,True
"겨울연극페스티벌, 지상 최후의 농담 [광주]",연극,호남,예술극장 통,0.0,4,0.0,0.0,,214350.0,1,100,0.02502353310323188,0.42182956803681626,,7.74575907023103,12.692504569678594,0.17763157894736842,True
"제6회 판놀음 별별창극, 이도 [남원]",뮤지컬,호남,국립민속국악원,0.0,4,0.0,0.0,,0.0,1,644,0.02502353310323188,0.42182956803681626,,7.74575907023103,12.692504569678594,0.17763157894736842,True
수원아카데미오케스트라,서양음악(클래식),경인,성남아트센터,0.2541,1,280.0,280.0,0.0,0.0,7,1102,0.12352264407488757,0.3477552034306035,0.18641360301676208,18.687766647160778,12.687766647160778,0.076076993583868,True
ACC 아시아콘텐츠 시범공연: 어디로나 흐르는 광주 & 사사로운 사서,연극,호남,국립아시아문화전당,0.06145,2,116.0,58.0,0.0,0.0,6,944,0.02502353310323188,0.4101715301746679,0.18641360301676208,7.659411140113741,12.606156639561306,0.1723684210526316,True
캐리와 친구들: 빠라밤 유치원 [보성],뮤지컬,호남,보성군문화예술회관,0.1167,2,116.0,58.0,0.0,0.0,6,497,0.02502353310323188,0.4101715301746679,0.18641360301676208,7.659411140113741,12.606156639561306,0.1723684210526316,True
아름다운별리 [안산],연극,경인,보노마루,0.33,1,67.0,67.0,0.0,0.0,1,203,0.17234075933479762,0.2075998849492731,0.18641360301676208,18.566226513355694,12.566226513355694,0.07516040329972502,True
제12회 영남교사플루트오케스트라 정기연주회,서양음악(클래식),영남,대구학생문화센터,0.1987,1,272.0,272.0,0.0,0.0,2,1369,0.08766080953875117,0.34432459993724507,0.18641360301676208,15.152019020207405,12.55646964981222,0.12195121951219512,True
마카다안동시민오케스트라 정기연주회,서양음악(클래식),영남,안동문화예술의전당,0.2072,1,206.0,206.0,0.0,0.0,7,994,0.09272042673360527,0.3126581947495032,0.18641360301676208,15.07763339461557,12.482084024220384,0.12097560975609756,True
"한국사가 흐르는 콘서트, 고양오페라단",서양음악(클래식),영남,예주문화예술회관,0.2241,1,119.0,119.0,0.0,0.0,4,531,0.10474845727434369,0.2576011923438971,0.18641360301676208,15.013008442274645,12.41745907187946,0.12,True
위풍당당 콘서트,서양음악(클래식),서울,롯데콘서트홀,0.0594,1,121.0,121.0,0.0,0.0,6,2036,0.02502353310323188,0.2607049471812572,0.18641360301676208,6.389529593630557,12.389529593630556,0.26681818181818184,True
서울오케스트라와 함께 하는 심장병 환우 돕기 후원 음악회: 라이징스타 첼로 페스티벌,서양음악(클래식),서울,롯데콘서트홀,0.0594,1,121.0,121.0,0.0,0.0,6,2036,0.02502353310323188,0.2607049471812572,0.18641360301676208,6.389529593630557,12.389529593630556,0.26681818181818184,True
제1회 국제합창축제,서양음악(클래식),서울,예술의전당 [서울],0.0399,1,100.0,100.0,0.0,0.0,10,2505,0.02502353310323188,0.2421307917581843,0.18641360301676208,6.20339143120877,12.20339143120877,0.26545454545454544,True
"국립국악관현악단 관현악시리즈 Ⅳ, 탄, 명작의 생",한국음악(국악),서울,국립극장,0.0737,1,90.0,90.0,0.0,0.0,5,1221,0.02502353310323188,0.2301903566572534,0.18641360301676208,6.079166346094668,12.079166346094668,0.26454545454545453,True
윈터클래식데이즈 [전주],서양음악(클래식),호남,더바인홀,0.0,2,0.0,0.0,,1842500.0,0,80,0.02502353310323188,0.3425033992260224,,7.126480996436832,12.073226495884395,0.15526315789473685,True
강강숲에 떨어진 달님 [남원],한국음악(국악),호남,국립민속국악원,0.0,2,0.0,0.0,,0.0,1,644,0.02502353310323188,0.3425033992260224,,7.126480996436832,12.073226495884395,0.15526315789473685,True
염쟁이 유씨 [군산],연극,호남,군산예술의전당,0.0,2,0.0,0.0,,0.0,4,450,0.02502353310323188,0.3425033992260224,,7.126480996436832,12.073226495884395,0.15526315789473685,True
윈터재즈데이즈 [전주],대중음악,호남,더바인홀,0.0,2,0.0,0.0,,824000.0,0,80,0.02502353310323188,0.3425033992260224,,7.126480996436832,12.073226495884395,0.15526315789473685,True
"국립민속국악원 꿈나무 무대: 차세대 명인, 명창",한국음악(국악),호남,국립민속국악원,0.0,2,0.0,0.0,,0.0,1,100,0.02502353310323188,0.3425033992260224,,7.126480996436832,12.073226495884395,0.15526315789473685,True
레미제라블 [해남],무용(서양/한국무용),호남,해남문화예술회관,0.0,2,0.0,0.0,,1315000.0,3,698,0.02502353310323188,0.3425033992260224,,7.126480996436832,12.073226495884395,0.15526315789473685,True
매직프렌즈 마술쇼 겨울방학 특집: 어린왕자,서커스/마술,호남,드림팩토리,0.0,2,0.0,0.0,,474000.0,0,94,0.02502353310323188,0.3425033992260224,,7.126480996436832,12.073226495884395,0.15526315789473685,True
"오누이 콘서트 시즌1, 우리들의 학창시절: 김용임, 진성 [여수]",대중음악,호남,예울마루,0.0,2,0.0,0.0,,10428000.0,7,1021,0.02502353310323188,0.3425033992260224,,7.126480996436832,12.073226495884395,0.15526315789473685,True
소리판 명창무대 [남원],한국음악(국악),호남,국립민속국악원,0.0,2,0.0,0.0,,0.0,1,100,0.02502353310323188,0.3425033992260224,,7.126480996436832,12.073226495884395,0.15526315789473685,True
"국립민속국악원, 지지지 [남원]",한국음악(국악),호남,국립민속국악원,0.0,2,0.0,0.0,,0.0,1,644,0.02502353310323188,0.3425033992260224,,7.126480996436832,12.073226495884395,0.15526315789473685,True
"햄릿, 나는 죽이지 않았다. [광주]",연극,호남,예술극장 통,0.0,2,0.0,0.0,,35000.0,1,100,0.02502353310323188,0.3425033992260224,,7.126480996436832,12.073226495884395,0.15526315789473685,True
제7회 침산윈드오케스트라 정기연주회,서양음악(클래식),영남,대구콘서트하우스,0.1924,1,247.0,247.0,0.0,0.0,7,1284,0.08462765401108671,0.33298425896872713,0.18641360301676208,14.637835512019171,12.042286141623986,0.11902439024390243,True
제4회 더 싱어즈 정기연주회,서양음악(클래식),서울,영산아트홀,0.1137,1,68.0,68.0,0.0,0.0,4,598,0.02502353310323188,0.20829280409998957,0.18641360301676208,5.840888066571154,11.840888066571154,0.2631818181818182,True
소프라노 조정선 독창회,서양음악(클래식),서울,영산아트홀,0.1137,1,68.0,68.0,0.0,0.0,4,598,0.02502353310323188,0.20829280409998957,0.18641360301676208,5.840888066571154,11.840888066571154,0.2631818181818182,True
제6회 슈누포 정기연주회,서양음악(클래식),경인,성남아트센터,0.2432,1,268.0,268.0,0.0,0.0,7,1102,0.11540372345988913,0.34265897918627763,0.18641360301676208,17.83514890259275,11.83514890259275,0.07424381301558204,True
제42회 대구국제성악콩쿠르 본선 연주회,서양음악(클래식),영남,대구콘서트하우스,0.1406,2,361.0,180.5,0.0,0.0,7,1284,0.06008785691873235,0.5345282920196632,0.18641360301676208,14.403243657979475,11.80769428758429,0.11804878048780487,True
앙상블 라움 정기연주회,서양음악(클래식),서울,영산아트홀,0.1003,1,60.0,60.0,0.0,0.0,4,598,0.02502353310323188,0.2027965171007217,0.18641360301676208,5.778742911948552,11.778742911948552,0.26181818181818184,True
"국립심포니오케스트라, 국립합창단: 가을밤, 시 그리고 낭만",서양음악(클래식),서울,국립극단 [명동],0.0914,1,50.0,50.0,0.0,0.0,6,547,0.02502353310323188,0.1943167555695011,0.18641360301676208,5.680849412657389,11.68084941265739,0.26045454545454544,True
온드림 실내악 시리즈 Ⅰ,서양음악(클래식),서울,예술의전당 [서울],0.0833,1,50.0,50.0,0.0,0.0,10,600,0.02502353310323188,0.1943167555695011,0.18641360301676208,5.680849412657389,11.68084941265739,0.26045454545454544,True
"소프라노 정주희 독창회, 내 마음에 한 마음 있어ⅡLieder Abend",서양음악(클래식),서울,광림아트센터,0.0783,1,48.0,48.0,0.0,0.0,6,613,0.02502353310323188,0.19098682146219015,0.18641360301676208,5.641707127987504,11.641707127987505,0.2590909090909091,True
손다빈 피아노 독주회,서양음악(클래식),서울,금호아트홀 연세,0.1026,1,40.0,40.0,0.0,0.0,1,100,0.02502353310323188,0.1851741449639159,0.18641360301676208,5.572387587324681,11.57238758732468,0.25727272727272726,True
손다빈 피아노 독주회,서양음악(클래식),서울,금호아트홀 연세,0.1026,1,40.0,40.0,0.0,0.0,1,390,0.02502353310323188,0.1851741449639159,0.18641360301676208,5.572387587324681,11.57238758732468,0.25727272727272726,True
노지영 피아노 독주회: Classic X Jazz,서양음악(클래식),서울,금호아트홀 연세,0.1026,1,40.0,40.0,0.0,0.0,1,390,0.02502353310323188,0.1851741449639159,0.18641360301676208,5.572387587324681,11.57238758732468,0.25727272727272726,True
"필, 연: 반드시 피어날 꽃 [부산]",한국음악(국악),영남,부산시민회관,0.2208,1,85.0,85.0,0.0,0.0,7,385,0.10308806610187218,0.22725525572638847,0.18641360301676208,14.142644014642073,11.547094644246888,0.11707317073170732,True
제18회 양지중학교 들뫼소리제,서양음악(클래식),경인,안산문화예술의전당,0.2206,1,347.0,347.0,0.0,0.0,6,1573,0.10303577031691245,0.38595204476519196,0.18641360301676208,17.474556080931418,11.474556080931418,0.07332722273143905,True
"봄의 클래식 향기, Plus Show: 봄 꽃피고 새가 울면 [서울]",서양음악(클래식),서울,반포심산아트홀,0.0741,1,30.0,30.0,0.0,0.0,3,405,0.02502353310323188,0.17128307708398705,0.18641360301676208,5.401258459543783,11.401258459543783,0.25545454545454543,True
트래블 콘서트: 바다가 보이는 마을 [군산],서양음악(클래식),호남,군산예술의전당,0.11,1,132.0,132.0,0.0,0.0,4,1200,0.02502353310323188,0.2670078966635289,0.18641360301676208,6.450877861705101,11.397623361152665,0.1394736842105263,True
김현경 플루트 독주회,서양음악(클래식),서울,꿈의숲아트센터,0.093,1,28.0,28.0,0.0,0.0,8,301,0.02502353310323188,0.17016133249660076,0.18641360301676208,5.387081278203753,11.387081278203752,0.2545454545454545,True
함윤미 피아노 독주회: 모차르트 피아노소나타 전곡시리즈 I,서양음악(클래식),서울,꿈의숲아트센터,0.0864,1,26.0,26.0,0.0,0.0,8,301,0.02502353310323188,0.16947102813513232,0.18641360301676208,5.378328969408395,11.378328969408395,0.25227272727272726,True
Viola Solo Recital I,서양음악(클래식),서울,꿈의숲아트센터,0.0864,1,26.0,26.0,0.0,0.0,8,301,0.02502353310323188,0.16947102813513232,0.18641360301676208,5.378328969408395,11.378328969408395,0.25227272727272726,True
김희정 이주원 피아노 듀오 리사이틀,서양음악(클래식),서울,꿈의숲아트센터,0.0864,1,26.0,26.0,0.0,0.0,8,301,0.02502353310323188,0.16947102813513232,0.18641360301676208,5.378328969408395,11.378328969408395,0.25227272727272726,True
김소영 & 김은아 조인트 피아노 리사이틀: The Memory,서양음악(클래식),서울,꿈의숲아트센터,0.0864,1,26.0,26.0,0.0,0.0,8,301,0.02502353310323188,0.16947102813513232,0.18641360301676208,5.378328969408395,11.378328969408395,0.25227272727272726,True
아벨 체임버 프로젝트 앙상블 콘서트 2,서양음악(클래식),서울,꿈의숲아트센터,0.0664,1,20.0,20.0,0.0,0.0,8,301,0.02502353310323188,0.1667176550570024,0.18641360301676208,5.343204721457174,11.343204721457173,0.25,True
사랑해요 당신 [인천],연극,경인,인천동구문화체육센터,0.202,2,200.0,100.0,0.0,0.0,1,495,0.09053707771153645,0.45802478820207093,0.18641360301676208,17.31615547646072,11.316155476460722,0.07241063244729606,True
제6회 까메라타 정기연주회,서양음악(클래식),경인,성남아트센터,0.2751,1,104.0,104.0,0.0,0.0,7,378,0.13530226963706726,0.24942082418157097,0.18641360301676208,17.280493183644825,11.280493183644825,0.07103574702108158,True
제7회 카메라타 정기연주회 [성남],서양음악(클래식),경인,성남아트센터,0.2751,1,104.0,104.0,0.0,0.0,7,378,0.13530226963706726,0.24942082418157097,0.18641360301676208,17.280493183644825,11.280493183644825,0.07103574702108158,True
AMAXG 코리아 모던 필하모닉 오케스트라 콘서트,서양음악(클래식),서울,상명아트센터,0.0007,1,1.0,1.0,0.0,0.0,4,1464,0.02502353310323188,0.16059904821671372,0.18641360301676208,5.263884649917155,11.263884649917156,0.125,True
기억 속에 불어오는 바람,연극,서울,스튜디오 QDA(구. 춤공장),0.1,1,2.0,2.0,0.0,0.0,0,20,0.02502353310323188,0.16059904821671372,0.18641360301676208,5.263884649917155,11.263884649917156,0.125,True
황인정 피아노 독주회,서양음악(클래식),서울,꿈의숲아트센터,0.0199,1,6.0,6.0,0.0,0.0,8,301,0.02502353310323188,0.16059904821671372,0.18641360301676208,5.263884649917155,11.263884649917156,0.125,True
황인정 피아노 독주회,서양음악(클래식),서울,꿈의숲아트센터,0.0199,1,6.0,6.0,0.0,0.0,8,301,0.02502353310323188,0.16059904821671372,0.18641360301676208,5.263884649917155,11.263884649917156,0.125,True
"제45회 서울무용제, 남판여판춤판",무용(서양/한국무용),서울,아르코예술극장,0.0273,1,3.0,3.0,0.0,0.0,2,110,0.02502353310323188,0.16059904821671372,0.18641360301676208,5.263884649917155,11.263884649917156,0.125,True
이유엔밴드 크리스마스 기념공연: Joy to the world,대중음악,서울,수상한거리 2호점,0.0125,1,1.0,1.0,0.0,0.0,0,80,0.02502353310323188,0.16059904821671372,0.18641360301676208,5.263884649917155,11.263884649917156,0.125,True
(재)세향 국악오케스트라 정기연주회,한국음악(국악),서울,국립국악원,0.0,1,0.0,0.0,,44000000.0,7,658,0.02502353310323188,0.16059904821671372,,5.263884649917155,11.263884649917156,0.125,True
Fantastic 孝 Dinner show 희.로.애.락,대중음악,서울,세빛섬,0.0,1,0.0,0.0,,0.0,3,550,0.02502353310323188,0.16059904821671372,,5.263884649917155,11.263884649917156,0.125,True
K′ARTS 거문고앙상블 창단 15주년 기념 특별 기획 공연: 知琴(지금),한국음악(국악),서울,국립국악원,0.0,1,0.0,0.0,,0.0,7,658,0.02502353310323188,0.16059904821671372,,5.263884649917155,11.263884649917156,0.125,True
Timeless,서양음악(클래식),서울,쌀롱드무지끄,0.0,1,0.0,0.0,,0.0,1,20,0.02502353310323188,0.16059904821671372,,5.263884649917155,11.263884649917156,0.125,True
가야금병창 젊은 예인 네바탕전,한국음악(국악),서울,국립국악원,0.0,1,0.0,0.0,,2600000.0,7,130,0.02502353310323188,0.16059904821671372,,5.263884649917155,11.263884649917156,0.125,True
가야금산조 및 병창 전승자주관 기획행사,한국음악(국악),서울,국립국악원,0.0,1,0.0,0.0,,0.0,7,658,0.02502353310323188,0.16059904821671372,,5.263884649917155,11.263884649917156,0.125,True
"국창 신영희, 소리인생 70주년 기념 공연",한국음악(국악),서울,국립국악원,0.0,1,0.0,0.0,,0.0,7,658,0.02502353310323188,0.16059904821671372,,5.263884649917155,11.263884649917156,0.125,True
거문고로 전하는 편지,한국음악(국악),서울,국립국악원,0.0,1,0.0,0.0,,5600000.0,7,231,0.02502353310323188,0.16059904821671372,,5.263884649917155,11.263884649917156,0.125,True
국악방송 봄 음악회: 열창! 판소리,한국음악(국악),서울,국립국악원,0.0,1,0.0,0.0,,0.0,7,658,0.02502353310323188,0.16059904821671372,,5.263884649917155,11.263884649917156,0.125,True
"금호아트홀 아름다운 목요일, 김혜진 Harp",서양음악(클래식),서울,금호아트홀 연세,0.0,1,0.0,0.0,,60000.0,1,390,0.02502353310323188,0.16059904821671372,,5.263884649917155,11.263884649917156,0.125,True
"권혜림 피리독주회 FLOW, 상령산",한국음악(국악),서울,국립국악원,0.0,1,0.0,0.0,,4620000.0,7,231,0.02502353310323188,0.16059904821671372,,5.263884649917155,11.263884649917156,0.125,True
"국가무형문화재 살풀이춤, 도살풀이춤 정명숙, 양길순 연합공개 행사",무용(서양/한국무용),서울,국립국악원,0.0,1,0.0,0.0,,0.0,7,130,0.02502353310323188,0.16059904821671372,,5.263884649917155,11.263884649917156,0.125,True
"박혜원 해금독주회, '향'하다",한국음악(국악),서울,국립국악원,0.0,1,0.0,0.0,,0.0,7,130,0.02502353310323188,0.16059904821671372,,5.263884649917155,11.263884649917156,0.125,True
세향 with GBA Global Korea Tradition Music Orchestra,한국음악(국악),서울,국립국악원,0.0,1,0.0,0.0,,48800000.0,7,658,0.02502353310323188,0.16059904821671372,,5.263884649917155,11.263884649917156,0.125,True
"소리타래와 함께하는 운당의 혼, 그 이야기",한국음악(국악),서울,국립국악원,0.0,1,0.0,0.0,,0.0,7,231,0.02502353310323188,0.16059904821671372,,5.263884649917155,11.263884649917156,0.125,True
이웅 거문고 독주회,한국음악(국악),서울,국립국악원,0.0,1,0.0,0.0,,0.0,7,130,0.02502353310323188,0.16059904821671372,,5.263884649917155,11.263884649917156,0.125,True
"정효민의 춤 소울, 疏鬱",무용(서양/한국무용),서울,국립국악원,0.0,1,0.0,0.0,,0.0,7,130,0.02502353310323188,0.16059904821671372,,5.263884649917155,11.263884649917156,0.125,True
조용수의 두 번째 고(鼓): 일고오창(一鼓五唱),한국음악(국악),서울,국립국악원,0.0,1,0.0,0.0,,6930000.0,7,231,0.02502353310323188,0.16059904821671372,,5.263884649917155,11.263884649917156,0.125,True
"최윤정 X 배문경, 틈",한국음악(국악),서울,국립국악원,0.0,1,0.0,0.0,,2310000.0,7,231,0.02502353310323188,0.16059904821671372,,5.263884649917155,11.263884649917156,0.125,True
한국슈베르트협회 신입회원연주회,서양음악(클래식),서울,꿈의숲아트센터,0.0,1,0.0,0.0,,0.0,8,301,0.02502353310323188,0.16059904821671372,,5.263884649917155,11.263884649917156,0.125,True
한윤경 완창 발표회: 미산제 흥보가,한국음악(국악),서울,국립국악원,0.0,1,0.0,0.0,,0.0,7,130,0.02502353310323188,0.16059904821671372,,5.263884649917155,11.263884649917156,0.125,True
Atelier FES vol.2,대중음악,서울,프리즘홀 (프리즘플러스),0.0,1,0.0,0.0,,2400000.0,1,80,0.02502353310323188,0.16059904821671372,,5.263884649917155,11.263884649917156,0.125,True
Chopin - 24 Etudes,서양음악(클래식),서울,쌀롱드무지끄,0.0,1,0.0,0.0,,154000.0,1,20,0.02502353310323188,0.16059904821671372,,5.263884649917155,11.263884649917156,0.125,True
김유진의 춤: 향연,무용(서양/한국무용),서울,국립국악원,0.0,1,0.0,0.0,,6930000.0,7,231,0.02502353310323188,0.16059904821671372,,5.263884649917155,11.263884649917156,0.125,True
"둘라밤, 환생특급2",대중음악,서울,생기 스튜디오,0.0,1,0.0,0.0,,320000.0,2,70,0.02502353310323188,0.16059904821671372,,5.263884649917155,11.263884649917156,0.125,True
오늘도 아이돌 vol.18,대중음악,서울,옥타바리움 라이브홀,0.0,1,0.0,0.0,,1360000.0,0,70,0.02502353310323188,0.16059904821671372,,5.263884649917155,11.263884649917156,0.125,True
"임환 정가발표회, 입춘지향",한국음악(국악),서울,국립국악원,0.0,1,0.0,0.0,,0.0,7,130,0.02502353310323188,0.16059904821671372,,5.263884649917155,11.263884649917156,0.125,True
"제20회 한국경기소리보존회 기획공연, 소리어울림 Ⅳ",한국음악(국악),서울,국립국악원,0.0,1,0.0,0.0,,13480000.0,7,658,0.02502353310323188,0.16059904821671372,,5.263884649917155,11.263884649917156,0.125,True
"제4회 영아티스트 콘서트, 샘이 맑은소리: 조하윤의 경기소리, 적토성산",한국음악(국악),서울,선릉아트홀,0.0,1,0.0,0.0,,200000.0,5,77,0.02502353310323188,0.16059904821671372,,5.263884649917155,11.263884649917156,0.125,True
"제6회 좌창, 깊은사랑: 윤세연의 경기소리, 육六잡가 정진하다",한국음악(국악),서울,선릉아트홀,0.0,1,0.0,0.0,,376000.0,5,77,0.02502353310323188,0.16059904821671372,,5.263884649917155,11.263884649917156,0.125,True
"제7회 2인전통음악축제: I AM YOU, 박규정 X 신현지: 미로",한국음악(국악),서울,선릉아트홀,0.0,1,0.0,0.0,,60000.0,5,77,0.02502353310323188,0.16059904821671372,,5.263884649917155,11.263884649917156,0.125,True
"제7회 2인전통음악축제: I AM YOU, 박주은 X 이현진: 치유, Re: fresh",한국음악(국악),서울,선릉아트홀,0.0,1,0.0,0.0,,50000.0,5,77,0.02502353310323188,0.16059904821671372,,5.263884649917155,11.263884649917156,0.125,True
"제7회 Artists Society 정기연주회, THE NOMADS",서양음악(클래식),서울,오디오가이스튜디오,0.0,1,0.0,0.0,,330000.0,3,100,0.02502353310323188,0.16059904821671372,,5.263884649917155,11.263884649917156,0.125,True
"한국음악의 밤: 잇고, 있다 Connect to the past, Continue into the future",한국음악(국악),서울,국립국악원,0.0,1,0.0,0.0,,0.0,7,658,0.02502353310323188,0.16059904821671372,,5.263884649917155,11.263884649917156,0.125,True
김민경 피아노 독주회,서양음악(클래식),서울,페리지홀,0.0,1,0.0,0.0,,460000.0,2,202,0.02502353310323188,0.16059904821671372,,5.263884649917155,11.263884649917156,0.125,True
"대통령상 수상 기념 독주회, 김지애 가야금병창 5번째 이야기",한국음악(국악),서울,국립국악원,0.0,1,0.0,0.0,,0.0,7,130,0.02502353310323188,0.16059904821671372,,5.263884649917155,11.263884649917156,0.125,True
서정민 판소리 독창회 춘향가,한국음악(국악),서울,국립국악원,0.0,1,0.0,0.0,,2600000.0,7,130,0.02502353310323188,0.16059904821671372,,5.263884649917155,11.263884649917156,0.125,True
"전병훈의 경기소리와 창부타령, 창부(倡夫)",한국음악(국악),서울,국립국악원,0.0,1,0.0,0.0,,0.0,7,231,0.02502353310323188,0.16059904821671372,,5.263884649917155,11.263884649917156,0.125,True
제40회 단국대학교 음악대학 국악과 추계정기연주회,한국음악(국악),서울,국립국악원,0.0,1,0.0,0.0,,0.0,7,658,0.02502353310323188,0.16059904821671372,,5.263884649917155,11.263884649917156,0.125,True
중앙가야스트라 정기연주회,한국음악(국악),서울,국립국악원,0.0,1,0.0,0.0,,4620000.0,7,231,0.02502353310323188,0.16059904821671372,,5.263884649917155,11.263884649917156,0.125,True
IDOL FEVER vol.24,대중음악,서울,프리즘홀 (프리즘플러스),0.0,1,0.0,0.0,,1800000.0,1,80,0.02502353310323188,0.16059904821671372,,5.263884649917155,11.263884649917156,0.125,True
가야금앙상블 춘호가랑 정기연주회: 명곡 시리즈 1,한국음악(국악),서울,국립국악원,0.0,1,0.0,0.0,,4620000.0,7,231,0.02502353310323188,0.16059904821671372,,5.263884649917155,11.263884649917156,0.125,True
겨울밤의 음악 축제: 왈츠와 탱고의 향연,서양음악(클래식),서울,콘서트홀 나누,0.0,1,0.0,0.0,,300000.0,0,50,0.02502353310323188,0.16059904821671372,,5.263884649917155,11.263884649917156,0.125,True
"더튠 콘서트, 13일의 금요일: 자체발광",한국음악(국악),서울,KT&G 상상마당 라이브홀 [마포],0.0,1,0.0,0.0,,360000.0,2,150,0.02502353310323188,0.16059904821671372,,5.263884649917155,11.263884649917156,0.125,True
"쌀롱드무지끄, 낭만적 겨울살롱",서양음악(클래식),서울,쌀롱드무지끄,0.0,1,0.0,0.0,,660000.0,1,20,0.02502353310323188,0.16059904821671372,,5.263884649917155,11.263884649917156,0.125,True
오늘도 아이돌 vol.17,대중음악,서울,옥타바리움 라이브홀,0.0,1,0.0,0.0,,2280000.0,0,70,0.02502353310323188,0.16059904821671372,,5.263884649917155,11.263884649917156,0.125,True
오늘도 아이돌 vol.9,대중음악,서울,옥타바리움 라이브홀,0.0,1,0.0,0.0,,2140000.0,0,70,0.02502353310323188,0.16059904821671372,,5.263884649917155,11.263884649917156,0.125,True
이화여자대학교 한국음악과 창립50주년 기념 정기연주회,한국음악(국악),서울,국립국악원,0.0,1,0.0,0.0,,0.0,7,658,0.02502353310323188,0.16059904821671372,,5.263884649917155,11.263884649917156,0.125,True
제20회 경기가야금앙상블 정기연주회: 영산회상 회상,한국음악(국악),서울,국립국악원,0.0,1,0.0,0.0,,0.0,7,130,0.02502353310323188,0.16059904821671372,,5.263884649917155,11.263884649917156,0.125,True
"제7회 2인전통음악축제: I AM YOU, 김기은 X 김한나: 아정한 하루",한국음악(국악),서울,선릉아트홀,0.0,1,0.0,0.0,,626000.0,5,77,0.02502353310323188,0.16059904821671372,,5.263884649917155,11.263884649917156,0.125,True
제9회 이예원 가야금 독주회,한국음악(국악),서울,국립국악원,0.0,1,0.0,0.0,,0.0,7,130,0.02502353310323188,0.16059904821671372,,5.263884649917155,11.263884649917156,0.125,True
"크리스마스 콘서트: 음악을 읽다, 책을 듣다",서양음악(클래식),서울,쿰아트홀,0.0,1,0.0,0.0,,190000.0,1,80,0.02502353310323188,0.16059904821671372,,5.263884649917155,11.263884649917156,0.125,True
"토요클래식의밤 해설이 있는 클래식, 바로크부터 낭만까지 클래식, 세계여행",서양음악(클래식),서울,콘서트홀 나누,0.0,1,0.0,0.0,,570000.0,0,50,0.02502353310323188,0.16059904821671372,,5.263884649917155,11.263884649917156,0.125,True
뉴 콰르텟［서울］,서양음악(클래식),서울,예술의전당 [서울],0.0,1,0.0,0.0,,120000.0,10,600,0.02502353310323188,0.16059904821671372,,5.263884649917155,11.263884649917156,0.125,True
"어느 멋진 날, 놀아볼 판! (10월)",한국음악(국악),서울,민속극장풍류,0.0,1,0.0,0.0,,0.0,1,164,0.02502353310323188,0.16059904821671372,,5.263884649917155,11.263884649917156,0.125,True
"제28회 강은일 해금독주회, 나는 지영희올시다",한국음악(국악),서울,국립국악원,0.0,1,0.0,0.0,,6930000.0,7,231,0.02502353310323188,0.16059904821671372,,5.263884649917155,11.263884649917156,0.125,True
타.흥.태 4,무용(서양/한국무용),서울,국립국악원,0.0,1,0.0,0.0,,23980000.0,7,658,0.02502353310323188,0.16059904821671372,,5.263884649917155,11.263884649917156,0.125,True
"평남수건춤보존회 정기공연, 한순서의 춤: 舞道를 알리는 전승",무용(서양/한국무용),서울,국립국악원,0.0,1,0.0,0.0,,33200000.0,7,658,0.02502353310323188,0.16059904821671372,,5.263884649917155,11.263884649917156,0.125,True
한양대학교 음악대학 국악과 정기연주회,한국음악(국악),서울,국립국악원,0.0,1,0.0,0.0,,0.0,7,658,0.02502353310323188,0.16059904821671372,,5.263884649917155,11.263884649917156,0.125,True
Atelier FES vol.3,대중음악,서울,몽향라이브홀,0.0,1,0.0,0.0,,1380000.0,0,100,0.02502353310323188,0.16059904821671372,,5.263884649917155,11.263884649917156,0.125,True
KANON LAST LIVE: 回光返照,대중음악,서울,프리즘홀 (프리즘플러스),0.0,1,0.0,0.0,,2775000.0,1,80,0.02502353310323188,0.16059904821671372,,5.263884649917155,11.263884649917156,0.125,True
LIQUID SOUND ASSEMBLAGE,한국음악(국악),서울,문화비축기지,0.0,1,0.0,0.0,,1000000.0,3,250,0.02502353310323188,0.16059904821671372,,5.263884649917155,11.263884649917156,0.125,True
빼빼로는 될 수 없어!,대중음악,서울,프리즘홀 (프리즘플러스),0.0,1,0.0,0.0,,2400000.0,1,80,0.02502353310323188,0.16059904821671372,,5.263884649917155,11.263884649917156,0.125,True
"제24회 한국정가단 정기공연, 국가무형유산 가사 학술세미나 및 공연",한국음악(국악),서울,국립국악원,0.0,1,0.0,0.0,,0.0,7,231,0.02502353310323188,0.16059904821671372,,5.263884649917155,11.263884649917156,0.125,True
"중앙가야스트라 정기연주회, 작곡가 시리즈 Ⅱ: 김성국",한국음악(국악),서울,국립국악원,0.0,1,0.0,0.0,,4620000.0,7,231,0.02502353310323188,0.16059904821671372,,5.263884649917155,11.263884649917156,0.125,True
傳說이 된 그녀들,한국음악(국악),서울,민속극장풍류,0.0,1,0.0,0.0,,1692000.0,1,164,0.02502353310323188,0.16059904821671372,,5.263884649917155,11.263884649917156,0.125,True
나윤영의 만정제 춘향가 완창,한국음악(국악),서울,국립국악원,0.0,1,0.0,0.0,,0.0,7,130,0.02502353310323188,0.16059904821671372,,5.263884649917155,11.263884649917156,0.125,True
"PMF 살롱 오페라, 리골레토",서양음악(클래식),서울,자양스테이션(파리뮤직포럼),0.0,1,0.0,0.0,,210000.0,0,50,0.02502353310323188,0.16059904821671372,,5.263884649917155,11.263884649917156,0.125,True
"김송지의 사심, 네 가지 이야기에 스며들다",한국음악(국악),서울,국립국악원,0.0,1,0.0,0.0,,1300000.0,7,130,0.02502353310323188,0.16059904821671372,,5.263884649917155,11.263884649917156,0.125,True
"리수스 콰르텟, 루드비히 트레일",서양음악(클래식),서울,자양스테이션(파리뮤직포럼),0.0,1,0.0,0.0,,50000.0,0,50,0.02502353310323188,0.16059904821671372,,5.263884649917155,11.263884649917156,0.125,True
뮤직어게인 갈라 콘서트,서양음악(클래식),서울,자양스테이션(파리뮤직포럼),0.0,1,0.0,0.0,,260000.0,0,50,0.02502353310323188,0.16059904821671372,,5.263884649917155,11.263884649917156,0.125,True
박혜온 대금 독주회 ⅩⅠ: 대금으로 듣는 한국의 민속음악,한국음악(국악),서울,국립국악원,0.0,1,0.0,0.0,,2600000.0,7,130,0.02502353310323188,0.16059904821671372,,5.263884649917155,11.263884649917156,0.125,True
사복 의상체인지 게릴라 라이브,대중음악,서울,클럽 A.O.R(All Of Rock),0.0,1,0.0,0.0,,1400000.0,1,70,0.02502353310323188,0.16059904821671372,,5.263884649917155,11.263884649917156,0.125,True
"스테이지402, 작곡가의 식탁",서양음악(클래식),서울,인유어즈청담,0.0,1,0.0,0.0,,210000.0,0,20,0.02502353310323188,0.16059904821671372,,5.263884649917155,11.263884649917156,0.125,True
"신윤아 가야금병창 발표회, 흥보가전바탕:  如音, 여음",한국음악(국악),서울,국립국악원,0.0,1,0.0,0.0,,0.0,7,130,0.02502353310323188,0.16059904821671372,,5.263884649917155,11.263884649917156,0.125,True
"쌀롱드무지끄, 크리스마스엔 탱고를",서양음악(클래식),서울,쌀롱드무지끄,0.0,1,0.0,0.0,,660000.0,1,20,0.02502353310323188,0.16059904821671372,,5.263884649917155,11.263884649917156,0.125,True
오늘도 아이돌 vol.12,대중음악,서울,옥타바리움 라이브홀,0.0,1,0.0,0.0,,2160000.0,0,70,0.02502353310323188,0.16059904821671372,,5.263884649917155,11.263884649917156,0.125,True
"정수인 판소리 심청가, 淚 광명",한국음악(국악),서울,국립국악원,0.0,1,0.0,0.0,,2600000.0,7,130,0.02502353310323188,0.16059904821671372,,5.263884649917155,11.263884649917156,0.125,True
"제12회 성미산 동네연극축제, 삼개나루 이야기",연극,서울,성미산마을극장 향,0.0,1,0.0,0.0,,30000.0,2,101,0.02502353310323188,0.16059904821671372,,5.263884649917155,11.263884649917156,0.125,True
"제6회 선릉아트홀 전통성악 기획공연: 좌창, 깊은사랑: 김유리의 서도소리, 완주",한국음악(국악),서울,선릉아트홀,0.0,1,0.0,0.0,,10000.0,5,77,0.02502353310323188,0.16059904821671372,,5.263884649917155,11.263884649917156,0.125,True
"제6회 좌창, 깊은사랑: 이준아의 정가, 청원의 노래",한국음악(국악),서울,선릉아트홀,0.0,1,0.0,0.0,,1030000.0,5,77,0.02502353310323188,0.16059904821671372,,5.263884649917155,11.263884649917156,0.125,True
"제7회 2인전통음악축제: I AM YOU, 김희원 X 유지원: 추억놀이터",한국음악(국악),서울,선릉아트홀,0.0,1,0.0,0.0,,190000.0,5,77,0.02502353310323188,0.16059904821671372,,5.263884649917155,11.263884649917156,0.125,True
코리안챔버오케스트라 & 크론베르크아카데미: 한독 우수 영재 데뷔 콘서트,서양음악(클래식),서울,서울아트센터,0.0,1,0.0,0.0,,270000.0,0,1083,0.02502353310323188,0.16059904821671372,,5.263884649917155,11.263884649917156,0.125,True
"코리안챔버오케스트라(KCO) 특별 초청 연주회, 바이올리니스트 알렉산드라 티르수",서양음악(클래식),서울,JCC 아트센터,0.0,1,0.0,0.0,,300000.0,4,175,0.02502353310323188,0.16059904821671372,,5.263884649917155,11.263884649917156,0.125,True
크라스 앙상블 창단연주회,서양음악(클래식),서울,예술의전당 [서울],0.0,1,0.0,0.0,,60000.0,10,600,0.02502353310323188,0.16059904821671372,,5.263884649917155,11.263884649917156,0.125,True
"우리음악시리즈 Ⅰ, 남도잡가",한국음악(국악),서울,국립국악원,0.0,1,0.0,0.0,,2600000.0,7,130,0.02502353310323188,0.16059904821671372,,5.263884649917155,11.263884649917156,0.125,True
"제11회 성미산 동네연극축제, L_?_V_E: 살아간다는 건 사랑하는 것이다",연극,서울,성미산마을극장 향,0.0,1,0.0,0.0,,0.0,2,101,0.02502353310323188,0.16059904821671372,,5.263884649917155,11.263884649917156,0.125,True
"최광일 여섯번째 피리 독주회,  사관풍류 舍館風流",한국음악(국악),서울,국립국악원,0.0,1,0.0,0.0,,0.0,7,130,0.02502353310323188,0.16059904821671372,,5.263884649917155,11.263884649917156,0.125,True
팔도대금,한국음악(국악),서울,국립국악원,0.0,1,0.0,0.0,,0.0,7,658,0.02502353310323188,0.16059904821671372,,5.263884649917155,11.263884649917156,0.125,True
Atelier FES vol.5,대중음악,서울,몽향라이브홀,0.0,1,0.0,0.0,,1100000.0,0,100,0.02502353310323188,0.16059904821671372,,5.263884649917155,11.263884649917156,0.125,True
GIRLS INVENTED PUNK ROCK NOT ENGLAND,대중음악,서울,채널 1969,0.0,1,0.0,0.0,,675000.0,3,150,0.02502353310323188,0.16059904821671372,,5.263884649917155,11.263884649917156,0.125,True
Prelude,서양음악(클래식),서울,쌀롱드무지끄,0.0,1,0.0,0.0,,330000.0,1,20,0.02502353310323188,0.16059904821671372,,5.263884649917155,11.263884649917156,0.125,True
"멜타스토어 콘서트 시리즈 8, 바이탈리즘 내한 공연",대중음악,서울,프리즘홀 (프리즘플러스),0.0,1,0.0,0.0,,1015000.0,1,80,0.02502353310323188,0.16059904821671372,,5.263884649917155,11.263884649917156,0.125,True
"손수림 거문고 독주회, 시간의 선율",한국음악(국악),서울,국립국악원,0.0,1,0.0,0.0,,0.0,7,130,0.02502353310323188,0.16059904821671372,,5.263884649917155,11.263884649917156,0.125,True
"송년 국악콘서트, 시나위 스펙트럼: 따로 또 같이",한국음악(국악),서울,한국문화의집 KOUS,0.0,1,0.0,0.0,,277000.0,1,230,0.02502353310323188,0.16059904821671372,,5.263884649917155,11.263884649917156,0.125,True
"심성욱 두 번째 대금독주회: 경, 풍, 연",한국음악(국악),서울,국립국악원,0.0,1,0.0,0.0,,0.0,7,130,0.02502353310323188,0.16059904821671372,,5.263884649917155,11.263884649917156,0.125,True
"쌀롱드무지끄, 새로이 피어나다",서양음악(클래식),서울,쌀롱드무지끄,0.0,1,0.0,0.0,,154000.0,1,20,0.02502353310323188,0.16059904821671372,,5.263884649917155,11.263884649917156,0.125,True
오늘도 아이돌 vol.13,대중음악,서울,옥타바리움 라이브홀,0.0,1,0.0,0.0,,1480000.0,0,70,0.02502353310323188,0.16059904821671372,,5.263884649917155,11.263884649917156,0.125,True
"제4회 영아티스트 콘서트, 샘이 맑은소리: GALA CONCERT",한국음악(국악),서울,선릉아트홀,0.0,1,0.0,0.0,,180000.0,5,77,0.02502353310323188,0.16059904821671372,,5.263884649917155,11.263884649917156,0.125,True
"제4회 영아티스트콘서트, 샘이 맑은소리: 임예린의 경기소리, 일취월장",한국음악(국악),서울,선릉아트홀,0.0,1,0.0,0.0,,10000.0,5,77,0.02502353310323188,0.16059904821671372,,5.263884649917155,11.263884649917156,0.125,True
제5회 대한민국여기검대제전,무용(서양/한국무용),서울,국립국악원,0.0,1,0.0,0.0,,2310000.0,7,231,0.02502353310323188,0.16059904821671372,,5.263884649917155,11.263884649917156,0.125,True
"토요클래식의밤 해설이 있는 클래식, 대중음악과 고전의 융합",서양음악(클래식),서울,콘서트홀 나누,0.0,1,0.0,0.0,,150000.0,0,50,0.02502353310323188,0.16059904821671372,,5.263884649917155,11.263884649917156,0.125,True
"박서연 가야금병창 독주회, 내드름",한국음악(국악),서울,국립국악원,0.0,1,0.0,0.0,,0.0,7,130,0.02502353310323188,0.16059904821671372,,5.263884649917155,11.263884649917156,0.125,True
"이아름 여창가곡 한 바탕, 녹음방초",한국음악(국악),서울,국립국악원,0.0,1,0.0,0.0,,1300000.0,7,130,0.02502353310323188,0.16059904821671372,,5.263884649917155,11.263884649917156,0.125,True
"화용월태, 최민정의 강산제 심청가 완창발표회",한국음악(국악),서울,국립국악원,0.0,1,0.0,0.0,,0.0,7,231,0.02502353310323188,0.16059904821671372,,5.263884649917155,11.263884649917156,0.125,True
[HNK] : the prologue,대중음악,서울,프리즘홀 (프리즘플러스),0.0,1,0.0,0.0,,1800000.0,1,80,0.02502353310323188,0.16059904821671372,,5.263884649917155,11.263884649917156,0.125,True
Kawaii Festival Vol.19,대중음악,서울,KT&G 상상마당 라이브홀 [마포],0.0,1,0.0,0.0,,5850000.0,2,150,0.02502353310323188,0.16059904821671372,,5.263884649917155,11.263884649917156,0.125,True
국악관현악축제,한국음악(국악),서울,국립국악원,0.0,1,0.0,0.0,,0.0,7,658,0.02502353310323188,0.16059904821671372,,5.263884649917155,11.263884649917156,0.125,True
"김호은 카시아무용단 레파토리 정기공연, 이을 연 (連) : 춤에게 가는 길 Ⅱ",무용(서양/한국무용),서울,국립국악원,0.0,1,0.0,0.0,,11550000.0,7,231,0.02502353310323188,0.16059904821671372,,5.263884649917155,11.263884649917156,0.125,True
"다니엘 린데만, 고택을 연주하다: 서촌에 온 베토벤",대중음악,서울,클래식고택 [서촌],0.0,1,0.0,0.0,,2880000.0,0,30,0.02502353310323188,0.16059904821671372,,5.263884649917155,11.263884649917156,0.125,True
몽드아미 콘서트: The First Greeting,대중음악,서울,웨스트브릿지 라이브홀,0.0,1,0.0,0.0,,2775000.0,0,160,0.02502353310323188,0.16059904821671372,,5.263884649917155,11.263884649917156,0.125,True
오늘도 아이돌 vol.14,대중음악,서울,옥타바리움 라이브홀,0.0,1,0.0,0.0,,1960000.0,0,70,0.02502353310323188,0.16059904821671372,,5.263884649917155,11.263884649917156,0.125,True
오늘도 아이돌 vol.EX,대중음악,서울,옥타바리움 라이브홀,0.0,1,0.0,0.0,,440000.0,0,70,0.02502353310323188,0.16059904821671372,,5.263884649917155,11.263884649917156,0.125,True
"이립 (而立) , 이하경의 춤",무용(서양/한국무용),서울,국립국악원,0.0,1,0.0,0.0,,4620000.0,7,231,0.02502353310323188,0.16059904821671372,,5.263884649917155,11.263884649917156,0.125,True
"전라북도 무형문화재 심청가 전승발표회, 사백연가: 사승",한국음악(국악),서울,국립국악원,0.0,1,0.0,0.0,,0.0,7,130,0.02502353310323188,0.16059904821671372,,5.263884649917155,11.263884649917156,0.125,True
"정경화의 춤: 휘, 흩날리다",무용(서양/한국무용),서울,국립국악원,0.0,1,0.0,0.0,,0.0,7,231,0.02502353310323188,0.16059904821671372,,5.263884649917155,11.263884649917156,0.125,True
"정재만 추모 10주기 공연, 커다란 태산을 등에 짊어지듯...",무용(서양/한국무용),서울,국립국악원,0.0,1,0.0,0.0,,32000000.0,7,658,0.02502353310323188,0.16059904821671372,,5.263884649917155,11.263884649917156,0.125,True
"제1075회 하우스콘서트, CML 페스티벌 앙상블",서양음악(클래식),서울,예술가의 집,0.0,1,0.0,0.0,,930000.0,1,110,0.02502353310323188,0.16059904821671372,,5.263884649917155,11.263884649917156,0.125,True
제23회 국립국악고등학교 개교 68돌 기념 목멱한마당,한국음악(국악),서울,국립국악원,0.0,1,0.0,0.0,,0.0,7,658,0.02502353310323188,0.16059904821671372,,5.263884649917155,11.263884649917156,0.125,True
"제28회 전국신인정가악발표회, 미래를 열어갈 젊은 신인들의 무대",한국음악(국악),서울,국립국악원,0.0,1,0.0,0.0,,0.0,7,658,0.02502353310323188,0.16059904821671372,,5.263884649917155,11.263884649917156,0.125,True
"제4회 동초제 판소리 감상회 정기공연, 춘향가",한국음악(국악),서울,국립국악원,0.0,1,0.0,0.0,,4620000.0,7,231,0.02502353310323188,0.16059904821671372,,5.263884649917155,11.263884649917156,0.125,True
Time for us with tune!,서양음악(클래식),서울,쌀롱드무지끄,0.0,1,0.0,0.0,,440000.0,1,20,0.02502353310323188,0.16059904821671372,,5.263884649917155,11.263884649917156,0.125,True
"거기, 푸른 담쟁이 동산 [대학로]",연극,서울,동숭무대소극장,0.0,1,0.0,0.0,,40000.0,3,150,0.02502353310323188,0.16059904821671372,,5.263884649917155,11.263884649917156,0.125,True
김바니 가야금 독주회: 김윤덕 전승 향제 줄풍류,한국음악(국악),서울,국립국악원,0.0,1,0.0,0.0,,1300000.0,7,130,0.02502353310323188,0.16059904821671372,,5.263884649917155,11.263884649917156,0.125,True
"둘라밤, 환생특급",대중음악,서울,생기 스튜디오,0.0,1,0.0,0.0,,200000.0,2,70,0.02502353310323188,0.16059904821671372,,5.263884649917155,11.263884649917156,0.125,True
심청날다,뮤지컬,서울,국립국악원,0.0,1,0.0,0.0,,0.0,7,658,0.02502353310323188,0.16059904821671372,,5.263884649917155,11.263884649917156,0.125,True
심청날다,뮤지컬,서울,국립국악원,0.0,1,0.0,0.0,,0.0,7,750,0.02502353310323188,0.16059904821671372,,5.263884649917155,11.263884649917156,0.125,True
"전통춤전, 이춤 컴퍼니 정기공연",무용(서양/한국무용),서울,국립국악원,0.0,1,0.0,0.0,,2600000.0,7,130,0.02502353310323188,0.16059904821671372,,5.263884649917155,11.263884649917156,0.125,True
"제173회 아트엠콘서트, 홍민수 피아노 리사이틀",서양음악(클래식),서울,신영체임버홀,0.0,1,0.0,0.0,,40000.0,1,70,0.02502353310323188,0.16059904821671372,,5.263884649917155,11.263884649917156,0.125,True
제1회 이수현 삼설기 (三說記) 완창 발표회,한국음악(국악),서울,국립국악원,0.0,1,0.0,0.0,,0.0,7,130,0.02502353310323188,0.16059904821671372,,5.263884649917155,11.263884649917156,0.125,True
"제4회 영아티스트콘서트, 샘이맑은소리: 김보빈의 판소리, 꽃은 지고 님은 가고",한국음악(국악),서울,선릉아트홀,0.0,1,0.0,0.0,,400000.0,5,77,0.02502353310323188,0.16059904821671372,,5.263884649917155,11.263884649917156,0.125,True
"제4회 이헌준 대금 독주회, 항",한국음악(국악),서울,국립국악원,0.0,1,0.0,0.0,,0.0,7,130,0.02502353310323188,0.16059904821671372,,5.263884649917155,11.263884649917156,0.125,True
"제6회 좌창, 깊은사랑: 안재현의 경기잡가, 귀 기울이다",한국음악(국악),서울,선릉아트홀,0.0,1,0.0,0.0,,20000.0,5,77,0.02502353310323188,0.16059904821671372,,5.263884649917155,11.263884649917156,0.125,True
"김은영 판소리 흥보가 완창 발표회, 박초월제",한국음악(국악),서울,국립국악원,0.0,1,0.0,0.0,,2600000.0,7,130,0.02502353310323188,0.16059904821671372,,5.263884649917155,11.263884649917156,0.125,True
너의 하루,연극,서울,드림시어터 [대학로],0.0,1,0.0,0.0,,0.0,1,126,0.02502353310323188,0.16059904821671372,,5.263884649917155,11.263884649917156,0.125,True
서정미 대금 독주회,한국음악(국악),서울,국립국악원,0.0,1,0.0,0.0,,0.0,7,130,0.02502353310323188,0.16059904821671372,,5.263884649917155,11.263884649917156,0.125,True
이민하 피리독주회: 취태평지곡,한국음악(국악),서울,국립국악원,0.0,1,0.0,0.0,,0.0,7,130,0.02502353310323188,0.16059904821671372,,5.263884649917155,11.263884649917156,0.125,True
제3회 박다솜 가야금 독주회,한국음악(국악),서울,국립국악원,0.0,1,0.0,0.0,,0.0,7,130,0.02502353310323188,0.16059904821671372,,5.263884649917155,11.263884649917156,0.125,True
"제8회 대한민국 휠체어 합창단 정기연주회, 우리가락 우리노래",서양음악(클래식),서울,국립국악원,0.0,1,0.0,0.0,,0.0,7,658,0.02502353310323188,0.16059904821671372,,5.263884649917155,11.263884649917156,0.125,True
중앙대학교 국악관현악 정기연주회,한국음악(국악),서울,국립국악원,0.0,1,0.0,0.0,,0.0,7,658,0.02502353310323188,0.16059904821671372,,5.263884649917155,11.263884649917156,0.125,True
최윤진 가야금 독주회,한국음악(국악),서울,국립국악원,0.0,1,0.0,0.0,,0.0,7,130,0.02502353310323188,0.16059904821671372,,5.263884649917155,11.263884649917156,0.125,True
Kawaii Festival SP.01,대중음악,서울,엠팟홀 (구. 삼익아트홀),0.0,1,0.0,0.0,,4170000.0,0,150,0.02502353310323188,0.16059904821671372,,5.263884649917155,11.263884649917156,0.125,True
"제6회 좌창, 깊은사랑: 이슬의 경기좌창, 여조삭비",한국음악(국악),서울,선릉아트홀,0.0,1,0.0,0.0,,92000.0,5,77,0.02502353310323188,0.16059904821671372,,5.263884649917155,11.263884649917156,0.125,True
"차세대 명인 프로젝트, 청어람",한국음악(국악),서울,국립국악원,0.0,1,0.0,0.0,,0.0,7,658,0.02502353310323188,0.16059904821671372,,5.263884649917155,11.263884649917156,0.125,True
할로윈은 될 수 없어!!,대중음악,서울,프리즘홀 (프리즘플러스),0.0,1,0.0,0.0,,1900000.0,1,80,0.02502353310323188,0.16059904821671372,,5.263884649917155,11.263884649917156,0.125,True
김미성의 흥보가 X 흥보가,한국음악(국악),서울,국립국악원,0.0,1,0.0,0.0,,0.0,7,130,0.02502353310323188,0.16059904821671372,,5.263884649917155,11.263884649917156,0.125,True
"비상 飛上, Dream of  서공철",한국음악(국악),서울,국립국악원,0.0,1,0.0,0.0,,2600000.0,7,130,0.02502353310323188,0.16059904821671372,,5.263884649917155,11.263884649917156,0.125,True
"풍류음악 시리즈 1, 김유나의 해금: 제8회 김유나 독주회",한국음악(국악),서울,국립국악원,0.0,1,0.0,0.0,,0.0,7,130,0.02502353310323188,0.16059904821671372,,5.263884649917155,11.263884649917156,0.125,True
(사) 최옥삼류가야금산조보존회 함동정월 서거 30주기 추모음악회,한국음악(국악),서울,국립국악원,0.0,1,0.0,0.0,,0.0,7,130,0.02502353310323188,0.16059904821671372,,5.263884649917155,11.263884649917156,0.125,True
낭만으로의 초대,서양음악(클래식),서울,쌀롱드무지끄,0.0,1,0.0,0.0,,627000.0,1,20,0.02502353310323188,0.16059904821671372,,5.263884649917155,11.263884649917156,0.125,True
"스테이지402, 그리고 둘 사이 Entre Les Deux",대중음악,서울,인유어즈청담,0.0,1,0.0,0.0,,476000.0,0,20,0.02502353310323188,0.16059904821671372,,5.263884649917155,11.263884649917156,0.125,True
"쌀롱드무지끄, Piece of Peace",서양음악(클래식),서울,쌀롱드무지끄,0.0,1,0.0,0.0,,462000.0,1,20,0.02502353310323188,0.16059904821671372,,5.263884649917155,11.263884649917156,0.125,True
"제23회 조일하 정가발표회, 님의 사계: 봄, 여름, 가을, 겨울 그리고 또 봄",한국음악(국악),서울,국립국악원,0.0,1,0.0,0.0,,0.0,7,130,0.02502353310323188,0.16059904821671372,,5.263884649917155,11.263884649917156,0.125,True
제2회 김성훈 피리독주회,한국음악(국악),서울,국립국악원,0.0,1,0.0,0.0,,0.0,7,130,0.02502353310323188,0.16059904821671372,,5.263884649917155,11.263884649917156,0.125,True
"제6회 좌창, 깊은사랑, 이유림의 12가사: 필연",한국음악(국악),서울,선릉아트홀,0.0,1,0.0,0.0,,338000.0,5,77,0.02502353310323188,0.16059904821671372,,5.263884649917155,11.263884649917156,0.125,True
"제7회 2인전통음악축제: I AM YOU, 백지민 X 변정현: Emotion",한국음악(국악),서울,선릉아트홀,0.0,1,0.0,0.0,,190000.0,5,77,0.02502353310323188,0.16059904821671372,,5.263884649917155,11.263884649917156,0.125,True
파자마는 될 수 없어!,대중음악,서울,프리즘홀 (프리즘플러스),0.0,1,0.0,0.0,,1760000.0,1,80,0.02502353310323188,0.16059904821671372,,5.263884649917155,11.263884649917156,0.125,True
페어링,한국음악(국악),서울,인유어즈청담,0.0,1,0.0,0.0,,686000.0,0,20,0.02502353310323188,0.16059904821671372,,5.263884649917155,11.263884649917156,0.125,True
제10회 한국가야금연주가협회 정기연주회,한국음악(국악),서울,국립국악원,0.0,1,0.0,0.0,,0.0,7,658,0.02502353310323188,0.16059904821671372,,5.263884649917155,11.263884649917156,0.125,True
제1회 배정현 피리 독주회: 소리 프로젝트,한국음악(국악),서울,국립국악원,0.0,1,0.0,0.0,,0.0,7,130,0.02502353310323188,0.16059904821671372,,5.263884649917155,11.263884649917156,0.125,True
"제24회 해금연구회 정기연주회, Bowing Now",한국음악(국악),서울,국립국악원,0.0,1,0.0,0.0,,4620000.0,7,231,0.02502353310323188,0.16059904821671372,,5.263884649917155,11.263884649917156,0.125,True
GOOFY & FRIENDS vol.2 구피와 친구들2,대중음악,서울,클럽 샤프,0.0,1,0.0,0.0,,350000.0,2,100,0.02502353310323188,0.16059904821671372,,5.263884649917155,11.263884649917156,0.125,True
오늘도 아이돌 vol.10,대중음악,서울,옥타바리움 라이브홀,0.0,1,0.0,0.0,,2200000.0,0,70,0.02502353310323188,0.16059904821671372,,5.263884649917155,11.263884649917156,0.125,True
오늘도 아이돌 vol.11,대중음악,서울,옥타바리움 라이브홀,0.0,1,0.0,0.0,,2180000.0,0,70,0.02502353310323188,0.16059904821671372,,5.263884649917155,11.263884649917156,0.125,True
재키 (Jacqui) 첫 정규앨범 쇼케이스: Dirty Mirror Selfie Showcase,대중음악,서울,채널 1969,0.0,1,0.0,0.0,,330000.0,3,150,0.02502353310323188,0.16059904821671372,,5.263884649917155,11.263884649917156,0.125,True
"제12회 성미산 동네연극축제, 그녀들만 아는 공소시효",연극,서울,성미산마을극장 향,0.0,1,0.0,0.0,,210000.0,2,101,0.02502353310323188,0.16059904821671372,,5.263884649917155,11.263884649917156,0.125,True
"제4회 샘이맑은소리, 김태성의 판소리: 보성소리 심청가",한국음악(국악),서울,선릉아트홀,0.0,1,0.0,0.0,,496000.0,5,77,0.02502353310323188,0.16059904821671372,,5.263884649917155,11.263884649917156,0.125,True
"제4회 영아티스트 콘서트, 샘이 맑은소리: 이초아의 동편소리, 강도근제 이난초바디 흥보가",한국음악(국악),서울,선릉아트홀,0.0,1,0.0,0.0,,260000.0,5,77,0.02502353310323188,0.16059904821671372,,5.263884649917155,11.263884649917156,0.125,True
"제4회 영아티스트 콘서트, 샘이맑은소리: 김서우의 판소리, 김세종제 춘향가",한국음악(국악),서울,선릉아트홀,0.0,1,0.0,0.0,,940000.0,5,77,0.02502353310323188,0.16059904821671372,,5.263884649917155,11.263884649917156,0.125,True
"제4회 영아티스트 콘서트, 샘이맑은소리: 이연우의 경기소리, 서화",한국음악(국악),서울,선릉아트홀,0.0,1,0.0,0.0,,30000.0,5,77,0.02502353310323188,0.16059904821671372,,5.263884649917155,11.263884649917156,0.125,True
"제4회 영아티스트콘서트, 샘이맑은소리: 우병욱의 가야금, 일신우일신",한국음악(국악),서울,선릉아트홀,0.0,1,0.0,0.0,,280000.0,5,77,0.02502353310323188,0.16059904821671372,,5.263884649917155,11.263884649917156,0.125,True
최혜경의 춤 이야기,무용(서양/한국무용),서울,국립국악원,0.0,1,0.0,0.0,,2600000.0,7,130,0.02502353310323188,0.16059904821671372,,5.263884649917155,11.263884649917156,0.125,True
"김예진 춘향가: 정별, 후",한국음악(국악),서울,국립국악원,0.0,1,0.0,0.0,,0.0,7,130,0.02502353310323188,0.16059904821671372,,5.263884649917155,11.263884649917156,0.125,True
김형섭 가야금 독주회: 최옥삼류 가야금산조,한국음악(국악),서울,국립국악원,0.0,1,0.0,0.0,,0.0,7,231,0.02502353310323188,0.16059904821671372,,5.263884649917155,11.263884649917156,0.125,True
김형섭 가야금 독주회: 최옥삼류 가야금산조,한국음악(국악),서울,국립국악원,0.0,1,0.0,0.0,,0.0,7,231,0.02502353310323188,0.16059904821671372,,5.263884649917155,11.263884649917156,0.125,True
대한민국 국제 실내악 페스티벌 Ⅰ,서양음악(클래식),서울,롯데콘서트홀,0.0,1,0.0,0.0,,310000.0,6,2036,0.02502353310323188,0.16059904821671372,,5.263884649917155,11.263884649917156,0.125,True
대한민국 국제 실내악 페스티벌 III,서양음악(클래식),서울,예술의전당 [서울],0.0,1,0.0,0.0,,60000.0,10,600,0.02502353310323188,0.16059904821671372,,5.263884649917155,11.263884649917156,0.125,True
뮤직온더테이블 Youth,서양음악(클래식),서울,페리지홀,0.0,1,0.0,0.0,,270000.0,2,202,0.02502353310323188,0.16059904821671372,,5.263884649917155,11.263884649917156,0.125,True
"서희정의 정재 연구시리즈 Ⅱ, 1872 교방이야기",무용(서양/한국무용),서울,국립국악원,0.0,1,0.0,0.0,,4620000.0,7,302,0.02502353310323188,0.16059904821671372,,5.263884649917155,11.263884649917156,0.125,True
"서희정의 정재 연구시리즈 Ⅱ, 1872 교방이야기",무용(서양/한국무용),서울,국립국악원,0.0,1,0.0,0.0,,4620000.0,7,231,0.02502353310323188,0.16059904821671372,,5.263884649917155,11.263884649917156,0.125,True
"소리여울 20주년 기념공연, 천년의 만남 12",한국음악(국악),서울,국립국악원,0.0,1,0.0,0.0,,0.0,7,658,0.02502353310323188,0.16059904821671372,,5.263884649917155,11.263884649917156,0.125,True
"J.S.Bach, 과거와 오늘",서양음악(클래식),서울,쌀롱드무지끄,0.0,1,0.0,0.0,,286000.0,1,20,0.02502353310323188,0.16059904821671372,,5.263884649917155,11.263884649917156,0.125,True
"두리춤터 우수작가전, 장혜림 안무: 이야기가 있는 이야기의 탄생",무용(서양/한국무용),서울,두리춤터,0.0,1,0.0,0.0,,500000.0,1,66,0.02502353310323188,0.16059904821671372,,5.263884649917155,11.263884649917156,0.125,True
박계전 피리독주회: 피리Ⅳ,한국음악(국악),서울,국립국악원,0.0,1,0.0,0.0,,2600000.0,7,130,0.02502353310323188,0.16059904821671372,,5.263884649917155,11.263884649917156,0.125,True
"쌀롱드무지끄, 여성작곡가 시리즈: 바이올린 소나타 & 소품",서양음악(클래식),서울,쌀롱드무지끄,0.0,1,0.0,0.0,,176000.0,1,20,0.02502353310323188,0.16059904821671372,,5.263884649917155,11.263884649917156,0.125,True
제19회 한양가야금연주단 정기연주회,한국음악(국악),서울,국립국악원,0.0,1,0.0,0.0,,0.0,7,130,0.02502353310323188,0.16059904821671372,,5.263884649917155,11.263884649917156,0.125,True
"제6회 좌창, 깊은사랑, 김사랑의 경기잡가: 피어나다 Ⅱ",한국음악(국악),서울,선릉아트홀,0.0,1,0.0,0.0,,420000.0,5,77,0.02502353310323188,0.16059904821671372,,5.263884649917155,11.263884649917156,0.125,True
"제7회 2인전통음악축제, I AM YOU: 이정은 X 최유빈 MORSECODE",한국음악(국악),서울,선릉아트홀,0.0,1,0.0,0.0,,160000.0,5,77,0.02502353310323188,0.16059904821671372,,5.263884649917155,11.263884649917156,0.125,True
"칸타빌레클래식 기획연주회 12, 비올리스트 권오현의 Together in Music",서양음악(클래식),서울,칸타빌레 클래식 아트홀,0.0,1,0.0,0.0,,720000.0,0,50,0.02502353310323188,0.16059904821671372,,5.263884649917155,11.263884649917156,0.125,True
유니크노트 스탠다드 콘서트,대중음악,서울,산울림소극장,0.0,1,0.0,0.0,,0.0,1,72,0.02502353310323188,0.16059904821671372,,5.263884649917155,11.263884649917156,0.125,True
"이필기의 대금, 강백천류 대금산조",한국음악(국악),서울,국립국악원,0.0,1,0.0,0.0,,2600000.0,7,130,0.02502353310323188,0.16059904821671372,,5.263884649917155,11.263884649917156,0.125,True
Kawaii Festival vol.20,대중음악,서울,KT&G 상상마당 라이브홀 [마포],0.0,1,0.0,0.0,,10824000.0,2,150,0.02502353310323188,0.16059904821671372,,5.263884649917155,11.263884649917156,0.125,True
Stone Seeker: ORIKA,대중음악,서울,프리즘홀 (프리즘플러스),0.0,1,0.0,0.0,,2080000.0,1,80,0.02502353310323188,0.16059904821671372,,5.263884649917155,11.263884649917156,0.125,True
"문래재즈IN, 연중기획: 미선 레나타 몽마르뜨 밴드",대중음악,서울,문래재즈IN,0.0,1,0.0,0.0,,125000.0,3,60,0.02502353310323188,0.16059904821671372,,5.263884649917155,11.263884649917156,0.125,True
"이상의날개 단독공연: HELLO DARKNESS, MY OLD FRIEND Vol.2",대중음악,서울,청춘예찬,0.0,1,0.0,0.0,,3060000.0,0,85,0.02502353310323188,0.16059904821671372,,5.263884649917155,11.263884649917156,0.125,True
"전은혜 해금 독주회, 두 개의 줄",한국음악(국악),서울,국립국악원,0.0,1,0.0,0.0,,0.0,7,130,0.02502353310323188,0.16059904821671372,,5.263884649917155,11.263884649917156,0.125,True
"제1074회 하우스콘서트: 이승은, 정태양",서양음악(클래식),서울,예술가의 집,0.0,1,0.0,0.0,,1560000.0,1,110,0.02502353310323188,0.16059904821671372,,5.263884649917155,11.263884649917156,0.125,True
"제4회 샘이맑은소리, 이시현의 정가: 아정한 첫 걸음",한국음악(국악),서울,선릉아트홀,0.0,1,0.0,0.0,,310000.0,5,77,0.02502353310323188,0.16059904821671372,,5.263884649917155,11.263884649917156,0.125,True
"제4회 영아티스트 콘서트, 샘이맑은소리: 배수진의 판소리, 바람을 타고",한국음악(국악),서울,선릉아트홀,0.0,1,0.0,0.0,,30000.0,5,77,0.02502353310323188,0.16059904821671372,,5.263884649917155,11.263884649917156,0.125,True
"제6회 좌창, 깊은사랑: 장지은의 경기좌창, 학이시습",한국음악(국악),서울,선릉아트홀,0.0,1,0.0,0.0,,148000.0,5,77,0.02502353310323188,0.16059904821671372,,5.263884649917155,11.263884649917156,0.125,True
"조우리의 아쟁, 산조: 스며들다",한국음악(국악),서울,국립국악원,0.0,1,0.0,0.0,,0.0,7,130,0.02502353310323188,0.16059904821671372,,5.263884649917155,11.263884649917156,0.125,True
"피아노의 정원: 드뷔시, 쇼팽 그리고 크리스마스",서양음악(클래식),서울,콘서트홀 나누,0.0,1,0.0,0.0,,1350000.0,0,50,0.02502353310323188,0.16059904821671372,,5.263884649917155,11.263884649917156,0.125,True
"예맥, 무",무용(서양/한국무용),서울,국립국악원,0.0,1,0.0,0.0,,11550000.0,7,231,0.02502353310323188,0.16059904821671372,,5.263884649917155,11.263884649917156,0.125,True
이종길 법금 연주회 正音 취태평지곡,한국음악(국악),서울,국립국악원,0.0,1,0.0,0.0,,0.0,7,231,0.02502353310323188,0.16059904821671372,,5.263884649917155,11.263884649917156,0.125,True
"정가! 그 아름다운 노래, 서울가악회 정기공연",한국음악(국악),서울,국립국악원,0.0,1,0.0,0.0,,0.0,7,130,0.02502353310323188,0.16059904821671372,,5.263884649917155,11.263884649917156,0.125,True
"제2회 김규리 해금독주회 해금 正樂으로 잇다, 이왕직아악부 연행 평조회상 복원연주",한국음악(국악),서울,국립국악원,0.0,1,0.0,0.0,,1300000.0,7,130,0.02502353310323188,0.16059904821671372,,5.263884649917155,11.263884649917156,0.125,True
"제65회 서울대학교 정기연주회 : 잇고, 있다",한국음악(국악),서울,국립국악원,0.0,1,0.0,0.0,,0.0,7,658,0.02502353310323188,0.16059904821671372,,5.263884649917155,11.263884649917156,0.125,True
최태훈 첫 번째 피리독주회,한국음악(국악),서울,국립국악원,0.0,1,0.0,0.0,,0.0,7,130,0.02502353310323188,0.16059904821671372,,5.263884649917155,11.263884649917156,0.125,True
"한국무용의 전설, 이춘자의 75년 발자취",무용(서양/한국무용),서울,국립국악원,0.0,1,0.0,0.0,,41840000.0,7,658,0.02502353310323188,0.16059904821671372,,5.263884649917155,11.263884649917156,0.125,True
tearliner 정규앨범 발매기념 콘서트: MUSICOMANIA,대중음악,서울,벨로주 [홍대] (구. 왓에버),0.0,1,0.0,0.0,,330000.0,3,123,0.02502353310323188,0.16059904821671372,,5.263884649917155,11.263884649917156,0.125,True
The Kandle [서울 성동],서양음악(클래식),서울,헤르만아트홀,0.0,1,0.0,0.0,,1441000.0,1,120,0.02502353310323188,0.16059904821671372,,5.263884649917155,11.263884649917156,0.125,True
"The story 예능보유자, 이흥구",무용(서양/한국무용),서울,민속극장풍류,0.0,1,0.0,0.0,,51000.0,1,164,0.02502353310323188,0.16059904821671372,,5.263884649917155,11.263884649917156,0.125,True
"국창 조상현 선생님의 제자, 이성현의 적벽가 완창 발표회",한국음악(국악),서울,국립국악원,0.0,1,0.0,0.0,,0.0,7,231,0.02502353310323188,0.16059904821671372,,5.263884649917155,11.263884649917156,0.125,True
권서영 가야금 레퍼토리 첫 번째 프로젝트: The Eight 8,한국음악(국악),서울,국립국악원,0.0,1,0.0,0.0,,0.0,7,231,0.02502353310323188,0.16059904821671372,,5.263884649917155,11.263884649917156,0.125,True
"쌀롱드무지끄, Art Signature: 클래식기타 명곡집",서양음악(클래식),서울,쌀롱드무지끄,0.0,1,0.0,0.0,,231000.0,1,20,0.02502353310323188,0.16059904821671372,,5.263884649917155,11.263884649917156,0.125,True
오늘도 아이돌 vol.15,대중음악,서울,옥타바리움 라이브홀,0.0,1,0.0,0.0,,2400000.0,0,70,0.02502353310323188,0.16059904821671372,,5.263884649917155,11.263884649917156,0.125,True
"제66회 서울대학교 음악대학 국악정기연주회: 잇고, 있다",한국음악(국악),서울,국립국악원,0.0,1,0.0,0.0,,0.0,7,658,0.02502353310323188,0.16059904821671372,,5.263884649917155,11.263884649917156,0.125,True
"제6회 좌창, 깊은사랑: 김시화의 서도좌창, 인내지강",한국음악(국악),서울,선릉아트홀,0.0,1,0.0,0.0,,700000.0,5,77,0.02502353310323188,0.16059904821671372,,5.263884649917155,11.263884649917156,0.125,True
"제7회 국립전통예술중학교 무용제, 바_턴;",무용(서양/한국무용),서울,국립국악원,0.0,1,0.0,0.0,,0.0,7,658,0.02502353310323188,0.16059904821671372,,5.263884649917155,11.263884649917156,0.125,True
프렌치 커넥션,서양음악(클래식),서울,자양스테이션(파리뮤직포럼),0.0,1,0.0,0.0,,200000.0,0,50,0.02502353310323188,0.16059904821671372,,5.263884649917155,11.263884649917156,0.125,True
프렌치 커넥션,서양음악(클래식),서울,자양스테이션(파리뮤직포럼),0.0,1,0.0,0.0,,200000.0,0,100,0.02502353310323188,0.16059904821671372,,5.263884649917155,11.263884649917156,0.125,True
"홍보희의 전통춤, 온화溫和",무용(서양/한국무용),서울,국립국악원,0.0,1,0.0,0.0,,0.0,7,130,0.02502353310323188,0.16059904821671372,,5.263884649917155,11.263884649917156,0.125,True
"김서량의 춤: 오재, 오채지무",무용(서양/한국무용),서울,국립국악원,0.0,1,0.0,0.0,,4620000.0,7,231,0.02502353310323188,0.16059904821671372,,5.263884649917155,11.263884649917156,0.125,True
"김태희의 판소리, 김세종제 보성소리 춘향가 試鍊",한국음악(국악),서울,국립국악원,0.0,1,0.0,0.0,,0.0,7,130,0.02502353310323188,0.16059904821671372,,5.263884649917155,11.263884649917156,0.125,True
"안은경의 피리, 가즌회상",한국음악(국악),서울,국립국악원,0.0,1,0.0,0.0,,0.0,7,231,0.02502353310323188,0.16059904821671372,,5.263884649917155,11.263884649917156,0.125,True
제19회 신주희 대금독주회,한국음악(국악),서울,국립국악원,0.0,1,0.0,0.0,,0.0,7,130,0.02502353310323188,0.16059904821671372,,5.263884649917155,11.263884649917156,0.125,True
GALS PANIC!!,대중음악,서울,프리즘홀 (프리즘플러스),0.0,1,0.0,0.0,,1785000.0,1,80,0.02502353310323188,0.16059904821671372,,5.263884649917155,11.263884649917156,0.125,True
"이화연 아쟁소리, 한 음의 가치 Ⅲ: 이태백류 아쟁산조",한국음악(국악),서울,국립국악원,0.0,1,0.0,0.0,,2600000.0,7,130,0.02502353310323188,0.16059904821671372,,5.263884649917155,11.263884649917156,0.125,True
제27회 수원대학교 음악테크놀로지대학 국악과 정기연주회,한국음악(국악),서울,국립국악원,0.0,1,0.0,0.0,,0.0,7,658,0.02502353310323188,0.16059904821671372,,5.263884649917155,11.263884649917156,0.125,True
"제6회 좌창, 깊은사랑: 김영기의 가곡, 점입가경",한국음악(국악),서울,선릉아트홀,0.0,1,0.0,0.0,,758000.0,5,77,0.02502353310323188,0.16059904821671372,,5.263884649917155,11.263884649917156,0.125,True
"한국 아카펠라 페스티벌, 슈퍼 콘서트",서양음악(클래식),서울,백암아트홀,0.0,1,0.0,0.0,,4320000.0,3,417,0.02502353310323188,0.16059904821671372,,5.263884649917155,11.263884649917156,0.125,True
物の怪: mononoke debut live,대중음악,서울,옥타바리움 라이브홀,0.0,1,0.0,0.0,,1520000.0,0,70,0.02502353310323188,0.16059904821671372,,5.263884649917155,11.263884649917156,0.125,True
"김현아의 전통춤판, 가인가무 - 樂",무용(서양/한국무용),서울,국립국악원,0.0,1,0.0,0.0,,0.0,7,130,0.02502353310323188,0.16059904821671372,,5.263884649917155,11.263884649917156,0.125,True
대한민국 국제 실내악 페스티벌 II,서양음악(클래식),서울,예술의전당 [서울],0.0,1,0.0,0.0,,30000.0,10,600,0.02502353310323188,0.16059904821671372,,5.263884649917155,11.263884649917156,0.125,True
"제13회 대한민국발레축제, BALLET FESTIVAL KOREA",무용(서양/한국무용),서울,예술의전당 [서울],0.0,1,0.0,0.0,,0.0,10,241,0.02502353310323188,0.16059904821671372,,5.263884649917155,11.263884649917156,0.125,True
"한국예인열전, 실록편",무용(서양/한국무용),서울,국립국악원,0.0,1,0.0,0.0,,37220000.0,7,658,0.02502353310323188,0.16059904821671372,,5.263884649917155,11.263884649917156,0.125,True
"해금으로 만나는 역사, 사색 史索 Ⅰ: 녹두꽃",한국음악(국악),서울,국립국악원,0.0,1,0.0,0.0,,4620000.0,7,231,0.02502353310323188,0.16059904821671372,,5.263884649917155,11.263884649917156,0.125,True
"故 선운 임이조 10주기 추모공연, 恨이 깊으니 흥도 깊더라",무용(서양/한국무용),서울,국립국악원,0.0,1,0.0,0.0,,29040000.0,7,658,0.02502353310323188,0.16059904821671372,,5.263884649917155,11.263884649917156,0.125,True
Music & Memory,서양음악(클래식),서울,쌀롱드무지끄,0.0,1,0.0,0.0,,440000.0,1,20,0.02502353310323188,0.16059904821671372,,5.263884649917155,11.263884649917156,0.125,True
SSP FINAL FESTIVAL: SOUND HOLIC,대중음악,서울,엠팟홀 (구. 삼익아트홀),0.0,1,0.0,0.0,,427000.0,0,150,0.02502353310323188,0.16059904821671372,,5.263884649917155,11.263884649917156,0.125,True
세카코모 니코 생일 기념 라이브: 推しのにこ,대중음악,서울,프리즘홀 (프리즘플러스),0.0,1,0.0,0.0,,2000000.0,1,80,0.02502353310323188,0.16059904821671372,,5.263884649917155,11.263884649917156,0.125,True
"쌀롱드무지끄, Musique together",서양음악(클래식),서울,쌀롱드무지끄,0.0,1,0.0,0.0,,560000.0,1,20,0.02502353310323188,0.16059904821671372,,5.263884649917155,11.263884649917156,0.125,True
"쌀롱드무지끄, 희비",서양음악(클래식),서울,쌀롱드무지끄,0.0,1,0.0,0.0,,297000.0,1,20,0.02502353310323188,0.16059904821671372,,5.263884649917155,11.263884649917156,0.125,True
"제14회 동서악회 정기연주회, 불멸의 춤을 만나다",한국음악(국악),서울,국립국악원,0.0,1,0.0,0.0,,0.0,7,231,0.02502353310323188,0.16059904821671372,,5.263884649917155,11.263884649917156,0.125,True
"제170회 아트엠콘서트, 바이올리니스트 이수빈",서양음악(클래식),서울,서초아트센터,0.0,1,0.0,0.0,,120000.0,0,100,0.02502353310323188,0.16059904821671372,,5.263884649917155,11.263884649917156,0.125,True
"제6회 좌창, 깊은사랑: 이채현의 경기소리, 여덟 폭",한국음악(국악),서울,선릉아트홀,0.0,1,0.0,0.0,,300000.0,5,77,0.02502353310323188,0.16059904821671372,,5.263884649917155,11.263884649917156,0.125,True
"제7회 2인전통음악축제: I AM YOU, 김강유 X 최대량: 장북놀이",한국음악(국악),서울,선릉아트홀,0.0,1,0.0,0.0,,210000.0,5,77,0.02502353310323188,0.16059904821671372,,5.263884649917155,11.263884649917156,0.125,True
"칸타빌레클래식 기획연주회 11, 정채은 바이올린 리사이틀",서양음악(클래식),서울,칸타빌레 클래식 아트홀,0.0,1,0.0,0.0,,1200000.0,0,50,0.02502353310323188,0.16059904821671372,,5.263884649917155,11.263884649917156,0.125,True
옛 것에서 현재를 찾다,한국음악(국악),서울,국립국악원,0.0,1,0.0,0.0,,0.0,7,130,0.02502353310323188,0.16059904821671372,,5.263884649917155,11.263884649917156,0.125,True
"이지혜 가야금 독주회, 산조상상 散調想像 Ⅱ",한국음악(국악),서울,국립국악원,0.0,1,0.0,0.0,,5082000.0,7,231,0.02502353310323188,0.16059904821671372,,5.263884649917155,11.263884649917156,0.125,True
제1회 김성훈 피리 독주회,한국음악(국악),서울,국립국악원,0.0,1,0.0,0.0,,0.0,7,130,0.02502353310323188,0.16059904821671372,,5.263884649917155,11.263884649917156,0.125,True
"제1회 오미송 작곡발표회, 흔들리지 않는 나무 프로젝트Ⅰ: Mother of Mine",한국음악(국악),서울,국립국악원,0.0,1,0.0,0.0,,0.0,7,231,0.02502353310323188,0.16059904821671372,,5.263884649917155,11.263884649917156,0.125,True
제26회 수원대학교 음악대학 국악과 정기연주회,한국음악(국악),서울,국립국악원,0.0,1,0.0,0.0,,0.0,7,658,0.02502353310323188,0.16059904821671372,,5.263884649917155,11.263884649917156,0.125,True
춤의 여백을 그리다,무용(서양/한국무용),서울,국립국악원,0.0,1,0.0,0.0,,6930000.0,7,231,0.02502353310323188,0.16059904821671372,,5.263884649917155,11.263884649917156,0.125,True
"홍지혜, 생황의 향악화",한국음악(국악),서울,국립국악원,0.0,1,0.0,0.0,,0.0,7,130,0.02502353310323188,0.16059904821671372,,5.263884649917155,11.263884649917156,0.125,True
"막주금라이브 Vol.33, 미지니",대중음악,서울,Cafe PPnF,0.0,1,0.0,0.0,,325000.0,2,30,0.02502353310323188,0.16059904821671372,,5.263884649917155,11.263884649917156,0.125,True
세계양금축제 개막식 공연,서양음악(클래식),서울,국립국악원,0.0,1,0.0,0.0,,0.0,7,658,0.02502353310323188,0.16059904821671372,,5.263884649917155,11.263884649917156,0.125,True
"쌀롱드무지끄, 미르텐의 살롱 Ⅰ. 카메라타: 신음악의 탄생",서양음악(클래식),서울,쌀롱드무지끄,0.0,1,0.0,0.0,,44000.0,1,20,0.02502353310323188,0.16059904821671372,,5.263884649917155,11.263884649917156,0.125,True
앙상블 안음의 꼬마신발,서양음악(클래식),서울,선릉문화공간 제이드409,0.0,1,0.0,0.0,,840000.0,0,80,0.02502353310323188,0.16059904821671372,,5.263884649917155,11.263884649917156,0.125,True
앙상블 안음의 꼬마신발,서양음악(클래식),서울,선릉문화공간 제이드409,0.0,1,0.0,0.0,,840000.0,0,80,0.02502353310323188,0.16059904821671372,,5.263884649917155,11.263884649917156,0.125,True
오늘도 아이돌 vol.16,대중음악,서울,옥타바리움 라이브홀,0.0,1,0.0,0.0,,540000.0,0,70,0.02502353310323188,0.16059904821671372,,5.263884649917155,11.263884649917156,0.125,True
정수연 작곡발표회: 봄의 흔적,한국음악(국악),서울,국립국악원,0.0,1,0.0,0.0,,0.0,7,130,0.02502353310323188,0.16059904821671372,,5.263884649917155,11.263884649917156,0.125,True
"제25회 해금연구회 정기연주회, Bowing NowⅡ: 노랫가락",한국음악(국악),서울,국립국악원,0.0,1,0.0,0.0,,4620000.0,7,231,0.02502353310323188,0.16059904821671372,,5.263884649917155,11.263884649917156,0.125,True
"제4회 영아티스트 콘서트, 샘이 맑은소리: 정세인의 정가, 세상으로",한국음악(국악),서울,선릉아트홀,0.0,1,0.0,0.0,,420000.0,5,77,0.02502353310323188,0.16059904821671372,,5.263884649917155,11.263884649917156,0.125,True
"제4회 영아티스트 콘서트, 샘이맑은소리: 이동원의 거문고, 수월경화",한국음악(국악),서울,선릉아트홀,0.0,1,0.0,0.0,,30000.0,5,77,0.02502353310323188,0.16059904821671372,,5.263884649917155,11.263884649917156,0.125,True
"제6회 좌창, 깊은사랑: 조은주의 경기소리, 소리로 잇는 시간",한국음악(국악),서울,선릉아트홀,0.0,1,0.0,0.0,,96000.0,5,77,0.02502353310323188,0.16059904821671372,,5.263884649917155,11.263884649917156,0.125,True
"최현정 바이올린 독주회, SUMMER OF LIFE",서양음악(클래식),서울,오디오가이스튜디오,0.0,1,0.0,0.0,,1122000.0,3,100,0.02502353310323188,0.16059904821671372,,5.263884649917155,11.263884649917156,0.125,True
"하프 X 핸드팬, 소리의 여정",대중음악,서울,KT&G 상상마당 라이브홀 [마포],0.0,1,0.0,0.0,,165000.0,2,150,0.02502353310323188,0.16059904821671372,,5.263884649917155,11.263884649917156,0.125,True
"DSAC 아트 페스티벌, 달서청년연극제: 첫 출근",연극,영남,달서아트센터 (구. 웃는얼굴아트센터),0.2358,1,50.0,50.0,0.0,0.0,6,212,0.11057943729735384,0.1943167555695011,0.18641360301676208,13.855070041789604,11.25952067139442,0.11609756097560976,True
"트래블 콘서트, 라라랜드!! [군산]",서양음악(클래식),호남,군산예술의전당,0.0875,1,105.0,105.0,0.0,0.0,4,1200,0.02502353310323188,0.24990978977094447,0.18641360301676208,6.28235515887785,11.229100658325414,0.1368421052631579,True
"제9회 대구 플루트 뮤직페어, 행복콘서트",서양음악(클래식),영남,수성아트피아,0.1812,1,210.0,210.0,0.0,0.0,3,1159,0.07903200502039535,0.3156678171739358,0.18641360301676208,13.752255197758018,11.156705827362833,0.1151219512195122,True
안동문화예술의전당 유료회원을 위한 캔들라이트 콘서트,서양음악(클래식),영남,안동문화예술의전당,0.2246,1,62.0,62.0,0.0,0.0,7,276,0.10480075305930342,0.204885733709863,0.18641360301676208,13.703242071744315,11.10769270134913,0.11414634146341464,True
"제2회 대구창작뮤지컬페스타, Awards 연합팀 Gala Show",뮤지컬,영남,봉산문화회관,0.2123,1,90.0,90.0,0.0,0.0,2,424,0.0961719485409476,0.2301903566572534,0.18641360301676208,13.635274944054377,11.039725573659192,0.11317073170731708,True
"ACC 공연 레지던시 결과발표회, 유키 선생님",연극,호남,국립아시아문화전당,0.0879,1,83.0,83.0,0.0,0.0,6,944,0.02502353310323188,0.22547327685388557,0.18641360301676208,6.029026705684595,10.97577220513216,0.13421052631578947,True
케이팝 루키 페스티벌,대중음악,경인,고양어울림누리,0.2732,1,100.0,100.0,0.0,0.0,8,366,0.1336941742495555,0.2421307917581843,0.18641360301676208,16.954598071748798,10.954598071748798,0.06966086159486709,True
"치매인식개선 신마당극, 심청전",연극,경인,계양문화회관,0.1887,2,300.0,150.0,0.0,0.0,2,795,0.08167294216086184,0.5066559460307498,0.18641360301676208,16.94853552437022,10.948535524370222,0.06874427131072411,True
"파이데이아 아카데미아, 고전읽기",서양음악(클래식),영남,공간울림연주홀,0.2273,1,50.0,50.0,0.0,0.0,0,220,0.10631733082313566,0.1943167555695011,0.18641360301676208,13.532141772219381,10.936592401824196,0.11219512195121951,True
"아티스트 IN 과천, 가는 봄, 오는 여름",서양음악(클래식),경인,과천시민회관,0.2357,1,219.0,219.0,0.0,0.0,5,929,0.11051406756615417,0.31930237422863716,0.18641360301676208,16.893957504166433,10.893957504166433,0.06782768102658111,True
"안동 글로벌 영아티스트 콩쿠르, 위너콘서트",서양음악(클래식),영남,안동문화예술의전당,0.1831,1,182.0,182.0,0.0,0.0,7,994,0.07981644179479135,0.29481095073737057,0.18641360301676208,13.460861704848142,10.865312334452957,0.11121951219512195,True
"ACC 공연 레지던시 결과발표회, 극장1",연극,호남,국립아시아문화전당,0.0742,1,70.0,70.0,0.0,0.0,6,944,0.02502353310323188,0.2124790816860161,0.18641360301676208,5.887564110272829,10.834309609720393,0.13157894736842105,True
푸치니서거 100주년 Forever Love Puccini,서양음악(클래식),경인,성남아트리움 (구. 성남시민회관),0.2465,1,159.0,159.0,0.0,0.0,10,645,0.11837150925635394,0.2836183453613639,0.18641360301676208,16.78966529890474,10.78966529890474,0.06691109074243813,True
"부산시립청소년교향악단 특별연주회, 유망주음악회 Ensemble",서양음악(클래식),영남,부산문화회관,0.2073,1,85.0,85.0,0.0,0.0,7,410,0.09278579646480493,0.22725525572638847,0.18641360301676208,13.276832443417314,10.68128307302213,0.11024390243902439,True
"ACC 공연 레지던시 결과발표회, 대리된 존엄",연극,호남,국립아시아문화전당,0.0561,1,53.0,53.0,0.0,0.0,6,944,0.02502353310323188,0.19781926576717918,0.18641360301676208,5.721588385509477,10.668333884957041,0.12894736842105264,True
국악교실 작품발표회 [광주],한국음악(국악),호남,예술의 전당 [광주] (구. 광주문화예술회관),0.1012,1,51.0,51.0,0.0,0.0,8,504,0.02502353310323188,0.19706228427988706,0.18641360301676208,5.7128205463589605,10.659566045806525,0.12631578947368421,True
"파이팅 콘서트 시즌Ⅳ, 무직회사",대중음악,호남,한국소리문화의전당,0.0751,1,50.0,50.0,0.0,0.0,8,666,0.02502353310323188,0.1943167555695011,0.18641360301676208,5.680849412657389,10.627594912104954,0.11973684210526316,True
"파이팅 콘서트 시즌Ⅳ, 효자동 그루브",대중음악,호남,한국소리문화의전당,0.0751,1,50.0,50.0,0.0,0.0,8,666,0.02502353310323188,0.1943167555695011,0.18641360301676208,5.680849412657389,10.627594912104954,0.11973684210526316,True
"파이팅 콘서트 시즌Ⅴ, Ep.02 이그르산 재즈 트리오",대중음악,호남,한국소리문화의전당,0.0751,1,50.0,50.0,0.0,0.0,8,666,0.02502353310323188,0.1943167555695011,0.18641360301676208,5.680849412657389,10.627594912104954,0.11973684210526316,True
"파이팅 콘서트 시즌Ⅴ, Ep.01 소리어스",서양음악(클래식),호남,한국소리문화의전당,0.0751,1,50.0,50.0,0.0,0.0,8,666,0.02502353310323188,0.1943167555695011,0.18641360301676208,5.680849412657389,10.627594912104954,0.11973684210526316,True
이상연 & 김세은 피아노 듀오 콘서트,서양음악(클래식),경인,성남아트센터,0.2646,1,100.0,100.0,0.0,0.0,7,378,0.12896140571069972,0.2421307917581843,0.18641360301676208,16.591890157069354,10.591890157069354,0.06461961503208066,True
울림콘서트: 해설과 함께하는 선인 성악가들의 클래식 연주,서양음악(클래식),경인,성남아트센터,0.2646,1,100.0,100.0,0.0,0.0,7,378,0.12896140571069972,0.2421307917581843,0.18641360301676208,16.591890157069354,10.591890157069354,0.06461961503208066,True
김세은 피아노 독주회: 피아노 앤솔러지 Ⅰ,서양음악(클래식),경인,성남아트센터,0.2646,1,100.0,100.0,0.0,0.0,7,378,0.12896140571069972,0.2421307917581843,0.18641360301676208,16.591890157069354,10.591890157069354,0.06461961503208066,True
명곡 해설이있는 골든앙상블 콘서트 [성남],서양음악(클래식),경인,성남아트센터,0.2646,1,100.0,100.0,0.0,0.0,7,378,0.12896140571069972,0.2421307917581843,0.18641360301676208,16.591890157069354,10.591890157069354,0.06461961503208066,True
전국 어린이 동요대회: 리틀스타 [성남],서양음악(클래식),경인,성남아트센터,0.2232,1,246.0,246.0,0.0,0.0,7,1102,0.10425164731722623,0.33259204058152914,0.18641360301676208,16.581144205737345,10.581144205737345,0.06232813932172319,True
제9회 남윤지 제자연주회,서양음악(클래식),경인,안산문화예술의전당,0.2402,1,172.0,172.0,0.0,0.0,6,716,0.11410940278213576,0.2901762367953143,0.18641360301676208,16.57515495320378,10.575154953203779,0.0614115490375802,True
"ACC 공연 레지던시 결과발표회, 잠식된 방",무용(서양/한국무용),호남,국립아시아문화전당,0.0477,1,45.0,45.0,0.0,0.0,6,944,0.02502353310323188,0.1893172785273507,0.18641360301676208,5.621927983981113,10.568673483428677,0.11315789473684211,True
20세기 투피아노 현대음악제,서양음악(클래식),경인,성남아트센터,0.2619,1,99.0,99.0,0.0,0.0,7,378,0.12766708503294635,0.2364109402782136,0.18641360301676208,16.33482152024039,10.33482152024039,0.06049495875343722,True
"전주시립교향악단, 유망주 발굴시리즈 DEBUT CONCERT",서양음악(클래식),호남,한국소리문화의전당,0.0225,1,15.0,15.0,0.0,0.0,8,666,0.02502353310323188,0.16059904821671372,0.18641360301676208,5.263884649917155,10.210630149364718,0.056578947368421055,True
"국립민속국악원 송년공연, 송년 국악잔치",한국음악(국악),호남,국립민속국악원,0.0,1,0.0,0.0,,0.0,1,644,0.02502353310323188,0.16059904821671372,,5.263884649917155,10.210630149364718,0.056578947368421055,True
"국립민속국악원 국악연주단 정기공연: 민속음악, 거목(巨木)",한국음악(국악),호남,국립민속국악원,0.0,1,0.0,0.0,,0.0,1,644,0.02502353310323188,0.16059904821671372,,5.263884649917155,10.210630149364718,0.056578947368421055,True
"국립남도국악원 토요상설, 국악이 좋다: 입고출신(入古出新)",한국음악(국악),호남,국립남도국악원,0.0,1,0.0,0.0,,0.0,5,520,0.02502353310323188,0.16059904821671372,,5.263884649917155,10.210630149364718,0.056578947368421055,True
"국립남도국악원 토요상설, 국악이 좋다: 변검사자 탈출사건",한국음악(국악),호남,국립남도국악원,0.0,1,0.0,0.0,,0.0,5,520,0.02502353310323188,0.16059904821671372,,5.263884649917155,10.210630149364718,0.056578947368421055,True
"국립부산국악원, 왔구나 연희야!",한국음악(국악),호남,국립민속국악원,0.0,1,0.0,0.0,,0.0,1,644,0.02502353310323188,0.16059904821671372,,5.263884649917155,10.210630149364718,0.056578947368421055,True
"국립남도국악원 토요상설, 국악이 좋다: 가락 프로젝트 네 번재 시리즈 RE: 소월",한국음악(국악),호남,국립남도국악원,0.0,1,0.0,0.0,,0.0,5,520,0.02502353310323188,0.16059904821671372,,5.263884649917155,10.210630149364718,0.056578947368421055,True
"국립남도국악원 토요상설, 국악이 좋다: 흥과 신명",한국음악(국악),호남,국립남도국악원,0.0,1,0.0,0.0,,0.0,5,520,0.02502353310323188,0.16059904821671372,,5.263884649917155,10.210630149364718,0.056578947368421055,True
"달빛 연극 교류전, 오! 금남식당 [광주]",연극,호남,광주 민들레소극장,0.0,1,0.0,0.0,,204000.0,0,150,0.02502353310323188,0.16059904821671372,,5.263884649917155,10.210630149364718,0.056578947368421055,True
"빛고을 어린이 연극잔치, 이야기꾼들이 들려주는 해와 달의 이야기 [광주]",연극,호남,예린소극장,0.0,1,0.0,0.0,,60000.0,1,36,0.02502353310323188,0.16059904821671372,,5.263884649917155,10.210630149364718,0.056578947368421055,True
"빛고을 어린이 연극잔치, 푸름이와 지구탐험대 [광주]",연극,호남,공연일번지,0.0,1,0.0,0.0,,12000.0,0,70,0.02502353310323188,0.16059904821671372,,5.263884649917155,10.210630149364718,0.056578947368421055,True
"굿음악축제, 운수대통 만사형통 굿!: 동해안별신굿",한국음악(국악),호남,국립남도국악원,0.0,1,0.0,0.0,,0.0,5,520,0.02502353310323188,0.16059904821671372,,5.263884649917155,10.210630149364718,0.056578947368421055,True
빨간모자 [광주],연극,호남,예술극장 통,0.0,1,0.0,0.0,,56000.0,1,100,0.02502353310323188,0.16059904821671372,,5.263884649917155,10.210630149364718,0.056578947368421055,True
국립남도국악원 개원 20주년 기념 해외동포 및 국악단체 특별 초청공연: 한국을 가슴에 품다 [진도],한국음악(국악),호남,국립남도국악원,0.0,1,0.0,0.0,,0.0,5,520,0.02502353310323188,0.16059904821671372,,5.263884649917155,10.210630149364718,0.056578947368421055,True
"빛고을 어린이 연극잔치, 찰리아저씨의 업사이클링 마술여행",서커스/마술,호남,공연일번지,0.0,1,0.0,0.0,,48000.0,0,70,0.02502353310323188,0.16059904821671372,,5.263884649917155,10.210630149364718,0.056578947368421055,True
시니어를 위한 타임캡슐 음악다방,대중음악,호남,이룸 아트홀 [전주],0.0,1,0.0,0.0,,280000.0,0,150,0.02502353310323188,0.16059904821671372,,5.263884649917155,10.210630149364718,0.056578947368421055,True
"국립남도국악원 토요상설, 국악이 좋다: 깨비 친구 삽살이",한국음악(국악),호남,국립남도국악원,0.0,1,0.0,0.0,,0.0,5,520,0.02502353310323188,0.16059904821671372,,5.263884649917155,10.210630149364718,0.056578947368421055,True
"굿음악축제, 운수대통 만사형통 굿!: 제주 칠머리당 영등굿 (초감제)",한국음악(국악),호남,국립남도국악원,0.0,1,0.0,0.0,,0.0,5,520,0.02502353310323188,0.16059904821671372,,5.263884649917155,10.210630149364718,0.056578947368421055,True
숲속음악대 덩따쿵 [남원],한국음악(국악),호남,국립민속국악원,0.0,1,0.0,0.0,,0.0,1,644,0.02502353310323188,0.16059904821671372,,5.263884649917155,10.210630149364718,0.056578947368421055,True
김성광의 재즈 콘서트 Holygwangs JAZZ concert: The GIFT [광주],대중음악,호남,서빛마루문화예술회관,0.0,1,0.0,0.0,,60000.0,0,324,0.02502353310323188,0.16059904821671372,,5.263884649917155,10.210630149364718,0.056578947368421055,True
경셩유행가: 판을 나온 소리 [남원],한국음악(국악),호남,국립민속국악원,0.0,1,0.0,0.0,,0.0,1,644,0.02502353310323188,0.16059904821671372,,5.263884649917155,10.210630149364718,0.056578947368421055,True
국립민속국악원 무용단 정기공연: 길,무용(서양/한국무용),호남,국립민속국악원,0.0,1,0.0,0.0,,0.0,1,644,0.02502353310323188,0.16059904821671372,,5.263884649917155,10.210630149364718,0.056578947368421055,True
"굿음악축제, 국립국악원 교류공연: 꽃신 신고 훨훨",한국음악(국악),호남,국립남도국악원,0.0,1,0.0,0.0,,0.0,5,520,0.02502353310323188,0.16059904821671372,,5.263884649917155,10.210630149364718,0.056578947368421055,True
"달빛 연극 교류전, 원맨쇼 햄릿 [광주]",연극,호남,예린소극장,0.0,1,0.0,0.0,,12000.0,1,36,0.02502353310323188,0.16059904821671372,,5.263884649917155,10.210630149364718,0.056578947368421055,True
"국립남도국악원 토요상설, 국악이 좋다: 공명콘서트-공명유희",한국음악(국악),호남,국립남도국악원,0.0,1,0.0,0.0,,0.0,5,520,0.02502353310323188,0.16059904821671372,,5.263884649917155,10.210630149364718,0.056578947368421055,True
"국립남도국악원 토요상설, 국악이 좋다: 광복절 기념 기획공연, 그날",한국음악(국악),호남,국립남도국악원,0.0,1,0.0,0.0,,0.0,5,520,0.02502353310323188,0.16059904821671372,,5.263884649917155,10.210630149364718,0.056578947368421055,True
"굿음악축제, 운수대통 만사형통 굿!: 부천성주굿",한국음악(국악),호남,국립남도국악원,0.0,1,0.0,0.0,,0.0,5,520,0.02502353310323188,0.16059904821671372,,5.263884649917155,10.210630149364718,0.056578947368421055,True
"설 공연, 갑진 새해",한국음악(국악),호남,국립민속국악원,0.0,1,0.0,0.0,,0.0,1,644,0.02502353310323188,0.16059904821671372,,5.263884649917155,10.210630149364718,0.056578947368421055,True
"인천시립무용단 교류공연, 만찬: 진, 오귀 [진도]",무용(서양/한국무용),호남,국립남도국악원,0.0,1,0.0,0.0,,0.0,5,520,0.02502353310323188,0.16059904821671372,,5.263884649917155,10.210630149364718,0.056578947368421055,True
"진도국악고등학교 국악제: 우리들의 울림, 과거와 현재를 잇다",한국음악(국악),호남,국립남도국악원,0.0,1,0.0,0.0,,0.0,5,520,0.02502353310323188,0.16059904821671372,,5.263884649917155,10.210630149364718,0.056578947368421055,True
"차와 이야기가 있는 국악콘서트, 다담 [전북 남원]",한국음악(국악),호남,국립민속국악원,0.0,1,0.0,0.0,,0.0,1,100,0.02502353310323188,0.16059904821671372,,5.263884649917155,10.210630149364718,0.056578947368421055,True
"차와 이야기가 있는 국악콘서트, 다담 [전북 남원]",한국음악(국악),호남,국립민속국악원,0.0,1,0.0,0.0,,0.0,1,100,0.02502353310323188,0.16059904821671372,,5.263884649917155,10.210630149364718,0.056578947368421055,True
"빛고을 어린이 연극잔치, 새치미와 덜렁이 [광주]",연극,호남,공연일번지,0.0,1,0.0,0.0,,12000.0,0,70,0.02502353310323188,0.16059904821671372,,5.263884649917155,10.210630149364718,0.056578947368421055,True
"소리 판, 완창무대: 오민아의 강산제 심청가",한국음악(국악),호남,국립민속국악원,0.0,1,0.0,0.0,,0.0,1,100,0.02502353310323188,0.16059904821671372,,5.263884649917155,10.210630149364718,0.056578947368421055,True
토요국악무대(11.18),한국음악(국악),호남,국립민속국악원,0.0,1,0.0,0.0,,0.0,1,644,0.02502353310323188,0.16059904821671372,,5.263884649917155,10.210630149364718,0.056578947368421055,True
"국립민속국악원 추석특별공연, 추풍명월 [남원]",한국음악(국악),호남,국립민속국악원,0.0,1,0.0,0.0,,0.0,1,644,0.02502353310323188,0.16059904821671372,,5.263884649917155,10.210630149364718,0.056578947368421055,True
"광주시립창극단 교류공연, 천변만화",한국음악(국악),호남,국립민속국악원,0.0,1,0.0,0.0,,0.0,1,644,0.02502353310323188,0.16059904821671372,,5.263884649917155,10.210630149364718,0.056578947368421055,True
"국립남도국악원 토요상설, 국악이 좋다: 백수지왕 (百獸之王)",한국음악(국악),호남,국립남도국악원,0.0,1,0.0,0.0,,0.0,5,520,0.02502353310323188,0.16059904821671372,,5.263884649917155,10.210630149364718,0.056578947368421055,True
"국립남도국악원 토요상설, 국악이 좋다: 진도씻김굿",한국음악(국악),호남,국립남도국악원,0.0,1,0.0,0.0,,0.0,5,520,0.02502353310323188,0.16059904821671372,,5.263884649917155,10.210630149364718,0.056578947368421055,True
"국립남도국악원 토요상설, 국악이 좋다: 내가 반장이 된다면",한국음악(국악),호남,국립남도국악원,0.0,1,0.0,0.0,,0.0,5,520,0.02502353310323188,0.16059904821671372,,5.263884649917155,10.210630149364718,0.056578947368421055,True
"굿음악축제, 운수대통 만사형통 굿!: 진도다시래기, 진도만가",한국음악(국악),호남,국립남도국악원,0.0,1,0.0,0.0,,0.0,5,520,0.02502353310323188,0.16059904821671372,,5.263884649917155,10.210630149364718,0.056578947368421055,True
"빛고을 어린이 연극잔치, 망태할아버지가 온다 [광주]",연극,호남,예린소극장,0.0,1,0.0,0.0,,42000.0,1,36,0.02502353310323188,0.16059904821671372,,5.263884649917155,10.210630149364718,0.056578947368421055,True
부산솔로이스츠 앙상블과 함께하는 MoZart 프로젝트,서양음악(클래식),영남,부산문화회관,0.1602,1,227.0,227.0,0.0,0.0,7,1417,0.06887354879196737,0.3231657253425374,0.18641360301676208,12.782081847303312,10.186532476908127,0.10926829268292683,True
제51회 대구소년소녀관현악단 창단30주년기념 정기연주회,서양음악(클래식),영남,대구콘서트하우스,0.1628,1,209.0,209.0,0.0,0.0,7,1284,0.06984102081372241,0.3149905867587073,0.18641360301676208,12.758081650792993,10.162532280397809,0.10829268292682927,True
신윤원 윤혜경 두오 연주회,서양음악(클래식),경인,성남아트센터,0.254,1,96.0,96.0,0.0,0.0,7,378,0.12344420039744797,0.23465772408743857,0.18641360301676208,15.96086249932477,9.96086249932477,0.05957836846929423,True
"부산,영남 대학국악축제, 지음 Ⅲ [부산]",한국음악(국악),영남,국립부산국악원,0.1749,1,120.0,120.0,0.0,0.0,5,686,0.07650873339608827,0.2591203848969773,0.18641360301676208,12.463133281041971,9.867583910646786,0.1073170731707317,True
"제2회 대구창작뮤지컬페스타, 함께해 Dream 창작 리딩공연",뮤지컬,영남,봉산문화회관,0.225,1,18.0,18.0,0.0,0.0,2,80,0.10515374960778161,0.16059904821671372,0.18641360301676208,12.45638563346901,9.860836263073825,0.10634146341463414,True
21세기 만무방들,연극,기타,아트팩토리 봄,0.0,9,0.0,0.0,,87000.0,0,82,0.02502353310323188,0.47415803786214833,,8.116679991143124,9.80460841520122,0.12804878048780488,True
라이징스타,서양음악(클래식),기타,춘천문화예술회관,0.117,2,220.0,110.0,0.0,0.0,3,940,0.02502353310323188,0.4700776592406652,0.18641360301676208,8.08866821301691,9.776596637075004,0.12195121951219512,True
단오 Good luck Good rock,한국음악(국악),기타,강릉단오제전수교육관(구. 단오문화관),0.0883,3,120.0,40.0,0.0,0.0,5,453,0.02502353310323188,0.4551707457378935,0.18641360301676208,7.985073419559022,9.673001843617117,0.11585365853658537,True
제5회 인천브라스밴드 오케스트라 정기연주회 [인천],서양음악(클래식),경인,인천중구문화회관,0.2273,1,145.0,145.0,0.0,0.0,2,638,0.10631733082313566,0.27540921451730993,0.18641360301676208,15.55800209040048,9.55800209040048,0.05866177818515124,True
비욘드 아리랑 [정선],연극,기타,정선문화예술회관,0.0,4,0.0,0.0,,98750.0,2,418,0.02502353310323188,0.42182956803681626,,7.74575907023103,9.433687494289124,0.10975609756097561,True
제1회 부울경 청소년 교류음악회,서양음악(클래식),영남,부산학생예술문화회관,0.1572,1,157.0,157.0,0.0,0.0,5,999,0.06793222466269219,0.2829881811525991,0.18641360301676208,12.021338366004281,9.425788995609096,0.10536585365853658,True
제31회 경산시립합창단 정기연주회: 헨델의 메시아,서양음악(클래식),영남,천마아트센터,0.1392,1,263.0,263.0,0.0,0.0,7,1889,0.05961719485409476,0.341219537705261,0.18641360301676208,11.979438949492142,9.383889579096957,0.10439024390243902,True
"제43회 대구음악제, 피아노 & 실용: Appassionato",서양음악(클래식),영남,대구콘서트하우스,0.1976,1,49.0,49.0,0.0,0.0,7,248,0.0870724819579542,0.19161437088170696,0.18641360301676208,11.937126204291355,9.34157683389617,0.10341463414634146,True
제38회 성남전국무용경연대회,무용(서양/한국무용),경인,성남아트리움 (구. 성남시민회관),0.2186,1,141.0,141.0,0.0,0.0,10,645,0.1020290764564376,0.2730990482167137,0.18641360301676208,15.127335813258757,9.127335813258757,0.05774518790100825,True
"소리온 10주년 기념 환경음악극, 블루 포레스트 인 포항",한국음악(국악),영남,포항문화예술회관,0.1511,1,147.0,147.0,0.0,0.0,4,973,0.0655266185545445,0.27617665516159395,0.18641360301676208,11.649986992724,9.054437622328814,0.1024390243902439,True
"제9회 대구 플루트 뮤직페어, 영아티스트콘서트",서양음악(클래식),영남,수성아트피아,0.1475,1,171.0,171.0,0.0,0.0,3,1159,0.06317330823135656,0.28970165254680474,0.18641360301676208,11.617175794565563,9.021626424170378,0.10146341463414635,True
The Kandle [원주],서양음악(클래식),기타,드림아트홀 [원주],0.0,2,0.0,0.0,,4056000.0,1,150,0.02502353310323188,0.3425033992260224,,7.126480996436832,8.814409420494925,0.07926829268292683,True
PASS [속초],연극,기타,속초문화예술회관,0.0,2,0.0,0.0,,1212000.0,1,579,0.02502353310323188,0.3425033992260224,,7.126480996436832,8.814409420494925,0.07926829268292683,True
소양 [춘천],연극,기타,축제극장몸짓,0.0,2,0.0,0.0,,209250.0,2,124,0.02502353310323188,0.3425033992260224,,7.126480996436832,8.814409420494925,0.07926829268292683,True
가난한 크리스마스 [춘천],연극,기타,춘천인형극장,0.0,2,0.0,0.0,,1026000.0,5,485,0.02502353310323188,0.3425033992260224,,7.126480996436832,8.814409420494925,0.07926829268292683,True
"그룹 난장 TIME 시리즈, 봄이 오는 길 & 우뚝",연극,기타,축제극장몸짓,0.0,2,0.0,0.0,,138000.0,2,124,0.02502353310323188,0.3425033992260224,,7.126480996436832,8.814409420494925,0.07926829268292683,True
소프라노 이효영 독창회: 듣는 순간 파리 도착 [춘천],서양음악(클래식),기타,예나아트홀,0.0,2,0.0,0.0,,185000.0,1,80,0.02502353310323188,0.3425033992260224,,7.126480996436832,8.814409420494925,0.07926829268292683,True
손 없는 색시 [춘천],연극,기타,춘천인형극장,0.0,2,0.0,0.0,,117000.0,5,485,0.02502353310323188,0.3425033992260224,,7.126480996436832,8.814409420494925,0.07926829268292683,True
The Kandle [원주],서양음악(클래식),기타,드림아트홀 [원주],0.0,2,0.0,0.0,,4056000.0,1,150,0.02502353310323188,0.3425033992260224,,7.126480996436832,8.814409420494925,0.07926829268292683,True
달의 바다 [춘천],연극,기타,축제극장몸짓,0.0,2,0.0,0.0,,208000.0,2,124,0.02502353310323188,0.3425033992260224,,7.126480996436832,8.814409420494925,0.07926829268292683,True
제13회 안산해양심포니 오케스트라 정기연주회,서양음악(클래식),경인,안산문화예술의전당,0.1863,1,293.0,293.0,0.0,0.0,6,1573,0.08094080117142559,0.35509099466582994,0.18641360301676208,14.622996049902923,8.622996049902923,0.056370302474793764,True
제12회 안산해양심포니 오케스트라 정기연주회,서양음악(클래식),경인,안산문화예술의전당,0.1863,1,293.0,293.0,0.0,0.0,6,1573,0.08094080117142559,0.35509099466582994,0.18641360301676208,14.622996049902923,8.622996049902923,0.056370302474793764,True
"SAC on SCREEN, 보물섬",연극,영남,안동문화예술의전당,0.1449,1,144.0,144.0,0.0,0.0,7,994,0.06156521284384479,0.27495031900428824,0.18641360301676208,11.202189686936427,8.606640316541242,0.10048780487804879,True
부산시민을 위한 나라사랑 음악회,서양음악(클래식),영남,부산시민회관,0.1308,1,210.0,210.0,0.0,0.0,7,1606,0.055786528605794375,0.3156678171739358,0.18641360301676208,11.15860040253901,8.563051032143825,0.09951219512195122,True
숨쉬는 바닷말 [영덕],뮤지컬,영남,예주문화예술회관,0.1544,1,82.0,82.0,0.0,0.0,4,531,0.06697782658717708,0.22500915176236796,0.18641360301676208,10.875236330188935,8.27968695979375,0.09853658536585366,True
"대한민국 청소년 교향악 축제, 마루한 청소년 오케스트라",서양음악(클래식),영남,안동문화예술의전당,0.1368,1,136.0,136.0,0.0,0.0,7,994,0.05833594812258132,0.2690971132726702,0.18641360301676208,10.752894183012167,8.157344812616982,0.0975609756097561,True
"부산.영남 국악대학축제, 지음知音Ⅱ",한국음악(국악),영남,국립부산국악원,0.1458,1,100.0,100.0,0.0,0.0,5,686,0.06211431858592197,0.2421307917581843,0.18641360301676208,10.703727497296134,8.108178126900949,0.09658536585365854,True
"제22회 경기인형극제, 타 렌트 쇼 [수원]",연극,경인,경기상상캠퍼스 M3,0.15,4,60.0,15.0,0.0,0.0,3,100,0.06468988599518878,0.43940095178328625,0.18641360301676208,13.920224157729756,7.920224157729756,0.054995417048579284,True
제14회 부산마루국제음악제 앙상블콘서트 V,서양음악(클래식),영남,을숙도문화회관,0.1395,1,100.0,100.0,0.0,0.0,4,717,0.05965641669281456,0.2421307917581843,0.18641360301676208,10.447546361310042,7.8519969909148575,0.09560975609756098,True
"춘천문화예술회관 개관 30주년 기념, 우리 여기에: 둘째날 무대로",서양음악(클래식),기타,춘천문화예술회관,0.0957,1,90.0,90.0,0.0,0.0,3,940,0.02502353310323188,0.2301903566572534,0.18641360301676208,6.079166346094668,7.767094770152763,0.04878048780487805,True
"춘천문화예술회관 개관 30주년 기념, 우리 여기에: 셋째날 로비로",서양음악(클래식),기타,춘천문화예술회관,0.0745,1,70.0,70.0,0.0,0.0,3,940,0.02502353310323188,0.2124790816860161,0.18641360301676208,5.887564110272829,7.575492534330924,0.042682926829268296,True
"수요공감, 황규선무용단",무용(서양/한국무용),영남,국립부산국악원,0.1558,1,43.0,43.0,0.0,0.0,5,276,0.06737004497437507,0.18817723041522855,0.18641360301676208,10.160309355107561,7.564759984712376,0.09463414634146342,True
제15회 피아체레앙상블 기획연주회,서양음악(클래식),경인,안산문화예술의전당,0.1927,1,138.0,138.0,0.0,0.0,6,716,0.08471917163476624,0.2705522434891748,0.18641360301676208,13.479987089029322,7.479987089029322,0.054078826764436295,True
"NPAF, 매직콘서트: 오지훈 매직쇼",서커스/마술,경인,남동소래아트홀,0.192,1,135.0,135.0,0.0,0.0,2,703,0.08443154481748771,0.26846956385315346,0.18641360301676208,13.410990788215205,7.410990788215205,0.05224564619615032,True
"NPAF, 인천 아마레 오페라단: 블랙코미디 오페라, 버섯 피자",서양음악(클래식),경인,남동소래아트홀,0.192,1,135.0,135.0,0.0,0.0,2,703,0.08443154481748771,0.26846956385315346,0.18641360301676208,13.410990788215205,7.410990788215205,0.05224564619615032,True
"NPAF, 재즈와 오페라의 짜릿한 만남: JAPERA",서양음악(클래식),경인,남동소래아트홀,0.192,1,135.0,135.0,0.0,0.0,2,703,0.08443154481748771,0.26846956385315346,0.18641360301676208,13.410990788215205,7.410990788215205,0.05224564619615032,True
"연극, 우리를 잇: 다 시즌4 발표공연: 소심한 가족",연극,영남,사천문화예술회관,0.1247,1,102.0,102.0,0.0,0.0,4,818,0.053616253529965484,0.24836575672000838,0.18641360301676208,9.899529758154054,7.30398038775887,0.09365853658536585,True
단오 Good luck Good rock (11월),한국음악(국악),기타,강릉단오제전수교육관(구. 단오문화관),0.0883,1,40.0,40.0,0.0,0.0,5,453,0.02502353310323188,0.1851741449639159,0.18641360301676208,5.572387587324681,7.260316011382776,0.036585365853658534,True
"한국음악 연주회, 법고창신 [안산]",한국음악(국악),경인,보노마루,0.2217,1,45.0,45.0,0.0,0.0,1,203,0.10337569291915072,0.1893172785273507,0.18641360301676208,13.168222657260623,7.168222657260623,0.05041246562786435,True
"대한민국 청소년 교향악 축제, 대구 국제 청소년오케스트라",서양음악(클래식),영남,안동문화예술의전당,0.1197,1,119.0,119.0,0.0,0.0,7,994,0.05094916849701914,0.2576011923438971,0.18641360301676208,9.74229795883742,7.146748588442236,0.09268292682926829,True
"남양주시립합창단 기획연주회, 힐링하러 가요 [평내]",서양음악(클래식),경인,평내도서관,0.2123,1,69.0,69.0,0.0,0.0,5,325,0.0961719485409476,0.2093426419830562,0.18641360301676208,13.127200832856884,7.127200832856884,0.04949587534372136,True
"연극, 우리를 잇: 다 시즌4 발표공연: 또랑, 그대는 봄 [사천]",연극,영남,사천문화예술회관,0.1222,1,100.0,100.0,0.0,0.0,4,818,0.05274029913188997,0.2421307917581843,0.18641360301676208,9.702989514842878,7.107440144447693,0.09170731707317073,True
The Kandle [춘천],서양음악(클래식),기타,봄내극장,0.0,1,0.0,0.0,,4165000.0,1,137,0.02502353310323188,0.16059904821671372,,5.263884649917155,6.9518130739752495,0.018292682926829267,True
"창작관현악 신림: 신비의 숲, 신림에서 펼쳐지는 환상적인 모험",서양음악(클래식),기타,원주문화원,0.0,1,0.0,0.0,,70000.0,2,260,0.02502353310323188,0.16059904821671372,,5.263884649917155,6.9518130739752495,0.018292682926829267,True
"미련, 곰탱이 [원주]",연극,기타,원주중앙청소년문화의집,0.0,1,0.0,0.0,,140000.0,1,80,0.02502353310323188,0.16059904821671372,,5.263884649917155,6.9518130739752495,0.018292682926829267,True
The Kandle [춘천],서양음악(클래식),기타,봄내극장,0.0,1,0.0,0.0,,4165000.0,1,95,0.02502353310323188,0.16059904821671372,,5.263884649917155,6.9518130739752495,0.018292682926829267,True
헤비메탈 걸스 [양구],연극,기타,양구문화복지센터,0.0,1,0.0,0.0,,510000.0,1,309,0.02502353310323188,0.16059904821671372,,5.263884649917155,6.9518130739752495,0.018292682926829267,True
"남양주시립합창단 기획연주회, 힐링하러 가요 [오남]",서양음악(클래식),경인,오남도서관,0.2065,1,64.0,64.0,0.0,0.0,5,310,0.09239357807760694,0.2057786842380504,0.18641360301676208,12.727562139855507,6.727562139855507,0.04857928505957837,True
넌 특별하단다 1회 [서귀포],뮤지컬,제주,서귀포예술의전당,0.1334,1,107.0,107.0,0.0,0.0,5,802,0.05689781403618868,0.25090602447442734,0.18641360301676208,10.300582494223415,6.549907147021492,0.13043478260869565,True
조선의 뚜야 [울산],뮤지컬,영남,현대예술관,0.10615714,7,162.0,23.14,0.0,0.0,8,218,0.02502353310323188,0.5334666875849807,0.18641360301676208,8.508482284685474,5.912932914290289,0.09024390243902439,True
조선의 뚜야 [울산],뮤지컬,영남,현대예술관,0.10615714,7,162.0,23.14,0.0,0.0,8,218,0.02502353310323188,0.5334666875849807,0.18641360301676208,8.508482284685474,5.912932914290289,0.09024390243902439,True
김진욱 대금 독주회: 연(演) Ⅳ,한국음악(국악),경인,성남아트센터,0.1852,1,70.0,70.0,0.0,0.0,7,378,0.08048321305302793,0.2124790816860161,0.18641360301676208,11.867238096964595,5.867238096964595,0.04766269477543538,True
엄지공주 [구미],뮤지컬,영남,롯데마트 어린이소극장 [구미],0.0,18,0.0,0.0,,317722.0,7,184,0.02502353310323188,0.49953456751385844,,8.287726212075869,5.692176841680684,0.08878048780487804,True
"이게, 로맨스?! [부산]",연극,영남,나다소극장,0.0,15,0.0,0.0,,282800.0,2,80,0.02502353310323188,0.4859834222361678,,8.19705329829954,5.601503927904355,0.08780487804878048,True
조선의 뚜야 [울산],뮤지컬,영남,현대예술관,0.0908,5,99.0,19.8,0.0,0.0,8,218,0.02502353310323188,0.47788803472440117,0.18641360301676208,8.142160137561213,5.546610767166028,0.08634146341463414,True
조선의 뚜야 [울산],뮤지컬,영남,현대예술관,0.0908,5,99.0,19.8,0.0,0.0,8,218,0.02502353310323188,0.47788803472440117,0.18641360301676208,8.142160137561213,5.546610767166028,0.08634146341463414,True
라푼젤 [울산 진장],뮤지컬,영남,레미어린이극장 [울산진장],0.0,8,0.0,0.0,,704250.0,10,193,0.02502353310323188,0.46992207928041,,8.087597275373874,5.492047904978689,0.08487804878048781,True
안동 글로벌 영아티스트 콩쿠르,서양음악(클래식),영남,안동문화예술의전당,0.04256667,3,127.0,42.33,0.0,0.0,7,994,0.02502353310323188,0.45907070390126553,0.18641360301676208,8.012370225603982,5.4168208552087975,0.08390243902439025,True
구둣방 할아버지와 요정들 [대전],뮤지컬,충청,조이마루아트홀 (복합문화공간 플랜에이),0.0,22,0.0,0.0,,702705.0,5,196,0.02502353310323188,0.49953456751385844,,8.287726212075869,5.314707867059978,0.1004566210045662,True
가난 포르노 [청주],연극,충청,예술나눔 터,0.0,17,0.0,0.0,,68294.0,3,106,0.02502353310323188,0.49953456751385844,,8.287726212075869,5.314707867059978,0.1004566210045662,True
"잘 가 그래이, 내는 이제 껍데기다 [청주]",연극,충청,정심아트홀,0.0,16,0.0,0.0,,109125.0,0,83,0.02502353310323188,0.49953456751385844,,8.287726212075869,5.314707867059978,0.1004566210045662,True
내 모든 걸 [청주],연극,충청,정심아트홀,0.0,26,0.0,0.0,,140615.0,0,83,0.02502353310323188,0.49953456751385844,,8.287726212075869,5.314707867059978,0.1004566210045662,True
내 모든 걸 [청주],연극,충청,정심아트홀,0.0,26,0.0,0.0,,140615.0,0,83,0.02502353310323188,0.49953456751385844,,8.287726212075869,5.314707867059978,0.1004566210045662,True
뻔뻔한 이야기 [부산],연극,영남,나다소극장,0.0,5,0.0,0.0,,122000.0,2,80,0.02502353310323188,0.438087020186173,,7.863815785172015,5.26826641477683,0.08292682926829269,True
사운드브릿지,대중음악,제주,BeIN(비인),0.1391,1,21.0,21.0,0.0,0.0,1,151,0.05948645539169543,0.16737658194749502,0.18641360301676208,8.997642484864235,5.246967137662312,0.11956521739130435,True
"성북동, 그 곳 [부산]",연극,영남,효로인디아트홀,0.0962,4,40.0,10.0,0.0,0.0,0,104,0.02502353310323188,0.4315683505909424,0.18641360301676208,7.816800212664478,5.221250842269292,0.08195121951219513,True
산타와 외계인 [울산],뮤지컬,영남,토마토소극장,0.0,4,0.0,0.0,,163125.0,1,125,0.02502353310323188,0.42182956803681626,,7.74575907023103,5.150209699835845,0.07902439024390244,True
"제21회 호러와 함께 대구국제 힐링공연예술제, 진달래",연극,영남,골목실험극장,0.0,4,0.0,0.0,,47250.0,1,100,0.02502353310323188,0.42182956803681626,,7.74575907023103,5.150209699835845,0.07902439024390244,True
우리는 언제나 ㅇㅇ 였다 [부산],연극,영남,소극장 6번출구,0.0,4,0.0,0.0,,69000.0,0,90,0.02502353310323188,0.42182956803681626,,7.74575907023103,5.150209699835845,0.07902439024390244,True
악당의 색: Red [부산],뮤지컬,영남,부산시민회관,0.0,4,0.0,0.0,,196500.0,7,385,0.02502353310323188,0.42182956803681626,,7.74575907023103,5.150209699835845,0.07902439024390244,True
난쟁이들 [부산],연극,영남,일터 소극장,0.0,4,0.0,0.0,,350250.0,0,100,0.02502353310323188,0.42182956803681626,,7.74575907023103,5.150209699835845,0.07902439024390244,True
겨울왕국 [천안],뮤지컬,충청,JB소극장,0.0,6,0.0,0.0,,756667.0,0,90,0.02502353310323188,0.4548151344001674,,7.982577434490552,5.00955908947466,0.0867579908675799,True
드로잉 매직쇼 크레용용 [거제],서커스/마술,영남,거제시청소년수련관,0.00083333,3,1.0,0.33,0.0,0.0,2,404,0.02502353310323188,0.39455077920719595,0.18641360301676208,7.541371565383483,4.945822194988297,0.07170731707317073,True
신데렐라 [대구 달성],뮤지컬,영남,달성문화원,0.0,3,0.0,0.0,,1440000.0,0,190,0.02502353310323188,0.39455077920719595,,7.541371565383483,4.945822194988297,0.07170731707317073,True
원맨쇼,연극,영남,공간소극장 [대연역],0.0,3,0.0,0.0,,40000.0,0,50,0.02502353310323188,0.39455077920719595,,7.541371565383483,4.945822194988297,0.07170731707317073,True
시절: 누구나 한번쯤 마주했던 [부산],연극,영남,나다소극장,0.0,3,0.0,0.0,,179333.0,2,80,0.02502353310323188,0.39455077920719595,,7.541371565383483,4.945822194988297,0.07170731707317073,True
신데렐라 [부산 기장],뮤지컬,영남,기장군청,0.0,3,0.0,0.0,,393333.0,3,383,0.02502353310323188,0.39455077920719595,,7.541371565383483,4.945822194988297,0.07170731707317073,True
신데렐라 [부산 기장],뮤지컬,영남,기장군청,0.0,3,0.0,0.0,,393333.0,3,383,0.02502353310323188,0.39455077920719595,,7.541371565383483,4.945822194988297,0.07170731707317073,True
나만 아니면 되지 [부산],연극,영남,일터 소극장,0.0,3,0.0,0.0,,63333.0,0,100,0.02502353310323188,0.39455077920719595,,7.541371565383483,4.945822194988297,0.07170731707317073,True
타이피스트 [부산],연극,영남,레몬트리소극장,0.0,3,0.0,0.0,,133333.0,1,100,0.02502353310323188,0.39455077920719595,,7.541371565383483,4.945822194988297,0.07170731707317073,True
피노키오 [창원],뮤지컬,영남,창원과학체험관,0.0,3,0.0,0.0,,1442000.0,3,160,0.02502353310323188,0.39455077920719595,,7.541371565383483,4.945822194988297,0.07170731707317073,True
프린세스 [포항],뮤지컬,영남,포항문화예술회관,0.0,3,0.0,0.0,,596667.0,4,264,0.02502353310323188,0.39455077920719595,,7.541371565383483,4.945822194988297,0.07170731707317073,True
뻥이요 [청주],연극,충청,예술나눔 터,0.0,5,0.0,0.0,,63600.0,3,106,0.02502353310323188,0.438087020186173,,7.863815785172015,4.890797440156124,0.0821917808219178,True
버라이어티 벌룬매직쇼 [청주],서커스/마술,충청,청주아트홀 (구. 청주시민회관),0.0,4,0.0,0.0,,0.0,1,710,0.02502353310323188,0.42182956803681626,,7.74575907023103,4.772740725215138,0.07534246575342465,True
총만짜장 [대전],뮤지컬,충청,이음아트홀 [대전],0.0,4,0.0,0.0,,152000.0,2,180,0.02502353310323188,0.42182956803681626,,7.74575907023103,4.772740725215138,0.07534246575342465,True
브레이크 아웃 [울산],뮤지컬,영남,울산중구문화의전당,0.0601,2,60.0,30.0,0.0,0.0,4,499,0.02502353310323188,0.37075881183976567,0.18641360301676208,7.356068582795507,4.760519212400322,0.06634146341463415,True
"남양주시립합창단, 클래식 세계여행: 남미의 음악산책 (11.23)",서양음악(클래식),경인,화도수동행정복지센터,0.1637,1,56.0,56.0,0.0,0.0,4,342,0.07025938709340027,0.19928354774605167,0.18641360301676208,10.66132524562486,4.661325245624861,0.04674610449129239,True
마방진 [청주],한국음악(국악),충청,한국공예관 문화제조창,0.0,3,0.0,0.0,,112000.0,2,300,0.02502353310323188,0.39455077920719595,,7.541371565383483,4.568353220367591,0.06621004566210045,True
프린세스 [대전],뮤지컬,충청,대전평송청소년문화센터,0.0,3,0.0,0.0,,1555000.0,3,792,0.02502353310323188,0.39455077920719595,,7.541371565383483,4.568353220367591,0.06621004566210045,True
The Kandle [상주],서양음악(클래식),영남,카페인가든,0.0,2,0.0,0.0,,1235500.0,0,50,0.02502353310323188,0.3425033992260224,,7.126480996436832,4.530931626041646,0.06048780487804878,True
The Kandle [양산],서양음악(클래식),영남,아르디ys아트홀,0.0,2,0.0,0.0,,793500.0,0,55,0.02502353310323188,0.3425033992260224,,7.126480996436832,4.530931626041646,0.06048780487804878,True
물의 [부산],연극,영남,나다소극장,0.0,2,0.0,0.0,,42000.0,2,80,0.02502353310323188,0.3425033992260224,,7.126480996436832,4.530931626041646,0.06048780487804878,True
UNTIL DEATH [부산],뮤지컬,영남,영산대학교 [해운대],0.0,2,0.0,0.0,,294000.0,3,300,0.02502353310323188,0.3425033992260224,,7.126480996436832,4.530931626041646,0.06048780487804878,True
"극단열전, 한여름밤의 꿈",연극,영남,수성아트피아,0.0,2,0.0,0.0,,295000.0,3,301,0.02502353310323188,0.3425033992260224,,7.126480996436832,4.530931626041646,0.06048780487804878,True
마중 [부산],연극,영남,공간소극장 [대연역],0.0,2,0.0,0.0,,73500.0,0,50,0.02502353310323188,0.3425033992260224,,7.126480996436832,4.530931626041646,0.06048780487804878,True
The Kandle [상주],서양음악(클래식),영남,카페인가든,0.0,2,0.0,0.0,,1235500.0,0,50,0.02502353310323188,0.3425033992260224,,7.126480996436832,4.530931626041646,0.06048780487804878,True
루루섬의 비밀,연극,영남,울산중구문화의전당,0.0,2,0.0,0.0,,1776000.0,4,499,0.02502353310323188,0.3425033992260224,,7.126480996436832,4.530931626041646,0.06048780487804878,True
"제3회 더파란 연극제, 무원마을 이야기",연극,영남,우전소극장,0.0,2,0.0,0.0,,275000.0,0,100,0.02502353310323188,0.3425033992260224,,7.126480996436832,4.530931626041646,0.06048780487804878,True
The Kandle [양산],서양음악(클래식),영남,아르디ys아트홀,0.0,2,0.0,0.0,,793500.0,0,80,0.02502353310323188,0.3425033992260224,,7.126480996436832,4.530931626041646,0.06048780487804878,True
제4회 EATI in Busan,연극,영남,어댑터씨어터 2관,0.0,2,0.0,0.0,,45000.0,0,92,0.02502353310323188,0.3425033992260224,,7.126480996436832,4.530931626041646,0.06048780487804878,True
좋은색소폰 정기연주회,서양음악(클래식),경인,안산문화예술의전당,0.1397,1,100.0,100.0,0.0,0.0,6,716,0.05974793431649409,0.2421307917581843,0.18641360301676208,10.457159826435609,4.457159826435609,0.045829514207149404,True
겨울왕국 [제주],뮤지컬,제주,한라아트홀,0.0,6,0.0,0.0,,1658333.0,1,831,0.02502353310323188,0.4548151344001674,,7.982577434490552,4.2319020872886295,0.10869565217391304,True
新뺑파전 [천안],연극,충청,천안시성환문화회관,0.0,2,0.0,0.0,,605500.0,2,654,0.02502353310323188,0.3425033992260224,,7.126480996436832,4.15346265142094,0.0547945205479452,True
월드케이팝페스티벌 [보령],대중음악,충청,대천해수욕장 보령머드테마파크,0.0,2,0.0,0.0,,0.0,0,800,0.02502353310323188,0.3425033992260224,,7.126480996436832,4.15346265142094,0.0547945205479452,True
무심타동 [청주],한국음악(국악),충청,충북대학교 개신문화관,0.0,2,0.0,0.0,,15000.0,5,719,0.02502353310323188,0.3425033992260224,,7.126480996436832,4.15346265142094,0.0547945205479452,True
순이삼촌 [부산],서양음악(클래식),영남,부산문화회관,0.1157,1,164.0,164.0,0.0,0.0,7,1417,0.02502353310323188,0.2866881079385002,0.18641360301676208,6.63701880760357,4.041469437208384,0.054634146341463415,True
제40회 MCO 정기연주회,서양음악(클래식),영남,대구콘서트하우스,0.116,1,149.0,149.0,0.0,0.0,7,1284,0.02502353310323188,0.2771336680263571,0.18641360301676208,6.547641504021236,3.9520921336260506,0.05365853658536585,True
"대학생 작품제작 참여 지원사업, PPP (PUSAN PIRI PROJECT) : 도약",한국음악(국악),영남,부산문화회관,0.0917,1,130.0,130.0,0.0,0.0,7,1417,0.02502353310323188,0.2657436460621274,0.18641360301676208,6.43864280754131,3.8430934371461247,0.05268292682926829,True
"뮤지컬 콘서트, 충의를 남기Go  [대구]",뮤지컬,영남,아양아트센터,0.0999,1,111.0,111.0,0.0,0.0,6,1111,0.02502353310323188,0.252929871352369,0.18641360301676208,6.312613884408011,3.7170645140128253,0.05170731707317073,True
"SAC on SCREEN, 마술피리",서양음악(클래식),영남,안동문화예술의전당,0.0956,1,95.0,95.0,0.0,0.0,7,994,0.02502353310323188,0.23377915490011505,0.18641360301676208,6.116901549989267,3.5213521795940816,0.050731707317073174,True
"대한민국 청소년 교향악 축제, 의왕시 꿈누리 청소년 오케스트라",서양음악(클래식),영남,안동문화예술의전당,0.0875,1,87.0,87.0,0.0,0.0,7,994,0.02502353310323188,0.22834562284279886,0.18641360301676208,6.059632041842134,3.4640826714469486,0.04975609756097561,True
그 날의 우리는 [제주],연극,제주,한라아트홀,0.0,2,0.0,0.0,,24000.0,1,240,0.02502353310323188,0.3425033992260224,,7.126480996436832,3.375805649234909,0.09239130434782608,True
불투명 인간 [제주],연극,제주,김정문화회관,0.0,2,0.0,0.0,,270000.0,7,330,0.02502353310323188,0.3425033992260224,,7.126480996436832,3.375805649234909,0.09239130434782608,True
"SAC on SCREEN, 베를린 필하모닉 카메라타",서양음악(클래식),영남,안동문화예술의전당,0.0775,1,77.0,77.0,0.0,0.0,7,994,0.02502353310323188,0.21876111285430397,0.18641360301676208,5.956583395832836,3.3610340254376507,0.04878048780487805,True
"제22회 경기인형극제, 모먼츠 [수원]",연극,경인,경기상상캠퍼스 M3,0.15,1,15.0,15.0,0.0,0.0,3,100,0.06468988599518878,0.16059904821671372,0.18641360301676208,9.306770794394891,3.3067707943948914,0.044912923923006415,True
이승대의 춤: 공간자르기 [대구],무용(서양/한국무용),영남,아양아트센터,0.0621,1,69.0,69.0,0.0,0.0,6,1111,0.02502353310323188,0.2093426419830562,0.18641360301676208,5.852646011830301,3.257096641435116,0.04780487804878049,True
"YOUNG ARTIST CONCERT, 구미 영 솔리스트 콘서트",서양음악(클래식),영남,강동문화복지회관,0.1004,1,67.0,67.0,0.0,0.0,6,667,0.02502353310323188,0.2075998849492731,0.18641360301676208,5.833108038725481,3.2375586683302955,0.04682926829268293,True
"SAC on SCREEN, 발레 심청",무용(서양/한국무용),영남,안동문화예술의전당,0.0654,1,65.0,65.0,0.0,0.0,7,994,0.02502353310323188,0.2063330195586236,0.18641360301676208,5.818843415076977,3.223294044681792,0.045853658536585365,True
"음악으로 느끼는 문화다양성, 세계민속음악",서양음악(클래식),영남,국립부산국악원,0.0918,1,63.0,63.0,0.0,0.0,5,686,0.02502353310323188,0.20534462922288466,0.18641360301676208,5.807677824899185,3.212128454504,0.0448780487804878,True
"울진연호문화센터 갈라콘서트, THE SPECIAL",뮤지컬,영남,예주문화예술회관,0.1111,1,59.0,59.0,0.0,0.0,4,531,0.02502353310323188,0.20108121535404247,0.18641360301676208,5.759141876984374,3.1635925065891883,0.04390243902439024,True
"대한민국 청소년 교향악 축제, 합천 청소년 오케스트라",서양음악(클래식),영남,안동문화예술의전당,0.0584,1,58.0,58.0,0.0,0.0,7,994,0.02502353310323188,0.20050988390335742,0.18641360301676208,5.7525909163319335,3.1570415459367482,0.042926829268292686,True
"예술의전당 영상화사업(SAC ON SCREEN), 돌아온다",연극,영남,군위 삼국유사교육문화회관,0.1099,1,52.0,52.0,0.0,0.0,6,473,0.02502353310323188,0.19745581006170904,0.18641360301676208,5.717381128363261,3.1218317579680757,0.041951219512195125,True
"제94회 을숙도 명품콘서트, 부산지휘자합창단 모차르트 레퀴엠",서양음악(클래식),영남,을숙도문화회관,0.0697,1,50.0,50.0,0.0,0.0,4,717,0.02502353310323188,0.1943167555695011,0.18641360301676208,5.680849412657389,3.085300042262204,0.04097560975609756,True
"배시시 명품극장, 여자만세",연극,영남,부산시민회관,0.1117,1,43.0,43.0,0.0,0.0,7,385,0.02502353310323188,0.18817723041522855,0.18641360301676208,5.608361584667339,3.0128122142721536,0.04,True
"SAC on SCREEN, 종묘제례악",한국음악(국악),영남,안동문화예술의전당,0.0412,1,41.0,41.0,0.0,0.0,7,994,0.02502353310323188,0.18729081686016108,0.18641360301676208,5.597779282670074,3.002229912274889,0.03902439024390244,True
K-WAVE CONCERT: 인기가요,대중음악,경인,인스파이어,0.1119,1,1679.0,1679.0,0.0,0.0,0,15000,0.02502353310323188,0.5877810898441586,0.18641360301676208,8.844950787356282,2.8449507873562823,0.043996333638863426,True
춤 관객과 함께하다 [부산],한국음악(국악),영남,부산민주공원 공연장,0.0716,1,30.0,30.0,0.0,0.0,3,419,0.02502353310323188,0.17128307708398705,0.18641360301676208,5.401258459543783,2.8057090891485976,0.03804878048780488,True
"SAC ON SCREEN, 증발",무용(서양/한국무용),영남,안동문화예술의전당,0.0241,1,24.0,24.0,0.0,0.0,7,994,0.02502353310323188,0.1682839138165464,0.18641360301676208,5.36322748842602,2.7676781180308345,0.037073170731707315,True
"제36회 예술공감, 계절을 노래하다: 사계시리즈",서양음악(클래식),영남,을숙도문화회관,0.0952,1,20.0,20.0,0.0,0.0,4,210,0.02502353310323188,0.1667176550570024,0.18641360301676208,5.343204721457174,2.7476553510619888,0.03609756097560975,True
임신숙 교수 정년 퇴임 기념 음악회,서양음악(클래식),영남,대구콘서트하우스,0.004,1,1.0,1.0,0.0,0.0,7,248,0.02502353310323188,0.16059904821671372,0.18641360301676208,5.263884649917155,2.6683352795219695,0.018048780487804877,True
최다은 바이올린 리사이틀 [김해],서양음악(클래식),영남,김해서부문화센터,0.0014,1,1.0,1.0,0.0,0.0,5,691,0.02502353310323188,0.16059904821671372,0.18641360301676208,5.263884649917155,2.6683352795219695,0.018048780487804877,True
발이 되기 [부산],연극,영남,부산민주공원 공연장,0.0862,1,10.0,10.0,0.0,0.0,3,116,0.02502353310323188,0.16059904821671372,0.18641360301676208,5.263884649917155,2.6683352795219695,0.018048780487804877,True
잔디마당 작은음악회,서양음악(클래식),영남,울주문화예술회관,0.0078,1,3.0,3.0,0.0,0.0,5,387,0.02502353310323188,0.16059904821671372,0.18641360301676208,5.263884649917155,2.6683352795219695,0.018048780487804877,True
붉은광대: 희노애락 [영덕],한국음악(국악),영남,영덕 무형문화재 전수교육관,0.0649,1,10.0,10.0,0.0,0.0,0,154,0.02502353310323188,0.16059904821671372,0.18641360301676208,5.263884649917155,2.6683352795219695,0.018048780487804877,True
제52회 대구소년소녀관현악단 정기연주회,서양음악(클래식),영남,대구문화예술회관,0.001,1,1.0,1.0,0.0,0.0,2,1008,0.02502353310323188,0.16059904821671372,0.18641360301676208,5.263884649917155,2.6683352795219695,0.018048780487804877,True
박규희 & 박주원 기타콘서트,서양음악(클래식),영남,울산중구문화의전당,0.0,1,0.0,0.0,,6824000.0,4,499,0.02502353310323188,0.16059904821671372,,5.263884649917155,2.6683352795219695,0.018048780487804877,True
루체심포니오케스트라와 함께하는 팝스 뮤지컬 콘서트 [문경],서양음악(클래식),영남,문경문화예술회관,0.0,1,0.0,0.0,,0.0,3,824,0.02502353310323188,0.16059904821671372,,5.263884649917155,2.6683352795219695,0.018048780487804877,True
"대구 소극장 페스티벌, 거인의 정원",연극,영남,소극장 소금창고,0.0,1,0.0,0.0,,60000.0,2,100,0.02502353310323188,0.16059904821671372,,5.263884649917155,2.6683352795219695,0.018048780487804877,True
"아리갓단 고음악 산책 I, 18세기 유럽의 바이올리니스트",서양음악(클래식),영남,공간울림연주홀,0.0,1,0.0,0.0,,0.0,0,220,0.02502353310323188,0.16059904821671372,,5.263884649917155,2.6683352795219695,0.018048780487804877,True
"제31회 뮤지콘 작곡발표회, 낯선 길 [부산]",서양음악(클래식),영남,부산예술회관,0.0,1,0.0,0.0,,20000.0,4,240,0.02502353310323188,0.16059904821671372,,5.263884649917155,2.6683352795219695,0.018048780487804877,True
"양손프로젝트, 단편소설극장",연극,영남,울산중구문화의전당,0.0,1,0.0,0.0,,4500000.0,4,499,0.02502353310323188,0.16059904821671372,,5.263884649917155,2.6683352795219695,0.018048780487804877,True
심방무곡 [부산],무용(서양/한국무용),영남,금정문화회관,0.0,1,0.0,0.0,,80000.0,5,880,0.02502353310323188,0.16059904821671372,,5.263884649917155,2.6683352795219695,0.018048780487804877,True
"대구시립무용단 기획공연, SPIN OFF 스핀오프",무용(서양/한국무용),영남,대구문화예술회관,0.0,1,0.0,0.0,,316000.0,2,1008,0.02502353310323188,0.16059904821671372,,5.263884649917155,2.6683352795219695,0.018048780487804877,True
팥죽할머니와 호랑이 [대구],한국음악(국악),영남,소극장 소금창고,0.0,1,0.0,0.0,,51000.0,2,100,0.02502353310323188,0.16059904821671372,,5.263884649917155,2.6683352795219695,0.018048780487804877,True
"제25회 피아니스트 정혜경 반주연주회, 한국예술 가곡의 시간",서양음악(클래식),영남,수성아트피아,0.0,1,0.0,0.0,,0.0,3,301,0.02502353310323188,0.16059904821671372,,5.263884649917155,2.6683352795219695,0.018048780487804877,True
우해이어보,뮤지컬,영남,김해 장유문화센터,0.0,1,0.0,0.0,,1402000.0,1,333,0.02502353310323188,0.16059904821671372,,5.263884649917155,2.6683352795219695,0.018048780487804877,True
첼리스트의 서재 음악회 (1.28),서양음악(클래식),영남,첼리스트의 서재,0.0,1,0.0,0.0,,160000.0,0,30,0.02502353310323188,0.16059904821671372,,5.263884649917155,2.6683352795219695,0.018048780487804877,True
제7회 아트랑오케스트라 정기연주회 [창원],서양음악(클래식),영남,창원대학교,0.0,1,0.0,0.0,,330000.0,8,640,0.02502353310323188,0.16059904821671372,,5.263884649917155,2.6683352795219695,0.018048780487804877,True
"샤콘느 콘서트, 모차르트 피가로의 결혼",서양음악(클래식),영남,청년창조발전소 고고씽 JOB,0.0,1,0.0,0.0,,0.0,1,60,0.02502353310323188,0.16059904821671372,,5.263884649917155,2.6683352795219695,0.018048780487804877,True
"원먼스 페스티벌: 우리동네 문화살롱 페스타 4th, 제3회 Lieto 정기연주회",서양음악(클래식),영남,가람아트홀,0.0,1,0.0,0.0,,190000.0,1,150,0.02502353310323188,0.16059904821671372,,5.263884649917155,2.6683352795219695,0.018048780487804877,True
"Cello Festa, 첼로와 함께하는 시네마콘서트 [대구]",서양음악(클래식),영남,대구콘서트하우스,0.0,1,0.0,0.0,,60000.0,7,1284,0.02502353310323188,0.16059904821671372,,5.263884649917155,2.6683352795219695,0.018048780487804877,True
제15회 디 첼리스텐 앙상블 정기연주회,서양음악(클래식),영남,동래문화회관,0.0,1,0.0,0.0,,40000.0,5,505,0.02502353310323188,0.16059904821671372,,5.263884649917155,2.6683352795219695,0.018048780487804877,True
제3회 아티스떼 앙상블 정기연주회,서양음악(클래식),영남,부산문화회관,0.0,1,0.0,0.0,,580000.0,7,410,0.02502353310323188,0.16059904821671372,,5.263884649917155,2.6683352795219695,0.018048780487804877,True
"제4회 우다연 색소폰 독주회, 이상하고 아름다운 판타지",서양음악(클래식),영남,금정문화회관,0.0,1,0.0,0.0,,260000.0,5,394,0.02502353310323188,0.16059904821671372,,5.263884649917155,2.6683352795219695,0.018048780487804877,True
누나의 길 [부산],연극,영남,부산민주공원 공연장,0.0,1,0.0,0.0,,80000.0,3,419,0.02502353310323188,0.16059904821671372,,5.263884649917155,2.6683352795219695,0.018048780487804877,True
이환석 클라리넷 독주회 [부산],서양음악(클래식),영남,부산문화회관,0.0,1,0.0,0.0,,60000.0,7,410,0.02502353310323188,0.16059904821671372,,5.263884649917155,2.6683352795219695,0.018048780487804877,True
"수성아트피아 솔로이스츠: 음악, 이야기에 담다 [대구]",서양음악(클래식),영남,수성아트피아,0.0,1,0.0,0.0,,50000.0,3,301,0.02502353310323188,0.16059904821671372,,5.263884649917155,2.6683352795219695,0.018048780487804877,True
"2ND 창시뮤 쇼콰이어, One Day More [진해]",뮤지컬,영남,진해문화센터(진해구민회관),0.0,1,0.0,0.0,,2560000.0,5,395,0.02502353310323188,0.16059904821671372,,5.263884649917155,2.6683352795219695,0.018048780487804877,True
해피 크리스마스 콘서트 [창원],서양음악(클래식),영남,KBS홀 [창원],0.0,1,0.0,0.0,,20014500.0,1,1807,0.02502353310323188,0.16059904821671372,,5.263884649917155,2.6683352795219695,0.018048780487804877,True
제4회 김해시민오케스트라 정기연주회: WHITE WALTZ,서양음악(클래식),영남,김해문화의전당,0.0,1,0.0,0.0,,1359000.0,8,1464,0.02502353310323188,0.16059904821671372,,5.263884649917155,2.6683352795219695,0.018048780487804877,True
피아노트 창단연주회: 피아니스트와 떠나는 프랑스 여행 [대구],서양음악(클래식),영남,덕호아트홀,0.0,1,0.0,0.0,,240000.0,1,120,0.02502353310323188,0.16059904821671372,,5.263884649917155,2.6683352795219695,0.018048780487804877,True
"제18회 부산국제매직페스티벌, 매직서커스",서커스/마술,영남,꿈나래어린이극장,0.0,1,0.0,0.0,,0.0,3,197,0.02502353310323188,0.16059904821671372,,5.263884649917155,2.6683352795219695,0.018048780487804877,True
스크루지 할아버지 땡큐!,뮤지컬,영남,울산문화예술회관,0.0,1,0.0,0.0,,345000.0,5,1428,0.02502353310323188,0.16059904821671372,,5.263884649917155,2.6683352795219695,0.018048780487804877,True
경지 콘서트: 보물섬을 찾아 떠나보세 [합천],한국음악(국악),영남,합천군문화예술회관,0.0,1,0.0,0.0,,35000.0,1,360,0.02502353310323188,0.16059904821671372,,5.263884649917155,2.6683352795219695,0.018048780487804877,True
비올라 다감바 사중주단 리라타 LYRATA 초청 공연 [대구],서양음악(클래식),영남,대구범어대성당,0.0,1,0.0,0.0,,40000.0,5,410,0.02502353310323188,0.16059904821671372,,5.263884649917155,2.6683352795219695,0.018048780487804877,True
평화누리 피크닉 페스티벌: 스페셜존,대중음악,경인,파주 임진각 평화누리,0.035,1,1050.0,1050.0,0.0,0.0,5,30000,0.02502353310323188,0.5451286476310009,0.18641360301676208,8.582400541389289,2.5824005413892888,0.04307974335472044,True
치유와 평화를 위한 평화음악회 [청주],서양음악(클래식),충청,청주예술의전당,0.0147,1,22.0,22.0,0.0,0.0,6,1493,0.02502353310323188,0.1676171425583098,0.18641360301676208,5.354717333065345,2.3816989880494535,0.045662100456621,True
빠스꽐레 스타파노 그리고 지안니 이오리오 [대전],서양음악(클래식),충청,아트브릿지,0.1,1,15.0,15.0,0.0,0.0,2,150,0.02502353310323188,0.16059904821671372,0.18641360301676208,5.263884649917155,2.290866304901263,0.0228310502283105,True
어린 시절,연극,충청,김수현드라마아트홀,0.0087,1,1.0,1.0,0.0,0.0,0,115,0.02502353310323188,0.16059904821671372,0.18641360301676208,5.263884649917155,2.290866304901263,0.0228310502283105,True
The Kandle [아산],서양음악(클래식),충청,신정호그래비티,0.0,1,0.0,0.0,,3545000.0,0,50,0.02502353310323188,0.16059904821671372,,5.263884649917155,2.290866304901263,0.0228310502283105,True
누리가 들려주는 숲의 비밀 [청주],서커스/마술,충청,한국공예관 문화제조창,0.0,1,0.0,0.0,,0.0,2,300,0.02502353310323188,0.16059904821671372,,5.263884649917155,2.290866304901263,0.0228310502283105,True
단정화 [대전],뮤지컬,충청,대전평송청소년문화센터,0.0,1,0.0,0.0,,20000.0,3,313,0.02502353310323188,0.16059904821671372,,5.263884649917155,2.290866304901263,0.0228310502283105,True
트리플 세레나데 [천안],서양음악(클래식),충청,신불당아트센터,0.0,1,0.0,0.0,,430000.0,1,50,0.02502353310323188,0.16059904821671372,,5.263884649917155,2.290866304901263,0.0228310502283105,True
The Kandle [아산],서양음악(클래식),충청,신정호그래비티,0.0,1,0.0,0.0,,3545000.0,0,10,0.02502353310323188,0.16059904821671372,,5.263884649917155,2.290866304901263,0.0228310502283105,True
그림과 향의 소나타 [천안],서양음악(클래식),충청,신불당아트센터,0.0,1,0.0,0.0,,340000.0,1,50,0.02502353310323188,0.16059904821671372,,5.263884649917155,2.290866304901263,0.0228310502283105,True
해결자들 [대전],연극,충청,소극장 고도,0.0,1,0.0,0.0,,90000.0,2,80,0.02502353310323188,0.16059904821671372,,5.263884649917155,2.290866304901263,0.0228310502283105,True
산타와 크리스마스 선물 [부천],뮤지컬,경인,뉴코아소극장 [부천],0.0,18,0.0,0.0,,1469278.0,6,160,0.02502353310323188,0.49953456751385844,,8.287726212075869,2.287726212075869,0.04216315307057745,True
원더매직의 오리지널 과학마술콘서트 시즌1 [인천],서커스/마술,경인,인천어린이과학관,0.0,14,0.0,0.0,,945000.0,5,172,0.02502353310323188,0.48468256458529446,,8.18826964512879,2.1882696451287895,0.04078826764436297,True
크리스마스의 기적 [인천],서커스/마술,경인,아띠홀,0.0,14,0.0,0.0,,712421.0,2,180,0.02502353310323188,0.48468256458529446,,8.18826964512879,2.1882696451287895,0.04078826764436297,True
알라딘과 자스민공주 [광명],뮤지컬,경인,소나무예술극장,0.0,12,0.0,0.0,,527917.0,1,200,0.02502353310323188,0.48151866959523065,,8.166847181269086,2.1668471812690857,0.03941338221814849,True
안나와 엘사의 크리스마스 파티 [의정부],뮤지컬,경인,우리소극장 [의정부],0.0,8,0.0,0.0,,671775.0,5,50,0.02502353310323188,0.46992207928041,,8.087597275373874,2.0875972753738736,0.0384967919340055,True
겨울애 울림 콘서트 [용인],서양음악(클래식),경인,아틱아트홀,0.0,5,0.0,0.0,,126000.0,0,30,0.02502353310323188,0.438087020186173,,7.863815785172015,1.8638157851720152,0.03712190650779102,True
산타의 웃음 선물 [의정부],연극,경인,우리소극장 [의정부],0.0,5,0.0,0.0,,128140.0,5,50,0.02502353310323188,0.438087020186173,,7.863815785172015,1.8638157851720152,0.03712190650779102,True
김민정을 읽어드립니다 [인천],뮤지컬,경인,인천아트플랫폼,0.0,4,0.0,0.0,,178500.0,6,30,0.02502353310323188,0.42182956803681626,,7.74575907023103,1.7457590702310304,0.034830430797433545,True
원서연 첫 번째 가야금 독주회,한국음악(국악),경인,아틱아트홀,0.0,4,0.0,0.0,,63750.0,0,30,0.02502353310323188,0.42182956803681626,,7.74575907023103,1.7457590702310304,0.034830430797433545,True
돈독한 가족 [하남],연극,경인,한홀 소극장,0.0,4,0.0,0.0,,547500.0,0,96,0.02502353310323188,0.42182956803681626,,7.74575907023103,1.7457590702310304,0.034830430797433545,True
"연무, 무용으로 맺어진 인연",무용(서양/한국무용),제주,제주학생문화원,0.0236,1,20.0,20.0,0.0,0.0,0,848,0.02502353310323188,0.1667176550570024,0.18641360301676208,5.343204721457174,1.5925293742552515,0.07608695652173914,True
크리스마스 캐롤 [제주],뮤지컬,제주,제주문예회관,0.0,1,0.0,0.0,,59000.0,3,170,0.02502353310323188,0.16059904821671372,,5.263884649917155,1.5132093027152322,0.03804347826086957,True
현악으로 그리는 지브리월드 [제주],서양음악(클래식),제주,끌로드아트홀,0.0,1,0.0,0.0,,450000.0,7,50,0.02502353310323188,0.16059904821671372,,5.263884649917155,1.5132093027152322,0.03804347826086957,True
"제4회 대한민국 연극축제, 불멸의 여자 [제주]",연극,제주,제주문예회관,0.0,1,0.0,0.0,,0.0,3,170,0.02502353310323188,0.16059904821671372,,5.263884649917155,1.5132093027152322,0.03804347826086957,True
부끄러움을 환산한다면 [제주],연극,제주,제주문예회관,0.0,1,0.0,0.0,,755000.0,3,170,0.02502353310323188,0.16059904821671372,,5.263884649917155,1.5132093027152322,0.03804347826086957,True
"제75회 끌로드 살롱콘서트, 첼리스트 박소현살롱콘서트: 순애보 첼로, 노래하다 Ⅲ",서양음악(클래식),제주,끌로드아트홀,0.0,1,0.0,0.0,,340000.0,7,50,0.02502353310323188,0.16059904821671372,,5.263884649917155,1.5132093027152322,0.03804347826086957,True
"제73회 끌로드 살롱콘서트, 김규연 피아노 리사이틀",서양음악(클래식),제주,끌로드아트홀,0.0,1,0.0,0.0,,180000.0,7,50,0.02502353310323188,0.16059904821671372,,5.263884649917155,1.5132093027152322,0.03804347826086957,True
마트로시카 [고양],연극,경인,13블럭 소극장,0.0833,2,10.0,5.0,0.0,0.0,1,60,0.02502353310323188,0.3425033992260224,0.18641360301676208,7.126480996436832,1.1264809964368316,0.028872593950504125,True
"서구 생활문화 축제, 어른 없는 세상 [인천]",연극,경인,인천서구문화회관,0.05,2,20.0,10.0,0.0,0.0,4,200,0.02502353310323188,0.3425033992260224,0.18641360301676208,7.126480996436832,1.1264809964368316,0.028872593950504125,True
The Kandle [오산],서양음악(클래식),경인,MEG아트홀,0.0,2,0.0,0.0,,766500.0,3,70,0.02502353310323188,0.3425033992260224,,7.126480996436832,1.1264809964368316,0.028872593950504125,True
틈 [김포],연극,경인,뉴컬쳐커피 [김포],0.0,2,0.0,0.0,,500000.0,0,20,0.02502353310323188,0.3425033992260224,,7.126480996436832,1.1264809964368316,0.028872593950504125,True
포ㅋ [성남],연극,경인,바른아트센터,0.0,2,0.0,0.0,,80000.0,0,180,0.02502353310323188,0.3425033992260224,,7.126480996436832,1.1264809964368316,0.028872593950504125,True
구룡제: 용의 아홉자식을 위한 제 [인천],한국음악(국악),경인,인천아트플랫폼,0.0,2,0.0,0.0,,247000.0,6,30,0.02502353310323188,0.3425033992260224,,7.126480996436832,1.1264809964368316,0.028872593950504125,True
The Kandle [일산],서양음악(클래식),경인,라메드홀,0.0,2,0.0,0.0,,1114000.0,0,70,0.02502353310323188,0.3425033992260224,,7.126480996436832,1.1264809964368316,0.028872593950504125,True
버라이어티 매직쇼 [의정부],서커스/마술,경인,우리소극장 [의정부],0.0,2,0.0,0.0,,290550.0,5,50,0.02502353310323188,0.3425033992260224,,7.126480996436832,1.1264809964368316,0.028872593950504125,True
The Kandle [하남],서양음악(클래식),경인,한홀 소극장,0.0,2,0.0,0.0,,827500.0,0,96,0.02502353310323188,0.3425033992260224,,7.126480996436832,1.1264809964368316,0.028872593950504125,True
The Kandle [오산],서양음악(클래식),경인,MEG아트홀,0.0,2,0.0,0.0,,766500.0,3,70,0.02502353310323188,0.3425033992260224,,7.126480996436832,1.1264809964368316,0.028872593950504125,True
제13회 안산성가합창제,서양음악(클래식),경인,안산문화예술의전당,0.0858,1,135.0,135.0,0.0,0.0,6,1573,0.02502353310323188,0.26846956385315346,0.18641360301676208,6.464980210916041,0.4649802109160408,0.02383134738771769,True
"예술로 숨쉬다, For-rest: 숲속의 Fantasy 에버쇼 [화성]",서커스/마술,경인,반석아트홀 (동탄복합문화센터),0.1004,1,55.0,55.0,0.0,0.0,5,548,0.02502353310323188,0.19874490116096644,0.18641360301676208,5.73228236668255,-0.26771763331745024,0.022914757103574702,True
YOUNG AT HEART [경기],한국음악(국악),경인,부천시민회관,0.0288,1,30.0,30.0,0.0,0.0,4,1041,0.02502353310323188,0.17128307708398705,0.18641360301676208,5.401258459543783,-0.5987415404562171,0.021081576535288724,True
소리꾼 김리한X창티크 한판 놀아봅세 [경기],한국음악(국악),경인,하남문화예술회관,0.0845,1,30.0,30.0,0.0,0.0,4,355,0.02502353310323188,0.17128307708398705,0.18641360301676208,5.401258459543783,-0.5987415404562171,0.021081576535288724,True
세계로 울리는 아리랑: Arirang To The World,한국음악(국악),경인,국립과천과학관,0.0606,1,30.0,30.0,0.0,0.0,4,495,0.02502353310323188,0.17128307708398705,0.18641360301676208,5.401258459543783,-0.5987415404562171,0.021081576535288724,True
김인영 피아노 독주회,서양음악(클래식),경인,성남아트센터,0.0635,1,24.0,24.0,0.0,0.0,7,378,0.02502353310323188,0.1682839138165464,0.18641360301676208,5.36322748842602,-0.6367725115739802,0.01924839596700275,True
"브런치콘서트, 변주, 새로움의 시작: 재즈를 품은 클래식 [부평]",서양음악(클래식),경인,부평아트센터,0.023,1,20.0,20.0,0.0,0.0,10,868,0.02502353310323188,0.1667176550570024,0.18641360301676208,5.343204721457174,-0.6567952785428259,0.017415215398716773,True
"아시테지 in 인천 공연BOM나들이, 오버코트",뮤지컬,경인,인천문화예술회관,0.0412,1,20.0,20.0,0.0,0.0,7,486,0.02502353310323188,0.1667176550570024,0.18641360301676208,5.343204721457174,-0.6567952785428259,0.017415215398716773,True
아기돼지삼형제: 늑대숲 또옹돼지 원정대 [용인],뮤지컬,경인,용인시평생학습관(여성회관),0.0334,1,20.0,20.0,0.0,0.0,5,599,0.02502353310323188,0.1667176550570024,0.18641360301676208,5.343204721457174,-0.6567952785428259,0.017415215398716773,True
"제21회 경기인형극제, 얼굴과 얼굴: 마주 봄",연극,경인,경기상상캠퍼스 M3,0.08,1,4.0,4.0,0.0,0.0,3,50,0.02502353310323188,0.16059904821671372,0.18641360301676208,5.263884649917155,-0.7361153500828452,0.008249312557286892,True
"경기필하모닉 마스터피스 시리즈 Ⅴ, 말러 교향곡 6번",서양음악(클래식),경인,경기아트센터(구. 경기도문화의전당),0.0,1,0.0,0.0,,490000.0,4,1544,0.02502353310323188,0.16059904821671372,,5.263884649917155,-0.7361153500828452,0.008249312557286892,True
"제7회 판타스틱 연극제, 목숨을 가지고 노는 두 남자",연극,경인,부천시민회관,0.0,1,0.0,0.0,,130000.0,4,214,0.02502353310323188,0.16059904821671372,,5.263884649917155,-0.7361153500828452,0.008249312557286892,True
"제7회 판타스틱 연극제, 어느 날 갑자기",연극,경인,소극장 극예술공간,0.0,1,0.0,0.0,,100000.0,1,50,0.02502353310323188,0.16059904821671372,,5.263884649917155,-0.7361153500828452,0.008249312557286892,True
피아노와 사랑愛 빠지다 Ⅱ [김포],서양음악(클래식),경인,김포아트홀,0.0,1,0.0,0.0,,135000.0,4,503,0.02502353310323188,0.16059904821671372,,5.263884649917155,-0.7361153500828452,0.008249312557286892,True
"GIMPO BALLET FESTIVAL, 마인발레단의 발레 해설 콘서트 [김포]",무용(서양/한국무용),경인,통진두레문화센터,0.0,1,0.0,0.0,,855000.0,4,217,0.02502353310323188,0.16059904821671372,,5.263884649917155,-0.7361153500828452,0.008249312557286892,True
"정오의 음악회, 팝페라 & 클래식",서양음악(클래식),경인,김포아트홀,0.0,1,0.0,0.0,,12000.0,4,503,0.02502353310323188,0.16059904821671372,,5.263884649917155,-0.7361153500828452,0.008249312557286892,True
허튼가락 in 사물놀이,한국음악(국악),경인,평촌아트홀,0.0,1,0.0,0.0,,3420000.0,7,638,0.02502353310323188,0.16059904821671372,,5.263884649917155,-0.7361153500828452,0.008249312557286892,True
"제7회 판타스틱 연극제, 초현실주의 선언",연극,경인,부천시민회관,0.0,1,0.0,0.0,,100000.0,4,214,0.02502353310323188,0.16059904821671372,,5.263884649917155,-0.7361153500828452,0.008249312557286892,True
"부천아트센터 개관 페스티벌, 에머슨 스트링 콰르텟: Meet the Masters",서양음악(클래식),경인,부천아트센터,0.0,1,0.0,0.0,,0.0,0,304,0.02502353310323188,0.16059904821671372,,5.263884649917155,-0.7361153500828452,0.008249312557286892,True
"GIMPO BALLET FESTIVAL, 피아노 반주와 함께 경험하는 러시아 바가노바 발레 메소드",무용(서양/한국무용),경인,통진두레문화센터,0.0,1,0.0,0.0,,315000.0,4,217,0.02502353310323188,0.16059904821671372,,5.263884649917155,-0.7361153500828452,0.008249312557286892,True
Latelier Ensemble 라틀리에 앙상블 창단연주회,서양음악(클래식),경인,아틱아트홀,0.0,1,0.0,0.0,,300000.0,0,30,0.02502353310323188,0.16059904821671372,,5.263884649917155,-0.7361153500828452,0.008249312557286892,True
아르케컬처의 무지카 클래시카 Ⅸ & Famiesso: 모두를 위한 음악회 [용인],서양음악(클래식),경인,파미에소,0.0,1,0.0,0.0,,140000.0,0,20,0.02502353310323188,0.16059904821671372,,5.263884649917155,-0.7361153500828452,0.008249312557286892,True
카르멘 [화성],서양음악(클래식),경인,SCN 아트홀,0.0,1,0.0,0.0,,50000.0,0,60,0.02502353310323188,0.16059904821671372,,5.263884649917155,-0.7361153500828452,0.008249312557286892,True
제5회 그라치오소앙상블 정기연주회,서양음악(클래식),경인,반석아트홀 (동탄복합문화센터),0.0,1,0.0,0.0,,440000.0,5,548,0.02502353310323188,0.16059904821671372,,5.263884649917155,-0.7361153500828452,0.008249312557286892,True
아에르트리오 첫번째 이야기,서양음악(클래식),경인,아틱아트홀,0.0,1,0.0,0.0,,195000.0,0,30,0.02502353310323188,0.16059904821671372,,5.263884649917155,-0.7361153500828452,0.008249312557286892,True
제106회 광명심포니오케스트라 정기연주회: 겨울愛,서양음악(클래식),경인,광명시민회관,0.0,1,0.0,0.0,,1125000.0,7,530,0.02502353310323188,0.16059904821671372,,5.263884649917155,-0.7361153500828452,0.008249312557286892,True
