공연명,장르명,지역,공연시설명,최종_좌석점유율,총_공연회차_계산,판매좌석수_합계,평균_판매좌석수,평균판매단가,회차당매출,접근성_점수,좌석수,예측복합장르,장르1,장르2,U_participation,S_scale,A_afford,DPI_plus,DPI_region_adj_seg,DPI_region_pr_seg,is_free
뽀로로 매직 싱어롱쇼: 슈퍼스타 뽀로로 드림콘서트,복합,서울,코엑스,1.0037037037037038,27,29268.0,1084.0,17604.115757824246,19082861.48148148,8,1080,뮤지컬+대중음악,뮤지컬,대중음악,0.8914285714285715,0.9605714285714285,0.4471599556244374,79.41357643118822,79.99400803952008,1.0,False
FINEDAY FESTIVAL,복합,서울,서울어린이대공원,1.0,2,16000.0,8000.0,17223.5,137788000.0,7,8000,대중음악+한국음악,대중음악,한국음악,0.8914285714285715,0.8800714285714286,0.4713481170649722,78.17484101814297,78.75527262647483,0.9933774834437086,False
"시선: si, Sonne!",복합,서울,국립극장,1.0,2,1254.0,627.0,2051.03668261563,1286000.0,5,627,연극+서양음악,연극,서양음악,0.8914285714285715,0.7868571428571428,0.5359998991156282,77.56128289910286,78.14171450743473,0.9867549668874173,False
빨간풍선,복합,경인,남동소래아트홀,1.3272068120752332,12,3613.0,499.0,5762.800996401882,1735083.3333333333,2,703,대중음악+연극,대중음악,연극,0.8914285714285715,0.8883571428571428,0.5238945549456097,80.06972397495207,78.0666689765944,1.0,False
"신년음악회: 문화의 비상, 국민과 함께",복합,서울,예술의전당 [서울],1.0,1,2505.0,2505.0,3716.566866267465,9310000.0,10,2505,서양음악+대중음악,서양음악,대중음악,0.8914285714285715,0.6567142857142857,0.6872355559299522,77.2106730262639,77.79110463459577,0.9801324503311258,False
Struggle,복합,서울,아르코예술극장,1.0,2,1200.0,600.0,9906.666666666666,5944000.0,2,600,무용+뮤지컬,무용,뮤지컬,0.8914285714285715,0.7785714285714285,0.5291272197714773,77.11606028967293,77.6964918980048,0.9735099337748344,False
"창작산실, 김재훈의 P.N.O",복합,서울,대학로예술극장,1.0,2,1008.0,504.0,5596.230158730159,2820500.0,1,504,연극+서양음악,연극,서양음악,0.8914285714285715,0.7405714285714285,0.5635825685073412,76.93161881840554,77.5120504267374,0.9668874172185431,False
"늘휘무용단 가을신작, 변곡의 점",복합,서울,국립극장,1.0,2,1254.0,627.0,1132.3763955342902,710000.0,5,627,,,,0.8914285714285715,0.7868571428571428,0.4879021637867738,76.11646159167755,76.69689320000941,0.9602649006622517,False
"제23회 SPAF, 플레시",복합,서울,대학로예술극장,1.0,2,1008.0,504.0,10083.333333333334,5082000.0,1,504,,,,0.8914285714285715,0.7405714285714285,0.5147690656627398,75.55024009190359,76.13067170023545,0.9536423841059603,False
"일상문화도시 페스티벌, 강북Festa",복합,서울,강북문화예술회관 강북진달래홀,1.0,10,1710.0,171.0,1342.1052631578948,229500.0,4,171,뮤지컬+무용,뮤지컬,무용,0.8914285714285715,0.7858571428571428,0.4307514677551497,74.21500302782124,74.7954346361531,0.9470198675496688,False
홍지민과 함께하는 판타스틱쇼 시즌2,복합,기타,삼척문화예술회관,0.9946351931330472,2,1432.0,922.0,5906.075418994414,4228750.0,3,932,뮤지컬+서양음악,뮤지컬,서양음악,0.7771428571428571,0.8152142857142858,0.5874290830553895,74.54577826223424,74.73955822496882,1.0,False
비비런: 출발! 타이탄 지구 탐사대,복합,서울,종로아이들극장,1.0,4,1124.0,281.0,690.3914590747331,194000.0,3,281,,,,0.8914285714285715,0.7572142857142857,0.4231328099683259,73.13146187155897,73.71189347989083,0.9403973509933775,False
신년음악회 [보령],복합,충청,보령문화예술회관,1.4046688338884346,1,2150.0,576.0,7213.302325581395,15508600.0,3,798,뮤지컬+대중음악,뮤지컬,대중음악,0.8914285714285715,0.5967857142857143,0.6293456712943506,73.71682983642577,73.16977054380718,0.9745762711864406,False
신년음악회 [보령],복합,충청,보령문화예술회관,1.4046688338884346,1,2150.0,576.0,7213.302325581395,15508600.0,3,798,뮤지컬+대중음악,뮤지컬,대중음악,0.8914285714285715,0.5967857142857143,0.6293456712943506,73.71682983642577,73.16977054380718,0.9745762711864406,False
신년음악회 [보령],복합,충청,보령문화예술회관,1.4046688338884346,1,2150.0,576.0,7213.302325581395,15508600.0,3,798,뮤지컬+대중음악,뮤지컬,대중음악,0.8914285714285715,0.5967857142857143,0.6293456712943506,73.71682983642577,73.16977054380718,0.9745762711864406,False
신년음악회 [보령],복합,충청,보령문화예술회관,1.4046688338884346,1,2150.0,576.0,7213.302325581395,15508600.0,3,798,뮤지컬+대중음악,뮤지컬,대중음악,0.8914285714285715,0.5967857142857143,0.6293456712943506,73.71682983642577,73.16977054380718,0.9745762711864406,False
"어텀바로크, 비바헨델: 아르카디아의 사랑 시즌2",,,,1.0,3,912.0,304.0,1171.0526315789473,356000.0,0,304,서양음악+한국음악,서양음악,한국음악,0.8914285714285715,0.7240714285714286,0.45400322322712267,73.17950799979431,72.2520913720728,1.0,False
페페의 꿈 [상주],복합,영남,상주문화회관,0.98828125,2,1012.0,506.0,3083.00395256917,1560000.0,4,512,뮤지컬+연극,뮤지컬,연극,0.76,0.7426428571428572,0.5593925115781747,70.98786721802016,71.55085334748392,1.0,False
김영임 & 김용임과 함께하는 희희낙락 [문경],복합,영남,문경문화예술회관,0.9660194174757282,2,1592.0,796.0,2408.291457286432,1917000.0,3,824,한국음악+대중음악,한국음악,대중음악,0.7014285714285714,0.8167857142857143,0.5813754464069154,70.71564439554814,71.2786305250119,0.9897959183673469,False
"3rd GPD FORUM 예술뉴런 뮤지카,  with 권은비, 프라우드먼",복합,서울,상명아트센터,1.0942622950819672,1,1602.0,710.0,13707.865168539323,21960000.0,4,1464,대중음악+서양음악,대중음악,서양음악,0.8914285714285715,0.6000000000000001,0.5047414598557765,70.64841873602037,71.22885034435224,0.9337748344370861,False
"통영국제음악제, 리히터스 패턴스",복합,영남,통영국제음악당,1.0,4,1016.0,254.0,21100.3937007874,5359500.0,6,254,연극+무용,연극,무용,0.8914285714285715,0.7353571428571428,0.3719168054671417,70.64508141877143,71.20806754823519,0.9795918367346939,False
"태권무 한빛, 제주오백장군이야기",복합,제주,제주문예회관,1.0,1,828.0,828.0,5498.792270531401,4553000.0,3,828,뮤지컬+대중무용,뮤지컬,대중무용,0.8914285714285715,0.5568571428571429,0.6015701447941071,71.55231149401263,70.87108389922574,1.0,False
김태연과 함께하는 열린음악회 [영광],복합,호남,영광예술의전당,1.070811744386874,1,620.0,620.0,1654.8387096774193,1026000.0,5,579,서양음악+대중음악,서양음악,대중음악,0.8914285714285715,0.5018571428571428,0.5194628295354999,67.34854274835845,70.45870965972232,1.0,False
그림자극과 함께하는 호두까기 인형 [수원],복합,경인,경기아트센터(구. 경기도문화의전당),1.0,2,1004.0,502.0,18552.788844621515,9313500.0,4,502,연극+뮤지컬,연극,뮤지컬,0.8914285714285715,0.7390714285714286,0.41702539320557735,72.39052044516666,70.38746544680899,0.9906542056074766,False
"청소년을 위한 예술소풍 Ⅲ, 영화음악 옴니버스 콘서트",복합,영남,(재)영화의전당,1.0,1,841.0,841.0,11200.951248513677,9420000.0,8,841,무용+연극,무용,연극,0.8914285714285715,0.5598571428571428,0.5261033064341781,69.77191581672687,70.33490194619064,0.9693877551020408,False
페페의 꿈 [춘천],복합,기타,춘천인형극장,1.3125,4,567.0,185.0,10624.338624338625,1506000.0,5,108,연극+뮤지컬,연극,뮤지컬,0.8914285714285715,0.6561428571428571,0.4205594812934778,69.96942132329228,70.16320128602686,0.9333333333333333,False
오라토리오 마르티레스,복합,서울,상명아트센터,0.9378415300546448,2,2746.0,1373.0,8290.968681718863,11383500.0,4,1464,무용+서양음악,무용,서양음악,0.6471428571428571,0.8609285714285715,0.6052563854657265,69.56296635909169,70.14339796742355,0.9271523178807947,False
"오픈씨어터 오발콘 시리즈 Ⅰ, Vamonos! 돈키호테",복합,서울,한전아트센터,0.96996996996997,2,1938.0,969.0,14632.610939112486,14179000.0,6,999,서양음악+대중음악,서양음악,대중음악,0.7171428571428572,0.8379285714285714,0.4853810844287498,69.4994724217013,70.07990403003316,0.9205298013245033,False
적로: 이슬의 노래,복합,서울,국립국악원,1.0,10,1300.0,130.0,23492.30769230769,3054000.0,7,130,한국음악+뮤지컬,한국음악,뮤지컬,0.8914285714285715,0.7588571428571428,0.32307393670289636,69.33486391148969,69.91529551982156,0.9139072847682119,False
"임동창 풍류, 금산을 위하여 위하여 위하여",복합,충청,금산다락원 생명의집,1.0,1,704.0,704.0,4673.295454545455,3290000.0,4,704,,,,0.8914285714285715,0.5314285714285715,0.59330162460957,70.3609755522707,69.8139162596521,0.9322033898305084,False
"매드라인 x 날라리와 쟁이, 화합과 교류의 두드림 [대구]",복합,영남,대구문화예술회관,1.0833333333333333,1,1092.0,1092.0,357.1428571428572,390000.0,2,1008,서양음악+연극,서양음악,연극,0.8914285714285715,0.5971428571428572,0.4585585071135452,69.20631072452107,69.76929685398484,0.9591836734693877,False
환상노정기,복합,영남,밀양아리랑아트센터,1.0,1,765.0,765.0,1367.3202614379086,1046000.0,7,765,,,,0.8914285714285715,0.546,0.5227980847000158,69.16205122670505,69.72503735616881,0.9489795918367347,False
SBS 뽕사활동과 함께하는 희망나눔 열린음악회 [대구],복합,영남,아양아트센터,0.99009900990099,1,1100.0,1100.0,3600.0,3960000.0,6,1111,대중음악+한국음악,대중음악,한국음악,0.77,0.6002142857142857,0.6338148716851245,68.72737331675938,69.29035944622315,0.9387755102040817,False
케이킥 태권쇼,복합,서울,명보아트홀,0.9689905902480752,14,4531.0,326.0,888.1041712646215,287428.5714285714,3,334,서양음악+대중음악,서양음악,대중음악,0.7128571428571429,0.8658571428571428,0.44201406988643266,68.67874409255175,69.25917570088362,0.9072847682119205,False
별주부전,복합,서울,국립국악원,0.9870588235294118,4,1196.0,130.0,8517.558528428093,2546750.0,7,130,연극+뮤지컬,연극,뮤지컬,0.7471428571428571,0.7245,0.508681812984884,68.54923041926713,69.129662027599,0.9006622516556292,False
홍지민과 함께하는 판타스틱 쇼 [성주],복합,영남,성주문화예술회관,1.0,1,822.0,822.0,14041.362530413626,11542000.0,6,822,뮤지컬+서양음악,뮤지컬,서양음악,0.8914285714285715,0.5549999999999999,0.4853152515535788,68.47561756038002,69.03860368984378,0.9285714285714286,False
열린음악회: 국악신동김태연＆클라무오케스트라＆퓨전국악이희정밴드 [김제],복합,호남,김제문화예술회관,1.0,1,488.0,488.0,3618.852459016394,1766000.0,4,488,무용+연극,무용,연극,0.8914285714285715,0.44042857142857145,0.567460830579665,65.91634196350441,69.02650887486827,0.96875,False
"통영국제음악제, 해리 파치: 플렉트럼과 타악기 춤",복합,영남,통영국제음악당,1.0,3,762.0,254.0,23667.97900262467,6011666.666666667,6,254,서양음악+한국음악,서양음악,한국음악,0.8914285714285715,0.6934285714285715,0.3448851070215093,68.37206276029706,68.93504888976082,0.9183673469387755,False
"아침음악나들이 1, 존노 & 고영열",복합,경인,고양어울림누리,1.0,1,1290.0,1290.0,15283.720930232555,19716000.0,8,1290,대중음악+한국음악,대중음악,한국음악,0.8914285714285715,0.6190714285714285,0.4781853260405477,70.54800744663709,68.54495244827942,0.9813084112149533,False
"제23회 SPAF, 구조와 의식",복합,서울,아르코예술극장,1.0,1,600.0,600.0,7610.0,4566000.0,2,600,무용+연극,무용,연극,0.8914285714285715,0.492,0.5595621477330733,67.95203562776376,68.53246723609563,0.8940397350993378,False
동물의 사육제 [세종],복합,충청,비오케이아트센터(BOK아트센터),1.0,2,440.0,220.0,9432.954545454546,2075250.0,9,220,서양음악+무용,서양음악,무용,0.8914285714285715,0.5740714285714286,0.4703287962421847,68.74060791425693,68.19354862163833,0.9152542372881356,False
소녀의 꿈,복합,서울,금나래아트홀,1.0,1,552.0,552.0,6228.260869565217,3438000.0,6,552,대중무용+한국음악,대중무용,한국음악,0.8914285714285715,0.4687142857142857,0.5687182931960959,67.18853497138988,67.76896657972175,0.8874172185430463,False
제2회 SECOME,복합,충청,비오케이아트센터(BOK아트센터),1.0,2,440.0,220.0,1568.1818181818182,345000.0,9,220,서양음악+한국음악,서양음악,한국음악,0.8914285714285715,0.5740714285714286,0.4530885083247758,68.22910337599453,67.68204408337593,0.8983050847457628,False
춘천시립교향악단 패밀리콘서트1,복합,기타,춘천문화예술회관,0.9893617021276596,1,930.0,930.0,3886.021505376344,3614000.0,3,940,,,,0.7657142857142857,0.5718571428571428,0.6185205472278829,67.21875527618664,67.41253523892122,0.8666666666666667,False
물질 [고양],복합,경인,고양아람누리,0.9934210526315792,3,906.0,302.0,2538.6313465783664,766666.6666666666,6,304,,,,0.7757142857142857,0.7216428571428571,0.4948393676748127,69.38098139229004,67.37792639393237,0.9719626168224299,False
테디베어와 함께하는 LED발레 & 태권 [부천],복합,경인,부천시민회관,1.0,1,1041.0,1041.0,422.6705091258405,440000.0,4,1041,,,,0.8914285714285715,0.5912857142857143,0.46578490627010294,69.21808390400832,67.21502890565066,0.9626168224299065,False
"통영국제음악회, 온드레이 아다멕: 디너",복합,영남,통영국제음악당,1.0,2,508.0,254.0,20221.456692913387,5136250.0,6,254,서양음악+대중음악,서양음악,대중음악,0.8914285714285715,0.6010714285714286,0.3761673839364631,66.6495662774153,67.21255240687907,0.9081632653061225,False
"꿈나무극장 오감똑똑 어린이공연, 싸운드 써커스",복합,서울,꿈나무극장,1.0,2,306.0,153.0,6032.679738562091,923000.0,4,153,무용+뮤지컬,무용,뮤지컬,0.8914285714285715,0.521,0.464320836149197,66.59754598434957,67.17797759268143,0.8807947019867549,False
"대한민국 청년축제, 청춘뉴런",복합,서울,세종대학교 대양홀,0.96057171020207,1,1949.0,1949.0,1806.054386865059,3520000.0,5,2029,서양음악+한국음악,서양음악,한국음악,0.6885714285714286,0.6498571428571428,0.6340612081986886,66.56502584097916,67.14545744931102,0.8741721854304636,False
"제24회 SPAF, LOD 뮤직씨어터: 우먼, 포인트 제로",복합,서울,국립극장,0.9823529411764708,2,1002.0,510.0,17481.037924151697,8758000.0,5,510,,,,0.7342857142857143,0.7420714285714287,0.4307165706816142,66.2071005179771,66.78753212630896,0.8675496688741722,False
그림자극으로 만나는 비발디의 사계,복합,영남,동래문화회관,1.0,1,505.0,505.0,6732.6732673267325,3400000.0,5,505,연극+대중음악,연극,대중음악,0.8914285714285715,0.44885714285714284,0.5579999754057656,66.0697331905493,66.63271932001307,0.8979591836734694,False
"XR 공연, 도채비 [제주]",복합,제주,BeIN(비인),0.9880794701986756,5,746.0,149.0,3217.1581769437,480000.0,1,151,,,,0.7571428571428571,0.6931428571428572,0.4681064756502902,66.97375826441126,66.29253066962437,0.875,False
예술봄소리와 함께하는 EQ－UP (오전),복합,충청,비오케이아트센터(BOK아트센터),1.0,2,440.0,220.0,454.54545454545456,100000.0,9,220,서양음악+뮤지컬,서양음악,뮤지컬,0.8914285714285715,0.5740714285714286,0.4076137128168062,66.8009766177189,66.2539173251003,0.8813559322033898,False
"브런치&리너 콘서트, 피아니스트 김용진과 함께하는 이달의 공연: 7월의 발레",복합,서울,구로아트밸리,1.0,1,579.0,579.0,13036.269430051814,7548000.0,6,579,서양음악+한국음악,서양음악,한국음악,0.8914285714285715,0.4822857142857143,0.4856684716548279,65.66025672401572,66.24068833234759,0.8609271523178808,False
"대덕문화전당 패밀리 페스타 Ⅳ, 호두까기 인형 [대구]",복합,영남,대덕문화전당,0.9832089552238804,2,1054.0,1.0,9603.415559772297,5061000.0,4,536,,,,0.7371428571428571,0.6281428571428572,0.5251622753194151,65.65262008735722,66.21560621682099,0.8877551020408163,False
홍지민과 함께하는 판타스틱쇼 시즌2 [함양],복합,영남,함양문화예술회관,1.0,1,486.0,486.0,6725.102880658436,3268400.0,2,486,대중음악+뮤지컬,대중음악,뮤지컬,0.8914285714285715,0.43757142857142856,0.5529835035198438,65.44860541774882,66.01159154721259,0.8775510204081632,False
서커스 클래식,복합,서울,송파어린이문화회관,1.0584415584415583,2,326.0,138.0,12515.337423312883,2040000.0,1,154,연극+한국음악,연극,한국음악,0.8914285714285715,0.5189285714285714,0.41977667261375423,65.18973413860967,65.77016574694153,0.8543046357615894,False
숨 S:UM,복합,경인,의정부예술의전당,0.9990243902439024,1,1024.0,1024.0,1809.5703125,1853000.0,6,1025,한국음악+뮤지컬,한국음악,뮤지컬,0.7814285714285715,0.5865714285714285,0.5798237309421564,67.54607406576277,65.5430190674051,0.9532710280373832,False
김준수 & 두 번째 달 콘서트 [평택],복합,경인,한국소리터,1.0,1,557.0,557.0,5271.095152603231,2936000.0,5,557,한국음악+대중음악,한국음악,대중음악,0.8914285714285715,0.47085714285714286,0.5726446102519177,67.37318198391252,65.37012698555485,0.9439252336448598,False
"남상일 & 리사의 뮤지컬, 국악을 만나다 [연천]",복합,경인,연천수레울아트홀,1.0,1,550.0,550.0,4317.272727272727,2374500.0,4,550,뮤지컬+한국음악,뮤지컬,한국음악,0.8914285714285715,0.466,0.5757611369487645,67.23687484048672,65.23381984212905,0.9345794392523364,False
"송년콘서트: 수고했어, 올해도! [함양]",복합,영남,함양문화예술회관,1.0,1,486.0,486.0,10037.860082304527,4878400.0,2,486,한국음악+뮤지컬,한국음악,뮤지컬,0.8914285714285715,0.43757142857142856,0.5120152868239767,64.4487572511477,65.01174338061146,0.8673469387755102,False
한 해를 마무리 짓는 매듭달 음악회 [군포],복합,경인,군포문화예술회관,0.9798598949211909,1,1119.0,1119.0,5226.09472743521,5848000.0,8,1142,한국음악+연극,한국음악,연극,0.7285714285714285,0.6055714285714286,0.6302839589811691,66.95652899193372,64.95347399357605,0.9252336448598131,False
첼로가야금 [연천],복합,경인,연천수레울아트홀,1.0,1,550.0,550.0,2621.818181818182,1442000.0,4,550,한국음악+연극,한국음악,연극,0.8914285714285715,0.466,0.5473760903042719,66.5604446412088,64.55738964285113,0.9158878504672897,False
"여우락 페스티벌, 모듈라서울: lull~유영",복합,서울,국립극장,1.0,1,510.0,510.0,14603.921568627453,7448000.0,5,510,한국음악+뮤지컬,한국음악,뮤지컬,0.8914285714285715,0.4525,0.4644461790583489,63.84338843357676,64.42382004190863,0.847682119205298,False
"조희창의 굿모닝 콘서트, 아리랑 온 더 로드",복합,영남,거제문화예술회관,1.0,1,424.0,424.0,6978.301886792453,2958800.0,3,424,서양음악+대중음악,서양음악,대중음악,0.8914285714285715,0.40585714285714286,0.537861804690068,63.63402201822896,64.19700814769273,0.8571428571428571,False
미야자키 하야오 영화음악 콘서트 with 샌드애니메이션 [과천],복합,경인,과천시민회관,1.0,1,929.0,929.0,22684.607104413342,21074000.0,5,929,서양음악+연극,서양음악,연극,0.8914285714285715,0.5711428571428572,0.39217494126546754,66.18547160892338,64.18241661056571,0.9065420560747663,False
더 매직 팬텀 앤 퀸 [함안],복합,영남,함안문화예술회관,1.0,1,510.0,510.0,15142.156862745098,7722500.0,5,510,,,,0.8914285714285715,0.4525,0.4520605630080789,63.49918835871991,64.06217448818369,0.8469387755102041,False
박 벌어진다 [연천],복합,경인,연천수레울아트홀,1.0,1,550.0,550.0,1974.5454545454545,1086000.0,4,550,,,,0.8914285714285715,0.466,0.5244604022405834,65.99356512413726,63.99051012577959,0.897196261682243,False
가을 콘서트 [광양],복합,호남,광양시문화예술회관,0.9877551020408164,1,484.0,484.0,4989.669421487603,2415000.0,3,490,서양음악+무용,서양음악,무용,0.7528571428571429,0.4343571428571429,0.5675253905052682,60.32640385467146,63.436570766035324,0.9375,False
열린음악회: 국악신동김태연＆클라무오케스트라＆퓨전국악이희정밴드 [오산],복합,경인,오산문화예술회관,0.9925,1,794.0,794.0,9244.33249370277,7340000.0,2,800,한국음악+뮤지컬,한국음악,뮤지컬,0.7728571428571429,0.5502857142857143,0.5545002966161067,65.31402387213532,63.310968873777654,0.8878504672897196,False
브라소닛 빅밴드 & 앰비규어스댄스컴퍼니: Body & Voice [서산],복합,충청,서산시문화회관,1.0,1,601.0,601.0,20628.951747088187,12398000.0,3,601,,,,0.8914285714285715,0.4932857142857142,0.4030455074916507,63.68595318664937,63.13889389403078,0.864406779661017,False
홍지민과 함께하는 판타스틱 쇼 [연천],복합,경인,연천수레울아트홀,1.0,1,550.0,550.0,13103.636363636364,7207000.0,4,550,,,,0.8914285714285715,0.466,0.48190023297471896,64.88592154405133,62.88286654569366,0.8785046728971962,False
"방방곡곡 문화공감, 누모리쇼",복합,경인,이천아트홀,1.0,1,451.0,451.0,3873.614190687361,1747000.0,6,451,한국음악+무용,한국음악,무용,0.8914285714285715,0.4192142857142857,0.5625352887970765,64.8341843154848,62.831129317127136,0.8691588785046729,False
태권무 한빛,복합,제주,제주아트센터,0.9425675675675677,1,1116.0,1116.0,5963.709677419355,6655500.0,6,1184,무용+대중무용,무용,대중무용,0.6614285714285715,0.6027142857142856,0.6180070287357865,63.45613317855543,62.774905583768536,0.75,False
위사 페스티벌: NFF,복합,서울,플랫폼-엘 컨템포러리 아트센터,0.9883720930232558,2,340.0,170.0,8638.235294117647,1468500.0,3,172,,,,0.7628571428571429,0.5336428571428571,0.458103872038301,61.88560075899885,62.46603236733071,0.8410596026490066,False
"장사익 & 충남교향악단, 봄맞이 소리愛 [예산]",복합,충청,충남도청 문예회관,1.0,1,836.0,836.0,36064.59330143541,30150000.0,8,836,한국음악+서양음악,한국음악,서양음악,0.8914285714285715,0.5591428571428572,0.3061521144140731,62.5874938693722,62.04043457675361,0.847457627118644,False
USW 신년음악회,복합,서울,롯데콘서트홀,0.9179764243614932,1,1869.0,1869.0,1448.582129481006,2707400.0,6,2036,서양음악+한국음악,서양음악,한국음악,0.5971428571428572,0.6455714285714286,0.6103529822556302,61.395794737682806,61.97622634601467,0.8344370860927153,False
"서울예술단 송년갈라, SPACon",복합,서울,국립극장,1.0,1,1221.0,1221.0,46656.838656838656,56968000.0,5,1221,뮤지컬+한국음악,뮤지컬,한국음악,0.8914285714285715,0.6138571428571429,0.239539762666657,61.28285531557333,61.86328692390519,0.8278145695364238,False
MBC 뮤직페스티벌 송년음악회,복합,충청,금산다락원 생명의집,0.9829545454545454,1,692.0,692.0,10173.410404624276,7040000.0,4,704,서양음악+뮤지컬,서양음악,뮤지컬,0.7357142857142858,0.5245714285714286,0.5298516155532847,62.24820561399024,61.701146321371645,0.8305084745762712,False
"배익한 재즈 오케스트라, 재즈와 판소리의 만남: 재즈 x 판",복합,서울,성북미디어문화마루 꿈빛극장,1.0,1,324.0,324.0,5740.740740740741,1860000.0,0,324,대중음악+서양음악,대중음악,서양음악,0.8914285714285715,0.35164285714285715,0.5317803586002323,60.81633903917023,61.396770647502095,0.8211920529801324,False
"토크콘서트, 추억은 몽글몽글",복합,영남,동래문화회관,0.998019801980198,1,504.0,504.0,1904.7619047619048,960000.0,5,505,서양음악+연극,서양음악,연극,0.78,0.4473571428571428,0.5161132365873423,60.784467109015104,61.34745323847887,0.8367346938775511,False
제10회 이데일리 문화대상 시상식,복합,서울,세종문화회관,0.957974851091992,1,2895.0,1608.0,23595.854922279792,68310000.0,3,3022,서양음악+대중음악,서양음악,대중음악,0.6857142857142857,0.6609999999999999,0.39182884844878707,60.63890049866436,61.21933210699623,0.8145695364238411,False
Harmony of Light [인천],복합,경인,인천학생교육문화회관,0.9898648648648648,1,586.0,586.0,2790.102389078498,1635000.0,5,592,,,,0.7685714285714286,0.48657142857142854,0.566520382655026,63.041887390104336,61.038832391746666,0.8598130841121495,False
"평택시립국악관현악단, 평택시민과 함께하는 국악성가의 밤",복합,경인,평택시서부문예회관,0.9661458333333334,1,742.0,742.0,3404.312668463612,2526000.0,2,768,서양음악+연극,서양음악,연극,0.7042857142857143,0.5375714285714286,0.6017548778838421,62.93456243167164,60.93150743331397,0.8504672897196262,False
벽을 뚫고 나온 꽃 [과천],복합,경인,과천시민회관,1.0,1,380.0,380.0,5447.368421052632,2070000.0,5,380,무용+연극,무용,연극,0.8914285714285715,0.3872857142857143,0.5442273757460703,62.89393896606376,60.89088396770609,0.8411214953271028,False
"신춘콘서트, 국악과 트로트의 만남 [함양]",복합,영남,함양문화예술회관,1.0,1,486.0,486.0,23659.25925925926,11498400.0,2,486,한국음악+뮤지컬,한국음악,뮤지컬,0.8914285714285715,0.43757142857142856,0.367454181280596,60.311287623132245,60.87427375259601,0.826530612244898,False
늦은 여름밤의 군민응원콘서트 [옥천],복합,충청,옥천문화예술회관,1.0,1,478.0,478.0,18933.05439330544,9050000.0,3,478,대중음악+연극,대중음악,연극,0.8914285714285715,0.43114285714285716,0.4091132887223107,61.34770926632823,60.80064997370964,0.8135593220338984,False
"아트클래스 시리즈Ⅴ, 호퍼: 고독한 뉴요커 [을숙도]",복합,영남,을숙도문화회관,0.9442119944211994,1,677.0,677.0,6685.376661742984,4526000.0,4,717,서양음악+무용,서양음악,무용,0.6671428571428571,0.521,0.5784297731045691,60.20199246711696,60.764978596580725,0.8163265306122449,False
"태권무 한빛 시즌3, 태권예술로 제주를 품다",복합,제주,제주아트센터,0.9442567567567568,1,1118.0,1118.0,13587.656529516997,15191000.0,6,1184,연극+뮤지컬,연극,뮤지컬,0.67,0.6041428571428571,0.5014832978778843,61.295781925680956,60.61455433089406,0.625,False
국립정동극장 신년음악회,복합,서울,국립정동극장,1.0,1,652.0,326.0,29852.76073619632,19464000.0,2,326,한국음악+대중음악,한국음악,대중음악,0.8914285714285715,0.4477857142857143,0.34011283201401216,59.79831527746226,60.37874688579412,0.7980132450331126,False
국립정동극장 신년음악회,복합,서울,국립정동극장,1.0,1,652.0,326.0,29852.76073619632,19464000.0,2,326,한국음악+대중음악,한국음악,대중음악,0.8914285714285715,0.4477857142857143,0.34011283201401216,59.79831527746226,60.37874688579412,0.7980132450331126,False
국립정동극장 신년음악회,복합,서울,국립정동극장,1.0,1,652.0,326.0,29852.76073619632,19464000.0,2,326,한국음악+대중음악,한국음악,대중음악,0.8914285714285715,0.4477857142857143,0.34011283201401216,59.79831527746226,60.37874688579412,0.7980132450331126,False
국립정동극장 신년음악회,복합,서울,국립정동극장,1.0,1,652.0,326.0,29852.76073619632,19464000.0,2,326,한국음악+대중음악,한국음악,대중음악,0.8914285714285715,0.4477857142857143,0.34011283201401216,59.79831527746226,60.37874688579412,0.7980132450331126,False
"보트피플ver.2, 바다의 아우슈비츠",복합,영남,어울아트센터(구. 대구북구문예회관),1.12,1,476.0,1.0,5123.949579831933,2439000.0,5,425,한국음악+무용,한국음악,무용,0.8914285714285715,0.31885714285714284,0.5666738970994479,59.81206016782882,60.375046297292585,0.8061224489795918,False
"크로스파티, 두번째달 Ⅹ 김무빈: 국악 Ⅹ 월드뮤직 [과천]",복합,경인,과천시민회관,1.0,1,380.0,380.0,8810.526315789473,3348000.0,5,380,한국음악+대중음악,한국음악,대중음악,0.8914285714285715,0.3872857142857143,0.5182489055407234,62.28169118794925,60.27863618959158,0.8317757009345794,False
신년음악회,복합,서울,예술의전당 [서울],0.8906187624750499,1,2231.0,2231.0,3079.336620349619,6870000.0,10,2505,서양음악+연극,서양음악,연극,0.5314285714285715,0.6554285714285714,0.6839752466585178,59.52345582673833,60.10388743507019,0.7814569536423841,False
SCAF 서초아트페스티벌,복합,서울,페리지홀,0.9702970297029704,2,392.0,196.0,535.7142857142857,105000.0,2,202,서양음악+뮤지컬,서양음악,뮤지컬,0.7185714285714285,0.5566428571428572,0.4095749723556787,59.4805049602184,60.06093656855026,0.7748344370860927,False
미야자키 하야오 영화음악 콘서트 with 샌드애니메이션 [창원],복합,영남,성산아트홀,0.9694117647058824,1,1648.0,1648.0,32158.980582524277,52998000.0,2,1700,서양음악+대중음악,서양음악,대중음악,0.7157142857142857,0.6382857142857142,0.3368433140912756,59.47849440434968,60.04148053381345,0.7959183673469388,False
"마티네콘서트 마실, 협궤열차의 꿈",복합,경인,남동소래아트홀,0.9886201991465148,1,695.0,695.0,651.0791366906475,452500.0,2,703,대중음악+연극,대중음악,연극,0.7642857142857142,0.5277142857142858,0.4666829496425974,61.965778911216894,59.962723912859225,0.822429906542056,False
샌드 팝페라: 금빛 모래의 향연 [용인],복합,경인,경기아트센터 경기국악원,1.0,1,420.0,420.0,1119.047619047619,470000.0,3,420,,,,0.8914285714285715,0.4045714285714286,0.4693701966797847,61.864988927841516,59.86193392948385,0.8130841121495327,False
"서리풀악동문화공연, 매직컬 피터팬",복합,서울,서초문화예술회관(구. 서초구민회관),0.9405797101449276,1,649.0,649.0,2681.0477657935285,1740000.0,6,690,대중무용+무용,대중무용,무용,0.6557142857142857,0.5112857142857143,0.5751518742079607,59.280646068184694,59.86107767651656,0.7682119205298014,False
봄의향연 [오산],복합,경인,오산문화예술회관,1.0,1,800.0,800.0,37792.5,30234000.0,2,800,대중음악+뮤지컬,대중음악,뮤지컬,0.8914285714285715,0.5516428571428571,0.2896095531683954,61.645765697990974,59.642710699633305,0.8037383177570093,False
DUO RECITAL,복합,서울,예술의전당 [서울],1.0,1,354.0,354.0,500.0,177000.0,10,354,서양음악+한국음악,서양음악,한국음악,0.8914285714285715,0.3700714285714286,0.421213834448089,58.942624186163386,59.52305579449525,0.7615894039735099,False
환상덜미 [수원],복합,경인,정조테마공연장,1.3488372093023255,1,348.0,348.0,6442.528735632184,2242000.0,3,258,한국음악+서양음악,한국음악,서양음악,0.8914285714285715,0.3658571428571429,0.5302423209572796,61.5080011644748,59.50494616611713,0.794392523364486,False
여섯 개의 불가능 [수원],복합,경인,정조테마공연장,1.3565891472868217,1,350.0,350.0,6880.0,2408000.0,3,258,,,,0.8914285714285715,0.36657142857142855,0.5279261853587249,61.49014245564663,59.48708745728896,0.7850467289719626,False
배리어프리 뮤직페스티벌,복합,서울,국립극장,0.9312039312039312,1,1137.0,1137.0,369.3931398416887,420000.0,5,1221,서양음악+뮤지컬,서양음악,뮤지컬,0.6328571428571429,0.6074285714285714,0.46308382050852764,58.72639330697621,59.30682491530808,0.7549668874172185,False
Mr 오페라 Miss 뮤지컬 [경주],복합,영남,경주예술의전당,1.0,1,331.0,331.0,809.6676737160121,268000.0,7,331,서양음악+한국음악,서양음악,한국음악,0.8914285714285715,0.3557142857142857,0.4392164958271462,58.73668006024542,59.299666189709185,0.7857142857142857,False
폴링 인 트롯 with 신유 [용인],복합,경인,용인시문화예술회관,0.9680511182108626,1,606.0,606.0,6381.188118811881,3867000.0,4,626,대중음악+서양음악,대중음악,서양음악,0.7092857142857143,0.49835714285714283,0.5748835315266282,61.177085917649556,59.17403091929189,0.7757009345794392,False
sonic BLOOM,복합,서울,에스팩토리,1.1885714285714286,2,832.0,462.0,75752.40384615384,31513000.0,4,350,,,,0.8914285714285715,0.7152142857142857,0.14670100360557978,58.164867883370675,58.74529949170254,0.7483443708609272,False
화통콘서트 [거창],복합,영남,거창문화센터,0.9402332361516036,1,645.0,645.0,10201.5503875969,6580000.0,4,686,,,,0.6542857142857142,0.5091428571428571,0.5244077300413065,58.058984121436765,58.62197025090053,0.7755102040816326,False
호두까기 인형 [화성],복합,경인,반석아트홀 (동탄복합문화센터),0.9635036496350364,2,1056.0,528.0,33664.77272727273,17775000.0,5,548,연극+서양음악,연극,서양음악,0.6907142857142857,0.7525,0.31623920062219096,60.61837795325301,58.61532295489534,0.7663551401869159,False
B612 [인천],복합,경인,부평아트센터,1.0,1,323.0,323.0,6482.97213622291,2094000.0,10,323,,,,0.8914285714285715,0.3505714285714286,0.52465905843806,60.59707556159414,58.59402056323647,0.7570093457943925,False
IT SHOW 예술로 그려지는 대한민국 [수원],복합,경인,수원SK아트리움,0.9333333333333332,2,560.0,280.0,2978.5714285714284,834000.0,5,300,,,,0.6385714285714286,0.6205714285714287,0.5076750811073334,60.47271174903288,58.46965675067521,0.7476635514018691,False
고3 수험생을 위한 힐링 콘서트 [구리],복합,경인,구리아트홀,0.9642857142857144,3,810.0,270.0,29827.16049382716,8053333.333333333,8,280,무용+대중음악,무용,대중음악,0.6942857142857143,0.7037142857142857,0.3325197240067761,60.16605095061325,58.16299595225558,0.7383177570093458,False
어느 삐에로의 사랑 이야기,복합,서울,신한카드 SOL페이 스퀘어(구.신한pLay 스퀘어),0.9787735849056604,1,415.0,415.0,5156.626506024097,2140000.0,6,424,서양음악+무용,서양음악,무용,0.7271428571428571,0.4008571428571429,0.5530822552372114,57.57907771227703,58.15950932060889,0.7417218543046358,False
"피카스 그림동화 음악회, 엄마 찾아 삼만리",복합,서울,예술의전당 [서울],1.0,1,354.0,354.0,22259.88700564972,7880000.0,10,354,서양음악+연극,서양음악,연극,0.8914285714285715,0.3700714285714286,0.3736868905965183,57.548037021579866,58.12846862991173,0.7350993377483444,False
피콜로이스트 김원미와 안디아모 국악퓨전콘서트: 그리고 그 사랑,복합,영남,아양아트센터,1.25,1,250.0,250.0,8760.0,2190000.0,6,200,뮤지컬+서양음악,뮤지컬,서양음악,0.8914285714285715,0.3074285714285714,0.49216548735054444,57.51601312116065,58.07899925062441,0.7653061224489796,False
12월의 사랑가 [수원],복합,경인,경기아트센터(구. 경기도문화의전당),0.9880478087649402,1,496.0,496.0,2288.3064516129034,1135000.0,4,502,서양음악+한국음악,서양음악,한국음악,0.7557142857142857,0.44285714285714284,0.5269473144146606,59.89786618362795,57.89481118527028,0.7289719626168224,False
이태석 사랑나눔 음악회,복합,서울,스카이아트홀,0.9037487335359676,1,892.0,892.0,4641.255605381166,4140000.0,0,987,서양음악+무용,서양음악,무용,0.5614285714285714,0.5657142857142857,0.6148817624999068,57.30397139389684,57.8844030022287,0.7284768211920529,False
첼로가야금 2.0 콘서트 [울산],복합,영남,울주문화예술회관,0.8940568475452196,2,692.0,353.0,4517.341040462427,1563000.0,5,387,한국음악+연극,한국음악,연극,0.5342857142857143,0.6716428571428572,0.5336430503203433,57.21085955651915,57.77384568598291,0.7551020408163265,False
누모리 쇼 [논산],복합,충청,논산아트센터(구. 논산문화예술회관),0.9482142857142856,1,531.0,531.0,4067.796610169492,2160000.0,5,560,한국음악+연극,한국음악,연극,0.6757142857142857,0.45899999999999996,0.5741216165055641,58.24063960774248,57.69358031512389,0.7966101694915254,False
"한국예술융합학회, Art; Versa 시리즈 V: 동. 서양 예술의 융합",복합,서울,푸르지오아트홀,1.0,1,280.0,280.0,857.1428571428571,240000.0,6,280,서양음악+한국음악,서양음악,한국음악,0.8914285714285715,0.3235,0.4364069915619363,57.01431361183483,57.59474522016669,0.7218543046357616,False
"판소리 오페라, 소월 [고양]",복합,경인,고양아람누리,1.0,1,304.0,304.0,9013.157894736842,2740000.0,6,304,서양음악+뮤지컬,서양음악,뮤지컬,0.8914285714285715,0.3410714285714286,0.5000594280665497,59.5252462718319,57.52219127347423,0.719626168224299,False
송년콘서트 [광양],복합,호남,광양시문화예술회관,0.9306122448979592,1,456.0,456.0,4989.035087719299,2275000.0,3,490,한국음악+대중음악,한국음악,대중음악,0.6257142857142857,0.4215714285714286,0.5625530089158913,54.410419773366904,57.520586684730766,0.90625,False
마티네 콘서트 [용인],복합,경인,용인포은아트홀,0.8482922954725973,4,4272.0,1068.0,10305.945692883895,11006750.0,5,1259,서양음악+대중음악,서양음악,대중음악,0.4714285714285714,0.9156428571428572,0.5475246004079397,59.279770125259034,57.276715126901365,0.7102803738317757,False
"Asia & Saha Ⅱ, 중국편 (5.17)",복합,영남,을숙도문화회관,0.9177126917712692,1,658.0,658.0,2385.258358662614,1569500.0,4,717,뮤지컬+무용,뮤지컬,무용,0.5942857142857143,0.5162142857142857,0.56098169674715,56.31659508194038,56.879581211404144,0.7448979591836735,False
한일 교류음악회,복합,서울,국립국악원,1.0,1,231.0,231.0,11445.887445887443,2644000.0,7,231,한국음악+서양음악,한국음악,서양음악,0.8914285714285715,0.3017142857142857,0.45342548391877013,56.26304360095571,56.843475209287575,0.7152317880794702,False
"싱잉볼 콘서트, 하늘소리: 소망을 하늘로",복합,서울,서울아트센터,0.9390581717451524,1,1017.0,1017.0,26841.69124877089,27298000.0,0,1083,연극+대중음악,연극,대중음악,0.6514285714285715,0.5858571428571429,0.36622224773251155,56.23670475880965,56.817136367141515,0.7086092715231788,False
"바리톤 정 경의 오페라마, 정신나간 작곡가와 키스하다",복합,경인,부천아트센터,1.0,1,304.0,304.0,11523.026315789471,3503000.0,0,304,서양음악+무용,서양음악,무용,0.8914285714285715,0.3410714285714286,0.46994345980520297,58.79034366217757,56.7872886638199,0.7009345794392523,False
"탱고, 매혹",복합,서울,마포아트센터,0.9800796812749004,1,984.0,984.0,38837.60162601626,38216200.0,3,1004,서양음악+대중음악,서양음악,대중음악,0.7314285714285714,0.5811428571428572,0.27599093652677736,56.175868537320724,56.75630014565259,0.7019867549668874,False
무브먼트 코리아 [논산],복합,충청,논산아트센터(구. 논산문화예술회관),0.9446428571428572,1,529.0,529.0,9168.241965973535,4850000.0,5,560,,,,0.6728571428571428,0.45792857142857146,0.5327883340863727,57.215236483016476,56.668177190397884,0.7796610169491526,False
발레 메카닉 [강동],복합,서울,강동아트센터,0.912,2,456.0,228.0,6389.802631578948,1456875.0,7,250,서양음악+무용,서양음악,무용,0.5785714285714286,0.5805,0.492634619954361,56.08208412842215,56.66251573675402,0.695364238410596,False
"국립국악관현악단, 베스트컬렉션 [장흥]",복합,호남,장흥문화예술회관,0.9233870967741936,1,458.0,458.0,3144.1048034934497,1440000.0,5,496,연극+뮤지컬,연극,뮤지컬,0.6114285714285714,0.4228571428571428,0.5453173024676651,53.50086717060576,56.61103408196962,0.875,False
"아트클래스 시리즈 3, 미켈란젤로와 음악의 만남",복합,영남,을숙도문화회관,0.9121338912133892,1,654.0,654.0,3010.7033639143733,1969000.0,4,717,,,,0.58,0.5140714285714286,0.5836978571316095,56.009108066144584,56.57209419560835,0.7346938775510204,False
조용필 음악과 함께하는 빛의 베아트리체 [하남],복합,경인,하남문화예술회관,0.8485181119648738,2,1546.0,773.0,4083.441138421733,3156500.0,4,911,,,,0.4735714285714286,0.8133571428571429,0.6026168774801685,58.45011769754769,56.44706269919002,0.6915887850467289,False
"발레와 국악의 조합, 마블링 [화성]",복합,경인,반석아트홀(동탄복합문화센터),0.9653284671532848,1,529.0,529.0,8986.767485822305,4754000.0,5,548,무용+서양음악,무용,서양음악,0.6985714285714286,0.45792857142857146,0.5376150465321963,58.40351891752916,56.40046391917149,0.6822429906542056,False
"성동문화나눔 송년 공연, 송년콘서트: 수고했어, 올해도!",복합,서울,소월아트홀(성동문화회관),0.9384615384615383,1,488.0,488.0,7899.590163934426,3855000.0,5,520,서양음악+대중음악,서양음악,대중음악,0.6485714285714286,0.44042857142857145,0.5465716664545873,55.80472531574886,56.385156924080725,0.6887417218543046,False
5히려 좋아,복합,서울,오류아트홀,0.978082191780822,1,357.0,357.0,6801.120448179272,2428000.0,5,365,한국음악+무용,한국음악,무용,0.7228571428571429,0.374,0.5325976601853682,55.80428780836394,56.3847194166958,0.6821192052980133,False
"한국 중국 일본, 발악콘서트",복합,영남,을숙도문화회관,0.9149232914923292,1,656.0,656.0,2146.3414634146343,1408000.0,4,717,한국음악+대중음악,한국음악,대중음악,0.5914285714285714,0.5151428571428571,0.5433314065522342,55.7882087359133,56.35119486537707,0.7244897959183674,False
제10회 서울페스티발앙상블 정기연주회,복합,서울,예술의전당 [서울],0.9233333333333332,1,554.0,554.0,3675.090252707581,2036000.0,10,600,서양음악+연극,서양음악,연극,0.61,0.46978571428571425,0.5743906803011796,55.72836945400258,56.308801062334446,0.6754966887417219,False
한밤의 유U;콘서트: 가을 밤 현의 풍류 (10월),복합,영남,(재)영화의전당,0.901307966706302,1,758.0,758.0,2992.0844327176783,2268000.0,8,841,한국음악+서양음악,한국음악,서양음악,0.55,0.5427857142857142,0.5952188679984808,55.65513048591193,56.2181166153757,0.7142857142857143,False
"이천국제음악제, icmf 오프닝 콘서트: 동서양의 하모니",복합,경인,이천아트홀,0.9108333333333334,1,1093.0,1093.0,1485.818847209515,1624000.0,6,1200,뮤지컬+서양음악,뮤지컬,서양음악,0.575,0.5982142857142857,0.5649415966762504,57.98179644839475,55.978741450037084,0.6728971962616822,False
"아이티 아이들 돕기 프로젝트, 헤이쥬드 콘서트 [고양]",복합,경인,고양아람누리,1.0,1,304.0,304.0,769.7368421052631,234000.0,6,304,한국음악+뮤지컬,한국음악,뮤지컬,0.8914285714285715,0.3410714285714286,0.43169748190276636,57.800657674369525,55.797602676011856,0.6635514018691588,False
춘향: 날개를 뜯긴 새 [평택],복합,경인,평택시남부문예회관,0.9405940594059404,1,570.0,570.0,8343.859649122807,4756000.0,3,606,무용+한국음악,무용,한국음악,0.6571428571428571,0.47785714285714287,0.5549885889029059,57.73991380199064,55.73685880363297,0.6542056074766355,False
장사익과 함께하는 이브닝 콘서트: 만추 [용인],복합,경인,용인시문화예술회관,0.9680511182108626,1,606.0,606.0,18021.45214521452,10921000.0,4,626,한국음악+서양음악,한국음악,서양음악,0.7092857142857143,0.49835714285714283,0.4297082119618763,57.717504207273706,55.71444920891604,0.6448598130841121,False
"일루젼매지컬, 몽환록 [대전]",복합,충청,대전시립연정국악원,0.92,1,690.0,690.0,10736.231884057972,7408000.0,6,750,한국음악+대중음악,한국음악,대중음악,0.6042857142857143,0.5234285714285715,0.5201649818836319,56.17028319847247,55.62322390585388,0.7627118644067796,False
"손병호 & 최지연과 함께하는 여민락 콘서트, 지금 뛰다: NOW JUMP [세종] (8월)",복합,충청,세종예술의전당,0.900093370681606,1,964.0,964.0,8809.128630705394,8492000.0,1,1071,연극+한국음악,연극,한국음악,0.5442857142857143,0.5765714285714285,0.5779753059890184,56.04685656074824,55.49979726812965,0.7457627118644068,False
폴리팝 [안산],복합,경인,안산문화예술의전당,0.8547486033519553,2,1224.0,612.0,9424.83660130719,5768000.0,6,716,,,,0.4857142857142857,0.7837857142857143,0.5394871314290018,57.25927693967314,55.256221941315474,0.6355140186915887,False
그림이 오감를 만났을때: 감각주의,복합,영남,대덕문화전당,0.9309701492537312,1,499.0,499.0,9579.158316633266,4780000.0,4,536,,,,0.6314285714285715,0.4441428571428572,0.5211561116723,54.67798308550529,55.240969214969056,0.7040816326530612,False
"강릉아트센터 기획공연, 스트라빈스키의 병사이야기",복합,기타,강릉아트센터 (구. 강릉문화예술관),0.8987012987012987,2,692.0,347.0,15005.78034682081,5192000.0,7,385,연극+대중음악,연극,대중음악,0.5371428571428571,0.6699285714285714,0.43575780716963297,55.043049646484285,55.236829609218866,0.8,False
"춘하추동, 디톡스 콘서트 : 남상일&박구윤&최연화",복합,경인,남동소래아트홀,0.9203413940256046,1,647.0,647.0,5080.370942812983,3287000.0,2,703,대중음악+한국음악,대중음악,한국음악,0.6057142857142858,0.5105714285714286,0.5863746826545778,57.17233146326858,55.16927646491091,0.6261682242990654,False
레이저 무브 아트쇼,복합,서울,꿈의숲아트센터,0.9893992932862192,1,280.0,280.0,3048.214285714286,853500.0,8,283,,,,0.7671428571428571,0.3235,0.5102162894765931,54.56966307382278,55.150094682154645,0.6688741721854304,False
재즈& 국악 울림콘서트,복합,영남,의령군민문화회관,0.9661016949152542,1,342.0,342.0,4415.204678362573,1510000.0,4,354,대중음악+한국음악,대중음악,한국음악,0.7028571428571428,0.36242857142857143,0.5326575764945798,54.511719475846455,55.07470560531022,0.6938775510204082,False
"수성아트피아 렉처콘서트 시리즈, 정호승의 작업노트",복합,영남,수성아트피아,1.0232558139534884,1,308.0,1.0,12162.337662337664,3746000.0,3,301,서양음악+한국음악,서양음악,한국음악,0.8914285714285715,0.26807142857142857,0.462107743292024,54.50885790950548,55.071844038969246,0.6836734693877551,False
피아노선생님이 들려주는 국악이야기 [김해],복합,영남,김해서부문화센터,0.9044862518089724,1,625.0,625.0,8352.0,5220000.0,5,691,한국음악+서양음악,한국음악,서양음악,0.5628571428571428,0.5032857142857143,0.5630228380755109,54.43129590775035,54.99428203721412,0.673469387755102,False
"패밀리 아이스쇼, 피터팬 온 아이스 오리지널 내한공연",복합,서울,목동 아이스링크,0.8610666666666666,9,38748.0,2784.0,37781.45710746361,162661766.66666666,4,5000,,,,0.49,0.9568571428571429,0.2982307020101124,54.23287665009382,54.813308258425685,0.6622516556291391,False
"키즈콘서트2, 클래식 in 발레 [화성]",복합,경인,반석아트홀(동탄복합문화센터),0.9635036496350364,1,528.0,528.0,13306.818181818182,7026000.0,5,548,서양음악+뮤지컬,서양음악,뮤지컬,0.6907142857142857,0.45671428571428574,0.47776058934542276,56.67410395332592,54.67104895496825,0.616822429906542,False
"시대 융화 콘서트, 이:음 [경기 광주]",복합,경인,남한산성아트홀,0.8998073217726397,1,934.0,934.0,4202.355460385439,3925000.0,8,1038,한국음악+연극,한국음악,연극,0.5385714285714286,0.5725714285714286,0.6178351949742102,56.38259830652327,54.3795433081656,0.6074766355140186,False
영남국악관현악단의 The Big Concert,복합,영남,해운대문화회관,0.9847161572052402,1,451.0,451.0,26940.133037694013,12150000.0,6,458,한국음악+뮤지컬,한국음악,뮤지컬,0.7385714285714285,0.4192142857142857,0.35299112102560803,53.76254635112293,54.325532480586695,0.6632653061224489,False
콜드 블러드 [성남],복합,경인,성남아트센터,0.8173503325942351,2,2949.0,1479.0,11665.6493726687,17201000.0,7,1804,,,,0.43714285714285717,0.8710714285714285,0.5405440283367936,56.09111054815139,54.08805554979372,0.5981308411214953,False
"미야자키 하야오 영화음악 콘서트, Best Collection with 샌드아트 임혁필",복합,서울,롯데콘서트홀,0.9179764243614932,1,1869.0,1869.0,36764.66024612092,68713150.0,6,2036,,,,0.5971428571428572,0.6455714285714286,0.3040804533352189,53.40969674407107,53.990128352402934,0.6556291390728477,False
비오케이 문화산책 (10월),복합,충청,비오케이아트센터(BOK아트센터),1.0,1,220.0,220.0,181.8181818181818,40000.0,9,220,한국음악+서양음악,한국음악,서양음악,0.8914285714285715,0.2967142857142857,0.39470840959884274,54.45027627873773,53.90321698611914,0.7288135593220338,False
신데렐라의 모래 이야기,복합,서울,소월아트홀(성동문화회관),0.9307692307692308,1,484.0,484.0,12811.98347107438,6201000.0,5,520,,,,0.6285714285714286,0.4343571428571429,0.48029971128443044,53.3130923234056,53.89352393173746,0.6490066225165563,False
세종국악심포니오케스트라 & 김경호의 아리랑목동 [무안],복합,호남,무안승달문화예술회관,0.9094412331406552,1,472.0,472.0,12245.762711864409,5780000.0,2,519,한국음악+연극,한국음악,연극,0.5714285714285714,0.42928571428571427,0.4854714988747172,50.76187487155208,53.87204178291594,0.84375,False
"함께하는 사랑밭 감사 콘서트, 담다 닮다",복합,서울,건국대학교 새천년관,0.9055900621118012,1,729.0,729.0,473.2510288065844,345000.0,8,805,대중음악+한국음악,대중음악,한국음악,0.5642857142857143,0.533,0.4530885083247758,53.08897005776848,53.66940166610034,0.6423841059602649,False
"월드뮤직 페스티벌, 국악 & 트로트 Sweet콘서트 [의령]",복합,영남,의령군민문화회관,0.943502824858757,1,334.0,334.0,3883.233532934132,1297000.0,4,354,한국음악+대중음악,한국음악,대중음악,0.6642857142857143,0.3567857142857143,0.5252879408461008,52.59920493939134,53.16219106885511,0.6530612244897959,False
"체어, 테이블, 체어 [김포]",복합,경인,통진두레문화센터,1.0,1,217.0,217.0,13668.20276497696,2966000.0,4,217,연극+무용,연극,무용,0.8914285714285715,0.2948571428571429,0.4240372605082087,55.132485857151195,53.129430858793526,0.5887850467289719,False
"가정의 달 기념공연, 가정음악회 [천안]",복합,충청,천안시성환문화회관,0.9877675840978594,1,646.0,646.0,45436.53250773994,29352000.0,2,654,대중음악+서양음악,대중음악,서양음악,0.7542857142857143,0.5098571428571429,0.24559766503208047,53.58550653067296,53.03844723805437,0.711864406779661,False
"제60회 예술공감, 앙상블 이도: 새롭게 만난 희로애락의 소리",복합,영남,을숙도문화회관,0.9904761904761904,1,208.0,208.0,3442.3076923076924,716000.0,4,210,서양음악+한국음악,서양음악,한국음악,0.7714285714285715,0.2912142857142857,0.48399797763732666,52.46629200642396,53.02927813588773,0.6428571428571429,False
제2회 이앤아이앙상블 콘서트: 날것. 놀러. OLE! 감정에 자유를 주자 [용인],복합,경인,용인시평생학습관 (여성회관),0.9181969949916527,1,550.0,550.0,2880.0,1584000.0,5,599,대중무용+연극,대중무용,연극,0.6007142857142858,0.466,0.5625678862671843,54.93950504508492,52.93645004672725,0.5794392523364486,False
"팀 퍼니스트 서커스 음악극: 체어,테이블,체어 [광주]",복합,호남,광주북구문화센터(양산도서관),0.9151193633952256,1,345.0,345.0,8608.695652173914,2970000.0,3,377,뮤지컬+한국음악,뮤지컬,한국음악,0.5928571428571429,0.3637142857142857,0.514968607709742,49.78050376372003,52.89067067508389,0.8125,False
"굿모닝콘서트, 비원 of No boundary",복합,영남,을숙도문화회관,0.9952380952380953,1,209.0,209.0,2102.870813397129,439500.0,4,210,한국음악+서양음악,한국음악,서양음악,0.7785714285714286,0.29228571428571426,0.46398534694642735,52.322966772986945,52.88595290245071,0.6326530612244898,False
김봉곤 훈장과 함께하는 NEW 조선통신사,복합,호남,무안승달문화예술회관,0.8882466281310212,1,461.0,461.0,5450.108459869848,2512500.0,2,519,한국음악+무용,한국음악,무용,0.52,0.4243571428571429,0.5610831590762361,49.67370725549098,52.783874166854844,0.78125,False
"The e-끌림 국악 콘서트, 토끼의 간을 찾아라",복합,영남,해운대문화회관,0.9301310043668122,1,426.0,426.0,1490.6103286384975,635000.0,6,458,한국음악+서양음악,한국음악,서양음악,0.6221428571428571,0.40764285714285714,0.4826558136091919,52.09025926938051,52.65324539884428,0.6224489795918368,False
Nuvelletoile: En Espana [부평],복합,경인,부평아트센터,0.9876160990712074,1,319.0,319.0,1855.799373040752,592000.0,10,323,서양음악+무용,서양음악,무용,0.7514285714285714,0.3487142857142857,0.4791370313877459,54.54773493338262,52.54467993502495,0.5700934579439252,False
Lovely Concert: 매혹적인 클림트의 그림과 함께하는 아름다운 음악회,복합,영남,해운대문화회관,0.9148471615720524,1,419.0,419.0,4630.071599045346,1940000.0,6,458,,,,0.5885714285714285,0.4038571428571428,0.5538488737119983,51.933330381074846,52.49631651053861,0.6122448979591837,False
루비뮤직 Ruby music Vin chaud Christmas,복합,서울,더케이호텔 [서울],1.0,1,100.0,100.0,1500.0,150000.0,5,100,서양음악+한국음악,서양음악,한국음악,0.8914285714285715,0.24414285714285713,0.41639068104907484,51.9082851750379,52.48871678336977,0.6357615894039735,False
"은평과 마주해, 봄 콘서트",복합,서울,은평문화예술회관,0.912981455064194,1,640.0,640.0,21309.375,13638000.0,3,701,대중음악+한국음악,대중음악,한국음악,0.5828571428571429,0.5084285714285715,0.4005719394644231,51.902245857283404,52.48267746561527,0.6291390728476821,False
"The e-끌림 국악 콘서트, 유네스코 창작품 우리네 보물찾기",복합,영남,해운대문화회관,0.9301310043668122,1,426.0,426.0,680.7511737089202,290000.0,6,458,한국음악+서양음악,한국음악,서양음악,0.6221428571428571,0.40764285714285714,0.4429439738683553,51.203396505479425,51.76638263494319,0.6020408163265306,False
진조크루 X 악단광칠: 리듬 오브 코리아 [대구],복합,영남,어울아트센터(구. 대구북구문예회관),0.9247058823529412,1,393.0,393.0,11908.396946564886,4680000.0,5,425,한국음악+대중음악,한국음악,대중음악,0.6128571428571429,0.3931428571428572,0.4819981117106883,51.1274120506443,51.69039818010807,0.5918367346938775,False
"덴마크 국립체조단, The Show KATA [대구]",복합,영남,어울아트센터(구. 대구북구문예회관),0.9552941176470588,1,406.0,1.0,6130.541871921182,2489000.0,5,425,,,,0.6828571428571428,0.2993571428571428,0.5461044162249802,50.98905388120075,51.55204001066452,0.5816326530612245,False
"체어, 테이블, 체어 [인천]",복합,경인,인천동구문화체육센터,0.7897465437788018,4,1996.0,495.0,6868.486973947895,3427375.0,1,495,,,,0.40285714285714286,0.8381428571428571,0.5551690766889597,53.512593804363895,51.509538806006226,0.5607476635514018,False
햄릿: 소리의심리학,복합,서울,한국콘텐츠진흥원 CKL스테이지,0.9,2,342.0,171.0,526.3157894736842,90000.0,3,190,뮤지컬+연극,뮤지컬,연극,0.5414285714285715,0.5357857142857143,0.4036721877236486,50.89483252164292,51.47526412997478,0.6225165562913907,False
"제76회 (사)한국여성작곡가회 봄 정기발표회, 도약",복합,서울,예술의전당 [서울],0.9491525423728814,1,336.0,336.0,517.8571428571429,174000.0,10,354,서양음악+한국음악,서양음악,한국음악,0.6785714285714286,0.3578571428571429,0.41928901278537745,50.864337035565256,51.44476864389712,0.6158940397350994,False
"서울신문 창간 120주년 기념, 봄날음악회",복합,서울,롯데콘서트홀,0.831532416502947,1,1693.0,1693.0,14936.79858239811,25288000.0,6,2036,대중음악+한국음악,대중음악,한국음악,0.45,0.6387142857142857,0.48917761125441145,50.826658669070014,51.40709027740188,0.609271523178808,False
동물의 사육제와 피터와 늑대,복합,충청,천안어린이꿈누리터(구. 천안시 어린이 회관),0.8500000000000001,2,510.0,250.0,4076.470588235294,1039500.0,5,300,무용+대중무용,무용,대중무용,0.48,0.6012857142857143,0.5052876978835432,51.88629127712071,51.33923198450212,0.6949152542372882,False
미디어아트와 함께 하는 춤 이야기: The Moon [용인],복합,경인,용인포은아트홀,0.8610007942811755,1,1084.0,1084.0,9745.848708487085,10564500.0,5,1259,,,,0.48857142857142855,0.5962857142857143,0.5606982663196297,53.314605141905126,51.31155014354746,0.5514018691588785,False
"춘향, 날개를 뜯긴 새 [서울]",복합,서울,국립정동극장,0.8190184049079755,3,801.0,267.0,12521.847690387016,3343333.333333333,2,326,무용+한국음악,무용,한국음악,0.43857142857142856,0.7015714285714286,0.4477492268057758,50.70475690150855,51.28518850984042,0.6026490066225165,False
"The Strangers Strange Songs, 이방인의 낯선 노래",복합,서울,선릉문화공간 제이드409,1.0,1,80.0,80.0,9750.0,780000.0,0,80,서양음악+한국음악,서양음악,한국음악,0.8914285714285715,0.23464285714285715,0.39189524840157075,50.67566725914037,51.25609886747223,0.5960264900662252,False
"이앤아이앙상블 콘서트, 칼레이도 사이클 [용인]",복합,경인,용인시평생학습관(여성회관),0.9181969949916527,1,550.0,550.0,1061.8181818181818,584000.0,5,599,연극+대중무용,연극,대중무용,0.6007142857142858,0.466,0.47825464230422043,53.18407300639301,51.18101800803534,0.5420560747663551,False
환대 (歡待),복합,서울,롯데콘서트홀,0.7097249508840865,2,2890.0,1445.0,1272.491349480969,1838750.0,6,2036,,,,0.345,0.8702142857142857,0.5782692420703506,50.49209942094607,51.07253102927793,0.5894039735099338,False
페페의 꿈 [부산],복합,영남,금정문화회관,0.8352272727272727,1,735.0,735.0,5355.102040816327,3936000.0,5,880,뮤지컬+연극,뮤지컬,연극,0.45285714285714285,0.5356428571428571,0.5968943727254182,50.32951013836098,50.89249626782475,0.5714285714285714,False
"인 하우스 아티스트 시리즈 I, 이진상",복합,서울,롯데콘서트홀,0.7716110019646365,1,1571.0,1571.0,4814.767663908338,7564000.0,6,2036,,,,0.39357142857142857,0.6355,0.6545556544702663,50.307850753304606,50.88828236163647,0.5827814569536424,False
"더 하우스 콘서트, 해금과 재즈피아노의 만남 [양산]",복합,영남,쌍벽루아트홀,0.968,1,242.0,242.0,11950.413223140496,2892000.0,3,250,서양음악+한국음악,서양음악,한국음악,0.7071428571428572,0.30542857142857144,0.44901216210002953,50.19703885020371,50.76002497966748,0.5612244897959183,False
"JUKEBOX OPERA, 내가 너라면? BODY CHANGE [광주]",복합,호남,광산문화예술회관,0.9222222222222224,1,498.0,1.0,682.7309236947791,340000.0,1,540,서양음악+대중음악,서양음악,대중음악,0.6071428571428571,0.32657142857142857,0.4512553743693779,47.50325599405308,50.61342290541694,0.75,False
"전원경의 아트살롱, 그림콘서트: 로마의 여름 햇살",복합,충청,당진문예의전당,0.94,1,282.0,282.0,3702.127659574468,1044000.0,5,300,서양음악+뮤지컬,서양음악,뮤지컬,0.6528571428571428,0.3262857142857143,0.5116728346468083,50.499487420039216,49.952428127420625,0.6779661016949152,False
Beyond the Sea,복합,서울,JCC 아트센터,0.9771428571428572,1,171.0,171.0,2105.2631578947367,360000.0,4,175,,,,0.72,0.2770714285714286,0.45491671114513177,49.32080421924517,49.90123582757703,0.5761589403973509,False
타악 & DJ퍼포먼스: BEAT OF SCHOOL,복합,호남,전주한벽문화관,0.8212765957446808,2,386.0,20.0,6953.367875647668,1342000.0,4,235,서양음악+한국음악,서양음악,한국음악,0.44142857142857145,0.5099285714285714,0.47207152695069937,46.71803685382264,49.8282037651865,0.71875,False
작은겨울아동극축제 [춘천],복합,기타,소극장 여우,0.8,14,1120.0,80.0,1691.071428571429,135285.7142857143,0,100,연극+대중음악,연극,대중음악,0.4142857142857143,0.7564285714285715,0.4125051811020449,49.58681770587642,49.780597668611,0.7333333333333333,False
동물의 사육제 & 피터와 늑대 [광양],복합,호남,광양시문화예술회관,0.8510204081632653,1,417.0,417.0,3000.0,1251000.0,3,490,연극+서양음악,연극,서양음악,0.48142857142857143,0.4027857142857143,0.5327199222765928,46.56803747888591,49.678204390249775,0.6875,False
풍류 [안성],복합,경인,안성맞춤아트홀,0.9801980198019802,1,297.0,297.0,15690.23569023569,4660000.0,7,303,뮤지컬+대중음악,뮤지컬,대중음악,0.7328571428571429,0.33057142857142857,0.41876800395616404,51.60406995725524,49.60101495889757,0.5327102803738317,False
"피카스 그림동화 음악회, 장난감 병정과 발레리나",복합,서울,예술의전당 [서울],1.0,1,100.0,100.0,23610.0,2361000.0,10,100,서양음악+한국음악,서양음악,한국음악,0.8914285714285715,0.24414285714285713,0.3095985272352481,48.92110509089893,49.50153669923079,0.5695364238410596,False
"제24회 SPAF, 김재훈컴퍼니: PNO",복합,서울,대학로예술극장,0.8234126984126984,2,830.0,415.0,23900.0,9918500.0,1,504,,,,0.4442857142857143,0.7050000000000001,0.35780646258882604,48.86721015055484,49.447641758886704,0.5629139072847682,False
"렉처콘서트, 차인표의 여행스케치 [태백]",복합,기타,태백문화예술회관,0.9852216748768472,1,200.0,200.0,16520.0,3304000.0,5,203,대중음악+서양음악,대중음악,서양음악,0.74,0.288,0.3939940864542816,49.15090818193272,49.3446881446673,0.6666666666666666,False
"돈키호테, 엉뚱하면 어때? [남양주]",복합,경인,다산아트홀,0.907258064516129,1,450.0,450.0,8814.666666666666,3966600.0,3,496,연극+뮤지컬,연극,뮤지컬,0.5671428571428572,0.41721428571428576,0.5317355903390335,51.06144848363465,49.05839348527698,0.5233644859813084,False
"김수인, 이승민 극락 콘서트 [평택]",복합,경인,한국소리터,0.9012567324955116,1,502.0,502.0,9434.262948207172,4736000.0,5,557,한국음악+대중음악,한국음악,대중음악,0.5471428571428572,0.44585714285714284,0.5226206878689752,50.98546740513867,48.982412406781,0.514018691588785,False
미야자키 하야오 영화음악 콘서트 with 샌드애니메이션 [대전],복합,충청,대전예술의전당,0.9191461836998708,1,1421.0,1421.0,53598.87403237157,76164000.0,7,1546,서양음악+연극,서양음악,연극,0.6028571428571429,0.6234285714285714,0.21442633886518414,49.522075979033076,48.975016686414484,0.6610169491525424,False
"서울 컬쳐 클럽 예술 축제, ...한 당신을 위하여 건배!",복합,서울,을지공간,0.8888888888888888,3,120.0,40.0,5666.666666666667,226666.66666666663,2,45,연극+서양음악,연극,서양음악,0.5271428571428571,0.4762857142857143,0.39478248517112907,48.260965384841846,48.84139699317371,0.5562913907284768,False
"고영열 단독 콘서트, Jazz in 모리: 자진모리",복합,서울,노들섬,1.0,1,456.0,456.0,80596.49122807017,36752000.0,4,456,한국음악+대중음악,한국음악,대중음악,0.8914285714285715,0.4215714285714286,0.12484707697152965,48.05961655212022,48.64004816045208,0.5496688741721855,False
방과후 공연놀이터,복합,서울,노원어린이극장 (구.노원어울림극장),0.7078431372549019,8,2888.0,166.0,4160.664819944598,1502000.0,6,204,무용+대중음악,무용,대중음악,0.3392857142857143,0.7976428571428571,0.5351799888810744,48.031406512453444,48.61183812078531,0.5331125827814569,False
방과후 공연놀이터,복합,서울,노원어린이극장(구.노원어울림극장),0.7078431372549019,8,2888.0,166.0,4160.664819944598,1502000.0,6,204,무용+대중음악,무용,대중음악,0.3392857142857143,0.7976428571428571,0.5351799888810744,48.031406512453444,48.61183812078531,0.5331125827814569,False
방과후 공연놀이터,복합,서울,노원어린이극장 (구.노원어울림극장),0.7078431372549019,8,2888.0,166.0,4160.664819944598,1502000.0,6,204,무용+대중음악,무용,대중음악,0.3392857142857143,0.7976428571428571,0.5351799888810744,48.031406512453444,48.61183812078531,0.5331125827814569,False
방과후 공연놀이터,복합,서울,노원어린이극장(구.노원어울림극장),0.7078431372549019,8,2888.0,166.0,4160.664819944598,1502000.0,6,204,무용+대중음악,무용,대중음악,0.3392857142857143,0.7976428571428571,0.5351799888810744,48.031406512453444,48.61183812078531,0.5331125827814569,False
"인 하우스 아티스트 시리즈 II, 윤소영",복합,서울,롯데콘서트홀,0.7716110019646365,1,1571.0,590.0,9110.120942075113,14312000.0,6,2036,,,,0.39357142857142857,0.5820714285714286,0.5892604492221627,47.980649736180865,48.56108134451273,0.5165562913907285,False
JAZZ & 국악 with 웅산 [장흥],복합,호남,장흥문화예술회관,0.8387096774193549,1,416.0,416.0,3076.923076923077,1280000.0,5,496,한국음악+대중음악,한국음악,대중음악,0.45714285714285713,0.4017142857142857,0.5343615884418182,45.369939326901715,48.48010623826558,0.65625,False
"전원경의 아트살롱, 그림 콘서트: 상트페테르부르크의 겨울 바람",복합,충청,당진문예의전당,0.93,1,279.0,279.0,3308.2437275985662,923000.0,5,300,,,,0.62,0.32171428571428573,0.5100514520126025,48.97334250061468,48.426283207996086,0.6440677966101694,False
"국립정동극장 예술단, 모던정동",복합,서울,국립정동극장,0.8159509202453987,4,1064.0,266.0,32744.36090225564,8710000.0,2,326,서양음악+한국음악,서양음악,한국음악,0.4357142857142857,0.7442142857142857,0.3104959544188419,47.81030228390916,48.39073389224102,0.5099337748344371,False
엘림아트센터 크리스마스 콘서트: MUSIC & MAGIC,복합,경인,엘림아트센터,1.0,1,298.0,298.0,48288.590604026846,14390000.0,3,298,뮤지컬+서양음악,뮤지컬,서양음악,0.8914285714285715,0.33199999999999996,0.2260223647256261,50.37499114588714,48.37193614752947,0.5046728971962616,False
가을날의 음악산책 [홍성],복합,충청,홍주문화회관,0.8828382838283828,1,535.0,535.0,13738.317757009348,7350000.0,1,606,서양음악+뮤지컬,서양음악,뮤지컬,0.515,0.4600714285714286,0.46776445281367046,48.83786123712145,48.29080194450286,0.6271186440677966,False
송년음악회 [논산],복합,충청,건양대학교,0.7366666666666666,1,1768.0,1025.0,5769.2307692307695,10200000.0,4,1200,대중음악+서양음악,대중음악,서양음악,0.375,0.6256428571428572,0.6463324786687914,48.75338527662419,48.2063259840056,0.5847457627118644,False
송년음악회 [논산],복합,충청,건양대학교,0.7366666666666666,1,1768.0,1025.0,5769.2307692307695,10200000.0,4,1200,대중음악+서양음악,대중음악,서양음악,0.375,0.6256428571428572,0.6463324786687914,48.75338527662419,48.2063259840056,0.5847457627118644,False
송년음악회 [논산],복합,충청,건양대학교,0.7366666666666666,1,1768.0,1025.0,5769.2307692307695,10200000.0,4,1200,대중음악+서양음악,대중음악,서양음악,0.375,0.6256428571428572,0.6463324786687914,48.75338527662419,48.2063259840056,0.5847457627118644,False
송년음악회 [논산],복합,충청,건양대학교,0.7366666666666666,1,1768.0,1025.0,5769.2307692307695,10200000.0,4,1200,대중음악+서양음악,대중음악,서양음악,0.375,0.6256428571428572,0.6463324786687914,48.75338527662419,48.2063259840056,0.5847457627118644,False
을숙도문화회관 재개관기념 공연,복합,영남,을숙도문화회관,0.8549511854951185,1,613.0,613.0,19548.123980424145,11983000.0,4,717,서양음악+대중음악,서양음악,대중음악,0.48714285714285716,0.5011428571428571,0.41530384029980877,47.587163879646376,48.15015000911014,0.5510204081632653,False
힐링음악회 [안산],복합,경인,안산문화예술의전당,0.8900190718372537,1,1400.0,1400.0,35714.28571428572,50000000.0,6,1573,대중무용+무용,대중무용,무용,0.53,0.6227142857142858,0.31552618826761925,50.14546532377003,48.142410325412364,0.4953271028037383,False
"옛 그림과 소통하는 즐거움, 화통콘서트 [예산]",복합,충청,충남도청 문예회관,0.8397129186602871,1,702.0,702.0,904.5584045584044,635000.0,8,836,,,,0.46,0.5307142857142857,0.4826558136091919,48.480228443006396,47.933169150387805,0.5423728813559322,False
너에게 들려주고 싶은 클래식 이야기: 너클리,복합,경인,성남아트센터,0.8130671506352087,1,896.0,896.0,7143.973214285715,6401000.0,7,1102,,,,0.4328571428571429,0.5664285714285715,0.5907202708604145,49.93352372445953,47.930468726101864,0.48598130841121495,False
퍼커셔니즘 [충북],복합,충청,증평문화회관,0.902439024390244,1,444.0,444.0,608.1081081081081,270000.0,2,492,대중음악+한국음악,대중음악,한국음악,0.5528571428571428,0.4152857142857143,0.4401503373359941,48.47644548187873,47.929386189260136,0.5254237288135594,False
기원: 더 비기닝,복합,서울,소월아트홀 (성동문화회관),0.7269230769230769,2,756.0,378.0,9149.20634920635,3458400.0,5,520,대중음악+한국음악,대중음악,한국음악,0.36428571428571427,0.6887857142857142,0.5127290851736174,47.219773584695155,47.80020519302702,0.5033112582781457,False
"모도다프로젝트, 감정: 팔이",복합,서울,서울돈화문국악당,0.9637681159420288,1,133.0,133.0,4210.526315789473,560000.0,6,138,무용+한국음악,무용,한국음악,0.6928571428571428,0.25442857142857145,0.45740226034758585,47.21187780648285,47.79230941481472,0.4966887417218543,False
"발레 & 스트릿, 비트 온 포인트",복합,서울,강북문화예술회관,0.842814371257485,1,563.0,563.0,13591.474245115453,7652000.0,7,668,무용+서양음악,무용,서양음악,0.4685714285714286,0.47378571428571425,0.47710227704383157,47.18291714457736,47.76334875290922,0.4900662251655629,False
ACC 브런치콘서트 (패키지),복합,호남,국립아시아문화전당,0.7220052083333334,3,1109.0,506.0,30802.52479711452,11386666.666666666,6,512,연극+대중음악,연극,대중음악,0.36,0.79,0.3225908238616142,44.583050384063895,47.69321729542776,0.625,False
"몽골국립예술단 초청공연, Nomad, met as art [예산]",복합,충청,충남도청 문예회관,0.8229665071770335,1,688.0,688.0,1625.7267441860463,1118500.0,8,836,무용+대중음악,무용,대중음악,0.44285714285714284,0.5227142857142857,0.525290244956741,48.16050197315916,47.613442680540565,0.5084745762711864,False
몽환록: 꿈 같은 마술 이야기 [세종],복합,충청,세종예술의전당,0.8534080298786181,1,914.0,430.0,18026.25820568928,16476000.0,1,1071,연극+서양음악,연극,서양음악,0.48428571428571426,0.5074285714285715,0.43846164813684063,48.14482657190556,47.59776727928697,0.4915254237288136,False
"체어, 테이블, 체어 [서울]",복합,서울,강동아트센터,0.944,1,236.0,236.0,20432.20338983051,4822000.0,7,250,연극+뮤지컬,연극,뮤지컬,0.6657142857142857,0.30428571428571427,0.36997150456036604,46.80174677722495,47.38217838555681,0.48344370860927155,False
해설이 있는 오페라 갈라 뮤지컬 합창 [경기 광주],복합,경인,남한산성아트홀,0.9407407407407408,1,254.0,254.0,2688.976377952756,683000.0,8,270,,,,0.6585714285714286,0.3087142857142857,0.4861575758620781,49.3769059014867,47.37385090312903,0.4766355140186916,False
소리가 춤을 부른다,복합,서울,국립국악원,0.96048632218845,2,632.0,632.0,97310.12658227848,30750000.0,7,658,한국음악+무용,한국음악,무용,0.6871428571428572,0.7163571428571429,0.09445005722773553,46.784591517863646,47.36502312619551,0.4768211920529801,False
"신년음악회, 뮤지컬 콘서트",복합,제주,서귀포예술의전당,0.8403990024937655,1,674.0,674.0,14657.270029673591,9879000.0,5,802,대중음악+연극,대중음악,연극,0.4614285714285714,0.5202857142857142,0.47167288198070867,48.04553051391747,47.36430291913057,0.5,False
"일상으로 녹아내린 V, Real K-pop",복합,영남,해운대문화회관,0.8733624454148472,1,400.0,400.0,2075.0,830000.0,6,458,무용+서양음악,무용,서양음악,0.5014285714285714,0.39592857142857146,0.5059762213480288,46.796741367957345,47.35972749742111,0.5408163265306123,False
"EHWAJANG 326 ARTSTREET BORN SS CONCERT, Stage concert",복합,서울,한예극장,0.85,5,850.0,170.0,45176.470588235294,7680000.0,0,200,서양음악+대중음악,서양음악,대중음악,0.47785714285714287,0.7156428571428571,0.2332295002363294,46.73202922933775,47.31246083766961,0.47019867549668876,False
시네마 음악회 [부산],복합,영남,(재)영화의전당,0.70675,1,2827.0,2827.0,7270.604881499823,20554000.0,8,4000,서양음악+대중음악,서양음악,대중음악,0.3357142857142857,0.6579999999999999,0.6363320195740655,46.68629765584339,47.249283785307156,0.5306122448979592,False
춘하추동 디톡스 콘서트,복합,영남,상주문화회관,0.841796875,1,431.0,431.0,4791.183294663573,2065000.0,4,512,대중음악+뮤지컬,대중음악,뮤지컬,0.4657142857142857,0.4105,0.5560838094190564,46.46027526866803,47.023261398131794,0.5204081632653061,False
"시시각각(詩視覺刻): 프린지로 부터, 김세은의 시時와 노래 [경기]",복합,경인,이석영 뉴미디어 도서관,1.0,1,40.0,40.0,750.0,30000.0,0,40,,,,0.8914285714285715,0.20964285714285713,0.39269800248264125,49.01161735776484,47.00856235940717,0.4672897196261682,False
세종예술의전당 국립심포니오케스트라 신년음악회,복합,충청,세종예술의전당,0.907563025210084,1,972.0,972.0,51273.66255144033,49838000.0,1,1071,서양음악+무용,서양음악,무용,0.57,0.5781428571428572,0.2238788470537122,47.484360063468316,46.937300770849724,0.4745762711864407,False
김준수 X 두번째달 콘서트 [광주],복합,호남,예술의 전당 [광주] (구. 광주문화예술회관),0.8432539682539683,1,425.0,425.0,19032.941176470587,8089000.0,8,504,한국음악+대중음악,한국음악,대중음악,0.47,0.4065714285714286,0.405318908795372,43.6867119071762,46.796878818540065,0.59375,False
"안산시립예술단 기획연주회, 목요보노음악회",복합,경인,보노마루,0.75,8,1218.0,149.0,5451.559934318555,830000.0,1,203,연극+서양음악,연극,서양음악,0.38142857142857145,0.7531428571428571,0.4673644215600829,48.71928980272494,46.71623480436727,0.45794392523364486,False
꿈꾸는 어린이 예술극장 [공주],복합,충청,공주문예회관,0.6868044515103339,4,1728.0,432.0,3567.708333333333,1541250.0,5,629,대중무용+무용,대중무용,무용,0.32,0.8167857142857143,0.5502032834926048,47.240236667512384,46.69317737489379,0.4576271186440678,False
"전원경의 아트살롱, 그림콘서트: 봄을 맞은 파리",복합,충청,당진문예의전당,0.9133333333333332,1,274.0,274.0,2795.620437956205,766000.0,5,300,서양음악+한국음악,서양음악,한국음악,0.5857142857142857,0.31957142857142856,0.4939757732748986,47.201350164443554,46.65429087182496,0.4406779661016949,False
"제6회 마포 M국악 페스티벌, 꼬레아 리듬터치 Ⅲ: 첼로가야금 2.0 콘서트",복합,서울,마포아트센터,0.9303482587064676,1,187.0,187.0,12192.513368983957,2280000.0,3,201,한국음악+무용,한국음악,무용,0.6242857142857143,0.28314285714285714,0.4319165429899634,45.74813027978832,46.328561888120184,0.46357615894039733,False
제113회 강릉시립합창단 정기연주회,복합,기타,강릉아트센터(구. 강릉문화예술관),0.7541152263374485,1,733.0,733.0,6869.031377899045,5035000.0,7,972,서양음악+뮤지컬,서양음악,뮤지컬,0.3842857142857143,0.5337142857142858,0.582187644889807,46.0821109459668,46.27589090870138,0.6,False
발레와 스트리트 댄스의 짜릿한 만남! 비트 온 포인트 [예천],복합,영남,예천군문화회관,0.7974683544303798,1,567.0,567.0,6430.335097001764,3646000.0,4,711,뮤지컬+한국음악,뮤지컬,한국음악,0.40714285714285714,0.4769285714285714,0.5683875336544111,45.63923129723855,46.20221742670232,0.5102040816326531,False
홍지민과 함께하는 판타스틱쇼 시즌2 [고령],복합,영남,경북고령대가야문화누리 (구. 대가야국악당),0.8683385579937304,1,554.0,1.0,5183.393501805054,2871600.0,4,638,대중음악+뮤지컬,대중음악,뮤지컬,0.4957142857142857,0.3409285714285714,0.5728851167844314,45.60665758958242,46.169643719046185,0.5,False
설탕요정이 읽어주는 호두까기 인형,복합,서울,롯데콘서트홀,0.7367387033398821,2,3000.0,1500.0,40284.93333333333,60427400.0,6,2036,서양음악+무용,서양음악,무용,0.37857142857142856,0.8719285714285714,0.2742869298009769,45.588910383025855,46.16934199135772,0.45695364238410596,False
"크리스마스 이브 송년음악회: 사랑해요, 엄마! 콘서트 [포항]",복합,영남,포항종합운동장,0.6908,1,1727.0,1727.0,7026.751592356688,12135200.0,6,2500,대중음악+연극,대중음악,연극,0.32571428571428573,0.6408571428571428,0.6263216872817143,45.47851363278859,46.04149976225236,0.4897959183673469,False
송년음악회 [칠곡군],복합,영남,칠곡군교육문화회관,0.8492957746478873,1,603.0,1.0,4336.65008291874,2615000.0,4,710,서양음악+뮤지컬,서양음악,뮤지컬,0.4757142857142857,0.3559285714285714,0.5829825838882845,45.41643786800479,45.97942399746856,0.47959183673469385,False
ACC 송년음악회,복합,호남,국립아시아문화전당,0.7351694915254238,1,694.0,694.0,16554.755043227666,11489000.0,6,944,서양음악+대중음악,서양음악,대중음악,0.37142857142857144,0.5264285714285715,0.448690452596804,42.828104664238886,45.93827157560275,0.5625,False
Talk Talk Talk,복합,서울,은평문화예술회관,0.7857142857142858,2,550.0,218.0,190.9090909090909,52500.0,3,350,연극+대중음악,연극,대중음악,0.4014285714285714,0.6037857142857143,0.39671201321581173,45.265160052610454,45.84559166094232,0.4503311258278146,False
"The Strangers Strange Songs, 이방인의 낯선 노래 BY 서린사랑",복합,서울,서울돈화문국악당,0.9420289855072465,1,130.0,130.0,9907.692307692309,1288000.0,6,138,서양음악+뮤지컬,서양음악,뮤지컬,0.66,0.25242857142857145,0.419550665920891,45.182515220907774,45.76294682923964,0.44370860927152317,False
"춘하추동, 디톡스 콘서트 [보성]",복합,호남,보성군문화예술회관,0.8048289738430584,1,400.0,400.0,1312.0,524800.0,6,497,대중음악+한국음악,대중음악,한국음악,0.42714285714285716,0.39592857142857146,0.4738263020710011,42.62804935877637,45.738216270140235,0.53125,False
"현대음악앙상블 위로, 빛의 음악",복합,서울,성수아트홀(성수문화복지회관),0.8693181818181818,1,306.0,306.0,6849.673202614379,2096000.0,5,352,,,,0.49857142857142855,0.34478571428571425,0.5196830922438679,45.006598369304704,45.58702997763657,0.4370860927152318,False
"K-클래식 콘서트 3, 충남예술고등학교 [천안]",복합,충청,천안예술의전당,0.7101096224116931,1,1166.0,1166.0,8012.006861063464,9342000.0,3,1642,대중음악+뮤지컬,대중음악,뮤지컬,0.35,0.6088571428571429,0.5986615806332234,46.00710661743918,45.460047324820586,0.423728813559322,False
Re:born과 함께하는 Refresh Concert,복합,영남,영도문화예술회관,0.925,1,148.0,148.0,5270.27027027027,780000.0,3,160,서양음악+연극,서양음악,연극,0.6142857142857143,0.2601428571428571,0.4647168701467193,44.893810311544044,45.45679644100781,0.46938775510204084,False
판타스틱 [남해],복합,영남,남해문화센터 (구. 남해군문화체육센터),0.7692307692307693,1,700.0,700.0,937.1428571428572,656000.0,7,910,연극+한국음악,연극,한국음악,0.39,0.53,0.4844088042452582,44.65370202359328,45.21668815305705,0.45918367346938777,False
안티고네 [대전],,,,0.6982892690513219,2,898.0,448.0,8087.973273942093,3631500.0,7,643,,,,0.3314285714285714,0.7173571428571428,0.5400657428112245,46.06859067635728,45.141174048635776,0.5,False
JAZZ & 국악 With 웅산 [인천],복합,경인,남동소래아트홀,0.829302987197724,1,583.0,583.0,10580.617495711836,6168500.0,2,703,한국음악+뮤지컬,한국음악,뮤지컬,0.4471428571428571,0.48514285714285715,0.5130668741452683,47.09977542124907,45.0967204228914,0.4485981308411215,False
김동규와 함께하는 신년 음악회,복합,영남,울주문화예술회관,0.8811369509043928,1,341.0,341.0,15958.944281524926,5442000.0,5,387,서양음악+한국음악,서양음악,한국음악,0.5114285714285715,0.36114285714285715,0.4262439725790872,44.425042540625206,44.98802867008897,0.4489795918367347,False
오셀로: 소리의 심리학,복합,서울,성미산마을극장 향,0.7920792079207921,4,320.0,80.0,625.0,50000.0,2,101,뮤지컬+연극,뮤지컬,연극,0.4042857142857143,0.5556428571428571,0.39571105681250685,44.285194411376864,44.86562601970873,0.4304635761589404,False
오리지널 드로잉쇼,복합,영남,양산문화예술회관,0.6608040201005025,2,1052.0,526.0,8566.539923954373,4506000.0,5,796,,,,0.2957142857142857,0.7507857142857143,0.5427795506263665,44.15863580734033,44.7216219368041,0.4387755102040816,False
에코백 [보성],복합,호남,보성군문화예술회관,0.7686116700201208,1,382.0,382.0,3109.9476439790574,1188000.0,6,497,뮤지컬+연극,뮤지컬,연극,0.38857142857142857,0.38871428571428573,0.5294264264608922,41.341450069298276,44.45161698066214,0.5,False
에코백 [담양],복합,호남,담양문화회관,0.7194029850746269,1,482.0,482.0,3000.0,1446000.0,2,670,뮤지컬+연극,뮤지컬,연극,0.35714285714285715,0.43257142857142855,0.5481826368655265,41.21197129787767,44.32213820924153,0.46875,False
"H-issue vol.1, 아트필드: 청 with 오정해 [하남]",복합,경인,하남문화예술회관,0.8057080131723381,1,734.0,734.0,17258.85558583106,12668000.0,4,911,서양음악+한국음악,서양음악,한국음악,0.43,0.5344285714285715,0.4470497192816768,46.25644938444301,44.25339438608534,0.4392523364485981,False
에코백 [천안],복합,충청,천안어린이꿈누리터(구. 천안시 어린이 회관),0.7041666666666667,4,845.0,211.0,10757.396449704142,2272500.0,5,300,뮤지컬+대중무용,뮤지컬,대중무용,0.3342857142857143,0.7130714285714286,0.448556386377725,44.50022718841922,43.953167895800625,0.4067796610169492,False
더 퍼스트 뮤직 IN 슬램덩크,복합,경인,성남아트센터,0.8137472283813747,1,1468.0,1468.0,33279.29155313352,48854000.0,7,1804,대중음악+서양음악,대중음악,서양음악,0.4342857142857143,0.6314285714285715,0.3272171769907076,45.91475373423023,43.91169873587256,0.42990654205607476,False
"전원경의 아트살롱, 그림콘서트: 고독한 뉴요커",복합,충청,당진문예의전당,0.8866666666666667,1,266.0,266.0,3413.533834586466,908000.0,5,300,뮤지컬+연극,뮤지컬,연극,0.5171428571428571,0.3147857142857143,0.5065992491517803,44.37544059035673,43.82838129773814,0.3898305084745763,False
"제34회 거창국제연극제, 굿바이 햄릿 (7/30)",복합,영남,거창 수승대,0.8,1,400.0,400.0,4855.0,1942000.0,2,500,연극+뮤지컬,연극,뮤지컬,0.4142857142857143,0.39592857142857146,0.5502525606687532,43.256108535305856,43.81909466476962,0.42857142857142855,False
One Free Drink Concert [대전],복합,충청,조이마루아트홀(복합문화공간 플랜에이),0.7653061224489796,3,450.0,150.0,366.6666666666667,55000.0,5,196,서양음악+대중음악,서양음악,대중음악,0.3871428571428571,0.5963571428571429,0.39771128874640593,44.309937423494816,43.762878130876224,0.3728813559322034,False
"Chair, Table,  Chair",복합,경인,인천수봉문화회관,0.93125,1,149.0,149.0,2550.3355704697988,380000.0,4,160,연극+대중음악,연극,대중음악,0.635,0.2616428571428571,0.45764987017672654,45.58334550402996,43.58029050567229,0.4205607476635514,False
모래에 이야기 꽃을 피우다 [인천],복합,경인,인천수봉문화회관,0.93125,1,149.0,149.0,7852.3489932885905,1170000.0,4,160,대중음악+연극,대중음악,연극,0.635,0.2616428571428571,0.4522723451707718,45.47571479923314,43.47265980087547,0.411214953271028,False
"한글음악집현전 시리즈3, 마법글자 한글: 뮤직 & 매직밴드를 만나다! [경산]",복합,영남,예술마을 민아트홀,0.9473684210526316,1,90.0,90.0,18444.444444444445,1660000.0,0,95,대중음악+서양음악,대중음악,서양음악,0.6742857142857143,0.23614285714285715,0.33908165242424776,42.89782582565507,43.460811955118835,0.41836734693877553,False
홍지민과 함께하는 판타스틱쇼 [하남],복합,경인,하남문화예술회관,0.8485181119648738,1,773.0,773.0,36452.781371280726,28178000.0,4,911,뮤지컬+대중음악,뮤지컬,대중음악,0.4735714285714286,0.548,0.302099959587957,45.22275823041373,43.21970323205606,0.40186915887850466,False
알리 with 아듀 Concert [부산],복합,영남,을숙도문화회관,0.8410041841004184,1,603.0,603.0,38046.43449419569,22942000.0,4,717,서양음악+대중음악,서양음악,대중음악,0.46285714285714286,0.49492857142857144,0.2768037858676446,42.61089418648735,43.173880315951116,0.40816326530612246,False
"제34회 거창국제연극제: 체어, 테이블, 체어 (08.05)",복합,영남,거창 수승대,0.8,1,400.0,400.0,9540.0,3816000.0,2,500,연극+한국음악,연극,한국음악,0.4142857142857143,0.39592857142857146,0.507896031666613,42.56866159804552,43.13164772750929,0.3979591836734694,False
송년행복콘서트,복합,영남,울산문화예술회관,0.688375350140056,1,983.0,983.0,1240.3865717192268,1219300.0,5,1428,서양음악+대중음악,서양음악,대중음악,0.32142857142857145,0.5804285714285714,0.5318978233408319,42.44558429631182,43.00857042577559,0.3877551020408163,False
첼로가야금 2.0 콘서트 [용인],복합,경인,용인문화예술원,0.8896551724137931,1,258.0,258.0,8410.852713178294,2170000.0,5,290,한국음악+무용,한국음악,무용,0.5285714285714286,0.3105,0.4971141486032734,44.510405228693145,42.507350230335476,0.3925233644859813,False
뮤지컬배우 박해미와 함께하는 열린음악회 [부안],복합,호남,부안예술회관,0.7114228456913828,1,355.0,355.0,4450.704225352113,1580000.0,1,499,뮤지컬+연극,뮤지컬,연극,0.3514285714285714,0.3722142857142857,0.536533885522921,38.911312130227756,42.02147904159162,0.4375,False
그림자극과 함께하는 동물의 사육제,복합,서울,영산아트홀,0.7809364548494984,1,467.0,467.0,449.67880085653104,210000.0,4,598,서양음악+연극,서양음악,연극,0.4,0.42642857142857143,0.4288552709520527,41.347193330597335,41.9276249389292,0.423841059602649,False
"나태주 시인과 함께하는 시와 음악: 가장 아름다운 선물, 당신 [공주]",복합,충청,공주문예회관,0.7758346581875993,1,488.0,488.0,12893.44262295082,6292000.0,5,629,서양음악+한국음악,서양음악,한국음악,0.39571428571428574,0.44042857142857145,0.4781860397461696,42.4397569987896,41.892697706171006,0.3559322033898305,False
스피리또 앙상블과 함께하는 베토벤 Ⅹ 클림트: 운명의 키스,복합,경인,다산아트홀,0.8689516129032258,1,431.0,431.0,26621.160092807422,11473720.0,3,496,,,,0.49714285714285716,0.4105,0.35538421107422535,43.89086866274936,41.88781366439169,0.38317757009345793,False
봄 ＆ 희망 콘서트 [대구],복합,영남,대구오페라하우스,0.6429530201342282,1,958.0,958.0,4192.066805845511,4016000.0,4,1490,서양음악+무용,서양음악,무용,0.28714285714285714,0.5754285714285714,0.6220959577536184,41.28743577627504,41.850421905738806,0.37755102040816324,False
즉흥공감극장(Playback Theatre)봄 정기공연,복합,서울,꿈의숲아트센터,0.6666666666666666,3,566.0,182.0,8904.59363957597,1680000.0,8,283,연극+서양음악,연극,서양음악,0.30142857142857143,0.6392857142857143,0.4694282670780911,41.26810767706665,41.848539285398516,0.41721854304635764,False
체인지 오브 시즌 10: 여정 [성남],복합,경인,성남아트센터,0.8412698412698413,1,318.0,318.0,3773.5849056603774,1200000.0,7,378,,,,0.4642857142857143,0.34800000000000003,0.519349522319543,43.54701399887435,41.54395900051668,0.37383177570093457,False
"K-예술축제 아.우.름, 대전국악방송 개국 7년 기념 공개 음악회",복합,충청,대전시립연정국악원,0.7226666666666667,1,542.0,542.0,1845.018450184502,1000000.0,6,750,한국음악+서양음악,한국음악,서양음악,0.36142857142857143,0.4632857142857143,0.5177898387817009,41.84047611753006,41.29341682491147,0.3389830508474576,False
"김남중의 쪽마루음악회, 낮별에서 밤별로: I.일월성신, 해와 달의기도",복합,서울,클래식고택 [서촌],1.0,1,30.0,30.0,58000.0,1740000.0,0,30,,,,0.8914285714285715,0.20707142857142857,0.15407517245958113,40.4972806002769,41.077712208608766,0.4105960264900662,False
"김준수와 함께하는 하남명무전, 봄, 춤으로 피어나다 [하남]",복합,경인,하남문화예술회관,0.8760563380281691,1,311.0,311.0,18051.446945337622,5614000.0,4,355,무용+한국음악,무용,한국음악,0.5042857142857143,0.3465714285714286,0.40225683006042695,43.07019569262211,41.06714069426444,0.3644859813084112,False
모던 아트 콜렉션 /혼,복합,서울,꿈의숲아트센터,0.9434628975265018,1,267.0,267.0,61498.12734082397,16420000.0,8,283,,,,0.6628571428571428,0.316,0.168554855415555,40.3612258860967,40.94165749442856,0.40397350993377484,False
"플래시콘서트, 알리 & 한동준 위드 오케스트라",복합,경인,남동소래아트홀,0.7937411095305832,1,558.0,558.0,17842.293906810035,9956000.0,2,703,서양음악+대중음악,서양음악,대중음악,0.4057142857142857,0.47157142857142864,0.42814885604220304,42.903562258553976,40.900507260196306,0.35514018691588783,False
라임의 왕 김삿갓 [춘천],복합,기타,춘천문화예술회관,0.5893617021276596,2,1108.0,554.0,3122.743682310469,1730000.0,3,940,연극+뮤지컬,연극,뮤지컬,0.24285714285714285,0.7627857142857143,0.5713688991152504,40.62370458392011,40.81748454665469,0.5333333333333333,False
첼로가야금 [양주],복합,경인,양주문화예술회관,0.8520900321543409,1,265.0,265.0,9056.603773584906,2400000.0,3,311,한국음악+뮤지컬,한국음악,뮤지컬,0.4828571428571429,0.3137142857142857,0.49017803839007773,42.553999952784224,40.550944954426555,0.34579439252336447,False
"이재무 & 이준행, 즐거운 소란",복합,서울,벨로주 [망원],0.9230769230769232,1,60.0,60.0,18700.0,1122000.0,2,65,,,,0.6085714285714285,0.22435714285714287,0.3096350563085058,39.41012158537055,39.99055319370241,0.3973509933774834,False
"이선경 무용단 정기공연, 트윈스 [대구]",복합,영남,봉산문화회관,0.7641509433962265,1,324.0,324.0,2358.0246913580245,764000.0,2,424,,,,0.38571428571428573,0.35164285714285715,0.49311117117863573,39.405094229514305,39.96808035897807,0.3673469387755102,False
HAKUEI KIM X 이봉근 X 하윤주 콘서트: 3,복합,서울,KT&G 상상마당 라이브홀 [마포],0.9,1,135.0,135.0,21837.03703703704,2948000.0,2,150,한국음악+대중음악,한국음악,대중음악,0.5414285714285715,0.2557142857142857,0.3394031868678158,39.37678600379794,39.9572176121298,0.39072847682119205,False
"너드커넥션 단독 공연, 설명하기 어려운 것들",복합,서울,연세대학교 백주년기념관,0.7997587454764776,3,1989.0,633.0,94304.1226747109,62523633.333333336,7,829,,,,0.41,0.8492857142857143,0.11234820658010895,39.37506673565011,39.95549834398197,0.3841059602649007,False
"신라, 천년의 비상 [울산]",복합,영남,울산문화예술회관,0.7330508474576272,1,346.0,346.0,3947.398843930636,1365800.0,5,472,서양음악+한국음악,서양음악,한국음악,0.36714285714285716,0.36464285714285716,0.5257420780778864,39.367007445953135,39.9299935754169,0.35714285714285715,False
세종이네 복숭아나무,복합,충청,세종문화예술회관,0.6805225653206651,1,573.0,573.0,1853.4031413612563,1062000.0,2,842,서양음악+한국음악,서양음악,한국음악,0.31642857142857145,0.4789285714285714,0.5236296832374192,39.62998616780489,39.082926875186295,0.3220338983050847,False
제134회 광주시립국악관현악단 정기연주회: 평화를 향한 역동과 진혼,복합,호남,예술의 전당 [광주] (구. 광주문화예술회관),0.5894308943089431,1,1015.0,1015.0,17112.31527093596,17369000.0,8,1722,한국음악+대중음악,한국음악,대중음악,0.24428571428571427,0.5847142857142856,0.45667024025069325,35.97101468658232,39.081181597946184,0.40625,False
"제20회 평창대관령음악제, Main Concert #18: 봄의 제전 & 신박듀오, 김지영, 이재우",복합,기타,알펜시아 리조트,0.6712328767123288,1,882.0,882.0,22321.995464852607,19688000.0,6,1314,무용+서양음악,무용,서양음악,0.30857142857142855,0.5646428571428572,0.3929304101272405,38.82157362503082,39.015353587765404,0.4666666666666667,False
비르투오소 인 클래식 [하남],복합,경인,하남문화예술회관,0.8028169014084507,1,285.0,285.0,5600.0,1596000.0,4,355,서양음악+대중음악,서양음악,대중음악,0.4257142857142857,0.32771428571428574,0.5181864124623553,40.935955164604906,38.93290016624724,0.3364485981308411,False
"제34회 거창국제연극제, 광화문, 그 사내",복합,영남,거창 수승대,0.67125,1,537.0,537.0,11981.378026070764,6434000.0,2,800,,,,0.31,0.4611428571428572,0.49580227816789435,38.36128940620094,38.924275535664705,0.3469387755102041,False
아름다운 물레방앗간 아가씨,복합,경인,부평아트센터,0.8297213622291022,1,268.0,268.0,1839.55223880597,493000.0,10,323,,,,0.44857142857142857,0.31685714285714284,0.4720472258749534,40.82930096921187,38.8262459708542,0.32710280373831774,False
"꿈 같은 마술이야기, 몽환록 [세종]",복합,충청,세종문화예술회관,0.6805225653206651,1,573.0,573.0,1396.1605584642234,800000.0,2,842,연극+뮤지컬,연극,뮤지컬,0.31642857142857145,0.4789285714285714,0.5025670379506594,39.305911268719214,38.75885197610062,0.3050847457627119,False
"가족과 함께하는 카툰 콘서트, 셜록홈즈 [당진]",복합,충청,당진문예의전당,0.6383616383616384,1,639.0,639.0,5724.5696400625975,3658000.0,5,1001,서양음악+대중음악,서양음악,대중음악,0.2842857142857143,0.5077142857142857,0.5842522256973904,39.073598385707776,38.526539093089184,0.288135593220339,False
COLORFULL RUN [세종],복합,충청,세종문화예술회관,0.6900237529691211,1,581.0,581.0,530.1204819277109,308000.0,2,842,무용+연극,무용,연극,0.32357142857142857,0.4833571428571429,0.44479988919024177,38.89541946639886,38.34836017378027,0.2711864406779661,False
"청소년을 위한 음악과 클래식의 징검다리, 음악에 색을 입히다",복합,서울,국립국악원,0.9004329004329005,1,208.0,208.0,48576.92307692308,10104000.0,7,231,서양음악+대중음악,서양음악,대중음악,0.5457142857142857,0.2912142857142857,0.2160423896779642,37.55383196338792,38.134263571719785,0.37748344370860926,False
"최부미 Jazz Odyssey, 가려진 여정 [인천]",복합,경인,남동소래아트홀,0.7211948790896159,1,507.0,507.0,585.7988165680473,297000.0,2,703,뮤지컬+서양음악,뮤지컬,서양음악,0.3585714285714286,0.4502857142857143,0.44387257819115494,40.066919597214365,38.063864598856696,0.3177570093457944,False
"함께하는 사랑밭 감사콘서트: 사랑의 시간, 온기를 더하다",복합,서울,성신여자대학교 운정그린캠퍼스,0.675,1,540.0,540.0,17592.59259259259,9500000.0,8,800,서양음악+대중음악,서양음악,대중음악,0.31142857142857144,0.4622142857142857,0.43198817969561754,37.43058448512804,38.0110160934599,0.3708609271523179,False
제1회 Physical Performance Festival 피지컬 퍼포먼스 페스티벌,복합,서울,공간아울,0.5813953488372093,11,1100.0,100.0,8681.818181818182,868181.8181818182,2,172,뮤지컬+연극,뮤지컬,연극,0.2357142857142857,0.7423571428571428,0.4244387309403877,37.40587524238777,37.986306850719636,0.36423841059602646,False
재즈 온 메이플스토리 [고양],복합,경인,고양아람누리,0.8247066942719117,1,1195.0,1195.0,69690.37656903766,83280000.0,6,1449,서양음악+대중음악,서양음악,대중음악,0.44571428571428573,0.6100000000000001,0.15821746780805554,39.808710816290784,37.805655817933115,0.308411214953271,False
"삼국유사교육문화회관 가을밤 콘서트, 모던민요: 송소희 & 두번째달 & 오단해",복합,영남,군위 삼국유사교육문화회관,0.7145877378435518,1,338.0,338.0,14710.059171597632,4972000.0,6,473,뮤지컬+연극,뮤지컬,연극,0.35285714285714287,0.35964285714285715,0.4409648451035961,37.10578996341858,37.66877609288235,0.336734693877551,False
미스테리우스 [경기 광주],복합,경인,남한산성아트홀,0.6454720616570327,1,670.0,670.0,2441.791044776119,1636000.0,8,1038,,,,0.29,0.5195714285714286,0.5673086765488712,39.50539990468936,37.50234490633169,0.29906542056074764,False
하모니 오브 라이트 [인천],복합,경인,남동소래아트홀,0.5881934566145093,2,827.0,421.0,7407.496977025393,3063000.0,2,703,,,,0.24,0.7057142857142857,0.5325598961701931,38.901646705163614,36.898591706805945,0.2897196261682243,False
하슬라 사계 [강릉],복합,기타,강릉아트센터 (구. 강릉문화예술관),0.6121399176954733,1,595.0,595.0,9129.411764705885,5432000.0,7,972,,,,0.26285714285714284,0.48857142857142855,0.5434938746448342,36.608104464075005,36.801884426809586,0.4,False
비르투오소 인 클래식 [의정부],복합,경인,의정부예술의전당,0.8068669527896996,1,188.0,188.0,6925.531914893617,1302000.0,6,233,서양음악+대중음악,서양음악,대중음악,0.43142857142857144,0.2842142857142857,0.4721127754120156,38.75764433508346,36.75458933672579,0.2803738317757009,False
"광주시립교향악단, 그림자극과 함께하는 키즈클래식",복합,호남,전남대학교 민주마루홀,0.4716157205240175,5,2160.0,1.0,10458.796296296296,4518200.0,4,916,서양음악+무용,서양음악,무용,0.18,0.7353571428571429,0.49429580519099153,33.60339307306242,36.71355998442628,0.375,False
얼씨구! 브라보! 좋다! [세종],복합,충청,비오케이아트센터(BOK아트센터),0.7772727272727272,1,171.0,171.0,1988.3040935672516,340000.0,9,220,서양음악+뮤지컬,서양음악,뮤지컬,0.39714285714285713,0.2770714285714286,0.4512553743693779,36.57087728510616,36.023817992487565,0.2542372881355932,False
"고스트 인 더 씨어터, 비욘드 게임",복합,서울,앤드트리 갤러리,0.62,12,372.0,31.0,12666.666666666666,392666.6666666667,0,50,,,,0.26857142857142857,0.5912142857142857,0.32651310546503404,35.386165469309276,35.96659707764114,0.3576158940397351,False
"신라, 천년의 비상 [경주]",복합,영남,경주예술의전당,0.5802469135802469,1,611.0,611.0,3237.315875613748,1978000.0,7,1053,서양음악+한국음악,서양음악,한국음악,0.23142857142857143,0.5001428571428571,0.581116370105235,35.05817708808758,35.62116321755135,0.32653061224489793,False
"제23회 전주세계소리축제, 소리썸머나잇 DAY2",복합,호남,한국소리문화의전당,0.4285714285714285,1,3000.0,3000.0,1706.6666666666667,5120000.0,8,7000,무용+연극,무용,연극,0.15928571428571428,0.6622857142857143,0.6650192466819677,32.50639982264772,35.616566734011585,0.34375,False
"브람스의 구연동화 연가곡, 아름다운 마겔로네",복합,서울,거암아트홀,0.7986111111111112,1,115.0,115.0,547.8260869565217,63000.0,5,144,서양음악+한국음악,서양음악,한국음악,0.4085714285714286,0.248,0.3987088932422287,35.00263065310463,35.583062261436496,0.3509933774834437,False
"그림 읽어주는 베토벤 the 콘서트2, 고흐 & 고갱 [의정부]",복합,경인,의정부아트캠프,0.875,1,70.0,70.0,11935.714285714286,835500.0,1,80,,,,0.5028571428571429,0.22964285714285715,0.3727467030996365,37.438716917335256,35.43566191897759,0.27102803738317754,False
단오지향,복합,기타,강릉아트센터(구. 강릉문화예술관),0.4639917695473251,4,1804.0,421.0,3385.2549889135257,1526750.0,7,972,무용+뮤지컬,무용,뮤지컬,0.17714285714285713,0.8170714285714286,0.5533108446022986,35.19116678010116,35.384946742835744,0.3333333333333333,False
라움 마티네 콘서트,복합,서울,소셜베뉴 라움,0.529513888888889,6,1220.0,200.0,15597.704918032789,3171533.333333333,2,384,서양음악+뮤지컬,서양음악,뮤지컬,0.2042857142857143,0.7604285714285715,0.4005529942367457,34.6711720472343,35.251603655566164,0.3443708609271523,False
"단오장단과 함께하는 피아노의 향연, 일곱 번째 이야기",복합,기타,강릉아트센터(구. 강릉문화예술관),0.6018518518518519,1,585.0,585.0,897.4358974358975,525000.0,7,972,대중음악+연극,대중음악,연극,0.2542857142857143,0.4858571428571429,0.4747141719304332,34.98645969669976,35.18023965943434,0.26666666666666666,False
함께하는 순간 [공주],복합,충청,공주문예회관,0.6359300476947536,1,400.0,400.0,6100.0,2440000.0,5,629,서양음악+한국음악,서양음악,한국음악,0.28285714285714286,0.39592857142857146,0.546231475853655,35.68978834581855,35.14272905319996,0.23728813559322035,False
"제33회 거창국제연극제, 보드빌의 갈매기",복합,영남,거창 수승대,0.66,1,330.0,330.0,2142.4242424242425,707000.0,2,500,연극+한국음악,연극,한국음악,0.29428571428571426,0.355,0.487030390597807,34.432163230063715,34.99514935952748,0.3163265306122449,False
제11회 바이올리니스트 김다미와 함께 하는 루체현악앙상블 정기연주회 [울산],복합,영남,울산문화예술회관,0.5476190476190477,1,782.0,782.0,10085.677749360611,7887000.0,5,1428,,,,0.21285714285714286,0.5495714285714286,0.5384820572449985,34.063212624455424,34.62619875391919,0.30612244897959184,False
"모두예술극장 기획프로그램: 어둠 속에, 풍경",복합,서울,모두예술극장,0.5366795366795367,5,695.0,139.0,12664.74820143885,1760400.0,0,259,,,,0.20642857142857143,0.6847857142857143,0.41093037614392297,33.94727825587781,34.527709864209676,0.33774834437086093,False
"상상하는 그림동화, 점 [춘천]",복합,기타,소극장 여우,0.6,4,240.0,60.0,641.6666666666666,38500.0,0,100,,,,0.25142857142857145,0.5256428571428572,0.3937040615360235,34.31219671527239,34.505976678006974,0.2,False
"뮤지컬 아이스쇼, G-SHOW: THE LUNA",복합,서울,잠실학생체육관,0.3865777777777778,25,52188.0,2148.0,11352.088602743926,23697712.0,5,5400,,,,0.14714285714285713,0.9747142857142856,0.5518673632775858,33.7986795823703,34.37911119070216,0.33112582781456956,False
빛고을 뮤직페스티벌 [광주],복합,호남,빛고을시민문화관,0.4321678321678321,5,1545.0,1.0,1572.8155339805826,486000.0,1,715,대중음악+한국음악,대중음악,한국음악,0.16142857142857142,0.7147857142857144,0.4711560097477329,31.25186272436793,34.362029635731794,0.3125,False
"K-예술축제 아.우.름, 대전국악방송 공개음악회: 북새통 [대전]",복합,충청,대전시립연정국악원,0.6146666666666667,1,461.0,461.0,1809.110629067245,834000.0,6,750,한국음악+연극,한국음악,연극,0.2671428571428571,0.4243571428571429,0.5076750811073334,34.89863235098882,34.35157305837023,0.22033898305084745,False
"제23회 전주세계소리축제, 소리썸머나잇 DAY1",복합,호남,한국소리문화의전당,0.4285714285714285,1,3000.0,3000.0,426.6666666666667,1280000.0,8,7000,한국음악+무용,한국음악,무용,0.15928571428571428,0.6622857142857143,0.5343615884418182,31.114947769477354,34.225114680841216,0.28125,False
소리동화: 팥죽할멈과 호랑이 & 방귀쟁이 며느리 편,복합,서울,영산아트홀,0.6103678929765887,1,365.0,365.0,3534.246575342466,1290000.0,4,598,서양음악+뮤지컬,서양음악,뮤지컬,0.26142857142857145,0.37542857142857144,0.5301843419500322,33.567585255200036,34.1480168635319,0.32450331125827814,False
"브런치콘서트 피아니스트 김용진과 함께하는 이달의 공연: 보이는 콘서트, 현대무용 (8월)",복합,서울,구로아트밸리,0.613126079447323,1,355.0,355.0,2608.450704225352,926000.0,6,579,서양음악+뮤지컬,서양음악,뮤지컬,0.265,0.3722142857142857,0.5152735726408191,33.517253339604295,34.09768494793616,0.31788079470198677,False
지락발광 [고령],복합,영남,경북고령대가야문화누리 (구. 대가야국악당),0.6081504702194357,1,388.0,388.0,1989.6907216494844,772000.0,4,638,,,,0.25857142857142856,0.38985714285714285,0.49570195847709586,33.312409235828945,33.87539536529271,0.29591836734693877,False
브런치콘서트 피아니스트 김용진과 함께하는 이달의 공연: 국악이 흐르는 클래식 (9월),복합,서울,구로아트밸리,0.613126079447323,1,355.0,355.0,2197.1830985915494,780000.0,6,579,서양음악+한국음악,서양음악,한국음악,0.265,0.3722142857142857,0.4982837498595686,33.29325008555987,33.87368169389173,0.31125827814569534,False
"김주원의 사색여정 with 소리꾼 이자람, 동행",복합,경인,광명문화예술교육지원센터 광명극장,0.6958333333333333,1,334.0,334.0,16365.269461077844,5466000.0,1,480,무용+한국음악,무용,한국음악,0.32857142857142857,0.3567857142857143,0.42517804824862426,35.46102640034003,33.45797140198236,0.2616822429906542,False
누모리쇼,복합,호남,예술의 전당 [광주] (구. 광주문화예술회관),0.5813492063492064,1,293.0,293.0,7460.750853242321,2186000.0,8,504,한국음악+뮤지컬,한국음악,뮤지컬,0.2342857142857143,0.32985714285714285,0.5090177091882958,30.31916596332512,33.42933287468898,0.25,False
"제2회 시민과 함께하는 남양주 예술제, 함께 피어 아름다운 꽃 예술花",복합,경인,다산아트홀,0.6794354838709677,1,337.0,337.0,979.2284866468842,330000.0,2,496,한국음악+무용,한국음악,무용,0.3142857142857143,0.3585714285714286,0.4484963248240721,35.106440879964005,33.103385881606336,0.2523364485981308,False
방귀 며느리 [통영],복합,영남,통영시민문화회관,0.5681818181818182,1,500.0,500.0,1140.0,570000.0,4,880,연극+한국음악,연극,한국음악,0.22714285714285715,0.44500000000000006,0.4773711665327097,32.24250547221052,32.805491601674284,0.2857142857142857,False
"장한나의 대전그랜드페스티벌, 첼로가야금 콘서트 [대전]",복합,충청,대전예술의전당,0.609642301710731,1,392.0,392.0,10989.795918367348,4308000.0,7,643,한국음악+무용,한국음악,무용,0.26,0.39185714285714285,0.48586742688157564,33.321808268105954,32.77474897548736,0.2033898305084746,False
유토피아: 항해 [경기 광주],복합,경인,남한산성아트홀,0.5799614643545279,1,602.0,602.0,2735.8803986710964,1647000.0,8,1038,,,,0.23,0.494,0.5680962408779945,34.66301904670384,32.65996404834617,0.24299065420560748,False
"그림 읽어주는 베토벤, THE CONCERT: 플란다스의 개 [울산]",복합,영남,울산문화예술회관,0.415266106442577,2,1186.0,593.0,11862.74873524452,7034610.0,5,1428,서양음악+뮤지컬,서양음악,뮤지컬,0.15571428571428572,0.7755,0.506608316869541,31.913411536159757,32.47639766562352,0.2755102040816326,False
허튼소리 Corea Beats [오산],복합,경인,오산문화예술회관,0.6,1,480.0,480.0,1741.6666666666667,836000.0,2,800,한국음악+무용,한국음악,무용,0.25142857142857145,0.43185714285714283,0.5093701592982668,34.057757261107,32.05470226274933,0.2336448598130841,False
Invocation,복합,서울,게토얼라이브,0.7333333333333333,1,55.0,55.0,9454.545454545454,520000.0,1,75,대중음악+연극,대중음악,연극,0.3692857142857143,0.2139285714285714,0.37656716253852035,31.472437531840885,32.052869140172746,0.304635761589404,False
"쿼드초이스, 서도와 은미: 만병통치樂",복합,서울,서울문화재단 대학로극장 쿼드(예술청),0.5161290322580645,3,576.0,192.0,29097.222222222223,5586666.666666667,5,372,무용+한국음악,무용,한국음악,0.2,0.6438571428571429,0.32256317710833887,31.25178377591704,31.8322153842489,0.2980132450331126,False
"제24회 대전국제음악제 DCMF, 앙상블 콘쿠오레: 쇤베르크의 밤 150 [대전]",복합,충청,대전예술의전당,0.5847589424572317,1,376.0,376.0,2760.6382978723404,1038000.0,7,643,서양음악+한국음악,서양음악,한국음악,0.23857142857142857,0.38485714285714284,0.5202979790986704,32.18470321993605,31.637643927317455,0.1864406779661017,False
요리조리 벌룬쉐프,복합,서울,송파어린이문화회관,0.564935064935065,2,174.0,119.0,13362.06896551724,1162500.0,1,154,,,,0.22428571428571428,0.4719285714285714,0.3668671867522042,30.936092770661496,31.516524378993356,0.2913907284768212,False
"김남중의 쪽마루음악회, 낮별에서 밤별로: II.풍청월랑, 맑은 바람 달에 스치우고",복합,서울,클래식고택 [서촌],0.9,1,27.0,27.0,60000.0,1620000.0,0,30,,,,0.5414285714285715,0.20635714285714285,0.13607182869547974,30.754599874165756,31.335031482497616,0.2847682119205298,False
알랭(Alain),복합,서울,서울문화재단 대학로극장 쿼드(예술청),0.4462365591397849,4,664.0,166.0,1025.6024096385545,170250.0,5,372,,,,0.16857142857142857,0.6770714285714285,0.41735828216551035,30.667906969168147,31.248338577500007,0.2781456953642384,False
왕은 즐긴다: 리골레토 [김포],복합,경인,김포아트홀,0.6202783300198808,1,312.0,312.0,2961.538461538461,924000.0,4,503,,,,0.27,0.3472857142857143,0.5144329955185432,33.12483479576723,31.121779797409555,0.22429906542056074,False
앙리 마티스 色을 노래하다,복합,경인,인천문화예술회관,0.6208708708708709,1,827.0,827.0,46628.77871825876,38562000.0,7,1332,,,,0.2742857142857143,0.5559285714285714,0.2427750324116832,33.08629189936997,31.083236901012295,0.21495327102803738,False
"재즈앳에무, Black Forest",복합,서울,복합문화공간에무,0.7,1,70.0,70.0,14571.42857142857,1020000.0,3,100,한국음악+무용,한국음악,무용,0.33285714285714285,0.22964285714285715,0.3500549652703885,30.079601020024644,30.660032628356504,0.271523178807947,False
"트라이보울 예술아카데미: 자라는 예술, 소년기 (4.20)",복합,경인,트라이보울,0.6666666666666666,1,200.0,200.0,8390.0,1678000.0,5,300,연극+대중음악,연극,대중음악,0.30142857142857143,0.288,0.479920667487061,32.632011439920504,30.62895644156283,0.205607476635514,False
"평균율 너머, 우주 5회차: 왕혜인 Ⅹ 선지우 (9.21)",복합,서울,사진가 김신중의 스튜디오,0.8,1,12.0,12.0,20000.0,240000.0,0,15,서양음악+한국음악,서양음악,한국음악,0.4142857142857143,0.19607142857142856,0.24776049055605187,29.86624912094741,30.44668072927927,0.26490066225165565,False
방구 대 방구 [의정부],복합,경인,우리소극장 [의정부],0.63,2,63.0,36.0,14900.0,469350.0,5,50,뮤지컬+연극,뮤지컬,연극,0.28,0.4263571428571429,0.3097366292095169,32.41228076027602,30.409225761918346,0.19626168224299065,False
"신은미, 유진규, 배일동이 떠나는 신유배 기행",복합,영남,현장아트홀,0.6788990825688074,1,74.0,74.0,10945.945945945949,810000.0,1,109,연극+뮤지컬,연극,뮤지컬,0.31285714285714283,0.23235714285714285,0.3786495246677817,29.728112025856024,30.291098155319794,0.2653061224489796,False
밤이 없는 여름,복합,서울,신촌문화발전소,0.5,6,150.0,25.0,5826.666666666667,145666.66666666666,4,50,,,,0.1957142857142857,0.5086428571428572,0.3763388181349134,29.706463432980502,30.286895041312363,0.2582781456953642,False
"가족과 함께하는 카툰 콘서트, 셜록홈즈 With POLYSYMPHONIC [대전]",복합,충청,대전예술의전당,0.4482535575679172,1,693.0,693.0,5297.258297258297,3671000.0,7,1546,대중음악+한국음악,대중음악,한국음악,0.17,0.5257142857142857,0.5923177367360819,30.616838391219257,30.069779098600662,0.1694915254237288,False
"예술창작활동지원사업 선정 프로젝트, Live, Electronics in Forest",복합,서울,서울시립청소년음악센터,0.625,1,100.0,100.0,3150.0,315000.0,0,160,한국음악+서양음악,한국음악,서양음악,0.27714285714285714,0.24414285714285713,0.44511532669661497,29.33185716625758,29.91228877458944,0.25165562913907286,False
"김주원의 사색여정 with 무용가 김매자, 배정혜, 국수호 그리고 이정윤의 별",복합,경인,광명문화예술교육지원센터 광명극장,0.625,1,300.0,300.0,16520.0,4956000.0,1,480,무용+대중무용,무용,대중무용,0.27714285714285714,0.3354285714285714,0.4158839413559807,31.82924161546124,29.826186617103566,0.18691588785046728,False
피터와 늑대 [부산],복합,영남,부산문화회관,0.3691094941094941,37,4261.0,1.0,8443.55785026989,972378.3783783783,7,312,서양음악+연극,서양음악,연극,0.13714285714285715,0.7851428571428571,0.43320753474632084,29.13469004047171,29.69767616993548,0.25510204081632654,False
뮤지컬군과 오페라양의 사랑이야기 [수원],복합,경인,경기아트센터(구. 경기도문화의전당),0.599601593625498,1,301.0,301.0,4833.887043189368,1455000.0,4,502,서양음악+뮤지컬,서양음악,뮤지컬,0.24857142857142858,0.3374285714285714,0.5189020401907505,31.564378008301425,29.561323009943752,0.17757009345794392,False
"자선콘서트, 늦가을 이야기소리 [제주]",복합,제주,제주종합경기장,0.4662962962962963,1,2518.0,1.0,733.9158061953932,1848000.0,3,5400,한국음악+대중무용,한국음악,대중무용,0.17857142857142858,0.4675714285714286,0.5790468342669524,30.15804010463807,29.47681250985117,0.375,False
Orange Music,복합,서울,게토얼라이브,0.6666666666666666,1,50.0,50.0,3500.0,175000.0,1,75,서양음악+대중음악,서양음악,대중음악,0.30142857142857143,0.21135714285714285,0.4149183231390382,28.886159789110195,29.466591397442055,0.24503311258278146,False
"해금병창, 사철에 꽃길로 님을 모십니다",복합,서울,게토얼라이브,0.6666666666666666,1,50.0,50.0,6800.0,340000.0,1,75,대중음악+한국음악,대중음악,한국음악,0.30142857142857143,0.21135714285714285,0.39881218496702237,28.658336005400958,29.23876761373282,0.23841059602649006,False
"김주원의 사색여정 with 소프라노 황수미, 선물",복합,경인,광명문화예술교육지원센터 광명극장,0.625,1,300.0,300.0,23233.33333333333,6970000.0,1,480,무용+서양음악,무용,서양음악,0.27714285714285714,0.3354285714285714,0.36170772825188247,30.95304779605947,28.949992797701796,0.16822429906542055,False
"박순아 & 키무라 슌스케: mortal, immortal",복합,서울,게토얼라이브,0.6666666666666666,1,50.0,50.0,9400.0,470000.0,1,75,한국음악+뮤지컬,한국음악,뮤지컬,0.30142857142857143,0.21135714285714285,0.3774737081016836,28.34488034304646,28.92531195137832,0.23178807947019867,False
모래의 마법사,복합,영남,초록마술극장,0.3775,8,604.0,23.0,10447.019867549669,788750.0,0,100,무용+서양음악,무용,서양음악,0.14214285714285715,0.6478571428571429,0.38195910287063983,27.302955968702204,27.865942098165974,0.22959183673469388,False
모래의 마법사,복합,영남,초록마술극장,0.3775,8,604.0,23.0,10447.019867549669,788750.0,0,100,무용+서양음악,무용,서양음악,0.14214285714285715,0.6478571428571429,0.38195910287063983,27.302955968702204,27.865942098165974,0.22959183673469388,False
모래의 마법사,복합,영남,초록마술극장,0.3775,8,604.0,23.0,10447.019867549669,788750.0,0,100,무용+서양음악,무용,서양음악,0.14214285714285715,0.6478571428571429,0.38195910287063983,27.302955968702204,27.865942098165974,0.22959183673469388,False
모래의 마법사,복합,영남,초록마술극장,0.3775,8,604.0,23.0,10447.019867549669,788750.0,0,100,무용+서양음악,무용,서양음악,0.14214285714285715,0.6478571428571429,0.38195910287063983,27.302955968702204,27.865942098165974,0.22959183673469388,False
"프리뮤직 콘서트: 강태환, 김덕수, 최선배 등",복합,서울,게토얼라이브,0.7333333333333333,1,55.0,55.0,52363.63636363636,2880000.0,1,75,한국음악+서양음악,한국음악,서양음악,0.3692857142857143,0.2139285714285714,0.17853732138069128,27.108637736809438,27.6890693451413,0.2251655629139073,False
"김주원의 사색여정 with 반도네오니스트 고상지, 축제",복합,경인,광명문화예술교육지원센터 광명극장,0.6354166666666666,1,305.0,305.0,38013.11475409836,11594000.0,1,480,무용+서양음악,무용,서양음악,0.2814285714285714,0.34385714285714286,0.2721116604341651,29.685675695043756,27.682620696686083,0.1588785046728972,False
수원시민과 함께하는 수원시립예술단 송년음악회,복합,경인,수원SK아트리움,0.4926315789473684,1,468.0,468.0,8329.059829059828,3898000.0,5,950,서양음악+뮤지컬,서양음악,뮤지컬,0.18571428571428572,0.4271428571428571,0.5431406074943879,29.551331611063897,27.548276612706225,0.14953271028037382,False
"김남중의 쪽마루음악회, 낮별에서 밤별로: III.일필휘지, 붓 끝에 써내려간 멜로",복합,서울,클래식고택 [서촌],0.8,1,24.0,24.0,60000.0,1440000.0,0,30,,,,0.4142857142857143,0.20507142857142857,0.13183101023397042,26.68240931142809,27.26284091975995,0.2185430463576159,False
"쿼드초이스, 무토(MUTO) x 입과손스튜디오: 두개의 눈",복합,서울,서울문화재단 대학로극장 쿼드(예술청),0.3548387096774194,5,660.0,132.0,13166.666666666666,1738000.0,5,372,한국음악+대중음악,한국음악,대중음악,0.12714285714285714,0.6756428571428571,0.4009663995660834,26.404791129351533,26.985222737683394,0.2119205298013245,False
내시십분 콘서트 [부산],복합,영남,더 바이널 언더그라운드,0.6,1,30.0,30.0,6666.666666666667,200000.0,0,50,대중음악+연극,대중음악,연극,0.25142857142857145,0.20707142857142857,0.3805190654168504,25.770251209127686,26.333237338591456,0.20408163265306123,False
나다 뮤직페스티벌 (NADA Art & Music Festival),복합,서울,성북미디어문화마루 꿈빛극장,0.5493827160493827,1,178.0,178.0,22022.47191011236,3920000.0,0,324,대중음악+대중무용,대중음악,대중무용,0.21571428571428572,0.2795714285714286,0.35220580828291703,25.71855665949932,26.29898826783118,0.2052980132450331,False
커피콘서트 Ⅲ. 책 읽어주는 큐레이터: 리어왕,복합,경인,인천동구문화체육센터,0.5676767676767677,1,281.0,281.0,17633.451957295372,4955000.0,1,495,서양음악+대중음악,서양음악,대중음악,0.2257142857142857,0.32542857142857146,0.40149060253624547,28.26515063284573,26.26209563448806,0.14018691588785046,False
月간 경지: 두개의 Moon,복합,경인,계양문화회관,0.4930817610062893,1,392.0,392.0,1581.6326530612246,620000.0,2,795,한국음악+대중음악,한국음악,대중음악,0.18714285714285714,0.39185714285714285,0.48001833844719727,28.201780233376844,26.19872523501917,0.1308411214953271,False
"발레와 국악의 조합, 마블링 [포항]",복합,영남,포항시청 대잠홀,0.4991624790619765,1,298.0,10.0,7916.107382550335,2359000.0,5,597,무용+대중무용,무용,대중무용,0.19285714285714287,0.2601428571428571,0.5107940024939538,25.634838979351265,26.197825108815035,0.19387755102040816,False
"미술관 옆 오페라하우스 Ⅱ, 오페라 나비부인&투란도트",복합,영남,부산문화회관,0.4495530012771392,1,352.0,352.0,22133.522727272728,7791000.0,7,783,,,,0.17285714285714285,0.368,0.3769472868043539,25.342773090333136,25.905759219796906,0.1836734693877551,False
"미술관 옆 오페라하우스 Ⅲ, 오페라 라 트라비아타",복합,영남,부산문화회관,0.4495530012771392,1,352.0,352.0,22150.56818181818,7797000.0,7,783,,,,0.17285714285714285,0.368,0.37532720079833237,25.320951344643174,25.883937474106943,0.17346938775510204,False
신년콘서트 [거창],복합,영남,거창문화센터,0.5422740524781341,1,372.0,372.0,54180.10752688172,20155000.0,4,686,한국음악+대중음악,한국음악,대중음악,0.21142857142857144,0.382,0.20333823604531256,25.052130014143486,25.615116143607256,0.16326530612244897,False
와따가따 가족극장 겨울축제 [서울 노원],복합,서울,노원어린이극장 (구.노원어울림극장),0.5882352941176471,1,120.0,120.0,36000.0,4320000.0,6,204,연극+한국음악,연극,한국음악,0.24142857142857144,0.2502857142857143,0.269926896787259,24.955965881685476,25.536397490017336,0.1986754966887417,False
별세계 [세종],복합,충청,세종문화예술회관,0.4418052256532066,1,372.0,148.0,9053.763440860215,3368000.0,2,842,,,,0.16714285714285715,0.32785714285714285,0.5130703510678258,25.60263645936179,25.0555771667432,0.15254237288135594,False
"미술관 옆 오페라하우스 Ⅰ, 오페라 카르멘",복합,영남,부산문화회관,0.4495530012771392,1,352.0,352.0,36778.40909090909,12946000.0,7,783,,,,0.17285714285714285,0.368,0.2875204162627897,24.006660372901212,24.569646502364982,0.15306122448979592,False
미드-필ㄷ-ㅓ: 접촉면에 한하여,복합,서울,아르코예술극장,0.406060606060606,3,134.0,44.0,28679.10447761194,1281000.0,2,110,,,,0.15142857142857144,0.4785714285714286,0.2589545477397546,23.808533807513495,24.388965415845355,0.19205298013245034,False
동행 [대구],복합,영남,수성아트피아,0.3572044866264021,1,414.0,414.0,1000.0,414000.0,3,1159,서양음악+뮤지컬,서양음악,뮤지컬,0.13142857142857142,0.4,0.46218112249400284,23.600724305912944,24.163710435376714,0.14285714285714285,False
음악과 글쓰기 콘서트: 사이·회상,복합,서울,김희수아트센터,0.3571428571428571,2,100.0,50.0,3920.0,196000.0,3,140,한국음악+서양음악,한국음악,서양음악,0.12928571428571428,0.4392142857142857,0.4127148000208787,23.53467554613643,24.11510715446829,0.18543046357615894,False
"TABLAO DE NUEVO, POR EL MAR [제주]",복합,제주,세이레아트센터,0.5833333333333334,1,70.0,70.0,23285.714285714286,1630000.0,2,120,연극+서양음악,연극,서양음악,0.23714285714285716,0.22964285714285715,0.29718182770506935,24.571142824737947,23.88991522995105,0.25,False
"하슬라국제예술제, 고귀한 두 여신이여 (10.18)",복합,기타,강릉아트센터 (구. 강릉문화예술관),0.375514403292181,1,365.0,365.0,13715.068493150686,5006000.0,7,972,서양음악+무용,서양음악,무용,0.13857142857142857,0.37542857142857144,0.4510149771962569,23.661007663094892,23.85478762582947,0.13333333333333333,False
다페르튜토 쿼드,복합,서울,서울문화재단 대학로극장 쿼드(예술청),0.2688172043010752,18,1800.0,100.0,11908.888888888889,1190888.888888889,5,372,,,,0.09071428571428572,0.7884285714285715,0.38963714153656787,23.227294080965137,23.807725689296998,0.17880794701986755,False
제4회 마두금 연주회: 마이동풍,복합,서울,오디오가이스튜디오,0.5,1,50.0,50.0,6400.0,320000.0,3,100,대중음악+한국음악,대중음악,한국음악,0.1957142857142857,0.21135714285714285,0.4004387554683848,23.111256787536288,23.691688395868148,0.17218543046357615,False
"영화, 음악으로 만나는 보다, 듣다, 만나다 BUSAN",복합,서울,백암아트홀,0.4148681055155875,1,173.0,173.0,2289.0173410404623,396000.0,3,417,,,,0.15428571428571428,0.2784285714285714,0.46037219030833665,22.919166189368976,23.499597797700837,0.16556291390728478,False
예술로 fantastic collaboration!,복합,영남,에이치아츠(H-Art),0.5,1,15.0,15.0,10.0,150.0,0,30,서양음악+뮤지컬,서양음악,뮤지컬,0.1957142857142857,0.20149999999999998,0.38764168003474575,22.634967337501593,23.197953466965362,0.1326530612244898,False
In & Around C,복합,서울,플랫폼-엘 컨템포러리 아트센터,0.3488372093023256,3,180.0,60.0,24844.444444444445,1490666.6666666667,3,172,대중음악+서양음악,대중음악,서양음악,0.12571428571428572,0.4963571428571429,0.27810462457226287,22.247040274170786,22.827471882502646,0.15894039735099338,False
JAZZ & 국악 With 웅산 [군산],복합,호남,군산예술의전당,0.285,1,342.0,342.0,18921.052631578947,6471000.0,4,1200,한국음악+뮤지컬,한국음악,뮤지컬,0.1,0.36242857142857143,0.39875910316702295,19.404785672217624,22.51495258358149,0.21875,False
"트라이보울 예술아카데미: 잘 아는 예술, 노년기 (10.19)",복합,경인,트라이보울,0.3583333333333333,2,215.0,15.0,1613.953488372093,173500.0,5,300,대중음악+서양음악,대중음악,서양음악,0.13285714285714287,0.454,0.4183243900661944,24.160829880439778,22.157774882082105,0.12149532710280374,False
화합콘서트 동행 [전남 영광],복합,호남,영광예술의전당,0.3160621761658031,1,183.0,183.0,811.4754098360655,148500.0,5,579,한국음악+서양음악,한국음악,서양음악,0.10857142857142857,0.2814285714285714,0.41542157860784185,18.89583301301318,22.005999924377047,0.1875,False
"제22회 전주세계소리축제, re:Orient [전주]",복합,호남,한국소리문화의전당,0.3398058252427184,1,70.0,70.0,5285.714285714285,370000.0,8,206,무용+대중무용,무용,대중무용,0.12142857142857143,0.22964285714285715,0.42481026064441013,18.88492763115812,21.995094542521986,0.15625,False
"제14회 부산마루국제음악제, 프롬나드 콘서트IV, 지브리 WITH 샌드아트",복합,영남,부산문화회관,0.3034580098800282,1,430.0,398.0,15697.67441860465,6750000.0,7,1417,서양음악+연극,서양음악,연극,0.10571428571428572,0.40264285714285714,0.4362476267937365,20.964738760789395,21.527724890253165,0.12244897959183673,False
BACH X MOVEMENT season2,복합,서울,문화비축기지,0.46,1,92.0,92.0,34239.13043478261,3150000.0,3,200,,,,0.1757142857142857,0.2377142857142857,0.2661598034679816,20.9049249974502,21.48535660578206,0.152317880794702,False
미디어아트 아이스 쇼 G-SHOW,복합,서울,목동 아이스링크,0.2434111111111111,18,21907.0,1.0,33250.58657050258,40467811.11111111,4,5000,,,,0.07428571428571429,0.7851428571428571,0.32959562242922635,20.301753203370374,20.882184811702235,0.1456953642384106,False
코미디 애니멀 쇼 [부천],복합,경인,뉴코아소극장 [부천],0.3359375,4,215.0,61.0,12000.0,645000.0,6,160,무용+대중음악,무용,대중음악,0.11428571428571428,0.5208571428571429,0.35088000232798894,22.544638934685164,20.54158393632749,0.11214953271028037,False
서도와 은미: 만병통치樂 [화성],복합,경인,화성아트홀,0.3392330383480826,2,460.0,230.0,43930.434782608696,10104000.0,0,678,무용+서양음악,무용,서양음악,0.12,0.5825,0.25027606008796277,22.32869100854331,20.325636010185637,0.102803738317757,False
뮤즈하모니 신년음악회: 팝페라 X 국악,복합,경인,김포아트홀,0.3896620278330019,1,196.0,196.0,17346.938775510203,3400000.0,4,503,서양음악+한국음악,서양음악,한국음악,0.14857142857142858,0.2857142857142857,0.3894592444976195,21.919954066517576,19.916899068159903,0.09345794392523364,False
온가족이 함께하는 유모차 콘서트 [대전],복합,충청,조이마루아트홀 (복합문화공간 플랜에이),0.2780612244897959,6,327.0,55.0,25908.256880733945,1412000.0,5,196,서양음악+연극,서양음악,연극,0.09714285714285714,0.5665714285714285,0.27229625193748636,20.262366663743617,19.71530737112502,0.13559322033898305,False
"제896회 전남도립국악단 토요가무악희 시즌3, 그린국악",복합,호남,남도소리울림터,0.2544802867383512,1,142.0,142.0,1676.056338028169,238000.0,1,558,뮤지컬+한국음악,뮤지컬,한국음악,0.08571428571428572,0.2592857142857143,0.43358537710260975,16.5224751509961,19.632642062359967,0.125,False
"삼국유사교육문화회관 기획공연, 진조크루X악단광칠: 리듬오브코리아 (11월)",복합,영남,군위 삼국유사교육문화회관,0.321353065539112,1,152.0,152.0,9190.78947368421,1397000.0,6,473,,,,0.11,0.26942857142857146,0.43801615443939573,18.972626741338694,19.535612870802463,0.11224489795918367,False
Acculturation (문화접변) 求音 (구음),복합,서울,김희수아트센터,0.3571428571428571,1,50.0,50.0,2800.0,140000.0,3,140,한국음악+뮤지컬,한국음악,뮤지컬,0.12928571428571428,0.21135714285714285,0.41347883693486137,18.904752920567322,19.485184528899183,0.1390728476821192,False
"브런치 콘서트, 김효영의 아름답고 신비한 생황의 초대 (6월)",복합,영남,안동문화예술의전당,0.3478260869565217,1,96.0,1.0,8395.833333333334,806000.0,7,276,한국음악+서양음악,한국음악,서양음악,0.12428571428571429,0.21128571428571427,0.4233643258658802,18.621493017276016,19.184479146739786,0.10204081632653061,False
윤지원 AUDIOVISUAL MUSIC CONCERT: sonic illusion,복합,서울,세종문화회관,0.33,1,99.0,99.0,2828.282828282828,280000.0,3,300,,,,0.11285714285714285,0.24014285714285713,0.44108285985658796,18.591287374323404,19.171718982655264,0.13245033112582782,False
제9회 사랑앤 뇌병변 장애인을 위한 자선음악회,복합,서울,한국성서대학교,0.2941176470588235,1,200.0,200.0,550.0,110000.0,0,680,서양음악+뮤지컬,서양음악,뮤지컬,0.10357142857142858,0.288,0.4105532573511789,18.54008112114105,19.12051272947291,0.12582781456953643,False
"시네마 클래식, 꽃피는 봄이 오면",복합,경인,남동소래아트홀,0.5561877667140825,1,391.0,391.0,105447.5703324808,41230000.0,2,703,서양음악+한국음악,서양음악,한국음악,0.22142857142857142,0.39057142857142857,0.07195748937305695,20.967283655966863,18.96422865760919,0.08411214953271028,False
"META MUSICA Ⅹ 파사지오 앙상블, 프론티어 스피릿",복합,서울,일신홀,0.3386243386243386,1,64.0,64.0,1062.5,68000.0,1,189,,,,0.11714285714285715,0.22714285714285715,0.39970483644292043,18.263983752223954,18.844415360555814,0.11920529801324503,False
"전주세계소리축제 개막공연, 상생과 회복 [전주]",복합,호남,한국소리문화의전당,0.1993127147766323,1,406.0,406.0,9815.27093596059,3985000.0,8,2037,한국음악+서양음악,한국음악,서양음악,0.055714285714285716,0.39864285714285713,0.5067738312228801,15.635843528537718,18.746010439901582,0.09375,False
"제27회 광주소극장축제, 빛과 모래가 들려주는 음연동화",복합,호남,국립아시아문화전당,0.2055555555555555,3,74.0,1.0,15000.0,370000.0,6,120,,,,0.06142857142857143,0.4535,0.29963034174018693,15.362983111100945,18.47315002246481,0.0625,False
"그, 그, 그: 그림자 그리고 그대",복합,서울,대학로 이음센터(한국장애인문화예술원),0.245,5,98.0,22.0,12000.0,235200.0,4,80,,,,0.07714285714285714,0.48964285714285716,0.3139506866464093,17.782137921433655,18.362569529765516,0.11258278145695365,False
발칙한 세여자의 세계음악여행,복합,영남,부산예술대학교 원곡예술관,0.3367003367003367,1,200.0,200.0,45000.0,9000000.0,0,594,서양음악+연극,서양음악,연극,0.11571428571428571,0.288,0.2398211489839477,17.599030000996677,18.162016130460447,0.09183673469387756,False
Swing Train(스윙 트레인),복합,서울,오류아트홀,0.273972602739726,1,100.0,100.0,2400.0,240000.0,5,365,한국음악+무용,한국음악,무용,0.09428571428571429,0.24414285714285713,0.4364069915619363,17.040977165865115,17.621408774196976,0.10596026490066225,False
"중섭, 빛깔 있는 꿈 [서귀포]",복합,제주,김정문화회관,0.2096969696969697,5,346.0,92.0,4488.439306358381,310600.0,7,330,,,,0.06428571428571428,0.5768571428571428,0.4251525823035048,18.117016652201542,17.435789057414645,0.125,False
"지박컨템포러리시리즈 Vol.24, 음악전시: blur",복합,서울,서울문화재단 대학로극장 쿼드(예술청),0.2688172043010752,1,100.0,100.0,13680.0,1368000.0,5,372,서양음악+한국음악,서양음악,한국음악,0.09071428571428572,0.24414285714285713,0.3711534639347618,16.18235607356251,16.76278768189437,0.09933774834437085,False
피콜리스트 김원미 & 안디아모 콘서트 [안동],복합,영남,안동문화예술의전당,0.2717391304347826,1,75.0,1.0,8920.0,669000.0,7,276,서양음악+한국음악,서양음악,한국음악,0.09285714285714286,0.20914285714285713,0.3985969850636003,15.854310930668133,16.4172970601319,0.08163265306122448,False
"수면콘서트, 베스트드림콘서트",복합,서울,세빛섬,0.2763636363636363,1,152.0,152.0,43552.63157894737,6620000.0,3,550,서양음악+연극,서양음악,연극,0.09571428571428571,0.26942857142857146,0.24469794741330267,15.752429374228171,16.33286098256003,0.09271523178807947,False
"브라소닛 빅밴드와 앰비규어스댄스컴퍼니, Body ＆ Voice [안동]",복합,영남,안동문화예술의전당,0.2454728370221328,1,244.0,1.0,12885.245901639344,3144000.0,7,994,무용+대중음악,무용,대중음악,0.08,0.246,0.43878434480104045,15.749825647583279,16.31281177704705,0.07142857142857142,False
베스트슬립 수면콘서트,복합,서울,세빛섬,0.28,1,154.0,1.0,35000.0,5390000.0,3,550,서양음악+대중음악,서양음악,대중음악,0.09857142857142857,0.22692857142857142,0.28354663921323325,15.637494859138743,16.217926467470605,0.08609271523178808,False
"브라소닛 빅밴드와 앰비규어스댄스컴퍼니, Body ＆ Voice [부천]",복합,경인,부천시민회관,0.2632084534101825,1,274.0,274.0,12379.56204379562,3392000.0,4,1041,대중음악+무용,대중음악,무용,0.08714285714285715,0.31957142857142856,0.45169881516427224,17.88364626406469,15.880591265707018,0.07476635514018691,False
"제3회 더 패스 정기연주회, 한 여름밤의 악몽",복합,충청,대전시립연정국악원,0.2453333333333333,1,184.0,184.0,2228.260869565217,410000.0,6,750,서양음악+한국음악,서양음악,한국음악,0.07857142857142857,0.28214285714285714,0.46127724755665733,16.42727204811056,15.880212755491966,0.11864406779661017,False
"공익활동을 위한 기금 마련 콘서트, 당신이 있어 참 좋다!",복합,서울,관악아트홀 (구. 관악문화관),0.2914285714285714,1,204.0,204.0,62941.17647058824,12840000.0,2,700,대중음악+서양음악,대중음악,서양음악,0.10142857142857142,0.29014285714285715,0.15917460600814667,15.213827091073446,15.794258699405308,0.07947019867549669,False
수상한스테이지 (5월),복합,서울,수상한창고,0.1999999999999999,2,14.0,5.0,15000.0,105000.0,0,35,대중음악+서양음악,대중음악,서양음악,0.05714285714285714,0.40571428571428575,0.2686891473427841,14.021584407255608,14.60201601558747,0.0728476821192053,False
주창회 정기연주회: 현대음악 그리고 사계예찬 [대전],복합,충청,대전예술의전당,0.2363919129082426,1,152.0,152.0,1315.7894736842106,200000.0,7,643,서양음악+뮤지컬,서양음악,뮤지컬,0.06857142857142857,0.26942857142857146,0.42790507394349403,14.909881109927294,14.362821817308701,0.1016949152542373,False
하우스콘서트 아리아리동동(同同) [함양],복합,영남,함양문화예술회관,0.205761316872428,1,100.0,100.0,980.0,98000.0,2,486,연극+대중음악,연극,대중음악,0.06285714285714286,0.24414285714285713,0.4056461418275824,13.711974438646699,14.274960568110469,0.061224489795918366,False
크리스마스 칸타타 [부산],복합,영남,벡스코 (BEXCO),0.0847669690334688,8,2168.0,271.0,6350.553505535056,1721000.0,6,3197,서양음악+뮤지컬,서양음악,뮤지컬,0.025714285714285714,0.8137142857142856,0.5133868493059538,13.192216278242999,13.755202407706768,0.05102040816326531,False
테너 조용갑과 함께하는 5人 5色 Concert 오페라 & 크로스오버,복합,서울,광림아트센터,0.1924959216965742,1,118.0,118.0,847.457627118644,100000.0,6,613,연극+한국음악,연극,한국음악,0.054285714285714284,0.24871428571428572,0.4076137128168062,12.826340201950023,13.406771810281885,0.06622516556291391,False
깽판: 우리가 살판 [양주],복합,경인,양주문화예술회관,0.2234042553191489,1,210.0,210.0,2095.2380952380954,440000.0,3,940,뮤지컬+한국음악,뮤지컬,한국음악,0.06714285714285714,0.293,0.46578490627010294,15.388535023183444,13.385480024825771,0.06542056074766354,False
"프리즘홀 10주년 기념공연, 다브다 X 제이통: A.D.10",복합,서울,프리즘홀(프리즘플러스),0.2375,1,19.0,19.0,38000.0,722000.0,1,80,대중음악+뮤지컬,대중음악,뮤지컬,0.07,0.20192857142857143,0.18840037818410793,11.725320050192787,12.305751658524649,0.059602649006622516,False
고암 이응노 우리에게 보내는 희망편지 [충남],복합,충청,충남도청 문예회관,0.1842105263157894,1,154.0,154.0,506.4935064935065,78000.0,8,836,,,,0.05142857142857143,0.27135714285714285,0.40169177743427126,12.777420753706185,12.230361461087591,0.0847457627118644,False
국립극장 달빛 상영회,복합,서울,국립극장,0.0819000819000819,3,300.0,100.0,7320.0,732000.0,5,1221,한국음악+연극,한국음악,연극,0.025714285714285714,0.5371428571428571,0.42324918181108345,11.205555719584867,11.785987327916729,0.052980132450331126,False
"고스트쉽, 코마 [세종]",복합,충청,세종예술의전당,0.0252100840336134,70,1890.0,27.0,9423.280423280425,254428.57142857145,1,1071,,,,0.025714285714285714,0.7718571428571428,0.3510244168777748,12.034159854965724,11.48710056234713,0.06779661016949153,False
[데이터 분리] 바흐 Ⅹ 무브먼트 (패키지) (앵콜),복합,서울,서울문화재단 대학로극장 쿼드(예술청),0.1881720430107527,1,70.0,70.0,44800.0,3136000.0,5,372,서양음악+뮤지컬,서양음악,뮤지컬,0.05285714285714286,0.22964285714285715,0.21576480194444453,10.880875580316063,11.461307188647925,0.046357615894039736,False
"제26회 광주소극장축제 공식참여작, 암향환향",복합,호남,광주 민들레소극장,0.02,1,3.0,3.0,10000.0,30000.0,0,150,연극+무용,연극,무용,0.025714285714285714,0.19607142857142856,0.30561039137208834,7.759703907374236,10.869870818738102,0.03125,False
룰루랄라와 함께하는 동화책 콘서트,복합,충청,아트그라운드 플래닌,0.0561884236453201,28,365.0,39.0,9665.753424657534,126000.0,0,232,연극+한국음악,연극,한국음악,0.025714285714285714,0.6031428571428571,0.3250086836190284,11.005056641901087,10.457997349282493,0.05084745762711865,False
"이장희 프로젝트, 비인집: Home & Home [대구]",복합,영남,꿈꾸는씨어터,0.0208333333333333,2,5.0,1.0,10000.0,25000.0,1,120,연극+대중음악,연극,대중음악,0.025714285714285714,0.40571428571428575,0.303253478045591,9.636392493831584,10.199378623295352,0.04081632653061224,False
요리조리 벌룬쉐프의 동화이야기,복합,서울,연희예술극장,0.0347826086956521,6,24.0,3.0,20000.0,80000.0,2,115,,,,0.025714285714285714,0.4717857142857143,0.22861431774638402,9.528649530795752,10.109081139127614,0.039735099337748346,False
카이스트 x 대전예당 공연실험실: X-Space,복합,충청,대전예술의전당,0.1695178849144634,2,218.0,99.0,13541.284403669724,1476000.0,7,643,,,,0.025714285714285714,0.4776428571428572,0.38220072265909133,10.599283772185938,10.052224479567345,0.03389830508474576,False
부산국제공연예술마켓 (BPAM) (전일권),복합,영남,부산문화회관,0.0705716302046577,1,100.0,100.0,2000.0,200000.0,7,1417,한국음악+연극,한국음악,연극,0.025714285714285714,0.24414285714285713,0.42790507394349403,8.864411869680294,9.427397999144063,0.030612244897959183,False
그림자야 놀자 [부천],복합,경인,복사골문화센터,0.1657458563535911,6,180.0,30.0,2520.555555555556,75616.66666666667,3,181,연극+대중음악,연극,대중음악,0.025714285714285714,0.5179285714285714,0.4006991279912093,10.963062066576681,8.96000706821901,0.056074766355140186,False
PIUM Project 크리스마스 스페셜 콘서트 [대전],복합,충청,대전예술의전당,0.167529107373868,1,259.0,259.0,22046.332046332045,5710000.0,7,1546,서양음악+대중음악,서양음악,대중음악,0.025714285714285714,0.31157142857142855,0.3671515664761056,9.249613743210295,8.702554450591702,0.01694915254237288,False
"국악과 미디의 크로스오버 콘서트, 흡수 (吸收) [대구]",복합,영남,꿈꾸는씨어터,0.0166666666666666,1,2.0,2.0,5000.0,10000.0,1,120,,,,0.025714285714285714,0.19607142857142856,0.3654156669380404,8.042090558077001,8.60507668754077,0.02040816326530612,False
인어공주 [화성],복합,경인,마법의정원,0.114074074074074,27,308.0,12.0,15575.324675324677,177674.07407407407,2,100,,,,0.025714285714285714,0.5723571428571429,0.27235707463259123,10.457192357289937,8.454137358932265,0.04672897196261682,False
피노키오와 푸른고래 [인천],복합,경인,아띠홀,0.0924603174603174,14,233.0,12.0,15297.85407725322,254600.0,2,180,,,,0.025714285714285714,0.5483571428571429,0.2837125549987112,10.408352570123455,8.405297571765782,0.037383177570093455,False
"제11회 자문밖문화축제, 오프닝공연",복합,서울,서울아트센터,0.0170821791320406,2,37.0,25.0,77297.2972972973,1430000.0,0,1083,서양음악+한국음악,서양음악,한국음악,0.025714285714285714,0.4151428571428572,0.09961363329439216,7.766230205313435,8.346661813645296,0.033112582781456956,False
아트그룹 AMuse가 들려주는 지혜로운 전래동화 이야기 [대구],복합,영남,비원뮤직홀,0.145,1,29.0,1.0,18655.172413793105,541000.0,4,200,서양음악+연극,서양음악,연극,0.025714285714285714,0.19607142857142856,0.2811037404148223,7.631059703262888,8.194045832726658,0.01020408163265306,False
"최정주 아트앤뮤직 큐레이션, 음악이 흐르는 도시 베네치아",복합,서울,JCC 아트센터,0.1485714285714285,1,26.0,26.0,27461.53846153846,714000.0,4,175,서양음악+연극,서양음악,연극,0.025714285714285714,0.20592857142857143,0.23815028080803358,7.491562967093953,8.071994575425816,0.026490066225165563,False
"서린사랑의 작은음악회, The Identity: 너와 나의 정체성",복합,서울,선릉문화공간 제이드409,0.125,1,10.0,10.0,20000.0,200000.0,0,80,대중무용+뮤지컬,대중무용,뮤지컬,0.025714285714285714,0.19607142857142856,0.24293371344078782,7.411550706965446,7.9919823152973075,0.019867549668874173,False
어린왕자를 찾아서,복합,경인,우리소극장 [의정부],0.1233333333333333,6,37.0,3.0,14900.0,91883.33333333331,5,50,,,,0.025714285714285714,0.4717857142857143,0.2680569238599294,9.83685057394671,7.833795575589039,0.028037383177570093,False
"24시간 프로젝트 시즌6: 박지혁, 천지윤, 상흠, 박지선",복합,서울,도곡 율하우스,0.0333333333333333,1,1.0,1.0,30000.0,30000.0,0,30,,,,0.025714285714285714,0.19607142857142856,0.17885863270630178,6.971295752323127,7.551727360654988,0.013245033112582781,False
"유니세프 원주시후원회, 가을음악회 [원주]",복합,기타,원주백운아트홀,0.0218295218295218,1,21.0,1.0,30000.0,630000.0,4,962,,,,0.025714285714285714,0.19607142857142856,0.21903055227988352,7.259596224751263,7.4533761874858415,0.06666666666666667,False
"한하운의 삶과 시, 파랑새 [김포]",복합,경인,김포아트홀,0.0755467196819085,1,38.0,38.0,20000.0,760000.0,4,503,,,,0.025714285714285714,0.2085,0.27946161060323155,7.763963443830026,5.760908445472354,0.018691588785046728,False
"대한문화예술제전, 회.귀",복합,서울,국립국악원,0.2446808510638297,2,322.0,322.0,183540.37267080744,29550000.0,7,658,무용+한국음악,무용,한국음악,0.07571428571428572,0.5595,0.00024642172438601475,4.387981021293132,4.968412629624993,0.006622516556291391,False
키즈 마티네 콘서트 [김포],복합,경인,김포아트홀,0.0755467196819085,1,38.0,38.0,60000.0,2280000.0,4,503,뮤지컬+무용,뮤지컬,무용,0.025714285714285714,0.2085,0.1443002751382061,6.802561584109414,4.799506585751742,0.009345794392523364,False
